tree
version=v4
num_class=1
num_tree_per_iteration=1
label_index=0
max_feature_idx=567
objective=binary sigmoid:1
feature_names=Column_0 Column_1 Column_2 Column_3 Column_4 Column_5 Column_6 Column_7 Column_8 Column_9 Column_10 Column_11 Column_12 Column_13 Column_14 Column_15 Column_16 Column_17 Column_18 Column_19 Column_20 Column_21 Column_22 Column_23 Column_24 Column_25 Column_26 Column_27 Column_28 Column_29 Column_30 Column_31 Column_32 Column_33 Column_34 Column_35 Column_36 Column_37 Column_38 Column_39 Column_40 Column_41 Column_42 Column_43 Column_44 Column_45 Column_46 Column_47 Column_48 Column_49 Column_50 Column_51 Column_52 Column_53 Column_54 Column_55 Column_56 Column_57 Column_58 Column_59 Column_60 Column_61 Column_62 Column_63 Column_64 Column_65 Column_66 Column_67 Column_68 Column_69 Column_70 Column_71 Column_72 Column_73 Column_74 Column_75 Column_76 Column_77 Column_78 Column_79 Column_80 Column_81 Column_82 Column_83 Column_84 Column_85 Column_86 Column_87 Column_88 Column_89 Column_90 Column_91 Column_92 Column_93 Column_94 Column_95 Column_96 Column_97 Column_98 Column_99 Column_100 Column_101 Column_102 Column_103 Column_104 Column_105 Column_106 Column_107 Column_108 Column_109 Column_110 Column_111 Column_112 Column_113 Column_114 Column_115 Column_116 Column_117 Column_118 Column_119 Column_120 Column_121 Column_122 Column_123 Column_124 Column_125 Column_126 Column_127 Column_128 Column_129 Column_130 Column_131 Column_132 Column_133 Column_134 Column_135 Column_136 Column_137 Column_138 Column_139 Column_140 Column_141 Column_142 Column_143 Column_144 Column_145 Column_146 Column_147 Column_148 Column_149 Column_150 Column_151 Column_152 Column_153 Column_154 Column_155 Column_156 Column_157 Column_158 Column_159 Column_160 Column_161 Column_162 Column_163 Column_164 Column_165 Column_166 Column_167 Column_168 Column_169 Column_170 Column_171 Column_172 Column_173 Column_174 Column_175 Column_176 Column_177 Column_178 Column_179 Column_180 Column_181 Column_182 Column_183 Column_184 Column_185 Column_186 Column_187 Column_188 Column_189 Column_190 Column_191 Column_192 Column_193 Column_194 Column_195 Column_196 Column_197 Column_198 Column_199 Column_200 Column_201 Column_202 Column_203 Column_204 Column_205 Column_206 Column_207 Column_208 Column_209 Column_210 Column_211 Column_212 Column_213 Column_214 Column_215 Column_216 Column_217 Column_218 Column_219 Column_220 Column_221 Column_222 Column_223 Column_224 Column_225 Column_226 Column_227 Column_228 Column_229 Column_230 Column_231 Column_232 Column_233 Column_234 Column_235 Column_236 Column_237 Column_238 Column_239 Column_240 Column_241 Column_242 Column_243 Column_244 Column_245 Column_246 Column_247 Column_248 Column_249 Column_250 Column_251 Column_252 Column_253 Column_254 Column_255 Column_256 Column_257 Column_258 Column_259 Column_260 Column_261 Column_262 Column_263 Column_264 Column_265 Column_266 Column_267 Column_268 Column_269 Column_270 Column_271 Column_272 Column_273 Column_274 Column_275 Column_276 Column_277 Column_278 Column_279 Column_280 Column_281 Column_282 Column_283 Column_284 Column_285 Column_286 Column_287 Column_288 Column_289 Column_290 Column_291 Column_292 Column_293 Column_294 Column_295 Column_296 Column_297 Column_298 Column_299 Column_300 Column_301 Column_302 Column_303 Column_304 Column_305 Column_306 Column_307 Column_308 Column_309 Column_310 Column_311 Column_312 Column_313 Column_314 Column_315 Column_316 Column_317 Column_318 Column_319 Column_320 Column_321 Column_322 Column_323 Column_324 Column_325 Column_326 Column_327 Column_328 Column_329 Column_330 Column_331 Column_332 Column_333 Column_334 Column_335 Column_336 Column_337 Column_338 Column_339 Column_340 Column_341 Column_342 Column_343 Column_344 Column_345 Column_346 Column_347 Column_348 Column_349 Column_350 Column_351 Column_352 Column_353 Column_354 Column_355 Column_356 Column_357 Column_358 Column_359 Column_360 Column_361 Column_362 Column_363 Column_364 Column_365 Column_366 Column_367 Column_368 Column_369 Column_370 Column_371 Column_372 Column_373 Column_374 Column_375 Column_376 Column_377 Column_378 Column_379 Column_380 Column_381 Column_382 Column_383 Column_384 Column_385 Column_386 Column_387 Column_388 Column_389 Column_390 Column_391 Column_392 Column_393 Column_394 Column_395 Column_396 Column_397 Column_398 Column_399 Column_400 Column_401 Column_402 Column_403 Column_404 Column_405 Column_406 Column_407 Column_408 Column_409 Column_410 Column_411 Column_412 Column_413 Column_414 Column_415 Column_416 Column_417 Column_418 Column_419 Column_420 Column_421 Column_422 Column_423 Column_424 Column_425 Column_426 Column_427 Column_428 Column_429 Column_430 Column_431 Column_432 Column_433 Column_434 Column_435 Column_436 Column_437 Column_438 Column_439 Column_440 Column_441 Column_442 Column_443 Column_444 Column_445 Column_446 Column_447 Column_448 Column_449 Column_450 Column_451 Column_452 Column_453 Column_454 Column_455 Column_456 Column_457 Column_458 Column_459 Column_460 Column_461 Column_462 Column_463 Column_464 Column_465 Column_466 Column_467 Column_468 Column_469 Column_470 Column_471 Column_472 Column_473 Column_474 Column_475 Column_476 Column_477 Column_478 Column_479 Column_480 Column_481 Column_482 Column_483 Column_484 Column_485 Column_486 Column_487 Column_488 Column_489 Column_490 Column_491 Column_492 Column_493 Column_494 Column_495 Column_496 Column_497 Column_498 Column_499 Column_500 Column_501 Column_502 Column_503 Column_504 Column_505 Column_506 Column_507 Column_508 Column_509 Column_510 Column_511 Column_512 Column_513 Column_514 Column_515 Column_516 Column_517 Column_518 Column_519 Column_520 Column_521 Column_522 Column_523 Column_524 Column_525 Column_526 Column_527 Column_528 Column_529 Column_530 Column_531 Column_532 Column_533 Column_534 Column_535 Column_536 Column_537 Column_538 Column_539 Column_540 Column_541 Column_542 Column_543 Column_544 Column_545 Column_546 Column_547 Column_548 Column_549 Column_550 Column_551 Column_552 Column_553 Column_554 Column_555 Column_556 Column_557 Column_558 Column_559 Column_560 Column_561 Column_562 Column_563 Column_564 Column_565 Column_566 Column_567
feature_infos=[2.0013689994812012:17.993154525756836] [-0.7776256799697876:0.99923950433731079] none none none [0:1] [0:1] [0:1] [0:1] [0:1] [0:1] [0:1] [0:1] [0:1] [0:1] [0:1] [0:1] [0:1] [0:1] [0:1] [0:1] [0:1] [0:1] [0:1] [0:1] [0:1] [0:1] [0:1] [0:1] [0:1] [0:1] [0:1] [0:1] [0:1] [0:1] [0:1] [0:1] [0:1] [0:1] [0:1] [0:1] [0:1] [0:1] [0:1] [0:1] [0:1] [0:1] [0:1] [0:1] [0:1] [0:1] [0:1] [0:1] [0:1] [0:1] [0:1] [0:1] [0:1] [0:1] [0:1] [0:1] [0:1] [0:1] [0:1] [0:1] [0:1] [0:1] [0:1] [0:1] [0:1] [0:1] [0:1] [0:1] [0:1] [0:1] [0:1] [0:1] [0:1] [0:1] [0:1] [0:1] [0:1] [0:1] [0:1] [0:1] [0:1] [0:1] [0:1] [0:1] [0:1] [0:1] [0:1] [0:1] [0:1] [0:1] [0:1] [0:1] [0:1] [0:1] [0:1] [0:1] [0:1] [0:1] [0:1] [0:1] [0:1] [0:1] [0:1] [0:1] none none none none [0:1] [0:1] none [0:1] none [0:1] none none [0:1] none none none none [0:1] [0:1] [0:1] [0:1] [0:1] none [0:1] [0:1] [0:1] [0:1] none [0:1] [0:1] [0:1] [0:1] [0:1] [0:1] [0:1] [0:1] [0:1] [0:1] [0:1] [0:1] [0:1] [0:1] [0:1] [0:1] [0:1] [0:1] [0:1] [0:1] none none none none none none none none none none [0:1] [0:1] none none none none none [0:1] [0:1] [0:1] [0:1] [0:1] [0:1] [0:1] [0:1] [0:1] [0:1] [0:1] [0:1] [0:1] [0:1] [0:1] [0:1] [0:1] [0:1] [0:1] [0:1] [0:1] [0:1] [0:1] [0:1] [0:1] [0:1] [0:1] [0:1] none none [0:1] [0:1] [0:1] none [0:1] [0:1] [0:1] [0:1] [0:1] none [0:1] none none [0:1] none [0:1] [0:1] [0:1] [0:1] [0:1] [0:1] [0:1] [0:1] [0:1] [0:1] [0:1] [0:1] [0:1] [0:1] [0:1] [0:1] [0:1] [0:1] [0:1] [0:1] [0:1] [0:1] [0:1] [0:1] [0:1] none none none none none none none none none none none none none none none none none [0:1] [0:1] [0:1] [0:1] [0:1] [0:1] [0:1] [0:1] [0:1] [0:1] none [0:1] [0:1] [0:1] [0:1] none [0:1] [0:1] none none none [0:1] [0:1] none none none none none [0:1] [0:1] [0:1] [0:1] [0:1] [0:1] [0:1] none none none [0:1] none [0:1] [0:1] [0:1] none [0:1] [0:1] [0:1] [0:1] none none [0:1] [0:1] none none none none [0:1] [0:1] none none none [0:1] none none [0:1] [0:1] none none [0:1] [0:1] none none none none none none none none none none none none none none none none none none none none none none none none none none none none none none none none none none none none none none none none none none none none none none none none none none none none none none none none none none none none none none none none none none none none none none none none none none none none none none none none none none none none none none none none none none none none none none none none none none none none none none none none none none none none none none none none none none none none none none none none none none none none none none none none none none none none none none none none none none none none none none none none none none none none none none none none none none none none none none none none none none none none none none none none none none none none none none none none none none none none none none none none none none none none none none none none none none none none none none none none none none none none none none none none none none none none none none none none none none none none none none none none none none none none none none none none none none none none none
tree_sizes=3418 3466 3478 3486 3427 3464 3463 3466 3477 3481 3469 3487 3479 3467 3484 3470 3493 3468 3470 3474 3488 3497 3502 3504 3479 3484

Tree=0
num_leaves=31
num_cat=0
split_feature=5 8 8 13 1 27 13 151 65 61 73 137 76 13 12 10 71 45 0 16 133 55 68 70 74 12 13 0 81 99
split_gain=281.846 104.369 41.8429 17.1592 10.346 9.8431 7.16118 12.6112 8.74331 5.56125 6.86415 6.79762 8.97169 6.57845 5.4247 5.33106 10.2722 4.48268 7.12977 6.86514 6.24942 7.57409 4.38001 5.52352 4.07017 4.06743 4.33704 3.96584 3.80855 3.79193
threshold=1.0000000180025095e-35 1.0000000180025095e-35 1.0000000180025095e-35 1.0000000180025095e-35 -0.48056885600090021 1.0000000180025095e-35 1.0000000180025095e-35 1.0000000180025095e-35 1.0000000180025095e-35 1.0000000180025095e-35 1.0000000180025095e-35 1.0000000180025095e-35 1.0000000180025095e-35 1.0000000180025095e-35 1.0000000180025095e-35 1.0000000180025095e-35 1.0000000180025095e-35 1.0000000180025095e-35 6.3449692726135263 1.0000000180025095e-35 1.0000000180025095e-35 1.0000000180025095e-35 1.0000000180025095e-35 1.0000000180025095e-35 1.0000000180025095e-35 1.0000000180025095e-35 1.0000000180025095e-35 11.824777603149416 1.0000000180025095e-35 1.0000000180025095e-35
decision_type=2 2 2 2 2 2 2 2 2 2 2 2 2 2 2 2 2 2 2 2 2 2 2 2 2 2 2 2 2 2
left_child=2 5 6 4 14 -2 8 -8 29 11 13 12 17 -11 -3 25 -17 19 -19 20 -7 -22 23 24 -5 26 28 -15 -12 -1
right_child=1 3 -4 22 -6 9 7 -9 -10 10 15 -13 -14 27 -16 16 -18 18 -20 -21 21 -23 -24 -25 -26 -27 -28 -29 -30 -31
leaf_value=-1.1362886165346304 -0.851412880581494 -1.088443606927981 -1.1674973742965142 -1.0671392078597348 -1.1355102419063225 -0.95526222172499753 -1.1004665493401879 -0.93717187426812643 -1.026837074706531 -1.0845424017213456 -1.0903129344228271 -1.041223882263649 -1.1005223384331406 -1.0399700111995578 -0.97418096380551245 -0.89898605147630506 -1.0417560129103611 -0.86910918086603728 -1.001425554553218 -0.91611497849685508 -1.1050598513266132 -0.93345936371892158 -1.1076245325272716 -0.94100040077199398 -0.98944402280093091 -1.0610690483593872 -0.91737181800570056 -0.91334993157739519 -0.95759068228875321 -1.0957672735516246
leaf_weight=144.09791216254234 5.6508985161781302 13.373793154954912 228.67302662134171 23.733773767948151 69.694415032863617 42.946828722953796 137.8819237947464 4.8974453806877127 8.6647110581397992 17.329422116279602 4.5207188129425031 13.750519722700117 4.8974453806877127 5.4625352323055285 6.027625083923339 14.503972858190538 7.7228946387767783 4.520718812942504 41.063195884227753 36.165750503540039 6.7810782194137555 4.1439922451972961 8.6647110581397992 6.027625083923339 9.4181641936302167 11.113433748483658 6.2159883677959451 4.5207188129425049 4.1439922451972961 27.501039445400238
leaf_count=765 30 71 1214 126 370 228 732 26 46 92 24 73 26 29 32 77 41 24 218 192 36 22 46 32 50 59 33 24 22 146
internal_value=-1.08939 -1.02217 -1.13477 -1.09159 -1.11753 -0.981799 -1.11159 -1.09487 -1.12485 -0.985005 -1.00724 -0.97412 -0.967554 -1.04729 -1.05294 -0.98455 -0.948593 -0.962752 -0.988303 -0.949816 -0.972441 -1.03997 -1.04329 -1.02906 -1.04507 -1.0153 -0.981111 -0.982633 -1.02684 -1.12979
internal_weight=924.11 372.394 551.716 136.94 89.0958 235.454 323.043 142.779 180.264 229.803 75.5337 154.27 140.519 27.3127 19.4014 48.221 22.2269 135.622 45.5839 90.0376 53.8719 10.9251 47.8443 39.1796 33.1519 25.9941 14.8807 9.98325 8.66471 171.599
internal_count=4906 1977 2929 727 473 1250 1715 758 957 1220 401 819 746 145 103 256 118 720 242 478 286 58 254 208 176 138 79 53 46 911
is_linear=0
shrinkage=1


Tree=1
num_leaves=31
num_cat=0
split_feature=5 8 8 13 1 227 27 1 226 13 151 95 12 50 14 26 64 57 12 67 81 7 82 1 84 26 133 133 58 0
split_gain=225.319 77.4105 36.6666 13.776 8.5345 6.54921 6.39389 5.90074 4.83996 4.77551 7.72826 4.19765 4.0599 4.0197 4.26998 4.50114 3.78269 3.70817 4.20319 3.69733 6.4237 5.99824 9.89007 4.92249 4.39368 4.21628 4.32617 3.76287 8.34696 6.4979
threshold=1.0000000180025095e-35 1.0000000180025095e-35 1.0000000180025095e-35 1.0000000180025095e-35 -0.48056885600090021 1.0000000180025095e-35 1.0000000180025095e-35 0.73214691877365123 1.0000000180025095e-35 1.0000000180025095e-35 1.0000000180025095e-35 1.0000000180025095e-35 1.0000000180025095e-35 1.0000000180025095e-35 1.0000000180025095e-35 1.0000000180025095e-35 1.0000000180025095e-35 1.0000000180025095e-35 1.0000000180025095e-35 1.0000000180025095e-35 1.0000000180025095e-35 1.0000000180025095e-35 1.0000000180025095e-35 -0.024564606137573716 1.0000000180025095e-35 1.0000000180025095e-35 1.0000000180025095e-35 1.0000000180025095e-35 1.0000000180025095e-35 10.444900512695314
decision_type=2 2 2 2 2 2 2 2 2 2 2 2 2 2 2 2 2 2 2 2 2 2 2 2 2 2 2 2 2 2
left_child=2 6 5 4 12 7 -2 9 19 -1 -11 13 -3 14 -9 -16 17 -5 -19 24 -21 22 -22 -24 27 -23 -27 29 -29 -8
right_child=1 3 -4 16 -6 -7 8 11 -10 10 -12 -13 -14 -15 15 -17 -18 18 -20 20 21 25 23 -25 -26 26 -28 28 -30 -31
leaf_value=-0.039402945975719195 0.1912024818840348 0.00085415104369371102 -0.073314986991795533 0.015391655981729589 -0.042537928498278352 0.095398590565250629 0.10705156339022424 0.016433752654557543 0.19555429813158931 -0.017522390671150113 0.11982345798647126 -0.073850496803676585 0.097866963524201947 -0.011574537320069678 0.17591700009968564 0.027564862184006462 -0.05538489833891598 0.045826264742042488 0.1325441695119855 0.11500969072839645 0.0073964895318750961 0.035892830217397774 0.066048772460338703 0.2060955561843196 0.15374024254211746 0.10696620354352025 0.22369475163348904 -0.068483876086082668 0.11410179173785069 0.049386426946946976
leaf_weight=150.56503391265869 6.2896165251731864 13.380097672343256 219.72516512870789 19.313910633325577 68.08956041932106 4.82333219051361 33.913284346461296 12.704143360257149 4.1944614350795737 115.76754114031792 4.2471555769443503 5.0509568601846686 6.3662610054016104 18.036008417606354 4.5212173759937286 3.7345231473445892 3.7978779375553122 17.623677998781204 8.1853283047676104 84.291462615132332 22.840270906686783 5.7588576227426556 5.9078348577022552 4.363537058234213 6.1707643270492545 13.490866869688036 4.152263566851615 5.8674499541521055 4.3674691021442413 46.109522849321365
leaf_count=815 30 71 1214 101 370 26 171 68 21 618 21 27 32 96 24 20 20 91 42 425 116 29 30 22 31 68 21 30 22 234
internal_value=-0.000163894 0.0583255 -0.0418714 -0.00206528 -0.0257516 -0.0202438 0.0916652 -0.0220166 0.0890721 -0.0275421 -0.0126619 0.011926 0.0321313 0.0230362 0.0528189 0.108809 0.0404628 0.0485301 0.0733289 0.0871894 0.0975206 0.0714351 0.0440464 0.125544 0.0721038 0.110188 0.134438 0.0665224 0.00942952 0.0738246
internal_weight=923.649 384.474 539.175 136.757 87.8359 319.45 247.718 314.627 241.428 270.58 120.015 44.0468 19.7464 38.9959 20.9599 8.25574 48.9208 45.1229 25.809 237.234 140.805 56.5136 33.1116 10.2714 96.4285 23.402 17.6431 90.2577 10.2349 80.0228
internal_count=4906 1977 2929 727 473 1715 1250 1689 1220 1454 639 235 103 208 112 44 254 234 133 1199 711 286 168 52 488 118 89 457 52 405
is_linear=0
shrinkage=0.1


Tree=2
num_leaves=31
num_cat=0
split_feature=5 8 8 13 1 99 42 95 0 0 61 27 55 14 35 56 42 62 13 151 65 95 73 13 21 10 71 67 81 15
split_gain=181.263 58.548 32.074 11.0908 7.04339 5.79479 7.88736 5.5811 6.61246 7.14791 5.21869 8.75296 4.98491 8.20619 10.855 7.2304 6.82504 5.78843 4.71573 6.41103 5.62741 4.77977 4.31804 4.26086 4.17592 4.02852 6.38746 3.85792 5.90253 4.88098
threshold=1.0000000180025095e-35 1.0000000180025095e-35 1.0000000180025095e-35 1.0000000180025095e-35 -0.48056885600090021 1.0000000180025095e-35 1.0000000180025095e-35 1.0000000180025095e-35 15.683778285980226 9.0704994201660174 1.0000000180025095e-35 1.0000000180025095e-35 1.0000000180025095e-35 1.0000000180025095e-35 1.0000000180025095e-35 1.0000000180025095e-35 1.0000000180025095e-35 1.0000000180025095e-35 1.0000000180025095e-35 1.0000000180025095e-35 1.0000000180025095e-35 1.0000000180025095e-35 1.0000000180025095e-35 1.0000000180025095e-35 1.0000000180025095e-35 1.0000000180025095e-35 1.0000000180025095e-35 1.0000000180025095e-35 1.0000000180025095e-35 1.0000000180025095e-35
decision_type=2 2 2 2 2 2 2 2 2 2 2 2 2 2 2 2 2 2 2 2 2 2 2 2 2 2 2 2 2 2
left_child=2 10 5 4 -3 18 7 8 9 -7 11 -2 16 15 24 -14 17 27 20 21 -1 -20 23 -12 -15 -24 -27 29 -29 -13
right_child=1 3 -4 -5 -6 6 -8 -9 -10 -11 22 12 13 14 -16 -17 -18 -19 19 -21 -22 -23 25 -25 -26 26 -28 28 -30 -31
leaf_value=-0.040784502388932227 0.22674081875061569 0.028445042945006979 -0.068787945694227623 0.035657274325303794 -0.039190516595362927 0.092968910483974543 -0.050129250232870806 0.10125268906886845 0.089668729429053684 -0.051703805252149876 -0.00052786583777256798 0.04918227532090988 0.19534115340338132 0.10797532536399752 -0.04408679071548556 0.10682078253338348 0.13640031569984376 0.16963249022223331 -0.0083051046910805233 0.10261951530227449 0.056358620903638038 -0.081351175171693671 0.050060248332643255 0.07781726113511267 0.0010077629595330964 0.14143665043452908 0.035165558364723487 0.093669303645388113 0.020616776970143018 -0.054813713526272616
leaf_weight=138.38475061953068 4.4924214482307425 20.02705329656601 211.21965864300728 49.834141299128532 66.595779359340668 4.4368459582328859 14.592458933591841 9.8300952613353711 8.0206546038389188 14.83013905584812 18.976353704929352 12.165133461356165 12.125288918614386 25.533293828368191 7.2063742727041236 38.607849210500717 12.225566282868384 4.1663211286067954 105.09339128434658 4.8692648708820334 6.2318063080310813 9.7927801907062513 28.909782364964485 10.946016922593119 4.2582838237285605 16.426570251584053 8.6258072257041949 27.111618608236313 18.681558549404144 7.1748581528663626
leaf_count=765 20 103 1214 254 370 24 79 53 42 80 96 60 58 122 35 186 59 20 564 23 32 53 142 53 21 77 43 130 92 36
internal_value=-0.000273422 0.0510321 -0.0386176 -0.00192957 -0.0235533 -0.0184566 0.0121587 0.0366466 0.0133729 -0.0183882 0.0790835 0.0889727 0.085316 0.101859 0.0660456 0.127977 0.0675133 0.0553605 -0.0244448 -0.00976811 -0.0365984 -0.0145315 0.0586002 0.0281319 0.0926858 0.0754951 0.104846 0.0480509 0.0638672 0.0106013
internal_weight=921.392 394.09 527.302 136.457 86.6228 316.082 51.7102 37.1177 27.2876 19.267 257.633 173.749 169.256 87.7311 36.998 50.7331 81.5251 69.2995 264.372 119.755 144.617 114.886 83.8845 29.9224 29.7916 53.9622 25.0524 65.1332 45.7932 19.34
internal_count=4906 1977 2929 727 473 1715 278 199 146 104 1250 839 819 422 178 244 397 338 1437 640 797 617 411 149 143 262 120 318 222 96
is_linear=0
shrinkage=0.1


Tree=3
num_leaves=31
num_cat=0
split_feature=5 8 8 13 1 227 99 42 95 0 0 88 61 27 168 76 137 98 13 65 15 73 7 108 140 0 1 14 0 67
split_gain=146.475 44.9415 27.9802 8.9544 5.81732 5.27844 4.84605 6.09872 4.46138 4.34596 5.72022 4.00451 3.85701 6.39068 3.92262 3.83396 4.62226 3.50685 4.58843 5.46131 5.07732 9.3739 6.78599 5.00141 3.37884 4.37393 3.35219 8.43068 3.26063 3.2093
threshold=1.0000000180025095e-35 1.0000000180025095e-35 1.0000000180025095e-35 1.0000000180025095e-35 -0.48056885600090021 1.0000000180025095e-35 1.0000000180025095e-35 1.0000000180025095e-35 1.0000000180025095e-35 15.683778285980226 9.0704994201660174 1.0000000180025095e-35 1.0000000180025095e-35 1.0000000180025095e-35 1.0000000180025095e-35 1.0000000180025095e-35 1.0000000180025095e-35 1.0000000180025095e-35 1.0000000180025095e-35 1.0000000180025095e-35 1.0000000180025095e-35 1.0000000180025095e-35 1.0000000180025095e-35 1.0000000180025095e-35 1.0000000180025095e-35 14.917180061340334 -0.081146854907274232 1.0000000180025095e-35 5.3018479347229013 1.0000000180025095e-35
decision_type=2 2 2 2 2 2 2 2 2 2 2 2 2 2 2 2 2 2 2 2 2 2 2 2 2 2 2 2 2 2
left_child=2 12 5 4 -3 6 11 8 9 10 -8 17 13 -2 -14 16 -15 18 19 23 -20 22 -22 -1 -4 -26 -23 -28 -6 -10
right_child=1 3 24 -5 28 -7 7 -9 29 -11 -12 -13 14 15 -16 -17 -18 -19 20 -21 21 26 -24 -25 25 -27 27 -29 -30 -31
leaf_value=-0.040716214031236729 0.19139719375848444 0.025247296917944362 -0.068095559886674081 0.03154694468815647 -0.12960465958805867 0.085156623989043223 0.079714946311507676 -0.046374375244288987 0.13923210314774245 0.070385447155721523 -0.047865704129380432 -0.084145097213825473 0.046377687619103776 0.081833920790364167 0.14154161646286922 -0.0088934858897325112 0.023105251391050307 -0.061268538066323243 -0.021227386066247599 0.062048741504245712 0.026752966439234905 0.033639617974960123 -0.073915065328466756 0.052909944528594634 -0.047916935345943927 0.08211892785837159 0.24526758399234275 0.036523441892579826 -0.030716787925054823 0.027574548030251608
leaf_weight=109.99904707074165 4.7722941637039176 20.292290270328522 188.46384543180466 50.648319199681282 3.5249158740043631 4.9935542941093436 4.644907593727118 14.216862812638281 5.4493764042854291 8.1597006469964963 14.438480600714682 10.654877439141272 81.230960488319397 154.80731998383999 4.5754037201404563 5.393446445465087 14.671612292528151 20.358080998063087 59.933773994445801 5.991320088505744 19.91227100789547 5.3977018296718597 10.089037969708444 6.0176869928836814 11.381475567817686 3.347492814064025 3.7054299116134626 4.0489533394575119 61.68602779507637 4.8787515908479691
leaf_count=622 20 103 1126 254 20 26 24 79 28 41 80 59 389 720 22 27 72 115 322 30 106 29 54 34 68 20 20 21 350 25
internal_value=-0.000353572 0.0449358 -0.0355966 -0.00177388 -0.0215117 -0.0168326 -0.0184867 0.00941228 0.0305218 0.00930455 -0.0168125 -0.0241282 0.0688934 0.0772242 0.0514521 0.0741084 0.0767498 -0.021523 -0.0179283 -0.031052 -0.00239581 0.0237585 -0.00710034 -0.0358599 -0.0644906 -0.0183633 0.0941509 0.136272 -0.0360621 0.0864878
internal_weight=917.685 401.603 516.083 136.152 85.5032 312.89 307.896 51.7881 37.5712 27.2431 19.0834 256.108 265.451 179.645 85.8064 174.872 169.479 245.453 225.095 122.008 103.087 43.1534 30.0013 116.017 203.193 14.729 13.1521 7.75438 65.2109 10.3281
internal_count=4906 1977 2929 727 473 1715 1689 277 198 145 104 1412 1250 839 411 819 792 1353 1238 686 552 230 160 656 1214 88 70 41 370 53
is_linear=0
shrinkage=0.1


Tree=4
num_leaves=31
num_cat=0
split_feature=5 8 8 13 1 227 0 54 135 168 12 0 12 15 0 68 0 9 0 0 1 22 56 42 45 1 0 0 140 0
split_gain=118.847 34.8822 24.3184 7.2422 4.80407 4.17427 4.19346 3.71325 5.17053 4.67635 4.63939 4.60709 3.03005 3.00961 7.47409 5.89924 4.67829 3.34713 3.22391 5.22562 10.3779 4.61744 3.30169 6.30431 4.78714 4.53957 6.80871 3.25855 2.9948 3.50906
threshold=1.0000000180025095e-35 1.0000000180025095e-35 1.0000000180025095e-35 1.0000000180025095e-35 -0.48056885600090021 1.0000000180025095e-35 17.80835056304932 1.0000000180025095e-35 1.0000000180025095e-35 1.0000000180025095e-35 1.0000000180025095e-35 10.380561351776125 1.0000000180025095e-35 1.0000000180025095e-35 15.727583885192873 1.0000000180025095e-35 15.63039016723633 1.0000000180025095e-35 2.960985660552979 3.8535249233245854 -0.46444596350193018 1.0000000180025095e-35 1.0000000180025095e-35 1.0000000180025095e-35 1.0000000180025095e-35 -0.20876112580299375 8.4175219535827654 9.8631072044372576 1.0000000180025095e-35 14.917180061340334
decision_type=2 2 2 2 2 2 2 2 2 2 2 2 2 2 2 2 2 2 2 2 2 2 2 2 2 2 2 2 2 2
left_child=2 13 5 4 12 6 7 -1 9 -9 -10 -11 -3 16 18 -16 -2 -18 -15 -20 -21 22 24 25 -22 -24 -27 -28 -4 -30
right_child=1 3 28 -5 -6 -7 -8 8 10 11 -12 -13 -14 14 15 -17 17 -19 19 20 21 -23 23 -25 -26 26 27 -29 29 -31
leaf_value=-0.029825353239375497 0.062789458649413904 -0.0045517090489724564 -0.063920307229874837 0.027978033196345078 -0.03315553083817295 0.073506898649226021 0.076575212254945138 -0.017148904337039455 0.11722991506615565 0.13597961168497244 -0.01219343778516245 -0.013228398555318741 0.077122399343172443 -0.017684244457311572 0.04588827353538865 -0.095762899172270821 0.14275313943534534 0.0499183567893303 0.13810614379794714 -0.061898978752971207 0.15211578246662688 -0.032742826628622261 0.0093210823449115712 -0.0075613977463522318 0.057048079544904033 0.18820778517309397 0.018233529584640175 0.099591928330460405 -0.044414472788230096 0.07039489721828765
leaf_weight=145.57078371942043 148.48301777243614 13.739395916461946 181.08972093462944 51.358056262135506 63.93119677901268 5.1947443336248389 4.7253324538469306 134.89076316356659 6.0522643625736219 4.0787592977285367 5.1067332476377487 4.2005956023931503 6.78578758239746 5.4913583397865287 5.643109202384947 6.1378901749849319 13.336284697055818 5.4794565588235846 8.0445404946804029 7.0936416387557975 10.49169360101223 4.543047919869422 7.6092026680707852 11.549312248826025 10.697335571050644 6.2625004947185614 7.8157392442226437 13.300375819206236 11.06801265478134 3.5052955150604239
leaf_count=814 680 71 1126 254 370 26 25 742 34 22 29 23 32 26 26 29 61 25 37 33 47 22 35 54 49 29 36 61 68 20
internal_value=-0.000409251 0.0397538 -0.0328103 -0.00163441 -0.0196418 -0.0153797 -0.0168955 -0.0183682 -0.00756131 -0.0126714 0.0580014 0.0602778 0.0224504 0.0604213 0.0471228 -0.0279119 0.0687422 0.115718 0.0566383 0.0613076 0.053523 0.0648524 0.071399 0.0565004 0.104121 0.0776469 0.0966364 0.0694786 -0.0604107 -0.0167996
internal_weight=913.276 407.793 505.483 135.814 84.4564 309.82 304.625 299.9 154.329 143.17 11.159 8.27935 20.5252 271.979 104.68 11.781 167.299 18.8157 92.8987 87.4074 79.3628 72.2692 67.7262 46.5371 21.189 34.9878 27.3786 21.1161 195.663 14.5733
internal_count=4906 1977 2929 727 473 1715 1689 1664 850 787 63 45 103 1250 484 55 766 86 429 403 366 333 311 215 96 161 126 97 1214 88
is_linear=0
shrinkage=0.1


Tree=5
num_leaves=31
num_cat=0
split_feature=5 8 8 13 1 13 151 65 50 73 60 83 0 55 21 6 61 51 9 0 0 68 70 0 61 27 55 14 35 22
split_gain=96.457 27.2535 21.1443 5.86358 3.95844 3.75806 5.99535 4.44319 3.44189 6.37384 6.07229 5.41824 5.43371 4.45673 4.025 4.02562 4.4367 3.75083 3.40012 3.38807 3.03772 2.90245 3.72266 2.8947 2.86287 4.77748 3.38027 5.46029 7.91576 5.06468
threshold=1.0000000180025095e-35 1.0000000180025095e-35 1.0000000180025095e-35 1.0000000180025095e-35 -0.48056885600090021 1.0000000180025095e-35 1.0000000180025095e-35 1.0000000180025095e-35 1.0000000180025095e-35 1.0000000180025095e-35 1.0000000180025095e-35 1.0000000180025095e-35 5.1663243770599374 1.0000000180025095e-35 1.0000000180025095e-35 1.0000000180025095e-35 1.0000000180025095e-35 1.0000000180025095e-35 1.0000000180025095e-35 11.23477077484131 5.3018479347229013 1.0000000180025095e-35 1.0000000180025095e-35 4.0561258792877206 1.0000000180025095e-35 1.0000000180025095e-35 1.0000000180025095e-35 1.0000000180025095e-35 1.0000000180025095e-35 1.0000000180025095e-35
decision_type=2 2 2 2 2 2 2 2 2 2 2 2 2 2 2 2 2 2 2 2 2 2 2 2 2 2 2 2 2 2
left_child=2 24 5 4 23 7 8 -1 9 11 19 12 -7 -13 15 16 18 -18 -11 -10 -6 22 -5 -3 25 -2 -27 29 -29 -28
right_child=1 3 -4 21 20 6 -8 -9 10 14 -12 13 -14 -15 -16 -17 17 -19 -20 -21 -22 -23 -24 -25 -26 26 27 28 -30 -31
leaf_value=-0.028037157542215779 0.15702067037384429 -0.0006494083255174115 -0.056525238418888901 0.022890978001440597 -0.12515788433552283 0.010784709640847807 0.09878383366152553 0.043092844500912927 -0.024571143996678747 0.084393657237946076 -0.074840693918910114 -0.0093573385864132441 -0.054443749413249934 0.13149509150516045 -0.058724325337100959 0.003544505241302258 0.16286074100917403 0.051035360695504572 -0.04194470177378512 0.070107773947248805 -0.025321327474880778 -0.026587084423441588 0.1033387719378113 0.087734860454687438 0.038492404472400869 0.043429144373042738 0.081702459252894641 0.063742405513203634 -0.050709845802595604 0.19040155552112933
leaf_weight=158.23547050356865 4.9651623815298072 15.858046576380731 188.61133617162704 36.080760151147842 3.2120898365974417 21.143014565110207 5.6762804239988318 9.297943636775015 10.319292753934862 4.1171026080846786 17.414765685796738 4.9122648239135724 32.251931175589561 4.1393441408872604 4.0487479865550986 13.160480529069899 6.7430555373430252 5.402776226401329 4.4141031950712204 5.964006930589675 59.54035222530365 9.0545751154422742 6.8430136740207663 4.8354637622833243 89.370260089635849 87.629563793540001 50.98921112716198 32.242783278226852 7.4366376101970664 4.6798992455005637
leaf_count=911 20 79 1214 176 20 117 26 46 57 22 95 27 177 22 22 71 36 29 24 33 350 46 32 24 411 397 223 143 35 21
internal_value=-0.000442948 0.0352697 -0.0301695 -0.00150181 -0.0179244 -0.01399 -0.00187886 -0.0240895 -0.00614198 0.00314504 -0.0337932 -0.016487 -0.028615 0.0550552 0.0355038 0.0467785 0.074296 0.113118 0.0190253 0.0101065 -0.0304316 0.024863 0.0357162 0.0200034 0.0532268 0.0602333 0.0576069 0.0706369 0.042292 0.0908404
internal_weight=908.59 412.738 495.852 135.424 83.446 307.241 139.707 167.533 134.031 100.333 33.6981 62.4466 53.3949 9.05161 37.8863 33.8375 20.677 12.1458 8.53121 16.2833 62.7524 51.9783 42.9238 20.6935 277.314 187.943 182.978 95.3485 39.6794 55.6691
internal_count=4906 1977 2929 727 473 1715 758 957 732 547 185 343 294 49 204 182 111 65 46 90 370 254 208 103 1250 839 819 422 178 244
is_linear=0
shrinkage=0.1


Tree=6
num_leaves=31
num_cat=0
split_feature=5 8 8 13 0 227 88 47 73 0 13 0 6 0 73 1 1 14 138 15 9 1 6 1 132 14 0 226 0 0
split_gain=78.5007 21.4786 18.2722 4.7503 3.72976 3.47248 3.26426 3.31693 5.15675 6.76225 4.1666 4.24092 3.96833 4.9968 3.38292 3.40499 3.26045 3.23638 4.22642 3.77721 3.16488 3.25258 3.1312 2.85476 3.45857 3.20786 4.40751 2.80742 2.78022 2.77683
threshold=1.0000000180025095e-35 1.0000000180025095e-35 1.0000000180025095e-35 1.0000000180025095e-35 17.860369682312015 1.0000000180025095e-35 1.0000000180025095e-35 1.0000000180025095e-35 1.0000000180025095e-35 4.0561258792877206 1.0000000180025095e-35 15.798768043518068 1.0000000180025095e-35 12.262833595275881 1.0000000180025095e-35 0.825994372367859 -0.48056885600090021 1.0000000180025095e-35 1.0000000180025095e-35 1.0000000180025095e-35 1.0000000180025095e-35 -0.44254316389560694 1.0000000180025095e-35 -0.3099094927310943 1.0000000180025095e-35 1.0000000180025095e-35 16.286105155944828 1.0000000180025095e-35 10.965092182159426 5.3018479347229013
decision_type=2 2 2 2 2 2 2 2 2 2 2 2 2 2 2 2 2 2 2 2 2 2 2 2 2 2 2 2 2 2
left_child=2 27 4 16 5 6 7 8 17 -10 11 22 -12 -14 23 -16 -3 18 -1 20 -19 -22 -11 -9 25 26 -25 -2 -8 -18
right_child=1 3 -4 -5 -6 -7 28 14 9 10 12 -13 13 -15 15 -17 29 19 -20 -21 21 -23 -24 24 -26 -27 -28 -29 -30 -31
leaf_value=-0.041778896607369158 0.045787256031511993 0.017813906356342675 -0.052799220196815801 0.022130632727038666 0.089706805158483477 0.066117852750859976 -0.11153185375216768 -0.10264070318923296 -0.077236209943062129 -0.036474036663912808 0.074524652598120647 0.1009325403891822 0.06386482916693545 -0.05729612756916648 -0.079006243665341994 0.024856505872103113 -0.12219825425910261 -0.0040919160342734696 0.048905490293631178 -0.033647615730083666 0.1204047913979996 0.015427306815208553 0.020770876576339404 -0.065663783226368067 0.066604660887490327 0.010705146801419346 0.026799909900582911 0.12191383184686849 -0.0058858020563144868 -0.023138637156716071
leaf_weight=62.500522568821907 276.6805452555418 20.868624001741409 182.07946115732193 52.470782741904259 3.5115249902009955 5.3204774707555762 6.3748481273651105 3.6648212522268286 7.6650605648756018 20.484348729252815 20.829238936305046 3.8032396137714377 7.0202766358852369 6.6075102984905243 19.842990607023243 3.7534964978694907 2.973163127899169 19.799634143710136 5.5998073965311042 21.677362307906151 5.2124640643596649 6.8041576594114321 17.908930942416191 20.277516216039661 5.1334201693534842 19.86853052675724 6.9127281308174124 4.9306783974170676 4.0886417031288147 58.687815815210342
leaf_count=357 1229 103 1214 254 18 26 38 21 44 118 108 20 37 36 114 20 20 112 32 123 30 38 102 116 30 113 38 21 24 350
internal_value=-0.000464187 0.0313992 -0.0277367 -0.00139487 -0.0127582 -0.013953 -0.015393 -0.0133816 -0.00668455 0.0123193 0.0212745 0.000206366 0.0470747 0.00511925 -0.0307376 -0.0624848 -0.0163519 -0.0198626 -0.034322 -0.00145502 0.0204787 0.0609635 -0.00977157 -0.0173262 -0.0113357 -0.0198378 -0.0421562 0.0471201 -0.0702503 -0.0279151
internal_weight=903.353 416.612 486.741 135 304.662 301.15 295.83 285.366 205.913 84.3186 76.6535 42.1965 34.457 13.6278 79.4535 23.5965 82.5296 121.594 68.1003 53.4936 31.8163 12.0166 38.3933 55.857 52.1922 47.0588 27.1902 281.611 10.4635 61.661
internal_count=4906 1977 2929 727 1715 1697 1671 1609 1157 465 421 240 181 73 452 134 473 692 389 303 180 68 220 318 297 267 154 1250 62 370
is_linear=0
shrinkage=0.1


Tree=7
num_leaves=31
num_cat=0
split_feature=5 8 8 13 99 42 88 95 0 0 12 0 1 14 54 51 0 140 12 61 9 21 45 16 10 73 0 12 73 13
split_gain=63.9791 16.9837 15.7182 3.85201 3.36777 4.37409 3.1274 3.00109 3.58305 4.41082 2.88829 5.94374 5.02977 3.9387 3.44809 3.32853 3.71201 2.84905 3.25292 6.78538 2.8059 3.74288 3.46165 4.81041 4.7762 3.64037 6.74487 3.19905 4.7027 3.39165
threshold=1.0000000180025095e-35 1.0000000180025095e-35 1.0000000180025095e-35 1.0000000180025095e-35 1.0000000180025095e-35 1.0000000180025095e-35 1.0000000180025095e-35 1.0000000180025095e-35 15.683778285980226 9.0704994201660174 1.0000000180025095e-35 9.7960300445556658 -0.045250589028000825 1.0000000180025095e-35 1.0000000180025095e-35 1.0000000180025095e-35 13.211498737335207 1.0000000180025095e-35 1.0000000180025095e-35 1.0000000180025095e-35 1.0000000180025095e-35 1.0000000180025095e-35 1.0000000180025095e-35 1.0000000180025095e-35 1.0000000180025095e-35 1.0000000180025095e-35 9.7262148857116717 1.0000000180025095e-35 1.0000000180025095e-35 1.0000000180025095e-35
decision_type=2 2 2 2 2 2 2 2 2 2 2 2 2 2 2 2 2 2 2 2 2 2 2 2 2 2 2 2 2 2
left_child=2 -2 4 10 6 7 -1 8 9 -6 11 12 13 14 -3 -13 -17 20 19 -19 -4 22 24 -24 27 26 -26 28 -22 -29
right_child=1 3 17 -5 5 -7 -8 -9 -10 -11 -12 15 -14 -15 -16 16 -18 18 -20 -21 21 -23 23 -25 25 -27 -28 29 -30 -31
leaf_value=-0.014219071074424751 0.041806723826145871 0.052024508801540414 -0.063471903671993887 0.019728715629470518 0.069111233091243285 -0.03762795210349576 -0.072743110054820745 0.073689448376400332 0.064309349362131132 -0.042088317735647154 0.010580219661572609 -0.11546996052211632 0.11530141633665403 -0.057922680501887473 -0.043996860966725858 0.054861293826023672 -0.069440090205272656 0.14304625813804489 -0.066675777218416277 -0.041375029452453596 -0.10248064298775786 -0.091931800806593522 -0.11037991269920007 0.017354204190269094 0.006043261982138998 -0.05822345510950927 0.17190082801481585 0.051993964702667511 0.013505341911113709 -0.06791289860948084
leaf_weight=241.34321065247059 285.43845185637474 10.349195301532754 98.730471789836884 52.946329981088638 4.8065022230148378 13.336331665515898 9.4899822026491147 10.746985152363775 8.6995047628879529 13.833295270800589 28.801193132996559 9.0999151021242142 3.309060037136077 12.186981454491614 5.855776220560073 3.3090600371360788 8.7690090984106046 3.3750220835208875 5.2457852065563193 4.8792810440063477 10.681366831064222 10.248338446021078 9.2379388809204084 4.3302838504314414 7.0727969557046872 3.1755414903163901 3.7529126703739166 6.351082980632782 5.1963406205177316 3.7529126703739166
leaf_count=1378 1250 58 684 254 24 79 59 53 42 80 165 55 20 68 34 20 53 22 34 32 74 71 64 30 49 22 26 44 36 26
internal_value=-0.0004786 0.0279976 -0.0254884 -0.00128095 -0.0116539 0.0116591 -0.0164333 0.0289175 0.0113179 -0.0134141 -0.0148997 -0.0287777 -0.00137495 -0.0149735 0.0173265 -0.0697965 -0.0353849 -0.0492432 -0.00510092 0.0340312 -0.0529098 -0.0365647 -0.0259688 -0.0696137 -0.0111579 0.035924 0.0635406 -0.0365299 -0.0645216 0.00745713
internal_weight=898.351 420.065 478.286 134.627 302.256 51.4226 250.833 38.0863 27.3393 18.6398 81.6802 52.879 31.701 28.392 16.205 21.178 12.0781 176.03 13.5001 8.2543 162.53 63.7995 53.5512 13.5682 39.983 14.0013 10.8257 25.9817 15.8777 10.104
internal_count=4906 1977 2929 727 1715 278 1437 199 146 104 473 308 180 160 92 128 73 1214 88 54 1126 442 371 94 277 97 75 180 110 70
is_linear=0
shrinkage=0.1


Tree=8
num_leaves=31
num_cat=0
split_feature=5 8 8 153 108 82 79 1 64 0 45 234 77 113 0 0 42 10 9 0 140 0 9 21 45 16 0 0 11 81
split_gain=52.1441 13.5954 13.5209 3.31666 3.32032 4.81376 4.16826 3.3706 4.59511 4.57208 4.19978 4.19037 3.99651 3.19313 3.30746 3.18222 3.12549 3.08972 4.94034 2.99086 2.47046 3.0857 2.49475 3.36256 3.01348 4.37091 4.21593 5.73187 9.51056 4.70443
threshold=1.0000000180025095e-35 1.0000000180025095e-35 1.0000000180025095e-35 1.0000000180025095e-35 1.0000000180025095e-35 1.0000000180025095e-35 1.0000000180025095e-35 0.72499811649322521 1.0000000180025095e-35 16.735113143920902 1.0000000180025095e-35 1.0000000180025095e-35 1.0000000180025095e-35 1.0000000180025095e-35 17.006159782409672 15.727583885192873 1.0000000180025095e-35 1.0000000180025095e-35 1.0000000180025095e-35 17.622176170349125 1.0000000180025095e-35 13.600273609161379 1.0000000180025095e-35 1.0000000180025095e-35 1.0000000180025095e-35 1.0000000180025095e-35 8.8049278259277362 12.921286582946779 1.0000000180025095e-35 1.0000000180025095e-35
decision_type=2 2 2 2 2 2 2 2 2 2 2 2 2 2 2 2 2 2 2 2 2 2 2 2 2 2 2 2 2 2
left_child=1 3 -2 4 6 -6 7 11 9 17 -10 12 -1 14 15 -4 -8 18 -9 -11 22 -22 -3 24 26 -26 -24 28 -28 -29
right_child=2 20 13 -5 5 -7 16 8 10 19 -12 -13 -14 -15 -16 -17 -18 -19 -20 -21 21 -23 23 -25 25 -27 27 29 -30 -31
leaf_value=-0.017944561325859306 0.037182257769978404 -0.059701232917076796 -0.0056832464652399363 -0.090939732865657194 0.0073505571033795529 0.13164516069101612 -0.034422458026622756 0.14065929343772582 0.14125105876246127 -0.073020373576617212 0.0059084651847437523 0.096255422597152057 0.072935843898315547 0.059532809509827082 -0.079831296267480048 0.063434390509084934 -0.12739457573102789 -0.019805568524758274 0.0014239475324993164 0.018044210946644403 -0.040853714457614182 0.058808657181650716 -0.045202564631399898 -0.08822931993867833 -0.10733857004654089 0.015434550507918567 0.0029524529576980363 -0.070418650400527569 0.21812924068591624 0.058126877335263685
leaf_weight=201.3619334846735 288.66230472922325 94.685141086578369 113.47319768369198 5.0502931028604499 20.136199995875362 3.6862897276878348 15.727610394358637 5.0236149877309852 5.0217553675174695 9.8045885562896711 4.2189989387989044 3.3945253789424887 4.9579754024744025 8.1274686157703382 5.6617754101753226 7.0766136348247519 4.695358768105506 6.1306543201208106 5.1719074845314026 5.7052577584981909 8.5961906611919385 4.8647509515285483 18.510097369551659 9.6422552168369275 8.5835199356079084 4.3792234361171714 5.6302520930767077 7.8778300881385785 3.2338744848966599 4.4582342654466629
leaf_count=1172 1250 684 613 29 113 19 91 26 26 53 22 17 29 43 32 39 28 33 28 29 58 30 130 71 64 30 39 55 22 31
internal_value=-0.000492848 -0.0233969 0.0249857 -0.0105859 -0.00921044 0.0265839 -0.0123545 -0.00881676 0.0173779 -0.000641609 0.0794585 -0.0139475 -0.0157607 -0.00122177 -0.0051341 -0.00162585 -0.0557973 0.0362952 0.070029 -0.0395225 -0.0459499 -0.00483598 -0.0494749 -0.0339365 -0.0239977 -0.0658619 -0.0103319 0.0201141 0.0814548 -0.0239625
internal_weight=893.55 470.548 423.001 300.087 295.037 23.8225 271.214 250.791 41.0768 31.836 9.24075 209.714 206.32 134.339 126.212 120.55 20.423 16.3262 10.1955 15.5098 170.461 13.4609 157 62.3153 52.673 12.9627 39.7103 21.2002 8.86413 12.3361
internal_count=4906 2929 1977 1715 1686 132 1554 1435 217 169 48 1218 1201 727 684 652 119 87 54 82 1214 88 1126 442 371 94 277 147 61 86
is_linear=0
shrinkage=0.1


Tree=9
num_leaves=31
num_cat=0
split_feature=5 8 8 13 153 0 0 0 201 77 1 7 65 95 53 6 68 26 15 1 0 139 81 1 79 10 15 0 60 23
split_gain=42.5645 11.7026 10.7829 3.08644 2.86858 2.83766 4.42778 5.96392 3.88711 2.73051 2.62064 3.09749 6.17125 5.19148 2.61359 3.6264 4.25469 3.30408 2.94949 2.56114 2.61847 2.55745 8.33993 5.11013 3.1364 2.80866 2.49138 2.89623 3.82825 2.45521
threshold=1.0000000180025095e-35 1.0000000180025095e-35 1.0000000180025095e-35 1.0000000180025095e-35 1.0000000180025095e-35 14.054756641387941 13.550992488861086 13.351129055023195 1.0000000180025095e-35 1.0000000180025095e-35 0.58901816606521618 1.0000000180025095e-35 1.0000000180025095e-35 1.0000000180025095e-35 1.0000000180025095e-35 1.0000000180025095e-35 1.0000000180025095e-35 1.0000000180025095e-35 1.0000000180025095e-35 -0.48056885600090021 5.3018479347229013 1.0000000180025095e-35 1.0000000180025095e-35 -0.019545212388038632 1.0000000180025095e-35 1.0000000180025095e-35 1.0000000180025095e-35 12.581793308258058 1.0000000180025095e-35 1.0000000180025095e-35
decision_type=2 2 2 2 2 2 2 2 2 2 2 2 2 2 2 2 2 2 2 2 2 2 2 2 2 2 2 2 2 2
left_child=1 4 -2 19 5 6 7 9 10 21 -7 13 -13 14 18 16 -16 -17 -12 -4 -21 24 25 -24 29 -23 -5 28 -28 -1
right_child=2 -3 3 26 -6 8 -8 -9 -10 -11 11 12 -14 -15 15 17 -18 -19 -20 20 -22 22 23 -25 -26 -27 27 -29 -30 -31
leaf_value=-0.099124653488767644 0.033136190933948907 -0.042815669923435155 0.016667103765868496 0.032734201079203433 -0.086296404857266834 0.093143886670205289 -0.082995833323343399 0.11533951075533935 -0.085843613122768364 0.057406578328904515 0.031658511668407843 -0.04503814053968113 0.069230706030477929 -0.069226931020851368 -0.0098178025957437257 0.034339928988942399 0.10991225516100755 -0.066689933075246718 0.15085810653474174 -0.11956116546597953 -0.019385754535156327 0.0067676668566284256 0.17188226204626644 0.019132903431715503 -0.064046482422738985 -0.091688459169809541 -0.041850744398026558 -0.072359189974557869 0.071063311276227267 -0.013408157631728427
leaf_weight=3.4108738154172888 291.3651308119297 165.25286422669888 20.943823143839836 35.720176383852959 4.8028556257486335 3.9835339933633795 8.9310515373945218 3.6650476753711692 4.0972932428121558 5.315795272588729 4.2403451353311521 19.492351576685909 6.2390163391828528 4.8612028658390036 4.822343721985817 7.1483001559972763 7.7183809131383896 5.916146844625473 4.0667183697223663 2.7340351641178122 57.194257855415344 6.5401811152696609 4.1879111230373383 4.5911925882101059 14.227592408657072 5.2020663619041443 6.0112452507019061 5.6326408237218848 5.9993487596511841 164.64727021753788
leaf_count=20 1250 1214 103 170 29 22 53 21 22 30 23 109 32 28 26 39 41 32 20 20 350 37 22 26 86 30 29 27 28 967
internal_value=-0.000499582 -0.0214708 0.0223323 -0.00111825 -0.00963853 -0.00838326 -0.0140239 -0.0111153 0.00876877 -0.0133422 0.0144289 0.00956783 -0.0173317 0.0274193 0.0412732 0.0254607 0.0638719 -0.0114108 0.0900126 -0.0134356 -0.0239559 -0.0151966 0.0182718 0.0919992 -0.0189644 -0.0368505 0.0175487 -0.0131957 0.0145504 -0.0151478
internal_weight=888.961 463.36 425.601 134.236 298.107 293.305 220.719 211.788 72.5856 208.123 68.4883 64.5048 25.7314 38.7734 33.9122 25.6052 12.5407 13.0644 8.30706 80.8721 59.9283 202.807 20.5214 8.7791 182.286 11.7422 53.3634 17.6432 12.0106 168.058
internal_count=4906 2929 1977 727 1715 1686 1292 1239 394 1218 372 350 141 209 181 138 67 71 43 473 370 1188 115 48 1073 67 254 84 57 987
is_linear=0
shrinkage=0.1


Tree=10
num_leaves=31
num_cat=0
split_feature=5 8 8 13 151 65 13 12 0 1 14 51 0 0 1 7 1 0 140 0 47 16 0 0 11 67 55 12 61 27
split_gain=34.7388 9.95984 8.62003 2.80335 4.20618 2.64409 2.49968 2.45413 5.06432 3.96114 3.35383 3.15401 3.12173 2.96628 2.49656 2.25882 2.22804 3.72842 2.21797 3.15027 2.29873 5.53209 3.20959 5.08763 2.51584 2.77331 4.90098 2.22836 2.18965 4.10795
threshold=1.0000000180025095e-35 1.0000000180025095e-35 1.0000000180025095e-35 1.0000000180025095e-35 1.0000000180025095e-35 1.0000000180025095e-35 1.0000000180025095e-35 1.0000000180025095e-35 9.7960300445556658 -0.045250589028000825 1.0000000180025095e-35 1.0000000180025095e-35 13.211498737335207 7.2210814952850351 -0.36938171088695521 1.0000000180025095e-35 -0.48056885600090021 13.151266574859621 1.0000000180025095e-35 15.260780334472658 1.0000000180025095e-35 1.0000000180025095e-35 17.229294776916507 15.868583202362062 1.0000000180025095e-35 1.0000000180025095e-35 1.0000000180025095e-35 1.0000000180025095e-35 1.0000000180025095e-35 1.0000000180025095e-35
decision_type=2 2 2 2 2 2 2 2 2 2 2 2 2 2 2 2 2 2 2 2 2 2 2 2 2 2 2 2 2 2
left_child=1 3 28 5 -5 -1 7 8 9 10 13 -10 -13 14 -4 -7 -9 -18 20 27 22 -22 23 -3 25 -23 -27 -20 29 -2
right_child=2 18 6 4 -6 15 -8 16 11 -11 -12 12 -14 -15 -16 -17 17 -19 19 -21 21 24 -24 -25 -26 26 -28 -29 -30 -31
leaf_value=-0.021013338772162167 0.12534757774179175 -0.036824190813447302 0.012566939529708242 -0.0019746458491239258 0.084716153824934692 -0.011016761674091033 0.015654257550078092 0.059667749737635924 -0.11126645465153689 0.10024721379048379 -0.053444127408721787 0.050122182063026613 -0.063901913563797944 -0.06644532485651955 0.1131803689280106 0.086525665209200478 -0.034444470312975345 0.053705060430562314 0.0075028956658019915 0.084558241465732431 -0.095451620510730806 -0.060738863285749324 -0.1187523797510166 0.07692581015570471 -0.076618751263873533 0.14223040457006439 -0.031636102774672978 -0.091698234181708346 0.017087362030392628 0.033246043744186299
leaf_weight=150.5151405185461 4.9669113010168067 101.38347746431828 9.4811836332082802 130.24734805524349 5.8481223285198203 5.2412986606359464 53.703660234808922 7.134042456746104 8.3952773809432983 3.4887929111719123 11.747638508677481 3.3789257705211648 8.2966105043888074 3.3905149251222602 3.3332412838935879 4.3398130089044571 14.279250353574755 7.2266408503055564 6.2065919339656812 3.2811458259820929 22.800453461706638 3.4462405145168287 4.4887791723012915 4.090645268559455 4.7564470544457427 3.0631816834211349 3.4441334903240204 3.5650502741336823 94.952108010649681 193.71882969141006
leaf_count=911 20 769 51 732 26 25 254 32 55 20 68 20 53 21 20 21 89 44 43 19 181 26 34 31 36 23 26 26 411 819
internal_value=-0.000496092 -0.0196726 0.0199914 -0.00880114 0.00175052 -0.017771 -0.00104046 -0.0122263 -0.0252736 -0.000221919 -0.0127616 -0.0645177 -0.0309031 0.0167309 0.0387381 0.0331656 0.0112409 -0.00482352 -0.0397319 -0.000221675 -0.0432289 -0.0646053 -0.035937 -0.0324126 -0.0167937 0.0117946 0.0502079 -0.0286893 0.0295788 0.0355485
internal_weight=884.211 456.718 427.494 296.192 136.095 160.096 133.856 80.1521 51.5122 31.4414 27.9526 20.0708 11.6755 16.2049 12.8144 9.58111 28.6399 21.5059 160.526 13.0528 147.473 37.5105 109.963 105.474 14.71 9.95356 6.50732 9.77164 293.638 198.686
internal_count=4906 2929 1977 1715 758 957 727 473 308 180 160 128 73 92 71 46 165 133 1214 88 1126 292 834 800 111 75 49 69 1250 839
is_linear=0
shrinkage=0.1


Tree=11
num_leaves=31
num_cat=0
split_feature=5 8 8 88 50 13 83 73 61 15 0 99 0 10 65 19 96 0 113 0 0 73 10 16 81 16 7 15 16 0
split_gain=28.3269 8.53135 6.93706 2.66923 2.80065 3.58596 3.77676 5.39543 4.45423 6.40248 4.34522 3.59893 2.8347 2.94287 2.7604 3.23381 2.69634 2.60556 2.47403 2.67143 2.7455 2.44576 7.00941 5.03716 3.3349 4.08284 3.60557 3.49383 2.92503 2.91711
threshold=1.0000000180025095e-35 1.0000000180025095e-35 1.0000000180025095e-35 1.0000000180025095e-35 1.0000000180025095e-35 1.0000000180025095e-35 1.0000000180025095e-35 1.0000000180025095e-35 1.0000000180025095e-35 1.0000000180025095e-35 5.1663243770599374 1.0000000180025095e-35 14.054756641387941 1.0000000180025095e-35 1.0000000180025095e-35 1.0000000180025095e-35 1.0000000180025095e-35 10.965092182159426 1.0000000180025095e-35 17.006159782409672 15.727583885192873 1.0000000180025095e-35 1.0000000180025095e-35 1.0000000180025095e-35 1.0000000180025095e-35 1.0000000180025095e-35 1.0000000180025095e-35 1.0000000180025095e-35 1.0000000180025095e-35 8.1492128372192401
decision_type=2 2 2 2 2 2 2 2 2 2 2 2 2 2 2 2 2 2 2 2 2 2 2 2 2 2 2 2 2 2
left_child=1 3 -2 4 5 14 7 10 12 11 -7 -10 13 -9 15 -1 -12 -5 19 20 -4 24 23 -23 26 -26 29 28 -28 -6
right_child=2 -3 18 17 21 6 -8 8 9 -11 16 -13 -14 -15 -16 -17 -18 -19 -20 -21 -22 22 -24 -25 25 -27 27 -29 -30 -31
leaf_value=-0.019497128294192104 0.026459635955589214 -0.036891967143008957 -0.0052638246216279213 -0.10408399810291713 0.086311280479388325 0.019081058570547659 0.057991234593783685 -0.082603102570577305 -0.020253462507515221 0.13244263557033742 -0.053204630704463941 0.097873711321077611 0.056506829602318356 0.031794729507228683 0.053622338635297952 0.079535003647627445 0.040028116271167036 0.0026911039515711945 0.051793236924260827 -0.073767909327541903 0.058512296846413528 0.074721765650432176 -0.10780298759130993 -0.065769397346808325 -0.00093915334745475775 -0.087740082856128998 -0.046539803525938159 -0.10400198503449841 0.069053928386473173 0.0044665590165237487
leaf_weight=102.90932454168797 295.34268563985825 156.14246398955584 112.60366730391979 5.5703558325767499 7.4953330457210567 20.116833388805389 15.995622068643568 5.8853046298027021 7.9628910571336746 8.3590961843729019 24.96137967705727 3.8146937489509583 4.6281665265560141 3.6392420381307602 5.9583130031824103 3.4064763933420172 3.5421556532382956 3.8753648996353149 8.3190887421369535 5.3341233432292929 7.1804560124874106 5.3406288772821426 10.847185105085373 4.8876029551029205 11.592194184660912 10.175706148147583 4.8348979502916354 4.3126288801431647 4.0002580732107162 10.393526524305342
leaf_count=623 1250 1214 613 38 45 114 81 32 43 41 145 20 24 20 28 21 21 24 43 32 39 31 67 30 68 62 28 26 23 60
internal_value=-0.00048924 -0.0179957 0.01791 -0.00797715 -0.00624416 -0.000381439 0.0135023 0.00491915 0.0352958 0.0655114 -0.0165039 0.0180073 -0.00769553 -0.0388927 -0.012612 -0.016324 -0.0416185 -0.0602766 -0.00101318 -0.00452427 -0.00144077 -0.0230022 -0.0518022 0.00758748 -0.0115076 -0.0415154 0.00953877 -0.0302183 0.00579711 0.038759
internal_weight=879.428 450.648 428.78 294.505 285.059 211.179 98.9054 82.9098 34.2894 20.1367 48.6204 11.7776 14.1527 9.52455 112.274 106.316 28.5035 9.44572 133.437 125.118 119.784 73.88 21.0754 10.2282 52.8045 21.7679 31.0366 13.1478 8.83516 17.8889
internal_count=4906 2929 1977 1715 1653 1213 541 460 180 104 280 63 76 52 672 644 166 62 727 684 652 440 128 61 312 130 182 77 51 105
is_linear=0
shrinkage=0.1


Tree=12
num_leaves=31
num_cat=0
split_feature=5 278 8 8 153 227 54 135 12 69 0 47 7 1 168 0 17 13 68 0 0 15 74 0 12 0 51 7 83 135
split_gain=23.1465 7.55974 6.85999 5.56981 2.52454 2.74196 2.8068 4.38142 3.03098 2.61646 3.7845 3.99563 3.06646 3.59122 2.57 3.57998 2.32011 3.00663 2.52158 3.78978 4.90212 4.67214 3.42145 2.15915 3.41056 3.84642 3.39792 2.85161 6.8155 4.16645
threshold=1.0000000180025095e-35 1.0000000180025095e-35 1.0000000180025095e-35 1.0000000180025095e-35 1.0000000180025095e-35 1.0000000180025095e-35 1.0000000180025095e-35 1.0000000180025095e-35 1.0000000180025095e-35 1.0000000180025095e-35 12.203969955444338 1.0000000180025095e-35 1.0000000180025095e-35 0.69503384828567516 1.0000000180025095e-35 10.380561351776125 1.0000000180025095e-35 1.0000000180025095e-35 1.0000000180025095e-35 10.709103107452394 9.3497605323791522 1.0000000180025095e-35 1.0000000180025095e-35 10.380561351776125 1.0000000180025095e-35 13.151266574859621 1.0000000180025095e-35 1.0000000180025095e-35 1.0000000180025095e-35 1.0000000180025095e-35
decision_type=2 2 2 2 2 2 2 2 2 2 2 2 2 2 2 2 2 2 2 2 2 2 2 2 2 2 2 2 2 2
left_child=1 2 4 -2 5 6 9 14 -9 10 -1 -12 -11 -14 -8 -16 -5 23 19 20 22 -21 -19 27 26 -26 -25 -18 29 -29
right_child=3 -3 -4 16 -6 -7 7 8 -10 12 11 -13 13 -15 15 -17 17 18 -20 21 -22 -23 -24 24 25 -27 -28 28 -30 -31
leaf_value=-0.018629036896294141 0.023676398189595535 0.13402242301081602 -0.034882401853404028 -0.080063950182648724 -0.082461710595721924 0.064073258837123614 -0.0075706499199602378 0.10767720869466246 0.0012358431907030991 0.042440124188879179 -0.018030158040714762 -0.12831692966966188 -0.10066730348322286 0.036830898556570478 0.11283959029776376 -0.021130179625164197 -0.015848973067930427 0.0072175804289269854 -0.028205073489748086 0.12215277645647363 -0.082817154040139562 -0.0026066948715191655 0.092626058791753896 -0.12078490218149321 -0.061351515892907674 0.055406306145360955 -0.02839080779382493 0.040749412795412499 0.15240424312465736 -0.079912168542463205
leaf_weight=99.483836323022842 296.96366919577122 3.3127133399248114 151.16774055361748 3.6045235097408286 4.5564672276377669 5.2634112536907187 128.09038120508194 6.1992717981338483 4.7061257660388947 13.207013919949533 6.2845994830131513 6.8826414346694946 4.1118772625923148 3.5304974913597107 4.3056475669145566 3.7162578552961349 31.629613421857357 19.308638691902168 9.0242149084806424 8.0259035825729352 4.7361116558313361 4.7950907200574866 6.1953383088111869 6.1063604205846795 4.6823085397481936 7.0998686552047729 11.432719796895981 8.5518503114581126 3.8265626654028884 4.3009639605879775
leaf_count=606 1250 19 1206 20 29 25 738 34 29 75 37 41 26 20 22 22 180 92 45 36 22 22 28 43 29 42 73 47 21 27
internal_value=-0.000482698 -0.0164782 -0.0176075 0.0160532 -0.0086131 -0.00743567 -0.00877741 0.000754543 0.0617434 -0.0192745 -0.0252972 -0.0756781 0.0132669 -0.0371482 -0.00413192 0.0507763 -0.000927185 0.00127186 0.0198586 0.0299311 0.0106144 0.0754924 0.0279647 -0.0111987 -0.0326053 0.00900604 -0.0605585 0.0017941 0.0352512 0.000372177
internal_weight=875.102 444.818 441.506 430.284 290.338 285.782 280.518 147.018 10.9054 133.5 112.651 13.1672 20.8494 7.64237 136.112 8.02191 133.32 129.716 52.0853 43.0611 30.2401 12.821 25.504 77.6302 29.3213 11.7822 17.5391 48.309 16.6794 12.8528
internal_count=4906 2929 2910 1977 1704 1675 1650 845 63 805 684 78 121 46 782 44 727 707 245 200 142 58 120 462 187 71 116 275 95 74
is_linear=0
shrinkage=0.1


Tree=13
num_leaves=31
num_cat=0
split_feature=5 8 8 153 99 42 98 13 15 55 7 12 14 0 16 137 10 0 0 0 7 226 68 0 10 0 133 12 1 0
split_gain=18.8579 6.0985 4.50161 2.25459 2.23682 2.89178 2.61506 2.58872 3.18406 5.05023 5.10829 4.31058 3.53925 8.18917 3.08216 2.61693 5.85873 6.8899 3.31983 4.97337 2.44451 2.14943 2.14128 4.35411 4.01132 2.57989 3.51851 2.49998 4.16422 2.34249
threshold=1.0000000180025095e-35 1.0000000180025095e-35 1.0000000180025095e-35 1.0000000180025095e-35 1.0000000180025095e-35 1.0000000180025095e-35 1.0000000180025095e-35 1.0000000180025095e-35 1.0000000180025095e-35 1.0000000180025095e-35 1.0000000180025095e-35 1.0000000180025095e-35 1.0000000180025095e-35 8.6036963462829608 1.0000000180025095e-35 1.0000000180025095e-35 1.0000000180025095e-35 4.850102663040162 4.2108144760131845 2.7310061454772954 1.0000000180025095e-35 1.0000000180025095e-35 1.0000000180025095e-35 13.938398361206056 1.0000000180025095e-35 3.4811772108078007 1.0000000180025095e-35 1.0000000180025095e-35 -0.37987679243087763 5.0171115398406991
decision_type=2 2 2 2 2 2 2 2 2 2 2 2 2 2 2 2 2 2 2 2 2 2 2 2 2 2 2 2 2 2
left_child=1 3 21 4 6 -6 7 15 22 10 11 -10 13 -11 -14 18 17 -17 19 -1 -7 -2 25 -24 -25 26 -9 28 -27 -29
right_child=2 -3 -4 -5 5 20 -8 8 9 12 -12 -13 14 -15 -16 16 -18 -19 -20 -21 -22 -23 23 24 -26 27 -28 29 -30 -31
leaf_value=0.0092997839175510254 0.020075765677110457 -0.031528667796600345 -0.0009270597961870058 -0.078202405430108812 0.027822283416684482 -0.074597375990438863 -0.045418475392166847 0.10099477580828609 -0.02018033302739921 0.01324785614777454 -0.091593886986117812 0.097250898968425564 0.063969641727867219 0.17820831260418921 -0.04029780670155305 0.18490685283165723 -0.046925185015610923 -0.0049548451913007411 -0.01440411403473435 -0.10514396684269796 0.014632133550929502 0.085004578788832427 -0.070268819868906915 0.12856969877365448 -0.0028252184906087875 0.081599803627113707 -0.027333986245625205 -0.12862045744089684 -0.029890037514630104 -0.039552207906547829
leaf_weight=5.9690652638673809 293.15005920827389 148.59431447833776 132.8141837194562 4.3358206152915946 36.959003180265427 5.8985066264867765 18.743872240185738 3.8391615450382215 8.882127910852434 6.0800354927778244 5.6864466816186896 4.8233015090227118 6.3289501070976257 5.9587936401367188 5.1354120224714279 3.5436662435531598 6.4130414575338364 4.1493878960609436 85.751307792961597 10.436281487345694 6.4032384604215622 5.1888145059347144 3.3995511978864661 4.585196301341055 4.7102139890193939 4.1776969581842414 4.8175634294748306 3.7880805283784893 16.912271723151211 13.390998229384421
leaf_count=38 1229 1214 727 29 192 37 119 21 49 33 35 27 33 31 28 22 41 26 527 67 40 21 20 25 27 23 27 22 98 78
internal_value=-0.000473336 -0.0150447 0.0143874 -0.00663093 -0.00554885 0.013844 -0.00957081 -0.00649956 0.00508461 0.025862 -0.0119131 0.0211468 0.0570292 0.0948974 0.0172635 -0.016714 0.0236604 0.0825015 -0.022289 -0.0635037 -0.0281521 0.021205 -0.00986398 0.0265718 0.0619886 -0.019721 0.0295784 -0.0308729 -0.00780509 -0.0591922
internal_weight=870.866 439.713 431.153 291.119 286.783 49.2607 237.522 218.779 102.516 42.8951 19.3919 13.7054 23.5032 12.0388 11.4644 116.263 14.1061 7.69305 102.157 16.4053 12.3017 298.339 59.6207 12.695 9.29541 46.9258 8.65672 38.269 21.09 17.1791
internal_count=4906 2929 1977 1715 1686 269 1417 1298 577 236 111 76 125 64 61 721 89 48 632 105 77 1250 341 72 52 269 48 221 121 100
is_linear=0
shrinkage=0.1


Tree=14
num_leaves=31
num_cat=0
split_feature=5 278 8 8 88 47 73 10 16 61 63 16 1 0 99 10 14 7 95 14 0 138 0 0 68 81 42 0 73 13
split_gain=15.4274 5.7971 4.84877 3.62171 2.14873 2.84259 3.19331 3.70391 4.75276 3.04526 3.87506 3.43862 8.32872 5.46101 3.54463 5.64809 4.80599 5.94506 3.18786 2.54919 5.02629 4.02808 2.48702 6.44769 4.37767 4.2555 2.98707 2.88205 2.33003 3.67095
threshold=1.0000000180025095e-35 1.0000000180025095e-35 1.0000000180025095e-35 1.0000000180025095e-35 1.0000000180025095e-35 1.0000000180025095e-35 1.0000000180025095e-35 1.0000000180025095e-35 1.0000000180025095e-35 1.0000000180025095e-35 1.0000000180025095e-35 1.0000000180025095e-35 0.63586583733558666 15.132101058959963 1.0000000180025095e-35 1.0000000180025095e-35 1.0000000180025095e-35 1.0000000180025095e-35 1.0000000180025095e-35 1.0000000180025095e-35 15.924708843231203 1.0000000180025095e-35 5.1663243770599374 4.0835044384002694 1.0000000180025095e-35 1.0000000180025095e-35 1.0000000180025095e-35 10.444900512695314 1.0000000180025095e-35 1.0000000180025095e-35
decision_type=2 2 2 2 2 2 2 2 2 2 2 2 2 2 2 2 2 2 2 2 2 2 2 2 2 2 2 2 2 2
left_child=1 2 4 -2 5 9 -7 8 -8 19 11 13 14 18 16 -16 17 -13 28 21 22 -1 23 -21 25 -24 -26 -27 -11 -30
right_child=3 -3 -4 -5 -6 6 7 -9 -10 10 -12 12 -14 -15 15 -17 -18 -19 -20 20 -22 -23 24 -25 26 27 -28 -29 29 -31
leaf_value=-0.028815397313918675 0.019008372409091829 0.11433759722623799 -0.029766328650145602 -0.00083474444387576861 -0.055505512190595442 -0.0094141968066664139 0.051885398196693001 -0.096454048549007382 -0.084720681605061507 -0.032366623865084314 -0.083143077076531957 0.12840783929658869 0.16695016099754928 -0.072825401962139505 0.00039692518819592977 0.16495208542312501 -0.056656800757072169 -0.023889734323987083 0.08628026710529052 -0.011886521976706589 0.11093369555134316 0.057542321653988142 -0.096606026437845244 0.10386121417566921 0.10220413429684322 0.04136873779458005 -0.011501095784266734 -0.07308873823355419 -0.017064837646284605 0.073866456615222217
leaf_weight=65.599559351801872 299.4684451520443 3.5041469708085051 144.20298241823912 132.7553286999464 8.9550483003258687 52.354637429118156 5.4087295383214951 10.78288147598505 4.813391737639904 10.292074352502825 3.7551022768020621 4.7060150653123927 4.8138563781976691 7.8832565546035758 4.4084102958440763 3.9590354263782501 8.3185822516679764 5.6289078146219254 5.9142547100782386 16.126409992575649 4.2805920839309684 5.8858906030654898 9.5273243635892868 6.8597347140312186 3.8030814230442065 5.8460933268070221 5.8864035457372665 3.5273261964321136 9.0735898911952972 8.6932797878980637
leaf_count=393 1250 19 1206 727 62 319 31 71 31 61 21 29 25 43 24 21 50 33 33 95 21 34 57 40 21 35 35 21 55 43
internal_value=-0.000465347 -0.0137648 -0.0148055 0.0129137 -0.00729119 -0.00573892 -0.0226295 -0.0555683 -0.0124397 0.000311629 0.0159483 0.0209978 0.0457671 0.00215892 0.024178 0.0782558 -7.97782e-05 0.0454591 0.0195585 -0.00919822 0.00680786 -0.021705 -0.00183408 0.022656 -0.0215237 -0.0495409 0.0331277 -0.00170293 0.00549496 0.0274276
internal_weight=867.034 434.811 431.306 432.224 287.103 278.148 73.3596 21.005 10.2221 204.789 77.4464 73.6913 31.8348 41.8565 27.021 8.36745 18.6535 10.3349 33.9732 127.342 55.857 71.4854 51.5764 22.9861 28.5902 18.9007 9.68948 9.37342 28.0589 17.7669
internal_count=4906 2929 2910 1977 1704 1642 452 133 62 1190 438 417 182 235 157 45 112 62 192 752 325 427 304 135 169 113 56 56 159 98
is_linear=0
shrinkage=0.1


Tree=15
num_leaves=31
num_cat=0
split_feature=5 278 268 8 272 176 22 15 0 26 0 34 13 139 0 12 6 132 42 14 94 59 12 134 0 0 1 0 7 81
split_gain=12.6313 4.52536 4.49784 4.44704 3.56364 2.94328 5.55235 3.4611 5.9357 5.91435 4.98464 4.19504 3.74432 6.91686 5.6017 7.58441 4.78948 4.70705 4.53422 5.5831 5.43041 3.35631 7.43545 7.22485 3.23982 6.77982 4.34166 4.06385 3.20276 3.47228
threshold=1.0000000180025095e-35 1.0000000180025095e-35 1.0000000180025095e-35 1.0000000180025095e-35 1.0000000180025095e-35 1.0000000180025095e-35 1.0000000180025095e-35 1.0000000180025095e-35 15.63039016723633 1.0000000180025095e-35 15.63039016723633 1.0000000180025095e-35 1.0000000180025095e-35 1.0000000180025095e-35 10.788501262664797 1.0000000180025095e-35 1.0000000180025095e-35 1.0000000180025095e-35 1.0000000180025095e-35 1.0000000180025095e-35 1.0000000180025095e-35 1.0000000180025095e-35 1.0000000180025095e-35 1.0000000180025095e-35 2.960985660552979 3.4811772108078007 -0.46444596350193018 3.8535249233245854 1.0000000180025095e-35 1.0000000180025095e-35
decision_type=2 2 2 2 2 2 2 2 2 2 2 2 2 2 2 2 2 2 2 2 2 2 2 2 2 2 2 2 2 2
left_child=1 2 3 -1 5 7 -7 10 24 11 12 -10 14 18 17 -16 -17 28 20 -20 21 22 23 -14 -9 -26 27 -27 29 -2
right_child=4 -3 -4 -5 -6 6 -8 8 9 -11 -12 -13 13 -15 15 16 -18 -19 19 -21 -22 -23 -24 -25 25 26 -28 -29 -30 -31
leaf_value=-0.0074019185874080913 -0.012098900311875492 0.097949829271693989 0.085064158333772177 -0.029223193259500232 -0.074028304709409173 -0.11554383770246027 0.038815936613697727 -0.050434131220153472 -0.060134581416754408 -0.12330223043278553 0.060203040023277143 0.069557406244052253 0.083931559965869207 -0.051409771106703785 -0.055977700885512287 -0.012445745383726647 0.090148506822411698 -0.019006907956126144 0.050707553300636893 0.17308428322293989 -0.062553214910190016 0.062995460137952666 -0.049138453349661819 -0.057811624257039042 0.10622416911232486 0.037265644436929833 0.014762915937870444 -0.070681296687031825 0.057728537074587749 0.046824636914884296
leaf_weight=282.46075657010078 22.16147131472826 3.67151916027069 4.5757594779133788 139.52403304725885 4.8069117814302436 4.9531814008951169 4.400600865483284 8.6364639997482282 5.8023567497730273 7.1009516566991797 28.620707809925079 4.3743410110473633 15.693899497389795 9.0720203667879087 27.732539087533951 12.35444223880768 7.2034663558006278 23.34517066180706 13.941158533096315 5.0888215750455847 6.0182458609342566 27.15381620824337 11.498490154743196 4.6649453341960898 7.3327036052942267 4.8953666985034969 106.21049960702658 12.126829214394091 29.754134133458138 18.225569009780884
leaf_count=1688 103 19 29 1193 22 23 19 39 27 33 131 20 68 39 138 59 33 113 60 22 26 116 50 20 32 21 488 56 132 87
internal_value=-0.000459529 -0.0125961 -0.0135476 -0.0146169 0.0115947 0.0125555 -0.0429234 0.013794 0.0020219 -0.0532606 0.0208108 -0.00438791 0.0159908 0.0315462 0.00570007 -0.0223466 0.0253412 0.0198876 0.0404991 0.0834324 0.0279353 0.0371637 0.0151459 0.0514531 0.00888353 0.0128072 0.00724861 -0.0396371 0.0328329 0.0144917
internal_weight=863.401 430.232 426.561 421.985 433.169 428.362 9.35378 419.008 156.48 17.2776 262.529 10.1767 233.908 93.1314 140.777 47.2904 19.5579 93.4863 84.0594 19.03 65.0294 59.0112 31.8573 20.3588 139.202 130.565 123.233 17.0222 70.1412 40.387
internal_count=4906 2929 2910 2881 1977 1955 42 1913 716 80 1197 47 1066 401 665 230 92 435 362 82 280 254 138 88 636 597 565 77 322 190
is_linear=0
shrinkage=0.1


Tree=16
num_leaves=31
num_cat=0
split_feature=5 0 1 143 266 278 47 0 1 222 0 0 11 0 16 57 151 272 49 13 19 10 9 42 139 26 24 78 86 6
split_gain=10.2494 3.93629 3.61462 3.60652 3.37508 3.26494 3.59466 4.57302 9.25628 4.5168 3.50087 5.78527 4.92114 4.33377 3.63783 3.08632 6.42291 2.93643 2.93461 2.78229 5.93965 5.73581 7.49205 8.184 4.29178 4.03294 3.99387 3.35339 6.187 2.97725
threshold=1.0000000180025095e-35 17.901437759399418 0.96379950642585765 1.0000000180025095e-35 1.0000000180025095e-35 1.0000000180025095e-35 1.0000000180025095e-35 15.868583202362062 0.92577382922172557 1.0000000180025095e-35 4.0561258792877206 4.3367555141448983 1.0000000180025095e-35 3.7686516046524052 1.0000000180025095e-35 1.0000000180025095e-35 1.0000000180025095e-35 1.0000000180025095e-35 1.0000000180025095e-35 1.0000000180025095e-35 1.0000000180025095e-35 1.0000000180025095e-35 1.0000000180025095e-35 1.0000000180025095e-35 1.0000000180025095e-35 1.0000000180025095e-35 1.0000000180025095e-35 1.0000000180025095e-35 1.0000000180025095e-35 1.0000000180025095e-35
decision_type=2 2 2 2 2 2 2 2 2 2 2 2 2 2 2 2 2 2 2 2 2 2 2 2 2 2 2 2 2 2
left_child=1 2 3 4 5 6 7 9 -9 10 13 12 -12 14 -1 16 -13 -2 -8 20 21 -17 24 25 29 -24 -21 28 -28 -23
right_child=17 -3 -4 -5 -6 -7 18 8 -10 -11 11 15 -14 -15 -16 19 -18 -19 -20 26 -22 22 23 -25 -26 -27 27 -29 -30 -31
leaf_value=0.0014718247295269261 0.011241429991225148 0.089767558896169344 -0.081076391130190509 -0.099710400007158126 -0.096173485520335611 0.089134204667406361 -0.125285416466972 0.091691508181225456 -0.054760644626596203 0.10135444786796127 0.15238254162034312 -0.035900539312651102 -0.0086567521496989652 -0.10718149806333151 -0.052707565133235046 -0.039109422568672253 0.10598364997950788 -0.06824326478668101 -0.023168801282732583 -0.062308043803937591 0.12124527714605603 -0.07727845527041767 0.085881159517665367 0.21530620950160287 0.067770627272407111 -0.02657660677407362 0.041024416675422393 -0.072055412481324702 -0.062336401630112594 0.0061212804076407317
leaf_weight=29.608446948230267 429.0863933712244 3.8078010827302924 7.5193173363804808 4.5448028221726409 4.5094830095767966 3.3498648405075064 2.8947790414094916 12.867646373808386 6.4934579357504836 3.7481641918420783 4.3249230012297621 50.946880742907524 3.381040059030056 6.6257271170616141 21.314261637628078 47.649188786745071 3.4036952778697005 4.6987492740154257 101.1157054528594 5.9344724416732779 3.2736123353242865 11.17401890456677 6.5351760163903219 2.9701339825987807 4.1178538277745238 6.2278919890522957 51.225830711424351 3.4570087119936934 6.5293530151247969 6.9382232129573813
leaf_count=207 1955 21 47 33 36 17 20 79 41 21 30 364 22 47 149 337 23 22 724 38 23 81 42 21 27 44 317 23 46 49
internal_value=-0.000442531 -0.0114507 -0.0123625 -0.011118 -0.0101374 -0.00918207 -0.0099998 -0.00442545 0.0425734 -0.00768241 -0.00916511 -0.00337591 0.0817255 -0.0311042 -0.0212056 -0.00649303 -0.0270151 0.0103805 -0.0260109 0.000655373 -0.0109508 -0.0160056 0.0129928 0.0657985 -0.02438 0.031006 0.0160191 0.0236129 0.0293392 -0.0453307
internal_weight=860.274 426.489 422.681 415.162 410.617 406.107 402.757 298.747 19.3611 279.386 275.638 218.089 7.70596 57.5484 50.9227 210.383 54.3506 433.785 104.01 156.033 88.8861 85.6125 37.9633 15.7332 22.2301 12.7631 67.1467 61.2122 57.7552 18.1122
internal_count=4906 2929 2908 2861 2828 2792 2775 2031 120 1911 1890 1487 52 403 356 1435 387 1977 744 1048 624 601 264 107 157 86 424 386 363 130
is_linear=0
shrinkage=0.1


Tree=17
num_leaves=31
num_cat=0
split_feature=5 8 230 8 1 101 1 0 0 21 140 81 78 1 7 61 26 10 6 10 13 12 0 13 0 10 73 69 0 126
split_gain=8.4086 3.58126 2.8852 2.82147 2.37368 2.26523 2.16174 2.79843 3.90161 3.6747 3.87305 2.58594 3.17997 2.95 5.49959 7.05576 9.29149 4.91808 6.82437 4.31793 3.51651 2.34371 9.76226 9.06161 3.87928 2.56454 4.05453 4.51667 2.14672 2.15651
threshold=1.0000000180025095e-35 1.0000000180025095e-35 1.0000000180025095e-35 1.0000000180025095e-35 0.9887443780899049 1.0000000180025095e-35 0.9397673010826112 12.412046909332277 12.881587982177736 1.0000000180025095e-35 1.0000000180025095e-35 1.0000000180025095e-35 1.0000000180025095e-35 0.18290363997220996 1.0000000180025095e-35 1.0000000180025095e-35 1.0000000180025095e-35 1.0000000180025095e-35 1.0000000180025095e-35 1.0000000180025095e-35 1.0000000180025095e-35 1.0000000180025095e-35 14.351813793182375 1.0000000180025095e-35 13.661875724792482 1.0000000180025095e-35 1.0000000180025095e-35 1.0000000180025095e-35 17.006159782409672 1.0000000180025095e-35
decision_type=2 2 2 2 2 2 2 2 2 2 2 2 2 2 2 2 2 2 2 2 2 2 2 2 2 2 2 2 2 2
left_child=1 4 3 -2 -1 6 7 11 -9 10 21 12 13 14 17 19 -17 -3 -19 -16 -15 24 -23 -24 -10 26 27 -26 29 -5
right_child=2 5 -4 28 -6 -7 -8 8 9 -11 -12 -13 -14 20 15 16 -18 18 -20 -21 -22 22 23 -25 25 -27 -28 -29 -30 -31
leaf_value=-0.0050778938506252421 0.01367932222320634 -0.062574073564486035 0.07209120173573047 0.00080423479826362157 0.078986955130191133 -0.093240695016424846 -0.091484240958897955 0.091670189084385539 0.069760181801469548 -0.093301488571913671 0.093252720610005529 -0.048552243783445137 -0.1137574611233657 -0.11506339079490202 -0.057194370413698362 0.28692938190123307 0.010657734007243755 0.12148767071974263 -0.079547592866720987 0.080035687999030145 0.012035129929086502 -0.091785425688668529 0.016863605289902214 0.25686357552585298 0.052689138307446204 -0.099941240061378459 0.076470747153421295 -0.11545499773483166 -0.069623993448092766 -0.077346920300651489
leaf_weight=281.2266361117363 295.91667996346951 13.329559482634069 7.2002190798521033 123.37201829254627 3.3994771242141715 4.529588669538497 4.2533191889524451 4.3209441453218451 3.2480596825480488 4.5170720368623725 4.1489449962973586 39.054359525442123 2.9678329378366461 4.8834499642252904 5.2105482146143896 2.4877308011054984 2.38385409116745 4.2074268236756316 2.820527620613575 4.0946920663118362 3.927676610648632 4.2830489352345484 4.5307020917534828 2.4100317880511284 2.3817208856344241 6.3115460798144332 3.108076311647892 4.8521712943911552 4.7906455919146529 3.6348889395594588
leaf_count=1699 1229 118 32 666 16 40 39 37 29 40 28 346 28 44 47 22 21 36 25 36 35 38 40 20 21 55 26 43 29 21
internal_value=-0.00044719 -0.0104877 0.00931572 0.00825895 -0.00407385 -0.0236912 -0.0213356 -0.0190312 0.00142015 -0.00838009 0.00249457 -0.0295991 -0.0136167 -0.0067601 0.00641728 0.0542376 0.151739 -0.0268844 0.0408062 0.00319255 -0.0584075 -0.00960331 0.0269367 0.100199 -0.0302106 -0.0497086 -0.0190524 -0.0600944 -0.00391108 -0.00143242
internal_weight=857.803 422.889 434.914 427.714 284.626 138.263 133.733 129.48 44.1123 39.7914 35.2743 85.3677 46.3133 43.3455 34.5343 14.1768 4.87158 20.3575 7.02795 9.30524 8.81113 31.1254 11.2238 6.94073 19.9016 16.6535 10.342 7.23389 131.798 127.007
internal_count=4906 2929 1977 1945 1715 1214 1174 1135 377 340 300 758 412 384 305 126 43 179 61 83 79 272 98 60 174 145 90 64 716 687
is_linear=0
shrinkage=0.1


Tree=18
num_leaves=31
num_cat=0
split_feature=5 268 8 13 78 139 94 14 62 15 0 9 0 0 139 0 6 54 0 133 0 138 62 47 74 14 80 6 45 12
split_gain=6.90823 3.22666 3.43025 2.63697 7.1305 6.34643 5.61345 5.28304 4.17023 4.06131 3.89668 4.5672 3.88406 5.19057 4.12435 3.76471 3.98758 3.51044 3.32423 3.1992 3.47815 4.59337 5.48203 3.18513 4.5986 3.18347 2.98535 2.94277 3.08039 3.71324
threshold=1.0000000180025095e-35 1.0000000180025095e-35 1.0000000180025095e-35 1.0000000180025095e-35 1.0000000180025095e-35 1.0000000180025095e-35 1.0000000180025095e-35 1.0000000180025095e-35 1.0000000180025095e-35 1.0000000180025095e-35 3.7686516046524052 1.0000000180025095e-35 10.380561351776125 9.3497605323791522 1.0000000180025095e-35 2.2026009559631352 1.0000000180025095e-35 1.0000000180025095e-35 9.8631072044372576 1.0000000180025095e-35 3.0691307783126835 1.0000000180025095e-35 1.0000000180025095e-35 1.0000000180025095e-35 1.0000000180025095e-35 1.0000000180025095e-35 1.0000000180025095e-35 1.0000000180025095e-35 1.0000000180025095e-35 1.0000000180025095e-35
decision_type=2 2 2 2 2 2 2 2 2 2 2 2 2 2 2 2 2 2 2 2 2 2 2 2 2 2 2 2 2 2
left_child=1 2 -1 12 5 6 8 -6 10 27 11 -5 13 15 -14 -2 19 -15 -19 20 -17 22 -22 24 25 -24 -18 28 29 -10
right_child=3 -3 -4 4 7 -7 -8 -9 9 -11 -12 -13 14 17 -16 16 26 18 -20 -21 21 -23 23 -25 -26 -27 -28 -29 -30 -31
leaf_value=-0.0042633360917596645 -0.088760170123134585 0.072148140569028241 -0.023698617680742277 0.11960035147621706 -0.00074142746711903726 -0.0357793244190849 -0.035856934580972437 -0.1374296039640539 0.04305876240220527 0.019726501388670506 0.0030705338728826319 -0.0064079083103931733 -0.017540636177464871 0.11834251596251573 0.054632460415314936 -0.056701254513007275 -0.0060857946550119625 -0.021846441443160589 0.080579210887669103 -0.007190271043682148 0.078904587491021416 0.13324200997485403 -0.11038234784724549 0.07586820466134922 0.029013042869266831 -3.0712254128036343e-05 -0.092529243385304993 0.099435585908861521 0.0037606435491394832 0.14238361440199168
leaf_weight=280.87898525595665 4.1088923364877692 4.772624433040618 134.2014446631074 6.9541196525096876 6.840083032846449 16.035974130034447 11.645136967301367 4.820281133055687 12.199260219931604 24.540696054697037 45.159828156232834 4.9054566472768784 103.29064716398716 6.8465808779001245 8.5751331299543363 3.8007722795009604 46.446625277400017 6.3235498070716858 6.3511095196008682 25.409599885344505 16.559596210718155 5.0270098000764838 5.5350551158189809 5.5393808186054221 14.224381133913994 4.954041987657547 4.3711220920085898 19.654172599315643 9.7912626713514346 5.4433536678552619
leaf_count=1699 18 29 1201 30 30 70 50 21 52 105 196 21 496 31 42 17 213 28 28 125 76 23 25 27 64 22 21 82 41 23
internal_value=-0.000454929 -0.00960701 -0.010547 0.00837131 0.0181897 0.0238165 0.0306284 -0.057247 0.0366466 0.0527104 0.0164671 0.0674798 0.0022022 0.0124252 -0.0120082 0.00550264 0.0084398 0.0606448 0.0294777 0.0222093 0.0356354 0.0424053 0.0326507 0.00733256 -0.0080293 -0.0582628 -0.0135213 0.0699004 0.0487409 0.0737039
internal_weight=855.206 419.853 415.08 435.353 167.99 156.329 140.293 11.6604 128.648 71.6287 57.0194 11.8596 267.363 155.498 111.866 135.976 131.868 19.5212 12.6747 81.0498 55.6402 51.8395 46.8125 30.2529 24.7135 10.4891 50.8177 47.088 27.4339 17.6426
internal_count=4906 2929 2900 1977 721 670 600 51 550 303 247 51 1256 718 538 631 613 87 56 379 254 237 214 138 111 47 234 198 116 75
is_linear=0
shrinkage=0.1


Tree=19
num_leaves=31
num_cat=0
split_feature=5 143 278 266 268 8 272 176 22 15 0 68 0 113 67 0 0 1 0 26 12 0 35 40 0 6 9 54 1 10
split_gain=5.60163 3.10089 2.92802 2.85938 2.47988 2.47476 2.38704 2.23323 4.38567 2.47157 4.67402 5.12913 4.10774 2.49454 5.87373 2.43418 5.16116 3.48419 3.23262 3.02517 4.69724 6.21962 5.89588 4.6769 5.28784 3.16387 3.80455 4.52465 3.00598 3.58842
threshold=1.0000000180025095e-35 1.0000000180025095e-35 1.0000000180025095e-35 1.0000000180025095e-35 1.0000000180025095e-35 1.0000000180025095e-35 1.0000000180025095e-35 1.0000000180025095e-35 1.0000000180025095e-35 1.0000000180025095e-35 15.63039016723633 1.0000000180025095e-35 15.63039016723633 1.0000000180025095e-35 1.0000000180025095e-35 2.960985660552979 3.4811772108078007 -0.46444596350193018 3.8535249233245854 1.0000000180025095e-35 1.0000000180025095e-35 12.699520587921144 1.0000000180025095e-35 1.0000000180025095e-35 14.205338954925539 1.0000000180025095e-35 1.0000000180025095e-35 1.0000000180025095e-35 0.18929196149110797 1.0000000180025095e-35
decision_type=2 2 2 2 2 2 2 2 2 2 2 2 2 2 2 2 2 2 2 2 2 2 2 2 2 2 2 2 2 2
left_child=1 2 3 4 5 -1 7 9 -9 12 15 -12 13 -2 -15 -11 -17 18 -18 20 25 22 -22 24 28 26 27 -19 29 -21
right_child=6 -3 -4 -5 -6 -7 -8 8 -10 10 11 -13 -14 14 -16 16 17 19 -20 23 21 -23 -24 -25 -26 -27 -28 -29 -30 -31
leaf_value=-0.0033122078445303772 0.0085469964984143144 -0.09502713800742392 0.079108057502866924 -0.091840101021767415 0.062569534315653916 -0.020185741908189836 -0.064151074693227964 -0.10737900205672042 0.030688575641351752 -0.046449821878971592 0.006366357381918636 -0.10362518948014388 0.050721842038166515 -0.0062241246470049003 0.1393510310778025 0.089127569168452062 0.029499151085185561 0.028646686181500226 -0.066611124132498534 0.057549813404553576 -0.061580305188162376 0.11928876375314711 0.073806172064087766 -0.05716789255109217 -0.050869883826623941 -0.072537776792933925 0.04650305995274881 -0.099344024940653752 0.10179857770855748 -0.0088907655482458325
leaf_weight=272.3927173614502 224.49801805615425 4.1210748404264441 3.8360507488250724 4.0920451134443274 4.9430832266807547 127.65441499650478 4.6002810299396506 4.7455746531486493 4.4655789434909821 8.5057180821895582 8.24772809445858 8.7240548655390739 29.025081522762775 6.4109283834695798 4.8825462311506271 7.5310418754816046 4.9552649259567287 4.8702027201652545 11.912792623043059 24.503295607864857 7.803112134337427 5.6774369031190863 5.4724834710359573 6.0218177884817115 6.1648366898298255 11.69841741025448 7.9286626428365699 6.3807131052017212 8.4091751277446729 12.164617821574209
leaf_count=1650 1016 33 19 36 29 1162 22 23 19 39 38 42 131 28 22 32 21 23 56 110 36 26 24 29 28 54 35 29 39 55
internal_value=-0.000429278 -0.00871308 -0.00785164 -0.00866708 -0.00782669 -0.00869653 0.00750157 0.00826636 -0.0404437 0.00933011 -0.000612525 -0.0501729 0.0152236 0.010854 0.0567129 0.00539555 0.00874918 0.003866 -0.0383772 0.0105196 -0.00749736 0.0316909 -0.00577111 0.0261979 0.0359948 -0.0315513 -0.00655194 -0.0439405 0.0478746 0.0355081
internal_weight=852.639 417.039 412.918 409.082 404.99 400.047 435.599 430.999 9.21115 421.788 156.971 16.9718 264.817 235.791 11.2935 140 131.494 123.963 16.8681 107.095 49.831 18.953 13.2756 57.2637 51.2419 30.878 19.1796 11.2509 45.0771 36.6679
internal_count=4906 2929 2896 2877 2841 2812 1977 1955 42 1913 716 80 1197 1066 50 636 597 565 77 488 227 86 60 261 232 141 87 52 204 165
is_linear=0
shrinkage=0.1


Tree=20
num_leaves=31
num_cat=0
split_feature=277 148 5 143 0 1 266 8 54 137 55 138 14 0 21 127 104 60 0 13 0 139 21 139 0 10 73 1 36 6
split_gain=5.15936 4.51199 4.09538 2.67443 2.60611 4.11783 2.55013 2.38404 2.53318 6.27495 5.00674 4.21263 4.19867 6.13783 4.67133 4.93261 3.74096 3.13847 2.9998 2.51727 5.22808 7.35912 5.75125 4.72236 4.10341 3.84182 3.40909 3.42959 3.33567 3.32357
threshold=1.0000000180025095e-35 1.0000000180025095e-35 1.0000000180025095e-35 1.0000000180025095e-35 17.901437759399418 0.96379950642585765 1.0000000180025095e-35 1.0000000180025095e-35 1.0000000180025095e-35 1.0000000180025095e-35 1.0000000180025095e-35 1.0000000180025095e-35 1.0000000180025095e-35 6.9089665412902841 1.0000000180025095e-35 1.0000000180025095e-35 1.0000000180025095e-35 1.0000000180025095e-35 9.9780974388122576 1.0000000180025095e-35 5.1238877773284921 1.0000000180025095e-35 1.0000000180025095e-35 1.0000000180025095e-35 9.8631072044372576 1.0000000180025095e-35 1.0000000180025095e-35 0.82082289457321178 1.0000000180025095e-35 1.0000000180025095e-35
decision_type=2 2 2 2 2 2 2 2 2 2 2 2 2 2 2 2 2 2 2 2 2 2 2 2 2 2 2 2 2 2
left_child=1 2 3 4 5 6 -1 8 9 10 17 16 14 -14 15 18 19 -4 -12 23 -21 22 25 26 -25 29 28 -28 -10 -22
right_child=-2 -3 7 -5 -6 -7 -8 -9 11 -11 12 -13 13 -15 -16 -17 -18 -19 -20 20 21 -23 -24 24 -26 -27 27 -29 -30 -31
leaf_value=-0.0066940924589232861 0.10713670023138772 0.078566773137346724 0.0081105250815721123 -0.091671408247306685 0.072949204526297828 -0.086307408374302896 -0.08874124905005934 -0.0059575894012018488 -0.065422455783145192 -0.041981650271465887 0.13045534625613553 0.082340958816081736 0.10544838856480832 -0.029425722254504561 0.15414617025617403 -0.025374158096740797 0.074767420735600901 0.09020806487668305 0.044453266619116395 0.10780531360201068 0.027702952969191025 -0.10019168098682439 -0.07275902291487478 -0.013745730266411203 0.097903673318394155 -0.011524797953156571 0.0019138810122461278 -0.086544712151847003 0.026059542847289497 0.10980836965897278
leaf_weight=390.39077996462584 4.4374974668025962 7.0721445530652991 83.30675196647644 3.8584232181310645 3.9364348277449599 6.7420360073447219 3.8253375664353362 132.96378298848867 25.908744022250179 14.924647286534308 7.3992843776941397 6.1083311140537253 4.9037000834941855 10.816920131444929 6.1578049212694159 5.6046021133661261 6.0116842091083518 4.9321580082178107 8.9755770266056043 5.1272488087415686 12.505175858736038 6.1701435446739188 5.9658904969692221 6.9457136541604978 6.2573432326316833 11.765732854604719 39.319089651107788 4.9327676743268958 4.7104026973247519 8.138916090130806
leaf_count=2757 23 39 345 33 21 46 36 720 109 64 30 25 20 45 25 23 25 20 37 21 51 26 25 29 26 48 163 21 20 33
internal_value=-0.000408802 -0.000973122 -0.0016439 -0.00881024 -0.00802062 -0.00881555 -0.00749025 0.00517068 0.0101546 0.0194806 0.0264248 0.00100556 0.0540393 0.0126453 0.0771667 0.0556 -0.00245039 0.0126994 0.0833149 -0.0058204 0.0121802 0.00117372 0.0174715 -0.0159726 0.0391684 0.0340808 -0.0256964 -0.00794662 -0.051349 0.0600729
internal_weight=850.115 845.678 838.605 408.753 404.895 400.958 394.216 429.852 296.889 147.021 132.097 149.867 43.8579 15.7206 28.1373 21.9795 143.759 88.2389 16.3749 137.747 49.6731 44.5459 38.3757 88.0741 13.2031 32.4098 74.871 44.2519 30.6191 20.6441
internal_count=4906 4883 4844 2893 2860 2839 2793 1951 1231 609 545 622 180 65 115 90 597 365 67 572 204 183 157 368 55 132 313 184 129 84
is_linear=0
shrinkage=0.1


Tree=21
num_leaves=31
num_cat=0
split_feature=8 277 0 155 5 85 272 268 222 0 0 12 0 0 1 67 0 12 13 176 45 126 113 5 99 68 11 73 69 7
split_gain=4.11636 6.21008 2.725 3.17102 2.42539 2.35443 2.35923 2.76052 2.1985 2.57892 2.38651 3.18065 3.01121 7.83653 4.16717 3.51286 2.84179 4.87382 3.64746 2.88635 2.50974 2.99866 3.2555 4.61883 3.48571 6.69852 5.65258 4.79595 3.43852 6.15742
threshold=1.0000000180025095e-35 1.0000000180025095e-35 2.2026009559631352 1.0000000180025095e-35 1.0000000180025095e-35 1.0000000180025095e-35 1.0000000180025095e-35 1.0000000180025095e-35 1.0000000180025095e-35 2.6105407476425175 17.041751861572269 1.0000000180025095e-35 15.868583202362062 16.041068077087406 0.85185185074806224 1.0000000180025095e-35 14.054756641387941 1.0000000180025095e-35 1.0000000180025095e-35 1.0000000180025095e-35 1.0000000180025095e-35 1.0000000180025095e-35 1.0000000180025095e-35 1.0000000180025095e-35 1.0000000180025095e-35 1.0000000180025095e-35 1.0000000180025095e-35 1.0000000180025095e-35 1.0000000180025095e-35 1.0000000180025095e-35
decision_type=2 2 2 2 2 2 2 2 2 2 2 2 2 2 2 2 2 2 2 2 2 2 2 2 2 2 2 2 2 2
left_child=1 4 -2 5 -1 6 7 8 9 -4 12 -12 16 -14 -15 -16 19 -18 -19 20 21 22 24 -24 28 26 -26 -28 -11 -30
right_child=2 -3 3 -5 -6 -7 -8 -9 -10 10 11 -13 13 14 15 -17 17 18 -20 -21 -22 -23 23 -25 25 -27 27 -29 29 -31
leaf_value=-0.0032331844145125606 -0.099059753712941165 0.13041090483296575 -0.099196195765404088 0.090722125682418997 0.0097227198286987324 -0.080899535787449892 -0.094256307898347422 0.091109577887264606 0.07710622601916034 0.00051976911398190953 -0.093054885005752042 0.02447778019353045 0.16168020265909233 -0.061991634702876178 -0.021769253604377783 0.13065162768677804 -0.075172254096313118 -0.028378963338249647 0.095518290241959736 -0.082799547226897835 -0.022678178009740143 -0.078190827339730151 -0.022793115479732985 0.13249200986853285 -0.041830271464297193 0.15962345919535867 0.17511785387805659 -0.00038297653611933376 -0.12055769036702113 0.057457970245718498
leaf_weight=279.21150306612253 3.4462666884064665 3.8797746747732154 3.23483633249998 3.1160170733928672 299.46792538464069 4.6992231383919707 3.2394487187266341 2.7589202374219886 2.8984458371996871 91.88922057300806 7.2392548471689206 3.3763728365302086 3.7272069528698912 6.1465614363551122 3.0051104873418808 3.0434205085039139 16.279957607388496 7.450041778385641 3.488842599093914 4.7585841268301001 51.289423771202564 4.3558792546391478 3.2632994577288619 4.6375744193792343 8.4954332709312457 3.834663212299346 2.9832587614655486 3.257161520421505 6.146891809999941 2.8411283567547798
leaf_count=1705 24 17 23 19 1243 37 23 18 20 660 62 27 23 46 24 20 123 55 21 36 385 33 30 23 64 26 21 25 49 24
internal_value=-0.000382767 0.00431693 -0.0107181 -0.00955364 0.00347153 -0.0107631 -0.00946372 -0.00836675 -0.00947499 -0.0105004 -0.00931234 -0.0556728 -0.00718086 0.0347807 -0.00400379 0.0549239 -0.0102888 -0.0404858 0.0111368 -0.00591111 -0.0039117 0.00339649 0.00618713 0.0683546 0.00207507 0.0418895 0.011252 0.0835159 -0.00525439 -0.0642866
internal_weight=847.462 582.559 264.902 261.456 578.679 258.34 253.641 250.401 247.643 244.744 241.509 10.6156 230.894 15.9223 12.1951 6.04853 214.971 27.2188 10.9389 187.753 182.994 131.705 127.349 7.90087 119.448 18.5705 14.7359 6.24042 100.877 8.98802
internal_count=4906 2965 1941 1917 2948 1898 1861 1838 1820 1800 1777 89 1688 113 90 44 1575 199 76 1376 1340 955 922 53 869 136 110 46 733 73
is_linear=0
shrinkage=0.1


Tree=22
num_leaves=31
num_cat=0
split_feature=148 8 277 0 155 208 267 13 78 14 222 94 151 99 88 45 25 1 27 141 0 1 51 40 41 83 14 69 0 61
split_gain=3.46244 3.46879 4.9813 2.33802 2.51947 2.29952 2.16855 2.08836 3.88321 10.2054 3.51781 3.2785 4.17421 4.07803 3.58632 3.18129 6.17545 5.35972 2.64268 2.84172 3.16229 6.25882 5.23385 3.89172 3.44168 3.0034 4.42413 3.39982 4.91312 4.4766
threshold=1.0000000180025095e-35 1.0000000180025095e-35 1.0000000180025095e-35 2.2026009559631352 1.0000000180025095e-35 1.0000000180025095e-35 1.0000000180025095e-35 1.0000000180025095e-35 1.0000000180025095e-35 1.0000000180025095e-35 1.0000000180025095e-35 1.0000000180025095e-35 1.0000000180025095e-35 1.0000000180025095e-35 1.0000000180025095e-35 1.0000000180025095e-35 1.0000000180025095e-35 -0.28800669312477106 1.0000000180025095e-35 1.0000000180025095e-35 14.29021215438843 0.61715719103813182 1.0000000180025095e-35 1.0000000180025095e-35 1.0000000180025095e-35 1.0000000180025095e-35 1.0000000180025095e-35 1.0000000180025095e-35 15.727583885192873 1.0000000180025095e-35
decision_type=2 2 2 2 2 2 2 2 2 2 2 2 2 2 2 2 2 2 2 2 2 2 2 2 2 2 2 2 2 2
left_child=1 2 5 -3 6 7 -5 18 10 -10 11 12 14 -13 15 16 -9 -17 -1 20 24 -22 23 -23 -20 26 27 28 -24 -29
right_child=-2 3 -4 4 -6 -7 -8 8 9 -11 -12 13 -14 -15 -16 17 -18 -19 19 -21 21 22 25 -25 -26 -27 -28 29 -30 -31
leaf_value=0.05480399868445901 0.068258030371122755 -0.094860199625413144 0.11533385305348637 -0.011631321911007882 0.077865149993873325 -0.074405979479006443 0.073996237446296506 -0.060400784124244412 0.02650858807578732 -0.12681106986216667 0.10612778808636476 -0.07032290471489909 0.085974734248460707 0.019925288906625593 -0.079748319426317549 0.086406386960867179 0.029471497923385128 -0.015374510788043428 0.006880685255550161 -0.085152834234253405 -0.11921542980573395 -0.11373000616652756 0.11246321524933185 0.00079867123627393437 -0.029640994317891269 -0.064366390988486219 0.058199282629954822 -0.0084109624465696763 -0.020400338714131418 -0.12922962656654219
leaf_weight=7.9793656393885604 7.2857365831732741 3.2492593079805365 3.9443586468696585 250.73025568574667 3.2591164112091056 3.8548047542572013 2.9929262995719901 8.1648845225572568 10.956357732415201 7.1907518804073325 4.0578425079584113 10.282436519861221 8.1886761337518674 9.7590387165546417 4.0751581192016593 5.7708008438348761 120.23860040307045 50.011559523642063 224.47296564280987 4.2018111646175376 6.0107015371322623 7.6953346282243711 4.4338496029376984 4.8286911696195602 29.154185503721237 5.7716759741306296 14.051430404186247 10.935372352600096 7.4760762378573418 4.2620274275541314
leaf_count=38 39 24 17 1857 19 20 24 42 59 38 17 55 35 46 23 30 596 253 1164 22 30 39 22 25 164 29 68 54 37 20
internal_value=-0.000381514 -0.00097828 0.0033396 -0.0105649 -0.00949905 0.00256977 -0.0106213 0.00309037 0.0102213 -0.034244 0.01388 0.0121509 0.0160815 -0.0263773 0.0130414 0.0150944 0.0237567 -0.00484507 -0.00204778 -0.00345096 -0.00237511 -0.0219697 -0.0121384 -0.069573 0.00268255 0.00318886 0.0126621 -0.0109427 0.0290624 -0.0422939
internal_weight=845.286 838 577.769 260.232 256.982 573.824 253.723 569.97 238.696 18.1471 220.549 216.491 196.45 20.0415 188.261 184.186 128.403 55.7824 331.273 323.294 319.092 65.4652 59.4545 12.524 253.627 46.9304 41.1588 27.1073 11.9099 15.1974
internal_count=4906 4867 2943 1924 1900 2926 1881 2906 1194 97 1097 1080 979 101 944 921 638 283 1712 1674 1652 324 294 64 1328 230 201 133 59 74
is_linear=0
shrinkage=0.1


Tree=23
num_leaves=31
num_cat=0
split_feature=242 5 88 148 278 47 49 103 268 0 0 222 0 73 0 8 10 132 14 9 40 6 0 147 0 0 11 16 10 0
split_gain=3.27721 3.45944 5.17998 2.78302 2.50202 3.11674 2.72816 2.4945 2.65884 3.30158 7.11542 3.32695 2.39508 2.80884 3.79358 4.30004 3.56471 3.04757 4.82074 3.21338 5.78413 3.98548 2.34845 4.25822 4.23969 3.10912 2.76514 2.58276 2.67902 3.8854
threshold=1.0000000180025095e-35 1.0000000180025095e-35 1.0000000180025095e-35 1.0000000180025095e-35 1.0000000180025095e-35 1.0000000180025095e-35 1.0000000180025095e-35 1.0000000180025095e-35 1.0000000180025095e-35 17.370294570922855 15.868583202362062 1.0000000180025095e-35 6.1615331172943124 1.0000000180025095e-35 17.006159782409672 1.0000000180025095e-35 1.0000000180025095e-35 1.0000000180025095e-35 1.0000000180025095e-35 1.0000000180025095e-35 1.0000000180025095e-35 1.0000000180025095e-35 4.0561258792877206 1.0000000180025095e-35 3.7686516046524052 4.3367555141448983 1.0000000180025095e-35 1.0000000180025095e-35 1.0000000180025095e-35 3.0266940593719487
decision_type=2 2 2 2 2 2 2 2 2 2 2 2 2 2 2 2 2 2 2 2 2 2 2 2 2 2 2 2 2 2
left_child=1 2 4 -3 5 7 -7 8 9 10 11 22 -8 14 15 17 -15 18 -14 21 -21 -20 24 25 27 26 -24 28 29 -1
right_child=-2 3 -4 -5 -6 6 12 -9 -10 -11 -12 -13 13 16 -16 -17 -18 -19 19 20 -22 -23 23 -25 -26 -27 -28 -29 -30 -31
leaf_value=-0.017839149697605194 0.074536969575624099 0.0045389622879790396 -0.082081732226482573 0.085046415086842478 0.074443771245619378 -0.12243798269948625 -0.084336002703475979 -0.088627286301190905 0.080965207324961305 -0.050697567220604214 0.072144652648197069 0.08911716208084676 -0.034788738159081366 -0.0079896642156692312 0.080468174967589901 -0.052544277892340688 -0.084143296255687741 0.075576073126701199 0.05505558391201764 0.18703436891195541 0.0047323251254858603 -0.076166918618015722 0.11537069718275009 -0.11588722988116813 -0.10278694549942496 -3.4204773963798657e-07 -0.0052011230969431109 -0.0407954118032526 -0.028198100190974951 0.080788916247074335
leaf_weight=7.6878244057297733 5.8008182868361464 427.22052922844887 9.1060245633125287 4.3374176472425452 3.8480714857578269 2.6264385730028144 5.3266543895006171 3.2424147799611083 3.9587925747036925 13.047002628445624 13.29665184766054 3.8745908066630355 22.232430286705494 12.918356649577618 4.8469773530960074 18.021968565881252 11.726200260221958 5.4307799041271201 5.3713698983192462 3.1995162963867179 3.8164214491844177 4.067033164203167 4.5018298700451842 3.0840439796447745 5.8943361416459075 191.1373533681035 3.2936684414744377 19.731219552457333 12.633823379874231 8.3136189728975278
leaf_count=59 40 1946 85 19 19 20 41 25 22 86 77 21 145 98 34 179 96 33 33 20 24 26 29 28 46 1338 22 146 90 59
internal_value=-0.000367781 -0.000886416 -0.00750957 0.00534811 -0.00579966 -0.0065848 -0.0218729 -0.00140106 -0.00042733 -0.00155201 0.00079286 -0.002854 -0.0191487 -0.0153593 -0.00473968 -0.011386 -0.0442246 0.00542708 -0.00442031 0.0366123 0.0878685 -0.00148854 -0.00424449 0.000716682 -0.0227153 0.00252438 0.064428 -0.0129571 0.00622499 0.0334035
internal_weight=843.594 837.793 406.235 431.558 397.129 393.281 99.5841 293.697 290.455 286.496 273.449 260.152 96.9577 91.6311 66.9865 62.1395 24.6446 44.1176 38.6868 16.4543 7.01594 9.4384 256.278 202.017 54.2608 198.933 7.7955 48.3665 28.6353 16.0014
internal_count=4906 4866 2901 1965 2816 2797 749 2048 2023 2001 1915 1838 729 688 494 460 194 281 248 103 44 59 1817 1417 400 1389 51 354 208 118
is_linear=0
shrinkage=0.1


Tree=24
num_leaves=31
num_cat=0
split_feature=13 78 0 14 41 26 0 12 118 94 97 139 151 1 65 26 0 26 95 1 12 53 0 26 10 12 87 0 81 34
split_gain=2.77427 5.30306 7.03858 3.88531 3.58892 4.33358 3.77749 3.50565 3.04391 3.22501 3.96993 3.82458 3.32805 3.41682 3.06146 5.27378 3.04118 3.22522 2.7976 3.13459 8.30189 9.13546 5.2989 6.48784 3.65117 3.1209 3.12918 2.79984 7.21323 3.36022
threshold=1.0000000180025095e-35 1.0000000180025095e-35 10.709103107452394 1.0000000180025095e-35 1.0000000180025095e-35 1.0000000180025095e-35 2.2026009559631352 1.0000000180025095e-35 1.0000000180025095e-35 1.0000000180025095e-35 1.0000000180025095e-35 1.0000000180025095e-35 1.0000000180025095e-35 -0.0050954443868249646 1.0000000180025095e-35 1.0000000180025095e-35 11.23477077484131 1.0000000180025095e-35 1.0000000180025095e-35 0.59692752361297619 1.0000000180025095e-35 1.0000000180025095e-35 15.683778285980226 1.0000000180025095e-35 1.0000000180025095e-35 1.0000000180025095e-35 1.0000000180025095e-35 3.8535249233245854 1.0000000180025095e-35 1.0000000180025095e-35
decision_type=2 2 2 2 2 2 2 2 2 2 2 2 2 2 2 2 2 2 2 2 2 2 2 2 2 2 2 2 2 2
left_child=4 8 3 7 6 -6 -1 -3 9 10 11 12 14 -14 18 -16 17 -13 19 25 24 -22 -23 -24 -21 26 -2 28 -27 -29
right_child=1 2 -4 -5 5 -7 -8 -9 -10 -11 -12 16 13 -15 15 -17 -18 -19 -20 20 21 22 23 -25 -26 27 -28 29 -30 -31
leaf_value=-0.072577054408216587 0.017121352237233402 -0.061277824372787316 0.099310436764502935 -0.11085896045205315 -0.001828219255228927 -0.066454322973186791 -0.0014123377543949357 0.043901961323287393 0.10080736308040009 -0.022592312021076838 0.11192634486466223 -0.039872240598886603 0.012364969346613509 0.12477001592547665 0.042270884423686851 -0.09376285186279254 -0.063096851564333395 0.049160854497471818 -0.056687157368197176 0.03881497992077651 0.21569769469170913 0.15233290891245832 0.084313914848501842 -0.088431699956088142 -0.033034283727336217 0.10332786525092903 0.09913926623382073 -0.029648127909429063 -0.051398800392370075 0.027193435869392137
leaf_weight=7.5862649530172339 110.324941881001 9.1790892481803912 3.2934153974056235 8.4354754984378815 21.289695307612419 20.240891300141811 444.23146210610867 4.8396308347582826 3.6455658078193656 29.491743102669716 3.9312187209725371 8.3229288756847435 5.3811348304152489 5.4362487494945508 4.8530672714114171 6.9044226035475731 11.752455860376356 7.9599654227495185 5.3678328767418853 15.921254150569439 4.5861902832984933 3.6312245428562173 4.976556755602358 3.8608375489711761 12.726080134510994 7.0161029249429685 4.8564895242452613 42.630917802453041 5.2807908654212952 13.755905322730539
leaf_count=47 604 58 21 51 139 138 2642 30 20 167 19 45 28 28 26 38 67 42 32 85 23 19 25 23 74 39 27 242 29 78
internal_value=-0.000368837 0.00646328 -0.0372106 -0.0572344 -0.00519311 -0.0333252 -0.00260723 -0.024967 0.00994886 0.00891041 0.0121199 0.0107458 0.0145645 0.0688538 0.0121839 -0.037613 -0.0243292 0.00365198 0.014676 0.0163447 0.0397825 0.0950206 0.0506333 0.00884566 0.00689719 0.0105189 0.0205795 -0.00635265 0.0368819 -0.0157813
internal_weight=841.71 348.361 25.7476 22.4542 493.348 41.5306 451.818 14.0187 322.614 318.968 289.477 285.545 257.51 10.8174 246.693 11.7575 28.0354 16.2829 234.935 229.567 45.7021 17.0548 12.4686 8.83739 28.6473 183.865 115.181 68.6837 12.2969 56.3868
internal_count=4906 1940 160 139 2966 277 2689 88 1780 1760 1593 1574 1420 56 1364 64 154 87 1300 1268 249 90 67 48 159 1019 631 388 68 320
is_linear=0
shrinkage=0.1


Tree=25
num_leaves=31
num_cat=0
split_feature=5 0 1 242 88 1 143 47 0 0 69 0 102 56 67 81 85 148 146 8 16 0 73 1 15 83 15 13 14 26
split_gain=2.67074 2.26118 2.27093 2.14227 4.41667 2.38417 2.13828 2.09854 3.32007 4.11305 3.48121 4.53644 3.22031 3.21103 2.64984 2.85287 2.35377 2.09813 2.13633 2.0932 4.10296 3.11324 3.13628 3.02096 4.85886 3.3279 2.87478 3.28555 2.82674 2.15899
threshold=1.0000000180025095e-35 17.901437759399418 0.96379950642585765 1.0000000180025095e-35 1.0000000180025095e-35 -0.22746976464986798 1.0000000180025095e-35 1.0000000180025095e-35 16.286105155944828 13.030800819396974 1.0000000180025095e-35 12.057495117187502 1.0000000180025095e-35 1.0000000180025095e-35 1.0000000180025095e-35 1.0000000180025095e-35 1.0000000180025095e-35 1.0000000180025095e-35 1.0000000180025095e-35 1.0000000180025095e-35 1.0000000180025095e-35 6.1615331172943124 1.0000000180025095e-35 -0.22138565033674237 1.0000000180025095e-35 1.0000000180025095e-35 1.0000000180025095e-35 1.0000000180025095e-35 1.0000000180025095e-35 1.0000000180025095e-35
decision_type=2 2 2 2 2 2 2 2 2 2 2 2 2 2 2 2 2 2 2 2 2 2 2 2 2 2 2 2 2 2
left_child=1 2 3 4 6 -6 7 16 9 10 11 12 19 -12 15 -10 -1 18 -2 21 -21 -9 23 24 -23 26 27 -25 -24 -22
right_child=17 -3 -4 -5 5 -7 -8 8 14 -11 13 -13 -14 -15 -16 -17 -18 -19 -20 20 29 22 28 25 -26 -27 -28 -29 -30 -31
leaf_value=0.0011751608187254557 0.0035300725998770321 0.068989374873905482 -0.066044050142416058 0.070333442341589808 0.00089603222025566934 -0.113928008685101 -0.084712333102708384 -0.094635208523546593 -0.044842432050862829 -0.12288739557641722 0.1319175845837621 -0.11750046711776126 -0.12060396944053076 -0.018048324411938682 0.058908345143517116 0.063280372864346915 -0.065614959469740955 0.073791472946813055 0.062079639100136391 -0.089237280559833224 -0.050256993724805223 0.0086394964436200729 -0.086079802736954286 0.11667546930681727 0.16931357233814309 -0.093973264071892298 -0.030651857929052669 -0.0012865606381564088 0.015187553315655142 0.059955817227227794
leaf_weight=279.22864053398371 423.072459384799 3.9625398814678183 6.3937296569347373 3.6457919105887404 2.6240782886743546 5.8167074397206289 3.344758126884698 3.3790568485856047 8.3069203421473485 4.2145984247326842 2.7332328855991355 5.1862586587667456 3.02545441687107 2.9893230944871902 9.0457010269165039 3.4554209411144265 5.3780412152409545 4.401029720902442 6.3250643014907828 9.1940867975354212 3.1716475486755362 4.4244681596755937 5.9445514455437642 4.590579256415376 3.2754109054803848 2.9975079447031012 6.4347706213593474 4.8618071973323822 5.1396094337105751 4.0432866215705872
leaf_count=1940 1929 21 47 27 26 58 33 23 59 32 19 44 23 25 61 21 42 19 29 104 31 27 45 31 19 19 43 31 38 40
internal_value=-0.000361868 -0.00618248 -0.0069219 -0.00596841 -0.0066766 -0.0782314 -0.00510523 -0.00440641 -0.0171572 -0.0268924 -0.0212253 -0.0277439 -0.0200475 0.0535791 0.0182153 -0.0130792 -8.69319e-05 0.00509659 0.00439251 -0.0147525 -0.0449408 -0.00268465 0.00556373 0.0241955 0.0769878 0.0026704 0.0209046 0.056002 -0.0391232 0.0115068
internal_weight=840.607 406.808 402.845 396.452 392.806 8.44079 384.365 381.02 96.4137 75.6057 71.3911 65.6685 60.4822 5.72256 20.808 11.7623 284.607 433.799 429.398 57.4568 16.409 41.0478 37.6687 26.5845 7.69988 18.8847 15.8872 9.45239 11.0842 7.21493
internal_count=4906 2929 2908 2861 2834 84 2750 2717 735 594 562 518 474 44 141 80 1982 1977 1958 451 175 276 253 170 46 124 105 62 83 71
is_linear=0
shrinkage=0.1


end of trees

feature_importances:
Column_0=138
Column_1=44
Column_8=40
Column_13=35
Column_5=25
Column_12=25
Column_10=20
Column_14=20
Column_73=17
Column_15=15
Column_7=13
Column_16=13
Column_6=12
Column_26=12
Column_61=11
Column_81=11
Column_9=10
Column_42=10
Column_68=9
Column_99=9
Column_45=8
Column_47=8
Column_65=8
Column_88=8
Column_95=8
Column_139=8
Column_151=8
Column_21=7
Column_27=7
Column_55=7
Column_67=7
Column_54=6
Column_140=6
Column_278=6
Column_11=5
Column_51=5
Column_69=5
Column_78=5
Column_83=5
Column_133=5
Column_227=5
Column_268=5
Column_22=4
Column_94=4
Column_113=4
Column_137=4
Column_138=4
Column_143=4
Column_148=4
Column_153=4
Column_222=4
Column_272=4
Column_35=3
Column_40=3
Column_50=3
Column_56=3
Column_60=3
Column_62=3
Column_74=3
Column_132=3
Column_135=3
Column_168=3
Column_176=3
Column_226=3
Column_266=3
Column_277=3
Column_19=2
Column_34=2
Column_41=2
Column_49=2
Column_53=2
Column_57=2
Column_64=2
Column_70=2
Column_71=2
Column_76=2
Column_77=2
Column_79=2
Column_82=2
Column_85=2
Column_98=2
Column_108=2
Column_126=2
Column_155=2
Column_242=2
Column_17=1
Column_23=1
Column_24=1
Column_25=1
Column_36=1
Column_58=1
Column_59=1
Column_63=1
Column_80=1
Column_84=1
Column_86=1
Column_87=1
Column_96=1
Column_97=1
Column_101=1
Column_102=1
Column_103=1
Column_104=1
Column_118=1
Column_127=1
Column_134=1
Column_141=1
Column_146=1
Column_147=1
Column_201=1
Column_208=1
Column_230=1
Column_234=1
Column_267=1

parameters:
[boosting: gbdt]
[objective: binary]
[metric: binary_logloss]
[tree_learner: serial]
[device_type: cpu]
[data_sample_strategy: bagging]
[data: ]
[valid: ]
[num_iterations: 300]
[learning_rate: 0.1]
[num_leaves: 31]
[num_threads: 0]
[seed: 0]
[deterministic: 0]
[force_col_wise: 0]
[force_row_wise: 0]
[histogram_pool_size: -1]
[max_depth: -1]
[min_data_in_leaf: 20]
[min_sum_hessian_in_leaf: 0.001]
[bagging_fraction: 1]
[pos_bagging_fraction: 1]
[neg_bagging_fraction: 1]
[bagging_freq: 0]
[bagging_seed: 7719]
[bagging_by_query: 0]
[feature_fraction: 1]
[feature_fraction_bynode: 1]
[feature_fraction_seed: 2437]
[extra_trees: 0]
[extra_seed: 11797]
[early_stopping_round: 0]
[early_stopping_min_delta: 0]
[first_metric_only: 0]
[max_delta_step: 0]
[lambda_l1: 0]
[lambda_l2: 0]
[linear_lambda: 0]
[min_gain_to_split: 0]
[drop_rate: 0.1]
[max_drop: 50]
[skip_drop: 0.5]
[xgboost_dart_mode: 0]
[uniform_drop: 0]
[drop_seed: 21238]
[top_rate: 0.2]
[other_rate: 0.1]
[min_data_per_group: 100]
[max_cat_threshold: 32]
[cat_l2: 10]
[cat_smooth: 10]
[max_cat_to_onehot: 4]
[top_k: 20]
[monotone_constraints: ]
[monotone_constraints_method: basic]
[monotone_penalty: 0]
[feature_contri: ]
[forcedsplits_filename: ]
[refit_decay_rate: 0.9]
[cegb_tradeoff: 1]
[cegb_penalty_split: 0]
[cegb_penalty_feature_lazy: ]
[cegb_penalty_feature_coupled: ]
[path_smooth: 0]
[interaction_constraints: ]
[verbosity: -1]
[saved_feature_importance_type: 0]
[use_quantized_grad: 0]
[num_grad_quant_bins: 4]
[quant_train_renew_leaf: 0]
[stochastic_rounding: 1]
[linear_tree: 0]
[max_bin: 255]
[max_bin_by_feature: ]
[min_data_in_bin: 3]
[bin_construct_sample_cnt: 200000]
[data_random_seed: 38]
[is_enable_sparse: 1]
[enable_bundle: 1]
[use_missing: 1]
[zero_as_missing: 0]
[feature_pre_filter: 1]
[pre_partition: 0]
[two_round: 0]
[header: 0]
[label_column: ]
[weight_column: ]
[group_column: ]
[ignore_column: ]
[categorical_feature: ]
[forcedbins_filename: ]
[precise_float_parser: 0]
[parser_config_file: ]
[objective_seed: 8855]
[num_class: 1]
[is_unbalance: 0]
[scale_pos_weight: 1]
[sigmoid: 1]
[boost_from_average: 1]
[reg_sqrt: 0]
[alpha: 0.9]
[fair_c: 1]
[poisson_max_delta_step: 0.7]
[tweedie_variance_power: 1.5]
[lambdarank_truncation_level: 30]
[lambdarank_norm: 1]
[label_gain: ]
[lambdarank_position_bias_regularization: 0]
[eval_at: ]
[multi_error_top_k: 1]
[auc_mu_weights: ]
[num_machines: 1]
[local_listen_port: 12400]
[time_out: 120]
[machine_list_filename: ]
[machines: ]
[gpu_platform_id: -1]
[gpu_device_id: -1]
[gpu_device_id_list: ]
[gpu_use_dp: 0]
[num_gpu: 1]

end of parameters

pandas_categorical:null
