tree
version=v4
num_class=1
num_tree_per_iteration=1
label_index=0
max_feature_idx=567
objective=binary sigmoid:1
feature_names=Column_0 Column_1 Column_2 Column_3 Column_4 Column_5 Column_6 Column_7 Column_8 Column_9 Column_10 Column_11 Column_12 Column_13 Column_14 Column_15 Column_16 Column_17 Column_18 Column_19 Column_20 Column_21 Column_22 Column_23 Column_24 Column_25 Column_26 Column_27 Column_28 Column_29 Column_30 Column_31 Column_32 Column_33 Column_34 Column_35 Column_36 Column_37 Column_38 Column_39 Column_40 Column_41 Column_42 Column_43 Column_44 Column_45 Column_46 Column_47 Column_48 Column_49 Column_50 Column_51 Column_52 Column_53 Column_54 Column_55 Column_56 Column_57 Column_58 Column_59 Column_60 Column_61 Column_62 Column_63 Column_64 Column_65 Column_66 Column_67 Column_68 Column_69 Column_70 Column_71 Column_72 Column_73 Column_74 Column_75 Column_76 Column_77 Column_78 Column_79 Column_80 Column_81 Column_82 Column_83 Column_84 Column_85 Column_86 Column_87 Column_88 Column_89 Column_90 Column_91 Column_92 Column_93 Column_94 Column_95 Column_96 Column_97 Column_98 Column_99 Column_100 Column_101 Column_102 Column_103 Column_104 Column_105 Column_106 Column_107 Column_108 Column_109 Column_110 Column_111 Column_112 Column_113 Column_114 Column_115 Column_116 Column_117 Column_118 Column_119 Column_120 Column_121 Column_122 Column_123 Column_124 Column_125 Column_126 Column_127 Column_128 Column_129 Column_130 Column_131 Column_132 Column_133 Column_134 Column_135 Column_136 Column_137 Column_138 Column_139 Column_140 Column_141 Column_142 Column_143 Column_144 Column_145 Column_146 Column_147 Column_148 Column_149 Column_150 Column_151 Column_152 Column_153 Column_154 Column_155 Column_156 Column_157 Column_158 Column_159 Column_160 Column_161 Column_162 Column_163 Column_164 Column_165 Column_166 Column_167 Column_168 Column_169 Column_170 Column_171 Column_172 Column_173 Column_174 Column_175 Column_176 Column_177 Column_178 Column_179 Column_180 Column_181 Column_182 Column_183 Column_184 Column_185 Column_186 Column_187 Column_188 Column_189 Column_190 Column_191 Column_192 Column_193 Column_194 Column_195 Column_196 Column_197 Column_198 Column_199 Column_200 Column_201 Column_202 Column_203 Column_204 Column_205 Column_206 Column_207 Column_208 Column_209 Column_210 Column_211 Column_212 Column_213 Column_214 Column_215 Column_216 Column_217 Column_218 Column_219 Column_220 Column_221 Column_222 Column_223 Column_224 Column_225 Column_226 Column_227 Column_228 Column_229 Column_230 Column_231 Column_232 Column_233 Column_234 Column_235 Column_236 Column_237 Column_238 Column_239 Column_240 Column_241 Column_242 Column_243 Column_244 Column_245 Column_246 Column_247 Column_248 Column_249 Column_250 Column_251 Column_252 Column_253 Column_254 Column_255 Column_256 Column_257 Column_258 Column_259 Column_260 Column_261 Column_262 Column_263 Column_264 Column_265 Column_266 Column_267 Column_268 Column_269 Column_270 Column_271 Column_272 Column_273 Column_274 Column_275 Column_276 Column_277 Column_278 Column_279 Column_280 Column_281 Column_282 Column_283 Column_284 Column_285 Column_286 Column_287 Column_288 Column_289 Column_290 Column_291 Column_292 Column_293 Column_294 Column_295 Column_296 Column_297 Column_298 Column_299 Column_300 Column_301 Column_302 Column_303 Column_304 Column_305 Column_306 Column_307 Column_308 Column_309 Column_310 Column_311 Column_312 Column_313 Column_314 Column_315 Column_316 Column_317 Column_318 Column_319 Column_320 Column_321 Column_322 Column_323 Column_324 Column_325 Column_326 Column_327 Column_328 Column_329 Column_330 Column_331 Column_332 Column_333 Column_334 Column_335 Column_336 Column_337 Column_338 Column_339 Column_340 Column_341 Column_342 Column_343 Column_344 Column_345 Column_346 Column_347 Column_348 Column_349 Column_350 Column_351 Column_352 Column_353 Column_354 Column_355 Column_356 Column_357 Column_358 Column_359 Column_360 Column_361 Column_362 Column_363 Column_364 Column_365 Column_366 Column_367 Column_368 Column_369 Column_370 Column_371 Column_372 Column_373 Column_374 Column_375 Column_376 Column_377 Column_378 Column_379 Column_380 Column_381 Column_382 Column_383 Column_384 Column_385 Column_386 Column_387 Column_388 Column_389 Column_390 Column_391 Column_392 Column_393 Column_394 Column_395 Column_396 Column_397 Column_398 Column_399 Column_400 Column_401 Column_402 Column_403 Column_404 Column_405 Column_406 Column_407 Column_408 Column_409 Column_410 Column_411 Column_412 Column_413 Column_414 Column_415 Column_416 Column_417 Column_418 Column_419 Column_420 Column_421 Column_422 Column_423 Column_424 Column_425 Column_426 Column_427 Column_428 Column_429 Column_430 Column_431 Column_432 Column_433 Column_434 Column_435 Column_436 Column_437 Column_438 Column_439 Column_440 Column_441 Column_442 Column_443 Column_444 Column_445 Column_446 Column_447 Column_448 Column_449 Column_450 Column_451 Column_452 Column_453 Column_454 Column_455 Column_456 Column_457 Column_458 Column_459 Column_460 Column_461 Column_462 Column_463 Column_464 Column_465 Column_466 Column_467 Column_468 Column_469 Column_470 Column_471 Column_472 Column_473 Column_474 Column_475 Column_476 Column_477 Column_478 Column_479 Column_480 Column_481 Column_482 Column_483 Column_484 Column_485 Column_486 Column_487 Column_488 Column_489 Column_490 Column_491 Column_492 Column_493 Column_494 Column_495 Column_496 Column_497 Column_498 Column_499 Column_500 Column_501 Column_502 Column_503 Column_504 Column_505 Column_506 Column_507 Column_508 Column_509 Column_510 Column_511 Column_512 Column_513 Column_514 Column_515 Column_516 Column_517 Column_518 Column_519 Column_520 Column_521 Column_522 Column_523 Column_524 Column_525 Column_526 Column_527 Column_528 Column_529 Column_530 Column_531 Column_532 Column_533 Column_534 Column_535 Column_536 Column_537 Column_538 Column_539 Column_540 Column_541 Column_542 Column_543 Column_544 Column_545 Column_546 Column_547 Column_548 Column_549 Column_550 Column_551 Column_552 Column_553 Column_554 Column_555 Column_556 Column_557 Column_558 Column_559 Column_560 Column_561 Column_562 Column_563 Column_564 Column_565 Column_566 Column_567
feature_infos=[2.0013689994812012:17.993154525756836] [-0.7776256799697876:0.99923950433731079] none none none [0:1] [0:1] [0:1] [0:1] [0:1] [0:1] [0:1] [0:1] [0:1] [0:1] [0:1] [0:1] [0:1] [0:1] [0:1] [0:1] [0:1] [0:1] [0:1] [0:1] [0:1] [0:1] [0:1] [0:1] [0:1] [0:1] [0:1] [0:1] [0:1] [0:1] [0:1] [0:1] [0:1] [0:1] [0:1] [0:1] [0:1] [0:1] [0:1] [0:1] [0:1] [0:1] [0:1] [0:1] [0:1] [0:1] [0:1] [0:1] [0:1] [0:1] [0:1] [0:1] [0:1] [0:1] [0:1] [0:1] [0:1] [0:1] [0:1] [0:1] [0:1] [0:1] [0:1] [0:1] [0:1] [0:1] [0:1] [0:1] [0:1] [0:1] [0:1] [0:1] [0:1] [0:1] [0:1] [0:1] [0:1] [0:1] [0:1] [0:1] [0:1] [0:1] [0:1] [0:1] [0:1] [0:1] [0:1] [0:1] [0:1] [0:1] [0:1] [0:1] [0:1] [0:1] [0:1] [0:1] [0:1] [0:1] [0:1] [0:1] [0:1] [0:1] [0:1] [0:1] none none none none [0:1] [0:1] none [0:1] none [0:1] none none [0:1] none none none none [0:1] [0:1] [0:1] [0:1] [0:1] none [0:1] [0:1] [0:1] [0:1] none [0:1] [0:1] [0:1] [0:1] [0:1] [0:1] [0:1] [0:1] [0:1] [0:1] [0:1] [0:1] [0:1] [0:1] [0:1] [0:1] [0:1] [0:1] [0:1] [0:1] none none none none none none none none none none [0:1] [0:1] none none none none none [0:1] [0:1] [0:1] [0:1] [0:1] [0:1] [0:1] [0:1] [0:1] [0:1] [0:1] [0:1] [0:1] [0:1] [0:1] [0:1] [0:1] [0:1] [0:1] [0:1] [0:1] [0:1] [0:1] [0:1] [0:1] [0:1] [0:1] [0:1] none none [0:1] [0:1] [0:1] none [0:1] [0:1] [0:1] [0:1] [0:1] none [0:1] none none [0:1] none [0:1] [0:1] [0:1] [0:1] [0:1] [0:1] [0:1] [0:1] [0:1] [0:1] [0:1] [0:1] [0:1] [0:1] [0:1] [0:1] [0:1] [0:1] [0:1] [0:1] [0:1] [0:1] [0:1] [0:1] [0:1] none none none none none none none none none none none none none none none none none [0:1] [0:1] [0:1] [0:1] [0:1] [0:1] [0:1] [0:1] [0:1] [0:1] none [0:1] [0:1] [0:1] [0:1] none [0:1] [0:1] none none none [0:1] [0:1] none none none none none [0:1] [0:1] [0:1] [0:1] [0:1] [0:1] [0:1] none none none [0:1] none [0:1] [0:1] [0:1] none [0:1] [0:1] [0:1] [0:1] none none [0:1] [0:1] none none none none [0:1] [0:1] none none none [0:1] none none [0:1] [0:1] none none [0:1] [0:1] none none none none none none none none none none none none none none none none none none none none none none none none none none none none none none none none none none none none none none none none none none none none none none none none none none none none none none none none none none none none none none none none none none none none none none none none none none none none none none none none none none none none none none none none none none none none none none none none none none none none none none none none none none none none none none none none none none none none none none none none none none none none none none none none none none none none none none none none none none none none none none none none none none none none none none none none none none none none none none none none none none none none none none none none none none none none none none none none none none none none none none none none none none none none none none none none none none none none none none none none none none none none none none none none none none none none none none none none none none none none none none none none none none none none none none none none none none none none none
tree_sizes=3379 3433 3446 3458 3448 3461 3462 3464 3480 3455 3469 3492 3475 3466 3498 3487 3467 3485 3491 3483 3483 3488 3486 3501 3505 3470 3490 3468 3470 3495 3441 3484 3495 3483 3481 3464 3501 3477 3471 3471 3497 3502 3470

Tree=0
num_leaves=31
num_cat=0
split_feature=5 0 16 15 0 13 16 0 0 13 16 13 15 13 0 16 0 13 0 11 15 0 13 13 0 0 0 11 73 11
split_gain=493.167 532.147 157.527 94.939 138.438 97.6554 63.1118 48.6167 42.2845 32.5264 30.2061 29.7015 31.8515 23.6194 20.0304 27.8909 18.9425 17.0414 16.7941 13.1199 13.6413 12.5754 11.6214 9.26741 18.4504 8.64717 8.40079 7.84439 7.38967 7.29082
threshold=1.0000000180025095e-35 10.513347148895265 1.0000000180025095e-35 1.0000000180025095e-35 11.824777603149416 1.0000000180025095e-35 1.0000000180025095e-35 5.3483915328979501 12.699520587921144 1.0000000180025095e-35 1.0000000180025095e-35 1.0000000180025095e-35 1.0000000180025095e-35 1.0000000180025095e-35 8.8720054626464862 1.0000000180025095e-35 14.176591396331789 1.0000000180025095e-35 13.211498737335207 1.0000000180025095e-35 1.0000000180025095e-35 13.813826084136965 1.0000000180025095e-35 1.0000000180025095e-35 9.2238192558288592 15.683778285980226 12.921286582946779 1.0000000180025095e-35 1.0000000180025095e-35 1.0000000180025095e-35
decision_type=2 2 2 2 2 2 2 2 2 2 2 2 2 2 2 2 2 2 2 2 2 2 2 2 2 2 2 2 2 2
left_child=3 7 8 9 23 10 29 -2 13 -1 18 12 -4 -3 -11 21 -13 27 -6 -10 22 -16 25 -5 -25 -21 -14 -9 -8 -7
right_child=1 2 11 4 5 6 28 17 19 14 -12 16 26 -15 15 -17 -18 -19 -20 20 -22 -23 -24 24 -26 -27 -28 -29 -30 -31
leaf_value=-1.2457800543977735 -1.1916440271517017 -0.98483441546379924 -1.1557380446590069 -1.2151355854773052 -1.2070620447578773 -0.75874568836345335 -1.1417226919587879 -1.0992834974765637 -0.73897305416543024 -1.2238888043333407 -1.2190419708653748 -1.0191786854456113 -1.0927735496923514 -0.80884669661289887 -1.1459063793319877 -1.2178848189118097 -0.81833255947294736 -1.0459110860663752 -1.0245179206948847 -0.99083103403205219 -0.72623023970789302 -1.0397591961553192 -0.7640498227235788 -1.1902053345712216 -1.0367282299967571 -0.81311306555473883 -0.91737245657095412 -1.1665686720730963 -0.98483441546379924 -0.87574699257324118
leaf_weight=179.73091825842857 90.421327948570251 18.899539858102798 22.234752774238586 85.974377393722534 6.2998466193676022 13.711430877447128 7.9674530774354917 47.619428858160973 41.69016145169735 61.701438948512077 19.640698283910751 10.190928354859354 3.7057921290397635 12.784982845187189 23.90235923230648 32.610970735549927 8.7086115032434446 45.025374367833138 25.199386477470398 8.3380322903394717 8.8939011096954363 20.937725529074669 6.1145570129156104 41.875451058149338 9.6350595355033857 4.07637134194374 10.376217961311339 27.237572148442268 4.8175297677516937 8.7086115032434464
leaf_count=970 488 102 120 464 34 74 43 257 225 333 106 55 20 69 129 176 47 243 136 45 48 113 33 226 52 22 56 147 26 47
internal_value=-1.12212 -1.03247 -0.892535 -1.18264 -1.13271 -1.03348 -0.9053 -1.13628 -0.818164 -1.21768 -1.12171 -1.0283 -1.08121 -0.913822 -1.18138 -1.14752 -0.926632 -1.09453 -1.06103 -0.77431 -0.828031 -1.09634 -0.876895 -1.19504 -1.1615 -0.932476 -0.963531 -1.12377 -1.08261 -0.804192
internal_weight=909.031 366.318 156.014 542.713 223.83 86.345 35.205 210.304 100.798 318.883 51.1399 55.2163 36.3168 31.6845 139.152 77.4511 18.8995 119.882 31.4992 69.113 27.4229 44.8401 18.529 137.485 51.5105 12.4144 14.082 74.857 12.785 22.42
internal_count=4906 1977 842 2929 1208 466 190 1135 544 1721 276 298 196 171 751 418 102 647 170 373 148 242 100 742 278 67 76 404 69 121
is_linear=0
shrinkage=1


Tree=1
num_leaves=31
num_cat=0
split_feature=5 0 16 15 0 13 0 16 13 16 0 13 15 0 16 0 0 13 0 13 13 0 15 0 13 15 0 16 56 13
split_gain=392.436 369.018 94.3636 83.609 111.269 67.6901 40.9077 38.7318 30.7164 24.9777 22.9933 20.3359 23.6471 17.9482 23.8257 13.1382 11.4252 10.8621 9.74061 9.04632 8.38826 15.1323 7.78042 8.55285 8.72816 7.43653 7.3147 8.83049 7.06521 6.95348
threshold=1.0000000180025095e-35 10.513347148895265 1.0000000180025095e-35 1.0000000180025095e-35 11.824777603149416 1.0000000180025095e-35 6.635181427001954 1.0000000180025095e-35 1.0000000180025095e-35 1.0000000180025095e-35 12.462697029113771 1.0000000180025095e-35 1.0000000180025095e-35 8.8720054626464862 1.0000000180025095e-35 13.211498737335207 14.176591396331789 1.0000000180025095e-35 13.813826084136965 1.0000000180025095e-35 1.0000000180025095e-35 9.2238192558288592 1.0000000180025095e-35 15.683778285980226 1.0000000180025095e-35 1.0000000180025095e-35 5.07460641860962 1.0000000180025095e-35 1.0000000180025095e-35 1.0000000180025095e-35
decision_type=2 2 2 2 2 2 2 2 2 2 2 2 2 2 2 2 2 2 2 2 2 2 2 2 2 2 2 2 2 2
left_child=3 6 10 8 20 9 26 -7 -1 15 17 12 -4 -10 18 -6 -13 28 -15 25 -5 -22 23 24 -12 -8 -2 29 -3 -28
right_child=1 2 11 4 5 7 19 -9 13 -11 22 16 -14 14 -16 -17 -18 -19 -20 -21 21 -23 -24 -25 -26 -27 27 -29 -30 -31
leaf_value=-0.11926506535213427 -0.068192031819862373 0.22041983326654915 -0.030810662519332212 -0.088138464962317253 -0.080118747795662554 0.24614315747064155 -0.018036578775442839 0.034701825308881856 -0.096917457233535786 -0.092045455891848982 0.16936154502773632 0.087844365478982722 0.13165276274036009 -0.021682018785985701 -0.090886311744347997 0.083510299666759255 0.23652075161072969 0.23374419473478217 0.071011866590511022 0.079217312940895068 -0.063609816091078436 0.073512476576334515 0.30264284550032561 0.29299014155700104 0.27809687660327759 0.057113472250654246 -0.024625066120573746 -0.07791024868613218 0.07911573868452515 0.081160374946021852
leaf_weight=168.30455556511879 80.411546677350998 4.7516570091247567 21.853178143501282 81.871458292007446 6.0254613161087027 25.830174148082733 31.451159343123436 13.035469606518744 58.47778956592083 18.663755357265472 20.531431600451469 10.717467814683916 15.184210836887358 23.612420529127121 31.008373260498047 26.434861302375793 9.9832540303468686 13.217675864696504 21.8059341609478 34.05574044585228 40.415491938591003 10.04910773038864 32.405629619956017 19.100474327802658 11.526504918932913 22.65121728181839 14.887594595551491 14.624332740902899 13.858999609947205 10.664993643760681
leaf_count=970 450 24 120 464 34 121 170 69 333 106 99 55 76 129 176 136 47 62 113 177 226 52 148 88 53 122 81 79 70 56
internal_value=-0.000555984 0.0765914 0.184532 -0.0566147 -0.0100345 0.0757552 -0.0129325 0.175226 -0.0907694 0.000135296 0.236755 0.0801628 0.0357944 -0.0552186 -0.0233128 0.0531366 0.159546 0.164425 0.0228215 0.0388418 -0.0683722 -0.0363044 0.264304 0.240019 0.208458 0.0134267 -0.050783 -0.01594 0.115193 0.0195271
internal_weight=907.412 381.877 173.13 525.535 222.326 89.9897 208.747 38.8656 303.209 51.1241 115.392 57.7381 37.0374 134.905 76.4267 32.4603 20.7007 31.8283 45.4184 88.1581 132.336 50.4646 83.564 51.1584 32.0579 54.1024 120.588 40.1769 18.6107 25.5526
internal_count=4906 1977 842 2929 1208 466 1135 190 1721 276 544 298 196 751 418 170 102 156 242 469 742 278 388 240 152 292 666 216 94 137
is_linear=0
shrinkage=0.1


Tree=2
num_leaves=31
num_cat=0
split_feature=5 0 15 0 16 13 0 13 16 16 0 1 16 15 13 0 13 13 0 11 0 13 0 55 9 11 11 34 0 130
split_gain=317.923 273.275 73.7234 90.7311 67.7105 49.9088 31.683 29.1276 26.842 20.7641 17.1026 16.1479 18.9946 14.5795 17.4523 10.4009 9.65917 9.38656 8.99462 10.1322 8.4898 7.58496 12.4629 7.33721 8.69719 6.10584 6.08086 5.79011 10.8921 6.62065
threshold=1.0000000180025095e-35 10.260096073150637 1.0000000180025095e-35 11.824777603149416 1.0000000180025095e-35 1.0000000180025095e-35 5.3483915328979501 1.0000000180025095e-35 1.0000000180025095e-35 1.0000000180025095e-35 12.699520587921144 -0.052095215767621987 1.0000000180025095e-35 1.0000000180025095e-35 1.0000000180025095e-35 13.211498737335207 1.0000000180025095e-35 1.0000000180025095e-35 13.351129055023195 1.0000000180025095e-35 14.176591396331789 1.0000000180025095e-35 9.2238192558288592 1.0000000180025095e-35 1.0000000180025095e-35 1.0000000180025095e-35 1.0000000180025095e-35 1.0000000180025095e-35 9.2908968925476092 1.0000000180025095e-35
decision_type=2 2 2 2 2 2 2 2 2 2 2 2 2 2 2 2 2 2 2 2 2 2 2 2 2 2 2 2 2 2
left_child=2 6 7 21 10 9 -2 -1 -7 15 16 -9 18 14 -6 -5 23 26 -13 -20 -16 -4 -23 -3 -25 -12 -8 28 29 -19
right_child=1 4 3 5 13 8 17 11 -10 -11 25 12 -14 -15 20 -17 -18 27 19 -21 -22 22 -24 24 -26 -27 -28 -29 -30 -31
leaf_value=-0.11535750176804825 -0.060723703015470733 0.21862018525461743 -0.083543187411732001 -0.075558260836672747 -0.027156052810832346 0.20341045348559816 0.018728790887908211 -0.094341637538649145 0.03068052464750173 -0.087463881364894483 0.24113763038593106 -0.030370912475693148 -0.084339337869670669 0.13477359596251354 0.039424137679957234 0.072198767137502826 0.19710242134745637 0.14014207581294252 0.11713796926712601 -0.0082992380435108586 0.17594494184029733 -0.05937958846353758 0.063828290710108024 0.1425819973819332 0.0050950228153806149 0.18687066145403519 -0.041774997337626338 0.0038162705931037316 -0.022428253477653839 0.0026310896794578546
leaf_weight=157.17999503016472 84.145964711904526 4.1102531552314785 77.944275856018066 5.7640723288059226 22.238000258803368 27.99442894756794 46.674444869160652 52.5496506690979 13.257071122527121 17.726543754339218 53.239851057529449 21.918491199612617 30.469758987426758 21.144016563892365 9.5140402466058749 27.459233641624451 17.319859981536865 18.70750346779824 13.376989156007767 12.416720241308212 8.7393246293067914 39.038892567157745 10.396314918994902 8.8210916966199875 9.6174532771110535 33.958136379718781 25.789467111229897 14.859599456191061 7.7850902527570716 4.3074452877044669
leaf_count=970 488 19 464 34 124 121 249 316 69 106 225 122 182 100 47 136 76 94 68 63 38 226 52 43 47 148 143 75 39 22
internal_value=-0.000852449 0.0669199 -0.0530642 -0.00942062 0.153477 0.0661342 -0.0138316 -0.0863497 0.1479 -6.73758e-05 0.195197 -0.0514734 -0.0226597 0.0674691 0.0323236 0.0465637 0.14094 0.0195723 0.0167299 0.0567543 0.104787 -0.0641096 -0.0334687 0.0978019 0.0708695 0.220004 -0.00280414 0.0550846 0.0798192 0.114406
internal_weight=898.464 390.972 507.492 219.581 188.702 92.2013 202.27 287.912 41.2515 50.9498 127.067 130.732 78.182 61.6354 40.4914 33.2233 39.8687 118.124 47.7122 25.7937 18.2534 127.379 49.4352 22.5488 18.4385 87.198 72.4639 45.6596 30.8 23.0149
internal_count=4906 1977 2929 1208 867 466 1110 1721 190 276 558 751 435 309 209 170 185 622 253 131 85 742 278 109 90 373 392 230 155 116
is_linear=0
shrinkage=0.1


Tree=3
num_leaves=31
num_cat=0
split_feature=5 1 15 0 16 16 13 13 0 0 1 16 13 0 13 0 0 11 130 13 8 97 11 83 16 15 0 13 34 0
split_gain=260.281 210.31 65.0165 74.5846 51.4935 38.4584 27.9444 27.6829 23.6943 16.6177 14.4731 16.2628 14.0963 11.779 9.09802 8.30665 7.12827 7.59123 6.99504 7.05396 6.9062 6.15079 6.31391 6.38307 7.44906 6.02184 5.97873 6.29184 5.86266 6.93491
threshold=1.0000000180025095e-35 0.099551297724246993 1.0000000180025095e-35 11.824777603149416 1.0000000180025095e-35 1.0000000180025095e-35 1.0000000180025095e-35 1.0000000180025095e-35 5.07460641860962 12.412046909332277 -0.052095215767621987 1.0000000180025095e-35 1.0000000180025095e-35 13.550992488861086 1.0000000180025095e-35 13.211498737335207 13.351129055023195 1.0000000180025095e-35 1.0000000180025095e-35 1.0000000180025095e-35 1.0000000180025095e-35 1.0000000180025095e-35 1.0000000180025095e-35 1.0000000180025095e-35 1.0000000180025095e-35 1.0000000180025095e-35 15.683778285980226 1.0000000180025095e-35 1.0000000180025095e-35 9.2908968925476092
decision_type=2 2 2 2 2 2 2 2 2 2 2 2 2 2 2 2 2 2 2 2 2 2 2 2 2 2 2 2 2 2
left_child=2 8 7 18 9 6 15 -1 -2 -3 -9 16 21 -6 -7 -5 -12 -18 19 -4 -15 22 23 -10 -25 26 27 -11 29 -14
right_child=1 4 3 5 13 14 -8 10 12 25 11 -13 28 20 -16 -17 17 -19 -20 -21 -22 -23 -24 24 -26 -27 -28 -29 -30 -31
leaf_value=-0.11183128868822773 -0.05989299037980176 0.11245167536173042 -0.065225531958909219 -0.071217886503208247 0.013307610163469328 -0.083116212168179951 0.17444883362175614 -0.09007385812982785 -0.0050034046063480051 0.11309732132145436 -0.027806698792872894 -0.079983607999052575 0.099507551614452475 0.12601332951871536 0.027192321201595638 0.06291093079444765 0.099873986179101454 -0.0074994885468576524 -0.088431803460867278 -0.0010352267050236818 0.026860019299196042 -0.11522396326924583 -0.04854836126979617 0.16689216139683305 -0.012232033346754906 0.21932458031847846 0.20956307781102038 0.19941531143558744 0.0034283684368011168 -0.031757477496473008
leaf_weight=146.47565931081772 74.844031780958176 42.271576657891273 43.506348133087158 5.5169381499290457 31.65482072532177 16.835327863693237 29.296979278326035 49.685651481151581 31.897839918732643 24.036016955971718 21.565041348338127 28.994010895490646 26.599541991949085 24.672127440571785 13.450951963663103 28.312568545341492 14.078823089599609 12.369388252496719 50.920844539999962 28.22679828107357 9.8208456635475141 5.7327229082584372 23.498601242899895 5.3130037784576398 4.1234662979841232 37.008607313036919 21.654429346323013 13.018150627613066 14.885363936424254 4.7423558235168448
leaf_count=970 450 193 272 34 161 106 121 316 170 103 122 182 130 117 69 136 68 63 313 157 48 31 134 28 22 150 88 53 75 24
internal_value=-0.00102699 0.0592683 -0.0498036 -0.00881396 0.129898 0.0585098 0.102953 -0.082225 -0.015968 0.164671 -0.0479958 -0.0208468 0.0121804 0.0573572 -0.0341252 0.0410371 0.0148645 0.0496572 -0.0600875 -0.0399668 0.0977824 -0.0159384 -0.00715927 0.0163705 0.08862 0.187733 0.167819 0.143423 0.0551035 0.0796458
internal_weight=885.009 395.774 489.235 216.067 204.137 93.4128 63.1265 273.169 191.637 137.989 126.693 77.0073 116.793 66.1478 30.2863 33.8295 48.0133 26.4482 122.654 71.7331 34.493 70.5656 64.8329 41.3343 9.43647 95.7172 58.7086 37.0542 46.2273 31.3419
internal_count=4906 1977 2929 1208 913 466 291 1721 1064 587 751 435 614 326 175 170 253 131 742 429 165 385 354 220 50 394 244 156 229 154
is_linear=0
shrinkage=0.1


Tree=4
num_leaves=31
num_cat=0
split_feature=5 0 15 0 16 16 13 0 13 1 16 13 15 0 13 13 65 13 0 16 80 0 0 11 138 73 55 0 0 11
split_gain=214.409 165.672 57.3455 61.5795 38.5299 30.357 26.3417 24.6165 21.8549 12.9539 13.9256 11.9228 12.9152 10.1067 7.82081 7.51584 7.46803 6.39468 9.66274 5.90364 8.10841 5.90058 5.88877 5.65426 5.56587 5.29447 5.27866 5.05103 5.04363 4.87648
threshold=1.0000000180025095e-35 10.513347148895265 1.0000000180025095e-35 11.824777603149416 1.0000000180025095e-35 1.0000000180025095e-35 1.0000000180025095e-35 6.635181427001954 1.0000000180025095e-35 -0.052095215767621987 1.0000000180025095e-35 1.0000000180025095e-35 1.0000000180025095e-35 12.699520587921144 1.0000000180025095e-35 1.0000000180025095e-35 1.0000000180025095e-35 1.0000000180025095e-35 9.2238192558288592 1.0000000180025095e-35 1.0000000180025095e-35 15.683778285980226 10.444900512695314 1.0000000180025095e-35 1.0000000180025095e-35 1.0000000180025095e-35 1.0000000180025095e-35 14.176591396331789 15.132101058959963 1.0000000180025095e-35
decision_type=2 2 2 2 2 2 2 2 2 2 2 2 2 2 2 2 2 2 2 2 2 2 2 2 2 2 2 2 2 2
left_child=2 7 6 17 13 8 -1 -2 16 -8 21 12 -6 15 -7 26 23 -4 24 -9 -21 -11 -12 28 -19 -16 -3 -13 -5 -15
right_child=1 4 3 5 11 14 9 19 -10 10 22 27 -14 29 25 -17 -18 18 -20 20 -22 -23 -24 -25 -26 -27 -28 -29 -30 -31
leaf_value=-0.10860571206167823 -0.041519070457676152 0.16673564226530468 -0.07523075657604017 0.005557853911380359 -0.030745413631090457 -0.078959103075701392 -0.086006600393286087 0.048502605681402348 0.15319645178544661 -0.006174610157759346 0.026198761494029221 0.064399639873683759 0.085175582302485772 0.18613772539281725 -0.026072253149228005 0.15784972962857458 0.15349268033778127 -0.06672371311355034 0.055913789645835203 0.016571408256007347 -0.11707130265874749 0.076250205719356756 -0.096728424997467768 -0.032169811832619001 0.051842338939680488 0.10154549444843607 0.046189811908631147 0.15806566964491739 0.11563092091224576 0.13907327564832261
leaf_weight=136.27067029476166 112.07516813278198 4.5284446477890041 70.895231246948242 9.0846847891807574 21.831168696284294 15.99387800693512 46.974032700061798 56.225987464189529 29.982066616415977 36.84339950978756 4.6958584338426617 11.56422705948353 17.170593857765198 56.113383233547211 8.2605673372745496 16.973929762840271 4.6954443156719199 32.195147663354874 10.684110462665556 30.004357308149338 5.3492705821990958 11.364054232835768 22.906804248690605 12.847529679536821 4.5144116729497901 5.3604186475276956 18.36289869248867 11.465216457843779 7.6834543347358695 36.228859141469002
leaf_count=970 666 19 464 48 120 106 316 286 121 199 31 55 76 225 43 69 22 198 52 155 28 54 151 64 28 26 83 47 36 148
internal_value=-0.00112668 0.0529261 -0.0467653 -0.00822192 0.118999 0.0522382 -0.0783369 -0.0100915 0.0908261 -0.0447433 -0.0191755 0.0539776 0.020289 0.149506 -0.0315351 0.107426 0.036325 -0.0562204 -0.0277833 0.0283696 -0.00364974 0.0132556 -0.0758156 0.0177485 -0.0521429 0.0241506 0.0700366 0.111031 0.0559953 0.167673
internal_weight=869.145 397.894 471.252 212.197 194.239 93.908 259.055 203.655 64.2932 122.784 75.8101 62.0312 39.0018 132.208 29.6149 39.8653 34.3111 118.289 47.3937 91.5796 35.3536 48.2075 27.6027 29.6157 36.7096 13.621 22.8913 23.0294 16.7681 92.3422
internal_count=4906 1977 2929 1208 842 466 1721 1135 291 751 435 298 196 544 175 171 170 742 278 469 183 253 182 148 226 69 102 102 84 373
is_linear=0
shrinkage=0.1


Tree=5
num_leaves=31
num_cat=0
split_feature=5 1 15 0 16 13 16 0 13 0 13 0 0 16 13 15 13 10 13 54 55 138 97 16 56 11 0 15 0 13
split_gain=177.598 132.858 50.4537 51.625 32.9642 25.1105 20.9773 17.7422 13.6375 12.1524 11.7262 14.1183 11.6079 12.9698 11.0378 9.63804 10.0105 7.73915 7.66846 5.48082 10.3487 5.67225 5.35085 5.19309 8.27204 5.17897 5.11295 4.96537 4.96257 5.10124
threshold=1.0000000180025095e-35 0.099551297724246993 1.0000000180025095e-35 13.211498737335207 1.0000000180025095e-35 1.0000000180025095e-35 1.0000000180025095e-35 5.07460641860962 1.0000000180025095e-35 12.34633779525757 1.0000000180025095e-35 9.2238192558288592 8.8720054626464862 1.0000000180025095e-35 1.0000000180025095e-35 1.0000000180025095e-35 1.0000000180025095e-35 1.0000000180025095e-35 1.0000000180025095e-35 1.0000000180025095e-35 1.0000000180025095e-35 1.0000000180025095e-35 1.0000000180025095e-35 1.0000000180025095e-35 1.0000000180025095e-35 1.0000000180025095e-35 10.444900512695314 1.0000000180025095e-35 15.683778285980226 1.0000000180025095e-35
decision_type=2 2 2 2 2 2 2 2 2 2 2 2 2 2 2 2 2 2 2 2 2 2 2 2 2 2 2 2 2 2
left_child=2 7 5 10 9 -1 8 -2 -5 -3 -4 19 -7 -14 22 16 -6 -13 -8 20 21 -12 25 -16 -25 -9 -15 28 29 -11
right_child=1 4 3 6 15 12 18 14 -10 27 11 17 13 26 23 -17 -18 -19 -20 -21 -22 -23 -24 24 -26 -27 -28 -29 -30 -31
leaf_value=-0.10561619315227073 -0.053162409007228795 0.08592105639488945 -0.069961975798593132 0.049738432318690143 -0.027801516189589089 -0.080260303113389483 -0.083314986752070636 0.014058255505854808 0.15346877056727654 0.083731031718858151 -0.092676602012920134 0.099470415525540409 0.014872459960409057 0.03211481016049083 0.071476828282130075 0.095279376069243166 0.068307083611557295 -0.027167676428263333 0.034427780145949674 -0.10079462076062136 0.085873913109256808 0.054024472334098531 -0.11067748484736967 -0.080843222469573275 0.063658919694185578 -0.045144378533894428 -0.092938507840306397 0.17781382258587353 0.16959222531233439 0.16037451417949442
leaf_weight=126.61407083272934 70.460866391658783 43.770125448703766 77.431163430213928 29.488917112350464 23.323241040110588 47.102374672889709 10.614175766706467 41.697099298238754 22.227640926837921 25.372075736522675 12.77745664119721 13.64445297420025 46.663850978016853 3.8549318909645107 31.165272906422615 24.475340008735657 20.244601979851723 7.4664720594882956 11.551267117261887 12.834284603595732 6.6502876281738272 3.3206095099449149 5.3848684877157202 6.940598502755166 9.2295783907175064 22.886386409401894 21.528747856616974 37.618070438504219 21.870360136032104 13.203154429793356
leaf_count=970 450 190 530 136 130 333 74 220 89 104 82 61 242 25 149 107 89 34 58 82 42 20 31 35 45 134 151 152 88 53
internal_value=-0.00117747 0.0476115 -0.0439315 -0.00768646 0.102284 -0.0746081 0.0594373 -0.0135 0.0943215 0.129734 -0.0446613 -0.010106 -0.0416576 -0.0164203 0.0103241 0.0450658 0.0168571 0.0546813 -0.0219547 -0.0485438 -0.0190647 -0.062416 -0.0149066 0.0476184 0.0016354 -0.00692132 -0.0739471 0.14929 0.131539 0.109964
internal_weight=851.412 397.642 453.771 208.007 209.877 245.764 73.882 187.765 51.7166 141.834 134.125 56.6936 119.15 72.0475 117.304 68.0432 43.5678 21.1109 22.1654 35.5826 22.7484 16.0981 69.9684 47.3354 16.1702 64.5835 25.3837 98.0637 60.4456 38.5752
internal_count=4906 1977 2929 1208 913 1721 357 1064 225 587 851 321 751 418 614 326 219 95 132 226 144 102 385 229 80 354 176 397 245 157
is_linear=0
shrinkage=0.1


Tree=6
num_leaves=31
num_cat=0
split_feature=5 0 15 0 0 13 16 16 13 16 1 16 13 0 130 80 11 15 13 0 0 13 15 53 0 11 10 13 10 0
split_gain=147.531 109.272 44.2962 42.617 27.2026 23.9558 19.8695 15.9284 14.7798 11.9691 10.4128 10.2144 6.74365 6.95909 6.1768 5.99714 5.9131 5.61064 5.54637 5.40886 4.98809 4.89305 5.75976 5.92623 4.80287 4.53391 5.51505 4.42525 5.93585 4.57043
threshold=1.0000000180025095e-35 11.998631000518801 1.0000000180025095e-35 11.824777603149416 6.635181427001954 1.0000000180025095e-35 1.0000000180025095e-35 1.0000000180025095e-35 1.0000000180025095e-35 1.0000000180025095e-35 -0.052095215767621987 1.0000000180025095e-35 1.0000000180025095e-35 12.699520587921144 1.0000000180025095e-35 1.0000000180025095e-35 1.0000000180025095e-35 1.0000000180025095e-35 1.0000000180025095e-35 16.286105155944828 13.289527893066408 1.0000000180025095e-35 1.0000000180025095e-35 1.0000000180025095e-35 10.444900512695314 1.0000000180025095e-35 1.0000000180025095e-35 1.0000000180025095e-35 1.0000000180025095e-35 10.120465755462648
decision_type=2 2 2 2 2 2 2 2 2 2 2 2 2 2 2 2 2 2 2 2 2 2 2 2 2 2 2 2 2 2
left_child=2 4 5 14 -2 -1 8 12 19 -6 -7 20 13 -3 27 -11 -15 -18 -8 -5 -12 22 23 -9 -13 -22 -27 28 -4 -30
right_child=1 7 3 6 9 10 18 21 -10 15 11 24 -14 16 -16 -17 17 -19 -20 -21 25 -23 -24 -25 -26 26 -28 -29 29 -31
leaf_value=-0.10281021144883609 -0.036042323573279259 0.021924493313470846 -0.084758264090601609 0.0012231127441057303 0.053675152391775019 -0.07840530529740132 -0.070871575303245019 0.062622796277089554 0.12421743712397347 0.0052698835431982402 -0.026822547550315719 0.021918591642764967 0.16518376724625938 0.15086851433562312 -0.07811395160056378 -0.10011084143582234 0.053604252500667929 0.16001453061200058 0.017563450066592785 0.084888217744620811 0.074896196406749493 0.10473554561392565 0.082960470497196459 -0.060183802668721358 -0.089305315141133823 -0.05941388331964307 0.074049393950514686 0.00055340426084095936 0.027816461828242614 -0.095618594076177343
leaf_weight=117.53210239112377 107.25036738812923 7.5323108136653891 22.543291643261909 23.529040455818176 86.837055251002312 42.088164329528809 14.424359023571014 7.2675563842058173 30.131724372506142 44.210837960243225 20.536790505051613 4.8043868988752392 38.340238153934479 33.929531544446945 44.452552899718285 6.1517848521471015 16.455972924828533 7.089823603630065 13.950989097356796 11.505634546279905 15.249439626932144 17.277253732085228 14.832338750362396 8.5551366955041885 20.231885433197021 7.6923132091760635 5.1819179356098175 27.698551997542381 11.48167648911476 4.0605929046869269
leaf_count=970 666 32 161 118 406 316 106 41 121 224 118 31 157 139 313 34 67 29 69 52 70 72 62 48 151 39 26 157 82 29
internal_value=-0.00120779 0.0430259 -0.0412554 -0.00719187 0.00168773 -0.0710063 0.0424528 0.109823 0.0728651 0.0311817 -0.0387225 -0.0160597 0.131922 0.112304 -0.049318 -0.00760235 0.124149 0.0856452 -0.0273917 0.0286993 0.0106444 0.0621768 0.0381905 -0.00377723 -0.0679618 0.038004 -0.0056945 -0.0298596 -0.0519782 -0.00443234
internal_weight=832.826 395.73 437.095 203.778 244.45 233.317 93.5417 151.28 65.1664 137.2 115.785 73.6967 103.348 65.0076 110.237 50.3626 57.4753 23.5458 28.3753 35.0347 48.6605 47.9323 30.655 15.8227 25.0363 28.1237 12.8742 65.7841 38.0856 15.5423
internal_count=4906 1977 2929 1208 1330 1721 466 647 291 664 751 435 424 267 742 258 235 96 175 170 253 223 151 89 182 135 65 429 272 111
is_linear=0
shrinkage=0.1


Tree=7
num_leaves=31
num_cat=0
split_feature=5 0 15 0 13 1 16 16 16 13 1 13 0 16 0 83 13 0 10 6 80 11 54 55 138 74 0 57 0 81
split_gain=122.803 90.0207 38.9483 36.4403 22.7499 22.198 14.2207 13.7487 10.5846 9.7635 9.32863 8.98306 9.69956 7.81257 6.23928 6.10651 6.04681 6.87342 6.0277 5.53805 5.14967 5.07201 5.05095 8.34423 5.13605 4.69659 4.34092 5.21343 6.14388 4.91889
threshold=1.0000000180025095e-35 11.998631000518801 1.0000000180025095e-35 13.211498737335207 1.0000000180025095e-35 -0.28800669312477106 1.0000000180025095e-35 1.0000000180025095e-35 1.0000000180025095e-35 1.0000000180025095e-35 -0.36938171088695521 1.0000000180025095e-35 9.2238192558288592 1.0000000180025095e-35 13.289527893066408 1.0000000180025095e-35 1.0000000180025095e-35 15.683778285980226 1.0000000180025095e-35 1.0000000180025095e-35 1.0000000180025095e-35 1.0000000180025095e-35 1.0000000180025095e-35 1.0000000180025095e-35 1.0000000180025095e-35 1.0000000180025095e-35 7.0266940593719491 1.0000000180025095e-35 10.120465755462648 1.0000000180025095e-35
decision_type=2 2 2 2 2 2 2 2 2 2 2 2 2 2 2 2 2 2 2 2 2 2 2 2 2 2 2 2 2 2
left_child=2 5 4 11 -1 -2 16 9 -7 -5 -6 25 22 14 -12 -9 17 19 -14 -3 26 -11 23 24 -13 -4 -10 29 -29 -28
right_child=1 6 3 7 10 8 -8 15 20 21 13 12 18 -15 -16 -17 -18 -19 -20 -21 -22 -23 -24 -25 -26 -27 27 28 -30 -31
leaf_value=-0.10014457112247349 -0.034815338033739478 0.1112494843559015 -0.081906332795421782 0.040140589035577781 -0.091942493527502625 0.047019979662881337 0.055427436538412179 -0.041629549540275361 -0.090093836344772735 0.1667973743233151 -0.031625035654739751 -0.086930770348978281 0.082544849203546267 -0.062400141113807511 0.033691593155888939 0.10424032488176367 0.15342182271575322 0.14685510416726621 -0.029076132902840848 0.037552285936879218 -0.096415055077230138 0.068394001906125518 -0.095432455622214127 0.07706944380565478 0.053968783055116987 -0.028219647090793026 0.11850388656158695 0.025936523135153516 -0.069281421581980182 -0.004744802385777974
leaf_weight=109.0338060259819 99.562851503491402 22.878016203641891 45.80473504960537 30.330179303884506 23.587926134467125 91.844735130667686 48.325558349490166 17.965332031250004 4.6106979548931113 13.208290457725525 30.072470024228096 11.724141627550127 13.923487767577173 30.320209562778473 28.470170348882675 3.4154699742794028 37.208404734730721 22.757167965173721 7.414074942469596 18.395237237215042 6.0184482634067527 8.6801756173372269 11.717553481459616 6.8857296854257575 3.3195876181125632 25.292478248476982 7.3548957109451276 17.01214994490147 11.262856319546698 5.7853364944458008
leaf_count=970 636 95 342 136 187 425 223 111 25 54 196 82 61 233 135 21 157 96 34 76 35 35 82 42 20 188 37 87 57 28
internal_value=-0.00120597 0.0389977 -0.0387225 -0.00669518 -0.067597 0.00148539 0.100058 0.0492177 0.0266034 0.0768739 -0.0360385 -0.0393339 -0.00898162 -0.0211992 0.000139428 -0.0183276 0.121362 0.102732 0.0437604 0.0784031 -0.0094266 0.127774 -0.0424284 -0.0141068 -0.0558395 -0.0628076 0.00194819 0.0121951 -0.0119919 0.0642404
internal_weight=814.182 393.016 421.166 199.681 221.485 243.452 149.564 73.5994 143.889 52.2186 112.451 126.082 54.9846 88.8628 58.5426 21.3808 101.239 64.0304 21.3376 41.2733 52.0444 21.8885 33.647 21.9295 15.0437 71.0972 46.0259 41.4152 28.275 13.1402
internal_count=4906 1977 2929 1208 1721 1330 647 357 694 225 751 851 321 564 331 132 424 267 95 171 269 89 226 144 102 530 234 209 144 65
is_linear=0
shrinkage=0.1


Tree=8
num_leaves=31
num_cat=0
split_feature=5 1 13 1 15 16 16 15 0 0 16 0 13 41 16 1 13 11 39 14 13 15 1 6 54 74 55 0 22 11
split_gain=102.241 75.4902 34.4268 28.754 21.3493 20.0029 19.005 15.6195 12.5102 11.9391 8.88856 8.02577 7.04396 7.86472 6.69307 6.64186 6.51273 6.40082 7.36272 5.65074 5.07719 4.57838 4.52546 7.60443 4.37154 4.31874 4.30798 8.2792 4.30383 4.1558
threshold=1.0000000180025095e-35 0.14426952600479129 1.0000000180025095e-35 -0.011027454398572443 1.0000000180025095e-35 1.0000000180025095e-35 1.0000000180025095e-35 1.0000000180025095e-35 5.07460641860962 13.211498737335207 1.0000000180025095e-35 15.181382656097414 1.0000000180025095e-35 1.0000000180025095e-35 1.0000000180025095e-35 -0.16024032235145566 1.0000000180025095e-35 1.0000000180025095e-35 1.0000000180025095e-35 1.0000000180025095e-35 1.0000000180025095e-35 1.0000000180025095e-35 -0.019545212388038632 1.0000000180025095e-35 1.0000000180025095e-35 1.0000000180025095e-35 1.0000000180025095e-35 7.5277206897735605 1.0000000180025095e-35 1.0000000180025095e-35
decision_type=2 2 2 2 2 2 2 2 2 2 2 2 2 2 2 2 2 2 2 2 2 2 2 2 2 2 2 2 2 2
left_child=2 8 4 24 -1 11 7 29 -2 25 -11 16 13 21 20 -16 17 -3 -19 -8 -10 -7 -17 -24 26 -6 28 -28 -4 -5
right_child=1 5 3 6 9 12 19 -9 14 10 -12 -13 -14 -15 15 22 -18 18 -20 -21 -22 -23 23 -25 -26 -27 27 -29 -30 -31
leaf_value=-0.097583282253362741 -0.044579769162712321 0.093324703859888058 -0.072238231354945989 0.038088293001016578 -0.078249797100400684 -0.0059305455765666197 -0.061987995403474806 0.097648880672658117 0.004905564263299301 0.035645703715286595 -0.075317051987842332 0.1384452773609558 0.075658781977940695 -0.084898639329230474 -0.064500330357694244 0.058331781140791489 0.11863432703522583 0.062105700075025687 -0.058026077802124654 0.014909589292633633 0.055030398163421229 0.068550031557957913 0.041118144676773521 -0.1049640515492839 -0.090251029480238845 -0.025919008755720965 -0.036953737169860022 0.14668237649107349 0.032195064608086799 -0.021618576026465969
leaf_weight=101.11553207039833 65.163329243659973 30.910336121916771 28.320529654622078 25.871894210577011 43.283166721463203 17.538533195853233 25.742821611464024 37.55564284324646 47.537266731262207 30.717342793941498 9.4367667883634549 40.927035540342331 25.159825906157494 7.4015111178159705 20.105476588010788 11.652808204293253 35.035179480910301 16.159383192658428 7.455664411187171 15.197642311453817 35.14950467646122 15.589223906397818 7.8095441907644254 6.5540431886911392 25.485842421650887 24.810051485896111 9.4515325501561147 3.3166441321372977 4.585063472390174 21.218127220869064
leaf_count=970 450 130 222 129 342 97 171 161 251 136 74 179 107 39 118 60 148 67 31 98 161 64 40 35 201 188 68 22 34 113
internal_value=-0.00119636 0.0353625 -0.0363184 -0.00628368 -0.0645432 0.0791022 0.0224931 0.0495475 -0.00887439 -0.0336799 0.00956793 0.101758 0.0340972 0.00829649 0.00918869 -0.0213327 0.0849932 0.0633772 0.0241781 -0.0334426 0.0262132 0.0291184 0.0120272 -0.0255385 -0.0570704 -0.0591829 -0.0385557 0.0107473 -0.0576865 0.0111852
internal_weight=796.257 390.149 406.109 196.746 209.363 196.177 125.586 84.6457 193.972 108.247 40.1541 130.488 65.6891 40.5293 128.809 46.1219 89.5606 54.5254 23.615 40.9405 82.6868 33.1278 26.0164 14.3636 71.1596 68.0932 45.6738 12.7682 32.9056 47.09
internal_count=4906 1977 2929 1219 1710 862 672 403 1115 740 210 555 307 200 665 253 376 228 98 269 412 161 135 75 547 530 346 90 256 242
is_linear=0
shrinkage=0.1


Tree=9
num_leaves=31
num_cat=0
split_feature=5 0 15 0 13 0 16 16 13 1 16 13 0 10 16 13 0 1 113 0 6 12 16 11 73 0 81 138 80 1
split_gain=85.2507 62.8874 30.6456 26.2839 20.108 15.3042 11.464 10.5663 9.99896 7.84639 7.42981 6.61962 6.27201 6.56779 6.12333 5.71671 5.98718 5.20955 5.04521 4.7469 4.71632 4.51261 4.30616 4.65967 4.48037 4.24773 6.71601 4.19845 4.12055 5.40535
threshold=1.0000000180025095e-35 11.998631000518801 1.0000000180025095e-35 13.211498737335207 1.0000000180025095e-35 5.07460641860962 1.0000000180025095e-35 1.0000000180025095e-35 1.0000000180025095e-35 -0.36938171088695521 1.0000000180025095e-35 1.0000000180025095e-35 8.6036963462829608 1.0000000180025095e-35 1.0000000180025095e-35 1.0000000180025095e-35 15.683778285980226 -0.16024032235145566 1.0000000180025095e-35 13.813826084136965 1.0000000180025095e-35 1.0000000180025095e-35 1.0000000180025095e-35 1.0000000180025095e-35 1.0000000180025095e-35 11.43189573287964 1.0000000180025095e-35 1.0000000180025095e-35 1.0000000180025095e-35 -0.019545212388038632
decision_type=2 2 2 2 2 2 2 2 2 2 2 2 2 2 2 2 2 2 2 2 2 2 2 2 2 2 2 2 2 2
left_child=2 5 4 11 -1 -2 15 18 10 -6 -5 -4 27 21 19 16 20 -9 25 -11 -3 -14 23 -10 -24 -7 -27 -13 29 -19
right_child=1 6 3 8 9 7 -8 17 22 14 -12 12 13 -15 -16 -17 -18 28 -20 -21 -22 -23 24 -25 -26 26 -28 -29 -30 -31
leaf_value=-0.095096238724261581 -0.041376879685417631 0.094444582581208095 -0.055684832904656693 0.031722073386372431 -0.086418625738164931 0.022188019418659739 0.044844730670407 -0.060315761977175787 0.14908270346602817 -0.024273251777359325 -0.071709441114516104 -0.057112310371839829 0.018154305990745783 -0.043272498477542255 -0.056550499165838777 0.13696835275987537 0.129472346921438 0.076349848596169792 0.1245296325370624 0.033598379027446133 0.026048303226899369 0.12373527636162469 -0.017481670290419343 0.053085282409960445 0.1092218004934758 0.15246344107836943 -0.00041324071426601438 0.047344053626885527 -0.085607389755215965 -0.0093344526224916693
leaf_weight=93.764322400093079 63.287915289402008 22.445874840021133 65.30938508361578 31.046408742666245 21.074549160897732 97.698512926697731 49.040214419364929 19.388630002737045 12.492559880018234 33.489797353744507 8.9462428614497167 23.810335651040081 9.0244823694229144 8.3969763070344943 28.241567373275757 34.345765650272369 20.981270298361778 9.9780828058719617 5.8233609795570365 24.573546856641769 18.30260406434536 7.3412261307239524 6.8406234085559827 8.494449257850647 4.714143306016922 6.6064724475145322 5.0857715159654617 4.5895552188158026 4.7549047023057929 28.085989892482758
leaf_count=970 450 95 530 136 187 468 223 118 54 218 74 177 41 40 233 157 96 48 27 113 76 35 36 35 22 27 21 28 29 142
internal_value=-0.00118452 0.0321886 -0.0340194 -0.00533223 -0.0612607 0.000841544 0.0841853 0.0159012 0.0420763 -0.0317154 0.00858474 -0.0343581 -0.00815859 0.0286255 -0.0183576 0.104266 0.0860709 -0.0173104 0.0338332 0.000219158 0.0637237 0.0655152 0.0832363 0.110228 0.0342111 0.029005 0.0859667 -0.0402317 0.00216266 0.0131268
internal_weight=777.976 385.825 392.15 191.006 201.144 240.71 145.116 177.422 72.5344 107.379 39.9927 118.472 53.1626 24.7627 86.3049 96.0755 61.7297 62.2076 115.214 58.0633 40.7485 16.3657 32.5418 20.987 11.5548 109.391 11.6922 28.3999 42.819 38.0641
internal_count=4906 1977 2929 1208 1721 1330 647 880 357 751 210 851 321 116 564 424 267 337 543 331 171 76 147 89 58 516 48 205 219 190
is_linear=0
shrinkage=0.1


Tree=10
num_leaves=31
num_cat=0
split_feature=5 0 15 0 13 0 16 16 13 1 130 11 16 0 0 13 0 15 16 19 13 0 11 7 0 15 61 34 61 67
split_gain=71.0778 52.3471 26.7189 21.7692 19.0334 12.649 10.5564 8.51458 8.33098 7.07604 6.22121 6.43152 6.21669 5.82513 6.20892 5.47916 6.42323 6.36815 5.24688 4.55446 5.08818 4.53232 4.05555 4.18051 4.05044 4.4615 6.63244 4.86442 4.41735 5.56552
threshold=1.0000000180025095e-35 11.998631000518801 1.0000000180025095e-35 13.211498737335207 1.0000000180025095e-35 5.07460641860962 1.0000000180025095e-35 1.0000000180025095e-35 1.0000000180025095e-35 -0.36938171088695521 1.0000000180025095e-35 1.0000000180025095e-35 1.0000000180025095e-35 12.581793308258058 11.824777603149416 1.0000000180025095e-35 12.412046909332277 1.0000000180025095e-35 1.0000000180025095e-35 1.0000000180025095e-35 1.0000000180025095e-35 7.0266940593719491 1.0000000180025095e-35 1.0000000180025095e-35 9.3497605323791522 1.0000000180025095e-35 1.0000000180025095e-35 1.0000000180025095e-35 1.0000000180025095e-35 1.0000000180025095e-35
decision_type=2 2 2 2 2 2 2 2 2 2 2 2 2 2 2 2 2 2 2 2 2 2 2 2 2 2 2 2 2 2
left_child=2 5 4 10 -1 -2 15 19 12 -6 11 13 -5 14 -4 16 -3 22 -11 20 24 -9 -18 -24 25 26 -7 -27 -26 -30
right_child=1 6 3 8 9 7 -8 21 -10 18 -12 -13 -14 -15 -16 -17 17 -19 -20 -21 -22 -23 23 -25 28 27 -28 -29 29 -31
leaf_value=-0.09265805727008182 -0.038339510871786331 -0.037478658284372711 0.0021894917374864608 0.028279860155863385 -0.083278892742666366 -0.061289547013337421 0.039972183261892037 -0.063933637754256742 0.076216375089451671 0.00017965019068168445 -0.065516520937266023 -0.051134209880947835 -0.068182742652240738 -0.098150264314247893 0.10532937569012638 0.1301656508518495 0.094224896753409837 0.13538257292490857 -0.05313062285278132 -0.070237648578613296 0.059159590884996276 -0.00050634946840657374 -0.017692798993606589 0.082934337716186982 0.077209402099926036 -0.0090072541487730296 0.070280380916729293 0.11056920878790136 0.078188531114831719 -0.065276549368442668
leaf_weight=86.960663944482803 61.564750224351883 4.3691663742065421 35.24951958656311 31.326983064413071 19.751292198896408 17.91777224838734 49.490727260708809 14.855017267167566 32.026885613799095 57.858621813356876 37.238033637404442 31.06147613376379 8.4920799881219846 4.6946500837802878 6.9948546141386023 32.616111889481544 20.303372755646706 19.048540934920311 27.113707900047302 4.3466655611991873 46.96700419485569 46.62976548820734 9.1581857353448886 7.5174862295389167 16.729477271437645 8.6184461712837201 4.8735555708408347 5.6207885593175879 4.706427067518236 6.3555990010499954
leaf_count=970 450 18 252 136 187 97 223 96 147 331 313 216 74 29 41 157 90 90 233 20 205 241 38 31 72 45 26 29 21 28
internal_value=-0.00114896 0.0293063 -0.031839 -0.0049548 -0.058078 0.000721329 0.0772847 0.0142601 0.0382469 -0.0293634 -0.0318891 -0.0158351 0.0077076 0.00752383 0.0192675 0.0971381 0.0793022 0.0884091 -0.0168311 0.0301909 0.0340958 -0.0158307 0.0642122 0.0276705 0.0159358 -0.00571958 -0.0331555 0.0381943 0.0447903 -0.00423819
internal_weight=760.458 381.689 378.769 187.084 191.684 239.185 142.504 177.621 71.8459 104.724 115.239 78.0005 39.8191 46.939 42.2444 93.0129 60.3968 56.0276 84.9723 116.136 111.789 61.4848 36.979 16.6757 64.8221 37.0306 22.7913 14.2392 27.7915 11.062
internal_count=4906 1977 2929 1208 1721 1330 647 880 357 751 851 538 210 322 293 424 267 249 564 543 523 337 159 69 318 197 123 74 121 49
is_linear=0
shrinkage=0.1


Tree=11
num_leaves=31
num_cat=0
split_feature=5 0 13 1 15 16 1 15 16 13 39 0 113 16 11 94 54 9 16 12 74 1 13 6 7 11 26 108 15 0
split_gain=59.1805 44.1543 23.968 17.8711 17.5157 12.1182 11.7977 10.8219 9.72298 8.88984 7.923 7.84497 6.16629 5.20463 4.93347 5.23685 4.74909 4.63528 5.85942 4.76239 4.13147 4.04415 4.03157 4.00939 5.12408 3.97302 4.81286 3.89252 3.85349 4.04899
threshold=1.0000000180025095e-35 12.699520587921144 1.0000000180025095e-35 -0.052095215767621987 1.0000000180025095e-35 1.0000000180025095e-35 -0.16723705083131787 1.0000000180025095e-35 1.0000000180025095e-35 1.0000000180025095e-35 1.0000000180025095e-35 13.211498737335207 1.0000000180025095e-35 1.0000000180025095e-35 1.0000000180025095e-35 1.0000000180025095e-35 1.0000000180025095e-35 1.0000000180025095e-35 1.0000000180025095e-35 1.0000000180025095e-35 1.0000000180025095e-35 0.14426952600479129 1.0000000180025095e-35 1.0000000180025095e-35 1.0000000180025095e-35 1.0000000180025095e-35 1.0000000180025095e-35 1.0000000180025095e-35 1.0000000180025095e-35 13.211498737335207
decision_type=2 2 2 2 2 2 2 2 2 2 2 2 2 2 2 2 2 2 2 2 2 2 2 2 2 2 2 2 2 2
left_child=2 6 4 16 -1 7 17 -5 14 12 -11 20 27 25 -3 -16 -4 19 -19 -2 -6 -7 -21 24 -12 -13 -27 -8 -23 -30
right_child=1 8 3 5 11 21 9 -9 -10 10 23 13 -14 -15 15 -17 -18 18 -20 22 -22 28 -24 -25 -26 26 -28 -29 29 -31
leaf_value=-0.090247386221944031 0.015400274603810413 0.11873224177997983 -0.029524216165523084 0.0074000805625913657 -0.070328104619695062 0.039773350510294979 0.0011974712864599637 0.079268502037513136 0.039112164448762803 0.022997022692983798 0.17896073745048158 0.055999641790725432 0.096167927180086599 -0.064729548233791553 0.083402432270896401 -0.034579387422658946 -0.089301886367992092 -0.020845499645189076 -0.099731457026844994 -0.062875536167057641 -0.01667277529162035 -0.077416737556654666 0.013301334477909561 0.045870278924355468 0.051115621447301265 0.041013938599545691 -0.078363645566952189 -0.076193851582087621 -0.085062367523910457 0.021924275024074447
leaf_weight=80.680548399686813 45.090081885457039 45.17155884206295 39.814123131334782 48.77024994790554 38.21967501938343 7.2274219840764991 66.619004242122173 36.732540637254715 45.430253937840462 33.116264998912811 8.8464696109294874 18.024031147360802 6.3733516782522193 8.0727968141436559 28.192053899168968 4.3415562510490409 19.949538201093674 29.138600766658783 13.910868465900419 19.575782924890518 22.979278571903706 16.349721558392048 10.769677922129633 8.3879181444644928 4.8559627979993829 7.1112353354692477 6.4316852688789368 7.2015499770641318 5.0070259720087078 12.052252307534216
leaf_count=970 289 225 336 253 342 48 322 165 203 145 38 77 30 74 129 19 184 189 99 132 188 151 64 36 21 31 28 36 24 58
internal_value=-0.00111096 0.0267229 -0.029672 -0.0044342 -0.0555193 0.0169074 0.00289006 0.0382752 0.0758624 0.0230552 0.0539377 -0.0277335 0.00179531 0.00692336 0.0973485 0.067658 -0.0494784 -0.020154 -0.0463365 -0.00521223 -0.0501813 -0.0280526 -0.0358402 0.100322 0.133654 0.0252476 -0.0156798 -0.00635242 -0.0427255 -0.00947711
internal_weight=744.443 377.021 367.422 185.903 181.519 126.139 253.886 85.5028 123.135 135.401 55.2066 100.839 80.1939 39.6397 77.7052 32.5336 59.7637 118.485 43.0495 75.4355 61.199 40.6364 30.3455 22.0904 13.7024 31.567 13.5429 73.8206 33.409 17.0593
internal_count=4906 1977 2929 1219 1710 699 1401 418 576 628 240 740 388 210 373 148 520 773 288 485 530 281 196 95 59 136 59 358 233 82
is_linear=0
shrinkage=0.1


Tree=12
num_leaves=31
num_cat=0
split_feature=5 0 13 15 1 16 0 11 16 16 17 1 15 54 7 14 138 16 113 19 15 11 73 137 86 61 0 80 8 22
split_gain=49.2937 37.0092 20.8631 16.4332 15.3004 13.7755 10.5246 9.09902 9.01751 7.85556 6.89395 7.33888 6.53075 6.28779 8.33073 7.51403 6.1439 5.62311 5.59051 5.88564 5.05907 5.5855 4.56449 4.43408 4.22366 4.05352 3.8682 4.07186 3.79263 3.73868
threshold=1.0000000180025095e-35 12.699520587921144 1.0000000180025095e-35 1.0000000180025095e-35 0.1041143834590912 1.0000000180025095e-35 3.9219712018966679 1.0000000180025095e-35 1.0000000180025095e-35 1.0000000180025095e-35 1.0000000180025095e-35 0.68545135855674755 1.0000000180025095e-35 1.0000000180025095e-35 1.0000000180025095e-35 1.0000000180025095e-35 1.0000000180025095e-35 1.0000000180025095e-35 1.0000000180025095e-35 1.0000000180025095e-35 1.0000000180025095e-35 1.0000000180025095e-35 1.0000000180025095e-35 1.0000000180025095e-35 1.0000000180025095e-35 1.0000000180025095e-35 3.5414099693298344 1.0000000180025095e-35 1.0000000180025095e-35 1.0000000180025095e-35
decision_type=2 2 2 2 2 2 2 2 2 2 2 2 2 2 2 2 2 2 2 2 2 2 2 2 2 2 2 2 2 2
left_child=2 6 3 -1 29 7 16 12 20 18 -5 26 24 14 -9 -15 -2 22 19 -8 21 -3 28 -11 25 -6 -12 -28 -13 -4
right_child=1 8 4 10 5 -7 9 13 -10 23 11 17 -14 15 -16 -17 -18 -19 -20 -21 -22 -23 -24 -25 -26 -27 27 -29 -30 -31
leaf_value=-0.087846293804972678 -0.065370352678010321 0.10411899454383074 -0.04720131878474787 0.1209158651334169 0.021202755636957477 -0.033570960837607772 0.023463632196792532 -0.0075780910736788698 0.034967206068042017 -0.0088552949533839357 -0.11319991529806517 0.13094838992631702 0.11713953136556993 0.018449857372243059 0.16134793506683437 -0.10578274049153391 0.051454199537451319 -0.088725714080134938 0.10462487963886331 -0.093943255507633494 0.12598398232038957 0.03560242692133482 -0.018589984788455308 -0.10396802310551263 -0.049204790198111026 0.11519652091897362 -0.029174314822286419 -0.10822273738388051 0.015150358767737016 0.024240827481756259
leaf_weight=74.897091090679169 30.165343955159187 25.222770243883133 65.659646049141884 3.1065424606204024 11.413961187005048 33.543290667235851 130.52956475317478 7.2211061865091306 45.717626675963402 68.631435386836529 7.7063808217644683 6.5254626721143776 19.183409437537193 12.434834808111191 4.9006168991327286 8.001304492354393 5.2913367003202429 4.0534980520606032 8.2080344855785352 4.4141817539930335 26.961393117904663 22.521675780415535 7.7275197505950919 5.2784423679113379 4.4495851695537558 7.6721092611551276 56.916127443313599 7.3589118942618361 4.9921925365924835 8.2448143661022169
leaf_count=970 230 128 553 21 52 241 649 35 203 387 75 28 88 60 24 40 40 39 37 21 145 100 33 37 23 38 463 60 21 65
internal_value=-0.00107657 0.0243306 -0.0276922 -0.052551 -0.00411787 0.0197291 0.00257637 0.0434795 0.0699475 0.0108275 -0.0256823 -0.030462 0.0738313 0.00365513 0.060716 -0.0301906 -0.0479362 0.0183199 0.0244969 0.0196231 0.0913543 0.0717988 0.0408662 -0.015648 0.0385316 0.0589858 -0.0462516 -0.0382246 0.0807571 -0.0392312
internal_weight=728.95 372.942 356.008 173.284 182.725 108.82 252.518 75.2769 120.423 217.062 98.3866 95.2801 42.7191 32.5579 12.1217 20.4361 35.4567 23.2987 143.152 134.944 74.7058 47.7444 19.2452 73.9099 23.5357 19.0861 71.9814 64.275 11.5177 73.9045
internal_count=4906 1977 2929 1710 1219 601 1401 360 576 1131 740 719 201 159 59 100 270 121 707 670 373 228 82 424 113 90 598 523 49 618
is_linear=0
shrinkage=0.1


Tree=13
num_leaves=31
num_cat=0
split_feature=5 0 15 13 0 13 16 0 0 15 1 13 113 16 35 15 11 74 21 11 6 16 16 65 0 0 0 54 15 13
split_gain=41.0218 31.1295 18.7791 15.1642 13.3384 8.95772 8.37345 7.0659 6.48574 5.78181 5.78111 5.56505 5.51994 5.23131 5.22633 4.92728 5.079 4.85545 5.40058 4.83006 6.79701 4.45213 3.7268 3.73942 3.54981 4.98207 3.40043 9.15109 3.33118 4.66524
threshold=1.0000000180025095e-35 12.699520587921144 1.0000000180025095e-35 1.0000000180025095e-35 13.211498737335207 1.0000000180025095e-35 1.0000000180025095e-35 10.843257904052736 3.7193702459335332 1.0000000180025095e-35 -0.36938171088695521 1.0000000180025095e-35 1.0000000180025095e-35 1.0000000180025095e-35 1.0000000180025095e-35 1.0000000180025095e-35 1.0000000180025095e-35 1.0000000180025095e-35 1.0000000180025095e-35 1.0000000180025095e-35 1.0000000180025095e-35 1.0000000180025095e-35 1.0000000180025095e-35 1.0000000180025095e-35 5.07460641860962 4.507871389389039 7.5879535675048837 1.0000000180025095e-35 1.0000000180025095e-35 1.0000000180025095e-35
decision_type=2 2 2 2 2 2 2 2 2 2 2 2 2 2 2 2 2 2 2 2 2 2 2 2 2 2 2 2 2 2
left_child=2 5 3 -1 14 8 15 24 -2 -9 -5 22 13 -10 17 16 -3 -4 26 21 -21 -16 23 -6 25 -7 -19 -28 29 -8
right_child=1 6 4 10 11 7 28 9 12 -11 -12 -13 -14 -15 19 -17 -18 18 -20 20 -22 -23 -24 -25 -26 -27 27 -29 -30 -31
leaf_value=-0.085439945988141738 -0.06485212182788215 0.098539275182217084 -0.057382055628384498 -0.077006928427790888 0.0054559865343648505 0.0021415615433812555 -0.025221133517708355 0.039206331251013971 0.0046359255415416144 0.15315666922717369 -0.013458899761392305 0.062708275807930411 0.074703543813941495 -0.039174667322831355 0.096301645218703907 0.12154972863693954 0.032316169340542371 -0.072246530764326244 0.10693687926896452 -0.11907267630862287 0.055905697182217641 -0.01640638597250298 -0.058268527676322845 0.097655116203445455 0.024435171336976747 -0.1186295293045727 0.13724509345471422 -0.031078882929676817 0.066152851796824425 0.055882145806575051
leaf_weight=69.581752344965935 20.879639595746994 24.047581553459167 48.684888802468777 17.345368981361389 26.554239034652714 15.800413690507414 16.102762222290039 12.601989731192591 80.766274839639664 6.8858442902564994 81.95399284362793 30.815430834889412 8.1812830567359907 41.137669436633587 8.845097213983534 25.239411011338234 22.340610608458519 9.3509543016552943 3.6363387480378142 5.0046044513583183 3.9898122251033783 5.8048626407980928 7.351061522960662 5.272383600473403 61.017159849405289 4.3578022420406333 3.9617430418729809 17.48288319259882 17.174540355801582 12.67531803250313
leaf_count=970 165 128 417 187 114 122 82 55 420 30 564 147 40 257 62 145 100 84 26 42 28 47 74 22 279 33 25 120 69 52
internal_value=-0.00103798 0.02214 -0.0257967 -0.0496431 -0.00301248 0.00229101 0.0646178 0.0253969 -0.0131159 0.0794696 -0.0245593 0.0309145 -0.0048119 -0.0101484 -0.0252552 0.0859925 0.0666461 -0.037056 -0.00831595 0.0162281 -0.0414544 0.0516425 0.00590692 0.0207297 0.0124156 -0.0239667 -0.021925 1.77813e-05 0.0313005 0.0105008
internal_weight=714.844 369.208 345.635 168.881 176.754 251.628 117.58 100.663 150.965 19.4878 99.2994 69.9931 130.085 121.904 106.761 71.6276 46.3882 83.1168 34.4319 23.6444 8.99442 14.65 39.1777 31.8266 81.1754 20.1582 30.7956 21.4446 45.9526 28.7781
internal_count=4906 1977 2929 1721 1208 1401 576 519 882 85 751 357 717 677 851 373 228 672 255 179 70 109 210 136 434 155 229 145 203 134
is_linear=0
shrinkage=0.1


Tree=14
num_leaves=31
num_cat=0
split_feature=5 0 13 15 1 16 16 0 15 108 16 138 16 1 11 15 0 54 21 19 73 137 11 14 34 6 14 8 12 73
split_gain=34.1514 26.3084 16.267 14.019 11.2249 7.91614 7.60935 7.47291 7.03493 6.47721 5.49023 5.39809 4.96529 8.94298 5.62586 4.81078 4.77623 4.6383 4.49378 3.87154 4.49699 3.83017 3.80338 3.78664 3.69373 3.46421 3.36342 3.35416 5.65997 6.3467
threshold=1.0000000180025095e-35 12.699520587921144 1.0000000180025095e-35 1.0000000180025095e-35 -0.052095215767621987 1.0000000180025095e-35 1.0000000180025095e-35 3.9219712018966679 1.0000000180025095e-35 1.0000000180025095e-35 1.0000000180025095e-35 1.0000000180025095e-35 1.0000000180025095e-35 0.039622785523533828 1.0000000180025095e-35 1.0000000180025095e-35 15.683778285980226 1.0000000180025095e-35 1.0000000180025095e-35 1.0000000180025095e-35 1.0000000180025095e-35 1.0000000180025095e-35 1.0000000180025095e-35 1.0000000180025095e-35 1.0000000180025095e-35 1.0000000180025095e-35 1.0000000180025095e-35 1.0000000180025095e-35 1.0000000180025095e-35 1.0000000180025095e-35
decision_type=2 2 2 2 2 2 2 2 2 2 2 2 2 2 2 2 2 2 2 2 2 2 2 2 2 2 2 2 2 2
left_child=2 7 3 -1 17 8 15 11 27 12 19 -2 13 24 -15 16 26 -4 -14 20 -9 -12 -11 -7 -5 -25 -3 -6 29 -29
right_child=1 6 4 9 5 23 -8 10 -10 22 21 -13 18 14 -16 -17 -18 -19 -20 -21 -22 -23 -24 25 -26 -27 -28 28 -30 -31
leaf_value=-0.083016261674820249 -0.059542106945957698 0.0092013712772678127 -0.020878170498170798 -0.085094958496331349 0.030211030366213733 -0.048141269373932483 0.028337675966260925 0.037735322817803701 0.064985349837108339 0.12769187019299527 -0.0074555085339734727 0.050321000278635397 -0.085419554935009037 0.045224963290969603 -0.0312491873140762 0.11763188370151463 0.10656547632553344 -0.083492876918166009 0.026818788846566612 -0.070671484419391514 0.001062709552363657 -0.099677747256343874 -0.014779825832815507 0.043117062916116007 0.026778236701558294 -0.069611751555117271 0.077602638366439533 0.064863097875720616 -0.094664454750403318 -0.069274374328237923
leaf_weight=64.705284237861633 28.032657913863659 16.980868056416512 36.783904224634171 17.965285882353786 26.668524414300919 24.09352058917284 45.680729240179062 83.797852009534836 35.169477090239525 4.3100120872259131 67.825569048523903 5.3213277012109748 21.714432962238792 23.116716779768467 16.475825197994709 23.558813571929932 15.621199280023573 17.439546652138233 4.2684296146035186 4.5463101863861075 55.639731861650944 4.8237503468990317 3.3148796483874321 11.321986012160776 3.5314329713582984 3.590567670762538 12.466235980391504 9.1125129759311694 7.2826860398054114 5.7550610303878775
leaf_count=970 230 81 336 180 136 179 203 419 165 33 387 40 216 121 93 145 88 184 41 22 266 37 24 75 32 27 59 46 40 31
internal_value=-0.000998022 0.0202205 -0.023961 -0.0471398 -0.00311236 0.0135981 0.0599617 0.00204862 0.0308872 -0.0226258 0.0088328 -0.0420144 -0.0303651 -0.0147914 0.0134014 0.0810118 0.0618692 -0.0410165 -0.0669812 0.020141 0.0231019 -0.0135789 0.0657531 -0.0236288 -0.0667167 0.0159748 0.0381586 0.00632256 -0.0224387 0.0129401
internal_weight=700.915 364.295 336.62 159.402 177.218 122.994 114.308 249.987 83.9883 94.697 216.633 33.354 87.0721 61.0893 39.5925 68.6271 45.0683 54.2235 25.9829 143.984 139.438 72.6493 7.62489 39.0061 21.4967 14.9126 29.4471 48.8188 22.1503 14.8676
internal_count=4906 1977 2929 1710 1219 699 576 1401 418 740 1131 270 683 426 214 373 228 520 257 707 685 424 57 281 212 102 140 253 117 77
is_linear=0
shrinkage=0.1


Tree=15
num_leaves=31
num_cat=0
split_feature=5 1 15 13 0 1 126 13 39 13 1 39 11 8 0 11 16 54 51 99 26 13 26 9 16 97 1 12 10 7
split_gain=28.4222 22.951 14.3457 12.9745 9.67603 9.50003 6.26055 5.87104 5.62902 5.06714 4.91362 4.87218 4.42838 4.30476 4.27441 4.23084 4.98523 4.75863 4.49202 4.5875 4.84166 4.34527 3.83771 3.75771 4.76597 4.45442 4.57057 4.73586 3.74347 6.00975
threshold=1.0000000180025095e-35 0.603315830230713 1.0000000180025095e-35 1.0000000180025095e-35 13.211498737335207 -0.16723705083131787 1.0000000180025095e-35 1.0000000180025095e-35 1.0000000180025095e-35 1.0000000180025095e-35 -0.36938171088695521 1.0000000180025095e-35 1.0000000180025095e-35 1.0000000180025095e-35 3.8535249233245854 1.0000000180025095e-35 1.0000000180025095e-35 1.0000000180025095e-35 1.0000000180025095e-35 1.0000000180025095e-35 1.0000000180025095e-35 1.0000000180025095e-35 1.0000000180025095e-35 1.0000000180025095e-35 1.0000000180025095e-35 1.0000000180025095e-35 -0.74309831857681263 1.0000000180025095e-35 1.0000000180025095e-35 1.0000000180025095e-35
decision_type=2 2 2 2 2 2 2 2 2 2 2 2 2 2 2 2 2 2 2 2 2 2 2 2 2 2 2 2 2 2
left_child=2 5 3 -1 14 23 7 11 -9 13 -5 28 -13 -3 22 16 21 -18 -17 20 -20 -6 -4 25 -25 26 -2 -28 29 -7
right_child=1 9 4 10 15 6 -8 8 -10 -11 -12 12 -14 -15 -16 18 17 -19 19 -21 -22 -23 -24 24 -26 -27 27 -29 -30 -31
leaf_value=-0.080565761454427356 -0.11606546737591711 0.072225727027023054 0.012247044206440579 -0.072387478642768677 0.041375259896160782 0.032126858345792465 -0.079923096743695424 0.026798261071083459 0.088254771281672487 0.10826233433378518 -0.011395719964520747 0.0072816292382754493 -0.067451966710777148 0.0043301321841046287 -0.013388044818180704 0.090500270552559825 -0.099890407616933657 0.035101369388844075 0.06025440713008632 -0.093742910117831424 -0.045565376016807629 0.12302323747662708 -0.1026388262369482 -0.018271002286397043 -0.093188498927520472 -0.10894112661572034 0.030250292359568894 -0.02413695275821133 0.049426006625916077 -0.047583264037728022
leaf_weight=60.238442458212376 3.0844386667013159 29.592203408479691 3.984326891601083 15.800095513463019 18.489093840122223 26.808582559227943 5.9821385443210593 44.600352451205254 22.38358248770237 23.79031890630722 80.534044794738293 20.065478354692459 13.108916163444517 13.643742606043814 87.464732341468334 4.3149344921112087 3.7496633082628223 8.6020602658390999 8.4458240419626271 6.2723581790924063 8.8590433076024055 10.067337870597841 10.759650908410549 28.351858355104923 12.12215233594179 3.7497432827949515 39.94067294895649 26.722361467778683 32.284892335534096 14.615219168365
leaf_count=970 26 152 41 187 77 132 28 206 98 131 564 94 62 73 693 22 28 55 44 31 46 54 117 189 99 23 258 178 156 72
internal_value=-0.000966667 0.018393 -0.0222922 -0.0441624 -0.00226831 0.0063476 0.0206617 0.0241225 0.0473348 0.0711959 -0.0213992 0.00957529 -0.0222495 0.0508003 -0.0217843 0.0267243 0.0472008 -0.00587864 -0.00330752 -0.0204755 0.00608109 0.0701596 -0.0715927 -0.0162404 -0.0407091 -0.00276578 0.00294238 0.00844877 0.0238988 0.00400339
internal_weight=688.428 360.847 327.582 156.573 171.009 293.82 179.849 173.867 66.9839 67.0263 96.3341 106.883 33.1744 43.2359 102.209 68.8003 40.9082 12.3517 27.8922 23.5772 17.3049 28.5564 14.744 113.971 40.474 73.4972 69.7475 66.663 73.7087 41.4238
internal_count=4906 1977 2929 1721 1208 1621 848 820 304 356 751 516 156 225 851 357 214 83 143 121 90 131 158 773 288 485 462 436 360 204
is_linear=0
shrinkage=0.1


Tree=16
num_leaves=31
num_cat=0
split_feature=5 1 13 15 1 1 16 11 0 126 108 36 13 13 39 54 14 7 16 0 1 12 1 81 14 54 55 1 39 1
split_gain=23.5029 19.2676 13.0593 11.5247 8.24837 7.74896 6.56305 5.66396 5.20758 5.11594 5.0284 4.96642 4.77351 4.72379 4.60962 4.41154 6.3033 5.52128 4.31703 5.19787 4.30302 4.25165 4.92575 4.63107 4.13657 4.12842 3.97677 5.44055 3.94553 3.89851
threshold=1.0000000180025095e-35 0.603315830230713 1.0000000180025095e-35 1.0000000180025095e-35 -0.011027454398572443 -0.16723705083131787 1.0000000180025095e-35 1.0000000180025095e-35 3.5414099693298344 1.0000000180025095e-35 1.0000000180025095e-35 1.0000000180025095e-35 1.0000000180025095e-35 1.0000000180025095e-35 1.0000000180025095e-35 1.0000000180025095e-35 1.0000000180025095e-35 1.0000000180025095e-35 1.0000000180025095e-35 4.507871389389039 0.039622785523533828 1.0000000180025095e-35 0.29895809292793279 1.0000000180025095e-35 1.0000000180025095e-35 1.0000000180025095e-35 1.0000000180025095e-35 -0.24967678636312482 1.0000000180025095e-35 0.93231424689292919
decision_type=2 2 2 2 2 2 2 2 2 2 2 2 2 2 2 2 2 2 2 2 2 2 2 2 2 2 2 2 2 2
left_child=2 5 3 -1 25 -2 7 11 -5 12 18 -6 28 29 -14 17 -17 -9 20 -20 -10 22 -22 -24 -8 26 -4 -28 -7 -3
right_child=1 13 4 8 6 9 24 15 10 -11 -12 -13 14 -15 -16 16 -18 -19 19 -21 21 -23 23 -25 -26 -27 27 -29 -30 -31
leaf_value=-0.078081363933547476 -0.014847125212084103 0.033634905686705484 -0.036153215977232256 -0.10986846149440517 0.033690041199569483 0.02142072361591104 -0.049178520287576022 -0.0096068931564924458 -0.050550814181475778 -0.072971087558944811 0.063448833109202032 0.11090627829773465 0.024104328703477063 0.10266836261683072 0.079794222455893515 0.010802861572861413 -0.10210676532390635 0.12193633243699842 0.099555272043093723 -0.073488017673910319 0.15108331326670374 -0.025968211892790718 0.052521132579418844 -0.05575106413175665 0.019650389104415106 -0.073052533403624317 -0.023046420953830648 0.12022243416986303 -0.020179842475977802 0.1186896423516523
leaf_weight=56.152474135160446 112.73835559934378 36.503493458032608 25.685448803007603 6.0978857800364485 34.886814847588539 73.950344137847424 22.152043275535107 7.8056446462869626 16.062770366668701 5.9011831581592551 7.5958438143134108 10.94223779439926 44.624987289309502 22.6383406072855 22.286000356078148 13.95544056594372 7.6572059690952292 5.397048145532608 1.8963325023651147 20.513618938624859 3.3782628774642971 17.55437496304512 13.11837472766638 5.6527046412229529 14.412836223840712 18.06749814003706 6.4511054530739784 4.4991297796368581 32.959886513650417 6.3222571313381186
leaf_count=970 773 187 256 76 175 360 171 39 163 28 54 53 206 131 98 70 40 26 21 212 30 98 61 25 98 201 59 31 156 38
internal_value=-0.000922714 0.0166819 -0.0206177 -0.0423907 -0.00187036 0.00570483 0.0130939 0.0290276 -0.0205761 0.0185969 -0.0142279 0.0521263 0.0217056 0.0657218 0.0426529 -0.00137829 -0.0292002 0.0441659 -0.0217752 -0.0588451 -0.0068786 0.0107897 0.039922 0.0199161 -0.0220481 -0.0339334 -0.0146412 0.0358185 0.00859548 0.0461913
internal_weight=677.86 357.925 319.935 148.023 171.912 292.461 117.209 80.6444 91.8702 179.722 85.7723 45.8291 173.821 65.4641 66.911 34.8153 21.6126 13.2027 78.1764 22.41 55.7665 39.7037 22.1493 18.7711 36.5649 54.7032 36.6357 10.9502 106.91 42.8258
internal_count=4906 1977 2929 1710 1219 1621 672 403 740 848 664 228 820 356 304 175 110 65 610 233 377 214 116 86 269 547 346 90 516 225
is_linear=0
shrinkage=0.1


Tree=17
num_leaves=31
num_cat=0
split_feature=5 1 15 13 16 0 0 15 11 13 1 0 13 14 132 35 22 12 8 83 11 6 98 7 133 61 26 74 40 0
split_gain=19.5179 16.3789 11.65 10.5137 10.3787 7.52782 6.69195 5.29285 4.57919 3.90488 3.86091 3.82686 3.91607 4.94109 3.93946 3.78757 3.94962 5.93684 3.7592 5.68108 3.7396 6.01438 3.69075 4.02966 3.64235 3.63598 4.6593 3.62234 5.61981 3.55352
threshold=1.0000000180025095e-35 0.099551297724246993 1.0000000180025095e-35 1.0000000180025095e-35 1.0000000180025095e-35 13.211498737335207 15.683778285980226 1.0000000180025095e-35 1.0000000180025095e-35 1.0000000180025095e-35 -0.36938171088695521 2.2026009559631352 1.0000000180025095e-35 1.0000000180025095e-35 1.0000000180025095e-35 1.0000000180025095e-35 1.0000000180025095e-35 1.0000000180025095e-35 1.0000000180025095e-35 1.0000000180025095e-35 1.0000000180025095e-35 1.0000000180025095e-35 1.0000000180025095e-35 1.0000000180025095e-35 1.0000000180025095e-35 1.0000000180025095e-35 1.0000000180025095e-35 1.0000000180025095e-35 1.0000000180025095e-35 12.581793308258058
decision_type=2 2 2 2 2 2 2 2 2 2 2 2 2 2 2 2 2 2 2 2 2 2 2 2 2 2 2 2 2 2
left_child=2 11 3 24 6 15 8 -6 18 -7 -5 -2 13 -13 -15 16 27 -18 19 -3 -17 -22 23 -20 -1 26 -26 -4 29 -29
right_child=1 4 5 10 7 9 -8 -9 -10 -11 -12 12 -14 14 -16 20 17 -19 22 -21 21 -23 -24 -25 25 -27 -28 28 -30 -31
leaf_value=-0.087622923809220682 -0.114282666497441 0.10834045954363269 -0.057700831139261381 -0.067429039770209545 -0.014634263175803889 0.0038871283457073262 0.10472262677691452 0.042433828880344526 0.01699041307731473 0.052494855389552668 -0.011083032782924494 -0.035809608697343343 0.013748925482243808 0.025271637071954456 -0.048544182712271032 0.047867011777578183 0.094724982368980887 -0.083539428428478862 0.053067096362737723 -0.010845200133293965 -0.11711163600254429 0.052635951823264832 0.11875615351538449 -0.038825407902868703 0.066054091255477648 0.10539933182431654 -0.10608133623319281 -0.01245845525794736 0.13113478166877324 -0.13482239899137036
leaf_weight=43.340671434998512 3.2587379291653624 22.876550771296028 38.125386461615562 14.348777443170546 45.065501131117344 38.484019257128239 21.743909008800983 25.418432086706161 38.822347044944763 28.967226773500443 79.751624301075935 59.593570403754711 67.725724555552006 32.736532680690289 9.2793729901313764 14.484725773334503 5.6061955615878087 2.8019278272986412 11.605473995208744 4.8465733528137198 4.3739269897341728 3.992626279592514 4.1776603162288657 8.1046705096960068 2.3237517103552801 1.8914258107542989 4.863666370511055 24.246690474450595 2.5416090041398993 2.6308005899190894
leaf_count=802 30 116 363 187 219 210 150 107 178 147 564 391 372 207 64 109 52 27 61 23 42 28 21 38 43 35 90 197 15 18
internal_value=-0.000892866 0.0151457 -0.0191097 -0.039668 0.0360176 -0.000991752 0.0549123 0.00594605 0.0429358 0.0247619 -0.0196749 -0.00694368 -0.00487802 -0.0172934 0.00896913 -0.0185732 -0.0293126 0.03532 0.0624522 0.0875044 0.017122 -0.0361059 0.0333779 0.0152816 -0.0755584 -0.0179644 -0.0504285 -0.0373582 -0.0109954 -0.0244356
internal_weight=668.03 355.255 312.775 146.52 182.661 166.255 112.177 70.4839 90.4333 67.4512 94.1004 172.594 169.335 101.609 42.0159 98.8039 75.9526 8.40812 51.6109 27.7231 22.8513 8.36655 23.8878 19.7101 52.4195 9.07884 7.18742 67.5445 29.4191 26.8775
internal_count=4906 1977 2929 1721 913 1208 587 326 437 357 751 1064 1034 662 271 851 672 79 259 139 179 70 120 99 970 168 133 593 230 215
is_linear=0
shrinkage=0.1


Tree=18
num_leaves=31
num_cat=0
split_feature=5 1 13 15 1 0 15 32 16 17 138 15 13 138 1 54 1 26 0 108 6 7 0 16 8 8 73 133 16 99
split_gain=16.1886 14.6088 10.1479 9.49514 6.02226 5.47959 6.6714 5.7469 5.09025 4.89548 4.74061 4.69588 4.57238 4.49746 4.41864 4.16702 4.04853 3.93508 4.0704 3.87038 4.35646 6.0687 5.24437 4.66165 3.78767 3.72934 3.48969 3.46935 3.41336 3.7231
threshold=1.0000000180025095e-35 0.603315830230713 1.0000000180025095e-35 1.0000000180025095e-35 -0.052095215767621987 3.9219712018966679 1.0000000180025095e-35 1.0000000180025095e-35 1.0000000180025095e-35 1.0000000180025095e-35 1.0000000180025095e-35 1.0000000180025095e-35 1.0000000180025095e-35 1.0000000180025095e-35 0.68545135855674755 1.0000000180025095e-35 0.14426952600479129 1.0000000180025095e-35 5.07460641860962 1.0000000180025095e-35 1.0000000180025095e-35 1.0000000180025095e-35 5.7535934448242196 1.0000000180025095e-35 1.0000000180025095e-35 1.0000000180025095e-35 1.0000000180025095e-35 1.0000000180025095e-35 1.0000000180025095e-35 1.0000000180025095e-35
decision_type=2 2 2 2 2 2 2 2 2 2 2 2 2 2 2 2 2 2 2 2 2 2 2 2 2 2 2 2 2 2
left_child=2 5 3 27 15 13 7 10 11 -5 17 -6 25 -2 -11 -4 -10 18 -7 20 21 -8 -22 -23 -24 -3 -27 -1 -19 -30
right_child=1 12 4 9 8 6 19 -9 16 14 -12 -13 -14 -15 -16 -17 -18 28 -20 -21 22 23 24 -25 -26 26 -28 -29 29 -31
leaf_value=-0.08561572717617956 -0.052702130352432763 0.059020587356947762 -0.011623493752455796 0.10290013307149626 0.0051057123443408372 -0.1169514186525244 0.076434700300174907 -0.036809910897761609 0.049874601176740828 -0.03634607238182113 -0.086088722051246916 0.053821973937518475 0.095998660544963574 0.047773477457463603 0.014999887426584924 -0.075597531435736137 -0.035086110064532904 0.04358933299892738 -0.0021913929755177932 -0.037776688790893451 -0.098124003281339633 0.041823176558656021 -0.002169360011913448 -0.059714261586254938 0.078320320171444455 0.027448799210168819 -0.086406273617537707 -0.016796976472584445 0.016832935108386064 -0.081785601089097271
leaf_weight=40.089343532919884 25.716513670980934 28.125154808163643 33.79074252396822 3.2127279117703429 48.76057156920433 3.3099234029650679 36.889665700495243 38.941005602478981 6.8619689121842375 63.605373620986938 5.2041251733899108 33.298779040575027 20.843013323843479 5.3884399086236945 22.75644189864397 14.572580799460409 30.708458609879017 44.049971245229244 46.662389911711216 7.7968630939722052 4.190793700516223 13.827108442783357 19.598799273371696 6.7185538932681075 8.3319161832332629 9.2595533207058889 3.7955253049731246 8.9633040428161603 18.206909522414211 4.8473239168524733
leaf_count=802 230 152 336 21 253 27 188 200 48 598 37 165 131 40 121 184 233 223 227 40 30 70 94 37 42 52 21 168 110 26
internal_value=-0.000853062 0.0137888 -0.0176478 -0.0376745 -0.00112181 0.00435825 0.00912845 -0.00335342 0.0109167 -0.0183073 0.007301 0.0248742 0.0578343 -0.0352963 -0.0228164 -0.0308998 -0.0195686 0.0114522 -0.00979254 0.0297989 0.0356821 0.0521761 0.00618975 0.00861983 0.0218412 0.0385177 -0.00565248 -0.0730406 0.0272732 -0.00390235
internal_weight=658.324 351.704 306.62 138.627 167.993 289.68 258.575 161.222 119.63 89.5745 122.281 82.0594 62.0232 31.105 86.3618 48.3633 37.5704 117.077 49.9723 97.3537 89.5568 57.4353 32.1215 20.5457 27.9307 41.1802 13.0551 49.0526 67.1042 23.0542
internal_count=4906 1977 2929 1710 1219 1621 1351 850 699 740 650 418 356 270 719 520 281 613 254 501 461 295 166 107 136 225 73 970 359 136
is_linear=0
shrinkage=0.1


Tree=19
num_leaves=31
num_cat=0
split_feature=11 1 16 81 15 5 83 55 61 12 0 26 133 9 73 5 15 0 0 6 9 0 0 130 67 26 49 87 57 17
split_gain=13.9277 12.8297 17.925 6.73189 6.41625 7.17103 5.78311 5.98396 9.00459 5.0351 5.89495 5.15545 4.98523 4.94562 5.31124 4.67711 7.04459 4.51479 4.89395 4.88793 8.14388 5.43706 5.35379 4.63711 4.84558 7.81319 8.34594 4.48701 9.17035 4.35268
threshold=1.0000000180025095e-35 0.039622785523533828 1.0000000180025095e-35 1.0000000180025095e-35 1.0000000180025095e-35 1.0000000180025095e-35 1.0000000180025095e-35 1.0000000180025095e-35 1.0000000180025095e-35 1.0000000180025095e-35 15.585215568542482 1.0000000180025095e-35 1.0000000180025095e-35 1.0000000180025095e-35 1.0000000180025095e-35 1.0000000180025095e-35 1.0000000180025095e-35 3.8535249233245854 4.0561258792877206 1.0000000180025095e-35 1.0000000180025095e-35 8.8049278259277362 8.0862421989440936 1.0000000180025095e-35 1.0000000180025095e-35 1.0000000180025095e-35 1.0000000180025095e-35 1.0000000180025095e-35 1.0000000180025095e-35 1.0000000180025095e-35
decision_type=2 2 2 2 2 2 2 2 2 2 2 2 2 2 2 2 2 2 2 2 2 2 2 2 2 2 2 2 2 2
left_child=1 17 3 13 27 6 -6 -8 -9 11 -11 -5 -7 -3 -15 16 -16 -1 -19 20 23 22 -21 24 25 26 -20 -2 -29 -4
right_child=4 2 29 9 5 12 7 8 -10 10 -12 -13 -14 14 15 -17 -18 18 19 21 -22 -23 -24 -25 -26 -27 -28 28 -30 -31
leaf_value=-0.043114951577624745 -0.036529858887737979 0.086016417101106746 0.079105302733000399 0.093711385457566951 -0.03504571361592921 0.043361021322124611 -0.058467570322081192 0.23192454561457321 -0.00089369961793917322 -0.035361420374984555 0.10046994133016394 0.0029012994544540395 -0.057126342351183246 0.069907644731964133 -0.1394735306595587 0.051485046587384946 0.029928830739519591 0.10588319670613502 0.18182918818138014 -0.032952758736554046 -0.030174516363611098 -0.11522613633649242 0.053649540516589669 -0.017347994643766518 0.028301535069361727 0.22596470022472359 -0.026273686027541189 0.17984269192238789 -0.047204941094716457 -0.015507183447968293
leaf_weight=33.266168348491192 140.35350206121802 48.637686930596828 5.1757529452443114 12.915026150643826 53.650365177541971 38.555758416652679 3.5362495332956296 2.9810689687728882 3.7521605119109154 20.480741985142235 3.785636991262435 12.117219351232052 5.6619970872998229 25.225473403930664 4.5332198590040207 9.1436245739459991 5.3541598916053772 4.082365319132804 3.095997288823126 38.109788354486227 29.188606683164835 6.3652231767773619 8.7837230861186963 11.565058816224335 22.281069625169039 3.7863910123705855 5.1046731248497963 2.9569864347577086 4.4650303199887276 80.342581659555435
leaf_count=384 1200 300 35 74 403 215 30 21 26 121 27 74 39 152 35 49 29 43 23 338 235 46 60 106 145 24 32 18 36 586
internal_value=-0.000819605 0.0109943 0.0263972 0.0481557 -0.0189777 -0.000467678 -0.0218859 0.0468645 0.102184 0.0182876 -0.0141713 0.0497535 0.0304938 0.0640065 0.0398177 -6.62338e-05 -0.0477397 -0.0101819 -0.00190496 -0.00533518 0.0111117 -0.0285027 -0.0167311 0.0374046 0.0558829 0.10715 0.0522913 -0.0325228 0.0432525 -0.00978103
internal_weight=649.253 393.34 227.711 142.193 255.913 108.138 63.9198 10.2695 6.73323 49.2986 24.2664 25.0322 44.2178 92.8942 44.2565 19.031 9.88738 165.629 132.363 128.281 75.0218 53.2587 46.8935 45.8332 34.2681 11.9871 8.20067 147.776 7.42202 85.5183
internal_count=4906 2918 1482 861 1988 734 480 77 47 296 148 148 254 565 265 113 64 1436 1052 1009 565 444 398 330 224 79 55 1254 54 621
is_linear=0
shrinkage=0.1


Tree=20
num_leaves=31
num_cat=0
split_feature=5 1 13 15 231 13 15 0 16 0 11 0 15 9 0 6 108 16 174 54 55 138 133 21 16 0 21 56 81 0
split_gain=12.9839 11.7445 8.90255 8.18343 5.11168 5.1663 5.10798 4.44161 4.33655 4.29087 4.26135 4.23358 5.01361 5.7637 4.0398 4.32267 3.87257 3.7807 3.72102 3.51809 4.64942 3.58164 3.43179 3.35766 3.33288 4.51491 4.27569 3.18439 5.56361 3.09883
threshold=1.0000000180025095e-35 0.603315830230713 1.0000000180025095e-35 1.0000000180025095e-35 1.0000000180025095e-35 1.0000000180025095e-35 1.0000000180025095e-35 3.5414099693298344 1.0000000180025095e-35 11.377138614654543 1.0000000180025095e-35 10.843257904052736 1.0000000180025095e-35 1.0000000180025095e-35 9.3497605323791522 1.0000000180025095e-35 1.0000000180025095e-35 1.0000000180025095e-35 1.0000000180025095e-35 1.0000000180025095e-35 1.0000000180025095e-35 1.0000000180025095e-35 1.0000000180025095e-35 1.0000000180025095e-35 1.0000000180025095e-35 5.07460641860962 1.0000000180025095e-35 1.0000000180025095e-35 1.0000000180025095e-35 8.8049278259277362
decision_type=2 2 2 2 2 2 2 2 2 2 2 2 2 2 2 2 2 2 2 2 2 2 2 2 2 2 2 2 2 2
left_child=2 4 3 22 5 10 -4 -5 18 19 14 -7 13 -13 29 -16 24 -17 -3 20 21 -8 -1 -11 -9 -26 -27 -24 -29 -2
right_child=1 8 6 7 -6 11 9 16 -10 23 -12 12 -14 -15 15 17 -18 -19 -20 -21 -22 -23 27 -25 25 26 -28 28 -30 -31
leaf_value=-0.083222246206540562 -0.0087118921924273698 0.089762521500893269 -0.016370590310680066 -0.10812735999543469 0.1208853688109475 0.0073724598435906952 -0.050945467937661137 -0.0059402675787752204 0.022824990377742702 0.031376052324660703 -0.028411701763211141 -0.014427549153727121 0.11556645615074053 0.093467107081620066 0.048317864059428867 0.020193288026496475 0.055215261998127943 -0.068177199261539964 -0.011480531791125606 -0.044234550738936007 0.077096985220227732 0.074969609617258445 -0.065271781395788819 0.12340733837008538 0.063522676855975027 -0.096736464579372294 0.025038580379304072 0.15033118761328093 -0.10627147924641939 -0.10703904404067227
leaf_weight=36.641544714570045 52.380621634423733 28.806940853595734 90.980677880346775 5.0975635237991801 3.6912585645914069 79.355449669063091 9.0667562633752805 54.41428055614233 26.77394662797451 34.038214907050133 65.521537527441978 13.424039959907534 8.6760030537843722 7.8442273288965216 30.365550450980663 14.001541987061502 7.7775357961654654 7.3998832404613486 4.1536393836140624 14.382497914135454 8.4616095870733261 3.0086887106299409 4.9694104418158513 4.4868618100881568 2.8572900146245983 14.144203111529352 3.6215490996837607 2.3388465419411659 1.3228713274002077 3.4140698611736289
leaf_count=802 354 206 751 76 21 430 86 377 121 173 398 62 49 38 148 64 54 39 29 115 50 20 101 24 32 164 37 43 24 18
internal_value=-0.000787952 0.0123904 -0.0161006 -0.0353177 0.00396925 0.00244095 -0.000534587 -0.0175295 0.0527201 0.0190825 -0.00830768 0.0194621 0.0515009 0.0253665 0.00393876 0.0240584 -0.0119529 -0.0103622 0.077004 -0.0063056 0.0202568 -0.0195728 -0.0698597 0.0420946 -0.0189148 -0.0531483 -0.0719126 -0.013132 0.0576282 -0.0147285
internal_weight=643.419 345.809 297.61 133.185 286.074 282.383 164.425 87.9124 59.7345 73.4446 173.083 109.3 29.9443 21.2683 107.562 51.767 82.8149 21.4014 32.9606 34.9196 20.5371 12.0754 45.2727 38.5251 75.0373 20.623 17.7658 8.63113 3.66172 55.7947
internal_count=4906 1977 2929 1710 1621 1600 1219 740 356 468 1021 579 149 100 623 251 664 103 235 271 156 106 970 197 610 233 201 168 67 372
is_linear=0
shrinkage=0.1


Tree=21
num_leaves=31
num_cat=0
split_feature=16 1 11 214 14 8 12 0 5 0 5 73 167 61 15 81 0 7 42 55 10 51 81 42 17 13 74 0 15 7
split_gain=11.1769 14.1358 10.436 6.35274 5.75166 5.74694 5.50486 5.17297 5.23444 5.13568 4.7985 4.45812 5.81538 4.34738 4.28539 4.19502 4.61109 4.19454 4.16738 3.95826 7.10875 6.22891 4.71305 4.14239 3.60387 4.03967 3.66834 6.45041 5.32282 3.1301
threshold=1.0000000180025095e-35 0.039622785523533828 1.0000000180025095e-35 1.0000000180025095e-35 1.0000000180025095e-35 1.0000000180025095e-35 1.0000000180025095e-35 10.584530830383303 1.0000000180025095e-35 3.9917863607406621 1.0000000180025095e-35 1.0000000180025095e-35 1.0000000180025095e-35 1.0000000180025095e-35 1.0000000180025095e-35 1.0000000180025095e-35 15.464749813079836 1.0000000180025095e-35 1.0000000180025095e-35 1.0000000180025095e-35 1.0000000180025095e-35 1.0000000180025095e-35 1.0000000180025095e-35 1.0000000180025095e-35 1.0000000180025095e-35 1.0000000180025095e-35 1.0000000180025095e-35 8.8720054626464862 1.0000000180025095e-35 1.0000000180025095e-35
decision_type=2 2 2 2 2 2 2 2 2 2 2 2 2 2 2 2 2 2 2 2 2 2 2 2 2 2 2 2 2 2
left_child=1 3 5 9 19 15 17 -6 13 -1 24 -11 -13 -9 -8 -3 -17 -7 -19 20 21 -4 -21 29 -2 26 -26 28 -28 -24
right_child=10 2 4 -5 7 6 14 8 -10 11 -12 12 -14 -15 -16 16 -18 18 -20 22 -22 -23 23 -25 25 -27 27 -29 -30 -31
leaf_value=-0.049711817713936436 0.070185203991294548 0.078147687659239323 0.11391785398622944 0.13197726966710513 -0.1431132058046897 0.075513205718229684 -0.055369596749652243 -0.015321855944900944 0.025348774689320053 0.006795369357824251 -0.0057918428155155754 -0.04140853599502161 0.10402024442236468 -0.11697668448212746 0.02546865267972119 0.0078859364806394515 0.11307679496815348 0.045938982989942409 -0.058680597051740363 -0.017818378479153001 0.13234672575774056 -0.058084607648328339 0.044820280578543252 -0.026518995621852056 -0.084569896861947047 -0.020104127706596642 -0.060570006769515239 -0.070967527284033632 0.13584197285064042 0.15593737398139879
leaf_weight=35.123650941997766 3.1350576989352694 49.497684840112925 3.2192267626523989 2.9625834524631491 3.7421739920973769 20.296807710081339 13.087134093046188 10.603033456951382 14.606092013418673 85.517442468553782 125.56415681540966 42.431847602128983 2.9401775747537604 6.9741255529224864 13.144115842878819 21.061790309846405 5.1951190195977679 10.359578512609007 6.0200203768908969 33.862560745328665 7.4824442416429511 6.0854423344135284 8.0715698972344416 5.3336824066936961 26.455779951065779 52.181878991425037 2.2453387305140522 10.555631663650273 3.5791863799095154 3.6959180235862723
leaf_count=415 31 308 25 21 31 129 96 77 74 678 721 320 25 55 73 119 37 65 34 199 42 33 47 33 474 467 50 173 33 21
internal_value=-0.000751661 0.00903256 0.0245127 -0.0131684 0.000513518 0.0424566 0.0201162 -0.0318319 -0.0188925 -0.0157586 -0.0187404 -0.00664744 -0.0319845 -0.0556557 -0.0148627 0.0610084 0.0286987 0.0451333 0.00748798 0.017665 0.05978 0.00142476 0.00379254 0.046585 -0.0353052 -0.0387858 -0.0615433 -0.0243529 0.0601257 0.0797198
internal_weight=635.031 411.314 242.339 168.976 103.676 138.662 62.9077 35.9254 32.1833 166.013 223.717 130.889 45.372 17.5772 26.2312 75.7546 26.2569 36.6764 16.3796 67.7508 16.7871 9.30467 50.9637 17.1012 98.1529 95.0178 42.8359 16.3802 5.82453 11.7675
internal_count=4906 2957 1498 1459 637 861 397 237 206 1438 1949 1023 345 132 169 464 156 228 99 400 100 58 300 101 1228 1197 730 256 83 68
is_linear=0
shrinkage=0.1


Tree=22
num_leaves=31
num_cat=0
split_feature=5 0 13 15 13 0 108 15 133 0 73 16 14 108 0 67 55 81 0 67 137 73 15 14 9 7 0 0 93 83
split_gain=10.2982 9.33881 7.12607 6.78358 5.47165 4.95857 5.91816 4.1488 3.92349 3.86926 3.86748 3.84929 3.74445 3.83128 3.73818 3.71711 3.71468 3.90949 3.57133 6.85675 5.65319 5.68147 3.53064 5.24721 4.82571 4.33257 3.50441 3.44004 5.26317 4.98838
threshold=1.0000000180025095e-35 15.683778285980226 1.0000000180025095e-35 1.0000000180025095e-35 1.0000000180025095e-35 10.843257904052736 1.0000000180025095e-35 1.0000000180025095e-35 1.0000000180025095e-35 3.5414099693298344 1.0000000180025095e-35 1.0000000180025095e-35 1.0000000180025095e-35 1.0000000180025095e-35 17.229294776916507 1.0000000180025095e-35 1.0000000180025095e-35 1.0000000180025095e-35 5.7535934448242196 1.0000000180025095e-35 1.0000000180025095e-35 1.0000000180025095e-35 1.0000000180025095e-35 1.0000000180025095e-35 1.0000000180025095e-35 1.0000000180025095e-35 14.97056818008423 9.3497605323791522 1.0000000180025095e-35 1.0000000180025095e-35
decision_type=2 2 2 2 2 2 2 2 2 2 2 2 2 2 2 2 2 2 2 2 2 2 2 2 2 2 2 2 2 2
left_child=2 4 3 18 8 -6 16 -4 10 -5 22 -3 13 14 -11 -14 17 -7 19 20 21 -1 26 25 -25 -24 27 29 -29 -2
right_child=1 11 7 9 5 6 -8 -9 -10 12 -12 -13 15 -15 -16 -17 -18 -19 -20 -21 -22 -23 23 24 -26 -27 -28 28 -30 -31
leaf_value=0.30718780659209372 -0.047093794191411804 0.094527121443554005 -0.015087125493345416 -0.10710070727613337 0.0084107423760188121 0.060390974906273542 -0.058633254586134421 0.017108315238653058 -0.039901883460980836 -0.012210566850886733 -0.017778551713227741 0.024528652165203519 0.0030813295175707634 0.086100965234485308 0.09678129749488236 -0.06840825608110003 0.088062397610759388 -0.067491388597595847 -0.08427171180660234 -0.068263871143351945 -0.10487987481426958 -0.003921608474569834 0.044117465278801837 0.13583060707703448 0.0059358048965931281 -0.039258506043793731 -0.088264754558167652 0.047679080405850623 -0.05668511130282429 0.064103063221553611
leaf_weight=1.4540519565343837 18.821951620280746 17.31209772080183 89.549201242625713 4.4552409611642352 79.806820042431355 7.0348594188690168 4.2907409369945517 72.37345277890563 27.208896107971668 42.649822015315294 65.029461704194546 14.382759481668474 12.251185469329359 5.2364170476794234 3.3975023850798598 17.899346087127924 23.613236397504807 3.6210370510816574 29.468449138104916 8.2002073675394058 0.96006079390645016 0.98439025506377209 16.014264345169067 8.1552047133445722 4.4048994109034529 10.203639127314093 4.3343605101108542 24.732203759253029 6.0055678337812415 5.1350092366337767
leaf_count=31 128 150 751 76 434 41 24 468 215 374 351 65 89 34 17 150 130 17 706 190 22 21 87 47 25 57 21 123 28 34
internal_value=-0.000720331 0.0110723 -0.0146042 -0.0323417 0.0057602 0.0226377 0.0520829 -0.000696951 -0.00475165 -0.0163579 0.00112172 0.0627626 -0.0113934 0.00504832 -0.00416884 -0.0393596 0.0659454 0.0169346 -0.0657708 -0.0187661 0.100667 0.181594 0.013688 0.0371293 0.0902758 0.0116687 -0.00171129 0.00514776 0.0272883 -0.0232595
internal_weight=628.986 340.107 288.879 126.957 308.412 118.367 38.5599 161.923 190.045 85.8895 162.837 31.6949 81.4343 51.2837 46.0473 30.1505 34.2691 10.6559 41.0672 11.5987 3.3985 2.43844 97.8071 38.778 12.5601 26.2179 59.0291 54.6947 30.7378 23.957
internal_count=4906 1977 2929 1710 1762 646 212 1219 1116 740 901 215 664 425 391 239 188 58 970 264 74 52 550 216 72 144 334 313 151 162
is_linear=0
shrinkage=0.1


Tree=23
num_leaves=31
num_cat=0
split_feature=11 16 1 265 81 74 8 5 15 133 5 94 9 73 61 31 54 81 54 59 10 12 7 0 87 57 12 26 0 98
split_gain=9.7673 7.86494 10.1473 5.00125 4.94228 4.90235 6.13056 5.17555 4.82339 6.04377 5.35029 5.48658 4.30172 4.32426 4.2981 4.00197 3.98412 5.69802 3.98132 6.84277 9.49742 4.10922 5.26482 6.48641 3.89828 6.7763 3.63682 4.32801 4.28918 4.08121
threshold=1.0000000180025095e-35 1.0000000180025095e-35 0.039622785523533828 1.0000000180025095e-35 1.0000000180025095e-35 1.0000000180025095e-35 1.0000000180025095e-35 1.0000000180025095e-35 1.0000000180025095e-35 1.0000000180025095e-35 1.0000000180025095e-35 1.0000000180025095e-35 1.0000000180025095e-35 1.0000000180025095e-35 1.0000000180025095e-35 1.0000000180025095e-35 1.0000000180025095e-35 1.0000000180025095e-35 1.0000000180025095e-35 1.0000000180025095e-35 1.0000000180025095e-35 1.0000000180025095e-35 1.0000000180025095e-35 5.542778968811036 1.0000000180025095e-35 1.0000000180025095e-35 1.0000000180025095e-35 1.0000000180025095e-35 15.585215568542482 1.0000000180025095e-35
decision_type=2 2 2 2 2 2 2 2 2 2 2 2 2 2 2 2 2 2 2 2 2 2 2 2 2 2 2 2 2 2
left_child=1 2 15 8 12 7 14 -3 24 10 11 -10 -4 -14 -7 18 17 -12 19 21 -21 22 23 -1 -2 -26 27 -6 29 -28
right_child=3 5 4 -5 26 6 -8 -9 9 -11 16 -13 13 -15 -16 -17 -18 -19 -20 20 -22 -23 -24 -25 25 -27 28 -29 -30 -31
leaf_value=0.0087060275396501491 -0.034012834142362385 -0.053104747881778575 0.073494628226282652 0.12144758409860881 0.081214044289154227 0.082923026251784382 -0.031559591535457086 -0.0039171318979789272 -0.0028020207122337465 -0.072286684248413571 0.054224937347094188 -0.10967174358364465 0.056992721438698539 -0.0075711115519763554 0.01086090691122645 0.031586102170093791 0.063171259973111515 -0.067304908655835771 -0.040456919359295254 0.16263573344542581 -0.046190795126992215 -0.05619498867086048 -0.051276829308876719 0.17442246098802128 0.15735363721889109 -0.04028295644873825 -0.053839240058352646 -0.0037765103208181718 0.085984713161628437 0.066827390242380005
leaf_weight=7.9638614691793936 130.28578486293554 35.550243817269802 46.049343965947628 2.6083404757082453 12.284298848360777 13.848105631768702 18.47308211773634 53.711722157895565 50.494560964405537 10.819856237620114 8.1912004575133306 5.3089622855186454 24.221728205680847 18.144676573574543 20.572969861328602 24.469372540712357 22.042563863098621 7.2927879169583312 33.825163502246141 5.6354738734662515 3.5496918931603432 14.212787363678215 7.2522422745823851 3.3578556329011917 2.968748226761817 4.1739434152841568 16.636918835341937 11.696702972054482 3.5345144346356383 3.3708615116775027
leaf_count=80 1185 471 300 23 74 111 157 313 365 109 45 39 152 113 163 155 126 42 294 39 31 149 75 19 18 36 101 74 27 20
internal_value=-0.000689641 0.00937291 0.0205578 -0.0162813 0.0383585 -0.00921183 0.0149121 -0.023507 -0.0177684 -0.001537 0.00666509 -0.0129693 0.0523376 0.0293413 0.0398526 -0.00357591 0.0358622 -0.00301428 -0.0149272 0.00564725 0.0819328 -0.015724 0.0152443 0.0578551 -0.0300693 0.0418616 0.0123507 0.03976 -0.0155694 -0.0335096
internal_weight=622.548 378.362 236.205 244.187 135.939 142.156 52.8942 89.262 241.578 104.15 93.3301 55.8035 88.4157 42.3664 34.4211 100.266 37.5266 15.484 75.7971 41.9719 9.18517 32.7867 18.574 11.3217 137.428 7.14269 47.5233 23.981 23.5423 20.0078
internal_count=4906 2918 1703 1988 861 1215 431 784 1965 726 617 404 565 265 274 842 213 87 687 393 70 323 174 99 1239 54 296 148 148 121
is_linear=0
shrinkage=0.1


Tree=24
num_leaves=31
num_cat=0
split_feature=16 1 11 8 214 14 1 12 0 5 61 9 93 0 15 5 73 167 68 79 63 86 52 26 7 42 6 15 113 55
split_gain=8.18658 9.05274 6.54941 4.71078 4.68557 4.50234 4.5805 4.14132 4.01399 3.89303 3.92867 3.57072 5.00185 4.99286 4.10638 3.97297 3.54168 4.68924 3.41609 4.06551 4.10271 3.41236 4.77051 4.21071 3.38899 3.40494 3.30978 3.2831 3.16668 4.4393
threshold=1.0000000180025095e-35 0.039622785523533828 1.0000000180025095e-35 1.0000000180025095e-35 1.0000000180025095e-35 1.0000000180025095e-35 0.17408167570829394 1.0000000180025095e-35 3.9917863607406621 1.0000000180025095e-35 1.0000000180025095e-35 1.0000000180025095e-35 1.0000000180025095e-35 7.3634495735168466 1.0000000180025095e-35 1.0000000180025095e-35 1.0000000180025095e-35 1.0000000180025095e-35 1.0000000180025095e-35 1.0000000180025095e-35 1.0000000180025095e-35 1.0000000180025095e-35 1.0000000180025095e-35 1.0000000180025095e-35 1.0000000180025095e-35 1.0000000180025095e-35 1.0000000180025095e-35 1.0000000180025095e-35 1.0000000180025095e-35 1.0000000180025095e-35
decision_type=2 2 2 2 2 2 2 2 2 2 2 2 2 2 2 2 2 2 2 2 2 2 2 2 2 2 2 2 2 2
left_child=1 4 3 -3 8 28 -7 24 -1 10 -8 12 18 -13 -14 26 -10 -18 19 20 -2 22 23 -17 -5 -26 -15 -9 29 -4
right_child=11 2 5 7 -6 6 9 27 16 -11 -12 13 14 15 -16 21 17 -19 -20 -21 -22 -23 -24 -25 25 -27 -28 -29 -30 -31
leaf_value=-0.043940775575093391 0.00027868344794988986 0.051854421028931855 0.057177284918418808 0.064090372579470117 0.11128576456629012 -0.13846964970023401 -0.010509222554168359 -0.052182391156240397 0.0073204060746252034 0.022203462012844892 -0.10997270308512999 -0.076736514561978553 0.004309008684854107 -0.023600773203190737 0.17476651625688711 -0.064482801567597808 -0.03663602818626973 0.091704595736228606 -0.041765987063790075 -0.061547829322387483 0.12258673951735942 -0.073749551596477697 0.080099311549431354 0.034081274923039653 0.037415526560070932 -0.057842063529301928 -0.10170085317821105 0.019226158281811945 0.10088029223864059 -0.0046023772506087971
leaf_weight=32.548716265708208 93.568508598953485 73.472302995622158 15.443504650145767 19.756564170122147 3.1134120151400557 3.3994415439665309 10.295123524963858 12.788107641041279 84.673726826906204 14.263206005096437 6.4649007096886626 19.948648508638144 2.9798537902533999 17.51328252255917 2.6882529407739639 7.9140786677599033 40.820212263613939 3.0603483431041232 28.098320756107569 10.540859401226042 2.8254051133990279 4.6049842536449423 8.7020523399114591 9.5821311548352242 10.181058574467899 5.9427047930657855 7.8621600531041613 12.967053569853306 4.1472474113106719 47.117179438471794
leaf_count=415 839 464 94 129 21 31 77 96 678 74 55 257 30 209 17 42 320 25 222 89 19 21 39 50 65 34 115 73 21 285
internal_value=-0.000663222 0.00781081 0.0203464 0.0347519 -0.0102227 0.00110114 -0.0282716 0.0143649 -0.0125709 -0.0161964 -0.0488756 -0.0163137 -0.00687436 -0.0337598 0.0851531 -0.0184991 -0.00462837 -0.0276852 -0.0107373 -0.00258413 0.00386366 0.00563779 0.0195921 -0.0105023 0.0363262 0.00230662 -0.0477988 -0.01623 0.0162581 0.0106483
internal_weight=617.283 400.455 236.238 135.108 164.216 101.131 34.4227 61.6355 161.103 31.0232 16.76 216.829 140.701 76.1273 5.66811 56.1787 128.554 43.8806 135.033 106.935 96.3939 30.8032 26.1983 17.4962 35.8803 16.1238 25.3754 25.7552 66.7079 62.5607
internal_count=4906 2957 1498 861 1459 637 237 397 1438 206 132 1949 1216 733 47 476 1023 345 1169 947 858 152 131 92 228 99 324 169 400 379
is_linear=0
shrinkage=0.1


Tree=25
num_leaves=31
num_cat=0
split_feature=5 0 13 15 13 231 13 0 67 0 15 0 16 104 1 18 1 16 1 26 11 14 11 0 14 0 8 69 35 11
split_gain=8.05444 7.26634 6.07644 5.51439 4.02111 3.69481 3.75535 3.65932 5.65545 3.57231 4.7657 3.69239 3.61502 3.48613 3.48408 3.47744 3.97529 4.61026 3.58805 3.55781 3.71389 4.05221 3.44647 3.44377 3.41333 3.6473 3.87399 4.07738 3.75487 5.84768
threshold=1.0000000180025095e-35 14.47091054916382 1.0000000180025095e-35 1.0000000180025095e-35 1.0000000180025095e-35 1.0000000180025095e-35 1.0000000180025095e-35 5.7535934448242196 1.0000000180025095e-35 14.97056818008423 1.0000000180025095e-35 15.260780334472658 1.0000000180025095e-35 1.0000000180025095e-35 0.80591678619384777 1.0000000180025095e-35 0.1041143834590912 1.0000000180025095e-35 0.074758537113666548 1.0000000180025095e-35 1.0000000180025095e-35 1.0000000180025095e-35 1.0000000180025095e-35 10.843257904052736 1.0000000180025095e-35 3.8535249233245854 1.0000000180025095e-35 1.0000000180025095e-35 1.0000000180025095e-35 1.0000000180025095e-35
decision_type=2 2 2 2 2 2 2 2 2 2 2 2 2 2 2 2 2 2 2 2 2 2 2 2 2 2 2 2 2 2
left_child=2 5 3 7 9 6 -2 8 -1 -3 11 -11 22 23 -12 -4 18 -18 -17 20 21 -19 -13 -8 25 -5 28 -28 -27 -30
right_child=1 4 15 24 -6 -7 13 -9 -10 10 14 12 -14 -15 -16 16 17 19 -20 -21 -22 -23 -24 -25 -26 26 27 -29 29 -31
leaf_value=0.090242936499313323 -0.0072361541514870944 0.096007970367124662 -0.10604094767477042 -0.10718564898158001 0.083419211951721112 0.10516124507948776 0.0097116745788977631 -0.081750371074716902 -0.063303799227693205 -0.1055961451646408 0.0066039142117258094 0.11451867114249102 -0.053118887895308255 -0.063569298920722175 0.1191493134435137 -0.012079627696862563 0.028566857337341763 -0.0047262692119546864 -0.11227061181465066 -0.055448124658770997 -0.061315802596686703 0.12438049859864052 -0.0086904764194795908 0.051346761543795152 -0.042036810548147972 0.010109074330553051 -0.056485728893991595 0.034755511428625832 0.19317737603128704 0.0074108253582686858
leaf_weight=3.5692720934748632 168.17177062481642 5.9140414595603934 3.0468127503991118 3.0060904249548903 17.1799635887146 3.5214713215827933 74.523514434695244 26.682657452300191 7.3145680092275143 3.8809677362442043 5.399736054241659 3.9341608509421331 6.6537454575300208 5.1441527605056754 5.6066822931170464 55.391126211732626 67.730591617524624 5.8350914493203145 3.8209439963102332 13.952739551663399 4.3845216780900964 4.1672274842858315 5.368242546916008 27.087003484368324 30.997650641947985 21.135612640529875 14.356048185378315 7.4339894391596308 3.2247004434466353 3.5710678100585938
leaf_count=74 1024 29 21 53 130 21 410 706 190 19 31 38 32 27 44 596 351 51 22 116 33 29 29 143 274 171 135 51 25 31
internal_value=-0.000635331 0.00988679 -0.013143 -0.0299854 0.0434809 0.00337935 0.00207565 -0.0618172 -0.0129493 0.0248143 0.0111634 -0.0181162 0.00316133 0.0167446 0.0639347 -0.000240453 0.00183547 0.0143968 -0.0185449 -0.0194692 0.015424 0.049063 0.043417 0.0208106 -0.0157029 -0.000221598 0.00624531 -0.0253574 0.0308995 0.09556
internal_weight=612.006 332.385 279.621 121.292 53.9375 278.448 274.926 37.5665 10.8838 36.7576 30.8435 19.8371 15.9561 106.755 11.0064 158.329 155.282 96.0702 59.2121 28.3396 14.3868 10.0023 9.3024 101.611 83.7252 52.7275 49.7214 21.79 27.9314 6.79577
internal_count=4906 1977 2929 1710 352 1625 1604 970 264 222 193 118 99 580 75 1219 1198 580 618 229 113 80 67 553 740 466 413 186 227 56
is_linear=0
shrinkage=0.1


Tree=26
num_leaves=31
num_cat=0
split_feature=11 264 0 174 231 8 16 178 42 17 0 105 0 138 9 0 15 133 97 16 16 0 1 7 56 42 10 8 5 1
split_gain=7.07127 5.56419 5.13923 6.52582 6.48608 4.91609 5.46817 4.89253 4.88141 4.6618 4.40363 3.88314 4.41642 6.29279 4.9712 4.03087 3.78764 4.6816 4.22186 3.92508 3.73738 4.24258 3.70713 4.01231 7.61596 4.33841 3.80297 4.80572 4.70031 3.34632
threshold=1.0000000180025095e-35 1.0000000180025095e-35 15.585215568542482 1.0000000180025095e-35 1.0000000180025095e-35 1.0000000180025095e-35 1.0000000180025095e-35 1.0000000180025095e-35 1.0000000180025095e-35 1.0000000180025095e-35 17.746748924255375 1.0000000180025095e-35 3.8535249233245854 1.0000000180025095e-35 1.0000000180025095e-35 7.5277206897735605 1.0000000180025095e-35 1.0000000180025095e-35 1.0000000180025095e-35 1.0000000180025095e-35 1.0000000180025095e-35 15.132101058959963 -0.0050954443868249646 1.0000000180025095e-35 1.0000000180025095e-35 1.0000000180025095e-35 1.0000000180025095e-35 1.0000000180025095e-35 1.0000000180025095e-35 0.66050651669502269
decision_type=2 2 2 2 2 2 2 2 2 2 2 2 2 2 2 2 2 2 2 2 2 2 2 2 2 2 2 2 2 2
left_child=2 10 4 5 7 -4 -7 9 -9 -1 16 12 13 -11 -15 -13 19 18 -18 22 -14 -22 -2 26 -25 -26 27 28 -24 -21
right_child=1 -3 3 -5 -6 6 -8 8 -10 11 -12 15 20 14 -16 -17 17 -19 -20 29 21 -23 23 24 25 -27 -28 -29 -30 -31
leaf_value=0.070737302709758101 -0.043299856146577366 0.13649286612842884 0.079607268909813386 -0.064745105803243927 0.12962786005247245 0.045654071682881173 -0.072723216704413229 0.017610628422745699 0.1797408283477597 -0.060426415674313817 0.11123991258433436 0.013732182688332553 0.013316046075620964 0.16252002678204747 -0.055674788194579376 -0.10444142421098433 0.012193965300818295 -0.067336698543139589 -0.05835643053818565 -0.041056243687589311 -0.0076434908665779138 -0.12575341460239228 -0.10056580040022167 0.10292837912246017 0.032806606804513576 -0.070077220758661449 0.011575581902522343 -0.11732359157457335 0.044760939658020485 -0.11712369965035763
leaf_weight=8.9841015525162202 33.311802089214325 2.4284066259860984 25.220907479524612 5.5222464427351943 4.017429143190383 14.000358868390324 5.410036038607358 4.8522246032953253 3.0083750300109386 22.160779317840937 2.7030004523694506 4.7626093570142967 161.16594041511416 2.5109152123332015 1.7875160258263347 7.326961737126112 80.445469435304403 10.010600320994852 9.4819036275148374 33.639662899076939 95.320868924260139 3.1415190920233718 3.5760042332112807 8.8858626652508992 9.4826334808021802 7.218682959675788 15.069102689623831 7.4887697119265786 5.893181100487709 6.9838673286139956
leaf_count=58 358 22 200 40 33 100 56 41 18 306 21 40 1098 25 25 47 546 109 63 392 805 26 28 53 66 50 111 65 28 76
internal_value=-0.000603306 -0.0140986 0.00804593 0.0378033 0.00336803 0.0504916 0.0126601 0.00175785 0.0796604 -0.000235759 -0.0156601 -0.00237418 -2.82777e-05 -0.0389483 0.071783 -0.0578877 -0.0171419 -0.00246615 0.00475516 -0.028291 0.00393814 -0.0114119 -0.0167452 -0.00139167 0.0281327 -0.0116621 -0.0249794 -0.0574626 -0.0101212 -0.0541335
internal_weight=605.812 236.619 369.193 50.1535 319.039 44.6313 19.4104 315.022 7.8606 307.161 234.191 298.177 286.088 26.4592 4.29843 12.0896 231.488 99.938 89.9274 131.55 259.628 98.4624 90.926 57.6142 25.5872 16.7013 32.0271 16.958 9.46919 40.6235
internal_count=4906 1988 2918 396 2522 356 156 2489 59 2430 1966 2372 2285 356 50 87 1945 718 609 1227 1929 831 759 401 169 116 232 121 56 468
is_linear=0
shrinkage=0.1


Tree=27
num_leaves=31
num_cat=0
split_feature=5 0 13 15 108 7 1 16 13 0 133 15 39 6 133 0 1 55 15 0 0 12 81 10 61 0 17 9 67 8
split_gain=6.93361 6.08747 5.14644 4.60528 4.07663 3.82813 3.7188 4.42337 3.71327 4.94238 3.61292 3.60492 4.49366 3.48994 4.82427 3.7314 4.66427 3.4748 3.20406 3.05805 7.71469 3.04071 2.96218 4.41809 4.70742 2.92957 3.00913 3.11514 6.48576 3.27176
threshold=1.0000000180025095e-35 15.683778285980226 1.0000000180025095e-35 1.0000000180025095e-35 1.0000000180025095e-35 1.0000000180025095e-35 0.93231424689292919 1.0000000180025095e-35 1.0000000180025095e-35 10.843257904052736 1.0000000180025095e-35 1.0000000180025095e-35 1.0000000180025095e-35 1.0000000180025095e-35 1.0000000180025095e-35 7.5879535675048837 -0.52635180950164784 1.0000000180025095e-35 1.0000000180025095e-35 14.97056818008423 14.47091054916382 1.0000000180025095e-35 1.0000000180025095e-35 1.0000000180025095e-35 1.0000000180025095e-35 3.5414099693298344 1.0000000180025095e-35 1.0000000180025095e-35 1.0000000180025095e-35 1.0000000180025095e-35
decision_type=2 2 2 2 2 2 2 2 2 2 2 2 2 2 2 2 2 2 2 2 2 2 2 2 2 2 2 2 2 2
left_child=2 4 3 10 8 6 7 -3 11 -10 -1 12 19 14 15 16 -13 21 -4 20 -2 -11 23 24 -12 -5 -27 28 29 -28
right_child=1 5 18 25 -6 -7 -8 -9 9 17 22 13 -14 -15 -16 -17 -18 -19 -20 -21 -22 -23 -24 -25 -26 26 27 -29 -30 -31
leaf_value=-0.075004258816038616 -0.0014572169178033877 0.067951091236833919 -0.013339094263891427 -0.10545817151767876 -0.0352256125819271 0.10619895391070518 0.10766786438722614 -0.045199425522328661 0.0088612970454537681 0.047489806654220527 0.035714695719971934 0.029950458250914705 -0.047421707986489245 -0.011505819792998495 -0.059637231410654024 0.028432904669157089 0.16882532421129748 0.078442242428382131 0.015452460828280716 -0.066503511039078297 0.15268756352902402 -0.068135585623214395 -0.071683342942900477 -0.054057106074057532 0.32566109228765244 0.082340822344787512 0.08284278991812348 -0.039065966008838708 -0.031230932179318324 -0.0014381614676543951
leaf_weight=27.707048404961824 67.088529877364635 5.9872323237359533 86.142928563058376 3.4492359757423392 23.158699825406075 9.3230287730693835 4.4270610287785521 8.1686853319406509 72.051687628030777 6.5603634268045443 1.4227945394814008 4.7653428167104721 26.973516888916492 26.197039358317852 4.7922878563404074 28.112985454499722 4.910623870790003 21.907655507326126 70.1095378883183 6.3400191366672507 3.4119650572538367 3.4813564047217369 3.031292699277401 1.9431924261152742 0.92332645133137692 3.2883105576038352 10.65825392305851 32.069847166538239 25.194290429353714 8.1112979464232922
leaf_count=802 448 58 751 76 128 78 40 39 400 38 35 42 151 149 41 138 30 130 468 32 15 20 75 43 15 20 82 271 231 60
internal_value=-0.000581423 0.00923587 -0.0123191 -0.0281017 0.005077 0.0539084 0.0276743 0.00265748 0.00845147 0.0233777 -0.058496 -0.0005428 -0.0123063 0.017213 0.0348815 0.0468681 0.10043 0.0561148 -0.000420497 2.04132e-05 0.00600282 0.00740373 0.00398459 0.0574597 0.149824 -0.0152393 -0.0113162 -0.0153667 0.00192096 0.0464206
internal_weight=601.709 327.658 274.051 117.799 299.752 27.906 18.583 14.1559 276.593 104.001 35.0277 172.592 103.814 68.7783 42.5812 37.789 9.67597 31.9494 156.252 76.8405 70.5005 10.0417 7.32061 4.28931 2.34612 82.7712 79.322 76.0337 43.9638 18.7696
internal_count=4906 1977 2929 1710 1762 215 137 97 1634 588 970 1046 646 400 251 210 72 188 1219 495 463 58 168 93 50 740 664 644 373 142
is_linear=0
shrinkage=0.1


Tree=28
num_leaves=31
num_cat=0
split_feature=11 16 1 264 74 8 0 6 0 12 81 0 0 13 81 0 5 15 0 9 73 5 15 67 70 5 194 54 10 59
split_gain=5.8011 4.51825 5.36887 4.41253 3.98221 4.55186 4.2384 5.68935 5.42588 5.08106 3.97508 5.05772 3.86825 3.53208 5.95379 7.11379 9.70084 3.67564 3.35569 3.31175 3.34391 3.99737 4.86761 3.30241 3.37014 3.28289 3.14243 3.11339 4.06175 7.95227
threshold=1.0000000180025095e-35 1.0000000180025095e-35 0.039622785523533828 1.0000000180025095e-35 1.0000000180025095e-35 1.0000000180025095e-35 9.0047912597656268 1.0000000180025095e-35 15.798768043518068 1.0000000180025095e-35 1.0000000180025095e-35 9.5838465690612811 9.9206023216247576 1.0000000180025095e-35 1.0000000180025095e-35 7.2210814952850351 1.0000000180025095e-35 1.0000000180025095e-35 14.528405189514162 1.0000000180025095e-35 1.0000000180025095e-35 1.0000000180025095e-35 1.0000000180025095e-35 1.0000000180025095e-35 1.0000000180025095e-35 1.0000000180025095e-35 1.0000000180025095e-35 1.0000000180025095e-35 1.0000000180025095e-35 1.0000000180025095e-35
decision_type=2 2 2 2 2 2 2 2 2 2 2 2 2 2 2 2 2 2 2 2 2 2 2 2 2 2 2 2 2 2
left_child=1 2 27 13 25 6 9 8 23 -6 11 -4 -13 26 15 -15 -17 -18 -16 -14 -21 22 -22 24 -8 -3 -2 28 29 -1
right_child=3 4 10 -5 5 -7 7 -9 -10 -11 -12 12 19 14 18 16 17 -19 -20 20 21 -23 -24 -25 -26 -27 -28 -29 -30 -31
leaf_value=0.011687928082529822 -0.027648886107940446 -0.045688837928275911 0.17840784166679952 0.11856295826963217 0.039040313805041978 -0.026679106486723371 -0.10650979502514567 -0.057159949172095215 0.17844298266741737 0.17990712636090936 0.0054216969417972376 -0.065451941873616262 0.061770811583467901 -0.09315152456057163 0.014393587485871551 -0.04347941821545772 0.027262429445971216 0.13501375876374497 0.087677138755951456 0.045833986794408546 -0.14021167610259477 0.041944270070628113 0.0099178592657602708 0.077075737570635169 0.0370946695249499 -0.0050906019883861136 0.091818359678921824 -0.023664549028740933 -0.019187015005935688 0.13451618730662862
leaf_weight=28.451694633811712 124.53573170118034 32.051393583416939 2.6326769404113284 2.5242500789463511 7.8635298237204534 17.555899089202285 2.9970963634550589 7.9923428390175095 2.6100378111004821 3.7969625610858202 45.82423697784543 3.4879059195518485 41.150492768734694 11.28828280046582 37.845272574573755 26.709868051111698 15.150568991899492 4.002106472849845 7.4840362183749667 22.006674695760012 4.0365972425788623 6.9332351312041274 4.6445918306708336 5.4370994903147221 3.5938424952328205 52.61391332000494 2.2413798272609702 39.141275936737657 23.709886116907001 6.4695918932557097
leaf_count=241 1247 471 13 22 71 157 21 65 18 33 296 20 286 121 257 177 77 25 47 143 34 43 26 40 26 313 15 337 222 42
internal_value=-0.000556789 0.0072999 0.0158998 -0.0129292 -0.00709421 0.0147315 0.0359325 0.0106963 0.0477456 0.0849102 0.029157 0.0419691 0.0376024 -0.014377 -0.000571441 -0.0220376 -0.00453417 0.0497779 0.026493 0.0421656 0.0207211 -0.0146726 -0.0598897 0.0193848 -0.0282066 -0.0204597 -0.0255367 -0.0018244 0.0127557 0.0344434
internal_weight=596.782 365.001 228.489 231.781 136.512 51.8468 34.2909 22.6304 14.6381 11.6605 130.716 84.8922 82.2595 229.257 102.48 57.1508 45.8625 19.1527 45.3293 78.7716 37.6211 15.6144 8.68119 12.028 6.59094 84.6653 126.777 97.7724 58.6312 34.9213
internal_count=4906 2918 1703 1988 1215 431 274 170 105 104 861 565 552 1966 704 400 279 102 304 532 246 103 60 87 47 784 1262 842 505 283
is_linear=0
shrinkage=0.1


Tree=29
num_leaves=31
num_cat=0
split_feature=5 0 13 14 108 7 76 1 0 16 108 73 36 47 70 11 126 23 1 56 0 11 7 33 73 6 128 133 55 26
split_gain=5.45192 4.9074 4.33339 3.97125 3.38342 3.38281 3.35955 3.15645 3.94882 3.70386 3.04158 5.87388 3.02456 5.59243 3.7816 3.32342 2.68869 2.65644 3.14845 2.74958 2.81954 2.71708 3.80844 3.71109 3.65156 3.45797 5.67277 4.95022 4.57687 3.61076
threshold=1.0000000180025095e-35 15.683778285980226 1.0000000180025095e-35 1.0000000180025095e-35 1.0000000180025095e-35 1.0000000180025095e-35 1.0000000180025095e-35 0.93231424689292919 16.954140663146976 1.0000000180025095e-35 1.0000000180025095e-35 1.0000000180025095e-35 1.0000000180025095e-35 1.0000000180025095e-35 1.0000000180025095e-35 1.0000000180025095e-35 1.0000000180025095e-35 1.0000000180025095e-35 -0.75526654720306385 1.0000000180025095e-35 12.34633779525757 1.0000000180025095e-35 1.0000000180025095e-35 1.0000000180025095e-35 1.0000000180025095e-35 1.0000000180025095e-35 1.0000000180025095e-35 1.0000000180025095e-35 1.0000000180025095e-35 1.0000000180025095e-35
decision_type=2 2 2 2 2 2 2 2 2 2 2 2 2 2 2 2 2 2 2 2 2 2 2 2 2 2 2 2 2 2
left_child=2 4 3 10 17 7 12 8 9 -3 -1 -12 13 -4 -14 -16 -5 19 -19 -2 -21 22 25 -23 -25 26 27 -20 29 -27
right_child=1 5 6 16 -6 -7 -8 -9 -10 -11 11 -13 14 -15 15 -17 -18 18 21 20 -22 23 -24 24 -26 28 -28 -29 -30 -31
leaf_value=-0.017523226906169368 -0.0060933164325762826 0.11473631614350353 -0.0034028502750339789 -0.052845489823025497 -0.032532569478788936 0.100569877889265 0.10823811128618521 0.1009653098932424 -0.074177982333187439 -0.014698681910291512 -0.044646071047916798 0.14339269920636627 0.0022064724463789569 -0.08471500642560098 0.11802286979842902 -0.00049541348023754547 0.092254021789317228 -0.11008140132024125 0.037797813873046544 0.15724304598872588 0.033377304405810326 0.0030542708208960538 -0.0056451017953502436 -0.021051581202955343 -0.12175216713505368 -0.022301382551629216 -0.067933530624225261 0.12280927198366168 -0.020757640521584061 0.082165565221985218
leaf_weight=61.776054570451379 4.7343541458249074 3.8063201606273669 108.70213289558887 44.387136438861489 22.750150322914124 8.6928187794983405 2.8074931465089312 4.1416116580367079 4.5986068472266188 5.2741998434066772 3.1791108213365069 3.4793536551296711 23.66715682297945 9.1721374429762346 6.5134298950433713 3.7157338410615921 1.3148854039609421 2.3364385515451422 48.690240681171417 3.4650937244296074 3.9129081442952156 77.495335392653942 59.880694482475519 14.620123714208605 4.7776715606451026 4.9092631712555859 4.4146356657147399 7.9710263758897772 26.889619149267673 10.147307530045509
leaf_count=893 27 41 869 729 128 78 22 40 31 25 34 35 195 72 40 21 19 29 267 19 24 474 348 82 28 30 45 46 149 66
internal_value=-0.000539223 0.00820528 -0.0110668 -0.0258453 0.00452532 0.0494267 -0.000154765 0.0244795 0.00132201 0.0395571 -0.0106019 0.0536128 -0.00215985 -0.00972998 0.0241653 0.0749712 -0.0486709 0.00759948 0.00548388 0.0533848 0.0915511 0.0065232 0.0144103 -0.00673708 -0.0458541 0.0260673 0.0412503 0.0497571 0.00396009 0.0481036
internal_weight=592.223 323.508 268.715 114.137 296.995 26.5136 154.578 17.8207 13.6791 9.08052 68.4345 6.65846 151.771 117.874 33.8963 10.2292 45.702 274.245 262.132 12.1124 7.378 259.796 162.903 96.8931 19.3978 103.022 61.0759 56.6613 41.9462 15.0566
internal_count=4906 1977 2929 1710 1762 215 1219 137 97 66 962 69 1197 941 256 61 748 1634 1564 70 43 1535 951 584 110 603 358 313 245 96
is_linear=0
shrinkage=0.1


Tree=30
num_leaves=31
num_cat=0
split_feature=16 0 8 12 80 0 0 55 0 0 139 143 6 1 55 0 61 0 0 5 1 94 42 11 0 0 14 12 56 134
split_gain=5.10687 4.89663 4.77396 7.75545 7.85131 6.40746 4.31893 5.38112 4.15731 3.91821 4.42828 3.20053 3.03558 6.78864 4.68161 8.84122 5.40271 3.60033 4.47133 3.38599 3.34655 3.54465 8.43807 4.08837 3.11959 3.07495 5.43007 3.43153 3.25343 4.32662
threshold=1.0000000180025095e-35 3.9917863607406621 1.0000000180025095e-35 1.0000000180025095e-35 1.0000000180025095e-35 9.8631072044372576 12.462697029113771 1.0000000180025095e-35 14.800821304321291 17.30732345581055 1.0000000180025095e-35 1.0000000180025095e-35 1.0000000180025095e-35 -0.34367632865905756 1.0000000180025095e-35 9.9206023216247576 1.0000000180025095e-35 7.9493498802185067 7.6317591667175302 1.0000000180025095e-35 -0.045250589028000825 1.0000000180025095e-35 1.0000000180025095e-35 1.0000000180025095e-35 10.965092182159426 4.273785114288331 1.0000000180025095e-35 1.0000000180025095e-35 1.0000000180025095e-35 1.0000000180025095e-35
decision_type=2 2 2 2 2 2 2 2 2 2 2 2 2 2 2 2 2 2 2 2 2 2 2 2 2 2 2 2 2 2
left_child=1 -1 8 4 6 -6 7 -4 12 10 -8 -2 17 -14 15 -15 19 18 25 -16 -18 22 -22 -24 -21 -3 27 -27 -28 -30
right_child=11 2 3 -5 5 -7 9 -9 -10 -11 -12 -13 13 14 16 -17 20 -19 -20 24 21 -23 23 -25 -26 26 28 -29 29 -31
leaf_value=-0.03284602618461023 -0.014593137626081241 0.14220569542419267 0.035647323224241405 -0.035640924638314093 0.17650353511703107 0.014404018814638143 0.051935528741320285 -0.039173124501451113 0.046475655680650964 -0.073869973367223313 -0.077214000901535351 0.10069121164972256 -0.079001064809161664 -0.026031893471291475 -0.096900510593242589 0.1338635006270705 0.092299319778479771 0.0095295736972803042 0.17406845058347528 -0.056149830800963099 -0.098533758860011478 0.084074841831585034 0.12965128440640802 -0.018902696074622357 0.046283278132025027 0.025912961239619 -0.078572353178768206 0.11834784976329689 -0.048264927283370104 0.12015660171130925
leaf_weight=29.481376303359866 203.11534099280834 2.6428342759609249 13.597589574754236 51.373598977923393 5.0150126218795759 4.7463685180991888 28.863936936482791 32.797775259241462 43.979307498782873 3.3356174845248452 2.923843588680028 2.4370274543762198 10.320055140182374 6.4552293941378576 7.7957637701183566 7.4481742978096008 5.6356308516114941 65.476046312600374 2.668597910553216 6.9719358906149864 6.9588197935372644 4.2957576774060717 3.6768669635057449 3.7339735738933086 5.1837198212742805 9.1116592492908257 5.5060150139033812 7.181739652529358 3.4050348419696093 2.7629809863865376
leaf_count=417 1930 20 96 408 38 33 190 246 317 30 23 19 113 50 72 53 39 397 15 34 47 24 22 23 25 67 49 59 26 24
internal_value=-0.000509131 0.00630992 0.00957211 -0.00456099 0.0129312 0.0976844 0.00278251 -0.0172447 0.0191178 0.0292369 0.0400563 -0.0132263 0.011923 -0.00425676 0.00900699 0.0596255 -0.0068965 0.023142 0.0499243 -0.0454588 0.0247635 0.00437252 -0.0194542 0.0548019 -0.0124677 0.0391014 0.0293584 0.066656 -0.0226977 0.02718
internal_weight=588.898 383.345 353.864 142.654 91.2801 9.76138 81.5188 46.3954 211.21 35.1234 31.7878 205.552 167.231 68.4759 58.1559 13.9034 44.2525 98.7549 33.2789 19.9514 24.301 18.6654 14.3697 7.41084 12.1557 30.6103 27.9674 16.2934 11.674 6.16802
internal_count=4906 2957 2540 1064 656 71 585 342 1476 243 213 1949 1159 502 389 103 286 657 260 131 155 116 92 45 59 245 225 126 99 50
is_linear=0
shrinkage=0.1


Tree=31
num_leaves=31
num_cat=0
split_feature=13 100 5 15 0 67 5 0 73 15 1 108 15 26 0 64 8 0 0 73 12 11 6 10 9 47 69 0 63 44
split_gain=4.63315 4.48836 3.83143 3.86943 3.7566 4.78458 3.61678 5.99138 3.22992 3.02696 3.01177 3.00857 3.7642 3.41553 3.87849 3.70536 3.08289 2.96435 4.00452 4.41019 3.96569 5.23188 4.01772 3.93904 3.35162 2.92909 3.12568 2.61828 2.58559 4.23592
threshold=1.0000000180025095e-35 1.0000000180025095e-35 1.0000000180025095e-35 1.0000000180025095e-35 5.7535934448242196 1.0000000180025095e-35 1.0000000180025095e-35 14.176591396331789 1.0000000180025095e-35 1.0000000180025095e-35 0.93231424689292919 1.0000000180025095e-35 1.0000000180025095e-35 1.0000000180025095e-35 8.1492128372192401 1.0000000180025095e-35 1.0000000180025095e-35 12.746064186096193 9.3497605323791522 1.0000000180025095e-35 1.0000000180025095e-35 1.0000000180025095e-35 1.0000000180025095e-35 1.0000000180025095e-35 1.0000000180025095e-35 1.0000000180025095e-35 1.0000000180025095e-35 3.5414099693298344 1.0000000180025095e-35 1.0000000180025095e-35
decision_type=2 2 2 2 2 2 2 2 2 2 2 2 2 2 2 2 2 2 2 2 2 2 2 2 2 2 2 2 2 2
left_child=2 6 3 4 5 -1 9 -8 -3 -2 11 12 13 14 -4 17 25 18 20 24 21 22 23 -15 -20 26 -16 -5 29 -29
right_child=1 8 10 27 -6 -7 7 -9 -10 -11 -12 -13 -14 15 16 -17 -18 -19 19 -21 -22 -23 -24 -25 -26 -27 -28 28 -30 -31
leaf_value=0.090995028309934792 -0.011756025666639715 -0.099748493251742801 -0.076270791397918966 -0.10469364561479076 -0.07622153405878157 -0.054905850983815618 0.01552599035160677 0.080953439074423206 0.01735820210175466 0.016891274110519258 0.085155269296568831 -0.049647539691355685 0.018582120466194691 -0.081167646534067869 -0.0017456687105822978 0.099516636044822082 -0.052553615500793918 -0.042724245116093879 0.14898079002106082 -0.014834306500773076 -0.052812902103415632 -0.047419840707772526 0.13497754496106165 0.077422846273398668 0.028958727465810987 -0.049760091096382547 0.092457443828454652 0.1109668395171699 -0.092844451462493066 -0.0094585225685863764
leaf_weight=3.5481080096215027 81.641717005521059 6.3669679537415487 13.587438654154537 2.9341777041554442 21.927590347826481 6.1323547530919313 98.953382954001427 16.301856398582458 3.7378860451281071 67.279913149774075 4.0168012455105773 12.569019742310045 72.792886890470982 2.6585279330611247 9.2529380507767218 3.8413150385022155 12.246221438050268 13.665800418704746 5.1486147567629796 6.0312331840395919 12.902005676180126 7.0608897879719725 4.5397232919931412 3.8116166964173317 4.2449545115232468 5.772510513663291 5.6870118454098693 3.0472204014658919 3.4663679860532275 70.442656375467777
leaf_count=74 732 38 112 76 706 190 553 137 24 456 38 76 436 24 50 21 66 75 25 31 102 63 30 25 21 32 29 20 25 619
internal_value=-0.000498473 0.00897796 -0.00884726 -0.0236986 -0.0533154 -0.00142989 0.0114798 0.0247801 -0.0564296 0.00118627 -0.000560667 -0.002319 0.000927351 -0.0107081 -0.0313129 0.00429984 -0.0127787 -0.0017897 0.010267 0.0518972 -0.0104653 0.0197697 0.06286 0.0122593 0.0947428 0.0107381 0.0341135 -0.011981 -0.00844605 -0.00446515
internal_weight=585.61 274.282 311.328 111.498 31.6081 9.68046 264.177 115.255 10.1049 148.922 199.83 195.813 183.244 110.451 46.5461 63.9047 32.9587 60.0634 46.3976 15.4248 30.9728 18.0708 11.0099 6.47014 9.39357 20.7125 14.9399 79.8904 76.9562 73.4899
internal_count=4906 1940 2966 1710 970 264 1878 690 62 1188 1256 1218 1142 706 289 417 177 396 321 77 244 142 79 49 46 111 79 740 664 639
is_linear=0
shrinkage=0.1


Tree=32
num_leaves=31
num_cat=0
split_feature=16 1 11 214 14 1 81 0 0 9 73 68 0 134 58 9 130 7 64 147 0 73 168 61 99 6 0 0 5 113
split_gain=4.37684 3.9894 4.01949 3.78057 3.62863 3.79476 3.27205 3.98995 3.26406 2.96294 4.40579 3.00089 2.88939 2.88364 3.57613 4.30027 3.38013 2.87459 2.80966 2.78378 2.60648 3.01935 3.62006 2.62704 4.6655 3.93817 2.56237 2.90471 2.96242 2.44368
threshold=1.0000000180025095e-35 0.039622785523533828 1.0000000180025095e-35 1.0000000180025095e-35 1.0000000180025095e-35 0.17408167570829394 1.0000000180025095e-35 9.5838465690612811 2.2505134344100957 1.0000000180025095e-35 1.0000000180025095e-35 1.0000000180025095e-35 2.4503763914108281 1.0000000180025095e-35 1.0000000180025095e-35 1.0000000180025095e-35 1.0000000180025095e-35 1.0000000180025095e-35 1.0000000180025095e-35 1.0000000180025095e-35 3.0266940593719487 1.0000000180025095e-35 1.0000000180025095e-35 1.0000000180025095e-35 1.0000000180025095e-35 1.0000000180025095e-35 16.661190986633304 14.205338954925539 1.0000000180025095e-35 1.0000000180025095e-35
decision_type=2 2 2 2 2 2 2 2 2 2 2 2 2 2 2 2 2 2 2 2 2 2 2 2 2 2 2 2 2 2
left_child=1 3 6 8 29 -6 7 -3 -1 18 11 17 -10 19 -15 16 -16 -11 -9 -2 -14 -22 23 -23 25 -25 27 28 -7 -4
right_child=13 2 4 -5 5 26 -8 9 12 10 -12 -13 20 14 15 -17 -18 -19 -20 -21 21 22 -24 24 -26 -27 -28 -29 -30 -31
leaf_value=-0.10805840975343484 -0.010264855627893326 0.15729199671172844 0.0077737173604526567 0.10246384035264629 -0.13558714592389229 -0.084033382012975277 0.0044417046493490219 0.042671491372386655 0.091318817266305696 0.11121637817816564 -0.025531722338286402 -0.011002053532401419 -0.067435015379242402 -0.092455105849091945 0.12159509574433831 -0.1115434956887985 -0.036303715421166054 0.024224646766759589 0.12123345062828467 0.086199342557005051 0.0048074616160892576 -0.059373734740347732 0.077316257443183323 0.044723463456653123 -0.13804957310679494 -0.047954292849859498 -0.088813195941388534 0.037544633571128888 0.0057665673176359733 0.089148556358929099
leaf_weight=3.2304941806942216 182.33175509423018 2.7122359909117213 59.634778928011656 3.1271142251789561 2.9977605659514657 6.4164222497493073 44.903425421565771 35.520606160163879 2.9622604679316273 7.6423847116529959 16.24976215697825 7.0395138561725608 7.1244145650416604 9.5322983656078595 2.9091967456042758 2.4482598267495632 2.5389246828854084 7.5524155050516129 5.2214652188122264 3.0414943769574156 94.121582198888063 20.966591449454427 3.1263771317899218 11.332659060135489 2.5010521523654452 7.7006003856658927 4.2835353240370742 9.7215208206325752 8.5939567238092422 3.9337555430829516
leaf_count=56 1717 13 379 21 31 71 296 252 40 51 110 56 110 118 28 33 28 42 41 25 832 186 27 94 19 74 31 65 39 21
internal_value=-0.000483492 0.00586648 0.0144684 -0.00638287 -0.00101761 -0.0284738 0.0261379 0.0380277 -0.00860659 0.0339448 0.0140468 0.0429725 -0.00646238 -0.0123384 -0.0512274 -0.00145836 0.0480113 0.0679781 0.0527399 -0.00868213 -0.00843451 -0.00542666 -0.026538 -0.0341775 -0.00964555 0.00722729 -0.0174073 -0.00503985 -0.0326198 0.0128094
internal_weight=581.419 378.617 222.424 156.193 95.5817 32.0132 126.842 81.9384 153.066 79.2261 38.4841 22.2343 149.836 202.802 17.4287 7.89638 5.44812 15.1948 40.7421 185.373 146.873 139.749 45.6273 42.5009 21.5343 19.0333 29.0154 24.7319 15.0104 63.5685
internal_count=4906 2957 1498 1459 637 237 861 565 1438 552 259 149 1382 1949 207 89 56 93 293 1742 1342 1232 400 373 187 168 206 175 110 400
is_linear=0
shrinkage=0.1


Tree=33
num_leaves=31
num_cat=0
split_feature=11 264 178 0 1 12 225 0 45 8 126 6 22 78 26 14 22 7 13 9 0 1 19 1 1 1 67 0 0 139
split_gain=3.91237 3.57328 3.35558 3.17966 3.44406 3.01398 6.52165 4.55097 5.63529 4.00595 4.29459 3.78517 3.81334 3.81184 3.85086 3.44787 3.41157 4.40826 3.32281 3.22772 3.07793 4.63973 2.98275 3.10538 4.1764 2.85594 4.80552 2.84239 5.74301 3.01025
threshold=1.0000000180025095e-35 1.0000000180025095e-35 1.0000000180025095e-35 17.746748924255375 0.91649556159973156 1.0000000180025095e-35 1.0000000180025095e-35 16.425735473632816 1.0000000180025095e-35 1.0000000180025095e-35 1.0000000180025095e-35 1.0000000180025095e-35 1.0000000180025095e-35 1.0000000180025095e-35 1.0000000180025095e-35 1.0000000180025095e-35 1.0000000180025095e-35 1.0000000180025095e-35 1.0000000180025095e-35 1.0000000180025095e-35 3.8535249233245854 -0.54931932687759388 1.0000000180025095e-35 -0.53289222717285145 -0.506730556488037 -0.65898546576499928 1.0000000180025095e-35 9.9780974388122576 11.623545169830324 1.0000000180025095e-35
decision_type=2 2 2 2 2 2 2 2 2 2 2 2 2 2 2 2 2 2 2 2 2 2 2 2 2 2 2 2 2 2
left_child=2 3 5 4 -2 6 7 16 -9 10 11 12 13 14 -7 27 20 -18 -19 -17 25 -22 23 -23 -25 26 -1 29 -29 -11
right_child=1 -3 -4 -5 -6 9 -8 8 -10 15 -12 -13 -14 -15 -16 19 17 18 -20 -21 21 22 -24 24 -26 -27 -28 28 -30 -31
leaf_value=0.15759845961004143 -0.01123697811218125 0.10744851524090356 0.067420176806815321 0.095177349072357087 -0.082178612783350147 -0.0073045569481021344 0.16053333057476452 -0.015132397568550365 0.10387040490483856 -0.068863283832085009 -0.12212855470309747 -0.014629426456955974 -0.064855261738485603 0.1420089180377839 0.054236536326583887 -0.090889315453670072 0.093312732623773764 -0.079413607961099586 0.069885162357385872 0.010560952455148339 0.14833256087414678 -0.1163281652141873 -0.092479664563188069 0.14088933609286172 0.0047894431991188004 -0.095047034597934066 -0.047649291333970931 0.10602112010040272 -0.015917574090798397 0.063531813893675113
leaf_weight=1.4923236817121504 210.83341848105192 2.5247150696814051 8.6922602616250497 2.7238359730690709 7.0729129873216143 17.454310448840261 2.9219988062977782 6.340169422328473 10.686192804947495 11.046729503199456 2.5252218320965758 35.552753044292331 4.0387982185930005 3.1865542046725741 24.356232605874538 12.696732556447389 9.4217767436057311 3.4996456336230031 2.5968745425343513 4.1647964231669894 2.2338535226881495 2.0746568981558076 3.1924486476927987 2.2894282322376958 148.59220273420215 6.1285650003701431 4.8418088834732771 4.9099561907351044 18.103101637214422 2.0334783848375073
leaf_count=20 1897 22 66 21 48 139 29 57 93 124 18 316 43 27 196 107 74 42 15 48 19 22 25 23 1081 83 74 32 129 16
internal_value=-0.000467897 -0.0108438 0.00605312 -0.0121974 -0.0135396 0.00451314 0.0121992 0.0100681 0.0595569 -0.00680787 0.00637746 0.0102137 0.0282259 0.0365806 0.0285455 -0.0284986 0.00554678 0.0504395 -0.0158183 -0.0658311 0.00146906 0.0052342 0.00318704 0.00518376 0.00685458 -0.0463802 0.000707145 -0.0110581 0.0100987 -0.0482808
internal_weight=578.228 223.155 355.073 220.63 217.906 346.381 206.312 203.39 17.0264 140.069 87.1139 84.5886 49.0359 44.9971 41.8105 52.9548 186.364 15.5183 6.09652 16.8615 170.845 158.383 156.149 152.956 150.882 12.4627 6.33413 36.0933 23.0131 13.0802
internal_count=4906 1988 2918 1966 1945 2852 1657 1628 150 1195 739 721 405 362 335 456 1478 131 57 155 1347 1170 1151 1126 1104 177 94 301 161 140
is_linear=0
shrinkage=0.1


Tree=34
num_leaves=31
num_cat=0
split_feature=5 0 76 9 242 7 15 0 1 15 126 13 0 97 11 11 83 67 67 8 64 108 13 0 69 0 55 6 36 9
split_gain=3.86149 3.56501 3.21951 4.23673 3.25274 2.78318 2.96657 2.74035 4.81289 2.73468 4.33635 2.95258 3.22843 5.07206 3.0489 2.42673 4.73827 5.01741 2.77582 3.19812 3.36905 2.40005 2.38617 2.28349 3.28036 2.66865 2.16378 3.83511 4.54065 5.76984
threshold=1.0000000180025095e-35 15.683778285980226 1.0000000180025095e-35 1.0000000180025095e-35 1.0000000180025095e-35 1.0000000180025095e-35 1.0000000180025095e-35 16.119096755981449 0.93231424689292919 1.0000000180025095e-35 1.0000000180025095e-35 1.0000000180025095e-35 12.746064186096193 1.0000000180025095e-35 1.0000000180025095e-35 1.0000000180025095e-35 1.0000000180025095e-35 1.0000000180025095e-35 1.0000000180025095e-35 1.0000000180025095e-35 1.0000000180025095e-35 1.0000000180025095e-35 1.0000000180025095e-35 11.824777603149416 1.0000000180025095e-35 14.800821304321291 1.0000000180025095e-35 1.0000000180025095e-35 1.0000000180025095e-35 1.0000000180025095e-35
decision_type=2 2 2 2 2 2 2 2 2 2 2 2 2 2 2 2 2 2 2 2 2 2 2 2 2 2 2 2 2 2
left_child=2 21 4 -4 9 6 7 -3 -9 11 15 12 13 26 -15 18 -17 -18 -11 23 -21 -2 -19 -20 -25 -26 27 -1 29 -29
right_child=1 5 3 -5 -6 -7 -8 8 -10 10 -12 -13 -14 14 -16 16 17 22 19 20 -22 -23 -24 24 25 -27 -28 28 -30 -31
leaf_value=-0.074147630343082624 0.0064754555887787104 0.077633408209780638 0.13261358474486271 -0.03951106621965448 0.097360545869731807 0.092928376919214475 0.082014539244325099 -0.084318165178278809 0.078716557066489945 0.02448309713829399 0.10192291803809095 -0.01442598623802805 -0.10351955404077062 0.28325512105639106 0.010676014879075308 -0.036391723026352761 -0.054964612167121785 0.027738569514885465 -0.015052032118922608 -0.060943551855451875 0.063897857368533692 -0.027831553169456721 0.1577994578144033 0.10402541787688491 -0.067106298599948114 0.054862694749024526 -0.070525641297080915 0.032074835752154911 -0.10340537601947675 0.35727780684578964
leaf_weight=3.4062112811952909 269.61713198199868 2.8182219527661863 3.5500402301549903 2.394636383280158 2.7320264838635913 7.7881306633353224 5.3684812597930422 6.0939807407557947 2.5761417225003242 37.982409344986081 3.818661641329526 80.91574240103364 8.4847557600587589 0.77043652720749267 0.87799632921814919 44.090861279517412 3.3007914349436742 2.542129734531045 16.673132177442316 16.078749962151054 2.4974349029362193 22.060178317129612 3.1691643223166466 5.0087103359401208 3.3245879970490932 3.8961770199239254 11.916636202484369 1.4709393996745355 0.98352546244859684 0.86723620072007168
leaf_count=114 1634 19 36 26 28 78 51 43 24 278 30 731 285 22 32 378 28 26 174 147 15 128 18 33 20 23 379 45 33 28
internal_value=-0.000460345 0.00696662 -0.00947007 0.0632783 -0.0111673 0.0434885 0.0206464 -0.00803076 -0.0358759 -0.0123435 -0.00320136 -0.0242101 -0.0517206 -0.0300628 0.138073 -0.00609846 -0.0228869 0.0431843 0.00433336 -0.0117862 -0.0441595 0.00388074 0.0999086 0.00902073 0.0418405 -0.00129433 -0.0449283 0.000410242 0.076865 0.152694
internal_weight=577.075 316.322 260.753 5.94468 254.808 24.645 16.8568 11.4883 8.67012 252.076 142.383 109.693 28.7777 20.293 1.64843 138.564 53.1029 9.01209 85.4612 47.4788 18.5762 291.677 5.71129 28.9026 12.2295 7.22077 18.6445 6.72791 3.3217 2.33818
internal_count=4906 1977 2929 62 2867 215 137 86 67 2839 1170 1669 938 653 54 1140 450 72 690 412 162 1762 44 250 76 43 599 220 106 73
is_linear=0
shrinkage=0.1


Tree=35
num_leaves=31
num_cat=0
split_feature=16 0 8 12 80 0 23 0 61 0 5 140 0 0 9 88 134 53 0 93 1 0 6 13 26 6 8 79 40 54
split_gain=3.79092 3.28958 3.35429 5.42861 6.24422 4.19598 4.08366 4.82211 6.29986 4.51076 3.63355 3.28607 3.23455 3.13448 2.8211 3.95575 3.86396 3.22159 5.07561 4.10422 2.92137 4.32966 5.09562 2.82572 4.17537 2.79196 3.55175 2.78281 3.03228 3.27156
threshold=1.0000000180025095e-35 3.9917863607406621 1.0000000180025095e-35 1.0000000180025095e-35 1.0000000180025095e-35 9.8631072044372576 1.0000000180025095e-35 12.462697029113771 1.0000000180025095e-35 17.30732345581055 1.0000000180025095e-35 1.0000000180025095e-35 9.9780974388122576 14.800821304321291 1.0000000180025095e-35 1.0000000180025095e-35 1.0000000180025095e-35 1.0000000180025095e-35 15.51813840866089 1.0000000180025095e-35 0.61715719103813182 13.550992488861086 1.0000000180025095e-35 1.0000000180025095e-35 1.0000000180025095e-35 1.0000000180025095e-35 1.0000000180025095e-35 1.0000000180025095e-35 1.0000000180025095e-35 1.0000000180025095e-35
decision_type=2 2 2 2 2 2 2 2 2 2 2 2 2 2 2 2 2 2 2 2 2 2 2 2 2 2 2 2 2 2
left_child=1 25 13 4 6 -6 -4 8 -8 11 12 -9 -10 -3 15 17 -16 19 20 27 21 -19 -23 -20 -25 -1 -27 28 -2 -30
right_child=14 2 3 -5 5 -7 7 9 10 -11 -12 -13 -14 -15 16 -17 -18 18 23 -21 -22 22 -24 24 -26 26 -28 -29 29 -31
leaf_value=-0.054591051728621734 0.013901239305053404 0.010005932856072661 -0.093453909706145352 -0.030465194472903603 0.14491595588655598 0.015310674930936352 0.013140674704578109 0.060563386037078393 -0.084223909327666366 -0.083926520691803536 -0.11305789352331558 -0.043878897711369907 0.048841574379359855 0.040581909088572433 -0.021204245954153836 0.086780938195096802 -0.1108862115754842 -0.1012276390254585 -0.043649817873162924 0.12420915357772111 -0.12282352801283009 0.060285153590295654 -0.09762964957112967 0.1209374482597062 -0.023737592129400339 -0.031124809202202716 0.084591154218946057 -0.052247160706142229 0.0094616007746042511 -0.093100588966393255
leaf_weight=16.111028341576457 68.329522676765919 164.66899640113115 4.2909747026860705 49.422715621069074 5.4104295466095191 4.6404561512172222 28.419922338798642 25.547565491870053 3.5377795472741109 2.8347026892006388 7.9903479963541031 3.4151828568428746 3.7771096620708704 42.099617695435882 63.371952682733536 4.7321094758808604 5.1982937175780526 6.61290957592428 4.769227055832741 2.7265795543789855 5.8136856295168391 5.8718881513923389 3.1340094581246376 4.2833125218749046 3.7337139919400215 7.5129983406513947 4.1000436674803495 9.2603490315377694 6.483448898419736 5.9776506256312132
leaf_count=244 682 1159 33 408 38 33 211 178 47 24 41 23 28 317 658 46 75 62 48 18 49 44 24 28 29 109 64 87 49 50
internal_value=-0.000453084 0.00549556 0.00815088 -0.0038445 0.0107961 0.0850777 0.00144182 0.00683352 -0.0147147 0.0364647 -0.0664385 0.0482479 -0.0155143 0.0162314 -0.0115539 -0.00299147 -0.028003 -0.00633655 -0.0325624 0.00333621 -0.0623097 -0.039785 0.00533155 0.0173004 0.0535589 -0.0276486 0.0097293 -0.000323604 0.00562796 -0.039738
internal_weight=574.079 373.78 346.056 139.287 89.8645 10.0509 79.8136 75.5226 43.7252 31.7975 15.3052 28.9627 7.31489 206.769 200.299 131.728 68.5702 126.996 34.2187 92.7776 21.4325 15.6188 9.0059 12.7863 8.01703 27.7241 11.613 90.051 80.7906 12.4611
internal_count=4906 2957 2540 1064 656 71 585 552 327 225 116 201 75 1476 1949 1216 733 1170 284 886 179 130 68 105 57 417 173 868 781 99
is_linear=0
shrinkage=0.1


Tree=36
num_leaves=31
num_cat=0
split_feature=5 0 15 16 174 69 0 180 13 14 113 81 8 39 1 57 83 99 108 73 19 16 137 32 80 70 9 54 0 14
split_gain=3.57311 3.22609 4.68945 3.36728 3.26366 2.85723 2.64898 2.59264 2.63129 3.14253 2.58604 2.54676 3.24629 3.17515 3.37638 2.54714 2.40317 2.38746 2.35353 4.38456 2.13892 2.27807 2.64966 2.28495 2.44757 2.21479 2.13712 2.2282 2.11846 7.10185
threshold=1.0000000180025095e-35 13.550992488861086 1.0000000180025095e-35 1.0000000180025095e-35 1.0000000180025095e-35 1.0000000180025095e-35 13.289527893066408 1.0000000180025095e-35 1.0000000180025095e-35 1.0000000180025095e-35 1.0000000180025095e-35 1.0000000180025095e-35 1.0000000180025095e-35 1.0000000180025095e-35 0.81200090050697338 1.0000000180025095e-35 1.0000000180025095e-35 1.0000000180025095e-35 1.0000000180025095e-35 1.0000000180025095e-35 1.0000000180025095e-35 1.0000000180025095e-35 1.0000000180025095e-35 1.0000000180025095e-35 1.0000000180025095e-35 1.0000000180025095e-35 1.0000000180025095e-35 1.0000000180025095e-35 10.120465755462648 1.0000000180025095e-35
decision_type=2 2 2 2 2 2 2 2 2 2 2 2 2 2 2 2 2 2 2 2 2 2 2 2 2 2 2 2 2 2
left_child=7 6 4 -4 16 -5 10 8 9 18 20 12 13 15 -15 -11 -3 -17 -1 -20 21 25 23 24 28 -2 27 -12 -23 -30
right_child=1 2 3 5 -6 -7 -8 -9 -10 11 26 -13 -14 14 -16 17 -18 -19 19 -21 -22 22 -24 -25 -26 -27 -28 -29 29 -31
leaf_value=-0.012773568365250411 0.0054888898431603517 0.031399251931219375 0.11170183235240116 0.0954863340336842 -0.055432341042424629 -0.0044175115012554944 -0.072024934910171187 -0.090831027392792252 0.00064439021140241717 -0.065622280756451296 0.12356545285049716 -0.070597159219844885 -0.067102382037480354 -0.11589122792989376 0.08365882328545432 0.1117095171237636 -0.033976181765089326 0.00085435941528809684 -0.03848399790423869 0.12519103882106555 -0.055768634731264137 0.024274400283307601 -0.079600936907048447 -0.039216238367809082 -0.057868860231384947 0.04954041944327349 -0.0083699370648513544 0.025984235512882248 0.028506644287857819 -0.12759556576392048
leaf_weight=58.252308277413249 135.62636188417673 30.786354765295982 8.9340539574623108 4.4534491449594489 6.8821119666099539 8.0146183520555496 4.806356828659772 3.8306071143597356 148.27159839496017 1.816605631262062 4.4474350586533529 17.513393349014223 8.9553227033466101 3.1305093057453641 1.1628744862973688 4.6661925595253706 6.8792573586106291 3.328686248511076 3.0185469277203074 3.5751166082918644 6.5949375890195361 33.486928787082434 5.4148462489247313 16.668624248355627 5.8193212971091262 12.461989618837832 5.0664041489362708 4.9383809044957161 8.8223919942975026 4.3521279394626609
leaf_count=888 792 209 119 20 40 35 28 31 1201 46 26 322 173 65 14 74 40 46 34 35 40 240 52 102 41 73 28 25 44 23
internal_value=-0.000442118 0.00671043 0.0263721 0.0648435 0.0078892 0.031267 0.00149252 -0.00917599 -0.00794304 -0.0200212 0.00294247 -0.0418484 -0.0200148 0.00988158 -0.0618426 0.0412672 0.0194591 0.0655547 -0.00636405 0.0502614 0.000356009 0.00201841 -0.0122365 -0.00696143 0.00328315 0.00919593 0.04397 0.0722227 0.0109096 -0.0230608
internal_weight=571.978 314.456 65.9498 21.4021 44.5477 12.4681 248.506 257.522 253.691 105.42 243.7 40.5736 23.0602 14.1049 4.29338 9.81148 37.6656 7.99488 64.846 6.59366 229.248 222.653 74.5642 69.1494 52.4808 148.088 14.4522 9.38582 46.6614 13.1745
internal_count=4906 1977 463 174 289 55 1514 2929 2898 1697 1486 740 418 245 79 166 249 120 957 69 1407 1367 502 450 348 865 79 51 307 67
is_linear=0
shrinkage=0.1


Tree=37
num_leaves=31
num_cat=0
split_feature=13 100 5 0 113 0 152 11 237 55 54 128 0 0 83 9 39 16 12 42 73 0 86 45 0 61 15 14 8 0
split_gain=3.31445 3.55558 2.84583 4.68724 2.71532 4.43981 2.70333 2.9161 3.63567 2.9418 5.27312 4.92967 3.57838 8.09404 4.49643 3.69901 4.64853 3.28595 3.17805 3.11972 4.5001 3.77441 3.59001 3.48282 3.45219 4.04413 3.09793 2.94394 4.81005 2.79149
threshold=1.0000000180025095e-35 1.0000000180025095e-35 1.0000000180025095e-35 14.176591396331789 1.0000000180025095e-35 10.843257904052736 1.0000000180025095e-35 1.0000000180025095e-35 1.0000000180025095e-35 1.0000000180025095e-35 1.0000000180025095e-35 1.0000000180025095e-35 4.4558520317077646 5.1663243770599374 1.0000000180025095e-35 1.0000000180025095e-35 1.0000000180025095e-35 1.0000000180025095e-35 1.0000000180025095e-35 1.0000000180025095e-35 1.0000000180025095e-35 15.464749813079836 1.0000000180025095e-35 1.0000000180025095e-35 10.035592079162599 1.0000000180025095e-35 1.0000000180025095e-35 1.0000000180025095e-35 1.0000000180025095e-35 13.550992488861086
decision_type=2 2 2 2 2 2 2 2 2 2 2 2 2 2 2 2 2 2 2 2 2 2 2 2 2 2 2 2 2 2
left_child=6 2 4 -4 -2 -6 7 8 -1 12 -11 17 27 -14 15 18 -17 19 -15 20 23 24 -21 -12 -22 -26 -19 -9 -29 -28
right_child=1 -3 3 -5 5 -7 -8 9 -10 10 11 -13 13 14 -16 16 -18 26 -20 22 21 -23 -24 -25 25 -27 29 28 -30 -31
leaf_value=0.0011058197108160209 -0.0024642399660930328 -0.051297927211816564 0.01390996171193315 0.074351717224183017 -0.032668739343064863 0.12407556976043138 0.084583618663434751 -0.1087055626032276 -0.12173143088119567 -0.078954620809192064 0.030151040050261219 0.13626902838013888 0.20375323369036763 0.10653684746661506 -0.084404492916166265 0.044280036099136409 -0.10928931086137805 -0.096818295012769312 0.0096268707238951097 -0.089654631263383064 -0.039521653042388555 -0.093624116763661613 0.032047646117654885 0.16472599066932428 0.13872304056821064 -0.020561012585470266 -0.066283558157532826 -0.10762608946472936 0.13908239059278049 0.042122799445140198
leaf_weight=176.3822758346796 139.03145344555378 9.8607612475752813 98.007272992283106 14.763189461082218 3.0741828307509413 4.3843330442905426 3.1447126604616633 4.5696747936308375 2.4428571760654441 18.099298509769142 9.5391426589339989 2.0114034228026858 2.1963820941746262 6.3561072628945166 4.7261579465121022 4.013139694929122 3.8736869730055332 9.7157550808042288 7.2367545571178198 7.8559725210070592 7.5583029147237557 5.201850237324833 3.5053049940615892 2.4087036661803713 3.2408182127401233 3.1367666646838188 5.1888105869293213 1.5667990036308765 1.5945670045912266 4.3807915449142456
leaf_count=1642 1130 62 553 137 30 28 33 81 29 191 78 30 27 62 46 37 43 165 71 56 92 37 33 22 19 27 52 34 29 30
internal_value=-0.000417057 0.00763991 0.00988156 0.0218226 0.00068914 0.0594701 -0.00764602 -0.00862323 -0.00057221 -0.0208267 -0.0313191 -0.0177935 0.00293873 0.0193572 0.00390246 0.0233326 -0.031147 -0.0228133 0.0549426 -0.00726203 0.00912761 -0.0209353 -0.0521057 0.0572816 0.00619727 0.0603804 -0.0570414 -0.0573793 0.0168116 -0.0166571
internal_weight=569.067 269.121 259.26 112.77 146.49 7.45852 299.946 296.801 178.825 117.976 81.8429 63.7436 36.1333 28.4022 26.2058 21.4797 7.88683 61.7322 13.5929 42.4469 31.0856 19.1377 11.3613 11.9478 13.9359 6.37758 19.2854 7.73104 3.16137 9.5696
internal_count=4906 1940 1878 690 1188 58 2966 2933 1671 1262 832 641 430 286 259 213 80 611 133 364 275 175 89 100 138 46 247 144 63 82
is_linear=0
shrinkage=0.1


Tree=38
num_leaves=31
num_cat=0
split_feature=15 0 8 0 0 0 138 35 6 54 22 82 0 9 0 139 0 73 10 44 80 10 12 0 1 7 67 113 100 113
split_gain=3.21399 4.35766 3.11956 3.15168 3.07419 8.08491 3.7048 3.04111 4.72455 4.22608 6.7205 5.64506 4.46006 4.0798 3.89106 3.92981 3.72733 3.35221 3.33357 3.81769 3.09617 3.2408 3.51103 4.424 3.08592 2.94138 5.19729 2.63945 2.60104 3.22225
threshold=1.0000000180025095e-35 3.0266940593719487 1.0000000180025095e-35 17.30732345581055 2.3121149539947514 2.6105407476425175 1.0000000180025095e-35 1.0000000180025095e-35 1.0000000180025095e-35 1.0000000180025095e-35 1.0000000180025095e-35 1.0000000180025095e-35 8.1492128372192401 1.0000000180025095e-35 8.8049278259277362 1.0000000180025095e-35 15.585215568542482 1.0000000180025095e-35 1.0000000180025095e-35 1.0000000180025095e-35 1.0000000180025095e-35 1.0000000180025095e-35 1.0000000180025095e-35 9.9780974388122576 -0.10852536559104918 1.0000000180025095e-35 1.0000000180025095e-35 1.0000000180025095e-35 1.0000000180025095e-35 1.0000000180025095e-35
decision_type=2 2 2 2 2 2 2 2 2 2 2 2 2 2 2 2 2 2 2 2 2 2 2 2 2 2 2 2 2 2
left_child=2 -2 4 28 -1 -6 -7 8 18 20 11 12 -11 -9 -14 16 -16 25 -3 -20 21 22 23 -10 -23 26 -15 -21 29 -4
right_child=1 7 3 -5 5 6 -8 13 9 10 -12 -13 14 17 15 -17 -18 -19 19 27 -22 24 -24 -25 -26 -27 -28 -29 -30 -31
leaf_value=-0.10790402465683505 -0.068318343951681085 0.028982448984832966 -0.018384614624115173 -0.10708961488726959 0.18683304661834732 0.002690154318478093 -0.073054692409345215 0.048614320088540747 -0.081614401615120777 -0.1117681011258229 0.1508874552858504 0.087270778820567538 0.10015335299707871 0.11830867136714483 -0.030056925345790048 -0.11854509392028523 0.057799079281463911 -0.067479270460745741 0.1064978392114177 -0.018226495416096031 -0.14699216100081777 -0.052854760596893313 -0.12889837375550275 0.047893049129666486 0.078677278098948644 -0.053704949488012577 -0.013449441841633908 0.076951288675237664 -0.098520489460495755 0.054396270600344125
leaf_weight=2.5681972932070485 7.3269326463341704 73.662638712674379 105.58189087547362 4.0128139499574891 2.3430584874004117 173.59991575405002 6.7068941164761773 39.355404051020741 6.5371104925870984 4.8570681232959023 2.8357182033359996 5.3701151758432379 2.9694368168711689 5.290063984692102 17.54589685425163 3.5497267991304389 6.6626651026308528 6.1815530955791465 2.9031979627907267 42.787980984896421 2.8578097745776168 3.2607093416154385 5.2369131930172435 4.4219406545162201 3.9377783834934226 4.1529858112335196 6.8970198184251785 3.1265964657068244 3.7809929009526959 6.4549903180450192
leaf_count=46 126 513 1091 46 30 1563 84 255 56 61 19 42 21 35 111 22 43 42 18 314 23 39 46 30 29 27 50 21 46 57
internal_value=-0.000415453 0.00771429 -0.00739065 -0.0199631 0.000743353 0.00227102 -0.000127336 0.00990409 0.00370568 -0.0170095 0.0020091 -0.00829924 -0.0227217 0.0291897 -0.00864638 -0.0202852 -0.00587725 -0.0047538 0.0155521 -0.00471334 -0.048734 -0.036731 -0.0615445 -0.0293586 0.019097 0.0189757 0.043743 -0.0117453 -0.0169444 -0.0141914
internal_weight=566.776 261.727 305.049 119.831 185.218 182.65 180.307 254.4 192.523 70.0429 43.7906 40.9549 35.5848 61.877 30.7277 27.7583 24.2086 22.5216 122.48 48.8178 26.2523 23.3945 16.196 10.9591 7.19849 16.3401 12.1871 45.9146 115.818 112.037
internal_count=4906 1943 2963 1240 1723 1677 1647 1817 1408 542 319 300 258 409 197 176 154 154 866 353 223 200 132 86 68 112 85 335 1194 1148
is_linear=0
shrinkage=0.1


Tree=39
num_leaves=31
num_cat=0
split_feature=16 0 230 114 13 21 65 146 64 53 61 107 68 15 174 5 5 26 5 54 23 0 0 81 79 9 1 12 0 6
split_gain=3.07646 2.58991 4.50459 3.57861 2.9194 3.48708 3.12669 2.78613 2.70194 3.34705 2.67735 2.41166 2.3451 2.33742 4.98545 4.38645 3.71637 2.37622 2.31664 3.40612 3.35657 3.15887 4.79788 4.94752 4.72377 3.6814 6.50838 5.63795 2.79648 2.92695
threshold=1.0000000180025095e-35 13.882272243499758 1.0000000180025095e-35 1.0000000180025095e-35 1.0000000180025095e-35 1.0000000180025095e-35 1.0000000180025095e-35 1.0000000180025095e-35 1.0000000180025095e-35 1.0000000180025095e-35 1.0000000180025095e-35 1.0000000180025095e-35 1.0000000180025095e-35 1.0000000180025095e-35 1.0000000180025095e-35 1.0000000180025095e-35 1.0000000180025095e-35 1.0000000180025095e-35 1.0000000180025095e-35 1.0000000180025095e-35 1.0000000180025095e-35 4.7049965858459482 5.2279260158538827 1.0000000180025095e-35 1.0000000180025095e-35 1.0000000180025095e-35 -0.25576089322566981 1.0000000180025095e-35 10.035592079162599 1.0000000180025095e-35
decision_type=2 2 2 2 2 2 2 2 2 2 2 2 2 2 2 2 2 2 2 2 2 2 2 2 2 2 2 2 2 2
left_child=1 2 7 4 13 6 8 18 10 -10 -6 -2 -12 14 16 -15 -3 -18 19 21 -20 -1 -23 28 25 26 -25 -27 -24 -30
right_child=11 3 -4 -5 5 -7 -8 -9 9 -11 12 -13 -14 15 -16 -17 17 -19 20 -21 -22 22 23 24 -26 27 -28 -29 29 -31
leaf_value=-0.04180176658748283 -0.0094001916288075724 -0.10371044443559055 0.11151800668227502 -0.081087357227759171 0.040451597982330313 0.14511769142073391 -0.024722980691459652 -0.070913664649925462 0.060712028566127008 -0.074753246711004459 0.16376580667358631 -0.12039075857891622 0.055753852284249339 0.0073790918859681608 -0.14704759548849103 0.11126601247379658 0.070134921541858894 -0.017693631631417156 0.088337166810958004 -0.029302449669740011 0.0050216351703727333 0.13746927282112298 -0.0694457391022517 -0.11285882170268809 -0.061881092237571794 0.034380761997022169 0.077003486513673169 0.23595488232470122 -0.033919182029229451 0.078452018164790263
leaf_weight=10.566699061542748 194.61996112484485 2.79860191512853 3.5821044333279124 3.4118467345833769 14.727246036753062 3.0985135547816745 7.15240679308772 5.6393653620034447 3.8141018096357575 3.4954789727926254 4.2067091185599566 1.9775840677320946 3.8495157435536385 26.359260484576229 2.704451832920312 4.8052877373993388 5.8530243523418903 6.5030084252357483 4.9888926669955245 52.960900960490108 157.29710286855698 3.1817542612552634 8.51331132091582 2.359023410826917 3.3780236300081006 2.8101667053997508 7.694582846015698 2.7409342229366302 6.0915467664599401 3.7417752258479595
leaf_count=217 1935 89 32 27 103 23 48 45 28 24 30 14 27 115 28 65 43 42 28 602 924 42 106 30 37 29 63 29 48 33
internal_value=-0.000415796 0.00497564 0.00010983 0.0194266 0.023264 0.0431877 0.034708 -0.00135755 0.0488334 -0.00406816 0.0658056 -0.0105167 0.112154 0.00686781 -0.0219769 0.0233975 0.000342821 0.0239106 0.000115281 -0.0115331 0.00758287 0.00689131 0.0195921 0.00954493 0.0453354 0.0685451 0.0324533 0.133911 -0.0274864 0.0088403
internal_weight=564.923 368.326 275.546 92.7795 89.3676 40.344 37.2455 271.964 30.0931 7.30958 22.7835 196.598 8.05622 49.0236 17.8591 31.1645 15.1546 12.356 266.325 104.039 162.286 51.0778 40.5111 37.3294 18.9827 15.6047 10.0536 5.5511 18.3466 9.83332
internal_count=4906 2957 2265 692 665 283 260 2233 212 52 160 1949 57 382 202 180 174 85 2188 1236 952 634 417 375 188 151 93 58 187 81
is_linear=0
shrinkage=0.1


Tree=40
num_leaves=31
num_cat=0
split_feature=11 264 73 167 15 42 0 135 16 23 34 69 178 42 0 0 87 12 225 0 45 22 7 13 19 21 67 1 0 104
split_gain=2.91015 2.95476 2.74128 3.03945 3.11971 4.08489 4.25043 2.70254 2.79662 2.68758 2.59642 3.9657 2.39844 2.43439 2.97383 2.28569 2.29259 2.21167 4.5574 3.26827 4.3107 2.82944 3.22507 2.71248 2.52803 2.70394 5.24535 2.66057 2.64765 2.57365
threshold=1.0000000180025095e-35 1.0000000180025095e-35 1.0000000180025095e-35 1.0000000180025095e-35 1.0000000180025095e-35 1.0000000180025095e-35 3.4195755720138554 1.0000000180025095e-35 1.0000000180025095e-35 1.0000000180025095e-35 1.0000000180025095e-35 1.0000000180025095e-35 1.0000000180025095e-35 1.0000000180025095e-35 9.6605067253112811 2.4503763914108281 1.0000000180025095e-35 1.0000000180025095e-35 1.0000000180025095e-35 16.425735473632816 1.0000000180025095e-35 1.0000000180025095e-35 1.0000000180025095e-35 1.0000000180025095e-35 1.0000000180025095e-35 1.0000000180025095e-35 1.0000000180025095e-35 0.29895809292793279 12.462697029113771 1.0000000180025095e-35
decision_type=2 2 2 2 2 2 2 2 2 2 2 2 2 2 2 2 2 2 2 2 2 2 2 2 2 2 2 2 2 2
left_child=12 2 3 4 15 6 -6 8 9 -4 11 -7 17 14 -14 -2 -17 18 19 21 -21 24 -23 -24 25 29 27 -27 -28 -1
right_child=1 -3 7 -5 5 10 -8 -9 -10 -11 -12 -13 13 -15 -16 16 -18 -19 -20 20 -22 22 23 -25 -26 26 28 -29 -30 -31
leaf_value=0.0019292558286418161 0.093760858979279452 0.097939481410053514 0.064595447259202826 -0.064559404260152706 -0.078817586615194182 -0.1564527180041741 0.042002302829260624 -0.098216996692389175 -0.051819041416325096 -0.015564762377203457 0.048065194941499523 -0.013492286621736682 0.098803288131404515 0.12896760588349948 -0.048206571156805024 -0.019383489305890008 0.069162245415368168 -0.0059047995751019015 0.13263151424551112 -0.014615546022043853 0.092804916772547555 0.081206777922230799 -0.073628978324587466 0.063136510808445553 -0.087210283892942456 0.20108608300941971 -0.046170097747738947 0.055733086560947664 0.081479170994796485 -0.062802931624640054
leaf_weight=145.31508267298341 1.9723236383870233 2.5285699106752864 4.5722964433953157 7.3498091697692862 3.1361638102680436 2.8800861053168756 40.693956878036261 4.8035606052726498 20.946434113197029 49.071518479846418 2.9618353508412829 5.9470891430974007 2.5012638829648477 3.0617057718336582 3.0586798191070557 65.469621106050909 3.0608002655208102 136.07570512220263 3.0141772832721463 6.0027082366868827 9.8917235173285007 9.6853554211556894 3.256458241492509 2.6143649220466614 3.1749445274472228 2.4504324905574304 5.1066225841641426 2.5906305238604546 2.3832058515399694 6.4130529165267935
leaf_count=1173 37 22 30 58 57 20 303 58 232 388 21 40 23 19 24 695 27 1195 29 57 93 74 42 15 29 20 45 20 15 45
internal_value=-0.000395374 -0.00952365 -0.0108002 -0.00204786 0.00159503 0.0193023 0.0333573 -0.025514 -0.020832 -0.00873236 -0.0329524 -0.0601367 0.00527744 0.0573609 0.0179291 -0.0123741 -0.0154287 0.00394881 0.0105899 0.00874035 0.0522364 0.0049623 0.0457573 -0.0127253 0.00117207 0.0028804 0.0475258 0.126388 -0.00555308 -0.000806762
internal_weight=561.99 215.394 212.865 133.472 126.122 55.6191 43.8301 79.3938 74.5902 53.6438 11.789 8.82718 346.596 8.62165 5.55994 70.5027 68.5304 337.974 201.899 198.885 15.8944 182.99 15.5562 5.87082 167.434 164.259 12.5309 5.04106 7.48983 151.728
internal_count=4906 1988 1966 1258 1200 441 360 708 650 418 81 60 2918 66 47 759 722 2852 1657 1628 150 1478 131 57 1347 1318 100 40 60 1218
is_linear=0
shrinkage=0.1


Tree=41
num_leaves=31
num_cat=0
split_feature=5 1 0 0 242 15 126 108 91 26 76 38 37 7 19 42 67 11 9 61 6 35 9 11 55 62 8 61 83 40
split_gain=2.6308 2.73484 2.36422 2.87321 2.30901 2.30897 2.95241 2.23089 2.18827 2.24707 2.02733 2.02679 2.01548 2.04581 4.1859 3.5187 2.95221 3.9925 6.26165 3.46634 3.354 2.71085 2.98134 2.36707 2.18658 2.61814 2.50462 2.43876 4.04685 4.38466
threshold=1.0000000180025095e-35 0.93231424689292919 2.2026009559631352 2.3791923522949223 1.0000000180025095e-35 1.0000000180025095e-35 1.0000000180025095e-35 1.0000000180025095e-35 1.0000000180025095e-35 1.0000000180025095e-35 1.0000000180025095e-35 1.0000000180025095e-35 1.0000000180025095e-35 1.0000000180025095e-35 1.0000000180025095e-35 1.0000000180025095e-35 1.0000000180025095e-35 1.0000000180025095e-35 1.0000000180025095e-35 1.0000000180025095e-35 1.0000000180025095e-35 1.0000000180025095e-35 1.0000000180025095e-35 1.0000000180025095e-35 1.0000000180025095e-35 1.0000000180025095e-35 1.0000000180025095e-35 1.0000000180025095e-35 1.0000000180025095e-35 1.0000000180025095e-35
decision_type=2 2 2 2 2 2 2 2 2 2 2 2 2 2 2 2 2 2 2 2 2 2 2 2 2 2 2 2 2 2
left_child=4 2 -2 -4 5 11 10 8 -5 -10 12 -1 -7 24 15 16 17 18 20 21 -15 22 23 -18 26 -26 -14 28 29 -27
right_child=1 -3 3 7 -6 6 -8 -9 9 -11 -12 -13 13 14 -16 -17 19 -19 -20 -21 -22 -23 -24 -25 25 27 -28 -29 -30 -31
leaf_value=-0.12540964713069924 -0.10778762386114019 0.081740361556792693 0.10843498171225983 0.0082673722072207426 0.083723586176347814 0.085565069109629049 0.086081846699912104 -0.025765090767790395 0.0091733017159954765 -0.10703073070417196 0.066977671279628934 -0.018283364943087795 -0.018059296478958421 0.20744414120246579 0.13523414617038315 -0.043473517362941604 -0.058384842188762366 -0.0045246056974322102 -0.018965669467958916 -0.070019489285876188 0.060608131769630084 -0.052031852249182248 0.11826612192152089 0.06281934408432209 0.051743135059382328 -0.081923203676495207 -0.091907280731258117 0.0044223065415271113 0.072592772352423757 0.024816554589372805
leaf_weight=1.7963291034102429 1.8591237328946579 4.6708284616470328 2.6786873899400225 270.41045835241675 2.7166493125259867 2.4072091579437247 3.8213105387985697 22.6550128236413 3.280938245356082 3.3767608068883419 4.0173809118568888 104.96166644711047 12.082590794190766 3.8153701014816761 2.4751384705305091 12.746723305433987 3.0680977404117602 8.386540126055479 3.4756160490214825 6.4004189558327189 2.6264539062976837 3.9000480882823458 3.6561110075563192 3.3934694994240999 6.624413549900054 15.152134761214262 7.4087855201214543 28.782418308779597 2.8419418949633828 5.1586483903229228
leaf_count=27 30 58 28 1678 28 16 30 141 19 23 27 1677 139 28 20 88 39 62 29 63 22 28 39 39 46 126 75 222 23 36
internal_value=-0.000381327 0.005802 0.00463624 0.00532741 -0.00797016 -0.00897057 -0.000628029 0.00440592 0.00687291 -0.049765 -0.00302181 -0.0200859 -0.00511414 -0.00676787 0.00820729 0.00209857 0.0171002 0.046263 0.0892108 -0.00904302 0.147576 0.0187985 0.0461014 0.00526887 -0.0171178 -0.00746137 -0.0461293 -0.015013 -0.0391741 -0.0548128
internal_weight=560.647 308.932 304.261 302.402 251.715 248.999 142.241 299.723 277.068 6.6577 138.42 106.758 134.402 131.995 53.944 51.4688 38.7221 18.304 9.91744 20.4181 6.44182 14.0177 10.1177 6.46157 78.0509 58.5596 19.4914 51.9351 23.1527 20.3108
internal_count=4906 1977 1919 1889 2929 2901 1197 1861 1720 42 1167 1704 1140 1124 457 437 349 141 79 208 50 145 117 78 667 453 214 407 185 162
is_linear=0
shrinkage=0.1


Tree=42
num_leaves=31
num_cat=0
split_feature=13 100 73 92 237 152 178 10 0 0 176 5 102 113 12 0 108 21 1 1 0 1 0 22 0 80 1 0 15 63
split_gain=2.84734 2.56298 2.66879 2.3641 2.67001 2.26314 2.20455 3.01058 2.73074 5.99461 4.22447 3.34467 3.39072 2.97037 2.84934 4.70716 3.55536 3.34093 3.49451 3.53301 4.12716 4.20605 4.40529 2.78978 3.82375 3.30927 3.87067 4.53529 2.97715 2.71764
threshold=1.0000000180025095e-35 1.0000000180025095e-35 1.0000000180025095e-35 1.0000000180025095e-35 1.0000000180025095e-35 1.0000000180025095e-35 1.0000000180025095e-35 1.0000000180025095e-35 7.5277206897735605 7.7577002048492441 1.0000000180025095e-35 1.0000000180025095e-35 1.0000000180025095e-35 1.0000000180025095e-35 1.0000000180025095e-35 15.979465961456301 1.0000000180025095e-35 1.0000000180025095e-35 -1.0000000180025095e-35 0.074758537113666548 9.9780974388122576 0.15917559713125232 11.190965175628664 1.0000000180025095e-35 5.7535934448242196 1.0000000180025095e-35 -0.24207163602113721 6.3449692726135263 1.0000000180025095e-35 1.0000000180025095e-35
decision_type=2 2 2 2 2 2 2 2 2 2 2 2 2 2 2 2 2 2 2 2 2 2 2 2 2 2 2 2 2 2
left_child=5 3 -3 4 6 -1 8 -8 23 -10 11 13 -13 14 17 16 -16 18 -11 -20 -21 -22 -23 25 28 26 27 -2 -25 -24
right_child=1 2 -4 -5 -6 -7 7 -9 9 10 -12 12 -14 -15 15 -17 -18 -19 19 20 21 22 29 24 -26 -27 -28 -29 -30 -31
leaf_value=-0.0080474610587508762 -0.026526988204404231 -0.084531485645835458 0.025025592348240141 0.08918564132574143 0.10085945127222058 0.07753773441002039 0.13215563368080163 -0.0070639683739040357 0.12120018629139302 -0.089618722478527091 -0.088720498778815993 0.036104123149034419 -0.05336919604871293 0.072788566043353556 -0.02393155681191584 -0.10216305253615249 0.068875544543604811 0.08788351213898675 0.12439097719367827 -0.13178321549394315 0.15276991036118251 -0.10829622109858615 0.021815229513130936 0.010030703121372261 -0.044012417964928684 0.050618283807304536 -0.086090477781165853 0.074018659504507797 0.15902294760604938 -0.05807692117733107
leaf_weight=291.18789809476584 39.248843755573034 5.9791032262146455 3.5398819353431463 3.6298288963735095 3.0523790232837191 3.122826110571622 3.2452671825885764 2.9792148992419243 4.8779281117022029 3.8246621303260246 4.332195319235324 57.856458820402622 4.5700556803494683 5.3382302634418002 25.717054929584268 6.5961551740765563 4.9170518554747096 5.0101525075733653 2.542644187808043 2.1559733897447577 1.9690754562616337 3.2696362584829322 35.92019447311759 2.4174421317875368 3.2836729772388935 6.0632730014622203 9.2699771896004659 5.0651533827185622 3.0122800841927528 4.8303406834602347
leaf_count=2933 438 38 24 24 30 33 25 18 30 41 25 352 25 34 186 46 32 31 15 14 12 22 224 29 22 47 69 36 20 31
internal_value=-0.000372239 0.00715716 -0.0437898 0.00905901 0.00790195 -0.00713935 0.00675927 0.0655212 0.00524841 0.0119107 0.00875338 0.0113201 0.0295541 0.000170493 -0.00383612 -0.0255348 -0.00903518 0.00973598 0.00255357 0.00950845 0.00344128 0.0097806 0.00338451 -0.0116827 0.041172 -0.0194038 -0.0273271 -0.0150345 0.092688 0.0123453
internal_weight=558.825 264.514 9.51899 254.995 251.365 294.311 248.313 6.22448 242.088 173.728 168.85 164.518 62.4265 102.091 96.7529 37.2303 30.6341 59.5227 54.5125 50.6879 48.1452 45.9892 44.0202 68.3606 8.7134 59.6472 53.584 44.314 5.42972 40.7505
internal_count=4906 1940 62 1878 1854 2966 1824 43 1781 1120 1090 1065 377 688 654 264 218 390 359 318 303 289 277 661 71 590 543 474 49 255
is_linear=0
shrinkage=0.1


end of trees

feature_importances:
Column_0=244
Column_13=105
Column_16=94
Column_15=80
Column_1=78
Column_11=54
Column_5=49
Column_8=25
Column_9=25
Column_73=25
Column_6=24
Column_12=23
Column_7=22
Column_14=20
Column_54=20
Column_55=18
Column_26=16
Column_61=16
Column_81=16
Column_10=15
Column_108=15
Column_67=14
Column_113=11
Column_138=11
Column_42=10
Column_80=10
Column_133=10
Column_39=9
Column_83=9
Column_22=8
Column_74=8
Column_19=7
Column_21=7
Column_17=6
Column_56=6
Column_126=6
Column_130=6
Column_34=5
Column_35=5
Column_69=5
Column_97=5
Column_23=4
Column_57=4
Column_64=4
Column_99=4
Column_100=4
Column_137=4
Column_174=4
Column_178=4
Column_264=4
Column_36=3
Column_40=3
Column_45=3
Column_53=3
Column_63=3
Column_65=3
Column_68=3
Column_70=3
Column_76=3
Column_79=3
Column_86=3
Column_87=3
Column_93=3
Column_94=3
Column_134=3
Column_139=3
Column_167=3
Column_214=3
Column_231=3
Column_32=2
Column_44=2
Column_47=2
Column_51=2
Column_59=2
Column_98=2
Column_104=2
Column_128=2
Column_152=2
Column_225=2
Column_237=2
Column_242=2
Column_18=1
Column_31=1
Column_33=1
Column_37=1
Column_38=1
Column_41=1
Column_49=1
Column_52=1
Column_58=1
Column_62=1
Column_78=1
Column_82=1
Column_88=1
Column_91=1
Column_92=1
Column_102=1
Column_105=1
Column_107=1
Column_114=1
Column_132=1
Column_135=1
Column_140=1
Column_143=1
Column_146=1
Column_147=1
Column_168=1
Column_176=1
Column_180=1
Column_194=1
Column_230=1
Column_265=1

parameters:
[boosting: gbdt]
[objective: binary]
[metric: binary_logloss]
[tree_learner: serial]
[device_type: cpu]
[data_sample_strategy: bagging]
[data: ]
[valid: ]
[num_iterations: 300]
[learning_rate: 0.1]
[num_leaves: 31]
[num_threads: 0]
[seed: 0]
[deterministic: 0]
[force_col_wise: 0]
[force_row_wise: 0]
[histogram_pool_size: -1]
[max_depth: -1]
[min_data_in_leaf: 20]
[min_sum_hessian_in_leaf: 0.001]
[bagging_fraction: 1]
[pos_bagging_fraction: 1]
[neg_bagging_fraction: 1]
[bagging_freq: 0]
[bagging_seed: 7719]
[bagging_by_query: 0]
[feature_fraction: 1]
[feature_fraction_bynode: 1]
[feature_fraction_seed: 2437]
[extra_trees: 0]
[extra_seed: 11797]
[early_stopping_round: 0]
[early_stopping_min_delta: 0]
[first_metric_only: 0]
[max_delta_step: 0]
[lambda_l1: 0]
[lambda_l2: 0]
[linear_lambda: 0]
[min_gain_to_split: 0]
[drop_rate: 0.1]
[max_drop: 50]
[skip_drop: 0.5]
[xgboost_dart_mode: 0]
[uniform_drop: 0]
[drop_seed: 21238]
[top_rate: 0.2]
[other_rate: 0.1]
[min_data_per_group: 100]
[max_cat_threshold: 32]
[cat_l2: 10]
[cat_smooth: 10]
[max_cat_to_onehot: 4]
[top_k: 20]
[monotone_constraints: ]
[monotone_constraints_method: basic]
[monotone_penalty: 0]
[feature_contri: ]
[forcedsplits_filename: ]
[refit_decay_rate: 0.9]
[cegb_tradeoff: 1]
[cegb_penalty_split: 0]
[cegb_penalty_feature_lazy: ]
[cegb_penalty_feature_coupled: ]
[path_smooth: 0]
[interaction_constraints: ]
[verbosity: -1]
[saved_feature_importance_type: 0]
[use_quantized_grad: 0]
[num_grad_quant_bins: 4]
[quant_train_renew_leaf: 0]
[stochastic_rounding: 1]
[linear_tree: 0]
[max_bin: 255]
[max_bin_by_feature: ]
[min_data_in_bin: 3]
[bin_construct_sample_cnt: 200000]
[data_random_seed: 38]
[is_enable_sparse: 1]
[enable_bundle: 1]
[use_missing: 1]
[zero_as_missing: 0]
[feature_pre_filter: 1]
[pre_partition: 0]
[two_round: 0]
[header: 0]
[label_column: ]
[weight_column: ]
[group_column: ]
[ignore_column: ]
[categorical_feature: ]
[forcedbins_filename: ]
[precise_float_parser: 0]
[parser_config_file: ]
[objective_seed: 8855]
[num_class: 1]
[is_unbalance: 0]
[scale_pos_weight: 1]
[sigmoid: 1]
[boost_from_average: 1]
[reg_sqrt: 0]
[alpha: 0.9]
[fair_c: 1]
[poisson_max_delta_step: 0.7]
[tweedie_variance_power: 1.5]
[lambdarank_truncation_level: 30]
[lambdarank_norm: 1]
[label_gain: ]
[lambdarank_position_bias_regularization: 0]
[eval_at: ]
[multi_error_top_k: 1]
[auc_mu_weights: ]
[num_machines: 1]
[local_listen_port: 12400]
[time_out: 120]
[machine_list_filename: ]
[machines: ]
[gpu_platform_id: -1]
[gpu_device_id: -1]
[gpu_device_id_list: ]
[gpu_use_dp: 0]
[num_gpu: 1]

end of parameters

pandas_categorical:null
