tree
version=v4
num_class=1
num_tree_per_iteration=1
label_index=0
max_feature_idx=567
objective=binary sigmoid:1
feature_names=Column_0 Column_1 Column_2 Column_3 Column_4 Column_5 Column_6 Column_7 Column_8 Column_9 Column_10 Column_11 Column_12 Column_13 Column_14 Column_15 Column_16 Column_17 Column_18 Column_19 Column_20 Column_21 Column_22 Column_23 Column_24 Column_25 Column_26 Column_27 Column_28 Column_29 Column_30 Column_31 Column_32 Column_33 Column_34 Column_35 Column_36 Column_37 Column_38 Column_39 Column_40 Column_41 Column_42 Column_43 Column_44 Column_45 Column_46 Column_47 Column_48 Column_49 Column_50 Column_51 Column_52 Column_53 Column_54 Column_55 Column_56 Column_57 Column_58 Column_59 Column_60 Column_61 Column_62 Column_63 Column_64 Column_65 Column_66 Column_67 Column_68 Column_69 Column_70 Column_71 Column_72 Column_73 Column_74 Column_75 Column_76 Column_77 Column_78 Column_79 Column_80 Column_81 Column_82 Column_83 Column_84 Column_85 Column_86 Column_87 Column_88 Column_89 Column_90 Column_91 Column_92 Column_93 Column_94 Column_95 Column_96 Column_97 Column_98 Column_99 Column_100 Column_101 Column_102 Column_103 Column_104 Column_105 Column_106 Column_107 Column_108 Column_109 Column_110 Column_111 Column_112 Column_113 Column_114 Column_115 Column_116 Column_117 Column_118 Column_119 Column_120 Column_121 Column_122 Column_123 Column_124 Column_125 Column_126 Column_127 Column_128 Column_129 Column_130 Column_131 Column_132 Column_133 Column_134 Column_135 Column_136 Column_137 Column_138 Column_139 Column_140 Column_141 Column_142 Column_143 Column_144 Column_145 Column_146 Column_147 Column_148 Column_149 Column_150 Column_151 Column_152 Column_153 Column_154 Column_155 Column_156 Column_157 Column_158 Column_159 Column_160 Column_161 Column_162 Column_163 Column_164 Column_165 Column_166 Column_167 Column_168 Column_169 Column_170 Column_171 Column_172 Column_173 Column_174 Column_175 Column_176 Column_177 Column_178 Column_179 Column_180 Column_181 Column_182 Column_183 Column_184 Column_185 Column_186 Column_187 Column_188 Column_189 Column_190 Column_191 Column_192 Column_193 Column_194 Column_195 Column_196 Column_197 Column_198 Column_199 Column_200 Column_201 Column_202 Column_203 Column_204 Column_205 Column_206 Column_207 Column_208 Column_209 Column_210 Column_211 Column_212 Column_213 Column_214 Column_215 Column_216 Column_217 Column_218 Column_219 Column_220 Column_221 Column_222 Column_223 Column_224 Column_225 Column_226 Column_227 Column_228 Column_229 Column_230 Column_231 Column_232 Column_233 Column_234 Column_235 Column_236 Column_237 Column_238 Column_239 Column_240 Column_241 Column_242 Column_243 Column_244 Column_245 Column_246 Column_247 Column_248 Column_249 Column_250 Column_251 Column_252 Column_253 Column_254 Column_255 Column_256 Column_257 Column_258 Column_259 Column_260 Column_261 Column_262 Column_263 Column_264 Column_265 Column_266 Column_267 Column_268 Column_269 Column_270 Column_271 Column_272 Column_273 Column_274 Column_275 Column_276 Column_277 Column_278 Column_279 Column_280 Column_281 Column_282 Column_283 Column_284 Column_285 Column_286 Column_287 Column_288 Column_289 Column_290 Column_291 Column_292 Column_293 Column_294 Column_295 Column_296 Column_297 Column_298 Column_299 Column_300 Column_301 Column_302 Column_303 Column_304 Column_305 Column_306 Column_307 Column_308 Column_309 Column_310 Column_311 Column_312 Column_313 Column_314 Column_315 Column_316 Column_317 Column_318 Column_319 Column_320 Column_321 Column_322 Column_323 Column_324 Column_325 Column_326 Column_327 Column_328 Column_329 Column_330 Column_331 Column_332 Column_333 Column_334 Column_335 Column_336 Column_337 Column_338 Column_339 Column_340 Column_341 Column_342 Column_343 Column_344 Column_345 Column_346 Column_347 Column_348 Column_349 Column_350 Column_351 Column_352 Column_353 Column_354 Column_355 Column_356 Column_357 Column_358 Column_359 Column_360 Column_361 Column_362 Column_363 Column_364 Column_365 Column_366 Column_367 Column_368 Column_369 Column_370 Column_371 Column_372 Column_373 Column_374 Column_375 Column_376 Column_377 Column_378 Column_379 Column_380 Column_381 Column_382 Column_383 Column_384 Column_385 Column_386 Column_387 Column_388 Column_389 Column_390 Column_391 Column_392 Column_393 Column_394 Column_395 Column_396 Column_397 Column_398 Column_399 Column_400 Column_401 Column_402 Column_403 Column_404 Column_405 Column_406 Column_407 Column_408 Column_409 Column_410 Column_411 Column_412 Column_413 Column_414 Column_415 Column_416 Column_417 Column_418 Column_419 Column_420 Column_421 Column_422 Column_423 Column_424 Column_425 Column_426 Column_427 Column_428 Column_429 Column_430 Column_431 Column_432 Column_433 Column_434 Column_435 Column_436 Column_437 Column_438 Column_439 Column_440 Column_441 Column_442 Column_443 Column_444 Column_445 Column_446 Column_447 Column_448 Column_449 Column_450 Column_451 Column_452 Column_453 Column_454 Column_455 Column_456 Column_457 Column_458 Column_459 Column_460 Column_461 Column_462 Column_463 Column_464 Column_465 Column_466 Column_467 Column_468 Column_469 Column_470 Column_471 Column_472 Column_473 Column_474 Column_475 Column_476 Column_477 Column_478 Column_479 Column_480 Column_481 Column_482 Column_483 Column_484 Column_485 Column_486 Column_487 Column_488 Column_489 Column_490 Column_491 Column_492 Column_493 Column_494 Column_495 Column_496 Column_497 Column_498 Column_499 Column_500 Column_501 Column_502 Column_503 Column_504 Column_505 Column_506 Column_507 Column_508 Column_509 Column_510 Column_511 Column_512 Column_513 Column_514 Column_515 Column_516 Column_517 Column_518 Column_519 Column_520 Column_521 Column_522 Column_523 Column_524 Column_525 Column_526 Column_527 Column_528 Column_529 Column_530 Column_531 Column_532 Column_533 Column_534 Column_535 Column_536 Column_537 Column_538 Column_539 Column_540 Column_541 Column_542 Column_543 Column_544 Column_545 Column_546 Column_547 Column_548 Column_549 Column_550 Column_551 Column_552 Column_553 Column_554 Column_555 Column_556 Column_557 Column_558 Column_559 Column_560 Column_561 Column_562 Column_563 Column_564 Column_565 Column_566 Column_567
feature_infos=[2.0013689994812012:17.993154525756836] [-0.7776256799697876:0.99923950433731079] none none none [0:1] [0:1] [0:1] [0:1] [0:1] [0:1] [0:1] [0:1] [0:1] [0:1] [0:1] [0:1] [0:1] [0:1] [0:1] [0:1] [0:1] [0:1] [0:1] [0:1] [0:1] [0:1] [0:1] [0:1] [0:1] [0:1] [0:1] [0:1] [0:1] [0:1] [0:1] [0:1] [0:1] [0:1] [0:1] [0:1] [0:1] [0:1] [0:1] [0:1] [0:1] [0:1] [0:1] [0:1] [0:1] [0:1] [0:1] [0:1] [0:1] [0:1] [0:1] [0:1] [0:1] [0:1] [0:1] [0:1] [0:1] [0:1] [0:1] [0:1] [0:1] [0:1] [0:1] [0:1] [0:1] [0:1] [0:1] [0:1] [0:1] [0:1] [0:1] [0:1] [0:1] [0:1] [0:1] [0:1] [0:1] [0:1] [0:1] [0:1] [0:1] [0:1] [0:1] [0:1] [0:1] [0:1] [0:1] [0:1] [0:1] [0:1] [0:1] [0:1] [0:1] [0:1] [0:1] [0:1] [0:1] [0:1] [0:1] [0:1] [0:1] [0:1] [0:1] [0:1] none none none none [0:1] [0:1] none [0:1] none [0:1] none none [0:1] none none none none [0:1] [0:1] [0:1] [0:1] [0:1] none [0:1] [0:1] [0:1] [0:1] none [0:1] [0:1] [0:1] [0:1] [0:1] [0:1] [0:1] [0:1] [0:1] [0:1] [0:1] [0:1] [0:1] [0:1] [0:1] [0:1] [0:1] [0:1] [0:1] [0:1] none none none none none none none none none none [0:1] [0:1] none none none none none [0:1] [0:1] [0:1] [0:1] [0:1] [0:1] [0:1] [0:1] [0:1] [0:1] [0:1] [0:1] [0:1] [0:1] [0:1] [0:1] [0:1] [0:1] [0:1] [0:1] [0:1] [0:1] [0:1] [0:1] [0:1] [0:1] [0:1] [0:1] none none [0:1] [0:1] [0:1] none [0:1] [0:1] [0:1] [0:1] [0:1] none [0:1] none none [0:1] none [0:1] [0:1] [0:1] [0:1] [0:1] [0:1] [0:1] [0:1] [0:1] [0:1] [0:1] [0:1] [0:1] [0:1] [0:1] [0:1] [0:1] [0:1] [0:1] [0:1] [0:1] [0:1] [0:1] [0:1] [0:1] none none none none none none none none none none none none none none none none none [0:1] [0:1] [0:1] [0:1] [0:1] [0:1] [0:1] [0:1] [0:1] [0:1] none [0:1] [0:1] [0:1] [0:1] none [0:1] [0:1] none none none [0:1] [0:1] none none none none none [0:1] [0:1] [0:1] [0:1] [0:1] [0:1] [0:1] none none none [0:1] none [0:1] [0:1] [0:1] none [0:1] [0:1] [0:1] [0:1] none none [0:1] [0:1] none none none none [0:1] [0:1] none none none [0:1] none none [0:1] [0:1] none none [0:1] [0:1] none none none none none none none none none none none none none none none none none none none none none none none none none none none none none none none none none none none none none none none none none none none none none none none none none none none none none none none none none none none none none none none none none none none none none none none none none none none none none none none none none none none none none none none none none none none none none none none none none none none none none none none none none none none none none none none none none none none none none none none none none none none none none none none none none none none none none none none none none none none none none none none none none none none none none none none none none none none none none none none none none none none none none none none none none none none none none none none none none none none none none none none none none none none none none none none none none none none none none none none none none none none none none none none none none none none none none none none none none none none none none none none none none none none none none none none none none none none none none
tree_sizes=3385 3442 3464 3453 3463 3476 3458 3457 3461 3459 3471 3481 3466 3476 3480 3466 3483 3463 3471 3459 3477 3481 3496 3523 3482 3493

Tree=0
num_leaves=31
num_cat=0
split_feature=6 0 10 0 10 56 1 10 0 15 21 139 94 15 0 32 16 167 5 0 1 86 13 1 96 7 8 16 14 0
split_gain=720.097 244.193 258.835 54.4509 21.6988 20.2713 14.096 10.3991 12.2672 10.008 7.84506 7.323 7.02552 6.65518 5.6683 5.64916 5.7119 5.6461 5.99246 7.74287 5.02302 5.21564 5.55591 8.10827 4.5331 4.3996 4.32822 4.32617 4.29195 15.6406
threshold=1.0000000180025095e-35 9.5071868896484393 1.0000000180025095e-35 12.746064186096193 1.0000000180025095e-35 1.0000000180025095e-35 0.1512662544846535 1.0000000180025095e-35 3.4811772108078007 1.0000000180025095e-35 1.0000000180025095e-35 1.0000000180025095e-35 1.0000000180025095e-35 1.0000000180025095e-35 10.788501262664797 1.0000000180025095e-35 1.0000000180025095e-35 1.0000000180025095e-35 1.0000000180025095e-35 8.9486651420593279 0.74416303634643566 1.0000000180025095e-35 1.0000000180025095e-35 0.6562476158142091 1.0000000180025095e-35 1.0000000180025095e-35 1.0000000180025095e-35 1.0000000180025095e-35 1.0000000180025095e-35 8.6844625473022479
decision_type=2 2 2 2 2 2 2 2 2 2 2 2 2 2 2 2 2 2 2 2 2 2 2 2 2 2 2 2 2 2
left_child=4 5 3 10 17 9 26 8 -7 -2 12 28 14 -13 27 -16 -17 -1 19 -19 21 22 -5 -24 25 -9 -6 -3 29 -10
right_child=1 2 -4 20 6 7 -8 24 11 -11 -12 13 -14 -15 15 16 -18 18 -20 -21 -22 -23 23 -25 -26 -27 -28 -29 -30 -31
leaf_value=-1.1538679766418272 -1.0777972956143305 -0.96971488122809379 -1.05215480961414 -0.771227113394372 -1.1827842102813835 -1.1548475817321258 -1.2180164246108525 -1.1000009371239481 -1.0388007480508401 -1.145465660176838 -0.99623348988604032 -1.1522253055210205 -0.97776681171160518 -0.99168372859668674 -0.77199525491075649 -0.96211028021588851 -0.7973439249514408 -0.93791382244978072 -1.1712368080515336 -1.1314854845786424 -0.72880863187847955 -0.72348314500530897 -0.92614257272572842 -0.74664658487007229 -1.1691244188814767 -1.0171780806490991 -1.1445593770812974 -0.8480412650328093 -0.94329081306447138 -0.82269259499212499
leaf_weight=295.68565464019775 61.804688930511475 6.5749669075012225 75.518191337585449 18.597763538360596 81.341733455657959 5.4478297233581534 107.26588869094849 15.592064380645756 22.167031288146976 33.814115524291992 7.3263916969299308 5.2599735260009748 6.3871107101440421 5.0721173286437988 9.204953670501709 4.5085487365722656 3.9449801445007324 4.1328363418579084 5.2599735260009757 4.1328363418579102 30.432703971862793 10.895659446716307 6.9506793022155779 3.9449801445007324 5.0721173286437979 10.895659446716309 46.588336944580078 5.2599735260009766 18.597763538360596 3.9449801445007315
leaf_count=1574 329 35 402 99 433 29 571 83 118 180 39 28 34 27 49 24 21 22 28 22 162 58 37 21 27 58 248 28 99 21
internal_value=-1.09481 -0.98862 -0.908562 -0.813464 -1.16839 -1.06948 -1.19128 -1.03598 -1.01171 -1.10173 -0.901935 -0.997538 -0.88268 -1.07341 -0.862088 -0.826198 -0.885219 -1.15098 -1.0878 -1.0347 -0.759489 -0.782606 -0.804448 -0.861153 -1.08252 -1.06593 -1.16886 -0.915638 -0.980003 -1.00615
internal_weight=921.623 377.215 189.547 114.029 544.407 187.668 235.196 92.0495 60.4897 95.6188 43.2069 55.0419 35.8805 10.3321 29.4934 17.6585 8.45353 309.211 13.5256 8.26567 70.8218 40.3891 29.4934 10.8957 31.5598 26.4877 127.93 11.8349 44.7098 26.112
internal_count=4906 2008 1009 607 2898 999 1252 490 322 509 230 293 191 55 157 94 45 1646 72 44 377 215 157 58 168 141 681 63 238 139
is_linear=0
shrinkage=1


Tree=1
num_leaves=31
num_cat=0
split_feature=6 0 10 0 10 60 1 10 0 15 21 82 139 15 14 0 0 167 5 0 0 9 13 83 8 67 54 1 15 8
split_gain=572.313 168.52 164.076 30.4471 19.9208 15.8008 13.441 10.1242 8.74779 6.79156 6.4209 5.39265 7.26675 5.54773 4.98575 8.16349 7.13562 4.80453 4.87306 5.72758 4.47495 7.2063 4.44224 4.08545 3.93901 4.27112 3.87822 3.73282 3.5276 4.52558
threshold=1.0000000180025095e-35 9.5071868896484393 1.0000000180025095e-35 13.151266574859621 1.0000000180025095e-35 1.0000000180025095e-35 0.1512662544846535 1.0000000180025095e-35 3.3497605323791508 1.0000000180025095e-35 1.0000000180025095e-35 1.0000000180025095e-35 1.0000000180025095e-35 1.0000000180025095e-35 1.0000000180025095e-35 5.6454484462738046 8.5516767501831072 1.0000000180025095e-35 1.0000000180025095e-35 8.9486651420593279 11.377138614654543 1.0000000180025095e-35 1.0000000180025095e-35 1.0000000180025095e-35 1.0000000180025095e-35 1.0000000180025095e-35 1.0000000180025095e-35 -0.024564606137573716 1.0000000180025095e-35 1.0000000180025095e-35
decision_type=2 2 2 2 2 2 2 2 2 2 2 2 2 2 2 2 2 2 2 2 2 2 2 2 2 2 2 2 2 2
left_child=4 5 3 10 17 9 24 8 -7 -2 20 12 14 -14 16 -16 26 23 19 -19 21 -3 -11 -1 -6 -26 -10 -27 29 -28
right_child=1 2 -4 -5 6 7 -8 -9 11 22 -12 -13 13 -15 15 -17 -18 18 -20 -21 -22 -23 -24 -25 25 27 28 -29 -30 -31
leaf_value=-0.04982860063642329 0.012498308538393777 0.19342075532077468 0.037551449132899872 0.26198344002729779 -0.083047685407841978 -0.06290249315154986 -0.11864657329482205 0.0059028746883990017 0.11526849077474462 -0.072785226888602825 0.08382080879326409 0.15749079275740818 -0.087744001003630667 0.070179800162130129 0.20219911174681676 0.063883182139040637 0.17652231023475529 0.13064235921271386 -0.071684438627402883 -0.033658791323776568 0.21259860483854812 0.079293818575962738 0.0044933749100911488 -0.083136908301089441 -0.093923768504080102 -0.012524561752605643 0.11466212774176354 -0.10999873091326076 -0.043721946843198176 -0.022785596346028135
leaf_weight=243.53578054904938 60.054408192634583 14.03638269007206 77.114902943372726 76.80052062869072 77.739668652415276 4.3726637363433829 100.59383942186832 33.613792732357979 4.7957297265529695 20.32658314704895 8.5609682202339155 8.4807335138320905 4.5610770583152753 4.342058539390564 8.2185803949832934 8.8749685883522016 4.3861059695482245 4.4479579925537092 5.0578368902206412 4.0569355487823486 20.476339772343636 9.1323605179786682 11.731623962521551 43.384368091821671 13.188211441040037 27.658610105514523 5.2017852067947405 4.5792400836944607 6.5532135218381873 4.440407320857048
leaf_count=1336 317 68 402 354 433 24 571 178 25 111 43 43 25 22 41 44 21 22 28 22 97 45 64 238 72 151 27 25 34 23
internal_value=-0.000393255 0.0903314 0.152949 0.221929 -0.0689375 0.0223838 -0.0915269 0.050368 0.0736392 -0.00734082 0.163006 0.0836142 0.0714188 -0.0107246 0.0886384 0.130385 0.0605185 -0.0521158 0.00604391 0.0522688 0.178538 0.148436 -0.0445053 -0.0548651 -0.0693773 -0.0459826 0.0362795 -0.0263703 0.0128895 0.0513649
internal_weight=920.318 396.075 206.121 129.007 524.242 189.954 223.76 97.8411 64.2273 92.1126 52.2061 59.8547 51.3739 8.90314 42.4708 17.0935 25.3772 300.483 13.5627 8.50489 43.6451 23.1687 32.0582 286.92 123.166 45.4261 20.9911 32.2379 16.1954 9.64219
internal_count=4906 2008 1009 607 2898 999 1252 507 329 492 253 305 262 47 215 85 130 1646 72 44 210 113 175 1574 681 248 109 176 84 50
is_linear=0
shrinkage=0.1


Tree=2
num_leaves=31
num_cat=0
split_feature=6 0 10 0 10 1 56 15 10 0 84 19 167 8 22 12 133 93 69 0 25 5 0 139 15 8 67 31 1 0
split_gain=461.959 123.82 115.632 21.1718 18.3452 12.9074 12.5536 6.99828 5.778 7.5633 4.59776 4.56791 4.73769 4.23718 4.1805 7.53304 7.05813 4.27659 5.97022 8.10152 4.21352 4.01139 4.58943 3.88377 4.09872 3.57822 3.80122 3.55765 3.54504 3.41012
threshold=1.0000000180025095e-35 9.5071868896484393 1.0000000180025095e-35 12.746064186096193 1.0000000180025095e-35 0.1512662544846535 1.0000000180025095e-35 1.0000000180025095e-35 1.0000000180025095e-35 3.4811772108078007 1.0000000180025095e-35 1.0000000180025095e-35 1.0000000180025095e-35 1.0000000180025095e-35 1.0000000180025095e-35 1.0000000180025095e-35 1.0000000180025095e-35 1.0000000180025095e-35 1.0000000180025095e-35 13.151266574859621 1.0000000180025095e-35 1.0000000180025095e-35 8.9486651420593279 1.0000000180025095e-35 1.0000000180025095e-35 1.0000000180025095e-35 1.0000000180025095e-35 1.0000000180025095e-35 -0.39082820713520044 10.035592079162599
decision_type=2 2 2 2 2 2 2 2 2 2 2 2 2 2 2 2 2 2 2 2 2 2 2 2 2 2 2 2 2 2
left_child=4 6 3 10 11 25 7 27 9 -8 -3 12 14 -10 17 16 -16 20 -19 -20 -1 22 -14 -11 -25 -6 -27 -2 -22 -4
right_child=1 2 29 -5 5 -7 8 -9 13 23 -12 -13 21 -15 15 -17 -18 18 19 -21 28 -23 -24 24 -26 26 -28 -29 -30 -31
leaf_value=-0.10183325156483661 8.909761097621588e-06 0.12365535540878939 0.11978613995926629 0.2144712647281368 -0.078399601794051005 -0.11458041399894908 -0.053452687088327969 -0.043810237926365292 0.037793334712068166 0.084272142512104201 0.23005441609186003 -0.11892655226784839 0.12327015921428375 -0.038157166337156587 -0.01005834750314419 -0.070956541546598209 0.1662247286338564 -0.084734878977887118 0.16562493446687732 -0.045520855609946384 -0.029540846539885264 -0.062458671141950667 -0.026077989713202895 -0.048978133871300192 0.076308813573629175 -0.089119853394585224 -0.024111962074819498 0.055502652020587996 -0.058650720231580127 0.02815049933082165
leaf_weight=17.86787223815918 47.54317033290863 45.64919638633728 4.2961908280849448 88.493154421448708 74.295915096998215 94.084048449993134 5.1848125457763663 32.259282857179642 20.331585973501205 49.080251827836037 4.4579743146896353 8.8834815323352796 4.4796593338251096 11.500179290771486 5.8429123312234879 8.4932725578546524 3.7156074047088623 4.4289616197347623 3.7219862639904022 3.5508239269256592 55.804278522729874 4.5183891057968131 3.8055451065301895 4.9429551213979703 5.5352315604686737 12.543118715286253 31.795972749590874 15.260645613074301 167.12366433441639 74.206932485103607
leaf_count=101 249 210 22 377 433 571 29 180 107 238 20 50 21 61 33 48 21 25 21 20 315 26 21 28 27 72 176 80 944 380
internal_value=-0.000605549 0.0784264 0.130137 0.185061 -0.0645788 -0.0869196 0.0198446 -0.00595244 0.0452377 0.0623887 0.133122 -0.0483169 -0.0461032 0.0103539 -0.0489162 -0.00242621 0.0584668 -0.0522399 0.00679638 0.0625367 -0.0551088 0.0133365 0.0546718 0.0724732 0.0172062 -0.0649831 -0.0425021 0.0134933 -0.0513638 0.0331654
internal_weight=913.697 408.742 217.103 138.6 504.956 212.719 191.638 95.0631 96.575 64.7433 50.1072 292.236 283.353 31.8318 270.549 18.0518 9.55852 252.498 11.7018 7.27281 240.796 12.8036 8.2852 59.5584 10.4782 118.635 44.3391 62.8038 222.928 78.5031
internal_count=4906 2008 1009 607 2898 1252 999 509 490 322 230 1646 1596 168 1528 102 54 1426 66 41 1360 68 42 293 55 681 248 329 1259 402
is_linear=0
shrinkage=0.1


Tree=3
num_leaves=31
num_cat=0
split_feature=6 0 10 10 1 1 10 56 14 1 15 0 0 50 0 21 19 13 167 44 24 0 71 10 7 83 22 12 16 62
split_gain=376.462 95.7952 82.2963 16.8663 13.5516 12.4586 11.2703 7.11898 7.65653 5.2483 5.17779 4.97418 8.57683 5.86914 4.71431 4.43401 4.19433 4.0935 3.99348 3.7772 8.40746 3.88106 4.38107 3.73496 4.88829 3.68358 4.1938 7.47249 5.28756 3.57831
threshold=1.0000000180025095e-35 11.377138614654543 1.0000000180025095e-35 1.0000000180025095e-35 -0.038862271234393113 0.1512662544846535 1.0000000180025095e-35 1.0000000180025095e-35 1.0000000180025095e-35 0.6562476158142091 1.0000000180025095e-35 5.9671459197998056 6.7118411064147958 1.0000000180025095e-35 8.1492128372192401 1.0000000180025095e-35 1.0000000180025095e-35 1.0000000180025095e-35 1.0000000180025095e-35 1.0000000180025095e-35 1.0000000180025095e-35 17.498972892761234 1.0000000180025095e-35 1.0000000180025095e-35 1.0000000180025095e-35 1.0000000180025095e-35 1.0000000180025095e-35 1.0000000180025095e-35 1.0000000180025095e-35 1.0000000180025095e-35
decision_type=2 2 2 2 2 2 2 2 2 2 2 2 2 2 2 2 2 2 2 2 2 2 2 2 2 2 2 2 2 2
left_child=3 4 9 16 7 -5 -6 10 11 15 -2 -9 -13 14 -14 17 18 -3 25 -4 -21 22 -22 -10 -25 26 -1 28 -28 -20
right_child=1 2 19 5 6 -7 -8 8 23 -11 -12 12 13 -15 -16 -17 -18 -19 29 20 21 -23 -24 24 -26 -27 27 -29 -30 -31
leaf_value=-0.044053506765426825 0.010575748634688697 0.18950019413354133 0.11544040333863984 -0.060817444947593148 0.095826529142018446 -0.1109007900515421 0.0096085105722592476 -0.017142919075203249 0.092039901517879927 0.19751240112760896 -0.040007582528991191 0.16799110110952559 0.1275556329267786 -0.089421969749751973 -0.014484592544053283 0.084352901426508142 -0.11477657870768283 0.13185473405216827 0.077174257802271093 -0.086743685820301064 -0.0065672366710658771 -0.049383582388757639 0.064341965504754503 -0.036238782713958105 0.10413694417924545 -0.073720030715253432 0.15291139161308259 -0.067881113348761304 -0.0074579126694623151 -0.030950672163527385
leaf_weight=209.5202167481184 61.103365615010262 29.448465019464493 5.1438269615173331 114.34843745827675 43.791041731834412 87.809714943170547 23.190351486206055 29.218244656920433 24.005913600325584 55.540310546755791 30.256601229310036 4.5713621228933361 4.4766332656145078 4.1521516144275656 4.8880798667669296 7.7918317168951026 8.3136977106332761 21.177510485053062 5.0674964785575849 5.9351849555969229 11.474690914154051 4.5503084659576407 36.204628229141235 6.1796363890171033 4.1443624049425125 38.96138060092926 4.2107617259025556 6.6587127149105063 4.017578125 7.7290145754814148
leaf_count=1214 318 122 26 681 199 571 118 150 114 226 173 23 22 21 25 34 50 89 26 30 58 23 183 33 21 230 23 39 22 42
internal_value=-0.000728998 0.0689677 0.124718 -0.0604872 0.027786 -0.0825717 0.0659761 0.0129994 0.0344592 0.175503 -0.00617644 0.00837066 0.0495832 0.00953804 0.0534152 0.154578 -0.0447934 0.165386 -0.0426866 0.0333031 0.0260393 0.0388555 0.0472767 0.0704092 0.0201122 -0.0453373 -0.0404095 0.0108759 0.0746093 0.0118675
internal_weight=903.882 417.245 177.267 486.637 239.978 202.158 66.9814 172.996 81.6364 113.958 91.36 47.3065 18.0882 13.5169 9.36471 58.4178 284.479 50.626 276.165 63.3086 58.1648 52.2296 47.6793 34.3299 10.324 263.369 224.407 14.8871 8.22834 12.7965
internal_count=4906 2008 791 2898 1217 1252 317 900 409 471 491 241 91 68 47 245 1646 211 1596 320 294 264 241 168 54 1528 1298 84 45 68
is_linear=0
shrinkage=0.1


Tree=4
num_leaves=31
num_cat=0
split_feature=6 0 10 10 0 1 10 56 14 1 15 0 13 73 19 8 167 0 83 22 1 13 21 9 7 81 11 93 22 0
split_gain=308.387 75.3372 64.8572 15.4992 12.1101 10.5941 8.63435 5.64606 5.94263 4.43556 4.28592 3.92935 7.26119 5.20486 3.866 3.7961 5.0028 4.82035 4.70595 4.44042 5.47708 3.48538 3.45575 3.40543 4.77421 4.10104 5.71017 3.34522 3.2653 3.54936
threshold=1.0000000180025095e-35 11.377138614654543 1.0000000180025095e-35 1.0000000180025095e-35 11.02532482147217 -0.038862271234393113 1.0000000180025095e-35 1.0000000180025095e-35 1.0000000180025095e-35 0.6562476158142091 1.0000000180025095e-35 5.9671459197998056 1.0000000180025095e-35 1.0000000180025095e-35 1.0000000180025095e-35 1.0000000180025095e-35 1.0000000180025095e-35 5.4524297714233407 1.0000000180025095e-35 1.0000000180025095e-35 -0.36938171088695521 1.0000000180025095e-35 1.0000000180025095e-35 1.0000000180025095e-35 1.0000000180025095e-35 1.0000000180025095e-35 1.0000000180025095e-35 1.0000000180025095e-35 1.0000000180025095e-35 4.6392881870269784
decision_type=2 2 2 2 2 2 2 2 2 2 2 2 2 2 2 2 2 2 2 2 2 2 2 2 2 2 2 2 2 2
left_child=3 5 9 14 -5 7 -7 10 11 22 28 23 13 -13 15 17 19 -1 -19 27 -21 -12 -3 25 -25 26 -9 -17 -2 -30
right_child=1 2 -4 4 -6 6 -8 8 -10 -11 21 12 -14 -15 -16 16 -18 18 -20 20 -22 -23 -24 24 -26 -27 -28 -29 29 -31
leaf_value=-0.01845548204763715 0.020932067084996786 0.14507515182405517 0.029439205809538238 -0.058555101435060979 -0.11014887772454277 0.083580684564824634 0.0086075316843446693 0.13407993569978438 0.061624739243110287 0.17474499335343674 -0.063072558435476891 -0.08053992848277873 0.11786015466845477 0.05848007401394887 -0.11102283786248633 -0.040354251166359961 0.068366083821836579 -0.052340659729165122 -0.11238509009432239 -0.049180873384335744 0.11573990034853004 0.0080715539347210388 0.074285500481371711 -0.0050209546229986685 -0.13634667730802486 -0.038875179857478293 -0.023541404432348239 0.036165614727544031 -0.11110442812583682 0.0023904506461460452
leaf_weight=36.222514465451241 49.240803673863411 51.86484606564045 64.244612008333206 118.2543858140707 73.939038455486298 45.109456956386566 23.292745009064674 4.7727679908275604 35.220206901431084 56.438129097223282 18.689258828759193 5.2658565938472766 7.668705314397811 5.5122295022010803 7.7637663930654517 101.61906905472279 5.335170090198516 97.071170568466187 15.080581426620482 3.6975217759609222 4.4219803363084775 10.903464108705522 7.9536294490098944 6.8920799344778079 4.6264627277851105 8.2612359970808029 4.4332184940576553 6.0534866899251929 4.2150061428546888 7.9576723575592041
leaf_count=211 255 211 320 736 516 199 118 24 168 226 111 27 37 27 50 608 28 576 93 21 24 62 34 36 24 43 23 35 22 41
internal_value=-0.000796191 0.0611784 0.110075 -0.0565798 -0.0784038 0.0247167 0.0580504 0.0115869 0.0305074 0.154636 -0.0055968 0.00740171 0.0434807 -0.00944102 -0.041452 -0.0394478 -0.0263123 -0.0501711 -0.0604146 -0.0306747 0.040637 -0.0368594 0.135663 -0.0155592 -0.0577684 0.0122751 0.0581761 -0.0360522 0.00946744 -0.0369092
internal_weight=892.021 422.562 180.501 469.459 192.193 242.061 68.4022 173.659 82.6528 116.257 91.0062 47.4326 18.4468 10.7781 277.265 269.501 121.127 148.374 112.152 115.792 8.1195 29.5927 59.8185 28.9858 11.5185 17.4672 9.20599 107.673 61.4135 12.1727
internal_count=4906 2008 791 2898 1252 1217 317 900 409 471 491 241 91 54 1646 1596 716 880 669 688 45 173 245 150 60 90 47 643 318 63
is_linear=0
shrinkage=0.1


Tree=5
num_leaves=31
num_cat=0
split_feature=6 0 10 10 1 10 1 44 24 0 113 14 22 96 12 0 73 0 19 25 73 167 151 8 67 1 95 21 14 0
split_gain=253.597 61.4761 37.8811 14.956 19.7299 14.2067 11.8202 7.6577 8.12325 6.81019 6.61693 5.85426 4.19317 3.87463 5.80638 4.83671 4.393 3.80175 3.5677 3.69984 5.73509 4.03528 3.95921 3.53388 3.65271 3.6171 3.50681 3.37571 3.34857 4.22012
threshold=1.0000000180025095e-35 13.096509456634523 1.0000000180025095e-35 1.0000000180025095e-35 -0.038862271234393113 1.0000000180025095e-35 0.1512662544846535 1.0000000180025095e-35 1.0000000180025095e-35 3.6783025264739995 1.0000000180025095e-35 1.0000000180025095e-35 1.0000000180025095e-35 1.0000000180025095e-35 1.0000000180025095e-35 8.7460646629333514 1.0000000180025095e-35 17.498972892761234 1.0000000180025095e-35 1.0000000180025095e-35 1.0000000180025095e-35 1.0000000180025095e-35 1.0000000180025095e-35 1.0000000180025095e-35 1.0000000180025095e-35 -0.65898546576499928 1.0000000180025095e-35 1.0000000180025095e-35 1.0000000180025095e-35 4.850102663040162
decision_type=2 2 2 2 2 2 2 2 2 2 2 2 2 2 2 2 2 2 2 2 2 2 2 2 2 2 2 2 2 2
left_child=5 3 -3 4 9 18 23 -4 -9 -2 13 -11 -6 14 -5 28 -17 -10 19 20 -1 22 -21 26 -25 -26 -7 -13 29 -16
right_child=1 2 7 10 12 6 -8 8 17 11 -12 27 -14 -15 15 16 -18 -19 -20 21 -22 -23 -24 24 25 -27 -28 -29 -30 -31
leaf_value=-0.12469331157734656 -0.023999057305637839 0.14796086361281202 0.16571479140070933 0.030716694777069665 0.092474300525735742 -0.073870094370797793 -0.10445801503537 -0.11048911588546395 0.049870595361953769 0.010489836807614375 -0.10356489770039229 0.077048799430409098 -0.0005771678314977106 -0.052257892492219161 0.030773898375581355 -0.016790212926396274 0.11352137082153538 -0.04783577817066953 -0.10757983665002147 -0.033781953114816354 -0.0083211739327198764 0.024180160763245549 -0.10994719907304003 -0.078489733178448762 0.070887637154143521 -0.02616479658292677 0.011772720027869756 -0.006348477383455931 -0.11681688070408303 -0.079197261069805916
leaf_weight=11.089458778500559 27.608932882547379 89.715434014797211 4.2095994949340811 55.620591878890991 68.037557154893875 60.889007404446602 76.270079866051674 4.0446869283914557 34.112262442708015 48.439970061182976 6.0350698977708808 30.310198724269867 5.2139156758785239 10.763167485594748 6.6969035863876396 7.4001652002334577 3.9774544239044189 4.5086894482374182 7.2382124066352835 226.67791728675365 6.8512977063655844 11.669268250465391 7.0367381721734992 11.10165238380432 4.5425792634487143 24.834031730890278 5.188536971807479 5.7789448648691168 5.8162582963705054 7.2860363721847534
leaf_count=70 151 360 20 287 287 399 571 21 166 248 31 144 23 56 36 37 20 23 50 1377 43 61 45 72 27 149 34 28 31 39
internal_value=-0.000829534 0.0546117 0.109895 0.0284818 0.0454876 -0.0528697 -0.0744038 0.0370392 0.0243434 0.0191212 -0.00195092 0.0332052 0.0858511 0.00433489 0.0113526 -0.0231937 0.0287649 0.0384642 -0.0383187 -0.0364148 -0.0802526 -0.0332097 -0.0360752 -0.0528918 -0.0296241 -0.0111573 -0.0671453 0.0636944 -0.0530517 -0.0265283
internal_weight=878.965 425.576 136.591 288.985 185.39 453.389 182.826 46.8752 42.6656 112.138 103.596 84.5291 73.2515 97.5606 86.7974 31.1768 11.3776 38.621 270.563 263.325 17.9408 245.384 233.715 106.556 40.4783 29.3766 66.0775 36.0891 19.7992 13.9829
internal_count=4906 2008 590 1418 881 2898 1252 230 210 571 537 420 310 506 450 163 57 189 1646 1596 113 1483 1422 681 248 176 433 172 106 75
is_linear=0
shrinkage=0.1


Tree=6
num_leaves=31
num_cat=0
split_feature=6 0 10 10 10 0 0 0 44 113 26 82 50 5 15 86 8 0 83 13 57 11 14 96 12 56 13 14 7 0
split_gain=208.993 50.3242 32.0632 13.033 11.9403 16.4179 11.5205 6.59734 5.66999 5.65127 3.96467 8.4223 5.74058 4.98222 4.96119 3.49849 3.42749 4.36038 4.40824 3.37467 5.9377 3.24389 4.77318 3.19554 4.68824 4.30789 4.63851 8.09368 3.1574 3.00866
threshold=1.0000000180025095e-35 13.096509456634523 1.0000000180025095e-35 1.0000000180025095e-35 1.0000000180025095e-35 9.9206023216247576 11.02532482147217 3.6783025264739995 1.0000000180025095e-35 1.0000000180025095e-35 1.0000000180025095e-35 1.0000000180025095e-35 1.0000000180025095e-35 1.0000000180025095e-35 1.0000000180025095e-35 1.0000000180025095e-35 1.0000000180025095e-35 5.4524297714233407 1.0000000180025095e-35 1.0000000180025095e-35 1.0000000180025095e-35 1.0000000180025095e-35 1.0000000180025095e-35 1.0000000180025095e-35 1.0000000180025095e-35 1.0000000180025095e-35 1.0000000180025095e-35 1.0000000180025095e-35 1.0000000180025095e-35 6.0766596794128427
decision_type=2 2 2 2 2 2 2 2 2 2 2 2 2 2 2 2 2 2 2 2 2 2 2 2 2 2 2 2 2 2
left_child=3 4 -3 16 5 7 -5 -2 -4 23 11 12 13 14 -9 19 17 -1 29 21 -21 22 28 24 -6 -26 27 -27 -10 -19
right_child=1 2 8 6 9 -7 -8 10 15 -11 -12 -13 -14 -15 -16 -17 -18 18 -20 20 -22 -23 -24 -25 25 26 -28 -29 -30 -31
leaf_value=-0.015417881647575472 -0.021882427187583105 0.13452872207327793 0.13996659615633106 -0.051006715146947601 0.027234435225781284 0.088039557573376614 -0.10439186161993895 0.04364010101046769 0.070291066528724452 -0.098268440241174745 0.018084673113279392 0.15684319809975431 -0.034584893095138416 -0.00074138027461214285 0.15276117094606012 0.10593561996469442 -0.022865489512635354 -0.12514605231898318 -0.10754240121970314 -0.10507673930690949 0.02187671546498577 -0.017595153414300072 0.13946914600732438 -0.048303132943689681 -0.055372093988344688 0.139841991368271 -0.066803110266423535 -0.044136617985161219 -0.044570804291549027 -0.043752311042565439
leaf_weight=35.711418777704239 27.270096480846405 88.844927236437798 4.4698339700698844 110.1341515481472 56.414289683103561 52.333551004528999 63.862893372774124 9.3464028686285037 5.6975533217191714 5.7397920191287986 66.454170539975166 7.0780585408210746 8.4367862045764905 8.7415343075990695 7.5177634954452506 4.4179206043481818 119.95593982934952 4.783594697713851 14.24835194647312 5.6914833188056955 10.445276811718941 7.3304164558649054 5.3451905995607367 10.494448155164717 16.81904137134552 5.3817979246377963 4.290534406900405 4.303059846162796 4.1264804005622864 89.70075099170208
leaf_count=215 151 360 20 736 287 215 516 44 28 31 321 32 42 41 35 21 740 30 98 28 51 36 26 56 92 27 22 22 20 563
internal_value=-0.000847138 0.0489478 0.0990648 -0.0493465 0.0254313 0.0404997 -0.0706009 0.0220494 0.0327662 -0.00183475 0.0331861 0.0575912 0.0369548 0.0605263 0.0922845 0.0216368 -0.0353593 -0.0457351 -0.0556922 0.0119975 -0.0229001 0.0370262 0.0634215 0.00383047 0.0101041 -0.0212781 0.0197531 0.0580988 0.0220446 -0.0478731
internal_weight=865.388 426.99 136.369 438.397 290.621 187.178 173.997 134.845 47.5242 103.443 107.575 41.1205 34.0425 25.6057 16.8642 43.0543 264.4 144.444 108.733 38.6364 16.1368 22.4996 15.1692 97.7032 87.2087 30.7944 13.9754 9.68486 9.82403 94.4843
internal_count=4906 2008 590 2898 1418 881 1252 666 230 537 515 194 162 120 79 210 1646 906 691 189 79 110 74 506 450 163 71 49 48 593
is_linear=0
shrinkage=0.1


Tree=7
num_leaves=31
num_cat=0
split_feature=6 0 10 10 0 10 0 60 113 44 0 0 176 25 73 151 141 0 86 1 13 0 0 0 95 11 8 12 7 82
split_gain=172.41 41.6595 27.6089 11.8925 11.4786 9.56953 13.1436 5.35757 4.8334 4.32546 3.87265 3.52723 3.41192 3.29191 5.49505 3.70754 3.65415 3.12555 2.84138 5.44999 5.20557 2.79296 8.62198 7.94792 4.29975 7.77438 3.88718 3.5296 2.79086 3.47658
threshold=1.0000000180025095e-35 13.096509456634523 1.0000000180025095e-35 1.0000000180025095e-35 12.992471218109133 1.0000000180025095e-35 9.9206023216247576 1.0000000180025095e-35 1.0000000180025095e-35 1.0000000180025095e-35 2.0465434789657597 3.3497605323791508 1.0000000180025095e-35 1.0000000180025095e-35 1.0000000180025095e-35 1.0000000180025095e-35 1.0000000180025095e-35 17.006159782409672 1.0000000180025095e-35 0.6562476158142091 1.0000000180025095e-35 7.0266940593719491 5.845311403274537 6.1615331172943124 1.0000000180025095e-35 1.0000000180025095e-35 1.0000000180025095e-35 1.0000000180025095e-35 1.0000000180025095e-35 1.0000000180025095e-35
decision_type=2 2 2 2 2 2 2 2 2 2 2 2 2 2 2 2 2 2 2 2 2 2 2 2 2 2 2 2 2 2
left_child=3 5 18 12 10 6 7 -2 -7 -4 -5 -9 13 14 -1 16 -15 -11 19 20 -3 22 26 -24 28 -26 -12 -25 -23 -30
right_child=1 2 9 4 -6 8 -8 11 -10 17 21 -13 -14 15 -16 -17 -18 -19 -20 -21 -22 24 23 27 25 -27 -28 -29 29 -31
leaf_value=-0.12095796046600225 -0.0031514456028423261 0.11505695152973397 0.12060300342581919 0.19710226202802944 -0.11280084158130739 0.0033859194750070613 0.078481458879955668 -0.053813676688621526 -0.093352010572162636 0.03327299402105495 -0.078126109739252464 0.042011544347542062 -0.11883553098388291 -0.027319906877119167 -0.0036098886447561425 -0.096915771686234414 0.076485406347552964 -0.031959892212245399 0.17230685606824084 0.13411671772248607 0.01784052755427162 -0.099081027500613345 0.18250601167519939 0.044851525271078392 -0.095923462933477976 0.094076967959873053 -0.022730545211908773 -0.090585688974587908 -0.073288071311214814 0.021751401433066822
leaf_weight=9.9832290261983889 58.480514153838158 13.66640493273735 4.6575328707694998 0.62198072671890159 40.971305675804615 97.767846018075943 52.808035224676132 4.0542477518320075 5.4529292434453955 34.033505722880363 30.657572999596596 73.120990082621574 4.5049774944782248 226.65193308889866 6.6475466042757025 7.564787045121192 3.4426576197147361 9.3664852529764158 10.460558637976645 53.889386683702469 9.2264667004346848 29.915492735803127 2.9538153558969489 4.8044397085905057 4.3962571248412114 4.2215138673782349 21.586656764149666 3.2096919268369675 17.559697285294536 4.9294829294085494
leaf_count=70 312 56 20 4 357 506 215 24 31 163 217 330 34 1426 43 52 21 47 43 224 37 226 20 33 34 32 137 22 134 36
internal_value=-0.00084616 0.044024 0.0898865 -0.0459659 -0.0668725 0.0227503 0.036155 0.0196781 -0.00172454 0.0290227 -0.0518012 0.0369776 -0.0325696 -0.0310413 -0.0740523 -0.0280315 -0.0257668 0.0191946 0.123413 0.116752 0.075876 -0.0530474 -0.0383156 0.042289 -0.0683078 -0.00284957 -0.0552374 -0.00939162 -0.0790722 -0.052456
internal_weight=851.608 426.985 135.3 424.623 165.828 291.685 188.464 135.656 103.221 48.0575 124.857 77.1752 258.795 254.29 16.6308 237.659 230.095 43.4 87.2428 76.7823 22.8929 124.235 63.2122 10.9679 61.0224 8.61777 52.2442 8.01413 52.4047 22.4892
internal_count=4906 2008 590 2898 1252 1418 881 666 537 230 895 354 1646 1612 113 1499 1447 210 360 317 93 891 429 75 462 66 354 55 396 170
is_linear=0
shrinkage=0.1


Tree=8
num_leaves=31
num_cat=0
split_feature=6 0 10 10 0 1 10 55 0 21 26 95 22 44 176 0 8 8 0 83 167 63 0 14 16 26 93 22 1 0
split_gain=142.634 34.8838 24.1057 10.8696 11.1938 7.98357 8.89929 3.55518 3.60581 3.51948 5.91172 3.56514 3.39346 3.36073 3.17297 3.1454 3.99678 3.07825 3.83074 4.22554 3.18438 3.713 3.83015 3.07341 3.13505 3.47486 2.9103 3.65622 4.54685 2.9008
threshold=1.0000000180025095e-35 13.096509456634523 1.0000000180025095e-35 1.0000000180025095e-35 12.992471218109133 -0.038862271234393113 1.0000000180025095e-35 1.0000000180025095e-35 12.057495117187502 1.0000000180025095e-35 1.0000000180025095e-35 1.0000000180025095e-35 1.0000000180025095e-35 1.0000000180025095e-35 1.0000000180025095e-35 2.6652977466583256 1.0000000180025095e-35 1.0000000180025095e-35 5.4524297714233407 1.0000000180025095e-35 1.0000000180025095e-35 1.0000000180025095e-35 17.166323661804203 1.0000000180025095e-35 1.0000000180025095e-35 1.0000000180025095e-35 1.0000000180025095e-35 1.0000000180025095e-35 -0.36938171088695521 6.0766596794128427
decision_type=2 2 2 2 2 2 2 2 2 2 2 2 2 2 2 2 2 2 2 2 2 2 2 2 2 2 2 2 2 2
left_child=3 5 -3 14 15 12 9 -8 -9 11 -11 23 -2 -4 17 16 -5 18 -1 29 21 22 26 -7 25 -25 27 -19 -29 -20
right_child=1 2 13 4 -6 6 7 8 -10 10 -12 -13 -14 -15 -16 -17 -18 20 19 -21 -22 -23 -24 24 -26 -27 -28 28 -30 -31
leaf_value=-0.0098637130607822088 0.012745590966277304 0.11419522393383399 0.10535729745326378 -0.047820674916800435 -0.11096010228648111 0.099507960875646576 0.061236703015769445 0.0078039687016266696 -0.068326106994203759 -0.062258740179583189 0.077295527586130383 0.020880924486547627 -0.026273281571378027 0.017128937622951371 -0.11673109972610179 -0.052581750344241618 0.10280533362624172 -0.022629457474531937 -0.12170961776670981 -0.10271650238873178 0.056760502806693439 -0.10446378997107227 -0.12251969126176523 0.080386932206955308 0.10933765663560871 -0.028715411218140127 0.058982872006359668 -0.038073144986984664 0.11582738302443574 -0.036757636734545671
leaf_weight=34.316070824861526 149.46980232000351 84.986080408096313 4.7904676198959342 4.1944433003664008 37.655849441885948 33.948033392429352 8.4695781469345075 24.671273306012154 8.3193386346101743 5.7101951837539655 6.4803890883922577 11.737940385937689 26.195434138178825 43.71425673365593 4.1459689363837233 113.34633385390043 3.0371923893690109 87.091780439019203 4.2210644409060469 12.599165908992289 5.6498452723026267 4.9938520789146414 3.279882386326789 5.1697279959917086 5.6376288682222357 6.705913782119751 5.3605416119098654 3.4008434563875198 4.4077412635087958 84.170884966850281
leaf_count=211 762 360 20 31 357 139 42 125 41 24 27 48 138 210 34 846 18 564 29 96 30 32 22 21 23 28 32 21 24 551
internal_value=-0.000836854 0.0397321 0.0820918 -0.042798 -0.0633656 0.020401 0.040657 0.00344318 -0.011394 0.0611225 0.0119269 0.0706119 0.00692704 0.0258426 -0.0299668 -0.0485021 0.0154403 -0.0285249 -0.0387289 -0.048537 -0.0164334 -0.0202436 -0.0161816 0.0819552 0.0479305 0.0187792 -0.0127029 -0.0167521 0.0487997 -0.0408144
internal_weight=837.878 426.006 133.491 411.871 158.234 292.515 116.85 41.4602 32.9906 75.3898 12.1906 63.1992 175.665 48.5047 253.638 120.578 7.23164 249.492 135.307 100.991 114.184 108.535 103.541 51.4613 17.5133 11.8756 100.261 94.9004 7.80858 88.3919
internal_count=4906 2008 590 2898 1252 1418 518 208 166 310 51 259 900 230 1646 895 49 1612 887 676 725 695 663 211 72 49 641 609 45 580
is_linear=0
shrinkage=0.1


Tree=9
num_leaves=31
num_cat=0
split_feature=6 0 10 10 0 141 176 0 113 95 16 5 8 0 1 15 13 95 156 0 102 12 14 16 54 55 10 9 56 26
split_gain=117.968 29.4931 27.9793 9.80487 10.9438 6.91114 5.18166 4.62086 4.68968 4.68024 4.38892 4.89458 4.87999 3.93472 3.87628 3.46914 3.44015 5.73852 3.1837 3.55831 4.80792 3.92429 4.91327 4.798 5.90092 4.50176 3.67498 3.61963 4.44025 3.42858
threshold=1.0000000180025095e-35 11.377138614654543 1.0000000180025095e-35 1.0000000180025095e-35 12.992471218109133 1.0000000180025095e-35 1.0000000180025095e-35 8.7460646629333514 1.0000000180025095e-35 1.0000000180025095e-35 1.0000000180025095e-35 1.0000000180025095e-35 1.0000000180025095e-35 9.8631072044372576 0.74416303634643566 1.0000000180025095e-35 1.0000000180025095e-35 1.0000000180025095e-35 1.0000000180025095e-35 3.7686516046524052 1.0000000180025095e-35 1.0000000180025095e-35 1.0000000180025095e-35 1.0000000180025095e-35 1.0000000180025095e-35 1.0000000180025095e-35 1.0000000180025095e-35 1.0000000180025095e-35 1.0000000180025095e-35 1.0000000180025095e-35
decision_type=2 2 2 2 2 2 2 2 2 2 2 2 2 2 2 2 2 2 2 2 2 2 2 2 2 2 2 2 2 2
left_child=3 5 14 -1 -5 6 7 16 9 10 12 15 13 -9 -3 -12 18 -18 19 27 21 22 23 29 -25 -24 -23 28 -2 -21
right_child=1 2 -4 4 -6 -7 -8 8 -10 -11 11 -13 -14 -15 -16 -17 17 -19 -20 20 -22 26 25 24 -26 -27 -28 -29 -30 -31
leaf_value=-0.027582249181142018 -0.057852781556991244 0.084891201991697113 0.016174204585528047 -0.045227387259227314 -0.10929268746613699 -0.094844440081221157 -0.069748124409757861 -0.053193560293036561 -0.054445894433964581 -0.013610323376827936 0.014954689216549881 0.15477096502261975 0.084399780336713512 0.043176779461809041 0.12476920772015576 0.12529567063581568 0.019809433361355579 0.13601495201999539 0.073987955954453691 0.020811467765164737 0.1055579459271552 -0.006722602063821019 -0.015451841691837562 0.11859027786067684 -0.037943742327102833 0.079449340011117156 -0.085203723580390758 -0.10312856136783269 0.061588790849544141 -0.084992751070179243
leaf_weight=248.70601686835289 8.2673202902078646 73.38505083322525 67.070705160498619 116.63707845658064 34.565653860569 5.7387044578790656 6.8184607625007621 7.352511033415797 4.7441986203193656 10.025462090969084 7.6681592017412186 8.5074480921030045 12.443986132740976 9.9974848330020887 36.498245000839233 4.5342054069042206 61.431386038661003 4.5653979480266562 5.322423741221427 4.42134666442871 4.413306549191474 18.527143150568008 7.3778243958950052 4.718453586101532 4.9187308549880981 15.499286204576492 8.8008443862199801 6.6860929876565924 4.9916031807661048 9.9669773280620575
leaf_count=1646 47 309 320 895 357 28 34 32 23 45 34 37 55 44 162 19 309 22 29 23 22 89 38 25 25 71 50 37 26 53
internal_value=-0.000813417 0.0358897 0.0670706 -0.0397912 -0.059873 0.0136179 0.0161899 0.0186814 0.0412965 0.0488007 0.0611899 0.0965483 0.0366122 0.00233735 0.0981369 0.0559557 0.00999342 0.0278481 -0.00134653 -0.00541354 0.00415382 -0.00187506 0.0156756 -0.0159072 0.0386967 0.0488439 -0.0319971 -0.043138 -0.0128865 -0.0524805
internal_weight=824.602 424.693 176.954 399.909 151.203 247.739 242 235.182 65.2735 60.5293 50.5038 20.7098 29.794 17.35 109.883 12.2024 169.908 65.9968 103.911 98.5889 78.6439 74.2306 46.9026 24.0255 9.63718 22.8771 27.328 19.945 13.2589 14.3883
internal_count=4906 2008 791 2898 1252 1217 1189 1155 289 266 221 90 131 76 471 53 866 331 535 506 396 374 235 126 50 109 139 110 73 76
is_linear=0
shrinkage=0.1


Tree=10
num_leaves=31
num_cat=0
split_feature=6 0 10 10 0 10 0 0 113 24 0 0 0 0 95 11 133 8 19 25 73 151 167 7 7 82 86 1 53 32
split_gain=97.3537 25.3878 18.3561 8.83472 10.6873 5.95449 6.84037 4.07246 3.81237 3.32156 3.68821 3.07643 7.32617 5.90937 4.14386 6.79044 3.61803 3.57637 3.05693 3.02408 5.32222 3.22706 3.36435 4.24992 2.87236 3.26228 2.81196 5.1428 5.25939 2.76332
threshold=1.0000000180025095e-35 13.096509456634523 1.0000000180025095e-35 1.0000000180025095e-35 12.992471218109133 1.0000000180025095e-35 9.9206023216247576 3.4811772108078007 1.0000000180025095e-35 1.0000000180025095e-35 17.498972892761234 7.0266940593719491 5.845311403274537 6.1615331172943124 1.0000000180025095e-35 1.0000000180025095e-35 1.0000000180025095e-35 1.0000000180025095e-35 1.0000000180025095e-35 1.0000000180025095e-35 1.0000000180025095e-35 1.0000000180025095e-35 1.0000000180025095e-35 1.0000000180025095e-35 1.0000000180025095e-35 1.0000000180025095e-35 1.0000000180025095e-35 0.6562476158142091 1.0000000180025095e-35 1.0000000180025095e-35
decision_type=2 2 2 2 2 2 2 2 2 2 2 2 2 2 2 2 2 2 2 2 2 2 2 2 2 2 2 2 2 2
left_child=3 5 26 18 11 6 7 -2 -7 -4 -11 12 17 -14 24 -16 -15 -5 19 20 -1 22 29 -24 -13 -26 27 28 -3 -21
right_child=1 2 9 4 -6 8 -8 -9 -10 10 -12 14 13 16 15 -17 -18 -19 -20 21 -22 -23 23 -25 25 -27 -28 -29 -30 -31
leaf_value=-0.11739369610199335 -0.022466657144011706 -0.039177185710328459 -0.044546551562175185 -0.066376923499271226 -0.10776914351526366 0.0012655406052088131 0.057262319364873339 0.022866039309870492 -0.087395313800712096 0.041914121397015947 -0.05215992857860724 -0.092694530075202064 0.16485049237873994 0.071964638353658669 -0.089302457708863969 0.09468999680765329 -0.06725005282447076 -0.011309187426240338 -0.09772946919522367 -0.015290785547244168 0.0026556678134520995 -0.089875142921942625 -0.02470773142382637 0.10345206584607708 -0.064495716300422654 0.030702585202745387 0.14990549320980734 0.11009553647626305 0.07824575311665849 -0.043469319534891415
leaf_weight=8.7621446251869184 24.031229421496391 4.933304131031039 6.6269579678773871 27.498557895421982 31.695880651473999 98.516016349196434 52.861052706837654 112.99815960228443 5.1009968519210807 37.875617951154709 4.6827540248632422 26.038807779550552 3.1142940670251829 3.6562308520078659 3.8305671289563161 4.2108012735843658 3.8143969774246216 20.650089219212532 5.6882450431585303 162.44252963364124 6.3832843676209441 6.532521314918994 5.3686873465776426 4.994736835360527 15.562746353447439 4.6828085705637923 9.5351986438035947 48.712221786379814 16.818455636501312 44.289760023355484
leaf_count=70 136 21 32 219 357 506 215 530 31 174 24 226 20 27 34 32 28 139 50 1078 43 50 29 27 134 36 43 224 72 299
internal_value=-0.000786396 0.0324418 0.0693825 -0.0368724 -0.0564513 0.0161827 0.0267042 0.0149159 -0.00309917 0.0213084 0.031563 -0.0420645 -0.0261999 0.0491259 -0.0592163 0.00704379 0.000883585 -0.0427594 -0.025279 -0.023553 -0.066797 -0.0206242 -0.0185404 0.0370599 -0.0707282 -0.0424763 0.0989395 0.0920427 0.0516142 -0.0213277
internal_weight=811.909 422.692 129.185 389.217 144.755 293.507 189.89 137.029 103.617 49.1853 42.5584 113.059 58.7336 10.5849 54.3257 8.04137 7.47063 48.1486 244.462 238.774 15.1454 223.628 217.096 10.3634 46.2844 20.2456 79.9992 70.464 21.7518 206.732
internal_count=4906 2008 590 2898 1252 1418 881 666 537 230 198 895 433 75 462 66 55 358 1646 1596 113 1483 1433 56 396 170 360 317 93 1377
is_linear=0
shrinkage=0.1


Tree=11
num_leaves=31
num_cat=0
split_feature=6 0 10 10 0 10 1 14 0 0 56 15 113 44 0 8 55 135 176 0 55 133 61 67 8 0 83 0 9 54
split_gain=80.5935 21.4641 16.2931 7.96498 10.3481 4.80434 5.63372 3.73233 3.46744 6.95455 3.66125 3.3763 3.27435 2.91044 2.87458 2.97507 2.86083 3.76011 2.85079 2.82183 2.72698 6.49558 4.83031 5.07096 2.71392 3.23975 4.04661 2.83645 2.76433 3.45898
threshold=1.0000000180025095e-35 13.096509456634523 1.0000000180025095e-35 1.0000000180025095e-35 12.992471218109133 1.0000000180025095e-35 -0.038862271234393113 1.0000000180025095e-35 5.5947980880737314 6.3449692726135263 1.0000000180025095e-35 1.0000000180025095e-35 1.0000000180025095e-35 1.0000000180025095e-35 2.6652977466583256 1.0000000180025095e-35 1.0000000180025095e-35 1.0000000180025095e-35 1.0000000180025095e-35 4.3846678733825692 1.0000000180025095e-35 1.0000000180025095e-35 1.0000000180025095e-35 1.0000000180025095e-35 1.0000000180025095e-35 5.4524297714233407 1.0000000180025095e-35 6.0766596794128427 1.0000000180025095e-35 1.0000000180025095e-35
decision_type=2 2 2 2 2 2 2 2 2 2 2 2 2 2 2 2 2 2 2 2 2 2 2 2 2 2 2 2 2 2
left_child=3 5 -3 18 14 6 7 8 20 -10 -11 -12 -7 -4 15 -5 17 19 24 -9 21 -2 -22 -24 25 28 27 -27 -1 -30
right_child=1 2 13 4 -6 12 -8 16 9 10 11 -13 -14 -15 -16 -17 -18 -19 -20 -21 22 -23 23 -25 -26 26 -28 -29 29 -31
leaf_value=-0.033909649218828955 0.057662505544198064 0.092512356536693804 0.092304603087769319 -0.036569302467248731 -0.10636442228058603 0.0011382938588396336 0.045226606957070425 -0.082554679705796122 0.10202215079968163 -0.061188455929504837 0.082696043901319294 -0.027237518951406504 -0.083085845011358031 0.010995663723669854 -0.043414494496305828 0.095610926477343455 0.050999989468403041 0.049875141456238579 -0.11318143605487002 0.018096660381966639 -0.098719289198679408 -0.061309288257198273 -0.089125732478181563 0.056660504344556523 -0.010310461156282209 -0.11841108797155014 -0.097829942737915399 -0.02963803151558372 0.053638321259819356 -0.045552549430699883
leaf_weight=16.544691763818264 9.9819968342781067 77.175180748105049 4.8840805143117896 3.7533627077937117 29.039082214236259 98.572803556919098 75.338224947452545 6.1063123345375061 7.7349895387887981 8.1428137272596359 5.5113387405872345 5.6656084209680557 4.8426162004470816 44.630772918462753 102.77719139307737 3.1168256103992462 28.996969670057297 9.0903871953487396 3.4694664627313605 5.1217391788959503 10.173008039593697 8.4943055212497711 3.9392189532518387 6.0508319735527039 109.31785100698471 3.7700846269726744 11.143415741622446 79.435189679265022 11.671532213687899 5.0310810282826415
leaf_count=106 55 360 20 31 357 506 310 34 38 43 25 26 31 210 846 18 127 47 34 26 53 47 20 30 725 29 96 551 73 32
internal_value=-0.000764236 0.0293821 0.0637874 -0.0342017 -0.0532857 0.0145443 0.0239705 0.0100465 -0.00556161 0.0218942 -0.0101863 0.0269706 -0.00280566 0.0190159 -0.0392283 0.0233974 0.0308385 0.00206542 -0.0231915 -0.036642 -0.0247858 0.00296635 -0.0502163 -0.000825079 -0.0218736 -0.0317803 -0.0412394 -0.0336604 -0.0049376 0.0237605
internal_weight=799.523 420.453 126.69 379.07 138.686 293.763 190.348 115.01 65.6941 27.0548 19.3198 11.1769 103.415 49.5149 109.647 6.87019 49.3154 20.3184 240.383 11.2281 38.6394 18.4763 20.1631 9.99005 236.914 127.596 94.3487 83.2053 33.2473 16.7026
internal_count=4906 2008 590 2898 1252 1418 881 571 337 132 94 51 537 230 895 49 234 107 1646 60 205 102 103 50 1612 887 676 580 211 105
is_linear=0
shrinkage=0.1


Tree=12
num_leaves=31
num_cat=0
split_feature=6 0 10 10 0 141 22 133 19 12 113 140 8 0 151 0 5 26 1 7 5 97 51 0 15 16 57 7 8 11
split_gain=66.5627 18.1842 16.5891 7.09406 10.0326 5.2184 4.47803 3.85056 4.85675 3.84659 3.81455 3.96409 4.02417 3.83326 4.26455 4.4979 3.25691 5.54045 5.20941 3.14029 3.01262 2.91943 3.67429 3.42102 3.70936 3.86536 4.50632 4.32762 3.70263 2.89294
threshold=1.0000000180025095e-35 12.746064186096193 1.0000000180025095e-35 1.0000000180025095e-35 12.992471218109133 1.0000000180025095e-35 1.0000000180025095e-35 1.0000000180025095e-35 1.0000000180025095e-35 1.0000000180025095e-35 1.0000000180025095e-35 1.0000000180025095e-35 1.0000000180025095e-35 8.7460646629333514 1.0000000180025095e-35 9.0047912597656268 1.0000000180025095e-35 1.0000000180025095e-35 0.90113317966461193 1.0000000180025095e-35 1.0000000180025095e-35 1.0000000180025095e-35 1.0000000180025095e-35 11.934291839599611 1.0000000180025095e-35 1.0000000180025095e-35 1.0000000180025095e-35 1.0000000180025095e-35 1.0000000180025095e-35 1.0000000180025095e-35
decision_type=2 2 2 2 2 2 2 2 2 2 2 2 2 2 2 2 2 2 2 2 2 2 2 2 2 2 2 2 2 2
left_child=3 5 -3 -1 -5 6 10 8 -8 16 11 13 -13 -2 15 -15 18 -18 29 -12 -11 22 23 24 25 26 -17 -27 -28 -4
right_child=1 2 9 4 -6 -7 7 -9 -10 20 19 12 -14 14 -16 21 17 -19 -20 -21 -22 -23 -24 -25 -26 27 28 -29 -30 -31
leaf_value=-0.021248162565036345 0.014992791043027566 0.086581172037898696 0.1112659136605697 -0.036391872373128513 -0.10505702829440743 -0.079835106830567659 0.026641954917695495 -0.073573909359083353 -0.086011662652679066 -0.050858981834816019 0.0017566417406502577 -0.066692977678725493 0.034509566490651719 0.13273795965347573 0.13433993718899503 0.070022140392201629 -0.078568615086728244 0.057026114489851343 -0.044801269956747575 -0.10343034535959816 0.033639945084948629 -0.014439164655603763 0.10069866183223104 -0.037551232102467635 0.075192763218911898 0.10806512397318718 -0.098010899970076948 -0.012155739696853796 0.013904654774609919 0.031404260885163564
leaf_weight=236.68633854389191 135.60232704877853 78.481887057423592 11.108333244919782 106.58734707534313 26.586010225117207 6.0035515129566184 17.482968583703045 9.6544011980295164 4.8994555473327628 12.369139552116396 8.1508967280387861 9.7114341706037539 6.5989295691251746 4.5904796868562689 4.7435181438922873 4.5534086376428613 5.788365960121153 6.2858029007911682 4.178578093647956 4.3544834777712813 6.4037351310253134 11.989749342203138 8.4617817550897581 6.6128097027540198 17.810169398784637 7.3806467503309268 6.477213516831398 5.0382196605205536 5.4380984455347061 7.6662724763154975
leaf_count=1646 681 377 51 895 357 30 89 52 24 58 43 46 30 20 20 20 27 29 21 24 29 54 37 29 76 32 28 22 24 35
internal_value=-0.000739295 0.0266103 0.0572609 -0.0316366 -0.0500998 0.0124116 0.0143926 -0.0207868 0.00198237 0.0144895 0.018946 0.0218097 -0.0257479 0.0253566 0.0422689 0.0366949 0.0340647 -0.0079781 0.0561807 -0.0348704 -0.022035 0.0307178 0.0394826 0.029766 0.0392987 0.0171688 -0.0145964 0.0592926 -0.0469331 0.0786558
internal_weight=787.696 417.837 132.282 369.86 133.173 285.555 279.551 32.0368 22.3824 53.8002 247.514 235.009 16.3104 218.698 83.0961 78.3526 35.0274 12.0742 22.9532 12.5054 18.7729 73.7621 61.7723 53.3106 46.6978 28.8876 16.4687 12.4189 11.9153 18.7746
internal_count=4906 2008 627 2898 1252 1381 1351 165 113 250 1186 1119 76 1043 362 342 163 56 107 67 87 322 268 231 202 126 72 54 52 86
is_linear=0
shrinkage=0.1


Tree=13
num_leaves=31
num_cat=0
split_feature=6 0 10 1 10 1 12 73 26 70 0 12 8 42 167 132 22 140 26 10 0 32 49 86 1 14 69 55 12 86
split_gain=54.8493 15.354 12.6658 6.5845 9.80525 7.87359 12.909 5.0964 5.7875 6.06191 13.755 4.55593 4.08057 4.00317 3.91524 5.19776 5.62873 4.89559 4.36091 3.73459 4.41826 4.12473 4.98649 5.26143 3.53849 3.49423 3.46228 4.37702 5.63379 4.5582
threshold=1.0000000180025095e-35 13.096509456634523 1.0000000180025095e-35 0.1512662544846535 1.0000000180025095e-35 0.1041143834590912 1.0000000180025095e-35 1.0000000180025095e-35 1.0000000180025095e-35 1.0000000180025095e-35 13.661875724792482 1.0000000180025095e-35 1.0000000180025095e-35 1.0000000180025095e-35 1.0000000180025095e-35 1.0000000180025095e-35 1.0000000180025095e-35 1.0000000180025095e-35 1.0000000180025095e-35 1.0000000180025095e-35 10.788501262664797 1.0000000180025095e-35 1.0000000180025095e-35 1.0000000180025095e-35 0.74416303634643566 1.0000000180025095e-35 1.0000000180025095e-35 1.0000000180025095e-35 1.0000000180025095e-35 1.0000000180025095e-35
decision_type=2 2 2 2 2 2 2 2 2 2 2 2 2 2 2 2 2 2 2 2 2 2 2 2 2 2 2 2 2 2
left_child=3 19 -3 5 7 12 25 26 9 -9 -11 -10 -1 -13 15 17 -17 18 -14 20 -2 22 23 -22 -12 -7 -5 28 -28 -29
right_child=1 2 -4 4 -6 6 -8 8 11 10 24 13 14 -15 -16 16 -18 -19 -20 -21 21 -23 -24 -25 -26 -27 27 29 -30 -31
leaf_value=-0.034401716704406358 0.012635274695533667 0.080848672160334811 0.01527628291986303 -0.072321355020390374 -0.084819686521584892 -0.086618379487928596 0.24070965500718816 -0.03595027961255922 -0.080674738790852005 0.19691601449321966 -0.045043129874961146 0.077266116092972403 -0.070706760462944371 -0.064380818036010687 0.079217800411395478 0.0097700943808344647 0.15342010991812882 0.092530749855596159 -0.013198553309646879 -0.0035721807429478602 0.11545803242850156 0.013346446216630581 0.1545289572424523 -0.0080599870955816045 0.072757667450143046 0.069803324591449376 -0.034690053899924321 -0.081366083723747026 0.10593911225450477 0.061201240224032311
leaf_weight=115.22770766913891 153.91216431558132 71.797959640622139 49.950922921299934 29.530657954514027 44.240703627467155 3.0644880980253202 3.0559322610497475 9.3374204188585299 12.607998125255108 5.3184977769851711 6.6175495535135251 4.5683344006538391 19.990850374102592 3.5423142313957214 5.0883644074201575 19.725718483328823 3.1654376611113539 3.292782597243785 38.738257147371769 103.54235546290874 6.2940073758363742 15.921819746494291 6.3817778229713431 7.6282834261655807 4.1483406871557236 2.6744121238589287 6.9246346205472946 13.251784861087797 4.8397315368056297 2.699434459209443
leaf_count=886 731 360 230 221 571 23 23 66 91 36 47 34 144 25 29 136 19 24 269 537 26 65 27 32 30 22 49 101 34 18
internal_value=-0.000701154 0.0240873 0.0539457 -0.0291757 -0.0454223 -0.0179692 0.0746841 -0.0285636 -0.00383316 0.0281397 0.0653457 -0.0430639 -0.0219397 0.015402 -0.0059848 -0.0110905 0.0296343 -0.0261213 -0.0327738 0.0117091 0.0200307 0.0514516 0.0813324 0.0477802 0.000348178 -0.0137236 -0.0484963 -0.023111 0.0231632 -0.0572393
internal_weight=777.081 415.429 121.749 361.651 147.627 214.024 8.79483 103.387 46.1405 25.4218 16.0844 20.7186 205.229 8.11065 90.0014 84.913 22.8912 62.0219 58.7291 293.68 190.138 36.2259 20.3041 13.9223 10.7659 5.7389 57.2462 27.7156 11.7644 15.9512
internal_count=4906 2008 590 2898 1323 1575 68 752 329 179 113 150 1507 59 621 592 155 437 413 1418 881 150 85 58 77 45 423 202 83 119
is_linear=0
shrinkage=0.1


Tree=14
num_leaves=31
num_cat=0
split_feature=6 0 10 1 10 1 12 69 86 0 141 0 22 8 96 104 0 0 133 19 87 11 113 140 81 12 0 132 167 139
split_gain=45.4159 12.9497 12.856 5.79751 9.12374 6.12131 8.46807 4.41851 4.6832 6.13722 4.27953 3.60531 3.58485 3.43397 3.50834 3.43307 3.32636 8.0312 3.24036 3.9742 3.18448 6.12827 3.1574 3.19833 3.6141 3.07489 3.02196 2.89811 7.03137 4.70942
threshold=1.0000000180025095e-35 12.746064186096193 1.0000000180025095e-35 0.1512662544846535 1.0000000180025095e-35 0.1041143834590912 1.0000000180025095e-35 1.0000000180025095e-35 1.0000000180025095e-35 12.643394947052004 1.0000000180025095e-35 15.798768043518068 1.0000000180025095e-35 1.0000000180025095e-35 1.0000000180025095e-35 1.0000000180025095e-35 12.262833595275881 11.934291839599611 1.0000000180025095e-35 1.0000000180025095e-35 1.0000000180025095e-35 1.0000000180025095e-35 1.0000000180025095e-35 1.0000000180025095e-35 1.0000000180025095e-35 1.0000000180025095e-35 9.5071868896484393 1.0000000180025095e-35 1.0000000180025095e-35 1.0000000180025095e-35
decision_type=2 2 2 2 2 2 2 2 2 2 2 2 2 2 2 2 2 2 2 2 2 2 2 2 2 2 2 2 2 2
left_child=3 10 -3 5 7 13 -7 11 -9 -10 12 16 22 -1 27 20 17 -5 19 -14 -6 -22 23 26 -25 -4 -2 28 29 -15
right_child=1 2 25 4 15 6 -8 8 9 -11 -12 -13 18 14 -16 -17 -18 -19 -20 -21 21 -23 -24 24 -26 -27 -28 -29 -30 -31
leaf_value=-0.031738046085490669 0.013698714830712812 0.075744959374062962 0.028747245311737085 -0.059918852988617648 -0.09762026118837476 -0.012663516101040679 0.1838010527288933 -0.022437583503771105 0.17420211751576042 0.0085860320757423295 -0.074818196012516214 0.01032037176429005 0.0225117012009231 -0.030194606851490127 -0.065578933121088936 0.049173761537813838 -0.091491396141881454 0.090124691255371189 -0.069324605442172213 -0.080557942186093967 -0.10886381043314924 0.15513521856690204 -0.033520351223758627 -0.067605986240779528 0.02735961759555592 -0.021352320251929291 0.039047068572283655 0.031621979366536192 0.11996189927621455 0.064127774425042472
leaf_weight=112.55373151600361 151.60103960335255 73.043183833360672 35.532945841550827 21.928544782102112 35.712812729179859 5.6951488479971868 3.5685935616493225 36.080712534487247 2.9764628037810317 9.0127068459987623 5.8255111128091803 9.30146875977516 17.721529796719555 48.593651235103607 8.7667712569236738 1.8969501703977574 17.847061671316624 4.2604397758841506 9.3422932028770465 4.7420472204685202 2.1167600080370894 1.504078343510628 12.321987159550188 8.8328778147697466 7.3355444222688666 18.696884512901306 68.184648528695107 22.380265384912491 3.8469999879598609 5.9405645281076422
leaf_count=886 746 377 163 167 498 45 23 271 18 59 30 72 89 349 61 26 134 31 52 24 29 18 67 42 34 87 297 148 21 42
internal_value=-0.000694889 0.0218258 0.0483599 -0.0269817 -0.0425596 -0.0164681 0.0630189 -0.0264329 -0.00444508 0.0497023 0.010014 -0.0462493 0.0117785 -0.0201119 -0.00549575 -0.0822233 -0.0581981 -0.0355097 -0.0198303 0.000753763 -0.0885602 0.000800081 0.0158278 0.0184048 -0.0245205 0.0114744 0.0215626 0.00102636 -0.0107024 -0.0199198
internal_weight=767.164 413.18 127.273 353.984 142.638 211.346 9.26374 101.407 48.0699 11.9892 285.907 53.3375 280.082 202.082 89.5283 41.2306 44.036 26.189 31.8059 22.4636 39.3337 3.62084 248.276 235.954 16.1684 54.2298 219.786 80.7615 58.3812 54.5342
internal_count=4906 2008 627 2898 1323 1575 68 752 348 77 1381 404 1351 1507 621 571 332 198 165 113 545 47 1186 1119 76 250 1043 560 412 391
is_linear=0
shrinkage=0.1


Tree=15
num_leaves=31
num_cat=0
split_feature=6 0 10 10 0 86 1 13 10 0 102 113 176 24 0 13 15 26 0 0 0 39 7 81 95 11 8 67 25 73
split_gain=37.5212 11.0073 9.74352 5.33017 9.20291 3.13832 5.94962 5.44256 2.99048 3.83421 3.04155 3.53694 2.7712 2.72575 3.60032 2.73508 2.87684 3.62772 2.74227 3.59059 2.62253 6.57254 9.41401 5.43667 3.82934 6.02356 3.41014 5.12426 2.59913 4.91464
threshold=1.0000000180025095e-35 13.096509456634523 1.0000000180025095e-35 1.0000000180025095e-35 13.419575691223146 1.0000000180025095e-35 0.6562476158142091 1.0000000180025095e-35 1.0000000180025095e-35 3.6783025264739995 1.0000000180025095e-35 1.0000000180025095e-35 1.0000000180025095e-35 1.0000000180025095e-35 13.726214885711672 1.0000000180025095e-35 1.0000000180025095e-35 1.0000000180025095e-35 16.56947231292725 14.917180061340334 7.0266940593719491 1.0000000180025095e-35 1.0000000180025095e-35 1.0000000180025095e-35 1.0000000180025095e-35 1.0000000180025095e-35 1.0000000180025095e-35 1.0000000180025095e-35 1.0000000180025095e-35 1.0000000180025095e-35
decision_type=2 2 2 2 2 2 2 2 2 2 2 2 2 2 2 2 2 2 2 2 2 2 2 2 2 2 2 2 2 2
left_child=3 8 5 12 20 6 7 -3 9 -2 11 -10 28 -4 -15 16 17 -16 19 -17 21 26 23 -23 -22 -26 -5 -28 29 -1
right_child=1 2 13 4 -6 -7 -8 -9 10 -11 -12 -13 -14 14 15 18 -18 -19 -20 -21 24 22 -24 -25 25 -27 27 -29 -30 -31
leaf_value=-0.1134482010673124 -0.018362287837939428 0.063319897760857308 -0.047219645443453195 -0.056268108092648206 -0.1066950138653092 0.13072983073239411 0.084939563698959927 -0.044366655293676227 -0.003956656436375796 0.022600385613548209 0.074496219976321096 -0.097295779311999397 -0.11114876750460534 0.11043301327503859 0.014267177492677436 -0.065295956954640522 -0.0091627215742514489 0.1165014504629252 -0.090583345470995877 0.045198010835601592 -0.059046578033672241 0.24212739272791542 -0.064428014785471485 0.047614324389562437 -0.081677247052772642 0.098934533795743032 -0.094814687638536885 0.027192168545729339 -0.011883100976810713 0.0085088419414881024
leaf_weight=7.1970880404114705 26.560095690190792 10.94039486348629 6.6374106705188742 24.164194688200951 18.552531465888023 7.7163330614566794 39.829919293522835 8.2193387597799301 94.788849592208862 163.61648267507553 4.685826063156127 4.2414173334836951 3.0125397220253936 4.1275759786367408 7.2484332025051117 4.6685451865196246 9.072054460644722 6.6600184738636017 4.0144101232290259 7.9474681615829468 40.80244330316782 2.7553950846195203 3.6595117300748825 3.0029677376151085 3.31981436908245 4.1609672755002975 4.4413257241249093 15.30553163588047 210.36954165250063 6.1090370565652847
leaf_count=70 151 56 32 223 316 43 224 37 483 730 24 30 34 18 33 21 41 30 20 35 430 20 28 23 38 35 36 103 1499 43
internal_value=-0.000682036 0.0197597 0.0456885 -0.0249028 -0.0419293 0.0707578 0.062913 0.0171234 0.00943014 0.0168795 -0.00422926 -0.00795432 -0.0158773 0.0124927 0.0215542 0.0122927 0.0346464 0.0632217 -0.0185964 0.00430981 -0.0301042 -0.0148178 0.0609868 0.140689 -0.0469881 0.0187828 -0.0310761 -0.000248764 -0.0145942 -0.0574559
internal_weight=757.827 410.975 117.082 346.853 120.165 66.706 58.9897 19.1597 293.893 190.177 103.716 99.0303 226.688 50.3759 43.7385 39.6109 22.9805 13.9085 16.6304 12.616 101.612 53.3289 9.41787 5.75836 48.2832 7.48078 43.9111 19.7469 223.676 13.3061
internal_count=4906 2008 590 2898 1252 360 317 93 1418 881 537 513 1646 230 198 180 104 63 76 56 936 433 71 43 503 73 362 139 1612 113
is_linear=0
shrinkage=0.1


Tree=16
num_leaves=31
num_cat=0
split_feature=6 0 10 10 0 147 139 82 15 1 151 19 1 86 13 1 0 155 87 15 95 91 167 237 7 21 10 8 13 0
split_gain=30.9739 9.32131 10.0014 4.71281 8.79913 3.65989 3.08964 5.87084 4.86045 3.73215 4.13292 2.5727 2.53399 4.29726 2.67024 3.66817 3.36527 2.47196 2.41438 2.31917 6.77105 3.18953 3.44799 3.08985 3.25201 4.77289 6.46491 4.43077 4.42353 3.99421
threshold=1.0000000180025095e-35 12.746064186096193 1.0000000180025095e-35 1.0000000180025095e-35 13.419575691223146 1.0000000180025095e-35 1.0000000180025095e-35 1.0000000180025095e-35 1.0000000180025095e-35 0.074758537113666548 1.0000000180025095e-35 1.0000000180025095e-35 0.74416303634643566 1.0000000180025095e-35 1.0000000180025095e-35 0.69503384828567516 14.29021215438843 1.0000000180025095e-35 1.0000000180025095e-35 1.0000000180025095e-35 1.0000000180025095e-35 1.0000000180025095e-35 1.0000000180025095e-35 1.0000000180025095e-35 1.0000000180025095e-35 1.0000000180025095e-35 1.0000000180025095e-35 1.0000000180025095e-35 1.0000000180025095e-35 7.1540040969848642
decision_type=2 2 2 2 2 2 2 2 2 2 2 2 2 2 2 2 2 2 2 2 2 2 2 2 2 2 2 2 2 2
left_child=3 5 12 11 17 6 9 8 -8 19 18 -1 13 14 15 -3 -16 -5 -11 21 -21 22 23 24 25 26 -2 -26 -28 -29
right_child=1 2 -4 4 -6 -7 7 -9 -10 10 -12 -13 -14 -15 16 -17 -18 -19 -20 20 -22 -23 -24 -25 27 -27 28 29 -30 -31
leaf_value=-0.012941887981487134 0.036858011577274093 0.078367148857381677 0.0091001442128634518 -0.03120582524593124 -0.1060176394144202 -0.07226295403163617 -0.078884951341746362 0.075544899969403528 0.010035117456936828 0.020895950120041529 0.12201801597349687 -0.089453074535325569 0.090276479645925514 0.10602413387743588 -0.067859037923951301 -0.033292022010492438 0.03970837115807032 0.048236975952879318 0.095512120249620414 -0.017813452288473586 0.11784406298304129 -0.072874021407221864 0.093215586911732151 -0.069470366924870533 0.06437975708244717 -0.078985275300939295 -0.067435217272373435 -0.052740416394855133 0.027596551381921009 0.065657315047926823
leaf_weight=219.75379221886396 37.837746232748032 14.550926223397257 54.48883044719696 95.129955887794495 16.888800129294395 5.5667166858911505 14.299094513058666 5.2594484090805045 10.78266616165638 59.905251190066338 4.8494368642568579 4.4844929203391066 27.167751252651215 10.47688342630863 4.9759305864572543 3.6877660006284705 6.9998026639223099 4.0850088745355597 4.6749143600463858 60.351934507489204 3.9182000756263724 4.0678140521049491 5.6752424836158744 4.3347975462675086 25.045061841607094 6.3674899190664283 13.251272648572924 7.7194726690649969 7.7703284770250312 4.5163789391517639
leaf_count=1596 176 78 250 905 316 29 70 24 49 263 21 50 162 58 22 21 36 31 21 319 18 20 27 23 120 32 70 39 39 21
internal_value=-0.000657574 0.0179047 0.0410068 -0.0229394 -0.039293 0.00802852 0.00962124 -0.0205151 -0.0406582 0.0132746 0.0329831 -0.014472 0.0666269 0.0508372 0.0317011 0.0557903 -0.00498601 -0.0279349 0.0262974 0.00570854 -0.00954315 0.0141163 0.0172613 0.0132267 0.0167238 0.00325814 0.0121553 0.0402834 -0.0323081 -0.00903859
internal_weight=748.883 408.541 122.348 340.342 116.104 286.193 280.627 30.3412 25.0818 250.285 69.4296 224.238 67.8591 40.6913 30.2144 18.2387 11.9757 99.215 64.5802 180.856 64.2701 116.586 112.518 106.843 102.508 65.2268 58.8593 37.2809 21.0216 12.2359
internal_count=4906 2008 627 2898 1252 1381 1352 143 119 1209 305 1646 377 215 157 99 58 936 284 904 337 567 547 520 497 317 285 180 109 60
is_linear=0
shrinkage=0.1


Tree=17
num_leaves=31
num_cat=0
split_feature=6 1 10 1 10 1 12 73 17 229 140 26 70 0 71 11 1 1 52 61 0 5 104 24 0 0 87 39 14 17
split_gain=25.4741 8.14825 6.73798 4.52693 7.26252 5.12158 5.95251 4.20699 4.67764 3.96012 3.62546 4.60506 6.82522 5.88613 4.45843 7.94421 4.40067 3.58117 5.69966 4.36811 4.52592 3.93852 3.49907 3.33089 3.91007 3.32752 3.19515 5.71323 3.10725 2.80565
threshold=1.0000000180025095e-35 0.6562476158142091 1.0000000180025095e-35 0.1512662544846535 1.0000000180025095e-35 0.1041143834590912 1.0000000180025095e-35 1.0000000180025095e-35 1.0000000180025095e-35 1.0000000180025095e-35 1.0000000180025095e-35 1.0000000180025095e-35 1.0000000180025095e-35 13.661875724792482 1.0000000180025095e-35 1.0000000180025095e-35 0.74416303634643566 0.63586583733558666 1.0000000180025095e-35 1.0000000180025095e-35 12.643394947052004 1.0000000180025095e-35 1.0000000180025095e-35 1.0000000180025095e-35 11.934291839599611 12.746064186096193 1.0000000180025095e-35 1.0000000180025095e-35 1.0000000180025095e-35 1.0000000180025095e-35
decision_type=2 2 2 2 2 2 2 2 2 2 2 2 2 2 2 2 2 2 2 2 2 2 2 2 2 2 2 2 2 2
left_child=3 9 -3 5 7 29 28 23 -9 17 11 12 -10 -14 15 -13 -15 18 -2 20 -20 -22 26 -5 -25 -21 -6 -28 -7 -1
right_child=1 2 -4 4 22 6 -8 8 10 -11 -12 14 13 16 -16 -17 -18 -19 19 25 21 -23 -24 24 -26 -27 27 -29 -30 -31
leaf_value=-0.11670256720922617 0.0068440643541330436 0.076802086255874022 0.014479399469703237 -0.11211294971973358 -0.093387350805361993 -0.080840702668493386 0.15543026331451965 0.1256276999617332 -0.040138187691236386 -0.081088410159528237 -0.082993676612186096 0.14607825464069377 0.16888731919206773 -0.034002478694444088 -0.077600823545338871 -0.084561924159143737 0.115314930622426 -0.073797564923492126 0.15329159885604227 -0.050507261002883247 0.082424191607027616 -0.0096788377726120568 0.062193221505132894 -0.087314807557343554 -0.016834340043417256 0.035595553266277877 -0.10824291824951787 0.1543277366359691 0.070405480669893744 -0.013746759370681774
leaf_weight=2.684008613228797 278.20442063361406 36.734122723340988 32.870397493243217 5.8106327131390563 28.981929633766413 2.7734558656811696 3.8761685490608215 2.8231426104903212 7.5022750198841104 4.7285882756113997 5.5037467405199996 3.015876151621339 4.7086005359888086 4.7273644581437093 9.8619954958558083 2.9583381041884422 3.3885809034109116 4.8978987932205191 5.4172781556844738 6.2131794244051006 13.404191657900812 7.1032302528619757 1.7572573386132706 10.002492286264895 36.94311711192131 16.167907044291496 1.8436252251267424 1.5052947998046875 2.6621618419885635 191.27000986039639
leaf_count=23 1347 226 151 62 498 23 23 20 56 26 42 23 28 36 77 23 24 24 24 29 66 35 26 82 279 80 29 18 22 1484
internal_value=-0.000616556 0.0162285 0.0473705 -0.0210431 -0.0355135 -0.0116934 0.0607506 -0.021591 0.0010584 0.00977983 -0.00738183 0.00412574 0.0356232 0.0799432 -0.0363034 0.0318688 0.0283407 0.0110764 0.0123495 0.0440568 0.071997 0.0505221 -0.0752317 -0.0406914 -0.0318513 0.0116927 -0.0827011 0.00977908 -0.00676599 -0.0151715
internal_weight=740.341 405.741 69.6045 334.6 131.334 203.266 9.31179 97.2462 44.4899 336.137 41.6668 36.163 20.3268 12.8245 15.8362 5.97421 8.11595 331.408 326.51 48.3058 25.9247 20.5074 34.0881 52.7562 46.9456 22.3811 32.3308 3.34892 5.43562 193.954
internal_count=4906 2008 377 2898 1323 1575 68 752 329 1631 309 267 144 88 123 46 60 1605 1581 234 125 101 571 423 361 109 545 47 45 1507
is_linear=0
shrinkage=0.1


Tree=18
num_leaves=31
num_cat=0
split_feature=6 1 10 1 10 1 81 12 14 143 10 52 105 24 69 16 86 61 0 0 0 0 104 0 0 70 23 87 11 15
split_gain=21.0264 6.96421 5.07209 3.95995 6.65371 4.26523 5.36269 9.01576 5.34617 4.34666 3.63913 6.00728 4.02176 3.90892 3.60768 3.51292 3.28347 4.39538 5.81382 3.21507 3.23537 6.2592 3.10229 3.03181 3.76999 3.83956 3.39304 2.97606 4.74517 2.95777
threshold=1.0000000180025095e-35 0.74416303634643566 1.0000000180025095e-35 0.1512662544846535 1.0000000180025095e-35 0.059396151453256614 1.0000000180025095e-35 1.0000000180025095e-35 1.0000000180025095e-35 1.0000000180025095e-35 1.0000000180025095e-35 1.0000000180025095e-35 1.0000000180025095e-35 1.0000000180025095e-35 1.0000000180025095e-35 1.0000000180025095e-35 1.0000000180025095e-35 1.0000000180025095e-35 13.151266574859621 15.798768043518068 12.262833595275881 11.934291839599611 1.0000000180025095e-35 13.151266574859621 13.661875724792482 1.0000000180025095e-35 1.0000000180025095e-35 1.0000000180025095e-35 1.0000000180025095e-35 1.0000000180025095e-35
decision_type=2 2 2 2 2 2 2 2 2 2 2 2 2 2 2 2 2 2 2 2 2 2 2 2 2 2 2 2 2 2
left_child=3 10 -3 5 14 9 7 8 -7 -1 11 -2 13 -12 19 -4 23 18 -18 20 21 -5 27 -16 -25 -26 -27 -6 -29 -21
right_child=1 2 15 4 22 6 -8 -9 -10 -11 12 -13 -14 -15 16 -17 17 -19 -20 29 -22 -23 -24 24 25 26 -28 28 -30 -31
leaf_value=-0.017113620993989633 0.01018695486216542 0.082221839019208112 -0.0096335341220496248 -0.05180967989511729 -0.091582754142358808 -0.085996715880103936 -0.028673997993141777 0.18143997689457855 0.10316852851471162 0.11492770474890467 -0.096783918045804482 0.053501656769757724 0.092503911702693828 -0.0031024010795633059 -0.11842039217827936 0.075496090837387786 0.16356298177903947 -0.04716827759380221 -0.0015393815627645494 0.068670758345830821 -0.08575966660533553 0.07948134303694282 0.05296943447219532 0.10802902093913531 -0.11755178034546028 -0.11455649192235424 0.007810946526088128 -0.10742865055121997 0.12965344253068847 -0.046427680887841861
leaf_weight=180.39677345752716 186.8398320749402 24.572723686695099 15.692143425345423 19.916246101260189 26.714630380272872 3.3431331440806407 7.7559674829244605 4.8638876304030418 2.7011752799153328 2.5280140787363043 4.6215635538101187 38.640874221920967 4.2396301925182334 122.83192351460457 2.6564998477697364 7.0140476971864691 4.4195053875446302 3.653892681002616 4.1221428588032722 4.8188314363360387 15.995793499052523 4.4408619254827491 1.8514393791556347 2.605520814657214 3.3899257257580784 2.5141155049204924 22.959607757627957 1.733630619943141 1.6455356031656265 4.1601704210042953
leaf_count=1411 872 162 74 167 498 29 63 32 21 19 24 207 21 616 21 32 27 22 28 39 134 31 26 19 28 25 178 29 18 33
internal_value=-0.000603272 0.0146699 0.0507367 -0.0193685 -0.0331544 -0.0106425 0.034895 0.080094 -0.00145959 -0.0152888 0.00989573 0.0176098 -0.00331213 -0.00649937 -0.0199577 0.0166634 8.41607e-05 0.0446207 0.0838857 -0.0387765 -0.0508187 -0.0278723 -0.0726688 -0.0158319 -0.00717184 -0.017571 -0.00426604 -0.0803984 0.00802203 0.0153431
internal_weight=733.64 404.453 47.2789 329.187 127.598 201.589 18.6642 10.9082 6.04431 182.925 357.174 225.481 131.693 127.453 95.6531 22.7062 46.3212 12.1955 8.54165 49.3319 40.3529 24.3571 31.9452 34.1257 31.4692 28.8636 25.4737 30.0938 3.37917 8.979
internal_count=4906 2008 268 2898 1323 1575 145 82 50 1430 1740 1079 661 640 752 106 348 77 55 404 332 198 571 271 250 231 203 545 47 72
is_linear=0
shrinkage=0.1


Tree=19
num_leaves=31
num_cat=0
split_feature=6 1 10 154 1 10 0 5 229 140 73 26 70 0 71 11 67 1 1 7 167 24 0 1 52 55 10 13 0 81
split_gain=17.3636 5.93948 5.32303 3.5993 4.06334 7.33368 3.65511 3.73539 3.19252 3.15899 4.7064 3.95764 5.33156 5.08925 3.68478 7.02347 3.1419 3.08736 8.28753 15.7616 5.57736 3.03826 3.07564 3.03182 4.18528 3.67506 5.66823 4.944 4.20351 2.9976
threshold=1.0000000180025095e-35 0.6562476158142091 1.0000000180025095e-35 1.0000000180025095e-35 0.1512662544846535 1.0000000180025095e-35 9.7262148857116717 1.0000000180025095e-35 1.0000000180025095e-35 1.0000000180025095e-35 1.0000000180025095e-35 1.0000000180025095e-35 1.0000000180025095e-35 13.661875724792482 1.0000000180025095e-35 1.0000000180025095e-35 1.0000000180025095e-35 -0.28800669312477106 -0.35188987851142878 1.0000000180025095e-35 1.0000000180025095e-35 1.0000000180025095e-35 11.934291839599611 0.63586583733558666 1.0000000180025095e-35 1.0000000180025095e-35 1.0000000180025095e-35 1.0000000180025095e-35 14.176591396331789 1.0000000180025095e-35
decision_type=2 2 2 2 2 2 2 2 2 2 2 2 2 2 2 2 2 2 2 2 2 2 2 2 2 2 2 2 2 2
left_child=3 8 -3 4 6 9 17 16 23 10 21 12 -12 -14 15 -13 -8 18 -1 -20 -19 -6 -23 24 -2 -26 28 -28 -27 -18
right_child=1 2 -4 -5 5 -7 7 -9 -10 -11 11 14 13 -15 -16 -17 29 20 19 -21 -22 22 -24 -25 25 26 27 -29 -30 -31
leaf_value=-0.012951570631485394 0.005526966744489277 0.068630365915429162 0.012100053455937326 0.10935282132909602 -0.11045772844168873 -0.07637061153665467 0.15593429743252321 -0.029146331137588466 -0.074605622158827434 -0.086171226938963896 -0.027854814968344244 0.12466894641464887 0.15011507107758232 0.028049144339939359 -0.064855043879064919 -0.083113643354531752 0.094199070355614548 -0.039333222630093256 0.16983842514081113 -0.06031622384875715 0.060072941522962497 -0.080159118144537411 -0.013345795250530482 -0.069284845307172591 0.087629919903075004 0.083438352272915489 -0.061068440001525594 0.057557432968143946 -0.023004813168896854 -0.04455813294641945
leaf_weight=103.09221833199263 279.07193762809038 33.536173239350319 33.094688236713409 2.2104494981467715 4.795208401978015 29.599808268249035 3.2044695094227773 5.3509833589196196 4.6288099959492675 6.5498724542558184 7.6289958730340013 3.6560641676187524 5.5941895395517358 8.7704758495092374 9.6247557699680328 2.930946908891201 3.6172252297401428 63.011222384870052 7.1501800641417486 5.096301443874836 6.1995135843753806 8.5908696427941305 34.796355754137039 4.8716707229614249 11.236310586333273 15.20281893014908 10.758301973342894 5.2170779183506957 4.9076628386974326 2.7334017381072044
leaf_count=803 1347 226 151 21 58 565 23 41 26 56 59 26 30 64 80 24 24 527 50 40 39 78 267 24 56 80 49 24 25 23
internal_value=-0.000593234 0.013279 0.0405525 -0.0178167 -0.0186897 -0.0330217 -0.00988472 0.0377476 0.00786877 -0.0192155 -0.014139 0.012073 0.0397056 0.0755866 -0.0254147 0.0322143 0.0752091 -0.013732 -0.00371272 0.0740609 -0.030429 -0.0349233 -0.0265751 0.00902119 0.01019 0.037689 0.0221385 -0.0223288 0.0574625 0.034476
internal_weight=726.729 402.525 66.6309 324.204 321.993 122.538 199.456 14.9061 335.895 92.9377 86.3879 38.2054 21.9937 14.3647 16.2118 6.58701 9.5551 184.549 115.339 12.2465 69.2107 48.1824 43.3872 331.266 326.394 47.3222 36.0859 15.9754 20.1105 6.35063
internal_count=4906 2008 377 2898 2877 1307 1570 111 1631 742 686 283 153 94 130 50 70 1459 893 90 566 403 345 1605 1581 234 178 73 105 47
is_linear=0
shrinkage=0.1


Tree=20
num_leaves=31
num_cat=0
split_feature=6 1 10 1 0 10 19 83 22 10 0 53 238 42 99 73 70 5 13 0 13 12 97 14 32 56 62 11 26 0
split_gain=14.3495 5.1453 4.22976 3.29954 3.14896 6.6513 3.49809 3.45599 2.8501 3.46501 3.33394 2.70972 2.66144 2.47064 2.53723 6.60455 2.47456 2.79338 5.55802 3.33349 2.21205 2.12829 4.82733 2.90829 5.07294 2.53364 2.41396 4.27226 3.93443 8.51529
threshold=1.0000000180025095e-35 0.74416303634643566 1.0000000180025095e-35 0.83420792222023021 13.600273609161379 1.0000000180025095e-35 1.0000000180025095e-35 1.0000000180025095e-35 1.0000000180025095e-35 1.0000000180025095e-35 10.788501262664797 1.0000000180025095e-35 1.0000000180025095e-35 1.0000000180025095e-35 1.0000000180025095e-35 1.0000000180025095e-35 1.0000000180025095e-35 1.0000000180025095e-35 1.0000000180025095e-35 15.727583885192873 1.0000000180025095e-35 1.0000000180025095e-35 1.0000000180025095e-35 1.0000000180025095e-35 1.0000000180025095e-35 1.0000000180025095e-35 1.0000000180025095e-35 1.0000000180025095e-35 1.0000000180025095e-35 11.560575008392336
decision_type=2 2 2 2 2 2 2 2 2 2 2 2 2 2 2 2 2 2 2 2 2 2 2 2 2 2 2 2 2 2
left_child=4 8 -3 -4 6 7 12 13 9 10 -2 -5 -1 14 16 -16 -6 19 -19 -18 -15 22 26 24 25 -23 27 -11 29 -28
right_child=1 2 3 11 5 -7 -8 -9 -10 21 -12 -13 -14 20 15 -17 17 18 -20 -21 -22 23 -24 -25 -26 -27 28 -29 -30 -31
leaf_value=-0.011065701598819986 0.0098366862376418757 0.074825199393464714 0.06245332442180869 0.041016461510644961 -0.076546519428139947 -0.10432378977816169 -0.092052256800344609 -0.09563040744620635 -0.0202530402799617 0.0078280284369507524 0.037184299294789155 -0.04922992835537314 0.086558112263986173 -0.014253536405539904 -0.055127463737320463 0.13240898576605606 -0.096304969624001188 0.12032788423529357 -0.041440623254401059 0.011294874778343839 -0.11741035090373485 -0.056666492134409108 -0.075655057354519439 -0.058666375611758304 0.092176613588839384 0.0094311336503491577 0.095204976207312803 0.08920665540289692 -0.024425391286040952 -0.040656776954907388
leaf_weight=251.99770040810108 135.21985033154488 22.28006985783577 8.6281523108482379 5.2779794633388493 5.02688139677048 11.818264052271841 5.3017859421670428 5.4194281548261634 32.491232305765152 17.659351281821728 66.501194477081299 9.0011552274227142 2.8238728642463675 4.784774683415888 3.2894728332757941 4.3761733919382095 4.594979465007782 4.594278872013092 3.949887041002512 7.7108803316950798 3.6755802854895592 10.914114862680439 6.4854940921068183 13.663613021373747 4.717095583677291 12.374531790614128 10.469141244888307 10.16424433887005 26.774080984294415 8.2474831491708738
leaf_count=2116 626 162 38 25 45 302 64 54 170 89 341 43 20 38 29 34 36 35 33 62 30 57 34 71 24 62 51 49 128 38
internal_value=-0.000581322 0.0120173 0.0438026 0.0136295 -0.0163953 -0.0372028 -0.0116566 -0.0204754 0.00797919 0.0108175 0.0188523 -0.0158723 -0.00998386 -0.0107785 0.00140187 0.0519336 -0.0135674 0.0016167 0.0455438 -0.0288827 -0.0590698 -0.00252592 0.0070392 -0.0208438 -0.00239068 -0.0215452 0.0143545 0.0375565 0.000163349 0.0353375
internal_weight=720.233 400.869 45.1874 22.9073 319.364 59.2406 260.123 47.4223 355.681 323.19 201.721 14.2791 254.822 42.0029 33.5426 7.66565 25.8769 20.85 8.54417 12.3059 8.46035 121.469 79.7998 41.6694 28.0057 23.2886 73.3143 27.8236 45.4907 18.7166
internal_count=4906 2008 268 106 2898 698 2200 396 1740 1570 967 68 2136 342 274 63 211 166 68 98 68 603 389 214 143 119 355 138 217 89
is_linear=0
shrinkage=0.1


Tree=21
num_leaves=31
num_cat=0
split_feature=6 0 86 0 69 54 48 10 14 13 15 1 1 7 113 78 12 1 44 105 10 95 67 0 168 67 7 72 8 36
split_gain=11.7884 4.52848 5.04809 3.79942 6.54638 4.91672 3.88344 3.45492 4.35506 3.86213 3.45332 2.87197 6.4607 11.4479 3.28663 4.6929 3.38263 5.94283 3.31173 3.22027 4.63289 4.09169 4.6725 5.22162 4.79882 4.5197 3.43298 2.98729 7.5167 3.9557
threshold=1.0000000180025095e-35 13.096509456634523 1.0000000180025095e-35 14.29021215438843 1.0000000180025095e-35 1.0000000180025095e-35 1.0000000180025095e-35 1.0000000180025095e-35 1.0000000180025095e-35 1.0000000180025095e-35 1.0000000180025095e-35 -0.28800669312477106 -0.35188987851142878 1.0000000180025095e-35 1.0000000180025095e-35 1.0000000180025095e-35 1.0000000180025095e-35 -0.22746976464986798 1.0000000180025095e-35 1.0000000180025095e-35 1.0000000180025095e-35 1.0000000180025095e-35 1.0000000180025095e-35 7.0266940593719491 1.0000000180025095e-35 1.0000000180025095e-35 1.0000000180025095e-35 1.0000000180025095e-35 1.0000000180025095e-35 1.0000000180025095e-35
decision_type=2 2 2 2 2 2 2 2 2 2 2 2 2 2 2 2 2 2 2 2 2 2 2 2 2 2 2 2 2 2
left_child=11 -2 3 4 -3 -6 -5 -8 9 10 -9 12 -1 -14 15 16 19 -18 -19 21 -21 22 23 -13 -25 -23 -27 28 29 -20
right_child=1 2 -4 6 5 -7 7 8 -10 -11 -12 14 13 -15 -16 -17 17 18 27 20 -22 25 -24 24 -26 26 -28 -29 -30 -31
leaf_value=-0.010753586772790626 0.0044957844017649087 -0.11215544373972947 0.093170959751332078 0.12900562689152792 -0.06629454477782902 0.071628901690231214 0.047739454046391017 0.046772267022309508 0.051246036676138584 -0.068807857425677452 -0.053962243742739072 0.13276975295916946 0.13943266442990734 -0.055988213305143864 -0.077001404425094178 -0.092110493954129694 -0.11707926439942731 0.10954895258265269 -0.042904843722741094 0.15872067529159736 -0.056874860870863755 -0.032467633426679209 -0.060483786661767569 -0.032688424728670729 0.12709766670721934 0.13868065307335739 -0.0080146239757268121 -0.021895629334956077 0.068630968498777575 0.043490391571898039
leaf_weight=101.39663150161505 293.73180818557739 5.4371767491102228 10.883908078074453 3.8087699711322776 4.0551666021347046 7.1274299621582031 35.773896500468254 9.7982076704502088 13.025315970182417 9.8459824323654175 5.2141363620758066 2.3173743039369574 7.8589065670967084 4.8461469188332558 10.375517338514326 8.4402445852756482 4.1582103595137587 2.9505078457295886 17.376373235136274 2.1712954491376868 1.842507943511009 8.3114250637590867 48.086307980120182 30.000825103372335 2.0051859766244879 3.8832988068461409 2.707586444914341 31.403044324368238 17.685519874095917 7.6252046376466742
leaf_count=803 1418 27 64 23 20 36 247 44 59 46 24 17 50 40 113 84 34 28 155 19 24 86 484 331 17 33 25 337 139 79
internal_value=-0.000561188 0.0108668 0.0286945 0.0212358 -0.0221492 0.0216135 0.0305438 0.0254524 0.00440646 -0.0201366 0.0117848 -0.0150056 -0.00233052 0.0648924 -0.0221886 -0.0192105 -0.0158395 -0.000632246 0.00565289 -0.0280261 0.0597531 -0.0316467 -0.0403665 -0.0121826 -0.0226778 0.0165737 0.0784171 0.00151542 0.0187379 -0.0165553
internal_weight=714.144 398.702 104.97 94.0861 16.6198 11.1826 77.4663 73.6575 37.8836 24.8583 15.0123 315.442 114.102 12.7051 201.34 190.965 182.525 81.1989 77.0406 101.326 4.0138 97.312 82.4097 34.3234 32.006 14.9023 6.59089 74.0901 42.6871 25.0016
internal_count=4906 2008 590 526 83 56 443 420 173 114 68 2898 893 90 2005 1892 1808 772 738 1036 43 993 849 365 348 144 58 710 373 234
is_linear=0
shrinkage=0.1


Tree=22
num_leaves=31
num_cat=0
split_feature=6 1 140 10 7 154 10 52 15 0 102 1 11 74 81 14 13 16 10 14 139 0 0 139 137 138 12 22 14 71
split_gain=9.72294 3.924 3.75692 3.27794 3.10985 2.82839 3.04791 7.13018 2.66153 3.98873 4.67097 3.4092 5.98989 3.25612 4.97963 3.74501 3.3574 4.43671 5.52357 5.79751 3.2284 2.95406 4.58394 2.93487 3.00362 2.84778 5.90223 3.766 2.83981 7.4164
threshold=1.0000000180025095e-35 0.74416303634643566 1.0000000180025095e-35 1.0000000180025095e-35 1.0000000180025095e-35 1.0000000180025095e-35 1.0000000180025095e-35 1.0000000180025095e-35 1.0000000180025095e-35 11.494866847991945 1.0000000180025095e-35 0.68545135855674755 1.0000000180025095e-35 1.0000000180025095e-35 1.0000000180025095e-35 1.0000000180025095e-35 1.0000000180025095e-35 1.0000000180025095e-35 1.0000000180025095e-35 1.0000000180025095e-35 1.0000000180025095e-35 14.351813793182375 6.4298424720764169 1.0000000180025095e-35 1.0000000180025095e-35 1.0000000180025095e-35 1.0000000180025095e-35 1.0000000180025095e-35 1.0000000180025095e-35 1.0000000180025095e-35
decision_type=2 2 2 2 2 2 2 2 2 2 2 2 2 2 2 2 2 2 2 2 2 2 2 2 2 2 2 2 2 2
left_child=5 8 3 -3 -5 6 -1 -8 9 10 20 28 -13 16 21 -16 23 18 19 -18 25 22 -15 24 -10 27 -27 -2 -11 -30
right_child=1 2 -4 4 -6 -7 7 -9 13 11 -12 12 -14 14 15 -17 17 -19 -20 -21 -22 -23 -24 -25 -26 26 -28 -29 29 -31
leaf_value=-0.0077187676025979356 0.0055171996641399379 0.076062751855307753 -0.066762254249466038 0.045987158021436936 -0.036296913929162435 0.09607967085337249 -0.018544099692247344 -0.097390510466190988 -0.017643985647952987 0.058135233062233553 0.069945473012711173 0.051616227938621452 -0.11650995472609312 -0.011000049631507717 -0.065825829076147438 0.024307552518465808 0.072113990042901019 0.068793608489527772 -0.092310035920703901 -0.064312484238220752 -0.046034603399148645 -0.035460308607673859 0.081487369769630613 -0.11750205706268034 -0.099947275388486551 0.11086645196939576 -0.028396395438997652 -0.054424045917526281 -0.085024462797246486 0.049069812276755526
leaf_weight=209.08656141161919 112.92495005577803 19.383733153343201 3.1602671742439261 13.956235975027086 6.8463131785392752 2.326464742422103 87.168851539492607 13.207007098942993 40.441787205636501 37.908416636288166 10.141703650355337 4.6030962914228422 3.9268461763858795 7.683937802910811 10.298509269952774 8.3452933877706528 8.1924129799008387 8.713933929800989 6.5065421089529982 5.0257970839738837 13.926780775189398 4.3757403045892707 17.710196673870087 3.8592795282602301 4.9801898822188368 6.9909844845533353 5.3894254267215729 11.554081991314886 5.6985429227352151 14.932190231978893
leaf_count=1633 530 154 18 64 32 21 910 334 212 189 46 26 21 37 48 37 42 43 34 24 69 24 83 18 30 34 28 61 28 76
internal_value=-0.000549504 0.00982025 0.0382199 0.0464758 0.0189067 -0.0137692 -0.014595 -0.0289184 0.00634406 0.0127922 0.00425338 0.0332806 -0.0257824 -0.00531151 0.0150456 -0.0254805 -0.0179925 0.00936787 -0.016885 0.0202422 -0.000164994 0.0404257 0.0535019 -0.0337813 -0.0266679 0.00450269 0.0502427 -4.6517e-05 0.0418868 0.0120308
internal_weight=709.266 397.477 43.3465 40.1863 20.8025 311.789 309.462 100.376 354.131 227.997 160.928 67.0691 8.52994 126.134 48.4137 18.6438 77.7199 28.4387 19.7248 13.2182 150.786 29.7699 25.3941 49.2813 45.422 136.859 12.3804 124.479 58.5391 20.6307
internal_count=4906 2008 268 250 96 2898 2877 1244 1740 1108 768 340 47 632 229 85 403 143 100 66 722 144 120 260 242 653 62 591 293 104
is_linear=0
shrinkage=0.1


Tree=23
num_leaves=31
num_cat=0
split_feature=6 229 51 10 95 147 82 67 130 139 95 7 5 11 176 10 15 9 238 118 154 10 52 25 151 73 8 99 237 15
split_gain=7.95248 3.48369 3.86753 3.26476 7.12587 2.93492 2.50437 8.32068 5.55047 3.54282 3.70265 5.19723 3.32216 5.72622 3.23464 2.99242 2.8063 2.71485 2.47483 2.42972 2.5642 2.81929 6.43516 2.36781 3.16961 2.89158 2.33347 2.5066 2.31093 2.27937
threshold=1.0000000180025095e-35 1.0000000180025095e-35 1.0000000180025095e-35 1.0000000180025095e-35 1.0000000180025095e-35 1.0000000180025095e-35 1.0000000180025095e-35 1.0000000180025095e-35 1.0000000180025095e-35 1.0000000180025095e-35 1.0000000180025095e-35 1.0000000180025095e-35 1.0000000180025095e-35 1.0000000180025095e-35 1.0000000180025095e-35 1.0000000180025095e-35 1.0000000180025095e-35 1.0000000180025095e-35 1.0000000180025095e-35 1.0000000180025095e-35 1.0000000180025095e-35 1.0000000180025095e-35 1.0000000180025095e-35 1.0000000180025095e-35 1.0000000180025095e-35 1.0000000180025095e-35 1.0000000180025095e-35 1.0000000180025095e-35 1.0000000180025095e-35 1.0000000180025095e-35
decision_type=2 2 2 2 2 2 2 2 2 2 2 2 2 2 2 2 2 2 2 2 2 2 2 2 2 2 2 2 2 2
left_child=18 2 5 26 -5 6 9 8 16 10 14 17 13 15 -2 -9 -8 -12 19 20 21 23 -23 25 28 -1 -4 -28 -25 -11
right_child=1 -3 3 4 -6 -7 7 12 -10 29 11 -13 -14 -15 -16 -17 -18 -19 -20 -21 -22 22 -24 24 -26 -27 27 -29 -30 -31
leaf_value=-0.10911578016512587 0.0042528232073906708 -0.06492010293449911 0.06497941890072817 0.022204901902387532 -0.10518730387565385 -0.063566086203729652 0.14088755675606718 0.022522536666886177 -0.016283724291024582 -0.059199236974349173 0.1212421330912013 -0.019147990173616753 -0.055244798998765193 0.092806130099192086 -0.063615146910953949 -0.089959049238945321 0.042785658361931163 0.0308541482969861 0.079398955195763787 -0.11408860511018599 0.091250893755526821 -0.017817256743206767 -0.096166460947230553 -0.00063197914149766207 -0.079320325309862799 -0.0047917248915117011 0.040778868883991626 -0.040371012548677615 -0.087351537897844694 0.0011891559894437582
leaf_weight=4.9019513837993127 190.00765584409237 6.2958468794822684 27.565634168684483 42.323850363492966 4.8991458415985099 6.2181398943066588 9.5658526495099085 5.0710617005825025 4.5633125454187384 14.591273337602615 7.8326711058616656 7.8834471106529227 9.6666181981563568 6.3335629105567941 7.2920779436826697 4.4324818029999733 4.1945697367191306 5.7714443355798721 2.8998243808746329 2.3789004925638428 2.3576929941773406 84.687942702323198 11.964085744693874 184.96452799066901 5.466094158589839 5.8009541034698486 14.986059613525869 5.1022950857877722 3.1248434782028189 10.93426576256752
leaf_count=67 937 37 185 191 24 33 44 22 23 73 35 38 44 30 38 24 20 28 20 28 20 895 330 1418 55 41 100 32 24 50
internal_value=-0.000514857 0.0088718 0.0100654 0.0276231 0.00898861 0.00440621 0.00587307 0.0278844 0.0792889 0.00192443 0.00603761 0.0454575 -0.00904831 0.019149 0.00174446 -0.0299392 0.110983 0.0828957 -0.0125478 -0.0134201 -0.0126304 -0.0134444 -0.0275157 -0.00678603 -0.00425421 -0.0525723 0.0460891 0.0201674 -0.0020727 -0.0333309
internal_weight=704.078 395.531 389.235 94.877 47.223 294.358 288.14 43.8275 18.3237 244.313 218.787 21.4876 25.5037 15.8371 197.3 9.50354 13.7604 13.6041 308.547 305.647 303.268 300.91 96.652 204.258 193.555 10.7029 47.654 20.0884 188.089 25.5255
internal_count=4906 2008 1971 532 215 1439 1406 207 87 1199 1076 101 120 76 975 46 64 63 2898 2878 2850 2830 1225 1605 1497 108 317 132 1442 123
is_linear=0
shrinkage=0.1


Tree=24
num_leaves=31
num_cat=0
split_feature=6 1 140 10 7 19 0 10 83 1 12 68 31 8 87 39 214 0 0 67 168 16 12 1 10 54 61 61 12 47
split_gain=6.51564 3.05557 3.06753 2.91445 2.4573 2.36436 2.58202 5.38838 2.93447 2.4169 2.56404 3.10317 2.87961 2.36134 3.07581 6.17069 2.71286 2.90469 2.72201 4.12309 4.09446 3.61374 3.8992 8.82858 6.09356 4.80415 4.88291 4.34752 3.73309 3.94352
threshold=1.0000000180025095e-35 0.74416303634643566 1.0000000180025095e-35 1.0000000180025095e-35 1.0000000180025095e-35 1.0000000180025095e-35 13.661875724792482 1.0000000180025095e-35 1.0000000180025095e-35 0.74416303634643566 1.0000000180025095e-35 1.0000000180025095e-35 1.0000000180025095e-35 1.0000000180025095e-35 1.0000000180025095e-35 1.0000000180025095e-35 1.0000000180025095e-35 2.3121149539947514 3.9917863607406621 1.0000000180025095e-35 1.0000000180025095e-35 1.0000000180025095e-35 1.0000000180025095e-35 -0.22746976464986798 1.0000000180025095e-35 1.0000000180025095e-35 1.0000000180025095e-35 1.0000000180025095e-35 1.0000000180025095e-35 1.0000000180025095e-35
decision_type=2 2 2 2 2 2 2 2 2 2 2 2 2 2 2 2 2 2 2 2 2 2 2 2 2 2 2 2 2 2
left_child=5 -2 3 -3 -5 6 13 8 9 -8 11 -11 -12 14 -1 -16 17 -15 19 -19 21 22 23 27 -25 -24 -27 -20 -23 -30
right_child=1 2 -4 4 -6 -7 7 -9 -10 10 12 -13 -14 16 15 -17 -18 18 20 -21 -22 28 25 24 -26 26 -28 -29 29 -31
leaf_value=-0.018085979710300997 0.004972013741838607 0.07081858450884955 -0.061998049592860628 0.039538395495507972 -0.03371154263727922 -0.074695733655922011 -0.032682004746723135 -0.1032517647900207 -0.091030305795479535 0.038216782955330805 0.10993744245300106 -0.065855752693999042 -0.0082048862496541426 0.082958367425230314 -0.029515222531964591 0.18211741619059585 0.10685562250039138 -0.11911090454499128 0.072935107371836658 -0.0086631177177813254 0.084047050890712904 -0.049800039424765324 -0.067108746471772104 0.038150536129904905 -0.092787117003411079 0.10524385057114426 -0.027725103310385912 0.21314014029662254 0.058456838837404462 -0.066051075496315753
leaf_weight=128.93267112411559 351.92248018831015 17.893058724701405 3.1121492981910697 14.163800939917566 6.7682230174541465 5.7983841747045508 19.083227079361677 8.5074080489575845 4.6848827451467505 5.7506923787295818 4.7908647283911705 5.7096952646970749 3.6235213801264763 4.2963115796446791 3.3713461961597195 2.3298755027353764 2.5412013493478289 4.5113823786377916 8.605123504996298 13.476705193519592 6.2937677577137938 21.517329253256321 9.5310208387672901 10.603426851332189 5.34621488302946 4.8379014600068331 6.4352864902466536 2.9766885340213767 8.2307731956243497 3.6817355453968039
leaf_count=1203 1740 154 18 64 32 86 165 286 52 49 38 46 28 27 34 22 18 36 61 99 40 175 80 78 71 40 53 21 60 30
internal_value=-0.000488048 0.00801256 0.0335277 0.0411849 0.0158535 -0.0114485 -0.0102247 -0.0304472 -0.0162552 -0.00726312 0.0171434 -0.0136333 0.0590613 -0.00596394 -0.0149076 0.0569711 0.00470286 0.0023503 -0.000915388 -0.0363632 0.00632563 0.000343153 0.0178266 0.0425162 -0.0057389 -0.0148467 0.0293387 0.10897 -0.0249359 0.0199758
internal_weight=699.327 393.86 41.9372 38.8251 20.932 305.467 299.669 52.1503 43.6429 38.958 19.8748 11.4604 8.41439 247.519 134.634 5.70122 112.885 110.344 106.047 17.9881 88.0593 81.7655 48.3357 27.5315 15.9496 20.8042 11.2732 11.5818 33.4298 11.9125
internal_count=4906 2008 268 250 96 2898 2812 664 378 326 161 95 66 2148 1259 56 889 871 844 135 709 669 404 231 149 173 93 82 265 90
is_linear=0
shrinkage=0.1


Tree=25
num_leaves=31
num_cat=0
split_feature=6 262 235 272 21 76 237 61 45 0 78 15 56 55 140 81 0 9 67 97 26 82 81 32 1 10 62 1 12 0
split_gain=5.3867 2.91703 2.82395 3.52637 3.02723 4.85022 3.49681 2.81392 3.9341 3.69485 2.94669 2.74763 3.25151 3.48217 3.08329 5.86916 3.30771 3.45643 2.97527 3.3072 3.36558 3.11439 2.73476 2.72743 4.25269 2.69576 3.4444 8.42765 2.71745 4.6499
threshold=1.0000000180025095e-35 1.0000000180025095e-35 1.0000000180025095e-35 1.0000000180025095e-35 1.0000000180025095e-35 1.0000000180025095e-35 1.0000000180025095e-35 1.0000000180025095e-35 1.0000000180025095e-35 9.0047912597656268 1.0000000180025095e-35 1.0000000180025095e-35 1.0000000180025095e-35 1.0000000180025095e-35 1.0000000180025095e-35 1.0000000180025095e-35 11.494866847991945 1.0000000180025095e-35 1.0000000180025095e-35 1.0000000180025095e-35 1.0000000180025095e-35 1.0000000180025095e-35 1.0000000180025095e-35 1.0000000180025095e-35 -0.081146854907274232 1.0000000180025095e-35 1.0000000180025095e-35 0.68545135855674755 1.0000000180025095e-35 14.017796039581301
decision_type=2 2 2 2 2 2 2 2 2 2 2 2 2 2 2 2 2 2 2 2 2 2 2 2 2 2 2 2 2 2
left_child=-1 2 3 4 6 7 11 8 10 -9 -6 14 13 23 16 -16 17 -2 19 20 21 -14 -20 -13 -25 28 27 -27 -18 -30
right_child=1 -3 -4 -5 5 -7 -8 9 -10 -11 -12 12 18 -15 15 -17 25 -19 22 -21 -22 -23 -24 24 -26 26 -28 -29 29 -31
leaf_value=-0.010522692615060062 0.024170254900240992 0.074559233776370984 -0.067692394830096439 0.090384998186882407 -0.10454411638668624 0.056488412780045794 -0.071620109061282661 -0.051749560333883032 0.0076835186156096365 0.064592072360891734 -0.024020094700018355 -0.031936323234293261 0.0027353417458742795 -0.10246319381937158 -0.069086881176216669 0.061000896142787288 0.07962288723241924 -0.010230095779696507 0.047033450893108425 -0.080494620906882142 -0.04834324884783249 0.098204680753523857 -0.003093775924906431 -0.048967621252863733 0.089908356643553372 0.13097855349575191 -0.0034853222436261912 -0.03770447112029493 0.087349469915436642 -0.033476085905643035
leaf_weight=302.41634828597307 76.752964429557323 6.3307142108678809 5.1138949096202841 5.0187891051173201 11.980431206524374 7.3494094237685195 5.2487404495477668 5.0816892534494382 8.4897548109293002 5.8981001600623131 7.3218139484524718 23.276781499385834 13.724118463695051 5.1302605941891661 10.321024879813192 5.2234215736389151 21.783390939235687 47.151284843683243 26.721524208784103 5.9334211051464072 8.9497305750846881 4.5498095154762259 18.362622082233429 3.7527002990245819 5.3464762642979604 7.2361237555742246 23.462602242827415 5.0142684727907181 5.8552959188818914 6.9844963848590851
leaf_count=2898 356 31 31 24 64 39 30 25 44 31 39 137 70 28 54 26 147 223 131 29 46 22 88 22 28 31 106 23 33 50
internal_value=-0.000487619 0.00722726 0.00612592 0.00711434 0.00600552 -0.0179954 0.009352 -0.0321143 -0.0490473 0.0107466 -0.0739994 0.0106576 -0.00171083 -0.0259185 0.0174817 -0.0253733 0.0209113 0.0110793 0.00989352 -0.0128454 0.00189885 0.0265051 0.0266168 -0.0137893 0.0326329 0.0382313 0.0189551 0.0619341 0.0581142 0.0216237
internal_weight=695.782 393.366 387.035 381.921 376.902 46.1212 330.781 38.7718 27.792 10.9798 19.3022 325.532 115.747 37.5062 209.785 15.5444 194.24 123.904 78.2412 33.1571 27.2237 18.2739 45.0841 32.376 9.09918 70.3362 35.713 12.2504 34.6232 12.8398
internal_count=4906 2008 1977 1946 1922 242 1680 203 147 56 103 1650 601 215 1049 80 969 579 386 167 138 92 219 187 50 390 160 54 230 83
is_linear=0
shrinkage=0.1


end of trees

feature_importances:
Column_0=132
Column_10=73
Column_1=57
Column_6=26
Column_8=24
Column_15=22
Column_12=21
Column_14=19
Column_13=18
Column_7=17
Column_11=13
Column_22=12
Column_26=12
Column_167=12
Column_5=11
Column_67=11
Column_73=11
Column_86=11
Column_95=11
Column_16=10
Column_19=10
Column_113=10
Column_56=9
Column_21=8
Column_81=8
Column_83=8
Column_139=8
Column_140=8
Column_24=7
Column_44=7
Column_55=7
Column_82=7
Column_9=6
Column_25=6
Column_61=6
Column_151=6
Column_176=6
Column_32=5
Column_52=5
Column_54=5
Column_69=5
Column_70=5
Column_87=5
Column_133=5
Column_71=4
Column_96=4
Column_141=4
Column_39=3
Column_62=3
Column_93=3
Column_97=3
Column_102=3
Column_104=3
Column_154=3
Column_229=3
Column_237=3
Column_17=2
Column_31=2
Column_42=2
Column_50=2
Column_51=2
Column_53=2
Column_57=2
Column_60=2
Column_78=2
Column_99=2
Column_105=2
Column_132=2
Column_147=2
Column_168=2
Column_238=2
Column_23=1
Column_36=1
Column_45=1
Column_47=1
Column_48=1
Column_49=1
Column_63=1
Column_68=1
Column_72=1
Column_74=1
Column_76=1
Column_84=1
Column_91=1
Column_94=1
Column_118=1
Column_130=1
Column_135=1
Column_137=1
Column_138=1
Column_143=1
Column_155=1
Column_156=1
Column_214=1
Column_235=1
Column_262=1
Column_272=1

parameters:
[boosting: gbdt]
[objective: binary]
[metric: binary_logloss]
[tree_learner: serial]
[device_type: cpu]
[data_sample_strategy: bagging]
[data: ]
[valid: ]
[num_iterations: 300]
[learning_rate: 0.1]
[num_leaves: 31]
[num_threads: 0]
[seed: 0]
[deterministic: 0]
[force_col_wise: 0]
[force_row_wise: 0]
[histogram_pool_size: -1]
[max_depth: -1]
[min_data_in_leaf: 20]
[min_sum_hessian_in_leaf: 0.001]
[bagging_fraction: 1]
[pos_bagging_fraction: 1]
[neg_bagging_fraction: 1]
[bagging_freq: 0]
[bagging_seed: 7719]
[bagging_by_query: 0]
[feature_fraction: 1]
[feature_fraction_bynode: 1]
[feature_fraction_seed: 2437]
[extra_trees: 0]
[extra_seed: 11797]
[early_stopping_round: 0]
[early_stopping_min_delta: 0]
[first_metric_only: 0]
[max_delta_step: 0]
[lambda_l1: 0]
[lambda_l2: 0]
[linear_lambda: 0]
[min_gain_to_split: 0]
[drop_rate: 0.1]
[max_drop: 50]
[skip_drop: 0.5]
[xgboost_dart_mode: 0]
[uniform_drop: 0]
[drop_seed: 21238]
[top_rate: 0.2]
[other_rate: 0.1]
[min_data_per_group: 100]
[max_cat_threshold: 32]
[cat_l2: 10]
[cat_smooth: 10]
[max_cat_to_onehot: 4]
[top_k: 20]
[monotone_constraints: ]
[monotone_constraints_method: basic]
[monotone_penalty: 0]
[feature_contri: ]
[forcedsplits_filename: ]
[refit_decay_rate: 0.9]
[cegb_tradeoff: 1]
[cegb_penalty_split: 0]
[cegb_penalty_feature_lazy: ]
[cegb_penalty_feature_coupled: ]
[path_smooth: 0]
[interaction_constraints: ]
[verbosity: -1]
[saved_feature_importance_type: 0]
[use_quantized_grad: 0]
[num_grad_quant_bins: 4]
[quant_train_renew_leaf: 0]
[stochastic_rounding: 1]
[linear_tree: 0]
[max_bin: 255]
[max_bin_by_feature: ]
[min_data_in_bin: 3]
[bin_construct_sample_cnt: 200000]
[data_random_seed: 38]
[is_enable_sparse: 1]
[enable_bundle: 1]
[use_missing: 1]
[zero_as_missing: 0]
[feature_pre_filter: 1]
[pre_partition: 0]
[two_round: 0]
[header: 0]
[label_column: ]
[weight_column: ]
[group_column: ]
[ignore_column: ]
[categorical_feature: ]
[forcedbins_filename: ]
[precise_float_parser: 0]
[parser_config_file: ]
[objective_seed: 8855]
[num_class: 1]
[is_unbalance: 0]
[scale_pos_weight: 1]
[sigmoid: 1]
[boost_from_average: 1]
[reg_sqrt: 0]
[alpha: 0.9]
[fair_c: 1]
[poisson_max_delta_step: 0.7]
[tweedie_variance_power: 1.5]
[lambdarank_truncation_level: 30]
[lambdarank_norm: 1]
[label_gain: ]
[lambdarank_position_bias_regularization: 0]
[eval_at: ]
[multi_error_top_k: 1]
[auc_mu_weights: ]
[num_machines: 1]
[local_listen_port: 12400]
[time_out: 120]
[machine_list_filename: ]
[machines: ]
[gpu_platform_id: -1]
[gpu_device_id: -1]
[gpu_device_id_list: ]
[gpu_use_dp: 0]
[num_gpu: 1]

end of parameters

pandas_categorical:null
