tree
version=v4
num_class=1
num_tree_per_iteration=1
label_index=0
max_feature_idx=567
objective=binary sigmoid:1
feature_names=Column_0 Column_1 Column_2 Column_3 Column_4 Column_5 Column_6 Column_7 Column_8 Column_9 Column_10 Column_11 Column_12 Column_13 Column_14 Column_15 Column_16 Column_17 Column_18 Column_19 Column_20 Column_21 Column_22 Column_23 Column_24 Column_25 Column_26 Column_27 Column_28 Column_29 Column_30 Column_31 Column_32 Column_33 Column_34 Column_35 Column_36 Column_37 Column_38 Column_39 Column_40 Column_41 Column_42 Column_43 Column_44 Column_45 Column_46 Column_47 Column_48 Column_49 Column_50 Column_51 Column_52 Column_53 Column_54 Column_55 Column_56 Column_57 Column_58 Column_59 Column_60 Column_61 Column_62 Column_63 Column_64 Column_65 Column_66 Column_67 Column_68 Column_69 Column_70 Column_71 Column_72 Column_73 Column_74 Column_75 Column_76 Column_77 Column_78 Column_79 Column_80 Column_81 Column_82 Column_83 Column_84 Column_85 Column_86 Column_87 Column_88 Column_89 Column_90 Column_91 Column_92 Column_93 Column_94 Column_95 Column_96 Column_97 Column_98 Column_99 Column_100 Column_101 Column_102 Column_103 Column_104 Column_105 Column_106 Column_107 Column_108 Column_109 Column_110 Column_111 Column_112 Column_113 Column_114 Column_115 Column_116 Column_117 Column_118 Column_119 Column_120 Column_121 Column_122 Column_123 Column_124 Column_125 Column_126 Column_127 Column_128 Column_129 Column_130 Column_131 Column_132 Column_133 Column_134 Column_135 Column_136 Column_137 Column_138 Column_139 Column_140 Column_141 Column_142 Column_143 Column_144 Column_145 Column_146 Column_147 Column_148 Column_149 Column_150 Column_151 Column_152 Column_153 Column_154 Column_155 Column_156 Column_157 Column_158 Column_159 Column_160 Column_161 Column_162 Column_163 Column_164 Column_165 Column_166 Column_167 Column_168 Column_169 Column_170 Column_171 Column_172 Column_173 Column_174 Column_175 Column_176 Column_177 Column_178 Column_179 Column_180 Column_181 Column_182 Column_183 Column_184 Column_185 Column_186 Column_187 Column_188 Column_189 Column_190 Column_191 Column_192 Column_193 Column_194 Column_195 Column_196 Column_197 Column_198 Column_199 Column_200 Column_201 Column_202 Column_203 Column_204 Column_205 Column_206 Column_207 Column_208 Column_209 Column_210 Column_211 Column_212 Column_213 Column_214 Column_215 Column_216 Column_217 Column_218 Column_219 Column_220 Column_221 Column_222 Column_223 Column_224 Column_225 Column_226 Column_227 Column_228 Column_229 Column_230 Column_231 Column_232 Column_233 Column_234 Column_235 Column_236 Column_237 Column_238 Column_239 Column_240 Column_241 Column_242 Column_243 Column_244 Column_245 Column_246 Column_247 Column_248 Column_249 Column_250 Column_251 Column_252 Column_253 Column_254 Column_255 Column_256 Column_257 Column_258 Column_259 Column_260 Column_261 Column_262 Column_263 Column_264 Column_265 Column_266 Column_267 Column_268 Column_269 Column_270 Column_271 Column_272 Column_273 Column_274 Column_275 Column_276 Column_277 Column_278 Column_279 Column_280 Column_281 Column_282 Column_283 Column_284 Column_285 Column_286 Column_287 Column_288 Column_289 Column_290 Column_291 Column_292 Column_293 Column_294 Column_295 Column_296 Column_297 Column_298 Column_299 Column_300 Column_301 Column_302 Column_303 Column_304 Column_305 Column_306 Column_307 Column_308 Column_309 Column_310 Column_311 Column_312 Column_313 Column_314 Column_315 Column_316 Column_317 Column_318 Column_319 Column_320 Column_321 Column_322 Column_323 Column_324 Column_325 Column_326 Column_327 Column_328 Column_329 Column_330 Column_331 Column_332 Column_333 Column_334 Column_335 Column_336 Column_337 Column_338 Column_339 Column_340 Column_341 Column_342 Column_343 Column_344 Column_345 Column_346 Column_347 Column_348 Column_349 Column_350 Column_351 Column_352 Column_353 Column_354 Column_355 Column_356 Column_357 Column_358 Column_359 Column_360 Column_361 Column_362 Column_363 Column_364 Column_365 Column_366 Column_367 Column_368 Column_369 Column_370 Column_371 Column_372 Column_373 Column_374 Column_375 Column_376 Column_377 Column_378 Column_379 Column_380 Column_381 Column_382 Column_383 Column_384 Column_385 Column_386 Column_387 Column_388 Column_389 Column_390 Column_391 Column_392 Column_393 Column_394 Column_395 Column_396 Column_397 Column_398 Column_399 Column_400 Column_401 Column_402 Column_403 Column_404 Column_405 Column_406 Column_407 Column_408 Column_409 Column_410 Column_411 Column_412 Column_413 Column_414 Column_415 Column_416 Column_417 Column_418 Column_419 Column_420 Column_421 Column_422 Column_423 Column_424 Column_425 Column_426 Column_427 Column_428 Column_429 Column_430 Column_431 Column_432 Column_433 Column_434 Column_435 Column_436 Column_437 Column_438 Column_439 Column_440 Column_441 Column_442 Column_443 Column_444 Column_445 Column_446 Column_447 Column_448 Column_449 Column_450 Column_451 Column_452 Column_453 Column_454 Column_455 Column_456 Column_457 Column_458 Column_459 Column_460 Column_461 Column_462 Column_463 Column_464 Column_465 Column_466 Column_467 Column_468 Column_469 Column_470 Column_471 Column_472 Column_473 Column_474 Column_475 Column_476 Column_477 Column_478 Column_479 Column_480 Column_481 Column_482 Column_483 Column_484 Column_485 Column_486 Column_487 Column_488 Column_489 Column_490 Column_491 Column_492 Column_493 Column_494 Column_495 Column_496 Column_497 Column_498 Column_499 Column_500 Column_501 Column_502 Column_503 Column_504 Column_505 Column_506 Column_507 Column_508 Column_509 Column_510 Column_511 Column_512 Column_513 Column_514 Column_515 Column_516 Column_517 Column_518 Column_519 Column_520 Column_521 Column_522 Column_523 Column_524 Column_525 Column_526 Column_527 Column_528 Column_529 Column_530 Column_531 Column_532 Column_533 Column_534 Column_535 Column_536 Column_537 Column_538 Column_539 Column_540 Column_541 Column_542 Column_543 Column_544 Column_545 Column_546 Column_547 Column_548 Column_549 Column_550 Column_551 Column_552 Column_553 Column_554 Column_555 Column_556 Column_557 Column_558 Column_559 Column_560 Column_561 Column_562 Column_563 Column_564 Column_565 Column_566 Column_567
feature_infos=[2.0013689994812012:17.993154525756836] [-0.7776256799697876:0.99923950433731079] none none none [0:1] [0:1] [0:1] [0:1] [0:1] [0:1] [0:1] [0:1] [0:1] [0:1] [0:1] [0:1] [0:1] [0:1] [0:1] [0:1] [0:1] [0:1] [0:1] [0:1] [0:1] [0:1] [0:1] [0:1] [0:1] [0:1] [0:1] [0:1] [0:1] [0:1] [0:1] [0:1] [0:1] [0:1] [0:1] [0:1] [0:1] [0:1] [0:1] [0:1] [0:1] [0:1] [0:1] [0:1] [0:1] [0:1] [0:1] [0:1] [0:1] [0:1] [0:1] [0:1] [0:1] [0:1] [0:1] [0:1] [0:1] [0:1] [0:1] [0:1] [0:1] [0:1] [0:1] [0:1] [0:1] [0:1] [0:1] [0:1] [0:1] [0:1] [0:1] [0:1] [0:1] [0:1] [0:1] [0:1] [0:1] [0:1] [0:1] [0:1] [0:1] [0:1] [0:1] [0:1] [0:1] [0:1] [0:1] [0:1] [0:1] [0:1] [0:1] [0:1] [0:1] [0:1] [0:1] [0:1] [0:1] [0:1] [0:1] [0:1] [0:1] [0:1] [0:1] [0:1] none none none none [0:1] [0:1] none [0:1] none [0:1] none none [0:1] none none none none [0:1] [0:1] [0:1] [0:1] [0:1] none [0:1] [0:1] [0:1] [0:1] none [0:1] [0:1] [0:1] [0:1] [0:1] [0:1] [0:1] [0:1] [0:1] [0:1] [0:1] [0:1] [0:1] [0:1] [0:1] [0:1] [0:1] [0:1] [0:1] [0:1] none none none none none none none none none none [0:1] [0:1] none none none none none [0:1] [0:1] [0:1] [0:1] [0:1] [0:1] [0:1] [0:1] [0:1] [0:1] [0:1] [0:1] [0:1] [0:1] [0:1] [0:1] [0:1] [0:1] [0:1] [0:1] [0:1] [0:1] [0:1] [0:1] [0:1] [0:1] [0:1] [0:1] none none [0:1] [0:1] [0:1] none [0:1] [0:1] [0:1] [0:1] [0:1] none [0:1] none none [0:1] none [0:1] [0:1] [0:1] [0:1] [0:1] [0:1] [0:1] [0:1] [0:1] [0:1] [0:1] [0:1] [0:1] [0:1] [0:1] [0:1] [0:1] [0:1] [0:1] [0:1] [0:1] [0:1] [0:1] [0:1] [0:1] none none none none none none none none none none none none none none none none none [0:1] [0:1] [0:1] [0:1] [0:1] [0:1] [0:1] [0:1] [0:1] [0:1] none [0:1] [0:1] [0:1] [0:1] none [0:1] [0:1] none none none [0:1] [0:1] none none none none none [0:1] [0:1] [0:1] [0:1] [0:1] [0:1] [0:1] none none none [0:1] none [0:1] [0:1] [0:1] none [0:1] [0:1] [0:1] [0:1] none none [0:1] [0:1] none none none none [0:1] [0:1] none none none [0:1] none none [0:1] [0:1] none none [0:1] [0:1] none none none none none none none none none none none none none none none none none none none none none none none none none none none none none none none none none none none none none none none none none none none none none none none none none none none none none none none none none none none none none none none none none none none none none none none none none none none none none none none none none none none none none none none none none none none none none none none none none none none none none none none none none none none none none none none none none none none none none none none none none none none none none none none none none none none none none none none none none none none none none none none none none none none none none none none none none none none none none none none none none none none none none none none none none none none none none none none none none none none none none none none none none none none none none none none none none none none none none none none none none none none none none none none none none none none none none none none none none none none none none none none none none none none none none none none none none none none none none
tree_sizes=3397 3457 3454 3463 3460 3457 3462 3457 3470 3489 3443 3455 3479 3483 3474 3477 3491 3484 3463 3481 3484 3501 3468 3482 3490 3487 3499 3487 3476 3482

Tree=0
num_leaves=31
num_cat=0
split_feature=9 6 0 1 0 11 6 13 12 11 35 11 13 13 6 73 0 11 7 26 11 15 0 69 5 13 0 0 73 13
split_gain=759.849 167.793 172.889 50.3543 33.4574 28.057 17.4212 14.5435 12.6082 11.9194 13.2642 11.9106 13.7711 11.1363 10.5039 10.2324 9.10387 8.67771 8.19118 8.30971 7.78639 7.49697 7.34568 6.98272 6.89286 6.65223 10.001 8.66776 11.0524 6.22117
threshold=1.0000000180025095e-35 1.0000000180025095e-35 7.3634495735168466 -0.065480265766382204 13.151266574859621 1.0000000180025095e-35 1.0000000180025095e-35 1.0000000180025095e-35 1.0000000180025095e-35 1.0000000180025095e-35 1.0000000180025095e-35 1.0000000180025095e-35 1.0000000180025095e-35 1.0000000180025095e-35 1.0000000180025095e-35 1.0000000180025095e-35 2.7310061454772954 1.0000000180025095e-35 1.0000000180025095e-35 1.0000000180025095e-35 1.0000000180025095e-35 1.0000000180025095e-35 9.9206023216247576 1.0000000180025095e-35 1.0000000180025095e-35 1.0000000180025095e-35 13.600273609161379 10.444900512695314 1.0000000180025095e-35 1.0000000180025095e-35
decision_type=2 2 2 2 2 2 2 2 2 2 2 2 2 2 2 2 2 2 2 2 2 2 2 2 2 2 2 2 2 2
left_child=3 2 16 14 8 29 11 -7 13 10 25 12 18 21 17 -15 -2 -1 23 -20 -10 -4 -23 -5 -12 26 -3 28 -27 -6
right_child=1 9 4 6 5 7 -8 -9 20 -11 24 -13 -14 15 -16 -17 -18 -19 19 -21 -22 22 -24 -25 -26 27 -28 -29 -30 -31
leaf_value=-1.0983739889077115 -1.1302125200960316 -1.0767091784635661 -0.79880369586879851 -1.1253262321145112 -0.7227610924744361 -0.82684162455402666 -1.2289343384308151 -0.99280334976229989 -0.91981638905548457 -1.1149073217623808 -0.92296622084173419 -1.2085579214771105 -1.1977891332407382 -1.0061766419337372 -1.1638175608916748 -0.85874877624731738 -1.0350357214131534 -1.1495034471624037 -1.2124527881158289 -1.1036869567677787 -1.0200150920937465 -0.98443050596800863 -0.83319601493362261 -1.0160612491908867 -1.0509174958345189 -1.1132366839161021 -0.97074412668887866 -1.1792410367919635 -0.9346120853919756 -0.80650757533931916
leaf_weight=73.252692475914955 11.615516453981398 33.160426005721092 18.17266283929348 13.863680928945541 21.732256591320038 11.802863493561745 130.76823362708092 9.5546990185976028 21.357562512159348 48.897577330470085 10.304087176918985 84.118820771574974 44.775942459702492 10.116740137338638 104.72699512541294 8.8053108602762222 74.564121752977371 60.70044082403183 14.238375008106232 13.863680928945541 12.177557572722433 5.6204111874103564 7.4938815832138062 10.116740137338638 7.119187504053115 13.301639810204511 12.177557572722433 11.053475335240362 4.683675989508628 14.987763166427611
leaf_count=391 62 177 97 74 116 63 698 51 114 261 55 449 239 54 559 47 398 324 76 74 65 30 40 54 38 71 65 59 25 80
internal_value=-1.10024 -0.98915 -0.936156 -1.17466 -0.868275 -0.809951 -1.20112 -0.901088 -0.908724 -1.07503 -1.05378 -1.18103 -1.15712 -0.877013 -1.14009 -0.937572 -1.04786 -1.12154 -1.12216 -1.15879 -0.956201 -0.840388 -0.898011 -1.07923 -0.975247 -1.07218 -1.04825 -1.10955 -1.06672 -0.756943
internal_weight=919.125 368.699 228.001 550.426 141.822 58.0776 311.745 21.3576 83.7441 140.698 91.8 180.977 96.8584 50.209 238.68 18.9221 86.1796 133.953 52.0825 28.1021 33.5351 31.287 13.1143 23.9804 17.4233 74.3768 45.338 29.0388 17.9853 36.72
internal_count=4906 1968 1217 2938 757 310 1664 114 447 751 490 966 517 268 1274 101 460 715 278 150 179 167 70 128 93 397 242 155 96 196
is_linear=0
shrinkage=1


Tree=1
num_leaves=31
num_cat=0
split_feature=9 6 0 1 0 13 11 6 11 13 12 11 13 35 6 11 0 1 73 7 26 128 83 74 7 49 11 81 10 7
split_gain=603.46 116.679 112.908 46.0104 26.6882 21.6514 20.0237 16.732 11.0122 12.2565 10.2914 9.32571 9.71488 9.11981 9.1028 7.29823 7.28125 7.00255 11.0963 6.85703 7.41497 6.59163 6.57241 6.30251 6.17896 5.94265 5.93389 5.92866 6.03241 5.46793
threshold=1.0000000180025095e-35 1.0000000180025095e-35 6.566735267639161 -0.065480265766382204 11.560575008392336 1.0000000180025095e-35 1.0000000180025095e-35 1.0000000180025095e-35 1.0000000180025095e-35 1.0000000180025095e-35 1.0000000180025095e-35 1.0000000180025095e-35 1.0000000180025095e-35 1.0000000180025095e-35 1.0000000180025095e-35 1.0000000180025095e-35 13.600273609161379 0.14426952600479129 1.0000000180025095e-35 1.0000000180025095e-35 1.0000000180025095e-35 1.0000000180025095e-35 1.0000000180025095e-35 1.0000000180025095e-35 1.0000000180025095e-35 1.0000000180025095e-35 1.0000000180025095e-35 1.0000000180025095e-35 1.0000000180025095e-35 1.0000000180025095e-35
decision_type=2 2 2 2 2 2 2 2 2 2 2 2 2 2 2 2 2 2 2 2 2 2 2 2 2 2 2 2 2 2
left_child=3 2 22 14 10 -6 29 8 9 19 23 12 13 16 15 -1 -3 18 21 -5 -21 -14 -2 -4 -15 -8 -12 28 -22 -7
right_child=1 11 4 7 5 6 25 -9 -10 -11 26 -13 17 24 -16 -17 -18 -19 -20 20 27 -23 -24 -25 -26 -27 -28 -29 -30 -31
leaf_value=0.0016809995930537371 0.048389426764439331 0.020921406345395761 0.13641538397632785 0.018637104464196683 0.25773837321126786 0.24602634559314074 0.10988246090614945 -0.12435195125118773 -0.10345010064879123 -0.092598493557332046 0.12549591314659458 -0.013300534862804473 0.036499387542462812 0.20001495291714233 -0.059216087883234826 -0.04552373454745326 0.10919480313341007 -0.052650552849579785 0.16924271382294243 -0.10740778227041831 -0.030339439422203185 -0.1094898812980387 -0.030900477840760977 0.2109798746471396 0.053572381533770842 -0.031221152931857499 0.032270842644698677 -0.092034538931713747 0.13418082593649169 0.14738606094621884
leaf_weight=73.321233704686165 64.329797297716141 33.549922272562981 27.523535117506981 24.227081716060638 55.058537676930428 16.18620391190052 8.095936566591261 122.23761603236198 79.507303297519684 42.567247346043587 18.867965951561928 48.537989392876625 11.143690600991251 7.3907299041748029 101.37048107385635 59.195174396038055 12.951537519693373 14.976672962307928 4.8613693416118613 13.429490745067596 4.8626227676868421 4.2809098511934272 12.482696324586867 19.273714691400528 4.7221637666225433 4.7276607751846305 10.699470639228823 4.8626227676868448 4.1145269572734833 8.6085180193185824
leaf_count=391 335 177 136 128 257 77 41 698 449 239 93 261 59 37 559 324 65 81 24 76 26 23 65 93 24 24 55 26 22 41
internal_value=-0.000388157 0.0943136 0.136036 -0.0698049 0.181718 0.217786 0.159311 -0.0960117 -0.0760529 -0.0528955 0.137945 0.0222873 0.0406876 0.065639 -0.03666 -0.0194054 0.0455072 -0.000787156 0.0375024 -0.0200767 -0.0544716 -0.00401815 0.0355041 0.167125 0.142925 0.057862 0.0917609 -0.00310467 0.0450657 0.211779
internal_weight=917.964 388.269 245.854 529.695 169.042 92.6769 37.6183 295.809 173.571 94.0636 76.3647 142.415 93.877 58.6144 233.887 132.516 46.5015 35.2626 20.286 51.4963 27.2693 15.4246 76.8125 46.7972 12.1129 12.8236 29.5674 13.8398 8.97715 24.7947
internal_count=4906 1968 1217 2938 817 440 183 1664 966 517 377 751 490 303 1274 715 242 187 106 278 150 82 400 229 61 65 148 74 48 118
is_linear=0
shrinkage=0.1


Tree=2
num_leaves=31
num_cat=0
split_feature=9 6 1 1 6 0 11 13 11 13 83 11 35 6 0 139 7 26 26 11 5 16 26 21 8 0 13 0 0 54
split_gain=486.438 85.54 80.3916 42.4466 17.4532 14.8226 14.718 13.1912 10.0541 10.0082 7.51005 7.34746 7.68926 6.78616 6.69914 6.49192 6.73572 8.54561 6.91298 6.16382 6.03968 5.79871 5.57698 7.57897 8.05825 5.50953 5.39601 5.23666 5.17675 6.06699
threshold=1.0000000180025095e-35 1.0000000180025095e-35 -0.18701041489839551 -0.14837630838155744 1.0000000180025095e-35 11.560575008392336 1.0000000180025095e-35 1.0000000180025095e-35 1.0000000180025095e-35 1.0000000180025095e-35 1.0000000180025095e-35 1.0000000180025095e-35 1.0000000180025095e-35 1.0000000180025095e-35 3.4195755720138554 1.0000000180025095e-35 1.0000000180025095e-35 1.0000000180025095e-35 1.0000000180025095e-35 1.0000000180025095e-35 1.0000000180025095e-35 1.0000000180025095e-35 1.0000000180025095e-35 1.0000000180025095e-35 1.0000000180025095e-35 11.880903720855715 1.0000000180025095e-35 2.2505134344100957 9.9206023216247576 1.0000000180025095e-35
decision_type=2 2 2 2 2 2 2 2 2 2 2 2 2 2 2 2 2 2 2 2 2 2 2 2 2 2 2 2 2 2
left_child=3 2 14 13 8 10 26 -8 9 15 22 12 -3 19 -2 16 17 21 -18 -1 -19 -5 23 24 -4 -11 -7 -15 29 -10
right_child=1 11 5 4 -6 6 7 -9 28 25 -12 -13 -14 27 -16 -17 18 20 -20 -21 -22 -23 -24 -25 -26 -27 -28 -29 -30 -31
leaf_value=0.005932558357057611 -0.0013117314809728182 0.021594070306758098 0.085553110336909433 0.0339349097672638 -0.11805900524585 0.23519221462877865 0.17624409649631681 0.050596837724889147 -0.12875100492767594 -0.044581233634569534 0.19265667175357232 -0.012056238631130424 0.092385351525333975 0.047208932384076863 0.057863405247796963 -0.10573226573142847 -0.099970029567100466 0.046845049203358136 0.0061615871451756437 -0.040411802911080923 -0.099762553280760863 0.17895876035007796 0.13437213868924711 0.17904182072670979 -0.050689376820299108 -0.11520524481313819 0.17616279973104343 -0.057232983318062307 -0.1083281793092491 -0.0034323414634098502
leaf_weight=65.312600612640381 27.583987697958946 76.27329520881176 14.207313433289533 6.5137039721012115 123.90824368596077 36.865266844630241 22.909129619598389 13.152770385146139 5.8849365413188943 20.205150589346886 12.080807641148565 48.21078684926033 19.207367852330208 5.0950357913970938 62.430097609758377 7.5154868960380545 11.169245928525925 5.5165573060512543 13.622661471366882 51.19201435148716 5.7272583842277527 4.7806308269500732 30.976701617240906 5.2079048901796332 6.2514937222003928 24.36812424659729 26.702870056033134 83.1017906665802 64.51718732714653 11.244738072156906
leaf_count=348 143 397 66 34 755 157 100 65 34 117 56 261 93 29 315 41 67 29 73 287 30 25 144 24 29 144 118 473 386 66
internal_value=-0.000622446 0.0816171 0.116015 -0.0654975 -0.0891406 0.156803 0.181447 0.130417 -0.0693509 -0.0479965 0.121076 0.0197666 0.0358348 -0.030273 0.0397297 -0.0193935 -0.00568386 0.0338819 -0.0416528 -0.0144311 -0.0278324 0.0953202 0.10581 0.0713386 0.0439222 -0.0831912 0.210396 -0.0511995 -0.0953535 -0.0464858
internal_weight=911.735 402.06 258.368 509.675 304.974 168.354 99.63 36.0619 181.066 99.4188 68.7242 143.691 95.4807 204.701 90.0141 54.8455 47.3301 22.5382 24.7919 116.505 11.2438 11.2943 56.6434 25.6667 20.4588 44.5733 63.5681 88.1968 81.6469 17.1297
internal_count=4906 1968 1217 2938 1801 759 440 165 1046 560 319 751 490 1137 458 299 258 118 140 635 59 59 263 119 95 261 275 502 486 100
is_linear=0
shrinkage=0.1


Tree=3
num_leaves=31
num_cat=0
split_feature=9 6 0 1 6 0 11 13 73 11 168 13 97 81 0 7 13 11 13 0 5 35 0 73 78 12 6 11 61 0
split_gain=395.936 64.9301 61.2254 39.0199 15.7505 14.3421 9.43031 9.67692 9.24486 9.10569 7.89314 9.33108 6.82154 6.42751 6.39307 8.2132 5.97271 5.82923 7.3314 6.18627 5.81062 6.93647 5.78731 6.12532 5.42626 6.01343 5.24998 6.07491 5.02245 8.19183
threshold=1.0000000180025095e-35 1.0000000180025095e-35 6.566735267639161 -0.065480265766382204 1.0000000180025095e-35 13.151266574859621 1.0000000180025095e-35 1.0000000180025095e-35 1.0000000180025095e-35 1.0000000180025095e-35 1.0000000180025095e-35 1.0000000180025095e-35 1.0000000180025095e-35 1.0000000180025095e-35 10.788501262664797 1.0000000180025095e-35 1.0000000180025095e-35 1.0000000180025095e-35 1.0000000180025095e-35 13.600273609161379 1.0000000180025095e-35 1.0000000180025095e-35 12.746064186096193 1.0000000180025095e-35 1.0000000180025095e-35 1.0000000180025095e-35 1.0000000180025095e-35 1.0000000180025095e-35 1.0000000180025095e-35 5.7535934448242196
decision_type=2 2 2 2 2 2 2 2 2 2 2 2 2 2 2 2 2 2 2 2 2 2 2 2 2 2 2 2 2 2
left_child=3 2 16 12 6 8 7 -5 10 -7 11 14 26 -14 15 -4 -2 18 19 20 21 -3 23 -20 25 -18 27 -1 -19 -30
right_child=1 17 5 4 -6 9 -8 -9 -10 -11 -12 -13 13 -15 -16 -17 24 28 22 -21 -22 -23 -24 -25 -26 -27 -28 -29 29 -31
leaf_value=-0.0014218531471330493 0.046071418155654228 0.035101780872338666 0.12194832382633849 -0.016993797709916034 -0.11730142920295601 0.19219034569902366 -0.094788120140260043 -0.083632541992810172 0.14292465230432028 0.11843999947447646 0.21038381435421566 0.027210265896847871 0.10694111896247738 -0.045578372336171513 0.15959459495069744 -0.0015365017260391782 -0.072420162509439043 -0.036645203156500897 -0.010236808835567431 0.10319490629800868 -0.011884441001628603 0.15890577911317461 -0.066258393613964864 0.09781030831882688 0.08831144752941894 0.039571762190427795 -0.052860661152950406 -0.046483606927654221 0.15223499955759742 -0.0062658698528347129
leaf_weight=68.16570121049881 53.842422530055046 20.509445458650593 13.943264603614807 50.310141831636429 106.00320917367935 47.774169370532036 70.816927909851074 38.442101985216141 48.313380196690559 25.772324845194817 4.686024844646453 24.046696856617928 6.7449223846197111 4.6804070472717285 14.300847813487051 8.7766063064336777 13.840858072042471 29.372193813323975 17.667147353291515 17.385503888130188 17.538133770227432 5.8068370819091788 10.598521143198012 7.4634372740983954 4.4093697667121878 7.3356985151767722 92.05625756084919 53.318363755941391 4.222252860665324 14.318944483995436
leaf_count=363 271 106 63 278 698 196 449 239 211 114 21 111 38 26 61 40 70 160 93 82 89 26 58 36 22 37 541 306 23 78
internal_value=-0.000766566 0.0715147 0.100758 -0.061464 -0.0874221 0.131914 -0.067573 -0.0458577 0.109713 0.166347 0.0853095 0.0757119 -0.0308204 0.0444612 0.107216 0.0742466 0.0271682 0.0176138 0.0317135 0.052716 0.0327043 0.0624198 -0.00428488 0.0218517 -0.0126113 -0.0336254 -0.0348482 -0.0211991 -0.0109217 0.0298284
internal_weight=902.462 411.924 267.042 490.538 265.572 187.613 159.569 88.7522 114.067 73.5465 65.7534 61.0674 224.966 11.4253 37.0207 22.7199 79.4283 144.882 96.969 61.2399 43.8544 26.3163 35.7291 25.1306 25.5859 21.1766 213.54 121.484 47.9134 18.5412
internal_count=4906 1968 1217 2938 1664 817 966 517 507 310 296 275 1274 64 164 103 400 751 490 303 221 132 187 129 129 107 1210 669 261 101
is_linear=0
shrinkage=0.1


Tree=4
num_leaves=31
num_cat=0
split_feature=9 6 0 1 6 0 11 11 13 73 13 139 0 97 81 0 83 0 7 12 67 54 12 14 8 11 13 1 73 1
split_gain=323.974 50.4318 47.3406 36.0757 17.196 11.5455 8.53298 7.51478 7.42508 6.90227 5.99875 5.88721 5.78154 5.73455 11.5962 5.31865 4.92565 4.8684 5.34935 4.84936 4.82172 4.80899 6.31085 4.70594 4.70837 4.6564 5.75229 5.08026 6.75459 5.46893
threshold=1.0000000180025095e-35 1.0000000180025095e-35 6.566735267639161 -0.16024032235145566 1.0000000180025095e-35 13.151266574859621 1.0000000180025095e-35 1.0000000180025095e-35 1.0000000180025095e-35 1.0000000180025095e-35 1.0000000180025095e-35 1.0000000180025095e-35 12.34633779525757 1.0000000180025095e-35 1.0000000180025095e-35 9.9206023216247576 1.0000000180025095e-35 10.788501262664797 1.0000000180025095e-35 1.0000000180025095e-35 1.0000000180025095e-35 1.0000000180025095e-35 1.0000000180025095e-35 1.0000000180025095e-35 1.0000000180025095e-35 1.0000000180025095e-35 1.0000000180025095e-35 0.14426952600479129 1.0000000180025095e-35 -0.4741805493831634
decision_type=2 2 2 2 2 2 2 2 2 2 2 2 2 2 2 2 2 2 2 2 2 2 2 2 2 2 2 2 2 2
left_child=3 2 16 13 6 9 8 -7 11 10 17 19 -10 20 -15 21 -2 18 -4 -5 -1 -8 -23 -21 -25 26 -3 28 29 -28
right_child=1 25 5 4 -6 7 15 -9 12 -11 -12 -13 -14 14 -16 -17 -18 -19 -20 23 -22 22 -24 24 -26 -27 27 -29 -30 -31
leaf_value=-0.051757742994375279 0.034788860445245574 0.046440382100024935 0.10854029472566513 -0.034041946330507854 -0.111694867034264 0.16934953634977465 -0.1081577241123261 0.10323650825239494 -0.037347641232382607 0.12397478832744054 0.038024272751225649 -0.10111469559244127 -0.11238799394790833 0.14890393309210473 -0.078518206209886823 -0.10093217853462924 -0.033227195599091833 0.14317383773048903 0.013783521903743923 -0.015548282936834294 -0.01715991103318467 -0.072051105599019533 0.080191871741848053 0.021862798582965946 0.15520849136518755 -0.0099609154702753524 -0.081043225084645926 -0.049263572881519523 0.12363553017961487 0.040901472368636026
leaf_weight=59.405699789524078 67.74131777882576 62.426174208521843 15.411048725247383 25.467915818095207 108.75269410014153 48.733353838324547 6.1200250983238229 26.564223349094391 21.476081073284149 50.025793522596359 26.619463339447975 7.2297787070274344 19.672012120485306 5.297940790653227 3.8870490491390228 57.01820370554924 12.632932409644125 15.499704912304876 9.7124443501234055 11.233738347887993 125.12593685090542 5.5513532757759094 5.3437500447034836 6.4519152492284775 4.4912523329257965 47.635229706764221 5.9725908935070029 14.589807018637655 5.4262318015098563 9.5714472234249133
leaf_count=342 335 303 67 141 763 196 39 114 133 211 121 42 131 28 22 386 65 64 44 63 722 34 33 35 24 261 33 81 24 49
internal_value=-0.000858351 0.0632076 0.0885619 -0.0576078 -0.0806395 0.115468 -0.0607792 0.146026 -0.0411103 0.0958473 0.0749216 -0.0170305 -0.0732228 -0.0244593 0.0526598 -0.0862903 0.0240983 0.0990996 0.0719085 -0.0042713 -0.0282979 -0.0372247 0.00261991 0.0299173 0.07659 0.0156858 0.0281537 -0.00394889 0.0275782 -0.00595416
internal_weight=891.087 418.562 272.94 472.525 278.809 192.566 170.056 75.2976 96.0227 117.268 67.2427 54.8746 41.1481 193.717 9.18499 74.0333 80.3743 40.6232 25.1235 47.6448 184.532 17.0151 10.8951 22.1769 10.9432 145.621 97.9863 35.5601 20.9703 15.544
internal_count=4906 1968 1217 2938 1824 817 1061 310 569 507 296 305 264 1114 50 492 400 175 111 263 1064 106 67 122 59 751 490 187 106 82
is_linear=0
shrinkage=0.1


Tree=5
num_leaves=31
num_cat=0
split_feature=9 6 0 1 6 0 11 13 11 12 6 14 0 13 0 108 78 12 54 95 10 5 0 7 12 68 7 14 42 8
split_gain=266.387 39.8726 37.4921 33.0106 14.4888 9.66493 9.34419 7.66965 6.52423 6.49739 6.22152 6.57694 5.60032 4.6909 4.61517 4.49775 4.19777 4.92047 4.18404 6.85939 6.21496 7.23353 4.67364 6.92222 4.15878 5.07518 7.1017 4.24478 4.67616 4.62401
threshold=1.0000000180025095e-35 1.0000000180025095e-35 6.566735267639161 -0.052095215767621987 1.0000000180025095e-35 13.151266574859621 1.0000000180025095e-35 1.0000000180025095e-35 1.0000000180025095e-35 1.0000000180025095e-35 1.0000000180025095e-35 1.0000000180025095e-35 6.0177960395812997 1.0000000180025095e-35 12.34633779525757 1.0000000180025095e-35 1.0000000180025095e-35 1.0000000180025095e-35 1.0000000180025095e-35 1.0000000180025095e-35 1.0000000180025095e-35 1.0000000180025095e-35 2.960985660552979 1.0000000180025095e-35 1.0000000180025095e-35 1.0000000180025095e-35 1.0000000180025095e-35 1.0000000180025095e-35 1.0000000180025095e-35 1.0000000180025095e-35
decision_type=2 2 2 2 2 2 2 2 2 2 2 2 2 2 2 2 2 2 2 2 2 2 2 2 2 2 2 2 2 2
left_child=3 2 13 10 6 9 7 15 -7 -4 11 -1 -12 -2 -9 24 17 -15 20 -20 22 -22 -13 -24 25 -5 -27 28 -26 -29
right_child=1 -3 5 4 -6 8 -8 14 -10 -11 12 18 -14 16 -16 -17 -18 -19 19 -21 21 -23 23 -25 27 26 -28 29 -30 -31
leaf_value=-0.032403452507602522 0.037800143098270352 0.014010094377263744 0.10290550332500417 -0.06867617986069513 -0.11158324887861137 0.15201089581762084 -0.089839376470775015 -0.03569932248723133 0.09085428269307104 0.054921638195839617 -0.028751179805627358 -0.026675219446257725 -0.081349003470041481 -0.068994099617239166 -0.10922183344239687 -0.10657325845599093 0.07225521730671923 0.03178745354074073 -0.045272166005655638 0.10138421821787513 -0.072593286225832401 0.065965116375797314 0.15228100559986657 0.018671757275240994 -0.077176707136741907 0.13278783057664426 -0.048953729385842602 0.011162807531817923 0.056780887924433934 0.14420128820040401
leaf_weight=70.583293735980988 55.495698168873787 146.2787362486124 73.793252155184746 14.570618897676468 89.8355393409729 48.849832728505135 62.21757797896862 16.012939110398293 27.132686883211136 45.692992702126503 61.677194565534592 3.8756445646286037 30.133103013038635 13.505844444036489 18.289445832371712 4.6735292822122565 4.6370390057563773 7.5540245175361624 18.816813126206402 3.8400514721870413 8.7594311088323575 6.6117366105318061 9.1729183644056302 6.717303901910781 5.7104970365762711 3.70844367146492 5.1165235489606857 5.5403714179992676 4.7931431978940964 4.9437785148620605
leaf_count=400 271 751 310 83 688 196 444 105 114 197 377 22 192 70 131 28 22 37 106 21 50 37 51 38 33 19 31 30 27 25
internal_value=-0.000915289 0.0562363 0.0785624 -0.0539699 -0.0800024 0.102288 -0.0605139 -0.038626 0.130172 0.0845559 -0.0261374 -0.0119221 -0.0460143 0.021444 -0.0749003 -0.0132617 -0.0138791 -0.0328445 0.0130916 -0.0204158 0.0346976 -0.0129939 0.0717854 0.0958001 -0.00343607 -0.0324288 0.027418 0.0288828 -0.0160476 0.0738968
internal_weight=878.54 422.94 276.661 455.6 235.412 195.469 145.577 83.3593 75.9825 119.486 220.187 128.377 91.8103 81.1926 34.3024 49.0569 25.6969 21.0599 57.7939 22.6569 35.137 15.3712 19.7659 15.8902 44.3834 23.3956 8.82497 20.9878 10.5036 10.4841
internal_count=4906 1968 1217 2938 1644 817 956 512 310 507 1294 725 569 400 236 276 129 107 325 127 198 87 111 89 248 133 50 115 60 55
is_linear=0
shrinkage=0.1


Tree=6
num_leaves=31
num_cat=0
split_feature=9 6 1 1 6 13 73 24 11 0 0 13 0 0 139 54 12 11 15 74 82 5 0 67 135 7 10 54 83 1
split_gain=219.635 31.9079 31.3091 30.2004 16.088 9.17028 7.37127 11.9959 7.12943 6.90067 6.03924 5.77717 5.09761 4.99637 4.87478 4.62926 5.35985 4.41411 6.60863 4.38815 5.17668 5.82664 6.454 4.37699 4.25842 4.07566 4.01013 4.20745 3.90277 3.86572
threshold=1.0000000180025095e-35 1.0000000180025095e-35 0.082515783607959761 -0.16024032235145566 1.0000000180025095e-35 1.0000000180025095e-35 1.0000000180025095e-35 1.0000000180025095e-35 1.0000000180025095e-35 3.5414099693298344 14.528405189514162 1.0000000180025095e-35 12.34633779525757 9.9206023216247576 1.0000000180025095e-35 1.0000000180025095e-35 1.0000000180025095e-35 1.0000000180025095e-35 1.0000000180025095e-35 1.0000000180025095e-35 1.0000000180025095e-35 1.0000000180025095e-35 13.600273609161379 1.0000000180025095e-35 1.0000000180025095e-35 1.0000000180025095e-35 1.0000000180025095e-35 1.0000000180025095e-35 1.0000000180025095e-35 0.050117878243327148
decision_type=2 2 2 2 2 2 2 2 2 2 2 2 2 2 2 2 2 2 2 2 2 2 2 2 2 2 2 2 2 2
left_child=3 2 9 23 8 10 7 -7 11 -2 17 14 28 15 19 -10 -17 -4 -19 20 21 -5 -23 -1 29 -21 27 -26 -13 -11
right_child=1 -3 5 4 -6 6 -8 -9 13 24 -12 12 -14 -15 -16 16 -18 18 -20 25 -22 22 -24 -25 26 -27 -28 -29 -30 -31
leaf_value=-0.042546820608412167 -0.0066996293727787414 0.01252564778715486 0.12637663551149178 -0.0010424803381940898 -0.10609896236206209 0.18968586077559985 0.11427303216815626 0.016282095070166088 -0.10365809896164471 0.066216618628876511 0.15828971724708774 -0.050500983478880296 -0.10629393342219356 -0.094260662339590476 -0.094947197405237257 -0.064330979316971293 0.078723161081328652 0.1151153371239869 0.008415785038113445 0.0057138796027140981 -0.080794547347702431 0.027752521671086685 0.19578717553092928 -0.0098381342742092665 0.013300824021083743 -0.080684557192217399 0.058916131446622722 -0.10046288088248304 0.071688749639829547 -0.021242045279988242
leaf_weight=60.078474968671799 30.319625586271286 147.20151859521866 34.28507487475872 12.189951509237293 93.539396241307259 4.6380730569362631 22.925224155187607 28.528478279709816 5.5948163121938714 70.137177169322968 30.594250500202179 17.577944785356525 16.981457695364952 50.208602100610733 6.6260697692632666 5.1098642647266388 5.3731482625007629 13.834861308336258 10.00094385445118 11.262749046087265 3.9112322628498069 5.0159111618995667 4.1994774639606476 128.24030312895775 12.045557215809824 10.597167417407036 11.815600126981737 4.4526856243610373 3.0706170946359626 5.4463179111480704
leaf_count=360 152 751 139 68 763 19 94 121 39 314 124 113 131 386 42 34 33 56 41 59 22 28 22 754 57 64 56 21 20 23
internal_value=-0.000953682 0.0501955 0.0700686 -0.0505493 -0.0732414 0.102318 0.0706702 0.0405312 -0.0537543 0.0352745 0.122328 -0.0356515 -0.0657082 -0.0787246 -0.0146295 -0.030208 0.00899251 0.103398 0.0703467 -0.0033487 0.0249913 0.0443207 0.104326 -0.020273 0.0475236 -0.03617 0.0144458 -0.0174027 -0.0323303 0.0599146
internal_weight=865.803 426.225 279.024 439.577 251.258 144.807 56.0918 33.1666 157.719 134.217 88.7151 91.4326 37.63 66.2864 53.8026 16.0778 10.483 58.1209 23.8358 47.1765 25.3166 21.4053 9.21539 188.319 103.897 21.8599 28.3138 16.4982 20.6486 75.5835
internal_count=4906 1968 1217 2938 1824 594 234 140 1061 623 360 569 264 492 305 106 67 236 97 263 140 118 50 1114 471 123 134 78 133 337
is_linear=0
shrinkage=0.1


Tree=7
num_leaves=31
num_cat=0
split_feature=9 1 6 1 6 11 13 13 73 0 0 6 14 0 26 0 10 0 73 132 54 0 67 5 21 64 21 12 8 0
split_gain=181.374 27.9139 25.7959 25.9588 13.8325 7.98705 7.74612 5.98175 5.88073 5.76046 5.52232 5.18945 5.39142 4.95236 4.30793 4.75467 7.36115 4.21143 4.14617 4.14966 4.76718 4.10422 3.86482 3.74868 6.38219 5.81464 5.14356 3.75346 6.68008 3.74789
threshold=1.0000000180025095e-35 -0.052095215767621987 1.0000000180025095e-35 0.082515783607959761 1.0000000180025095e-35 1.0000000180025095e-35 1.0000000180025095e-35 1.0000000180025095e-35 1.0000000180025095e-35 2.7310061454772954 11.190965175628664 1.0000000180025095e-35 1.0000000180025095e-35 2.2505134344100957 1.0000000180025095e-35 7.3634495735168466 1.0000000180025095e-35 13.030800819396974 1.0000000180025095e-35 1.0000000180025095e-35 1.0000000180025095e-35 10.380561351776125 1.0000000180025095e-35 1.0000000180025095e-35 1.0000000180025095e-35 1.0000000180025095e-35 1.0000000180025095e-35 1.0000000180025095e-35 1.0000000180025095e-35 4.1437373161315927
decision_type=2 2 2 2 2 2 2 2 2 2 2 2 2 2 2 2 2 2 2 2 2 2 2 2 2 2 2 2 2 2
left_child=1 11 3 9 5 7 10 -3 -8 -2 21 12 -1 -13 18 -16 -17 -9 19 20 -11 -5 -21 24 25 -4 27 28 -25 -14
right_child=2 4 23 6 -6 -7 8 17 -10 14 -12 13 29 -15 15 16 -18 -19 -20 22 -22 -23 -24 26 -26 -27 -28 -29 -30 -31
leaf_value=-0.027724639527189305 -0.034985398464133378 -0.011220990590658618 0.041081342176850166 0.11657656872774638 -0.10688063646317872 -0.082875947253564092 0.036405712004898415 -0.034839088075993972 0.10211469821627216 -0.075038093552575513 0.12434217888411536 0.057521237819185847 -0.018200638461216282 -0.046223960996240064 0.036473641222965113 0.14112419751609495 0.024770989520007981 -0.10895383981359053 0.051191826811447377 -0.017865186751493678 0.023207764920060731 0.024972210624945021 0.11053376579959631 0.03168490777373531 -0.041502643449028084 -0.05938865341497318 0.068997296962334351 -0.060322344967898303 -0.071576551718563669 0.0341854558867037
leaf_weight=68.415149912238121 11.92568591237068 48.075810983777046 75.778476670384407 8.6059399545192736 76.833826184272766 55.229609027504921 33.231441348791122 17.398108713328842 23.07939974963665 11.852926671504974 68.23484680056572 4.8722714483737937 22.341808065772057 82.721309527754784 52.77792626619339 12.774081662297249 9.467107355594635 13.707430824637411 18.91737625002861 4.6895621865987795 8.46699258685112 11.330432340502737 4.6874957531690598 19.929736137390137 13.189588606357573 6.2342726439237586 7.1050150096416465 16.647989720106125 9.136875659227373 35.132796607911587
leaf_count=400 62 276 384 35 688 444 140 122 94 54 279 29 127 540 249 53 39 114 84 22 38 46 22 101 67 32 35 85 47 198
internal_value=-0.00096527 -0.0472636 0.0449723 0.0628196 -0.0730353 -0.0536882 0.0923106 -0.0333294 0.063337 0.0313875 0.110815 -0.0217621 -0.00875679 -0.0404533 0.0377898 0.0528165 0.0915977 -0.0674996 0.0146015 -0.00870709 -0.0341006 0.0645151 0.0463201 0.0112071 0.0230607 0.033444 -0.0101578 -0.0224602 -0.000774573 0.0138217
internal_weight=852.791 424.728 428.063 280.041 211.245 134.411 144.482 79.1814 56.3108 135.559 88.1712 213.483 125.89 87.5936 123.633 75.0191 22.2412 31.1055 48.6144 29.697 20.3199 19.9364 9.37706 148.022 95.2023 82.0127 52.8196 45.7146 29.0666 57.4746
internal_count=4906 2938 1968 1217 1644 956 594 512 234 623 360 1294 725 569 561 341 92 236 220 136 92 81 44 751 483 416 268 233 148 325
is_linear=0
shrinkage=0.1


Tree=8
num_leaves=31
num_cat=0
split_feature=9 1 6 1 6 11 13 0 13 35 98 7 0 8 73 0 67 11 15 108 16 12 11 35 61 0 12 8 67 0
split_gain=149.795 25.3315 21.0134 21.6236 13.5699 7.36825 6.66692 5.39543 5.29102 4.86538 4.80612 4.93537 4.62665 4.60133 4.23046 4.03204 3.99994 3.78818 5.43027 3.69071 4.15553 3.90599 3.66965 4.99235 4.05543 5.90304 4.41244 6.76234 3.64895 3.66815
threshold=1.0000000180025095e-35 -0.052095215767621987 1.0000000180025095e-35 0.082515783607959761 1.0000000180025095e-35 1.0000000180025095e-35 1.0000000180025095e-35 14.528405189514162 1.0000000180025095e-35 1.0000000180025095e-35 1.0000000180025095e-35 1.0000000180025095e-35 2.7310061454772954 1.0000000180025095e-35 1.0000000180025095e-35 13.030800819396974 1.0000000180025095e-35 1.0000000180025095e-35 1.0000000180025095e-35 1.0000000180025095e-35 1.0000000180025095e-35 1.0000000180025095e-35 1.0000000180025095e-35 1.0000000180025095e-35 1.0000000180025095e-35 5.7535934448242196 1.0000000180025095e-35 1.0000000180025095e-35 1.0000000180025095e-35 2.1683777570724492
decision_type=2 2 2 2 2 2 2 2 2 2 2 2 2 2 2 2 2 2 2 2 2 2 2 2 2 2 2 2 2 2
left_child=1 10 3 12 5 8 7 17 19 14 28 13 -2 -12 16 -10 -8 -5 -19 20 21 -3 23 -4 -24 -26 27 -27 -1 -30
right_child=2 4 22 6 -6 -7 9 -9 15 -11 11 -13 -14 -15 -16 -17 -18 18 -20 -21 -22 -23 24 -25 25 26 -28 -29 29 -31
leaf_value=-0.044431796625316045 -0.032052774605289373 -0.083174247488035369 0.0095470257654042268 0.10470452038670786 -0.10473489357724322 -0.079403998015038488 0.087963583436744333 0.13579722460239615 -0.032122205226715883 -6.688353066455794e-05 -0.084693688330539044 0.10611418497965844 0.033646453761753264 0.056753370774008521 0.1066687200763141 -0.10666977121770937 0.007651569960112019 0.093346796635374832 -0.003126949651773694 -0.099835068974620689 0.029577206092931286 0.0026676427774882465 -0.036044190781776252 0.06473568327951823 0.12174924222506447 0.093534592198367919 -0.088945702090591064 -0.077763656403584763 0.081971493992329003 -0.017724087388030461
leaf_weight=60.763812221586704 11.726008102297781 8.9205794036388397 79.732412740588188 33.856092244386673 70.87381637096405 52.0470340102911 11.495619580149651 29.399401128292084 17.004065699875358 11.874493494629858 4.425041124224661 5.8746055513620368 124.78953197598457 4.7886230796575546 19.649547085165977 12.655003264546393 13.465623617172241 13.857322603464127 10.077539756894112 4.1875679790973654 21.621747046709061 13.0626620054245 29.247462883591652 20.632525160908699 4.6110521703958538 6.1741462796926481 4.6092989891767493 3.6771028488874435 3.7975734472274771 130.99390296638012
leaf_count=386 62 54 397 139 688 444 48 124 122 50 26 33 561 27 80 114 56 56 41 28 123 71 160 93 23 33 25 20 22 800
internal_value=-0.000964663 -0.0441039 0.0403782 0.0565027 -0.0695579 -0.0503058 0.083582 0.10092 -0.0307519 0.0568188 -0.0198911 0.0344888 0.0280032 -0.0111793 0.0719606 -0.0639303 0.0446384 0.0831776 0.0527275 -0.0101621 -0.0015504 -0.0321661 0.00999188 0.0208924 -0.01265 0.0232265 -0.0081896 0.0295954 -0.0240868 -0.0149153
internal_weight=839.891 411.016 428.875 280.191 200.372 129.499 143.676 87.1904 77.4516 56.4853 210.644 15.0883 136.516 9.21366 44.6108 29.6591 24.9612 57.791 23.9349 47.7926 43.605 21.9832 148.684 100.365 48.3191 19.0716 14.4605 9.85125 195.555 134.791
internal_count=4906 2938 1968 1217 1644 956 594 360 512 234 1294 86 623 53 184 236 104 236 97 276 248 125 751 490 261 101 78 53 1208 822
is_linear=0
shrinkage=0.1


Tree=9
num_leaves=31
num_cat=0
split_feature=9 1 6 0 6 11 0 13 12 11 108 0 54 12 7 67 83 139 81 74 168 13 0 140 7 26 26 81 10 69
split_gain=123.882 23.1779 17.1776 18.5409 14.7273 7.73748 7.36206 6.78455 5.62645 5.3687 5.06187 4.65749 4.51093 5.43923 4.32645 4.04583 4.03562 4.55718 3.97577 4.14912 3.88051 4.08773 5.51879 4.03874 4.01521 7.95711 4.85597 4.81809 6.93994 4.81225
threshold=1.0000000180025095e-35 -0.16024032235145566 1.0000000180025095e-35 6.566735267639161 1.0000000180025095e-35 1.0000000180025095e-35 11.741273403167726 1.0000000180025095e-35 1.0000000180025095e-35 1.0000000180025095e-35 1.0000000180025095e-35 10.260096073150637 1.0000000180025095e-35 1.0000000180025095e-35 1.0000000180025095e-35 1.0000000180025095e-35 1.0000000180025095e-35 1.0000000180025095e-35 1.0000000180025095e-35 1.0000000180025095e-35 1.0000000180025095e-35 1.0000000180025095e-35 11.880903720855715 1.0000000180025095e-35 1.0000000180025095e-35 1.0000000180025095e-35 1.0000000180025095e-35 1.0000000180025095e-35 1.0000000180025095e-35 1.0000000180025095e-35
decision_type=2 2 2 2 2 2 2 2 2 2 2 2 2 2 2 2 2 2 2 2 2 2 2 2 2 2 2 2 2 2
left_child=1 -1 3 15 9 6 16 -7 14 10 20 12 -11 -14 -9 18 17 -5 19 -2 21 23 -23 24 25 -3 -26 28 -28 -27
right_child=2 4 -4 5 -6 7 -8 8 -10 11 -12 -13 13 -15 -16 -17 -18 -19 -20 -21 -22 22 -24 -25 26 29 27 -29 -30 -31
leaf_value=-0.014736707821944759 -0.025221365810665048 0.10432845839068552 0.0089262826382180329 0.057368597842029405 -0.099145265234803187 0.06459367008907646 0.1075625941495805 -0.00047841523923638162 -0.059752539897828305 -0.099346969917571248 -0.10703077473561734 -0.086604455191644447 -0.061727267345549321 0.078368723105822727 0.10822660183254749 0.026358436616521291 0.11241520341511908 -0.036302300422301842 -0.055209049310494356 0.099136835419454394 -0.12432721841668833 -0.0042912485512765558 -0.092037296042222577 -0.08418633973399231 -0.076263384296723899 -0.071329374765954578 -0.018021307114749429 -0.073251018738952997 0.16846539644057118 0.070118610114161428
leaf_weight=181.46445585787296 6.8191553950309753 10.548022866249084 149.02867898344994 43.648886933922768 74.639548763632774 47.397973075509071 61.625310674309731 10.682864069938661 9.6075200140476245 5.2961603999137887 7.4937845021486273 40.077081322669983 5.2115967199206352 5.9185723960399628 5.5703772604465476 57.975299909710884 11.314043670892714 5.8953083455562583 14.773553907871246 4.4231558293104172 3.4729975014924994 15.163733020424845 13.593404300510882 4.8323797434568396 8.6004953682422638 6.5195846557617188 4.4430789500474912 3.6107276380062112 3.6225462257862091 3.811285212635994
leaf_count=1114 33 52 751 180 763 195 263 45 41 42 56 371 40 39 23 276 46 24 71 20 23 102 127 31 58 36 25 21 19 19
internal_value=-0.000953366 -0.0411067 0.036349 0.0509586 -0.0631731 0.0678228 0.083199 0.0421149 0.000915612 -0.0442937 -0.0285184 -0.0682238 -0.0233786 0.0127701 0.0367774 0.0116562 0.0585284 0.0462226 -0.0211073 0.0237059 -0.0209964 -0.0161952 -0.0457685 0.00229742 0.0124521 0.0432333 -0.0192431 0.0227566 0.0657362 -0.0191461
internal_weight=827.082 398.319 428.762 279.733 216.855 195.742 122.484 73.2587 25.8608 142.215 85.712 56.5034 16.4263 11.1302 16.2532 83.9912 60.8582 49.5442 26.0159 11.2423 78.2183 74.7453 28.7571 45.9881 41.1557 20.8789 20.2768 11.6764 8.06563 10.3309
internal_count=4906 2938 1968 1217 1824 817 513 304 109 1061 569 492 121 79 68 400 250 204 124 53 513 490 229 261 230 107 123 65 44 55
is_linear=0
shrinkage=0.1


Tree=10
num_leaves=31
num_cat=0
split_feature=9 1 6 0 13 6 6 0 11 14 0 11 0 13 1 8 11 0 12 10 15 26 0 54 94 5 0 0 7 62
split_gain=102.577 21.3814 14.0955 15.894 8.59081 8.11596 6.86006 7.64971 6.35059 5.89438 6.49073 5.16514 4.77021 4.69109 4.59378 5.25277 6.14261 9.99427 4.1308 4.22872 8.54633 7.08611 4.0516 3.9382 5.19731 4.8353 6.15844 7.48766 5.87454 4.64063
threshold=1.0000000180025095e-35 0.13636017590761187 1.0000000180025095e-35 11.190965175628664 1.0000000180025095e-35 1.0000000180025095e-35 1.0000000180025095e-35 6.0177960395812997 1.0000000180025095e-35 1.0000000180025095e-35 2.1683777570724492 1.0000000180025095e-35 5.9260780811309823 1.0000000180025095e-35 -0.40056277811527247 1.0000000180025095e-35 1.0000000180025095e-35 3.4195755720138554 1.0000000180025095e-35 1.0000000180025095e-35 1.0000000180025095e-35 1.0000000180025095e-35 8.3682408332824725 1.0000000180025095e-35 1.0000000180025095e-35 1.0000000180025095e-35 3.6783025264739995 4.8911705017089853 1.0000000180025095e-35 1.0000000180025095e-35
decision_type=2 2 2 2 2 2 2 2 2 2 2 2 2 2 2 2 2 2 2 2 2 2 2 2 2 2 2 2 2 2
left_child=1 6 3 12 -5 8 9 -8 13 10 -1 -6 14 -3 15 -2 17 -17 19 21 22 -14 -21 25 -25 26 -11 -28 -29 -27
right_child=2 5 -4 4 11 -7 7 -9 -10 23 -12 -13 18 -15 -16 16 -18 -19 -20 20 -22 -23 -24 24 -26 29 27 28 -30 -31
leaf_value=0.20631816705606421 -0.005000745855450411 -0.010879046976514331 0.0080012683634860544 0.099137772442221508 0.066787622524820497 -0.10083888822750807 -0.018485446330203045 -0.077538231729453386 -0.083564427993738574 -0.06416908640555001 -0.028626171322941426 -0.0036309470487720184 -0.01375683980832958 -0.070240409715303473 -0.052858035079836822 -0.07929079759189761 0.11675800241323127 0.078497710726045958 0.015657218009030523 0.19510403016190259 0.012470404034288776 0.080156499318817562 0.090072302090504042 -0.027890248950227944 0.09518037338591695 0.049700005313959843 0.16829176703533702 0.060179230469423972 -0.09938795900595547 0.17917383972015613
leaf_weight=1.1940967291593541 39.476650521159172 39.255372151732445 149.59998202323914 64.32502119243145 30.343799516558647 50.367539331316948 57.286779031157494 35.548714868724346 37.515244536101818 7.9621534049510982 77.085858233273029 15.860692396759985 15.287443056702612 20.144247032701969 10.599730357527731 6.6272399425506618 9.5374591946601885 10.180964991450308 35.983849540352821 6.6946338266134271 8.6626505106687546 16.934297919273376 8.1362913399934751 26.173361085355285 3.9491278603672972 12.697208821773531 3.6844624876976004 6.2556004971265775 3.6554056480526924 3.5401289686560622
leaf_count=7 189 229 751 279 126 574 377 306 371 48 486 67 64 186 49 33 45 47 151 28 36 70 33 160 23 71 21 36 23 20
internal_value=-0.000942749 -0.0383057 0.0327615 0.0460546 0.0755096 -0.0682766 -0.0198388 -0.041098 -0.0513537 -0.00633915 -0.0250423 0.0426149 0.0266897 -0.0310103 0.00823826 0.0180769 0.0526568 0.0162839 0.0420672 0.0591241 0.091388 0.0355998 0.137483 0.0152176 -0.0117554 0.0367151 0.00567291 0.0465757 0.0013272 0.0779284
internal_weight=814.566 386.315 428.251 278.651 110.53 147.282 239.033 92.8355 96.9149 146.197 78.28 46.2045 168.121 59.3996 76.422 65.8223 26.3457 16.8082 91.6992 55.7153 23.4936 32.2217 14.8309 67.9174 30.1225 37.795 21.5576 13.5955 9.91101 16.2373
internal_count=4906 2938 1968 1217 472 1360 1578 683 786 895 493 193 745 415 363 314 125 80 382 231 97 134 61 402 183 219 128 80 59 91
is_linear=0
shrinkage=0.1


Tree=11
num_leaves=31
num_cat=0
split_feature=9 1 6 0 6 11 11 6 1 13 14 0 13 0 1 0 1 7 13 5 39 0 0 12 68 7 1 51 14 0
split_gain=84.911 19.237 11.597 13.7794 7.99573 6.86899 5.91902 5.81534 7.081 4.86821 4.79411 4.81478 4.16487 4.14247 3.75805 4.3397 3.59645 3.47463 5.89327 7.3632 7.96729 4.92496 4.3096 3.46794 5.51001 4.469 3.53531 3.45256 3.42725 5.96314
threshold=1.0000000180025095e-35 0.13636017590761187 1.0000000180025095e-35 11.560575008392336 1.0000000180025095e-35 1.0000000180025095e-35 1.0000000180025095e-35 1.0000000180025095e-35 -0.26367023587226862 1.0000000180025095e-35 1.0000000180025095e-35 2.1683777570724492 1.0000000180025095e-35 5.9260780811309823 -0.40056277811527247 4.3846678733825692 -0.46444596350193018 1.0000000180025095e-35 1.0000000180025095e-35 1.0000000180025095e-35 1.0000000180025095e-35 3.0266940593719487 11.690622806549074 1.0000000180025095e-35 1.0000000180025095e-35 1.0000000180025095e-35 0.79298806190490734 1.0000000180025095e-35 1.0000000180025095e-35 3.4195755720138554
decision_type=2 2 2 2 2 2 2 2 2 2 2 2 2 2 2 2 2 2 2 2 2 2 2 2 2 2 2 2 2 2
left_child=1 7 3 13 6 -5 12 10 28 -7 11 -1 23 14 15 -2 -17 18 19 -4 -21 -19 -20 24 -3 -26 -25 -23 -9 -30
right_child=2 4 17 5 -6 9 -8 8 -10 -11 -12 -13 -14 -15 -16 16 -18 21 22 20 -22 27 -24 26 25 -27 -28 -29 29 -31
leaf_value=0.16575008060079091 -0.0010561615027434932 -0.088892378957063936 0.061474283742636165 0.092024858651172922 -0.098956754900234534 0.066773703761582537 -0.080556626731222838 -0.0014340052511729109 -0.081156321326413178 -0.0053455651828373755 0.013450531542263878 -0.026231271610425207 -0.066825672030520311 0.038258373897235964 -0.048569203014026494 0.10113910760052927 0.016895898915769526 0.095112749310172315 0.01051382497662077 -0.045762942972033385 0.094323802928672804 -0.038763453156461666 -0.063652516830855363 0.042327440305308675 0.093805204392327132 -0.045825850942603781 -0.063054665841713611 0.020888239805153024 0.019298381499773257 -0.084726207696327535
leaf_weight=1.3292592763900746 45.664324536919594 10.497072368860245 41.140992894768715 61.547134697437286 46.397318288683891 23.87146170437336 35.148063041269779 38.86375804245472 26.874309778213501 15.396746829152105 68.365773260593414 75.782513059675694 19.1108458340168 99.713276669383049 10.393307402729986 9.1146149039268511 11.413262218236921 3.8590146601200095 23.173900946974754 16.184857577085499 5.4193289875984183 35.083472162485123 11.83639435470104 15.251059450209143 4.163028210401535 5.1005275472998619 4.0231932401657096 13.412008613348005 8.3699051141738909 16.131392285227776
leaf_count=7 221 67 200 275 574 100 371 262 257 65 402 486 186 414 49 41 52 20 117 82 26 174 66 86 20 34 22 66 54 110
internal_value=-0.00092834 -0.035626 0.029561 0.0416871 -0.0650314 0.0711752 -0.0481595 -0.0181997 -0.0381427 0.0384963 -0.00582902 -0.0229219 -0.028576 0.0248245 0.00733373 0.0161115 0.0543009 0.00717532 0.0183094 0.0366501 -0.0106227 -0.0136141 -0.0145606 -0.00984952 -0.0392868 0.0169241 0.0203306 -0.0222661 -0.0198999 -0.0491903
internal_weight=802.632 375.408 427.224 277.114 139.691 100.815 93.2938 235.717 90.2394 39.2682 145.478 77.1118 58.1457 176.299 76.5855 66.1922 20.5279 150.11 97.7555 62.7452 21.6042 52.3545 35.0103 39.0349 19.7606 9.26356 19.2743 48.4955 63.3651 24.5013
internal_count=4906 2938 1968 1217 1360 440 786 1578 683 165 895 493 415 777 363 314 93 751 491 308 108 260 183 229 121 54 108 240 426 164
is_linear=0
shrinkage=0.1


Tree=12
num_leaves=31
num_cat=0
split_feature=9 1 6 0 6 13 11 6 1 24 73 14 0 13 140 55 0 67 81 74 12 135 83 0 16 39 11 26 54 0
split_gain=70.2424 17.3271 9.56775 11.8206 7.8037 6.49536 5.45486 4.954 6.41971 4.63668 5.698 3.92776 3.68145 3.65896 3.39828 3.48207 3.37042 3.89581 3.83723 3.53751 3.40168 3.89174 3.51125 3.47684 3.29938 3.27354 5.84887 4.73546 4.29801 5.81514
threshold=1.0000000180025095e-35 0.13636017590761187 1.0000000180025095e-35 11.560575008392336 1.0000000180025095e-35 1.0000000180025095e-35 1.0000000180025095e-35 1.0000000180025095e-35 -0.26367023587226862 1.0000000180025095e-35 1.0000000180025095e-35 1.0000000180025095e-35 2.1683777570724492 1.0000000180025095e-35 1.0000000180025095e-35 1.0000000180025095e-35 6.1615331172943124 1.0000000180025095e-35 1.0000000180025095e-35 1.0000000180025095e-35 1.0000000180025095e-35 1.0000000180025095e-35 1.0000000180025095e-35 7.5277206897735605 1.0000000180025095e-35 1.0000000180025095e-35 1.0000000180025095e-35 1.0000000180025095e-35 1.0000000180025095e-35 4.7556469440460214
decision_type=2 2 2 2 2 2 2 2 2 2 2 2 2 2 2 2 2 2 2 2 2 2 2 2 2 2 2 2 2 2
left_child=1 7 3 16 6 -5 13 11 14 -7 -11 12 -1 24 15 -9 17 18 19 -2 21 22 23 -18 -3 26 28 -27 -13 -30
right_child=2 4 -4 5 -6 9 -8 8 -10 10 -12 25 -14 -15 -16 -17 20 -19 -20 -21 -22 -23 -24 -25 -26 27 -28 -29 29 -31
leaf_value=0.1378558558526688 -0.0316598442055155 -0.038377454459718803 0.0063948768925867587 0.087984432383178934 -0.097116774696948543 0.11588640657157219 -0.077567954592219809 -0.0009481227333829694 -0.077916587252725558 -0.010740767947018413 0.069038753484804857 0.063304153467252058 -0.024006307833073368 -0.063469871458922578 0.077385979784042061 -0.049594188059014728 0.10772409696637719 0.02139609075824539 -0.063850137335198939 0.083642902106016132 0.011532250755060475 -0.031224512241140319 0.11245568114799015 0.032976242105607172 0.020026457301562113 -0.011187364958473146 -0.04232546061887784 0.093885952962517921 -0.083787965952808408 0.041517220417179049
leaf_weight=1.4321456402540196 6.3332789242267609 19.268346704542637 150.33567136526108 55.768378794193268 42.737178817391396 6.2511311471462241 32.966232657432556 31.209146767854691 25.276317164301872 21.340217128396034 15.422100931406019 15.733094893395901 74.590737827122211 18.159512348473072 3.5106106102466574 27.840586721897125 7.5427046865224829 57.100931778550148 12.840407535433769 4.5887257754802704 37.648932546377182 5.3436380624771109 9.7689652889966947 35.561371579766273 19.42309894412756 7.4528308436274537 20.385146796703339 10.104463279247284 6.3993901461362848 8.7916834726929647
leaf_count=7 31 116 751 257 574 27 371 209 257 90 66 86 486 186 24 193 31 268 63 20 156 23 40 145 113 42 130 55 36 53
internal_value=-0.000910592 -0.0330835 0.0266865 0.0377589 -0.0619421 0.0654643 -0.0452051 -0.0166464 -0.0353849 0.0362662 0.0227274 -0.00528648 -0.0209571 -0.0264389 -0.0182008 -0.0238836 0.022273 0.00723664 -0.0267884 0.016783 0.0349563 0.0501048 0.0583244 0.0460562 -0.0090587 0.0120125 -0.000741115 0.0492838 0.0266712 -0.0112688
internal_weight=791.127 365.281 425.846 275.511 132.554 98.7818 89.8172 232.726 87.8367 43.0134 36.7623 144.889 76.0229 56.851 62.5603 59.0497 176.729 80.8633 23.7624 10.922 95.8656 58.2167 52.873 43.1041 38.6914 68.8666 51.3093 17.5573 30.9242 15.1911
internal_count=4906 2938 1968 1217 1360 440 786 1578 683 183 156 895 493 415 426 402 777 382 114 51 395 239 216 176 229 402 305 97 175 89
is_linear=0
shrinkage=0.1


Tree=13
num_leaves=31
num_cat=0
split_feature=9 1 6 0 6 13 13 74 11 0 16 31 8 98 13 11 26 16 7 98 8 15 8 39 0 69 80 0 14 56
split_gain=58.1368 15.5757 11.6432 8.24782 8.43239 5.40419 5.15735 5.0986 5.55917 4.68285 4.35019 7.23462 5.6589 4.17065 4.02556 6.82983 6.52257 4.15161 3.94863 3.83058 3.65793 5.2542 3.60634 3.51743 3.51403 3.38664 3.35076 3.24334 3.1394 4.38874
threshold=1.0000000180025095e-35 -0.052095215767621987 1.0000000180025095e-35 9.5838465690612811 1.0000000180025095e-35 1.0000000180025095e-35 1.0000000180025095e-35 1.0000000180025095e-35 1.0000000180025095e-35 14.528405189514162 1.0000000180025095e-35 1.0000000180025095e-35 1.0000000180025095e-35 1.0000000180025095e-35 1.0000000180025095e-35 1.0000000180025095e-35 1.0000000180025095e-35 1.0000000180025095e-35 1.0000000180025095e-35 1.0000000180025095e-35 1.0000000180025095e-35 1.0000000180025095e-35 1.0000000180025095e-35 1.0000000180025095e-35 10.788501262664797 1.0000000180025095e-35 1.0000000180025095e-35 4.6392881870269784 1.0000000180025095e-35 1.0000000180025095e-35
decision_type=2 2 2 2 2 2 2 2 2 2 2 2 2 2 2 2 2 2 2 2 2 2 2 2 2 2 2 2 2 2
left_child=1 13 6 7 5 9 -3 10 23 -5 26 12 -12 -1 15 16 -6 -18 22 -7 21 -17 -15 -9 -16 -8 28 -14 -2 -30
right_child=3 2 -4 4 14 19 25 8 -10 -11 11 -13 27 18 24 20 17 -19 -20 -21 -22 -23 -24 -25 -26 -27 -28 -29 29 -31
leaf_value=-0.016143104027418951 0.0055456103438162032 -0.020063327392457302 -0.095480978201046396 0.053228682790300276 0.094263863854957441 0.016679078823267052 -0.046112045833077209 0.044270791180405208 -0.0050949151203775606 0.10523774908249035 -0.019922358117367811 0.094232739496573653 0.10651821085261255 -0.074727379876775912 0.059185679925067382 0.047440134791539107 0.040194693659344444 -0.061854756166905139 0.10228894178397839 0.08445445180725264 -0.10688905490756911 -0.077741538538753402 0.054558984637525509 0.12749370575367225 -0.044845312253076274 -0.11016603538773223 -0.083971716411495853 0.011931503697402234 -0.0094541051510172898 -0.093984716788636485
leaf_weight=183.83810137212276 56.089045718312263 70.44413647800684 47.599258705973625 56.092156425118446 17.685405537486076 46.070062652230263 27.645647041499615 33.129987016320229 22.797422677278519 25.040695458650589 31.122063189744949 11.080581724643705 6.7287187576293928 3.9161163941025716 3.9910595118999508 8.8289925158023852 13.488936722278597 5.6589975208044043 5.9261638298630706 10.182221695780752 4.140580713748931 5.4058962464332572 4.8046030849218369 5.9979857355356208 17.416019767522812 11.767768226563929 6.2821668088436118 7.8597613126039505 20.412996619939804 8.7854834049940127
leaf_count=1208 266 550 688 244 79 196 265 147 105 124 149 48 32 26 20 47 61 26 33 43 23 29 27 25 98 141 30 35 100 41
internal_value=-0.000880493 -0.0306832 -0.0541696 0.0241215 0.0379424 0.0527661 -0.0362701 0.0100564 0.034158 0.0692807 -3.54262e-06 0.02174 0.0041672 -0.0120515 0.011361 0.0256344 0.0504772 0.0100349 0.0393035 0.0289471 -0.0241625 -9.93402e-05 -0.0034982 0.0570282 -0.0254501 -0.0652368 -0.0134888 0.0555582 -0.00829711 -0.0348884
internal_weight=780.229 355.942 157.457 424.287 214.001 137.385 109.858 210.286 61.9254 81.1329 148.361 56.7911 45.7105 198.485 76.6159 55.2088 36.8333 19.1479 14.6469 56.2523 18.3755 14.2349 8.72072 39.128 21.4071 39.4134 91.5697 14.5885 85.2875 29.1985
internal_count=4906 2938 1644 1968 990 607 956 978 277 368 701 264 216 1294 383 265 166 87 86 239 99 76 53 172 118 406 437 67 407 141
is_linear=0
shrinkage=0.1


Tree=14
num_leaves=31
num_cat=0
split_feature=9 1 190 6 0 11 6 11 6 1 13 64 7 128 0 13 0 108 237 14 0 80 49 0 39 11 67 13 12 68
split_gain=47.9567 13.983 7.72735 7.54252 7.37097 8.33766 7.34351 5.15189 4.04027 5.5676 3.6275 3.55874 3.65566 4.47982 6.3924 5.37186 4.07105 3.52613 3.29806 3.88786 3.08507 3.06663 3.05016 3.04989 3.00546 5.57461 4.18839 2.99099 3.07653 4.90879
threshold=1.0000000180025095e-35 0.13636017590761187 1.0000000180025095e-35 1.0000000180025095e-35 11.560575008392336 1.0000000180025095e-35 1.0000000180025095e-35 1.0000000180025095e-35 1.0000000180025095e-35 -0.26367023587226862 1.0000000180025095e-35 1.0000000180025095e-35 1.0000000180025095e-35 1.0000000180025095e-35 5.07460641860962 1.0000000180025095e-35 3.0266940593719487 1.0000000180025095e-35 1.0000000180025095e-35 1.0000000180025095e-35 2.1683777570724492 1.0000000180025095e-35 1.0000000180025095e-35 15.034907817840578 1.0000000180025095e-35 1.0000000180025095e-35 1.0000000180025095e-35 1.0000000180025095e-35 1.0000000180025095e-35 1.0000000180025095e-35
decision_type=2 2 2 2 2 2 2 2 2 2 2 2 2 2 2 2 2 2 2 2 2 2 2 2 2 2 2 2 2 2
left_child=1 8 3 4 -2 -6 7 17 18 -10 -7 12 13 14 -5 -16 -14 27 19 20 -1 23 -12 -18 25 -21 -26 28 29 -3
right_child=2 6 -4 11 5 10 -8 -9 9 -11 22 -13 16 -15 15 -17 21 -19 -20 24 -22 -23 -24 -25 26 -27 -28 -29 -30 -31
leaf_value=0.11954659434759868 0.018075986860904853 -0.080340848282601462 0.12576191704152237 0.098224629626735477 0.077380869760696525 0.041948216817815347 -0.093487197555563312 -0.072997742995994708 -0.01535723216008163 -0.07307320350377304 0.011376463606095 -0.060523393176028485 0.079281217590850939 -0.048729179456037428 0.033786230100559776 -0.024502443660839316 -0.045930791401409932 -0.11572182724995571 0.077946489754819215 0.025655064494888975 -0.025273709768849597 0.057172772785663753 -0.083563764085867673 0.030048418474049661 -0.024346367079449652 -0.044265880401937352 0.079980735968913946 -0.051871049853692841 0.03025433902237952 0.025256348679428626
leaf_weight=1.50206959247589 176.76350928843021 8.9617665633559227 7.0294435620307913 10.39753384888172 55.465218618512154 21.401636391878128 36.27256865799427 29.948240540921688 61.250374272465706 22.986245885491371 9.4790591746568662 8.6167512238025648 4.0512733608484259 9.1708838492631894 47.220992743968964 23.769626379013062 33.507374852895737 3.6914696246385565 4.8050502538681021 29.158936768770218 71.066447585821152 4.0711199641227713 5.2626487761735907 6.2721124142408362 5.6617371588945398 18.724720969796181 12.013438478112221 15.057764731347559 18.077505111694336 8.6524690687656403
leaf_count=7 777 60 34 51 267 95 574 371 426 257 39 44 20 48 226 125 167 35 28 165 475 21 23 31 33 124 63 170 100 50
internal_value=-0.000848749 -0.0283473 0.0217911 0.0200319 0.0300067 0.0530276 -0.0558583 -0.0396845 -0.0137348 -0.0311066 0.0156552 0.00183093 0.00571138 0.017529 0.024995 0.0142696 -0.01663 -0.0213587 -0.00349676 -0.00632993 -0.0222761 -0.025491 -0.0225163 -0.033951 0.0113213 -0.00168725 0.0465625 -0.0144948 0.00127359 -0.0284694
internal_weight=770.31 347.831 422.479 415.45 268.372 91.6086 120.662 84.3892 227.169 84.2366 36.1433 147.078 138.461 90.559 81.3882 70.9906 47.9019 54.441 142.932 138.127 72.5685 43.8506 14.7417 39.7795 65.5588 47.8837 17.6752 50.7495 35.6917 17.6142
internal_count=4906 2938 1968 1934 1201 424 1360 786 1578 683 157 733 689 450 402 351 239 415 895 867 482 219 62 198 385 289 96 380 210 110
is_linear=0
shrinkage=0.1


Tree=15
num_leaves=31
num_cat=0
split_feature=9 0 263 190 92 0 6 191 11 96 137 12 134 55 11 0 10 108 14 108 1 1 6 5 0 12 15 6 13 62
split_gain=39.6187 12.8234 6.44743 6.41959 6.12102 6.19419 5.57325 5.24743 4.80701 5.7075 5.95898 6.70053 14.1128 7.5561 4.07795 4.83507 4.82463 4.01321 4.22426 3.9054 4.21002 4.32674 3.76921 3.69776 3.57181 3.40619 4.38727 3.3724 3.86691 3.44911
threshold=1.0000000180025095e-35 13.474332809448244 1.0000000180025095e-35 1.0000000180025095e-35 1.0000000180025095e-35 9.5838465690612811 1.0000000180025095e-35 1.0000000180025095e-35 1.0000000180025095e-35 1.0000000180025095e-35 1.0000000180025095e-35 1.0000000180025095e-35 1.0000000180025095e-35 1.0000000180025095e-35 1.0000000180025095e-35 13.151266574859621 1.0000000180025095e-35 1.0000000180025095e-35 1.0000000180025095e-35 1.0000000180025095e-35 0.16662864387035373 0.12160620465874673 1.0000000180025095e-35 1.0000000180025095e-35 4.0561258792877206 1.0000000180025095e-35 1.0000000180025095e-35 1.0000000180025095e-35 1.0000000180025095e-35 1.0000000180025095e-35
decision_type=2 2 2 2 2 2 2 2 2 2 2 2 2 2 2 2 2 2 2 2 2 2 2 2 2 2 2 2 2 2
left_child=1 8 3 4 5 17 14 27 9 10 22 12 -12 24 15 16 -7 -2 -19 20 21 -8 -1 25 -13 26 -16 28 29 -3
right_child=2 7 -4 -5 -6 6 19 -9 -10 -11 11 13 -14 -15 23 -17 -18 18 -20 -21 -22 -23 -24 -25 -26 -27 -28 -29 -30 -31
leaf_value=-0.0081174331559785481 0.0021910725415901565 0.023368140117897295 0.1235142487865047 0.11279833440222567 -0.10266657514533498 0.0097811655905686006 0.016424866401572601 0.074116495271747684 -0.033487252028823675 0.048504093407943281 0.18532681652227473 -0.030661170660148358 -0.065569847593386729 -0.12451139199379382 0.10753757789840096 0.085686361108775116 0.079761683901113448 0.1131421398354867 -0.00019105642885680163 -0.071560769589903192 0.0047367590695899051 0.15510283962784724 -0.043747798125653381 -0.016416143317693185 0.11511139903214232 -0.001154621965866996 0.011464530479149913 -0.10662271170208848 -0.10099488895475528 -0.056238846573615803
leaf_weight=86.118768103420734 194.77040120959282 7.3690644651651409 5.8959248214960089 7.0520447939634314 4.2605759650468817 27.170561999082565 5.0620487332344037 2.5407204031944266 107.01533901691437 17.024389825761318 6.377151720225811 3.1187276393175125 3.4574082493782043 4.0717556327581406 11.222973451018333 34.071080192923546 15.455683365464209 6.9094191789627057 6.2761532217264175 5.6616697907447806 55.701961204409599 4.0496667474508286 45.311344280838966 17.363749638199806 3.6458743065595627 11.848724707961084 8.2454448044300079 19.69033670425415 13.209981121122835 20.818522356450558
leaf_count=538 903 63 28 34 20 115 25 28 914 131 40 19 23 27 49 177 67 31 29 29 280 20 433 75 22 51 35 338 182 180
internal_value=-0.000823747 -0.0262262 0.0196765 0.0182017 0.016567 0.017825 0.0305872 -0.0666976 -0.0169008 -0.00640559 -0.0125515 0.0373584 0.0971223 -0.0168804 0.0432344 0.0576025 0.0351551 0.00580557 0.0591971 0.00808725 0.0150447 0.0780598 -0.0204012 0.0205973 0.0479049 0.0411194 0.0668478 -0.0725542 -0.0563499 -0.0354272
internal_weight=760.787 339.769 421.018 415.122 408.07 403.81 195.854 63.6286 276.141 169.125 152.101 20.6709 9.83456 10.8364 125.378 76.6973 42.6262 207.956 13.1856 70.4753 64.8137 9.11172 131.43 48.6809 6.7646 31.3171 19.4684 61.0879 41.3976 28.1876
internal_count=4906 2938 1968 1940 1906 1886 923 791 2147 1233 1102 131 63 68 569 359 182 963 60 354 325 45 971 210 41 135 84 763 425 243
is_linear=0
shrinkage=0.1


Tree=16
num_leaves=31
num_cat=0
split_feature=9 1 6 13 73 190 67 6 0 7 58 35 0 5 77 108 99 12 62 0 11 151 0 54 12 168 135 33 12 68
split_gain=32.6978 11.8274 10.6258 6.05675 7.57287 6.25031 6.07872 5.70862 6.56745 3.81699 4.68604 5.98318 4.879 3.85932 3.7816 3.53328 3.50459 3.41307 3.4886 3.48642 3.38849 4.54588 4.62438 5.29732 5.28943 3.68356 3.13174 2.99495 3.45306 4.69039
threshold=1.0000000180025095e-35 -0.16024032235145566 1.0000000180025095e-35 1.0000000180025095e-35 1.0000000180025095e-35 1.0000000180025095e-35 1.0000000180025095e-35 1.0000000180025095e-35 14.528405189514162 1.0000000180025095e-35 1.0000000180025095e-35 1.0000000180025095e-35 14.97056818008423 1.0000000180025095e-35 1.0000000180025095e-35 1.0000000180025095e-35 1.0000000180025095e-35 1.0000000180025095e-35 1.0000000180025095e-35 9.5838465690612811 1.0000000180025095e-35 1.0000000180025095e-35 10.260096073150637 1.0000000180025095e-35 1.0000000180025095e-35 1.0000000180025095e-35 1.0000000180025095e-35 1.0000000180025095e-35 1.0000000180025095e-35 1.0000000180025095e-35
decision_type=2 2 2 2 2 2 2 2 2 2 2 2 2 2 2 2 2 2 2 2 2 2 2 2 2 2 2 2 2 2
left_child=1 -1 15 5 16 7 -6 8 14 10 13 12 -12 -9 27 20 26 18 -11 -20 25 22 23 -22 -25 -3 -5 28 -2 -30
right_child=3 2 -4 4 6 -7 -8 9 -10 17 11 -13 -14 -15 -16 -17 -18 -19 19 -21 21 -23 -24 24 -26 -27 -28 -29 29 -31
leaf_value=-0.0056941938763680261 0.039526828481855097 -0.0047263630878872712 -0.084779187370932305 0.0022595940524081921 -0.006254702725572674 0.14078988288961283 0.062046677199996347 0.015484288472435603 0.089362234657291373 0.046963797805215042 0.043875470404131388 0.14223797758665976 -0.059044209646321011 -0.069259392720253624 -0.05226728236180133 -0.084756616906821666 -0.065142823155573279 -0.066353977104615686 -0.088404025165636002 0.0068326225971237949 -0.092620786609673836 0.10934969377047719 -0.079584259969679993 -0.038644359970290906 0.12554022812007024 -0.11977377041740588 -0.044360598741455114 0.062794830733381699 -0.0068517350945755066 0.10123321824322401
leaf_weight=169.63812892138958 65.921444803476334 67.552898705005646 44.962097257375717 68.727040112018585 23.066778302192688 4.727320820093154 29.94723242521286 15.462954267859459 20.413112565875053 9.9264439046382922 28.121703386306763 5.2043388634920111 5.5083289146423331 8.236471101641655 5.5418075025081626 9.9356229864060861 12.010319918394087 10.919257462024687 6.060692951083186 10.509116366505621 4.3426556885242444 1.7838174626231182 24.069399043917656 3.8506562188267708 4.0010376274585724 2.9025833308696738 18.231460958719254 25.657486781477928 41.06635969877243 4.4499994516372672
leaf_count=1114 298 490 763 324 106 23 136 73 113 48 135 23 26 41 24 100 56 55 31 51 40 18 329 34 27 23 91 111 181 22
internal_value=-0.000792495 -0.0241896 -0.0433909 0.017773 0.00182916 0.026824 0.0323283 0.0247755 0.0363105 0.00595817 0.0210742 0.0424591 0.0270181 -0.0139674 0.0287182 -0.027679 -0.0145081 -0.0193058 8.29807e-05 -0.0280018 -0.0224524 -0.0465002 -0.0541665 -0.00399654 0.0450202 -0.00946602 -0.00751466 0.0319919 0.0248998 0.00371541
internal_weight=752.749 333.039 163.401 419.71 151.983 267.727 53.014 263 163.05 99.9493 62.5338 38.8344 33.63 23.6994 142.637 118.439 98.9688 37.4155 26.4963 16.5698 108.503 38.0476 36.2637 12.1943 7.85169 70.4555 86.9585 137.095 111.438 45.5164
internal_count=4906 2938 1824 1968 713 1255 242 1232 749 483 298 184 161 114 636 1061 471 185 130 82 961 448 430 101 61 513 415 612 501 203
is_linear=0
shrinkage=0.1


Tree=17
num_leaves=31
num_cat=0
split_feature=9 0 114 11 0 8 0 6 5 62 55 13 56 11 77 96 137 12 55 132 0 23 56 55 73 13 0 0 8 13
split_gain=26.9466 10.6451 6.51689 5.63004 7.99615 4.75116 7.31099 5.23698 6.14602 4.68029 4.64585 4.07937 4.81997 3.98332 4.86691 4.42515 4.49768 5.13523 6.34473 5.8212 3.94937 3.82049 7.34113 5.69068 4.99241 6.01039 5.81119 6.13816 3.67073 3.64108
threshold=1.0000000180025095e-35 13.474332809448244 1.0000000180025095e-35 1.0000000180025095e-35 3.4811772108078007 1.0000000180025095e-35 3.1772758960723881 1.0000000180025095e-35 1.0000000180025095e-35 1.0000000180025095e-35 1.0000000180025095e-35 1.0000000180025095e-35 1.0000000180025095e-35 1.0000000180025095e-35 1.0000000180025095e-35 1.0000000180025095e-35 1.0000000180025095e-35 1.0000000180025095e-35 1.0000000180025095e-35 1.0000000180025095e-35 12.34633779525757 1.0000000180025095e-35 1.0000000180025095e-35 1.0000000180025095e-35 1.0000000180025095e-35 1.0000000180025095e-35 11.296372413635256 16.56947231292725 1.0000000180025095e-35 1.0000000180025095e-35
decision_type=2 2 2 2 2 2 2 2 2 2 2 2 2 2 2 2 2 2 2 2 2 2 2 2 2 2 2 2 2 2
left_child=1 13 29 4 28 10 -7 8 9 -8 -5 12 -12 14 15 16 -1 19 -19 -18 -9 22 -6 -23 25 26 -25 -28 -2 -3
right_child=3 2 -4 5 21 6 7 20 -10 -11 11 -13 -14 -15 -16 -17 17 18 -20 -21 -22 23 -24 24 -26 -27 27 -29 -30 -31
leaf_value=-0.014697932131578896 0.00028783957337865637 -0.048150467465574276 0.1418309423801204 -0.041906682420246318 -0.020205705679560884 0.14256536278100984 0.0011315982633697875 -0.0058760731180487365 -0.025922817969356457 0.099420233273179115 0.10942391759883785 -0.033595996471885721 0.0082253335211554413 -0.02939451194404176 -0.12409615088640534 0.046176257541008799 0.14895464929857546 0.042576919170589381 -0.1213834013177767 -0.0049937345314016958 -0.12922498194772239 0.051409025656466947 0.12347765192451221 -0.0081075659523873189 0.034256151019217286 -0.038207256992689453 0.09582758080786459 -0.046275364928641954 -0.076162462186145197 -0.10155685798010322
leaf_weight=125.10522431135178 18.526828989386559 36.483496643602848 1.5376798845827568 33.771784022450447 5.2287940680980691 4.8606170564889899 7.3519776910543451 9.235476687550543 11.013333007693289 14.20578533411026 5.2834750562906256 20.894518688321114 43.095940545201302 102.82311623543501 3.326445046812295 17.126339580863714 6.0325614660978317 6.9098092541098595 3.5844388119876385 4.1430691778659821 3.6104755252599707 68.182262435555458 11.114330723881721 27.866542473435402 78.267961710691452 28.282353177666664 13.987903952598574 3.8836660832166663 9.5014182627201098 19.636598791927099
leaf_count=948 94 430 18 163 26 23 32 49 48 62 25 97 202 914 26 130 35 41 26 27 21 316 56 124 360 131 71 20 48 343
internal_value=-0.000761782 -0.0222799 -0.0612725 0.0160501 0.0248787 0.000800076 0.0260014 0.0135265 0.0348519 0.0659003 -0.011496 0.00332946 0.0192771 -0.0139237 -0.00435403 -0.0019089 -0.00755817 0.0356555 -0.0134257 0.0862736 -0.0405444 0.0308565 0.0775078 0.0273983 0.0166483 -0.00196989 0.0204376 0.0649472 -0.0256284 -0.0668375
internal_weight=744.874 326.709 57.6578 418.165 264.842 153.323 50.2777 45.417 32.5711 21.5578 103.046 69.2739 48.3794 269.051 166.228 162.901 145.775 20.6699 10.4942 10.1756 12.846 236.814 16.3431 220.471 152.288 74.0205 45.7381 17.8716 28.0282 56.1201
internal_count=4906 2938 791 1968 1246 722 235 212 142 94 487 324 227 2147 1233 1207 1077 129 67 62 70 1104 82 1022 706 346 215 91 142 773
is_linear=0
shrinkage=0.1


Tree=18
num_leaves=31
num_cat=0
split_feature=9 53 263 92 0 0 29 6 1 23 11 51 6 1 6 0 126 14 0 1 8 58 1 50 16 67 0 12 11 0
split_gain=22.1466 9.61814 5.24562 4.82086 5.4716 5.72324 4.68574 4.56545 6.96156 4.35436 4.69293 4.72452 4.20682 4.06118 4.03267 3.86753 3.64684 3.22395 5.30474 5.13742 4.67099 6.40759 3.93773 3.11186 3.55388 4.10751 4.81697 4.16778 2.8867 3.11212
threshold=1.0000000180025095e-35 1.0000000180025095e-35 1.0000000180025095e-35 1.0000000180025095e-35 13.600273609161379 13.882272243499758 1.0000000180025095e-35 1.0000000180025095e-35 -0.26367023587226862 1.0000000180025095e-35 1.0000000180025095e-35 1.0000000180025095e-35 1.0000000180025095e-35 0.88987755775451671 1.0000000180025095e-35 15.260780334472658 1.0000000180025095e-35 1.0000000180025095e-35 3.4195755720138554 -0.40634268522262568 1.0000000180025095e-35 1.0000000180025095e-35 -0.51950716972351063 1.0000000180025095e-35 1.0000000180025095e-35 1.0000000180025095e-35 13.882272243499758 1.0000000180025095e-35 1.0000000180025095e-35 9.9206023216247576
decision_type=2 2 2 2 2 2 2 2 2 2 2 2 2 2 2 2 2 2 2 2 2 2 2 2 2 2 2 2 2 2
left_child=1 7 3 4 16 -6 -7 13 17 -8 11 -11 -13 28 15 23 -2 19 -19 22 21 -21 -9 24 -3 27 -27 -26 -1 -30
right_child=2 14 -4 -5 5 6 9 8 -10 10 -12 12 -14 -15 -16 -17 -18 18 -20 20 -22 -23 -24 -25 25 26 -28 -29 29 -31
leaf_value=0.0046167820316454153 0.0067590658502295776 -0.044025593941127608 0.10871542793069414 -0.093679775060248716 0.13766069711329001 -0.071226728063227981 0.099523195589254057 0.011216944504147083 -0.06706481961209676 0.11922980187295423 -0.0071030121613335651 0.066036505426399938 -0.0044332712899658256 0.10336808295789411 -0.10529053129173718 -0.082681500163682808 0.084829973375980708 0.024650338833389147 -0.076589990627833004 -0.08636704774525443 0.16146326517762866 0.11183291653571673 -0.072018708728224384 -0.12114502277162831 -0.1175274890129874 0.20555474906786375 0.0062891106845197851 0.066077981156471885 -0.011663355015132614 -0.067495680088729901
leaf_weight=106.60311873629689 315.38433347642422 10.710465092211965 5.8224397003650656 4.1828706711530677 5.2671682834625235 4.3218247145414344 9.4027519971132261 18.068419799208641 33.733712308108807 7.5265035033226004 25.29719777405262 17.359270811080933 16.545307442545891 3.4901837520301333 14.186772003769873 14.798956412822006 6.0989719033241263 8.1126331612467784 14.295614354312418 3.070794463157652 3.5414020046591759 3.4791681319475174 8.2919966056942958 2.5597883388400069 2.4486593008041382 2.3961087986826897 2.4572007656097412 2.4971283376216888 54.297960944473743 12.232744257897137
leaf_count=673 1456 118 28 20 27 22 48 126 532 41 124 98 77 32 299 174 27 54 110 23 26 27 60 23 26 23 28 21 387 176
internal_value=-0.000733838 -0.0204682 0.0144627 0.0131287 0.0142259 0.0366745 0.030063 -0.0128599 -0.0308455 0.0358131 0.0268356 0.047558 0.0316475 -0.00343111 -0.0598168 -0.0427807 0.00824018 -0.0100875 -0.0399372 0.00826215 0.0689378 0.0189116 -0.0149659 -0.0171845 -0.00420921 0.0393103 0.104668 -0.0248251 -0.00558406 -0.021929
internal_weight=738.481 321.273 417.209 411.386 407.203 85.72 80.4529 269.218 92.5937 76.131 66.7283 41.4311 33.9046 176.624 52.0551 37.8683 321.483 58.86 22.4082 36.4518 10.0914 6.54996 26.3604 23.0694 20.5096 9.7991 4.85331 4.94579 173.134 66.5307
internal_count=4906 2938 1968 1940 1920 437 410 2226 958 388 340 216 175 1268 712 413 1483 426 164 262 76 50 186 239 216 98 51 47 1236 563
is_linear=0
shrinkage=0.1


Tree=19
num_leaves=31
num_cat=0
split_feature=9 1 6 13 73 67 190 6 0 193 108 0 5 0 0 7 0 77 67 99 168 79 56 5 83 1 12 12 0 0
split_gain=18.2721 8.63075 9.27831 4.3232 5.57989 5.03711 4.90877 4.62399 5.61958 3.37419 4.15985 3.67688 3.24405 4.77023 3.56678 3.53775 3.39836 3.00874 2.95468 2.89068 2.80882 2.79386 6.3598 3.71233 5.41343 4.39451 6.83345 4.92207 2.93537 2.67467
threshold=1.0000000180025095e-35 -0.16024032235145566 1.0000000180025095e-35 1.0000000180025095e-35 1.0000000180025095e-35 1.0000000180025095e-35 1.0000000180025095e-35 1.0000000180025095e-35 14.528405189514162 1.0000000180025095e-35 1.0000000180025095e-35 15.260780334472658 1.0000000180025095e-35 6.1615331172943124 16.425735473632816 1.0000000180025095e-35 8.7460646629333514 1.0000000180025095e-35 1.0000000180025095e-35 1.0000000180025095e-35 1.0000000180025095e-35 1.0000000180025095e-35 1.0000000180025095e-35 1.0000000180025095e-35 1.0000000180025095e-35 -0.41120998561382288 1.0000000180025095e-35 1.0000000180025095e-35 6.5010266304016122 11.690622806549074
decision_type=2 2 2 2 2 2 2 2 2 2 2 2 2 2 2 2 2 2 2 2 2 2 2 2 2 2 2 2 2 2
left_child=1 18 9 6 19 -6 7 8 17 10 11 20 14 -14 15 -9 -15 -2 -1 -5 -3 23 -23 -20 25 27 28 -25 -27 -18
right_child=3 2 -4 4 5 -7 -8 12 -10 -11 -12 -13 13 16 -16 -17 29 -19 21 -21 -22 22 -24 24 -26 26 -28 -29 -30 -31
leaf_value=-0.023208957957729141 0.02563652464773828 -0.0052551580645583875 -0.079254380913555494 -0.0081924081482736815 -0.0095852376226539387 0.0526867252118636 0.12400633841165204 0.040830474820595562 0.081169458806088224 0.10262631665391229 -0.090589792039373396 -0.05861956516160112 -0.088640223307607138 0.062995959717929692 -0.067220026372253161 -0.0089830944210734318 -0.066917692858727021 -0.04964542112727352 -0.015460776994309811 -0.060847473429197399 -0.090807868972163183 0.12244264322561201 -0.057607040773564704 0.049650687183267282 -0.057262078671424826 0.078508636056056624 0.16075709198990989 -0.037432601867940382 -0.047057556704600108 0.0069083336034988039
leaf_weight=51.129430927336216 136.1493333876133 78.209912121295929 37.626582182943821 86.551281362771988 22.902590975165367 30.010687530040741 4.5234006270766249 37.578274339437485 18.596192881464958 2.1363280266523352 8.7060889750719053 18.661662876605988 8.2914950400590879 6.2092270553112057 4.8468878269195548 22.973009124398232 7.9446284323930767 5.5242854058742514 59.256993167102337 11.853990957140921 4.0355833359062663 5.6786804273724538 2.9972949177026749 15.333431869745255 7.2823862582445136 3.8856069892644864 6.1447083130478859 11.254355862736702 3.5743100196123123 12.836566090583799
leaf_count=360 612 686 763 415 106 136 23 173 113 17 97 221 43 30 23 113 39 24 394 56 40 38 20 98 48 25 37 72 22 62
internal_value=-0.000712693 -0.0188514 -0.0363038 0.0130358 -0.00045408 0.0257334 0.0207249 0.0189346 0.0294852 -0.0218421 -0.024268 -0.0185458 0.00213946 -0.0222993 0.015324 0.0219313 -0.00191923 0.0227011 -0.00319737 -0.0145353 -0.00945302 0.00566842 0.0602408 0.00123237 0.0220684 0.0364421 0.0826675 0.0127892 0.0183454 -0.0213153
internal_weight=732.705 315.913 149.376 416.792 151.319 52.9133 265.473 260.95 160.27 111.75 109.613 100.907 100.68 35.2819 65.3982 60.5513 26.9904 141.674 166.537 98.4053 82.2455 115.408 8.67598 106.732 47.4748 40.1924 13.6046 26.5878 7.45992 20.7812
internal_count=4906 2938 1824 1968 713 242 1255 1232 749 1061 1044 947 483 174 309 286 131 636 1114 471 726 754 58 696 302 254 84 170 47 101
is_linear=0
shrinkage=0.1


Tree=20
num_leaves=31
num_cat=0
split_feature=9 53 11 0 6 8 0 7 55 21 6 53 6 0 1 55 16 26 6 0 21 67 13 69 0 0 13 56 12 1
split_gain=15.0503 7.89367 4.38247 6.24686 3.95824 3.77222 6.1659 5.06745 3.64366 3.60478 3.77632 3.76255 3.57128 5.63488 3.68943 4.12794 3.96494 5.48219 3.52786 4.84319 3.60805 3.99419 3.40606 3.34914 3.89807 3.27974 3.20237 3.65753 3.20526 3.19357
threshold=1.0000000180025095e-35 1.0000000180025095e-35 1.0000000180025095e-35 3.4811772108078007 1.0000000180025095e-35 1.0000000180025095e-35 5.3483915328979501 1.0000000180025095e-35 1.0000000180025095e-35 1.0000000180025095e-35 1.0000000180025095e-35 1.0000000180025095e-35 1.0000000180025095e-35 6.0177960395812997 -0.41120998561382288 1.0000000180025095e-35 1.0000000180025095e-35 1.0000000180025095e-35 1.0000000180025095e-35 13.151266574859621 1.0000000180025095e-35 1.0000000180025095e-35 1.0000000180025095e-35 1.0000000180025095e-35 16.56947231292725 4.3846678733825692 1.0000000180025095e-35 1.0000000180025095e-35 1.0000000180025095e-35 0.88987755775451671
decision_type=2 2 2 2 2 2 2 2 2 2 2 2 2 2 2 2 2 2 2 2 2 2 2 2 2 2 2 2 2 2
left_child=1 12 3 -2 22 8 7 -7 -4 10 11 -8 29 14 15 25 -17 -18 19 20 -5 -22 23 -3 -25 -14 27 -10 -28 -1
right_child=2 4 5 18 -6 6 9 -9 26 -11 -12 -13 13 -15 -16 16 17 -19 -20 -21 21 -23 -24 24 -26 -27 28 -29 -30 -31
leaf_value=-0.0042207333816766069 -0.025143929024544695 -0.070520328802303911 -0.039835589097084387 0.017146295735207914 -0.10439952952088137 0.11348074207232706 -0.019234073048902869 -0.0096292337287395054 0.091866024171370797 0.081426135950027859 -0.07708957715977037 0.072016988894434766 0.024894197107096099 -0.057135998713640293 0.04642420305693374 -0.098328184866020352 -0.11953037941005332 0.05837250267201264 0.010035191873885033 0.068658309812622262 0.11961579190839955 0.018397845288247436 -0.087164426003843332 0.029983150463851388 -0.089102752460965301 -0.072036285030486466 -0.00076630020827512472 0.0047177773190378485 -0.081200438389076993 0.090173493133200638
leaf_weight=171.15672354772687 27.898632660508156 8.3995784185826796 33.380357325077057 91.566180735826492 11.998329911381004 10.350323304533957 16.911261364817626 4.9389669448137274 5.4234129935502997 4.4692165106534949 7.3660902827978125 6.1662053018808356 19.641760244965557 36.328463606536388 10.729418121278284 9.8281092494726199 2.6327871084213248 5.0636033490300179 95.006857618689537 32.752450026571751 7.8243061900138837 7.7704702317714691 10.12818196043372 13.895301897078754 3.4265320375561705 4.2452105656266204 12.566041007637978 42.986665740609169 8.1789562702178955 3.6608049422502509
leaf_count=1236 142 83 163 395 299 46 74 23 25 22 42 28 133 581 78 76 20 38 446 196 34 33 175 119 36 32 58 202 39 32
internal_value=-0.000687661 -0.0173194 0.0117648 0.0195935 -0.054683 -0.00170617 0.0207534 0.073712 -0.0127026 -0.00243861 -0.0147502 0.00514784 -0.0105292 -0.0269009 -0.00583499 -0.019375 -0.0562357 -0.00248465 0.0249065 0.0350046 0.0247188 0.0691815 -0.0380436 -0.0187015 0.00642608 0.00766764 0.000394255 0.0144811 -0.0324784 -0.00224405
internal_weight=726.691 311.135 415.556 262.819 47.8479 152.737 50.2021 15.2893 102.535 34.9128 30.4436 23.0775 263.287 88.4694 52.1409 41.4115 17.5245 7.69639 234.92 139.913 107.161 15.5948 35.8496 25.7214 17.3218 23.887 69.1551 48.4101 20.745 174.818
internal_count=4906 2938 1968 1246 712 722 235 69 487 166 144 102 2226 958 377 299 134 58 1104 658 462 67 413 238 155 165 324 227 97 1268
is_linear=0
shrinkage=0.1


Tree=21
num_leaves=31
num_cat=0
split_feature=9 0 6 186 263 263 13 190 11 0 8 70 11 77 96 132 0 14 137 12 55 132 8 0 62 67 7 55 6 24
split_gain=12.3915 7.27378 4.85382 4.27196 3.90213 3.83804 3.82927 3.52276 3.51531 5.28385 3.56029 3.46753 3.30973 4.4923 3.505 3.65165 6.18533 4.46054 3.53549 4.16004 5.1189 4.61132 3.19401 5.24944 4.43947 6.12357 3.90673 3.23041 3.16112 6.1827
threshold=1.0000000180025095e-35 13.474332809448244 1.0000000180025095e-35 1.0000000180025095e-35 1.0000000180025095e-35 1.0000000180025095e-35 1.0000000180025095e-35 1.0000000180025095e-35 1.0000000180025095e-35 3.4811772108078007 1.0000000180025095e-35 1.0000000180025095e-35 1.0000000180025095e-35 1.0000000180025095e-35 1.0000000180025095e-35 1.0000000180025095e-35 10.120465755462648 1.0000000180025095e-35 1.0000000180025095e-35 1.0000000180025095e-35 1.0000000180025095e-35 1.0000000180025095e-35 1.0000000180025095e-35 5.3483915328979501 1.0000000180025095e-35 1.0000000180025095e-35 1.0000000180025095e-35 1.0000000180025095e-35 1.0000000180025095e-35 1.0000000180025095e-35
decision_type=2 2 2 2 2 2 2 2 2 2 2 2 2 2 2 2 2 2 2 2 2 2 2 2 2 2 2 2 2 2
left_child=1 5 3 6 7 12 11 8 9 10 -2 -3 13 14 18 16 -16 -18 -1 21 -21 -20 27 26 -25 -26 -24 -10 29 -11
right_child=4 2 -4 -5 -6 -7 -8 -9 22 28 -12 -13 -14 -15 15 -17 17 -19 19 20 -22 -23 23 24 25 -27 -28 -29 -30 -31
leaf_value=-0.0085380145710277876 -0.0011771152248358924 -0.11732364352746449 -0.10399389638968692 0.10864832899921049 0.092299121438578879 -0.12170367254382664 -0.095185498667029106 0.081570625110534464 -0.040096689723181478 0.11719263845623878 -0.078980555569276134 -0.0055366081420437563 -0.022523101167446716 -0.12136483897889901 -0.026377283200532304 0.15386203565371062 0.030886663258846342 0.21172365604948926 0.13534970736748705 0.037709041813466716 -0.11765902936708672 -0.0017865630807216148 0.099012162438020163 -0.064246939003076625 -0.045062542887655925 0.059402059434158855 -0.0086959268388656277 -0.0017143493781735276 0.0060497609107097103 0.024888506011316147
leaf_weight=118.65248736739159 18.022987827658653 3.189466509968045 12.867571372538803 2.0256558507680884 5.7691108435392371 2.9966804683208457 9.3815016187727434 6.667075388133525 32.357049509882927 7.6960324645042411 8.7305796444416064 21.344914734363556 96.061929482966661 2.9451232999563208 8.7157920300960559 2.6582597568631163 3.1755911745131007 2.3909830972552299 6.2281066402792931 7.0425450578331947 3.034198947250843 4.0441983342170715 10.658384144306181 9.2426382899284345 9.3518344387412071 14.029206946492195 4.9230277985334387 68.031306311488152 91.17183718085289 127.10144224762917
leaf_count=936 92 33 351 15 28 26 182 34 160 43 46 210 902 26 64 13 30 23 34 41 25 27 46 44 46 66 23 319 428 593
internal_value=-0.000659951 -0.0158905 -0.0512901 -0.0324215 0.010632 -0.00919216 -0.040847 0.00947716 0.00827947 0.015456 -0.026567 -0.0200689 -0.00786969 0.000989634 0.00330042 0.0462449 0.026215 0.108561 -0.00193338 0.0365773 -0.00907369 0.0813593 -0.00392619 0.0172313 -0.00557463 0.0176188 0.0649812 -0.0140857 0.0204313 0.0301585
internal_weight=720.508 306.755 48.8091 35.9415 413.753 257.946 33.9159 407.983 401.316 252.723 26.7536 24.5344 254.949 158.887 155.942 16.9406 14.2824 5.56657 139.002 20.349 10.0767 10.2723 148.593 48.2051 32.6237 23.381 15.5814 100.388 225.969 134.797
internal_count=4906 2938 791 440 1968 2147 425 1940 1906 1202 138 243 2121 1219 1193 130 117 53 1063 127 66 61 704 225 156 112 69 479 1064 636
is_linear=0
shrinkage=0.1


Tree=22
num_leaves=31
num_cat=0
split_feature=9 1 148 6 13 74 67 0 11 15 26 11 81 12 7 0 14 0 78 10 0 7 0 67 26 0 67 14 12 108
split_gain=10.2047 6.48786 5.75446 4.43182 3.5885 4.42899 4.01252 3.93191 4.8284 4.54117 3.6876 3.58306 3.36031 4.10427 6.52354 4.27969 3.49816 6.31201 3.52243 3.34209 3.33488 4.44751 4.6074 3.17892 4.46525 2.97333 2.91456 2.88216 4.5315 2.7468
threshold=1.0000000180025095e-35 0.13636017590761187 1.0000000180025095e-35 1.0000000180025095e-35 1.0000000180025095e-35 1.0000000180025095e-35 1.0000000180025095e-35 11.623545169830324 1.0000000180025095e-35 1.0000000180025095e-35 1.0000000180025095e-35 1.0000000180025095e-35 1.0000000180025095e-35 1.0000000180025095e-35 1.0000000180025095e-35 5.6454484462738046 1.0000000180025095e-35 5.7535934448242196 1.0000000180025095e-35 1.0000000180025095e-35 4.9609856605529794 1.0000000180025095e-35 3.4811772108078007 1.0000000180025095e-35 1.0000000180025095e-35 15.368925571441652 1.0000000180025095e-35 1.0000000180025095e-35 1.0000000180025095e-35 1.0000000180025095e-35
decision_type=2 2 2 2 2 2 2 2 2 2 2 2 2 2 2 2 2 2 2 2 2 2 2 2 2 2 2 2 2 2
left_child=1 -1 3 11 7 -6 -7 12 -9 23 -11 29 19 16 -15 -16 18 -18 -14 20 21 22 -2 25 -25 -10 -19 -21 -29 -3
right_child=4 2 -4 -5 5 6 -8 8 9 10 -12 -13 13 14 15 -17 17 26 -20 27 -22 -23 -24 24 -26 -27 -28 28 -30 -31
leaf_value=-0.0049338559281137135 -0.074644553018450285 -0.0064378295379368669 0.17058534126126249 -0.080176033672677782 -0.015194848024946264 -0.010945708799487031 0.045362832648135509 0.053584365398673117 -0.038507271657544917 -0.081877861050697387 0.022568042293817821 -0.061211738802604547 0.075820281456823541 0.02458375736963235 -0.14079063603349776 -0.011504555582889956 -0.056900746503271975 0.1064955777008425 -0.020440595879388415 -0.0470050036341116 -0.0062971589830535385 0.1047114571912704 0.064299787869539535 0.15196327167435539 0.011594749503747693 0.071213144680668944 0.0071960674088933189 0.047791549392789484 -0.061876241606990713 -0.11120947973134505
leaf_weight=211.0301342010498 4.2877339273691195 44.918807789683342 1.3187156841158856 20.918212439864874 98.337846897542477 22.311750590801239 29.24016398191452 51.451625786721706 7.1795524060726166 8.1953990310430509 5.7534725517034522 21.826283145695925 26.140759482979778 23.518157482147217 4.7302603721618635 5.5816598236560822 8.5852748751640338 5.7829408347606641 4.4482607543468466 25.475877270102501 33.382154777646065 7.6566344052553168 5.3824734687805176 4.376702606678009 4.6997668743133545 3.7650572806596756 6.0462278425693512 10.133056044578554 5.9979881495237342 2.6499206125736228
leaf_count=1578 21 374 13 569 475 105 133 280 36 42 28 369 119 105 24 25 40 26 19 115 148 35 24 22 25 20 28 46 27 35
internal_value=-0.000636423 -0.0145815 -0.0368003 -0.0398285 0.00959645 -0.00274889 0.0209924 0.0166438 0.0342662 0.00500649 -0.0387972 -0.0276663 0.00814631 0.0225136 -0.00449382 -0.0708104 0.0404273 0.00836947 0.061822 -0.00505646 0.0121785 0.047774 0.00269238 0.0355249 0.0792809 -0.00076233 0.0557407 -0.0260618 0.0070139 -0.0122744
internal_weight=715.123 302.662 91.6319 90.3132 412.461 149.89 51.5519 262.571 85.4216 33.97 13.9489 69.395 177.149 84.8335 33.8301 10.3119 51.0035 20.4144 30.589 92.3159 50.709 17.3268 9.67021 20.0211 9.07647 10.9446 11.8292 41.6069 16.131 47.5687
internal_count=4906 2938 1360 1347 1968 713 238 1255 453 173 70 778 802 386 154 49 232 94 138 416 228 80 45 103 47 56 54 188 73 409
is_linear=0
shrinkage=0.1


Tree=23
num_leaves=31
num_cat=0
split_feature=9 53 6 21 15 0 6 0 0 5 237 1 0 50 15 16 1 6 0 0 73 99 23 0 13 0 73 73 135 12
split_gain=8.35501 5.83755 3.74448 3.207 3.18931 4.65963 3.17497 4.97655 3.14878 3.14112 3.00938 4.24815 3.94397 2.9677 3.05117 3.5923 2.84704 2.67636 4.70437 4.66836 4.1211 2.81146 3.83049 3.57281 3.57572 5.06138 4.50832 4.00547 3.89749 4.33437
threshold=1.0000000180025095e-35 1.0000000180025095e-35 1.0000000180025095e-35 1.0000000180025095e-35 1.0000000180025095e-35 6.5010266304016122 1.0000000180025095e-35 14.800821304321291 15.260780334472658 1.0000000180025095e-35 1.0000000180025095e-35 -0.5642254352569579 2.0465434789657597 1.0000000180025095e-35 1.0000000180025095e-35 1.0000000180025095e-35 0.95330443978309642 1.0000000180025095e-35 5.6960985660552987 5.2279260158538827 1.0000000180025095e-35 1.0000000180025095e-35 1.0000000180025095e-35 4.1437373161315927 1.0000000180025095e-35 4.4558520317077646 1.0000000180025095e-35 1.0000000180025095e-35 1.0000000180025095e-35 1.0000000180025095e-35
decision_type=2 2 2 2 2 2 2 2 2 2 2 2 2 2 2 2 2 2 2 2 2 2 2 2 2 2 2 2 2 2
left_child=1 3 8 10 9 -6 7 -2 13 -5 12 -12 -1 14 15 -3 -9 21 19 20 -19 22 -14 -24 25 -25 -26 -27 29 -29
right_child=6 2 -4 4 5 -7 -8 16 -10 -11 11 -13 17 -15 -16 -17 -18 18 -20 -21 -22 -23 23 24 26 27 -28 28 -30 -31
leaf_value=0.14176455681750491 0.010066491422540895 -0.020139309943917459 -0.10340157563382457 -0.10009650602888356 0.06560705918971925 -0.057538015818710736 -0.0028161077995634211 0.061478504587507171 -0.072756567618206827 -0.011622093119723878 -0.013889997282703121 0.14579356448310074 -0.081744740780661865 -0.11848105582452542 -0.040639368570615585 0.096717696246338677 -0.03472140095133476 0.0029839307578763659 -0.052035256453209333 0.082982606635604625 -0.086623147507667614 -0.03917512875998766 -0.019679594359278116 0.16865129532183487 0.019004707580607832 0.0087553784234623063 -0.052618451560299942 -0.010765350491775698 0.17269421009782696 0.098578601368120633
leaf_weight=1.8011212348937977 225.94649319350719 5.1111843138933217 9.3792137913405877 10.627427130937578 5.7702846527099627 6.5725736282765865 152.27466619759798 29.760952971875668 12.010355435311793 6.447213575243949 3.4807437211275101 3.1955143101513377 4.8514100722968569 2.2050425969064227 8.4604383893311024 5.4204890094697475 3.4310859143733969 26.570086069405079 30.983595564961433 5.798330031335353 6.3612878024578086 15.770070899277924 32.829428762197495 2.6979211717844001 27.203781742602587 35.120390951633453 12.982418108731506 6.9627949297428149 2.9246498793363562 7.5629402101039886
leaf_count=10 1024 65 299 109 40 76 751 173 174 56 21 21 44 23 92 59 20 192 507 41 51 142 210 17 205 248 105 56 17 58
internal_value=-0.000602214 -0.0133202 -0.0476068 -0.00762787 -0.0386947 3.22908e-05 0.00864385 0.0153779 -0.031848 -0.0666895 -0.00360356 0.0625407 -0.00560699 -0.00866914 0.00408036 0.0400052 0.0515342 -0.00682113 -0.0229917 0.000242942 -0.0143253 0.000749474 0.00547859 0.00877717 0.0185642 0.0350679 -0.00413363 0.0282124 0.0673714 0.0461655
internal_weight=710.514 299.101 42.5867 256.514 29.4175 12.3429 411.413 259.139 33.2075 17.0746 227.096 6.67626 220.42 21.1972 18.9921 10.5317 33.192 218.619 69.7133 38.7297 32.9314 148.906 133.136 128.284 95.4549 55.2687 40.1862 52.5708 17.4504 14.5257
internal_count=4906 2938 712 2226 281 116 1968 1217 413 165 1945 42 1903 239 216 124 193 1893 791 284 243 1102 960 916 706 396 310 379 131 114
is_linear=0
shrinkage=0.1


Tree=24
num_leaves=31
num_cat=0
split_feature=9 0 6 189 13 62 5 263 263 13 190 73 67 31 105 98 6 0 64 26 0 57 140 14 0 8 5 0 15 12
split_gain=6.90792 5.07282 4.56553 3.75568 3.84967 3.71835 6.66361 3.3956 3.15504 2.87765 3.58373 3.29316 4.44769 2.99765 3.20042 2.91936 2.81232 4.02642 3.84049 3.64711 4.25142 3.14261 2.70407 2.81393 2.93245 7.23256 2.66097 4.75117 3.45749 5.44753
threshold=1.0000000180025095e-35 13.474332809448244 1.0000000180025095e-35 1.0000000180025095e-35 1.0000000180025095e-35 1.0000000180025095e-35 1.0000000180025095e-35 1.0000000180025095e-35 1.0000000180025095e-35 1.0000000180025095e-35 1.0000000180025095e-35 1.0000000180025095e-35 1.0000000180025095e-35 1.0000000180025095e-35 1.0000000180025095e-35 1.0000000180025095e-35 1.0000000180025095e-35 14.528405189514162 1.0000000180025095e-35 1.0000000180025095e-35 3.5414099693298344 1.0000000180025095e-35 1.0000000180025095e-35 1.0000000180025095e-35 5.2279260158538827 1.0000000180025095e-35 1.0000000180025095e-35 8.2737851142883319 1.0000000180025095e-35 1.0000000180025095e-35
decision_type=2 2 2 2 2 2 2 2 2 2 2 2 2 2 2 2 2 2 2 2 2 2 2 2 2 2 2 2 2 2
left_child=1 7 3 4 5 6 -3 -1 9 10 13 -11 15 14 16 -13 17 19 26 20 -2 -22 23 -21 -25 -26 28 -28 29 -18
right_child=8 2 -4 -5 -6 -7 -8 -9 -10 11 -12 12 -14 -15 -16 -17 18 -19 -20 22 21 -23 -24 24 25 -27 27 -29 -30 -31
leaf_value=-0.0056106912332620773 -0.10388707208804114 -0.05559747177905322 -0.10306295358188944 0.12523704679304618 -0.092773768986643357 -0.03836810308691551 0.14196581331499264 -0.11893296158997164 0.081657696356222595 -0.015467909726250098 0.10513530815009134 -0.039194468788658482 0.041103209624521547 0.033075821962941697 0.067705168762186588 0.046092278741207166 -0.002152068418997215 0.07067528003115281 -0.1014968841006898 0.044378684255283664 -0.060791103437496441 0.010879076503461725 -0.05338052587090808 -0.036659080773113389 0.087912075951432744 -0.064546520254627524 -0.086928854070429037 0.0037971101135480484 -0.027356295396297005 0.088504584239581297
leaf_weight=249.47431932017207 4.8666332066059104 3.2247609123587635 10.00868205912411 1.5636836662888516 8.1527415886521357 16.8521440140903 3.6279623098671436 2.6724762842059127 5.7033771052956572 95.052729718387127 4.1632936224341384 16.461025133728985 29.701537698507309 51.762720271945 8.0982187986373884 5.3075969964265814 19.401543959975243 11.025368504226206 4.4683312177658072 37.485537678003311 7.7736935019493094 28.726244486868382 4.4745811447501174 11.287090659141542 8.5566499978303892 4.8898197114467612 9.7182275056839007 14.215348511934279 17.440246924757957 10.067808747291567
leaf_count=2121 24 35 351 12 183 180 30 26 28 462 23 78 135 243 39 25 91 77 22 168 35 132 20 52 38 23 51 71 84 47
internal_value=-0.000591357 -0.0122488 -0.0438149 -0.0260719 -0.0334987 -0.0131124 0.0489963 -0.00681178 0.00779943 0.00675919 0.0131068 -0.00443603 0.0159371 0.0115999 0.00611012 -0.0184 0.00354419 0.0131093 -0.0115805 0.00723582 -0.0160912 -0.00438511 0.0217043 0.0271042 0.000923347 0.0324704 -0.00590916 -0.0330422 0.00793427 0.0288196
internal_weight=706.224 295.577 43.43 33.4213 31.8576 23.7049 6.85272 252.147 410.648 404.944 258.421 146.523 51.4702 254.258 202.495 21.7686 194.397 119.086 75.3115 108.06 41.3666 36.4999 66.6937 62.2191 24.7336 13.4465 70.8432 23.9336 46.9096 29.4694
internal_count=4906 2938 791 440 428 245 65 2147 1968 1940 1240 700 238 1217 974 103 935 569 366 492 191 167 301 281 113 61 344 122 222 138
is_linear=0
shrinkage=0.1


Tree=25
num_leaves=31
num_cat=0
split_feature=11 272 237 126 105 67 15 138 9 77 0 140 0 26 8 82 15 0 64 61 0 0 0 14 7 82 0 62 56 13
split_gain=6.189 5.24424 4.98224 3.76528 3.66615 3.47295 3.92335 3.74115 3.28869 3.76404 3.26214 3.11571 3.07403 4.43631 4.35873 5.91422 4.66918 4.48938 3.95823 3.74427 4.30454 3.62281 3.54614 5.4389 3.07532 3.05221 3.64472 2.98809 3.21388 2.89937
threshold=1.0000000180025095e-35 1.0000000180025095e-35 1.0000000180025095e-35 1.0000000180025095e-35 1.0000000180025095e-35 1.0000000180025095e-35 1.0000000180025095e-35 1.0000000180025095e-35 1.0000000180025095e-35 1.0000000180025095e-35 15.260780334472658 1.0000000180025095e-35 5.7535934448242196 1.0000000180025095e-35 1.0000000180025095e-35 1.0000000180025095e-35 1.0000000180025095e-35 6.5010266304016122 1.0000000180025095e-35 1.0000000180025095e-35 5.07460641860962 8.2737851142883319 4.0561258792877206 1.0000000180025095e-35 1.0000000180025095e-35 1.0000000180025095e-35 6.7118411064147958 1.0000000180025095e-35 1.0000000180025095e-35 1.0000000180025095e-35
decision_type=2 2 2 2 2 2 2 2 2 2 2 2 2 2 2 2 2 2 2 2 2 2 2 2 2 2 2 2 2 2
left_child=1 3 4 8 5 7 27 11 9 10 -1 -2 13 -10 17 18 -17 -14 21 20 22 -16 -15 -24 -21 -8 -27 -7 -29 -6
right_child=2 -3 -4 -5 29 6 25 -9 12 -11 -12 -13 14 19 15 16 -18 -19 -20 24 -22 -23 23 -25 -26 26 -28 28 -30 -31
leaf_value=0.0020542963241083323 -0.016377420655848587 -0.092926859259292338 0.086890195791994473 0.068007113529008165 -0.029964335397012605 -0.011211705653467175 -0.035510181212740487 -0.095901508231061194 -0.040547910982716248 -0.11648124084549068 -0.046840203057983469 -0.091239978420921866 0.1235910676828481 -0.010318476338847421 -0.054064057748020179 0.12831530952129369 -0.0030240104508667664 0.028627788199090776 -0.10725730471394455 0.13017176011753551 -0.079809077877722956 0.0089165829052046293 0.12517228818338272 -0.015806541413778373 0.013070188477296596 0.10410087113723057 -0.023116363448056221 0.10936087768523922 0.017536678941366745 -0.13766279918879601
leaf_weight=160.96649544127285 79.925708446651697 5.2294232286512843 4.9136772975325576 10.150126449763773 6.2815794292837364 41.153789132833481 44.330618707463145 7.3536461964249602 22.522254705429077 2.9243888203054658 14.909137755632399 5.9750063307583323 5.2274420261383048 20.656313851475719 11.55947808921337 5.9746543914079648 4.9487713724374771 104.42303955554962 4.005832500755786 4.481312081217764 5.7689393162727347 43.517029672861099 5.9154553562402707 5.0922956168651581 4.4893601834774017 3.7237754836678487 5.6979788634926081 4.1184563357383004 51.169667376205325 4.1518690250813961
leaf_count=1330 671 33 30 77 51 290 330 46 111 36 241 58 23 105 50 28 24 505 23 20 27 216 26 23 20 22 42 33 382 33
internal_value=-0.00055925 0.00662154 -0.0128445 0.00781135 -0.0147748 -0.0122871 -0.00287572 -0.027445 0.00638173 -0.00396147 -0.00209053 -0.0215846 0.0138214 -0.00413211 0.0207093 0.00121548 0.0688131 0.033155 -0.0112823 0.0135425 -0.000363207 -0.00430182 0.0141112 0.0599541 0.0715684 -0.0245246 0.0271639 0.0091904 0.0243767 -0.0728217
internal_weight=701.558 442.762 258.796 437.532 253.882 243.449 150.194 93.2544 427.382 178.8 175.876 85.9007 248.582 68.9259 179.656 70.0058 10.9234 109.65 59.0823 46.4037 37.433 55.0765 31.6641 11.0078 8.97067 53.7524 9.42175 96.4419 55.2881 10.4334
internal_count=4906 2918 1988 2885 1958 1874 1099 775 2808 1607 1571 729 1201 332 869 341 52 528 289 221 181 266 154 49 40 394 64 705 415 84
is_linear=0
shrinkage=0.1


Tree=26
num_leaves=31
num_cat=0
split_feature=92 179 6 11 44 13 91 44 9 1 14 0 140 83 94 78 14 0 8 15 67 0 168 5 61 54 12 25 58 0
split_gain=6.00868 5.3712 5.26155 3.67214 3.25728 3.54433 3.17251 3.09601 2.92775 7.13198 3.71416 4.75958 3.5422 3.90871 2.77606 2.75467 2.70135 3.80052 6.25781 2.61545 3.55829 2.55886 2.87245 2.49064 2.42954 3.85216 2.25925 2.23513 2.43209 5.95714
threshold=1.0000000180025095e-35 1.0000000180025095e-35 1.0000000180025095e-35 1.0000000180025095e-35 1.0000000180025095e-35 1.0000000180025095e-35 1.0000000180025095e-35 1.0000000180025095e-35 1.0000000180025095e-35 -0.065480265766382204 1.0000000180025095e-35 3.4195755720138554 1.0000000180025095e-35 1.0000000180025095e-35 1.0000000180025095e-35 1.0000000180025095e-35 1.0000000180025095e-35 12.462697029113771 1.0000000180025095e-35 1.0000000180025095e-35 1.0000000180025095e-35 2.6652977466583256 1.0000000180025095e-35 1.0000000180025095e-35 1.0000000180025095e-35 1.0000000180025095e-35 1.0000000180025095e-35 1.0000000180025095e-35 1.0000000180025095e-35 12.510609149932863
decision_type=2 2 2 2 2 2 2 2 2 2 2 2 2 2 2 2 2 2 2 2 2 2 2 2 2 2 2 2 2 2
left_child=1 2 3 6 23 21 7 -1 9 10 12 26 13 -4 19 -13 -11 18 -18 20 24 -6 27 -5 25 -7 -12 -23 29 -29
right_child=-2 -3 8 4 5 14 -8 -9 -10 16 11 15 -14 -15 -16 -17 17 -19 -20 -21 -22 22 -24 -25 -26 -27 -28 28 -30 -31
leaf_value=0.070180636813299238 -0.099155038015146343 0.10421149624366444 0.012507264977127272 -0.004498548574268956 -0.053356397345011741 -0.088201284656377582 0.080559911080295449 0.0094188222071076248 -0.0038301860141844168 -0.10367445160594146 0.068135952268869759 -0.087247762693815775 0.11398048344835426 -0.079805042721253383 0.041606890081759801 0.019409307391090869 -0.041215984956311645 -0.10295421273799166 0.22628551944277966 -0.061159539454599565 0.010395679716826797 -0.074884888455873835 0.080620030918030897 -0.13910011624421376 -0.11698582617782075 0.049606891775679986 -0.038160942294832134 -0.029646902912730911 0.022996589492496142 0.075219724345349542
leaf_weight=8.6621714569628221 6.1234337482601395 4.9427887927740803 33.364874087274075 2.43202294781804 6.4655139148235312 4.3818122111260873 6.7904207184910765 262.77024795301259 148.02767363935709 13.635475879535079 4.6717945933341998 14.724685795605184 2.9231616035103789 5.3179356828331938 5.9815669879317275 2.8981398195028296 3.159226518124342 3.9027159251272678 1.2092616911977527 18.009292956441641 21.710659421980381 3.1884623542428008 5.680381264537572 3.1620812490582466 4.3440862372517577 3.7766925022006035 3.4956168383359909 29.193239487707615 57.536294464021921 6.6512490771710864
leaf_count=58 58 33 270 20 41 34 38 1539 733 425 31 143 22 46 40 24 78 145 30 142 147 27 35 26 36 26 23 175 400 61
internal_value=-0.000531212 0.000340228 -0.00040594 0.00593944 -0.00552317 -0.00300764 0.0130469 0.0113579 -0.012457 -0.0267568 -0.010645 -0.040462 0.00783754 -0.000183409 -0.0229227 -0.0697076 -0.0763248 -0.0312377 0.0328324 -0.0303139 -0.0140773 0.00765453 0.0115124 -0.0805824 -0.0565745 -0.0244078 0.0226413 0.00744737 0.0102586 -0.010188
internal_weight=699.133 693.01 688.067 450.736 172.513 166.919 278.223 271.432 237.331 89.3029 67.3962 25.7902 41.606 38.6828 58.2041 17.6228 21.9067 8.2712 4.36849 52.2225 34.2133 108.715 102.25 5.5941 12.5026 8.1585 8.16741 96.5692 93.3808 35.8445
internal_count=4906 4848 4815 2845 1210 1164 1635 1597 1970 1237 559 221 338 316 425 167 678 253 108 385 243 739 698 46 96 60 54 663 636 236
is_linear=0
shrinkage=0.1


Tree=27
num_leaves=31
num_cat=0
split_feature=303 92 272 179 6 11 91 44 67 138 14 61 9 5 71 9 10 22 16 83 1 0 0 54 9 0 61 86 5 12
split_gain=5.20533 4.98212 4.43136 4.40451 4.31155 3.12732 2.91664 2.8245 2.78911 2.95318 3.02701 6.83475 3.15914 3.18003 2.70525 5.47285 3.07858 4.47041 8.05952 3.68968 5.07342 5.20643 5.48353 5.11702 3.6331 3.50966 6.65471 2.67728 2.5683 2.52878
threshold=1.0000000180025095e-35 1.0000000180025095e-35 1.0000000180025095e-35 1.0000000180025095e-35 1.0000000180025095e-35 1.0000000180025095e-35 1.0000000180025095e-35 1.0000000180025095e-35 1.0000000180025095e-35 1.0000000180025095e-35 1.0000000180025095e-35 1.0000000180025095e-35 1.0000000180025095e-35 1.0000000180025095e-35 1.0000000180025095e-35 1.0000000180025095e-35 1.0000000180025095e-35 1.0000000180025095e-35 1.0000000180025095e-35 1.0000000180025095e-35 -0.030344513244926926 3.6783025264739995 5.1238877773284921 1.0000000180025095e-35 1.0000000180025095e-35 10.658453464508058 1.0000000180025095e-35 1.0000000180025095e-35 1.0000000180025095e-35 1.0000000180025095e-35
decision_type=2 2 2 2 2 2 2 2 2 2 2 2 2 2 2 2 2 2 2 2 2 2 2 2 2 2 2 2 2 2
left_child=1 2 3 4 5 6 7 -1 9 10 11 12 28 -14 16 -16 -6 18 25 20 21 -20 -23 -22 -19 -18 -27 -12 -7 -13
right_child=-2 -3 -4 -5 14 8 -8 -9 -10 -11 27 29 13 -15 15 -17 17 24 19 -21 23 22 -24 -25 -26 26 -28 -29 -30 -31
leaf_value=0.067818757767171764 0.11451058067923332 -0.092549843735949253 -0.078450114779328062 0.094398957498464733 -0.015806723392361732 -0.080791709671252931 0.07967523501236895 0.0086978893156586801 0.0045393818581177178 -0.09620014588862974 -0.032128598639581729 -0.0023100461883884681 0.099442115478518417 0.0017827444014660789 -0.102715178677056 -0.016509812015728771 -0.039630347485372412 0.02034227351577806 -0.046853178509811022 0.14492684119934854 0.082300937220084636 0.2210074354950535 0.051432228481983859 -0.1098078750652076 0.15704990508668229 0.08809110570752024 -0.10665356565596373 -0.14002589070359867 0.038523645158549662 -0.090290316238088641
leaf_weight=8.339987885206936 3.9117228649556628 5.915550308302044 7.1950137000530949 4.9530500657856456 112.02060332521796 3.3615643456578264 6.2430800013244143 260.11955602839589 107.31544869206846 4.9548281840980044 18.750199589878324 5.5971628837287408 9.2192695438861829 5.2234135717153558 8.948914008215068 41.596185371279716 31.489880040287971 4.3015065211802712 2.6856898516416594 3.5938144121319047 2.1704426817595968 3.008705869317053 5.2074400037527084 3.8387649618089199 3.5469521284103394 6.1419517844915372 2.4564631171524525 2.6211949661374083 3.893738217651844 7.8471259474754333
leaf_count=55 28 58 52 32 856 49 35 1518 715 31 156 51 41 24 362 209 225 39 19 29 20 17 38 37 17 48 24 23 44 54
internal_value=-0.000521042 -0.00117077 -0.000383519 0.000443168 -0.000246783 0.00552354 0.0121059 0.0105345 -0.00518948 -0.0221747 -0.0156846 0.00236356 0.0370776 0.0641221 -0.0113246 -0.0317723 -0.00559749 0.0111123 0.00191428 0.0529088 0.0333537 0.074019 0.11353 -0.0404208 0.0821245 -0.024169 0.0324549 -0.0453622 -0.0167582 -0.0536621
internal_weight=696.469 692.557 686.642 679.447 674.494 443.487 274.703 268.46 168.784 61.4685 56.5137 35.1423 21.698 14.4427 231.007 50.5451 180.462 68.4416 60.5932 20.5049 16.911 10.9018 8.21615 6.00921 7.84846 40.0883 8.59841 21.3714 7.2553 13.4443
internal_count=4906 4878 4820 4768 4736 2796 1608 1573 1188 473 442 263 158 65 1940 571 1369 513 457 160 131 74 55 57 56 297 72 179 93 105
is_linear=0
shrinkage=0.1


Tree=28
num_leaves=31
num_cat=0
split_feature=9 1 6 7 26 11 0 26 14 74 0 0 11 47 16 263 86 0 61 14 0 1 8 0 23 29 12 85 13 95
split_gain=4.48523 4.06452 4.66372 3.30746 3.79195 5.31358 3.78698 3.7077 3.62524 3.45256 3.44174 3.23405 3.17288 2.9142 4.29196 2.49877 2.46494 2.4292 2.60813 2.99814 9.64402 3.20064 2.36621 2.31628 2.31028 4.35198 4.16177 2.24116 2.18366 4.31454
threshold=1.0000000180025095e-35 -0.16024032235145566 1.0000000180025095e-35 1.0000000180025095e-35 1.0000000180025095e-35 1.0000000180025095e-35 14.29021215438843 1.0000000180025095e-35 1.0000000180025095e-35 1.0000000180025095e-35 16.954140663146976 12.34633779525757 1.0000000180025095e-35 1.0000000180025095e-35 1.0000000180025095e-35 1.0000000180025095e-35 1.0000000180025095e-35 12.462697029113771 1.0000000180025095e-35 1.0000000180025095e-35 10.310746192932131 -0.065480265766382204 1.0000000180025095e-35 9.3497605323791522 1.0000000180025095e-35 1.0000000180025095e-35 1.0000000180025095e-35 1.0000000180025095e-35 1.0000000180025095e-35 1.0000000180025095e-35
decision_type=2 2 2 2 2 2 2 2 2 2 2 2 2 2 2 2 2 2 2 2 2 2 2 2 2 2 2 2 2 2
left_child=1 27 3 4 5 9 8 16 12 13 -7 -11 -6 14 -3 24 -5 18 19 21 -21 -4 23 -10 25 -2 -27 -1 29 -26
right_child=15 2 17 7 6 10 -8 -9 22 11 -12 -13 -14 -15 -16 -17 -18 -19 -20 20 -22 -23 -24 -25 28 26 -28 -29 -30 -31
leaf_value=0.0024056285774080536 -0.047750723795619267 0.058153636595640192 0.060010381467462515 -0.080199093641351679 -0.083341669656259235 -0.05960590962771331 -0.097063460754266917 -0.0082347477072494402 0.060815296418827984 0.075593390820177783 0.11415020725352845 -0.044713909099197112 0.022589553277685363 0.024844469979568976 0.22416788100695847 0.072438507535670882 0.017614947321913394 -0.10249680787149483 -0.08831608889357298 -0.059191398748462777 0.28844504115642844 -0.10398620776876757 0.083875520828188443 -0.051351059082255013 0.01364687530283494 0.094399996560625532 0.00010725779627552273 -0.073073909514247332 -0.0067731529684384 -0.030476190162744912
leaf_weight=157.08207023888826 5.0386014282703426 3.0997785292565823 1.7831427119672287 17.501957064494494 7.7720788754522836 7.7405799832195061 5.5802359171211711 24.599694596603513 3.1810984387993813 4.4262049049139023 1.3368648439645765 4.5122540835291147 4.4444228373467922 3.2585088163614273 3.1294508874416351 5.6285835579037657 3.02105639129877 9.441862400621174 6.0097010899335137 2.1395089048892264 1.2727136295288799 3.5779441315680769 5.1367930360138416 4.3704300224781036 215.79995445162058 11.65101480484009 7.8242011815309516 4.0348651036620131 135.08062023669481 24.698093742132187
leaf_count=1084 27 22 27 209 63 117 84 233 20 31 21 38 58 25 21 28 35 416 146 42 33 99 39 45 1041 62 40 30 649 121
internal_value=-0.000504432 -0.0100375 -0.02339 -0.0141138 0.00168479 0.0286068 -0.0226043 -0.0344172 -0.00592078 0.0594574 -0.0340163 0.0148607 -0.0448034 0.101472 0.141556 0.00627326 -0.0658005 -0.0628732 -0.0375658 -0.00280195 0.0704724 -0.0494396 0.0315159 -0.00410073 0.00534243 0.0350863 0.0565177 0.000515388 0.00340107 0.00911563
internal_weight=694.174 288.453 127.336 103.111 57.9887 27.5036 30.4851 45.1227 24.9048 18.4262 9.07744 8.93846 12.2165 9.48774 6.22923 405.721 20.523 24.2249 14.783 8.77331 3.41222 5.36109 12.6883 7.55153 400.092 24.5138 19.4752 161.117 375.579 240.498
internal_count=4906 2938 1824 1061 584 275 309 477 225 137 138 69 121 68 43 1968 244 763 347 201 75 126 104 65 1940 129 102 1114 1811 1162
is_linear=0
shrinkage=0.1


Tree=29
num_leaves=31
num_cat=0
split_feature=303 92 126 7 179 0 26 78 0 1 6 55 137 67 8 140 67 60 81 13 0 11 40 9 45 67 0 81 100 0
split_gain=4.31918 4.11072 3.82504 3.88047 7.18558 5.84849 6.38016 5.67489 4.96639 6.4075 6.97611 4.43351 5.42053 4.27252 4.17946 3.48649 3.45888 3.62579 3.38916 3.37259 3.81097 3.39953 3.66739 3.65847 4.67927 4.47609 4.81609 3.6229 2.89529 3.86645
threshold=1.0000000180025095e-35 1.0000000180025095e-35 1.0000000180025095e-35 1.0000000180025095e-35 1.0000000180025095e-35 2.8350445032119755 1.0000000180025095e-35 1.0000000180025095e-35 4.1437373161315927 -0.37987679243087763 1.0000000180025095e-35 1.0000000180025095e-35 1.0000000180025095e-35 1.0000000180025095e-35 1.0000000180025095e-35 1.0000000180025095e-35 1.0000000180025095e-35 1.0000000180025095e-35 1.0000000180025095e-35 1.0000000180025095e-35 6.4298424720764169 1.0000000180025095e-35 1.0000000180025095e-35 1.0000000180025095e-35 1.0000000180025095e-35 1.0000000180025095e-35 13.289527893066408 1.0000000180025095e-35 1.0000000180025095e-35 11.02532482147217
decision_type=2 2 2 2 2 2 2 2 2 2 2 2 2 2 2 2 2 2 2 2 2 2 2 2 2 2 2 2 2 2
left_child=1 2 3 4 8 6 -5 28 -1 11 15 12 -10 -13 18 19 17 -9 -8 -11 -21 22 23 24 27 26 -25 -22 -7 -30
right_child=-2 -3 -4 5 -6 7 14 16 9 10 -12 13 -14 -15 -16 -17 -18 -19 -20 20 21 -23 -24 25 -26 -27 -28 -29 29 -31
leaf_value=-0.019653629155013255 0.1036041499846673 -0.085986436525994012 0.051960149184483766 -0.073089864196745277 0.1501703494405856 -0.0086717155076738404 0.16072911488613401 0.062676926506554209 0.039343857208495731 0.029651698671384837 -0.01949197386253396 -0.034556126251395924 0.14102450618257134 0.042064538510901604 0.0033705894137509005 -0.036756539577280777 -0.1008907444973213 -0.071934602154534691 0.040556892685541523 -0.079762197084502773 -0.1139169037720944 -0.022584557591359349 -0.035162646341258839 -0.044122514169837639 0.070335708047402232 0.11204558173810342 0.10505787752191811 0.023472894770004381 -0.15868517654487752 -0.0056723604530563455
leaf_weight=76.328048512339592 3.9625547640025607 5.6577686704695216 13.67475210316479 3.8680720776319513 3.3607499152421942 210.23879871144891 5.64657214283943 3.3974223993718624 16.404568240046505 98.441361520439386 95.425438545644283 11.251714907586576 7.7054521664977065 20.605301715433598 5.7951870411634454 12.622683409601448 11.847590819001198 4.8680815100669861 4.0159758925437927 5.4031436815857878 4.1689400207251293 23.525520838797092 8.079294163733719 5.3792993277311325 5.4509013034403324 10.477691620588303 3.6206403076648712 3.5568271055817604 3.0439526513218871 3.6098354067653418
leaf_count=451 28 58 114 26 19 1570 31 20 89 605 879 68 41 118 34 91 76 29 23 30 52 180 59 23 33 49 20 37 18 35
internal_value=-0.000499259 -0.00109931 -0.000394904 -0.00146645 0.00454615 -0.011126 0.0417711 -0.0154393 0.00334794 0.00863419 0.00238117 0.0394878 0.0718405 0.0150026 0.0705134 0.0139304 -0.0662531 -0.0166044 0.110783 0.0177364 0.000898729 0.007681 0.0251607 0.0400859 -0.000609464 0.0676164 0.0158922 -0.0506647 -0.0107271 -0.0756722
internal_weight=691.434 687.472 681.814 668.139 411.808 256.331 19.3258 237.006 408.447 332.119 276.152 55.967 24.11 31.857 15.4577 180.726 20.1131 8.2655 9.66255 168.104 69.6623 64.2591 40.7336 32.6543 13.1767 19.4776 8.99994 7.72577 216.893 6.65379
internal_count=4906 4878 4820 4706 2844 1862 114 1748 2825 2374 2058 316 130 186 88 1179 125 49 54 1088 483 453 273 214 122 92 43 89 1623 53
is_linear=0
shrinkage=0.1


end of trees

feature_importances:
Column_0=161
Column_6=67
Column_11=61
Column_13=58
Column_1=49
Column_12=36
Column_9=32
Column_7=27
Column_67=24
Column_14=22
Column_8=21
Column_5=19
Column_26=19
Column_73=19
Column_15=13
Column_54=12
Column_16=10
Column_55=10
Column_10=9
Column_81=9
Column_83=9
Column_108=9
Column_35=7
Column_61=7
Column_62=7
Column_74=7
Column_263=7
Column_21=6
Column_56=6
Column_140=6
Column_190=6
Column_77=5
Column_78=5
Column_92=5
Column_168=5
Column_23=4
Column_39=4
Column_53=4
Column_64=4
Column_68=4
Column_69=4
Column_98=4
Column_132=4
Column_135=4
Column_137=4
Column_139=4
Column_24=3
Column_44=3
Column_58=3
Column_82=3
Column_96=3
Column_99=3
Column_126=3
Column_179=3
Column_237=3
Column_29=2
Column_31=2
Column_49=2
Column_50=2
Column_51=2
Column_80=2
Column_86=2
Column_91=2
Column_94=2
Column_95=2
Column_97=2
Column_105=2
Column_128=2
Column_138=2
Column_272=2
Column_303=2
Column_22=1
Column_25=1
Column_33=1
Column_40=1
Column_42=1
Column_45=1
Column_47=1
Column_57=1
Column_60=1
Column_70=1
Column_71=1
Column_79=1
Column_85=1
Column_100=1
Column_114=1
Column_134=1
Column_148=1
Column_151=1
Column_186=1
Column_189=1
Column_191=1
Column_193=1

parameters:
[boosting: gbdt]
[objective: binary]
[metric: binary_logloss]
[tree_learner: serial]
[device_type: cpu]
[data_sample_strategy: bagging]
[data: ]
[valid: ]
[num_iterations: 300]
[learning_rate: 0.1]
[num_leaves: 31]
[num_threads: 0]
[seed: 0]
[deterministic: 0]
[force_col_wise: 0]
[force_row_wise: 0]
[histogram_pool_size: -1]
[max_depth: -1]
[min_data_in_leaf: 20]
[min_sum_hessian_in_leaf: 0.001]
[bagging_fraction: 1]
[pos_bagging_fraction: 1]
[neg_bagging_fraction: 1]
[bagging_freq: 0]
[bagging_seed: 7719]
[bagging_by_query: 0]
[feature_fraction: 1]
[feature_fraction_bynode: 1]
[feature_fraction_seed: 2437]
[extra_trees: 0]
[extra_seed: 11797]
[early_stopping_round: 0]
[early_stopping_min_delta: 0]
[first_metric_only: 0]
[max_delta_step: 0]
[lambda_l1: 0]
[lambda_l2: 0]
[linear_lambda: 0]
[min_gain_to_split: 0]
[drop_rate: 0.1]
[max_drop: 50]
[skip_drop: 0.5]
[xgboost_dart_mode: 0]
[uniform_drop: 0]
[drop_seed: 21238]
[top_rate: 0.2]
[other_rate: 0.1]
[min_data_per_group: 100]
[max_cat_threshold: 32]
[cat_l2: 10]
[cat_smooth: 10]
[max_cat_to_onehot: 4]
[top_k: 20]
[monotone_constraints: ]
[monotone_constraints_method: basic]
[monotone_penalty: 0]
[feature_contri: ]
[forcedsplits_filename: ]
[refit_decay_rate: 0.9]
[cegb_tradeoff: 1]
[cegb_penalty_split: 0]
[cegb_penalty_feature_lazy: ]
[cegb_penalty_feature_coupled: ]
[path_smooth: 0]
[interaction_constraints: ]
[verbosity: -1]
[saved_feature_importance_type: 0]
[use_quantized_grad: 0]
[num_grad_quant_bins: 4]
[quant_train_renew_leaf: 0]
[stochastic_rounding: 1]
[linear_tree: 0]
[max_bin: 255]
[max_bin_by_feature: ]
[min_data_in_bin: 3]
[bin_construct_sample_cnt: 200000]
[data_random_seed: 38]
[is_enable_sparse: 1]
[enable_bundle: 1]
[use_missing: 1]
[zero_as_missing: 0]
[feature_pre_filter: 1]
[pre_partition: 0]
[two_round: 0]
[header: 0]
[label_column: ]
[weight_column: ]
[group_column: ]
[ignore_column: ]
[categorical_feature: ]
[forcedbins_filename: ]
[precise_float_parser: 0]
[parser_config_file: ]
[objective_seed: 8855]
[num_class: 1]
[is_unbalance: 0]
[scale_pos_weight: 1]
[sigmoid: 1]
[boost_from_average: 1]
[reg_sqrt: 0]
[alpha: 0.9]
[fair_c: 1]
[poisson_max_delta_step: 0.7]
[tweedie_variance_power: 1.5]
[lambdarank_truncation_level: 30]
[lambdarank_norm: 1]
[label_gain: ]
[lambdarank_position_bias_regularization: 0]
[eval_at: ]
[multi_error_top_k: 1]
[auc_mu_weights: ]
[num_machines: 1]
[local_listen_port: 12400]
[time_out: 120]
[machine_list_filename: ]
[machines: ]
[gpu_platform_id: -1]
[gpu_device_id: -1]
[gpu_device_id_list: ]
[gpu_use_dp: 0]
[num_gpu: 1]

end of parameters

pandas_categorical:null
