tree
version=v4
num_class=1
num_tree_per_iteration=1
label_index=0
max_feature_idx=567
objective=binary sigmoid:1
feature_names=Column_0 Column_1 Column_2 Column_3 Column_4 Column_5 Column_6 Column_7 Column_8 Column_9 Column_10 Column_11 Column_12 Column_13 Column_14 Column_15 Column_16 Column_17 Column_18 Column_19 Column_20 Column_21 Column_22 Column_23 Column_24 Column_25 Column_26 Column_27 Column_28 Column_29 Column_30 Column_31 Column_32 Column_33 Column_34 Column_35 Column_36 Column_37 Column_38 Column_39 Column_40 Column_41 Column_42 Column_43 Column_44 Column_45 Column_46 Column_47 Column_48 Column_49 Column_50 Column_51 Column_52 Column_53 Column_54 Column_55 Column_56 Column_57 Column_58 Column_59 Column_60 Column_61 Column_62 Column_63 Column_64 Column_65 Column_66 Column_67 Column_68 Column_69 Column_70 Column_71 Column_72 Column_73 Column_74 Column_75 Column_76 Column_77 Column_78 Column_79 Column_80 Column_81 Column_82 Column_83 Column_84 Column_85 Column_86 Column_87 Column_88 Column_89 Column_90 Column_91 Column_92 Column_93 Column_94 Column_95 Column_96 Column_97 Column_98 Column_99 Column_100 Column_101 Column_102 Column_103 Column_104 Column_105 Column_106 Column_107 Column_108 Column_109 Column_110 Column_111 Column_112 Column_113 Column_114 Column_115 Column_116 Column_117 Column_118 Column_119 Column_120 Column_121 Column_122 Column_123 Column_124 Column_125 Column_126 Column_127 Column_128 Column_129 Column_130 Column_131 Column_132 Column_133 Column_134 Column_135 Column_136 Column_137 Column_138 Column_139 Column_140 Column_141 Column_142 Column_143 Column_144 Column_145 Column_146 Column_147 Column_148 Column_149 Column_150 Column_151 Column_152 Column_153 Column_154 Column_155 Column_156 Column_157 Column_158 Column_159 Column_160 Column_161 Column_162 Column_163 Column_164 Column_165 Column_166 Column_167 Column_168 Column_169 Column_170 Column_171 Column_172 Column_173 Column_174 Column_175 Column_176 Column_177 Column_178 Column_179 Column_180 Column_181 Column_182 Column_183 Column_184 Column_185 Column_186 Column_187 Column_188 Column_189 Column_190 Column_191 Column_192 Column_193 Column_194 Column_195 Column_196 Column_197 Column_198 Column_199 Column_200 Column_201 Column_202 Column_203 Column_204 Column_205 Column_206 Column_207 Column_208 Column_209 Column_210 Column_211 Column_212 Column_213 Column_214 Column_215 Column_216 Column_217 Column_218 Column_219 Column_220 Column_221 Column_222 Column_223 Column_224 Column_225 Column_226 Column_227 Column_228 Column_229 Column_230 Column_231 Column_232 Column_233 Column_234 Column_235 Column_236 Column_237 Column_238 Column_239 Column_240 Column_241 Column_242 Column_243 Column_244 Column_245 Column_246 Column_247 Column_248 Column_249 Column_250 Column_251 Column_252 Column_253 Column_254 Column_255 Column_256 Column_257 Column_258 Column_259 Column_260 Column_261 Column_262 Column_263 Column_264 Column_265 Column_266 Column_267 Column_268 Column_269 Column_270 Column_271 Column_272 Column_273 Column_274 Column_275 Column_276 Column_277 Column_278 Column_279 Column_280 Column_281 Column_282 Column_283 Column_284 Column_285 Column_286 Column_287 Column_288 Column_289 Column_290 Column_291 Column_292 Column_293 Column_294 Column_295 Column_296 Column_297 Column_298 Column_299 Column_300 Column_301 Column_302 Column_303 Column_304 Column_305 Column_306 Column_307 Column_308 Column_309 Column_310 Column_311 Column_312 Column_313 Column_314 Column_315 Column_316 Column_317 Column_318 Column_319 Column_320 Column_321 Column_322 Column_323 Column_324 Column_325 Column_326 Column_327 Column_328 Column_329 Column_330 Column_331 Column_332 Column_333 Column_334 Column_335 Column_336 Column_337 Column_338 Column_339 Column_340 Column_341 Column_342 Column_343 Column_344 Column_345 Column_346 Column_347 Column_348 Column_349 Column_350 Column_351 Column_352 Column_353 Column_354 Column_355 Column_356 Column_357 Column_358 Column_359 Column_360 Column_361 Column_362 Column_363 Column_364 Column_365 Column_366 Column_367 Column_368 Column_369 Column_370 Column_371 Column_372 Column_373 Column_374 Column_375 Column_376 Column_377 Column_378 Column_379 Column_380 Column_381 Column_382 Column_383 Column_384 Column_385 Column_386 Column_387 Column_388 Column_389 Column_390 Column_391 Column_392 Column_393 Column_394 Column_395 Column_396 Column_397 Column_398 Column_399 Column_400 Column_401 Column_402 Column_403 Column_404 Column_405 Column_406 Column_407 Column_408 Column_409 Column_410 Column_411 Column_412 Column_413 Column_414 Column_415 Column_416 Column_417 Column_418 Column_419 Column_420 Column_421 Column_422 Column_423 Column_424 Column_425 Column_426 Column_427 Column_428 Column_429 Column_430 Column_431 Column_432 Column_433 Column_434 Column_435 Column_436 Column_437 Column_438 Column_439 Column_440 Column_441 Column_442 Column_443 Column_444 Column_445 Column_446 Column_447 Column_448 Column_449 Column_450 Column_451 Column_452 Column_453 Column_454 Column_455 Column_456 Column_457 Column_458 Column_459 Column_460 Column_461 Column_462 Column_463 Column_464 Column_465 Column_466 Column_467 Column_468 Column_469 Column_470 Column_471 Column_472 Column_473 Column_474 Column_475 Column_476 Column_477 Column_478 Column_479 Column_480 Column_481 Column_482 Column_483 Column_484 Column_485 Column_486 Column_487 Column_488 Column_489 Column_490 Column_491 Column_492 Column_493 Column_494 Column_495 Column_496 Column_497 Column_498 Column_499 Column_500 Column_501 Column_502 Column_503 Column_504 Column_505 Column_506 Column_507 Column_508 Column_509 Column_510 Column_511 Column_512 Column_513 Column_514 Column_515 Column_516 Column_517 Column_518 Column_519 Column_520 Column_521 Column_522 Column_523 Column_524 Column_525 Column_526 Column_527 Column_528 Column_529 Column_530 Column_531 Column_532 Column_533 Column_534 Column_535 Column_536 Column_537 Column_538 Column_539 Column_540 Column_541 Column_542 Column_543 Column_544 Column_545 Column_546 Column_547 Column_548 Column_549 Column_550 Column_551 Column_552 Column_553 Column_554 Column_555 Column_556 Column_557 Column_558 Column_559 Column_560 Column_561 Column_562 Column_563 Column_564 Column_565 Column_566 Column_567
feature_infos=[2.0013689994812012:17.993154525756836] [-0.7776256799697876:0.99923950433731079] none none none [0:1] [0:1] [0:1] [0:1] [0:1] [0:1] [0:1] [0:1] [0:1] [0:1] [0:1] [0:1] [0:1] [0:1] [0:1] [0:1] [0:1] [0:1] [0:1] [0:1] [0:1] [0:1] [0:1] [0:1] [0:1] [0:1] [0:1] [0:1] [0:1] [0:1] [0:1] [0:1] [0:1] [0:1] [0:1] [0:1] [0:1] [0:1] [0:1] [0:1] [0:1] [0:1] [0:1] [0:1] [0:1] [0:1] [0:1] [0:1] [0:1] [0:1] [0:1] [0:1] [0:1] [0:1] [0:1] [0:1] [0:1] [0:1] [0:1] [0:1] [0:1] [0:1] [0:1] [0:1] [0:1] [0:1] [0:1] [0:1] [0:1] [0:1] [0:1] [0:1] [0:1] [0:1] [0:1] [0:1] [0:1] [0:1] [0:1] [0:1] [0:1] [0:1] [0:1] [0:1] [0:1] [0:1] [0:1] [0:1] [0:1] [0:1] [0:1] [0:1] [0:1] [0:1] [0:1] [0:1] [0:1] [0:1] [0:1] [0:1] [0:1] [0:1] [0:1] [0:1] none none none none [0:1] [0:1] none [0:1] none [0:1] none none [0:1] none none none none [0:1] [0:1] [0:1] [0:1] [0:1] none [0:1] [0:1] [0:1] [0:1] none [0:1] [0:1] [0:1] [0:1] [0:1] [0:1] [0:1] [0:1] [0:1] [0:1] [0:1] [0:1] [0:1] [0:1] [0:1] [0:1] [0:1] [0:1] [0:1] [0:1] none none none none none none none none none none [0:1] [0:1] none none none none none [0:1] [0:1] [0:1] [0:1] [0:1] [0:1] [0:1] [0:1] [0:1] [0:1] [0:1] [0:1] [0:1] [0:1] [0:1] [0:1] [0:1] [0:1] [0:1] [0:1] [0:1] [0:1] [0:1] [0:1] [0:1] [0:1] [0:1] [0:1] none none [0:1] [0:1] [0:1] none [0:1] [0:1] [0:1] [0:1] [0:1] none [0:1] none none [0:1] none [0:1] [0:1] [0:1] [0:1] [0:1] [0:1] [0:1] [0:1] [0:1] [0:1] [0:1] [0:1] [0:1] [0:1] [0:1] [0:1] [0:1] [0:1] [0:1] [0:1] [0:1] [0:1] [0:1] [0:1] [0:1] none none none none none none none none none none none none none none none none none [0:1] [0:1] [0:1] [0:1] [0:1] [0:1] [0:1] [0:1] [0:1] [0:1] none [0:1] [0:1] [0:1] [0:1] none [0:1] [0:1] none none none [0:1] [0:1] none none none none none [0:1] [0:1] [0:1] [0:1] [0:1] [0:1] [0:1] none none none [0:1] none [0:1] [0:1] [0:1] none [0:1] [0:1] [0:1] [0:1] none none [0:1] [0:1] none none none none [0:1] [0:1] none none none [0:1] none none [0:1] [0:1] none none [0:1] [0:1] none none none none none none none none none none none none none none none none none none none none none none none none none none none none none none none none none none none none none none none none none none none none none none none none none none none none none none none none none none none none none none none none none none none none none none none none none none none none none none none none none none none none none none none none none none none none none none none none none none none none none none none none none none none none none none none none none none none none none none none none none none none none none none none none none none none none none none none none none none none none none none none none none none none none none none none none none none none none none none none none none none none none none none none none none none none none none none none none none none none none none none none none none none none none none none none none none none none none none none none none none none none none none none none none none none none none none none none none none none none none none none none none none none none none none none none none none none none none none
tree_sizes=3389 3427 3438 3441 3440 3436 3443 3452 3460 3485 3466 3492 3480 3490 3481 3480 3470 3485 3503 3472 3473 3480 3487 3497 3476 3496 3507 3499 3496 3449 3483 3459 3492 3477 3503 3479 3469 3494 3511 3480 3466 3459 3469 3501 3494

Tree=0
num_leaves=31
num_cat=0
split_feature=0 15 9 16 0 16 0 16 15 9 8 10 0 9 8 0 0 11 16 9 1 16 11 10 16 1 0 0 8 59
split_gain=1121.26 339.544 170.232 93.5811 92.5931 85.1138 68.4838 41.2417 40.6463 40.3503 36.3704 29.7691 25.3452 21.4406 19.0833 18.5115 15.0576 14.4893 12.7433 11.6513 11.2668 11.1323 10.6932 9.30731 8.84416 8.81741 8.41354 8.40494 12.8505 8.36495
threshold=11.741273403167726 1.0000000180025095e-35 1.0000000180025095e-35 1.0000000180025095e-35 9.1197810173034686 1.0000000180025095e-35 12.803559303283693 1.0000000180025095e-35 1.0000000180025095e-35 1.0000000180025095e-35 1.0000000180025095e-35 1.0000000180025095e-35 13.882272243499758 1.0000000180025095e-35 1.0000000180025095e-35 13.882272243499758 14.47091054916382 1.0000000180025095e-35 1.0000000180025095e-35 1.0000000180025095e-35 -0.16024032235145566 1.0000000180025095e-35 1.0000000180025095e-35 1.0000000180025095e-35 1.0000000180025095e-35 0.75739601254463207 14.054756641387941 14.109513759613039 1.0000000180025095e-35 1.0000000180025095e-35
decision_type=2 2 2 2 2 2 2 2 2 2 2 2 2 2 2 2 2 2 2 2 2 2 2 2 2 2 2 2 2 2
left_child=4 2 5 12 20 -2 13 9 19 11 17 27 -4 21 22 -12 23 -7 -10 -6 -1 -3 -14 -5 -22 -16 -11 -8 -29 -20
right_child=1 6 3 16 8 10 7 -9 18 26 15 -13 14 -15 25 -17 -18 -19 29 -21 24 -23 -24 -25 -26 -27 -28 28 -30 -31
leaf_value=-1.2180652111054355 -1.1883919274413055 -1.1287571371701379 -1.0928266161284708 -0.80069026883978234 -1.1914329332728957 -1.1354365289022428 -0.93876555012360208 -0.72115890682030215 -1.0870377278487562 -0.85394787733497002 -1.0632560053456266 -1.0134813427823521 -1.0889427237081801 -0.86390473457537453 -0.94416303839196947 -0.85089444111457913 -0.72969900985630343 -1.0075506140314561 -0.86390473457537476 -1.1174793702254786 -1.2047623456163266 -0.95064002431401051 -0.91501660174278499 -0.96845173559962316 -1.1406918878792796 -0.77761197182520103 -0.72450873320970954 -0.8858701650936005 -0.72308632503250891 -1.020658475574695
leaf_weight=347.33701705932617 67.745689749717712 9.3571394681930524 21.708563566207886 8.0471399426460284 49.779981970787048 20.959992408752441 6.7371404170990017 40.235699713230133 34.995701611042023 6.5499976277351406 5.8014264702796963 16.655708253383636 9.5442822575569135 8.6085683107376099 6.1757120490074158 14.03570920228958 17.591422200202942 15.345708727836607 4.3042841553688076 37.241415083408356 51.83855265378952 5.6142836809158334 5.6142836809158334 5.6142836809158316 36.867129504680634 6.5499976277351379 21.521420776844025 10.29285341501236 9.1699966788291931 16.281422674655914
leaf_count=1856 362 50 116 43 266 112 36 215 187 35 31 89 51 46 33 75 94 82 23 199 277 30 30 30 197 35 115 55 49 87
internal_value=-1.10242 -0.958142 -1.03928 -0.926396 -1.18707 -1.11294 -0.834864 -0.802029 -1.11712 -0.847905 -1.02189 -0.90895 -1.0118 -0.989656 -0.948727 -0.913 -0.790868 -1.08138 -1.05031 -1.15978 -1.20994 -1.06196 -1.02453 -0.869633 -1.17813 -0.858438 -0.754711 -0.842497 -0.809174 -0.987883
internal_weight=918.123 339.477 204.734 80.8457 578.646 123.889 134.743 111.163 142.603 70.9271 56.1428 42.8557 49.5928 23.58 27.8843 19.8371 31.2528 36.3057 55.5814 87.0214 436.043 14.9714 15.1586 13.6614 88.7057 12.7257 28.0714 26.2 19.4629 20.5857
internal_count=4906 1814 1094 432 3092 662 720 594 762 379 300 229 265 126 149 106 167 194 297 465 2330 80 81 73 474 68 150 140 104 110
is_linear=0
shrinkage=1


Tree=1
num_leaves=31
num_cat=0
split_feature=0 15 9 16 0 16 1 8 15 16 9 0 10 10 16 54 0 1 0 16 8 10 11 94 11 9 11 0 10 11
split_gain=890.95 225.957 121.935 73.3494 62.3368 56.7198 50.0804 27.2535 23.98 21.8936 22.6198 21.1494 19.2036 18.5262 17.1737 17.4935 14.839 13.4061 13.2476 12.4254 12.2429 11.5835 9.97764 9.54645 7.51595 7.33018 7.28034 12.6811 6.36895 6.04921
threshold=11.108829498291017 1.0000000180025095e-35 1.0000000180025095e-35 1.0000000180025095e-35 12.803559303283693 1.0000000180025095e-35 -0.16024032235145566 1.0000000180025095e-35 1.0000000180025095e-35 1.0000000180025095e-35 1.0000000180025095e-35 13.882272243499758 1.0000000180025095e-35 1.0000000180025095e-35 1.0000000180025095e-35 1.0000000180025095e-35 13.661875724792482 0.066088676452636733 14.47091054916382 1.0000000180025095e-35 1.0000000180025095e-35 1.0000000180025095e-35 1.0000000180025095e-35 1.0000000180025095e-35 1.0000000180025095e-35 1.0000000180025095e-35 1.0000000180025095e-35 14.205338954925539 1.0000000180025095e-35 1.0000000180025095e-35
decision_type=2 2 2 2 2 2 2 2 2 2 2 2 2 2 2 2 2 2 2 2 2 2 2 2 2 2 2 2 2 2
left_child=6 2 3 -2 12 11 -1 21 19 10 13 22 14 -6 15 -3 28 -10 -9 -8 24 26 -4 -19 -13 -14 -5 -28 -7 -15
right_child=1 4 5 7 9 16 8 18 17 -11 -12 20 25 29 -16 -17 -18 23 -20 -21 -22 -23 -24 -25 -26 -27 27 -29 -30 -31
leaf_value=-0.11092378504397307 -0.081935606127339744 -0.027350934988399467 -0.042463552978395491 0.010524456986767676 0.20667363436045091 0.19537389807131 -0.10540363050547474 0.066555245830137819 -0.038426442090455454 0.28877735133509225 0.26678991365692933 0.012044440306695875 -0.055510014600320491 0.027871084091926603 0.2552851131947248 0.19015097523953461 0.27539912118290938 0.025153724626926572 0.21495472786300548 -0.038404290752526764 0.19529332481571535 -0.045115671390929465 0.083581892876754729 0.19022572741470151 0.15378859902637074 0.082838922651668867 0.010095399830642319 0.23647313427650773 0.058402513364139277 0.14804518330672367
leaf_weight=326.96533679962158 72.126157209277153 7.4364753216505051 16.503715142607689 11.930210784077644 29.424015074968338 10.08505569398403 63.099577680230141 10.902133002877237 46.118303835391998 47.325514405965805 32.614692896604538 9.6086758822202665 8.8038108199834806 10.355346247553827 9.1186791211366653 7.3553860634565353 24.135793283581734 28.06055161356926 13.420641899108885 49.312101095914841 14.203658357262611 18.058023065328598 10.138064846396448 4.0032623112201682 6.1257912218570718 6.7782367616891852 4.8120605200529099 5.0940476059913635 5.1172980070114127 7.0338200926780692
leaf_count=1856 403 39 88 65 140 49 351 57 253 215 150 51 46 53 45 38 111 146 64 270 68 96 54 21 30 34 25 26 26 36
internal_value=-0.000637227 0.111752 0.0480459 -0.0127269 0.200756 0.134432 -0.0871741 0.0650055 -0.0464314 0.234936 0.202855 0.0703119 0.0910526 0.158312 0.147345 0.0808038 0.226655 -0.00389874 0.148438 -0.0760128 0.127987 0.0141385 0.00550084 0.0457635 0.0672287 0.00467218 0.0631399 0.126506 0.149268 0.0764808
internal_weight=916.066 398.507 232.261 136.343 166.246 95.9181 517.559 64.2171 190.594 126.753 79.4279 56.5799 39.4926 46.8132 23.9105 14.7919 39.3381 78.1821 24.3228 112.412 29.9381 39.8943 26.6418 32.0638 15.7345 15.582 21.8363 9.90611 15.2024 17.3892
internal_count=4906 2009 1213 736 796 477 2897 333 1041 594 379 291 202 229 122 77 186 420 121 621 149 212 142 167 81 80 116 51 75 89
is_linear=0
shrinkage=0.1


Tree=2
num_leaves=31
num_cat=0
split_feature=0 15 9 16 1 0 16 15 8 0 16 9 10 10 9 0 16 54 16 16 0 1 0 26 11 10 10 11 8 11
split_gain=721.529 161.266 92.6147 60.5425 46.8622 43.2721 39.8034 20.8529 20.1211 15.7611 15.0588 15.5262 13.9391 12.8681 12.725 12.6851 11.4709 12.6419 11.4497 10.3588 10.1415 9.73148 9.68595 10.1378 9.40614 9.33218 9.21629 7.89053 6.30492 6.02761
threshold=11.108829498291017 1.0000000180025095e-35 1.0000000180025095e-35 1.0000000180025095e-35 -0.16024032235145566 12.803559303283693 1.0000000180025095e-35 1.0000000180025095e-35 1.0000000180025095e-35 13.882272243499758 1.0000000180025095e-35 1.0000000180025095e-35 1.0000000180025095e-35 1.0000000180025095e-35 1.0000000180025095e-35 9.9780974388122576 1.0000000180025095e-35 1.0000000180025095e-35 1.0000000180025095e-35 1.0000000180025095e-35 13.661875724792482 0.77275836467742931 9.1197810173034686 1.0000000180025095e-35 1.0000000180025095e-35 1.0000000180025095e-35 1.0000000180025095e-35 1.0000000180025095e-35 1.0000000180025095e-35 1.0000000180025095e-35
decision_type=2 2 2 2 2 2 2 2 2 2 2 2 2 2 2 2 2 2 2 2 2 2 2 2 2 2 2 2 2 2
left_child=4 2 3 28 -1 12 9 18 26 27 11 13 16 -7 22 19 17 -3 -6 -16 -8 24 -9 29 -10 -11 -5 -4 -2 -24
right_child=1 5 6 8 7 10 20 14 21 25 -12 -13 -14 -15 15 -17 -18 -19 -20 -21 -22 -23 23 -25 -26 -27 -28 -29 -30 -31
leaf_value=-0.10661671541908364 -0.1060130816754993 -0.024965424831407221 -0.039096263976060051 0.054980767105845374 -0.10081934458156072 0.1722266739374736 0.12636816012962668 -0.084519108859015521 0.025586042350832824 0.15713011464040363 0.23850202742843032 0.22056059306151998 0.0040950478156882913 0.066311256584820122 -0.053064120130832684 0.1475699392366667 0.20727139621897026 0.15685349507554602 -0.035308010165242563 0.084068192314232515 0.22722014599120885 0.22193668409606582 0.017361905596552894 -0.043794599043021062 0.17107249973220284 0.047188476601373902 -0.041590776225916365 0.072080688175021737 -0.045457495739247927 0.17920687148168452
leaf_weight=307.18470478057861 36.277798444032669 7.3377463668584824 16.151720210909843 22.452202007174492 59.556766033172607 31.641088679432869 16.098111212253571 22.187725245952606 10.623160704970365 17.759337395429611 51.314060986042023 35.332390293478966 15.589916422963141 17.994359329342842 12.805849835276607 8.7975102066993696 10.04880453646183 7.9862891137599945 48.326357319951057 9.666587308049202 26.196191862225533 7.4690477550029746 5.2231736034154892 15.159130796790123 7.6398473978042594 13.658780932426454 17.651629313826561 10.555801019072534 32.684482857584953 4.1133846193552017
leaf_count=1856 212 39 88 116 351 140 75 126 51 83 215 150 80 89 71 45 45 38 270 52 111 33 27 78 37 66 96 54 191 21
internal_value=-0.000988879 0.096606 0.0423271 -0.0118322 -0.082637 0.168638 0.115027 -0.0429989 0.0567581 0.0613234 0.195727 0.169895 0.0785142 0.133829 -0.00359156 0.0457746 0.12424 0.0697915 -0.0714735 0.00592376 0.188834 0.125774 -0.0366585 0.00669273 0.0864465 0.109334 0.012475 0.00484498 -0.0773129 0.0886655
internal_weight=905.484 412.463 235.218 134.798 493.021 177.245 100.42 185.836 65.8359 58.1256 136.282 84.9678 40.9628 49.6354 77.9534 31.2699 25.3728 15.324 107.883 22.4724 42.2943 25.7321 46.6834 24.4957 18.263 31.4181 40.1038 26.7075 68.9623 9.33656
internal_count=4906 2009 1213 736 2897 796 477 1041 333 291 594 379 202 229 420 168 122 77 621 123 186 121 252 126 88 149 212 142 403 48
is_linear=0
shrinkage=0.1


Tree=3
num_leaves=31
num_cat=0
split_feature=0 15 9 16 1 0 16 15 8 1 9 16 9 71 16 9 11 10 0 11 16 0 0 16 26 0 12 8 11 8
split_gain=592.457 121.549 71.969 50.2402 43.8068 32.6244 29.9173 18.0284 15.2377 12.1376 11.847 11.2547 12.5751 10.8538 10.5686 10.2973 9.70075 9.60514 9.35918 8.99446 8.43446 8.36842 8.35767 8.24027 7.99905 7.90214 7.84667 7.3462 6.78874 5.88033
threshold=11.108829498291017 1.0000000180025095e-35 1.0000000180025095e-35 1.0000000180025095e-35 -0.16024032235145566 12.881587982177736 1.0000000180025095e-35 1.0000000180025095e-35 1.0000000180025095e-35 0.66811162233352672 1.0000000180025095e-35 1.0000000180025095e-35 1.0000000180025095e-35 1.0000000180025095e-35 1.0000000180025095e-35 1.0000000180025095e-35 1.0000000180025095e-35 1.0000000180025095e-35 9.9780974388122576 1.0000000180025095e-35 1.0000000180025095e-35 9.1197810173034686 14.47091054916382 1.0000000180025095e-35 1.0000000180025095e-35 13.882272243499758 1.0000000180025095e-35 1.0000000180025095e-35 1.0000000180025095e-35 1.0000000180025095e-35
decision_type=2 2 2 2 2 2 2 2 2 2 2 2 2 2 2 2 2 2 2 2 2 2 2 2 2 2 2 2 2 2
left_child=4 2 3 29 -1 10 9 14 19 16 20 12 17 -11 -6 21 -4 -7 23 -5 28 -9 -8 -17 -23 -10 -21 -15 -3 -2
right_child=1 5 6 8 7 11 22 15 25 13 -12 -13 -14 27 -16 18 -18 -19 -20 26 -22 24 -24 -25 -26 -27 -28 -29 -30 -31
leaf_value=-0.10263064197576109 -0.10179288798384452 -0.085090267729767313 -0.027721868747014447 -0.031998005130859784 -0.096538303276527598 0.14764748424529225 0.11674159104498444 -0.079945025615179674 0.033715272182124154 -0.033986316828978486 0.13093083030859168 0.20615836886709596 0.19241944026023342 0.080382340752643958 -0.032421628796144429 -0.049209381241640815 0.078127058050842954 0.057039935822427071 0.12408396236006013 0.0055200433028373469 0.093590165436767125 0.076450666664943101 0.20394094124703518 0.072456301687055635 -0.040295388700155255 0.14794481211351987 0.13759048749508002 0.20316550181979257 0.053176024633252265 -0.042044117091353139
leaf_weight=288.19156551361084 34.116216540336609 8.0847699791192991 20.567873895168304 21.987071067094803 56.155704781413078 33.127272009849548 20.887792736291885 21.165474861860275 9.2569363564252871 4.337413206696513 18.485455274581909 52.505046963691711 36.570195659995079 9.8837164640426636 47.41537880897522 12.447382882237438 14.952901497483252 18.087879717350006 9.3812603354454023 10.356598854064943 10.462039142847061 9.7060890346765518 23.199638932943344 10.070648074150085 14.845010817050934 17.513865321874619 7.9531509429216376 9.6115828454494476 6.332410231232644 31.849330857396126
leaf_count=1856 212 43 110 120 351 140 92 126 46 20 85 212 149 48 270 71 72 87 45 52 47 48 94 52 78 75 40 41 33 191
internal_value=-0.00119563 0.0850672 0.0376655 -0.0109805 -0.0784074 0.146102 0.100228 -0.0398785 0.0499658 0.0538781 0.0702936 0.169534 0.147629 0.109086 -0.0671854 -0.00344008 0.0168365 0.115647 0.0401645 0.0111151 0.0252396 -0.0338657 0.162628 0.00520267 0.00585927 0.108446 0.0628871 0.140917 -0.02436 -0.0729451
internal_weight=889.508 420.129 236.474 133.033 469.379 183.655 103.441 181.187 67.0676 59.3535 43.3647 140.29 87.7853 23.8327 103.571 77.6159 35.5208 51.2152 31.8993 40.2968 24.8792 45.7166 44.0874 22.518 24.5511 26.7708 18.3097 19.4953 14.4172 65.9655
internal_count=4906 2009 1213 736 2897 796 477 1041 333 291 208 588 376 109 621 420 182 227 168 212 123 252 186 123 126 121 92 89 76 403
is_linear=0
shrinkage=0.1


Tree=4
num_leaves=31
num_cat=0
split_feature=0 15 9 16 1 0 16 15 8 10 0 8 16 9 16 11 8 9 10 0 11 0 0 47 12 12 1 6 1 8
split_gain=490.883 96.5619 56.9029 43.0607 38.0239 27.3699 21.6712 15.2942 13.2623 12.0986 10.6065 10.5017 10.2849 9.7538 8.78347 7.8854 11.2698 7.73931 7.35746 7.17051 6.96851 6.85622 6.81877 6.60872 6.3222 5.98661 5.91289 6.21633 5.43368 5.38596
threshold=10.965092182159426 1.0000000180025095e-35 1.0000000180025095e-35 1.0000000180025095e-35 -0.16024032235145566 12.803559303283693 1.0000000180025095e-35 1.0000000180025095e-35 1.0000000180025095e-35 1.0000000180025095e-35 11.824777603149416 1.0000000180025095e-35 1.0000000180025095e-35 1.0000000180025095e-35 1.0000000180025095e-35 1.0000000180025095e-35 1.0000000180025095e-35 1.0000000180025095e-35 1.0000000180025095e-35 9.1197810173034686 1.0000000180025095e-35 15.260780334472658 9.9780974388122576 1.0000000180025095e-35 1.0000000180025095e-35 1.0000000180025095e-35 0.77275836467742931 1.0000000180025095e-35 0.1512662544846535 1.0000000180025095e-35
decision_type=2 2 2 2 2 2 2 2 2 2 2 2 2 2 2 2 2 2 2 2 2 2 2 2 2 2 2 2 2 2
left_child=4 2 3 29 -1 11 9 14 20 15 -8 25 13 18 -6 16 -4 19 -7 -9 -5 -11 23 -19 -22 -3 27 -10 -21 -2
right_child=1 5 6 8 7 12 10 17 26 21 -12 -13 -14 -15 -16 -17 -18 22 -20 28 24 -23 -24 -25 -26 -27 -28 -29 -30 -31
leaf_value=-0.098893029896354623 -0.098291334205650366 0.0575620875250554 -0.036007681891656054 -0.03081333068141533 -0.093359915973526927 0.12896480254828871 0.0165981935228183 -0.075591478472411655 0.10169220082556403 -0.038515231130293044 0.15689990242222604 0.12158970624418722 0.18404000836609813 0.16789083537617092 -0.032274448123883803 0.14699788116760334 0.11196869989373073 -0.020364645208390861 0.051192536952525437 0.034025823299438103 0.00079581242190802546 0.070087586173052246 0.10955321724540662 0.12217192215570223 0.1165851785143136 -0.038628893737679068 0.16879617796449869 -0.023350843187432753 -0.074311841550665822 -0.040413148709678555
leaf_weight=270.11568355560303 32.651383519172668 17.492384165525436 8.9998153299093246 21.960750252008438 51.094979360699654 34.076259672641754 6.2176975458860388 20.197232365608215 14.572222530841833 17.880658358335499 40.391115918755531 17.107604742050171 53.746500834822655 37.418036296963692 43.64705316722393 13.302233681082724 12.021507635712624 18.579648584127433 18.916641637682915 17.525730893015865 10.71875211596489 8.6131998598575574 8.5343765020370466 3.9432199150323859 8.4195907860994339 10.268099293112757 8.1057072579860669 5.4673647135496131 6.291420266032218 31.67559988796711
leaf_count=1856 216 83 47 122 339 140 30 126 67 91 165 79 215 150 253 60 57 101 89 90 54 40 39 22 40 50 33 25 32 195
internal_value=-0.00131578 0.074662 0.0326947 -0.0108825 -0.0755827 0.128168 0.0868776 -0.0385039 0.0438429 0.0475583 0.138183 0.0599616 0.149397 0.128803 -0.0652182 0.0867442 0.0486159 -0.00478992 0.101203 -0.0317609 0.00762659 -0.00320826 0.0334335 0.00459013 0.0517354 0.0219828 0.0967276 0.0675769 0.00540788 -0.0697912
internal_weight=869.952 430.023 240.998 133.571 439.929 189.026 107.426 169.814 69.2444 60.8174 46.6088 44.8681 144.157 90.4109 94.742 34.3236 21.0213 75.0716 52.9929 44.0144 41.0991 26.4939 31.0572 22.5229 19.1383 27.7605 28.1453 20.0396 23.8172 64.327
internal_count=4906 2048 1242 752 2858 806 490 1002 341 295 195 212 594 379 592 164 104 410 229 248 216 131 162 123 94 133 125 92 122 411
is_linear=0
shrinkage=0.1


Tree=5
num_leaves=31
num_cat=0
split_feature=0 15 9 16 1 0 16 16 16 8 9 10 0 1 8 9 68 9 80 10 0 0 11 11 9 16 8 10 0 0
split_gain=408.967 76.9056 45.3866 35.9743 35.6249 24.1486 17.5194 13.728 12.5452 10.4097 9.80186 9.40957 8.65971 8.64702 8.53421 8.23045 8.60993 7.29302 6.99961 6.85562 6.81002 6.37443 6.6881 5.72118 5.64709 8.25379 7.77854 6.88726 5.50835 5.33571
threshold=10.965092182159426 1.0000000180025095e-35 1.0000000180025095e-35 1.0000000180025095e-35 -0.16024032235145566 14.054756641387941 1.0000000180025095e-35 1.0000000180025095e-35 1.0000000180025095e-35 1.0000000180025095e-35 1.0000000180025095e-35 1.0000000180025095e-35 11.934291839599611 0.1041143834590912 1.0000000180025095e-35 1.0000000180025095e-35 1.0000000180025095e-35 1.0000000180025095e-35 1.0000000180025095e-35 1.0000000180025095e-35 13.661875724792482 13.661875724792482 1.0000000180025095e-35 1.0000000180025095e-35 1.0000000180025095e-35 1.0000000180025095e-35 1.0000000180025095e-35 1.0000000180025095e-35 15.260780334472658 15.585215568542482
decision_type=2 2 2 2 2 2 2 2 2 2 2 2 2 2 2 2 2 2 2 2 2 2 2 2 2 2 2 2 2 2
left_child=4 2 3 29 -1 8 11 13 14 19 -9 20 -8 -6 -3 16 -16 -15 -12 21 -4 -5 -23 -11 25 26 -7 -28 -13 -2
right_child=1 5 6 9 7 24 12 10 -10 23 18 28 -14 17 15 -17 -18 -19 -20 -21 -22 22 -24 -25 -26 -27 27 -29 -30 -31
leaf_value=-0.095346504741221638 -0.085283933004845491 0.0080707138709479719 0.022975184443458613 -0.018231900434044004 -0.082480790307366034 0.062709652833672233 0.024522294775222362 -0.035227750286795721 0.12277800951378917 0.050133310530751901 0.05981521048761386 -0.035304299419674702 0.14193256499111864 -0.065966931647440899 -0.030131145254986814 0.16405578541027679 0.14497783149636492 0.034825413327581246 -0.063528030193769722 -0.040600368829492084 0.11257638730550118 0.020834831336542382 0.16178949628423772 0.14202116891608652 0.17448093760103067 0.17393284032274181 0.19147229845550062 0.059793670659188058 0.061573486659954928 -0.021308641376088806
leaf_weight=253.0358247756958 42.828088954091072 29.507680773735046 14.313959598541258 10.073876664042475 62.616613999009132 23.605954438447952 7.4689623713493338 42.398944184184074 31.955498114228249 17.709637090563774 26.251204401254657 17.572956994175915 39.52569355070591 14.542198553681374 7.3156270384788513 8.9552795886993408 4.5569878965616226 14.177663773298264 5.5786377489566794 17.514583066105843 20.820847406983376 7.187208563089369 6.3318407088518143 10.975190430879595 41.76441502571106 24.265444397926331 12.481078043580057 5.826237589120864 8.8123130947351438 18.741576686501503
leaf_count=1856 286 137 74 52 412 101 35 246 133 78 142 91 160 90 34 38 20 82 30 97 90 39 28 47 168 98 50 27 40 125
internal_value=-0.00138422 0.0670973 0.0294409 -0.0100938 -0.0717488 0.11458 0.0772996 -0.035684 0.0737745 0.0390581 -0.00374246 0.0421814 0.123272 -0.0616427 0.0426646 0.0916751 0.0370798 -0.0162104 0.0381975 0.00679694 0.0760728 0.0419831 0.086853 0.0852908 0.145689 0.127519 0.100648 0.149566 -0.00294847 -0.0658101
internal_weight=848.712 430.111 239.877 131.362 418.601 190.234 108.515 165.565 82.2911 69.7923 74.2288 61.5201 46.9947 91.3365 50.3356 20.8279 11.8726 28.7199 31.8298 41.1075 35.1348 23.5929 13.519 28.6848 107.943 66.1787 41.9133 18.3073 26.3853 61.5697
internal_count=4906 2048 1242 752 2858 806 490 1002 362 341 418 295 195 584 229 92 54 172 172 216 164 119 67 125 444 276 178 77 131 411
is_linear=0
shrinkage=0.1


Tree=6
num_leaves=31
num_cat=0
split_feature=1 15 9 0 16 0 1 0 10 9 16 16 10 16 34 6 9 8 96 80 1 0 11 68 0 39 81 97 0 15
split_gain=343.659 68.4083 45.4814 32.1106 28.9283 16.8729 15.0152 13.7411 12.9632 12.9069 11.6146 10.3861 9.73147 8.69401 7.90193 8.50469 7.57726 7.19112 6.71019 6.47931 6.10004 5.7901 7.39095 5.55801 7.54261 5.47033 5.43084 5.32989 5.1858 5.182
threshold=0.099551297724246993 1.0000000180025095e-35 1.0000000180025095e-35 12.803559303283693 1.0000000180025095e-35 13.661875724792482 -0.16024032235145566 13.882272243499758 1.0000000180025095e-35 1.0000000180025095e-35 1.0000000180025095e-35 1.0000000180025095e-35 1.0000000180025095e-35 1.0000000180025095e-35 1.0000000180025095e-35 1.0000000180025095e-35 1.0000000180025095e-35 1.0000000180025095e-35 1.0000000180025095e-35 1.0000000180025095e-35 0.7774735987186433 15.585215568542482 1.0000000180025095e-35 1.0000000180025095e-35 14.591375827789308 1.0000000180025095e-35 1.0000000180025095e-35 1.0000000180025095e-35 16.954140663146976 1.0000000180025095e-35
decision_type=2 2 2 2 2 2 2 2 2 2 2 2 2 2 2 2 2 2 2 2 2 2 2 2 2 2 2 2 2 2
left_child=6 2 4 9 21 19 29 14 -9 12 -8 17 27 16 18 -16 20 -7 -6 26 23 -2 -23 -5 -25 -22 -4 -3 -27 -1
right_child=1 3 5 13 7 11 10 8 -10 -11 -12 -13 -14 -15 15 -17 -18 -19 -20 -21 25 22 -24 24 -26 28 -28 -29 -30 -31
leaf_value=-0.1038112983290638 -0.085272666355618282 0.018733341631962511 0.013892449369108521 0.0018146975594881282 -0.074154319541841054 0.022034720440378953 -0.076996392284179982 0.10667116110771557 -0.0072944523699337545 0.087486821150170896 -0.010598995195166216 0.14629726794831585 -0.065136774525734964 0.15488480814808359 0.12305505481262552 -0.061284939715879262 0.13868865746270267 0.11066109860410595 0.059126008872585657 -0.079205065820089404 0.17837567300943286 -0.080382783939384694 0.046150941901339497 0.13992254459925796 0.013989483210165757 0.13128828206854626 0.081235411371607905 0.1437574934328488 0.00063635339651700823 -0.073518059486989126
leaf_weight=144.16170980036259 48.219459101557732 21.283929362893108 36.442991837859154 13.003723099827765 21.867300361394886 18.960510313510895 57.729415237903595 25.320160642266273 16.47497683763504 31.791951224207878 48.460810780525208 27.300747454166412 13.991178825497625 52.09327857196331 6.4308506995439512 4.0973797887563705 36.856857180595398 17.703618779778481 4.566296473145484 5.3621400296688071 9.397712916135788 9.5866033732891083 8.9035695791244507 11.162278875708582 8.2868576198816282 7.3744403719902039 17.836197689175606 4.0602970719337454 5.1662718653678894 92.830436691641808
leaf_count=1129 343 103 188 55 121 87 401 113 82 139 278 111 73 215 32 22 150 74 24 30 39 65 60 47 35 31 91 19 22 727
internal_value=-0.00141263 0.0529036 0.0193232 0.0950335 -0.0185751 0.0639241 -0.0779437 0.0224669 0.0617477 0.0401035 -0.0466954 0.0996002 0.00180695 0.12229 -0.0219504 0.0513136 0.103682 0.0648288 -0.0511307 0.0256618 0.0799608 -0.0670292 -0.019453 0.0524262 0.0862652 0.120692 0.0360214 0.038763 0.0774649 -0.0919454
internal_weight=826.724 483.542 269.073 214.469 145.467 123.606 343.182 78.757 41.7951 71.1274 106.19 63.9649 39.3354 143.341 36.9618 10.5282 91.2481 36.6641 26.4336 59.6413 54.3913 66.7096 18.4902 32.4529 19.4491 21.9384 54.2792 25.3442 12.5407 236.992
internal_count=4906 2371 1443 928 862 581 2535 394 195 334 679 272 195 594 199 54 379 161 145 309 229 468 125 137 82 92 279 122 53 1856
is_linear=0
shrinkage=0.1


Tree=7
num_leaves=31
num_cat=0
split_feature=1 15 9 0 16 1 16 0 16 10 9 0 11 8 16 9 10 0 1 34 6 26 14 96 8 15 10 15 16 11
split_gain=289.723 55.8396 36.901 27.4794 24.518 14.4198 14.3586 11.0127 10.3375 10.1185 9.16138 8.44958 8.01318 9.63442 7.80636 7.43633 7.14234 7.11514 6.65694 6.47905 6.5764 5.74805 5.92796 5.63638 5.54342 5.53403 5.47234 5.13999 4.79843 4.66764
threshold=0.099551297724246993 1.0000000180025095e-35 1.0000000180025095e-35 12.881587982177736 1.0000000180025095e-35 -0.16024032235145566 1.0000000180025095e-35 13.882272243499758 1.0000000180025095e-35 1.0000000180025095e-35 1.0000000180025095e-35 14.47091054916382 1.0000000180025095e-35 1.0000000180025095e-35 1.0000000180025095e-35 1.0000000180025095e-35 1.0000000180025095e-35 12.992471218109133 0.825994372367859 1.0000000180025095e-35 1.0000000180025095e-35 1.0000000180025095e-35 1.0000000180025095e-35 1.0000000180025095e-35 1.0000000180025095e-35 1.0000000180025095e-35 1.0000000180025095e-35 1.0000000180025095e-35 1.0000000180025095e-35 1.0000000180025095e-35
decision_type=2 2 2 2 2 2 2 2 2 2 2 2 2 2 2 2 2 2 2 2 2 2 2 2 2 2 2 2 2 2
left_child=5 2 4 10 24 27 12 19 25 29 16 21 13 -4 15 26 -3 -14 -15 23 -21 22 -8 -6 -2 -7 -5 -1 -12 -9
right_child=1 3 6 14 7 8 11 9 -10 -11 28 -13 17 18 -16 -17 -18 -19 -20 20 -22 -23 -24 -25 -26 -27 -28 -29 -30 -31
leaf_value=-0.10100261876390085 -0.092927423656204711 0.035653153811899312 -0.044994209288082579 0.095162456422491618 -0.069495491859288508 -0.10345145056985131 0.15066866974279533 0.057290994453995839 -0.0095969587881724171 -0.0065827305363549433 0.050521641441468867 0.14333604832009361 0.0083790018658222842 0.019658110141567011 0.14393933324024713 0.12994820121178235 -0.05250836442948157 0.11274527929436112 0.15361592614052313 0.10516623378912454 -0.056977820490588943 0.017621691723108058 0.022143114952210809 0.051743572832345847 -0.033973326750673875 -0.039891741801198401 0.029159583740411499 -0.069902436291085154 0.1337625509421346 0.14318795969574197
leaf_weight=133.88496937602758 31.734785690903664 25.909631967544556 22.056449756026268 34.718305468559265 21.043762564659122 28.655106335878372 10.034614548087118 14.908823609352112 48.183911889791489 16.432948872447014 23.042366534471512 22.484086662530899 10.933342859148981 17.116901084780697 49.685369879007339 35.840305864810944 14.239627465605734 16.227639347314835 4.7361479252576819 6.7531683146953565 3.973071351647377 14.724174529314041 5.5864528715610513 4.6889713555574408 32.065329879522324 26.245304331183434 19.683478981256485 88.117699392139912 9.9005752354860288 10.989169269800186
leaf_count=1129 245 123 118 140 121 227 44 68 278 82 100 94 58 86 212 149 76 69 19 32 22 68 25 24 223 174 87 727 41 45
internal_value=-0.00142803 0.0479807 0.0174707 0.086149 -0.0172165 -0.0743068 0.0573905 0.0200976 -0.0433994 0.0547941 0.0364543 0.0968751 0.0280401 0.00163111 0.112107 0.0945814 0.00438515 0.0707338 0.0486904 -0.0201869 0.045107 0.0624503 0.104705 -0.0474035 -0.0632977 -0.0730665 0.0712815 -0.0886583 0.0755386 0.0937392
internal_weight=804.596 479.51 266.49 213.02 142.59 325.087 123.9 78.7899 103.084 42.3309 73.0922 52.8293 71.0705 43.9095 139.927 90.2421 40.1493 27.161 21.853 36.459 10.7262 30.3452 15.6211 25.7327 63.8001 54.9004 54.4018 222.003 32.9429 25.898
internal_count=4906 2371 1443 928 862 2535 581 394 679 195 340 231 350 223 588 376 199 127 105 199 54 137 69 145 468 401 227 1856 141 113
is_linear=0
shrinkage=0.1


Tree=8
num_leaves=31
num_cat=0
split_feature=1 15 9 0 16 1 15 0 8 0 10 16 94 12 81 11 11 16 0 11 34 16 67 16 9 8 10 72 0 11
split_gain=244.856 45.9226 30.1313 25.2963 20.7672 13.8119 12.609 12.4123 10.6731 8.88893 8.03387 7.47211 6.79269 8.04775 8.19328 6.94552 6.46658 6.31215 5.53706 6.46092 5.32912 5.1036 5.03393 4.94381 6.65868 6.49351 5.65372 4.94162 4.92926 4.84568
threshold=0.099551297724246993 1.0000000180025095e-35 1.0000000180025095e-35 14.054756641387941 1.0000000180025095e-35 -0.25576089322566981 1.0000000180025095e-35 14.47091054916382 1.0000000180025095e-35 13.882272243499758 1.0000000180025095e-35 1.0000000180025095e-35 1.0000000180025095e-35 1.0000000180025095e-35 1.0000000180025095e-35 1.0000000180025095e-35 1.0000000180025095e-35 1.0000000180025095e-35 15.585215568542482 1.0000000180025095e-35 1.0000000180025095e-35 1.0000000180025095e-35 1.0000000180025095e-35 1.0000000180025095e-35 1.0000000180025095e-35 1.0000000180025095e-35 1.0000000180025095e-35 1.0000000180025095e-35 10.843257904052736 1.0000000180025095e-35
decision_type=2 2 2 2 2 2 2 2 2 2 2 2 2 2 2 2 2 2 2 2 2 2 2 2 2 2 2 2 2 2
left_child=5 2 4 8 18 -1 17 21 12 20 -11 27 13 14 -3 -16 28 -7 -2 -20 -6 29 -8 24 25 -5 -27 -9 -10 -4
right_child=1 3 7 23 9 6 22 11 16 10 -12 -13 -14 -15 15 -17 -18 -19 19 -21 -22 -23 -24 -25 -26 26 -28 -29 -30 -31
leaf_value=-0.088658941709652356 -0.078765267965961228 0.065880164842344727 -0.028366366647138343 0.040203114954873304 -0.043928827832540457 -0.10405217265523366 0.027854758532102033 -0.031162356842239926 -0.044089893062494057 0.083311521313503931 -0.0059389904532924451 0.13379511102156744 0.091957406502408925 -0.0479860619677022 -0.10102991577507113 0.058840818633139648 0.14469609506549416 -0.044029634513265303 -0.073283978547118975 0.048188879494422174 0.03993117130122447 0.055628011101107648 -0.033408854802752026 0.14529455880930603 0.13794074504664713 0.15838245111923371 0.040774635661005025 0.075450191685363974 0.074558080905752999 0.041330076294082675
leaf_weight=179.98214009404182 43.567969225347042 24.073309719562531 23.208609119057655 24.265699967741966 25.059059590101242 35.305340625345707 21.003282219171524 5.2606756985187557 4.0424669086933163 26.208164259791374 16.39484341442585 21.718047231435776 10.695496350526808 18.867144167423248 6.8104671388864499 4.521719753742218 12.298689439892767 34.780920311808586 8.7060133367776871 8.8090239465236664 10.862716719508169 30.629762664437294 37.109785914421082 33.819414734840393 26.563048884272575 12.214848682284357 6.1433247327804557 25.049715101718903 26.168789133429527 17.495243892073631
leaf_count=1606 343 108 133 101 145 306 143 23 20 113 82 94 47 89 31 22 54 230 65 60 54 137 250 151 115 50 27 108 113 86
internal_value=-0.00141924 0.0437369 0.0158737 0.078548 -0.0159457 -0.070792 -0.0457081 0.0518834 0.0446096 0.018071 0.0489654 0.0890251 0.019119 0.00476473 0.032875 -0.037239 0.0835672 -0.0742655 -0.0596755 -0.0121903 -0.0185696 0.0247935 -0.0112669 0.11396 0.0986428 0.0741525 0.119027 0.0569465 0.0586822 0.00159041
internal_weight=781.636 473.454 262.97 210.484 139.608 308.181 128.199 123.362 107.478 78.5248 42.603 52.0284 64.9681 54.2726 35.4055 11.3322 42.5099 70.0863 61.083 17.515 35.9218 71.3336 58.1131 103.006 69.1869 42.6239 18.3582 30.3104 30.2113 40.7039
internal_count=4906 2371 1443 928 862 2535 929 581 484 394 195 225 297 250 161 53 187 536 468 125 199 356 393 444 293 178 77 131 133 219
is_linear=0
shrinkage=0.1


Tree=9
num_leaves=31
num_cat=0
split_feature=1 0 15 9 9 1 16 16 15 16 94 8 11 8 16 10 15 11 16 15 8 8 15 16 68 96 34 16 11 12
split_gain=206.876 38.2021 24.4511 18.4361 15.2635 13.3489 12.6245 9.00995 8.14357 7.9352 7.34214 6.9702 6.699 6.21181 6.11156 5.3384 5.33303 5.30025 5.02557 4.76253 4.67232 4.58565 4.57902 4.55776 4.78258 4.45128 5.08732 4.38836 4.75685 4.35513
threshold=0.099551297724246993 13.813826084136965 1.0000000180025095e-35 1.0000000180025095e-35 1.0000000180025095e-35 -0.16024032235145566 1.0000000180025095e-35 1.0000000180025095e-35 1.0000000180025095e-35 1.0000000180025095e-35 1.0000000180025095e-35 1.0000000180025095e-35 1.0000000180025095e-35 1.0000000180025095e-35 1.0000000180025095e-35 1.0000000180025095e-35 1.0000000180025095e-35 1.0000000180025095e-35 1.0000000180025095e-35 1.0000000180025095e-35 1.0000000180025095e-35 1.0000000180025095e-35 1.0000000180025095e-35 1.0000000180025095e-35 1.0000000180025095e-35 1.0000000180025095e-35 1.0000000180025095e-35 1.0000000180025095e-35 1.0000000180025095e-35 1.0000000180025095e-35
decision_type=2 2 2 2 2 2 2 2 2 2 2 2 2 2 2 2 2 2 2 2 2 2 2 2 2 2 2 2 2 2
left_child=5 3 4 8 6 16 17 19 18 -5 13 12 -8 29 20 -4 -1 -3 -2 -7 -6 -19 -11 24 -15 26 -20 28 -17 -10
right_child=1 2 15 9 14 7 11 -9 10 22 -12 -13 -14 23 -16 27 -18 21 25 -21 -22 -23 -24 -25 -26 -27 -28 -29 -30 -31
leaf_value=-0.096019722646753874 -0.07331091656095011 -0.083765579892594255 0.11963831234789446 0.018179244942903138 0.014936246798388128 -0.097911755941182815 -0.041818241113846043 -0.0056364627912570582 -0.0061938749849217408 0.049895822643211483 0.10133207541369781 0.089634907450120718 0.062767153223375199 -0.048744906561558055 0.11530688998220683 0.017803825330718573 -0.062365757776126067 -0.049013962441476648 -0.0618085834637268 -0.036232602648890201 0.087747098482686997 0.058955250331402753 0.11889612653597548 0.092852011699457837 0.082512171830079847 0.0628203999669215 0.026279312419118198 0.12203581782171316 0.10128944476946156 -0.091733532588145331
leaf_weight=116.3494740575552 27.842789202928543 14.813742905855179 68.108638942241669 64.747570097446442 18.347434654831886 24.635437577962875 12.78171281516552 47.075317651033401 17.013422772288322 27.762069717049599 7.7520524263381949 18.459526211023331 11.758784011006355 7.8451129645109177 24.008165612816811 16.705460160970688 79.098505049943924 8.7797070592641813 19.623779118061066 25.452903255820274 16.960382238030434 7.1268456280231485 14.715672522783278 8.5996726602315903 4.296177864074707 5.8938824981451026 9.8456850647926348 13.046036139130591 11.539105266332628 9.1547930836677569
leaf_count=1129 232 118 299 321 82 227 68 278 82 124 35 75 53 38 107 74 727 71 120 174 70 47 62 38 18 30 48 61 50 48
internal_value=-0.00139766 0.0398738 0.0674175 0.0102079 0.0386188 -0.0673403 0.00823558 -0.0370474 -0.0170885 0.0402135 0.0111766 0.0432133 0.00829472 -0.00372221 0.0763803 0.102439 -0.0823998 -0.0407237 -0.0415324 -0.0665689 0.0499115 -0.000638936 0.0737998 0.0371523 -0.00229978 -0.0165121 -0.0323786 0.0740676 0.0519112 -0.0361194
internal_weight=760.14 467.528 242.436 225.093 133.036 292.612 73.7203 97.1637 117.867 107.225 54.6612 43 24.5405 46.9092 59.316 109.399 195.448 30.7203 63.2061 50.0883 35.3078 15.9066 42.4777 20.741 12.1413 35.3633 29.4695 41.2906 28.2446 26.1682
internal_count=4906 2371 1175 1196 691 2535 432 679 689 507 259 196 121 224 259 484 1856 236 430 401 152 118 186 94 56 198 168 185 124 130
is_linear=0
shrinkage=0.1


Tree=10
num_leaves=31
num_cat=0
split_feature=1 15 9 0 16 1 15 0 8 1 16 11 16 8 9 9 16 8 86 8 67 16 62 6 10 11 0 16 5 12
split_gain=174.827 32.3053 19.6014 19.3989 14.9062 12.8211 10.9518 9.5147 7.75356 6.51606 6.50852 6.03164 5.76638 5.39703 5.36488 5.26725 6.82477 5.74447 5.11804 5.09309 7.93739 5.26804 5.04575 4.96123 4.714 4.66931 7.75334 4.65914 5.52752 5.37014
threshold=0.099551297724246993 1.0000000180025095e-35 1.0000000180025095e-35 14.054756641387941 1.0000000180025095e-35 -0.25576089322566981 1.0000000180025095e-35 14.47091054916382 1.0000000180025095e-35 0.19841813296079638 1.0000000180025095e-35 1.0000000180025095e-35 1.0000000180025095e-35 1.0000000180025095e-35 1.0000000180025095e-35 1.0000000180025095e-35 1.0000000180025095e-35 1.0000000180025095e-35 1.0000000180025095e-35 1.0000000180025095e-35 1.0000000180025095e-35 1.0000000180025095e-35 1.0000000180025095e-35 1.0000000180025095e-35 1.0000000180025095e-35 1.0000000180025095e-35 12.203969955444338 1.0000000180025095e-35 1.0000000180025095e-35 1.0000000180025095e-35
decision_type=2 2 2 2 2 2 2 2 2 2 2 2 2 2 2 2 2 2 2 2 2 2 2 2 2 2 2 2 2 2
left_child=5 2 4 8 13 -1 12 19 25 -6 -9 18 -7 -2 -10 16 17 -5 23 -4 -21 -22 -13 -11 -19 -3 -27 -8 -29 -30
right_child=1 3 7 15 9 6 27 10 14 11 -12 22 -14 -15 -16 -17 -18 24 -20 20 21 -23 -24 -25 -26 26 -28 28 29 -31
leaf_value=-0.082713140203093449 -0.085081498689092469 -0.0070922125665189538 -0.0034714415080830917 0.026569290291631426 -0.086465044783662889 -0.099382345984723022 -0.031727504177898595 0.04590073765149931 0.040468570412620579 0.046653897931743016 0.11928507232043797 -0.014301045844885188 -0.03908744230859023 -0.023069016109344247 0.11286203114840132 0.12917183161818807 0.12917903673657097 0.13928717280111305 -0.093404724119530755 -0.0068616970716848013 0.055226945886199252 0.17524283203935032 0.07840034716848282 -0.028965812691444992 0.031575005435637141 0.0037780112718519554 0.11607293032447785 -0.014059275965376898 0.14583267768412816 -0.0047770489467413128
leaf_weight=157.98245175182819 27.034985847771168 38.763529494404793 43.075344398617744 24.412273183465004 5.8860096335411063 30.319546483457088 32.842779830098152 30.549796998500824 25.203289911150932 18.559389248490334 19.996689140796661 7.7850267440080669 33.262287452816963 29.185250923037529 17.238378629088402 35.340546354651451 19.839181870222092 11.514617741107942 5.3900545984506598 13.120696172118187 10.214569374918936 5.6973758190870294 23.888729900121689 16.292115807533264 6.278657153248786 15.678773596882822 10.115220367908476 13.908101797103882 5.7702344134449959 4.0145597159862518
leaf_count=1606 245 178 214 101 42 306 247 131 114 92 94 36 230 223 73 168 98 50 32 63 54 25 110 82 27 74 45 87 34 25
internal_value=-0.00137074 0.0364001 0.0127796 0.0660639 -0.013657 -0.0639908 -0.0393665 0.0416662 0.0366724 0.0146927 0.0749323 0.0229721 -0.0678396 -0.0528894 0.0698724 0.0983569 0.0808048 0.0580659 -0.00272114 0.0183472 0.0507192 0.0981994 0.0556155 0.0113038 0.101279 0.014846 0.0478149 -0.00734485 0.0264541 0.0840397
internal_weight=739.16 461.061 256.676 204.384 134.022 278.1 120.118 122.654 106.999 77.8013 50.5465 71.9153 63.5818 56.2202 42.4417 97.3853 62.0447 42.2055 40.2416 72.108 29.0326 15.9119 31.6738 34.8515 17.7933 64.5575 25.794 56.5357 23.6929 9.78479
internal_count=4906 2371 1443 928 862 2535 929 581 484 394 225 352 536 468 187 444 276 178 206 356 142 79 146 174 77 297 119 393 146 59
is_linear=0
shrinkage=0.1


Tree=11
num_leaves=31
num_cat=0
split_feature=1 0 10 9 15 129 15 16 15 6 16 97 16 7 15 9 15 26 8 11 139 8 67 1 16 9 1 32 16 8
split_gain=148.349 30.3432 19.4165 13.0777 10.3351 10.0876 7.7262 7.1592 6.71873 8.47669 6.51301 5.41885 5.26605 6.03878 5.19833 5.01487 4.61832 5.68312 4.53282 4.5027 5.43937 4.49827 4.42141 4.41961 4.22378 4.11649 5.4482 3.96933 3.96836 3.93734
threshold=0.066088676452636733 13.813826084136965 1.0000000180025095e-35 1.0000000180025095e-35 1.0000000180025095e-35 1.0000000180025095e-35 1.0000000180025095e-35 1.0000000180025095e-35 1.0000000180025095e-35 1.0000000180025095e-35 1.0000000180025095e-35 1.0000000180025095e-35 1.0000000180025095e-35 1.0000000180025095e-35 1.0000000180025095e-35 1.0000000180025095e-35 1.0000000180025095e-35 1.0000000180025095e-35 1.0000000180025095e-35 1.0000000180025095e-35 1.0000000180025095e-35 1.0000000180025095e-35 1.0000000180025095e-35 0.19841813296079638 1.0000000180025095e-35 1.0000000180025095e-35 -0.070803865790367113 1.0000000180025095e-35 1.0000000180025095e-35 1.0000000180025095e-35
decision_type=2 2 2 2 2 2 2 2 2 2 2 2 2 2 2 2 2 2 2 2 2 2 2 2 2 2 2 2 2 2
left_child=5 3 8 6 15 10 23 19 9 -3 14 12 -8 21 -1 18 17 29 -4 -5 -21 -14 -15 -2 -25 -16 27 -27 -6 -9
right_child=1 2 4 7 28 -7 11 16 -10 -11 -12 -13 13 22 25 -17 -18 -19 -20 20 -22 -23 -24 24 -26 26 -28 -29 -30 -31
leaf_value=-0.090416852438414241 -0.092932426369994769 0.093794802448329676 -0.06652499357251071 -0.0094522093323515521 0.040989578299341814 -0.085132560267265345 -0.032410581391819605 0.047336269217229547 0.10554030963783134 0.026382542296429862 -0.02085798904866892 0.07986048638486655 0.021835403011937968 0.037984627672797755 -0.061512662554499879 0.029111722775188482 0.10620004361750723 -0.0023702291664249621 0.010493578077653221 0.065635247336086833 -0.055324442831190125 0.14227464344018093 -0.10070444071019127 -0.061650430834947895 -0.0025754577863465397 0.14260100499187064 -0.066482221627547647 -0.0061357526061017334 0.11020207449702342 0.15776395200845547
leaf_weight=38.441648326814175 12.814482659101484 38.654547244310379 17.079651303589344 42.466373339295387 27.939415961503983 113.8694709315896 27.396728292107582 9.6682854890823346 63.327735632658005 36.048341110348701 61.976228982210159 9.3305083960294706 6.5285656899213791 4.8493910878896713 25.495322532951832 23.651981085538864 15.415418237447737 15.865955397486687 13.828307896852495 20.684314526617531 4.5322274640202513 5.9067414253950119 4.3701877743005753 20.687150374054909 29.16750705242157 3.4640157073736191 5.5290032774209958 3.7222209349274635 11.775459662079809 4.8478453308343896
leaf_count=424 110 195 122 220 124 1235 138 43 299 189 469 42 31 22 221 107 67 74 78 96 24 26 21 187 156 29 39 36 61 21
internal_value=-0.00132938 0.0320689 0.0576853 0.00669558 0.0227032 -0.0630786 -0.0161679 0.0310843 0.0815781 0.0612646 -0.0449634 0.0100071 -0.00328033 0.0335739 -0.0644535 -0.00554556 0.0616188 0.038999 -0.0320667 0.0104233 0.0438949 0.0790438 -0.0277556 -0.0405522 -0.0270886 -0.0383332 0.00814401 0.0655605 0.0615111 0.084215
internal_weight=719.335 466.837 232.305 234.532 94.2748 252.498 121.051 113.48 138.031 74.7029 138.628 58.3821 49.0516 21.6549 76.6522 54.5599 45.7975 30.3821 30.908 67.6829 25.2165 12.4353 9.21958 62.6691 49.8547 38.2106 12.7152 7.18624 39.7149 14.5161
internal_count=4906 2453 1175 1278 492 2453 733 545 683 384 1218 280 238 100 749 307 205 138 200 340 120 57 43 453 343 325 104 65 185 64
is_linear=0
shrinkage=0.1


Tree=12
num_leaves=31
num_cat=0
split_feature=0 0 10 16 15 15 15 15 15 6 9 0 9 7 52 0 14 99 83 6 11 8 82 0 8 11 26 9 6 97
split_gain=126.584 27.4594 16.0577 11.615 8.55039 8.07207 8.00122 6.70142 6.50361 6.84491 5.6449 6.84409 5.13855 4.61476 4.59035 5.0904 5.10059 6.15164 4.56815 4.62784 4.40376 6.85904 4.34786 4.2703 4.24313 4.15095 5.80073 4.14748 3.97129 4.91473
threshold=9.1197810173034686 13.813826084136965 1.0000000180025095e-35 1.0000000180025095e-35 1.0000000180025095e-35 1.0000000180025095e-35 1.0000000180025095e-35 1.0000000180025095e-35 1.0000000180025095e-35 1.0000000180025095e-35 1.0000000180025095e-35 5.3483915328979501 1.0000000180025095e-35 1.0000000180025095e-35 1.0000000180025095e-35 12.581793308258058 1.0000000180025095e-35 1.0000000180025095e-35 1.0000000180025095e-35 1.0000000180025095e-35 1.0000000180025095e-35 1.0000000180025095e-35 1.0000000180025095e-35 11.934291839599611 1.0000000180025095e-35 1.0000000180025095e-35 1.0000000180025095e-35 1.0000000180025095e-35 1.0000000180025095e-35 1.0000000180025095e-35
decision_type=2 2 2 2 2 2 2 2 2 2 2 2 2 2 2 2 2 2 2 2 2 2 2 2 2 2 2 2 2 2
left_child=5 3 8 7 20 -1 27 12 9 -3 -7 22 18 -8 15 16 23 -18 -2 -20 -4 -22 -12 -9 -16 26 -13 28 29 -5
right_child=1 2 4 6 -6 10 13 14 -10 -11 11 25 -14 -15 24 -17 17 -19 19 -21 21 -23 -24 -25 -26 -27 -28 -29 -30 -31
leaf_value=-0.080005888744526188 -0.087746349104971602 0.084115329222152702 -0.028855511594540563 -0.012210769722156498 0.05633340347120748 -0.060414474553107715 0.087516985574329451 0.010324672761412759 0.098913678676953651 0.023647548047844118 -0.081522464190380228 0.078443966976041835 -0.014003809014406027 0.020648680053238506 0.0048154812953569159 -0.10229801667216339 -0.090199499514331108 0.050391428870265015 -0.07085509379184092 0.13528985376657898 -0.017612339187625579 0.09565837159138102 0.069947658850529101 0.11943523200511219 0.10004454744325941 0.093601778593628462 -0.053562430523431327 0.033485902960798057 -0.059321974722360921 0.10513144669241484
leaf_weight=126.97726809233427 23.562742196023468 38.784337759017944 31.878476172685623 20.000478744506839 39.089433208107948 60.163246043026447 26.957644641399384 26.129153698682789 60.939103201031685 36.187969446182251 13.480772390961645 5.3932561576366433 38.611313305795193 16.723076477646828 10.093859598040581 5.2339261621236792 10.060676798224447 4.5062752068042746 2.3823437094688407 2.0059817731380463 12.913179159164429 9.1227595806121826 2.2050216495990744 4.1577097028493872 8.7219444960355759 6.4936956241726866 8.6965333893895149 32.640986859798431 13.238009706139563 4.3447466343641272
leaf_count=1404 233 195 184 115 185 596 123 132 299 189 149 39 221 77 46 23 54 22 24 19 77 46 24 19 37 51 67 151 84 21
internal_value=-0.00129573 0.0277326 0.0527411 0.00477556 0.020724 -0.0634409 0.0283115 -0.0150143 0.0746503 0.0549285 -0.0416291 -0.010468 -0.0376438 0.0619166 0.00684625 -0.00897343 0.00191648 -0.0467078 -0.0702999 0.0233774 -0.00509386 0.0292811 -0.0602296 0.0253031 0.0489583 0.0274532 -0.00303334 0.0074085 -0.0152397 0.00873059
internal_weight=701.696 478.286 228.915 249.371 93.0038 223.41 113.905 135.466 135.911 74.9723 96.4325 36.2693 66.5624 43.6807 68.9035 50.0877 44.8538 14.567 27.9511 4.38833 53.9144 22.0359 15.6858 30.2869 18.8158 20.5835 14.0898 70.2242 37.5832 24.3452
internal_count=4906 2576 1175 1401 492 2330 571 830 683 384 926 330 497 200 333 250 227 76 276 43 307 123 173 151 83 157 106 371 220 136
is_linear=0
shrinkage=0.1


Tree=13
num_leaves=31
num_cat=0
split_feature=0 0 10 15 15 15 9 16 9 80 16 15 9 0 8 42 16 5 11 97 61 9 16 12 0 129 16 71 81 97
split_gain=107.108 22.7231 14.3956 9.93694 7.78873 7.59608 7.18762 6.02947 5.82974 6.09506 5.06433 5.29988 4.95696 6.119 4.88156 4.77988 4.45399 4.28432 4.58597 4.20295 5.36081 4.11111 4.09878 4.09607 5.48139 4.08836 4.08343 3.95531 3.72872 4.07855
threshold=9.1197810173034686 13.661875724792482 1.0000000180025095e-35 1.0000000180025095e-35 1.0000000180025095e-35 1.0000000180025095e-35 1.0000000180025095e-35 1.0000000180025095e-35 1.0000000180025095e-35 1.0000000180025095e-35 1.0000000180025095e-35 1.0000000180025095e-35 1.0000000180025095e-35 3.8535249233245854 1.0000000180025095e-35 1.0000000180025095e-35 1.0000000180025095e-35 1.0000000180025095e-35 1.0000000180025095e-35 1.0000000180025095e-35 1.0000000180025095e-35 1.0000000180025095e-35 1.0000000180025095e-35 1.0000000180025095e-35 14.867898464202883 1.0000000180025095e-35 1.0000000180025095e-35 1.0000000180025095e-35 1.0000000180025095e-35 1.0000000180025095e-35
decision_type=2 2 2 2 2 2 2 2 2 2 2 2 2 2 2 2 2 2 2 2 2 2 2 2 2 2 2 2 2 2
left_child=5 3 6 8 21 25 10 -5 16 28 11 27 -7 -14 -13 17 -2 -12 -19 20 -9 -4 -23 -8 -25 -1 -6 -3 29 -10
right_child=1 2 4 7 26 12 23 19 9 -11 15 14 13 -15 -16 -17 -18 18 -20 -21 -22 22 -24 24 -26 -27 -28 -29 -30 -31
leaf_value=-0.058699451719071552 -0.069289508016190104 0.08665768427408943 -0.031092236258332198 0.0068548363802584319 0.031449475029398648 -0.057100914005950548 0.11815113718342551 0.072666588773132521 0.011748393566898344 -0.087468020485860554 0.089921629020306162 0.013873356961847758 -0.08593734357916559 0.012635973016394407 0.098840851363605625 0.16267458632300405 -0.014862097403719944 -0.038426061788676191 0.082121311716217948 0.12893679586674361 -0.0053843608052068365 -0.0067370235714619689 0.077699015019124254 -0.0083683347762329545 0.095885139440001446 -0.095744465749767221 0.10315952559876229 -0.043062620691747586 0.048936545561644264 -0.071158184749550213
leaf_weight=60.385505452752113 25.507872372865677 2.8599567413330087 30.708786718547344 66.298642620444298 28.391233891248703 57.434173502027988 33.017762556672096 22.20438189804554 33.655183590948582 6.4406914412975302 20.148536622524261 14.889569282531738 8.1457543820142728 27.752958007156849 12.386730313301086 5.4064235389232627 36.621688529849052 7.0092396736145002 5.7404175102710724 6.5045067667961112 14.576745837926863 16.040638029575348 8.960652172565462 7.3069479316473034 16.27886763215065 58.800694465637207 11.024195805191992 13.195910550653934 21.051713451743126 7.2038413584232321
leaf_count=652 266 20 206 323 126 596 165 101 176 38 96 62 95 235 59 26 217 34 26 29 68 71 43 33 81 752 62 103 108 37
internal_value=-0.00126695 0.025208 0.0474284 0.00360773 0.0174875 -0.0602455 0.0680312 0.0258081 -0.0150373 0.00511512 0.0490443 0.0256269 -0.0388811 -0.00973124 0.0524588 0.0755353 -0.0372078 0.061215 0.0158493 0.0548381 0.0417342 -0.00658116 0.0235255 0.0954152 0.0635871 -0.0769757 0.0515062 -0.0199561 0.0147467 -0.00286884
internal_weight=685.95 473.431 233.366 240.065 95.1255 212.519 138.24 109.584 130.481 68.3514 81.6368 43.3322 93.3329 35.8987 27.2763 38.3046 62.1296 32.8982 12.7497 43.2856 36.7811 55.7101 25.0013 56.6036 23.5858 119.186 39.4154 16.0559 61.9107 40.859
internal_count=4906 2576 1213 1363 508 2330 705 521 842 359 426 244 926 330 121 182 483 156 60 198 169 320 114 279 114 1404 188 123 321 213
is_linear=0
shrinkage=0.1


Tree=14
num_leaves=31
num_cat=0
split_feature=0 0 15 16 8 129 16 9 16 9 11 15 15 0 55 16 11 10 139 0 61 79 7 10 1 11 9 65 26 52
split_gain=90.668 19.2514 12.4226 8.33264 8.2964 7.17472 6.32396 6.84095 5.9671 5.70382 5.55406 5.02662 4.90141 4.80268 4.69962 5.32855 4.57913 4.57893 4.61891 4.46168 4.16675 4.10743 4.02362 3.97064 3.81716 4.25383 3.80005 3.73917 4.11768 3.65091
threshold=9.1197810173034686 13.813826084136965 1.0000000180025095e-35 1.0000000180025095e-35 1.0000000180025095e-35 1.0000000180025095e-35 1.0000000180025095e-35 1.0000000180025095e-35 1.0000000180025095e-35 1.0000000180025095e-35 1.0000000180025095e-35 1.0000000180025095e-35 1.0000000180025095e-35 10.186173915863039 1.0000000180025095e-35 1.0000000180025095e-35 1.0000000180025095e-35 1.0000000180025095e-35 1.0000000180025095e-35 16.425735473632816 1.0000000180025095e-35 1.0000000180025095e-35 1.0000000180025095e-35 1.0000000180025095e-35 0.91649556159973156 1.0000000180025095e-35 1.0000000180025095e-35 1.0000000180025095e-35 1.0000000180025095e-35 1.0000000180025095e-35
decision_type=2 2 2 2 2 2 2 2 2 2 2 2 2 2 2 2 2 2 2 2 2 2 2 2 2 2 2 2 2 2
left_child=5 3 4 12 8 17 7 24 26 16 14 -5 13 -2 15 -6 -10 18 -1 -16 -20 22 -13 -15 25 27 -3 28 -4 -14
right_child=1 2 6 11 10 -7 -8 -9 9 -11 -12 21 29 23 19 -17 -18 -19 20 -21 -22 -23 -24 -25 -26 -27 -28 -29 -30 -31
leaf_value=-0.03271110530282486 -0.10196618648961719 -0.070462742099824685 -0.091295792329487147 0.0069831738433976838 -0.09636072276246474 -0.077287866258768004 0.11210983876259283 0.099109777466492521 -0.042247382297877153 0.082118710523026883 0.093314493525116657 0.086995564544057061 -0.0089320425055516035 0.0030857029931016227 0.019701816244783246 0.047077303865126749 0.044665241485873794 -0.065073779303561938 -0.046929286364228245 0.10536942099558436 0.10491388613625328 -0.030069373850935017 0.019679289530723187 -0.050867381844948427 0.092218574014916108 0.055720255297793932 -0.0012977002199937246 0.056691987529450517 0.017860842560090847 0.042768742755008304
leaf_weight=57.903916090726852 8.7859318852424604 13.729666970670221 7.5711437016725558 69.69635172188282 5.456541031599043 94.177335552871227 27.612625643610954 23.197723671793938 12.561308793723583 12.834748283028601 20.848086223006248 23.91706657409668 50.016612768173218 28.968032084405422 16.514947161078457 4.9297207593917847 11.716173231601715 42.624122194945812 2.8510325476527205 9.6212059557437879 4.9360503330826759 5.5522571057081214 14.122134715318678 25.779433339834213 8.4621505290269834 15.901197448372839 18.849104508757591 5.3788455724716178 6.3578693568706512 18.78977906703949
leaf_count=579 94 130 33 371 32 1235 167 126 68 67 106 110 250 204 82 23 53 442 28 48 46 26 64 199 38 69 82 24 27 83
internal_value=-0.00121123 0.0230139 0.0443887 0.00373489 0.0239693 -0.057101 0.0718493 0.0552243 0.000784977 0.0282008 0.0521325 0.0236419 -0.0133063 -0.0333339 0.0286245 -0.0282795 -0.00030385 -0.039549 -0.022987 0.0512377 0.0493206 0.0502768 0.0620043 -0.0223197 0.0319127 0.0174188 -0.0304459 -0.0141248 -0.0414715 0.00518651
internal_weight=669.663 467.171 221.543 245.628 127.062 202.492 94.4816 66.8689 69.691 37.1122 57.3705 113.288 132.34 63.5334 36.5224 10.3863 24.2775 108.315 65.691 26.1362 7.78708 43.5915 38.0392 54.7475 43.6712 35.2091 32.5788 19.3079 13.929 68.8064
internal_count=4906 2576 1175 1401 691 2330 484 317 400 188 291 571 830 497 185 55 121 1095 653 130 74 200 174 403 191 153 212 84 60 333
is_linear=0
shrinkage=0.1


Tree=15
num_leaves=31
num_cat=0
split_feature=0 1 16 15 9 15 1 0 11 9 15 54 10 6 10 8 10 83 13 9 0 81 129 16 26 6 9 68 6 9
split_gain=76.6304 16.7434 11.9969 7.75929 7.62167 7.47201 7.34927 7.24886 7.22183 6.53313 6.1574 5.81753 6.42455 5.68092 5.48662 5.48033 4.96682 4.7658 4.54896 4.52617 5.33467 4.37725 4.05052 3.81675 3.78886 3.89026 3.787 3.81395 3.71617 3.70769
threshold=9.1197810173034686 0.67815041542053234 1.0000000180025095e-35 1.0000000180025095e-35 1.0000000180025095e-35 1.0000000180025095e-35 0.1041143834590912 11.741273403167726 1.0000000180025095e-35 1.0000000180025095e-35 1.0000000180025095e-35 1.0000000180025095e-35 1.0000000180025095e-35 1.0000000180025095e-35 1.0000000180025095e-35 1.0000000180025095e-35 1.0000000180025095e-35 1.0000000180025095e-35 1.0000000180025095e-35 1.0000000180025095e-35 3.8535249233245854 1.0000000180025095e-35 1.0000000180025095e-35 1.0000000180025095e-35 1.0000000180025095e-35 1.0000000180025095e-35 1.0000000180025095e-35 1.0000000180025095e-35 1.0000000180025095e-35 1.0000000180025095e-35
decision_type=2 2 2 2 2 2 2 2 2 2 2 2 2 2 2 2 2 2 2 2 2 2 2 2 2 2 2 2 2 2
left_child=5 2 4 8 10 22 -6 13 9 15 -2 -12 -13 -4 26 28 18 -10 21 -7 -21 -8 23 -1 -18 -26 27 -9 -3 -5
right_child=1 3 7 29 6 19 16 14 17 -11 11 12 -14 -15 -16 -17 24 -19 -20 20 -22 -23 -24 -25 25 -27 -28 -29 -30 -31
leaf_value=-0.079546642385792218 -0.064637978117144557 -0.014113608833149664 0.025619641449825804 0.059243589093745878 -0.090067834454063522 -0.050606070758704727 0.10262485708824041 0.081502121484671633 0.081103073043208684 0.041562366503899224 -0.05205376806235467 0.057052040420324301 -0.035446096375069625 -0.038577025987908395 0.016153442218236776 0.014817121306904643 -0.047149437779261907 -0.023832528328062517 0.0032881494816852253 -0.080841996683271453 0.016420443428173385 0.022669482337125808 -0.092125320492473017 -0.027273156348873253 0.051039174778891583 -0.043759578399884369 0.10293804487302177 0.011260943877273499 -0.1254906992771305 0.11205113750647318
leaf_weight=27.624710515141487 33.390516236424446 5.2056207358837128 39.439512342214584 40.635557562112808 6.6881347447633734 52.525422289967537 15.038233861327171 15.79045282304287 28.819650121033192 25.4333136677742 19.430078446865082 17.715840294957161 13.032963782548906 21.191161215305328 31.884856536984444 13.096283800899982 15.22633647918701 5.0928549841046324 19.668629974126816 7.1240658164024344 27.055513329803944 12.570656985044479 50.829589247703552 28.25398413091898 12.984754964709284 6.4937348216772071 20.016442880034447 15.143937826156616 7.0567776262760162 19.761555999517441
leaf_count=383 357 37 199 203 54 596 70 74 153 121 99 82 65 118 165 70 78 30 98 95 235 60 752 269 65 31 98 77 53 119
internal_value=-0.00115331 0.0210195 0.00809674 0.0491364 -0.00969426 -0.0539802 0.0107275 0.0294559 0.0296097 0.00575067 -0.0313625 -0.00922005 0.0178465 0.00318212 0.0486867 -0.0301664 0.0189504 0.0653442 0.0400389 -0.0321754 -0.00385201 0.0662202 -0.0716975 -0.0531156 -0.00977804 0.0194352 0.0690459 0.0471155 -0.078209 0.0765219
internal_weight=654.221 460.808 315.706 145.102 172.24 193.413 88.6705 143.466 84.7045 50.792 83.5694 50.1789 30.7488 60.6307 82.8357 25.3587 81.9823 33.9125 47.2775 86.705 34.1796 27.6089 106.708 55.8787 34.7048 19.4785 50.9508 30.9344 12.2624 60.3971
internal_count=4906 2576 1790 786 1059 2330 456 731 464 281 603 246 147 317 414 160 402 183 228 926 330 130 1404 652 174 96 249 151 90 322
is_linear=0
shrinkage=0.1


Tree=16
num_leaves=31
num_cat=0
split_feature=0 15 0 16 16 14 9 15 0 9 9 11 8 11 11 68 0 26 129 0 67 70 0 5 12 26 81 0 10 7
split_gain=64.6862 14.2665 10.8243 9.28452 8.69966 8.38196 7.81194 6.97029 6.26526 6.55805 5.91274 4.95655 5.94618 4.71975 4.54461 4.37036 4.20735 4.12171 4.01564 3.92732 3.91698 3.89381 3.87221 4.13256 3.85216 5.11778 4.37179 3.81516 3.77112 4.99383
threshold=9.1197810173034686 1.0000000180025095e-35 12.803559303283693 1.0000000180025095e-35 1.0000000180025095e-35 1.0000000180025095e-35 1.0000000180025095e-35 1.0000000180025095e-35 11.741273403167726 1.0000000180025095e-35 1.0000000180025095e-35 1.0000000180025095e-35 1.0000000180025095e-35 1.0000000180025095e-35 1.0000000180025095e-35 1.0000000180025095e-35 6.566735267639161 1.0000000180025095e-35 1.0000000180025095e-35 15.979465961456301 1.0000000180025095e-35 1.0000000180025095e-35 12.992471218109133 1.0000000180025095e-35 1.0000000180025095e-35 1.0000000180025095e-35 1.0000000180025095e-35 7.0266940593719491 1.0000000180025095e-35 1.0000000180025095e-35
decision_type=2 2 2 2 2 2 2 2 2 2 2 2 2 2 2 2 2 2 2 2 2 2 2 2 2 2 2 2 2 2
left_child=7 3 5 6 10 28 14 18 -5 13 -4 12 -8 15 -2 17 -9 21 -1 -17 -18 -10 -13 -24 26 -26 -15 -22 -3 -30
right_child=1 2 4 8 -6 -7 11 16 9 -11 -12 22 -14 24 -16 19 20 -19 -20 -21 27 -23 23 -25 25 -27 -28 -29 29 -31
leaf_value=-0.050065658932265202 -0.078575069390862118 0.053853855984526404 0.021817512891551719 -0.013353684844203052 0.10213024536567945 -0.029985409113046146 -0.051503799859629232 -0.049748975516343885 0.056326916642168851 0.071118384556128386 0.079764984224180213 -0.005582511175477348 0.021403742105355356 0.049659765070155133 -0.01894133121687476 -0.077927547957146792 0.037125434923482095 0.082821161158589549 -0.090135116188015701 0.021218484941068164 0.086229518045619583 -0.074704041890458844 0.026983373958596554 0.12909582982041745 0.026425060126040872 0.15940540247156956 -0.068041383899353922 -0.043739283713099326 0.046243101493566967 -0.053697820340919369
leaf_weight=53.514336295425892 23.281054474413395 37.541646733880043 51.990201756358147 36.079849720001221 33.768307462334633 30.079704165458679 22.774309456348419 46.986299812793732 4.0610354989767092 33.573211997747421 26.626415118575096 11.884301826357843 21.985444635152817 10.490704759955404 28.330836042761803 11.428599774837496 13.963893741369246 7.5591502487659445 46.95679372549057 6.1426305025815955 2.531136870384219 5.1363416314125061 9.5270407646894473 6.7866488546133033 5.9583352655172348 5.627336397767067 4.5133920907974252 20.974207304418087 10.852891579270363 9.2704833149909973
leaf_count=652 246 175 229 207 215 149 127 610 20 167 150 66 111 49 266 63 116 39 752 30 28 26 40 29 27 25 21 172 53 46
internal_value=-0.00111771 0.0191411 0.0391286 0.00346312 0.0596781 0.0128085 -0.0160671 -0.0509928 0.0220957 0.0356315 0.0414436 0.00499553 -0.0156925 0.0160738 -0.0458409 -0.00842373 -0.0298174 0.0281143 -0.0687928 -0.0432676 -0.00482322 -0.0168483 0.0378345 0.0694631 0.0477005 0.0910156 0.014254 -0.0297438 0.035131 0.000202084
internal_weight=640.197 455.27 200.13 255.14 112.385 87.7447 124.57 184.927 130.571 94.4907 78.6166 72.9577 44.7598 60.9175 51.6119 34.3278 84.4555 16.7565 100.471 17.5712 37.4692 9.19738 28.198 16.3137 26.5898 11.5857 15.0041 23.5053 57.665 20.1234
internal_count=4906 2576 1017 1559 594 423 885 2330 674 467 379 373 238 300 512 178 926 85 1404 93 316 46 135 69 122 52 70 200 274 99
is_linear=0
shrinkage=0.1


Tree=17
num_leaves=31
num_cat=0
split_feature=0 1 16 11 15 9 15 8 8 0 26 6 12 55 16 9 0 151 100 12 96 71 83 15 68 9 5 9 26 71
split_gain=54.5671 13.3225 8.89135 6.45274 6.45268 6.33251 5.73942 5.31859 5.01314 4.81544 4.5803 4.69424 4.43466 4.2479 4.05777 4.03478 4.53857 4.00961 4.21531 3.86478 4.56823 5.49223 3.76214 5.09918 5.3292 4.8346 4.59785 3.83083 3.8035 3.7197
threshold=9.1197810173034686 0.67815041542053234 1.0000000180025095e-35 1.0000000180025095e-35 1.0000000180025095e-35 1.0000000180025095e-35 1.0000000180025095e-35 1.0000000180025095e-35 1.0000000180025095e-35 12.746064186096193 1.0000000180025095e-35 1.0000000180025095e-35 1.0000000180025095e-35 1.0000000180025095e-35 1.0000000180025095e-35 1.0000000180025095e-35 3.8535249233245854 1.0000000180025095e-35 1.0000000180025095e-35 1.0000000180025095e-35 1.0000000180025095e-35 1.0000000180025095e-35 1.0000000180025095e-35 1.0000000180025095e-35 1.0000000180025095e-35 1.0000000180025095e-35 1.0000000180025095e-35 1.0000000180025095e-35 1.0000000180025095e-35 1.0000000180025095e-35
decision_type=2 2 2 2 2 2 2 2 2 2 2 2 2 2 2 2 2 2 2 2 2 2 2 2 2 2 2 2 2 2
left_child=4 2 3 8 14 7 17 10 19 -8 -3 12 -12 -10 -1 -6 -17 18 -4 20 21 -2 23 25 27 -5 -27 -25 -24 -9
right_child=1 5 6 22 15 -7 9 29 13 -11 11 -13 -14 -15 -16 16 -18 -19 -20 -21 -22 -23 28 24 -26 26 -28 -29 -30 -31
leaf_value=-0.085213518764462315 0.037114461404395872 -0.022336138424817908 0.018595302400599052 -0.068774075082807237 -0.045748674280049084 0.070209099734075603 0.028881353779826081 0.12686322061226396 -0.057791108823741014 0.093160001813514304 0.024013555397344202 -0.0058189405013255799 0.1552660527424925 0.013466035227769109 -0.043754407693416458 -0.076472429231415132 0.017363212960905355 -0.087552912899502677 -0.088258152393966074 -0.081511415502958928 -0.10599239157877004 -0.061474155956715598 0.015909162853304383 -0.028245939939195754 0.10008180446866091 -0.033826140559605554 0.068880909987980674 0.068368921033661365 0.12521469439222466 0.040972338737782971
leaf_weight=50.480805560946465 13.155180629342798 27.465243279933929 81.379311919212341 13.999378092586996 49.23247592151165 53.409584507346153 33.90450157225132 6.0179215669631949 10.897650741040705 17.759644761681557 5.2827932313084602 11.069910556077957 5.02074034512043 36.011880494654179 44.345511361956596 6.3791073709726325 26.849361926317215 4.095003902912139 3.8673695474863043 20.815420377999544 5.5904345810413352 9.9052704200148582 7.61970107257366 12.227520734071733 8.4572403430938738 10.27859900891781 7.5678403601050368 6.1772887930274001 5.4679129272699356 31.095669649541378
leaf_count=829 84 169 426 161 596 297 151 31 64 112 28 64 28 221 575 95 235 22 20 142 33 57 45 62 37 51 37 29 36 169
internal_value=-0.00106678 0.0174975 0.00592674 -0.00960152 -0.0480345 0.0431673 0.0244466 0.026364 -0.0265083 0.0509773 0.00467921 0.0393944 0.0879707 -0.00308786 -0.0658252 -0.0275761 -0.000651088 0.00910456 0.0137477 -0.0487182 -0.0248933 -0.0052328 0.0130936 0.00228543 0.0343746 -0.0247819 0.00972712 0.00418134 0.0615762 0.0548994
internal_weight=625.826 448.539 309.177 168.171 177.287 139.362 141.006 85.9523 96.3758 51.6641 48.8387 21.3734 10.3035 46.9095 94.8263 82.4609 33.2285 89.3417 85.2467 49.4663 28.6509 23.0605 71.7955 58.7079 26.862 31.8458 17.8464 18.4048 13.0876 37.1136
internal_count=4906 2576 1790 1059 2330 786 731 489 601 263 289 120 56 285 1404 926 330 468 446 316 174 141 458 377 128 249 88 91 81 200
is_linear=0
shrinkage=0.1


Tree=18
num_leaves=31
num_cat=0
split_feature=0 10 1 11 9 53 15 1 15 104 167 11 82 7 22 21 15 70 67 11 8 0 9 100 5 71 12 99 67 14
split_gain=46.4328 18.9912 12.2213 7.14478 7.02312 5.62601 5.44036 5.40615 5.11801 5.09343 4.92946 5.41018 5.37102 5.08884 7.63711 4.86074 4.3649 4.54611 4.25258 4.16725 7.39299 4.09802 4.06844 3.96694 4.74346 4.76353 4.31039 4.76311 3.94285 4.9033
threshold=11.108829498291017 1.0000000180025095e-35 -0.16024032235145566 1.0000000180025095e-35 1.0000000180025095e-35 1.0000000180025095e-35 1.0000000180025095e-35 0.77275836467742931 1.0000000180025095e-35 1.0000000180025095e-35 1.0000000180025095e-35 1.0000000180025095e-35 1.0000000180025095e-35 1.0000000180025095e-35 1.0000000180025095e-35 1.0000000180025095e-35 1.0000000180025095e-35 1.0000000180025095e-35 1.0000000180025095e-35 1.0000000180025095e-35 1.0000000180025095e-35 7.9493498802185067 1.0000000180025095e-35 1.0000000180025095e-35 1.0000000180025095e-35 1.0000000180025095e-35 1.0000000180025095e-35 1.0000000180025095e-35 1.0000000180025095e-35 1.0000000180025095e-35
decision_type=2 2 2 2 2 2 2 2 2 2 2 2 2 2 2 2 2 2 2 2 2 2 2 2 2 2 2 2 2 2
left_child=2 4 8 28 7 -5 -7 23 -1 -10 12 -12 13 14 15 22 17 -6 -15 20 -9 -14 -4 24 26 -26 -2 -28 -3 -30
right_child=1 3 10 5 16 6 -8 19 9 -11 11 -13 21 18 -16 -17 -18 -19 -20 -21 -22 -23 -24 -25 25 -27 27 -29 29 -31
leaf_value=-0.075799072203786261 0.06585436238926029 -0.0023366319134436094 -0.02062127090326224 -0.015104197421120812 0.0063350916365419096 0.013548665261404667 0.093756371344057232 -0.026859986211661122 -0.039546279851693303 0.14217110633378385 -0.0086622151297286246 0.15078026940182532 0.061407311555058908 0.0041112390173099157 0.11668353150987897 -0.093887540163677508 0.091866040563890972 0.065858715869658871 -0.060885616664510825 0.10116741232796289 0.095699905590774209 -0.083975455207223576 0.033279356037677781 -0.087521635130959938 0.044449907079885456 -0.035705467117931974 -0.016312453904025536 0.097274267172307152 -0.017609882235544046 -0.086128829262182058
leaf_weight=64.905777711421251 25.292791716754436 43.494763821363449 28.470811501145363 24.730603851377964 19.221321597695351 20.085324823856354 14.606379397213457 10.606776639819145 53.045315071940422 1.5886690318584431 4.9562405198812467 3.7296156249940395 2.1922154650092152 16.124272368848324 5.8597862794995299 5.3484812006354323 32.516885310411453 38.594309389591217 26.792701777070761 14.090411692857741 9.1828586757183075 16.776929508894682 27.558570373803377 3.7905051335692397 10.702731400728224 24.129825316369534 18.631391584873203 4.604068510234355 26.227311886847019 17.354936242103577
leaf_count=1129 145 253 235 140 91 117 76 60 706 21 37 26 18 118 41 42 194 189 215 72 53 126 183 20 59 141 110 27 154 108
internal_value=-0.00102074 0.0222764 -0.0334171 -0.005394 0.0414551 0.0213394 0.0473188 0.0257072 -0.0568152 -0.0342622 -0.013121 0.0598007 -0.0180263 -0.00956281 0.00760901 -0.00280441 0.0625549 0.0460696 -0.0364657 0.0596041 0.0300107 -0.0671739 0.00589025 0.0125298 0.0170793 -0.0110767 0.0372891 0.00619457 -0.0236371 -0.0448949
internal_weight=615.213 357.863 257.349 146.499 211.364 59.4223 34.6917 121.031 119.54 54.634 137.81 8.68586 129.124 110.155 67.2376 61.3779 90.3325 57.8156 42.917 33.88 19.7896 18.9691 56.0294 87.1513 83.3608 34.8326 48.5283 23.2355 87.077 43.5822
internal_count=4906 2009 2897 848 1161 333 193 687 1856 727 1041 63 978 834 501 460 474 280 333 185 113 144 418 502 482 200 282 137 515 262
is_linear=0
shrinkage=0.1


Tree=19
num_leaves=31
num_cat=0
split_feature=1 0 10 9 79 15 6 10 11 0 15 102 47 104 15 108 47 0 81 0 0 7 96 7 93 52 11 26 13 8
split_gain=39.2381 12.9762 10.1421 7.48955 5.1707 4.85065 4.39921 4.25001 4.15442 4.06862 4.02023 4.45119 3.89041 3.881 3.80949 6.78079 3.84271 6.07949 5.61083 5.50317 5.22064 3.84195 3.77191 3.89448 3.70549 3.70026 3.64783 3.80953 3.5743 3.73339
threshold=-0.16024032235145566 13.661875724792482 1.0000000180025095e-35 1.0000000180025095e-35 1.0000000180025095e-35 1.0000000180025095e-35 1.0000000180025095e-35 1.0000000180025095e-35 1.0000000180025095e-35 8.4175219535827654 1.0000000180025095e-35 1.0000000180025095e-35 1.0000000180025095e-35 1.0000000180025095e-35 1.0000000180025095e-35 1.0000000180025095e-35 1.0000000180025095e-35 12.412046909332277 1.0000000180025095e-35 12.262833595275881 13.211498737335207 1.0000000180025095e-35 1.0000000180025095e-35 1.0000000180025095e-35 1.0000000180025095e-35 1.0000000180025095e-35 1.0000000180025095e-35 1.0000000180025095e-35 1.0000000180025095e-35 1.0000000180025095e-35
decision_type=2 2 2 2 2 2 2 2 2 2 2 2 2 2 2 2 2 2 2 2 2 2 2 2 2 2 2 2 2 2
left_child=5 3 6 7 10 -1 28 14 -4 -9 11 -5 -6 -7 16 24 19 18 21 -2 -21 -18 -11 -24 -16 26 -12 -28 -3 -30
right_child=1 2 8 4 12 13 -8 9 -10 22 25 -13 -14 -15 15 -17 17 -19 -20 20 -22 -23 23 -25 -26 -27 27 -29 29 -31
leaf_value=-0.073190795118087293 -0.085224826263519335 0.086166366859666763 -0.014013391702980313 -0.0016344897828150643 -0.06702708418573218 -0.036850966032066078 0.027886078917580027 -0.11290384729116364 0.029988185093127374 -0.043723791574141552 0.01018182087259277 0.097642665964754752 0.050525213322191377 0.1131957930866747 -0.0071099130782582096 0.13809442041454914 -0.071579989290799839 -0.12682178724497409 0.12219570641118792 0.076656898849846417 -0.076602517639678444 0.061338854975857816 0.085009991935903348 -0.047217829638539988 0.090948414321570567 0.10104117533875207 0.023477443508670731 0.13032503936711679 0.0075107467219333833 0.079999168149187894
leaf_weight=60.715944167226553 16.65091455355287 37.930414512753487 51.735216282308102 64.742614764720201 12.160646613687275 51.325277168303728 55.457966268062592 6.8041080310940734 36.663438946008682 39.350211773067713 29.308424435555935 4.8549065440893164 3.6635073572397223 1.7837245166301716 38.268438346683979 4.0553355813026419 4.7376848086714762 2.6847385689616194 5.0008574426174155 5.2281865179538709 3.8663157075643539 4.0195907391607761 5.1479670219123346 3.9262440651655197 4.2852209359407416 8.835815027356146 7.1788380742073041 6.2351136282086372 16.124533973634243 12.701935522258283
leaf_count=1129 174 221 305 395 74 706 318 74 203 314 145 27 18 21 219 21 34 21 36 37 30 28 32 29 19 46 34 30 94 72
internal_value=-0.000976923 0.0112727 0.0300388 -0.00279252 0.0139477 -0.0538838 0.0487018 -0.0187138 0.00423631 -0.0404956 0.0209693 0.00529078 -0.0398121 -0.0318115 -0.0051664 0.0145394 -0.0269371 0.0108274 0.037688 -0.0510562 0.0115022 -0.0105702 -0.0303215 0.0277974 0.00276472 0.0421335 0.0299502 0.0731427 0.0659944 0.0394516
internal_weight=605.444 491.619 210.614 281.006 136.98 113.825 122.215 144.026 88.3987 55.2285 121.156 69.5975 15.8242 53.109 88.7973 46.609 42.1883 16.4429 13.7581 25.7454 9.0945 8.75728 48.4244 9.07421 42.5537 51.5582 42.7224 13.414 66.7569 28.8265
internal_count=4906 3050 1213 1837 769 1856 705 1068 508 449 677 422 92 727 619 259 360 119 98 241 67 62 375 61 238 255 209 64 387 166
is_linear=0
shrinkage=0.1


Tree=20
num_leaves=31
num_cat=0
split_feature=1 8 16 0 83 15 15 0 97 61 139 0 108 15 11 55 79 9 139 14 14 23 12 39 9 0 60 0 0 5
split_gain=33.263 11.5488 11.7613 7.49451 6.87443 6.26619 5.78236 7.2799 5.47067 5.69535 4.71985 4.66251 4.63889 4.56908 4.52171 4.89988 4.44805 4.39355 4.38649 4.2349 3.97324 3.74441 3.61537 5.09475 3.58702 3.56612 4.15332 5.10303 3.48465 3.47187
threshold=-0.16024032235145566 1.0000000180025095e-35 1.0000000180025095e-35 12.746064186096193 1.0000000180025095e-35 1.0000000180025095e-35 1.0000000180025095e-35 13.938398361206056 1.0000000180025095e-35 1.0000000180025095e-35 1.0000000180025095e-35 15.924708843231203 1.0000000180025095e-35 1.0000000180025095e-35 1.0000000180025095e-35 1.0000000180025095e-35 1.0000000180025095e-35 1.0000000180025095e-35 1.0000000180025095e-35 1.0000000180025095e-35 1.0000000180025095e-35 1.0000000180025095e-35 1.0000000180025095e-35 1.0000000180025095e-35 1.0000000180025095e-35 11.824777603149416 1.0000000180025095e-35 10.380561351776125 13.938398361206056 1.0000000180025095e-35
decision_type=2 2 2 2 2 2 2 2 2 2 2 2 2 2 2 2 2 2 2 2 2 2 2 2 2 2 2 2 2 2
left_child=13 2 5 4 16 17 -4 8 9 -8 14 12 21 -1 15 20 18 -2 24 -13 28 -7 -19 -24 -3 26 -6 -28 -5 -26
right_child=1 3 6 10 25 11 7 -9 -10 -11 -12 19 -14 -15 -16 -17 -18 22 -20 -21 -22 -23 23 -25 29 -27 27 -29 -30 -31
leaf_value=-0.070545626298027589 -0.078031108441340521 -0.0096518258638402087 0.0035162955115753155 0.11926884056759386 -0.066675765287504671 0.044781827210454012 0.046536086516885553 0.11029097953930392 0.11914141890120336 -0.039632393826651582 -0.012614973718567688 0.072990913521828724 0.05829733783126162 -0.029477005011184106 0.084289148285037099 0.057191680367553781 -0.073581314642266929 0.0010883193329482334 -0.062982725682930174 -0.028398097671884438 -0.06174161625908349 -0.033873341150374214 -0.092108240775842815 0.021161462273266558 0.067774905930074292 0.13607381096512036 0.12426580573576343 -0.026043690142178444 -0.0025332100394284398 -0.010381074363640906
leaf_weight=56.893441386520863 24.570002131164074 30.348332811146975 87.780563838779926 3.3014565631747272 3.0122240930795678 6.818315051496028 16.870276622474194 13.07295899838209 5.0997722744941703 14.065916761755945 11.805341623723505 12.780451551079752 7.5056161358952513 51.71344904974103 33.00815211981535 42.392884932458401 8.5313871279358846 23.67651953548193 8.6524763852357847 6.0792580544948569 7.3170581683516493 53.881309308111668 13.063159797340633 5.7052452340722075 16.776506844907999 4.9308313131332389 6.018659919500351 3.6155099421739578 8.1400861591100675 8.5961246266961115
leaf_count=1129 318 235 504 19 23 33 90 103 26 76 62 68 41 727 187 240 62 142 57 32 41 299 83 35 92 24 43 19 48 48
internal_value=-0.000944581 0.0102068 -0.00244109 0.0289403 0.00780301 -0.0213914 0.0188889 0.046367 0.023177 0.00735742 0.0469891 -0.00369872 -0.0158675 -0.0509907 0.054462 0.038362 -0.00573124 -0.0443774 0.00326091 0.0403091 -0.0041915 -0.0250381 -0.0248964 -0.0576764 0.0135474 0.0639388 0.0358134 0.0678577 0.0326128 0.041296
internal_weight=596.023 487.416 290.969 196.447 90.4821 154.08 136.889 49.1089 36.036 30.9362 105.965 87.065 68.2052 108.607 94.1596 61.1515 72.9048 67.0149 64.3734 18.8597 18.7586 60.6996 42.4449 18.7684 55.721 17.5772 12.6464 9.63417 11.4415 25.3726
internal_count=4906 3050 1850 1200 603 1051 799 295 192 166 597 473 373 1856 535 348 494 578 432 100 108 332 260 118 375 109 85 62 67 140
is_linear=0
shrinkage=0.1


Tree=21
num_leaves=31
num_cat=0
split_feature=1 16 8 0 193 15 15 9 10 0 11 65 15 0 42 11 15 67 71 0 54 108 5 9 52 26 12 10 0 12
split_gain=28.1484 10.078 8.87298 7.58961 7.03601 6.14891 5.32862 4.98867 4.96868 4.29244 4.78558 5.66262 4.28303 3.82835 3.8212 3.78452 3.77189 5.01387 5.44145 4.47594 4.26034 3.74806 3.74444 4.30736 3.71366 3.69592 4.36097 4.91845 3.66914 3.41553
threshold=-0.16024032235145566 1.0000000180025095e-35 1.0000000180025095e-35 13.661875724792482 1.0000000180025095e-35 1.0000000180025095e-35 1.0000000180025095e-35 1.0000000180025095e-35 1.0000000180025095e-35 10.380561351776125 1.0000000180025095e-35 1.0000000180025095e-35 1.0000000180025095e-35 15.924708843231203 1.0000000180025095e-35 1.0000000180025095e-35 1.0000000180025095e-35 1.0000000180025095e-35 1.0000000180025095e-35 14.054756641387941 1.0000000180025095e-35 1.0000000180025095e-35 1.0000000180025095e-35 1.0000000180025095e-35 1.0000000180025095e-35 1.0000000180025095e-35 1.0000000180025095e-35 1.0000000180025095e-35 11.880903720855715 1.0000000180025095e-35
decision_type=2 2 2 2 2 2 2 2 2 2 2 2 2 2 2 2 2 2 2 2 2 2 2 2 2 2 2 2 2 2
left_child=12 2 6 -3 8 7 9 14 16 -2 24 22 -1 21 25 -15 17 18 -4 20 -18 -8 -12 29 -11 -5 27 -27 -19 -24
right_child=1 3 4 5 -6 -7 13 -9 -10 10 11 -13 -14 15 -16 -17 19 28 -20 -21 -22 -23 23 -25 -26 26 -28 -29 -30 -31
leaf_value=-0.067864910120163768 -0.099641458587352141 0.01099964849624651 -0.11028276646700691 -0.02978903122900349 0.1612701132644706 0.097274403987213404 -0.022705889467705621 0.077591243715301766 -0.01309244207895195 -0.012515897379128268 -0.053420291577941363 0.12033542721369428 -0.027232950494226867 -0.0068007312190821751 0.092936652225729693 0.083440662333893009 -0.029903065303874217 -0.025408984015926884 0.0079158641603666157 0.10643647613112579 0.061489507377933295 0.051871801044785219 -0.11082319858734886 0.08100948036535105 -0.088523885186361895 0.046627881359958268 0.096655586534702534 -0.092074525479145658 0.073032910001027893 0.067884059225749138
leaf_weight=53.409451071172953 10.541885819286106 135.12567821145058 5.7711783535778531 17.768927738070488 3.2872596755623809 20.404679834842682 60.272144496440887 17.932126462459564 44.71916388720274 10.381087463349106 13.121846273541454 3.4029962718486777 50.446085780858994 9.6115565225481987 5.3791679367423049 8.9978069812059402 8.0264053195714951 5.3600895293056992 11.979607842862606 10.93803623318672 13.992701090872288 7.5871958807110778 2.9751476980745792 6.14776211977005 16.881199933588505 6.9152059704065341 6.9351818636059752 4.0561725720763206 12.894525870680807 1.6696891523897646
leaf_count=1129 163 759 50 86 17 169 332 111 299 84 94 23 727 50 26 50 44 60 73 72 74 41 36 28 130 32 34 21 72 20
internal_value=-0.000897735 0.00925633 -0.00365263 0.0254174 0.01704 0.0499566 -0.0196193 0.0335884 0.0128694 -0.0412235 -0.0299403 -0.000359292 -0.0481286 -0.00334865 0.0143686 0.0368319 0.0297044 0.00732939 -0.0305132 0.054149 0.0281751 -0.0143675 -0.017534 0.0260972 -0.0595811 0.00252207 0.0345848 -0.00465108 0.0441275 -0.0465829
internal_weight=586.932 483.076 268.559 214.517 116.969 79.3915 151.59 58.9868 113.682 65.1216 54.5797 27.3174 103.856 86.4687 41.0547 18.6094 68.9625 36.0054 17.7508 32.9571 22.0191 67.8593 23.9144 10.7926 27.2623 35.6755 17.9066 10.9714 18.2546 4.64484
internal_count=4906 3050 1812 1238 761 479 1051 310 744 578 415 201 1856 473 199 100 445 255 123 190 118 373 178 84 214 173 87 53 132 56
is_linear=0
shrinkage=0.1


Tree=22
num_leaves=31
num_cat=0
split_feature=1 9 1 10 1 8 44 79 0 15 91 16 102 100 15 5 1 72 61 0 95 6 44 104 6 11 8 113 14 10
split_gain=23.7933 10.0411 7.43894 7.01005 5.29065 4.91142 5.29803 4.91339 4.88767 4.72929 4.70274 4.61383 4.48528 4.44617 3.98887 3.76589 4.21971 3.61948 3.83695 8.28265 3.27193 3.25858 3.25646 3.16738 3.14788 3.14143 5.54838 3.13212 3.10748 3.32696
threshold=-0.16024032235145566 1.0000000180025095e-35 0.59692752361297619 1.0000000180025095e-35 0.77275836467742931 1.0000000180025095e-35 1.0000000180025095e-35 1.0000000180025095e-35 8.4175219535827654 1.0000000180025095e-35 1.0000000180025095e-35 1.0000000180025095e-35 1.0000000180025095e-35 1.0000000180025095e-35 1.0000000180025095e-35 1.0000000180025095e-35 0.066088676452636733 1.0000000180025095e-35 1.0000000180025095e-35 15.924708843231203 1.0000000180025095e-35 1.0000000180025095e-35 1.0000000180025095e-35 1.0000000180025095e-35 1.0000000180025095e-35 1.0000000180025095e-35 1.0000000180025095e-35 1.0000000180025095e-35 1.0000000180025095e-35 1.0000000180025095e-35
decision_type=2 2 2 2 2 2 2 2 2 2 2 2 2 2 2 2 2 2 2 2 2 2 2 2 2 2 2 2 2 2
left_child=14 3 5 4 13 6 -3 12 -5 11 20 17 -8 21 -1 16 -7 -4 19 -19 -10 22 -2 -16 -21 26 -6 -24 29 -17
right_child=1 2 9 8 25 15 7 -9 10 -11 -12 -13 -14 -15 23 28 -18 18 -20 24 -22 -23 27 -25 -26 -27 -28 -29 -30 -31
leaf_value=-0.065152002534649922 -0.074283412992010703 0.11656380006981465 -0.062457242694684639 -0.11155675954519027 -0.030930741241218897 -0.0195990808718857 -0.004590402959802461 -0.07572839003500817 -0.03094459380937219 0.093856336241399718 0.0962330787223592 0.081275054935563279 0.09438139256649819 -0.084996814281002211 -0.030140085391016015 0.053049344487824071 0.06987471158191208 -0.095666573639886621 0.079969116740274543 0.11840827967691546 0.020676768070739569 -0.016101339906618412 0.017043262211096952 0.10268506165745173 -0.0006037462123250634 0.082313383450330513 0.07820642496907465 0.11073157763879052 -0.079476707380637404 -0.045760395026876281
leaf_weight=50.236794617027044 3.6847338415682307 3.6400722265243521 5.331953018903735 6.0731610693037501 10.235515989363194 6.3685802929103366 75.104216616600752 9.1990157663822156 82.22889406234026 19.812680132687092 3.4111327044665805 14.361404605209826 4.8762581199407569 5.9265522286295882 47.431478191167116 10.258970502763988 30.583622626960278 5.8100468665361413 9.0435965955257416 4.3682882040739042 14.43373606726527 49.263129025697708 64.439934965223074 1.8659352213144291 4.5243343710899353 13.258017316460608 8.5488593578338623 3.7775249928235999 3.9244263581931582 5.1023974120616904
leaf_count=1129 21 18 23 74 60 47 430 56 587 158 22 97 28 39 706 54 154 26 41 21 96 348 430 21 21 72 53 22 24 28
internal_value=-0.000844387 0.00842498 0.024633 -0.00454663 0.00872973 0.0124394 -0.00168991 -0.00651671 -0.0244504 0.0533679 -0.0191642 0.0349012 0.00144372 -0.000425653 -0.0453212 0.0357596 0.0544542 0.0119977 0.0287157 -0.00281019 -0.0232365 0.00371097 0.0172852 -0.0251126 0.0578581 0.0450433 0.0187381 0.0222312 -5.99688e-05 0.0202289
internal_weight=577.125 477.591 212.31 265.281 159.134 149.058 92.8196 89.1795 106.147 63.2523 100.074 43.4396 79.9805 127.092 99.5342 56.238 36.9522 29.0782 23.7463 14.7027 96.6626 121.165 71.9022 49.2974 8.89262 32.0424 18.7844 68.2175 19.2858 15.3614
internal_count=4906 3050 1226 1824 1045 839 532 514 779 387 705 229 458 860 1856 307 201 132 109 68 683 821 473 727 42 185 113 452 106 82
is_linear=0
shrinkage=0.1


Tree=23
num_leaves=31
num_cat=0
split_feature=0 10 129 9 11 11 12 83 44 16 8 53 74 62 9 6 10 15 16 0 8 61 15 108 5 8 12 26 13 15
split_gain=20.2205 9.28135 8.90709 6.36757 5.26021 4.63106 4.60428 4.37513 5.02619 4.36816 4.13249 5.50109 4.03412 3.93429 3.99394 6.16226 5.76672 3.44949 5.84836 3.41624 3.90488 3.40498 3.29977 6.44533 3.78295 4.23875 4.80241 3.36504 5.35048 3.29453
threshold=11.824777603149416 1.0000000180025095e-35 1.0000000180025095e-35 1.0000000180025095e-35 1.0000000180025095e-35 1.0000000180025095e-35 1.0000000180025095e-35 1.0000000180025095e-35 1.0000000180025095e-35 1.0000000180025095e-35 1.0000000180025095e-35 1.0000000180025095e-35 1.0000000180025095e-35 1.0000000180025095e-35 1.0000000180025095e-35 1.0000000180025095e-35 1.0000000180025095e-35 1.0000000180025095e-35 1.0000000180025095e-35 14.109513759613039 1.0000000180025095e-35 1.0000000180025095e-35 1.0000000180025095e-35 1.0000000180025095e-35 1.0000000180025095e-35 1.0000000180025095e-35 1.0000000180025095e-35 1.0000000180025095e-35 1.0000000180025095e-35 1.0000000180025095e-35
decision_type=2 2 2 2 2 2 2 2 2 2 2 2 2 2 2 2 2 2 2 2 2 2 2 2 2 2 2 2 2 2
left_child=2 3 9 4 7 29 -5 8 -2 12 -8 -12 13 14 -1 16 -16 -10 19 -19 -21 -4 24 27 25 -14 -27 28 -24 -3
right_child=1 5 21 6 -6 -7 10 -9 17 -11 11 -13 22 -15 15 -17 -18 18 -20 20 -22 -23 23 -25 -26 26 -28 -29 -30 -31
leaf_value=-0.050467200137081919 -0.1312717900785427 -0.038763532940043581 -0.067322908548297145 0.076642794172521844 0.040527973270923584 0.019271010143693222 -0.0039623094406900216 0.060633309350228884 -0.035961355394635144 0.0035713955578500394 0.17008830922856305 0.024673666426497952 -0.065180068711359562 -0.066726323111760841 0.15717179448417348 -0.054808835288652241 -0.023892909618457123 -0.062171066354610317 0.10042564413147999 -0.028418622818614781 0.10084591781108168 -0.0082018785173468417 -0.0152266970077317 0.12770428518818086 -0.088430787621816054 -0.011900724919578857 0.19010032729535198 -0.042976774215750725 0.12005890091473906 0.0036206154641407785
leaf_weight=14.78311849758029 3.5177666395902625 41.061637490987778 46.930169716477394 40.946375481784344 47.785303365439177 51.16929442062974 18.697248101234436 8.7598746269941312 21.605244390666485 102.74025867879391 3.8315209075808534 8.1041979342699051 4.4421334601938742 31.643503900617361 4.4453409910202026 5.4452346414327621 2.91073102876544 7.437719061970717 6.4579106196761122 5.3215732723474485 4.1667712330818176 12.293455120176075 8.3618478402495402 4.491792380809783 7.9287714958190909 2.9102781042456627 1.97606635838747 11.161700394004583 4.4948692619800577 33.141621150076389
leaf_count=214 20 280 981 247 287 295 108 49 139 751 21 44 73 319 42 56 34 34 45 23 27 254 61 28 117 37 29 85 30 176
internal_value=-0.000789646 0.0169347 -0.0208407 0.0317042 0.0160315 -0.00387339 0.054706 -0.00440915 -0.0161552 -0.0110877 0.0253835 0.0713537 -0.025432 -0.0426628 -0.0150583 0.0258325 0.0855261 -0.00715404 0.019462 -0.0114286 0.0283474 -0.0550507 -0.00313359 0.0177569 -0.0376462 0.00551836 0.0697897 -0.00280485 0.0320708 -0.0198334
internal_weight=568.963 302.004 266.959 176.632 105.052 125.373 71.5793 57.2669 48.507 207.736 30.633 11.9357 104.995 59.2279 27.5844 12.8013 7.35607 44.9892 23.384 16.9261 9.48834 59.2236 45.7675 28.5102 17.2572 9.32848 4.88634 24.0184 12.8567 74.2033
internal_count=4906 1795 3111 1044 624 751 420 337 288 1876 173 65 1125 665 346 132 76 268 129 84 50 1235 460 204 256 139 66 176 91 456
is_linear=0
shrinkage=0.1


Tree=24
num_leaves=31
num_cat=0
split_feature=1 15 16 0 0 16 9 126 1 13 0 9 79 11 0 53 7 8 0 11 139 8 9 26 14 51 16 10 0 6
split_gain=17.165 9.12947 6.68917 6.67288 6.65955 5.90475 5.54639 5.53032 4.54556 10.0039 4.50538 4.19078 4.1193 5.01046 3.63127 3.40092 3.90733 3.37868 3.30506 3.25727 3.19188 3.70096 3.18293 3.17219 3.67226 3.12583 3.04879 3.04372 3.01433 3.21219
threshold=-0.25576089322566981 1.0000000180025095e-35 1.0000000180025095e-35 14.054756641387941 10.186173915863039 1.0000000180025095e-35 1.0000000180025095e-35 1.0000000180025095e-35 -0.21636626124382016 1.0000000180025095e-35 13.661875724792482 1.0000000180025095e-35 1.0000000180025095e-35 1.0000000180025095e-35 13.351129055023195 1.0000000180025095e-35 1.0000000180025095e-35 1.0000000180025095e-35 13.096509456634523 1.0000000180025095e-35 1.0000000180025095e-35 1.0000000180025095e-35 1.0000000180025095e-35 1.0000000180025095e-35 1.0000000180025095e-35 1.0000000180025095e-35 1.0000000180025095e-35 1.0000000180025095e-35 9.4346337318420428 1.0000000180025095e-35
decision_type=2 2 2 2 2 2 2 2 2 2 2 2 2 2 2 2 2 2 2 2 2 2 2 2 2 2 2 2 2 2
left_child=-1 2 4 8 -2 6 17 10 9 -3 14 19 13 -10 18 16 -15 -5 23 -6 21 22 -12 24 28 -23 -18 -19 -4 -30
right_child=1 3 7 5 11 -7 -8 -9 12 -11 20 -13 -14 15 -16 -17 26 27 -20 -21 -22 25 -24 -25 -26 -27 -28 -29 29 -31
leaf_value=-0.044665259882017763 -0.079312855906096685 -0.02238482467410717 -0.019904735478817093 -0.012372744111909063 -0.069442826348775702 0.10126218353587313 0.084092721742829057 -0.10614435010882169 -0.0018118847298935683 0.29742602673949264 -0.016347091146654939 0.0024507513445595638 -0.039348406087110606 0.050338870198532587 -0.085780512815230137 0.09402091227371942 -0.05671635407408071 0.094719441014814845 0.095656705301259623 -0.014383389970787306 0.11194256467645536 -0.018773341692570764 0.055440484172465276 -0.019894058809422282 -0.021953217288120622 0.081429807997532189 0.044335561464646095 0.00054598136037979108 0.096125647055120278 -0.003520461959858303
leaf_weight=76.857743814587593 17.804815623909235 2.277625046670436 5.1400958672165897 23.272715985774994 18.388222981244326 15.76622389256954 14.346074633300303 4.0546119883656493 81.38562086224556 1.7142829373478892 20.787638582289219 66.476219430565834 17.063606694340706 23.111941635608673 4.8892997577786437 9.1934935227036458 7.9306109473109228 7.2477031722664815 3.6728352010250083 25.848297853022814 4.8924163281917563 3.8989462107419977 8.7870650961995143 41.712967544794083 12.324103832244871 15.447151906788349 4.7882986813783646 6.518885612487793 11.508144177496435 4.5000617429614058
leaf_count=1606 333 28 47 101 217 151 115 25 469 20 108 337 101 134 25 49 51 50 18 237 27 21 60 280 79 82 25 27 56 27
internal_value=-0.000759565 0.00620174 -0.00603054 0.0215982 -0.0225491 0.0477283 0.0313029 0.00896021 0.00969927 0.114955 0.0123529 -0.0134203 0.00677072 0.0129962 -0.00215405 0.0397631 0.0258416 0.0108563 0.00303089 -0.0372705 0.0349296 0.0272278 0.00498202 -0.00149392 0.0214362 0.0612352 -0.0186733 0.0501255 0.0467212 0.0681142
internal_weight=561.608 484.75 270.133 214.617 128.518 67.1516 51.3854 141.615 147.465 3.99191 137.561 110.713 143.474 126.41 83.7475 45.0243 35.8309 37.0393 78.8582 44.2365 53.8132 48.9208 29.5747 75.1854 33.4724 19.3461 12.7189 13.7666 21.1483 16.0082
internal_count=4906 3300 1979 1321 1124 444 293 855 877 48 830 791 829 728 532 259 210 178 507 454 298 271 168 489 209 103 76 77 130 83
is_linear=0
shrinkage=0.1


Tree=25
num_leaves=31
num_cat=0
split_feature=1 9 16 1 15 55 126 0 57 15 100 0 15 8 44 79 10 13 0 102 178 8 108 41 94 139 11 21 12 26
split_gain=14.7181 7.22113 5.46549 5.24549 4.29629 4.35279 3.79184 3.77937 3.70006 3.68169 6.36412 3.47568 4.56639 3.44575 4.14372 4.48393 3.13296 3.8274 3.70232 3.01892 3.01121 2.96633 2.9431 4.00322 3.6201 2.87647 3.53177 2.84842 5.70576 6.63313
threshold=-0.16024032235145566 1.0000000180025095e-35 1.0000000180025095e-35 0.67815041542053234 1.0000000180025095e-35 1.0000000180025095e-35 1.0000000180025095e-35 15.979465961456301 1.0000000180025095e-35 1.0000000180025095e-35 1.0000000180025095e-35 13.661875724792482 1.0000000180025095e-35 1.0000000180025095e-35 1.0000000180025095e-35 1.0000000180025095e-35 1.0000000180025095e-35 1.0000000180025095e-35 12.462697029113771 1.0000000180025095e-35 1.0000000180025095e-35 1.0000000180025095e-35 1.0000000180025095e-35 1.0000000180025095e-35 1.0000000180025095e-35 1.0000000180025095e-35 1.0000000180025095e-35 1.0000000180025095e-35 1.0000000180025095e-35 1.0000000180025095e-35
decision_type=2 2 2 2 2 2 2 2 2 2 2 2 2 2 2 2 2 2 2 2 2 2 2 2 2 2 2 2 2 2
left_child=9 2 4 13 21 7 11 -6 -7 20 27 -4 -13 14 -3 19 22 18 -18 -16 -1 -2 23 24 -10 -15 -27 -11 29 -29
right_child=1 3 6 -5 5 8 -8 -9 16 10 -12 12 -14 25 15 -17 17 -19 -20 -21 -22 -23 -24 -25 -26 26 -28 28 -30 -31
leaf_value=-0.062325762083644834 -0.071015584046567645 0.09422155367778369 -0.00039953832765558269 0.05082562180332352 -0.0781373444017089 0.085479589912788326 -0.076731188190739041 0.020901833760469196 0.0061959799863120484 -0.033568049911300711 0.20279029429344747 0.017106582905772969 0.088639654062470777 0.039702760642482592 -0.0013510459046560768 -0.068246989195901261 -0.063995231961036902 -0.0798362805462728 0.043042629364515 0.075370590639826165 0.12581097742882694 -0.021500721606600933 0.089496489923511946 -0.082908555965980194 0.11228094388982215 -0.090016743615553646 0.039643371162396218 0.2685407788180485 -0.10748942688293256 -0.0062529566941422494
leaf_weight=42.885533511638641 20.752305131405592 4.5231038928031913 72.475385092198849 44.519157692790031 12.640350770205261 5.5605091750621787 4.8361925035715094 5.5425502359867087 21.575768940150745 39.128401324152946 1.2692769430577744 37.854174390435219 11.676763221621512 51.952199414372444 80.736581560224295 9.6828688718378526 5.0842671543359765 8.9191420003771782 8.8673993498086912 5.4767093546688548 0.86795099452137847 29.015597898513079 5.0592330396175376 4.2454061210155478 3.780320592224597 4.0849911868572217 4.324946291744709 1.5897159650921813 1.6682891733944414 1.9632559418678284
leaf_count=1108 318 24 441 297 78 32 29 27 126 631 15 189 110 288 475 63 39 47 38 31 21 283 27 21 19 23 25 23 27 31
internal_value=-0.000714297 0.00645475 -0.00468581 0.0204488 -0.0190086 -0.00483967 0.0101112 -0.047948 0.007584 -0.0378689 -0.0179917 0.0135536 0.0339703 0.0120377 0.000687629 -0.00372406 5.52794e-05 -0.0286725 0.00403589 0.0035227 -0.0585936 -0.0421475 0.0190113 0.00696453 0.0220121 0.0309198 -0.0233369 -0.0243104 0.0450665 0.116699
internal_weight=552.558 463.186 257.885 205.301 131.043 81.2749 126.843 18.1829 63.092 89.3724 45.6189 122.006 49.5309 160.781 100.419 95.8962 57.5315 22.8708 13.9517 86.2133 43.7535 49.7679 34.6607 29.6015 25.3561 60.3621 8.40994 44.3497 5.22126 3.55297
internal_count=4906 3050 1824 1226 1055 454 769 105 349 1856 727 740 299 929 593 569 317 124 77 506 1129 601 193 166 145 336 48 712 81 54
is_linear=0
shrinkage=0.1


Tree=26
num_leaves=31
num_cat=0
split_feature=129 16 28 1 9 1 312 15 15 52 68 11 76 8 73 12 26 62 74 5 6 36 68 9 61 99 26 83 14 11
split_gain=12.6007 7.7596 6.45443 6.30486 6.23373 4.67843 5.58404 4.84991 4.42928 4.46978 4.33768 4.5657 4.30096 4.05226 5.36093 4.66377 4.88531 3.94122 5.01965 4.5095 3.4501 6.3984 3.424 3.3591 3.34523 3.29649 3.21866 6.9233 5.22116 3.74225
threshold=1.0000000180025095e-35 1.0000000180025095e-35 1.0000000180025095e-35 0.77275836467742931 1.0000000180025095e-35 0.59692752361297619 1.0000000180025095e-35 1.0000000180025095e-35 1.0000000180025095e-35 1.0000000180025095e-35 1.0000000180025095e-35 1.0000000180025095e-35 1.0000000180025095e-35 1.0000000180025095e-35 1.0000000180025095e-35 1.0000000180025095e-35 1.0000000180025095e-35 1.0000000180025095e-35 1.0000000180025095e-35 1.0000000180025095e-35 1.0000000180025095e-35 1.0000000180025095e-35 1.0000000180025095e-35 1.0000000180025095e-35 1.0000000180025095e-35 1.0000000180025095e-35 1.0000000180025095e-35 1.0000000180025095e-35 1.0000000180025095e-35 1.0000000180025095e-35
decision_type=2 2 2 2 2 2 2 2 2 2 2 2 2 2 2 2 2 2 2 2 2 2 2 2 2 2 2 2 2 2
left_child=1 2 -1 4 12 6 26 23 -6 17 25 20 13 -4 -15 22 -17 -10 -19 -20 21 -12 -16 -7 -2 -5 27 28 29 -3
right_child=24 5 3 10 8 7 -8 -9 9 -11 11 -13 -14 14 15 16 -18 18 19 -21 -22 -23 -24 -25 -26 -27 -28 -29 -30 -31
leaf_value=-0.10081227113556482 -0.060802407834380401 0.0076503921683588536 -0.050204611204318711 0.083022051631371011 -0.01309954017583053 0.010257663152394951 0.14408332821113745 0.096396095796030534 0.066016712096206895 0.078386908441523087 0.098186675481022945 0.054271377604766136 0.099851561562730257 -0.041923623074117344 -0.03858462153085903 0.15036149568251089 -0.002274363557065178 -0.061588884475378615 0.074679431070909158 -0.03305924182955472 -0.076966333814160653 -0.067702694110057055 0.071939904884602654 0.071184506960926305 0.00063772625328190546 0.0011110431738208452 -0.0060392406895326822 0.10186911651707775 -0.028710266570474124 0.071390758339729452
leaf_weight=7.1296293511986724 40.796282976865768 23.757606107741594 56.466813609004021 16.552149120718244 60.079093553125858 32.68209358304739 3.0245310664176932 13.019553653895853 9.1709271371364576 12.737615272402762 4.4523830115795135 10.008976317942144 2.5369559265673152 26.258184611797333 10.878322828561066 4.7505531087517738 3.7538827247917652 11.049450844526291 8.6659470126032812 7.0417816564440736 8.3452115841209888 4.8662389069795609 3.775869384407998 12.513995349407194 11.320916641503571 6.9872846566140643 86.283366251736879 9.5640770308673364 21.898127611726522 15.043275769799946
leaf_count=45 981 151 603 106 457 164 16 142 58 78 25 58 24 279 98 39 36 67 50 39 49 28 23 97 254 45 589 64 142 99
internal_value=-0.000693845 0.00424668 -0.00690437 -0.00440964 -0.0118528 0.0183531 0.00950039 0.0426188 0.00506449 0.0274885 0.027153 0.000311056 -0.0288206 -0.0319036 -0.0109917 0.0240801 0.0829876 0.00944339 -0.00994691 0.0263801 -0.0302648 0.0115583 -0.0101063 0.0271272 -0.0474564 0.0587081 0.00690021 0.0227899 0.0103297 0.0323628
internal_weight=545.411 493.294 275.507 268.378 217.165 217.787 159.571 58.2156 108.745 48.6657 51.2122 27.6728 108.421 105.884 49.4168 23.1586 8.50444 35.9281 26.7572 15.7077 17.6638 9.31862 14.6542 45.1961 52.1172 23.5394 156.546 70.2631 60.699 38.8009
internal_count=4906 3671 2207 2162 1851 1464 1061 403 749 292 311 160 1102 1078 475 196 75 214 156 89 102 53 121 261 1235 151 1045 456 392 250
is_linear=0
shrinkage=0.1


Tree=27
num_leaves=31
num_cat=0
split_feature=129 10 0 7 1 16 95 13 6 15 67 16 1 7 167 62 140 9 13 63 74 1 15 108 6 15 61 67 21 5
split_gain=10.6859 7.27784 6.50027 4.61825 4.72715 4.32105 5.52525 4.28833 4.78885 4.38765 5.67666 4.92997 4.13231 11.562 4.50021 4.67894 3.88216 3.73064 4.81312 3.50393 3.35158 3.47053 3.45696 6.09401 3.64363 3.33583 3.59069 3.28227 3.08961 4.44891
threshold=1.0000000180025095e-35 1.0000000180025095e-35 11.108829498291017 1.0000000180025095e-35 0.17408167570829394 1.0000000180025095e-35 1.0000000180025095e-35 1.0000000180025095e-35 1.0000000180025095e-35 1.0000000180025095e-35 1.0000000180025095e-35 1.0000000180025095e-35 -0.35675716400146479 1.0000000180025095e-35 1.0000000180025095e-35 1.0000000180025095e-35 1.0000000180025095e-35 1.0000000180025095e-35 1.0000000180025095e-35 1.0000000180025095e-35 1.0000000180025095e-35 0.1512662544846535 1.0000000180025095e-35 1.0000000180025095e-35 1.0000000180025095e-35 1.0000000180025095e-35 1.0000000180025095e-35 1.0000000180025095e-35 1.0000000180025095e-35 1.0000000180025095e-35
decision_type=2 2 2 2 2 2 2 2 2 2 2 2 2 2 2 2 2 2 2 2 2 2 2 2 2 2 2 2 2 2
left_child=1 2 12 5 -5 -3 17 8 16 -9 11 -11 13 -1 15 28 -4 -7 -19 -10 21 -17 -22 24 27 -2 -27 -24 29 -14
right_child=25 3 7 4 -6 6 -8 9 19 10 -12 -13 14 -15 -16 20 -18 18 -20 -21 22 -23 23 -25 -26 26 -28 -29 -30 -31
leaf_value=-0.03800428492742354 -0.070967080165951879 -0.015056770834186443 0.062520973448986536 -0.074080908206752116 -0.015988340039864688 -0.014208454121469273 0.10272487368286952 -0.011448014233883376 0.021918711237201963 -0.034819186852507025 0.083068773653277014 0.10011727050951146 0.078652121582315437 0.28562557690811391 0.07095090923723904 -0.040240399589734778 -0.027924031765226565 0.08344864348980563 -0.028338698585939272 -0.072541082404392276 -0.044840704647479759 -0.1306584458830842 0.10096653404299277 0.13673126506282554 -0.064893654594703892 -0.039589310011563079 0.050426016411040477 -0.014581910276081439 -0.044698037048761213 -0.014353916161332046
leaf_weight=2.8974294662475577 24.578899458050728 71.459716632962227 58.836430661380291 18.852264259010553 54.505837794393301 26.341162972152233 7.4347351901233187 49.14899667352438 43.421446837484837 12.044726267457007 14.148113742470741 3.4927677065134057 11.450820811092857 1.7833874225616453 6.2877936139702788 20.656057130545381 5.162126973271369 11.392803277820351 5.8187718205153933 4.3174673505127421 17.772994562983513 5.343158245086669 3.9098425693810039 3.4432809650897971 6.9693969488143912 19.627071060240272 5.7237610630691043 6.6220937371253967 5.9778891690075389 9.3368493728339672
leaf_count=54 752 586 354 239 355 187 44 295 267 64 92 29 120 34 54 194 33 68 39 27 207 33 28 18 49 385 98 42 53 106
internal_value=-0.00065028 0.00385073 0.0138251 -0.0110759 -0.0309175 0.000811207 0.0230504 0.0247456 0.0373457 0.00688666 0.0372425 -0.004486 -0.0064885 0.0852984 -0.0108829 -0.0165075 0.0552257 0.00944947 0.0456563 0.0133758 -0.0310515 -0.0588224 -0.0124031 0.0151225 -0.00880328 -0.0447166 -0.0192655 0.0283139 0.0186587 0.0368782
internal_weight=538.758 488.828 293.023 195.805 73.3581 122.447 50.9875 190.572 111.737 78.8346 29.6856 15.5375 102.451 4.68082 97.7702 91.4824 63.9986 43.5527 17.2116 47.7389 64.7168 25.9992 38.7176 20.9446 17.5013 49.9297 25.3508 10.5319 26.7656 20.7877
internal_count=4906 3671 2153 1518 594 924 338 1161 681 480 185 93 992 88 904 850 387 294 107 294 571 227 344 137 119 1235 483 70 279 226
is_linear=0
shrinkage=0.1


Tree=28
num_leaves=31
num_cat=0
split_feature=1 8 16 139 81 52 71 44 0 15 0 34 11 1 0 15 61 11 67 15 15 100 177 1 83 7 9 21 7 26
split_gain=9.32603 6.29459 4.89179 3.8601 6.51114 4.77134 4.15916 4.52917 4.00525 3.83942 4.85642 4.6353 3.74519 6.35564 3.99212 3.73295 4.62517 3.91654 3.97012 3.19927 3.09689 4.33742 3.15493 3.01322 2.92214 4.38604 2.80661 3.42208 2.77646 3.33265
threshold=-0.16024032235145566 1.0000000180025095e-35 1.0000000180025095e-35 1.0000000180025095e-35 1.0000000180025095e-35 1.0000000180025095e-35 1.0000000180025095e-35 1.0000000180025095e-35 11.560575008392336 1.0000000180025095e-35 15.305954456329347 1.0000000180025095e-35 1.0000000180025095e-35 0.77275836467742931 8.9486651420593279 1.0000000180025095e-35 1.0000000180025095e-35 1.0000000180025095e-35 1.0000000180025095e-35 1.0000000180025095e-35 1.0000000180025095e-35 1.0000000180025095e-35 1.0000000180025095e-35 0.73792684078216564 1.0000000180025095e-35 1.0000000180025095e-35 1.0000000180025095e-35 1.0000000180025095e-35 1.0000000180025095e-35 1.0000000180025095e-35
decision_type=2 2 2 2 2 2 2 2 2 2 2 2 2 2 2 2 2 2 2 2 2 2 2 2 2 2 2 2 2 2
left_child=20 2 12 5 -5 26 -7 -8 -6 10 -9 -12 19 14 -14 -4 28 -18 -19 -2 22 -22 -1 -16 25 -21 -3 -28 29 -17
right_child=1 3 15 4 8 6 7 9 -10 -11 11 -13 13 -15 23 16 17 18 -20 24 21 -23 -24 -25 -26 -27 27 -29 -30 -31
leaf_value=-0.056363700842768677 -0.058645067232780103 -0.009021881590775797 -0.0028574806582214937 -0.06010729866223638 0.13574760641981506 0.09904847147374668 -0.075516444306732294 -0.0073613587094534111 -0.0056565019553574472 0.070871816357040096 0.095734197208591554 -0.026343995774461906 -0.11030463789702492 0.063896222942982528 -0.00066302800836549978 0.13903498064227895 -0.036790321461501588 0.13851803584956818 -0.017946761732167551 -0.033983908008393571 -0.019230075194332324 0.15526459045452631 0.14401938279369292 -0.10190813026434652 -0.081864801343709132 0.033040655240426084 0.042542231777511874 -0.037976259849630302 0.020220614343176936 0.044063804206935564
leaf_weight=37.901746306568384 29.26165078394115 44.890298362821341 84.525725685060024 14.368778668344021 3.3405143432319164 11.067288383841513 3.6433866992592803 24.734695613384247 5.0033238753676414 23.923069402575493 11.736584290862082 4.2317435145378104 4.0820397250354281 12.554230526089666 44.877280976623297 7.0291667804121971 12.429463528096678 3.1933579333126536 3.2950257137417793 24.089704602956772 41.896580465137959 1.4746565669774998 0.80235185101628204 3.1456109285354605 5.9508315287530413 16.417425766587257 29.956672620028257 6.4073237776756278 9.665613304823637 7.7895789369940758
leaf_count=1111 304 357 504 91 23 61 23 152 28 165 69 24 68 80 309 53 79 23 21 143 712 15 18 18 37 92 170 37 68 51
internal_value=-0.000638501 0.00499697 -0.00476127 0.0192804 -0.0193066 0.0247378 0.0421818 0.032963 0.0509556 0.0390787 0.0203924 0.0633824 -0.0176512 2.44633e-05 -0.0153649 0.00938318 0.0332219 -0.00391595 0.0590598 -0.0327449 -0.031647 -0.0132971 -0.0522097 -0.00729482 -0.0164317 -0.00681904 0.00770547 0.0283549 0.0619164 0.0891127
internal_weight=533.686 451.61 268.307 183.304 22.7126 160.591 79.3368 68.2695 8.34384 64.6261 40.703 15.9683 140.379 64.6592 52.1049 127.928 43.4022 18.9178 6.48838 75.7196 82.0753 43.3712 38.7041 48.0229 46.458 40.5071 81.2543 36.364 24.4844 14.8187
internal_count=4906 3050 1850 1200 142 1058 494 433 51 410 245 93 1051 475 395 799 295 123 44 576 1856 727 1129 327 272 235 564 207 172 104
is_linear=0
shrinkage=0.1


Tree=29
num_leaves=31
num_cat=0
split_feature=1 15 206 6 14 1 0 1 0 8 81 12 13 11 0 16 9 79 16 0 54 0 67 8 65 82 167 0 0 0
split_gain=7.91782 5.76792 4.74992 4.70414 4.39716 6.91755 5.0145 4.28513 3.57303 3.46044 3.87306 4.00024 5.0311 4.66669 3.22137 4.17157 3.53781 3.17877 3.17066 3.49253 3.05076 6.09904 2.8568 7.03667 4.77433 2.98664 2.79071 2.91267 6.26784 2.80334
threshold=-0.25576089322566981 1.0000000180025095e-35 1.0000000180025095e-35 1.0000000180025095e-35 1.0000000180025095e-35 -0.21636626124382016 14.867898464202883 -0.16024032235145566 12.803559303283693 1.0000000180025095e-35 1.0000000180025095e-35 1.0000000180025095e-35 1.0000000180025095e-35 1.0000000180025095e-35 9.9780974388122576 1.0000000180025095e-35 1.0000000180025095e-35 1.0000000180025095e-35 1.0000000180025095e-35 10.380561351776125 1.0000000180025095e-35 12.881587982177736 1.0000000180025095e-35 1.0000000180025095e-35 1.0000000180025095e-35 1.0000000180025095e-35 1.0000000180025095e-35 9.9780974388122576 9.2908968925476092 11.998631000518801
decision_type=2 2 2 2 2 2 2 2 2 2 2 2 2 2 2 2 2 2 2 2 2 2 2 2 2 2 2 2 2 2
left_child=-1 2 3 7 5 -3 9 -2 17 10 11 -7 13 -13 -11 16 20 18 -6 -20 -16 -22 24 -24 -9 -25 27 28 -12 -29
right_child=1 4 -4 -5 8 6 -8 22 -10 14 26 12 -14 -15 15 -17 -18 -19 19 -21 21 -23 23 25 -26 -27 -28 29 -30 -31
leaf_value=-0.033209381518093078 -0.10453041197740796 0.17436436561221913 0.097423186442613149 -0.02371099908274573 -0.039834161415022856 0.043018361074272961 0.060086579819182723 0.013663617361545231 0.021605797549230948 -0.010038037758567701 -0.07667558672352523 -0.051968421797039026 -0.10208206531460247 0.11239430195831264 -0.0729772795251412 0.1037500555951052 0.075663602908815339 -0.10607950364521584 0.056876394820848067 -0.039246064202008102 0.11691446099861268 -0.052246311259753431 -0.036359368779910008 0.036082705700015281 0.11598557245434207 -0.066372796155427585 0.040121116215374869 -0.13864290724105152 0.11514098239146112 -0.031683715002056086
leaf_weight=65.24878534860909 3.5596626494079819 3.1299019493162623 4.372636090964078 106.53444816172123 20.224052973091602 21.727201227098703 29.489291783422232 67.216645568609238 32.287797845900059 12.032227344810961 4.6761979162693086 3.5701703205704671 5.2774288728833199 3.3467956706881523 4.5446352213621131 10.114115536212923 8.6413349062204361 4.1365248784422866 9.797893859446047 6.154273957014083 4.0747359544038773 4.4690038710832596 38.948011929169297 29.955228388309479 4.8919900357723227 3.1438009068369857 3.8111636489629737 5.378293573856352 2.6797248646616936 4.5012321434915066
leaf_count=1606 90 34 24 847 142 123 222 445 215 86 45 23 36 22 22 64 44 28 59 28 19 23 309 204 31 29 21 26 15 24
internal_value=-0.000597962 0.00400095 -0.00591687 -0.00769413 0.0165704 0.027479 0.0238967 0.00385747 -0.00318272 0.0130997 -0.00361685 0.0172917 -0.0285464 0.027559 0.0340424 0.0506982 0.0260052 -0.0230367 -0.0135412 0.0197928 -0.00678071 0.0284309 0.00653391 -0.00754954 0.0206053 0.0263513 -0.0373159 -0.0544391 -0.0067978 -0.089911
internal_weight=527.935 462.686 258.622 254.25 204.064 131.463 128.334 147.715 72.6005 98.8443 54.9682 33.9216 12.1944 6.91697 43.8761 31.8438 21.7297 40.3127 36.1762 15.9522 13.0884 8.54374 144.156 72.047 72.1086 33.099 21.0466 17.2354 7.35592 9.87953
internal_count=4906 3300 1979 1955 1321 849 815 1108 472 593 335 204 81 45 258 172 108 257 229 87 64 42 1018 542 476 233 131 110 60 50
is_linear=0
shrinkage=0.1


Tree=30
num_leaves=31
num_cat=0
split_feature=16 0 28 1 312 15 11 15 26 83 14 12 151 133 15 7 15 13 105 0 0 8 1 10 53 1 82 1 6 42
split_gain=7.24427 8.55497 5.55002 4.16492 4.50442 4.07753 4.06358 4.0095 3.4246 3.79173 4.08472 3.53091 4.17741 3.41988 3.30063 5.15193 3.25834 3.21602 3.07106 3.3858 3.84237 3.70426 4.10236 3.64039 3.5927 2.97519 5.6542 4.09364 4.84152 2.96602
threshold=1.0000000180025095e-35 9.9780974388122576 1.0000000180025095e-35 0.59692752361297619 1.0000000180025095e-35 1.0000000180025095e-35 1.0000000180025095e-35 1.0000000180025095e-35 1.0000000180025095e-35 1.0000000180025095e-35 1.0000000180025095e-35 1.0000000180025095e-35 1.0000000180025095e-35 1.0000000180025095e-35 1.0000000180025095e-35 1.0000000180025095e-35 1.0000000180025095e-35 1.0000000180025095e-35 1.0000000180025095e-35 15.924708843231203 16.880219459533695 1.0000000180025095e-35 0.73792684078216564 1.0000000180025095e-35 1.0000000180025095e-35 -0.088143587112426744 1.0000000180025095e-35 -0.17484219372272489 1.0000000180025095e-35 1.0000000180025095e-35
decision_type=2 2 2 2 2 2 2 2 2 2 2 2 2 2 2 2 2 2 2 2 2 2 2 2 2 2 2 2 2 2
left_child=1 5 -3 4 8 -1 16 -5 9 10 17 12 13 -10 -12 -16 -4 25 19 21 -21 22 23 -8 -22 26 27 28 -2 -25
right_child=3 2 6 7 -6 -7 18 -9 11 -11 14 -13 -14 -15 15 -17 -18 -19 -20 20 24 -23 -24 29 -26 -27 -28 -29 -30 -31
leaf_value=-0.067776656857910331 -0.10605272851801364 -0.092073723992387155 -0.027655808959916831 0.023341802995576758 0.12628074278672646 -0.021212872480311316 0.019650715289557318 0.091168413493047953 0.019440573725075572 0.075568391046561253 -0.054381574999898555 -0.034329299477630602 -0.10235446757470044 -0.066316355479300329 0.068229427578426538 -0.093277720943546277 0.0058173024252798564 -0.0064364251899150784 0.10913591467385371 0.10244662062758372 -0.063588985507523815 0.032762940098035237 -0.12963627269329164 -0.096187339456736978 0.054972938679468647 0.032732920436790956 0.31041378568823547 0.23476270455842158 0.13164403789010043 -0.0073471624903853269
leaf_weight=30.334797278046608 1.7465159036219116 6.4247689843177787 55.254080224782228 43.96322513371706 3.018856279551982 49.483850389719009 22.223784331232309 10.870468787848948 51.821305572986603 10.248065229505299 13.882695015519857 35.798317149281502 3.4004339054226866 5.1086338162422171 6.8681200444698334 2.7723368927836418 61.391326375305653 15.836937408894299 3.5671550706028929 8.3530968800187129 3.9700619503855687 26.757218163460493 2.905728079378604 6.322936259210107 7.1747338250279427 19.981000475585464 1.1722543612122533 1.0681882500648492 1.682322084903717 9.2639250122010708
leaf_count=903 39 36 434 261 16 660 145 142 424 81 124 340 25 123 52 20 338 128 22 52 22 174 16 43 45 112 19 7 36 67
internal_value=-0.000570476 -0.0109764 -0.000538746 0.0127491 0.00519118 -0.0389093 0.00229975 0.036788 0.00305828 0.0190342 0.0101222 -0.00944911 0.00531408 0.0117451 -0.0231666 0.0217843 -0.0100387 0.028997 0.0181959 0.014466 0.0511702 0.00385959 -0.0151346 -0.00633517 0.0127381 0.0508741 0.114812 0.0638234 0.0105706 -0.0433859
internal_weight=522.667 293.427 213.609 229.24 174.406 79.8186 207.184 54.8337 171.387 75.2584 65.0104 96.1287 60.3304 56.9299 23.5232 9.64046 116.645 41.4872 90.5386 86.9715 19.4979 67.4736 40.7164 37.8106 11.1448 25.6503 5.66928 4.49703 3.42884 15.5869
internal_count=4906 2957 1394 1949 1546 1563 1358 403 1530 618 537 912 572 547 196 72 772 341 586 564 119 445 271 255 67 213 101 82 75 110
is_linear=0
shrinkage=0.1


Tree=31
num_leaves=31
num_cat=0
split_feature=0 10 206 61 312 7 1 7 9 0 9 1 62 167 74 14 1 0 9 1 1 15 26 14 6 1 14 12 8 71
split_gain=6.12695 5.99487 4.21248 4.13029 3.99272 3.96628 3.95582 10.2265 5.75813 4.8407 4.73121 3.59894 3.37539 3.49385 3.44247 3.38442 2.9856 7.1219 3.62122 2.97996 4.92848 3.39055 6.83067 3.14943 2.97911 4.97426 4.14687 2.93993 3.2306 2.8208
threshold=5.3483915328979501 1.0000000180025095e-35 1.0000000180025095e-35 1.0000000180025095e-35 1.0000000180025095e-35 1.0000000180025095e-35 -0.35675716400146479 1.0000000180025095e-35 1.0000000180025095e-35 11.108829498291017 1.0000000180025095e-35 0.17408167570829394 1.0000000180025095e-35 1.0000000180025095e-35 1.0000000180025095e-35 1.0000000180025095e-35 -0.16024032235145566 9.3497605323791522 1.0000000180025095e-35 -0.052095215767621987 0.059396151453256614 1.0000000180025095e-35 1.0000000180025095e-35 1.0000000180025095e-35 1.0000000180025095e-35 -0.12221461907029151 1.0000000180025095e-35 1.0000000180025095e-35 1.0000000180025095e-35 1.0000000180025095e-35
decision_type=2 2 2 2 2 2 2 2 2 2 2 2 2 2 2 2 2 2 2 2 2 2 2 2 2 2 2 2 2 2
left_child=3 2 4 -1 6 -3 7 -2 -9 12 29 -7 15 14 -14 16 -8 18 -18 24 -21 23 -23 -22 25 26 -16 -12 -29 -11
right_child=1 5 -4 -5 -6 11 9 8 -10 10 27 -13 13 -15 19 -17 17 -19 -20 20 21 22 -24 -25 -26 -27 -28 28 -30 -31
leaf_value=-0.05460961103451948 -0.031908518472281225 8.0235496030956876e-05 0.12065364896612119 0.017368494880229599 0.10353453527326395 -0.069436917639258522 -0.017912083413225387 0.087862803103777753 0.41304270234414253 0.029829999001204307 0.053421444012407109 -0.01697432989845548 -0.058290626286231731 0.062144295262083316 0.10599898829855847 -0.029494799949809161 0.24352005998310369 0.0025159071551903874 0.083025070798924169 -0.094092505210303032 -0.10052404967663404 0.13056997985990501 -0.030058198065378624 0.017259088290219618 -0.033303776247565663 0.18605519930896797 -0.11565417420834195 -0.013252240678485894 0.052864394108467362 -0.0068542387819122558
leaf_weight=32.20565153285861 2.7017305474728337 119.0590195544064 3.5160204321146002 10.594890035688875 4.5401867330074301 17.315325172618032 5.4732390791177776 1.0342664569616318 1.1500521507114172 29.073203861713409 42.882122442126274 53.408725142478943 24.668668888509274 4.4808342587202779 1.7939914986491203 9.6488693878054637 2.4980238340795022 6.9552648216485977 3.2153519131243229 7.8171536605805185 4.852173525840044 4.5576436743140221 6.3164243027567863 4.2662935666739941 3.6539466734975576 2.5773001890629512 1.5940447356551886 18.643457647413015 12.243750594556333 75.122255120426416
leaf_count=926 63 940 24 254 29 245 93 23 20 168 274 355 230 34 25 115 25 46 24 80 44 22 32 38 52 24 26 112 71 492
internal_value=-0.000553974 0.0027109 0.0118734 -0.0367921 0.0105159 -0.0110618 0.0089925 0.0981746 0.259071 0.00739245 0.0171009 -0.0298187 -0.0109162 -0.023135 -0.0292886 0.0183566 0.0438067 0.0704711 0.153197 -0.0101739 -0.0267688 -0.000445 0.0372658 -0.0454164 0.0378025 0.0813573 0.0017129 0.0364788 0.0129565 0.0033816
internal_weight=517.86 475.059 285.276 42.8005 281.76 189.783 277.22 4.88605 2.18432 272.334 177.965 70.7241 94.3692 66.5785 62.0976 27.7907 18.1419 12.6686 5.71338 37.429 27.8097 19.9925 10.8741 9.11847 9.61928 5.96534 3.38804 73.7693 30.8872 104.195
internal_count=4906 3726 2186 1180 2162 1540 2133 106 43 2027 1117 600 910 607 573 303 188 95 49 343 216 136 54 82 127 75 51 457 183 660
is_linear=0
shrinkage=0.1


Tree=32
num_leaves=31
num_cat=0
split_feature=16 0 28 193 9 15 209 11 0 1 15 312 28 10 73 13 14 9 15 0 8 81 101 8 6 47 0 0 15 97
split_gain=6.19068 6.56601 4.54698 3.96701 4.2834 3.70391 3.37138 3.30642 3.26279 3.21816 3.78553 3.17689 2.94883 2.90581 2.83873 5.55373 4.85119 2.82685 2.8054 3.07991 3.23095 3.0302 2.69306 2.68329 2.63304 2.69852 2.60502 3.70943 2.46352 4.38493
threshold=1.0000000180025095e-35 9.9780974388122576 1.0000000180025095e-35 1.0000000180025095e-35 1.0000000180025095e-35 1.0000000180025095e-35 1.0000000180025095e-35 1.0000000180025095e-35 14.97056818008423 0.59692752361297619 1.0000000180025095e-35 1.0000000180025095e-35 1.0000000180025095e-35 1.0000000180025095e-35 1.0000000180025095e-35 1.0000000180025095e-35 1.0000000180025095e-35 1.0000000180025095e-35 1.0000000180025095e-35 11.623545169830324 1.0000000180025095e-35 1.0000000180025095e-35 1.0000000180025095e-35 1.0000000180025095e-35 1.0000000180025095e-35 1.0000000180025095e-35 11.296372413635256 12.803559303283693 1.0000000180025095e-35 1.0000000180025095e-35
decision_type=2 2 2 2 2 2 2 2 2 2 2 2 2 2 2 2 2 2 2 2 2 2 2 2 2 2 2 2 2 2
left_child=1 5 -3 4 6 -1 13 18 26 11 17 12 -2 -4 -15 16 -16 23 -6 -20 21 -21 28 -11 -7 -26 -9 -28 -14 -30
right_child=9 2 3 -5 7 24 -8 8 -10 10 -12 -13 22 14 15 -17 -18 -19 19 20 -22 -23 -24 -25 25 -27 27 -29 29 -31
leaf_value=-0.064427598281404916 0.10865401539261708 -0.084778572732937124 -0.0036948146976879385 0.093965880947524658 -0.016898857165360819 -6.7035452690762315e-05 0.092851298737263777 0.077177452272197411 0.0963434077052331 -0.019012825460302106 0.088718680119827156 0.10686964499479237 -0.006021586913496281 -0.062800151530650217 -0.026445869394964301 -0.073647018803189371 0.10533764054284006 0.063626022259113763 -0.027449054190084268 0.059640016553898327 0.10572318903398277 -0.042875830956970264 -0.069273951456859592 0.039369331528953215 -0.069819695143301275 0.01841967887281255 -0.038744161614141993 0.045038711217103636 0.0097837690770538888 0.091775051558302165
leaf_weight=27.963465921580791 2.6186071000993243 6.3216707259416571 57.587262146174908 4.5206522047519675 37.962147057056427 29.488273032009602 2.8097963891923419 6.6555863171815899 7.6462347619235507 18.777143150568008 9.9985037632286531 3.017840474843978 97.605226734653115 22.190219784155488 5.9768431112170219 8.0648120827972889 5.2443908490240574 11.269044809043406 7.6561538428068188 6.9951092600822466 6.3492218032479277 4.9051254093647003 5.179338550195097 13.555691525340078 14.059235066175463 4.5996488966047755 10.014718517661096 11.187809415161608 56.714322898536921 7.3703585453331462
leaf_count=903 16 36 412 28 213 390 17 37 60 98 142 16 939 194 42 66 42 97 34 41 48 28 48 66 208 62 45 51 479 48
internal_value=-0.000566694 -0.0102845 -0.00124242 0.00132403 -0.000757018 -0.035481 -0.015166 0.0140146 0.0384797 0.0118198 0.0332223 0.00516969 0.00335886 -0.0182298 -0.0384106 -0.0103484 0.0351449 0.0204963 0.000414387 0.0257853 0.0481185 0.0173843 0.00170651 0.00546417 -0.0186691 -0.0480676 0.0225979 0.00546504 0.00398019 0.0192136
internal_weight=514.304 288.198 212.088 205.766 201.245 76.1106 101.873 99.3721 35.5043 226.106 53.6004 172.506 169.488 99.0635 41.4763 19.286 11.2212 43.6019 63.8678 25.9056 18.2495 11.9002 166.869 32.3328 48.1472 18.6589 27.8581 21.2025 161.69 64.0847
internal_count=4906 2957 1394 1358 1330 1563 773 557 193 1949 403 1546 1530 756 344 150 84 261 364 151 117 69 1514 164 660 270 133 96 1466 527
is_linear=0
shrinkage=0.1


Tree=33
num_leaves=31
num_cat=0
split_feature=16 0 28 15 193 9 64 6 10 209 15 11 0 15 126 11 0 0 137 0 79 67 23 140 13 13 1 1 0 79
split_gain=5.09824 5.56211 3.73656 3.37821 3.25464 3.52018 2.93906 2.87776 2.80972 2.72797 2.81951 2.70135 2.93804 2.63601 3.76343 3.57385 5.9798 14.0282 3.90052 3.74514 4.0348 3.91439 3.43701 3.30805 3.22856 2.81573 2.8439 3.47278 2.76401 2.55609
threshold=1.0000000180025095e-35 9.9780974388122576 1.0000000180025095e-35 1.0000000180025095e-35 1.0000000180025095e-35 1.0000000180025095e-35 1.0000000180025095e-35 1.0000000180025095e-35 1.0000000180025095e-35 1.0000000180025095e-35 1.0000000180025095e-35 1.0000000180025095e-35 14.97056818008423 1.0000000180025095e-35 1.0000000180025095e-35 1.0000000180025095e-35 4.0835044384002694 3.1772758960723881 1.0000000180025095e-35 12.510609149932863 1.0000000180025095e-35 1.0000000180025095e-35 1.0000000180025095e-35 1.0000000180025095e-35 1.0000000180025095e-35 1.0000000180025095e-35 -0.22138565033674237 -0.045250589028000825 3.0691307783126835 1.0000000180025095e-35
decision_type=2 2 2 2 2 2 2 2 2 2 2 2 2 2 2 2 2 2 2 2 2 2 2 2 2 2 2 2 2 2
left_child=1 3 -3 -1 5 9 13 8 -8 10 -4 -7 -13 14 28 18 17 -17 22 20 21 -18 -15 25 -23 26 -24 -28 -2 -5
right_child=6 2 4 29 -6 11 7 -9 -10 -11 -12 12 -14 15 -16 16 19 -19 -20 -21 -22 24 23 -25 -26 -27 27 -29 -30 -31
leaf_value=-0.061766452332958625 -0.10281988510053125 -0.077365389690616279 -0.038120584182787909 -0.0097197253674206913 0.085592503903850703 0.00041120741680046949 0.11521716472971827 0.00021810140993500481 0.025886722744648205 0.083097653820056183 -0.0032660345559060305 0.020260958536194633 0.09170384453986595 0.12951440146845353 -0.10363388356248063 -0.022210021863225037 0.10801161762937755 0.48201996609432141 -0.11125119204903128 0.11436707187498041 -0.078990262991115778 -0.043690251723879824 -0.048896523023986171 -0.080220244720534975 0.080604427141679202 -0.022415713592524103 0.1381069954592852 0.030584945044783929 0.003297514749152357 -0.090036081100321311
leaf_weight=26.337027819827199 2.5043909922242156 6.2391176819801322 37.54666168987751 43.089264087378979 4.469369448721408 63.188943844288588 7.3944405242800713 8.9587664976716042 6.7215624041855335 2.8247597329318515 60.777672789990902 27.929421477019787 7.2506006844341746 2.3928095251321784 3.521287200972437 1.2022359073162108 5.3136647641658827 1.019765321165323 2.6818252429366103 4.9600447304546824 3.5682157650589934 5.9295796491205692 3.4596005752682677 3.997743494808673 3.2271694764494896 12.906719889491795 3.6188681200146666 17.676189273595817 123.26361790858209 4.3637739866971961
leaf_count=903 95 36 439 600 28 364 58 61 44 17 317 133 60 21 28 26 34 19 35 63 23 41 64 28 24 122 26 115 1022 60
internal_value=-0.000525066 -0.00942518 -0.00113425 -0.0330459 0.00119734 -0.000693186 0.0107436 0.0445473 0.072681 -0.0137922 -0.0165758 0.0127761 0.0349853 0.00686769 -0.00167038 0.0222091 0.0525463 0.209201 0.00583706 0.0374112 0.0162508 0.039736 0.0129652 0.00627091 0.000115687 0.0154519 0.0351956 0.0488572 0.00118442 -0.0171056
internal_weight=508.335 284.017 210.227 73.7901 203.987 199.518 224.318 23.0748 14.116 101.149 98.3243 98.369 35.18 201.244 129.289 71.9544 25.2207 2.222 46.7338 22.9987 18.0386 14.4704 44.0519 41.6591 9.15675 37.6614 24.7547 21.2951 125.768 47.453
internal_count=4906 2957 1394 1563 1358 1330 1949 163 102 773 756 557 193 1786 1145 641 230 45 411 185 122 99 376 355 65 327 205 141 1117 660
is_linear=0
shrinkage=0.1


Tree=34
num_leaves=31
num_cat=0
split_feature=8 206 0 139 282 16 126 9 12 140 12 140 105 11 34 55 33 51 16 70 0 9 10 67 86 23 9 6 67 14
split_gain=4.32705 6.20819 4.22599 3.68475 3.55967 3.58775 4.32418 3.92685 4.23415 3.53707 4.17371 3.45749 3.27232 2.79543 3.35421 3.23486 5.32905 4.5663 4.31495 3.56743 3.32637 3.62648 3.86699 2.9945 2.58151 2.43872 2.62625 2.299 2.30659 2.97821
threshold=1.0000000180025095e-35 1.0000000180025095e-35 10.843257904052736 1.0000000180025095e-35 1.0000000180025095e-35 1.0000000180025095e-35 1.0000000180025095e-35 1.0000000180025095e-35 1.0000000180025095e-35 1.0000000180025095e-35 1.0000000180025095e-35 1.0000000180025095e-35 1.0000000180025095e-35 1.0000000180025095e-35 1.0000000180025095e-35 1.0000000180025095e-35 1.0000000180025095e-35 1.0000000180025095e-35 1.0000000180025095e-35 1.0000000180025095e-35 16.425735473632816 1.0000000180025095e-35 1.0000000180025095e-35 1.0000000180025095e-35 1.0000000180025095e-35 1.0000000180025095e-35 1.0000000180025095e-35 1.0000000180025095e-35 1.0000000180025095e-35 1.0000000180025095e-35
decision_type=2 2 2 2 2 2 2 2 2 2 2 2 2 2 2 2 2 2 2 2 2 2 2 2 2 2 2 2 2 2
left_child=1 4 -2 13 5 7 12 9 11 -1 -11 27 25 15 -15 16 17 -4 -19 -18 21 24 23 -23 -17 26 -7 -9 29 -29
right_child=2 -3 3 -5 -6 6 -8 8 -10 10 -12 -13 -14 14 -16 20 19 18 -20 -21 -22 22 -24 -25 -26 -27 -28 28 -30 -31
leaf_value=-0.04394054617874945 -0.0091607688862181177 0.14758633700828022 -0.12954340923707722 -0.0245693212952693 0.09006828203027592 0.016917433574707229 -0.11837540069001536 0.026378991436577189 -0.033434780582072825 0.10876947772338159 -0.065541549854673073 0.10746464246711399 -0.08742687738799218 0.066112420207078151 0.00078809488437997391 0.0097278669336688661 0.10795355623508414 -0.063821837822741728 0.076897394104141509 -0.027875180930394702 0.080972047766343813 0.034188178407946718 -0.0036532799869478556 0.1354443195258801 -0.066483478897989098 0.0025827817151071512 0.13286964734723031 -0.099119634402404622 0.0095728699909295931 0.032426107876638424
leaf_weight=68.880280833691359 69.877126395702362 2.5385255366563788 5.0028221867978582 15.538030765950678 3.5505374632775775 5.5464614331722242 2.9742110334336749 23.955722711980343 32.626672469079494 3.3856620434671632 2.3114440217614174 3.6109990477561942 3.8468603864312163 29.424396570771933 10.725476294755934 19.814000073820356 4.5186982974410048 5.8115382492542267 3.4862308129668236 3.3799708746373653 10.101678587496279 5.6626467406749725 8.0472690835595131 6.0316578559577465 5.7299373298883429 124.82068433053792 3.0152469910681248 5.7955684252083302 11.251453589648008 2.448074072599411
leaf_count=894 1101 19 29 91 24 41 27 216 321 34 24 28 37 189 68 127 24 39 28 22 72 35 43 37 36 1099 23 43 108 27
internal_value=-0.000515662 -0.0081356 0.0107579 0.0212014 -0.00946203 -0.0106621 0.000916232 -0.021185 -0.00575049 -0.0376773 0.0380476 0.0134423 0.00350168 0.0272419 0.0486619 0.0161574 -0.0160956 -0.0525086 -0.0110587 0.0498302 0.0290844 0.0175101 0.0496997 0.0864138 -0.00736763 0.00612413 0.0577533 0.00562851 -0.0198698 -0.0600551
internal_weight=503.71 300.558 203.151 133.274 298.02 294.469 140.203 154.266 79.6885 74.5774 5.69711 47.0618 137.229 117.736 40.1499 77.5865 22.1993 14.3006 9.29777 7.89867 55.3872 45.2855 19.7416 11.6943 25.5439 133.382 8.56171 43.4508 19.4951 8.24364
internal_count=4906 2965 1941 840 2946 2922 1227 1695 743 952 58 422 1200 749 257 492 142 96 67 46 350 278 115 72 163 1163 64 394 178 70
is_linear=0
shrinkage=0.1


Tree=35
num_leaves=31
num_cat=0
split_feature=15 129 0 97 34 9 13 0 262 13 9 47 44 87 1 9 81 58 0 10 42 81 33 11 67 0 0 54 8 108
split_gain=3.98986 4.70678 3.86418 3.6713 6.67323 3.63662 3.59979 3.38197 3.22045 3.07045 3.02712 4.32383 3.78411 3.16861 2.94594 4.75332 7.71463 3.07958 4.82698 3.80887 3.47992 3.3349 3.08611 5.67379 3.03762 3.01161 3.23976 2.8358 2.81909 2.77739
threshold=1.0000000180025095e-35 1.0000000180025095e-35 14.054756641387941 1.0000000180025095e-35 1.0000000180025095e-35 1.0000000180025095e-35 1.0000000180025095e-35 9.7960300445556658 1.0000000180025095e-35 1.0000000180025095e-35 1.0000000180025095e-35 1.0000000180025095e-35 1.0000000180025095e-35 1.0000000180025095e-35 -0.28800669312477106 1.0000000180025095e-35 1.0000000180025095e-35 1.0000000180025095e-35 14.47091054916382 1.0000000180025095e-35 1.0000000180025095e-35 1.0000000180025095e-35 1.0000000180025095e-35 1.0000000180025095e-35 1.0000000180025095e-35 14.176591396331789 7.8836412429809579 1.0000000180025095e-35 1.0000000180025095e-35 1.0000000180025095e-35
decision_type=2 2 2 2 2 2 2 2 2 2 2 2 2 2 2 2 2 2 2 2 2 2 2 2 2 2 2 2 2 2
left_child=1 8 3 10 6 -4 7 -5 9 14 12 13 -2 -12 15 16 -1 19 25 20 24 -20 -21 -24 -16 26 -19 -18 -23 -14
right_child=2 -3 5 4 -6 -7 -8 -9 -10 -11 11 -13 29 -15 17 -17 27 18 21 22 -22 28 23 -25 -26 -27 -28 -29 -30 -31
leaf_value=0.38767235346326001 -0.1322180014395955 -0.05805559796744654 0.017557276321561538 0.030433436175601576 -0.072461934997060981 0.076887979620642533 0.013839589414003553 0.15184332017026861 -0.099203032120648613 -0.01711097090140443 -0.011909945498230622 0.04965932985968774 -0.017629723181359996 0.10820792052585496 -0.069267908277357487 -0.043976863721572071 -0.10385677961105096 -0.10819690784268701 0.062291410660543056 -0.078582490992283371 0.052638445912385368 -0.051756026084732801 0.11158698579839894 -0.093028811010657422 0.018511005808980636 -0.11048133919924528 0.0057233517228803821 0.17265283847348012 0.058086643210327062 0.048484166311366532
leaf_weight=1.0154868941754094 2.7078152522444716 17.966692516580224 41.249751269817352 3.6044105440378242 4.1531390547752371 13.782781738787888 6.9455693997442713 6.3125912547111511 3.5864861868321887 102.55389704927802 40.6696294285357 21.316490616649389 75.731015853583813 2.3214614540338507 7.472785683348774 1.6358828730881212 0.76607018522918224 2.601668329909443 24.909933488816023 13.491354102268817 9.9002750106155872 5.7213875837624055 2.7497634049504986 2.6720449700951576 8.3446158729493618 2.5128334537148467 61.688269913196564 0.71901300922036171 3.9493307620286942 6.9360219277441493
leaf_count=27 20 752 276 32 24 168 44 34 34 911 366 132 775 14 58 42 23 63 146 111 62 38 41 31 83 15 483 18 25 58
internal_value=-0.000472958 -0.00857724 0.00937356 0.00194459 0.0410835 0.0324165 0.069049 0.107716 -0.00510867 -0.00377325 -0.00355059 0.012835 -0.0158929 -0.00542374 0.0053365 0.0885573 0.175262 0.00297893 0.0126146 -0.0189095 0.00614278 0.042942 -0.0529749 0.0107456 -0.0229593 -0.00308445 0.00111326 0.0300172 -0.00689844 -0.0120826
internal_weight=499.988 274.258 225.731 170.698 21.0157 55.0325 16.8626 9.917 256.291 252.705 149.682 64.3076 85.3749 42.9911 150.151 4.13645 2.50057 146.014 101.383 44.6308 25.7177 34.5807 18.9132 5.42181 15.8174 66.8028 64.2899 1.48508 9.67072 82.667
internal_count=4906 2963 1943 1499 134 444 110 66 2211 2177 1365 512 853 380 1266 110 68 1156 770 386 203 209 183 72 141 561 546 41 63 833
is_linear=0
shrinkage=0.1


Tree=36
num_leaves=31
num_cat=0
split_feature=16 1 11 0 15 105 1 64 99 21 86 69 67 13 26 6 64 93 26 6 10 0 12 7 0 127 1 79 13 39
split_gain=4.02772 3.82421 3.42501 2.97793 2.8521 2.75361 2.3943 3.98079 3.73556 3.5051 3.40682 3.39088 3.20929 4.98899 2.43662 2.40261 2.37143 2.45352 2.43348 2.35822 2.50987 2.35224 2.20908 2.12311 3.93923 4.23253 2.99044 2.11544 2.06043 2.3443
threshold=1.0000000180025095e-35 0.1041143834590912 1.0000000180025095e-35 10.584530830383303 1.0000000180025095e-35 1.0000000180025095e-35 0.84196516871452343 1.0000000180025095e-35 1.0000000180025095e-35 1.0000000180025095e-35 1.0000000180025095e-35 1.0000000180025095e-35 1.0000000180025095e-35 1.0000000180025095e-35 1.0000000180025095e-35 1.0000000180025095e-35 1.0000000180025095e-35 1.0000000180025095e-35 1.0000000180025095e-35 1.0000000180025095e-35 1.0000000180025095e-35 13.661875724792482 1.0000000180025095e-35 1.0000000180025095e-35 7.6317591667175302 1.0000000180025095e-35 -0.59129971265792836 1.0000000180025095e-35 1.0000000180025095e-35 1.0000000180025095e-35
decision_type=2 2 2 2 2 2 2 2 2 2 2 2 2 2 2 2 2 2 2 2 2 2 2 2 2 2 2 2 2 2
left_child=1 4 3 -3 22 -4 7 8 -5 10 12 -9 13 -10 -13 28 17 -2 -19 20 21 -18 -1 -24 25 -25 -27 -6 29 -8
right_child=16 2 5 6 27 -7 15 11 9 -11 -12 14 -14 -15 -16 -17 19 18 -20 -21 -22 -23 23 24 -26 26 -28 -29 -30 -31
leaf_value=-0.086650426940439534 0.0032921107217065843 0.053693838845215586 0.0094558553958051256 -0.030263245981426042 -0.0075936550651510143 0.099900846150834485 0.11998531227960418 -0.010611417108698267 0.13998077894622607 0.11748954347961425 -0.075328842505089338 -0.17103484168849176 -0.019500483651643859 -0.023465749063307756 -0.063509539720978919 -0.022800561644895537 0.033512334829775947 0.092758882663045092 0.0029761495964676461 0.00020880339333942478 0.022591828044388963 0.15371004531312826 -0.060351554301235504 0.24458923818696304 -0.10421034093081988 0.15065678920390743 -0.10311457104936805 -0.08527059698222933 -0.011358544086149877 0.0081693127452214919
leaf_weight=12.192270172759891 186.01956763118505 6.3358739390969268 86.250642698258162 50.941343743354082 41.436958987265825 3.5028542354702941 4.5192933157086372 5.2563164904713604 4.4238672442734286 3.0816665999591342 4.3537996113300315 3.892380878329277 8.0328335370868444 3.2317668199539185 4.5959106460213661 10.615777634084225 2.6053602322936058 6.3047356382012349 5.7923822775483131 8.8204091899096966 6.6250818595290184 4.3406936973333359 6.9859275277704 1.1462532114237547 1.5228329580277202 0.79083688557147946 1.1248079538345339 3.8301034979522219 4.529146384447813 3.2045607343316078
leaf_count=477 1712 49 578 347 597 22 26 33 30 18 30 30 55 21 33 74 17 39 35 61 44 41 261 35 45 38 45 59 31 23
internal_value=-0.00045846 -0.00851358 -0.00170976 -0.0129816 -0.0288933 0.0129857 -0.0167985 -0.0243044 -0.0151323 0.0182008 0.00293429 -0.0737303 0.0246535 0.0709831 -0.112816 0.0120224 0.00961638 0.00613 0.0497688 0.0404632 0.0666262 0.108626 -0.0569479 -0.0256497 0.0272267 0.0925968 0.00165002 -0.014166 0.0421924 0.0735938
internal_weight=496.306 275.798 206.768 117.015 69.03 89.7535 110.679 87.8099 74.0653 23.1239 20.0423 13.7446 15.6885 7.65563 8.48829 22.8688 220.508 198.117 12.0971 22.3915 13.5711 6.94605 23.7629 11.5707 4.58473 3.0619 1.91564 45.2671 12.253 7.72385
internal_count=4906 2957 1400 800 1557 600 751 597 501 154 136 96 106 51 63 154 1949 1786 74 163 102 58 901 424 163 118 83 656 80 49
is_linear=0
shrinkage=0.1


Tree=37
num_leaves=31
num_cat=0
split_feature=8 206 196 282 139 83 61 126 22 0 14 6 1 10 9 85 16 80 67 81 0 12 13 7 0 39 13 5 11 140
split_gain=3.61992 5.00355 3.34057 2.94869 2.94754 5.22742 4.8577 3.70355 3.48786 3.28594 3.24919 3.78149 2.97158 3.35354 2.77471 3.5814 3.30163 4.22422 4.84965 3.65082 3.264 3.28267 3.2156 5.23232 5.32111 2.95175 2.92579 5.59177 3.32497 2.8912
threshold=1.0000000180025095e-35 1.0000000180025095e-35 1.0000000180025095e-35 1.0000000180025095e-35 1.0000000180025095e-35 1.0000000180025095e-35 1.0000000180025095e-35 1.0000000180025095e-35 1.0000000180025095e-35 13.882272243499758 1.0000000180025095e-35 1.0000000180025095e-35 -0.16024032235145566 1.0000000180025095e-35 1.0000000180025095e-35 1.0000000180025095e-35 1.0000000180025095e-35 1.0000000180025095e-35 1.0000000180025095e-35 1.0000000180025095e-35 3.0266940593719487 1.0000000180025095e-35 1.0000000180025095e-35 1.0000000180025095e-35 9.7960300445556658 1.0000000180025095e-35 1.0000000180025095e-35 1.0000000180025095e-35 1.0000000180025095e-35 1.0000000180025095e-35
decision_type=2 2 2 2 2 2 2 2 2 2 2 2 2 2 2 2 2 2 2 2 2 2 2 2 2 2 2 2 2 2
left_child=1 3 4 14 6 -6 7 12 9 -8 11 -11 -2 -14 16 20 29 19 -19 -18 -16 22 23 24 25 -22 -21 28 -28 -1
right_child=2 -3 -4 -5 5 -7 8 -9 -10 10 -12 -13 13 -15 15 -17 17 18 -20 26 21 -23 -24 -25 -26 -27 27 -29 -30 -31
leaf_value=-0.040365864692588696 -0.04203922272002885 0.13479182886944999 0.096228328623013837 0.083276703439483499 -0.0475149878194637 0.071028037538251834 0.011876900435459029 0.087409909614683812 0.13651597495205622 0.074514866590669915 0.10785339085885315 -0.034211612441912224 0.017971597535692992 -0.023891873274559244 -0.10329066442547533 -0.091695815257575516 0.0020900574603987471 0.14905672213457372 -0.023116446339352746 -0.07689969281684321 0.17681932450641075 -0.01428829874629885 -0.0079872728852270636 -0.001484744749726473 0.0373992091998002 0.030266616786140885 -0.016000301252652803 -0.096402769620016301 0.13627030619203678 0.034307313810742132
leaf_weight=66.372122373431921 17.46210203692317 2.4514885284006587 4.391110196709632 3.4466784186661235 19.399852855131034 4.6024647559970608 39.808192638680339 4.5818548724055281 3.170180080458521 7.6204799264669418 8.6331060528755188 5.5130475573241711 54.584844788536429 29.464100245386362 2.7878062520176163 4.0558161940425626 54.534963123500347 3.6276720520108929 2.9797962754964828 12.900279231369495 5.2274714279919889 48.584701798856258 28.355982564389706 22.374303873628378 19.885032121092081 1.8645274750888345 2.9218137431889772 3.9042497985064983 2.816211124882102 5.6243819370865813
leaf_count=894 526 19 29 24 165 32 375 37 32 55 56 38 379 217 100 28 463 29 31 134 73 434 254 183 130 25 29 35 22 58
internal_value=-0.000438528 -0.00747714 0.00997342 -0.00867048 0.00802949 -0.0247843 0.0126397 -0.000533206 0.0342253 0.0289589 0.0601994 0.0288749 -0.00450265 0.00329599 -0.00976776 0.000831331 -0.0188319 -0.0053243 0.0714111 -0.0119024 0.00373863 0.00610122 0.0188493 0.0342689 0.0639224 0.13829 -0.0457531 -0.00408248 0.0587338 -0.0345324
internal_weight=493.947 294.715 199.231 292.264 194.84 24.0023 170.838 106.093 64.745 61.5748 21.7666 13.1335 101.511 84.0489 288.817 133.136 155.681 83.685 6.60747 77.0775 129.08 126.292 77.7073 49.3513 26.977 7.092 22.5426 9.64227 5.73802 71.9965
internal_count=4906 2965 1941 2946 1912 197 1715 1159 556 524 149 93 1122 596 2922 1227 1695 743 60 683 1199 1099 665 411 228 98 220 86 51 952
is_linear=0
shrinkage=0.1


Tree=38
num_leaves=31
num_cat=0
split_feature=15 0 0 16 26 73 16 126 209 97 11 65 81 9 176 10 84 108 61 113 80 10 87 193 118 262 11 0 1 62
split_gain=3.60773 3.88633 3.26767 2.96691 3.14739 3.61702 2.89035 3.33515 2.7808 2.74968 3.14459 4.27146 4.27094 4.01871 2.58846 2.54194 3.00747 2.57356 3.50327 2.77403 2.44453 2.30162 2.18161 2.16431 2.13837 2.19551 2.13217 4.25482 9.94107 2.57797
threshold=1.0000000180025095e-35 3.0266940593719487 12.881587982177736 1.0000000180025095e-35 1.0000000180025095e-35 1.0000000180025095e-35 1.0000000180025095e-35 1.0000000180025095e-35 1.0000000180025095e-35 1.0000000180025095e-35 1.0000000180025095e-35 1.0000000180025095e-35 1.0000000180025095e-35 1.0000000180025095e-35 1.0000000180025095e-35 1.0000000180025095e-35 1.0000000180025095e-35 1.0000000180025095e-35 1.0000000180025095e-35 1.0000000180025095e-35 1.0000000180025095e-35 1.0000000180025095e-35 1.0000000180025095e-35 1.0000000180025095e-35 1.0000000180025095e-35 1.0000000180025095e-35 1.0000000180025095e-35 4.0561258792877206 -0.60651001334190358 1.0000000180025095e-35
decision_type=2 2 2 2 2 2 2 2 2 2 2 2 2 2 2 2 2 2 2 2 2 2 2 2 2 2 2 2 2 2
left_child=1 -1 15 4 9 -6 8 14 20 10 11 13 -12 -4 -8 17 22 19 -19 26 23 -7 -17 24 25 -3 29 28 -28 -2
right_child=2 6 3 -5 5 21 7 -9 -10 -11 12 -13 -14 -15 -16 16 -18 18 -20 -21 -22 -23 -24 -25 -26 -27 27 -29 -30 -31
leaf_value=-0.10212309444140177 0.018224079358121165 -0.014601936014123108 -0.10115397386227037 0.063950059696683589 0.072854581342928562 0.031626932986504118 0.0074296943920982243 -0.090225847605550163 0.10733385386738684 0.072162133964347272 -0.010313590603289624 0.052156835649690626 0.12458899159812052 0.0036245735402225736 -0.095096317281635687 -0.0070388329155469907 -0.1190845751243834 0.0035569820333570656 0.13382833795454288 0.070734269850537129 -0.074146239870048244 -0.064788727075785452 -0.10228215488177975 0.064774439754085908 -0.11666807327706326 -0.13073061369552011 0.00062147647690863339 0.0081211059827897576 0.38985217507547393 -0.030852193029258981
leaf_weight=4.3349114265292874 16.398095792159438 106.6155685596168 9.8136221542954463 15.962847765535114 15.481699500232935 6.9977257922291756 135.79476186446846 3.7323507666587821 1.748422123491763 4.2093615122139445 8.42844280973077 4.1394098028540602 3.2524636238813391 5.8381656482815734 2.5079606138169757 44.89296617358923 2.7839540839195243 4.5321556665003282 3.7910801582038403 5.9100690633058539 7.7176301926374427 3.8316447585821152 2.5410854071378699 3.2241626102477303 2.1684793569147578 1.6532540032640088 1.8998129144310953 29.29999441280961 1.0023877397179592 30.823648063465953
leaf_count=218 188 1383 49 212 98 47 1105 30 13 26 51 23 22 41 22 465 32 33 27 43 128 19 14 21 18 25 47 227 16 263
internal_value=-0.000428591 -0.00820295 0.00901632 0.0255047 0.0156052 0.0418448 -0.00666753 0.0030532 -0.017881 -0.00374361 -0.0138959 -0.03818 0.0272491 -0.0620712 0.0055705 8.24781e-05 -0.0180698 0.00981552 0.0628932 0.00463847 -0.0196847 -0.00248683 -0.0121411 -0.0159867 -0.0183445 -0.0163752 -0.000279826 0.0195612 0.135057 -0.0138101
internal_weight=491.328 269.498 221.831 77.9554 61.9925 26.3111 265.163 142.035 123.128 35.6815 31.4721 19.7912 11.6809 15.6518 138.303 143.875 50.218 93.6572 8.32324 85.334 121.379 10.8294 47.4341 113.661 110.437 108.269 79.4239 32.2022 2.9022 47.2217
internal_count=4906 2963 1943 588 376 164 2745 1157 1588 212 186 113 73 90 1127 1355 511 844 60 784 1575 66 479 1447 1426 1408 741 290 63 451
is_linear=0
shrinkage=0.1


Tree=39
num_leaves=31
num_cat=0
split_feature=8 206 139 83 61 52 12 26 47 11 21 44 26 6 0 6 16 54 0 99 99 14 0 16 0 282 114 9 44 85
split_gain=3.20313 4.25706 2.75194 4.17298 3.34417 3.50631 4.53406 4.28158 3.22702 5.71059 5.10091 2.94638 3.07297 4.7379 3.43831 3.47517 5.8163 3.13965 3.56108 4.43064 3.1189 2.62404 2.54513 9.58683 2.5762 2.53473 2.88381 2.51132 3.1138 3.7217
threshold=1.0000000180025095e-35 1.0000000180025095e-35 1.0000000180025095e-35 1.0000000180025095e-35 1.0000000180025095e-35 1.0000000180025095e-35 1.0000000180025095e-35 1.0000000180025095e-35 1.0000000180025095e-35 1.0000000180025095e-35 1.0000000180025095e-35 1.0000000180025095e-35 1.0000000180025095e-35 1.0000000180025095e-35 13.419575691223146 1.0000000180025095e-35 1.0000000180025095e-35 1.0000000180025095e-35 12.992471218109133 1.0000000180025095e-35 1.0000000180025095e-35 1.0000000180025095e-35 3.9219712018966679 1.0000000180025095e-35 9.5838465690612811 1.0000000180025095e-35 1.0000000180025095e-35 1.0000000180025095e-35 1.0000000180025095e-35 1.0000000180025095e-35
decision_type=2 2 2 2 2 2 2 2 2 2 2 2 2 2 2 2 2 2 2 2 2 2 2 2 2 2 2 2 2 2
left_child=1 25 4 21 5 8 -7 -8 9 -2 -10 -6 13 17 15 -14 20 -13 19 -19 -17 -4 23 -11 -24 26 27 -1 -29 -30
right_child=2 -3 3 -5 11 6 7 -9 10 22 -12 12 14 -15 -16 16 -18 18 -20 -21 -22 -23 24 -25 -26 -27 -28 28 29 -31
leaf_value=-0.016776104755019398 -0.061850913642547495 0.12679875157939993 -0.0140785445937474 0.063002233224664292 -0.063126391616497843 0.050474719723913875 -0.062040984955936233 0.039014719505999412 0.031024272717589004 -0.035174388572616871 -0.097335271973235757 0.19062375940763079 -0.039934068946970727 0.0089288973451528732 0.061223827313715333 -0.1182346441062526 0.13980674711579252 -0.030011233588881081 0.12386838186960457 0.11616778827347235 0.063168263316043929 -0.089836241146592208 -0.055588554585325925 0.39522697217816183 0.038859287264687736 0.077904218665695704 -0.09548484641116263 0.074115171904110919 0.0018343511895368139 -0.1007910432642863
leaf_weight=151.33352018054575 22.87628710642457 2.3562627360224715 12.215117996558552 4.6472966969013205 3.10478726401925 26.894574426114559 9.1313434131443518 7.7517341114580622 23.827970813959841 1.4749503415077918 3.5582458041608325 2.6764803454279926 13.177144827321177 11.544854821637275 10.456936959177254 2.1609642505645743 3.4736035298556089 5.0811599250882882 7.5278781913220874 3.5028792433440685 1.688258793205023 7.3071703203022471 4.8724485542625171 0.79725707694888104 7.0909058563411236 3.3818861581385127 3.8199237361550322 5.7484156880527726 121.08793751616031 3.639936536550521
leaf_count=1681 385 19 109 32 22 190 59 53 234 63 35 24 127 97 72 42 27 54 57 24 12 58 95 27 43 24 27 46 1142 26
internal_value=-0.000412473 -0.00707013 0.00944235 -0.0221613 0.0138661 0.00313372 0.0249764 -0.015642 -0.0116919 -0.0309068 0.0143467 0.0319118 0.0367262 0.0593467 0.0145613 -0.009241 0.04599 0.0903268 0.0736657 0.0296399 -0.0386718 -0.0424346 0.0188199 0.115842 0.000392463 -0.00816154 -0.00918056 -0.00801071 0.00215587 -0.00116057
internal_weight=488.208 291.368 196.84 24.1696 172.671 108.276 43.7777 16.8831 64.4981 37.1118 27.3862 64.3949 61.2902 30.3333 30.9569 20.5 7.32283 18.7884 16.1119 8.58404 3.84922 19.5223 14.2356 2.27221 11.9634 289.012 285.63 281.81 130.476 124.728
internal_count=4906 2965 1941 199 1742 1184 302 112 882 613 269 558 536 256 280 208 81 159 135 78 54 167 228 90 138 2946 2922 2895 1214 1168
is_linear=0
shrinkage=0.1


Tree=40
num_leaves=31
num_cat=0
split_feature=15 0 0 9 61 97 34 13 0 13 0 1 1 226 0 0 6 80 99 262 16 58 50 12 0 77 6 0 81 16
split_gain=3.16127 3.55859 2.68499 3.15864 2.81544 2.80206 5.15956 2.87198 2.94366 2.66799 2.96313 4.99949 4.62438 2.85569 2.67538 4.41391 3.06673 2.52571 2.46048 2.41111 2.35251 2.16503 3.57745 3.8134 3.49786 2.95646 3.62005 2.88866 9.19312 2.80141
threshold=1.0000000180025095e-35 3.0266940593719487 14.054756641387941 1.0000000180025095e-35 1.0000000180025095e-35 1.0000000180025095e-35 1.0000000180025095e-35 1.0000000180025095e-35 9.7960300445556658 1.0000000180025095e-35 3.7193702459335332 -0.60042589902877797 -0.64696934819221485 1.0000000180025095e-35 8.4175219535827654 8.8720054626464862 1.0000000180025095e-35 1.0000000180025095e-35 1.0000000180025095e-35 1.0000000180025095e-35 1.0000000180025095e-35 1.0000000180025095e-35 1.0000000180025095e-35 1.0000000180025095e-35 14.47091054916382 1.0000000180025095e-35 1.0000000180025095e-35 7.7577002048492441 1.0000000180025095e-35 1.0000000180025095e-35
decision_type=2 2 2 2 2 2 2 2 2 2 2 2 2 2 2 2 2 2 2 2 2 2 2 2 2 2 2 2 2 2
left_child=1 -1 5 20 -5 -2 7 8 -7 10 11 12 -3 14 17 -16 -17 -11 -6 21 -4 22 23 -12 25 26 -23 28 29 -24
right_child=2 9 3 4 18 6 -8 -9 -10 13 19 -13 -14 -15 15 16 -18 -19 -20 -21 -22 24 27 -25 -26 -27 -28 -29 -30 -31
leaf_value=-0.10195711705397754 -0.0025335896543523398 0.25118161756112445 0.0044384027423233349 0.11103665260516107 0.076805035001047781 0.026266588435458857 -0.064478049053061884 0.012177378754737829 0.14059766940118071 -0.072090908439765955 -0.0089931407790439944 0.34437979261709134 -0.10266449900890165 -0.14295332575835493 0.11881601292479371 0.001064442203464545 -0.037024370049550587 0.094955137098294951 -0.064649110185028155 -0.092957880694498216 0.073159811696042923 0.011872548641808452 0.14803739610121178 -0.085451850251001868 0.036414372471877697 0.1198408779711025 -0.035137105533849133 -0.00093548270151844767 -0.050836361229328997 0.41661336450199898
leaf_weight=3.947397773154079 146.36769784241915 0.5654071792960168 33.94496389105916 7.4750433098524791 2.7689269818365574 3.6252837218344265 4.0166533142328253 6.7694684714078894 5.9446417987346649 11.800010322593149 16.372069139033556 0.67076954618096252 1.0650713434442878 1.8156272452324618 2.5684593245387068 52.838808318600059 35.235094271600246 0.98032705392688591 2.212018221616745 2.7255522739142171 5.8380897529423228 43.071478789672256 0.7941260207444456 10.843612920492889 33.813775856047869 1.9182638190686692 26.434667716734111 16.633387882262468 1.8424564730376005 0.76008735783398151
leaf_count=218 1365 25 178 106 36 32 24 44 34 389 172 27 45 17 40 390 269 29 26 28 98 414 27 148 209 16 307 127 52 14
internal_value=-0.000404537 -0.00771494 0.00849953 0.0282823 0.0722276 0.00230105 0.0370639 0.0620256 0.0972867 -0.0062991 0.0019376 0.114579 0.0200401 -0.018627 -0.0164444 -0.0104051 -0.0141735 -0.0592775 0.0139858 0.0002675 0.0145231 0.00193384 -0.01585 -0.0394568 0.00991773 -0.00262632 -0.00600622 0.0162256 0.100263 0.279384
internal_weight=485.659 266.696 218.963 52.239 12.456 166.724 20.356 16.3394 9.56993 262.749 157.511 2.30125 1.63048 105.238 103.423 90.6424 88.0739 12.7803 4.98095 155.209 39.7831 152.484 47.2457 27.2157 105.238 71.4244 69.5061 20.0301 3.39667 1.55421
internal_count=4906 2963 1943 444 168 1499 134 110 66 2745 1611 97 70 1134 1117 699 659 418 62 1514 276 1486 540 320 946 737 721 220 93 41
is_linear=0
shrinkage=0.1


Tree=41
num_leaves=31
num_cat=0
split_feature=10 291 0 7 188 16 1 8 95 12 0 1 14 15 0 21 6 0 85 9 13 68 0 21 0 9 0 12 0 5
split_gain=2.8351 4.5478 3.80727 2.96201 3.32929 3.3085 5.09397 10.9151 4.08538 3.68497 3.25102 4.38482 4.33635 4.73187 3.20543 3.90625 4.98804 2.84823 2.79147 2.70782 3.44778 4.28627 3.57598 2.82354 2.56254 3.42058 4.14873 3.29666 4.36758 3.10216
threshold=1.0000000180025095e-35 1.0000000180025095e-35 3.5414099693298344 1.0000000180025095e-35 1.0000000180025095e-35 1.0000000180025095e-35 -0.48056885600090021 1.0000000180025095e-35 1.0000000180025095e-35 1.0000000180025095e-35 3.4811772108078007 -0.14092326164245603 1.0000000180025095e-35 1.0000000180025095e-35 5.6960985660552987 1.0000000180025095e-35 1.0000000180025095e-35 17.698836326599125 1.0000000180025095e-35 1.0000000180025095e-35 1.0000000180025095e-35 1.0000000180025095e-35 10.584530830383303 1.0000000180025095e-35 12.746064186096193 1.0000000180025095e-35 13.030800819396974 1.0000000180025095e-35 14.867898464202883 1.0000000180025095e-35
decision_type=2 2 2 2 2 2 2 2 2 2 2 2 2 2 2 2 2 2 2 2 2 2 2 2 2 2 2 2 2 2
left_child=1 2 -1 5 10 14 7 9 19 -7 12 -12 13 -5 -2 17 -17 -16 24 23 21 -21 -22 -8 -4 29 -27 -28 -29 -26
right_child=3 -3 18 4 -6 6 8 -9 -10 -11 11 -13 -14 -15 15 16 -18 -19 -20 20 22 -23 -24 -25 25 26 27 28 -30 -31
leaf_value=-0.058072746519468477 -0.086415347791611849 -0.13507632689548366 0.0020642174024448501 0.034921316169605192 0.10624965211551318 -0.10474609909542641 -0.0055852399449728245 0.42800538563634893 0.08137156100471106 0.19115774707132271 -0.10503426581134011 -0.024283896361525049 -0.10292901862611664 0.41883077488008918 -0.022282550977151393 -0.011883907444772732 0.15418587736963071 0.082404345864526551 -0.059812973326026968 0.099890528645601384 -0.12589477291399712 -0.041196474698009578 0.035731162509258854 -0.092840394318821975 0.026317864761828555 0.14143002189065682 0.059273133871948186 -0.049054524396439175 0.051734494512418905 -0.015198433112532548
leaf_weight=8.739940960891543 5.7113080145791164 2.2731967084109774 157.31336320471019 0.72929435409605436 1.8502796813845623 1.1147116441279643 20.699479494243864 0.93837448209524144 7.1256746873259535 0.67612220719456662 7.5865587433800092 59.182604215107858 0.71231975127011526 0.57353543676435947 53.382068131119013 4.1612930800765744 3.1990163810551167 2.731905508786439 5.7817725837230673 8.2074289787560719 2.3912507966160765 2.919186256825923 3.2018511593341827 4.5180911459028712 41.762268908321857 3.9565939642488948 22.460593355819583 8.640800356864931 8.5574556365609151 31.629285220056772
leaf_count=318 210 17 1638 38 10 32 167 27 45 21 219 477 29 15 487 36 31 16 59 61 24 17 21 36 296 21 194 52 78 214
internal_value=-0.000403905 0.00581354 0.00692235 -0.00985003 -0.0261214 -0.00034973 0.0187637 0.151734 0.011367 0.00697122 -0.0296822 -0.0334591 0.0954588 0.203927 -0.014658 -0.00820139 0.0602951 -0.0171859 0.00895037 -0.000527664 0.030679 0.0628748 -0.0333697 -0.0212183 0.0103997 0.0216065 0.0437858 0.0340442 0.00109577 0.00842574
internal_weight=482.728 291.115 288.842 191.612 70.6346 120.978 51.7922 2.72921 49.063 1.79083 68.7843 66.7692 2.01515 1.30283 69.1856 63.4743 7.36031 56.114 280.102 41.9373 16.7197 11.1266 5.5931 25.2176 274.32 117.007 43.6154 39.6588 17.1983 73.3916
internal_count=4906 2887 2870 2019 788 1231 451 80 371 53 778 696 82 53 780 570 67 503 2552 326 123 78 45 203 2493 855 345 324 130 510
is_linear=0
shrinkage=0.1


Tree=42
num_leaves=31
num_cat=0
split_feature=15 0 11 53 168 0 14 0 0 13 84 9 26 39 55 14 25 17 1 44 74 62 9 8 12 8 35 13 69 0
split_gain=2.86965 3.15195 2.6295 4.24952 4.35543 3.23413 7.5342 10.882 3.58535 3.06735 2.45284 2.81851 6.11745 6.59218 4.90467 2.43326 3.72917 3.52506 3.10681 3.17431 2.90671 4.02333 2.93688 4.58916 5.96055 2.87453 2.62522 5.51358 3.78754 2.45668
threshold=1.0000000180025095e-35 3.0266940593719487 1.0000000180025095e-35 1.0000000180025095e-35 1.0000000180025095e-35 4.0561258792877206 1.0000000180025095e-35 3.2429842948913579 5.3483915328979501 1.0000000180025095e-35 1.0000000180025095e-35 1.0000000180025095e-35 1.0000000180025095e-35 1.0000000180025095e-35 1.0000000180025095e-35 1.0000000180025095e-35 1.0000000180025095e-35 1.0000000180025095e-35 0.67815041542053234 1.0000000180025095e-35 1.0000000180025095e-35 1.0000000180025095e-35 1.0000000180025095e-35 1.0000000180025095e-35 1.0000000180025095e-35 1.0000000180025095e-35 1.0000000180025095e-35 1.0000000180025095e-35 1.0000000180025095e-35 4.8090348243713388
decision_type=2 2 2 2 2 2 2 2 2 2 2 2 2 2 2 2 2 2 2 2 2 2 2 2 2 2 2 2 2 2
left_child=1 -1 15 4 5 6 -4 -8 -7 -5 11 12 13 -10 -13 16 -2 -17 19 -18 21 26 23 -22 -25 -23 27 -21 -29 -19
right_child=2 -3 3 9 -6 8 7 -9 10 -11 -12 14 -14 -15 -16 17 18 29 -20 20 22 25 -24 24 -26 -27 -28 28 -30 -31
leaf_value=-0.1018005534378249 -0.068410039740688586 -0.0061534634901846833 -0.033332642649172739 0.089577372849933223 0.09603437440191917 -0.10598541622613318 -0.010839930788619338 0.43906005582982871 0.10390863019796166 0.015870523589950381 -0.078087751101187042 0.1345919591449721 -0.062617536359582823 -0.04161980460913875 0.0063692427247979706 0.094617674066769714 -0.10359938700762705 -0.10483147731161607 0.06483107902527592 0.058579560587311813 -0.058823736590513542 -0.071960853339467126 0.078121931665872529 -0.025903279674946156 0.16614022770557349 0.0042637118373481447 0.074562803667885535 -0.13610135132189313 0.03570151201413397 -0.01715231454134334
leaf_weight=3.49159260559827 5.6049067974090567 260.26840102672577 2.730611775070428 13.413489317521453 5.1119857169687739 3.4982898347079745 1.0620337259024384 1.088795658200979 6.6327108051627874 9.750219963490963 3.764051927253603 4.0437613241374466 12.866613728925586 5.8651134055107832 11.374238714575768 2.6772818714380255 2.463002983480691 3.4303738288581362 11.170361245051025 7.0228413958102482 5.6987218502908945 10.519411936402321 10.886993668973446 3.4462781604379416 3.0434140563011169 9.3402062691748142 7.4276367723941794 3.5827567838132381 1.9992689751088617 46.698113687336445
leaf_count=218 43 2745 58 118 38 73 27 15 44 68 32 30 114 48 69 22 15 86 95 94 55 88 77 24 24 81 65 55 14 371
internal_value=-0.00041889 -0.00741962 0.00812133 0.0223413 0.00788905 -0.00062464 0.0769272 0.216909 -0.00850406 0.0585522 -0.00084873 0.00628012 -0.0142161 0.0356135 0.0399989 -0.000431154 0.0103285 -0.0171813 0.0160898 0.00776867 0.0121249 -0.00421594 0.0403744 0.00665743 0.0641577 -0.0361116 0.0274044 -0.000384467 -0.0745681 -0.0231523
internal_weight=479.973 263.76 216.213 81.2019 58.0382 52.9262 4.88144 2.15083 48.0448 23.1637 44.5465 40.7824 25.3644 12.4978 15.418 135.012 82.2058 52.8058 76.6009 65.4305 62.9675 39.8921 23.0754 12.1884 6.48969 19.8596 20.0325 12.6049 5.58203 50.1285
internal_count=4906 2963 1943 734 548 510 100 42 410 186 337 305 206 92 99 1209 730 479 687 592 577 397 180 103 48 169 228 163 69 457
is_linear=0
shrinkage=0.1


Tree=43
num_leaves=31
num_cat=0
split_feature=16 154 28 10 209 193 79 88 0 0 0 100 177 140 61 76 78 62 8 61 11 82 55 6 26 26 0 26 266 68
split_gain=2.61899 3.36376 3.07271 2.61968 4.66102 3.13863 2.52626 2.45952 3.30781 3.46673 3.4313 2.34835 2.19804 2.28821 6.04277 2.11746 2.73837 2.7493 3.20135 4.30182 4.3359 3.99903 2.81233 2.55767 2.27319 2.18737 5.17637 2.15142 2.11717 2.09509
threshold=1.0000000180025095e-35 1.0000000180025095e-35 1.0000000180025095e-35 1.0000000180025095e-35 1.0000000180025095e-35 1.0000000180025095e-35 1.0000000180025095e-35 1.0000000180025095e-35 9.2908968925476092 3.4811772108078007 3.0266940593719487 1.0000000180025095e-35 1.0000000180025095e-35 1.0000000180025095e-35 1.0000000180025095e-35 1.0000000180025095e-35 1.0000000180025095e-35 1.0000000180025095e-35 1.0000000180025095e-35 1.0000000180025095e-35 1.0000000180025095e-35 1.0000000180025095e-35 1.0000000180025095e-35 1.0000000180025095e-35 1.0000000180025095e-35 1.0000000180025095e-35 13.813826084136965 1.0000000180025095e-35 1.0000000180025095e-35 1.0000000180025095e-35
decision_type=2 2 2 2 2 2 2 2 2 2 2 2 2 2 2 2 2 2 2 2 2 2 2 2 2 2 2 2 2 2
left_child=1 2 -1 6 5 7 15 8 9 10 -5 12 13 -10 -15 16 17 22 19 20 25 24 27 -24 -21 -19 -27 -4 -2 -8
right_child=28 -3 3 4 -6 -7 29 -9 11 -11 -12 -13 -14 14 -16 -17 -18 18 -20 21 -22 -23 23 -25 -26 26 -28 -29 -30 -31
leaf_value=-0.078590608478669055 0.0089644199891825566 0.10363465047294163 -0.01794068559188786 -0.0468804041392639 0.14300356870079328 0.10122200247578211 -0.071174688925120036 0.06662101241130193 -0.022701887083328279 -0.082075328132425546 0.18076000415201632 -0.092153920094855554 0.069171881446886449 0.14196332671865308 -0.05362303794485495 0.084011723542078004 -0.059044234029160758 -0.13391048893874846 0.017850161765154745 0.022956055888610077 -0.0021631299041898859 0.11709722732724018 0.1437893994456115 0.016178451335429438 -0.038809558202310322 -0.11327627681764303 0.079012504871521699 0.03726647312559115 -0.075671897529426227 0.024845056614765368
leaf_weight=6.0684359576553097 211.40085712168366 2.7142762504518023 11.07464616186917 1.7786290533840685 1.7529612816870201 2.0447564870119086 7.980831506662069 2.9139744127169243 65.870109548792243 16.114967532455921 1.05486667715013 4.0145479515194884 3.0729662831872693 3.0375311505049458 3.2912133410573006 3.362952238880097 6.6186416149139395 6.1354883685708046 41.952578000724316 12.533433684147898 9.6831415016204119 2.9448399432003489 3.7237125840038052 2.7163091525435448 11.358586892485619 4.2669859379529953 2.0835704617202282 19.46670578699559 2.9974879752844563 3.176958367228508
leaf_count=44 1924 19 123 85 10 13 116 35 513 471 40 31 20 23 23 36 117 51 378 115 102 21 47 29 115 59 17 281 25 23
internal_value=-0.000420928 -0.00711213 -0.00826786 -0.00658792 -0.0186914 -0.0214381 0.00193249 -0.0239177 -0.0266034 -0.0641396 0.0378666 -0.0176327 -0.0136582 -0.0171837 0.0402502 0.00563506 0.00367624 0.00692092 -0.00242619 -0.0197842 -0.0523823 0.00714424 0.0299109 0.0899649 -0.00640815 -0.0913281 -0.0501878 0.0172477 0.00778113 -0.043835
internal_weight=477.207 262.809 260.094 254.026 104.947 103.194 149.079 101.149 98.2348 18.9485 2.8335 79.2864 75.2718 72.1989 6.32874 137.922 134.559 127.94 90.9586 49.006 22.1692 26.8369 36.9814 6.44002 23.892 12.486 6.35056 30.5414 214.398 11.1578
internal_count=4906 2957 2938 2894 1264 1254 1630 1241 1206 596 125 610 579 559 46 1491 1455 1338 858 480 229 251 480 76 230 127 76 404 1949 139
is_linear=0
shrinkage=0.1


Tree=44
num_leaves=31
num_cat=0
split_feature=9 266 88 176 16 46 22 1 139 61 63 28 0 16 113 10 11 6 11 0 1 0 35 82 26 55 62 81 6 68
split_gain=2.51542 4.13571 3.25177 2.92129 2.80495 2.90962 2.68526 2.98415 3.99183 3.34398 2.82392 3.38868 2.60979 3.98101 2.59093 2.51848 4.13324 2.45808 2.29119 4.06451 7.82079 5.17927 3.71693 5.27866 3.31985 3.40772 3.29722 4.11091 2.6798 2.51327
threshold=1.0000000180025095e-35 1.0000000180025095e-35 1.0000000180025095e-35 1.0000000180025095e-35 1.0000000180025095e-35 1.0000000180025095e-35 1.0000000180025095e-35 1.0000000180025095e-35 1.0000000180025095e-35 1.0000000180025095e-35 1.0000000180025095e-35 1.0000000180025095e-35 14.47091054916382 1.0000000180025095e-35 1.0000000180025095e-35 1.0000000180025095e-35 1.0000000180025095e-35 1.0000000180025095e-35 1.0000000180025095e-35 3.9219712018966679 -0.60651001334190358 12.581793308258058 1.0000000180025095e-35 1.0000000180025095e-35 1.0000000180025095e-35 1.0000000180025095e-35 1.0000000180025095e-35 1.0000000180025095e-35 1.0000000180025095e-35 1.0000000180025095e-35
decision_type=2 2 2 2 2 2 2 2 2 2 2 2 2 2 2 2 2 2 2 2 2 2 2 2 2 2 2 2 2 2
left_child=1 2 4 12 6 -6 7 8 14 -10 11 -9 -2 -14 -1 16 -8 -4 22 20 -20 -21 29 24 28 -26 -23 -28 -24 -7
right_child=3 -3 17 -5 5 18 15 10 9 -11 -12 -13 13 -15 -16 -17 -18 -19 19 21 -22 26 23 -25 25 -27 27 -29 -30 -31
leaf_value=-0.078276365722271188 0.0038578646018254006 -0.11852660750661344 0.10371631461765562 -0.064145693237961418 -0.087340781390494643 -0.0034091057115249444 0.01721612782519805 -0.12676919027960748 -0.10535856884178652 0.12202639325995644 -0.075276623100499845 -0.0057719701633306029 0.014232647701503405 0.084598630919659967 0.086465631682716232 -0.033979139500311277 0.24266166185937343 -0.018971209046910045 -0.032440372388658725 -0.014560819258942438 0.3029259170872951 -0.018547495945299853 0.024382893195284389 0.1640381782014835 0.11488421112135438 -0.0057341976887172047 0.10643476703415047 -0.0071855691437271848 -0.094663276873652419 -0.048390105417518217
leaf_weight=18.760724953375764 159.00780254695565 3.2742102779448023 4.6790229957550755 5.4892449118196955 3.4559425758197895 37.186505825258791 2.1369799971580496 2.3749167770147315 0.9292449895292515 2.1274931393563747 6.8685367591679087 91.16310153529048 32.69890808314085 10.66182781755924 1.0058402586728323 2.1966294534504414 1.3127964520826938 2.5085496976971626 1.3538638437166812 25.765859056264162 1.4296540841460217 4.9716067723929891 3.6377535536885306 2.6289482153952113 4.4556258749216795 4.9382300358265638 11.434866677969692 4.4134389217942962 3.9377660490572453 18.652233317494392
leaf_count=599 1545 36 35 57 55 407 41 18 28 38 61 773 232 134 28 53 22 36 35 228 18 32 29 22 39 39 76 33 29 128
internal_value=-0.000417364 -0.00682782 -0.0054442 0.00783558 -0.00729858 0.00317068 -0.017718 -0.0208078 -0.0534473 0.0529016 -0.0133885 -0.00884407 0.00978808 0.0315347 -0.0698933 0.0497159 0.103008 0.0608969 0.00567699 0.0224255 0.139808 0.0154118 -0.00528397 0.0321838 0.0117566 0.0514767 0.0525047 0.0747938 -0.0374975 -0.0184344
internal_weight=475.458 267.6 264.326 207.858 257.139 128.262 128.876 123.23 22.8233 3.05674 100.407 93.538 202.369 43.3607 19.7666 5.64641 3.44978 7.18757 124.806 49.3693 2.78352 46.5858 75.4371 19.5983 16.9694 9.39386 20.8199 15.8483 7.57552 55.8387
internal_count=4906 2938 2902 1968 2831 1170 1661 1545 693 66 852 791 1911 366 627 116 63 71 1115 422 53 369 693 158 136 78 141 109 58 535
is_linear=0
shrinkage=0.1


end of trees

feature_importances:
Column_0=193
Column_16=112
Column_9=100
Column_15=100
Column_1=83
Column_11=74
Column_8=70
Column_10=59
Column_6=37
Column_26=31
Column_12=30
Column_13=23
Column_14=21
Column_7=18
Column_67=17
Column_61=16
Column_81=15
Column_5=13
Column_68=11
Column_79=11
Column_139=11
Column_83=10
Column_97=10
Column_44=9
Column_62=9
Column_129=9
Column_21=8
Column_34=8
Column_55=8
Column_71=8
Column_108=8
Column_28=7
Column_52=7
Column_54=7
Column_99=7
Column_47=6
Column_80=6
Column_82=6
Column_100=6
Column_126=6
Column_140=6
Column_39=5
Column_53=5
Column_74=5
Column_96=5
Column_193=5
Column_206=5
Column_42=4
Column_65=4
Column_94=4
Column_167=4
Column_209=4
Column_312=4
Column_22=3
Column_23=3
Column_64=3
Column_70=3
Column_73=3
Column_85=3
Column_86=3
Column_95=3
Column_102=3
Column_104=3
Column_105=3
Column_113=3
Column_262=3
Column_282=3
Column_33=2
Column_35=2
Column_51=2
Column_58=2
Column_63=2
Column_69=2
Column_72=2
Column_76=2
Column_84=2
Column_87=2
Column_88=2
Column_93=2
Column_151=2
Column_176=2
Column_177=2
Column_266=2
Column_17=1
Column_25=1
Column_32=1
Column_36=1
Column_41=1
Column_46=1
Column_50=1
Column_57=1
Column_59=1
Column_60=1
Column_77=1
Column_78=1
Column_91=1
Column_101=1
Column_114=1
Column_118=1
Column_127=1
Column_133=1
Column_137=1
Column_154=1
Column_168=1
Column_178=1
Column_188=1
Column_196=1
Column_226=1
Column_291=1

parameters:
[boosting: gbdt]
[objective: binary]
[metric: binary_logloss]
[tree_learner: serial]
[device_type: cpu]
[data_sample_strategy: bagging]
[data: ]
[valid: ]
[num_iterations: 300]
[learning_rate: 0.1]
[num_leaves: 31]
[num_threads: 0]
[seed: 0]
[deterministic: 0]
[force_col_wise: 0]
[force_row_wise: 0]
[histogram_pool_size: -1]
[max_depth: -1]
[min_data_in_leaf: 20]
[min_sum_hessian_in_leaf: 0.001]
[bagging_fraction: 1]
[pos_bagging_fraction: 1]
[neg_bagging_fraction: 1]
[bagging_freq: 0]
[bagging_seed: 7719]
[bagging_by_query: 0]
[feature_fraction: 1]
[feature_fraction_bynode: 1]
[feature_fraction_seed: 2437]
[extra_trees: 0]
[extra_seed: 11797]
[early_stopping_round: 0]
[early_stopping_min_delta: 0]
[first_metric_only: 0]
[max_delta_step: 0]
[lambda_l1: 0]
[lambda_l2: 0]
[linear_lambda: 0]
[min_gain_to_split: 0]
[drop_rate: 0.1]
[max_drop: 50]
[skip_drop: 0.5]
[xgboost_dart_mode: 0]
[uniform_drop: 0]
[drop_seed: 21238]
[top_rate: 0.2]
[other_rate: 0.1]
[min_data_per_group: 100]
[max_cat_threshold: 32]
[cat_l2: 10]
[cat_smooth: 10]
[max_cat_to_onehot: 4]
[top_k: 20]
[monotone_constraints: ]
[monotone_constraints_method: basic]
[monotone_penalty: 0]
[feature_contri: ]
[forcedsplits_filename: ]
[refit_decay_rate: 0.9]
[cegb_tradeoff: 1]
[cegb_penalty_split: 0]
[cegb_penalty_feature_lazy: ]
[cegb_penalty_feature_coupled: ]
[path_smooth: 0]
[interaction_constraints: ]
[verbosity: -1]
[saved_feature_importance_type: 0]
[use_quantized_grad: 0]
[num_grad_quant_bins: 4]
[quant_train_renew_leaf: 0]
[stochastic_rounding: 1]
[linear_tree: 0]
[max_bin: 255]
[max_bin_by_feature: ]
[min_data_in_bin: 3]
[bin_construct_sample_cnt: 200000]
[data_random_seed: 38]
[is_enable_sparse: 1]
[enable_bundle: 1]
[use_missing: 1]
[zero_as_missing: 0]
[feature_pre_filter: 1]
[pre_partition: 0]
[two_round: 0]
[header: 0]
[label_column: ]
[weight_column: ]
[group_column: ]
[ignore_column: ]
[categorical_feature: ]
[forcedbins_filename: ]
[precise_float_parser: 0]
[parser_config_file: ]
[objective_seed: 8855]
[num_class: 1]
[is_unbalance: 0]
[scale_pos_weight: 1]
[sigmoid: 1]
[boost_from_average: 1]
[reg_sqrt: 0]
[alpha: 0.9]
[fair_c: 1]
[poisson_max_delta_step: 0.7]
[tweedie_variance_power: 1.5]
[lambdarank_truncation_level: 30]
[lambdarank_norm: 1]
[label_gain: ]
[lambdarank_position_bias_regularization: 0]
[eval_at: ]
[multi_error_top_k: 1]
[auc_mu_weights: ]
[num_machines: 1]
[local_listen_port: 12400]
[time_out: 120]
[machine_list_filename: ]
[machines: ]
[gpu_platform_id: -1]
[gpu_device_id: -1]
[gpu_device_id_list: ]
[gpu_use_dp: 0]
[num_gpu: 1]

end of parameters

pandas_categorical:null
