tree
version=v4
num_class=1
num_tree_per_iteration=1
label_index=0
max_feature_idx=567
objective=binary sigmoid:1
feature_names=Column_0 Column_1 Column_2 Column_3 Column_4 Column_5 Column_6 Column_7 Column_8 Column_9 Column_10 Column_11 Column_12 Column_13 Column_14 Column_15 Column_16 Column_17 Column_18 Column_19 Column_20 Column_21 Column_22 Column_23 Column_24 Column_25 Column_26 Column_27 Column_28 Column_29 Column_30 Column_31 Column_32 Column_33 Column_34 Column_35 Column_36 Column_37 Column_38 Column_39 Column_40 Column_41 Column_42 Column_43 Column_44 Column_45 Column_46 Column_47 Column_48 Column_49 Column_50 Column_51 Column_52 Column_53 Column_54 Column_55 Column_56 Column_57 Column_58 Column_59 Column_60 Column_61 Column_62 Column_63 Column_64 Column_65 Column_66 Column_67 Column_68 Column_69 Column_70 Column_71 Column_72 Column_73 Column_74 Column_75 Column_76 Column_77 Column_78 Column_79 Column_80 Column_81 Column_82 Column_83 Column_84 Column_85 Column_86 Column_87 Column_88 Column_89 Column_90 Column_91 Column_92 Column_93 Column_94 Column_95 Column_96 Column_97 Column_98 Column_99 Column_100 Column_101 Column_102 Column_103 Column_104 Column_105 Column_106 Column_107 Column_108 Column_109 Column_110 Column_111 Column_112 Column_113 Column_114 Column_115 Column_116 Column_117 Column_118 Column_119 Column_120 Column_121 Column_122 Column_123 Column_124 Column_125 Column_126 Column_127 Column_128 Column_129 Column_130 Column_131 Column_132 Column_133 Column_134 Column_135 Column_136 Column_137 Column_138 Column_139 Column_140 Column_141 Column_142 Column_143 Column_144 Column_145 Column_146 Column_147 Column_148 Column_149 Column_150 Column_151 Column_152 Column_153 Column_154 Column_155 Column_156 Column_157 Column_158 Column_159 Column_160 Column_161 Column_162 Column_163 Column_164 Column_165 Column_166 Column_167 Column_168 Column_169 Column_170 Column_171 Column_172 Column_173 Column_174 Column_175 Column_176 Column_177 Column_178 Column_179 Column_180 Column_181 Column_182 Column_183 Column_184 Column_185 Column_186 Column_187 Column_188 Column_189 Column_190 Column_191 Column_192 Column_193 Column_194 Column_195 Column_196 Column_197 Column_198 Column_199 Column_200 Column_201 Column_202 Column_203 Column_204 Column_205 Column_206 Column_207 Column_208 Column_209 Column_210 Column_211 Column_212 Column_213 Column_214 Column_215 Column_216 Column_217 Column_218 Column_219 Column_220 Column_221 Column_222 Column_223 Column_224 Column_225 Column_226 Column_227 Column_228 Column_229 Column_230 Column_231 Column_232 Column_233 Column_234 Column_235 Column_236 Column_237 Column_238 Column_239 Column_240 Column_241 Column_242 Column_243 Column_244 Column_245 Column_246 Column_247 Column_248 Column_249 Column_250 Column_251 Column_252 Column_253 Column_254 Column_255 Column_256 Column_257 Column_258 Column_259 Column_260 Column_261 Column_262 Column_263 Column_264 Column_265 Column_266 Column_267 Column_268 Column_269 Column_270 Column_271 Column_272 Column_273 Column_274 Column_275 Column_276 Column_277 Column_278 Column_279 Column_280 Column_281 Column_282 Column_283 Column_284 Column_285 Column_286 Column_287 Column_288 Column_289 Column_290 Column_291 Column_292 Column_293 Column_294 Column_295 Column_296 Column_297 Column_298 Column_299 Column_300 Column_301 Column_302 Column_303 Column_304 Column_305 Column_306 Column_307 Column_308 Column_309 Column_310 Column_311 Column_312 Column_313 Column_314 Column_315 Column_316 Column_317 Column_318 Column_319 Column_320 Column_321 Column_322 Column_323 Column_324 Column_325 Column_326 Column_327 Column_328 Column_329 Column_330 Column_331 Column_332 Column_333 Column_334 Column_335 Column_336 Column_337 Column_338 Column_339 Column_340 Column_341 Column_342 Column_343 Column_344 Column_345 Column_346 Column_347 Column_348 Column_349 Column_350 Column_351 Column_352 Column_353 Column_354 Column_355 Column_356 Column_357 Column_358 Column_359 Column_360 Column_361 Column_362 Column_363 Column_364 Column_365 Column_366 Column_367 Column_368 Column_369 Column_370 Column_371 Column_372 Column_373 Column_374 Column_375 Column_376 Column_377 Column_378 Column_379 Column_380 Column_381 Column_382 Column_383 Column_384 Column_385 Column_386 Column_387 Column_388 Column_389 Column_390 Column_391 Column_392 Column_393 Column_394 Column_395 Column_396 Column_397 Column_398 Column_399 Column_400 Column_401 Column_402 Column_403 Column_404 Column_405 Column_406 Column_407 Column_408 Column_409 Column_410 Column_411 Column_412 Column_413 Column_414 Column_415 Column_416 Column_417 Column_418 Column_419 Column_420 Column_421 Column_422 Column_423 Column_424 Column_425 Column_426 Column_427 Column_428 Column_429 Column_430 Column_431 Column_432 Column_433 Column_434 Column_435 Column_436 Column_437 Column_438 Column_439 Column_440 Column_441 Column_442 Column_443 Column_444 Column_445 Column_446 Column_447 Column_448 Column_449 Column_450 Column_451 Column_452 Column_453 Column_454 Column_455 Column_456 Column_457 Column_458 Column_459 Column_460 Column_461 Column_462 Column_463 Column_464 Column_465 Column_466 Column_467 Column_468 Column_469 Column_470 Column_471 Column_472 Column_473 Column_474 Column_475 Column_476 Column_477 Column_478 Column_479 Column_480 Column_481 Column_482 Column_483 Column_484 Column_485 Column_486 Column_487 Column_488 Column_489 Column_490 Column_491 Column_492 Column_493 Column_494 Column_495 Column_496 Column_497 Column_498 Column_499 Column_500 Column_501 Column_502 Column_503 Column_504 Column_505 Column_506 Column_507 Column_508 Column_509 Column_510 Column_511 Column_512 Column_513 Column_514 Column_515 Column_516 Column_517 Column_518 Column_519 Column_520 Column_521 Column_522 Column_523 Column_524 Column_525 Column_526 Column_527 Column_528 Column_529 Column_530 Column_531 Column_532 Column_533 Column_534 Column_535 Column_536 Column_537 Column_538 Column_539 Column_540 Column_541 Column_542 Column_543 Column_544 Column_545 Column_546 Column_547 Column_548 Column_549 Column_550 Column_551 Column_552 Column_553 Column_554 Column_555 Column_556 Column_557 Column_558 Column_559 Column_560 Column_561 Column_562 Column_563 Column_564 Column_565 Column_566 Column_567
feature_infos=[2.0013689994812012:17.993154525756836] [-0.7776256799697876:0.99923950433731079] none none none [0:1] [0:1] [0:1] [0:1] [0:1] [0:1] [0:1] [0:1] [0:1] [0:1] [0:1] [0:1] [0:1] [0:1] [0:1] [0:1] [0:1] [0:1] [0:1] [0:1] [0:1] [0:1] [0:1] [0:1] [0:1] [0:1] [0:1] [0:1] [0:1] [0:1] [0:1] [0:1] [0:1] [0:1] [0:1] [0:1] [0:1] [0:1] [0:1] [0:1] [0:1] [0:1] [0:1] [0:1] [0:1] [0:1] [0:1] [0:1] [0:1] [0:1] [0:1] [0:1] [0:1] [0:1] [0:1] [0:1] [0:1] [0:1] [0:1] [0:1] [0:1] [0:1] [0:1] [0:1] [0:1] [0:1] [0:1] [0:1] [0:1] [0:1] [0:1] [0:1] [0:1] [0:1] [0:1] [0:1] [0:1] [0:1] [0:1] [0:1] [0:1] [0:1] [0:1] [0:1] [0:1] [0:1] [0:1] [0:1] [0:1] [0:1] [0:1] [0:1] [0:1] [0:1] [0:1] [0:1] [0:1] [0:1] [0:1] [0:1] [0:1] [0:1] [0:1] [0:1] none none none none [0:1] [0:1] none [0:1] none [0:1] none none [0:1] none none none none [0:1] [0:1] [0:1] [0:1] [0:1] none [0:1] [0:1] [0:1] [0:1] none [0:1] [0:1] [0:1] [0:1] [0:1] [0:1] [0:1] [0:1] [0:1] [0:1] [0:1] [0:1] [0:1] [0:1] [0:1] [0:1] [0:1] [0:1] [0:1] [0:1] none none none none none none none none none none [0:1] [0:1] none none none none none [0:1] [0:1] [0:1] [0:1] [0:1] [0:1] [0:1] [0:1] [0:1] [0:1] [0:1] [0:1] [0:1] [0:1] [0:1] [0:1] [0:1] [0:1] [0:1] [0:1] [0:1] [0:1] [0:1] [0:1] [0:1] [0:1] [0:1] [0:1] none none [0:1] [0:1] [0:1] none [0:1] [0:1] [0:1] [0:1] [0:1] none [0:1] none none [0:1] none [0:1] [0:1] [0:1] [0:1] [0:1] [0:1] [0:1] [0:1] [0:1] [0:1] [0:1] [0:1] [0:1] [0:1] [0:1] [0:1] [0:1] [0:1] [0:1] [0:1] [0:1] [0:1] [0:1] [0:1] [0:1] none none none none none none none none none none none none none none none none none [0:1] [0:1] [0:1] [0:1] [0:1] [0:1] [0:1] [0:1] [0:1] [0:1] none [0:1] [0:1] [0:1] [0:1] none [0:1] [0:1] none none none [0:1] [0:1] none none none none none [0:1] [0:1] [0:1] [0:1] [0:1] [0:1] [0:1] none none none [0:1] none [0:1] [0:1] [0:1] none [0:1] [0:1] [0:1] [0:1] none none [0:1] [0:1] none none none none [0:1] [0:1] none none none [0:1] none none [0:1] [0:1] none none [0:1] [0:1] none none none none none none none none none none none none none none none none none none none none none none none none none none none none none none none none none none none none none none none none none none none none none none none none none none none none none none none none none none none none none none none none none none none none none none none none none none none none none none none none none none none none none none none none none none none none none none none none none none none none none none none none none none none none none none none none none none none none none none none none none none none none none none none none none none none none none none none none none none none none none none none none none none none none none none none none none none none none none none none none none none none none none none none none none none none none none none none none none none none none none none none none none none none none none none none none none none none none none none none none none none none none none none none none none none none none none none none none none none none none none none none none none none none none none none none none none none none none none
tree_sizes=3397 3459 3452 3471 3471 3451 3491 3469 3485 3489 3481 3477 3480 3474 3489 3479 3492 3492 3450 3483 3481 3507 3485 3470 3511 3489 3469 3491 3498 3505 3491 3501 3518 3509 3469 3497 3492 3494

Tree=0
num_leaves=31
num_cat=0
split_feature=11 16 1 0 16 0 7 14 14 9 9 8 7 0 14 0 9 6 0 9 14 7 61 13 10 53 5 15 1 95
split_gain=216.383 158.652 109.9 27.3686 25.0536 23.1208 22.922 21.6639 21.1459 18.7685 18.557 17.7016 14.495 14.3432 14.1393 11.7878 10.1441 10.6899 10.0117 9.64426 9.53842 9.20841 9.10664 10.5894 8.603 8.30168 8.03269 7.93792 7.70596 7.63199
threshold=1.0000000180025095e-35 1.0000000180025095e-35 -0.052095215767621987 10.709103107452394 1.0000000180025095e-35 13.419575691223146 1.0000000180025095e-35 1.0000000180025095e-35 1.0000000180025095e-35 1.0000000180025095e-35 1.0000000180025095e-35 1.0000000180025095e-35 1.0000000180025095e-35 16.495551109313968 1.0000000180025095e-35 13.289527893066408 1.0000000180025095e-35 1.0000000180025095e-35 11.43189573287964 1.0000000180025095e-35 1.0000000180025095e-35 1.0000000180025095e-35 1.0000000180025095e-35 1.0000000180025095e-35 1.0000000180025095e-35 1.0000000180025095e-35 1.0000000180025095e-35 1.0000000180025095e-35 0.9397673010826112 1.0000000180025095e-35
decision_type=2 2 2 2 2 2 2 2 2 2 2 2 2 2 2 2 2 2 2 2 2 2 2 2 2 2 2 2 2 2
left_child=1 2 8 14 5 9 7 13 21 -2 20 19 -7 -4 -3 29 17 24 -13 -8 -5 22 -1 -24 -10 -20 -16 -22 -15 -9
right_child=4 3 6 10 -6 12 11 15 16 -11 -12 18 -14 28 26 -17 -18 -19 25 -21 27 -23 23 -25 -26 -27 -28 -29 -30 -31
leaf_value=-1.1604017459389935 -1.1667172111192847 -1.1611283006705941 -1.0492386113566512 -1.1356550412445596 -1.1780273757642594 -1.1119202018087428 -0.90309447087156136 -1.0079343009679707 -1.0689008053313247 -1.0999884948767613 -1.0098082277524538 -1.0483838623959407 -1.0144671208253389 -0.80867858188400588 -1.1250204779763309 -0.88736505423867418 -0.97609976610746318 -1.1209599248959301 -0.8544526826196106 -0.80790223365071157 -1.1001542130285944 -1.06299845898602 -0.94248996337460411 -1.1542777614172774 -0.94289724760160931 -0.97112944970082926 -1.0476274774029313 -0.98009310302707875 -1.0060263027874061 -0.86483443742562383
leaf_weight=31.35213765501976 113.50984777510166 82.913183316588402 42.117630705237389 32.863084048032761 130.69686299562454 36.829318329691887 27.008166775107384 20.964381203055385 12.087571144104004 67.048246189951897 37.018186628818512 9.4434149563312513 26.063825279474258 4.1551025807857505 36.640450030565262 26.630430176854134 26.063825279474258 15.487200528383253 9.6322832554578799 17.564751818776131 13.598517537117004 32.296479150652885 4.7217074781656247 4.7217074781656265 9.8211515545845032 16.620410323143005 21.153249502182007 9.254546657204628 3.7773659825325012 4.5328391790390006
leaf_count=166 601 439 223 174 692 195 143 111 64 355 196 50 138 22 194 141 138 82 51 93 72 171 25 25 52 88 112 49 20 24
internal_value=-1.08399 -1.04422 -0.998377 -1.10687 -1.14271 -1.12375 -0.947598 -0.979015 -1.06622 -1.14194 -1.06469 -0.907607 -1.07153 -1.02601 -1.13466 -0.933896 -1.02399 -1.05737 -0.960083 -0.865582 -1.10115 -1.10289 -1.13447 -1.04838 -1.01242 -0.92832 -1.09669 -1.05153 -0.902654 -0.982494
internal_weight=926.588 552.44 318.999 233.441 374.148 243.451 182.447 102.178 136.552 180.558 92.7343 80.269 62.8931 50.0501 140.707 52.1277 63.4597 37.3959 35.6961 44.5729 55.7161 73.092 40.7956 9.44341 21.9087 26.2527 57.7937 22.8531 7.93247 25.4972
internal_count=4906 2925 1689 1236 1981 1289 966 541 723 956 491 425 333 265 745 276 336 198 189 236 295 387 216 50 116 139 306 121 42 135
is_linear=0
shrinkage=1


Tree=1
num_leaves=31
num_cat=0
split_feature=11 16 1 0 16 0 9 9 14 7 9 6 55 9 14 7 0 0 5 14 67 95 14 26 14 12 40 0 7 67
split_gain=176.592 121.723 79.7091 22.7881 22.4957 19.5842 18.4053 16.552 15.246 14.8509 14.4746 14.4015 14.7802 12.3556 12.3446 11.4173 10.4175 10.0004 8.17194 8.06736 8.01978 7.98161 7.86335 7.79459 7.72831 7.44724 7.44376 7.19674 6.67514 8.75546
threshold=1.0000000180025095e-35 1.0000000180025095e-35 0.074758537113666548 10.709103107452394 1.0000000180025095e-35 13.419575691223146 1.0000000180025095e-35 1.0000000180025095e-35 1.0000000180025095e-35 1.0000000180025095e-35 1.0000000180025095e-35 1.0000000180025095e-35 1.0000000180025095e-35 1.0000000180025095e-35 1.0000000180025095e-35 1.0000000180025095e-35 5.3018479347229013 16.735113143920902 1.0000000180025095e-35 1.0000000180025095e-35 1.0000000180025095e-35 1.0000000180025095e-35 1.0000000180025095e-35 1.0000000180025095e-35 1.0000000180025095e-35 1.0000000180025095e-35 1.0000000180025095e-35 13.351129055023195 1.0000000180025095e-35 1.0000000180025095e-35
decision_type=2 2 2 2 2 2 2 2 2 2 2 2 2 2 2 2 2 2 2 2 2 2 2 2 2 2 2 2 2 2
left_child=1 2 6 14 5 7 11 24 9 17 22 -1 -13 18 -3 -7 19 21 26 20 -8 25 -5 -14 -2 -4 -11 -10 -12 -30
right_child=4 3 8 10 -6 15 16 -9 27 13 28 12 23 -15 -16 -17 -18 -19 -20 -21 -22 -23 -24 -25 -26 -27 -28 -29 29 -31
leaf_value=0.031579523668976567 -0.1000242686404107 -0.072358058784256052 0.061387631427702705 -0.047793897027943427 -0.089039417639897811 -0.025510322784531626 0.081181478663812409 -0.014520303468514665 0.11747493360825706 -0.0066042698005996355 0.032509744367466266 -0.11271092710530205 -0.048787445192277942 0.19347609683055966 -0.011545574088675764 0.06039689875869747 0.10152951184330011 0.15975543662838113 0.14541907014581168 0.076133866154461105 -0.06059047755492683 0.13156148672687346 0.028649230903339918 0.065872945479531084 -0.045826888401429011 -0.034295018010813194 0.15221080962130443 0.17771786319770497 0.050499046147229998 0.20968929206424539
leaf_weight=44.89328221976757 64.27874967455864 79.721544995903969 15.773127332329748 32.018113195896149 124.55347770452499 36.318819969892502 5.5988847017288217 66.516689360141754 34.780656203627586 10.536396786570547 24.269167542457581 19.886879399418831 12.873564183712006 19.358706057071686 57.424822151660919 26.950550436973572 32.76998245716095 7.3325083255767813 13.662843525409698 15.901846885681151 13.886099547147751 6.7445287257432929 23.211849421262741 10.990253910422325 44.542457520961761 16.796929240226746 4.0995707809925088 46.131942972540855 8.0244828164577466 6.0672918856143943
leaf_count=233 355 439 82 174 692 195 30 355 174 52 124 107 68 93 306 138 168 36 67 80 75 35 121 58 246 87 20 224 41 31
internal_value=-0.000227574 0.0348548 0.0736257 -0.0209342 -0.0545914 -0.0366095 0.0218308 -0.0538191 0.119977 0.0926535 0.0171084 -0.00821114 -0.049041 0.131914 -0.0468951 0.0110832 0.0609029 0.0525424 0.0898007 0.0232807 -0.0198532 0.0325463 -0.0156667 0.0040183 -0.0778403 0.0120425 0.0378802 0.151822 0.0642961 0.119039
internal_weight=925.916 562.755 332.018 230.737 363.161 238.607 156.801 175.338 175.217 94.3046 93.5909 88.644 43.7507 47.6575 137.146 63.2694 68.1568 46.6471 28.2988 35.3868 19.485 39.3146 55.23 23.8638 108.821 32.5701 14.636 80.9126 38.3609 14.0918
internal_count=4906 2925 1689 1236 1981 1289 819 956 870 472 491 466 233 232 745 333 353 240 139 185 105 204 295 126 601 169 72 398 196 72
is_linear=0
shrinkage=0.1


Tree=2
num_leaves=31
num_cat=0
split_feature=11 16 1 14 14 0 9 9 7 16 0 14 0 0 5 14 21 13 55 42 7 7 0 0 129 0 95 5 54 0
split_gain=144.757 94.7469 60.0415 20.5415 19.5397 14.3025 13.8301 12.3494 14.3397 12.1679 12.0699 11.0071 10.6718 8.8998 9.15974 8.77569 8.32041 9.68607 15.5705 11.7614 8.56926 8.15008 7.75742 7.86976 7.75495 7.72121 7.46578 8.50207 7.31799 8.89848
threshold=1.0000000180025095e-35 1.0000000180025095e-35 -0.10076811909675597 1.0000000180025095e-35 1.0000000180025095e-35 13.289527893066408 1.0000000180025095e-35 1.0000000180025095e-35 1.0000000180025095e-35 1.0000000180025095e-35 13.550992488861086 1.0000000180025095e-35 11.108829498291017 11.23477077484131 1.0000000180025095e-35 1.0000000180025095e-35 1.0000000180025095e-35 1.0000000180025095e-35 1.0000000180025095e-35 1.0000000180025095e-35 1.0000000180025095e-35 1.0000000180025095e-35 13.813826084136965 15.798768043518068 1.0000000180025095e-35 13.474332809448244 1.0000000180025095e-35 1.0000000180025095e-35 1.0000000180025095e-35 10.260096073150637
decision_type=2 2 2 2 2 2 2 2 2 2 2 2 2 2 2 2 2 2 2 2 2 2 2 2 2 2 2 2 2 2
left_child=1 2 11 7 5 -3 10 25 -9 13 16 24 -6 -5 -15 -12 17 18 -4 -19 -21 26 -16 -24 -1 -2 -8 -28 -10 -30
right_child=3 4 6 9 12 -7 21 8 28 -11 15 -13 -14 14 22 -17 -18 19 -20 20 -22 -23 23 -25 -26 -27 27 -29 29 -31
leaf_value=0.027713807296352411 -0.10280179559597998 -0.064006144914843743 -0.04964841225420713 -0.026118790041545516 -0.010922178335308298 0.0097924380971683503 0.084518452307528913 -0.073457355432233765 -0.037565156486599999 -0.065857106556633363 0.067731999415274455 0.041574915421209925 0.057952005946275857 -0.0035544276759891832 0.015181722161516765 0.14653749995044918 0.12149217605130432 -0.079463584292608441 0.11842309022110947 -0.0035399653918166047 0.17444406386734612 0.16301890287846493 0.25980377522414838 0.071204533218766367 -0.041812235518371224 -0.050125855424592948 0.27042584810437414 0.077036535710687165 0.14489055308847454 -0.0011804756432308447
leaf_weight=25.255676046013832 98.461533471941948 96.67440889775753 7.7206365615129497 54.395519241690636 58.87967249751091 36.055539533495903 43.720238879323006 48.644062727689743 15.810116067528723 40.122909843921661 27.141303211450577 61.936792612075806 36.408107906579971 23.121696561574936 6.8437172174453726 29.478544801473618 11.772099286317824 13.556206673383713 19.268871128559113 8.0829243063926679 4.065763771533967 36.800560668110847 4.0466458946466428 4.8813598453998566 43.979920044541359 38.788975223898888 5.0675199478864652 4.1228441298007965 6.879220902919772 10.591600373387335
leaf_count=133 574 545 38 302 315 191 212 270 86 234 131 314 185 124 38 134 57 68 94 40 19 167 21 26 238 211 24 20 38 57
internal_value=-0.000380472 0.030774 0.064066 -0.0507443 -0.0191558 -0.0439591 0.0971197 -0.0695757 -0.0388519 -0.0198071 0.0750724 0.0109478 0.0153937 -1.30028e-06 0.0365261 0.108761 0.0454839 0.0285034 0.0703444 -0.0154286 0.0560254 0.126878 0.095285 0.156688 -0.0164506 -0.0879148 0.101741 0.18367 0.0117281 0.0563357
internal_weight=922.575 569.988 341.97 352.587 228.018 132.73 210.798 219.176 81.925 133.412 121.086 131.172 95.2878 93.2889 38.8934 56.6198 64.4665 52.6944 26.9895 25.7049 12.1487 89.7112 15.7717 8.92801 69.2356 137.251 52.9106 9.19036 33.2809 17.4708
internal_count=4906 2925 1689 1981 1236 736 1004 1236 451 745 581 685 500 511 209 265 316 259 132 127 59 423 85 47 371 785 256 44 181 95
is_linear=0
shrinkage=0.1


Tree=3
num_leaves=31
num_cat=0
split_feature=11 16 0 16 7 14 0 9 14 0 9 6 55 14 0 5 0 9 5 7 56 12 9 12 9 0 15 1 9 5
split_gain=119.1 74.4837 46.1162 19.2089 16.5007 16.2769 12.2622 11.3026 10.9702 10.4455 9.5332 11.2088 12.0557 9.49947 8.38566 8.12111 8.82724 7.09877 6.94736 6.67257 6.56656 6.36329 5.87729 5.86238 5.85293 5.82783 5.82744 5.85108 8.39751 6.1459
threshold=1.0000000180025095e-35 1.0000000180025095e-35 9.2238192558288592 1.0000000180025095e-35 1.0000000180025095e-35 1.0000000180025095e-35 13.289527893066408 1.0000000180025095e-35 1.0000000180025095e-35 13.474332809448244 1.0000000180025095e-35 1.0000000180025095e-35 1.0000000180025095e-35 1.0000000180025095e-35 11.108829498291017 1.0000000180025095e-35 15.368925571441652 1.0000000180025095e-35 1.0000000180025095e-35 1.0000000180025095e-35 1.0000000180025095e-35 1.0000000180025095e-35 1.0000000180025095e-35 1.0000000180025095e-35 1.0000000180025095e-35 13.550992488861086 1.0000000180025095e-35 0.082515783607959761 1.0000000180025095e-35 1.0000000180025095e-35
decision_type=2 2 2 2 2 2 2 2 2 2 2 2 2 2 2 2 2 2 2 2 2 2 2 2 2 2 2 2 2 2
left_child=1 2 10 4 8 6 -3 13 -2 24 11 21 -13 15 18 16 20 -8 19 -7 -4 -1 -16 -22 -6 -15 27 -10 29 -29
right_child=3 5 7 -5 9 14 17 -9 26 -11 -12 12 -14 25 22 -17 -18 -19 -20 -21 23 -23 -24 -25 -26 -27 -28 28 -30 -31
leaf_value=0.066985421647535848 -0.076441273785982755 -0.059775953183465083 -0.12309643957524299 -0.080689890924859065 -0.043267512401320068 -0.068232516449546823 -0.031049003345553751 0.11592573777250861 -0.039231142811102175 0.054252789030607665 0.042686019830567752 -0.1068323667501081 0.0031628668516302562 0.062333719315914804 0.020056487661415216 0.074733189179378781 0.10032434415342291 0.057979551849543412 0.034698857119574981 0.020839265226775688 0.060901223482495187 -0.0093721929831496516 0.10199845222613635 -0.066325181390707214 0.019785285277056707 0.12562733888478675 -0.062581368610395968 -0.082776105967115765 0.116389042422154 0.057007268539934021
leaf_weight=21.001803949475288 79.306641474366188 93.342455387115479 5.8593930751085326 113.99571399390697 39.341117277741432 23.605330646038055 20.025150820612907 83.647965729236603 17.528993487358093 27.463481694459915 67.521421581506729 17.952857807278633 22.392813920974731 27.517973095178604 23.372087001800537 29.142115950584412 6.4714977741241446 16.202971175312996 21.885926336050034 13.065388366580008 7.856484442949295 22.721098586916924 13.99413840472698 6.7192749232053757 23.525426924228668 30.863615274429321 20.495689049363136 6.2724028676748276 8.4106998592615128 6.3092709481716156
leaf_count=106 465 545 29 692 235 129 111 377 98 137 338 103 117 130 117 138 30 80 115 71 38 116 68 33 126 134 114 35 45 34
internal_value=-0.000485811 0.0273183 0.0562167 -0.047157 -0.0304391 -0.017494 -0.0406107 0.0879866 -0.0521476 0.00280345 0.0147039 -0.00777047 -0.0457824 0.0675632 0.0137317 0.0381574 -0.00145723 0.00876888 -0.0098872 -0.0364972 -0.0336899 0.0273053 0.0507448 0.00225116 -0.0196724 0.0957941 -0.019502 0.00341888 0.0390324 -0.0126796
internal_weight=917.811 575.162 349.668 342.649 228.654 225.493 129.571 198.078 138.324 90.33 151.59 84.0686 40.3457 114.43 95.9229 56.0488 26.9067 36.2281 58.5566 36.6707 20.4352 43.7229 37.3662 14.5758 62.8665 58.3816 59.0171 38.5214 20.9924 12.5817
internal_count=4906 2925 1689 1981 1289 1236 736 909 791 498 780 442 220 532 500 268 130 191 315 200 100 222 185 71 361 264 326 212 114 69
is_linear=0
shrinkage=0.1


Tree=4
num_leaves=31
num_cat=0
split_feature=11 16 1 14 9 9 14 0 7 7 14 98 8 16 14 15 0 10 0 7 61 13 67 0 68 9 0 67 22 95
split_gain=98.1211 59.0115 35.84 17.1977 14.6274 11.2102 11.0048 10.9606 10.6993 9.91529 11.1429 9.89759 9.61497 8.7385 8.2849 7.8649 7.32209 7.15399 7.05243 6.6013 6.4927 8.00978 6.10335 10.4239 6.05022 9.6735 5.91486 5.90193 5.81722 5.64969
threshold=1.0000000180025095e-35 1.0000000180025095e-35 -0.10076811909675597 1.0000000180025095e-35 1.0000000180025095e-35 1.0000000180025095e-35 1.0000000180025095e-35 9.5071868896484393 1.0000000180025095e-35 1.0000000180025095e-35 1.0000000180025095e-35 1.0000000180025095e-35 1.0000000180025095e-35 1.0000000180025095e-35 1.0000000180025095e-35 1.0000000180025095e-35 16.495551109313968 1.0000000180025095e-35 13.474332809448244 1.0000000180025095e-35 1.0000000180025095e-35 1.0000000180025095e-35 1.0000000180025095e-35 8.1492128372192401 1.0000000180025095e-35 1.0000000180025095e-35 13.726214885711672 1.0000000180025095e-35 1.0000000180025095e-35 1.0000000180025095e-35
decision_type=2 2 2 2 2 2 2 2 2 2 2 2 2 2 2 2 2 2 2 2 2 2 2 2 2 2 2 2 2 2
left_child=1 2 14 5 6 18 -3 -6 -7 10 16 26 -11 17 19 -8 -4 -5 -2 20 -1 -22 23 -10 25 -19 -9 -16 -21 -12
right_child=3 4 9 13 7 8 15 11 22 12 29 -13 -14 -15 27 -17 -18 24 -20 28 21 -23 -24 -25 -26 -27 -28 -29 -30 -31
leaf_value=-0.067436993104548357 -0.095602996491857467 -0.063026984911155604 0.0071032174438387056 -0.019882629386915662 -0.020946598084149139 -0.064076154781424116 -0.035868133800732178 -0.017210594955069661 -0.078894209778871877 0.12425857713143361 0.071161792763927673 0.14718261465572705 0.061887853448983343 -0.05644114590550612 -0.0085813839233513066 0.038106578367508255 0.10254227318273859 -0.024864147284840821 -0.043604775467415813 -0.0010097529005960717 0.12374581035175579 -0.065245619418900849 -0.023812844253987143 0.11919070489339066 0.11719375896191148 0.10751060050912364 0.062011711803525355 0.056016685735272756 0.11492578954558255 0.15452541766636635
leaf_weight=28.445268213748932 88.919019594788551 73.39437073469162 48.162155956029892 58.767668768763542 43.735140815377235 44.731046304106712 34.50947006046772 16.818632647395134 3.6904139518737784 57.177814111113548 55.3258987814188 8.3785911649465543 43.535848081111908 36.826923429965973 21.253485769033432 24.630107015371323 9.6491695642471296 18.218702122569088 36.910497084259987 26.174114391207699 4.5273813009262067 4.4434861838817596 20.172556906938553 9.4832999408245069 7.4891981631517401 7.9203880429267874 21.435898810625076 42.277913793921471 5.18536652624607 9.5299939513206464
leaf_count=160 574 439 233 324 256 270 182 88 20 249 245 42 194 234 105 127 42 105 211 138 22 24 110 51 39 43 102 209 27 41
internal_value=-0.000558101 0.0243346 0.0496162 -0.0437925 -0.0160077 -0.0618802 -0.0371606 0.0150152 -0.0321142 0.0740459 0.0549558 0.0487422 0.0972974 -0.0152511 0.00837031 -0.00505958 0.0230328 0.00116634 -0.08035 -0.0156805 -0.0440435 0.0301338 0.0107599 0.0637003 0.0379508 0.0152466 0.0271816 0.0344064 0.0181605 0.0834113
internal_weight=911.72 578.59 355.688 333.13 222.902 203.907 132.534 90.3683 78.0773 223.381 122.667 46.6331 100.714 129.223 132.307 59.1396 57.8113 92.396 125.83 68.7756 37.4161 8.97087 33.3463 13.1737 33.6283 26.1391 38.2545 63.5314 31.3595 64.8559
internal_count=4906 2925 1689 1981 1236 1236 748 488 451 1004 561 232 443 745 685 309 275 511 785 371 206 46 181 71 187 148 190 314 165 286
is_linear=0
shrinkage=0.1


Tree=5
num_leaves=31
num_cat=0
split_feature=11 16 0 16 7 14 0 9 21 5 0 9 6 55 39 0 56 68 0 0 0 5 5 7 0 0 42 5 67 9
split_gain=80.9415 47.0357 28.6548 16.3401 13.7061 12.1683 9.48852 8.67526 8.77386 8.23285 8.0832 7.63811 8.90922 10.171 7.53599 7.52626 7.25994 6.43986 6.2461 6.01217 5.89487 5.62123 5.57584 5.67645 5.30631 5.27278 5.21067 5.33332 8.28736 5.14754
threshold=1.0000000180025095e-35 1.0000000180025095e-35 9.2238192558288592 1.0000000180025095e-35 1.0000000180025095e-35 1.0000000180025095e-35 14.867898464202883 1.0000000180025095e-35 1.0000000180025095e-35 1.0000000180025095e-35 9.6605067253112811 1.0000000180025095e-35 1.0000000180025095e-35 1.0000000180025095e-35 1.0000000180025095e-35 13.474332809448244 1.0000000180025095e-35 1.0000000180025095e-35 15.63039016723633 11.108829498291017 13.600273609161379 1.0000000180025095e-35 1.0000000180025095e-35 1.0000000180025095e-35 2.7748117446899419 5.542778968811036 1.0000000180025095e-35 1.0000000180025095e-35 1.0000000180025095e-35 1.0000000180025095e-35
decision_type=2 2 2 2 2 2 2 2 2 2 2 2 2 2 2 2 2 2 2 2 2 2 2 2 2 2 2 2 2 2
left_child=1 2 11 4 10 6 -3 8 9 14 29 12 -1 -14 -4 -6 17 21 -8 22 -11 -12 23 -7 -13 -24 27 28 -17 -2
right_child=3 5 7 -5 15 19 18 -9 -10 20 16 24 13 -15 -16 26 -18 -19 -20 -21 -22 -23 25 -25 -26 -27 -28 -29 -30 -31
leaf_value=0.021587291030595996 -0.094590264083234801 -0.048056844369580846 -0.015201258311843758 -0.073172061742657279 -0.014596577834324762 -0.06308485923115538 0.12936479326829123 0.092104996843545242 0.11430813592417251 0.031273208815959387 0.02210263682518394 -0.036254517139559475 -0.10247526176647855 0.00013486003833863293 0.065677666275492944 0.071841202315903283 -0.041808512662709005 -0.033617044108688779 -0.0027772383152830059 0.042750612674221235 0.10094067138183621 0.17224911176752022 -0.023572963682316796 0.019549706574473566 0.046532327737109608 0.07451222590676769 0.12125218154031639 0.091918201804011293 -0.085178636890465342 -0.036946834372795473
leaf_weight=44.638119265437126 37.960087418556213 102.44824802875519 34.916264578700066 104.55109782516956 60.698905289173126 22.62680771946907 4.5183161348104504 87.827801167964935 18.346134126186371 22.650162115693092 5.9703163206577301 8.8872231394052488 16.840817108750343 22.655703127384186 17.193293496966362 6.1255670934915596 48.279397860169411 8.3165910243988037 17.17105707526207 38.344378024339676 26.187948793172836 4.2816456258296967 9.8388054221868533 13.140726089477537 60.097648024559021 12.372954100370405 7.2193989157676688 7.2486377209424964 7.4485765099525452 26.173150211572647
leaf_count=222 248 622 159 692 361 129 24 377 80 104 35 46 103 117 77 30 284 48 90 185 112 24 51 71 292 64 35 35 37 152
internal_value=-0.000608976 0.0217394 0.0440036 -0.04063 -0.0251454 -0.014641 -0.0353359 0.0682532 0.0506927 0.0391313 -0.0457033 0.0112016 -0.00902239 -0.0436168 0.0114843 0.00519784 -0.0213709 0.0317682 0.0247505 0.0120297 0.0686303 0.08481 -0.00828753 -0.0327255 0.035867 0.0310649 0.048044 0.0226622 -0.0143207 -0.0710656
internal_weight=904.976 580.702 360.241 324.273 219.722 220.461 124.138 207.122 119.294 100.948 130.981 153.12 84.1346 39.4965 52.1096 88.7411 66.848 18.5686 21.6894 96.3237 48.8381 10.252 57.9793 35.7675 68.9849 22.2118 28.0422 20.8228 13.5741 64.1332
internal_count=4906 2925 1689 1981 1289 1236 736 909 532 452 791 780 442 220 236 498 391 107 114 500 216 59 315 200 338 115 137 102 67 400
is_linear=0
shrinkage=0.1


Tree=6
num_leaves=31
num_cat=0
split_feature=11 16 0 14 9 9 7 14 95 14 87 0 9 174 16 15 9 6 55 10 7 54 0 151 13 31 40 26 5 0
split_gain=66.799 37.6297 22.5493 15.175 12.3751 10.1566 8.68533 8.1914 7.99854 7.93344 8.57149 7.19156 6.86867 6.5234 6.43069 6.40797 6.10383 7.3867 9.0502 5.87554 5.67975 5.31012 7.71279 5.03036 4.84583 9.99785 5.54372 4.67918 6.62416 8.23931
threshold=1.0000000180025095e-35 1.0000000180025095e-35 9.2238192558288592 1.0000000180025095e-35 1.0000000180025095e-35 1.0000000180025095e-35 1.0000000180025095e-35 1.0000000180025095e-35 1.0000000180025095e-35 1.0000000180025095e-35 1.0000000180025095e-35 13.726214885711672 1.0000000180025095e-35 1.0000000180025095e-35 1.0000000180025095e-35 1.0000000180025095e-35 1.0000000180025095e-35 1.0000000180025095e-35 1.0000000180025095e-35 1.0000000180025095e-35 1.0000000180025095e-35 1.0000000180025095e-35 10.925393581390383 1.0000000180025095e-35 1.0000000180025095e-35 1.0000000180025095e-35 1.0000000180025095e-35 1.0000000180025095e-35 1.0000000180025095e-35 12.699520587921144
decision_type=2 2 2 2 2 2 2 2 2 2 2 2 2 2 2 2 2 2 2 2 2 2 2 2 2 2 2 2 2 2
left_child=1 2 16 5 7 13 -7 -3 11 10 12 -6 24 -2 19 -9 17 -1 -19 27 -14 -8 -23 -11 25 -4 -26 -5 -29 -30
right_child=3 4 9 14 8 6 21 15 -10 23 -12 -13 20 -15 -16 -17 -18 18 -20 -21 -22 22 -24 -25 26 -27 -28 28 29 -31
leaf_value=0.019239173905962904 -0.079278858080136863 -0.056659762899612921 0.086178806912437206 0.016391037016744041 -0.014884799069665278 -0.056964740976630304 -0.031999726287718439 -0.034239522540325064 0.095067960047833217 0.086284835116368142 -0.060295862234251867 0.052393674012523074 0.044984083128440565 0.030971828985139383 -0.047722056116764076 0.032293266734031101 0.031796051480734132 -0.098418465118845666 0.00012136647064181037 0.036417950621754458 0.11344699798535898 0.11505898289482715 -0.016125807052789241 -0.013295225051841861 -0.032232929939034587 -0.058759600846567589 0.071477574527479992 -0.078022565461417434 -0.039202335024505125 0.13339026091849945
leaf_weight=45.05414354801178 110.40791323781013 69.183018356561661 21.72354190051556 24.923739746212959 56.710572078824043 41.819301649928093 15.136113077402113 34.106373712420464 10.979963108897207 94.100607886910439 7.6251304149627677 22.071667209267616 26.01623123884201 5.6409437060356131 33.945721328258514 25.151072829961777 69.945457264780998 15.833977043628691 22.657127365469933 33.694859728217125 22.682558059692383 8.8245370537042636 9.1067835092544538 5.3619332164525977 19.767669513821605 6.0944527089595786 6.9719818234443656 19.506986275315285 8.9291211366653425 4.007298916578292
leaf_count=222 751 439 98 139 331 270 86 182 55 396 35 102 115 34 234 127 338 103 117 187 92 47 48 23 92 27 31 113 52 20
internal_value=-0.000640559 0.0194541 0.0391451 -0.0376594 -0.013379 -0.0553925 -0.0266815 -0.0332876 0.0151081 0.0604113 0.0420177 0.00396397 0.0495732 -0.0739198 -0.010574 -0.00600052 0.0100018 -0.00824465 -0.0404147 0.00327393 0.0768722 0.0116168 0.0484341 0.0809166 0.0252058 0.0544253 -0.0051919 -0.0161934 -0.0412254 0.0142615
internal_weight=897.981 582.037 363.835 315.943 218.203 190.936 74.8867 128.44 89.7622 210.344 110.882 78.7822 103.256 116.049 125.008 59.2574 153.491 83.5452 38.4911 91.062 48.6988 33.0674 17.9313 99.4625 54.5576 27.818 26.7397 57.3671 32.4434 12.9364
internal_count=4906 2925 1689 1981 1236 1236 451 748 488 909 490 433 455 785 745 309 780 442 220 511 207 181 95 419 248 125 123 324 185 72
is_linear=0
shrinkage=0.1


Tree=7
num_leaves=31
num_cat=0
split_feature=11 16 1 16 7 9 113 7 8 14 95 0 0 14 98 56 14 0 13 31 129 83 0 15 0 0 53 0 10 9
split_gain=55.1584 30.2203 17.9909 13.8086 11.3598 10.2343 8.00705 7.23805 7.35981 7.05799 6.88858 6.8443 6.4835 6.09692 6.08221 5.90841 5.81302 6.12326 6.34689 7.7503 5.78092 6.41106 5.65577 5.88614 8.34441 5.52429 5.43652 5.31818 5.31191 7.1107
threshold=1.0000000180025095e-35 1.0000000180025095e-35 -0.10076811909675597 1.0000000180025095e-35 1.0000000180025095e-35 1.0000000180025095e-35 1.0000000180025095e-35 1.0000000180025095e-35 1.0000000180025095e-35 1.0000000180025095e-35 1.0000000180025095e-35 9.6605067253112811 9.5071868896484393 1.0000000180025095e-35 1.0000000180025095e-35 1.0000000180025095e-35 1.0000000180025095e-35 16.735113143920902 1.0000000180025095e-35 1.0000000180025095e-35 1.0000000180025095e-35 1.0000000180025095e-35 13.474332809448244 1.0000000180025095e-35 11.377138614654543 12.643394947052004 1.0000000180025095e-35 8.5516767501831072 1.0000000180025095e-35 1.0000000180025095e-35
decision_type=2 2 2 2 2 2 2 2 2 2 2 2 2 2 2 2 2 2 2 2 2 2 2 2 2 2 2 2 2 2
left_child=1 2 13 4 11 9 22 10 -9 -3 16 -2 -7 20 -14 25 17 18 19 -4 21 -1 23 -6 27 -13 -27 -25 29 -15
right_child=3 5 7 -5 6 12 -8 8 -10 -11 -12 15 14 28 -16 -17 -18 -19 -20 -21 -22 -23 -24 24 -26 26 -28 -29 -30 -31
leaf_value=0.047351698180826782 -0.064465210053307923 -0.052901299667916173 0.053079104836815744 -0.0662753446067844 -0.041662418714252449 -0.01515068810142484 0.15683050914814259 0.09417668023467532 0.040793161514884622 -0.0054473555267744852 0.088783939208803009 0.10599473727247098 0.021330050421217592 -0.035843530948485046 0.11188506391304598 -0.036666157955186671 0.047001684932040384 0.083712373858572164 -0.056249148715853736 -0.088526953497525693 -0.037985792957889064 -0.077084833237064609 0.038527175166122057 0.01825872311004555 -0.12541301393509641 -0.089652140185516149 0.045767883108275426 0.14108427921525662 0.063003375734064615 0.049328701202485857
leaf_weight=20.449879199266437 59.607287168502808 66.815349131822586 17.47250717878342 96.256954416632652 35.819254547357559 42.092152535915375 3.4282813817262641 59.74999038875103 45.486154049634933 59.03621281683445 20.533722311258316 6.322417467832568 38.877242833375931 20.721705317497253 9.1658220887184125 46.325640439987183 58.165937900543213 7.4785891920328131 19.495013296604156 4.9628727287054053 42.421228274703026 5.191380336880683 27.087091207504272 13.117811173200613 3.1412617415189734 4.9783158600330335 7.3286330103874207 4.8207086175680152 25.560775592923164 18.600833415985107
leaf_count=105 400 439 81 692 216 256 19 249 194 309 87 36 190 107 42 284 245 31 94 23 238 28 132 82 20 29 42 29 123 84
internal_value=-0.000659024 0.0174486 0.0349424 -0.0348657 -0.0206028 -0.0122191 0.00703107 0.0516707 0.0711028 -0.0306409 0.0357081 -0.0399955 0.0135025 0.00558112 0.0386064 -0.0175405 0.025577 0.00035519 -0.0145122 0.0217548 -0.0153277 0.022158 0.000916317 -0.0169885 0.0249379 0.0300194 -0.00901122 0.0512663 0.0275145 0.00444569
internal_weight=890.511 582.277 366.291 308.234 211.977 215.987 87.4144 233.345 105.236 125.852 128.109 124.562 90.1352 132.946 48.0431 64.955 107.575 49.409 41.9304 22.4354 68.0625 25.6413 83.9861 56.899 21.0798 18.6294 12.3069 17.9385 64.8833 39.3225
internal_count=4906 2925 1689 1981 1289 1236 498 1004 443 748 561 791 488 685 232 391 474 229 198 104 371 133 479 347 131 107 71 111 314 191
is_linear=0
shrinkage=0.1


Tree=8
num_leaves=31
num_cat=0
split_feature=11 0 14 9 7 34 14 6 15 16 9 16 8 151 6 45 0 62 151 0 1 7 14 0 16 15 1 13 36 6
split_gain=45.5513 24.601 15.9743 14.0242 11.087 10.4446 9.19057 8.02814 7.96128 8.90964 7.34069 6.81377 9.2746 6.34274 6.20183 6.91058 6.10462 6.0143 5.99541 5.9802 7.07787 5.90641 6.45998 5.40991 5.51162 5.22831 8.07531 5.12665 4.87891 5.81194
threshold=1.0000000180025095e-35 13.289527893066408 1.0000000180025095e-35 1.0000000180025095e-35 1.0000000180025095e-35 1.0000000180025095e-35 1.0000000180025095e-35 1.0000000180025095e-35 1.0000000180025095e-35 1.0000000180025095e-35 1.0000000180025095e-35 1.0000000180025095e-35 1.0000000180025095e-35 1.0000000180025095e-35 1.0000000180025095e-35 1.0000000180025095e-35 13.211498737335207 1.0000000180025095e-35 1.0000000180025095e-35 9.2238192558288592 -0.045250589028000825 1.0000000180025095e-35 1.0000000180025095e-35 5.405886411666871 1.0000000180025095e-35 1.0000000180025095e-35 -0.14837630838155744 1.0000000180025095e-35 1.0000000180025095e-35 1.0000000180025095e-35
decision_type=2 2 2 2 2 2 2 2 2 2 2 2 2 2 2 2 2 2 2 2 2 2 2 2 2 2 2 2 2 2
left_child=1 2 4 6 17 11 16 27 9 14 -4 12 -6 -8 15 -3 -2 -1 19 20 -12 22 -5 -19 -25 26 -24 -7 29 -23
right_child=3 8 10 21 5 7 13 -9 -10 -11 18 -13 -14 -15 -16 -17 -18 23 -20 -21 -22 28 25 24 -26 -27 -28 -29 -30 -31
leaf_value=-0.066387778681624696 -0.084772908035903594 0.10438124278525369 0.0065347386632134659 -0.049664986907081064 0.049407689582847324 0.058075314798977207 -0.029268034664738835 -0.0057645992253882502 0.070574773452370523 -0.010543620233175691 0.046351727367668627 -0.04820351393114311 -0.042186246524613571 0.11015918944061986 0.017402685505079816 0.0017380294849595032 -0.034124975304138792 -0.070847309504192491 -0.05581148268759957 0.095189574159137952 -0.082694145143721878 0.06963519178082854 -0.036275655308512643 0.022431269132071909 -0.043729754822019802 -0.055233589161901145 0.087490518680633581 0.18671209323685059 -0.038767931111574033 -0.018230791210125812
leaf_weight=45.670049667358398 72.251818269491196 26.510929197072983 113.83347347378731 38.987827092409134 28.622710198163986 6.2584038972854614 76.350320041179657 8.2054790854454041 77.301286324858665 37.773780524730682 44.182167768478394 28.24909020960331 18.01189823448658 3.4083902686834326 30.522346690297127 8.7156493514776212 35.485716447234154 15.774551942944525 5.3472094833850852 23.651529788970947 4.7026376277208319 23.554202511906624 8.8324234932661092 31.450531229376793 20.998169988393784 8.3908341675996798 13.076876565814015 6.1354404091835022 9.6763538122177106 11.064125776290892
leaf_count=283 562 110 565 270 136 32 480 41 342 195 213 191 88 22 129 36 223 96 25 103 23 131 54 150 136 52 73 31 55 59
internal_value=-0.00066717 0.0156701 0.00186467 -0.0322435 -0.0172319 0.00790026 -0.0490415 0.0709595 0.0462926 0.0281609 0.0227202 -0.00944635 0.0140309 -0.0233098 0.0503972 0.0789856 -0.0680909 -0.0383015 0.0463767 0.0539098 0.0339377 -0.0045141 -0.0227469 -0.0195 -0.00405672 0.0118892 0.0375959 0.121756 0.0240065 0.0415529
internal_weight=882.996 581.917 401.093 301.079 209.376 95.483 187.496 20.5993 180.824 103.523 191.717 74.8837 46.6346 79.7587 65.7489 35.2266 107.738 113.893 77.8835 72.5363 48.8848 113.583 69.288 68.2233 52.4487 30.3001 21.9093 12.3938 44.2947 34.6183
internal_count=4906 2925 2113 1981 1184 519 1287 104 812 470 929 415 224 502 275 146 785 665 364 339 236 694 449 382 286 179 127 63 245 190
is_linear=0
shrinkage=0.1


Tree=9
num_leaves=31
num_cat=0
split_feature=11 16 0 16 7 55 9 13 15 98 12 71 9 113 65 0 84 13 12 14 0 0 14 151 0 15 0 42 6 9
split_gain=37.5724 20.939 12.7651 12.2148 9.10218 9.0726 8.00013 6.90222 6.52684 6.7391 6.15377 5.89581 7.34798 5.78691 5.36582 5.33727 5.62537 5.22998 5.64841 5.24961 4.90836 5.32093 4.64478 4.62947 4.38341 5.02504 7.0061 4.91157 4.30852 6.19405
threshold=1.0000000180025095e-35 1.0000000180025095e-35 14.29021215438843 1.0000000180025095e-35 1.0000000180025095e-35 1.0000000180025095e-35 1.0000000180025095e-35 1.0000000180025095e-35 1.0000000180025095e-35 1.0000000180025095e-35 1.0000000180025095e-35 1.0000000180025095e-35 1.0000000180025095e-35 1.0000000180025095e-35 1.0000000180025095e-35 16.954140663146976 1.0000000180025095e-35 1.0000000180025095e-35 1.0000000180025095e-35 1.0000000180025095e-35 7.8234086036682138 13.661875724792482 1.0000000180025095e-35 1.0000000180025095e-35 13.474332809448244 1.0000000180025095e-35 11.377138614654543 1.0000000180025095e-35 1.0000000180025095e-35 1.0000000180025095e-35
decision_type=2 2 2 2 2 2 2 2 2 2 2 2 2 2 2 2 2 2 2 2 2 2 2 2 2 2 2 2 2 2
left_child=1 2 5 4 11 10 8 20 -3 22 28 12 -2 24 -4 16 -8 18 19 -14 -7 -22 -10 -5 25 -6 -27 -26 -1 -30
right_child=3 6 14 23 13 7 15 -9 9 -11 -12 -13 17 -15 -16 -17 -18 -19 -20 -21 21 -23 -24 -25 27 26 -28 -29 29 -31
leaf_value=0.042084843654288856 -0.076165901802777172 -0.047383812357430166 0.071912732846298788 -0.065724138661517051 -0.036751589628393928 0.020122073681903798 -0.0037007960251774527 0.0089588368355088734 -0.018846378247789175 -0.098327460112708501 -0.03873536774079913 -0.0017480566342770326 -0.0055638667781282847 0.13120491424050765 0.01109931701374791 0.091210394939228764 0.090006852647523589 -0.059412789049762799 -0.048286266953209797 0.12568976837408072 0.073747975003064598 -0.033730547241775315 0.044771721097050604 0.039042458640382416 0.0095545272502107637 0.048198650386517307 -0.12152545124292505 0.10442205192501973 -0.058798931937326188 0.046387947566373017
leaf_weight=26.453633934259415 45.406372040510178 70.490015402436256 75.993996694684029 85.289193317294121 34.395230457186699 39.683465197682381 75.503559023141861 84.411772415041924 23.274798512458801 6.2284031957387915 38.624526269733906 37.868230372667313 6.021482467651369 3.6739989519119254 17.932752147316933 7.7181740254163733 7.0001440942287436 15.228592619299887 7.7597520053386679 6.1691977828741074 57.334088921546936 5.008608102798461 22.639405205845833 4.4372337609529486 19.798191025853161 18.108598768711094 2.8094821497797957 7.5342119187116614 14.039161831140518 9.3111429512500763
leaf_count=124 338 438 313 658 216 192 416 390 160 38 203 232 41 19 74 34 38 97 49 34 244 21 112 34 97 111 20 35 83 45
internal_value=-0.000673997 0.0140613 0.0284757 -0.0297767 -0.0162957 0.0176001 -0.0109132 0.0301123 -0.027542 -0.000718483 -0.00877999 -0.0342934 -0.0495869 0.00840195 0.0603021 0.0116891 0.00424996 -0.0152807 0.0184063 0.0608582 0.0476137 0.0651132 0.0125225 -0.0605431 0.00294277 -0.0132462 0.0254032 0.0357049 0.0144513 -0.0168547
internal_weight=876.147 581.648 368.793 294.5 204.773 274.866 212.854 186.438 122.633 52.1426 88.4285 118.454 80.5854 86.3197 93.9267 90.2219 82.5037 35.179 19.9504 12.1907 102.026 62.3427 45.9142 89.7264 82.6457 55.3133 20.9181 27.3324 49.8039 23.3503
internal_count=4906 2925 1689 1981 1289 1302 1236 847 748 310 455 791 559 498 387 488 454 221 124 75 457 265 272 692 479 347 131 132 252 128
is_linear=0
shrinkage=0.1


Tree=10
num_leaves=31
num_cat=0
split_feature=11 0 9 14 14 9 7 14 1 174 5 9 26 73 7 15 0 7 53 15 7 13 99 9 79 15 13 67 0 151
split_gain=31.0333 17.1531 12.9215 11.6471 9.46531 8.13865 6.41855 6.60654 5.97098 5.66296 5.32618 6.7834 6.4051 5.3027 5.19811 5.16314 5.08745 5.00138 4.88576 5.77464 4.83069 4.70659 5.50031 4.64424 5.15017 5.65908 5.5563 5.32262 4.54399 4.3373
threshold=1.0000000180025095e-35 13.289527893066408 1.0000000180025095e-35 1.0000000180025095e-35 1.0000000180025095e-35 1.0000000180025095e-35 1.0000000180025095e-35 1.0000000180025095e-35 -0.506730556488037 1.0000000180025095e-35 1.0000000180025095e-35 1.0000000180025095e-35 1.0000000180025095e-35 1.0000000180025095e-35 1.0000000180025095e-35 1.0000000180025095e-35 15.979465961456301 1.0000000180025095e-35 1.0000000180025095e-35 1.0000000180025095e-35 1.0000000180025095e-35 1.0000000180025095e-35 1.0000000180025095e-35 1.0000000180025095e-35 1.0000000180025095e-35 1.0000000180025095e-35 1.0000000180025095e-35 1.0000000180025095e-35 15.305954456329347 1.0000000180025095e-35
decision_type=2 2 2 2 2 2 2 2 2 2 2 2 2 2 2 2 2 2 2 2 2 2 2 2 2 2 2 2 2 2
left_child=1 2 4 5 20 9 7 15 -4 28 11 12 -8 -9 23 -3 -15 -7 -12 -20 21 22 -1 -5 25 26 -25 -28 -2 -10
right_child=3 6 8 14 -6 17 10 13 29 -11 18 -13 -14 16 -16 -17 -18 -19 19 -21 -22 -23 -24 24 -26 -27 27 -29 -30 -31
leaf_value=-0.046758528519767938 -0.078211720757891998 -0.033554535164520533 -0.012304576974838353 -0.039479089014066132 0.0054933458980834533 -0.043433041418243362 0.052295109357270213 0.019783274957881972 0.035728754576300384 0.036475851914632346 0.13910528946495371 0.082935614788844342 -0.04738083881923702 0.12015566832047693 0.024370791084768945 0.030510886795464872 0.019648474433974952 0.010227886360355522 0.024089386884447256 0.13153347088578451 -0.014610636725194436 -0.084225715665893028 0.072985630580118019 0.099066857194277144 -0.10227172973635751 -0.04668878996487616 0.068180774794012827 -0.099899355509499091 -0.019965512541664468 -0.049349906990684367
leaf_weight=22.286983825266365 78.484561428427696 27.39941580593586 40.079358875751495 45.287006989121437 113.94370353221893 36.717218451201916 13.152546778321266 30.998251348733902 127.01204574108124 5.4589868262410155 12.425551444292067 18.381594881415367 12.644701093435287 14.029358670115473 42.895625680685043 23.257626503705978 7.8565738797187796 32.961075678467751 14.634453877806665 7.5998937189579001 55.545978605747223 28.969889871776104 4.6335138827562323 11.500131472945222 3.5351707488298407 7.6154551655054084 3.9838293045759192 3.5745349079370499 16.149771630764008 6.2887736707925788
leaf_count=145 645 133 216 308 565 270 62 132 619 34 53 76 60 59 258 106 33 181 66 32 322 190 25 64 21 49 23 22 106 31
internal_value=-0.000670475 0.0126343 0.00101541 -0.0275022 -0.0147731 -0.044291 0.0380381 0.0216683 0.0215392 -0.0625589 0.059537 0.0365149 0.00343825 0.0463905 -0.00342748 -0.00414086 0.0840758 -0.0180489 0.0888818 0.0608147 -0.0354956 -0.0562518 -0.0261484 -0.019222 0.0111458 0.0261773 0.0552934 -0.0113084 -0.0682717 0.031715
internal_weight=869.304 581.14 398.76 288.163 225.38 169.772 182.38 103.541 173.38 100.093 78.8387 44.1788 25.7972 52.8842 118.392 50.657 21.8859 69.6783 34.6599 22.2343 111.436 55.8904 26.9205 75.4961 30.2091 26.674 19.0585 7.55836 94.6343 133.301
internal_count=4906 2925 2113 1981 1247 1236 812 463 866 785 349 198 122 224 745 239 92 451 151 98 682 360 170 487 179 158 109 45 751 650
is_linear=0
shrinkage=0.1


Tree=11
num_leaves=31
num_cat=0
split_feature=14 7 9 9 128 5 9 0 12 5 174 15 0 26 0 0 82 10 69 98 16 1 10 71 137 51 176 0 78 67
split_gain=25.7659 21.7199 12.0006 10.0455 8.2978 8.61473 8.23591 6.78844 8.65634 6.69762 6.59376 6.26519 9.45449 6.22544 6.19457 6.36865 5.9842 5.96312 8.93693 5.18888 5.08064 7.6773 5.05091 5.53542 5.4332 4.76424 4.70453 5.68358 4.45545 4.38236
threshold=1.0000000180025095e-35 1.0000000180025095e-35 1.0000000180025095e-35 1.0000000180025095e-35 1.0000000180025095e-35 1.0000000180025095e-35 1.0000000180025095e-35 4.4558520317077646 1.0000000180025095e-35 1.0000000180025095e-35 1.0000000180025095e-35 1.0000000180025095e-35 7.5277206897735605 1.0000000180025095e-35 14.917180061340334 16.661190986633304 1.0000000180025095e-35 1.0000000180025095e-35 1.0000000180025095e-35 1.0000000180025095e-35 1.0000000180025095e-35 -0.46003498136997217 1.0000000180025095e-35 1.0000000180025095e-35 1.0000000180025095e-35 1.0000000180025095e-35 1.0000000180025095e-35 2.7748117446899419 1.0000000180025095e-35 1.0000000180025095e-35
decision_type=2 2 2 2 2 2 2 2 2 2 2 2 2 2 2 2 2 2 2 2 2 2 2 2 2 2 2 2 2 2
left_child=1 6 4 9 5 -3 10 13 16 17 -1 12 -7 -4 -11 -16 -9 -2 20 22 21 -19 23 24 -5 -10 27 -8 -29 -13
right_child=3 2 7 19 -6 11 26 8 25 14 -12 29 -14 -15 15 -17 -18 18 -20 -21 -22 -23 -24 -25 -26 -27 -28 28 -30 -31
leaf_value=-0.05957324305589351 -0.026638355207382437 -0.02885121442709462 0.057338361716461519 -0.0090306300576760007 -0.090457687626691499 -0.12292546484721918 -0.12229306769383373 0.031862944524313007 0.11901990625649611 0.011454167786082221 0.032011810326257169 0.012943426482042317 0.025401551841839978 -0.07288852108608572 0.11824535331271216 0.013242795363744474 -0.084916260536790245 0.10974779551533052 0.086664757115879884 0.085620151989727444 -0.056223626164386656 -0.010049207491808538 0.058697154262762452 0.055636994521274769 0.083819862819376048 0.034551807554083346 0.099241913435878071 -0.01096636859743136 -0.096798313554557605 0.1113574476393575
leaf_weight=123.8313644900918 80.290781535208225 64.155991151928902 5.7586920559406254 56.385924756526947 12.654983960092066 5.2854135483503368 5.2706694900989524 42.779850095510483 18.818649277091026 79.524974025785923 8.3939745202660543 7.5298826694488534 22.986747093498707 10.125095754861832 12.602337121963503 10.66421055793762 4.8896318972110739 6.8676901310682288 13.509610638022421 19.962225064635277 13.944022305309771 24.19981382787228 44.132708489894867 26.671378150582314 7.0951364040374747 10.349848091602327 3.3568708673119536 103.39069597423077 6.4234785735607138 11.337532177567482
leaf_count=909 452 400 32 286 92 38 36 206 94 417 48 44 126 57 56 51 26 37 65 93 87 122 207 119 37 46 19 598 41 65
internal_value=-0.000659824 -0.0165606 0.00662716 0.0181126 -0.0137277 -0.00500298 -0.0366038 0.0338375 0.0461397 0.00538411 -0.0537592 0.027454 -0.00232783 -0.0256746 0.0247324 0.0701175 0.0198845 -0.00894351 0.0153338 0.0380497 -0.0060753 0.0164328 0.0309781 0.0174086 0.00134706 0.0890481 -0.0174518 -0.0208556 -0.015987 0.0720809
internal_weight=863.19 467.339 216.672 395.851 123.951 111.296 250.667 92.7218 76.838 241.603 132.225 47.1396 28.2722 15.8838 102.792 23.2665 47.6695 138.812 58.5211 154.247 45.0115 31.0675 134.285 90.1524 63.4811 29.1685 118.442 115.085 109.814 18.8674
internal_count=4906 2877 1226 2029 765 673 1651 461 372 1287 957 273 164 89 524 107 232 763 311 742 246 159 649 442 323 140 694 675 639 109
is_linear=0
shrinkage=0.1


Tree=12
num_leaves=31
num_cat=0
split_feature=11 16 16 1 77 0 15 0 9 0 5 82 6 21 62 67 74 10 9 6 55 26 0 73 0 5 151 6 128 49
split_gain=24.6919 15.7998 9.97099 7.78945 6.75186 6.58218 6.43992 6.21827 6.0258 5.65447 5.00765 5.25636 5.7829 4.9829 6.00103 4.57151 5.77033 5.10207 4.39074 5.57709 6.97232 5.82356 6.06644 5.08963 4.3198 4.28899 4.27282 4.13612 8.3189 4.08036
threshold=1.0000000180025095e-35 1.0000000180025095e-35 1.0000000180025095e-35 0.074758537113666548 1.0000000180025095e-35 13.419575691223146 1.0000000180025095e-35 3.1772758960723881 1.0000000180025095e-35 10.709103107452394 1.0000000180025095e-35 1.0000000180025095e-35 1.0000000180025095e-35 1.0000000180025095e-35 1.0000000180025095e-35 1.0000000180025095e-35 1.0000000180025095e-35 1.0000000180025095e-35 1.0000000180025095e-35 1.0000000180025095e-35 1.0000000180025095e-35 1.0000000180025095e-35 5.3018479347229013 1.0000000180025095e-35 14.405201911926271 1.0000000180025095e-35 1.0000000180025095e-35 1.0000000180025095e-35 1.0000000180025095e-35 1.0000000180025095e-35
decision_type=2 2 2 2 2 2 2 2 2 2 2 2 2 2 2 2 2 2 2 2 2 2 2 2 2 2 2 2 2 2
left_child=1 3 4 18 5 8 7 -3 -2 25 15 12 29 27 -15 16 17 -7 19 -1 -21 22 -22 -23 -17 -8 -4 28 -10 -12
right_child=2 6 26 -5 -6 10 9 -9 13 -11 11 -13 -14 14 -16 24 -18 -19 -20 20 21 23 -24 -25 -26 -27 -28 -29 -30 -31
leaf_value=0.014786914546141589 -0.041082732420366849 -0.11144685748212267 -0.059474175151965653 0.036549090171494075 -0.12397467887466457 -0.080803015990998373 -0.037031239857781603 -0.019270170303225934 -0.0073863048812015568 0.039679810807288024 0.034123167437699539 0.16009120387811937 -0.045603313114575689 -0.013367318644863714 0.17122672518893453 0.042354837701509683 0.099076718877156855 0.065818893823269137 0.024839943597118861 -0.091985985077016483 0.041971730308815423 -0.0081079676954889848 -0.1014339000314934 0.12642657224290599 -0.071180634956178865 0.025348424407270795 0.042364968564713931 -0.046191942124375281 0.13915091911111407 0.15221695725724194
leaf_weight=47.415101617574692 73.933563575148582 7.7998133972287169 78.477334901690483 206.11691364645958 5.3153587132692328 5.6583277136087435 28.128926500678062 118.62212470918894 28.867526635527611 37.46137448400259 10.079880177974706 3.8393431305885306 6.4792883694171897 3.4583033919334403 3.5886064767837524 4.5032659918069866 7.1294161379337302 4.0878433287143707 75.413524150848389 14.245577752590178 4.5831644237041482 6.8180424422025681 8.2775101661682111 4.7859238982200623 13.099341467022894 18.124086953699589 4.3481557667255393 18.987092286348343 4.4745938777923575 4.1223644018173209
leaf_count=233 578 52 658 870 38 32 181 701 168 188 52 18 36 21 20 25 38 25 353 107 25 35 43 23 75 114 34 114 27 22
internal_value=-0.000655727 0.0111615 -0.0250019 0.0236632 -0.0127951 -0.0097221 -0.0107116 -0.0249572 -0.0220298 0.0108013 0.0180874 0.0526335 0.0326849 0.00169438 0.0806364 -0.00648171 0.0307075 -0.0193053 0.00722135 -0.00820595 -0.0363693 -0.00398409 -0.0503284 0.0473793 -0.0421349 -0.012588 -0.0541278 -0.00893633 0.0122793 0.0684012
internal_weight=858.242 577.792 280.45 367.656 197.624 192.309 210.136 126.422 133.31 83.7144 58.9991 24.5209 20.6815 59.3761 7.04691 34.4782 16.8756 9.74617 161.539 86.1253 38.7102 24.4646 12.8607 11.604 17.6026 46.253 82.8255 52.3292 33.3421 14.2022
internal_count=4906 2925 1981 1689 1289 1251 1236 753 928 483 323 128 110 350 41 195 95 57 819 466 233 126 68 58 100 295 692 309 195 74
is_linear=0
shrinkage=0.1


Tree=13
num_leaves=31
num_cat=0
split_feature=14 7 9 9 0 15 128 5 15 7 67 11 42 15 0 26 9 15 0 81 62 0 5 13 16 10 0 0 69 13
split_gain=20.7507 17.7608 9.25377 7.31285 6.97343 7.88899 6.84391 6.73067 6.00811 7.30654 6.11611 5.93116 5.87616 5.8415 5.21808 4.95773 4.73869 4.71858 7.98914 4.4997 12.6273 5.49301 4.47305 4.93522 4.93221 4.2885 5.46124 4.68902 7.08706 4.18625
threshold=1.0000000180025095e-35 1.0000000180025095e-35 1.0000000180025095e-35 1.0000000180025095e-35 8.6844625473022479 1.0000000180025095e-35 1.0000000180025095e-35 1.0000000180025095e-35 1.0000000180025095e-35 1.0000000180025095e-35 1.0000000180025095e-35 1.0000000180025095e-35 1.0000000180025095e-35 1.0000000180025095e-35 4.0835044384002694 1.0000000180025095e-35 1.0000000180025095e-35 1.0000000180025095e-35 7.5277206897735605 1.0000000180025095e-35 1.0000000180025095e-35 10.380561351776125 1.0000000180025095e-35 1.0000000180025095e-35 1.0000000180025095e-35 1.0000000180025095e-35 14.867898464202883 16.119096755981449 1.0000000180025095e-35 1.0000000180025095e-35
decision_type=2 2 2 2 2 2 2 2 2 2 2 2 2 2 2 2 2 2 2 2 2 2 2 2 2 2 2 2 2 2
left_child=1 4 6 8 16 -6 7 -3 25 11 15 -10 19 -4 -15 -11 -1 18 -9 21 -21 -7 -18 24 -24 26 -2 28 -27 -16
right_child=3 2 13 -5 5 12 -8 17 9 10 -12 -13 -14 14 29 -17 22 -19 -20 20 -22 -23 23 -25 -26 27 -28 -29 -30 -31
leaf_value=-0.07563751708476929 -0.035053213306790565 -0.026121437262959946 0.010542574212403207 0.033054037382520746 -0.040799122691630947 -0.082584560359853745 -0.085388807473150696 -0.12024460297844186 0.021752983125180755 0.16783571767272479 0.027734256557095105 -0.048343062731627189 -0.033955810568204958 -0.041196425351538175 0.10514326975004927 0.048669017322511464 -0.057717077813435283 0.061735028742825965 0.02186312461490314 0.20574811222666101 0.0069094700588474556 0.027900663242561064 0.10096433909273224 -0.055379997575717377 -0.02713707334984912 0.0007977638253760513 0.030169201893192971 -0.078114154347025816 0.086205826979274147 0.0267748885730358
leaf_weight=50.210319474339485 67.279850952327251 62.631902448832989 58.99544669687748 155.29815914481878 79.155612736940384 5.6754750013351467 11.600327856838701 4.7749489024281528 44.472667425870895 7.3372075110673887 23.650262959301472 16.56845747679472 23.337346166372299 4.2418352812528601 19.220480963587761 6.6602813079953194 28.260805271565914 19.398805573582649 23.068317957222462 4.830748334527013 9.4253044724464417 21.724473007023335 6.7871079668402672 8.4047749787569046 5.3945436924695969 39.279544144868851 15.865340679883955 5.147714063525199 12.908396594226359 10.561764895915987
leaf_count=438 388 400 295 742 505 36 92 38 205 37 117 122 144 23 92 32 191 109 126 27 56 120 40 54 40 222 77 26 61 51
internal_value=-0.000651739 -0.0151384 0.00583749 0.0161571 -0.0336379 -0.0196009 -0.0123384 -0.0046259 0.00518559 0.0240955 0.0587423 0.00272674 0.00621638 0.0295735 0.0625717 0.111134 -0.0540646 0.0238721 -0.00250748 0.0287224 0.0742871 0.00501536 -0.0318897 0.00356581 0.0442357 -0.00809879 -0.0226078 0.0129414 0.021923 0.0773513
internal_weight=852.168 457.7 214.494 394.468 243.207 144.149 121.474 109.874 239.17 98.6889 37.6478 61.0411 64.9933 93.0195 34.0241 13.9975 99.0576 47.2421 27.8433 41.656 14.2561 27.3999 48.8472 20.5864 12.1817 140.481 83.1452 57.3357 52.1879 29.7822
internal_count=4906 2877 1226 2029 1651 888 765 673 1287 513 186 327 383 461 166 69 763 273 164 239 83 156 325 134 80 774 465 309 283 143
is_linear=0
shrinkage=0.1


Tree=14
num_leaves=31
num_cat=0
split_feature=11 16 16 55 60 12 77 7 15 135 15 0 5 26 42 73 62 1 0 0 56 8 0 79 68 8 14 113 0 62
split_gain=19.5308 12.2411 8.33033 6.45662 7.47147 6.31304 5.98365 5.43037 4.88917 6.21258 4.5241 5.54696 4.42443 4.86364 6.61713 4.82089 4.63236 4.82239 4.45124 4.25294 4.72521 4.55759 7.11241 4.13287 4.09841 4.75121 4.7688 4.00714 3.99555 3.72907
threshold=1.0000000180025095e-35 1.0000000180025095e-35 1.0000000180025095e-35 1.0000000180025095e-35 1.0000000180025095e-35 1.0000000180025095e-35 1.0000000180025095e-35 1.0000000180025095e-35 1.0000000180025095e-35 1.0000000180025095e-35 1.0000000180025095e-35 3.1772758960723881 1.0000000180025095e-35 1.0000000180025095e-35 1.0000000180025095e-35 1.0000000180025095e-35 1.0000000180025095e-35 -0.27127538621425623 14.917180061340334 9.6605067253112811 1.0000000180025095e-35 1.0000000180025095e-35 14.680356025695803 1.0000000180025095e-35 1.0000000180025095e-35 1.0000000180025095e-35 1.0000000180025095e-35 1.0000000180025095e-35 4.0835044384002694 1.0000000180025095e-35
decision_type=2 2 2 2 2 2 2 2 2 2 2 2 2 2 2 2 2 2 2 2 2 2 2 2 2 2 2 2 2 2
left_child=1 3 6 4 5 -1 7 19 9 -5 11 -3 13 18 16 -14 17 -15 -12 -2 21 22 -21 28 -22 -26 -27 -9 -10 -30
right_child=2 10 -4 8 -6 -7 -8 27 23 -11 12 -13 15 14 -16 -17 -18 -19 -20 20 24 -23 -24 -25 25 26 -28 -29 29 -31
leaf_value=0.015846173879962563 -0.045928020246522247 -0.10745444901325607 -0.050084826405662836 0.022255981780163105 0.11076443075277734 -0.033135639775702101 -0.12135776259054493 0.0055684904421337564 -0.015166432088999208 -0.068061675793677764 -0.0043550300114602583 -0.016526169607404485 0.0086899676265682537 -0.057933191064011291 0.08052860551615873 0.089138777298049698 -0.091444293695353479 0.089962309085945144 0.092118164703076613 0.14460095281653915 -0.049037094962550647 -0.02243210423872713 -0.0291351823603202 -0.023827189146654215 -0.031479204703265234 -0.00267592094560249 0.16602193580633662 0.11037210472171757 0.12196192385547924 0.05003353432998893
leaf_weight=61.818936444818974 47.605416320264339 7.1197027787566176 78.79538906365633 129.21549481153488 5.879409708082675 45.813005059957504 4.8378280848264685 79.478907033801079 8.6462278068065626 8.0930034071207029 16.038625158369545 116.29989369213581 21.062155790627003 5.8216996043920517 4.0722086280584326 11.524631209671496 15.088226467370987 3.5485904887318647 6.8147748261690131 6.4546446576714533 25.391645081341267 7.2903569117188445 3.7111086398363113 8.1508657783269864 9.0165424793958646 3.4329121559858313 3.2735808789730072 3.8237420171499243 7.8262811899185172 91.199972406029701
leaf_count=304 387 52 692 567 27 237 38 465 44 41 93 701 122 37 22 62 95 21 31 38 178 44 21 37 56 26 17 19 35 397
internal_value=-0.000645685 0.00982758 -0.0226587 0.0208104 0.000993556 -0.00500269 -0.0115373 -0.00873338 0.0296968 0.0169326 -0.00958883 -0.0217715 0.00831721 -0.00996256 -0.0374976 0.0371415 -0.0571483 -0.00192419 0.0244128 -0.0237285 -0.00568509 0.0379057 0.0811769 0.0448288 -0.0241925 0.0159299 0.0796691 0.0103792 0.0500261 0.0557182
internal_weight=847.146 574.034 273.112 366.643 113.511 107.632 194.317 189.479 253.132 137.308 207.391 123.42 83.9709 51.3841 28.5307 32.5868 24.4585 9.37029 22.8534 106.176 58.5708 17.4561 10.1658 115.823 41.1147 15.723 6.70649 83.3026 107.672 99.0263
internal_count=4906 2925 1981 1689 568 541 1289 1251 1121 608 1236 753 483 299 175 184 153 58 124 767 380 103 59 513 277 99 43 484 476 432
is_linear=0
shrinkage=0.1


Tree=15
num_leaves=31
num_cat=0
split_feature=14 7 9 10 5 9 128 16 12 174 7 5 0 26 15 12 0 86 74 6 0 133 0 0 5 0 99 98 26 97
split_gain=16.5132 14.1421 7.3758 6.32762 6.63608 6.01309 5.74651 5.69394 5.49582 6.1477 5.37998 5.27713 4.78754 9.71771 7.35446 5.32321 5.70499 4.51071 4.07832 4.55249 5.3759 3.67428 3.65376 3.63547 6.76397 3.56276 3.52275 7.78022 4.63375 3.50008
threshold=1.0000000180025095e-35 1.0000000180025095e-35 1.0000000180025095e-35 1.0000000180025095e-35 1.0000000180025095e-35 1.0000000180025095e-35 1.0000000180025095e-35 1.0000000180025095e-35 1.0000000180025095e-35 1.0000000180025095e-35 1.0000000180025095e-35 1.0000000180025095e-35 7.7043120861053476 1.0000000180025095e-35 1.0000000180025095e-35 1.0000000180025095e-35 11.108829498291017 1.0000000180025095e-35 1.0000000180025095e-35 1.0000000180025095e-35 10.120465755462648 1.0000000180025095e-35 15.585215568542482 8.3682408332824725 1.0000000180025095e-35 2.7748117446899419 1.0000000180025095e-35 1.0000000180025095e-35 1.0000000180025095e-35 1.0000000180025095e-35
decision_type=2 2 2 2 2 2 2 2 2 2 2 2 2 2 2 2 2 2 2 2 2 2 2 2 2 2 2 2 2 2
left_child=1 5 6 4 10 8 11 18 9 -1 17 -3 13 14 -4 -14 -17 22 19 -5 -21 -15 -2 24 -20 -7 27 -6 -28 -9
right_child=3 2 12 7 26 25 -8 29 -10 -11 -12 -13 15 21 -16 16 -18 -19 23 20 -22 -23 -24 -25 -26 -27 28 -29 -30 -31
leaf_value=-0.034415571092130663 -0.042812022731874795 -0.023939174767592553 0.010403004475240341 0.048204324596661331 0.0051610161027657057 -0.098355995262743037 -0.08111540690370514 0.010447546973040768 -0.068450828769201583 0.086993462928064355 0.013872004892224014 0.020450229079697291 0.018880074621314882 -0.099457740706061531 0.17714349696249926 0.15393760654195524 0.047161613419288408 0.049885668607545057 0.18968152770039184 -0.054928466473163608 0.039634449290689391 -0.0075596442601168828 0.016211490817523374 0.050862714181457651 0.023446237449358351 -0.010504579508915493 0.0046940430005426919 0.10874165054341547 0.1028298370700844 -0.078282361972201023
leaf_weight=58.705935880541801 63.543677411973476 61.484675481915474 8.9351520985364932 42.245338693261147 78.566401839256287 4.819158509373664 10.78852181881666 37.241103082895279 57.833660885691643 4.4896804913878432 57.367988929152489 47.450365699827671 39.072352789342403 9.0468366071581841 3.7577481418848029 7.0991020053625133 16.954385802149773 7.1724079623818389 5.9214556068181974 11.687301501631739 12.380110986530779 8.381386935710907 12.561179399490355 27.690199762582779 4.1723626405000687 109.6348677277565 8.3070714324712753 7.9889900535345069 11.434137091040611 5.0483300685882559
leaf_count=479 369 400 50 195 399 37 92 214 452 26 299 273 185 52 19 33 77 37 29 64 54 45 62 126 22 657 40 38 52 29
internal_value=-0.000630915 -0.0137479 0.00492529 0.0143245 0.00455894 -0.0306359 -0.0114985 0.0307981 -0.0461755 -0.0257902 -0.00969239 -0.00460386 0.0260124 -0.00679009 0.0597667 0.0416645 0.0786753 -0.0259254 0.0433687 0.0284277 -0.00628595 -0.0552631 -0.0330701 0.0695907 0.120967 -0.0142036 0.0234154 0.0147214 0.0615344 -0.000144647
internal_weight=841.782 448.454 212.971 393.328 246.942 235.483 119.724 146.386 121.029 63.1956 140.645 108.935 93.247 30.1211 12.6929 63.1258 24.0535 83.2773 104.097 66.3128 24.0674 17.4282 76.1049 37.784 10.0938 114.454 106.297 86.5554 19.7412 42.2894
internal_count=4906 2877 1226 2029 1296 1651 765 733 957 505 767 673 461 166 69 295 110 468 490 313 118 97 431 177 51 694 529 437 92 243
is_linear=0
shrinkage=0.1


Tree=16
num_leaves=31
num_cat=0
split_feature=11 16 266 14 0 151 12 6 31 0 9 13 26 35 55 78 137 65 15 0 9 0 99 151 62 176 0 55 15 174
split_gain=15.9511 9.22049 7.12017 6.42337 5.28941 5.08239 4.60938 5.9863 6.91806 7.67443 7.06327 5.32246 5.98673 5.24061 5.64189 4.73848 4.45899 4.26047 3.83369 4.89434 3.82327 3.94896 3.89244 3.613 3.56873 3.54954 3.40799 4.03741 3.90648 3.39955
threshold=1.0000000180025095e-35 1.0000000180025095e-35 1.0000000180025095e-35 1.0000000180025095e-35 14.29021215438843 1.0000000180025095e-35 1.0000000180025095e-35 1.0000000180025095e-35 1.0000000180025095e-35 7.2210814952850351 1.0000000180025095e-35 1.0000000180025095e-35 1.0000000180025095e-35 1.0000000180025095e-35 1.0000000180025095e-35 1.0000000180025095e-35 1.0000000180025095e-35 1.0000000180025095e-35 1.0000000180025095e-35 3.1772758960723881 1.0000000180025095e-35 15.727583885192873 1.0000000180025095e-35 1.0000000180025095e-35 1.0000000180025095e-35 1.0000000180025095e-35 13.882272243499758 1.0000000180025095e-35 1.0000000180025095e-35 1.0000000180025095e-35
decision_type=2 2 2 2 2 2 2 2 2 2 2 2 2 2 2 2 2 2 2 2 2 2 2 2 2 2 2 2 2 2
left_child=1 4 3 16 5 6 7 -1 9 -9 -10 12 -11 15 -15 26 20 -6 19 -3 21 29 24 -5 -23 -21 27 28 -8 -2
right_child=2 18 -4 23 17 -7 13 8 10 11 -12 -13 -14 14 -16 -17 -18 -19 -20 25 -22 22 -24 -25 -26 -27 -28 -29 -30 -31
leaf_value=0.044607542748933915 -0.061895343064435004 -0.10386066967334591 0.13322832288819858 -0.0085889440688519097 0.04921437350940043 -0.047769070968394979 -0.088654169581104225 -0.025452334538721338 -0.11475071555601146 0.028493803358654691 0.029478438392460005 0.0020181176726886498 0.13640604678822954 -0.026892024154281019 0.079951734279471526 0.063799637326633032 -0.093481734373295877 -0.0052534231520801047 0.0083428298242124999 -0.017905310406034273 -0.011963719086441111 0.040534229948838811 0.10295254602296905 0.075726386617030128 -0.07430040117263105 0.082831841387956892 -0.10750266263067537 0.00021890603675646565 -0.0031105353742268355 0.038405596800822374
leaf_weight=79.53834655880928 59.86935056000948 6.5110995769500724 2.9683850035071364 108.90502593666315 75.662976920604706 13.827949188649653 12.133635066449642 22.282658025622368 8.59228867292404 10.338216990232468 5.6139823198318473 13.882171899080275 10.226436361670494 7.6000145971775064 14.132733836770058 7.4641276597976676 12.433299519121645 17.724951267242432 83.309696473181248 111.11790501326323 59.874864764511585 4.7301820740103704 3.0189781635999671 5.3310099169611922 6.324837863445282 3.6114665865898123 4.1735894232988349 53.003786191344261 9.5322671681642532 3.581315502524375
leaf_count=353 587 52 20 705 313 65 74 129 46 44 24 64 43 41 65 38 113 74 483 679 403 31 20 32 47 22 18 245 53 23
internal_value=-0.000614648 0.00883013 -0.0207848 -0.022516 0.0183395 0.0112973 0.0144567 0.0257714 0.00465087 0.0202786 -0.0577548 0.0498606 0.0821566 -0.00130184 0.0425881 -0.0123536 -0.0361342 0.0388764 -0.00817239 -0.0195207 -0.0309449 -0.0456046 0.00231688 -0.00465423 -0.0251654 -0.0147343 -0.0195631 -0.0146478 -0.0510179 -0.0562341
internal_weight=837.318 570.28 267.037 264.069 365.73 272.342 258.514 150.474 70.9358 56.7295 14.2063 34.4468 20.5647 108.04 21.7327 86.3074 149.833 93.3879 204.55 121.24 137.4 77.5247 14.074 114.236 11.055 114.729 78.8433 74.6697 21.6659 63.4507
internal_count=4906 2925 1981 1961 1689 1302 1237 703 350 280 70 151 87 534 106 428 1224 387 1236 753 1111 708 98 737 78 701 390 372 127 610
is_linear=0
shrinkage=0.1


Tree=17
num_leaves=31
num_cat=0
split_feature=11 15 16 5 36 51 77 9 62 12 6 168 0 0 26 7 9 10 60 40 14 73 83 83 140 0 0 0 8 0
split_gain=13.1084 7.98633 6.70314 6.01757 6.3254 5.56692 5.34862 5.07833 4.90069 5.45118 4.63264 4.38655 4.46253 4.12017 4.70405 4.50475 4.11973 5.17289 5.33592 4.02446 4.06788 4.01019 7.70556 5.23266 4.57932 4.13084 8.95998 4.00769 3.98244 3.82672
threshold=1.0000000180025095e-35 1.0000000180025095e-35 1.0000000180025095e-35 1.0000000180025095e-35 1.0000000180025095e-35 1.0000000180025095e-35 1.0000000180025095e-35 1.0000000180025095e-35 1.0000000180025095e-35 1.0000000180025095e-35 1.0000000180025095e-35 1.0000000180025095e-35 14.867898464202883 13.419575691223146 1.0000000180025095e-35 1.0000000180025095e-35 1.0000000180025095e-35 1.0000000180025095e-35 1.0000000180025095e-35 1.0000000180025095e-35 1.0000000180025095e-35 1.0000000180025095e-35 1.0000000180025095e-35 1.0000000180025095e-35 1.0000000180025095e-35 16.379192352294925 13.419575691223146 10.709103107452394 1.0000000180025095e-35 4.7556469440460214
decision_type=2 2 2 2 2 2 2 2 2 2 2 2 2 2 2 2 2 2 2 2 2 2 2 2 2 2 2 2 2 2
left_child=1 7 6 4 16 -6 13 8 9 10 -1 12 -5 14 19 -16 27 -18 -19 29 -21 22 24 25 -10 26 -23 -3 -28 -2
right_child=2 3 -4 11 5 -7 -8 -9 21 -11 -12 -13 -14 -15 15 -17 17 18 -20 20 -22 23 -24 -25 -26 -27 28 -29 -30 -31
leaf_value=0.030791356389734365 0.047918884579209828 -0.046048766887760585 -0.044625057071475634 0.022944869996426288 0.027769005298246482 0.13488086069958896 -0.11888477287434018 0.01093670786440114 -0.014241082919367799 -0.071757443106358107 -0.043262603528724124 0.11826181236824161 0.074985479562865068 0.015337471349849814 -0.053823795606051633 -0.0050423849359769778 -0.0044133505974045641 -0.014238708335477013 0.10244178468616626 -0.012683527592213181 0.12359803413591056 -0.023811895787002366 0.096952087994459438 -0.0946939753245295 0.087965942185222204 -0.08499621971876814 0.12501772200760461 0.0058930605552990744 0.013845749908916944 -0.023686804165809532
leaf_weight=14.953689180314539 9.8822974339127523 30.740867152810097 73.767620131373405 73.343674167990685 27.436092764139175 5.8947283625602713 4.3352434933185569 150.8431836143136 33.271951675415039 25.955379046499729 19.415933802723885 6.7180764451622954 21.252320930361748 58.831800229847431 42.7231739833951 33.992427505552769 35.611994117498398 5.98396771401167 11.359495297074318 3.7168387696146947 5.3326862752437592 35.281747817993164 10.219881474971769 7.8815101832151404 5.0488915890455237 6.1060849279165259 6.9434950202703458 28.744332581758499 6.0124120265245438 30.489925235509872
leaf_count=80 75 186 692 375 140 25 38 724 186 166 125 33 89 323 347 223 166 32 51 30 29 198 53 43 24 32 34 134 29 224
internal_value=-0.000594669 0.00793953 -0.019054 0.0214624 0.00845218 0.0467123 -0.0090895 -0.00243934 -0.0142324 -0.0371659 -0.0110429 0.0401817 0.0346365 -0.00651616 -0.0167089 -0.0322089 -0.00288928 0.0173979 0.0621838 0.00735115 0.0676242 -0.00174245 0.0198007 -0.0185479 -0.000774986 -0.00750433 0.00230486 -0.0209495 0.0734265 -0.00615919
internal_weight=832.092 569.02 263.072 247.086 145.771 33.3308 189.304 321.934 171.091 60.325 34.3696 101.314 94.596 184.969 126.137 76.7156 112.441 52.9555 17.3435 49.4217 9.04953 110.766 48.5407 62.2252 38.3208 54.3437 48.2377 59.4852 12.9559 40.3722
internal_count=4906 2925 1981 1231 734 165 1289 1694 970 371 205 497 464 1251 928 570 569 249 83 358 59 599 263 336 210 293 261 320 63 299
is_linear=0
shrinkage=0.1


Tree=18
num_leaves=31
num_cat=0
split_feature=14 7 107 9 0 0 1 15 0 0 12 1 9 79 11 9 67 84 98 0 0 7 15 67 10 71 67 73 93 26
split_gain=12.1915 11.3781 5.98756 6.0218 5.43237 5.35053 10.093 5.3325 5.39327 7.3697 7.85774 5.45488 4.45989 3.7791 5.96301 4.16085 7.376 3.57256 3.50313 4.27694 4.15441 3.43231 5.19905 4.66327 4.3925 6.25741 4.3711 4.27279 3.93843 3.87635
threshold=1.0000000180025095e-35 1.0000000180025095e-35 1.0000000180025095e-35 1.0000000180025095e-35 2.7748117446899419 8.4750170707702654 -0.024564606137573716 1.0000000180025095e-35 14.97056818008423 3.1252566576004033 1.0000000180025095e-35 0.73792684078216564 1.0000000180025095e-35 1.0000000180025095e-35 1.0000000180025095e-35 1.0000000180025095e-35 1.0000000180025095e-35 1.0000000180025095e-35 1.0000000180025095e-35 9.5071868896484393 12.262833595275881 1.0000000180025095e-35 1.0000000180025095e-35 1.0000000180025095e-35 1.0000000180025095e-35 1.0000000180025095e-35 1.0000000180025095e-35 1.0000000180025095e-35 1.0000000180025095e-35 1.0000000180025095e-35
decision_type=2 2 2 2 2 2 2 2 2 2 2 2 2 2 2 2 2 2 2 2 2 2 2 2 2 2 2 2 2 2
left_child=1 4 3 21 -1 -3 -7 12 9 -9 -11 -10 -6 14 -8 -16 -17 -14 -5 -20 -21 24 -23 29 28 26 -26 -27 -2 -24
right_child=2 5 -4 18 7 6 13 8 11 10 -12 -13 17 -15 15 16 -18 -19 19 20 -22 22 23 -25 25 27 -28 -29 -30 -31
leaf_value=-0.1029880881901642 -0.02785153995277545 -0.016487473967484227 -0.10896031551326038 0.023076539680650474 -0.059841634501249907 0.16678875533804291 0.032913731224541644 0.14421895744264937 0.14500550377867263 -0.0006281741708371759 -0.066619886042981732 0.013327951584070767 -0.014128450131478093 -0.043992942945216024 -0.046583660510490239 0.080107961510258063 -0.043278151701471229 -0.11236069688199041 0.0058182944863139439 0.17787804461562504 0.059477892173833348 -0.00095619811814336641 0.14080478525803808 0.019532215879592144 -0.059906493553717279 0.023645555493016147 0.013167532416482159 0.12000961566926344 0.062258021925629174 0.036456150210944581
leaf_weight=9.1648026481270772 74.3830451592803 75.697913818061352 4.0335856676101676 133.32770346850157 54.68250135332346 4.340067893266677 78.661914236843586 2.6343456432223311 3.7502538114786175 47.115661084651947 29.241928540170193 19.526156105101109 57.007070876657963 11.115310005843638 20.10505073517561 9.6799134165048599 9.699853740632534 3.9594389945268622 7.1018699854612377 4.6601204946637145 8.1398489177227003 57.990716300904751 7.5727447867393476 23.88582156598568 11.78412229567766 12.084441870450975 26.808356501162052 7.4305981099605551 5.1888058334588996 6.7183357030153275
leaf_count=94 436 519 20 639 475 24 368 21 21 337 217 104 358 63 150 48 54 24 34 22 36 315 36 117 68 60 151 34 29 32
internal_value=-0.000574502 -0.0120656 0.0122468 0.0135098 -0.0275679 0.0047537 0.0167888 -0.024396 -0.00776112 -0.020227 -0.0259004 0.0345436 -0.0391062 0.0117524 0.016997 -0.0147125 0.0183514 -0.0205081 0.0289183 0.0680538 0.102584 0.00341334 0.0179093 0.046566 -0.00671195 0.0141899 -0.00914545 0.0603374 -0.0219756 0.0917498
internal_weight=827.492 436.382 391.11 387.077 227.082 209.3 133.602 217.917 102.268 78.9919 76.3576 23.2764 115.649 129.262 118.147 39.4848 19.3798 60.9665 153.23 19.9018 12.8 233.847 96.1676 38.1769 137.679 58.1075 38.5925 19.515 79.5719 14.2911
internal_count=4906 2877 2029 2009 1651 1226 707 1557 700 575 554 125 857 683 620 252 102 382 731 92 58 1278 500 185 778 313 219 94 465 68
is_linear=0
shrinkage=0.1


Tree=19
num_leaves=31
num_cat=0
split_feature=16 11 11 77 6 0 104 151 61 13 31 7 0 98 8 67 151 8 12 7 32 15 0 0 14 0 26 61 54 1
split_gain=10.4672 6.59761 5.67852 4.81957 4.20202 7.62821 4.65793 3.79245 3.67162 7.90407 5.26283 4.84666 3.39584 4.86959 3.88777 3.87817 6.64182 3.52522 5.58317 3.73858 3.51236 3.45589 3.74928 3.91878 3.35084 6.74854 4.45994 4.46079 4.43226 5.28084
threshold=1.0000000180025095e-35 1.0000000180025095e-35 1.0000000180025095e-35 1.0000000180025095e-35 1.0000000180025095e-35 8.5516767501831072 1.0000000180025095e-35 1.0000000180025095e-35 1.0000000180025095e-35 1.0000000180025095e-35 1.0000000180025095e-35 1.0000000180025095e-35 12.462697029113771 1.0000000180025095e-35 1.0000000180025095e-35 1.0000000180025095e-35 1.0000000180025095e-35 1.0000000180025095e-35 1.0000000180025095e-35 1.0000000180025095e-35 1.0000000180025095e-35 1.0000000180025095e-35 4.1437373161315927 5.2279260158538827 1.0000000180025095e-35 5.542778968811036 1.0000000180025095e-35 1.0000000180025095e-35 1.0000000180025095e-35 0.1512662544846535
decision_type=2 2 2 2 2 2 2 2 2 2 2 2 2 2 2 2 2 2 2 2 2 2 2 2 2 2 2 2 2 2
left_child=1 12 -2 4 6 -6 -3 -4 10 11 -7 -10 15 17 -15 16 21 18 20 -20 -14 -1 -23 -24 25 -17 27 -26 -27 -30
right_child=2 3 7 -5 5 8 -8 -9 9 -11 -12 -13 13 14 -16 24 -18 -19 19 -21 -22 22 23 -25 26 28 -28 -29 29 -31
leaf_value=-0.024329155928425127 -0.0080418517136584666 0.010664598673146898 -0.046706474856639035 -0.11715103643918244 -0.066072418735155333 -0.00029943781177071808 -0.087541490486708257 0.052460931630854295 -0.043672241456902246 -0.11693475034632286 0.10532370280106536 0.10056516266051459 0.077954586014563843 0.037610774137708226 0.13069196393417701 -0.039854476150884256 -0.12722242475157516 0.0015611879637425661 -0.025040771184645177 0.046031496261850151 -0.012594819900365104 0.081783782657129767 -0.082747341680293879 0.018702067765411411 -0.052079408105962011 -0.0075285406226685272 0.045770766819004854 0.044307286021085274 0.094937704126645331 -0.00053942825464260952
leaf_weight=37.385796174407005 202.68092779070139 108.58348301798105 66.573152869939804 3.95160038024187 27.309669457376003 19.290575943887237 5.054474562406539 4.0935264304280272 4.9313579946756381 6.8503490835428229 6.244419462978839 4.4156122878193855 28.431460112333298 11.121799096465113 7.5220783054828635 25.327383227646351 4.578019678592681 54.710530489683151 17.470646992325783 12.84138807654381 5.0437210947275153 7.5416974425315848 4.5352491140365627 23.732005529105663 10.899742007255554 22.379736199975014 57.267003290355206 8.5820359438657761 13.680218771100046 10.047870337963102
leaf_count=180 1236 728 658 38 225 121 35 34 35 44 40 23 119 47 31 170 22 232 75 54 21 39 22 111 52 117 254 37 63 43
internal_value=-0.000560134 0.00739189 -0.0165525 -0.00788864 -0.00552515 -0.0249827 0.00629651 -0.040962 0.0019064 -0.0353361 0.02553 0.0244671 0.015246 0.0276594 0.0751654 0.0077119 -0.0103718 0.020185 0.0361588 0.00506828 0.0643115 -0.00306331 0.019139 0.00242534 0.0172029 0.00161618 0.0317106 -0.00961952 0.0243963 0.0545071
internal_weight=823.078 549.73 273.348 186.632 182.68 69.042 113.638 70.6667 41.7323 16.1973 25.535 9.34697 363.098 137.142 18.6439 225.957 77.7728 118.498 63.7872 30.312 33.4752 73.1947 35.809 28.2673 148.184 71.4352 76.7488 19.4818 46.1078 23.7281
internal_count=4906 2978 1928 1289 1251 488 763 692 263 102 161 58 1689 579 78 1110 374 501 269 129 140 352 172 133 736 393 343 89 223 106
is_linear=0
shrinkage=0.1


Tree=20
num_leaves=31
num_cat=0
split_feature=9 5 0 84 14 11 282 7 65 95 12 1 14 99 67 16 0 0 0 13 53 69 0 11 0 84 10 35 137 5
split_gain=10.1336 9.3431 6.92518 6.98369 6.61967 5.89581 4.50348 4.71513 5.66362 5.60602 4.28931 9.56313 4.23333 6.02197 3.88664 5.92204 5.74312 3.66553 5.4525 4.23976 3.53291 3.42375 3.99631 3.3074 4.38906 3.48372 3.18754 3.72699 3.40611 3.55899
threshold=1.0000000180025095e-35 1.0000000180025095e-35 8.1492128372192401 1.0000000180025095e-35 1.0000000180025095e-35 1.0000000180025095e-35 1.0000000180025095e-35 1.0000000180025095e-35 1.0000000180025095e-35 1.0000000180025095e-35 1.0000000180025095e-35 -0.51950716972351063 1.0000000180025095e-35 1.0000000180025095e-35 1.0000000180025095e-35 1.0000000180025095e-35 12.412046909332277 10.709103107452394 12.921286582946779 1.0000000180025095e-35 1.0000000180025095e-35 1.0000000180025095e-35 9.2238192558288592 1.0000000180025095e-35 17.622176170349125 1.0000000180025095e-35 1.0000000180025095e-35 1.0000000180025095e-35 1.0000000180025095e-35 1.0000000180025095e-35
decision_type=2 2 2 2 2 2 2 2 2 2 2 2 2 2 2 2 2 2 2 2 2 2 2 2 2 2 2 2 2 2
left_child=1 4 3 5 23 -3 7 9 10 12 -9 -12 13 -2 16 17 -4 19 -19 -16 -13 22 -11 25 -25 -1 28 -28 29 -14
right_child=6 2 14 -5 -6 -7 -8 8 -10 21 11 20 26 -15 15 -17 -18 18 -20 -21 -22 -23 -24 24 -26 -27 27 -29 -30 -31
leaf_value=-0.021517563274860121 -0.010300970083297273 -0.010498603404387132 -0.045052470527480619 0.10236988066214255 -0.0079476199876456471 -0.078518957929944913 0.10285155411188032 0.0068835044913332939 0.11722774240061068 0.0042948681157836781 -0.059844109748457587 0.077518389705004465 -0.031172969222808301 -0.086509240138790008 0.14301927112246818 -0.0098968720268575467 0.020731553424534359 -0.019121509508849475 0.0616794712623722 0.029208972156713982 0.0095047982556004142 -0.011910372953685138 0.10090082881341543 -0.069113490140288281 0.084797012314677581 -0.10181912869427918 0.019829276641306209 0.10901297100618207 0.071693468369816632 0.022573644306680969
leaf_weight=69.806473165750504 82.107722744345665 50.120937585830688 19.362212188541889 4.3914157077670088 133.06073582172394 17.087069563567638 5.3817724436521521 86.793959066271782 6.3150575533509246 6.5896758884191575 7.6056793853640547 33.055485837161541 32.957182712852955 11.867641925811766 8.0782604888081533 21.731526061892509 42.1857520788908 12.114287346601484 26.887220807373524 5.5030212923884383 9.9320824444293958 7.748631738126277 12.227792397141455 41.764175087213516 1.9388412684202183 5.855690859258174 25.010609492659572 5.7661475315690032 5.4897944554686537 19.675769172608852
leaf_count=460 527 312 125 34 763 184 25 428 30 41 42 155 171 71 40 155 225 65 122 31 44 38 62 441 15 37 116 26 29 92
internal_value=-0.000538827 -0.0103637 0.00535861 -0.019809 -0.0232855 -0.0277922 0.0120638 0.0106802 0.0246301 0.00110889 0.0203738 0.0435168 -0.00512678 -0.0199249 0.0186219 0.0340144 3.67304e-05 0.0521621 0.0365818 0.0969043 0.0618042 0.0440338 0.0670705 -0.0403832 -0.0622854 -0.0277323 0.0105163 0.0365382 -0.0032627 -0.0110809
internal_weight=818.413 459.888 207.462 71.5994 252.426 67.208 358.525 353.143 143.702 209.441 137.387 50.5932 182.875 93.9754 135.862 74.3143 61.548 52.5828 39.0015 13.5813 42.9876 26.5661 18.8175 119.365 43.703 75.6622 88.8995 30.7768 58.1227 52.633
internal_count=4906 3009 1293 530 1716 496 1897 1872 699 1173 669 241 1032 598 763 413 350 258 187 71 199 141 103 953 456 497 434 142 292 263
is_linear=0
shrinkage=0.1


Tree=21
num_leaves=31
num_cat=0
split_feature=9 5 14 0 101 11 282 7 65 95 176 14 99 133 12 1 0 1 7 54 61 42 16 0 40 82 13 21 0 67
split_gain=8.26022 7.68679 5.65966 5.65398 6.69092 4.15708 3.60437 3.79473 4.52234 4.49734 3.81749 3.8465 4.14337 4.6902 3.42754 7.69832 3.20232 6.14846 4.61825 4.91487 5.64685 4.62883 4.40161 4.05278 3.61358 3.18922 4.21471 3.98954 3.18265 3.12438
threshold=1.0000000180025095e-35 1.0000000180025095e-35 1.0000000180025095e-35 8.1492128372192401 1.0000000180025095e-35 1.0000000180025095e-35 1.0000000180025095e-35 1.0000000180025095e-35 1.0000000180025095e-35 1.0000000180025095e-35 1.0000000180025095e-35 1.0000000180025095e-35 1.0000000180025095e-35 1.0000000180025095e-35 1.0000000180025095e-35 -0.51950716972351063 15.305954456329347 0.73792684078216564 1.0000000180025095e-35 1.0000000180025095e-35 1.0000000180025095e-35 1.0000000180025095e-35 1.0000000180025095e-35 6.4298424720764169 1.0000000180025095e-35 1.0000000180025095e-35 1.0000000180025095e-35 1.0000000180025095e-35 7.7577002048492441 1.0000000180025095e-35
decision_type=2 2 2 2 2 2 2 2 2 2 2 2 2 2 2 2 2 2 2 2 2 2 2 2 2 2 2 2 2 2
left_child=1 2 16 4 5 28 7 9 14 10 11 12 13 25 -9 -16 18 -18 -1 -20 23 -22 24 -21 -19 27 -27 -2 -3 -5
right_child=6 3 -4 29 -6 -7 -8 8 -10 -11 -12 -13 -14 -15 15 -17 17 22 19 20 21 -23 -24 -25 -26 26 -28 -29 -30 -31
leaf_value=-0.070086819896792441 -0.00013736059043143947 -0.003054761766201404 -0.0071777706229782497 1.4438587367538409e-05 0.13861678807891009 -0.066557935955431941 0.091671800456100974 0.0061839303309831149 0.10437074777164668 0.039206176962875303 0.084686228965605806 0.0079162778917573548 -0.078882547819233484 -0.065488559420484968 -0.055488920058892534 0.0548751599125075 0.13089517404130208 -0.037204562499038446 -0.059431440090088564 0.13422677051031737 -0.084698678099478342 0.035866969447910853 -0.089311546762470884 0.014295986370095735 0.068968149426757747 -0.0045195279312051457 0.13424308196673382 -0.077014369192535653 -0.10330411714124631 0.030479589306810845
leaf_weight=42.196287650614977 47.787903152406216 47.307876534759998 132.62312490493059 61.37556978315115 2.6212261095643035 17.28179519250989 5.4313293397426596 86.943172797560692 6.3797952532768241 26.819233953952789 4.6603904739022246 87.581329442560673 11.047851100564001 14.221403397619722 7.3937648385763159 43.534649506211281 2.9526912868022945 7.1713201403617877 23.276761740446091 3.8852713480591783 9.0718620195984823 4.9067031741142282 6.7515839561820021 10.254349283874033 5.7968380302190781 5.2692852616310102 3.7442657276988029 7.8608052730560294 3.3940347284078589 74.555649101734161
leaf_count=423 297 296 763 350 19 195 25 428 30 141 25 427 69 110 42 199 17 39 194 30 70 29 55 64 32 33 24 47 20 413
internal_value=-0.000522779 -0.00946202 -0.0212969 0.00479957 -0.0181578 -0.0242025 0.0108277 0.00958468 0.0220602 0.00097379 -0.00465472 -0.00700026 -0.021527 -0.0134942 0.0182514 0.0388526 -0.0374026 -0.00368333 -0.0455711 -0.0254432 0.00269282 -0.0423782 -0.0238341 0.0472505 0.0102552 -0.00205888 0.053123 -0.0109968 -0.00976555 0.016724
internal_weight=814.098 455.423 248.887 206.536 70.6049 67.9837 358.675 353.244 144.251 208.992 182.173 177.513 89.9315 78.8837 137.872 50.9284 116.264 22.6724 93.5912 51.3949 28.1182 13.9786 19.7197 14.1396 12.9682 64.6623 9.01355 55.6487 50.7019 135.931
internal_count=4906 3009 1716 1293 530 511 1897 1872 699 1173 1032 1007 580 511 669 241 953 143 810 387 193 99 126 94 71 401 57 344 316 763
is_linear=0
shrinkage=0.1


Tree=22
num_leaves=31
num_cat=0
split_feature=16 312 11 0 0 129 77 91 21 55 9 104 151 6 0 32 1 31 82 8 10 0 15 102 9 53 0 8 55 94
split_gain=7.62048 4.79851 4.78648 6.65234 4.31034 5.81721 3.83945 3.68435 4.10956 4.78499 6.99197 3.76937 3.65228 3.51504 5.34586 4.07099 5.69544 3.45681 4.76497 4.8881 5.52152 3.48552 3.44972 4.29906 3.80951 3.80522 5.58715 4.67225 3.77633 5.81722
threshold=1.0000000180025095e-35 1.0000000180025095e-35 1.0000000180025095e-35 17.80835056304932 5.0171115398406991 1.0000000180025095e-35 1.0000000180025095e-35 1.0000000180025095e-35 1.0000000180025095e-35 1.0000000180025095e-35 1.0000000180025095e-35 1.0000000180025095e-35 1.0000000180025095e-35 1.0000000180025095e-35 8.6036963462829608 1.0000000180025095e-35 -0.25576089322566981 1.0000000180025095e-35 1.0000000180025095e-35 1.0000000180025095e-35 1.0000000180025095e-35 12.057495117187502 1.0000000180025095e-35 1.0000000180025095e-35 1.0000000180025095e-35 1.0000000180025095e-35 9.5071868896484393 1.0000000180025095e-35 1.0000000180025095e-35 1.0000000180025095e-35
decision_type=2 2 2 2 2 2 2 2 2 2 2 2 2 2 2 2 2 2 2 2 2 2 2 2 2 2 2 2 2 2
left_child=1 2 -1 6 12 22 7 8 11 -10 -11 13 -2 15 -15 -4 -17 18 19 21 -21 -16 24 -24 -6 26 -26 28 -28 -30
right_child=4 -3 3 -5 5 -7 -8 -9 9 10 -12 -13 -14 14 17 16 -18 -19 -20 20 -22 -23 23 -25 25 -27 27 -29 29 -31
leaf_value=0.012013954707190536 -0.048432490333368002 0.09192065271884825 0.016191100550528383 0.14694564430580562 -0.038870195029037644 0.063428005341172586 -0.11544936556409312 -0.1029511789685592 -0.046720429741549302 -0.028413678459221398 0.15126303562203317 -0.083841422577609626 0.075123604463230326 -0.065265616754892272 -7.918542214191895e-05 0.065287503717393947 -0.057605948089341955 0.056353214917124285 0.073719688600732566 -0.05438905613402896 0.11795754790854902 -0.10477357750097289 -0.0030106134116362417 0.081264197756593798 -0.026847808493104797 -0.04003451575436931 0.097382876725309125 0.11637731283658788 -0.075392447890239508 0.080840925301148683
leaf_weight=354.86717860028148 44.567844044417143 6.4656853377819052 71.990979824215174 2.7312672287225714 67.126225184649229 10.706809323281048 3.4068611413240424 4.0155545249581328 3.8215074948966476 3.399537093937397 5.9677281603217125 6.7133990935981265 2.5281194671988478 22.188491601496935 4.6375982724130216 4.7558306902647045 18.213227361440659 7.7713821902871123 4.5586329102516165 3.9130977541208258 3.5410291031002998 10.1172813847661 76.84369396045804 6.5706891790032378 18.076411388814449 19.55579350143671 4.0796327367424974 6.9046510234475127 6.3260752856731415 3.8237823396921158
leaf_count=1667 383 33 485 15 551 81 37 28 30 32 31 47 20 199 34 38 116 50 26 26 20 64 502 42 121 107 22 39 40 20
internal_value=-0.00051475 0.00628688 0.00525507 -0.00794214 -0.0143435 -0.00846625 -0.0103053 -0.00826546 -0.00604962 0.047583 0.0860554 -0.0105152 -0.0418 -0.00726989 -0.0269653 0.00449578 -0.0321604 -0.00236041 -0.0194066 -0.0385217 0.027483 -0.0718671 -0.0121439 0.00362785 -0.022594 -0.00400242 0.0139681 0.0488788 0.0161261 -0.0165342
internal_weight=810.186 543.076 536.611 181.743 267.11 220.014 179.012 175.605 171.59 13.1888 9.36727 158.401 47.096 151.688 56.7275 94.96 22.9691 34.539 26.7676 22.209 7.45413 14.7549 209.307 83.4144 125.893 58.7663 39.2106 21.1341 14.2295 10.1499
internal_count=4906 2978 2945 1278 1928 1525 1263 1226 1198 93 63 1105 403 1058 419 639 154 220 170 144 46 98 1444 544 900 349 242 121 82 60
is_linear=0
shrinkage=0.1


Tree=23
num_leaves=31
num_cat=0
split_feature=14 7 229 0 15 80 11 10 137 5 0 1 12 0 139 21 0 133 1 0 6 67 1 9 0 54 0 1 12 7
split_gain=7.34731 6.8953 5.01034 4.66653 4.40801 4.14493 4.84361 3.98016 4.4328 4.39279 3.72181 5.73783 6.90225 4.56604 4.29143 4.16889 4.15245 5.08162 4.65997 9.05061 4.05114 4.96077 3.91747 3.56795 3.51829 3.39516 4.99923 6.46856 7.27448 3.31969
threshold=1.0000000180025095e-35 1.0000000180025095e-35 1.0000000180025095e-35 2.7748117446899419 1.0000000180025095e-35 1.0000000180025095e-35 1.0000000180025095e-35 1.0000000180025095e-35 1.0000000180025095e-35 1.0000000180025095e-35 14.97056818008423 -0.65274924039840687 1.0000000180025095e-35 4.0561258792877206 1.0000000180025095e-35 1.0000000180025095e-35 5.542778968811036 1.0000000180025095e-35 0.059396151453256614 10.965092182159426 1.0000000180025095e-35 1.0000000180025095e-35 0.73792684078216564 1.0000000180025095e-35 17.229294776916507 1.0000000180025095e-35 10.260096073150637 -0.052095215767621987 1.0000000180025095e-35 1.0000000180025095e-35
decision_type=2 2 2 2 2 2 2 2 2 2 2 2 2 2 2 2 2 2 2 2 2 2 2 2 2 2 2 2 2 2
left_child=1 3 7 -1 23 6 -3 9 -9 24 11 -6 13 -13 15 -14 -15 18 -18 -20 -21 -22 -12 -5 29 -8 27 28 -27 -2
right_child=2 5 -4 4 10 -7 25 8 -10 -11 22 12 14 16 -16 -17 17 -19 19 20 21 -23 -24 -25 -26 26 -28 -29 -30 -31
leaf_value=-0.098662225605090859 -0.025842329756980129 0.018810362066141107 -0.084499571803851703 -0.053004308326144625 0.12607862156307856 -0.046835131580079008 -0.041084317649971905 0.028982481240207136 -0.036820076922538116 0.01842137909711029 0.12147655784323366 0.13955358259909759 -0.091007888866806025 -0.075110857420504357 0.066591302489682078 0.020905303306024969 -0.059088620816957815 0.13106655993435398 0.14198447256906491 -0.051409623878327093 -0.030833314953544407 0.12895732715788652 0.012332966758276026 -0.016634679825132608 0.069005520504262605 -0.068372479763973246 -0.024671965731229623 0.15176849921126156 0.1135950075759673 0.0065883205331550704
leaf_weight=7.6944456137716761 75.687026284635067 126.11503816395998 5.5994435623288146 49.621313598006964 2.781413607299327 15.160348266363142 28.020326640456915 132.87318733334541 11.092072337865828 102.95895302295685 3.9601320698857334 2.340345434844493 20.567268881946809 6.8752351365983477 2.4234563633799544 3.9712735898792735 9.9539685770869237 3.1480609588325015 4.9907715991139439 10.269895866513254 4.1384707614779463 3.6621468514204025 19.392793409526348 59.100087568163872 5.5471618250012389 5.4607421271502954 21.195156440138817 4.4581667408347121 3.6756937988102436 54.142374575138092
leaf_count=94 446 674 29 475 21 93 225 664 61 516 21 22 171 62 16 30 75 28 35 68 22 25 104 382 27 47 129 30 28 286
internal_value=-0.000508631 -0.00969039 0.00940871 -0.0221924 -0.0193526 0.00347352 0.00751056 0.0107842 0.0239126 0.002854 -0.00402675 -0.014866 -0.0202851 0.00352447 -0.0603584 -0.0728961 -0.00387251 0.00967106 -0.0019042 0.0227784 -0.0101443 0.0441834 0.0308413 -0.0332341 -0.00898558 -0.0151781 0.00568728 0.05302 0.00483514 -0.0123179
internal_weight=806.877 418.977 387.9 214.891 207.197 204.085 188.925 382.301 143.965 238.336 98.4752 75.1223 72.3409 45.3789 26.962 24.5385 43.0385 36.1633 33.0153 23.0613 18.0705 7.80062 23.3529 108.721 135.377 62.8101 34.7898 13.5946 9.13644 129.829
internal_count=4906 2877 2029 1651 1557 1226 1133 2000 725 1275 700 575 554 337 217 201 315 253 225 150 115 47 125 857 759 459 234 105 75 732
is_linear=0
shrinkage=0.1


Tree=24
num_leaves=31
num_cat=0
split_feature=16 72 13 99 45 0 105 11 21 67 53 68 151 9 57 15 76 0 10 73 0 312 61 6 8 15 99 68 14 13
split_gain=6.28545 4.06536 4.58992 4.91293 5.26785 7.57279 4.17161 4.00182 3.96239 7.83685 3.85365 3.5525 3.39672 3.18598 3.7799 3.91958 3.11558 2.92575 6.17035 3.12855 2.91015 2.88846 2.94845 4.44571 4.45298 4.15699 5.89662 3.86609 3.33747 3.14255
threshold=1.0000000180025095e-35 1.0000000180025095e-35 1.0000000180025095e-35 1.0000000180025095e-35 1.0000000180025095e-35 9.7960300445556658 1.0000000180025095e-35 1.0000000180025095e-35 1.0000000180025095e-35 1.0000000180025095e-35 1.0000000180025095e-35 1.0000000180025095e-35 1.0000000180025095e-35 1.0000000180025095e-35 1.0000000180025095e-35 1.0000000180025095e-35 1.0000000180025095e-35 11.296372413635256 1.0000000180025095e-35 1.0000000180025095e-35 3.0691307783126835 1.0000000180025095e-35 1.0000000180025095e-35 1.0000000180025095e-35 1.0000000180025095e-35 1.0000000180025095e-35 1.0000000180025095e-35 1.0000000180025095e-35 1.0000000180025095e-35 1.0000000180025095e-35
decision_type=2 2 2 2 2 2 2 2 2 2 2 2 2 2 2 2 2 2 2 2 2 2 2 2 2 2 2 2 2 2
left_child=1 2 3 11 5 -5 21 16 10 -10 -4 13 -9 -1 -15 17 20 18 -16 -20 -2 22 -3 24 28 26 27 -25 29 -24
right_child=7 6 8 4 -6 -7 -8 12 9 -11 -12 -13 -14 14 15 -17 -18 -19 19 -21 -22 -23 23 25 -26 -27 -28 -29 -30 -31
leaf_value=-0.0077146879818213547 -0.058011897003896862 0.028947711234525997 -0.024387320527961602 0.0088659152986327629 -0.029281222363235326 0.13867467769971398 -0.060401714403565121 -0.040464672469013446 -0.051020406588186074 0.071684588584329453 0.060607328781704051 -0.078415495257202122 0.054202656810150962 0.042803111561016627 -0.099602885567918242 0.036767616460737937 -0.086830199573574809 0.043412251077495308 -0.062772655163837246 0.041061301064363218 -0.0013513659546048242 0.10164560268783429 0.016403927575899827 -0.077714452800402734 0.059131948388102977 0.017348590261906036 -0.12832595036005395 0.041880705115954493 0.032165577290574059 -0.089111100525491621
leaf_weight=85.679590240120888 9.5342963859438878 106.29477196186781 122.50023014843464 8.3714552745223099 6.0454932004213324 9.7032826542854291 6.6481882631778708 61.351568523794413 8.3841966949403286 13.726345393806696 5.5773163735866538 5.1527508199214926 4.0397450029849997 38.428332082927227 9.6117214411497152 17.940010018646717 4.6665659323334685 5.3444077149033538 4.3758099377155295 8.6142019927501678 184.04639316350222 4.2568611726164809 4.9388326853513718 4.8522935807704943 19.440772391855717 12.907715752720835 7.0528062060475341 6.1023014336824417 11.546797633171082 6.587471567094326
leaf_count=580 80 515 758 41 29 46 32 658 52 73 26 26 34 199 49 88 30 26 22 39 1126 20 28 23 93 63 35 29 51 35
internal_value=-0.000507008 0.00567158 -0.000736345 0.00921329 0.0515252 0.0785527 0.0174184 -0.0131643 -0.0139373 0.0251555 -0.0206861 0.00338632 -0.0346163 0.00586585 0.0196663 0.000289807 -0.00608843 -0.0231271 -0.038861 0.00608384 -0.00414203 0.0202304 0.0183021 0.0028916 0.0238741 -0.0259631 -0.0570089 -0.0110935 -0.00583325 -0.0438996
internal_weight=803.723 540.084 349.455 199.267 24.1202 18.0747 190.629 263.639 150.188 22.1105 128.078 175.147 65.3913 169.994 84.3145 45.8862 198.247 27.9461 22.6017 12.99 193.581 183.981 179.724 73.429 42.5139 30.9151 18.0074 10.9546 23.0731 11.5263
internal_count=4906 2978 2054 1145 116 87 924 1928 909 125 784 1029 692 1003 423 224 1236 136 110 61 1206 892 872 357 207 150 87 52 114 63
is_linear=0
shrinkage=0.1


Tree=25
num_leaves=31
num_cat=0
split_feature=14 7 107 236 229 0 214 153 15 0 0 67 0 16 12 139 93 0 168 0 0 0 81 0 138 5 40 83 10 5
split_gain=5.83835 5.72965 4.98299 4.22612 4.77347 4.16501 3.60511 3.50898 3.53284 5.44902 7.19693 5.3651 3.77331 3.09469 5.04031 5.01409 4.35277 4.21854 3.97198 3.3093 3.77884 3.80365 4.68391 3.69547 3.05656 2.98645 5.48316 4.55742 2.89248 3.80109
threshold=1.0000000180025095e-35 1.0000000180025095e-35 1.0000000180025095e-35 1.0000000180025095e-35 1.0000000180025095e-35 2.7748117446899419 1.0000000180025095e-35 1.0000000180025095e-35 1.0000000180025095e-35 17.229294776916507 15.51813840866089 1.0000000180025095e-35 3.4811772108078007 1.0000000180025095e-35 1.0000000180025095e-35 1.0000000180025095e-35 1.0000000180025095e-35 16.880219459533695 1.0000000180025095e-35 3.8535249233245854 4.850102663040162 5.9671459197998056 1.0000000180025095e-35 12.510609149932863 1.0000000180025095e-35 1.0000000180025095e-35 1.0000000180025095e-35 1.0000000180025095e-35 1.0000000180025095e-35 1.0000000180025095e-35
decision_type=2 2 2 2 2 2 2 2 2 2 2 2 2 2 2 2 2 2 2 2 2 2 2 2 2 2 2 2 2 2
left_child=1 5 3 4 28 -1 13 8 9 10 24 -12 -10 14 19 16 17 -16 -15 -7 -21 22 -22 -23 -3 26 -14 -27 29 -2
right_child=2 7 -4 -5 -6 6 -8 -9 12 -11 11 -13 25 18 15 -17 -18 -19 -20 20 21 23 -24 -25 -26 27 -28 -29 -30 -31
leaf_value=-0.096178564049202053 -0.0085572708601970512 -0.015196553496738026 -0.10422011131362899 0.10359500632565632 -0.089316541190472165 0.095417864472833527 0.089972411914815142 -0.095538771550802828 -0.055750804971170478 -0.1145446813312973 0.12476257880808868 -0.0012855246836280237 -0.0056833685369871521 -0.040650236179776644 -0.059129802312550044 0.056100256400404669 0.079100161906903166 0.027274908346504919 0.074316643333995056 -0.094360849159786944 0.18713384871101757 -0.025209521470095586 0.0042322843995753435 0.026671544184769348 0.064946349772531095 0.068127539036561505 0.083005944625027278 -0.039337696250341836 0.020869411130476731 0.017275318394222864
leaf_weight=6.9932328388094893 130.37989744544029 94.467701215296984 3.8926531895995131 4.71393197774887 4.9417102411389342 4.120254408568143 3.0633760988712302 3.5330670215189448 5.9492043368518344 4.4586684405803672 7.2983000576496107 6.2845562100410461 37.298594269901514 70.063004549592733 43.635656591504812 5.8971630111336699 2.8503307029604903 6.4910494685173026 3.1397876553237429 3.7558879666030398 2.5609735436737529 27.208150967955589 3.0889561213552952 27.714203543961048 5.0113090462982646 25.408367983996872 8.5731725096702558 4.6718300208449355 141.67278657108545 101.1509748250246
leaf_count=94 740 598 20 22 27 33 25 19 48 24 37 32 224 629 327 38 21 33 29 32 22 187 26 155 38 133 45 28 712 508
internal_value=-0.000481456 -0.00874147 0.00835062 0.00949516 0.00832212 -0.0202972 -0.0176907 0.00324849 0.00499866 -0.00611262 -0.00183653 0.0664423 0.0209423 -0.0193354 -0.00991575 -0.0313691 -0.0411058 -0.047941 -0.0357191 0.00853681 0.00297203 0.00900733 0.087137 0.000970026 -0.0111593 0.0269496 0.0108922 0.0514368 0.00961498 0.00272844
internal_weight=800.289 413.537 386.752 382.859 378.145 210.582 203.589 202.955 199.422 117.521 113.062 13.5829 81.9012 200.525 127.323 58.8742 52.977 50.1267 73.2028 68.4484 64.3282 60.5723 5.64993 54.9224 99.479 75.952 45.8718 30.0802 373.204 231.531
internal_count=4906 2877 2029 2009 1987 1651 1557 1226 1207 729 705 69 478 1532 874 419 381 360 658 455 422 390 48 342 636 430 269 161 1960 1248
is_linear=0
shrinkage=0.1


Tree=26
num_leaves=31
num_cat=0
split_feature=9 5 14 1 84 11 80 0 0 153 0 1 174 1 83 16 61 11 0 84 132 1 12 282 15 42 0 47 11 0
split_gain=6.0566 5.47056 4.05299 3.64527 5.21678 4.85819 3.32688 2.97643 3.68536 2.92599 2.91494 2.77999 2.90684 3.77988 2.76145 5.96652 2.9962 2.59798 3.31603 3.20538 3.01118 3.40032 2.59443 2.55453 2.32028 4.88727 6.0854 5.21198 3.78641 3.98069
threshold=1.0000000180025095e-35 1.0000000180025095e-35 1.0000000180025095e-35 -0.16024032235145566 1.0000000180025095e-35 1.0000000180025095e-35 1.0000000180025095e-35 7.7577002048492441 8.1492128372192401 1.0000000180025095e-35 2.8952771425247197 -0.030344513244926926 1.0000000180025095e-35 0.62826070189476024 1.0000000180025095e-35 1.0000000180025095e-35 1.0000000180025095e-35 1.0000000180025095e-35 17.622176170349125 1.0000000180025095e-35 1.0000000180025095e-35 -0.34367632865905756 1.0000000180025095e-35 1.0000000180025095e-35 1.0000000180025095e-35 1.0000000180025095e-35 12.992471218109133 1.0000000180025095e-35 1.0000000180025095e-35 10.310746192932131
decision_type=2 2 2 2 2 2 2 2 2 2 2 2 2 2 2 2 2 2 2 2 2 2 2 2 2 2 2 2 2 2
left_child=1 2 10 4 5 6 14 -5 -9 23 -1 -10 -13 -14 16 -16 -3 19 -19 20 -12 22 -22 -2 28 27 -27 -26 -4 -30
right_child=9 3 24 7 -6 -7 -8 8 11 -11 17 12 13 -15 15 -17 -18 18 -20 -21 21 -23 -24 -25 25 26 -28 -29 29 -31
leaf_value=-0.10988317404366568 0.0093376756312581587 0.00024285303717759815 -0.0011921535968996986 0.10699865944226142 0.091879673369389236 -0.079600576788855612 -0.10377613387326089 -0.079510370235077552 0.080980037030758484 -0.063767841238981104 -0.020455300914232009 0.0054024270794731195 0.12772306003589648 0.012989659469105533 -0.045062329105656322 0.13414435355046395 -0.079865768281685526 -0.058253873213426059 0.073555861667448 -0.093900669495753319 0.069064380408339246 0.13820816329495286 -0.059119809129778891 0.078492338419287044 -0.026719963135766019 0.013883189023862021 0.16104449675834709 0.052438247470668144 -0.01134905616655868 -0.08852350468898372
leaf_weight=4.6783112026751033 343.25356244295835 27.279414355754852 47.03166014701128 3.2605682238936415 4.1202256381511679 12.528163406997917 3.4144263640046111 4.4198189787566653 5.805746514350175 5.3995011597871772 54.659454256296158 116.92956092208624 4.6422657668590528 7.5274661406874657 3.3700333386659613 4.1404327750205994 5.6329531446099272 34.169490776956081 2.0215604677796355 5.120524398982524 3.042389877140522 2.6095464527606946 3.2825892120599747 5.426004782319068 33.364031419157982 8.3043007925152761 4.2470822259783736 11.080193191766737 13.960440054535868 12.82234278321266
leaf_count=67 1841 175 248 22 30 163 21 34 39 31 365 666 23 35 23 27 35 403 15 35 22 18 28 25 188 45 19 61 114 88
internal_value=-0.000469912 -0.00825669 -0.0184649 0.00382768 -0.0167432 -0.0246833 -0.00898863 0.012554 0.0103437 0.0092826 -0.0326513 0.0132875 0.0102433 0.0567559 -0.000982146 0.0537322 -0.0134677 -0.0292071 -0.0508912 -0.0177864 -0.0116577 0.042164 0.0025383 0.0104138 -0.00658043 0.00857609 0.063679 -0.00698538 -0.0182835 -0.0482966
internal_weight=797.544 443.465 240.394 203.071 60.4856 56.3654 43.8373 142.585 139.325 354.079 109.584 134.905 129.099 12.1697 40.4228 7.51047 32.9124 104.906 36.1911 68.7145 63.594 8.93453 6.32498 348.68 130.81 56.9956 12.5514 44.4442 73.8144 26.7828
internal_count=4906 3009 1716 1293 474 444 281 819 797 1897 953 763 724 58 260 50 210 886 418 468 433 68 50 1866 763 313 64 249 450 202
is_linear=0
shrinkage=0.1


Tree=27
num_leaves=31
num_cat=0
split_feature=15 9 5 88 73 0 174 0 61 26 10 0 56 83 7 11 97 151 16 6 100 40 21 67 11 132 13 0 0 0
split_gain=5.18802 4.83256 4.49587 5.68897 4.68953 7.48805 6.70038 4.61527 6.22348 5.85884 5.26974 4.94291 4.89801 4.85098 4.53435 7.86001 5.31648 4.61511 4.27639 4.19357 4.04335 4.03406 3.93092 3.64327 3.40835 3.79646 3.43572 3.42209 3.3848 3.20989
threshold=1.0000000180025095e-35 1.0000000180025095e-35 1.0000000180025095e-35 1.0000000180025095e-35 1.0000000180025095e-35 4.0561258792877206 1.0000000180025095e-35 4.7049965858459482 1.0000000180025095e-35 1.0000000180025095e-35 1.0000000180025095e-35 14.867898464202883 1.0000000180025095e-35 1.0000000180025095e-35 1.0000000180025095e-35 1.0000000180025095e-35 1.0000000180025095e-35 1.0000000180025095e-35 1.0000000180025095e-35 1.0000000180025095e-35 1.0000000180025095e-35 1.0000000180025095e-35 1.0000000180025095e-35 1.0000000180025095e-35 1.0000000180025095e-35 1.0000000180025095e-35 1.0000000180025095e-35 5.4524297714233407 16.425735473632816 11.690622806549074
decision_type=2 2 2 2 2 2 2 2 2 2 2 2 2 2 2 2 2 2 2 2 2 2 2 2 2 2 2 2 2 2
left_child=1 18 14 4 6 -6 7 8 12 10 23 13 -4 29 15 16 -2 21 20 -3 -1 22 24 -9 25 26 -16 -27 -21 -11
right_child=2 19 3 -5 5 -7 -8 9 -10 11 -12 -13 -14 -15 17 -17 -18 -19 -20 28 -22 -23 -24 -25 -26 27 -28 -29 -30 -31
leaf_value=-0.0049309987704199507 -0.005727850363257056 0.014212891210169526 0.040341631689710805 0.13047070885479156 -0.1031783094892296 0.056673294268652967 0.11656967112118069 -0.1126638852186147 0.17831595952806484 0.036517788779838599 0.015233608439518523 0.088167103094231883 -0.101704692700231 -0.092913546367711625 -0.012899412246063903 -0.055473880513275037 0.078482790081711773 0.11898812654311297 -0.036111995595146919 -0.020644167427106733 -0.094709223989443883 0.064670127263301208 0.062888719088184483 -0.020688784409079161 0.028077494403990003 -0.034990618770431178 -0.078990564915686678 0.095564787273417856 0.051253203134743124 -0.060086198131168569
leaf_weight=157.36665625870228 73.116803217679262 136.09314434602857 15.043533697724348 4.7638583108782759 3.1525296047329894 41.599913157522678 5.0994192212820044 11.993955161422493 2.7761071249842635 15.519205402582889 8.5207963213324565 6.8900514617562285 2.8945876508951178 5.2525376118719569 20.745264023542404 32.166688688099384 8.3535840883851034 4.2034548148512831 79.356035485863686 75.151199854910374 5.1816638186573973 12.176788702607153 9.2843980155885202 6.7196337655186644 19.017724443227053 3.5830332115292531 12.669102780520914 4.5665129572153091 7.1729610487818709 4.4189037755131713
leaf_count=971 392 726 110 28 22 224 23 65 17 95 48 33 19 33 101 318 41 23 722 417 30 61 51 37 129 21 68 24 34 23
internal_value=-0.000459711 -0.00734693 0.00901732 0.0231422 0.0192055 0.0454127 0.00542826 -0.0016536 0.0389834 -0.015845 -0.0499554 0.0131124 0.0174203 -0.00741624 -0.000497425 -0.0136188 0.00290671 0.0167911 -0.0170829 0.00343599 -0.00779292 0.0115551 0.0022978 -0.0796377 -0.00698802 -0.0230324 -0.037958 0.0381647 -0.0143797 0.0151073
internal_weight=794.85 460.322 334.528 134.645 129.881 44.7524 85.1287 80.0293 20.7142 59.3151 27.2344 32.0807 17.9381 25.1906 199.883 113.637 81.4704 86.2463 241.904 218.417 162.548 82.0428 69.866 18.7136 60.5816 41.5639 33.4144 8.14955 82.3242 19.9381
internal_count=4906 2900 2006 777 749 246 503 480 146 334 150 184 129 151 1229 751 433 478 1723 1177 1001 455 394 102 343 214 169 45 451 118
is_linear=0
shrinkage=0.1


Tree=28
num_leaves=31
num_cat=0
split_feature=14 7 107 0 0 236 229 12 0 6 80 11 49 31 54 12 9 42 73 262 0 85 16 0 8 11 6 94 0 137
split_gain=4.64693 4.63218 4.18045 3.6678 4.44176 3.41357 3.95091 3.23862 4.05282 4.09672 3.21239 3.6505 2.99887 2.89116 2.91832 5.94257 3.6151 3.48885 2.79726 2.76255 2.90754 2.74611 2.68353 6.13682 3.02049 3.51367 2.59783 3.55178 3.59446 3.09526
threshold=1.0000000180025095e-35 1.0000000180025095e-35 1.0000000180025095e-35 2.8952771425247197 3.1252566576004033 1.0000000180025095e-35 1.0000000180025095e-35 1.0000000180025095e-35 16.425735473632816 1.0000000180025095e-35 1.0000000180025095e-35 1.0000000180025095e-35 1.0000000180025095e-35 1.0000000180025095e-35 1.0000000180025095e-35 1.0000000180025095e-35 1.0000000180025095e-35 1.0000000180025095e-35 1.0000000180025095e-35 1.0000000180025095e-35 5.2279260158538827 1.0000000180025095e-35 1.0000000180025095e-35 16.379192352294925 1.0000000180025095e-35 1.0000000180025095e-35 1.0000000180025095e-35 1.0000000180025095e-35 3.1772758960723881 1.0000000180025095e-35
decision_type=2 2 2 2 2 2 2 2 2 2 2 2 2 2 2 2 2 2 2 2 2 2 2 2 2 2 2 2 2 2
left_child=1 3 5 -1 -5 6 21 12 19 -10 11 26 -6 14 17 -16 -17 -13 -12 20 -9 -2 23 24 25 -14 27 28 -3 -28
right_child=2 10 -4 4 7 -7 -8 8 9 -11 18 13 22 -15 15 16 -18 -19 -20 -21 -22 -23 -24 -25 -26 -27 29 -29 -30 -31
leaf_value=-0.085601063468365643 0.0096683201171463267 -0.053354097106331488 -0.09764360143693851 0.1046288300139589 0.0048630179159472398 0.092457936948211306 -0.083473023126412513 -0.09019942441169862 -0.03128586900114786 0.083920991483504598 -0.012481108939581874 -0.050757632155128511 0.055394464380631107 -0.061722868688548038 -0.016430216798213975 0.024486651015470873 0.14191983950214185 0.064736293587823387 -0.10650873420217111 0.060821054483937834 -0.035762326540971855 -0.05734227188597877 -0.066374816227480163 0.081709273595781895 -0.088936314828723398 -0.080965743477281221 -0.0081388375838539109 -0.032461112228491108 0.042405088064268515 0.082694256175662284
leaf_weight=7.8225478641688815 365.73693250864744 4.189666159451007 3.7499044165015212 3.0166060477495185 75.44010516628623 4.7773488014936438 4.7250577583909026 11.759740442037581 6.859409034252165 5.6117910146713257 10.002365559339522 17.193535212427381 4.7354037314653414 10.358062062412499 19.979112967848778 5.9666244424879569 4.6756958365440369 3.0848347768187514 4.6277087554335585 2.5668065063655368 59.223282787948847 6.219483718276023 13.114296000450848 5.5176560431718817 7.1041704453527927 3.1444823257625103 47.543141424655914 8.5097250342369062 60.874019436538219 4.072926200926303
leaf_count=109 1923 31 20 24 568 22 27 123 40 31 64 146 24 77 139 49 22 26 29 19 475 37 121 30 52 35 261 42 314 26
internal_value=-0.000446474 -0.00789756 0.00742599 -0.0184399 -0.0157877 0.00845887 0.00739353 -0.0176498 -0.0321575 0.0205549 0.00289844 0.00643904 -0.00620642 -0.0135642 -0.003764 0.0157215 0.0760808 -0.0331882 -0.0422234 -0.0410955 -0.0447809 0.00854784 -0.0310481 -0.00845077 -0.0416509 0.000979685 0.0162271 0.0282928 0.0362388 -0.00097137
internal_weight=792.202 406.994 385.209 205.916 198.094 381.459 376.681 195.077 86.021 12.4712 201.077 186.447 109.056 61.2579 50.8998 30.6214 10.6423 20.2784 14.6301 73.5498 70.983 371.956 33.616 20.5017 14.9841 7.87989 125.189 73.5734 65.0637 51.6161
internal_count=4906 2877 2029 1651 1542 2009 1987 1518 688 71 1226 1133 830 459 382 210 71 172 93 617 598 1960 262 141 111 59 674 387 345 287
is_linear=0
shrinkage=0.1


Tree=29
num_leaves=31
num_cat=0
split_feature=9 5 14 0 15 168 67 11 82 0 55 1 64 8 97 0 153 39 84 11 0 13 36 21 7 12 14 8 132 6
split_gain=4.45957 4.20987 3.13106 2.84099 3.56003 6.29969 4.25289 3.26135 5.31011 3.8893 5.72914 2.67967 4.93506 5.34941 2.63187 2.62321 2.44809 2.35145 2.29971 2.52959 3.24766 2.44979 3.93115 3.64647 3.36164 2.2577 2.89349 2.25526 2.16908 3.40887
threshold=1.0000000180025095e-35 1.0000000180025095e-35 1.0000000180025095e-35 14.017796039581301 1.0000000180025095e-35 1.0000000180025095e-35 1.0000000180025095e-35 1.0000000180025095e-35 1.0000000180025095e-35 8.3682408332824725 1.0000000180025095e-35 0.85185185074806224 1.0000000180025095e-35 1.0000000180025095e-35 1.0000000180025095e-35 2.8952771425247197 1.0000000180025095e-35 1.0000000180025095e-35 1.0000000180025095e-35 1.0000000180025095e-35 17.622176170349125 1.0000000180025095e-35 1.0000000180025095e-35 1.0000000180025095e-35 1.0000000180025095e-35 1.0000000180025095e-35 1.0000000180025095e-35 1.0000000180025095e-35 1.0000000180025095e-35 1.0000000180025095e-35
decision_type=2 2 2 2 2 2 2 2 2 2 2 2 2 2 2 2 2 2 2 2 2 2 2 2 2 2 2 2 2 2
left_child=1 2 15 4 6 14 25 8 -8 -9 -11 -5 13 17 -6 -1 -2 -13 19 21 27 -17 23 -23 -24 26 -3 -21 -4 -30
right_child=16 3 28 11 5 -7 7 9 -10 10 -12 12 -14 -15 -16 18 -18 -19 -20 20 -22 22 24 -25 -26 -27 -28 -29 29 -31
leaf_value=-0.10839617029144798 0.0089386910037297287 -0.073864353305032424 -0.00091576712825548073 0.035813276438547079 -0.0012173487222344439 0.12062374413026199 0.027247738518685578 -0.11041074100451925 -0.091510466714761374 0.13253071830086346 -0.053280745226287153 -0.03660910959990829 0.087508300924420135 -0.11461284805379889 0.089982339078480383 0.0097229703282675425 -0.060018822197997534 0.066192748841945787 -0.08178714829522582 -0.076965789351691336 0.080804148676823867 -0.066721053974893835 -0.043209214867965973 0.049038055490597726 0.084851980568703189 -0.090237175232060304 0.0077595759900267597 -0.021560854023723323 -0.0022757947364875396 -0.094539467008559197
leaf_weight=4.0128779895603648 347.92089063674212 8.0010655894875526 112.8777971714735 41.384569853544235 55.510742273181677 5.0255663320422164 32.884592320770025 5.3090574480593196 4.2519145756959906 2.3190074861049634 5.8336996026337147 4.8575342148542422 4.0604956895112982 5.5262898355722418 3.3555773720145217 31.047099381685257 5.2256275638937941 4.1056117713451385 6.8775721192359915 16.950180534273393 1.9325621351599682 20.052184201776985 3.6328390464186686 3.1484802067279807 4.7041076347231865 9.4395089168101567 9.4990784525871277 12.967355765402315 9.8970404863357562 6.7259416952729216
leaf_count=67 1866 76 654 211 358 30 199 77 25 19 50 26 20 28 23 210 31 23 59 220 14 145 32 22 24 73 55 160 61 48
internal_value=-0.000435338 -0.00719858 -0.0162959 0.00341052 -0.00432183 0.0131561 -0.0187238 -0.00163494 0.0136506 -0.0438027 -0.000427359 0.0216568 -0.00992591 -0.0372307 0.00398134 -0.0290998 0.0079183 0.0104798 -0.025959 -0.0218931 -0.0448354 -0.0102175 -0.0298478 -0.0510118 0.0290491 -0.0508202 -0.0295589 -0.0529513 -0.00588228 -0.0396072
internal_weight=789.337 436.19 234.826 201.364 141.43 63.8919 77.5379 50.5983 37.1365 13.4618 8.15271 59.9345 18.5499 14.4894 58.8663 105.325 353.147 8.96315 101.312 94.4348 31.8501 62.5847 31.5376 23.2007 8.33695 26.9397 17.5001 29.9175 129.501 16.623
internal_count=4906 3009 1716 1293 985 411 574 370 224 146 69 308 97 77 381 953 1897 49 886 827 394 433 223 167 56 204 131 380 763 109
is_linear=0
shrinkage=0.1


Tree=30
num_leaves=31
num_cat=0
split_feature=291 15 303 14 150 5 88 174 73 0 0 12 61 56 11 138 0 8 0 0 34 48 9 26 55 0 67 50 32 10
split_gain=4.28275 4.04155 4.59221 3.70288 3.72494 3.37459 4.72695 3.73056 4.75649 6.2128 3.69352 5.27267 4.41301 4.18878 3.23836 3.25963 3.88944 3.21273 4.10799 4.27037 3.36654 3.14598 2.91941 2.90434 3.97572 2.79866 3.72042 5.25805 4.26794 3.64188
threshold=1.0000000180025095e-35 1.0000000180025095e-35 1.0000000180025095e-35 1.0000000180025095e-35 1.0000000180025095e-35 1.0000000180025095e-35 1.0000000180025095e-35 1.0000000180025095e-35 1.0000000180025095e-35 4.7049965858459482 4.7049965858459482 1.0000000180025095e-35 1.0000000180025095e-35 1.0000000180025095e-35 1.0000000180025095e-35 1.0000000180025095e-35 4.850102663040162 1.0000000180025095e-35 15.260780334472658 11.623545169830324 1.0000000180025095e-35 1.0000000180025095e-35 1.0000000180025095e-35 1.0000000180025095e-35 1.0000000180025095e-35 14.109513759613039 1.0000000180025095e-35 1.0000000180025095e-35 1.0000000180025095e-35 1.0000000180025095e-35
decision_type=2 2 2 2 2 2 2 2 2 2 2 2 2 2 2 2 2 2 2 2 2 2 2 2 2 2 2 2 2 2
left_child=1 2 3 4 14 21 7 8 10 -10 12 -12 13 -7 15 16 -1 18 19 20 22 -3 -11 -13 -25 26 27 -5 -29 -28
right_child=-2 5 -4 25 -6 6 -8 -9 9 17 11 23 -14 -15 -16 -17 -18 -19 -20 -21 -22 -23 -24 24 -26 -27 29 28 -30 -31
leaf_value=-0.054159540016071775 -0.10051556308066689 -0.072181813671260683 0.11210794777835509 -0.042342867720367938 0.095979117148526055 0.036563878665395143 0.11798241659278802 0.092456325763565536 -0.06165701034010504 -0.023982852980233352 0.0069079557545046258 -0.096784528357983166 0.14741788199121567 -0.09748820287143399 -0.035627118942983781 0.062883506234574463 -0.0057957706340181136 0.10092100900922917 0.10900715424724006 -0.051041070266098526 0.12850404527073112 0.0024016300526058408 0.079050072226215379 -0.08162885104493961 0.045539568195475048 0.021082695627844011 -0.0085455010642178676 0.093206347150902202 -0.0099976414517868803 0.028588023281231275
leaf_weight=19.263067852705717 4.2520167194306842 5.8284840062260619 3.2669940888881674 44.760532930493355 2.9201046340167514 15.198023866862064 4.8230059519410124 6.2584316432476035 5.2964929677546015 6.6955427639186436 38.893011454492807 9.4143041670322418 2.9794744364917269 2.7532688342034808 68.811242073774338 5.9943889565765849 121.56933725997806 10.531509052962063 6.034853368997573 6.644138552248477 3.6696000322699538 190.55052856728435 4.6669146046042442 4.9983880184590816 4.8379306681454182 57.460512459278107 63.578371476382017 5.6420272588729867 13.82766006141901 45.179997369647026
leaf_count=166 27 46 19 255 22 109 27 28 35 41 220 53 17 19 692 43 703 55 29 38 18 1179 23 31 26 275 367 31 76 236
internal_value=-0.000426463 0.000117515 -0.00602263 -0.00688215 -0.0162071 0.00853087 0.0207854 0.0171478 0.0133039 0.0398471 -0.00131102 -0.0142781 0.0347104 0.0160037 -0.0177263 -0.00933698 -0.012411 0.0539051 0.0360368 0.0157212 0.04523 0.000188011 0.018336 -0.0570815 -0.0190819 0.00196165 -0.00438967 -0.0234728 0.0199093 0.00688037
internal_weight=786.6 782.348 452.274 449.007 218.558 330.074 133.695 128.872 122.613 43.5391 79.0744 58.1436 20.9308 17.9513 215.638 146.827 140.832 38.2426 27.711 21.6762 15.0321 196.379 11.3625 19.2506 9.83632 230.449 172.989 64.2302 19.4697 108.758
internal_count=4906 4879 2885 2866 1626 1994 769 742 714 239 475 330 145 128 1604 912 869 204 149 120 82 1225 64 110 57 1240 965 362 107 603
is_linear=0
shrinkage=0.1


Tree=31
num_leaves=31
num_cat=0
split_feature=7 90 312 282 0 26 15 65 78 1 9 93 6 174 8 95 79 8 65 113 178 6 74 0 14 9 0 16 67 42
split_gain=4.20705 4.14726 3.99954 3.83103 3.69815 4.03578 3.31136 4.48729 3.89752 3.55399 3.25273 4.23616 7.42923 3.09868 3.59283 3.07594 3.00786 2.94614 2.79466 3.57106 3.93392 3.78402 5.10761 4.33122 3.5739 4.72445 5.46925 3.47993 5.27531 3.35056
threshold=1.0000000180025095e-35 1.0000000180025095e-35 1.0000000180025095e-35 1.0000000180025095e-35 2.8952771425247197 1.0000000180025095e-35 1.0000000180025095e-35 1.0000000180025095e-35 1.0000000180025095e-35 0.76424062252044689 1.0000000180025095e-35 1.0000000180025095e-35 1.0000000180025095e-35 1.0000000180025095e-35 1.0000000180025095e-35 1.0000000180025095e-35 1.0000000180025095e-35 1.0000000180025095e-35 1.0000000180025095e-35 1.0000000180025095e-35 1.0000000180025095e-35 1.0000000180025095e-35 1.0000000180025095e-35 5.1238877773284921 1.0000000180025095e-35 1.0000000180025095e-35 9.8631072044372576 1.0000000180025095e-35 1.0000000180025095e-35 1.0000000180025095e-35
decision_type=2 2 2 2 2 2 2 2 2 2 2 2 2 2 2 2 2 2 2 2 2 2 2 2 2 2 2 2 2 2
left_child=1 2 3 10 5 -2 8 9 13 16 11 -1 -13 18 -15 -12 -8 -10 19 20 21 22 27 -24 -25 26 -26 28 29 -6
right_child=4 -3 -4 -5 6 -7 7 -9 17 -11 15 12 -14 14 -16 -17 -18 -19 -20 -21 -22 -23 23 24 25 -27 -28 -29 -30 -31
leaf_value=-0.019930915398582431 0.034022132493206292 -0.11344359530086126 0.077416651060695174 0.075216660766068894 -0.068785073739438526 -0.077010068050081176 0.024886085717095517 -0.063800137608416269 0.091886709486323381 0.070596052425937639 -0.0037663523739483668 0.11159399843846421 -0.043163694500985117 0.10978186411532576 -0.010993416239890206 0.033207755112073127 -0.032275682728745612 -0.009960630216378186 0.045928625978271569 0.060533632302486741 -0.1066922589881506 -0.028439888239078545 0.065409227091019886 -0.066980221966839892 0.062653496120846849 0.06823161774412094 -0.097106384336169374 -0.010905075725670685 0.064714164653464412 0.049179891526123648
leaf_weight=209.83051804080606 4.8510890752077076 3.6260243952274314 5.6657648831605902 5.5723644718527785 5.9002540707588178 10.06721468269825 103.10233877971768 5.8210056647658339 8.0480539686977846 15.669457964599131 173.72122030332685 6.7090760581195337 5.7695829160511494 5.2028251960873586 4.6774670332670212 25.847706574946642 10.10797145962715 4.3892393112182608 10.169381357729433 7.2520651854574671 4.2021053358912459 59.248803041875362 4.7305030673742285 18.139399740844965 3.1865282133221609 5.9684469476342192 6.5425012931227684 19.60034304112196 26.454120576381683 4.0676724463701248
leaf_count=1614 36 25 34 26 31 87 558 29 48 74 1007 45 42 25 23 137 56 28 53 38 22 354 28 109 21 28 35 139 135 19
internal_value=-0.000409598 -0.00694231 -0.00605069 -0.00715703 0.00780318 -0.040905 0.0099887 0.0220815 0.00175274 0.0259604 -0.00824506 -0.0165646 0.0400408 -0.00188372 0.0526052 0.00102245 0.0197824 0.0559438 -0.004952 -0.00808235 -0.011231 -0.00862342 0.00378914 -0.0242173 -0.0367474 -0.00181142 -0.0447806 0.0230696 0.0413528 -0.0206464
internal_weight=784.141 436.742 433.116 427.45 347.399 14.9183 332.48 134.701 197.78 128.88 421.878 222.309 12.4787 185.342 9.88029 199.569 113.21 12.4373 175.462 165.293 158.041 153.839 94.5898 38.5674 33.8369 15.6975 9.72903 56.0224 36.422 9.96793
internal_count=4906 2930 2905 2871 1976 123 1853 717 1136 688 2845 1701 87 1060 48 1144 614 76 1012 959 921 899 545 221 193 84 56 324 185 50
is_linear=0
shrinkage=0.1


Tree=32
num_leaves=31
num_cat=0
split_feature=217 291 16 283 46 312 100 55 105 14 205 118 15 64 61 0 102 126 1 13 0 0 0 176 105 85 0 65 26 6
split_gain=3.78195 3.67291 3.61365 3.5721 3.20183 3.10993 2.88944 4.936 3.21758 3.64099 2.62995 2.48172 2.43566 2.77049 4.04514 2.40777 2.24745 2.24212 2.47195 3.15959 4.14351 2.95251 7.31419 3.13996 3.02128 2.93537 2.81279 2.77445 2.85317 6.1768
threshold=1.0000000180025095e-35 1.0000000180025095e-35 1.0000000180025095e-35 1.0000000180025095e-35 1.0000000180025095e-35 1.0000000180025095e-35 1.0000000180025095e-35 1.0000000180025095e-35 1.0000000180025095e-35 1.0000000180025095e-35 1.0000000180025095e-35 1.0000000180025095e-35 1.0000000180025095e-35 1.0000000180025095e-35 1.0000000180025095e-35 2.8952771425247197 1.0000000180025095e-35 1.0000000180025095e-35 0.57973989844322216 1.0000000180025095e-35 14.054756641387941 3.2429842948913579 2.8952771425247197 1.0000000180025095e-35 1.0000000180025095e-35 1.0000000180025095e-35 8.7460646629333514 1.0000000180025095e-35 1.0000000180025095e-35 1.0000000180025095e-35
decision_type=2 2 2 2 2 2 2 2 2 2 2 2 2 2 2 2 2 2 2 2 2 2 2 2 2 2 2 2 2 2
left_child=1 2 3 5 -4 10 8 -8 11 -10 17 12 13 15 -15 -6 -17 18 19 20 21 22 -1 24 -23 -21 -26 -20 -29 -30
right_child=-2 -3 4 -5 6 -7 7 -9 9 -11 -12 -13 -14 14 -16 16 -18 -19 27 25 -22 23 -24 -25 26 -27 -28 28 29 -31
leaf_value=0.0047249564926048343 -0.10302670280982856 -0.094970930233522113 -0.075513043058637111 0.10294378749037486 -0.11440596868114086 0.075938339313291497 0.15380806329638716 -0.0087625996227120983 -0.025824700725290386 0.095466115410490604 0.083547945040596816 0.072564412060321701 -0.00071742881682912473 -0.11568788115997995 0.0053072919223232555 -0.012176915917008169 -0.077519667955263924 -0.040465183724831377 0.023189997490710615 -0.0088092977597493179 -0.099659696740431139 0.010593177758193767 0.13839503045533941 -0.082097921284278175 -0.1196436824550306 -0.10553758128393959 0.0011733756706152855 0.019805978683583986 -0.10973127230872393 0.031766936969741331
leaf_weight=12.767946843057873 3.5738741829991332 4.0442906767129889 7.0914999786764374 3.7210237607359877 2.5034589134156695 6.0422409549355498 2.9762373156845561 5.0139651298522949 4.206549543887375 6.0122761353850365 4.0996527448296538 3.4315804019570342 92.477514293044806 7.0912224240601045 4.5270952247083187 110.66492967307568 5.526618428528308 11.529003817588089 104.49513924494386 153.78661002404988 3.5179890245199195 176.68143155053258 6.0252929739654055 3.9593565054237834 3.4956363104283801 3.2026370950043193 4.2942032888531685 12.581406183540821 7.0274791568517685 5.4991605430841446
leaf_count=93 26 27 83 17 27 32 18 38 40 36 21 18 642 54 28 879 43 65 499 947 17 1011 39 22 19 23 21 62 32 27
internal_value=-0.000392139 7.9152e-05 0.000575646 0.00531462 -0.0092731 0.00461467 -0.00735133 0.0517927 -0.00935002 0.0455371 0.00377454 -0.0118294 -0.0131293 -0.0219374 -0.0685419 -0.0173755 -0.0152849 0.00313184 0.00414249 -4.29198e-05 0.00795745 0.00978444 0.0475809 0.00601479 0.00790598 -0.0107826 -0.0530424 0.016018 -0.0138305 -0.0476139
internal_weight=781.867 778.293 774.249 522.726 251.523 519.005 244.431 7.9902 236.441 10.2188 512.963 226.222 222.791 130.313 11.6183 118.695 116.192 508.863 497.334 367.731 210.742 207.224 18.7932 188.431 184.471 156.989 7.78984 129.603 25.108 12.5266
internal_count=4906 4880 4853 2947 1906 2930 1823 56 1767 76 2898 1691 1673 1031 82 949 922 2877 2812 2192 1222 1205 132 1073 1051 970 40 620 121 59
is_linear=0
shrinkage=0.1


Tree=33
num_leaves=31
num_cat=0
split_feature=11 150 266 282 293 77 0 15 168 70 26 1 1 6 13 0 104 26 10 36 108 5 16 9 83 7 99 61 21 113
split_gain=3.44162 4.37185 4.15224 3.82839 3.83079 3.78527 3.7211 3.05892 3.52146 4.0108 4.34792 2.91829 10.1632 3.10246 3.55242 3.74855 3.33876 2.95003 4.4099 2.6908 4.40018 3.64563 2.71921 2.59789 2.95445 4.82525 4.97142 2.50145 2.45575 2.53551
threshold=1.0000000180025095e-35 1.0000000180025095e-35 1.0000000180025095e-35 1.0000000180025095e-35 1.0000000180025095e-35 1.0000000180025095e-35 17.80835056304932 1.0000000180025095e-35 1.0000000180025095e-35 1.0000000180025095e-35 1.0000000180025095e-35 0.85185185074806224 0.825994372367859 1.0000000180025095e-35 1.0000000180025095e-35 15.132101058959963 1.0000000180025095e-35 1.0000000180025095e-35 1.0000000180025095e-35 1.0000000180025095e-35 1.0000000180025095e-35 1.0000000180025095e-35 1.0000000180025095e-35 1.0000000180025095e-35 1.0000000180025095e-35 1.0000000180025095e-35 1.0000000180025095e-35 1.0000000180025095e-35 1.0000000180025095e-35 1.0000000180025095e-35
decision_type=2 2 2 2 2 2 2 2 2 2 2 2 2 2 2 2 2 2 2 2 2 2 2 2 2 2 2 2 2 2
left_child=3 2 5 4 7 6 11 -1 19 10 -10 12 13 16 28 -16 -2 -13 -19 20 21 -9 -22 24 25 26 -23 -27 29 -15
right_child=1 -3 -4 -5 -6 -7 -8 8 9 -11 -12 17 -14 14 15 -17 -18 18 -20 -21 22 23 -24 -25 -26 27 -28 -29 -30 -31
leaf_value=-0.0044238007959476544 -0.00079229423524810683 0.11348339735912444 0.10576751041944764 0.086223533410013056 0.088657557483039343 -0.11364096889438878 0.086121321565251971 -0.017497661574013727 0.17179613721746198 -0.028738486044841118 0.042151821072630082 -0.091092703250204993 0.16518164787632161 -0.013139415996183488 -0.072829158228602461 0.078092481693182059 -0.083122851540578371 -0.078405529051344153 0.072459257169053159 0.027679412478315568 0.079505643745607216 -0.067995270614864198 -0.003846995442108655 0.039938264327881223 0.055797368094952587 0.0037562554377134193 0.060443594439007875 0.095537606472723469 -0.095268861826478118 0.095768871650976195
leaf_weight=298.35892682522535 126.37195338308811 2.8105709776282302 2.9563479647040358 5.6026604771614066 5.1867888756096354 3.7139570731669656 3.8106982856988898 85.824993669986725 3.971259191632269 4.0289734452962866 7.4207161292433739 9.3391542434692401 3.2507950216531745 40.571790996938944 21.953806327655915 1.779102750122546 5.1254172138869754 4.1356669031083575 3.6454210206866264 51.148055676370859 10.942094549536707 16.676746796816591 6.0933618173003188 24.079261250793934 7.4603798016905776 9.9190139546990377 3.6783154532313338 4.2383540049195281 3.4358997400850049 2.2565794568508855
leaf_count=1662 1035 22 20 25 27 47 24 459 22 18 40 65 19 359 230 13 44 30 21 255 49 94 34 115 37 49 18 21 33 19
internal_value=-0.000378525 -0.0104888 -0.0119885 0.00398685 0.00313208 -0.0135061 -0.0118582 0.00230112 0.0108217 0.0570171 0.087346 -0.013541 -0.0102246 -0.0130545 -0.030062 -0.0615155 -0.00400132 -0.0532027 -0.00772574 0.00758452 0.00149962 -0.00390587 0.0496915 0.0137547 -0.00126652 -0.0136017 -0.0447854 0.0312332 -0.0139268 -0.00740116
internal_weight=779.787 235.157 232.347 544.63 539.027 229.39 225.676 533.84 235.482 15.4209 11.392 221.866 204.745 201.495 69.9972 23.7329 131.497 17.1202 7.78109 220.061 168.913 151.877 17.0355 66.0521 41.9728 34.5124 20.3551 14.1574 46.2643 42.8284
internal_count=4906 1981 1959 2925 2900 1939 1892 2873 1211 80 62 1868 1752 1733 654 243 1079 116 51 1131 876 793 83 334 219 182 112 70 411 378
is_linear=0
shrinkage=0.1


Tree=34
num_leaves=31
num_cat=0
split_feature=7 90 0 1 5 16 0 95 168 9 61 55 34 14 16 10 10 13 133 0 0 26 74 0 10 26 11 67 12 10
split_gain=3.27967 3.66086 3.44297 10.2618 4.8609 5.12365 5.67317 4.37351 4.25805 3.85841 4.25722 4.2297 5.11838 4.12036 4.71981 3.84069 3.30977 3.2691 3.11052 3.05041 2.79996 3.4433 2.73211 3.47641 4.07531 4.2581 3.26936 4.05818 2.74452 2.9581
threshold=1.0000000180025095e-35 1.0000000180025095e-35 9.5071868896484393 0.1041143834590912 1.0000000180025095e-35 1.0000000180025095e-35 2.3121149539947514 1.0000000180025095e-35 1.0000000180025095e-35 1.0000000180025095e-35 1.0000000180025095e-35 1.0000000180025095e-35 1.0000000180025095e-35 1.0000000180025095e-35 1.0000000180025095e-35 1.0000000180025095e-35 1.0000000180025095e-35 1.0000000180025095e-35 1.0000000180025095e-35 13.600273609161379 2.8952771425247197 1.0000000180025095e-35 1.0000000180025095e-35 7.2840518951416025 1.0000000180025095e-35 1.0000000180025095e-35 1.0000000180025095e-35 1.0000000180025095e-35 1.0000000180025095e-35 1.0000000180025095e-35
decision_type=2 2 2 2 2 2 2 2 2 2 2 2 2 2 2 2 2 2 2 2 2 2 2 2 2 2 2 2 2 2
left_child=1 2 4 16 5 6 -1 22 15 10 11 13 18 -6 -15 -5 17 -4 -13 -10 21 -2 26 24 25 -24 27 -8 29 -29
right_child=20 -3 3 8 9 -7 7 -9 19 -11 -12 12 -14 14 -16 -17 -18 -19 -20 -21 -22 -23 23 -25 -26 -27 -28 28 -30 -31
leaf_value=0.14372022770233442 0.031575213989390581 -0.10948986170658322 0.11982183908984662 -0.015703266892308061 -0.09540055777695966 -0.059608675078589295 -0.078517396424118535 0.088118927003596775 0.11986059798984475 0.026184037530064371 -0.06941056959781608 -0.015345366961856911 0.16503309745940825 -0.045499384713230957 0.10067874747569197 0.010699372100440602 0.16487551122263658 -0.017523744710338088 0.093875255474206498 -0.0012179393938152728 0.0087732974822244195 -0.071866025804777328 0.085438152593987196 -0.039714882158223032 0.13231065913217047 -0.090263972902102516 -0.07967455531364967 0.10298821594551635 -0.037590627575121535 -0.004613577841470348
leaf_weight=2.2272164933383456 4.8942888081073734 3.4025277756154528 3.5672186464071256 132.22281723469496 6.6772181950509557 37.689147878438234 8.0910816565156001 3.6032014563679686 4.8101072460412961 37.15238169580698 11.650114148855208 10.22830559499562 2.619643446058034 6.1652730852365494 3.4419625960290432 94.451910082250834 4.2852950766682625 3.3703804351389408 3.4996712096035472 3.6670897006988525 330.78218486905098 9.3957133293151855 2.7077033370733279 8.151229312643407 3.6339951269328594 2.8114909939467907 13.579780176281927 4.360441617667675 8.0602797269821167 6.1701641827821732
leaf_count=23 36 25 25 787 98 364 48 23 31 225 95 82 20 37 22 551 24 23 26 22 1853 87 18 51 28 22 145 25 55 35
internal_value=-0.000369016 -0.00617218 -0.00535253 0.00235913 -0.0157621 -0.0304096 -0.0130508 -0.0187589 -0.0020994 0.00241995 -0.0175179 0.0010085 0.0369414 -0.0350637 0.00687152 -0.00470169 0.0957783 0.0530975 0.0124982 0.0674841 0.00690104 -0.0364377 -0.0254486 0.0077816 0.0500788 -0.00406494 -0.0397309 -0.0194016 0.00632657 0.0399414
internal_weight=777.37 432.298 428.895 246.375 182.52 101.086 63.3966 61.1694 235.152 81.4346 44.2822 32.6321 16.3476 16.2845 9.60724 226.675 11.2229 6.9376 13.728 8.4772 345.072 14.29 57.5662 17.3044 9.15319 5.51919 40.2617 26.682 18.5909 10.5306
internal_count=4906 2930 2905 1463 1442 837 473 450 1391 605 380 285 128 157 59 1338 72 48 108 53 1976 123 427 119 68 40 308 163 115 60
is_linear=0
shrinkage=0.1


Tree=35
num_leaves=31
num_cat=0
split_feature=217 14 148 150 7 214 0 236 153 80 11 87 0 96 61 13 50 81 0 73 26 73 135 229 54 0 1 12 67 61
split_gain=3.15671 3.28245 3.27348 3.12158 3.26756 3.1496 2.77139 2.6889 2.61078 2.43316 2.94975 2.41333 3.2998 4.11495 2.95431 3.78324 3.1823 4.45632 5.69006 3.78186 2.75841 2.37116 2.34022 2.31583 2.23703 4.82475 3.80738 4.93299 2.58179 3.35555
threshold=1.0000000180025095e-35 1.0000000180025095e-35 1.0000000180025095e-35 1.0000000180025095e-35 1.0000000180025095e-35 1.0000000180025095e-35 2.7748117446899419 1.0000000180025095e-35 1.0000000180025095e-35 1.0000000180025095e-35 1.0000000180025095e-35 1.0000000180025095e-35 10.120465755462648 1.0000000180025095e-35 1.0000000180025095e-35 1.0000000180025095e-35 1.0000000180025095e-35 1.0000000180025095e-35 5.7987680435180673 1.0000000180025095e-35 1.0000000180025095e-35 1.0000000180025095e-35 1.0000000180025095e-35 1.0000000180025095e-35 1.0000000180025095e-35 10.260096073150637 -0.052095215767621987 1.0000000180025095e-35 1.0000000180025095e-35 1.0000000180025095e-35
decision_type=2 2 2 2 2 2 2 2 2 2 2 2 2 2 2 2 2 2 2 2 2 2 2 2 2 2 2 2 2 2
left_child=1 2 3 4 5 6 -1 23 9 10 11 12 13 14 16 -16 17 19 20 -6 -19 -11 -18 -3 -12 26 27 -26 29 -27
right_child=-2 7 -4 -5 8 -7 -8 -9 -10 21 24 -13 -14 -15 15 -17 22 18 -20 -21 -22 -23 -24 -25 25 28 -28 -29 -30 -31
leaf_value=-0.089530840065114178 -0.097686870080249899 0.006561455539520979 -0.10949527503396667 0.082861108659790017 -0.066648003683305521 0.084202094079484174 -0.015292560751703797 0.081428540683802064 -0.085798226464302352 -0.008514644330839944 -0.034098318887110797 -0.06430410397986229 0.03448703747097219 -0.081611459265060138 0.020342650573415375 -0.092805180556947364 0.026736959197724536 0.15978966747202167 -0.054782890862001624 0.043328991906756494 0.049010397343779183 -0.098169839363141276 0.13085891619339976 -0.069572588967453858 -0.056499506092814893 0.057442902111271524 0.12512202168095865 0.097473469286830539 -0.067262569988056117 -0.054068656301400467
leaf_weight=5.1696712486445895 3.3191050440073004 369.99707378819585 3.0532564744353285 3.9533494040369979 9.7131896205246431 3.1060279067605725 184.18729314766824 4.7532578557729712 3.2759906873106948 9.5715916864573938 24.550963861867785 3.6011043936014167 62.28552307933569 5.4604966044425955 6.2209628075361234 5.6289786845445633 4.4656395465135557 3.5441716350615007 3.8049493357539186 4.611234851181508 6.1446898654103279 4.264095786958932 4.1783187240362167 4.0389103963971129 4.637903865426777 5.8961013816297054 4.6775814257562152 3.773875642567873 8.4581674858927727 4.9758302196860313
leaf_count=89 26 1971 22 27 76 28 1494 22 19 62 217 18 297 35 36 35 24 20 21 26 42 29 21 24 45 36 30 28 54 32
internal_value=-0.000372865 4.55224e-05 -0.00635442 -0.00554728 -0.00645226 -0.015681 -0.0173194 0.00668914 0.00271555 0.00423798 0.00740132 0.0163182 0.0188198 0.000672206 0.00997235 -0.033405 0.0240697 0.00760167 0.0488394 -0.0312449 0.0895333 -0.036146 0.0770675 0.00573935 -0.0113275 0.00591671 0.0527972 0.0125792 -0.0258284 0.00640666
internal_weight=775.319 772 393.211 390.158 386.204 192.463 189.357 378.789 193.741 190.465 176.63 119.659 116.058 53.7726 48.3121 11.8499 36.4622 27.8182 13.4938 14.3244 9.68886 13.8357 8.64396 374.036 56.9704 32.4195 13.0894 8.41178 19.3301 10.8719
internal_count=4906 4880 2863 2841 2814 1611 1583 2017 1203 1184 1093 651 633 336 301 71 230 185 83 102 62 91 45 1995 442 225 103 73 122 68
is_linear=0
shrinkage=0.1


Tree=36
num_leaves=31
num_cat=0
split_feature=9 5 85 29 76 0 0 13 108 53 14 51 26 88 68 56 0 1 81 138 67 150 12 87 86 0 0 73 5 63
split_gain=2.98669 3.10916 2.83495 2.8604 2.66879 2.62204 2.67658 3.03894 2.5477 3.89142 2.41014 3.956 3.32428 2.47602 2.77238 2.33956 2.30514 3.93956 3.11578 2.99224 2.28212 2.14592 2.12069 2.08628 2.08383 2.25936 1.98158 4.90868 2.97854 2.52835
threshold=1.0000000180025095e-35 1.0000000180025095e-35 1.0000000180025095e-35 1.0000000180025095e-35 1.0000000180025095e-35 3.639972567558289 4.1437373161315927 1.0000000180025095e-35 1.0000000180025095e-35 1.0000000180025095e-35 1.0000000180025095e-35 1.0000000180025095e-35 1.0000000180025095e-35 1.0000000180025095e-35 1.0000000180025095e-35 1.0000000180025095e-35 5.542778968811036 -0.35675716400146479 1.0000000180025095e-35 1.0000000180025095e-35 1.0000000180025095e-35 1.0000000180025095e-35 1.0000000180025095e-35 1.0000000180025095e-35 1.0000000180025095e-35 13.030800819396974 16.954140663146976 1.0000000180025095e-35 1.0000000180025095e-35 1.0000000180025095e-35
decision_type=2 2 2 2 2 2 2 2 2 2 2 2 2 2 2 2 2 2 2 2 2 2 2 2 2 2 2 2 2 2
left_child=1 2 3 -1 5 15 7 -7 10 -10 11 13 -13 14 22 -3 18 -18 -8 -20 -14 26 -5 24 -12 -26 29 28 -28 -2
right_child=21 4 -4 8 -6 6 16 -9 9 -11 23 12 20 -15 -16 -17 17 -19 19 -21 -22 -23 -24 -25 25 -27 27 -29 -30 -31
leaf_value=-0.090739535990051301 0.0017937442418407079 -0.0056569994738838586 -0.088995981817190456 -0.015918767483097725 -0.079787928460424429 0.13979210082663746 -0.089035904619095885 0.0001975395388937489 -0.020746049843194052 -0.13230308657645756 0.00063981474997815277 0.036765243822906135 0.010610042168282166 0.065467291410767056 -0.13304561602151352 -0.081684700546577296 0.14334644794433427 0.007912707997845124 0.040613217336322879 -0.088629421955932736 -0.068071075184295046 0.082267582229429606 -0.05799148151069175 -0.072861016758422395 0.0015109655466086266 0.10992794397049899 -0.047561230082038435 0.087318016726531403 0.052209834907408173 0.044982846372570801
leaf_weight=4.5535079129040232 308.53652269393206 11.941040739417078 4.9256749637424937 25.73838685080409 3.799414560198783 3.2525092400610438 5.7522328533232185 2.9960086345672607 12.887839861214163 4.1286014206707469 103.90786568447948 17.595560420304537 7.5924553312361223 2.2635588422417632 3.1014729849994174 6.122960463166236 2.1786554791033259 151.66432676464319 6.5349185094237328 2.4678641390055418 7.165313433855772 3.697831116616725 22.413368735462427 3.6121125295758238 3.9268265739083281 3.7652279883623123 7.4039394482970238 9.8356022611260414 5.0216892063617706 14.177495844662188
leaf_count=31 1701 113 39 282 30 24 52 23 96 26 631 127 56 17 25 49 18 911 52 21 62 19 263 19 23 19 38 45 23 71
internal_value=-0.000363123 -0.00599814 -0.0139568 -0.0122967 0.00320939 0.00484404 0.00859135 0.07286 -0.010659 -0.0478125 -0.00751488 -0.0201961 0.00740915 -0.0368848 -0.0414051 -0.0314273 0.00620945 0.00983066 -0.031547 0.00518492 -0.0275919 0.00649393 -0.0355025 0.00193675 0.0043577 0.0545806 0.0056817 0.0345384 -0.00723979 0.00369113
internal_weight=772.961 424.288 227.578 222.652 196.71 192.911 174.847 6.24852 218.099 17.0164 201.082 85.8701 32.3533 53.5168 51.2532 18.064 168.598 153.843 14.755 9.00278 14.7578 348.673 48.1518 115.212 111.6 7.69205 344.975 22.2612 12.4256 322.714
internal_count=4906 3009 1716 1677 1293 1263 1101 47 1646 122 1524 832 245 587 570 162 1054 929 125 73 118 1897 545 692 673 42 1878 106 61 1772
is_linear=0
shrinkage=0.1


Tree=37
num_leaves=31
num_cat=0
split_feature=291 16 283 46 312 214 100 0 1 205 68 87 14 268 0 0 43 146 13 91 21 0 0 53 0 81 10 6 0 26
split_gain=2.96401 2.81857 2.83024 2.50848 2.41217 2.35894 2.41287 3.91596 2.29918 2.04348 1.8809 4.59757 2.57749 2.36904 2.39351 4.01587 2.6643 2.41744 2.41708 3.28262 4.39055 4.81728 8.89062 3.5903 3.92589 4.09364 4.19456 3.32836 3.84634 3.73773
threshold=1.0000000180025095e-35 1.0000000180025095e-35 1.0000000180025095e-35 1.0000000180025095e-35 1.0000000180025095e-35 1.0000000180025095e-35 1.0000000180025095e-35 13.474332809448244 -0.024564606137573716 1.0000000180025095e-35 1.0000000180025095e-35 1.0000000180025095e-35 1.0000000180025095e-35 1.0000000180025095e-35 17.80835056304932 17.498972892761234 1.0000000180025095e-35 1.0000000180025095e-35 1.0000000180025095e-35 1.0000000180025095e-35 1.0000000180025095e-35 3.4811772108078007 4.8911705017089853 1.0000000180025095e-35 9.7262148857116717 1.0000000180025095e-35 1.0000000180025095e-35 1.0000000180025095e-35 15.51813840866089 1.0000000180025095e-35
decision_type=2 2 2 2 2 2 2 2 2 2 2 2 2 2 2 2 2 2 2 2 2 2 2 2 2 2 2 2 2 2
left_child=1 2 4 -3 9 6 -5 8 -8 10 13 -12 -13 14 15 16 -1 18 -18 20 23 -22 -23 24 -20 26 -26 29 -29 -25
right_child=-2 3 -4 5 -6 -7 7 -9 -10 -11 11 12 -14 -15 -16 -17 17 -19 19 -21 21 22 -24 27 25 -27 -28 28 -30 -31
leaf_value=0.067223679823670432 -0.088534939352206479 -0.070398710558994215 0.091029947597307106 -0.010266822937256117 0.066833206197894457 0.06607053018034946 0.063248376650143392 0.14568952025602663 -0.066061214794631617 0.073088544604753822 0.019970622889928187 -0.10679836713643116 0.00068874758621739155 0.081506156790073614 0.083544358832866775 -0.084250090587309756 0.0058574123465969814 -0.066340397551474667 -0.0082176566311457089 -0.10543751562349118 -0.13738116353600485 0.23917242194956181 0.024598948588450634 0.12402795907084668 -0.051271027580540952 -0.089917860925629589 0.037964414363249759 -0.091132134059828826 0.045879081342905796 0.012875287352102409
leaf_weight=5.6287909373641005 3.7927574515342704 6.4139889534562817 3.7336722761392585 229.56382469087839 5.9722964577376834 4.3344515934586516 2.6935949847102165 2.624434407800436 2.8089430592954141 4.115517482161521 101.14683351665735 4.617610499262808 4.3162470757961273 3.4593969881534568 3.2730623483657828 5.8932602182030669 213.13889066129923 5.7659989595413199 78.527540445327759 3.5575636364519587 1.4001271221786762 2.2671392858028403 13.023453399538992 4.9385443031787872 16.122766781598333 14.17676332592964 7.8237445242702952 4.2901224792003632 3.922234982252121 7.8090024366974831
leaf_count=28 27 83 17 1744 32 33 21 16 20 21 498 28 21 17 15 29 1229 36 550 21 12 12 76 26 86 82 46 23 20 37
internal_value=-0.000350566 8.5295e-05 0.00427877 -0.00867372 0.00365007 -0.00703793 -0.00837111 0.0451775 -0.00276176 0.00290903 0.00233721 0.0138969 -0.0548677 -0.000884165 -0.00161208 -0.00232991 -0.00106739 -0.00208765 -0.00108904 -0.010468 -0.00827843 0.040157 0.0564138 -0.0141531 -0.021 -0.0473294 -0.0221162 0.0239525 -0.0256954 0.0559371
internal_weight=771.153 767.36 518.921 248.439 515.187 242.025 237.691 8.12697 5.50254 509.215 505.099 110.081 8.93386 395.018 391.559 388.286 382.393 376.764 370.998 157.859 154.301 16.6907 15.2906 137.611 116.651 38.1233 23.9465 20.9599 8.21236 12.7475
internal_count=4906 4879 2962 1917 2945 1834 1801 57 41 2913 2892 547 49 2345 2328 2313 2284 2256 2220 991 970 100 88 870 764 214 132 106 43 63
is_linear=0
shrinkage=0.1


end of trees

feature_importances:
Column_0=204
Column_9=70
Column_14=61
Column_7=51
Column_16=45
Column_15=39
Column_5=38
Column_11=38
Column_1=37
Column_6=28
Column_12=26
Column_13=26
Column_67=25
Column_10=24
Column_26=24
Column_8=18
Column_55=16
Column_61=14
Column_151=13
Column_73=12
Column_21=11
Column_95=10
Column_42=9
Column_174=9
Column_53=8
Column_99=8
Column_54=7
Column_56=7
Column_62=7
Column_65=7
Column_68=7
Column_83=7
Column_84=7
Column_98=7
Column_31=6
Column_40=6
Column_77=6
Column_81=5
Column_82=5
Column_113=5
Column_137=5
Column_168=5
Column_282=5
Column_312=5
Column_36=4
Column_74=4
Column_79=4
Column_80=4
Column_87=4
Column_128=4
Column_133=4
Column_150=4
Column_153=4
Column_176=4
Column_229=4
Column_32=3
Column_34=3
Column_51=3
Column_69=3
Column_71=3
Column_78=3
Column_85=3
Column_88=3
Column_93=3
Column_97=3
Column_100=3
Column_104=3
Column_105=3
Column_107=3
Column_129=3
Column_132=3
Column_138=3
Column_214=3
Column_236=3
Column_291=3
Column_35=2
Column_39=2
Column_45=2
Column_46=2
Column_49=2
Column_50=2
Column_60=2
Column_64=2
Column_76=2
Column_86=2
Column_90=2
Column_91=2
Column_94=2
Column_102=2
Column_108=2
Column_135=2
Column_139=2
Column_205=2
Column_217=2
Column_266=2
Column_283=2
Column_22=1
Column_29=1
Column_43=1
Column_47=1
Column_48=1
Column_57=1
Column_63=1
Column_70=1
Column_72=1
Column_96=1
Column_101=1
Column_118=1
Column_126=1
Column_140=1
Column_146=1
Column_148=1
Column_178=1
Column_262=1
Column_268=1
Column_293=1
Column_303=1

parameters:
[boosting: gbdt]
[objective: binary]
[metric: binary_logloss]
[tree_learner: serial]
[device_type: cpu]
[data_sample_strategy: bagging]
[data: ]
[valid: ]
[num_iterations: 300]
[learning_rate: 0.1]
[num_leaves: 31]
[num_threads: 0]
[seed: 0]
[deterministic: 0]
[force_col_wise: 0]
[force_row_wise: 0]
[histogram_pool_size: -1]
[max_depth: -1]
[min_data_in_leaf: 20]
[min_sum_hessian_in_leaf: 0.001]
[bagging_fraction: 1]
[pos_bagging_fraction: 1]
[neg_bagging_fraction: 1]
[bagging_freq: 0]
[bagging_seed: 7719]
[bagging_by_query: 0]
[feature_fraction: 1]
[feature_fraction_bynode: 1]
[feature_fraction_seed: 2437]
[extra_trees: 0]
[extra_seed: 11797]
[early_stopping_round: 0]
[early_stopping_min_delta: 0]
[first_metric_only: 0]
[max_delta_step: 0]
[lambda_l1: 0]
[lambda_l2: 0]
[linear_lambda: 0]
[min_gain_to_split: 0]
[drop_rate: 0.1]
[max_drop: 50]
[skip_drop: 0.5]
[xgboost_dart_mode: 0]
[uniform_drop: 0]
[drop_seed: 21238]
[top_rate: 0.2]
[other_rate: 0.1]
[min_data_per_group: 100]
[max_cat_threshold: 32]
[cat_l2: 10]
[cat_smooth: 10]
[max_cat_to_onehot: 4]
[top_k: 20]
[monotone_constraints: ]
[monotone_constraints_method: basic]
[monotone_penalty: 0]
[feature_contri: ]
[forcedsplits_filename: ]
[refit_decay_rate: 0.9]
[cegb_tradeoff: 1]
[cegb_penalty_split: 0]
[cegb_penalty_feature_lazy: ]
[cegb_penalty_feature_coupled: ]
[path_smooth: 0]
[interaction_constraints: ]
[verbosity: -1]
[saved_feature_importance_type: 0]
[use_quantized_grad: 0]
[num_grad_quant_bins: 4]
[quant_train_renew_leaf: 0]
[stochastic_rounding: 1]
[linear_tree: 0]
[max_bin: 255]
[max_bin_by_feature: ]
[min_data_in_bin: 3]
[bin_construct_sample_cnt: 200000]
[data_random_seed: 38]
[is_enable_sparse: 1]
[enable_bundle: 1]
[use_missing: 1]
[zero_as_missing: 0]
[feature_pre_filter: 1]
[pre_partition: 0]
[two_round: 0]
[header: 0]
[label_column: ]
[weight_column: ]
[group_column: ]
[ignore_column: ]
[categorical_feature: ]
[forcedbins_filename: ]
[precise_float_parser: 0]
[parser_config_file: ]
[objective_seed: 8855]
[num_class: 1]
[is_unbalance: 0]
[scale_pos_weight: 1]
[sigmoid: 1]
[boost_from_average: 1]
[reg_sqrt: 0]
[alpha: 0.9]
[fair_c: 1]
[poisson_max_delta_step: 0.7]
[tweedie_variance_power: 1.5]
[lambdarank_truncation_level: 30]
[lambdarank_norm: 1]
[label_gain: ]
[lambdarank_position_bias_regularization: 0]
[eval_at: ]
[multi_error_top_k: 1]
[auc_mu_weights: ]
[num_machines: 1]
[local_listen_port: 12400]
[time_out: 120]
[machine_list_filename: ]
[machines: ]
[gpu_platform_id: -1]
[gpu_device_id: -1]
[gpu_device_id_list: ]
[gpu_use_dp: 0]
[num_gpu: 1]

end of parameters

pandas_categorical:null
