tree
version=v4
num_class=1
num_tree_per_iteration=1
label_index=0
max_feature_idx=567
objective=binary sigmoid:1
feature_names=Column_0 Column_1 Column_2 Column_3 Column_4 Column_5 Column_6 Column_7 Column_8 Column_9 Column_10 Column_11 Column_12 Column_13 Column_14 Column_15 Column_16 Column_17 Column_18 Column_19 Column_20 Column_21 Column_22 Column_23 Column_24 Column_25 Column_26 Column_27 Column_28 Column_29 Column_30 Column_31 Column_32 Column_33 Column_34 Column_35 Column_36 Column_37 Column_38 Column_39 Column_40 Column_41 Column_42 Column_43 Column_44 Column_45 Column_46 Column_47 Column_48 Column_49 Column_50 Column_51 Column_52 Column_53 Column_54 Column_55 Column_56 Column_57 Column_58 Column_59 Column_60 Column_61 Column_62 Column_63 Column_64 Column_65 Column_66 Column_67 Column_68 Column_69 Column_70 Column_71 Column_72 Column_73 Column_74 Column_75 Column_76 Column_77 Column_78 Column_79 Column_80 Column_81 Column_82 Column_83 Column_84 Column_85 Column_86 Column_87 Column_88 Column_89 Column_90 Column_91 Column_92 Column_93 Column_94 Column_95 Column_96 Column_97 Column_98 Column_99 Column_100 Column_101 Column_102 Column_103 Column_104 Column_105 Column_106 Column_107 Column_108 Column_109 Column_110 Column_111 Column_112 Column_113 Column_114 Column_115 Column_116 Column_117 Column_118 Column_119 Column_120 Column_121 Column_122 Column_123 Column_124 Column_125 Column_126 Column_127 Column_128 Column_129 Column_130 Column_131 Column_132 Column_133 Column_134 Column_135 Column_136 Column_137 Column_138 Column_139 Column_140 Column_141 Column_142 Column_143 Column_144 Column_145 Column_146 Column_147 Column_148 Column_149 Column_150 Column_151 Column_152 Column_153 Column_154 Column_155 Column_156 Column_157 Column_158 Column_159 Column_160 Column_161 Column_162 Column_163 Column_164 Column_165 Column_166 Column_167 Column_168 Column_169 Column_170 Column_171 Column_172 Column_173 Column_174 Column_175 Column_176 Column_177 Column_178 Column_179 Column_180 Column_181 Column_182 Column_183 Column_184 Column_185 Column_186 Column_187 Column_188 Column_189 Column_190 Column_191 Column_192 Column_193 Column_194 Column_195 Column_196 Column_197 Column_198 Column_199 Column_200 Column_201 Column_202 Column_203 Column_204 Column_205 Column_206 Column_207 Column_208 Column_209 Column_210 Column_211 Column_212 Column_213 Column_214 Column_215 Column_216 Column_217 Column_218 Column_219 Column_220 Column_221 Column_222 Column_223 Column_224 Column_225 Column_226 Column_227 Column_228 Column_229 Column_230 Column_231 Column_232 Column_233 Column_234 Column_235 Column_236 Column_237 Column_238 Column_239 Column_240 Column_241 Column_242 Column_243 Column_244 Column_245 Column_246 Column_247 Column_248 Column_249 Column_250 Column_251 Column_252 Column_253 Column_254 Column_255 Column_256 Column_257 Column_258 Column_259 Column_260 Column_261 Column_262 Column_263 Column_264 Column_265 Column_266 Column_267 Column_268 Column_269 Column_270 Column_271 Column_272 Column_273 Column_274 Column_275 Column_276 Column_277 Column_278 Column_279 Column_280 Column_281 Column_282 Column_283 Column_284 Column_285 Column_286 Column_287 Column_288 Column_289 Column_290 Column_291 Column_292 Column_293 Column_294 Column_295 Column_296 Column_297 Column_298 Column_299 Column_300 Column_301 Column_302 Column_303 Column_304 Column_305 Column_306 Column_307 Column_308 Column_309 Column_310 Column_311 Column_312 Column_313 Column_314 Column_315 Column_316 Column_317 Column_318 Column_319 Column_320 Column_321 Column_322 Column_323 Column_324 Column_325 Column_326 Column_327 Column_328 Column_329 Column_330 Column_331 Column_332 Column_333 Column_334 Column_335 Column_336 Column_337 Column_338 Column_339 Column_340 Column_341 Column_342 Column_343 Column_344 Column_345 Column_346 Column_347 Column_348 Column_349 Column_350 Column_351 Column_352 Column_353 Column_354 Column_355 Column_356 Column_357 Column_358 Column_359 Column_360 Column_361 Column_362 Column_363 Column_364 Column_365 Column_366 Column_367 Column_368 Column_369 Column_370 Column_371 Column_372 Column_373 Column_374 Column_375 Column_376 Column_377 Column_378 Column_379 Column_380 Column_381 Column_382 Column_383 Column_384 Column_385 Column_386 Column_387 Column_388 Column_389 Column_390 Column_391 Column_392 Column_393 Column_394 Column_395 Column_396 Column_397 Column_398 Column_399 Column_400 Column_401 Column_402 Column_403 Column_404 Column_405 Column_406 Column_407 Column_408 Column_409 Column_410 Column_411 Column_412 Column_413 Column_414 Column_415 Column_416 Column_417 Column_418 Column_419 Column_420 Column_421 Column_422 Column_423 Column_424 Column_425 Column_426 Column_427 Column_428 Column_429 Column_430 Column_431 Column_432 Column_433 Column_434 Column_435 Column_436 Column_437 Column_438 Column_439 Column_440 Column_441 Column_442 Column_443 Column_444 Column_445 Column_446 Column_447 Column_448 Column_449 Column_450 Column_451 Column_452 Column_453 Column_454 Column_455 Column_456 Column_457 Column_458 Column_459 Column_460 Column_461 Column_462 Column_463 Column_464 Column_465 Column_466 Column_467 Column_468 Column_469 Column_470 Column_471 Column_472 Column_473 Column_474 Column_475 Column_476 Column_477 Column_478 Column_479 Column_480 Column_481 Column_482 Column_483 Column_484 Column_485 Column_486 Column_487 Column_488 Column_489 Column_490 Column_491 Column_492 Column_493 Column_494 Column_495 Column_496 Column_497 Column_498 Column_499 Column_500 Column_501 Column_502 Column_503 Column_504 Column_505 Column_506 Column_507 Column_508 Column_509 Column_510 Column_511 Column_512 Column_513 Column_514 Column_515 Column_516 Column_517 Column_518 Column_519 Column_520 Column_521 Column_522 Column_523 Column_524 Column_525 Column_526 Column_527 Column_528 Column_529 Column_530 Column_531 Column_532 Column_533 Column_534 Column_535 Column_536 Column_537 Column_538 Column_539 Column_540 Column_541 Column_542 Column_543 Column_544 Column_545 Column_546 Column_547 Column_548 Column_549 Column_550 Column_551 Column_552 Column_553 Column_554 Column_555 Column_556 Column_557 Column_558 Column_559 Column_560 Column_561 Column_562 Column_563 Column_564 Column_565 Column_566 Column_567
feature_infos=[2.0013689994812012:17.993154525756836] [-0.7776256799697876:0.99923950433731079] none none none [0:1] [0:1] [0:1] [0:1] [0:1] [0:1] [0:1] [0:1] [0:1] [0:1] [0:1] [0:1] [0:1] [0:1] [0:1] [0:1] [0:1] [0:1] [0:1] [0:1] [0:1] [0:1] [0:1] [0:1] [0:1] [0:1] [0:1] [0:1] [0:1] [0:1] [0:1] [0:1] [0:1] [0:1] [0:1] [0:1] [0:1] [0:1] [0:1] [0:1] [0:1] [0:1] [0:1] [0:1] [0:1] [0:1] [0:1] [0:1] [0:1] [0:1] [0:1] [0:1] [0:1] [0:1] [0:1] [0:1] [0:1] [0:1] [0:1] [0:1] [0:1] [0:1] [0:1] [0:1] [0:1] [0:1] [0:1] [0:1] [0:1] [0:1] [0:1] [0:1] [0:1] [0:1] [0:1] [0:1] [0:1] [0:1] [0:1] [0:1] [0:1] [0:1] [0:1] [0:1] [0:1] [0:1] [0:1] [0:1] [0:1] [0:1] [0:1] [0:1] [0:1] [0:1] [0:1] [0:1] [0:1] [0:1] [0:1] [0:1] [0:1] [0:1] [0:1] [0:1] none none none none [0:1] [0:1] none [0:1] none [0:1] none none [0:1] none none none none [0:1] [0:1] [0:1] [0:1] [0:1] none [0:1] [0:1] [0:1] [0:1] none [0:1] [0:1] [0:1] [0:1] [0:1] [0:1] [0:1] [0:1] [0:1] [0:1] [0:1] [0:1] [0:1] [0:1] [0:1] [0:1] [0:1] [0:1] [0:1] [0:1] none none none none none none none none none none [0:1] [0:1] none none none none none [0:1] [0:1] [0:1] [0:1] [0:1] [0:1] [0:1] [0:1] [0:1] [0:1] [0:1] [0:1] [0:1] [0:1] [0:1] [0:1] [0:1] [0:1] [0:1] [0:1] [0:1] [0:1] [0:1] [0:1] [0:1] [0:1] [0:1] [0:1] none none [0:1] [0:1] [0:1] none [0:1] [0:1] [0:1] [0:1] [0:1] none [0:1] none none [0:1] none [0:1] [0:1] [0:1] [0:1] [0:1] [0:1] [0:1] [0:1] [0:1] [0:1] [0:1] [0:1] [0:1] [0:1] [0:1] [0:1] [0:1] [0:1] [0:1] [0:1] [0:1] [0:1] [0:1] [0:1] [0:1] none none none none none none none none none none none none none none none none none [0:1] [0:1] [0:1] [0:1] [0:1] [0:1] [0:1] [0:1] [0:1] [0:1] none [0:1] [0:1] [0:1] [0:1] none [0:1] [0:1] none none none [0:1] [0:1] none none none none none [0:1] [0:1] [0:1] [0:1] [0:1] [0:1] [0:1] none none none [0:1] none [0:1] [0:1] [0:1] none [0:1] [0:1] [0:1] [0:1] none none [0:1] [0:1] none none none none [0:1] [0:1] none none none [0:1] none none [0:1] [0:1] none none [0:1] [0:1] none none none none none none none none none none none none none none none none none none none none none none none none none none none none none none none none none none none none none none none none none none none none none none none none none none none none none none none none none none none none none none none none none none none none none none none none none none none none none none none none none none none none none none none none none none none none none none none none none none none none none none none none none none none none none none none none none none none none none none none none none none none none none none none none none none none none none none none none none none none none none none none none none none none none none none none none none none none none none none none none none none none none none none none none none none none none none none none none none none none none none none none none none none none none none none none none none none none none none none none none none none none none none none none none none none none none none none none none none none none none none none none none none none none none none none none none none none none none none
tree_sizes=3390 3451 3471 3441 3454 3480 3447 3488 3472 3482 3455 3468 3487 3485 3496 3487 3479 3482 3477 3464 3506 3490 3503 3502 3489

Tree=0
num_leaves=31
num_cat=0
split_feature=9 13 13 0 0 7 7 0 0 7 15 1 7 15 65 0 67 7 15 0 73 98 0 11 26 5 0 73 71 140
split_gain=235.59 144.618 89.9665 47.121 30.7363 22.6959 20.9088 13.7469 13.5753 12.8656 11.3391 11.2083 14.2248 10.8116 10.2903 10.0244 9.59941 17.3915 8.75732 8.12024 12.5654 7.92734 9.3085 7.33617 7.41759 6.88647 8.12891 6.7212 7.31271 6.55837
threshold=1.0000000180025095e-35 1.0000000180025095e-35 1.0000000180025095e-35 12.510609149932863 11.190965175628664 1.0000000180025095e-35 1.0000000180025095e-35 9.3497605323791522 7.5879535675048837 1.0000000180025095e-35 1.0000000180025095e-35 -0.052095215767621987 1.0000000180025095e-35 1.0000000180025095e-35 1.0000000180025095e-35 16.495551109313968 1.0000000180025095e-35 1.0000000180025095e-35 1.0000000180025095e-35 15.683778285980226 1.0000000180025095e-35 1.0000000180025095e-35 15.868583202362062 1.0000000180025095e-35 1.0000000180025095e-35 1.0000000180025095e-35 15.132101058959963 1.0000000180025095e-35 1.0000000180025095e-35 1.0000000180025095e-35
decision_type=2 2 2 2 2 2 2 2 2 2 2 2 2 2 2 2 2 2 2 2 2 2 2 2 2 2 2 2 2 2
left_child=1 7 6 11 18 19 8 -1 -2 13 29 -4 -13 -9 15 -8 17 -5 -3 25 -21 22 -15 24 -20 26 -6 -12 -29 -10
right_child=2 4 3 16 5 -7 14 9 10 -11 27 12 -14 21 -16 -17 -18 -19 23 20 -22 -23 -24 -25 -26 -27 -28 28 -30 -31
leaf_value=-1.189299219820662 -1.0755685648312689 -1.1154499984427875 -1.0225722245094899 -0.8627580864644212 -0.95307935327673776 -1.0834309802446269 -1.1141947724321128 -1.1532446502073133 -1.0492483023879517 -1.1791374878373999 -1.0025352951273621 -0.90534030043924996 -1.0386090409478175 -1.1375914500563395 -0.94047293672657861 -0.97198897810197649 -0.8219044783629198 -1.0640971506378165 -1.1555235719939991 -0.99213857832559149 -0.82071197950006691 -0.99278956540973906 -1.0192630401650733 -1.023810011019997 -1.0610911302785011 -1.0602338939530904 -1.1119202018087428 -0.98422461769477798 -0.83541946547525259 -0.91526010362626042
leaf_weight=154.30540038645267 50.616704165935516 84.990734606981277 60.43785572052002 16.053805425763134 21.908722698688511 37.207054927945137 79.135817334055901 54.205201849341393 46.27273328602314 74.980714753270149 17.187015220522881 23.041932493448257 12.276439443230627 24.930615484714508 3.9662342816591254 5.2883123755455008 20.964381203055382 5.854917272925376 12.843044340610502 11.52096624672413 6.7992587685585013 7.5547319650650016 9.0656783580780012 24.741747185587883 23.608537390828133 15.864937126636503 3.7773659825325003 6.4215221703052539 6.7992587685585022 3.9662342816591254
leaf_count=817 268 450 320 85 116 197 419 287 245 397 91 122 65 132 21 28 111 31 68 61 36 40 48 131 125 84 20 34 36 21
internal_value=-1.08399 -1.12403 -1.02048 -0.957407 -1.06571 -1.0221 -1.06029 -1.16767 -1.03498 -1.14812 -1.0095 -0.996419 -0.951664 -1.12383 -1.09789 -1.10529 -0.870277 -0.916564 -1.09468 -0.983979 -0.928516 -1.08545 -1.10604 -1.06584 -1.09436 -1.00843 -0.976438 -0.961301 -0.907696 -1.03867
internal_weight=926.588 568.305 358.283 138.629 243.262 97.0783 219.654 325.042 131.263 170.737 80.6468 95.7562 35.3184 95.7562 88.3904 84.4241 42.8731 21.9087 146.184 59.8713 18.3202 41.551 33.9963 61.1933 36.4516 41.551 25.6861 30.4078 13.2208 50.239
internal_count=4906 3009 1897 734 1288 514 1163 1721 695 904 427 507 187 507 468 447 227 116 774 317 97 220 180 324 193 220 136 161 70 266
is_linear=0
shrinkage=1


Tree=1
num_leaves=31
num_cat=0
split_feature=9 13 13 0 0 7 7 0 15 0 7 15 129 7 7 65 0 0 67 7 54 67 39 1 0 1 15 73 55 26
split_gain=188.51 123.892 65.3055 30.9185 24.2634 16.4202 14.9654 12.8001 10.6365 10.2912 10.0562 9.12417 8.08942 9.54733 8.06921 7.88157 7.86387 7.52425 8.3966 12.6461 6.13736 10.8509 8.39437 5.71102 5.69543 6.441 5.65986 5.58915 9.47582 6.70647
threshold=1.0000000180025095e-35 1.0000000180025095e-35 1.0000000180025095e-35 12.510609149932863 11.560575008392336 1.0000000180025095e-35 1.0000000180025095e-35 10.925393581390383 1.0000000180025095e-35 7.6317591667175302 1.0000000180025095e-35 1.0000000180025095e-35 1.0000000180025095e-35 1.0000000180025095e-35 1.0000000180025095e-35 1.0000000180025095e-35 16.495551109313968 17.30732345581055 1.0000000180025095e-35 1.0000000180025095e-35 1.0000000180025095e-35 1.0000000180025095e-35 1.0000000180025095e-35 0.85185185074806224 3.1772758960723881 -0.53289222717285145 1.0000000180025095e-35 1.0000000180025095e-35 1.0000000180025095e-35 1.0000000180025095e-35
decision_type=2 2 2 2 2 2 2 2 2 2 2 2 2 2 2 2 2 2 2 2 2 2 2 2 2 2 2 2 2 2
left_child=1 7 5 12 10 9 23 -1 -9 24 20 -11 13 27 -10 16 -7 18 19 -5 26 22 -22 -6 -2 -26 -3 28 -4 -30
right_child=2 4 3 17 6 15 -8 8 14 11 -12 -13 -14 -15 -16 -17 -18 -19 -20 -21 21 -23 -24 -25 25 -27 -28 -29 29 -31
leaf_value=-0.096795714797513199 0.073033887063445366 -0.038770535959723303 0.079673157753457638 0.15728060216159948 0.072760669070704179 -0.027621281041117825 0.0042410834474107479 -0.08008913011012124 0.0059677884979258272 0.038586649368288289 -0.041820918921695587 0.10679588117977201 0.038086248538092664 0.039892400614424665 -0.069951599036006604 0.12032707833676309 0.095309314993496722 0.28792612187034927 0.20176489223864449 -0.029638719872715765 -0.047291398480794972 0.090946834706997298 0.11564270098995207 0.15518513118497024 -0.081382742837001962 0.012685511707178996 0.025803817213724087 0.081345029001570049 0.29171547217403104 0.15294154537003635
leaf_weight=174.41075348854065 10.620617747306822 30.771165922284126 10.121369555592537 15.026032090187075 48.607271626591682 77.949236199259758 34.761368870735168 78.278867840766907 35.716376155614853 51.147187352180481 56.719691395759583 31.807116910815239 36.770385146141052 19.943113431334496 23.025259017944336 4.2410228848457328 5.5759937763214102 5.1300502568483344 22.272084876894951 4.768025502562522 15.137636706233026 20.916851118206978 3.9969077110290518 10.164023190736769 9.4826944172382301 31.320864588022236 24.285938560962677 18.149250909686089 5.5837606638669959 9.2534512728452682
leaf_count=972 56 165 51 72 247 419 184 432 189 265 302 159 189 103 128 21 28 25 105 25 81 111 21 50 50 165 127 90 28 46
internal_value=-0.000217338 -0.0369569 0.0551955 0.106897 0.0161871 0.0209792 0.0562523 -0.0788264 -0.0559536 0.0429513 -0.00849486 0.0647401 0.0753635 0.097103 -0.0237907 -0.0126621 -0.0194147 0.17359 0.159646 0.112255 0.0113797 0.0411635 -0.013257 0.0870153 0.00780292 -0.00917583 -0.0102865 0.123571 0.154276 0.205167
internal_weight=925.954 556.792 369.162 147.018 245.361 222.145 93.5327 311.431 137.021 134.378 151.828 82.9543 99.8213 63.0509 58.7416 87.7663 83.5252 47.1962 42.0661 19.7941 95.1085 40.0514 19.1345 58.7713 51.4242 40.8036 55.0571 43.1078 24.9586 14.8372
internal_count=4906 3009 1897 734 1288 1163 481 1721 749 695 807 424 507 318 317 468 447 227 202 97 505 213 102 297 271 215 292 215 125 74
is_linear=0
shrinkage=0.1


Tree=2
num_leaves=31
num_cat=0
split_feature=9 13 13 1 0 7 7 0 7 7 40 54 15 7 56 15 95 81 68 140 98 0 8 65 0 174 62 16 15 74
split_gain=151.861 106.165 48.8683 23.6054 19.1712 12.972 12.6365 12.1141 11.3814 11.1298 9.39752 8.09177 7.74556 7.51843 7.37259 7.29848 6.46756 7.46142 6.42618 6.30852 6.29456 7.6975 6.26643 6.13375 6.22611 5.90243 5.73363 6.05806 5.72213 6.28974
threshold=1.0000000180025095e-35 1.0000000180025095e-35 1.0000000180025095e-35 -0.052095215767621987 13.938398361206056 1.0000000180025095e-35 1.0000000180025095e-35 9.3497605323791522 1.0000000180025095e-35 1.0000000180025095e-35 1.0000000180025095e-35 1.0000000180025095e-35 1.0000000180025095e-35 1.0000000180025095e-35 1.0000000180025095e-35 1.0000000180025095e-35 1.0000000180025095e-35 1.0000000180025095e-35 1.0000000180025095e-35 1.0000000180025095e-35 1.0000000180025095e-35 12.803559303283693 1.0000000180025095e-35 1.0000000180025095e-35 16.495551109313968 1.0000000180025095e-35 1.0000000180025095e-35 1.0000000180025095e-35 1.0000000180025095e-35 1.0000000180025095e-35
decision_type=2 2 2 2 2 2 2 2 2 2 2 2 2 2 2 2 2 2 2 2 2 2 2 2 2 2 2 2 2 2
left_child=1 7 5 26 6 11 10 -1 14 12 -3 -2 -9 25 15 -5 -8 -18 22 28 21 -14 -10 24 -7 -6 -4 -28 29 -13
right_child=2 4 3 8 13 23 16 9 18 -11 -12 19 20 -15 -16 -17 17 -19 -20 -21 -22 -23 -24 -25 -26 -27 27 -29 -30 -31
leaf_value=-0.095887053723279991 0.012351745917337861 0.0076627262541419938 0.074293533883396254 0.038699660144152923 0.11096477016951554 -0.025232082443890178 -0.046461805095891352 -0.059108742733555188 0.079498883390585348 -0.085995143496602977 0.089552855539585599 0.067395418516810676 -0.082412646247943949 0.018917726663454149 0.17057292899061846 0.16870955929058695 0.13546675226088914 -0.054344765133260843 0.13983419095068339 0.14697835067091045 0.080006109573982118 0.017038187370513613 -0.044239439479279087 0.10274031308004883 0.08212631653802277 -0.0043415752003542916 0.04716466318937141 -0.045842550313036412 0.08596372152413044 -0.01483230319629777
leaf_weight=138.59259673953056 65.261398911476135 105.26241375505924 33.39336371421814 10.121601283550264 29.974551975727081 76.856889516115189 60.45513553917408 50.050230771303177 11.86004860699177 68.386264070868492 16.165758401155472 18.215244978666306 12.303763747215269 21.582056790590286 44.363126918673515 7.5305965840816489 4.4703715592622739 3.8585115373134613 9.0922552198171633 7.6290039271116248 7.8460206240415564 21.180401086807251 6.2492325007915488 4.4574645459651938 5.8102493882179251 5.2112152874469748 19.893485128879547 10.808134943246843 26.856904566287994 19.011492162942886
leaf_count=817 335 552 167 46 144 419 327 287 59 397 80 94 68 114 201 34 24 21 43 37 40 112 31 21 28 26 99 54 131 98
internal_value=-0.000360149 -0.0341087 0.0484048 0.0919097 0.0143862 0.0186419 -0.000834179 -0.0742525 0.125169 -0.0554851 0.0185648 0.0378302 -0.0326524 0.0653852 0.148823 0.0941631 -0.0350802 0.047533 0.0712389 0.0610165 -0.000614091 -0.019505 0.0367987 -0.0115251 -0.0176864 0.0938872 0.0456152 0.0144226 0.050783 0.0254022
internal_weight=922.75 545.339 377.41 153.312 246.98 224.099 190.212 298.359 89.2169 159.767 121.428 136.974 91.3804 56.7678 62.0153 17.6522 68.784 8.32888 27.2015 71.7126 41.3302 33.4842 18.1093 87.1246 82.6671 35.1858 64.095 30.7016 64.0836 37.2267
internal_count=4906 3009 1897 734 1288 1163 1004 1721 414 904 632 695 507 284 281 80 372 45 133 360 220 180 90 468 447 170 320 153 323 192
is_linear=0
shrinkage=0.1


Tree=3
num_leaves=31
num_cat=0
split_feature=9 13 13 0 70 0 7 0 7 7 68 16 15 31 73 0 6 81 0 73 0 133 0 86 67 12 15 54 67 0
split_gain=122.948 91.0317 37.3229 17.9063 15.6602 11.2672 10.9644 10.5324 9.99591 7.03212 6.79797 12.1763 6.60448 6.4335 6.14433 5.7062 5.63585 6.6758 7.56106 6.16704 7.25743 6.51082 5.28415 5.85773 5.25913 5.24977 6.54461 5.21396 6.13437 7.48778
threshold=1.0000000180025095e-35 1.0000000180025095e-35 1.0000000180025095e-35 12.510609149932863 1.0000000180025095e-35 9.3497605323791522 1.0000000180025095e-35 7.5277206897735605 1.0000000180025095e-35 1.0000000180025095e-35 1.0000000180025095e-35 1.0000000180025095e-35 1.0000000180025095e-35 1.0000000180025095e-35 1.0000000180025095e-35 15.51813840866089 1.0000000180025095e-35 1.0000000180025095e-35 9.6605067253112811 1.0000000180025095e-35 8.4750170707702654 1.0000000180025095e-35 15.683778285980226 1.0000000180025095e-35 1.0000000180025095e-35 1.0000000180025095e-35 1.0000000180025095e-35 1.0000000180025095e-35 1.0000000180025095e-35 11.02532482147217
decision_type=2 2 2 2 2 2 2 2 2 2 2 2 2 2 2 2 2 2 2 2 2 2 2 2 2 2 2 2 2 2
left_child=1 5 7 16 6 -1 27 -2 12 -9 11 15 -7 14 -6 -11 17 -4 -19 20 21 -18 23 -16 -14 26 -5 -3 29 -29
right_child=2 4 3 25 13 8 -8 9 -10 10 -12 -13 24 -15 22 -17 19 18 -20 -21 -22 -23 -24 -25 -26 -27 -28 28 -30 -31
leaf_value=-0.091535189987152391 -0.011971436936919936 -0.0045011682809869783 0.010790425734890188 0.066404782746680185 0.013478279283466944 -0.055088078456486583 -0.037501736269979102 0.050463663658625937 -0.081516059629701224 0.050027189620027536 -0.049286384746060154 -0.03952919170317247 0.035057787439891623 0.12550603055384477 0.01068195470581591 0.17691939480211447 0.034327362333204992 0.044676207164465437 0.15339043508937034 0.031119112546309797 0.20393187332013041 0.16667243167573609 0.14482712479145168 0.12992971543727894 -0.036347490707447978 0.16851275583536299 0.15824357503935504 -0.030660695137448714 0.071839826715978772 0.10111377567143545
leaf_weight=131.05827075242996 82.067125931382179 61.351513922214508 37.039149031043053 19.408709019422531 37.956959739327431 48.420283794403076 61.807245641946793 88.247063264250755 65.102675303816795 18.725387468934063 16.283787459135056 15.965786188840864 20.632869988679886 10.027335613965986 13.308867990970617 4.371114805340766 10.268348947167402 25.217348963022232 8.5722169578075391 12.070440784096716 7.0458135902881613 5.8264784067869178 7.871161386370658 5.9659121036529532 20.625609219074249 19.791182562708855 12.92795208096504 17.6196483373642 26.605399012565613 5.7094006687402716
leaf_count=817 436 322 178 86 189 287 341 431 397 103 86 86 109 48 66 21 50 122 39 58 32 28 37 30 111 85 56 95 133 27
internal_value=-0.000458874 -0.0314857 0.0427123 0.079959 0.012818 -0.0699591 -0.00373 0.0166057 -0.0516899 0.0329382 0.00499457 0.0276225 -0.0300375 0.050943 0.0394586 0.0740421 0.0563681 0.0401134 0.0722564 0.0890653 0.119291 0.0822375 0.0757856 0.0475914 -0.000638569 0.127948 0.103121 0.0150265 0.0390191 0.00158894
internal_weight=917.891 534.063 383.828 158.168 248.223 285.84 173.093 225.66 154.781 143.593 55.3461 39.0623 89.6788 75.1302 65.1029 23.0965 106.04 70.8287 33.7896 35.2111 23.1406 16.0948 27.1459 19.2748 41.2585 52.1278 32.3367 111.286 49.9344 23.329
internal_count=4906 3009 1897 734 1288 1721 918 1163 904 727 296 210 507 370 322 124 507 339 161 168 110 78 133 96 220 227 142 577 255 122
is_linear=0
shrinkage=0.1


Tree=4
num_leaves=31
num_cat=0
split_feature=9 13 13 0 7 0 0 15 7 55 15 0 67 81 0 54 11 97 0 0 1 0 67 7 0 5 1 98 7 68
split_gain=99.8509 77.9644 28.9761 13.7799 13.0738 11.5564 10.4934 10.2947 8.98018 6.25266 5.63339 5.53858 5.47229 7.22267 5.65084 5.03134 6.0862 4.94078 5.71501 4.62189 4.29644 4.28726 5.59021 7.627 4.27611 4.9615 4.82837 4.25965 4.19033 6.30182
threshold=1.0000000180025095e-35 1.0000000180025095e-35 1.0000000180025095e-35 12.510609149932863 1.0000000180025095e-35 10.513347148895265 9.3497605323791522 1.0000000180025095e-35 1.0000000180025095e-35 1.0000000180025095e-35 1.0000000180025095e-35 7.8836412429809579 1.0000000180025095e-35 1.0000000180025095e-35 9.5071868896484393 1.0000000180025095e-35 1.0000000180025095e-35 1.0000000180025095e-35 15.868583202362062 14.054756641387941 0.059396151453256614 17.30732345581055 1.0000000180025095e-35 1.0000000180025095e-35 3.1772758960723881 1.0000000180025095e-35 -0.37394477427005762 1.0000000180025095e-35 1.0000000180025095e-35 1.0000000180025095e-35
decision_type=2 2 2 2 2 2 2 2 2 2 2 2 2 2 2 2 2 2 2 2 2 2 2 2 2 2 2 2 2 2
left_child=1 6 7 12 5 20 -1 9 10 28 -8 24 -4 27 -15 19 -17 18 -12 -6 -3 22 23 -5 -9 26 -26 -14 29 -2
right_child=2 4 3 21 15 -7 8 11 -10 -11 17 -13 13 14 -16 16 -18 -19 -20 -21 -22 -23 -24 -25 25 -27 -28 -29 -30 -31
leaf_value=-0.087401194626257561 -0.030181318991899436 0.011296227460424486 0.080329471601585434 0.09687552456143797 -0.059087249394458946 0.058047157032006969 -0.051276622940123612 0.081759843109521654 -0.077244324898179548 0.012352294221290574 -0.041743018339724575 0.062187170179784694 0.016575320501650032 0.044613820025005635 0.1430871030364699 -0.024592184205838183 0.049810488710690805 0.076407155349794434 0.048975003181907846 0.032383607708377136 -0.063872584168939234 0.19087229926197546 0.13362463804634811 -0.042361396075910739 -0.089670586779871941 0.044134639210414009 0.017146379846570272 -0.084847395970904529 -0.068891287228329712 0.098829198705586596
leaf_weight=123.90658140182495 20.780701145529751 79.530501529574394 37.77014385163784 17.164865732192997 35.086576238274574 72.447922140359879 46.899191737174988 6.9123701155185691 61.996695026755333 94.614580810070038 24.630666613578796 52.502393454313278 34.110469996929169 23.850957080721859 7.7115605920553199 29.619557723402977 17.484216839075089 6.9301252514123908 9.6709323376417142 6.556204840540885 8.4077015519142133 6.0528907924890509 25.363238230347633 5.1038786917924872 9.1613000482320803 11.756596833467485 7.8644937872886649 4.7131562978029242 18.86012077331543 4.629889264702796
leaf_count=817 107 419 176 72 197 339 287 36 397 488 137 254 162 113 34 161 94 34 49 34 44 25 105 25 49 62 41 22 103 23
internal_value=-0.000525819 -0.0290537 0.0378489 0.0701811 0.0114333 0.0284736 -0.0658616 0.0148058 -0.048084 -0.00216158 -0.0275709 0.0415246 0.0496232 0.0331457 0.0686735 -0.0193626 0.00302498 -0.000606651 -0.0161661 -0.0446862 0.0041094 0.111598 0.101524 0.0649632 0.0111326 -0.0058292 -0.0403301 0.00426269 -0.0331804 -0.0066752
internal_weight=912.09 523.167 388.924 161.841 249.133 160.386 274.034 227.082 150.128 138.885 88.1309 88.1972 108.156 70.3861 31.5625 88.7466 47.1038 41.2317 34.3016 41.6428 87.9382 53.6849 47.632 22.2687 35.6948 28.7824 17.0258 38.8236 44.2707 25.4106
internal_count=4906 3009 1897 734 1288 802 1721 1163 904 721 507 442 507 331 147 486 255 220 186 231 463 227 202 97 188 152 90 184 233 130
is_linear=0
shrinkage=0.1


Tree=5
num_leaves=31
num_cat=0
split_feature=9 13 13 1 0 0 54 7 7 7 7 80 54 56 15 15 15 8 23 65 68 0 21 1 140 81 67 10 86 14
split_gain=81.2769 66.7641 22.8045 11.5172 10.5362 9.73897 8.4325 8.15829 8.03361 7.00201 5.64045 5.61216 5.1988 5.18835 5.06512 4.78198 4.76802 4.47013 4.44665 4.4149 4.76837 7.95579 5.25825 6.30868 4.39364 4.35842 4.16042 5.04967 4.09663 4.24909
threshold=1.0000000180025095e-35 1.0000000180025095e-35 1.0000000180025095e-35 -0.052095215767621987 13.938398361206056 9.3497605323791522 1.0000000180025095e-35 1.0000000180025095e-35 1.0000000180025095e-35 1.0000000180025095e-35 1.0000000180025095e-35 1.0000000180025095e-35 1.0000000180025095e-35 1.0000000180025095e-35 1.0000000180025095e-35 1.0000000180025095e-35 1.0000000180025095e-35 1.0000000180025095e-35 1.0000000180025095e-35 1.0000000180025095e-35 1.0000000180025095e-35 15.51813840866089 1.0000000180025095e-35 -0.17484219372272489 1.0000000180025095e-35 1.0000000180025095e-35 1.0000000180025095e-35 1.0000000180025095e-35 1.0000000180025095e-35 1.0000000180025095e-35
decision_type=2 2 2 2 2 2 2 2 2 2 2 2 2 2 2 2 2 2 2 2 2 2 2 2 2 2 2 2 2 2
left_child=1 5 7 -4 6 -1 10 12 15 13 14 -8 28 16 -3 -7 -5 -11 -6 20 21 22 -9 -24 -14 -16 27 -17 29 -2
right_child=2 4 3 9 18 8 11 19 -10 17 -12 -13 24 -15 25 26 -18 -19 -20 -21 -22 -23 23 -25 -26 -27 -28 -29 -30 -31
leaf_value=-0.083440092755457468 0.036660897380336101 -0.028967348448771371 0.030365605619551112 0.013777748798348166 -0.025237864551774056 -0.047662747483225021 0.013044821262300364 -0.026361601393558556 -0.073146931190087472 0.070221581494581478 -0.054584717710274358 0.1006727471710309 0.037490325296095021 0.11917240231569293 0.063486225988572786 -0.011853421163758752 0.11472599388735288 -0.013390265096947702 0.056994659692041955 0.083416265052672731 -0.069031226992098835 0.11716860580096033 -0.020822829001731002 0.15261307362778384 0.11480111116493885 -0.013988774472042357 -0.033057415824243701 0.087322349787176207 -0.091258896999456648 -0.015922311921610702
leaf_weight=117.1639102846384 35.393051519989967 36.872570365667343 67.62145109474659 10.779872834682465 7.5157710909843436 45.48572564125061 81.981770470738411 54.255869090557098 59.076984018087387 19.853569224476814 33.787327647209167 8.0241390466690046 67.01651956140995 48.578036651015282 15.344022572040558 12.002526625990868 8.2670749723911285 9.4318505674600619 52.575595244765282 4.6850509941577902 14.221593201160429 4.9164406955242148 4.5893437266349792 3.8623810708522779 8.2566248923540098 13.784121856093407 20.151494786143303 8.9713553935289383 3.9433584064245215 27.160271227359772
leaf_count=817 178 195 320 46 36 287 424 299 397 89 196 42 323 201 77 62 34 44 248 21 78 23 26 21 37 70 111 47 19 138
internal_value=-0.000569563 -0.0267923 0.0336572 0.0620388 0.0102168 -0.0619758 -0.0013373 0.0132032 -0.044714 0.0841394 -0.0213559 0.020857 0.0279718 0.101828 -0.00434525 -0.0253201 0.057593 0.043293 0.0467096 -0.0109933 -0.0163975 -0.00532847 -0.0149326 0.0584362 0.0459705 0.0268232 -0.000608566 0.030568 0.00759768 0.0138296
internal_weight=905.57 512.737 392.832 164.532 249.885 262.852 189.794 228.301 145.688 96.9104 99.788 90.0059 141.77 67.625 66.0007 86.6111 19.0469 29.2854 60.0914 86.5307 81.8456 67.624 62.7076 8.45172 75.2731 29.1281 41.1254 20.9739 66.4967 62.5533
internal_count=4906 3009 1897 734 1288 1721 1004 1163 904 414 538 466 695 281 342 507 80 133 284 468 447 369 346 47 360 147 220 109 335 316
is_linear=0
shrinkage=0.1


Tree=6
num_leaves=31
num_cat=0
split_feature=9 13 13 0 7 0 0 15 15 0 19 6 0 73 67 61 0 0 8 0 0 0 86 15 42 67 26 16 56 93
split_gain=66.2757 57.0764 18.0924 9.76831 9.57984 9.0452 8.00924 7.88827 6.67535 5.28056 4.95031 4.18028 5.40714 4.80549 4.78606 4.59616 4.32 4.16857 4.92845 7.32888 5.43413 4.1127 3.76897 3.87488 4.13859 4.63221 5.39691 7.02291 5.06642 3.75358
threshold=1.0000000180025095e-35 1.0000000180025095e-35 1.0000000180025095e-35 12.510609149932863 1.0000000180025095e-35 10.925393581390383 10.513347148895265 1.0000000180025095e-35 1.0000000180025095e-35 5.1238877773284921 1.0000000180025095e-35 1.0000000180025095e-35 2.960985660552979 1.0000000180025095e-35 1.0000000180025095e-35 1.0000000180025095e-35 5.3483915328979501 10.925393581390383 1.0000000180025095e-35 6.4298424720764169 5.0171115398406991 7.8836412429809579 1.0000000180025095e-35 1.0000000180025095e-35 1.0000000180025095e-35 1.0000000180025095e-35 1.0000000180025095e-35 1.0000000180025095e-35 1.0000000180025095e-35 1.0000000180025095e-35
decision_type=2 2 2 2 2 2 2 2 2 2 2 2 2 2 2 2 2 2 2 2 2 2 2 2 2 2 2 2 2 2
left_child=1 5 7 11 6 -1 -3 9 -7 -2 -11 12 -4 15 16 -13 -14 18 19 -16 -20 -9 23 -6 25 -25 -27 28 -28 -8
right_child=2 4 3 -5 22 8 29 21 -10 10 -12 13 14 -15 17 -17 -18 -19 20 -21 -22 -23 -24 24 -26 26 27 -29 -30 -31
leaf_value=-0.076014146166034344 -0.041430721480368062 0.0030749529788334749 -0.064161662280530565 0.089595766784706432 -0.042192169838157684 -0.059903548755485085 0.055210877876534059 0.0086852027591438601 -0.012218235024968686 0.011219625321312453 -0.094022460590965903 0.064354452629116862 0.15867730353276274 0.015363166722709813 -0.066216481247398373 0.16072553307949533 0.048406740235900567 -0.067955271373413395 0.15912449260372807 0.048412584817908028 0.027916051528053328 0.052313889447886112 0.049833048034260752 0.075739914077948348 -0.087417606368366568 -0.095459226191951185 0.0074959007624278862 -0.053061157453375724 0.17511535016537355 -0.018171063172062459
leaf_weight=134.17428259551525 28.607074931263924 88.305609747767448 6.313681334257125 54.985074892640114 47.38422866165638 64.149275287985802 66.903596729040146 36.022466912865639 54.126314461231232 105.82916995882988 4.6665268093347541 17.867216438055042 4.2761767059564617 12.701348334550856 10.455874204635622 6.8446278125047675 21.00033988058567 5.6385952979326239 4.6302416771650305 11.954811587929724 9.9172133803367597 53.989654451608658 7.5826247632503501 9.0314211547374743 4.4157461225986472 5.4360411167144784 3.6538445055484772 6.5061329901218414 3.5603066682815552 7.7812696099281302
leaf_count=972 156 463 30 227 267 432 303 188 317 541 24 80 20 58 50 30 93 25 22 54 45 254 40 48 24 30 21 37 19 36
internal_value=-0.00059741 -0.0246832 0.0300203 0.0550972 0.00912874 -0.0582422 0.0234612 0.0117874 -0.0380814 -0.00313873 0.00677497 0.0380998 0.0243556 0.0653533 0.0325896 0.0910471 0.0670619 0.0121341 0.0243531 -0.00506847 0.0696778 0.0348539 -0.0175475 -0.023935 0.00259896 0.0167005 -0.0111342 0.0222758 0.090219 0.0475654
internal_weight=898.711 503.011 395.7 166.585 250.561 252.45 162.99 229.115 118.276 139.103 110.496 111.6 74.1869 37.4132 67.8733 24.7118 25.2765 42.5967 36.9581 22.4107 14.5475 90.0121 87.5703 79.9877 32.6035 28.1877 19.1563 13.7203 7.21415 74.6849
internal_count=4906 3009 1897 734 1288 1721 802 1163 749 721 565 507 339 168 309 110 113 196 171 104 67 442 486 446 179 155 107 77 40 339
is_linear=0
shrinkage=0.1


Tree=7
num_leaves=31
num_cat=0
split_feature=9 13 13 7 1 1 7 0 7 7 67 10 139 40 101 67 0 135 0 12 69 86 5 97 68 56 62 16 16 137
split_gain=54.0672 48.6227 14.3921 8.96666 8.32271 8.16746 7.76513 6.50261 6.39396 5.63779 5.16563 7.202 6.6388 4.82761 5.7998 5.43897 5.72849 5.70794 5.17623 4.8141 4.73484 4.59541 4.5313 4.12657 4.0496 3.94997 3.82722 4.33075 4.25013 4.93138
threshold=1.0000000180025095e-35 1.0000000180025095e-35 1.0000000180025095e-35 1.0000000180025095e-35 -0.065480265766382204 -0.052095215767621987 1.0000000180025095e-35 13.726214885711672 1.0000000180025095e-35 1.0000000180025095e-35 1.0000000180025095e-35 1.0000000180025095e-35 1.0000000180025095e-35 1.0000000180025095e-35 1.0000000180025095e-35 1.0000000180025095e-35 5.4524297714233407 1.0000000180025095e-35 3.4811772108078007 1.0000000180025095e-35 1.0000000180025095e-35 1.0000000180025095e-35 1.0000000180025095e-35 1.0000000180025095e-35 1.0000000180025095e-35 1.0000000180025095e-35 1.0000000180025095e-35 1.0000000180025095e-35 1.0000000180025095e-35 1.0000000180025095e-35
decision_type=2 2 2 2 2 2 2 2 2 2 2 2 2 2 2 2 2 2 2 2 2 2 2 2 2 2 2 2 2 2
left_child=1 3 8 4 -1 26 7 13 -2 25 11 12 -6 14 15 16 17 -3 19 -17 -5 -12 -15 -20 -11 -7 28 -28 29 -4
right_child=2 6 5 20 10 9 -8 -9 -10 24 21 -13 -14 22 -16 18 -18 -19 23 -21 -22 -23 -24 -25 -26 -27 27 -29 -30 -31
leaf_value=-0.071020939432901706 0.023454703401670978 -0.02047520340266587 0.043858670154574016 -0.088518180624960752 -0.051793167467317817 0.044903808916686487 -0.016061951604111377 0.055479466291585303 -0.010991184464449718 0.0052355927144584011 -0.057312276153180165 0.051770178579588225 0.09714025448223873 0.096150544196110757 0.12135565171701795 0.0077570315175608494 -0.057287778103694648 0.1248012877528336 0.039931151222480178 -0.11531393228966753 -0.038268005773456876 0.026627560536334721 -0.0087026295428022735 -0.065626669573310925 0.082904850515581774 0.098217929257326711 0.024070439013161936 -0.052679443610474441 0.097012050338835962 -0.067944383153518126
leaf_weight=49.062474712729454 143.79540468752384 8.9027428776025754 20.776689529418949 79.947635009884834 21.026941612362865 19.317163556814194 86.679042249917984 40.913160234689713 86.187980607151985 19.959558561444283 38.316661164164543 18.72474904358387 3.4897195994853965 11.246032178401949 3.8799558430910102 8.3332673609256727 27.642811849713326 3.884589657187461 43.756689503788948 5.1380597651004782 24.496840268373489 7.8599978387355796 6.5058708488941184 4.0459015220403662 10.114864051342012 49.523406237363815 21.501197710633278 11.172212913632391 10.966350227594374 4.8698244839906684
leaf_count=381 695 48 95 607 129 80 486 179 468 90 246 112 20 50 20 43 143 21 221 27 177 49 30 20 43 201 99 54 50 22
internal_value=-0.000613197 -0.0227196 0.0268046 -0.05461 -0.0379249 0.0490353 0.00815358 0.0209328 0.0105459 0.0674779 -0.0197656 0.00507208 -0.0305939 0.00947297 0.00136065 -0.00321709 -0.0316862 0.0236575 0.0155676 -0.0391831 -0.0767323 -0.0430244 0.057723 0.030997 0.0313579 0.0832576 0.0227062 -0.0021731 0.0449085 0.0226292
internal_weight=892.038 493.853 398.185 242.925 138.481 168.201 250.928 164.249 229.983 98.915 89.4181 43.2414 24.5167 123.336 105.584 101.704 40.4301 12.7873 61.2739 13.4713 104.444 46.1767 17.7519 47.8026 30.0744 68.8406 69.2863 32.6734 36.6129 25.6465
internal_count=4906 3009 1897 1721 937 734 1288 802 1163 414 556 261 149 623 543 523 212 69 311 70 784 295 80 241 133 281 320 153 167 117
is_linear=0
shrinkage=0.1


Tree=8
num_leaves=31
num_cat=0
split_feature=9 13 13 1 7 70 0 15 15 10 12 0 94 0 0 26 11 14 31 73 8 0 6 0 0 22 64 67 7 6
split_gain=44.2307 41.4136 11.5507 8.4134 7.67168 6.94112 6.82916 6.32999 6.19037 5.60676 5.12768 5.55737 4.56335 4.94475 4.71351 4.46825 5.93195 4.20887 4.12243 4.49331 3.97905 3.88397 5.53709 3.7155 3.72653 5.01165 3.65322 3.90005 5.62024 3.42136
threshold=1.0000000180025095e-35 1.0000000180025095e-35 1.0000000180025095e-35 -0.46444596350193018 1.0000000180025095e-35 1.0000000180025095e-35 12.510609149932863 1.0000000180025095e-35 1.0000000180025095e-35 1.0000000180025095e-35 1.0000000180025095e-35 16.495551109313968 1.0000000180025095e-35 16.495551109313968 16.041068077087406 1.0000000180025095e-35 1.0000000180025095e-35 1.0000000180025095e-35 1.0000000180025095e-35 1.0000000180025095e-35 1.0000000180025095e-35 4.1437373161315927 1.0000000180025095e-35 4.9609856605529794 3.7193702459335332 1.0000000180025095e-35 1.0000000180025095e-35 1.0000000180025095e-35 1.0000000180025095e-35 1.0000000180025095e-35
decision_type=2 2 2 2 2 2 2 2 2 2 2 2 2 2 2 2 2 2 2 2 2 2 2 2 2 2 2 2 2 2
left_child=1 3 8 -1 10 7 29 -3 12 15 -5 -12 13 14 23 16 -9 21 19 -7 -20 -17 -23 24 25 -2 27 28 -8 -4
right_child=2 5 6 4 -6 18 26 9 -10 -11 11 -13 -14 -15 -16 17 -18 -19 20 -21 -22 22 -24 -25 -26 -27 -28 -29 -30 -31
leaf_value=-0.092236329266076389 -0.045846449475641829 -0.021059918067726641 0.017436464269281412 -0.0058503053803025638 -0.066232072166996961 0.00079890463502411242 0.085035509969166395 -0.052944688525815624 0.029658302805051447 -0.017755548133203954 -0.061363212900093958 0.033351960366268106 0.052363580572254681 0.054658865564856655 -0.11841315451565025 -0.039889536717012938 0.061948005579063992 0.10950602088097026 0.13990943792106611 0.052666683974067034 0.017263786564410244 0.012785971620193718 0.15151816882067667 -0.0017555458570134121 -0.091944471786574986 0.08870574874433744 0.025453083010225881 0.11609962239246621 -0.035716627787835797 0.054150694841454461
leaf_weight=41.152956791222095 11.700160831212999 96.06784325838089 75.374355643987656 60.520245261490345 79.552486777305603 39.647367343306541 15.889502584934236 9.8453087359666824 91.48914310336113 28.146018296480179 45.608084812760353 7.1685228943824759 13.097662523388861 10.922607898712156 4.3042853176593772 5.2746573388576534 8.2673119008541107 11.600181922316553 6.3589574694633466 28.859731256961823 4.529598668217659 8.0429183244705182 4.4790544956922522 85.476792499423027 10.232017651200293 3.6261443495750418 12.686870843172072 21.863797664642334 5.0889493972063056 38.269407227635384
leaf_count=338 65 528 339 403 623 189 64 54 442 145 317 40 67 51 21 28 40 58 28 133 20 42 23 440 57 20 52 88 23 168
internal_value=-0.000622766 -0.0209216 0.0239944 -0.0511891 -0.0424298 0.00728275 0.0438444 -0.00402194 0.00944774 0.017613 -0.0257168 -0.0484983 -0.00382042 -0.00964862 -0.0157385 0.0385664 -0.000503148 0.0626388 0.0317334 0.0226491 0.0888893 0.0320898 0.0624099 -0.0117583 -0.0452114 -0.0140119 0.0725873 0.0865452 0.0557435 0.0297999
internal_weight=885.143 485.121 400.022 234.002 192.849 251.119 169.173 171.723 230.849 75.6555 113.297 52.7766 139.36 126.262 115.339 47.5094 18.1126 29.3968 79.3957 68.5071 10.8886 17.7966 12.522 111.035 25.5583 15.3263 55.5291 42.8422 20.9785 113.644
internal_count=4906 3009 1897 1721 1383 1288 734 918 1163 390 760 357 721 654 603 245 94 151 370 322 48 93 65 582 142 85 227 175 87 507
is_linear=0
shrinkage=0.1


Tree=9
num_leaves=31
num_cat=0
split_feature=9 13 7 1 1 65 7 7 13 167 1 84 67 86 0 10 0 21 51 14 1 15 61 17 15 5 140 10 0 57
split_gain=36.16 35.1697 9.90295 8.6171 7.88309 7.38546 6.88279 6.10972 5.23764 4.83935 5.21196 4.61556 4.56228 4.33545 4.18981 4.06716 5.75492 3.91814 3.9125 3.87108 4.43415 8.35832 5.07147 3.76747 3.57945 3.53915 5.31811 4.90573 5.27262 6.92219
threshold=1.0000000180025095e-35 1.0000000180025095e-35 1.0000000180025095e-35 -0.052095215767621987 -0.46444596350193018 1.0000000180025095e-35 1.0000000180025095e-35 1.0000000180025095e-35 1.0000000180025095e-35 1.0000000180025095e-35 0.85185185074806224 1.0000000180025095e-35 1.0000000180025095e-35 1.0000000180025095e-35 2.6105407476425175 1.0000000180025095e-35 10.260096073150637 1.0000000180025095e-35 1.0000000180025095e-35 1.0000000180025095e-35 -0.37987679243087763 1.0000000180025095e-35 1.0000000180025095e-35 1.0000000180025095e-35 1.0000000180025095e-35 1.0000000180025095e-35 1.0000000180025095e-35 1.0000000180025095e-35 7.0266940593719491 1.0000000180025095e-35
decision_type=2 2 2 2 2 2 2 2 2 2 2 2 2 2 2 2 2 2 2 2 2 2 2 2 2 2 2 2 2 2
left_child=1 4 3 11 -1 23 12 9 24 10 17 14 15 -14 -2 -6 -17 25 -19 -16 21 -21 -22 -4 -5 26 27 -3 -29 -30
right_child=2 7 5 8 6 -7 -8 -9 -10 -11 -12 -13 13 -15 19 16 -18 18 -20 20 22 -23 -24 -25 -26 -27 -28 28 29 -31
leaf_value=-0.089093595774474246 0.073871869851647218 0.052769149935986248 0.086183798793873223 0.014511226983087168 -0.026853628505803046 0.093614257975810841 -0.062624731733417802 -0.01510698576093559 0.068677577667534781 -0.060629121428075854 0.086060021215077651 0.083902964256957591 -0.052547317547341356 0.027194160095778692 0.016135677342342614 -0.05288636096441194 0.060502222144085661 -0.00077790351089520064 -0.10778811656441452 -0.11897452534853425 -0.02816770618334502 0.01523847920902419 0.083987633411994875 -0.0088427375856027328 0.056846488017072906 0.0025042564913257781 0.14737090614694359 -0.054766901429884177 0.11121406870330629 -0.013310868790456129
leaf_weight=38.483200035989285 8.298722103238104 40.932951018214226 4.3138922601938239 49.95652873814106 28.349464036524296 7.9371733069419852 75.914543211460114 86.024277120828629 69.13076639175415 7.518307536840438 11.582939609885214 8.1700398027896863 52.523244641721249 7.8352488726377478 56.607896074652672 6.1286772862076786 16.599953845143318 14.449120908975603 4.4747965037822715 10.468027919530869 11.848624587059023 8.3345636427402496 6.1112388372421256 126.98201309144497 33.273666575551033 51.635158091783524 4.0898608416318885 11.206883043050768 6.9637283980846414 12.436331704258919
leaf_count=338 40 198 21 238 187 34 623 486 281 38 48 38 381 49 271 48 95 74 20 54 56 41 29 651 143 254 20 59 33 58
internal_value=-0.00062202 -0.0192301 0.0214958 0.0329412 -0.04787 -5.78053e-05 -0.0394024 0.00650601 0.0483336 0.0177544 0.0214896 0.01159 -0.0235825 -0.0421959 0.00577901 -0.00158728 0.0299275 0.0163735 -0.0260818 -0.000273062 -0.0255397 -0.0594824 0.00999562 -0.00572052 0.031436 0.0226865 0.0364656 0.0301252 -0.000158136 0.0313879
internal_weight=878.582 477.149 401.433 262.2 225.834 139.233 187.351 251.314 152.361 165.29 157.772 109.839 111.437 60.3585 101.669 51.0781 22.7286 146.189 18.9239 93.3704 36.7625 18.8026 17.9599 131.296 83.2302 127.265 75.6298 71.5399 30.6069 19.4001
internal_count=4906 3009 1897 1191 1721 706 1383 1288 662 802 764 529 760 430 491 330 143 716 94 451 180 95 85 672 381 622 368 348 150 91
is_linear=0
shrinkage=0.1


Tree=10
num_leaves=31
num_cat=0
split_feature=9 13 13 1 15 54 0 0 80 67 21 7 54 16 5 138 16 15 83 0 0 1 81 0 6 11 73 61 12 1
split_gain=29.5769 29.8475 8.34051 7.34961 6.82328 6.10938 6.04861 5.52751 5.0497 4.53527 5.46468 4.34272 4.22892 4.1756 5.61879 3.7239 15.387 4.38085 4.1486 4.55786 4.68162 4.45515 3.60316 3.77958 3.79751 4.20307 3.57529 4.45507 5.02452 5.19204
threshold=1.0000000180025095e-35 1.0000000180025095e-35 1.0000000180025095e-35 -0.46444596350193018 1.0000000180025095e-35 1.0000000180025095e-35 17.30732345581055 14.054756641387941 1.0000000180025095e-35 1.0000000180025095e-35 1.0000000180025095e-35 1.0000000180025095e-35 1.0000000180025095e-35 1.0000000180025095e-35 1.0000000180025095e-35 1.0000000180025095e-35 1.0000000180025095e-35 1.0000000180025095e-35 1.0000000180025095e-35 12.643394947052004 15.464749813079836 -0.0050954443868249646 1.0000000180025095e-35 4.2108144760131845 1.0000000180025095e-35 1.0000000180025095e-35 1.0000000180025095e-35 1.0000000180025095e-35 1.0000000180025095e-35 -0.0050954443868249646
decision_type=2 2 2 2 2 2 2 2 2 2 2 2 2 2 2 2 2 2 2 2 2 2 2 2 2 2 2 2 2 2
left_child=1 3 11 -1 -5 7 15 22 -7 10 12 -2 -6 -14 -15 17 -17 -4 19 -19 -21 -20 23 24 25 -3 -13 28 29 -28
right_child=2 5 6 4 9 8 -8 -9 -10 -11 -12 26 13 14 -16 16 -18 18 21 20 -22 -23 -24 -25 -26 -27 27 -29 -30 -31
leaf_value=-0.08601789830133505 0.017431379188556317 0.023313822852340418 0.023331729495083477 -0.05448885997256199 -0.027487827464273695 0.014925280192825241 0.13413486032158603 0.034104053745028264 0.086272523250010294 -0.037062393408514492 -0.076870500136474548 -0.027120330427951023 0.083547760965356321 0.069372447557711034 -0.096360823494388376 -0.13480703783393186 0.11233497727678415 0.023221121052712752 0.18902188135212844 0.1474016626467374 0.037741599691616223 0.058604835339716159 -0.040737367003061832 -0.019711367577516948 -0.020170187628851203 0.16324915936952322 -0.0020473066418226472 -0.020272868658094328 -0.03089049939441732 0.14161091487203034
leaf_weight=36.002628244459629 146.45161762833595 5.1158908456563932 96.307537034153938 98.095648489892483 10.171972855925558 119.45278368890285 6.069954201579093 22.726772755384445 10.818412885069845 45.476099170744419 6.1510692387819281 52.603161409497261 14.020699419081211 4.4906616881489754 3.7570413500070572 5.7202279269695264 4.5017466992139816 31.089369863271713 4.5774927735328674 7.3639905899763098 8.2599297314882261 6.123175308108328 46.724198758602142 36.691973105072975 6.1897426396608344 3.6978790909051895 3.9005775451660147 17.362339332699776 4.9312172681093207 7.0864500850439063
leaf_count=338 695 28 416 783 70 593 25 103 53 343 42 290 89 29 27 26 20 138 20 30 34 25 260 197 34 20 22 93 27 36
internal_value=-0.000619093 -0.0176673 0.019278 -0.044732 -0.0365723 0.00581782 0.036109 -0.010347 0.0208503 -0.015666 0.00954754 0.00696174 0.0259334 0.0503357 -0.00612333 0.0324797 -0.025966 0.0363661 0.0582303 0.0453648 0.0894275 0.114394 -0.0206114 -0.00242092 0.0398639 0.0820247 -0.0108914 0.01476 0.052971 0.0906099
internal_weight=871.932 469.583 402.349 218.166 182.163 251.418 170.013 121.146 130.271 84.0675 38.5914 232.335 32.4404 22.2684 8.2477 163.943 10.222 153.721 57.414 46.7133 15.6239 10.7007 98.4197 51.6955 15.0035 8.81377 85.8837 33.2806 15.9182 10.987
internal_count=4906 3009 1897 1721 1383 1288 734 642 646 600 257 1163 215 145 56 709 46 663 247 202 64 45 539 279 82 48 468 178 85 58
is_linear=0
shrinkage=0.1


Tree=11
num_leaves=31
num_cat=0
split_feature=9 13 1 7 15 1 118 104 0 54 19 69 12 15 0 80 7 0 0 5 81 12 11 82 73 0 5 11 0 82
split_gain=24.1835 25.2837 7.29201 7.04363 6.34275 5.7857 5.51164 5.29814 5.15257 5.2978 5.08462 4.83973 4.36611 4.47384 5.45274 4.13589 3.62724 3.44018 6.43836 3.55065 4.6756 4.39256 4.05394 3.29837 3.4492 3.28285 3.25758 3.21595 9.42544 5.43078
threshold=1.0000000180025095e-35 1.0000000180025095e-35 -0.059852460399270051 1.0000000180025095e-35 1.0000000180025095e-35 -0.19324663281440732 1.0000000180025095e-35 1.0000000180025095e-35 17.622176170349125 1.0000000180025095e-35 1.0000000180025095e-35 1.0000000180025095e-35 1.0000000180025095e-35 1.0000000180025095e-35 16.223134994506839 1.0000000180025095e-35 1.0000000180025095e-35 10.658453464508058 14.528405189514162 1.0000000180025095e-35 1.0000000180025095e-35 1.0000000180025095e-35 1.0000000180025095e-35 1.0000000180025095e-35 1.0000000180025095e-35 3.5414099693298344 1.0000000180025095e-35 1.0000000180025095e-35 2.6105407476425175 1.0000000180025095e-35
decision_type=2 2 2 2 2 2 2 2 2 2 2 2 2 2 2 2 2 2 2 2 2 2 2 2 2 2 2 2 2 2
left_child=1 3 27 5 6 -1 10 23 9 16 17 -5 -7 -14 -15 25 -3 19 -19 21 -21 22 -4 -6 -25 -11 -17 -2 -29 -30
right_child=2 8 4 11 7 12 -8 -9 -10 15 -12 -13 13 14 -16 26 -18 18 -20 20 -22 -23 -24 24 -26 -27 -28 28 29 -31
leaf_value=-0.061432042630922924 -0.0092472831448300926 -0.00058025274346962133 0.0087836097598414063 -0.07719046710994433 0.035258811705502775 0.0069289171680883407 0.11406867208810274 0.14953243432749005 0.089392112846709504 0.092302251553345427 -0.081940902551064607 -0.022246829361366901 -0.068089820939371659 -0.034707438499359998 0.08435726305052664 0.11965034745230987 -0.038348985129037956 -0.014198468879647225 0.036802939958110542 0.028624172841265984 0.1572175272255173 -0.043159334339343609 0.12180977647394833 0.040276035449441271 0.14387152158492358 0.0078247328678562218 0.0097064038766640649 0.15060657140550721 0.021352266420398083 -0.064283646032746361
leaf_weight=34.392698615789413 105.95661844313145 80.382944658398628 7.9867497235536593 65.142032310366631 73.62728363275528 49.062930501997471 5.4681827425956717 4.9764306098222724 7.0652636587619773 4.798869624733924 5.5645788609981528 21.265545748174191 21.9574900791049 14.064987905323507 5.2941352427005759 6.6394428163766843 37.193613708019257 60.459164440631866 41.910098806023598 6.0030900388956088 5.3450120091438293 7.2417521476745597 5.2654812783002853 6.6795043349266034 6.1945095360279083 111.07054315507412 4.5362311899662018 5.038442686200141 46.630121856927872 8.8035371005535108
leaf_count=325 527 403 37 607 321 325 24 22 31 25 27 177 171 90 26 31 227 282 192 28 25 34 24 30 27 549 22 24 230 43
internal_value=-0.000611764 -0.0162074 0.0172939 -0.0417224 0.0285707 -0.0265244 0.0155801 0.0491965 0.00520124 0.00276961 0.0117272 -0.0636684 -0.0132407 -0.0371919 -0.00214684 0.016927 -0.0125278 0.0156108 0.00668157 0.0443172 0.0891923 0.0194687 0.0536921 0.0434242 0.0901224 0.0113235 0.0750239 0.00125427 0.0196546 0.00775225
internal_weight=866.017 462.867 403.151 211.18 236.722 124.772 145.244 91.4777 251.687 244.622 139.776 86.4076 90.3795 41.3166 19.3591 127.045 117.577 134.211 102.369 31.8421 11.3481 20.494 13.2522 86.5013 12.874 115.869 11.1757 166.429 60.4721 55.4337
internal_count=4906 3009 1897 1721 1073 937 673 400 1288 1257 649 784 612 287 116 627 630 622 474 148 53 95 61 378 57 574 53 824 297 273
is_linear=0
shrinkage=0.1


Tree=12
num_leaves=31
num_cat=0
split_feature=13 9 7 1 15 68 0 101 177 0 0 168 73 15 55 15 54 87 7 5 31 135 8 0 1 10 0 135 61 16
split_gain=20.5032 20.5233 7.14128 6.55906 5.64851 5.43102 5.39407 5.26864 5.52188 4.96735 6.13817 4.36598 3.98262 3.65685 3.84724 3.62611 4.15834 3.59261 3.69927 3.47115 4.40142 5.3765 4.86484 5.03594 5.43313 4.86812 5.71768 5.00796 4.40923 6.89188
threshold=1.0000000180025095e-35 1.0000000180025095e-35 1.0000000180025095e-35 -0.46444596350193018 1.0000000180025095e-35 1.0000000180025095e-35 14.017796039581301 1.0000000180025095e-35 1.0000000180025095e-35 13.882272243499758 14.528405189514162 1.0000000180025095e-35 1.0000000180025095e-35 1.0000000180025095e-35 1.0000000180025095e-35 1.0000000180025095e-35 1.0000000180025095e-35 1.0000000180025095e-35 1.0000000180025095e-35 1.0000000180025095e-35 1.0000000180025095e-35 1.0000000180025095e-35 1.0000000180025095e-35 4.5790553092956552 -0.65898546576499928 1.0000000180025095e-35 4.1437373161315927 1.0000000180025095e-35 1.0000000180025095e-35 1.0000000180025095e-35
decision_type=2 2 2 2 2 2 2 2 2 2 2 2 2 2 2 2 2 2 2 2 2 2 2 2 2 2 2 2 2 2
left_child=1 3 6 -1 17 15 7 8 19 -7 -11 -6 -8 14 -3 -4 -17 18 -5 20 22 -22 25 24 -24 27 -27 28 -2 -30
right_child=2 13 5 4 11 9 12 -9 -10 10 -12 -13 -14 -15 -16 16 -18 -19 -20 -21 21 -23 23 -25 -26 26 -28 -29 29 -31
leaf_value=-0.080505663003020964 0.0027975179596124158 -0.030593515433120673 -0.028651738370372035 -0.034754125418854143 -0.017474359808003801 -0.031752691147671874 0.028751716021338275 0.097935553563958277 0.11742775488154056 0.16385244715189864 0.032281206291220582 0.086264373209486905 0.078186885636460868 0.019739180552911736 0.0053113854161147486 -0.029058088057296788 0.033533210199733335 0.039476305825152054 -0.076417977867305933 -0.0063566625617034762 0.073888780102764534 -0.026499126150488994 -0.039740704697083101 -0.041265564001441463 0.10252660534638998 -0.076257952200905532 0.026658931560426136 0.13226697255129619 0.15559153930156655 -0.003744866293212459
leaf_weight=31.937651880085468 17.336912751197815 43.149804651737213 65.298410549759865 49.388018108904362 77.081945523619652 8.0847998708486575 39.975135043263435 7.6657069921493521 4.9918452352285376 4.5117276012897518 16.562524899840355 4.2823438420891753 27.512602940201759 94.025886580348015 96.77079875767231 17.717123284935951 26.47624035179615 4.4414638429880133 37.485490903258324 73.711411640048027 25.470735922455788 6.7485663443803778 4.8234605044126511 26.754861786961555 6.0529319345951063 7.8627990335226086 17.22156298160553 6.3795958310365668 6.0262669175863284 4.9398146122694016
leaf_count=338 81 233 354 394 568 41 168 35 23 21 78 32 114 442 488 99 131 35 354 355 113 33 24 125 29 40 80 30 26 22
internal_value=-0.000601131 -0.0157434 0.0151309 -0.0388745 -0.0311746 -0.00346701 0.0242273 0.0165165 0.0135205 0.0348846 0.0604489 -0.0120144 0.0489049 0.00448768 -0.00576125 -0.0136805 0.00844035 -0.048247 -0.0527319 0.0109695 0.0208226 0.0528618 0.010224 -0.0179414 0.0394339 0.0279578 -0.0056008 0.0522293 0.0341885 0.0838164
internal_weight=860.688 438.563 422.125 204.617 172.679 138.651 283.474 215.986 208.321 29.1591 21.0743 81.3643 67.4877 233.946 139.921 109.492 44.1934 91.315 86.8735 203.329 129.618 32.2193 97.3982 37.6313 10.8764 59.767 25.0844 34.6826 28.303 10.9661
internal_count=4906 2884 2022 1721 1383 724 1298 1016 981 140 99 600 282 1163 721 584 230 783 748 958 603 146 457 178 53 279 120 159 129 48
is_linear=0
shrinkage=0.1


Tree=13
num_leaves=31
num_cat=0
split_feature=9 13 13 1 7 0 100 95 34 70 23 12 0 15 10 0 6 31 65 0 61 54 7 69 26 64 15 0 16 80
split_gain=17.4879 17.1874 6.12832 6.0479 5.03196 4.61928 4.57953 4.10461 7.05663 4.45503 4.02476 3.98895 3.92295 3.87334 5.47427 3.77432 5.18089 3.69591 6.08801 4.56497 3.55139 3.99995 3.48103 3.40081 3.191 3.08553 2.99953 4.20947 7.62134 2.98918
threshold=1.0000000180025095e-35 1.0000000180025095e-35 1.0000000180025095e-35 -0.46444596350193018 1.0000000180025095e-35 17.30732345581055 1.0000000180025095e-35 1.0000000180025095e-35 1.0000000180025095e-35 1.0000000180025095e-35 1.0000000180025095e-35 1.0000000180025095e-35 12.881587982177736 1.0000000180025095e-35 1.0000000180025095e-35 15.683778285980226 1.0000000180025095e-35 1.0000000180025095e-35 1.0000000180025095e-35 12.510609149932863 1.0000000180025095e-35 1.0000000180025095e-35 1.0000000180025095e-35 1.0000000180025095e-35 1.0000000180025095e-35 1.0000000180025095e-35 1.0000000180025095e-35 7.2210814952850351 1.0000000180025095e-35 1.0000000180025095e-35
decision_type=2 2 2 2 2 2 2 2 2 2 2 2 2 2 2 2 2 2 2 2 2 2 2 2 2 2 2 2 2 2
left_child=1 3 22 -1 11 -4 7 9 12 10 -3 29 24 -12 -15 -13 -17 18 19 -11 21 -16 25 26 -9 -2 -6 28 -28 -5
right_child=2 6 5 4 23 -7 -8 8 -10 17 13 15 -14 14 20 16 -18 -19 -20 -21 -22 -23 -24 -25 -26 -27 27 -29 -30 -31
leaf_value=-0.077519254598114609 0.0088884728750885222 0.080126504996985259 0.025863734883997382 0.0083300751203794748 -0.088581740013020271 0.11638990212922684 -0.074497592706097626 -0.05638321997190833 0.16261835667939156 0.095531939339646599 -0.026364997056844537 -0.051322828258142598 0.074943147767006932 0.028727758349990987 -0.039651147528799481 -0.044024644191804671 0.10318668518422058 0.078182756059114983 0.094956348101634599 -0.0094358406641588503 -0.093957619856321409 0.066374285558116156 -0.011972997486083506 -0.016578941585183117 0.038387047853404244 0.060330488548784603 0.11594904710471073 -0.068465752376378919 -0.11281903414751211 -0.089780649103248039
leaf_weight=29.9549725279212 135.38075715303421 4.9343252032995215 164.17412985861301 53.720251590013504 25.382512614130974 5.8371301740407935 7.3633853942155829 7.4783890247345024 4.1357799768447867 4.5489545911550513 80.254209741950035 37.039571359753609 8.3564513474702817 40.775118872523308 11.737592920660978 5.6278558298945409 4.156224250793457 10.027086749672888 7.7691685259342185 46.437720313668251 6.6197913438081732 5.1061485707759848 86.014842972159386 20.25657894462347 6.7685545086860657 12.758718892931936 3.9332262128591564 13.141954392194746 2.3124374970793724 3.2959426790475836
leaf_count=338 639 25 709 378 262 25 38 40 20 22 450 299 37 205 65 34 24 43 34 216 34 24 468 177 35 56 39 122 23 25
internal_value=-0.000586488 -0.0141208 0.0145207 -0.036109 -0.0287633 0.0289718 0.00320582 0.00554165 0.0425212 0.00101023 -0.008684 -0.015103 0.0205468 -0.0117168 0.00658336 -0.0367309 0.0185099 0.0220704 0.0124945 -7.07729e-05 -0.0318994 -0.00750974 0.00402817 -0.0505772 -0.011359 0.013319 -0.0659599 -0.0363431 0.0312484 0.00265858
internal_weight=855.3 451.134 404.166 198.822 168.867 170.011 252.313 244.949 26.7392 218.21 149.427 103.84 22.6034 144.493 64.2387 46.8237 9.78408 68.7829 58.7558 50.9867 23.4635 16.8437 234.154 65.0267 14.2469 148.139 44.7701 19.3876 6.24566 57.0162
internal_count=4906 3009 1897 1721 1383 734 1288 1250 132 1118 803 760 112 778 328 357 58 315 272 238 123 89 1163 623 75 695 446 184 62 403
is_linear=0
shrinkage=0.1


Tree=14
num_leaves=31
num_cat=0
split_feature=7 9 9 13 13 1 65 138 1 88 54 102 1 151 69 167 12 21 74 62 155 91 8 34 73 6 0 67 14 26
split_gain=15.5008 7.28129 6.80736 6.75713 6.6509 5.47514 5.19774 4.85134 4.63828 5.32393 4.29611 5.46588 4.24944 4.31266 4.20544 3.98936 3.61032 3.60639 4.52526 4.66999 3.50132 3.43432 3.40259 5.23155 4.73605 4.44913 5.61001 4.31804 4.10727 6.7891
threshold=1.0000000180025095e-35 1.0000000180025095e-35 1.0000000180025095e-35 1.0000000180025095e-35 1.0000000180025095e-35 -0.37987679243087763 1.0000000180025095e-35 1.0000000180025095e-35 -0.34367632865905756 1.0000000180025095e-35 1.0000000180025095e-35 1.0000000180025095e-35 -0.065480265766382204 1.0000000180025095e-35 1.0000000180025095e-35 1.0000000180025095e-35 1.0000000180025095e-35 1.0000000180025095e-35 1.0000000180025095e-35 1.0000000180025095e-35 1.0000000180025095e-35 1.0000000180025095e-35 1.0000000180025095e-35 1.0000000180025095e-35 1.0000000180025095e-35 1.0000000180025095e-35 13.211498737335207 1.0000000180025095e-35 1.0000000180025095e-35 1.0000000180025095e-35
decision_type=2 2 2 2 2 2 2 2 2 2 2 2 2 2 2 2 2 2 2 2 2 2 2 2 2 2 2 2 2 2
left_child=1 3 4 12 14 20 17 8 -7 10 11 -10 -1 16 -2 21 -14 -4 19 -19 -3 22 24 25 -5 27 -27 -24 -26 -30
right_child=2 5 6 15 -6 7 -8 -9 9 -11 -12 -13 13 -15 -16 -17 -18 18 -20 -21 -22 -23 23 -25 28 26 -28 -29 29 -31
leaf_value=-0.048599147057360695 -0.068553850312991951 -0.011811411781429165 -0.014063495558647816 0.012730091915935072 -0.013654534995150689 0.13073568864432897 0.075300293651690553 -0.058018970261889395 0.005319592491443606 -0.047123716791018504 0.045378683042454737 0.10329214032705998 0.016379714912970945 -0.12280374414471532 -0.015114575848582029 -0.060375485398306762 -0.026827522908611519 0.044024385559249979 0.10840053396714676 -0.087088399574167016 0.07234022836046132 -0.072731586971615983 0.00095396873283763424 0.054297614987091791 0.030195608409968239 -0.020761454961064039 0.096065566524118254 -0.07624047094515185 0.042891616758142494 0.18837861990707316
leaf_weight=36.183464027941227 55.762954540550709 57.23996576666832 113.30387176573277 62.96576064825058 84.63525602221489 4.6468638479709616 8.0496355295181257 6.1725523173809043 64.633510112762451 8.6318032890558225 112.59515529870987 6.2446103990077964 43.510304287075996 3.115101069211959 20.010714150965214 7.4406371414661399 34.811620727181435 8.1006855219602603 5.6383658647537223 4.0872908830642691 5.4117872565984717 4.3860387206077567 13.268649041652679 13.060021117329596 19.201606065034866 11.130413681268694 6.5169793665409079 15.965185239911079 7.8203502893447858 5.4377482533454895
leaf_count=381 607 278 581 305 486 22 34 28 288 38 485 27 284 22 177 38 250 42 27 22 25 22 65 59 90 58 28 78 35 24
internal_value=-0.000576243 0.009387 -0.0188802 -0.00171964 -0.0329213 0.0212982 -0.00269748 0.0292763 0.032015 0.029627 0.0332379 0.0139513 -0.0200837 -0.00741394 -0.0544413 0.0111995 -0.00282454 -0.00748549 0.0343241 5.5143e-05 -0.00454249 0.0145331 0.0169966 -0.00167553 0.0287255 -0.0172684 0.0223814 -0.0412035 0.0597537 0.102562
internal_weight=849.979 550.39 299.589 284.814 160.409 265.576 139.18 202.924 196.752 192.105 183.473 70.8781 117.62 81.437 75.7737 167.193 78.3219 131.13 17.8263 12.188 62.6518 159.753 155.367 59.9412 95.4255 46.8812 17.6474 29.2338 32.4597 13.2581
internal_count=4906 2930 1976 1739 1270 1191 706 888 860 838 800 315 937 556 784 802 534 672 91 64 303 764 742 288 454 229 86 143 149 59
is_linear=0
shrinkage=0.1


Tree=15
num_leaves=31
num_cat=0
split_feature=7 149 9 15 80 13 65 1 1 9 69 78 13 95 16 11 10 8 102 151 113 84 15 10 0 0 54 6 14 1
split_gain=12.7008 6.81546 5.95518 5.89497 8.63371 5.47599 5.25508 4.82013 4.2422 3.94845 5.98312 4.61377 4.12516 4.7184 5.28859 4.98081 6.59954 4.86956 4.08221 3.88631 3.46954 4.20067 3.44716 3.42898 4.17923 3.34696 3.28586 3.2585 3.6795 3.7901
threshold=1.0000000180025095e-35 1.0000000180025095e-35 1.0000000180025095e-35 1.0000000180025095e-35 1.0000000180025095e-35 1.0000000180025095e-35 1.0000000180025095e-35 -0.065480265766382204 -0.052095215767621987 1.0000000180025095e-35 1.0000000180025095e-35 1.0000000180025095e-35 1.0000000180025095e-35 1.0000000180025095e-35 1.0000000180025095e-35 1.0000000180025095e-35 1.0000000180025095e-35 1.0000000180025095e-35 1.0000000180025095e-35 1.0000000180025095e-35 1.0000000180025095e-35 1.0000000180025095e-35 1.0000000180025095e-35 1.0000000180025095e-35 15.924708843231203 17.548254966735843 1.0000000180025095e-35 1.0000000180025095e-35 1.0000000180025095e-35 0.72499811649322521
decision_type=2 2 2 2 2 2 2 2 2 2 2 2 2 2 2 2 2 2 2 2 2 2 2 2 2 2 2 2 2 2
left_child=1 2 5 9 6 7 25 -1 20 10 12 18 -2 14 15 17 -17 -14 -11 -9 21 -4 -10 24 -24 -5 -6 28 29 -12
right_child=3 -3 8 4 26 -7 -8 19 22 11 27 -13 13 -15 -16 16 -18 -19 -20 -21 -22 -23 23 -25 -26 -27 -28 -29 -30 -31
leaf_value=-0.050754004201111369 -0.086687482959676612 0.12790639978155746 0.0017469278492340133 -0.015639359169517426 0.031591366568330961 0.0088893782725054365 0.090920256428008384 -0.0018747091985008052 0.016863270924641276 -0.013586384668119117 0.025311866882618814 0.074791559199211224 -0.12443044881137165 0.064422112170024706 -0.10636236766391326 -0.02755588936212925 0.14791474488194128 0.0062343186745003791 -0.10350811176905275 -0.12027233023125815 -0.073378507140737459 0.077156726563500755 0.081446304182043086 0.011501929240721957 0.0081773197389560185 0.081853787409582782 0.15887041906028976 -0.04371228658896651 -0.025439053771403004 0.17170174142950706
leaf_weight=34.525000691413879 29.838375002145767 4.7334717586636534 97.944646269083023 99.33647945523262 3.8017270043492299 166.07512073218822 5.1927129328250876 77.723784506320953 91.780359134078026 76.915978461503983 5.2103794813156128 5.5398842990398398 6.20074862241745 4.1133484691381446 10.767326429486276 6.1344633549451828 3.2945309281349182 5.2814532965421677 5.4031868427991858 2.874920889735221 5.5931502133607855 7.9894679784774771 31.615300163626671 18.274681195616722 10.328167006373404 3.650701977312564 4.3481571450829506 10.853722378611565 6.7842523902654648 2.677401676774025
leaf_count=378 358 24 464 657 26 796 27 531 403 399 36 29 40 24 69 39 21 33 29 22 27 35 131 76 43 19 27 77 47 19
internal_value=-0.000558585 0.0084309 0.0073927 -0.0172826 0.000243128 -0.00272924 -0.00723436 -0.01949 0.0181935 -0.0286713 -0.0432517 -0.0135438 -0.0592292 -0.0363383 -0.0494217 -0.0201025 0.0337543 -0.0643287 -0.0194886 -0.0060979 0.00338147 0.00743428 0.0290616 0.0476534 0.0634045 -0.0121834 0.0994978 -0.00217142 0.0285587 0.0750019
internal_weight=844.803 549.458 544.725 295.345 116.33 281.199 108.18 115.124 263.526 179.015 91.156 87.859 65.6302 35.7919 31.6785 20.9112 9.42899 11.4822 82.3192 80.5987 111.527 105.934 151.999 60.2181 41.9435 102.987 8.14988 25.5258 14.672 7.88778
internal_count=4906 2930 2906 1976 756 1727 703 931 1179 1220 763 457 584 226 202 133 60 73 428 553 526 499 653 250 174 676 53 179 102 55
is_linear=0
shrinkage=0.1


Tree=16
num_leaves=31
num_cat=0
split_feature=13 9 1 20 9 15 100 98 16 0 64 0 0 8 67 263 67 81 0 133 0 167 105 5 12 0 14 15 0 87
split_gain=11.0101 9.74079 4.97312 4.7045 4.69626 4.19956 3.99937 3.87386 4.17803 3.47677 3.3031 3.82284 3.62928 3.44616 4.25544 3.24816 3.20152 3.64225 3.84147 3.12959 5.8226 3.95054 3.51281 3.38139 4.27032 6.02516 4.15775 3.09117 3.06058 3.05188
threshold=1.0000000180025095e-35 1.0000000180025095e-35 -0.46444596350193018 1.0000000180025095e-35 1.0000000180025095e-35 1.0000000180025095e-35 1.0000000180025095e-35 1.0000000180025095e-35 1.0000000180025095e-35 17.30732345581055 1.0000000180025095e-35 11.494866847991945 10.925393581390383 1.0000000180025095e-35 1.0000000180025095e-35 1.0000000180025095e-35 1.0000000180025095e-35 1.0000000180025095e-35 9.6605067253112811 1.0000000180025095e-35 6.0766596794128427 1.0000000180025095e-35 1.0000000180025095e-35 1.0000000180025095e-35 1.0000000180025095e-35 5.405886411666871 1.0000000180025095e-35 1.0000000180025095e-35 17.698836326599125 1.0000000180025095e-35
decision_type=2 2 2 2 2 2 2 2 2 2 2 2 2 2 2 2 2 2 2 2 2 2 2 2 2 2 2 2 2 2
left_child=1 2 -1 4 6 29 19 -7 -9 10 11 12 16 -13 -15 27 -6 -18 -19 21 23 22 28 24 26 -26 -21 -3 -2 -4
right_child=3 15 5 -5 9 7 -8 8 -10 -11 -12 13 -14 14 -16 -17 17 18 -20 20 -22 -23 -24 -25 25 -27 -28 -29 -30 -31
leaf_value=-0.07004918357373853 0.0085775717417147287 -0.0096344869966876155 -0.043052732910971017 -0.08224648908158011 0.046619592570561239 -0.015685376737336967 -0.070386304724743262 0.091719958032460233 -0.027444415029961769 0.10278450388149646 -0.029314149860817842 0.068418528137296306 -0.053930462728237864 -0.050423724505562199 0.058754247298628465 0.087543703756807645 -0.014884787607882489 0.016530765119793209 0.10939077319250574 0.11396643938366201 -0.11240350405708083 -0.052501520664890347 0.083080949489046374 -0.047646349175678573 0.029244526838832524 -0.12968698988110378 -0.0084127674963715184 0.013954588864225055 0.078176591308651441 0.043105738199148029
leaf_weight=25.651472747325897 178.54642567038536 137.55345824360847 77.120403438806534 5.3550186157226554 31.880324691534042 65.230305783450603 7.1439233347773543 7.5592479631304723 4.8172178044915199 5.5594857186079016 11.492976397275923 32.044023185968399 6.9933670312166205 6.4987284839153272 7.9219214469194412 4.3067473173141471 33.693422362208366 25.910070404410366 5.3799356222152701 6.4832394123077393 5.8416108042001715 9.465351462364195 7.0255521535873404 11.659960344433783 6.7268294394016266 3.6958955079317093 4.8551406115293503 93.186494693160057 6.5500508099794379 4.3427367433905593
leaf_count=338 895 709 748 26 137 519 38 49 32 25 48 135 30 28 33 21 152 114 22 37 35 51 35 65 38 22 28 433 28 35
internal_value=-0.000547785 -0.0120061 -0.0291896 0.0108846 0.0120852 -0.0226006 0.00334981 -0.00595352 0.0453383 0.0250283 0.0223568 0.0263073 0.0156407 0.0501491 0.00955272 0.00149822 0.0206636 0.00792986 0.0324969 0.00553692 -0.0202924 0.0105676 0.0136749 -0.0041924 0.0190909 -0.0271125 0.0615632 -0.000107817 0.0110405 -0.0384597
internal_weight=840.491 419.768 184.721 420.723 415.368 159.07 247.994 77.6068 12.3765 167.374 161.815 150.322 103.857 46.4647 14.4206 235.047 96.8638 64.9834 31.29 240.85 39.2627 201.587 192.122 33.4211 21.7611 10.4227 11.3384 230.74 185.096 81.4631
internal_count=4906 2884 1721 2022 1996 1383 1272 600 81 724 699 651 455 196 61 1163 425 288 136 1234 225 1009 958 190 125 60 65 1142 923 783
is_linear=0
shrinkage=0.1


Tree=17
num_leaves=31
num_cat=0
split_feature=7 149 70 86 0 98 1 9 13 8 69 51 15 9 99 26 5 53 10 5 11 61 61 69 65 13 9 0 0 69
split_gain=10.2681 5.16047 5.10656 10.1725 5.72743 5.02588 5.69396 4.55105 4.84778 4.12204 6.67399 4.97786 4.25473 6.95397 4.79736 6.2599 4.8093 4.22285 5.22299 4.10781 4.82278 4.49433 4.06258 3.91156 3.84317 3.72666 5.53576 3.63564 5.24567 3.38359
threshold=1.0000000180025095e-35 1.0000000180025095e-35 1.0000000180025095e-35 1.0000000180025095e-35 17.166323661804203 1.0000000180025095e-35 -0.48056885600090021 1.0000000180025095e-35 1.0000000180025095e-35 1.0000000180025095e-35 1.0000000180025095e-35 1.0000000180025095e-35 1.0000000180025095e-35 1.0000000180025095e-35 1.0000000180025095e-35 1.0000000180025095e-35 1.0000000180025095e-35 1.0000000180025095e-35 1.0000000180025095e-35 1.0000000180025095e-35 1.0000000180025095e-35 1.0000000180025095e-35 1.0000000180025095e-35 1.0000000180025095e-35 1.0000000180025095e-35 1.0000000180025095e-35 1.0000000180025095e-35 14.017796039581301 15.979465961456301 1.0000000180025095e-35
decision_type=2 2 2 2 2 2 2 2 2 2 2 2 2 2 2 2 2 2 2 2 2 2 2 2 2 2 2 2 2 2
left_child=1 2 3 4 5 25 -7 8 29 10 11 -4 14 17 16 -16 23 -14 -19 20 22 -21 -8 -11 -9 26 -1 -13 -29 -2
right_child=7 -3 9 -5 -6 6 19 24 -10 12 -12 27 13 -15 15 -17 -18 18 -20 21 -22 -23 -24 -25 -26 -27 -28 28 -30 -31
leaf_value=-0.039073790379593271 -0.061313853133378407 0.11019484396684252 0.1252641679152999 -0.10663706688896131 0.11872327645053522 -0.08115239605450375 -0.035306558163767134 -0.0067409781993236183 -0.011444569560057011 -0.12938387887923827 0.012973745299345918 -0.0015863258733059941 -0.071214038383438413 0.095903764837986738 0.12828574087273514 -0.038898972774856266 0.014917856328396737 -0.017907203367723515 0.11507358415097085 0.07364360481903999 0.133627378131841 -0.036374290342255144 0.093653084380864365 -0.035807104207047115 0.064509908643470767 0.0071434386589037105 0.00081680632495510048 0.1210643698190481 0.01526209116588728 -0.012081935287625625
leaf_weight=56.686963982880116 49.187184825539589 4.8547803908586493 10.368473447859285 8.7385965436696988 4.1949219852685919 3.7508435547351828 4.6956401318311691 130.08205060660839 83.19386201351881 6.3583224043250093 60.495138436555862 10.770958617329599 6.3522532880306253 10.75515089929104 4.6241771727800351 4.343105636537075 12.263018168509005 8.5149889141321164 4.5220711231231698 6.4332785531878445 8.8576508164405823 8.7816375717520714 5.0917448177933693 15.017131917178631 8.0380024760961515 170.54339425265789 90.054623574018478 9.9572934061288851 8.8520309925079328 19.492050781846046
leaf_count=564 607 24 50 45 21 24 23 672 486 34 289 52 32 45 24 25 62 43 22 33 44 44 27 76 34 808 430 46 43 177
internal_value=-0.000524286 0.00755405 0.00663302 -3.35076e-05 0.00256073 0.00118767 0.0357517 -0.0157308 -0.0276776 0.0207914 0.0339208 0.0656412 0.00266402 0.0314148 -0.0176777 0.0473135 -0.035003 -0.00435695 0.0282189 0.0487018 0.0801659 0.0101443 0.0317828 -0.0636424 -0.00259448 -0.00290953 -0.0145931 0.0447422 0.0712718 -0.0473412
internal_weight=835.871 545.878 541.023 367.829 359.091 354.896 37.6108 289.993 151.873 173.194 100.444 39.9488 72.7502 30.1445 42.6058 8.96728 33.6385 19.3893 13.0371 33.86 18.645 15.2149 9.78738 21.3755 138.12 317.285 146.742 29.5803 18.8093 68.6792
internal_count=4906 2930 2906 2063 2018 1997 195 1976 1270 843 480 191 363 142 221 49 172 97 65 171 94 77 50 110 706 1802 994 141 89 784
is_linear=0
shrinkage=0.1


Tree=18
num_leaves=31
num_cat=0
split_feature=7 15 80 181 54 88 5 8 0 1 52 80 72 0 63 65 10 0 138 99 16 74 14 0 12 6 65 13 67 13
split_gain=8.38729 4.65751 6.69816 4.56217 4.71162 4.74688 4.64563 4.42815 6.21532 5.60334 4.82887 5.48984 4.99279 4.51974 4.45645 3.91758 6.98982 4.89655 6.28389 4.58191 5.75171 4.51518 4.28924 3.93274 3.71345 4.02518 3.69318 3.12009 3.11945 3.08435
threshold=1.0000000180025095e-35 1.0000000180025095e-35 1.0000000180025095e-35 1.0000000180025095e-35 1.0000000180025095e-35 1.0000000180025095e-35 1.0000000180025095e-35 1.0000000180025095e-35 5.3018479347229013 -0.31721043586730951 1.0000000180025095e-35 1.0000000180025095e-35 1.0000000180025095e-35 3.3497605323791508 1.0000000180025095e-35 1.0000000180025095e-35 1.0000000180025095e-35 9.2238192558288592 1.0000000180025095e-35 1.0000000180025095e-35 1.0000000180025095e-35 1.0000000180025095e-35 1.0000000180025095e-35 4.9609856605529794 1.0000000180025095e-35 1.0000000180025095e-35 1.0000000180025095e-35 1.0000000180025095e-35 1.0000000180025095e-35 1.0000000180025095e-35
decision_type=2 2 2 2 2 2 2 2 2 2 2 2 2 2 2 2 2 2 2 2 2 2 2 2 2 2 2 2 2 2
left_child=3 -2 26 4 -1 7 -7 14 13 -10 11 27 -12 -9 15 17 -17 18 19 20 21 28 -23 -22 25 -14 -3 -11 -6 -19
right_child=1 2 -4 -5 5 6 -8 8 9 10 12 -13 24 -15 -16 16 -18 29 -20 -21 23 22 -24 -25 -26 -27 -28 -29 -30 -31
leaf_value=-0.003970284158523526 -0.024750765114283823 -0.0097994287690290963 0.086972438813262359 0.1137175377169911 0.02822256654545412 -0.11911685391162863 0.025691643318472387 0.053300792426239862 0.1158126515988825 -0.054472717088100135 0.13384439997223599 0.076808685071185046 0.0059059542048463106 -0.094773286667484483 -0.041938455232168992 0.049829073311037898 -0.12411810187714777 0.029797099088765634 0.12457708055241071 -0.089865304023617684 -0.099864097876617708 -0.050247577374091572 0.063118656777209653 -0.0011939237265956827 -0.01777510633140791 0.092855989660322547 0.076462044339845006 -0.0024310357896543478 0.13213898756103318 0.065790052273993233
leaf_weight=252.79276656359434 172.12281208485365 100.76758591085672 8.4481580182909948 3.9602283835411063 5.0363459438085556 5.1333626732230169 3.8974682465195656 2.5926748216152182 4.7650125399231902 21.942026615142822 4.1651746109127989 5.7073693871498099 11.627260103821754 10.059056133031843 8.8138484358787519 4.9126204177737218 4.3606438487768173 45.412378817796707 4.4802628904581061 4.9995370432734481 5.6394531577825573 7.103363424539566 6.2951465547084808 14.237810268998144 16.143177427351475 9.8212091997265816 5.2203792855143538 24.255095392465591 6.774420902132988 50.045642152428627
leaf_count=1416 1220 676 53 19 27 25 21 17 30 134 21 27 55 69 41 23 21 249 25 27 36 38 35 77 84 47 27 110 39 217
internal_value=-0.00050551 -0.0143556 0.00127978 0.00677716 0.00599435 0.0147341 -0.0566213 0.0170423 0.00154888 0.0100297 0.00464798 -0.0157179 0.0299632 -0.064429 0.0272794 0.0311091 -0.0319675 0.035008 0.011113 0.00096345 0.0110352 0.0427509 0.00301633 -0.029188 0.0184531 0.0457202 -0.00555067 -0.027149 0.087827 0.0486671
internal_weight=831.532 286.559 114.436 544.973 541.013 288.22 9.03083 279.19 111.078 98.4263 93.6613 51.9045 41.7568 12.6517 168.111 159.298 9.27326 150.024 54.5663 50.0861 45.0865 25.2093 13.3985 19.8773 37.5916 21.4485 105.988 46.1971 11.8108 95.458
internal_count=4906 1976 756 2930 2911 1495 46 1449 594 508 478 271 207 86 855 814 44 770 304 279 252 139 73 113 186 102 703 244 66 466
is_linear=0
shrinkage=0.1


Tree=19
num_leaves=31
num_cat=0
split_feature=13 9 0 67 0 15 21 20 174 138 9 153 14 81 71 0 5 86 41 0 0 0 137 10 104 0 0 17 0 0
split_gain=7.46922 6.73816 4.19214 4.01965 4.34107 3.91664 6.14182 3.89811 3.77646 3.69033 3.57041 3.59682 3.39323 4.89176 7.5504 3.81404 4.13187 3.13652 4.34123 2.6706 2.66095 3.01098 4.5262 9.98025 3.98654 3.20644 5.15891 2.96251 3.14791 2.74966
threshold=1.0000000180025095e-35 1.0000000180025095e-35 4.3367555141448983 1.0000000180025095e-35 17.548254966735843 1.0000000180025095e-35 1.0000000180025095e-35 1.0000000180025095e-35 1.0000000180025095e-35 1.0000000180025095e-35 1.0000000180025095e-35 1.0000000180025095e-35 1.0000000180025095e-35 1.0000000180025095e-35 1.0000000180025095e-35 13.938398361206056 1.0000000180025095e-35 1.0000000180025095e-35 1.0000000180025095e-35 17.30732345581055 2.1683777570724492 7.8234086036682138 1.0000000180025095e-35 1.0000000180025095e-35 1.0000000180025095e-35 8.8049278259277362 9.2238192558288592 1.0000000180025095e-35 10.380561351776125 8.5516767501831072
decision_type=2 2 2 2 2 2 2 2 2 2 2 2 2 2 2 2 2 2 2 2 2 2 2 2 2 2 2 2 2 2
left_child=1 2 -1 4 5 -4 12 10 9 17 11 -2 15 14 -14 16 -7 -5 -19 -12 -3 22 -22 -24 25 29 -27 -28 -29 -23
right_child=7 20 3 8 -6 6 -8 -9 -10 -11 19 -13 13 -15 -16 -17 -18 18 -20 -21 21 24 23 -25 -26 26 27 28 -30 -31
leaf_value=-0.069965736575355222 0.0039526973756854687 0.094295308637482603 -0.032715776740329612 -0.051232744919979457 0.10017724458104518 0.10752436447716691 -0.084861150479738467 -0.07722495006000496 0.062471142040028162 0.062088184220314674 0.019061969858664929 -0.090264359305444797 -0.088933764196600859 0.16034288874395047 0.10728773085938781 -0.050418846719928835 -0.021204770776162857 0.047525952157248919 -0.08954541166759987 0.091903958893004345 -0.025948249654648755 0.019001436374655609 -0.042056305661417263 0.12728935983918294 0.091234180530206183 -0.09102352469286569 0.068465029962348864 0.04433765377102053 -0.0057017719265974667 0.10964419543938052
leaf_weight=18.438520006835461 243.27905591577291 3.0202866047620764 32.990007124841213 67.586994253098965 3.9227444753050795 5.1001442372798937 5.2027664557099333 5.1884034276008597 3.8621701896190634 3.477958731353282 160.7772312015295 4.1205358803272238 3.3007427603006381 4.2192538902163497 4.8313166424632072 7.3284153789281836 4.8784018084406853 7.6930726021528226 3.3024429976940155 5.1958633065223685 68.994575932621956 10.310189947485922 7.5095767229795438 6.4857654273509979 5.5855253040790549 5.9458062648773184 6.808538392186164 14.373739898204802 100.28239959478378 4.9550772458314887
leaf_count=272 1249 16 326 682 27 38 42 26 31 42 699 23 29 34 26 48 38 60 26 25 369 50 40 35 26 30 30 68 476 23
internal_value=-0.000484858 -0.0100709 -0.0248484 -0.0195731 -0.00210469 -0.00801803 0.0153542 0.00891446 -0.034165 -0.0387132 0.00999563 0.00238348 0.0329343 0.0729737 0.0276429 0.00435976 0.0445901 -0.0431746 0.00635732 0.0213423 0.00103938 -0.000178597 -0.0154301 0.0364224 0.00835851 0.00511406 -7.49619e-05 0.00437705 0.000571365 0.0484239
internal_weight=828.968 410.406 176.135 157.696 71.7738 67.851 34.861 418.561 85.9226 82.0605 413.373 247.4 29.6583 12.3513 8.13206 17.307 9.97855 78.5825 10.9955 165.973 234.271 231.251 82.9899 13.9953 148.261 142.676 127.41 121.465 114.656 15.2653
internal_count=4906 2884 1721 1449 608 581 255 2022 841 810 1996 1272 213 89 55 124 76 768 86 724 1163 1147 444 75 703 677 604 574 544 73
is_linear=0
shrinkage=0.1


Tree=20
num_leaves=31
num_cat=0
split_feature=7 149 15 80 70 86 0 98 1 5 61 11 61 69 8 51 51 5 15 26 0 237 24 0 10 15 138 105 129 0
split_gain=6.56513 3.93563 3.80863 5.17461 3.65474 8.71479 4.0422 3.85448 4.28109 3.07873 3.62624 3.41862 3.4003 3.05123 5.12517 3.62814 3.55764 3.79521 6.58389 3.35147 3.0136 3.58786 3.78612 3.79823 3.22443 4.54065 5.64307 3.15981 3.1043 4.91485
threshold=1.0000000180025095e-35 1.0000000180025095e-35 1.0000000180025095e-35 1.0000000180025095e-35 1.0000000180025095e-35 1.0000000180025095e-35 17.166323661804203 1.0000000180025095e-35 -0.48056885600090021 1.0000000180025095e-35 1.0000000180025095e-35 1.0000000180025095e-35 1.0000000180025095e-35 1.0000000180025095e-35 1.0000000180025095e-35 1.0000000180025095e-35 1.0000000180025095e-35 1.0000000180025095e-35 1.0000000180025095e-35 1.0000000180025095e-35 2.0465434789657597 1.0000000180025095e-35 1.0000000180025095e-35 11.880903720855715 1.0000000180025095e-35 1.0000000180025095e-35 1.0000000180025095e-35 1.0000000180025095e-35 1.0000000180025095e-35 5.9671459197998056
decision_type=2 2 2 2 2 2 2 2 2 2 2 2 2 2 2 2 2 2 2 2 2 2 2 2 2 2 2 2 2 2
left_child=1 4 -2 -4 5 6 7 20 -9 11 -11 12 -10 14 15 -6 -16 18 -18 -17 -1 22 23 -22 25 27 -27 -24 29 -26
right_child=2 -3 3 -5 13 -7 -8 8 9 10 -12 -13 -14 -15 16 19 17 -19 -20 -21 21 -23 24 -25 28 26 -28 -29 -30 -31
leaf_value=0.10976653639690447 -0.022368617728977493 0.094934386178497907 -0.0048701973123368844 0.074980112692369996 0.10664100297251684 -0.10108417473525462 0.099559248004502776 -0.074339489892317354 -0.03456072108679728 0.064290434842827829 -0.034318481919608124 0.11240292883330655 0.083350712316957731 0.0069536316155773496 -0.074251130648838426 0.0049885739946950594 -0.080887006676707618 0.079882587177000308 0.069418859887057746 0.072254216561776219 -0.0067398269156007497 0.067792732132284136 -0.013796638246401647 -0.12076338841813089 0.096903487800442695 0.030980064109410701 -0.055116185633779971 0.072604685032795699 -0.037434477215767752 -0.010294106430324652
leaf_weight=2.3546592444181433 168.83223194628954 4.9259566888213149 104.98747020959854 8.7955821081995946 10.534188993275164 8.4206517860293371 4.1835712343454352 3.5062392055988303 4.6470486745238304 6.5513741895556423 8.6573513671755791 9.1788196116685867 5.1629155352711678 109.09212421625853 5.3399182781577137 14.950946509838104 6.6688171625137347 6.5016590505838385 5.1763445436954498 14.679972745478153 6.1215673759579641 6.8484884910285464 90.139417614787817 5.5883549898862839 4.5645897835493079 75.094230949878693 8.4716738574206811 4.4412802010774604 43.094863571226597 67.886096082627773
leaf_count=12 1220 24 703 53 50 45 21 24 23 33 44 44 27 531 29 71 36 32 24 70 33 44 520 30 25 395 52 24 280 387
internal_value=-0.000478889 0.0059565 -0.0128385 0.00130234 0.00514159 -0.000533234 0.00184186 0.000681497 0.0308957 0.0416854 0.00815871 0.068538 0.0274952 0.0171155 0.0344773 0.0562341 -0.00241529 0.0184928 -0.0152032 0.0383138 -0.00293952 -0.00378943 -0.00539462 -0.0611556 -0.00317135 0.0052672 0.0222519 -0.00973944 -0.0161818 -0.00354037
internal_weight=825.398 542.783 282.615 113.783 537.857 364.913 356.493 352.309 37.7037 34.1975 15.2087 18.9888 9.80996 172.944 63.8518 40.1651 23.6867 18.3468 11.8452 29.6309 314.605 312.251 305.402 11.7099 293.692 178.147 83.5659 94.5807 115.546 72.4507
internal_count=4906 2930 1976 756 2906 2063 2018 1997 195 171 77 94 50 843 312 191 121 92 60 141 1802 1790 1746 63 1683 991 447 544 692 412
is_linear=0
shrinkage=0.1


Tree=21
num_leaves=31
num_cat=0
split_feature=13 9 76 0 7 12 226 9 100 0 6 68 263 54 95 55 78 5 83 1 82 7 0 56 0 0 69 1 16 15
split_gain=6.09377 5.68497 4.09032 4.04611 3.51767 3.47526 3.32354 3.30287 3.103 2.9395 4.09731 2.82078 2.69661 2.61706 3.52566 3.09938 5.13806 3.32799 3.89976 4.90772 2.93789 3.60909 4.28884 2.8456 2.64955 2.61546 2.51277 2.81059 3.33241 5.5931
threshold=1.0000000180025095e-35 1.0000000180025095e-35 1.0000000180025095e-35 4.3367555141448983 1.0000000180025095e-35 1.0000000180025095e-35 1.0000000180025095e-35 1.0000000180025095e-35 1.0000000180025095e-35 15.683778285980226 1.0000000180025095e-35 1.0000000180025095e-35 1.0000000180025095e-35 1.0000000180025095e-35 1.0000000180025095e-35 1.0000000180025095e-35 1.0000000180025095e-35 1.0000000180025095e-35 1.0000000180025095e-35 -0.37394477427005762 1.0000000180025095e-35 1.0000000180025095e-35 11.880903720855715 1.0000000180025095e-35 3.5414099693298344 17.30732345581055 1.0000000180025095e-35 -0.16024032235145566 1.0000000180025095e-35 1.0000000180025095e-35
decision_type=2 2 2 2 2 2 2 2 2 2 2 2 2 2 2 2 2 2 2 2 2 2 2 2 2 2 2 2 2 2
left_child=1 2 3 -1 5 -5 7 8 13 11 -11 -7 -3 14 15 16 17 18 -2 -20 21 22 23 -17 -15 -9 27 28 29 -6
right_child=6 12 -4 4 26 9 -8 25 -10 10 -12 -13 -14 24 -16 20 -18 -19 19 -21 -22 -23 -24 -25 -26 -27 -28 -29 -30 -31
leaf_value=-0.071697284104344144 0.039885970269453098 -0.00050624675387180723 0.083408755363441056 0.0077979412912320654 -0.076014857453383711 -0.027737193040667976 -0.07920358873366469 0.017836997842847979 -0.064958764751786524 -0.039698857421375106 0.09140927295940332 -0.09570080441159512 0.078619433629812455 0.086232405939801735 0.074881012870594524 0.020296100505932557 -0.072274957146284916 -0.018806760842158043 0.048529003866167486 -0.11566865753541092 -0.11250951302063326 -0.091952328551614143 0.075558355870032984 -0.073180900529437973 0.010447165915791909 0.096747780443723966 -0.010529703830336364 -0.0760078631832692 -0.085485465102723202 0.099261153476520397
leaf_weight=16.849717702716589 34.613455049693584 228.97508941590786 3.5399068519473067 55.253443013876677 3.176613584160803 24.900727197527885 4.3226788938045493 160.76341173052788 6.8034521564841262 5.3873837366700155 4.2751723080873489 8.0911787003278715 4.3896501064300528 4.7918134629726401 4.953622266650199 5.7123083621263593 8.9820915609598142 27.709240429103374 3.3610895797610283 3.9708798751234999 4.61341918259859 6.1234291046857825 5.0125660896301261 7.5752644240856171 123.76044051349163 4.312934234738349 18.344049863517284 23.661749593913555 4.3817905895411968 4.2647955268621445
leaf_count=267 182 1142 38 416 49 242 21 700 38 34 24 63 21 24 27 30 55 150 20 22 26 41 22 39 603 22 174 304 63 47
internal_value=-0.000456139 -0.00918691 -0.0229738 -0.0252076 -0.0200451 -0.00875545 0.0080259 0.00893876 0.00164299 -0.0301983 0.0183096 -0.0444051 0.000982127 0.00352177 -0.00760718 -0.0114021 -0.00109244 0.00808667 0.0258525 -0.0403979 -0.0393224 -0.0254979 -0.0032615 -0.0329953 0.0132721 0.0198987 -0.0405796 -0.0561139 -0.0163002 0.0244387
internal_weight=822.873 405.491 172.127 168.587 151.737 97.9079 417.382 413.059 247.983 42.6545 9.66256 32.9919 233.365 241.18 112.627 107.674 78.6368 69.6547 41.9454 7.33197 29.037 24.4236 18.3001 13.2876 128.552 165.076 53.829 35.4849 11.8232 7.44141
internal_count=4906 2884 1721 1683 1416 779 2022 2001 1279 363 58 305 1163 1241 614 587 429 374 224 42 158 132 91 69 627 722 637 463 159 96
is_linear=0
shrinkage=0.1


Tree=22
num_leaves=31
num_cat=0
split_feature=13 9 0 20 1 76 15 98 79 7 69 14 6 12 11 5 62 67 0 73 54 9 19 100 54 167 78 14 138 0
split_gain=4.97298 4.76976 3.79629 3.21874 3.06908 3.0432 2.84981 2.71787 2.681 2.75725 3.10502 3.26256 4.12121 2.8802 2.82544 4.86663 4.73013 3.71811 2.97506 2.6664 2.65838 2.50693 3.64239 3.37075 2.34361 2.6917 2.44315 5.40683 2.30258 3.16573
threshold=1.0000000180025095e-35 1.0000000180025095e-35 2.7748117446899419 1.0000000180025095e-35 0.96379950642585765 1.0000000180025095e-35 1.0000000180025095e-35 1.0000000180025095e-35 1.0000000180025095e-35 1.0000000180025095e-35 1.0000000180025095e-35 1.0000000180025095e-35 1.0000000180025095e-35 1.0000000180025095e-35 1.0000000180025095e-35 1.0000000180025095e-35 1.0000000180025095e-35 1.0000000180025095e-35 15.034907817840578 1.0000000180025095e-35 1.0000000180025095e-35 1.0000000180025095e-35 1.0000000180025095e-35 1.0000000180025095e-35 1.0000000180025095e-35 1.0000000180025095e-35 1.0000000180025095e-35 1.0000000180025095e-35 1.0000000180025095e-35 12.803559303283693
decision_type=2 2 2 2 2 2 2 2 2 2 2 2 2 2 2 2 2 2 2 2 2 2 2 2 2 2 2 2 2 2
left_child=1 2 -1 4 21 6 8 28 9 13 -11 12 -12 14 15 20 -16 -17 -18 -9 -4 22 23 24 25 26 -2 -28 29 -8
right_child=3 -3 5 -5 -6 -7 7 19 -10 10 11 -13 -14 -15 16 17 18 -19 -20 -21 -22 -23 -24 -25 -26 -27 27 -29 -30 -31
leaf_value=-0.10678252154784816 -0.0014642514027810617 0.00088158456576298793 0.052917935377945195 -0.072225862285082959 0.066825738428335807 0.070278360115044833 -0.039373914021981302 0.088210151952495486 -0.095978156388803693 -0.078778430618948125 0.12316479045444709 -0.068566854970636956 -0.062369195025781837 -0.042162044422596551 0.066321502869291116 0.090100611192539148 -0.090280452161732305 -0.066780782677312703 0.03431515795713528 -0.004216034382434718 0.20599243359475694 0.016448196173183442 0.092552013068666644 -0.072991816230168011 0.01018671937824444 -0.08441319644333338 0.015907403918129108 -0.12789737001314982 0.064656002347314875 0.0050317275261647695
leaf_weight=5.026548631489276 91.651965595781803 233.44009187072515 2.3726969584822655 5.0401988923549643 8.7328093498945218 3.7677243426442137 36.072675786912441 5.4021000042557699 6.4468923062086096 17.609142329543829 2.9615792185068148 4.6194327101111412 2.0096315369009972 19.795390602201223 4.3751036375761023 2.3957468569278717 7.4596698172390461 4.0893508940935135 2.5789603441953659 7.3928440473973751 2.174052782356739 163.60553619265556 4.2131009474396697 6.3730575665831557 122.35517074167728 4.6597059890627852 5.5023356452584249 4.9816927313804626 3.4129302352666846 28.930292345583439
leaf_count=85 494 1163 22 26 39 38 384 38 77 284 29 49 21 212 41 19 65 38 19 48 20 714 23 37 596 29 33 31 41 191
internal_value=-0.000447737 -0.00837974 -0.0211806 0.00720315 0.00817467 -0.0185547 -0.0206453 -0.00749574 -0.0341821 -0.0286826 -0.0538437 -0.00806169 0.0481619 -0.0135552 0.00869948 0.0467886 -0.0204528 -0.00882512 -0.0582714 0.0348068 0.126111 0.00690481 0.000392046 -0.00125653 0.000738544 -0.0100862 -0.00669518 -0.0524243 -0.015407 -0.0196107
internal_weight=819.448 402.333 168.893 417.116 412.075 163.866 160.098 81.2108 78.8876 72.4408 27.1998 9.59064 4.97121 45.241 25.4456 11.0318 14.4137 6.4851 10.0386 12.7949 4.54675 403.343 239.737 235.524 229.151 106.796 102.136 10.484 68.4159 65.003
internal_count=4906 2884 1721 2022 1996 1636 1598 702 896 819 383 99 50 436 224 99 125 57 84 86 42 1957 1243 1220 1183 587 558 64 616 575
is_linear=0
shrinkage=0.1


Tree=23
num_leaves=31
num_cat=0
split_feature=7 121 70 86 20 197 84 6 0 15 167 100 167 69 9 21 13 95 16 11 8 99 40 54 26 5 1 6 149 0
split_gain=4.5639 3.29211 3.36624 7.50006 3.01625 2.96224 2.77115 4.52741 7.43162 3.20154 4.49651 2.87129 2.80878 3.22994 4.12282 7.74431 3.70058 4.48231 5.0057 5.06052 5.5586 3.6912 3.31884 3.01625 5.26274 3.10998 3.09038 2.74492 2.47826 3.24575
threshold=1.0000000180025095e-35 1.0000000180025095e-35 1.0000000180025095e-35 1.0000000180025095e-35 1.0000000180025095e-35 1.0000000180025095e-35 1.0000000180025095e-35 1.0000000180025095e-35 8.0082135200500506 1.0000000180025095e-35 1.0000000180025095e-35 1.0000000180025095e-35 1.0000000180025095e-35 1.0000000180025095e-35 1.0000000180025095e-35 1.0000000180025095e-35 1.0000000180025095e-35 1.0000000180025095e-35 1.0000000180025095e-35 1.0000000180025095e-35 1.0000000180025095e-35 1.0000000180025095e-35 1.0000000180025095e-35 1.0000000180025095e-35 1.0000000180025095e-35 1.0000000180025095e-35 0.66811162233352672 1.0000000180025095e-35 1.0000000180025095e-35 17.166323661804203
decision_type=2 2 2 2 2 2 2 2 2 2 2 2 2 2 2 2 2 2 2 2 2 2 2 2 2 2 2 2 2 2
left_child=1 2 3 28 6 -4 9 -8 -9 11 -11 12 13 14 16 -16 -2 18 19 20 -18 22 23 24 -15 26 -25 -23 29 -1
right_child=4 -3 5 -5 -6 -7 7 8 -10 10 -12 -13 -14 21 15 -17 17 -19 -20 -21 -22 27 -24 25 -26 -27 -28 -29 -30 -31
leaf_value=-0.00094225410693489953 -0.078031036776018164 0.095644223149595142 0.013532077318622451 -0.096250174162658908 -0.098752162962513129 0.09397188493381331 -0.085755412005274673 -0.11635667970062283 0.095286192969561589 0.0019531850234142411 0.098268495097583966 -0.084477511262793931 -0.078690018547843826 -0.095600365749106922 -0.016223315341002471 0.092190056498102024 -0.12064965646875703 0.094485459420870901 -0.097095106363818823 0.058214019823057087 0.031514007391212157 0.00080892636584753398 -0.024323266397585547 0.06444728713164169 0.069973767521898336 0.027839855923124813 0.1981771924328054 -0.10789557265147383 0.08491148243764246 0.087987581584805505
leaf_weight=346.96457512676716 17.496323935687542 3.9695456624031058 168.19487829506397 8.1215158030390722 3.8521555736660948 4.70611748099327 11.473929915577175 2.6542777903378001 4.4251480549573898 97.216634951531887 5.1014938317239276 5.90658015012741 6.2976333796977988 3.0896385461092031 48.162593081593513 7.6332351416349402 5.22569379210473 3.0709747225046149 8.3207609280943853 7.6248577982187262 4.4409427493810654 6.7463135346770269 7.2923329547047606 3.5295880511403084 5.0694522634148598 5.2506592348217964 3.3855930417776108 3.5427887290716171 3.4803262576460829 4.1532508283853522
leaf_count=1982 304 19 825 45 30 21 73 27 33 651 33 41 51 22 258 39 38 17 60 49 28 44 44 25 33 34 18 24 17 21
internal_value=-0.000443575 0.00491162 0.00423919 -0.00123421 -0.0108826 0.0157215 -0.00964248 -0.0469532 0.0159353 -0.00692146 0.00675538 -0.0161228 -0.0133608 -0.0104196 -0.0196842 -0.00139166 -0.0417858 -0.0196768 -0.0333652 -0.00269801 -0.0507443 0.0145038 0.0335508 0.0543153 0.00727509 0.0858631 0.12992 -0.0366207 0.000941983 0.000109666
internal_weight=816.4 539.59 535.621 362.72 276.81 172.901 272.957 18.5534 7.07943 254.404 102.318 152.086 146.179 139.882 101.975 55.7958 46.1796 28.6832 25.6123 17.2915 9.66664 37.9064 27.6173 20.3249 8.15909 12.1658 6.91518 10.2891 354.598 351.118
internal_count=4906 2930 2911 2065 1976 846 1946 133 60 1813 684 1129 1088 1037 793 297 496 192 175 115 66 244 176 132 55 77 43 68 2020 2003
is_linear=0
shrinkage=0.1


Tree=24
num_leaves=31
num_cat=0
split_feature=206 13 9 0 118 0 87 45 176 55 102 138 15 44 0 0 73 68 0 73 8 81 15 10 86 83 61 10 1 79
split_gain=4.42762 4.29261 3.72543 3.37759 3.16673 2.78859 2.75879 3.31247 3.23859 2.57443 2.60488 2.54786 3.31812 2.46514 2.43734 5.92471 9.70654 3.3646 4.16016 3.08347 4.51773 5.88819 4.71241 4.71479 3.59835 3.14341 2.91218 6.92266 5.54605 3.94355
threshold=1.0000000180025095e-35 1.0000000180025095e-35 1.0000000180025095e-35 2.7748117446899419 1.0000000180025095e-35 2.088980078697205 1.0000000180025095e-35 1.0000000180025095e-35 1.0000000180025095e-35 1.0000000180025095e-35 1.0000000180025095e-35 1.0000000180025095e-35 1.0000000180025095e-35 1.0000000180025095e-35 15.683778285980226 16.56947231292725 1.0000000180025095e-35 1.0000000180025095e-35 17.548254966735843 1.0000000180025095e-35 1.0000000180025095e-35 1.0000000180025095e-35 1.0000000180025095e-35 1.0000000180025095e-35 1.0000000180025095e-35 1.0000000180025095e-35 1.0000000180025095e-35 1.0000000180025095e-35 -0.14837630838155744 1.0000000180025095e-35
decision_type=2 2 2 2 2 2 2 2 2 2 2 2 2 2 2 2 2 2 2 2 2 2 2 2 2 2 2 2 2 2
left_child=1 2 3 -1 -3 -4 8 -8 13 11 -11 12 -7 -5 19 16 -16 18 -17 26 21 24 25 -24 -21 -23 29 28 -28 -15
right_child=-2 4 5 6 -6 9 7 -9 -10 10 -12 -13 -14 14 15 17 -18 -19 -20 20 -22 22 23 -25 -26 -27 27 -29 -30 -31
leaf_value=-0.10596659475456904 0.079476423072002964 0.0048883297448905254 0.10803271928174028 -0.072251091261118353 0.074693262915926428 -0.031437830177371985 0.086780768503080127 -0.048538538584293522 -0.11742738897435848 0.0092710618078147705 -0.037942155794034899 -0.082157714932253184 0.014433755511467203 -0.012319190457587479 -0.0087140877094738743 -0.039105021567713741 0.20657609285395875 -0.067921978047652876 0.10951405075443291 -0.065713712572496474 -0.08123244152492326 -0.11139609743534269 0.02722521500688474 0.24281301277120684 0.07754159300245432 0.059511450422733994 0.22600526174323488 -0.046695233138709255 0.042781165004114011 -0.11252075315198165
leaf_weight=4.4633712805807582 6.8745587691664687 406.55715944617987 2.3463522791862479 8.0831267833709699 6.6044581532478324 36.994059987366199 5.1876667514443389 2.7775100916624069 3.3901818953454486 146.24790266156197 12.700697943568228 5.6081231832504264 27.484556451439857 49.177779089659452 5.0972558856010455 4.4181479215621922 3.5545706003904343 8.1524157151579857 3.2830643020570278 15.195740003138781 17.81708912178874 2.0038243643939513 2.1213055625557899 1.9440656863152979 1.9821164347231395 2.3246025256812572 2.0821877308189878 7.4086270108818999 7.9967801943421373 4.2686195448040953
leaf_count=85 37 1979 11 70 31 208 40 21 36 712 63 30 131 571 39 35 26 56 21 155 201 25 23 19 17 28 28 85 72 51
internal_value=-0.000437265 -0.00111779 -0.00858401 -0.0201774 0.00600417 -0.000430431 -0.017758 0.039594 -0.0207973 -0.00154158 0.00549852 -0.0175077 -0.0118847 -0.0185675 -0.0154418 0.0131772 0.0797371 -0.0231466 0.024252 -0.0215763 -0.0425751 -0.0156405 0.0530058 0.13032 -0.0491838 -0.0196094 -0.00873191 0.0266903 0.080633 -0.020322
internal_weight=814.148 807.273 394.112 162.73 413.162 231.382 158.267 7.96518 150.302 229.035 158.949 70.0867 64.4786 146.911 138.828 24.5055 8.65183 15.8536 7.70121 114.323 43.3887 25.5717 8.3938 4.06537 17.1779 4.32843 70.934 17.4876 10.079 53.4464
internal_count=4906 4869 2859 1704 2010 1155 1619 61 1558 1144 775 369 339 1522 1452 177 65 112 56 1275 468 267 95 42 172 53 807 185 100 622
is_linear=0
shrinkage=0.1


end of trees

feature_importances:
Column_0=129
Column_7=53
Column_15=47
Column_13=40
Column_1=38
Column_9=31
Column_67=21
Column_5=18
Column_54=18
Column_10=15
Column_16=14
Column_73=14
Column_6=13
Column_8=13
Column_12=12
Column_69=12
Column_11=11
Column_65=11
Column_14=10
Column_61=10
Column_86=10
Column_26=9
Column_81=9
Column_68=8
Column_80=8
Column_98=7
Column_138=7
Column_21=6
Column_70=6
Column_167=6
Column_55=5
Column_56=5
Column_95=5
Column_100=5
Column_20=4
Column_31=4
Column_51=4
Column_62=4
Column_140=4
Column_149=4
Column_19=3
Column_40=3
Column_64=3
Column_74=3
Column_78=3
Column_82=3
Column_83=3
Column_84=3
Column_87=3
Column_99=3
Column_102=3
Column_135=3
Column_17=2
Column_23=2
Column_34=2
Column_71=2
Column_76=2
Column_79=2
Column_88=2
Column_97=2
Column_101=2
Column_104=2
Column_105=2
Column_118=2
Column_129=2
Column_133=2
Column_137=2
Column_151=2
Column_174=2
Column_263=2
Column_22=1
Column_24=1
Column_39=1
Column_41=1
Column_42=1
Column_44=1
Column_45=1
Column_52=1
Column_53=1
Column_57=1
Column_63=1
Column_72=1
Column_91=1
Column_93=1
Column_94=1
Column_113=1
Column_121=1
Column_139=1
Column_153=1
Column_155=1
Column_168=1
Column_176=1
Column_177=1
Column_181=1
Column_197=1
Column_206=1
Column_226=1
Column_237=1

parameters:
[boosting: gbdt]
[objective: binary]
[metric: binary_logloss]
[tree_learner: serial]
[device_type: cpu]
[data_sample_strategy: bagging]
[data: ]
[valid: ]
[num_iterations: 300]
[learning_rate: 0.1]
[num_leaves: 31]
[num_threads: 0]
[seed: 0]
[deterministic: 0]
[force_col_wise: 0]
[force_row_wise: 0]
[histogram_pool_size: -1]
[max_depth: -1]
[min_data_in_leaf: 20]
[min_sum_hessian_in_leaf: 0.001]
[bagging_fraction: 1]
[pos_bagging_fraction: 1]
[neg_bagging_fraction: 1]
[bagging_freq: 0]
[bagging_seed: 7719]
[bagging_by_query: 0]
[feature_fraction: 1]
[feature_fraction_bynode: 1]
[feature_fraction_seed: 2437]
[extra_trees: 0]
[extra_seed: 11797]
[early_stopping_round: 0]
[early_stopping_min_delta: 0]
[first_metric_only: 0]
[max_delta_step: 0]
[lambda_l1: 0]
[lambda_l2: 0]
[linear_lambda: 0]
[min_gain_to_split: 0]
[drop_rate: 0.1]
[max_drop: 50]
[skip_drop: 0.5]
[xgboost_dart_mode: 0]
[uniform_drop: 0]
[drop_seed: 21238]
[top_rate: 0.2]
[other_rate: 0.1]
[min_data_per_group: 100]
[max_cat_threshold: 32]
[cat_l2: 10]
[cat_smooth: 10]
[max_cat_to_onehot: 4]
[top_k: 20]
[monotone_constraints: ]
[monotone_constraints_method: basic]
[monotone_penalty: 0]
[feature_contri: ]
[forcedsplits_filename: ]
[refit_decay_rate: 0.9]
[cegb_tradeoff: 1]
[cegb_penalty_split: 0]
[cegb_penalty_feature_lazy: ]
[cegb_penalty_feature_coupled: ]
[path_smooth: 0]
[interaction_constraints: ]
[verbosity: -1]
[saved_feature_importance_type: 0]
[use_quantized_grad: 0]
[num_grad_quant_bins: 4]
[quant_train_renew_leaf: 0]
[stochastic_rounding: 1]
[linear_tree: 0]
[max_bin: 255]
[max_bin_by_feature: ]
[min_data_in_bin: 3]
[bin_construct_sample_cnt: 200000]
[data_random_seed: 38]
[is_enable_sparse: 1]
[enable_bundle: 1]
[use_missing: 1]
[zero_as_missing: 0]
[feature_pre_filter: 1]
[pre_partition: 0]
[two_round: 0]
[header: 0]
[label_column: ]
[weight_column: ]
[group_column: ]
[ignore_column: ]
[categorical_feature: ]
[forcedbins_filename: ]
[precise_float_parser: 0]
[parser_config_file: ]
[objective_seed: 8855]
[num_class: 1]
[is_unbalance: 0]
[scale_pos_weight: 1]
[sigmoid: 1]
[boost_from_average: 1]
[reg_sqrt: 0]
[alpha: 0.9]
[fair_c: 1]
[poisson_max_delta_step: 0.7]
[tweedie_variance_power: 1.5]
[lambdarank_truncation_level: 30]
[lambdarank_norm: 1]
[label_gain: ]
[lambdarank_position_bias_regularization: 0]
[eval_at: ]
[multi_error_top_k: 1]
[auc_mu_weights: ]
[num_machines: 1]
[local_listen_port: 12400]
[time_out: 120]
[machine_list_filename: ]
[machines: ]
[gpu_platform_id: -1]
[gpu_device_id: -1]
[gpu_device_id_list: ]
[gpu_use_dp: 0]
[num_gpu: 1]

end of parameters

pandas_categorical:null
