tree
version=v4
num_class=1
num_tree_per_iteration=1
label_index=0
max_feature_idx=567
objective=binary sigmoid:1
feature_names=Column_0 Column_1 Column_2 Column_3 Column_4 Column_5 Column_6 Column_7 Column_8 Column_9 Column_10 Column_11 Column_12 Column_13 Column_14 Column_15 Column_16 Column_17 Column_18 Column_19 Column_20 Column_21 Column_22 Column_23 Column_24 Column_25 Column_26 Column_27 Column_28 Column_29 Column_30 Column_31 Column_32 Column_33 Column_34 Column_35 Column_36 Column_37 Column_38 Column_39 Column_40 Column_41 Column_42 Column_43 Column_44 Column_45 Column_46 Column_47 Column_48 Column_49 Column_50 Column_51 Column_52 Column_53 Column_54 Column_55 Column_56 Column_57 Column_58 Column_59 Column_60 Column_61 Column_62 Column_63 Column_64 Column_65 Column_66 Column_67 Column_68 Column_69 Column_70 Column_71 Column_72 Column_73 Column_74 Column_75 Column_76 Column_77 Column_78 Column_79 Column_80 Column_81 Column_82 Column_83 Column_84 Column_85 Column_86 Column_87 Column_88 Column_89 Column_90 Column_91 Column_92 Column_93 Column_94 Column_95 Column_96 Column_97 Column_98 Column_99 Column_100 Column_101 Column_102 Column_103 Column_104 Column_105 Column_106 Column_107 Column_108 Column_109 Column_110 Column_111 Column_112 Column_113 Column_114 Column_115 Column_116 Column_117 Column_118 Column_119 Column_120 Column_121 Column_122 Column_123 Column_124 Column_125 Column_126 Column_127 Column_128 Column_129 Column_130 Column_131 Column_132 Column_133 Column_134 Column_135 Column_136 Column_137 Column_138 Column_139 Column_140 Column_141 Column_142 Column_143 Column_144 Column_145 Column_146 Column_147 Column_148 Column_149 Column_150 Column_151 Column_152 Column_153 Column_154 Column_155 Column_156 Column_157 Column_158 Column_159 Column_160 Column_161 Column_162 Column_163 Column_164 Column_165 Column_166 Column_167 Column_168 Column_169 Column_170 Column_171 Column_172 Column_173 Column_174 Column_175 Column_176 Column_177 Column_178 Column_179 Column_180 Column_181 Column_182 Column_183 Column_184 Column_185 Column_186 Column_187 Column_188 Column_189 Column_190 Column_191 Column_192 Column_193 Column_194 Column_195 Column_196 Column_197 Column_198 Column_199 Column_200 Column_201 Column_202 Column_203 Column_204 Column_205 Column_206 Column_207 Column_208 Column_209 Column_210 Column_211 Column_212 Column_213 Column_214 Column_215 Column_216 Column_217 Column_218 Column_219 Column_220 Column_221 Column_222 Column_223 Column_224 Column_225 Column_226 Column_227 Column_228 Column_229 Column_230 Column_231 Column_232 Column_233 Column_234 Column_235 Column_236 Column_237 Column_238 Column_239 Column_240 Column_241 Column_242 Column_243 Column_244 Column_245 Column_246 Column_247 Column_248 Column_249 Column_250 Column_251 Column_252 Column_253 Column_254 Column_255 Column_256 Column_257 Column_258 Column_259 Column_260 Column_261 Column_262 Column_263 Column_264 Column_265 Column_266 Column_267 Column_268 Column_269 Column_270 Column_271 Column_272 Column_273 Column_274 Column_275 Column_276 Column_277 Column_278 Column_279 Column_280 Column_281 Column_282 Column_283 Column_284 Column_285 Column_286 Column_287 Column_288 Column_289 Column_290 Column_291 Column_292 Column_293 Column_294 Column_295 Column_296 Column_297 Column_298 Column_299 Column_300 Column_301 Column_302 Column_303 Column_304 Column_305 Column_306 Column_307 Column_308 Column_309 Column_310 Column_311 Column_312 Column_313 Column_314 Column_315 Column_316 Column_317 Column_318 Column_319 Column_320 Column_321 Column_322 Column_323 Column_324 Column_325 Column_326 Column_327 Column_328 Column_329 Column_330 Column_331 Column_332 Column_333 Column_334 Column_335 Column_336 Column_337 Column_338 Column_339 Column_340 Column_341 Column_342 Column_343 Column_344 Column_345 Column_346 Column_347 Column_348 Column_349 Column_350 Column_351 Column_352 Column_353 Column_354 Column_355 Column_356 Column_357 Column_358 Column_359 Column_360 Column_361 Column_362 Column_363 Column_364 Column_365 Column_366 Column_367 Column_368 Column_369 Column_370 Column_371 Column_372 Column_373 Column_374 Column_375 Column_376 Column_377 Column_378 Column_379 Column_380 Column_381 Column_382 Column_383 Column_384 Column_385 Column_386 Column_387 Column_388 Column_389 Column_390 Column_391 Column_392 Column_393 Column_394 Column_395 Column_396 Column_397 Column_398 Column_399 Column_400 Column_401 Column_402 Column_403 Column_404 Column_405 Column_406 Column_407 Column_408 Column_409 Column_410 Column_411 Column_412 Column_413 Column_414 Column_415 Column_416 Column_417 Column_418 Column_419 Column_420 Column_421 Column_422 Column_423 Column_424 Column_425 Column_426 Column_427 Column_428 Column_429 Column_430 Column_431 Column_432 Column_433 Column_434 Column_435 Column_436 Column_437 Column_438 Column_439 Column_440 Column_441 Column_442 Column_443 Column_444 Column_445 Column_446 Column_447 Column_448 Column_449 Column_450 Column_451 Column_452 Column_453 Column_454 Column_455 Column_456 Column_457 Column_458 Column_459 Column_460 Column_461 Column_462 Column_463 Column_464 Column_465 Column_466 Column_467 Column_468 Column_469 Column_470 Column_471 Column_472 Column_473 Column_474 Column_475 Column_476 Column_477 Column_478 Column_479 Column_480 Column_481 Column_482 Column_483 Column_484 Column_485 Column_486 Column_487 Column_488 Column_489 Column_490 Column_491 Column_492 Column_493 Column_494 Column_495 Column_496 Column_497 Column_498 Column_499 Column_500 Column_501 Column_502 Column_503 Column_504 Column_505 Column_506 Column_507 Column_508 Column_509 Column_510 Column_511 Column_512 Column_513 Column_514 Column_515 Column_516 Column_517 Column_518 Column_519 Column_520 Column_521 Column_522 Column_523 Column_524 Column_525 Column_526 Column_527 Column_528 Column_529 Column_530 Column_531 Column_532 Column_533 Column_534 Column_535 Column_536 Column_537 Column_538 Column_539 Column_540 Column_541 Column_542 Column_543 Column_544 Column_545 Column_546 Column_547 Column_548 Column_549 Column_550 Column_551 Column_552 Column_553 Column_554 Column_555 Column_556 Column_557 Column_558 Column_559 Column_560 Column_561 Column_562 Column_563 Column_564 Column_565 Column_566 Column_567
feature_infos=[2.0013689994812012:17.993154525756836] [-0.7776256799697876:0.99923950433731079] none none none [0:1] [0:1] [0:1] [0:1] [0:1] [0:1] [0:1] [0:1] [0:1] [0:1] [0:1] [0:1] [0:1] [0:1] [0:1] [0:1] [0:1] [0:1] [0:1] [0:1] [0:1] [0:1] [0:1] [0:1] [0:1] [0:1] [0:1] [0:1] [0:1] [0:1] [0:1] [0:1] [0:1] [0:1] [0:1] [0:1] [0:1] [0:1] [0:1] [0:1] [0:1] [0:1] [0:1] [0:1] [0:1] [0:1] [0:1] [0:1] [0:1] [0:1] [0:1] [0:1] [0:1] [0:1] [0:1] [0:1] [0:1] [0:1] [0:1] [0:1] [0:1] [0:1] [0:1] [0:1] [0:1] [0:1] [0:1] [0:1] [0:1] [0:1] [0:1] [0:1] [0:1] [0:1] [0:1] [0:1] [0:1] [0:1] [0:1] [0:1] [0:1] [0:1] [0:1] [0:1] [0:1] [0:1] [0:1] [0:1] [0:1] [0:1] [0:1] [0:1] [0:1] [0:1] [0:1] [0:1] [0:1] [0:1] [0:1] [0:1] [0:1] [0:1] [0:1] [0:1] none none none none [0:1] [0:1] none [0:1] none [0:1] none none [0:1] none none none none [0:1] [0:1] [0:1] [0:1] [0:1] none [0:1] [0:1] [0:1] [0:1] none [0:1] [0:1] [0:1] [0:1] [0:1] [0:1] [0:1] [0:1] [0:1] [0:1] [0:1] [0:1] [0:1] [0:1] [0:1] [0:1] [0:1] [0:1] [0:1] [0:1] none none none none none none none none none none [0:1] [0:1] none none none none none [0:1] [0:1] [0:1] [0:1] [0:1] [0:1] [0:1] [0:1] [0:1] [0:1] [0:1] [0:1] [0:1] [0:1] [0:1] [0:1] [0:1] [0:1] [0:1] [0:1] [0:1] [0:1] [0:1] [0:1] [0:1] [0:1] [0:1] [0:1] none none [0:1] [0:1] [0:1] none [0:1] [0:1] [0:1] [0:1] [0:1] none [0:1] none none [0:1] none [0:1] [0:1] [0:1] [0:1] [0:1] [0:1] [0:1] [0:1] [0:1] [0:1] [0:1] [0:1] [0:1] [0:1] [0:1] [0:1] [0:1] [0:1] [0:1] [0:1] [0:1] [0:1] [0:1] [0:1] [0:1] none none none none none none none none none none none none none none none none none [0:1] [0:1] [0:1] [0:1] [0:1] [0:1] [0:1] [0:1] [0:1] [0:1] none [0:1] [0:1] [0:1] [0:1] none [0:1] [0:1] none none none [0:1] [0:1] none none none none none [0:1] [0:1] [0:1] [0:1] [0:1] [0:1] [0:1] none none none [0:1] none [0:1] [0:1] [0:1] none [0:1] [0:1] [0:1] [0:1] none none [0:1] [0:1] none none none none [0:1] [0:1] none none none [0:1] none none [0:1] [0:1] none none [0:1] [0:1] none none none none none none none none none none none none none none none none none none none none none none none none none none none none none none none none none none none none none none none none none none none none none none none none none none none none none none none none none none none none none none none none none none none none none none none none none none none none none none none none none none none none none none none none none none none none none none none none none none none none none none none none none none none none none none none none none none none none none none none none none none none none none none none none none none none none none none none none none none none none none none none none none none none none none none none none none none none none none none none none none none none none none none none none none none none none none none none none none none none none none none none none none none none none none none none none none none none none none none none none none none none none none none none none none none none none none none none none none none none none none none none none none none none none none none none none none none none none none
tree_sizes=3387 3441 3446 3464 3470 3438 3478 3459 3461 3479 3467 3446 3462 3475 3485 3471 3471 3472 3483 3493 3494 3460 3494 3465 3499 3487

Tree=0
num_leaves=31
num_cat=0
split_feature=9 0 0 7 7 0 1 7 0 6 97 0 10 10 82 7 14 0 10 22 139 64 81 10 16 73 67 11 8 26
split_gain=499.901 64.5546 63.2407 29.3457 22.7619 23.3109 17.9894 15.8518 11.3506 10.5332 9.64786 9.50037 9.33396 8.2306 9.9979 8.16787 7.93157 11.5327 7.62416 7.51654 6.79023 6.68551 8.26029 11.2519 6.36787 6.58682 6.31872 6.63862 6.42911 5.85495
threshold=1.0000000180025095e-35 11.108829498291017 12.643394947052004 1.0000000180025095e-35 1.0000000180025095e-35 6.4298424720764169 0.78462240099906932 1.0000000180025095e-35 7.3634495735168466 1.0000000180025095e-35 1.0000000180025095e-35 12.803559303283693 1.0000000180025095e-35 1.0000000180025095e-35 1.0000000180025095e-35 1.0000000180025095e-35 1.0000000180025095e-35 13.600273609161379 1.0000000180025095e-35 1.0000000180025095e-35 1.0000000180025095e-35 1.0000000180025095e-35 1.0000000180025095e-35 1.0000000180025095e-35 1.0000000180025095e-35 1.0000000180025095e-35 1.0000000180025095e-35 1.0000000180025095e-35 1.0000000180025095e-35 1.0000000180025095e-35
decision_type=2 2 2 2 2 2 2 2 2 2 2 2 2 2 2 2 2 2 2 2 2 2 2 2 2 2 2 2 2 2
left_child=2 4 7 10 5 9 11 8 -1 24 -3 -4 -13 14 -6 -14 20 -18 -10 -15 -5 22 26 -24 -2 29 27 -8 -28 -26
right_child=1 3 6 16 13 -7 21 -9 18 -11 -12 12 15 19 -16 -17 17 -19 -20 -21 -22 -23 23 -25 25 -27 28 -29 -30 -31
leaf_value=-1.1961069618488729 -1.0677816449133968 -0.91703790328274526 -1.0230755208522295 -1.0144812421917881 -1.1405812618488393 -0.98432533123550714 -1.1322579385282461 -1.2167074420324742 -1.174990553629643 -1.1162846071987085 -1.0107217218904592 -1.173733990305285 -1.08306007803327 -1.073689056986608 -1.0250084281727787 -1.1652890291858407 -1.2057352626441196 -1.0236392854873897 -1.1195197122781084 -0.92692802489218873 -0.87813675828560078 -1.1440078127604825 -1.1952799912284222 -0.99808195536012945 -0.85374112498230703 -1.0976974580152463 -0.93443437360089454 -1.0069230085146177 -1.0651699469441878 -1.0001149248020706
leaf_weight=120.9232801347971 25.526177778840065 75.833243474364281 6.3349638283252707 33.538043797016144 41.549909815192223 63.908605679869652 8.9434783458709717 160.79628776013851 56.455707058310509 27.389402434229851 12.85625012218952 65.39918540418148 29.811594486236572 23.476630657911304 9.1298008114099485 20.309148743748665 5.2170290350913993 10.434058070182799 44.158424332737923 4.0990942418575278 4.0990942418575278 10.993025466799734 8.1981884837150556 4.471739172935485 4.0990942418575296 4.0990942418575278 9.6887682080268842 8.0118660181760788 6.1486413627862921 8.1981884837150574
leaf_count=649 137 407 34 180 223 343 48 863 303 147 69 351 160 126 49 109 28 56 237 22 22 59 44 24 22 22 52 43 33 44
internal_value=-1.11115 -1.01802 -1.16987 -0.965859 -1.05303 -1.02789 -1.12069 -1.19281 -1.17546 -1.06806 -0.930618 -1.14231 -1.14885 -1.09584 -1.11976 -1.11638 -1.02451 -1.08434 -1.15065 -1.05187 -0.999632 -1.07403 -1.0571 -1.12568 -1.03655 -0.987917 -1.03061 -1.07303 -0.985191 -0.951324
internal_weight=914.098 353.454 560.644 141.978 211.476 133.221 178.311 382.334 221.537 69.312 88.6895 121.855 115.52 78.2554 50.6797 50.1207 53.2882 15.6511 100.614 27.5757 37.6371 56.4557 45.4627 12.6699 41.9226 16.3964 32.7928 16.9553 15.8374 12.2973
internal_count=4906 1897 3009 762 1135 715 957 2052 1189 372 476 654 620 420 272 269 286 84 540 148 202 303 244 68 225 88 176 91 85 66
is_linear=0
shrinkage=1


Tree=1
num_leaves=31
num_cat=0
split_feature=9 0 0 7 7 1 14 71 1 0 10 11 7 97 10 12 1 62 0 0 99 72 0 67 35 63 13 16 8 133
split_gain=397.792 55.4634 46.5785 35.2538 14.765 14.5364 12.409 10.9714 10.2377 9.537 8.23694 8.17038 8.0232 7.60811 7.32283 6.9831 6.1513 5.85691 7.9964 6.38087 5.49607 5.09492 5.37366 5.25601 5.08303 4.67585 4.93653 5.60971 4.64058 6.24676
threshold=1.0000000180025095e-35 12.643394947052004 6.2258727550506601 1.0000000180025095e-35 1.0000000180025095e-35 0.78462240099906932 1.0000000180025095e-35 1.0000000180025095e-35 -0.22138565033674237 13.882272243499758 1.0000000180025095e-35 1.0000000180025095e-35 1.0000000180025095e-35 1.0000000180025095e-35 1.0000000180025095e-35 1.0000000180025095e-35 0.80591678619384777 1.0000000180025095e-35 5.405886411666871 4.2108144760131845 1.0000000180025095e-35 1.0000000180025095e-35 17.498972892761234 1.0000000180025095e-35 1.0000000180025095e-35 1.0000000180025095e-35 1.0000000180025095e-35 1.0000000180025095e-35 1.0000000180025095e-35 1.0000000180025095e-35
decision_type=2 2 2 2 2 2 2 2 2 2 2 2 2 2 2 2 2 2 2 2 2 2 2 2 2 2 2 2 2 2
left_child=1 4 14 7 8 12 15 -4 -1 11 -10 -8 -3 25 17 -5 -7 -2 19 -19 -12 23 -23 -18 -17 26 -9 -28 29 -16
right_child=2 5 3 6 -6 16 9 13 10 -11 20 -13 -14 -15 28 24 21 18 -20 -21 -22 22 -24 -25 -26 -27 27 -29 -30 -31
leaf_value=-0.081497882925943926 0.030828188260184138 -0.0059424195669199103 0.10868376516827566 0.053570520253741906 -0.10070041729019259 0.14873281403751157 -0.077705738157687373 0.13693675232759908 -0.062722923791040774 0.081642638325521558 0.013476292079082601 0.058729412952322771 -0.058136310634631871 0.072712813987772781 0.037537548392671427 0.091007995414674484 0.022699163333208396 -0.013189895493584045 0.061910206046014896 -0.12243282523035177 -0.065270913671321637 -0.015088497900844209 0.057444383414182759 0.18317523218438478 0.19166432652835286 0.24259143771734695 0.1587192977931241 0.26440940195598661 0.010551360487459183 0.12859662266502164
leaf_weight=108.74243497848511 35.231388047337532 67.914054542779922 96.943496540188789 39.087864324450493 152.14401012659073 4.2249622642993918 14.597363516688352 31.418505311012268 58.724892348051071 10.111635088920591 34.949812799692154 6.2765078991651526 52.003251135349274 8.6079743504524213 16.823148936033249 15.87552233040333 4.4855023473501188 12.504122778773313 7.1538159400224677 9.3410298377275449 11.874238967895506 29.355178162455559 15.664586260914801 3.7449852079153061 7.3349389880895606 8.3646669983863813 13.057041168212891 8.1606507301330566 15.121816411614416 13.64350448548794
leaf_count=610 187 367 487 202 863 22 79 154 326 52 189 34 287 44 88 82 24 67 38 50 64 155 83 19 38 41 64 40 79 71
internal_value=-0.000251969 -0.0546578 0.0797886 0.102866 -0.0768776 -0.00875876 0.0536477 0.130432 -0.0599638 0.00193178 -0.0377782 -0.0366814 -0.0285768 0.160721 0.025187 0.0793698 0.0325899 0.00343198 -0.0298522 -0.0599024 -0.00649343 0.023375 0.0101493 0.095718 0.122817 0.17314 0.162103 0.199369 0.0558379 0.0783154
internal_weight=913.483 543.828 369.655 259.836 366.435 177.393 93.2838 166.552 214.291 30.9855 105.549 20.8739 119.917 69.6088 109.819 62.2983 57.4752 64.2304 28.999 21.8452 46.8241 53.2503 45.0198 8.23049 23.2105 61.0009 52.6362 21.2177 45.5885 30.4667
internal_count=4906 3009 1897 1317 2052 957 487 830 1189 165 579 113 654 343 580 322 303 342 155 117 253 281 238 43 120 299 258 104 238 159
is_linear=0
shrinkage=0.1


Tree=2
num_leaves=31
num_cat=0
split_feature=9 0 0 7 7 7 14 0 31 0 0 0 49 1 72 11 0 6 5 8 10 0 10 87 21 40 11 65 10 62
split_gain=319.376 48.7075 34.392 25.2897 13.7899 12.9002 9.42838 9.26415 9.01184 7.89886 8.48784 7.56786 6.8626 11.5471 6.84294 6.82834 5.76776 5.71338 5.64155 10.6894 5.58677 5.47046 5.36193 5.58757 4.88211 6.67915 4.77139 5.48957 4.73482 7.08459
threshold=1.0000000180025095e-35 12.643394947052004 6.2258727550506601 1.0000000180025095e-35 1.0000000180025095e-35 1.0000000180025095e-35 1.0000000180025095e-35 7.3634495735168466 1.0000000180025095e-35 12.412046909332277 11.934291839599611 13.882272243499758 1.0000000180025095e-35 -0.35675716400146479 1.0000000180025095e-35 1.0000000180025095e-35 16.954140663146976 1.0000000180025095e-35 1.0000000180025095e-35 1.0000000180025095e-35 1.0000000180025095e-35 11.560575008392336 1.0000000180025095e-35 1.0000000180025095e-35 1.0000000180025095e-35 1.0000000180025095e-35 1.0000000180025095e-35 1.0000000180025095e-35 1.0000000180025095e-35 1.0000000180025095e-35
decision_type=2 2 2 2 2 2 2 2 2 2 2 2 2 2 2 2 2 2 2 2 2 2 2 2 2 2 2 2 2 2
left_child=1 4 12 9 7 8 18 -1 22 10 21 15 13 28 -10 -8 -7 -16 24 -20 -9 -4 -3 26 25 -5 27 -24 29 -2
right_child=2 5 3 6 -6 16 11 20 14 -11 -12 -13 -14 -15 17 -17 -18 -19 19 -21 -22 -23 23 -25 -26 -27 -28 -29 -30 -31
leaf_value=-0.075619772214173764 0.033485456623908942 -0.021378225144721454 0.091982068735586175 0.051399877160371636 -0.096183958331665709 -0.054439789815809547 -0.073001490737923599 -0.055152208459587321 0.19975214078129735 0.1332835687245475 -0.020202133509740733 0.070647493425836774 -0.069691776587492413 0.18212271142384673 0.1076871849990919 0.051243979405108053 0.014504488146158519 -0.027643367504931307 0.072072304188945058 -0.078226092798575578 -0.0068448070793251901 0.18858342837083225 -0.01555493999806735 -0.083963390664458459 0.1737113048263253 0.15167910081385472 0.082486707163621886 0.11462859092193567 0.047344726862316902 -0.037692192362114622
leaf_weight=110.81072176992893 32.683606937527657 46.108669728040695 79.995001614093781 26.419120594859123 143.7959673255682 58.052178502082825 14.015141680836683 52.807992160320282 3.830330729484559 83.001362979412079 6.4105417728424063 10.494563341140745 7.5569221228361121 4.7024369090795508 6.973616898059845 6.4632814377546302 15.340730607509611 5.6447889506816864 16.619453459978107 6.6156881898641577 43.795013010501862 6.3257125318050376 16.862574458122257 3.984202414751052 6.0684133768081656 8.8726751953363401 15.653908476233481 4.0092417746782294 41.724124357104301 24.441186979413033
leaf_count=649 171 252 385 133 863 327 79 303 19 385 30 52 39 24 36 34 80 30 83 33 237 30 89 21 30 43 82 21 212 134
internal_value=-0.000419573 -0.0508502 0.0691675 0.0883591 -0.0723858 -0.00798778 0.0469577 -0.055887 0.0148283 0.110874 0.0908165 0.00159793 0.0223059 0.0290196 0.0826839 -0.0337879 -0.0400289 0.0471477 0.0687073 0.0292782 -0.033252 0.0990612 0.00194263 0.0284866 0.0908576 0.076611 0.0407526 0.00945186 0.0217362 0.00303167
internal_weight=910.079 527.67 382.409 271.301 351.21 176.46 95.5683 207.414 103.067 175.733 92.7313 30.973 111.108 103.551 16.4487 20.4784 73.3929 12.6184 64.5954 23.2351 96.603 86.3207 86.6186 40.5099 41.3602 35.2918 36.5257 20.8718 98.8489 57.1248
internal_count=4906 3009 1897 1317 2052 957 487 1189 550 830 445 165 580 541 85 113 407 66 322 116 540 415 465 213 206 176 192 110 517 305
is_linear=0
shrinkage=0.1


Tree=3
num_leaves=31
num_cat=0
split_feature=9 0 0 7 1 7 10 7 14 1 177 71 35 0 16 0 49 1 95 93 12 10 64 81 10 73 13 61 65 0
split_gain=258.115 42.8981 25.992 18.7465 11.8947 11.2747 7.42536 7.34106 7.24112 6.86751 6.28966 6.75125 6.17987 6.44795 6.16597 5.88768 5.62081 8.38105 5.12063 5.01341 5.23347 5.13886 4.85886 5.62749 8.2275 4.67388 9.46162 6.79216 4.90757 4.57255
threshold=1.0000000180025095e-35 11.880903720855715 6.2258727550506601 1.0000000180025095e-35 0.78462240099906932 1.0000000180025095e-35 1.0000000180025095e-35 1.0000000180025095e-35 1.0000000180025095e-35 -0.22138565033674237 1.0000000180025095e-35 1.0000000180025095e-35 1.0000000180025095e-35 15.464749813079836 1.0000000180025095e-35 10.186173915863039 1.0000000180025095e-35 -0.35675716400146479 1.0000000180025095e-35 1.0000000180025095e-35 1.0000000180025095e-35 1.0000000180025095e-35 1.0000000180025095e-35 1.0000000180025095e-35 1.0000000180025095e-35 1.0000000180025095e-35 1.0000000180025095e-35 1.0000000180025095e-35 1.0000000180025095e-35 13.600273609161379
decision_type=2 2 2 2 2 2 2 2 2 2 2 2 2 2 2 2 2 2 2 2 2 2 2 2 2 2 2 2 2 2
left_child=1 5 16 10 6 9 -3 -8 19 -1 11 -4 13 15 -9 -10 17 -2 -13 20 -5 -22 23 25 -25 27 -27 28 -6 -17
right_child=2 4 3 8 22 -7 7 14 12 -11 -12 18 -14 -15 -16 29 -18 -19 -20 -21 21 -23 -24 24 -26 26 -28 -29 -30 -31
leaf_value=-0.072594771399859356 0.01933807770263023 -0.046929612948673864 0.075882158303246183 0.029804203146110687 0.033309340598035149 -0.093543619713711945 0.025748208349344756 -0.012941919329961391 0.06881322519980354 -0.033850039922722418 0.20545286893354298 0.12525107948215811 -0.078760526836606545 0.12994723946830297 -0.12742394474671856 -0.099213562491257956 -0.065003140440100249 0.15099346731714955 0.046353969304963077 0.16558627247578672 0.060231898644882813 0.16282179674758396 -0.033367128658879308 -0.079825901623305009 0.085487548493976898 0.033548047661025635 0.20311958467345514 -0.063965995914687421 0.16094346120130118 0.029830590125293727
leaf_weight=99.538369029760361 99.794031798839569 80.677462309598923 102.90353593230247 38.242772683501244 12.180046543478971 126.69261515140533 38.726510241627693 16.573591470718387 7.4651650339365103 84.656637251377106 5.0711228549480429 65.510559394955635 7.3449270725250235 4.7831765264272681 6.5694765001535407 6.6109361499547941 7.3052432239055625 5.0814856290817252 9.4075619131326658 4.2057709991931906 17.190588921308521 6.8196712434291831 11.013304889202116 7.8700553327798826 4.8757469803094864 7.5477916002273542 5.8337004780769348 5.4760148823261252 4.0024974048137656 4.6966540366411209
leaf_count=610 517 467 475 188 61 805 204 98 41 483 23 288 40 23 39 38 39 24 44 20 82 32 59 44 24 38 29 28 20 23
internal_value=-0.000539032 -0.0472922 0.0604867 0.0767693 -0.0113326 -0.0705814 -0.0269429 -0.000880311 0.0413211 -0.0547876 0.0956395 0.0925078 0.00132623 0.0262979 -0.0454392 -0.000111251 0.0198094 0.0257171 0.115344 0.0599172 0.0527783 0.0893707 0.0265116 0.0403119 -0.0165873 0.061009 0.107473 0.0323016 0.0648776 -0.0456145
internal_weight=904.667 512.234 392.433 280.252 201.346 310.888 142.547 61.8696 97.3597 184.195 182.893 177.822 30.9009 23.5559 23.1431 18.7728 112.181 104.876 74.9181 66.4588 62.253 24.0103 58.7992 47.7859 12.7458 35.0401 13.3815 21.6586 16.1825 11.3076
internal_count=4906 3009 1897 1317 1111 1898 808 341 487 1093 830 807 165 125 137 102 580 541 332 322 302 114 303 244 68 176 67 109 81 61
is_linear=0
shrinkage=0.1


Tree=4
num_leaves=31
num_cat=0
split_feature=9 0 0 7 7 7 84 6 7 0 55 16 6 14 0 67 10 0 133 10 99 99 82 10 1 5 55 16 21 72
split_gain=209.643 37.6065 20.144 11.0795 10.2872 10.1747 7.28995 10.9205 7.26707 7.17885 6.81979 6.7553 6.753 6.26496 6.13139 6.06414 6.04097 5.94689 5.9115 5.78336 5.62 5.52192 5.30277 6.73397 5.26724 9.07801 6.35637 5.95828 5.21344 5.02198
threshold=1.0000000180025095e-35 11.824777603149416 11.108829498291017 1.0000000180025095e-35 1.0000000180025095e-35 1.0000000180025095e-35 1.0000000180025095e-35 1.0000000180025095e-35 1.0000000180025095e-35 16.119096755981449 1.0000000180025095e-35 1.0000000180025095e-35 1.0000000180025095e-35 1.0000000180025095e-35 5.1663243770599374 1.0000000180025095e-35 1.0000000180025095e-35 3.7686516046524052 1.0000000180025095e-35 1.0000000180025095e-35 1.0000000180025095e-35 1.0000000180025095e-35 1.0000000180025095e-35 1.0000000180025095e-35 -0.29652445018291468 1.0000000180025095e-35 1.0000000180025095e-35 1.0000000180025095e-35 1.0000000180025095e-35 1.0000000180025095e-35
decision_type=2 2 2 2 2 2 2 2 2 2 2 2 2 2 2 2 2 2 2 2 2 2 2 2 2 2 2 2 2 2
left_child=1 5 4 9 6 16 7 10 -4 19 11 14 -8 -13 17 -12 -1 -2 21 -3 -17 -18 23 -6 26 -26 27 -9 -10 -11
right_child=2 3 8 -5 22 -7 12 24 28 29 15 13 -14 -15 -16 20 18 -19 -20 -21 -22 -23 -24 -25 25 -27 -28 -29 -30 -31
leaf_value=-0.068542865649149451 -0.01734374869442731 -0.031264283482468111 0.09463008084870711 -0.039515288363220054 -0.030866229254637806 -0.089319654096855855 0.058083256298831723 0.070344111486977098 0.040383858428810732 0.13221384641987768 0.12837523420832025 0.14731576859456394 0.21295402461930993 0.0053975730262406643 -0.059149610594364938 0.077252312941626031 -0.0042955718602044465 0.12452877044109233 -0.080995328117350385 0.020532642229305512 -0.042149596040394706 -0.087143479419311901 0.063395006133857942 0.033571075407497451 -0.0040551576266985813 0.12347578633016615 -0.081177178198052063 -0.062938330529329609 0.13106482596813465 0.02980958471495836
leaf_weight=95.465257227420807 6.6073497384786624 46.212206587195396 110.05481395125389 80.338964074850082 41.703344583511353 118.77672672271729 6.3837869614362699 8.7248115092515928 52.575504839420319 5.7257971912622443 21.501756474375725 7.5036322474479658 5.0370725989341736 5.3130919486284256 10.310752138495443 25.801890984177593 53.317920237779617 5.3443668782711029 18.589167952537537 40.402295619249344 4.6528290510177603 9.4746249318122846 13.217592358589171 26.538487508893013 16.553306758403778 8.4211355447769183 11.407507374882698 5.4487656950950631 7.2094239741563788 29.268353492021561
leaf_count=596 33 268 476 470 223 800 30 45 252 27 101 35 24 25 48 124 315 27 119 210 21 54 65 132 75 38 61 28 34 150
internal_value=-0.000618683 -0.04396 0.0532528 -0.0106975 0.033996 -0.0666823 0.0496167 0.0432442 0.0793842 0.00834054 0.0647156 0.0306488 0.126388 0.0884845 -0.00264776 0.0877164 -0.0514783 0.0460964 -0.0314606 -0.00710303 0.0590103 -0.0167963 0.00542147 -0.00580728 0.00627931 0.038947 -0.0256137 0.0191062 0.051319 0.0465651
internal_weight=897.883 497.571 400.311 201.948 230.471 295.624 149.012 137.591 169.84 121.609 87.0357 35.0792 11.4209 12.8167 22.2625 51.9565 176.847 11.9517 81.3817 86.6145 30.4547 62.7925 81.4594 68.2418 50.5555 24.9744 25.5811 14.1736 59.7849 34.9942
internal_count=4906 3009 1897 1125 1135 1884 715 661 762 655 414 168 54 60 108 246 1084 60 488 478 145 369 420 355 247 113 134 73 286 177
is_linear=0
shrinkage=0.1


Tree=5
num_leaves=31
num_cat=0
split_feature=9 1 1 7 7 21 1 0 7 14 36 0 62 10 0 17 10 0 71 84 61 0 0 140 97 6 21 0 0 67
split_gain=170.585 33.4433 17.0138 12.2764 10.9968 7.62323 7.08995 7.72434 6.4753 6.34389 7.47273 5.83052 5.28394 6.00154 5.89359 4.70391 4.86299 5.43332 4.60105 5.69117 5.41851 8.88485 8.67164 4.7668 5.46591 4.69939 4.49393 4.49195 7.54849 5.80485
threshold=1.0000000180025095e-35 0.099551297724246993 -0.40056277811527247 1.0000000180025095e-35 1.0000000180025095e-35 1.0000000180025095e-35 0.78462240099906932 10.186173915863039 1.0000000180025095e-35 1.0000000180025095e-35 1.0000000180025095e-35 16.954140663146976 1.0000000180025095e-35 1.0000000180025095e-35 4.2108144760131845 1.0000000180025095e-35 1.0000000180025095e-35 11.934291839599611 1.0000000180025095e-35 1.0000000180025095e-35 1.0000000180025095e-35 7.0266940593719491 6.4298424720764169 1.0000000180025095e-35 1.0000000180025095e-35 1.0000000180025095e-35 1.0000000180025095e-35 4.2108144760131845 5.07460641860962 1.0000000180025095e-35
decision_type=2 2 2 2 2 2 2 2 2 2 2 2 2 2 2 2 2 2 2 2 2 2 2 2 2 2 2 2 2 2
left_child=1 8 12 6 18 9 7 -3 -1 -6 -11 26 27 14 -14 -9 -17 -18 19 20 22 -22 -4 24 -20 -21 -5 29 -29 -2
right_child=2 3 4 11 5 -7 -8 15 -10 10 -12 -13 13 -15 -16 16 17 -19 23 25 21 -23 -24 -25 -26 -27 -28 28 -30 -31
leaf_value=-0.0546394581893139 -0.055937954301880921 0.10470662566547316 -0.047092400107418837 -0.044721673482489864 0.03897899956992059 0.098243083674413187 0.040247237559205833 0.08234192949319602 -0.088801562824216571 0.012451052315877169 -0.10459876103271698 0.013409455063128307 -0.010492300700910662 0.024931703157276247 -0.11795506624647403 -0.04092321402131191 -0.049466237937515922 0.022120681986935849 0.092183009122244808 0.068272934854964801 0.18473789423504855 0.061351012407751017 0.050857200651080785 0.16407163641902289 0.0080413407342574614 0.20524118371354871 -0.11421583569950462 0.12424807860147141 -0.030081117758802602 0.033566419938942098
leaf_weight=139.37494160234928 9.6103461235761625 5.5877970159053794 10.62441301345825 72.437955409288406 64.694334909319878 15.093982025980948 36.896919503808022 4.6806151121854773 92.181144148111343 21.256796747446064 7.3368423879146567 15.362442702054976 12.299108847975733 16.917418003082275 8.723022595047949 54.645217150449753 14.81224165856838 37.302545785903931 65.097886368632317 5.4161637276411039 6.9423778951168051 36.61836288869381 60.550586104393005 7.8700385689735404 8.7592155635356885 4.6603853404521942 10.676802352070807 10.191005319356917 4.5997988581657401 29.453923881053925
leaf_count=894 48 33 53 462 306 72 183 26 658 110 41 80 67 83 50 328 83 192 271 24 33 161 267 33 39 20 70 50 23 146
internal_value=-0.000674611 -0.0407938 0.047064 -0.0156152 0.0581063 0.0323102 0.0020249 -0.0100259 -0.0682392 0.0216423 -0.0175828 -0.0431877 0.00918066 -0.0194043 -0.0550834 -0.0157788 -0.0200806 0.001774 0.0716429 0.0595653 0.0532371 0.0810155 0.0362361 0.0900876 0.0822041 0.13162 -0.0536488 0.029318 0.0762532 0.0115471
internal_weight=890.675 483.959 406.716 252.403 314.921 108.382 153.925 117.028 231.556 93.288 28.5936 98.4772 91.7946 37.9395 21.0221 111.441 106.76 52.1148 206.539 124.812 114.736 43.5607 71.175 81.7271 73.8571 10.0765 83.1148 53.8551 14.7908 39.0643
internal_count=4906 3009 1897 1457 1430 529 845 662 1552 457 151 612 467 200 117 629 603 275 901 558 514 194 320 343 310 44 532 267 73 194
is_linear=0
shrinkage=0.1


Tree=6
num_leaves=31
num_cat=0
split_feature=9 1 1 7 7 7 0 0 10 98 7 82 0 17 21 78 16 6 55 13 14 133 10 0 138 81 50 61 14 12
split_gain=139.206 29.4371 13.4579 10.3132 7.31552 6.16616 5.68679 5.93651 5.45734 5.84506 5.36171 6.42855 5.21691 4.80321 4.76714 4.7321 4.3569 4.1307 3.98401 11.2197 5.67511 3.88772 3.94138 3.77056 5.66411 3.7572 6.75975 4.2865 4.24762 6.55292
threshold=1.0000000180025095e-35 0.099551297724246993 -0.11521788686513899 1.0000000180025095e-35 1.0000000180025095e-35 1.0000000180025095e-35 16.119096755981449 10.186173915863039 1.0000000180025095e-35 1.0000000180025095e-35 1.0000000180025095e-35 1.0000000180025095e-35 14.405201911926271 1.0000000180025095e-35 1.0000000180025095e-35 1.0000000180025095e-35 1.0000000180025095e-35 1.0000000180025095e-35 1.0000000180025095e-35 1.0000000180025095e-35 1.0000000180025095e-35 1.0000000180025095e-35 1.0000000180025095e-35 5.07460641860962 1.0000000180025095e-35 1.0000000180025095e-35 1.0000000180025095e-35 1.0000000180025095e-35 1.0000000180025095e-35 1.0000000180025095e-35
decision_type=2 2 2 2 2 2 2 2 2 2 2 2 2 2 2 2 2 2 2 2 2 2 2 2 2 2 2 2 2 2
left_child=1 5 8 6 -4 21 7 -3 10 15 -2 -12 -5 -14 25 16 -10 -18 19 -15 -20 22 -1 -7 -25 27 -27 28 29 -6
right_child=2 3 4 12 14 23 -8 -9 9 -11 11 -13 13 18 -16 -17 17 -19 20 -21 -22 -23 -24 24 -26 26 -28 -29 -30 -31
leaf_value=-0.058845306731617468 0.020837543078042416 0.088707034184055927 0.068476279144822128 -0.061673442149392757 0.043021103935604266 -0.11011831615293502 0.036398247241409824 -0.014081452285086025 0.022497924829680931 0.14819293532898012 -0.048769481392549649 0.074223661727945769 -0.12741402021805953 -0.025116942267701892 0.093616228973074991 -0.049474552486148217 0.11359420655113746 0.0047509758930701033 -0.063547724409067682 0.18530434141744678 0.024866659227895216 -0.076819215366905655 -0.017812516512517858 -0.07666547515224896 0.056365668529734639 -0.026999241406871707 0.10387866542812225 0.003360577964992804 0.00086132259268865247 0.15345264610203768
leaf_weight=50.442182689905167 60.551452115178108 5.9166344702243796 165.10184735059738 51.490316152572632 13.817060559988025 35.623661130666733 36.251753255724907 111.61263005435467 36.068836867809296 4.7275585830211631 27.278396725654602 5.0338407903909674 3.4948021322488776 7.6165896356105787 11.29531818628311 6.2741686403751364 12.57776001095772 4.8240466117858878 16.522072419524193 3.7973016649484634 12.950259461998941 40.617056682705879 43.680321037769318 47.762093812227249 3.4304266273975363 23.494586497545246 4.7430634051561347 18.966039076447487 7.9181479066610327 8.7929248362779617
leaf_count=339 295 33 697 353 65 270 177 635 173 22 149 24 21 44 51 30 58 24 96 22 76 282 273 362 26 116 22 91 41 39
internal_value=-0.000710843 -0.0378207 0.0417872 -0.0142749 0.0560173 -0.0643525 0.00177317 -0.0089069 0.0188028 0.0411546 0.0032846 -0.0296087 -0.0400165 -0.0148903 0.0329121 0.0326847 0.0423252 0.0834212 -0.00527218 0.0448884 -0.0246981 -0.0509614 -0.0398028 -0.0851358 -0.067751 0.0240911 -0.00501575 0.0406973 0.0638933 0.0859674
internal_weight=882.673 471.208 411.465 249.652 254.129 221.556 153.781 117.529 157.336 64.4724 92.8637 32.3122 95.8713 44.381 89.0271 59.7448 53.4706 17.4018 40.8862 11.4139 29.4723 134.74 94.1225 86.8162 51.1925 77.7318 28.2376 49.4942 30.5281 22.61
internal_count=4906 3009 1897 1457 1122 1552 845 668 775 307 468 173 612 259 425 285 255 82 238 66 172 894 612 658 388 374 138 236 145 104
is_linear=0
shrinkage=0.1


Tree=7
num_leaves=31
num_cat=0
split_feature=9 0 1 7 7 7 56 21 81 31 12 55 14 36 14 0 62 1 10 0 138 0 0 0 177 16 0 0 84 61
split_gain=113.813 25.9547 11.3309 8.3023 6.84927 6.46036 5.67361 4.97641 4.46143 4.49877 7.56797 4.73268 4.34564 6.57739 4.32249 4.86854 4.22261 4.77079 4.44997 4.20251 4.77548 4.14319 5.16076 4.72166 4.06179 4.03141 3.84641 6.16313 4.0601 4.49881
threshold=1.0000000180025095e-35 11.824777603149416 -0.40056277811527247 1.0000000180025095e-35 1.0000000180025095e-35 1.0000000180025095e-35 1.0000000180025095e-35 1.0000000180025095e-35 1.0000000180025095e-35 1.0000000180025095e-35 1.0000000180025095e-35 1.0000000180025095e-35 1.0000000180025095e-35 1.0000000180025095e-35 1.0000000180025095e-35 17.229294776916507 1.0000000180025095e-35 -0.53988897800445546 1.0000000180025095e-35 5.07460641860962 1.0000000180025095e-35 15.368925571441652 10.186173915863039 13.600273609161379 1.0000000180025095e-35 1.0000000180025095e-35 12.412046909332277 11.934291839599611 1.0000000180025095e-35 1.0000000180025095e-35
decision_type=2 2 2 2 2 2 2 2 2 2 2 2 2 2 2 2 2 2 2 2 2 2 2 2 2 2 2 2 2 2
left_child=1 3 16 6 24 8 -1 12 9 -3 11 -11 -6 21 -7 25 -2 -18 -19 -5 -21 22 -14 -24 26 -16 27 28 29 -4
right_child=2 5 4 19 7 14 -8 -9 -10 10 -12 -13 13 -15 15 -17 17 18 -20 20 -22 -23 23 -25 -26 -27 -28 -29 -30 -31
leaf_value=-0.061908564920072955 0.024057940684745604 0.0061718677735809451 0.025402901472767012 -0.10750896887021846 0.031122335505608639 -0.050346275740901315 -0.024384588533722322 0.077607584041462174 -0.02193769583488573 0.18946283684913906 -0.008914087836319029 0.060229359541111485 0.051169739857224616 -0.10022397200101485 -0.047176421699900765 0.091266442883733812 0.014335485348130658 -0.10517359967252478 -0.0052792127473577383 -0.07023109691244897 0.048716792375625539 0.097767960059314596 -0.12710044193106604 0.015046537024570834 0.14027226966680614 0.037019194223856584 0.069596994176418778 -0.048429814361847325 0.10955198517006284 0.069453021536972401
leaf_weight=74.650630488991737 54.814133152365685 63.333769723773003 61.733420208096504 32.975900396704674 66.204035580158234 44.915687337517738 87.552050560712814 15.884771049022673 37.787303075194359 4.7722644507884979 9.0586943924427032 6.9760040044784546 7.4764853566885092 6.946798473596572 16.879210814833648 4.7711545974016181 19.833309173583984 9.2312837690114975 8.6267350763082504 63.600043803453445 3.5643953382968894 4.4405593723058692 4.9656154662370664 4.413981169462204 5.6383333057165137 8.5765445679426175 91.264144092798233 7.0553430020809165 9.7602677792310697 37.129156157374382
leaf_count=510 267 342 273 270 306 283 574 72 208 23 46 36 39 41 109 24 103 56 41 504 26 20 30 21 23 54 374 30 41 160
internal_value=-0.000732942 -0.0350314 0.0371979 -0.0556321 0.0460374 -0.00760741 -0.0416543 0.0258217 0.00660634 0.0194254 0.0597673 0.112725 0.017112 -0.0157289 -0.030671 -0.00143441 0.00634131 -0.0194238 -0.0569173 -0.0782728 -0.0639186 0.0118327 -0.010806 -0.0602069 0.0565297 -0.0188093 0.0542481 0.0421385 0.0480212 0.0419465
internal_weight=874.832 459.414 415.418 262.343 322.913 197.071 162.203 110.332 121.928 84.1407 20.807 11.7483 94.4475 28.2434 75.1426 30.2269 92.5055 37.6913 17.858 100.14 67.1644 21.2966 16.8561 9.3796 212.581 25.4558 206.942 115.678 108.623 98.8626
internal_count=4906 3009 1897 1884 1430 1125 1084 529 655 447 105 59 457 151 470 187 467 200 97 800 530 110 90 51 901 163 878 504 474 433
is_linear=0
shrinkage=0.1


Tree=8
num_leaves=31
num_cat=0
split_feature=9 1 0 10 81 0 0 13 25 7 6 140 98 73 0 7 22 8 16 26 7 12 61 0 0 73 1 13 5 45
split_gain=93.147 23.1258 9.35133 7.5242 6.17678 6.29432 5.64886 7.36025 9.14273 5.47479 5.33073 5.15452 5.13185 4.36891 4.35162 5.28166 4.34513 7.61252 8.7547 8.29039 5.05667 4.2179 4.19144 6.69475 6.43242 5.71911 4.10383 3.94912 3.93243 4.90723
threshold=1.0000000180025095e-35 0.099551297724246993 11.108829498291017 1.0000000180025095e-35 1.0000000180025095e-35 16.495551109313968 10.186173915863039 1.0000000180025095e-35 1.0000000180025095e-35 1.0000000180025095e-35 1.0000000180025095e-35 1.0000000180025095e-35 1.0000000180025095e-35 1.0000000180025095e-35 11.880903720855715 1.0000000180025095e-35 1.0000000180025095e-35 1.0000000180025095e-35 1.0000000180025095e-35 1.0000000180025095e-35 1.0000000180025095e-35 1.0000000180025095e-35 1.0000000180025095e-35 5.405886411666871 9.5838465690612811 1.0000000180025095e-35 -0.53988897800445546 1.0000000180025095e-35 1.0000000180025095e-35 1.0000000180025095e-35
decision_type=2 2 2 2 2 2 2 2 2 2 2 2 2 2 2 2 2 2 2 2 2 2 2 2 2 2 2 2 2 2
left_child=1 9 12 4 5 13 -5 14 -9 -1 -10 28 16 -3 -8 -16 20 18 19 -18 22 -15 25 26 -25 -2 -24 -14 29 -4
right_child=2 3 11 6 -6 -7 7 8 10 -11 -12 -13 27 21 15 -17 17 -19 -20 -21 -22 -23 23 24 -26 -27 -28 -29 -30 -31
leaf_value=-0.044469734688945779 0.02123453908972724 -0.047711894281492626 0.038824039653724975 0.11875410086089172 -0.058327906404841048 0.037617555358248955 -0.073482402668750876 0.18341116043201677 0.047821922111607094 -0.07824508360199478 -0.028407162340379107 0.10801013920760774 0.032121373428300536 0.034633370923890572 0.017812769665348147 -0.050501779449414787 -0.064586993149665622 -0.013576827216425297 0.16986576702791034 0.11549801123481898 -0.01332257373267169 -0.040520878063876803 0.051172802534776067 0.10272002921776534 -0.00041488731815090928 -0.046638712398456711 -0.080133038213276941 0.11535530523779719 0.025417238029023206 0.082936902453869615
leaf_weight=126.75936055183411 68.361273586750031 40.980774484574795 59.974208503961563 4.4038789942860594 43.810538031160831 19.571165144443512 11.879872359335421 3.7702303752303115 25.590039774775505 77.23266963660717 14.300124563276766 14.329506203532217 14.883766442537308 17.352882958948612 32.308802947402 17.418977051973343 4.8678042590618151 11.261960014700891 7.9397175014019004 5.3835320919752121 63.035405352711678 13.109234862029554 4.1939886957406998 20.666645497083667 8.5488157719373685 15.169329658150671 5.503915920853613 9.2386267334222794 61.334180265665054 43.514544919133186
leaf_count=894 316 261 256 26 284 97 79 21 140 658 81 60 68 110 161 112 23 54 35 26 325 85 21 88 36 71 30 42 261 185
internal_value=-0.000740134 -0.0323972 0.0332092 -0.0116556 -0.0274775 -0.0126273 0.00779487 0.0031529 0.0345632 -0.0572573 0.0204947 0.0504826 0.0202641 -0.0263914 -0.0191071 -0.0061169 0.0153557 0.0510364 0.091038 0.0299854 0.00968977 0.00229108 0.0215368 0.0486441 0.0725414 0.00890862 -0.0233481 0.0639991 0.0454812 0.0573724
internal_weight=866.696 448.489 418.207 244.497 134.825 91.0141 109.672 105.268 43.6604 203.992 39.8902 179.152 239.055 71.4429 61.6077 49.7278 214.932 29.453 18.1911 10.2513 185.479 30.4621 122.444 38.9134 29.2155 83.5306 9.6979 24.1224 164.823 103.489
internal_count=4906 3009 1897 1457 837 553 620 594 242 1552 221 762 1135 456 352 273 1025 138 84 49 887 195 562 175 124 387 51 110 702 441
is_linear=0
shrinkage=0.1


Tree=9
num_leaves=31
num_cat=0
split_feature=9 0 7 0 0 88 17 53 10 71 22 132 16 0 7 83 15 5 0 105 6 67 0 15 14 21 70 55 13 51
split_gain=76.2688 21.1956 9.23649 7.58278 5.36086 4.81388 4.57982 5.21041 7.52101 4.53049 4.48541 6.5962 7.02561 4.63282 4.18672 4.01893 5.0445 4.66094 3.88269 3.78732 3.76413 3.58433 5.53996 4.56208 4.14767 3.44732 3.44533 3.5566 5.67863 3.69159
threshold=1.0000000180025095e-35 7.2840518951416025 1.0000000180025095e-35 8.4750170707702654 14.405201911926271 1.0000000180025095e-35 1.0000000180025095e-35 1.0000000180025095e-35 1.0000000180025095e-35 1.0000000180025095e-35 1.0000000180025095e-35 1.0000000180025095e-35 1.0000000180025095e-35 5.4524297714233407 1.0000000180025095e-35 1.0000000180025095e-35 1.0000000180025095e-35 1.0000000180025095e-35 16.880219459533695 1.0000000180025095e-35 1.0000000180025095e-35 1.0000000180025095e-35 11.880903720855715 1.0000000180025095e-35 1.0000000180025095e-35 1.0000000180025095e-35 1.0000000180025095e-35 1.0000000180025095e-35 1.0000000180025095e-35 1.0000000180025095e-35
decision_type=2 2 2 2 2 2 2 2 2 2 2 2 2 2 2 2 2 2 2 2 2 2 2 2 2 2 2 2 2 2
left_child=1 20 6 5 -4 10 -3 8 21 -9 19 12 -12 -13 -5 16 -10 -18 -11 -2 -1 22 23 -8 -25 -16 -6 28 -28 -29
right_child=3 2 4 14 26 -7 7 9 15 18 11 13 -14 -15 25 -17 17 -19 -20 -21 -22 -23 -24 24 -26 -27 27 29 -30 -31
leaf_value=-0.047703443531300391 0.013604561097958054 0.071840516704011856 -0.054982734744706746 0.050323784957778353 -0.073726350095175822 -0.08574873511417451 -0.025615716381935213 0.088921980702828876 0.051418486998353712 -0.0056202899280051559 -0.036860906983036582 0.19409856550548407 0.1035710680803264 0.050452518357245839 0.015505976090791317 -0.052217987773491625 0.01829124569809415 -0.086105037360795875 0.054607692459009538 -0.055656923567371931 -0.081286415267916731 -0.066496441886833776 -0.065877999752459213 0.15939896985928839 0.0025744682102761085 0.074163265990454461 -0.0022693522224379605 0.064056187221751146 0.15741395867612529 -0.034330292867369126
leaf_weight=73.441001638770103 133.765276491642 8.0723972767591459 70.119997791945934 161.81262263655663 7.0999215245246878 4.7557932287454596 8.3588104993104952 7.6085718423128119 24.507083490490913 50.000639706850052 9.4772309958934766 4.6022492796182632 5.7081684172153482 4.3839100748300552 76.315305933356285 8.9344042390584928 12.591319486498834 6.4763330668210974 13.619272097945212 8.3901129961013776 61.177816525101662 31.096796214580536 12.658783122897146 3.5480315238237372 3.2142864316701889 11.533509477972983 6.3174262493848783 4.6419091373682049 3.4395261406898499 21.373620942234993
leaf_count=597 651 42 559 664 43 23 58 38 138 275 47 21 25 20 358 51 70 36 66 39 495 204 75 24 22 49 38 28 19 131
internal_value=-0.00074267 -0.0299365 -0.015295 0.0296691 -0.0379509 0.0134518 -0.00187014 -0.00512849 -0.0186362 0.0159946 0.0162883 0.0561127 0.0159273 0.124021 0.0407821 0.00887934 0.0214065 -0.017167 0.00727286 0.0095167 -0.0629653 -0.0431758 -0.0170708 0.0237886 0.0848567 0.023207 -0.0100946 0.00253472 0.0540223 -0.0167754
internal_weight=859.042 438.298 303.679 420.744 112.992 171.083 190.687 182.614 111.386 71.2285 166.327 24.1716 15.1854 8.98616 249.661 52.5091 43.5747 19.0677 63.6199 142.155 134.619 58.8767 27.7799 15.1211 6.76232 87.8488 42.8724 35.7725 9.75695 26.0155
internal_count=4906 3009 1917 1897 818 826 1099 1057 678 379 803 113 72 41 1071 295 244 106 341 690 1092 383 179 104 46 407 259 216 57 159
is_linear=0
shrinkage=0.1


Tree=10
num_leaves=31
num_cat=0
split_feature=9 0 7 1 0 7 0 5 8 81 61 12 0 132 22 95 140 13 53 6 78 0 177 67 55 10 68 0 14 44
split_gain=62.5307 18.575 7.77976 6.78103 4.67724 4.09247 4.03307 3.95144 5.00912 5.04855 7.21326 4.02194 3.6779 4.46812 8.24231 3.65107 3.84211 6.4213 4.06417 3.52708 3.32944 3.28566 3.16372 3.12898 4.4893 4.11907 4.66597 4.32396 3.01463 2.97924
threshold=1.0000000180025095e-35 7.2840518951416025 1.0000000180025095e-35 -0.40056277811527247 14.47091054916382 1.0000000180025095e-35 17.746748924255375 1.0000000180025095e-35 1.0000000180025095e-35 1.0000000180025095e-35 1.0000000180025095e-35 1.0000000180025095e-35 5.1663243770599374 1.0000000180025095e-35 1.0000000180025095e-35 1.0000000180025095e-35 1.0000000180025095e-35 1.0000000180025095e-35 1.0000000180025095e-35 1.0000000180025095e-35 1.0000000180025095e-35 7.5879535675048837 1.0000000180025095e-35 1.0000000180025095e-35 1.0000000180025095e-35 1.0000000180025095e-35 1.0000000180025095e-35 15.585215568542482 1.0000000180025095e-35 1.0000000180025095e-35
decision_type=2 2 2 2 2 2 2 2 2 2 2 2 2 2 2 2 2 2 2 2 2 2 2 2 2 2 2 2 2 2
left_child=1 19 6 12 -4 22 15 -7 9 10 11 -9 13 20 -15 16 21 18 -18 -1 -2 -3 29 24 -6 26 -25 -27 -26 -5
right_child=3 2 4 5 23 7 -8 8 -10 -11 -12 -13 -14 14 -16 -17 17 -19 -20 -21 -22 -23 -24 25 28 27 -28 -29 -30 -31
leaf_value=-0.044503148550821305 0.0044092234932707518 0.09631452768482196 -0.051228373509531813 0.091839972994301744 0.036916001746422247 0.031506001891346863 0.071281637078369361 0.041843162763047045 -0.067238595642893417 -0.038916064347383719 -0.038807989516302245 0.161903016334073 -0.079988301127887546 0.015262235879034509 0.17629719638299921 -0.042219698902537121 -0.064717270706281568 0.13421516645527451 0.073617347902471139 -0.077789734661978277 -0.060880120143078587 -0.006420499930860764 0.11468453927981739 0.052996002304952966 -0.10189028969459091 -0.021755087682549006 -0.070250140273613634 0.12965090849143485 -0.0097051048872323787 0.036634785073103221
leaf_weight=70.982207447290421 61.204157307744026 3.1824380755424491 68.52103840559721 10.275261655449865 6.0091938078403482 73.332837834954262 7.2686077654361716 6.3324546366930026 10.418500915169714 11.166988238692285 6.2918712198734275 4.988112673163414 5.0799516886472693 14.021883174777033 4.110043376684188 22.685739740729332 4.8140257596969587 5.553143933415412 3.8003871291875839 57.716765113174915 8.9532078206539136 142.77674923837185 5.7207468301057807 5.4016356915235519 8.9920125752687436 2.9729671478271484 7.1219543665647507 5.1601428091526031 5.8587061464786538 201.05443255603313
leaf_count=597 307 21 566 42 36 343 34 30 51 54 29 22 26 70 18 134 30 31 20 495 46 829 23 31 59 20 45 26 35 836
internal_value=-0.000739716 -0.0276485 -0.0140193 0.0265424 -0.0351803 0.0332818 -0.0017693 0.0178059 -0.00782478 0.0136837 0.0470341 0.0947444 0.00275303 0.00751376 0.0517647 -0.0046738 0.000645469 0.0503644 -0.00368872 -0.059431 -0.00392275 -0.0041805 0.0413054 -0.00869377 -0.0360127 0.018894 -0.017092 0.0743061 -0.0655226 0.039319
internal_weight=851.768 428.818 300.119 422.95 110.038 329.581 190.081 112.531 39.1979 28.7794 17.6124 11.3206 93.3692 88.2893 18.1319 182.812 160.127 14.1676 8.61441 128.699 70.1574 145.959 217.05 41.5166 20.8599 20.6567 12.5236 8.13311 14.8507 211.33
internal_count=4906 3009 1917 1897 818 1430 1099 529 186 135 81 52 467 441 88 1065 931 81 50 1092 353 850 901 252 130 122 76 46 94 878
is_linear=0
shrinkage=0.1


Tree=11
num_leaves=31
num_cat=0
split_feature=9 1 7 0 0 10 53 5 71 140 53 98 126 13 55 0 0 98 14 5 10 12 81 53 99 64 0 1 0 6
split_gain=51.2444 16.3126 6.83584 5.7331 4.19834 4.06683 7.53051 5.9092 5.86506 3.9784 3.60999 3.55946 3.54312 3.92956 7.89327 5.88292 6.4386 6.95955 5.06021 7.62277 5.8794 4.3751 4.22165 3.73096 3.37639 4.24745 6.17573 3.6996 4.0947 3.13768
threshold=1.0000000180025095e-35 -0.22138565033674237 1.0000000180025095e-35 11.108829498291017 14.405201911926271 1.0000000180025095e-35 1.0000000180025095e-35 1.0000000180025095e-35 1.0000000180025095e-35 1.0000000180025095e-35 1.0000000180025095e-35 1.0000000180025095e-35 1.0000000180025095e-35 1.0000000180025095e-35 1.0000000180025095e-35 11.741273403167726 14.054756641387941 1.0000000180025095e-35 1.0000000180025095e-35 1.0000000180025095e-35 1.0000000180025095e-35 1.0000000180025095e-35 1.0000000180025095e-35 1.0000000180025095e-35 1.0000000180025095e-35 1.0000000180025095e-35 16.880219459533695 -0.15446041524410245 9.7960300445556658 1.0000000180025095e-35
decision_type=2 2 2 2 2 2 2 2 2 2 2 2 2 2 2 2 2 2 2 2 2 2 2 2 2 2 2 2 2 2
left_child=1 -1 5 11 -4 6 -3 24 -8 12 -11 -2 13 15 23 22 17 -17 19 20 29 -20 -5 -15 25 26 27 -7 -29 -16
right_child=3 2 4 9 -6 7 8 -9 -10 10 -12 -13 -14 14 18 16 -18 -19 21 -21 -22 -23 -24 -25 -26 -27 -28 28 -30 -31
leaf_value=-0.057155882602809086 0.0096145885849179963 -0.037678758559684805 -0.048774162912757109 0.032801512686142682 -0.0085068070493779981 0.1416089827740748 0.12135851762574237 -0.017942059834447747 0.003871799582182988 0.033122922538317216 0.13311785461096753 0.049576242192791192 0.11490879528011877 0.060528187456864696 0.0064947759225010872 -0.0053017952912633769 0.030668559375231965 -0.12844310486190677 -0.057981619023667164 -0.014386445288993618 0.16088873882645577 0.053055558278888575 0.15088810221670543 0.15908886039508116 -0.01433465085213388 -0.040434949872677622 0.16068690206557676 -0.033523092386956416 0.051461296882547275 0.10555262871286344
leaf_weight=117.23661097884178 217.55996643006802 61.519735649228096 67.065229773521423 7.2047296613454801 42.175304114818573 3.3632834702730134 4.8595492690801612 37.09474541246891 33.82436566054821 6.6567144542932493 7.8891148567199707 24.833594411611557 5.099770411849021 7.3372808843851063 7.4974405467510241 29.042417347431183 53.39163638651371 5.4510157853364936 9.7438430190086347 11.029934182763101 7.2770383059978476 5.5810965299606314 5.2216459661722183 8.0594857633113861 11.71654139459133 5.0459652990102759 5.0152797400951377 7.4408987611532273 23.815021261572838 5.5756633281707764
leaf_count=1042 1025 412 579 30 259 21 25 198 194 28 32 110 21 30 31 124 222 24 42 46 30 24 22 33 65 25 22 44 123 23
internal_value=-0.00072607 -0.0254827 -0.0132252 0.023781 -0.0332278 -0.00194403 -0.0159403 0.0130571 0.0186307 0.0371911 0.0873564 0.0137087 0.0328351 0.030258 0.050027 0.0180192 0.00891303 -0.0247619 0.0295573 0.0525598 0.0888453 -0.0175437 0.0824223 0.11212 0.0334466 0.0459762 0.0569774 0.041953 0.0312296 0.0487428
internal_weight=844.625 420.173 302.936 424.452 109.241 193.695 100.204 93.4917 38.6839 182.059 14.5458 242.394 167.513 162.413 62.1018 100.311 87.8851 34.4934 46.705 31.3801 20.3501 15.3249 12.4264 15.3968 56.397 44.6804 39.6345 34.6192 31.2559 13.0731
internal_count=4906 3009 1967 1897 838 1129 631 498 219 762 60 1135 702 681 259 422 370 148 196 130 84 66 52 63 300 235 210 188 167 54
is_linear=0
shrinkage=0.1


Tree=12
num_leaves=31
num_cat=0
split_feature=9 0 7 1 83 8 53 26 82 13 13 71 81 0 0 12 84 73 31 67 65 58 93 73 8 26 99 0 1 0
split_gain=41.994 14.2656 5.52735 4.81535 3.79943 7.7413 6.72087 5.56046 5.28867 5.34886 4.99347 4.66343 6.36685 6.8778 4.89539 4.7945 4.35028 6.52172 4.63893 6.60858 4.11891 7.26267 4.97713 5.14941 4.94404 4.39346 4.24929 5.61688 4.10228 3.96251
threshold=1.0000000180025095e-35 7.2840518951416025 1.0000000180025095e-35 -0.40056277811527247 1.0000000180025095e-35 1.0000000180025095e-35 1.0000000180025095e-35 1.0000000180025095e-35 1.0000000180025095e-35 1.0000000180025095e-35 1.0000000180025095e-35 1.0000000180025095e-35 1.0000000180025095e-35 16.495551109313968 14.405201911926271 1.0000000180025095e-35 1.0000000180025095e-35 1.0000000180025095e-35 1.0000000180025095e-35 1.0000000180025095e-35 1.0000000180025095e-35 1.0000000180025095e-35 1.0000000180025095e-35 1.0000000180025095e-35 1.0000000180025095e-35 1.0000000180025095e-35 1.0000000180025095e-35 13.726214885711672 -0.081146854907274232 7.5879535675048837
decision_type=2 2 2 2 2 2 2 2 2 2 2 2 2 2 2 2 2 2 2 2 2 2 2 2 2 2 2 2 2 2
left_child=1 -1 -3 -2 8 6 7 -6 11 -10 -9 14 13 20 16 -16 18 -18 19 -5 21 24 23 25 -13 -23 27 -25 29 -21
right_child=3 2 -4 4 5 -7 -8 10 9 -11 -12 12 -14 -15 15 -17 17 -19 -20 28 -22 22 -24 26 -26 -27 -28 -29 -30 -31
leaf_value=-0.052774308467271561 0.0013039794592204618 -0.0014369377007641354 -0.030079798524521084 0.068674359396979204 0.071510877419986782 -0.047454329516778603 0.10521993910379007 0.015211620525139392 0.039070951971295037 0.11502651124239474 -0.093764750772965186 0.16713483525704184 -0.024696121051944499 0.10304074451320849 -0.10697451391154694 0.026303520555619953 0.12142209795314413 -0.024394026795209172 -0.012279841259118645 0.007321523680837507 -0.021364652494917067 -0.084858858472202009 0.11214094330477782 -0.010360168099866639 0.04450181286304522 0.023985431537248969 -0.012183223750881223 0.11594868860132919 -0.018559343220359081 0.12576624422016167
leaf_weight=118.33831636607647 93.722808465361595 188.96315589547157 104.70377146452665 26.048526450991631 8.5725123882293719 19.601151019334793 9.0515481978654844 10.978183925151827 27.531504467129707 13.978699788451193 6.8148846775293341 7.2934279888868314 12.540919125080107 20.011754333972931 6.3309321701526624 4.7051434963941574 9.1227764487266523 4.620909944176673 44.186073899269104 7.5128767937421745 10.449042454361914 7.5868693292140943 6.0753563642501822 5.2763839215040216 5.9854546338319778 7.2544870376586914 8.9761078804731369 10.580694198608397 26.464139148592952 4.5260739475488663
leaf_count=1092 467 1099 818 114 36 88 38 47 119 60 30 30 53 82 27 19 39 21 197 35 43 32 25 22 25 30 38 44 116 20
internal_value=-0.000701341 -0.0234614 -0.0116492 0.0213214 0.026971 0.00296759 0.0308729 0.00534894 0.0317376 0.0646492 -0.0265272 0.0259376 0.0420335 0.0513849 0.0136375 -0.0501525 0.0193852 0.0723957 0.0126851 0.0297737 0.0365065 0.0467506 0.0278532 0.0149462 0.111858 -0.0316555 0.0427974 0.0739199 0.00345624 0.0518511
internal_weight=837.804 412.005 293.667 425.799 332.076 55.0183 35.4171 26.3656 277.058 41.5102 17.7931 235.548 102.03 89.4896 133.517 11.0361 122.481 13.7437 108.738 64.5516 69.4778 59.0288 45.7499 39.6745 13.2789 14.8414 24.8332 15.8571 38.5031 12.039
internal_count=4906 3009 1917 1897 1430 239 151 113 1191 179 77 1012 424 371 588 46 542 60 482 285 289 246 191 166 55 62 104 66 171 55
is_linear=0
shrinkage=0.1


Tree=13
num_leaves=31
num_cat=0
split_feature=9 0 7 0 13 10 65 15 1 0 138 7 11 7 86 1 133 54 108 99 10 99 0 55 73 67 55 6 26 15
split_gain=34.3205 12.7741 7.27423 6.93417 7.11801 6.06373 5.46992 6.44046 5.92135 4.98204 4.93849 4.86938 4.61977 4.39639 7.74235 5.4611 3.70914 3.74405 3.61049 3.59587 3.38105 4.96485 6.16825 4.10404 5.6881 3.3618 4.9307 3.48663 3.26725 5.06178
threshold=1.0000000180025095e-35 12.643394947052004 1.0000000180025095e-35 12.803559303283693 1.0000000180025095e-35 1.0000000180025095e-35 1.0000000180025095e-35 1.0000000180025095e-35 0.94737243652343761 5.07460641860962 1.0000000180025095e-35 1.0000000180025095e-35 1.0000000180025095e-35 1.0000000180025095e-35 1.0000000180025095e-35 0.57563310861587536 1.0000000180025095e-35 1.0000000180025095e-35 1.0000000180025095e-35 1.0000000180025095e-35 1.0000000180025095e-35 1.0000000180025095e-35 14.800821304321291 1.0000000180025095e-35 1.0000000180025095e-35 1.0000000180025095e-35 1.0000000180025095e-35 1.0000000180025095e-35 1.0000000180025095e-35 1.0000000180025095e-35
decision_type=2 2 2 2 2 2 2 2 2 2 2 2 2 2 2 2 2 2 2 2 2 2 2 2 2 2 2 2 2 2
left_child=1 2 5 -3 6 25 8 -8 12 -4 -11 -2 -5 14 15 -14 19 -18 20 -7 21 22 -6 -24 -25 26 -1 28 29 -28
right_child=11 3 9 4 18 16 7 -9 -10 10 -12 -13 13 -15 -16 -17 17 -19 -20 -21 -22 -23 23 24 -26 -27 27 -29 -30 -31
leaf_value=-0.076905042451409111 0.026948700491464368 0.10668017223603143 -0.098453632071787894 -0.066370447696343385 -0.073624465905465813 0.018087986408094437 -0.020499933152443004 0.11540915378796866 0.043506358125659859 -0.051238146442644066 0.078416757486318864 0.0045267022492081832 0.14752527177064423 -0.065684066101959537 -0.10671002951068989 0.01185756171464113 -0.082805432410945443 0.042116493590607589 -0.058126502920121448 -0.046963241589528366 0.053291651948660805 0.0881134623282539 0.085361349477520387 -0.090162992852010279 0.060509755677424684 -0.059092637880632438 0.0093342221605172311 -0.032703493564126954 -0.018291747401850775 0.17682366916976047
leaf_weight=10.002175107598303 277.82269041240215 5.8715492337942115 24.001179188489914 37.182621203362942 10.185207284986975 51.522140182554722 8.6198064386844617 5.8551892787218085 9.060850724577902 56.786561958491802 3.0980284139513961 148.69382898509502 3.8997872620821061 10.896452948451044 4.2876470386981955 12.405556842684744 9.6425377801060659 3.1938598603010169 5.3102646619081488 10.175820350646971 28.151963017880917 6.0328559875488272 6.7431612759828576 5.0588712468743324 4.9641016200184822 48.42261678725481 3.9038797691464424 11.529659405350685 5.001587450504303 3.3551299273967743
leaf_count=83 1191 34 270 233 69 342 48 31 45 566 27 706 21 79 25 64 90 29 30 64 146 38 36 30 28 400 30 88 39 24
internal_value=-0.000667237 -0.0215099 -0.0361921 -3.58445e-05 -0.00398524 -0.023473 -0.0219659 0.0344758 -0.0324761 -0.059959 -0.0445307 0.0191319 -0.0425015 -0.0143172 0.0128627 0.0443055 -0.00281613 -0.0517233 0.0209665 0.00735911 0.0278365 0.00611063 -0.0122451 0.0250421 -0.0155389 -0.0422001 -0.017994 0.00677412 0.0438982 0.0867482
internal_weight=831.678 405.161 240.635 164.526 158.654 156.749 92.2079 14.475 77.7329 83.8858 59.8846 426.517 68.6721 31.4894 20.593 16.3053 74.5344 12.8364 66.4464 61.698 61.1362 32.9842 26.9513 16.7661 10.023 82.215 33.7924 23.7903 12.2606 7.25901
internal_count=4906 3009 2052 957 923 1189 546 79 467 863 593 1897 422 189 110 85 525 119 377 406 347 201 163 94 58 664 264 181 93 54
is_linear=0
shrinkage=0.1


Tree=14
num_leaves=31
num_cat=0
split_feature=9 1 262 10 0 53 1 11 50 81 55 139 0 0 15 54 0 0 13 25 6 0 168 71 65 7 86 16 82 10
split_gain=28.2289 11.0534 5.32529 4.88185 5.62224 5.0041 5.10998 4.09684 4.39434 5.141 7.48017 4.76915 6.25988 4.04981 4.00246 3.71368 3.67657 3.88138 4.33892 6.44728 4.18402 3.68679 3.31527 3.29291 3.52407 3.55197 4.60935 3.45791 3.40665 3.20201
threshold=1.0000000180025095e-35 -0.22138565033674237 1.0000000180025095e-35 1.0000000180025095e-35 7.5277206897735605 1.0000000180025095e-35 0.94737243652343761 1.0000000180025095e-35 1.0000000180025095e-35 1.0000000180025095e-35 1.0000000180025095e-35 1.0000000180025095e-35 12.462697029113771 11.108829498291017 1.0000000180025095e-35 1.0000000180025095e-35 9.7960300445556658 10.186173915863039 1.0000000180025095e-35 1.0000000180025095e-35 1.0000000180025095e-35 11.880903720855715 1.0000000180025095e-35 1.0000000180025095e-35 1.0000000180025095e-35 1.0000000180025095e-35 1.0000000180025095e-35 1.0000000180025095e-35 1.0000000180025095e-35 1.0000000180025095e-35
decision_type=2 2 2 2 2 2 2 2 2 2 2 2 2 2 2 2 2 2 2 2 2 2 2 2 2 2 2 2 2 2
left_child=1 -1 3 5 -5 6 7 8 9 10 -3 12 14 29 -12 -11 -6 -18 21 -20 -21 -19 -15 -7 25 28 -27 -28 -25 -2
right_child=13 2 -4 4 16 23 -8 -9 -10 15 11 -13 -14 22 -16 -17 17 18 19 20 -22 -23 -24 24 -26 26 27 -29 -30 -31
leaf_value=-0.047834913823653374 -0.00043712537616794517 -0.073592625320170107 -0.1237667554797594 0.11405708775381201 -0.035375133563645737 0.064916798015312124 0.093012945632936564 -0.063661426508759902 -0.058036334563537809 0.027019612850250896 -0.012369090781704298 -0.041672494900830248 0.21967096887149254 0.025885449640217707 0.14826064346820975 -0.082411829432220307 0.09290713498364904 -0.065841903272856037 0.14873218592426496 0.040348073252977727 -0.027504770208790837 -0.00085974562009499985 0.099627281807281906 0.019755493504406113 0.060845859185503517 -0.076433196723183966 -0.045028476722079741 0.11539423141024992 -0.077821370599027773 0.022949261281287447
leaf_weight=104.13870625197887 148.76848377287388 4.2937073782086381 4.0519926249980918 4.6205101162195197 22.070243366062641 7.1765307188034049 3.0004038363695136 39.512625083327293 19.050851002335548 4.860388584434987 3.8260682895779592 2.5784411802887925 3.4522289335727692 176.27114580571651 2.6090200245380402 8.5676266252994537 5.2963991090655318 10.706412076950071 4.0673827007412902 25.936255909502506 13.989563077688215 47.318041726946831 6.3150693327188483 25.453732326626781 6.7529604509472838 15.106909632682802 2.8238203674554816 2.5633235573768616 4.1631486415863028 96.536837354302406
leaf_count=1042 704 34 29 33 167 40 15 313 146 42 32 21 22 735 20 71 32 79 21 138 81 270 27 145 40 106 24 20 26 431
internal_value=-0.000670668 -0.0198406 -0.00991958 -0.00832775 0.00566677 -0.0203652 -0.0353383 -0.0396774 -0.0204308 0.00330141 0.0402405 0.0794492 0.111036 0.0171596 0.0527561 -0.0428022 0.00179599 0.00944061 0.00510732 0.0287919 0.0165732 -0.01285 0.0284359 0.00108693 -0.00696875 -0.0161075 -0.0481129 0.0313042 0.00603943 0.00876629
internal_weight=825.879 397.987 293.849 289.797 134.005 155.792 91.7514 88.751 49.2383 30.1875 16.7595 12.4658 9.88732 427.892 6.43509 13.428 129.384 107.314 102.018 43.9932 39.9258 58.0245 182.586 64.0404 56.8639 50.1109 20.4941 5.38714 29.6169 245.305
internal_count=4906 3009 1967 1938 821 1117 716 701 388 242 129 95 74 1897 52 113 788 621 589 240 219 349 762 401 361 321 150 44 171 1135
is_linear=0
shrinkage=0.1


Tree=15
num_leaves=31
num_cat=0
split_feature=9 1 262 83 154 7 7 0 7 0 138 17 108 0 10 0 67 26 15 0 1 54 5 129 1 6 13 14 220 0
split_gain=23.1994 9.61351 4.71465 4.25475 4.8982 3.95659 3.93295 3.56763 3.45456 3.62908 3.8096 3.4066 3.56457 3.24675 3.16981 3.1078 3.66628 5.02162 4.20598 10.2964 8.14175 3.28052 2.96858 3.10993 3.6791 4.36484 4.70715 3.66349 2.95945 3.50067
threshold=1.0000000180025095e-35 -0.18701041489839551 1.0000000180025095e-35 1.0000000180025095e-35 1.0000000180025095e-35 1.0000000180025095e-35 1.0000000180025095e-35 7.5879535675048837 1.0000000180025095e-35 5.07460641860962 1.0000000180025095e-35 1.0000000180025095e-35 1.0000000180025095e-35 17.229294776916507 1.0000000180025095e-35 2.5407255887985234 1.0000000180025095e-35 1.0000000180025095e-35 1.0000000180025095e-35 4.7556469440460214 -0.5642254352569579 1.0000000180025095e-35 1.0000000180025095e-35 1.0000000180025095e-35 -0.22746976464986798 1.0000000180025095e-35 1.0000000180025095e-35 1.0000000180025095e-35 1.0000000180025095e-35 17.698836326599125
decision_type=2 2 2 2 2 2 2 2 2 2 2 2 2 2 2 2 2 2 2 2 2 2 2 2 2 2 2 2 2 2
left_child=1 8 3 4 5 7 -2 -3 14 -10 -11 -7 13 -13 -1 -16 -17 21 19 -19 -20 -18 23 24 -8 27 -27 -26 29 -9
right_child=6 2 -4 -5 -6 11 22 28 9 10 -12 12 -14 -15 15 16 17 18 20 -21 -22 -23 -24 -25 25 26 -28 -29 -30 -31
leaf_value=-0.050625503027202416 0.022412355893042045 0.1171387722002568 -0.12136979864070463 -0.036623317968439505 0.12272557567976844 -0.12065806263150006 0.09178877516501685 0.0024653407892035566 -0.095380358546242314 -0.053528265710778733 0.078945653077516026 -0.017050066280798051 -0.081437581509648416 0.056675594826140555 -0.11224585734744424 -0.047348757984841124 -0.11412473060975348 0.0050838861880029146 0.14900817215408099 0.24065133435260966 -0.089640165235728042 0.034280328485341412 -0.016745900758045554 -0.020591189860767037 0.017212025433887161 0.014714973226903239 0.10621930254492387 -0.043643882972548204 -0.087131964270855164 0.076134666415221874
leaf_weight=36.770949997007847 279.29569815099239 2.8231622353196135 3.6626725047826758 41.768998295068741 3.1062108501791945 3.3210102766752234 6.9301929473876944 141.05492308735847 21.303335577249527 13.983908116817476 2.5697011947631827 64.054392635822296 7.7935159653425208 6.5875819921493521 2.6168942078948012 10.170113049447538 3.4051858857274064 4.149047315120697 2.2709638029336929 3.3565597012639046 3.8583696559071541 2.6476766318082809 52.828098028898239 21.724768936634064 29.474777594208717 14.618082031607628 9.1348565965890884 14.88910913467407 3.5054225474596015 6.7593625783920279
leaf_count=359 1191 17 28 296 19 25 33 833 270 160 22 545 65 34 27 88 32 36 20 29 34 22 254 111 126 67 40 75 18 30
internal_value=-0.00066277 -0.0182624 -0.00864717 -0.00717671 -0.00203058 -0.00367331 0.015404 0.00575854 -0.043798 -0.0680876 -0.0329637 -0.021456 -0.0172557 -0.0101749 -0.0305188 -0.00775214 0.0014062 0.0265915 0.0602409 0.110431 -0.00121917 -0.0492086 0.00231969 0.0127277 0.0223729 0.0153105 0.0499055 -0.00321203 0.00368052 0.00583415
internal_weight=820.436 391.54 284.437 280.775 239.006 235.899 428.896 154.143 107.103 37.8569 16.5536 81.7565 78.4355 70.642 69.2458 32.4748 29.8579 19.6878 13.6349 7.50561 6.12933 6.05286 149.6 96.7718 75.047 68.1168 23.7529 44.3639 151.32 147.814
internal_count=4906 3009 1910 1882 1586 1567 1897 898 1099 452 182 669 644 579 647 288 261 173 119 65 54 54 706 452 341 308 107 201 881 863
is_linear=0
shrinkage=0.1


Tree=16
num_leaves=31
num_cat=0
split_feature=9 1 262 0 1 0 27 64 0 0 99 1 10 7 16 14 6 40 67 55 14 74 81 74 7 70 94 77 0 8
split_gain=19.0459 8.34574 4.2211 3.59806 5.18614 4.17842 3.91973 4.21872 6.08525 10.1825 4.46098 4.36982 8.30585 3.85385 3.78886 5.87052 4.74232 4.72877 3.63405 5.53926 5.52236 8.18796 7.86014 5.62847 5.62302 5.09261 5.02298 4.41652 3.62694 3.422
threshold=1.0000000180025095e-35 -0.18701041489839551 1.0000000180025095e-35 14.205338954925539 0.61715719103813182 14.054756641387941 1.0000000180025095e-35 1.0000000180025095e-35 14.97056818008423 15.181382656097414 1.0000000180025095e-35 0.74826982617378246 1.0000000180025095e-35 1.0000000180025095e-35 1.0000000180025095e-35 1.0000000180025095e-35 1.0000000180025095e-35 1.0000000180025095e-35 1.0000000180025095e-35 1.0000000180025095e-35 1.0000000180025095e-35 1.0000000180025095e-35 1.0000000180025095e-35 1.0000000180025095e-35 1.0000000180025095e-35 1.0000000180025095e-35 1.0000000180025095e-35 1.0000000180025095e-35 17.370294570922855 1.0000000180025095e-35
decision_type=2 2 2 2 2 2 2 2 2 2 2 2 2 2 2 2 2 2 2 2 2 2 2 2 2 2 2 2 2 2
left_child=1 -1 3 5 13 18 -6 8 -8 -10 -9 12 -11 -5 16 -16 17 28 19 -3 23 22 -22 25 -25 -21 27 29 -13 -20
right_child=-2 2 -4 4 6 -7 7 10 9 11 -12 14 -14 -15 15 -17 -18 -19 26 20 21 -23 -24 24 -26 -27 -28 -29 -30 -31
leaf_value=-0.041073964422650294 0.013834085805034986 -0.053869654544555848 -0.11902110363334083 0.14242400838552266 -0.070839141009990572 -0.10441915243857564 -0.071547482703938431 -0.063070651166011113 0.17538355740097822 -0.10840550706653029 0.045771049384524032 0.025707951911477817 0.046782162127304579 0.013300702722446701 -0.053937920140684104 0.058091461183730833 0.09807804462267293 0.065865860656555267 -0.039455949661863297 0.047666344284560597 0.13280904680299357 -0.073888076217552542 -0.061294639409555922 0.11575332171442619 -0.00035115251187538624 -0.068533689531054001 -0.10560220994464989 0.10881757532062385 -0.099916268912562889 0.0023240187592321556
leaf_weight=103.4580547362566 429.51238064467907 13.212198704481123 3.3761481791734687 4.7071158289909345 7.1016658544540396 5.1634493768215171 7.0791732892394057 14.651558838784696 4.2697243317961684 7.1876602247357351 5.0682606995105735 4.9613021239638329 6.6300925239920616 4.5416713878512383 10.907076552510262 8.1895914226770401 12.638885028660296 10.377351529896259 50.449822582304478 8.7627450525760633 5.0643507018685341 12.491701632738113 3.5476774275302887 13.108133494853975 6.1182758435606948 6.6217078790068618 7.2998396083712569 2.6134930551052085 4.2816123366355896 32.06317500770092
leaf_count=1099 1897 99 28 26 39 37 44 85 26 50 30 29 37 35 57 39 64 50 386 65 37 94 30 80 57 42 60 21 21 242
internal_value=-0.000652791 -0.0167751 -0.00787581 -0.00653138 0.00727629 -0.0158676 0.000855819 0.00614615 0.0167745 0.0257782 -0.0350969 0.015977 -0.0339427 0.0790172 0.0294084 -0.00589421 0.0503067 0.0195336 -0.0130339 0.00434451 0.0181495 -0.0221691 0.0528491 0.0427334 0.0788063 -0.00234796 -0.0259938 -0.0191672 -0.0324852 -0.023221
internal_weight=815.456 385.944 282.485 279.109 112.593 166.517 103.344 96.2423 76.5225 69.4433 19.7198 65.1736 13.8178 9.24879 51.3558 19.0967 32.2592 19.6203 161.353 68.9268 55.7146 21.1037 8.61203 34.6109 19.2264 15.3845 92.4263 85.1265 9.24291 82.513
internal_count=4906 3009 1910 1882 632 1250 571 532 417 373 115 347 87 61 260 96 164 100 1213 504 405 161 67 244 137 107 709 649 50 628
is_linear=0
shrinkage=0.1


Tree=17
num_leaves=31
num_cat=0
split_feature=9 0 1 0 7 27 64 99 16 14 11 0 0 67 22 12 10 16 87 23 6 34 10 1 11 0 12 80 50 8
split_gain=15.6689 7.33194 9.26661 4.64268 3.88282 3.65792 3.53252 7.44841 3.98694 6.3818 5.91207 3.41877 3.39881 3.56204 6.19761 3.46694 3.20973 3.91836 5.54651 3.69909 3.16514 3.64901 5.0549 4.92317 3.60207 4.0899 3.50275 3.01118 5.10371 2.84624
threshold=1.0000000180025095e-35 4.7556469440460214 -0.46003498136997217 14.205338954925539 1.0000000180025095e-35 1.0000000180025095e-35 1.0000000180025095e-35 1.0000000180025095e-35 1.0000000180025095e-35 1.0000000180025095e-35 1.0000000180025095e-35 15.979465961456301 4.4558520317077646 1.0000000180025095e-35 1.0000000180025095e-35 1.0000000180025095e-35 1.0000000180025095e-35 1.0000000180025095e-35 1.0000000180025095e-35 1.0000000180025095e-35 1.0000000180025095e-35 1.0000000180025095e-35 1.0000000180025095e-35 0.75739601254463207 1.0000000180025095e-35 17.006159782409672 1.0000000180025095e-35 1.0000000180025095e-35 1.0000000180025095e-35 1.0000000180025095e-35
decision_type=2 2 2 2 2 2 2 2 2 2 2 2 2 2 2 2 2 2 2 2 2 2 2 2 2 2 2 2 2 2
left_child=1 4 -3 16 -1 -5 8 -8 20 -10 11 -11 13 15 -15 -2 17 -4 27 -18 21 22 -7 -24 26 -26 -22 28 -19 -29
right_child=12 2 3 5 -6 6 7 -9 9 10 -12 -13 -14 14 -16 -17 19 18 -20 -21 24 -23 23 -25 25 -27 -28 29 -30 -31
leaf_value=-0.031478090669468231 -0.083547774347533743 0.17041791870620968 -0.048272359667413674 -0.065963619005310462 -0.090279221765035472 -0.055643332967057882 -0.061267955614920967 0.069940365176461017 -0.05033056239003797 0.0188966400682926 -0.052513882938865331 0.14320161687811161 0.016303023783931916 -0.0083728345644653642 0.092548361402848112 0.0059337463853640594 0.087127229602986356 -0.0051005001349847872 0.11214956945798492 -0.010954953425216863 -0.017922507300558551 0.073623136614082735 0.098007688868483794 -0.028625259101464337 0.056421518025259035 0.18527912840094385 0.086229378805076556 -0.024655148255078203 -0.079000135126303273 0.13165211830196316
leaf_weight=34.345836102962494 10.428029134869577 2.8233555555343619 63.270930074155331 6.8759851902723303 16.68549058586359 10.884313791990284 16.239064186811451 5.8979112952947608 17.332099966704845 3.963413357734682 4.4666784256696692 5.0085241943597794 361.44801945984364 44.336048722267151 7.052981659770011 7.4043453633785239 4.0098082348704329 30.132743336260319 3.4069503992795935 93.646704375743866 7.3755155652761459 7.6565909981727591 6.4676990807056427 5.8442299962043762 6.3313117548823357 4.0316472202539444 5.7436628192663193 2.2440452948212615 13.546996064484118 2.4226455017924309
leaf_count=343 52 30 577 39 237 70 99 34 102 23 23 23 1562 215 32 36 22 260 24 705 41 36 37 29 37 18 32 22 124 22
internal_value=-0.000649833 -0.0154317 -0.00997093 -0.0115294 -0.050704 0.00474218 0.00927556 -0.0263104 0.0185319 -0.0102296 0.0414895 0.0882891 0.0124154 -0.00788455 0.00547828 -0.0463933 -0.0202603 -0.0315797 -0.0111722 -0.00692767 0.03482 0.0137639 -0.00599441 0.0378975 0.0624852 0.106553 0.0276759 -0.0198626 -0.02802 0.0564895
internal_weight=811.324 380.654 329.623 326.799 51.0313 114.119 107.243 22.137 85.1057 30.7707 13.4386 8.97194 430.669 69.2214 51.389 17.8324 212.681 115.024 51.7534 97.6565 54.335 30.8528 23.1962 12.3119 23.4821 10.363 13.1192 48.3464 43.6797 4.66669
internal_count=4906 3009 2429 2399 580 643 604 133 471 171 69 46 1897 335 247 88 1756 1029 452 727 300 172 136 66 128 55 73 428 384 44
is_linear=0
shrinkage=0.1


Tree=18
num_leaves=31
num_cat=0
split_feature=9 0 1 262 0 1 7 0 7 177 10 64 16 87 1 130 55 151 13 27 0 84 0 6 0 0 16 70 11 53
split_gain=12.8709 6.33063 6.62921 4.17938 3.94566 4.00096 3.68829 3.34745 3.1273 3.28553 2.91986 3.97427 3.73932 5.0265 3.19704 4.85806 4.07497 2.86724 2.84591 3.11206 2.84784 2.7939 3.47284 6.38114 4.28289 3.08893 3.37911 3.74861 3.12437 3.42917
threshold=1.0000000180025095e-35 4.7556469440460214 -0.46003498136997217 1.0000000180025095e-35 14.205338954925539 0.61715719103813182 1.0000000180025095e-35 14.054756641387941 1.0000000180025095e-35 1.0000000180025095e-35 1.0000000180025095e-35 1.0000000180025095e-35 1.0000000180025095e-35 1.0000000180025095e-35 -0.030344513244926926 1.0000000180025095e-35 1.0000000180025095e-35 1.0000000180025095e-35 1.0000000180025095e-35 1.0000000180025095e-35 15.034907817840578 1.0000000180025095e-35 12.412046909332277 1.0000000180025095e-35 11.690622806549074 12.746064186096193 1.0000000180025095e-35 1.0000000180025095e-35 1.0000000180025095e-35 1.0000000180025095e-35
decision_type=2 2 2 2 2 2 2 2 2 2 2 2 2 2 2 2 2 2 2 2 2 2 2 2 2 2 2 2 2 2
left_child=1 6 -3 4 7 -6 -1 10 21 17 12 -12 -4 14 15 -14 -17 -10 19 -7 -20 22 23 24 -2 -24 28 -28 29 -27
right_child=8 2 3 -5 5 18 -8 -9 9 -11 11 -13 13 -15 -16 16 -18 -19 20 -21 -22 -23 25 -25 -26 26 27 -29 -30 -31
leaf_value=-0.029067506792458033 0.025912328359701604 0.13382423630132081 -0.043881086463872426 -0.11547161228187597 0.06742990949237887 -0.092115286690367837 -0.088125974742268395 -0.10032458983936682 0.0047332765784365693 -0.08803500480012541 -0.0072984539241290241 0.08894975131427442 -0.076937242903736269 0.11120913753382913 0.006226909189539471 -0.062483474183679014 0.12771243005619901 -0.070053004588395668 -0.067782486471152592 -0.0075605843671803473 0.026791657524273461 0.054059290295771924 0.10195650303849027 -0.01919319619053983 -0.058585875420259718 -0.020191796263412574 0.12486004645616187 0.03543868148423035 -0.02220229334541593 0.049248907488011341
leaf_weight=33.51959864795208 102.0334674268961 3.2114762738347045 58.579184085130692 3.7532475590705863 9.6187292784452421 4.732107698917388 15.447914421558378 4.7687779292464247 140.96885578334332 4.1672492027282706 89.805913396179676 4.5053718313574782 13.85808750241995 3.3769293352961531 27.807995356619358 2.0478616803884497 2.503688856959343 5.3199540525674811 3.4572234898805609 54.309003993868828 40.285354435443878 19.343257427215576 5.6709778606891623 62.411891385912895 6.3731617033481589 10.156560525298117 5.7047935873270026 26.302391946315765 19.035912647843361 23.719697937369347
leaf_count=343 440 30 552 36 61 29 237 37 660 19 679 26 143 22 222 23 27 27 22 310 210 80 23 278 26 41 23 107 77 96
internal_value=-0.000635212 -0.0141687 -0.00914181 -0.0105615 -0.00932967 0.00575659 -0.0476988 -0.0175116 0.0111526 -0.000480526 -0.0155612 -0.00270055 -0.0267738 -0.00656736 -0.0151728 -0.0474973 0.0421383 0.00201359 -1.49348e-05 -0.0143376 0.0193169 0.0173869 0.0146733 0.00627955 0.0209447 0.0305007 0.0257288 0.0513767 0.0102141 0.0284296
internal_weight=806.797 375.588 326.621 323.409 319.656 112.402 48.9675 207.254 431.208 150.456 202.485 94.3113 108.174 49.5946 46.2176 18.4096 4.55155 146.289 102.784 59.0411 43.7426 280.752 261.409 170.819 108.407 90.5903 84.9194 32.0072 52.9122 33.8763
internal_count=4906 3009 2429 2399 2363 632 580 1731 1897 706 1694 705 989 437 415 193 50 687 571 339 232 1191 1111 744 466 367 344 130 214 137
is_linear=0
shrinkage=0.1


Tree=19
num_leaves=31
num_cat=0
split_feature=9 1 6 262 149 0 12 8 79 6 155 0 65 0 7 21 16 78 7 17 17 0 174 1 64 14 67 5 83 11
split_gain=10.5601 5.60145 3.47425 3.39934 3.00044 2.97298 7.00069 2.90798 4.79792 4.6044 4.58154 4.5697 4.35071 3.72991 3.09998 2.88277 4.45575 3.3574 2.86456 3.37079 3.30056 3.08573 3.25749 3.08916 3.91184 3.3002 7.65067 3.71829 3.02698 2.89747
threshold=1.0000000180025095e-35 -0.22138565033674237 1.0000000180025095e-35 1.0000000180025095e-35 1.0000000180025095e-35 15.464749813079836 1.0000000180025095e-35 1.0000000180025095e-35 1.0000000180025095e-35 1.0000000180025095e-35 1.0000000180025095e-35 3.7686516046524052 1.0000000180025095e-35 3.3497605323791508 1.0000000180025095e-35 1.0000000180025095e-35 1.0000000180025095e-35 1.0000000180025095e-35 1.0000000180025095e-35 1.0000000180025095e-35 1.0000000180025095e-35 14.47091054916382 1.0000000180025095e-35 0.65001142024993908 1.0000000180025095e-35 1.0000000180025095e-35 1.0000000180025095e-35 1.0000000180025095e-35 1.0000000180025095e-35 1.0000000180025095e-35
decision_type=2 2 2 2 2 2 2 2 2 2 2 2 2 2 2 2 2 2 2 2 2 2 2 2 2 2 2 2 2 2
left_child=1 2 -1 18 5 7 -7 10 14 -10 11 13 15 -2 -9 17 -17 -13 19 -3 -20 -22 23 -23 25 26 -25 -27 -21 -30
right_child=4 3 -4 -5 -6 6 -8 8 9 -11 -12 12 -14 -15 -16 16 -18 -19 20 28 21 22 -24 24 -26 27 -28 -29 29 -31
leaf_value=-0.017332813954784983 -0.0022070904398439513 0.065543842369072111 -0.057136671885501422 -0.11457002862544396 -0.068091325738591613 0.0026601494902167015 0.069897275307528872 -0.00033981252210552525 0.080223331218331251 -0.033018592760165583 0.099618678862556764 0.017577850712170787 -0.062384397869483244 -0.082995339741717064 -0.035510692542924348 0.015666206907518448 0.1022651489040492 -0.067063166829790216 -0.1163104459547869 0.0047597923888864175 -0.030314204252922163 0.087372686264466315 0.091786556465722965 -0.09690836382254249 -0.089076313356364845 -0.012905789231859203 0.053616389390935965 0.11243862250295911 -0.0011237558338242216 -0.069039316717525209
leaf_weight=49.833838257938623 18.794756487011913 8.058185935020445 39.16061494499445 2.8586152493953696 4.8602118641138068 36.906467512249947 26.679870277643204 76.1528230458498 11.641283020377161 5.1918557733297339 6.1051554083824149 163.33181090652943 6.662476733326911 8.2116867154836637 37.352896362543106 14.191089808940887 10.220660194754601 4.8248524516820899 3.3677834942936888 151.21023552119732 55.454952269792557 3.3544031754136077 4.0480618402361861 7.3160314783453977 5.5933746621012679 4.7554929926991463 6.2708944082260132 4.711306631565094 13.537467256188393 11.720234632492065
leaf_count=568 90 41 474 29 21 153 109 328 50 23 28 715 27 40 185 61 43 24 30 906 568 24 25 51 37 27 37 26 89 77
internal_value=-0.000609746 -0.0129724 -0.0348479 -0.0060752 0.010036 0.0109268 0.0308718 0.00742994 -0.00452536 0.0452961 0.0141366 0.0118298 0.0170624 -0.0267719 -0.011914 0.0198111 0.0519233 0.0151493 -0.00496515 0.0022952 -0.0190865 -0.0155082 0.0072678 -0.00342348 -0.0140552 0.00414673 -0.0274353 0.0494739 -0.000592972 -0.0326384
internal_weight=802.379 371.251 88.9945 282.257 431.128 426.268 63.5863 362.681 130.339 16.8331 232.342 226.237 199.231 27.0064 113.506 192.568 24.4118 168.157 279.398 184.526 94.8723 91.5045 36.0496 32.0015 28.6471 23.0537 13.5869 9.4668 176.468 25.2577
internal_count=4906 3009 1042 1967 1897 1876 262 1614 586 73 1028 1000 870 130 513 843 104 739 1938 1113 825 795 227 202 178 141 88 53 1072 166
is_linear=0
shrinkage=0.1


Tree=20
num_leaves=31
num_cat=0
split_feature=9 0 1 7 262 270 154 0 0 104 7 137 8 79 95 67 54 49 12 99 0 0 10 138 5 0 19 86 139 12
split_gain=8.64918 4.92813 5.21016 3.60916 3.45673 3.51338 3.23417 2.90657 3.72202 2.88418 2.92578 4.72503 4.60662 6.3009 5.91489 5.33236 4.33006 5.9524 3.61323 4.46444 3.08876 12.2143 4.82661 3.07057 2.62466 2.60485 2.58982 2.58626 3.66641 3.71369
threshold=1.0000000180025095e-35 4.7556469440460214 -0.46003498136997217 1.0000000180025095e-35 1.0000000180025095e-35 1.0000000180025095e-35 1.0000000180025095e-35 17.498972892761234 17.860369682312015 1.0000000180025095e-35 1.0000000180025095e-35 1.0000000180025095e-35 1.0000000180025095e-35 1.0000000180025095e-35 1.0000000180025095e-35 1.0000000180025095e-35 1.0000000180025095e-35 1.0000000180025095e-35 1.0000000180025095e-35 1.0000000180025095e-35 13.813826084136965 11.880903720855715 1.0000000180025095e-35 1.0000000180025095e-35 1.0000000180025095e-35 6.1615331172943124 1.0000000180025095e-35 1.0000000180025095e-35 1.0000000180025095e-35 1.0000000180025095e-35
decision_type=2 2 2 2 2 2 2 2 2 2 2 2 2 2 2 2 2 2 2 2 2 2 2 2 2 2 2 2 2 2
left_child=1 3 -3 -1 5 6 7 9 -9 10 11 12 14 15 -4 16 17 -14 20 24 21 22 -17 25 -20 -12 -27 28 29 -18
right_child=-2 2 4 -5 -6 -7 -8 8 -10 -11 23 -13 13 -15 -16 18 27 -19 19 -21 -22 -23 -24 -25 -26 26 -28 -29 -30 -31
leaf_value=-0.024022682606216712 0.0090278884886758684 0.11464005661815942 -0.0021374021212033838 -0.085095364455049172 -0.11247479323837772 -0.12311536194262518 0.08916818385902063 0.062192326295836257 -0.032875600556575027 -0.061347910422002709 -0.08225474994652375 -0.077758221835393604 0.070335583028327042 0.1234384410569745 -0.073717655500148596 -0.07654381635734793 0.15787142040396196 -0.065973418458990116 -0.11512937329490534 0.048857775218275612 -0.041605520122990902 0.22955832065007448 0.051159963877289306 0.074107731500746357 -0.011585554298304927 -0.017610174389309643 -0.11405277107513448 -0.0092251890372377007 -0.0049655059702097487 0.049842154720462273
leaf_weight=31.880973935127258 430.84645757824183 3.4556026607751837 87.932028509676456 13.893152575939892 3.1847675964236251 2.6186092570424071 3.4726377502083769 12.358778744935991 6.1763185411691657 10.673971004784105 7.5250483825802794 7.6817395389080039 5.9796697273850423 5.578541785478591 13.288694322109221 5.2666298225522059 7.5139066725969368 6.9007257074117661 7.6566604748368245 3.3915791660547248 7.1256758570671073 2.7291215956211081 6.7564187198877335 3.1779915802180758 3.5986841097474098 82.26024379581213 2.8819565996527663 3.2761533707380286 3.3648703619837752 5.5198464021086693
leaf_count=343 1897 30 570 237 36 20 20 60 31 82 102 72 38 37 91 49 44 45 53 22 38 15 46 29 27 765 29 19 24 35
internal_value=-0.000582438 -0.0118609 -0.00748814 -0.0425592 -0.00881572 -0.00776671 -0.00679887 -0.00787872 0.0305135 -0.0103318 -0.00838291 -0.000988601 0.00236441 0.0212087 -0.0115348 0.0129531 0.0423816 -0.00269253 -0.013277 -0.051717 0.0124581 0.0385721 -0.00477997 -0.0225444 -0.0820232 -0.025859 -0.0208746 0.0718901 0.0880954 0.112121
internal_weight=797.967 367.121 321.347 45.7741 317.891 314.707 312.088 308.615 18.5351 290.08 279.406 183.561 175.879 74.6585 101.221 69.0799 32.5552 12.8804 36.5248 14.6469 21.8778 14.7522 12.023 95.8452 11.2553 92.6672 85.1422 19.6748 16.3986 13.0338
internal_count=4906 3009 2429 580 2399 2363 2343 2323 91 2232 2150 1225 1153 492 661 455 205 83 250 102 148 110 95 925 80 896 794 122 103 79
is_linear=0
shrinkage=0.1


Tree=21
num_leaves=31
num_cat=0
split_feature=9 0 1 7 262 1 0 1 1 1 0 140 139 126 0 13 55 0 10 15 0 0 81 26 98 13 8 73 26 16
split_gain=7.12452 4.20348 3.91627 3.37621 3.12475 2.66011 3.8616 2.85209 2.56018 4.2097 2.50469 2.92013 3.6702 2.67096 2.81648 4.16216 7.27735 4.97352 4.0921 3.29827 3.28969 3.2614 4.24827 3.07785 2.65506 2.79962 3.03498 2.71398 2.54915 2.48932
threshold=1.0000000180025095e-35 4.7556469440460214 -0.46003498136997217 1.0000000180025095e-35 1.0000000180025095e-35 0.57563310861587536 14.054756641387941 0.61715719103813182 -0.53289222717285145 -0.5564681589603423 11.108829498291017 1.0000000180025095e-35 1.0000000180025095e-35 1.0000000180025095e-35 11.880903720855715 1.0000000180025095e-35 1.0000000180025095e-35 13.289527893066408 1.0000000180025095e-35 1.0000000180025095e-35 14.405201911926271 11.623545169830324 1.0000000180025095e-35 1.0000000180025095e-35 1.0000000180025095e-35 1.0000000180025095e-35 1.0000000180025095e-35 1.0000000180025095e-35 1.0000000180025095e-35 1.0000000180025095e-35
decision_type=2 2 2 2 2 2 2 2 2 2 2 2 2 2 2 2 2 2 2 2 2 2 2 2 2 2 2 2 2 2
left_child=1 3 -3 8 5 6 29 -7 9 -1 24 13 -13 14 21 17 19 23 20 -17 -18 22 -12 -16 -2 26 -26 -27 -20 -4
right_child=10 2 4 -5 -6 7 -8 -9 -10 -11 11 12 -14 -15 15 16 18 -19 28 -21 -22 -23 -24 -25 25 27 -28 -29 -30 -31
leaf_value=-0.020123004422241148 -0.0019041154516126358 0.094771669278479354 -0.021926162828019791 -0.082871786362246777 -0.11118189445149268 0.054055370296492877 -0.11896236270990397 -3.589581654551221e-05 -0.079423753853615428 0.12847809246675801 -0.022404176444845991 0.12246196946503805 0.019062055384374461 0.084296716092369911 -0.094072609817162117 0.12939508519599707 0.023188658754577453 0.004676525502140449 0.092887837248479904 0.025954052622471985 -0.045511819619350663 0.10300760244387593 0.087823116620211875 -0.011805120530708452 0.037057206763102576 0.022864627694348161 -0.056571450012625868 0.12788681980536479 0.0036319158264633126 0.00086797347835769522
leaf_weight=22.971820615231994 223.33619372546673 3.7446797341108313 112.69399588555098 12.891318164765833 2.9134889915585509 10.77591037750244 3.4498066157102576 102.17505632340908 6.2302803844213512 2.0788931623101226 9.3528165519237536 5.7165102809667561 8.5928978621959686 5.1395958960056296 9.3542957305908203 8.4938799291849119 12.68216021358967 69.073926880955696 7.2185703516006452 4.8383553177118293 15.475042238831518 6.6466333717107764 5.5840768367052069 8.8504131138324738 10.372992441058157 5.0607315450906754 5.1964500546455392 4.7892276048660278 5.7474987655878067 83.344141133129597
leaf_count=253 1025 30 984 237 36 69 29 571 68 22 39 24 36 21 40 35 54 286 30 20 64 28 23 38 45 22 23 20 24 710
internal_value=-0.000575217 -0.0108942 -0.00689199 -0.0398061 -0.0080992 -0.00713796 -0.0140811 0.0051246 -0.0220582 -0.00779099 0.00811167 0.0169999 0.0603696 0.0133159 0.0110821 0.0059575 0.0276523 -0.00757846 0.00683741 0.0918557 -0.0145687 0.0447342 0.0188037 -0.0540774 0.0015813 0.0322043 0.00580775 0.0739283 0.0533232 -0.0122354
internal_weight=794.792 363.269 319.097 44.1723 315.352 312.439 199.488 112.951 31.281 25.0507 431.522 182.767 14.3094 168.457 163.318 141.734 54.4555 87.2786 41.1233 13.3322 28.1572 21.5835 14.9369 18.2047 248.756 25.4194 15.5694 9.84996 12.9661 196.038
internal_count=4906 3009 2429 580 2399 2363 1723 640 343 275 1897 762 60 702 681 591 227 364 172 55 118 90 62 78 1135 110 68 42 54 1694
is_linear=0
shrinkage=0.1


Tree=22
num_leaves=31
num_cat=0
split_feature=9 7 0 81 5 113 12 140 64 73 5 49 14 135 80 17 126 139 14 86 0 62 33 16 40 0 26 149 14 5
split_gain=5.82877 3.7546 6.16292 3.74824 4.42992 6.63911 4.21532 4.63766 3.67509 4.01881 4.95789 4.3727 3.24351 5.74114 3.2586 3.1304 3.35599 4.23239 2.96057 4.3325 3.61049 3.10173 6.9447 4.74309 3.26871 5.85194 2.73679 2.4485 2.54065 4.07453
threshold=1.0000000180025095e-35 1.0000000180025095e-35 5.07460641860962 1.0000000180025095e-35 1.0000000180025095e-35 1.0000000180025095e-35 1.0000000180025095e-35 1.0000000180025095e-35 1.0000000180025095e-35 1.0000000180025095e-35 1.0000000180025095e-35 1.0000000180025095e-35 1.0000000180025095e-35 1.0000000180025095e-35 1.0000000180025095e-35 1.0000000180025095e-35 1.0000000180025095e-35 1.0000000180025095e-35 1.0000000180025095e-35 1.0000000180025095e-35 17.229294776916507 1.0000000180025095e-35 1.0000000180025095e-35 1.0000000180025095e-35 1.0000000180025095e-35 15.034907817840578 1.0000000180025095e-35 1.0000000180025095e-35 1.0000000180025095e-35 1.0000000180025095e-35
decision_type=2 2 2 2 2 2 2 2 2 2 2 2 2 2 2 2 2 2 2 2 2 2 2 2 2 2 2 2 2 2
left_child=1 3 -3 6 12 -6 7 8 9 -1 -11 -12 13 -5 -14 -4 17 18 -17 20 21 22 23 -20 25 26 -23 28 29 -2
right_child=27 2 15 4 5 -7 -8 -9 -10 10 11 -13 14 -15 -16 16 -18 -19 19 -21 -22 24 -24 -25 -26 -27 -28 -29 -30 -31
leaf_value=0.0013621955699386905 0.023929762038087575 -0.085638881297616445 -0.11393381516990714 0.043345005494723574 -0.056097605282833578 0.11088744261316863 -0.012082813435417917 0.0873899421519167 -0.06368181346826135 0.090676552029106891 -0.04268514015099948 0.085109318773182646 -0.048013462243495134 -0.085801486516838429 0.041002297588420923 -0.023743279913365598 0.10984104987158749 -0.072268610554601431 -0.11522916660881768 0.10533720586574763 0.082093650485639338 0.012059347385429393 0.13711542496201021 0.079096671957728626 -0.11981990025450018 0.11146074355326292 -0.08560332335859494 -0.063667640852814109 -0.0016630501314784459 -0.0017633379257815615
leaf_weight=44.874757684767246 163.13159081339836 14.45756236836314 3.1649935990571967 22.900426715612415 35.49143174290657 2.5521919578313819 67.00637523829937 9.4698394164442998 5.7496892288327208 14.152219600975513 7.5422909557819366 4.1510985121130943 17.598546355962757 4.051101177930831 5.3664458617568007 50.973240468651056 2.1782672330737105 11.650606401264666 3.2278948500752467 4.5045470893383017 4.662314146757125 4.7928775176405924 3.838921807706356 2.0560930147767067 3.7523907274007788 2.9226708300411692 7.14961276948452 4.8062817156314841 163.8179224729538 99.290365695953369
leaf_count=320 705 270 32 156 298 21 463 54 33 88 47 26 147 48 38 492 20 119 34 39 22 53 40 21 32 19 77 21 736 435
internal_value=-0.000537918 -0.00992626 -0.0244318 -0.00274103 -0.0191891 -0.0448953 0.00671836 0.0213774 0.0132026 0.0194535 0.0508647 0.00268129 0.000402634 0.0239329 -0.0272123 -0.015994 -0.0129463 -0.0156335 -0.00812524 0.0134451 0.000670455 -0.0130143 0.034754 -0.0396136 -0.0364215 -0.0153694 -0.0464084 0.00730821 0.00810853 0.0142085
internal_weight=791.285 360.238 119.332 240.906 87.9601 38.0436 152.946 85.9399 76.4701 70.7204 25.8456 11.6934 49.9165 26.9515 22.965 104.874 101.709 99.5312 87.8806 36.9073 32.4028 27.7405 9.12291 5.28399 18.6176 14.8652 11.9425 431.046 426.24 262.422
internal_count=4906 3009 1270 1739 708 319 1031 568 514 481 161 73 389 204 185 1000 968 948 829 337 298 276 95 55 181 149 130 1897 1876 1140
is_linear=0
shrinkage=0.1


Tree=23
num_leaves=31
num_cat=0
split_feature=7 126 322 53 10 16 80 0 42 174 100 0 67 6 0 42 61 0 0 9 73 0 54 11 0 9 81 1 97 0
split_gain=5.09442 3.66603 3.21496 3.37237 7.04317 4.14136 5.4109 5.63087 6.47528 4.07256 3.8216 3.59876 4.97235 6.33767 6.28785 4.51265 4.04674 4.55162 3.55689 3.16329 2.72309 4.59306 7.90663 4.55209 4.59747 3.99818 3.98494 6.85972 3.88371 3.97041
threshold=1.0000000180025095e-35 1.0000000180025095e-35 1.0000000180025095e-35 1.0000000180025095e-35 1.0000000180025095e-35 1.0000000180025095e-35 1.0000000180025095e-35 11.560575008392336 1.0000000180025095e-35 1.0000000180025095e-35 1.0000000180025095e-35 11.934291839599611 1.0000000180025095e-35 1.0000000180025095e-35 9.4346337318420428 1.0000000180025095e-35 1.0000000180025095e-35 9.5071868896484393 2.6105407476425175 1.0000000180025095e-35 1.0000000180025095e-35 14.017796039581301 1.0000000180025095e-35 1.0000000180025095e-35 13.813826084136965 1.0000000180025095e-35 1.0000000180025095e-35 0.80591678619384777 1.0000000180025095e-35 14.917180061340334
decision_type=2 2 2 2 2 2 2 2 2 2 2 2 2 2 2 2 2 2 2 2 2 2 2 2 2 2 2 2 2 2
left_child=2 -2 3 4 10 9 7 -7 -9 18 11 12 13 14 -1 -13 -15 -18 -6 -14 21 22 -5 24 25 -22 27 -26 29 -25
right_child=1 -3 -4 20 5 6 -8 8 -10 -11 -12 15 19 16 -16 -17 17 -19 -20 -21 23 -23 -24 28 26 -27 -28 -29 -30 -31
leaf_value=0.018173217245420464 -0.013673598789685076 0.059170986210168343 -0.076467098983615089 0.032592349319906934 -0.10269261481343049 0.011576340244297503 0.13810493705380836 -0.0014284820856547463 0.14979753068382617 0.11088091650465924 -0.082540673460557157 -0.0041214997672307024 -0.04024628077113461 -0.052679805408254315 0.10535843963363233 -0.070560635615204911 0.075447432413776827 -0.058592454554911001 0.0044993700467904421 -0.0028396254470768965 0.015185027788956777 0.023683846500828817 -0.078564297696215188 0.047069088095363698 -0.031197314741682643 0.14023328289755194 -0.077754762795536225 0.10686600127574296 -0.01475694742489022 0.13944078515441791
leaf_weight=26.082493312656879 260.66514889523387 7.0968810878694049 4.7725092470645896 11.878256067633629 3.1953296288847914 42.115731470286846 4.9336296990513793 4.6997954696416837 7.1223294287919998 3.4980939477682105 7.2036384381353846 22.073159836232662 34.476214621216059 14.720637708902359 12.114122852683066 19.04267330467701 7.0747629404067993 3.9465703070163727 99.185938734561205 65.665088415145874 6.1183078512549383 56.373387433588505 13.872730679810047 9.9602597877383285 10.954135544598108 4.3925072848796844 6.6352896541357032 5.3594718277454367 4.342570796608924 8.7333131432533246
leaf_count=166 1932 44 21 61 27 252 27 22 34 16 44 108 364 99 60 112 47 23 562 289 35 261 69 49 52 18 32 23 19 38
internal_value=-0.000534221 -0.0117429 0.00523141 0.00598738 0.00108512 0.0166015 0.0378638 0.0286949 0.0896788 0.00477911 -0.0109504 -0.00843712 -0.00180779 0.0199782 0.0458242 -0.0348926 -0.0183726 0.0274498 0.0011539 -0.0157178 0.0193252 0.00770024 -0.0272906 0.0362235 0.0126708 0.0674431 -0.0124154 0.0141603 0.0704335 0.0902235
internal_weight=788.305 267.762 520.543 515.77 377.15 164.751 58.8715 53.9379 11.8221 105.879 212.399 205.196 164.08 63.9386 38.1966 41.1158 25.742 11.0213 102.381 100.141 138.62 82.1244 25.751 56.4959 33.4597 10.5108 22.9489 16.3136 23.0361 18.6936
internal_count=4906 1976 2930 2909 2252 940 335 308 56 605 1312 1268 1048 395 226 220 169 70 589 653 657 391 130 266 160 53 107 75 106 87
is_linear=0
shrinkage=0.1


Tree=24
num_leaves=31
num_cat=0
split_feature=289 7 0 151 126 37 322 9 137 1 81 9 10 54 14 27 92 0 0 0 0 88 177 56 11 86 22 6 0 12
split_gain=5.03853 4.88367 5.00147 5.06662 4.0918 2.99496 5.9091 2.81991 3.39379 3.32828 3.36343 2.71654 3.38452 3.79343 2.65115 2.56878 2.84818 2.50155 5.09262 2.45232 3.37234 2.52636 2.75066 2.43159 3.1029 4.74509 3.79424 2.75032 4.73192 3.39364
threshold=1.0000000180025095e-35 1.0000000180025095e-35 5.7987680435180673 1.0000000180025095e-35 1.0000000180025095e-35 1.0000000180025095e-35 1.0000000180025095e-35 1.0000000180025095e-35 1.0000000180025095e-35 0.825994372367859 1.0000000180025095e-35 1.0000000180025095e-35 1.0000000180025095e-35 1.0000000180025095e-35 1.0000000180025095e-35 1.0000000180025095e-35 1.0000000180025095e-35 4.0835044384002694 3.2429842948913579 15.979465961456301 15.464749813079836 1.0000000180025095e-35 1.0000000180025095e-35 1.0000000180025095e-35 1.0000000180025095e-35 1.0000000180025095e-35 1.0000000180025095e-35 1.0000000180025095e-35 14.29021215438843 1.0000000180025095e-35
decision_type=2 2 2 2 2 2 2 2 2 2 2 2 2 2 2 2 2 2 2 2 2 2 2 2 2 2 2 2 2 2
left_child=1 5 11 4 -4 -1 7 8 15 19 14 -3 13 17 -11 -7 23 18 -13 20 21 22 -9 24 25 26 27 28 29 -17
right_child=-2 2 3 -5 -6 6 -8 9 -10 10 -12 12 -14 -15 -16 16 -18 -19 -20 -21 -22 -23 -24 -25 -26 -27 -28 -29 -30 -31
leaf_value=0.065685193125981395 0.1015970376416363 -0.069625413176693379 -0.0046515294839314996 -0.088510866745623695 0.076641604557546206 -0.095240495913841469 -0.12130601304741738 0.0079022173442254238 -0.050839914323639573 0.11865555298508604 -0.0059993579563903604 -0.059090574825991872 0.010449853081429849 -0.10321643593966963 0.032368817867830184 -0.01226624374793334 0.093076073744865442 -0.068031662297360102 0.10318160742273447 -0.050738182154802705 0.070488540553533915 -0.045184099903610012 0.081736254850155621 0.0072420181875671426 0.0081530721622686524 0.071725490364366748 0.073525473709413661 -0.080213121497412804 0.046353271259787131 -0.11842375667376082
leaf_weight=7.8857798129320136 4.8036819733679286 18.735218912363052 194.39789156243205 7.0164861008524886 6.3953441828489295 2.8244974166154853 3.7606006562709799 221.39749947190285 14.26764180883765 7.4397512823343295 7.3258137851953498 3.9602270722389221 16.803408458828926 8.1462173014879227 6.8295229375362396 6.5348310545086878 3.2901726961135855 5.5039483606815338 3.7799079865217209 6.8739242702722541 8.832550957798956 8.7473641932010633 5.1633939146995536 136.77372983470559 32.339689552783966 3.9289865866303435 2.5789368674159041 17.64603079110384 6.1771630868315688 5.5850711762905121
leaf_count=37 31 342 1336 56 37 18 17 948 154 31 30 21 78 49 28 56 17 28 20 28 36 37 22 912 261 24 23 148 31 50
internal_value=-0.000504721 -0.00113276 -0.0121752 -0.00498116 -0.00206231 0.00453044 0.00358172 0.00451254 -0.0035922 0.0114084 0.0490797 -0.0384359 -0.0231365 -0.0495206 0.0773572 -0.000495376 0.000750152 -0.0164932 0.0201553 0.00816745 0.00982597 0.00754893 0.00958492 -0.000685667 -0.0151834 -0.0329615 -0.0436388 -0.0520454 -0.02488 -0.0611856
internal_weight=785.745 780.942 264.739 207.81 200.793 516.203 508.317 504.557 231.947 272.61 21.5951 56.9289 38.1937 21.3903 14.2693 217.679 214.855 13.2441 7.74014 251.015 244.141 235.308 226.561 211.564 74.7907 42.451 38.522 35.9431 18.2971 12.1199
internal_count=4906 4875 1967 1429 1373 2908 2871 2854 1694 1160 89 538 196 118 59 1540 1522 69 41 1071 1043 1007 970 1505 593 332 308 285 137 106
is_linear=0
shrinkage=0.1


Tree=25
num_leaves=31
num_cat=0
split_feature=9 270 262 236 329 7 0 138 137 104 61 8 79 135 12 47 16 81 15 5 0 82 49 13 0 6 1 0 0 95
split_gain=4.08263 3.49291 3.46584 3.10754 3.51641 3.79733 4.42329 3.04208 3.00699 2.61518 3.76681 2.5813 4.80794 3.92551 3.28443 5.9124 4.06693 3.71307 3.35223 7.23928 3.33648 3.16933 3.14782 3.13709 6.64874 4.34952 5.26618 3.03358 2.76901 3.48479
threshold=1.0000000180025095e-35 1.0000000180025095e-35 1.0000000180025095e-35 1.0000000180025095e-35 1.0000000180025095e-35 1.0000000180025095e-35 5.07460641860962 1.0000000180025095e-35 1.0000000180025095e-35 1.0000000180025095e-35 1.0000000180025095e-35 1.0000000180025095e-35 1.0000000180025095e-35 1.0000000180025095e-35 1.0000000180025095e-35 1.0000000180025095e-35 1.0000000180025095e-35 1.0000000180025095e-35 1.0000000180025095e-35 1.0000000180025095e-35 8.3682408332824725 1.0000000180025095e-35 1.0000000180025095e-35 1.0000000180025095e-35 9.3497605323791522 1.0000000180025095e-35 0.40482164919376379 5.6454484462738046 17.433264732360843 1.0000000180025095e-35
decision_type=2 2 2 2 2 2 2 2 2 2 2 2 2 2 2 2 2 2 2 2 2 2 2 2 2 2 2 2 2 2
left_child=1 2 3 4 5 8 -7 -8 9 11 -11 13 14 21 16 18 17 23 19 -16 -19 28 -23 25 -25 -13 -27 -15 29 -1
right_child=-2 -3 -4 -5 -6 6 7 -9 -10 10 -12 12 -14 27 15 -17 -18 20 -20 -21 -22 22 -24 24 -26 26 -28 -29 -30 -31
leaf_value=0.0085319479548382378 0.0060645025615249822 -0.11931816047112814 -0.10994516306159628 0.08292023695813594 0.097489922779380511 -0.080701415770407098 -0.01996508409006947 0.081457804095330016 -0.046970745892942291 -0.10768463758385374 0.028492204747220192 -0.034702409592514673 0.09982297656391656 -0.11074763088341788 -0.011810480141884164 -0.084832011533939405 -0.0083503158815837596 0.067228262567550989 -0.036094556377884973 0.13952073479945157 -0.06501433652889628 -0.075639457982966729 0.027699619268188192 0.24465183851791661 0.062781994439259206 -0.014809203309510311 0.16742984351306578 0.007954047604548457 0.067117515808438818 -0.051898518815891109
leaf_weight=79.628450855612755 429.6071280092001 2.8189434967935076 3.2751382589340201 3.8356340900063506 3.1552965342998496 12.181862596422432 94.345610104501247 3.0530240833759299 13.556014366447924 5.0545171797275525 3.3960346430540085 5.0309673026204145 6.4680744037032118 5.9738301560282689 8.7369745373725873 8.7680887617170828 20.281549543142319 3.2954510524868956 8.8258667476475239 4.9532080814242372 4.5310341864824295 9.8821912258863431 4.2006589546799651 2.7350012436509132 7.5839700400829315 2.7769338339567184 3.6963335871696472 3.3661690279841423 6.8758047074079505 10.841817706823347
leaf_count=529 1897 25 45 28 16 266 931 27 151 37 22 37 42 71 63 63 141 34 64 38 29 70 29 23 40 24 17 39 31 77
internal_value=-0.000483242 -0.00844915 -0.00755698 -0.00659068 -0.00759108 -0.00856614 -0.0238913 -0.0167859 -0.00127922 0.00157641 -0.0529591 0.00378725 0.016847 -0.00569469 0.0102387 -0.0151672 0.0261566 0.0497607 0.0119613 0.0429423 -0.00933174 -0.000474998 -0.0448153 0.0709532 0.110986 0.035045 0.089252 -0.0679671 0.00593962 0.00129005
internal_weight=782.732 353.124 350.306 347.03 343.195 340.039 109.58 97.3986 230.459 216.903 8.45055 208.452 87.6835 120.769 81.2154 31.2841 49.9312 29.6497 22.516 13.6902 7.82649 111.429 14.0829 21.8232 10.319 11.5042 6.47327 9.34 97.3461 90.4703
internal_count=4906 3009 2984 2939 2911 2895 1224 958 1671 1520 59 1461 615 846 573 228 345 204 165 101 63 736 99 141 63 78 41 110 637 606
is_linear=0
shrinkage=0.1


end of trees

feature_importances:
Column_0=151
Column_7=57
Column_1=49
Column_10=38
Column_9=28
Column_14=22
Column_6=21
Column_16=20
Column_13=17
Column_12=16
Column_81=15
Column_5=14
Column_67=14
Column_8=13
Column_55=13
Column_11=12
Column_73=10
Column_99=10
Column_26=9
Column_53=9
Column_15=8
Column_21=8
Column_61=8
Column_64=8
Column_262=8
Column_17=7
Column_71=7
Column_22=6
Column_54=6
Column_65=6
Column_82=6
Column_138=6
Column_140=6
Column_49=5
Column_62=5
Column_84=5
Column_86=5
Column_98=5
Column_126=5
Column_139=5
Column_177=5
Column_27=4
Column_83=4
Column_95=4
Column_97=4
Column_133=4
Column_31=3
Column_40=3
Column_50=3
Column_70=3
Column_72=3
Column_78=3
Column_79=3
Column_80=3
Column_87=3
Column_137=3
Column_25=2
Column_35=2
Column_36=2
Column_42=2
Column_56=2
Column_74=2
Column_88=2
Column_93=2
Column_104=2
Column_108=2
Column_132=2
Column_135=2
Column_149=2
Column_151=2
Column_154=2
Column_174=2
Column_270=2
Column_322=2
Column_19=1
Column_23=1
Column_33=1
Column_34=1
Column_37=1
Column_44=1
Column_45=1
Column_47=1
Column_51=1
Column_58=1
Column_63=1
Column_68=1
Column_77=1
Column_92=1
Column_94=1
Column_100=1
Column_105=1
Column_113=1
Column_129=1
Column_130=1
Column_155=1
Column_168=1
Column_220=1
Column_236=1
Column_289=1
Column_329=1

parameters:
[boosting: gbdt]
[objective: binary]
[metric: binary_logloss]
[tree_learner: serial]
[device_type: cpu]
[data_sample_strategy: bagging]
[data: ]
[valid: ]
[num_iterations: 300]
[learning_rate: 0.1]
[num_leaves: 31]
[num_threads: 0]
[seed: 0]
[deterministic: 0]
[force_col_wise: 0]
[force_row_wise: 0]
[histogram_pool_size: -1]
[max_depth: -1]
[min_data_in_leaf: 20]
[min_sum_hessian_in_leaf: 0.001]
[bagging_fraction: 1]
[pos_bagging_fraction: 1]
[neg_bagging_fraction: 1]
[bagging_freq: 0]
[bagging_seed: 7719]
[bagging_by_query: 0]
[feature_fraction: 1]
[feature_fraction_bynode: 1]
[feature_fraction_seed: 2437]
[extra_trees: 0]
[extra_seed: 11797]
[early_stopping_round: 0]
[early_stopping_min_delta: 0]
[first_metric_only: 0]
[max_delta_step: 0]
[lambda_l1: 0]
[lambda_l2: 0]
[linear_lambda: 0]
[min_gain_to_split: 0]
[drop_rate: 0.1]
[max_drop: 50]
[skip_drop: 0.5]
[xgboost_dart_mode: 0]
[uniform_drop: 0]
[drop_seed: 21238]
[top_rate: 0.2]
[other_rate: 0.1]
[min_data_per_group: 100]
[max_cat_threshold: 32]
[cat_l2: 10]
[cat_smooth: 10]
[max_cat_to_onehot: 4]
[top_k: 20]
[monotone_constraints: ]
[monotone_constraints_method: basic]
[monotone_penalty: 0]
[feature_contri: ]
[forcedsplits_filename: ]
[refit_decay_rate: 0.9]
[cegb_tradeoff: 1]
[cegb_penalty_split: 0]
[cegb_penalty_feature_lazy: ]
[cegb_penalty_feature_coupled: ]
[path_smooth: 0]
[interaction_constraints: ]
[verbosity: -1]
[saved_feature_importance_type: 0]
[use_quantized_grad: 0]
[num_grad_quant_bins: 4]
[quant_train_renew_leaf: 0]
[stochastic_rounding: 1]
[linear_tree: 0]
[max_bin: 255]
[max_bin_by_feature: ]
[min_data_in_bin: 3]
[bin_construct_sample_cnt: 200000]
[data_random_seed: 38]
[is_enable_sparse: 1]
[enable_bundle: 1]
[use_missing: 1]
[zero_as_missing: 0]
[feature_pre_filter: 1]
[pre_partition: 0]
[two_round: 0]
[header: 0]
[label_column: ]
[weight_column: ]
[group_column: ]
[ignore_column: ]
[categorical_feature: ]
[forcedbins_filename: ]
[precise_float_parser: 0]
[parser_config_file: ]
[objective_seed: 8855]
[num_class: 1]
[is_unbalance: 0]
[scale_pos_weight: 1]
[sigmoid: 1]
[boost_from_average: 1]
[reg_sqrt: 0]
[alpha: 0.9]
[fair_c: 1]
[poisson_max_delta_step: 0.7]
[tweedie_variance_power: 1.5]
[lambdarank_truncation_level: 30]
[lambdarank_norm: 1]
[label_gain: ]
[lambdarank_position_bias_regularization: 0]
[eval_at: ]
[multi_error_top_k: 1]
[auc_mu_weights: ]
[num_machines: 1]
[local_listen_port: 12400]
[time_out: 120]
[machine_list_filename: ]
[machines: ]
[gpu_platform_id: -1]
[gpu_device_id: -1]
[gpu_device_id_list: ]
[gpu_use_dp: 0]
[num_gpu: 1]

end of parameters

pandas_categorical:null
