tree
version=v4
num_class=1
num_tree_per_iteration=1
label_index=0
max_feature_idx=567
objective=binary sigmoid:1
feature_names=Column_0 Column_1 Column_2 Column_3 Column_4 Column_5 Column_6 Column_7 Column_8 Column_9 Column_10 Column_11 Column_12 Column_13 Column_14 Column_15 Column_16 Column_17 Column_18 Column_19 Column_20 Column_21 Column_22 Column_23 Column_24 Column_25 Column_26 Column_27 Column_28 Column_29 Column_30 Column_31 Column_32 Column_33 Column_34 Column_35 Column_36 Column_37 Column_38 Column_39 Column_40 Column_41 Column_42 Column_43 Column_44 Column_45 Column_46 Column_47 Column_48 Column_49 Column_50 Column_51 Column_52 Column_53 Column_54 Column_55 Column_56 Column_57 Column_58 Column_59 Column_60 Column_61 Column_62 Column_63 Column_64 Column_65 Column_66 Column_67 Column_68 Column_69 Column_70 Column_71 Column_72 Column_73 Column_74 Column_75 Column_76 Column_77 Column_78 Column_79 Column_80 Column_81 Column_82 Column_83 Column_84 Column_85 Column_86 Column_87 Column_88 Column_89 Column_90 Column_91 Column_92 Column_93 Column_94 Column_95 Column_96 Column_97 Column_98 Column_99 Column_100 Column_101 Column_102 Column_103 Column_104 Column_105 Column_106 Column_107 Column_108 Column_109 Column_110 Column_111 Column_112 Column_113 Column_114 Column_115 Column_116 Column_117 Column_118 Column_119 Column_120 Column_121 Column_122 Column_123 Column_124 Column_125 Column_126 Column_127 Column_128 Column_129 Column_130 Column_131 Column_132 Column_133 Column_134 Column_135 Column_136 Column_137 Column_138 Column_139 Column_140 Column_141 Column_142 Column_143 Column_144 Column_145 Column_146 Column_147 Column_148 Column_149 Column_150 Column_151 Column_152 Column_153 Column_154 Column_155 Column_156 Column_157 Column_158 Column_159 Column_160 Column_161 Column_162 Column_163 Column_164 Column_165 Column_166 Column_167 Column_168 Column_169 Column_170 Column_171 Column_172 Column_173 Column_174 Column_175 Column_176 Column_177 Column_178 Column_179 Column_180 Column_181 Column_182 Column_183 Column_184 Column_185 Column_186 Column_187 Column_188 Column_189 Column_190 Column_191 Column_192 Column_193 Column_194 Column_195 Column_196 Column_197 Column_198 Column_199 Column_200 Column_201 Column_202 Column_203 Column_204 Column_205 Column_206 Column_207 Column_208 Column_209 Column_210 Column_211 Column_212 Column_213 Column_214 Column_215 Column_216 Column_217 Column_218 Column_219 Column_220 Column_221 Column_222 Column_223 Column_224 Column_225 Column_226 Column_227 Column_228 Column_229 Column_230 Column_231 Column_232 Column_233 Column_234 Column_235 Column_236 Column_237 Column_238 Column_239 Column_240 Column_241 Column_242 Column_243 Column_244 Column_245 Column_246 Column_247 Column_248 Column_249 Column_250 Column_251 Column_252 Column_253 Column_254 Column_255 Column_256 Column_257 Column_258 Column_259 Column_260 Column_261 Column_262 Column_263 Column_264 Column_265 Column_266 Column_267 Column_268 Column_269 Column_270 Column_271 Column_272 Column_273 Column_274 Column_275 Column_276 Column_277 Column_278 Column_279 Column_280 Column_281 Column_282 Column_283 Column_284 Column_285 Column_286 Column_287 Column_288 Column_289 Column_290 Column_291 Column_292 Column_293 Column_294 Column_295 Column_296 Column_297 Column_298 Column_299 Column_300 Column_301 Column_302 Column_303 Column_304 Column_305 Column_306 Column_307 Column_308 Column_309 Column_310 Column_311 Column_312 Column_313 Column_314 Column_315 Column_316 Column_317 Column_318 Column_319 Column_320 Column_321 Column_322 Column_323 Column_324 Column_325 Column_326 Column_327 Column_328 Column_329 Column_330 Column_331 Column_332 Column_333 Column_334 Column_335 Column_336 Column_337 Column_338 Column_339 Column_340 Column_341 Column_342 Column_343 Column_344 Column_345 Column_346 Column_347 Column_348 Column_349 Column_350 Column_351 Column_352 Column_353 Column_354 Column_355 Column_356 Column_357 Column_358 Column_359 Column_360 Column_361 Column_362 Column_363 Column_364 Column_365 Column_366 Column_367 Column_368 Column_369 Column_370 Column_371 Column_372 Column_373 Column_374 Column_375 Column_376 Column_377 Column_378 Column_379 Column_380 Column_381 Column_382 Column_383 Column_384 Column_385 Column_386 Column_387 Column_388 Column_389 Column_390 Column_391 Column_392 Column_393 Column_394 Column_395 Column_396 Column_397 Column_398 Column_399 Column_400 Column_401 Column_402 Column_403 Column_404 Column_405 Column_406 Column_407 Column_408 Column_409 Column_410 Column_411 Column_412 Column_413 Column_414 Column_415 Column_416 Column_417 Column_418 Column_419 Column_420 Column_421 Column_422 Column_423 Column_424 Column_425 Column_426 Column_427 Column_428 Column_429 Column_430 Column_431 Column_432 Column_433 Column_434 Column_435 Column_436 Column_437 Column_438 Column_439 Column_440 Column_441 Column_442 Column_443 Column_444 Column_445 Column_446 Column_447 Column_448 Column_449 Column_450 Column_451 Column_452 Column_453 Column_454 Column_455 Column_456 Column_457 Column_458 Column_459 Column_460 Column_461 Column_462 Column_463 Column_464 Column_465 Column_466 Column_467 Column_468 Column_469 Column_470 Column_471 Column_472 Column_473 Column_474 Column_475 Column_476 Column_477 Column_478 Column_479 Column_480 Column_481 Column_482 Column_483 Column_484 Column_485 Column_486 Column_487 Column_488 Column_489 Column_490 Column_491 Column_492 Column_493 Column_494 Column_495 Column_496 Column_497 Column_498 Column_499 Column_500 Column_501 Column_502 Column_503 Column_504 Column_505 Column_506 Column_507 Column_508 Column_509 Column_510 Column_511 Column_512 Column_513 Column_514 Column_515 Column_516 Column_517 Column_518 Column_519 Column_520 Column_521 Column_522 Column_523 Column_524 Column_525 Column_526 Column_527 Column_528 Column_529 Column_530 Column_531 Column_532 Column_533 Column_534 Column_535 Column_536 Column_537 Column_538 Column_539 Column_540 Column_541 Column_542 Column_543 Column_544 Column_545 Column_546 Column_547 Column_548 Column_549 Column_550 Column_551 Column_552 Column_553 Column_554 Column_555 Column_556 Column_557 Column_558 Column_559 Column_560 Column_561 Column_562 Column_563 Column_564 Column_565 Column_566 Column_567
feature_infos=[2.0013689994812012:17.993154525756836] [-0.7776256799697876:0.99923950433731079] none none none [0:1] [0:1] [0:1] [0:1] [0:1] [0:1] [0:1] [0:1] [0:1] [0:1] [0:1] [0:1] [0:1] [0:1] [0:1] [0:1] [0:1] [0:1] [0:1] [0:1] [0:1] [0:1] [0:1] [0:1] [0:1] [0:1] [0:1] [0:1] [0:1] [0:1] [0:1] [0:1] [0:1] [0:1] [0:1] [0:1] [0:1] [0:1] [0:1] [0:1] [0:1] [0:1] [0:1] [0:1] [0:1] [0:1] [0:1] [0:1] [0:1] [0:1] [0:1] [0:1] [0:1] [0:1] [0:1] [0:1] [0:1] [0:1] [0:1] [0:1] [0:1] [0:1] [0:1] [0:1] [0:1] [0:1] [0:1] [0:1] [0:1] [0:1] [0:1] [0:1] [0:1] [0:1] [0:1] [0:1] [0:1] [0:1] [0:1] [0:1] [0:1] [0:1] [0:1] [0:1] [0:1] [0:1] [0:1] [0:1] [0:1] [0:1] [0:1] [0:1] [0:1] [0:1] [0:1] [0:1] [0:1] [0:1] [0:1] [0:1] [0:1] [0:1] [0:1] [0:1] none none none none [0:1] [0:1] none [0:1] none [0:1] none none [0:1] none none none none [0:1] [0:1] [0:1] [0:1] [0:1] none [0:1] [0:1] [0:1] [0:1] none [0:1] [0:1] [0:1] [0:1] [0:1] [0:1] [0:1] [0:1] [0:1] [0:1] [0:1] [0:1] [0:1] [0:1] [0:1] [0:1] [0:1] [0:1] [0:1] [0:1] none none none none none none none none none none [0:1] [0:1] none none none none none [0:1] [0:1] [0:1] [0:1] [0:1] [0:1] [0:1] [0:1] [0:1] [0:1] [0:1] [0:1] [0:1] [0:1] [0:1] [0:1] [0:1] [0:1] [0:1] [0:1] [0:1] [0:1] [0:1] [0:1] [0:1] [0:1] [0:1] [0:1] none none [0:1] [0:1] [0:1] none [0:1] [0:1] [0:1] [0:1] [0:1] none [0:1] none none [0:1] none [0:1] [0:1] [0:1] [0:1] [0:1] [0:1] [0:1] [0:1] [0:1] [0:1] [0:1] [0:1] [0:1] [0:1] [0:1] [0:1] [0:1] [0:1] [0:1] [0:1] [0:1] [0:1] [0:1] [0:1] [0:1] none none none none none none none none none none none none none none none none none [0:1] [0:1] [0:1] [0:1] [0:1] [0:1] [0:1] [0:1] [0:1] [0:1] none [0:1] [0:1] [0:1] [0:1] none [0:1] [0:1] none none none [0:1] [0:1] none none none none none [0:1] [0:1] [0:1] [0:1] [0:1] [0:1] [0:1] none none none [0:1] none [0:1] [0:1] [0:1] none [0:1] [0:1] [0:1] [0:1] none none [0:1] [0:1] none none none none [0:1] [0:1] none none none [0:1] none none [0:1] [0:1] none none [0:1] [0:1] none none none none none none none none none none none none none none none none none none none none none none none none none none none none none none none none none none none none none none none none none none none none none none none none none none none none none none none none none none none none none none none none none none none none none none none none none none none none none none none none none none none none none none none none none none none none none none none none none none none none none none none none none none none none none none none none none none none none none none none none none none none none none none none none none none none none none none none none none none none none none none none none none none none none none none none none none none none none none none none none none none none none none none none none none none none none none none none none none none none none none none none none none none none none none none none none none none none none none none none none none none none none none none none none none none none none none none none none none none none none none none none none none none none none none none none none none none none none none
tree_sizes=3436 3486 3488 3492 3474 3496 3498 3498 3492 3495 3483 3501 3509 3481 3501 3487 3491 3495 3490 3493 3490 3499 3494 3451 3490 3487 3482 3482 3496 3510 3477 3489 3474 3491 3498 3456

Tree=0
num_leaves=31
num_cat=0
split_feature=9 12 12 14 7 14 14 7 16 5 13 13 7 5 5 14 16 13 7 7 13 26 6 5 16 8 31 16 7 13
split_gain=413.214 232.899 111.059 107.547 96.1706 91.4864 84.8327 57.7646 47.3272 31.7291 30.5713 29.1881 21.686 21.413 20.1101 16.6265 16.6241 15.4408 14.9025 14.2238 18.1528 13.9091 20.2399 13.7841 11.0873 10.6799 10.3039 10.2748 10.1932 9.47513
threshold=1.0000000180025095e-35 1.0000000180025095e-35 1.0000000180025095e-35 1.0000000180025095e-35 1.0000000180025095e-35 1.0000000180025095e-35 1.0000000180025095e-35 1.0000000180025095e-35 1.0000000180025095e-35 1.0000000180025095e-35 1.0000000180025095e-35 1.0000000180025095e-35 1.0000000180025095e-35 1.0000000180025095e-35 1.0000000180025095e-35 1.0000000180025095e-35 1.0000000180025095e-35 1.0000000180025095e-35 1.0000000180025095e-35 1.0000000180025095e-35 1.0000000180025095e-35 1.0000000180025095e-35 1.0000000180025095e-35 1.0000000180025095e-35 1.0000000180025095e-35 1.0000000180025095e-35 1.0000000180025095e-35 1.0000000180025095e-35 1.0000000180025095e-35 1.0000000180025095e-35
decision_type=2 2 2 2 2 2 2 2 2 2 2 2 2 2 2 2 2 2 2 2 2 2 2 2 2 2 2 2 2 2
left_child=2 5 15 4 8 7 9 10 11 12 13 26 17 -2 -10 19 25 -3 23 20 -1 -13 -23 -7 28 -12 -4 -6 -8 -9
right_child=1 6 3 -5 27 18 24 29 14 -11 16 21 -14 -15 -16 -17 -18 -19 -20 -21 -22 22 -24 -25 -26 -27 -28 -29 -30 -31
leaf_value=-1.0896615304726842 -0.96530386680044822 -0.78382843026441396 -0.81143321311067451 -1.1728095383655572 -1.0990989655185195 -1.1534323811714999 -0.93390252210796676 -1.0608711550561689 -1.1294164414953067 -0.76014394509449934 -0.91734661205204626 -1.0792154260791982 -0.96530386680044822 -0.81885526532071973 -0.97247221435231468 -1.2068128599249941 -1.1163066663169385 -0.91763435558053663 -1.2015465353915948 -1.1906667621121843 -1.1770926952203413 -0.81548540296644023 -1.0723170552533112 -1.0556600135029985 -1.0786405618437076 -1.0580891654249192 -0.9584939366261751 -1.1844413213636242 -1.0530250012487119 -1.1468194601728909
leaf_weight=46.124197468161583 22.026657566428185 20.897085383534431 22.779705688357357 97.519731789827347 32.00454518198967 38.217192187905312 20.332299292087555 33.698903456330299 19.01446507871151 29.745400816202164 13.366604164242744 10.35441167652607 22.026657566428185 18.261416956782341 14.307914316654204 144.77350144088268 12.990080103278158 14.684438377618788 31.063235029578209 86.788796052336693 48.948127925395966 7.3422191888093948 5.2713368535041809 23.156229749321938 15.814010560512541 9.0365774631500244 6.0243849754333487 25.227112084627151 11.10745979845524 20.708823353052139
leaf_count=245 117 111 121 518 170 203 108 179 101 158 71 55 117 97 76 769 69 78 165 461 260 39 28 123 84 48 32 134 59 110
internal_value=-1.09048 -1.00624 -1.14358 -1.09191 -1.03648 -1.06904 -0.902405 -1.01499 -0.96907 -0.844017 -0.958494 -0.90924 -0.887323 -0.898923 -1.06203 -1.18153 -1.0263 -0.83905 -1.14511 -1.1614 -1.13468 -0.993325 -0.922818 -1.11654 -1.01034 -0.974117 -0.842191 -1.13672 -0.975988 -1.09359
internal_weight=923.614 357.133 566.48 239.846 142.326 222.526 134.607 130.089 85.0944 87.3536 75.6813 51.7721 57.6082 40.2881 33.3224 326.635 35.3933 35.5815 92.4367 181.861 95.0723 22.968 12.6136 61.3734 47.2538 22.4032 28.8041 57.2317 31.4398 54.4077
internal_count=4906 1897 3009 1274 756 1182 715 691 452 464 402 275 306 214 177 1735 188 189 491 966 505 122 67 326 251 119 153 304 167 289
is_linear=0
shrinkage=1


Tree=1
num_leaves=31
num_cat=0
split_feature=9 12 12 14 7 14 14 7 16 13 13 5 14 5 13 7 5 7 13 16 5 26 57 13 16 7 13 13 0 135
split_gain=328.901 163.061 96.6196 88.1711 72.8197 72.4269 53.6243 42.1003 32.4976 20.4583 18.3717 17.9489 15.6765 15.4218 13.7899 13.403 13.0847 12.9454 15.7891 12.4363 11.4997 9.78178 13.2297 9.05694 9.03255 8.53216 7.92303 7.80665 7.72008 7.60946
threshold=1.0000000180025095e-35 1.0000000180025095e-35 1.0000000180025095e-35 1.0000000180025095e-35 1.0000000180025095e-35 1.0000000180025095e-35 1.0000000180025095e-35 1.0000000180025095e-35 1.0000000180025095e-35 1.0000000180025095e-35 1.0000000180025095e-35 1.0000000180025095e-35 1.0000000180025095e-35 1.0000000180025095e-35 1.0000000180025095e-35 1.0000000180025095e-35 1.0000000180025095e-35 1.0000000180025095e-35 1.0000000180025095e-35 1.0000000180025095e-35 1.0000000180025095e-35 1.0000000180025095e-35 1.0000000180025095e-35 1.0000000180025095e-35 1.0000000180025095e-35 1.0000000180025095e-35 1.0000000180025095e-35 1.0000000180025095e-35 6.635181427001954 1.0000000180025095e-35
decision_type=2 2 2 2 2 2 2 2 2 2 2 2 2 2 2 2 2 2 2 2 2 2 2 2 2 2 2 2 2 2
left_child=2 5 12 4 8 7 11 9 10 16 29 14 17 -10 25 20 -2 18 -1 -11 -7 -12 -23 -8 26 -3 -6 -9 -22 -4
right_child=1 6 3 -5 24 15 23 27 13 19 21 -13 -14 -15 -16 -17 -18 -19 -20 -21 28 22 -24 -25 -26 -27 -28 -29 -30 -31
leaf_value=0.00073230170765871795 0.10581737098561744 0.23944940162521908 0.21997431185472016 -0.077469371484134339 0.032419012281584079 -0.058607256802242991 0.09969923507236915 0.026237787126069213 -0.0357802979745264 0.09871786042612167 0.010074671996563374 0.25555228520661666 -0.11157304092492566 0.1000989292988269 0.10539952427097439 -0.10620506316385479 0.21513735413163132 -0.095216284025180495 -0.081693761065467774 -0.023568136197149373 0.1132408408796764 0.021165335457341467 0.22143403040720214 0.0087510696081468282 -0.088988885397469422 0.14432854901953537 -0.069620020858991549 -0.052261856665037756 -0.0089689444590709544 0.087971745295176818
leaf_weight=46.142852976918221 23.369838908314705 23.888978853821754 26.970612779259682 93.492454826831818 19.307800382375717 37.012702107429504 32.608890235424042 34.192667484283447 18.644757583737373 23.664604321122169 10.412264689803123 34.301719069480896 136.30008034408092 15.131541311740873 23.699143722653389 29.328200295567513 20.599559798836708 82.420151188969612 46.820694506168365 12.822794169187544 7.6601439714431789 5.6137220412492752 7.9981797635555267 16.484789028763771 24.036836087703705 15.579892605543135 12.559442967176439 20.125107020139694 15.894798740744589 5.2107850909233084
leaf_count=245 117 111 128 518 103 203 167 179 101 119 55 158 769 76 117 165 97 461 260 69 40 28 39 84 134 78 67 110 83 25
internal_value=-0.000423165 0.0723338 -0.0494373 -0.00165719 0.0469278 0.0188045 0.15439 0.0651751 0.102616 0.111098 0.149203 0.197319 -0.0861332 0.0250926 0.165696 -0.0507157 0.157034 -0.0663625 -0.0407812 0.0557428 -0.0238466 0.0830325 0.138841 0.0691604 -0.0427064 0.201902 -0.00779637 -0.00284687 0.0307741 0.198601
internal_weight=922.296 371.234 551.062 239.378 145.886 224.67 146.563 134.775 89.9819 80.4568 56.2056 97.4697 311.684 33.7763 63.168 89.8958 43.9694 175.384 92.9635 36.4874 60.5676 24.0242 13.6119 49.0937 55.9041 39.4689 31.8672 54.3178 23.5549 32.1814
internal_count=4906 1897 3009 1274 756 1182 715 691 452 402 275 464 1735 177 306 491 214 966 505 188 326 122 67 251 304 189 170 289 123 153
is_linear=0
shrinkage=0.1


Tree=2
num_leaves=31
num_cat=0
split_feature=9 12 12 14 14 7 14 7 16 14 13 13 5 7 5 7 13 7 5 16 16 7 5 33 1 26 0 67 26 6
split_gain=265.488 120.063 84.0896 72.8136 58.0185 56.4968 37.7432 31.6756 23.6116 14.8533 14.6168 12.7381 12.3335 12.0623 11.9894 11.7913 13.7257 10.782 9.57571 9.48335 9.23328 8.03669 8.0156 7.94936 7.64848 9.74583 7.35068 7.25884 7.18406 11.9458
threshold=1.0000000180025095e-35 1.0000000180025095e-35 1.0000000180025095e-35 1.0000000180025095e-35 1.0000000180025095e-35 1.0000000180025095e-35 1.0000000180025095e-35 1.0000000180025095e-35 1.0000000180025095e-35 1.0000000180025095e-35 1.0000000180025095e-35 1.0000000180025095e-35 1.0000000180025095e-35 1.0000000180025095e-35 1.0000000180025095e-35 1.0000000180025095e-35 1.0000000180025095e-35 1.0000000180025095e-35 1.0000000180025095e-35 1.0000000180025095e-35 1.0000000180025095e-35 1.0000000180025095e-35 1.0000000180025095e-35 1.0000000180025095e-35 -0.37987679243087763 1.0000000180025095e-35 14.680356025695803 1.0000000180025095e-35 1.0000000180025095e-35 1.0000000180025095e-35
decision_type=2 2 2 2 2 2 2 2 2 2 2 2 2 2 2 2 2 2 2 2 2 2 2 2 2 2 2 2 2 2
left_child=2 4 9 5 7 8 12 10 11 15 20 -4 17 18 -10 16 -1 26 -6 -12 -2 23 -7 -8 -19 -26 -3 -9 -13 -30
right_child=1 6 3 -5 13 22 21 27 14 -11 19 28 -14 -15 -16 -17 -18 24 -20 -21 -22 -23 -24 -25 25 -27 -28 -29 29 -31
leaf_value=0.00065881756008920507 0.17454424461607465 0.19220916317319955 0.16597317217428925 -0.072872784756252681 -0.054505830560542305 -0.068051224917816233 0.10730091836529942 0.040024750775024431 -0.032838139083195654 -0.10723473704377616 0.084940587710718649 0.0090199895966893619 0.21170608652893652 -0.10172277486333903 0.086071884669776666 -0.090561732759905811 -0.077046650714997139 -0.0054726444854923152 0.027200816290434998 -0.021482571193815025 0.085352608643985584 0.0011940082340776694 0.011856046938739939 -0.025969862477593454 0.032288855143580833 0.18137612862528021 0.090788437768581171 -0.034018424678529828 0.19101887946803123 0.0040093605090868621
leaf_weight=46.159635633230209 24.801010072231293 33.299762904644012 34.505292594432831 89.654412001371384 35.878901749849319 35.085097908973694 29.509520724415779 22.997232332825661 18.302357122302055 128.06099565327168 24.69244971871376 10.463875085115433 37.088668704032898 27.646167576313019 15.79863917827606 78.211584776639938 44.787859916687012 6.5323751568794277 23.896989092230797 12.669300243258474 21.816708937287331 15.859680712223051 19.547587364912033 5.2759134471416465 7.3941624164581308 10.772955939173698 9.0988030284643155 31.207446694374084 8.7454735189676267 5.6048942953348169
leaf_count=245 114 148 153 518 203 196 145 122 101 769 119 55 158 165 76 461 260 31 123 69 100 80 108 26 35 51 41 167 39 28
internal_value=-0.000667467 0.0631928 -0.0460846 -0.00175018 0.0166538 0.0413185 0.131005 0.0569895 0.0885583 -0.081542 0.0954544 0.126676 0.165428 -0.0471029 0.0222516 -0.0620914 -0.0376079 0.139848 -0.0218414 0.0488527 0.132803 0.0601898 -0.0394604 0.0870877 0.087328 0.120696 0.170444 -0.00260438 0.0720315 0.117978
internal_weight=915.366 380.438 534.928 237.708 225.606 148.053 154.832 138.184 93.4205 297.22 83.9795 59.3195 104.187 87.4221 34.101 169.159 90.9475 67.0981 59.7759 37.3617 46.6177 50.6451 54.6327 34.7854 24.6995 18.1671 42.3986 54.2047 24.8142 14.3504
internal_count=4906 1897 3009 1274 1182 756 715 691 452 1735 402 275 464 491 177 966 505 306 326 188 214 251 304 171 117 86 189 289 122 67
is_linear=0
shrinkage=0.1


Tree=3
num_leaves=31
num_cat=0
split_feature=9 12 12 14 14 7 14 7 16 14 5 5 13 7 7 95 49 5 13 7 5 16 13 16 13 1 7 13 0 13
split_gain=216.016 91.2539 73.1914 60.4206 46.7437 44.5122 28.309 24.2859 17.8262 14.1131 13.728 11.8899 11.4566 10.8706 10.4882 10.0249 9.85158 9.41293 9.31708 8.02096 7.98591 7.95812 7.88676 7.8791 7.41793 8.03503 7.01364 6.74324 6.50999 6.30901
threshold=1.0000000180025095e-35 1.0000000180025095e-35 1.0000000180025095e-35 1.0000000180025095e-35 1.0000000180025095e-35 1.0000000180025095e-35 1.0000000180025095e-35 1.0000000180025095e-35 1.0000000180025095e-35 1.0000000180025095e-35 1.0000000180025095e-35 1.0000000180025095e-35 1.0000000180025095e-35 1.0000000180025095e-35 1.0000000180025095e-35 1.0000000180025095e-35 1.0000000180025095e-35 1.0000000180025095e-35 1.0000000180025095e-35 1.0000000180025095e-35 1.0000000180025095e-35 1.0000000180025095e-35 1.0000000180025095e-35 1.0000000180025095e-35 1.0000000180025095e-35 -0.50079855322837818 1.0000000180025095e-35 1.0000000180025095e-35 9.9780974388122576 1.0000000180025095e-35
decision_type=2 2 2 2 2 2 2 2 2 2 2 2 2 2 2 2 2 2 2 2 2 2 2 2 2 2 2 2 2 2
left_child=2 4 9 5 7 8 12 10 18 11 -2 -1 -3 20 15 -13 22 -10 -4 28 -6 27 -12 -8 25 -5 -27 -7 -14 -9
right_child=1 6 3 24 13 21 23 29 17 -11 16 14 19 -15 -16 -17 -18 -19 -20 -21 -22 -23 -24 -25 -26 26 -28 -29 -30 -31
leaf_value=-0.084002606816515474 0.048635236592029868 0.16739023914944101 0.14240772974905513 0.051279452610302548 -0.050633466781134256 0.032828837950282824 0.079824493310986649 0.023236852840352623 -0.030102486189829067 -0.10322708754576225 0.13781132105865462 -0.014745401282271725 0.1855879762255036 -0.097538358631196809 -0.071990852397429847 0.13719884797588161 0.20813460072905465 0.074747857718296853 0.06329983958366614 0.035629406086252542 0.024155475390628095 -0.081958487104277999 0.023784670382720072 -0.0032717817544155592 -0.10741181303336014 -0.028688877230468774 -0.10655769490634837 -0.062900283044942107 0.087045628507212328 -0.047883237619619816
leaf_weight=84.867394477128983 49.675118058919907 68.395664781332016 36.097238898277283 7.3071094751358023 34.817651450634003 19.268990457057953 34.972835212945938 34.627989262342453 17.986298978328705 120.14126163721085 16.317678093910217 39.690266221761703 12.12028653919697 26.033142954111099 33.798631131649017 4.8756096065044394 11.056111067533491 16.341315090656281 25.339148193597794 13.034071415662764 24.201588720083237 22.309224724769592 9.6547095924615878 16.936761185526848 31.221285939216614 27.567731201648712 19.928480386734009 11.90431107580662 15.001930952072142 19.495560020208359
leaf_count=505 236 289 153 44 203 103 167 179 101 769 69 223 52 165 210 28 50 76 122 58 123 134 47 84 188 166 120 67 65 110
internal_value=-0.000817722 0.0557894 -0.0429847 -0.00175691 0.0148269 0.0367171 0.113452 0.0501796 0.0775295 -0.0772142 0.0829898 -0.0580683 0.142498 -0.0437092 -0.0299819 0.00187765 0.129078 0.0198105 0.10978 0.1001 -0.0199653 -0.0363602 0.0954242 0.0527123 -0.0685066 -0.0463424 -0.0613611 -0.00372774 0.131082 -0.00238094
internal_weight=904.985 386.341 518.644 235.271 225.88 149.247 160.462 140.827 95.764 283.373 86.7036 163.232 108.552 85.0524 78.3645 44.5659 37.0285 34.3276 61.4364 40.1563 59.0192 53.4825 25.9724 51.9096 86.0246 54.8033 47.4962 31.1733 27.1222 54.1235
internal_count=4906 1897 3009 1274 1182 756 715 691 452 1735 402 966 464 491 461 251 166 177 275 175 326 304 116 251 518 330 286 170 117 289
is_linear=0
shrinkage=0.1


Tree=4
num_leaves=31
num_cat=0
split_feature=9 12 12 14 14 7 14 7 13 14 5 16 5 7 7 16 54 7 0 5 16 13 16 0 135 13 5 40 1 0
split_gain=176.738 70.7041 63.5759 50.3224 37.8438 35.3913 22.0018 18.8745 14.1793 13.4543 10.6707 10.6361 10.0482 9.79295 9.05302 8.62841 12.6307 7.33054 7.08589 7.01076 6.95089 6.90207 6.8701 6.85549 6.84525 6.67978 6.59319 6.50823 5.81469 7.13437
threshold=1.0000000180025095e-35 1.0000000180025095e-35 1.0000000180025095e-35 1.0000000180025095e-35 1.0000000180025095e-35 1.0000000180025095e-35 1.0000000180025095e-35 1.0000000180025095e-35 1.0000000180025095e-35 1.0000000180025095e-35 1.0000000180025095e-35 1.0000000180025095e-35 1.0000000180025095e-35 1.0000000180025095e-35 1.0000000180025095e-35 1.0000000180025095e-35 1.0000000180025095e-35 1.0000000180025095e-35 6.635181427001954 1.0000000180025095e-35 1.0000000180025095e-35 1.0000000180025095e-35 1.0000000180025095e-35 3.639972567558289 1.0000000180025095e-35 1.0000000180025095e-35 1.0000000180025095e-35 1.0000000180025095e-35 0.1041143834590912 6.635181427001954
decision_type=2 2 2 2 2 2 2 2 2 2 2 2 2 2 2 2 2 2 2 2 2 2 2 2 2 2 2 2 2 2
left_child=2 4 9 5 7 8 12 11 24 10 -1 19 17 18 15 16 -12 -3 -6 -2 -7 23 -10 -5 -4 -8 -24 28 29 -13
right_child=1 6 3 21 13 20 25 -9 22 -11 14 27 -14 -15 -16 -17 -18 -19 -20 -21 -22 -23 26 -25 -26 -27 -28 -29 -30 -31
leaf_value=-0.07960377299667061 0.069593501170191335 0.126829145741328 0.11559378506397855 0.066897098319073534 0.034101079168434925 -0.0034219538195370638 0.071263565260377151 -0.002178315570717466 0.055578952593338796 -0.099475524276111837 0.12322324665600677 -0.0025686033521394079 0.16541550211658188 -0.093585206908376156 -0.067853281012223182 -0.046731734679041209 -0.021761252897681771 0.06072768178935728 -0.041461452166788641 0.14314586534862833 -0.077627110095546042 -0.10342731595187014 -0.084517476705277816 -0.054698270037332235 0.016473275496187195 -0.0043356091817273188 0.047126739231150419 0.1341572212011069 -0.045981277786178554 0.11983064666085429
leaf_weight=80.815244570374489 30.006261050701141 45.684467241168022 47.902769535779953 5.1301065087318412 17.916361898183823 31.085342139005661 35.554998576641083 53.999821439385414 25.938860803842545 112.59738259017467 10.675472661852837 12.199740990996366 39.254036739468575 24.499617666006088 32.350554764270782 20.195295557379723 13.745356038212776 26.513802230358124 40.382026806473732 22.810196712613106 21.254334598779678 29.2824467420578 8.9352972954511625 48.204358667135239 8.1531013399362546 17.411034449934959 6.6253910958766928 5.2149876505136481 10.748149603605269 7.8111200332641593
leaf_count=505 135 189 212 30 98 170 167 289 122 769 61 57 158 165 210 113 77 117 228 98 134 188 51 300 37 84 30 24 51 37
internal_value=-0.000917234 0.049603 -0.0400972 -0.00175529 0.0132531 0.0327828 0.0994765 0.044442 0.0683742 -0.0730691 -0.0542248 0.0727952 0.124694 -0.040534 -0.0275769 0.00162697 0.0416182 0.102554 -0.0182394 0.101359 -0.0335555 -0.0644191 0.0240653 -0.0430023 0.101177 0.0464125 -0.0284663 0.0308581 0.0133444 0.0452092
internal_weight=892.898 390.007 502.891 232.512 225.588 149.895 164.418 142.79 97.5554 270.379 157.782 88.7905 111.452 82.798 76.9667 44.6161 24.4208 72.1983 58.2984 52.8165 52.3397 82.6169 41.4995 53.3345 56.0559 52.966 15.5607 35.974 30.759 20.0109
internal_count=4906 1897 3009 1274 1182 756 715 691 452 1735 966 402 464 491 461 251 138 306 326 233 304 518 203 330 249 251 81 169 145 94
is_linear=0
shrinkage=0.1


Tree=5
num_leaves=31
num_cat=0
split_feature=9 14 12 12 14 7 14 7 16 13 7 13 13 7 13 7 16 13 5 0 13 7 67 16 40 16 16 8 10 67
split_gain=145.161 55.8792 55.821 48.3887 30.7022 28.2256 17.715 14.7895 12.2649 11.0122 11.2007 9.77021 9.1527 8.82314 7.12172 8.90447 7.7024 7.03205 6.8702 6.51031 6.32946 6.25411 6.13834 6.1147 6.07838 7.37043 6.06097 6.55581 5.90541 5.76285
threshold=1.0000000180025095e-35 1.0000000180025095e-35 1.0000000180025095e-35 1.0000000180025095e-35 1.0000000180025095e-35 1.0000000180025095e-35 1.0000000180025095e-35 1.0000000180025095e-35 1.0000000180025095e-35 1.0000000180025095e-35 1.0000000180025095e-35 1.0000000180025095e-35 1.0000000180025095e-35 1.0000000180025095e-35 1.0000000180025095e-35 1.0000000180025095e-35 1.0000000180025095e-35 1.0000000180025095e-35 1.0000000180025095e-35 7.7043120861053476 1.0000000180025095e-35 1.0000000180025095e-35 1.0000000180025095e-35 1.0000000180025095e-35 1.0000000180025095e-35 1.0000000180025095e-35 1.0000000180025095e-35 1.0000000180025095e-35 1.0000000180025095e-35 1.0000000180025095e-35
decision_type=2 2 2 2 2 2 2 2 2 2 2 2 2 2 2 2 2 2 2 2 2 2 2 2 2 2 2 2 2 2
left_child=1 3 4 9 7 8 12 11 20 10 23 24 -4 17 15 16 -3 19 -7 -6 -5 -8 -10 -1 25 -2 27 28 -13 -9
right_child=2 14 6 5 13 18 21 29 22 -11 -12 26 -14 -15 -16 -17 -18 -19 -20 -21 -22 -23 -24 -25 -26 -27 -28 -29 -30 -31
leaf_value=0.04591022821750218 0.1169956650865645 -0.01198691799508449 0.13258134863367552 0.11286622658194245 0.063432909355213826 -0.058981317676385786 0.063789289381538258 0.035349233553566006 0.063870304123359395 -0.080058859403463148 -0.065236069580716594 0.035113969831852991 0.073645076689333969 -0.089811285757847414 -0.1051720570802992 -0.098044648580924029 -0.081688273499704311 -0.061277826191438935 0.016792940003472069 -0.023778342701183036 0.049017893733659404 -0.0099569316157010271 -0.021520642060077116 -0.028340518062693932 0.16541901958624833 0.031930322546659284 -0.02832790185281809 -0.0068795128847937348 0.15533830319295502 -0.030595815096142617
leaf_weight=21.861229315400124 21.5166305154562 38.057519495487213 70.995086386799812 37.612576752901077 14.146547615528105 32.278342306613922 37.228439286351204 23.421087086200714 14.100483521819113 69.316256314516068 38.965182647109032 8.3140744268894196 41.90255743265152 23.051868751645088 72.419351518154144 47.204016357660294 27.174784630537033 21.889822408556938 19.013549953699112 21.673944592475891 26.441010981798172 16.639561101794243 20.89057420194149 22.512645050883293 9.5293665379285795 19.341656237840652 13.143850743770598 10.564212322235109 8.0334938764572144 30.520179212093353
leaf_count=119 90 258 289 153 76 196 171 122 71 455 266 36 175 165 516 328 185 126 108 124 122 80 106 126 40 84 69 48 35 167
internal_value=-0.000977965 -0.0373858 0.044342 -0.0109505 0.0118614 0.0293194 0.0881935 0.0394796 0.060501 -0.0506087 -0.0261138 0.0641962 0.110707 -0.0375138 -0.0807151 -0.0649626 -0.0410234 -0.016624 -0.0308923 0.0106639 0.0865099 0.0410094 0.0128897 0.00823985 0.0935006 0.0767271 0.0273329 0.0545179 0.0941944 -0.00196273
internal_weight=879.76 487.848 391.912 302.992 225.147 150.337 166.766 144.385 99.0446 152.655 83.3391 90.4433 112.898 80.7622 184.856 112.436 65.2323 57.7103 51.2919 35.8205 64.0536 53.868 34.9911 44.3739 50.3877 40.8583 40.0556 26.9118 16.3476 53.9413
internal_count=4906 3009 1897 1722 1182 756 715 691 452 966 511 402 464 491 1287 771 443 326 304 200 275 251 177 245 214 174 188 119 71 289
is_linear=0
shrinkage=0.1


Tree=6
num_leaves=31
num_cat=0
split_feature=9 12 12 14 14 7 14 14 5 13 16 7 5 7 7 5 13 13 16 16 1 7 5 49 132 13 13 83 54 26
split_gain=119.486 49.2412 44.3943 33.7837 25.0199 22.6625 14.4242 12.498 11.8802 9.87578 9.73735 9.60359 8.96609 7.92501 6.64131 6.48138 6.29608 6.27197 6.07614 6.06186 6.05357 6.36338 6.04193 5.98846 5.95433 5.86167 5.70882 5.50342 5.44099 5.61742
threshold=1.0000000180025095e-35 1.0000000180025095e-35 1.0000000180025095e-35 1.0000000180025095e-35 1.0000000180025095e-35 1.0000000180025095e-35 1.0000000180025095e-35 1.0000000180025095e-35 1.0000000180025095e-35 1.0000000180025095e-35 1.0000000180025095e-35 1.0000000180025095e-35 1.0000000180025095e-35 1.0000000180025095e-35 1.0000000180025095e-35 1.0000000180025095e-35 1.0000000180025095e-35 1.0000000180025095e-35 1.0000000180025095e-35 1.0000000180025095e-35 -0.50079855322837818 1.0000000180025095e-35 1.0000000180025095e-35 1.0000000180025095e-35 1.0000000180025095e-35 1.0000000180025095e-35 1.0000000180025095e-35 1.0000000180025095e-35 1.0000000180025095e-35 1.0000000180025095e-35
decision_type=2 2 2 2 2 2 2 2 2 2 2 2 2 2 2 2 2 2 2 2 2 2 2 2 2 2 2 2 2 2
left_child=1 7 4 5 8 10 12 9 -2 11 24 27 17 15 23 -6 20 -4 26 -8 -5 -22 -12 25 -3 -10 -7 -1 -21 -30
right_child=2 3 6 16 13 18 19 -9 14 -11 22 -13 -14 -15 -16 -17 -18 -19 -20 28 21 -23 -24 -25 -26 -27 -28 -29 29 -31
leaf_value=-0.0082260459523183938 0.010892672662797533 0.090227651433595082 0.10094625143467842 0.048555026917555665 -0.043988968648178785 0.032662685635219194 0.05930787536764616 -0.09301535854682981 0.1034941735481356 -0.076015110960912666 -0.029314682874103815 -0.06140928848870221 0.13753193332068339 -0.086175923768452012 0.024885091121616808 0.024195558159550053 -0.09597276629277994 0.040958075172081949 -0.07155535141888611 -0.076335265514215586 -0.017992805202321015 -0.096972570435733221 0.053590096927405545 0.15257983956102972 0.0082288896807175445 0.0074245262069262468 -0.056838161140722335 0.086669850259337225 -0.032694431453084614 0.11735129187367972
leaf_weight=37.231779754161835 84.168163940310478 54.270216196775436 46.54429104924202 7.3917024731636038 32.99660524725914 19.269271343946457 37.037727177143097 99.683992683887482 16.999346256256104 65.88440178334713 17.85510165989399 37.340496033430099 39.294634282588959 21.692991703748703 22.005265653133392 24.140389949083328 25.595648586750031 27.862384110689163 19.789054542779922 7.5214256346225747 25.581715703010559 16.967493295669556 17.315402165055275 11.941940039396284 10.582406565546988 10.139180719852449 11.309641391038896 7.3114899694919577 5.4396417289972305 4.6093867421150208
leaf_count=205 408 229 189 44 203 103 167 769 69 455 101 266 158 165 117 123 188 117 134 36 166 120 76 50 46 47 67 40 26 22
internal_value=-0.00101252 -0.0348355 0.0397912 -0.00108186 0.0106403 0.0263235 0.0786021 -0.0656531 0.0352564 -0.0471945 0.0538703 -0.0240052 0.0988901 -0.0347179 0.0688265 -0.015181 -0.0556452 0.078483 -0.0283801 0.0363599 -0.0349766 -0.0494878 0.0115016 0.0935688 0.0768474 0.0676017 -0.000439292 0.0073505 -0.0120133 0.03613
internal_weight=865.773 473.38 392.393 225.928 224.084 150.391 168.309 247.452 145.254 147.768 100.023 81.8838 113.701 78.83 61.0857 57.137 75.5366 74.4067 50.368 54.6082 49.9409 42.5492 35.1705 39.0805 64.8526 27.1385 30.5789 44.5433 17.5705 10.049
internal_count=4906 3009 1897 1274 1182 756 715 1735 691 966 452 511 464 491 283 326 518 306 304 251 330 286 177 166 275 116 170 245 84 48
is_linear=0
shrinkage=0.1


Tree=7
num_leaves=31
num_cat=0
split_feature=9 14 12 12 14 7 14 7 5 13 94 5 16 21 7 13 7 16 13 7 5 13 5 12 13 62 0 42 16 8
split_gain=98.6137 43.3421 35.7179 33.5227 20.4056 18.2803 12.0001 10.5542 9.70355 9.52196 8.61637 7.79411 7.28027 7.21836 7.10295 6.87588 8.17054 7.06795 6.85023 6.48282 5.83574 5.8222 5.81968 7.73443 5.24551 5.19509 5.1344 5.05022 4.86783 5.01235
threshold=1.0000000180025095e-35 1.0000000180025095e-35 1.0000000180025095e-35 1.0000000180025095e-35 1.0000000180025095e-35 1.0000000180025095e-35 1.0000000180025095e-35 1.0000000180025095e-35 1.0000000180025095e-35 1.0000000180025095e-35 1.0000000180025095e-35 1.0000000180025095e-35 1.0000000180025095e-35 1.0000000180025095e-35 1.0000000180025095e-35 1.0000000180025095e-35 1.0000000180025095e-35 1.0000000180025095e-35 1.0000000180025095e-35 1.0000000180025095e-35 1.0000000180025095e-35 1.0000000180025095e-35 1.0000000180025095e-35 1.0000000180025095e-35 1.0000000180025095e-35 1.0000000180025095e-35 7.7043120861053476 1.0000000180025095e-35 1.0000000180025095e-35 1.0000000180025095e-35
decision_type=2 2 2 2 2 2 2 2 2 2 2 2 2 2 2 2 2 2 2 2 2 2 2 2 2 2 2 2 2 2
left_child=1 3 4 8 7 9 11 18 -1 -5 12 19 13 -10 21 16 17 22 -2 -4 -7 26 -3 -24 -8 -22 -6 -9 29 -20
right_child=2 15 6 5 14 20 24 27 10 -11 -12 -13 -14 -15 -16 -17 -18 -19 28 -21 25 -23 23 -25 -26 -27 -28 -29 -30 -31
leaf_value=-0.069934930732435271 0.076451969794260277 -0.043814921237546246 0.093117972732273568 0.074565025092110271 0.056592872248978902 -0.05315856340435271 0.053667648477462797 -0.020406975560942467 -0.015049221493041604 0.012344997937414771 0.10758158686913294 0.12551624666606057 -0.066717808560148778 0.12046680155380901 -0.082647563845508462 -0.09925867885643759 -0.091503589991010784 -0.075280848804024636 0.079392583834893532 0.032326026305712977 0.092155005507125368 -0.055813608836373645 -0.02363590752102224 0.11139994376095839 -0.012166931181306311 -0.019312297263324354 -0.020653191537708313 0.051373067409063645 -0.028598668748943692 -0.0084014802226108284
leaf_weight=71.740019515156746 51.311714082956314 19.28410230576992 46.66915525496006 57.901440352201462 14.479566901922224 30.530280292034149 37.279645398259163 41.458926558494568 34.332263290882111 42.760339111089706 5.0849182307720175 38.77584208548069 27.620254203677177 4.4387672543525687 20.423682332038879 63.133878529071808 41.678565055131912 24.819208651781082 16.814529150724411 28.10601182281971 6.247941419482232 20.860368520021439 9.5710404217243212 7.6174211204051963 17.920391514897346 12.639858707785606 21.207830011844635 12.83656223118305 13.134520590305327 10.604028612375261
leaf_count=505 214 135 189 249 76 196 167 222 222 203 31 158 180 28 165 516 328 185 71 117 35 126 75 48 84 73 124 67 69 48
internal_value=-0.00102484 -0.0324599 0.0358261 -0.00934474 0.00957141 0.0236809 0.0705416 0.0315169 -0.0439531 0.0481344 -0.0178754 0.0891343 -0.0274842 0.00046556 -0.0321006 -0.0732751 -0.0573439 -0.0341152 0.0521757 0.0702679 -0.0261295 -0.0138443 -0.00610243 0.036208 0.0322948 0.0175602 0.0106881 -0.00343671 0.021459 0.0454385
internal_weight=851.283 459.4 391.883 293.296 223.132 150.08 168.751 146.16 143.216 100.662 71.4762 113.551 66.3913 38.771 76.9714 166.104 102.97 61.2918 91.8648 74.7752 49.4181 56.5478 36.4726 17.1885 55.2 18.8878 35.6874 54.2955 40.5531 27.4186
internal_count=4906 3009 1897 1722 1182 756 715 691 966 452 461 464 430 250 491 1287 771 443 402 306 304 326 258 123 251 108 200 289 188 119
is_linear=0
shrinkage=0.1


Tree=8
num_leaves=31
num_cat=0
split_feature=9 14 12 7 16 14 13 14 5 13 13 13 7 13 7 16 6 81 26 0 16 16 47 13 5 7 33 0 7 0
split_gain=81.4577 38.1339 28.9292 28.2491 18.708 16.675 10.1716 10.0805 9.31316 8.10872 6.94963 6.64025 7.56959 6.39856 6.34716 6.20446 6.00176 9.04913 6.42542 6.22514 5.70806 5.51402 5.80708 7.87835 5.22971 5.19334 5.29139 4.87608 4.8663 5.00328
threshold=1.0000000180025095e-35 1.0000000180025095e-35 1.0000000180025095e-35 1.0000000180025095e-35 1.0000000180025095e-35 1.0000000180025095e-35 1.0000000180025095e-35 1.0000000180025095e-35 1.0000000180025095e-35 1.0000000180025095e-35 1.0000000180025095e-35 1.0000000180025095e-35 1.0000000180025095e-35 1.0000000180025095e-35 1.0000000180025095e-35 1.0000000180025095e-35 1.0000000180025095e-35 1.0000000180025095e-35 1.0000000180025095e-35 5.5947980880737314 1.0000000180025095e-35 1.0000000180025095e-35 1.0000000180025095e-35 1.0000000180025095e-35 1.0000000180025095e-35 1.0000000180025095e-35 1.0000000180025095e-35 16.286105155944828 1.0000000180025095e-35 9.9780974388122576
decision_type=2 2 2 2 2 2 2 2 2 2 2 2 2 2 2 2 2 2 2 2 2 2 2 2 2 2 2 2 2 2
left_child=1 3 5 4 6 8 -1 10 27 -6 20 12 15 -5 24 -3 17 -8 -19 -18 -4 -10 23 -23 -7 26 -9 -2 29 -12
right_child=2 11 7 13 9 14 16 25 21 -11 28 -13 -14 -15 -16 -17 19 18 -20 -21 -22 22 -24 -25 -26 -27 -28 -29 -30 -31
leaf_value=0.069191060057674142 0.013916947188746288 -0.0056374482019430003 0.12421513756593335 -0.029657793073716854 0.0045208313884696283 -0.039353351463694265 0.086822522282559864 0.064334859438138867 0.082496898154792331 -0.063449836469791188 0.11872542225237961 -0.096381193497405565 -0.088179156727229757 -0.079547082763571406 -0.079202108803183111 -0.071530521150498835 0.047008281996368702 -0.093006019844219134 0.055570092225904782 -0.070636291007209459 0.066486711181797359 0.027823289140717168 0.095876666128583865 -0.12928687667164881 0.022302884418047488 -0.017112636087492469 -0.040713732123012339 -0.073719579538473481 -0.0001460183280852406 0.03482673141423772
leaf_weight=60.228313893079758 78.056594580411911 36.283124640583992 40.882748976349831 66.212072804570198 41.900481283664703 31.744123503565788 16.075506061315536 33.011733859777451 36.705716669559479 30.20253212749958 12.816802054643633 58.744408518075943 39.061431795358658 42.024851277470589 19.242876023054123 23.574185729026794 6.6055174469947842 6.691128686070444 5.1518960744142532 14.096498891711233 29.478205189108849 13.319181531667715 7.3901707828044882 4.1976317912340155 24.278662249445915 17.10411411523819 5.609845742583274 6.9110630154609671 13.73763597011566 15.957914233207701
leaf_count=272 374 258 168 456 222 203 87 145 167 192 52 516 328 309 165 185 38 36 27 83 121 59 33 24 123 80 26 34 58 65
internal_value=-0.00103078 -0.0301865 0.0323371 -0.00861664 0.0155556 0.00860749 0.0417252 0.0635609 0.0282532 -0.0239507 0.0807419 -0.0697505 -0.0539354 -0.0490282 -0.0296527 -0.0315888 0.00770213 0.0379566 -0.0283731 -0.0330987 0.100029 0.0578539 0.0215373 -0.00982572 -0.0126333 0.0287607 0.0490764 0.0067888 0.0488196 0.0721968
internal_weight=837.297 446.852 390.445 289.189 180.952 221.846 108.849 168.599 146.58 72.103 112.873 157.663 98.9187 108.237 75.2657 59.8573 48.6205 27.9185 11.843 20.702 70.361 61.6127 24.907 17.5168 56.0228 55.7257 38.6216 84.9677 42.5124 28.7747
internal_count=4906 3009 1897 1722 957 1182 543 715 691 414 464 1287 771 765 491 443 271 150 63 121 289 283 116 83 326 251 171 408 175 117
is_linear=0
shrinkage=0.1


Tree=9
num_leaves=31
num_cat=0
split_feature=9 12 12 14 14 7 5 13 7 16 7 7 16 7 5 16 5 95 62 16 13 1 7 67 13 0 8 71 135 0
split_gain=67.2278 36.7606 23.5423 19.6726 13.5962 12.0471 11.2196 8.92028 8.29325 7.45625 7.39649 6.32236 6.06432 5.65704 5.47632 5.41178 5.40814 5.33196 6.73023 7.412 5.31996 5.28543 4.99474 4.86725 4.80316 4.76002 6.75252 5.95509 4.61402 4.60613
threshold=1.0000000180025095e-35 1.0000000180025095e-35 1.0000000180025095e-35 1.0000000180025095e-35 1.0000000180025095e-35 1.0000000180025095e-35 1.0000000180025095e-35 1.0000000180025095e-35 1.0000000180025095e-35 1.0000000180025095e-35 1.0000000180025095e-35 1.0000000180025095e-35 1.0000000180025095e-35 1.0000000180025095e-35 1.0000000180025095e-35 1.0000000180025095e-35 1.0000000180025095e-35 1.0000000180025095e-35 1.0000000180025095e-35 1.0000000180025095e-35 1.0000000180025095e-35 -0.50079855322837818 1.0000000180025095e-35 1.0000000180025095e-35 1.0000000180025095e-35 9.7262148857116717 1.0000000180025095e-35 1.0000000180025095e-35 1.0000000180025095e-35 13.813826084136965
decision_type=2 2 2 2 2 2 2 2 2 2 2 2 2 2 2 2 2 2 2 2 2 2 2 2 2 2 2 2 2 2
left_child=1 6 4 5 8 12 -1 9 14 -4 17 25 28 24 -2 -7 -11 18 19 -8 21 -5 -23 -14 -6 26 -9 -27 -3 -22
right_child=2 3 7 20 13 15 10 11 -10 16 -12 -13 23 -15 -16 -17 -18 -19 -20 -21 29 22 -24 -25 -26 27 -28 -29 -30 -31
leaf_value=-0.078335073004541469 0.022596502856201253 0.07200668225816341 0.095555713471780962 0.054028833105067654 0.010516567885889646 0.006523573289835354 0.054336195193559471 0.045152402066389583 -0.0055630989788188106 0.017035845164183883 -0.066919416950087782 -0.024011637063116917 0.0523496311189309 -0.075821646664275849 0.071817739536264774 -0.063247383396290463 0.094563170167200866 0.069887814988028985 -0.054003904027775176 -0.053165958194440546 -0.10855627574451583 -0.012117627530746312 -0.087001762447163317 -0.023037912621013915 -0.05079798165145788 -0.045965094180531539 0.17322092207004083 0.057374976685555024 0.0036214694232654973 0.011050469597271425
leaf_weight=114.76264648884535 53.136345252394676 53.271631345152855 65.996627897024155 7.1952268332242957 35.568438485264778 29.34647011756897 17.050617784261703 13.688741192221643 54.784204587340355 28.494880095124245 40.331629268825054 17.50294192135334 14.53938779234886 18.14822718501091 39.338125646114349 17.896744884550571 13.150336071848868 7.0142614692449561 31.326999001204967 10.280653126537802 16.814362227916721 24.496400222182274 13.996097445487974 20.838965594768524 19.93780130147934 9.175570011138916 5.8878115415573111 14.215959921479225 12.108995258808134 3.9823489487171164
leaf_count=945 236 223 278 44 200 170 115 58 289 121 337 77 71 165 166 134 57 44 218 76 152 166 120 106 126 39 25 60 52 36
internal_value=-0.00102404 -0.0280235 0.0291838 0.00146052 0.00772399 0.0217587 -0.0566688 0.0573835 0.0252691 0.0746487 -0.0332124 0.0266505 0.0412947 -0.0273544 0.0435349 -0.0199072 0.0415167 -0.0125118 -0.0223651 0.0138993 -0.0437256 -0.0246406 -0.0393459 0.00794399 -0.0115076 0.0472876 0.0836701 0.0168388 0.0593412 -0.0856529
internal_weight=824.279 435.253 389.026 214.487 220.913 148.002 220.767 168.113 147.259 107.642 106.004 60.471 100.759 73.6545 92.4745 47.2432 41.6452 65.6725 58.6583 27.3313 66.4844 45.6877 38.4925 35.3784 55.5062 42.9681 19.5766 23.3915 65.3806 20.7967
internal_count=4906 3009 1897 1274 1182 756 1735 715 691 456 790 259 452 491 402 304 178 453 409 191 518 330 286 177 326 182 83 99 275 188
is_linear=0
shrinkage=0.1


Tree=10
num_leaves=31
num_cat=0
split_feature=9 12 14 5 13 14 14 16 13 7 16 7 7 33 13 7 0 7 13 14 11 16 54 95 0 39 133 5 7 0
split_gain=55.5095 31.5218 19.8715 16.7268 13.6018 10.6938 8.71417 9.66949 8.25779 7.84653 7.29604 7.19438 6.68596 6.57217 6.56433 6.54218 5.96686 5.96661 5.84835 5.69074 4.96414 4.83198 4.61949 5.88002 5.06141 6.00516 4.69732 4.6028 4.58231 6.5164
threshold=1.0000000180025095e-35 1.0000000180025095e-35 1.0000000180025095e-35 1.0000000180025095e-35 1.0000000180025095e-35 1.0000000180025095e-35 1.0000000180025095e-35 1.0000000180025095e-35 1.0000000180025095e-35 1.0000000180025095e-35 1.0000000180025095e-35 1.0000000180025095e-35 1.0000000180025095e-35 1.0000000180025095e-35 1.0000000180025095e-35 1.0000000180025095e-35 14.867898464202883 1.0000000180025095e-35 1.0000000180025095e-35 1.0000000180025095e-35 1.0000000180025095e-35 1.0000000180025095e-35 1.0000000180025095e-35 1.0000000180025095e-35 8.9486651420593279 1.0000000180025095e-35 1.0000000180025095e-35 1.0000000180025095e-35 1.0000000180025095e-35 9.9206023216247576
decision_type=2 2 2 2 2 2 2 2 2 2 2 2 2 2 2 2 2 2 2 2 2 2 2 2 2 2 2 2 2 2
left_child=1 5 4 6 10 8 7 13 12 18 16 -6 22 14 20 -5 28 -16 -4 -17 -3 27 24 -24 25 26 -1 -10 -2 -30
right_child=2 3 9 15 11 -7 -8 -9 21 -11 -12 -13 -14 -15 17 19 -18 -19 -20 -21 -22 -23 23 -25 -26 -27 -28 -29 29 -31
leaf_value=0.10811345990517598 0.11338770762930182 0.026085708983677521 0.027671480134550504 0.050767546216119709 0.032149075460515229 -0.082188599089846784 -0.061791167794359697 -0.050275999217077073 -0.077000683767020697 -0.046564120916737735 0.036362349597308094 -0.02472562477547512 -0.048630885443449227 -0.046254644466331235 0.029486230482759675 0.022367262028350307 0.02293248942085151 -0.10041492233735148 -0.024188473460546547 -0.078556863334773797 0.12020070550714249 -0.10215724799077348 -0.043882536015511051 0.082550884522774801 -0.012577950108022658 0.19569216019237687 -0.045869041123743223 -0.0045062784725512879 0.024024683339895186 0.11735401216856355
leaf_weight=4.5395541638135928 41.906281888484955 10.520675227046013 60.952855065464973 64.626670226454735 69.811074912548065 79.795503750443459 39.322475589811802 29.461601287126541 18.086290471255779 34.441233307123184 68.14005546271801 32.639715731143951 32.374091275036335 11.25847516953945 13.574101075530054 18.3841872215271 15.182029858231543 4.7814278751611701 33.806159093976021 8.0261775329709071 11.993063911795616 21.441732011735439 18.650593876838688 4.5820665806531897 8.4262532740831357 3.639319881796836 3.5151469558477402 16.981192842125893 18.097288638353351 12.753235816955565
leaf_count=25 176 50 306 325 305 769 323 197 155 245 297 168 266 54 60 108 66 33 191 70 54 181 107 25 48 20 20 119 85 58
internal_value=-0.00100919 -0.0260169 0.0263367 0.0012551 0.0423406 -0.0532783 -0.0231211 -0.00448382 -0.035833 -0.00568721 0.0609242 0.0140294 -0.014246 0.021397 0.0400334 0.0336306 0.0799561 -0.00435169 0.00916996 -0.00830384 0.0762207 -0.0647612 0.0114311 -0.0189467 0.0465079 0.0890829 0.0409141 -0.0418958 0.0918551 0.0626059
internal_weight=811.711 423.981 387.73 211.949 258.53 212.032 120.912 81.5893 132.236 129.2 156.079 102.451 75.727 52.1277 40.8693 91.037 87.9388 18.3555 94.759 26.4104 22.5137 56.5092 43.3529 23.2327 20.1203 11.694 8.0547 35.0675 72.7568 30.8505
internal_count=4906 3009 1897 1274 1155 1735 771 448 966 742 682 473 511 251 197 503 385 93 497 178 104 455 245 132 113 65 45 274 319 143
is_linear=0
shrinkage=0.1


Tree=11
num_leaves=31
num_cat=0
split_feature=9 14 12 12 5 5 5 16 13 13 7 16 168 7 67 0 14 6 16 33 7 14 83 0 5 1 16 14 13 16
split_gain=45.8452 27.3818 19.4558 18.0428 10.4657 8.71602 8.08326 8.03475 7.27996 6.5807 6.49898 6.26162 6.2221 6.28202 6.22173 9.6653 5.85491 5.49888 5.41337 5.34789 5.30327 4.9599 4.91919 4.91514 5.52491 5.47549 4.64851 4.61796 5.36259 4.59817
threshold=1.0000000180025095e-35 1.0000000180025095e-35 1.0000000180025095e-35 1.0000000180025095e-35 1.0000000180025095e-35 1.0000000180025095e-35 1.0000000180025095e-35 1.0000000180025095e-35 1.0000000180025095e-35 1.0000000180025095e-35 1.0000000180025095e-35 1.0000000180025095e-35 1.0000000180025095e-35 1.0000000180025095e-35 1.0000000180025095e-35 14.752909183502199 1.0000000180025095e-35 1.0000000180025095e-35 1.0000000180025095e-35 1.0000000180025095e-35 1.0000000180025095e-35 1.0000000180025095e-35 1.0000000180025095e-35 13.030800819396974 1.0000000180025095e-35 0.15917559713125232 1.0000000180025095e-35 1.0000000180025095e-35 1.0000000180025095e-35 1.0000000180025095e-35
decision_type=2 2 2 2 2 2 2 2 2 2 2 2 2 2 2 2 2 2 2 2 2 2 2 2 2 2 2 2 2 2
left_child=1 3 4 8 16 7 11 19 12 10 18 14 13 -1 15 -4 -2 21 23 20 -5 -13 -20 25 -25 -3 -6 -8 -29 -10
right_child=2 9 6 5 26 -7 27 -9 29 -11 -12 17 -14 -15 -16 -17 -18 -19 22 -21 -22 -23 -24 24 -26 -27 -28 28 -30 -31
leaf_value=0.005388084843148626 0.00073578517863597274 0.005123937922112097 0.050547865429867438 0.060315267976668523 0.047393252879778573 0.044781415093810721 0.10194655528857451 -0.046747200877586007 -0.038981158002354313 -0.089809028419437165 -0.07953297939448592 0.0082352993219892631 0.1125384957962422 -0.05493273734635086 0.076518648602706643 -0.084469398456222256 -0.044726060630236167 0.051791651153868745 -0.086654557643645672 -0.042231527839594774 -0.017509556434387837 -0.081555351807718945 0.037657548506850672 -0.017237709218533109 0.11744517375726188 -0.1033704366908105 0.00093041655567171935 0.076330378194328155 -0.041459513320270827 -0.099505390449743866
leaf_weight=41.463046371936798 86.218937993049622 15.756317257881166 20.472600266337398 28.069244191050529 57.509793542325497 66.462860733270645 36.058841198682785 28.565261602401733 34.019970536231995 49.378798976540565 32.778152368962765 17.512782707810402 3.7439844682812682 29.583191402256489 42.575043499469757 7.1549346148967734 42.191289693117142 15.262770563364027 17.058460198342804 11.106175333261488 12.725763231515883 9.4831793606281298 3.9135083407163611 5.922905892133711 6.2701645791530609 6.6002134457230559 34.420787990093231 12.564676553010942 5.5822619795799246 19.891971655189991
leaf_count=234 408 115 86 119 286 308 158 197 274 516 328 72 25 252 180 30 317 64 150 54 78 45 35 46 45 52 171 54 26 181
internal_value=-0.000994765 -0.0241547 0.0237392 -0.0059635 0.00423884 0.0179822 0.0495195 -0.00415323 -0.0333004 -0.0605734 -0.0442243 0.0342301 -0.0131078 -0.0197291 0.0525374 0.0155813 -0.0142015 0.00381704 -0.0233792 0.0192896 0.0360383 -0.0233065 -0.0634571 0.000948511 0.0520216 -0.0269063 0.0299966 0.0812405 0.0400965 -0.0613129
internal_weight=800.318 413.31 387.008 275.631 220.341 146.929 166.667 80.4664 128.702 137.679 88.2997 112.461 74.7902 71.0462 70.2026 27.6275 128.41 42.2587 55.5216 51.9012 40.795 26.996 20.972 34.5496 12.1931 22.3565 91.9306 54.2058 18.1469 53.9119
internal_count=4906 3009 1897 1722 1182 756 715 448 966 1287 771 477 511 486 296 116 725 181 443 251 197 117 185 258 91 167 457 238 80 455
is_linear=0
shrinkage=0.1


Tree=12
num_leaves=31
num_cat=0
split_feature=9 12 12 5 5 13 13 41 5 138 7 7 14 16 7 127 14 39 42 16 74 16 42 16 1 1 78 14 13 15
split_gain=37.8977 24.0593 15.938 11.4673 10.0312 8.60995 8.54674 7.85509 6.88891 6.32479 5.82159 5.81351 5.71628 5.18723 5.18667 8.28933 5.06526 4.93524 4.50437 4.68844 4.40764 5.34436 4.5776 4.36017 6.63473 5.65201 4.48009 4.32776 4.8627 5.09555
threshold=1.0000000180025095e-35 1.0000000180025095e-35 1.0000000180025095e-35 1.0000000180025095e-35 1.0000000180025095e-35 1.0000000180025095e-35 1.0000000180025095e-35 1.0000000180025095e-35 1.0000000180025095e-35 1.0000000180025095e-35 1.0000000180025095e-35 1.0000000180025095e-35 1.0000000180025095e-35 1.0000000180025095e-35 1.0000000180025095e-35 1.0000000180025095e-35 1.0000000180025095e-35 1.0000000180025095e-35 1.0000000180025095e-35 1.0000000180025095e-35 1.0000000180025095e-35 1.0000000180025095e-35 1.0000000180025095e-35 1.0000000180025095e-35 -0.011027454398572443 -0.22746976464986798 1.0000000180025095e-35 1.0000000180025095e-35 1.0000000180025095e-35 1.0000000180025095e-35
decision_type=2 2 2 2 2 2 2 2 2 2 2 2 2 2 2 2 2 2 2 2 2 2 2 2 2 2 2 2 2 2
left_child=1 4 5 6 -1 7 12 14 11 13 20 -4 18 -5 15 -2 -15 -16 19 -3 21 22 -6 26 25 -25 -7 28 29 -22
right_child=2 3 8 9 10 23 -8 -9 -10 -11 -12 -13 -14 16 17 -17 -18 -19 -20 -21 27 -23 -24 24 -26 -27 -28 -29 -30 -31
leaf_value=-0.06979411711291833 0.0045019145470071341 0.034981136421097285 0.047406945079072567 0.038474158766297339 0.058803415541798743 -0.01458176571314785 -0.053233413741270587 0.089815546984741326 0.074510192551102375 0.12723016853819111 -0.057127524730452177 -0.00041188385362469658 -0.036385255354213719 0.010138501967724367 -0.0010976517475172012 0.074576987464728545 -0.087599647976950176 -0.090156594898265108 0.089827646032351383 -0.039642697503989695 -0.036543497681862054 -0.03513035030285127 -0.046858057913416434 -0.046836970764332596 -0.10589571780638536 0.096608795903241673 0.083473920022215944 -0.11325147787058912 -0.098291230578019168 0.11354012650931096
leaf_weight=99.316585868597031 53.853910446166992 23.743319377303123 73.376794502139091 56.654688693583012 21.832622759044174 52.800228491425514 45.560238301753998 14.189545616507528 53.251141801476479 5.98721670359373 35.201977357268333 38.90303398668766 24.537146262824535 21.782657682895664 35.316477753221989 24.588012099266052 7.0084292367100707 7.5530904009938231 8.3622756078839284 13.044909194111822 5.2310023754835147 15.2642705142498 5.0482680797576895 9.5634063109755498 12.991644188761709 3.853645138442519 5.1105169951915732 6.327111415565013 4.5172128900885573 3.9858650118112564
leaf_count=945 260 111 311 304 148 291 325 70 238 33 337 166 200 105 215 111 61 51 44 91 29 123 36 56 79 22 27 63 33 21
internal_value=-0.000975587 -0.0223992 0.0214517 0.00142675 -0.0474309 0.00380379 -0.0195537 0.0194158 0.0448877 0.0278718 -0.0246295 0.0308385 0.00246537 0.0209097 0.0111813 0.0264673 -0.0136533 -0.0167887 0.0235788 0.00851992 -0.00623922 0.0121257 0.03896 -0.0212847 -0.0549586 -0.00563648 -0.00592853 -0.0448209 -0.0132958 0.0283607
internal_weight=788.757 403.406 385.351 206.681 196.725 219.82 115.248 135.501 165.531 91.433 97.4083 112.28 69.6877 85.4458 121.311 78.4419 28.7911 42.8696 45.1505 36.7882 62.2064 42.1452 26.8809 84.3194 26.4087 13.4171 57.9107 20.0612 13.7341 9.21687
internal_count=4906 3009 1897 1274 1735 1182 771 707 715 503 790 477 446 470 637 371 166 266 246 202 453 307 184 475 157 78 318 146 83 50
is_linear=0
shrinkage=0.1


Tree=13
num_leaves=31
num_cat=0
split_feature=14 13 7 7 7 13 16 1 16 24 0 9 8 46 5 6 81 10 0 11 140 0 9 0 5 0 8 68 129 12
split_gain=35.8676 23.1917 14.2922 13.3398 12.4011 10.0409 7.91479 7.63204 6.97309 7.61091 6.61748 6.56949 6.11362 5.83298 5.67509 5.43367 8.64031 7.4164 5.26213 4.70049 7.37671 5.44949 4.69571 5.02915 4.67535 4.42551 4.22858 4.22042 4.17031 4.10563
threshold=1.0000000180025095e-35 1.0000000180025095e-35 1.0000000180025095e-35 1.0000000180025095e-35 1.0000000180025095e-35 1.0000000180025095e-35 1.0000000180025095e-35 0.84196516871452343 1.0000000180025095e-35 1.0000000180025095e-35 17.041751861572269 1.0000000180025095e-35 1.0000000180025095e-35 1.0000000180025095e-35 1.0000000180025095e-35 1.0000000180025095e-35 1.0000000180025095e-35 1.0000000180025095e-35 8.8049278259277362 1.0000000180025095e-35 1.0000000180025095e-35 3.639972567558289 1.0000000180025095e-35 13.813826084136965 1.0000000180025095e-35 15.924708843231203 1.0000000180025095e-35 1.0000000180025095e-35 1.0000000180025095e-35 1.0000000180025095e-35
decision_type=2 2 2 2 2 2 2 2 2 2 2 2 2 2 2 2 2 2 2 2 2 2 2 2 2 2 2 2 2 2
left_child=1 3 5 6 8 10 7 13 9 -3 19 -5 -8 -1 -14 16 17 -11 -17 20 21 -2 23 -7 -25 -24 -18 -21 -13 -10
right_child=2 4 -4 11 -6 22 12 -9 29 15 -12 28 14 -15 -16 18 26 -19 -20 27 -22 -23 25 24 -26 -27 -28 -29 -30 -31
leaf_value=-0.037696541893747861 0.080315694241063315 0.12981230551386727 -0.06734283520340488 -0.018265950406797137 -0.047277661477717892 -0.098011968780524761 0.047514072202862377 -0.022826605318887801 -0.055031340036079124 0.024689546342107405 0.090622732358906 0.041477358140010134 -0.041155937908523378 0.079080234998095633 0.041073112534149581 0.018899278550955727 0.019018446809792065 0.1241264840890932 -0.057466717739287666 -0.018675482349028827 0.11815296433577549 -0.010205616189815267 -0.010192752328526032 -0.078992541771672822 0.097048608257431931 -0.13276241769525124 -0.074437383205701244 -0.11103332833250011 -0.020667563977725876 0.0031229225833434063
leaf_weight=4.4812835454940787 7.5916443243622771 6.0040685683488837 77.930759154260159 59.616629101336002 66.833129204809666 23.564256176352504 48.782481491565704 8.9207919985055906 24.154614225029945 17.085661746561527 7.7726097479462615 49.659032881259918 20.447299420833588 94.005131587386131 14.237020209431646 19.655943393707275 13.224733553826811 13.370144054293634 16.680585876107216 34.662303104996681 5.8936671316623679 53.645253710448742 29.804689764976501 3.1932262778282157 2.8597167357802391 3.2688373625278464 7.6376285627484313 5.771599017083644 13.798895284533499 24.406449690461159
leaf_count=21 43 27 750 456 477 272 232 40 180 80 48 229 104 419 67 103 63 67 87 232 37 347 171 38 29 20 39 42 64 122
internal_value=-0.000954243 0.0140574 -0.0316275 0.031241 -0.0117484 -0.0159933 0.0477932 0.0657441 0.00494784 0.020892 0.00151555 0.00557046 0.0246935 0.0737667 -0.00740303 0.0134313 0.0343819 0.0683425 -0.0161572 -0.00492333 0.0113004 0.00101647 -0.0482058 -0.0771271 0.00417821 -0.022307 -0.0151954 -0.0318588 0.027964 -0.0258034
internal_weight=778.96 523.002 255.959 313.949 209.053 178.028 190.874 107.407 142.22 93.6588 115.337 123.075 83.4668 98.4864 34.6843 87.6547 51.3182 30.4558 36.3365 107.564 67.1306 61.2369 62.6907 29.6172 6.05294 33.0735 20.8624 40.4339 63.4579 48.5611
internal_count=4906 2877 2029 1632 1245 1279 883 480 768 466 749 749 403 440 171 439 249 147 190 701 427 390 530 339 67 191 102 274 293 302
is_linear=0
shrinkage=0.1


Tree=14
num_leaves=31
num_cat=0
split_feature=9 12 12 16 14 1 5 13 5 5 139 8 94 26 16 67 0 69 53 10 40 139 14 6 13 41 6 16 21 108
split_gain=29.8917 19.4104 13.1333 8.73844 8.51317 7.90703 7.81578 7.64401 5.79593 5.67782 5.45957 15.8728 5.45425 5.35027 4.99538 4.90482 7.95535 4.64951 6.07539 4.78119 4.43847 4.46858 4.41261 4.66122 4.40556 4.73079 4.32378 4.30765 4.97268 4.30091
threshold=1.0000000180025095e-35 1.0000000180025095e-35 1.0000000180025095e-35 1.0000000180025095e-35 1.0000000180025095e-35 0.95330443978309642 1.0000000180025095e-35 1.0000000180025095e-35 1.0000000180025095e-35 1.0000000180025095e-35 1.0000000180025095e-35 1.0000000180025095e-35 1.0000000180025095e-35 1.0000000180025095e-35 1.0000000180025095e-35 1.0000000180025095e-35 14.752909183502199 1.0000000180025095e-35 1.0000000180025095e-35 1.0000000180025095e-35 1.0000000180025095e-35 1.0000000180025095e-35 1.0000000180025095e-35 1.0000000180025095e-35 1.0000000180025095e-35 1.0000000180025095e-35 1.0000000180025095e-35 1.0000000180025095e-35 1.0000000180025095e-35 1.0000000180025095e-35
decision_type=2 2 2 2 2 2 2 2 2 2 2 2 2 2 2 2 2 2 2 2 2 2 2 2 2 2 2 2 2 2
left_child=1 4 6 5 9 7 10 20 14 -1 24 -12 27 -9 15 16 -4 29 -19 -20 21 -3 23 -15 25 -2 -16 28 -11 -5
right_child=2 3 8 17 -6 -7 -8 13 -10 12 11 -13 -14 22 26 -17 -18 18 19 -21 -22 -23 -24 -25 -26 -27 -28 -29 -30 -31
leaf_value=-0.051162229613562364 -0.013320016313852582 0.047695843223561088 0.042726907967303988 -0.047638758994523189 -0.072718737901495231 0.163121387702721 0.025093999183078711 -0.061566924182777406 0.06791846291115404 -0.0091537680484803756 -0.053497609744373398 0.17226278563519917 0.089776820670949525 0.065787378971344901 -0.024111328328601474 0.065350974757789934 -0.080516029460724184 0.11637056862384038 0.035547805562864888 -0.10545762129966485 -0.029873091813344195 -0.03636645077971034 -0.064640403452958753 -0.031280573885760263 -0.043642613585459046 0.06997882600859115 0.042762338132735216 -0.050534349757725042 0.10186843649572347 0.067913321624075013
leaf_weight=56.427116528153419 58.511654436588287 64.413174167275429 20.346283644437793 52.45103894174099 65.512784272432327 3.5645797029137603 91.69365368783474 18.73755868524313 52.138258412480354 32.064478047192097 6.8419203981757146 5.7161424979567528 5.2661361396312705 13.312935903668409 26.602795585989952 42.144753068685532 7.0533403307199469 4.7046424672007534 5.9474702924489975 4.036970816552639 10.609902828931807 7.0120261907577506 6.4696470871567717 7.8724619150161734 47.012412898242474 7.7172127515077582 15.188313752412794 22.802124284207821 4.6149766892194739 3.4318618923425666
leaf_count=505 331 359 86 375 769 19 457 119 238 222 39 32 31 64 117 180 30 31 43 29 59 38 74 40 284 39 64 180 28 24
internal_value=-0.00092628 -0.0204156 0.0189869 0.00102209 -0.0436764 0.0162093 0.0028899 0.0121317 0.040403 -0.0279748 -0.0132944 0.0492633 -0.00776713 -0.0203103 0.0275176 0.0439378 0.0110011 -0.0273828 0.0226816 -0.0214644 0.0304783 0.0394432 0.007643 0.0297171 -0.0202318 -0.00361375 0.000192842 -0.0164031 0.00481495 -0.0405425
internal_weight=770.219 389.252 380.967 202.564 186.688 131.992 217.493 128.428 163.474 121.175 125.799 12.5581 64.7477 46.3926 111.335 69.5444 27.3996 70.572 14.6891 9.98444 82.0351 71.4252 27.655 21.1854 113.241 66.2289 41.7911 59.4816 36.6795 55.8829
internal_count=4906 3009 1897 1274 1735 772 1182 753 715 966 725 71 461 297 477 296 116 502 103 72 456 397 178 104 654 370 181 430 250 399
is_linear=0
shrinkage=0.1


Tree=15
num_leaves=31
num_cat=0
split_feature=14 7 7 13 13 13 16 1 100 16 12 97 16 24 8 0 46 5 8 67 54 70 13 81 0 12 56 6 0 73
split_gain=28.343 17.9714 12.6066 11.3454 9.64591 7.9606 5.58952 6.28112 5.28391 5.70892 6.39285 5.41466 5.24377 5.98119 4.9249 4.91305 4.85013 4.46375 4.24323 5.00183 7.00548 6.2702 4.10812 4.05468 4.35594 4.04132 4.03144 4.9356 4.43838 4.01082
threshold=1.0000000180025095e-35 1.0000000180025095e-35 1.0000000180025095e-35 1.0000000180025095e-35 1.0000000180025095e-35 1.0000000180025095e-35 1.0000000180025095e-35 0.84196516871452343 1.0000000180025095e-35 1.0000000180025095e-35 1.0000000180025095e-35 1.0000000180025095e-35 1.0000000180025095e-35 1.0000000180025095e-35 1.0000000180025095e-35 17.041751861572269 1.0000000180025095e-35 1.0000000180025095e-35 1.0000000180025095e-35 1.0000000180025095e-35 1.0000000180025095e-35 1.0000000180025095e-35 1.0000000180025095e-35 1.0000000180025095e-35 4.9609856605529794 1.0000000180025095e-35 1.0000000180025095e-35 1.0000000180025095e-35 12.992471218109133 1.0000000180025095e-35
decision_type=2 2 2 2 2 2 2 2 2 2 2 2 2 2 2 2 2 2 2 2 2 2 2 2 2 2 2 2 2 2
left_child=1 3 5 6 8 15 7 16 9 10 -3 -11 13 -5 26 -2 -1 29 19 20 -15 23 25 -21 -25 -4 28 -28 -8 -16
right_child=2 4 22 12 -6 -7 14 -9 -10 11 -12 -13 -14 18 17 -17 -18 -19 -20 21 -22 -23 -24 24 -26 -27 27 -29 -30 -31
leaf_value=-0.037188516819888592 -0.0043980797745277909 -0.012242461586817785 -0.077509889459380435 0.11499739759777357 -0.043687881165941835 -0.043900629986047796 0.035908256513936726 -0.022930590888446501 0.11004576892851417 -0.040398150794082856 0.047107103971947645 0.068934638811480139 -0.0222660349488858 0.055308662972271008 -0.00039519851817818578 0.07647403179623008 0.069950498294836391 0.036860850666030565 -0.01677609360769107 0.069948662143266921 -0.049908104992001302 0.15543699992442714 -0.10018647584462251 -0.10792347562339002 0.033340896256798307 -0.021491805166332801 0.10075227324075003 0.020530845057930486 -0.077213081286162583 -0.092139388630565561
leaf_weight=4.4270571172237387 106.13457500189543 36.32915386557579 24.656661845743656 6.0326776131987563 64.346106745302677 59.034120105206966 12.734653979539873 8.8502349406480771 4.5376058518886557 39.796569533646107 36.268060147762299 5.111506111919879 47.028027385473251 11.372518770396709 12.086813792586328 8.0841368511319143 92.714221358299255 14.151755243539808 32.201312489807606 13.984197422862056 14.266172170639038 5.3237527608871451 21.605463139712811 3.28050397336483 6.5234369784593582 26.960321269929409 17.26135216653347 13.801465809345247 4.7667358368635169 7.8664159923791876
leaf_count=21 701 246 305 27 477 530 61 40 28 267 173 35 302 53 62 48 419 67 169 70 73 25 247 16 33 198 81 68 22 42
internal_value=-0.000899001 0.0124465 -0.0287872 0.0265131 -0.0123582 -0.0140846 0.0425186 0.05772 0.00416019 7.12906e-05 0.0174073 -0.0279537 0.00494628 0.0187092 0.0230287 0.00132586 0.0650678 -0.00609699 0.0120288 0.0289703 -0.00323725 0.0573353 -0.0635753 0.0353802 -0.0139277 -0.0482508 0.0434827 0.0651092 0.00509816 -0.0365647
internal_weight=761.538 515.062 246.475 328.673 186.389 173.253 188.661 105.992 122.043 117.505 72.5972 44.9081 140.013 92.9846 82.6692 114.219 97.1413 34.105 86.9519 54.7506 25.6387 29.1119 73.2224 23.7881 9.80394 51.617 48.5642 31.0628 17.5014 19.9532
internal_count=4906 2877 2029 1651 1226 1279 883 480 749 721 419 302 768 466 403 749 440 171 439 270 126 144 750 119 49 503 232 149 83 104
is_linear=0
shrinkage=0.1


Tree=16
num_leaves=31
num_cat=0
split_feature=9 12 12 5 5 5 138 13 14 5 0 139 8 95 16 137 61 168 15 7 100 0 41 0 16 94 94 8 69 11
split_gain=24.9314 15.2771 10.2483 8.07598 7.43262 6.17526 5.32054 5.07509 4.99767 5.14999 4.68702 4.49641 12.2265 4.23151 3.98967 4.46688 4.00636 3.79472 6.49632 3.78642 3.72052 4.6388 4.97536 4.85012 5.37923 3.81323 3.71426 3.61393 5.97488 5.26525
threshold=1.0000000180025095e-35 1.0000000180025095e-35 1.0000000180025095e-35 1.0000000180025095e-35 1.0000000180025095e-35 1.0000000180025095e-35 1.0000000180025095e-35 1.0000000180025095e-35 1.0000000180025095e-35 1.0000000180025095e-35 14.867898464202883 1.0000000180025095e-35 1.0000000180025095e-35 1.0000000180025095e-35 1.0000000180025095e-35 1.0000000180025095e-35 1.0000000180025095e-35 1.0000000180025095e-35 1.0000000180025095e-35 1.0000000180025095e-35 1.0000000180025095e-35 5.07460641860962 1.0000000180025095e-35 2.8952771425247197 1.0000000180025095e-35 1.0000000180025095e-35 1.0000000180025095e-35 1.0000000180025095e-35 1.0000000180025095e-35 1.0000000180025095e-35
decision_type=2 2 2 2 2 2 2 2 2 2 2 2 2 2 2 2 2 2 2 2 2 2 2 2 2 2 2 2 2 2
left_child=1 4 5 7 17 11 27 -3 9 -4 26 20 -13 14 15 16 -7 -1 -19 -9 21 23 25 -2 -25 -23 -6 -5 29 -29
right_child=2 3 8 6 10 13 -8 19 -10 -11 -12 12 -14 -15 -16 -17 -18 18 -20 -21 -22 22 -24 24 -26 -27 -28 28 -30 -31
leaf_value=-0.066055563679871962 -0.047106956627852824 -0.0014457212777068626 0.034498103937536842 0.0007493581964189925 -0.038216521021242122 0.019355941407359342 0.11267689489605895 -0.027349567297742641 0.012584654464778872 0.082485869136334752 0.026087177135761547 -0.049164281370331339 0.14765143074930756 -0.036206539109011511 0.002076415092336067 0.14161816943307629 0.084572903605513713 -0.10926665065928907 0.14327054791478031 -0.095248937955683843 0.065085490994366391 -0.051678131958046575 0.030259083562052615 0.087850606189440156 -0.032300311753238664 0.021394229699613774 0.042482221230073919 -0.018321459075430046 0.12135456855077889 0.087306454280671325
leaf_weight=82.207427337765694 8.1980903595685977 68.175764970481396 71.897223457694054 55.374096862971783 68.008608855307102 32.134923383593559 6.0602271407842627 30.225039824843407 56.901631042361259 32.460775583982468 17.495373345911503 6.6003188267350179 6.0490581020712852 10.727680519223211 30.401956036686897 4.6258121579885474 13.325578987598417 1.8192448541522015 2.3146418929100037 11.277209125459192 5.1417070925235739 62.11938887834549 10.588648147881029 10.936593823134901 5.6518262550234786 8.0691059455275518 6.2255615517497054 13.984667360782629 7.4761540144681922 7.1226671785116187
leaf_count=897 46 446 306 310 598 160 33 208 251 158 146 39 32 54 153 23 67 24 24 117 30 377 56 63 33 49 46 84 40 36
internal_value=-0.000858244 -0.0190003 0.0173773 -1.05348e-05 -0.0402963 0.00306177 0.0221872 -0.0182292 0.0364255 0.0494248 -0.0204751 -0.0115264 0.044955 0.0227899 0.030653 0.0479988 0.0384726 -0.0613544 0.0321337 -0.0457995 -0.01798 -0.0220259 -0.033638 0.0158168 0.0469141 -0.0432775 -0.0314488 0.0156555 0.0445327 0.0173227
internal_weight=753.597 377.767 375.83 199.696 178.071 214.571 90.0178 109.678 161.26 104.358 91.7295 123.355 12.6494 91.216 80.4883 50.0863 45.4605 86.3413 4.13389 41.5022 110.705 105.564 80.7771 24.7865 16.5884 70.1885 74.2342 83.9576 28.5835 21.1073
internal_count=4906 3009 1897 1274 1735 1182 503 771 715 464 790 725 71 457 403 250 227 945 48 325 654 624 482 142 96 426 644 470 160 120
is_linear=0
shrinkage=0.1


Tree=17
num_leaves=31
num_cat=0
split_feature=14 7 7 13 13 13 16 1 21 104 16 24 8 10 81 100 16 12 97 13 6 83 24 74 0 1 0 33 139 6
split_gain=22.651 14.325 10.9448 9.0682 7.64201 6.57963 4.50495 5.26642 4.39621 4.38164 4.08993 4.73751 3.97525 4.07161 6.71917 3.95753 4.46453 4.55301 4.30052 3.88754 3.8035 9.78486 4.60772 4.12958 3.8256 4.04543 6.70246 4.78595 3.75914 3.75145
threshold=1.0000000180025095e-35 1.0000000180025095e-35 1.0000000180025095e-35 1.0000000180025095e-35 1.0000000180025095e-35 1.0000000180025095e-35 1.0000000180025095e-35 0.84196516871452343 1.0000000180025095e-35 1.0000000180025095e-35 1.0000000180025095e-35 1.0000000180025095e-35 1.0000000180025095e-35 1.0000000180025095e-35 1.0000000180025095e-35 1.0000000180025095e-35 1.0000000180025095e-35 1.0000000180025095e-35 1.0000000180025095e-35 1.0000000180025095e-35 1.0000000180025095e-35 1.0000000180025095e-35 1.0000000180025095e-35 1.0000000180025095e-35 17.166323661804203 0.70035743713378917 14.109513759613039 1.0000000180025095e-35 1.0000000180025095e-35 1.0000000180025095e-35
decision_type=2 2 2 2 2 2 2 2 2 2 2 2 2 2 2 2 2 2 2 2 2 2 2 2 2 2 2 2 2 2
left_child=1 3 5 6 15 9 7 8 28 20 11 -5 -8 14 -14 16 17 -3 -18 -4 21 24 -22 -23 25 26 27 -2 -1 -13
right_child=2 4 19 10 -6 -7 12 -9 -10 -11 -12 29 13 -15 -16 -17 18 -19 -20 -21 22 23 -24 -25 -26 -27 -28 -29 -30 -31
leaf_value=0.056545066517169576 -0.030477280279758275 -0.010329288751751433 -0.044856993878195917 0.10220525431593919 -0.039938172024710873 -0.040346671176058543 0.038990263991034141 -0.022072588464451114 0.11112592076135858 0.10751166850922236 -0.020029063649620552 0.027920119874954869 0.067477881891542676 -0.051366178422787734 -0.047074906754802075 0.09358775847329022 -0.037011589856214104 0.039944569733072054 0.059382123618463914 -0.097544655547241094 0.086984399639970428 0.13903277462750166 -0.034631993838162699 0.016824849758236182 0.082673367087216287 -0.088222706069109008 0.11518356262790093 0.066543121801883334 -0.020173379297001262 -0.014483472370805724
leaf_weight=74.689565390348434 33.035656437277794 35.717552661895752 49.386833284050226 6.0272891446948043 61.599359057843685 56.857193484902382 48.311018481850624 8.7971218079328519 13.738235861063002 3.7573378831148139 45.930030018091202 50.788611121475697 12.566375188529491 12.382181406021116 8.6415724605321884 4.6724568977951995 38.575481615960598 36.344603940844536 5.2593422010540953 19.546889435499907 3.3765161260962477 7.6186256632208806 40.271342620253563 4.3403399661183357 4.5346176326274863 6.2904305160045615 4.3597814440727225 6.00930131971836 6.9841057956218711 35.410178184509277
leaf_count=344 211 246 503 27 477 530 232 40 62 27 302 249 63 66 42 28 267 173 35 247 20 50 281 27 25 40 29 39 34 190
internal_value=-0.000826141 0.0111554 -0.0261739 0.0237612 -0.0112834 -0.012576 0.0381694 0.0519622 0.0587883 0.001324 0.00435194 0.0164941 0.0206198 -0.00580153 0.0208012 0.00335648 -0.000281253 0.0150264 -0.0254462 -0.0597971 -0.00230851 0.012803 -0.025224 0.0946791 -0.00525266 -0.0132758 -0.00241412 -0.0155451 0.0499847 0.0105009
internal_weight=745.82 506.435 239.385 324.266 182.169 170.451 186.11 104.209 95.4119 113.594 138.156 92.2261 81.9011 33.5901 21.2079 120.569 115.897 72.0622 43.8348 68.9337 109.837 66.1888 43.6479 11.959 54.2298 49.6952 43.4047 39.045 81.6737 86.1988
internal_count=4906 2877 2029 1651 1226 1279 883 480 440 749 768 466 403 171 105 749 721 419 302 750 722 421 301 77 344 319 279 250 378 439
is_linear=0
shrinkage=0.1


Tree=18
num_leaves=31
num_cat=0
split_feature=9 14 12 7 5 12 47 1 6 13 104 5 135 70 53 1 16 74 0 49 139 8 79 168 1 16 137 54 7 1
split_gain=20.8884 13.0542 8.38631 7.99881 4.95692 4.67162 5.20961 5.66001 7.11589 4.66096 4.98834 4.38784 4.2836 3.87378 6.00961 4.86854 4.06559 5.15565 4.95077 3.85134 3.80662 9.62743 3.68609 3.67343 3.99279 3.45367 3.35937 4.40517 3.32098 3.9813
threshold=1.0000000180025095e-35 1.0000000180025095e-35 1.0000000180025095e-35 1.0000000180025095e-35 1.0000000180025095e-35 1.0000000180025095e-35 1.0000000180025095e-35 0.84196516871452343 1.0000000180025095e-35 1.0000000180025095e-35 1.0000000180025095e-35 1.0000000180025095e-35 1.0000000180025095e-35 1.0000000180025095e-35 1.0000000180025095e-35 0.56163966655731212 1.0000000180025095e-35 1.0000000180025095e-35 14.205338954925539 1.0000000180025095e-35 1.0000000180025095e-35 1.0000000180025095e-35 1.0000000180025095e-35 1.0000000180025095e-35 0.825994372367859 1.0000000180025095e-35 1.0000000180025095e-35 1.0000000180025095e-35 1.0000000180025095e-35 0.63586583733558666
decision_type=2 2 2 2 2 2 2 2 2 2 2 2 2 2 2 2 2 2 2 2 2 2 2 2 2 2 2 2 2 2
left_child=1 3 4 5 20 6 -1 8 -8 10 25 28 -7 -5 15 -15 17 -16 -19 22 23 -22 26 24 -2 -3 27 -6 29 -4
right_child=2 9 11 13 19 12 7 -9 -10 -11 -12 -13 -14 14 16 -17 -18 18 -20 -21 21 -23 -24 -25 -26 -27 -28 -29 -30 -31
leaf_value=-0.028669693715367223 -0.014849201899930317 -0.022349659369228017 0.047686998235809908 -0.043877925092391301 -0.02425106271137948 0.03114746672707476 0.11562051620438044 -0.093356642651996696 -0.012462519753706082 -0.0766067939338681 0.085546379396078759 0.058096832066084708 -0.025119147601698984 0.19597152945591007 -0.040584791693899377 0.015047781997347418 -0.085677953144147292 0.0033936145630640321 0.20134790896113006 0.054153312331295701 -0.045155491284396977 0.12912858373031286 -0.081879020971576053 0.071052921448954046 -0.092066289469765805 -0.068205559654682418 0.088979708872109389 0.032085323833963085 -0.0017211941772689939 -0.0088166933991638743
leaf_weight=51.929063126444817 96.811734713613987 48.151364501565695 55.119469821453094 60.503120422363281 25.092609494924545 80.863002464175224 8.8933520615100896 3.1092001572251311 8.4673587456345558 34.80496234446764 3.4216167852282515 49.384083241224289 16.249164789915085 2.5008956864476231 8.3880752697587031 3.6698734760284424 7.0565081536769858 3.0199952274560919 2.1720987185835838 24.880259141325951 6.3684101030230504 6.3099820464849472 4.2696693763136855 4.6078359112143508 7.1941556409001342 24.92706648260355 5.4739563763141623 31.061156868934631 37.946051359176636 16.116258531808853
leaf_count=365 576 457 243 538 128 376 59 22 59 516 31 238 76 21 65 31 70 21 19 120 39 32 22 29 49 283 28 159 166 68
internal_value=-0.000791619 -0.017664 0.0159665 -0.00526691 0.00295951 0.00739885 -0.0118279 0.0308973 0.0531504 -0.0462685 -0.0324657 0.0333624 0.0217327 -0.0298571 0.00178714 0.0883727 -0.0241036 0.0078915 0.0862073 0.0206318 -0.0102668 0.041585 0.00797542 -0.0163194 -0.0201904 -0.0379911 0.0142007 0.00691111 0.0221747 0.0349037
internal_weight=738.762 368.127 370.636 256.822 212.07 169.511 72.399 20.4699 17.3607 111.305 76.5 158.566 97.1122 87.3106 26.8074 6.17077 20.6367 13.5802 5.19209 90.7777 121.292 12.6784 65.8974 108.614 104.006 73.0784 61.6277 56.1538 109.182 71.2357
internal_count=4906 3009 1897 1722 1182 957 505 140 118 1287 771 715 452 765 227 52 175 105 40 457 725 71 337 654 625 740 315 287 477 311
is_linear=0
shrinkage=0.1


Tree=19
num_leaves=31
num_cat=0
split_feature=9 12 14 5 5 5 138 0 130 138 13 23 13 168 12 0 13 7 7 21 0 21 0 95 12 0 36 16 6 94
split_gain=17.1948 11.1983 7.67845 6.45387 6.1815 5.05152 4.40504 4.06569 3.96093 4.24205 3.88724 4.96347 3.75722 7.32423 3.74205 3.62257 3.51196 3.58852 3.47661 5.43099 3.76278 3.94593 6.59335 3.70382 3.61877 4.38506 3.40663 3.53261 3.22613 3.10844
threshold=1.0000000180025095e-35 1.0000000180025095e-35 1.0000000180025095e-35 1.0000000180025095e-35 1.0000000180025095e-35 1.0000000180025095e-35 1.0000000180025095e-35 14.867898464202883 1.0000000180025095e-35 1.0000000180025095e-35 1.0000000180025095e-35 1.0000000180025095e-35 1.0000000180025095e-35 1.0000000180025095e-35 1.0000000180025095e-35 6.0177960395812997 1.0000000180025095e-35 1.0000000180025095e-35 1.0000000180025095e-35 1.0000000180025095e-35 16.735113143920902 1.0000000180025095e-35 10.513347148895265 1.0000000180025095e-35 1.0000000180025095e-35 5.1238877773284921 1.0000000180025095e-35 1.0000000180025095e-35 1.0000000180025095e-35 1.0000000180025095e-35
decision_type=2 2 2 2 2 2 2 2 2 2 2 2 2 2 2 2 2 2 2 2 2 2 2 2 2 2 2 2 2 2
left_child=1 3 5 12 10 18 -6 29 15 -10 -3 -12 13 -1 26 -4 -17 -18 20 23 21 24 -23 -20 25 -2 27 28 -7 -5
right_child=2 4 8 7 6 14 -8 -9 9 -11 11 -13 -14 -15 -16 16 17 -19 19 -21 -22 22 -24 -25 -26 -27 -28 -29 -30 -31
leaf_value=-0.046823149042705361 0.055382101213086558 -0.0016205407038345971 -0.11525022629026996 -0.033755616797367528 0.013463343491998812 0.013794478798191174 0.10138287203303038 0.026780286545138456 0.038824308220618699 -0.056187462626217002 0.099452884550178311 -0.05036813901477092 -0.081779262855654677 0.13371615554684513 0.072080473190910127 0.00082558751857861172 -0.025277186487633704 -0.11903350941947932 -0.002817910626531161 -0.074777980076841444 -0.056891773387622593 0.012742167922798584 0.15857522067232854 0.078858246003742444 0.045887075406943451 -0.016659469704050019 0.070669687755553642 -0.018969689180350302 0.085417437921470593 0.040238693261053789
leaf_weight=43.888259083032608 11.512784853577612 66.870053626596928 3.5943106710910788 64.562703441828489 82.502166651189327 18.831545993685722 6.1215825602412215 17.339190434664488 28.470611765980721 5.628112629055976 2.3531308621168128 36.676999859511852 32.918764095753431 2.3683401159942141 30.205498486757278 59.295894503593445 21.995466314256195 5.0127678737044326 42.611472509801388 9.5036161690950376 5.2562891244888297 6.483113691210745 5.9414385408163071 6.3839352875947943 34.631093487143517 31.749797359108925 14.885879591107367 17.990833833813667 9.4422539770603198 6.2247291170060626
leaf_count=461 51 446 21 598 470 85 33 146 162 31 16 309 460 24 158 341 139 48 211 46 23 28 27 32 154 142 68 87 43 46
internal_value=-0.000770753 -0.0162653 0.014405 -0.0352351 4.97955e-05 0.0246525 0.0195363 -0.0166185 -0.00587787 0.0231423 -0.0162577 -0.0413354 -0.0559565 -0.0375795 0.0432838 -0.0168853 -0.0127887 -0.0426785 0.0136053 -0.00559515 0.0253574 0.0301441 0.0824797 0.00782422 0.0217962 0.00251181 0.0290595 0.0156712 0.0377135 -0.0272489
internal_weight=731.253 361.826 369.427 167.302 194.524 245.43 88.6237 88.1266 123.997 34.0987 105.9 39.0301 79.1754 46.2566 91.356 89.8984 86.3041 27.0082 154.074 58.499 95.5745 90.3182 12.4246 48.9954 77.8937 43.2626 61.1505 46.2646 28.2738 70.7874
internal_count=4906 3009 1897 1735 1274 1155 503 790 742 193 771 325 945 485 441 549 528 187 714 289 425 402 55 243 347 193 283 215 128 644
is_linear=0
shrinkage=0.1


Tree=20
num_leaves=31
num_cat=0
split_feature=14 13 7 16 7 16 0 84 83 5 70 11 7 135 108 0 16 78 81 6 7 0 95 0 0 13 12 1 67 6
split_gain=15.7859 10.9361 9.14606 6.18558 5.84624 5.75905 6.82289 5.22883 4.2055 4.08252 6.43739 6.26651 5.16735 4.49208 4.06364 4.25429 3.86081 4.37776 4.2653 3.69514 3.65622 3.64339 3.4473 3.9738 3.35566 3.35453 3.45774 3.35069 3.27351 4.32209
threshold=1.0000000180025095e-35 1.0000000180025095e-35 1.0000000180025095e-35 1.0000000180025095e-35 1.0000000180025095e-35 1.0000000180025095e-35 17.041751861572269 1.0000000180025095e-35 1.0000000180025095e-35 1.0000000180025095e-35 1.0000000180025095e-35 1.0000000180025095e-35 1.0000000180025095e-35 1.0000000180025095e-35 1.0000000180025095e-35 6.635181427001954 1.0000000180025095e-35 1.0000000180025095e-35 1.0000000180025095e-35 1.0000000180025095e-35 1.0000000180025095e-35 5.1238877773284921 1.0000000180025095e-35 4.9609856605529794 5.542778968811036 1.0000000180025095e-35 1.0000000180025095e-35 -0.6200471520423888 1.0000000180025095e-35 1.0000000180025095e-35
decision_type=2 2 2 2 2 2 2 2 2 2 2 2 2 2 2 2 2 2 2 2 2 2 2 2 2 2 2 2 2 2
left_child=1 4 5 7 16 6 14 9 -7 10 12 13 21 -11 15 -2 17 18 22 -18 28 -3 23 27 -13 26 -4 -1 29 -5
right_child=2 3 25 20 -6 8 -8 -9 -10 11 -12 24 -14 -15 -16 -17 19 -19 -20 -21 -22 -23 -24 -25 -26 -27 -28 -29 -30 -31
leaf_value=0.0091304791611929604 0.030716794976019403 0.036340289872810537 -0.070885476527846339 -0.025558449737120237 0.0039437830882014706 -0.048818258995669946 0.096670885159897357 -0.075967694528220886 0.020385978780401437 0.038303848961477795 0.039015216532920803 -0.0857677804994849 -0.07527948395868958 0.13387293375681361 -0.081885089845355197 -0.013704488389412715 0.03542457371789251 0.11742403276153682 0.067657849101583484 -0.0075617374373105036 -0.07340478449153634 -0.029916634499002389 0.094293043090243014 0.0014701409409936628 0.0093203477449821642 -0.093138057714040212 -0.016444469000173705 0.12131389371404505 -0.043581925530078169 0.071482193049434192
leaf_weight=4.9398149996995926 33.234017297625542 13.07216841727495 21.220961149781942 12.221749648451807 118.17750626802444 46.315341558307409 7.3344373703002921 7.8600606992840758 10.835518337786196 27.211996503174305 21.263423830270767 5.1309540122747448 15.222657740116118 6.0032978430390349 6.1660492159426203 61.376221857964993 44.719455987215042 7.8093122243881217 34.154806360602379 36.172598890960217 17.783511072397232 22.730707600712776 6.1374797970056525 42.629326030611992 13.41343169659376 16.678741220384836 25.911789774894714 5.7749610245227796 25.29867997020483 7.3498627245426169
leaf_count=22 237 66 305 77 749 395 47 46 89 146 132 29 124 32 44 467 218 36 160 185 169 122 29 204 77 247 198 29 174 51
internal_value=-0.000733153 0.00931002 -0.0224387 -0.00916128 0.0212689 -0.0100224 0.00355036 0.00312719 -0.0356975 0.00813886 -0.00721184 0.0295781 -0.0264756 0.0555769 -0.0032269 0.00189951 0.0324977 0.0454915 0.0394923 0.0162023 -0.0350329 -0.00572524 0.0233195 0.0151536 -0.0169891 -0.054595 -0.0409559 0.0695942 -0.0198249 0.0108839
internal_weight=724.151 495.078 229.073 194.563 300.515 165.262 108.111 131.909 57.1509 124.049 72.289 51.7597 51.0255 33.2153 100.776 94.6102 182.338 101.446 93.6364 80.8921 62.6538 35.8029 59.4816 53.3441 18.5444 63.8115 47.1328 10.7148 44.8703 19.5716
internal_count=4906 2877 2029 1245 1632 1279 795 774 484 728 444 284 312 178 748 704 883 480 444 403 471 188 284 255 106 750 503 51 302 128
is_linear=0
shrinkage=0.1


Tree=21
num_leaves=31
num_cat=0
split_feature=9 14 103 12 7 7 0 5 13 73 7 168 0 61 0 26 16 46 6 21 74 102 139 16 13 1 15 98 14 6
split_gain=14.4386 9.78618 7.02423 6.92255 5.59756 4.23565 6.22436 4.47763 3.7424 4.20301 3.68117 4.4823 3.6789 5.46747 5.49676 5.96627 3.6678 5.23968 4.7907 12.6164 5.20006 3.78974 4.24181 3.62721 3.93373 3.51818 4.00768 3.50178 3.43708 3.57043
threshold=1.0000000180025095e-35 1.0000000180025095e-35 1.0000000180025095e-35 1.0000000180025095e-35 1.0000000180025095e-35 1.0000000180025095e-35 12.992471218109133 1.0000000180025095e-35 1.0000000180025095e-35 1.0000000180025095e-35 1.0000000180025095e-35 1.0000000180025095e-35 11.690622806549074 1.0000000180025095e-35 7.8836412429809579 1.0000000180025095e-35 1.0000000180025095e-35 1.0000000180025095e-35 1.0000000180025095e-35 1.0000000180025095e-35 1.0000000180025095e-35 1.0000000180025095e-35 1.0000000180025095e-35 1.0000000180025095e-35 1.0000000180025095e-35 0.68545135855674755 1.0000000180025095e-35 1.0000000180025095e-35 1.0000000180025095e-35 1.0000000180025095e-35
decision_type=2 2 2 2 2 2 2 2 2 2 2 2 2 2 2 2 2 2 2 2 2 2 2 2 2 2 2 2 2 2
left_child=1 4 3 10 16 6 8 25 9 12 11 28 13 14 15 -3 17 -1 27 20 -20 22 -18 24 -5 26 -8 -19 -2 -30
right_child=2 5 -4 23 -6 -7 7 -9 -10 -11 -12 -13 -14 -15 -16 -17 21 18 19 -21 -22 -23 -24 -25 -26 -27 -28 -29 29 -31
leaf_value=-0.076842846325952174 0.017109261906386307 0.075544914637775865 0.13748288746394896 0.055916979034730335 -0.025538396479215509 -0.071055701738559032 -0.042641895403350179 0.056386099387181622 -0.088175138981175183 -0.079869834318078869 -0.019951058144826114 0.093123984811683436 -0.11258280167349673 0.13121989488942506 0.091690589127688904 -0.086573265827034868 -0.027072714334976059 0.035115689433513134 0.0074417630520190181 0.17273812510843622 -0.068287605558374181 0.088544149601863825 0.066354026277587339 0.0075357100760862182 0.014847153423524384 -0.082001445343268003 0.14347882477407978 0.12137294162888053 0.0057035813159633259 -0.049286771865283081
leaf_weight=5.5454418882727614 86.292114973068237 3.0427239611744925 4.4971207007765761 58.386220484972 83.49866896122694 32.193526543676853 2.8693639114499092 12.339882086962461 15.590103536844252 10.70285392552614 64.842185914516449 6.0371167063713065 2.6996077522635451 3.2073202431201926 3.8687670603394499 8.939581461250782 54.417706534266472 47.197167180478573 28.800959095358849 3.8497849702835074 13.233664140105246 3.4853365868329993 5.3362333998084059 55.855088368058205 38.832987785339355 6.0968235246837139 1.9385302253067491 5.2278081178665152 29.977674871683121 19.479600861668587
leaf_count=30 385 26 25 274 765 505 35 103 252 101 445 31 30 30 39 77 357 236 154 20 75 23 34 257 176 68 21 28 183 121
internal_value=-0.000700335 -0.0150795 0.0132794 0.0117265 -0.00439591 -0.0409492 -0.0273546 0.0151275 -0.0479053 -0.0285648 -0.000213823 0.00881246 -0.00332761 0.0121483 -0.0119447 -0.0454058 0.00616921 0.0177304 0.0230651 -0.000530914 -0.0163999 -0.0128172 -0.0187294 0.0278443 0.0395122 -0.0315611 0.0324015 0.0437172 0.00506292 -0.0159553
internal_weight=718.282 354.082 364.2 359.703 250.593 103.489 71.2956 23.2446 48.051 32.4609 206.629 141.787 21.758 19.0584 15.8511 11.9823 167.094 103.855 98.3094 45.8844 42.0346 63.2393 59.7539 153.074 97.2192 10.9047 4.80789 52.425 135.749 49.4573
internal_count=4906 3009 1897 1872 1722 1287 782 227 555 303 1165 720 202 172 142 103 957 543 513 249 229 414 391 707 450 124 56 264 689 304
is_linear=0
shrinkage=0.1


Tree=22
num_leaves=31
num_cat=0
split_feature=13 14 7 16 16 167 176 15 12 33 8 97 49 14 14 9 73 26 7 0 12 61 10 0 60 108 99 9 8 0
split_gain=12.459 7.7706 6.90444 5.16077 4.3736 5.9338 7.24563 6.19407 8.47316 6.97746 5.22201 5.33339 4.95896 4.12886 3.87914 3.70848 3.69489 4.27074 6.15981 4.71484 4.21533 4.15425 4.85704 4.17036 3.83837 3.68338 3.53802 4.10345 3.53718 4.15131
threshold=1.0000000180025095e-35 1.0000000180025095e-35 1.0000000180025095e-35 1.0000000180025095e-35 1.0000000180025095e-35 1.0000000180025095e-35 1.0000000180025095e-35 1.0000000180025095e-35 1.0000000180025095e-35 1.0000000180025095e-35 1.0000000180025095e-35 1.0000000180025095e-35 1.0000000180025095e-35 1.0000000180025095e-35 1.0000000180025095e-35 1.0000000180025095e-35 1.0000000180025095e-35 1.0000000180025095e-35 1.0000000180025095e-35 2.6652977466583256 1.0000000180025095e-35 1.0000000180025095e-35 1.0000000180025095e-35 3.3497605323791508 1.0000000180025095e-35 1.0000000180025095e-35 1.0000000180025095e-35 1.0000000180025095e-35 1.0000000180025095e-35 8.1492128372192401
decision_type=2 2 2 2 2 2 2 2 2 2 2 2 2 2 2 2 2 2 2 2 2 2 2 2 2 2 2 2 2 2
left_child=1 4 13 16 5 6 7 8 -1 12 11 -6 15 28 -4 -9 17 18 -3 -19 -18 23 -23 -21 -20 -12 -5 -28 -2 -30
right_child=2 3 14 26 10 -7 -8 9 -10 -11 25 -13 -14 -15 -16 -17 20 19 24 21 -22 22 -24 -25 -26 -27 27 -29 29 -31
leaf_value=0.0076958377414712668 0.013270271074743068 0.081160866943489313 -0.032686804791312959 -0.046925165344331991 0.011177415145332886 0.11123902439953348 0.16267816945835517 -0.018280529888090102 0.071088626300036206 -0.060037191738655384 -0.03167528329855069 0.094042589043318733 0.091023349919405583 -0.032178553651955176 -0.090073181508617886 0.035061943481861972 -0.057519670086811615 0.11398823977657835 0.036081995413313847 -0.13985340995914972 0.010253475674309358 0.13135544724355994 -0.036881393245427573 -0.015283618606604661 -0.11672892746161541 0.055950988620521808 -0.060541553737942545 0.069621683407691135 0.010879661218363181 -0.047234433176000269
leaf_weight=40.944924250245094 86.313664108514786 18.247018419206146 56.601668398827314 42.528082598000765 69.387088090181351 8.3724797889590246 3.7315240502357474 29.671446807682514 43.46903432905674 15.036744341254233 41.896847501397133 8.7461316064000112 7.7037961035966864 51.592982061207294 14.874819766730068 23.242366224527359 17.054541401565075 3.2534299753606311 3.7373610362410536 2.9791620299220112 19.869332134723663 3.9389143064618102 3.0408321097493172 27.451102863997221 2.9343267120420933 5.4173606261610976 3.9769894257187826 6.1943647563457489 22.926874428987503 26.499251626431942
leaf_count=237 472 113 477 386 397 42 19 168 214 82 253 45 38 530 247 109 168 18 40 21 120 29 24 210 34 28 51 38 139 157
internal_value=-0.000685013 0.00931815 -0.018187 -0.00882194 0.018778 0.0291256 0.0249284 0.0217172 0.04034 0.000938138 0.00457633 0.0204532 0.0160636 -0.00809801 -0.0446294 0.00515013 0.00425277 0.0184986 0.0510971 -0.00147793 -0.0210498 -0.0115197 0.0580605 -0.0274792 -0.031127 -0.0216423 -0.0342537 0.018728 0.0010547 -0.0202775
internal_weight=711.634 452.825 258.809 155.205 297.62 172.172 163.8 160.068 84.414 75.6544 125.447 78.1332 60.6176 187.333 71.4765 52.9138 102.506 65.5821 24.9187 40.6634 36.9239 37.41 6.97975 30.4303 6.67169 47.3142 52.6994 10.1714 135.74 49.4261
internal_count=4906 2884 2022 1252 1632 909 867 848 451 397 723 442 315 1298 724 277 777 489 187 302 288 284 53 231 74 281 475 89 768 296
is_linear=0
shrinkage=0.1


Tree=23
num_leaves=31
num_cat=0
split_feature=9 12 103 12 5 5 138 5 95 13 168 50 11 135 79 0 0 5 6 81 0 0 0 1 97 78 0 0 0 1
split_gain=11.6346 8.3523 5.70952 5.1611 4.95886 4.34713 3.78689 3.67712 3.53509 3.33256 5.86389 3.126 5.44417 6.07428 5.1166 3.2047 3.11516 3.05471 3.10821 3.0829 3.02729 4.53776 5.65223 5.84323 4.25944 3.70868 3.6308 5.90451 3.16 5.95928
threshold=1.0000000180025095e-35 1.0000000180025095e-35 1.0000000180025095e-35 1.0000000180025095e-35 1.0000000180025095e-35 1.0000000180025095e-35 1.0000000180025095e-35 1.0000000180025095e-35 1.0000000180025095e-35 1.0000000180025095e-35 1.0000000180025095e-35 1.0000000180025095e-35 1.0000000180025095e-35 1.0000000180025095e-35 1.0000000180025095e-35 14.205338954925539 14.867898464202883 1.0000000180025095e-35 1.0000000180025095e-35 1.0000000180025095e-35 5.07460641860962 2.8952771425247197 3.3497605323791508 -0.53988897800445546 1.0000000180025095e-35 1.0000000180025095e-35 8.6036963462829608 11.824777603149416 7.4620122909545907 -0.088143587112426744
decision_type=2 2 2 2 2 2 2 2 2 2 2 2 2 2 2 2 2 2 2 2 2 2 2 2 2 2 2 2 2 2
left_child=1 4 3 7 9 11 -7 20 -9 10 -1 12 13 -3 15 -14 -6 -5 -19 -20 21 -2 -23 -24 25 28 -26 -28 -22 -30
right_child=2 5 -4 17 16 6 -8 8 -10 -11 -12 -13 14 -15 -16 -17 -18 18 19 -21 24 22 23 -25 26 -27 27 -29 29 -31
leaf_value=-0.041726210101415279 -0.045270958440030991 -0.010405995803101599 0.12361041706985987 0.015198917394438669 -0.024174703932143896 0.011093346741907893 0.092733008983957088 0.022727386761362253 -0.039541210239547847 -0.076631605904342315 0.11612639064093383 -0.043458928116044841 0.022334960239777869 -0.11293349526346473 -0.10230209075521222 0.10285853194670791 0.023170845215081181 0.064184460046150735 -0.03368639107536487 0.058694372733762615 -0.077544839596350223 0.15306856851179224 -0.048375887320215388 0.080063153227941108 -0.067184189978673203 0.061558999891550031 0.15983659787622195 -0.0024811985687716817 0.079334374416538109 -0.033746356877133891
leaf_weight=40.977226734161377 7.7778548561036613 35.047030359506607 4.519985817372798 105.77475337684155 67.585603877902031 80.973642475903034 6.1104755848646155 78.284925527870655 10.318974256515501 28.559653207659721 2.4967138580977908 26.100693836808205 24.504808627069 6.9193336628377429 2.814446195960044 6.1911459043622008 17.494178675115108 30.848983347415924 7.9761635065078718 6.6028395220637321 13.602083455771206 3.8782299160957363 6.9776796400547063 7.1939695328473992 2.669758938252925 4.2964683547615996 3.8458758816122991 5.3705462664365768 5.0914219431579033 55.040835309773691
leaf_count=461 45 277 25 474 644 470 33 400 54 460 24 197 176 60 20 41 146 159 41 33 87 22 40 43 16 25 23 32 33 345
internal_value=-0.000654048 -0.0137554 0.0119272 0.0105074 -0.0307865 0.000427654 0.0168218 0.000143698 0.0154755 -0.0500942 -0.0326607 -0.0136273 -0.00331124 -0.0273105 0.026744 0.038576 -0.0144395 0.0245138 0.0462025 0.00815291 -0.0115929 0.0185825 0.0460976 0.0168238 -0.0202605 -0.0287552 0.0355052 0.0652516 -0.0340177 -0.0241718
internal_weight=705.846 345.775 360.071 355.551 157.113 188.662 87.0841 204.349 88.6039 72.0336 43.4739 101.577 75.4768 41.9664 33.5104 30.696 85.0798 151.203 45.428 14.579 115.745 25.8277 18.0499 14.1716 89.917 78.0308 11.8862 9.21642 73.7343 60.1323
internal_count=4906 3009 1897 1872 1735 1274 503 1165 454 945 485 771 574 337 237 217 790 707 233 74 711 150 105 83 561 490 71 55 465 378
is_linear=0
shrinkage=0.1


Tree=24
num_leaves=31
num_cat=0
split_feature=16 13 28 13 139 0 8 84 97 26 19 12 9 14 78 57 0 64 0 0 9 8 50 167 7 62 81 14 55 5
split_gain=10.7054 6.20656 5.95522 6.33835 6.37963 5.59177 5.52554 5.07218 4.85407 4.67217 4.11103 4.73485 3.99191 5.14507 3.74966 3.74364 3.41954 3.41881 5.34608 3.36594 7.16619 6.78882 3.84447 3.26718 3.75106 4.6917 3.08997 3.32003 3.33874 3.42369
threshold=1.0000000180025095e-35 1.0000000180025095e-35 1.0000000180025095e-35 1.0000000180025095e-35 1.0000000180025095e-35 17.698836326599125 1.0000000180025095e-35 1.0000000180025095e-35 1.0000000180025095e-35 1.0000000180025095e-35 1.0000000180025095e-35 1.0000000180025095e-35 1.0000000180025095e-35 1.0000000180025095e-35 1.0000000180025095e-35 1.0000000180025095e-35 15.51813840866089 1.0000000180025095e-35 15.51813840866089 9.8631072044372576 1.0000000180025095e-35 1.0000000180025095e-35 1.0000000180025095e-35 1.0000000180025095e-35 1.0000000180025095e-35 1.0000000180025095e-35 1.0000000180025095e-35 1.0000000180025095e-35 1.0000000180025095e-35 1.0000000180025095e-35
decision_type=2 2 2 2 2 2 2 2 2 2 2 2 2 2 2 2 2 2 2 2 2 2 2 2 2 2 2 2 2 2
left_child=2 6 -1 4 10 7 8 12 -2 -9 11 23 13 -5 -12 -11 -6 19 -19 20 -3 22 -22 24 26 -26 -4 -28 -29 -30
right_child=1 17 3 5 16 -7 -8 9 -10 15 14 -13 -14 -15 -16 -17 -18 18 -20 -21 21 -23 -24 -25 25 -27 27 28 29 -31
leaf_value=-0.076989536466911285 -0.00034480751929753003 -0.070245334785702065 0.00082570948570311422 -0.0056138681369150819 -0.044717438861651027 0.13799338478178347 -0.029370129105824407 -0.15618377475853842 0.065268153121770311 -0.10518096604727692 0.037805705483700373 0.036204533750310124 0.012013484874904 -0.069553014170180338 0.17041030672198482 0.054410710873014106 0.062147956997635513 -0.037605377557769284 0.14894536868834413 -0.072040883930727245 -0.05971613370417346 0.089016147861832096 0.056141392867103013 0.079660342656680871 -0.066989002740739378 0.0058049346705611555 0.077370582648445027 0.062107702233367534 -0.11797641525271563 0.024261017524601459
leaf_weight=7.9595475345849982 97.165205929428339 20.95639755949378 43.226961731910706 56.563634410500526 20.558350019156936 2.7024419866502276 65.799997989088297 4.2069462761282903 12.755447760224341 2.7023075558245182 5.2373723536729795 119.42025980353355 85.676251512020826 16.186538942158222 3.5969481877982616 3.2228206172585487 3.5047496035695067 4.3622638508677474 2.371195562183857 30.06464746966958 10.58397511392832 7.4605136364698401 3.9266836680471888 5.9761388823389998 14.253557577729223 23.37246310338378 14.133994862437248 5.8862540349364281 3.1144202873110771 3.7059035822749138
leaf_count=53 660 267 254 417 132 21 462 32 76 19 33 640 457 307 21 24 21 39 21 275 66 42 20 41 135 217 65 39 27 23
internal_value=-0.000631598 -0.0169501 0.00873147 0.0102919 0.0199529 -0.00471273 -0.00645077 -0.00700069 0.00726907 -0.0755948 0.0248372 0.0222994 -0.00261379 -0.01984 0.0917965 -0.0183752 -0.0291527 -0.0400914 0.0280887 -0.046381 -0.0284099 0.0114933 -0.0283643 0.00769085 0.00369711 -0.021771 0.0173734 0.0440236 0.00693047 -0.04069
internal_weight=700.654 255.446 445.208 437.248 265.987 171.261 175.721 168.558 109.921 10.1321 241.924 233.09 158.426 72.7502 8.83432 5.92513 24.0631 79.7257 6.73346 72.9922 42.9276 21.9712 14.5107 113.67 107.694 37.626 70.0675 26.8406 12.7066 6.82032
internal_count=4906 1928 2978 2925 1648 1277 1198 1256 736 75 1495 1441 1181 724 54 43 153 730 60 670 395 128 86 801 760 352 408 154 89 50
is_linear=0
shrinkage=0.1


Tree=25
num_leaves=31
num_cat=0
split_feature=7 14 14 70 53 16 99 140 11 13 1 10 1 104 0 49 108 0 83 0 5 11 26 91 174 10 11 0 74 11
split_gain=10.3282 7.15587 5.53489 4.8268 5.30099 4.78096 4.48606 4.41877 5.23632 3.99569 3.79066 3.78379 5.89235 5.85257 4.47071 6.01526 4.09715 3.49393 3.21899 3.88485 3.217 3.14876 4.09863 3.1464 3.0444 3.00938 2.87307 2.85447 2.79156 3.18402
threshold=1.0000000180025095e-35 1.0000000180025095e-35 1.0000000180025095e-35 1.0000000180025095e-35 1.0000000180025095e-35 1.0000000180025095e-35 1.0000000180025095e-35 1.0000000180025095e-35 1.0000000180025095e-35 1.0000000180025095e-35 0.76424062252044689 1.0000000180025095e-35 -0.70385581254959095 1.0000000180025095e-35 15.683778285980226 1.0000000180025095e-35 1.0000000180025095e-35 17.229294776916507 1.0000000180025095e-35 3.6783025264739995 1.0000000180025095e-35 1.0000000180025095e-35 1.0000000180025095e-35 1.0000000180025095e-35 1.0000000180025095e-35 1.0000000180025095e-35 1.0000000180025095e-35 15.260780334472658 1.0000000180025095e-35 1.0000000180025095e-35
decision_type=2 2 2 2 2 2 2 2 2 2 2 2 2 2 2 2 2 2 2 2 2 2 2 2 2 2 2 2 2 2
left_child=2 3 9 10 21 6 -6 11 25 17 18 13 -13 14 16 -16 24 28 -2 -20 -17 22 -5 -11 -4 -9 -7 -14 -1 -30
right_child=1 -3 7 4 5 26 -8 8 -10 23 -12 12 27 -15 15 20 -18 -19 19 -21 -22 -23 -24 -25 -26 -27 -28 -29 29 -31
leaf_value=0.037695288696867342 -0.0081966945273638306 -0.048769877760323405 -0.0033120149628048123 -0.033681342317716627 -0.00079513638919405947 -0.091846651149561379 0.095942730072110599 0.042173290136778854 -0.06256453803997572 -0.00012026995494568002 -0.11114437597316917 0.15268416200924911 -0.027959962168484703 0.12215088583458561 0.13329632682976397 -0.090195973802908891 -0.094059429307445125 -0.037674989894340781 0.047907677280620141 -0.074995995669387139 0.04482505850713104 0.1281330267242401 0.11122190118794506 0.091386460642341627 -0.11256516794990651 0.15989287611020025 0.01153238823323835 -0.088252221047184692 -0.01290359405109651 0.034570674243372214
leaf_weight=112.44111689180136 95.885312829166651 57.014133535325527 67.602786548435688 4.4072450548410398 20.397988669574264 7.4951458275318128 6.2663580551743499 5.4876994602382165 3.0563878789544097 129.28979945555329 4.3013833388686171 1.6535642556846131 42.707739140838385 3.7712928280234328 5.1459028720855695 2.8744357749819756 5.9200820662081233 8.3523080274462682 3.0996701344847706 15.103135030716656 4.5703040361404419 5.6708754971623421 3.5039467215538025 3.870053566992282 2.6505514010787001 3.5937083847820759 4.1918132118880749 9.6214111372828466 28.714954867959023 27.808851428329945
leaf_count=554 699 750 558 31 135 63 37 38 31 746 32 15 358 30 35 28 42 43 20 116 29 38 20 22 19 26 35 70 144 142
internal_value=-0.000611612 -0.018105 0.0078655 -0.00784019 0.0175769 -0.00143594 0.0219391 -0.00732923 0.0506534 0.0156301 -0.0189898 -0.0121326 -0.0331726 0.000141541 -0.00504223 0.0501588 -0.0141664 0.025461 -0.0155154 -0.0540673 -0.00730696 0.0712631 0.0304978 0.00253921 -0.00743397 0.0887575 -0.0547672 -0.0390455 0.0285819 0.010453
internal_weight=696.47 227.337 469.133 170.323 51.9334 38.3513 26.6643 158.656 12.1378 310.477 118.39 146.518 53.9827 92.5354 88.7641 12.5906 76.1734 177.317 114.088 18.2028 7.44474 13.5821 7.91119 133.16 70.2533 9.08141 11.687 52.3292 168.965 56.5238
internal_count=4906 1976 2930 1226 359 270 172 1279 95 1651 867 1184 443 741 711 92 619 883 835 136 57 89 51 768 577 64 98 428 840 286
is_linear=0
shrinkage=0.1


Tree=26
num_leaves=31
num_cat=0
split_feature=9 12 103 5 5 0 1 5 12 138 16 139 0 0 8 69 81 83 139 67 0 13 168 68 70 139 8 0 13 49
split_gain=9.03045 6.43395 4.36676 4.26966 4.17172 3.74849 4.90241 3.3542 3.17224 3.10263 3.03698 3.06542 3.14703 6.82517 2.95467 4.38855 3.48534 2.9853 3.14967 2.88415 2.87093 2.84038 4.36607 2.78798 2.80376 2.75589 8.30136 3.00888 2.75373 2.95602
threshold=1.0000000180025095e-35 1.0000000180025095e-35 1.0000000180025095e-35 1.0000000180025095e-35 1.0000000180025095e-35 3.4811772108078007 -0.66370064020156849 1.0000000180025095e-35 1.0000000180025095e-35 1.0000000180025095e-35 1.0000000180025095e-35 1.0000000180025095e-35 3.9917863607406621 4.273785114288331 1.0000000180025095e-35 1.0000000180025095e-35 1.0000000180025095e-35 1.0000000180025095e-35 1.0000000180025095e-35 1.0000000180025095e-35 17.498972892761234 1.0000000180025095e-35 1.0000000180025095e-35 1.0000000180025095e-35 1.0000000180025095e-35 1.0000000180025095e-35 1.0000000180025095e-35 16.286105155944828 1.0000000180025095e-35 1.0000000180025095e-35
decision_type=2 2 2 2 2 2 2 2 2 2 2 2 2 2 2 2 2 2 2 2 2 2 2 2 2 2 2 2 2 2
left_child=1 4 3 8 21 6 -5 20 25 14 11 12 -7 -14 17 16 -16 18 -9 23 28 22 -1 24 -15 27 -27 -2 -3 -30
right_child=2 7 -4 5 -6 10 -8 9 -10 -11 -12 -13 13 19 15 -17 -18 -19 -20 -21 -22 -23 -24 -25 -26 26 -28 -29 29 -31
leaf_value=-0.038567952188540283 -0.011456579663435478 -0.0030077962992481142 0.10767240602984685 0.030866568386091666 -0.012673951619057386 -0.058528500884947869 0.15733684053784164 -0.0082802079466196329 0.013212866828900839 0.083035606446220975 -0.003558884239977802 -0.029122898618256732 0.21649093456090709 0.060359434265165379 0.038889820328434167 0.10165248901910946 -0.052416407267193203 0.043742136570930686 -0.1097716768657102 0.015072030680955251 0.083546128886477361 -0.072325140580094274 0.09260571258363208 0.10874974692303799 -0.022758886569037226 -0.053333660136950026 0.11181718281574229 -0.077628612152413679 -0.020391649635617969 -0.086970564581532211
leaf_weight=39.320325862616301 94.311744198203087 62.468212258070707 4.5661332458257666 9.2866228446364385 83.179370496422052 3.3103574812412253 4.5749718099832526 39.359818894416094 104.87963306158781 6.1401474848389617 43.04267381504178 7.9334680810570708 2.1531028151512137 16.134832765907056 13.958780162036424 7.4164947234094134 5.9681047722697249 10.332245770841835 3.3153408095240584 32.95296772569418 3.0222302936017504 25.65932684391737 2.7124956771731368 7.9458504915237418 5.4221427440643302 5.7560493759810907 6.4587812870740891 7.4115801937878123 24.55711043253541 9.1545299813151342
leaf_count=461 585 435 25 49 790 17 25 232 474 33 222 41 10 86 81 40 39 58 20 167 19 460 24 42 28 38 32 56 228 89
internal_value=-0.000590611 -0.0123357 0.0105089 0.00924697 -0.0276748 0.0233952 0.0726076 0.000126928 0.000663253 0.0145206 0.0176576 0.029697 0.0365676 0.04144 0.00928491 0.0359843 0.0115436 -0.00448774 -0.0161649 0.0354053 -0.0124224 -0.0461077 -0.0301029 0.0581164 0.039453 -0.0108886 0.0339924 -0.0162779 -0.015438 -0.0384714
internal_weight=692.705 336.565 356.141 351.575 150.872 132.757 13.8616 185.693 218.818 86.4909 118.895 75.8527 67.9193 64.6089 80.3508 27.3434 19.9269 53.0074 42.6752 62.4558 99.2021 67.6921 42.0328 29.5028 21.557 113.938 12.2148 101.723 96.1799 33.7116
internal_count=4906 3009 1897 1872 1735 687 74 1274 1185 503 613 391 350 333 470 160 120 310 252 323 771 945 485 156 114 711 70 641 752 317
is_linear=0
shrinkage=0.1


Tree=27
num_leaves=31
num_cat=0
split_feature=7 14 16 0 0 44 29 14 83 5 51 40 74 49 74 71 108 13 0 26 13 24 0 133 11 0 1 84 139 5
split_gain=8.56372 6.12069 4.85439 4.19153 5.9895 3.53394 3.47295 3.37705 3.66189 3.32587 3.63835 5.54379 7.63018 5.52285 3.5945 5.33782 3.15404 3.15069 4.07187 4.93784 3.1503 3.692 3.55564 3.50024 6.11188 4.56881 3.98812 3.32202 3.79389 4.66939
threshold=1.0000000180025095e-35 1.0000000180025095e-35 1.0000000180025095e-35 10.584530830383303 10.843257904052736 1.0000000180025095e-35 1.0000000180025095e-35 1.0000000180025095e-35 1.0000000180025095e-35 1.0000000180025095e-35 1.0000000180025095e-35 1.0000000180025095e-35 1.0000000180025095e-35 1.0000000180025095e-35 1.0000000180025095e-35 1.0000000180025095e-35 1.0000000180025095e-35 1.0000000180025095e-35 4.3367555141448983 1.0000000180025095e-35 1.0000000180025095e-35 1.0000000180025095e-35 6.8391511440277108 1.0000000180025095e-35 1.0000000180025095e-35 5.4948666095733651 -0.37394477427005762 1.0000000180025095e-35 1.0000000180025095e-35 1.0000000180025095e-35
decision_type=2 2 2 2 2 2 2 2 2 2 2 2 2 2 2 2 2 2 2 2 2 2 2 2 2 2 2 2 2 2
left_child=2 3 6 17 -5 -6 -1 -4 -9 14 13 12 -12 -11 -7 -16 20 -2 19 -19 22 -22 23 25 26 -8 -25 28 29 -23
right_child=1 -3 7 4 5 9 16 8 -10 10 11 -13 -14 -15 15 -17 -18 18 -20 -21 21 27 -24 24 -26 -27 -28 -29 -30 -31
leaf_value=-0.06263422702961606 -0.008956220407004379 -0.045666251163626388 0.0031226676173725116 0.15491531999943564 -0.096970605441812019 0.015423665484186517 0.05669082131633113 -0.040283639021952984 0.025967454655802632 0.16443748972421279 -0.020780542702273544 -0.095407394385498168 0.12485187910910889 0.023008182919631501 -0.13845321587864892 -0.01166380080342861 -0.024634957877040464 0.11143568919564735 -0.076207392886236527 -0.042326156690947275 0.082740528909263172 -0.016870865867824623 0.017428771467040628 0.11357757228340613 -0.027165593750186956 0.17065907826287796 -0.011682914222071954 -0.071924446900048677 0.088911532261693571 0.027450686405021876
leaf_weight=5.6355667673051348 60.375203311443329 54.866845577955246 122.23899987712502 2.7386303395032874 3.2908890433609477 24.311631601303816 25.781883802264932 42.190192613750696 10.399370349943636 4.5207149460911769 9.3643103763461131 4.1357225850224486 5.8421145267784587 7.0937699154019356 4.4597229696810254 12.998118244111538 17.381291475147009 2.9396647065877932 19.061291430145502 7.2133384421467781 6.0548055656254283 55.467858783900738 98.867888130247593 7.9058847948908806 12.604038573801517 4.0732307583093634 3.74622642993927 5.682826116681098 5.3124916143715373 41.595056515187025
leaf_count=34 408 750 705 22 28 175 141 395 89 29 63 28 38 42 37 93 110 24 178 61 38 393 554 41 65 20 21 39 31 254
internal_value=-0.00056022 -0.0166603 0.00716928 -0.00720674 0.00962287 0.00438848 0.0151015 -0.0059934 -0.0271828 0.00897503 0.0338155 0.00724971 0.0351696 0.0780568 -0.00943502 -0.044053 0.0166415 -0.0220012 -0.0489603 0.00219351 0.0193276 0.00675302 0.0287075 0.049315 0.0210985 0.0722399 0.0733055 0.00249523 0.00662624 0.00212256
internal_weight=688.15 223.212 464.938 168.345 78.7556 76.017 290.109 174.829 52.5896 72.7261 30.9566 19.3421 15.2064 11.6145 41.7695 17.4578 284.473 89.5895 29.2143 10.153 267.092 114.113 152.979 54.1113 24.2561 29.8551 11.6521 108.058 102.375 97.0629
internal_count=4906 1976 2930 1226 555 533 1741 1189 484 505 200 129 101 71 305 130 1707 671 263 85 1597 755 842 288 127 161 62 717 678 647
is_linear=0
shrinkage=0.1


Tree=28
num_leaves=31
num_cat=0
split_feature=9 14 12 174 113 67 83 16 19 0 0 6 139 8 21 26 0 63 140 24 99 56 138 61 73 5 67 7 0 70
split_gain=7.58419 5.74473 3.73773 3.32209 3.20639 3.82676 4.30711 3.15555 7.43635 4.62757 5.20941 4.24718 5.09424 4.10735 4.94811 3.76452 4.94943 3.17976 3.41406 4.2152 4.00282 3.08422 4.27716 3.15551 4.1837 3.01795 2.90536 2.84863 5.01838 3.78423
threshold=1.0000000180025095e-35 1.0000000180025095e-35 1.0000000180025095e-35 1.0000000180025095e-35 1.0000000180025095e-35 1.0000000180025095e-35 1.0000000180025095e-35 1.0000000180025095e-35 1.0000000180025095e-35 17.548254966735843 16.661190986633304 1.0000000180025095e-35 1.0000000180025095e-35 1.0000000180025095e-35 1.0000000180025095e-35 1.0000000180025095e-35 3.1252566576004033 1.0000000180025095e-35 1.0000000180025095e-35 1.0000000180025095e-35 1.0000000180025095e-35 1.0000000180025095e-35 1.0000000180025095e-35 1.0000000180025095e-35 1.0000000180025095e-35 1.0000000180025095e-35 1.0000000180025095e-35 1.0000000180025095e-35 12.992471218109133 1.0000000180025095e-35
decision_type=2 2 2 2 2 2 2 2 2 2 2 2 2 2 2 2 2 2 2 2 2 2 2 2 2 2 2 2 2 2
left_child=1 7 -2 4 5 6 25 8 9 10 11 15 -13 14 17 -1 -17 18 19 -9 21 22 -21 24 -23 -4 -16 28 -3 -30
right_child=2 27 3 -5 -6 -7 -8 13 -10 -11 -12 12 -14 -15 26 16 -18 -19 -20 20 -22 23 -24 -25 -26 -27 -28 -29 29 -31
leaf_value=-0.007165259869195844 0.00083514198349709579 -0.041556410130863426 -0.028701713438755373 -0.050264081655022289 0.088328401749824093 0.035536369449146586 0.062845195012764143 -0.11893925148147011 0.11809969704258967 0.10247325201468745 -0.085789557056238336 -0.0080520257753329029 -0.10860958584817618 -0.046777182768804437 -0.012248032858309589 -0.077609705514348204 0.048493554809966248 0.10614455646671953 0.096674990776687592 -0.040018786810051728 -0.075324040591925434 0.17935461604785893 0.10548828304278456 0.0048465519056516641 0.034381518195095287 0.024404391614795986 -0.14382869736382206 -0.06077195150363679 -0.08601758079305756 0.032870798839449558
leaf_weight=32.360121950507164 203.79423429444432 43.351697385311127 31.565774478018284 6.1598067730665198 7.5131169110536566 78.686477951705456 9.5570147484540922 3.0335909910500041 5.6408258303999892 4.3684205859899512 7.05521585792303 55.532857447862625 5.5405355021357527 32.219202052801847 3.1630833745002738 3.3870437480509272 38.391659822314978 3.1761672645807257 3.5535371638834468 12.591311078518627 5.5144324004650107 3.1963643543422222 2.406224723905324 9.3651390001177788 5.2769300155341625 16.189221031963825 3.5744020491838455 25.902079606428742 3.1031806729733971 19.5088423602283
leaf_count=208 1182 555 142 28 37 375 46 20 35 28 45 372 45 296 23 22 232 21 28 113 44 26 19 81 38 87 26 505 34 193
internal_value=-0.000540322 -0.0114129 0.00964773 0.0216471 0.0247336 0.0212204 0.00156527 -0.00325373 0.00542872 0.00109446 -0.00201845 0.00235263 -0.0171745 -0.0184384 -0.00179239 0.0184385 0.0382702 0.00944696 0.00261242 -0.0054645 0.00351158 0.0167511 -0.0166734 0.0448526 0.0890694 -0.0106984 -0.0820548 -0.0326707 -0.0216361 0.016555
internal_weight=684.679 331.213 353.466 149.671 143.512 135.998 57.312 239.347 152.277 146.636 142.267 135.212 61.0734 87.0704 54.8512 74.1388 41.7787 48.1137 44.9375 41.384 38.3504 32.836 14.9975 17.8384 8.47329 47.755 6.73749 91.8658 65.9637 22.612
internal_count=4906 3009 1897 715 687 650 275 1722 987 952 924 879 417 735 439 462 254 390 369 341 321 277 132 145 64 229 49 1287 782 227
is_linear=0
shrinkage=0.1


Tree=29
num_leaves=31
num_cat=0
split_feature=7 268 13 14 44 100 0 16 12 167 55 6 11 49 262 140 61 0 14 34 1 60 21 8 0 11 35 70 10 104
split_gain=6.99275 5.20206 4.40142 4.33908 3.81709 3.51113 4.13044 4.29048 4.66433 6.80683 3.55095 7.30764 3.61069 3.48175 3.33271 3.30009 4.31954 3.2903 3.24709 3.30298 3.18455 3.68345 3.99264 3.79259 4.96684 3.39907 6.06607 3.33614 3.07972 4.55526
threshold=1.0000000180025095e-35 1.0000000180025095e-35 1.0000000180025095e-35 1.0000000180025095e-35 1.0000000180025095e-35 1.0000000180025095e-35 16.661190986633304 1.0000000180025095e-35 1.0000000180025095e-35 1.0000000180025095e-35 1.0000000180025095e-35 1.0000000180025095e-35 1.0000000180025095e-35 1.0000000180025095e-35 1.0000000180025095e-35 1.0000000180025095e-35 1.0000000180025095e-35 12.992471218109133 1.0000000180025095e-35 1.0000000180025095e-35 -0.024564606137573716 1.0000000180025095e-35 1.0000000180025095e-35 1.0000000180025095e-35 9.3497605323791522 1.0000000180025095e-35 1.0000000180025095e-35 1.0000000180025095e-35 1.0000000180025095e-35 1.0000000180025095e-35
decision_type=2 2 2 2 2 2 2 2 2 2 2 2 2 2 2 2 2 2 2 2 2 2 2 2 2 2 2 2 2 2
left_child=3 2 4 14 -2 6 7 8 9 -6 11 12 -10 -8 20 28 17 -17 19 -9 -1 22 25 -23 -25 26 -22 -27 29 -5
right_child=1 -3 -4 15 5 -7 13 18 10 -11 -12 -13 -14 -15 -16 16 -18 -19 -20 -21 21 23 -24 24 -26 27 -28 -29 -30 -31
leaf_value=0.022903876141639572 -0.099343726772817414 0.12832568096268407 -0.038942632788094803 -0.0050230207063114325 -0.026917517714909796 0.072852908700696245 -0.0076089962848487798 -0.027430281133689022 0.16644387940409844 0.14104183275619084 0.0098016646624303014 -0.013892266129831292 0.046478470195071148 -0.13816053315790017 0.084006434362137256 0.037114175471418064 -0.015188543778369768 0.18594502113984368 -0.07738142096537895 0.052862720277265934 -0.043239526048570849 0.025852413967816124 0.039387026370077766 -0.12087813611161305 -0.0011615634091164053 -0.13482860447347061 0.08272271321465556 -0.036254319300181359 -0.030731959544018903 0.10532333435876018
leaf_weight=139.12321769446135 4.4113777652382842 2.4953067712485781 63.833257332444191 87.325750982388854 37.006860569119453 5.5820667184889308 3.8496355041861516 30.939082831144333 6.3433772101998347 2.5811813585460177 30.200214296579361 6.8323798552155486 4.1503911390900612 4.3525368794798851 6.5387404486536971 3.3480262532830221 6.3285474479198456 2.6700466647744179 10.392429295927284 6.1400542967021456 15.092338502407076 71.20687310397625 8.3146489597856981 3.7762455940246573 42.120263885706663 5.6476130522787544 5.1202666014432898 8.7569211535155773 52.304675575345755 3.908521879464387
leaf_count=760 42 21 717 711 361 40 34 233 34 23 177 41 23 38 32 27 52 16 153 39 82 376 42 20 230 33 26 50 443 30
internal_value=-0.000525036 -0.015236 -0.0168898 0.00645817 -0.00767596 -0.00495047 -0.00799207 -0.00379335 0.00938693 -0.0159664 0.0305055 0.0665932 0.118996 -0.076887 0.0133818 -0.00711923 0.042491 0.103146 -0.0279803 -0.0141343 0.0118381 0.00221832 -0.0228379 0.0114043 -0.0110115 -0.0377836 -0.0113307 -0.0749025 -0.0113865 -0.000295728
internal_weight=680.693 219.11 216.615 461.583 152.782 148.37 142.788 134.586 87.1144 39.588 47.5264 17.3261 10.4938 8.20217 305.697 155.886 12.3466 6.01807 47.4716 37.0791 299.158 160.035 42.9318 117.103 45.8965 34.6171 20.2126 14.4045 143.539 91.2343
internal_count=4906 1976 1955 2930 1238 1196 1156 1084 659 384 275 98 57 72 1651 1279 95 43 425 272 1619 859 233 626 250 191 108 83 1184 741
is_linear=0
shrinkage=0.1


Tree=30
num_leaves=31
num_cat=0
split_feature=16 13 8 97 29 5 12 26 139 108 0 0 156 137 62 44 0 1 0 10 0 11 61 10 64 81 42 0 9 1
split_gain=6.72436 4.82654 4.2836 4.19689 4.09432 4.1593 3.58167 3.98632 3.23148 3.09457 3.4277 3.27048 3.0915 3.08351 2.93315 2.86895 2.85131 3.06955 8.04269 4.15815 9.29409 3.6679 2.99144 2.83356 2.70478 5.78628 4.49912 2.90854 5.68772 6.41874
threshold=1.0000000180025095e-35 1.0000000180025095e-35 1.0000000180025095e-35 1.0000000180025095e-35 1.0000000180025095e-35 1.0000000180025095e-35 1.0000000180025095e-35 1.0000000180025095e-35 1.0000000180025095e-35 1.0000000180025095e-35 3.0691307783126835 4.3846678733825692 1.0000000180025095e-35 1.0000000180025095e-35 1.0000000180025095e-35 1.0000000180025095e-35 12.881587982177736 -0.17484219372272489 8.6036963462829608 1.0000000180025095e-35 4.7049965858459482 1.0000000180025095e-35 1.0000000180025095e-35 1.0000000180025095e-35 1.0000000180025095e-35 1.0000000180025095e-35 1.0000000180025095e-35 9.8631072044372576 1.0000000180025095e-35 -0.22746976464986798
decision_type=2 2 2 2 2 2 2 2 2 2 2 2 2 2 2 2 2 2 2 2 2 2 2 2 2 2 2 2 2 2
left_child=4 2 3 -2 -1 6 7 16 12 10 -4 -12 15 -9 -15 -7 17 19 -19 20 -6 -21 -20 -24 27 26 -26 28 -3 -30
right_child=1 24 9 -5 5 8 -8 13 -10 -11 11 -13 -14 14 -16 -17 -18 18 22 21 -22 -23 23 -25 25 -27 -28 -29 29 -31
leaf_value=-0.065336121460393914 0.00049443850526216862 -0.064253758690882817 0.052419412911834107 0.062074947168045104 0.2027271033766298 -0.040944536738545548 0.010692140922183537 -0.037944589006367942 -0.021997769818023059 0.037820735250561704 -0.12572874415925128 -0.032773135225632195 -0.046125113887879987 -0.015847690665081387 0.12754511677814626 0.028513595151374319 -0.026292008627194552 0.23047446352986989 0.069331706314286742 0.004862759782545579 -0.042713869047658518 -0.13600297586831994 -0.090150555547019687 0.051876198057429428 0.068351293456649947 0.15970217814846402 -0.13226269806679439 -0.065986663071642762 -0.03228599374643578 0.079509086567166778
leaf_weight=7.6885561347007743 94.587985638529062 18.68067367747426 4.3324911892414084 12.533789467066525 2.5008854623883963 6.1749411076307288 127.41932118870318 55.881182903423905 17.257333796471357 6.933484334498643 4.1131635569035998 47.43396594747901 6.1715559363365164 3.8937972579151383 2.2513086050748825 160.8972665630281 15.375451935455201 2.2924863230437049 7.4055675584822875 4.1489310581237078 4.0272337608039379 3.3336764629930258 3.1636256277561188 2.5265966728329659 2.0889829844236365 2.1745725944638252 2.4048365764319897 27.559269152581692 13.241891063749792 8.3895764686167222
leaf_count=54 660 267 31 76 23 42 736 521 123 42 34 355 35 35 19 1023 133 27 61 33 37 24 28 24 20 18 22 275 80 48
internal_value=-0.000508179 -0.0137638 -0.00445797 0.00769967 0.00698623 0.00829546 -0.000629268 -0.0141363 0.0192684 -0.0251917 -0.0330102 -0.0401905 0.023379 -0.0305508 0.0366854 0.0259464 0.00860268 0.0268523 0.0576847 -0.00701149 0.0513132 -0.0578962 0.0274369 -0.0270872 -0.034979 0.0257931 -0.0390059 -0.0409499 -0.0238336 0.0110728
internal_weight=676.884 244.475 169.935 107.122 432.41 424.721 234.22 106.801 190.501 62.8131 55.8796 51.5471 173.244 62.0263 6.14511 167.072 44.7745 29.399 15.3883 14.0107 6.52812 7.48261 13.0958 5.69022 74.5398 6.66839 4.49382 67.8714 40.3121 21.6315
internal_count=4906 1928 1198 736 2978 2924 1701 965 1223 462 420 389 1100 575 54 1065 390 257 140 117 60 57 113 52 730 60 42 670 395 128
is_linear=0
shrinkage=0.1


Tree=31
num_leaves=31
num_cat=0
split_feature=9 12 103 237 1 47 100 11 0 0 141 7 14 262 14 59 26 12 95 0 23 0 40 135 11 0 10 7 99 99
split_gain=6.26655 4.75792 3.47456 3.23181 3.49324 3.33144 3.22378 3.15183 3.08215 4.98174 4.09884 3.54153 3.1194 5.35061 3.06063 5.12573 4.24333 2.93225 3.89278 3.59421 2.88207 2.87606 4.41111 2.84028 4.04309 4.01065 3.55832 2.77137 3.54884 2.90118
threshold=1.0000000180025095e-35 1.0000000180025095e-35 1.0000000180025095e-35 1.0000000180025095e-35 0.9397673010826112 1.0000000180025095e-35 1.0000000180025095e-35 1.0000000180025095e-35 3.4195755720138554 3.1252566576004033 1.0000000180025095e-35 1.0000000180025095e-35 1.0000000180025095e-35 1.0000000180025095e-35 1.0000000180025095e-35 1.0000000180025095e-35 1.0000000180025095e-35 1.0000000180025095e-35 1.0000000180025095e-35 12.123203277587892 1.0000000180025095e-35 6.7802875041961679 1.0000000180025095e-35 1.0000000180025095e-35 1.0000000180025095e-35 2.6652977466583256 1.0000000180025095e-35 1.0000000180025095e-35 1.0000000180025095e-35 1.0000000180025095e-35
decision_type=2 2 2 2 2 2 2 2 2 2 2 2 2 2 2 2 2 2 2 2 2 2 2 2 2 2 2 2 2 2
left_child=1 14 8 4 5 6 23 -7 9 11 12 -2 13 17 20 16 21 -10 -19 -20 -1 -16 -23 25 26 -3 -25 29 -29 -27
right_child=2 3 -4 -5 -6 7 -8 -9 10 -11 -12 -13 -14 -15 15 -17 -18 18 19 -21 -22 22 -24 24 -26 27 -28 28 -30 -31
leaf_value=-0.084803592227576455 0.039406603669493709 0.13422069954736493 0.096382773477460854 -0.10520935742314619 0.07512031070405352 -0.0010066404870347351 -0.081954471146776786 -0.054956184862690806 0.00073533842935612453 0.10324875221920371 -0.090082939407887475 -0.040298724965124981 -0.0082172111286298154 0.12342912935335536 -0.028435947961334918 -0.077892419753858869 -0.044152978249116986 0.017664769781171496 0.15688770011104414 0.029918520985639071 -0.010878030589769567 0.18253192075865593 -0.03830196216113254 -0.1290303062233196 0.0185930989650747 0.014723222671042894 -0.0060547380412479413 0.0062330304161962438 -0.076601671859981124 0.066378373083192582
leaf_weight=5.576032940298318 17.817783698439598 2.8345979377627364 4.4707302078604689 2.8583593592047682 6.2979130372405043 24.961615420877934 3.90845120884478 19.126542489975691 118.45886623114347 8.3577373996376974 4.5136162266135207 8.11292537674308 103.48259971290827 4.3038493245840064 2.4277420490980157 23.36409061588347 11.014675818383694 71.087105587124825 4.0787201523780805 4.9174627959728241 97.263884305953979 2.7187796272337437 1.3554716929793356 5.04735342040658 10.427834782749414 56.729693245142698 4.4076184928417206 24.496287476271394 6.5563135780394068 13.450998608022926
leaf_count=52 87 18 25 20 38 191 26 127 585 43 29 52 655 22 40 457 210 352 22 25 914 41 21 49 62 348 29 219 66 81
internal_value=-0.000500967 -0.0105012 0.00879051 0.00028034 0.00197198 -0.000707219 0.00746638 -0.0244113 0.00765587 0.0361091 0.00451725 0.0144692 0.00591114 0.0131188 -0.0240871 -0.0472326 -0.00633791 0.0107275 0.025508 0.0874842 -0.0148863 0.0577226 0.109062 0.010286 -0.0243458 0.0169026 -0.0717029 0.0136177 -0.0112563 0.0246236
internal_weight=674.426 324.824 349.601 181.104 178.245 171.947 127.859 44.0882 345.131 34.2884 310.842 25.9307 306.329 202.846 143.721 40.8808 17.5167 198.542 80.0833 8.99618 102.84 6.50199 4.07425 123.951 19.8828 104.068 9.45497 101.233 31.0526 70.1807
internal_count=4906 3009 1897 1274 1254 1216 898 318 1872 182 1690 139 1661 1006 1735 769 312 984 399 47 966 102 62 872 140 732 78 714 285 429
is_linear=0
shrinkage=0.1


Tree=32
num_leaves=31
num_cat=0
split_feature=13 14 9 7 104 67 14 16 84 67 64 0 6 9 133 0 5 9 108 41 0 0 11 97 67 79 5 0 51 12
split_gain=6.28851 4.06022 3.49876 2.88733 2.83085 3.47009 3.1065 2.69183 3.53267 2.95101 3.68253 4.55707 4.76665 3.65589 3.39753 3.93383 2.73557 2.65783 2.49473 2.38657 2.65905 3.31271 2.49031 2.30944 2.49619 3.28204 3.43398 4.34839 4.00909 3.55592
threshold=1.0000000180025095e-35 1.0000000180025095e-35 1.0000000180025095e-35 1.0000000180025095e-35 1.0000000180025095e-35 1.0000000180025095e-35 1.0000000180025095e-35 1.0000000180025095e-35 1.0000000180025095e-35 1.0000000180025095e-35 1.0000000180025095e-35 9.9206023216247576 1.0000000180025095e-35 1.0000000180025095e-35 1.0000000180025095e-35 7.7577002048492441 1.0000000180025095e-35 1.0000000180025095e-35 1.0000000180025095e-35 1.0000000180025095e-35 3.639972567558289 3.8535249233245854 1.0000000180025095e-35 1.0000000180025095e-35 1.0000000180025095e-35 1.0000000180025095e-35 1.0000000180025095e-35 4.5790553092956552 1.0000000180025095e-35 1.0000000180025095e-35
decision_type=2 2 2 2 2 2 2 2 2 2 2 2 2 2 2 2 2 2 2 2 2 2 2 2 2 2 2 2 2 2
left_child=2 7 4 18 6 -6 -1 8 -2 10 11 13 -13 16 15 17 -9 -11 23 20 -4 -22 -21 24 -3 26 29 -28 -29 -26
right_child=1 3 19 -5 5 -7 -8 9 -10 14 -12 12 -14 -15 -16 -17 -18 -19 -20 22 21 -23 -24 -25 25 -27 27 28 -30 -31
leaf_value=0.0032274071911292065 0.0061175196517531368 -0.05886964447162954 0.043245477070424622 -0.082340067617151 0.11967684271238795 -0.0032644768847373802 -0.02375350618905538 -0.10959549995836299 -0.066056390564206688 -0.042853266871505952 0.11708995621589367 -0.1133428403785624 0.026854490425580413 0.084157550285201374 -0.11618365956572962 -0.059225847705417868 0.034464124754954736 0.066032635526944647 -0.12476545451703694 0.077885077585876927 -0.074961140927327086 0.010176914959363724 0.0082543166718524307 0.054193361546884491 -0.081595526045474084 -0.12714366920404691 0.15646668240670455 -0.04607755815153089 0.1204298814006793 0.020379525989827479
leaf_weight=141.55870034173131 118.42483371123672 15.477035613730548 24.217468205839396 11.114123729988931 4.142389737069605 5.1503645926713943 61.088961152359843 2.34987217187882 7.1937220282852641 3.7500598281621986 2.4807638563215724 6.3609829246997815 3.9193845987319946 6.1697157397866249 5.5001570358872405 16.27570566162467 3.00221186876297 5.5734954103827477 2.4092117249965659 11.853940449655056 4.6969568468630305 169.35833974927664 9.0635116696357727 3.8069369290024033 6.618187533691529 2.1131499707698813 2.7092625163495541 4.5930564738810062 2.1104751080274582 7.075116291642189
leaf_count=915 728 184 127 247 25 41 740 37 46 42 18 50 31 32 55 147 28 31 27 60 26 906 44 37 105 26 24 45 21 61
internal_value=-0.000482751 -0.0134924 0.00673006 -0.036511 -0.00243122 0.0515385 -0.0049061 -0.00611296 0.00198438 -0.0244794 0.00164375 -0.0114923 -0.0598927 0.0316931 -0.0448767 -0.029556 -0.0287863 0.0222373 -0.0256535 0.0155883 0.0121991 0.00787943 0.0477141 -0.020288 -0.0272553 -0.00785368 0.00305589 0.0495535 0.00634404 -0.0289066
internal_weight=670.158 239.027 431.131 58.0266 211.94 9.29275 202.648 181.001 125.619 55.3823 24.2829 21.8022 10.2804 11.5218 31.0994 25.5993 5.35208 9.32356 46.9124 219.19 198.273 174.055 20.9175 44.5032 40.6963 25.2192 23.1061 9.41279 6.70353 13.6933
internal_count=4906 2022 2884 777 1721 66 1655 1245 774 471 196 178 81 97 275 220 65 73 530 1163 1059 932 104 503 466 282 256 90 66 166
is_linear=0
shrinkage=0.1


Tree=33
num_leaves=31
num_cat=0
split_feature=7 268 12 6 50 105 0 62 0 14 70 0 83 0 5 99 53 0 16 83 10 6 68 57 45 1 167 80 100 102
split_gain=5.65628 4.04511 3.53928 4.36522 4.03346 3.81889 3.85737 3.73342 3.50022 3.13911 2.90279 3.46866 3.45056 3.61354 5.80524 4.84285 3.29833 3.14019 2.98147 3.68599 3.42761 5.27248 2.86384 2.6188 5.16534 8.53465 2.80974 2.51632 2.50085 2.40362
threshold=1.0000000180025095e-35 1.0000000180025095e-35 1.0000000180025095e-35 1.0000000180025095e-35 1.0000000180025095e-35 1.0000000180025095e-35 12.123203277587892 1.0000000180025095e-35 11.741273403167726 1.0000000180025095e-35 1.0000000180025095e-35 12.881587982177736 1.0000000180025095e-35 10.584530830383303 1.0000000180025095e-35 1.0000000180025095e-35 1.0000000180025095e-35 3.6783025264739995 1.0000000180025095e-35 1.0000000180025095e-35 1.0000000180025095e-35 1.0000000180025095e-35 1.0000000180025095e-35 1.0000000180025095e-35 1.0000000180025095e-35 -0.22746976464986798 1.0000000180025095e-35 1.0000000180025095e-35 1.0000000180025095e-35 1.0000000180025095e-35
decision_type=2 2 2 2 2 2 2 2 2 2 2 2 2 2 2 2 2 2 2 2 2 2 2 2 2 2 2 2 2 2
left_child=2 9 3 5 -4 6 8 -5 28 10 11 12 13 23 15 -15 -12 -14 19 20 21 -18 -20 26 -25 -26 -2 -6 -1 -9
right_child=1 -3 4 7 27 -7 -8 29 -10 -11 16 -13 17 14 -16 -17 18 -19 22 -21 -22 -23 -24 24 25 -27 -28 -29 -30 -31
leaf_value=0.023962028375445452 -0.044048741858328383 0.1106496187074439 0.022845652964935664 0.0050710124911451434 -0.014373183929042525 -0.087487122728649711 -0.012532239158781622 -0.039986368485601949 0.12972645086042059 -0.037648581291207552 0.053873028969366354 -0.08225667046017604 0.033678617711929135 0.037344842885113957 0.11580113951682186 -0.12417836165062504 -0.01896813012809738 -0.076982840962381199 0.016487068287166253 0.10593105003416288 -0.049343231551558231 0.11287577920489163 -0.089096442813473037 -0.011733163305316435 -0.039605341534897864 0.20325794176789758 0.060552663276860701 0.065029252473361596 -0.066528189215180653 0.033019739863287975
leaf_weight=79.87374659255147 30.048714529722929 2.5757319219410411 164.12103563547134 40.719655869528651 51.658612687140703 3.9602253064513198 42.248135983943939 55.722574627026916 3.0414145309478036 48.849164975807071 13.368619702756403 7.7330720983445635 3.1920550577342537 6.0995343923568708 6.007359240204095 2.668227307498455 7.904686331748966 13.038240395486353 4.1936238501220924 3.7558306790888301 8.8269353248178959 4.9216808192431927 6.6310578696429729 34.703964423388243 2.7092265374958515 3.1057243794202796 2.8079453483223906 4.3253209926187983 3.1755285672843447 4.9068040624260894
leaf_count=547 240 21 910 301 304 36 301 434 20 743 86 64 20 46 38 19 52 107 41 23 61 30 57 265 22 24 17 25 19 33
internal_value=-0.000471982 -0.0139093 0.00583993 -0.00273205 0.0149394 0.00923132 0.0122158 -0.0183488 0.0243607 -0.015433 -0.00872238 -0.0176339 -0.0128463 -0.00504471 0.0400747 -0.0118103 0.0114199 -0.0552188 -0.00424333 0.0144795 -0.00138307 0.0316225 -0.048192 -0.0141301 0.00288201 0.0901062 -0.0351095 -0.00823855 0.020502 -0.0340779
internal_weight=666.894 213.141 453.753 233.648 220.105 132.299 128.339 101.349 86.0907 210.566 161.716 112.114 104.381 88.1507 14.7751 8.76776 49.6024 16.2303 36.2338 25.4091 21.6533 12.8264 10.8247 73.3756 40.5189 5.81495 32.8567 55.9839 83.0493 60.6294
internal_count=4906 1976 2930 1691 1239 923 887 768 586 1955 1212 862 798 671 103 65 350 127 264 166 143 82 98 568 311 46 257 329 566 467
is_linear=0
shrinkage=0.1


Tree=34
num_leaves=31
num_cat=0
split_feature=13 16 84 26 16 139 8 56 28 108 104 42 67 22 140 9 62 65 5 7 10 0 84 0 9 19 64 14 6 81
split_gain=5.39415 3.3534 3.65677 4.49029 3.2957 3.77595 3.65303 3.52015 3.40137 3.80701 3.39066 3.37928 4.61336 3.22127 3.06159 2.8958 2.87352 2.791 3.15939 4.70965 5.364 3.48975 2.82867 2.65066 2.4479 4.25285 2.95851 2.65473 2.73404 4.32624
threshold=1.0000000180025095e-35 1.0000000180025095e-35 1.0000000180025095e-35 1.0000000180025095e-35 1.0000000180025095e-35 1.0000000180025095e-35 1.0000000180025095e-35 1.0000000180025095e-35 1.0000000180025095e-35 1.0000000180025095e-35 1.0000000180025095e-35 1.0000000180025095e-35 1.0000000180025095e-35 1.0000000180025095e-35 1.0000000180025095e-35 1.0000000180025095e-35 1.0000000180025095e-35 1.0000000180025095e-35 1.0000000180025095e-35 1.0000000180025095e-35 1.0000000180025095e-35 8.4175219535827654 1.0000000180025095e-35 17.746748924255375 1.0000000180025095e-35 1.0000000180025095e-35 1.0000000180025095e-35 1.0000000180025095e-35 1.0000000180025095e-35 1.0000000180025095e-35
decision_type=2 2 2 2 2 2 2 2 2 2 2 2 2 2 2 2 2 2 2 2 2 2 2 2 2 2 2 2 2 2
left_child=4 2 23 -4 5 8 7 16 -1 -10 13 12 15 -9 -14 -7 -6 18 22 20 21 -20 -8 24 25 27 -26 28 29 -2
right_child=1 -3 3 -5 6 11 17 10 9 -11 -12 -13 14 -15 -16 -17 -18 -19 19 -21 -22 -23 -24 -25 26 -27 -28 -29 -30 -31
leaf_value=-0.063607361673304996 0.035179169015399019 -0.030832992528870947 -0.14901151646577213 -0.007684534923674248 -0.0091060881811625104 -0.01586570538986477 -0.0455206411496989 0.021194019721391257 0.016957887862392943 0.10905048010611701 0.12830412652333587 -0.10624856190500208 -0.1055405749721537 -0.086980294280890491 0.0013354913703365759 0.10420447641243941 -0.11250967134968887 -0.11605638114120798 0.0085902572288922285 -0.069928721305330732 -0.050926041831200655 0.11834769405429234 0.062181070854720459 0.10046727018496504 0.013753032546675859 0.12800571807420222 -0.060244612133998759 -0.061126784010455161 -0.03811094383303687 -0.041725388794140492
leaf_weight=5.1227063201367846 20.414783902466297 70.687997285276651 3.8163421526551229 5.4710500277578831 38.180403079837561 3.6786583848297632 33.204191388562322 59.123585229739547 228.22356609627604 4.5789057798683634 2.8184805624186984 4.2218732796609393 5.1820342652499676 2.8872583433985701 5.5520005840808153 4.4244872964918613 2.8909582160413256 3.1347183827310792 4.952125042676931 5.5208464860916129 4.9613816030323497 6.9798962660133839 2.6318665966391555 2.5245678126811972 78.156645115464926 1.9714243635535229 5.8042729906737796 13.244908696040509 22.187519978731871 11.399438425898554
leaf_count=36 140 730 33 43 264 29 269 410 1463 32 19 30 34 23 39 23 20 23 28 55 28 41 18 19 430 19 33 304 187 84
internal_value=-0.000458711 -0.0126092 -0.00480144 -0.0657581 0.00622774 0.013251 -0.00472929 0.00652139 0.0169956 0.0187692 0.021033 -0.0253862 -0.00726294 0.0161574 -0.0502607 0.0496951 -0.0163845 -0.0241388 -0.0191923 0.0102553 0.0364599 0.0727953 -0.0376108 -0.0011655 -0.00284052 -0.0167633 0.00863753 -0.0210074 -0.0111674 0.00762329
internal_weight=663.949 235.679 164.991 9.28739 428.27 260.984 167.286 105.901 237.925 232.802 64.8293 23.0591 18.8372 62.0108 10.734 8.10315 41.0714 61.385 58.2503 22.4142 16.8934 11.932 35.8361 155.704 153.179 69.2181 83.9609 67.2467 54.0017 31.8142
internal_count=4906 2022 1292 76 2884 1686 1198 736 1531 1495 452 155 125 433 73 52 284 462 439 152 97 69 287 1216 1197 734 463 715 411 224
is_linear=0
shrinkage=0.1


Tree=35
num_leaves=31
num_cat=0
split_feature=7 14 12 214 50 1 6 80 100 93 102 40 9 0 0 108 1 15 34 0 0 8 0 0 0 104 61 14 0 11
split_gain=4.78817 3.17774 2.97993 4.38934 3.2839 3.25879 3.44267 4.39814 3.90613 3.47881 3.43385 3.42225 5.47532 2.82426 4.18441 3.20531 4.5381 3.72294 7.10776 4.32812 4.47758 4.0863 2.60884 2.77776 2.50913 2.47357 2.3498 2.4842 2.29619 5.90422
threshold=1.0000000180025095e-35 1.0000000180025095e-35 1.0000000180025095e-35 1.0000000180025095e-35 1.0000000180025095e-35 -0.76789107918739308 1.0000000180025095e-35 1.0000000180025095e-35 1.0000000180025095e-35 1.0000000180025095e-35 1.0000000180025095e-35 1.0000000180025095e-35 1.0000000180025095e-35 10.584530830383303 10.843257904052736 1.0000000180025095e-35 -0.094227697700262056 1.0000000180025095e-35 1.0000000180025095e-35 4.3846678733825692 3.0691307783126835 1.0000000180025095e-35 15.868583202362062 15.132101058959963 16.495551109313968 1.0000000180025095e-35 1.0000000180025095e-35 1.0000000180025095e-35 2.8952771425247197 1.0000000180025095e-35
decision_type=2 2 2 2 2 2 2 2 2 2 2 2 2 2 2 2 2 2 2 2 2 2 2 2 2 2 2 2 2 2
left_child=2 13 3 5 -4 -1 7 9 10 25 11 22 24 15 -15 17 -17 18 19 20 -2 -22 23 -8 -13 28 27 -9 29 -7
right_child=1 -3 4 -5 -6 6 8 26 -10 -11 -12 12 -14 14 -16 16 -18 -19 -20 -21 21 -23 -24 -25 -26 -27 -28 -29 -30 -31
leaf_value=0.10892317734843665 -0.037391267592318499 -0.035558152419169542 0.020876817251916938 -0.10744384942990298 -0.0072567383311335195 0.076132946037126947 -0.03463677159988484 0.019619835897185436 0.079686187485431437 -0.079482607194663435 0.054141070413436181 -0.09776535017300779 0.07631099570437283 0.12535981962993237 0.0030725300821295553 -0.031441695443667567 0.14820417769158317 -0.05075992598631146 0.095340974751436616 -0.048997508896665938 0.11250806810198884 -0.017510984310503488 -0.1259514095032592 0.063494165720477544 0.028164529871095158 -0.054066099598954899 -0.1270052361146258 -0.094217217153467855 0.024090673508125469 -0.12175363642956311
leaf_weight=2.6786496900022021 8.7163798511028308 47.840561706572771 163.39762794598937 3.9203430023044339 55.610218103975058 2.6000164691358796 66.475366126745939 5.0612351559102517 4.06175423413515 3.8224087189882985 5.7776770442724219 3.9783276971429569 7.7280691489577293 2.9085020124912253 73.752919510006905 2.9503488279879093 2.6866909824311724 31.290434081107378 6.001938033849 24.006007134914398 6.042975436896084 4.0287287272512913 2.978551283478736 3.0154285319149485 2.6269965786486864 4.632576957345008 3.0011309012770644 3.085729569196701 103.08318240381777 3.5890358574688435
leaf_count=18 68 750 910 30 329 22 515 28 28 31 38 46 41 22 533 23 19 256 45 191 40 29 26 22 25 33 20 29 713 26
internal_value=-0.000442475 -0.012907 0.00536602 -0.0025286 0.0137332 -0.000726191 -0.00202858 0.00867074 -0.0162965 0.0143555 -0.0205075 -0.0254762 0.0191708 -0.00623366 0.00771206 -0.0187051 0.05418 -0.0238353 -0.00656988 -0.020863 0.0150851 0.0604998 -0.0343067 -0.0303786 -0.0476819 0.0175045 -0.0513619 -0.0234969 0.0205387 -0.0386216
internal_weight=661.35 210.225 451.124 232.116 219.008 228.196 225.517 128.875 96.6422 117.727 92.5804 86.8027 14.3334 162.385 76.6614 85.7235 5.63704 80.0865 48.796 42.7941 18.7881 10.0717 72.4693 69.4908 6.60532 113.905 11.1481 8.14696 109.272 6.18905
internal_count=4906 1976 2930 1691 1239 1661 1643 902 741 825 713 675 112 1226 555 671 42 629 373 328 137 69 563 537 71 794 77 57 761 48
is_linear=0
shrinkage=0.1


end of trees

feature_importances:
Column_0=113
Column_7=99
Column_13=93
Column_16=82
Column_5=77
Column_14=77
Column_12=55
Column_9=35
Column_1=32
Column_6=24
Column_8=24
Column_11=17
Column_26=16
Column_67=15
Column_139=14
Column_10=13
Column_81=10
Column_83=10
Column_108=9
Column_21=8
Column_49=8
Column_70=8
Column_95=8
Column_61=7
Column_74=7
Column_97=7
Column_100=7
Column_104=7
Column_135=7
Column_138=7
Column_168=7
Column_24=6
Column_33=6
Column_40=6
Column_62=6
Column_84=6
Column_99=6
Column_15=5
Column_42=5
Column_54=5
Column_94=5
Column_140=5
Column_41=4
Column_50=4
Column_53=4
Column_64=4
Column_73=4
Column_78=4
Column_103=4
Column_167=4
Column_19=3
Column_44=3
Column_46=3
Column_47=3
Column_56=3
Column_57=3
Column_68=3
Column_69=3
Column_79=3
Column_102=3
Column_133=3
Column_137=3
Column_23=2
Column_28=2
Column_29=2
Column_34=2
Column_39=2
Column_51=2
Column_55=2
Column_60=2
Column_71=2
Column_80=2
Column_174=2
Column_262=2
Column_268=2
Column_22=1
Column_31=1
Column_35=1
Column_36=1
Column_45=1
Column_59=1
Column_63=1
Column_65=1
Column_91=1
Column_93=1
Column_98=1
Column_105=1
Column_113=1
Column_127=1
Column_129=1
Column_130=1
Column_132=1
Column_141=1
Column_156=1
Column_176=1
Column_214=1
Column_237=1

parameters:
[boosting: gbdt]
[objective: binary]
[metric: binary_logloss]
[tree_learner: serial]
[device_type: cpu]
[data_sample_strategy: bagging]
[data: ]
[valid: ]
[num_iterations: 300]
[learning_rate: 0.1]
[num_leaves: 31]
[num_threads: 0]
[seed: 0]
[deterministic: 0]
[force_col_wise: 0]
[force_row_wise: 0]
[histogram_pool_size: -1]
[max_depth: -1]
[min_data_in_leaf: 20]
[min_sum_hessian_in_leaf: 0.001]
[bagging_fraction: 1]
[pos_bagging_fraction: 1]
[neg_bagging_fraction: 1]
[bagging_freq: 0]
[bagging_seed: 7719]
[bagging_by_query: 0]
[feature_fraction: 1]
[feature_fraction_bynode: 1]
[feature_fraction_seed: 2437]
[extra_trees: 0]
[extra_seed: 11797]
[early_stopping_round: 0]
[early_stopping_min_delta: 0]
[first_metric_only: 0]
[max_delta_step: 0]
[lambda_l1: 0]
[lambda_l2: 0]
[linear_lambda: 0]
[min_gain_to_split: 0]
[drop_rate: 0.1]
[max_drop: 50]
[skip_drop: 0.5]
[xgboost_dart_mode: 0]
[uniform_drop: 0]
[drop_seed: 21238]
[top_rate: 0.2]
[other_rate: 0.1]
[min_data_per_group: 100]
[max_cat_threshold: 32]
[cat_l2: 10]
[cat_smooth: 10]
[max_cat_to_onehot: 4]
[top_k: 20]
[monotone_constraints: ]
[monotone_constraints_method: basic]
[monotone_penalty: 0]
[feature_contri: ]
[forcedsplits_filename: ]
[refit_decay_rate: 0.9]
[cegb_tradeoff: 1]
[cegb_penalty_split: 0]
[cegb_penalty_feature_lazy: ]
[cegb_penalty_feature_coupled: ]
[path_smooth: 0]
[interaction_constraints: ]
[verbosity: -1]
[saved_feature_importance_type: 0]
[use_quantized_grad: 0]
[num_grad_quant_bins: 4]
[quant_train_renew_leaf: 0]
[stochastic_rounding: 1]
[linear_tree: 0]
[max_bin: 255]
[max_bin_by_feature: ]
[min_data_in_bin: 3]
[bin_construct_sample_cnt: 200000]
[data_random_seed: 38]
[is_enable_sparse: 1]
[enable_bundle: 1]
[use_missing: 1]
[zero_as_missing: 0]
[feature_pre_filter: 1]
[pre_partition: 0]
[two_round: 0]
[header: 0]
[label_column: ]
[weight_column: ]
[group_column: ]
[ignore_column: ]
[categorical_feature: ]
[forcedbins_filename: ]
[precise_float_parser: 0]
[parser_config_file: ]
[objective_seed: 8855]
[num_class: 1]
[is_unbalance: 0]
[scale_pos_weight: 1]
[sigmoid: 1]
[boost_from_average: 1]
[reg_sqrt: 0]
[alpha: 0.9]
[fair_c: 1]
[poisson_max_delta_step: 0.7]
[tweedie_variance_power: 1.5]
[lambdarank_truncation_level: 30]
[lambdarank_norm: 1]
[label_gain: ]
[lambdarank_position_bias_regularization: 0]
[eval_at: ]
[multi_error_top_k: 1]
[auc_mu_weights: ]
[num_machines: 1]
[local_listen_port: 12400]
[time_out: 120]
[machine_list_filename: ]
[machines: ]
[gpu_platform_id: -1]
[gpu_device_id: -1]
[gpu_device_id_list: ]
[gpu_use_dp: 0]
[num_gpu: 1]

end of parameters

pandas_categorical:null
