experiment,scenario,arm,seed,metric,value
C01_staged_current,S0,age_temporal,0,bce,0.4801915464325848
C01_staged_current,S0,age_temporal,0,auroc,0.7333972337169605
C01_staged_current,S0,age_temporal,0,auprc,0.5301349355483662
C01_staged_current,S0,age_temporal,0,surface_rmse,0.14483854890055003
C01_staged_current,S0,age_temporal,0,cf_rmse_age,0.09960912334150719
C01_staged_current,S0,age_temporal,0,cf_rmse_lag,0.11602304441545283
C01_staged_current,S0,age_temporal,0,delta_bce_beta0,9.121863872862956e-06
C01_staged_current,S0,age_temporal,0,delta_bce_full_age_shuffle,0.0049097480592057985
C01_staged_current,S0,age_temporal,0,delta_bce_gate_age_shuffle,9.630196286025683e-06
C01_staged_current,S0,age_temporal,0,gate_signal_rmse,0.05327733356253199
C01_staged_current,S0,age_temporal,0,gate_signal_mae,0.0383078331890556
C01_staged_current,S0,age_temporal,0,gate_signal_correlation,0.9706434946993866
C01_staged_current,S0,age_temporal,0,beta_mean,0.00912382174283266
C01_staged_current,S0,age_temporal,0,abs_beta_mean,0.00912382174283266
C01_staged_current,S0,age_temporal,0,content_free_lambda_rmse,0.1542270760961389
C01_staged_current,S0,age_temporal,1,bce,0.48035592536572286
C01_staged_current,S0,age_temporal,1,auroc,0.7338708345258147
C01_staged_current,S0,age_temporal,1,auprc,0.5295883454823059
C01_staged_current,S0,age_temporal,1,surface_rmse,0.14305631268949046
C01_staged_current,S0,age_temporal,1,cf_rmse_age,0.1023680117526644
C01_staged_current,S0,age_temporal,1,cf_rmse_lag,0.11314481043699458
C01_staged_current,S0,age_temporal,1,delta_bce_beta0,-8.831031799438893e-06
C01_staged_current,S0,age_temporal,1,delta_bce_full_age_shuffle,0.0022763217322757656
C01_staged_current,S0,age_temporal,1,delta_bce_gate_age_shuffle,-4.91937107105489e-06
C01_staged_current,S0,age_temporal,1,gate_signal_rmse,0.06678274348972921
C01_staged_current,S0,age_temporal,1,gate_signal_mae,0.043973681545053614
C01_staged_current,S0,age_temporal,1,gate_signal_correlation,0.9526358283023049
C01_staged_current,S0,age_temporal,1,beta_mean,0.0121217155829072
C01_staged_current,S0,age_temporal,1,abs_beta_mean,0.0121217155829072
C01_staged_current,S0,age_temporal,1,content_free_lambda_rmse,0.12083098595968035
C01_staged_current,S0,age_temporal,2,bce,0.4818194929744046
C01_staged_current,S0,age_temporal,2,auroc,0.7317550378427113
C01_staged_current,S0,age_temporal,2,auprc,0.5256993282375847
C01_staged_current,S0,age_temporal,2,surface_rmse,0.16135598842440613
C01_staged_current,S0,age_temporal,2,cf_rmse_age,0.0954435056620666
C01_staged_current,S0,age_temporal,2,cf_rmse_lag,0.12609979335259075
C01_staged_current,S0,age_temporal,2,delta_bce_beta0,7.697210642754193e-07
C01_staged_current,S0,age_temporal,2,delta_bce_full_age_shuffle,0.005118465389641447
C01_staged_current,S0,age_temporal,2,delta_bce_gate_age_shuffle,9.375075904483055e-08
C01_staged_current,S0,age_temporal,2,gate_signal_rmse,0.12313079431186219
C01_staged_current,S0,age_temporal,2,gate_signal_mae,0.06305521821885772
C01_staged_current,S0,age_temporal,2,gate_signal_correlation,0.8578824676766867
C01_staged_current,S0,age_temporal,2,beta_mean,-0.0008218442089855671
C01_staged_current,S0,age_temporal,2,abs_beta_mean,0.0008218442089855671
C01_staged_current,S0,age_temporal,2,content_free_lambda_rmse,0.08968675968532468
C01_staged_current,S0,age_temporal,3,bce,0.48055414537070773
C01_staged_current,S0,age_temporal,3,auroc,0.7328798629780287
C01_staged_current,S0,age_temporal,3,auprc,0.5296359083712885
C01_staged_current,S0,age_temporal,3,surface_rmse,0.1466286302634824
C01_staged_current,S0,age_temporal,3,cf_rmse_age,0.11180133935652348
C01_staged_current,S0,age_temporal,3,cf_rmse_lag,0.11492921485641162
C01_staged_current,S0,age_temporal,3,delta_bce_beta0,7.969408905017517e-08
C01_staged_current,S0,age_temporal,3,delta_bce_full_age_shuffle,0.005173396761159854
C01_staged_current,S0,age_temporal,3,delta_bce_gate_age_shuffle,1.4252470964537522e-07
C01_staged_current,S0,age_temporal,3,gate_signal_rmse,0.0849057462952587
C01_staged_current,S0,age_temporal,3,gate_signal_mae,0.050663031537990615
C01_staged_current,S0,age_temporal,3,gate_signal_correlation,0.9248299832173005
C01_staged_current,S0,age_temporal,3,beta_mean,0.00032029388239607215
C01_staged_current,S0,age_temporal,3,abs_beta_mean,0.00032029388239607215
C01_staged_current,S0,age_temporal,3,content_free_lambda_rmse,0.07220013311471724
C01_staged_current,S0,age_temporal,4,bce,0.4805610168798842
C01_staged_current,S0,age_temporal,4,auroc,0.7333279916033675
C01_staged_current,S0,age_temporal,4,auprc,0.5286737932173937
C01_staged_current,S0,age_temporal,4,surface_rmse,0.14648709552716127
C01_staged_current,S0,age_temporal,4,cf_rmse_age,0.08312387299376373
C01_staged_current,S0,age_temporal,4,cf_rmse_lag,0.11229289689088812
C01_staged_current,S0,age_temporal,4,delta_bce_beta0,5.456034170570057e-07
C01_staged_current,S0,age_temporal,4,delta_bce_full_age_shuffle,0.005559802740889241
C01_staged_current,S0,age_temporal,4,delta_bce_gate_age_shuffle,-4.211492317662824e-07
C01_staged_current,S0,age_temporal,4,gate_signal_rmse,0.08203395974080313
C01_staged_current,S0,age_temporal,4,gate_signal_mae,0.04917439103577548
C01_staged_current,S0,age_temporal,4,gate_signal_correlation,0.9290864015710887
C01_staged_current,S0,age_temporal,4,beta_mean,-0.0008604148169979453
C01_staged_current,S0,age_temporal,4,abs_beta_mean,0.0008604148169979453
C01_staged_current,S0,age_temporal,4,content_free_lambda_rmse,0.0887530279786449
C01_staged_current,S0,temporal_only,0,bce,0.48019907042077414
C01_staged_current,S0,temporal_only,0,auroc,0.7333931724382764
C01_staged_current,S0,temporal_only,0,auprc,0.5301285207296794
C01_staged_current,S0,temporal_only,0,surface_rmse,0.14474651642241118
C01_staged_current,S0,temporal_only,0,cf_rmse_age,0.09974219029454409
C01_staged_current,S0,temporal_only,0,cf_rmse_lag,0.11592206652015039
C01_staged_current,S0,temporal_only,0,delta_bce_beta0,0.0
C01_staged_current,S0,temporal_only,0,delta_bce_full_age_shuffle,0.004913549463668954
C01_staged_current,S0,temporal_only,0,delta_bce_gate_age_shuffle,0.0
C01_staged_current,S0,temporal_only,0,gate_signal_rmse,0.053284738770513235
C01_staged_current,S0,temporal_only,0,gate_signal_mae,0.03827705269539797
C01_staged_current,S0,temporal_only,0,gate_signal_correlation,0.9706612606150881
C01_staged_current,S0,temporal_only,0,beta_mean,0.0
C01_staged_current,S0,temporal_only,0,abs_beta_mean,0.0
C01_staged_current,S0,temporal_only,0,content_free_lambda_rmse,0.1539407949474575
C01_staged_current,S0,temporal_only,1,bce,0.48034980313815584
C01_staged_current,S0,temporal_only,1,auroc,0.7338728847140313
C01_staged_current,S0,temporal_only,1,auprc,0.5296030484424542
C01_staged_current,S0,temporal_only,1,surface_rmse,0.1431504082845829
C01_staged_current,S0,temporal_only,1,cf_rmse_age,0.10252969191171886
C01_staged_current,S0,temporal_only,1,cf_rmse_lag,0.11315087212098036
C01_staged_current,S0,temporal_only,1,delta_bce_beta0,0.0
C01_staged_current,S0,temporal_only,1,delta_bce_full_age_shuffle,0.0022737146937459873
C01_staged_current,S0,temporal_only,1,delta_bce_gate_age_shuffle,0.0
C01_staged_current,S0,temporal_only,1,gate_signal_rmse,0.06684813100209948
C01_staged_current,S0,temporal_only,1,gate_signal_mae,0.044021833579373976
C01_staged_current,S0,temporal_only,1,gate_signal_correlation,0.952623447959944
C01_staged_current,S0,temporal_only,1,beta_mean,0.0
C01_staged_current,S0,temporal_only,1,abs_beta_mean,0.0
C01_staged_current,S0,temporal_only,1,content_free_lambda_rmse,0.12085056114466208
C01_staged_current,S0,temporal_only,2,bce,0.48182258757737934
C01_staged_current,S0,temporal_only,2,auroc,0.7317509570151528
C01_staged_current,S0,temporal_only,2,auprc,0.5257027992727517
C01_staged_current,S0,temporal_only,2,surface_rmse,0.16139651128825597
C01_staged_current,S0,temporal_only,2,cf_rmse_age,0.09536594415773843
C01_staged_current,S0,temporal_only,2,cf_rmse_lag,0.12622741288624323
C01_staged_current,S0,temporal_only,2,delta_bce_beta0,0.0
C01_staged_current,S0,temporal_only,2,delta_bce_full_age_shuffle,0.0051139833995307304
C01_staged_current,S0,temporal_only,2,delta_bce_gate_age_shuffle,0.0
C01_staged_current,S0,temporal_only,2,gate_signal_rmse,0.12302717068015276
C01_staged_current,S0,temporal_only,2,gate_signal_mae,0.0629644030895467
C01_staged_current,S0,temporal_only,2,gate_signal_correlation,0.8580527516088619
C01_staged_current,S0,temporal_only,2,beta_mean,0.0
C01_staged_current,S0,temporal_only,2,abs_beta_mean,0.0
C01_staged_current,S0,temporal_only,2,content_free_lambda_rmse,0.08523016977579612
C01_staged_current,S0,temporal_only,3,bce,0.4805544247787392
C01_staged_current,S0,temporal_only,3,auroc,0.7328787120380404
C01_staged_current,S0,temporal_only,3,auprc,0.5296294470878594
C01_staged_current,S0,temporal_only,3,surface_rmse,0.146630564955577
C01_staged_current,S0,temporal_only,3,cf_rmse_age,0.11174308250712528
C01_staged_current,S0,temporal_only,3,cf_rmse_lag,0.11492857480528701
C01_staged_current,S0,temporal_only,3,delta_bce_beta0,0.0
C01_staged_current,S0,temporal_only,3,delta_bce_full_age_shuffle,0.005170035667969364
C01_staged_current,S0,temporal_only,3,delta_bce_gate_age_shuffle,0.0
C01_staged_current,S0,temporal_only,3,gate_signal_rmse,0.08489695499791802
C01_staged_current,S0,temporal_only,3,gate_signal_mae,0.050650098851586764
C01_staged_current,S0,temporal_only,3,gate_signal_correlation,0.9248067189433639
C01_staged_current,S0,temporal_only,3,beta_mean,0.0
C01_staged_current,S0,temporal_only,3,abs_beta_mean,0.0
C01_staged_current,S0,temporal_only,3,content_free_lambda_rmse,0.07207673597605246
C01_staged_current,S0,temporal_only,4,bce,0.48055507408786513
C01_staged_current,S0,temporal_only,4,auroc,0.7333283874680767
C01_staged_current,S0,temporal_only,4,auprc,0.5286998042940962
C01_staged_current,S0,temporal_only,4,surface_rmse,0.1464925735596695
C01_staged_current,S0,temporal_only,4,cf_rmse_age,0.08304152677266599
C01_staged_current,S0,temporal_only,4,cf_rmse_lag,0.11230982640421548
C01_staged_current,S0,temporal_only,4,delta_bce_beta0,0.0
C01_staged_current,S0,temporal_only,4,delta_bce_full_age_shuffle,0.005559916590234304
C01_staged_current,S0,temporal_only,4,delta_bce_gate_age_shuffle,0.0
C01_staged_current,S0,temporal_only,4,gate_signal_rmse,0.08212687301870329
C01_staged_current,S0,temporal_only,4,gate_signal_mae,0.0492268400252095
C01_staged_current,S0,temporal_only,4,gate_signal_correlation,0.9289848434112079
C01_staged_current,S0,temporal_only,4,beta_mean,0.0
C01_staged_current,S0,temporal_only,4,abs_beta_mean,0.0
C01_staged_current,S0,temporal_only,4,content_free_lambda_rmse,0.08884268808634299
C01_staged_current,S1,age_temporal,0,bce,0.4794215032891727
C01_staged_current,S1,age_temporal,0,auroc,0.7431082964899834
C01_staged_current,S1,age_temporal,0,auprc,0.5407674397069341
C01_staged_current,S1,age_temporal,0,surface_rmse,0.16504107589851305
C01_staged_current,S1,age_temporal,0,cf_rmse_age,0.13241284857287097
C01_staged_current,S1,age_temporal,0,cf_rmse_lag,0.11508407061929411
C01_staged_current,S1,age_temporal,0,delta_bce_beta0,0.00021044743869053084
C01_staged_current,S1,age_temporal,0,delta_bce_full_age_shuffle,0.008316647798985777
C01_staged_current,S1,age_temporal,0,delta_bce_gate_age_shuffle,0.00030690961634910474
C01_staged_current,S1,age_temporal,0,gate_signal_rmse,0.05058449026112795
C01_staged_current,S1,age_temporal,0,gate_signal_mae,0.032479598328308566
C01_staged_current,S1,age_temporal,0,gate_signal_correlation,0.9795561064519481
C01_staged_current,S1,age_temporal,0,beta_mean,0.09755793958902359
C01_staged_current,S1,age_temporal,0,abs_beta_mean,0.09755793958902359
C01_staged_current,S1,age_temporal,0,content_free_lambda_rmse,0.10161734558187438
C01_staged_current,S1,age_temporal,1,bce,0.47812955544441127
C01_staged_current,S1,age_temporal,1,auroc,0.7441093657271795
C01_staged_current,S1,age_temporal,1,auprc,0.5428206714691601
C01_staged_current,S1,age_temporal,1,surface_rmse,0.16662410502240865
C01_staged_current,S1,age_temporal,1,cf_rmse_age,0.14357985216533795
C01_staged_current,S1,age_temporal,1,cf_rmse_lag,0.1103557597647438
C01_staged_current,S1,age_temporal,1,delta_bce_beta0,5.201546750277508e-05
C01_staged_current,S1,age_temporal,1,delta_bce_full_age_shuffle,0.006606950585779647
C01_staged_current,S1,age_temporal,1,delta_bce_gate_age_shuffle,6.751479274780259e-05
C01_staged_current,S1,age_temporal,1,gate_signal_rmse,0.04684194356911434
C01_staged_current,S1,age_temporal,1,gate_signal_mae,0.03402280238910061
C01_staged_current,S1,age_temporal,1,gate_signal_correlation,0.983519863383458
C01_staged_current,S1,age_temporal,1,beta_mean,0.025628553703427315
C01_staged_current,S1,age_temporal,1,abs_beta_mean,0.025628553703427315
C01_staged_current,S1,age_temporal,1,content_free_lambda_rmse,0.11356075152182657
C01_staged_current,S1,age_temporal,2,bce,0.47938475451857365
C01_staged_current,S1,age_temporal,2,auroc,0.7440919155861643
C01_staged_current,S1,age_temporal,2,auprc,0.540570162892248
C01_staged_current,S1,age_temporal,2,surface_rmse,0.16566300109026807
C01_staged_current,S1,age_temporal,2,cf_rmse_age,0.13751695170254075
C01_staged_current,S1,age_temporal,2,cf_rmse_lag,0.12200802772214028
C01_staged_current,S1,age_temporal,2,delta_bce_beta0,0.000130256212032831
C01_staged_current,S1,age_temporal,2,delta_bce_full_age_shuffle,0.011805670659783829
C01_staged_current,S1,age_temporal,2,delta_bce_gate_age_shuffle,0.0001701970860015778
C01_staged_current,S1,age_temporal,2,gate_signal_rmse,0.04873557597539454
C01_staged_current,S1,age_temporal,2,gate_signal_mae,0.03489980602036746
C01_staged_current,S1,age_temporal,2,gate_signal_correlation,0.9824431173888307
C01_staged_current,S1,age_temporal,2,beta_mean,0.04652245715260506
C01_staged_current,S1,age_temporal,2,abs_beta_mean,0.04652245715260506
C01_staged_current,S1,age_temporal,2,content_free_lambda_rmse,0.09156019156146716
C01_staged_current,S1,age_temporal,3,bce,0.47953635342557854
C01_staged_current,S1,age_temporal,3,auroc,0.7434174063219885
C01_staged_current,S1,age_temporal,3,auprc,0.5397541832497118
C01_staged_current,S1,age_temporal,3,surface_rmse,0.1344836361675056
C01_staged_current,S1,age_temporal,3,cf_rmse_age,0.1241922464476328
C01_staged_current,S1,age_temporal,3,cf_rmse_lag,0.09815498881609884
C01_staged_current,S1,age_temporal,3,delta_bce_beta0,0.00011627082272247513
C01_staged_current,S1,age_temporal,3,delta_bce_full_age_shuffle,0.011403497346278713
C01_staged_current,S1,age_temporal,3,delta_bce_gate_age_shuffle,0.00011605187406116269
C01_staged_current,S1,age_temporal,3,gate_signal_rmse,0.04818620047524005
C01_staged_current,S1,age_temporal,3,gate_signal_mae,0.03463724921516883
C01_staged_current,S1,age_temporal,3,gate_signal_correlation,0.9795977075925102
C01_staged_current,S1,age_temporal,3,beta_mean,0.05363224074244499
C01_staged_current,S1,age_temporal,3,abs_beta_mean,0.05363224074244499
C01_staged_current,S1,age_temporal,3,content_free_lambda_rmse,0.09097466707826025
C01_staged_current,S1,age_temporal,4,bce,0.4787746805509757
C01_staged_current,S1,age_temporal,4,auroc,0.7445889720987136
C01_staged_current,S1,age_temporal,4,auprc,0.5436789444481375
C01_staged_current,S1,age_temporal,4,surface_rmse,0.18661763703086598
C01_staged_current,S1,age_temporal,4,cf_rmse_age,0.16475006706317086
C01_staged_current,S1,age_temporal,4,cf_rmse_lag,0.12299470762071163
C01_staged_current,S1,age_temporal,4,delta_bce_beta0,0.0001520391070360394
C01_staged_current,S1,age_temporal,4,delta_bce_full_age_shuffle,0.007738032517103088
C01_staged_current,S1,age_temporal,4,delta_bce_gate_age_shuffle,0.00016162705628663954
C01_staged_current,S1,age_temporal,4,gate_signal_rmse,0.047788131141780175
C01_staged_current,S1,age_temporal,4,gate_signal_mae,0.033588761323325715
C01_staged_current,S1,age_temporal,4,gate_signal_correlation,0.9822288717787001
C01_staged_current,S1,age_temporal,4,beta_mean,0.05563615635037422
C01_staged_current,S1,age_temporal,4,abs_beta_mean,0.05563615635037422
C01_staged_current,S1,age_temporal,4,content_free_lambda_rmse,0.13394671200149852
C01_staged_current,S1,temporal_only,0,bce,0.4795665178545622
C01_staged_current,S1,temporal_only,0,auroc,0.7429179872764043
C01_staged_current,S1,temporal_only,0,auprc,0.5405457422433758
C01_staged_current,S1,temporal_only,0,surface_rmse,0.1643174235463144
C01_staged_current,S1,temporal_only,0,cf_rmse_age,0.13215678350247417
C01_staged_current,S1,temporal_only,0,cf_rmse_lag,0.11562594276903737
C01_staged_current,S1,temporal_only,0,delta_bce_beta0,0.0
C01_staged_current,S1,temporal_only,0,delta_bce_full_age_shuffle,0.008182817829740674
C01_staged_current,S1,temporal_only,0,delta_bce_gate_age_shuffle,0.0
C01_staged_current,S1,temporal_only,0,gate_signal_rmse,0.04986441419480814
C01_staged_current,S1,temporal_only,0,gate_signal_mae,0.031302775915366586
C01_staged_current,S1,temporal_only,0,gate_signal_correlation,0.9808367497248881
C01_staged_current,S1,temporal_only,0,beta_mean,0.0
C01_staged_current,S1,temporal_only,0,abs_beta_mean,0.0
C01_staged_current,S1,temporal_only,0,content_free_lambda_rmse,0.09673487949640769
C01_staged_current,S1,temporal_only,1,bce,0.4781801712875101
C01_staged_current,S1,temporal_only,1,auroc,0.7440323388777288
C01_staged_current,S1,temporal_only,1,auprc,0.5427281301622152
C01_staged_current,S1,temporal_only,1,surface_rmse,0.1662943989050199
C01_staged_current,S1,temporal_only,1,cf_rmse_age,0.14287891596218633
C01_staged_current,S1,temporal_only,1,cf_rmse_lag,0.11053296871595544
C01_staged_current,S1,temporal_only,1,delta_bce_beta0,0.0
C01_staged_current,S1,temporal_only,1,delta_bce_full_age_shuffle,0.0066160237612355455
C01_staged_current,S1,temporal_only,1,delta_bce_gate_age_shuffle,0.0
C01_staged_current,S1,temporal_only,1,gate_signal_rmse,0.04683743013620458
C01_staged_current,S1,temporal_only,1,gate_signal_mae,0.03408291089120783
C01_staged_current,S1,temporal_only,1,gate_signal_correlation,0.9835603715118806
C01_staged_current,S1,temporal_only,1,beta_mean,0.0
C01_staged_current,S1,temporal_only,1,abs_beta_mean,0.0
C01_staged_current,S1,temporal_only,1,content_free_lambda_rmse,0.11120849657328147
C01_staged_current,S1,temporal_only,2,bce,0.4794524037483722
C01_staged_current,S1,temporal_only,2,auroc,0.7439980420026938
C01_staged_current,S1,temporal_only,2,auprc,0.5404220855108876
C01_staged_current,S1,temporal_only,2,surface_rmse,0.1649442910101788
C01_staged_current,S1,temporal_only,2,cf_rmse_age,0.13683049619679927
C01_staged_current,S1,temporal_only,2,cf_rmse_lag,0.12220638376829832
C01_staged_current,S1,temporal_only,2,delta_bce_beta0,0.0
C01_staged_current,S1,temporal_only,2,delta_bce_full_age_shuffle,0.011557659865965075
C01_staged_current,S1,temporal_only,2,delta_bce_gate_age_shuffle,0.0
C01_staged_current,S1,temporal_only,2,gate_signal_rmse,0.04856172617528583
C01_staged_current,S1,temporal_only,2,gate_signal_mae,0.03489604095187575
C01_staged_current,S1,temporal_only,2,gate_signal_correlation,0.9827375579121388
C01_staged_current,S1,temporal_only,2,beta_mean,0.0
C01_staged_current,S1,temporal_only,2,abs_beta_mean,0.0
C01_staged_current,S1,temporal_only,2,content_free_lambda_rmse,0.08857601690561788
C01_staged_current,S1,temporal_only,3,bce,0.4796293095827068
C01_staged_current,S1,temporal_only,3,auroc,0.743239170114505
C01_staged_current,S1,temporal_only,3,auprc,0.5395468816828748
C01_staged_current,S1,temporal_only,3,surface_rmse,0.13375734106638665
C01_staged_current,S1,temporal_only,3,cf_rmse_age,0.12386326312280699
C01_staged_current,S1,temporal_only,3,cf_rmse_lag,0.09796671828962579
C01_staged_current,S1,temporal_only,3,delta_bce_beta0,0.0
C01_staged_current,S1,temporal_only,3,delta_bce_full_age_shuffle,0.011364651329961895
C01_staged_current,S1,temporal_only,3,delta_bce_gate_age_shuffle,0.0
C01_staged_current,S1,temporal_only,3,gate_signal_rmse,0.04815418573679516
C01_staged_current,S1,temporal_only,3,gate_signal_mae,0.034534226512549435
C01_staged_current,S1,temporal_only,3,gate_signal_correlation,0.9797388408183192
C01_staged_current,S1,temporal_only,3,beta_mean,0.0
C01_staged_current,S1,temporal_only,3,abs_beta_mean,0.0
C01_staged_current,S1,temporal_only,3,content_free_lambda_rmse,0.08832597542078513
C01_staged_current,S1,temporal_only,4,bce,0.47886419438124334
C01_staged_current,S1,temporal_only,4,auroc,0.7444660838845116
C01_staged_current,S1,temporal_only,4,auprc,0.5435021651308565
C01_staged_current,S1,temporal_only,4,surface_rmse,0.1854168708240912
C01_staged_current,S1,temporal_only,4,cf_rmse_age,0.16368007535238077
C01_staged_current,S1,temporal_only,4,cf_rmse_lag,0.12314572362406223
C01_staged_current,S1,temporal_only,4,delta_bce_beta0,0.0
C01_staged_current,S1,temporal_only,4,delta_bce_full_age_shuffle,0.007707566963851831
C01_staged_current,S1,temporal_only,4,delta_bce_gate_age_shuffle,0.0
C01_staged_current,S1,temporal_only,4,gate_signal_rmse,0.047535828683704186
C01_staged_current,S1,temporal_only,4,gate_signal_mae,0.033360462843615386
C01_staged_current,S1,temporal_only,4,gate_signal_correlation,0.982529905741412
C01_staged_current,S1,temporal_only,4,beta_mean,0.0
C01_staged_current,S1,temporal_only,4,abs_beta_mean,0.0
C01_staged_current,S1,temporal_only,4,content_free_lambda_rmse,0.13059544372828025
C01_staged_current,S2,age_temporal,0,bce,0.45525196571288706
C01_staged_current,S2,age_temporal,0,auroc,0.7621841676961609
C01_staged_current,S2,age_temporal,0,auprc,0.5826757689344453
C01_staged_current,S2,age_temporal,0,surface_rmse,0.190798172445814
C01_staged_current,S2,age_temporal,0,cf_rmse_age,0.16337850832727058
C01_staged_current,S2,age_temporal,0,cf_rmse_lag,0.16469441396897286
C01_staged_current,S2,age_temporal,0,delta_bce_beta0,0.011597614519995636
C01_staged_current,S2,age_temporal,0,delta_bce_full_age_shuffle,0.03253302071430808
C01_staged_current,S2,age_temporal,0,delta_bce_gate_age_shuffle,0.021071382260030525
C01_staged_current,S2,age_temporal,0,gate_signal_rmse,0.15129469644065802
C01_staged_current,S2,age_temporal,0,gate_signal_mae,0.1208460507982202
C01_staged_current,S2,age_temporal,0,gate_signal_correlation,0.8642395843916708
C01_staged_current,S2,age_temporal,0,beta_mean,-0.987707793712616
C01_staged_current,S2,age_temporal,0,abs_beta_mean,0.987707793712616
C01_staged_current,S2,age_temporal,0,content_free_lambda_rmse,0.7101603987880337
C01_staged_current,S2,age_temporal,0,content_free_lambda_corr,0.9936269021543039
C01_staged_current,S2,age_temporal,1,bce,0.45519487499460937
C01_staged_current,S2,age_temporal,1,auroc,0.7615067694098385
C01_staged_current,S2,age_temporal,1,auprc,0.5823706097506768
C01_staged_current,S2,age_temporal,1,surface_rmse,0.1707270035463436
C01_staged_current,S2,age_temporal,1,cf_rmse_age,0.13838790019569278
C01_staged_current,S2,age_temporal,1,cf_rmse_lag,0.1240943792661905
C01_staged_current,S2,age_temporal,1,delta_bce_beta0,0.012180283435149264
C01_staged_current,S2,age_temporal,1,delta_bce_full_age_shuffle,0.034758354219939
C01_staged_current,S2,age_temporal,1,delta_bce_gate_age_shuffle,0.02428270271952615
C01_staged_current,S2,age_temporal,1,gate_signal_rmse,0.14413913429183986
C01_staged_current,S2,age_temporal,1,gate_signal_mae,0.11454074069874037
C01_staged_current,S2,age_temporal,1,gate_signal_correlation,0.8790968648243332
C01_staged_current,S2,age_temporal,1,beta_mean,-1.0428143739700317
C01_staged_current,S2,age_temporal,1,abs_beta_mean,1.0428143739700317
C01_staged_current,S2,age_temporal,1,content_free_lambda_rmse,0.6581651378852726
C01_staged_current,S2,age_temporal,1,content_free_lambda_corr,0.9937828116285005
C01_staged_current,S2,age_temporal,2,bce,0.45536032489731126
C01_staged_current,S2,age_temporal,2,auroc,0.7620644750222465
C01_staged_current,S2,age_temporal,2,auprc,0.5826551647254103
C01_staged_current,S2,age_temporal,2,surface_rmse,0.16098435356387514
C01_staged_current,S2,age_temporal,2,cf_rmse_age,0.18725600319669505
C01_staged_current,S2,age_temporal,2,cf_rmse_lag,0.13096983711970808
C01_staged_current,S2,age_temporal,2,delta_bce_beta0,0.01394463256681333
C01_staged_current,S2,age_temporal,2,delta_bce_full_age_shuffle,0.034970584594745
C01_staged_current,S2,age_temporal,2,delta_bce_gate_age_shuffle,0.02578163599918959
C01_staged_current,S2,age_temporal,2,gate_signal_rmse,0.1469083000234968
C01_staged_current,S2,age_temporal,2,gate_signal_mae,0.11612038954061345
C01_staged_current,S2,age_temporal,2,gate_signal_correlation,0.8735485696939311
C01_staged_current,S2,age_temporal,2,beta_mean,-1.0311893224716187
C01_staged_current,S2,age_temporal,2,abs_beta_mean,1.0311893224716187
C01_staged_current,S2,age_temporal,2,content_free_lambda_rmse,0.6308117543884934
C01_staged_current,S2,age_temporal,2,content_free_lambda_corr,0.9930146870497248
C01_staged_current,S2,age_temporal,3,bce,0.4563731419461897
C01_staged_current,S2,age_temporal,3,auroc,0.7607766220425715
C01_staged_current,S2,age_temporal,3,auprc,0.58087363920673
C01_staged_current,S2,age_temporal,3,surface_rmse,0.17858767218405688
C01_staged_current,S2,age_temporal,3,cf_rmse_age,0.15177158468498747
C01_staged_current,S2,age_temporal,3,cf_rmse_lag,0.12831621847008665
C01_staged_current,S2,age_temporal,3,delta_bce_beta0,0.009873441567493646
C01_staged_current,S2,age_temporal,3,delta_bce_full_age_shuffle,0.03256375198913697
C01_staged_current,S2,age_temporal,3,delta_bce_gate_age_shuffle,0.018456855418113094
C01_staged_current,S2,age_temporal,3,gate_signal_rmse,0.1579124169372149
C01_staged_current,S2,age_temporal,3,gate_signal_mae,0.12548138542905282
C01_staged_current,S2,age_temporal,3,gate_signal_correlation,0.8500777031900426
C01_staged_current,S2,age_temporal,3,beta_mean,-0.9381150007247925
C01_staged_current,S2,age_temporal,3,abs_beta_mean,0.9381150007247925
C01_staged_current,S2,age_temporal,3,content_free_lambda_rmse,0.6307940267536223
C01_staged_current,S2,age_temporal,3,content_free_lambda_corr,0.9909038108670591
C01_staged_current,S2,age_temporal,4,bce,0.4564929053288546
C01_staged_current,S2,age_temporal,4,auroc,0.7598387255422088
C01_staged_current,S2,age_temporal,4,auprc,0.5797563653940819
C01_staged_current,S2,age_temporal,4,surface_rmse,0.1724228179622347
C01_staged_current,S2,age_temporal,4,cf_rmse_age,0.15487672495524687
C01_staged_current,S2,age_temporal,4,cf_rmse_lag,0.11462749446951048
C01_staged_current,S2,age_temporal,4,delta_bce_beta0,0.014575467465954783
C01_staged_current,S2,age_temporal,4,delta_bce_full_age_shuffle,0.03350933743681139
C01_staged_current,S2,age_temporal,4,delta_bce_gate_age_shuffle,0.025583790161045394
C01_staged_current,S2,age_temporal,4,gate_signal_rmse,0.14628258904676852
C01_staged_current,S2,age_temporal,4,gate_signal_mae,0.11589370523175335
C01_staged_current,S2,age_temporal,4,gate_signal_correlation,0.8747377252940098
C01_staged_current,S2,age_temporal,4,beta_mean,-1.0298103094100952
C01_staged_current,S2,age_temporal,4,abs_beta_mean,1.0298103094100952
C01_staged_current,S2,age_temporal,4,content_free_lambda_rmse,0.642067818028619
C01_staged_current,S2,age_temporal,4,content_free_lambda_corr,0.9932083155235474
C01_staged_current,S2,temporal_only,0,bce,0.4591180377111618
C01_staged_current,S2,temporal_only,0,auroc,0.760510982239058
C01_staged_current,S2,temporal_only,0,auprc,0.5754990907778805
C01_staged_current,S2,temporal_only,0,surface_rmse,0.2286461189688743
C01_staged_current,S2,temporal_only,0,cf_rmse_age,0.19214653666744333
C01_staged_current,S2,temporal_only,0,cf_rmse_lag,0.18358574103658196
C01_staged_current,S2,temporal_only,0,delta_bce_beta0,0.0
C01_staged_current,S2,temporal_only,0,delta_bce_full_age_shuffle,0.008824530239843253
C01_staged_current,S2,temporal_only,0,delta_bce_gate_age_shuffle,0.0
C01_staged_current,S2,temporal_only,0,gate_signal_rmse,0.2640854302357091
C01_staged_current,S2,temporal_only,0,gate_signal_mae,0.22197307351997256
C01_staged_current,S2,temporal_only,0,gate_signal_correlation,0.5031778276647036
C01_staged_current,S2,temporal_only,0,beta_mean,0.0
C01_staged_current,S2,temporal_only,0,abs_beta_mean,0.0
C01_staged_current,S2,temporal_only,0,content_free_lambda_rmse,0.9306491344153932
C01_staged_current,S2,temporal_only,1,bce,0.46110364705699675
C01_staged_current,S2,temporal_only,1,auroc,0.7583301836809067
C01_staged_current,S2,temporal_only,1,auprc,0.572959994713831
C01_staged_current,S2,temporal_only,1,surface_rmse,0.218402474748837
C01_staged_current,S2,temporal_only,1,cf_rmse_age,0.1698201705162879
C01_staged_current,S2,temporal_only,1,cf_rmse_lag,0.15511349324665863
C01_staged_current,S2,temporal_only,1,delta_bce_beta0,0.0
C01_staged_current,S2,temporal_only,1,delta_bce_full_age_shuffle,0.007356712646271135
C01_staged_current,S2,temporal_only,1,delta_bce_gate_age_shuffle,0.0
C01_staged_current,S2,temporal_only,1,gate_signal_rmse,0.26316841808569835
C01_staged_current,S2,temporal_only,1,gate_signal_mae,0.22217512475426143
C01_staged_current,S2,temporal_only,1,gate_signal_correlation,0.5074925282191258
C01_staged_current,S2,temporal_only,1,beta_mean,0.0
C01_staged_current,S2,temporal_only,1,abs_beta_mean,0.0
C01_staged_current,S2,temporal_only,1,content_free_lambda_rmse,0.884088378019053
C01_staged_current,S2,temporal_only,2,bce,0.45900790846686007
C01_staged_current,S2,temporal_only,2,auroc,0.7610918960746841
C01_staged_current,S2,temporal_only,2,auprc,0.5758664159297715
C01_staged_current,S2,temporal_only,2,surface_rmse,0.2132957354663858
C01_staged_current,S2,temporal_only,2,cf_rmse_age,0.21635225572241243
C01_staged_current,S2,temporal_only,2,cf_rmse_lag,0.15060115482716385
C01_staged_current,S2,temporal_only,2,delta_bce_beta0,0.0
C01_staged_current,S2,temporal_only,2,delta_bce_full_age_shuffle,0.00897380918945928
C01_staged_current,S2,temporal_only,2,delta_bce_gate_age_shuffle,0.0
C01_staged_current,S2,temporal_only,2,gate_signal_rmse,0.2635643214699372
C01_staged_current,S2,temporal_only,2,gate_signal_mae,0.22003561253547052
C01_staged_current,S2,temporal_only,2,gate_signal_correlation,0.5042565485750674
C01_staged_current,S2,temporal_only,2,beta_mean,0.0
C01_staged_current,S2,temporal_only,2,abs_beta_mean,0.0
C01_staged_current,S2,temporal_only,2,content_free_lambda_rmse,0.9096797013593192
C01_staged_current,S2,temporal_only,3,bce,0.4595259524047949
C01_staged_current,S2,temporal_only,3,auroc,0.7586877275582216
C01_staged_current,S2,temporal_only,3,auprc,0.5745831071729838
C01_staged_current,S2,temporal_only,3,surface_rmse,0.21583000757570725
C01_staged_current,S2,temporal_only,3,cf_rmse_age,0.1778397462828027
C01_staged_current,S2,temporal_only,3,cf_rmse_lag,0.15201741486846246
C01_staged_current,S2,temporal_only,3,delta_bce_beta0,0.0
C01_staged_current,S2,temporal_only,3,delta_bce_full_age_shuffle,0.009148159080908602
C01_staged_current,S2,temporal_only,3,delta_bce_gate_age_shuffle,0.0
C01_staged_current,S2,temporal_only,3,gate_signal_rmse,0.26490721196809686
C01_staged_current,S2,temporal_only,3,gate_signal_mae,0.221736827051707
C01_staged_current,S2,temporal_only,3,gate_signal_correlation,0.49978681627986243
C01_staged_current,S2,temporal_only,3,beta_mean,0.0
C01_staged_current,S2,temporal_only,3,abs_beta_mean,0.0
C01_staged_current,S2,temporal_only,3,content_free_lambda_rmse,0.901803265179785
C01_staged_current,S2,temporal_only,4,bce,0.46123625785971695
C01_staged_current,S2,temporal_only,4,auroc,0.7569784848056376
C01_staged_current,S2,temporal_only,4,auprc,0.5709055066412887
C01_staged_current,S2,temporal_only,4,surface_rmse,0.22004464236095736
C01_staged_current,S2,temporal_only,4,cf_rmse_age,0.18336112266003113
C01_staged_current,S2,temporal_only,4,cf_rmse_lag,0.13728817115126773
C01_staged_current,S2,temporal_only,4,delta_bce_beta0,0.0
C01_staged_current,S2,temporal_only,4,delta_bce_full_age_shuffle,0.006773834050479544
C01_staged_current,S2,temporal_only,4,delta_bce_gate_age_shuffle,0.0
C01_staged_current,S2,temporal_only,4,gate_signal_rmse,0.26412959856744483
C01_staged_current,S2,temporal_only,4,gate_signal_mae,0.22202439364178458
C01_staged_current,S2,temporal_only,4,gate_signal_correlation,0.5038309238303218
C01_staged_current,S2,temporal_only,4,beta_mean,0.0
C01_staged_current,S2,temporal_only,4,abs_beta_mean,0.0
C01_staged_current,S2,temporal_only,4,content_free_lambda_rmse,0.8964127034941566
C01_staged_current,S3,age_temporal,0,bce,0.4843266451540509
C01_staged_current,S3,age_temporal,0,auroc,0.737738529406085
C01_staged_current,S3,age_temporal,0,auprc,0.539240046081811
C01_staged_current,S3,age_temporal,0,surface_rmse,0.13070974926104725
C01_staged_current,S3,age_temporal,0,cf_rmse_age,0.11926930169410924
C01_staged_current,S3,age_temporal,0,cf_rmse_lag,0.08144506907732746
C01_staged_current,S3,age_temporal,0,delta_bce_beta0,0.010432583467663847
C01_staged_current,S3,age_temporal,0,delta_bce_full_age_shuffle,0.029719155467332392
C01_staged_current,S3,age_temporal,0,delta_bce_gate_age_shuffle,0.01823712077480144
C01_staged_current,S3,age_temporal,0,gate_signal_rmse,0.17855222447869776
C01_staged_current,S3,age_temporal,0,gate_signal_mae,0.1384718582610135
C01_staged_current,S3,age_temporal,0,gate_signal_correlation,0.7960524870255177
C01_staged_current,S3,age_temporal,0,beta_mean,0.9071639180183411
C01_staged_current,S3,age_temporal,0,abs_beta_mean,0.9071639180183411
C01_staged_current,S3,age_temporal,0,content_free_lambda_rmse,0.6952603900733939
C01_staged_current,S3,age_temporal,0,content_free_lambda_corr,0.9915480705288398
C01_staged_current,S3,age_temporal,1,bce,0.48475890503407715
C01_staged_current,S3,age_temporal,1,auroc,0.7363231050114887
C01_staged_current,S3,age_temporal,1,auprc,0.5378978363930296
C01_staged_current,S3,age_temporal,1,surface_rmse,0.16692405180624023
C01_staged_current,S3,age_temporal,1,cf_rmse_age,0.13910663978970547
C01_staged_current,S3,age_temporal,1,cf_rmse_lag,0.09658703538132607
C01_staged_current,S3,age_temporal,1,delta_bce_beta0,0.007605671426261507
C01_staged_current,S3,age_temporal,1,delta_bce_full_age_shuffle,0.024219057040939296
C01_staged_current,S3,age_temporal,1,delta_bce_gate_age_shuffle,0.014436041084067264
C01_staged_current,S3,age_temporal,1,gate_signal_rmse,0.21915019708608355
C01_staged_current,S3,age_temporal,1,gate_signal_mae,0.1613661442658984
C01_staged_current,S3,age_temporal,1,gate_signal_correlation,0.7071176302393856
C01_staged_current,S3,age_temporal,1,beta_mean,0.8158680200576782
C01_staged_current,S3,age_temporal,1,abs_beta_mean,0.8158680200576782
C01_staged_current,S3,age_temporal,1,content_free_lambda_rmse,0.6888145578324554
C01_staged_current,S3,age_temporal,1,content_free_lambda_corr,0.9891040780451389
C01_staged_current,S3,age_temporal,2,bce,0.48492195744303723
C01_staged_current,S3,age_temporal,2,auroc,0.7355404977759122
C01_staged_current,S3,age_temporal,2,auprc,0.5385387193152852
C01_staged_current,S3,age_temporal,2,surface_rmse,0.1407133473416454
C01_staged_current,S3,age_temporal,2,cf_rmse_age,0.12621766199463916
C01_staged_current,S3,age_temporal,2,cf_rmse_lag,0.0824530919576414
C01_staged_current,S3,age_temporal,2,delta_bce_beta0,0.009119626451430607
C01_staged_current,S3,age_temporal,2,delta_bce_full_age_shuffle,0.032347356163685115
C01_staged_current,S3,age_temporal,2,delta_bce_gate_age_shuffle,0.01656231616279158
C01_staged_current,S3,age_temporal,2,gate_signal_rmse,0.18117708769541824
C01_staged_current,S3,age_temporal,2,gate_signal_mae,0.1390373687270877
C01_staged_current,S3,age_temporal,2,gate_signal_correlation,0.7853164955449989
C01_staged_current,S3,age_temporal,2,beta_mean,0.9090102314949036
C01_staged_current,S3,age_temporal,2,abs_beta_mean,0.9090102314949036
C01_staged_current,S3,age_temporal,2,content_free_lambda_rmse,0.6875951559908762
C01_staged_current,S3,age_temporal,2,content_free_lambda_corr,0.9914323810872967
C01_staged_current,S3,age_temporal,3,bce,0.4833394493810527
C01_staged_current,S3,age_temporal,3,auroc,0.7390892617000693
C01_staged_current,S3,age_temporal,3,auprc,0.5414492900767309
C01_staged_current,S3,age_temporal,3,surface_rmse,0.20285102321220946
C01_staged_current,S3,age_temporal,3,cf_rmse_age,0.17661484997456386
C01_staged_current,S3,age_temporal,3,cf_rmse_lag,0.12348840142897081
C01_staged_current,S3,age_temporal,3,delta_bce_beta0,0.00925664436282092
C01_staged_current,S3,age_temporal,3,delta_bce_full_age_shuffle,0.025509013270305803
C01_staged_current,S3,age_temporal,3,delta_bce_gate_age_shuffle,0.017369125406317243
C01_staged_current,S3,age_temporal,3,gate_signal_rmse,0.18800299978994084
C01_staged_current,S3,age_temporal,3,gate_signal_mae,0.1461191189679853
C01_staged_current,S3,age_temporal,3,gate_signal_correlation,0.7773875360473341
C01_staged_current,S3,age_temporal,3,beta_mean,0.8522979021072388
C01_staged_current,S3,age_temporal,3,abs_beta_mean,0.8522979021072388
C01_staged_current,S3,age_temporal,3,content_free_lambda_rmse,0.7437783666503704
C01_staged_current,S3,age_temporal,3,content_free_lambda_corr,0.9912220002243703
C01_staged_current,S3,age_temporal,4,bce,0.4867648918631974
C01_staged_current,S3,age_temporal,4,auroc,0.733677314396849
C01_staged_current,S3,age_temporal,4,auprc,0.5348807219177347
C01_staged_current,S3,age_temporal,4,surface_rmse,0.15393758539389996
C01_staged_current,S3,age_temporal,4,cf_rmse_age,0.1396292288943518
C01_staged_current,S3,age_temporal,4,cf_rmse_lag,0.10430451046720454
C01_staged_current,S3,age_temporal,4,delta_bce_beta0,0.009651780730894344
C01_staged_current,S3,age_temporal,4,delta_bce_full_age_shuffle,0.03042864362412878
C01_staged_current,S3,age_temporal,4,delta_bce_gate_age_shuffle,0.01868359906646233
C01_staged_current,S3,age_temporal,4,gate_signal_rmse,0.19370305727190915
C01_staged_current,S3,age_temporal,4,gate_signal_mae,0.14410547220581654
C01_staged_current,S3,age_temporal,4,gate_signal_correlation,0.7718617504431994
C01_staged_current,S3,age_temporal,4,beta_mean,0.9458898901939392
C01_staged_current,S3,age_temporal,4,abs_beta_mean,0.9458898901939392
C01_staged_current,S3,age_temporal,4,content_free_lambda_rmse,0.6751648869812165
C01_staged_current,S3,age_temporal,4,content_free_lambda_corr,0.9920356194376857
C01_staged_current,S3,temporal_only,0,bce,0.48984027992125645
C01_staged_current,S3,temporal_only,0,auroc,0.7330453428386947
C01_staged_current,S3,temporal_only,0,auprc,0.5243903356405019
C01_staged_current,S3,temporal_only,0,surface_rmse,0.1483207233312287
C01_staged_current,S3,temporal_only,0,cf_rmse_age,0.12472720313715838
C01_staged_current,S3,temporal_only,0,cf_rmse_lag,0.08602717035545526
C01_staged_current,S3,temporal_only,0,delta_bce_beta0,0.0
C01_staged_current,S3,temporal_only,0,delta_bce_full_age_shuffle,0.009653197983986672
C01_staged_current,S3,temporal_only,0,delta_bce_gate_age_shuffle,0.0
C01_staged_current,S3,temporal_only,0,gate_signal_rmse,0.26882036726143144
C01_staged_current,S3,temporal_only,0,gate_signal_mae,0.22189575925467697
C01_staged_current,S3,temporal_only,0,gate_signal_correlation,0.4997644176549489
C01_staged_current,S3,temporal_only,0,beta_mean,0.0
C01_staged_current,S3,temporal_only,0,abs_beta_mean,0.0
C01_staged_current,S3,temporal_only,0,content_free_lambda_rmse,0.8692500132603638
C01_staged_current,S3,temporal_only,1,bce,0.48844090626242176
C01_staged_current,S3,temporal_only,1,auroc,0.7339268974901816
C01_staged_current,S3,temporal_only,1,auprc,0.5287045706449792
C01_staged_current,S3,temporal_only,1,surface_rmse,0.16208532600772343
C01_staged_current,S3,temporal_only,1,cf_rmse_age,0.13855279745988203
C01_staged_current,S3,temporal_only,1,cf_rmse_lag,0.08988570684152325
C01_staged_current,S3,temporal_only,1,delta_bce_beta0,0.0
C01_staged_current,S3,temporal_only,1,delta_bce_full_age_shuffle,0.007266913180866752
C01_staged_current,S3,temporal_only,1,delta_bce_gate_age_shuffle,0.0
C01_staged_current,S3,temporal_only,1,gate_signal_rmse,0.28580481188285994
C01_staged_current,S3,temporal_only,1,gate_signal_mae,0.23369660135184617
C01_staged_current,S3,temporal_only,1,gate_signal_correlation,0.47089237666470996
C01_staged_current,S3,temporal_only,1,beta_mean,0.0
C01_staged_current,S3,temporal_only,1,abs_beta_mean,0.0
C01_staged_current,S3,temporal_only,1,content_free_lambda_rmse,0.8941442930797238
C01_staged_current,S3,temporal_only,2,bce,0.4906288193255595
C01_staged_current,S3,temporal_only,2,auroc,0.7326146800138504
C01_staged_current,S3,temporal_only,2,auprc,0.5248159963638758
C01_staged_current,S3,temporal_only,2,surface_rmse,0.1548017464860969
C01_staged_current,S3,temporal_only,2,cf_rmse_age,0.13514641680362963
C01_staged_current,S3,temporal_only,2,cf_rmse_lag,0.08885076260120739
C01_staged_current,S3,temporal_only,2,delta_bce_beta0,0.0
C01_staged_current,S3,temporal_only,2,delta_bce_full_age_shuffle,0.01263287722454648
C01_staged_current,S3,temporal_only,2,delta_bce_gate_age_shuffle,0.0
C01_staged_current,S3,temporal_only,2,gate_signal_rmse,0.26677014494244966
C01_staged_current,S3,temporal_only,2,gate_signal_mae,0.22143446747133935
C01_staged_current,S3,temporal_only,2,gate_signal_correlation,0.5046432453254923
C01_staged_current,S3,temporal_only,2,beta_mean,0.0
C01_staged_current,S3,temporal_only,2,abs_beta_mean,0.0
C01_staged_current,S3,temporal_only,2,content_free_lambda_rmse,0.8909100050243713
C01_staged_current,S3,temporal_only,3,bce,0.4889078445508759
C01_staged_current,S3,temporal_only,3,auroc,0.7329363596669516
C01_staged_current,S3,temporal_only,3,auprc,0.5283025600338823
C01_staged_current,S3,temporal_only,3,surface_rmse,0.21200455440171706
C01_staged_current,S3,temporal_only,3,cf_rmse_age,0.17053117320705138
C01_staged_current,S3,temporal_only,3,cf_rmse_lag,0.12471739052170246
C01_staged_current,S3,temporal_only,3,delta_bce_beta0,0.0
C01_staged_current,S3,temporal_only,3,delta_bce_full_age_shuffle,0.00911141892370898
C01_staged_current,S3,temporal_only,3,delta_bce_gate_age_shuffle,0.0
C01_staged_current,S3,temporal_only,3,gate_signal_rmse,0.267625434840528
C01_staged_current,S3,temporal_only,3,gate_signal_mae,0.2224988763908721
C01_staged_current,S3,temporal_only,3,gate_signal_correlation,0.507462573372404
C01_staged_current,S3,temporal_only,3,beta_mean,0.0
C01_staged_current,S3,temporal_only,3,abs_beta_mean,0.0
C01_staged_current,S3,temporal_only,3,content_free_lambda_rmse,0.88296014957125
C01_staged_current,S3,temporal_only,4,bce,0.48981863288744876
C01_staged_current,S3,temporal_only,4,auroc,0.7315125955641038
C01_staged_current,S3,temporal_only,4,auprc,0.5255516219823642
C01_staged_current,S3,temporal_only,4,surface_rmse,0.16329090176609784
C01_staged_current,S3,temporal_only,4,cf_rmse_age,0.1498814728836425
C01_staged_current,S3,temporal_only,4,cf_rmse_lag,0.10911734848432478
C01_staged_current,S3,temporal_only,4,delta_bce_beta0,0.0
C01_staged_current,S3,temporal_only,4,delta_bce_full_age_shuffle,0.009100362732189449
C01_staged_current,S3,temporal_only,4,delta_bce_gate_age_shuffle,0.0
C01_staged_current,S3,temporal_only,4,gate_signal_rmse,0.27764768234914633
C01_staged_current,S3,temporal_only,4,gate_signal_mae,0.22761629834327862
C01_staged_current,S3,temporal_only,4,gate_signal_correlation,0.48369693628710336
C01_staged_current,S3,temporal_only,4,beta_mean,0.0
C01_staged_current,S3,temporal_only,4,abs_beta_mean,0.0
C01_staged_current,S3,temporal_only,4,content_free_lambda_rmse,0.9104782586299409
C01_staged_current,S0,matched,0,delta_bce_to_minus_at,7.523988189317432e-06
C01_staged_current,S0,matched,0,delta_auroc_at_minus_to,4.061278684130976e-06
C01_staged_current,S0,matched,0,delta_auprc_at_minus_to,6.414818686795165e-06
C01_staged_current,S0,matched,1,delta_bce_to_minus_at,-6.122227567018079e-06
C01_staged_current,S0,matched,1,delta_auroc_at_minus_to,-2.0501882166401586e-06
C01_staged_current,S0,matched,1,delta_auprc_at_minus_to,-1.4702960148271771e-05
C01_staged_current,S0,matched,2,delta_bce_to_minus_at,3.094602974762495e-06
C01_staged_current,S0,matched,2,delta_auroc_at_minus_to,4.080827558539113e-06
C01_staged_current,S0,matched,2,delta_auprc_at_minus_to,-3.47103516695757e-06
C01_staged_current,S0,matched,3,delta_bce_to_minus_at,2.794080314894032e-07
C01_staged_current,S0,matched,3,delta_auroc_at_minus_to,1.150939988203703e-06
C01_staged_current,S0,matched,3,delta_auprc_at_minus_to,6.461283429071152e-06
C01_staged_current,S0,matched,4,delta_bce_to_minus_at,-5.942792019042464e-06
C01_staged_current,S0,matched,4,delta_auroc_at_minus_to,-3.958647092350276e-07
C01_staged_current,S0,matched,4,delta_auprc_at_minus_to,-2.601107670252567e-05
C01_staged_current,S1,matched,0,delta_bce_to_minus_at,0.00014501456538951185
C01_staged_current,S1,matched,0,delta_auroc_at_minus_to,0.00019030921357909847
C01_staged_current,S1,matched,0,delta_auprc_at_minus_to,0.00022169746355826803
C01_staged_current,S1,matched,1,delta_bce_to_minus_at,5.061584309884459e-05
C01_staged_current,S1,matched,1,delta_auroc_at_minus_to,7.702684945065652e-05
C01_staged_current,S1,matched,1,delta_auprc_at_minus_to,9.254130694491547e-05
C01_staged_current,S1,matched,2,delta_bce_to_minus_at,6.764922979857202e-05
C01_staged_current,S1,matched,2,delta_auroc_at_minus_to,9.387358347046071e-05
C01_staged_current,S1,matched,2,delta_auprc_at_minus_to,0.00014807738136046744
C01_staged_current,S1,matched,3,delta_bce_to_minus_at,9.295615712823224e-05
C01_staged_current,S1,matched,3,delta_auroc_at_minus_to,0.00017823620748347313
C01_staged_current,S1,matched,3,delta_auprc_at_minus_to,0.00020730156683701484
C01_staged_current,S1,matched,4,delta_bce_to_minus_at,8.951383026761794e-05
C01_staged_current,S1,matched,4,delta_auroc_at_minus_to,0.00012288821420192164
C01_staged_current,S1,matched,4,delta_auprc_at_minus_to,0.00017677931728099505
C01_staged_current,S2,matched,0,delta_bce_to_minus_at,0.0038660719982747116
C01_staged_current,S2,matched,0,delta_auroc_at_minus_to,0.0016731854571029325
C01_staged_current,S2,matched,0,delta_auprc_at_minus_to,0.007176678156564753
C01_staged_current,S2,matched,1,delta_bce_to_minus_at,0.00590877206238738
C01_staged_current,S2,matched,1,delta_auroc_at_minus_to,0.003176585728931869
C01_staged_current,S2,matched,1,delta_auprc_at_minus_to,0.009410615036845815
C01_staged_current,S2,matched,2,delta_bce_to_minus_at,0.003647583569548807
C01_staged_current,S2,matched,2,delta_auroc_at_minus_to,0.0009725789475624191
C01_staged_current,S2,matched,2,delta_auprc_at_minus_to,0.006788748795638844
C01_staged_current,S2,matched,3,delta_bce_to_minus_at,0.0031528104586051597
C01_staged_current,S2,matched,3,delta_auroc_at_minus_to,0.0020888944843499013
C01_staged_current,S2,matched,3,delta_auprc_at_minus_to,0.006290532033746188
C01_staged_current,S2,matched,4,delta_bce_to_minus_at,0.0047433525308623326
C01_staged_current,S2,matched,4,delta_auroc_at_minus_to,0.002860240736571207
C01_staged_current,S2,matched,4,delta_auprc_at_minus_to,0.008850858752793234
C01_staged_current,S3,matched,0,delta_bce_to_minus_at,0.005513634767205566
C01_staged_current,S3,matched,0,delta_auroc_at_minus_to,0.004693186567390262
C01_staged_current,S3,matched,0,delta_auprc_at_minus_to,0.014849710441309116
C01_staged_current,S3,matched,1,delta_bce_to_minus_at,0.0036820012283446113
C01_staged_current,S3,matched,1,delta_auroc_at_minus_to,0.002396207521307092
C01_staged_current,S3,matched,1,delta_auprc_at_minus_to,0.00919326574805035
C01_staged_current,S3,matched,2,delta_bce_to_minus_at,0.005706861882522285
C01_staged_current,S3,matched,2,delta_auroc_at_minus_to,0.0029258177620617998
C01_staged_current,S3,matched,2,delta_auprc_at_minus_to,0.013722722951409416
C01_staged_current,S3,matched,3,delta_bce_to_minus_at,0.005568395169823159
C01_staged_current,S3,matched,3,delta_auroc_at_minus_to,0.006152902033117691
C01_staged_current,S3,matched,3,delta_auprc_at_minus_to,0.013146730042848609
C01_staged_current,S3,matched,4,delta_bce_to_minus_at,0.0030537410242513774
C01_staged_current,S3,matched,4,delta_auroc_at_minus_to,0.0021647188327452715
C01_staged_current,S3,matched,4,delta_auprc_at_minus_to,0.009329099935370566
D00_oracle_gate,S0,age_temporal,0,bce,0.47936992830603653
D00_oracle_gate,S0,age_temporal,0,auroc,0.734763692715933
D00_oracle_gate,S0,age_temporal,0,auprc,0.5319244488654034
D00_oracle_gate,S0,age_temporal,0,surface_rmse,0.1515076285526617
D00_oracle_gate,S0,age_temporal,0,cf_rmse_age,0.06502171454664259
D00_oracle_gate,S0,age_temporal,0,cf_rmse_lag,0.11288453656535273
D00_oracle_gate,S0,age_temporal,0,delta_bce_beta0,0.0
D00_oracle_gate,S0,age_temporal,0,delta_bce_full_age_shuffle,0.005198213163559784
D00_oracle_gate,S0,age_temporal,0,delta_bce_gate_age_shuffle,0.0
D00_oracle_gate,S0,age_temporal,0,gate_signal_rmse,1.0877052971445966e-08
D00_oracle_gate,S0,age_temporal,0,gate_signal_mae,7.942117406463378e-09
D00_oracle_gate,S0,age_temporal,0,gate_signal_correlation,0.9999999999999992
D00_oracle_gate,S0,age_temporal,0,gate_surface_rmse,6.643987597131679e-10
D00_oracle_gate,S0,age_temporal,0,gate_surface_mae,5.859253776607787e-10
D00_oracle_gate,S0,age_temporal,0,gate_surface_correlation,1.0
D00_oracle_gate,S0,age_temporal,0,beta_mean,0.0
D00_oracle_gate,S0,age_temporal,0,abs_beta_mean,0.0
D00_oracle_gate,S0,age_temporal,0,content_free_lambda_rmse,1.904654323148236e-09
D00_oracle_gate,S0,age_temporal,1,bce,0.48339626835290156
D00_oracle_gate,S0,age_temporal,1,auroc,0.7282312432458639
D00_oracle_gate,S0,age_temporal,1,auprc,0.5232999986889614
D00_oracle_gate,S0,age_temporal,1,surface_rmse,0.1437271417257679
D00_oracle_gate,S0,age_temporal,1,cf_rmse_age,0.07227040893694311
D00_oracle_gate,S0,age_temporal,1,cf_rmse_lag,0.11077890183098858
D00_oracle_gate,S0,age_temporal,1,delta_bce_beta0,0.0
D00_oracle_gate,S0,age_temporal,1,delta_bce_full_age_shuffle,0.002028027285377987
D00_oracle_gate,S0,age_temporal,1,delta_bce_gate_age_shuffle,0.0
D00_oracle_gate,S0,age_temporal,1,gate_signal_rmse,1.0877052971445966e-08
D00_oracle_gate,S0,age_temporal,1,gate_signal_mae,7.942117406463378e-09
D00_oracle_gate,S0,age_temporal,1,gate_signal_correlation,0.9999999999999992
D00_oracle_gate,S0,age_temporal,1,gate_surface_rmse,6.643987597131679e-10
D00_oracle_gate,S0,age_temporal,1,gate_surface_mae,5.859253776607787e-10
D00_oracle_gate,S0,age_temporal,1,gate_surface_correlation,1.0
D00_oracle_gate,S0,age_temporal,1,beta_mean,0.0
D00_oracle_gate,S0,age_temporal,1,abs_beta_mean,0.0
D00_oracle_gate,S0,age_temporal,1,content_free_lambda_rmse,1.904654323148236e-09
D00_oracle_gate,S0,age_temporal,2,bce,0.48239677856797836
D00_oracle_gate,S0,age_temporal,2,auroc,0.729048999547248
D00_oracle_gate,S0,age_temporal,2,auprc,0.5255432009741358
D00_oracle_gate,S0,age_temporal,2,surface_rmse,0.14984202636954078
D00_oracle_gate,S0,age_temporal,2,cf_rmse_age,0.06971852375648853
D00_oracle_gate,S0,age_temporal,2,cf_rmse_lag,0.11632077911933707
D00_oracle_gate,S0,age_temporal,2,delta_bce_beta0,0.0
D00_oracle_gate,S0,age_temporal,2,delta_bce_full_age_shuffle,0.004448927762215171
D00_oracle_gate,S0,age_temporal,2,delta_bce_gate_age_shuffle,0.0
D00_oracle_gate,S0,age_temporal,2,gate_signal_rmse,1.0877052971445966e-08
D00_oracle_gate,S0,age_temporal,2,gate_signal_mae,7.942117406463378e-09
D00_oracle_gate,S0,age_temporal,2,gate_signal_correlation,0.9999999999999992
D00_oracle_gate,S0,age_temporal,2,gate_surface_rmse,6.643987597131679e-10
D00_oracle_gate,S0,age_temporal,2,gate_surface_mae,5.859253776607787e-10
D00_oracle_gate,S0,age_temporal,2,gate_surface_correlation,1.0
D00_oracle_gate,S0,age_temporal,2,beta_mean,0.0
D00_oracle_gate,S0,age_temporal,2,abs_beta_mean,0.0
D00_oracle_gate,S0,age_temporal,2,content_free_lambda_rmse,1.904654323148236e-09
D00_oracle_gate,S0,age_temporal,3,bce,0.48130554256449687
D00_oracle_gate,S0,age_temporal,3,auroc,0.7306450283106801
D00_oracle_gate,S0,age_temporal,3,auprc,0.5281249065384769
D00_oracle_gate,S0,age_temporal,3,surface_rmse,0.1367570042109177
D00_oracle_gate,S0,age_temporal,3,cf_rmse_age,0.08273133097660919
D00_oracle_gate,S0,age_temporal,3,cf_rmse_lag,0.10616558392607478
D00_oracle_gate,S0,age_temporal,3,delta_bce_beta0,0.0
D00_oracle_gate,S0,age_temporal,3,delta_bce_full_age_shuffle,0.004347193397104987
D00_oracle_gate,S0,age_temporal,3,delta_bce_gate_age_shuffle,0.0
D00_oracle_gate,S0,age_temporal,3,gate_signal_rmse,1.0877052971445966e-08
D00_oracle_gate,S0,age_temporal,3,gate_signal_mae,7.942117406463378e-09
D00_oracle_gate,S0,age_temporal,3,gate_signal_correlation,0.9999999999999992
D00_oracle_gate,S0,age_temporal,3,gate_surface_rmse,6.643987597131679e-10
D00_oracle_gate,S0,age_temporal,3,gate_surface_mae,5.859253776607787e-10
D00_oracle_gate,S0,age_temporal,3,gate_surface_correlation,1.0
D00_oracle_gate,S0,age_temporal,3,beta_mean,0.0
D00_oracle_gate,S0,age_temporal,3,abs_beta_mean,0.0
D00_oracle_gate,S0,age_temporal,3,content_free_lambda_rmse,1.904654323148236e-09
D00_oracle_gate,S0,age_temporal,4,bce,0.4796450109131027
D00_oracle_gate,S0,age_temporal,4,auroc,0.734125238691758
D00_oracle_gate,S0,age_temporal,4,auprc,0.5300805509380232
D00_oracle_gate,S0,age_temporal,4,surface_rmse,0.15531864342358992
D00_oracle_gate,S0,age_temporal,4,cf_rmse_age,0.07168963276513177
D00_oracle_gate,S0,age_temporal,4,cf_rmse_lag,0.11621147870873372
D00_oracle_gate,S0,age_temporal,4,delta_bce_beta0,0.0
D00_oracle_gate,S0,age_temporal,4,delta_bce_full_age_shuffle,0.005578231273318024
D00_oracle_gate,S0,age_temporal,4,delta_bce_gate_age_shuffle,0.0
D00_oracle_gate,S0,age_temporal,4,gate_signal_rmse,1.0877052971445966e-08
D00_oracle_gate,S0,age_temporal,4,gate_signal_mae,7.942117406463378e-09
D00_oracle_gate,S0,age_temporal,4,gate_signal_correlation,0.9999999999999992
D00_oracle_gate,S0,age_temporal,4,gate_surface_rmse,6.643987597131679e-10
D00_oracle_gate,S0,age_temporal,4,gate_surface_mae,5.859253776607787e-10
D00_oracle_gate,S0,age_temporal,4,gate_surface_correlation,1.0
D00_oracle_gate,S0,age_temporal,4,beta_mean,0.0
D00_oracle_gate,S0,age_temporal,4,abs_beta_mean,0.0
D00_oracle_gate,S0,age_temporal,4,content_free_lambda_rmse,1.904654323148236e-09
D00_oracle_gate,S0,temporal_only,0,bce,0.47936992830603653
D00_oracle_gate,S0,temporal_only,0,auroc,0.734763692715933
D00_oracle_gate,S0,temporal_only,0,auprc,0.5319244488654034
D00_oracle_gate,S0,temporal_only,0,surface_rmse,0.1515076285526617
D00_oracle_gate,S0,temporal_only,0,cf_rmse_age,0.06502171454664259
D00_oracle_gate,S0,temporal_only,0,cf_rmse_lag,0.11288453656535273
D00_oracle_gate,S0,temporal_only,0,delta_bce_beta0,0.0
D00_oracle_gate,S0,temporal_only,0,delta_bce_full_age_shuffle,0.005198213163559784
D00_oracle_gate,S0,temporal_only,0,delta_bce_gate_age_shuffle,0.0
D00_oracle_gate,S0,temporal_only,0,gate_signal_rmse,1.0877052971445966e-08
D00_oracle_gate,S0,temporal_only,0,gate_signal_mae,7.942117406463378e-09
D00_oracle_gate,S0,temporal_only,0,gate_signal_correlation,0.9999999999999992
D00_oracle_gate,S0,temporal_only,0,gate_surface_rmse,6.643987597131679e-10
D00_oracle_gate,S0,temporal_only,0,gate_surface_mae,5.859253776607787e-10
D00_oracle_gate,S0,temporal_only,0,gate_surface_correlation,1.0
D00_oracle_gate,S0,temporal_only,0,beta_mean,0.0
D00_oracle_gate,S0,temporal_only,0,abs_beta_mean,0.0
D00_oracle_gate,S0,temporal_only,0,content_free_lambda_rmse,1.904654323148236e-09
D00_oracle_gate,S0,temporal_only,1,bce,0.48339626835290156
D00_oracle_gate,S0,temporal_only,1,auroc,0.7282312432458639
D00_oracle_gate,S0,temporal_only,1,auprc,0.5232999986889614
D00_oracle_gate,S0,temporal_only,1,surface_rmse,0.1437271417257679
D00_oracle_gate,S0,temporal_only,1,cf_rmse_age,0.07227040893694311
D00_oracle_gate,S0,temporal_only,1,cf_rmse_lag,0.11077890183098858
D00_oracle_gate,S0,temporal_only,1,delta_bce_beta0,0.0
D00_oracle_gate,S0,temporal_only,1,delta_bce_full_age_shuffle,0.002028027285377987
D00_oracle_gate,S0,temporal_only,1,delta_bce_gate_age_shuffle,0.0
D00_oracle_gate,S0,temporal_only,1,gate_signal_rmse,1.0877052971445966e-08
D00_oracle_gate,S0,temporal_only,1,gate_signal_mae,7.942117406463378e-09
D00_oracle_gate,S0,temporal_only,1,gate_signal_correlation,0.9999999999999992
D00_oracle_gate,S0,temporal_only,1,gate_surface_rmse,6.643987597131679e-10
D00_oracle_gate,S0,temporal_only,1,gate_surface_mae,5.859253776607787e-10
D00_oracle_gate,S0,temporal_only,1,gate_surface_correlation,1.0
D00_oracle_gate,S0,temporal_only,1,beta_mean,0.0
D00_oracle_gate,S0,temporal_only,1,abs_beta_mean,0.0
D00_oracle_gate,S0,temporal_only,1,content_free_lambda_rmse,1.904654323148236e-09
D00_oracle_gate,S0,temporal_only,2,bce,0.48239677856797836
D00_oracle_gate,S0,temporal_only,2,auroc,0.729048999547248
D00_oracle_gate,S0,temporal_only,2,auprc,0.5255432009741358
D00_oracle_gate,S0,temporal_only,2,surface_rmse,0.14984202636954078
D00_oracle_gate,S0,temporal_only,2,cf_rmse_age,0.06971852375648853
D00_oracle_gate,S0,temporal_only,2,cf_rmse_lag,0.11632077911933707
D00_oracle_gate,S0,temporal_only,2,delta_bce_beta0,0.0
D00_oracle_gate,S0,temporal_only,2,delta_bce_full_age_shuffle,0.004448927762215171
D00_oracle_gate,S0,temporal_only,2,delta_bce_gate_age_shuffle,0.0
D00_oracle_gate,S0,temporal_only,2,gate_signal_rmse,1.0877052971445966e-08
D00_oracle_gate,S0,temporal_only,2,gate_signal_mae,7.942117406463378e-09
D00_oracle_gate,S0,temporal_only,2,gate_signal_correlation,0.9999999999999992
D00_oracle_gate,S0,temporal_only,2,gate_surface_rmse,6.643987597131679e-10
D00_oracle_gate,S0,temporal_only,2,gate_surface_mae,5.859253776607787e-10
D00_oracle_gate,S0,temporal_only,2,gate_surface_correlation,1.0
D00_oracle_gate,S0,temporal_only,2,beta_mean,0.0
D00_oracle_gate,S0,temporal_only,2,abs_beta_mean,0.0
D00_oracle_gate,S0,temporal_only,2,content_free_lambda_rmse,1.904654323148236e-09
D00_oracle_gate,S0,temporal_only,3,bce,0.48130554256449687
D00_oracle_gate,S0,temporal_only,3,auroc,0.7306450283106801
D00_oracle_gate,S0,temporal_only,3,auprc,0.5281249065384769
D00_oracle_gate,S0,temporal_only,3,surface_rmse,0.1367570042109177
D00_oracle_gate,S0,temporal_only,3,cf_rmse_age,0.08273133097660919
D00_oracle_gate,S0,temporal_only,3,cf_rmse_lag,0.10616558392607478
D00_oracle_gate,S0,temporal_only,3,delta_bce_beta0,0.0
D00_oracle_gate,S0,temporal_only,3,delta_bce_full_age_shuffle,0.004347193397104987
D00_oracle_gate,S0,temporal_only,3,delta_bce_gate_age_shuffle,0.0
D00_oracle_gate,S0,temporal_only,3,gate_signal_rmse,1.0877052971445966e-08
D00_oracle_gate,S0,temporal_only,3,gate_signal_mae,7.942117406463378e-09
D00_oracle_gate,S0,temporal_only,3,gate_signal_correlation,0.9999999999999992
D00_oracle_gate,S0,temporal_only,3,gate_surface_rmse,6.643987597131679e-10
D00_oracle_gate,S0,temporal_only,3,gate_surface_mae,5.859253776607787e-10
D00_oracle_gate,S0,temporal_only,3,gate_surface_correlation,1.0
D00_oracle_gate,S0,temporal_only,3,beta_mean,0.0
D00_oracle_gate,S0,temporal_only,3,abs_beta_mean,0.0
D00_oracle_gate,S0,temporal_only,3,content_free_lambda_rmse,1.904654323148236e-09
D00_oracle_gate,S0,temporal_only,4,bce,0.4796450109131027
D00_oracle_gate,S0,temporal_only,4,auroc,0.734125238691758
D00_oracle_gate,S0,temporal_only,4,auprc,0.5300805509380232
D00_oracle_gate,S0,temporal_only,4,surface_rmse,0.15531864342358992
D00_oracle_gate,S0,temporal_only,4,cf_rmse_age,0.07168963276513177
D00_oracle_gate,S0,temporal_only,4,cf_rmse_lag,0.11621147870873372
D00_oracle_gate,S0,temporal_only,4,delta_bce_beta0,0.0
D00_oracle_gate,S0,temporal_only,4,delta_bce_full_age_shuffle,0.005578231273318024
D00_oracle_gate,S0,temporal_only,4,delta_bce_gate_age_shuffle,0.0
D00_oracle_gate,S0,temporal_only,4,gate_signal_rmse,1.0877052971445966e-08
D00_oracle_gate,S0,temporal_only,4,gate_signal_mae,7.942117406463378e-09
D00_oracle_gate,S0,temporal_only,4,gate_signal_correlation,0.9999999999999992
D00_oracle_gate,S0,temporal_only,4,gate_surface_rmse,6.643987597131679e-10
D00_oracle_gate,S0,temporal_only,4,gate_surface_mae,5.859253776607787e-10
D00_oracle_gate,S0,temporal_only,4,gate_surface_correlation,1.0
D00_oracle_gate,S0,temporal_only,4,beta_mean,0.0
D00_oracle_gate,S0,temporal_only,4,abs_beta_mean,0.0
D00_oracle_gate,S0,temporal_only,4,content_free_lambda_rmse,1.904654323148236e-09
D00_oracle_gate,S1,age_temporal,0,bce,0.48103362519259596
D00_oracle_gate,S1,age_temporal,0,auroc,0.740002482825139
D00_oracle_gate,S1,age_temporal,0,auprc,0.5369421172132167
D00_oracle_gate,S1,age_temporal,0,surface_rmse,0.16235178478630366
D00_oracle_gate,S1,age_temporal,0,cf_rmse_age,0.1345692512241748
D00_oracle_gate,S1,age_temporal,0,cf_rmse_lag,0.110916554197052
D00_oracle_gate,S1,age_temporal,0,delta_bce_beta0,0.0
D00_oracle_gate,S1,age_temporal,0,delta_bce_full_age_shuffle,0.010112207160071107
D00_oracle_gate,S1,age_temporal,0,delta_bce_gate_age_shuffle,0.0
D00_oracle_gate,S1,age_temporal,0,gate_signal_rmse,1.1002511777777637e-08
D00_oracle_gate,S1,age_temporal,0,gate_signal_mae,8.08596468143125e-09
D00_oracle_gate,S1,age_temporal,0,gate_signal_correlation,0.9999999999999994
D00_oracle_gate,S1,age_temporal,0,gate_surface_rmse,6.643987597131679e-10
D00_oracle_gate,S1,age_temporal,0,gate_surface_mae,5.859253776607787e-10
D00_oracle_gate,S1,age_temporal,0,gate_surface_correlation,1.0
D00_oracle_gate,S1,age_temporal,0,beta_mean,0.0
D00_oracle_gate,S1,age_temporal,0,abs_beta_mean,0.0
D00_oracle_gate,S1,age_temporal,0,content_free_lambda_rmse,1.904654323148236e-09
D00_oracle_gate,S1,age_temporal,1,bce,0.47905972399537156
D00_oracle_gate,S1,age_temporal,1,auroc,0.7428096002948363
D00_oracle_gate,S1,age_temporal,1,auprc,0.5418348718345406
D00_oracle_gate,S1,age_temporal,1,surface_rmse,0.17265005047040916
D00_oracle_gate,S1,age_temporal,1,cf_rmse_age,0.14533119456781485
D00_oracle_gate,S1,age_temporal,1,cf_rmse_lag,0.12170930797363472
D00_oracle_gate,S1,age_temporal,1,delta_bce_beta0,0.0
D00_oracle_gate,S1,age_temporal,1,delta_bce_full_age_shuffle,0.008224303749049977
D00_oracle_gate,S1,age_temporal,1,delta_bce_gate_age_shuffle,0.0
D00_oracle_gate,S1,age_temporal,1,gate_signal_rmse,1.1002511777777637e-08
D00_oracle_gate,S1,age_temporal,1,gate_signal_mae,8.08596468143125e-09
D00_oracle_gate,S1,age_temporal,1,gate_signal_correlation,0.9999999999999994
D00_oracle_gate,S1,age_temporal,1,gate_surface_rmse,6.643987597131679e-10
D00_oracle_gate,S1,age_temporal,1,gate_surface_mae,5.859253776607787e-10
D00_oracle_gate,S1,age_temporal,1,gate_surface_correlation,1.0
D00_oracle_gate,S1,age_temporal,1,beta_mean,0.0
D00_oracle_gate,S1,age_temporal,1,abs_beta_mean,0.0
D00_oracle_gate,S1,age_temporal,1,content_free_lambda_rmse,1.904654323148236e-09
D00_oracle_gate,S1,age_temporal,2,bce,0.48044567533323784
D00_oracle_gate,S1,age_temporal,2,auroc,0.7408048340803026
D00_oracle_gate,S1,age_temporal,2,auprc,0.5381077407361671
D00_oracle_gate,S1,age_temporal,2,surface_rmse,0.16361022103814174
D00_oracle_gate,S1,age_temporal,2,cf_rmse_age,0.12795332191795344
D00_oracle_gate,S1,age_temporal,2,cf_rmse_lag,0.11550651800435033
D00_oracle_gate,S1,age_temporal,2,delta_bce_beta0,0.0
D00_oracle_gate,S1,age_temporal,2,delta_bce_full_age_shuffle,0.013870440738638301
D00_oracle_gate,S1,age_temporal,2,delta_bce_gate_age_shuffle,0.0
D00_oracle_gate,S1,age_temporal,2,gate_signal_rmse,1.1002511777777637e-08
D00_oracle_gate,S1,age_temporal,2,gate_signal_mae,8.08596468143125e-09
D00_oracle_gate,S1,age_temporal,2,gate_signal_correlation,0.9999999999999994
D00_oracle_gate,S1,age_temporal,2,gate_surface_rmse,6.643987597131679e-10
D00_oracle_gate,S1,age_temporal,2,gate_surface_mae,5.859253776607787e-10
D00_oracle_gate,S1,age_temporal,2,gate_surface_correlation,1.0
D00_oracle_gate,S1,age_temporal,2,beta_mean,0.0
D00_oracle_gate,S1,age_temporal,2,abs_beta_mean,0.0
D00_oracle_gate,S1,age_temporal,2,content_free_lambda_rmse,1.904654323148236e-09
D00_oracle_gate,S1,age_temporal,3,bce,0.4794208109268096
D00_oracle_gate,S1,age_temporal,3,auroc,0.7431602527520079
D00_oracle_gate,S1,age_temporal,3,auprc,0.5403042889610065
D00_oracle_gate,S1,age_temporal,3,surface_rmse,0.13977519697414917
D00_oracle_gate,S1,age_temporal,3,cf_rmse_age,0.1152165847966463
D00_oracle_gate,S1,age_temporal,3,cf_rmse_lag,0.09413148307788367
D00_oracle_gate,S1,age_temporal,3,delta_bce_beta0,0.0
D00_oracle_gate,S1,age_temporal,3,delta_bce_full_age_shuffle,0.015494524500414109
D00_oracle_gate,S1,age_temporal,3,delta_bce_gate_age_shuffle,0.0
D00_oracle_gate,S1,age_temporal,3,gate_signal_rmse,1.1002511777777637e-08
D00_oracle_gate,S1,age_temporal,3,gate_signal_mae,8.08596468143125e-09
D00_oracle_gate,S1,age_temporal,3,gate_signal_correlation,0.9999999999999994
D00_oracle_gate,S1,age_temporal,3,gate_surface_rmse,6.643987597131679e-10
D00_oracle_gate,S1,age_temporal,3,gate_surface_mae,5.859253776607787e-10
D00_oracle_gate,S1,age_temporal,3,gate_surface_correlation,1.0
D00_oracle_gate,S1,age_temporal,3,beta_mean,0.0
D00_oracle_gate,S1,age_temporal,3,abs_beta_mean,0.0
D00_oracle_gate,S1,age_temporal,3,content_free_lambda_rmse,1.904654323148236e-09
D00_oracle_gate,S1,age_temporal,4,bce,0.4802206751290731
D00_oracle_gate,S1,age_temporal,4,auroc,0.7420483342434073
D00_oracle_gate,S1,age_temporal,4,auprc,0.5408943915113054
D00_oracle_gate,S1,age_temporal,4,surface_rmse,0.18213835350999052
D00_oracle_gate,S1,age_temporal,4,cf_rmse_age,0.1504509193589212
D00_oracle_gate,S1,age_temporal,4,cf_rmse_lag,0.1242612192156733
D00_oracle_gate,S1,age_temporal,4,delta_bce_beta0,0.0
D00_oracle_gate,S1,age_temporal,4,delta_bce_full_age_shuffle,0.009461002306180799
D00_oracle_gate,S1,age_temporal,4,delta_bce_gate_age_shuffle,0.0
D00_oracle_gate,S1,age_temporal,4,gate_signal_rmse,1.1002511777777637e-08
D00_oracle_gate,S1,age_temporal,4,gate_signal_mae,8.08596468143125e-09
D00_oracle_gate,S1,age_temporal,4,gate_signal_correlation,0.9999999999999994
D00_oracle_gate,S1,age_temporal,4,gate_surface_rmse,6.643987597131679e-10
D00_oracle_gate,S1,age_temporal,4,gate_surface_mae,5.859253776607787e-10
D00_oracle_gate,S1,age_temporal,4,gate_surface_correlation,1.0
D00_oracle_gate,S1,age_temporal,4,beta_mean,0.0
D00_oracle_gate,S1,age_temporal,4,abs_beta_mean,0.0
D00_oracle_gate,S1,age_temporal,4,content_free_lambda_rmse,1.904654323148236e-09
D00_oracle_gate,S1,temporal_only,0,bce,0.48103362519259596
D00_oracle_gate,S1,temporal_only,0,auroc,0.740002482825139
D00_oracle_gate,S1,temporal_only,0,auprc,0.5369421172132167
D00_oracle_gate,S1,temporal_only,0,surface_rmse,0.16235178478630366
D00_oracle_gate,S1,temporal_only,0,cf_rmse_age,0.1345692512241748
D00_oracle_gate,S1,temporal_only,0,cf_rmse_lag,0.110916554197052
D00_oracle_gate,S1,temporal_only,0,delta_bce_beta0,0.0
D00_oracle_gate,S1,temporal_only,0,delta_bce_full_age_shuffle,0.010112207160071107
D00_oracle_gate,S1,temporal_only,0,delta_bce_gate_age_shuffle,0.0
D00_oracle_gate,S1,temporal_only,0,gate_signal_rmse,1.1002511777777637e-08
D00_oracle_gate,S1,temporal_only,0,gate_signal_mae,8.08596468143125e-09
D00_oracle_gate,S1,temporal_only,0,gate_signal_correlation,0.9999999999999994
D00_oracle_gate,S1,temporal_only,0,gate_surface_rmse,6.643987597131679e-10
D00_oracle_gate,S1,temporal_only,0,gate_surface_mae,5.859253776607787e-10
D00_oracle_gate,S1,temporal_only,0,gate_surface_correlation,1.0
D00_oracle_gate,S1,temporal_only,0,beta_mean,0.0
D00_oracle_gate,S1,temporal_only,0,abs_beta_mean,0.0
D00_oracle_gate,S1,temporal_only,0,content_free_lambda_rmse,1.904654323148236e-09
D00_oracle_gate,S1,temporal_only,1,bce,0.47905972399537156
D00_oracle_gate,S1,temporal_only,1,auroc,0.7428096002948363
D00_oracle_gate,S1,temporal_only,1,auprc,0.5418348718345406
D00_oracle_gate,S1,temporal_only,1,surface_rmse,0.17265005047040916
D00_oracle_gate,S1,temporal_only,1,cf_rmse_age,0.14533119456781485
D00_oracle_gate,S1,temporal_only,1,cf_rmse_lag,0.12170930797363472
D00_oracle_gate,S1,temporal_only,1,delta_bce_beta0,0.0
D00_oracle_gate,S1,temporal_only,1,delta_bce_full_age_shuffle,0.008224303749049977
D00_oracle_gate,S1,temporal_only,1,delta_bce_gate_age_shuffle,0.0
D00_oracle_gate,S1,temporal_only,1,gate_signal_rmse,1.1002511777777637e-08
D00_oracle_gate,S1,temporal_only,1,gate_signal_mae,8.08596468143125e-09
D00_oracle_gate,S1,temporal_only,1,gate_signal_correlation,0.9999999999999994
D00_oracle_gate,S1,temporal_only,1,gate_surface_rmse,6.643987597131679e-10
D00_oracle_gate,S1,temporal_only,1,gate_surface_mae,5.859253776607787e-10
D00_oracle_gate,S1,temporal_only,1,gate_surface_correlation,1.0
D00_oracle_gate,S1,temporal_only,1,beta_mean,0.0
D00_oracle_gate,S1,temporal_only,1,abs_beta_mean,0.0
D00_oracle_gate,S1,temporal_only,1,content_free_lambda_rmse,1.904654323148236e-09
D00_oracle_gate,S1,temporal_only,2,bce,0.48044567533323784
D00_oracle_gate,S1,temporal_only,2,auroc,0.7408048340803026
D00_oracle_gate,S1,temporal_only,2,auprc,0.5381077407361671
D00_oracle_gate,S1,temporal_only,2,surface_rmse,0.16361022103814174
D00_oracle_gate,S1,temporal_only,2,cf_rmse_age,0.12795332191795344
D00_oracle_gate,S1,temporal_only,2,cf_rmse_lag,0.11550651800435033
D00_oracle_gate,S1,temporal_only,2,delta_bce_beta0,0.0
D00_oracle_gate,S1,temporal_only,2,delta_bce_full_age_shuffle,0.013870440738638301
D00_oracle_gate,S1,temporal_only,2,delta_bce_gate_age_shuffle,0.0
D00_oracle_gate,S1,temporal_only,2,gate_signal_rmse,1.1002511777777637e-08
D00_oracle_gate,S1,temporal_only,2,gate_signal_mae,8.08596468143125e-09
D00_oracle_gate,S1,temporal_only,2,gate_signal_correlation,0.9999999999999994
D00_oracle_gate,S1,temporal_only,2,gate_surface_rmse,6.643987597131679e-10
D00_oracle_gate,S1,temporal_only,2,gate_surface_mae,5.859253776607787e-10
D00_oracle_gate,S1,temporal_only,2,gate_surface_correlation,1.0
D00_oracle_gate,S1,temporal_only,2,beta_mean,0.0
D00_oracle_gate,S1,temporal_only,2,abs_beta_mean,0.0
D00_oracle_gate,S1,temporal_only,2,content_free_lambda_rmse,1.904654323148236e-09
D00_oracle_gate,S1,temporal_only,3,bce,0.4794208109268096
D00_oracle_gate,S1,temporal_only,3,auroc,0.7431602527520079
D00_oracle_gate,S1,temporal_only,3,auprc,0.5403042889610065
D00_oracle_gate,S1,temporal_only,3,surface_rmse,0.13977519697414917
D00_oracle_gate,S1,temporal_only,3,cf_rmse_age,0.1152165847966463
D00_oracle_gate,S1,temporal_only,3,cf_rmse_lag,0.09413148307788367
D00_oracle_gate,S1,temporal_only,3,delta_bce_beta0,0.0
D00_oracle_gate,S1,temporal_only,3,delta_bce_full_age_shuffle,0.015494524500414109
D00_oracle_gate,S1,temporal_only,3,delta_bce_gate_age_shuffle,0.0
D00_oracle_gate,S1,temporal_only,3,gate_signal_rmse,1.1002511777777637e-08
D00_oracle_gate,S1,temporal_only,3,gate_signal_mae,8.08596468143125e-09
D00_oracle_gate,S1,temporal_only,3,gate_signal_correlation,0.9999999999999994
D00_oracle_gate,S1,temporal_only,3,gate_surface_rmse,6.643987597131679e-10
D00_oracle_gate,S1,temporal_only,3,gate_surface_mae,5.859253776607787e-10
D00_oracle_gate,S1,temporal_only,3,gate_surface_correlation,1.0
D00_oracle_gate,S1,temporal_only,3,beta_mean,0.0
D00_oracle_gate,S1,temporal_only,3,abs_beta_mean,0.0
D00_oracle_gate,S1,temporal_only,3,content_free_lambda_rmse,1.904654323148236e-09
D00_oracle_gate,S1,temporal_only,4,bce,0.4802206751290731
D00_oracle_gate,S1,temporal_only,4,auroc,0.7420483342434073
D00_oracle_gate,S1,temporal_only,4,auprc,0.5408943915113054
D00_oracle_gate,S1,temporal_only,4,surface_rmse,0.18213835350999052
D00_oracle_gate,S1,temporal_only,4,cf_rmse_age,0.1504509193589212
D00_oracle_gate,S1,temporal_only,4,cf_rmse_lag,0.1242612192156733
D00_oracle_gate,S1,temporal_only,4,delta_bce_beta0,0.0
D00_oracle_gate,S1,temporal_only,4,delta_bce_full_age_shuffle,0.009461002306180799
D00_oracle_gate,S1,temporal_only,4,delta_bce_gate_age_shuffle,0.0
D00_oracle_gate,S1,temporal_only,4,gate_signal_rmse,1.1002511777777637e-08
D00_oracle_gate,S1,temporal_only,4,gate_signal_mae,8.08596468143125e-09
D00_oracle_gate,S1,temporal_only,4,gate_signal_correlation,0.9999999999999994
D00_oracle_gate,S1,temporal_only,4,gate_surface_rmse,6.643987597131679e-10
D00_oracle_gate,S1,temporal_only,4,gate_surface_mae,5.859253776607787e-10
D00_oracle_gate,S1,temporal_only,4,gate_surface_correlation,1.0
D00_oracle_gate,S1,temporal_only,4,beta_mean,0.0
D00_oracle_gate,S1,temporal_only,4,abs_beta_mean,0.0
D00_oracle_gate,S1,temporal_only,4,content_free_lambda_rmse,1.904654323148236e-09
D00_oracle_gate,S2,age_temporal,0,bce,0.45995065956527253
D00_oracle_gate,S2,age_temporal,0,auroc,0.7551672802656209
D00_oracle_gate,S2,age_temporal,0,auprc,0.5758892273549103
D00_oracle_gate,S2,age_temporal,0,surface_rmse,0.24008527199463842
D00_oracle_gate,S2,age_temporal,0,cf_rmse_age,0.1743530269589265
D00_oracle_gate,S2,age_temporal,0,cf_rmse_lag,0.19383837796520983
D00_oracle_gate,S2,age_temporal,0,delta_bce_beta0,0.028148472086745535
D00_oracle_gate,S2,age_temporal,0,delta_bce_full_age_shuffle,0.08751983103374555
D00_oracle_gate,S2,age_temporal,0,delta_bce_gate_age_shuffle,0.07328843995310436
D00_oracle_gate,S2,age_temporal,0,gate_signal_rmse,1.7203386649666398e-08
D00_oracle_gate,S2,age_temporal,0,gate_signal_mae,1.1825803830729224e-08
D00_oracle_gate,S2,age_temporal,0,gate_signal_correlation,0.9999999999999987
D00_oracle_gate,S2,age_temporal,0,gate_surface_rmse,1.1810715990336942e-08
D00_oracle_gate,S2,age_temporal,0,gate_surface_mae,7.308283037790151e-09
D00_oracle_gate,S2,age_temporal,0,gate_surface_correlation,0.9999999999999988
D00_oracle_gate,S2,age_temporal,0,beta_mean,-2.5
D00_oracle_gate,S2,age_temporal,0,abs_beta_mean,2.5
D00_oracle_gate,S2,age_temporal,0,content_free_lambda_rmse,4.010280809601573e-08
D00_oracle_gate,S2,age_temporal,0,content_free_lambda_corr,0.999999999999999
D00_oracle_gate,S2,age_temporal,1,bce,0.45943058066906733
D00_oracle_gate,S2,age_temporal,1,auroc,0.754047082804274
D00_oracle_gate,S2,age_temporal,1,auprc,0.5736802174594475
D00_oracle_gate,S2,age_temporal,1,surface_rmse,0.24002360728979386
D00_oracle_gate,S2,age_temporal,1,cf_rmse_age,0.1572800746214367
D00_oracle_gate,S2,age_temporal,1,cf_rmse_lag,0.19945489949215528
D00_oracle_gate,S2,age_temporal,1,delta_bce_beta0,0.03614230907751381
D00_oracle_gate,S2,age_temporal,1,delta_bce_full_age_shuffle,0.0956470091305947
D00_oracle_gate,S2,age_temporal,1,delta_bce_gate_age_shuffle,0.0835406945783303
D00_oracle_gate,S2,age_temporal,1,gate_signal_rmse,1.7203386649666398e-08
D00_oracle_gate,S2,age_temporal,1,gate_signal_mae,1.1825803830729224e-08
D00_oracle_gate,S2,age_temporal,1,gate_signal_correlation,0.9999999999999987
D00_oracle_gate,S2,age_temporal,1,gate_surface_rmse,1.1810715990336942e-08
D00_oracle_gate,S2,age_temporal,1,gate_surface_mae,7.308283037790151e-09
D00_oracle_gate,S2,age_temporal,1,gate_surface_correlation,0.9999999999999988
D00_oracle_gate,S2,age_temporal,1,beta_mean,-2.5
D00_oracle_gate,S2,age_temporal,1,abs_beta_mean,2.5
D00_oracle_gate,S2,age_temporal,1,content_free_lambda_rmse,4.010280809601573e-08
D00_oracle_gate,S2,age_temporal,1,content_free_lambda_corr,0.999999999999999
D00_oracle_gate,S2,age_temporal,2,bce,0.4603825767445082
D00_oracle_gate,S2,age_temporal,2,auroc,0.7546700238648174
D00_oracle_gate,S2,age_temporal,2,auprc,0.5737557151604494
D00_oracle_gate,S2,age_temporal,2,surface_rmse,0.17008626301953053
D00_oracle_gate,S2,age_temporal,2,cf_rmse_age,0.12106221209159208
D00_oracle_gate,S2,age_temporal,2,cf_rmse_lag,0.1307135070546088
D00_oracle_gate,S2,age_temporal,2,delta_bce_beta0,0.03815022832977205
D00_oracle_gate,S2,age_temporal,2,delta_bce_full_age_shuffle,0.09659046731272902
D00_oracle_gate,S2,age_temporal,2,delta_bce_gate_age_shuffle,0.08633890949079226
D00_oracle_gate,S2,age_temporal,2,gate_signal_rmse,1.7203386649666398e-08
D00_oracle_gate,S2,age_temporal,2,gate_signal_mae,1.1825803830729224e-08
D00_oracle_gate,S2,age_temporal,2,gate_signal_correlation,0.9999999999999987
D00_oracle_gate,S2,age_temporal,2,gate_surface_rmse,1.1810715990336942e-08
D00_oracle_gate,S2,age_temporal,2,gate_surface_mae,7.308283037790151e-09
D00_oracle_gate,S2,age_temporal,2,gate_surface_correlation,0.9999999999999988
D00_oracle_gate,S2,age_temporal,2,beta_mean,-2.5
D00_oracle_gate,S2,age_temporal,2,abs_beta_mean,2.5
D00_oracle_gate,S2,age_temporal,2,content_free_lambda_rmse,4.010280809601573e-08
D00_oracle_gate,S2,age_temporal,2,content_free_lambda_corr,0.999999999999999
D00_oracle_gate,S2,age_temporal,3,bce,0.46133471594516623
D00_oracle_gate,S2,age_temporal,3,auroc,0.7528458991819491
D00_oracle_gate,S2,age_temporal,3,auprc,0.5726481783142394
D00_oracle_gate,S2,age_temporal,3,surface_rmse,0.18040796250551522
D00_oracle_gate,S2,age_temporal,3,cf_rmse_age,0.11232803454395361
D00_oracle_gate,S2,age_temporal,3,cf_rmse_lag,0.1336822023445962
D00_oracle_gate,S2,age_temporal,3,delta_bce_beta0,0.029433851869551664
D00_oracle_gate,S2,age_temporal,3,delta_bce_full_age_shuffle,0.09138144209887517
D00_oracle_gate,S2,age_temporal,3,delta_bce_gate_age_shuffle,0.07105621075580132
D00_oracle_gate,S2,age_temporal,3,gate_signal_rmse,1.7203386649666398e-08
D00_oracle_gate,S2,age_temporal,3,gate_signal_mae,1.1825803830729224e-08
D00_oracle_gate,S2,age_temporal,3,gate_signal_correlation,0.9999999999999987
D00_oracle_gate,S2,age_temporal,3,gate_surface_rmse,1.1810715990336942e-08
D00_oracle_gate,S2,age_temporal,3,gate_surface_mae,7.308283037790151e-09
D00_oracle_gate,S2,age_temporal,3,gate_surface_correlation,0.9999999999999988
D00_oracle_gate,S2,age_temporal,3,beta_mean,-2.5
D00_oracle_gate,S2,age_temporal,3,abs_beta_mean,2.5
D00_oracle_gate,S2,age_temporal,3,content_free_lambda_rmse,4.010280809601573e-08
D00_oracle_gate,S2,age_temporal,3,content_free_lambda_corr,0.999999999999999
D00_oracle_gate,S2,age_temporal,4,bce,0.4613776629415761
D00_oracle_gate,S2,age_temporal,4,auroc,0.7534969106742495
D00_oracle_gate,S2,age_temporal,4,auprc,0.572215296533309
D00_oracle_gate,S2,age_temporal,4,surface_rmse,0.21800399012070792
D00_oracle_gate,S2,age_temporal,4,cf_rmse_age,0.1467842705710788
D00_oracle_gate,S2,age_temporal,4,cf_rmse_lag,0.1648830645001079
D00_oracle_gate,S2,age_temporal,4,delta_bce_beta0,0.035626943864593086
D00_oracle_gate,S2,age_temporal,4,delta_bce_full_age_shuffle,0.08830138857934511
D00_oracle_gate,S2,age_temporal,4,delta_bce_gate_age_shuffle,0.0792799134263753
D00_oracle_gate,S2,age_temporal,4,gate_signal_rmse,1.7203386649666398e-08
D00_oracle_gate,S2,age_temporal,4,gate_signal_mae,1.1825803830729224e-08
D00_oracle_gate,S2,age_temporal,4,gate_signal_correlation,0.9999999999999987
D00_oracle_gate,S2,age_temporal,4,gate_surface_rmse,1.1810715990336942e-08
D00_oracle_gate,S2,age_temporal,4,gate_surface_mae,7.308283037790151e-09
D00_oracle_gate,S2,age_temporal,4,gate_surface_correlation,0.9999999999999988
D00_oracle_gate,S2,age_temporal,4,beta_mean,-2.5
D00_oracle_gate,S2,age_temporal,4,abs_beta_mean,2.5
D00_oracle_gate,S2,age_temporal,4,content_free_lambda_rmse,4.010280809601573e-08
D00_oracle_gate,S2,age_temporal,4,content_free_lambda_corr,0.999999999999999
D00_oracle_gate,S2,temporal_only,0,bce,0.4625244751286751
D00_oracle_gate,S2,temporal_only,0,auroc,0.7568880487070957
D00_oracle_gate,S2,temporal_only,0,auprc,0.568237628987231
D00_oracle_gate,S2,temporal_only,0,surface_rmse,0.2816508656618524
D00_oracle_gate,S2,temporal_only,0,cf_rmse_age,0.16982879402275516
D00_oracle_gate,S2,temporal_only,0,cf_rmse_lag,0.2332837344782124
D00_oracle_gate,S2,temporal_only,0,delta_bce_beta0,0.0
D00_oracle_gate,S2,temporal_only,0,delta_bce_full_age_shuffle,0.011387584871722367
D00_oracle_gate,S2,temporal_only,0,delta_bce_gate_age_shuffle,0.0
D00_oracle_gate,S2,temporal_only,0,gate_signal_rmse,0.28392426789136893
D00_oracle_gate,S2,temporal_only,0,gate_signal_mae,0.2183988066221125
D00_oracle_gate,S2,temporal_only,0,gate_signal_correlation,0.5200877302481415
D00_oracle_gate,S2,temporal_only,0,gate_surface_rmse,0.26796244278523806
D00_oracle_gate,S2,temporal_only,0,gate_surface_mae,0.18967419450494485
D00_oracle_gate,S2,temporal_only,0,gate_surface_correlation,0.7387364671991989
D00_oracle_gate,S2,temporal_only,0,beta_mean,0.0
D00_oracle_gate,S2,temporal_only,0,abs_beta_mean,0.0
D00_oracle_gate,S2,temporal_only,0,content_free_lambda_rmse,0.8285713350013695
D00_oracle_gate,S2,temporal_only,1,bce,0.46550200151061744
D00_oracle_gate,S2,temporal_only,1,auroc,0.7521419597068777
D00_oracle_gate,S2,temporal_only,1,auprc,0.5625719198346057
D00_oracle_gate,S2,temporal_only,1,surface_rmse,0.2772206536794058
D00_oracle_gate,S2,temporal_only,1,cf_rmse_age,0.17207927033563708
D00_oracle_gate,S2,temporal_only,1,cf_rmse_lag,0.24217748539842643
D00_oracle_gate,S2,temporal_only,1,delta_bce_beta0,0.0
D00_oracle_gate,S2,temporal_only,1,delta_bce_full_age_shuffle,0.008430512471307328
D00_oracle_gate,S2,temporal_only,1,delta_bce_gate_age_shuffle,0.0
D00_oracle_gate,S2,temporal_only,1,gate_signal_rmse,0.28392426789136893
D00_oracle_gate,S2,temporal_only,1,gate_signal_mae,0.2183988066221125
D00_oracle_gate,S2,temporal_only,1,gate_signal_correlation,0.5200877302481415
D00_oracle_gate,S2,temporal_only,1,gate_surface_rmse,0.26796244278523806
D00_oracle_gate,S2,temporal_only,1,gate_surface_mae,0.18967419450494485
D00_oracle_gate,S2,temporal_only,1,gate_surface_correlation,0.7387364671991989
D00_oracle_gate,S2,temporal_only,1,beta_mean,0.0
D00_oracle_gate,S2,temporal_only,1,abs_beta_mean,0.0
D00_oracle_gate,S2,temporal_only,1,content_free_lambda_rmse,0.8285713350013695
D00_oracle_gate,S2,temporal_only,2,bce,0.4660564799234191
D00_oracle_gate,S2,temporal_only,2,auroc,0.7516463134225109
D00_oracle_gate,S2,temporal_only,2,auprc,0.5590358187063355
D00_oracle_gate,S2,temporal_only,2,surface_rmse,0.2588714049291778
D00_oracle_gate,S2,temporal_only,2,cf_rmse_age,0.18327541922313012
D00_oracle_gate,S2,temporal_only,2,cf_rmse_lag,0.2052423378727495
D00_oracle_gate,S2,temporal_only,2,delta_bce_beta0,0.0
D00_oracle_gate,S2,temporal_only,2,delta_bce_full_age_shuffle,0.011108291147838567
D00_oracle_gate,S2,temporal_only,2,delta_bce_gate_age_shuffle,0.0
D00_oracle_gate,S2,temporal_only,2,gate_signal_rmse,0.28392426789136893
D00_oracle_gate,S2,temporal_only,2,gate_signal_mae,0.2183988066221125
D00_oracle_gate,S2,temporal_only,2,gate_signal_correlation,0.5200877302481415
D00_oracle_gate,S2,temporal_only,2,gate_surface_rmse,0.26796244278523806
D00_oracle_gate,S2,temporal_only,2,gate_surface_mae,0.18967419450494485
D00_oracle_gate,S2,temporal_only,2,gate_surface_correlation,0.7387364671991989
D00_oracle_gate,S2,temporal_only,2,beta_mean,0.0
D00_oracle_gate,S2,temporal_only,2,abs_beta_mean,0.0
D00_oracle_gate,S2,temporal_only,2,content_free_lambda_rmse,0.8285713350013695
D00_oracle_gate,S2,temporal_only,3,bce,0.46476138604422107
D00_oracle_gate,S2,temporal_only,3,auroc,0.7533429301174372
D00_oracle_gate,S2,temporal_only,3,auprc,0.5633727332061184
D00_oracle_gate,S2,temporal_only,3,surface_rmse,0.23949884250594655
D00_oracle_gate,S2,temporal_only,3,cf_rmse_age,0.13559176809369158
D00_oracle_gate,S2,temporal_only,3,cf_rmse_lag,0.19562057740590072
D00_oracle_gate,S2,temporal_only,3,delta_bce_beta0,0.0
D00_oracle_gate,S2,temporal_only,3,delta_bce_full_age_shuffle,0.012594086394885295
D00_oracle_gate,S2,temporal_only,3,delta_bce_gate_age_shuffle,0.0
D00_oracle_gate,S2,temporal_only,3,gate_signal_rmse,0.28392426789136893
D00_oracle_gate,S2,temporal_only,3,gate_signal_mae,0.2183988066221125
D00_oracle_gate,S2,temporal_only,3,gate_signal_correlation,0.5200877302481415
D00_oracle_gate,S2,temporal_only,3,gate_surface_rmse,0.26796244278523806
D00_oracle_gate,S2,temporal_only,3,gate_surface_mae,0.18967419450494485
D00_oracle_gate,S2,temporal_only,3,gate_surface_correlation,0.7387364671991989
D00_oracle_gate,S2,temporal_only,3,beta_mean,0.0
D00_oracle_gate,S2,temporal_only,3,abs_beta_mean,0.0
D00_oracle_gate,S2,temporal_only,3,content_free_lambda_rmse,0.8285713350013695
D00_oracle_gate,S2,temporal_only,4,bce,0.4673749583403718
D00_oracle_gate,S2,temporal_only,4,auroc,0.7498099817533861
D00_oracle_gate,S2,temporal_only,4,auprc,0.5579462477824645
D00_oracle_gate,S2,temporal_only,4,surface_rmse,0.24236018729080197
D00_oracle_gate,S2,temporal_only,4,cf_rmse_age,0.16100829816217854
D00_oracle_gate,S2,temporal_only,4,cf_rmse_lag,0.19886567925293358
D00_oracle_gate,S2,temporal_only,4,delta_bce_beta0,0.0
D00_oracle_gate,S2,temporal_only,4,delta_bce_full_age_shuffle,0.009033296243175504
D00_oracle_gate,S2,temporal_only,4,delta_bce_gate_age_shuffle,0.0
D00_oracle_gate,S2,temporal_only,4,gate_signal_rmse,0.28392426789136893
D00_oracle_gate,S2,temporal_only,4,gate_signal_mae,0.2183988066221125
D00_oracle_gate,S2,temporal_only,4,gate_signal_correlation,0.5200877302481415
D00_oracle_gate,S2,temporal_only,4,gate_surface_rmse,0.26796244278523806
D00_oracle_gate,S2,temporal_only,4,gate_surface_mae,0.18967419450494485
D00_oracle_gate,S2,temporal_only,4,gate_surface_correlation,0.7387364671991989
D00_oracle_gate,S2,temporal_only,4,beta_mean,0.0
D00_oracle_gate,S2,temporal_only,4,abs_beta_mean,0.0
D00_oracle_gate,S2,temporal_only,4,content_free_lambda_rmse,0.8285713350013695
D00_oracle_gate,S3,age_temporal,0,bce,0.4896035666962014
D00_oracle_gate,S3,age_temporal,0,auroc,0.7270736344145693
D00_oracle_gate,S3,age_temporal,0,auprc,0.5283628869156104
D00_oracle_gate,S3,age_temporal,0,surface_rmse,0.13735260290830095
D00_oracle_gate,S3,age_temporal,0,cf_rmse_age,0.12573301298956668
D00_oracle_gate,S3,age_temporal,0,cf_rmse_lag,0.1010691326609502
D00_oracle_gate,S3,age_temporal,0,delta_bce_beta0,0.015040563916209226
D00_oracle_gate,S3,age_temporal,0,delta_bce_full_age_shuffle,0.059738606884914836
D00_oracle_gate,S3,age_temporal,0,delta_bce_gate_age_shuffle,0.04634406949154424
D00_oracle_gate,S3,age_temporal,0,gate_signal_rmse,1.6153563084493614e-08
D00_oracle_gate,S3,age_temporal,0,gate_signal_mae,1.0414493943474448e-08
D00_oracle_gate,S3,age_temporal,0,gate_signal_correlation,0.9999999999999981
D00_oracle_gate,S3,age_temporal,0,gate_surface_rmse,1.181071599033694e-08
D00_oracle_gate,S3,age_temporal,0,gate_surface_mae,7.308283037790151e-09
D00_oracle_gate,S3,age_temporal,0,gate_surface_correlation,0.999999999999999
D00_oracle_gate,S3,age_temporal,0,beta_mean,2.5
D00_oracle_gate,S3,age_temporal,0,abs_beta_mean,2.5
D00_oracle_gate,S3,age_temporal,0,content_free_lambda_rmse,4.010280809601573e-08
D00_oracle_gate,S3,age_temporal,0,content_free_lambda_corr,0.9999999999999989
D00_oracle_gate,S3,age_temporal,1,bce,0.49052068565620915
D00_oracle_gate,S3,age_temporal,1,auroc,0.7243296935263827
D00_oracle_gate,S3,age_temporal,1,auprc,0.5269761753869124
D00_oracle_gate,S3,age_temporal,1,surface_rmse,0.18542219458738016
D00_oracle_gate,S3,age_temporal,1,cf_rmse_age,0.1505673583772925
D00_oracle_gate,S3,age_temporal,1,cf_rmse_lag,0.12076234634743703
D00_oracle_gate,S3,age_temporal,1,delta_bce_beta0,0.0147584724574375
D00_oracle_gate,S3,age_temporal,1,delta_bce_full_age_shuffle,0.06302169823619802
D00_oracle_gate,S3,age_temporal,1,delta_bce_gate_age_shuffle,0.0504142612396517
D00_oracle_gate,S3,age_temporal,1,gate_signal_rmse,1.6153563084493614e-08
D00_oracle_gate,S3,age_temporal,1,gate_signal_mae,1.0414493943474448e-08
D00_oracle_gate,S3,age_temporal,1,gate_signal_correlation,0.9999999999999981
D00_oracle_gate,S3,age_temporal,1,gate_surface_rmse,1.181071599033694e-08
D00_oracle_gate,S3,age_temporal,1,gate_surface_mae,7.308283037790151e-09
D00_oracle_gate,S3,age_temporal,1,gate_surface_correlation,0.999999999999999
D00_oracle_gate,S3,age_temporal,1,beta_mean,2.5
D00_oracle_gate,S3,age_temporal,1,abs_beta_mean,2.5
D00_oracle_gate,S3,age_temporal,1,content_free_lambda_rmse,4.010280809601573e-08
D00_oracle_gate,S3,age_temporal,1,content_free_lambda_corr,0.9999999999999989
D00_oracle_gate,S3,age_temporal,2,bce,0.4911525477714662
D00_oracle_gate,S3,age_temporal,2,auroc,0.7243114440544047
D00_oracle_gate,S3,age_temporal,2,auprc,0.526000154830141
D00_oracle_gate,S3,age_temporal,2,surface_rmse,0.19371042344480366
D00_oracle_gate,S3,age_temporal,2,cf_rmse_age,0.17129256872709414
D00_oracle_gate,S3,age_temporal,2,cf_rmse_lag,0.12013247225489794
D00_oracle_gate,S3,age_temporal,2,delta_bce_beta0,0.013477141964635897
D00_oracle_gate,S3,age_temporal,2,delta_bce_full_age_shuffle,0.06273065082556151
D00_oracle_gate,S3,age_temporal,2,delta_bce_gate_age_shuffle,0.04657334626930332
D00_oracle_gate,S3,age_temporal,2,gate_signal_rmse,1.6153563084493614e-08
D00_oracle_gate,S3,age_temporal,2,gate_signal_mae,1.0414493943474448e-08
D00_oracle_gate,S3,age_temporal,2,gate_signal_correlation,0.9999999999999981
D00_oracle_gate,S3,age_temporal,2,gate_surface_rmse,1.181071599033694e-08
D00_oracle_gate,S3,age_temporal,2,gate_surface_mae,7.308283037790151e-09
D00_oracle_gate,S3,age_temporal,2,gate_surface_correlation,0.999999999999999
D00_oracle_gate,S3,age_temporal,2,beta_mean,2.5
D00_oracle_gate,S3,age_temporal,2,abs_beta_mean,2.5
D00_oracle_gate,S3,age_temporal,2,content_free_lambda_rmse,4.010280809601573e-08
D00_oracle_gate,S3,age_temporal,2,content_free_lambda_corr,0.9999999999999989
D00_oracle_gate,S3,age_temporal,3,bce,0.4898041967939838
D00_oracle_gate,S3,age_temporal,3,auroc,0.7263516608800351
D00_oracle_gate,S3,age_temporal,3,auprc,0.5295399577069313
D00_oracle_gate,S3,age_temporal,3,surface_rmse,0.21471500010175082
D00_oracle_gate,S3,age_temporal,3,cf_rmse_age,0.18417702435371333
D00_oracle_gate,S3,age_temporal,3,cf_rmse_lag,0.1261267225350672
D00_oracle_gate,S3,age_temporal,3,delta_bce_beta0,0.017497275578244653
D00_oracle_gate,S3,age_temporal,3,delta_bce_full_age_shuffle,0.06392801960656902
D00_oracle_gate,S3,age_temporal,3,delta_bce_gate_age_shuffle,0.05382544567382541
D00_oracle_gate,S3,age_temporal,3,gate_signal_rmse,1.6153563084493614e-08
D00_oracle_gate,S3,age_temporal,3,gate_signal_mae,1.0414493943474448e-08
D00_oracle_gate,S3,age_temporal,3,gate_signal_correlation,0.9999999999999981
D00_oracle_gate,S3,age_temporal,3,gate_surface_rmse,1.181071599033694e-08
D00_oracle_gate,S3,age_temporal,3,gate_surface_mae,7.308283037790151e-09
D00_oracle_gate,S3,age_temporal,3,gate_surface_correlation,0.999999999999999
D00_oracle_gate,S3,age_temporal,3,beta_mean,2.5
D00_oracle_gate,S3,age_temporal,3,abs_beta_mean,2.5
D00_oracle_gate,S3,age_temporal,3,content_free_lambda_rmse,4.010280809601573e-08
D00_oracle_gate,S3,age_temporal,3,content_free_lambda_corr,0.9999999999999989
D00_oracle_gate,S3,age_temporal,4,bce,0.4916093378835203
D00_oracle_gate,S3,age_temporal,4,auroc,0.7231306872261232
D00_oracle_gate,S3,age_temporal,4,auprc,0.5246029585907865
D00_oracle_gate,S3,age_temporal,4,surface_rmse,0.17650851147984106
D00_oracle_gate,S3,age_temporal,4,cf_rmse_age,0.16763241231829162
D00_oracle_gate,S3,age_temporal,4,cf_rmse_lag,0.1142199782493403
D00_oracle_gate,S3,age_temporal,4,delta_bce_beta0,0.015369614518420616
D00_oracle_gate,S3,age_temporal,4,delta_bce_full_age_shuffle,0.0652797303698876
D00_oracle_gate,S3,age_temporal,4,delta_bce_gate_age_shuffle,0.05054067332826745
D00_oracle_gate,S3,age_temporal,4,gate_signal_rmse,1.6153563084493614e-08
D00_oracle_gate,S3,age_temporal,4,gate_signal_mae,1.0414493943474448e-08
D00_oracle_gate,S3,age_temporal,4,gate_signal_correlation,0.9999999999999981
D00_oracle_gate,S3,age_temporal,4,gate_surface_rmse,1.181071599033694e-08
D00_oracle_gate,S3,age_temporal,4,gate_surface_mae,7.308283037790151e-09
D00_oracle_gate,S3,age_temporal,4,gate_surface_correlation,0.999999999999999
D00_oracle_gate,S3,age_temporal,4,beta_mean,2.5
D00_oracle_gate,S3,age_temporal,4,abs_beta_mean,2.5
D00_oracle_gate,S3,age_temporal,4,content_free_lambda_rmse,4.010280809601573e-08
D00_oracle_gate,S3,age_temporal,4,content_free_lambda_corr,0.9999999999999989
D00_oracle_gate,S3,temporal_only,0,bce,0.49146745048543866
D00_oracle_gate,S3,temporal_only,0,auroc,0.7322919706175748
D00_oracle_gate,S3,temporal_only,0,auprc,0.5214072130426748
D00_oracle_gate,S3,temporal_only,0,surface_rmse,0.15977343796981466
D00_oracle_gate,S3,temporal_only,0,cf_rmse_age,0.110484095105852
D00_oracle_gate,S3,temporal_only,0,cf_rmse_lag,0.09286484531520774
D00_oracle_gate,S3,temporal_only,0,delta_bce_beta0,0.0
D00_oracle_gate,S3,temporal_only,0,delta_bce_full_age_shuffle,0.012280253786965123
D00_oracle_gate,S3,temporal_only,0,delta_bce_gate_age_shuffle,0.0
D00_oracle_gate,S3,temporal_only,0,gate_signal_rmse,0.2312021079981141
D00_oracle_gate,S3,temporal_only,0,gate_signal_mae,0.18092855518329573
D00_oracle_gate,S3,temporal_only,0,gate_signal_correlation,0.5686766077143892
D00_oracle_gate,S3,temporal_only,0,gate_surface_rmse,0.26796244278523806
D00_oracle_gate,S3,temporal_only,0,gate_surface_mae,0.18967419450494485
D00_oracle_gate,S3,temporal_only,0,gate_surface_correlation,0.7387364671991983
D00_oracle_gate,S3,temporal_only,0,beta_mean,0.0
D00_oracle_gate,S3,temporal_only,0,abs_beta_mean,0.0
D00_oracle_gate,S3,temporal_only,0,content_free_lambda_rmse,0.8285713350013694
D00_oracle_gate,S3,temporal_only,1,bce,0.4918640210951272
D00_oracle_gate,S3,temporal_only,1,auroc,0.731437126292573
D00_oracle_gate,S3,temporal_only,1,auprc,0.5195000774533807
D00_oracle_gate,S3,temporal_only,1,surface_rmse,0.17522329972792924
D00_oracle_gate,S3,temporal_only,1,cf_rmse_age,0.12473258820580142
D00_oracle_gate,S3,temporal_only,1,cf_rmse_lag,0.10581792978522925
D00_oracle_gate,S3,temporal_only,1,delta_bce_beta0,0.0
D00_oracle_gate,S3,temporal_only,1,delta_bce_full_age_shuffle,0.00990899559769981
D00_oracle_gate,S3,temporal_only,1,delta_bce_gate_age_shuffle,0.0
D00_oracle_gate,S3,temporal_only,1,gate_signal_rmse,0.2312021079981141
D00_oracle_gate,S3,temporal_only,1,gate_signal_mae,0.18092855518329573
D00_oracle_gate,S3,temporal_only,1,gate_signal_correlation,0.5686766077143892
D00_oracle_gate,S3,temporal_only,1,gate_surface_rmse,0.26796244278523806
D00_oracle_gate,S3,temporal_only,1,gate_surface_mae,0.18967419450494485
D00_oracle_gate,S3,temporal_only,1,gate_surface_correlation,0.7387364671991983
D00_oracle_gate,S3,temporal_only,1,beta_mean,0.0
D00_oracle_gate,S3,temporal_only,1,abs_beta_mean,0.0
D00_oracle_gate,S3,temporal_only,1,content_free_lambda_rmse,0.8285713350013694
D00_oracle_gate,S3,temporal_only,2,bce,0.4911884191704829
D00_oracle_gate,S3,temporal_only,2,auroc,0.7312977644857184
D00_oracle_gate,S3,temporal_only,2,auprc,0.522112934567395
D00_oracle_gate,S3,temporal_only,2,surface_rmse,0.17530617124587272
D00_oracle_gate,S3,temporal_only,2,cf_rmse_age,0.12764884856301384
D00_oracle_gate,S3,temporal_only,2,cf_rmse_lag,0.09770549156695632
D00_oracle_gate,S3,temporal_only,2,delta_bce_beta0,0.0
D00_oracle_gate,S3,temporal_only,2,delta_bce_full_age_shuffle,0.013829216864422678
D00_oracle_gate,S3,temporal_only,2,delta_bce_gate_age_shuffle,0.0
D00_oracle_gate,S3,temporal_only,2,gate_signal_rmse,0.2312021079981141
D00_oracle_gate,S3,temporal_only,2,gate_signal_mae,0.18092855518329573
D00_oracle_gate,S3,temporal_only,2,gate_signal_correlation,0.5686766077143892
D00_oracle_gate,S3,temporal_only,2,gate_surface_rmse,0.26796244278523806
D00_oracle_gate,S3,temporal_only,2,gate_surface_mae,0.18967419450494485
D00_oracle_gate,S3,temporal_only,2,gate_surface_correlation,0.7387364671991983
D00_oracle_gate,S3,temporal_only,2,beta_mean,0.0
D00_oracle_gate,S3,temporal_only,2,abs_beta_mean,0.0
D00_oracle_gate,S3,temporal_only,2,content_free_lambda_rmse,0.8285713350013694
D00_oracle_gate,S3,temporal_only,3,bce,0.491795411134705
D00_oracle_gate,S3,temporal_only,3,auroc,0.7310162108954726
D00_oracle_gate,S3,temporal_only,3,auprc,0.521146505669815
D00_oracle_gate,S3,temporal_only,3,surface_rmse,0.21641690903481145
D00_oracle_gate,S3,temporal_only,3,cf_rmse_age,0.14978346620870253
D00_oracle_gate,S3,temporal_only,3,cf_rmse_lag,0.1325317473906717
D00_oracle_gate,S3,temporal_only,3,delta_bce_beta0,0.0
D00_oracle_gate,S3,temporal_only,3,delta_bce_full_age_shuffle,0.011160108206983377
D00_oracle_gate,S3,temporal_only,3,delta_bce_gate_age_shuffle,0.0
D00_oracle_gate,S3,temporal_only,3,gate_signal_rmse,0.2312021079981141
D00_oracle_gate,S3,temporal_only,3,gate_signal_mae,0.18092855518329573
D00_oracle_gate,S3,temporal_only,3,gate_signal_correlation,0.5686766077143892
D00_oracle_gate,S3,temporal_only,3,gate_surface_rmse,0.26796244278523806
D00_oracle_gate,S3,temporal_only,3,gate_surface_mae,0.18967419450494485
D00_oracle_gate,S3,temporal_only,3,gate_surface_correlation,0.7387364671991983
D00_oracle_gate,S3,temporal_only,3,beta_mean,0.0
D00_oracle_gate,S3,temporal_only,3,abs_beta_mean,0.0
D00_oracle_gate,S3,temporal_only,3,content_free_lambda_rmse,0.8285713350013694
D00_oracle_gate,S3,temporal_only,4,bce,0.4922589130332222
D00_oracle_gate,S3,temporal_only,4,auroc,0.7308607778263198
D00_oracle_gate,S3,temporal_only,4,auprc,0.5195254200832451
D00_oracle_gate,S3,temporal_only,4,surface_rmse,0.16928679870010033
D00_oracle_gate,S3,temporal_only,4,cf_rmse_age,0.1253076114821882
D00_oracle_gate,S3,temporal_only,4,cf_rmse_lag,0.10479453860224842
D00_oracle_gate,S3,temporal_only,4,delta_bce_beta0,0.0
D00_oracle_gate,S3,temporal_only,4,delta_bce_full_age_shuffle,0.011352507488119556
D00_oracle_gate,S3,temporal_only,4,delta_bce_gate_age_shuffle,0.0
D00_oracle_gate,S3,temporal_only,4,gate_signal_rmse,0.2312021079981141
D00_oracle_gate,S3,temporal_only,4,gate_signal_mae,0.18092855518329573
D00_oracle_gate,S3,temporal_only,4,gate_signal_correlation,0.5686766077143892
D00_oracle_gate,S3,temporal_only,4,gate_surface_rmse,0.26796244278523806
D00_oracle_gate,S3,temporal_only,4,gate_surface_mae,0.18967419450494485
D00_oracle_gate,S3,temporal_only,4,gate_surface_correlation,0.7387364671991983
D00_oracle_gate,S3,temporal_only,4,beta_mean,0.0
D00_oracle_gate,S3,temporal_only,4,abs_beta_mean,0.0
D00_oracle_gate,S3,temporal_only,4,content_free_lambda_rmse,0.8285713350013694
D01_multihead_shared,S0,age_temporal,0,bce,0.4803758897448721
D01_multihead_shared,S0,age_temporal,0,auroc,0.733479874140436
D01_multihead_shared,S0,age_temporal,0,auprc,0.5296769528201554
D01_multihead_shared,S0,age_temporal,0,surface_rmse,0.14439802233402174
D01_multihead_shared,S0,age_temporal,0,cf_rmse_age,0.1085817366513209
D01_multihead_shared,S0,age_temporal,0,cf_rmse_lag,0.11528912767101836
D01_multihead_shared,S0,age_temporal,0,delta_bce_beta0,1.4154376312691674e-06
D01_multihead_shared,S0,age_temporal,0,delta_bce_full_age_shuffle,0.005035684366555104
D01_multihead_shared,S0,age_temporal,0,delta_bce_gate_age_shuffle,1.3796102639740404e-06
D01_multihead_shared,S0,age_temporal,0,gate_signal_rmse,0.057502186745095274
D01_multihead_shared,S0,age_temporal,0,gate_signal_mae,0.03936015229840339
D01_multihead_shared,S0,age_temporal,0,gate_signal_correlation,0.9650389748609791
D01_multihead_shared,S0,age_temporal,0,gate_surface_rmse,0.06516672686915669
D01_multihead_shared,S0,age_temporal,0,gate_surface_mae,0.058604205665747804
D01_multihead_shared,S0,age_temporal,0,gate_surface_correlation,0.9971810382805045
D01_multihead_shared,S0,age_temporal,0,beta_mean,0.0015266059199348092
D01_multihead_shared,S0,age_temporal,0,abs_beta_mean,0.0015266059199348092
D01_multihead_shared,S0,age_temporal,0,content_free_lambda_rmse,0.15551254431661266
D01_multihead_shared,S0,age_temporal,0,effective_n_heads,3.994981520442989
D01_multihead_shared,S0,age_temporal,0,head_ablation_delta_bce_0,0.0198618505764947
D01_multihead_shared,S0,age_temporal,0,head_ablation_delta_bce_1,0.020567033374642163
D01_multihead_shared,S0,age_temporal,0,head_ablation_delta_bce_2,0.015717415039235905
D01_multihead_shared,S0,age_temporal,0,head_ablation_delta_bce_3,0.020655117082822527
D01_multihead_shared,S0,age_temporal,1,bce,0.48078998902011544
D01_multihead_shared,S0,age_temporal,1,auroc,0.7329323346008824
D01_multihead_shared,S0,age_temporal,1,auprc,0.5287704594006036
D01_multihead_shared,S0,age_temporal,1,surface_rmse,0.15043778555017778
D01_multihead_shared,S0,age_temporal,1,cf_rmse_age,0.09359116404649387
D01_multihead_shared,S0,age_temporal,1,cf_rmse_lag,0.11475822857443634
D01_multihead_shared,S0,age_temporal,1,delta_bce_beta0,-2.1166177741394065e-05
D01_multihead_shared,S0,age_temporal,1,delta_bce_full_age_shuffle,0.002292469622357185
D01_multihead_shared,S0,age_temporal,1,delta_bce_gate_age_shuffle,-1.753017664651857e-05
D01_multihead_shared,S0,age_temporal,1,gate_signal_rmse,0.09044818220133231
D01_multihead_shared,S0,age_temporal,1,gate_signal_mae,0.049107170411740335
D01_multihead_shared,S0,age_temporal,1,gate_signal_correlation,0.9160298683332919
D01_multihead_shared,S0,age_temporal,1,gate_surface_rmse,0.04353289090350998
D01_multihead_shared,S0,age_temporal,1,gate_surface_mae,0.038871109242463064
D01_multihead_shared,S0,age_temporal,1,gate_surface_correlation,0.9986069463900117
D01_multihead_shared,S0,age_temporal,1,beta_mean,0.021970806643366814
D01_multihead_shared,S0,age_temporal,1,abs_beta_mean,0.021970806643366814
D01_multihead_shared,S0,age_temporal,1,content_free_lambda_rmse,0.10990905367052425
D01_multihead_shared,S0,age_temporal,1,effective_n_heads,3.992932835809997
D01_multihead_shared,S0,age_temporal,1,head_ablation_delta_bce_0,0.012325424342620572
D01_multihead_shared,S0,age_temporal,1,head_ablation_delta_bce_1,0.021195451893194994
D01_multihead_shared,S0,age_temporal,1,head_ablation_delta_bce_2,0.02461554470261823
D01_multihead_shared,S0,age_temporal,1,head_ablation_delta_bce_3,0.026513492805598504
D01_multihead_shared,S0,age_temporal,2,bce,0.48060160358778736
D01_multihead_shared,S0,age_temporal,2,auroc,0.7339268225024749
D01_multihead_shared,S0,age_temporal,2,auprc,0.5294189912862535
D01_multihead_shared,S0,age_temporal,2,surface_rmse,0.15757237826912524
D01_multihead_shared,S0,age_temporal,2,cf_rmse_age,0.0875482121065277
D01_multihead_shared,S0,age_temporal,2,cf_rmse_lag,0.12362606740439831
D01_multihead_shared,S0,age_temporal,2,delta_bce_beta0,2.711629955964856e-06
D01_multihead_shared,S0,age_temporal,2,delta_bce_full_age_shuffle,0.004992165534787207
D01_multihead_shared,S0,age_temporal,2,delta_bce_gate_age_shuffle,1.202564883950874e-06
D01_multihead_shared,S0,age_temporal,2,gate_signal_rmse,0.07719833262636049
D01_multihead_shared,S0,age_temporal,2,gate_signal_mae,0.04876112433798556
D01_multihead_shared,S0,age_temporal,2,gate_signal_correlation,0.9423346553048751
D01_multihead_shared,S0,age_temporal,2,gate_surface_rmse,0.03932036492845252
D01_multihead_shared,S0,age_temporal,2,gate_surface_mae,0.03513261745971023
D01_multihead_shared,S0,age_temporal,2,gate_surface_correlation,0.9988679504887613
D01_multihead_shared,S0,age_temporal,2,beta_mean,-0.0028520117048174143
D01_multihead_shared,S0,age_temporal,2,abs_beta_mean,0.0028520117048174143
D01_multihead_shared,S0,age_temporal,2,content_free_lambda_rmse,0.10047987532437652
D01_multihead_shared,S0,age_temporal,2,effective_n_heads,3.9796466243231285
D01_multihead_shared,S0,age_temporal,2,head_ablation_delta_bce_0,0.04234833830726703
D01_multihead_shared,S0,age_temporal,2,head_ablation_delta_bce_1,0.01400917595321527
D01_multihead_shared,S0,age_temporal,2,head_ablation_delta_bce_2,0.02615845183444898
D01_multihead_shared,S0,age_temporal,2,head_ablation_delta_bce_3,0.02394593915123755
D01_multihead_shared,S0,age_temporal,3,bce,0.4810548905976027
D01_multihead_shared,S0,age_temporal,3,auroc,0.7326064548624307
D01_multihead_shared,S0,age_temporal,3,auprc,0.5281667800582767
D01_multihead_shared,S0,age_temporal,3,surface_rmse,0.13968969886029922
D01_multihead_shared,S0,age_temporal,3,cf_rmse_age,0.11739050987681836
D01_multihead_shared,S0,age_temporal,3,cf_rmse_lag,0.1154317172146921
D01_multihead_shared,S0,age_temporal,3,delta_bce_beta0,-6.548983252752105e-06
D01_multihead_shared,S0,age_temporal,3,delta_bce_full_age_shuffle,0.00513991358396082
D01_multihead_shared,S0,age_temporal,3,delta_bce_gate_age_shuffle,2.904941088177626e-06
D01_multihead_shared,S0,age_temporal,3,gate_signal_rmse,0.07091608634873539
D01_multihead_shared,S0,age_temporal,3,gate_signal_mae,0.04512506317821026
D01_multihead_shared,S0,age_temporal,3,gate_signal_correlation,0.9436281844699921
D01_multihead_shared,S0,age_temporal,3,gate_surface_rmse,0.04587181559044757
D01_multihead_shared,S0,age_temporal,3,gate_surface_mae,0.04105076197536584
D01_multihead_shared,S0,age_temporal,3,gate_surface_correlation,0.9984939667185495
D01_multihead_shared,S0,age_temporal,3,beta_mean,0.008371621370315552
D01_multihead_shared,S0,age_temporal,3,abs_beta_mean,0.008371621370315552
D01_multihead_shared,S0,age_temporal,3,content_free_lambda_rmse,0.11514067214739229
D01_multihead_shared,S0,age_temporal,3,effective_n_heads,3.989628177438359
D01_multihead_shared,S0,age_temporal,3,head_ablation_delta_bce_0,0.014756461269291199
D01_multihead_shared,S0,age_temporal,3,head_ablation_delta_bce_1,0.03416448977263081
D01_multihead_shared,S0,age_temporal,3,head_ablation_delta_bce_2,0.01411744035031176
D01_multihead_shared,S0,age_temporal,3,head_ablation_delta_bce_3,0.0246196241780115
D01_multihead_shared,S0,age_temporal,4,bce,0.4818297916505307
D01_multihead_shared,S0,age_temporal,4,auroc,0.7315232737170856
D01_multihead_shared,S0,age_temporal,4,auprc,0.5259059270035618
D01_multihead_shared,S0,age_temporal,4,surface_rmse,0.140502677774038
D01_multihead_shared,S0,age_temporal,4,cf_rmse_age,0.06222993691644392
D01_multihead_shared,S0,age_temporal,4,cf_rmse_lag,0.10844223898265898
D01_multihead_shared,S0,age_temporal,4,delta_bce_beta0,-1.894854127326706e-06
D01_multihead_shared,S0,age_temporal,4,delta_bce_full_age_shuffle,0.00556908950941748
D01_multihead_shared,S0,age_temporal,4,delta_bce_gate_age_shuffle,-1.6340997682773306e-07
D01_multihead_shared,S0,age_temporal,4,gate_signal_rmse,0.0897558577191594
D01_multihead_shared,S0,age_temporal,4,gate_signal_mae,0.05160219282516565
D01_multihead_shared,S0,age_temporal,4,gate_signal_correlation,0.9201767135834705
D01_multihead_shared,S0,age_temporal,4,gate_surface_rmse,0.04259386090742414
D01_multihead_shared,S0,age_temporal,4,gate_surface_mae,0.038092763292295224
D01_multihead_shared,S0,age_temporal,4,gate_surface_correlation,0.9986885981932195
D01_multihead_shared,S0,age_temporal,4,beta_mean,0.0017263478366658092
D01_multihead_shared,S0,age_temporal,4,abs_beta_mean,0.0017263478366658092
D01_multihead_shared,S0,age_temporal,4,content_free_lambda_rmse,0.10787504756812494
D01_multihead_shared,S0,age_temporal,4,effective_n_heads,3.98982149391314
D01_multihead_shared,S0,age_temporal,4,head_ablation_delta_bce_0,0.025025926200510307
D01_multihead_shared,S0,age_temporal,4,head_ablation_delta_bce_1,0.01977206511242896
D01_multihead_shared,S0,age_temporal,4,head_ablation_delta_bce_2,0.03550135020181516
D01_multihead_shared,S0,age_temporal,4,head_ablation_delta_bce_3,0.014113882290798796
D01_multihead_shared,S0,temporal_only,0,bce,0.48038606291979646
D01_multihead_shared,S0,temporal_only,0,auroc,0.733449781091703
D01_multihead_shared,S0,temporal_only,0,auprc,0.529651121038485
D01_multihead_shared,S0,temporal_only,0,surface_rmse,0.1443292509911892
D01_multihead_shared,S0,temporal_only,0,cf_rmse_age,0.10858025865533481
D01_multihead_shared,S0,temporal_only,0,cf_rmse_lag,0.11522897895108593
D01_multihead_shared,S0,temporal_only,0,delta_bce_beta0,0.0
D01_multihead_shared,S0,temporal_only,0,delta_bce_full_age_shuffle,0.005036336341439185
D01_multihead_shared,S0,temporal_only,0,delta_bce_gate_age_shuffle,0.0
D01_multihead_shared,S0,temporal_only,0,gate_signal_rmse,0.05744320742996664
D01_multihead_shared,S0,temporal_only,0,gate_signal_mae,0.03929821018641884
D01_multihead_shared,S0,temporal_only,0,gate_signal_correlation,0.9650945913538678
D01_multihead_shared,S0,temporal_only,0,gate_surface_rmse,0.06477665228932636
D01_multihead_shared,S0,temporal_only,0,gate_surface_mae,0.058248649146058484
D01_multihead_shared,S0,temporal_only,0,gate_surface_correlation,0.9972108126383554
D01_multihead_shared,S0,temporal_only,0,beta_mean,0.0
D01_multihead_shared,S0,temporal_only,0,abs_beta_mean,0.0
D01_multihead_shared,S0,temporal_only,0,content_free_lambda_rmse,0.1547359209087612
D01_multihead_shared,S0,temporal_only,0,effective_n_heads,3.994980610507462
D01_multihead_shared,S0,temporal_only,0,head_ablation_delta_bce_0,0.019805400068526602
D01_multihead_shared,S0,temporal_only,0,head_ablation_delta_bce_1,0.020600014399922095
D01_multihead_shared,S0,temporal_only,0,head_ablation_delta_bce_2,0.015707056937783903
D01_multihead_shared,S0,temporal_only,0,head_ablation_delta_bce_3,0.020650249652365615
D01_multihead_shared,S0,temporal_only,1,bce,0.48078800639332464
D01_multihead_shared,S0,temporal_only,1,auroc,0.7329242731337471
D01_multihead_shared,S0,temporal_only,1,auprc,0.5287617155598502
D01_multihead_shared,S0,temporal_only,1,surface_rmse,0.15053191515923575
D01_multihead_shared,S0,temporal_only,1,cf_rmse_age,0.09365456541991424
D01_multihead_shared,S0,temporal_only,1,cf_rmse_lag,0.11471759288804527
D01_multihead_shared,S0,temporal_only,1,delta_bce_beta0,0.0
D01_multihead_shared,S0,temporal_only,1,delta_bce_full_age_shuffle,0.002293097960833379
D01_multihead_shared,S0,temporal_only,1,delta_bce_gate_age_shuffle,0.0
D01_multihead_shared,S0,temporal_only,1,gate_signal_rmse,0.09049736424121148
D01_multihead_shared,S0,temporal_only,1,gate_signal_mae,0.04913114453104102
D01_multihead_shared,S0,temporal_only,1,gate_signal_correlation,0.9160764210007236
D01_multihead_shared,S0,temporal_only,1,gate_surface_rmse,0.04327611057273448
D01_multihead_shared,S0,temporal_only,1,gate_surface_mae,0.03871051740700279
D01_multihead_shared,S0,temporal_only,1,gate_surface_correlation,0.9986499670935848
D01_multihead_shared,S0,temporal_only,1,beta_mean,0.0
D01_multihead_shared,S0,temporal_only,1,abs_beta_mean,0.0
D01_multihead_shared,S0,temporal_only,1,content_free_lambda_rmse,0.10940009165079612
D01_multihead_shared,S0,temporal_only,1,effective_n_heads,3.9929527965451186
D01_multihead_shared,S0,temporal_only,1,head_ablation_delta_bce_0,0.012316322830464577
D01_multihead_shared,S0,temporal_only,1,head_ablation_delta_bce_1,0.021171919926154525
D01_multihead_shared,S0,temporal_only,1,head_ablation_delta_bce_2,0.0246034237784426
D01_multihead_shared,S0,temporal_only,1,head_ablation_delta_bce_3,0.02651692286463614
D01_multihead_shared,S0,temporal_only,2,bce,0.4806024266484472
D01_multihead_shared,S0,temporal_only,2,auroc,0.7339252366000284
D01_multihead_shared,S0,temporal_only,2,auprc,0.5294196288162801
D01_multihead_shared,S0,temporal_only,2,surface_rmse,0.15758684992989658
D01_multihead_shared,S0,temporal_only,2,cf_rmse_age,0.08755594118736994
D01_multihead_shared,S0,temporal_only,2,cf_rmse_lag,0.12365091152939668
D01_multihead_shared,S0,temporal_only,2,delta_bce_beta0,0.0
D01_multihead_shared,S0,temporal_only,2,delta_bce_full_age_shuffle,0.004998992040936234
D01_multihead_shared,S0,temporal_only,2,delta_bce_gate_age_shuffle,0.0
D01_multihead_shared,S0,temporal_only,2,gate_signal_rmse,0.07711895239347916
D01_multihead_shared,S0,temporal_only,2,gate_signal_mae,0.048706885459469
D01_multihead_shared,S0,temporal_only,2,gate_signal_correlation,0.9424684226714222
D01_multihead_shared,S0,temporal_only,2,gate_surface_rmse,0.039319637134259525
D01_multihead_shared,S0,temporal_only,2,gate_surface_mae,0.03513326805391437
D01_multihead_shared,S0,temporal_only,2,gate_surface_correlation,0.9988684516678029
D01_multihead_shared,S0,temporal_only,2,beta_mean,0.0
D01_multihead_shared,S0,temporal_only,2,abs_beta_mean,0.0
D01_multihead_shared,S0,temporal_only,2,content_free_lambda_rmse,0.1004793028858425
D01_multihead_shared,S0,temporal_only,2,effective_n_heads,3.9796194868054537
D01_multihead_shared,S0,temporal_only,2,head_ablation_delta_bce_0,0.04236955269903653
D01_multihead_shared,S0,temporal_only,2,head_ablation_delta_bce_1,0.014004682349379904
D01_multihead_shared,S0,temporal_only,2,head_ablation_delta_bce_2,0.026161824872495076
D01_multihead_shared,S0,temporal_only,2,head_ablation_delta_bce_3,0.023942440512658925
D01_multihead_shared,S0,temporal_only,3,bce,0.4810469339669593
D01_multihead_shared,S0,temporal_only,3,auroc,0.7326088324942956
D01_multihead_shared,S0,temporal_only,3,auprc,0.5281785091581208
D01_multihead_shared,S0,temporal_only,3,surface_rmse,0.1396477119445454
D01_multihead_shared,S0,temporal_only,3,cf_rmse_age,0.11726188835387405
D01_multihead_shared,S0,temporal_only,3,cf_rmse_lag,0.11532275122701013
D01_multihead_shared,S0,temporal_only,3,delta_bce_beta0,0.0
D01_multihead_shared,S0,temporal_only,3,delta_bce_full_age_shuffle,0.005129270365414329
D01_multihead_shared,S0,temporal_only,3,delta_bce_gate_age_shuffle,0.0
D01_multihead_shared,S0,temporal_only,3,gate_signal_rmse,0.07086759196535895
D01_multihead_shared,S0,temporal_only,3,gate_signal_mae,0.045101311307397376
D01_multihead_shared,S0,temporal_only,3,gate_signal_correlation,0.9436914625507534
D01_multihead_shared,S0,temporal_only,3,gate_surface_rmse,0.04551795263704182
D01_multihead_shared,S0,temporal_only,3,gate_surface_mae,0.0407402223087054
D01_multihead_shared,S0,temporal_only,3,gate_surface_correlation,0.9985192300292686
D01_multihead_shared,S0,temporal_only,3,beta_mean,0.0
D01_multihead_shared,S0,temporal_only,3,abs_beta_mean,0.0
D01_multihead_shared,S0,temporal_only,3,content_free_lambda_rmse,0.11437070179255027
D01_multihead_shared,S0,temporal_only,3,effective_n_heads,3.9896206692095855
D01_multihead_shared,S0,temporal_only,3,head_ablation_delta_bce_0,0.014774026194010248
D01_multihead_shared,S0,temporal_only,3,head_ablation_delta_bce_1,0.034192623794306765
D01_multihead_shared,S0,temporal_only,3,head_ablation_delta_bce_2,0.014109575637764715
D01_multihead_shared,S0,temporal_only,3,head_ablation_delta_bce_3,0.024625460691591883
D01_multihead_shared,S0,temporal_only,4,bce,0.4818282948930422
D01_multihead_shared,S0,temporal_only,4,auroc,0.7315266727776448
D01_multihead_shared,S0,temporal_only,4,auprc,0.5259101692874805
D01_multihead_shared,S0,temporal_only,4,surface_rmse,0.14049903859557825
D01_multihead_shared,S0,temporal_only,4,cf_rmse_age,0.06217317241551669
D01_multihead_shared,S0,temporal_only,4,cf_rmse_lag,0.10842088272374886
D01_multihead_shared,S0,temporal_only,4,delta_bce_beta0,0.0
D01_multihead_shared,S0,temporal_only,4,delta_bce_full_age_shuffle,0.005569611443415279
D01_multihead_shared,S0,temporal_only,4,delta_bce_gate_age_shuffle,0.0
D01_multihead_shared,S0,temporal_only,4,gate_signal_rmse,0.08973153506358918
D01_multihead_shared,S0,temporal_only,4,gate_signal_mae,0.05158466640238895
D01_multihead_shared,S0,temporal_only,4,gate_signal_correlation,0.9202222180443728
D01_multihead_shared,S0,temporal_only,4,gate_surface_rmse,0.04237787461704301
D01_multihead_shared,S0,temporal_only,4,gate_surface_mae,0.03789782631893262
D01_multihead_shared,S0,temporal_only,4,gate_surface_correlation,0.9987009597695927
D01_multihead_shared,S0,temporal_only,4,beta_mean,0.0
D01_multihead_shared,S0,temporal_only,4,abs_beta_mean,0.0
D01_multihead_shared,S0,temporal_only,4,content_free_lambda_rmse,0.10739159393579978
D01_multihead_shared,S0,temporal_only,4,effective_n_heads,3.989822036479853
D01_multihead_shared,S0,temporal_only,4,head_ablation_delta_bce_0,0.02504190411404522
D01_multihead_shared,S0,temporal_only,4,head_ablation_delta_bce_1,0.019770856509069012
D01_multihead_shared,S0,temporal_only,4,head_ablation_delta_bce_2,0.03549901374467718
D01_multihead_shared,S0,temporal_only,4,head_ablation_delta_bce_3,0.014114527146298239
D01_multihead_shared,S1,age_temporal,0,bce,0.4794033411951005
D01_multihead_shared,S1,age_temporal,0,auroc,0.7437871561239494
D01_multihead_shared,S1,age_temporal,0,auprc,0.5405615332111163
D01_multihead_shared,S1,age_temporal,0,surface_rmse,0.13870936332309083
D01_multihead_shared,S1,age_temporal,0,cf_rmse_age,0.13251458127888643
D01_multihead_shared,S1,age_temporal,0,cf_rmse_lag,0.0868078147281924
D01_multihead_shared,S1,age_temporal,0,delta_bce_beta0,0.0001979953677141988
D01_multihead_shared,S1,age_temporal,0,delta_bce_full_age_shuffle,0.008438160616225432
D01_multihead_shared,S1,age_temporal,0,delta_bce_gate_age_shuffle,0.00024705356151100144
D01_multihead_shared,S1,age_temporal,0,gate_signal_rmse,0.049698534540507135
D01_multihead_shared,S1,age_temporal,0,gate_signal_mae,0.03306651003857589
D01_multihead_shared,S1,age_temporal,0,gate_signal_correlation,0.9789342802935407
D01_multihead_shared,S1,age_temporal,0,gate_surface_rmse,0.06267210518199302
D01_multihead_shared,S1,age_temporal,0,gate_surface_mae,0.05559285245171097
D01_multihead_shared,S1,age_temporal,0,gate_surface_correlation,0.9969376258126709
D01_multihead_shared,S1,age_temporal,0,beta_mean,0.08031733334064484
D01_multihead_shared,S1,age_temporal,0,abs_beta_mean,0.08031733334064484
D01_multihead_shared,S1,age_temporal,0,content_free_lambda_rmse,0.14973539578908396
D01_multihead_shared,S1,age_temporal,0,effective_n_heads,3.997921112726705
D01_multihead_shared,S1,age_temporal,0,head_ablation_delta_bce_0,0.01482486184438181
D01_multihead_shared,S1,age_temporal,0,head_ablation_delta_bce_1,0.03245013530395496
D01_multihead_shared,S1,age_temporal,0,head_ablation_delta_bce_2,0.020546156763817047
D01_multihead_shared,S1,age_temporal,0,head_ablation_delta_bce_3,0.014180105841061441
D01_multihead_shared,S1,age_temporal,1,bce,0.479420967229041
D01_multihead_shared,S1,age_temporal,1,auroc,0.7429709800359292
D01_multihead_shared,S1,age_temporal,1,auprc,0.541715757770959
D01_multihead_shared,S1,age_temporal,1,surface_rmse,0.17390772137285318
D01_multihead_shared,S1,age_temporal,1,cf_rmse_age,0.12839824946241843
D01_multihead_shared,S1,age_temporal,1,cf_rmse_lag,0.11925134063469163
D01_multihead_shared,S1,age_temporal,1,delta_bce_beta0,0.00014621819930787927
D01_multihead_shared,S1,age_temporal,1,delta_bce_full_age_shuffle,0.006684552351036488
D01_multihead_shared,S1,age_temporal,1,delta_bce_gate_age_shuffle,0.00013707348422326016
D01_multihead_shared,S1,age_temporal,1,gate_signal_rmse,0.05176381477772687
D01_multihead_shared,S1,age_temporal,1,gate_signal_mae,0.03722778372766517
D01_multihead_shared,S1,age_temporal,1,gate_signal_correlation,0.9808889374946937
D01_multihead_shared,S1,age_temporal,1,gate_surface_rmse,0.06025910370876963
D01_multihead_shared,S1,age_temporal,1,gate_surface_mae,0.053772912797047795
D01_multihead_shared,S1,age_temporal,1,gate_surface_correlation,0.997344095032038
D01_multihead_shared,S1,age_temporal,1,beta_mean,0.05525723099708557
D01_multihead_shared,S1,age_temporal,1,abs_beta_mean,0.05525723099708557
D01_multihead_shared,S1,age_temporal,1,content_free_lambda_rmse,0.14524888941610212
D01_multihead_shared,S1,age_temporal,1,effective_n_heads,3.987198771435987
D01_multihead_shared,S1,age_temporal,1,head_ablation_delta_bce_0,0.015989040695479906
D01_multihead_shared,S1,age_temporal,1,head_ablation_delta_bce_1,0.02366789881926018
D01_multihead_shared,S1,age_temporal,1,head_ablation_delta_bce_2,0.012508475866597313
D01_multihead_shared,S1,age_temporal,1,head_ablation_delta_bce_3,0.020341707311528012
D01_multihead_shared,S1,age_temporal,2,bce,0.4798355092723914
D01_multihead_shared,S1,age_temporal,2,auroc,0.743255900060074
D01_multihead_shared,S1,age_temporal,2,auprc,0.5394676423237728
D01_multihead_shared,S1,age_temporal,2,surface_rmse,0.16252517023075275
D01_multihead_shared,S1,age_temporal,2,cf_rmse_age,0.1371869618278069
D01_multihead_shared,S1,age_temporal,2,cf_rmse_lag,0.1133370030790437
D01_multihead_shared,S1,age_temporal,2,delta_bce_beta0,9.686463132146939e-05
D01_multihead_shared,S1,age_temporal,2,delta_bce_full_age_shuffle,0.011875401475973713
D01_multihead_shared,S1,age_temporal,2,delta_bce_gate_age_shuffle,0.00013979966974569935
D01_multihead_shared,S1,age_temporal,2,gate_signal_rmse,0.04557294049011603
D01_multihead_shared,S1,age_temporal,2,gate_signal_mae,0.03311741672714036
D01_multihead_shared,S1,age_temporal,2,gate_signal_correlation,0.9831540086224928
D01_multihead_shared,S1,age_temporal,2,gate_surface_rmse,0.039072085246230105
D01_multihead_shared,S1,age_temporal,2,gate_surface_mae,0.034707325648918284
D01_multihead_shared,S1,age_temporal,2,gate_surface_correlation,0.9988107699791178
D01_multihead_shared,S1,age_temporal,2,beta_mean,0.03535625338554382
D01_multihead_shared,S1,age_temporal,2,abs_beta_mean,0.03535625338554382
D01_multihead_shared,S1,age_temporal,2,content_free_lambda_rmse,0.09974894041594627
D01_multihead_shared,S1,age_temporal,2,effective_n_heads,3.9881520631672376
D01_multihead_shared,S1,age_temporal,2,head_ablation_delta_bce_0,0.02586873370078757
D01_multihead_shared,S1,age_temporal,2,head_ablation_delta_bce_1,0.009352483771982611
D01_multihead_shared,S1,age_temporal,2,head_ablation_delta_bce_2,0.025229989771581973
D01_multihead_shared,S1,age_temporal,2,head_ablation_delta_bce_3,0.02829311529974854
D01_multihead_shared,S1,age_temporal,3,bce,0.47975591415749674
D01_multihead_shared,S1,age_temporal,3,auroc,0.7433570972526432
D01_multihead_shared,S1,age_temporal,3,auprc,0.5391783998170027
D01_multihead_shared,S1,age_temporal,3,surface_rmse,0.1296557257467779
D01_multihead_shared,S1,age_temporal,3,cf_rmse_age,0.12201077263731525
D01_multihead_shared,S1,age_temporal,3,cf_rmse_lag,0.091766223694816
D01_multihead_shared,S1,age_temporal,3,delta_bce_beta0,0.00014248748921941168
D01_multihead_shared,S1,age_temporal,3,delta_bce_full_age_shuffle,0.011776693994103749
D01_multihead_shared,S1,age_temporal,3,delta_bce_gate_age_shuffle,0.00011308966581985436
D01_multihead_shared,S1,age_temporal,3,gate_signal_rmse,0.05221650513655923
D01_multihead_shared,S1,age_temporal,3,gate_signal_mae,0.03560859563691233
D01_multihead_shared,S1,age_temporal,3,gate_signal_correlation,0.978973569016967
D01_multihead_shared,S1,age_temporal,3,gate_surface_rmse,0.052138679131781676
D01_multihead_shared,S1,age_temporal,3,gate_surface_mae,0.04651388184394306
D01_multihead_shared,S1,age_temporal,3,gate_surface_correlation,0.9979945475159282
D01_multihead_shared,S1,age_temporal,3,beta_mean,0.04218320548534393
D01_multihead_shared,S1,age_temporal,3,abs_beta_mean,0.04218320548534393
D01_multihead_shared,S1,age_temporal,3,content_free_lambda_rmse,0.12848139204928505
D01_multihead_shared,S1,age_temporal,3,effective_n_heads,3.9927511589777067
D01_multihead_shared,S1,age_temporal,3,head_ablation_delta_bce_0,0.016037729945018953
D01_multihead_shared,S1,age_temporal,3,head_ablation_delta_bce_1,0.013638592702894858
D01_multihead_shared,S1,age_temporal,3,head_ablation_delta_bce_2,0.02368250636677116
D01_multihead_shared,S1,age_temporal,3,head_ablation_delta_bce_3,0.013246371464476714
D01_multihead_shared,S1,age_temporal,4,bce,0.478980675605542
D01_multihead_shared,S1,age_temporal,4,auroc,0.7438685649733958
D01_multihead_shared,S1,age_temporal,4,auprc,0.5428902289252517
D01_multihead_shared,S1,age_temporal,4,surface_rmse,0.17872520386927582
D01_multihead_shared,S1,age_temporal,4,cf_rmse_age,0.14740959440017048
D01_multihead_shared,S1,age_temporal,4,cf_rmse_lag,0.11885550497502086
D01_multihead_shared,S1,age_temporal,4,delta_bce_beta0,0.00013113516798723968
D01_multihead_shared,S1,age_temporal,4,delta_bce_full_age_shuffle,0.007876354697044119
D01_multihead_shared,S1,age_temporal,4,delta_bce_gate_age_shuffle,0.00013973963197738692
D01_multihead_shared,S1,age_temporal,4,gate_signal_rmse,0.04996454672460206
D01_multihead_shared,S1,age_temporal,4,gate_signal_mae,0.03427412170442562
D01_multihead_shared,S1,age_temporal,4,gate_signal_correlation,0.9822058252247747
D01_multihead_shared,S1,age_temporal,4,gate_surface_rmse,0.05872445455644432
D01_multihead_shared,S1,age_temporal,4,gate_surface_mae,0.052372429311070993
D01_multihead_shared,S1,age_temporal,4,gate_surface_correlation,0.9974581892584384
D01_multihead_shared,S1,age_temporal,4,beta_mean,0.054990895092487335
D01_multihead_shared,S1,age_temporal,4,abs_beta_mean,0.054990895092487335
D01_multihead_shared,S1,age_temporal,4,content_free_lambda_rmse,0.14210760840761452
D01_multihead_shared,S1,age_temporal,4,effective_n_heads,3.9815747238692136
D01_multihead_shared,S1,age_temporal,4,head_ablation_delta_bce_0,0.026451089031637787
D01_multihead_shared,S1,age_temporal,4,head_ablation_delta_bce_1,0.031513965036295166
D01_multihead_shared,S1,age_temporal,4,head_ablation_delta_bce_2,0.01343921887384164
D01_multihead_shared,S1,age_temporal,4,head_ablation_delta_bce_3,0.019099912996448976
D01_multihead_shared,S1,temporal_only,0,bce,0.4795100269540936
D01_multihead_shared,S1,temporal_only,0,auroc,0.7435731412879621
D01_multihead_shared,S1,temporal_only,0,auprc,0.5403801515109004
D01_multihead_shared,S1,temporal_only,0,surface_rmse,0.13808825020532764
D01_multihead_shared,S1,temporal_only,0,cf_rmse_age,0.1321106774816439
D01_multihead_shared,S1,temporal_only,0,cf_rmse_lag,0.08724341366977371
D01_multihead_shared,S1,temporal_only,0,delta_bce_beta0,0.0
D01_multihead_shared,S1,temporal_only,0,delta_bce_full_age_shuffle,0.008357296585065177
D01_multihead_shared,S1,temporal_only,0,delta_bce_gate_age_shuffle,0.0
D01_multihead_shared,S1,temporal_only,0,gate_signal_rmse,0.049589348215868356
D01_multihead_shared,S1,temporal_only,0,gate_signal_mae,0.032460316073455085
D01_multihead_shared,S1,temporal_only,0,gate_signal_correlation,0.9795308745049583
D01_multihead_shared,S1,temporal_only,0,gate_surface_rmse,0.06079121444292629
D01_multihead_shared,S1,temporal_only,0,gate_surface_mae,0.05461573656858132
D01_multihead_shared,S1,temporal_only,0,gate_surface_correlation,0.9975067846485802
D01_multihead_shared,S1,temporal_only,0,beta_mean,0.0
D01_multihead_shared,S1,temporal_only,0,abs_beta_mean,0.0
D01_multihead_shared,S1,temporal_only,0,content_free_lambda_rmse,0.14670949983866233
D01_multihead_shared,S1,temporal_only,0,effective_n_heads,3.997996285495233
D01_multihead_shared,S1,temporal_only,0,head_ablation_delta_bce_0,0.014728605567071229
D01_multihead_shared,S1,temporal_only,0,head_ablation_delta_bce_1,0.03223304352707368
D01_multihead_shared,S1,temporal_only,0,head_ablation_delta_bce_2,0.02052832925414494
D01_multihead_shared,S1,temporal_only,0,head_ablation_delta_bce_3,0.014167798111653751
D01_multihead_shared,S1,temporal_only,1,bce,0.47949888243594097
D01_multihead_shared,S1,temporal_only,1,auroc,0.7428373424180733
D01_multihead_shared,S1,temporal_only,1,auprc,0.5415646422552933
D01_multihead_shared,S1,temporal_only,1,surface_rmse,0.17282161117847092
D01_multihead_shared,S1,temporal_only,1,cf_rmse_age,0.12712686303395457
D01_multihead_shared,S1,temporal_only,1,cf_rmse_lag,0.11971483742991208
D01_multihead_shared,S1,temporal_only,1,delta_bce_beta0,0.0
D01_multihead_shared,S1,temporal_only,1,delta_bce_full_age_shuffle,0.006682160699308604
D01_multihead_shared,S1,temporal_only,1,delta_bce_gate_age_shuffle,0.0
D01_multihead_shared,S1,temporal_only,1,gate_signal_rmse,0.051668863968622906
D01_multihead_shared,S1,temporal_only,1,gate_signal_mae,0.0373168322294875
D01_multihead_shared,S1,temporal_only,1,gate_signal_correlation,0.9812672298148156
D01_multihead_shared,S1,temporal_only,1,gate_surface_rmse,0.05786940449507517
D01_multihead_shared,S1,temporal_only,1,gate_surface_mae,0.05195537235644696
D01_multihead_shared,S1,temporal_only,1,gate_surface_correlation,0.997715867410279
D01_multihead_shared,S1,temporal_only,1,beta_mean,0.0
D01_multihead_shared,S1,temporal_only,1,abs_beta_mean,0.0
D01_multihead_shared,S1,temporal_only,1,content_free_lambda_rmse,0.14072048473627585
D01_multihead_shared,S1,temporal_only,1,effective_n_heads,3.9873293861464907
D01_multihead_shared,S1,temporal_only,1,head_ablation_delta_bce_0,0.015938782272047536
D01_multihead_shared,S1,temporal_only,1,head_ablation_delta_bce_1,0.02356469270739825
D01_multihead_shared,S1,temporal_only,1,head_ablation_delta_bce_2,0.01240495358197874
D01_multihead_shared,S1,temporal_only,1,head_ablation_delta_bce_3,0.020243570350834905
D01_multihead_shared,S1,temporal_only,2,bce,0.479880787629481
D01_multihead_shared,S1,temporal_only,2,auroc,0.7431792138436047
D01_multihead_shared,S1,temporal_only,2,auprc,0.5393768606993494
D01_multihead_shared,S1,temporal_only,2,surface_rmse,0.16202070889323042
D01_multihead_shared,S1,temporal_only,2,cf_rmse_age,0.13678629863567043
D01_multihead_shared,S1,temporal_only,2,cf_rmse_lag,0.11330630402736445
D01_multihead_shared,S1,temporal_only,2,delta_bce_beta0,0.0
D01_multihead_shared,S1,temporal_only,2,delta_bce_full_age_shuffle,0.01170063894364859
D01_multihead_shared,S1,temporal_only,2,delta_bce_gate_age_shuffle,0.0
D01_multihead_shared,S1,temporal_only,2,gate_signal_rmse,0.04545246549376043
D01_multihead_shared,S1,temporal_only,2,gate_signal_mae,0.03311771436295815
D01_multihead_shared,S1,temporal_only,2,gate_signal_correlation,0.9833533992452962
D01_multihead_shared,S1,temporal_only,2,gate_surface_rmse,0.038246647499803006
D01_multihead_shared,S1,temporal_only,2,gate_surface_mae,0.03416422594477995
D01_multihead_shared,S1,temporal_only,2,gate_surface_correlation,0.9989249238768579
D01_multihead_shared,S1,temporal_only,2,beta_mean,0.0
D01_multihead_shared,S1,temporal_only,2,abs_beta_mean,0.0
D01_multihead_shared,S1,temporal_only,2,content_free_lambda_rmse,0.09802663135797997
D01_multihead_shared,S1,temporal_only,2,effective_n_heads,3.988180316927967
D01_multihead_shared,S1,temporal_only,2,head_ablation_delta_bce_0,0.0259599941136342
D01_multihead_shared,S1,temporal_only,2,head_ablation_delta_bce_1,0.00932562102104928
D01_multihead_shared,S1,temporal_only,2,head_ablation_delta_bce_2,0.025325193128416468
D01_multihead_shared,S1,temporal_only,2,head_ablation_delta_bce_3,0.028183220225879657
D01_multihead_shared,S1,temporal_only,3,bce,0.4798105543044959
D01_multihead_shared,S1,temporal_only,3,auroc,0.7430373767032695
D01_multihead_shared,S1,temporal_only,3,auprc,0.5392080637525685
D01_multihead_shared,S1,temporal_only,3,surface_rmse,0.12751099820525877
D01_multihead_shared,S1,temporal_only,3,cf_rmse_age,0.12297562819483808
D01_multihead_shared,S1,temporal_only,3,cf_rmse_lag,0.09198920295549916
D01_multihead_shared,S1,temporal_only,3,delta_bce_beta0,0.0
D01_multihead_shared,S1,temporal_only,3,delta_bce_full_age_shuffle,0.011498080768590269
D01_multihead_shared,S1,temporal_only,3,delta_bce_gate_age_shuffle,0.0
D01_multihead_shared,S1,temporal_only,3,gate_signal_rmse,0.048701154936650545
D01_multihead_shared,S1,temporal_only,3,gate_signal_mae,0.034445371802376605
D01_multihead_shared,S1,temporal_only,3,gate_signal_correlation,0.9794051746816181
D01_multihead_shared,S1,temporal_only,3,gate_surface_rmse,0.03165804106349542
D01_multihead_shared,S1,temporal_only,3,gate_surface_mae,0.028224799685136092
D01_multihead_shared,S1,temporal_only,3,gate_surface_correlation,0.9992443403135944
D01_multihead_shared,S1,temporal_only,3,beta_mean,0.0
D01_multihead_shared,S1,temporal_only,3,abs_beta_mean,0.0
D01_multihead_shared,S1,temporal_only,3,content_free_lambda_rmse,0.08264338779718894
D01_multihead_shared,S1,temporal_only,3,effective_n_heads,3.9925193791603135
D01_multihead_shared,S1,temporal_only,3,head_ablation_delta_bce_0,0.01732426667054876
D01_multihead_shared,S1,temporal_only,3,head_ablation_delta_bce_1,0.014225737646523018
D01_multihead_shared,S1,temporal_only,3,head_ablation_delta_bce_2,0.026077195848585644
D01_multihead_shared,S1,temporal_only,3,head_ablation_delta_bce_3,0.01352819920737286
D01_multihead_shared,S1,temporal_only,4,bce,0.4790563310575351
D01_multihead_shared,S1,temporal_only,4,auroc,0.7437535137508571
D01_multihead_shared,S1,temporal_only,4,auprc,0.542754215588046
D01_multihead_shared,S1,temporal_only,4,surface_rmse,0.1776947991709235
D01_multihead_shared,S1,temporal_only,4,cf_rmse_age,0.14620893025831874
D01_multihead_shared,S1,temporal_only,4,cf_rmse_lag,0.11932639423070601
D01_multihead_shared,S1,temporal_only,4,delta_bce_beta0,0.0
D01_multihead_shared,S1,temporal_only,4,delta_bce_full_age_shuffle,0.007885217204154193
D01_multihead_shared,S1,temporal_only,4,delta_bce_gate_age_shuffle,0.0
D01_multihead_shared,S1,temporal_only,4,gate_signal_rmse,0.04975094173797832
D01_multihead_shared,S1,temporal_only,4,gate_signal_mae,0.03422367216597661
D01_multihead_shared,S1,temporal_only,4,gate_signal_correlation,0.9825667483433016
D01_multihead_shared,S1,temporal_only,4,gate_surface_rmse,0.0564557843826233
D01_multihead_shared,S1,temporal_only,4,gate_surface_mae,0.05066919694511073
D01_multihead_shared,S1,temporal_only,4,gate_surface_correlation,0.9978145355558996
D01_multihead_shared,S1,temporal_only,4,beta_mean,0.0
D01_multihead_shared,S1,temporal_only,4,abs_beta_mean,0.0
D01_multihead_shared,S1,temporal_only,4,content_free_lambda_rmse,0.13779038000376242
D01_multihead_shared,S1,temporal_only,4,effective_n_heads,3.9816818619087058
D01_multihead_shared,S1,temporal_only,4,head_ablation_delta_bce_0,0.026581179926625897
D01_multihead_shared,S1,temporal_only,4,head_ablation_delta_bce_1,0.03145727820489308
D01_multihead_shared,S1,temporal_only,4,head_ablation_delta_bce_2,0.013323908800503326
D01_multihead_shared,S1,temporal_only,4,head_ablation_delta_bce_3,0.019082662942999262
D01_multihead_shared,S2,age_temporal,0,bce,0.45577389103654425
D01_multihead_shared,S2,age_temporal,0,auroc,0.7614557774879276
D01_multihead_shared,S2,age_temporal,0,auprc,0.5819456184288101
D01_multihead_shared,S2,age_temporal,0,surface_rmse,0.17953119451129332
D01_multihead_shared,S2,age_temporal,0,cf_rmse_age,0.1666878571004134
D01_multihead_shared,S2,age_temporal,0,cf_rmse_lag,0.14477801438622964
D01_multihead_shared,S2,age_temporal,0,delta_bce_beta0,0.009572234156109638
D01_multihead_shared,S2,age_temporal,0,delta_bce_full_age_shuffle,0.030083340596349983
D01_multihead_shared,S2,age_temporal,0,delta_bce_gate_age_shuffle,0.019642393379949885
D01_multihead_shared,S2,age_temporal,0,gate_signal_rmse,0.15455864199329475
D01_multihead_shared,S2,age_temporal,0,gate_signal_mae,0.12409236111223625
D01_multihead_shared,S2,age_temporal,0,gate_signal_correlation,0.8572576667718222
D01_multihead_shared,S2,age_temporal,0,gate_surface_rmse,0.14254099040353838
D01_multihead_shared,S2,age_temporal,0,gate_surface_mae,0.10336358223332093
D01_multihead_shared,S2,age_temporal,0,gate_surface_correlation,0.9237186234721246
D01_multihead_shared,S2,age_temporal,0,beta_mean,-0.9529925584793091
D01_multihead_shared,S2,age_temporal,0,abs_beta_mean,0.9529925584793091
D01_multihead_shared,S2,age_temporal,0,content_free_lambda_rmse,0.6531077649988789
D01_multihead_shared,S2,age_temporal,0,content_free_lambda_corr,0.9917402884090835
D01_multihead_shared,S2,age_temporal,0,effective_n_heads,3.9996481569148092
D01_multihead_shared,S2,age_temporal,0,head_ablation_delta_bce_0,0.02262843696947492
D01_multihead_shared,S2,age_temporal,0,head_ablation_delta_bce_1,0.026928497939672114
D01_multihead_shared,S2,age_temporal,0,head_ablation_delta_bce_2,0.029154277332057
D01_multihead_shared,S2,age_temporal,0,head_ablation_delta_bce_3,0.023520157537649633
D01_multihead_shared,S2,age_temporal,1,bce,0.4545102290088423
D01_multihead_shared,S2,age_temporal,1,auroc,0.7635214245377
D01_multihead_shared,S2,age_temporal,1,auprc,0.5847726247160135
D01_multihead_shared,S2,age_temporal,1,surface_rmse,0.2138203817991534
D01_multihead_shared,S2,age_temporal,1,cf_rmse_age,0.16072777311790143
D01_multihead_shared,S2,age_temporal,1,cf_rmse_lag,0.17630674010180494
D01_multihead_shared,S2,age_temporal,1,delta_bce_beta0,0.012734650028212724
D01_multihead_shared,S2,age_temporal,1,delta_bce_full_age_shuffle,0.03420925851963602
D01_multihead_shared,S2,age_temporal,1,delta_bce_gate_age_shuffle,0.024229173412905924
D01_multihead_shared,S2,age_temporal,1,gate_signal_rmse,0.14821341739092517
D01_multihead_shared,S2,age_temporal,1,gate_signal_mae,0.11838033084381407
D01_multihead_shared,S2,age_temporal,1,gate_signal_correlation,0.8706585815273711
D01_multihead_shared,S2,age_temporal,1,gate_surface_rmse,0.1337145594120196
D01_multihead_shared,S2,age_temporal,1,gate_surface_mae,0.09974204370679005
D01_multihead_shared,S2,age_temporal,1,gate_surface_correlation,0.9343160249500954
D01_multihead_shared,S2,age_temporal,1,beta_mean,-1.003767728805542
D01_multihead_shared,S2,age_temporal,1,abs_beta_mean,1.003767728805542
D01_multihead_shared,S2,age_temporal,1,content_free_lambda_rmse,0.6727452585012785
D01_multihead_shared,S2,age_temporal,1,content_free_lambda_corr,0.993257480604573
D01_multihead_shared,S2,age_temporal,1,effective_n_heads,3.9966201511720754
D01_multihead_shared,S2,age_temporal,1,head_ablation_delta_bce_0,0.039752660797234884
D01_multihead_shared,S2,age_temporal,1,head_ablation_delta_bce_1,0.02047923691786402
D01_multihead_shared,S2,age_temporal,1,head_ablation_delta_bce_2,0.01998259389420154
D01_multihead_shared,S2,age_temporal,1,head_ablation_delta_bce_3,0.034222839400922855
D01_multihead_shared,S2,age_temporal,2,bce,0.4546921304497048
D01_multihead_shared,S2,age_temporal,2,auroc,0.7626809707156237
D01_multihead_shared,S2,age_temporal,2,auprc,0.5830894656113794
D01_multihead_shared,S2,age_temporal,2,surface_rmse,0.16075713470929118
D01_multihead_shared,S2,age_temporal,2,cf_rmse_age,0.14416533130512382
D01_multihead_shared,S2,age_temporal,2,cf_rmse_lag,0.12173219017652062
D01_multihead_shared,S2,age_temporal,2,delta_bce_beta0,0.014416475814636953
D01_multihead_shared,S2,age_temporal,2,delta_bce_full_age_shuffle,0.03047997784830081
D01_multihead_shared,S2,age_temporal,2,delta_bce_gate_age_shuffle,0.023248375244434072
D01_multihead_shared,S2,age_temporal,2,gate_signal_rmse,0.14881689752528648
D01_multihead_shared,S2,age_temporal,2,gate_signal_mae,0.11736939168377739
D01_multihead_shared,S2,age_temporal,2,gate_signal_correlation,0.8711179259381626
D01_multihead_shared,S2,age_temporal,2,gate_surface_rmse,0.13630717134594794
D01_multihead_shared,S2,age_temporal,2,gate_surface_mae,0.09833213414217001
D01_multihead_shared,S2,age_temporal,2,gate_surface_correlation,0.9308074748589695
D01_multihead_shared,S2,age_temporal,2,beta_mean,-1.0123826265335083
D01_multihead_shared,S2,age_temporal,2,abs_beta_mean,1.0123826265335083
D01_multihead_shared,S2,age_temporal,2,content_free_lambda_rmse,0.6308748599033835
D01_multihead_shared,S2,age_temporal,2,content_free_lambda_corr,0.9926121649634193
D01_multihead_shared,S2,age_temporal,2,effective_n_heads,3.9854939658189674
D01_multihead_shared,S2,age_temporal,2,head_ablation_delta_bce_0,0.03399455884018221
D01_multihead_shared,S2,age_temporal,2,head_ablation_delta_bce_1,0.01613739296657868
D01_multihead_shared,S2,age_temporal,2,head_ablation_delta_bce_2,0.021016254942404666
D01_multihead_shared,S2,age_temporal,2,head_ablation_delta_bce_3,0.05506808913216377
D01_multihead_shared,S2,age_temporal,3,bce,0.4549491575651425
D01_multihead_shared,S2,age_temporal,3,auroc,0.7621676842210432
D01_multihead_shared,S2,age_temporal,3,auprc,0.5831246273467591
D01_multihead_shared,S2,age_temporal,3,surface_rmse,0.17721647335536575
D01_multihead_shared,S2,age_temporal,3,cf_rmse_age,0.16263841293067338
D01_multihead_shared,S2,age_temporal,3,cf_rmse_lag,0.13240990453202942
D01_multihead_shared,S2,age_temporal,3,delta_bce_beta0,0.012911158187147387
D01_multihead_shared,S2,age_temporal,3,delta_bce_full_age_shuffle,0.037013479024400664
D01_multihead_shared,S2,age_temporal,3,delta_bce_gate_age_shuffle,0.022056969192763898
D01_multihead_shared,S2,age_temporal,3,gate_signal_rmse,0.1514131490974182
D01_multihead_shared,S2,age_temporal,3,gate_signal_mae,0.11996560273994863
D01_multihead_shared,S2,age_temporal,3,gate_signal_correlation,0.8642996721724676
D01_multihead_shared,S2,age_temporal,3,gate_surface_rmse,0.13423692435066706
D01_multihead_shared,S2,age_temporal,3,gate_surface_mae,0.10055487733797915
D01_multihead_shared,S2,age_temporal,3,gate_surface_correlation,0.9342377841678484
D01_multihead_shared,S2,age_temporal,3,beta_mean,-0.9977035522460938
D01_multihead_shared,S2,age_temporal,3,abs_beta_mean,0.9977035522460938
D01_multihead_shared,S2,age_temporal,3,content_free_lambda_rmse,0.6812327956277479
D01_multihead_shared,S2,age_temporal,3,content_free_lambda_corr,0.9932925718325895
D01_multihead_shared,S2,age_temporal,3,effective_n_heads,3.9992962781432073
D01_multihead_shared,S2,age_temporal,3,head_ablation_delta_bce_0,0.026607698943702407
D01_multihead_shared,S2,age_temporal,3,head_ablation_delta_bce_1,0.038645273294238225
D01_multihead_shared,S2,age_temporal,3,head_ablation_delta_bce_2,0.022042785839774093
D01_multihead_shared,S2,age_temporal,3,head_ablation_delta_bce_3,0.021710459978643015
D01_multihead_shared,S2,age_temporal,4,bce,0.45558546017109786
D01_multihead_shared,S2,age_temporal,4,auroc,0.7620786670835619
D01_multihead_shared,S2,age_temporal,4,auprc,0.5817418661371644
D01_multihead_shared,S2,age_temporal,4,surface_rmse,0.1791035865963536
D01_multihead_shared,S2,age_temporal,4,cf_rmse_age,0.15866790431020084
D01_multihead_shared,S2,age_temporal,4,cf_rmse_lag,0.12606273926886177
D01_multihead_shared,S2,age_temporal,4,delta_bce_beta0,0.012756415639844088
D01_multihead_shared,S2,age_temporal,4,delta_bce_full_age_shuffle,0.03303521358030087
D01_multihead_shared,S2,age_temporal,4,delta_bce_gate_age_shuffle,0.025289111994788782
D01_multihead_shared,S2,age_temporal,4,gate_signal_rmse,0.14740430629722795
D01_multihead_shared,S2,age_temporal,4,gate_signal_mae,0.11785600768102064
D01_multihead_shared,S2,age_temporal,4,gate_signal_correlation,0.872368104346121
D01_multihead_shared,S2,age_temporal,4,gate_surface_rmse,0.13315923654529968
D01_multihead_shared,S2,age_temporal,4,gate_surface_mae,0.10007958007234076
D01_multihead_shared,S2,age_temporal,4,gate_surface_correlation,0.9361654584407364
D01_multihead_shared,S2,age_temporal,4,beta_mean,-1.007315754890442
D01_multihead_shared,S2,age_temporal,4,abs_beta_mean,1.007315754890442
D01_multihead_shared,S2,age_temporal,4,content_free_lambda_rmse,0.6866174031036496
D01_multihead_shared,S2,age_temporal,4,content_free_lambda_corr,0.9935938212426043
D01_multihead_shared,S2,age_temporal,4,effective_n_heads,3.9926811478292867
D01_multihead_shared,S2,age_temporal,4,head_ablation_delta_bce_0,0.030191285176660032
D01_multihead_shared,S2,age_temporal,4,head_ablation_delta_bce_1,0.025942906951035405
D01_multihead_shared,S2,age_temporal,4,head_ablation_delta_bce_2,0.021404770046667576
D01_multihead_shared,S2,age_temporal,4,head_ablation_delta_bce_3,0.01641463393862097
D01_multihead_shared,S2,temporal_only,0,bce,0.45929905133716387
D01_multihead_shared,S2,temporal_only,0,auroc,0.7599216747218562
D01_multihead_shared,S2,temporal_only,0,auprc,0.574410093181374
D01_multihead_shared,S2,temporal_only,0,surface_rmse,0.21154777122886845
D01_multihead_shared,S2,temporal_only,0,cf_rmse_age,0.19063921724822633
D01_multihead_shared,S2,temporal_only,0,cf_rmse_lag,0.16549399858113825
D01_multihead_shared,S2,temporal_only,0,delta_bce_beta0,0.0
D01_multihead_shared,S2,temporal_only,0,delta_bce_full_age_shuffle,0.008803968125767836
D01_multihead_shared,S2,temporal_only,0,delta_bce_gate_age_shuffle,0.0
D01_multihead_shared,S2,temporal_only,0,gate_signal_rmse,0.26459629177716504
D01_multihead_shared,S2,temporal_only,0,gate_signal_mae,0.22206556496486046
D01_multihead_shared,S2,temporal_only,0,gate_signal_correlation,0.5023285105526556
D01_multihead_shared,S2,temporal_only,0,gate_surface_rmse,0.2557787358912147
D01_multihead_shared,S2,temporal_only,0,gate_surface_mae,0.1986687115582384
D01_multihead_shared,S2,temporal_only,0,gate_surface_correlation,0.7287044979427548
D01_multihead_shared,S2,temporal_only,0,beta_mean,0.0
D01_multihead_shared,S2,temporal_only,0,abs_beta_mean,0.0
D01_multihead_shared,S2,temporal_only,0,content_free_lambda_rmse,0.9169935279381006
D01_multihead_shared,S2,temporal_only,0,effective_n_heads,3.9992923660850814
D01_multihead_shared,S2,temporal_only,0,head_ablation_delta_bce_0,0.019527186743030556
D01_multihead_shared,S2,temporal_only,0,head_ablation_delta_bce_1,0.022768795407750064
D01_multihead_shared,S2,temporal_only,0,head_ablation_delta_bce_2,0.040428793884042635
D01_multihead_shared,S2,temporal_only,0,head_ablation_delta_bce_3,0.022095617259118905
D01_multihead_shared,S2,temporal_only,1,bce,0.45903270043792793
D01_multihead_shared,S2,temporal_only,1,auroc,0.7609937622961922
D01_multihead_shared,S2,temporal_only,1,auprc,0.5766964351981374
D01_multihead_shared,S2,temporal_only,1,surface_rmse,0.24826120576814922
D01_multihead_shared,S2,temporal_only,1,cf_rmse_age,0.1962321437674573
D01_multihead_shared,S2,temporal_only,1,cf_rmse_lag,0.19088474986034612
D01_multihead_shared,S2,temporal_only,1,delta_bce_beta0,0.0
D01_multihead_shared,S2,temporal_only,1,delta_bce_full_age_shuffle,0.006430313757635364
D01_multihead_shared,S2,temporal_only,1,delta_bce_gate_age_shuffle,0.0
D01_multihead_shared,S2,temporal_only,1,gate_signal_rmse,0.2643049061012269
D01_multihead_shared,S2,temporal_only,1,gate_signal_mae,0.22228172280281847
D01_multihead_shared,S2,temporal_only,1,gate_signal_correlation,0.5034053608684663
D01_multihead_shared,S2,temporal_only,1,gate_surface_rmse,0.25582121060053176
D01_multihead_shared,S2,temporal_only,1,gate_surface_mae,0.19883628513521756
D01_multihead_shared,S2,temporal_only,1,gate_surface_correlation,0.7285699948319952
D01_multihead_shared,S2,temporal_only,1,beta_mean,0.0
D01_multihead_shared,S2,temporal_only,1,abs_beta_mean,0.0
D01_multihead_shared,S2,temporal_only,1,content_free_lambda_rmse,0.9179922257860457
D01_multihead_shared,S2,temporal_only,1,effective_n_heads,3.996612184053694
D01_multihead_shared,S2,temporal_only,1,head_ablation_delta_bce_0,0.02941960086254286
D01_multihead_shared,S2,temporal_only,1,head_ablation_delta_bce_1,0.019001747970009475
D01_multihead_shared,S2,temporal_only,1,head_ablation_delta_bce_2,0.022635445216605155
D01_multihead_shared,S2,temporal_only,1,head_ablation_delta_bce_3,0.03540564564136328
D01_multihead_shared,S2,temporal_only,2,bce,0.4580807834308039
D01_multihead_shared,S2,temporal_only,2,auroc,0.7611811876916799
D01_multihead_shared,S2,temporal_only,2,auprc,0.5775798851504323
D01_multihead_shared,S2,temporal_only,2,surface_rmse,0.20944593890504898
D01_multihead_shared,S2,temporal_only,2,cf_rmse_age,0.19072881372567274
D01_multihead_shared,S2,temporal_only,2,cf_rmse_lag,0.13763190972968561
D01_multihead_shared,S2,temporal_only,2,delta_bce_beta0,0.0
D01_multihead_shared,S2,temporal_only,2,delta_bce_full_age_shuffle,0.008843570946401313
D01_multihead_shared,S2,temporal_only,2,delta_bce_gate_age_shuffle,0.0
D01_multihead_shared,S2,temporal_only,2,gate_signal_rmse,0.2635263400999854
D01_multihead_shared,S2,temporal_only,2,gate_signal_mae,0.22051481601313191
D01_multihead_shared,S2,temporal_only,2,gate_signal_correlation,0.5037464690701894
D01_multihead_shared,S2,temporal_only,2,gate_surface_rmse,0.2559131718322255
D01_multihead_shared,S2,temporal_only,2,gate_surface_mae,0.19915015552808785
D01_multihead_shared,S2,temporal_only,2,gate_surface_correlation,0.7283177326287438
D01_multihead_shared,S2,temporal_only,2,beta_mean,0.0
D01_multihead_shared,S2,temporal_only,2,abs_beta_mean,0.0
D01_multihead_shared,S2,temporal_only,2,content_free_lambda_rmse,0.9198564847424742
D01_multihead_shared,S2,temporal_only,2,effective_n_heads,3.9860032937339374
D01_multihead_shared,S2,temporal_only,2,head_ablation_delta_bce_0,0.034145086797422064
D01_multihead_shared,S2,temporal_only,2,head_ablation_delta_bce_1,0.019080112921380676
D01_multihead_shared,S2,temporal_only,2,head_ablation_delta_bce_2,0.017442394022296692
D01_multihead_shared,S2,temporal_only,2,head_ablation_delta_bce_3,0.05295239500611143
D01_multihead_shared,S2,temporal_only,3,bce,0.4596288828567588
D01_multihead_shared,S2,temporal_only,3,auroc,0.760162927510666
D01_multihead_shared,S2,temporal_only,3,auprc,0.5741950088839515
D01_multihead_shared,S2,temporal_only,3,surface_rmse,0.22566382598473603
D01_multihead_shared,S2,temporal_only,3,cf_rmse_age,0.20519736996620094
D01_multihead_shared,S2,temporal_only,3,cf_rmse_lag,0.1575193920500001
D01_multihead_shared,S2,temporal_only,3,delta_bce_beta0,0.0
D01_multihead_shared,S2,temporal_only,3,delta_bce_full_age_shuffle,0.009449179904594818
D01_multihead_shared,S2,temporal_only,3,delta_bce_gate_age_shuffle,0.0
D01_multihead_shared,S2,temporal_only,3,gate_signal_rmse,0.2636932248119902
D01_multihead_shared,S2,temporal_only,3,gate_signal_mae,0.22165421539828922
D01_multihead_shared,S2,temporal_only,3,gate_signal_correlation,0.504101143928794
D01_multihead_shared,S2,temporal_only,3,gate_surface_rmse,0.25561062532915974
D01_multihead_shared,S2,temporal_only,3,gate_surface_mae,0.19691362642261787
D01_multihead_shared,S2,temporal_only,3,gate_surface_correlation,0.7301044502587037
D01_multihead_shared,S2,temporal_only,3,beta_mean,0.0
D01_multihead_shared,S2,temporal_only,3,abs_beta_mean,0.0
D01_multihead_shared,S2,temporal_only,3,content_free_lambda_rmse,0.9063945704843264
D01_multihead_shared,S2,temporal_only,3,effective_n_heads,3.9990671393696258
D01_multihead_shared,S2,temporal_only,3,head_ablation_delta_bce_0,0.02652070788400207
D01_multihead_shared,S2,temporal_only,3,head_ablation_delta_bce_1,0.03968049886811037
D01_multihead_shared,S2,temporal_only,3,head_ablation_delta_bce_2,0.021654260679293935
D01_multihead_shared,S2,temporal_only,3,head_ablation_delta_bce_3,0.02131227411283959
D01_multihead_shared,S2,temporal_only,4,bce,0.46051266998286844
D01_multihead_shared,S2,temporal_only,4,auroc,0.7580828163707738
D01_multihead_shared,S2,temporal_only,4,auprc,0.5724768937301884
D01_multihead_shared,S2,temporal_only,4,surface_rmse,0.22909758524000715
D01_multihead_shared,S2,temporal_only,4,cf_rmse_age,0.19931340692802718
D01_multihead_shared,S2,temporal_only,4,cf_rmse_lag,0.14420608656798561
D01_multihead_shared,S2,temporal_only,4,delta_bce_beta0,0.0
D01_multihead_shared,S2,temporal_only,4,delta_bce_full_age_shuffle,0.006991690831676389
D01_multihead_shared,S2,temporal_only,4,delta_bce_gate_age_shuffle,0.0
D01_multihead_shared,S2,temporal_only,4,gate_signal_rmse,0.26372569706396326
D01_multihead_shared,S2,temporal_only,4,gate_signal_mae,0.22236336530955622
D01_multihead_shared,S2,temporal_only,4,gate_signal_correlation,0.5056547859620013
D01_multihead_shared,S2,temporal_only,4,gate_surface_rmse,0.25561388250933537
D01_multihead_shared,S2,temporal_only,4,gate_surface_mae,0.19685214884531177
D01_multihead_shared,S2,temporal_only,4,gate_surface_correlation,0.7301531569112815
D01_multihead_shared,S2,temporal_only,4,beta_mean,0.0
D01_multihead_shared,S2,temporal_only,4,abs_beta_mean,0.0
D01_multihead_shared,S2,temporal_only,4,content_free_lambda_rmse,0.9060187898912998
D01_multihead_shared,S2,temporal_only,4,effective_n_heads,3.9890039026250204
D01_multihead_shared,S2,temporal_only,4,head_ablation_delta_bce_0,0.02472894111152968
D01_multihead_shared,S2,temporal_only,4,head_ablation_delta_bce_1,0.024853150101626864
D01_multihead_shared,S2,temporal_only,4,head_ablation_delta_bce_2,0.023883811120684995
D01_multihead_shared,S2,temporal_only,4,head_ablation_delta_bce_3,0.014836665383261893
D01_multihead_shared,S3,age_temporal,0,bce,0.48415091126975673
D01_multihead_shared,S3,age_temporal,0,auroc,0.7378156438437701
D01_multihead_shared,S3,age_temporal,0,auprc,0.5400459006108016
D01_multihead_shared,S3,age_temporal,0,surface_rmse,0.14940058503237424
D01_multihead_shared,S3,age_temporal,0,cf_rmse_age,0.13150434203653502
D01_multihead_shared,S3,age_temporal,0,cf_rmse_lag,0.0908520180773403
D01_multihead_shared,S3,age_temporal,0,delta_bce_beta0,0.007663854193360298
D01_multihead_shared,S3,age_temporal,0,delta_bce_full_age_shuffle,0.025898978821954577
D01_multihead_shared,S3,age_temporal,0,delta_bce_gate_age_shuffle,0.014291445972693329
D01_multihead_shared,S3,age_temporal,0,gate_signal_rmse,0.18134949568911574
D01_multihead_shared,S3,age_temporal,0,gate_signal_mae,0.14316327039182344
D01_multihead_shared,S3,age_temporal,0,gate_signal_correlation,0.7880683436094732
D01_multihead_shared,S3,age_temporal,0,gate_surface_rmse,0.15617065067134106
D01_multihead_shared,S3,age_temporal,0,gate_surface_mae,0.11868036656274634
D01_multihead_shared,S3,age_temporal,0,gate_surface_correlation,0.9092492251092167
D01_multihead_shared,S3,age_temporal,0,beta_mean,0.8067745566368103
D01_multihead_shared,S3,age_temporal,0,abs_beta_mean,0.8067745566368103
D01_multihead_shared,S3,age_temporal,0,content_free_lambda_rmse,0.7470635003104378
D01_multihead_shared,S3,age_temporal,0,content_free_lambda_corr,0.9901380574761023
D01_multihead_shared,S3,age_temporal,0,effective_n_heads,3.9991032089956198
D01_multihead_shared,S3,age_temporal,0,head_ablation_delta_bce_0,0.017351060464371182
D01_multihead_shared,S3,age_temporal,0,head_ablation_delta_bce_1,0.027197055434383888
D01_multihead_shared,S3,age_temporal,0,head_ablation_delta_bce_2,0.021833377126584064
D01_multihead_shared,S3,age_temporal,0,head_ablation_delta_bce_3,0.021922532824465768
D01_multihead_shared,S3,age_temporal,1,bce,0.48582593326185025
D01_multihead_shared,S3,age_temporal,1,auroc,0.7347709258774628
D01_multihead_shared,S3,age_temporal,1,auprc,0.534515433618298
D01_multihead_shared,S3,age_temporal,1,surface_rmse,0.1399056875718593
D01_multihead_shared,S3,age_temporal,1,cf_rmse_age,0.13430018739905497
D01_multihead_shared,S3,age_temporal,1,cf_rmse_lag,0.08627160039919238
D01_multihead_shared,S3,age_temporal,1,delta_bce_beta0,0.007916931273001193
D01_multihead_shared,S3,age_temporal,1,delta_bce_full_age_shuffle,0.024618849615815785
D01_multihead_shared,S3,age_temporal,1,delta_bce_gate_age_shuffle,0.014607486280604542
D01_multihead_shared,S3,age_temporal,1,gate_signal_rmse,0.19863729098648178
D01_multihead_shared,S3,age_temporal,1,gate_signal_mae,0.1528097498669378
D01_multihead_shared,S3,age_temporal,1,gate_signal_correlation,0.7514322634946927
D01_multihead_shared,S3,age_temporal,1,gate_surface_rmse,0.15328418489365706
D01_multihead_shared,S3,age_temporal,1,gate_surface_mae,0.11390334512247227
D01_multihead_shared,S3,age_temporal,1,gate_surface_correlation,0.910758135783741
D01_multihead_shared,S3,age_temporal,1,beta_mean,0.8389711380004883
D01_multihead_shared,S3,age_temporal,1,abs_beta_mean,0.8389711380004883
D01_multihead_shared,S3,age_temporal,1,content_free_lambda_rmse,0.7098195070194642
D01_multihead_shared,S3,age_temporal,1,content_free_lambda_corr,0.9901741440423258
D01_multihead_shared,S3,age_temporal,1,effective_n_heads,3.99327775756843
D01_multihead_shared,S3,age_temporal,1,head_ablation_delta_bce_0,0.02017052587778939
D01_multihead_shared,S3,age_temporal,1,head_ablation_delta_bce_1,0.018788401255851517
D01_multihead_shared,S3,age_temporal,1,head_ablation_delta_bce_2,0.012099092299636627
D01_multihead_shared,S3,age_temporal,1,head_ablation_delta_bce_3,0.017539650819920427
D01_multihead_shared,S3,age_temporal,2,bce,0.48597164448969277
D01_multihead_shared,S3,age_temporal,2,auroc,0.7360601594861382
D01_multihead_shared,S3,age_temporal,2,auprc,0.538171342148159
D01_multihead_shared,S3,age_temporal,2,surface_rmse,0.16982564807290887
D01_multihead_shared,S3,age_temporal,2,cf_rmse_age,0.1466763382051952
D01_multihead_shared,S3,age_temporal,2,cf_rmse_lag,0.09849395714228315
D01_multihead_shared,S3,age_temporal,2,delta_bce_beta0,0.008318130150636815
D01_multihead_shared,S3,age_temporal,2,delta_bce_full_age_shuffle,0.029544040864892707
D01_multihead_shared,S3,age_temporal,2,delta_bce_gate_age_shuffle,0.014820935027494042
D01_multihead_shared,S3,age_temporal,2,gate_signal_rmse,0.18702800872138886
D01_multihead_shared,S3,age_temporal,2,gate_signal_mae,0.14619074857151987
D01_multihead_shared,S3,age_temporal,2,gate_signal_correlation,0.7819701149213092
D01_multihead_shared,S3,age_temporal,2,gate_surface_rmse,0.1538291595589735
D01_multihead_shared,S3,age_temporal,2,gate_surface_mae,0.11701985136673315
D01_multihead_shared,S3,age_temporal,2,gate_surface_correlation,0.9128293915832623
D01_multihead_shared,S3,age_temporal,2,beta_mean,0.8275901079177856
D01_multihead_shared,S3,age_temporal,2,abs_beta_mean,0.8275901079177856
D01_multihead_shared,S3,age_temporal,2,content_free_lambda_rmse,0.745536440655526
D01_multihead_shared,S3,age_temporal,2,content_free_lambda_corr,0.9906411677089527
D01_multihead_shared,S3,age_temporal,2,effective_n_heads,3.9937155291779014
D01_multihead_shared,S3,age_temporal,2,head_ablation_delta_bce_0,0.021551539667982067
D01_multihead_shared,S3,age_temporal,2,head_ablation_delta_bce_1,0.01738027964907707
D01_multihead_shared,S3,age_temporal,2,head_ablation_delta_bce_2,0.01947673159281904
D01_multihead_shared,S3,age_temporal,2,head_ablation_delta_bce_3,0.02617437846510484
D01_multihead_shared,S3,age_temporal,3,bce,0.48403164232724455
D01_multihead_shared,S3,age_temporal,3,auroc,0.7374512092540619
D01_multihead_shared,S3,age_temporal,3,auprc,0.540051183509605
D01_multihead_shared,S3,age_temporal,3,surface_rmse,0.19952447074333998
D01_multihead_shared,S3,age_temporal,3,cf_rmse_age,0.18435067709464123
D01_multihead_shared,S3,age_temporal,3,cf_rmse_lag,0.1261074370625804
D01_multihead_shared,S3,age_temporal,3,delta_bce_beta0,0.010385009758900776
D01_multihead_shared,S3,age_temporal,3,delta_bce_full_age_shuffle,0.027125633432475038
D01_multihead_shared,S3,age_temporal,3,delta_bce_gate_age_shuffle,0.018690105640991106
D01_multihead_shared,S3,age_temporal,3,gate_signal_rmse,0.18438892721288
D01_multihead_shared,S3,age_temporal,3,gate_signal_mae,0.14073283694521527
D01_multihead_shared,S3,age_temporal,3,gate_signal_correlation,0.7774594916085599
D01_multihead_shared,S3,age_temporal,3,gate_surface_rmse,0.14583276277853693
D01_multihead_shared,S3,age_temporal,3,gate_surface_mae,0.11120286663801111
D01_multihead_shared,S3,age_temporal,3,gate_surface_correlation,0.9251966138750013
D01_multihead_shared,S3,age_temporal,3,beta_mean,0.9049088358879089
D01_multihead_shared,S3,age_temporal,3,abs_beta_mean,0.9049088358879089
D01_multihead_shared,S3,age_temporal,3,content_free_lambda_rmse,0.739482758429718
D01_multihead_shared,S3,age_temporal,3,content_free_lambda_corr,0.9923838576853932
D01_multihead_shared,S3,age_temporal,3,effective_n_heads,3.998076061079046
D01_multihead_shared,S3,age_temporal,3,head_ablation_delta_bce_0,0.0150096250212573
D01_multihead_shared,S3,age_temporal,3,head_ablation_delta_bce_1,0.026302216210659812
D01_multihead_shared,S3,age_temporal,3,head_ablation_delta_bce_2,0.014456162646062642
D01_multihead_shared,S3,age_temporal,3,head_ablation_delta_bce_3,0.02142951522827491
D01_multihead_shared,S3,age_temporal,4,bce,0.4852869777285337
D01_multihead_shared,S3,age_temporal,4,auroc,0.7351363320601427
D01_multihead_shared,S3,age_temporal,4,auprc,0.536749486831963
D01_multihead_shared,S3,age_temporal,4,surface_rmse,0.15450992137525554
D01_multihead_shared,S3,age_temporal,4,cf_rmse_age,0.1355203248159747
D01_multihead_shared,S3,age_temporal,4,cf_rmse_lag,0.10891744130469014
D01_multihead_shared,S3,age_temporal,4,delta_bce_beta0,0.008431564650537737
D01_multihead_shared,S3,age_temporal,4,delta_bce_full_age_shuffle,0.029537759249885553
D01_multihead_shared,S3,age_temporal,4,delta_bce_gate_age_shuffle,0.016111553243498555
D01_multihead_shared,S3,age_temporal,4,gate_signal_rmse,0.19412278909743663
D01_multihead_shared,S3,age_temporal,4,gate_signal_mae,0.1493136506322411
D01_multihead_shared,S3,age_temporal,4,gate_signal_correlation,0.765060579845296
D01_multihead_shared,S3,age_temporal,4,gate_surface_rmse,0.15361654514611775
D01_multihead_shared,S3,age_temporal,4,gate_surface_mae,0.11706973945256659
D01_multihead_shared,S3,age_temporal,4,gate_surface_correlation,0.9138777435035813
D01_multihead_shared,S3,age_temporal,4,beta_mean,0.8311443328857422
D01_multihead_shared,S3,age_temporal,4,abs_beta_mean,0.8311443328857422
D01_multihead_shared,S3,age_temporal,4,content_free_lambda_rmse,0.7496982341205478
D01_multihead_shared,S3,age_temporal,4,content_free_lambda_corr,0.9908173089692625
D01_multihead_shared,S3,age_temporal,4,effective_n_heads,3.9879350483555895
D01_multihead_shared,S3,age_temporal,4,head_ablation_delta_bce_0,0.02013189251174452
D01_multihead_shared,S3,age_temporal,4,head_ablation_delta_bce_1,0.019051153525249998
D01_multihead_shared,S3,age_temporal,4,head_ablation_delta_bce_2,0.016743849413726974
D01_multihead_shared,S3,age_temporal,4,head_ablation_delta_bce_3,0.014636504289737062
D01_multihead_shared,S3,temporal_only,0,bce,0.4889292527559383
D01_multihead_shared,S3,temporal_only,0,auroc,0.7329995325935158
D01_multihead_shared,S3,temporal_only,0,auprc,0.5270855012805126
D01_multihead_shared,S3,temporal_only,0,surface_rmse,0.15850400041311705
D01_multihead_shared,S3,temporal_only,0,cf_rmse_age,0.1315608021585379
D01_multihead_shared,S3,temporal_only,0,cf_rmse_lag,0.09959021114556052
D01_multihead_shared,S3,temporal_only,0,delta_bce_beta0,0.0
D01_multihead_shared,S3,temporal_only,0,delta_bce_full_age_shuffle,0.009451294833344337
D01_multihead_shared,S3,temporal_only,0,delta_bce_gate_age_shuffle,0.0
D01_multihead_shared,S3,temporal_only,0,gate_signal_rmse,0.264585334849786
D01_multihead_shared,S3,temporal_only,0,gate_signal_mae,0.21980870162507626
D01_multihead_shared,S3,temporal_only,0,gate_signal_correlation,0.5117464446593436
D01_multihead_shared,S3,temporal_only,0,gate_surface_rmse,0.25830180826764315
D01_multihead_shared,S3,temporal_only,0,gate_surface_mae,0.19190989974055378
D01_multihead_shared,S3,temporal_only,0,gate_surface_correlation,0.7343078509468164
D01_multihead_shared,S3,temporal_only,0,beta_mean,0.0
D01_multihead_shared,S3,temporal_only,0,abs_beta_mean,0.0
D01_multihead_shared,S3,temporal_only,0,content_free_lambda_rmse,0.8718621126616715
D01_multihead_shared,S3,temporal_only,0,effective_n_heads,3.999152890227861
D01_multihead_shared,S3,temporal_only,0,head_ablation_delta_bce_0,0.015145122119405274
D01_multihead_shared,S3,temporal_only,0,head_ablation_delta_bce_1,0.031098239228224356
D01_multihead_shared,S3,temporal_only,0,head_ablation_delta_bce_2,0.0193415076716566
D01_multihead_shared,S3,temporal_only,0,head_ablation_delta_bce_3,0.02081414306489665
D01_multihead_shared,S3,temporal_only,1,bce,0.4895000636299586
D01_multihead_shared,S3,temporal_only,1,auroc,0.7324977181496984
D01_multihead_shared,S3,temporal_only,1,auprc,0.525157314513302
D01_multihead_shared,S3,temporal_only,1,surface_rmse,0.1535667467704925
D01_multihead_shared,S3,temporal_only,1,cf_rmse_age,0.13850168288391243
D01_multihead_shared,S3,temporal_only,1,cf_rmse_lag,0.08863559523995332
D01_multihead_shared,S3,temporal_only,1,delta_bce_beta0,0.0
D01_multihead_shared,S3,temporal_only,1,delta_bce_full_age_shuffle,0.007465200610177802
D01_multihead_shared,S3,temporal_only,1,delta_bce_gate_age_shuffle,0.0
D01_multihead_shared,S3,temporal_only,1,gate_signal_rmse,0.2741430227114654
D01_multihead_shared,S3,temporal_only,1,gate_signal_mae,0.22681065940897172
D01_multihead_shared,S3,temporal_only,1,gate_signal_correlation,0.49536819527037745
D01_multihead_shared,S3,temporal_only,1,gate_surface_rmse,0.25615302076391566
D01_multihead_shared,S3,temporal_only,1,gate_surface_mae,0.1946110288380211
D01_multihead_shared,S3,temporal_only,1,gate_surface_correlation,0.7319090673417267
D01_multihead_shared,S3,temporal_only,1,beta_mean,0.0
D01_multihead_shared,S3,temporal_only,1,abs_beta_mean,0.0
D01_multihead_shared,S3,temporal_only,1,content_free_lambda_rmse,0.892122772727545
D01_multihead_shared,S3,temporal_only,1,effective_n_heads,3.9925036596944565
D01_multihead_shared,S3,temporal_only,1,head_ablation_delta_bce_0,0.019956936275252135
D01_multihead_shared,S3,temporal_only,1,head_ablation_delta_bce_1,0.017131835050458954
D01_multihead_shared,S3,temporal_only,1,head_ablation_delta_bce_2,0.011277630990461474
D01_multihead_shared,S3,temporal_only,1,head_ablation_delta_bce_3,0.020652350891289195
D01_multihead_shared,S3,temporal_only,2,bce,0.4891209942713262
D01_multihead_shared,S3,temporal_only,2,auroc,0.7342447998030259
D01_multihead_shared,S3,temporal_only,2,auprc,0.5308771360081029
D01_multihead_shared,S3,temporal_only,2,surface_rmse,0.18396038501894638
D01_multihead_shared,S3,temporal_only,2,cf_rmse_age,0.13869032670915818
D01_multihead_shared,S3,temporal_only,2,cf_rmse_lag,0.10420267740562857
D01_multihead_shared,S3,temporal_only,2,delta_bce_beta0,0.0
D01_multihead_shared,S3,temporal_only,2,delta_bce_full_age_shuffle,0.0117497983611064
D01_multihead_shared,S3,temporal_only,2,delta_bce_gate_age_shuffle,0.0
D01_multihead_shared,S3,temporal_only,2,gate_signal_rmse,0.27271939850384425
D01_multihead_shared,S3,temporal_only,2,gate_signal_mae,0.2268712899050971
D01_multihead_shared,S3,temporal_only,2,gate_signal_correlation,0.5047880776415336
D01_multihead_shared,S3,temporal_only,2,gate_surface_rmse,0.2556039112400955
D01_multihead_shared,S3,temporal_only,2,gate_surface_mae,0.1972688543222381
D01_multihead_shared,S3,temporal_only,2,gate_surface_correlation,0.7298225358856106
D01_multihead_shared,S3,temporal_only,2,beta_mean,0.0
D01_multihead_shared,S3,temporal_only,2,abs_beta_mean,0.0
D01_multihead_shared,S3,temporal_only,2,content_free_lambda_rmse,0.9085599979515863
D01_multihead_shared,S3,temporal_only,2,effective_n_heads,3.991160914382349
D01_multihead_shared,S3,temporal_only,2,head_ablation_delta_bce_0,0.01821635754728207
D01_multihead_shared,S3,temporal_only,2,head_ablation_delta_bce_1,0.02782635859477106
D01_multihead_shared,S3,temporal_only,2,head_ablation_delta_bce_2,0.018370918344061182
D01_multihead_shared,S3,temporal_only,2,head_ablation_delta_bce_3,0.020965730731274446
D01_multihead_shared,S3,temporal_only,3,bce,0.48929198047563405
D01_multihead_shared,S3,temporal_only,3,auroc,0.7334163556700942
D01_multihead_shared,S3,temporal_only,3,auprc,0.5285575138091316
D01_multihead_shared,S3,temporal_only,3,surface_rmse,0.1990244172715685
D01_multihead_shared,S3,temporal_only,3,cf_rmse_age,0.17356347813053583
D01_multihead_shared,S3,temporal_only,3,cf_rmse_lag,0.12248227291306336
D01_multihead_shared,S3,temporal_only,3,delta_bce_beta0,0.0
D01_multihead_shared,S3,temporal_only,3,delta_bce_full_age_shuffle,0.009550994570621585
D01_multihead_shared,S3,temporal_only,3,delta_bce_gate_age_shuffle,0.0
D01_multihead_shared,S3,temporal_only,3,gate_signal_rmse,0.27420743111068957
D01_multihead_shared,S3,temporal_only,3,gate_signal_mae,0.22651643185514606
D01_multihead_shared,S3,temporal_only,3,gate_signal_correlation,0.49401969159688985
D01_multihead_shared,S3,temporal_only,3,gate_surface_rmse,0.25564031406011317
D01_multihead_shared,S3,temporal_only,3,gate_surface_mae,0.19653667422237814
D01_multihead_shared,S3,temporal_only,3,gate_surface_correlation,0.7304026943898633
D01_multihead_shared,S3,temporal_only,3,beta_mean,0.0
D01_multihead_shared,S3,temporal_only,3,abs_beta_mean,0.0
D01_multihead_shared,S3,temporal_only,3,content_free_lambda_rmse,0.904085765130591
D01_multihead_shared,S3,temporal_only,3,effective_n_heads,3.9975824765217896
D01_multihead_shared,S3,temporal_only,3,head_ablation_delta_bce_0,0.015555117932525842
D01_multihead_shared,S3,temporal_only,3,head_ablation_delta_bce_1,0.018665981046080637
D01_multihead_shared,S3,temporal_only,3,head_ablation_delta_bce_2,0.011300048007413688
D01_multihead_shared,S3,temporal_only,3,head_ablation_delta_bce_3,0.018667536598499512
D01_multihead_shared,S3,temporal_only,4,bce,0.4888005482436595
D01_multihead_shared,S3,temporal_only,4,auroc,0.7324771959739611
D01_multihead_shared,S3,temporal_only,4,auprc,0.5276560951801952
D01_multihead_shared,S3,temporal_only,4,surface_rmse,0.15093388994080825
D01_multihead_shared,S3,temporal_only,4,cf_rmse_age,0.14014458678158737
D01_multihead_shared,S3,temporal_only,4,cf_rmse_lag,0.10427592371639069
D01_multihead_shared,S3,temporal_only,4,delta_bce_beta0,0.0
D01_multihead_shared,S3,temporal_only,4,delta_bce_full_age_shuffle,0.00925874983092606
D01_multihead_shared,S3,temporal_only,4,delta_bce_gate_age_shuffle,0.0
D01_multihead_shared,S3,temporal_only,4,gate_signal_rmse,0.2794389480760552
D01_multihead_shared,S3,temporal_only,4,gate_signal_mae,0.23049163374172263
D01_multihead_shared,S3,temporal_only,4,gate_signal_correlation,0.4883015996838029
D01_multihead_shared,S3,temporal_only,4,gate_surface_rmse,0.25589643862507033
D01_multihead_shared,S3,temporal_only,4,gate_surface_mae,0.19909693096493933
D01_multihead_shared,S3,temporal_only,4,gate_surface_correlation,0.7283605396532621
D01_multihead_shared,S3,temporal_only,4,beta_mean,0.0
D01_multihead_shared,S3,temporal_only,4,abs_beta_mean,0.0
D01_multihead_shared,S3,temporal_only,4,content_free_lambda_rmse,0.9195409358739176
D01_multihead_shared,S3,temporal_only,4,effective_n_heads,3.9876651822431417
D01_multihead_shared,S3,temporal_only,4,head_ablation_delta_bce_0,0.0171566949078239
D01_multihead_shared,S3,temporal_only,4,head_ablation_delta_bce_1,0.01830814108793577
D01_multihead_shared,S3,temporal_only,4,head_ablation_delta_bce_2,0.014145567939828019
D01_multihead_shared,S3,temporal_only,4,head_ablation_delta_bce_3,0.016250687077193238
D02_multihead_dev,S0,age_temporal,0,bce,0.4801210406016734
D02_multihead_dev,S0,age_temporal,0,auroc,0.7341325597452704
D02_multihead_dev,S0,age_temporal,0,auprc,0.5302332315901823
D02_multihead_dev,S0,age_temporal,0,surface_rmse,0.14247082193780958
D02_multihead_dev,S0,age_temporal,0,cf_rmse_age,0.10272473704309414
D02_multihead_dev,S0,age_temporal,0,cf_rmse_lag,0.1152950885458704
D02_multihead_dev,S0,age_temporal,0,delta_bce_beta0,0.0006704531428928795
D02_multihead_dev,S0,age_temporal,0,delta_bce_full_age_shuffle,0.005527204944230368
D02_multihead_dev,S0,age_temporal,0,delta_bce_gate_age_shuffle,0.0016420643047686534
D02_multihead_dev,S0,age_temporal,0,gate_signal_rmse,0.05729871709303565
D02_multihead_dev,S0,age_temporal,0,gate_signal_mae,0.0388853656981771
D02_multihead_dev,S0,age_temporal,0,gate_signal_correlation,0.9647323545656816
D02_multihead_dev,S0,age_temporal,0,beta_mean,-0.031480188481509686
D02_multihead_dev,S0,age_temporal,0,abs_beta_mean,0.2125011933967471
D02_multihead_dev,S0,age_temporal,0,effective_n_heads,3.994843683589641
D02_multihead_dev,S0,age_temporal,0,head_ablation_delta_bce_0,0.03162463683719896
D02_multihead_dev,S0,age_temporal,0,head_ablation_delta_bce_1,0.023211887802653375
D02_multihead_dev,S0,age_temporal,0,head_ablation_delta_bce_2,0.015077467532487898
D02_multihead_dev,S0,age_temporal,0,head_ablation_delta_bce_3,0.02014876378690189
D02_multihead_dev,S0,age_temporal,1,bce,0.4806496381434913
D02_multihead_dev,S0,age_temporal,1,auroc,0.7333088703604655
D02_multihead_dev,S0,age_temporal,1,auprc,0.5290180542499016
D02_multihead_dev,S0,age_temporal,1,surface_rmse,0.14870023039087044
D02_multihead_dev,S0,age_temporal,1,cf_rmse_age,0.08753068820362464
D02_multihead_dev,S0,age_temporal,1,cf_rmse_lag,0.11590345289600582
D02_multihead_dev,S0,age_temporal,1,delta_bce_beta0,0.00029550703718828064
D02_multihead_dev,S0,age_temporal,1,delta_bce_full_age_shuffle,0.002325859546027653
D02_multihead_dev,S0,age_temporal,1,delta_bce_gate_age_shuffle,0.0009114258963852651
D02_multihead_dev,S0,age_temporal,1,gate_signal_rmse,0.0890231877040036
D02_multihead_dev,S0,age_temporal,1,gate_signal_mae,0.048511276142494446
D02_multihead_dev,S0,age_temporal,1,gate_signal_correlation,0.9170987592194846
D02_multihead_dev,S0,age_temporal,1,beta_mean,0.034811077639460564
D02_multihead_dev,S0,age_temporal,1,abs_beta_mean,0.1939684972167015
D02_multihead_dev,S0,age_temporal,1,effective_n_heads,3.9925244934939257
D02_multihead_dev,S0,age_temporal,1,head_ablation_delta_bce_0,0.01747465443875179
D02_multihead_dev,S0,age_temporal,1,head_ablation_delta_bce_1,0.02116999070985487
D02_multihead_dev,S0,age_temporal,1,head_ablation_delta_bce_2,0.02535432276493671
D02_multihead_dev,S0,age_temporal,1,head_ablation_delta_bce_3,0.028126856117693777
D02_multihead_dev,S0,age_temporal,2,bce,0.4805509515978097
D02_multihead_dev,S0,age_temporal,2,auroc,0.7344158473733351
D02_multihead_dev,S0,age_temporal,2,auprc,0.5293283660287222
D02_multihead_dev,S0,age_temporal,2,surface_rmse,0.15691186895435555
D02_multihead_dev,S0,age_temporal,2,cf_rmse_age,0.08500303532308426
D02_multihead_dev,S0,age_temporal,2,cf_rmse_lag,0.12402453090664421
D02_multihead_dev,S0,age_temporal,2,delta_bce_beta0,0.0001599939297742825
D02_multihead_dev,S0,age_temporal,2,delta_bce_full_age_shuffle,0.0046328583467425966
D02_multihead_dev,S0,age_temporal,2,delta_bce_gate_age_shuffle,0.0006241622745701281
D02_multihead_dev,S0,age_temporal,2,gate_signal_rmse,0.0768322060957397
D02_multihead_dev,S0,age_temporal,2,gate_signal_mae,0.04860293131083222
D02_multihead_dev,S0,age_temporal,2,gate_signal_correlation,0.9424021880627981
D02_multihead_dev,S0,age_temporal,2,beta_mean,-0.044088369235396385
D02_multihead_dev,S0,age_temporal,2,abs_beta_mean,0.18270854838192463
D02_multihead_dev,S0,age_temporal,2,effective_n_heads,3.9794727349053716
D02_multihead_dev,S0,age_temporal,2,head_ablation_delta_bce_0,0.03683225973851967
D02_multihead_dev,S0,age_temporal,2,head_ablation_delta_bce_1,0.018683976704124583
D02_multihead_dev,S0,age_temporal,2,head_ablation_delta_bce_2,0.026084921656820415
D02_multihead_dev,S0,age_temporal,2,head_ablation_delta_bce_3,0.024098114141452687
D02_multihead_dev,S0,age_temporal,3,bce,0.480857331021292
D02_multihead_dev,S0,age_temporal,3,auroc,0.73253831237303
D02_multihead_dev,S0,age_temporal,3,auprc,0.5290665092431599
D02_multihead_dev,S0,age_temporal,3,surface_rmse,0.13498542333393782
D02_multihead_dev,S0,age_temporal,3,cf_rmse_age,0.12177832548844579
D02_multihead_dev,S0,age_temporal,3,cf_rmse_lag,0.11488127960781674
D02_multihead_dev,S0,age_temporal,3,delta_bce_beta0,3.315218181310087e-05
D02_multihead_dev,S0,age_temporal,3,delta_bce_full_age_shuffle,0.0051748287797273584
D02_multihead_dev,S0,age_temporal,3,delta_bce_gate_age_shuffle,0.00025013326666811775
D02_multihead_dev,S0,age_temporal,3,gate_signal_rmse,0.08948819248370772
D02_multihead_dev,S0,age_temporal,3,gate_signal_mae,0.05073973941527223
D02_multihead_dev,S0,age_temporal,3,gate_signal_correlation,0.9163774074856551
D02_multihead_dev,S0,age_temporal,3,beta_mean,-0.0016338108107447624
D02_multihead_dev,S0,age_temporal,3,abs_beta_mean,0.09961212705820799
D02_multihead_dev,S0,age_temporal,3,effective_n_heads,3.9878587336154254
D02_multihead_dev,S0,age_temporal,3,head_ablation_delta_bce_0,0.017714627637214597
D02_multihead_dev,S0,age_temporal,3,head_ablation_delta_bce_1,0.04019120769262663
D02_multihead_dev,S0,age_temporal,3,head_ablation_delta_bce_2,0.01563739839314754
D02_multihead_dev,S0,age_temporal,3,head_ablation_delta_bce_3,0.023613475123260508
D02_multihead_dev,S0,age_temporal,4,bce,0.4816502241457884
D02_multihead_dev,S0,age_temporal,4,auroc,0.7318435111616255
D02_multihead_dev,S0,age_temporal,4,auprc,0.5263403692318117
D02_multihead_dev,S0,age_temporal,4,surface_rmse,0.1397561806135317
D02_multihead_dev,S0,age_temporal,4,cf_rmse_age,0.058825302906199944
D02_multihead_dev,S0,age_temporal,4,cf_rmse_lag,0.10565182675605804
D02_multihead_dev,S0,age_temporal,4,delta_bce_beta0,0.00022306009397532467
D02_multihead_dev,S0,age_temporal,4,delta_bce_full_age_shuffle,0.005593429756075852
D02_multihead_dev,S0,age_temporal,4,delta_bce_gate_age_shuffle,0.0003011561609435054
D02_multihead_dev,S0,age_temporal,4,gate_signal_rmse,0.09026817566833183
D02_multihead_dev,S0,age_temporal,4,gate_signal_mae,0.05196197830669147
D02_multihead_dev,S0,age_temporal,4,gate_signal_correlation,0.9191128475739304
D02_multihead_dev,S0,age_temporal,4,beta_mean,-0.011425360338762403
D02_multihead_dev,S0,age_temporal,4,abs_beta_mean,0.1131283559370786
D02_multihead_dev,S0,age_temporal,4,effective_n_heads,3.989959993883437
D02_multihead_dev,S0,age_temporal,4,head_ablation_delta_bce_0,0.02423870296536379
D02_multihead_dev,S0,age_temporal,4,head_ablation_delta_bce_1,0.02182011039455989
D02_multihead_dev,S0,age_temporal,4,head_ablation_delta_bce_2,0.03937349267520707
D02_multihead_dev,S0,age_temporal,4,head_ablation_delta_bce_3,0.014480851149399177
D02_multihead_dev,S0,temporal_only,0,bce,0.4803860635783074
D02_multihead_dev,S0,temporal_only,0,auroc,0.7334498177458426
D02_multihead_dev,S0,temporal_only,0,auprc,0.5296512909124761
D02_multihead_dev,S0,temporal_only,0,surface_rmse,0.14432925639202268
D02_multihead_dev,S0,temporal_only,0,cf_rmse_age,0.10858024822653022
D02_multihead_dev,S0,temporal_only,0,cf_rmse_lag,0.11522899166020854
D02_multihead_dev,S0,temporal_only,0,delta_bce_beta0,0.0
D02_multihead_dev,S0,temporal_only,0,delta_bce_full_age_shuffle,0.005036336012953613
D02_multihead_dev,S0,temporal_only,0,delta_bce_gate_age_shuffle,0.0
D02_multihead_dev,S0,temporal_only,0,gate_signal_rmse,0.057443179325362435
D02_multihead_dev,S0,temporal_only,0,gate_signal_mae,0.0392981956523527
D02_multihead_dev,S0,temporal_only,0,gate_signal_correlation,0.9650946199577345
D02_multihead_dev,S0,temporal_only,0,beta_mean,0.0
D02_multihead_dev,S0,temporal_only,0,abs_beta_mean,0.0
D02_multihead_dev,S0,temporal_only,0,effective_n_heads,3.9949806074674927
D02_multihead_dev,S0,temporal_only,0,head_ablation_delta_bce_0,0.019805391983279574
D02_multihead_dev,S0,temporal_only,0,head_ablation_delta_bce_1,0.020600008816385795
D02_multihead_dev,S0,temporal_only,0,head_ablation_delta_bce_2,0.015707059338040452
D02_multihead_dev,S0,temporal_only,0,head_ablation_delta_bce_3,0.020650252620253773
D02_multihead_dev,S0,temporal_only,1,bce,0.4807880044499852
D02_multihead_dev,S0,temporal_only,1,auroc,0.7329243049006682
D02_multihead_dev,S0,temporal_only,1,auprc,0.5287617458447933
D02_multihead_dev,S0,temporal_only,1,surface_rmse,0.15053189805408243
D02_multihead_dev,S0,temporal_only,1,cf_rmse_age,0.0936545702330244
D02_multihead_dev,S0,temporal_only,1,cf_rmse_lag,0.11471758642906307
D02_multihead_dev,S0,temporal_only,1,delta_bce_beta0,0.0
D02_multihead_dev,S0,temporal_only,1,delta_bce_full_age_shuffle,0.00229309748118367
D02_multihead_dev,S0,temporal_only,1,delta_bce_gate_age_shuffle,0.0
D02_multihead_dev,S0,temporal_only,1,gate_signal_rmse,0.0904973636199907
D02_multihead_dev,S0,temporal_only,1,gate_signal_mae,0.04913114433662555
D02_multihead_dev,S0,temporal_only,1,gate_signal_correlation,0.916076412996055
D02_multihead_dev,S0,temporal_only,1,beta_mean,0.0
D02_multihead_dev,S0,temporal_only,1,abs_beta_mean,0.0
D02_multihead_dev,S0,temporal_only,1,effective_n_heads,3.9929527953584136
D02_multihead_dev,S0,temporal_only,1,head_ablation_delta_bce_0,0.012316319557367339
D02_multihead_dev,S0,temporal_only,1,head_ablation_delta_bce_1,0.021171910115308556
D02_multihead_dev,S0,temporal_only,1,head_ablation_delta_bce_2,0.024603411698722877
D02_multihead_dev,S0,temporal_only,1,head_ablation_delta_bce_3,0.026516924987544488
D02_multihead_dev,S0,temporal_only,2,bce,0.4806024281162301
D02_multihead_dev,S0,temporal_only,2,auroc,0.7339252683669495
D02_multihead_dev,S0,temporal_only,2,auprc,0.5294195979081335
D02_multihead_dev,S0,temporal_only,2,surface_rmse,0.15758684848586493
D02_multihead_dev,S0,temporal_only,2,cf_rmse_age,0.08755593486300527
D02_multihead_dev,S0,temporal_only,2,cf_rmse_lag,0.12365090973235988
D02_multihead_dev,S0,temporal_only,2,delta_bce_beta0,0.0
D02_multihead_dev,S0,temporal_only,2,delta_bce_full_age_shuffle,0.004998992247233935
D02_multihead_dev,S0,temporal_only,2,delta_bce_gate_age_shuffle,0.0
D02_multihead_dev,S0,temporal_only,2,gate_signal_rmse,0.07711896660558691
D02_multihead_dev,S0,temporal_only,2,gate_signal_mae,0.04870689596031971
D02_multihead_dev,S0,temporal_only,2,gate_signal_correlation,0.9424683987318021
D02_multihead_dev,S0,temporal_only,2,beta_mean,0.0
D02_multihead_dev,S0,temporal_only,2,abs_beta_mean,0.0
D02_multihead_dev,S0,temporal_only,2,effective_n_heads,3.9796194881212252
D02_multihead_dev,S0,temporal_only,2,head_ablation_delta_bce_0,0.04236951821001689
D02_multihead_dev,S0,temporal_only,2,head_ablation_delta_bce_1,0.014004685857469223
D02_multihead_dev,S0,temporal_only,2,head_ablation_delta_bce_2,0.026161842470868835
D02_multihead_dev,S0,temporal_only,2,head_ablation_delta_bce_3,0.023942436955666446
D02_multihead_dev,S0,temporal_only,3,bce,0.48104693264178605
D02_multihead_dev,S0,temporal_only,3,auroc,0.7326088373815143
D02_multihead_dev,S0,temporal_only,3,auprc,0.528178507652077
D02_multihead_dev,S0,temporal_only,3,surface_rmse,0.13964769302928057
D02_multihead_dev,S0,temporal_only,3,cf_rmse_age,0.11726186921928318
D02_multihead_dev,S0,temporal_only,3,cf_rmse_lag,0.11532272009852648
D02_multihead_dev,S0,temporal_only,3,delta_bce_beta0,0.0
D02_multihead_dev,S0,temporal_only,3,delta_bce_full_age_shuffle,0.005129270681907994
D02_multihead_dev,S0,temporal_only,3,delta_bce_gate_age_shuffle,0.0
D02_multihead_dev,S0,temporal_only,3,gate_signal_rmse,0.0708675975004267
D02_multihead_dev,S0,temporal_only,3,gate_signal_mae,0.04510130188609595
D02_multihead_dev,S0,temporal_only,3,gate_signal_correlation,0.9436914536717911
D02_multihead_dev,S0,temporal_only,3,beta_mean,0.0
D02_multihead_dev,S0,temporal_only,3,abs_beta_mean,0.0
D02_multihead_dev,S0,temporal_only,3,effective_n_heads,3.9896206694255825
D02_multihead_dev,S0,temporal_only,3,head_ablation_delta_bce_0,0.014774018471143624
D02_multihead_dev,S0,temporal_only,3,head_ablation_delta_bce_1,0.03419261725802797
D02_multihead_dev,S0,temporal_only,3,head_ablation_delta_bce_2,0.014109572020384764
D02_multihead_dev,S0,temporal_only,3,head_ablation_delta_bce_3,0.024625470255191184
D02_multihead_dev,S0,temporal_only,4,bce,0.4818282931657824
D02_multihead_dev,S0,temporal_only,4,auroc,0.7315266385671144
D02_multihead_dev,S0,temporal_only,4,auprc,0.5259101606819744
D02_multihead_dev,S0,temporal_only,4,surface_rmse,0.1404990416261867
D02_multihead_dev,S0,temporal_only,4,cf_rmse_age,0.06217318148707498
D02_multihead_dev,S0,temporal_only,4,cf_rmse_lag,0.10842088191655937
D02_multihead_dev,S0,temporal_only,4,delta_bce_beta0,0.0
D02_multihead_dev,S0,temporal_only,4,delta_bce_full_age_shuffle,0.005569611384205808
D02_multihead_dev,S0,temporal_only,4,delta_bce_gate_age_shuffle,0.0
D02_multihead_dev,S0,temporal_only,4,gate_signal_rmse,0.08973155135895376
D02_multihead_dev,S0,temporal_only,4,gate_signal_mae,0.05158466831212853
D02_multihead_dev,S0,temporal_only,4,gate_signal_correlation,0.9202221919095401
D02_multihead_dev,S0,temporal_only,4,beta_mean,0.0
D02_multihead_dev,S0,temporal_only,4,abs_beta_mean,0.0
D02_multihead_dev,S0,temporal_only,4,effective_n_heads,3.9898220403750906
D02_multihead_dev,S0,temporal_only,4,head_ablation_delta_bce_0,0.025041884103138623
D02_multihead_dev,S0,temporal_only,4,head_ablation_delta_bce_1,0.01977085766909198
D02_multihead_dev,S0,temporal_only,4,head_ablation_delta_bce_2,0.03549901810981909
D02_multihead_dev,S0,temporal_only,4,head_ablation_delta_bce_3,0.014114526625250756
D02_multihead_dev,S1,age_temporal,0,bce,0.478813457387071
D02_multihead_dev,S1,age_temporal,0,auroc,0.7448856974887543
D02_multihead_dev,S1,age_temporal,0,auprc,0.5416141998262172
D02_multihead_dev,S1,age_temporal,0,surface_rmse,0.13516666984678774
D02_multihead_dev,S1,age_temporal,0,cf_rmse_age,0.12742576835939992
D02_multihead_dev,S1,age_temporal,0,cf_rmse_lag,0.08917622164772386
D02_multihead_dev,S1,age_temporal,0,delta_bce_beta0,0.0015057169089510158
D02_multihead_dev,S1,age_temporal,0,delta_bce_full_age_shuffle,0.009687547421854292
D02_multihead_dev,S1,age_temporal,0,delta_bce_gate_age_shuffle,0.0025881414015695436
D02_multihead_dev,S1,age_temporal,0,gate_signal_rmse,0.049252447909416824
D02_multihead_dev,S1,age_temporal,0,gate_signal_mae,0.03192324110254608
D02_multihead_dev,S1,age_temporal,0,gate_signal_correlation,0.9790169374475527
D02_multihead_dev,S1,age_temporal,0,beta_mean,0.06225872691720724
D02_multihead_dev,S1,age_temporal,0,abs_beta_mean,0.24854937847703695
D02_multihead_dev,S1,age_temporal,0,effective_n_heads,3.998095240256356
D02_multihead_dev,S1,age_temporal,0,head_ablation_delta_bce_0,0.019726176543751972
D02_multihead_dev,S1,age_temporal,0,head_ablation_delta_bce_1,0.03711719937705765
D02_multihead_dev,S1,age_temporal,0,head_ablation_delta_bce_2,0.01958716558675999
D02_multihead_dev,S1,age_temporal,0,head_ablation_delta_bce_3,0.014180386994844252
D02_multihead_dev,S1,age_temporal,1,bce,0.4779792403378545
D02_multihead_dev,S1,age_temporal,1,auroc,0.745382946215629
D02_multihead_dev,S1,age_temporal,1,auprc,0.5451515299401766
D02_multihead_dev,S1,age_temporal,1,surface_rmse,0.16471886463618415
D02_multihead_dev,S1,age_temporal,1,cf_rmse_age,0.11380400249456202
D02_multihead_dev,S1,age_temporal,1,cf_rmse_lag,0.1209385247501988
D02_multihead_dev,S1,age_temporal,1,delta_bce_beta0,0.004825700633992236
D02_multihead_dev,S1,age_temporal,1,delta_bce_full_age_shuffle,0.014358266181705936
D02_multihead_dev,S1,age_temporal,1,delta_bce_gate_age_shuffle,0.009741275518916515
D02_multihead_dev,S1,age_temporal,1,gate_signal_rmse,0.049617384452860014
D02_multihead_dev,S1,age_temporal,1,gate_signal_mae,0.03601792947505867
D02_multihead_dev,S1,age_temporal,1,gate_signal_correlation,0.981369781924898
D02_multihead_dev,S1,age_temporal,1,beta_mean,0.09590544551610947
D02_multihead_dev,S1,age_temporal,1,abs_beta_mean,0.32619038969278336
D02_multihead_dev,S1,age_temporal,1,effective_n_heads,3.9864572592424943
D02_multihead_dev,S1,age_temporal,1,head_ablation_delta_bce_0,0.024816981010832906
D02_multihead_dev,S1,age_temporal,1,head_ablation_delta_bce_1,0.02464983889942468
D02_multihead_dev,S1,age_temporal,1,head_ablation_delta_bce_2,0.03261609630114587
D02_multihead_dev,S1,age_temporal,1,head_ablation_delta_bce_3,0.019838003444130003
D02_multihead_dev,S1,age_temporal,2,bce,0.4796018739094878
D02_multihead_dev,S1,age_temporal,2,auroc,0.7435783919020602
D02_multihead_dev,S1,age_temporal,2,auprc,0.5400968998405994
D02_multihead_dev,S1,age_temporal,2,surface_rmse,0.16188745868150586
D02_multihead_dev,S1,age_temporal,2,cf_rmse_age,0.13391007241745587
D02_multihead_dev,S1,age_temporal,2,cf_rmse_lag,0.11461927823996458
D02_multihead_dev,S1,age_temporal,2,delta_bce_beta0,0.0006410806036608041
D02_multihead_dev,S1,age_temporal,2,delta_bce_full_age_shuffle,0.013335258438506747
D02_multihead_dev,S1,age_temporal,2,delta_bce_gate_age_shuffle,0.0013721834829801272
D02_multihead_dev,S1,age_temporal,2,gate_signal_rmse,0.045669757979335944
D02_multihead_dev,S1,age_temporal,2,gate_signal_mae,0.03312864141194379
D02_multihead_dev,S1,age_temporal,2,gate_signal_correlation,0.9822715619461239
D02_multihead_dev,S1,age_temporal,2,beta_mean,0.07533229887485504
D02_multihead_dev,S1,age_temporal,2,abs_beta_mean,0.19945915043354034
D02_multihead_dev,S1,age_temporal,2,effective_n_heads,3.987418858525739
D02_multihead_dev,S1,age_temporal,2,head_ablation_delta_bce_0,0.025971610952440327
D02_multihead_dev,S1,age_temporal,2,head_ablation_delta_bce_1,0.010754698956343123
D02_multihead_dev,S1,age_temporal,2,head_ablation_delta_bce_2,0.03385449571472737
D02_multihead_dev,S1,age_temporal,2,head_ablation_delta_bce_3,0.030374003410552353
D02_multihead_dev,S1,age_temporal,3,bce,0.4794941953114213
D02_multihead_dev,S1,age_temporal,3,auroc,0.7437480806548048
D02_multihead_dev,S1,age_temporal,3,auprc,0.5399128378384029
D02_multihead_dev,S1,age_temporal,3,surface_rmse,0.12582393170337405
D02_multihead_dev,S1,age_temporal,3,cf_rmse_age,0.11688993148107846
D02_multihead_dev,S1,age_temporal,3,cf_rmse_lag,0.09431700657533308
D02_multihead_dev,S1,age_temporal,3,delta_bce_beta0,0.0008074331420187542
D02_multihead_dev,S1,age_temporal,3,delta_bce_full_age_shuffle,0.01377703594888574
D02_multihead_dev,S1,age_temporal,3,delta_bce_gate_age_shuffle,0.0014326445876959304
D02_multihead_dev,S1,age_temporal,3,gate_signal_rmse,0.051740326408943535
D02_multihead_dev,S1,age_temporal,3,gate_signal_mae,0.03533441441086906
D02_multihead_dev,S1,age_temporal,3,gate_signal_correlation,0.9792251534847483
D02_multihead_dev,S1,age_temporal,3,beta_mean,0.05540114641189575
D02_multihead_dev,S1,age_temporal,3,abs_beta_mean,0.1921008676290512
D02_multihead_dev,S1,age_temporal,3,effective_n_heads,3.9915398729601548
D02_multihead_dev,S1,age_temporal,3,head_ablation_delta_bce_0,0.016552710915083924
D02_multihead_dev,S1,age_temporal,3,head_ablation_delta_bce_1,0.0209792051704904
D02_multihead_dev,S1,age_temporal,3,head_ablation_delta_bce_2,0.025137345048760362
D02_multihead_dev,S1,age_temporal,3,head_ablation_delta_bce_3,0.015203313747706948
D02_multihead_dev,S1,age_temporal,4,bce,0.47810531573223897
D02_multihead_dev,S1,age_temporal,4,auroc,0.7454301652461202
D02_multihead_dev,S1,age_temporal,4,auprc,0.544736500997562
D02_multihead_dev,S1,age_temporal,4,surface_rmse,0.1628159363990378
D02_multihead_dev,S1,age_temporal,4,cf_rmse_age,0.12382563181138989
D02_multihead_dev,S1,age_temporal,4,cf_rmse_lag,0.11945216394118349
D02_multihead_dev,S1,age_temporal,4,delta_bce_beta0,0.004039027966013076
D02_multihead_dev,S1,age_temporal,4,delta_bce_full_age_shuffle,0.015246903143665669
D02_multihead_dev,S1,age_temporal,4,delta_bce_gate_age_shuffle,0.007815558876969109
D02_multihead_dev,S1,age_temporal,4,gate_signal_rmse,0.05019416887556268
D02_multihead_dev,S1,age_temporal,4,gate_signal_mae,0.03497873780806727
D02_multihead_dev,S1,age_temporal,4,gate_signal_correlation,0.9809200750446418
D02_multihead_dev,S1,age_temporal,4,beta_mean,0.11318200081586838
D02_multihead_dev,S1,age_temporal,4,abs_beta_mean,0.3413442075252533
D02_multihead_dev,S1,age_temporal,4,effective_n_heads,3.9784948490223404
D02_multihead_dev,S1,age_temporal,4,head_ablation_delta_bce_0,0.031185072772957623
D02_multihead_dev,S1,age_temporal,4,head_ablation_delta_bce_1,0.0333914594087284
D02_multihead_dev,S1,age_temporal,4,head_ablation_delta_bce_2,0.020211336380014044
D02_multihead_dev,S1,age_temporal,4,head_ablation_delta_bce_3,0.0302385640161415
D02_multihead_dev,S1,temporal_only,0,bce,0.47951002520930175
D02_multihead_dev,S1,temporal_only,0,auroc,0.7435731412879621
D02_multihead_dev,S1,temporal_only,0,auprc,0.5403801255369086
D02_multihead_dev,S1,temporal_only,0,surface_rmse,0.1380882270970017
D02_multihead_dev,S1,temporal_only,0,cf_rmse_age,0.13211065892881865
D02_multihead_dev,S1,temporal_only,0,cf_rmse_lag,0.08724339269871578
D02_multihead_dev,S1,temporal_only,0,delta_bce_beta0,0.0
D02_multihead_dev,S1,temporal_only,0,delta_bce_full_age_shuffle,0.008357296914623169
D02_multihead_dev,S1,temporal_only,0,delta_bce_gate_age_shuffle,0.0
D02_multihead_dev,S1,temporal_only,0,gate_signal_rmse,0.04958934056086446
D02_multihead_dev,S1,temporal_only,0,gate_signal_mae,0.03246031784939508
D02_multihead_dev,S1,temporal_only,0,gate_signal_correlation,0.9795308813799531
D02_multihead_dev,S1,temporal_only,0,beta_mean,0.0
D02_multihead_dev,S1,temporal_only,0,abs_beta_mean,0.0
D02_multihead_dev,S1,temporal_only,0,effective_n_heads,3.9979962872976365
D02_multihead_dev,S1,temporal_only,0,head_ablation_delta_bce_0,0.014728611151367865
D02_multihead_dev,S1,temporal_only,0,head_ablation_delta_bce_1,0.03223303621904494
D02_multihead_dev,S1,temporal_only,0,head_ablation_delta_bce_2,0.020528326442609823
D02_multihead_dev,S1,temporal_only,0,head_ablation_delta_bce_3,0.01416779714559524
D02_multihead_dev,S1,temporal_only,1,bce,0.47949888207344665
D02_multihead_dev,S1,temporal_only,1,auroc,0.7428373156540533
D02_multihead_dev,S1,temporal_only,1,auprc,0.5415647206020351
D02_multihead_dev,S1,temporal_only,1,surface_rmse,0.17282158725790414
D02_multihead_dev,S1,temporal_only,1,cf_rmse_age,0.127126822991994
D02_multihead_dev,S1,temporal_only,1,cf_rmse_lag,0.11971480831897875
D02_multihead_dev,S1,temporal_only,1,delta_bce_beta0,0.0
D02_multihead_dev,S1,temporal_only,1,delta_bce_full_age_shuffle,0.006682160067291332
D02_multihead_dev,S1,temporal_only,1,delta_bce_gate_age_shuffle,0.0
D02_multihead_dev,S1,temporal_only,1,gate_signal_rmse,0.051668857667474026
D02_multihead_dev,S1,temporal_only,1,gate_signal_mae,0.037316828161924026
D02_multihead_dev,S1,temporal_only,1,gate_signal_correlation,0.9812672385485777
D02_multihead_dev,S1,temporal_only,1,beta_mean,0.0
D02_multihead_dev,S1,temporal_only,1,abs_beta_mean,0.0
D02_multihead_dev,S1,temporal_only,1,effective_n_heads,3.9873293898067788
D02_multihead_dev,S1,temporal_only,1,head_ablation_delta_bce_0,0.015938787233478358
D02_multihead_dev,S1,temporal_only,1,head_ablation_delta_bce_1,0.023564688142010792
D02_multihead_dev,S1,temporal_only,1,head_ablation_delta_bce_2,0.012404957465629085
D02_multihead_dev,S1,temporal_only,1,head_ablation_delta_bce_3,0.020243563737173953
D02_multihead_dev,S1,temporal_only,2,bce,0.47988078524841454
D02_multihead_dev,S1,temporal_only,2,auroc,0.7431792576392737
D02_multihead_dev,S1,temporal_only,2,auprc,0.5393768918502466
D02_multihead_dev,S1,temporal_only,2,surface_rmse,0.1620206772551024
D02_multihead_dev,S1,temporal_only,2,cf_rmse_age,0.1367862928789758
D02_multihead_dev,S1,temporal_only,2,cf_rmse_lag,0.11330626461832419
D02_multihead_dev,S1,temporal_only,2,delta_bce_beta0,0.0
D02_multihead_dev,S1,temporal_only,2,delta_bce_full_age_shuffle,0.011700638897328752
D02_multihead_dev,S1,temporal_only,2,delta_bce_gate_age_shuffle,0.0
D02_multihead_dev,S1,temporal_only,2,gate_signal_rmse,0.045452450383476777
D02_multihead_dev,S1,temporal_only,2,gate_signal_mae,0.03311769756064987
D02_multihead_dev,S1,temporal_only,2,gate_signal_correlation,0.9833534029848403
D02_multihead_dev,S1,temporal_only,2,beta_mean,0.0
D02_multihead_dev,S1,temporal_only,2,abs_beta_mean,0.0
D02_multihead_dev,S1,temporal_only,2,effective_n_heads,3.988180328646433
D02_multihead_dev,S1,temporal_only,2,head_ablation_delta_bce_0,0.025960017360222964
D02_multihead_dev,S1,temporal_only,2,head_ablation_delta_bce_1,0.009325622445791826
D02_multihead_dev,S1,temporal_only,2,head_ablation_delta_bce_2,0.025325190882205695
D02_multihead_dev,S1,temporal_only,2,head_ablation_delta_bce_3,0.02818322575427218
D02_multihead_dev,S1,temporal_only,3,bce,0.47981055184689725
D02_multihead_dev,S1,temporal_only,3,auroc,0.7430373475061569
D02_multihead_dev,S1,temporal_only,3,auprc,0.5392080024076688
D02_multihead_dev,S1,temporal_only,3,surface_rmse,0.12751100701506274
D02_multihead_dev,S1,temporal_only,3,cf_rmse_age,0.1229756427989562
D02_multihead_dev,S1,temporal_only,3,cf_rmse_lag,0.09198922199260015
D02_multihead_dev,S1,temporal_only,3,delta_bce_beta0,0.0
D02_multihead_dev,S1,temporal_only,3,delta_bce_full_age_shuffle,0.011498081158212603
D02_multihead_dev,S1,temporal_only,3,delta_bce_gate_age_shuffle,0.0
D02_multihead_dev,S1,temporal_only,3,gate_signal_rmse,0.04870115334052798
D02_multihead_dev,S1,temporal_only,3,gate_signal_mae,0.03444536265225357
D02_multihead_dev,S1,temporal_only,3,gate_signal_correlation,0.9794051731525211
D02_multihead_dev,S1,temporal_only,3,beta_mean,0.0
D02_multihead_dev,S1,temporal_only,3,abs_beta_mean,0.0
D02_multihead_dev,S1,temporal_only,3,effective_n_heads,3.9925193799258327
D02_multihead_dev,S1,temporal_only,3,head_ablation_delta_bce_0,0.017324266306049385
D02_multihead_dev,S1,temporal_only,3,head_ablation_delta_bce_1,0.014225740816821264
D02_multihead_dev,S1,temporal_only,3,head_ablation_delta_bce_2,0.02607719841957068
D02_multihead_dev,S1,temporal_only,3,head_ablation_delta_bce_3,0.013528198543826864
D02_multihead_dev,S1,temporal_only,4,bce,0.4790563363930848
D02_multihead_dev,S1,temporal_only,4,auroc,0.7437535867436389
D02_multihead_dev,S1,temporal_only,4,auprc,0.5427540765513023
D02_multihead_dev,S1,temporal_only,4,surface_rmse,0.17769440797632782
D02_multihead_dev,S1,temporal_only,4,cf_rmse_age,0.14620851796649725
D02_multihead_dev,S1,temporal_only,4,cf_rmse_lag,0.11932591114737418
D02_multihead_dev,S1,temporal_only,4,delta_bce_beta0,0.0
D02_multihead_dev,S1,temporal_only,4,delta_bce_full_age_shuffle,0.007885221196376635
D02_multihead_dev,S1,temporal_only,4,delta_bce_gate_age_shuffle,0.0
D02_multihead_dev,S1,temporal_only,4,gate_signal_rmse,0.0497509808663653
D02_multihead_dev,S1,temporal_only,4,gate_signal_mae,0.03422376244302704
D02_multihead_dev,S1,temporal_only,4,gate_signal_correlation,0.98256678519471
D02_multihead_dev,S1,temporal_only,4,beta_mean,0.0
D02_multihead_dev,S1,temporal_only,4,abs_beta_mean,0.0
D02_multihead_dev,S1,temporal_only,4,effective_n_heads,3.9816819934646337
D02_multihead_dev,S1,temporal_only,4,head_ablation_delta_bce_0,0.02658120386603119
D02_multihead_dev,S1,temporal_only,4,head_ablation_delta_bce_1,0.031457131070927236
D02_multihead_dev,S1,temporal_only,4,head_ablation_delta_bce_2,0.013323810068492425
D02_multihead_dev,S1,temporal_only,4,head_ablation_delta_bce_3,0.019082736188787475
D02_multihead_dev,S2,age_temporal,0,bce,0.4505872869914385
D02_multihead_dev,S2,age_temporal,0,auroc,0.7662430433167101
D02_multihead_dev,S2,age_temporal,0,auprc,0.5908379956389106
D02_multihead_dev,S2,age_temporal,0,surface_rmse,0.1612265470380268
D02_multihead_dev,S2,age_temporal,0,cf_rmse_age,0.14513170270841003
D02_multihead_dev,S2,age_temporal,0,cf_rmse_lag,0.14529893667955956
D02_multihead_dev,S2,age_temporal,0,delta_bce_beta0,0.0273360456146311
D02_multihead_dev,S2,age_temporal,0,delta_bce_full_age_shuffle,0.06390851809340187
D02_multihead_dev,S2,age_temporal,0,delta_bce_gate_age_shuffle,0.05248612849866391
D02_multihead_dev,S2,age_temporal,0,gate_signal_rmse,0.15284904579270725
D02_multihead_dev,S2,age_temporal,0,gate_signal_mae,0.1236911643811747
D02_multihead_dev,S2,age_temporal,0,gate_signal_correlation,0.8724989687097632
D02_multihead_dev,S2,age_temporal,0,beta_mean,-1.0081056505441666
D02_multihead_dev,S2,age_temporal,0,abs_beta_mean,1.3148607164621353
D02_multihead_dev,S2,age_temporal,0,effective_n_heads,3.998969615176574
D02_multihead_dev,S2,age_temporal,0,head_ablation_delta_bce_0,0.02023608819724987
D02_multihead_dev,S2,age_temporal,0,head_ablation_delta_bce_1,0.046036318844217994
D02_multihead_dev,S2,age_temporal,0,head_ablation_delta_bce_2,0.033459624079614225
D02_multihead_dev,S2,age_temporal,0,head_ablation_delta_bce_3,0.05102131857317754
D02_multihead_dev,S2,age_temporal,1,bce,0.44990886857002793
D02_multihead_dev,S2,age_temporal,1,auroc,0.7676582719459899
D02_multihead_dev,S2,age_temporal,1,auprc,0.5934634309253652
D02_multihead_dev,S2,age_temporal,1,surface_rmse,0.20123794520125393
D02_multihead_dev,S2,age_temporal,1,cf_rmse_age,0.14432079762041988
D02_multihead_dev,S2,age_temporal,1,cf_rmse_lag,0.1752138194212199
D02_multihead_dev,S2,age_temporal,1,delta_bce_beta0,0.03126747681665221
D02_multihead_dev,S2,age_temporal,1,delta_bce_full_age_shuffle,0.06835053950894615
D02_multihead_dev,S2,age_temporal,1,delta_bce_gate_age_shuffle,0.06203890702782083
D02_multihead_dev,S2,age_temporal,1,gate_signal_rmse,0.16413116358962018
D02_multihead_dev,S2,age_temporal,1,gate_signal_mae,0.13487693338135978
D02_multihead_dev,S2,age_temporal,1,gate_signal_correlation,0.8454485459952628
D02_multihead_dev,S2,age_temporal,1,beta_mean,-0.8637968450784683
D02_multihead_dev,S2,age_temporal,1,abs_beta_mean,1.2817571610212326
D02_multihead_dev,S2,age_temporal,1,effective_n_heads,3.998719144873171
D02_multihead_dev,S2,age_temporal,1,head_ablation_delta_bce_0,0.04230643675512208
D02_multihead_dev,S2,age_temporal,1,head_ablation_delta_bce_1,0.016214468445671537
D02_multihead_dev,S2,age_temporal,1,head_ablation_delta_bce_2,0.04058589076976432
D02_multihead_dev,S2,age_temporal,1,head_ablation_delta_bce_3,0.05891211411225944
D02_multihead_dev,S2,age_temporal,2,bce,0.45021267392897485
D02_multihead_dev,S2,age_temporal,2,auroc,0.7666108213587723
D02_multihead_dev,S2,age_temporal,2,auprc,0.5911261093641093
D02_multihead_dev,S2,age_temporal,2,surface_rmse,0.13621058339418524
D02_multihead_dev,S2,age_temporal,2,cf_rmse_age,0.1528495770608273
D02_multihead_dev,S2,age_temporal,2,cf_rmse_lag,0.12511902695920174
D02_multihead_dev,S2,age_temporal,2,delta_bce_beta0,0.03151293753988843
D02_multihead_dev,S2,age_temporal,2,delta_bce_full_age_shuffle,0.06273302149384657
D02_multihead_dev,S2,age_temporal,2,delta_bce_gate_age_shuffle,0.05428506114954751
D02_multihead_dev,S2,age_temporal,2,gate_signal_rmse,0.17578509838236103
D02_multihead_dev,S2,age_temporal,2,gate_signal_mae,0.13942279880602554
D02_multihead_dev,S2,age_temporal,2,gate_signal_correlation,0.8246064229984807
D02_multihead_dev,S2,age_temporal,2,beta_mean,-0.8690937384963036
D02_multihead_dev,S2,age_temporal,2,abs_beta_mean,0.9988692030310631
D02_multihead_dev,S2,age_temporal,2,effective_n_heads,3.9868268536868414
D02_multihead_dev,S2,age_temporal,2,head_ablation_delta_bce_0,0.03104407807306464
D02_multihead_dev,S2,age_temporal,2,head_ablation_delta_bce_1,0.024100904889357788
D02_multihead_dev,S2,age_temporal,2,head_ablation_delta_bce_2,0.08022448468453719
D02_multihead_dev,S2,age_temporal,2,head_ablation_delta_bce_3,0.0423655792230907
D02_multihead_dev,S2,age_temporal,3,bce,0.45023646472305406
D02_multihead_dev,S2,age_temporal,3,auroc,0.7672321596550091
D02_multihead_dev,S2,age_temporal,3,auprc,0.5909492291223725
D02_multihead_dev,S2,age_temporal,3,surface_rmse,0.1595214797364642
D02_multihead_dev,S2,age_temporal,3,cf_rmse_age,0.13789733107342667
D02_multihead_dev,S2,age_temporal,3,cf_rmse_lag,0.14931681937870192
D02_multihead_dev,S2,age_temporal,3,delta_bce_beta0,0.028633353687655128
D02_multihead_dev,S2,age_temporal,3,delta_bce_full_age_shuffle,0.06939072063667878
D02_multihead_dev,S2,age_temporal,3,delta_bce_gate_age_shuffle,0.05351621551707603
D02_multihead_dev,S2,age_temporal,3,gate_signal_rmse,0.1407673567375137
D02_multihead_dev,S2,age_temporal,3,gate_signal_mae,0.1128338666081337
D02_multihead_dev,S2,age_temporal,3,gate_signal_correlation,0.8977853717265891
D02_multihead_dev,S2,age_temporal,3,beta_mean,-1.161792665719986
D02_multihead_dev,S2,age_temporal,3,abs_beta_mean,1.4372582733631134
D02_multihead_dev,S2,age_temporal,3,effective_n_heads,3.9970196030860015
D02_multihead_dev,S2,age_temporal,3,head_ablation_delta_bce_0,0.03533918525034335
D02_multihead_dev,S2,age_temporal,3,head_ablation_delta_bce_1,0.033184779299134326
D02_multihead_dev,S2,age_temporal,3,head_ablation_delta_bce_2,0.04743725606973581
D02_multihead_dev,S2,age_temporal,3,head_ablation_delta_bce_3,0.03405925088973161
D02_multihead_dev,S2,age_temporal,4,bce,0.45091288474389657
D02_multihead_dev,S2,age_temporal,4,auroc,0.7667223972813353
D02_multihead_dev,S2,age_temporal,4,auprc,0.5904167272489226
D02_multihead_dev,S2,age_temporal,4,surface_rmse,0.17054220202543646
D02_multihead_dev,S2,age_temporal,4,cf_rmse_age,0.12589333177950351
D02_multihead_dev,S2,age_temporal,4,cf_rmse_lag,0.14064045356688337
D02_multihead_dev,S2,age_temporal,4,delta_bce_beta0,0.03026429591208213
D02_multihead_dev,S2,age_temporal,4,delta_bce_full_age_shuffle,0.06889224110881276
D02_multihead_dev,S2,age_temporal,4,delta_bce_gate_age_shuffle,0.06283208163286458
D02_multihead_dev,S2,age_temporal,4,gate_signal_rmse,0.13830760745073528
D02_multihead_dev,S2,age_temporal,4,gate_signal_mae,0.11273935564482473
D02_multihead_dev,S2,age_temporal,4,gate_signal_correlation,0.8996767187585215
D02_multihead_dev,S2,age_temporal,4,beta_mean,-1.1473330110311508
D02_multihead_dev,S2,age_temporal,4,abs_beta_mean,1.5575185269117355
D02_multihead_dev,S2,age_temporal,4,effective_n_heads,3.994006094859008
D02_multihead_dev,S2,age_temporal,4,head_ablation_delta_bce_0,0.03455859977832676
D02_multihead_dev,S2,age_temporal,4,head_ablation_delta_bce_1,0.025369631757312827
D02_multihead_dev,S2,age_temporal,4,head_ablation_delta_bce_2,0.03615574849690384
D02_multihead_dev,S2,age_temporal,4,head_ablation_delta_bce_3,0.03314766535420799
D02_multihead_dev,S2,temporal_only,0,bce,0.45929905134459603
D02_multihead_dev,S2,temporal_only,0,auroc,0.7599216698204363
D02_multihead_dev,S2,temporal_only,0,auprc,0.5744100965375103
D02_multihead_dev,S2,temporal_only,0,surface_rmse,0.21154779360181042
D02_multihead_dev,S2,temporal_only,0,cf_rmse_age,0.19063929875754487
D02_multihead_dev,S2,temporal_only,0,cf_rmse_lag,0.16549405004856774
D02_multihead_dev,S2,temporal_only,0,delta_bce_beta0,0.0
D02_multihead_dev,S2,temporal_only,0,delta_bce_full_age_shuffle,0.008803967210089303
D02_multihead_dev,S2,temporal_only,0,delta_bce_gate_age_shuffle,0.0
D02_multihead_dev,S2,temporal_only,0,gate_signal_rmse,0.2645962942498037
D02_multihead_dev,S2,temporal_only,0,gate_signal_mae,0.22206556416338932
D02_multihead_dev,S2,temporal_only,0,gate_signal_correlation,0.5023285003162752
D02_multihead_dev,S2,temporal_only,0,beta_mean,0.0
D02_multihead_dev,S2,temporal_only,0,abs_beta_mean,0.0
D02_multihead_dev,S2,temporal_only,0,effective_n_heads,3.9992923652187478
D02_multihead_dev,S2,temporal_only,0,head_ablation_delta_bce_0,0.019527184719773383
D02_multihead_dev,S2,temporal_only,0,head_ablation_delta_bce_1,0.02276880915946433
D02_multihead_dev,S2,temporal_only,0,head_ablation_delta_bce_2,0.040428799513557934
D02_multihead_dev,S2,temporal_only,0,head_ablation_delta_bce_3,0.022095624559663574
D02_multihead_dev,S2,temporal_only,1,bce,0.45903270133664364
D02_multihead_dev,S2,temporal_only,1,auroc,0.7609936961270234
D02_multihead_dev,S2,temporal_only,1,auprc,0.5766963791645426
D02_multihead_dev,S2,temporal_only,1,surface_rmse,0.24826136583724936
D02_multihead_dev,S2,temporal_only,1,cf_rmse_age,0.19623228479224858
D02_multihead_dev,S2,temporal_only,1,cf_rmse_lag,0.1908850154129616
D02_multihead_dev,S2,temporal_only,1,delta_bce_beta0,0.0
D02_multihead_dev,S2,temporal_only,1,delta_bce_full_age_shuffle,0.006430323852665731
D02_multihead_dev,S2,temporal_only,1,delta_bce_gate_age_shuffle,0.0
D02_multihead_dev,S2,temporal_only,1,gate_signal_rmse,0.2643048952741351
D02_multihead_dev,S2,temporal_only,1,gate_signal_mae,0.22228171934766686
D02_multihead_dev,S2,temporal_only,1,gate_signal_correlation,0.5034054006000627
D02_multihead_dev,S2,temporal_only,1,beta_mean,0.0
D02_multihead_dev,S2,temporal_only,1,abs_beta_mean,0.0
D02_multihead_dev,S2,temporal_only,1,effective_n_heads,3.996612192637515
D02_multihead_dev,S2,temporal_only,1,head_ablation_delta_bce_0,0.029419568502740856
D02_multihead_dev,S2,temporal_only,1,head_ablation_delta_bce_1,0.019001742933732135
D02_multihead_dev,S2,temporal_only,1,head_ablation_delta_bce_2,0.022635447813513954
D02_multihead_dev,S2,temporal_only,1,head_ablation_delta_bce_3,0.035405549404665615
D02_multihead_dev,S2,temporal_only,2,bce,0.4580807846103694
D02_multihead_dev,S2,temporal_only,2,auroc,0.7611811876916799
D02_multihead_dev,S2,temporal_only,2,auprc,0.5775798838594131
D02_multihead_dev,S2,temporal_only,2,surface_rmse,0.20944591886685163
D02_multihead_dev,S2,temporal_only,2,cf_rmse_age,0.19072878585859093
D02_multihead_dev,S2,temporal_only,2,cf_rmse_lag,0.1376318737785429
D02_multihead_dev,S2,temporal_only,2,delta_bce_beta0,0.0
D02_multihead_dev,S2,temporal_only,2,delta_bce_full_age_shuffle,0.008843571366655367
D02_multihead_dev,S2,temporal_only,2,delta_bce_gate_age_shuffle,0.0
D02_multihead_dev,S2,temporal_only,2,gate_signal_rmse,0.26352634034553246
D02_multihead_dev,S2,temporal_only,2,gate_signal_mae,0.22051481537267062
D02_multihead_dev,S2,temporal_only,2,gate_signal_correlation,0.503746467855566
D02_multihead_dev,S2,temporal_only,2,beta_mean,0.0
D02_multihead_dev,S2,temporal_only,2,abs_beta_mean,0.0
D02_multihead_dev,S2,temporal_only,2,effective_n_heads,3.986003292277111
D02_multihead_dev,S2,temporal_only,2,head_ablation_delta_bce_0,0.03414510138554033
D02_multihead_dev,S2,temporal_only,2,head_ablation_delta_bce_1,0.01908010793415088
D02_multihead_dev,S2,temporal_only,2,head_ablation_delta_bce_2,0.01744239434504724
D02_multihead_dev,S2,temporal_only,2,head_ablation_delta_bce_3,0.05295235927771236
D02_multihead_dev,S2,temporal_only,3,bce,0.4596288849354776
D02_multihead_dev,S2,temporal_only,3,auroc,0.7601629471163457
D02_multihead_dev,S2,temporal_only,3,auprc,0.5741949446251644
D02_multihead_dev,S2,temporal_only,3,surface_rmse,0.22566381619020467
D02_multihead_dev,S2,temporal_only,3,cf_rmse_age,0.20519733956892608
D02_multihead_dev,S2,temporal_only,3,cf_rmse_lag,0.15751936192445137
D02_multihead_dev,S2,temporal_only,3,delta_bce_beta0,0.0
D02_multihead_dev,S2,temporal_only,3,delta_bce_full_age_shuffle,0.009449179455958412
D02_multihead_dev,S2,temporal_only,3,delta_bce_gate_age_shuffle,0.0
D02_multihead_dev,S2,temporal_only,3,gate_signal_rmse,0.26369322604924356
D02_multihead_dev,S2,temporal_only,3,gate_signal_mae,0.22165421253469966
D02_multihead_dev,S2,temporal_only,3,gate_signal_correlation,0.5041011340687911
D02_multihead_dev,S2,temporal_only,3,beta_mean,0.0
D02_multihead_dev,S2,temporal_only,3,abs_beta_mean,0.0
D02_multihead_dev,S2,temporal_only,3,effective_n_heads,3.9990671393196995
D02_multihead_dev,S2,temporal_only,3,head_ablation_delta_bce_0,0.026520711134855823
D02_multihead_dev,S2,temporal_only,3,head_ablation_delta_bce_1,0.039680504964340946
D02_multihead_dev,S2,temporal_only,3,head_ablation_delta_bce_2,0.021654263340412816
D02_multihead_dev,S2,temporal_only,3,head_ablation_delta_bce_3,0.02131227458121626
D02_multihead_dev,S2,temporal_only,4,bce,0.46051266690110715
D02_multihead_dev,S2,temporal_only,4,auroc,0.7580828188214838
D02_multihead_dev,S2,temporal_only,4,auprc,0.5724768385749416
D02_multihead_dev,S2,temporal_only,4,surface_rmse,0.22909762613488957
D02_multihead_dev,S2,temporal_only,4,cf_rmse_age,0.19931341143690742
D02_multihead_dev,S2,temporal_only,4,cf_rmse_lag,0.1442061489258551
D02_multihead_dev,S2,temporal_only,4,delta_bce_beta0,0.0
D02_multihead_dev,S2,temporal_only,4,delta_bce_full_age_shuffle,0.00699169107853348
D02_multihead_dev,S2,temporal_only,4,delta_bce_gate_age_shuffle,0.0
D02_multihead_dev,S2,temporal_only,4,gate_signal_rmse,0.2637256964480232
D02_multihead_dev,S2,temporal_only,4,gate_signal_mae,0.22236336302440934
D02_multihead_dev,S2,temporal_only,4,gate_signal_correlation,0.5056547852340818
D02_multihead_dev,S2,temporal_only,4,beta_mean,0.0
D02_multihead_dev,S2,temporal_only,4,abs_beta_mean,0.0
D02_multihead_dev,S2,temporal_only,4,effective_n_heads,3.989003901770721
D02_multihead_dev,S2,temporal_only,4,head_ablation_delta_bce_0,0.02472893914690294
D02_multihead_dev,S2,temporal_only,4,head_ablation_delta_bce_1,0.0248531571742181
D02_multihead_dev,S2,temporal_only,4,head_ablation_delta_bce_2,0.023883783515807833
D02_multihead_dev,S2,temporal_only,4,head_ablation_delta_bce_3,0.014836674920817916
D02_multihead_dev,S3,age_temporal,0,bce,0.481438084125317
D02_multihead_dev,S3,age_temporal,0,auroc,0.7393592312853325
D02_multihead_dev,S3,age_temporal,0,auprc,0.5443592765170945
D02_multihead_dev,S3,age_temporal,0,surface_rmse,0.11841522139503906
D02_multihead_dev,S3,age_temporal,0,cf_rmse_age,0.08266634154420997
D02_multihead_dev,S3,age_temporal,0,cf_rmse_lag,0.09115743414361
D02_multihead_dev,S3,age_temporal,0,delta_bce_beta0,0.013509852983620285
D02_multihead_dev,S3,age_temporal,0,delta_bce_full_age_shuffle,0.03935793961782158
D02_multihead_dev,S3,age_temporal,0,delta_bce_gate_age_shuffle,0.027156207428684465
D02_multihead_dev,S3,age_temporal,0,gate_signal_rmse,0.17623382476762137
D02_multihead_dev,S3,age_temporal,0,gate_signal_mae,0.14203545541550294
D02_multihead_dev,S3,age_temporal,0,gate_signal_correlation,0.7926357052452461
D02_multihead_dev,S3,age_temporal,0,beta_mean,0.8448704481124878
D02_multihead_dev,S3,age_temporal,0,abs_beta_mean,0.9359565675258636
D02_multihead_dev,S3,age_temporal,0,effective_n_heads,3.9998335371610323
D02_multihead_dev,S3,age_temporal,0,head_ablation_delta_bce_0,0.014533478062828398
D02_multihead_dev,S3,age_temporal,0,head_ablation_delta_bce_1,0.03705469901787378
D02_multihead_dev,S3,age_temporal,0,head_ablation_delta_bce_2,0.02941551315475327
D02_multihead_dev,S3,age_temporal,0,head_ablation_delta_bce_3,0.02034706059376351
D02_multihead_dev,S3,age_temporal,1,bce,0.4833757663056875
D02_multihead_dev,S3,age_temporal,1,auroc,0.737665320723688
D02_multihead_dev,S3,age_temporal,1,auprc,0.5408386659180283
D02_multihead_dev,S3,age_temporal,1,surface_rmse,0.15626675460354786
D02_multihead_dev,S3,age_temporal,1,cf_rmse_age,0.09987396450794513
D02_multihead_dev,S3,age_temporal,1,cf_rmse_lag,0.10653864192448202
D02_multihead_dev,S3,age_temporal,1,delta_bce_beta0,0.015522765503444613
D02_multihead_dev,S3,age_temporal,1,delta_bce_full_age_shuffle,0.03881596674590787
D02_multihead_dev,S3,age_temporal,1,delta_bce_gate_age_shuffle,0.029035438570650107
D02_multihead_dev,S3,age_temporal,1,gate_signal_rmse,0.16776112884085556
D02_multihead_dev,S3,age_temporal,1,gate_signal_mae,0.1327120057013007
D02_multihead_dev,S3,age_temporal,1,gate_signal_correlation,0.8100913966111764
D02_multihead_dev,S3,age_temporal,1,beta_mean,1.06361822783947
D02_multihead_dev,S3,age_temporal,1,abs_beta_mean,1.2599012106657028
D02_multihead_dev,S3,age_temporal,1,effective_n_heads,3.9957912921133807
D02_multihead_dev,S3,age_temporal,1,head_ablation_delta_bce_0,0.01808543943860813
D02_multihead_dev,S3,age_temporal,1,head_ablation_delta_bce_1,0.015102550114506785
D02_multihead_dev,S3,age_temporal,1,head_ablation_delta_bce_2,0.017277794351294562
D02_multihead_dev,S3,age_temporal,1,head_ablation_delta_bce_3,0.03163062541599476
D02_multihead_dev,S3,age_temporal,2,bce,0.4831887618037587
D02_multihead_dev,S3,age_temporal,2,auroc,0.7387973791800516
D02_multihead_dev,S3,age_temporal,2,auprc,0.5438191903913685
D02_multihead_dev,S3,age_temporal,2,surface_rmse,0.15991723841859748
D02_multihead_dev,S3,age_temporal,2,cf_rmse_age,0.0892167892013144
D02_multihead_dev,S3,age_temporal,2,cf_rmse_lag,0.10524986078772373
D02_multihead_dev,S3,age_temporal,2,delta_bce_beta0,0.015246163286831205
D02_multihead_dev,S3,age_temporal,2,delta_bce_full_age_shuffle,0.043008429738557674
D02_multihead_dev,S3,age_temporal,2,delta_bce_gate_age_shuffle,0.02835868863202118
D02_multihead_dev,S3,age_temporal,2,gate_signal_rmse,0.17304575348162315
D02_multihead_dev,S3,age_temporal,2,gate_signal_mae,0.13969444929128516
D02_multihead_dev,S3,age_temporal,2,gate_signal_correlation,0.7964943668665718
D02_multihead_dev,S3,age_temporal,2,beta_mean,0.8633876144886017
D02_multihead_dev,S3,age_temporal,2,abs_beta_mean,1.2064319550991058
D02_multihead_dev,S3,age_temporal,2,effective_n_heads,3.9936557802075847
D02_multihead_dev,S3,age_temporal,2,head_ablation_delta_bce_0,0.015548859659994474
D02_multihead_dev,S3,age_temporal,2,head_ablation_delta_bce_1,0.037863666020361175
D02_multihead_dev,S3,age_temporal,2,head_ablation_delta_bce_2,0.0155943646466426
D02_multihead_dev,S3,age_temporal,2,head_ablation_delta_bce_3,0.02728557932771658
D02_multihead_dev,S3,age_temporal,3,bce,0.4824712122468964
D02_multihead_dev,S3,age_temporal,3,auroc,0.7389779452514387
D02_multihead_dev,S3,age_temporal,3,auprc,0.5435342545556736
D02_multihead_dev,S3,age_temporal,3,surface_rmse,0.16678319686621468
D02_multihead_dev,S3,age_temporal,3,cf_rmse_age,0.12384139290363955
D02_multihead_dev,S3,age_temporal,3,cf_rmse_lag,0.11926754435715768
D02_multihead_dev,S3,age_temporal,3,delta_bce_beta0,0.017404940753783182
D02_multihead_dev,S3,age_temporal,3,delta_bce_full_age_shuffle,0.04228882787254218
D02_multihead_dev,S3,age_temporal,3,delta_bce_gate_age_shuffle,0.03289246199706586
D02_multihead_dev,S3,age_temporal,3,gate_signal_rmse,0.18924141659128738
D02_multihead_dev,S3,age_temporal,3,gate_signal_mae,0.15136494642723414
D02_multihead_dev,S3,age_temporal,3,gate_signal_correlation,0.7502819779180911
D02_multihead_dev,S3,age_temporal,3,beta_mean,0.788002610206604
D02_multihead_dev,S3,age_temporal,3,abs_beta_mean,0.788002610206604
D02_multihead_dev,S3,age_temporal,3,effective_n_heads,3.9969444834504997
D02_multihead_dev,S3,age_temporal,3,head_ablation_delta_bce_0,0.013226440093848157
D02_multihead_dev,S3,age_temporal,3,head_ablation_delta_bce_1,0.023056565502771242
D02_multihead_dev,S3,age_temporal,3,head_ablation_delta_bce_2,0.013294968789082762
D02_multihead_dev,S3,age_temporal,3,head_ablation_delta_bce_3,0.03998667577031234
D02_multihead_dev,S3,age_temporal,4,bce,0.4833686854309932
D02_multihead_dev,S3,age_temporal,4,auroc,0.7364650108897157
D02_multihead_dev,S3,age_temporal,4,auprc,0.540986848184753
D02_multihead_dev,S3,age_temporal,4,surface_rmse,0.1584687926579144
D02_multihead_dev,S3,age_temporal,4,cf_rmse_age,0.13771155547953032
D02_multihead_dev,S3,age_temporal,4,cf_rmse_lag,0.09956479719619048
D02_multihead_dev,S3,age_temporal,4,delta_bce_beta0,0.015475870854063434
D02_multihead_dev,S3,age_temporal,4,delta_bce_full_age_shuffle,0.043620400836896
D02_multihead_dev,S3,age_temporal,4,delta_bce_gate_age_shuffle,0.03153162175638291
D02_multihead_dev,S3,age_temporal,4,gate_signal_rmse,0.19474363218898655
D02_multihead_dev,S3,age_temporal,4,gate_signal_mae,0.15478656092753912
D02_multihead_dev,S3,age_temporal,4,gate_signal_correlation,0.7396129625763963
D02_multihead_dev,S3,age_temporal,4,beta_mean,0.754673421382904
D02_multihead_dev,S3,age_temporal,4,abs_beta_mean,1.1255744397640228
D02_multihead_dev,S3,age_temporal,4,effective_n_heads,3.9901856605802006
D02_multihead_dev,S3,age_temporal,4,head_ablation_delta_bce_0,0.026448312444459998
D02_multihead_dev,S3,age_temporal,4,head_ablation_delta_bce_1,0.022280705792827815
D02_multihead_dev,S3,age_temporal,4,head_ablation_delta_bce_2,0.01303371306843959
D02_multihead_dev,S3,age_temporal,4,head_ablation_delta_bce_3,0.03436014555438127
D02_multihead_dev,S3,temporal_only,0,bce,0.48892925211458155
D02_multihead_dev,S3,temporal_only,0,auroc,0.7329995325935157
D02_multihead_dev,S3,temporal_only,0,auprc,0.5270855086844054
D02_multihead_dev,S3,temporal_only,0,surface_rmse,0.15850400094381448
D02_multihead_dev,S3,temporal_only,0,cf_rmse_age,0.13156080466643388
D02_multihead_dev,S3,temporal_only,0,cf_rmse_lag,0.0995902195548416
D02_multihead_dev,S3,temporal_only,0,delta_bce_beta0,0.0
D02_multihead_dev,S3,temporal_only,0,delta_bce_full_age_shuffle,0.009451295580855501
D02_multihead_dev,S3,temporal_only,0,delta_bce_gate_age_shuffle,0.0
D02_multihead_dev,S3,temporal_only,0,gate_signal_rmse,0.2645853393584327
D02_multihead_dev,S3,temporal_only,0,gate_signal_mae,0.21980870378617962
D02_multihead_dev,S3,temporal_only,0,gate_signal_correlation,0.5117464295047738
D02_multihead_dev,S3,temporal_only,0,beta_mean,0.0
D02_multihead_dev,S3,temporal_only,0,abs_beta_mean,0.0
D02_multihead_dev,S3,temporal_only,0,effective_n_heads,3.999152889241084
D02_multihead_dev,S3,temporal_only,0,head_ablation_delta_bce_0,0.015145122583507808
D02_multihead_dev,S3,temporal_only,0,head_ablation_delta_bce_1,0.031098249015338142
D02_multihead_dev,S3,temporal_only,0,head_ablation_delta_bce_2,0.01934151019120528
D02_multihead_dev,S3,temporal_only,0,head_ablation_delta_bce_3,0.020814144605330098
D02_multihead_dev,S3,temporal_only,1,bce,0.489500065015493
D02_multihead_dev,S3,temporal_only,1,auroc,0.7324977302643239
D02_multihead_dev,S3,temporal_only,1,auprc,0.525157399150173
D02_multihead_dev,S3,temporal_only,1,surface_rmse,0.15356678287815212
D02_multihead_dev,S3,temporal_only,1,cf_rmse_age,0.13850169399169193
D02_multihead_dev,S3,temporal_only,1,cf_rmse_lag,0.08863561036777849
D02_multihead_dev,S3,temporal_only,1,delta_bce_beta0,0.0
D02_multihead_dev,S3,temporal_only,1,delta_bce_full_age_shuffle,0.0074652010706639516
D02_multihead_dev,S3,temporal_only,1,delta_bce_gate_age_shuffle,0.0
D02_multihead_dev,S3,temporal_only,1,gate_signal_rmse,0.27414302388473955
D02_multihead_dev,S3,temporal_only,1,gate_signal_mae,0.22681066183167917
D02_multihead_dev,S3,temporal_only,1,gate_signal_correlation,0.4953681962906768
D02_multihead_dev,S3,temporal_only,1,beta_mean,0.0
D02_multihead_dev,S3,temporal_only,1,abs_beta_mean,0.0
D02_multihead_dev,S3,temporal_only,1,effective_n_heads,3.9925036563362735
D02_multihead_dev,S3,temporal_only,1,head_ablation_delta_bce_0,0.01995693860417297
D02_multihead_dev,S3,temporal_only,1,head_ablation_delta_bce_1,0.01713183222349496
D02_multihead_dev,S3,temporal_only,1,head_ablation_delta_bce_2,0.01127762725914111
D02_multihead_dev,S3,temporal_only,1,head_ablation_delta_bce_3,0.02065234797763288
D02_multihead_dev,S3,temporal_only,2,bce,0.48912099478259996
D02_multihead_dev,S3,temporal_only,2,auroc,0.7342448385698277
D02_multihead_dev,S3,temporal_only,2,auprc,0.5308771725190882
D02_multihead_dev,S3,temporal_only,2,surface_rmse,0.1839603593574743
D02_multihead_dev,S3,temporal_only,2,cf_rmse_age,0.1386903049826673
D02_multihead_dev,S3,temporal_only,2,cf_rmse_lag,0.10420267874357929
D02_multihead_dev,S3,temporal_only,2,delta_bce_beta0,0.0
D02_multihead_dev,S3,temporal_only,2,delta_bce_full_age_shuffle,0.011749797508119553
D02_multihead_dev,S3,temporal_only,2,delta_bce_gate_age_shuffle,0.0
D02_multihead_dev,S3,temporal_only,2,gate_signal_rmse,0.2727193962641129
D02_multihead_dev,S3,temporal_only,2,gate_signal_mae,0.22687129153634653
D02_multihead_dev,S3,temporal_only,2,gate_signal_correlation,0.5047880935509347
D02_multihead_dev,S3,temporal_only,2,beta_mean,0.0
D02_multihead_dev,S3,temporal_only,2,abs_beta_mean,0.0
D02_multihead_dev,S3,temporal_only,2,effective_n_heads,3.991160913708347
D02_multihead_dev,S3,temporal_only,2,head_ablation_delta_bce_0,0.01821634949463602
D02_multihead_dev,S3,temporal_only,2,head_ablation_delta_bce_1,0.027826353401528947
D02_multihead_dev,S3,temporal_only,2,head_ablation_delta_bce_2,0.018370915251360143
D02_multihead_dev,S3,temporal_only,2,head_ablation_delta_bce_3,0.020965725754855002
D02_multihead_dev,S3,temporal_only,3,bce,0.4892919810388785
D02_multihead_dev,S3,temporal_only,3,auroc,0.7334163580930193
D02_multihead_dev,S3,temporal_only,3,auprc,0.5285575310372636
D02_multihead_dev,S3,temporal_only,3,surface_rmse,0.19902443676523185
D02_multihead_dev,S3,temporal_only,3,cf_rmse_age,0.1735634678916151
D02_multihead_dev,S3,temporal_only,3,cf_rmse_lag,0.12248229584722371
D02_multihead_dev,S3,temporal_only,3,delta_bce_beta0,0.0
D02_multihead_dev,S3,temporal_only,3,delta_bce_full_age_shuffle,0.009550994483892183
D02_multihead_dev,S3,temporal_only,3,delta_bce_gate_age_shuffle,0.0
D02_multihead_dev,S3,temporal_only,3,gate_signal_rmse,0.27420742537939136
D02_multihead_dev,S3,temporal_only,3,gate_signal_mae,0.22651642955810522
D02_multihead_dev,S3,temporal_only,3,gate_signal_correlation,0.4940197100389351
D02_multihead_dev,S3,temporal_only,3,beta_mean,0.0
D02_multihead_dev,S3,temporal_only,3,abs_beta_mean,0.0
D02_multihead_dev,S3,temporal_only,3,effective_n_heads,3.997582479853074
D02_multihead_dev,S3,temporal_only,3,head_ablation_delta_bce_0,0.015555114649677737
D02_multihead_dev,S3,temporal_only,3,head_ablation_delta_bce_1,0.018665976429888542
D02_multihead_dev,S3,temporal_only,3,head_ablation_delta_bce_2,0.011300044524880981
D02_multihead_dev,S3,temporal_only,3,head_ablation_delta_bce_3,0.018667531523368086
D02_multihead_dev,S3,temporal_only,4,bce,0.48880055006776413
D02_multihead_dev,S3,temporal_only,4,auroc,0.732477239586613
D02_multihead_dev,S3,temporal_only,4,auprc,0.5276561570701961
D02_multihead_dev,S3,temporal_only,4,surface_rmse,0.15093389051644532
D02_multihead_dev,S3,temporal_only,4,cf_rmse_age,0.14014459039512517
D02_multihead_dev,S3,temporal_only,4,cf_rmse_lag,0.1042759503420381
D02_multihead_dev,S3,temporal_only,4,delta_bce_beta0,0.0
D02_multihead_dev,S3,temporal_only,4,delta_bce_full_age_shuffle,0.009258750195351773
D02_multihead_dev,S3,temporal_only,4,delta_bce_gate_age_shuffle,0.0
D02_multihead_dev,S3,temporal_only,4,gate_signal_rmse,0.2794389513127767
D02_multihead_dev,S3,temporal_only,4,gate_signal_mae,0.2304916371274714
D02_multihead_dev,S3,temporal_only,4,gate_signal_correlation,0.4883016052113971
D02_multihead_dev,S3,temporal_only,4,beta_mean,0.0
D02_multihead_dev,S3,temporal_only,4,abs_beta_mean,0.0
D02_multihead_dev,S3,temporal_only,4,effective_n_heads,3.987665177024315
D02_multihead_dev,S3,temporal_only,4,head_ablation_delta_bce_0,0.01715670056366647
D02_multihead_dev,S3,temporal_only,4,head_ablation_delta_bce_1,0.018308139529090717
D02_multihead_dev,S3,temporal_only,4,head_ablation_delta_bce_2,0.014145570653249173
D02_multihead_dev,S3,temporal_only,4,head_ablation_delta_bce_3,0.016250685429052836
D00_oracle_gate,S0,matched,0,delta_bce_to_minus_at,0.0
D00_oracle_gate,S0,matched,0,delta_auroc_at_minus_to,0.0
D00_oracle_gate,S0,matched,0,delta_auprc_at_minus_to,0.0
D00_oracle_gate,S0,matched,1,delta_bce_to_minus_at,0.0
D00_oracle_gate,S0,matched,1,delta_auroc_at_minus_to,0.0
D00_oracle_gate,S0,matched,1,delta_auprc_at_minus_to,0.0
D00_oracle_gate,S0,matched,2,delta_bce_to_minus_at,0.0
D00_oracle_gate,S0,matched,2,delta_auroc_at_minus_to,0.0
D00_oracle_gate,S0,matched,2,delta_auprc_at_minus_to,0.0
D00_oracle_gate,S0,matched,3,delta_bce_to_minus_at,0.0
D00_oracle_gate,S0,matched,3,delta_auroc_at_minus_to,0.0
D00_oracle_gate,S0,matched,3,delta_auprc_at_minus_to,0.0
D00_oracle_gate,S0,matched,4,delta_bce_to_minus_at,0.0
D00_oracle_gate,S0,matched,4,delta_auroc_at_minus_to,0.0
D00_oracle_gate,S0,matched,4,delta_auprc_at_minus_to,0.0
D00_oracle_gate,S1,matched,0,delta_bce_to_minus_at,0.0
D00_oracle_gate,S1,matched,0,delta_auroc_at_minus_to,0.0
D00_oracle_gate,S1,matched,0,delta_auprc_at_minus_to,0.0
D00_oracle_gate,S1,matched,1,delta_bce_to_minus_at,0.0
D00_oracle_gate,S1,matched,1,delta_auroc_at_minus_to,0.0
D00_oracle_gate,S1,matched,1,delta_auprc_at_minus_to,0.0
D00_oracle_gate,S1,matched,2,delta_bce_to_minus_at,0.0
D00_oracle_gate,S1,matched,2,delta_auroc_at_minus_to,0.0
D00_oracle_gate,S1,matched,2,delta_auprc_at_minus_to,0.0
D00_oracle_gate,S1,matched,3,delta_bce_to_minus_at,0.0
D00_oracle_gate,S1,matched,3,delta_auroc_at_minus_to,0.0
D00_oracle_gate,S1,matched,3,delta_auprc_at_minus_to,0.0
D00_oracle_gate,S1,matched,4,delta_bce_to_minus_at,0.0
D00_oracle_gate,S1,matched,4,delta_auroc_at_minus_to,0.0
D00_oracle_gate,S1,matched,4,delta_auprc_at_minus_to,0.0
D00_oracle_gate,S2,matched,0,delta_bce_to_minus_at,0.0025738155634025817
D00_oracle_gate,S2,matched,0,delta_auroc_at_minus_to,-0.0017207684414748403
D00_oracle_gate,S2,matched,0,delta_auprc_at_minus_to,0.007651598367679369
D00_oracle_gate,S2,matched,1,delta_bce_to_minus_at,0.006071420841550101
D00_oracle_gate,S2,matched,1,delta_auroc_at_minus_to,0.0019051230973963218
D00_oracle_gate,S2,matched,1,delta_auprc_at_minus_to,0.011108297624841779
D00_oracle_gate,S2,matched,2,delta_bce_to_minus_at,0.005673903178910866
D00_oracle_gate,S2,matched,2,delta_auroc_at_minus_to,0.0030237104423065375
D00_oracle_gate,S2,matched,2,delta_auprc_at_minus_to,0.014719896454113979
D00_oracle_gate,S2,matched,3,delta_bce_to_minus_at,0.0034266700990548404
D00_oracle_gate,S2,matched,3,delta_auroc_at_minus_to,-0.0004970309354881408
D00_oracle_gate,S2,matched,3,delta_auprc_at_minus_to,0.009275445108121061
D00_oracle_gate,S2,matched,4,delta_bce_to_minus_at,0.005997295398795677
D00_oracle_gate,S2,matched,4,delta_auroc_at_minus_to,0.0036869289208634193
D00_oracle_gate,S2,matched,4,delta_auprc_at_minus_to,0.01426904875084456
D00_oracle_gate,S3,matched,0,delta_bce_to_minus_at,0.0018638837892372417
D00_oracle_gate,S3,matched,0,delta_auroc_at_minus_to,-0.005218336203005491
D00_oracle_gate,S3,matched,0,delta_auprc_at_minus_to,0.006955673872935608
D00_oracle_gate,S3,matched,1,delta_bce_to_minus_at,0.0013433354389180696
D00_oracle_gate,S3,matched,1,delta_auroc_at_minus_to,-0.0071074327661903025
D00_oracle_gate,S3,matched,1,delta_auprc_at_minus_to,0.007476097933531767
D00_oracle_gate,S3,matched,2,delta_bce_to_minus_at,3.587139901667369e-05
D00_oracle_gate,S3,matched,2,delta_auroc_at_minus_to,-0.006986320431313642
D00_oracle_gate,S3,matched,2,delta_auprc_at_minus_to,0.003887220262745905
D00_oracle_gate,S3,matched,3,delta_bce_to_minus_at,0.0019912143407211924
D00_oracle_gate,S3,matched,3,delta_auroc_at_minus_to,-0.00466455001543753
D00_oracle_gate,S3,matched,3,delta_auprc_at_minus_to,0.008393452037116278
D00_oracle_gate,S3,matched,4,delta_bce_to_minus_at,0.0006495751497019309
D00_oracle_gate,S3,matched,4,delta_auroc_at_minus_to,-0.007730090600196582
D00_oracle_gate,S3,matched,4,delta_auprc_at_minus_to,0.005077538507541446
D01_multihead_shared,S0,matched,0,delta_bce_to_minus_at,1.0173174924354988e-05
D01_multihead_shared,S0,matched,0,delta_auroc_at_minus_to,3.009304873302643e-05
D01_multihead_shared,S0,matched,0,delta_auprc_at_minus_to,2.5831781670371257e-05
D01_multihead_shared,S0,matched,1,delta_bce_to_minus_at,-1.982626790797415e-06
D01_multihead_shared,S0,matched,1,delta_auroc_at_minus_to,8.061467135278555e-06
D01_multihead_shared,S0,matched,1,delta_auprc_at_minus_to,8.743840753444587e-06
D01_multihead_shared,S0,matched,2,delta_bce_to_minus_at,8.230606598491619e-07
D01_multihead_shared,S0,matched,2,delta_auroc_at_minus_to,1.58590244647705e-06
D01_multihead_shared,S0,matched,2,delta_auprc_at_minus_to,-6.375300266592276e-07
D01_multihead_shared,S0,matched,3,delta_bce_to_minus_at,-7.956630643402018e-06
D01_multihead_shared,S0,matched,3,delta_auroc_at_minus_to,-2.377631864947105e-06
D01_multihead_shared,S0,matched,3,delta_auprc_at_minus_to,-1.1729099844148827e-05
D01_multihead_shared,S0,matched,4,delta_bce_to_minus_at,-1.4967574885060841e-06
D01_multihead_shared,S0,matched,4,delta_auroc_at_minus_to,-3.399060559239331e-06
D01_multihead_shared,S0,matched,4,delta_auprc_at_minus_to,-4.242283918709511e-06
D01_multihead_shared,S1,matched,0,delta_bce_to_minus_at,0.00010668575899314137
D01_multihead_shared,S1,matched,0,delta_auroc_at_minus_to,0.000214014835987264
D01_multihead_shared,S1,matched,0,delta_auprc_at_minus_to,0.00018138170021597677
D01_multihead_shared,S1,matched,1,delta_bce_to_minus_at,7.79152068999811e-05
D01_multihead_shared,S1,matched,1,delta_auroc_at_minus_to,0.00013363761785589734
D01_multihead_shared,S1,matched,1,delta_auprc_at_minus_to,0.0001511155156657118
D01_multihead_shared,S1,matched,2,delta_bce_to_minus_at,4.527835708961758e-05
D01_multihead_shared,S1,matched,2,delta_auroc_at_minus_to,7.668621646927942e-05
D01_multihead_shared,S1,matched,2,delta_auprc_at_minus_to,9.07816244233306e-05
D01_multihead_shared,S1,matched,3,delta_bce_to_minus_at,5.464014699912978e-05
D01_multihead_shared,S1,matched,3,delta_auroc_at_minus_to,0.000319720549373681
D01_multihead_shared,S1,matched,3,delta_auprc_at_minus_to,-2.96639355658046e-05
D01_multihead_shared,S1,matched,4,delta_bce_to_minus_at,7.56554519931174e-05
D01_multihead_shared,S1,matched,4,delta_auroc_at_minus_to,0.00011505122253874234
D01_multihead_shared,S1,matched,4,delta_auprc_at_minus_to,0.0001360133372056982
D01_multihead_shared,S2,matched,0,delta_bce_to_minus_at,0.003525160300619612
D01_multihead_shared,S2,matched,0,delta_auroc_at_minus_to,0.0015341027660713547
D01_multihead_shared,S2,matched,0,delta_auprc_at_minus_to,0.007535525247436059
D01_multihead_shared,S2,matched,1,delta_bce_to_minus_at,0.004522471429085628
D01_multihead_shared,S2,matched,1,delta_auroc_at_minus_to,0.0025276622415078
D01_multihead_shared,S2,matched,1,delta_auprc_at_minus_to,0.008076189517876142
D01_multihead_shared,S2,matched,2,delta_bce_to_minus_at,0.003388652981099083
D01_multihead_shared,S2,matched,2,delta_auroc_at_minus_to,0.0014997830239438237
D01_multihead_shared,S2,matched,2,delta_auprc_at_minus_to,0.005509580460947072
D01_multihead_shared,S2,matched,3,delta_bce_to_minus_at,0.00467972529161631
D01_multihead_shared,S2,matched,3,delta_auroc_at_minus_to,0.0020047567103771424
D01_multihead_shared,S2,matched,3,delta_auprc_at_minus_to,0.008929618462807598
D01_multihead_shared,S2,matched,4,delta_bce_to_minus_at,0.004927209811770583
D01_multihead_shared,S2,matched,4,delta_auroc_at_minus_to,0.003995850712788074
D01_multihead_shared,S2,matched,4,delta_auprc_at_minus_to,0.009264972406975991
D01_multihead_shared,S3,matched,0,delta_bce_to_minus_at,0.004778341486181559
D01_multihead_shared,S3,matched,0,delta_auroc_at_minus_to,0.0048161112502542736
D01_multihead_shared,S3,matched,0,delta_auprc_at_minus_to,0.01296039933028903
D01_multihead_shared,S3,matched,1,delta_bce_to_minus_at,0.003674130368108375
D01_multihead_shared,S3,matched,1,delta_auroc_at_minus_to,0.0022732077277644036
D01_multihead_shared,S3,matched,1,delta_auprc_at_minus_to,0.009358119104995954
D01_multihead_shared,S3,matched,2,delta_bce_to_minus_at,0.003149349781633448
D01_multihead_shared,S3,matched,2,delta_auroc_at_minus_to,0.0018153596831123053
D01_multihead_shared,S3,matched,2,delta_auprc_at_minus_to,0.007294206140056048
D01_multihead_shared,S3,matched,3,delta_bce_to_minus_at,0.005260338148389498
D01_multihead_shared,S3,matched,3,delta_auroc_at_minus_to,0.004034853583967712
D01_multihead_shared,S3,matched,3,delta_auprc_at_minus_to,0.011493669700473386
D01_multihead_shared,S3,matched,4,delta_bce_to_minus_at,0.0035135705151257968
D01_multihead_shared,S3,matched,4,delta_auroc_at_minus_to,0.0026591360861816238
D01_multihead_shared,S3,matched,4,delta_auprc_at_minus_to,0.009093391651767813
D02_multihead_dev,S0,matched,0,delta_bce_to_minus_at,0.00026502297663399954
D02_multihead_dev,S0,matched,0,delta_auroc_at_minus_to,0.0006827419994277495
D02_multihead_dev,S0,matched,0,delta_auprc_at_minus_to,0.0005819406777062275
D02_multihead_dev,S0,matched,1,delta_bce_to_minus_at,0.0001383663064938867
D02_multihead_dev,S0,matched,1,delta_auroc_at_minus_to,0.0003845654597973702
D02_multihead_dev,S0,matched,1,delta_auprc_at_minus_to,0.00025630840510826314
D02_multihead_dev,S0,matched,2,delta_bce_to_minus_at,5.1476518420412454e-05
D02_multihead_dev,S0,matched,2,delta_auroc_at_minus_to,0.0004905790063856053
D02_multihead_dev,S0,matched,2,delta_auprc_at_minus_to,-9.123187941129096e-05
D02_multihead_dev,S0,matched,3,delta_bce_to_minus_at,0.00018960162049402873
D02_multihead_dev,S0,matched,3,delta_auroc_at_minus_to,-7.05250084842568e-05
D02_multihead_dev,S0,matched,3,delta_auprc_at_minus_to,0.000888001591082932
D02_multihead_dev,S0,matched,4,delta_bce_to_minus_at,0.00017806901999400937
D02_multihead_dev,S0,matched,4,delta_auroc_at_minus_to,0.0003168725945110751
D02_multihead_dev,S0,matched,4,delta_auprc_at_minus_to,0.0004302085498373298
D02_multihead_dev,S1,matched,0,delta_bce_to_minus_at,0.0006965678222307647
D02_multihead_dev,S1,matched,0,delta_auroc_at_minus_to,0.001312556200792181
D02_multihead_dev,S1,matched,0,delta_auprc_at_minus_to,0.001234074289308551
D02_multihead_dev,S1,matched,1,delta_bce_to_minus_at,0.0015196417355921588
D02_multihead_dev,S1,matched,1,delta_auroc_at_minus_to,0.0025456305615756403
D02_multihead_dev,S1,matched,1,delta_auprc_at_minus_to,0.0035868093381414834
D02_multihead_dev,S1,matched,2,delta_bce_to_minus_at,0.00027891133892676834
D02_multihead_dev,S1,matched,2,delta_auroc_at_minus_to,0.00039913426278648245
D02_multihead_dev,S1,matched,2,delta_auprc_at_minus_to,0.0007200079903527667
D02_multihead_dev,S1,matched,3,delta_bce_to_minus_at,0.000316356535475959
D02_multihead_dev,S1,matched,3,delta_auroc_at_minus_to,0.0007107331486478907
D02_multihead_dev,S1,matched,3,delta_auprc_at_minus_to,0.0007048354307341853
D02_multihead_dev,S1,matched,4,delta_bce_to_minus_at,0.0009510206608458471
D02_multihead_dev,S1,matched,4,delta_auroc_at_minus_to,0.001676578502481263
D02_multihead_dev,S1,matched,4,delta_auprc_at_minus_to,0.001982424446259734
D02_multihead_dev,S2,matched,0,delta_bce_to_minus_at,0.008711764353157514
D02_multihead_dev,S2,matched,0,delta_auroc_at_minus_to,0.006321373496273819
D02_multihead_dev,S2,matched,0,delta_auprc_at_minus_to,0.0164278991014003
D02_multihead_dev,S2,matched,1,delta_bce_to_minus_at,0.009123832766615714
D02_multihead_dev,S2,matched,1,delta_auroc_at_minus_to,0.006664575818966512
D02_multihead_dev,S2,matched,1,delta_auprc_at_minus_to,0.016767051760822604
D02_multihead_dev,S2,matched,2,delta_bce_to_minus_at,0.007868110681394536
D02_multihead_dev,S2,matched,2,delta_auroc_at_minus_to,0.005429633667092482
D02_multihead_dev,S2,matched,2,delta_auprc_at_minus_to,0.013546225504696197
D02_multihead_dev,S2,matched,3,delta_bce_to_minus_at,0.009392420212423536
D02_multihead_dev,S2,matched,3,delta_auroc_at_minus_to,0.007069212538663439
D02_multihead_dev,S2,matched,3,delta_auprc_at_minus_to,0.01675428449720806
D02_multihead_dev,S2,matched,4,delta_bce_to_minus_at,0.009599782157210579
D02_multihead_dev,S2,matched,4,delta_auroc_at_minus_to,0.008639578459851527
D02_multihead_dev,S2,matched,4,delta_auprc_at_minus_to,0.017939888673980997
D02_multihead_dev,S3,matched,0,delta_bce_to_minus_at,0.007491167989264524
D02_multihead_dev,S3,matched,0,delta_auroc_at_minus_to,0.006359698691816851
D02_multihead_dev,S3,matched,0,delta_auprc_at_minus_to,0.01727376783268908
D02_multihead_dev,S3,matched,1,delta_bce_to_minus_at,0.006124298709805465
D02_multihead_dev,S3,matched,1,delta_auroc_at_minus_to,0.005167590459364102
D02_multihead_dev,S3,matched,1,delta_auprc_at_minus_to,0.015681266767855306
D02_multihead_dev,S3,matched,2,delta_bce_to_minus_at,0.0059322329788412675
D02_multihead_dev,S3,matched,2,delta_auroc_at_minus_to,0.004552540610223921
D02_multihead_dev,S3,matched,2,delta_auprc_at_minus_to,0.012942017872280331
D02_multihead_dev,S3,matched,3,delta_bce_to_minus_at,0.006820768791982124
D02_multihead_dev,S3,matched,3,delta_auroc_at_minus_to,0.005561587158419368
D02_multihead_dev,S3,matched,3,delta_auprc_at_minus_to,0.014976723518410062
D02_multihead_dev,S3,matched,4,delta_bce_to_minus_at,0.005431864636770922
D02_multihead_dev,S3,matched,4,delta_auroc_at_minus_to,0.003987771303102683
D02_multihead_dev,S3,matched,4,delta_auprc_at_minus_to,0.01333069111455687
