experiment,scenario,arm,seed,metric,candidate,c01,delta
D00_oracle_gate,S0,age_temporal,0,abs_beta_mean,0.0,0.00912382174283266,-0.00912382174283266
D00_oracle_gate,S0,age_temporal,0,auprc,0.5319244488654034,0.5301349355483662,0.0017895133170371391
D00_oracle_gate,S0,age_temporal,0,auroc,0.734763692715933,0.7333972337169605,0.0013664589989724751
D00_oracle_gate,S0,age_temporal,0,bce,0.47936992830603653,0.4801915464325848,-0.0008216181265482958
D00_oracle_gate,S0,age_temporal,0,beta_mean,0.0,0.00912382174283266,-0.00912382174283266
D00_oracle_gate,S0,age_temporal,0,cf_rmse_age,0.06502171454664259,0.09960912334150719,-0.034587408794864605
D00_oracle_gate,S0,age_temporal,0,cf_rmse_lag,0.11288453656535273,0.11602304441545283,-0.0031385078501001
D00_oracle_gate,S0,age_temporal,0,content_free_lambda_rmse,1.904654323148236e-09,0.1542270760961389,-0.15422707419148457
D00_oracle_gate,S0,age_temporal,0,delta_bce_beta0,0.0,9.121863872862956e-06,-9.121863872862956e-06
D00_oracle_gate,S0,age_temporal,0,delta_bce_full_age_shuffle,0.005198213163559784,0.0049097480592057985,0.0002884651043539854
D00_oracle_gate,S0,age_temporal,0,delta_bce_gate_age_shuffle,0.0,9.630196286025683e-06,-9.630196286025683e-06
D00_oracle_gate,S0,age_temporal,0,gate_signal_correlation,0.9999999999999992,0.9706434946993866,0.029356505300612623
D00_oracle_gate,S0,age_temporal,0,gate_signal_mae,7.942117406463378e-09,0.0383078331890556,-0.03830782524693819
D00_oracle_gate,S0,age_temporal,0,gate_signal_rmse,1.0877052971445966e-08,0.05327733356253199,-0.053277322685479016
D00_oracle_gate,S0,age_temporal,0,surface_rmse,0.1515076285526617,0.14483854890055003,0.006669079652111665
D00_oracle_gate,S0,age_temporal,1,abs_beta_mean,0.0,0.0121217155829072,-0.0121217155829072
D00_oracle_gate,S0,age_temporal,1,auprc,0.5232999986889614,0.5295883454823059,-0.006288346793344557
D00_oracle_gate,S0,age_temporal,1,auroc,0.7282312432458639,0.7338708345258147,-0.00563959127995084
D00_oracle_gate,S0,age_temporal,1,bce,0.48339626835290156,0.48035592536572286,0.0030403429871787013
D00_oracle_gate,S0,age_temporal,1,beta_mean,0.0,0.0121217155829072,-0.0121217155829072
D00_oracle_gate,S0,age_temporal,1,cf_rmse_age,0.07227040893694311,0.1023680117526644,-0.030097602815721283
D00_oracle_gate,S0,age_temporal,1,cf_rmse_lag,0.11077890183098858,0.11314481043699458,-0.0023659086060059953
D00_oracle_gate,S0,age_temporal,1,content_free_lambda_rmse,1.904654323148236e-09,0.12083098595968035,-0.12083098405502603
D00_oracle_gate,S0,age_temporal,1,delta_bce_beta0,0.0,-8.831031799438893e-06,8.831031799438893e-06
D00_oracle_gate,S0,age_temporal,1,delta_bce_full_age_shuffle,0.002028027285377987,0.0022763217322757656,-0.0002482944468977788
D00_oracle_gate,S0,age_temporal,1,delta_bce_gate_age_shuffle,0.0,-4.91937107105489e-06,4.91937107105489e-06
D00_oracle_gate,S0,age_temporal,1,gate_signal_correlation,0.9999999999999992,0.9526358283023049,0.04736417169769436
D00_oracle_gate,S0,age_temporal,1,gate_signal_mae,7.942117406463378e-09,0.043973681545053614,-0.043973673602936206
D00_oracle_gate,S0,age_temporal,1,gate_signal_rmse,1.0877052971445966e-08,0.06678274348972921,-0.06678273261267624
D00_oracle_gate,S0,age_temporal,1,surface_rmse,0.1437271417257679,0.14305631268949046,0.0006708290362774372
D00_oracle_gate,S0,age_temporal,2,abs_beta_mean,0.0,0.0008218442089855671,-0.0008218442089855671
D00_oracle_gate,S0,age_temporal,2,auprc,0.5255432009741358,0.5256993282375847,-0.00015612726344893524
D00_oracle_gate,S0,age_temporal,2,auroc,0.729048999547248,0.7317550378427113,-0.002706038295463342
D00_oracle_gate,S0,age_temporal,2,bce,0.48239677856797836,0.4818194929744046,0.0005772855935737842
D00_oracle_gate,S0,age_temporal,2,beta_mean,0.0,-0.0008218442089855671,0.0008218442089855671
D00_oracle_gate,S0,age_temporal,2,cf_rmse_age,0.06971852375648853,0.0954435056620666,-0.025724981905578065
D00_oracle_gate,S0,age_temporal,2,cf_rmse_lag,0.11632077911933707,0.12609979335259075,-0.009779014233253683
D00_oracle_gate,S0,age_temporal,2,content_free_lambda_rmse,1.904654323148236e-09,0.08968675968532468,-0.08968675778067035
D00_oracle_gate,S0,age_temporal,2,delta_bce_beta0,0.0,7.697210642754193e-07,-7.697210642754193e-07
D00_oracle_gate,S0,age_temporal,2,delta_bce_full_age_shuffle,0.004448927762215171,0.005118465389641447,-0.0006695376274262754
D00_oracle_gate,S0,age_temporal,2,delta_bce_gate_age_shuffle,0.0,9.375075904483055e-08,-9.375075904483055e-08
D00_oracle_gate,S0,age_temporal,2,gate_signal_correlation,0.9999999999999992,0.8578824676766867,0.14211753232331248
D00_oracle_gate,S0,age_temporal,2,gate_signal_mae,7.942117406463378e-09,0.06305521821885772,-0.06305521027674031
D00_oracle_gate,S0,age_temporal,2,gate_signal_rmse,1.0877052971445966e-08,0.12313079431186219,-0.12313078343480922
D00_oracle_gate,S0,age_temporal,2,surface_rmse,0.14984202636954078,0.16135598842440613,-0.011513962054865351
D00_oracle_gate,S0,age_temporal,3,abs_beta_mean,0.0,0.00032029388239607215,-0.00032029388239607215
D00_oracle_gate,S0,age_temporal,3,auprc,0.5281249065384769,0.5296359083712885,-0.0015110018328116093
D00_oracle_gate,S0,age_temporal,3,auroc,0.7306450283106801,0.7328798629780287,-0.0022348346673485286
D00_oracle_gate,S0,age_temporal,3,bce,0.48130554256449687,0.48055414537070773,0.0007513971937891384
D00_oracle_gate,S0,age_temporal,3,beta_mean,0.0,0.00032029388239607215,-0.00032029388239607215
D00_oracle_gate,S0,age_temporal,3,cf_rmse_age,0.08273133097660919,0.11180133935652348,-0.02907000837991429
D00_oracle_gate,S0,age_temporal,3,cf_rmse_lag,0.10616558392607478,0.11492921485641162,-0.008763630930336844
D00_oracle_gate,S0,age_temporal,3,content_free_lambda_rmse,1.904654323148236e-09,0.07220013311471724,-0.07220013121006291
D00_oracle_gate,S0,age_temporal,3,delta_bce_beta0,0.0,7.969408905017517e-08,-7.969408905017517e-08
D00_oracle_gate,S0,age_temporal,3,delta_bce_full_age_shuffle,0.004347193397104987,0.005173396761159854,-0.0008262033640548672
D00_oracle_gate,S0,age_temporal,3,delta_bce_gate_age_shuffle,0.0,1.4252470964537522e-07,-1.4252470964537522e-07
D00_oracle_gate,S0,age_temporal,3,gate_signal_correlation,0.9999999999999992,0.9248299832173005,0.07517001678269875
D00_oracle_gate,S0,age_temporal,3,gate_signal_mae,7.942117406463378e-09,0.050663031537990615,-0.050663023595873206
D00_oracle_gate,S0,age_temporal,3,gate_signal_rmse,1.0877052971445966e-08,0.0849057462952587,-0.08490573541820573
D00_oracle_gate,S0,age_temporal,3,surface_rmse,0.1367570042109177,0.1466286302634824,-0.009871626052564725
D00_oracle_gate,S0,age_temporal,4,abs_beta_mean,0.0,0.0008604148169979453,-0.0008604148169979453
D00_oracle_gate,S0,age_temporal,4,auprc,0.5300805509380232,0.5286737932173937,0.0014067577206294812
D00_oracle_gate,S0,age_temporal,4,auroc,0.734125238691758,0.7333279916033675,0.0007972470883905736
D00_oracle_gate,S0,age_temporal,4,bce,0.4796450109131027,0.4805610168798842,-0.0009160059667814857
D00_oracle_gate,S0,age_temporal,4,beta_mean,0.0,-0.0008604148169979453,0.0008604148169979453
D00_oracle_gate,S0,age_temporal,4,cf_rmse_age,0.07168963276513177,0.08312387299376373,-0.011434240228631959
D00_oracle_gate,S0,age_temporal,4,cf_rmse_lag,0.11621147870873372,0.11229289689088812,0.003918581817845601
D00_oracle_gate,S0,age_temporal,4,content_free_lambda_rmse,1.904654323148236e-09,0.0887530279786449,-0.08875302607399058
D00_oracle_gate,S0,age_temporal,4,delta_bce_beta0,0.0,5.456034170570057e-07,-5.456034170570057e-07
D00_oracle_gate,S0,age_temporal,4,delta_bce_full_age_shuffle,0.005578231273318024,0.005559802740889241,1.8428532428782507e-05
D00_oracle_gate,S0,age_temporal,4,delta_bce_gate_age_shuffle,0.0,-4.211492317662824e-07,4.211492317662824e-07
D00_oracle_gate,S0,age_temporal,4,gate_signal_correlation,0.9999999999999992,0.9290864015710887,0.07091359842891054
D00_oracle_gate,S0,age_temporal,4,gate_signal_mae,7.942117406463378e-09,0.04917439103577548,-0.04917438309365807
D00_oracle_gate,S0,age_temporal,4,gate_signal_rmse,1.0877052971445966e-08,0.08203395974080313,-0.08203394886375016
D00_oracle_gate,S0,age_temporal,4,surface_rmse,0.15531864342358992,0.14648709552716127,0.008831547896428649
D00_oracle_gate,S0,matched,0,delta_auprc_at_minus_to,0.0,6.414818686795165e-06,-6.414818686795165e-06
D00_oracle_gate,S0,matched,0,delta_auroc_at_minus_to,0.0,4.061278684130976e-06,-4.061278684130976e-06
D00_oracle_gate,S0,matched,0,delta_bce_to_minus_at,0.0,7.523988189317432e-06,-7.523988189317432e-06
D00_oracle_gate,S0,matched,1,delta_auprc_at_minus_to,0.0,-1.4702960148271771e-05,1.4702960148271771e-05
D00_oracle_gate,S0,matched,1,delta_auroc_at_minus_to,0.0,-2.0501882166401586e-06,2.0501882166401586e-06
D00_oracle_gate,S0,matched,1,delta_bce_to_minus_at,0.0,-6.122227567018079e-06,6.122227567018079e-06
D00_oracle_gate,S0,matched,2,delta_auprc_at_minus_to,0.0,-3.47103516695757e-06,3.47103516695757e-06
D00_oracle_gate,S0,matched,2,delta_auroc_at_minus_to,0.0,4.080827558539113e-06,-4.080827558539113e-06
D00_oracle_gate,S0,matched,2,delta_bce_to_minus_at,0.0,3.094602974762495e-06,-3.094602974762495e-06
D00_oracle_gate,S0,matched,3,delta_auprc_at_minus_to,0.0,6.461283429071152e-06,-6.461283429071152e-06
D00_oracle_gate,S0,matched,3,delta_auroc_at_minus_to,0.0,1.150939988203703e-06,-1.150939988203703e-06
D00_oracle_gate,S0,matched,3,delta_bce_to_minus_at,0.0,2.794080314894032e-07,-2.794080314894032e-07
D00_oracle_gate,S0,matched,4,delta_auprc_at_minus_to,0.0,-2.601107670252567e-05,2.601107670252567e-05
D00_oracle_gate,S0,matched,4,delta_auroc_at_minus_to,0.0,-3.958647092350276e-07,3.958647092350276e-07
D00_oracle_gate,S0,matched,4,delta_bce_to_minus_at,0.0,-5.942792019042464e-06,5.942792019042464e-06
D00_oracle_gate,S0,temporal_only,0,abs_beta_mean,0.0,0.0,0.0
D00_oracle_gate,S0,temporal_only,0,auprc,0.5319244488654034,0.5301285207296794,0.0017959281357239343
D00_oracle_gate,S0,temporal_only,0,auroc,0.734763692715933,0.7333931724382764,0.0013705202776566061
D00_oracle_gate,S0,temporal_only,0,bce,0.47936992830603653,0.48019907042077414,-0.0008291421147376132
D00_oracle_gate,S0,temporal_only,0,beta_mean,0.0,0.0,0.0
D00_oracle_gate,S0,temporal_only,0,cf_rmse_age,0.06502171454664259,0.09974219029454409,-0.034720475747901505
D00_oracle_gate,S0,temporal_only,0,cf_rmse_lag,0.11288453656535273,0.11592206652015039,-0.0030375299547976548
D00_oracle_gate,S0,temporal_only,0,content_free_lambda_rmse,1.904654323148236e-09,0.1539407949474575,-0.15394079304280317
D00_oracle_gate,S0,temporal_only,0,delta_bce_beta0,0.0,0.0,0.0
D00_oracle_gate,S0,temporal_only,0,delta_bce_full_age_shuffle,0.005198213163559784,0.004913549463668954,0.0002846636998908303
D00_oracle_gate,S0,temporal_only,0,delta_bce_gate_age_shuffle,0.0,0.0,0.0
D00_oracle_gate,S0,temporal_only,0,gate_signal_correlation,0.9999999999999992,0.9706612606150881,0.02933873938491116
D00_oracle_gate,S0,temporal_only,0,gate_signal_mae,7.942117406463378e-09,0.03827705269539797,-0.03827704475328056
D00_oracle_gate,S0,temporal_only,0,gate_signal_rmse,1.0877052971445966e-08,0.053284738770513235,-0.05328472789346026
D00_oracle_gate,S0,temporal_only,0,surface_rmse,0.1515076285526617,0.14474651642241118,0.006761112130250518
D00_oracle_gate,S0,temporal_only,1,abs_beta_mean,0.0,0.0,0.0
D00_oracle_gate,S0,temporal_only,1,auprc,0.5232999986889614,0.5296030484424542,-0.006303049753492829
D00_oracle_gate,S0,temporal_only,1,auroc,0.7282312432458639,0.7338728847140313,-0.00564164146816748
D00_oracle_gate,S0,temporal_only,1,bce,0.48339626835290156,0.48034980313815584,0.0030464652147457194
D00_oracle_gate,S0,temporal_only,1,beta_mean,0.0,0.0,0.0
D00_oracle_gate,S0,temporal_only,1,cf_rmse_age,0.07227040893694311,0.10252969191171886,-0.030259282974775745
D00_oracle_gate,S0,temporal_only,1,cf_rmse_lag,0.11077890183098858,0.11315087212098036,-0.0023719702899917816
D00_oracle_gate,S0,temporal_only,1,content_free_lambda_rmse,1.904654323148236e-09,0.12085056114466208,-0.12085055924000776
D00_oracle_gate,S0,temporal_only,1,delta_bce_beta0,0.0,0.0,0.0
D00_oracle_gate,S0,temporal_only,1,delta_bce_full_age_shuffle,0.002028027285377987,0.0022737146937459873,-0.0002456874083680005
D00_oracle_gate,S0,temporal_only,1,delta_bce_gate_age_shuffle,0.0,0.0,0.0
D00_oracle_gate,S0,temporal_only,1,gate_signal_correlation,0.9999999999999992,0.952623447959944,0.0473765520400552
D00_oracle_gate,S0,temporal_only,1,gate_signal_mae,7.942117406463378e-09,0.044021833579373976,-0.04402182563725657
D00_oracle_gate,S0,temporal_only,1,gate_signal_rmse,1.0877052971445966e-08,0.06684813100209948,-0.06684812012504651
D00_oracle_gate,S0,temporal_only,1,surface_rmse,0.1437271417257679,0.1431504082845829,0.0005767334411850011
D00_oracle_gate,S0,temporal_only,2,abs_beta_mean,0.0,0.0,0.0
D00_oracle_gate,S0,temporal_only,2,auprc,0.5255432009741358,0.5257027992727517,-0.0001595982986158928
D00_oracle_gate,S0,temporal_only,2,auroc,0.729048999547248,0.7317509570151528,-0.002701957467904803
D00_oracle_gate,S0,temporal_only,2,bce,0.48239677856797836,0.48182258757737934,0.0005741909905990217
D00_oracle_gate,S0,temporal_only,2,beta_mean,0.0,0.0,0.0
D00_oracle_gate,S0,temporal_only,2,cf_rmse_age,0.06971852375648853,0.09536594415773843,-0.0256474204012499
D00_oracle_gate,S0,temporal_only,2,cf_rmse_lag,0.11632077911933707,0.12622741288624323,-0.009906633766906162
D00_oracle_gate,S0,temporal_only,2,content_free_lambda_rmse,1.904654323148236e-09,0.08523016977579612,-0.0852301678711418
D00_oracle_gate,S0,temporal_only,2,delta_bce_beta0,0.0,0.0,0.0
D00_oracle_gate,S0,temporal_only,2,delta_bce_full_age_shuffle,0.004448927762215171,0.0051139833995307304,-0.0006650556373155592
D00_oracle_gate,S0,temporal_only,2,delta_bce_gate_age_shuffle,0.0,0.0,0.0
D00_oracle_gate,S0,temporal_only,2,gate_signal_correlation,0.9999999999999992,0.8580527516088619,0.14194724839113737
D00_oracle_gate,S0,temporal_only,2,gate_signal_mae,7.942117406463378e-09,0.0629644030895467,-0.0629643951474293
D00_oracle_gate,S0,temporal_only,2,gate_signal_rmse,1.0877052971445966e-08,0.12302717068015276,-0.12302715980309979
D00_oracle_gate,S0,temporal_only,2,surface_rmse,0.14984202636954078,0.16139651128825597,-0.011554484918715191
D00_oracle_gate,S0,temporal_only,3,abs_beta_mean,0.0,0.0,0.0
D00_oracle_gate,S0,temporal_only,3,auprc,0.5281249065384769,0.5296294470878594,-0.0015045405493825381
D00_oracle_gate,S0,temporal_only,3,auroc,0.7306450283106801,0.7328787120380404,-0.002233683727360325
D00_oracle_gate,S0,temporal_only,3,bce,0.48130554256449687,0.4805544247787392,0.000751117785757649
D00_oracle_gate,S0,temporal_only,3,beta_mean,0.0,0.0,0.0
D00_oracle_gate,S0,temporal_only,3,cf_rmse_age,0.08273133097660919,0.11174308250712528,-0.02901175153051609
D00_oracle_gate,S0,temporal_only,3,cf_rmse_lag,0.10616558392607478,0.11492857480528701,-0.008762990879212229
D00_oracle_gate,S0,temporal_only,3,content_free_lambda_rmse,1.904654323148236e-09,0.07207673597605246,-0.07207673407139814
D00_oracle_gate,S0,temporal_only,3,delta_bce_beta0,0.0,0.0,0.0
D00_oracle_gate,S0,temporal_only,3,delta_bce_full_age_shuffle,0.004347193397104987,0.005170035667969364,-0.0008228422708643768
D00_oracle_gate,S0,temporal_only,3,delta_bce_gate_age_shuffle,0.0,0.0,0.0
D00_oracle_gate,S0,temporal_only,3,gate_signal_correlation,0.9999999999999992,0.9248067189433639,0.07519328105663536
D00_oracle_gate,S0,temporal_only,3,gate_signal_mae,7.942117406463378e-09,0.050650098851586764,-0.050650090909469356
D00_oracle_gate,S0,temporal_only,3,gate_signal_rmse,1.0877052971445966e-08,0.08489695499791802,-0.08489694412086506
D00_oracle_gate,S0,temporal_only,3,surface_rmse,0.1367570042109177,0.146630564955577,-0.00987356074465931
D00_oracle_gate,S0,temporal_only,4,abs_beta_mean,0.0,0.0,0.0
D00_oracle_gate,S0,temporal_only,4,auprc,0.5300805509380232,0.5286998042940962,0.0013807466439269556
D00_oracle_gate,S0,temporal_only,4,auroc,0.734125238691758,0.7333283874680767,0.0007968512236813385
D00_oracle_gate,S0,temporal_only,4,bce,0.4796450109131027,0.48055507408786513,-0.0009100631747624432
D00_oracle_gate,S0,temporal_only,4,beta_mean,0.0,0.0,0.0
D00_oracle_gate,S0,temporal_only,4,cf_rmse_age,0.07168963276513177,0.08304152677266599,-0.011351894007534225
D00_oracle_gate,S0,temporal_only,4,cf_rmse_lag,0.11621147870873372,0.11230982640421548,0.0039016523045182355
D00_oracle_gate,S0,temporal_only,4,content_free_lambda_rmse,1.904654323148236e-09,0.08884268808634299,-0.08884268618168867
D00_oracle_gate,S0,temporal_only,4,delta_bce_beta0,0.0,0.0,0.0
D00_oracle_gate,S0,temporal_only,4,delta_bce_full_age_shuffle,0.005578231273318024,0.005559916590234304,1.8314683083719974e-05
D00_oracle_gate,S0,temporal_only,4,delta_bce_gate_age_shuffle,0.0,0.0,0.0
D00_oracle_gate,S0,temporal_only,4,gate_signal_correlation,0.9999999999999992,0.9289848434112079,0.07101515658879132
D00_oracle_gate,S0,temporal_only,4,gate_signal_mae,7.942117406463378e-09,0.0492268400252095,-0.049226832083092094
D00_oracle_gate,S0,temporal_only,4,gate_signal_rmse,1.0877052971445966e-08,0.08212687301870329,-0.08212686214165033
D00_oracle_gate,S0,temporal_only,4,surface_rmse,0.15531864342358992,0.1464925735596695,0.008826069863920427
D00_oracle_gate,S1,age_temporal,0,abs_beta_mean,0.0,0.09755793958902359,-0.09755793958902359
D00_oracle_gate,S1,age_temporal,0,auprc,0.5369421172132167,0.5407674397069341,-0.0038253224937173647
D00_oracle_gate,S1,age_temporal,0,auroc,0.740002482825139,0.7431082964899834,-0.0031058136648444146
D00_oracle_gate,S1,age_temporal,0,bce,0.48103362519259596,0.4794215032891727,0.001612121903423247
D00_oracle_gate,S1,age_temporal,0,beta_mean,0.0,0.09755793958902359,-0.09755793958902359
D00_oracle_gate,S1,age_temporal,0,cf_rmse_age,0.1345692512241748,0.13241284857287097,0.002156402651303818
D00_oracle_gate,S1,age_temporal,0,cf_rmse_lag,0.110916554197052,0.11508407061929411,-0.004167516422242112
D00_oracle_gate,S1,age_temporal,0,content_free_lambda_rmse,1.904654323148236e-09,0.10161734558187438,-0.10161734367722006
D00_oracle_gate,S1,age_temporal,0,delta_bce_beta0,0.0,0.00021044743869053084,-0.00021044743869053084
D00_oracle_gate,S1,age_temporal,0,delta_bce_full_age_shuffle,0.010112207160071107,0.008316647798985777,0.0017955593610853304
D00_oracle_gate,S1,age_temporal,0,delta_bce_gate_age_shuffle,0.0,0.00030690961634910474,-0.00030690961634910474
D00_oracle_gate,S1,age_temporal,0,gate_signal_correlation,0.9999999999999994,0.9795561064519481,0.020443893548051317
D00_oracle_gate,S1,age_temporal,0,gate_signal_mae,8.08596468143125e-09,0.032479598328308566,-0.032479590242343884
D00_oracle_gate,S1,age_temporal,0,gate_signal_rmse,1.1002511777777637e-08,0.05058449026112795,-0.05058447925861617
D00_oracle_gate,S1,age_temporal,0,surface_rmse,0.16235178478630366,0.16504107589851305,-0.002689291112209391
D00_oracle_gate,S1,age_temporal,1,abs_beta_mean,0.0,0.025628553703427315,-0.025628553703427315
D00_oracle_gate,S1,age_temporal,1,auprc,0.5418348718345406,0.5428206714691601,-0.000985799634619533
D00_oracle_gate,S1,age_temporal,1,auroc,0.7428096002948363,0.7441093657271795,-0.001299765432343114
D00_oracle_gate,S1,age_temporal,1,bce,0.47905972399537156,0.47812955544441127,0.0009301685509602864
D00_oracle_gate,S1,age_temporal,1,beta_mean,0.0,0.025628553703427315,-0.025628553703427315
D00_oracle_gate,S1,age_temporal,1,cf_rmse_age,0.14533119456781485,0.14357985216533795,0.001751342402476902
D00_oracle_gate,S1,age_temporal,1,cf_rmse_lag,0.12170930797363472,0.1103557597647438,0.011353548208890923
D00_oracle_gate,S1,age_temporal,1,content_free_lambda_rmse,1.904654323148236e-09,0.11356075152182657,-0.11356074961717225
D00_oracle_gate,S1,age_temporal,1,delta_bce_beta0,0.0,5.201546750277508e-05,-5.201546750277508e-05
D00_oracle_gate,S1,age_temporal,1,delta_bce_full_age_shuffle,0.008224303749049977,0.006606950585779647,0.0016173531632703297
D00_oracle_gate,S1,age_temporal,1,delta_bce_gate_age_shuffle,0.0,6.751479274780259e-05,-6.751479274780259e-05
D00_oracle_gate,S1,age_temporal,1,gate_signal_correlation,0.9999999999999994,0.983519863383458,0.016480136616541463
D00_oracle_gate,S1,age_temporal,1,gate_signal_mae,8.08596468143125e-09,0.03402280238910061,-0.03402279430313593
D00_oracle_gate,S1,age_temporal,1,gate_signal_rmse,1.1002511777777637e-08,0.04684194356911434,-0.046841932566602566
D00_oracle_gate,S1,age_temporal,1,surface_rmse,0.17265005047040916,0.16662410502240865,0.006025945448000503
D00_oracle_gate,S1,age_temporal,2,abs_beta_mean,0.0,0.04652245715260506,-0.04652245715260506
D00_oracle_gate,S1,age_temporal,2,auprc,0.5381077407361671,0.540570162892248,-0.0024624221560809456
D00_oracle_gate,S1,age_temporal,2,auroc,0.7408048340803026,0.7440919155861643,-0.0032870815058616554
D00_oracle_gate,S1,age_temporal,2,bce,0.48044567533323784,0.47938475451857365,0.0010609208146641902
D00_oracle_gate,S1,age_temporal,2,beta_mean,0.0,0.04652245715260506,-0.04652245715260506
D00_oracle_gate,S1,age_temporal,2,cf_rmse_age,0.12795332191795344,0.13751695170254075,-0.009563629784587302
D00_oracle_gate,S1,age_temporal,2,cf_rmse_lag,0.11550651800435033,0.12200802772214028,-0.006501509717789955
D00_oracle_gate,S1,age_temporal,2,content_free_lambda_rmse,1.904654323148236e-09,0.09156019156146716,-0.09156018965681284
D00_oracle_gate,S1,age_temporal,2,delta_bce_beta0,0.0,0.000130256212032831,-0.000130256212032831
D00_oracle_gate,S1,age_temporal,2,delta_bce_full_age_shuffle,0.013870440738638301,0.011805670659783829,0.002064770078854472
D00_oracle_gate,S1,age_temporal,2,delta_bce_gate_age_shuffle,0.0,0.0001701970860015778,-0.0001701970860015778
D00_oracle_gate,S1,age_temporal,2,gate_signal_correlation,0.9999999999999994,0.9824431173888307,0.017556882611168723
D00_oracle_gate,S1,age_temporal,2,gate_signal_mae,8.08596468143125e-09,0.03489980602036746,-0.03489979793440278
D00_oracle_gate,S1,age_temporal,2,gate_signal_rmse,1.1002511777777637e-08,0.04873557597539454,-0.04873556497288276
D00_oracle_gate,S1,age_temporal,2,surface_rmse,0.16361022103814174,0.16566300109026807,-0.002052780052126335
D00_oracle_gate,S1,age_temporal,3,abs_beta_mean,0.0,0.05363224074244499,-0.05363224074244499
D00_oracle_gate,S1,age_temporal,3,auprc,0.5403042889610065,0.5397541832497118,0.0005501057112946572
D00_oracle_gate,S1,age_temporal,3,auroc,0.7431602527520079,0.7434174063219885,-0.0002571535699805727
D00_oracle_gate,S1,age_temporal,3,bce,0.4794208109268096,0.47953635342557854,-0.00011554249876893907
D00_oracle_gate,S1,age_temporal,3,beta_mean,0.0,0.05363224074244499,-0.05363224074244499
D00_oracle_gate,S1,age_temporal,3,cf_rmse_age,0.1152165847966463,0.1241922464476328,-0.008975661650986497
D00_oracle_gate,S1,age_temporal,3,cf_rmse_lag,0.09413148307788367,0.09815498881609884,-0.004023505738215166
D00_oracle_gate,S1,age_temporal,3,content_free_lambda_rmse,1.904654323148236e-09,0.09097466707826025,-0.09097466517360593
D00_oracle_gate,S1,age_temporal,3,delta_bce_beta0,0.0,0.00011627082272247513,-0.00011627082272247513
D00_oracle_gate,S1,age_temporal,3,delta_bce_full_age_shuffle,0.015494524500414109,0.011403497346278713,0.004091027154135396
D00_oracle_gate,S1,age_temporal,3,delta_bce_gate_age_shuffle,0.0,0.00011605187406116269,-0.00011605187406116269
D00_oracle_gate,S1,age_temporal,3,gate_signal_correlation,0.9999999999999994,0.9795977075925102,0.020402292407489253
D00_oracle_gate,S1,age_temporal,3,gate_signal_mae,8.08596468143125e-09,0.03463724921516883,-0.03463724112920415
D00_oracle_gate,S1,age_temporal,3,gate_signal_rmse,1.1002511777777637e-08,0.04818620047524005,-0.04818618947272827
D00_oracle_gate,S1,age_temporal,3,surface_rmse,0.13977519697414917,0.1344836361675056,0.005291560806643558
D00_oracle_gate,S1,age_temporal,4,abs_beta_mean,0.0,0.05563615635037422,-0.05563615635037422
D00_oracle_gate,S1,age_temporal,4,auprc,0.5408943915113054,0.5436789444481375,-0.0027845529368321076
D00_oracle_gate,S1,age_temporal,4,auroc,0.7420483342434073,0.7445889720987136,-0.002540637855306227
D00_oracle_gate,S1,age_temporal,4,bce,0.4802206751290731,0.4787746805509757,0.0014459945780974093
D00_oracle_gate,S1,age_temporal,4,beta_mean,0.0,0.05563615635037422,-0.05563615635037422
D00_oracle_gate,S1,age_temporal,4,cf_rmse_age,0.1504509193589212,0.16475006706317086,-0.01429914770424967
D00_oracle_gate,S1,age_temporal,4,cf_rmse_lag,0.1242612192156733,0.12299470762071163,0.001266511594961675
D00_oracle_gate,S1,age_temporal,4,content_free_lambda_rmse,1.904654323148236e-09,0.13394671200149852,-0.1339467100968442
D00_oracle_gate,S1,age_temporal,4,delta_bce_beta0,0.0,0.0001520391070360394,-0.0001520391070360394
D00_oracle_gate,S1,age_temporal,4,delta_bce_full_age_shuffle,0.009461002306180799,0.007738032517103088,0.0017229697890777107
D00_oracle_gate,S1,age_temporal,4,delta_bce_gate_age_shuffle,0.0,0.00016162705628663954,-0.00016162705628663954
D00_oracle_gate,S1,age_temporal,4,gate_signal_correlation,0.9999999999999994,0.9822288717787001,0.017771128221299337
D00_oracle_gate,S1,age_temporal,4,gate_signal_mae,8.08596468143125e-09,0.033588761323325715,-0.03358875323736103
D00_oracle_gate,S1,age_temporal,4,gate_signal_rmse,1.1002511777777637e-08,0.047788131141780175,-0.0477881201392684
D00_oracle_gate,S1,age_temporal,4,surface_rmse,0.18213835350999052,0.18661763703086598,-0.0044792835208754544
D00_oracle_gate,S1,matched,0,delta_auprc_at_minus_to,0.0,0.00022169746355826803,-0.00022169746355826803
D00_oracle_gate,S1,matched,0,delta_auroc_at_minus_to,0.0,0.00019030921357909847,-0.00019030921357909847
D00_oracle_gate,S1,matched,0,delta_bce_to_minus_at,0.0,0.00014501456538951185,-0.00014501456538951185
D00_oracle_gate,S1,matched,1,delta_auprc_at_minus_to,0.0,9.254130694491547e-05,-9.254130694491547e-05
D00_oracle_gate,S1,matched,1,delta_auroc_at_minus_to,0.0,7.702684945065652e-05,-7.702684945065652e-05
D00_oracle_gate,S1,matched,1,delta_bce_to_minus_at,0.0,5.061584309884459e-05,-5.061584309884459e-05
D00_oracle_gate,S1,matched,2,delta_auprc_at_minus_to,0.0,0.00014807738136046744,-0.00014807738136046744
D00_oracle_gate,S1,matched,2,delta_auroc_at_minus_to,0.0,9.387358347046071e-05,-9.387358347046071e-05
D00_oracle_gate,S1,matched,2,delta_bce_to_minus_at,0.0,6.764922979857202e-05,-6.764922979857202e-05
D00_oracle_gate,S1,matched,3,delta_auprc_at_minus_to,0.0,0.00020730156683701484,-0.00020730156683701484
D00_oracle_gate,S1,matched,3,delta_auroc_at_minus_to,0.0,0.00017823620748347313,-0.00017823620748347313
D00_oracle_gate,S1,matched,3,delta_bce_to_minus_at,0.0,9.295615712823224e-05,-9.295615712823224e-05
D00_oracle_gate,S1,matched,4,delta_auprc_at_minus_to,0.0,0.00017677931728099505,-0.00017677931728099505
D00_oracle_gate,S1,matched,4,delta_auroc_at_minus_to,0.0,0.00012288821420192164,-0.00012288821420192164
D00_oracle_gate,S1,matched,4,delta_bce_to_minus_at,0.0,8.951383026761794e-05,-8.951383026761794e-05
D00_oracle_gate,S1,temporal_only,0,abs_beta_mean,0.0,0.0,0.0
D00_oracle_gate,S1,temporal_only,0,auprc,0.5369421172132167,0.5405457422433758,-0.0036036250301590966
D00_oracle_gate,S1,temporal_only,0,auroc,0.740002482825139,0.7429179872764043,-0.002915504451265316
D00_oracle_gate,S1,temporal_only,0,bce,0.48103362519259596,0.4795665178545622,0.0014671073380337352
D00_oracle_gate,S1,temporal_only,0,beta_mean,0.0,0.0,0.0
D00_oracle_gate,S1,temporal_only,0,cf_rmse_age,0.1345692512241748,0.13215678350247417,0.0024124677217006174
D00_oracle_gate,S1,temporal_only,0,cf_rmse_lag,0.110916554197052,0.11562594276903737,-0.004709388571985371
D00_oracle_gate,S1,temporal_only,0,content_free_lambda_rmse,1.904654323148236e-09,0.09673487949640769,-0.09673487759175337
D00_oracle_gate,S1,temporal_only,0,delta_bce_beta0,0.0,0.0,0.0
D00_oracle_gate,S1,temporal_only,0,delta_bce_full_age_shuffle,0.010112207160071107,0.008182817829740674,0.0019293893303304332
D00_oracle_gate,S1,temporal_only,0,delta_bce_gate_age_shuffle,0.0,0.0,0.0
D00_oracle_gate,S1,temporal_only,0,gate_signal_correlation,0.9999999999999994,0.9808367497248881,0.019163250275111343
D00_oracle_gate,S1,temporal_only,0,gate_signal_mae,8.08596468143125e-09,0.031302775915366586,-0.031302767829401903
D00_oracle_gate,S1,temporal_only,0,gate_signal_rmse,1.1002511777777637e-08,0.04986441419480814,-0.04986440319229636
D00_oracle_gate,S1,temporal_only,0,surface_rmse,0.16235178478630366,0.1643174235463144,-0.0019656387600107406
D00_oracle_gate,S1,temporal_only,1,abs_beta_mean,0.0,0.0,0.0
D00_oracle_gate,S1,temporal_only,1,auprc,0.5418348718345406,0.5427281301622152,-0.0008932583276746175
D00_oracle_gate,S1,temporal_only,1,auroc,0.7428096002948363,0.7440323388777288,-0.0012227385828924575
D00_oracle_gate,S1,temporal_only,1,bce,0.47905972399537156,0.4781801712875101,0.0008795527078614418
D00_oracle_gate,S1,temporal_only,1,beta_mean,0.0,0.0,0.0
D00_oracle_gate,S1,temporal_only,1,cf_rmse_age,0.14533119456781485,0.14287891596218633,0.0024522786056285217
D00_oracle_gate,S1,temporal_only,1,cf_rmse_lag,0.12170930797363472,0.11053296871595544,0.011176339257679274
D00_oracle_gate,S1,temporal_only,1,content_free_lambda_rmse,1.904654323148236e-09,0.11120849657328147,-0.11120849466862714
D00_oracle_gate,S1,temporal_only,1,delta_bce_beta0,0.0,0.0,0.0
D00_oracle_gate,S1,temporal_only,1,delta_bce_full_age_shuffle,0.008224303749049977,0.0066160237612355455,0.0016082799878144316
D00_oracle_gate,S1,temporal_only,1,delta_bce_gate_age_shuffle,0.0,0.0,0.0
D00_oracle_gate,S1,temporal_only,1,gate_signal_correlation,0.9999999999999994,0.9835603715118806,0.016439628488118863
D00_oracle_gate,S1,temporal_only,1,gate_signal_mae,8.08596468143125e-09,0.03408291089120783,-0.03408290280524315
D00_oracle_gate,S1,temporal_only,1,gate_signal_rmse,1.1002511777777637e-08,0.04683743013620458,-0.046837419133692805
D00_oracle_gate,S1,temporal_only,1,surface_rmse,0.17265005047040916,0.1662943989050199,0.006355651565389253
D00_oracle_gate,S1,temporal_only,2,abs_beta_mean,0.0,0.0,0.0
D00_oracle_gate,S1,temporal_only,2,auprc,0.5381077407361671,0.5404220855108876,-0.002314344774720478
D00_oracle_gate,S1,temporal_only,2,auroc,0.7408048340803026,0.7439980420026938,-0.0031932079223911947
D00_oracle_gate,S1,temporal_only,2,bce,0.48044567533323784,0.4794524037483722,0.0009932715848656182
D00_oracle_gate,S1,temporal_only,2,beta_mean,0.0,0.0,0.0
D00_oracle_gate,S1,temporal_only,2,cf_rmse_age,0.12795332191795344,0.13683049619679927,-0.008877174278845823
D00_oracle_gate,S1,temporal_only,2,cf_rmse_lag,0.11550651800435033,0.12220638376829832,-0.0066998657639479875
D00_oracle_gate,S1,temporal_only,2,content_free_lambda_rmse,1.904654323148236e-09,0.08857601690561788,-0.08857601500096356
D00_oracle_gate,S1,temporal_only,2,delta_bce_beta0,0.0,0.0,0.0
D00_oracle_gate,S1,temporal_only,2,delta_bce_full_age_shuffle,0.013870440738638301,0.011557659865965075,0.0023127808726732257
D00_oracle_gate,S1,temporal_only,2,delta_bce_gate_age_shuffle,0.0,0.0,0.0
D00_oracle_gate,S1,temporal_only,2,gate_signal_correlation,0.9999999999999994,0.9827375579121388,0.017262442087860652
D00_oracle_gate,S1,temporal_only,2,gate_signal_mae,8.08596468143125e-09,0.03489604095187575,-0.034896032865911066
D00_oracle_gate,S1,temporal_only,2,gate_signal_rmse,1.1002511777777637e-08,0.04856172617528583,-0.04856171517277405
D00_oracle_gate,S1,temporal_only,2,surface_rmse,0.16361022103814174,0.1649442910101788,-0.0013340699720370552
D00_oracle_gate,S1,temporal_only,3,abs_beta_mean,0.0,0.0,0.0
D00_oracle_gate,S1,temporal_only,3,auprc,0.5403042889610065,0.5395468816828748,0.0007574072781316721
D00_oracle_gate,S1,temporal_only,3,auroc,0.7431602527520079,0.743239170114505,-7.891736249709957e-05
D00_oracle_gate,S1,temporal_only,3,bce,0.4794208109268096,0.4796293095827068,-0.00020849865589717131
D00_oracle_gate,S1,temporal_only,3,beta_mean,0.0,0.0,0.0
D00_oracle_gate,S1,temporal_only,3,cf_rmse_age,0.1152165847966463,0.12386326312280699,-0.008646678326160687
D00_oracle_gate,S1,temporal_only,3,cf_rmse_lag,0.09413148307788367,0.09796671828962579,-0.0038352352117421162
D00_oracle_gate,S1,temporal_only,3,content_free_lambda_rmse,1.904654323148236e-09,0.08832597542078513,-0.0883259735161308
D00_oracle_gate,S1,temporal_only,3,delta_bce_beta0,0.0,0.0,0.0
D00_oracle_gate,S1,temporal_only,3,delta_bce_full_age_shuffle,0.015494524500414109,0.011364651329961895,0.004129873170452214
D00_oracle_gate,S1,temporal_only,3,delta_bce_gate_age_shuffle,0.0,0.0,0.0
D00_oracle_gate,S1,temporal_only,3,gate_signal_correlation,0.9999999999999994,0.9797388408183192,0.020261159181680255
D00_oracle_gate,S1,temporal_only,3,gate_signal_mae,8.08596468143125e-09,0.034534226512549435,-0.03453421842658475
D00_oracle_gate,S1,temporal_only,3,gate_signal_rmse,1.1002511777777637e-08,0.04815418573679516,-0.048154174734283385
D00_oracle_gate,S1,temporal_only,3,surface_rmse,0.13977519697414917,0.13375734106638665,0.0060178559077625204
D00_oracle_gate,S1,temporal_only,4,abs_beta_mean,0.0,0.0,0.0
D00_oracle_gate,S1,temporal_only,4,auprc,0.5408943915113054,0.5435021651308565,-0.0026077736195511125
D00_oracle_gate,S1,temporal_only,4,auroc,0.7420483342434073,0.7444660838845116,-0.0024177496411043053
D00_oracle_gate,S1,temporal_only,4,bce,0.4802206751290731,0.47886419438124334,0.0013564807478297913
D00_oracle_gate,S1,temporal_only,4,beta_mean,0.0,0.0,0.0
D00_oracle_gate,S1,temporal_only,4,cf_rmse_age,0.1504509193589212,0.16368007535238077,-0.013229155993459585
D00_oracle_gate,S1,temporal_only,4,cf_rmse_lag,0.1242612192156733,0.12314572362406223,0.0011154955916110737
D00_oracle_gate,S1,temporal_only,4,content_free_lambda_rmse,1.904654323148236e-09,0.13059544372828025,-0.13059544182362592
D00_oracle_gate,S1,temporal_only,4,delta_bce_beta0,0.0,0.0,0.0
D00_oracle_gate,S1,temporal_only,4,delta_bce_full_age_shuffle,0.009461002306180799,0.007707566963851831,0.0017534353423289684
D00_oracle_gate,S1,temporal_only,4,delta_bce_gate_age_shuffle,0.0,0.0,0.0
D00_oracle_gate,S1,temporal_only,4,gate_signal_correlation,0.9999999999999994,0.982529905741412,0.017470094258587476
D00_oracle_gate,S1,temporal_only,4,gate_signal_mae,8.08596468143125e-09,0.033360462843615386,-0.033360454757650704
D00_oracle_gate,S1,temporal_only,4,gate_signal_rmse,1.1002511777777637e-08,0.047535828683704186,-0.04753581768119241
D00_oracle_gate,S1,temporal_only,4,surface_rmse,0.18213835350999052,0.1854168708240912,-0.0032785173141006707
D00_oracle_gate,S2,age_temporal,0,abs_beta_mean,2.5,0.987707793712616,1.512292206287384
D00_oracle_gate,S2,age_temporal,0,auprc,0.5758892273549103,0.5826757689344453,-0.006786541579534955
D00_oracle_gate,S2,age_temporal,0,auroc,0.7551672802656209,0.7621841676961609,-0.007016887430540075
D00_oracle_gate,S2,age_temporal,0,bce,0.45995065956527253,0.45525196571288706,0.0046986938523854715
D00_oracle_gate,S2,age_temporal,0,beta_mean,-2.5,-0.987707793712616,-1.512292206287384
D00_oracle_gate,S2,age_temporal,0,cf_rmse_age,0.1743530269589265,0.16337850832727058,0.01097451863165591
D00_oracle_gate,S2,age_temporal,0,cf_rmse_lag,0.19383837796520983,0.16469441396897286,0.029143963996236977
D00_oracle_gate,S2,age_temporal,0,content_free_lambda_corr,0.999999999999999,0.9936269021543039,0.006373097845695064
D00_oracle_gate,S2,age_temporal,0,content_free_lambda_rmse,4.010280809601573e-08,0.7101603987880337,-0.7101603586852256
D00_oracle_gate,S2,age_temporal,0,delta_bce_beta0,0.028148472086745535,0.011597614519995636,0.0165508575667499
D00_oracle_gate,S2,age_temporal,0,delta_bce_full_age_shuffle,0.08751983103374555,0.03253302071430808,0.054986810319437474
D00_oracle_gate,S2,age_temporal,0,delta_bce_gate_age_shuffle,0.07328843995310436,0.021071382260030525,0.05221705769307383
D00_oracle_gate,S2,age_temporal,0,gate_signal_correlation,0.9999999999999987,0.8642395843916708,0.13576041560832786
D00_oracle_gate,S2,age_temporal,0,gate_signal_mae,1.1825803830729224e-08,0.1208460507982202,-0.12084603897241636
D00_oracle_gate,S2,age_temporal,0,gate_signal_rmse,1.7203386649666398e-08,0.15129469644065802,-0.15129467923727136
D00_oracle_gate,S2,age_temporal,0,surface_rmse,0.24008527199463842,0.190798172445814,0.049287099548824403
D00_oracle_gate,S2,age_temporal,1,abs_beta_mean,2.5,1.0428143739700317,1.4571856260299683
D00_oracle_gate,S2,age_temporal,1,auprc,0.5736802174594475,0.5823706097506768,-0.008690392291229254
D00_oracle_gate,S2,age_temporal,1,auroc,0.754047082804274,0.7615067694098385,-0.007459686605564508
D00_oracle_gate,S2,age_temporal,1,bce,0.45943058066906733,0.45519487499460937,0.004235705674457968
D00_oracle_gate,S2,age_temporal,1,beta_mean,-2.5,-1.0428143739700317,-1.4571856260299683
D00_oracle_gate,S2,age_temporal,1,cf_rmse_age,0.1572800746214367,0.13838790019569278,0.018892174425743924
D00_oracle_gate,S2,age_temporal,1,cf_rmse_lag,0.19945489949215528,0.1240943792661905,0.07536052022596477
D00_oracle_gate,S2,age_temporal,1,content_free_lambda_corr,0.999999999999999,0.9937828116285005,0.006217188371498539
D00_oracle_gate,S2,age_temporal,1,content_free_lambda_rmse,4.010280809601573e-08,0.6581651378852726,-0.6581650977824646
D00_oracle_gate,S2,age_temporal,1,delta_bce_beta0,0.03614230907751381,0.012180283435149264,0.02396202564236455
D00_oracle_gate,S2,age_temporal,1,delta_bce_full_age_shuffle,0.0956470091305947,0.034758354219939,0.060888654910655704
D00_oracle_gate,S2,age_temporal,1,delta_bce_gate_age_shuffle,0.0835406945783303,0.02428270271952615,0.05925799185880415
D00_oracle_gate,S2,age_temporal,1,gate_signal_correlation,0.9999999999999987,0.8790968648243332,0.12090313517566542
D00_oracle_gate,S2,age_temporal,1,gate_signal_mae,1.1825803830729224e-08,0.11454074069874037,-0.11454072887293654
D00_oracle_gate,S2,age_temporal,1,gate_signal_rmse,1.7203386649666398e-08,0.14413913429183986,-0.1441391170884532
D00_oracle_gate,S2,age_temporal,1,surface_rmse,0.24002360728979386,0.1707270035463436,0.06929660374345026
D00_oracle_gate,S2,age_temporal,2,abs_beta_mean,2.5,1.0311893224716187,1.4688106775283813
D00_oracle_gate,S2,age_temporal,2,auprc,0.5737557151604494,0.5826551647254103,-0.008899449564960915
D00_oracle_gate,S2,age_temporal,2,auroc,0.7546700238648174,0.7620644750222465,-0.007394451157429094
D00_oracle_gate,S2,age_temporal,2,bce,0.4603825767445082,0.45536032489731126,0.005022251847196957
D00_oracle_gate,S2,age_temporal,2,beta_mean,-2.5,-1.0311893224716187,-1.4688106775283813
D00_oracle_gate,S2,age_temporal,2,cf_rmse_age,0.12106221209159208,0.18725600319669505,-0.06619379110510297
D00_oracle_gate,S2,age_temporal,2,cf_rmse_lag,0.1307135070546088,0.13096983711970808,-0.00025633006509928613
D00_oracle_gate,S2,age_temporal,2,content_free_lambda_corr,0.999999999999999,0.9930146870497248,0.0069853129502741584
D00_oracle_gate,S2,age_temporal,2,content_free_lambda_rmse,4.010280809601573e-08,0.6308117543884934,-0.6308117142856853
D00_oracle_gate,S2,age_temporal,2,delta_bce_beta0,0.03815022832977205,0.01394463256681333,0.02420559576295872
D00_oracle_gate,S2,age_temporal,2,delta_bce_full_age_shuffle,0.09659046731272902,0.034970584594745,0.06161988271798402
D00_oracle_gate,S2,age_temporal,2,delta_bce_gate_age_shuffle,0.08633890949079226,0.02578163599918959,0.06055727349160267
D00_oracle_gate,S2,age_temporal,2,gate_signal_correlation,0.9999999999999987,0.8735485696939311,0.12645143030606754
D00_oracle_gate,S2,age_temporal,2,gate_signal_mae,1.1825803830729224e-08,0.11612038954061345,-0.11612037771480961
D00_oracle_gate,S2,age_temporal,2,gate_signal_rmse,1.7203386649666398e-08,0.1469083000234968,-0.14690828282011015
D00_oracle_gate,S2,age_temporal,2,surface_rmse,0.17008626301953053,0.16098435356387514,0.009101909455655394
D00_oracle_gate,S2,age_temporal,3,abs_beta_mean,2.5,0.9381150007247925,1.5618849992752075
D00_oracle_gate,S2,age_temporal,3,auprc,0.5726481783142394,0.58087363920673,-0.008225460892490544
D00_oracle_gate,S2,age_temporal,3,auroc,0.7528458991819491,0.7607766220425715,-0.007930722860622352
D00_oracle_gate,S2,age_temporal,3,bce,0.46133471594516623,0.4563731419461897,0.0049615739989765095
D00_oracle_gate,S2,age_temporal,3,beta_mean,-2.5,-0.9381150007247925,-1.5618849992752075
D00_oracle_gate,S2,age_temporal,3,cf_rmse_age,0.11232803454395361,0.15177158468498747,-0.03944355014103386
D00_oracle_gate,S2,age_temporal,3,cf_rmse_lag,0.1336822023445962,0.12831621847008665,0.005365983874509567
D00_oracle_gate,S2,age_temporal,3,content_free_lambda_corr,0.999999999999999,0.9909038108670591,0.009096189132939858
D00_oracle_gate,S2,age_temporal,3,content_free_lambda_rmse,4.010280809601573e-08,0.6307940267536223,-0.6307939866508142
D00_oracle_gate,S2,age_temporal,3,delta_bce_beta0,0.029433851869551664,0.009873441567493646,0.019560410302058018
D00_oracle_gate,S2,age_temporal,3,delta_bce_full_age_shuffle,0.09138144209887517,0.03256375198913697,0.0588176901097382
D00_oracle_gate,S2,age_temporal,3,delta_bce_gate_age_shuffle,0.07105621075580132,0.018456855418113094,0.052599355337688225
D00_oracle_gate,S2,age_temporal,3,gate_signal_correlation,0.9999999999999987,0.8500777031900426,0.14992229680995606
D00_oracle_gate,S2,age_temporal,3,gate_signal_mae,1.1825803830729224e-08,0.12548138542905282,-0.12548137360324899
D00_oracle_gate,S2,age_temporal,3,gate_signal_rmse,1.7203386649666398e-08,0.1579124169372149,-0.15791239973382823
D00_oracle_gate,S2,age_temporal,3,surface_rmse,0.18040796250551522,0.17858767218405688,0.0018202903214583344
D00_oracle_gate,S2,age_temporal,4,abs_beta_mean,2.5,1.0298103094100952,1.4701896905899048
D00_oracle_gate,S2,age_temporal,4,auprc,0.572215296533309,0.5797563653940819,-0.0075410688607728815
D00_oracle_gate,S2,age_temporal,4,auroc,0.7534969106742495,0.7598387255422088,-0.006341814867959261
D00_oracle_gate,S2,age_temporal,4,bce,0.4613776629415761,0.4564929053288546,0.004884757612721502
D00_oracle_gate,S2,age_temporal,4,beta_mean,-2.5,-1.0298103094100952,-1.4701896905899048
D00_oracle_gate,S2,age_temporal,4,cf_rmse_age,0.1467842705710788,0.15487672495524687,-0.008092454384168085
D00_oracle_gate,S2,age_temporal,4,cf_rmse_lag,0.1648830645001079,0.11462749446951048,0.05025557003059741
D00_oracle_gate,S2,age_temporal,4,content_free_lambda_corr,0.999999999999999,0.9932083155235474,0.00679168447645162
D00_oracle_gate,S2,age_temporal,4,content_free_lambda_rmse,4.010280809601573e-08,0.642067818028619,-0.6420677779258109
D00_oracle_gate,S2,age_temporal,4,delta_bce_beta0,0.035626943864593086,0.014575467465954783,0.021051476398638302
D00_oracle_gate,S2,age_temporal,4,delta_bce_full_age_shuffle,0.08830138857934511,0.03350933743681139,0.054792051142533715
D00_oracle_gate,S2,age_temporal,4,delta_bce_gate_age_shuffle,0.0792799134263753,0.025583790161045394,0.05369612326532991
D00_oracle_gate,S2,age_temporal,4,gate_signal_correlation,0.9999999999999987,0.8747377252940098,0.12526227470598883
D00_oracle_gate,S2,age_temporal,4,gate_signal_mae,1.1825803830729224e-08,0.11589370523175335,-0.11589369340594952
D00_oracle_gate,S2,age_temporal,4,gate_signal_rmse,1.7203386649666398e-08,0.14628258904676852,-0.14628257184338186
D00_oracle_gate,S2,age_temporal,4,surface_rmse,0.21800399012070792,0.1724228179622347,0.04558117215847324
D00_oracle_gate,S2,matched,0,delta_auprc_at_minus_to,0.007651598367679369,0.007176678156564753,0.0004749202111146156
D00_oracle_gate,S2,matched,0,delta_auroc_at_minus_to,-0.0017207684414748403,0.0016731854571029325,-0.003393953898577773
D00_oracle_gate,S2,matched,0,delta_bce_to_minus_at,0.0025738155634025817,0.0038660719982747116,-0.00129225643487213
D00_oracle_gate,S2,matched,1,delta_auprc_at_minus_to,0.011108297624841779,0.009410615036845815,0.0016976825879959634
D00_oracle_gate,S2,matched,1,delta_auroc_at_minus_to,0.0019051230973963218,0.003176585728931869,-0.001271462631535547
D00_oracle_gate,S2,matched,1,delta_bce_to_minus_at,0.006071420841550101,0.00590877206238738,0.0001626487791627218
D00_oracle_gate,S2,matched,2,delta_auprc_at_minus_to,0.014719896454113979,0.006788748795638844,0.007931147658475135
D00_oracle_gate,S2,matched,2,delta_auroc_at_minus_to,0.0030237104423065375,0.0009725789475624191,0.0020511314947441184
D00_oracle_gate,S2,matched,2,delta_bce_to_minus_at,0.005673903178910866,0.003647583569548807,0.0020263196093620595
D00_oracle_gate,S2,matched,3,delta_auprc_at_minus_to,0.009275445108121061,0.006290532033746188,0.002984913074374873
D00_oracle_gate,S2,matched,3,delta_auroc_at_minus_to,-0.0004970309354881408,0.0020888944843499013,-0.002585925419838042
D00_oracle_gate,S2,matched,3,delta_bce_to_minus_at,0.0034266700990548404,0.0031528104586051597,0.0002738596404496807
D00_oracle_gate,S2,matched,4,delta_auprc_at_minus_to,0.01426904875084456,0.008850858752793234,0.005418189998051326
D00_oracle_gate,S2,matched,4,delta_auroc_at_minus_to,0.0036869289208634193,0.002860240736571207,0.0008266881842922125
D00_oracle_gate,S2,matched,4,delta_bce_to_minus_at,0.005997295398795677,0.0047433525308623326,0.0012539428679333442
D00_oracle_gate,S2,temporal_only,0,abs_beta_mean,0.0,0.0,0.0
D00_oracle_gate,S2,temporal_only,0,auprc,0.568237628987231,0.5754990907778805,-0.00726146179064957
D00_oracle_gate,S2,temporal_only,0,auroc,0.7568880487070957,0.760510982239058,-0.0036229335319623024
D00_oracle_gate,S2,temporal_only,0,bce,0.4625244751286751,0.4591180377111618,0.0034064374175133416
D00_oracle_gate,S2,temporal_only,0,beta_mean,0.0,0.0,0.0
D00_oracle_gate,S2,temporal_only,0,cf_rmse_age,0.16982879402275516,0.19214653666744333,-0.022317742644688165
D00_oracle_gate,S2,temporal_only,0,cf_rmse_lag,0.2332837344782124,0.18358574103658196,0.04969799344163045
D00_oracle_gate,S2,temporal_only,0,content_free_lambda_rmse,0.8285713350013695,0.9306491344153932,-0.10207779941402373
D00_oracle_gate,S2,temporal_only,0,delta_bce_beta0,0.0,0.0,0.0
D00_oracle_gate,S2,temporal_only,0,delta_bce_full_age_shuffle,0.011387584871722367,0.008824530239843253,0.0025630546318791136
D00_oracle_gate,S2,temporal_only,0,delta_bce_gate_age_shuffle,0.0,0.0,0.0
D00_oracle_gate,S2,temporal_only,0,gate_signal_correlation,0.5200877302481415,0.5031778276647036,0.01690990258343783
D00_oracle_gate,S2,temporal_only,0,gate_signal_mae,0.2183988066221125,0.22197307351997256,-0.0035742668978600567
D00_oracle_gate,S2,temporal_only,0,gate_signal_rmse,0.28392426789136893,0.2640854302357091,0.019838837655659858
D00_oracle_gate,S2,temporal_only,0,surface_rmse,0.2816508656618524,0.2286461189688743,0.05300474669297808
D00_oracle_gate,S2,temporal_only,1,abs_beta_mean,0.0,0.0,0.0
D00_oracle_gate,S2,temporal_only,1,auprc,0.5625719198346057,0.572959994713831,-0.010388074879225218
D00_oracle_gate,S2,temporal_only,1,auroc,0.7521419597068777,0.7583301836809067,-0.006188223974028961
D00_oracle_gate,S2,temporal_only,1,bce,0.46550200151061744,0.46110364705699675,0.00439835445362069
D00_oracle_gate,S2,temporal_only,1,beta_mean,0.0,0.0,0.0
D00_oracle_gate,S2,temporal_only,1,cf_rmse_age,0.17207927033563708,0.1698201705162879,0.0022590998193491862
D00_oracle_gate,S2,temporal_only,1,cf_rmse_lag,0.24217748539842643,0.15511349324665863,0.0870639921517678
D00_oracle_gate,S2,temporal_only,1,content_free_lambda_rmse,0.8285713350013695,0.884088378019053,-0.055517043017683565
D00_oracle_gate,S2,temporal_only,1,delta_bce_beta0,0.0,0.0,0.0
D00_oracle_gate,S2,temporal_only,1,delta_bce_full_age_shuffle,0.008430512471307328,0.007356712646271135,0.0010737998250361924
D00_oracle_gate,S2,temporal_only,1,delta_bce_gate_age_shuffle,0.0,0.0,0.0
D00_oracle_gate,S2,temporal_only,1,gate_signal_correlation,0.5200877302481415,0.5074925282191258,0.01259520202901565
D00_oracle_gate,S2,temporal_only,1,gate_signal_mae,0.2183988066221125,0.22217512475426143,-0.0037763181321489314
D00_oracle_gate,S2,temporal_only,1,gate_signal_rmse,0.28392426789136893,0.26316841808569835,0.02075584980567058
D00_oracle_gate,S2,temporal_only,1,surface_rmse,0.2772206536794058,0.218402474748837,0.05881817893056879
D00_oracle_gate,S2,temporal_only,2,abs_beta_mean,0.0,0.0,0.0
D00_oracle_gate,S2,temporal_only,2,auprc,0.5590358187063355,0.5758664159297715,-0.01683059722343605
D00_oracle_gate,S2,temporal_only,2,auroc,0.7516463134225109,0.7610918960746841,-0.009445582652173212
D00_oracle_gate,S2,temporal_only,2,bce,0.4660564799234191,0.45900790846686007,0.007048571456559016
D00_oracle_gate,S2,temporal_only,2,beta_mean,0.0,0.0,0.0
D00_oracle_gate,S2,temporal_only,2,cf_rmse_age,0.18327541922313012,0.21635225572241243,-0.03307683649928231
D00_oracle_gate,S2,temporal_only,2,cf_rmse_lag,0.2052423378727495,0.15060115482716385,0.054641183045585656
D00_oracle_gate,S2,temporal_only,2,content_free_lambda_rmse,0.8285713350013695,0.9096797013593192,-0.08110836635794971
D00_oracle_gate,S2,temporal_only,2,delta_bce_beta0,0.0,0.0,0.0
D00_oracle_gate,S2,temporal_only,2,delta_bce_full_age_shuffle,0.011108291147838567,0.00897380918945928,0.0021344819583792862
D00_oracle_gate,S2,temporal_only,2,delta_bce_gate_age_shuffle,0.0,0.0,0.0
D00_oracle_gate,S2,temporal_only,2,gate_signal_correlation,0.5200877302481415,0.5042565485750674,0.01583118167307407
D00_oracle_gate,S2,temporal_only,2,gate_signal_mae,0.2183988066221125,0.22003561253547052,-0.0016368059133580193
D00_oracle_gate,S2,temporal_only,2,gate_signal_rmse,0.28392426789136893,0.2635643214699372,0.02035994642143174
D00_oracle_gate,S2,temporal_only,2,surface_rmse,0.2588714049291778,0.2132957354663858,0.04557566946279201
D00_oracle_gate,S2,temporal_only,3,abs_beta_mean,0.0,0.0,0.0
D00_oracle_gate,S2,temporal_only,3,auprc,0.5633727332061184,0.5745831071729838,-0.011210373966865417
D00_oracle_gate,S2,temporal_only,3,auroc,0.7533429301174372,0.7586877275582216,-0.00534479744078431
D00_oracle_gate,S2,temporal_only,3,bce,0.46476138604422107,0.4595259524047949,0.00523543363942619
D00_oracle_gate,S2,temporal_only,3,beta_mean,0.0,0.0,0.0
D00_oracle_gate,S2,temporal_only,3,cf_rmse_age,0.13559176809369158,0.1778397462828027,-0.04224797818911111
D00_oracle_gate,S2,temporal_only,3,cf_rmse_lag,0.19562057740590072,0.15201741486846246,0.04360316253743826
D00_oracle_gate,S2,temporal_only,3,content_free_lambda_rmse,0.8285713350013695,0.901803265179785,-0.07323193017841556
D00_oracle_gate,S2,temporal_only,3,delta_bce_beta0,0.0,0.0,0.0
D00_oracle_gate,S2,temporal_only,3,delta_bce_full_age_shuffle,0.012594086394885295,0.009148159080908602,0.0034459273139766933
D00_oracle_gate,S2,temporal_only,3,delta_bce_gate_age_shuffle,0.0,0.0,0.0
D00_oracle_gate,S2,temporal_only,3,gate_signal_correlation,0.5200877302481415,0.49978681627986243,0.020300913968279044
D00_oracle_gate,S2,temporal_only,3,gate_signal_mae,0.2183988066221125,0.221736827051707,-0.003338020429594496
D00_oracle_gate,S2,temporal_only,3,gate_signal_rmse,0.28392426789136893,0.26490721196809686,0.019017055923272075
D00_oracle_gate,S2,temporal_only,3,surface_rmse,0.23949884250594655,0.21583000757570725,0.023668834930239302
D00_oracle_gate,S2,temporal_only,4,abs_beta_mean,0.0,0.0,0.0
D00_oracle_gate,S2,temporal_only,4,auprc,0.5579462477824645,0.5709055066412887,-0.012959258858824207
D00_oracle_gate,S2,temporal_only,4,auroc,0.7498099817533861,0.7569784848056376,-0.007168503052251474
D00_oracle_gate,S2,temporal_only,4,bce,0.4673749583403718,0.46123625785971695,0.006138700480654846
D00_oracle_gate,S2,temporal_only,4,beta_mean,0.0,0.0,0.0
D00_oracle_gate,S2,temporal_only,4,cf_rmse_age,0.16100829816217854,0.18336112266003113,-0.022352824497852586
D00_oracle_gate,S2,temporal_only,4,cf_rmse_lag,0.19886567925293358,0.13728817115126773,0.061577508101665845
D00_oracle_gate,S2,temporal_only,4,content_free_lambda_rmse,0.8285713350013695,0.8964127034941566,-0.0678413684927871
D00_oracle_gate,S2,temporal_only,4,delta_bce_beta0,0.0,0.0,0.0
D00_oracle_gate,S2,temporal_only,4,delta_bce_full_age_shuffle,0.009033296243175504,0.006773834050479544,0.00225946219269596
D00_oracle_gate,S2,temporal_only,4,delta_bce_gate_age_shuffle,0.0,0.0,0.0
D00_oracle_gate,S2,temporal_only,4,gate_signal_correlation,0.5200877302481415,0.5038309238303218,0.01625680641781968
D00_oracle_gate,S2,temporal_only,4,gate_signal_mae,0.2183988066221125,0.22202439364178458,-0.003625587019672083
D00_oracle_gate,S2,temporal_only,4,gate_signal_rmse,0.28392426789136893,0.26412959856744483,0.019794669323924097
D00_oracle_gate,S2,temporal_only,4,surface_rmse,0.24236018729080197,0.22004464236095736,0.02231554492984461
D00_oracle_gate,S3,age_temporal,0,abs_beta_mean,2.5,0.9071639180183411,1.592836081981659
D00_oracle_gate,S3,age_temporal,0,auprc,0.5283628869156104,0.539240046081811,-0.010877159166200578
D00_oracle_gate,S3,age_temporal,0,auroc,0.7270736344145693,0.737738529406085,-0.010664894991515683
D00_oracle_gate,S3,age_temporal,0,bce,0.4896035666962014,0.4843266451540509,0.005276921542150537
D00_oracle_gate,S3,age_temporal,0,beta_mean,2.5,0.9071639180183411,1.592836081981659
D00_oracle_gate,S3,age_temporal,0,cf_rmse_age,0.12573301298956668,0.11926930169410924,0.006463711295457447
D00_oracle_gate,S3,age_temporal,0,cf_rmse_lag,0.1010691326609502,0.08144506907732746,0.019624063583622744
D00_oracle_gate,S3,age_temporal,0,content_free_lambda_corr,0.9999999999999989,0.9915480705288398,0.008451929471159136
D00_oracle_gate,S3,age_temporal,0,content_free_lambda_rmse,4.010280809601573e-08,0.6952603900733939,-0.6952603499705858
D00_oracle_gate,S3,age_temporal,0,delta_bce_beta0,0.015040563916209226,0.010432583467663847,0.004607980448545379
D00_oracle_gate,S3,age_temporal,0,delta_bce_full_age_shuffle,0.059738606884914836,0.029719155467332392,0.030019451417582443
D00_oracle_gate,S3,age_temporal,0,delta_bce_gate_age_shuffle,0.04634406949154424,0.01823712077480144,0.028106948716742797
D00_oracle_gate,S3,age_temporal,0,gate_signal_correlation,0.9999999999999981,0.7960524870255177,0.20394751297448044
D00_oracle_gate,S3,age_temporal,0,gate_signal_mae,1.0414493943474448e-08,0.1384718582610135,-0.13847184784651956
D00_oracle_gate,S3,age_temporal,0,gate_signal_rmse,1.6153563084493614e-08,0.17855222447869776,-0.17855220832513466
D00_oracle_gate,S3,age_temporal,0,surface_rmse,0.13735260290830095,0.13070974926104725,0.006642853647253699
D00_oracle_gate,S3,age_temporal,1,abs_beta_mean,2.5,0.8158680200576782,1.6841319799423218
D00_oracle_gate,S3,age_temporal,1,auprc,0.5269761753869124,0.5378978363930296,-0.010921661006117134
D00_oracle_gate,S3,age_temporal,1,auroc,0.7243296935263827,0.7363231050114887,-0.01199341148510602
D00_oracle_gate,S3,age_temporal,1,bce,0.49052068565620915,0.48475890503407715,0.005761780622132007
D00_oracle_gate,S3,age_temporal,1,beta_mean,2.5,0.8158680200576782,1.6841319799423218
D00_oracle_gate,S3,age_temporal,1,cf_rmse_age,0.1505673583772925,0.13910663978970547,0.011460718587587015
D00_oracle_gate,S3,age_temporal,1,cf_rmse_lag,0.12076234634743703,0.09658703538132607,0.02417531096611096
D00_oracle_gate,S3,age_temporal,1,content_free_lambda_corr,0.9999999999999989,0.9891040780451389,0.01089592195486
D00_oracle_gate,S3,age_temporal,1,content_free_lambda_rmse,4.010280809601573e-08,0.6888145578324554,-0.6888145177296473
D00_oracle_gate,S3,age_temporal,1,delta_bce_beta0,0.0147584724574375,0.007605671426261507,0.007152801031175993
D00_oracle_gate,S3,age_temporal,1,delta_bce_full_age_shuffle,0.06302169823619802,0.024219057040939296,0.038802641195258725
D00_oracle_gate,S3,age_temporal,1,delta_bce_gate_age_shuffle,0.0504142612396517,0.014436041084067264,0.03597822015558444
D00_oracle_gate,S3,age_temporal,1,gate_signal_correlation,0.9999999999999981,0.7071176302393856,0.29288236976061255
D00_oracle_gate,S3,age_temporal,1,gate_signal_mae,1.0414493943474448e-08,0.1613661442658984,-0.16136613385140447
D00_oracle_gate,S3,age_temporal,1,gate_signal_rmse,1.6153563084493614e-08,0.21915019708608355,-0.21915018093252045
D00_oracle_gate,S3,age_temporal,1,surface_rmse,0.18542219458738016,0.16692405180624023,0.018498142781139926
D00_oracle_gate,S3,age_temporal,2,abs_beta_mean,2.5,0.9090102314949036,1.5909897685050964
D00_oracle_gate,S3,age_temporal,2,auprc,0.526000154830141,0.5385387193152852,-0.012538564485144232
D00_oracle_gate,S3,age_temporal,2,auroc,0.7243114440544047,0.7355404977759122,-0.01122905372150751
D00_oracle_gate,S3,age_temporal,2,bce,0.4911525477714662,0.48492195744303723,0.0062305903284289865
D00_oracle_gate,S3,age_temporal,2,beta_mean,2.5,0.9090102314949036,1.5909897685050964
D00_oracle_gate,S3,age_temporal,2,cf_rmse_age,0.17129256872709414,0.12621766199463916,0.045074906732454983
D00_oracle_gate,S3,age_temporal,2,cf_rmse_lag,0.12013247225489794,0.0824530919576414,0.03767938029725654
D00_oracle_gate,S3,age_temporal,2,content_free_lambda_corr,0.9999999999999989,0.9914323810872967,0.00856761891270219
D00_oracle_gate,S3,age_temporal,2,content_free_lambda_rmse,4.010280809601573e-08,0.6875951559908762,-0.6875951158880681
D00_oracle_gate,S3,age_temporal,2,delta_bce_beta0,0.013477141964635897,0.009119626451430607,0.00435751551320529
D00_oracle_gate,S3,age_temporal,2,delta_bce_full_age_shuffle,0.06273065082556151,0.032347356163685115,0.030383294661876392
D00_oracle_gate,S3,age_temporal,2,delta_bce_gate_age_shuffle,0.04657334626930332,0.01656231616279158,0.030011030106511738
D00_oracle_gate,S3,age_temporal,2,gate_signal_correlation,0.9999999999999981,0.7853164955449989,0.21468350445499917
D00_oracle_gate,S3,age_temporal,2,gate_signal_mae,1.0414493943474448e-08,0.1390373687270877,-0.13903735831259376
D00_oracle_gate,S3,age_temporal,2,gate_signal_rmse,1.6153563084493614e-08,0.18117708769541824,-0.18117707154185514
D00_oracle_gate,S3,age_temporal,2,surface_rmse,0.19371042344480366,0.1407133473416454,0.052997076103158264
D00_oracle_gate,S3,age_temporal,3,abs_beta_mean,2.5,0.8522979021072388,1.6477020978927612
D00_oracle_gate,S3,age_temporal,3,auprc,0.5295399577069313,0.5414492900767309,-0.01190933236979963
D00_oracle_gate,S3,age_temporal,3,auroc,0.7263516608800351,0.7390892617000693,-0.012737600820034167
D00_oracle_gate,S3,age_temporal,3,bce,0.4898041967939838,0.4833394493810527,0.006464747412931071
D00_oracle_gate,S3,age_temporal,3,beta_mean,2.5,0.8522979021072388,1.6477020978927612
D00_oracle_gate,S3,age_temporal,3,cf_rmse_age,0.18417702435371333,0.17661484997456386,0.007562174379149467
D00_oracle_gate,S3,age_temporal,3,cf_rmse_lag,0.1261267225350672,0.12348840142897081,0.0026383211060963946
D00_oracle_gate,S3,age_temporal,3,content_free_lambda_corr,0.9999999999999989,0.9912220002243703,0.008777999775628542
D00_oracle_gate,S3,age_temporal,3,content_free_lambda_rmse,4.010280809601573e-08,0.7437783666503704,-0.7437783265475624
D00_oracle_gate,S3,age_temporal,3,delta_bce_beta0,0.017497275578244653,0.00925664436282092,0.008240631215423733
D00_oracle_gate,S3,age_temporal,3,delta_bce_full_age_shuffle,0.06392801960656902,0.025509013270305803,0.03841900633626322
D00_oracle_gate,S3,age_temporal,3,delta_bce_gate_age_shuffle,0.05382544567382541,0.017369125406317243,0.03645632026750817
D00_oracle_gate,S3,age_temporal,3,gate_signal_correlation,0.9999999999999981,0.7773875360473341,0.22261246395266399
D00_oracle_gate,S3,age_temporal,3,gate_signal_mae,1.0414493943474448e-08,0.1461191189679853,-0.14611910855349136
D00_oracle_gate,S3,age_temporal,3,gate_signal_rmse,1.6153563084493614e-08,0.18800299978994084,-0.18800298363637774
D00_oracle_gate,S3,age_temporal,3,surface_rmse,0.21471500010175082,0.20285102321220946,0.011863976889541356
D00_oracle_gate,S3,age_temporal,4,abs_beta_mean,2.5,0.9458898901939392,1.5541101098060608
D00_oracle_gate,S3,age_temporal,4,auprc,0.5246029585907865,0.5348807219177347,-0.010277763326948186
D00_oracle_gate,S3,age_temporal,4,auroc,0.7231306872261232,0.733677314396849,-0.010546627170725853
D00_oracle_gate,S3,age_temporal,4,bce,0.4916093378835203,0.4867648918631974,0.004844446020322912
D00_oracle_gate,S3,age_temporal,4,beta_mean,2.5,0.9458898901939392,1.5541101098060608
D00_oracle_gate,S3,age_temporal,4,cf_rmse_age,0.16763241231829162,0.1396292288943518,0.028003183423939815
D00_oracle_gate,S3,age_temporal,4,cf_rmse_lag,0.1142199782493403,0.10430451046720454,0.009915467782135756
D00_oracle_gate,S3,age_temporal,4,content_free_lambda_corr,0.9999999999999989,0.9920356194376857,0.00796438056231319
D00_oracle_gate,S3,age_temporal,4,content_free_lambda_rmse,4.010280809601573e-08,0.6751648869812165,-0.6751648468784084
D00_oracle_gate,S3,age_temporal,4,delta_bce_beta0,0.015369614518420616,0.009651780730894344,0.005717833787526272
D00_oracle_gate,S3,age_temporal,4,delta_bce_full_age_shuffle,0.0652797303698876,0.03042864362412878,0.03485108674575882
D00_oracle_gate,S3,age_temporal,4,delta_bce_gate_age_shuffle,0.05054067332826745,0.01868359906646233,0.03185707426180512
D00_oracle_gate,S3,age_temporal,4,gate_signal_correlation,0.9999999999999981,0.7718617504431994,0.22813824955679873
D00_oracle_gate,S3,age_temporal,4,gate_signal_mae,1.0414493943474448e-08,0.14410547220581654,-0.1441054617913226
D00_oracle_gate,S3,age_temporal,4,gate_signal_rmse,1.6153563084493614e-08,0.19370305727190915,-0.19370304111834605
D00_oracle_gate,S3,age_temporal,4,surface_rmse,0.17650851147984106,0.15393758539389996,0.022570926085941106
D00_oracle_gate,S3,matched,0,delta_auprc_at_minus_to,0.006955673872935608,0.014849710441309116,-0.007894036568373508
D00_oracle_gate,S3,matched,0,delta_auroc_at_minus_to,-0.005218336203005491,0.004693186567390262,-0.009911522770395753
D00_oracle_gate,S3,matched,0,delta_bce_to_minus_at,0.0018638837892372417,0.005513634767205566,-0.0036497509779683246
D00_oracle_gate,S3,matched,1,delta_auprc_at_minus_to,0.007476097933531767,0.00919326574805035,-0.0017171678145185831
D00_oracle_gate,S3,matched,1,delta_auroc_at_minus_to,-0.0071074327661903025,0.002396207521307092,-0.009503640287497395
D00_oracle_gate,S3,matched,1,delta_bce_to_minus_at,0.0013433354389180696,0.0036820012283446113,-0.0023386657894265417
D00_oracle_gate,S3,matched,2,delta_auprc_at_minus_to,0.003887220262745905,0.013722722951409416,-0.009835502688663511
D00_oracle_gate,S3,matched,2,delta_auroc_at_minus_to,-0.006986320431313642,0.0029258177620617998,-0.009912138193375442
D00_oracle_gate,S3,matched,2,delta_bce_to_minus_at,3.587139901667369e-05,0.005706861882522285,-0.005670990483505611
D00_oracle_gate,S3,matched,3,delta_auprc_at_minus_to,0.008393452037116278,0.013146730042848609,-0.004753278005732331
D00_oracle_gate,S3,matched,3,delta_auroc_at_minus_to,-0.00466455001543753,0.006152902033117691,-0.01081745204855522
D00_oracle_gate,S3,matched,3,delta_bce_to_minus_at,0.0019912143407211924,0.005568395169823159,-0.003577180829101967
D00_oracle_gate,S3,matched,4,delta_auprc_at_minus_to,0.005077538507541446,0.009329099935370566,-0.00425156142782912
D00_oracle_gate,S3,matched,4,delta_auroc_at_minus_to,-0.007730090600196582,0.0021647188327452715,-0.009894809432941853
D00_oracle_gate,S3,matched,4,delta_bce_to_minus_at,0.0006495751497019309,0.0030537410242513774,-0.0024041658745494465
D00_oracle_gate,S3,temporal_only,0,abs_beta_mean,0.0,0.0,0.0
D00_oracle_gate,S3,temporal_only,0,auprc,0.5214072130426748,0.5243903356405019,-0.0029831225978270703
D00_oracle_gate,S3,temporal_only,0,auroc,0.7322919706175748,0.7330453428386947,-0.0007533722211199301
D00_oracle_gate,S3,temporal_only,0,bce,0.49146745048543866,0.48984027992125645,0.001627170564182212
D00_oracle_gate,S3,temporal_only,0,beta_mean,0.0,0.0,0.0
D00_oracle_gate,S3,temporal_only,0,cf_rmse_age,0.110484095105852,0.12472720313715838,-0.014243108031306378
D00_oracle_gate,S3,temporal_only,0,cf_rmse_lag,0.09286484531520774,0.08602717035545526,0.006837674959752474
D00_oracle_gate,S3,temporal_only,0,content_free_lambda_rmse,0.8285713350013694,0.8692500132603638,-0.040678678258994405
D00_oracle_gate,S3,temporal_only,0,delta_bce_beta0,0.0,0.0,0.0
D00_oracle_gate,S3,temporal_only,0,delta_bce_full_age_shuffle,0.012280253786965123,0.009653197983986672,0.0026270558029784508
D00_oracle_gate,S3,temporal_only,0,delta_bce_gate_age_shuffle,0.0,0.0,0.0
D00_oracle_gate,S3,temporal_only,0,gate_signal_correlation,0.5686766077143892,0.4997644176549489,0.06891219005944033
D00_oracle_gate,S3,temporal_only,0,gate_signal_mae,0.18092855518329573,0.22189575925467697,-0.04096720407138124
D00_oracle_gate,S3,temporal_only,0,gate_signal_rmse,0.2312021079981141,0.26882036726143144,-0.03761825926331733
D00_oracle_gate,S3,temporal_only,0,surface_rmse,0.15977343796981466,0.1483207233312287,0.011452714638585965
D00_oracle_gate,S3,temporal_only,1,abs_beta_mean,0.0,0.0,0.0
D00_oracle_gate,S3,temporal_only,1,auprc,0.5195000774533807,0.5287045706449792,-0.00920449319159855
D00_oracle_gate,S3,temporal_only,1,auroc,0.731437126292573,0.7339268974901816,-0.0024897711976086256
D00_oracle_gate,S3,temporal_only,1,bce,0.4918640210951272,0.48844090626242176,0.003423114832705465
D00_oracle_gate,S3,temporal_only,1,beta_mean,0.0,0.0,0.0
D00_oracle_gate,S3,temporal_only,1,cf_rmse_age,0.12473258820580142,0.13855279745988203,-0.013820209254080604
D00_oracle_gate,S3,temporal_only,1,cf_rmse_lag,0.10581792978522925,0.08988570684152325,0.015932222943705998
D00_oracle_gate,S3,temporal_only,1,content_free_lambda_rmse,0.8285713350013694,0.8941442930797238,-0.06557295807835439
D00_oracle_gate,S3,temporal_only,1,delta_bce_beta0,0.0,0.0,0.0
D00_oracle_gate,S3,temporal_only,1,delta_bce_full_age_shuffle,0.00990899559769981,0.007266913180866752,0.002642082416833058
D00_oracle_gate,S3,temporal_only,1,delta_bce_gate_age_shuffle,0.0,0.0,0.0
D00_oracle_gate,S3,temporal_only,1,gate_signal_correlation,0.5686766077143892,0.47089237666470996,0.09778423104967926
D00_oracle_gate,S3,temporal_only,1,gate_signal_mae,0.18092855518329573,0.23369660135184617,-0.052768046168550437
D00_oracle_gate,S3,temporal_only,1,gate_signal_rmse,0.2312021079981141,0.28580481188285994,-0.054602703884745835
D00_oracle_gate,S3,temporal_only,1,surface_rmse,0.17522329972792924,0.16208532600772343,0.013137973720205809
D00_oracle_gate,S3,temporal_only,2,abs_beta_mean,0.0,0.0,0.0
D00_oracle_gate,S3,temporal_only,2,auprc,0.522112934567395,0.5248159963638758,-0.0027030617964807213
D00_oracle_gate,S3,temporal_only,2,auroc,0.7312977644857184,0.7326146800138504,-0.0013169155281320677
D00_oracle_gate,S3,temporal_only,2,bce,0.4911884191704829,0.4906288193255595,0.0005595998449233752
D00_oracle_gate,S3,temporal_only,2,beta_mean,0.0,0.0,0.0
D00_oracle_gate,S3,temporal_only,2,cf_rmse_age,0.12764884856301384,0.13514641680362963,-0.007497568240615787
D00_oracle_gate,S3,temporal_only,2,cf_rmse_lag,0.09770549156695632,0.08885076260120739,0.008854728965748931
D00_oracle_gate,S3,temporal_only,2,content_free_lambda_rmse,0.8285713350013694,0.8909100050243713,-0.062338670023001974
D00_oracle_gate,S3,temporal_only,2,delta_bce_beta0,0.0,0.0,0.0
D00_oracle_gate,S3,temporal_only,2,delta_bce_full_age_shuffle,0.013829216864422678,0.01263287722454648,0.0011963396398761983
D00_oracle_gate,S3,temporal_only,2,delta_bce_gate_age_shuffle,0.0,0.0,0.0
D00_oracle_gate,S3,temporal_only,2,gate_signal_correlation,0.5686766077143892,0.5046432453254923,0.0640333623888969
D00_oracle_gate,S3,temporal_only,2,gate_signal_mae,0.18092855518329573,0.22143446747133935,-0.04050591228804362
D00_oracle_gate,S3,temporal_only,2,gate_signal_rmse,0.2312021079981141,0.26677014494244966,-0.03556803694433555
D00_oracle_gate,S3,temporal_only,2,surface_rmse,0.17530617124587272,0.1548017464860969,0.02050442475977582
D00_oracle_gate,S3,temporal_only,3,abs_beta_mean,0.0,0.0,0.0
D00_oracle_gate,S3,temporal_only,3,auprc,0.521146505669815,0.5283025600338823,-0.007156054364067299
D00_oracle_gate,S3,temporal_only,3,auroc,0.7310162108954726,0.7329363596669516,-0.0019201487714789467
D00_oracle_gate,S3,temporal_only,3,bce,0.491795411134705,0.4889078445508759,0.0028875665838291042
D00_oracle_gate,S3,temporal_only,3,beta_mean,0.0,0.0,0.0
D00_oracle_gate,S3,temporal_only,3,cf_rmse_age,0.14978346620870253,0.17053117320705138,-0.020747706998348853
D00_oracle_gate,S3,temporal_only,3,cf_rmse_lag,0.1325317473906717,0.12471739052170246,0.007814356868969238
D00_oracle_gate,S3,temporal_only,3,content_free_lambda_rmse,0.8285713350013694,0.88296014957125,-0.05438881456988065
D00_oracle_gate,S3,temporal_only,3,delta_bce_beta0,0.0,0.0,0.0
D00_oracle_gate,S3,temporal_only,3,delta_bce_full_age_shuffle,0.011160108206983377,0.00911141892370898,0.0020486892832743964
D00_oracle_gate,S3,temporal_only,3,delta_bce_gate_age_shuffle,0.0,0.0,0.0
D00_oracle_gate,S3,temporal_only,3,gate_signal_correlation,0.5686766077143892,0.507462573372404,0.061214034341985246
D00_oracle_gate,S3,temporal_only,3,gate_signal_mae,0.18092855518329573,0.2224988763908721,-0.041570321207576366
D00_oracle_gate,S3,temporal_only,3,gate_signal_rmse,0.2312021079981141,0.267625434840528,-0.03642332684241387
D00_oracle_gate,S3,temporal_only,3,surface_rmse,0.21641690903481145,0.21200455440171706,0.00441235463309439
D00_oracle_gate,S3,temporal_only,4,abs_beta_mean,0.0,0.0,0.0
D00_oracle_gate,S3,temporal_only,4,auprc,0.5195254200832451,0.5255516219823642,-0.006026201899119066
D00_oracle_gate,S3,temporal_only,4,auroc,0.7308607778263198,0.7315125955641038,-0.0006518177377839995
D00_oracle_gate,S3,temporal_only,4,bce,0.4922589130332222,0.48981863288744876,0.0024402801457734657
D00_oracle_gate,S3,temporal_only,4,beta_mean,0.0,0.0,0.0
D00_oracle_gate,S3,temporal_only,4,cf_rmse_age,0.1253076114821882,0.1498814728836425,-0.024573861401454317
D00_oracle_gate,S3,temporal_only,4,cf_rmse_lag,0.10479453860224842,0.10911734848432478,-0.004322809882076353
D00_oracle_gate,S3,temporal_only,4,content_free_lambda_rmse,0.8285713350013694,0.9104782586299409,-0.08190692362857155
D00_oracle_gate,S3,temporal_only,4,delta_bce_beta0,0.0,0.0,0.0
D00_oracle_gate,S3,temporal_only,4,delta_bce_full_age_shuffle,0.011352507488119556,0.009100362732189449,0.0022521447559301078
D00_oracle_gate,S3,temporal_only,4,delta_bce_gate_age_shuffle,0.0,0.0,0.0
D00_oracle_gate,S3,temporal_only,4,gate_signal_correlation,0.5686766077143892,0.48369693628710336,0.08497967142728585
D00_oracle_gate,S3,temporal_only,4,gate_signal_mae,0.18092855518329573,0.22761629834327862,-0.04668774315998289
D00_oracle_gate,S3,temporal_only,4,gate_signal_rmse,0.2312021079981141,0.27764768234914633,-0.04644557435103222
D00_oracle_gate,S3,temporal_only,4,surface_rmse,0.16928679870010033,0.16329090176609784,0.005995896934002487
D01_multihead_shared,S0,age_temporal,0,abs_beta_mean,0.0015266059199348092,0.00912382174283266,-0.0075972158228978515
D01_multihead_shared,S0,age_temporal,0,auprc,0.5296769528201554,0.5301349355483662,-0.0004579827282108484
D01_multihead_shared,S0,age_temporal,0,auroc,0.733479874140436,0.7333972337169605,8.26404234754996e-05
D01_multihead_shared,S0,age_temporal,0,bce,0.4803758897448721,0.4801915464325848,0.00018434331228728285
D01_multihead_shared,S0,age_temporal,0,beta_mean,0.0015266059199348092,0.00912382174283266,-0.0075972158228978515
D01_multihead_shared,S0,age_temporal,0,cf_rmse_age,0.1085817366513209,0.09960912334150719,0.008972613309813707
D01_multihead_shared,S0,age_temporal,0,cf_rmse_lag,0.11528912767101836,0.11602304441545283,-0.0007339167444344735
D01_multihead_shared,S0,age_temporal,0,content_free_lambda_rmse,0.15551254431661266,0.1542270760961389,0.0012854682204737622
D01_multihead_shared,S0,age_temporal,0,delta_bce_beta0,1.4154376312691674e-06,9.121863872862956e-06,-7.706426241593789e-06
D01_multihead_shared,S0,age_temporal,0,delta_bce_full_age_shuffle,0.005035684366555104,0.0049097480592057985,0.00012593630734930583
D01_multihead_shared,S0,age_temporal,0,delta_bce_gate_age_shuffle,1.3796102639740404e-06,9.630196286025683e-06,-8.250586022051642e-06
D01_multihead_shared,S0,age_temporal,0,gate_signal_correlation,0.9650389748609791,0.9706434946993866,-0.005604519838407485
D01_multihead_shared,S0,age_temporal,0,gate_signal_mae,0.03936015229840339,0.0383078331890556,0.0010523191093477907
D01_multihead_shared,S0,age_temporal,0,gate_signal_rmse,0.057502186745095274,0.05327733356253199,0.004224853182563285
D01_multihead_shared,S0,age_temporal,0,surface_rmse,0.14439802233402174,0.14483854890055003,-0.00044052656652829314
D01_multihead_shared,S0,age_temporal,1,abs_beta_mean,0.021970806643366814,0.0121217155829072,0.009849091060459614
D01_multihead_shared,S0,age_temporal,1,auprc,0.5287704594006036,0.5295883454823059,-0.0008178860817023015
D01_multihead_shared,S0,age_temporal,1,auroc,0.7329323346008824,0.7338708345258147,-0.0009384999249323345
D01_multihead_shared,S0,age_temporal,1,bce,0.48078998902011544,0.48035592536572286,0.0004340636543925802
D01_multihead_shared,S0,age_temporal,1,beta_mean,0.021970806643366814,0.0121217155829072,0.009849091060459614
D01_multihead_shared,S0,age_temporal,1,cf_rmse_age,0.09359116404649387,0.1023680117526644,-0.008776847706170529
D01_multihead_shared,S0,age_temporal,1,cf_rmse_lag,0.11475822857443634,0.11314481043699458,0.0016134181374417578
D01_multihead_shared,S0,age_temporal,1,content_free_lambda_rmse,0.10990905367052425,0.12083098595968035,-0.010921932289156097
D01_multihead_shared,S0,age_temporal,1,delta_bce_beta0,-2.1166177741394065e-05,-8.831031799438893e-06,-1.2335145941955172e-05
D01_multihead_shared,S0,age_temporal,1,delta_bce_full_age_shuffle,0.002292469622357185,0.0022763217322757656,1.614789008141937e-05
D01_multihead_shared,S0,age_temporal,1,delta_bce_gate_age_shuffle,-1.753017664651857e-05,-4.91937107105489e-06,-1.261080557546368e-05
D01_multihead_shared,S0,age_temporal,1,gate_signal_correlation,0.9160298683332919,0.9526358283023049,-0.03660595996901295
D01_multihead_shared,S0,age_temporal,1,gate_signal_mae,0.049107170411740335,0.043973681545053614,0.005133488866686721
D01_multihead_shared,S0,age_temporal,1,gate_signal_rmse,0.09044818220133231,0.06678274348972921,0.023665438711603107
D01_multihead_shared,S0,age_temporal,1,surface_rmse,0.15043778555017778,0.14305631268949046,0.007381472860687327
D01_multihead_shared,S0,age_temporal,2,abs_beta_mean,0.0028520117048174143,0.0008218442089855671,0.002030167495831847
D01_multihead_shared,S0,age_temporal,2,auprc,0.5294189912862535,0.5256993282375847,0.0037196630486687754
D01_multihead_shared,S0,age_temporal,2,auroc,0.7339268225024749,0.7317550378427113,0.0021717846597635315
D01_multihead_shared,S0,age_temporal,2,bce,0.48060160358778736,0.4818194929744046,-0.0012178893866172102
D01_multihead_shared,S0,age_temporal,2,beta_mean,-0.0028520117048174143,-0.0008218442089855671,-0.002030167495831847
D01_multihead_shared,S0,age_temporal,2,cf_rmse_age,0.0875482121065277,0.0954435056620666,-0.00789529355553889
D01_multihead_shared,S0,age_temporal,2,cf_rmse_lag,0.12362606740439831,0.12609979335259075,-0.0024737259481924373
D01_multihead_shared,S0,age_temporal,2,content_free_lambda_rmse,0.10047987532437652,0.08968675968532468,0.010793115639051845
D01_multihead_shared,S0,age_temporal,2,delta_bce_beta0,2.711629955964856e-06,7.697210642754193e-07,1.9419088916894367e-06
D01_multihead_shared,S0,age_temporal,2,delta_bce_full_age_shuffle,0.004992165534787207,0.005118465389641447,-0.00012629985485423934
D01_multihead_shared,S0,age_temporal,2,delta_bce_gate_age_shuffle,1.202564883950874e-06,9.375075904483055e-08,1.1088141249060435e-06
D01_multihead_shared,S0,age_temporal,2,gate_signal_correlation,0.9423346553048751,0.8578824676766867,0.0844521876281884
D01_multihead_shared,S0,age_temporal,2,gate_signal_mae,0.04876112433798556,0.06305521821885772,-0.01429409388087216
D01_multihead_shared,S0,age_temporal,2,gate_signal_rmse,0.07719833262636049,0.12313079431186219,-0.045932461685501705
D01_multihead_shared,S0,age_temporal,2,surface_rmse,0.15757237826912524,0.16135598842440613,-0.003783610155280892
D01_multihead_shared,S0,age_temporal,3,abs_beta_mean,0.008371621370315552,0.00032029388239607215,0.00805132748791948
D01_multihead_shared,S0,age_temporal,3,auprc,0.5281667800582767,0.5296359083712885,-0.001469128313011825
D01_multihead_shared,S0,age_temporal,3,auroc,0.7326064548624307,0.7328798629780287,-0.00027340811559795064
D01_multihead_shared,S0,age_temporal,3,bce,0.4810548905976027,0.48055414537070773,0.0005007452268949719
D01_multihead_shared,S0,age_temporal,3,beta_mean,0.008371621370315552,0.00032029388239607215,0.00805132748791948
D01_multihead_shared,S0,age_temporal,3,cf_rmse_age,0.11739050987681836,0.11180133935652348,0.005589170520294881
D01_multihead_shared,S0,age_temporal,3,cf_rmse_lag,0.1154317172146921,0.11492921485641162,0.0005025023582804766
D01_multihead_shared,S0,age_temporal,3,content_free_lambda_rmse,0.11514067214739229,0.07220013311471724,0.04294053903267506
D01_multihead_shared,S0,age_temporal,3,delta_bce_beta0,-6.548983252752105e-06,7.969408905017517e-08,-6.62867734180228e-06
D01_multihead_shared,S0,age_temporal,3,delta_bce_full_age_shuffle,0.00513991358396082,0.005173396761159854,-3.348317719903404e-05
D01_multihead_shared,S0,age_temporal,3,delta_bce_gate_age_shuffle,2.904941088177626e-06,1.4252470964537522e-07,2.762416378532251e-06
D01_multihead_shared,S0,age_temporal,3,gate_signal_correlation,0.9436281844699921,0.9248299832173005,0.018798201252691604
D01_multihead_shared,S0,age_temporal,3,gate_signal_mae,0.04512506317821026,0.050663031537990615,-0.0055379683597803556
D01_multihead_shared,S0,age_temporal,3,gate_signal_rmse,0.07091608634873539,0.0849057462952587,-0.013989659946523306
D01_multihead_shared,S0,age_temporal,3,surface_rmse,0.13968969886029922,0.1466286302634824,-0.006938931403183191
D01_multihead_shared,S0,age_temporal,4,abs_beta_mean,0.0017263478366658092,0.0008604148169979453,0.0008659330196678638
D01_multihead_shared,S0,age_temporal,4,auprc,0.5259059270035618,0.5286737932173937,-0.00276786621383196
D01_multihead_shared,S0,age_temporal,4,auroc,0.7315232737170856,0.7333279916033675,-0.0018047178862818924
D01_multihead_shared,S0,age_temporal,4,bce,0.4818297916505307,0.4805610168798842,0.0012687747706465191
D01_multihead_shared,S0,age_temporal,4,beta_mean,0.0017263478366658092,-0.0008604148169979453,0.0025867626536637545
D01_multihead_shared,S0,age_temporal,4,cf_rmse_age,0.06222993691644392,0.08312387299376373,-0.020893936077319805
D01_multihead_shared,S0,age_temporal,4,cf_rmse_lag,0.10844223898265898,0.11229289689088812,-0.003850657908229138
D01_multihead_shared,S0,age_temporal,4,content_free_lambda_rmse,0.10787504756812494,0.0887530279786449,0.019122019589480038
D01_multihead_shared,S0,age_temporal,4,delta_bce_beta0,-1.894854127326706e-06,5.456034170570057e-07,-2.4404575443837118e-06
D01_multihead_shared,S0,age_temporal,4,delta_bce_full_age_shuffle,0.00556908950941748,0.005559802740889241,9.286768528238287e-06
D01_multihead_shared,S0,age_temporal,4,delta_bce_gate_age_shuffle,-1.6340997682773306e-07,-4.211492317662824e-07,2.577392549385493e-07
D01_multihead_shared,S0,age_temporal,4,gate_signal_correlation,0.9201767135834705,0.9290864015710887,-0.008909687987618153
D01_multihead_shared,S0,age_temporal,4,gate_signal_mae,0.05160219282516565,0.04917439103577548,0.0024278017893901715
D01_multihead_shared,S0,age_temporal,4,gate_signal_rmse,0.0897558577191594,0.08203395974080313,0.0077218979783562625
D01_multihead_shared,S0,age_temporal,4,surface_rmse,0.140502677774038,0.14648709552716127,-0.005984417753123278
D01_multihead_shared,S0,matched,0,delta_auprc_at_minus_to,2.5831781670371257e-05,6.414818686795165e-06,1.941696298357609e-05
D01_multihead_shared,S0,matched,0,delta_auroc_at_minus_to,3.009304873302643e-05,4.061278684130976e-06,2.6031770048895453e-05
D01_multihead_shared,S0,matched,0,delta_bce_to_minus_at,1.0173174924354988e-05,7.523988189317432e-06,2.6491867350375564e-06
D01_multihead_shared,S0,matched,1,delta_auprc_at_minus_to,8.743840753444587e-06,-1.4702960148271771e-05,2.3446800901716358e-05
D01_multihead_shared,S0,matched,1,delta_auroc_at_minus_to,8.061467135278555e-06,-2.0501882166401586e-06,1.0111655351918714e-05
D01_multihead_shared,S0,matched,1,delta_bce_to_minus_at,-1.982626790797415e-06,-6.122227567018079e-06,4.139600776220664e-06
D01_multihead_shared,S0,matched,2,delta_auprc_at_minus_to,-6.375300266592276e-07,-3.47103516695757e-06,2.8335051402983424e-06
D01_multihead_shared,S0,matched,2,delta_auroc_at_minus_to,1.58590244647705e-06,4.080827558539113e-06,-2.494925112062063e-06
D01_multihead_shared,S0,matched,2,delta_bce_to_minus_at,8.230606598491619e-07,3.094602974762495e-06,-2.271542314913333e-06
D01_multihead_shared,S0,matched,3,delta_auprc_at_minus_to,-1.1729099844148827e-05,6.461283429071152e-06,-1.819038327321998e-05
D01_multihead_shared,S0,matched,3,delta_auroc_at_minus_to,-2.377631864947105e-06,1.150939988203703e-06,-3.528571853150808e-06
D01_multihead_shared,S0,matched,3,delta_bce_to_minus_at,-7.956630643402018e-06,2.794080314894032e-07,-8.236038674891422e-06
D01_multihead_shared,S0,matched,4,delta_auprc_at_minus_to,-4.242283918709511e-06,-2.601107670252567e-05,2.176879278381616e-05
D01_multihead_shared,S0,matched,4,delta_auroc_at_minus_to,-3.399060559239331e-06,-3.958647092350276e-07,-3.0031958500043032e-06
D01_multihead_shared,S0,matched,4,delta_bce_to_minus_at,-1.4967574885060841e-06,-5.942792019042464e-06,4.44603453053638e-06
D01_multihead_shared,S0,temporal_only,0,abs_beta_mean,0.0,0.0,0.0
D01_multihead_shared,S0,temporal_only,0,auprc,0.529651121038485,0.5301285207296794,-0.0004773996911944245
D01_multihead_shared,S0,temporal_only,0,auroc,0.733449781091703,0.7333931724382764,5.660865342660415e-05
D01_multihead_shared,S0,temporal_only,0,bce,0.48038606291979646,0.48019907042077414,0.0001869924990223204
D01_multihead_shared,S0,temporal_only,0,beta_mean,0.0,0.0,0.0
D01_multihead_shared,S0,temporal_only,0,cf_rmse_age,0.10858025865533481,0.09974219029454409,0.008838068360790721
D01_multihead_shared,S0,temporal_only,0,cf_rmse_lag,0.11522897895108593,0.11592206652015039,-0.0006930875690644572
D01_multihead_shared,S0,temporal_only,0,content_free_lambda_rmse,0.1547359209087612,0.1539407949474575,0.0007951259613037109
D01_multihead_shared,S0,temporal_only,0,delta_bce_beta0,0.0,0.0,0.0
D01_multihead_shared,S0,temporal_only,0,delta_bce_full_age_shuffle,0.005036336341439185,0.004913549463668954,0.00012278687777023123
D01_multihead_shared,S0,temporal_only,0,delta_bce_gate_age_shuffle,0.0,0.0,0.0
D01_multihead_shared,S0,temporal_only,0,gate_signal_correlation,0.9650945913538678,0.9706612606150881,-0.005566669261220292
D01_multihead_shared,S0,temporal_only,0,gate_signal_mae,0.03929821018641884,0.03827705269539797,0.0010211574910208715
D01_multihead_shared,S0,temporal_only,0,gate_signal_rmse,0.05744320742996664,0.053284738770513235,0.004158468659453407
D01_multihead_shared,S0,temporal_only,0,surface_rmse,0.1443292509911892,0.14474651642241118,-0.0004172654312219748
D01_multihead_shared,S0,temporal_only,1,abs_beta_mean,0.0,0.0,0.0
D01_multihead_shared,S0,temporal_only,1,auprc,0.5287617155598502,0.5296030484424542,-0.0008413328826040178
D01_multihead_shared,S0,temporal_only,1,auroc,0.7329242731337471,0.7338728847140313,-0.0009486115802842532
D01_multihead_shared,S0,temporal_only,1,bce,0.48078800639332464,0.48034980313815584,0.0004382032551688009
D01_multihead_shared,S0,temporal_only,1,beta_mean,0.0,0.0,0.0
D01_multihead_shared,S0,temporal_only,1,cf_rmse_age,0.09365456541991424,0.10252969191171886,-0.008875126491804622
D01_multihead_shared,S0,temporal_only,1,cf_rmse_lag,0.11471759288804527,0.11315087212098036,0.0015667207670649053
D01_multihead_shared,S0,temporal_only,1,content_free_lambda_rmse,0.10940009165079612,0.12085056114466208,-0.011450469493865967
D01_multihead_shared,S0,temporal_only,1,delta_bce_beta0,0.0,0.0,0.0
D01_multihead_shared,S0,temporal_only,1,delta_bce_full_age_shuffle,0.002293097960833379,0.0022737146937459873,1.9383267087391687e-05
D01_multihead_shared,S0,temporal_only,1,delta_bce_gate_age_shuffle,0.0,0.0,0.0
D01_multihead_shared,S0,temporal_only,1,gate_signal_correlation,0.9160764210007236,0.952623447959944,-0.03654702695922041
D01_multihead_shared,S0,temporal_only,1,gate_signal_mae,0.04913114453104102,0.044021833579373976,0.005109310951667043
D01_multihead_shared,S0,temporal_only,1,gate_signal_rmse,0.09049736424121148,0.06684813100209948,0.023649233239112
D01_multihead_shared,S0,temporal_only,1,surface_rmse,0.15053191515923575,0.1431504082845829,0.00738150687465286
D01_multihead_shared,S0,temporal_only,2,abs_beta_mean,0.0,0.0,0.0
D01_multihead_shared,S0,temporal_only,2,auprc,0.5294196288162801,0.5257027992727517,0.003716829543528477
D01_multihead_shared,S0,temporal_only,2,auroc,0.7339252366000284,0.7317509570151528,0.0021742795848755936
D01_multihead_shared,S0,temporal_only,2,bce,0.4806024266484472,0.48182258757737934,-0.0012201609289321236
D01_multihead_shared,S0,temporal_only,2,beta_mean,0.0,0.0,0.0
D01_multihead_shared,S0,temporal_only,2,cf_rmse_age,0.08755594118736994,0.09536594415773843,-0.00781000297036849
D01_multihead_shared,S0,temporal_only,2,cf_rmse_lag,0.12365091152939668,0.12622741288624323,-0.0025765013568465472
D01_multihead_shared,S0,temporal_only,2,content_free_lambda_rmse,0.1004793028858425,0.08523016977579612,0.015249133110046387
D01_multihead_shared,S0,temporal_only,2,delta_bce_beta0,0.0,0.0,0.0
D01_multihead_shared,S0,temporal_only,2,delta_bce_full_age_shuffle,0.004998992040936234,0.0051139833995307304,-0.00011499135859449616
D01_multihead_shared,S0,temporal_only,2,delta_bce_gate_age_shuffle,0.0,0.0,0.0
D01_multihead_shared,S0,temporal_only,2,gate_signal_correlation,0.9424684226714222,0.8580527516088619,0.08441567106256032
D01_multihead_shared,S0,temporal_only,2,gate_signal_mae,0.048706885459469,0.0629644030895467,-0.014257517630077703
D01_multihead_shared,S0,temporal_only,2,gate_signal_rmse,0.07711895239347916,0.12302717068015276,-0.0459082182866736
D01_multihead_shared,S0,temporal_only,2,surface_rmse,0.15758684992989658,0.16139651128825597,-0.0038096613583593897
D01_multihead_shared,S0,temporal_only,3,abs_beta_mean,0.0,0.0,0.0
D01_multihead_shared,S0,temporal_only,3,auprc,0.5281785091581208,0.5296294470878594,-0.001450937929738605
D01_multihead_shared,S0,temporal_only,3,auroc,0.7326088324942956,0.7328787120380404,-0.00026987954374479983
D01_multihead_shared,S0,temporal_only,3,bce,0.4810469339669593,0.4805544247787392,0.0004925091882200805
D01_multihead_shared,S0,temporal_only,3,beta_mean,0.0,0.0,0.0
D01_multihead_shared,S0,temporal_only,3,cf_rmse_age,0.11726188835387405,0.11174308250712528,0.00551880584674877
D01_multihead_shared,S0,temporal_only,3,cf_rmse_lag,0.11532275122701013,0.11492857480528701,0.0003941764217231247
D01_multihead_shared,S0,temporal_only,3,content_free_lambda_rmse,0.11437070179255027,0.07207673597605246,0.0422939658164978
D01_multihead_shared,S0,temporal_only,3,delta_bce_beta0,0.0,0.0,0.0
D01_multihead_shared,S0,temporal_only,3,delta_bce_full_age_shuffle,0.005129270365414329,0.005170035667969364,-4.0765302555034744e-05
D01_multihead_shared,S0,temporal_only,3,delta_bce_gate_age_shuffle,0.0,0.0,0.0
D01_multihead_shared,S0,temporal_only,3,gate_signal_correlation,0.9436914625507534,0.9248067189433639,0.018884743607389565
D01_multihead_shared,S0,temporal_only,3,gate_signal_mae,0.045101311307397376,0.050650098851586764,-0.0055487875441893875
D01_multihead_shared,S0,temporal_only,3,gate_signal_rmse,0.07086759196535895,0.08489695499791802,-0.01402936303255907
D01_multihead_shared,S0,temporal_only,3,surface_rmse,0.1396477119445454,0.146630564955577,-0.006982853011031603
D01_multihead_shared,S0,temporal_only,4,abs_beta_mean,0.0,0.0,0.0
D01_multihead_shared,S0,temporal_only,4,auprc,0.5259101692874805,0.5286998042940962,-0.002789635006615776
D01_multihead_shared,S0,temporal_only,4,auroc,0.7315266727776448,0.7333283874680767,-0.0018017146904318881
D01_multihead_shared,S0,temporal_only,4,bce,0.4818282948930422,0.48055507408786513,0.0012732208051770555
D01_multihead_shared,S0,temporal_only,4,beta_mean,0.0,0.0,0.0
D01_multihead_shared,S0,temporal_only,4,cf_rmse_age,0.06217317241551669,0.08304152677266599,-0.020868354357149302
D01_multihead_shared,S0,temporal_only,4,cf_rmse_lag,0.10842088272374886,0.11230982640421548,-0.0038889436804666194
D01_multihead_shared,S0,temporal_only,4,content_free_lambda_rmse,0.10739159393579978,0.08884268808634299,0.018548905849456787
D01_multihead_shared,S0,temporal_only,4,delta_bce_beta0,0.0,0.0,0.0
D01_multihead_shared,S0,temporal_only,4,delta_bce_full_age_shuffle,0.005569611443415279,0.005559916590234304,9.69485318097485e-06
D01_multihead_shared,S0,temporal_only,4,delta_bce_gate_age_shuffle,0.0,0.0,0.0
D01_multihead_shared,S0,temporal_only,4,gate_signal_correlation,0.9202222180443728,0.9289848434112079,-0.008762625366835142
D01_multihead_shared,S0,temporal_only,4,gate_signal_mae,0.05158466640238895,0.0492268400252095,0.0023578263771794478
D01_multihead_shared,S0,temporal_only,4,gate_signal_rmse,0.08973153506358918,0.08212687301870329,0.007604662044885885
D01_multihead_shared,S0,temporal_only,4,surface_rmse,0.14049903859557825,0.1464925735596695,-0.005993534964091246
D01_multihead_shared,S1,age_temporal,0,abs_beta_mean,0.08031733334064484,0.09755793958902359,-0.017240606248378754
D01_multihead_shared,S1,age_temporal,0,auprc,0.5405615332111163,0.5407674397069341,-0.00020590649581775367
D01_multihead_shared,S1,age_temporal,0,auroc,0.7437871561239494,0.7431082964899834,0.0006788596339659669
D01_multihead_shared,S1,age_temporal,0,bce,0.4794033411951005,0.4794215032891727,-1.8162094072238233e-05
D01_multihead_shared,S1,age_temporal,0,beta_mean,0.08031733334064484,0.09755793958902359,-0.017240606248378754
D01_multihead_shared,S1,age_temporal,0,cf_rmse_age,0.13251458127888643,0.13241284857287097,0.00010173270601546158
D01_multihead_shared,S1,age_temporal,0,cf_rmse_lag,0.0868078147281924,0.11508407061929411,-0.028276255891101706
D01_multihead_shared,S1,age_temporal,0,content_free_lambda_rmse,0.14973539578908396,0.10161734558187438,0.04811805020720958
D01_multihead_shared,S1,age_temporal,0,delta_bce_beta0,0.0001979953677141988,0.00021044743869053084,-1.2452070976332053e-05
D01_multihead_shared,S1,age_temporal,0,delta_bce_full_age_shuffle,0.008438160616225432,0.008316647798985777,0.00012151281723965512
D01_multihead_shared,S1,age_temporal,0,delta_bce_gate_age_shuffle,0.00024705356151100144,0.00030690961634910474,-5.98560548381033e-05
D01_multihead_shared,S1,age_temporal,0,gate_signal_correlation,0.9789342802935407,0.9795561064519481,-0.0006218261584074458
D01_multihead_shared,S1,age_temporal,0,gate_signal_mae,0.03306651003857589,0.032479598328308566,0.0005869117102673266
D01_multihead_shared,S1,age_temporal,0,gate_signal_rmse,0.049698534540507135,0.05058449026112795,-0.0008859557206208138
D01_multihead_shared,S1,age_temporal,0,surface_rmse,0.13870936332309083,0.16504107589851305,-0.026331712575422217
D01_multihead_shared,S1,age_temporal,1,abs_beta_mean,0.05525723099708557,0.025628553703427315,0.029628677293658257
D01_multihead_shared,S1,age_temporal,1,auprc,0.541715757770959,0.5428206714691601,-0.0011049136982010932
D01_multihead_shared,S1,age_temporal,1,auroc,0.7429709800359292,0.7441093657271795,-0.0011383856912502432
D01_multihead_shared,S1,age_temporal,1,bce,0.479420967229041,0.47812955544441127,0.0012914117846297146
D01_multihead_shared,S1,age_temporal,1,beta_mean,0.05525723099708557,0.025628553703427315,0.029628677293658257
D01_multihead_shared,S1,age_temporal,1,cf_rmse_age,0.12839824946241843,0.14357985216533795,-0.015181602702919517
D01_multihead_shared,S1,age_temporal,1,cf_rmse_lag,0.11925134063469163,0.1103557597647438,0.008895580869947836
D01_multihead_shared,S1,age_temporal,1,content_free_lambda_rmse,0.14524888941610212,0.11356075152182657,0.03168813789427555
D01_multihead_shared,S1,age_temporal,1,delta_bce_beta0,0.00014621819930787927,5.201546750277508e-05,9.420273180510419e-05
D01_multihead_shared,S1,age_temporal,1,delta_bce_full_age_shuffle,0.006684552351036488,0.006606950585779647,7.76017652568406e-05
D01_multihead_shared,S1,age_temporal,1,delta_bce_gate_age_shuffle,0.00013707348422326016,6.751479274780259e-05,6.955869147545757e-05
D01_multihead_shared,S1,age_temporal,1,gate_signal_correlation,0.9808889374946937,0.983519863383458,-0.002630925888764235
D01_multihead_shared,S1,age_temporal,1,gate_signal_mae,0.03722778372766517,0.03402280238910061,0.003204981338564561
D01_multihead_shared,S1,age_temporal,1,gate_signal_rmse,0.05176381477772687,0.04684194356911434,0.004921871208612524
D01_multihead_shared,S1,age_temporal,1,surface_rmse,0.17390772137285318,0.16662410502240865,0.007283616350444527
D01_multihead_shared,S1,age_temporal,2,abs_beta_mean,0.03535625338554382,0.04652245715260506,-0.011166203767061234
D01_multihead_shared,S1,age_temporal,2,auprc,0.5394676423237728,0.540570162892248,-0.0011025205684752626
D01_multihead_shared,S1,age_temporal,2,auroc,0.743255900060074,0.7440919155861643,-0.0008360155260902502
D01_multihead_shared,S1,age_temporal,2,bce,0.4798355092723914,0.47938475451857365,0.0004507547538177281
D01_multihead_shared,S1,age_temporal,2,beta_mean,0.03535625338554382,0.04652245715260506,-0.011166203767061234
D01_multihead_shared,S1,age_temporal,2,cf_rmse_age,0.1371869618278069,0.13751695170254075,-0.00032998987473384367
D01_multihead_shared,S1,age_temporal,2,cf_rmse_lag,0.1133370030790437,0.12200802772214028,-0.00867102464309659
D01_multihead_shared,S1,age_temporal,2,content_free_lambda_rmse,0.09974894041594627,0.09156019156146716,0.008188748854479108
D01_multihead_shared,S1,age_temporal,2,delta_bce_beta0,9.686463132146939e-05,0.000130256212032831,-3.339158071136161e-05
D01_multihead_shared,S1,age_temporal,2,delta_bce_full_age_shuffle,0.011875401475973713,0.011805670659783829,6.973081618988353e-05
D01_multihead_shared,S1,age_temporal,2,delta_bce_gate_age_shuffle,0.00013979966974569935,0.0001701970860015778,-3.039741625587844e-05
D01_multihead_shared,S1,age_temporal,2,gate_signal_correlation,0.9831540086224928,0.9824431173888307,0.000710891233662081
D01_multihead_shared,S1,age_temporal,2,gate_signal_mae,0.03311741672714036,0.03489980602036746,-0.0017823892932271046
D01_multihead_shared,S1,age_temporal,2,gate_signal_rmse,0.04557294049011603,0.04873557597539454,-0.003162635485278509
D01_multihead_shared,S1,age_temporal,2,surface_rmse,0.16252517023075275,0.16566300109026807,-0.003137830859515328
D01_multihead_shared,S1,age_temporal,3,abs_beta_mean,0.04218320548534393,0.05363224074244499,-0.011449035257101059
D01_multihead_shared,S1,age_temporal,3,auprc,0.5391783998170027,0.5397541832497118,-0.0005757834327091427
D01_multihead_shared,S1,age_temporal,3,auroc,0.7433570972526432,0.7434174063219885,-6.03090693452879e-05
D01_multihead_shared,S1,age_temporal,3,bce,0.47975591415749674,0.47953635342557854,0.00021956073191820025
D01_multihead_shared,S1,age_temporal,3,beta_mean,0.04218320548534393,0.05363224074244499,-0.011449035257101059
D01_multihead_shared,S1,age_temporal,3,cf_rmse_age,0.12201077263731525,0.1241922464476328,-0.0021814738103175524
D01_multihead_shared,S1,age_temporal,3,cf_rmse_lag,0.091766223694816,0.09815498881609884,-0.006388765121282836
D01_multihead_shared,S1,age_temporal,3,content_free_lambda_rmse,0.12848139204928505,0.09097466707826025,0.037506724971024794
D01_multihead_shared,S1,age_temporal,3,delta_bce_beta0,0.00014248748921941168,0.00011627082272247513,2.6216666496936547e-05
D01_multihead_shared,S1,age_temporal,3,delta_bce_full_age_shuffle,0.011776693994103749,0.011403497346278713,0.0003731966478250359
D01_multihead_shared,S1,age_temporal,3,delta_bce_gate_age_shuffle,0.00011308966581985436,0.00011605187406116269,-2.9622082413083284e-06
D01_multihead_shared,S1,age_temporal,3,gate_signal_correlation,0.978973569016967,0.9795977075925102,-0.0006241385755432205
D01_multihead_shared,S1,age_temporal,3,gate_signal_mae,0.03560859563691233,0.03463724921516883,0.0009713464217434992
D01_multihead_shared,S1,age_temporal,3,gate_signal_rmse,0.05221650513655923,0.04818620047524005,0.004030304661319185
D01_multihead_shared,S1,age_temporal,3,surface_rmse,0.1296557257467779,0.1344836361675056,-0.004827910420727721
D01_multihead_shared,S1,age_temporal,4,abs_beta_mean,0.054990895092487335,0.05563615635037422,-0.0006452612578868866
D01_multihead_shared,S1,age_temporal,4,auprc,0.5428902289252517,0.5436789444481375,-0.0007887155228857301
D01_multihead_shared,S1,age_temporal,4,auroc,0.7438685649733958,0.7445889720987136,-0.0007204071253177347
D01_multihead_shared,S1,age_temporal,4,bce,0.478980675605542,0.4787746805509757,0.00020599505456625478
D01_multihead_shared,S1,age_temporal,4,beta_mean,0.054990895092487335,0.05563615635037422,-0.0006452612578868866
D01_multihead_shared,S1,age_temporal,4,cf_rmse_age,0.14740959440017048,0.16475006706317086,-0.017340472663000372
D01_multihead_shared,S1,age_temporal,4,cf_rmse_lag,0.11885550497502086,0.12299470762071163,-0.004139202645690773
D01_multihead_shared,S1,age_temporal,4,content_free_lambda_rmse,0.14210760840761452,0.13394671200149852,0.008160896406116003
D01_multihead_shared,S1,age_temporal,4,delta_bce_beta0,0.00013113516798723968,0.0001520391070360394,-2.0903939048799725e-05
D01_multihead_shared,S1,age_temporal,4,delta_bce_full_age_shuffle,0.007876354697044119,0.007738032517103088,0.00013832217994103058
D01_multihead_shared,S1,age_temporal,4,delta_bce_gate_age_shuffle,0.00013973963197738692,0.00016162705628663954,-2.1887424309252612e-05
D01_multihead_shared,S1,age_temporal,4,gate_signal_correlation,0.9822058252247747,0.9822288717787001,-2.304655392537658e-05
D01_multihead_shared,S1,age_temporal,4,gate_signal_mae,0.03427412170442562,0.033588761323325715,0.0006853603810999045
D01_multihead_shared,S1,age_temporal,4,gate_signal_rmse,0.04996454672460206,0.047788131141780175,0.002176415582821882
D01_multihead_shared,S1,age_temporal,4,surface_rmse,0.17872520386927582,0.18661763703086598,-0.007892433161590162
D01_multihead_shared,S1,matched,0,delta_auprc_at_minus_to,0.00018138170021597677,0.00022169746355826803,-4.0315763342291255e-05
D01_multihead_shared,S1,matched,0,delta_auroc_at_minus_to,0.000214014835987264,0.00019030921357909847,2.370562240816554e-05
D01_multihead_shared,S1,matched,0,delta_bce_to_minus_at,0.00010668575899314137,0.00014501456538951185,-3.8328806396370485e-05
D01_multihead_shared,S1,matched,1,delta_auprc_at_minus_to,0.0001511155156657118,9.254130694491547e-05,5.857420872079633e-05
D01_multihead_shared,S1,matched,1,delta_auroc_at_minus_to,0.00013363761785589734,7.702684945065652e-05,5.661076840524082e-05
D01_multihead_shared,S1,matched,1,delta_bce_to_minus_at,7.79152068999811e-05,5.061584309884459e-05,2.729936380113651e-05
D01_multihead_shared,S1,matched,2,delta_auprc_at_minus_to,9.07816244233306e-05,0.00014807738136046744,-5.7295756937136844e-05
D01_multihead_shared,S1,matched,2,delta_auroc_at_minus_to,7.668621646927942e-05,9.387358347046071e-05,-1.7187367001181286e-05
D01_multihead_shared,S1,matched,2,delta_bce_to_minus_at,4.527835708961758e-05,6.764922979857202e-05,-2.2370872708954437e-05
D01_multihead_shared,S1,matched,3,delta_auprc_at_minus_to,-2.96639355658046e-05,0.00020730156683701484,-0.00023696550240281944
D01_multihead_shared,S1,matched,3,delta_auroc_at_minus_to,0.000319720549373681,0.00017823620748347313,0.00014148434189020787
D01_multihead_shared,S1,matched,3,delta_bce_to_minus_at,5.464014699912978e-05,9.295615712823224e-05,-3.831601012910246e-05
D01_multihead_shared,S1,matched,4,delta_auprc_at_minus_to,0.0001360133372056982,0.00017677931728099505,-4.076598007529686e-05
D01_multihead_shared,S1,matched,4,delta_auroc_at_minus_to,0.00011505122253874234,0.00012288821420192164,-7.836991663179305e-06
D01_multihead_shared,S1,matched,4,delta_bce_to_minus_at,7.56554519931174e-05,8.951383026761794e-05,-1.3858378274500538e-05
D01_multihead_shared,S1,temporal_only,0,abs_beta_mean,0.0,0.0,0.0
D01_multihead_shared,S1,temporal_only,0,auprc,0.5403801515109004,0.5405457422433758,-0.0001655907324754624
D01_multihead_shared,S1,temporal_only,0,auroc,0.7435731412879621,0.7429179872764043,0.0006551540115578014
D01_multihead_shared,S1,temporal_only,0,bce,0.4795100269540936,0.4795665178545622,-5.649090046860872e-05
D01_multihead_shared,S1,temporal_only,0,beta_mean,0.0,0.0,0.0
D01_multihead_shared,S1,temporal_only,0,cf_rmse_age,0.1321106774816439,0.13215678350247417,-4.6106020830272154e-05
D01_multihead_shared,S1,temporal_only,0,cf_rmse_lag,0.08724341366977371,0.11562594276903737,-0.028382529099263656
D01_multihead_shared,S1,temporal_only,0,content_free_lambda_rmse,0.14670949983866233,0.09673487949640769,0.04997462034225464
D01_multihead_shared,S1,temporal_only,0,delta_bce_beta0,0.0,0.0,0.0
D01_multihead_shared,S1,temporal_only,0,delta_bce_full_age_shuffle,0.008357296585065177,0.008182817829740674,0.00017447875532450308
D01_multihead_shared,S1,temporal_only,0,delta_bce_gate_age_shuffle,0.0,0.0,0.0
D01_multihead_shared,S1,temporal_only,0,gate_signal_correlation,0.9795308745049583,0.9808367497248881,-0.001305875219929753
D01_multihead_shared,S1,temporal_only,0,gate_signal_mae,0.032460316073455085,0.031302775915366586,0.0011575401580884992
D01_multihead_shared,S1,temporal_only,0,gate_signal_rmse,0.049589348215868356,0.04986441419480814,-0.00027506597893978135
D01_multihead_shared,S1,temporal_only,0,surface_rmse,0.13808825020532764,0.1643174235463144,-0.02622917334098676
D01_multihead_shared,S1,temporal_only,1,abs_beta_mean,0.0,0.0,0.0
D01_multihead_shared,S1,temporal_only,1,auprc,0.5415646422552933,0.5427281301622152,-0.0011634879069218895
D01_multihead_shared,S1,temporal_only,1,auroc,0.7428373424180733,0.7440323388777288,-0.001194996459655484
D01_multihead_shared,S1,temporal_only,1,bce,0.47949888243594097,0.4781801712875101,0.0013187111484308511
D01_multihead_shared,S1,temporal_only,1,beta_mean,0.0,0.0,0.0
D01_multihead_shared,S1,temporal_only,1,cf_rmse_age,0.12712686303395457,0.14287891596218633,-0.015752052928231758
D01_multihead_shared,S1,temporal_only,1,cf_rmse_lag,0.11971483742991208,0.11053296871595544,0.00918186871395664
D01_multihead_shared,S1,temporal_only,1,content_free_lambda_rmse,0.14072048473627585,0.11120849657328147,0.029511988162994385
D01_multihead_shared,S1,temporal_only,1,delta_bce_beta0,0.0,0.0,0.0
D01_multihead_shared,S1,temporal_only,1,delta_bce_full_age_shuffle,0.006682160699308604,0.0066160237612355455,6.61369380730581e-05
D01_multihead_shared,S1,temporal_only,1,delta_bce_gate_age_shuffle,0.0,0.0,0.0
D01_multihead_shared,S1,temporal_only,1,gate_signal_correlation,0.9812672298148156,0.9835603715118806,-0.00229314169706496
D01_multihead_shared,S1,temporal_only,1,gate_signal_mae,0.0373168322294875,0.03408291089120783,0.003233921338279669
D01_multihead_shared,S1,temporal_only,1,gate_signal_rmse,0.051668863968622906,0.04683743013620458,0.004831433832418325
D01_multihead_shared,S1,temporal_only,1,surface_rmse,0.17282161117847092,0.1662943989050199,0.006527212273451016
D01_multihead_shared,S1,temporal_only,2,abs_beta_mean,0.0,0.0,0.0
D01_multihead_shared,S1,temporal_only,2,auprc,0.5393768606993494,0.5404220855108876,-0.0010452248115381257
D01_multihead_shared,S1,temporal_only,2,auroc,0.7431792138436047,0.7439980420026938,-0.0008188281590890689
D01_multihead_shared,S1,temporal_only,2,bce,0.479880787629481,0.4794524037483722,0.0004283838811087737
D01_multihead_shared,S1,temporal_only,2,beta_mean,0.0,0.0,0.0
D01_multihead_shared,S1,temporal_only,2,cf_rmse_age,0.13678629863567043,0.13683049619679927,-4.419756112883366e-05
D01_multihead_shared,S1,temporal_only,2,cf_rmse_lag,0.11330630402736445,0.12220638376829832,-0.008900079740933861
D01_multihead_shared,S1,temporal_only,2,content_free_lambda_rmse,0.09802663135797997,0.08857601690561788,0.009450614452362088
D01_multihead_shared,S1,temporal_only,2,delta_bce_beta0,0.0,0.0,0.0
D01_multihead_shared,S1,temporal_only,2,delta_bce_full_age_shuffle,0.01170063894364859,0.011557659865965075,0.0001429790776835138
D01_multihead_shared,S1,temporal_only,2,delta_bce_gate_age_shuffle,0.0,0.0,0.0
D01_multihead_shared,S1,temporal_only,2,gate_signal_correlation,0.9833533992452962,0.9827375579121388,0.0006158413331573964
D01_multihead_shared,S1,temporal_only,2,gate_signal_mae,0.03311771436295815,0.03489604095187575,-0.001778326588917599
D01_multihead_shared,S1,temporal_only,2,gate_signal_rmse,0.04545246549376043,0.04856172617528583,-0.0031092606815253943
D01_multihead_shared,S1,temporal_only,2,surface_rmse,0.16202070889323042,0.1649442910101788,-0.0029235821169483756
D01_multihead_shared,S1,temporal_only,3,abs_beta_mean,0.0,0.0,0.0
D01_multihead_shared,S1,temporal_only,3,auprc,0.5392080637525685,0.5395468816828748,-0.00033881793030632323
D01_multihead_shared,S1,temporal_only,3,auroc,0.7430373767032695,0.743239170114505,-0.00020179341123549577
D01_multihead_shared,S1,temporal_only,3,bce,0.4798105543044959,0.4796293095827068,0.00018124472178909778
D01_multihead_shared,S1,temporal_only,3,beta_mean,0.0,0.0,0.0
D01_multihead_shared,S1,temporal_only,3,cf_rmse_age,0.12297562819483808,0.12386326312280699,-0.0008876349279689083
D01_multihead_shared,S1,temporal_only,3,cf_rmse_lag,0.09198920295549916,0.09796671828962579,-0.005977515334126632
D01_multihead_shared,S1,temporal_only,3,content_free_lambda_rmse,0.08264338779718894,0.08832597542078513,-0.005682587623596191
D01_multihead_shared,S1,temporal_only,3,delta_bce_beta0,0.0,0.0,0.0
D01_multihead_shared,S1,temporal_only,3,delta_bce_full_age_shuffle,0.011498080768590269,0.011364651329961895,0.00013342943862837409
D01_multihead_shared,S1,temporal_only,3,delta_bce_gate_age_shuffle,0.0,0.0,0.0
D01_multihead_shared,S1,temporal_only,3,gate_signal_correlation,0.9794051746816181,0.9797388408183192,-0.0003336661367010496
D01_multihead_shared,S1,temporal_only,3,gate_signal_mae,0.034445371802376605,0.034534226512549435,-8.885471017282959e-05
D01_multihead_shared,S1,temporal_only,3,gate_signal_rmse,0.048701154936650545,0.04815418573679516,0.0005469691998553836
D01_multihead_shared,S1,temporal_only,3,surface_rmse,0.12751099820525877,0.13375734106638665,-0.006246342861127879
D01_multihead_shared,S1,temporal_only,4,abs_beta_mean,0.0,0.0,0.0
D01_multihead_shared,S1,temporal_only,4,auprc,0.542754215588046,0.5435021651308565,-0.0007479495428104332
D01_multihead_shared,S1,temporal_only,4,auroc,0.7437535137508571,0.7444660838845116,-0.0007125701336545553
D01_multihead_shared,S1,temporal_only,4,bce,0.4790563310575351,0.47886419438124334,0.00019213667629175424
D01_multihead_shared,S1,temporal_only,4,beta_mean,0.0,0.0,0.0
D01_multihead_shared,S1,temporal_only,4,cf_rmse_age,0.14620893025831874,0.16368007535238077,-0.01747114509406203
D01_multihead_shared,S1,temporal_only,4,cf_rmse_lag,0.11932639423070601,0.12314572362406223,-0.003819329393356219
D01_multihead_shared,S1,temporal_only,4,content_free_lambda_rmse,0.13779038000376242,0.13059544372828025,0.007194936275482178
D01_multihead_shared,S1,temporal_only,4,delta_bce_beta0,0.0,0.0,0.0
D01_multihead_shared,S1,temporal_only,4,delta_bce_full_age_shuffle,0.007885217204154193,0.007707566963851831,0.00017765024030236276
D01_multihead_shared,S1,temporal_only,4,delta_bce_gate_age_shuffle,0.0,0.0,0.0
D01_multihead_shared,S1,temporal_only,4,gate_signal_correlation,0.9825667483433016,0.982529905741412,3.684260188963062e-05
D01_multihead_shared,S1,temporal_only,4,gate_signal_mae,0.03422367216597661,0.033360462843615386,0.0008632093223612247
D01_multihead_shared,S1,temporal_only,4,gate_signal_rmse,0.04975094173797832,0.047535828683704186,0.0022151130542741315
D01_multihead_shared,S1,temporal_only,4,surface_rmse,0.1776947991709235,0.1854168708240912,-0.007722071653167684
D01_multihead_shared,S2,age_temporal,0,abs_beta_mean,0.9529925584793091,0.987707793712616,-0.034715235233306885
D01_multihead_shared,S2,age_temporal,0,auprc,0.5819456184288101,0.5826757689344453,-0.0007301505056351854
D01_multihead_shared,S2,age_temporal,0,auroc,0.7614557774879276,0.7621841676961609,-0.0007283902082333427
D01_multihead_shared,S2,age_temporal,0,bce,0.45577389103654425,0.45525196571288706,0.0005219253236571908
D01_multihead_shared,S2,age_temporal,0,beta_mean,-0.9529925584793091,-0.987707793712616,0.034715235233306885
D01_multihead_shared,S2,age_temporal,0,cf_rmse_age,0.1666878571004134,0.16337850832727058,0.0033093487731428173
D01_multihead_shared,S2,age_temporal,0,cf_rmse_lag,0.14477801438622964,0.16469441396897286,-0.019916399582743216
D01_multihead_shared,S2,age_temporal,0,content_free_lambda_corr,0.9917402884090835,0.9936269021543039,-0.0018866137452204779
D01_multihead_shared,S2,age_temporal,0,content_free_lambda_rmse,0.6531077649988789,0.7101603987880337,-0.057052633789154816
D01_multihead_shared,S2,age_temporal,0,delta_bce_beta0,0.009572234156109638,0.011597614519995636,-0.002025380363885998
D01_multihead_shared,S2,age_temporal,0,delta_bce_full_age_shuffle,0.030083340596349983,0.03253302071430808,-0.0024496801179580974
D01_multihead_shared,S2,age_temporal,0,delta_bce_gate_age_shuffle,0.019642393379949885,0.021071382260030525,-0.0014289888800806394
D01_multihead_shared,S2,age_temporal,0,gate_signal_correlation,0.8572576667718222,0.8642395843916708,-0.0069819176198485655
D01_multihead_shared,S2,age_temporal,0,gate_signal_mae,0.12409236111223625,0.1208460507982202,0.0032463103140160515
D01_multihead_shared,S2,age_temporal,0,gate_signal_rmse,0.15455864199329475,0.15129469644065802,0.0032639455526367323
D01_multihead_shared,S2,age_temporal,0,surface_rmse,0.17953119451129332,0.190798172445814,-0.011266977934520694
D01_multihead_shared,S2,age_temporal,1,abs_beta_mean,1.003767728805542,1.0428143739700317,-0.039046645164489746
D01_multihead_shared,S2,age_temporal,1,auprc,0.5847726247160135,0.5823706097506768,0.002402014965336763
D01_multihead_shared,S2,age_temporal,1,auroc,0.7635214245377,0.7615067694098385,0.0020146551278614755
D01_multihead_shared,S2,age_temporal,1,bce,0.4545102290088423,0.45519487499460937,-0.0006846459857670628
D01_multihead_shared,S2,age_temporal,1,beta_mean,-1.003767728805542,-1.0428143739700317,0.039046645164489746
D01_multihead_shared,S2,age_temporal,1,cf_rmse_age,0.16072777311790143,0.13838790019569278,0.022339872922208653
D01_multihead_shared,S2,age_temporal,1,cf_rmse_lag,0.17630674010180494,0.1240943792661905,0.05221236083561444
D01_multihead_shared,S2,age_temporal,1,content_free_lambda_corr,0.993257480604573,0.9937828116285005,-0.0005253310239274889
D01_multihead_shared,S2,age_temporal,1,content_free_lambda_rmse,0.6727452585012785,0.6581651378852726,0.014580120616005887
D01_multihead_shared,S2,age_temporal,1,delta_bce_beta0,0.012734650028212724,0.012180283435149264,0.00055436659306346
D01_multihead_shared,S2,age_temporal,1,delta_bce_full_age_shuffle,0.03420925851963602,0.034758354219939,-0.0005490957003029817
D01_multihead_shared,S2,age_temporal,1,delta_bce_gate_age_shuffle,0.024229173412905924,0.02428270271952615,-5.3529306620225814e-05
D01_multihead_shared,S2,age_temporal,1,gate_signal_correlation,0.8706585815273711,0.8790968648243332,-0.008438283296962168
D01_multihead_shared,S2,age_temporal,1,gate_signal_mae,0.11838033084381407,0.11454074069874037,0.003839590145073693
D01_multihead_shared,S2,age_temporal,1,gate_signal_rmse,0.14821341739092517,0.14413913429183986,0.004074283099085307
D01_multihead_shared,S2,age_temporal,1,surface_rmse,0.2138203817991534,0.1707270035463436,0.04309337825280979
D01_multihead_shared,S2,age_temporal,2,abs_beta_mean,1.0123826265335083,1.0311893224716187,-0.01880669593811035
D01_multihead_shared,S2,age_temporal,2,auprc,0.5830894656113794,0.5826551647254103,0.00043430088596907446
D01_multihead_shared,S2,age_temporal,2,auroc,0.7626809707156237,0.7620644750222465,0.0006164956933771837
D01_multihead_shared,S2,age_temporal,2,bce,0.4546921304497048,0.45536032489731126,-0.0006681944476064627
D01_multihead_shared,S2,age_temporal,2,beta_mean,-1.0123826265335083,-1.0311893224716187,0.01880669593811035
D01_multihead_shared,S2,age_temporal,2,cf_rmse_age,0.14416533130512382,0.18725600319669505,-0.04309067189157123
D01_multihead_shared,S2,age_temporal,2,cf_rmse_lag,0.12173219017652062,0.13096983711970808,-0.00923764694318746
D01_multihead_shared,S2,age_temporal,2,content_free_lambda_corr,0.9926121649634193,0.9930146870497248,-0.00040252208630553454
D01_multihead_shared,S2,age_temporal,2,content_free_lambda_rmse,0.6308748599033835,0.6308117543884934,6.310551489019378e-05
D01_multihead_shared,S2,age_temporal,2,delta_bce_beta0,0.014416475814636953,0.01394463256681333,0.0004718432478236223
D01_multihead_shared,S2,age_temporal,2,delta_bce_full_age_shuffle,0.03047997784830081,0.034970584594745,-0.004490606746444192
D01_multihead_shared,S2,age_temporal,2,delta_bce_gate_age_shuffle,0.023248375244434072,0.02578163599918959,-0.0025332607547555175
D01_multihead_shared,S2,age_temporal,2,gate_signal_correlation,0.8711179259381626,0.8735485696939311,-0.0024306437557685134
D01_multihead_shared,S2,age_temporal,2,gate_signal_mae,0.11736939168377739,0.11612038954061345,0.001249002143163938
D01_multihead_shared,S2,age_temporal,2,gate_signal_rmse,0.14881689752528648,0.1469083000234968,0.0019085975017896772
D01_multihead_shared,S2,age_temporal,2,surface_rmse,0.16075713470929118,0.16098435356387514,-0.0002272188545839604
D01_multihead_shared,S2,age_temporal,3,abs_beta_mean,0.9977035522460938,0.9381150007247925,0.05958855152130127
D01_multihead_shared,S2,age_temporal,3,auprc,0.5831246273467591,0.58087363920673,0.0022509881400291087
D01_multihead_shared,S2,age_temporal,3,auroc,0.7621676842210432,0.7607766220425715,0.0013910621784717359
D01_multihead_shared,S2,age_temporal,3,bce,0.4549491575651425,0.4563731419461897,-0.0014239843810472386
D01_multihead_shared,S2,age_temporal,3,beta_mean,-0.9977035522460938,-0.9381150007247925,-0.05958855152130127
D01_multihead_shared,S2,age_temporal,3,cf_rmse_age,0.16263841293067338,0.15177158468498747,0.010866828245685911
D01_multihead_shared,S2,age_temporal,3,cf_rmse_lag,0.13240990453202942,0.12831621847008665,0.0040936860619427695
D01_multihead_shared,S2,age_temporal,3,content_free_lambda_corr,0.9932925718325895,0.9909038108670591,0.002388760965530312
D01_multihead_shared,S2,age_temporal,3,content_free_lambda_rmse,0.6812327956277479,0.6307940267536223,0.05043876887412557
D01_multihead_shared,S2,age_temporal,3,delta_bce_beta0,0.012911158187147387,0.009873441567493646,0.003037716619653741
D01_multihead_shared,S2,age_temporal,3,delta_bce_full_age_shuffle,0.037013479024400664,0.03256375198913697,0.004449727035263695
D01_multihead_shared,S2,age_temporal,3,delta_bce_gate_age_shuffle,0.022056969192763898,0.018456855418113094,0.003600113774650804
D01_multihead_shared,S2,age_temporal,3,gate_signal_correlation,0.8642996721724676,0.8500777031900426,0.014221968982425004
D01_multihead_shared,S2,age_temporal,3,gate_signal_mae,0.11996560273994863,0.12548138542905282,-0.005515782689104187
D01_multihead_shared,S2,age_temporal,3,gate_signal_rmse,0.1514131490974182,0.1579124169372149,-0.00649926783979668
D01_multihead_shared,S2,age_temporal,3,surface_rmse,0.17721647335536575,0.17858767218405688,-0.0013711988286911336
D01_multihead_shared,S2,age_temporal,4,abs_beta_mean,1.007315754890442,1.0298103094100952,-0.02249455451965332
D01_multihead_shared,S2,age_temporal,4,auprc,0.5817418661371644,0.5797563653940819,0.001985500743082458
D01_multihead_shared,S2,age_temporal,4,auroc,0.7620786670835619,0.7598387255422088,0.0022399415413530965
D01_multihead_shared,S2,age_temporal,4,bce,0.45558546017109786,0.4564929053288546,-0.0009074451577567588
D01_multihead_shared,S2,age_temporal,4,beta_mean,-1.007315754890442,-1.0298103094100952,0.02249455451965332
D01_multihead_shared,S2,age_temporal,4,cf_rmse_age,0.15866790431020084,0.15487672495524687,0.0037911793549539607
D01_multihead_shared,S2,age_temporal,4,cf_rmse_lag,0.12606273926886177,0.11462749446951048,0.01143524479935129
D01_multihead_shared,S2,age_temporal,4,content_free_lambda_corr,0.9935938212426043,0.9932083155235474,0.0003855057190569333
D01_multihead_shared,S2,age_temporal,4,content_free_lambda_rmse,0.6866174031036496,0.642067818028619,0.044549585075030596
D01_multihead_shared,S2,age_temporal,4,delta_bce_beta0,0.012756415639844088,0.014575467465954783,-0.0018190518261106958
D01_multihead_shared,S2,age_temporal,4,delta_bce_full_age_shuffle,0.03303521358030087,0.03350933743681139,-0.00047412385651052213
D01_multihead_shared,S2,age_temporal,4,delta_bce_gate_age_shuffle,0.025289111994788782,0.025583790161045394,-0.00029467816625661225
D01_multihead_shared,S2,age_temporal,4,gate_signal_correlation,0.872368104346121,0.8747377252940098,-0.0023696209478888397
D01_multihead_shared,S2,age_temporal,4,gate_signal_mae,0.11785600768102064,0.11589370523175335,0.001962302449267289
D01_multihead_shared,S2,age_temporal,4,gate_signal_rmse,0.14740430629722795,0.14628258904676852,0.0011217172504594253
D01_multihead_shared,S2,age_temporal,4,surface_rmse,0.1791035865963536,0.1724228179622347,0.0066807686341189
D01_multihead_shared,S2,matched,0,delta_auprc_at_minus_to,0.007535525247436059,0.007176678156564753,0.00035884709087130595
D01_multihead_shared,S2,matched,0,delta_auroc_at_minus_to,0.0015341027660713547,0.0016731854571029325,-0.0001390826910315779
D01_multihead_shared,S2,matched,0,delta_bce_to_minus_at,0.003525160300619612,0.0038660719982747116,-0.00034091169765509965
D01_multihead_shared,S2,matched,1,delta_auprc_at_minus_to,0.008076189517876142,0.009410615036845815,-0.001334425518969673
D01_multihead_shared,S2,matched,1,delta_auroc_at_minus_to,0.0025276622415078,0.003176585728931869,-0.000648923487424069
D01_multihead_shared,S2,matched,1,delta_bce_to_minus_at,0.004522471429085628,0.00590877206238738,-0.0013863006333017514
D01_multihead_shared,S2,matched,2,delta_auprc_at_minus_to,0.005509580460947072,0.006788748795638844,-0.0012791683346917715
D01_multihead_shared,S2,matched,2,delta_auroc_at_minus_to,0.0014997830239438237,0.0009725789475624191,0.0005272040763814045
D01_multihead_shared,S2,matched,2,delta_bce_to_minus_at,0.003388652981099083,0.003647583569548807,-0.00025893058844972394
D01_multihead_shared,S2,matched,3,delta_auprc_at_minus_to,0.008929618462807598,0.006290532033746188,0.0026390864290614102
D01_multihead_shared,S2,matched,3,delta_auroc_at_minus_to,0.0020047567103771424,0.0020888944843499013,-8.41377739727589e-05
D01_multihead_shared,S2,matched,3,delta_bce_to_minus_at,0.00467972529161631,0.0031528104586051597,0.0015269148330111504
D01_multihead_shared,S2,matched,4,delta_auprc_at_minus_to,0.009264972406975991,0.008850858752793234,0.00041411365418275725
D01_multihead_shared,S2,matched,4,delta_auroc_at_minus_to,0.003995850712788074,0.002860240736571207,0.001135609976216867
D01_multihead_shared,S2,matched,4,delta_bce_to_minus_at,0.004927209811770583,0.0047433525308623326,0.0001838572809082506
D01_multihead_shared,S2,temporal_only,0,abs_beta_mean,0.0,0.0,0.0
D01_multihead_shared,S2,temporal_only,0,auprc,0.574410093181374,0.5754990907778805,-0.0010889975965064913
D01_multihead_shared,S2,temporal_only,0,auroc,0.7599216747218562,0.760510982239058,-0.0005893075172017648
D01_multihead_shared,S2,temporal_only,0,bce,0.45929905133716387,0.4591180377111618,0.00018101362600209114
D01_multihead_shared,S2,temporal_only,0,beta_mean,0.0,0.0,0.0
D01_multihead_shared,S2,temporal_only,0,cf_rmse_age,0.19063921724822633,0.19214653666744333,-0.0015073194192170014
D01_multihead_shared,S2,temporal_only,0,cf_rmse_lag,0.16549399858113825,0.18358574103658196,-0.018091742455443705
D01_multihead_shared,S2,temporal_only,0,content_free_lambda_rmse,0.9169935279381006,0.9306491344153932,-0.013655606477292581
D01_multihead_shared,S2,temporal_only,0,delta_bce_beta0,0.0,0.0,0.0
D01_multihead_shared,S2,temporal_only,0,delta_bce_full_age_shuffle,0.008803968125767836,0.008824530239843253,-2.0562114075417526e-05
D01_multihead_shared,S2,temporal_only,0,delta_bce_gate_age_shuffle,0.0,0.0,0.0
D01_multihead_shared,S2,temporal_only,0,gate_signal_correlation,0.5023285105526556,0.5031778276647036,-0.0008493171120480536
D01_multihead_shared,S2,temporal_only,0,gate_signal_mae,0.22206556496486046,0.22197307351997256,9.24914448879044e-05
D01_multihead_shared,S2,temporal_only,0,gate_signal_rmse,0.26459629177716504,0.2640854302357091,0.0005108615414559647
D01_multihead_shared,S2,temporal_only,0,surface_rmse,0.21154777122886845,0.2286461189688743,-0.017098347740005848
D01_multihead_shared,S2,temporal_only,1,abs_beta_mean,0.0,0.0,0.0
D01_multihead_shared,S2,temporal_only,1,auprc,0.5766964351981374,0.572959994713831,0.003736440484306436
D01_multihead_shared,S2,temporal_only,1,auroc,0.7609937622961922,0.7583301836809067,0.0026635786152855445
D01_multihead_shared,S2,temporal_only,1,bce,0.45903270043792793,0.46110364705699675,-0.002070946619068814
D01_multihead_shared,S2,temporal_only,1,beta_mean,0.0,0.0,0.0
D01_multihead_shared,S2,temporal_only,1,cf_rmse_age,0.1962321437674573,0.1698201705162879,0.026411973251169396
D01_multihead_shared,S2,temporal_only,1,cf_rmse_lag,0.19088474986034612,0.15511349324665863,0.03577125661368749
D01_multihead_shared,S2,temporal_only,1,content_free_lambda_rmse,0.9179922257860457,0.884088378019053,0.03390384776699262
D01_multihead_shared,S2,temporal_only,1,delta_bce_beta0,0.0,0.0,0.0
D01_multihead_shared,S2,temporal_only,1,delta_bce_full_age_shuffle,0.006430313757635364,0.007356712646271135,-0.000926398888635771
D01_multihead_shared,S2,temporal_only,1,delta_bce_gate_age_shuffle,0.0,0.0,0.0
D01_multihead_shared,S2,temporal_only,1,gate_signal_correlation,0.5034053608684663,0.5074925282191258,-0.004087167350659504
D01_multihead_shared,S2,temporal_only,1,gate_signal_mae,0.22228172280281847,0.22217512475426143,0.00010659804855703281
D01_multihead_shared,S2,temporal_only,1,gate_signal_rmse,0.2643049061012269,0.26316841808569835,0.0011364880155285695
D01_multihead_shared,S2,temporal_only,1,surface_rmse,0.24826120576814922,0.218402474748837,0.029858731019312218
D01_multihead_shared,S2,temporal_only,2,abs_beta_mean,0.0,0.0,0.0
D01_multihead_shared,S2,temporal_only,2,auprc,0.5775798851504323,0.5758664159297715,0.001713469220660846
D01_multihead_shared,S2,temporal_only,2,auroc,0.7611811876916799,0.7610918960746841,8.929161699577914e-05
D01_multihead_shared,S2,temporal_only,2,bce,0.4580807834308039,0.45900790846686007,-0.0009271250360561867
D01_multihead_shared,S2,temporal_only,2,beta_mean,0.0,0.0,0.0
D01_multihead_shared,S2,temporal_only,2,cf_rmse_age,0.19072881372567274,0.21635225572241243,-0.025623441996739688
D01_multihead_shared,S2,temporal_only,2,cf_rmse_lag,0.13763190972968561,0.15060115482716385,-0.012969245097478238
D01_multihead_shared,S2,temporal_only,2,content_free_lambda_rmse,0.9198564847424742,0.9096797013593192,0.010176783383154975
D01_multihead_shared,S2,temporal_only,2,delta_bce_beta0,0.0,0.0,0.0
D01_multihead_shared,S2,temporal_only,2,delta_bce_full_age_shuffle,0.008843570946401313,0.00897380918945928,-0.00013023824305796738
D01_multihead_shared,S2,temporal_only,2,delta_bce_gate_age_shuffle,0.0,0.0,0.0
D01_multihead_shared,S2,temporal_only,2,gate_signal_correlation,0.5037464690701894,0.5042565485750674,-0.0005100795048780249
D01_multihead_shared,S2,temporal_only,2,gate_signal_mae,0.22051481601313191,0.22003561253547052,0.00047920347766139404
D01_multihead_shared,S2,temporal_only,2,gate_signal_rmse,0.2635263400999854,0.2635643214699372,-3.798136995181167e-05
D01_multihead_shared,S2,temporal_only,2,surface_rmse,0.20944593890504898,0.2132957354663858,-0.003849796561336827
D01_multihead_shared,S2,temporal_only,3,abs_beta_mean,0.0,0.0,0.0
D01_multihead_shared,S2,temporal_only,3,auprc,0.5741950088839515,0.5745831071729838,-0.0003880982890323015
D01_multihead_shared,S2,temporal_only,3,auroc,0.760162927510666,0.7586877275582216,0.0014751999524444948
D01_multihead_shared,S2,temporal_only,3,bce,0.4596288828567588,0.4595259524047949,0.00010293045196391182
D01_multihead_shared,S2,temporal_only,3,beta_mean,0.0,0.0,0.0
D01_multihead_shared,S2,temporal_only,3,cf_rmse_age,0.20519736996620094,0.1778397462828027,0.027357623683398252
D01_multihead_shared,S2,temporal_only,3,cf_rmse_lag,0.1575193920500001,0.15201741486846246,0.005501977181537637
D01_multihead_shared,S2,temporal_only,3,content_free_lambda_rmse,0.9063945704843264,0.901803265179785,0.004591305304541327
D01_multihead_shared,S2,temporal_only,3,delta_bce_beta0,0.0,0.0,0.0
D01_multihead_shared,S2,temporal_only,3,delta_bce_full_age_shuffle,0.009449179904594818,0.009148159080908602,0.0003010208236862155
D01_multihead_shared,S2,temporal_only,3,delta_bce_gate_age_shuffle,0.0,0.0,0.0
D01_multihead_shared,S2,temporal_only,3,gate_signal_correlation,0.504101143928794,0.49978681627986243,0.004314327648931582
D01_multihead_shared,S2,temporal_only,3,gate_signal_mae,0.22165421539828922,0.221736827051707,-8.261165341777454e-05
D01_multihead_shared,S2,temporal_only,3,gate_signal_rmse,0.2636932248119902,0.26490721196809686,-0.001213987156106655
D01_multihead_shared,S2,temporal_only,3,surface_rmse,0.22566382598473603,0.21583000757570725,0.009833818409028777
D01_multihead_shared,S2,temporal_only,4,abs_beta_mean,0.0,0.0,0.0
D01_multihead_shared,S2,temporal_only,4,auprc,0.5724768937301884,0.5709055066412887,0.0015713870888997006
D01_multihead_shared,S2,temporal_only,4,auroc,0.7580828163707738,0.7569784848056376,0.0011043315651362295
D01_multihead_shared,S2,temporal_only,4,bce,0.46051266998286844,0.46123625785971695,-0.0007235878768485082
D01_multihead_shared,S2,temporal_only,4,beta_mean,0.0,0.0,0.0
D01_multihead_shared,S2,temporal_only,4,cf_rmse_age,0.19931340692802718,0.18336112266003113,0.015952284267996053
D01_multihead_shared,S2,temporal_only,4,cf_rmse_lag,0.14420608656798561,0.13728817115126773,0.006917915416717879
D01_multihead_shared,S2,temporal_only,4,content_free_lambda_rmse,0.9060187898912998,0.8964127034941566,0.009606086397143221
D01_multihead_shared,S2,temporal_only,4,delta_bce_beta0,0.0,0.0,0.0
D01_multihead_shared,S2,temporal_only,4,delta_bce_full_age_shuffle,0.006991690831676389,0.006773834050479544,0.0002178567811968457
D01_multihead_shared,S2,temporal_only,4,delta_bce_gate_age_shuffle,0.0,0.0,0.0
D01_multihead_shared,S2,temporal_only,4,gate_signal_correlation,0.5056547859620013,0.5038309238303218,0.00182386213167951
D01_multihead_shared,S2,temporal_only,4,gate_signal_mae,0.22236336530955622,0.22202439364178458,0.000338971667771637
D01_multihead_shared,S2,temporal_only,4,gate_signal_rmse,0.26372569706396326,0.26412959856744483,-0.00040390150348157405
D01_multihead_shared,S2,temporal_only,4,surface_rmse,0.22909758524000715,0.22004464236095736,0.009052942879049786
D01_multihead_shared,S3,age_temporal,0,abs_beta_mean,0.8067745566368103,0.9071639180183411,-0.10038936138153076
D01_multihead_shared,S3,age_temporal,0,auprc,0.5400459006108016,0.539240046081811,0.0008058545289906238
D01_multihead_shared,S3,age_temporal,0,auroc,0.7378156438437701,0.737738529406085,7.711443768509962e-05
D01_multihead_shared,S3,age_temporal,0,bce,0.48415091126975673,0.4843266451540509,-0.00017573388429414916
D01_multihead_shared,S3,age_temporal,0,beta_mean,0.8067745566368103,0.9071639180183411,-0.10038936138153076
D01_multihead_shared,S3,age_temporal,0,cf_rmse_age,0.13150434203653502,0.11926930169410924,0.012235040342425785
D01_multihead_shared,S3,age_temporal,0,cf_rmse_lag,0.0908520180773403,0.08144506907732746,0.009406949000012835
D01_multihead_shared,S3,age_temporal,0,content_free_lambda_corr,0.9901380574761023,0.9915480705288398,-0.0014100130527374688
D01_multihead_shared,S3,age_temporal,0,content_free_lambda_rmse,0.7470635003104378,0.6952603900733939,0.05180311023704387
D01_multihead_shared,S3,age_temporal,0,delta_bce_beta0,0.007663854193360298,0.010432583467663847,-0.0027687292743035496
D01_multihead_shared,S3,age_temporal,0,delta_bce_full_age_shuffle,0.025898978821954577,0.029719155467332392,-0.003820176645377815
D01_multihead_shared,S3,age_temporal,0,delta_bce_gate_age_shuffle,0.014291445972693329,0.01823712077480144,-0.003945674802108112
D01_multihead_shared,S3,age_temporal,0,gate_signal_correlation,0.7880683436094732,0.7960524870255177,-0.007984143416044476
D01_multihead_shared,S3,age_temporal,0,gate_signal_mae,0.14316327039182344,0.1384718582610135,0.004691412130809952
D01_multihead_shared,S3,age_temporal,0,gate_signal_rmse,0.18134949568911574,0.17855222447869776,0.0027972712104179787
D01_multihead_shared,S3,age_temporal,0,surface_rmse,0.14940058503237424,0.13070974926104725,0.01869083577132699
D01_multihead_shared,S3,age_temporal,1,abs_beta_mean,0.8389711380004883,0.8158680200576782,0.02310311794281006
D01_multihead_shared,S3,age_temporal,1,auprc,0.534515433618298,0.5378978363930296,-0.0033824027747315633
D01_multihead_shared,S3,age_temporal,1,auroc,0.7347709258774628,0.7363231050114887,-0.0015521791340258329
D01_multihead_shared,S3,age_temporal,1,bce,0.48582593326185025,0.48475890503407715,0.0010670282277731036
D01_multihead_shared,S3,age_temporal,1,beta_mean,0.8389711380004883,0.8158680200576782,0.02310311794281006
D01_multihead_shared,S3,age_temporal,1,cf_rmse_age,0.13430018739905497,0.13910663978970547,-0.004806452390650501
D01_multihead_shared,S3,age_temporal,1,cf_rmse_lag,0.08627160039919238,0.09658703538132607,-0.010315434982133692
D01_multihead_shared,S3,age_temporal,1,content_free_lambda_corr,0.9901741440423258,0.9891040780451389,0.001070065997186953
D01_multihead_shared,S3,age_temporal,1,content_free_lambda_rmse,0.7098195070194642,0.6888145578324554,0.021004949187008792
D01_multihead_shared,S3,age_temporal,1,delta_bce_beta0,0.007916931273001193,0.007605671426261507,0.00031125984673968654
D01_multihead_shared,S3,age_temporal,1,delta_bce_full_age_shuffle,0.024618849615815785,0.024219057040939296,0.00039979257487648967
D01_multihead_shared,S3,age_temporal,1,delta_bce_gate_age_shuffle,0.014607486280604542,0.014436041084067264,0.00017144519653727874
D01_multihead_shared,S3,age_temporal,1,gate_signal_correlation,0.7514322634946927,0.7071176302393856,0.044314633255307156
D01_multihead_shared,S3,age_temporal,1,gate_signal_mae,0.1528097498669378,0.1613661442658984,-0.00855639439896061
D01_multihead_shared,S3,age_temporal,1,gate_signal_rmse,0.19863729098648178,0.21915019708608355,-0.02051290609960177
D01_multihead_shared,S3,age_temporal,1,surface_rmse,0.1399056875718593,0.16692405180624023,-0.02701836423438092
D01_multihead_shared,S3,age_temporal,2,abs_beta_mean,0.8275901079177856,0.9090102314949036,-0.08142012357711792
D01_multihead_shared,S3,age_temporal,2,auprc,0.538171342148159,0.5385387193152852,-0.00036737716712620383
D01_multihead_shared,S3,age_temporal,2,auroc,0.7360601594861382,0.7355404977759122,0.0005196617102259937
D01_multihead_shared,S3,age_temporal,2,bce,0.48597164448969277,0.48492195744303723,0.0010496870466555341
D01_multihead_shared,S3,age_temporal,2,beta_mean,0.8275901079177856,0.9090102314949036,-0.08142012357711792
D01_multihead_shared,S3,age_temporal,2,cf_rmse_age,0.1466763382051952,0.12621766199463916,0.020458676210556054
D01_multihead_shared,S3,age_temporal,2,cf_rmse_lag,0.09849395714228315,0.0824530919576414,0.016040865184641748
D01_multihead_shared,S3,age_temporal,2,content_free_lambda_corr,0.9906411677089527,0.9914323810872967,-0.0007912133783439801
D01_multihead_shared,S3,age_temporal,2,content_free_lambda_rmse,0.745536440655526,0.6875951559908762,0.05794128466464987
D01_multihead_shared,S3,age_temporal,2,delta_bce_beta0,0.008318130150636815,0.009119626451430607,-0.0008014963007937914
D01_multihead_shared,S3,age_temporal,2,delta_bce_full_age_shuffle,0.029544040864892707,0.032347356163685115,-0.002803315298792408
D01_multihead_shared,S3,age_temporal,2,delta_bce_gate_age_shuffle,0.014820935027494042,0.01656231616279158,-0.0017413811352975372
D01_multihead_shared,S3,age_temporal,2,gate_signal_correlation,0.7819701149213092,0.7853164955449989,-0.0033463806236897486
D01_multihead_shared,S3,age_temporal,2,gate_signal_mae,0.14619074857151987,0.1390373687270877,0.007153379844432178
D01_multihead_shared,S3,age_temporal,2,gate_signal_rmse,0.18702800872138886,0.18117708769541824,0.0058509210259706235
D01_multihead_shared,S3,age_temporal,2,surface_rmse,0.16982564807290887,0.1407133473416454,0.029112300731263474
D01_multihead_shared,S3,age_temporal,3,abs_beta_mean,0.9049088358879089,0.8522979021072388,0.052610933780670166
D01_multihead_shared,S3,age_temporal,3,auprc,0.540051183509605,0.5414492900767309,-0.0013981065671259119
D01_multihead_shared,S3,age_temporal,3,auroc,0.7374512092540619,0.7390892617000693,-0.0016380524460073431
D01_multihead_shared,S3,age_temporal,3,bce,0.48403164232724455,0.4833394493810527,0.0006921929461918275
D01_multihead_shared,S3,age_temporal,3,beta_mean,0.9049088358879089,0.8522979021072388,0.052610933780670166
D01_multihead_shared,S3,age_temporal,3,cf_rmse_age,0.18435067709464123,0.17661484997456386,0.007735827120077365
D01_multihead_shared,S3,age_temporal,3,cf_rmse_lag,0.1261074370625804,0.12348840142897081,0.002619035633609587
D01_multihead_shared,S3,age_temporal,3,content_free_lambda_corr,0.9923838576853932,0.9912220002243703,0.0011618574610228194
D01_multihead_shared,S3,age_temporal,3,content_free_lambda_rmse,0.739482758429718,0.7437783666503704,-0.004295608220652447
D01_multihead_shared,S3,age_temporal,3,delta_bce_beta0,0.010385009758900776,0.00925664436282092,0.0011283653960798556
D01_multihead_shared,S3,age_temporal,3,delta_bce_full_age_shuffle,0.027125633432475038,0.025509013270305803,0.0016166201621692355
D01_multihead_shared,S3,age_temporal,3,delta_bce_gate_age_shuffle,0.018690105640991106,0.017369125406317243,0.001320980234673863
D01_multihead_shared,S3,age_temporal,3,gate_signal_correlation,0.7774594916085599,0.7773875360473341,7.195556122574498e-05
D01_multihead_shared,S3,age_temporal,3,gate_signal_mae,0.14073283694521527,0.1461191189679853,-0.005386282022770028
D01_multihead_shared,S3,age_temporal,3,gate_signal_rmse,0.18438892721288,0.18800299978994084,-0.0036140725770608395
D01_multihead_shared,S3,age_temporal,3,surface_rmse,0.19952447074333998,0.20285102321220946,-0.0033265524688694814
D01_multihead_shared,S3,age_temporal,4,abs_beta_mean,0.8311443328857422,0.9458898901939392,-0.11474555730819702
D01_multihead_shared,S3,age_temporal,4,auprc,0.536749486831963,0.5348807219177347,0.0018687649142282714
D01_multihead_shared,S3,age_temporal,4,auroc,0.7351363320601427,0.733677314396849,0.0014590176632937046
D01_multihead_shared,S3,age_temporal,4,bce,0.4852869777285337,0.4867648918631974,-0.0014779141346636937
D01_multihead_shared,S3,age_temporal,4,beta_mean,0.8311443328857422,0.9458898901939392,-0.11474555730819702
D01_multihead_shared,S3,age_temporal,4,cf_rmse_age,0.1355203248159747,0.1396292288943518,-0.004108904078377107
D01_multihead_shared,S3,age_temporal,4,cf_rmse_lag,0.10891744130469014,0.10430451046720454,0.004612930837485596
D01_multihead_shared,S3,age_temporal,4,content_free_lambda_corr,0.9908173089692625,0.9920356194376857,-0.0012183104684232449
D01_multihead_shared,S3,age_temporal,4,content_free_lambda_rmse,0.7496982341205478,0.6751648869812165,0.07453334713933135
D01_multihead_shared,S3,age_temporal,4,delta_bce_beta0,0.008431564650537737,0.009651780730894344,-0.0012202160803566064
D01_multihead_shared,S3,age_temporal,4,delta_bce_full_age_shuffle,0.029537759249885553,0.03042864362412878,-0.0008908843742432282
D01_multihead_shared,S3,age_temporal,4,delta_bce_gate_age_shuffle,0.016111553243498555,0.01868359906646233,-0.0025720458229637755
D01_multihead_shared,S3,age_temporal,4,gate_signal_correlation,0.765060579845296,0.7718617504431994,-0.0068011705979034165
D01_multihead_shared,S3,age_temporal,4,gate_signal_mae,0.1493136506322411,0.14410547220581654,0.00520817842642457
D01_multihead_shared,S3,age_temporal,4,gate_signal_rmse,0.19412278909743663,0.19370305727190915,0.0004197318255274862
D01_multihead_shared,S3,age_temporal,4,surface_rmse,0.15450992137525554,0.15393758539389996,0.0005723359813555873
D01_multihead_shared,S3,matched,0,delta_auprc_at_minus_to,0.01296039933028903,0.014849710441309116,-0.0018893111110200866
D01_multihead_shared,S3,matched,0,delta_auroc_at_minus_to,0.0048161112502542736,0.004693186567390262,0.00012292468286401181
D01_multihead_shared,S3,matched,0,delta_bce_to_minus_at,0.004778341486181559,0.005513634767205566,-0.0007352932810240076
D01_multihead_shared,S3,matched,1,delta_auprc_at_minus_to,0.009358119104995954,0.00919326574805035,0.00016485335694560455
D01_multihead_shared,S3,matched,1,delta_auroc_at_minus_to,0.0022732077277644036,0.002396207521307092,-0.00012299979354268853
D01_multihead_shared,S3,matched,1,delta_bce_to_minus_at,0.003674130368108375,0.0036820012283446113,-7.87086023623651e-06
D01_multihead_shared,S3,matched,2,delta_auprc_at_minus_to,0.007294206140056048,0.013722722951409416,-0.006428516811353369
D01_multihead_shared,S3,matched,2,delta_auroc_at_minus_to,0.0018153596831123053,0.0029258177620617998,-0.0011104580789494944
D01_multihead_shared,S3,matched,2,delta_bce_to_minus_at,0.003149349781633448,0.005706861882522285,-0.002557512100888837
D01_multihead_shared,S3,matched,3,delta_auprc_at_minus_to,0.011493669700473386,0.013146730042848609,-0.0016530603423752233
D01_multihead_shared,S3,matched,3,delta_auroc_at_minus_to,0.004034853583967712,0.006152902033117691,-0.0021180484491499785
D01_multihead_shared,S3,matched,3,delta_bce_to_minus_at,0.005260338148389498,0.005568395169823159,-0.00030805702143366087
D01_multihead_shared,S3,matched,4,delta_auprc_at_minus_to,0.009093391651767813,0.009329099935370566,-0.00023570828360275353
D01_multihead_shared,S3,matched,4,delta_auroc_at_minus_to,0.0026591360861816238,0.0021647188327452715,0.0004944172534363522
D01_multihead_shared,S3,matched,4,delta_bce_to_minus_at,0.0035135705151257968,0.0030537410242513774,0.0004598294908744194
D01_multihead_shared,S3,temporal_only,0,abs_beta_mean,0.0,0.0,0.0
D01_multihead_shared,S3,temporal_only,0,auprc,0.5270855012805126,0.5243903356405019,0.0026951656400107105
D01_multihead_shared,S3,temporal_only,0,auroc,0.7329995325935158,0.7330453428386947,-4.581024517891219e-05
D01_multihead_shared,S3,temporal_only,0,bce,0.4889292527559383,0.48984027992125645,-0.0009110271653181568
D01_multihead_shared,S3,temporal_only,0,beta_mean,0.0,0.0,0.0
D01_multihead_shared,S3,temporal_only,0,cf_rmse_age,0.1315608021585379,0.12472720313715838,0.006833599021379533
D01_multihead_shared,S3,temporal_only,0,cf_rmse_lag,0.09959021114556052,0.08602717035545526,0.013563040790105257
D01_multihead_shared,S3,temporal_only,0,content_free_lambda_rmse,0.8718621126616715,0.8692500132603638,0.002612099401307688
D01_multihead_shared,S3,temporal_only,0,delta_bce_beta0,0.0,0.0,0.0
D01_multihead_shared,S3,temporal_only,0,delta_bce_full_age_shuffle,0.009451294833344337,0.009653197983986672,-0.00020190315064233522
D01_multihead_shared,S3,temporal_only,0,delta_bce_gate_age_shuffle,0.0,0.0,0.0
D01_multihead_shared,S3,temporal_only,0,gate_signal_correlation,0.5117464446593436,0.4997644176549489,0.011982027004394713
D01_multihead_shared,S3,temporal_only,0,gate_signal_mae,0.21980870162507626,0.22189575925467697,-0.002087057629600708
D01_multihead_shared,S3,temporal_only,0,gate_signal_rmse,0.264585334849786,0.26882036726143144,-0.004235032411645412
D01_multihead_shared,S3,temporal_only,0,surface_rmse,0.15850400041311705,0.1483207233312287,0.010183277081888348
D01_multihead_shared,S3,temporal_only,1,abs_beta_mean,0.0,0.0,0.0
D01_multihead_shared,S3,temporal_only,1,auprc,0.525157314513302,0.5287045706449792,-0.003547256131677168
D01_multihead_shared,S3,temporal_only,1,auroc,0.7324977181496984,0.7339268974901816,-0.0014291793404831443
D01_multihead_shared,S3,temporal_only,1,bce,0.4895000636299586,0.48844090626242176,0.001059157367536867
D01_multihead_shared,S3,temporal_only,1,beta_mean,0.0,0.0,0.0
D01_multihead_shared,S3,temporal_only,1,cf_rmse_age,0.13850168288391243,0.13855279745988203,-5.111457596959634e-05
D01_multihead_shared,S3,temporal_only,1,cf_rmse_lag,0.08863559523995332,0.08988570684152325,-0.001250111601569931
D01_multihead_shared,S3,temporal_only,1,content_free_lambda_rmse,0.892122772727545,0.8941442930797238,-0.0020215203521787295
D01_multihead_shared,S3,temporal_only,1,delta_bce_beta0,0.0,0.0,0.0
D01_multihead_shared,S3,temporal_only,1,delta_bce_full_age_shuffle,0.007465200610177802,0.007266913180866752,0.00019828742931105037
D01_multihead_shared,S3,temporal_only,1,delta_bce_gate_age_shuffle,0.0,0.0,0.0
D01_multihead_shared,S3,temporal_only,1,gate_signal_correlation,0.49536819527037745,0.47089237666470996,0.0244758186056675
D01_multihead_shared,S3,temporal_only,1,gate_signal_mae,0.22681065940897172,0.23369660135184617,-0.006885941942874452
D01_multihead_shared,S3,temporal_only,1,gate_signal_rmse,0.2741430227114654,0.28580481188285994,-0.011661789171394543
D01_multihead_shared,S3,temporal_only,1,surface_rmse,0.1535667467704925,0.16208532600772343,-0.008518579237230928
D01_multihead_shared,S3,temporal_only,2,abs_beta_mean,0.0,0.0,0.0
D01_multihead_shared,S3,temporal_only,2,auprc,0.5308771360081029,0.5248159963638758,0.006061139644227165
D01_multihead_shared,S3,temporal_only,2,auroc,0.7342447998030259,0.7326146800138504,0.0016301197891754882
D01_multihead_shared,S3,temporal_only,2,bce,0.4891209942713262,0.4906288193255595,-0.0015078250542333027
D01_multihead_shared,S3,temporal_only,2,beta_mean,0.0,0.0,0.0
D01_multihead_shared,S3,temporal_only,2,cf_rmse_age,0.13869032670915818,0.13514641680362963,0.003543909905528553
D01_multihead_shared,S3,temporal_only,2,cf_rmse_lag,0.10420267740562857,0.08885076260120739,0.015351914804421177
D01_multihead_shared,S3,temporal_only,2,content_free_lambda_rmse,0.9085599979515863,0.8909100050243713,0.01764999292721492
D01_multihead_shared,S3,temporal_only,2,delta_bce_beta0,0.0,0.0,0.0
D01_multihead_shared,S3,temporal_only,2,delta_bce_full_age_shuffle,0.0117497983611064,0.01263287722454648,-0.0008830788634400788
D01_multihead_shared,S3,temporal_only,2,delta_bce_gate_age_shuffle,0.0,0.0,0.0
D01_multihead_shared,S3,temporal_only,2,gate_signal_correlation,0.5047880776415336,0.5046432453254923,0.00014483231604123237
D01_multihead_shared,S3,temporal_only,2,gate_signal_mae,0.2268712899050971,0.22143446747133935,0.00543682243375776
D01_multihead_shared,S3,temporal_only,2,gate_signal_rmse,0.27271939850384425,0.26677014494244966,0.005949253561394585
D01_multihead_shared,S3,temporal_only,2,surface_rmse,0.18396038501894638,0.1548017464860969,0.029158638532849473
D01_multihead_shared,S3,temporal_only,3,abs_beta_mean,0.0,0.0,0.0
D01_multihead_shared,S3,temporal_only,3,auprc,0.5285575138091316,0.5283025600338823,0.0002549537752493114
D01_multihead_shared,S3,temporal_only,3,auroc,0.7334163556700942,0.7329363596669516,0.00047999600314263535
D01_multihead_shared,S3,temporal_only,3,bce,0.48929198047563405,0.4889078445508759,0.0003841359247581666
D01_multihead_shared,S3,temporal_only,3,beta_mean,0.0,0.0,0.0
D01_multihead_shared,S3,temporal_only,3,cf_rmse_age,0.17356347813053583,0.17053117320705138,0.0030323049234844413
D01_multihead_shared,S3,temporal_only,3,cf_rmse_lag,0.12248227291306336,0.12471739052170246,-0.0022351176086390923
D01_multihead_shared,S3,temporal_only,3,content_free_lambda_rmse,0.904085765130591,0.88296014957125,0.021125615559341004
D01_multihead_shared,S3,temporal_only,3,delta_bce_beta0,0.0,0.0,0.0
D01_multihead_shared,S3,temporal_only,3,delta_bce_full_age_shuffle,0.009550994570621585,0.00911141892370898,0.0004395756469126044
D01_multihead_shared,S3,temporal_only,3,delta_bce_gate_age_shuffle,0.0,0.0,0.0
D01_multihead_shared,S3,temporal_only,3,gate_signal_correlation,0.49401969159688985,0.507462573372404,-0.013442881775514115
D01_multihead_shared,S3,temporal_only,3,gate_signal_mae,0.22651643185514606,0.2224988763908721,0.004017555464273959
D01_multihead_shared,S3,temporal_only,3,gate_signal_rmse,0.27420743111068957,0.267625434840528,0.006581996270161594
D01_multihead_shared,S3,temporal_only,3,surface_rmse,0.1990244172715685,0.21200455440171706,-0.012980137130148561
D01_multihead_shared,S3,temporal_only,4,abs_beta_mean,0.0,0.0,0.0
D01_multihead_shared,S3,temporal_only,4,auprc,0.5276560951801952,0.5255516219823642,0.002104473197831025
D01_multihead_shared,S3,temporal_only,4,auroc,0.7324771959739611,0.7315125955641038,0.0009646004098573524
D01_multihead_shared,S3,temporal_only,4,bce,0.4888005482436595,0.48981863288744876,-0.0010180846437892743
D01_multihead_shared,S3,temporal_only,4,beta_mean,0.0,0.0,0.0
D01_multihead_shared,S3,temporal_only,4,cf_rmse_age,0.14014458678158737,0.1498814728836425,-0.009736886102055142
D01_multihead_shared,S3,temporal_only,4,cf_rmse_lag,0.10427592371639069,0.10911734848432478,-0.004841424767934088
D01_multihead_shared,S3,temporal_only,4,content_free_lambda_rmse,0.9195409358739176,0.9104782586299409,0.009062677243976691
D01_multihead_shared,S3,temporal_only,4,delta_bce_beta0,0.0,0.0,0.0
D01_multihead_shared,S3,temporal_only,4,delta_bce_full_age_shuffle,0.00925874983092606,0.009100362732189449,0.00015838709873661205
D01_multihead_shared,S3,temporal_only,4,delta_bce_gate_age_shuffle,0.0,0.0,0.0
D01_multihead_shared,S3,temporal_only,4,gate_signal_correlation,0.4883015996838029,0.48369693628710336,0.004604663396699515
D01_multihead_shared,S3,temporal_only,4,gate_signal_mae,0.23049163374172263,0.22761629834327862,0.0028753353984440067
D01_multihead_shared,S3,temporal_only,4,gate_signal_rmse,0.2794389480760552,0.27764768234914633,0.0017912657269088528
D01_multihead_shared,S3,temporal_only,4,surface_rmse,0.15093388994080825,0.16329090176609784,-0.012357011825289588
D02_multihead_dev,S0,age_temporal,0,abs_beta_mean,0.2125011933967471,0.00912382174283266,0.20337737165391445
D02_multihead_dev,S0,age_temporal,0,auprc,0.5302332315901823,0.5301349355483662,9.829604181610385e-05
D02_multihead_dev,S0,age_temporal,0,auroc,0.7341325597452704,0.7333972337169605,0.0007353260283098351
D02_multihead_dev,S0,age_temporal,0,bce,0.4801210406016734,0.4801915464325848,-7.050583091144924e-05
D02_multihead_dev,S0,age_temporal,0,beta_mean,-0.031480188481509686,0.00912382174283266,-0.040604010224342346
D02_multihead_dev,S0,age_temporal,0,cf_rmse_age,0.10272473704309414,0.09960912334150719,0.0031156137015869445
D02_multihead_dev,S0,age_temporal,0,cf_rmse_lag,0.1152950885458704,0.11602304441545283,-0.0007279558695824362
D02_multihead_dev,S0,age_temporal,0,delta_bce_beta0,0.0006704531428928795,9.121863872862956e-06,0.0006613312790200165
D02_multihead_dev,S0,age_temporal,0,delta_bce_full_age_shuffle,0.005527204944230368,0.0049097480592057985,0.0006174568850245699
D02_multihead_dev,S0,age_temporal,0,delta_bce_gate_age_shuffle,0.0016420643047686534,9.630196286025683e-06,0.0016324341084826277
D02_multihead_dev,S0,age_temporal,0,gate_signal_correlation,0.9647323545656816,0.9706434946993866,-0.005911140133704973
D02_multihead_dev,S0,age_temporal,0,gate_signal_mae,0.0388853656981771,0.0383078331890556,0.0005775325091215006
D02_multihead_dev,S0,age_temporal,0,gate_signal_rmse,0.05729871709303565,0.05327733356253199,0.004021383530503658
D02_multihead_dev,S0,age_temporal,0,surface_rmse,0.14247082193780958,0.14483854890055003,-0.0023677269627404574
D02_multihead_dev,S0,age_temporal,1,abs_beta_mean,0.1939684972167015,0.0121217155829072,0.1818467816337943
D02_multihead_dev,S0,age_temporal,1,auprc,0.5290180542499016,0.5295883454823059,-0.0005702912324043741
D02_multihead_dev,S0,age_temporal,1,auroc,0.7333088703604655,0.7338708345258147,-0.0005619641653491492
D02_multihead_dev,S0,age_temporal,1,bce,0.4806496381434913,0.48035592536572286,0.0002937127777684623
D02_multihead_dev,S0,age_temporal,1,beta_mean,0.034811077639460564,0.0121217155829072,0.022689362056553364
D02_multihead_dev,S0,age_temporal,1,cf_rmse_age,0.08753068820362464,0.1023680117526644,-0.014837323549039758
D02_multihead_dev,S0,age_temporal,1,cf_rmse_lag,0.11590345289600582,0.11314481043699458,0.0027586424590112374
D02_multihead_dev,S0,age_temporal,1,delta_bce_beta0,0.00029550703718828064,-8.831031799438893e-06,0.00030433806898771953
D02_multihead_dev,S0,age_temporal,1,delta_bce_full_age_shuffle,0.002325859546027653,0.0022763217322757656,4.9537813751887594e-05
D02_multihead_dev,S0,age_temporal,1,delta_bce_gate_age_shuffle,0.0009114258963852651,-4.91937107105489e-06,0.0009163452674563199
D02_multihead_dev,S0,age_temporal,1,gate_signal_correlation,0.9170987592194846,0.9526358283023049,-0.03553706908282028
D02_multihead_dev,S0,age_temporal,1,gate_signal_mae,0.048511276142494446,0.043973681545053614,0.004537594597440832
D02_multihead_dev,S0,age_temporal,1,gate_signal_rmse,0.0890231877040036,0.06678274348972921,0.022240444214274388
D02_multihead_dev,S0,age_temporal,1,surface_rmse,0.14870023039087044,0.14305631268949046,0.00564391770137998
D02_multihead_dev,S0,age_temporal,2,abs_beta_mean,0.18270854838192463,0.0008218442089855671,0.18188670417293906
D02_multihead_dev,S0,age_temporal,2,auprc,0.5293283660287222,0.5256993282375847,0.003629037791137546
D02_multihead_dev,S0,age_temporal,2,auroc,0.7344158473733351,0.7317550378427113,0.0026608095306237534
D02_multihead_dev,S0,age_temporal,2,bce,0.4805509515978097,0.4818194929744046,-0.0012685413765948783
D02_multihead_dev,S0,age_temporal,2,beta_mean,-0.044088369235396385,-0.0008218442089855671,-0.04326652502641082
D02_multihead_dev,S0,age_temporal,2,cf_rmse_age,0.08500303532308426,0.0954435056620666,-0.010440470338982336
D02_multihead_dev,S0,age_temporal,2,cf_rmse_lag,0.12402453090664421,0.12609979335259075,-0.002075262445946538
D02_multihead_dev,S0,age_temporal,2,delta_bce_beta0,0.0001599939297742825,7.697210642754193e-07,0.0001592242087100071
D02_multihead_dev,S0,age_temporal,2,delta_bce_full_age_shuffle,0.0046328583467425966,0.005118465389641447,-0.00048560704289885015
D02_multihead_dev,S0,age_temporal,2,delta_bce_gate_age_shuffle,0.0006241622745701281,9.375075904483055e-08,0.0006240685238110832
D02_multihead_dev,S0,age_temporal,2,gate_signal_correlation,0.9424021880627981,0.8578824676766867,0.08451972038611133
D02_multihead_dev,S0,age_temporal,2,gate_signal_mae,0.04860293131083222,0.06305521821885772,-0.014452286908025497
D02_multihead_dev,S0,age_temporal,2,gate_signal_rmse,0.0768322060957397,0.12313079431186219,-0.046298588216122497
D02_multihead_dev,S0,age_temporal,2,surface_rmse,0.15691186895435555,0.16135598842440613,-0.004444119470050578
D02_multihead_dev,S0,age_temporal,3,abs_beta_mean,0.09961212705820799,0.00032029388239607215,0.09929183317581192
D02_multihead_dev,S0,age_temporal,3,auprc,0.5290665092431599,0.5296359083712885,-0.0005693991281285893
D02_multihead_dev,S0,age_temporal,3,auroc,0.73253831237303,0.7328798629780287,-0.00034155060499863055
D02_multihead_dev,S0,age_temporal,3,bce,0.480857331021292,0.48055414537070773,0.00030318565058429225
D02_multihead_dev,S0,age_temporal,3,beta_mean,-0.0016338108107447624,0.00032029388239607215,-0.0019541046931408346
D02_multihead_dev,S0,age_temporal,3,cf_rmse_age,0.12177832548844579,0.11180133935652348,0.009976986131922314
D02_multihead_dev,S0,age_temporal,3,cf_rmse_lag,0.11488127960781674,0.11492921485641162,-4.793524859487974e-05
D02_multihead_dev,S0,age_temporal,3,delta_bce_beta0,3.315218181310087e-05,7.969408905017517e-08,3.307248772405069e-05
D02_multihead_dev,S0,age_temporal,3,delta_bce_full_age_shuffle,0.0051748287797273584,0.005173396761159854,1.4320185675043007e-06
D02_multihead_dev,S0,age_temporal,3,delta_bce_gate_age_shuffle,0.00025013326666811775,1.4252470964537522e-07,0.0002499907419584724
D02_multihead_dev,S0,age_temporal,3,gate_signal_correlation,0.9163774074856551,0.9248299832173005,-0.008452575731645373
D02_multihead_dev,S0,age_temporal,3,gate_signal_mae,0.05073973941527223,0.050663031537990615,7.670787728161765e-05
D02_multihead_dev,S0,age_temporal,3,gate_signal_rmse,0.08948819248370772,0.0849057462952587,0.004582446188449024
D02_multihead_dev,S0,age_temporal,3,surface_rmse,0.13498542333393782,0.1466286302634824,-0.011643206929544597
D02_multihead_dev,S0,age_temporal,4,abs_beta_mean,0.1131283559370786,0.0008604148169979453,0.11226794112008065
D02_multihead_dev,S0,age_temporal,4,auprc,0.5263403692318117,0.5286737932173937,-0.002333423985582006
D02_multihead_dev,S0,age_temporal,4,auroc,0.7318435111616255,0.7333279916033675,-0.0014844804417419866
D02_multihead_dev,S0,age_temporal,4,bce,0.4816502241457884,0.4805610168798842,0.001089207265904224
D02_multihead_dev,S0,age_temporal,4,beta_mean,-0.011425360338762403,-0.0008604148169979453,-0.010564945521764457
D02_multihead_dev,S0,age_temporal,4,cf_rmse_age,0.058825302906199944,0.08312387299376373,-0.02429857008756378
D02_multihead_dev,S0,age_temporal,4,cf_rmse_lag,0.10565182675605804,0.11229289689088812,-0.006641070134830077
D02_multihead_dev,S0,age_temporal,4,delta_bce_beta0,0.00022306009397532467,5.456034170570057e-07,0.00022251449055826766
D02_multihead_dev,S0,age_temporal,4,delta_bce_full_age_shuffle,0.005593429756075852,0.005559802740889241,3.3627015186610265e-05
D02_multihead_dev,S0,age_temporal,4,delta_bce_gate_age_shuffle,0.0003011561609435054,-4.211492317662824e-07,0.0003015773101752717
D02_multihead_dev,S0,age_temporal,4,gate_signal_correlation,0.9191128475739304,0.9290864015710887,-0.009973553997158269
D02_multihead_dev,S0,age_temporal,4,gate_signal_mae,0.05196197830669147,0.04917439103577548,0.002787587270915992
D02_multihead_dev,S0,age_temporal,4,gate_signal_rmse,0.09026817566833183,0.08203395974080313,0.008234215927528696
D02_multihead_dev,S0,age_temporal,4,surface_rmse,0.1397561806135317,0.14648709552716127,-0.006730914913629565
D02_multihead_dev,S0,matched,0,delta_auprc_at_minus_to,0.0005819406777062275,6.414818686795165e-06,0.0005755258590194323
D02_multihead_dev,S0,matched,0,delta_auroc_at_minus_to,0.0006827419994277495,4.061278684130976e-06,0.0006786807207436185
D02_multihead_dev,S0,matched,0,delta_bce_to_minus_at,0.00026502297663399954,7.523988189317432e-06,0.0002574989884446821
D02_multihead_dev,S0,matched,1,delta_auprc_at_minus_to,0.00025630840510826314,-1.4702960148271771e-05,0.0002710113652565349
D02_multihead_dev,S0,matched,1,delta_auroc_at_minus_to,0.0003845654597973702,-2.0501882166401586e-06,0.0003866156480140104
D02_multihead_dev,S0,matched,1,delta_bce_to_minus_at,0.0001383663064938867,-6.122227567018079e-06,0.00014448853406090478
D02_multihead_dev,S0,matched,2,delta_auprc_at_minus_to,-9.123187941129096e-05,-3.47103516695757e-06,-8.776084424433339e-05
D02_multihead_dev,S0,matched,2,delta_auroc_at_minus_to,0.0004905790063856053,4.080827558539113e-06,0.00048649817882706614
D02_multihead_dev,S0,matched,2,delta_bce_to_minus_at,5.1476518420412454e-05,3.094602974762495e-06,4.838191544564996e-05
D02_multihead_dev,S0,matched,3,delta_auprc_at_minus_to,0.000888001591082932,6.461283429071152e-06,0.0008815403076538608
D02_multihead_dev,S0,matched,3,delta_auroc_at_minus_to,-7.05250084842568e-05,1.150939988203703e-06,-7.16759484724605e-05
D02_multihead_dev,S0,matched,3,delta_bce_to_minus_at,0.00018960162049402873,2.794080314894032e-07,0.00018932221246253933
D02_multihead_dev,S0,matched,4,delta_auprc_at_minus_to,0.0004302085498373298,-2.601107670252567e-05,0.0004562196265398555
D02_multihead_dev,S0,matched,4,delta_auroc_at_minus_to,0.0003168725945110751,-3.958647092350276e-07,0.0003172684592203101
D02_multihead_dev,S0,matched,4,delta_bce_to_minus_at,0.00017806901999400937,-5.942792019042464e-06,0.00018401181201305183
D02_multihead_dev,S0,temporal_only,0,abs_beta_mean,0.0,0.0,0.0
D02_multihead_dev,S0,temporal_only,0,auprc,0.5296512909124761,0.5301285207296794,-0.00047722981720332847
D02_multihead_dev,S0,temporal_only,0,auroc,0.7334498177458426,0.7333931724382764,5.664530756621655e-05
D02_multihead_dev,S0,temporal_only,0,bce,0.4803860635783074,0.48019907042077414,0.00018699315753323287
D02_multihead_dev,S0,temporal_only,0,beta_mean,0.0,0.0,0.0
D02_multihead_dev,S0,temporal_only,0,cf_rmse_age,0.10858024822653022,0.09974219029454409,0.008838057931986124
D02_multihead_dev,S0,temporal_only,0,cf_rmse_lag,0.11522899166020854,0.11592206652015039,-0.0006930748599418418
D02_multihead_dev,S0,temporal_only,0,delta_bce_beta0,0.0,0.0,0.0
D02_multihead_dev,S0,temporal_only,0,delta_bce_full_age_shuffle,0.005036336012953613,0.004913549463668954,0.00012278654928465915
D02_multihead_dev,S0,temporal_only,0,delta_bce_gate_age_shuffle,0.0,0.0,0.0
D02_multihead_dev,S0,temporal_only,0,gate_signal_correlation,0.9650946199577345,0.9706612606150881,-0.005566640657353572
D02_multihead_dev,S0,temporal_only,0,gate_signal_mae,0.0392981956523527,0.03827705269539797,0.0010211429569547334
D02_multihead_dev,S0,temporal_only,0,gate_signal_rmse,0.057443179325362435,0.053284738770513235,0.004158440554849201
D02_multihead_dev,S0,temporal_only,0,surface_rmse,0.14432925639202268,0.14474651642241118,-0.0004172600303884999
D02_multihead_dev,S0,temporal_only,1,abs_beta_mean,0.0,0.0,0.0
D02_multihead_dev,S0,temporal_only,1,auprc,0.5287617458447933,0.5296030484424542,-0.000841302597660909
D02_multihead_dev,S0,temporal_only,1,auroc,0.7329243049006682,0.7338728847140313,-0.0009485798133631596
D02_multihead_dev,S0,temporal_only,1,bce,0.4807880044499852,0.48034980313815584,0.00043820131182936706
D02_multihead_dev,S0,temporal_only,1,beta_mean,0.0,0.0,0.0
D02_multihead_dev,S0,temporal_only,1,cf_rmse_age,0.0936545702330244,0.10252969191171886,-0.008875121678694461
D02_multihead_dev,S0,temporal_only,1,cf_rmse_lag,0.11471758642906307,0.11315087212098036,0.001566714308082709
D02_multihead_dev,S0,temporal_only,1,delta_bce_beta0,0.0,0.0,0.0
D02_multihead_dev,S0,temporal_only,1,delta_bce_full_age_shuffle,0.00229309748118367,0.0022737146937459873,1.9382787437682847e-05
D02_multihead_dev,S0,temporal_only,1,delta_bce_gate_age_shuffle,0.0,0.0,0.0
D02_multihead_dev,S0,temporal_only,1,gate_signal_correlation,0.916076412996055,0.952623447959944,-0.036547034963889
D02_multihead_dev,S0,temporal_only,1,gate_signal_mae,0.04913114433662555,0.044021833579373976,0.005109310757251573
D02_multihead_dev,S0,temporal_only,1,gate_signal_rmse,0.0904973636199907,0.06684813100209948,0.023649232617891217
D02_multihead_dev,S0,temporal_only,1,surface_rmse,0.15053189805408243,0.1431504082845829,0.0073814897694995385
D02_multihead_dev,S0,temporal_only,2,abs_beta_mean,0.0,0.0,0.0
D02_multihead_dev,S0,temporal_only,2,auprc,0.5294195979081335,0.5257027992727517,0.0037167986353818794
D02_multihead_dev,S0,temporal_only,2,auroc,0.7339252683669495,0.7317509570151528,0.0021743113517966872
D02_multihead_dev,S0,temporal_only,2,bce,0.4806024281162301,0.48182258757737934,-0.0012201594611492284
D02_multihead_dev,S0,temporal_only,2,beta_mean,0.0,0.0,0.0
D02_multihead_dev,S0,temporal_only,2,cf_rmse_age,0.08755593486300527,0.09536594415773843,-0.007810009294733161
D02_multihead_dev,S0,temporal_only,2,cf_rmse_lag,0.12365090973235988,0.12622741288624323,-0.0025765031538833444
D02_multihead_dev,S0,temporal_only,2,delta_bce_beta0,0.0,0.0,0.0
D02_multihead_dev,S0,temporal_only,2,delta_bce_full_age_shuffle,0.004998992247233935,0.0051139833995307304,-0.00011499115229679502
D02_multihead_dev,S0,temporal_only,2,delta_bce_gate_age_shuffle,0.0,0.0,0.0
D02_multihead_dev,S0,temporal_only,2,gate_signal_correlation,0.9424683987318021,0.8580527516088619,0.08441564712294025
D02_multihead_dev,S0,temporal_only,2,gate_signal_mae,0.04870689596031971,0.0629644030895467,-0.014257507129226993
D02_multihead_dev,S0,temporal_only,2,gate_signal_rmse,0.07711896660558691,0.12302717068015276,-0.04590820407456585
D02_multihead_dev,S0,temporal_only,2,surface_rmse,0.15758684848586493,0.16139651128825597,-0.003809662802391034
D02_multihead_dev,S0,temporal_only,3,abs_beta_mean,0.0,0.0,0.0
D02_multihead_dev,S0,temporal_only,3,auprc,0.528178507652077,0.5296294470878594,-0.00145093943578245
D02_multihead_dev,S0,temporal_only,3,auroc,0.7326088373815143,0.7328787120380404,-0.00026987465652617004
D02_multihead_dev,S0,temporal_only,3,bce,0.48104693264178605,0.4805544247787392,0.0004925078630468316
D02_multihead_dev,S0,temporal_only,3,beta_mean,0.0,0.0,0.0
D02_multihead_dev,S0,temporal_only,3,cf_rmse_age,0.11726186921928318,0.11174308250712528,0.0055187867121579
D02_multihead_dev,S0,temporal_only,3,cf_rmse_lag,0.11532272009852648,0.11492857480528701,0.0003941452932394729
D02_multihead_dev,S0,temporal_only,3,delta_bce_beta0,0.0,0.0,0.0
D02_multihead_dev,S0,temporal_only,3,delta_bce_full_age_shuffle,0.005129270681907994,0.005170035667969364,-4.0764986061370134e-05
D02_multihead_dev,S0,temporal_only,3,delta_bce_gate_age_shuffle,0.0,0.0,0.0
D02_multihead_dev,S0,temporal_only,3,gate_signal_correlation,0.9436914536717911,0.9248067189433639,0.01888473472842722
D02_multihead_dev,S0,temporal_only,3,gate_signal_mae,0.04510130188609595,0.050650098851586764,-0.005548796965490814
D02_multihead_dev,S0,temporal_only,3,gate_signal_rmse,0.0708675975004267,0.08489695499791802,-0.014029357497491318
D02_multihead_dev,S0,temporal_only,3,surface_rmse,0.13964769302928057,0.146630564955577,-0.00698287192629643
D02_multihead_dev,S0,temporal_only,4,abs_beta_mean,0.0,0.0,0.0
D02_multihead_dev,S0,temporal_only,4,auprc,0.5259101606819744,0.5286998042940962,-0.0027896436121218615
D02_multihead_dev,S0,temporal_only,4,auroc,0.7315266385671144,0.7333283874680767,-0.0018017489009622967
D02_multihead_dev,S0,temporal_only,4,bce,0.4818282931657824,0.48055507408786513,0.0012732190779172758
D02_multihead_dev,S0,temporal_only,4,beta_mean,0.0,0.0,0.0
D02_multihead_dev,S0,temporal_only,4,cf_rmse_age,0.06217318148707498,0.08304152677266599,-0.020868345285591013
D02_multihead_dev,S0,temporal_only,4,cf_rmse_lag,0.10842088191655937,0.11230982640421548,-0.0038889444876561152
D02_multihead_dev,S0,temporal_only,4,delta_bce_beta0,0.0,0.0,0.0
D02_multihead_dev,S0,temporal_only,4,delta_bce_full_age_shuffle,0.005569611384205808,0.005559916590234304,9.69479397150419e-06
D02_multihead_dev,S0,temporal_only,4,delta_bce_gate_age_shuffle,0.0,0.0,0.0
D02_multihead_dev,S0,temporal_only,4,gate_signal_correlation,0.9202221919095401,0.9289848434112079,-0.008762651501667773
D02_multihead_dev,S0,temporal_only,4,gate_signal_mae,0.05158466831212853,0.0492268400252095,0.0023578282869190295
D02_multihead_dev,S0,temporal_only,4,gate_signal_rmse,0.08973155135895376,0.08212687301870329,0.00760467834025047
D02_multihead_dev,S0,temporal_only,4,surface_rmse,0.1404990416261867,0.1464925735596695,-0.0059935319334827875
D02_multihead_dev,S1,age_temporal,0,abs_beta_mean,0.24854937847703695,0.09755793958902359,0.15099143888801336
D02_multihead_dev,S1,age_temporal,0,auprc,0.5416141998262172,0.5407674397069341,0.0008467601192830854
D02_multihead_dev,S1,age_temporal,0,auroc,0.7448856974887543,0.7431082964899834,0.0017774009987708839
D02_multihead_dev,S1,age_temporal,0,bce,0.478813457387071,0.4794215032891727,-0.0006080459021017282
D02_multihead_dev,S1,age_temporal,0,beta_mean,0.06225872691720724,0.09755793958902359,-0.03529921267181635
D02_multihead_dev,S1,age_temporal,0,cf_rmse_age,0.12742576835939992,0.13241284857287097,-0.004987080213471051
D02_multihead_dev,S1,age_temporal,0,cf_rmse_lag,0.08917622164772386,0.11508407061929411,-0.025907848971570252
D02_multihead_dev,S1,age_temporal,0,delta_bce_beta0,0.0015057169089510158,0.00021044743869053084,0.001295269470260485
D02_multihead_dev,S1,age_temporal,0,delta_bce_full_age_shuffle,0.009687547421854292,0.008316647798985777,0.0013708996228685155
D02_multihead_dev,S1,age_temporal,0,delta_bce_gate_age_shuffle,0.0025881414015695436,0.00030690961634910474,0.002281231785220439
D02_multihead_dev,S1,age_temporal,0,gate_signal_correlation,0.9790169374475527,0.9795561064519481,-0.0005391690043954345
D02_multihead_dev,S1,age_temporal,0,gate_signal_mae,0.03192324110254608,0.032479598328308566,-0.0005563572257624855
D02_multihead_dev,S1,age_temporal,0,gate_signal_rmse,0.049252447909416824,0.05058449026112795,-0.001332042351711124
D02_multihead_dev,S1,age_temporal,0,surface_rmse,0.13516666984678774,0.16504107589851305,-0.02987440605172531
D02_multihead_dev,S1,age_temporal,1,abs_beta_mean,0.32619038969278336,0.025628553703427315,0.30056183598935604
D02_multihead_dev,S1,age_temporal,1,auprc,0.5451515299401766,0.5428206714691601,0.0023308584710164393
D02_multihead_dev,S1,age_temporal,1,auroc,0.745382946215629,0.7441093657271795,0.0012735804884494994
D02_multihead_dev,S1,age_temporal,1,bce,0.4779792403378545,0.47812955544441127,-0.00015031510655677538
D02_multihead_dev,S1,age_temporal,1,beta_mean,0.09590544551610947,0.025628553703427315,0.07027689181268215
D02_multihead_dev,S1,age_temporal,1,cf_rmse_age,0.11380400249456202,0.14357985216533795,-0.029775849670775928
D02_multihead_dev,S1,age_temporal,1,cf_rmse_lag,0.1209385247501988,0.1103557597647438,0.010582764985455004
D02_multihead_dev,S1,age_temporal,1,delta_bce_beta0,0.004825700633992236,5.201546750277508e-05,0.004773685166489461
D02_multihead_dev,S1,age_temporal,1,delta_bce_full_age_shuffle,0.014358266181705936,0.006606950585779647,0.007751315595926289
D02_multihead_dev,S1,age_temporal,1,delta_bce_gate_age_shuffle,0.009741275518916515,6.751479274780259e-05,0.009673760726168712
D02_multihead_dev,S1,age_temporal,1,gate_signal_correlation,0.981369781924898,0.983519863383458,-0.0021500814585599937
D02_multihead_dev,S1,age_temporal,1,gate_signal_mae,0.03601792947505867,0.03402280238910061,0.0019951270859580594
D02_multihead_dev,S1,age_temporal,1,gate_signal_rmse,0.049617384452860014,0.04684194356911434,0.002775440883745671
D02_multihead_dev,S1,age_temporal,1,surface_rmse,0.16471886463618415,0.16662410502240865,-0.0019052403862244993
D02_multihead_dev,S1,age_temporal,2,abs_beta_mean,0.19945915043354034,0.04652245715260506,0.1529366932809353
D02_multihead_dev,S1,age_temporal,2,auprc,0.5400968998405994,0.540570162892248,-0.00047326305164863136
D02_multihead_dev,S1,age_temporal,2,auroc,0.7435783919020602,0.7440919155861643,-0.0005135236841040669
D02_multihead_dev,S1,age_temporal,2,bce,0.4796018739094878,0.47938475451857365,0.00021711939091412225
D02_multihead_dev,S1,age_temporal,2,beta_mean,0.07533229887485504,0.04652245715260506,0.028809841722249985
D02_multihead_dev,S1,age_temporal,2,cf_rmse_age,0.13391007241745587,0.13751695170254075,-0.0036068792850848796
D02_multihead_dev,S1,age_temporal,2,cf_rmse_lag,0.11461927823996458,0.12200802772214028,-0.007388749482175702
D02_multihead_dev,S1,age_temporal,2,delta_bce_beta0,0.0006410806036608041,0.000130256212032831,0.0005108243916279731
D02_multihead_dev,S1,age_temporal,2,delta_bce_full_age_shuffle,0.013335258438506747,0.011805670659783829,0.0015295877787229184
D02_multihead_dev,S1,age_temporal,2,delta_bce_gate_age_shuffle,0.0013721834829801272,0.0001701970860015778,0.0012019863969785494
D02_multihead_dev,S1,age_temporal,2,gate_signal_correlation,0.9822715619461239,0.9824431173888307,-0.00017155544270686107
D02_multihead_dev,S1,age_temporal,2,gate_signal_mae,0.03312864141194379,0.03489980602036746,-0.0017711646084236712
D02_multihead_dev,S1,age_temporal,2,gate_signal_rmse,0.045669757979335944,0.04873557597539454,-0.003065817996058595
D02_multihead_dev,S1,age_temporal,2,surface_rmse,0.16188745868150586,0.16566300109026807,-0.0037755424087622114
D02_multihead_dev,S1,age_temporal,3,abs_beta_mean,0.1921008676290512,0.05363224074244499,0.13846862688660622
D02_multihead_dev,S1,age_temporal,3,auprc,0.5399128378384029,0.5397541832497118,0.0001586545886911317
D02_multihead_dev,S1,age_temporal,3,auroc,0.7437480806548048,0.7434174063219885,0.0003306743328163053
D02_multihead_dev,S1,age_temporal,3,bce,0.4794941953114213,0.47953635342557854,-4.215811415725357e-05
D02_multihead_dev,S1,age_temporal,3,beta_mean,0.05540114641189575,0.05363224074244499,0.0017689056694507599
D02_multihead_dev,S1,age_temporal,3,cf_rmse_age,0.11688993148107846,0.1241922464476328,-0.007302314966554341
D02_multihead_dev,S1,age_temporal,3,cf_rmse_lag,0.09431700657533308,0.09815498881609884,-0.0038379822407657582
D02_multihead_dev,S1,age_temporal,3,delta_bce_beta0,0.0008074331420187542,0.00011627082272247513,0.000691162319296279
D02_multihead_dev,S1,age_temporal,3,delta_bce_full_age_shuffle,0.01377703594888574,0.011403497346278713,0.002373538602607028
D02_multihead_dev,S1,age_temporal,3,delta_bce_gate_age_shuffle,0.0014326445876959304,0.00011605187406116269,0.0013165927136347677
D02_multihead_dev,S1,age_temporal,3,gate_signal_correlation,0.9792251534847483,0.9795977075925102,-0.0003725541077619354
D02_multihead_dev,S1,age_temporal,3,gate_signal_mae,0.03533441441086906,0.03463724921516883,0.0006971651957002334
D02_multihead_dev,S1,age_temporal,3,gate_signal_rmse,0.051740326408943535,0.04818620047524005,0.0035541259337034878
D02_multihead_dev,S1,age_temporal,3,surface_rmse,0.12582393170337405,0.1344836361675056,-0.008659704464131557
D02_multihead_dev,S1,age_temporal,4,abs_beta_mean,0.3413442075252533,0.05563615635037422,0.2857080511748791
D02_multihead_dev,S1,age_temporal,4,auprc,0.544736500997562,0.5436789444481375,0.001057556549424521
D02_multihead_dev,S1,age_temporal,4,auroc,0.7454301652461202,0.7445889720987136,0.0008411931474066048
D02_multihead_dev,S1,age_temporal,4,bce,0.47810531573223897,0.4787746805509757,-0.0006693648187367507
D02_multihead_dev,S1,age_temporal,4,beta_mean,0.11318200081586838,0.05563615635037422,0.057545844465494156
D02_multihead_dev,S1,age_temporal,4,cf_rmse_age,0.12382563181138989,0.16475006706317086,-0.040924435251780966
D02_multihead_dev,S1,age_temporal,4,cf_rmse_lag,0.11945216394118349,0.12299470762071163,-0.0035425436795281373
D02_multihead_dev,S1,age_temporal,4,delta_bce_beta0,0.004039027966013076,0.0001520391070360394,0.0038869888589770363
D02_multihead_dev,S1,age_temporal,4,delta_bce_full_age_shuffle,0.015246903143665669,0.007738032517103088,0.00750887062656258
D02_multihead_dev,S1,age_temporal,4,delta_bce_gate_age_shuffle,0.007815558876969109,0.00016162705628663954,0.007653931820682469
D02_multihead_dev,S1,age_temporal,4,gate_signal_correlation,0.9809200750446418,0.9822288717787001,-0.0013087967340582596
D02_multihead_dev,S1,age_temporal,4,gate_signal_mae,0.03497873780806727,0.033588761323325715,0.0013899764847415536
D02_multihead_dev,S1,age_temporal,4,gate_signal_rmse,0.05019416887556268,0.047788131141780175,0.0024060377337825067
D02_multihead_dev,S1,age_temporal,4,surface_rmse,0.1628159363990378,0.18661763703086598,-0.023801700631828182
D02_multihead_dev,S1,matched,0,delta_auprc_at_minus_to,0.001234074289308551,0.00022169746355826803,0.001012376825750283
D02_multihead_dev,S1,matched,0,delta_auroc_at_minus_to,0.001312556200792181,0.00019030921357909847,0.0011222469872130825
D02_multihead_dev,S1,matched,0,delta_bce_to_minus_at,0.0006965678222307647,0.00014501456538951185,0.0005515532568412529
D02_multihead_dev,S1,matched,1,delta_auprc_at_minus_to,0.0035868093381414834,9.254130694491547e-05,0.003494268031196568
D02_multihead_dev,S1,matched,1,delta_auroc_at_minus_to,0.0025456305615756403,7.702684945065652e-05,0.0024686037121249838
D02_multihead_dev,S1,matched,1,delta_bce_to_minus_at,0.0015196417355921588,5.061584309884459e-05,0.0014690258924933142
D02_multihead_dev,S1,matched,2,delta_auprc_at_minus_to,0.0007200079903527667,0.00014807738136046744,0.0005719306089922993
D02_multihead_dev,S1,matched,2,delta_auroc_at_minus_to,0.00039913426278648245,9.387358347046071e-05,0.00030526067931602174
D02_multihead_dev,S1,matched,2,delta_bce_to_minus_at,0.00027891133892676834,6.764922979857202e-05,0.00021126210912819632
D02_multihead_dev,S1,matched,3,delta_auprc_at_minus_to,0.0007048354307341853,0.00020730156683701484,0.0004975338638971705
D02_multihead_dev,S1,matched,3,delta_auroc_at_minus_to,0.0007107331486478907,0.00017823620748347313,0.0005324969411644176
D02_multihead_dev,S1,matched,3,delta_bce_to_minus_at,0.000316356535475959,9.295615712823224e-05,0.00022340037834772675
D02_multihead_dev,S1,matched,4,delta_auprc_at_minus_to,0.001982424446259734,0.00017677931728099505,0.001805645128978739
D02_multihead_dev,S1,matched,4,delta_auroc_at_minus_to,0.001676578502481263,0.00012288821420192164,0.0015536902882793413
D02_multihead_dev,S1,matched,4,delta_bce_to_minus_at,0.0009510206608458471,8.951383026761794e-05,0.0008615068305782292
D02_multihead_dev,S1,temporal_only,0,abs_beta_mean,0.0,0.0,0.0
D02_multihead_dev,S1,temporal_only,0,auprc,0.5403801255369086,0.5405457422433758,-0.00016561670646719762
D02_multihead_dev,S1,temporal_only,0,auroc,0.7435731412879621,0.7429179872764043,0.0006551540115578014
D02_multihead_dev,S1,temporal_only,0,bce,0.47951002520930175,0.4795665178545622,-5.649264526047526e-05
D02_multihead_dev,S1,temporal_only,0,beta_mean,0.0,0.0,0.0
D02_multihead_dev,S1,temporal_only,0,cf_rmse_age,0.13211065892881865,0.13215678350247417,-4.612457365552047e-05
D02_multihead_dev,S1,temporal_only,0,cf_rmse_lag,0.08724339269871578,0.11562594276903737,-0.02838255007032159
D02_multihead_dev,S1,temporal_only,0,delta_bce_beta0,0.0,0.0,0.0
D02_multihead_dev,S1,temporal_only,0,delta_bce_full_age_shuffle,0.008357296914623169,0.008182817829740674,0.00017447908488249508
D02_multihead_dev,S1,temporal_only,0,delta_bce_gate_age_shuffle,0.0,0.0,0.0
D02_multihead_dev,S1,temporal_only,0,gate_signal_correlation,0.9795308813799531,0.9808367497248881,-0.0013058683449349573
D02_multihead_dev,S1,temporal_only,0,gate_signal_mae,0.03246031784939508,0.031302775915366586,0.0011575419340284915
D02_multihead_dev,S1,temporal_only,0,gate_signal_rmse,0.04958934056086446,0.04986441419480814,-0.000275073633943676
D02_multihead_dev,S1,temporal_only,0,surface_rmse,0.1380882270970017,0.1643174235463144,-0.02622919644931271
D02_multihead_dev,S1,temporal_only,1,abs_beta_mean,0.0,0.0,0.0
D02_multihead_dev,S1,temporal_only,1,auprc,0.5415647206020351,0.5427281301622152,-0.0011634095601801286
D02_multihead_dev,S1,temporal_only,1,auroc,0.7428373156540533,0.7440323388777288,-0.0011950232236754843
D02_multihead_dev,S1,temporal_only,1,bce,0.47949888207344665,0.4781801712875101,0.0013187107859365388
D02_multihead_dev,S1,temporal_only,1,beta_mean,0.0,0.0,0.0
D02_multihead_dev,S1,temporal_only,1,cf_rmse_age,0.127126822991994,0.14287891596218633,-0.01575209297019234
D02_multihead_dev,S1,temporal_only,1,cf_rmse_lag,0.11971480831897875,0.11053296871595544,0.009181839603023309
D02_multihead_dev,S1,temporal_only,1,delta_bce_beta0,0.0,0.0,0.0
D02_multihead_dev,S1,temporal_only,1,delta_bce_full_age_shuffle,0.006682160067291332,0.0066160237612355455,6.613630605578624e-05
D02_multihead_dev,S1,temporal_only,1,delta_bce_gate_age_shuffle,0.0,0.0,0.0
D02_multihead_dev,S1,temporal_only,1,gate_signal_correlation,0.9812672385485777,0.9835603715118806,-0.002293132963302913
D02_multihead_dev,S1,temporal_only,1,gate_signal_mae,0.037316828161924026,0.03408291089120783,0.0032339172707161953
D02_multihead_dev,S1,temporal_only,1,gate_signal_rmse,0.051668857667474026,0.04683743013620458,0.004831427531269444
D02_multihead_dev,S1,temporal_only,1,surface_rmse,0.17282158725790414,0.1662943989050199,0.006527188352884239
D02_multihead_dev,S1,temporal_only,2,abs_beta_mean,0.0,0.0,0.0
D02_multihead_dev,S1,temporal_only,2,auprc,0.5393768918502466,0.5404220855108876,-0.0010451936606409307
D02_multihead_dev,S1,temporal_only,2,auroc,0.7431792576392737,0.7439980420026938,-0.0008187843634200886
D02_multihead_dev,S1,temporal_only,2,bce,0.47988078524841454,0.4794524037483722,0.00042838150004231856
D02_multihead_dev,S1,temporal_only,2,beta_mean,0.0,0.0,0.0
D02_multihead_dev,S1,temporal_only,2,cf_rmse_age,0.1367862928789758,0.13683049619679927,-4.420331782345466e-05
D02_multihead_dev,S1,temporal_only,2,cf_rmse_lag,0.11330626461832419,0.12220638376829832,-0.008900119149974128
D02_multihead_dev,S1,temporal_only,2,delta_bce_beta0,0.0,0.0,0.0
D02_multihead_dev,S1,temporal_only,2,delta_bce_full_age_shuffle,0.011700638897328752,0.011557659865965075,0.00014297903136367696
D02_multihead_dev,S1,temporal_only,2,delta_bce_gate_age_shuffle,0.0,0.0,0.0
D02_multihead_dev,S1,temporal_only,2,gate_signal_correlation,0.9833534029848403,0.9827375579121388,0.0006158450727015152
D02_multihead_dev,S1,temporal_only,2,gate_signal_mae,0.03311769756064987,0.03489604095187575,-0.0017783433912258798
D02_multihead_dev,S1,temporal_only,2,gate_signal_rmse,0.045452450383476777,0.04856172617528583,-0.0031092757918090505
D02_multihead_dev,S1,temporal_only,2,surface_rmse,0.1620206772551024,0.1649442910101788,-0.002923613755076382
D02_multihead_dev,S1,temporal_only,3,abs_beta_mean,0.0,0.0,0.0
D02_multihead_dev,S1,temporal_only,3,auprc,0.5392080024076688,0.5395468816828748,-0.0003388792752060388
D02_multihead_dev,S1,temporal_only,3,auroc,0.7430373475061569,0.743239170114505,-0.00020182260834811228
D02_multihead_dev,S1,temporal_only,3,bce,0.47981055184689725,0.4796293095827068,0.00018124226419047318
D02_multihead_dev,S1,temporal_only,3,beta_mean,0.0,0.0,0.0
D02_multihead_dev,S1,temporal_only,3,cf_rmse_age,0.1229756427989562,0.12386326312280699,-0.0008876203238507852
D02_multihead_dev,S1,temporal_only,3,cf_rmse_lag,0.09198922199260015,0.09796671828962579,-0.005977496297025639
D02_multihead_dev,S1,temporal_only,3,delta_bce_beta0,0.0,0.0,0.0
D02_multihead_dev,S1,temporal_only,3,delta_bce_full_age_shuffle,0.011498081158212603,0.011364651329961895,0.00013342982825070848
D02_multihead_dev,S1,temporal_only,3,delta_bce_gate_age_shuffle,0.0,0.0,0.0
D02_multihead_dev,S1,temporal_only,3,gate_signal_correlation,0.9794051731525211,0.9797388408183192,-0.0003336676657981208
D02_multihead_dev,S1,temporal_only,3,gate_signal_mae,0.03444536265225357,0.034534226512549435,-8.886386029586385e-05
D02_multihead_dev,S1,temporal_only,3,gate_signal_rmse,0.04870115334052798,0.04815418573679516,0.0005469676037328161
D02_multihead_dev,S1,temporal_only,3,surface_rmse,0.12751100701506274,0.13375734106638665,-0.00624633405132391
D02_multihead_dev,S1,temporal_only,4,abs_beta_mean,0.0,0.0,0.0
D02_multihead_dev,S1,temporal_only,4,auprc,0.5427540765513023,0.5435021651308565,-0.000748088579554218
D02_multihead_dev,S1,temporal_only,4,auroc,0.7437535867436389,0.7444660838845116,-0.0007124971408727365
D02_multihead_dev,S1,temporal_only,4,bce,0.4790563363930848,0.47886419438124334,0.0001921420118414785
D02_multihead_dev,S1,temporal_only,4,beta_mean,0.0,0.0,0.0
D02_multihead_dev,S1,temporal_only,4,cf_rmse_age,0.14620851796649725,0.16368007535238077,-0.017471557385883518
D02_multihead_dev,S1,temporal_only,4,cf_rmse_lag,0.11932591114737418,0.12314572362406223,-0.003819812476688056
D02_multihead_dev,S1,temporal_only,4,delta_bce_beta0,0.0,0.0,0.0
D02_multihead_dev,S1,temporal_only,4,delta_bce_full_age_shuffle,0.007885221196376635,0.007707566963851831,0.00017765423252480428
D02_multihead_dev,S1,temporal_only,4,delta_bce_gate_age_shuffle,0.0,0.0,0.0
D02_multihead_dev,S1,temporal_only,4,gate_signal_correlation,0.98256678519471,0.982529905741412,3.687945329799991e-05
D02_multihead_dev,S1,temporal_only,4,gate_signal_mae,0.03422376244302704,0.033360462843615386,0.0008632995994116571
D02_multihead_dev,S1,temporal_only,4,gate_signal_rmse,0.0497509808663653,0.047535828683704186,0.0022151521826611134
D02_multihead_dev,S1,temporal_only,4,surface_rmse,0.17769440797632782,0.1854168708240912,-0.007722462847763373
D02_multihead_dev,S2,age_temporal,0,abs_beta_mean,1.3148607164621353,0.987707793712616,0.32715292274951935
D02_multihead_dev,S2,age_temporal,0,auprc,0.5908379956389106,0.5826757689344453,0.008162226704465314
D02_multihead_dev,S2,age_temporal,0,auroc,0.7662430433167101,0.7621841676961609,0.004058875620549185
D02_multihead_dev,S2,age_temporal,0,bce,0.4505872869914385,0.45525196571288706,-0.004664678721448545
D02_multihead_dev,S2,age_temporal,0,beta_mean,-1.0081056505441666,-0.987707793712616,-0.020397856831550598
D02_multihead_dev,S2,age_temporal,0,cf_rmse_age,0.14513170270841003,0.16337850832727058,-0.01824680561886055
D02_multihead_dev,S2,age_temporal,0,cf_rmse_lag,0.14529893667955956,0.16469441396897286,-0.019395477289413293
D02_multihead_dev,S2,age_temporal,0,delta_bce_beta0,0.0273360456146311,0.011597614519995636,0.015738431094635463
D02_multihead_dev,S2,age_temporal,0,delta_bce_full_age_shuffle,0.06390851809340187,0.03253302071430808,0.031375497379093786
D02_multihead_dev,S2,age_temporal,0,delta_bce_gate_age_shuffle,0.05248612849866391,0.021071382260030525,0.031414746238633384
D02_multihead_dev,S2,age_temporal,0,gate_signal_correlation,0.8724989687097632,0.8642395843916708,0.008259384318092367
D02_multihead_dev,S2,age_temporal,0,gate_signal_mae,0.1236911643811747,0.1208460507982202,0.0028451135829545005
D02_multihead_dev,S2,age_temporal,0,gate_signal_rmse,0.15284904579270725,0.15129469644065802,0.0015543493520492335
D02_multihead_dev,S2,age_temporal,0,surface_rmse,0.1612265470380268,0.190798172445814,-0.02957162540778721
D02_multihead_dev,S2,age_temporal,1,abs_beta_mean,1.2817571610212326,1.0428143739700317,0.23894278705120087
D02_multihead_dev,S2,age_temporal,1,auprc,0.5934634309253652,0.5823706097506768,0.01109282117468846
D02_multihead_dev,S2,age_temporal,1,auroc,0.7676582719459899,0.7615067694098385,0.006151502536151376
D02_multihead_dev,S2,age_temporal,1,bce,0.44990886857002793,0.45519487499460937,-0.005286006424581435
D02_multihead_dev,S2,age_temporal,1,beta_mean,-0.8637968450784683,-1.0428143739700317,0.17901752889156342
D02_multihead_dev,S2,age_temporal,1,cf_rmse_age,0.14432079762041988,0.13838790019569278,0.005932897424727107
D02_multihead_dev,S2,age_temporal,1,cf_rmse_lag,0.1752138194212199,0.1240943792661905,0.05111944015502941
D02_multihead_dev,S2,age_temporal,1,delta_bce_beta0,0.03126747681665221,0.012180283435149264,0.019087193381502943
D02_multihead_dev,S2,age_temporal,1,delta_bce_full_age_shuffle,0.06835053950894615,0.034758354219939,0.03359218528900715
D02_multihead_dev,S2,age_temporal,1,delta_bce_gate_age_shuffle,0.06203890702782083,0.02428270271952615,0.03775620430829468
D02_multihead_dev,S2,age_temporal,1,gate_signal_correlation,0.8454485459952628,0.8790968648243332,-0.03364831882907049
D02_multihead_dev,S2,age_temporal,1,gate_signal_mae,0.13487693338135978,0.11454074069874037,0.02033619268261941
D02_multihead_dev,S2,age_temporal,1,gate_signal_rmse,0.16413116358962018,0.14413913429183986,0.019992029297780323
D02_multihead_dev,S2,age_temporal,1,surface_rmse,0.20123794520125393,0.1707270035463436,0.030510941654910334
D02_multihead_dev,S2,age_temporal,2,abs_beta_mean,0.9988692030310631,1.0311893224716187,-0.03232011944055557
D02_multihead_dev,S2,age_temporal,2,auprc,0.5911261093641093,0.5826551647254103,0.008470944638698907
D02_multihead_dev,S2,age_temporal,2,auroc,0.7666108213587723,0.7620644750222465,0.004546346336525842
D02_multihead_dev,S2,age_temporal,2,bce,0.45021267392897485,0.45536032489731126,-0.005147650968336415
D02_multihead_dev,S2,age_temporal,2,beta_mean,-0.8690937384963036,-1.0311893224716187,0.1620955839753151
D02_multihead_dev,S2,age_temporal,2,cf_rmse_age,0.1528495770608273,0.18725600319669505,-0.03440642613586775
D02_multihead_dev,S2,age_temporal,2,cf_rmse_lag,0.12511902695920174,0.13096983711970808,-0.005850810160506342
D02_multihead_dev,S2,age_temporal,2,delta_bce_beta0,0.03151293753988843,0.01394463256681333,0.0175683049730751
D02_multihead_dev,S2,age_temporal,2,delta_bce_full_age_shuffle,0.06273302149384657,0.034970584594745,0.027762436899101572
D02_multihead_dev,S2,age_temporal,2,delta_bce_gate_age_shuffle,0.05428506114954751,0.02578163599918959,0.02850342515035792
D02_multihead_dev,S2,age_temporal,2,gate_signal_correlation,0.8246064229984807,0.8735485696939311,-0.048942146695450384
D02_multihead_dev,S2,age_temporal,2,gate_signal_mae,0.13942279880602554,0.11612038954061345,0.02330240926541209
D02_multihead_dev,S2,age_temporal,2,gate_signal_rmse,0.17578509838236103,0.1469083000234968,0.028876798358864225
D02_multihead_dev,S2,age_temporal,2,surface_rmse,0.13621058339418524,0.16098435356387514,-0.0247737701696899
D02_multihead_dev,S2,age_temporal,3,abs_beta_mean,1.4372582733631134,0.9381150007247925,0.4991432726383209
D02_multihead_dev,S2,age_temporal,3,auprc,0.5909492291223725,0.58087363920673,0.010075589915642502
D02_multihead_dev,S2,age_temporal,3,auroc,0.7672321596550091,0.7607766220425715,0.006455537612437667
D02_multihead_dev,S2,age_temporal,3,bce,0.45023646472305406,0.4563731419461897,-0.006136677223135656
D02_multihead_dev,S2,age_temporal,3,beta_mean,-1.161792665719986,-0.9381150007247925,-0.22367766499519348
D02_multihead_dev,S2,age_temporal,3,cf_rmse_age,0.13789733107342667,0.15177158468498747,-0.013874253611560805
D02_multihead_dev,S2,age_temporal,3,cf_rmse_lag,0.14931681937870192,0.12831621847008665,0.021000600908615275
D02_multihead_dev,S2,age_temporal,3,delta_bce_beta0,0.028633353687655128,0.009873441567493646,0.01875991212016148
D02_multihead_dev,S2,age_temporal,3,delta_bce_full_age_shuffle,0.06939072063667878,0.03256375198913697,0.03682696864754181
D02_multihead_dev,S2,age_temporal,3,delta_bce_gate_age_shuffle,0.05351621551707603,0.018456855418113094,0.03505936009896293
D02_multihead_dev,S2,age_temporal,3,gate_signal_correlation,0.8977853717265891,0.8500777031900426,0.04770766853654651
D02_multihead_dev,S2,age_temporal,3,gate_signal_mae,0.1128338666081337,0.12548138542905282,-0.01264751882091912
D02_multihead_dev,S2,age_temporal,3,gate_signal_rmse,0.1407673567375137,0.1579124169372149,-0.01714506019970119
D02_multihead_dev,S2,age_temporal,3,surface_rmse,0.1595214797364642,0.17858767218405688,-0.019066192447592695
D02_multihead_dev,S2,age_temporal,4,abs_beta_mean,1.5575185269117355,1.0298103094100952,0.5277082175016403
D02_multihead_dev,S2,age_temporal,4,auprc,0.5904167272489226,0.5797563653940819,0.01066036185484065
D02_multihead_dev,S2,age_temporal,4,auroc,0.7667223972813353,0.7598387255422088,0.006883671739126518
D02_multihead_dev,S2,age_temporal,4,bce,0.45091288474389657,0.4564929053288546,-0.005580020584958045
D02_multihead_dev,S2,age_temporal,4,beta_mean,-1.1473330110311508,-1.0298103094100952,-0.1175227016210556
D02_multihead_dev,S2,age_temporal,4,cf_rmse_age,0.12589333177950351,0.15487672495524687,-0.02898339317574336
D02_multihead_dev,S2,age_temporal,4,cf_rmse_lag,0.14064045356688337,0.11462749446951048,0.02601295909737289
D02_multihead_dev,S2,age_temporal,4,delta_bce_beta0,0.03026429591208213,0.014575467465954783,0.015688828446127345
D02_multihead_dev,S2,age_temporal,4,delta_bce_full_age_shuffle,0.06889224110881276,0.03350933743681139,0.035382903672001365
D02_multihead_dev,S2,age_temporal,4,delta_bce_gate_age_shuffle,0.06283208163286458,0.025583790161045394,0.037248291471819184
D02_multihead_dev,S2,age_temporal,4,gate_signal_correlation,0.8996767187585215,0.8747377252940098,0.024938993464511672
D02_multihead_dev,S2,age_temporal,4,gate_signal_mae,0.11273935564482473,0.11589370523175335,-0.0031543495869286176
D02_multihead_dev,S2,age_temporal,4,gate_signal_rmse,0.13830760745073528,0.14628258904676852,-0.007974981596033243
D02_multihead_dev,S2,age_temporal,4,surface_rmse,0.17054220202543646,0.1724228179622347,-0.0018806159367982245
D02_multihead_dev,S2,matched,0,delta_auprc_at_minus_to,0.0164278991014003,0.007176678156564753,0.009251220944835548
D02_multihead_dev,S2,matched,0,delta_auroc_at_minus_to,0.006321373496273819,0.0016731854571029325,0.004648188039170886
D02_multihead_dev,S2,matched,0,delta_bce_to_minus_at,0.008711764353157514,0.0038660719982747116,0.004845692354882802
D02_multihead_dev,S2,matched,1,delta_auprc_at_minus_to,0.016767051760822604,0.009410615036845815,0.007356436723976789
D02_multihead_dev,S2,matched,1,delta_auroc_at_minus_to,0.006664575818966512,0.003176585728931869,0.0034879900900346428
D02_multihead_dev,S2,matched,1,delta_bce_to_minus_at,0.009123832766615714,0.00590877206238738,0.003215060704228334
D02_multihead_dev,S2,matched,2,delta_auprc_at_minus_to,0.013546225504696197,0.006788748795638844,0.006757476709057353
D02_multihead_dev,S2,matched,2,delta_auroc_at_minus_to,0.005429633667092482,0.0009725789475624191,0.0044570547195300625
D02_multihead_dev,S2,matched,2,delta_bce_to_minus_at,0.007868110681394536,0.003647583569548807,0.004220527111845729
D02_multihead_dev,S2,matched,3,delta_auprc_at_minus_to,0.01675428449720806,0.006290532033746188,0.010463752463461873
D02_multihead_dev,S2,matched,3,delta_auroc_at_minus_to,0.007069212538663439,0.0020888944843499013,0.004980318054313537
D02_multihead_dev,S2,matched,3,delta_bce_to_minus_at,0.009392420212423536,0.0031528104586051597,0.006239609753818376
D02_multihead_dev,S2,matched,4,delta_auprc_at_minus_to,0.017939888673980997,0.008850858752793234,0.009089029921187763
D02_multihead_dev,S2,matched,4,delta_auroc_at_minus_to,0.008639578459851527,0.002860240736571207,0.00577933772328032
D02_multihead_dev,S2,matched,4,delta_bce_to_minus_at,0.009599782157210579,0.0047433525308623326,0.0048564296263482465
D02_multihead_dev,S2,temporal_only,0,abs_beta_mean,0.0,0.0,0.0
D02_multihead_dev,S2,temporal_only,0,auprc,0.5744100965375103,0.5754990907778805,-0.0010889942403702335
D02_multihead_dev,S2,temporal_only,0,auroc,0.7599216698204363,0.760510982239058,-0.0005893124186217014
D02_multihead_dev,S2,temporal_only,0,bce,0.45929905134459603,0.4591180377111618,0.00018101363343425714
D02_multihead_dev,S2,temporal_only,0,beta_mean,0.0,0.0,0.0
D02_multihead_dev,S2,temporal_only,0,cf_rmse_age,0.19063929875754487,0.19214653666744333,-0.0015072379098984567
D02_multihead_dev,S2,temporal_only,0,cf_rmse_lag,0.16549405004856774,0.18358574103658196,-0.01809169098801422
D02_multihead_dev,S2,temporal_only,0,delta_bce_beta0,0.0,0.0,0.0
D02_multihead_dev,S2,temporal_only,0,delta_bce_full_age_shuffle,0.008803967210089303,0.008824530239843253,-2.0563029753950524e-05
D02_multihead_dev,S2,temporal_only,0,delta_bce_gate_age_shuffle,0.0,0.0,0.0
D02_multihead_dev,S2,temporal_only,0,gate_signal_correlation,0.5023285003162752,0.5031778276647036,-0.0008493273484284636
D02_multihead_dev,S2,temporal_only,0,gate_signal_mae,0.22206556416338932,0.22197307351997256,9.249064341676494e-05
D02_multihead_dev,S2,temporal_only,0,gate_signal_rmse,0.2645962942498037,0.2640854302357091,0.0005108640140946141
D02_multihead_dev,S2,temporal_only,0,surface_rmse,0.21154779360181042,0.2286461189688743,-0.017098325367063877
D02_multihead_dev,S2,temporal_only,1,abs_beta_mean,0.0,0.0,0.0
D02_multihead_dev,S2,temporal_only,1,auprc,0.5766963791645426,0.572959994713831,0.0037363844507116717
D02_multihead_dev,S2,temporal_only,1,auroc,0.7609936961270234,0.7583301836809067,0.0026635124461167337
D02_multihead_dev,S2,temporal_only,1,bce,0.45903270133664364,0.46110364705699675,-0.002070945720353101
D02_multihead_dev,S2,temporal_only,1,beta_mean,0.0,0.0,0.0
D02_multihead_dev,S2,temporal_only,1,cf_rmse_age,0.19623228479224858,0.1698201705162879,0.026412114275960685
D02_multihead_dev,S2,temporal_only,1,cf_rmse_lag,0.1908850154129616,0.15511349324665863,0.03577152216630297
D02_multihead_dev,S2,temporal_only,1,delta_bce_beta0,0.0,0.0,0.0
D02_multihead_dev,S2,temporal_only,1,delta_bce_full_age_shuffle,0.006430323852665731,0.007356712646271135,-0.0009263887936054038
D02_multihead_dev,S2,temporal_only,1,delta_bce_gate_age_shuffle,0.0,0.0,0.0
D02_multihead_dev,S2,temporal_only,1,gate_signal_correlation,0.5034054006000627,0.5074925282191258,-0.004087127619063158
D02_multihead_dev,S2,temporal_only,1,gate_signal_mae,0.22228171934766686,0.22217512475426143,0.00010659459340542354
D02_multihead_dev,S2,temporal_only,1,gate_signal_rmse,0.2643048952741351,0.26316841808569835,0.0011364771884367353
D02_multihead_dev,S2,temporal_only,1,surface_rmse,0.24826136583724936,0.218402474748837,0.02985889108841236
D02_multihead_dev,S2,temporal_only,2,abs_beta_mean,0.0,0.0,0.0
D02_multihead_dev,S2,temporal_only,2,auprc,0.5775798838594131,0.5758664159297715,0.0017134679296415545
D02_multihead_dev,S2,temporal_only,2,auroc,0.7611811876916799,0.7610918960746841,8.929161699577914e-05
D02_multihead_dev,S2,temporal_only,2,bce,0.4580807846103694,0.45900790846686007,-0.0009271238564906858
D02_multihead_dev,S2,temporal_only,2,beta_mean,0.0,0.0,0.0
D02_multihead_dev,S2,temporal_only,2,cf_rmse_age,0.19072878585859093,0.21635225572241243,-0.025623469863821496
D02_multihead_dev,S2,temporal_only,2,cf_rmse_lag,0.1376318737785429,0.15060115482716385,-0.01296928104862094
D02_multihead_dev,S2,temporal_only,2,delta_bce_beta0,0.0,0.0,0.0
D02_multihead_dev,S2,temporal_only,2,delta_bce_full_age_shuffle,0.008843571366655367,0.00897380918945928,-0.0001302378228039136
D02_multihead_dev,S2,temporal_only,2,delta_bce_gate_age_shuffle,0.0,0.0,0.0
D02_multihead_dev,S2,temporal_only,2,gate_signal_correlation,0.503746467855566,0.5042565485750674,-0.0005100807195014267
D02_multihead_dev,S2,temporal_only,2,gate_signal_mae,0.22051481537267062,0.22003561253547052,0.00047920283720009893
D02_multihead_dev,S2,temporal_only,2,gate_signal_rmse,0.26352634034553246,0.2635643214699372,-3.7981124404729005e-05
D02_multihead_dev,S2,temporal_only,2,surface_rmse,0.20944591886685163,0.2132957354663858,-0.003849816599534178
D02_multihead_dev,S2,temporal_only,3,abs_beta_mean,0.0,0.0,0.0
D02_multihead_dev,S2,temporal_only,3,auprc,0.5741949446251644,0.5745831071729838,-0.00038816254781937065
D02_multihead_dev,S2,temporal_only,3,auroc,0.7601629471163457,0.7586877275582216,0.00147521955812413
D02_multihead_dev,S2,temporal_only,3,bce,0.4596288849354776,0.4595259524047949,0.00010293253068272001
D02_multihead_dev,S2,temporal_only,3,beta_mean,0.0,0.0,0.0
D02_multihead_dev,S2,temporal_only,3,cf_rmse_age,0.20519733956892608,0.1778397462828027,0.02735759328612339
D02_multihead_dev,S2,temporal_only,3,cf_rmse_lag,0.15751936192445137,0.15201741486846246,0.005501947055988915
D02_multihead_dev,S2,temporal_only,3,delta_bce_beta0,0.0,0.0,0.0
D02_multihead_dev,S2,temporal_only,3,delta_bce_full_age_shuffle,0.009449179455958412,0.009148159080908602,0.0003010203750498097
D02_multihead_dev,S2,temporal_only,3,delta_bce_gate_age_shuffle,0.0,0.0,0.0
D02_multihead_dev,S2,temporal_only,3,gate_signal_correlation,0.5041011340687911,0.49978681627986243,0.004314317788928657
D02_multihead_dev,S2,temporal_only,3,gate_signal_mae,0.22165421253469966,0.221736827051707,-8.261451700733446e-05
D02_multihead_dev,S2,temporal_only,3,gate_signal_rmse,0.26369322604924356,0.26490721196809686,-0.0012139859188532998
D02_multihead_dev,S2,temporal_only,3,surface_rmse,0.22566381619020467,0.21583000757570725,0.009833808614497425
D02_multihead_dev,S2,temporal_only,4,abs_beta_mean,0.0,0.0,0.0
D02_multihead_dev,S2,temporal_only,4,auprc,0.5724768385749416,0.5709055066412887,0.0015713319336528864
D02_multihead_dev,S2,temporal_only,4,auroc,0.7580828188214838,0.7569784848056376,0.0011043340158461978
D02_multihead_dev,S2,temporal_only,4,bce,0.46051266690110715,0.46123625785971695,-0.0007235909586097988
D02_multihead_dev,S2,temporal_only,4,beta_mean,0.0,0.0,0.0
D02_multihead_dev,S2,temporal_only,4,cf_rmse_age,0.19931341143690742,0.18336112266003113,0.015952288776876294
D02_multihead_dev,S2,temporal_only,4,cf_rmse_lag,0.1442061489258551,0.13728817115126773,0.006917977774587358
D02_multihead_dev,S2,temporal_only,4,delta_bce_beta0,0.0,0.0,0.0
D02_multihead_dev,S2,temporal_only,4,delta_bce_full_age_shuffle,0.00699169107853348,0.006773834050479544,0.00021785702805393603
D02_multihead_dev,S2,temporal_only,4,delta_bce_gate_age_shuffle,0.0,0.0,0.0
D02_multihead_dev,S2,temporal_only,4,gate_signal_correlation,0.5056547852340818,0.5038309238303218,0.0018238614037600076
D02_multihead_dev,S2,temporal_only,4,gate_signal_mae,0.22236336302440934,0.22202439364178458,0.00033896938262475973
D02_multihead_dev,S2,temporal_only,4,gate_signal_rmse,0.2637256964480232,0.26412959856744483,-0.0004039021194216508
D02_multihead_dev,S2,temporal_only,4,surface_rmse,0.22909762613488957,0.22004464236095736,0.00905298377393221
D02_multihead_dev,S3,age_temporal,0,abs_beta_mean,0.9359565675258636,0.9071639180183411,0.028792649507522583
D02_multihead_dev,S3,age_temporal,0,auprc,0.5443592765170945,0.539240046081811,0.005119230435283506
D02_multihead_dev,S3,age_temporal,0,auroc,0.7393592312853325,0.737738529406085,0.0016207018792475658
D02_multihead_dev,S3,age_temporal,0,bce,0.481438084125317,0.4843266451540509,-0.0028885610287338603
D02_multihead_dev,S3,age_temporal,0,beta_mean,0.8448704481124878,0.9071639180183411,-0.06229346990585327
D02_multihead_dev,S3,age_temporal,0,cf_rmse_age,0.08266634154420997,0.11926930169410924,-0.036602960149899263
D02_multihead_dev,S3,age_temporal,0,cf_rmse_lag,0.09115743414361,0.08144506907732746,0.009712365066282536
D02_multihead_dev,S3,age_temporal,0,delta_bce_beta0,0.013509852983620285,0.010432583467663847,0.003077269515956438
D02_multihead_dev,S3,age_temporal,0,delta_bce_full_age_shuffle,0.03935793961782158,0.029719155467332392,0.009638784150489188
D02_multihead_dev,S3,age_temporal,0,delta_bce_gate_age_shuffle,0.027156207428684465,0.01823712077480144,0.008919086653883024
D02_multihead_dev,S3,age_temporal,0,gate_signal_correlation,0.7926357052452461,0.7960524870255177,-0.003416781780271605
D02_multihead_dev,S3,age_temporal,0,gate_signal_mae,0.14203545541550294,0.1384718582610135,0.0035635971544894507
D02_multihead_dev,S3,age_temporal,0,gate_signal_rmse,0.17623382476762137,0.17855222447869776,-0.002318399711076391
D02_multihead_dev,S3,age_temporal,0,surface_rmse,0.11841522139503906,0.13070974926104725,-0.012294527866008195
D02_multihead_dev,S3,age_temporal,1,abs_beta_mean,1.2599012106657028,0.8158680200576782,0.4440331906080246
D02_multihead_dev,S3,age_temporal,1,auprc,0.5408386659180283,0.5378978363930296,0.002940829524998745
D02_multihead_dev,S3,age_temporal,1,auroc,0.737665320723688,0.7363231050114887,0.0013422157121992795
D02_multihead_dev,S3,age_temporal,1,bce,0.4833757663056875,0.48475890503407715,-0.0013831387283896324
D02_multihead_dev,S3,age_temporal,1,beta_mean,1.06361822783947,0.8158680200576782,0.2477502077817917
D02_multihead_dev,S3,age_temporal,1,cf_rmse_age,0.09987396450794513,0.13910663978970547,-0.039232675281760346
D02_multihead_dev,S3,age_temporal,1,cf_rmse_lag,0.10653864192448202,0.09658703538132607,0.009951606543155953
D02_multihead_dev,S3,age_temporal,1,delta_bce_beta0,0.015522765503444613,0.007605671426261507,0.007917094077183107
D02_multihead_dev,S3,age_temporal,1,delta_bce_full_age_shuffle,0.03881596674590787,0.024219057040939296,0.014596909704968575
D02_multihead_dev,S3,age_temporal,1,delta_bce_gate_age_shuffle,0.029035438570650107,0.014436041084067264,0.014599397486582844
D02_multihead_dev,S3,age_temporal,1,gate_signal_correlation,0.8100913966111764,0.7071176302393856,0.10297376637179079
D02_multihead_dev,S3,age_temporal,1,gate_signal_mae,0.1327120057013007,0.1613661442658984,-0.028654138564597698
D02_multihead_dev,S3,age_temporal,1,gate_signal_rmse,0.16776112884085556,0.21915019708608355,-0.05138906824522799
D02_multihead_dev,S3,age_temporal,1,surface_rmse,0.15626675460354786,0.16692405180624023,-0.010657297202692373
D02_multihead_dev,S3,age_temporal,2,abs_beta_mean,1.2064319550991058,0.9090102314949036,0.29742172360420227
D02_multihead_dev,S3,age_temporal,2,auprc,0.5438191903913685,0.5385387193152852,0.005280471076083315
D02_multihead_dev,S3,age_temporal,2,auroc,0.7387973791800516,0.7355404977759122,0.003256881404139378
D02_multihead_dev,S3,age_temporal,2,bce,0.4831887618037587,0.48492195744303723,-0.0017331956392785397
D02_multihead_dev,S3,age_temporal,2,beta_mean,0.8633876144886017,0.9090102314949036,-0.04562261700630188
D02_multihead_dev,S3,age_temporal,2,cf_rmse_age,0.0892167892013144,0.12621766199463916,-0.03700087279332476
D02_multihead_dev,S3,age_temporal,2,cf_rmse_lag,0.10524986078772373,0.0824530919576414,0.02279676883008233
D02_multihead_dev,S3,age_temporal,2,delta_bce_beta0,0.015246163286831205,0.009119626451430607,0.006126536835400598
D02_multihead_dev,S3,age_temporal,2,delta_bce_full_age_shuffle,0.043008429738557674,0.032347356163685115,0.01066107357487256
D02_multihead_dev,S3,age_temporal,2,delta_bce_gate_age_shuffle,0.02835868863202118,0.01656231616279158,0.011796372469229599
D02_multihead_dev,S3,age_temporal,2,gate_signal_correlation,0.7964943668665718,0.7853164955449989,0.011177871321572885
D02_multihead_dev,S3,age_temporal,2,gate_signal_mae,0.13969444929128516,0.1390373687270877,0.0006570805641974709
D02_multihead_dev,S3,age_temporal,2,gate_signal_rmse,0.17304575348162315,0.18117708769541824,-0.008131334213795083
D02_multihead_dev,S3,age_temporal,2,surface_rmse,0.15991723841859748,0.1407133473416454,0.019203891076952084
D02_multihead_dev,S3,age_temporal,3,abs_beta_mean,0.788002610206604,0.8522979021072388,-0.06429529190063477
D02_multihead_dev,S3,age_temporal,3,auprc,0.5435342545556736,0.5414492900767309,0.0020849644789426858
D02_multihead_dev,S3,age_temporal,3,auroc,0.7389779452514387,0.7390892617000693,-0.00011131644863060508
D02_multihead_dev,S3,age_temporal,3,bce,0.4824712122468964,0.4833394493810527,-0.0008682371341563466
D02_multihead_dev,S3,age_temporal,3,beta_mean,0.788002610206604,0.8522979021072388,-0.06429529190063477
D02_multihead_dev,S3,age_temporal,3,cf_rmse_age,0.12384139290363955,0.17661484997456386,-0.05277345707092432
D02_multihead_dev,S3,age_temporal,3,cf_rmse_lag,0.11926754435715768,0.12348840142897081,-0.004220857071813133
D02_multihead_dev,S3,age_temporal,3,delta_bce_beta0,0.017404940753783182,0.00925664436282092,0.008148296390962262
D02_multihead_dev,S3,age_temporal,3,delta_bce_full_age_shuffle,0.04228882787254218,0.025509013270305803,0.016779814602236376
D02_multihead_dev,S3,age_temporal,3,delta_bce_gate_age_shuffle,0.03289246199706586,0.017369125406317243,0.015523336590748615
D02_multihead_dev,S3,age_temporal,3,gate_signal_correlation,0.7502819779180911,0.7773875360473341,-0.02710555812924298
D02_multihead_dev,S3,age_temporal,3,gate_signal_mae,0.15136494642723414,0.1461191189679853,0.005245827459248842
D02_multihead_dev,S3,age_temporal,3,gate_signal_rmse,0.18924141659128738,0.18800299978994084,0.0012384168013465369
D02_multihead_dev,S3,age_temporal,3,surface_rmse,0.16678319686621468,0.20285102321220946,-0.036067826345994786
D02_multihead_dev,S3,age_temporal,4,abs_beta_mean,1.1255744397640228,0.9458898901939392,0.17968454957008362
D02_multihead_dev,S3,age_temporal,4,auprc,0.540986848184753,0.5348807219177347,0.00610612626701823
D02_multihead_dev,S3,age_temporal,4,auroc,0.7364650108897157,0.733677314396849,0.002787696492866698
D02_multihead_dev,S3,age_temporal,4,bce,0.4833686854309932,0.4867648918631974,-0.003396206432204174
D02_multihead_dev,S3,age_temporal,4,beta_mean,0.754673421382904,0.9458898901939392,-0.19121646881103516
D02_multihead_dev,S3,age_temporal,4,cf_rmse_age,0.13771155547953032,0.1396292288943518,-0.0019176734148214913
D02_multihead_dev,S3,age_temporal,4,cf_rmse_lag,0.09956479719619048,0.10430451046720454,-0.004739713271014065
D02_multihead_dev,S3,age_temporal,4,delta_bce_beta0,0.015475870854063434,0.009651780730894344,0.00582409012316909
D02_multihead_dev,S3,age_temporal,4,delta_bce_full_age_shuffle,0.043620400836896,0.03042864362412878,0.013191757212767219
D02_multihead_dev,S3,age_temporal,4,delta_bce_gate_age_shuffle,0.03153162175638291,0.01868359906646233,0.01284802268992058
D02_multihead_dev,S3,age_temporal,4,gate_signal_correlation,0.7396129625763963,0.7718617504431994,-0.032248787866803075
D02_multihead_dev,S3,age_temporal,4,gate_signal_mae,0.15478656092753912,0.14410547220581654,0.010681088721722576
D02_multihead_dev,S3,age_temporal,4,gate_signal_rmse,0.19474363218898655,0.19370305727190915,0.0010405749170774026
D02_multihead_dev,S3,age_temporal,4,surface_rmse,0.1584687926579144,0.15393758539389996,0.004531207264014431
D02_multihead_dev,S3,matched,0,delta_auprc_at_minus_to,0.01727376783268908,0.014849710441309116,0.0024240573913799635
D02_multihead_dev,S3,matched,0,delta_auroc_at_minus_to,0.006359698691816851,0.004693186567390262,0.001666512124426589
D02_multihead_dev,S3,matched,0,delta_bce_to_minus_at,0.007491167989264524,0.005513634767205566,0.001977533222058958
D02_multihead_dev,S3,matched,1,delta_auprc_at_minus_to,0.015681266767855306,0.00919326574805035,0.0064880010198049565
D02_multihead_dev,S3,matched,1,delta_auroc_at_minus_to,0.005167590459364102,0.002396207521307092,0.00277138293805701
D02_multihead_dev,S3,matched,1,delta_bce_to_minus_at,0.006124298709805465,0.0036820012283446113,0.0024422974814608533
D02_multihead_dev,S3,matched,2,delta_auprc_at_minus_to,0.012942017872280331,0.013722722951409416,-0.0007807050791290848
D02_multihead_dev,S3,matched,2,delta_auroc_at_minus_to,0.004552540610223921,0.0029258177620617998,0.001626722848162121
D02_multihead_dev,S3,matched,2,delta_bce_to_minus_at,0.0059322329788412675,0.005706861882522285,0.00022537109631898256
D02_multihead_dev,S3,matched,3,delta_auprc_at_minus_to,0.014976723518410062,0.013146730042848609,0.0018299934755614533
D02_multihead_dev,S3,matched,3,delta_auroc_at_minus_to,0.005561587158419368,0.006152902033117691,-0.0005913148746983232
D02_multihead_dev,S3,matched,3,delta_bce_to_minus_at,0.006820768791982124,0.005568395169823159,0.0012523736221589643
D02_multihead_dev,S3,matched,4,delta_auprc_at_minus_to,0.01333069111455687,0.009329099935370566,0.0040015911791863035
D02_multihead_dev,S3,matched,4,delta_auroc_at_minus_to,0.003987771303102683,0.0021647188327452715,0.0018230524703574114
D02_multihead_dev,S3,matched,4,delta_bce_to_minus_at,0.005431864636770922,0.0030537410242513774,0.002378123612519545
D02_multihead_dev,S3,temporal_only,0,abs_beta_mean,0.0,0.0,0.0
D02_multihead_dev,S3,temporal_only,0,auprc,0.5270855086844054,0.5243903356405019,0.0026951730439035426
D02_multihead_dev,S3,temporal_only,0,auroc,0.7329995325935157,0.7330453428386947,-4.581024517902321e-05
D02_multihead_dev,S3,temporal_only,0,bce,0.48892925211458155,0.48984027992125645,-0.0009110278066749022
D02_multihead_dev,S3,temporal_only,0,beta_mean,0.0,0.0,0.0
D02_multihead_dev,S3,temporal_only,0,cf_rmse_age,0.13156080466643388,0.12472720313715838,0.006833601529275507
D02_multihead_dev,S3,temporal_only,0,cf_rmse_lag,0.0995902195548416,0.08602717035545526,0.013563049199386334
D02_multihead_dev,S3,temporal_only,0,delta_bce_beta0,0.0,0.0,0.0
D02_multihead_dev,S3,temporal_only,0,delta_bce_full_age_shuffle,0.009451295580855501,0.009653197983986672,-0.00020190240313117114
D02_multihead_dev,S3,temporal_only,0,delta_bce_gate_age_shuffle,0.0,0.0,0.0
D02_multihead_dev,S3,temporal_only,0,gate_signal_correlation,0.5117464295047738,0.4997644176549489,0.011982011849824892
D02_multihead_dev,S3,temporal_only,0,gate_signal_mae,0.21980870378617962,0.22189575925467697,-0.0020870554684973563
D02_multihead_dev,S3,temporal_only,0,gate_signal_rmse,0.2645853393584327,0.26882036726143144,-0.004235027902998734
D02_multihead_dev,S3,temporal_only,0,surface_rmse,0.15850400094381448,0.1483207233312287,0.010183277612585778
D02_multihead_dev,S3,temporal_only,1,abs_beta_mean,0.0,0.0,0.0
D02_multihead_dev,S3,temporal_only,1,auprc,0.525157399150173,0.5287045706449792,-0.0035471714948062116
D02_multihead_dev,S3,temporal_only,1,auroc,0.7324977302643239,0.7339268974901816,-0.0014291672258577304
D02_multihead_dev,S3,temporal_only,1,bce,0.489500065015493,0.48844090626242176,0.001059158753071221
D02_multihead_dev,S3,temporal_only,1,beta_mean,0.0,0.0,0.0
D02_multihead_dev,S3,temporal_only,1,cf_rmse_age,0.13850169399169193,0.13855279745988203,-5.110346819009459e-05
D02_multihead_dev,S3,temporal_only,1,cf_rmse_lag,0.08863561036777849,0.08988570684152325,-0.0012500964737447579
D02_multihead_dev,S3,temporal_only,1,delta_bce_beta0,0.0,0.0,0.0
D02_multihead_dev,S3,temporal_only,1,delta_bce_full_age_shuffle,0.0074652010706639516,0.007266913180866752,0.00019828788979719958
D02_multihead_dev,S3,temporal_only,1,delta_bce_gate_age_shuffle,0.0,0.0,0.0
D02_multihead_dev,S3,temporal_only,1,gate_signal_correlation,0.4953681962906768,0.47089237666470996,0.024475819625966844
D02_multihead_dev,S3,temporal_only,1,gate_signal_mae,0.22681066183167917,0.23369660135184617,-0.006885939520167
D02_multihead_dev,S3,temporal_only,1,gate_signal_rmse,0.27414302388473955,0.28580481188285994,-0.011661787998120399
D02_multihead_dev,S3,temporal_only,1,surface_rmse,0.15356678287815212,0.16208532600772343,-0.008518543129571315
D02_multihead_dev,S3,temporal_only,2,abs_beta_mean,0.0,0.0,0.0
D02_multihead_dev,S3,temporal_only,2,auprc,0.5308771725190882,0.5248159963638758,0.0060611761552124
D02_multihead_dev,S3,temporal_only,2,auroc,0.7342448385698277,0.7326146800138504,0.001630158555977257
D02_multihead_dev,S3,temporal_only,2,bce,0.48912099478259996,0.4906288193255595,-0.0015078245429595571
D02_multihead_dev,S3,temporal_only,2,beta_mean,0.0,0.0,0.0
D02_multihead_dev,S3,temporal_only,2,cf_rmse_age,0.1386903049826673,0.13514641680362963,0.0035438881790376686
D02_multihead_dev,S3,temporal_only,2,cf_rmse_lag,0.10420267874357929,0.08885076260120739,0.0153519161423719
D02_multihead_dev,S3,temporal_only,2,delta_bce_beta0,0.0,0.0,0.0
D02_multihead_dev,S3,temporal_only,2,delta_bce_full_age_shuffle,0.011749797508119553,0.01263287722454648,-0.0008830797164269266
D02_multihead_dev,S3,temporal_only,2,delta_bce_gate_age_shuffle,0.0,0.0,0.0
D02_multihead_dev,S3,temporal_only,2,gate_signal_correlation,0.5047880935509347,0.5046432453254923,0.0001448482254423622
D02_multihead_dev,S3,temporal_only,2,gate_signal_mae,0.22687129153634653,0.22143446747133935,0.005436824065007173
D02_multihead_dev,S3,temporal_only,2,gate_signal_rmse,0.2727193962641129,0.26677014494244966,0.00594925132166324
D02_multihead_dev,S3,temporal_only,2,surface_rmse,0.1839603593574743,0.1548017464860969,0.029158612871377387
D02_multihead_dev,S3,temporal_only,3,abs_beta_mean,0.0,0.0,0.0
D02_multihead_dev,S3,temporal_only,3,auprc,0.5285575310372636,0.5283025600338823,0.00025497100338123246
D02_multihead_dev,S3,temporal_only,3,auroc,0.7334163580930193,0.7329363596669516,0.00047999842606771814
D02_multihead_dev,S3,temporal_only,3,bce,0.4892919810388785,0.4889078445508759,0.0003841364880026177
D02_multihead_dev,S3,temporal_only,3,beta_mean,0.0,0.0,0.0
D02_multihead_dev,S3,temporal_only,3,cf_rmse_age,0.1735634678916151,0.17053117320705138,0.003032294684563702
D02_multihead_dev,S3,temporal_only,3,cf_rmse_lag,0.12248229584722371,0.12471739052170246,-0.0022350946744787437
D02_multihead_dev,S3,temporal_only,3,delta_bce_beta0,0.0,0.0,0.0
D02_multihead_dev,S3,temporal_only,3,delta_bce_full_age_shuffle,0.009550994483892183,0.00911141892370898,0.000439575560183203
D02_multihead_dev,S3,temporal_only,3,delta_bce_gate_age_shuffle,0.0,0.0,0.0
D02_multihead_dev,S3,temporal_only,3,gate_signal_correlation,0.4940197100389351,0.507462573372404,-0.01344286333346889
D02_multihead_dev,S3,temporal_only,3,gate_signal_mae,0.22651642955810522,0.2224988763908721,0.004017553167233123
D02_multihead_dev,S3,temporal_only,3,gate_signal_rmse,0.27420742537939136,0.267625434840528,0.00658199053886338
D02_multihead_dev,S3,temporal_only,3,surface_rmse,0.19902443676523185,0.21200455440171706,-0.012980117636485211
D02_multihead_dev,S3,temporal_only,4,abs_beta_mean,0.0,0.0,0.0
D02_multihead_dev,S3,temporal_only,4,auprc,0.5276561570701961,0.5255516219823642,0.002104535087831927
D02_multihead_dev,S3,temporal_only,4,auroc,0.732477239586613,0.7315125955641038,0.0009646440225092867
D02_multihead_dev,S3,temporal_only,4,bce,0.48880055006776413,0.48981863288744876,-0.0010180828196846292
D02_multihead_dev,S3,temporal_only,4,beta_mean,0.0,0.0,0.0
D02_multihead_dev,S3,temporal_only,4,cf_rmse_age,0.14014459039512517,0.1498814728836425,-0.00973688248851734
D02_multihead_dev,S3,temporal_only,4,cf_rmse_lag,0.1042759503420381,0.10911734848432478,-0.004841398142286679
D02_multihead_dev,S3,temporal_only,4,delta_bce_beta0,0.0,0.0,0.0
D02_multihead_dev,S3,temporal_only,4,delta_bce_full_age_shuffle,0.009258750195351773,0.009100362732189449,0.00015838746316232388
D02_multihead_dev,S3,temporal_only,4,delta_bce_gate_age_shuffle,0.0,0.0,0.0
D02_multihead_dev,S3,temporal_only,4,gate_signal_correlation,0.4883016052113971,0.48369693628710336,0.004604668924293731
D02_multihead_dev,S3,temporal_only,4,gate_signal_mae,0.2304916371274714,0.22761629834327862,0.0028753387841927713
D02_multihead_dev,S3,temporal_only,4,gate_signal_rmse,0.2794389513127767,0.27764768234914633,0.0017912689636303547
D02_multihead_dev,S3,temporal_only,4,surface_rmse,0.15093389051644532,0.16329090176609784,-0.012357011249652522
