{
  "label": "MIMIC_causal_logsigmoid",
  "out_of_domain": {
    "frac_rows_touching": 0.003673884155397483,
    "frac_pairs_outside": 0.0003549332438702735,
    "tau_max_p99": 6.359928695955038,
    "cheb_tmax": 6.5
  },
  "split_dir": "data/processed/tensorized_flat/val",
  "config": {
    "basis": "chebyshev",
    "operator": "logsigmoid",
    "degree": 5,
    "cheb_tmax": 6.5,
    "radius": 0.16262942771627434,
    "masking": "causal",
    "base_coeffs": [
      -0.606436014175415,
      -1.0495526790618896,
      0.3014262616634369,
      -0.6328071355819702,
      0.2091527283191681,
      -0.09814359247684479
    ],
    "n_random": 64,
    "seed": 0
  },
  "n_patients": 400,
  "n_rows": 12793,
  "within_row_spread": {
    "std": {
      "n": 12793,
      "mean": 0.6066251352672132,
      "p05": 0.0,
      "p25": 0.011416187870116636,
      "p50": 0.13126542301386235,
      "p75": 1.1899743879437397,
      "p95": 2.0457301124426914,
      "max": 3.111922866717995
    },
    "iqr": {
      "n": 12793,
      "mean": 0.8101635490246317,
      "p05": 0.0,
      "p25": 0.005895799251734844,
      "p50": 0.06859698874717449,
      "p75": 1.0804241737231841,
      "p95": 3.896798354274156,
      "max": 6.280517302181712
    },
    "range": {
      "n": 12793,
      "mean": 1.8793160295893605,
      "p05": 0.0,
      "p25": 0.037957964061955604,
      "p50": 0.436076415532688,
      "p75": 3.8464193711279333,
      "p95": 5.949919257006075,
      "max": 6.598508399018505
    }
  },
  "cheb_domain_occupancy_x": {
    "n": 12793,
    "mean": -0.6462723024729654,
    "p05": -1.0,
    "p25": -0.9940388340377481,
    "p50": -0.9254310128858714,
    "p75": -0.3575242965371095,
    "p95": 0.3331945551490542,
    "max": 0.9553657730737373
  },
  "headroom": {
    "dlogit_uncentered": {
      "n": 12793,
      "mean": 0.09887175068041933,
      "p05": 0.05102681363560946,
      "p25": 0.05457333813287754,
      "p50": 0.07454003965526623,
      "p75": 0.1379550547413002,
      "p95": 0.21183527809751163,
      "max": 0.29592545389087466
    },
    "dlogit_centered": {
      "n": 12793,
      "mean": 0.057191878567257444,
      "p05": 0.0,
      "p25": 0.003923073888343148,
      "p50": 0.03518075967769572,
      "p75": 0.08738759419394351,
      "p95": 0.19809135159509675,
      "max": 0.3313502333983125
    },
    "dlogit_centered_randmax": {
      "n": 12793,
      "mean": 0.08157202117525515,
      "p05": 6.938893903907228e-18,
      "p25": 0.004000175400378558,
      "p50": 0.06461325662184726,
      "p75": 0.15016433618212585,
      "p95": 0.21433050553194904,
      "max": 0.3543113820580239
    },
    "level_only_centered_leak": {
      "n": 12793,
      "mean": 0.035274546980486036,
      "p05": 0.0,
      "p25": 0.002099014267309702,
      "p50": 0.03002288476427238,
      "p75": 0.06798609005592658,
      "p95": 0.08369837263414674,
      "max": 0.11199344414159937
    },
    "dlogit_learned_centered": {
      "n": 12793,
      "mean": 0.012762103889801424,
      "p05": 0.0,
      "p25": 0.0006498252576778528,
      "p50": 0.004610027164613369,
      "p75": 0.017557164409376706,
      "p95": 0.05386352397947315,
      "max": 0.15129860879526905
    }
  },
  "by_band": {
    "adolescent": {
      "n_rows": 32,
      "spread_std_p50": 0.020503762604116363,
      "dlogit_centered_p50": 0.005956048497924714,
      "dlogit_centered_randmax_p50": 0.005956048497924714
    },
    "adult": {
      "n_rows": 7289,
      "spread_std_p50": 0.18863822905069697,
      "dlogit_centered_p50": 0.03388923698902524,
      "dlogit_centered_randmax_p50": 0.07991015951247189
    },
    "older_adult": {
      "n_rows": 5472,
      "spread_std_p50": 0.10580207400155708,
      "dlogit_centered_p50": 0.03697640628910728,
      "dlogit_centered_randmax_p50": 0.05292966828178573
    }
  },
  "by_spread_quartile": {
    "Q1": {
      "spread_std_range": [
        0.0,
        0.011416187870116636
      ],
      "n_rows": 3199,
      "dlogit_centered_p50": 2.0816681711721685e-17,
      "dlogit_centered_randmax_p50": 2.7755575615628914e-17
    },
    "Q2": {
      "spread_std_range": [
        0.011416187870116636,
        0.13126542301386235
      ],
      "n_rows": 3199,
      "dlogit_centered_p50": 0.011034872752230925,
      "dlogit_centered_randmax_p50": 0.011054595048690746
    },
    "Q3": {
      "spread_std_range": [
        0.13126542301386235,
        1.1899743879437397
      ],
      "n_rows": 3199,
      "dlogit_centered_p50": 0.06978657089026048,
      "dlogit_centered_randmax_p50": 0.14224820493885645
    },
    "Q4": {
      "spread_std_range": [
        1.1899743879437397,
        3.111922866717995
      ],
      "n_rows": 3199,
      "dlogit_centered_p50": 0.12455325336423625,
      "dlogit_centered_randmax_p50": 0.15834841609656553
    }
  }
}