{
  "label": "MIMIC_causal_identity",
  "out_of_domain": {
    "frac_rows_touching": 0.003673884155397483,
    "frac_pairs_outside": 0.0003549332438702735,
    "tau_max_p99": 6.359928695955038,
    "cheb_tmax": 6.5
  },
  "split_dir": "data/processed/tensorized_flat/val",
  "config": {
    "basis": "chebyshev",
    "operator": "identity",
    "degree": 5,
    "cheb_tmax": 6.5,
    "radius": 0.16262942771627434,
    "masking": "causal",
    "base_coeffs": [
      -0.606436014175415,
      -1.0495526790618896,
      0.3014262616634369,
      -0.6328071355819702,
      0.2091527283191681,
      -0.09814359247684479
    ],
    "n_random": 64,
    "seed": 0
  },
  "n_patients": 400,
  "n_rows": 12793,
  "within_row_spread": {
    "std": {
      "n": 12793,
      "mean": 0.6066251352672132,
      "p05": 0.0,
      "p25": 0.011416187870116636,
      "p50": 0.13126542301386235,
      "p75": 1.1899743879437397,
      "p95": 2.0457301124426914,
      "max": 3.111922866717995
    },
    "iqr": {
      "n": 12793,
      "mean": 0.8101635490246317,
      "p05": 0.0,
      "p25": 0.005895799251734844,
      "p50": 0.06859698874717449,
      "p75": 1.0804241737231841,
      "p95": 3.896798354274156,
      "max": 6.280517302181712
    },
    "range": {
      "n": 12793,
      "mean": 1.8793160295893605,
      "p05": 0.0,
      "p25": 0.037957964061955604,
      "p50": 0.436076415532688,
      "p75": 3.8464193711279333,
      "p95": 5.949919257006075,
      "max": 6.598508399018505
    }
  },
  "cheb_domain_occupancy_x": {
    "n": 12793,
    "mean": -0.6462723024729654,
    "p05": -1.0,
    "p25": -0.9940388340377481,
    "p50": -0.9254310128858714,
    "p75": -0.3575242965371095,
    "p95": 0.3331945551490542,
    "max": 0.9553657730737373
  },
  "headroom": {
    "dlogit_uncentered": {
      "n": 12793,
      "mean": 0.325218410227001,
      "p05": 0.3252588554325486,
      "p25": 0.3252588554325486,
      "p50": 0.3252588554325486,
      "p75": 0.3252588554325486,
      "p95": 0.3252588554325486,
      "max": 0.3351175413141645
    },
    "dlogit_centered": {
      "n": 12793,
      "mean": 0.1334132051306538,
      "p05": 0.0,
      "p25": 0.0023537624410520097,
      "p50": 0.03018869829893639,
      "p75": 0.2587761289973379,
      "p95": 0.44342613894492944,
      "max": 0.6360000333019444
    },
    "dlogit_centered_randmax": {
      "n": 12793,
      "mean": 0.1984678340708492,
      "p05": 5.551115123125783e-17,
      "p25": 0.028753845930169858,
      "p50": 0.22629041238657283,
      "p75": 0.34038341783664516,
      "p95": 0.4436080852138834,
      "max": 0.6360000333019444
    },
    "level_only_centered_leak": {
      "n": 12793,
      "mean": 6.597725744323265e-17,
      "p05": 0.0,
      "p25": 0.0,
      "p50": 2.7755575615628914e-17,
      "p75": 1.1102230246251565e-16,
      "p95": 2.220446049250313e-16,
      "max": 4.440892098500626e-16
    },
    "dlogit_learned_centered": {
      "n": 12793,
      "mean": 0.02587977072034428,
      "p05": 0.0,
      "p25": 0.0027414716693342418,
      "p50": 0.012852800628718259,
      "p75": 0.0373633992844888,
      "p95": 0.09605658880479712,
      "max": 0.2342800725290629
    }
  },
  "by_band": {
    "adolescent": {
      "n_rows": 32,
      "spread_std_p50": 0.020503762604116363,
      "dlogit_centered_p50": 0.003503343891558347,
      "dlogit_centered_randmax_p50": 0.04259940885167185
    },
    "adult": {
      "n_rows": 7289,
      "spread_std_p50": 0.18863822905069697,
      "dlogit_centered_p50": 0.040682539773147675,
      "dlogit_centered_randmax_p50": 0.23019225287164566
    },
    "older_adult": {
      "n_rows": 5472,
      "spread_std_p50": 0.10580207400155708,
      "dlogit_centered_p50": 0.02525137720783102,
      "dlogit_centered_randmax_p50": 0.22139410901719758
    }
  },
  "by_spread_quartile": {
    "Q1": {
      "spread_std_range": [
        0.0,
        0.011416187870116636
      ],
      "n_rows": 3199,
      "dlogit_centered_p50": 1.6653345369377348e-16,
      "dlogit_centered_randmax_p50": 1.6653345369377348e-16
    },
    "Q2": {
      "spread_std_range": [
        0.011416187870116636,
        0.13126542301386235
      ],
      "n_rows": 3199,
      "dlogit_centered_p50": 0.006373915917344208,
      "dlogit_centered_randmax_p50": 0.07374725054150244
    },
    "Q3": {
      "spread_std_range": [
        0.13126542301386235,
        1.1899743879437397
      ],
      "n_rows": 3199,
      "dlogit_centered_p50": 0.17811833309862493,
      "dlogit_centered_randmax_p50": 0.3387452281291926
    },
    "Q4": {
      "spread_std_range": [
        1.1899743879437397,
        3.111922866717995
      ],
      "n_rows": 3199,
      "dlogit_centered_p50": 0.3156579476982735,
      "dlogit_centered_randmax_p50": 0.34080323167670107
    }
  }
}