{
  "label": "PIC_deg3",
  "out_of_domain": {
    "frac_rows_touching": 0.0,
    "frac_pairs_outside": 0.0,
    "tau_max_p99": 0.1322833343146656,
    "cheb_tmax": 6.5
  },
  "split_dir": "data/tensorized/pic/heart_malformations/test",
  "config": {
    "basis": "chebyshev",
    "operator": "logsigmoid",
    "degree": 3,
    "cheb_tmax": 6.5,
    "radius": 0.16262942771627434,
    "masking": "causal",
    "base_coeffs": [
      -0.606436014175415,
      -1.0495526790618896,
      0.3014262616634369,
      -0.6328071355819702
    ],
    "n_random": 64,
    "seed": 0
  },
  "n_patients": 400,
  "n_rows": 12440,
  "within_row_spread": {
    "std": {
      "n": 12440,
      "mean": 0.020772082699441686,
      "p05": 0.0008292619375835698,
      "p25": 0.004739071331330486,
      "p50": 0.015954972023774844,
      "p75": 0.03680550138151314,
      "p95": 0.04835741738919789,
      "max": 0.06595050486298705
    },
    "iqr": {
      "n": 12440,
      "mean": 0.030296098212438748,
      "p05": 0.0,
      "p25": 0.0019910902630253975,
      "p50": 0.01162692078885553,
      "p75": 0.05645280806802468,
      "p95": 0.09784937980443215,
      "max": 0.12519168127785524
    },
    "range": {
      "n": 12440,
      "mean": 0.06245380260603431,
      "p05": 0.0024968802092043426,
      "p25": 0.015969686829248896,
      "p50": 0.0542027068053048,
      "p75": 0.10931844306607286,
      "p95": 0.12863807275168457,
      "max": 0.1334764132789614
    }
  },
  "cheb_domain_occupancy_x": {
    "n": 12440,
    "mean": -0.9905491897160574,
    "p05": -0.9998579630798441,
    "p25": -0.9985145253694699,
    "p50": -0.9934169748023147,
    "p75": -0.9832433958665909,
    "p95": -0.9749392877014279,
    "max": -0.9632443569595088
  },
  "headroom": {
    "dlogit_uncentered": {
      "n": 12440,
      "mean": 0.07241837061072187,
      "p05": 0.0659251020847759,
      "p25": 0.06737946534829867,
      "p50": 0.07152285241572291,
      "p75": 0.07750003594030483,
      "p95": 0.07958508499053624,
      "max": 0.08010578941819713
    },
    "dlogit_centered": {
      "n": 12440,
      "mean": 0.004390088246425568,
      "p05": 0.00017431374785209925,
      "p25": 0.0012147360103468875,
      "p50": 0.003675944756092557,
      "p75": 0.007177022634332286,
      "p95": 0.01001144010693496,
      "max": 0.013894320204038232
    },
    "dlogit_centered_randmax": {
      "n": 12440,
      "mean": 0.0043900882464255695,
      "p05": 0.00017431374785209925,
      "p25": 0.0012147360103468875,
      "p50": 0.003675944756092557,
      "p75": 0.007177022634332286,
      "p95": 0.01001144010693496,
      "max": 0.013894320204038232
    },
    "level_only_centered_leak": {
      "n": 12440,
      "mean": 0.0025621289889684253,
      "p05": 9.865283806910243e-05,
      "p25": 0.0006904404258610648,
      "p50": 0.00211763331555263,
      "p75": 0.004206721212531066,
      "p95": 0.005884450487103017,
      "max": 0.008218703072475807
    },
    "dlogit_learned_centered": null
  },
  "by_band": {
    "adolescent": {
      "n_rows": 603,
      "spread_std_p50": 0.013717652042585442,
      "dlogit_centered_p50": 0.0033621221968736514,
      "dlogit_centered_randmax_p50": 0.0033621221968736514
    },
    "child": {
      "n_rows": 3564,
      "spread_std_p50": 0.015041748439773133,
      "dlogit_centered_p50": 0.0035980792123924965,
      "dlogit_centered_randmax_p50": 0.0035980792123924965
    },
    "infant": {
      "n_rows": 5238,
      "spread_std_p50": 0.016157949861250603,
      "dlogit_centered_p50": 0.0037929129396707117,
      "dlogit_centered_randmax_p50": 0.0037929129396707117
    },
    "neonate": {
      "n_rows": 3035,
      "spread_std_p50": 0.016729704773751616,
      "dlogit_centered_p50": 0.003734297348534324,
      "dlogit_centered_randmax_p50": 0.003734297348534324
    }
  },
  "by_spread_quartile": {
    "Q1": {
      "spread_std_range": [
        0.0,
        0.004739071331330486
      ],
      "n_rows": 3110,
      "dlogit_centered_p50": 0.0006514461068435687,
      "dlogit_centered_randmax_p50": 0.0006514461068435687
    },
    "Q2": {
      "spread_std_range": [
        0.004739071331330486,
        0.015954972023774844
      ],
      "n_rows": 3110,
      "dlogit_centered_p50": 0.0020974639622664687,
      "dlogit_centered_randmax_p50": 0.0020974639622664687
    },
    "Q3": {
      "spread_std_range": [
        0.015954972023774844,
        0.03680550138151314
      ],
      "n_rows": 3110,
      "dlogit_centered_p50": 0.0063080061583958985,
      "dlogit_centered_randmax_p50": 0.0063080061583958985
    },
    "Q4": {
      "spread_std_range": [
        0.03680550138151314,
        0.06595050486298705
      ],
      "n_rows": 3110,
      "dlogit_centered_p50": 0.007399982778907993,
      "dlogit_centered_randmax_p50": 0.007399982778907993
    }
  }
}