{
  "label": "PIC_causal_identity",
  "out_of_domain": {
    "frac_rows_touching": 0.0,
    "frac_pairs_outside": 0.0,
    "tau_max_p99": 0.13212571555876165,
    "cheb_tmax": 6.5
  },
  "split_dir": "data/tensorized/pic/heart_malformations/test",
  "config": {
    "basis": "chebyshev",
    "operator": "identity",
    "degree": 5,
    "cheb_tmax": 6.5,
    "radius": 0.16262942771627434,
    "masking": "causal",
    "base_coeffs": [
      -0.606436014175415,
      -1.0495526790618896,
      0.3014262616634369,
      -0.6328071355819702,
      0.2091527283191681,
      -0.09814359247684479
    ],
    "n_random": 64,
    "seed": 0
  },
  "n_patients": 400,
  "n_rows": 12492,
  "within_row_spread": {
    "std": {
      "n": 12492,
      "mean": 0.020706629649988168,
      "p05": 0.0010584850098491342,
      "p25": 0.0043206572891173745,
      "p50": 0.015158070692302517,
      "p75": 0.0372796008497206,
      "p95": 0.048734220229008675,
      "max": 0.062439308010988036
    },
    "iqr": {
      "n": 12492,
      "mean": 0.030682312722734157,
      "p05": 0.0,
      "p25": 0.0019134331921698668,
      "p50": 0.010780196728386343,
      "p75": 0.059485679067106584,
      "p95": 0.09966417473447167,
      "max": 0.12881106636411155
    },
    "range": {
      "n": 12492,
      "mean": 0.06153403649880416,
      "p05": 0.0030911169359578612,
      "p25": 0.014986347757960419,
      "p50": 0.05371236521624574,
      "p75": 0.10864974354583923,
      "p95": 0.12767450059508004,
      "max": 0.1333838155362571
    }
  },
  "cheb_domain_occupancy_x": {
    "n": 12492,
    "mean": -0.9906917216172378,
    "p05": -0.999829950217306,
    "p25": -0.9986552693036982,
    "p50": -0.9936389693232195,
    "p75": -0.983222903530672,
    "p95": -0.9752873355049508,
    "max": -0.964227531186303
  },
  "headroom": {
    "dlogit_uncentered": {
      "n": 12492,
      "mean": 0.3252588554325486,
      "p05": 0.3252588554325486,
      "p25": 0.3252588554325486,
      "p50": 0.3252588554325486,
      "p75": 0.3252588554325486,
      "p95": 0.3252588554325486,
      "max": 0.3252588554325486
    },
    "dlogit_centered": {
      "n": 12492,
      "mean": 0.004003251880286414,
      "p05": 0.0002071524184134228,
      "p25": 0.0010888083439679896,
      "p50": 0.0034159167514851985,
      "p75": 0.006565705703004243,
      "p95": 0.009339044616380923,
      "max": 0.012519169335977076
    },
    "dlogit_centered_randmax": {
      "n": 12492,
      "mean": 0.04650979327367475,
      "p05": 0.0026280359913150707,
      "p25": 0.013645979650540555,
      "p50": 0.041253777164499184,
      "p75": 0.07516672634994728,
      "p95": 0.10600107206362985,
      "max": 0.13910897822578344
    },
    "level_only_centered_leak": {
      "n": 12492,
      "mean": 2.089666896133445e-17,
      "p05": 0.0,
      "p25": 0.0,
      "p50": 2.7755575615628914e-17,
      "p75": 2.7755575615628914e-17,
      "p95": 8.326672684688674e-17,
      "max": 1.1102230246251565e-16
    },
    "dlogit_learned_centered": {
      "n": 12492,
      "mean": 0.03728092198454612,
      "p05": 0.001976834987347798,
      "p25": 0.010717003730830552,
      "p50": 0.03253494721045465,
      "p75": 0.06055216080111543,
      "p95": 0.08578184913869884,
      "max": 0.12757345069608642
    }
  },
  "by_band": {
    "adolescent": {
      "n_rows": 693,
      "spread_std_p50": 0.011713388506798093,
      "dlogit_centered_p50": 0.002620565016318077,
      "dlogit_centered_randmax_p50": 0.03196015532804172
    },
    "child": {
      "n_rows": 3291,
      "spread_std_p50": 0.013138149036389365,
      "dlogit_centered_p50": 0.003044229829835321,
      "dlogit_centered_randmax_p50": 0.03677105807929465
    },
    "infant": {
      "n_rows": 5406,
      "spread_std_p50": 0.015240963296855422,
      "dlogit_centered_p50": 0.0034746613771752533,
      "dlogit_centered_randmax_p50": 0.04205565180325825
    },
    "neonate": {
      "n_rows": 3102,
      "spread_std_p50": 0.018347847071837068,
      "dlogit_centered_p50": 0.0038543138852887293,
      "dlogit_centered_randmax_p50": 0.046017396358615834
    }
  },
  "by_spread_quartile": {
    "Q1": {
      "spread_std_range": [
        0.0,
        0.0043206572891173745
      ],
      "n_rows": 3123,
      "dlogit_centered_p50": 0.0006235255029311548,
      "dlogit_centered_randmax_p50": 0.007860365142133369
    },
    "Q2": {
      "spread_std_range": [
        0.0043206572891173745,
        0.015158070692302517
      ],
      "n_rows": 3123,
      "dlogit_centered_p50": 0.0018105540659808517,
      "dlogit_centered_randmax_p50": 0.022442627155696504
    },
    "Q3": {
      "spread_std_range": [
        0.015158070692302517,
        0.0372796008497206
      ],
      "n_rows": 3123,
      "dlogit_centered_p50": 0.005829412815321233,
      "dlogit_centered_randmax_p50": 0.06834497552146979
    },
    "Q4": {
      "spread_std_range": [
        0.0372796008497206,
        0.062439308010988036
      ],
      "n_rows": 3123,
      "dlogit_centered_p50": 0.006767788745359549,
      "dlogit_centered_randmax_p50": 0.07678076084130259
    }
  }
}