{
  "label": "PIC_bidir_logsigmoid",
  "out_of_domain": {
    "frac_rows_touching": 0.0,
    "frac_pairs_outside": 0.0,
    "tau_max_p99": 0.1325963473252294,
    "cheb_tmax": 6.5
  },
  "split_dir": "data/tensorized/pic/heart_malformations/test",
  "config": {
    "basis": "chebyshev",
    "operator": "logsigmoid",
    "degree": 5,
    "cheb_tmax": 6.5,
    "radius": 0.16262942771627434,
    "masking": "bidirectional",
    "base_coeffs": [
      -0.606436014175415,
      -1.0495526790618896,
      0.3014262616634369,
      -0.6328071355819702,
      0.2091527283191681,
      -0.09814359247684479
    ],
    "n_random": 64,
    "seed": 0
  },
  "n_patients": 400,
  "n_rows": 12518,
  "within_row_spread": {
    "std": {
      "n": 12518,
      "mean": 0.035417671422398704,
      "p05": 0.011561494129516727,
      "p25": 0.025886928381301418,
      "p50": 0.03869852050917226,
      "p75": 0.045649187536754184,
      "p95": 0.051249742533654635,
      "max": 0.05960616266141126
    },
    "iqr": {
      "n": 12518,
      "mean": 0.061078499615494185,
      "p05": 0.002615424831985083,
      "p25": 0.025460364621011394,
      "p50": 0.0711537106052518,
      "p75": 0.09236812050858398,
      "p95": 0.10422518369706435,
      "max": 0.12395443286132496
    },
    "range": {
      "n": 12518,
      "mean": 0.10186340171910414,
      "p05": 0.05049254469493602,
      "p25": 0.09260088339332942,
      "p50": 0.10792122085991403,
      "p75": 0.11953634927167289,
      "p95": 0.12921508894466352,
      "max": 0.13340985881947248
    }
  },
  "cheb_domain_occupancy_x": {
    "n": 12518,
    "mean": -0.9875005336790826,
    "p05": -0.9977611776857676,
    "p25": -0.9914078880947764,
    "p50": -0.9872851221537389,
    "p75": -0.9836420109726908,
    "p95": -0.9781577573394074,
    "max": -0.9613638123683103
  },
  "headroom": {
    "dlogit_uncentered": {
      "n": 12518,
      "mean": 0.06874991969338388,
      "p05": 0.05963566926364952,
      "p25": 0.0670724833554103,
      "p50": 0.06981212927067418,
      "p75": 0.07189556997673002,
      "p95": 0.0736338802059685,
      "max": 0.07438749610795264
    },
    "dlogit_centered": {
      "n": 12518,
      "mean": 0.011357126563988186,
      "p05": 0.005674459608239639,
      "p25": 0.009442748565276535,
      "p50": 0.011360875281619977,
      "p75": 0.013268101398272482,
      "p95": 0.017804765160875848,
      "max": 0.02196327791242786
    },
    "dlogit_centered_randmax": {
      "n": 12518,
      "mean": 0.011361810731484814,
      "p05": 0.005674459608239639,
      "p25": 0.009442748565276535,
      "p50": 0.011362496492052364,
      "p75": 0.013273919021220468,
      "p95": 0.017804765160875848,
      "max": 0.02196327791242786
    },
    "level_only_centered_leak": {
      "n": 12518,
      "mean": 0.006098698341335372,
      "p05": 0.003002803617297163,
      "p25": 0.005052661354825599,
      "p50": 0.006109566972363027,
      "p75": 0.007163635707046152,
      "p95": 0.0095735144127339,
      "max": 0.011859806274444013
    },
    "dlogit_learned_centered": {
      "n": 12518,
      "mean": 0.01297322253944961,
      "p05": 0.005433827922828921,
      "p25": 0.010068888976355824,
      "p50": 0.01278516675931211,
      "p75": 0.0156956591961153,
      "p95": 0.021025317084552186,
      "max": 0.028871517907944684
    }
  },
  "by_band": {
    "adolescent": {
      "n_rows": 696,
      "spread_std_p50": 0.037467359692526556,
      "dlogit_centered_p50": 0.011395292575136273,
      "dlogit_centered_randmax_p50": 0.011395292575136273
    },
    "child": {
      "n_rows": 3297,
      "spread_std_p50": 0.0391238198142398,
      "dlogit_centered_p50": 0.011331009708691088,
      "dlogit_centered_randmax_p50": 0.011331009708691088
    },
    "infant": {
      "n_rows": 5418,
      "spread_std_p50": 0.04018207377006393,
      "dlogit_centered_p50": 0.011667636976098697,
      "dlogit_centered_randmax_p50": 0.011679510737330371
    },
    "neonate": {
      "n_rows": 3107,
      "spread_std_p50": 0.036479198200348936,
      "dlogit_centered_p50": 0.010762805200353269,
      "dlogit_centered_randmax_p50": 0.010769769791776455
    }
  },
  "by_spread_quartile": {
    "Q1": {
      "spread_std_range": [
        0.0,
        0.025886928381301418
      ],
      "n_rows": 3130,
      "dlogit_centered_p50": 0.008306273273524695,
      "dlogit_centered_randmax_p50": 0.008306273273524695
    },
    "Q2": {
      "spread_std_range": [
        0.025886928381301418,
        0.03869852050917226
      ],
      "n_rows": 3130,
      "dlogit_centered_p50": 0.010982247793809033,
      "dlogit_centered_randmax_p50": 0.01098684243833787
    },
    "Q3": {
      "spread_std_range": [
        0.03869852050917226,
        0.045649187536754184
      ],
      "n_rows": 3138,
      "dlogit_centered_p50": 0.011579540315734105,
      "dlogit_centered_randmax_p50": 0.011591108169035538
    },
    "Q4": {
      "spread_std_range": [
        0.045649187536754184,
        0.05960616266141126
      ],
      "n_rows": 3130,
      "dlogit_centered_p50": 0.011839405111987555,
      "dlogit_centered_randmax_p50": 0.011852141008039649
    }
  }
}