{
  "label": "PIC_deg2",
  "out_of_domain": {
    "frac_rows_touching": 0.0,
    "frac_pairs_outside": 0.0,
    "tau_max_p99": 0.1326006950677109,
    "cheb_tmax": 6.5
  },
  "split_dir": "data/tensorized/pic/heart_malformations/test",
  "config": {
    "basis": "chebyshev",
    "operator": "logsigmoid",
    "degree": 2,
    "cheb_tmax": 6.5,
    "radius": 0.16262942771627434,
    "masking": "causal",
    "base_coeffs": [
      -0.606436014175415,
      -1.0495526790618896,
      0.3014262616634369
    ],
    "n_random": 64,
    "seed": 0
  },
  "n_patients": 400,
  "n_rows": 12443,
  "within_row_spread": {
    "std": {
      "n": 12443,
      "mean": 0.02048372074894837,
      "p05": 0.0010822603679331276,
      "p25": 0.004531373276265374,
      "p50": 0.014787293538105602,
      "p75": 0.03605789416278201,
      "p95": 0.04927875071513623,
      "max": 0.06310984383756942
    },
    "iqr": {
      "n": 12443,
      "mean": 0.030081881808314708,
      "p05": 0.0,
      "p25": 0.0019834413178790753,
      "p50": 0.010912464993798256,
      "p75": 0.056055290334050864,
      "p95": 0.09874853079308525,
      "max": 0.1331522724796931
    },
    "range": {
      "n": 12443,
      "mean": 0.061574928702250044,
      "p05": 0.0034306167536864384,
      "p25": 0.016200728741495,
      "p50": 0.05154524873075768,
      "p75": 0.10858744372105299,
      "p95": 0.128932730006023,
      "max": 0.1335256035066419
    }
  },
  "cheb_domain_occupancy_x": {
    "n": 12443,
    "mean": -0.9906844659878408,
    "p05": -0.9998190111298333,
    "p25": -0.9985282234175384,
    "p50": -0.9937615658328877,
    "p75": -0.9834777383923058,
    "p95": -0.9749121883641219,
    "max": -0.9607371504226546
  },
  "headroom": {
    "dlogit_uncentered": {
      "n": 12443,
      "mean": 0.10580854974416828,
      "p05": 0.1049060440205794,
      "p25": 0.1051183075196298,
      "p50": 0.10568323062688523,
      "p75": 0.10652350837689545,
      "p95": 0.10680139800238361,
      "max": 0.10686251977001765
    },
    "dlogit_centered": {
      "n": 12443,
      "mean": 0.0006278059152274795,
      "p05": 3.769670677503806e-05,
      "p25": 0.00019317165576675233,
      "p50": 0.0005345343279695436,
      "p75": 0.001012493087206176,
      "p95": 0.00143825643304131,
      "max": 0.001925562623087032
    },
    "dlogit_centered_randmax": {
      "n": 12443,
      "mean": 0.0020388725895633744,
      "p05": 0.00011095115676956515,
      "p25": 0.0005764458606054221,
      "p50": 0.0016578554544952988,
      "p75": 0.003353468307216556,
      "p95": 0.004768745864613375,
      "max": 0.00655719942938876
    },
    "level_only_centered_leak": {
      "n": 12443,
      "mean": 0.0009627379453630573,
      "p05": 5.347867147723964e-05,
      "p25": 0.0002769443630175096,
      "p50": 0.0007911230596535021,
      "p75": 0.0015769343276336618,
      "p95": 0.0022425472241874665,
      "max": 0.0030681525024150794
    },
    "dlogit_learned_centered": null
  },
  "by_band": {
    "adolescent": {
      "n_rows": 578,
      "spread_std_p50": 0.016190153458206263,
      "dlogit_centered_p50": 0.0005089516339232963,
      "dlogit_centered_randmax_p50": 0.0015681381588046658
    },
    "child": {
      "n_rows": 3673,
      "spread_std_p50": 0.015267633302659114,
      "dlogit_centered_p50": 0.0005635659390163528,
      "dlogit_centered_randmax_p50": 0.0017426690552914612
    },
    "infant": {
      "n_rows": 5353,
      "spread_std_p50": 0.014440826796998565,
      "dlogit_centered_p50": 0.0005096562548838196,
      "dlogit_centered_randmax_p50": 0.001575827489303929
    },
    "neonate": {
      "n_rows": 2839,
      "spread_std_p50": 0.014885667757314786,
      "dlogit_centered_p50": 0.0005492590749062998,
      "dlogit_centered_randmax_p50": 0.0017026789671497032
    }
  },
  "by_spread_quartile": {
    "Q1": {
      "spread_std_range": [
        0.0,
        0.004531373276265374
      ],
      "n_rows": 3111,
      "dlogit_centered_p50": 9.702836252091507e-05,
      "dlogit_centered_randmax_p50": 0.0002870484821836522
    },
    "Q2": {
      "spread_std_range": [
        0.004531373276265374,
        0.014787293538105602
      ],
      "n_rows": 3111,
      "dlogit_centered_p50": 0.00032301342694592006,
      "dlogit_centered_randmax_p50": 0.000981683581065932
    },
    "Q3": {
      "spread_std_range": [
        0.014787293538105602,
        0.03605789416278201
      ],
      "n_rows": 3111,
      "dlogit_centered_p50": 0.0008788533247338637,
      "dlogit_centered_randmax_p50": 0.002836047496252641
    },
    "Q4": {
      "spread_std_range": [
        0.03605789416278201,
        0.06310984383756942
      ],
      "n_rows": 3111,
      "dlogit_centered_p50": 0.0010478012065696513,
      "dlogit_centered_randmax_p50": 0.0035026725049122145
    }
  }
}