{
  "label": "PIC_causal_logsigmoid",
  "out_of_domain": {
    "frac_rows_touching": 0.0,
    "frac_pairs_outside": 0.0,
    "tau_max_p99": 0.13212571555876165,
    "cheb_tmax": 6.5
  },
  "split_dir": "data/tensorized/pic/heart_malformations/test",
  "config": {
    "basis": "chebyshev",
    "operator": "logsigmoid",
    "degree": 5,
    "cheb_tmax": 6.5,
    "radius": 0.16262942771627434,
    "masking": "causal",
    "base_coeffs": [
      -0.606436014175415,
      -1.0495526790618896,
      0.3014262616634369,
      -0.6328071355819702,
      0.2091527283191681,
      -0.09814359247684479
    ],
    "n_random": 64,
    "seed": 0
  },
  "n_patients": 400,
  "n_rows": 12492,
  "within_row_spread": {
    "std": {
      "n": 12492,
      "mean": 0.020706629649988168,
      "p05": 0.0010584850098491342,
      "p25": 0.0043206572891173745,
      "p50": 0.015158070692302517,
      "p75": 0.0372796008497206,
      "p95": 0.048734220229008675,
      "max": 0.062439308010988036
    },
    "iqr": {
      "n": 12492,
      "mean": 0.030682312722734157,
      "p05": 0.0,
      "p25": 0.0019134331921698668,
      "p50": 0.010780196728386343,
      "p75": 0.059485679067106584,
      "p95": 0.09966417473447167,
      "max": 0.12881106636411155
    },
    "range": {
      "n": 12492,
      "mean": 0.06153403649880416,
      "p05": 0.0030911169359578612,
      "p25": 0.014986347757960419,
      "p50": 0.05371236521624574,
      "p75": 0.10864974354583923,
      "p95": 0.12767450059508004,
      "max": 0.1333838155362571
    }
  },
  "cheb_domain_occupancy_x": {
    "n": 12492,
    "mean": -0.9906917216172378,
    "p05": -0.999829950217306,
    "p25": -0.9986552693036982,
    "p50": -0.9936389693232195,
    "p75": -0.983222903530672,
    "p95": -0.9752873355049508,
    "max": -0.964227531186303
  },
  "headroom": {
    "dlogit_uncentered": {
      "n": 12492,
      "mean": 0.06168456133417099,
      "p05": 0.05154098086828281,
      "p25": 0.053536710586608804,
      "p50": 0.06019773866265499,
      "p75": 0.06994267861830755,
      "p95": 0.0733571203710792,
      "max": 0.07438281723736972
    },
    "dlogit_centered": {
      "n": 12492,
      "mean": 0.0069210056621820375,
      "p05": 0.00034430271446270146,
      "p25": 0.001825432007600011,
      "p50": 0.0058184400762756605,
      "p75": 0.011405596523309854,
      "p95": 0.0162413538003219,
      "max": 0.021930123048045466
    },
    "dlogit_centered_randmax": {
      "n": 12492,
      "mean": 0.006923469600992299,
      "p05": 0.00034430271446270146,
      "p25": 0.001825432007600011,
      "p50": 0.0058184400762756605,
      "p75": 0.011411773226275157,
      "p95": 0.0162413538003219,
      "max": 0.021930123048045466
    },
    "level_only_centered_leak": {
      "n": 12492,
      "mean": 0.0036897104253421006,
      "p05": 0.00017817440292073822,
      "p25": 0.0009479279383310191,
      "p50": 0.0030571821050356073,
      "p75": 0.006115944038854574,
      "p95": 0.008719716430346759,
      "max": 0.011859806274444013
    },
    "dlogit_learned_centered": {
      "n": 12492,
      "mean": 0.00769250830379181,
      "p05": 0.0003157473870659481,
      "p25": 0.0017771428825137257,
      "p50": 0.006158610019239546,
      "p75": 0.012865430566749379,
      "p95": 0.018784373595818145,
      "max": 0.028871517907944684
    }
  },
  "by_band": {
    "adolescent": {
      "n_rows": 693,
      "spread_std_p50": 0.011713388506798093,
      "dlogit_centered_p50": 0.004450841902424618,
      "dlogit_centered_randmax_p50": 0.004450841902424618
    },
    "child": {
      "n_rows": 3291,
      "spread_std_p50": 0.013138149036389365,
      "dlogit_centered_p50": 0.0051721519410253755,
      "dlogit_centered_randmax_p50": 0.0051721519410253755
    },
    "infant": {
      "n_rows": 5406,
      "spread_std_p50": 0.015240963296855422,
      "dlogit_centered_p50": 0.00591214591306511,
      "dlogit_centered_randmax_p50": 0.00591214591306511
    },
    "neonate": {
      "n_rows": 3102,
      "spread_std_p50": 0.018347847071837068,
      "dlogit_centered_p50": 0.006598156281994349,
      "dlogit_centered_randmax_p50": 0.006598156281994349
    }
  },
  "by_spread_quartile": {
    "Q1": {
      "spread_std_range": [
        0.0,
        0.0043206572891173745
      ],
      "n_rows": 3123,
      "dlogit_centered_p50": 0.0010400174846149565,
      "dlogit_centered_randmax_p50": 0.0010400174846149565
    },
    "Q2": {
      "spread_std_range": [
        0.0043206572891173745,
        0.015158070692302517
      ],
      "n_rows": 3123,
      "dlogit_centered_p50": 0.0030504304655249725,
      "dlogit_centered_randmax_p50": 0.0030504304655249725
    },
    "Q3": {
      "spread_std_range": [
        0.015158070692302517,
        0.0372796008497206
      ],
      "n_rows": 3123,
      "dlogit_centered_p50": 0.010065872404434663,
      "dlogit_centered_randmax_p50": 0.010065872404434663
    },
    "Q4": {
      "spread_std_range": [
        0.0372796008497206,
        0.062439308010988036
      ],
      "n_rows": 3123,
      "dlogit_centered_p50": 0.011808692643847082,
      "dlogit_centered_randmax_p50": 0.011826296526800895
    }
  }
}