tree
version=v4
num_class=1
num_tree_per_iteration=1
label_index=0
max_feature_idx=567
objective=binary sigmoid:1
feature_names=Column_0 Column_1 Column_2 Column_3 Column_4 Column_5 Column_6 Column_7 Column_8 Column_9 Column_10 Column_11 Column_12 Column_13 Column_14 Column_15 Column_16 Column_17 Column_18 Column_19 Column_20 Column_21 Column_22 Column_23 Column_24 Column_25 Column_26 Column_27 Column_28 Column_29 Column_30 Column_31 Column_32 Column_33 Column_34 Column_35 Column_36 Column_37 Column_38 Column_39 Column_40 Column_41 Column_42 Column_43 Column_44 Column_45 Column_46 Column_47 Column_48 Column_49 Column_50 Column_51 Column_52 Column_53 Column_54 Column_55 Column_56 Column_57 Column_58 Column_59 Column_60 Column_61 Column_62 Column_63 Column_64 Column_65 Column_66 Column_67 Column_68 Column_69 Column_70 Column_71 Column_72 Column_73 Column_74 Column_75 Column_76 Column_77 Column_78 Column_79 Column_80 Column_81 Column_82 Column_83 Column_84 Column_85 Column_86 Column_87 Column_88 Column_89 Column_90 Column_91 Column_92 Column_93 Column_94 Column_95 Column_96 Column_97 Column_98 Column_99 Column_100 Column_101 Column_102 Column_103 Column_104 Column_105 Column_106 Column_107 Column_108 Column_109 Column_110 Column_111 Column_112 Column_113 Column_114 Column_115 Column_116 Column_117 Column_118 Column_119 Column_120 Column_121 Column_122 Column_123 Column_124 Column_125 Column_126 Column_127 Column_128 Column_129 Column_130 Column_131 Column_132 Column_133 Column_134 Column_135 Column_136 Column_137 Column_138 Column_139 Column_140 Column_141 Column_142 Column_143 Column_144 Column_145 Column_146 Column_147 Column_148 Column_149 Column_150 Column_151 Column_152 Column_153 Column_154 Column_155 Column_156 Column_157 Column_158 Column_159 Column_160 Column_161 Column_162 Column_163 Column_164 Column_165 Column_166 Column_167 Column_168 Column_169 Column_170 Column_171 Column_172 Column_173 Column_174 Column_175 Column_176 Column_177 Column_178 Column_179 Column_180 Column_181 Column_182 Column_183 Column_184 Column_185 Column_186 Column_187 Column_188 Column_189 Column_190 Column_191 Column_192 Column_193 Column_194 Column_195 Column_196 Column_197 Column_198 Column_199 Column_200 Column_201 Column_202 Column_203 Column_204 Column_205 Column_206 Column_207 Column_208 Column_209 Column_210 Column_211 Column_212 Column_213 Column_214 Column_215 Column_216 Column_217 Column_218 Column_219 Column_220 Column_221 Column_222 Column_223 Column_224 Column_225 Column_226 Column_227 Column_228 Column_229 Column_230 Column_231 Column_232 Column_233 Column_234 Column_235 Column_236 Column_237 Column_238 Column_239 Column_240 Column_241 Column_242 Column_243 Column_244 Column_245 Column_246 Column_247 Column_248 Column_249 Column_250 Column_251 Column_252 Column_253 Column_254 Column_255 Column_256 Column_257 Column_258 Column_259 Column_260 Column_261 Column_262 Column_263 Column_264 Column_265 Column_266 Column_267 Column_268 Column_269 Column_270 Column_271 Column_272 Column_273 Column_274 Column_275 Column_276 Column_277 Column_278 Column_279 Column_280 Column_281 Column_282 Column_283 Column_284 Column_285 Column_286 Column_287 Column_288 Column_289 Column_290 Column_291 Column_292 Column_293 Column_294 Column_295 Column_296 Column_297 Column_298 Column_299 Column_300 Column_301 Column_302 Column_303 Column_304 Column_305 Column_306 Column_307 Column_308 Column_309 Column_310 Column_311 Column_312 Column_313 Column_314 Column_315 Column_316 Column_317 Column_318 Column_319 Column_320 Column_321 Column_322 Column_323 Column_324 Column_325 Column_326 Column_327 Column_328 Column_329 Column_330 Column_331 Column_332 Column_333 Column_334 Column_335 Column_336 Column_337 Column_338 Column_339 Column_340 Column_341 Column_342 Column_343 Column_344 Column_345 Column_346 Column_347 Column_348 Column_349 Column_350 Column_351 Column_352 Column_353 Column_354 Column_355 Column_356 Column_357 Column_358 Column_359 Column_360 Column_361 Column_362 Column_363 Column_364 Column_365 Column_366 Column_367 Column_368 Column_369 Column_370 Column_371 Column_372 Column_373 Column_374 Column_375 Column_376 Column_377 Column_378 Column_379 Column_380 Column_381 Column_382 Column_383 Column_384 Column_385 Column_386 Column_387 Column_388 Column_389 Column_390 Column_391 Column_392 Column_393 Column_394 Column_395 Column_396 Column_397 Column_398 Column_399 Column_400 Column_401 Column_402 Column_403 Column_404 Column_405 Column_406 Column_407 Column_408 Column_409 Column_410 Column_411 Column_412 Column_413 Column_414 Column_415 Column_416 Column_417 Column_418 Column_419 Column_420 Column_421 Column_422 Column_423 Column_424 Column_425 Column_426 Column_427 Column_428 Column_429 Column_430 Column_431 Column_432 Column_433 Column_434 Column_435 Column_436 Column_437 Column_438 Column_439 Column_440 Column_441 Column_442 Column_443 Column_444 Column_445 Column_446 Column_447 Column_448 Column_449 Column_450 Column_451 Column_452 Column_453 Column_454 Column_455 Column_456 Column_457 Column_458 Column_459 Column_460 Column_461 Column_462 Column_463 Column_464 Column_465 Column_466 Column_467 Column_468 Column_469 Column_470 Column_471 Column_472 Column_473 Column_474 Column_475 Column_476 Column_477 Column_478 Column_479 Column_480 Column_481 Column_482 Column_483 Column_484 Column_485 Column_486 Column_487 Column_488 Column_489 Column_490 Column_491 Column_492 Column_493 Column_494 Column_495 Column_496 Column_497 Column_498 Column_499 Column_500 Column_501 Column_502 Column_503 Column_504 Column_505 Column_506 Column_507 Column_508 Column_509 Column_510 Column_511 Column_512 Column_513 Column_514 Column_515 Column_516 Column_517 Column_518 Column_519 Column_520 Column_521 Column_522 Column_523 Column_524 Column_525 Column_526 Column_527 Column_528 Column_529 Column_530 Column_531 Column_532 Column_533 Column_534 Column_535 Column_536 Column_537 Column_538 Column_539 Column_540 Column_541 Column_542 Column_543 Column_544 Column_545 Column_546 Column_547 Column_548 Column_549 Column_550 Column_551 Column_552 Column_553 Column_554 Column_555 Column_556 Column_557 Column_558 Column_559 Column_560 Column_561 Column_562 Column_563 Column_564 Column_565 Column_566 Column_567
feature_infos=[2.0013689994812012:17.993154525756836] [-0.7776256799697876:0.99923950433731079] none none none [0:1] [0:1] [0:1] [0:1] [0:1] [0:1] [0:1] [0:1] [0:1] [0:1] [0:1] [0:1] [0:1] [0:1] [0:1] [0:1] [0:1] [0:1] [0:1] [0:1] [0:1] [0:1] [0:1] [0:1] [0:1] [0:1] [0:1] [0:1] [0:1] [0:1] [0:1] [0:1] [0:1] [0:1] [0:1] [0:1] [0:1] [0:1] [0:1] [0:1] [0:1] [0:1] [0:1] [0:1] [0:1] [0:1] [0:1] [0:1] [0:1] [0:1] [0:1] [0:1] [0:1] [0:1] [0:1] [0:1] [0:1] [0:1] [0:1] [0:1] [0:1] [0:1] [0:1] [0:1] [0:1] [0:1] [0:1] [0:1] [0:1] [0:1] [0:1] [0:1] [0:1] [0:1] [0:1] [0:1] [0:1] [0:1] [0:1] [0:1] [0:1] [0:1] [0:1] [0:1] [0:1] [0:1] [0:1] [0:1] [0:1] [0:1] [0:1] [0:1] [0:1] [0:1] [0:1] [0:1] [0:1] [0:1] [0:1] [0:1] [0:1] [0:1] [0:1] [0:1] none none none none [0:1] [0:1] none [0:1] none [0:1] none none [0:1] none none none none [0:1] [0:1] [0:1] [0:1] [0:1] none [0:1] [0:1] [0:1] [0:1] none [0:1] [0:1] [0:1] [0:1] [0:1] [0:1] [0:1] [0:1] [0:1] [0:1] [0:1] [0:1] [0:1] [0:1] [0:1] [0:1] [0:1] [0:1] [0:1] [0:1] none none none none none none none none none none [0:1] [0:1] none none none none none [0:1] [0:1] [0:1] [0:1] [0:1] [0:1] [0:1] [0:1] [0:1] [0:1] [0:1] [0:1] [0:1] [0:1] [0:1] [0:1] [0:1] [0:1] [0:1] [0:1] [0:1] [0:1] [0:1] [0:1] [0:1] [0:1] [0:1] [0:1] none none [0:1] [0:1] [0:1] none [0:1] [0:1] [0:1] [0:1] [0:1] none [0:1] none none [0:1] none [0:1] [0:1] [0:1] [0:1] [0:1] [0:1] [0:1] [0:1] [0:1] [0:1] [0:1] [0:1] [0:1] [0:1] [0:1] [0:1] [0:1] [0:1] [0:1] [0:1] [0:1] [0:1] [0:1] [0:1] [0:1] none none none none none none none none none none none none none none none none none [0:1] [0:1] [0:1] [0:1] [0:1] [0:1] [0:1] [0:1] [0:1] [0:1] none [0:1] [0:1] [0:1] [0:1] none [0:1] [0:1] none none none [0:1] [0:1] none none none none none [0:1] [0:1] [0:1] [0:1] [0:1] [0:1] [0:1] none none none [0:1] none [0:1] [0:1] [0:1] none [0:1] [0:1] [0:1] [0:1] none none [0:1] [0:1] none none none none [0:1] [0:1] none none none [0:1] none none [0:1] [0:1] none none [0:1] [0:1] none none none none none none none none none none none none none none none none none none none none none none none none none none none none none none none none none none none none none none none none none none none none none none none none none none none none none none none none none none none none none none none none none none none none none none none none none none none none none none none none none none none none none none none none none none none none none none none none none none none none none none none none none none none none none none none none none none none none none none none none none none none none none none none none none none none none none none none none none none none none none none none none none none none none none none none none none none none none none none none none none none none none none none none none none none none none none none none none none none none none none none none none none none none none none none none none none none none none none none none none none none none none none none none none none none none none none none none none none none none none none none none none none none none none none none none none none none none none none
tree_sizes=3372 3461 3445 3456 3467 3451 3464 3464 3473 3469 3464 3446 3465 3470 3485 3472 3483 3474 3480 3477 3479 3483 3460 3507 3515 3477 3512 3510 3507 3474 3491 3480

Tree=0
num_leaves=31
num_cat=0
split_feature=0 1 0 0 88 0 16 62 61 7 12 139 11 67 10 5 0 13 14 67 15 56 7 21 10 1 61 73 15 1
split_gain=356.3 56.9156 16.0142 13.299 10.8543 6.74846 5.51516 6.31679 10.4883 7.00556 6.71351 5.41346 6.63922 6.16243 4.91971 8.62412 10.9713 7.21741 5.95877 6.20502 6.7704 7.62043 8.26515 5.07025 4.85957 4.66548 4.99905 4.52796 5.80145 7.18203
threshold=9.5071868896484393 -0.51950716972351063 14.97056818008423 6.635181427001954 1.0000000180025095e-35 11.02532482147217 1.0000000180025095e-35 1.0000000180025095e-35 1.0000000180025095e-35 1.0000000180025095e-35 1.0000000180025095e-35 1.0000000180025095e-35 1.0000000180025095e-35 1.0000000180025095e-35 1.0000000180025095e-35 1.0000000180025095e-35 3.9219712018966679 1.0000000180025095e-35 1.0000000180025095e-35 1.0000000180025095e-35 1.0000000180025095e-35 1.0000000180025095e-35 1.0000000180025095e-35 1.0000000180025095e-35 1.0000000180025095e-35 0.63586583733558666 1.0000000180025095e-35 1.0000000180025095e-35 1.0000000180025095e-35 -0.60042589902877797
decision_type=2 2 2 2 2 2 2 2 2 2 2 2 2 2 2 2 2 2 2 2 2 2 2 2 2 2 2 2 2 2
left_child=1 14 5 6 24 -2 7 -3 9 10 -9 12 -10 -14 23 18 17 -17 19 -16 21 22 -21 27 -5 -7 -27 -1 -29 -30
right_child=2 3 -4 4 -6 25 -8 8 11 -11 -12 -13 13 -15 15 16 -18 -19 -20 20 -22 -23 -24 -25 -26 26 -28 28 29 -31
leaf_value=-1.0015985730333397 -1.1600343516834257 -1.0889659827663725 -1.224269808266512 -1.1087391400657505 -0.99581812059353592 -1.1974659925936211 -1.0988696347790017 -0.85997748825814924 -1.1769389637073848 -1.0501543735276906 -1.0024444929025791 -0.98495087000670489 -0.97641231597419498 -1.127276797047136 -1.005186440064942 -1.0072976106500475 -1.1226027107732302 -0.88142600915321023 -1.0160928418376234 -1.1153578770486763 -1.2012356621738769 -1.193404494899553 -0.91431374119230391 -0.93482844893274997 -1.145980608734251 -1.1854823997033213 -1.0699130109582924 -1.1281756597921178 -1.0936233758750145 -0.91313251830243092
leaf_weight=60.548893645405769 82.81763568520546 38.648229986429214 150.3600185662508 89.443046540021896 6.9934892356395713 207.04408921301365 58.708501741290092 5.889254093170166 7.7296459972858473 10.122155472636223 7.5456068068742752 4.6009797602891913 5.1530973315238953 5.7052149027585983 5.3371365219354656 13.066782519221311 5.5211757123470298 6.9934892356395713 12.330625757575033 4.600979760289194 7.5456068068742743 4.0488621890544882 3.6807838082313538 9.0179203301668149 57.604266598820686 9.7540770918130857 6.0732932835817328 7.1775284260511407 4.6009797602891931 4.2329013794660559
leaf_count=329 450 210 817 486 38 1125 319 32 42 55 41 25 28 31 29 71 30 38 67 25 41 22 20 49 313 53 33 39 25 23
internal_value=-1.13537 -1.07191 -1.19755 -1.09711 -1.11754 -1.18441 -1.07528 -1.05905 -1.03432 -0.987328 -0.939993 -1.08207 -1.1061 -1.05568 -1.02137 -1.04255 -0.997773 -0.963416 -1.07306 -1.10092 -1.12663 -1.08097 -1.026 -1.00575 -1.12333 -1.19347 -1.14114 -1.0141 -1.0614 -1.00714
internal_weight=902.896 446.847 456.049 298.143 154.041 305.689 144.103 85.3942 46.746 23.557 13.4349 23.1889 18.588 10.8583 148.704 63.1254 25.5814 20.0603 37.544 25.2134 19.8762 12.3306 8.28176 85.5782 147.047 222.871 15.8274 76.5603 16.0114 8.83388
internal_count=4906 2428 2478 1620 837 1661 783 464 254 128 73 126 101 59 808 343 139 109 204 137 108 67 45 465 799 1211 86 416 87 48
is_linear=0
shrinkage=1


Tree=1
num_leaves=31
num_cat=0
split_feature=0 1 0 0 88 0 11 25 0 167 1 101 16 97 62 61 13 10 67 0 108 6 50 1 7 6 82 12 61 73
split_gain=288.309 41.0161 14.8084 10.0847 8.02361 7.23596 4.32808 5.60281 5.11801 4.25536 6.09338 5.74119 4.04456 5.21248 6.95896 6.39804 4.15893 4.72179 3.85881 13.1888 6.89074 6.03873 8.18102 5.8668 7.52674 5.70888 4.28536 3.82981 3.81724 4.8419
threshold=9.5071868896484393 -0.51950716972351063 15.979465961456301 6.635181427001954 1.0000000180025095e-35 11.02532482147217 1.0000000180025095e-35 1.0000000180025095e-35 13.813826084136965 1.0000000180025095e-35 -0.13499125093221662 1.0000000180025095e-35 1.0000000180025095e-35 1.0000000180025095e-35 1.0000000180025095e-35 1.0000000180025095e-35 1.0000000180025095e-35 1.0000000180025095e-35 1.0000000180025095e-35 7.2210814952850351 1.0000000180025095e-35 1.0000000180025095e-35 1.0000000180025095e-35 -0.17484219372272489 1.0000000180025095e-35 1.0000000180025095e-35 1.0000000180025095e-35 1.0000000180025095e-35 1.0000000180025095e-35 1.0000000180025095e-35
decision_type=2 2 2 2 2 2 2 2 2 2 2 2 2 2 2 2 2 2 2 2 2 2 2 2 2 2 2 2 2 2
left_child=1 -1 5 12 9 -2 28 8 -8 11 -11 18 13 14 16 -16 -3 -18 19 -5 21 -21 -23 24 -20 26 -25 -17 -7 -30
right_child=2 3 -4 4 -6 6 7 -9 -10 10 -12 -13 -14 -15 15 27 17 -19 23 20 -22 22 -24 25 -26 -27 -28 -29 29 -31
leaf_value=0.096589301835030686 -0.022500178218824836 0.066951983370527768 -0.093595981332217262 -0.066917765555732728 0.11687584782344107 -0.058716277116775163 0.051869220279768646 -0.079791704652734857 -0.077553581702759875 -0.008478933203390918 0.14627035941939512 0.097845143931553843 0.032213781261564704 -0.042087258547178708 0.13556610503737671 0.028729151918479585 -0.041791284249183852 0.071805412953154207 -0.01148291816566549 0.0048587297102614529 0.17240072992078112 0.01735582481184415 0.18008548677865943 -0.01274469122961655 0.11697937161785686 -0.061675721324364198 0.098587463751753729 0.11531583699480517 0.0087857382750095876 -0.048191700245718873
leaf_weight=157.21309170126915 81.765874475240707 23.927210703492165 92.175546661019325 12.206828892230986 7.4856799542903891 93.949709191918373 6.5910504162311536 97.323353067040443 5.6960652619600296 4.82919842004776 5.3783033788204175 6.5046288073062888 59.804804131388664 4.2580010294914237 22.712757676839828 14.136057123541834 9.7969681620597822 5.8405002504587165 12.39689275622368 21.108484715223312 4.262521266937255 6.6700915992259961 5.7549166679382324 30.90071439743042 7.2156821191310874 26.831771433353424 3.8929368555545798 7.9987714141607276 23.724405005574226 40.163938000798225
leaf_count=808 450 127 525 66 38 529 37 547 32 26 29 35 319 22 115 75 52 31 67 114 23 36 31 167 39 145 21 42 133 225
internal_value=-0.000174421 0.0551227 -0.0579442 0.0336723 0.0158688 -0.0485339 -0.0564931 -0.0717584 -0.00812865 0.0107584 0.073058 0.00614173 0.0523107 0.0658654 0.0713108 0.0982791 0.0407415 0.000636398 0.00159668 0.0234529 0.0526395 0.0374164 0.0927277 -0.011856 0.0357798 -0.0270164 -0.000288136 0.0600186 -0.045892 -0.0270336
internal_weight=902.517 461.127 441.39 303.914 155.439 349.214 267.449 109.61 12.2871 147.953 10.2075 137.745 148.475 88.6703 84.4123 44.8476 39.5647 15.6375 131.241 50.0028 37.796 33.5335 12.425 81.238 19.6126 61.6254 34.7937 22.1348 157.838 63.8883
internal_count=4906 2428 2478 1620 837 1953 1503 616 69 799 55 744 783 464 442 232 210 83 709 270 204 181 67 439 106 333 188 117 887 358
is_linear=0
shrinkage=0.1


Tree=2
num_leaves=31
num_cat=0
split_feature=0 1 0 0 1 88 7 0 81 0 0 26 126 0 139 80 10 6 0 26 128 15 10 23 94 14 71 54 11 55
split_gain=234.431 30.4777 13.5275 7.80055 6.3298 6.08128 5.08722 4.43352 7.47137 4.37302 4.93067 9.76418 3.95079 3.57536 8.2561 6.76275 5.80262 5.81413 7.6241 3.70086 3.53936 3.37696 6.95356 13.2665 4.81555 7.28728 4.80597 6.86321 3.36596 3.70286
threshold=9.5071868896484393 -0.51950716972351063 15.979465961456301 6.635181427001954 0.1512662544846535 1.0000000180025095e-35 1.0000000180025095e-35 10.186173915863039 1.0000000180025095e-35 10.120465755462648 9.9206023216247576 1.0000000180025095e-35 1.0000000180025095e-35 3.4195755720138554 1.0000000180025095e-35 1.0000000180025095e-35 1.0000000180025095e-35 1.0000000180025095e-35 3.7193702459335332 1.0000000180025095e-35 1.0000000180025095e-35 1.0000000180025095e-35 1.0000000180025095e-35 1.0000000180025095e-35 1.0000000180025095e-35 1.0000000180025095e-35 1.0000000180025095e-35 1.0000000180025095e-35 1.0000000180025095e-35 1.0000000180025095e-35
decision_type=2 2 2 2 2 2 2 2 2 2 2 2 2 2 2 2 2 2 2 2 2 2 2 2 2 2 2 2 2 2
left_child=1 13 4 -3 7 12 21 9 -9 10 -2 -12 -5 15 16 20 19 -18 -19 -15 -1 22 -6 -24 25 -23 27 -27 -21 -30
right_child=2 3 -4 5 6 -7 -8 8 -10 -11 11 -13 -14 14 -16 -17 17 18 -20 28 -22 24 23 -25 -26 26 -28 -29 29 -31
leaf_value=0.03522399150509075 -0.041731147456366802 0.045830241328789191 -0.089036540366512387 0.0069002798671299994 -0.07371254174833225 0.099656457472488427 -0.066007468756993079 0.13749338812265863 -0.04154394968226105 -0.13065009015659898 0.17565226772393763 -0.028060783689433613 0.11172032149493467 0.138568613913713 0.19032075952398653 -0.012752838334924394 -0.022350768406811886 -0.019263739900465773 0.14570403883038863 0.090850330901654494 0.10704435516102627 -0.061923413395460418 0.15613754648193134 -0.03800112555251136 0.044853551679673968 0.15935430751482937 -0.027658698484858447 -0.0052936255594453648 0.073946512384024374 -0.050536310529476006
leaf_weight=7.4555927962064734 21.367775440216068 152.13658000528812 87.454135715961456 145.01622074842453 58.17792509496212 7.8779778480529776 120.94908526539803 4.8481507301330549 4.4890284538269043 3.5912227630615225 3.5912227630615217 6.8233232498168945 3.6872255206108084 8.5992613881826383 4.8513776361942282 5.5023381859064093 14.700272440910339 5.0146859288215637 6.347685307264328 15.985585436224937 86.134026199579239 35.969524905085564 3.8526901453733435 40.75067612528801 9.2080250680446607 4.1641164571046829 15.867116138339043 6.4581933319568634 5.1284794956445694 4.4743268638849258
leaf_count=37 119 783 525 779 336 38 697 27 25 20 20 38 20 42 24 27 74 25 32 78 422 208 22 235 53 24 92 37 25 22
internal_value=-0.000297758 0.0482179 -0.0539592 0.0297039 -0.0449395 0.0140354 -0.050247 -0.00987369 0.0514177 -0.0260521 -0.0142332 0.0421851 0.00949938 0.0830279 0.0648223 0.0949886 0.0547171 0.0191738 0.0728969 0.0818132 0.101323 -0.0393199 -0.0509379 -0.0212321 -0.0226579 -0.0326108 0.00719226 0.059251 0.0627399 0.015945
internal_weight=900.474 472.912 427.562 308.718 340.108 156.581 295.397 44.7107 9.33718 35.3735 31.7823 10.4145 148.703 164.194 65.1017 99.092 60.2503 26.0626 11.3624 34.1877 93.5896 174.448 102.781 44.6034 71.667 62.459 26.4894 10.6223 25.5884 9.60281
internal_count=4906 2428 2478 1620 1953 837 1704 249 52 197 177 58 799 808 322 486 298 131 57 167 459 1007 593 257 414 361 153 61 125 47
is_linear=0
shrinkage=0.1


Tree=3
num_leaves=31
num_cat=0
split_feature=0 1 0 9 137 0 0 97 0 73 6 0 91 156 128 1 26 42 113 26 101 98 0 0 7 22 139 81 5 16
split_gain=191.468 23.3079 12.5151 5.54988 6.89864 5.40284 5.30415 5.21018 5.06173 7.9641 6.69967 7.78761 4.71924 4.64911 4.23772 6.06404 4.75757 4.20371 5.03677 4.48171 6.23313 4.25177 4.01043 4.91098 3.92554 6.91047 7.87615 6.1963 3.92427 3.58596
threshold=9.5071868896484393 -0.43676325678825373 13.813826084136965 1.0000000180025095e-35 1.0000000180025095e-35 5.1238877773284921 6.635181427001954 1.0000000180025095e-35 3.4195755720138554 1.0000000180025095e-35 1.0000000180025095e-35 3.0691307783126835 1.0000000180025095e-35 1.0000000180025095e-35 1.0000000180025095e-35 -0.48695717751979822 1.0000000180025095e-35 1.0000000180025095e-35 1.0000000180025095e-35 1.0000000180025095e-35 1.0000000180025095e-35 1.0000000180025095e-35 16.880219459533695 16.661190986633304 1.0000000180025095e-35 1.0000000180025095e-35 1.0000000180025095e-35 1.0000000180025095e-35 1.0000000180025095e-35 1.0000000180025095e-35
decision_type=2 2 2 2 2 2 2 2 2 2 2 2 2 2 2 2 2 2 2 2 2 2 2 2 2 2 2 2 2 2
left_child=1 3 17 4 14 -3 7 24 9 10 11 13 -8 -5 15 16 -1 18 19 21 -21 -2 23 -4 25 26 27 28 -7 -26
right_child=2 5 22 8 -6 6 12 -9 -10 -11 -12 -13 -14 -15 -16 -17 -18 -19 -20 20 -22 -23 -24 -25 29 -27 -28 -29 -30 -31
leaf_value=0.098191222546215484 -0.00039520710323195577 -0.090578351292071688 -0.064175971024230435 0.050967907561905682 0.036158145506386727 -0.0095368920403417559 0.0095030157998628462 -0.056752353913759192 0.025125091228350233 -0.035428729777190159 0.034114922916976126 0.24084815450968899 0.11141422062734754 0.16177189370664202 0.11023143277442415 0.1230373247487907 0.022035508986502646 -0.045207064395041158 -0.092003734880589105 -0.038437848576949235 0.10032563956928875 0.086569505025001714 -0.093045665397095578 0.029438818840174009 0.044282271549534333 -0.0099822346345957297 0.2167035889421326 0.10433252088903998 0.082324245316923159 -0.021901231871430667
leaf_weight=12.461079195141791 23.843499377369884 4.1918752342462531 134.77987793087959 9.7419055700302142 29.689481467008591 11.694966182112696 152.92337381839752 5.0473170876502982 48.969036370515823 5.7157935649156562 12.322574868798254 4.6725583523511878 4.683046653866767 6.1944815516471854 54.234084337949753 15.316768139600752 24.006937608122826 135.182059019804 8.1478882879018766 45.052849993109703 3.4876926839351645 7.356430932879447 50.883444309234619 5.846855401992797 24.612414002418518 10.221759855747221 3.9098204970359793 22.207101538777351 7.7204742133617392 12.266874656081198
leaf_count=60 134 21 816 46 143 59 815 26 241 28 58 22 22 29 256 77 118 804 47 257 20 41 322 37 123 52 19 111 39 63
internal_value=-0.000389772 0.0424136 -0.0502368 0.0660973 0.0787639 0.0220299 0.0238789 0.0421884 0.0464779 0.0735336 0.0924457 0.127323 0.0125312 0.0940375 0.0906953 0.0702351 0.0480578 -0.0341382 -0.0171131 -0.00946082 -0.0284675 0.0201096 -0.0689884 -0.0602837 0.0475794 0.0643218 0.0810027 0.0682556 0.0269913 0.0222682
internal_weight=897.384 482.804 414.581 223.325 135.708 259.479 255.287 97.6807 87.6164 38.6473 32.9315 20.6089 157.606 15.9364 106.019 51.7848 36.468 223.07 87.8884 79.7405 48.5405 31.1999 191.51 140.627 92.6334 55.7541 45.5324 41.6225 19.4154 36.8793
internal_count=4906 2428 2478 1078 654 1350 1329 492 424 183 155 97 837 75 511 255 178 1303 499 452 277 175 1175 853 466 280 228 209 98 186
is_linear=0
shrinkage=0.1


Tree=4
num_leaves=31
num_cat=0
split_feature=0 0 0 0 11 25 69 0 80 139 10 14 26 61 87 73 1 16 42 8 9 6 23 44 82 1 16 55 11 14
split_gain=156.536 18.2681 11.6591 4.91218 4.19893 4.88149 4.63249 4.06212 4.89359 4.76451 4.09213 3.73565 3.71031 3.52709 4.59834 4.14451 5.64549 4.23955 3.84186 3.76179 3.7254 3.71039 3.44996 3.41739 3.41608 5.75639 4.88157 7.25542 5.30961 5.1626
threshold=9.5071868896484393 5.3483915328979501 15.979465961456301 11.02532482147217 1.0000000180025095e-35 1.0000000180025095e-35 1.0000000180025095e-35 3.4195755720138554 1.0000000180025095e-35 1.0000000180025095e-35 1.0000000180025095e-35 1.0000000180025095e-35 1.0000000180025095e-35 1.0000000180025095e-35 1.0000000180025095e-35 1.0000000180025095e-35 0.63586583733558666 1.0000000180025095e-35 1.0000000180025095e-35 1.0000000180025095e-35 1.0000000180025095e-35 1.0000000180025095e-35 1.0000000180025095e-35 1.0000000180025095e-35 1.0000000180025095e-35 -0.011027454398572443 1.0000000180025095e-35 1.0000000180025095e-35 1.0000000180025095e-35 1.0000000180025095e-35
decision_type=2 2 2 2 2 2 2 2 2 2 2 2 2 2 2 2 2 2 2 2 2 2 2 2 2 2 2 2 2 2
left_child=1 7 3 -2 13 6 -6 8 -1 10 -9 -11 -7 14 -5 16 20 18 -17 -16 -15 -20 -4 -3 -25 26 27 -26 -28 -29
right_child=2 23 22 4 5 12 -8 9 -10 11 -12 -13 -14 15 19 17 -18 -19 21 -21 -22 -23 -24 24 25 -27 28 29 -30 -31
leaf_value=0.07633987800297061 -0.016541055262095278 0.10937510387921641 -0.031916139623484829 -0.056613746518539149 0.06364305574082893 -0.048164615705896488 -0.062005350391263883 0.054911632533742996 -0.019252817853819423 0.056131437474808116 0.019128206354900007 0.16715695707796108 -0.089327296859524022 -0.052988716176974128 0.062813500404264519 -0.063973432103147931 0.10528513187067956 -0.078097327014134493 0.065150904309652771 -0.050933247834337697 0.040966564316698845 -0.039201921678851608 -0.08993287997812556 0.010684302949851366 -0.028024703954848171 0.1476422341354536 -0.052724545209784437 0.15122624109365954 0.068774214347727874 0.033997888023422289
leaf_weight=100.49609795212746 78.776352062821388 4.0102399885654441 12.097684219479559 73.971764534711838 5.7438978552818281 42.842903897166252 5.998729795217514 75.975771486759186 5.6566682010889044 6.8924155682325345 55.16168400645256 5.4087055623531342 44.792238190770149 9.3527646362781578 6.3599779158830625 8.0360914766788483 5.5810550004243842 14.665331006050108 8.3650103211402875 5.3559759557247162 7.6901420503854743 5.7490626126527795 67.094587683677673 194.88331782817841 6.5194050520658502 4.5978300273418418 10.824434071779253 8.2938727885484678 5.3867741078138343 6.8670843839645395
leaf_count=459 450 20 80 457 34 267 35 366 27 32 271 25 280 55 39 49 33 90 51 33 45 35 445 1010 34 24 56 42 28 34
internal_value=-0.00045069 0.0374469 -0.0466816 -0.0382577 -0.0452545 -0.0610909 -0.000544523 0.0564164 0.0712459 0.0454416 0.0398597 0.104948 -0.0692038 -0.0344104 -0.0473945 -0.0156925 0.017992 -0.0363924 -0.00878019 0.0108139 -0.010594 0.022645 -0.08107 0.0178323 0.0162858 0.0419776 0.0291561 0.0601933 -0.0123521 0.0981282
internal_weight=893.448 490.974 402.474 323.281 244.505 99.3778 11.7426 249.591 106.153 143.439 131.137 12.3011 87.6351 145.127 85.6877 59.4395 22.624 36.8155 22.1502 11.716 17.0429 14.1141 79.1923 241.383 237.373 42.4894 37.8916 21.6804 16.2112 15.161
internal_count=4906 2428 2478 1953 1503 616 69 1180 486 694 637 57 547 887 529 358 133 225 135 72 100 86 525 1248 1228 218 194 110 84 76
is_linear=0
shrinkage=0.1


Tree=5
num_leaves=31
num_cat=0
split_feature=1 0 0 0 108 11 7 67 57 0 8 33 13 67 9 6 16 11 0 167 0 0 0 13 54 151 23 34 0 44
split_gain=128.74 19.1728 8.11231 5.31414 5.09372 6.72165 4.79341 4.24182 3.80084 5.39512 6.12407 7.26097 5.85211 5.84106 4.9277 9.80866 5.56386 3.57554 3.26096 5.31028 4.70386 5.12968 4.43601 3.71038 3.36097 3.2221 3.20857 3.16174 4.59787 7.26602
threshold=0.1512662544846535 6.635181427001954 15.979465961456301 3.9219712018966679 1.0000000180025095e-35 1.0000000180025095e-35 1.0000000180025095e-35 1.0000000180025095e-35 1.0000000180025095e-35 9.7262148857116717 1.0000000180025095e-35 1.0000000180025095e-35 1.0000000180025095e-35 1.0000000180025095e-35 1.0000000180025095e-35 1.0000000180025095e-35 1.0000000180025095e-35 1.0000000180025095e-35 9.9206023216247576 1.0000000180025095e-35 10.035592079162599 10.186173915863039 9.5838465690612811 1.0000000180025095e-35 1.0000000180025095e-35 1.0000000180025095e-35 1.0000000180025095e-35 1.0000000180025095e-35 12.992471218109133 1.0000000180025095e-35
decision_type=2 2 2 2 2 2 2 2 2 2 2 2 2 2 2 2 2 2 2 2 2 2 2 2 2 2 2 2 2 2
left_child=1 3 6 25 8 7 27 -6 9 10 11 12 13 -3 15 -12 -16 -13 19 22 -20 -22 24 -24 -10 -1 -4 28 29 -2
right_child=2 4 26 -5 5 -7 -8 -9 18 -11 14 17 -14 -15 16 -17 -18 -19 20 -21 21 -23 23 -25 -26 -27 -28 -29 -30 -31
leaf_value=0.05577743440349741 0.1465016102546062 0.19067973530193863 -0.029343326794200004 0.033543458735918512 0.17733231712380401 -0.019425584191336664 -0.056035727980723517 0.05063028343344738 -0.06518991743495782 -0.068026813710538717 0.16668288646678636 -0.070409410613730891 -0.017121069291923668 0.04302860119721947 0.080858348027055757 0.0014336109762926393 -0.082444823447860804 0.01468470104735984 0.11303667470660246 0.072643364974703459 -0.085258985607383764 0.052539227029844954 -0.128795672595412 -0.0088211083193553644 -0.0069395446734419469 0.13044395769928174 -0.086026961914981021 -0.057042998891488061 -0.036473368184819797 -0.0079833727500428914
leaf_weight=141.58303338289261 3.2674143761396399 3.9474664181470862 11.855733439326285 190.36310595273972 4.7464098632335681 6.9622467607259741 110.47812786698341 5.9605360329151154 11.544734835624693 6.4887227267026892 9.2477758228778821 12.694082230329514 8.5911650061607361 8.3397375494241714 4.6165502369403839 5.8731599897146234 3.8067034333944321 8.0815877318382263 4.8995495289564159 6.1602205336093894 4.6121395081281644 6.5211533606052399 6.7634079307317716 4.1652472466230392 69.751527920365334 6.0254115462303153 63.324441120028496 32.225238814949989 81.623320758342743 44.637504458427429
leaf_count=640 19 20 80 924 24 37 697 32 61 37 48 68 46 43 24 31 20 43 27 31 27 36 39 24 368 27 445 201 517 270
internal_value=-0.000493641 0.0299777 -0.0480099 0.0445853 0.00575008 0.0570615 -0.0399796 0.106798 0.000878474 0.0189331 0.0275876 0.00454583 0.0461942 0.090464 0.0683527 0.102498 0.00705709 -0.0373084 -0.0104334 -0.0172484 0.0313867 -0.00454582 -0.0232528 -0.0830697 -0.0152116 0.0588253 -0.0770881 -0.0290132 -0.0220396 0.00255347
internal_weight=889.157 541.746 347.412 337.972 203.774 17.6692 272.232 10.7069 186.105 71.687 65.1982 41.654 20.8784 12.2872 23.5442 15.1209 8.42325 20.7757 114.418 98.3851 16.0328 11.1333 92.2249 10.9287 81.2963 147.608 75.1802 161.753 129.528 47.9049
internal_count=4906 2677 2229 1591 1086 93 1704 56 993 380 343 220 109 63 123 79 44 111 613 523 90 63 492 63 429 667 525 1007 806 289
is_linear=0
shrinkage=0.1


Tree=6
num_leaves=31
num_cat=0
split_feature=0 0 0 7 224 0 108 11 80 57 0 0 8 33 13 47 34 0 8 67 99 15 70 16 10 11 53 0 11 0
split_gain=106.015 14.8784 7.53279 4.88316 4.85023 5.05001 3.97008 5.08394 3.43141 3.12495 4.15774 4.99823 4.95461 3.0995 4.17068 4.17453 3.05456 4.58061 7.35615 5.08231 3.87012 4.112 3.23921 3.19466 3.06572 5.37851 5.14586 3.66234 3.04722 2.98243
threshold=10.310746192932131 6.635181427001954 15.979465961456301 1.0000000180025095e-35 1.0000000180025095e-35 3.4195755720138554 1.0000000180025095e-35 1.0000000180025095e-35 1.0000000180025095e-35 1.0000000180025095e-35 9.7262148857116717 9.0047912597656268 1.0000000180025095e-35 1.0000000180025095e-35 1.0000000180025095e-35 1.0000000180025095e-35 1.0000000180025095e-35 12.992471218109133 1.0000000180025095e-35 1.0000000180025095e-35 1.0000000180025095e-35 1.0000000180025095e-35 1.0000000180025095e-35 1.0000000180025095e-35 1.0000000180025095e-35 1.0000000180025095e-35 1.0000000180025095e-35 14.800821304321291 1.0000000180025095e-35 10.186173915863039
decision_type=2 2 2 2 2 2 2 2 2 2 2 2 2 2 2 2 2 2 2 2 2 2 2 2 2 2 2 2 2 2
left_child=1 4 3 16 5 8 9 -8 -1 10 11 12 13 14 15 -3 17 18 20 22 21 23 -20 -2 -19 26 -26 -28 -15 -11
right_child=2 6 -4 -5 -6 -7 7 -9 -10 29 -12 -13 -14 28 -16 -17 -18 24 19 -21 -22 -23 -24 -25 25 -27 27 -29 -30 -31
leaf_value=0.062844758803414766 -0.019950487400120887 0.0012842732909220335 -0.073248466999561987 -0.053147978385857664 -0.061271627288812892 0.032504420771037303 0.091455475659461521 -0.017661100152727031 -0.018037231530794666 -0.012988727616019591 -0.062034169037593005 0.097941331449854729 0.05207190649554129 -0.065828496770619013 -0.038436047602725155 0.13316101352662565 -0.053649110391862126 -0.051147037788539268 0.077627268542578176 -0.095589447668212368 -0.026529277667068942 0.10106370762066692 -0.050441025917991669 0.082403147295876583 0.095270340936470119 -0.059822112122708521 0.027503382989028546 -0.073378624216135432 0.013115626847860088 0.070778986737138075
leaf_weight=102.49027422070503 8.4137150943279284 4.8834045678377134 71.42184542119503 107.89034807682037 4.7144342809915534 230.62043197453022 11.213372543454172 6.895704209804534 5.5282003581523886 107.04736888408661 6.0845313519239417 8.0978426188230497 21.527728691697121 12.243728816509247 6.3323417156934729 4.7206779420375824 31.301153838634491 44.319427371025085 3.8931336402893075 9.615166187286377 7.9068927317857733 10.473166257143021 4.0083423554897308 4.7829376459121713 6.3549294024705896 14.045283928513525 9.1932820528745633 5.9132450073957452 8.1402899175882339 4.4260100275278083
leaf_count=448 51 24 525 703 22 1095 56 37 26 577 36 42 109 68 34 23 202 290 23 58 47 62 25 29 40 91 58 38 43 24
internal_value=-0.000528695 0.0267982 -0.0443896 -0.036702 0.0394596 0.040862 0.00523539 0.0499053 0.0587054 0.000827145 0.0170612 0.0243589 0.0140585 -0.00847263 0.0245658 0.0661054 -0.0256274 -0.0188239 0.0052122 -0.0467601 0.0340429 0.0542771 0.0126595 0.0171461 -0.0336061 -0.0117116 0.0197739 -0.0119855 -0.0343024 -0.00966276
internal_weight=884.499 544.966 339.533 268.111 343.353 338.639 201.613 18.1091 108.018 183.504 72.0305 65.946 57.8482 36.3204 15.9364 9.60408 160.221 128.92 49.0934 17.5166 31.5767 23.6698 7.90148 13.1967 79.8262 35.5067 21.4615 15.1065 20.384 111.473
internal_count=4906 2664 2242 1717 1591 1569 1073 93 474 980 379 343 301 192 81 47 1014 812 295 106 189 142 48 80 517 227 136 96 111 601
is_linear=0
shrinkage=0.1


Tree=7
num_leaves=31
num_cat=0
split_feature=1 0 0 7 5 80 10 13 23 15 10 23 94 14 71 54 42 11 0 133 26 62 0 128 6 55 64 5 99 0
split_gain=87.4136 12.1456 6.73103 3.61206 3.41067 6.28119 6.22603 3.56575 3.14768 2.90804 6.23045 10.1982 3.69712 6.68273 3.91175 5.24565 3.14106 2.71561 11.4731 4.5264 4.80643 4.23976 4.0142 2.98813 9.0772 2.96946 2.6911 2.81474 3.14955 2.56439
threshold=0.1512662544846535 5.3483915328979501 15.979465961456301 1.0000000180025095e-35 1.0000000180025095e-35 1.0000000180025095e-35 1.0000000180025095e-35 1.0000000180025095e-35 1.0000000180025095e-35 1.0000000180025095e-35 1.0000000180025095e-35 1.0000000180025095e-35 1.0000000180025095e-35 1.0000000180025095e-35 1.0000000180025095e-35 1.0000000180025095e-35 1.0000000180025095e-35 1.0000000180025095e-35 4.507871389389039 1.0000000180025095e-35 1.0000000180025095e-35 1.0000000180025095e-35 4.1437373161315927 1.0000000180025095e-35 1.0000000180025095e-35 1.0000000180025095e-35 1.0000000180025095e-35 1.0000000180025095e-35 1.0000000180025095e-35 16.880219459533695
decision_type=2 2 2 2 2 2 2 2 2 2 2 2 2 2 2 2 2 2 2 2 2 2 2 2 2 2 2 2 2 2
left_child=1 4 3 9 5 6 17 -6 29 10 -2 -12 13 -11 15 -15 -16 18 22 20 -19 -22 23 -1 -25 -21 27 -13 -29 -4
right_child=2 -3 8 -5 7 -7 -8 -9 -10 12 11 26 -14 14 16 -17 -18 19 -20 25 21 -23 -24 24 -26 -27 -28 28 -30 -31
leaf_value=0.033976429697042246 -0.059545490806550007 0.0096219526586930806 0.038578485910525075 -0.04865869824020861 0.038411803576329978 -0.046403059690748663 0.011734174289491542 0.075061813470291061 -0.079008050810014496 -0.048154527204074989 0.14527553873943053 -0.057940903775075561 0.051354628797805051 0.1541199026410881 -0.069964009988493059 0.008380174907426912 0.025755653773178084 0.088421788491583636 -0.018199148646033704 0.043774716321547356 0.031670026311139722 -0.073839692598667891 0.19321815056897107 0.18362311432807799 0.038754001148391837 0.13153813665380015 0.041537738602036772 -0.028544871374825143 0.086661511950767836 -0.059736648517370684
leaf_weight=6.9746880829334321 50.506297364830971 289.81021183729172 4.3955272734165174 103.25036484003067 68.962047755718231 10.172097057104109 63.193629786372185 43.160407826304436 56.842445388436317 31.797092914581299 3.9711716771125785 19.547122910618782 8.9266255199909192 4.2154717445373535 5.6972019076347342 5.9634930789470673 8.6082004755735397 4.9567297548055658 10.236510083079336 11.938434705138208 7.106809750199317 8.2061977535486221 4.3826689869165412 8.6887926310300827 8.612112283706665 5.6939468681812277 5.4310701340436927 8.3757421970367449 3.311063438653945 6.6924107670783997
leaf_count=31 336 1497 31 697 308 48 289 192 445 208 22 125 53 24 38 37 54 22 48 52 32 38 20 37 37 26 35 54 21 49
internal_value=-0.000548486 0.0237321 -0.0414765 -0.0341433 0.0393231 0.0294694 0.0349825 0.0525199 -0.0695009 -0.0245577 -0.0360933 -0.00694485 -0.00843418 -0.0179171 0.0213513 0.0687362 -0.0123652 0.0541128 0.0726758 0.0350636 0.00283243 -0.0248723 0.105136 0.0892333 0.11151 0.0721158 -0.0234318 -0.0347289 0.00409498 -0.0207621
internal_weight=879.627 552.095 327.531 259.601 262.285 150.163 139.991 112.122 67.9304 156.351 91.1425 40.6362 65.2081 56.2815 24.4844 10.179 14.3054 76.7969 38.8948 37.9021 20.2697 15.313 28.6583 24.2756 17.3009 17.6324 36.665 31.2339 11.6868 11.0879
internal_count=4906 2677 2229 1704 1180 680 632 500 525 1007 593 257 414 361 153 61 92 343 173 170 92 70 125 105 74 78 235 200 75 80
is_linear=0
shrinkage=0.1


Tree=8
num_leaves=31
num_cat=0
split_feature=0 0 0 224 7 0 113 88 101 15 12 151 9 81 0 137 10 11 16 67 46 0 167 26 12 79 14 1 0 52
split_gain=72.1534 9.94624 6.17867 3.79078 3.71557 3.48122 4.64387 3.32498 4.27649 5.59097 3.61978 3.13539 3.17981 6.78916 5.14486 4.97724 4.80423 4.4917 4.26215 3.20997 2.96398 2.82009 3.54485 3.11778 2.97663 4.16034 3.9485 2.96084 2.81969 3.04954
threshold=10.310746192932131 6.635181427001954 15.979465961456301 1.0000000180025095e-35 1.0000000180025095e-35 3.9219712018966679 1.0000000180025095e-35 1.0000000180025095e-35 1.0000000180025095e-35 1.0000000180025095e-35 1.0000000180025095e-35 1.0000000180025095e-35 1.0000000180025095e-35 1.0000000180025095e-35 3.7193702459335332 1.0000000180025095e-35 1.0000000180025095e-35 1.0000000180025095e-35 1.0000000180025095e-35 1.0000000180025095e-35 1.0000000180025095e-35 10.260096073150637 1.0000000180025095e-35 1.0000000180025095e-35 1.0000000180025095e-35 1.0000000180025095e-35 1.0000000180025095e-35 0.1041143834590912 10.788501262664797 1.0000000180025095e-35
decision_type=2 2 2 2 2 2 2 2 2 2 2 2 2 2 2 2 2 2 2 2 2 2 2 2 2 2 2 2 2 2
left_child=1 3 4 5 -2 6 11 8 21 -10 -9 12 14 17 15 -1 18 -14 -15 -17 -4 22 23 27 25 26 -25 -3 -6 -30
right_child=2 7 20 -5 28 -7 -8 10 9 -11 -12 -13 13 16 -16 19 -18 -19 -20 -21 -22 -23 -24 24 -26 -27 -28 -29 29 -31
leaf_value=0.054233950200003683 -0.021588863875608096 0.0026076267782258588 0.023251297560234838 -0.0582658815524855 -0.101292931869578 0.023885619325837465 0.13831481965689646 0.0076364922318178808 -0.020678124996591954 0.13112066605086781 0.12938319939454548 0.11065569220201373 0.015423540125514543 0.14335268904503951 0.12713252449615986 0.052639539368397541 0.0025779454797775574 -0.067408341385784873 0.032753735780895604 -0.041220860288935041 -0.071041457353647988 0.083843719265937963 0.049069136321398567 -0.071526175510161549 0.0010590449819544987 0.034545241749121748 -0.015220743246308394 0.086307935904444869 -0.018338195315680716 -0.055580762062096604
leaf_weight=64.236077636480331 155.122459679842 64.871367067098618 3.5258386582136145 4.6429238617420188 8.5146748274564725 195.42669600248337 5.0568423122167578 5.6771786212921125 4.3040245026350004 5.5616103857755661 4.2856746017932892 6.1605966836214057 17.769234359264374 7.8996346145868301 7.750846564769744 5.6257282644510243 9.4882844239473343 10.365475401282312 6.2341852337121964 10.341739803552628 61.152807980775833 3.6897832602262488 11.566481620073317 26.206351846456528 40.743395283818245 7.6233535856008521 23.73453426361084 4.5208320319652548 35.878026708960533 56.784911811351776
leaf_count=276 1014 345 27 22 54 916 22 26 22 28 20 26 77 34 34 24 42 46 27 45 498 20 57 143 219 40 129 24 248 401
internal_value=-0.000558766 0.0213064 -0.0382826 0.0314929 -0.0313128 0.0326961 0.0441041 0.00367464 0.000763978 0.0648963 0.0600077 0.0408382 0.0377596 0.0180929 0.0493324 0.0418138 0.0576192 -0.0150936 0.0945694 -0.00815155 -0.0659013 -0.00269426 -0.00447544 -0.00816849 -0.0196241 -0.0342634 -0.0447669 0.00806062 -0.0462213 -0.0411609
internal_weight=874.762 553.783 320.979 350.998 256.3 346.355 150.929 202.785 192.822 9.86563 9.96285 145.872 139.711 51.7568 87.9544 80.2035 23.6221 28.1347 14.1338 15.9675 64.6786 182.956 179.266 167.7 98.3076 57.5642 49.9409 69.3922 101.178 92.6629
internal_count=4906 2664 2242 1591 1717 1569 653 1073 1027 50 46 631 605 226 379 345 103 123 61 69 525 977 957 900 531 312 272 369 703 649
is_linear=0
shrinkage=0.1


Tree=9
num_leaves=31
num_cat=0
split_feature=0 0 1 1 53 61 0 139 18 190 100 54 35 12 178 101 142 16 73 21 7 93 15 73 1 51 54 67 101 7
split_gain=59.9482 7.08148 5.9012 4.61824 5.94142 8.4225 4.57026 4.16159 3.61479 3.24073 2.88084 5.90481 2.95204 3.02583 4.92985 3.84789 2.74784 2.74116 3.16776 2.40001 3.43852 3.48061 3.36931 4.25276 3.66941 3.8648 3.0178 2.7599 2.38411 14.7267
threshold=9.5071868896484393 14.97056818008423 -0.51950716972351063 0.63586583733558666 1.0000000180025095e-35 1.0000000180025095e-35 13.813826084136965 1.0000000180025095e-35 1.0000000180025095e-35 1.0000000180025095e-35 1.0000000180025095e-35 1.0000000180025095e-35 1.0000000180025095e-35 1.0000000180025095e-35 1.0000000180025095e-35 1.0000000180025095e-35 1.0000000180025095e-35 1.0000000180025095e-35 1.0000000180025095e-35 1.0000000180025095e-35 1.0000000180025095e-35 1.0000000180025095e-35 1.0000000180025095e-35 1.0000000180025095e-35 0.12160620465874673 1.0000000180025095e-35 1.0000000180025095e-35 1.0000000180025095e-35 1.0000000180025095e-35 1.0000000180025095e-35
decision_type=2 2 2 2 2 2 2 2 2 2 2 2 2 2 2 2 2 2 2 2 2 2 2 2 2 2 2 2 2 2
left_child=2 3 -1 6 -5 -6 10 17 9 -3 12 -12 13 14 -2 19 28 -8 -19 20 22 -22 24 -24 -15 -26 -21 -27 -4 -30
right_child=1 8 16 4 5 -7 7 -9 -10 -11 11 -13 -14 15 -16 -17 -18 18 -20 26 21 -23 23 -25 25 27 -28 -29 29 -31
leaf_value=0.035398549763770798 -0.032192203793334227 0.08522409424044701 0.012320821275668463 -0.069872740346601445 -0.0031978644136114198 0.1936367507201 -0.094605318482382073 0.031479720968846978 -0.05926608955838001 -0.055862601569545214 -0.065071253498920151 0.10380584388945718 -0.04570383510533424 0.073830285826499475 0.08461228885857959 0.10503642693786222 -0.067447663776301223 0.0053052158212856049 -0.089421924964703178 0.11024301331900416 -0.075784094651603004 0.043321307646669763 -0.013111969303512095 0.11314752318073081 -0.088615530430501521 0.076188419865596393 -0.0075805165749942257 -0.045839072062081841 0.15408788998997139 -0.046890306216650308
leaf_weight=186.94716396927834 87.811842828989029 3.3996591344475737 309.74820747971535 3.75215211510658 5.1337855756282806 3.7705045938491821 19.408298194408417 4.578202247619628 95.977221436798573 3.1242092400789261 3.4507313817739469 5.1761564910411835 43.578824549913406 3.4507092088460949 3.7684593647718421 3.4036716371774665 4.1769788414239875 7.9243685007095319 6.366419330239296 3.8047545254230482 12.390673235058783 3.0593321323394767 5.2600495964288729 5.4130859524011612 7.9743212163448316 3.5013024508953094 5.0712935030460358 3.938105970621109 7.2987740486860258 7.284946545958519
leaf_count=808 558 25 1530 25 37 24 139 32 769 23 23 32 303 20 23 20 21 56 45 24 81 22 32 33 50 23 32 27 34 35
internal_value=-0.000554565 -0.0322092 0.0212149 -0.0231948 0.035675 0.0801514 -0.026308 -0.0579786 -0.05437 0.0176592 -0.0202784 0.0362555 -0.022813 -0.0161111 -0.0273858 0.00191903 0.0131433 -0.070132 -0.0368949 -0.00459701 -0.0139731 -0.0521994 0.00602167 0.050923 -0.0193826 -0.0402504 0.042925 0.0115923 0.0141812 0.0536941
internal_weight=869.944 354.488 515.456 251.987 12.6564 8.90429 239.331 38.2773 102.501 6.52387 201.053 8.62689 192.426 148.848 91.5803 57.2673 328.509 33.6991 14.2908 53.8636 44.9876 15.45 29.5376 10.6731 18.8644 15.4137 8.87605 7.43941 324.332 14.5837
internal_count=4906 2478 2428 1661 86 61 1575 272 817 48 1303 55 1248 945 581 364 1620 240 101 344 288 103 185 65 120 100 56 50 1599 69
is_linear=0
shrinkage=0.1


Tree=10
num_leaves=31
num_cat=0
split_feature=0 0 144 1 0 0 9 61 101 0 0 1 64 13 6 67 16 0 178 87 67 10 55 7 87 80 68 86 267 71
split_gain=49.3193 6.4082 5.29051 4.71276 3.54137 4.08522 2.86212 2.74331 5.66809 3.54713 3.84434 3.89597 5.74887 3.77305 4.15946 3.76253 4.67119 3.2234 3.15554 3.28317 3.40961 5.05388 3.2198 3.14379 4.05652 5.73263 2.58381 3.1827 2.56548 3.25031
threshold=9.5071868896484393 16.880219459533695 1.0000000180025095e-35 -0.51950716972351063 16.661190986633304 15.979465961456301 1.0000000180025095e-35 1.0000000180025095e-35 1.0000000180025095e-35 9.7960300445556658 10.444900512695314 0.63586583733558666 1.0000000180025095e-35 1.0000000180025095e-35 1.0000000180025095e-35 1.0000000180025095e-35 1.0000000180025095e-35 15.368925571441652 1.0000000180025095e-35 1.0000000180025095e-35 1.0000000180025095e-35 1.0000000180025095e-35 1.0000000180025095e-35 1.0000000180025095e-35 1.0000000180025095e-35 1.0000000180025095e-35 1.0000000180025095e-35 1.0000000180025095e-35 1.0000000180025095e-35 1.0000000180025095e-35
decision_type=2 2 2 2 2 2 2 2 2 2 2 2 2 2 2 2 2 2 2 2 2 2 2 2 2 2 2 2 2 2
left_child=3 2 4 -1 5 7 -7 18 9 -9 15 23 13 14 17 -11 -17 -13 19 28 21 -21 -22 24 25 -12 27 -25 29 -2
right_child=1 -3 -4 -5 -6 6 -8 8 -10 10 11 12 -14 -15 -16 16 -18 -19 -20 20 22 -23 -24 26 -26 -27 -28 -29 -30 -31
leaf_value=0.031568059251960066 -0.02788351358152312 -0.069867158487456379 0.10892325898898313 0.011753233166891039 0.062008084909810246 -0.1061651454790815 -0.027256462853212517 -0.0929943105508797 0.11707216768269801 -0.03490375847488808 -0.016197372932553643 0.010791876460895074 0.11767881960817279 -0.08173316420873071 -0.052625697274451946 0.12832366093113048 -0.011150589835745024 0.15132548760851638 0.05612769330783373 -0.013488535050039422 -0.098628395151115184 0.14805470944073998 0.019867525219517262 -0.056653905799687591 -0.091029019880946055 0.10538817961969729 -0.098542212335067367 0.039980347040447423 0.052729880847571367 -0.058616429514339666
leaf_weight=188.57611361145973 72.619224324822426 35.723257273435593 2.9156669825315467 330.22261582314968 4.4636783450841895 10.876587085425856 7.9610846787691107 5.8427007794380179 3.2384337484836569 5.2023102343082401 38.167457893490791 3.6829153746366519 4.5483627617359152 5.0019736289978018 4.3734309375286102 5.7595887631177902 4.1181996911764145 2.9310532063245773 3.8533080220222464 4.6573467403650293 4.3139360994100571 3.3151514083147049 4.8951377049088478 15.628837309777738 6.1033758372068396 4.3163853734731665 9.6718196272850054 4.3588090240955344 2.8913972750306121 65.407946608960629
leaf_count=808 479 322 17 1620 36 95 70 35 19 30 254 24 30 35 31 32 23 21 25 33 30 22 33 111 40 27 72 31 21 480
internal_value=-0.000560983 -0.0297538 -0.0251478 0.0189556 -0.0264162 -0.0277156 -0.0728171 -0.0247335 -0.0134711 -0.0170027 -0.0131034 -0.0202825 0.0184807 -0.0097373 0.0230386 0.0339249 0.0701747 0.0730709 -0.0332833 -0.0354624 0.00580742 0.0536849 -0.0356412 -0.0304569 -0.0147961 -0.0038442 -0.056112 -0.0355804 -0.0404943 -0.0424471
internal_weight=865.638 346.839 311.116 518.799 308.2 303.737 18.8377 284.899 122.946 119.707 113.865 98.7844 20.5377 15.9894 10.9874 15.0801 9.87779 6.61397 161.953 158.1 17.1816 7.9725 9.20907 78.2467 48.5872 42.4838 29.6595 19.9876 140.919 138.027
internal_count=4906 2478 2156 2428 2139 2103 165 1938 815 796 761 676 141 111 76 85 55 45 1123 1098 118 55 63 535 321 281 214 142 980 959
is_linear=0
shrinkage=0.1


Tree=11
num_leaves=31
num_cat=0
split_feature=1 0 0 0 0 11 26 23 21 13 108 11 224 63 84 5 19 0 0 13 0 81 67 9 167 57 0 0 8 9
split_gain=40.6526 6.04441 4.93254 4.29918 3.4162 3.21927 3.29412 4.68696 4.05927 3.5918 3.14673 3.76358 3.06494 2.8644 2.95859 2.78429 2.87942 3.17502 3.39454 4.07385 4.60491 4.22683 2.75852 2.75187 2.71822 2.31802 3.37291 3.70896 3.6231 2.80252
threshold=0.1512662544846535 6.635181427001954 16.880219459533695 16.661190986633304 15.979465961456301 1.0000000180025095e-35 1.0000000180025095e-35 1.0000000180025095e-35 1.0000000180025095e-35 1.0000000180025095e-35 1.0000000180025095e-35 1.0000000180025095e-35 1.0000000180025095e-35 1.0000000180025095e-35 1.0000000180025095e-35 1.0000000180025095e-35 1.0000000180025095e-35 3.5961669683456425 3.1772758960723881 1.0000000180025095e-35 2.8350445032119755 1.0000000180025095e-35 1.0000000180025095e-35 1.0000000180025095e-35 1.0000000180025095e-35 1.0000000180025095e-35 9.7262148857116717 9.0047912597656268 1.0000000180025095e-35 1.0000000180025095e-35
decision_type=2 2 2 2 2 2 2 2 2 2 2 2 2 2 2 2 2 2 2 2 2 2 2 2 2 2 2 2 2 2
left_child=1 12 3 4 5 -2 8 -8 13 -10 25 22 15 14 -7 -1 17 18 19 20 -17 -21 -12 -6 -19 26 27 28 -3 -30
right_child=2 10 -4 -5 23 6 7 -9 9 -11 11 -13 -14 -15 -16 16 -18 24 -20 21 -22 -23 -24 -25 -26 -27 -28 -29 29 -31
leaf_value=0.016584665345789507 -0.015031474446103629 -0.010454240300357839 -0.066462960526338807 0.067507732614969812 -0.104009872779456 -0.017075084512118206 0.05868659312620466 -0.06639753699671265 0.10639918897527521 -0.031805537530142397 0.12843341957939697 -0.017973994377356365 -0.057837274008089613 -0.11953088941358225 -0.12127554377964773 0.041988633979581136 0.11362572497496899 0.016315836256009717 0.095858672886466878 0.029057138640450647 -0.048483593869764044 0.13106026399329593 0.031036932485350305 -0.02505824450789082 0.096705869681107698 -0.011245998624800416 -0.060158311989462976 0.07936739822710942 0.067565680180229681 -0.005866384937044865
leaf_weight=206.68873007595539 143.40557167679071 36.500673979520798 33.894334614276886 4.833940938115119 10.168355129659178 35.512232668697834 3.2177390456199637 43.397040918469429 4.3207493498921385 3.3295489996671677 5.3192460834980029 6.8781631886959067 4.6280690729618064 3.5025349855422965 2.9513230398297301 17.074088484048847 4.4682623147964469 83.69160583615303 12.904737055301664 8.7996924221515673 8.3905437439680082 7.5462051331996909 6.4149470925331116 7.8021778166294089 4.4286824166774741 114.43319424986839 6.0274820774793616 8.57390248775482 14.177662178874016 8.2051825076341629
leaf_count=925 1006 192 322 37 96 253 20 326 29 23 24 37 22 26 21 71 20 377 54 36 35 31 32 70 20 613 37 42 68 41
internal_value=-0.000563585 0.0151664 -0.0305628 -0.0259263 -0.0276796 -0.0245261 -0.0386751 -0.0577632 -0.0207418 0.04625 0.00153882 0.0407601 0.0230146 -0.0329542 -0.0250704 0.0240717 0.0345771 0.0321042 0.051025 0.0371872 0.0121782 0.0761476 0.0751879 -0.0697318 0.020356 -0.00234585 0.0115138 0.0179178 0.00897028 0.0406467
internal_weight=861.487 565.151 296.336 262.441 257.607 239.637 96.2312 46.6148 49.6164 7.6503 206.53 18.6124 358.621 41.9661 38.4636 353.993 147.304 142.836 54.7153 41.8105 25.4646 16.3459 11.7342 17.9705 88.1203 187.918 73.4849 67.4574 58.8835 22.3828
internal_count=4906 2677 2229 1907 1870 1704 698 346 352 52 1086 93 1591 300 274 1569 644 624 227 173 106 67 56 166 397 993 380 343 301 109
is_linear=0
shrinkage=0.1


Tree=12
num_leaves=31
num_cat=0
split_feature=1 0 0 7 0 34 10 108 23 13 62 15 26 8 42 61 52 91 224 8 97 0 67 26 0 0 78 7 5 81
split_gain=33.4799 4.84783 4.42218 3.6459 3.64168 3.68111 3.25254 4.62237 4.80303 4.15847 5.63236 4.68163 3.31712 3.13753 3.09908 3.0598 2.65561 2.54137 2.50248 2.44833 3.6454 2.41646 6.51356 2.5486 2.34203 10.2249 2.64604 3.83342 4.19302 5.26345
threshold=0.1512662544846535 6.635181427001954 16.880219459533695 1.0000000180025095e-35 16.661190986633304 1.0000000180025095e-35 1.0000000180025095e-35 1.0000000180025095e-35 1.0000000180025095e-35 1.0000000180025095e-35 1.0000000180025095e-35 1.0000000180025095e-35 1.0000000180025095e-35 1.0000000180025095e-35 1.0000000180025095e-35 1.0000000180025095e-35 1.0000000180025095e-35 1.0000000180025095e-35 1.0000000180025095e-35 1.0000000180025095e-35 1.0000000180025095e-35 13.151266574859621 1.0000000180025095e-35 1.0000000180025095e-35 2.8350445032119755 2.7748117446899419 1.0000000180025095e-35 1.0000000180025095e-35 1.0000000180025095e-35 1.0000000180025095e-35
decision_type=2 2 2 2 2 2 2 2 2 2 2 2 2 2 2 2 2 2 2 2 2 2 2 2 2 2 2 2 2 2
left_child=1 18 3 4 5 6 9 8 -8 10 -2 -12 13 -13 16 -14 -11 -3 24 20 -16 22 23 -10 25 26 27 28 -1 -30
right_child=2 17 -4 -5 -6 -7 7 -9 21 14 11 12 15 -15 19 -17 -18 -19 -20 -21 -22 -23 -24 -25 -26 -27 -28 -29 29 -31
leaf_value=-0.020224562065864343 -0.072061284369755563 -0.00061744065002812879 -0.06311795426483334 -0.038858824161692042 0.079808166883800546 -0.045155977008759368 0.080283425538439951 0.1034832722821742 0.035965830051870949 -0.02808619757618282 -0.01783938787812028 -0.044639272517934099 0.04440824004494355 0.089103980756359016 0.041314975078278943 0.18496338500058054 -0.11771968113050986 0.063572326136615925 -0.053343252930648247 -0.078636219757272086 -0.08989125692461486 -0.031717099040049185 -0.034255335375929716 0.15809524161947011 0.017655340200651931 0.17838972898629682 -0.038843286942586035 0.066711534977516473 0.0033660645006044787 0.1209382010791485
leaf_weight=17.934312835335732 8.4310720413923246 199.98298275470734 32.210674785077572 99.18271441757679 3.9983462393283835 35.427496090531349 6.5506005808711043 4.8117144852876654 3.7077895700931558 5.236259698867797 14.601726971566677 3.7858002036809921 2.9756993651390076 3.268380269408226 7.9437540248036367 3.2299696877598763 8.9638233408331871 6.3641658425331107 4.521894857287406 4.9358030781149873 2.8872067481279373 24.762026093900204 9.9727774783968925 3.1691372469067574 290.24235355854034 4.8435919731855384 5.4813836663961402 21.767872497439384 9.5295863151550275 6.3415641486644736
leaf_count=76 63 1057 322 770 29 279 37 31 23 35 106 25 20 21 55 21 71 29 22 37 19 180 65 20 1295 20 23 90 39 26
internal_value=-0.000549334 0.0135868 -0.0281833 -0.0238191 -0.0144173 -0.0168533 -0.00844376 0.0100278 0.000691068 -0.0232117 -0.000447411 0.0212234 0.0642392 0.0173274 -0.0507813 0.117565 -0.0846675 0.0013623 0.0205808 -0.0202623 0.00633936 -0.0118385 0.0173747 0.0922475 0.0215194 0.0385382 0.0274435 0.0339816 0.0129062 0.0503438
internal_weight=857.062 567.01 290.053 257.842 158.659 154.661 119.234 52.974 48.1623 66.2595 36.2926 27.8616 13.2598 7.05418 29.9668 6.20567 14.2001 206.347 360.663 15.7668 10.831 41.6117 16.8497 6.87693 356.141 65.8983 61.0547 55.5733 33.8055 15.8712
internal_count=4906 2677 2229 1907 1137 1108 829 356 325 473 256 193 87 46 217 41 106 1086 1591 111 74 288 108 43 1569 274 254 231 141 65
is_linear=0
shrinkage=0.1


Tree=13
num_leaves=31
num_cat=0
split_feature=1 0 0 7 0 34 11 98 14 45 5 108 11 14 9 83 127 132 237 61 11 133 55 14 7 133 13 81 0 6
split_gain=27.6358 3.93231 3.89073 3.08522 2.85678 3.11146 2.9076 4.07638 5.86416 3.13248 2.55945 2.50466 2.91659 2.35695 2.28054 3.08885 6.15932 4.35496 4.21663 4.87293 4.80968 6.56008 5.53676 3.89297 2.77072 4.29308 5.09387 2.74547 4.13547 2.59022
threshold=0.1512662544846535 16.880219459533695 6.635181427001954 1.0000000180025095e-35 16.661190986633304 1.0000000180025095e-35 1.0000000180025095e-35 1.0000000180025095e-35 1.0000000180025095e-35 1.0000000180025095e-35 1.0000000180025095e-35 1.0000000180025095e-35 1.0000000180025095e-35 1.0000000180025095e-35 1.0000000180025095e-35 1.0000000180025095e-35 1.0000000180025095e-35 1.0000000180025095e-35 1.0000000180025095e-35 1.0000000180025095e-35 1.0000000180025095e-35 1.0000000180025095e-35 1.0000000180025095e-35 1.0000000180025095e-35 1.0000000180025095e-35 1.0000000180025095e-35 1.0000000180025095e-35 1.0000000180025095e-35 3.7193702459335332 1.0000000180025095e-35
decision_type=2 2 2 2 2 2 2 2 2 2 2 2 2 2 2 2 2 2 2 2 2 2 2 2 2 2 2 2 2 2
left_child=2 3 14 4 5 6 9 -8 -9 -2 -11 -4 13 -13 -1 18 -17 -18 19 20 24 22 -22 -23 25 -16 29 28 -26 -27
right_child=1 -3 11 -5 -6 -7 7 8 -10 10 -12 12 -14 -15 15 16 17 -19 -20 -21 21 23 -24 -25 27 26 -28 -29 -30 -31
leaf_value=0.024637950726654222 -0.0034779052017460885 -0.059831360891092228 -0.0022667446646704955 -0.035982281585710367 0.067978254263636781 -0.042008346816803488 -0.041846149441954 0.082471038545491024 -0.087431087172263361 0.018818548950800193 0.12454249427712175 0.10545166497660921 -0.016272843528411827 0.016388969895977139 0.079758156894793097 -0.0580606579308931 0.035264149690531404 0.14615051843858973 0.09566651907795265 -0.037950682466343914 -0.023321104147462125 -0.014510647066075931 -0.15192496940318709 0.0936545098275295 -0.036664732083747507 0.098045010535284069 -0.05651299130710942 -0.049842565822196754 0.074740153790734093 0.00084915068756130781
leaf_weight=224.60007761418819 61.12919719517231 30.66406736522913 187.56874737143517 96.543354995548725 4.2122240960597983 34.332811117172241 37.703546836972237 6.7138322293758375 2.9128171876072884 6.318887382745741 3.5911540612578392 6.643752336502077 6.8149888515472403 5.3755987286567688 17.346217542886734 4.518159657716752 9.9680178016424161 5.4939299970865259 4.6298096179962149 27.928484007716179 9.0413422733545286 9.2148750573396665 5.3160803318023691 5.2079534530639657 5.9777707457542437 5.8520239442586917 7.0173456221818915 7.5553072541952124 7.5286713540554047 5.1589440107345581
leaf_count=981 424 322 993 770 29 279 275 44 21 42 23 31 37 25 75 21 43 24 20 126 40 41 24 23 25 26 31 34 34 23
internal_value=-0.000540057 -0.0260086 0.0121827 -0.0219166 -0.0132625 -0.0155035 -0.00781587 -0.0270171 0.0310623 0.004977 0.0571303 0.00122394 0.0359872 0.0656188 0.018425 0.00829512 0.0446508 0.0746642 0.0021275 -0.00170004 0.0101806 -0.0230875 -0.0709389 0.0245468 0.027146 0.044243 0.0100715 -0.00156944 0.0254338 0.0525061
internal_weight=852.88 284.122 568.758 253.458 156.914 152.702 118.369 47.3302 9.62665 71.0392 9.91004 206.403 18.8343 12.0194 362.355 137.755 19.9801 15.4619 117.775 113.145 85.2165 28.7803 14.3574 14.4228 56.4363 35.3745 18.0283 21.0617 13.5064 11.011
internal_count=4906 2229 2677 1907 1137 1108 829 340 65 489 65 1086 93 56 1591 610 88 67 522 502 376 128 64 64 248 155 80 93 59 49
is_linear=0
shrinkage=0.1


Tree=14
num_leaves=31
num_cat=0
split_feature=0 1 11 25 0 174 26 81 63 9 0 0 73 55 8 56 5 6 0 126 113 0 88 190 1 139 53 0 15 41
split_gain=23.0687 3.77267 3.69986 3.30467 4.08603 4.43436 3.27617 4.00306 3.19582 2.96531 5.01649 9.42064 4.1588 4.72709 5.30362 3.49665 3.77247 3.12475 2.61515 2.66598 2.73351 3.79306 3.41948 2.5475 3.16516 4.2335 5.87166 2.71278 3.45727 5.85255
threshold=11.02532482147217 -0.25576089322566981 1.0000000180025095e-35 1.0000000180025095e-35 13.813826084136965 1.0000000180025095e-35 1.0000000180025095e-35 1.0000000180025095e-35 1.0000000180025095e-35 1.0000000180025095e-35 12.746064186096193 12.412046909332277 1.0000000180025095e-35 1.0000000180025095e-35 1.0000000180025095e-35 1.0000000180025095e-35 1.0000000180025095e-35 1.0000000180025095e-35 6.8391511440277108 1.0000000180025095e-35 1.0000000180025095e-35 8.2737851142883319 1.0000000180025095e-35 1.0000000180025095e-35 0.77275836467742931 1.0000000180025095e-35 1.0000000180025095e-35 11.741273403167726 1.0000000180025095e-35 1.0000000180025095e-35
decision_type=2 2 2 2 2 2 2 2 2 2 2 2 2 2 2 2 2 2 2 2 2 2 2 2 2 2 2 2 2 2
left_child=1 -1 9 4 -4 -6 7 8 -5 23 11 15 13 -12 -15 -11 17 -17 -3 20 22 -22 -20 24 25 27 -27 -2 -29 -30
right_child=2 18 3 6 5 -7 -8 -9 -10 10 12 -13 -14 14 -16 16 -18 -19 19 -21 21 -23 -24 -25 -26 26 -28 28 29 -31
leaf_value=0.016425581706022315 -0.082991038883577117 -0.054319886052889101 0.065053017817634937 0.0012715657549429481 -0.11834165702908622 0.030780805391035566 -0.069107018443744325 -0.074163690306746244 -0.11519839419908953 -0.084995541253394896 -0.039005899509272267 0.1947735734071907 -0.051556289580715634 0.0027951745353913034 0.12758780739223988 0.055129534417165484 0.11615764059449173 -0.086124704363838261 0.00019939506501897225 0.072344654326456453 0.044883396673996427 -0.081470105926465225 0.058293788322146836 0.066968988498670987 -0.072585335768604958 0.16450935719110082 -0.023647659801266201 -0.043660466287529329 -0.020398819359433339 0.098505753192543996
leaf_weight=366.59309941530228 8.4623577743768674 8.4907831549644452 6.1202391982078534 27.016773052513603 3.9769404903054237 3.9994795471429825 40.699995711445808 13.761649735271929 2.5809486955404273 3.0443509072065362 11.517872266471386 3.4429564476013175 19.586429052054882 9.8035092577338201 5.2184142246842393 3.3898370265960693 3.7872835248708725 2.9108776152133942 197.02145317941904 5.2932007759809485 3.2938224226236335 8.5246299579739553 10.681187883019446 2.7319689691066733 15.151793271303175 2.7795918583869925 4.1121260821819305 31.713699765503407 17.916020087897781 5.3833221197128287
leaf_count=1606 65 44 37 227 33 31 359 114 23 24 96 23 162 78 40 24 27 21 1080 29 17 53 49 25 162 19 30 242 130 36
internal_value=-0.000522942 0.0100992 -0.026103 -0.0412163 0.00359018 -0.0435697 -0.0487303 -0.0296033 -0.00888472 -0.0162756 0.000352212 0.0475372 -0.0166036 0.00919161 0.0461465 0.00893575 0.0372823 -0.0101287 0.000158521 0.00221606 0.000525086 -0.0462552 0.00318692 -0.0280895 -0.0311263 -0.0221991 0.0522405 -0.0302812 -0.0221731 0.00707413
internal_weight=849.007 599.898 249.108 98.156 14.0967 7.97642 84.0594 43.3594 29.5977 150.952 62.7015 16.5753 46.1262 26.5398 15.0219 13.1323 10.088 6.30071 233.305 224.814 219.521 11.8185 207.703 88.2509 85.5189 70.3671 6.89172 63.4754 55.013 23.2993
internal_count=4906 2878 2028 824 101 64 723 364 250 1204 495 119 376 214 118 96 72 45 1272 1228 1199 70 1129 709 684 522 49 473 408 166
is_linear=0
shrinkage=0.1


Tree=15
num_leaves=31
num_cat=0
split_feature=0 1 50 1 12 16 139 54 67 1 11 0 5 102 1 6 0 7 15 97 140 6 79 11 6 25 54 94 61 26
split_gain=19.1163 3.22139 4.1721 5.55294 3.29974 3.83997 7.07144 5.48349 4.12662 3.17959 3.1931 3.57034 3.14169 5.10802 4.54971 5.63437 4.04889 3.48706 7.66608 3.34345 4.04827 3.32965 3.14884 4.86747 4.79554 2.91979 4.06216 3.17708 3.14624 3.04484
threshold=11.02532482147217 -0.070803865790367113 1.0000000180025095e-35 -0.059852460399270051 1.0000000180025095e-35 1.0000000180025095e-35 1.0000000180025095e-35 1.0000000180025095e-35 1.0000000180025095e-35 0.98357290029525768 1.0000000180025095e-35 17.698836326599125 1.0000000180025095e-35 1.0000000180025095e-35 -0.10852536559104918 1.0000000180025095e-35 6.635181427001954 1.0000000180025095e-35 1.0000000180025095e-35 1.0000000180025095e-35 1.0000000180025095e-35 1.0000000180025095e-35 1.0000000180025095e-35 1.0000000180025095e-35 1.0000000180025095e-35 1.0000000180025095e-35 1.0000000180025095e-35 1.0000000180025095e-35 1.0000000180025095e-35 1.0000000180025095e-35
decision_type=2 2 2 2 2 2 2 2 2 2 2 2 2 2 2 2 2 2 2 2 2 2 2 2 2 2 2 2 2 2
left_child=1 12 3 -3 -5 -6 7 -7 -9 10 11 -2 14 19 16 -16 -1 18 -18 20 22 -20 -14 24 -24 26 -12 29 -28 -27
right_child=9 2 -4 4 5 6 -8 8 -10 -11 25 -13 13 -15 15 -17 17 -19 21 -21 -22 -23 23 -25 -26 27 28 -29 -30 -31
leaf_value=0.0093749775891019804 -0.015606819697636358 -0.10481762571783904 0.087070170878948208 -0.015675415995489481 -0.0073800302798079477 0.11180888137208254 0.17430602805023321 0.058613917197125678 -0.06133817401955001 -0.11046815573099769 0.098846242294946818 0.096785340166931258 0.014558165676538641 0.096412083826507747 0.12592480604568654 -0.02171266180640493 -0.088566273730737388 0.01144787944793511 -0.020367174430693649 -0.045391862623243899 0.093497292733331211 0.09041694564703219 -0.058289967148908821 0.13722619078496009 0.085867025696422059 -0.031594492637246792 -0.096168829562734925 0.0109609494369613 0.017463341297997925 -0.073180190732812775
leaf_weight=213.31460717320442 143.72094740718603 5.6305702328681937 4.8205465972423545 80.502280130982399 26.810833349823952 4.8794548809528395 3.7460395023226729 4.742806039750576 7.2553524449467659 4.1906412690877906 3.4807000905275318 2.8831249475479117 152.18448509275913 9.0026729404926282 6.744432866573332 4.1913911998271942 16.737290069460869 18.186156839132309 8.5078374147415179 7.6651803851127616 7.5933587700128546 3.9830696135759345 4.3250986784696561 5.5205767303705207 4.9471518099308014 36.602522768080235 3.9515316337347031 9.1738925874233228 6.3557984158396721 33.925596751272678
leaf_count=939 1143 29 25 462 152 27 19 27 42 49 22 32 675 40 34 21 88 94 44 36 35 21 20 25 23 317 31 72 45 317
internal_value=-0.000523457 0.00906021 -0.00432654 -0.00762512 -0.00334762 0.0175742 0.0500148 0.022428 -0.0139218 -0.024113 -0.0226058 -0.0133965 0.0130623 0.0228812 0.00615021 0.0693396 0.00349984 -0.0229321 -0.0443237 0.0192487 0.022087 0.0149594 0.0188396 0.0628855 0.0186241 -0.0370471 0.00544193 -0.0443974 -0.0260999 -0.0515981
internal_weight=845.576 601.291 138.388 133.567 127.937 47.4345 20.6237 16.8776 11.9982 244.285 240.094 146.604 462.903 191.239 271.665 10.9358 260.729 47.4144 29.2282 182.236 174.571 12.4909 166.977 14.7928 9.27225 93.49 13.788 79.702 10.3073 70.5281
internal_count=4906 2878 783 758 729 267 115 96 69 2028 1979 1175 2095 854 1241 55 1186 247 153 814 778 65 743 68 43 804 98 706 76 634
is_linear=0
shrinkage=0.1


Tree=16
num_leaves=31
num_cat=0
split_feature=0 1 154 11 177 0 0 25 81 6 0 25 53 26 63 21 1 113 42 0 34 61 26 12 15 16 113 69 8 174
split_gain=15.7103 2.95972 2.86805 3.15056 3.11455 2.86359 3.53491 3.56409 2.82037 4.66099 3.9503 3.29802 4.70704 4.34276 2.90176 2.78585 2.73754 3.73201 2.66487 4.59039 3.6418 2.36528 5.35519 5.06598 7.3242 5.09855 4.54731 4.47933 2.73126 5.26271
threshold=11.02532482147217 0.98357290029525768 1.0000000180025095e-35 1.0000000180025095e-35 1.0000000180025095e-35 17.698836326599125 15.868583202362062 1.0000000180025095e-35 1.0000000180025095e-35 1.0000000180025095e-35 12.992471218109133 1.0000000180025095e-35 1.0000000180025095e-35 1.0000000180025095e-35 1.0000000180025095e-35 1.0000000180025095e-35 -0.51950716972351063 1.0000000180025095e-35 1.0000000180025095e-35 13.211498737335207 1.0000000180025095e-35 1.0000000180025095e-35 1.0000000180025095e-35 1.0000000180025095e-35 1.0000000180025095e-35 1.0000000180025095e-35 1.0000000180025095e-35 1.0000000180025095e-35 1.0000000180025095e-35 1.0000000180025095e-35
decision_type=2 2 2 2 2 2 2 2 2 2 2 2 2 2 2 2 2 2 2 2 2 2 2 2 2 2 2 2 2 2
left_child=16 2 3 4 5 6 21 -8 11 -10 -11 12 -5 14 15 18 -1 -18 -13 20 -20 26 -23 27 25 -25 28 -24 29 -2
right_child=1 -3 -4 8 -6 -7 7 -9 9 10 -12 13 -14 -15 -16 -17 17 -19 19 -21 -22 22 23 24 -26 -27 -28 -29 -30 -31
leaf_value=0.017927497511056344 0.020668237764714121 -0.10937409225586514 0.075387096185428992 0.12022559017008166 -0.096966154457739012 0.086080211447840893 0.033178790242628278 -0.063814503804900877 -0.09388840819251322 0.052726599414092135 -0.066504077382695134 -0.046438954456278991 -0.040680492332802437 -0.062875391086543636 -0.11313445245192136 0.089011233939640735 0.0056543727076013841 -0.038440558068933733 -0.074698677822343199 0.13588337597592565 0.050391407043979486 -0.018358560635218311 0.050071665852541573 0.11079507429062785 0.19743539097651355 -0.058661053946055933 -0.1186914168518777 -0.092110424880428837 -0.034304011313790399 -0.11798954858960226
leaf_weight=192.96337474882603 31.286856219172478 3.8278348967432967 3.0640463382005683 3.5911302417516699 4.2650426700711241 3.0213337764143935 4.6377675160765675 20.688209779560566 17.920165203511715 5.1488406062126177 6.0367473587393761 10.234031602740295 3.682164840400219 25.47753781080246 2.3108750432729712 3.341820888221263 389.17479908466339 20.189777731895447 4.5498605370521528 2.7716752067208299 4.7646766602993011 25.167221285402775 5.7900297790765762 3.8460000231862068 4.3260098770260811 3.2981869652867317 4.1149233654141417 3.5893561914563179 26.293437220156193 2.9997393190860739
leaf_count=808 238 49 25 25 32 31 41 223 161 39 54 96 27 248 23 26 1959 111 35 23 38 181 40 27 28 25 32 27 210 24
internal_value=-0.000513063 -0.0221457 -0.0207322 -0.0219954 -0.0127925 -0.0102108 -0.0123494 -0.0460528 -0.0366786 -0.0622723 -0.011621 -0.0244112 0.0387656 -0.033008 -0.005805 0.00386004 0.00810818 0.00347962 -0.00888892 0.0229067 -0.0107112 -0.00463957 0.0126914 0.0501712 0.0947456 0.0325639 -0.0169669 -0.00433938 -0.0100572 0.00853705
internal_weight=842.373 240.046 236.218 233.154 143.324 139.059 136.038 25.326 89.8295 29.1058 11.1856 60.7238 7.2733 53.4505 27.9729 25.6621 602.328 409.365 22.3202 12.0862 9.31454 110.712 46.0168 20.8496 11.4702 7.14419 64.695 9.37939 60.58 34.2866
internal_count=4906 2028 1979 1954 1159 1127 1096 264 795 254 93 541 52 489 241 218 2878 2070 192 96 73 832 328 147 80 52 504 67 472 262
is_linear=0
shrinkage=0.1


Tree=17
num_leaves=31
num_cat=0
split_feature=1 0 1 67 126 104 18 190 0 113 11 9 140 34 88 62 0 42 61 0 55 6 97 108 16 6 15 8 54 0
split_gain=13.139 4.17744 5.02806 5.18579 4.83052 3.49203 3.22396 3.52693 3.08424 3.03594 2.99868 2.93116 3.91594 3.83162 2.81918 6.32849 3.09276 2.64194 2.62942 2.51583 4.2109 2.82693 2.50447 2.82962 5.29213 2.47383 2.35785 6.51482 2.34427 7.07054
threshold=-0.070803865790367113 14.97056818008423 0.63586583733558666 1.0000000180025095e-35 1.0000000180025095e-35 1.0000000180025095e-35 1.0000000180025095e-35 1.0000000180025095e-35 14.205338954925539 1.0000000180025095e-35 1.0000000180025095e-35 1.0000000180025095e-35 1.0000000180025095e-35 1.0000000180025095e-35 1.0000000180025095e-35 1.0000000180025095e-35 8.4175219535827654 1.0000000180025095e-35 1.0000000180025095e-35 7.9493498802185067 1.0000000180025095e-35 1.0000000180025095e-35 1.0000000180025095e-35 1.0000000180025095e-35 1.0000000180025095e-35 1.0000000180025095e-35 1.0000000180025095e-35 1.0000000180025095e-35 1.0000000180025095e-35 3.2429842948913579
decision_type=2 2 2 2 2 2 2 2 2 2 2 2 2 2 2 2 2 2 2 2 2 2 2 2 2 2 2 2 2 2
left_child=11 2 4 -4 8 -6 7 -3 9 14 26 19 13 18 16 -16 -2 22 28 -1 -21 -22 23 -8 -25 -5 27 -11 -13 -30
right_child=1 6 3 25 5 -7 17 -9 -10 10 -12 12 -14 -15 15 -17 -18 -19 -20 20 21 -23 -24 24 -26 -27 -28 -29 29 -31
leaf_value=0.014756106765056277 -0.10470084135953538 0.11228243101386655 -0.012612861597288428 0.064635316931215256 -0.0081763547544520098 0.12775291276502462 -0.056205171856287886 -0.044699827161042968 -0.0573801765317557 0.12849487256486192 -0.12187067386046611 0.0051207974434572716 0.071027761297972655 -0.033291870645072892 0.13771065741185889 -0.013892082046093462 -0.0095012206079088564 0.069643407321191314 -0.018078397012678545 0.14114527658890705 0.064628394305589726 -0.040442132033485061 0.0095881924054157242 -0.061707211731478973 0.13022735577513919 0.1966364624981658 -0.078533223081976966 -0.086539450520133454 -0.072137311470082219 0.070355914236838957
leaf_weight=272.31190766394138 3.4643554091453543 3.0145027935504904 5.5286877676844579 3.2114266529679298 3.422188773751258 4.221154510974884 59.541667319834232 2.7248580902814865 15.268667824566363 2.7517881467938405 4.6254626512527457 79.060736820101738 7.5641467273235312 32.671438977122307 4.2045429199933988 7.9785821661353111 228.08380030095577 2.1361000314354888 36.816439002752304 4.2459450513124439 6.5461752861738205 4.2058828622102737 8.0160262733697873 3.5454612374305716 2.4151291474699974 2.5448024347424507 4.5220852419734001 2.8871462419629097 4.3438745439052608 17.556573078036308
leaf_count=1209 19 25 41 24 24 26 620 23 132 19 34 344 35 165 23 47 1531 18 170 21 31 22 77 33 21 21 32 21 19 79
internal_value=-0.000512977 -0.014466 -0.00889372 0.0565569 -0.0115182 0.0668927 -0.0345053 0.0377525 -0.0137072 -0.0111278 -0.0551249 0.0107049 0.000621843 -0.00250261 -0.00845859 0.0384278 -0.0109256 -0.039987 0.00479849 0.0169522 0.0568255 0.023528 -0.0431723 -0.049629 0.0160614 0.122992 -0.0247412 0.0183968 0.0131408 0.0420929
internal_weight=839.432 374.108 292.715 11.2849 281.43 7.64334 81.3937 5.73936 273.786 258.518 14.7865 465.323 178.013 170.449 243.731 12.1831 231.548 75.6544 137.778 287.31 14.998 10.7521 73.5183 65.5023 5.96059 5.75623 10.161 5.63893 100.961 21.9004
internal_count=4906 2811 1994 86 1908 50 817 48 1858 1726 106 2095 812 777 1620 70 1550 769 612 1283 74 53 751 674 54 45 72 40 442 98
is_linear=0
shrinkage=0.1


Tree=18
num_leaves=31
num_cat=0
split_feature=0 1 208 222 0 26 101 12 22 61 15 13 10 7 36 9 16 14 8 0 74 0 9 67 6 11 55 8 137 9
split_gain=11.0952 2.70247 2.59947 2.35862 2.60563 2.64999 5.97271 4.91893 3.29481 6.75933 3.05891 5.21253 2.95552 4.02246 4.0993 3.3718 4.10989 3.79864 3.91037 4.33186 2.76736 5.88656 3.15387 2.85467 3.45213 3.48836 3.1818 2.62992 2.52384 3.48794
threshold=11.02532482147217 0.98357290029525768 1.0000000180025095e-35 1.0000000180025095e-35 3.4195755720138554 1.0000000180025095e-35 1.0000000180025095e-35 1.0000000180025095e-35 1.0000000180025095e-35 1.0000000180025095e-35 1.0000000180025095e-35 1.0000000180025095e-35 1.0000000180025095e-35 1.0000000180025095e-35 1.0000000180025095e-35 1.0000000180025095e-35 1.0000000180025095e-35 1.0000000180025095e-35 1.0000000180025095e-35 5.7987680435180673 1.0000000180025095e-35 5.07460641860962 1.0000000180025095e-35 1.0000000180025095e-35 1.0000000180025095e-35 1.0000000180025095e-35 1.0000000180025095e-35 1.0000000180025095e-35 1.0000000180025095e-35 1.0000000180025095e-35
decision_type=2 2 2 2 2 2 2 2 2 2 2 2 2 2 2 2 2 2 2 2 2 2 2 2 2 2 2 2 2 2
left_child=3 2 -2 4 28 -6 8 -8 12 10 27 -12 13 15 -15 17 -17 -7 -19 -20 22 -22 -14 -24 25 26 -25 -10 -1 -30
right_child=1 -3 -4 -5 5 6 7 -9 9 -11 11 -13 20 14 -16 16 -18 18 19 -21 21 -23 23 24 -26 -27 -28 -29 29 -31
leaf_value=0.02861032235476061 -0.016597904805999614 -0.10806405346622401 -0.11692949463909058 -0.068888701796070373 0.013324945915755304 -0.032718075882343947 0.01352891894246679 0.13309662111468487 0.016889581151155988 0.10972977200859978 0.078803868873707203 -0.048838339674101637 0.0050451234150759305 -0.031411332858699237 0.033958211982480523 0.067723890090108665 0.00020267777505388577 -0.012192528070307193 0.0021867391283252051 0.12591001405961888 0.021091202513396065 -0.075328487424379004 -0.11693955260728583 -0.085626939505730693 -0.077869002284480959 0.069102065501087578 0.029118705816980436 -0.0715909260271516 -0.035813478737451547 0.039620349641732465
leaf_weight=89.601621776819229 226.95591119676828 3.3609449714422217 2.6120354905724517 4.1054766029119483 185.73422724753618 22.818140029907227 8.6651244014501554 5.706587851047515 6.0109098553657532 7.2393101006746283 9.1052448600530607 4.9324739724397668 44.254482127726078 51.191628150641918 11.805367618799208 19.933234840631485 16.457391276955605 13.755055889487267 5.3928877115249634 5.9545106738805771 8.9279711097478884 21.774988681077957 3.9458431154489544 5.1744599938392621 8.0057832300662994 5.256484106183053 4.534094825387001 7.6151037290692329 15.952191606163979 9.9548486173152924
leaf_count=368 1956 49 23 20 912 112 42 27 29 34 42 23 217 258 57 98 82 65 23 31 39 120 20 26 41 27 22 36 66 41
internal_value=-0.000502783 -0.0190428 -0.0177395 0.00664936 0.00716648 0.00394699 -0.00188906 0.0610058 -0.00507087 0.0237043 0.00119232 0.0339539 -0.00910141 -4.457e-05 -0.0191614 0.0142394 0.0371879 -0.00318755 0.0236557 0.0671101 -0.0221975 -0.0472911 -0.0113722 -0.0383643 -0.024867 0.00348731 -0.0320384 -0.0325591 0.020662 -0.00682783
internal_weight=836.734 232.929 229.568 603.805 599.7 484.191 298.457 14.3717 284.085 34.903 27.6637 14.0377 249.182 147.308 62.997 84.3112 36.3906 47.9206 25.1025 11.3474 101.874 30.703 71.1711 26.9167 22.9708 14.965 9.70855 13.626 115.509 25.907
internal_count=4906 2028 1979 2878 2858 2383 1471 69 1402 164 130 65 1238 726 315 411 180 231 119 54 512 159 353 136 116 75 48 65 475 107
is_linear=0
shrinkage=0.1


Tree=19
num_leaves=31
num_cat=0
split_feature=0 142 0 13 67 81 73 16 15 16 57 174 208 1 6 0 11 1 9 5 71 86 6 53 61 0 8 108 14 98
split_gain=9.21441 3.28734 2.72155 3.30539 4.851 5.17484 3.33062 3.1083 3.91195 2.85494 5.06226 2.82203 1.80431 1.73394 3.51694 3.40067 2.31743 2.68093 2.54249 3.5102 6.21984 5.97151 4.34211 4.24772 4.15061 4.14647 3.26589 2.59372 4.33677 2.88091
threshold=9.5071868896484393 1.0000000180025095e-35 15.979465961456301 1.0000000180025095e-35 1.0000000180025095e-35 1.0000000180025095e-35 1.0000000180025095e-35 1.0000000180025095e-35 1.0000000180025095e-35 1.0000000180025095e-35 1.0000000180025095e-35 1.0000000180025095e-35 1.0000000180025095e-35 0.099551297724246993 1.0000000180025095e-35 10.035592079162599 1.0000000180025095e-35 0.13636017590761187 1.0000000180025095e-35 1.0000000180025095e-35 1.0000000180025095e-35 1.0000000180025095e-35 1.0000000180025095e-35 1.0000000180025095e-35 1.0000000180025095e-35 12.803559303283693 1.0000000180025095e-35 1.0000000180025095e-35 1.0000000180025095e-35 1.0000000180025095e-35
decision_type=2 2 2 2 2 2 2 2 2 2 2 2 2 2 2 2 2 2 2 2 2 2 2 2 2 2 2 2 2 2
left_child=-1 2 12 6 5 7 9 8 -5 11 -11 -4 13 14 -2 -15 18 -18 27 21 -21 22 24 -22 -20 -23 -25 29 -29 -17
right_child=1 -3 3 4 -6 -7 -8 -9 -10 10 -12 -13 -14 15 -16 16 17 -19 19 20 23 25 -24 26 -26 -27 -28 28 -30 -31
leaf_value=0.0074387887819232683 -0.010881495231583041 0.087726644288428093 -0.088928248841319391 0.2080390953633573 -0.062120168907499329 -0.074390381602330344 -0.11026466182464592 -0.015191138100974536 0.028802944369335611 -0.055967653098073757 0.12904319418620364 0.047697385720991234 -0.088510168104638923 0.053424294946219891 -0.10894278181475314 -0.012134082606931638 -0.12546578631439037 -0.020561881969617751 -0.041195350782509535 0.10936818935404563 -0.091787821541562092 0.14004037657942361 -0.075556517721913907 0.10213050330514746 0.059214073742884205 0.0032787852997907055 -0.024123670551797025 0.10820133409557481 -0.040890935207576529 -0.070202285354452318
leaf_weight=531.92205540835857 11.755755320191385 3.1175310015678397 9.0069034360349178 2.8142308928072453 8.2299129255115986 2.7455867119133472 9.0471116863191146 2.0783627182245255 2.14647176861763 3.6286738552153102 2.4963923059403896 1.8167513012886054 3.0089121684432021 8.5787895321845991 5.3091078400611869 64.785929203033447 2.509125515818595 83.746427685022354 9.0055853873491305 8.9085238501429558 3.6048458889126769 4.097133129835127 11.352969400584699 4.0631049647927284 7.5836204737424842 4.8308410495519638 4.1328802481293678 4.300431750714778 3.5711227804422379 9.8417571857571584
leaf_count=2428 70 18 108 32 99 33 112 24 26 44 29 17 24 48 32 495 16 702 71 59 28 25 88 32 51 35 31 30 25 74
internal_value=-0.000482632 -0.0144296 -0.0154947 -0.0384592 -0.00553812 0.0420533 -0.0612728 0.0874721 0.130484 -0.0351212 0.0194372 -0.0659956 -0.0115311 -0.0106119 -0.0413897 -0.00837607 -0.0107185 -0.0236135 -0.00277822 0.0133481 0.0462928 -0.00515644 -0.0279048 -0.00132315 0.004706 0.06604 0.038466 -0.0140334 0.040562 -0.019792
internal_weight=834.037 302.115 298.997 44.0104 18.0146 9.78465 25.9958 7.03907 4.9607 16.9487 6.12507 10.8237 254.987 251.978 17.0649 234.913 226.334 86.2556 140.079 57.5795 20.7094 36.8701 27.9422 11.8008 16.5892 8.92797 8.19599 82.4992 7.87155 74.6277
internal_count=4906 2478 2460 524 214 115 310 82 58 198 73 125 1936 1912 102 1810 1762 718 1044 420 150 270 210 91 122 60 63 624 55 569
is_linear=0
shrinkage=0.1


Tree=20
num_leaves=31
num_cat=0
split_feature=1 210 0 1 69 126 81 11 62 8 174 9 1 1 26 99 15 0 16 0 6 61 108 12 0 98 6 1 67 8
split_gain=7.69776 2.91885 2.88676 4.59556 4.44502 3.86261 3.29732 2.65553 6.34655 5.64377 4.94497 4.34483 4.13223 4.09846 3.88909 4.1126 3.87332 11.2504 4.6375 3.81801 3.43751 5.02299 3.32567 2.90177 2.79056 2.70417 3.87964 3.24377 3.46995 3.95256
threshold=-0.070803865790367113 1.0000000180025095e-35 14.97056818008423 0.65001142024993908 1.0000000180025095e-35 1.0000000180025095e-35 1.0000000180025095e-35 1.0000000180025095e-35 1.0000000180025095e-35 1.0000000180025095e-35 1.0000000180025095e-35 1.0000000180025095e-35 -0.030344513244926926 -0.019545212388038632 1.0000000180025095e-35 1.0000000180025095e-35 1.0000000180025095e-35 11.880903720855715 1.0000000180025095e-35 14.176591396331789 1.0000000180025095e-35 1.0000000180025095e-35 1.0000000180025095e-35 1.0000000180025095e-35 14.680356025695803 1.0000000180025095e-35 1.0000000180025095e-35 0.050117878243327148 1.0000000180025095e-35 1.0000000180025095e-35
decision_type=2 2 2 2 2 2 2 2 2 2 2 2 2 2 2 2 2 2 2 2 2 2 2 2 2 2 2 2 2 2
left_child=-1 2 3 5 -5 7 -7 9 16 19 11 -11 -10 -14 20 23 18 -18 -9 22 21 -13 -2 -16 -21 26 27 -15 -29 -30
right_child=1 -3 -4 4 -6 6 -8 8 12 10 -12 14 13 25 15 -17 17 -19 -20 24 -22 -23 -24 -25 -26 -27 -28 28 29 -31
leaf_value=0.0080030565596930347 0.010549734083726571 0.081158392324497911 -0.029557037885323829 -0.01275224174900263 0.15980129085644415 0.11584429303126438 -0.015438846791292669 -0.050942145030528296 -0.11514849866282546 -0.052795165022478191 0.093267897290087207 -0.078563615730072034 0.093699684569302444 -0.13710561081489914 -0.12268313398679578 0.036733908222138463 0.16699792252800361 -0.065076653706608048 0.062532053899726756 -0.097125282109800995 0.11015946494290751 0.091958561553345641 0.068210746964371766 -0.0019334693401597599 0.029110343088461395 -0.00016796220808832035 -0.011974295298508185 -0.089681694784859226 -0.065013305327958057 0.03414047806114389
leaf_weight=467.89578695595264 76.520532771945 3.3763826340436927 76.078280925750732 2.8077633902430525 3.1878663748502731 4.4812494888901702 3.3382974937558174 9.6642618179321271 6.2196371257305136 38.837800309062004 3.3229913637042037 3.8062203675508499 2.5717165768146506 5.3771661967039099 5.3707951903343183 4.9371246397495279 5.2547582164406776 3.4671123847365379 5.7410489618778238 5.2109368667006484 4.6064115837216377 3.1628864258527756 11.506776660680769 3.1617910042405128 2.6375269144773483 17.402537152171135 21.809480331838131 13.815442591905596 9.180588550865652 7.1524794772267333
leaf_count=2095 496 22 815 22 23 29 21 76 35 273 28 26 13 28 39 33 30 30 42 45 30 20 64 21 19 119 165 115 74 58
internal_value=-0.000481451 -0.0113874 -0.0122539 -0.00762771 0.0789942 -0.00949215 0.0597973 -0.0114934 -0.0236828 -0.00344669 -0.0256661 -0.0318526 -0.036732 -0.0304233 0.000623055 -0.0359072 0.0214939 0.0747438 -0.00865407 0.0121284 0.043131 -0.00117317 0.0180871 -0.0779388 -0.054703 -0.0346944 -0.045174 -0.0655555 -0.0527941 -0.0215925
internal_weight=831.904 364.008 360.631 284.553 5.99563 278.558 7.81955 270.738 107.656 163.082 67.206 63.883 83.529 77.3094 25.0452 13.4697 24.1272 8.72187 15.4053 95.8758 11.5755 6.96911 88.0273 8.53259 7.84846 74.7377 57.3352 35.5257 30.1485 16.3331
internal_count=4906 2811 2789 1974 45 1929 50 1879 785 1094 470 442 607 572 169 93 178 60 118 624 76 46 560 60 64 559 440 275 247 132
is_linear=0
shrinkage=0.1


Tree=21
num_leaves=31
num_cat=0
split_feature=0 212 63 100 153 1 0 176 0 113 148 1 56 0 73 26 100 73 81 16 23 99 0 1 54 53 67 9 16 174
split_gain=6.54207 4.49521 3.65219 2.79623 3.45134 4.69476 3.95295 2.57681 2.37144 3.21166 2.33196 2.33017 2.32152 2.2581 2.05918 2.47673 1.99358 2.10807 4.69057 3.61479 4.203 4.41619 7.58607 4.15519 5.24223 3.6619 6.7351 3.77653 3.16509 3.37763
threshold=12.992471218109133 1.0000000180025095e-35 1.0000000180025095e-35 1.0000000180025095e-35 1.0000000180025095e-35 -0.35188987851142878 9.1197810173034686 1.0000000180025095e-35 3.9219712018966679 1.0000000180025095e-35 1.0000000180025095e-35 0.98357290029525768 1.0000000180025095e-35 13.151266574859621 1.0000000180025095e-35 1.0000000180025095e-35 1.0000000180025095e-35 1.0000000180025095e-35 1.0000000180025095e-35 1.0000000180025095e-35 1.0000000180025095e-35 1.0000000180025095e-35 13.938398361206056 0.80591678619384777 1.0000000180025095e-35 1.0000000180025095e-35 1.0000000180025095e-35 1.0000000180025095e-35 1.0000000180025095e-35 1.0000000180025095e-35
decision_type=2 2 2 2 2 2 2 2 2 2 2 2 2 2 2 2 2 2 2 2 2 2 2 2 2 2 2 2 2 2
left_child=1 2 3 8 5 -5 -7 11 -1 10 -10 13 -11 -2 15 -14 17 18 19 25 -21 22 -22 -24 -25 26 27 -15 29 -19
right_child=7 -3 -4 4 -6 6 -8 -9 9 12 -12 -13 14 16 -16 -17 -18 28 -20 20 21 -23 23 24 -26 -27 -28 -29 -30 -31
leaf_value=0.013006733423532316 -0.072419966843447467 0.10924724220274425 -0.094397195764107544 0.16283681784294682 -0.028169607473157939 -0.02977679390839923 0.089480547892543977 -0.11221859951691569 0.0014382303330995004 -0.075079552442306158 -0.071192335869552106 -0.10678966502906279 -0.035689216305385262 0.050855395210726718 -0.054886745510093128 0.085714442209310959 -0.074748154391818644 -0.017628979456328058 -0.035055987925666859 -0.074289234167796411 0.20624962377405312 0.19000942033989057 -0.032541382115943422 -0.01271878993391325 0.22092817113626939 -0.025959353221056081 -0.038715655644232488 0.21329820831486412 -0.056833581433965621 0.08822414072470694
leaf_weight=160.47600682079792 6.7277648597955695 4.0076898783445349 3.8261538892984381 3.6926261335611352 5.4131869301199904 5.3025289624929428 5.8410947993397713 2.9420955851674071 467.17789804190397 9.6583135053515434 4.4628428146243087 2.8765007071197024 3.2242554426193237 3.4999672845005971 5.5008636564016342 3.509467639029026 5.0431125983595839 28.708229269832373 25.737542059272528 2.2813389748334911 2.4688742980361011 2.6028320640325537 7.193704277276991 2.062252901494503 1.7970680147409441 22.169886507093906 5.1967893168330193 2.4212454557418823 20.482004780322313 3.3680800795555106
leaf_count=664 58 21 30 16 31 26 36 33 2497 55 26 49 21 30 37 20 50 280 242 19 20 23 66 27 19 212 51 22 197 28
internal_value=-0.000479369 0.00365106 0.00302696 0.0035798 0.0401779 0.0651153 0.0327337 -0.0195697 0.00244665 -0.000987038 0.000750972 -0.0176851 -0.0384291 -0.0158771 -0.00949632 0.0275837 -0.0130599 -0.0106667 -0.000174862 0.0171919 0.0527537 0.0707278 0.0477673 0.0123677 0.0960774 -0.00247157 0.0443643 0.11728 -0.0261237 -0.00651418
internal_weight=829.672 682.093 678.085 674.259 20.2494 14.8362 11.1436 147.579 654.01 493.534 471.641 144.637 21.8929 141.761 12.2346 6.73372 135.033 129.99 77.4315 51.694 18.4061 16.1247 13.5219 11.053 3.85932 33.2879 11.118 5.92121 52.5583 32.0763
internal_count=4906 3480 3459 3429 109 78 62 1426 3320 2656 2523 1393 133 1344 78 41 1286 1236 731 489 174 155 132 112 46 315 103 52 505 308
is_linear=0
shrinkage=0.1


Tree=22
num_leaves=31
num_cat=0
split_feature=0 142 1 63 107 0 0 0 0 9 0 0 10 62 64 5 12 14 81 70 13 16 224 0 0 13 0 0 0 0
split_gain=5.56884 2.50482 2.31521 1.9449 2.16862 2.15879 2.27464 2.21125 2.08316 2.36984 1.90417 7.06464 1.94644 2.45477 1.89631 4.49236 3.28882 2.89406 1.86519 2.00219 3.00259 2.77229 1.57583 1.91059 3.74099 5.20714 3.55708 2.90232 7.22431 2.26713
threshold=9.5071868896484393 1.0000000180025095e-35 0.98357290029525768 1.0000000180025095e-35 1.0000000180025095e-35 17.698836326599125 16.880219459533695 16.661190986633304 15.979465961456301 1.0000000180025095e-35 13.211498737335207 13.661875724792482 1.0000000180025095e-35 1.0000000180025095e-35 1.0000000180025095e-35 1.0000000180025095e-35 1.0000000180025095e-35 1.0000000180025095e-35 1.0000000180025095e-35 1.0000000180025095e-35 1.0000000180025095e-35 1.0000000180025095e-35 1.0000000180025095e-35 2.3791923522949223 2.2026009559631352 1.0000000180025095e-35 2.5407255887985234 2.8350445032119755 2.7310061454772954 2.960985660552979
decision_type=2 2 2 2 2 2 2 2 2 2 2 2 2 2 2 2 2 2 2 2 2 2 2 2 2 2 2 2 2 2
left_child=22 2 3 4 5 6 7 8 14 -10 -5 -12 13 -13 -2 17 -17 -16 19 -8 21 -21 23 24 -1 -26 -25 28 -28 -29
right_child=1 -3 -4 10 -6 -7 18 -9 9 -11 11 12 -14 -15 15 16 -18 -19 -20 20 -22 -23 -24 26 25 -27 27 29 -30 -31
leaf_value=0.00074758549816900924 -0.008410400377349447 0.076062174680920067 -0.10610347453381358 -0.096583707925948808 -0.089585939253154806 0.072513648290724819 -0.11118043098690047 0.063478274614533703 -0.092733414477853743 -0.0019360481755352238 0.13621702802283489 0.0020784594309137838 -0.0025938209550938852 -0.11242434717271732 0.01506846504620438 0.033351429475799062 -0.1193967277680253 0.14734508972881613 -0.10817971105878568 -0.10831445321642041 0.069412071222888519 0.041679161669786996 -0.052707501109199639 -0.055956581280810914 0.12254149763688259 -0.00081909874030128456 -0.0061897693572597872 -0.043792891873762695 0.10414727782087617 0.0049997951714626197
leaf_weight=19.189511984586716 217.15374249219894 3.228956200182437 2.6187379062175742 4.7392441183328655 3.3243002481758586 3.2638107612729064 2.2213155031204197 4.3671081960201255 6.0783764943480474 5.4537316188216209 2.3432701751589802 2.6405580937862378 5.2460984699428073 6.4353973008692265 3.0192683488130552 3.2380977347493172 2.4961942508816719 3.6578885093331337 3.7771726921200743 3.2730507664382458 3.3424162566661835 1.976251848042011 4.5933395326137534 9.5244634896516782 7.8606781810522062 6.0593515783548355 14.393910720944406 9.7276008576154691 10.096499547362326 452.39420540630817
leaf_count=78 1662 18 49 41 29 38 27 34 83 61 19 30 49 71 26 26 20 26 55 47 42 25 23 39 32 25 59 40 41 2091
internal_value=-0.000473973 -0.0115286 -0.0125017 -0.0116507 -0.00932259 -0.0083093 -0.00932366 -0.00704353 -0.00832092 -0.0497938 -0.0406528 -0.0247473 -0.0510831 -0.0791109 -0.00623755 0.0317792 -0.0331414 0.0875324 -0.0476845 -0.0265525 -0.00467266 -0.051845 0.00561196 0.00611812 0.0293765 0.068843 0.00456598 0.00575059 0.0392982 0.00397272
internal_weight=827.735 293.895 290.666 288.047 266.643 263.318 260.055 245.464 241.097 11.5321 21.4046 16.6653 14.3221 9.07596 229.565 12.4114 5.73429 6.67716 14.5902 10.813 8.59172 5.2493 533.84 529.246 33.1095 13.92 496.137 486.612 24.4904 462.122
internal_count=4906 2478 2460 2411 2201 2172 2134 1938 1904 144 210 169 150 101 1760 98 46 52 196 141 114 72 2428 2405 135 57 2270 2231 100 2131
is_linear=0
shrinkage=0.1


Tree=23
num_leaves=31
num_cat=0
split_feature=0 210 106 176 149 0 101 13 168 67 45 54 54 102 54 85 80 11 236 139 0 36 129 140 81 1 126 12 9 0
split_gain=4.77136 4.85957 4.67568 2.38145 2.37252 2.23162 2.64267 11.7336 2.48626 6.35355 10.2481 4.15441 2.83171 2.64637 2.92848 2.49554 2.31884 2.19909 2.14177 2.26728 4.68421 3.83556 4.83984 3.95897 3.83707 3.40974 3.31109 3.24521 2.49733 2.47452
threshold=12.992471218109133 1.0000000180025095e-35 1.0000000180025095e-35 1.0000000180025095e-35 1.0000000180025095e-35 3.4195755720138554 1.0000000180025095e-35 1.0000000180025095e-35 1.0000000180025095e-35 1.0000000180025095e-35 1.0000000180025095e-35 1.0000000180025095e-35 1.0000000180025095e-35 1.0000000180025095e-35 1.0000000180025095e-35 1.0000000180025095e-35 1.0000000180025095e-35 1.0000000180025095e-35 1.0000000180025095e-35 1.0000000180025095e-35 11.377138614654543 1.0000000180025095e-35 1.0000000180025095e-35 1.0000000180025095e-35 1.0000000180025095e-35 -0.011027454398572443 1.0000000180025095e-35 1.0000000180025095e-35 1.0000000180025095e-35 8.9486651420593279
decision_type=2 2 2 2 2 2 2 2 2 2 2 2 2 2 2 2 2 2 2 2 2 2 2 2 2 2 2 2 2 2
left_child=1 2 4 -2 5 16 8 -8 13 12 11 -11 -10 15 -15 18 -1 -9 19 26 21 22 23 27 25 -25 -7 29 -24 -21
right_child=3 -3 -4 -5 -6 6 7 17 9 10 -12 -13 -14 14 -16 -17 -18 -19 -20 20 -22 -23 28 24 -26 -27 -28 -29 -30 -31
leaf_value=0.017021818348497995 -0.015242606450023592 0.11539961226601372 0.11261957166522277 -0.11088558515498306 0.069815537302166719 -0.0072465065241206911 -0.027499236915417093 0.16434140283783835 0.01639907108970471 0.15458615288602093 -0.050491225257651921 0.048773386808956404 -0.078461077313853461 -0.076807384872746506 0.0077649132398199183 0.058350522885885429 -0.045989577929662163 0.067229713002011054 -0.075367286396524666 0.050065853876973987 -0.068706501694099642 0.10056525001313621 0.10400846839851992 -0.074275369888166812 -0.11710397269643175 0.048378090985486462 0.057596914278260185 0.083813326135528735 0.012610698894582585 -0.055668506282350497
leaf_weight=111.92511962354183 141.19204399362206 3.8273680806159964 3.8271987885236731 2.6522757820785037 5.0862393900752059 404.98672895133495 13.591555178165436 4.8920641541481018 6.0744795054197294 7.496515020728113 6.2433542385697356 7.3470335155725479 6.5295051410794258 10.330150432884695 6.7826914414763442 6.4842832386493674 6.1617987453937522 4.4556879177689552 4.1808859705924979 3.8985229581594449 5.8358495682477942 6.0563326478004447 7.4992037117481214 4.1383911073207846 4.8527383357286462 5.0109403133392325 8.030945420265196 6.2452424839138994 4.9713771939277649 5.1206725612282753
leaf_count=458 1393 19 19 33 27 2172 69 22 33 35 32 39 36 53 38 34 27 21 21 18 46 30 31 20 26 30 43 30 21 30
internal_value=-0.000455616 0.00303574 0.00240149 -0.0170061 0.00177585 0.00125867 -0.00141468 0.0318129 -0.00285795 0.0234267 0.0570004 0.102213 -0.0327433 -0.00464903 -0.0432871 -0.00326376 0.0137339 0.118052 -0.00411232 -0.00347391 0.0158699 0.0261971 0.0154058 -0.00682277 -0.0452244 -0.00710006 -0.00598565 0.0284031 0.0675729 -0.00996511
internal_weight=825.727 681.883 678.056 143.844 674.228 669.142 551.055 22.9393 528.116 33.6909 21.0869 14.8435 12.604 494.425 17.1128 477.312 118.087 9.34775 470.828 466.647 53.6293 47.7934 41.7371 29.2665 14.0021 9.14933 413.018 15.2644 12.4706 9.0192
internal_count=4906 3480 3461 1426 3442 3415 2930 112 2818 175 106 74 69 2643 91 2552 485 43 2518 2497 282 236 206 154 76 50 2215 78 52 48
is_linear=0
shrinkage=0.1


Tree=24
num_leaves=31
num_cat=0
split_feature=1 7 154 264 5 0 113 36 42 80 12 11 8 26 24 85 9 101 105 104 60 67 10 1 16 0 15 96 8 54
split_gain=4.0084 2.56063 3.57444 3.46785 3.19144 4.24335 2.61293 2.58477 2.58398 2.57342 3.07559 3.86602 3.63643 4.60434 3.53506 2.36715 2.35235 3.2797 2.29576 2.57118 2.31695 10.5449 10.3371 3.083 5.06495 3.38661 2.82389 2.33389 3.05022 2.49495
threshold=-0.070803865790367113 1.0000000180025095e-35 1.0000000180025095e-35 1.0000000180025095e-35 1.0000000180025095e-35 15.868583202362062 1.0000000180025095e-35 1.0000000180025095e-35 1.0000000180025095e-35 1.0000000180025095e-35 1.0000000180025095e-35 1.0000000180025095e-35 1.0000000180025095e-35 1.0000000180025095e-35 1.0000000180025095e-35 1.0000000180025095e-35 1.0000000180025095e-35 1.0000000180025095e-35 1.0000000180025095e-35 1.0000000180025095e-35 1.0000000180025095e-35 1.0000000180025095e-35 1.0000000180025095e-35 0.63586583733558666 1.0000000180025095e-35 11.880903720855715 1.0000000180025095e-35 1.0000000180025095e-35 1.0000000180025095e-35 1.0000000180025095e-35
decision_type=2 2 2 2 2 2 2 2 2 2 2 2 2 2 2 2 2 2 2 2 2 2 2 2 2 2 2 2 2 2
left_child=16 2 3 6 5 18 7 15 -8 10 14 12 13 -12 -6 -2 -1 -18 19 20 21 22 -3 25 -25 27 -23 29 -29 -22
right_child=1 4 -4 -5 9 -7 8 -9 -10 -11 11 -13 -14 -15 -16 -17 17 -19 -20 -21 23 26 -24 24 -26 -27 -28 28 -30 -31
leaf_value=0.011183014525340877 0.0017412788199372569 0.22847297957432788 0.10692403346166263 0.097995560463904785 0.042893314399240906 -0.068884919758527854 -0.083510362423664608 -0.026354498342068579 0.011104603861188533 -0.11873015733822903 -0.0096340617778784068 -0.075460864206042699 -0.057180932814702594 0.13184268904726895 -0.060405297865588806 0.088748363704392402 -0.0056898810321389269 0.076303156366674771 0.069621133602321819 0.094120768337217622 -0.09686188647013802 -0.084488727213571424 -0.025082597729721996 0.10941492044389839 -0.072008624295095233 -0.064446437567196244 0.025818612252963391 0.11530184452117498 -0.013855530656170326 -0.0074675800518839881
leaf_weight=290.29655089974403 156.94336277619004 3.8701054826378831 2.9921372011303893 3.3365877196192733 3.7143852561712256 9.7276116386055929 7.9444452673196775 35.486814893782139 4.5337604507803917 3.6585272252559653 4.4298534542322177 4.6483840420842162 3.3990820460021487 4.7853358536958694 30.649243474006653 3.1904870308935633 174.02789479494095 5.0191345810890189 4.6187877729535094 2.6147651001811019 3.8068074211478296 5.8344765976071358 2.7506748139858246 4.3706590905785552 2.3750124648213387 15.644632615149019 3.8537273705005646 3.1990458667278281 4.2679249420762062 17.357039488852024
leaf_count=1283 1157 28 21 19 31 130 64 343 36 32 36 43 32 30 253 21 790 22 34 18 27 50 19 37 23 142 27 20 26 112
internal_value=-0.000436613 -0.00847068 -0.00160894 -0.00314484 -0.0190122 -0.00676607 -0.0047665 -0.00193642 -0.0491335 -0.0376836 -0.0319402 0.00249674 0.0312243 0.0638331 -0.0492397 0.0034748 0.00562311 -0.00339141 0.00133798 -0.00317108 -0.0069494 0.0258613 0.123131 -0.0174374 0.0455394 -0.0270323 -0.0406112 -0.00658829 0.0414789 -0.0235472
internal_weight=823.347 354.004 214.428 211.435 139.576 84.2913 208.099 195.621 12.4782 55.2848 51.6263 17.2627 12.6143 9.21519 34.3636 160.134 469.344 179.047 74.5637 69.9449 67.3301 16.309 6.62078 51.0211 6.74567 44.2755 9.6882 28.6308 7.46697 21.1638
internal_count=4906 2811 1661 1640 1150 693 1621 1521 100 457 425 141 98 66 284 1178 2095 812 563 529 511 124 47 387 60 327 77 185 46 139
is_linear=0
shrinkage=0.1


Tree=25
num_leaves=31
num_cat=0
split_feature=0 210 106 176 305 1 0 10 87 102 0 99 100 8 5 68 0 0 67 5 14 108 14 12 28 0 14 73 16 21
split_gain=3.42142 3.80176 3.66511 2.19003 2.00029 1.98615 1.93649 2.64002 2.07589 2.58009 2.36615 4.30478 2.56868 2.42974 2.85683 2.21168 2.17134 4.48137 4.39148 4.86968 4.43718 2.62804 4.07812 2.6941 5.20951 2.45195 2.7714 2.44238 3.83484 1.96446
threshold=12.992471218109133 1.0000000180025095e-35 1.0000000180025095e-35 1.0000000180025095e-35 1.0000000180025095e-35 0.98357290029525768 13.151266574859621 1.0000000180025095e-35 1.0000000180025095e-35 1.0000000180025095e-35 13.661875724792482 1.0000000180025095e-35 1.0000000180025095e-35 1.0000000180025095e-35 1.0000000180025095e-35 1.0000000180025095e-35 14.405201911926271 14.97056818008423 1.0000000180025095e-35 1.0000000180025095e-35 1.0000000180025095e-35 1.0000000180025095e-35 1.0000000180025095e-35 1.0000000180025095e-35 1.0000000180025095e-35 17.433264732360843 1.0000000180025095e-35 1.0000000180025095e-35 1.0000000180025095e-35 1.0000000180025095e-35
decision_type=2 2 2 2 2 2 2 2 2 2 2 2 2 2 2 2 2 2 2 2 2 2 2 2 2 2 2 2 2 2
left_child=1 2 4 5 -1 6 7 -2 9 10 11 13 16 14 -8 -11 27 18 -18 20 -20 23 -23 24 -19 29 -27 28 -12 -26
right_child=3 -3 -4 -5 -6 -7 8 -9 -10 15 12 -13 -14 -15 -16 -17 17 21 19 -21 -22 22 -24 -25 25 26 -28 -29 -30 -31
leaf_value=0.00091091448170931759 -0.11357600289596821 0.09988891021038665 0.097767334580874832 -0.10976234360871198 0.06715680991656009 -0.10527265997255547 -0.028958238078305422 0.024918975132177144 -0.057099134061045026 -0.11400277327197023 -0.053233966840602748 -0.048263526450572025 -0.08688474117501338 0.13445392934371289 0.11097029268311054 -0.005774605028194566 -0.010254424282315953 0.09352433424057198 0.23219794269998317 0.0065804361834059235 0.058452261162696688 0.12994458520127586 -0.038828759661008773 0.0082816182794508957 -0.070446947280605923 -0.057140667548826789 0.11651955291474572 -0.076676967831730281 0.0699709766694359 0.031585676812647255
leaf_weight=668.07236339896917 4.0386294871568671 3.9850118458271018 3.9668617397546759 2.3788515441119662 4.5893188640475264 2.2936518080532542 3.3133942261338216 2.0879774689674377 8.3427743315696699 3.9362449422478667 6.2106748931109923 4.1763043254613867 3.8850153163075438 3.8825229406356812 2.6070915311574936 3.6289343945682049 7.332935258746148 2.8024166077375439 3.0931943580508232 3.9907412007451057 2.8007982671260834 3.2073773555457583 2.5860628634691238 24.659800507128239 21.518962487578399 1.9138125889003268 1.7678336165845394 7.9347158744931212 4.2586297392845154 2.068334747105836
leaf_count=3419 40 19 19 33 23 49 26 18 72 41 56 33 43 29 21 36 61 24 24 34 24 30 25 276 249 26 23 75 36 22
internal_value=-0.000433091 0.00250164 0.00192807 -0.0146276 0.00136289 -0.0129917 -0.0114359 -0.0663762 -0.00884501 -0.00553372 -0.00178113 0.0367555 -0.0071666 0.0729756 0.0326594 -0.0620869 -0.00394541 0.00336641 0.0483812 0.0918798 0.149635 -0.00943914 0.0546079 -0.0162187 -0.03631 -0.049653 0.0262466 -0.034832 -0.00311753 -0.0614999
internal_weight=821.331 680.614 676.629 140.718 672.662 138.339 136.045 6.12661 129.919 121.576 114.011 13.9793 100.031 9.80301 5.92049 7.56518 96.1463 77.7423 17.2177 9.88473 5.89399 60.5246 5.79344 54.7312 30.0714 27.2689 3.68165 18.404 10.4693 23.5873
internal_count=4906 3480 3461 1426 3442 1393 1344 58 1286 1214 1137 109 1028 76 47 77 985 818 143 82 48 675 55 620 344 320 49 167 92 271
is_linear=0
shrinkage=0.1


Tree=26
num_leaves=31
num_cat=0
split_feature=1 7 113 264 5 0 154 80 12 83 11 16 82 13 73 42 0 74 69 11 5 102 1 6 8 139 34 39 83 10
split_gain=3.06747 2.14365 2.73628 2.85494 2.65962 3.56901 2.60998 2.41709 2.55934 3.54211 3.2668 3.08839 4.24199 2.35632 3.05068 2.28369 2.12927 3.90954 5.57443 4.31506 2.1069 3.41175 3.16387 3.82811 2.78708 3.03841 2.80102 3.20088 3.38349 4.17953
threshold=-0.070803865790367113 1.0000000180025095e-35 1.0000000180025095e-35 1.0000000180025095e-35 1.0000000180025095e-35 15.868583202362062 1.0000000180025095e-35 1.0000000180025095e-35 1.0000000180025095e-35 1.0000000180025095e-35 1.0000000180025095e-35 1.0000000180025095e-35 1.0000000180025095e-35 1.0000000180025095e-35 1.0000000180025095e-35 1.0000000180025095e-35 10.260096073150637 1.0000000180025095e-35 1.0000000180025095e-35 1.0000000180025095e-35 1.0000000180025095e-35 1.0000000180025095e-35 -0.10852536559104918 1.0000000180025095e-35 1.0000000180025095e-35 1.0000000180025095e-35 1.0000000180025095e-35 1.0000000180025095e-35 1.0000000180025095e-35 1.0000000180025095e-35
decision_type=2 2 2 2 2 2 2 2 2 2 2 2 2 2 2 2 2 2 2 2 2 2 2 2 2 2 2 2 2 2
left_child=20 2 3 6 5 -3 -2 8 11 10 -10 12 16 -7 -15 -4 -6 19 -19 -18 22 24 -1 -24 26 -26 27 28 29 -22
right_child=1 4 15 -5 7 13 -8 -9 9 -11 -12 -13 -14 14 -16 -17 17 18 -20 -21 21 -23 23 -25 25 -27 -28 -29 -30 -31
leaf_value=-0.0030156781904971727 -0.0014719131816282301 0.0011286791659569214 -0.080705399135202846 0.093330266708708351 -0.093286209736132206 -0.10907822243999353 0.089746626824406511 -0.11678901204842572 0.052384495501693856 -0.091622904943976763 -0.05961487360231868 -0.086887682863286991 0.09411631065855941 0.07164848987200613 -0.10825513066913633 0.008415438214207361 -0.11454237023034215 0.13375373237462568 -0.070118350427604614 0.043957711092706804 -0.021584496667049698 0.07171026910776937 0.09423863681881639 -0.025298588407704228 0.019762456310170956 0.095436124272729142 -0.030514052541190224 0.087863778925446626 0.05130808830480095 0.025585725088450823
leaf_weight=264.06744673848152 194.51402951404452 74.186108905822039 7.6343535520136339 3.3327551782131186 5.3273276612162652 5.2219939567148668 3.188096620142459 3.3604097366332999 10.375418305397035 3.2572391629219046 3.4770683459937564 11.64256179705262 2.7067166753113261 2.1863447055220604 1.6568950340151789 4.6124148741364479 5.3468375429511052 3.1294899471104145 2.3470027856528759 2.5305327288806438 49.270013600587845 9.3630180060863477 7.3166865706443769 4.2266219556331635 58.830506578087807 5.8318470716476432 23.029321625828743 4.8026975989341727 13.063244074583052 30.358193635940552
leaf_count=1186 1521 563 65 18 31 77 21 32 79 28 34 102 21 28 25 36 52 26 26 26 209 40 34 21 256 25 114 24 57 129
internal_value=-0.000428033 -0.00751564 -0.00124932 0.0015463 -0.0172887 -0.00610912 -9.45091e-07 -0.0346851 -0.0291825 0.00220859 0.0242719 -0.045443 -0.0228826 -0.0653403 -0.00591144 -0.0471404 -0.0398345 -0.0185108 0.0463824 -0.0636257 0.00484869 0.0128164 -0.00077557 0.0504697 0.0098387 0.0265874 0.000852807 0.00826205 0.00413758 -0.00360089
internal_weight=820.193 350.034 213.282 201.035 136.752 83.2513 197.702 53.5006 50.1402 17.1097 13.8525 33.0305 21.3879 9.06523 3.84324 12.2468 18.6812 13.3539 5.47649 7.87737 470.16 194.549 275.611 11.5433 185.186 64.6624 120.523 97.4941 92.6915 79.6282
internal_count=4906 2811 1661 1560 1150 693 1542 457 425 141 113 284 182 130 53 101 161 130 52 78 2095 854 1241 55 814 281 533 419 395 338
is_linear=0
shrinkage=0.1


Tree=27
num_leaves=31
num_cat=0
split_feature=65 106 13 0 210 178 208 232 6 1 113 10 5 0 12 0 14 26 6 8 108 16 137 146 21 35 54 0 14 99
split_gain=2.7793 2.82264 2.629 2.64963 2.29932 2.43348 2.06364 1.99721 2.81565 2.13477 3.58852 2.25653 2.81513 3.27332 2.94563 4.61176 6.20337 3.55257 2.83566 2.75858 2.72156 1.9685 4.04092 3.46224 3.20836 7.06424 7.3171 5.48328 3.98358 2.61579
threshold=1.0000000180025095e-35 1.0000000180025095e-35 1.0000000180025095e-35 15.868583202362062 1.0000000180025095e-35 1.0000000180025095e-35 1.0000000180025095e-35 1.0000000180025095e-35 1.0000000180025095e-35 -0.51950716972351063 1.0000000180025095e-35 1.0000000180025095e-35 1.0000000180025095e-35 3.9219712018966679 1.0000000180025095e-35 3.7193702459335332 1.0000000180025095e-35 1.0000000180025095e-35 1.0000000180025095e-35 1.0000000180025095e-35 1.0000000180025095e-35 1.0000000180025095e-35 1.0000000180025095e-35 1.0000000180025095e-35 1.0000000180025095e-35 1.0000000180025095e-35 1.0000000180025095e-35 10.380561351776125 1.0000000180025095e-35 1.0000000180025095e-35
decision_type=2 2 2 2 2 2 2 2 2 2 2 2 2 2 2 2 2 2 2 2 2 2 2 2 2 2 2 2 2 2
left_child=1 4 3 -2 5 6 7 9 -9 10 11 20 14 18 15 16 -13 -16 19 -14 -1 23 24 29 -23 26 27 -26 -28 -11
right_child=2 -3 -4 -5 -6 -7 -8 8 -10 21 -12 12 13 -15 17 -17 -18 -19 -20 -21 -22 22 -24 -25 25 -27 28 -29 -30 -31
leaf_value=0.021342004066680163 0.027769091487082315 0.077082377087645884 -0.084666273871884939 -0.067097146797226767 0.06693921362580306 -0.040017486871043735 -0.073324129395670012 0.0040983674756423427 -0.10457035799815734 0.0081489014013163621 0.091124071056571262 -0.059537320301538646 0.085726811116305743 -0.043061121053033419 0.014118497722734697 0.08079117271906755 0.054040488849551462 -0.079883038705531331 -0.013282101208265899 0.00044175294902576824 -0.054114664178203875 -0.0095590829038422545 -0.048849857904284977 -0.071843895064630806 0.052589326773481306 -0.067889102401213805 -0.051136097837861175 0.19026866545989729 0.083571826377603034 -0.016272523747318312
leaf_weight=100.22989757359028 7.5395886525511759 4.7840247675776473 7.3880657963454714 4.8304127119481564 5.1043730378150931 15.200894255191086 3.7798083201050749 5.3347741179168207 4.3112162612378597 285.58771610632539 5.368089258670806 14.066349133849149 11.523568689823152 6.9385166913270941 5.809287205338479 5.6624474078416815 7.3068192154169074 13.056299820542336 8.3855281025171298 5.6531879007816306 5.0193043053150168 176.07064858078957 22.823794607073069 6.0631804279983035 7.696620367467407 6.2315148748457423 7.1521727479994297 4.6345439665019512 3.1674843989312649 51.816987913101912
leaf_count=411 67 27 90 74 27 92 30 40 32 1774 22 60 47 30 24 24 30 56 34 23 21 1141 116 35 36 44 48 32 20 399
internal_value=-0.000416031 0.000500417 -0.0374662 -0.00927562 3.89911e-05 -0.000393875 0.000384621 0.000746488 -0.0444705 0.00132019 0.0105321 0.00817646 -0.00466663 0.0178524 -0.0206115 0.000549909 -0.0207086 -0.0509371 0.0343865 0.0576579 0.0177435 -0.00172796 -0.00893646 0.00305248 -0.00449166 0.0264 0.0523401 0.104335 -0.00978925 0.00439838
internal_weight=818.537 798.779 19.7581 12.37 793.995 788.891 773.69 769.91 9.64599 760.264 189.019 183.651 78.402 32.5008 45.9012 27.0356 21.3732 18.8656 25.5623 17.1768 105.249 571.245 227.777 343.468 204.953 28.8823 22.6508 12.3312 10.3197 337.405
internal_count=4906 4675 231 141 4648 4621 4529 4499 72 4427 782 760 328 134 194 114 90 80 104 70 432 3645 1437 2208 1321 180 136 68 68 2173
is_linear=0
shrinkage=0.1


Tree=28
num_leaves=31
num_cat=0
split_feature=63 106 114 208 305 210 178 12 13 84 74 15 99 0 135 83 55 13 127 0 6 14 0 137 26 0 0 0 9 99
split_gain=2.609 2.31667 2.01246 1.9222 1.8391 1.78954 1.97495 2.23356 5.44664 9.91106 4.97337 4.92701 5.82752 5.17715 4.91531 3.73194 3.5697 3.54387 6.84365 8.2243 5.57663 5.15682 5.14406 5.05623 4.68613 4.18609 5.80531 4.00653 3.87107 5.34334
threshold=1.0000000180025095e-35 1.0000000180025095e-35 1.0000000180025095e-35 1.0000000180025095e-35 1.0000000180025095e-35 1.0000000180025095e-35 1.0000000180025095e-35 1.0000000180025095e-35 1.0000000180025095e-35 1.0000000180025095e-35 1.0000000180025095e-35 1.0000000180025095e-35 1.0000000180025095e-35 3.0266940593719487 1.0000000180025095e-35 1.0000000180025095e-35 1.0000000180025095e-35 1.0000000180025095e-35 1.0000000180025095e-35 6.2258727550506601 1.0000000180025095e-35 1.0000000180025095e-35 3.7193702459335332 1.0000000180025095e-35 1.0000000180025095e-35 12.803559303283693 10.925393581390383 7.2840518951416025 1.0000000180025095e-35 1.0000000180025095e-35
decision_type=2 2 2 2 2 2 2 2 2 2 2 2 2 2 2 2 2 2 2 2 2 2 2 2 2 2 2 2 2 2
left_child=1 2 3 4 5 6 7 16 10 14 11 13 -13 -9 -10 -12 -1 20 19 -19 -18 -21 -22 -20 27 26 -26 -24 -23 -30
right_child=-2 -3 -4 -5 -6 -7 -8 8 9 -11 15 12 -14 -15 -16 -17 17 18 23 21 22 28 24 -25 25 -27 -28 -29 29 -31
leaf_value=0.0077366915346952329 -0.03589634993938505 0.069331996446760899 -0.067987121424659694 -0.070978750172736901 0.060213912190937136 0.058679081078554809 -0.03612488487161862 0.078504409172602693 -0.0062424985542581732 0.091801230494171659 0.0042728805896345154 0.043035338540156599 0.16795117392756806 0.0029385797577832239 -0.056377702876475921 -0.0664231468278422 -0.036831617129533471 -0.11368458498483756 0.022306864468349789 -0.023529982817388315 -0.079638905081915706 0.00062035581696513894 0.090332089309975008 0.12247092584045004 -0.023109205782279679 -0.113403834855059 0.10875815388176142 0.01354854729367176 0.11435319223037277 -0.034506202879414583
leaf_weight=167.2085926271975 20.193218503147364 4.8600223921239367 4.3201162330806246 3.7493495121598235 5.174403265118598 5.2332172468304625 14.839644324034451 10.465151682496069 84.612037640064955 8.9141881093382818 54.437528807669878 47.179132234305143 4.0556810460984698 67.838634826242924 25.433459356427193 8.6540051102638227 90.432953411713243 7.3180544674396506 25.871990531682968 47.425972808152437 7.1922673732042304 18.792415358126163 9.5658707618713361 6.2588646560907355 23.224253222346313 4.028056949377059 3.8989732787013045 23.466392748057842 8.7259286381304282 3.3321702927350989
leaf_count=903 217 26 47 31 28 27 91 43 529 43 334 247 28 407 114 54 570 33 111 337 30 143 42 27 121 45 29 170 55 24
internal_value=-0.000398861 0.000501076 7.85158e-05 0.000451995 0.000793784 0.000398793 4.32236e-06 0.000711327 0.00720973 -0.00961449 0.0175996 0.0288133 0.0529235 0.0130378 -0.0178296 -0.0054242 -0.00382111 -0.0107346 0.00246578 -0.0123065 -0.0203387 -0.00282865 0.000557756 0.0418181 0.00954442 -0.01828 -0.00415323 0.0357844 0.0289951 0.073217
internal_weight=816.703 796.509 791.649 787.329 783.58 778.405 773.172 758.333 311.59 118.96 192.63 129.539 51.2348 78.3038 110.045 63.0915 446.743 279.534 117.725 85.5945 161.809 78.2765 71.3758 32.1309 64.1835 31.1513 27.1232 33.0323 30.8505 12.0581
internal_count=4906 4689 4663 4616 4585 4557 4530 4439 1799 686 1113 725 275 450 643 388 2640 1737 730 592 1007 559 437 138 407 195 150 212 222 79
is_linear=0
shrinkage=0.1


Tree=29
num_leaves=31
num_cat=0
split_feature=65 13 0 106 81 208 63 0 0 10 62 272 232 7 5 176 14 62 305 0 0 13 0 0 0 0 15 0 13 55
split_gain=2.28846 2.34706 2.22619 1.74966 1.69647 1.61307 1.46186 1.98772 4.44991 2.89143 1.65527 1.50894 1.50235 1.58827 1.89497 1.46287 7.03826 2.24338 2.1624 1.69064 3.97312 3.81977 2.91345 2.47542 6.48919 2.49956 2.10827 1.98865 2.4224 2.2587
threshold=1.0000000180025095e-35 1.0000000180025095e-35 15.868583202362062 1.0000000180025095e-35 1.0000000180025095e-35 1.0000000180025095e-35 1.0000000180025095e-35 13.211498737335207 13.661875724792482 1.0000000180025095e-35 1.0000000180025095e-35 1.0000000180025095e-35 1.0000000180025095e-35 1.0000000180025095e-35 1.0000000180025095e-35 1.0000000180025095e-35 1.0000000180025095e-35 1.0000000180025095e-35 1.0000000180025095e-35 2.3791923522949223 2.2026009559631352 1.0000000180025095e-35 2.5407255887985234 2.8350445032119755 2.7310061454772954 2.960985660552979 1.0000000180025095e-35 3.4195755720138554 1.0000000180025095e-35 1.0000000180025095e-35
decision_type=2 2 2 2 2 2 2 2 2 2 2 2 2 2 2 2 2 2 2 2 2 2 2 2 2 2 2 2 2 2
left_child=3 2 4 5 -2 6 11 -8 -9 10 -10 12 15 14 -14 18 17 -17 19 20 -1 -22 -21 24 26 -25 -24 28 29 -27
right_child=1 -3 -4 -5 -6 -7 7 8 9 -11 -12 -13 13 -15 -16 16 -18 -19 -20 22 21 -23 23 25 -26 27 -28 -29 -30 -31
leaf_value=-0.0052649284869397545 0.058219009007946215 -0.081497558134757619 -0.063872991821082553 0.059293672642184006 -0.041042459436220022 -0.066938668830286804 -0.090304383040548053 0.1078269372679185 0.0034337794275705897 0.026846023938590396 -0.1103410183453649 -0.045103102248640087 0.052592195024393253 -0.095001881219527615 -0.062748227766623851 -0.039023611741491292 0.057198491994682736 -0.13246902240386452 0.068929274973308391 -0.053983366911325249 0.1122872595502311 0.0046865731155804067 0.027957017389030971 -0.050347444950407952 0.095789255370709259 0.034773377128050252 -0.049908513345998023 0.00012433748720304443 0.056401790298771438 -0.028094057555319785
leaf_weight=18.695344731211662 5.0652505457401293 6.8476517517119637 4.5388367623090744 5.0174900330603114 2.6085170321166515 3.5778156705200663 3.9907020293176201 2.5882257446646681 1.7464326955378036 4.157501332461834 4.7747951000928879 7.0331170037388793 2.7351173534989339 3.2559713125228882 2.972458504140377 6.4352429695427436 6.2511751577258101 4.2763860896229744 4.879695162177085 9.4690752923488599 7.6677795946598035 5.7907454073429108 7.0680283159017581 9.4433905780315381 9.8300556391477567 11.607050344347954 6.8445723950862885 620.41798018664122 14.204066604375837 11.257823631167412
leaf_count=76 43 90 74 27 24 31 39 19 21 41 64 42 19 25 22 34 39 29 26 39 31 24 29 39 40 47 28 3739 58 47
internal_value=-0.000391733 -0.0346345 -0.00835818 0.000428224 0.0244774 5.4813e-05 0.000359223 -0.0284247 -0.0098113 -0.0383235 -0.0798713 0.00100423 0.00142918 -0.0392695 -0.00747615 0.00191292 -0.0271215 -0.0763297 0.00258101 0.0021389 0.0245601 0.0659903 0.00110921 0.00186452 0.0335941 0.000734955 -0.0103504 0.00146864 0.0239681 0.00381976
internal_weight=815.048 19.0603 12.2126 795.988 7.67377 790.971 787.393 17.2577 13.267 10.6787 6.52123 770.135 763.102 8.96355 5.70758 754.138 16.9628 10.7116 737.176 732.296 32.1539 13.4585 700.142 690.673 23.7427 666.93 13.9126 657.487 37.0689 22.8649
internal_count=4906 231 141 4675 67 4648 4617 184 145 126 85 4433 4391 66 41 4325 102 63 4223 4197 131 55 4066 4027 97 3930 57 3891 152 94
is_linear=0
shrinkage=0.1


Tree=30
num_leaves=31
num_cat=0
split_feature=65 13 0 61 210 106 178 12 7 232 6 0 1 0 15 85 78 67 0 25 105 16 0 1 81 5 8 1 14 105
split_gain=1.92877 2.10906 1.88484 1.56112 1.41484 1.4089 1.6143 1.73723 1.75362 1.44842 2.50124 1.40319 1.32235 4.6356 3.57019 5.79123 5.47974 4.56639 4.32079 4.15054 4.25514 6.05396 3.33427 4.19376 3.52135 3.2753 3.03921 2.65623 2.64936 4.17606
threshold=1.0000000180025095e-35 1.0000000180025095e-35 15.868583202362062 1.0000000180025095e-35 1.0000000180025095e-35 1.0000000180025095e-35 1.0000000180025095e-35 1.0000000180025095e-35 1.0000000180025095e-35 1.0000000180025095e-35 1.0000000180025095e-35 16.735113143920902 -0.43676325678825373 5.1238877773284921 1.0000000180025095e-35 1.0000000180025095e-35 1.0000000180025095e-35 1.0000000180025095e-35 9.2908968925476092 1.0000000180025095e-35 1.0000000180025095e-35 1.0000000180025095e-35 5.7987680435180673 -0.3099094927310943 1.0000000180025095e-35 1.0000000180025095e-35 1.0000000180025095e-35 -0.45531979203224177 1.0000000180025095e-35 1.0000000180025095e-35
decision_type=2 2 2 2 2 2 2 2 2 2 2 2 2 2 2 2 2 2 2 2 2 2 2 2 2 2 2 2 2 2
left_child=4 2 3 -2 5 6 9 8 -8 12 -11 -3 27 -14 19 16 22 -18 -17 20 21 25 26 24 -24 -15 -16 -1 -25 -30
right_child=1 11 -4 -5 -6 -7 7 -9 -10 10 -12 -13 13 14 15 18 17 -19 -20 -21 -22 -23 23 28 -26 -27 -28 -29 29 -31
leaf_value=0.0043716216940045674 -0.028650312774060452 -0.11043992721503702 -0.060906742838158806 0.061408416964031112 0.051663579447779266 0.052382281721012142 0.025592961807936489 -0.081916396679181838 -0.060903655488226904 0.005842130782518949 -0.099599898773985285 -0.0097260929717634392 -0.10277579760777472 -0.01687686115309182 -0.072238889763746261 0.18150488489391703 -1.1711152197195317e-05 0.10389124570759166 0.024863176563424093 -0.011225524011285092 0.13308323385183915 -0.095570066440694573 0.12676092688103513 -0.0092993743294909406 0.0046665270183752329 0.10323633126231553 0.0082534672260014662 0.051326395000063557 0.023481960856951728 -0.086444722076213065
leaf_weight=236.18352609872818 3.4517385251820105 4.3862604200839987 4.2966892328113317 4.351128451526165 5.3419715017080298 5.106474954634904 5.8830440156161767 4.8804921880364409 3.8961812146008015 5.2740668877959234 3.9232093468308449 2.0206514913588762 4.534848451614379 3.7800592370331305 11.262004494667053 3.2887241393327704 7.3852101266384134 9.8996724635362625 3.7906803637742996 279.03672793880105 3.7910257242619982 3.7020537592470637 5.0584800690412504 94.589527141302824 4.4317402988672256 5.6837974153459072 8.0394271165132523 12.695335581898687 59.722271185368299 3.6681531779468051
leaf_count=991 32 56 74 35 27 27 35 31 26 40 32 34 21 30 51 15 38 49 27 1894 26 30 23 679 20 42 36 55 410 20
internal_value=-0.000370199 -0.0322842 -0.00771886 0.0215693 0.000372854 2.58105e-05 -0.000315032 -0.0331875 -0.00886851 0.000311025 -0.0391354 -0.0786762 0.000788052 -0.00212007 -0.00121999 0.00871452 0.00562971 0.0594972 0.0976308 -0.00830639 0.0397298 0.0128493 0.000644515 0.0051805 0.0697453 0.0552606 -0.0387122 0.00676679 0.00130194 0.0171209
internal_weight=813.355 18.5065 12.0996 7.80287 794.849 789.507 784.4 14.6597 9.77923 769.741 9.19728 6.40691 760.543 511.664 507.13 211.136 204.056 17.2849 7.0794 295.994 16.9569 13.1659 186.772 167.47 9.49022 9.46386 19.3014 248.879 157.98 63.3904
internal_count=4906 231 141 67 4675 4648 4621 92 61 4529 72 90 4457 3411 3390 1368 1326 87 42 2022 128 102 1239 1152 43 72 87 1046 1109 430
is_linear=0
shrinkage=0.1


Tree=31
num_leaves=31
num_cat=0
split_feature=63 114 0 0 10 62 11 176 14 62 78 267 156 0 12 0 11 12 13 101 15 74 0 5 0 45 0 56 135 8
split_gain=1.75996 1.72517 1.60868 3.74721 1.7069 2.56759 1.50093 1.4802 5.54577 2.11003 1.73036 1.62416 1.35193 2.80457 3.71189 2.03947 2.3557 1.62195 3.44637 7.13341 4.19128 4.6682 4.50979 7.35323 3.95644 4.83795 4.54034 4.1229 3.91604 6.05267
threshold=1.0000000180025095e-35 1.0000000180025095e-35 13.211498737335207 13.661875724792482 1.0000000180025095e-35 1.0000000180025095e-35 1.0000000180025095e-35 1.0000000180025095e-35 1.0000000180025095e-35 1.0000000180025095e-35 1.0000000180025095e-35 1.0000000180025095e-35 1.0000000180025095e-35 2.2026009559631352 1.0000000180025095e-35 2.5407255887985234 1.0000000180025095e-35 1.0000000180025095e-35 1.0000000180025095e-35 1.0000000180025095e-35 1.0000000180025095e-35 1.0000000180025095e-35 10.186173915863039 1.0000000180025095e-35 16.041068077087406 1.0000000180025095e-35 13.550992488861086 1.0000000180025095e-35 1.0000000180025095e-35 1.0000000180025095e-35
decision_type=2 2 2 2 2 2 2 2 2 2 2 2 2 2 2 2 2 2 2 2 2 2 2 2 2 2 2 2 2 2
left_child=1 7 -2 -4 5 -5 -6 11 9 -9 -10 12 15 -14 -15 16 -1 -17 20 24 -19 -22 -23 -24 25 26 28 -26 -20 -30
right_child=2 -3 3 4 6 -7 -8 8 10 -11 -12 -13 13 14 -16 17 -18 18 19 -21 21 22 23 -25 27 -27 -28 -29 29 -31
leaf_value=-0.086496956432048994 -0.08804426285502498 -0.06450589164699759 0.08939429691449724 0.017079540471411716 0.051933362787595694 -0.10913308510873543 -0.061541196974114358 -0.036967858531303958 -0.011197161371016501 -0.12795634410909468 0.090925189769941989 0.068392414163015003 -0.0076944279283235068 0.091775251541230077 -0.0034550261380643481 -0.0031729839492723256 0.0050985733334707141 0.0019408677991218659 0.016039826093478201 0.10698921182577706 0.051655537286800605 -0.02904552047452405 -0.016621147430563664 0.14719347572377511 -0.046233831877965106 -0.055121661919609467 -0.070984496621276663 0.16052959941385173 -0.088993477356452647 0.049136204698941144
leaf_weight=5.7973623126745206 3.8636255748569992 4.0789934098720542 2.7689179703593245 2.3534577749669534 2.9280380941927433 5.1149440482258797 1.9365805424749849 6.4455892853438872 3.1075643338263026 4.2155837155878544 3.5598372220993042 3.5961154215037814 17.229955479502678 9.3058626502752322 7.3068272322416297 425.50244099833071 5.4449944943189621 105.98468809947371 55.8751270622015 5.2130541801452628 48.346984777599573 18.511614672839645 6.62553698197007 4.6726039461791515 1.5391999706625927 24.804983802139759 9.095978166908024 2.5824452787637711 9.4669945389032346 4.7710075676441184
leaf_count=25 41 47 19 30 28 77 22 36 26 32 16 34 70 38 30 2571 23 640 280 24 260 87 54 33 20 154 89 36 43 21
internal_value=-0.000359511 0.000360411 -0.0304644 -0.0157334 -0.0393359 -0.0693607 0.0067597 0.000695758 -0.0282082 -0.072946 0.0433277 0.00134482 0.0010309 0.0205725 0.0498897 0.000130186 -0.0421346 0.000787393 0.00645195 -0.00726671 0.0148965 0.0324651 0.00134095 0.0511281 -0.0127748 -0.0165825 -0.00451359 0.0833152 0.00410987 -0.0427076
internal_weight=812.047 793.081 18.9656 15.1019 12.333 7.4684 4.86462 789.002 17.3286 10.6612 6.6674 771.674 768.078 33.8426 16.6127 734.235 11.2424 722.993 297.49 113.349 184.141 78.1567 29.8098 11.2981 108.136 104.014 79.2091 4.12165 70.1131 14.238
internal_count=4906 4689 217 176 157 107 50 4642 110 68 42 4532 4498 138 68 4360 48 4312 1741 667 1074 434 174 87 643 587 433 56 344 64
is_linear=0
shrinkage=0.1


end of trees

feature_importances:
Column_0=187
Column_1=55
Column_11=31
Column_6=26
Column_13=25
Column_16=25
Column_7=22
Column_8=22
Column_67=22
Column_14=21
Column_5=20
Column_9=20
Column_10=20
Column_15=20
Column_26=20
Column_12=19
Column_61=16
Column_81=15
Column_54=14
Column_73=12
Column_62=11
Column_108=11
Column_55=10
Column_101=10
Column_113=10
Column_139=9
Column_23=8
Column_42=8
Column_63=8
Column_80=8
Column_99=8
Column_25=7
Column_34=7
Column_21=6
Column_53=6
Column_88=6
Column_106=6
Column_210=6
Column_97=5
Column_126=5
Column_137=5
Column_174=5
Column_176=5
Column_178=5
Column_208=5
Column_224=5
Column_56=4
Column_57=4
Column_69=4
Column_71=4
Column_74=4
Column_83=4
Column_87=4
Column_98=4
Column_100=4
Column_102=4
Column_167=4
Column_36=3
Column_45=3
Column_64=3
Column_65=3
Column_78=3
Column_82=3
Column_85=3
Column_94=3
Column_105=3
Column_128=3
Column_133=3
Column_140=3
Column_142=3
Column_154=3
Column_190=3
Column_232=3
Column_305=3
Column_18=2
Column_22=2
Column_33=2
Column_35=2
Column_44=2
Column_50=2
Column_52=2
Column_68=2
Column_70=2
Column_79=2
Column_84=2
Column_86=2
Column_91=2
Column_104=2
Column_114=2
Column_127=2
Column_135=2
Column_151=2
Column_156=2
Column_264=2
Column_267=2
Column_19=1
Column_24=1
Column_28=1
Column_39=1
Column_41=1
Column_46=1
Column_47=1
Column_51=1
Column_60=1
Column_93=1
Column_96=1
Column_107=1
Column_129=1
Column_132=1
Column_144=1
Column_146=1
Column_148=1
Column_149=1
Column_153=1
Column_168=1
Column_177=1
Column_212=1
Column_222=1
Column_236=1
Column_237=1
Column_272=1

parameters:
[boosting: gbdt]
[objective: binary]
[metric: binary_logloss]
[tree_learner: serial]
[device_type: cpu]
[data_sample_strategy: bagging]
[data: ]
[valid: ]
[num_iterations: 300]
[learning_rate: 0.1]
[num_leaves: 31]
[num_threads: 0]
[seed: 0]
[deterministic: 0]
[force_col_wise: 0]
[force_row_wise: 0]
[histogram_pool_size: -1]
[max_depth: -1]
[min_data_in_leaf: 20]
[min_sum_hessian_in_leaf: 0.001]
[bagging_fraction: 1]
[pos_bagging_fraction: 1]
[neg_bagging_fraction: 1]
[bagging_freq: 0]
[bagging_seed: 7719]
[bagging_by_query: 0]
[feature_fraction: 1]
[feature_fraction_bynode: 1]
[feature_fraction_seed: 2437]
[extra_trees: 0]
[extra_seed: 11797]
[early_stopping_round: 0]
[early_stopping_min_delta: 0]
[first_metric_only: 0]
[max_delta_step: 0]
[lambda_l1: 0]
[lambda_l2: 0]
[linear_lambda: 0]
[min_gain_to_split: 0]
[drop_rate: 0.1]
[max_drop: 50]
[skip_drop: 0.5]
[xgboost_dart_mode: 0]
[uniform_drop: 0]
[drop_seed: 21238]
[top_rate: 0.2]
[other_rate: 0.1]
[min_data_per_group: 100]
[max_cat_threshold: 32]
[cat_l2: 10]
[cat_smooth: 10]
[max_cat_to_onehot: 4]
[top_k: 20]
[monotone_constraints: ]
[monotone_constraints_method: basic]
[monotone_penalty: 0]
[feature_contri: ]
[forcedsplits_filename: ]
[refit_decay_rate: 0.9]
[cegb_tradeoff: 1]
[cegb_penalty_split: 0]
[cegb_penalty_feature_lazy: ]
[cegb_penalty_feature_coupled: ]
[path_smooth: 0]
[interaction_constraints: ]
[verbosity: -1]
[saved_feature_importance_type: 0]
[use_quantized_grad: 0]
[num_grad_quant_bins: 4]
[quant_train_renew_leaf: 0]
[stochastic_rounding: 1]
[linear_tree: 0]
[max_bin: 255]
[max_bin_by_feature: ]
[min_data_in_bin: 3]
[bin_construct_sample_cnt: 200000]
[data_random_seed: 38]
[is_enable_sparse: 1]
[enable_bundle: 1]
[use_missing: 1]
[zero_as_missing: 0]
[feature_pre_filter: 1]
[pre_partition: 0]
[two_round: 0]
[header: 0]
[label_column: ]
[weight_column: ]
[group_column: ]
[ignore_column: ]
[categorical_feature: ]
[forcedbins_filename: ]
[precise_float_parser: 0]
[parser_config_file: ]
[objective_seed: 8855]
[num_class: 1]
[is_unbalance: 0]
[scale_pos_weight: 1]
[sigmoid: 1]
[boost_from_average: 1]
[reg_sqrt: 0]
[alpha: 0.9]
[fair_c: 1]
[poisson_max_delta_step: 0.7]
[tweedie_variance_power: 1.5]
[lambdarank_truncation_level: 30]
[lambdarank_norm: 1]
[label_gain: ]
[lambdarank_position_bias_regularization: 0]
[eval_at: ]
[multi_error_top_k: 1]
[auc_mu_weights: ]
[num_machines: 1]
[local_listen_port: 12400]
[time_out: 120]
[machine_list_filename: ]
[machines: ]
[gpu_platform_id: -1]
[gpu_device_id: -1]
[gpu_device_id_list: ]
[gpu_use_dp: 0]
[num_gpu: 1]

end of parameters

pandas_categorical:null
