tree
version=v4
num_class=1
num_tree_per_iteration=1
label_index=0
max_feature_idx=567
objective=binary sigmoid:1
feature_names=Column_0 Column_1 Column_2 Column_3 Column_4 Column_5 Column_6 Column_7 Column_8 Column_9 Column_10 Column_11 Column_12 Column_13 Column_14 Column_15 Column_16 Column_17 Column_18 Column_19 Column_20 Column_21 Column_22 Column_23 Column_24 Column_25 Column_26 Column_27 Column_28 Column_29 Column_30 Column_31 Column_32 Column_33 Column_34 Column_35 Column_36 Column_37 Column_38 Column_39 Column_40 Column_41 Column_42 Column_43 Column_44 Column_45 Column_46 Column_47 Column_48 Column_49 Column_50 Column_51 Column_52 Column_53 Column_54 Column_55 Column_56 Column_57 Column_58 Column_59 Column_60 Column_61 Column_62 Column_63 Column_64 Column_65 Column_66 Column_67 Column_68 Column_69 Column_70 Column_71 Column_72 Column_73 Column_74 Column_75 Column_76 Column_77 Column_78 Column_79 Column_80 Column_81 Column_82 Column_83 Column_84 Column_85 Column_86 Column_87 Column_88 Column_89 Column_90 Column_91 Column_92 Column_93 Column_94 Column_95 Column_96 Column_97 Column_98 Column_99 Column_100 Column_101 Column_102 Column_103 Column_104 Column_105 Column_106 Column_107 Column_108 Column_109 Column_110 Column_111 Column_112 Column_113 Column_114 Column_115 Column_116 Column_117 Column_118 Column_119 Column_120 Column_121 Column_122 Column_123 Column_124 Column_125 Column_126 Column_127 Column_128 Column_129 Column_130 Column_131 Column_132 Column_133 Column_134 Column_135 Column_136 Column_137 Column_138 Column_139 Column_140 Column_141 Column_142 Column_143 Column_144 Column_145 Column_146 Column_147 Column_148 Column_149 Column_150 Column_151 Column_152 Column_153 Column_154 Column_155 Column_156 Column_157 Column_158 Column_159 Column_160 Column_161 Column_162 Column_163 Column_164 Column_165 Column_166 Column_167 Column_168 Column_169 Column_170 Column_171 Column_172 Column_173 Column_174 Column_175 Column_176 Column_177 Column_178 Column_179 Column_180 Column_181 Column_182 Column_183 Column_184 Column_185 Column_186 Column_187 Column_188 Column_189 Column_190 Column_191 Column_192 Column_193 Column_194 Column_195 Column_196 Column_197 Column_198 Column_199 Column_200 Column_201 Column_202 Column_203 Column_204 Column_205 Column_206 Column_207 Column_208 Column_209 Column_210 Column_211 Column_212 Column_213 Column_214 Column_215 Column_216 Column_217 Column_218 Column_219 Column_220 Column_221 Column_222 Column_223 Column_224 Column_225 Column_226 Column_227 Column_228 Column_229 Column_230 Column_231 Column_232 Column_233 Column_234 Column_235 Column_236 Column_237 Column_238 Column_239 Column_240 Column_241 Column_242 Column_243 Column_244 Column_245 Column_246 Column_247 Column_248 Column_249 Column_250 Column_251 Column_252 Column_253 Column_254 Column_255 Column_256 Column_257 Column_258 Column_259 Column_260 Column_261 Column_262 Column_263 Column_264 Column_265 Column_266 Column_267 Column_268 Column_269 Column_270 Column_271 Column_272 Column_273 Column_274 Column_275 Column_276 Column_277 Column_278 Column_279 Column_280 Column_281 Column_282 Column_283 Column_284 Column_285 Column_286 Column_287 Column_288 Column_289 Column_290 Column_291 Column_292 Column_293 Column_294 Column_295 Column_296 Column_297 Column_298 Column_299 Column_300 Column_301 Column_302 Column_303 Column_304 Column_305 Column_306 Column_307 Column_308 Column_309 Column_310 Column_311 Column_312 Column_313 Column_314 Column_315 Column_316 Column_317 Column_318 Column_319 Column_320 Column_321 Column_322 Column_323 Column_324 Column_325 Column_326 Column_327 Column_328 Column_329 Column_330 Column_331 Column_332 Column_333 Column_334 Column_335 Column_336 Column_337 Column_338 Column_339 Column_340 Column_341 Column_342 Column_343 Column_344 Column_345 Column_346 Column_347 Column_348 Column_349 Column_350 Column_351 Column_352 Column_353 Column_354 Column_355 Column_356 Column_357 Column_358 Column_359 Column_360 Column_361 Column_362 Column_363 Column_364 Column_365 Column_366 Column_367 Column_368 Column_369 Column_370 Column_371 Column_372 Column_373 Column_374 Column_375 Column_376 Column_377 Column_378 Column_379 Column_380 Column_381 Column_382 Column_383 Column_384 Column_385 Column_386 Column_387 Column_388 Column_389 Column_390 Column_391 Column_392 Column_393 Column_394 Column_395 Column_396 Column_397 Column_398 Column_399 Column_400 Column_401 Column_402 Column_403 Column_404 Column_405 Column_406 Column_407 Column_408 Column_409 Column_410 Column_411 Column_412 Column_413 Column_414 Column_415 Column_416 Column_417 Column_418 Column_419 Column_420 Column_421 Column_422 Column_423 Column_424 Column_425 Column_426 Column_427 Column_428 Column_429 Column_430 Column_431 Column_432 Column_433 Column_434 Column_435 Column_436 Column_437 Column_438 Column_439 Column_440 Column_441 Column_442 Column_443 Column_444 Column_445 Column_446 Column_447 Column_448 Column_449 Column_450 Column_451 Column_452 Column_453 Column_454 Column_455 Column_456 Column_457 Column_458 Column_459 Column_460 Column_461 Column_462 Column_463 Column_464 Column_465 Column_466 Column_467 Column_468 Column_469 Column_470 Column_471 Column_472 Column_473 Column_474 Column_475 Column_476 Column_477 Column_478 Column_479 Column_480 Column_481 Column_482 Column_483 Column_484 Column_485 Column_486 Column_487 Column_488 Column_489 Column_490 Column_491 Column_492 Column_493 Column_494 Column_495 Column_496 Column_497 Column_498 Column_499 Column_500 Column_501 Column_502 Column_503 Column_504 Column_505 Column_506 Column_507 Column_508 Column_509 Column_510 Column_511 Column_512 Column_513 Column_514 Column_515 Column_516 Column_517 Column_518 Column_519 Column_520 Column_521 Column_522 Column_523 Column_524 Column_525 Column_526 Column_527 Column_528 Column_529 Column_530 Column_531 Column_532 Column_533 Column_534 Column_535 Column_536 Column_537 Column_538 Column_539 Column_540 Column_541 Column_542 Column_543 Column_544 Column_545 Column_546 Column_547 Column_548 Column_549 Column_550 Column_551 Column_552 Column_553 Column_554 Column_555 Column_556 Column_557 Column_558 Column_559 Column_560 Column_561 Column_562 Column_563 Column_564 Column_565 Column_566 Column_567
feature_infos=[2.0013689994812012:17.993154525756836] [-0.7776256799697876:0.99923950433731079] none none none [0:1] [0:1] [0:1] [0:1] [0:1] [0:1] [0:1] [0:1] [0:1] [0:1] [0:1] [0:1] [0:1] [0:1] [0:1] [0:1] [0:1] [0:1] [0:1] [0:1] [0:1] [0:1] [0:1] [0:1] [0:1] [0:1] [0:1] [0:1] [0:1] [0:1] [0:1] [0:1] [0:1] [0:1] [0:1] [0:1] [0:1] [0:1] [0:1] [0:1] [0:1] [0:1] [0:1] [0:1] [0:1] [0:1] [0:1] [0:1] [0:1] [0:1] [0:1] [0:1] [0:1] [0:1] [0:1] [0:1] [0:1] [0:1] [0:1] [0:1] [0:1] [0:1] [0:1] [0:1] [0:1] [0:1] [0:1] [0:1] [0:1] [0:1] [0:1] [0:1] [0:1] [0:1] [0:1] [0:1] [0:1] [0:1] [0:1] [0:1] [0:1] [0:1] [0:1] [0:1] [0:1] [0:1] [0:1] [0:1] [0:1] [0:1] [0:1] [0:1] [0:1] [0:1] [0:1] [0:1] [0:1] [0:1] [0:1] [0:1] [0:1] [0:1] [0:1] [0:1] none none none none [0:1] [0:1] none [0:1] none [0:1] none none [0:1] none none none none [0:1] [0:1] [0:1] [0:1] [0:1] none [0:1] [0:1] [0:1] [0:1] none [0:1] [0:1] [0:1] [0:1] [0:1] [0:1] [0:1] [0:1] [0:1] [0:1] [0:1] [0:1] [0:1] [0:1] [0:1] [0:1] [0:1] [0:1] [0:1] [0:1] none none none none none none none none none none [0:1] [0:1] none none none none none [0:1] [0:1] [0:1] [0:1] [0:1] [0:1] [0:1] [0:1] [0:1] [0:1] [0:1] [0:1] [0:1] [0:1] [0:1] [0:1] [0:1] [0:1] [0:1] [0:1] [0:1] [0:1] [0:1] [0:1] [0:1] [0:1] [0:1] [0:1] none none [0:1] [0:1] [0:1] none [0:1] [0:1] [0:1] [0:1] [0:1] none [0:1] none none [0:1] none [0:1] [0:1] [0:1] [0:1] [0:1] [0:1] [0:1] [0:1] [0:1] [0:1] [0:1] [0:1] [0:1] [0:1] [0:1] [0:1] [0:1] [0:1] [0:1] [0:1] [0:1] [0:1] [0:1] [0:1] [0:1] none none none none none none none none none none none none none none none none none [0:1] [0:1] [0:1] [0:1] [0:1] [0:1] [0:1] [0:1] [0:1] [0:1] none [0:1] [0:1] [0:1] [0:1] none [0:1] [0:1] none none none [0:1] [0:1] none none none none none [0:1] [0:1] [0:1] [0:1] [0:1] [0:1] [0:1] none none none [0:1] none [0:1] [0:1] [0:1] none [0:1] [0:1] [0:1] [0:1] none none [0:1] [0:1] none none none none [0:1] [0:1] none none none [0:1] none none [0:1] [0:1] none none [0:1] [0:1] none none none none none none none none none none none none none none none none none none none none none none none none none none none none none none none none none none none none none none none none none none none none none none none none none none none none none none none none none none none none none none none none none none none none none none none none none none none none none none none none none none none none none none none none none none none none none none none none none none none none none none none none none none none none none none none none none none none none none none none none none none none none none none none none none none none none none none none none none none none none none none none none none none none none none none none none none none none none none none none none none none none none none none none none none none none none none none none none none none none none none none none none none none none none none none none none none none none none none none none none none none none none none none none none none none none none none none none none none none none none none none none none none none none none none none none none none none none none none
tree_sizes=3420 3466 3481 3466 3470 3472 3473 3484 3496 3472 3482 3481 3478 3488 3488 3490 3483 3501 3464 3468 3467 3501 3494 3469 3473 3481 3471 3506 3508 3488 3510 3502 3503 3511 3497 3476 3503 3492

Tree=0
num_leaves=31
num_cat=0
split_feature=10 12 11 12 11 9 6 6 9 6 9 9 9 6 9 6 5 8 11 13 6 5 6 5 69 5 15 16 61 6
split_gain=392.265 314.451 131.672 104.874 65.6184 60.5787 57.5444 36.4034 34.5599 28.9212 21.6802 21.4551 19.3381 18.6616 17.9557 15.7249 12.6366 12.2606 12.226 11.2048 10.9151 10.806 10.3501 9.05141 9.29872 8.32018 8.30656 7.83004 8.96498 7.6086
threshold=1.0000000180025095e-35 1.0000000180025095e-35 1.0000000180025095e-35 1.0000000180025095e-35 1.0000000180025095e-35 1.0000000180025095e-35 1.0000000180025095e-35 1.0000000180025095e-35 1.0000000180025095e-35 1.0000000180025095e-35 1.0000000180025095e-35 1.0000000180025095e-35 1.0000000180025095e-35 1.0000000180025095e-35 1.0000000180025095e-35 1.0000000180025095e-35 1.0000000180025095e-35 1.0000000180025095e-35 1.0000000180025095e-35 1.0000000180025095e-35 1.0000000180025095e-35 1.0000000180025095e-35 1.0000000180025095e-35 1.0000000180025095e-35 1.0000000180025095e-35 1.0000000180025095e-35 1.0000000180025095e-35 1.0000000180025095e-35 1.0000000180025095e-35 1.0000000180025095e-35
decision_type=2 2 2 2 2 2 2 2 2 2 2 2 2 2 2 2 2 2 2 2 2 2 2 2 2 2 2 2 2 2
left_child=3 2 5 4 8 6 17 10 22 16 23 18 29 -13 -9 -14 -10 -2 -3 -18 26 -15 -1 -4 -25 -8 -7 28 -12 -6
right_child=1 11 7 -5 12 20 25 14 9 -11 27 13 15 21 -16 -17 19 -19 -20 -21 -22 -23 -24 24 -26 -27 -28 -29 -30 -31
leaf_value=-1.1912541917009243 -1.0067199805858029 -1.1730496766318306 -1.2097143902753811 -1.2431519801998663 -1.2610779641088679 -0.82799586435353767 -0.92468042013279839 -1.0391437659336462 -1.1623805550469362 -0.99469719020182512 -1.0641403018732156 -1.1635852277175533 -1.1947083149402973 -1.0792509127383243 -0.87676872714586862 -1.0786722084924265 -0.98858724754767247 -1.1182269420006974 -1.2472123625812124 -1.1336491118527154 -0.77511552678059226 -0.89122235492988544 -1.1244536867355142 -1.153714021362122 -0.97045451450954212 -0.83075004860212864 -0.93488646124244035 -1.121285884781263 -0.90114068015410842 -1.2022486107359078
leaf_weight=42.096983090043068 22.05955445766449 59.00930817425251 21.691895216703415 226.47809243202209 46.692723602056503 18.566791668534279 22.611043319106102 21.691895216703415 26.103806108236313 33.824650168418884 8.2723329216241819 29.228909656405449 36.030605614185333 11.029777228832243 9.9267995059490222 17.279984325170517 11.029777228832245 17.831473186612129 35.662946373224258 10.294458746910095 20.221258252859116 4.2280812710523596 51.656123355031013 11.213606849312781 3.6765924096107474 16.177006602287292 11.948925331234934 8.0885033011436462 5.6987182348966607 41.545494228601456
leaf_count=229 120 321 118 1232 254 101 123 118 142 184 45 159 196 60 54 94 60 97 194 56 110 23 281 61 20 88 65 44 31 226
internal_value=-1.13759 -1.05645 -0.981949 -1.1912 -1.15402 -0.917293 -0.972234 -1.07465 -1.11308 -1.06534 -1.12129 -1.17407 -1.20465 -1.11679 -0.988166 -1.1571 -1.11573 -1.05656 -1.20099 -1.05862 -0.832094 -1.02715 -1.15445 -1.1685 -1.10846 -0.885506 -0.869851 -1.04299 -0.997654 -1.23338
internal_weight=901.868 358.835 219.676 543.033 316.555 129.416 78.6791 90.2603 175.006 81.2527 58.6416 139.159 141.549 44.4868 31.6187 53.3106 47.428 39.891 94.6723 21.3242 50.737 15.2579 93.7531 36.5821 14.8902 38.788 30.5157 22.0596 13.9711 88.2382
internal_count=4906 1952 1195 2954 1722 704 428 491 952 442 319 757 770 242 172 290 258 217 515 116 276 83 510 199 81 211 166 120 76 480
is_linear=0
shrinkage=1


Tree=1
num_leaves=31
num_cat=0
split_feature=12 10 11 11 10 9 6 9 6 6 6 9 9 9 6 9 5 8 6 13 9 6 5 11 5 68 15 6 36 5
split_gain=316.346 280.506 85.4033 54.9062 37.6309 35.0086 36.2278 26.7364 26.1823 20.7048 19.0671 17.3383 16.8183 14.9641 12.8682 11.2345 9.80212 8.7863 8.66029 8.03217 7.87155 8.90125 7.95129 7.74308 7.61865 8.14599 7.25544 7.24939 7.13041 7.07056
threshold=1.0000000180025095e-35 1.0000000180025095e-35 1.0000000180025095e-35 1.0000000180025095e-35 1.0000000180025095e-35 1.0000000180025095e-35 1.0000000180025095e-35 1.0000000180025095e-35 1.0000000180025095e-35 1.0000000180025095e-35 1.0000000180025095e-35 1.0000000180025095e-35 1.0000000180025095e-35 1.0000000180025095e-35 1.0000000180025095e-35 1.0000000180025095e-35 1.0000000180025095e-35 1.0000000180025095e-35 1.0000000180025095e-35 1.0000000180025095e-35 1.0000000180025095e-35 1.0000000180025095e-35 1.0000000180025095e-35 1.0000000180025095e-35 1.0000000180025095e-35 1.0000000180025095e-35 1.0000000180025095e-35 1.0000000180025095e-35 1.0000000180025095e-35 1.0000000180025095e-35
decision_type=2 2 2 2 2 2 2 2 2 2 2 2 2 2 2 2 2 2 2 2 2 2 2 2 2 2 2 2 2 2
left_child=1 3 5 7 20 6 17 18 12 16 23 27 24 28 -13 -10 -9 -3 -1 -18 -2 -22 -23 -6 -4 -26 -24 -5 -12 -15
right_child=4 2 8 11 10 -7 -8 9 15 -11 13 14 -14 29 -16 -17 19 -19 -20 -21 21 22 26 -25 25 -27 -28 -29 -30 -31
leaf_value=-0.049756685592280782 -0.11595736970504705 0.11005636068894659 -0.06757356134554679 -0.11918118403313689 -0.039188450569643513 0.23724589102825058 0.20030739325818536 -0.022620732848212144 0.084139220994308622 0.11946096526161476 0.0013434455000154173 -0.053062165359168773 0.08088548218026731 0.050896356614182819 0.051385786436403839 0.20644423020416861 0.12419920809730618 0.017241596747848264 0.01173492623966073 0.003535091011902209 -0.10072847448873726 -0.067732345427862051 -0.024211055952166785 -0.10169490443519652 -0.016813907851735876 0.15262785476697671 0.15890245455461482 -0.060322988263581762 -0.10526980772152326 0.19625501005855603
leaf_weight=40.929063320159912 131.8854097276926 23.520069122314453 20.88196474313736 43.698383450508118 51.164168700575829 58.282234698534012 43.613242700695992 25.770029574632645 22.777490735054016 36.265154957771301 28.873553618788719 34.96636688709259 23.105924502015114 11.358635723590853 17.800269335508347 11.205068975687025 11.8587926030159 18.008706793189049 52.004634574055672 10.315297842025757 53.344954922795296 19.635113701224327 5.734148249030115 32.348083853721619 11.319694131612776 3.7863280922174445 3.4752413630485535 40.15558585524559 8.0145214498043043 4.7439679056406012
leaf_count=229 759 120 118 254 283 276 211 142 118 184 162 196 120 60 94 54 60 97 281 56 307 113 33 184 62 19 20 226 45 23
internal_value=-0.000415813 0.0468844 0.129122 -0.0151025 -0.0746579 0.177531 0.136655 0.0216347 0.0545265 0.0624474 -0.0336288 -0.0627361 0.0143067 0.01329 -0.0178277 0.124467 0.0193221 0.0698078 -0.0153467 0.0680667 -0.10082 -0.0765292 -0.0317751 -0.0634 -0.02844 0.0256567 0.0448884 -0.0909955 -0.02182 0.0937203
internal_weight=900.842 550.264 236.501 313.764 350.578 143.424 85.142 177.143 93.0765 84.2093 136.503 136.621 59.0939 52.9907 52.7666 33.9826 47.9441 41.5288 92.9337 22.1741 214.075 82.1895 28.8445 83.5123 35.988 15.106 9.20939 83.854 36.8881 16.1026
internal_count=4906 2917 1195 1722 1989 704 428 952 491 442 757 770 319 290 290 172 258 217 510 116 1232 473 166 467 199 81 53 480 207 83
is_linear=0
shrinkage=0.1


Tree=2
num_leaves=31
num_cat=0
split_feature=12 10 11 11 10 9 6 9 6 9 9 6 9 11 6 6 0 5 9 9 6 6 6 5 16 8 5 62 68 5
split_gain=261.443 212.507 60.1651 46.0295 34.4915 23.6792 25.1126 20.9246 19.4607 16.6596 15.5486 15.2639 13.2147 10.6557 10.5527 10.2916 9.40656 8.77063 7.80254 7.58822 8.14383 7.23756 6.95585 6.62901 6.58066 6.48256 6.41531 6.17748 6.12524 6.08675
threshold=1.0000000180025095e-35 1.0000000180025095e-35 1.0000000180025095e-35 1.0000000180025095e-35 1.0000000180025095e-35 1.0000000180025095e-35 1.0000000180025095e-35 1.0000000180025095e-35 1.0000000180025095e-35 1.0000000180025095e-35 1.0000000180025095e-35 1.0000000180025095e-35 1.0000000180025095e-35 1.0000000180025095e-35 1.0000000180025095e-35 1.0000000180025095e-35 15.924708843231203 1.0000000180025095e-35 1.0000000180025095e-35 1.0000000180025095e-35 1.0000000180025095e-35 1.0000000180025095e-35 1.0000000180025095e-35 1.0000000180025095e-35 1.0000000180025095e-35 1.0000000180025095e-35 1.0000000180025095e-35 1.0000000180025095e-35 1.0000000180025095e-35 1.0000000180025095e-35
decision_type=2 2 2 2 2 2 2 2 2 2 2 2 2 2 2 2 2 2 2 2 2 2 2 2 2 2 2 2 2 2
left_child=1 3 5 7 19 6 25 21 12 13 22 16 26 -6 -12 -11 17 -9 -10 -2 -21 -1 -5 -22 -17 -3 -4 -14 -28 -16
right_child=4 2 8 10 9 -7 -8 11 18 15 14 -13 27 -15 29 24 -18 -19 -20 20 23 -23 -24 -25 -26 -27 28 -29 -30 -31
leaf_value=-0.046074857418632875 -0.1119151127595979 0.094075206160934011 -0.06325721411857213 -0.11534434273554901 -0.029958628892173579 0.19596527114061024 0.16656257437133884 -0.039795379049917506 0.072683910754493208 -0.018327956579666026 -0.049233666142087247 0.10175143255623863 0.0023156267910204894 -0.10190241797871258 0.0015743593609276524 0.11813330646270646 0.14781741589156683 0.050350944312945359 0.17142009245816434 -0.096304372571382524 -0.063463991498651576 0.010495237929877025 -0.056218265471560919 0.039171426113914047 -0.024492962935559366 0.015375690849386984 -0.015273375212047028 0.10804730646644789 0.12836925787577971 0.12177490682169441
leaf_weight=39.838556483387947 123.42237688601017 24.694717526435852 20.116982638835907 40.787189871072769 56.967652425169945 63.19501768052578 46.995504394173622 23.133051797747612 23.678172498941422 27.907506421208382 33.970488369464874 38.204349279403687 8.6342130899429321 32.237189710140228 11.647201180458071 12.368581041693689 4.9463896304368964 20.232240945100784 12.090235769748686 50.371441930532455 18.899373754858971 52.315243020653725 38.848804861307144 9.4343001693487185 4.3807445764541617 18.165914207696915 11.220738738775252 15.349554136395454 4.0365751534700385 6.6000806689262381
leaf_count=229 759 120 118 254 321 276 211 129 118 159 196 184 44 194 60 61 26 103 54 307 113 281 226 53 22 97 62 76 19 34
internal_value=-0.000661107 0.0412592 0.110245 -0.0138762 -0.0703685 0.149063 0.116076 0.0191982 0.0477917 -0.0309974 -0.0586939 0.0545175 0.012681 -0.055958 -0.0162862 0.0188629 0.0171653 0.00226273 0.106058 -0.0964426 -0.0721791 -0.0139603 -0.0865009 -0.0292893 0.0808298 0.0607195 -0.0261702 0.0699837 0.0227297 0.0450512
internal_weight=894.69 558.701 248.178 310.524 335.989 153.051 89.8561 178.67 95.1265 133.862 131.854 86.516 59.3581 89.2048 52.2178 44.6568 48.3117 43.3653 35.7684 202.127 78.7051 92.1538 79.636 28.3337 16.7493 42.8606 35.3743 23.9838 15.2573 18.2473
internal_count=4906 2917 1195 1722 1989 704 428 952 491 757 770 442 319 515 290 242 258 232 172 1232 473 510 480 166 83 217 199 120 81 94
is_linear=0
shrinkage=0.1


Tree=3
num_leaves=31
num_cat=0
split_feature=12 10 11 11 10 6 9 9 6 6 9 6 9 6 9 6 11 9 100 0 5 6 9 0 0 0 9 36 5 73
split_gain=217.185 164.751 44.6233 38.63 31.6407 18.2717 17.0356 16.4924 15.055 14.8021 13.9224 11.5144 10.4541 8.65114 8.4901 7.46961 7.49277 7.69496 7.10908 7.00997 7.07378 6.70382 6.68228 6.53973 13.8735 6.45458 6.4345 6.4144 6.15335 6.71234
threshold=1.0000000180025095e-35 1.0000000180025095e-35 1.0000000180025095e-35 1.0000000180025095e-35 1.0000000180025095e-35 1.0000000180025095e-35 1.0000000180025095e-35 1.0000000180025095e-35 1.0000000180025095e-35 1.0000000180025095e-35 1.0000000180025095e-35 1.0000000180025095e-35 1.0000000180025095e-35 1.0000000180025095e-35 1.0000000180025095e-35 1.0000000180025095e-35 1.0000000180025095e-35 1.0000000180025095e-35 1.0000000180025095e-35 15.924708843231203 1.0000000180025095e-35 1.0000000180025095e-35 1.0000000180025095e-35 4.8911705017089853 7.1540040969848642 12.510609149932863 1.0000000180025095e-35 1.0000000180025095e-35 1.0000000180025095e-35 1.0000000180025095e-35
decision_type=2 2 2 2 2 2 2 2 2 2 2 2 2 2 2 2 2 2 2 2 2 2 2 2 2 2 2 2 2 2
left_child=1 3 5 7 15 6 -3 18 22 12 21 19 -4 -12 27 -2 17 -17 28 20 -9 -5 -6 -11 -25 -16 -7 -10 -1 -30
right_child=4 2 9 10 8 26 -8 11 14 23 13 -13 -14 -15 25 16 -18 -19 -20 -21 -22 -23 -24 24 -26 -27 -28 -29 29 -31
leaf_value=-0.047204565281207859 -0.10794857272150658 0.053188604561479981 -0.024074730124797019 -0.11188197097425133 -0.07773937627817247 0.14239036939166869 0.14364530825868396 -0.036635137472690406 0.0064860891412334004 0.012599121186137031 -0.045623169948778131 0.087810773663637265 0.061022061382100534 0.039598041156877872 0.11248702919579484 -0.076201805651948687 -0.10937439318883287 0.0069625893639479759 0.11747135793427313 0.12393937364658728 0.044251529832904091 -0.05233088169599992 -0.016671155477369012 0.25397060069733951 0.07979850150825675 -0.018030277709664887 0.20332581136421024 -0.098578906348083917 -0.017684118666388266 0.066451190263694018
leaf_weight=40.525436997413635 117.56007169187069 43.9494409263134 34.75688748061657 37.989024609327316 50.983103811740875 49.334476590156555 39.560133308172226 22.642337948083878 28.077433571219444 8.1473814845085126 33.042970061302185 39.751913905143738 24.69276063144207 18.626607418060303 11.697849467396738 27.797257035970688 26.75830215215683 18.55069462954998 4.0118248760700217 5.288794517517089 20.69257578253746 37.626828342676163 27.628229945898056 5.6911165267229107 23.284114971756935 5.6043795794248572 26.711725443601608 7.3272968083620063 33.681906670331955 13.197973445057867
leaf_count=225 768 217 199 254 308 211 166 129 162 38 196 184 120 94 56 183 171 110 22 26 103 226 159 26 108 27 110 45 189 74
internal_value=-0.000814014 0.0366384 0.0958594 -0.0127567 -0.0663247 0.128332 0.0960397 0.0170863 -0.0285519 0.0422078 -0.0549103 0.04789 0.0112707 -0.0149014 0.0127991 -0.0923401 -0.0672407 -0.0429154 -0.0126926 0.0152531 0.00198853 -0.082249 -0.0562767 0.0917517 0.114008 0.0702111 0.163794 -0.015258 -0.0186671 0.00600228
internal_weight=885.191 563.206 256.128 307.078 321.985 159.556 83.5096 179.793 131.318 96.5723 127.285 88.3756 59.4496 51.6696 52.707 190.666 73.1063 46.348 91.4171 48.6237 43.3349 75.6159 78.6113 37.1226 28.9752 17.3022 76.0462 35.4047 87.4053 46.8799
internal_count=4906 2917 1195 1722 1989 704 383 952 757 491 770 442 319 290 290 1232 464 293 510 258 232 480 467 172 134 83 321 207 488 263
is_linear=0
shrinkage=0.1


Tree=4
num_leaves=31
num_cat=0
split_feature=12 10 11 11 10 6 9 9 11 9 9 6 6 9 55 6 6 6 0 6 6 6 104 0 5 16 9 5 0 5
split_gain=180.999 129.59 34.3953 32.4037 29.0029 14.0886 13.3204 13.1038 13.0372 12.4624 11.6898 8.819 8.10251 7.47825 7.25685 7.25147 7.14092 7.11014 7.09868 6.75206 6.47606 6.10351 6.21297 6.34398 5.52125 6.08064 5.48629 5.48043 5.33829 5.71782
threshold=1.0000000180025095e-35 1.0000000180025095e-35 1.0000000180025095e-35 1.0000000180025095e-35 1.0000000180025095e-35 1.0000000180025095e-35 1.0000000180025095e-35 1.0000000180025095e-35 1.0000000180025095e-35 1.0000000180025095e-35 1.0000000180025095e-35 1.0000000180025095e-35 1.0000000180025095e-35 1.0000000180025095e-35 1.0000000180025095e-35 1.0000000180025095e-35 1.0000000180025095e-35 1.0000000180025095e-35 7.2840518951416025 1.0000000180025095e-35 1.0000000180025095e-35 1.0000000180025095e-35 1.0000000180025095e-35 3.1772758960723881 1.0000000180025095e-35 1.0000000180025095e-35 1.0000000180025095e-35 1.0000000180025095e-35 15.924708843231203 1.0000000180025095e-35
decision_type=2 2 2 2 2 2 2 2 2 2 2 2 2 2 2 2 2 2 2 2 2 2 2 2 2 2 2 2 2 2
left_child=1 3 5 7 13 6 -3 21 15 20 12 28 27 -2 18 -6 -16 -11 -12 -15 -5 -1 23 -23 25 -21 -10 -4 29 -9
right_child=4 2 10 9 8 -7 -8 11 26 17 14 -13 -14 19 16 -17 -18 -19 -20 24 -22 22 -24 -25 -26 -27 -28 -29 -30 -31
leaf_value=-0.041742850985821596 -0.1050501200739858 0.046759091032449795 -0.0575763687132698 -0.10871524646020325 -0.029449567223509124 0.14298022933587448 0.1257871217248161 -0.033682850181151268 -0.095609666844148872 -0.042219570219437244 0.089335369923305888 0.076507534883610562 0.052663345165640821 -0.087476204281630054 0.069627116825436888 0.029208198670629921 0.17639602383671402 0.034979146614341754 -0.069697212443014259 -0.10554632078921636 -0.04864753974078926 0.10801328088359677 0.13599554477157416 -0.011015358812879813 0.037225764927284577 0.01335804833893001 -0.019660953465503003 0.022893805172987617 0.1058738238253739 0.039037690271462144
leaf_weight=38.556302934885025 108.09406040608883 44.936913758516312 19.125688493251801 35.323709160089493 47.899062007665634 78.270173639059067 40.596184924244881 22.188886910676956 29.288351058959961 32.182591140270233 5.8475626707077009 40.990363717079163 25.25763463973999 44.394131720066071 17.162706673145294 37.634257584810257 9.8646657913923281 18.958724111318588 5.3974863588809967 10.563543841242792 36.489359945058823 4.9906592816114417 3.679458260536193 43.568329349160194 9.5106200724840182 7.254408970475196 14.08545285463333 15.181395247578619 5.556250035762786 21.088124439120293
leaf_count=229 759 217 118 254 283 321 166 129 194 196 27 184 118 307 80 202 41 94 26 67 226 27 19 235 53 46 78 81 26 103
internal_value=-0.000910095 0.0327238 0.0843011 -0.0117292 -0.0624872 0.112322 0.0842678 0.0152269 -0.0262868 -0.0513273 0.0373867 0.0423071 0.00967895 -0.0884385 0.0805092 -0.00364043 0.108596 -0.013601 0.0130017 -0.0634029 -0.0781939 -0.0115637 0.010711 0.00121783 -0.0242969 -0.0571355 -0.0709457 -0.0219671 0.0135995 0.00175259
internal_weight=873.937 565.213 261.64 303.573 308.724 163.803 85.5331 180.618 128.907 122.954 97.8371 89.8236 59.5647 179.817 38.2724 85.5333 27.0274 51.1413 11.245 71.7227 71.8131 90.7947 52.2384 48.559 27.3286 17.818 43.3738 34.3071 48.8333 43.277
internal_count=4906 2917 1195 1722 1989 704 383 952 757 770 491 442 317 1232 174 485 121 290 53 473 480 510 281 262 166 113 272 199 258 232
is_linear=0
shrinkage=0.1


Tree=5
num_leaves=31
num_cat=0
split_feature=12 10 11 11 10 8 9 6 9 6 9 6 11 5 0 11 6 6 9 0 6 0 9 6 0 167 94 0 33 13
split_gain=151.137 103.081 27.1802 27.0135 26.6289 12.9041 12.5967 11.3755 11.135 10.5765 9.16009 7.26744 7.25401 6.8638 8.4997 6.52554 6.47605 6.26021 6.23918 6.08506 5.9915 8.84966 5.89823 5.8457 5.74106 5.68444 7.31708 6.26143 5.82267 6.48156
threshold=1.0000000180025095e-35 1.0000000180025095e-35 1.0000000180025095e-35 1.0000000180025095e-35 1.0000000180025095e-35 1.0000000180025095e-35 1.0000000180025095e-35 1.0000000180025095e-35 1.0000000180025095e-35 1.0000000180025095e-35 1.0000000180025095e-35 1.0000000180025095e-35 1.0000000180025095e-35 1.0000000180025095e-35 15.979465961456301 1.0000000180025095e-35 1.0000000180025095e-35 1.0000000180025095e-35 1.0000000180025095e-35 14.752909183502199 1.0000000180025095e-35 11.998631000518801 1.0000000180025095e-35 1.0000000180025095e-35 5.7535934448242196 1.0000000180025095e-35 1.0000000180025095e-35 2.7748117446899419 1.0000000180025095e-35 1.0000000180025095e-35
decision_type=2 2 2 2 2 2 2 2 2 2 2 2 2 2 2 2 2 2 2 2 2 2 2 2 2 2 2 2 2 2
left_child=1 2 5 6 11 25 9 15 17 -3 16 -2 22 14 -7 -6 -5 -4 -9 -12 -15 24 -13 -10 -22 26 27 -1 -29 -30
right_child=4 3 8 10 7 13 -8 18 23 -11 19 12 -14 20 -16 -17 -18 -19 -20 -21 21 -23 -24 -25 -26 -27 -28 28 29 -31
leaf_value=-0.066386237173410675 -0.10142363338512761 0.041265628013624905 -0.10578092535203582 -0.02011442132715947 -0.026980560079004574 -0.055300432219111066 0.13219575672577444 -0.013266129098764469 -0.039013987086009783 0.10717304106169011 0.08979105611372562 -0.066518716119963184 -0.10348344790135589 -0.019340187466057417 0.077060858182966402 -0.088701703978049787 0.046441837199777895 -0.04515838200047452 0.059414900687015076 -0.012080919616114677 0.098594484627966703 0.16639335662989932 0.0083056772501399184 0.030983591866667382 -0.055518484209867769 -0.061725949423744521 -0.044949245859345038 0.07242345003743525 0.070573076743550095 -0.054261650584350486
leaf_weight=4.2073995023965827 102.77309776842594 45.779244005680084 32.803400605916977 33.823253646492958 47.097830146551132 42.380727872252464 68.683773085474968 34.873238503932953 31.387237071990967 52.012056663632393 31.792560130357742 24.694824144244194 23.699047416448593 18.895683407783508 5.4787451624870291 26.920896530151367 25.749047115445137 35.434682160615921 17.859749525785446 7.1894178986549369 4.1288816034793836 5.50160327553749 18.373171851038933 19.246909201145172 5.8307547867298126 5.4085503071546546 8.4641995728015882 64.130550056695938 8.0483621209859848 8.6071338653564453
leaf_count=22 768 217 254 199 283 230 276 207 196 211 141 183 171 102 27 184 118 226 83 33 20 27 110 94 29 29 44 335 41 46
internal_value=-0.000968843 0.0293669 -0.0107835 0.0748084 -0.0588146 0.0136058 0.0993729 -0.0241429 -0.0479368 0.0763197 0.0333149 -0.084736 -0.059049 -0.0156675 -0.0401483 -0.0494288 0.00865331 -0.0743008 0.0113497 0.0710029 0.0184346 0.0646003 -0.034598 -0.0124067 0.00837082 0.0379492 0.0437176 0.0525476 0.0587418 0.00606169
internal_weight=861.276 564.984 299.955 265.029 296.292 181.083 166.475 126.752 118.872 97.7913 98.5543 169.54 66.767 82.2164 47.8595 74.0187 59.5723 68.2381 52.733 38.982 34.3569 15.4612 43.068 50.6341 9.95964 98.8662 93.4576 84.9934 80.786 16.6555
internal_count=4906 2917 1722 1195 1989 952 704 757 770 428 491 1232 464 435 257 467 317 480 290 174 178 76 293 290 49 517 488 444 422 87
is_linear=0
shrinkage=0.1


Tree=6
num_leaves=31
num_cat=0
split_feature=12 10 10 9 11 11 6 8 9 6 11 6 9 5 53 6 7 9 6 5 68 49 33 9 8 6 16 5 0 68
split_gain=126.27 82.6814 24.3576 22.8664 21.6883 12.9995 12.3036 11.1131 10.3894 8.9688 8.25885 7.48724 7.38304 6.89416 12.8669 6.04745 5.93781 5.62635 5.51306 5.03299 7.46282 7.1547 5.02999 5.01659 4.97745 5.20858 4.68564 4.66208 4.93162 4.73462
threshold=1.0000000180025095e-35 1.0000000180025095e-35 1.0000000180025095e-35 1.0000000180025095e-35 1.0000000180025095e-35 1.0000000180025095e-35 1.0000000180025095e-35 1.0000000180025095e-35 1.0000000180025095e-35 1.0000000180025095e-35 1.0000000180025095e-35 1.0000000180025095e-35 1.0000000180025095e-35 1.0000000180025095e-35 1.0000000180025095e-35 1.0000000180025095e-35 1.0000000180025095e-35 1.0000000180025095e-35 1.0000000180025095e-35 1.0000000180025095e-35 1.0000000180025095e-35 1.0000000180025095e-35 1.0000000180025095e-35 1.0000000180025095e-35 1.0000000180025095e-35 1.0000000180025095e-35 1.0000000180025095e-35 1.0000000180025095e-35 12.462697029113771 1.0000000180025095e-35
decision_type=2 2 2 2 2 2 2 2 2 2 2 2 2 2 2 2 2 2 2 2 2 2 2 2 2 2 2 2 2 2
left_child=1 3 12 5 7 -1 -5 17 10 16 -4 23 -2 14 -8 -7 -9 -3 -14 20 21 -13 -17 27 25 -10 -25 28 -6 -29
right_child=2 4 8 6 11 15 13 9 24 -11 -12 19 18 -15 -16 22 -18 -19 -20 -21 -22 -23 -24 26 -26 -27 -28 29 -30 -31
leaf_value=-0.011922637614297573 -0.099044892020237293 0.088231978236549907 -0.021164773789248494 -0.0067769467157830863 -0.014457668706159169 -0.103027498432707 -0.0055213396371741781 0.056823598174090099 0.0057315027506485202 0.095780056825807758 -0.089445399685328233 0.025563201785853612 -0.079217345017648225 0.094352070652121589 0.13498206841689409 -0.061169797452182956 -0.027142976398968933 0.1353366562120486 -0.02009418186802912 0.11303192574761323 -0.074906776242648312 0.15273927028082587 0.033719919918408323 0.071338967170852946 -0.030059394608303265 0.09147998433257172 -0.016784243917710173 -0.011880517376219514 -0.12363809555012924 0.1129503065986157
leaf_weight=90.693901970982552 94.405223906040192 57.064886778593063 53.724475398659706 79.68079549074173 11.906895935535433 30.434448108077049 29.158750370144844 19.982728272676468 17.425757139921188 30.604287028312683 26.428479224443436 14.932861492037778 39.075887694954872 24.173986583948135 8.3940644562244398 27.446049749851227 14.557317987084387 45.635308116674423 26.445524096488953 13.499068453907965 4.7940979301929465 6.2857017070054999 7.013990491628646 16.982259303331375 15.101377144455908 11.935896664857866 9.3589857369661349 11.004621073603628 6.3400354981422415 4.1972279548645011
leaf_count=510 759 241 321 454 77 254 133 91 106 123 194 65 307 107 38 180 66 183 166 59 21 27 46 76 82 54 44 62 41 19
internal_value=-0.00100595 0.0263881 -0.0553182 -0.00992043 0.0667536 -0.0363732 0.0191852 0.0886697 -0.0221732 0.0563616 -0.0436786 0.02971 -0.081145 0.0526986 0.025885 -0.0705444 0.0214349 0.109163 -0.0553543 0.063488 0.0377776 0.0632373 -0.041856 0.00738811 0.0165943 0.0405894 0.040029 -0.0183169 -0.0523932 0.0225853
internal_weight=848.685 564.142 284.543 296.996 267.146 155.588 141.408 167.845 124.616 65.1443 80.153 99.3018 159.927 61.7268 37.5528 64.8945 34.54 102.7 65.5214 39.5117 26.0127 21.2186 34.46 59.79 44.463 29.3617 26.3412 33.4488 18.2469 15.2018
internal_count=4906 2917 1989 1722 1195 990 732 704 757 280 515 491 1232 278 171 480 157 424 473 172 113 92 226 319 242 160 120 199 118 81
is_linear=0
shrinkage=0.1


Tree=7
num_leaves=31
num_cat=0
split_feature=12 10 10 11 6 9 8 11 9 9 5 5 9 8 22 94 135 0 0 6 5 0 134 16 24 45 16 67 6 67
split_gain=105.578 66.5574 22.1875 20.4112 17.563 11.9638 10.1512 9.33986 9.25624 8.11696 7.68431 7.18768 7.17694 6.60818 6.46105 6.31923 6.06746 6.18906 6.65951 5.8236 5.45703 6.8367 5.28628 5.1829 5.2578 5.15267 4.89674 7.69777 4.71216 5.40795
threshold=1.0000000180025095e-35 1.0000000180025095e-35 1.0000000180025095e-35 1.0000000180025095e-35 1.0000000180025095e-35 1.0000000180025095e-35 1.0000000180025095e-35 1.0000000180025095e-35 1.0000000180025095e-35 1.0000000180025095e-35 1.0000000180025095e-35 1.0000000180025095e-35 1.0000000180025095e-35 1.0000000180025095e-35 1.0000000180025095e-35 1.0000000180025095e-35 1.0000000180025095e-35 16.495551109313968 15.305954456329347 1.0000000180025095e-35 1.0000000180025095e-35 15.979465961456301 1.0000000180025095e-35 1.0000000180025095e-35 1.0000000180025095e-35 1.0000000180025095e-35 1.0000000180025095e-35 1.0000000180025095e-35 1.0000000180025095e-35 1.0000000180025095e-35
decision_type=2 2 2 2 2 2 2 2 2 2 2 2 2 2 2 2 2 2 2 2 2 2 2 2 2 2 2 2 2 2
left_child=1 3 12 6 5 10 -1 13 11 19 25 -6 -2 14 15 16 17 18 28 -5 21 -8 -7 24 -14 -3 27 -22 -4 -30
right_child=2 4 7 9 8 22 20 -9 -10 -11 -12 -13 23 -15 -16 -17 -18 -19 -20 -21 26 -23 -24 -25 -26 -27 -28 -29 29 -31
leaf_value=0.032867503250148415 -0.096104804376889591 -0.040136569148813681 -0.02502870876170888 -0.10041249969067707 0.04363745275378135 0.076853908131769635 -0.051103317245408397 -0.061155305837211175 0.12724286471384799 -0.012852538914837364 0.044637593442313953 0.10494354800749058 0.057018040608663723 -0.039490995944820702 0.12805862556699255 0.11816430274840928 -0.08883254702495616 -0.093093243745530713 0.15004257969435544 -0.038778252738244888 0.047880185076311241 0.066188465858453852 -0.01685782631431015 -0.016503469197927202 -0.085563412452863849 0.03429762930876467 0.061561008432139776 -0.074096306941199994 -0.015679800207821264 0.11465236843670829
leaf_weight=100.47108779847622 87.901271499693394 30.557622119784355 15.899383932352066 28.218817919492722 47.253641083836555 61.36921152472496 41.112218916416168 38.504291445016861 40.408381074666977 50.400702223181725 36.425671428442001 32.125814467668533 2.7908074259757987 29.830364733934402 4.9464686810970298 4.7228470295667639 7.0176810771226874 4.8385823220014563 3.9380748122930518 33.564405202865601 9.9925500750541687 5.6527666151523581 6.6741763502359381 24.984988883137703 35.293288290500641 13.368851810693739 13.829760774970053 10.728964224457741 5.7604088187217712 7.1172656863927841
leaf_count=517 759 166 98 254 197 258 230 272 164 290 177 132 20 174 28 26 40 27 23 226 51 27 28 185 268 73 71 56 31 38
internal_value=-0.00102046 0.0237736 -0.0519739 -0.00909141 0.0597988 0.0368067 0.0116084 -0.0203668 0.0882819 -0.0426342 0.0106779 0.0684488 -0.0776362 -0.00168585 0.0191056 0.00817258 -0.00348229 0.0124672 0.0280796 -0.066929 -0.0146586 -0.0369256 0.067662 -0.0518959 -0.075115 -0.0174828 0.0154797 -0.0152755 0.0113892 0.0563525
internal_weight=835.7 562.155 273.546 293.971 268.183 148.396 181.787 122.575 119.788 112.184 80.3521 79.3795 150.97 84.0711 54.2407 49.2942 44.5714 37.5537 32.7151 61.7832 81.3163 46.765 68.0434 63.0691 38.0841 43.9265 34.5513 20.7215 28.7771 12.8777
internal_count=4906 2917 1989 1722 1195 702 952 757 493 770 416 329 1232 485 311 283 257 217 190 480 435 257 286 473 288 239 178 107 167 69
is_linear=0
shrinkage=0.1


Tree=8
num_leaves=31
num_cat=0
split_feature=12 10 10 11 9 6 6 9 8 6 11 64 97 11 9 6 104 11 5 60 16 54 45 5 13 5 53 7 14 7
split_gain=88.2758 53.7631 20.1287 17.7208 17.4337 10.4936 9.80489 8.75396 8.56278 7.54388 7.36523 7.09981 6.89953 6.76204 6.46959 6.27331 5.5032 5.43469 5.37033 7.30645 7.83881 5.11892 7.55942 8.08825 5.77448 4.92091 9.74369 4.79254 4.72704 8.45148
threshold=1.0000000180025095e-35 1.0000000180025095e-35 1.0000000180025095e-35 1.0000000180025095e-35 1.0000000180025095e-35 1.0000000180025095e-35 1.0000000180025095e-35 1.0000000180025095e-35 1.0000000180025095e-35 1.0000000180025095e-35 1.0000000180025095e-35 1.0000000180025095e-35 1.0000000180025095e-35 1.0000000180025095e-35 1.0000000180025095e-35 1.0000000180025095e-35 1.0000000180025095e-35 1.0000000180025095e-35 1.0000000180025095e-35 1.0000000180025095e-35 1.0000000180025095e-35 1.0000000180025095e-35 1.0000000180025095e-35 1.0000000180025095e-35 1.0000000180025095e-35 1.0000000180025095e-35 1.0000000180025095e-35 1.0000000180025095e-35 1.0000000180025095e-35 1.0000000180025095e-35
decision_type=2 2 2 2 2 2 2 2 2 2 2 2 2 2 2 2 2 2 2 2 2 2 2 2 2 2 2 2 2 2
left_child=1 4 9 8 5 17 -6 13 -3 -2 18 14 16 -4 21 27 -7 -1 -11 20 -20 -5 23 -23 -25 26 -8 -10 -9 -30
right_child=2 3 7 11 6 12 25 28 15 10 -12 -13 -14 -15 -16 -17 -18 -19 19 -21 -22 22 -24 24 -26 -27 -28 -29 29 -31
leaf_value=-0.038530468672478696 -0.093222340883170121 0.091569868612444108 -0.019221168899452717 -0.026268437648629208 -0.006570680671234082 -0.0081778848906951043 -0.004297070799462354 0.040353174800285135 0.047582818531100655 -0.052052875489939698 -0.095891549990579597 -0.067905975373208805 -0.10975645076795114 -0.08337828518538476 0.061401071261818312 0.078375798628225829 0.099588872755516034 -0.097900521366836121 0.21606435971171925 -0.029269227868892345 -0.014147196226447578 -0.048556973140307255 0.12227716905493745 0.12903088226501519 -0.017353080483374479 0.080872257115373436 0.11620249453233333 -0.027736867845798586 -0.077563500628513082 0.085977898510071912
leaf_weight=37.559825897216797 84.646755941212177 102.73139634728432 52.959687128663063 25.162794038653374 79.384268328547478 74.339291706681252 28.999386012554169 29.046130672097206 20.280453696846962 22.551603779196739 19.824425086379051 8.3249131441116315 6.3345045149326316 23.81579826772213 36.32342928647995 30.452096655964851 5.0611587911844245 26.155247777700424 3.2494604885578129 9.738373190164566 2.7148381546139717 12.480204790830616 7.4449835717678061 6.5399482995271683 4.5833853781223297 24.88558866083622 8.7307582348585111 14.479321613907812 10.567607671022413 4.5078718215227118
leaf_count=229 768 424 321 133 454 440 133 158 91 177 171 40 40 194 155 123 27 254 24 73 19 71 38 32 22 107 38 66 59 25
internal_value=-0.00102815 0.0214256 -0.0487471 0.053682 -0.00832423 -0.0321644 0.0167667 -0.0187238 0.0735796 -0.0741787 -0.0464236 0.02055 -0.00932124 -0.0391227 0.028508 0.0452387 -0.0013086 -0.0629021 -0.0207879 0.0241138 0.111276 0.00725268 0.0344194 0.0067074 0.0687132 0.0463538 0.0235865 0.0162081 0.0167723 -0.0286613
internal_weight=823.876 560.253 263.623 268.803 291.45 149.45 142 120.897 167.943 142.725 58.0787 100.86 85.735 76.7755 92.5347 65.2119 79.4005 63.7151 38.2543 15.7027 5.9643 56.2113 31.0485 23.6035 11.1233 62.6157 37.7301 34.7598 44.1216 15.0755
internal_count=4906 2917 1989 1195 1722 990 732 757 704 1232 464 491 507 515 451 280 467 483 293 116 43 296 163 125 54 278 171 157 242 84
is_linear=0
shrinkage=0.1


Tree=9
num_leaves=31
num_cat=0
split_feature=12 10 10 11 11 9 6 8 9 5 9 64 6 0 0 6 16 1 11 24 167 94 0 1 108 33 5 0 5 42
split_gain=73.8211 43.505 18.2518 15.9735 14.4767 8.90578 8.42914 8.01093 7.39836 6.28744 6.05943 5.80733 6.11811 5.77463 5.82958 5.1144 5.04539 4.90504 4.80059 4.59459 4.48959 5.51858 4.55752 5.2197 4.85211 4.44525 4.33071 5.46802 4.29554 4.27203
threshold=1.0000000180025095e-35 1.0000000180025095e-35 1.0000000180025095e-35 1.0000000180025095e-35 1.0000000180025095e-35 1.0000000180025095e-35 1.0000000180025095e-35 1.0000000180025095e-35 1.0000000180025095e-35 1.0000000180025095e-35 1.0000000180025095e-35 1.0000000180025095e-35 1.0000000180025095e-35 4.8911705017089853 7.1540040969848642 1.0000000180025095e-35 1.0000000180025095e-35 -0.24967678636312482 1.0000000180025095e-35 1.0000000180025095e-35 1.0000000180025095e-35 1.0000000180025095e-35 2.960985660552979 -0.4741805493831634 1.0000000180025095e-35 1.0000000180025095e-35 1.0000000180025095e-35 15.979465961456301 1.0000000180025095e-35 1.0000000180025095e-35
decision_type=2 2 2 2 2 2 2 2 2 2 2 2 2 2 2 2 2 2 2 2 2 2 2 2 2 2 2 2 2 2
left_child=1 3 8 7 5 9 18 20 -2 -3 15 12 29 -14 -15 -5 19 -18 -4 -10 21 22 -1 -24 -25 -17 27 -9 -27 -6
right_child=2 4 6 10 11 -7 -8 26 16 -11 -12 -13 13 14 -16 25 17 -19 -20 -21 -22 -23 23 24 -26 28 -28 -29 -30 -31
leaf_value=-0.052961747747204982 -0.09108778463419509 0.025723566677578927 -0.021510547357575054 -0.0954617874217841 -0.0077907817952256502 0.094557313335929774 0.013402559472637302 -0.046706860942268932 0.054475273129543283 0.07613951134644123 -0.013012640105766396 -0.062665709056937621 -0.014511365576848931 0.16306492286328389 0.054391818188425936 -0.054021532351839978 0.072351091191055816 -0.03405972844033818 -0.077942371677088604 -0.079095331764945626 -0.060405612617475846 -0.043794420121380802 0.10235705276160081 0.043425202465192603 -0.053840545531435503 -0.039271646973823064 0.013443904208968278 0.057347611083144651 0.11845269450974799 0.06760433924998617
leaf_weight=4.8378279805183402 77.295326091349125 57.239300638437271 45.291097775101662 24.240123108029366 46.520119920372963 66.969130173325539 51.347628638148308 39.744288697838783 2.804289147257804 43.56237867474556 50.236711993813515 8.129453167319296 8.7348776012659055 6.3311690688133266 22.403420686721802 25.512459680438042 5.7373334318399456 17.682597219944 22.595175266265869 31.535670273005962 5.3136909157037726 8.3258123695850355 14.085755527019499 63.384105980396271 5.5802640914916983 3.6012762337923041 34.614336743950844 5.7853267490863791 3.3172411471605301 8.9633531719446164
leaf_count=26 759 244 283 254 244 276 290 230 20 184 290 40 38 26 95 180 45 140 184 268 29 44 69 321 28 24 178 27 22 48
internal_value=-0.00103271 0.0193356 -0.0456825 -0.0076293 0.0482789 0.0662907 -0.0171693 0.0104187 -0.0708553 0.0475113 -0.0382987 0.018384 0.0254724 0.0566915 0.0783361 -0.0607138 -0.0437799 -0.00799157 -0.0402932 -0.0681876 0.0290757 0.0340175 0.0413888 0.0468849 0.0355549 -0.0347419 -0.0132163 -0.0334849 0.0363529 0.0043893
internal_weight=811.722 557.432 254.289 288.579 268.853 167.771 119.234 181.671 135.055 100.802 106.908 101.082 92.9529 37.4695 28.7346 56.6711 57.7599 23.4199 67.8863 34.34 101.527 96.2138 87.888 83.0501 68.9644 32.431 80.144 45.5296 6.91852 55.4835
internal_count=4906 2917 1989 1722 1195 704 757 952 1232 428 770 491 451 159 121 480 473 185 467 288 517 488 444 418 349 226 435 257 46 292
is_linear=0
shrinkage=0.1


Tree=10
num_leaves=31
num_cat=0
split_feature=12 10 10 9 6 6 9 6 6 9 9 11 97 11 5 54 5 5 0 16 5 104 0 0 11 16 67 8 14 7
split_gain=61.6237 35.3854 16.4933 13.3901 13.1128 8.67078 8.30392 7.82719 7.63816 7.41552 7.27248 7.0378 5.78344 5.74196 4.92283 4.82475 5.03885 4.61813 4.57442 4.59041 4.51624 4.30477 4.2425 7.24266 4.64479 6.09733 4.10424 4.00911 3.83978 6.98065
threshold=1.0000000180025095e-35 1.0000000180025095e-35 1.0000000180025095e-35 1.0000000180025095e-35 1.0000000180025095e-35 1.0000000180025095e-35 1.0000000180025095e-35 1.0000000180025095e-35 1.0000000180025095e-35 1.0000000180025095e-35 1.0000000180025095e-35 1.0000000180025095e-35 1.0000000180025095e-35 1.0000000180025095e-35 1.0000000180025095e-35 1.0000000180025095e-35 1.0000000180025095e-35 1.0000000180025095e-35 5.9260780811309823 1.0000000180025095e-35 1.0000000180025095e-35 1.0000000180025095e-35 4.3846678733825692 6.3449692726135263 1.0000000180025095e-35 1.0000000180025095e-35 1.0000000180025095e-35 1.0000000180025095e-35 1.0000000180025095e-35 1.0000000180025095e-35
decision_type=2 2 2 2 2 2 2 2 2 2 2 2 2 2 2 2 2 2 2 2 2 2 2 2 2 2 2 2 2 2
left_child=1 3 8 5 6 20 14 -5 -2 13 17 15 21 -4 -3 16 18 -6 -10 -20 -1 -7 -8 -24 -25 26 -26 -18 -11 -30
right_child=2 4 9 7 10 12 22 -9 11 28 -12 -13 -14 -15 -16 -17 27 -19 19 -21 -22 -23 23 24 25 -27 -28 -29 29 -31
leaf_value=-0.087946807131812438 -0.088219044672076086 -0.020224721936156504 -0.017052596100907935 -0.0062146326406578752 0.031358071775016587 -0.0071293972797551496 0.1030869181513851 0.041009659077011845 -0.11493347175516255 0.037829469918224744 0.10404742147662847 -0.090779547203472186 -0.10466491057245553 -0.078257590664125354 0.028877691203645275 -0.050459544212998454 0.13047233072975273 0.080468001335293443 -0.054592995563531713 0.11671996554049038 -0.03255497345077539 0.08653404984105037 -0.037597385268886147 0.082782404070313592 0.11706700312018353 -0.053424683906313879 -0.00038022674154748726 -0.016021132846074881 -0.071851554031177142 0.076415971031989424
leaf_weight=27.049058891832829 74.589450940489769 44.062490612268448 52.182235360145569 78.983143791556358 47.459035411477089 73.650189012289047 12.242643654346464 63.166382595896721 3.6179710626602173 29.21341672539711 38.649133011698723 17.452638737857342 5.7624179273843756 21.703136786818504 38.049156472086906 17.759007148444653 5.4541979879140854 32.09913145005703 3.3146210014820099 2.9617149606347084 32.290938533842564 5.2571922838687888 10.30844673514366 26.082066670060158 6.3701868355274218 7.3725556880235663 5.5832707136869431 2.8413582891225815 10.02218186855316 4.6481729447841635
leaf_count=239 768 239 321 454 197 440 51 278 33 158 164 171 40 194 177 148 37 132 30 23 244 27 43 107 27 34 24 22 59 25
internal_value=-0.00101728 0.0174586 -0.042699 -0.00700242 0.04355 -0.0284938 0.0239286 0.0147702 -0.0675489 -0.0156923 0.0684604 -0.0386776 -0.00795181 -0.035031 0.00252851 -0.0133829 0.0228155 0.0511723 -0.0253772 0.0262472 -0.0578043 -0.000889084 0.0497852 0.0380732 0.0552517 0.0180968 0.0622093 0.080296 0.0168676 -0.0248743
internal_weight=800.198 554.437 245.76 286.159 268.278 144.01 150.071 142.15 127.991 117.769 118.207 53.4015 84.6698 73.8854 82.1116 35.9489 18.1899 79.5582 9.89431 6.27634 59.34 78.9074 67.9592 55.7165 45.4081 19.326 11.9535 8.29556 43.8838 14.6704
internal_count=4906 2917 1989 1722 1195 990 702 732 1232 757 493 464 507 515 416 293 145 329 86 53 483 467 286 235 192 85 51 59 242 84
is_linear=0
shrinkage=0.1


Tree=11
num_leaves=31
num_cat=0
split_feature=12 10 10 11 11 9 6 6 8 8 6 64 9 6 9 9 0 174 0 0 9 86 54 45 5 13 7 5 16 15
split_gain=51.5567 28.8766 14.8626 13.0375 11.315 7.35425 7.02318 6.76878 6.33244 5.68762 5.01504 4.7496 4.89583 4.46221 4.33188 4.27699 5.71906 4.19522 4.23333 6.31934 5.2423 4.05308 3.88228 5.43847 5.93141 4.3372 3.84872 3.84153 5.2321 4.95731
threshold=1.0000000180025095e-35 1.0000000180025095e-35 1.0000000180025095e-35 1.0000000180025095e-35 1.0000000180025095e-35 1.0000000180025095e-35 1.0000000180025095e-35 1.0000000180025095e-35 1.0000000180025095e-35 1.0000000180025095e-35 1.0000000180025095e-35 1.0000000180025095e-35 1.0000000180025095e-35 1.0000000180025095e-35 1.0000000180025095e-35 1.0000000180025095e-35 5.4948666095733651 1.0000000180025095e-35 3.7686516046524052 4.850102663040162 1.0000000180025095e-35 1.0000000180025095e-35 1.0000000180025095e-35 1.0000000180025095e-35 1.0000000180025095e-35 1.0000000180025095e-35 1.0000000180025095e-35 1.0000000180025095e-35 1.0000000180025095e-35 1.0000000180025095e-35
decision_type=2 2 2 2 2 2 2 2 2 2 2 2 2 2 2 2 2 2 2 2 2 2 2 2 2 2 2 2 2 2
left_child=1 3 5 8 7 -2 15 9 -1 -3 14 12 22 -7 -5 -4 -17 18 -10 -20 -21 -9 -6 24 -24 -26 -11 28 -15 -29
right_child=2 4 6 10 11 13 -8 21 17 26 -12 -13 -14 27 -16 16 -18 -19 19 20 -22 -23 23 -25 25 -27 -28 29 -30 -31
leaf_value=0.02620098088747046 -0.086207947818855699 0.057156173988737062 -0.056652956112864694 -0.091448436822373594 -0.028261934979268967 -0.062226945477869069 0.013390584512133683 0.069570158630848145 0.04274038497277801 0.033233398406796615 -0.012870534902830391 -0.060918947043312015 0.048021237188730997 -0.090828188700941295 -0.032417990048095556 -0.075014986454958521 0.027483053913266883 0.085148023416500948 -0.1361553281922625 -0.045441142715073927 0.014021065310711532 0.14548431159678951 -0.04786994622133979 0.096460145802182234 0.1019450214014323 -0.022930978796112403 -0.034073707089015651 -0.014515877132497369 0.029894054206384843 0.13645823250837993
leaf_weight=102.07941098511219 67.998727075755596 53.942958891391754 39.701082080602646 21.327208288013935 25.138057887554169 29.911262273788452 51.085899151861668 68.689655363559723 10.227057963609694 20.550058618187904 51.695142701268196 7.9844883233308783 36.497606113553047 7.8850057423114777 29.804309487342834 7.8760179281234768 17.627020165324211 4.2472644448280326 4.8604168444871894 31.62931564450264 27.909312576055527 7.8352210819721213 12.27136762440205 7.8658741265535346 6.9407052397727966 4.6411551386117935 14.483032569289206 5.3067869544029236 6.5909193903207779 3.68526491522789
leaf_count=517 759 226 308 254 133 307 290 288 52 91 320 40 155 67 196 49 110 22 27 194 140 33 71 38 32 22 66 33 46 20
internal_value=-0.000995616 0.0158063 -0.0399217 -0.00640029 0.0394226 -0.064399 -0.0143734 0.0555361 0.0097573 0.036781 -0.0348342 0.0131071 0.0194384 -0.036617 -0.0570399 -0.0361259 -0.00417107 -0.0115244 -0.0170264 -0.0265179 -0.0175677 0.0773428 0.00109059 0.0243531 0.00057495 0.0519039 0.00540796 -0.00397561 -0.0358631 0.0473587
internal_weight=788.288 550.62 237.668 283.779 266.84 121.378 116.29 165.501 180.953 88.9761 102.827 101.339 93.3548 53.3792 51.1315 65.2041 25.503 78.8734 74.6261 64.399 59.5386 76.5249 56.8572 31.7191 23.8532 11.5819 35.0331 23.468 14.4759 8.99205
internal_count=4906 2917 1989 1722 1195 1232 757 704 952 383 770 491 451 473 450 467 159 435 413 361 334 321 296 163 125 54 157 166 113 53
is_linear=0
shrinkage=0.1


Tree=12
num_leaves=31
num_cat=0
split_feature=12 10 10 11 6 6 11 9 9 11 8 9 22 94 135 0 14 0 9 6 62 5 0 7 55 7 36 0 0 60
split_gain=43.0256 23.5585 13.3651 10.8281 9.86846 7.12933 6.46834 6.37344 6.2166 6.00218 5.33777 5.30896 5.11192 4.56937 5.29906 5.57621 5.32516 4.8149 4.4839 4.20471 4.05455 4.10044 4.15811 3.99531 4.51259 3.82493 3.97588 5.49473 3.8101 5.20997
threshold=1.0000000180025095e-35 1.0000000180025095e-35 1.0000000180025095e-35 1.0000000180025095e-35 1.0000000180025095e-35 1.0000000180025095e-35 1.0000000180025095e-35 1.0000000180025095e-35 1.0000000180025095e-35 1.0000000180025095e-35 1.0000000180025095e-35 1.0000000180025095e-35 1.0000000180025095e-35 1.0000000180025095e-35 1.0000000180025095e-35 16.495551109313968 1.0000000180025095e-35 9.9780974388122576 1.0000000180025095e-35 1.0000000180025095e-35 1.0000000180025095e-35 1.0000000180025095e-35 5.9260780811309823 1.0000000180025095e-35 1.0000000180025095e-35 1.0000000180025095e-35 1.0000000180025095e-35 9.8631072044372576 9.5838465690612811 1.0000000180025095e-35
decision_type=2 2 2 2 2 2 2 2 2 2 2 2 2 2 2 2 2 2 2 2 2 2 2 2 2 2 2 2 2 2
left_child=1 3 5 11 7 -2 20 -3 -6 10 12 -1 13 14 15 16 23 -18 19 -5 21 22 -7 24 -4 -21 27 -27 29 -20
right_child=2 4 9 18 8 6 -8 -9 -10 -11 -12 -13 -14 -15 -16 -17 17 -19 28 25 -22 -23 -24 -25 -26 26 -28 -29 -30 -31
leaf_value=-0.0088258519250217476 -0.083003677346123586 2.5322463193268716e-05 0.17770660771237562 -0.089092014731331548 0.041702776304305855 -0.1132328921554106 -0.086345304815230214 0.041510194053428762 0.09138365797321267 -0.049024596262288909 -0.033590134672205514 0.025405465727795951 0.11530879486893382 0.10118685092237896 -0.083300501012534237 -0.08877346403789238 -0.091117773199850316 0.033992823096042547 0.0012087777964266994 -0.059677352565563446 -0.037585715296146655 0.092316416829103187 0.038030701705489389 0.0081820472354289884 0.049458734251990003 0.051060326631608491 0.1129171815763389 -0.097729166268803014 0.016829143265803408 -0.091938597784516393
leaf_weight=88.358711048960686 65.450277604162693 82.282186791300774 4.4783842116594315 19.782217420637608 78.848522260785103 2.8162903934717161 15.514215923845766 67.343283846974373 37.008698165416718 33.158131532371044 28.446414053440094 92.98622664809227 5.0943691879510871 4.9336860775947562 6.543846294283866 4.5910453349351874 5.5943350493907911 6.8336016088724136 14.006924748420715 18.209137469530106 19.97491779178381 6.3212110847234726 5.1232520192861557 8.2941422313451767 7.082882285118103 5.2826311141252535 2.9733513891696921 4.6816170215606689 24.869385898113251 10.510616391897202
leaf_count=510 768 416 25 254 329 29 171 286 164 272 174 442 28 26 40 27 35 42 80 132 177 43 44 47 41 39 20 35 147 63
internal_value=-0.000972245 0.0142891 -0.0372377 -0.0058564 0.0356622 -0.0613147 -0.0327811 0.0186968 0.0575725 -0.0131293 0.00140457 0.00872656 0.0200303 0.00999169 -0.000370966 0.014346 0.0290107 -0.0223247 -0.0322186 -0.0530379 -0.00850796 0.032221 -0.0156251 0.0611426 0.099137 -0.0301389 0.0114353 -0.0188471 -0.0107492 -0.0387233
internal_weight=777.395 547.144 230.251 281.661 265.483 115.2 49.7499 149.625 115.857 115.051 81.8927 181.345 53.4463 48.3519 43.4182 36.8744 32.2833 12.4279 100.316 50.929 34.2357 14.2608 7.93954 19.8554 11.5613 31.1467 12.9376 9.96425 49.3869 24.5175
internal_count=4906 2917 1989 1722 1195 1232 464 702 493 757 485 952 311 283 257 217 190 77 770 480 293 116 73 113 66 226 94 74 290 143
is_linear=0
shrinkage=0.1


Tree=13
num_leaves=31
num_cat=0
split_feature=12 10 6 11 6 168 10 5 21 1 11 5 5 9 16 15 14 6 9 0 7 0 26 14 5 64 138 9 0 8
split_gain=35.9354 19.2274 12.4864 9.45507 9.11977 7.83354 7.15318 6.74005 6.71303 10.3344 6.24422 7.03961 6.19984 6.05233 5.1074 6.74671 4.91838 4.80849 4.78169 5.1961 4.25538 4.20747 4.74754 4.96516 4.14276 3.9215 4.40457 4.44667 3.85387 4.42947
threshold=1.0000000180025095e-35 1.0000000180025095e-35 1.0000000180025095e-35 1.0000000180025095e-35 1.0000000180025095e-35 1.0000000180025095e-35 1.0000000180025095e-35 1.0000000180025095e-35 1.0000000180025095e-35 -1.0000000180025095e-35 1.0000000180025095e-35 1.0000000180025095e-35 1.0000000180025095e-35 1.0000000180025095e-35 1.0000000180025095e-35 1.0000000180025095e-35 1.0000000180025095e-35 1.0000000180025095e-35 1.0000000180025095e-35 4.4558520317077646 1.0000000180025095e-35 8.6036963462829608 1.0000000180025095e-35 1.0000000180025095e-35 1.0000000180025095e-35 1.0000000180025095e-35 1.0000000180025095e-35 1.0000000180025095e-35 15.181382656097414 1.0000000180025095e-35
decision_type=2 2 2 2 2 2 2 2 2 2 2 2 2 2 2 2 2 2 2 2 2 2 2 2 2 2 2 2 2 2
left_child=1 4 6 12 13 7 -2 8 -6 -10 11 -4 17 24 15 20 -17 21 19 -19 -13 22 -3 -24 -1 26 27 -5 29 -14
right_child=2 3 10 25 5 -7 -8 -9 9 -11 -12 14 28 -15 -16 16 -18 18 -20 -21 -22 -23 23 -25 -26 -27 -28 -29 -30 -31
leaf_value=-0.081695990604923566 -0.08023884459132738 0.042200950104755448 -0.018752338088314502 0.0012240205003313312 -0.013627124457911081 -0.090920478993187726 -0.032188693028233087 0.041325873655102409 -0.030613655187767222 0.18166292882582039 -0.049241625554352457 0.17396893478777775 0.10252100501027256 -0.0067313434207383633 -0.015204920515273501 0.065575286693777338 -0.095474433108363843 0.12208308562247948 0.098795981527033838 0.012137746370945866 0.052695440130475446 0.036735577067813462 -0.0002920424210625118 -0.11322464347496826 -0.025757481136479073 -0.059417836208262957 -0.080441718404772697 0.047141105400940575 0.015515688301943251 0.04437687503547065
leaf_weight=23.541403606534004 61.158833630383015 7.8068770468235025 43.003290936350822 54.531024351716042 68.057447127997875 7.0688517838716498 62.790746919810772 62.725677281618118 4.5035860240459442 4.6731793358921987 27.131417512893677 6.7257894650101679 35.420824959874153 78.841253057122231 9.5657689943909663 4.8576267063617697 3.1105492785573006 5.1847743242979076 15.784257128834723 25.148882061243057 5.0778412893414497 26.390793949365616 8.2958327978849393 7.3355376720428476 30.253689102828503 7.8880601376295081 4.6907278746366492 34.391925722360611 10.692093551158903 20.793556198477745
leaf_count=239 768 34 306 283 371 41 467 323 24 26 259 40 152 454 67 28 22 21 75 102 32 116 36 32 244 40 23 145 45 91
internal_value=-0.000953228 0.0129141 -0.0347195 0.0322506 -0.00536381 0.0117877 -0.0558975 0.0169751 -0.00280129 0.0774861 -0.0083303 0.00701347 0.0471812 -0.0243765 0.0447812 0.0738031 0.00270606 0.0308879 0.0541578 0.0309301 0.121798 0.00935102 -0.0214832 -0.0532894 -0.0502369 0.00829541 0.0140011 0.018983 0.0705466 0.0810136
internal_weight=767.442 544.02 223.422 264.355 279.665 147.029 123.95 139.96 77.2342 9.17677 99.4723 72.3409 162.853 132.636 29.3376 19.7718 7.96818 95.947 46.1179 30.3337 11.8036 49.829 23.4382 15.6314 53.7951 101.502 93.6137 88.923 66.9065 56.2144
internal_count=4906 2917 1989 1195 1722 785 1235 744 421 50 754 495 704 937 189 122 50 416 198 123 72 218 102 68 483 491 451 428 288 243
is_linear=0
shrinkage=0.1


Tree=14
num_leaves=31
num_cat=0
split_feature=12 10 9 11 10 11 9 8 78 6 0 14 11 67 0 11 65 97 9 1 1 80 108 54 6 84 138 0 81 6
split_gain=29.9106 15.7348 11.4081 9.05572 8.43704 7.81076 5.68052 4.95047 4.60526 5.5097 6.30896 6.53395 5.04938 4.91042 5.31555 4.46086 4.0323 3.93695 3.80514 3.51272 6.10855 4.81151 5.07975 4.39439 3.50929 3.48945 3.94216 4.03138 3.44742 3.44249
threshold=1.0000000180025095e-35 1.0000000180025095e-35 1.0000000180025095e-35 1.0000000180025095e-35 1.0000000180025095e-35 1.0000000180025095e-35 1.0000000180025095e-35 1.0000000180025095e-35 1.0000000180025095e-35 1.0000000180025095e-35 12.203969955444338 1.0000000180025095e-35 1.0000000180025095e-35 1.0000000180025095e-35 14.176591396331789 1.0000000180025095e-35 1.0000000180025095e-35 1.0000000180025095e-35 1.0000000180025095e-35 -0.69168758392333973 -0.4741805493831634 1.0000000180025095e-35 1.0000000180025095e-35 1.0000000180025095e-35 1.0000000180025095e-35 1.0000000180025095e-35 1.0000000180025095e-35 4.4558520317077646 1.0000000180025095e-35 1.0000000180025095e-35
decision_type=2 2 2 2 2 2 2 2 2 2 2 2 2 2 2 2 2 2 2 2 2 2 2 2 2 2 2 2 2 2
left_child=1 3 4 7 -2 6 29 19 9 17 11 12 -11 14 -12 -6 -9 -4 24 -1 23 22 -22 -21 -5 26 27 -7 -20 -3
right_child=2 5 8 18 15 25 -8 16 -10 10 13 -13 -14 -15 -16 -17 -18 -19 28 20 21 -23 -24 -25 -26 -27 -28 -29 -30 -31
leaf_value=-0.065379996988761485 -0.079906914267507123 0.0095111784852426468 -0.032465818021053666 -0.085193649443088382 -0.012585915062400336 0.070400193217490373 0.066897982613192561 -0.016153147662686797 -0.089448032584624845 0.12261681124386088 -0.069609035108181255 -0.032374334743621121 0.0050091602296584541 -0.08777282562521084 0.097224888685518374 -0.069777424575581573 0.084388728083914927 0.061834959066545098 0.01371955956946177 0.037732691205926094 0.031572341892647127 -0.062183542447338806 -0.05719991052378183 0.14492073959443524 -0.029110060083198164 -0.067184342817674533 -0.08345290653314634 0.0082253756884006282 -0.03968971486623963 0.046581741121074494
leaf_weight=4.3348997831344596 57.573654182255268 49.614725068211555 41.339457035064697 17.491039082407951 50.369255170226097 12.007521212100981 61.17883762717247 73.574612557888031 6.0516633167862883 13.095118470489984 3.2145016863942129 5.7642007842659941 5.061717025935649 6.4999431669712067 4.7051055580377579 18.701928548514843 4.2176178842782965 4.958200439810752 27.363416507840157 8.8539024293422681 68.691251501441002 7.2214532792568198 7.113490179181098 6.7336049526929846 30.809382826089859 5.8974395617842665 4.1326259970664969 79.306486390531063 21.645346775650978 50.596328422427177
leaf_count=24 759 217 390 254 321 58 276 414 50 70 20 37 35 41 28 194 21 44 162 42 345 37 37 32 226 29 21 383 128 211
internal_value=-0.000916131 0.0116759 -0.0322483 -0.00490528 -0.0516361 0.0292237 0.0428868 0.00833658 -0.00517409 0.000851529 0.0288885 0.060383 0.0898304 -0.0233588 0.0295084 -0.0280713 -0.0107021 -0.0223668 -0.0295005 0.022723 0.0265959 0.0158118 0.023242 0.0840366 -0.0494196 0.00746528 0.0120777 0.0164012 -0.00986933 0.028228
internal_weight=758.119 540.784 217.335 278.05 126.645 262.734 161.39 180.741 90.6899 84.6382 38.3406 23.921 18.1568 14.4196 7.91961 69.0712 77.7922 46.2977 97.3092 102.949 98.6137 83.0262 75.8047 15.5875 48.3004 101.344 95.4466 91.314 49.0088 100.211
internal_count=4906 2917 1989 1722 1274 1195 704 952 715 665 231 142 105 89 48 515 435 434 770 517 493 419 382 74 480 491 462 441 290 428
is_linear=0
shrinkage=0.1


Tree=15
num_leaves=31
num_cat=0
split_feature=12 10 11 5 11 6 10 5 6 16 15 113 8 9 9 6 35 6 0 83 174 0 0 9 62 49 16 9 41 14
split_gain=24.9181 12.8663 10.6386 7.74106 7.49775 6.86142 5.74099 5.52097 4.76659 4.03113 5.18871 3.9987 3.97393 3.9646 3.71757 3.54294 3.52762 3.47571 3.70733 4.24131 3.33285 3.43411 5.68532 3.67771 3.62239 3.20757 3.20444 3.15641 3.70473 3.64916
threshold=1.0000000180025095e-35 1.0000000180025095e-35 1.0000000180025095e-35 1.0000000180025095e-35 1.0000000180025095e-35 1.0000000180025095e-35 1.0000000180025095e-35 1.0000000180025095e-35 1.0000000180025095e-35 1.0000000180025095e-35 1.0000000180025095e-35 1.0000000180025095e-35 1.0000000180025095e-35 1.0000000180025095e-35 1.0000000180025095e-35 1.0000000180025095e-35 1.0000000180025095e-35 1.0000000180025095e-35 4.0835044384002694 1.0000000180025095e-35 1.0000000180025095e-35 3.7686516046524052 4.850102663040162 1.0000000180025095e-35 1.0000000180025095e-35 1.0000000180025095e-35 1.0000000180025095e-35 1.0000000180025095e-35 1.0000000180025095e-35 1.0000000180025095e-35
decision_type=2 2 2 2 2 2 2 2 2 2 2 2 2 2 2 2 2 2 2 2 2 2 2 2 2 2 2 2 2 2
left_child=1 4 5 8 12 6 -2 -7 11 10 -9 -3 -1 -4 -10 27 -16 18 -5 -20 21 26 -23 -24 -25 -11 -14 -6 29 -29
right_child=2 3 13 17 15 7 -8 9 14 25 -12 -13 20 -15 16 -17 -18 -19 19 -21 -22 22 23 24 -26 -27 -28 28 -30 -31
leaf_value=0.02024990926230336 -0.065902692990963213 0.0018019718723253947 -0.085353406106635735 0.086277471165082692 -0.082804282887190842 -0.016351777866097057 -0.011134843660923328 0.10597938415089743 0.015064652640756413 0.028166752066333303 0.0018877498649645952 -0.089548576172039387 -0.0093011062170347443 -0.034193286471161703 0.040930840063494844 -0.0089650456368406996 0.12870655256649893 0.070074779438728987 0.0088985095384839855 0.082402719886763481 0.075671054936227264 -0.13188718329781893 -0.03950796685390584 -0.059486950107331349 0.029101188788462119 -0.095115656459237044 0.10333057842298202 -0.073743474830459094 0.065292070288278062 0.0038468098345210452
leaf_weight=103.70495980978012 35.150671549141407 79.787611931562424 37.168288215994835 10.805154427886007 16.260128993541002 42.052407652139664 42.019634112715721 12.259099982678892 46.961993113160133 6.1555936783552188 7.8586740568280211 5.0979463160037986 5.9299511909484846 25.5665567740798 17.860061481595043 50.265003927052021 6.1570236384868613 41.171767055988312 43.86883756518364 9.5609962046146375 4.3177254199981681 4.4964497089385977 30.052628308534622 5.8182365000247982 22.333739474415779 3.2115088775753975 4.4004479795694351 14.607434302568439 3.7305670976638785 10.36075422167778
leaf_count=517 491 391 490 49 254 306 283 72 197 43 50 24 30 230 84 320 30 182 195 43 22 27 194 30 110 24 22 100 25 71
internal_value=-0.0008865 0.010553 -0.029969 0.026462 -0.00449197 -0.0153998 -0.0360813 0.00691016 0.0123069 0.0400872 0.0653177 -0.00368424 0.00745509 -0.0645039 0.031431 -0.0272075 0.063433 0.0473932 0.0328553 0.0220517 -0.0096994 -0.0147466 -0.0235485 -0.015179 0.0107925 -0.0141006 0.0386767 -0.047603 -0.0276587 -0.0415468
internal_weight=748.992 537.549 211.442 261.271 276.278 148.708 77.1703 71.5373 155.865 29.4849 20.1178 84.8856 181.054 62.7348 70.9791 95.2239 24.0171 105.407 64.235 53.4298 77.3492 73.0315 62.7011 58.2046 28.152 9.3671 10.3304 44.9589 28.6988 24.9682
internal_count=4906 2917 1989 1195 1722 1269 774 495 726 189 122 415 952 720 311 770 114 469 287 238 435 413 361 334 140 67 52 450 196 171
is_linear=0
shrinkage=0.1


Tree=16
num_leaves=31
num_cat=0
split_feature=12 8 10 11 0 9 10 0 10 0 9 99 16 7 9 26 67 11 1 67 17 24 7 0 9 35 81 26 6 62
split_gain=20.704 11.6915 10.0925 8.05192 7.46589 6.48959 5.44161 5.34959 5.14949 5.93287 5.00485 4.87438 4.7726 4.47883 5.33062 5.53269 4.61412 4.47023 4.20495 4.37211 4.15556 4.02209 3.93458 6.26176 4.8918 3.98375 4.55846 4.06382 4.8531 3.7726
threshold=1.0000000180025095e-35 1.0000000180025095e-35 1.0000000180025095e-35 1.0000000180025095e-35 2.3791923522949223 1.0000000180025095e-35 1.0000000180025095e-35 2.7310061454772954 1.0000000180025095e-35 4.3367555141448983 1.0000000180025095e-35 1.0000000180025095e-35 1.0000000180025095e-35 1.0000000180025095e-35 1.0000000180025095e-35 1.0000000180025095e-35 1.0000000180025095e-35 1.0000000180025095e-35 -0.24967678636312482 1.0000000180025095e-35 1.0000000180025095e-35 1.0000000180025095e-35 1.0000000180025095e-35 13.474332809448244 1.0000000180025095e-35 1.0000000180025095e-35 1.0000000180025095e-35 1.0000000180025095e-35 1.0000000180025095e-35 1.0000000180025095e-35
decision_type=2 2 2 2 2 2 2 2 2 2 2 2 2 2 2 2 2 2 2 2 2 2 2 2 2 2 2 2 2 2
left_child=1 3 5 6 -3 -2 -1 -6 17 -10 -4 13 21 14 15 -11 -16 -9 -14 -20 -5 -7 24 25 -22 26 -24 -28 -29 -25
right_child=2 4 10 20 7 12 -8 8 9 11 -12 -13 18 -15 16 -17 -18 -19 19 -21 22 -23 23 29 -26 -27 27 28 -30 -31
leaf_value=0.018078362822780452 -0.075496511144203554 0.08876931304348161 -0.023953417223238342 -0.10892374927205738 -0.12204977989765137 0.068783276872357413 0.051082264097786503 -0.01127561857934682 0.078146314030562769 -0.081658253839579517 0.020057682358573872 0.05023512473377835 0.091116835737501553 -0.04610532391917449 0.12327184841870478 0.013311296078446323 0.012774927517464627 -0.055721599769678144 0.038284715155578047 -0.071679312075300511 -0.035090597743256506 -0.064371502595515176 0.026536200816378544 -0.0050976420290938726 0.016702419094000796 0.073324893943913019 -0.13664891827813541 -0.10007446236314588 0.04805256087504628 0.12459068534491075
leaf_weight=104.50099152326584 51.540181487798691 7.5654827803373328 66.372884541749954 3.3237402811646453 4.3542102724313727 2.5077139660716083 95.713037341833115 72.148893788456917 10.419275432825087 9.6560449376702326 42.309006296098232 14.782637253403662 5.1484681069850948 25.700902611017227 5.7581275403499612 16.819488622248173 10.995605319738388 32.969653606414795 7.5914819315075857 6.9038519561290741 37.782439358532429 23.780683241784573 15.217318266630173 3.0367257073521587 35.248835653066635 7.0519491508603087 4.0868976637721053 3.9156031087040901 5.0831919237971306 8.5822354853153229
leaf_count=517 759 40 515 24 24 20 424 413 48 46 242 70 45 121 25 79 49 282 70 70 271 268 95 21 181 43 28 33 29 54
internal_value=-0.000851341 0.00952853 -0.0277742 0.0214746 -0.00877457 -0.0511378 0.033856 -0.0123991 -0.0100029 0.00698554 -0.00682024 -0.00187145 -0.0238052 -0.0130461 0.00660841 -0.0213256 0.0507519 -0.0252158 0.0134845 -0.0140891 0.00137451 -0.0516695 0.0044294 0.0270069 -0.0100925 0.00607642 -0.0106791 -0.0539568 -0.0164012 0.0906954
internal_weight=740.868 534.713 206.154 323.543 211.17 97.4724 200.214 203.605 199.251 94.1321 108.682 83.7128 45.9322 68.9302 43.2293 26.4755 16.7537 105.119 19.6438 14.4953 123.329 26.2884 120.005 46.9739 73.0313 35.355 28.303 13.0857 8.9988 11.619
internal_count=4906 2917 1989 1720 1197 1232 941 1157 1133 438 757 390 473 320 199 125 74 695 185 140 779 288 755 303 452 228 185 90 62 75
is_linear=0
shrinkage=0.1


Tree=17
num_leaves=31
num_cat=0
split_feature=6 12 9 104 7 5 5 10 105 9 23 78 15 11 81 16 16 134 0 69 133 62 97 130 0 9 9 8 83 14
split_gain=19.5777 13.0575 9.23115 8.02978 8.60946 6.80221 6.34982 6.11419 8.21818 5.91721 5.81559 5.67259 4.80461 4.74087 5.54549 8.55674 6.74875 5.16666 4.50353 4.48119 4.95475 4.7747 4.42205 4.38667 6.25672 4.35441 4.16887 4.14832 4.9854 5.03589
threshold=1.0000000180025095e-35 1.0000000180025095e-35 1.0000000180025095e-35 1.0000000180025095e-35 1.0000000180025095e-35 1.0000000180025095e-35 1.0000000180025095e-35 1.0000000180025095e-35 1.0000000180025095e-35 1.0000000180025095e-35 1.0000000180025095e-35 1.0000000180025095e-35 1.0000000180025095e-35 1.0000000180025095e-35 1.0000000180025095e-35 1.0000000180025095e-35 1.0000000180025095e-35 1.0000000180025095e-35 2.7310061454772954 1.0000000180025095e-35 1.0000000180025095e-35 1.0000000180025095e-35 1.0000000180025095e-35 1.0000000180025095e-35 6.3449692726135263 1.0000000180025095e-35 1.0000000180025095e-35 1.0000000180025095e-35 1.0000000180025095e-35 1.0000000180025095e-35
decision_type=2 2 2 2 2 2 2 2 2 2 2 2 2 2 2 2 2 2 2 2 2 2 2 2 2 2 2 2 2 2
left_child=1 5 3 7 -5 12 10 8 22 -3 -4 13 25 14 15 19 -16 18 -15 20 21 -7 -2 24 -11 -1 -23 28 -12 -30
right_child=2 9 6 4 -6 11 -8 -9 -10 23 27 -13 -14 17 16 -17 -18 -19 -20 -21 -22 26 -24 -25 -26 -27 -28 -29 29 -31
leaf_value=-0.030823652991531003 -0.018480092786221782 -0.066468203067003295 -0.070511089754006537 0.023366371154358342 0.2197811920371831 0.10065858582362325 0.064722752159830185 0.015771054215115494 0.12992924159256761 0.14866288323424667 0.057283063321508725 -0.061435240295850492 -0.039435478965655461 0.18436686456476525 0.10969327752334418 0.061471950618493677 0.0092180321777250891 -0.13092419486868415 -0.0059194869460172722 -0.088167935557243157 -0.093554715442906236 -0.069072040241120514 -0.10079737451211296 -0.069670423114664898 -0.012936471342806663 0.016367014435037786 0.047851547349652385 -0.0029094353542585523 -0.1067324231311626 0.057445873396832596
leaf_weight=33.330720450729132 87.447325944900513 60.914251688867807 6.5469418391585341 6.4479992389678937 3.4128437489271164 5.6224562972784122 50.425807423889637 104.45989739894867 3.5705141946673384 2.5906585380434981 44.121008045971394 9.7455559223890287 66.589167952537537 1.288346018642186 16.244050621986389 21.072904035449028 11.360225915908815 3.2437548004090777 35.942938964813948 7.5803561061620703 4.4489649981260291 6.1109412014484406 7.052204154431819 12.634901151061056 31.868752896785736 47.303100883960724 6.0866911560297012 28.80024141818285 4.0409237742424002 3.4748757407069206
leaf_count=250 665 769 35 40 17 27 233 518 30 22 229 55 421 10 78 101 56 23 252 37 22 32 71 120 324 247 28 151 23 20
internal_value=-0.000820865 -0.0164112 0.0162927 0.00322624 0.0913457 -0.00487467 0.0364892 -0.00106415 -0.0189963 -0.0458878 0.0201219 0.0119139 -0.0195563 0.0179207 0.0322505 0.0126848 0.0683438 -0.00988069 0.000665155 -0.0217577 0.000848229 0.0244169 -0.0246232 -0.019268 -0.000787432 -0.00313968 -0.0107265 0.0274987 0.0444587 -0.0308258
internal_weight=733.779 383.979 349.801 212.391 9.86084 275.97 137.41 202.53 98.07 108.009 86.984 128.747 147.223 119.002 78.5266 50.9223 27.6043 40.475 37.2313 29.8494 22.2691 17.8201 94.4995 47.0943 34.4594 80.6338 12.1976 80.437 51.6368 7.5158
internal_count=4906 2874 2032 1341 57 1639 691 1284 766 1235 458 721 918 666 381 247 134 285 262 146 109 87 736 466 346 497 60 423 272 43
is_linear=0
shrinkage=0.1


Tree=18
num_leaves=31
num_cat=0
split_feature=6 10 9 5 9 44 10 9 12 12 21 60 64 5 83 11 0 0 0 0 0 5 23 174 96 140 10 0 0 0
split_gain=16.0273 11.4128 8.95994 8.40609 5.94561 5.81877 4.92645 4.78452 4.29046 4.07687 4.47612 8.14096 3.55834 4.31777 6.37645 5.32852 4.35462 4.47195 3.43108 3.42219 4.13888 3.36806 3.29042 4.78413 5.40028 4.92635 4.03501 3.36615 3.273 4.62095
threshold=1.0000000180025095e-35 1.0000000180025095e-35 1.0000000180025095e-35 1.0000000180025095e-35 1.0000000180025095e-35 1.0000000180025095e-35 1.0000000180025095e-35 1.0000000180025095e-35 1.0000000180025095e-35 1.0000000180025095e-35 1.0000000180025095e-35 1.0000000180025095e-35 1.0000000180025095e-35 1.0000000180025095e-35 1.0000000180025095e-35 1.0000000180025095e-35 12.412046909332277 15.585215568542482 2.6652977466583256 3.4195755720138554 2.5407255887985234 1.0000000180025095e-35 1.0000000180025095e-35 1.0000000180025095e-35 1.0000000180025095e-35 1.0000000180025095e-35 1.0000000180025095e-35 16.56947231292725 3.7686516046524052 12.803559303283693
decision_type=2 2 2 2 2 2 2 2 2 2 2 2 2 2 2 2 2 2 2 2 2 2 2 2 2 2 2 2 2 2
left_child=1 2 8 5 -3 -2 9 22 21 10 28 -12 13 16 15 -15 -6 -18 -9 20 -10 -1 -5 24 25 27 -26 -24 -7 -30
right_child=3 4 -4 7 12 6 -8 18 19 -11 11 -13 -14 14 -16 -17 17 -19 -20 -21 -22 -23 23 -25 26 -27 -28 -29 29 -31
leaf_value=-0.074508274105499608 -0.08987643835891973 -0.014084060592265184 -0.014433360340811999 -0.05689122447621893 -0.0080570114334972028 0.050126751052838064 0.020706793349564517 0.15581594241469654 -0.10608391210973678 -0.046728410714591079 -0.035381002964129819 0.15025694860924066 -0.057078744553396378 0.075378492235036801 0.16844803310070625 -0.019964411121266151 0.10344821891534439 -0.0064998806786068482 0.051053695151377282 -0.10609478781367419 0.1579583961664166 -0.021080814043690818 -0.0029217341953333979 0.14166691447622234 0.0074920211935449246 0.091546014005814483 0.15168036271230359 0.08321538429683753 -0.038266121441907816 0.019610055056417421
leaf_weight=20.060605362057686 6.7082554474472991 114.9639263227582 100.36168275028467 5.2831539660692206 40.276698410511017 8.3311523869633657 98.620404981076717 3.3474624305963507 1.2432982064783602 23.973389320075512 4.380442872643469 5.1276306957006454 5.5759110301733008 14.551503881812099 4.3468037694692603 9.8159415274858475 8.4031664878129941 6.6086290404200545 47.302639044821262 22.57730158790946 1.1361563019454477 28.650970514863729 63.758173301815987 3.3445643410086623 3.1384569555520994 6.9522274583578101 5.0859590247273445 4.8843971341848365 37.230879388749599 21.915917761623859
leaf_count=239 42 724 761 37 201 45 489 15 23 276 23 27 29 72 21 48 41 33 218 417 21 244 389 17 30 38 24 29 216 117
internal_value=-0.000795298 -0.0150499 -0.0338734 0.0146501 0.000965638 0.00173128 0.00481039 0.0332738 -0.0603574 -0.0107177 0.000495964 0.0647321 0.0202802 0.0254151 0.0568746 0.0369715 0.00907653 0.0550459 0.0579774 -0.0940732 0.0199926 -0.0430835 0.0197391 0.0243839 0.019704 0.0113317 0.0966577 0.00320752 -0.00855532 -0.016821
internal_weight=727.958 378.573 174.03 349.385 204.543 206.288 199.58 143.097 73.6683 100.959 76.986 9.50807 89.5787 84.0027 28.7142 24.3674 55.2885 15.0118 50.6501 24.9568 2.37945 48.7116 92.4469 87.1638 83.8192 75.5948 8.22442 68.6426 67.4779 59.1468
internal_count=4906 2874 1705 2032 1169 1235 1193 797 944 704 428 50 445 416 141 120 275 74 233 461 44 483 564 527 510 456 54 418 378 333
is_linear=0
shrinkage=0.1


Tree=19
num_leaves=31
num_cat=0
split_feature=12 11 8 11 8 0 0 108 102 6 0 0 14 11 26 61 0 0 0 99 1 73 10 81 9 7 6 39 67 0
split_gain=14.3241 9.05028 8.96147 5.99522 5.58314 5.57102 4.54965 4.49648 4.198 3.91304 4.91668 6.22769 7.37766 6.75495 5.77782 6.59739 4.69517 7.56158 4.46269 4.36398 6.9745 3.90859 3.88073 3.53233 5.58808 6.51387 4.22766 4.2658 5.939 3.53379
threshold=1.0000000180025095e-35 1.0000000180025095e-35 1.0000000180025095e-35 1.0000000180025095e-35 1.0000000180025095e-35 2.3791923522949223 2.7310061454772954 1.0000000180025095e-35 1.0000000180025095e-35 1.0000000180025095e-35 4.0835044384002694 10.513347148895265 1.0000000180025095e-35 1.0000000180025095e-35 1.0000000180025095e-35 1.0000000180025095e-35 13.096509456634523 12.203969955444338 14.752909183502199 1.0000000180025095e-35 0.6562476158142091 1.0000000180025095e-35 1.0000000180025095e-35 1.0000000180025095e-35 1.0000000180025095e-35 1.0000000180025095e-35 1.0000000180025095e-35 1.0000000180025095e-35 1.0000000180025095e-35 9.5838465690612811
decision_type=2 2 2 2 2 2 2 2 2 2 2 2 2 2 2 2 2 2 2 2 2 2 2 2 2 2 2 2 2 2
left_child=2 4 3 22 8 -4 -7 -6 -2 16 -11 12 14 -13 -12 -16 17 -8 -15 -18 -21 -14 -1 24 25 -5 29 28 -28 -25
right_child=1 -3 5 23 7 6 9 -9 -10 10 11 13 21 18 15 -17 19 -19 -20 20 -22 -23 -24 26 -26 -27 27 -29 -30 -31
leaf_value=0.015860563205271693 0.00973766735674092 -0.057970676771446995 0.075035434519062846 -0.04700844486616787 -0.04506567559029398 -0.11502974770332042 -0.018374041950915476 0.083122552012395684 -0.082091071433899737 0.078402883362555714 -0.059388727531152985 0.048815270587396958 -0.051436741777692911 -0.080138011014985147 0.0015688738895606952 0.15560679068520444 -0.077087619082730721 0.097827318560261597 0.039719262772765808 -0.091424441899010001 0.091006086061497335 -0.16150328058287766 0.043947452945758053 -0.083042749933974536 0.043619348543588711 0.037814914340897406 -0.093739329395034876 0.077523162982021721 0.023656992099119381 -0.0041244200093160507
leaf_weight=104.34654235839844 85.514200177043676 55.66655020788312 7.7084356732666484 21.915719754993916 46.175659213215113 4.1645286306738845 66.576946143060923 2.9087504595518103 5.2860831692814818 8.4566019997000677 8.7407181411981583 31.427074313163757 10.144263505935667 8.448461137712 9.9846004694700223 3.8535860031843194 23.244428675621748 6.1143231727182856 4.9129593521356574 3.888718247413637 4.5449220910668373 4.731004834175109 93.070844501256943 13.774821296334268 35.068326458334923 15.425583258271216 6.4740879684686705 6.5949188768863669 12.887354880571365 9.6480498760938627
leaf_count=517 736 720 40 163 456 24 431 29 48 42 45 152 54 48 52 20 144 39 24 27 29 26 424 106 177 110 37 36 69 81
internal_value=-0.000759086 -0.023868 0.0078297 0.0183378 -0.010297 -0.00837897 -0.0116063 -0.0374692 0.00439171 -0.00939833 0.00579484 -0.00167109 -0.0317629 0.023493 0.004261 0.0444645 -0.0226015 -0.00859993 -0.0360668 -0.0547308 0.00688809 -0.0864429 0.0291019 0.000889387 0.0149531 -0.0119682 -0.0197337 0.00806193 -0.015598 -0.0505357
internal_weight=721.699 195.551 526.148 319.206 139.885 206.942 199.233 49.0844 90.8003 195.069 90.6993 82.2427 37.4542 44.7885 22.5789 13.8382 104.369 72.6913 13.3614 31.6781 8.43364 14.8753 197.417 121.789 72.4096 37.3413 49.3792 25.9564 19.3614 23.4229
internal_count=4906 1989 2917 1720 1269 1197 1157 485 784 1133 463 421 197 224 117 72 670 470 72 200 56 80 941 779 450 273 329 142 106 187
is_linear=0
shrinkage=0.1


Tree=20
num_leaves=31
num_cat=0
split_feature=9 10 12 105 10 5 44 6 64 5 22 5 0 108 69 67 26 81 15 0 13 0 0 81 0 11 80 0 6 81
split_gain=12.7852 9.82998 7.75726 6.92635 6.80814 4.39379 6.34208 4.26717 4.6961 4.09853 4.6152 4.07468 4.15236 4.05736 4.52928 4.57874 6.03148 3.98324 3.33153 3.33913 3.28497 3.21277 4.14141 5.2568 3.34364 3.22186 3.39847 3.18656 3.26375 4.37387
threshold=1.0000000180025095e-35 1.0000000180025095e-35 1.0000000180025095e-35 1.0000000180025095e-35 1.0000000180025095e-35 1.0000000180025095e-35 1.0000000180025095e-35 1.0000000180025095e-35 1.0000000180025095e-35 1.0000000180025095e-35 1.0000000180025095e-35 1.0000000180025095e-35 15.979465961456301 1.0000000180025095e-35 1.0000000180025095e-35 1.0000000180025095e-35 1.0000000180025095e-35 1.0000000180025095e-35 1.0000000180025095e-35 2.0465434789657597 1.0000000180025095e-35 13.419575691223146 3.4195755720138554 1.0000000180025095e-35 14.800821304321291 1.0000000180025095e-35 1.0000000180025095e-35 3.5414099693298344 1.0000000180025095e-35 1.0000000180025095e-35
decision_type=2 2 2 2 2 2 2 2 2 2 2 2 2 2 2 2 2 2 2 2 2 2 2 2 2 2 2 2 2 2
left_child=1 2 3 9 7 -3 -7 -2 21 -1 18 -6 17 14 27 20 -17 -13 19 -11 -16 22 -9 -24 -23 26 -25 -8 -29 -30
right_child=4 5 -4 -5 11 6 13 8 -10 10 -12 12 -14 -15 15 16 -18 -19 -20 -21 -22 24 23 25 -26 -27 -28 28 29 -31
leaf_value=-0.042923934096125556 -0.012707058719091552 -0.010840787094485629 -0.067590977504474889 0.092321991315190255 0.018775270322333719 0.13246555772528587 0.04443538340880774 0.077310181838158604 -0.057314473457589971 0.40026546138863028 -0.092424998016680415 0.04027845356305667 -0.028720196340502518 0.084327384275121098 0.15489090113930731 -0.09109940180476428 0.081584610086334317 0.10443569397785582 0.026357498383262998 -0.023076532356098089 0.0368684391066968 0.11566000791966898 0.033044152509658087 0.027723060054056916 0.026803563459425479 -0.079133965248435495 -0.073279263374235445 -0.040844937606382747 0.039272869794127759 -0.048138328982848949
leaf_weight=57.441294129937887 99.058142736554146 128.20273692905903 42.946894232183695 5.4007271938025943 92.852120406925678 4.58325271308422 10.055032841861246 8.8665957823395711 7.6092277541756621 0.18741707503795879 5.7048990204930297 23.931156657636166 5.2031315565109244 7.0857884958386412 4.8613316342234612 4.0508800521492958 4.0397195219993591 16.246871620416641 28.727685816586018 31.713922183960676 4.5802879631519318 7.0913487896323231 27.898302420973778 10.831560410559176 10.513386331498621 8.7434932515025139 4.8110448494553575 27.47794359177351 16.501487091183662 8.7650545760989207
leaf_count=492 761 771 759 38 465 25 56 42 40 1 43 118 25 35 27 22 20 84 197 219 23 35 143 54 51 55 24 159 79 43
internal_value=-0.000731959 -0.0128692 -0.030773 -0.0185322 0.0139804 0.00112537 0.0178002 0.00145778 0.0177044 -0.0233692 -0.00643586 0.0307781 0.0553364 0.0117883 0.0053899 0.0503296 -0.0048765 0.0662218 0.0016553 -0.0205894 0.0976362 0.0249526 0.0141156 0.00339877 0.0625958 -0.0305163 -0.00334125 -0.00715626 -0.0169915 0.00894961
internal_weight=715.983 392.326 172.123 129.176 323.656 220.204 92.0008 185.423 86.365 123.775 66.3339 138.233 45.3812 87.4175 80.3317 17.5322 8.0906 40.178 60.629 31.9013 9.44162 78.7557 61.151 52.2844 17.6047 24.3861 15.6426 62.7995 52.7445 25.2665
internal_count=4906 3009 1749 990 1897 1260 489 1205 444 952 460 692 227 464 429 92 42 202 417 220 50 404 318 276 86 133 78 337 281 122
is_linear=0
shrinkage=0.1


Tree=21
num_leaves=31
num_cat=0
split_feature=11 12 8 85 12 101 10 108 0 6 134 12 78 81 13 14 61 17 0 64 108 74 1 49 34 127 70 68 78 7
split_gain=11.7448 8.45497 8.40261 4.61922 4.33404 4.1862 4.06859 3.50301 3.41371 3.39653 8.41529 5.05444 5.60782 6.78174 5.22172 4.97123 3.79661 3.36965 3.18744 5.66978 3.2823 3.26648 6.43956 4.74918 3.51613 3.41987 3.23363 3.18397 3.18213 3.17455
threshold=1.0000000180025095e-35 1.0000000180025095e-35 1.0000000180025095e-35 1.0000000180025095e-35 1.0000000180025095e-35 1.0000000180025095e-35 1.0000000180025095e-35 1.0000000180025095e-35 17.498972892761234 1.0000000180025095e-35 1.0000000180025095e-35 1.0000000180025095e-35 1.0000000180025095e-35 1.0000000180025095e-35 1.0000000180025095e-35 1.0000000180025095e-35 1.0000000180025095e-35 1.0000000180025095e-35 17.30732345581055 1.0000000180025095e-35 1.0000000180025095e-35 1.0000000180025095e-35 -0.53289222717285145 1.0000000180025095e-35 1.0000000180025095e-35 1.0000000180025095e-35 1.0000000180025095e-35 1.0000000180025095e-35 1.0000000180025095e-35 1.0000000180025095e-35
decision_type=2 2 2 2 2 2 2 2 2 2 2 2 2 2 2 2 2 2 2 2 2 2 2 2 2 2 2 2 2 2
left_child=2 3 5 17 -4 6 9 27 -3 11 18 12 13 14 15 -1 -16 -2 19 20 21 24 -23 26 25 -11 -24 28 -6 -13
right_child=1 8 4 -5 7 -7 -8 -9 -10 10 -12 29 -14 -15 16 -17 -18 -19 -20 -21 -22 22 23 -25 -26 -27 -28 -29 -30 -31
leaf_value=0.094110269030394142 -0.088682798450631858 -0.058378641843222071 0.00087553421398207031 -0.11656235117434087 -0.018725352542851525 -0.062581708419137391 0.032995112670252132 0.068938650922094419 0.10025079033007829 0.050773216736116178 0.12415283787451824 -0.096316330600430461 -0.094282589154337182 0.072074087044759164 -0.0092268571840132645 -0.025971475695173874 -0.11633654565223955 -0.0042827132043399491 0.090622576288704265 -0.08735481705540149 -0.057778455113268415 0.23934089837312589 -0.040254124750952504 0.12289116035316271 -0.062472835888557135 -0.021358370185722616 0.065031830152078793 -0.096823072632848478 -0.11981779443703862 -0.0062709898544984991
leaf_weight=6.7591248005628586 4.8579601459205142 51.021126337349415 135.9547743499279 3.8933507315814486 32.391499858349562 6.1207342483103266 140.88915503770113 3.0752718448638907 1.3936806768178929 15.704317532479763 7.449267975986003 8.9512769654393178 4.808468982577323 15.656221672892569 7.8255535364151001 7.0366387590765953 5.7342436909675598 180.17499620839953 4.8136649057269087 5.8744465708732596 5.4806081205606452 1.7593093588948274 6.8549624681472796 4.7374243289232245 6.282818801701068 11.304238382726908 5.0780087113380432 8.4068718925118429 3.4448731765151015 6.9591775909066191
leaf_count=35 36 701 715 29 335 45 718 29 19 91 46 147 26 84 42 38 32 1196 24 32 32 9 40 26 36 68 31 86 35 123
internal_value=-0.000698207 -0.0186255 0.00852 -0.00876677 -0.00819672 0.0192294 0.021018 -0.034263 -0.0541608 0.00888418 0.0232578 -0.00810753 0.00813665 0.0195865 -0.0104533 0.0328616 -0.054522 -0.0064986 0.012187 0.00620115 0.0158091 0.0236068 0.0573831 0.0381802 0.00490857 0.0205831 0.00454972 -0.0414363 -0.0284432 -0.0569308
internal_weight=710.694 241.341 469.353 188.926 183.273 286.08 279.959 47.3185 52.4148 139.07 75.3391 63.7307 47.8203 43.0118 27.3556 13.7958 13.5598 185.033 67.8898 63.0761 57.2017 51.7211 18.4297 16.6704 33.2914 27.0086 11.933 44.2432 35.8364 15.9105
internal_count=4906 1981 2925 1261 1200 1725 1680 485 720 962 435 527 257 231 147 73 74 1232 389 365 333 301 106 97 195 159 71 456 370 270
is_linear=0
shrinkage=0.1


Tree=22
num_leaves=31
num_cat=0
split_feature=6 9 10 9 104 7 84 138 5 74 11 61 14 141 12 0 0 10 50 10 64 134 98 22 21 12 14 64 1 0
split_gain=11.0988 8.02625 7.29728 5.59655 6.03592 5.84786 4.71822 5.07629 4.20683 4.35874 4.54443 3.74624 4.57917 3.69938 3.68902 3.72575 3.5987 3.51797 4.20373 3.5172 3.35993 3.1895 3.18018 3.03597 3.79168 4.56391 3.89808 3.02861 4.2346 5.14309
threshold=1.0000000180025095e-35 1.0000000180025095e-35 1.0000000180025095e-35 1.0000000180025095e-35 1.0000000180025095e-35 1.0000000180025095e-35 1.0000000180025095e-35 1.0000000180025095e-35 1.0000000180025095e-35 1.0000000180025095e-35 1.0000000180025095e-35 1.0000000180025095e-35 1.0000000180025095e-35 1.0000000180025095e-35 1.0000000180025095e-35 3.4195755720138554 2.5407255887985234 1.0000000180025095e-35 1.0000000180025095e-35 1.0000000180025095e-35 1.0000000180025095e-35 1.0000000180025095e-35 1.0000000180025095e-35 1.0000000180025095e-35 1.0000000180025095e-35 1.0000000180025095e-35 1.0000000180025095e-35 1.0000000180025095e-35 -0.16723705083131787 4.2108144760131845
decision_type=2 2 2 2 2 2 2 2 2 2 2 2 2 2 2 2 2 2 2 2 2 2 2 2 2 2 2 2 2 2
left_child=1 2 14 4 6 -6 7 8 22 21 11 -11 -13 19 -1 16 -16 20 -19 -3 -5 -10 -2 24 25 -4 -26 28 29 -21
right_child=3 13 23 17 5 -7 -8 -9 9 10 -12 12 -14 -15 15 -17 -18 18 -20 27 -22 -23 -24 -25 26 -27 -28 -29 -30 -31
leaf_value=-0.038681454636002963 -0.00093518619234413906 -0.0095803352356102645 0.0020316865560583756 0.021904603559206329 0.019933901931023949 0.17870189187820504 -0.059783227895661685 -0.066294151275354971 -0.002544345416330287 0.14928046717349164 0.0023731020626140036 -0.00012644275939642003 0.13821761232719817 -0.10323923451719182 -0.10473955973694982 -0.1047586748836136 0.15551769140398042 0.032221730949139549 0.099179731162119714 0.04239074469974552 -0.048680142732630723 0.07566796808763461 -0.056536015276392217 0.04999107373522698 -0.13858162339395677 -0.046833207952582244 0.0012669226584297183 -0.05386758823753536 0.04379454347549086 -0.033837939512186936
leaf_weight=46.22024616971612 85.085249066352844 95.519806690514088 70.560239367187023 78.92654586955905 6.3914142325520498 3.6417793408036232 13.164354514330624 10.222367580980061 44.827202804386616 6.3011629879474649 9.6899187229573744 6.4374404549598694 3.8078028038144112 3.2967800796031943 0.99019994214177431 18.016420014202595 1.146421644836664 36.587376490235329 12.60707928240299 15.142553374171255 7.3739239387214175 5.900292642414569 11.701777704060076 7.2870334573090068 4.9068823456764203 26.214773382991552 3.3565120957791805 5.4544221088290206 44.556761048734188 21.302093885838985
leaf_count=483 565 746 364 404 40 17 91 72 274 35 68 37 20 22 23 417 21 181 66 80 40 37 85 46 35 258 21 29 220 109
internal_value=-0.000679682 -0.0128399 -0.0279605 0.0122366 0.00190133 0.0775624 -0.00194939 0.00218895 0.00621805 0.0236674 0.0567582 0.0886073 0.0512913 0.00174415 -0.0542487 -0.0899517 0.0349036 0.0280392 0.0493811 0.00364609 0.0158735 0.0065528 -0.00765746 -0.0124267 -0.0167569 -0.011205 -0.0817765 0.0182592 0.023116 -0.00216533
internal_weight=706.637 363.971 178.699 342.666 207.171 10.0332 197.138 183.973 173.751 76.9638 26.2363 16.5464 10.2452 185.272 66.3733 20.153 2.13662 135.495 49.1945 181.976 86.3005 50.7275 96.787 112.325 105.038 96.775 8.26339 86.4558 81.0014 36.4446
internal_count=4906 2874 1668 2032 1341 57 1284 1193 1121 471 160 92 57 1206 944 461 44 691 247 1184 444 311 650 724 678 622 56 438 409 189
is_linear=0
shrinkage=0.1


Tree=23
num_leaves=31
num_cat=0
split_feature=11 12 8 85 12 9 237 101 0 1 9 14 10 0 6 79 1 0 1 83 0 54 94 25 14 1 0 5 0 12
split_gain=9.47289 7.00099 6.58482 3.92139 3.37217 3.33001 4.82291 4.21252 3.23816 7.49698 9.05909 3.28502 3.19263 3.24075 3.65932 3.6245 2.95811 6.59133 5.83517 5.29055 9.3945 5.55216 4.28067 4.31855 3.93157 3.8124 5.58806 4.16859 4.72506 3.43627
threshold=1.0000000180025095e-35 1.0000000180025095e-35 1.0000000180025095e-35 1.0000000180025095e-35 1.0000000180025095e-35 1.0000000180025095e-35 1.0000000180025095e-35 1.0000000180025095e-35 9.7960300445556658 -0.16723705083131787 1.0000000180025095e-35 1.0000000180025095e-35 1.0000000180025095e-35 16.954140663146976 1.0000000180025095e-35 1.0000000180025095e-35 -0.71769717335700978 3.5414099693298344 -0.58126091957092274 1.0000000180025095e-35 7.0266940593719491 1.0000000180025095e-35 1.0000000180025095e-35 1.0000000180025095e-35 1.0000000180025095e-35 0.082515783607959761 10.380561351776125 1.0000000180025095e-35 5.3018479347229013 1.0000000180025095e-35
decision_type=2 2 2 2 2 2 2 2 2 2 2 2 2 2 2 2 2 2 2 2 2 2 2 2 2 2 2 2 2 2
left_child=2 3 5 -2 -4 6 7 16 9 11 -11 -6 -3 14 15 -14 -1 -18 -19 22 -21 -22 23 -20 -23 27 -27 29 -29 -25
right_child=1 12 4 -5 8 -7 -8 -9 -10 10 -12 -13 13 -15 -16 -17 17 18 19 20 21 24 -24 25 -26 26 -28 28 -30 -31
leaf_value=-0.079071936610318666 -0.0060669505933565503 -0.077135701438112797 0.00065142676805682396 -0.11125033826336575 -0.0034388504367881207 0.028827462943511479 0.12477490767452704 -0.11122202428644119 -0.056255713758132667 -0.030309558877661243 0.24661941464125184 -0.097365162365227284 -0.088002720614764884 0.1023969261064448 0.0093259343115881851 0.071370628793715127 0.085084762939636072 -0.12566036703141084 -0.074343995906435409 -0.050106574384395836 0.1830497637131191 -0.020667055930340572 -0.069856886812615857 -0.016703203262466999 0.12544661187781009 0.12851403567230188 0.016801645872571887 0.096827736277301901 -0.011095641541760338 -0.10204466033685332
leaf_weight=3.8989438042044631 183.48460798338056 23.476061094552279 135.28017671406269 3.6142423152923575 11.504413530230527 131.15993684157729 3.4057079069316378 3.0846837386488906 23.835960175842047 2.3558817170560351 2.369222491979599 5.5055873878300181 12.254405055195095 1.8209868930280197 10.260675691068172 1.6150398589670665 10.59884564206004 3.4272098504006854 6.5841599330306044 5.7164914198219803 5.2469843290746194 3.889018602669239 8.511005472391842 15.377726376056673 3.4979086816310883 4.9361437335610381 48.215925559401512 5.726315442472699 13.913753937929867 6.8064112178981295
leaf_count=29 1232 448 715 29 114 747 20 26 261 29 18 63 151 20 83 18 62 22 43 40 33 25 57 73 22 30 294 34 90 78
internal_value=-0.000649258 -0.0169416 0.00764066 -0.00809881 -0.00727398 0.0171384 0.00710721 0.00442544 -0.030801 -0.00288583 0.108546 -0.0338398 -0.0504144 -0.0262417 -0.0359494 -0.0694443 0.00686304 0.00921517 0.0031163 0.00655298 0.0562632 0.104392 -0.00173438 0.00397445 0.0485217 0.00940382 0.0271762 -0.0131821 0.0203708 -0.0428872
internal_weight=701.374 236.526 464.848 187.099 180.851 283.997 152.837 149.432 45.5711 21.7351 4.7251 17.01 49.4272 25.9511 24.1301 13.8694 146.347 142.448 131.849 128.422 18.3504 12.6339 110.071 101.56 7.38693 94.9763 53.1521 41.8242 19.6401 22.1841
internal_count=4906 1981 2925 1261 1200 1725 978 958 485 224 47 177 720 272 252 169 932 903 841 819 120 80 699 642 47 599 324 275 124 151
is_linear=0
shrinkage=0.1


Tree=24
num_leaves=31
num_cat=0
split_feature=6 9 10 10 97 44 12 0 0 141 151 91 7 0 105 104 9 0 0 0 0 50 31 54 55 93 5 174 1 105
split_gain=8.87695 6.23047 6.30257 4.65022 4.60815 3.84974 3.37759 3.58141 3.34642 3.12478 3.15734 3.94282 3.09473 4.76197 3.00857 2.94112 3.65312 5.844 4.48841 4.3754 4.41816 4.23392 3.57927 6.61961 5.09221 2.81511 2.94491 3.9703 2.99954 2.84808
threshold=1.0000000180025095e-35 1.0000000180025095e-35 1.0000000180025095e-35 1.0000000180025095e-35 1.0000000180025095e-35 1.0000000180025095e-35 1.0000000180025095e-35 3.4195755720138554 2.6105407476425175 1.0000000180025095e-35 1.0000000180025095e-35 1.0000000180025095e-35 1.0000000180025095e-35 11.43189573287964 1.0000000180025095e-35 1.0000000180025095e-35 1.0000000180025095e-35 2.088980078697205 2.6105407476425175 4.4558520317077646 4.8911705017089853 1.0000000180025095e-35 1.0000000180025095e-35 1.0000000180025095e-35 1.0000000180025095e-35 1.0000000180025095e-35 1.0000000180025095e-35 1.0000000180025095e-35 -0.77260628342628468 1.0000000180025095e-35
decision_type=2 2 2 2 2 2 2 2 2 2 2 2 2 2 2 2 2 2 2 2 2 2 2 2 2 2 2 2 2 2
left_child=1 2 6 4 5 -2 14 8 -8 10 11 -3 -6 -14 -1 16 17 -5 -19 -20 -21 -18 24 -24 -22 26 29 28 -28 -7
right_child=3 9 -4 15 12 25 7 -9 -10 -11 -12 -13 13 -15 -16 -17 21 18 19 20 22 -23 23 -25 -26 -27 27 -29 -30 -31
leaf_value=-0.041391616346176233 -0.08827153245421071 0.0028111391056141232 -0.010893713214168869 0.28127587904234047 -0.092420588749436594 -0.0064695147125654572 -0.10439014311466077 -0.10409744539249971 0.14635274926961209 -0.097598823265558632 0.068771356597608899 -0.087764211868947922 -0.096837073532318393 0.078101911185176912 0.087749929988765019 0.099176626772092824 0.02673255878974462 -0.092125249431112791 0.065212810261493226 -0.11074837686797423 0.068371726325526169 0.095610977289288357 -0.081424718757723669 0.044045302746630363 0.0033137578377417328 -0.059252618332831054 0.27317922234298597 0.116305452075618 0.016859848893189474 0.089915311338951545
leaf_weight=43.045043349266052 4.3230801261961451 168.85408583655953 110.50977345183492 0.79169666767120261 8.538238760083912 82.266987789422274 0.96762194484472575 15.640418134629725 1.1829791925847528 3.148742150515317 6.9917338714003554 4.9468330331146708 2.8112584538757792 3.4848706163465977 1.8828719593584526 5.00079521536827 34.947807267308235 4.2453154921531668 13.741346307098864 3.2083478420972815 16.189984455704689 11.984818011522291 10.481512300670149 7.0218027159571639 46.835585862398148 6.121451072394847 0.45952187478542228 4.4091488495469084 70.673479173332453 3.1844006925821295
leaf_count=465 38 1105 724 4 69 581 25 417 19 22 47 32 24 24 18 25 175 23 71 15 80 65 55 36 234 46 2 22 419 24
internal_value=-0.000638195 -0.0116536 -0.0252634 0.010909 0.000271098 0.00489778 -0.0505826 -0.0874602 0.0335358 0.0011636 0.00288368 0.000233125 -0.0531986 -9.36865e-06 -0.0359795 0.0237387 0.0212145 0.0106358 0.0085295 0.0129131 0.00433072 0.0443215 0.00891559 -0.0310899 0.0200258 0.00730797 0.0098388 0.0242234 0.0185157 -0.00287767
internal_weight=697.892 357.17 173.229 340.721 186.272 171.438 62.7189 17.791 2.1506 183.941 180.793 173.801 14.8344 6.29613 44.9279 154.449 149.448 102.516 101.724 97.4786 83.7372 46.9326 80.5289 17.5033 63.0256 167.115 160.994 75.5421 71.133 85.4514
internal_count=4906 2874 1668 2032 1249 1132 944 461 44 1206 1184 1137 117 48 483 783 758 518 514 491 420 240 405 91 314 1094 1048 443 421 605
is_linear=0
shrinkage=0.1


Tree=25
num_leaves=31
num_cat=0
split_feature=5 154 10 1 9 105 10 174 113 91 0 0 26 8 44 9 108 71 67 69 7 0 16 16 83 13 14 42 133 73
split_gain=8.46256 5.71546 5.13273 4.69669 4.40533 6.11698 4.15326 4.70935 4.06322 3.94332 3.5673 3.519 4.06867 3.38929 3.29634 4.11222 3.35581 3.33189 3.67383 3.31904 4.81762 3.20998 4.4375 3.1652 5.40235 6.07518 5.63389 5.82734 5.43299 3.76605
threshold=1.0000000180025095e-35 1.0000000180025095e-35 1.0000000180025095e-35 0.94737243652343761 1.0000000180025095e-35 1.0000000180025095e-35 1.0000000180025095e-35 1.0000000180025095e-35 1.0000000180025095e-35 1.0000000180025095e-35 2.1683777570724492 16.735113143920902 1.0000000180025095e-35 1.0000000180025095e-35 1.0000000180025095e-35 1.0000000180025095e-35 1.0000000180025095e-35 1.0000000180025095e-35 1.0000000180025095e-35 1.0000000180025095e-35 1.0000000180025095e-35 6.1615331172943124 1.0000000180025095e-35 1.0000000180025095e-35 1.0000000180025095e-35 1.0000000180025095e-35 1.0000000180025095e-35 1.0000000180025095e-35 1.0000000180025095e-35 1.0000000180025095e-35
decision_type=2 2 2 2 2 2 2 2 2 2 2 2 2 2 2 2 2 2 2 2 2 2 2 2 2 2 2 2 2 2
left_child=1 2 4 11 5 -1 7 9 10 23 -8 -4 -13 -9 -12 16 19 21 -19 -16 -21 -17 -23 -2 25 26 27 28 -25 -27
right_child=6 -3 3 -5 -6 -7 8 13 -10 -11 14 12 -14 -15 15 17 -18 18 -20 20 -22 22 -24 24 -26 29 -28 -29 -30 -31
leaf_value=-0.045995487577870128 -0.011780370963618279 -0.13952041053381314 0.0014591659036390003 0.091439935883320389 -0.0081809862445590287 0.09659661185007147 0.18358687191178613 0.13916083786578162 0.11497549354638514 -0.096228193685296892 0.093564973321972833 -0.0022180644459634477 -0.14792912316934168 0.0080073875361406349 -0.013935871281063609 0.025058361336550667 0.070612026400499392 -0.0606350576832567 0.050994491566624868 -0.0048573943143867242 0.10505062796883693 0.13169350864538429 0.019946107343993932 0.019060891059974744 -0.046744015636437951 -0.053720939180219654 0.0018684447955256281 0.17295371329087628 0.14638698953619156 0.04732868238667947
leaf_weight=71.978229373693466 89.121955623850226 3.3874892592430106 201.33090038970113 5.6337951794266692 102.866026237607 3.139705713838338 1.348368503153323 4.1398098096251479 4.853553280234336 4.3546011634171 5.8269021809101096 4.2981224507093421 3.4581120386719704 3.759969674050808 57.780753787606955 13.449253857135774 6.852714028209447 5.6333826482295972 6.1852997094392776 10.649513278156521 6.3758962526917449 9.9633478298783285 5.5236371606588355 11.797165334224706 10.771488130092619 10.763030309230091 12.777156062424181 5.6453612558543673 4.6809471249580374 5.6109597459435454
leaf_count=909 716 21 1143 31 731 32 8 29 25 32 31 28 23 23 318 71 34 27 31 57 33 53 28 88 85 86 93 38 31 51
internal_value=-0.000607519 -0.0101838 -0.00906812 0.00134053 -0.0216252 -0.0400356 0.0121267 0.00141653 0.0251455 -0.00240939 0.0217811 -0.00108717 -0.0671832 0.0767372 0.0200798 0.0165819 0.00363368 0.0425258 -0.00221381 -0.00250196 0.0363024 0.0607992 0.0918373 0.000293189 0.0176354 0.0311599 0.0547369 0.0852705 0.0552305 -0.0190937
internal_weight=693.957 396.092 392.705 214.721 177.984 75.1179 297.865 163.422 134.443 155.523 129.589 209.087 7.75623 7.89978 128.241 122.414 81.6589 40.7549 11.8187 74.8062 17.0254 28.9362 15.487 151.168 62.0461 51.2746 34.9006 22.1235 16.4781 16.374
internal_count=4906 2918 2897 1225 1672 941 1988 1272 716 1220 691 1194 51 52 683 652 442 210 58 408 90 152 81 1188 472 387 250 157 119 137
is_linear=0
shrinkage=0.1


Tree=26
num_leaves=31
num_cat=0
split_feature=8 154 11 12 0 0 12 80 0 23 174 46 16 6 0 101 12 0 0 42 84 15 7 40 83 0 113 25 113 1
split_gain=8.00442 5.58288 5.31043 4.72185 4.14774 3.9901 3.61328 4.62971 3.15588 3.2844 4.3452 3.1157 3.09552 4.02944 3.00904 2.90886 2.98123 3.59264 6.85608 3.22855 5.15178 4.65696 6.7775 3.29771 2.89218 5.71548 3.75761 3.548 2.76042 2.73306
threshold=1.0000000180025095e-35 1.0000000180025095e-35 1.0000000180025095e-35 1.0000000180025095e-35 2.3791923522949223 2.7310061454772954 1.0000000180025095e-35 1.0000000180025095e-35 4.0835044384002694 1.0000000180025095e-35 1.0000000180025095e-35 1.0000000180025095e-35 1.0000000180025095e-35 1.0000000180025095e-35 17.166323661804203 1.0000000180025095e-35 1.0000000180025095e-35 2.960985660552979 4.0561258792877206 1.0000000180025095e-35 1.0000000180025095e-35 1.0000000180025095e-35 1.0000000180025095e-35 1.0000000180025095e-35 1.0000000180025095e-35 7.0266940593719491 1.0000000180025095e-35 1.0000000180025095e-35 1.0000000180025095e-35 -0.46444596350193018
decision_type=2 2 2 2 2 2 2 2 2 2 2 2 2 2 2 2 2 2 2 2 2 2 2 2 2 2 2 2 2 2
left_child=1 2 15 4 -2 -6 11 14 12 -10 29 -4 13 -7 -8 16 17 -1 -19 20 24 23 -23 -21 26 -26 27 -20 -5 -11
right_child=3 -3 6 28 5 8 7 -9 9 10 -12 -13 -14 -15 -16 -17 -18 18 19 21 -22 22 -24 -25 25 -27 -28 -29 -30 -31
leaf_value=-0.028967253538619637 0.06493894546527422 -0.11382521825342656 -0.068368308790655294 -0.045807493173776331 -0.10933572076068838 -0.057930099825019836 -0.054147212428600891 0.086082112819928988 -0.073706398843720253 -0.062257913658101072 0.077937907498338954 0.0056424204986912398 0.08055418199596219 0.065134496764274061 0.097528755303921716 -0.053846845411613845 0.0031047634836198603 0.089475899462380618 -0.066347355787982287 0.042527484731709017 0.10961453696244719 -0.04287817786042647 0.086645240445477223 0.12578739044822765 -0.03896097370610227 0.089088414511400052 -0.080223927647980697 0.013498537779980066 0.038336709662672386 -0.0087206210972960892
leaf_weight=11.349589869379995 7.6558044739067546 3.7451163567602626 5.9949948079884043 53.605073323473334 3.9694822169840327 5.9596867002546805 28.660852959379557 2.8526926357299081 8.2777445204555971 10.199289064854382 5.5363141782581797 111.11170379072428 7.5420181900262824 4.8062583282589912 1.3705033622682083 5.6830420549958935 86.60356186516583 16.979019865393639 5.9332398772239676 9.8244827091693878 5.484646037220954 9.8078963160514849 6.8695062696933737 9.2228330373764038 5.0457118302583721 11.27484445273876 5.0187901556491843 89.709626987576485 4.2045701071619979 146.47946247830987
leaf_count=59 40 24 45 674 24 40 430 35 46 66 31 727 45 24 19 45 752 81 29 47 27 49 33 46 24 56 24 438 45 881
internal_value=-0.00057773 0.0077397 0.00880145 -0.0145094 -0.00724711 -0.010114 -0.00637109 -0.0356609 -0.00802784 -0.0122645 -0.00912917 0.00185362 0.0314262 -0.00299017 -0.0472254 0.0169639 0.0184373 0.0255563 0.029089 0.0226076 0.0148917 0.0490582 0.0104732 0.0828425 0.0104506 0.0495003 0.00411941 0.00854527 -0.0396876 -0.0122057
internal_weight=690.778 432.543 428.798 258.236 200.426 192.77 149.991 32.884 188.801 170.493 162.215 117.107 18.308 10.7659 30.0314 278.807 273.124 186.52 175.171 158.192 122.467 35.7247 16.6774 19.0473 116.982 16.3206 100.662 95.6429 57.8096 156.679
internal_count=4906 2990 2966 1916 1197 1157 1256 484 1133 1024 978 772 109 64 449 1710 1665 913 854 773 598 175 82 93 571 80 491 467 719 947
is_linear=0
shrinkage=0.1


Tree=27
num_leaves=31
num_cat=0
split_feature=6 12 5 78 15 137 133 128 16 9 104 7 84 138 10 81 67 82 0 82 54 8 151 108 14 23 74 14 7 50
split_gain=7.53063 4.87158 3.6619 3.54698 3.51491 4.71496 4.07008 4.08123 3.90126 3.46981 4.26198 4.03335 3.60239 4.20663 3.45684 3.42343 4.87524 3.75108 3.53576 7.19558 4.83891 3.1523 4.72691 5.76673 4.46777 4.41094 3.86924 4.89935 6.10367 5.18098
threshold=1.0000000180025095e-35 1.0000000180025095e-35 1.0000000180025095e-35 1.0000000180025095e-35 1.0000000180025095e-35 1.0000000180025095e-35 1.0000000180025095e-35 1.0000000180025095e-35 1.0000000180025095e-35 1.0000000180025095e-35 1.0000000180025095e-35 1.0000000180025095e-35 1.0000000180025095e-35 1.0000000180025095e-35 1.0000000180025095e-35 1.0000000180025095e-35 1.0000000180025095e-35 1.0000000180025095e-35 5.4948666095733651 1.0000000180025095e-35 1.0000000180025095e-35 1.0000000180025095e-35 1.0000000180025095e-35 1.0000000180025095e-35 1.0000000180025095e-35 1.0000000180025095e-35 1.0000000180025095e-35 1.0000000180025095e-35 1.0000000180025095e-35 1.0000000180025095e-35
decision_type=2 2 2 2 2 2 2 2 2 2 2 2 2 2 2 2 2 2 2 2 2 2 2 2 2 2 2 2 2 2
left_child=1 2 4 -4 6 -6 7 -1 -8 10 12 -12 13 21 -3 -16 17 -17 -18 20 -20 22 23 25 -23 -2 -27 29 -29 -28
right_child=9 14 3 -5 5 -7 8 -9 -10 -11 11 -13 -14 -15 15 16 18 -19 19 -21 -22 24 -24 -25 -26 26 27 28 -30 -31
leaf_value=0.0034142169816423016 -0.076567244521146105 -0.055253648612422157 0.013309105819792092 -0.052287642052784737 -0.041144364233406866 0.057989591526612178 -0.0027474526171042887 0.11843207878111539 -0.11695301766229227 0.022706688340023373 0.016837768461100053 0.14751096952638212 -0.053302456754945174 -0.061772397231871293 -0.036944096437900406 -0.078686732675234225 -0.019813832198424981 0.047077402319174011 0.24661971521648252 -0.042611979317706904 0.061877896849410058 0.007811644429696102 0.11896178429227039 -0.064960471356328417 -0.047547208694590781 0.0088497376469991278 -0.01587737577179571 0.039632285012828353 0.1726760585719552 0.10769409315050393
leaf_weight=61.366254560649395 4.5639767758548251 35.432731436565518 114.58107952773571 8.8821662664413434 56.832085967063904 5.2400646768510333 6.6624834574758989 3.2483420819044104 5.4279504716396332 133.01465943083167 6.3912719413638097 3.7468020170927048 12.500346068292854 9.7233345247805101 30.398243241012096 6.9368660561740398 4.0410382114350805 3.6036387085914612 2.9404774531722051 2.6270608343183994 2.7379759214818478 41.26696977391839 4.3074168115854254 8.8867644034326059 22.542271468788385 57.780266467481852 12.787424985319378 8.1096941120922583 5.9991219751536837 4.6183350160717955
leaf_count=396 31 768 666 55 389 32 45 18 38 691 40 17 91 72 273 58 35 31 24 23 23 262 25 61 164 369 89 54 36 30
internal_value=-0.000544707 -0.0107911 -0.00393837 0.00858996 -0.0150842 -0.0327756 -0.000767804 0.00919646 -0.0540196 0.0101502 0.00193177 0.0651316 -0.00138657 0.00220711 -0.031047 -0.0149504 0.0142612 -0.0356899 0.0569055 0.0942333 0.157543 0.00584802 0.0163346 0.0120321 -0.0117453 0.019322 0.024223 0.052409 0.096203 0.0169103
internal_weight=687.197 350.958 262.24 123.463 138.777 62.0722 76.705 64.6146 12.0904 336.239 203.224 10.1381 193.086 180.586 88.718 53.2853 22.8871 10.5405 12.3466 8.30551 5.67845 170.862 107.053 102.746 63.8092 93.8588 89.2948 31.5146 14.1088 17.4058
internal_count=4906 2874 1639 721 918 421 497 414 83 2032 1341 57 1284 1193 1235 467 194 89 105 70 47 1121 695 670 426 609 578 209 90 119
is_linear=0
shrinkage=0.1


Tree=28
num_leaves=31
num_cat=0
split_feature=11 302 154 12 8 85 16 1 7 0 14 26 1 5 21 35 7 10 17 9 174 56 18 101 7 237 193 86 54 63
split_gain=6.92444 5.91748 5.17971 4.85825 4.09064 3.35447 3.3275 6.1942 5.45291 5.15048 3.41965 5.06983 4.04707 2.95703 5.50254 4.60785 3.76946 3.11297 2.93429 2.81978 2.73275 3.71497 3.2374 2.9719 3.84273 2.65098 2.68123 2.60307 3.84796 2.77668
threshold=1.0000000180025095e-35 1.0000000180025095e-35 1.0000000180025095e-35 1.0000000180025095e-35 1.0000000180025095e-35 1.0000000180025095e-35 1.0000000180025095e-35 -0.52635180950164784 1.0000000180025095e-35 16.379192352294925 1.0000000180025095e-35 1.0000000180025095e-35 0.63586583733558666 1.0000000180025095e-35 1.0000000180025095e-35 1.0000000180025095e-35 1.0000000180025095e-35 1.0000000180025095e-35 1.0000000180025095e-35 1.0000000180025095e-35 1.0000000180025095e-35 1.0000000180025095e-35 1.0000000180025095e-35 1.0000000180025095e-35 1.0000000180025095e-35 1.0000000180025095e-35 1.0000000180025095e-35 1.0000000180025095e-35 1.0000000180025095e-35 1.0000000180025095e-35
decision_type=2 2 2 2 2 2 2 2 2 2 2 2 2 2 2 2 2 2 2 2 2 2 2 2 2 2 2 2 2 2
left_child=1 2 4 5 20 18 -6 8 -8 10 12 -12 13 14 15 17 -15 -9 -2 -5 22 -22 -1 25 -25 26 -24 29 -29 -20
right_child=3 -3 -4 19 6 -7 7 9 -10 -11 11 -13 -14 16 -16 -17 -18 -19 27 -21 21 -23 23 24 -26 -27 -28 28 -30 -31
leaf_value=-0.084418970177402533 -0.085545112961940201 -0.12642959522088401 -0.11586098907214692 -0.068311039241631719 -0.014802306768026064 -0.10690399746735955 0.13802721029551313 -0.12467994061408126 -0.0098862636255101187 0.084912603093629718 0.018434994416125821 -0.089021246757921543 -0.10277659650933935 0.094704386672102556 0.11001505756439085 0.059646287036919682 -0.027665959429796324 -0.017789054547737704 0.0022427161531865555 -0.018015752975601856 0.12004913404916623 -0.0025123375954964008 0.014214248264197704 -0.14780833085365488 0.023650158987964218 0.085853190349406153 0.1056336818404861 -0.10025318775338471 0.0037491338627538909 -0.074285443902180601
leaf_weight=3.291758617386221 4.4896990805864325 3.3194454014301291 3.3740913793444625 23.355211593210697 104.29920916073024 3.3364041298627845 6.7527675051242095 4.8367703352123517 3.9504363313317299 6.4503042027354232 7.4558938946574935 10.679895052686334 2.9519694410264483 8.4797946512699145 3.387357408180832 4.0980005897581568 3.5799795761704436 6.2389059066772461 157.06178814359009 21.325247701257467 5.7328531630337221 4.3494846932590008 248.11897381208837 2.5299390759319058 2.7044351175427437 5.4561291337013236 3.2501915320754042 6.645041670650242 7.656489659100771 4.8887177892029277
leaf_count=20 36 18 19 490 712 29 38 46 25 38 64 81 21 53 24 30 22 34 1062 230 30 25 1531 21 23 32 18 46 51 37
internal_value=-0.000532258 0.00659947 0.00757649 -0.0147262 0.00850492 -0.00754649 -0.00353855 0.0135217 0.083434 0.00065543 -0.0098551 -0.0448444 0.00904588 0.019826 -0.00522286 -0.0309485 0.0583784 -0.0644685 -0.0057124 -0.0443059 0.0160765 0.0671766 0.0141349 0.0153728 -0.0592212 0.0168931 0.0153963 -0.00367881 -0.0445743 -6.74006e-05
internal_weight=684.047 455.289 451.969 228.759 448.595 184.078 173.161 68.8621 10.7032 58.1589 51.7086 18.1358 33.5728 30.6208 18.561 15.1737 12.0598 11.0757 180.742 44.6805 275.434 10.0823 265.351 262.06 5.23437 256.825 251.369 176.252 14.3015 161.951
internal_count=4906 2925 2907 1981 2888 1261 1188 476 63 413 375 145 230 209 134 110 75 80 1232 720 1700 55 1645 1625 44 1581 1549 1196 97 1099
is_linear=0
shrinkage=0.1


Tree=29
num_leaves=31
num_cat=0
split_feature=10 121 9 6 97 5 0 113 61 44 1 0 9 108 69 67 49 13 68 26 61 1 53 0 0 14 7 129 104 67
split_gain=6.32597 5.54704 5.67197 4.50004 4.26631 3.65283 3.71229 4.69298 4.47669 3.53933 3.52495 3.68045 3.35437 3.67355 3.43054 4.76517 2.87294 3.55071 6.64795 3.38792 4.98415 4.27189 4.58593 3.84195 4.07478 3.07595 4.80025 2.80629 2.71536 2.67935
threshold=1.0000000180025095e-35 1.0000000180025095e-35 1.0000000180025095e-35 1.0000000180025095e-35 1.0000000180025095e-35 1.0000000180025095e-35 15.464749813079836 1.0000000180025095e-35 1.0000000180025095e-35 1.0000000180025095e-35 0.94737243652343761 17.100615501403812 1.0000000180025095e-35 1.0000000180025095e-35 1.0000000180025095e-35 1.0000000180025095e-35 1.0000000180025095e-35 1.0000000180025095e-35 1.0000000180025095e-35 1.0000000180025095e-35 1.0000000180025095e-35 -0.16024032235145566 1.0000000180025095e-35 3.9917863607406621 5.07460641860962 1.0000000180025095e-35 1.0000000180025095e-35 1.0000000180025095e-35 1.0000000180025095e-35 1.0000000180025095e-35
decision_type=2 2 2 2 2 2 2 2 2 2 2 2 2 2 2 2 2 2 2 2 2 2 2 2 2 2 2 2 2 2
left_child=1 2 3 27 16 10 7 9 -8 -7 11 -2 13 14 -11 -16 19 18 25 -5 23 -22 -23 -21 -25 -18 -27 -1 -4 -30
right_child=5 -3 28 4 -6 6 8 -9 -10 12 -12 -13 -14 -15 15 -17 17 -19 -20 20 21 22 -24 24 -26 26 -28 -29 29 -31
leaf_value=-0.061377419281267012 0.00061633267575963459 0.11523913352824805 0.0027445972351224524 -0.047249259289538485 -0.095919407184033467 0.11872350728441115 -0.051905614950874174 0.13244421537501003 0.047268862777059752 -0.0080640810950871212 0.078011559104464945 -0.095920138497692556 0.047110599539245644 0.08650199582534876 0.11781351941986629 -0.017273358979849867 0.066666311160905975 -0.022909853381969044 0.1914130467820977 0.036720564591617967 -0.052758206296001975 0.16540733964719637 -0.0037018182744959962 -0.12508627106502904 -0.019215803615325166 -0.11781266585570148 0.0567458884042241 -0.011131336945253562 -0.13790555124193801 -0.0034296469911663137
leaf_weight=41.815304508432746 203.72831456363201 3.4835928417742243 173.30066406354308 25.332224801182747 5.7688387297093859 3.8899173885583869 13.138001631945373 4.2298085838556281 6.9641987569630137 53.61976045742631 5.7658296823501578 4.0273571312427512 34.427692204713821 5.6174360886216155 5.5694487281143648 4.9163177236914635 6.9460780546069163 11.368402976542713 2.7583668157458296 8.2480181008577365 2.3471554480493069 4.3736248519271594 2.531918216496706 4.7665671147406128 15.31935418397188 3.125136811286211 3.1767566613852978 15.140048224478958 2.7680480182170859 3.1881107203662395
leaf_count=695 1177 28 1152 210 73 21 68 21 36 300 31 28 186 28 28 28 50 86 20 61 20 36 24 40 122 30 25 239 18 25
internal_value=-0.000514462 -0.0102922 -0.0116083 -0.0257495 -0.0125448 0.0089768 0.0220284 0.0291146 -0.0175476 0.0250692 0.000885443 -0.00125503 0.0215713 0.00896061 0.00216582 0.0544772 -0.00721803 0.0198247 0.0501766 -0.0189838 6.62819e-05 0.0637895 0.103403 -0.0207431 -0.0443398 0.0207697 -0.0298185 -0.0480209 0.000462896 -0.0659256
internal_weight=681.652 335.758 332.275 153.018 96.0624 345.894 132.373 112.27 20.1022 108.041 213.522 207.756 104.151 69.723 64.1055 10.4858 90.2936 27.3747 16.0063 62.9189 37.5866 9.2527 6.90554 28.3339 20.0859 13.248 6.30189 56.9554 179.257 5.95616
internal_count=4906 2954 2926 1731 797 1952 716 612 104 591 1236 1205 570 384 356 56 724 211 125 513 303 80 60 223 162 105 55 934 1195 43
is_linear=0
shrinkage=0.1


Tree=30
num_leaves=31
num_cat=0
split_feature=6 9 10 11 10 87 97 44 93 129 168 55 141 151 91 7 0 98 0 81 10 5 64 86 62 21 15 53 21 0
split_gain=5.85064 4.19277 3.76123 3.11574 3.0438 3.58065 4.42747 2.81057 2.79408 3.21313 4.12704 3.05707 2.56539 2.48287 3.27238 2.43204 2.8692 2.40096 3.78558 3.9092 3.81368 2.44684 3.28609 2.88037 2.40231 3.8279 4.70787 3.64467 3.57136 3.37175
threshold=1.0000000180025095e-35 1.0000000180025095e-35 1.0000000180025095e-35 1.0000000180025095e-35 1.0000000180025095e-35 1.0000000180025095e-35 1.0000000180025095e-35 1.0000000180025095e-35 1.0000000180025095e-35 1.0000000180025095e-35 1.0000000180025095e-35 1.0000000180025095e-35 1.0000000180025095e-35 1.0000000180025095e-35 1.0000000180025095e-35 1.0000000180025095e-35 11.43189573287964 1.0000000180025095e-35 14.867898464202883 1.0000000180025095e-35 1.0000000180025095e-35 1.0000000180025095e-35 1.0000000180025095e-35 1.0000000180025095e-35 1.0000000180025095e-35 1.0000000180025095e-35 1.0000000180025095e-35 1.0000000180025095e-35 1.0000000180025095e-35 6.7118411064147958
decision_type=2 2 2 2 2 2 2 2 2 2 2 2 2 2 2 2 2 2 2 2 2 2 2 2 2 2 2 2 2 2
left_child=1 2 3 8 5 6 7 -2 9 10 -1 -11 13 14 17 -8 -17 21 19 20 -19 23 -23 24 25 26 27 -3 -26 -28
right_child=4 12 -4 -5 -6 -7 15 -9 -10 11 -12 -13 -14 -15 -16 16 -18 18 -20 -21 -22 22 -24 -25 28 -27 29 -29 -30 -31
leaf_value=-0.063686563524957426 -0.081964793897567056 -0.013378292595295969 -0.010368034917816484 -0.079508494143591082 0.019434958392038962 0.077266737907557989 -0.096531662370106353 0.0042178818603189954 0.074186447631888738 -0.041488108797445133 0.086950993688054409 0.06712444265454183 -0.090810332679879965 0.060506079199689734 -0.082089352178233904 -0.090693257210813796 0.05175858777858592 -0.076626948078649892 0.1127135701319544 0.076651272217469008 0.029084931766315089 0.019475612363181117 -0.080767678129561496 0.052137218736274485 -0.011110431796972619 -0.12002900469804767 -0.019769450876630637 0.10630216059924268 0.10132094824726307 -0.12828211542942833
leaf_weight=24.707121195271615 3.8757890667766324 14.257250890135767 108.48847296833992 16.053272008895874 151.10717909038067 5.8433546423912039 7.3199387378990632 159.83653657697141 2.5398903694003812 5.164638312533496 1.96326733380556 5.2013386022299528 3.0015478096902362 7.0654988661408415 4.7204592153429976 2.4864840470254421 3.2778320163488388 6.1111223585903698 4.6155137829482547 6.4535548686981192 7.7286836504936218 53.341194313019514 3.4837305396795264 6.1906106434762469 41.27828461304307 4.9531117491424075 5.6652400791645068 3.0973534099757662 3.0328426808118811 5.7900542318820953
leaf_count=337 38 97 724 435 783 41 65 1058 29 63 26 54 22 47 32 24 23 50 27 37 37 339 23 41 295 37 38 19 23 42
internal_value=-0.000503053 -0.00963657 -0.0212085 -0.0423495 0.00893579 0.000249305 -0.00229622 0.00217756 -0.0272768 -0.0342349 -0.0525978 0.0130104 0.00086845 0.00241627 1.21231e-05 -0.0582729 -0.00968916 0.00234682 0.0309695 0.0123777 -0.0175933 -0.00270641 0.0133301 -0.0135208 -0.0187269 -0.0388223 -0.0248609 0.00798161 -0.00341515 -0.0746169
internal_weight=678.651 344.904 164.118 55.6295 333.747 182.64 176.797 163.712 39.5763 37.0364 26.6704 10.366 180.786 177.785 170.719 13.0843 5.76432 165.999 24.9089 20.2934 13.8398 141.09 56.8249 84.2647 78.0741 33.763 28.8099 17.3546 44.3111 11.4553
internal_count=4906 2874 1668 944 2032 1249 1208 1096 509 480 363 117 1206 1184 1137 112 47 1105 151 124 87 954 362 592 551 233 196 116 318 80
is_linear=0
shrinkage=0.1


Tree=31
num_leaves=31
num_cat=0
split_feature=12 11 102 11 77 0 21 47 16 56 0 78 54 81 10 55 16 0 85 63 61 68 5 86 135 81 137 39 73 6
split_gain=5.63729 3.77114 3.6938 3.44512 4.10966 3.25472 3.04533 6.22987 5.85733 8.90695 5.96246 5.69883 5.00831 5.35534 3.99119 4.56609 4.38091 3.21315 2.91209 2.67961 2.62164 5.75398 4.01885 3.43889 3.66637 3.37543 4.0228 3.02029 3.33266 3.87006
threshold=1.0000000180025095e-35 1.0000000180025095e-35 1.0000000180025095e-35 1.0000000180025095e-35 1.0000000180025095e-35 17.166323661804203 1.0000000180025095e-35 1.0000000180025095e-35 1.0000000180025095e-35 1.0000000180025095e-35 8.7460646629333514 1.0000000180025095e-35 1.0000000180025095e-35 1.0000000180025095e-35 1.0000000180025095e-35 1.0000000180025095e-35 1.0000000180025095e-35 9.1197810173034686 1.0000000180025095e-35 1.0000000180025095e-35 1.0000000180025095e-35 1.0000000180025095e-35 1.0000000180025095e-35 1.0000000180025095e-35 1.0000000180025095e-35 1.0000000180025095e-35 1.0000000180025095e-35 1.0000000180025095e-35 1.0000000180025095e-35 1.0000000180025095e-35
decision_type=2 2 2 2 2 2 2 2 2 2 2 2 2 2 2 2 2 2 2 2 2 2 2 2 2 2 2 2 2 2
left_child=1 -1 3 4 6 19 11 8 10 -10 -8 12 13 -2 15 17 -16 -15 20 -5 21 23 -23 24 -3 -26 -27 -22 -29 -30
right_child=2 18 -4 5 -6 -7 7 -9 9 -11 -12 -13 -14 14 16 -17 -18 -19 -20 -21 27 22 -24 -25 25 26 -28 28 29 -31
leaf_value=0.011396778033287688 -0.0075510966655311764 0.01112685304213777 -0.076289522940760329 -0.050082188889931781 -0.12467742786628069 0.089652159229997072 0.11513858759881193 -0.090481355886923839 0.023424684910149915 0.32142079046008393 -0.072632239510437319 -0.12369543812771799 -0.023734891433795868 0.0061240356080858524 0.14300737956217707 -0.089148735940247748 0.0062236023530625722 0.14829416845436735 -0.10353693253979795 0.087091358789652545 9.4729188646207204e-06 -0.096462244050169427 -0.0071118570447535022 -0.099070841220273112 -0.0004349286079547883 -0.13339024510769179 0.0019891084054782992 0.10251124636700071 -0.072261763587216463 0.081102779587986618
leaf_weight=320.63286888599396 29.043525064364076 71.451486427336931 9.6102187205106002 36.117499060928822 2.7740105483680955 1.8947230149060477 3.3636442311108095 2.7760899141430846 1.9950884506106374 2.0170951802283525 3.4009562805294991 4.0411981809884301 54.08586860448122 4.3472375795245171 7.5397826880216599 3.0393184684216976 3.3962117284536362 2.5061416644603014 3.0497548524290314 1.4825201183557499 47.9905696362257 12.724350556731224 8.3290429264307022 3.6140441149473181 11.531041208654642 5.7211413607001305 3.5612251963466406 6.8459912762045843 3.3589635230600834 3.2252969965338707
leaf_count=1656 271 491 119 614 27 28 28 31 22 18 34 44 534 54 41 48 22 27 29 27 327 93 56 27 80 40 27 47 26 18
internal_value=-0.000491753 0.00487769 -0.0160348 -0.0125001 -0.00432665 -0.0382295 -0.00158006 0.0431017 0.0775126 0.17324 0.0207353 -0.00718719 -0.00265813 0.0201994 0.0588947 0.0128698 0.100529 0.0581128 -0.00664492 -0.0446736 -0.00498811 -0.013775 -0.0611139 -0.00338022 0.000368008 -0.0365666 -0.0814513 0.0117403 0.0536585 0.00286379
internal_weight=675.467 502.036 173.431 163.821 124.326 39.4947 121.552 13.5529 10.7768 4.01218 6.7646 107.999 103.958 49.8722 20.8287 9.8927 10.936 6.85338 181.403 37.6 178.353 116.932 21.0534 95.8789 92.2649 20.8134 9.28237 61.4208 13.4303 6.58426
internal_count=4906 2917 1989 1870 1201 669 1174 133 102 40 62 1041 997 463 192 129 63 81 1261 641 1232 814 149 665 638 147 67 418 91 44
is_linear=0
shrinkage=0.1


Tree=32
num_leaves=31
num_cat=0
split_feature=8 154 101 148 10 262 46 17 12 167 6 94 12 26 6 67 54 7 0 0 135 50 11 33 82 54 0 0 56 5
split_gain=5.37924 4.16755 3.3321 3.24058 3.3475 3.61993 3.23202 3.72172 3.80845 4.89343 3.69737 3.54898 3.14069 3.11774 3.5822 4.2164 3.39799 3.31767 3.07423 3.57758 3.0477 3.10558 3.04252 2.91775 3.36815 2.85833 4.06249 6.26124 4.40071 4.33426
threshold=1.0000000180025095e-35 1.0000000180025095e-35 1.0000000180025095e-35 1.0000000180025095e-35 1.0000000180025095e-35 1.0000000180025095e-35 1.0000000180025095e-35 1.0000000180025095e-35 1.0000000180025095e-35 1.0000000180025095e-35 1.0000000180025095e-35 1.0000000180025095e-35 1.0000000180025095e-35 1.0000000180025095e-35 1.0000000180025095e-35 1.0000000180025095e-35 1.0000000180025095e-35 1.0000000180025095e-35 2.3791923522949223 2.7310061454772954 1.0000000180025095e-35 1.0000000180025095e-35 1.0000000180025095e-35 1.0000000180025095e-35 1.0000000180025095e-35 1.0000000180025095e-35 7.9493498802185067 9.0047912597656268 1.0000000180025095e-35 1.0000000180025095e-35
decision_type=2 2 2 2 2 2 2 2 2 2 2 2 2 2 2 2 2 2 2 2 2 2 2 2 2 2 2 2 2 2
left_child=1 2 3 4 6 13 -1 -8 9 11 -10 -9 18 14 16 -16 20 -17 -2 -20 21 22 -6 24 -12 26 28 -28 29 -15
right_child=12 -3 -4 -5 5 -7 7 8 10 -11 23 -13 -14 25 15 17 -18 -19 19 -21 -22 -23 -24 -25 -26 -27 27 -29 -30 -31
leaf_value=-0.060377278223880261 0.055719377814654206 -0.10215077044127473 -0.049768496050377295 0.098945206242390338 0.035027100621560309 -0.076546797880316361 0.11679426849097707 0.016354486344549279 -0.061278585597769102 -0.074916384120417553 -0.040252612715715078 -0.044004163418966326 -0.033676647354487325 -0.043319127842830922 0.027523046498225873 0.061982310203031438 0.03502073112770928 0.1572059780782154 -0.10465538356775661 -0.006843275648981669 0.064921452215262368 -0.097892648600047066 -0.081400743600048536 0.060013364014484517 0.068339689251030719 -0.0090189320763449186 0.19568981994737417 0.035915457435714164 0.097415625048869636 0.031215336053827134
leaf_weight=8.9282423183321935 7.6803366020321837 3.5094766803085795 9.9955549463629705 3.9380277507007113 6.5992443934083003 4.0924878343939772 2.7447890508919945 124.01909532770514 17.910024212673306 6.869100857526063 15.780774714425212 10.571873668581246 53.271679634228349 18.263737309724092 23.964416980743408 11.21947415918112 30.53103943914175 5.4294778779149047 3.8166984152048817 184.69049594551325 3.5435061939060679 5.5423269011080256 3.4013571478426456 5.8543330747634164 3.4874340184032908 54.750832356512547 2.7658200189471271 21.665659233927727 4.1999871022999278 13.620195347815754
leaf_count=83 40 24 91 26 36 21 27 747 413 44 183 76 719 109 123 62 172 28 24 1133 23 33 27 60 32 309 15 124 25 77
internal_value=-0.000496264 0.00636954 0.007277 0.00866877 0.0077926 0.0165799 -0.00159602 0.00120691 -0.000512736 0.00741166 -0.0265624 0.0116134 -0.0121438 0.0184345 0.0323562 0.0543794 0.0143295 0.0930362 -0.00629695 -0.00882367 -0.0187685 -0.0378483 -0.00457179 -0.00181307 -0.020598 0.0075366 0.0225151 0.0540031 0.00119538 -0.0114795
internal_weight=672.657 423.198 419.689 409.693 405.755 209.59 196.166 187.237 184.493 141.46 43.0326 134.591 249.459 205.497 90.2308 40.6134 49.6175 16.649 196.188 188.507 19.0864 15.5429 10.0006 25.1225 19.2682 115.266 60.5154 24.4315 36.0839 31.8839
internal_count=4906 2990 2966 2875 2849 1184 1665 1582 1555 867 688 823 1916 1163 504 213 291 90 1197 1157 119 96 63 275 215 659 350 139 211 186
is_linear=0
shrinkage=0.1


Tree=33
num_leaves=31
num_cat=0
split_feature=9 11 7 80 105 266 5 51 14 12 0 62 67 230 1 126 140 81 101 79 26 82 0 1 236 22 10 0 5 31
split_gain=5.1122 3.54257 3.90711 3.50185 3.27621 3.0325 2.69113 3.04442 3.13287 3.41821 3.68684 5.66801 3.52091 2.97386 3.19851 2.99951 3.04686 4.28526 2.82843 2.64008 3.51629 2.45482 2.44541 2.41405 2.40116 2.31756 2.95525 2.41817 2.28669 2.37289
threshold=1.0000000180025095e-35 1.0000000180025095e-35 1.0000000180025095e-35 1.0000000180025095e-35 1.0000000180025095e-35 1.0000000180025095e-35 1.0000000180025095e-35 1.0000000180025095e-35 1.0000000180025095e-35 1.0000000180025095e-35 10.584530830383303 1.0000000180025095e-35 1.0000000180025095e-35 1.0000000180025095e-35 0.93231424689292919 1.0000000180025095e-35 1.0000000180025095e-35 1.0000000180025095e-35 1.0000000180025095e-35 1.0000000180025095e-35 1.0000000180025095e-35 1.0000000180025095e-35 8.5516767501831072 -0.14837630838155744 1.0000000180025095e-35 1.0000000180025095e-35 1.0000000180025095e-35 15.260780334472658 1.0000000180025095e-35 1.0000000180025095e-35
decision_type=2 2 2 2 2 2 2 2 2 2 2 2 2 2 2 2 2 2 2 2 2 2 2 2 2 2 2 2 2 2
left_child=1 24 25 4 21 6 13 8 -8 10 11 -10 -13 14 15 16 18 -18 19 -2 22 -4 -21 -22 -1 26 28 -28 -3 -30
right_child=5 2 3 -5 -6 -7 7 -9 9 -11 -12 12 -14 -15 -16 -17 17 -19 -20 20 23 -23 -24 -25 -26 -27 27 -29 29 -31
leaf_value=-0.00068026910565106846 0.0049174458509608941 -0.092445979391672595 -0.0073504875829692373 0.097002207401672091 0.12258615672459661 0.09231984403560467 0.044192754133434542 -0.0068733189824015774 0.058441606124078727 -0.058133808617932992 0.09363966595719006 0.014798801896796374 -0.099744090831284285 -0.092042850480687333 0.072774920371584104 -0.080667532781271964 0.0066214963184791937 0.1349780499895655 -0.076886062290556334 -0.061183101550627318 -0.011842755835998302 -0.1021443498704907 0.06519069407465225 -0.11465977188661831 -0.093615064389281744 -0.10625683180110204 -0.0058017834450254935 -0.071062124371345708 -0.056590118088004959 0.044902783897755122
leaf_weight=241.81347230635583 140.07188953086734 11.777558414265513 38.365295739844441 3.4076963402330867 1.8312977626919735 4.303344774991273 53.689820755273104 31.748761676251888 9.4174439013004339 6.8078472688794127 5.5615123063325873 4.922136016190052 5.9007619619369507 3.4224603101611129 6.1771657653152934 4.5392892546951762 7.4265051111578924 4.0029812082648277 4.8721748553216448 2.4196397885680208 3.6688320860266694 2.9413032326847306 4.1703240498900414 6.0480170436203471 2.8124606609344474 4.6488588266074649 33.825716890394688 6.8232515715062609 8.9609439782798272 3.100695939734579
leaf_count=1706 892 236 422 34 16 26 316 178 48 62 28 23 30 19 37 29 47 26 34 15 23 30 25 39 16 56 256 49 141 47
internal_value=-0.00047285 -0.00856749 -0.0229866 -0.000588569 -0.00829779 0.00896066 0.00778401 0.0196033 0.0293438 0.00489603 0.0215265 0.00171174 -0.0476512 0.000315552 0.0020391 -0.000426468 0.00168285 0.0515762 -0.0018536 0.000484131 -0.0375971 -0.0141004 0.01879 -0.0758387 -0.00174874 -0.0380658 -0.03315 -0.0167562 -0.0611035 -0.0304993
internal_weight=669.479 360.309 115.683 46.5456 43.1379 309.171 304.868 118.048 86.2995 32.6097 25.8019 20.2403 10.8229 186.819 183.397 177.22 172.68 11.4295 161.251 156.379 16.3068 41.3066 6.58996 9.71685 244.626 69.137 64.4882 40.649 23.8392 12.0616
internal_count=4906 3009 1287 502 468 1897 1871 685 507 191 129 101 53 1186 1167 1130 1101 73 1028 994 102 452 40 62 1722 785 729 305 424 188
is_linear=0
shrinkage=0.1


Tree=34
num_leaves=31
num_cat=0
split_feature=6 92 12 40 34 36 263 5 16 10 14 193 9 0 16 22 7 0 26 15 0 87 14 8 0 7 0 9 104 84
split_gain=4.52473 3.23375 3.10476 3.47764 4.29176 3.36817 3.36761 3.17383 2.95005 2.93248 3.40274 2.86617 2.92002 3.36257 4.12816 2.99506 3.63179 2.97008 2.82004 3.09754 2.68209 2.65028 5.0022 5.39542 2.63828 2.63307 2.8902 2.47971 4.49166 2.26129
threshold=1.0000000180025095e-35 1.0000000180025095e-35 1.0000000180025095e-35 1.0000000180025095e-35 1.0000000180025095e-35 1.0000000180025095e-35 1.0000000180025095e-35 1.0000000180025095e-35 1.0000000180025095e-35 1.0000000180025095e-35 1.0000000180025095e-35 1.0000000180025095e-35 1.0000000180025095e-35 5.3483915328979501 1.0000000180025095e-35 1.0000000180025095e-35 1.0000000180025095e-35 6.3449692726135263 1.0000000180025095e-35 1.0000000180025095e-35 2.088980078697205 1.0000000180025095e-35 1.0000000180025095e-35 1.0000000180025095e-35 6.566735267639161 1.0000000180025095e-35 12.881587982177736 1.0000000180025095e-35 1.0000000180025095e-35 1.0000000180025095e-35
decision_type=2 2 2 2 2 2 2 2 2 2 2 2 2 2 2 2 2 2 2 2 2 2 2 2 2 2 2 2 2 2
left_child=1 2 3 4 5 7 11 -1 9 25 -11 12 15 14 -14 -4 -17 -15 24 -20 -2 27 23 -23 -6 26 -5 28 29 -22
right_child=20 -3 6 8 18 -7 -8 -9 -10 10 -12 -13 13 17 -16 16 -18 -19 19 -21 21 22 -24 -25 -26 -27 -28 -29 -30 -31
leaf_value=-0.016639183421958654 0.10633469621804868 -0.10482576877847734 -0.059237217249908505 -0.048253016444823209 -0.079469374412425131 0.095901897004859224 0.11713048995304667 0.0093401744563308738 0.057041294372371279 -0.011821645749571313 0.097609633027930034 0.10169608531731565 -0.11513888916877045 0.096266444104245494 0.021478461034804955 0.12593314826066809 -0.06627603514185168 -0.005449027109702716 -0.038822468923202846 -0.138135361268336 -0.0026601946193874054 -0.088290836292333044 0.13186173790348107 0.081853864802429191 0.032108139665976865 -0.10218192445952218 0.079235095103901837 0.016180237241224579 0.064131496637672813 -0.049239008706602028
leaf_weight=97.789758363738656 2.7438241094350806 3.4560053870081893 34.755728943273425 4.7144398726522923 3.246670251712203 3.4261263757944098 1.6394687760621298 90.585186192765832 16.688203120604157 6.3195799887180328 5.1628870144486427 1.6760582178831089 5.7973486781120283 3.2304378710687187 3.5761682391166687 2.0288627389818421 1.9070797897875311 25.782290372997522 7.8501082956790924 5.2348056063055992 168.45803867466748 3.5387712232768518 4.8327133283019066 3.9375107623636723 6.1022801250219345 3.8001853805035353 2.8551728334277868 125.36545974388719 9.7554216403514129 11.110061101615427
leaf_count=668 17 36 670 36 21 25 22 532 101 33 26 19 72 32 34 37 29 303 51 36 1136 24 30 23 37 31 23 661 55 86
internal_value=-0.000453725 -0.0085911 -0.00759583 -0.00217061 -0.00719975 -0.00235915 -0.0247214 -0.00414631 0.0250779 0.00173608 0.0373822 -0.0276744 -0.0304876 -0.0109465 -0.0630169 -0.0498744 0.0328022 0.00587654 -0.048585 -0.078554 0.00787818 0.00705204 0.0525721 0.00131876 -0.0066401 -0.0342633 -0.000165934 0.00527153 -0.00195195 -0.00554207
internal_weight=667.367 337.625 334.169 253.775 214.235 191.801 80.3934 188.375 39.5405 22.8523 11.4825 78.754 77.0779 38.3862 9.37352 38.6917 3.93594 29.0127 22.4339 13.0849 329.742 326.998 12.309 7.47628 9.34895 11.3698 7.56961 314.689 189.324 179.568
internal_count=4906 2874 2838 1620 1370 1225 1218 1200 250 149 59 1196 1177 441 106 736 66 335 145 87 2032 2015 77 47 58 90 59 1938 1277 1222
is_linear=0
shrinkage=0.1


Tree=35
num_leaves=31
num_cat=0
split_feature=8 154 11 0 10 237 0 214 21 74 121 26 6 0 67 82 94 15 13 0 16 12 68 67 9 53 0 0 14 54
split_gain=4.3507 3.62377 2.67592 3.07227 2.52766 3.19306 3.11603 3.03876 3.44276 3.90569 2.89033 2.79376 3.91239 3.00087 2.75471 5.41891 2.93767 2.9058 2.94748 2.5441 3.84905 2.5169 4.191 5.72213 4.71788 2.66358 6.084 2.9703 3.84033 3.37493
threshold=1.0000000180025095e-35 1.0000000180025095e-35 1.0000000180025095e-35 2.3791923522949223 1.0000000180025095e-35 1.0000000180025095e-35 2.4503763914108281 1.0000000180025095e-35 1.0000000180025095e-35 1.0000000180025095e-35 1.0000000180025095e-35 1.0000000180025095e-35 1.0000000180025095e-35 4.5790553092956552 1.0000000180025095e-35 1.0000000180025095e-35 1.0000000180025095e-35 1.0000000180025095e-35 1.0000000180025095e-35 10.513347148895265 1.0000000180025095e-35 1.0000000180025095e-35 1.0000000180025095e-35 1.0000000180025095e-35 1.0000000180025095e-35 1.0000000180025095e-35 11.377138614654543 9.3497605323791522 1.0000000180025095e-35 1.0000000180025095e-35
decision_type=2 2 2 2 2 2 2 2 2 2 2 2 2 2 2 2 2 2 2 2 2 2 2 2 2 2 2 2 2 2
left_child=1 4 -2 -4 6 7 -1 8 11 -10 -8 12 -6 -14 15 17 -16 -13 -19 20 -15 22 23 24 -5 26 27 28 29 -25
right_child=2 -3 3 21 5 -7 10 -9 9 -11 -12 14 13 19 16 -17 -18 18 -20 -21 -22 -23 -24 25 -26 -27 -28 -29 -30 -31
leaf_value=-0.070713712210971932 -0.0040585581219175102 -0.0974823634278843 0.077813718177191585 -0.0098823899688393821 0.010240138589155456 0.09990084733118923 -0.00064487298282590291 0.10155898727837964 -0.051805870400473679 0.028883972598369202 0.10376713169717529 -0.012091399606078213 0.12461696809771293 0.057141981517256663 0.02036926987060431 0.09508026249637952 -0.062535684522789223 -0.13515704762818317 -0.02103731349961695 0.067673214456229133 -0.057571389737706147 -0.074702467758986729 -0.073113678710025387 -0.038731929898942807 0.093656885901072587 -0.11397342101306794 0.10334581963732035 -0.11540080223065144 -0.096719522177192929 0.060750689702368736
leaf_weight=6.2904427312314501 170.76944438554347 3.3723447788506737 2.7134198863059273 9.970495795831086 43.851003117859364 4.2580105513334265 192.4696652982384 3.7565856724977484 16.853580519556999 9.3138238005340117 2.6882558763027182 16.24318706244231 5.2927998006343833 6.7306342869997042 68.312280107289553 3.5128691941499701 4.5593397393822661 4.9188077636063081 4.1920940205454826 16.860387068241835 5.1731361523270607 10.969693437218664 13.029545094817875 8.2140593975782519 7.8781650513410559 3.7760293502360573 3.2811432406306258 4.4669980388134709 5.3907788358628741 5.8308546356856814
leaf_count=63 1200 24 24 97 260 22 1658 22 93 53 21 92 28 38 402 20 25 28 25 88 28 225 95 61 43 29 24 33 48 37
internal_value=-0.000444253 0.00575997 -0.0109903 -0.0266644 0.00659837 0.0141709 -0.00143951 0.012429 0.0108022 -0.0230858 0.000793379 0.0157383 0.0299891 0.0554174 0.0048256 -0.0213185 0.0151822 -0.0374458 -0.0826485 0.0426842 0.00728989 -0.0305581 -0.0227272 -0.00927644 0.0358185 -0.0352741 -0.0243422 -0.04187 -0.0249701 0.00256905
internal_weight=664.94 418.649 246.291 75.5212 415.277 213.829 201.448 209.571 205.814 26.1674 195.158 179.647 77.908 34.057 101.739 28.867 72.8716 25.3541 9.1109 28.7642 11.9038 72.8078 61.8381 48.8085 17.8487 30.9599 27.1838 23.9027 19.4357 14.0449
internal_count=4906 2990 1916 716 2966 1224 1742 1202 1180 146 1679 1034 442 182 592 165 427 145 53 154 66 692 467 372 140 232 203 179 146 98
is_linear=0
shrinkage=0.1


Tree=36
num_leaves=31
num_cat=0
split_feature=0 0 12 138 0 102 11 77 22 0 8 231 48 167 7 174 0 0 10 151 7 0 99 140 1 15 87 147 0 83
split_gain=3.8833 4.04332 4.12386 3.0627 3.46783 3.18083 2.78705 3.84772 3.21482 2.88569 2.73396 3.48947 3.35047 3.17112 2.917 2.76847 2.78628 3.0131 2.85599 5.31168 5.30937 4.84765 4.81993 3.05169 3.03104 2.85716 2.6222 2.59401 2.53369 2.69491
threshold=2.088980078697205 2.1683777570724492 1.0000000180025095e-35 1.0000000180025095e-35 3.2429842948913579 1.0000000180025095e-35 1.0000000180025095e-35 1.0000000180025095e-35 1.0000000180025095e-35 17.166323661804203 1.0000000180025095e-35 1.0000000180025095e-35 1.0000000180025095e-35 1.0000000180025095e-35 1.0000000180025095e-35 1.0000000180025095e-35 2.3791923522949223 2.7310061454772954 1.0000000180025095e-35 1.0000000180025095e-35 1.0000000180025095e-35 4.4558520317077646 1.0000000180025095e-35 1.0000000180025095e-35 -0.45531979203224177 1.0000000180025095e-35 1.0000000180025095e-35 1.0000000180025095e-35 15.63039016723633 1.0000000180025095e-35
decision_type=2 2 2 2 2 2 2 2 2 2 2 2 2 2 2 2 2 2 2 2 2 2 2 2 2 2 2 2 2 2
left_child=-1 -2 10 5 -5 6 7 8 28 26 12 15 14 27 -3 16 -12 -18 23 20 21 -20 -22 -19 -23 -25 -8 -14 29 -4
right_child=1 2 3 4 -6 -7 9 -9 -10 -11 11 -13 13 -15 -16 -17 17 18 19 -21 22 24 -24 25 -26 -27 -28 -29 -30 -31
leaf_value=0.080901521753686673 -0.12056242137652379 -0.11946227518819524 -0.0020934588731345151 0.044192985915850032 -0.10289684194597681 -0.070141376709544748 -0.046009968947437759 -0.12257634727786922 0.067841198603527428 0.087899369912619291 0.07696493915071867 -0.10678469787513796 0.015164479630043913 -0.037673241534331506 0.0031532779622571484 0.05812018212123915 -0.098018908206328539 -0.023946223692639268 0.11472660399503803 -0.097309863273498401 -0.036562711496190926 -0.08165490213045315 0.064353178418251847 0.099439143796536955 0.028752881183595366 -0.031984969355247486 0.090757712560899526 -0.061464620666705966 -0.036808745841564849 0.047521636057443223
leaf_weight=5.8201874140650025 2.8230281732976428 3.6771294306963673 74.186132479459047 2.0619838833808881 7.1983898989856243 8.5820015687495452 30.567456915974617 2.5052961818873873 7.1012934371829024 1.8749869186431158 3.9633396901190272 3.33287439495325 273.28363497927785 12.444091098383067 4.1074414867907763 7.0056246109306803 3.6271509472280732 81.132887648418546 6.4735220074653617 4.5991448014974585 26.223345518112186 2.6564472690224639 5.7751486375927916 4.0383951868861905 38.871279500424862 2.8018800783902407 1.4692234508693207 4.4901667702943078 17.166310319676995 12.842697590589522
leaf_count=41 20 27 738 23 106 117 561 26 57 28 20 20 1535 75 29 39 24 608 30 22 132 12 29 29 193 21 24 28 161 131
internal_value=-0.000422103 -0.00114266 -0.000627221 -0.0142669 -0.0701447 -0.0109562 -0.00751763 -1.93298e-05 0.00273944 -0.0326806 0.00399533 -0.00536138 0.0099767 0.0117133 -0.0547656 -0.00355535 -0.0059536 -0.00781873 -0.00592289 0.00719566 0.0132036 0.0342373 -0.0183492 -0.0185383 0.0216903 0.0456058 -0.0397377 0.0139258 -0.00169749 0.00522816
internal_weight=662.702 656.882 654.059 165.556 9.26037 156.295 147.713 113.802 111.296 33.9117 488.504 190.501 298.002 290.218 7.78457 187.168 180.163 176.199 172.572 84.5989 79.9997 48.0012 31.9985 87.9732 41.5277 6.84028 32.0367 277.774 104.195 87.0288
internal_count=4906 4865 4845 1972 129 1843 1726 1113 1087 613 2873 1179 1694 1638 56 1159 1120 1100 1076 418 396 235 161 658 205 50 585 1563 1030 869
is_linear=0
shrinkage=0.1


Tree=37
num_leaves=31
num_cat=0
split_feature=9 10 121 105 7 94 100 6 100 266 83 0 0 0 64 118 126 10 42 16 0 73 1 14 81 15 39 83 5 6
split_gain=3.87577 2.97613 4.99647 4.00457 3.25596 3.14573 3.039 2.77631 2.65316 2.45277 2.31327 9.80626 8.68245 2.10619 2.04058 2.36375 2.33646 2.40958 2.91631 2.67562 3.89628 5.53942 7.81554 8.47858 5.64952 5.60947 5.71892 5.01425 4.3315 3.85235
threshold=1.0000000180025095e-35 1.0000000180025095e-35 1.0000000180025095e-35 1.0000000180025095e-35 1.0000000180025095e-35 1.0000000180025095e-35 1.0000000180025095e-35 1.0000000180025095e-35 1.0000000180025095e-35 1.0000000180025095e-35 1.0000000180025095e-35 6.1615331172943124 10.380561351776125 15.464749813079836 1.0000000180025095e-35 1.0000000180025095e-35 1.0000000180025095e-35 1.0000000180025095e-35 1.0000000180025095e-35 1.0000000180025095e-35 13.419575691223146 1.0000000180025095e-35 -0.44254316389560694 1.0000000180025095e-35 1.0000000180025095e-35 1.0000000180025095e-35 1.0000000180025095e-35 1.0000000180025095e-35 1.0000000180025095e-35 1.0000000180025095e-35
decision_type=2 2 2 2 2 2 2 2 2 2 2 2 2 2 2 2 2 2 2 2 2 2 2 2 2 2 2 2 2 2
left_child=1 2 3 5 -5 7 -3 -1 10 14 -9 -12 -13 -14 15 16 17 19 -19 20 21 22 23 28 25 -24 -27 -23 -2 -22
right_child=9 6 -4 4 -6 -7 -8 8 -10 -11 11 12 13 -15 -16 -17 -18 18 -20 -21 29 27 24 -25 -26 26 -28 -29 -30 -31
leaf_value=-0.04092514949033859 -0.084949362240389181 0.0022655544544132231 0.13169779264186376 -0.0144450325917413 0.12195700345370671 -0.086088311604003237 -0.068540201334669495 -0.021958950121680403 0.063130325080101343 0.082815273964255628 -0.10198084389751677 0.2170466224628064 -0.04201813826003617 0.081386656848233027 -0.022353285513624602 0.074986893889363665 -0.050256025463143339 0.013417568600737987 0.057534006769190432 0.016353010922185319 -0.015114368770559043 -0.080508581693778267 0.069163419162869846 0.13216585338280168 -0.082413251712504604 0.031836301422839185 -0.14319887132845796 0.032849553778741679 0.05468707673783138 0.076070413766201161
leaf_weight=44.761784702539444 4.2315648905932886 201.96884117648005 2.1820424180477849 3.5393710620701304 3.4614914152771235 7.8300657067447892 6.249247968196868 66.395560830831528 4.6730381380766621 4.3015637993812552 4.1810775008052579 3.1507307160645706 3.2805937826633453 2.3910617865622044 22.285499535501003 5.3394761011004439 6.75954720750451 95.976055260747671 17.756377078592777 65.706055793911219 9.2864949814975262 20.295974217355255 7.5974286422133481 7.5950223375111809 12.431295910850167 3.8579248674213886 3.6164777167141438 4.8309103101491919 4.6765433885157108 9.2463889308273792
leaf_count=837 37 1226 18 40 31 127 34 561 26 26 39 25 26 19 147 30 41 516 98 423 81 147 57 53 90 24 25 33 26 43
internal_value=-0.000410312 -0.00753269 -0.0184873 -0.0207683 0.0529973 -0.0245471 0.000140462 -0.0208069 -0.0100954 0.00783645 -0.0144052 0.0241645 0.0839469 0.010007 0.00676668 0.00909098 0.00780622 0.00927558 0.0203052 0.00109661 -0.0103381 -0.0212535 0.00013606 0.05454 -0.0325088 0.00865261 -0.0528542 -0.0587143 -0.0116436 0.0303794
internal_weight=659.856 354.065 145.847 143.665 7.00086 136.664 208.218 128.834 84.0721 305.791 79.399 13.0035 8.82239 5.67166 301.489 279.204 273.864 267.105 113.732 153.372 87.666 69.1331 44.0063 16.5031 27.5031 15.0718 7.4744 25.1269 8.90811 18.5329
internal_count=4906 3009 1749 1731 71 1660 1260 1533 696 1897 670 109 70 45 1871 1724 1694 1653 614 1039 616 492 312 116 196 106 49 180 63 124
is_linear=0
shrinkage=0.1


end of trees

feature_importances:
Column_0=139
Column_9=108
Column_6=106
Column_11=67
Column_5=65
Column_10=64
Column_12=44
Column_7=31
Column_8=31
Column_16=28
Column_1=24
Column_14=24
Column_67=16
Column_15=14
Column_81=14
Column_26=12
Column_54=12
Column_64=11
Column_13=10
Column_83=9
Column_104=9
Column_108=9
Column_21=8
Column_68=8
Column_94=8
Column_174=8
Column_22=7
Column_61=7
Column_62=7
Column_97=7
Column_105=7
Column_44=6
Column_78=6
Column_101=6
Column_53=5
Column_55=5
Column_69=5
Column_73=5
Column_82=5
Column_84=5
Column_113=5
Column_138=5
Column_154=5
Column_17=4
Column_23=4
Column_33=4
Column_36=4
Column_42=4
Column_49=4
Column_50=4
Column_74=4
Column_80=4
Column_85=4
Column_86=4
Column_134=4
Column_135=4
Column_151=4
Column_167=4
Column_24=3
Column_35=3
Column_39=3
Column_45=3
Column_56=3
Column_60=3
Column_87=3
Column_91=3
Column_99=3
Column_100=3
Column_102=3
Column_121=3
Column_133=3
Column_140=3
Column_141=3
Column_237=3
Column_25=2
Column_31=2
Column_34=2
Column_40=2
Column_46=2
Column_63=2
Column_77=2
Column_79=2
Column_93=2
Column_98=2
Column_126=2
Column_129=2
Column_137=2
Column_168=2
Column_193=2
Column_266=2
Column_18=1
Column_41=1
Column_47=1
Column_48=1
Column_51=1
Column_65=1
Column_70=1
Column_71=1
Column_92=1
Column_96=1
Column_118=1
Column_127=1
Column_128=1
Column_130=1
Column_147=1
Column_148=1
Column_214=1
Column_230=1
Column_231=1
Column_236=1
Column_262=1
Column_263=1
Column_302=1

parameters:
[boosting: gbdt]
[objective: binary]
[metric: binary_logloss]
[tree_learner: serial]
[device_type: cpu]
[data_sample_strategy: bagging]
[data: ]
[valid: ]
[num_iterations: 300]
[learning_rate: 0.1]
[num_leaves: 31]
[num_threads: 0]
[seed: 0]
[deterministic: 0]
[force_col_wise: 0]
[force_row_wise: 0]
[histogram_pool_size: -1]
[max_depth: -1]
[min_data_in_leaf: 20]
[min_sum_hessian_in_leaf: 0.001]
[bagging_fraction: 1]
[pos_bagging_fraction: 1]
[neg_bagging_fraction: 1]
[bagging_freq: 0]
[bagging_seed: 7719]
[bagging_by_query: 0]
[feature_fraction: 1]
[feature_fraction_bynode: 1]
[feature_fraction_seed: 2437]
[extra_trees: 0]
[extra_seed: 11797]
[early_stopping_round: 0]
[early_stopping_min_delta: 0]
[first_metric_only: 0]
[max_delta_step: 0]
[lambda_l1: 0]
[lambda_l2: 0]
[linear_lambda: 0]
[min_gain_to_split: 0]
[drop_rate: 0.1]
[max_drop: 50]
[skip_drop: 0.5]
[xgboost_dart_mode: 0]
[uniform_drop: 0]
[drop_seed: 21238]
[top_rate: 0.2]
[other_rate: 0.1]
[min_data_per_group: 100]
[max_cat_threshold: 32]
[cat_l2: 10]
[cat_smooth: 10]
[max_cat_to_onehot: 4]
[top_k: 20]
[monotone_constraints: ]
[monotone_constraints_method: basic]
[monotone_penalty: 0]
[feature_contri: ]
[forcedsplits_filename: ]
[refit_decay_rate: 0.9]
[cegb_tradeoff: 1]
[cegb_penalty_split: 0]
[cegb_penalty_feature_lazy: ]
[cegb_penalty_feature_coupled: ]
[path_smooth: 0]
[interaction_constraints: ]
[verbosity: -1]
[saved_feature_importance_type: 0]
[use_quantized_grad: 0]
[num_grad_quant_bins: 4]
[quant_train_renew_leaf: 0]
[stochastic_rounding: 1]
[linear_tree: 0]
[max_bin: 255]
[max_bin_by_feature: ]
[min_data_in_bin: 3]
[bin_construct_sample_cnt: 200000]
[data_random_seed: 38]
[is_enable_sparse: 1]
[enable_bundle: 1]
[use_missing: 1]
[zero_as_missing: 0]
[feature_pre_filter: 1]
[pre_partition: 0]
[two_round: 0]
[header: 0]
[label_column: ]
[weight_column: ]
[group_column: ]
[ignore_column: ]
[categorical_feature: ]
[forcedbins_filename: ]
[precise_float_parser: 0]
[parser_config_file: ]
[objective_seed: 8855]
[num_class: 1]
[is_unbalance: 0]
[scale_pos_weight: 1]
[sigmoid: 1]
[boost_from_average: 1]
[reg_sqrt: 0]
[alpha: 0.9]
[fair_c: 1]
[poisson_max_delta_step: 0.7]
[tweedie_variance_power: 1.5]
[lambdarank_truncation_level: 30]
[lambdarank_norm: 1]
[label_gain: ]
[lambdarank_position_bias_regularization: 0]
[eval_at: ]
[multi_error_top_k: 1]
[auc_mu_weights: ]
[num_machines: 1]
[local_listen_port: 12400]
[time_out: 120]
[machine_list_filename: ]
[machines: ]
[gpu_platform_id: -1]
[gpu_device_id: -1]
[gpu_device_id_list: ]
[gpu_use_dp: 0]
[num_gpu: 1]

end of parameters

pandas_categorical:null
