tree
version=v4
num_class=1
num_tree_per_iteration=1
label_index=0
max_feature_idx=567
objective=binary sigmoid:1
feature_names=Column_0 Column_1 Column_2 Column_3 Column_4 Column_5 Column_6 Column_7 Column_8 Column_9 Column_10 Column_11 Column_12 Column_13 Column_14 Column_15 Column_16 Column_17 Column_18 Column_19 Column_20 Column_21 Column_22 Column_23 Column_24 Column_25 Column_26 Column_27 Column_28 Column_29 Column_30 Column_31 Column_32 Column_33 Column_34 Column_35 Column_36 Column_37 Column_38 Column_39 Column_40 Column_41 Column_42 Column_43 Column_44 Column_45 Column_46 Column_47 Column_48 Column_49 Column_50 Column_51 Column_52 Column_53 Column_54 Column_55 Column_56 Column_57 Column_58 Column_59 Column_60 Column_61 Column_62 Column_63 Column_64 Column_65 Column_66 Column_67 Column_68 Column_69 Column_70 Column_71 Column_72 Column_73 Column_74 Column_75 Column_76 Column_77 Column_78 Column_79 Column_80 Column_81 Column_82 Column_83 Column_84 Column_85 Column_86 Column_87 Column_88 Column_89 Column_90 Column_91 Column_92 Column_93 Column_94 Column_95 Column_96 Column_97 Column_98 Column_99 Column_100 Column_101 Column_102 Column_103 Column_104 Column_105 Column_106 Column_107 Column_108 Column_109 Column_110 Column_111 Column_112 Column_113 Column_114 Column_115 Column_116 Column_117 Column_118 Column_119 Column_120 Column_121 Column_122 Column_123 Column_124 Column_125 Column_126 Column_127 Column_128 Column_129 Column_130 Column_131 Column_132 Column_133 Column_134 Column_135 Column_136 Column_137 Column_138 Column_139 Column_140 Column_141 Column_142 Column_143 Column_144 Column_145 Column_146 Column_147 Column_148 Column_149 Column_150 Column_151 Column_152 Column_153 Column_154 Column_155 Column_156 Column_157 Column_158 Column_159 Column_160 Column_161 Column_162 Column_163 Column_164 Column_165 Column_166 Column_167 Column_168 Column_169 Column_170 Column_171 Column_172 Column_173 Column_174 Column_175 Column_176 Column_177 Column_178 Column_179 Column_180 Column_181 Column_182 Column_183 Column_184 Column_185 Column_186 Column_187 Column_188 Column_189 Column_190 Column_191 Column_192 Column_193 Column_194 Column_195 Column_196 Column_197 Column_198 Column_199 Column_200 Column_201 Column_202 Column_203 Column_204 Column_205 Column_206 Column_207 Column_208 Column_209 Column_210 Column_211 Column_212 Column_213 Column_214 Column_215 Column_216 Column_217 Column_218 Column_219 Column_220 Column_221 Column_222 Column_223 Column_224 Column_225 Column_226 Column_227 Column_228 Column_229 Column_230 Column_231 Column_232 Column_233 Column_234 Column_235 Column_236 Column_237 Column_238 Column_239 Column_240 Column_241 Column_242 Column_243 Column_244 Column_245 Column_246 Column_247 Column_248 Column_249 Column_250 Column_251 Column_252 Column_253 Column_254 Column_255 Column_256 Column_257 Column_258 Column_259 Column_260 Column_261 Column_262 Column_263 Column_264 Column_265 Column_266 Column_267 Column_268 Column_269 Column_270 Column_271 Column_272 Column_273 Column_274 Column_275 Column_276 Column_277 Column_278 Column_279 Column_280 Column_281 Column_282 Column_283 Column_284 Column_285 Column_286 Column_287 Column_288 Column_289 Column_290 Column_291 Column_292 Column_293 Column_294 Column_295 Column_296 Column_297 Column_298 Column_299 Column_300 Column_301 Column_302 Column_303 Column_304 Column_305 Column_306 Column_307 Column_308 Column_309 Column_310 Column_311 Column_312 Column_313 Column_314 Column_315 Column_316 Column_317 Column_318 Column_319 Column_320 Column_321 Column_322 Column_323 Column_324 Column_325 Column_326 Column_327 Column_328 Column_329 Column_330 Column_331 Column_332 Column_333 Column_334 Column_335 Column_336 Column_337 Column_338 Column_339 Column_340 Column_341 Column_342 Column_343 Column_344 Column_345 Column_346 Column_347 Column_348 Column_349 Column_350 Column_351 Column_352 Column_353 Column_354 Column_355 Column_356 Column_357 Column_358 Column_359 Column_360 Column_361 Column_362 Column_363 Column_364 Column_365 Column_366 Column_367 Column_368 Column_369 Column_370 Column_371 Column_372 Column_373 Column_374 Column_375 Column_376 Column_377 Column_378 Column_379 Column_380 Column_381 Column_382 Column_383 Column_384 Column_385 Column_386 Column_387 Column_388 Column_389 Column_390 Column_391 Column_392 Column_393 Column_394 Column_395 Column_396 Column_397 Column_398 Column_399 Column_400 Column_401 Column_402 Column_403 Column_404 Column_405 Column_406 Column_407 Column_408 Column_409 Column_410 Column_411 Column_412 Column_413 Column_414 Column_415 Column_416 Column_417 Column_418 Column_419 Column_420 Column_421 Column_422 Column_423 Column_424 Column_425 Column_426 Column_427 Column_428 Column_429 Column_430 Column_431 Column_432 Column_433 Column_434 Column_435 Column_436 Column_437 Column_438 Column_439 Column_440 Column_441 Column_442 Column_443 Column_444 Column_445 Column_446 Column_447 Column_448 Column_449 Column_450 Column_451 Column_452 Column_453 Column_454 Column_455 Column_456 Column_457 Column_458 Column_459 Column_460 Column_461 Column_462 Column_463 Column_464 Column_465 Column_466 Column_467 Column_468 Column_469 Column_470 Column_471 Column_472 Column_473 Column_474 Column_475 Column_476 Column_477 Column_478 Column_479 Column_480 Column_481 Column_482 Column_483 Column_484 Column_485 Column_486 Column_487 Column_488 Column_489 Column_490 Column_491 Column_492 Column_493 Column_494 Column_495 Column_496 Column_497 Column_498 Column_499 Column_500 Column_501 Column_502 Column_503 Column_504 Column_505 Column_506 Column_507 Column_508 Column_509 Column_510 Column_511 Column_512 Column_513 Column_514 Column_515 Column_516 Column_517 Column_518 Column_519 Column_520 Column_521 Column_522 Column_523 Column_524 Column_525 Column_526 Column_527 Column_528 Column_529 Column_530 Column_531 Column_532 Column_533 Column_534 Column_535 Column_536 Column_537 Column_538 Column_539 Column_540 Column_541 Column_542 Column_543 Column_544 Column_545 Column_546 Column_547 Column_548 Column_549 Column_550 Column_551 Column_552 Column_553 Column_554 Column_555 Column_556 Column_557 Column_558 Column_559 Column_560 Column_561 Column_562 Column_563 Column_564 Column_565 Column_566 Column_567
feature_infos=[2.0013689994812012:17.993154525756836] [-0.7776256799697876:0.99923950433731079] none none none [0:1] [0:1] [0:1] [0:1] [0:1] [0:1] [0:1] [0:1] [0:1] [0:1] [0:1] [0:1] [0:1] [0:1] [0:1] [0:1] [0:1] [0:1] [0:1] [0:1] [0:1] [0:1] [0:1] [0:1] [0:1] [0:1] [0:1] [0:1] [0:1] [0:1] [0:1] [0:1] [0:1] [0:1] [0:1] [0:1] [0:1] [0:1] [0:1] [0:1] [0:1] [0:1] [0:1] [0:1] [0:1] [0:1] [0:1] [0:1] [0:1] [0:1] [0:1] [0:1] [0:1] [0:1] [0:1] [0:1] [0:1] [0:1] [0:1] [0:1] [0:1] [0:1] [0:1] [0:1] [0:1] [0:1] [0:1] [0:1] [0:1] [0:1] [0:1] [0:1] [0:1] [0:1] [0:1] [0:1] [0:1] [0:1] [0:1] [0:1] [0:1] [0:1] [0:1] [0:1] [0:1] [0:1] [0:1] [0:1] [0:1] [0:1] [0:1] [0:1] [0:1] [0:1] [0:1] [0:1] [0:1] [0:1] [0:1] [0:1] [0:1] [0:1] [0:1] [0:1] none none none none [0:1] [0:1] none [0:1] none [0:1] none none [0:1] none none none none [0:1] [0:1] [0:1] [0:1] [0:1] none [0:1] [0:1] [0:1] [0:1] none [0:1] [0:1] [0:1] [0:1] [0:1] [0:1] [0:1] [0:1] [0:1] [0:1] [0:1] [0:1] [0:1] [0:1] [0:1] [0:1] [0:1] [0:1] [0:1] [0:1] none none none none none none none none none none [0:1] [0:1] none none none none none [0:1] [0:1] [0:1] [0:1] [0:1] [0:1] [0:1] [0:1] [0:1] [0:1] [0:1] [0:1] [0:1] [0:1] [0:1] [0:1] [0:1] [0:1] [0:1] [0:1] [0:1] [0:1] [0:1] [0:1] [0:1] [0:1] [0:1] [0:1] none none [0:1] [0:1] [0:1] none [0:1] [0:1] [0:1] [0:1] [0:1] none [0:1] none none [0:1] none [0:1] [0:1] [0:1] [0:1] [0:1] [0:1] [0:1] [0:1] [0:1] [0:1] [0:1] [0:1] [0:1] [0:1] [0:1] [0:1] [0:1] [0:1] [0:1] [0:1] [0:1] [0:1] [0:1] [0:1] [0:1] none none none none none none none none none none none none none none none none none [0:1] [0:1] [0:1] [0:1] [0:1] [0:1] [0:1] [0:1] [0:1] [0:1] none [0:1] [0:1] [0:1] [0:1] none [0:1] [0:1] none none none [0:1] [0:1] none none none none none [0:1] [0:1] [0:1] [0:1] [0:1] [0:1] [0:1] none none none [0:1] none [0:1] [0:1] [0:1] none [0:1] [0:1] [0:1] [0:1] none none [0:1] [0:1] none none none none [0:1] [0:1] none none none [0:1] none none [0:1] [0:1] none none [0:1] [0:1] none none none none none none none none none none none none none none none none none none none none none none none none none none none none none none none none none none none none none none none none none none none none none none none none none none none none none none none none none none none none none none none none none none none none none none none none none none none none none none none none none none none none none none none none none none none none none none none none none none none none none none none none none none none none none none none none none none none none none none none none none none none none none none none none none none none none none none none none none none none none none none none none none none none none none none none none none none none none none none none none none none none none none none none none none none none none none none none none none none none none none none none none none none none none none none none none none none none none none none none none none none none none none none none none none none none none none none none none none none none none none none none none none none none none none none none none none none none none none
tree_sizes=3390 3451 3453 3474 3461 3475 3505 3472 3488 3477 3476 3495 3471 3471 3490 3483 3476 3488 3492 3502 3488 3513 3486 3494 3505

Tree=0
num_leaves=31
num_cat=0
split_feature=11 5 7 0 0 12 5 0 16 0 7 5 0 12 9 7 127 83 12 0 42 47 0 5 68 5 12 12 15 64
split_gain=296.277 140.169 95.4647 72.3615 60.7332 31.4844 20.7817 20.7105 20.1635 19.9439 18.5454 17.9076 15.916 15.8518 12.8537 12.2154 11.3915 10.9725 10.7103 10.2116 10.1582 9.9532 12.8427 9.1609 9.08486 8.55492 8.36717 8.23164 7.7281 7.56889
threshold=1.0000000180025095e-35 1.0000000180025095e-35 1.0000000180025095e-35 9.7960300445556658 10.260096073150637 1.0000000180025095e-35 1.0000000180025095e-35 8.2737851142883319 1.0000000180025095e-35 13.211498737335207 1.0000000180025095e-35 1.0000000180025095e-35 16.286105155944828 1.0000000180025095e-35 1.0000000180025095e-35 1.0000000180025095e-35 1.0000000180025095e-35 1.0000000180025095e-35 1.0000000180025095e-35 16.286105155944828 1.0000000180025095e-35 1.0000000180025095e-35 13.419575691223146 1.0000000180025095e-35 1.0000000180025095e-35 1.0000000180025095e-35 1.0000000180025095e-35 1.0000000180025095e-35 1.0000000180025095e-35 1.0000000180025095e-35
decision_type=2 2 2 2 2 2 2 2 2 2 2 2 2 2 2 2 2 2 2 2 2 2 2 2 2 2 2 2 2 2
left_child=1 9 3 11 10 8 12 25 14 -1 16 -2 -7 17 -5 -11 -3 20 28 21 -6 22 -10 24 -9 -4 -26 -27 -13 -15
right_child=2 4 7 5 13 6 -8 23 19 15 -12 18 -14 29 -16 -17 -18 -19 -20 -21 -22 -23 -24 -25 26 27 -28 -29 -30 -31
leaf_value=-1.219655209202648 -1.0908758167930148 -1.0776244493221976 -1.1832852847883402 -0.82867048387765507 -0.99353058938316918 -1.1130963416413675 -0.91783984445669098 -1.1324746328867044 -0.87925342553848651 -1.1295656753352119 -1.1940048402326184 -1.0270275313558213 -0.9271679292187569 -1.0709826621156524 -0.93599595170491834 -1.2058911019092884 -1.1548999869147871 -0.91037737664703822 -1.0752300746239134 -0.85711079607468887 -1.0822671012795488 -1.1310532104467705 -1.06272092680995 -1.03452570475308 -0.99119969750073533 -1.0458401397680235 -1.1355683170206781 -1.1864886856041912 -0.92380981870441314 -1.1761061216951092
leaf_weight=226.13162197172642 71.468759536743164 37.967778503894806 38.153895065188408 29.220300123095512 31.267582297325134 20.28670518100262 13.400392413139341 35.176030084490776 7.6307790130376869 48.018072813749313 51.740404039621353 14.144858658313751 5.9557299613952628 34.245447278022766 18.053306445479393 37.223312258720398 38.34001162648201 8.9335949420928937 16.378257393836975 5.3973802775144568 21.961754232645035 5.2112637162208548 7.6307790130376816 30.709232613444328 10.980877116322519 10.980877116322519 6.3279630839824668 6.7001962065696707 14.889324903488159 8.5613618195056898
leaf_count=1215 384 204 205 157 168 109 72 189 41 258 278 76 32 184 97 200 206 48 88 29 118 28 41 165 59 59 34 36 80 46
internal_value=-1.11334 -1.16022 -1.04413 -1.00454 -1.10156 -0.947394 -1.01916 -1.10953 -0.908498 -1.20412 -1.14779 -1.05967 -1.0709 -1.04518 -0.869657 -1.1629 -1.11645 -1.01293 -1.01057 -0.979472 -1.03014 -1.01173 -0.970987 -1.07791 -1.10329 -1.15664 -1.04398 -1.09914 -0.974095 -1.09201
internal_weight=913.088 544.391 368.697 229.668 233.018 112.787 39.6428 139.029 73.1438 311.373 128.048 116.881 26.2424 104.97 47.2736 85.2414 76.3078 62.1629 45.4124 25.8702 53.2293 20.4728 15.2616 83.1941 52.4849 55.835 17.3088 17.6811 29.0342 42.8068
internal_count=4906 2925 1981 1234 1252 606 213 747 393 1673 688 628 141 564 254 458 410 334 244 139 286 110 82 447 282 300 93 95 156 230
is_linear=0
shrinkage=1


Tree=1
num_leaves=31
num_cat=0
split_feature=11 5 7 0 0 12 0 0 7 5 5 16 8 0 7 5 127 68 94 8 12 9 16 61 1 8 94 9 12 12
split_gain=236.924 121.473 70.2369 49.4362 48.0063 20.2338 18.5142 16.9958 16.0291 14.2284 13.1714 12.3058 11.7703 11.4511 10.809 10.7869 9.27687 8.8101 8.43979 8.40397 7.50111 7.42183 7.01232 10.6175 8.66218 7.72443 6.64864 6.6071 6.83861 6.33371
threshold=1.0000000180025095e-35 1.0000000180025095e-35 1.0000000180025095e-35 9.7960300445556658 10.260096073150637 1.0000000180025095e-35 13.211498737335207 7.0814509391784677 1.0000000180025095e-35 1.0000000180025095e-35 1.0000000180025095e-35 1.0000000180025095e-35 1.0000000180025095e-35 16.286105155944828 1.0000000180025095e-35 1.0000000180025095e-35 1.0000000180025095e-35 1.0000000180025095e-35 1.0000000180025095e-35 1.0000000180025095e-35 1.0000000180025095e-35 1.0000000180025095e-35 1.0000000180025095e-35 1.0000000180025095e-35 -0.16024032235145566 1.0000000180025095e-35 1.0000000180025095e-35 1.0000000180025095e-35 1.0000000180025095e-35 1.0000000180025095e-35
decision_type=2 2 2 2 2 2 2 2 2 2 2 2 2 2 2 2 2 2 2 2 2 2 2 2 2 2 2 2 2 2
left_child=1 6 3 10 8 11 -1 -4 16 13 22 21 18 -7 26 17 27 -9 29 -13 -12 -5 23 25 -25 -2 -8 28 -3 -6
right_child=2 4 7 5 12 9 14 15 -10 -11 20 19 -14 -15 -16 -17 -18 -19 -20 -21 -22 -23 -24 24 -26 -27 -28 -29 -30 -31
leaf_value=-0.10147714248048462 0.059069841301585373 0.11127962475716623 -0.046536095551586651 0.22365038504567872 0.12486387823452819 0.00022152309937566425 -0.027236814138397167 -0.024037912467766192 -0.075880213574796185 0.15970537909329091 0.11675368490734161 0.15585042313902975 0.017588398456482947 0.15273668619791192 -0.087648808328382566 0.071967910054144532 -0.038252681168412871 0.060118648153828586 -0.010789884866171832 0.042199490373769105 0.033619920822453069 0.14608875735383214 -0.020008170790854797 0.062750473561046002 0.23599402646324449 -0.039441293087592595 0.096883972845605001 -0.020461050009158072 0.002799195054081308 0.05753252534083439
leaf_weight=213.85754249989986 17.128437131643295 13.45182041823864 45.868323028087616 33.214149683713913 35.584230080246925 20.289229229092602 42.824291586875916 40.75825908780098 49.613823384046555 14.684118032455443 31.02874231338501 17.02215588092804 41.885568842291832 6.5000829696655265 35.466283559799194 34.72685395181179 37.531005144119263 17.903888747096062 8.0470143854618055 10.532011494040491 16.692316889762878 19.627892717719078 27.292564660310745 8.6583308577537519 4.3291654288768759 14.869742125272753 4.7992740571498862 14.967518493533133 10.230962008237839 23.001631200313568
leaf_count=1215 91 71 252 157 182 109 232 222 278 72 156 86 218 32 200 180 206 93 42 53 88 97 145 46 23 79 26 79 54 122
internal_value=-0.000275499 -0.0434369 0.0598882 0.0924619 0.0103935 0.137323 -0.085913 0.00331258 -0.0316472 0.080592 0.0469011 0.166589 0.0591273 0.0372274 -0.045854 0.0277959 -0.00284008 0.00164696 0.0852387 0.11241 0.0876744 0.194841 0.019981 0.0442422 0.120498 0.0132911 -0.0147285 0.031547 0.0644161 0.0984286
internal_weight=912.387 531.261 381.126 241.869 234.314 121.87 296.947 139.257 125.795 41.4734 119.999 80.3962 108.518 26.7893 83.0898 93.389 76.1813 58.6621 66.6329 27.5542 47.7211 52.842 72.2782 44.9857 12.9875 31.9982 47.6236 38.6503 23.6828 58.5859
internal_count=4906 2925 1981 1234 1252 606 1673 747 688 213 628 393 564 141 458 495 410 315 346 139 244 254 384 239 69 170 258 204 125 304
is_linear=0
shrinkage=0.1


Tree=2
num_leaves=31
num_cat=0
split_feature=11 5 7 0 0 0 12 0 7 5 5 12 7 0 16 5 127 34 83 80 83 68 42 1 32 71 140 0 42 12
split_gain=191.202 105.337 53.0648 38.228 35.8602 17.2157 14.1067 13.8902 13.8211 10.2421 9.94995 9.81963 9.55193 8.52955 8.49841 8.31006 7.54198 7.27312 12.2924 9.14444 7.14237 7.00244 6.93824 6.649 6.4772 6.36544 6.33919 6.30768 6.24908 6.0522
threshold=1.0000000180025095e-35 1.0000000180025095e-35 1.0000000180025095e-35 10.260096073150637 9.7960300445556658 13.211498737335207 1.0000000180025095e-35 7.0814509391784677 1.0000000180025095e-35 1.0000000180025095e-35 1.0000000180025095e-35 1.0000000180025095e-35 1.0000000180025095e-35 16.286105155944828 1.0000000180025095e-35 1.0000000180025095e-35 1.0000000180025095e-35 1.0000000180025095e-35 1.0000000180025095e-35 1.0000000180025095e-35 1.0000000180025095e-35 1.0000000180025095e-35 1.0000000180025095e-35 0.68545135855674755 1.0000000180025095e-35 1.0000000180025095e-35 1.0000000180025095e-35 5.9671459197998056 1.0000000180025095e-35 1.0000000180025095e-35
decision_type=2 2 2 2 2 2 2 2 2 2 2 2 2 2 2 2 2 2 2 2 2 2 2 2 2 2 2 2 2 2
left_child=1 5 4 8 10 -1 14 -4 16 13 -2 20 25 -8 -6 21 27 18 19 -12 22 -9 -5 -16 -24 -7 -13 -3 -27 -23
right_child=2 3 7 11 6 12 9 15 -10 -11 17 26 -14 -15 23 -17 -18 -19 -20 -21 -22 29 24 -25 -26 28 -28 -29 -30 -31
leaf_value=-0.096982080741589219 0.017690078450307761 0.14919031933402846 -0.042984008527453509 0.090521731581555354 0.16274104269570533 0.082254434366150653 0.00019934794935128034 -0.021921163121226071 -0.07135427348651717 0.13443011483501716 0.055297841815011364 0.026612891275971013 -0.083030051111413011 0.1288288958874286 0.065012375616918458 0.062527517497503682 -0.03516843446125506 0.15870638543278248 0.18997976485853729 -0.095719859501633198 0.15310978135098496 0.094618757761342154 -0.020540938508191303 0.17007688152078387 0.08956304172701525 -0.05148713629990144 -0.10833638058107678 0.0146109660212334 0.035706004974236462 -0.025563887782293512
leaf_weight=202.01195195317268 72.9656722843647 3.863000661134719 44.75317969918251 34.258962690830231 56.694935172796249 6.0643684417009345 20.291501522064213 40.252283200621605 47.592085838317871 15.64254856109619 30.226852551102638 40.237108409404755 33.783972263336182 6.910963535308837 20.347860828042034 35.904816180467606 36.780957221984863 8.7108806818723661 6.0229505449533454 4.6228245347738257 10.116951972246168 11.964201599359514 14.662979185581207 8.5563031136989576 8.4059352576732635 29.853284299373627 3.8105631172657004 35.373527109622955 11.342623725533484 6.4486086368560782
leaf_count=1215 384 20 252 168 254 33 109 222 278 72 149 210 200 32 99 180 206 43 29 23 48 59 75 40 43 163 20 184 62 34
internal_value=-0.000453218 -0.0402701 0.052405 0.00920279 0.0798761 -0.0813615 0.116797 0.00291536 -0.0290937 0.0699546 0.0411791 0.0516614 -0.0424253 0.0328785 0.140243 0.0246363 -0.00263577 0.0757448 0.0580639 0.0352653 0.0756449 0.00144566 0.0619742 0.0961139 0.0195792 -0.013399 0.0149384 0.0278609 -0.0274799 0.0525279
internal_weight=908.475 518.158 390.316 235.102 250.993 283.056 128.444 139.323 123.61 42.845 122.549 111.493 81.0442 27.2025 85.5991 94.5699 76.0175 49.5835 40.8726 34.8497 67.4448 58.6651 57.3279 28.9042 23.0689 47.2603 44.0477 39.2365 41.1959 18.4128
internal_count=4906 2925 1981 1252 1234 1673 606 747 688 213 628 564 458 141 393 495 410 244 201 172 334 315 286 139 118 258 230 204 225 93
is_linear=0
shrinkage=0.1


Tree=3
num_leaves=31
num_cat=0
split_feature=11 5 7 0 0 1 7 0 12 7 12 139 31 83 8 104 5 5 12 40 16 42 12 16 73 16 0 16 94 60
split_gain=155.254 91.3264 40.8335 30.5754 27.0025 16.2883 11.9078 11.3732 10.3328 9.98728 8.8317 9.57151 10.0201 9.73822 8.62658 7.98712 7.62629 7.10173 6.96029 9.60326 11.2938 10.6116 6.87836 6.74623 6.67322 6.57507 6.50371 6.27378 6.17927 5.98517
threshold=1.0000000180025095e-35 1.0000000180025095e-35 1.0000000180025095e-35 10.260096073150637 9.7960300445556658 -0.15446041524410245 1.0000000180025095e-35 8.2737851142883319 1.0000000180025095e-35 1.0000000180025095e-35 1.0000000180025095e-35 1.0000000180025095e-35 1.0000000180025095e-35 1.0000000180025095e-35 1.0000000180025095e-35 1.0000000180025095e-35 1.0000000180025095e-35 1.0000000180025095e-35 1.0000000180025095e-35 1.0000000180025095e-35 1.0000000180025095e-35 1.0000000180025095e-35 1.0000000180025095e-35 1.0000000180025095e-35 1.0000000180025095e-35 1.0000000180025095e-35 16.286105155944828 1.0000000180025095e-35 1.0000000180025095e-35 1.0000000180025095e-35
decision_type=2 2 2 2 2 2 2 2 2 2 2 2 2 2 2 2 2 2 2 2 2 2 2 2 2 2 2 2 2 2
left_child=1 5 4 6 10 -1 25 17 27 15 11 12 13 23 28 18 26 -4 19 20 21 -7 -19 24 -2 -3 -10 -6 -5 -29
right_child=2 3 7 14 8 9 -8 -9 16 -11 -12 -13 -14 -15 -16 -17 -18 22 -20 -21 -22 -23 -24 -25 -26 -27 -28 29 -30 -31
leaf_value=-0.1091662368104509 0.010646337095100093 0.023396822106001174 -0.059979695789003133 0.077619801280014833 0.139401043063209 0.011096225612281584 -0.067050294972015631 0.0248018206299781 0.00017938877519765666 -0.086795306508008985 0.0027672483170291117 0.17527523170657799 0.12220289524473962 0.1077198376634466 0.010190471152897883 0.091679501621679454 0.11540227103568682 0.065752628350561296 -0.071725876929796373 -0.094016929960600473 -0.050554224725961341 0.17218523839221067 -0.065398196348710108 -0.045021352692562522 0.1303842529869646 -0.036001681904204573 0.11068459065149439 0.15346704868352612 -0.014749250001633039 0.05480331670603561
leaf_weight=99.662604629993439 21.951314046978954 42.872280806303024 35.175343170762062 62.49231031537056 59.404886513948441 13.045400694012644 45.683853417634964 86.728876054286957 20.293544799089435 71.267064392566681 48.14561028778553 6.3229693919420233 14.094220921397207 12.011666715145109 43.193010926246643 4.5526486784219733 16.357010722160339 11.042623519897463 46.082988485693932 12.212291359901426 17.025739520788193 5.9564515799283972 6.2692349553108206 16.26169764995575 5.9069861173629752 32.965336814522743 7.2210602760314933 8.6416783630847949 8.1917970925569517 21.310160949826241
leaf_count=635 109 232 205 304 254 79 278 447 109 449 247 31 70 59 218 27 72 59 272 74 103 34 36 83 29 178 32 40 42 99
internal_value=-0.000572132 -0.0373489 0.0462119 0.00816966 0.0697698 -0.0770627 -0.0267183 0.0025666 0.101072 -0.0582577 0.0363248 0.0574308 0.0468204 0.0278925 0.0453996 -0.0376886 0.0613275 -0.0341745 -0.0439327 -0.0173822 0.00859465 0.0615923 0.0182583 0.00615946 0.0360352 -0.00242271 0.0291809 0.120586 0.0669149 0.0832697
internal_weight=902.343 505.204 397.139 235.399 257.923 269.805 121.521 139.216 133.228 170.143 124.694 76.5489 70.2259 56.1317 113.877 98.8755 43.8716 52.4872 94.3229 48.2399 36.0276 19.0019 17.3119 44.12 27.8583 75.8376 27.5146 89.3567 70.6841 29.9518
internal_count=4906 2925 1981 1252 1234 1673 688 747 606 1038 628 381 350 280 564 589 213 300 562 290 216 113 95 221 138 410 141 393 346 139
is_linear=0
shrinkage=0.1


Tree=4
num_leaves=31
num_cat=0
split_feature=11 5 7 0 0 0 1 7 12 5 12 7 5 94 68 5 0 127 9 7 16 55 42 40 16 140 0 0 81 8
split_gain=126.5 79.2427 31.8355 24.7139 20.8956 15.7493 10.2411 9.73897 8.0604 7.9352 7.82456 7.73435 7.35384 6.47958 7.3656 5.81586 7.77765 5.74787 5.58521 14.0616 9.68144 8.64649 7.11679 5.74686 5.47583 5.46171 5.52518 7.53269 6.8429 5.46359
threshold=1.0000000180025095e-35 1.0000000180025095e-35 1.0000000180025095e-35 10.120465755462648 9.7960300445556658 13.211498737335207 -0.52635180950164784 1.0000000180025095e-35 1.0000000180025095e-35 1.0000000180025095e-35 1.0000000180025095e-35 1.0000000180025095e-35 1.0000000180025095e-35 1.0000000180025095e-35 1.0000000180025095e-35 1.0000000180025095e-35 17.166323661804203 1.0000000180025095e-35 1.0000000180025095e-35 1.0000000180025095e-35 1.0000000180025095e-35 1.0000000180025095e-35 1.0000000180025095e-35 1.0000000180025095e-35 1.0000000180025095e-35 1.0000000180025095e-35 14.109513759613039 12.262833595275881 1.0000000180025095e-35 1.0000000180025095e-35
decision_type=2 2 2 2 2 2 2 2 2 2 2 2 2 2 2 2 2 2 2 2 2 2 2 2 2 2 2 2 2 2
left_child=1 5 4 7 12 -1 -4 17 18 13 -6 -7 -2 14 -8 16 -12 -3 19 22 21 -20 -5 -23 -9 26 27 29 -28 -10
right_child=2 3 6 8 10 11 9 24 25 -11 15 -13 -14 -15 -16 -17 -18 -19 20 -21 -22 23 -24 -25 -26 -27 28 -29 -30 -31
leaf_value=-0.089085299756185982 0.012052714666217946 0.023554364114475555 -0.063709553664206317 0.18730129133792489 0.10517229833352371 -0.0090937094907845486 -0.035535064745428717 -0.033977310451930802 0.092598284477298204 0.046856979652692456 0.0036574834889673761 -0.074006127491540494 0.061090825085364189 0.086261664316212877 0.039443041284627216 0.10042508029138686 0.15148007857238655 -0.032130895470425483 -0.041430312101290445 0.024496976958852307 -0.053420569368404502 0.065210840556241809 0.075868640296367362 0.21072863839021624 -0.10702442537452644 -0.1066153075335849 0.012663252860217623 -0.07958561876767184 0.13022341046268845 -0.056390539518175832
leaf_weight=180.77183681726456 74.757201135158539 38.163934037089348 20.127043277025223 12.557895481586456 92.037036642432213 46.041205927729607 49.98515796661377 25.420315101742744 6.9328978210687655 44.459188178181648 23.55648855865002 30.52535355091095 51.749671444296837 6.8373192548751822 17.756327345967293 16.885624766349792 4.1928473711013785 36.042478814721107 4.8535531163215646 21.817285269498825 10.012388795614244 7.6152507066726685 10.543315887451172 4.2166687995195389 17.210026994347572 3.86397461593151 14.642456218600275 10.429890006780623 7.4809870570898047 3.8161593526601791
leaf_count=1215 384 196 118 58 393 258 285 161 35 220 123 200 244 37 87 72 18 206 23 103 48 36 51 20 109 21 74 53 38 20
internal_value=-0.000661727 -0.0346207 0.0409453 0.00727999 0.0614002 -0.0729851 0.0022626 -0.0253752 0.0394002 0.0134172 0.0885096 -0.0349728 0.0321125 -0.00651745 -0.0158819 0.0541511 0.0259931 -0.00349228 0.0605405 0.0820703 0.0243172 0.0709651 0.136444 0.117071 -0.0634667 0.00730122 0.0174663 -0.019042 0.0524159 0.0397039
internal_weight=895.302 492.958 402.344 235.619 263.179 257.338 139.165 116.837 118.783 119.038 136.672 76.5666 126.507 74.5788 67.7415 44.635 27.7493 74.2064 71.6164 44.9185 26.6979 16.6855 23.1012 11.8319 42.6303 47.1664 43.3024 21.1789 22.1234 10.7491
internal_count=4906 2925 1981 1252 1234 1673 747 672 580 629 606 458 628 409 372 213 141 402 339 212 127 79 109 56 270 241 220 108 112 55
is_linear=0
shrinkage=0.1


Tree=5
num_leaves=31
num_cat=0
split_feature=11 5 7 127 0 1 12 16 1 9 7 1 7 16 12 40 16 5 0 5 5 0 42 61 39 0 12 83 21 73
split_gain=103.437 68.4636 25.0543 20.2465 17.4672 15.5471 10.689 10.0297 12.0383 10.571 8.7177 8.54968 7.78529 7.70211 7.32786 8.57593 8.97846 7.1319 6.33481 6.28185 5.76776 6.48666 5.7219 5.54266 7.43121 7.14787 7.06395 6.88159 5.45174 5.63137
threshold=1.0000000180025095e-35 1.0000000180025095e-35 1.0000000180025095e-35 1.0000000180025095e-35 6.635181427001954 -0.15446041524410245 1.0000000180025095e-35 1.0000000180025095e-35 0.58901816606521618 1.0000000180025095e-35 1.0000000180025095e-35 -0.52635180950164784 1.0000000180025095e-35 1.0000000180025095e-35 1.0000000180025095e-35 1.0000000180025095e-35 1.0000000180025095e-35 1.0000000180025095e-35 17.100615501403812 1.0000000180025095e-35 1.0000000180025095e-35 17.166323661804203 1.0000000180025095e-35 1.0000000180025095e-35 1.0000000180025095e-35 15.868583202362062 1.0000000180025095e-35 1.0000000180025095e-35 1.0000000180025095e-35 1.0000000180025095e-35
decision_type=2 2 2 2 2 2 2 2 2 2 2 2 2 2 2 2 2 2 2 2 2 2 2 2 2 2 2 2 2 2
left_child=1 5 4 7 17 -1 13 23 12 -10 14 -4 -9 -6 15 16 22 28 -16 -13 21 -8 -7 24 25 -3 -25 -26 29 -2
right_child=2 3 11 -5 6 10 20 8 9 -11 -12 19 -14 -15 18 -17 -18 -19 -20 -21 -22 -23 -24 26 27 -27 -28 -29 -30 -31
leaf_value=-0.10277519423909287 -0.01804966316445945 -0.023340696381927841 -0.059579536298150097 -0.045486091351477499 0.1076394811664938 0.027435879054057363 0.0021898438013807429 -0.0052316073201732968 0.11883805865419957 -0.033784289158151702 -0.078703577681989143 -0.0059439974222672345 -0.090131233823923781 0.054797317326488008 -0.072675454839821949 -0.079923181234511476 -0.033614884324234921 0.051056078692611612 0.054232503963237172 0.041299045617701979 0.077508699508760034 0.13148659843432439 0.14120916185668997 0.10319819456963707 0.041132128023578809 0.083154587782226647 0.021167121678599379 0.17414082594078936 -0.10110663775796767 0.065513373947355222
leaf_weight=87.787458896636963 31.477372348308563 33.281043902039528 19.408428907394409 56.935898616909981 77.839755594730377 13.67808870971203 36.720368921756744 31.609844610095024 11.692734792828562 7.4167315214872351 64.063624039292336 74.197532519698143 16.40731506049633 42.72275473177433 40.145323559641838 11.480130627751349 17.516188502311707 33.687927097082138 4.3605189323425284 45.347555533051491 24.064721614122391 4.3385677635669699 6.5310231596231452 25.455931901931763 22.207534402608875 7.7749066650867453 17.864762887358665 4.7158274650573722 5.6641668528318396 10.842568337917326
leaf_count=635 163 168 118 348 326 85 190 160 55 36 449 409 94 192 256 76 112 156 25 220 105 18 35 123 115 36 94 23 29 55
internal_value=-0.000720299 -0.0321044 0.036427 0.00643488 0.0543289 -0.0690429 0.0712806 0.0230028 -0.00752621 0.0596025 -0.0502739 0.00198221 -0.0342415 0.0889142 -0.0308386 -0.00424389 0.018786 0.0157883 -0.0602415 0.0119769 0.0386357 0.0158522 0.0642042 0.0414154 0.023601 -0.00317332 0.0693699 0.0644296 -0.00897188 0.00335958
internal_weight=887.237 480.925 406.312 235.363 267.358 245.562 185.686 178.427 67.1266 19.1095 157.775 138.954 48.0172 120.563 93.7113 49.2054 37.7253 81.672 44.5058 119.545 65.1237 41.0589 20.2091 111.3 67.9793 41.056 43.3207 26.9234 47.9841 42.3199
internal_count=4906 2925 1981 1252 1234 1673 831 904 345 91 1038 747 254 518 589 308 232 403 281 629 313 208 120 559 342 204 217 138 247 218
is_linear=0
shrinkage=0.1


Tree=6
num_leaves=31
num_cat=0
split_feature=11 5 7 0 1 1 16 7 7 1 8 22 104 8 133 36 12 16 6 9 12 12 5 68 94 73 68 16 10 8
split_gain=84.7653 59.2367 19.8697 16.8405 14.7679 13.8057 8.72647 8.02169 7.87278 7.13897 6.73482 6.81182 6.6994 6.50756 6.50314 5.96406 6.51555 8.01468 6.24763 5.22791 6.4604 5.19482 4.98351 5.12035 5.72112 5.00358 4.90849 4.70495 5.23927 4.65993
threshold=1.0000000180025095e-35 1.0000000180025095e-35 1.0000000180025095e-35 10.120465755462648 -0.15446041524410245 -0.22138565033674237 1.0000000180025095e-35 1.0000000180025095e-35 1.0000000180025095e-35 -0.52635180950164784 1.0000000180025095e-35 1.0000000180025095e-35 1.0000000180025095e-35 1.0000000180025095e-35 1.0000000180025095e-35 1.0000000180025095e-35 1.0000000180025095e-35 1.0000000180025095e-35 1.0000000180025095e-35 1.0000000180025095e-35 1.0000000180025095e-35 1.0000000180025095e-35 1.0000000180025095e-35 1.0000000180025095e-35 1.0000000180025095e-35 1.0000000180025095e-35 1.0000000180025095e-35 1.0000000180025095e-35 1.0000000180025095e-35 1.0000000180025095e-35
decision_type=2 2 2 2 2 2 2 2 2 2 2 2 2 2 2 2 2 2 2 2 2 2 2 2 2 2 2 2 2 2
left_child=1 4 5 7 -1 10 21 19 12 -4 -2 14 15 -5 -12 16 17 18 -6 20 -3 -7 23 24 25 -11 -18 28 29 -9
right_child=2 3 9 13 8 6 -8 27 -10 22 11 -13 -14 -15 -16 -17 26 -19 -20 -21 -22 -23 -24 -25 -26 -27 -28 -29 -30 -31
leaf_value=-0.099593758135467045 0.037826359762391133 0.05166871934338111 -0.055649946282749579 0.049524381192911436 -0.013478973941511803 0.096331164278406781 0.035507717413746837 0.034173519695084732 -0.074857750389507649 -0.007541429979308509 0.044581194264722929 -0.12023044994446314 0.089364490086402321 0.001699438308748703 -0.050882551998664143 -0.084829916665031341 -0.083585727526792969 -0.043720067161504311 0.099915519626932084 -0.036097095962716833 -0.024583073350984239 0.051392611993047524 0.036519630387368676 0.038915958288665162 0.07274278935706617 -0.073760711101614904 -0.0033110248497705791 -0.10117440735428192 -0.09073749099503263 -0.095880340798895985
leaf_weight=81.840925291180611 54.680722549557686 25.741617858409882 18.736977875232697 75.94076032936573 8.5508898496627808 75.12965601682663 67.091230183839798 12.03932039439678 60.791957154870033 30.690996140241623 15.581849038600922 5.54079945385456 4.5844867974519721 45.497927770018578 13.164806306362152 18.631812080740929 20.328380063176155 16.302268445491791 11.253149196505547 28.190495833754539 19.549549221992493 39.116844117641449 46.110744774341583 19.298979088664055 5.8177961558103553 18.163883730769157 12.181622251868246 15.43711172044277 9.1957293748855591 3.5726279318332681
leaf_count=635 265 138 118 355 50 308 306 78 449 180 77 28 27 225 65 127 137 108 65 156 108 185 220 93 31 105 75 109 60 23
internal_value=-0.000764362 -0.0297528 0.0325112 0.00570976 -0.0653212 0.0483042 0.0641339 -0.021943 -0.0469434 0.00175942 0.0160394 -0.0187058 -0.0284645 0.0316064 0.000862657 -0.0346559 -0.0210318 0.00820828 0.0509546 -0.00228828 0.0187553 0.0809447 0.0107173 -0.00536684 -0.0209983 -0.0321613 -0.0535065 -0.05783 -0.030858 0.00441208
internal_weight=878.756 469.631 409.125 235.165 234.465 270.306 181.338 113.726 152.625 138.819 88.9682 34.2875 91.8326 121.439 28.7467 87.2481 68.6163 36.1063 19.804 73.4817 45.2912 114.247 120.082 73.9717 54.6727 48.8549 32.51 40.2448 24.8077 15.6119
internal_count=4906 2925 1981 1252 1673 1234 799 672 1038 747 435 170 589 580 142 562 435 223 115 402 246 493 629 409 316 285 212 270 161 101
is_linear=0
shrinkage=0.1


Tree=7
num_leaves=31
num_cat=0
split_feature=11 5 5 0 130 1 16 0 9 132 16 7 7 16 0 7 60 12 40 0 0 83 61 0 24 0 16 12 0 54
split_gain=69.5025 51.2209 15.9772 16.0204 14.6881 14.0041 8.40534 9.31558 8.8777 7.96826 7.54983 7.07879 6.97268 7.78453 6.36283 5.70128 5.53556 5.43316 6.37735 6.34062 5.44918 5.15593 5.25756 6.53172 4.88665 4.71511 4.39715 5.95297 7.58835 6.81419
threshold=1.0000000180025095e-35 1.0000000180025095e-35 1.0000000180025095e-35 11.934291839599611 1.0000000180025095e-35 -0.15446041524410245 1.0000000180025095e-35 14.109513759613039 1.0000000180025095e-35 1.0000000180025095e-35 1.0000000180025095e-35 1.0000000180025095e-35 1.0000000180025095e-35 1.0000000180025095e-35 15.51813840866089 1.0000000180025095e-35 1.0000000180025095e-35 1.0000000180025095e-35 1.0000000180025095e-35 9.9780974388122576 17.100615501403812 1.0000000180025095e-35 1.0000000180025095e-35 6.3449692726135263 1.0000000180025095e-35 4.0561258792877206 1.0000000180025095e-35 1.0000000180025095e-35 14.29021215438843 1.0000000180025095e-35
decision_type=2 2 2 2 2 2 2 2 2 2 2 2 2 2 2 2 2 2 2 2 2 2 2 2 2 2 2 2 2 2
left_child=1 5 3 12 6 -1 21 15 14 26 -11 17 13 16 -9 -8 -2 18 19 -7 24 22 23 -3 -19 -18 27 28 -4 -29
right_child=2 4 9 -5 -6 11 7 8 -10 10 -12 -13 -14 -15 -16 -17 25 20 -20 -21 -22 -23 -24 -25 -26 -27 -28 29 -30 -31
leaf_value=-0.096554696884394386 -0.0047363862468407531 0.12694549181084705 0.11009648074970396 0.045050319312669396 -0.040875978043874849 -0.045578933394196566 -0.0097003040800571084 0.19484953661924914 -0.038870627051339694 -0.050913947490182201 0.084625184019683483 -0.071124787890923968 -0.037148338341380024 -0.028917284717981391 0.047320980110184749 -0.084235464696851461 0.15648345830593502 0.033349378337633344 -0.072725172010303707 0.042600306066090478 0.052442736475840648 0.084401492494348279 0.05418896537855853 -0.0030436953419551824 -0.078762001083837088 0.042008429346975545 0.035947992142023162 -0.011802879623518836 0.032537259946546125 0.080360921489851966
leaf_weight=76.264492906630039 27.443512141704559 4.1733790040016165 49.367405906319618 95.467923730611801 53.66018995642662 11.802385836839674 31.048235535621643 4.342765927314761 7.7982784509658805 12.920680806040766 6.0265409499406806 57.745280787348747 51.498236507177353 36.162143677473068 8.9452074468135816 15.329235255718229 4.0493681579828253 4.4143149703741065 10.477938175201414 26.383430287241936 4.3899558037519446 17.982859313488007 39.209834352135658 52.409663781523705 32.600557178258896 32.284698233008385 46.943445861339569 14.869400396943091 16.944649204611778 17.421055153012276
leaf_count=635 137 22 216 442 342 81 157 20 38 63 29 449 315 182 40 95 20 28 76 151 25 86 190 262 228 149 209 69 71 79
internal_value=-0.000794068 -0.0275477 0.0290536 0.0129684 0.00508002 -0.061751 0.0186864 -0.00928032 0.0458288 0.0531977 -0.00780303 -0.0437941 -0.0072563 0.00814686 0.0955362 -0.0343366 0.0291624 -0.0262717 -0.00361682 0.0153461 -0.0528984 0.0352693 0.0260459 0.00654388 -0.0653918 0.0547665 0.0611388 0.0731318 0.0902779 0.0379205
internal_weight=870.377 458.978 411.399 246.906 234.9 224.078 181.239 67.4637 21.0863 164.493 18.9472 147.814 151.438 99.9397 13.288 46.3775 63.7776 90.0686 48.6638 38.1858 41.4048 113.776 95.7929 56.583 37.0149 36.3341 145.546 98.6025 66.3121 32.2905
internal_count=4906 2925 1981 1245 1252 1673 910 350 98 736 92 1038 803 488 60 252 306 589 308 232 281 560 474 284 256 169 644 435 287 148
is_linear=0
shrinkage=0.1


Tree=8
num_leaves=31
num_cat=0
split_feature=11 5 7 1 130 12 1 104 16 7 1 9 8 97 1 78 5 15 104 7 36 16 12 9 14 0 8 0 73 23
split_gain=56.9835 44.2046 14.462 13.2528 12.0475 10.4397 7.26367 6.85493 8.23948 6.34261 6.13587 7.52247 6.04952 7.45971 5.52326 5.4732 5.5128 5.79377 5.17989 4.89899 4.84201 5.21104 5.79452 4.76706 6.80893 7.27691 5.39415 4.56928 4.71885 4.53492
threshold=1.0000000180025095e-35 1.0000000180025095e-35 1.0000000180025095e-35 -0.15446041524410245 1.0000000180025095e-35 1.0000000180025095e-35 -0.33318121731281275 1.0000000180025095e-35 1.0000000180025095e-35 1.0000000180025095e-35 0.58901816606521618 1.0000000180025095e-35 1.0000000180025095e-35 1.0000000180025095e-35 -0.52635180950164784 1.0000000180025095e-35 1.0000000180025095e-35 1.0000000180025095e-35 1.0000000180025095e-35 1.0000000180025095e-35 1.0000000180025095e-35 1.0000000180025095e-35 1.0000000180025095e-35 1.0000000180025095e-35 1.0000000180025095e-35 14.867898464202883 1.0000000180025095e-35 7.3634495735168466 1.0000000180025095e-35 1.0000000180025095e-35
decision_type=2 2 2 2 2 2 2 2 2 2 2 2 2 2 2 2 2 2 2 2 2 2 2 2 2 2 2 2 2 2
left_child=1 3 5 -1 7 6 15 8 12 18 19 -12 -3 -14 -4 16 17 -2 20 -10 21 22 -5 -8 26 -26 -25 -7 29 -29
right_child=2 4 14 9 -6 27 23 -9 10 -11 11 -13 13 -15 -16 -17 -18 -19 -20 -21 -22 -23 -24 24 25 -27 -28 28 -30 -31
leaf_value=-0.093620769151004812 0.022734222358306438 0.046326440496192389 -0.051897513361865835 0.042598791478592746 -0.037770358589033382 -0.017060442825956638 0.080810805466382016 0.10836450225568171 -0.012472937967315616 -0.067490789340466123 0.083593513674525471 -0.05047767026374135 -0.017206496970542346 0.12546884690150525 0.0073927641152682346 0.10534775928275397 0.046499892329689214 -0.080008564908565852 0.07685823490680721 -0.082056770174302379 -0.077886085259243287 -0.049872011496405744 -0.035961341035691562 0.10859631584879417 -0.032045822647869975 0.10325298922957832 0.018087616799100592 0.10081750469017213 0.061189574201184843 -0.0070444060532005529
leaf_weight=71.059254631400108 11.201853111386299 71.528693377971649 18.055212512612343 20.446404553949833 52.336761623620987 33.424583911895752 80.74833682179451 7.8030179888010016 30.272131904959679 54.918640971183777 11.18446905910969 6.6870744973421088 35.398585647344589 4.0877602100372306 121.05931207537651 6.4660124331712714 18.488555118441582 10.761241137981415 4.7951019108295432 15.197309300303457 16.866491444408894 28.91413839161396 17.360857501626015 17.360924810171127 16.819569349288944 5.2054871022701255 10.608462974429132 4.4233537912368766 26.152418717741966 32.81514847278595
leaf_count=635 57 342 118 115 342 166 338 37 154 449 49 33 177 20 629 32 80 56 27 98 127 199 121 73 72 21 45 19 122 153
internal_value=-0.000814179 -0.0254882 0.0259637 -0.0583109 0.00451624 0.0392763 0.0536732 0.0166658 0.0125619 -0.0408018 -0.0162174 0.0334275 0.0289823 -0.00243626 -0.000302324 0.0199194 0.00626402 -0.0276066 -0.024218 -0.03573 -0.0300163 -0.0179153 0.00652447 0.0657859 0.0415186 -6.87777e-05 0.0742674 0.0128575 0.0286325 0.00576791
internal_weight=862.447 448.857 413.59 214.361 234.496 274.476 177.66 182.159 174.356 143.302 63.341 17.8715 111.015 39.4863 139.115 46.9177 40.4516 21.9631 88.383 45.4694 83.5879 66.7214 37.8073 130.743 49.9944 22.0251 27.9694 96.8155 63.3909 37.2385
internal_count=4906 2925 1981 1673 1252 1234 774 910 873 1038 334 82 539 197 747 225 193 113 589 252 562 435 236 549 211 93 118 460 294 172
is_linear=0
shrinkage=0.1


Tree=9
num_leaves=31
num_cat=0
split_feature=11 5 0 5 0 0 7 72 21 12 132 16 9 12 73 0 84 16 12 64 81 0 8 83 16 0 61 42 0 62
split_gain=46.7893 38.0613 12.7607 11.9226 11.2657 10.1532 6.82607 6.56631 6.40146 6.06249 5.97745 5.88262 5.29454 5.73869 5.36618 5.28587 5.24446 5.78846 5.17035 5.30926 5.15343 4.5746 4.50568 4.48799 4.34554 4.32867 5.97048 4.17118 5.07026 5.03936
threshold=1.0000000180025095e-35 1.0000000180025095e-35 13.211498737335207 1.0000000180025095e-35 11.934291839599611 10.260096073150637 1.0000000180025095e-35 1.0000000180025095e-35 1.0000000180025095e-35 1.0000000180025095e-35 1.0000000180025095e-35 1.0000000180025095e-35 1.0000000180025095e-35 1.0000000180025095e-35 1.0000000180025095e-35 4.3846678733825692 1.0000000180025095e-35 1.0000000180025095e-35 1.0000000180025095e-35 1.0000000180025095e-35 1.0000000180025095e-35 7.0266940593719491 1.0000000180025095e-35 1.0000000180025095e-35 1.0000000180025095e-35 16.379192352294925 1.0000000180025095e-35 1.0000000180025095e-35 17.100615501403812 1.0000000180025095e-35
decision_type=2 2 2 2 2 2 2 2 2 2 2 2 2 2 2 2 2 2 2 2 2 2 2 2 2 2 2 2 2 2
left_child=1 2 21 4 8 6 12 24 9 15 -5 -12 13 14 20 22 17 -11 23 25 -3 -1 -2 -7 -4 26 -20 28 -9 -29
right_child=3 5 7 10 -6 18 -8 27 -10 16 11 -13 -14 -15 -16 -17 -18 -19 19 -21 -22 -23 -24 -25 -26 -27 -28 29 -30 -31
leaf_value=-0.09326078301552447 0.014386036283740003 -0.028387583065201651 0.11913285166510441 0.050699515153908581 0.03591842919544367 0.030182777147645959 -0.051522207182099794 -0.067975384480282189 -0.06209253637993839 0.01181462161750952 -0.04805071886951845 0.070578222700529852 -0.03415652712759653 -0.01989244232454954 0.12889427859559041 0.031444684337692166 -0.13170393489732776 -0.062270173563905656 -0.041265398090845375 -0.071088323185002231 0.073756980672056008 -0.056521914164857592 -0.077176108007395619 0.098770002498125786 -0.029711261312883482 0.080723509648130076 0.048541424043896636 0.089683051283280107 0.013283787224802241 -0.02662292597807462
leaf_weight=59.545383140444756 12.228834554553032 9.4025354385376012 5.2550357431173307 147.99668933451176 97.111611858010292 62.805712431669235 38.817610718309879 31.441961884498596 18.956104204058647 26.548255532979965 12.693477481603624 6.2325994521379462 27.880137354135513 19.66360992193222 6.6837019026279441 61.439449474215508 4.4349125921726218 17.497315391898155 17.229823231697083 8.9534071236848813 10.40548449754715 78.670245938003063 9.5882660299539566 11.249154150485991 3.1295971423387527 7.8371050953865042 12.979112580418589 5.4704271852970132 10.159881338477133 11.678492784500122
leaf_count=571 70 51 33 644 442 286 278 224 100 143 63 29 159 111 34 309 25 99 86 46 55 644 57 48 21 36 62 35 69 76
internal_value=-0.000815693 -0.0235598 -0.0549761 0.0232737 0.00935797 0.00402105 -0.017557 -0.0192084 -0.00775847 5.98525e-05 0.0439324 -0.00898469 0.000251324 0.0210354 0.0514143 0.0164297 -0.0280525 -0.0176159 0.0241372 -0.0018046 0.0252707 -0.0723496 -0.0258541 0.0406014 0.0635762 0.0145 -0.00268036 -0.0310231 -0.0481305 0.0104781
internal_weight=853.986 439.258 205.351 414.728 247.805 233.907 112.853 67.1354 150.693 131.737 166.923 18.9261 74.0355 46.1553 26.4917 83.2566 48.4805 44.0456 121.054 46.9994 19.808 138.216 21.8171 74.0549 8.38463 38.046 30.2089 58.7508 41.6018 17.1489
internal_count=4906 2925 1673 1981 1245 1252 688 458 803 703 736 92 410 251 140 436 267 242 564 230 106 1215 127 334 54 184 148 404 293 111
is_linear=0
shrinkage=0.1


Tree=10
num_leaves=31
num_cat=0
split_feature=11 5 1 7 130 12 7 16 1 65 8 0 53 7 139 16 40 0 42 81 9 1 35 61 0 16 14 67 39 0
split_gain=38.3913 32.6445 11.8509 11.4965 8.72046 7.55467 5.73302 5.29281 5.92628 6.43494 5.2482 6.51106 6.11831 4.95996 4.83356 4.35254 7.64473 6.86174 4.94247 4.71211 4.31471 4.20527 4.1796 5.56737 4.90438 4.13603 3.9765 4.91172 4.90584 4.32622
threshold=1.0000000180025095e-35 1.0000000180025095e-35 -0.15446041524410245 1.0000000180025095e-35 1.0000000180025095e-35 1.0000000180025095e-35 1.0000000180025095e-35 1.0000000180025095e-35 0.58901816606521618 1.0000000180025095e-35 1.0000000180025095e-35 3.4811772108078007 1.0000000180025095e-35 1.0000000180025095e-35 1.0000000180025095e-35 1.0000000180025095e-35 1.0000000180025095e-35 16.954140663146976 1.0000000180025095e-35 1.0000000180025095e-35 1.0000000180025095e-35 -0.52635180950164784 1.0000000180025095e-35 1.0000000180025095e-35 7.2840518951416025 1.0000000180025095e-35 1.0000000180025095e-35 1.0000000180025095e-35 1.0000000180025095e-35 3.9917863607406621
decision_type=2 2 2 2 2 2 2 2 2 2 2 2 2 2 2 2 2 2 2 2 2 2 2 2 2 2 2 2 2 2
left_child=1 2 -1 5 7 10 15 22 13 20 12 -12 14 -9 25 16 17 18 19 -4 -10 -5 23 -3 -24 26 27 -2 -28 -29
right_child=3 4 6 21 -6 -7 -8 8 9 -11 11 -13 -14 -15 -16 -17 -18 -19 -20 -21 -22 -23 24 -25 -26 -27 28 29 -30 -31
leaf_value=-0.087992222974069945 0.13431499006961722 -0.0072422973766645589 -0.056885161477035123 -0.04844073800997676 -0.033261728406125193 0.010212283485732479 -0.061735531450577918 -0.0066080502334058423 0.11331946877044535 -0.051461085669830778 -0.075935466541572572 0.032813415894276797 0.10175163528202756 -0.077524365866782102 0.11764164769932371 -0.045645886215256656 -0.07318051762599749 0.15660941942593598 0.0637203010825063 0.033549271905773774 -0.0016419693213659701 0.0040321824998956644 0.00063347657978231591 0.044268841628847283 0.085440540794198827 0.0062538870362773896 0.057468010519831095 -0.03857155270650036 -0.040776342487601938 0.079221331472953904
leaf_weight=61.794141098856926 10.563773289322853 48.317148819565773 13.307861164212227 17.448539286851883 50.379988268017769 97.108552023768425 50.717219479382038 31.722913071513176 9.2269308418035525 5.9061134308576575 6.0262451171874991 63.72077389061451 25.196659311652184 14.311973616480826 8.3804978877305967 35.916433848440647 10.992547221481798 3.4219435155391684 10.914398983120916 10.160792723298073 5.0523966252803794 122.49326001107693 10.092152178287508 37.08758844435215 21.025001287460327 27.051493629813194 15.195195987820627 4.3600205332040796 7.6374392658472052 10.945025503635405
leaf_count=635 44 234 90 118 342 460 449 161 39 27 31 276 102 98 35 265 87 18 60 69 25 629 53 175 98 123 65 20 32 46
internal_value=-0.00081725 -0.021759 -0.0517027 0.0208401 0.00357392 0.0326717 -0.0351447 0.0137291 -0.00884612 0.0363311 0.0448508 0.0234174 0.0585243 -0.0286555 0.0455783 -0.0192251 0.000221414 0.0215645 0.00812424 -0.0177314 0.0726431 -0.00251036 0.0265588 0.0151268 0.0579353 0.037606 0.0550208 0.0818661 0.0246056 0.0456651
internal_weight=846.475 430.348 197.225 416.127 233.122 276.186 135.431 182.742 66.2203 20.1854 179.077 69.747 109.33 46.0349 84.1334 84.714 48.7975 37.805 34.3831 23.4687 14.2793 139.942 116.522 85.4047 31.1172 75.7529 48.7015 25.8688 22.8326 15.305
internal_count=4906 2925 1673 1981 1252 1234 1038 910 350 91 774 307 467 259 365 589 324 237 219 159 64 747 560 409 151 330 207 110 97 66
is_linear=0
shrinkage=0.1


Tree=11
num_leaves=31
num_cat=0
split_feature=11 5 0 5 71 130 7 104 16 8 97 12 132 16 40 16 13 16 61 9 0 6 0 24 6 99 81 9 10 49
split_gain=31.5623 28.0088 11.1213 9.31674 8.34441 7.15266 5.215 5.00833 5.4177 4.84863 5.34431 4.81056 4.58819 4.87208 4.53489 4.42102 4.60516 4.20364 4.00476 3.86894 3.85055 6.58098 3.79103 4.19373 3.68761 5.24061 4.84619 5.25724 4.15883 7.12853
threshold=1.0000000180025095e-35 1.0000000180025095e-35 7.4620122909545907 1.0000000180025095e-35 1.0000000180025095e-35 1.0000000180025095e-35 1.0000000180025095e-35 1.0000000180025095e-35 1.0000000180025095e-35 1.0000000180025095e-35 1.0000000180025095e-35 1.0000000180025095e-35 1.0000000180025095e-35 1.0000000180025095e-35 1.0000000180025095e-35 1.0000000180025095e-35 1.0000000180025095e-35 1.0000000180025095e-35 1.0000000180025095e-35 1.0000000180025095e-35 14.109513759613039 1.0000000180025095e-35 17.100615501403812 1.0000000180025095e-35 1.0000000180025095e-35 1.0000000180025095e-35 1.0000000180025095e-35 1.0000000180025095e-35 1.0000000180025095e-35 1.0000000180025095e-35
decision_type=2 2 2 2 2 2 2 2 2 2 2 2 2 2 2 2 2 2 2 2 2 2 2 2 2 2 2 2 2 2
left_child=1 2 -1 4 15 7 11 8 9 24 -11 14 -5 -14 17 16 -2 18 -4 -6 -10 -22 23 -13 25 28 -26 -28 -3 -30
right_child=3 5 6 12 19 -7 -8 -9 20 10 -12 22 13 -15 -16 -17 -18 -19 -20 -21 21 -23 -24 -25 26 -27 27 -29 29 -31
leaf_value=-0.086122650596563669 -0.013312474653914597 0.064420429435797275 0.01315193971243519 0.042743934872028308 0.047904011301617873 -0.030613317997538216 -0.058937039893056591 0.088955269879739562 -0.031999494171801944 -0.019159349255247371 0.097994528062195246 0.035435398984674363 -0.04584849088453706 0.061671354014946257 -0.060560879567040482 -0.02811969972439636 0.028509752517958606 -0.020455504757646049 0.10099507602548437 0.0018310168914980208 -0.038161823663886894 0.077950572425963843 0.040941858675451859 -0.069737159638515095 0.029164820450697029 -0.061712308474596848 0.15446139633443337 0.026414245510602369 -0.058128592887689338 0.087925283865361359
leaf_weight=55.781390465795994 57.570025756955147 18.832286670804024 13.414305634796619 149.51502171158791 54.592274889349937 49.32212920486927 48.991947218775749 8.1426065415143949 42.354940675199032 35.496967554092407 4.3736058771610251 4.359454818069934 12.500564754009249 6.3579127043485633 8.9209913387894613 60.167698636651039 48.517510890960693 15.877240926027296 8.4649791941046715 27.361254885792732 9.4743480235338211 10.068854570388794 4.5836875438690177 29.094511516392231 18.90289680659771 7.0159025937318793 8.6811078786849958 5.0843144655227652 9.4786172956228238 5.1614493131637564
leaf_count=615 304 88 75 644 246 342 455 37 245 177 20 28 63 29 76 325 247 116 47 123 44 45 25 236 89 34 40 24 44 23
internal_value=-0.0008009 -0.0200806 -0.0486151 0.0187239 0.00640676 0.00318618 -0.0329673 0.0122924 0.00872385 0.0217474 -0.00630814 -0.0179486 0.0368813 -0.00959945 0.00356286 -0.00646641 0.00581428 0.0187138 0.047138 0.0325219 -0.0150574 0.0216605 -0.0443462 -0.0560319 0.0370377 0.0168706 0.0620324 0.107167 0.0333418 -0.00663636
internal_weight=838.461 421.879 189.489 416.582 248.209 232.39 133.707 183.068 174.925 113.027 39.8706 84.7152 168.373 18.8585 46.6775 166.255 106.088 37.7565 21.8793 81.9535 61.8981 19.5432 38.0377 33.454 73.1566 40.4883 32.6683 13.7654 33.4724 14.6401
internal_count=4906 2925 1673 1981 1245 1252 1058 910 873 539 197 603 736 92 314 876 551 238 122 369 334 89 289 264 342 189 153 64 155 67
is_linear=0
shrinkage=0.1


Tree=12
num_leaves=31
num_cat=0
split_feature=11 5 0 7 12 7 9 12 72 80 49 67 36 0 167 139 1 78 15 97 1 53 8 6 45 0 53 16 0 0
split_gain=25.9342 23.9754 10.4932 9.22462 6.27317 7.73206 11.4733 5.95694 5.30814 4.93073 4.918 6.1005 4.75784 4.64742 4.40536 4.59977 5.65121 6.11736 4.71882 5.81507 4.91623 4.44888 4.54978 4.51739 4.88879 4.16994 6.2401 4.04491 4.00349 4.00001
threshold=1.0000000180025095e-35 1.0000000180025095e-35 13.211498737335207 1.0000000180025095e-35 1.0000000180025095e-35 1.0000000180025095e-35 1.0000000180025095e-35 1.0000000180025095e-35 1.0000000180025095e-35 1.0000000180025095e-35 1.0000000180025095e-35 1.0000000180025095e-35 1.0000000180025095e-35 10.260096073150637 1.0000000180025095e-35 1.0000000180025095e-35 -0.33318121731281275 1.0000000180025095e-35 1.0000000180025095e-35 1.0000000180025095e-35 0.13636017590761187 1.0000000180025095e-35 1.0000000180025095e-35 1.0000000180025095e-35 1.0000000180025095e-35 6.9089665412902841 1.0000000180025095e-35 1.0000000180025095e-35 7.0266940593719491 14.47091054916382
decision_type=2 2 2 2 2 2 2 2 2 2 2 2 2 2 2 2 2 2 2 2 2 2 2 2 2 2 2 2 2 2
left_child=1 2 28 7 5 6 29 14 -4 12 11 -8 27 -7 15 16 17 -2 19 20 -18 23 -23 24 -22 -20 -27 -6 -1 -3
right_child=3 4 8 -5 9 13 10 -9 -10 -11 -12 -13 -14 -15 -16 -17 18 -19 25 -21 21 22 -24 -25 -26 26 -28 -29 -30 -31
leaf_value=-0.085377299366695081 -0.018348746776525534 0.049646240371862126 0.061324594144470314 -0.0040832869027530201 -0.019463643320977345 -0.046994718254323803 -0.10475026753801908 0.0075098185019675497 -0.02407874272073697 0.062288161758346131 0.048614936174825214 0.001386569857171976 0.019150543372457141 0.011315669728743313 0.11406593464814051 0.084561306817542731 -0.0091178009007891019 0.08853219185679774 0.15581161428133494 -0.052424466462197887 0.11251697027325609 0.060079182540730573 -0.038649492238670147 0.1389673381443034 -0.006462261299161623 0.026896450977374114 0.10842346870293047 -0.07246722853088515 -0.048013519822846636 0.11662976512343136
leaf_weight=48.213717170059681 35.111696809530258 40.239788606762886 8.3894799351692182 140.39278656989336 41.302165322005749 23.399212352931499 8.1968132853507996 97.680893793702126 54.916349820792675 7.0588413998484603 10.050038173794745 15.959458336234093 18.96303978562355 32.868231952190399 7.3407803475856772 16.865613892674446 17.437739044427872 6.3187548369169226 4.6401104778051367 8.6053534001111966 6.3735683262348175 11.069935366511345 8.0708082616329193 9.0005988925695419 7.5378596633672714 26.484754502773285 14.543842628598211 22.102879263460636 70.771847620606422 11.452342197299002
leaf_count=571 169 200 54 747 229 179 43 460 404 40 48 88 95 148 31 70 77 30 20 36 26 45 33 37 31 110 59 135 644 47
internal_value=-0.000786362 -0.0185249 -0.0456533 0.0167996 0.00282836 0.0158816 0.0347565 0.0273806 -0.0127608 -0.0179229 -0.0101709 -0.0346283 -0.0247969 -0.0129331 0.0381999 0.0349632 0.0295732 -0.00204783 0.0410888 0.0244101 0.0355243 0.0540357 0.0184497 0.0837644 0.0480485 0.0659581 0.0557962 -0.0379406 -0.0631536 0.0644864
internal_weight=831.359 413.884 182.291 417.475 231.593 142.166 85.8984 277.082 63.3058 89.4269 34.2063 24.1563 82.3681 56.2674 179.401 172.061 155.195 41.4305 113.765 68.0959 59.4905 42.0528 19.1407 22.912 13.9114 45.6687 41.0286 63.405 118.986 51.6921
internal_count=4906 2925 1673 1981 1252 753 426 1234 458 499 179 131 459 327 774 743 673 199 474 285 249 172 78 94 57 189 169 364 1215 247
is_linear=0
shrinkage=0.1


Tree=13
num_leaves=31
num_cat=0
split_feature=7 12 11 5 16 60 83 31 60 0 11 9 45 0 32 9 0 5 6 33 26 0 0 1 99 64 81 34 70 0
split_gain=21.7271 18.5168 9.69718 10.3868 9.6149 16.8821 9.6088 8.66854 8.95175 8.56149 6.65565 6.41158 6.25379 6.12697 5.22162 4.74866 6.94467 6.02587 5.9899 4.54622 5.06671 4.0988 4.0589 3.99045 3.96797 5.48032 4.85614 3.58324 3.55119 6.33849
threshold=1.0000000180025095e-35 1.0000000180025095e-35 1.0000000180025095e-35 1.0000000180025095e-35 1.0000000180025095e-35 1.0000000180025095e-35 1.0000000180025095e-35 1.0000000180025095e-35 1.0000000180025095e-35 9.5071868896484393 1.0000000180025095e-35 1.0000000180025095e-35 1.0000000180025095e-35 14.205338954925539 1.0000000180025095e-35 1.0000000180025095e-35 13.726214885711672 1.0000000180025095e-35 1.0000000180025095e-35 1.0000000180025095e-35 1.0000000180025095e-35 15.585215568542482 16.56947231292725 -0.14092326164245603 1.0000000180025095e-35 1.0000000180025095e-35 1.0000000180025095e-35 1.0000000180025095e-35 1.0000000180025095e-35 13.600273609161379
decision_type=2 2 2 2 2 2 2 2 2 2 2 2 2 2 2 2 2 2 2 2 2 2 2 2 2 2 2 2 2 2
left_child=1 4 3 23 5 28 7 9 -9 -6 15 -7 24 14 -8 16 17 -3 -18 20 -5 -20 -21 -2 25 26 -11 -19 -1 -30
right_child=2 10 -4 19 6 11 13 8 -10 12 -12 -13 -14 -15 -16 -17 18 27 21 22 -22 -23 -24 -25 -26 -27 -28 -29 29 -31
leaf_value=-0.008756054366083019 -0.10492345951369531 -0.079185929668823068 -0.0036820935716223658 9.9620521796735403e-05 -0.060672122710976453 0.08314277460547978 0.062469343652260978 0.11189102488205566 -0.013246505436588202 0.084928109449896275 0.0067412174501559983 0.036822703831147829 -0.10979198952290892 0.16876677929342557 -0.062139466486524644 -0.055313899594253674 -0.010659892601165476 -0.026015749977509824 0.16802189163925316 0.0012900344198149935 -0.055398870976873717 0.031526815924848815 0.11196362540920864 -0.05271790643342962 -0.036805418831913413 -0.067583395941196986 -0.021323010328669317 0.05710737095937584 0.14450465330574802 0.0097352857710568241
leaf_weight=58.745712503790855 21.732877962291241 18.059852600097656 140.13507044315338 30.766765363514423 36.575539894402027 68.922600828111172 16.65326592326165 10.587248049676418 12.425762012600899 17.037932783365257 97.922726199030876 52.757618583738804 4.1728463917970648 4.2709820717573157 4.2137481123208991 42.450866684317589 11.953029565513134 20.176375150680546 4.2903336361050606 15.162326879799368 35.350770898163319 4.5154276341199875 4.2405326962470999 44.872611962258816 9.300678722560404 4.0920486301183692 5.7543313130736342 6.9801299124956122 4.4999654740095165 15.546359516680239
leaf_count=324 274 194 747 176 236 318 91 63 66 83 460 260 22 20 21 317 68 119 24 83 232 23 18 446 48 19 29 34 22 69
internal_value=-0.000756673 0.0112787 -0.0226607 -0.0401435 0.0261331 0.0397079 0.00437679 -0.00952321 0.0443236 -0.0256304 -0.0121569 0.0630595 0.0061273 0.0596419 0.0373067 -0.0292244 -0.0124375 -0.0344206 0.0354457 -0.0170834 -0.0295735 0.0980298 0.025478 -0.0697522 0.0194951 0.0389724 0.058103 -0.00465033 0.00364546 0.0399881
internal_weight=824.166 531.905 292.261 152.126 325.557 200.472 125.084 99.9464 23.013 76.9334 206.349 121.68 40.3578 25.138 20.867 108.426 65.9751 45.2164 20.7588 85.5204 66.1175 8.80576 19.4029 66.6055 36.185 26.8843 22.7923 27.1565 78.792 20.0463
internal_count=4906 2930 1976 1229 1691 993 698 566 129 437 1239 578 201 132 112 779 462 347 115 509 408 47 101 720 179 131 112 153 415 91
is_linear=0
shrinkage=0.1


Tree=14
num_leaves=31
num_cat=0
split_feature=11 5 0 12 0 55 7 167 8 62 104 16 74 14 51 10 0 73 60 86 16 73 53 61 61 61 12 35 0 0
split_gain=18.3949 18.4611 8.99165 7.13767 7.19409 7.30335 6.62782 5.85468 5.78019 6.52509 5.48899 5.71923 5.29953 5.13923 7.55445 5.04591 4.99774 4.77135 4.568 4.40048 4.3856 5.10944 4.58788 4.19245 4.14838 4.10776 5.6029 5.4247 4.61942 5.07042
threshold=1.0000000180025095e-35 1.0000000180025095e-35 7.0266940593719491 1.0000000180025095e-35 10.584530830383303 1.0000000180025095e-35 1.0000000180025095e-35 1.0000000180025095e-35 1.0000000180025095e-35 1.0000000180025095e-35 1.0000000180025095e-35 1.0000000180025095e-35 1.0000000180025095e-35 1.0000000180025095e-35 1.0000000180025095e-35 1.0000000180025095e-35 2.1683777570724492 1.0000000180025095e-35 1.0000000180025095e-35 1.0000000180025095e-35 1.0000000180025095e-35 1.0000000180025095e-35 1.0000000180025095e-35 1.0000000180025095e-35 1.0000000180025095e-35 1.0000000180025095e-35 1.0000000180025095e-35 1.0000000180025095e-35 17.30732345581055 2.8350445032119755
decision_type=2 2 2 2 2 2 2 2 2 2 2 2 2 2 2 2 2 2 2 2 2 2 2 2 2 2 2 2 2 2
left_child=1 2 -1 7 5 -5 15 8 16 -10 11 25 -11 14 -6 -7 -2 -16 -9 -15 22 -22 -18 -17 -19 27 -27 28 29 -3
right_child=3 10 -4 4 13 6 -8 18 9 12 -12 -13 -14 19 17 23 20 24 -20 -21 21 -23 -24 -25 -26 26 -28 -29 -30 -31
leaf_value=-0.080686231531972935 -0.1016762405245356 0.064720441620462948 -0.027689412583302521 0.014254444141881123 0.094386324880141051 -0.059010056994586259 -0.10752563918510138 0.02196510151328189 -0.033493602997731568 0.051093971133331674 0.080990355695208627 -0.021904814001151053 -0.0069556118165342521 -0.041646330182123575 -0.021933814014508068 -0.044179480069443583 0.03460146599774637 0.0028145302883726079 0.14715165687940773 0.064463891885900557 0.036010799695665729 -0.024841690039102894 0.083842322869103258 0.064387910297020512 0.13059569564131676 0.061647810841826703 -0.0052547977546584697 0.042110864206642118 0.068517491210439041 -0.032803561308376895
leaf_weight=42.59098457545042 2.7508023530244818 5.894403524696826 128.91269555687904 29.464771442115307 16.103812575340271 19.163764461874962 13.788770660758017 5.188989505171774 34.892557859420776 29.737057030200958 8.5804568082094175 79.903327785432339 33.380215808749199 17.975239261984829 18.251228377223015 6.1127757579088184 76.282692566514015 5.3504657596349734 6.6507252305746078 4.9941318333148947 35.493066042661667 22.573490500450134 25.163446605205536 8.5067694336175919 4.8379193842411041 30.327932082116604 21.315780192613602 21.703258082270622 5.9872304648160926 55.789488241076469
leaf_count=571 15 41 1102 163 74 94 84 24 173 135 39 479 152 83 83 30 353 24 29 23 167 103 110 40 22 141 111 105 26 310
internal_value=-0.000741131 -0.0160301 -0.0408506 0.0139733 -0.00398447 -0.0248689 -0.0491008 0.0235127 0.0203842 0.00120934 0.00251795 -0.00052987 0.0203939 0.0198462 0.0396586 -0.0252545 0.0319661 0.0086693 0.0922862 -0.0185752 0.0342708 0.0123543 0.0468155 0.0189933 0.063491 0.0115815 0.034034 -0.00139226 -0.0153444 -0.0234843
internal_weight=817.668 401.006 171.504 416.663 144.55 77.0369 47.5721 272.113 260.273 98.0098 229.502 220.921 63.1173 67.5128 44.5434 33.7833 162.263 28.4396 11.8397 22.9694 159.513 58.0666 101.446 14.6195 10.1884 141.018 51.6437 89.3744 67.6711 61.6839
internal_count=4906 2925 1673 1981 720 411 248 1261 1208 460 1252 1213 287 309 203 164 748 129 53 106 733 270 463 70 46 734 252 482 377 351
is_linear=0
shrinkage=0.1


Tree=15
num_leaves=31
num_cat=0
split_feature=7 12 9 5 0 26 26 71 83 16 0 97 23 73 61 134 41 0 1 1 0 11 11 73 9 15 8 39 5 11
split_gain=17.6949 13.667 7.63313 9.08465 7.43424 6.87206 6.20588 8.79517 5.10897 5.07646 5.78828 6.88062 8.25243 4.70122 4.61288 4.44252 4.31499 4.30727 5.44324 4.94019 4.33942 4.1598 4.05551 4.8629 3.98781 3.92854 5.50243 3.91193 3.82579 4.60122
threshold=1.0000000180025095e-35 1.0000000180025095e-35 1.0000000180025095e-35 1.0000000180025095e-35 7.2840518951416025 1.0000000180025095e-35 1.0000000180025095e-35 1.0000000180025095e-35 1.0000000180025095e-35 1.0000000180025095e-35 13.661875724792482 1.0000000180025095e-35 1.0000000180025095e-35 1.0000000180025095e-35 1.0000000180025095e-35 1.0000000180025095e-35 1.0000000180025095e-35 3.7686516046524052 -0.49288918077945704 -0.68499505519866932 5.6454484462738046 1.0000000180025095e-35 1.0000000180025095e-35 1.0000000180025095e-35 1.0000000180025095e-35 1.0000000180025095e-35 1.0000000180025095e-35 1.0000000180025095e-35 1.0000000180025095e-35 1.0000000180025095e-35
decision_type=2 2 2 2 2 2 2 2 2 2 2 2 2 2 2 2 2 2 2 2 2 2 2 2 2 2 2 2 2 2
left_child=1 2 3 6 21 8 7 -1 -4 10 -3 12 -12 -14 25 -7 -11 19 -19 -5 -20 -2 -9 -24 -23 26 -8 -27 29 -6
right_child=4 9 5 17 28 15 14 22 -10 16 11 -13 13 -15 -16 -17 -18 18 20 -21 -22 24 23 -25 -26 27 -28 -29 -30 -31
leaf_value=-0.058439624960599172 -0.069068097870052275 -0.011869409564200278 0.017744749633123936 0.058301216485027701 -0.049182407922108311 -0.023747063897399449 0.11221264278411014 -0.041705495992393628 0.099775487158901666 -0.039329818901498476 0.12567130686685962 0.15612337365542239 -0.039443453305538494 0.044260523070175355 0.080522040685812257 0.0552074476112712 0.036819264471329265 0.18846040148885229 -0.011657131704500938 -0.066627930835221102 0.066123164722372188 -0.0021777391333304731 0.12782643415638467 -0.0030715941113157153 -0.069975825349310614 -0.052729714446028357 -0.00093587873043729129 0.054147730127364235 0.0030071229569531926 -0.0062281191093949556
leaf_weight=22.377154491841793 40.544793426990509 89.673161923885345 49.873706705868244 6.9968984872102737 43.090681366622448 67.300942808389664 7.5372764095664033 4.5163877010345468 8.9557825550436956 66.761416897177696 6.0317046567797652 4.1623429059982291 15.641399629414082 11.750908426940441 15.652534909546373 7.9704765230417243 8.3747882246971113 3.3736853897571555 7.8995429575443259 5.7802005559205991 77.973308265209198 27.401665315032005 6.4363726675510406 5.0766445994377136 12.694931074976919 11.368184849619867 10.000243060290813 4.9011503905057898 102.58502621203661 59.196956664323807
leaf_count=144 449 555 265 37 458 372 46 28 45 441 30 20 81 62 86 46 50 16 39 29 332 176 27 21 83 71 58 29 500 310
internal_value=-0.000716862 0.0101557 0.0228913 0.0357902 -0.0207621 0.00462632 0.012221 -0.0179377 0.0302325 -0.0102311 0.00193804 0.0348797 0.0197811 -0.00353564 0.0356401 -0.0153866 -0.0308421 0.0560886 0.0638631 0.00178483 0.0589681 -0.0464819 0.0386032 0.0701072 -0.0236432 0.0148598 0.0476931 -0.0205328 -0.0106383 -0.0243235
internal_weight=811.9 526.386 323.99 189.89 285.514 134.101 87.8659 38.4066 58.8295 202.396 127.26 37.5864 33.424 27.3923 49.4594 75.2714 75.1362 102.024 89.2465 12.7771 85.8729 80.6414 16.0294 11.513 40.0966 33.8069 17.5375 16.2693 204.873 102.288
internal_count=4906 2930 1691 963 1976 728 510 220 310 1239 748 193 173 143 290 418 491 453 387 66 371 708 76 48 259 204 104 100 1268 768
is_linear=0
shrinkage=0.1


Tree=16
num_leaves=31
num_cat=0
split_feature=7 12 5 11 16 60 83 31 54 0 47 11 26 140 0 94 33 0 9 0 5 6 1 54 0 0 73 1 64 68
split_gain=14.5132 11.0685 6.63168 7.59572 6.57137 11.9159 7.10548 6.74339 7.09101 6.80303 5.47777 4.92177 4.91772 4.7896 4.68065 4.40048 4.33944 4.17236 4.16359 5.23078 5.17781 4.40669 3.99576 3.86492 3.78495 3.63429 3.52303 4.07403 4.13655 3.47973
threshold=1.0000000180025095e-35 1.0000000180025095e-35 1.0000000180025095e-35 1.0000000180025095e-35 1.0000000180025095e-35 1.0000000180025095e-35 1.0000000180025095e-35 1.0000000180025095e-35 1.0000000180025095e-35 9.5071868896484393 1.0000000180025095e-35 1.0000000180025095e-35 1.0000000180025095e-35 1.0000000180025095e-35 14.205338954925539 1.0000000180025095e-35 1.0000000180025095e-35 5.0171115398406991 1.0000000180025095e-35 13.726214885711672 1.0000000180025095e-35 1.0000000180025095e-35 -0.14092326164245603 1.0000000180025095e-35 9.0704994201660174 3.2429842948913579 1.0000000180025095e-35 -0.35188987851142878 1.0000000180025095e-35 1.0000000180025095e-35
decision_type=2 2 2 2 2 2 2 2 2 2 2 2 2 2 2 2 2 2 2 2 2 2 2 2 2 2 2 2 2 2
left_child=1 4 3 22 5 -1 7 9 12 -6 -11 18 -9 23 16 17 -8 -5 19 20 -3 -21 -2 -7 -15 -4 27 -19 -29 -28
right_child=2 11 25 15 6 13 14 8 -10 10 -12 -13 -14 24 -16 -17 -18 26 -20 21 -22 -23 -24 -25 -26 -27 29 28 -30 -31
leaf_value=0.0013494524086308194 -0.10176179425374843 -0.073505891332863824 -0.064668840335430119 -0.073415826503650541 -0.05644785279615544 0.089395837639244302 0.052669641903751646 -0.013522628059562012 -0.031359288257829743 0.016184797156989224 -0.10643134314440846 0.0068260802430234165 0.11803084018773896 0.018420805385832243 0.14451513823989187 0.058065868592242866 -0.061157085780788517 0.11052994708740436 -0.049761868460172831 -0.0082614468760972264 -0.0015974873810330453 0.084104756699205946 -0.044714857549866191 0.035460497795652406 0.12875196632030186 0.0007854812122175584 -0.06673005269339892 -0.014623141370273124 0.096194306698821577 0.02357169557497106
leaf_weight=78.332403495907784 17.61333654820919 16.068013861775398 9.0756553262472135 13.147673703730105 35.050397664308548 15.601165249943731 16.97434729337693 3.9313289374113074 9.1474050059914589 36.151377812027931 4.0517568662762633 97.475460216403008 10.251095287501812 4.1419612541794804 4.3130972683429709 7.5099417120218268 4.1725207716226569 3.4107510000467292 39.991426564753056 11.760124161839485 26.574907213449478 9.2106071934103966 40.53506925702095 89.529268376529217 12.471399724483488 129.87600078433752 16.57684721052647 33.886912167072296 3.7401600629091254 5.7466374933719626
leaf_count=415 274 194 71 99 236 75 91 26 50 179 22 460 53 20 20 37 21 22 317 68 153 47 446 428 55 698 101 184 18 26
internal_value=-0.000687771 0.00912771 -0.0190255 -0.03421 0.0205621 0.0317737 0.00247847 -0.00968443 0.0372882 -0.0242467 0.00382728 -0.00930333 0.0815646 0.0513492 0.0495744 -0.0149806 0.0302103 -0.0221507 -0.0244785 -0.00858379 -0.0286928 0.0323069 -0.0619946 0.0434644 0.101245 -0.00348968 -0.011513 0.00587846 -0.0036078 -0.0434841
internal_weight=806.319 525.2 281.119 142.167 324.12 200.076 124.043 98.5834 23.3298 75.2535 40.2031 201.081 14.1824 121.744 25.46 84.0189 21.1469 76.509 103.605 63.6137 42.6429 20.9707 58.1484 105.13 16.6134 138.952 63.3613 41.0378 37.6271 22.3235
internal_count=4906 2930 1976 1207 1691 993 698 566 129 437 201 1239 79 578 132 487 112 450 779 462 347 115 720 503 75 769 351 224 202 127
is_linear=0
shrinkage=0.1


Tree=17
num_leaves=31
num_cat=0
split_feature=11 5 0 262 0 5 0 10 153 0 12 101 102 84 8 99 72 80 69 16 0 65 16 61 6 55 9 8 54 12
split_gain=12.3815 12.4241 7.64941 5.87249 5.71099 5.18599 4.94932 5.28187 4.59518 4.2931 4.21814 9.12226 6.32225 6.03118 4.22302 12.5029 4.21064 4.01465 5.88027 3.90709 5.27143 4.87052 3.88848 4.23788 8.26828 4.67484 3.87163 3.62148 4.58363 7.36839
threshold=1.0000000180025095e-35 1.0000000180025095e-35 13.211498737335207 1.0000000180025095e-35 2.1683777570724492 1.0000000180025095e-35 15.585215568542482 1.0000000180025095e-35 1.0000000180025095e-35 16.661190986633304 1.0000000180025095e-35 1.0000000180025095e-35 1.0000000180025095e-35 1.0000000180025095e-35 1.0000000180025095e-35 1.0000000180025095e-35 1.0000000180025095e-35 1.0000000180025095e-35 1.0000000180025095e-35 1.0000000180025095e-35 14.109513759613039 1.0000000180025095e-35 1.0000000180025095e-35 1.0000000180025095e-35 1.0000000180025095e-35 1.0000000180025095e-35 1.0000000180025095e-35 1.0000000180025095e-35 1.0000000180025095e-35 1.0000000180025095e-35
decision_type=2 2 2 2 2 2 2 2 2 2 2 2 2 2 2 2 2 2 2 2 2 2 2 2 2 2 2 2 2 2
left_child=1 2 -1 4 -2 6 10 26 19 -9 11 12 14 22 17 -16 -4 18 -6 27 -21 -22 23 25 -25 -12 -8 -3 -29 -30
right_child=3 8 16 -5 5 -7 7 9 -10 -11 13 -13 -14 -15 15 -17 -18 -19 -20 20 21 -23 -24 24 -26 -27 -28 28 29 -31
leaf_value=-0.05188304977717878 -0.09385592875494253 0.021426150666316413 0.059139015882399538 -0.080712379227903502 0.019936301760102339 0.02798250892943387 0.037609101595795662 0.1416443208160178 0.1051001091165045 0.036648978759876237 0.020799355356694912 0.14483764599088608 -0.098679236803723744 -0.12952014395523304 -0.035080601103245006 0.10541342996055202 -0.017347797105022267 -0.054816990158086054 0.10655905340957428 -0.033426075408454936 0.054129348812003264 -0.052390498523343626 -0.044123651940655123 -0.0040130137053151814 0.15211670778021993 -0.060839702611395485 -0.051143243953168188 -0.040914030078609019 0.058486583092189653 -0.054748803607502276
leaf_weight=99.692782241851091 4.9486916139721862 91.287435591220856 8.3697877302765828 6.8114888519048682 53.977841340005398 162.92660987377167 13.754670083522798 6.8585132211446753 4.2001945227384558 9.0105716288089734 14.81452240049839 4.8016133457422248 5.6820704862475386 4.74266792833805 40.886360786855221 7.4954900592565528 51.382751137018204 5.7428702265024176 9.1677026748657209 59.268671788275242 15.431170240044596 5.9467803388833991 25.268544510006905 10.285597398877142 5.0608344674110404 13.321052238345146 7.6481049358844748 26.328455843031406 16.36968220770359 8.8551677167415637
leaf_count=1215 29 467 54 33 273 713 61 31 20 39 81 23 28 29 214 33 404 27 39 391 70 28 146 53 24 71 34 147 80 49
internal_value=-0.000668303 -0.0135183 -0.0349258 0.0113709 0.0129143 0.0142304 0.00483674 0.0383091 0.00147298 0.0820273 -0.00136247 0.00961827 0.0043376 -0.0204504 0.00932905 -0.0133148 -0.00663397 0.0252323 0.0325125 -0.00047458 -0.0180714 0.0244983 -0.0129264 0.00520318 0.0474743 -0.0178534 0.00589418 0.00946041 -0.0117278 0.0187354
internal_weight=800.339 387.133 159.445 413.206 406.394 401.446 238.519 37.2719 227.688 15.8691 201.247 127.754 122.952 73.4932 117.27 48.3819 59.7525 68.8884 63.1455 223.487 80.6466 21.378 68.7506 43.482 15.3464 28.1356 21.4028 142.841 51.5533 25.2248
internal_count=4906 2925 1673 1981 1948 1919 1206 165 1252 70 1041 637 614 404 586 247 458 339 312 1232 489 98 375 229 77 152 95 743 276 129
is_linear=0
shrinkage=0.1


Tree=18
num_leaves=31
num_cat=0
split_feature=7 12 9 5 26 5 26 71 1 8 15 16 67 100 35 40 8 64 151 16 80 14 13 73 0 0 81 0 97 23
split_gain=12.0804 8.32153 6.05442 6.75029 5.40449 5.32953 5.23276 6.25823 5.23239 3.87126 3.92493 6.35174 3.8526 5.85802 5.6546 5.21093 4.33853 4.19842 3.67669 3.63661 4.20505 5.41142 4.44824 8.91611 6.40075 4.48616 6.37374 4.16185 5.09568 6.34436
threshold=1.0000000180025095e-35 1.0000000180025095e-35 1.0000000180025095e-35 1.0000000180025095e-35 1.0000000180025095e-35 1.0000000180025095e-35 1.0000000180025095e-35 1.0000000180025095e-35 -0.23431439697742459 1.0000000180025095e-35 1.0000000180025095e-35 1.0000000180025095e-35 1.0000000180025095e-35 1.0000000180025095e-35 1.0000000180025095e-35 1.0000000180025095e-35 1.0000000180025095e-35 1.0000000180025095e-35 1.0000000180025095e-35 1.0000000180025095e-35 1.0000000180025095e-35 1.0000000180025095e-35 1.0000000180025095e-35 1.0000000180025095e-35 10.444900512695314 14.017796039581301 1.0000000180025095e-35 13.661875724792482 1.0000000180025095e-35 1.0000000180025095e-35
decision_type=2 2 2 2 2 2 2 2 2 2 2 2 2 2 2 2 2 2 2 2 2 2 2 2 2 2 2 2 2 2
left_child=1 2 3 6 5 -4 7 -1 -2 10 -8 -12 13 18 15 17 -16 -14 -10 27 21 22 23 -21 -25 26 -24 -3 29 -29
right_child=8 19 4 -5 -6 -7 9 -9 12 -11 11 -13 14 -15 16 -17 -18 -19 -20 20 -22 -23 25 24 -26 -27 -28 28 -30 -31
leaf_value=-0.054183565700555061 -0.041300915376024816 -0.0095119026840993215 0.051756589163736835 0.047261223512550375 -0.015922345346282091 -0.0086381405892290708 0.10133573069477267 0.029180157655824102 -0.026554374165330782 5.7239947347407367e-05 0.080819181555951081 -0.0479493302038876 0.0050883658706278416 0.083054470038009559 0.074061757862982636 -0.097964500908517591 -0.014566720572067933 -0.068911950931764471 -0.1309121983230995 -0.084807111480932229 0.05676897325902544 -0.069376984563336561 0.12065519917742054 -0.052631958732472166 0.11899344580882076 -0.03852444812560072 -0.042561544197153467 0.10762739118942299 0.1318872374473716 -0.0039360540323406679
leaf_weight=21.457918789237738 69.519649431109428 87.728906288743019 32.469270877540112 101.77357178926468 74.55869422852993 26.566442169249058 11.227810449898243 15.517565943300722 83.240094222128391 22.562875345349312 8.638550251722334 6.8827178925275811 74.597452200949192 4.76856905221939 16.70571131259203 6.1424645334482184 8.2513247057795542 8.5451135039329511 3.5187505334615699 15.16337763518095 5.6887485422193995 25.138747654855251 7.3156821914017218 3.948667299002409 4.8324438482522964 6.3480956479907027 3.555335994809866 6.2699100375175467 4.3568724542856208 27.25641268491745
leaf_count=144 661 555 188 453 418 122 64 76 526 138 44 44 491 27 99 36 57 55 24 103 36 178 47 31 29 36 31 30 20 143
internal_value=-0.000647424 0.00833066 0.0182529 0.0298163 0.00197512 0.0245786 0.00924059 -0.0191982 -0.0175822 0.0305648 0.0562979 0.0237183 -0.00956872 -0.0248558 0.00267883 -0.00908355 0.0447593 -0.00251714 -0.0307869 -0.00782067 -0.0257402 -0.0328195 -0.0104938 -0.0383704 0.0418174 0.0282708 0.0672756 0.00244943 0.0301492 0.0169279
internal_weight=794.548 519.259 321.655 188.061 133.594 59.0357 86.2874 36.9755 275.289 49.312 26.7491 15.5213 205.769 91.5274 114.242 89.285 24.957 83.1426 86.7588 197.603 71.9911 66.3024 41.1636 23.9445 8.78111 17.2191 10.871 125.612 37.8832 33.5263
internal_count=4906 2930 1691 963 728 310 510 220 1976 290 152 88 1315 577 738 582 156 546 550 1239 491 455 277 163 60 114 78 748 193 173
is_linear=0
shrinkage=0.1


Tree=19
num_leaves=31
num_cat=0
split_feature=11 5 0 262 0 139 104 231 16 0 134 8 54 0 104 23 8 14 99 15 14 16 8 54 12 7 9 0 22 6
split_gain=10.2113 10.1876 6.94815 4.94644 4.75065 4.14712 3.87804 3.86268 3.80184 7.39875 5.15582 4.73313 4.68415 5.46222 3.72818 3.6227 4.31694 5.65081 3.63836 4.41967 3.63458 3.27337 3.18264 4.2572 6.34477 3.36048 3.10691 4.91021 4.09658 3.33596
threshold=1.0000000180025095e-35 1.0000000180025095e-35 7.0266940593719491 1.0000000180025095e-35 2.1683777570724492 1.0000000180025095e-35 1.0000000180025095e-35 1.0000000180025095e-35 1.0000000180025095e-35 2.5407255887985234 1.0000000180025095e-35 1.0000000180025095e-35 1.0000000180025095e-35 15.132101058959963 1.0000000180025095e-35 1.0000000180025095e-35 1.0000000180025095e-35 1.0000000180025095e-35 1.0000000180025095e-35 1.0000000180025095e-35 1.0000000180025095e-35 1.0000000180025095e-35 1.0000000180025095e-35 1.0000000180025095e-35 1.0000000180025095e-35 1.0000000180025095e-35 1.0000000180025095e-35 14.109513759613039 1.0000000180025095e-35 1.0000000180025095e-35
decision_type=2 2 2 2 2 2 2 2 2 2 2 2 2 2 2 2 2 2 2 2 2 2 2 2 2 2 2 2 2 2
left_child=1 2 -1 4 -2 7 -4 8 10 -10 -6 -12 13 -11 21 -14 17 18 19 -17 -18 22 -3 -24 25 -25 27 28 -23 -29
right_child=3 14 6 -5 5 -7 -8 -9 9 12 11 -13 15 -15 -16 16 20 -19 -20 -21 -22 26 23 24 -26 -27 -28 29 -30 -31
leaf_value=-0.071975817829902353 -0.088626159536245752 0.018779114913216325 -0.024960877211113959 -0.075497803264518173 0.020877654744017888 0.04384917878650002 0.05876415681537444 0.082228870413745242 0.15914216828813443 -0.001983609360757665 0.0092509955086206852 -0.075313729039880095 0.047718095519453579 0.088708853020591186 0.065107161134843675 0.081806530487482543 -0.11339517279641771 -0.071786173273173867 -0.044381493529479399 -0.024411587689348604 -0.013198599921099891 -0.032448843638226206 -0.041811242597039749 0.088492319528721775 -0.052342819539798593 -0.0045364338205005029 -0.046365945846347505 -0.0071368163559578385 0.075915158780325731 0.096767184463339831
leaf_weight=34.239461500197649 4.6628116741776457 90.486146010458469 114.19510160759091 6.6080345734953871 206.37798576802015 39.055628061294556 5.8139048516750327 7.1650400534272185 2.6368473023176184 49.134095393121243 16.200668223202229 11.190405905246736 5.4623991400003424 7.6787472665309897 8.7447166219353658 9.3331480547785777 11.030532553792002 13.177487477660177 8.2739076316356677 6.7508483231067649 5.3890758901834479 34.532317891716957 25.041715212166309 10.177307069301607 8.7620758861303347 6.2784267589449874 25.810442052781582 5.5589455366134626 3.8806418180465689 6.9572015553712845
leaf_count=571 29 461 1061 33 973 187 41 33 15 249 84 61 24 33 39 45 54 65 37 34 25 226 144 45 50 34 173 25 26 29
internal_value=-0.000625146 -0.0124244 -0.0322413 0.0103211 0.0117265 0.0128996 -0.0209048 0.00954012 0.0080632 -0.00649797 0.0154673 -0.0252973 -0.0102558 0.0102743 0.00108723 -0.0298858 -0.0377424 -0.0190342 0.00950431 0.0372242 -0.0805097 -0.0014869 0.00757199 -0.0126051 0.0163971 0.0529987 -0.0181015 -0.00377738 -0.0215014 0.0506191
internal_weight=790.606 380.478 154.248 410.128 403.52 398.857 120.009 359.801 352.636 118.867 233.769 27.3911 116.23 56.8128 226.23 59.4174 53.955 37.5354 24.3579 16.084 16.4196 217.485 140.746 50.2595 25.2178 16.4557 76.7395 50.9291 38.413 12.5161
internal_count=4906 2925 1673 1981 1948 1919 1102 1732 1699 581 1118 145 566 282 1252 284 260 181 116 79 79 1213 734 273 129 79 479 306 252 54
is_linear=0
shrinkage=0.1


Tree=20
num_leaves=31
num_cat=0
split_feature=7 9 153 26 1 100 11 134 5 78 8 10 0 11 5 26 12 14 6 71 74 10 1 0 0 16 13 49 50 80
split_gain=9.85763 6.4647 6.84357 5.89274 5.74188 7.8976 5.70346 5.67464 5.42138 4.94291 6.52106 5.8577 4.74518 4.56601 5.15486 4.09385 4.63222 4.45108 5.16129 4.24296 4.14004 5.80901 3.82717 3.67982 6.04478 7.81884 3.62584 3.41025 5.57723 3.72633
threshold=1.0000000180025095e-35 1.0000000180025095e-35 1.0000000180025095e-35 1.0000000180025095e-35 -0.38535249233245844 1.0000000180025095e-35 1.0000000180025095e-35 1.0000000180025095e-35 1.0000000180025095e-35 1.0000000180025095e-35 1.0000000180025095e-35 1.0000000180025095e-35 17.30732345581055 1.0000000180025095e-35 1.0000000180025095e-35 1.0000000180025095e-35 1.0000000180025095e-35 1.0000000180025095e-35 1.0000000180025095e-35 1.0000000180025095e-35 1.0000000180025095e-35 1.0000000180025095e-35 -0.14092326164245603 2.1683777570724492 2.960985660552979 1.0000000180025095e-35 1.0000000180025095e-35 1.0000000180025095e-35 1.0000000180025095e-35 1.0000000180025095e-35
decision_type=2 2 2 2 2 2 2 2 2 2 2 2 2 2 2 2 2 2 2 2 2 2 2 2 2 2 2 2 2 2
left_child=1 4 3 -3 7 8 -5 23 12 10 -8 -12 15 14 22 19 -17 26 -19 -6 21 -21 -2 -1 25 -25 -18 29 -29 -10
right_child=13 2 -4 6 5 -7 9 -9 27 -11 11 -13 -14 -15 -16 16 17 18 -20 20 -22 -23 -24 24 -26 -27 -28 28 -30 -31
leaf_value=-0.09974815058421288 -0.098643918202799011 0.009695364090569987 0.11732847488782755 -0.048544167822647623 -0.044841199617032451 -0.062634699299287735 0.01364445108474357 -0.072881158570372945 0.049281489865175665 0.096829269268220858 -0.11129094933565914 0.013040977219293809 0.083808797859192249 -0.0032900594369619494 -0.013714467244419699 0.047666720352389398 -0.017124854871680178 -0.11075155664218711 0.029166475515039286 0.12048798034941173 -0.030652960707478062 -0.019571029659498418 -0.037337939269553103 0.11893758732232021 -0.011305624265300327 -0.024493589180288308 0.086544212027537634 -0.080681348462349783 0.032960008783847992 0.13209286180623386
leaf_weight=3.2358847409486762 14.040886994451283 89.215000778436661 4.3648690208792678 52.678336448967457 24.492133539170027 10.16460010409355 33.406619191169739 11.561331585049627 65.264698132872581 4.6010722965002051 9.9393326491117495 6.1241062879562369 8.4541871622204763 137.91656641662121 81.962670184671879 33.760984882712364 7.5955808609724045 6.7794108353555202 4.314059916883707 6.4009953588247299 10.402245379984379 5.5106872916221619 37.060162618756294 9.5695224702358228 38.705669913440943 6.3045248240232459 6.0697259083390236 4.7763023823499671 45.069328397512436 5.9272533953189841
leaf_count=22 274 507 23 415 170 52 149 81 294 21 48 28 41 747 509 185 50 55 32 34 59 29 446 57 251 42 39 23 197 26
internal_value=-0.00060313 0.00752449 -0.00651473 -0.00927318 0.0164711 0.0236632 -0.025126 -0.00892534 0.0273988 -0.00231103 -0.0115318 -0.06389 0.0117271 -0.0160404 -0.0292557 0.00594132 0.0235732 -0.00928067 -0.0563398 -0.0161031 0.0154403 0.0556927 -0.0541828 0.00386384 0.0100067 0.0619726 0.0289219 0.0421309 0.0220707 0.0561761
internal_weight=785.669 514.688 200.329 195.964 314.359 244.982 106.749 69.3769 234.818 54.0711 49.4701 16.0634 113.78 270.98 133.064 105.326 58.5198 24.7588 11.0935 46.8061 22.3139 11.9117 51.101 57.8156 54.5797 15.874 13.6653 121.038 49.8456 71.192
internal_count=4906 2930 1191 1168 1739 1286 661 453 1234 246 225 76 694 1976 1229 653 361 176 87 292 122 63 720 372 350 99 89 540 220 320
is_linear=0
shrinkage=0.1


Tree=21
num_leaves=31
num_cat=0
split_feature=16 142 135 12 118 8 138 60 225 7 6 54 11 1 0 55 61 36 23 140 178 86 174 65 15 6 78 1 135 0
split_gain=8.36117 8.96904 7.01034 6.39249 6.41349 5.89155 6.56195 5.80031 4.63431 4.26666 7.70792 4.32838 4.23756 5.04261 4.02179 4.017 4.54578 4.00108 3.81651 3.80607 3.68774 3.61941 4.0535 5.16731 3.54972 5.82062 3.4366 8.49615 5.55432 7.30781
threshold=1.0000000180025095e-35 1.0000000180025095e-35 1.0000000180025095e-35 1.0000000180025095e-35 1.0000000180025095e-35 1.0000000180025095e-35 1.0000000180025095e-35 1.0000000180025095e-35 1.0000000180025095e-35 1.0000000180025095e-35 1.0000000180025095e-35 1.0000000180025095e-35 1.0000000180025095e-35 0.15917559713125232 2.2505134344100957 1.0000000180025095e-35 1.0000000180025095e-35 1.0000000180025095e-35 1.0000000180025095e-35 1.0000000180025095e-35 1.0000000180025095e-35 1.0000000180025095e-35 1.0000000180025095e-35 1.0000000180025095e-35 1.0000000180025095e-35 1.0000000180025095e-35 1.0000000180025095e-35 -0.45531979203224177 1.0000000180025095e-35 4.7049965858459482
decision_type=2 2 2 2 2 2 2 2 2 2 2 2 2 2 2 2 2 2 2 2 2 2 2 2 2 2 2 2 2 2
left_child=1 2 3 7 20 14 -7 -1 12 11 18 -9 13 17 -4 -16 -17 -2 -11 -13 -5 22 23 -15 25 -19 28 -28 29 -14
right_child=8 -3 5 4 -6 6 -8 9 -10 10 -12 19 26 21 15 16 -18 24 -20 -21 -22 -23 -24 -25 -26 -27 27 -29 -30 -31
leaf_value=-0.00098592410688650746 -0.061064029384371769 0.14497638145056602 -0.098347247247385389 -0.0059839425588007929 0.13026462600751049 -0.08782553373524539 0.059329714212643436 0.092611397708821763 0.082648461990490418 -0.06522366588787086 -0.028602060314022355 0.026368971944408862 -0.0822937348329221 0.021991703542468651 0.041401630190549848 -0.090160042520500888 0.021013552292572721 -0.030542223263214954 0.047310195374782121 0.083327589820131859 -0.10923799074437038 -0.059742173129262027 -0.085556697385037322 -0.060759852092611692 -0.058447481149698367 0.14394400871064891 0.045648236742103783 -0.12873330456037205 0.060761282640715224 0.0022057461560190022
leaf_weight=90.767279386520386 52.336337804794312 4.6779357455670825 3.8225719928741446 156.17396493628621 3.4131559059023848 19.82812532782555 3.5769190751016131 14.767689213156698 4.834510523825883 3.2713020592927924 29.192716982215643 82.527227498590946 11.384799681603907 45.027622371912003 18.265763629227877 6.6403936706483337 8.2441890761256218 4.4847894161939603 38.271114837378263 13.675668053328989 3.5373046770691863 12.17807801067829 5.0500265806913367 9.0650831609964353 5.9944505169987679 3.33237674087286 4.7889567539095879 6.7068866938352567 13.856692016124724 101.3216906785965
leaf_count=505 576 27 33 994 18 160 25 70 27 18 191 396 69 318 118 50 49 46 239 63 22 93 33 58 62 32 28 35 77 474
internal_value=-0.000584781 0.00715796 0.00585809 0.0102843 -0.00537216 -0.0260751 -0.0653363 0.0196576 -0.0144113 0.0299696 0.0107765 0.0422038 -0.0161143 -0.0285425 -0.00122158 0.00997799 -0.0285838 -0.0484297 0.0384486 0.0344659 -0.00827083 -0.0100976 0.000124739 0.00812385 -0.000554628 0.0438394 -0.00373934 -0.0560892 0.00101564 -0.00632978
internal_weight=781.016 500.653 495.975 435.597 163.124 60.378 23.405 272.473 280.362 181.706 70.7351 110.971 275.528 137.469 36.9729 33.1503 14.8846 66.148 41.5424 96.2029 159.711 71.3208 59.1427 54.0927 13.8116 7.81717 138.059 11.4958 126.563 112.706
internal_count=4906 2978 2951 2516 1034 435 185 1482 1928 977 448 529 1901 1218 250 217 99 716 257 459 1016 502 409 376 140 78 683 63 620 543
is_linear=0
shrinkage=0.1


Tree=22
num_leaves=31
num_cat=0
split_feature=7 141 9 153 26 11 1 100 0 5 94 1 55 68 64 5 0 67 82 6 0 49 11 1 83 12 26 71 83 8
split_gain=7.71093 5.57202 4.86944 5.51136 5.36239 4.47084 4.18482 6.12711 5.05874 4.00283 4.84703 4.42506 3.98342 7.61957 4.72777 3.72138 3.87382 3.73522 4.95 5.25041 4.40494 3.42125 7.91439 3.90329 4.65702 3.36234 3.90599 3.94194 3.30375 3.21289
threshold=1.0000000180025095e-35 1.0000000180025095e-35 1.0000000180025095e-35 1.0000000180025095e-35 1.0000000180025095e-35 1.0000000180025095e-35 -0.38535249233245844 1.0000000180025095e-35 5.0171115398406991 1.0000000180025095e-35 1.0000000180025095e-35 0.603315830230713 1.0000000180025095e-35 1.0000000180025095e-35 1.0000000180025095e-35 1.0000000180025095e-35 17.166323661804203 1.0000000180025095e-35 1.0000000180025095e-35 1.0000000180025095e-35 13.419575691223146 1.0000000180025095e-35 1.0000000180025095e-35 0.11171952262520791 1.0000000180025095e-35 1.0000000180025095e-35 1.0000000180025095e-35 1.0000000180025095e-35 1.0000000180025095e-35 1.0000000180025095e-35
decision_type=2 2 2 2 2 2 2 2 2 2 2 2 2 2 2 2 2 2 2 2 2 2 2 2 2 2 2 2 2 2
left_child=1 2 6 4 28 -6 8 15 -1 10 11 -2 13 -13 -14 16 25 21 19 -19 -21 23 -23 -17 -25 26 27 -8 -4 -7
right_child=9 -3 3 -5 5 29 7 -9 -10 -11 -12 12 14 -15 -16 17 -18 18 -20 20 -22 22 -24 24 -26 -27 -28 -29 -30 -31
leaf_value=0.0021610157338508092 -0.044527474416181843 0.086820122227671687 0.00047357729235623355 0.10224671337255253 -0.046349622665212142 0.012919491697779685 -0.047435393234228865 -0.057321044302305925 -0.07695975360193813 -0.0023824887071675965 0.031188028045204222 -0.050764241309789494 -0.052422221757616454 0.13522276492694763 0.057696003513034048 -0.020661870810382264 0.067929039107196248 0.013027215737996837 0.12479201744562843 0.10427226654802411 0.012843460154228329 -0.075370611423816875 0.049942677457870087 0.076842786411927932 -0.029823728511846427 -0.01828602181715323 0.041046921139752196 0.030981541674175495 0.055182382507918452 -0.039172606247822546
leaf_weight=57.769486974924803 87.915634669363499 8.5205720327794534 74.882180221378803 4.5072235763072959 50.490214139223099 34.930682197213173 13.641847513616085 9.9880626276135427 9.3951423391699773 136.52049614489079 12.943947523832319 3.8480197936296481 15.184285126626493 5.1518799215555191 5.2458365857601157 9.2014196366071683 10.330308757722376 30.105237290263176 8.0909784212708455 16.70960791409016 7.6968274414539328 10.746650755405426 9.4909194558858871 20.307116717100147 5.1263636350631705 41.340690918266773 34.01777420938015 12.09324336796999 12.946429684758185 17.911135420203209
leaf_count=376 877 46 428 23 412 156 90 52 71 769 110 27 116 37 40 42 49 138 35 75 33 51 40 89 22 299 185 61 71 86
internal_value=-0.000572459 0.00663102 0.00526919 -0.00705182 -0.00962889 -0.0250701 0.0131464 0.0193467 -0.00890658 -0.0143482 -0.0268861 -0.0332921 0.000271134 0.0557017 -0.0241472 0.0226921 0.00959989 0.03511 0.0518042 0.0409709 0.0754392 0.016064 -0.0166018 0.0351509 0.0553431 0.00363949 0.0188089 -0.0105863 0.00853796 -0.00473752
internal_weight=777.05 510.24 501.72 195.668 191.161 103.332 306.052 238.887 67.1646 266.81 130.29 117.346 29.43 8.9999 20.4301 228.899 111.424 117.475 62.6027 54.5117 24.4064 54.8725 20.2376 34.6349 25.4335 101.094 59.7529 25.7351 87.8286 52.8418
internal_count=4906 2930 2884 1176 1153 654 1708 1261 447 1976 1207 1097 220 64 156 1209 684 525 281 246 108 244 91 153 111 635 336 151 499 242
is_linear=0
shrinkage=0.1


Tree=23
num_leaves=31
num_cat=0
split_feature=16 142 135 12 118 8 138 60 54 105 1 0 9 94 0 98 55 61 88 79 14 1 0 14 10 1 61 11 78 0
split_gain=7.01694 6.32902 5.25505 5.06046 4.97579 4.9046 5.86885 4.71409 3.81015 3.8387 3.67634 3.49736 3.27884 3.73459 4.64638 4.55545 3.23067 3.85197 3.06883 3.06872 5.63686 3.02732 4.49278 5.14618 8.3369 5.66204 3.04554 4.46402 2.94069 2.92563
threshold=1.0000000180025095e-35 1.0000000180025095e-35 1.0000000180025095e-35 1.0000000180025095e-35 1.0000000180025095e-35 1.0000000180025095e-35 1.0000000180025095e-35 1.0000000180025095e-35 1.0000000180025095e-35 1.0000000180025095e-35 -0.4741805493831634 2.2505134344100957 1.0000000180025095e-35 1.0000000180025095e-35 9.9206023216247576 1.0000000180025095e-35 1.0000000180025095e-35 1.0000000180025095e-35 1.0000000180025095e-35 1.0000000180025095e-35 1.0000000180025095e-35 -0.65898546576499928 3.7686516046524052 1.0000000180025095e-35 1.0000000180025095e-35 -0.54627728462219227 1.0000000180025095e-35 1.0000000180025095e-35 1.0000000180025095e-35 9.2908968925476092
decision_type=2 2 2 2 2 2 2 2 2 2 2 2 2 2 2 2 2 2 2 2 2 2 2 2 2 2 2 2 2 2
left_child=1 2 3 7 12 11 -7 28 9 -2 -10 -4 13 15 -15 19 -13 -18 29 21 -21 -5 -23 25 -25 -24 27 -26 -1 -9
right_child=8 -3 5 4 -6 6 -8 18 10 -11 -12 16 -14 14 -16 -17 17 -19 -20 20 -22 22 23 24 26 -27 -28 -29 -30 -31
leaf_value=0.0039238691934422535 0.0030196290587001409 0.12024340408793613 -0.09437074699978118 0.090775462009610258 0.11271884314949238 -0.082582321209127063 0.056668102209614615 0.045953073677248463 -0.082556685356479975 -0.079781198621527744 -0.020026430123045325 0.03775307996524762 -0.026726821592837315 -0.049523040457664452 0.1151308563904308 -0.11549916652804143 -0.084519083038582132 0.019624668715958346 0.10864204549456671 -0.015128740934689286 0.15072493822590605 -0.086064944731399529 0.21789952833762807 -0.074369662754641006 0.15754368824744658 0.015178289235449338 -0.025958706796682759 -0.0047502756027715705 -0.066211273353390526 0.016980473258120035
leaf_weight=83.821912311017513 122.77588453143835 4.8491359800100318 3.5551518462598315 3.2412008270621291 3.5272347554564467 18.507952362298969 3.6183497309684745 47.793572846800089 10.093894820660351 5.8665890209376803 137.23385749012232 18.467634420841932 56.357076603919268 2.4118770658969861 5.9217340350151062 3.4297244548797599 6.2503967694938156 8.225170660763979 4.4790819697082034 4.525375518947838 3.7450888156890869 6.7155376113951197 1.4262152314186014 18.287226308137178 3.4225831888616103 40.555869359523065 4.955982256680727 3.3572962582111359 6.4374406039714804 128.72834724932909
leaf_count=462 890 27 33 27 18 160 25 298 102 40 896 118 377 17 31 20 50 49 26 25 23 54 11 120 26 239 30 16 43 653
internal_value=-0.000546518 0.0065578 0.00543679 0.00923987 -0.00475205 -0.0226618 -0.0598105 0.0175898 -0.0133309 -0.000756406 -0.0243106 -0.000141207 -0.00736866 0.00332757 0.0674774 -0.00238019 0.0100278 -0.0253435 0.026899 0.00191946 0.0599743 -0.00393863 -0.00783834 -0.00054256 -0.0321555 0.0220651 0.0336241 0.0771781 -0.00107828 0.0248248
internal_weight=772.584 496.614 491.765 433.14 161.88 58.6247 22.1263 271.26 275.97 128.642 147.328 36.4984 158.353 101.996 8.33361 93.6621 32.9432 14.4756 181.001 90.2324 8.27046 81.9619 78.7207 72.0052 30.0231 41.9821 11.7359 6.77988 90.2594 176.522
internal_count=4906 2978 2951 2516 1034 435 185 1482 1928 930 998 250 1016 639 48 591 217 99 977 571 48 523 496 442 192 250 72 42 505 951
is_linear=0
shrinkage=0.1


Tree=24
num_leaves=31
num_cat=0
split_feature=7 9 153 5 100 11 11 5 128 16 1 1 0 63 12 41 8 83 16 0 22 10 1 134 21 73 14 74 83 32
split_gain=6.40734 4.34975 4.32735 4.00913 4.9016 3.99746 3.91487 4.10902 3.68444 3.813 4.53668 3.55051 3.47186 3.72281 3.34977 3.95893 3.31637 4.1062 3.21794 5.19172 6.37099 4.82036 4.24146 3.61793 3.77402 3.45379 3.20594 3.24831 3.76555 7.28461
threshold=1.0000000180025095e-35 1.0000000180025095e-35 1.0000000180025095e-35 1.0000000180025095e-35 1.0000000180025095e-35 1.0000000180025095e-35 1.0000000180025095e-35 1.0000000180025095e-35 1.0000000180025095e-35 1.0000000180025095e-35 -0.50079855322837818 -0.14092326164245603 17.30732345581055 1.0000000180025095e-35 1.0000000180025095e-35 1.0000000180025095e-35 1.0000000180025095e-35 1.0000000180025095e-35 1.0000000180025095e-35 3.5414099693298344 1.0000000180025095e-35 1.0000000180025095e-35 -0.22138565033674237 1.0000000180025095e-35 1.0000000180025095e-35 1.0000000180025095e-35 1.0000000180025095e-35 1.0000000180025095e-35 1.0000000180025095e-35 1.0000000180025095e-35
decision_type=2 2 2 2 2 2 2 2 2 2 2 2 2 2 2 2 2 2 2 2 2 2 2 2 2 2 2 2 2 2
left_child=1 3 5 4 12 8 7 11 9 10 -3 -2 13 18 -5 -16 -9 -18 19 21 22 -1 -21 24 -20 -26 27 28 29 -7
right_child=6 2 -4 14 -6 26 -8 16 -10 -11 -12 -13 -14 -15 15 -17 17 -19 23 20 -22 -23 -24 -25 25 -27 -28 -29 -30 -31
leaf_value=0.15542590815015048 -0.096433228470345411 0.1186875680037518 0.090017269646084253 0.03555297993194842 -0.10857121281301887 -0.042976579567671827 -0.0013431745428223131 0.0014007884170564374 -0.096884503496796434 -0.04511391351638204 -0.0084184404802347072 -0.033244253707414968 0.066243921275894097 0.076411029082358251 -0.0024318756016250111 0.076077339681710945 -0.062439383489384548 0.04122146882420423 -0.042557248562275836 -0.038267627279972169 -0.12040926686573016 0.0009251870317066081 0.022653429512042543 0.059912442265034276 0.11500614383802395 -0.038233446031552647 -0.015876607335536957 0.051208828323107886 0.070808987616230931 0.069095652264154192
leaf_weight=4.4403903447091562 11.88521673157811 2.9630002193152896 4.6225220784544936 100.18930214643478 3.9490361213684073 21.471322111785415 135.91629686206579 56.168619342148304 6.227171402424573 31.627180136740208 53.699221163988113 35.310408003628254 8.5255428031086904 6.1468612998723975 57.39994989335537 7.2322572916746131 19.947985306382183 4.7267732396721831 39.831430818885565 14.913263674825421 4.0845055729150763 3.7037708014249802 48.904750086367137 4.7827455177903166 3.1346652247011653 2.770946878939867 38.945087045431137 22.264100477099419 6.6127578467130652 7.9461503177881232
leaf_count=30 274 29 23 453 27 102 747 349 75 282 342 446 41 35 292 33 136 24 288 113 30 29 279 47 26 16 176 97 30 35
internal_value=-0.00053145 0.00605301 -0.00559176 0.0134295 0.00131296 -0.00789654 -0.0131635 -0.025711 -0.0225414 -0.0172979 -0.00177177 -0.0491571 0.00438532 0.000411503 0.0241027 0.0063532 -0.0120234 -0.0425818 -0.00327951 0.00971681 0.00066791 0.0851627 0.00841714 -0.0228427 -0.0314964 0.0431053 0.00633823 0.0211794 0.00262344 -0.012704
internal_weight=770.343 506.388 196.379 310.009 145.188 191.756 263.955 128.039 94.5166 88.2894 56.6622 47.1956 141.239 132.713 164.822 64.6322 80.8434 24.6748 126.566 76.0467 67.9025 8.14416 63.818 50.5198 45.737 5.90561 97.2394 58.2943 36.0302 29.4175
internal_count=4906 2930 1191 1739 961 1168 1976 1229 728 653 371 720 934 893 778 325 509 160 858 481 422 59 392 377 330 42 440 264 167 137
is_linear=0
shrinkage=0.1


end of trees

feature_importances:
Column_0=110
Column_5=54
Column_12=49
Column_16=49
Column_7=45
Column_1=39
Column_11=31
Column_8=28
Column_9=26
Column_61=14
Column_83=14
Column_6=12
Column_73=12
Column_14=10
Column_26=10
Column_10=8
Column_42=8
Column_54=8
Column_60=8
Column_68=8
Column_94=8
Column_104=8
Column_15=7
Column_40=7
Column_55=6
Column_64=6
Column_71=6
Column_81=6
Column_23=5
Column_78=5
Column_80=5
Column_97=5
Column_127=5
Column_36=4
Column_49=4
Column_53=4
Column_67=4
Column_99=4
Column_100=4
Column_130=4
Column_134=4
Column_139=4
Column_140=4
Column_153=4
Column_13=3
Column_21=3
Column_22=3
Column_31=3
Column_32=3
Column_35=3
Column_39=3
Column_65=3
Column_72=3
Column_74=3
Column_132=3
Column_135=3
Column_24=2
Column_33=2
Column_34=2
Column_41=2
Column_45=2
Column_47=2
Column_62=2
Column_84=2
Column_86=2
Column_118=2
Column_138=2
Column_142=2
Column_167=2
Column_262=2
Column_50=1
Column_51=1
Column_63=1
Column_69=1
Column_70=1
Column_79=1
Column_82=1
Column_88=1
Column_98=1
Column_101=1
Column_102=1
Column_105=1
Column_128=1
Column_133=1
Column_141=1
Column_151=1
Column_174=1
Column_178=1
Column_225=1
Column_231=1

parameters:
[boosting: gbdt]
[objective: binary]
[metric: binary_logloss]
[tree_learner: serial]
[device_type: cpu]
[data_sample_strategy: bagging]
[data: ]
[valid: ]
[num_iterations: 300]
[learning_rate: 0.1]
[num_leaves: 31]
[num_threads: 0]
[seed: 0]
[deterministic: 0]
[force_col_wise: 0]
[force_row_wise: 0]
[histogram_pool_size: -1]
[max_depth: -1]
[min_data_in_leaf: 20]
[min_sum_hessian_in_leaf: 0.001]
[bagging_fraction: 1]
[pos_bagging_fraction: 1]
[neg_bagging_fraction: 1]
[bagging_freq: 0]
[bagging_seed: 7719]
[bagging_by_query: 0]
[feature_fraction: 1]
[feature_fraction_bynode: 1]
[feature_fraction_seed: 2437]
[extra_trees: 0]
[extra_seed: 11797]
[early_stopping_round: 0]
[early_stopping_min_delta: 0]
[first_metric_only: 0]
[max_delta_step: 0]
[lambda_l1: 0]
[lambda_l2: 0]
[linear_lambda: 0]
[min_gain_to_split: 0]
[drop_rate: 0.1]
[max_drop: 50]
[skip_drop: 0.5]
[xgboost_dart_mode: 0]
[uniform_drop: 0]
[drop_seed: 21238]
[top_rate: 0.2]
[other_rate: 0.1]
[min_data_per_group: 100]
[max_cat_threshold: 32]
[cat_l2: 10]
[cat_smooth: 10]
[max_cat_to_onehot: 4]
[top_k: 20]
[monotone_constraints: ]
[monotone_constraints_method: basic]
[monotone_penalty: 0]
[feature_contri: ]
[forcedsplits_filename: ]
[refit_decay_rate: 0.9]
[cegb_tradeoff: 1]
[cegb_penalty_split: 0]
[cegb_penalty_feature_lazy: ]
[cegb_penalty_feature_coupled: ]
[path_smooth: 0]
[interaction_constraints: ]
[verbosity: -1]
[saved_feature_importance_type: 0]
[use_quantized_grad: 0]
[num_grad_quant_bins: 4]
[quant_train_renew_leaf: 0]
[stochastic_rounding: 1]
[linear_tree: 0]
[max_bin: 255]
[max_bin_by_feature: ]
[min_data_in_bin: 3]
[bin_construct_sample_cnt: 200000]
[data_random_seed: 38]
[is_enable_sparse: 1]
[enable_bundle: 1]
[use_missing: 1]
[zero_as_missing: 0]
[feature_pre_filter: 1]
[pre_partition: 0]
[two_round: 0]
[header: 0]
[label_column: ]
[weight_column: ]
[group_column: ]
[ignore_column: ]
[categorical_feature: ]
[forcedbins_filename: ]
[precise_float_parser: 0]
[parser_config_file: ]
[objective_seed: 8855]
[num_class: 1]
[is_unbalance: 0]
[scale_pos_weight: 1]
[sigmoid: 1]
[boost_from_average: 1]
[reg_sqrt: 0]
[alpha: 0.9]
[fair_c: 1]
[poisson_max_delta_step: 0.7]
[tweedie_variance_power: 1.5]
[lambdarank_truncation_level: 30]
[lambdarank_norm: 1]
[label_gain: ]
[lambdarank_position_bias_regularization: 0]
[eval_at: ]
[multi_error_top_k: 1]
[auc_mu_weights: ]
[num_machines: 1]
[local_listen_port: 12400]
[time_out: 120]
[machine_list_filename: ]
[machines: ]
[gpu_platform_id: -1]
[gpu_device_id: -1]
[gpu_device_id_list: ]
[gpu_use_dp: 0]
[num_gpu: 1]

end of parameters

pandas_categorical:null
