tree
version=v4
num_class=1
num_tree_per_iteration=1
label_index=0
max_feature_idx=567
objective=binary sigmoid:1
feature_names=Column_0 Column_1 Column_2 Column_3 Column_4 Column_5 Column_6 Column_7 Column_8 Column_9 Column_10 Column_11 Column_12 Column_13 Column_14 Column_15 Column_16 Column_17 Column_18 Column_19 Column_20 Column_21 Column_22 Column_23 Column_24 Column_25 Column_26 Column_27 Column_28 Column_29 Column_30 Column_31 Column_32 Column_33 Column_34 Column_35 Column_36 Column_37 Column_38 Column_39 Column_40 Column_41 Column_42 Column_43 Column_44 Column_45 Column_46 Column_47 Column_48 Column_49 Column_50 Column_51 Column_52 Column_53 Column_54 Column_55 Column_56 Column_57 Column_58 Column_59 Column_60 Column_61 Column_62 Column_63 Column_64 Column_65 Column_66 Column_67 Column_68 Column_69 Column_70 Column_71 Column_72 Column_73 Column_74 Column_75 Column_76 Column_77 Column_78 Column_79 Column_80 Column_81 Column_82 Column_83 Column_84 Column_85 Column_86 Column_87 Column_88 Column_89 Column_90 Column_91 Column_92 Column_93 Column_94 Column_95 Column_96 Column_97 Column_98 Column_99 Column_100 Column_101 Column_102 Column_103 Column_104 Column_105 Column_106 Column_107 Column_108 Column_109 Column_110 Column_111 Column_112 Column_113 Column_114 Column_115 Column_116 Column_117 Column_118 Column_119 Column_120 Column_121 Column_122 Column_123 Column_124 Column_125 Column_126 Column_127 Column_128 Column_129 Column_130 Column_131 Column_132 Column_133 Column_134 Column_135 Column_136 Column_137 Column_138 Column_139 Column_140 Column_141 Column_142 Column_143 Column_144 Column_145 Column_146 Column_147 Column_148 Column_149 Column_150 Column_151 Column_152 Column_153 Column_154 Column_155 Column_156 Column_157 Column_158 Column_159 Column_160 Column_161 Column_162 Column_163 Column_164 Column_165 Column_166 Column_167 Column_168 Column_169 Column_170 Column_171 Column_172 Column_173 Column_174 Column_175 Column_176 Column_177 Column_178 Column_179 Column_180 Column_181 Column_182 Column_183 Column_184 Column_185 Column_186 Column_187 Column_188 Column_189 Column_190 Column_191 Column_192 Column_193 Column_194 Column_195 Column_196 Column_197 Column_198 Column_199 Column_200 Column_201 Column_202 Column_203 Column_204 Column_205 Column_206 Column_207 Column_208 Column_209 Column_210 Column_211 Column_212 Column_213 Column_214 Column_215 Column_216 Column_217 Column_218 Column_219 Column_220 Column_221 Column_222 Column_223 Column_224 Column_225 Column_226 Column_227 Column_228 Column_229 Column_230 Column_231 Column_232 Column_233 Column_234 Column_235 Column_236 Column_237 Column_238 Column_239 Column_240 Column_241 Column_242 Column_243 Column_244 Column_245 Column_246 Column_247 Column_248 Column_249 Column_250 Column_251 Column_252 Column_253 Column_254 Column_255 Column_256 Column_257 Column_258 Column_259 Column_260 Column_261 Column_262 Column_263 Column_264 Column_265 Column_266 Column_267 Column_268 Column_269 Column_270 Column_271 Column_272 Column_273 Column_274 Column_275 Column_276 Column_277 Column_278 Column_279 Column_280 Column_281 Column_282 Column_283 Column_284 Column_285 Column_286 Column_287 Column_288 Column_289 Column_290 Column_291 Column_292 Column_293 Column_294 Column_295 Column_296 Column_297 Column_298 Column_299 Column_300 Column_301 Column_302 Column_303 Column_304 Column_305 Column_306 Column_307 Column_308 Column_309 Column_310 Column_311 Column_312 Column_313 Column_314 Column_315 Column_316 Column_317 Column_318 Column_319 Column_320 Column_321 Column_322 Column_323 Column_324 Column_325 Column_326 Column_327 Column_328 Column_329 Column_330 Column_331 Column_332 Column_333 Column_334 Column_335 Column_336 Column_337 Column_338 Column_339 Column_340 Column_341 Column_342 Column_343 Column_344 Column_345 Column_346 Column_347 Column_348 Column_349 Column_350 Column_351 Column_352 Column_353 Column_354 Column_355 Column_356 Column_357 Column_358 Column_359 Column_360 Column_361 Column_362 Column_363 Column_364 Column_365 Column_366 Column_367 Column_368 Column_369 Column_370 Column_371 Column_372 Column_373 Column_374 Column_375 Column_376 Column_377 Column_378 Column_379 Column_380 Column_381 Column_382 Column_383 Column_384 Column_385 Column_386 Column_387 Column_388 Column_389 Column_390 Column_391 Column_392 Column_393 Column_394 Column_395 Column_396 Column_397 Column_398 Column_399 Column_400 Column_401 Column_402 Column_403 Column_404 Column_405 Column_406 Column_407 Column_408 Column_409 Column_410 Column_411 Column_412 Column_413 Column_414 Column_415 Column_416 Column_417 Column_418 Column_419 Column_420 Column_421 Column_422 Column_423 Column_424 Column_425 Column_426 Column_427 Column_428 Column_429 Column_430 Column_431 Column_432 Column_433 Column_434 Column_435 Column_436 Column_437 Column_438 Column_439 Column_440 Column_441 Column_442 Column_443 Column_444 Column_445 Column_446 Column_447 Column_448 Column_449 Column_450 Column_451 Column_452 Column_453 Column_454 Column_455 Column_456 Column_457 Column_458 Column_459 Column_460 Column_461 Column_462 Column_463 Column_464 Column_465 Column_466 Column_467 Column_468 Column_469 Column_470 Column_471 Column_472 Column_473 Column_474 Column_475 Column_476 Column_477 Column_478 Column_479 Column_480 Column_481 Column_482 Column_483 Column_484 Column_485 Column_486 Column_487 Column_488 Column_489 Column_490 Column_491 Column_492 Column_493 Column_494 Column_495 Column_496 Column_497 Column_498 Column_499 Column_500 Column_501 Column_502 Column_503 Column_504 Column_505 Column_506 Column_507 Column_508 Column_509 Column_510 Column_511 Column_512 Column_513 Column_514 Column_515 Column_516 Column_517 Column_518 Column_519 Column_520 Column_521 Column_522 Column_523 Column_524 Column_525 Column_526 Column_527 Column_528 Column_529 Column_530 Column_531 Column_532 Column_533 Column_534 Column_535 Column_536 Column_537 Column_538 Column_539 Column_540 Column_541 Column_542 Column_543 Column_544 Column_545 Column_546 Column_547 Column_548 Column_549 Column_550 Column_551 Column_552 Column_553 Column_554 Column_555 Column_556 Column_557 Column_558 Column_559 Column_560 Column_561 Column_562 Column_563 Column_564 Column_565 Column_566 Column_567
feature_infos=[2.0013689994812012:17.993154525756836] [-0.7776256799697876:0.99923950433731079] none none none [0:1] [0:1] [0:1] [0:1] [0:1] [0:1] [0:1] [0:1] [0:1] [0:1] [0:1] [0:1] [0:1] [0:1] [0:1] [0:1] [0:1] [0:1] [0:1] [0:1] [0:1] [0:1] [0:1] [0:1] [0:1] [0:1] [0:1] [0:1] [0:1] [0:1] [0:1] [0:1] [0:1] [0:1] [0:1] [0:1] [0:1] [0:1] [0:1] [0:1] [0:1] [0:1] [0:1] [0:1] [0:1] [0:1] [0:1] [0:1] [0:1] [0:1] [0:1] [0:1] [0:1] [0:1] [0:1] [0:1] [0:1] [0:1] [0:1] [0:1] [0:1] [0:1] [0:1] [0:1] [0:1] [0:1] [0:1] [0:1] [0:1] [0:1] [0:1] [0:1] [0:1] [0:1] [0:1] [0:1] [0:1] [0:1] [0:1] [0:1] [0:1] [0:1] [0:1] [0:1] [0:1] [0:1] [0:1] [0:1] [0:1] [0:1] [0:1] [0:1] [0:1] [0:1] [0:1] [0:1] [0:1] [0:1] [0:1] [0:1] [0:1] [0:1] [0:1] [0:1] none none none none [0:1] [0:1] none [0:1] none [0:1] none none [0:1] none none none none [0:1] [0:1] [0:1] [0:1] [0:1] none [0:1] [0:1] [0:1] [0:1] none [0:1] [0:1] [0:1] [0:1] [0:1] [0:1] [0:1] [0:1] [0:1] [0:1] [0:1] [0:1] [0:1] [0:1] [0:1] [0:1] [0:1] [0:1] [0:1] [0:1] none none none none none none none none none none [0:1] [0:1] none none none none none [0:1] [0:1] [0:1] [0:1] [0:1] [0:1] [0:1] [0:1] [0:1] [0:1] [0:1] [0:1] [0:1] [0:1] [0:1] [0:1] [0:1] [0:1] [0:1] [0:1] [0:1] [0:1] [0:1] [0:1] [0:1] [0:1] [0:1] [0:1] none none [0:1] [0:1] [0:1] none [0:1] [0:1] [0:1] [0:1] [0:1] none [0:1] none none [0:1] none [0:1] [0:1] [0:1] [0:1] [0:1] [0:1] [0:1] [0:1] [0:1] [0:1] [0:1] [0:1] [0:1] [0:1] [0:1] [0:1] [0:1] [0:1] [0:1] [0:1] [0:1] [0:1] [0:1] [0:1] [0:1] none none none none none none none none none none none none none none none none none [0:1] [0:1] [0:1] [0:1] [0:1] [0:1] [0:1] [0:1] [0:1] [0:1] none [0:1] [0:1] [0:1] [0:1] none [0:1] [0:1] none none none [0:1] [0:1] none none none none none [0:1] [0:1] [0:1] [0:1] [0:1] [0:1] [0:1] none none none [0:1] none [0:1] [0:1] [0:1] none [0:1] [0:1] [0:1] [0:1] none none [0:1] [0:1] none none none none [0:1] [0:1] none none none [0:1] none none [0:1] [0:1] none none [0:1] [0:1] none none none none none none none none none none none none none none none none none none none none none none none none none none none none none none none none none none none none none none none none none none none none none none none none none none none none none none none none none none none none none none none none none none none none none none none none none none none none none none none none none none none none none none none none none none none none none none none none none none none none none none none none none none none none none none none none none none none none none none none none none none none none none none none none none none none none none none none none none none none none none none none none none none none none none none none none none none none none none none none none none none none none none none none none none none none none none none none none none none none none none none none none none none none none none none none none none none none none none none none none none none none none none none none none none none none none none none none none none none none none none none none none none none none none none none none none none none none none none
tree_sizes=3387 3429 3466 3459 3461 3464 3446 3473 3485 3470 3465 3487 3485 3483 3496 3493 3472 3483 3478 3466 3468 3467 3491 3488 3503 3497 3503 3479 3490 3490 3493 3483

Tree=0
num_leaves=31
num_cat=0
split_feature=1 5 6 6 11 11 0 6 5 0 12 12 8 11 11 0 50 0 8 0 11 12 16 0 0 5 11 0 12 16
split_gain=490.476 341.118 206.633 118.917 67.424 50.6748 41.8724 39.7742 26.9679 25.9958 25.692 21.9772 22.7294 26.0355 18.9079 18.8153 15.0267 13.5705 17.9512 13.2018 11.7449 11.5906 10.9415 10.8395 9.96744 9.72138 9.40907 17.7656 9.15126 8.88704
threshold=-0.11521788686513899 1.0000000180025095e-35 1.0000000180025095e-35 1.0000000180025095e-35 1.0000000180025095e-35 1.0000000180025095e-35 12.510609149932863 1.0000000180025095e-35 1.0000000180025095e-35 4.7049965858459482 1.0000000180025095e-35 1.0000000180025095e-35 1.0000000180025095e-35 1.0000000180025095e-35 1.0000000180025095e-35 4.9609856605529794 1.0000000180025095e-35 5.07460641860962 1.0000000180025095e-35 7.0814509391784677 1.0000000180025095e-35 1.0000000180025095e-35 1.0000000180025095e-35 7.1540040969848642 6.0177960395812997 1.0000000180025095e-35 1.0000000180025095e-35 9.6605067253112811 1.0000000180025095e-35 1.0000000180025095e-35
decision_type=2 2 2 2 2 2 2 2 2 2 2 2 2 2 2 2 2 2 2 2 2 2 2 2 2 2 2 2 2 2
left_child=1 2 11 5 9 10 7 8 -2 22 17 -1 -13 16 -9 -5 -14 18 -3 -12 -17 29 -4 -7 -22 -8 27 -10 -6 -11
right_child=6 3 4 15 28 23 25 14 26 21 19 12 13 -15 -16 20 -18 -19 -20 -21 24 -23 -24 -25 -26 -27 -28 -29 -30 -31
leaf_value=-1.222989832874962 -1.2046666065905882 -0.98064595158942125 -0.7795017620501824 -0.73503519565236364 -1.1269862099440831 -1.0460574389429464 -1.2090407481452612 -1.0559720025504757 -0.99799623263212933 -0.96899277775476655 -0.7996386943445597 -1.1921894851582691 -0.92978032690064694 -1.2051790003774088 -1.1473447302350483 -0.80198582983863131 -1.1605275418116159 -1.033486940343779 -0.77950176205018229 -0.99734675687117236 -1.0622943329668713 -0.89308880577018213 -0.91396067400254211 -1.2026274884593635 -0.85289438934798012 -1.1721846401547464 -1.1667100514591873 -1.1418414692353429 -1.0301854189420314 -1.1038305734931904
leaf_weight=67.000425234436989 91.075786948204041 13.064149767160417 13.437411189079285 30.047544464468956 23.702100291848183 28.741129487752914 172.63340763747692 63.267811015248299 13.997303321957586 12.504257634282112 19.036332517862323 32.847005128860474 11.571104079484938 8.3983819931745529 35.273204371333122 17.543286830186844 3.7326142191886911 17.356656119227409 6.7187055945396414 4.1058756411075583 3.9192449301481265 10.637950524687769 11.011211946606636 5.2256599068641654 5.4122906178236008 122.2431156784296 24.261992424726486 22.209054604172707 16.610133275389671 8.0251205712556839
leaf_count=359 488 70 72 161 127 154 925 339 75 67 102 176 62 45 189 94 20 93 36 22 21 57 59 28 29 655 130 119 89 43
internal_value=-1.10787 -1.01913 -1.09874 -0.903534 -0.988628 -0.972461 -1.16823 -1.13814 -1.17029 -0.917252 -0.917419 -1.18424 -1.13833 -1.0637 -1.08868 -0.789408 -0.98606 -0.968953 -0.912333 -0.834716 -0.8502 -0.977804 -0.84006 -1.07015 -0.940842 -1.19376 -1.11852 -1.08623 -1.0871 -1.0217
internal_weight=915.61 370.649 219.478 151.171 95.9282 94.2485 544.962 250.085 151.544 55.616 60.2817 123.55 56.5491 23.7021 98.541 56.9224 15.3037 37.1395 19.7829 23.1422 26.8748 31.1673 24.4486 33.9668 9.33154 294.877 60.4684 36.2064 40.3122 20.5294
internal_count=4906 1986 1176 810 514 505 2920 1340 812 298 323 662 303 127 528 305 82 199 106 124 144 167 131 182 50 1580 324 194 216 110
is_linear=0
shrinkage=1


Tree=1
num_leaves=31
num_cat=0
split_feature=1 5 6 6 11 0 11 6 5 12 11 8 12 12 11 0 0 14 129 0 5 0 8 139 108 0 31 11 0 5
split_gain=388.964 237.859 163.144 70.4525 46.187 37.2381 34.1682 33.592 23.9292 19.9913 19.9201 21.8819 16.5234 15.5463 15.0751 9.98913 9.61985 11.1164 9.29921 9.25998 9.05989 8.93795 10.6483 8.7993 9.52134 8.79566 8.53647 13.5732 8.25779 7.90965
threshold=-0.11521788686513899 1.0000000180025095e-35 1.0000000180025095e-35 1.0000000180025095e-35 1.0000000180025095e-35 12.510609149932863 1.0000000180025095e-35 1.0000000180025095e-35 1.0000000180025095e-35 1.0000000180025095e-35 1.0000000180025095e-35 1.0000000180025095e-35 1.0000000180025095e-35 1.0000000180025095e-35 1.0000000180025095e-35 5.2279260158538827 3.6783025264739995 1.0000000180025095e-35 1.0000000180025095e-35 6.7802875041961679 1.0000000180025095e-35 5.07460641860962 1.0000000180025095e-35 1.0000000180025095e-35 1.0000000180025095e-35 7.1540040969848642 1.0000000180025095e-35 1.0000000180025095e-35 5.6960985660552987 1.0000000180025095e-35
decision_type=2 2 2 2 2 2 2 2 2 2 2 2 2 2 2 2 2 2 2 2 2 2 2 2 2 2 2 2 2 2
left_child=1 2 9 6 12 7 13 8 -2 -1 11 -11 16 21 -9 -5 17 -4 -13 -14 -7 22 -3 -22 -25 -8 27 -10 -15 -16
right_child=5 3 4 15 -6 20 25 14 26 10 -12 18 19 28 29 -17 -18 -19 -20 -21 23 -23 -24 24 -26 -27 -28 -29 -30 -31
leaf_value=-0.11040976376292094 -0.091870693605217713 0.10735368091069482 0.10558477099726105 0.28091122252630607 0.018438998564403116 -0.096261171776283905 0.053876236862660666 0.045464378260827769 0.051434717564236003 -0.055717704153492413 -0.10601045104873941 -0.020323248603331123 0.25218411845164967 0.25738950338647587 -0.070514138623043995 0.20198601011071565 0.081397602904288532 0.30545490477948184 0.14945346771817433 0.090111181944492663 -0.068600087085875464 0.064421541889779485 0.25360774202509601 0.12618630844551926 -0.061734855702152459 -0.089831414252694572 -0.079772425209000811 -0.06063514593064559 0.1398652524763748 0.030562508106172448
leaf_weight=63.074537843465805 86.594851613044739 13.885454237461092 6.4568965435028058 37.3369080722332 40.72652094066143 163.75295408070087 29.628336876630783 64.909920260310173 29.603758007287979 18.757227435708046 20.666435435414314 4.4446928501129159 19.004834055900577 16.9011854082346 22.863218560814857 28.108424469828606 26.042910009622574 4.8902787864208221 11.768064737319946 4.3280656188726416 107.42536686360836 18.000182390213013 7.7602593898773184 5.0553113818168622 5.777498722076416 4.9740144610404959 13.502023473381994 17.020353078842163 9.2513615936040861 11.705967903137205
leaf_count=359 488 70 31 171 216 925 154 339 156 105 116 24 91 79 125 134 132 23 58 21 595 93 36 28 32 28 74 94 45 64
internal_value=-0.000460842 0.0758412 0.00771008 0.166285 0.100829 -0.0562209 0.113663 -0.0278039 -0.0582193 -0.0718684 -0.0281744 0.0178249 0.156087 0.155968 0.0170556 0.247013 0.114879 0.191723 0.10291 0.222121 -0.0810294 0.116489 0.159788 -0.0599379 0.0259617 0.0332186 -0.00975383 0.0105231 0.215816 -0.0362871
internal_weight=914.218 386.007 220.16 165.846 101.45 528.211 100.401 246.2 146.721 118.711 55.6364 34.97 60.723 65.7984 99.4791 65.4453 37.3901 11.3472 16.2128 23.3329 282.011 39.6459 21.6457 118.258 10.8328 34.6024 60.1261 46.6241 26.1525 34.5692
internal_count=4906 1986 1176 810 514 2920 505 1340 812 662 303 187 298 323 528 305 186 54 82 112 1580 199 106 655 60 182 324 250 124 189
is_linear=0
shrinkage=0.1


Tree=2
num_leaves=31
num_cat=0
split_feature=1 5 6 6 11 6 0 11 5 1 12 11 8 11 11 0 12 5 8 130 0 12 5 140 129 16 0 12 83 13
split_gain=313.84 175.501 131.008 48.4059 33.4834 33.4799 31.6889 24.6439 18.9086 18.8181 18.1925 17.2364 17.2487 17.0247 12.8054 11.9189 10.7006 8.44075 7.80124 7.33821 7.17934 7.04681 6.90817 8.96688 6.81195 6.70118 6.63132 9.05415 6.57793 6.38901
threshold=-0.11521788686513899 1.0000000180025095e-35 1.0000000180025095e-35 1.0000000180025095e-35 1.0000000180025095e-35 1.0000000180025095e-35 13.600273609161379 1.0000000180025095e-35 1.0000000180025095e-35 0.1512662544846535 1.0000000180025095e-35 1.0000000180025095e-35 1.0000000180025095e-35 1.0000000180025095e-35 1.0000000180025095e-35 4.7049965858459482 1.0000000180025095e-35 1.0000000180025095e-35 1.0000000180025095e-35 1.0000000180025095e-35 7.1540040969848642 1.0000000180025095e-35 1.0000000180025095e-35 1.0000000180025095e-35 1.0000000180025095e-35 1.0000000180025095e-35 8.8049278259277362 1.0000000180025095e-35 1.0000000180025095e-35 1.0000000180025095e-35
decision_type=2 2 2 2 2 2 2 2 2 2 2 2 2 2 2 2 2 2 2 2 2 2 2 2 2 2 2 2 2 2
left_child=1 2 10 7 15 8 13 16 -2 14 -1 12 -12 22 28 -4 -3 -15 25 29 -9 -6 23 26 -14 -17 -7 -28 -10 -5
right_child=5 3 4 19 21 6 -8 20 9 -11 11 -13 24 17 -16 18 -18 -19 -20 -21 -22 -23 -24 -25 -26 -27 27 -29 -30 -31
leaf_value=-0.10611006121327365 -0.094757531386053959 0.099831105134938591 0.17872653327727223 0.19162734460714106 -0.019051231128397433 0.095916104058612117 -0.068875555727247184 0.04720976728845025 0.093235244810003226 -0.066034455730493546 -0.051775154105448952 -0.10150736996855979 -0.018492225536461498 -0.073686818010373675 -0.070287359522098705 0.094365243597502868 0.17971905179112888 0.019447584629612148 0.14740369535117345 0.22716364033829428 -0.085200013763053278 0.06475336702681958 0.075289834013955836 0.15590847015939291 0.12620026106505242 -0.026704771958868268 -0.051453110528260917 0.048153229499978863 -0.044574611882426174 0.075009223653218271
leaf_weight=59.265382260084152 175.58243632316589 41.495887279510498 29.522356882691383 16.522455051541332 23.694068744778633 6.4566249400377265 82.907070383429527 30.387470364570618 17.356334984302524 99.168588981032372 18.197097480297089 19.486457988619804 4.3988273143768319 27.056950554251671 10.166113227605821 12.963089764118196 28.134620800614357 15.196535035967825 14.803718984127043 47.637651026248932 4.7326675653457633 17.403262555599213 30.924812763929367 4.1372142434120169 12.498810559511185 7.0624040812253943 23.983758419752121 14.731053426861761 4.3271189332008353 6.5643343031406394
leaf_count=359 1044 199 131 73 127 33 486 154 88 564 105 116 24 155 58 61 124 83 71 203 28 89 162 22 58 35 126 77 22 29
internal_value=-0.000716574 0.0662822 0.00663905 0.14082 0.0869496 -0.0523756 -0.0211327 0.0976631 -0.0733055 -0.0445568 -0.0677475 -0.0260926 0.0157816 0.0111828 0.0223172 0.131981 0.13211 -0.0401909 0.0923589 0.204739 0.0293667 0.016437 0.0382378 0.015 0.0885336 0.0516674 0.00209431 -0.0135527 0.0657341 0.158469
internal_weight=906.765 394.771 219.295 175.475 105.449 511.995 205.394 104.751 306.601 131.018 113.847 54.5812 35.0947 122.487 31.8496 64.3516 69.6305 42.2535 34.8292 70.7244 35.1201 41.0973 80.2335 49.3087 16.8976 20.0255 45.1714 38.7148 21.6835 23.0868
internal_count=4906 1986 1176 810 514 2920 1144 505 1776 732 662 303 187 658 168 298 323 238 167 305 182 216 420 258 82 96 236 203 110 102
is_linear=0
shrinkage=0.1


Tree=3
num_leaves=31
num_cat=0
split_feature=1 5 6 6 0 11 5 6 11 12 11 8 12 0 11 5 0 6 8 16 61 6 9 31 11 12 8 12 0 11
split_gain=255.685 133.671 106.311 36.44 30.3805 25.1417 24.0096 19.2385 18.3881 16.5544 14.9463 13.7436 10.7845 9.46897 8.84549 8.15938 8.48429 8.06554 7.65902 7.65372 7.51337 7.06007 6.63391 6.46678 9.11166 6.95989 6.39118 6.35676 6.21755 6.33524
threshold=-0.11521788686513899 1.0000000180025095e-35 1.0000000180025095e-35 1.0000000180025095e-35 12.510609149932863 1.0000000180025095e-35 1.0000000180025095e-35 1.0000000180025095e-35 1.0000000180025095e-35 1.0000000180025095e-35 1.0000000180025095e-35 1.0000000180025095e-35 1.0000000180025095e-35 4.9609856605529794 1.0000000180025095e-35 1.0000000180025095e-35 15.132101058959963 1.0000000180025095e-35 1.0000000180025095e-35 1.0000000180025095e-35 1.0000000180025095e-35 1.0000000180025095e-35 1.0000000180025095e-35 1.0000000180025095e-35 1.0000000180025095e-35 1.0000000180025095e-35 1.0000000180025095e-35 1.0000000180025095e-35 4.9609856605529794 1.0000000180025095e-35
decision_type=2 2 2 2 2 2 2 2 2 2 2 2 2 2 2 2 2 2 2 2 2 2 2 2 2 2 2 2 2 2
left_child=1 2 9 8 6 12 7 -2 13 -1 11 -11 19 18 20 -6 21 23 27 -4 -9 -17 26 24 25 -8 -7 -3 -5 -30
right_child=4 3 5 28 15 22 17 14 -10 10 -12 -13 -14 -15 -16 16 -18 -19 -20 -21 -22 -23 -24 -25 -26 -27 -28 -29 29 -31
leaf_value=-0.1021255475320802 -0.082483792211613116 0.075229736456495985 0.1173796360705318 0.20300553096862972 -0.08785251758770872 0.011526065553238218 0.004423333626713993 -0.019415162070630536 0.026044873955575559 -0.048051842880757284 -0.097303004172378069 0.077127673646583794 0.16388817413128864 0.076665488243813751 -0.061256139532187018 -0.053078962940272367 -0.081290555804883299 0.052336896961402285 0.21103776731800539 0.029172500608465952 0.065210280381144403 0.018339144296858442 -0.033772309096907711 -0.071211425299595954 -0.051682189985012277 0.10255316559426696 0.11952892891372202 0.18011338581543201 0.17567800164604394 0.084592261373085453
leaf_weight=55.6100252866745 77.84577465057373 14.907097265124321 24.285949066281319 39.72837795317173 147.98569378256798 16.336601495742798 19.040104106068611 23.805380791425705 35.542653858661652 17.674537226557732 18.354674309492111 17.410124272108078 26.169962078332901 35.235513225197792 21.138962358236313 36.368753790855408 52.262248083949089 36.90509694814682 12.964874833822249 16.53429614007473 18.758557230234146 22.346945777535439 16.807910308241844 12.471655592322348 15.856185108423231 11.650157600641252 8.2440851926803607 9.4365325570106506 22.510871320962906 11.555777773261068
leaf_count=359 488 69 108 161 925 85 97 121 182 105 116 82 112 161 125 216 311 187 54 78 95 128 88 74 94 59 43 39 94 50
internal_value=-0.000875276 0.058696 0.00577832 0.121956 -0.0487916 0.0759192 -0.0229584 -0.0491339 0.084971 -0.0639312 -0.0241855 0.0140662 0.113777 0.113842 -0.00837993 -0.072481 -0.0519835 0.0156675 0.148952 0.0816512 0.0178805 -0.0258975 0.0146432 -0.00726261 0.00987184 0.0416738 0.047749 0.115887 0.176127 0.144781
internal_weight=895.745 399.31 217.428 181.882 496.436 108.379 237.472 141.549 108.087 109.049 53.4393 35.0847 66.9902 72.544 63.7029 258.964 110.978 95.9232 37.3085 40.8202 42.5639 58.7157 41.3886 59.0181 46.5464 30.6903 24.5807 24.3436 73.795 34.0666
internal_count=4906 1986 1176 810 2920 514 1340 829 505 662 303 187 298 323 341 1580 655 511 162 186 216 344 216 324 250 156 128 108 305 144
is_linear=0
shrinkage=0.1


Tree=4
num_leaves=31
num_cat=0
split_feature=1 5 6 6 6 0 11 5 11 11 12 1 11 8 0 11 1 81 101 7 96 12 14 5 0 16 59 10 8 13
split_gain=209.621 104.345 86.8349 29.0849 26.889 22.8658 19.3814 16.1471 15.1158 14.1966 13.9806 13.888 12.1141 10.9944 8.93841 8.78603 8.19931 9.18689 6.40134 6.92433 6.83036 6.13305 5.85859 5.82754 5.80956 5.79705 6.48619 5.68899 5.52625 5.57505
threshold=-0.11521788686513899 1.0000000180025095e-35 1.0000000180025095e-35 1.0000000180025095e-35 1.0000000180025095e-35 13.600273609161379 1.0000000180025095e-35 1.0000000180025095e-35 1.0000000180025095e-35 1.0000000180025095e-35 1.0000000180025095e-35 0.1512662544846535 1.0000000180025095e-35 1.0000000180025095e-35 4.7049965858459482 1.0000000180025095e-35 -0.24967678636312482 1.0000000180025095e-35 1.0000000180025095e-35 1.0000000180025095e-35 1.0000000180025095e-35 1.0000000180025095e-35 1.0000000180025095e-35 1.0000000180025095e-35 7.1540040969848642 1.0000000180025095e-35 1.0000000180025095e-35 1.0000000180025095e-35 1.0000000180025095e-35 1.0000000180025095e-35
decision_type=2 2 2 2 2 2 2 2 2 2 2 2 2 2 2 2 2 2 2 2 2 2 2 2 2 2 2 2 2 2
left_child=1 2 8 9 7 12 14 -2 10 16 -1 15 18 -12 -4 -9 21 -18 19 25 27 -3 -15 -14 -11 -6 -27 -21 -16 -30
right_child=4 3 6 -5 5 -7 -8 11 -10 24 13 -13 23 22 28 -17 17 -19 -20 20 -22 -23 -24 -25 -26 26 -28 -29 29 -31
leaf_value=-0.082155003930922912 -0.086558851776958809 0.090127660730318679 0.13855645754480903 0.15537200712293114 0.088417173952024655 -0.060275751442756431 0.013012012242201077 0.051882480233944241 -0.10726616483310705 0.038488754704001482 -0.04453585630280877 -0.058094023677739429 -0.065272419815433275 0.10749953778398176 0.032632008472116343 -0.06269144398793508 -0.033897820071279929 0.11756034819073896 -0.089640633216886895 -0.056454854482444944 0.10291485317030401 0.15606701684398974 -0.014337219976776309 0.012489822448229312 -0.082150229669502681 0.10884938279990596 -0.023595111101484448 0.043040376964489799 0.16198888460720023 0.0434324784579967
leaf_weight=28.026843890547752 157.56088918447495 34.498842403292656 31.587354153394699 75.198651447892189 30.02613365650177 76.38591393828392 41.66546006500721 22.731149911880493 41.384499743580818 31.393044739961624 17.189096063375473 92.464864984154701 24.971162080764771 12.008849382400514 21.149902760982513 9.4861128628253919 8.6187402307987231 7.4809516370296469 4.1453322470188132 16.226530745625503 5.3823962211608878 23.86177633702755 5.8787988126277915 15.693888291716574 4.5733110308647147 5.2826805412769327 12.323388710618019 8.898334935307501 9.1044526398181933 7.0283914804458609
leaf_count=193 1044 153 131 305 152 486 216 110 282 154 105 564 155 55 96 58 39 34 21 84 27 97 27 83 28 27 63 46 40 31
internal_value=-0.000963078 0.0524785 0.00506202 0.107404 -0.0454237 -0.0173065 0.0668475 -0.0652817 -0.0602994 0.0747394 -0.0294978 -0.0383937 0.00938932 0.0125761 0.0994173 0.0181471 0.099659 0.0364794 0.0314558 0.03788 0.000683436 0.117088 0.0674577 -0.0352616 0.0231489 0.0617034 0.0161447 -0.0212172 0.066257 0.110339
internal_weight=882.228 400.649 215.024 185.625 481.579 199.336 110.536 282.243 104.488 110.427 63.1036 124.682 122.95 35.0767 68.8701 32.2173 74.4603 16.0997 82.2848 78.1395 30.5073 58.3606 17.8876 40.6651 35.9664 47.6322 17.6061 25.1249 37.2827 16.1328
internal_count=4906 1986 1176 810 2920 1144 514 1776 662 505 380 732 658 187 298 168 323 73 420 399 157 250 82 238 182 242 90 130 167 71
is_linear=0
shrinkage=0.1


Tree=5
num_leaves=31
num_cat=0
split_feature=0 5 6 6 11 6 12 1 11 140 11 5 108 12 5 0 7 7 16 9 80 101 53 12 16 0 0 8 0 0
split_gain=172.779 91.0844 79.5138 23.7943 19.7823 18.9866 15.5497 15.1857 13.0199 11.0029 10.7184 9.75318 9.37257 8.79637 8.7401 8.58428 8.30189 7.91792 7.14086 7.13078 7.05475 6.69434 6.52741 6.49052 7.25006 6.22157 6.15787 5.74221 5.65541 5.41971
threshold=8.8049278259277362 1.0000000180025095e-35 1.0000000180025095e-35 1.0000000180025095e-35 1.0000000180025095e-35 1.0000000180025095e-35 1.0000000180025095e-35 0.73792684078216564 1.0000000180025095e-35 1.0000000180025095e-35 1.0000000180025095e-35 1.0000000180025095e-35 1.0000000180025095e-35 1.0000000180025095e-35 1.0000000180025095e-35 4.9609856605529794 1.0000000180025095e-35 1.0000000180025095e-35 1.0000000180025095e-35 1.0000000180025095e-35 1.0000000180025095e-35 1.0000000180025095e-35 1.0000000180025095e-35 1.0000000180025095e-35 1.0000000180025095e-35 5.07460641860962 7.1540040969848642 1.0000000180025095e-35 15.132101058959963 6.3449692726135263
decision_type=2 2 2 2 2 2 2 2 2 2 2 2 2 2 2 2 2 2 2 2 2 2 2 2 2 2 2 2 2 2
left_child=1 2 6 8 12 14 -1 9 13 11 16 22 17 25 -2 -5 18 29 -8 -11 -13 28 23 -7 -25 27 -10 -3 -16 -4
right_child=5 3 4 15 -6 7 10 -9 26 19 -12 20 -14 -15 21 -17 -18 -19 -20 -21 -22 -23 -24 24 -26 -27 -28 -29 -30 -31
leaf_value=-0.09826451310554718 -0.081458520057590869 0.058366691467999748 0.1480772179048587 0.16535876470206448 0.0030605612321186609 -0.045523541375066492 0.095978076088218997 -0.07777069444902808 0.034051018759644357 0.13494946117415627 -0.087003716705817358 0.0056186103843325168 -0.043597359853711153 0.12398358492076614 -0.03388345694647945 0.10130465593822582 -0.048129054180645725 0.058080355884211822 -0.019624430221158392 -0.014662349510108641 0.12788026308613626 0.090227173865554927 -0.083720897232440569 0.064226969475478138 -0.07488706558964936 0.02448585431394892 -0.068401546835726371 0.15838546125969777 -0.085759091078435337 0.067609932163110467
leaf_weight=56.0312559902668 137.1320606470108 15.976991385221481 28.785453274846077 40.078768610954285 45.531801179051399 34.112372890114784 12.516359686851501 38.021710634231567 31.906804412603378 8.5125465393066388 18.120945528149605 44.937059625983238 5.2003412693738928 34.385973274707794 76.568658292293549 43.773304089903831 16.03510494530201 31.868706300854683 9.3238299190998077 5.0909016281366339 5.2733972668647757 3.6173870265483847 22.370564192533493 14.071294426918032 5.1055529266595832 26.151740655303001 7.1882589459419242 8.958627849817276 28.965368017554283 11.802032351493834
leaf_count=408 961 70 120 161 239 196 65 254 154 46 130 242 23 142 461 184 90 138 52 29 27 21 146 77 28 120 46 36 187 53
internal_value=-0.0010183 0.0426019 -5.06977e-05 0.0907381 0.0553947 -0.0466824 -0.0610199 -0.0217492 0.0630164 -0.00647733 -0.023752 -0.0157109 0.0860794 0.0848813 -0.0646517 0.131921 0.00650996 0.0953866 0.046626 0.0789593 0.0184592 -0.0435365 -0.0383874 -0.0193566 0.0271899 0.0585622 0.0152135 0.0943005 -0.0481215 0.124679
internal_weight=867.415 443.636 235.216 208.42 123.188 423.779 112.027 177.495 124.568 139.474 55.9962 125.87 77.6565 85.4733 246.283 83.8521 37.8753 72.4562 21.8402 13.6034 50.2105 109.151 75.6598 53.2892 19.1768 51.0874 39.0951 24.9356 105.534 40.5875
internal_count=4906 2231 1318 913 573 2675 745 1045 568 791 337 716 334 368 1630 345 207 311 117 75 269 669 447 301 105 226 200 106 648 173
is_linear=0
shrinkage=0.1


Tree=6
num_leaves=31
num_cat=0
split_feature=1 5 6 0 6 11 11 12 7 8 129 11 0 5 0 11 8 45 5 139 108 83 8 0 21 0 0 0 11 1
split_gain=143.625 66.1397 58.8058 22.4619 20.3796 16.6619 13.2859 12.1138 10.8961 10.4185 11.3511 8.9739 8.77503 7.8692 9.6643 7.73757 7.23037 9.53562 6.8086 7.85355 6.73148 6.44924 6.28997 11.5107 5.3499 6.20203 7.03591 5.31291 5.13201 5.99047
threshold=-0.11521788686513899 1.0000000180025095e-35 1.0000000180025095e-35 12.510609149932863 1.0000000180025095e-35 1.0000000180025095e-35 1.0000000180025095e-35 1.0000000180025095e-35 1.0000000180025095e-35 1.0000000180025095e-35 1.0000000180025095e-35 1.0000000180025095e-35 2.5407255887985234 1.0000000180025095e-35 11.23477077484131 1.0000000180025095e-35 1.0000000180025095e-35 1.0000000180025095e-35 1.0000000180025095e-35 1.0000000180025095e-35 1.0000000180025095e-35 1.0000000180025095e-35 1.0000000180025095e-35 7.2840518951416025 1.0000000180025095e-35 11.623545169830324 9.7960300445556658 4.9609856605529794 1.0000000180025095e-35 -0.33318121731281275
decision_type=2 2 2 2 2 2 2 2 2 2 2 2 2 2 2 2 2 2 2 2 2 2 2 2 2 2 2 2 2 2
left_child=1 2 6 5 11 8 9 12 21 -1 -11 22 -4 -7 -15 -14 17 -9 -5 -20 -21 24 23 -3 25 26 -2 -6 -29 -30
right_child=3 4 7 18 27 13 -8 16 -10 10 -12 -13 15 14 -16 -17 -18 -19 19 20 -22 -23 -24 -25 -26 -27 -28 28 29 -31
leaf_value=-0.067181282650819019 0.050489172114690464 0.073274379187374006 0.14056791872205412 -0.076822288111039638 0.15157931673228509 -0.078320624020881427 -0.10121962785824939 0.094886416519246425 -0.029468630536145513 -0.074312127031009312 0.057154198345149343 0.018267423556915293 0.04121689363355939 -0.05418864519659114 0.060700597473744726 -0.032951727432290245 0.14162061739242787 -0.039986923838014256 -0.05130538332476791 0.12263253632804111 -0.041631205674406487 -0.033296902355544424 0.11265043146993542 -0.08179596421565849 0.099518364042577245 0.096476430566170557 -0.026766070128813498 0.12578734067886857 -0.036615423758908146 0.10485657367048339
leaf_weight=29.220948979258537 23.144520774483681 39.3733129799366 6.0861913710832587 127.60805915296078 39.383121088147163 49.096823483705521 36.168132200837135 20.514620423316959 58.935727998614311 9.5317753702402133 21.119772002100945 36.522139728069305 39.289244636893272 21.415128588676453 11.125404030084608 21.909552574157715 18.216349929571152 7.0412014573812476 92.04093573987484 5.0871946066617948 4.8954890817403793 14.849933147430418 31.651271924376488 5.4492906481027594 12.171201944351195 10.39276200532913 24.02659897506237 23.476199105381966 5.1190348416566849 7.2070292830467206
leaf_count=202 122 166 27 925 161 344 282 91 340 62 116 182 169 127 67 117 78 32 595 28 32 84 133 24 65 58 133 94 21 29
internal_value=-0.001047 0.0428803 0.00417265 -0.0394195 0.0858903 -0.016976 -0.0533656 0.0530507 0.00354062 -0.0244577 0.0162718 0.0590465 0.0260526 -0.0530447 -0.0149087 0.0146641 0.0927379 0.0604229 -0.0614257 -0.0421681 0.0420779 0.0265403 0.0785216 0.0544218 0.0392824 0.0265463 0.0111392 0.126234 0.0983535 0.046103
internal_weight=852.069 397.279 209.098 454.79 188.181 225.158 96.0406 113.057 143.521 59.8725 30.6515 112.996 67.285 81.6374 32.5405 61.1988 45.7722 27.5558 229.632 102.024 9.98268 84.585 76.4739 44.8226 69.7351 57.5639 47.1711 75.1854 35.8023 12.3261
internal_count=4906 1986 1176 2920 810 1340 662 514 802 380 178 505 313 538 194 286 201 123 1580 655 60 462 323 190 378 313 255 305 144 50
is_linear=0
shrinkage=0.1


Tree=7
num_leaves=31
num_cat=0
split_feature=0 5 6 6 6 12 11 0 12 8 16 5 5 130 0 62 50 0 23 84 21 140 14 0 8 15 11 0 8 16
split_gain=118.98 59.8693 55.4485 17.2853 16.8782 14.3567 13.772 12.5693 10.9198 8.43741 8.30429 7.6142 7.55126 7.42018 6.24193 6.22346 6.17035 5.62966 6.50207 5.68572 5.45761 5.32725 7.719 5.29585 5.25113 5.21621 6.63025 6.53439 5.02627 5.00866
threshold=8.8049278259277362 1.0000000180025095e-35 1.0000000180025095e-35 1.0000000180025095e-35 1.0000000180025095e-35 1.0000000180025095e-35 1.0000000180025095e-35 16.223134994506839 1.0000000180025095e-35 1.0000000180025095e-35 1.0000000180025095e-35 1.0000000180025095e-35 1.0000000180025095e-35 1.0000000180025095e-35 7.6317591667175302 1.0000000180025095e-35 1.0000000180025095e-35 15.132101058959963 1.0000000180025095e-35 1.0000000180025095e-35 1.0000000180025095e-35 1.0000000180025095e-35 1.0000000180025095e-35 3.0266940593719487 1.0000000180025095e-35 1.0000000180025095e-35 1.0000000180025095e-35 11.190965175628664 1.0000000180025095e-35 1.0000000180025095e-35
decision_type=2 2 2 2 2 2 2 2 2 2 2 2 2 2 2 2 2 2 2 2 2 2 2 2 2 2 2 2 2 2
left_child=1 2 5 8 12 -1 10 11 14 -7 23 21 -2 20 -3 -12 -16 18 -14 -20 -5 22 25 -4 29 26 28 -28 -6 -10
right_child=4 3 6 13 7 9 -8 -9 24 -11 15 -13 17 -15 16 -17 -18 -19 19 -21 -22 -23 -24 -25 -26 -27 27 -29 -30 -31
leaf_value=-0.092952907448445712 -0.074830013755045152 0.039315751938194352 0.17479855086884802 0.091090752837446443 0.0011539883566289457 -0.057723272145234018 0.00078020102789073389 -0.080850353142505452 0.096351509280990691 0.021951187446623562 0.071233254451291791 0.022171743011374312 0.082707931727795655 0.13427505322295216 0.014687678356156343 -0.0185048078279485 -0.13489781711254775 -0.077284310286090077 -0.039490604421413417 0.079347408583730267 -0.017390905743723688 0.052989150614069329 -0.074324627280118058 0.081773965711502056 0.13343424369512244 -0.046303629889477858 0.083077861640801151 -0.093175904870016021 0.10847543692574546 0.015539593366225369
leaf_weight=50.191453762352467 124.69883418083191 66.041224926710129 7.1966650038957587 28.268256992101669 8.3292443305253983 26.920152828097343 45.825074598193169 25.876893430948257 19.173468247056007 26.253794267773628 16.559425041079521 59.743314117193222 5.2665843665599814 48.674888521432877 7.6582254618406278 14.491155549883844 4.3093055635690689 27.441726833581924 67.53503043949604 4.2812284231185904 5.5476908236742011 8.0451665073633176 28.059839531779289 40.90036515891552 16.542774423956871 20.865416884422302 2.9295419603586215 7.4591506868600845 9.1663121283054352 12.782785102725031
leaf_count=408 961 294 29 119 49 192 239 190 84 145 70 324 33 203 39 64 24 192 419 25 23 47 176 171 71 131 20 54 54 56
internal_value=-0.00105412 0.0349891 -0.000408731 0.0736625 -0.0404914 -0.0545933 0.0444075 -0.016663 0.0504398 -0.0183853 0.069667 -0.00517617 -0.0582128 0.109277 0.0272742 0.0293529 -0.0391755 -0.0383883 -0.0245412 -0.0324062 0.0732937 -0.0244309 -0.03254 0.0956931 0.0877008 -0.00848921 0.0198068 -0.0434735 0.0573821 0.064026
internal_weight=837.035 437.337 228.338 208.999 399.698 103.365 124.973 170.475 126.508 53.1739 79.1476 144.598 229.223 82.4908 78.0088 31.0506 11.9675 104.525 77.0828 71.8163 33.8159 84.8547 76.8095 48.097 48.499 48.7497 27.8842 10.3887 17.4956 31.9563
internal_count=4906 2231 1318 913 2675 745 573 1045 568 337 334 855 1630 345 357 134 63 669 477 444 142 531 484 200 211 308 177 74 103 140
is_linear=0
shrinkage=0.1


Tree=8
num_leaves=31
num_cat=0
split_feature=1 5 6 0 5 11 176 6 11 11 12 16 6 12 45 6 59 6 0 12 0 12 35 11 12 14 15 9 14 7
split_gain=99.1702 41.3907 39.0558 22.902 15.2601 13.656 13.5615 12.2149 11.0983 8.91291 8.89793 7.36357 7.1645 6.87051 6.79477 7.43906 6.14549 6.10273 5.97449 6.64707 5.48726 5.09721 4.93153 8.0418 4.8006 4.79986 5.24371 4.78645 4.94614 4.38599
threshold=-0.20876112580299375 1.0000000180025095e-35 1.0000000180025095e-35 12.510609149932863 1.0000000180025095e-35 1.0000000180025095e-35 1.0000000180025095e-35 1.0000000180025095e-35 1.0000000180025095e-35 1.0000000180025095e-35 1.0000000180025095e-35 1.0000000180025095e-35 1.0000000180025095e-35 1.0000000180025095e-35 1.0000000180025095e-35 1.0000000180025095e-35 1.0000000180025095e-35 1.0000000180025095e-35 13.030800819396974 1.0000000180025095e-35 6.0177960395812997 1.0000000180025095e-35 1.0000000180025095e-35 1.0000000180025095e-35 1.0000000180025095e-35 1.0000000180025095e-35 1.0000000180025095e-35 1.0000000180025095e-35 1.0000000180025095e-35 1.0000000180025095e-35
decision_type=2 2 2 2 2 2 2 2 2 2 2 2 2 2 2 2 2 2 2 2 2 2 2 2 2 2 2 2 2 2
left_child=1 2 5 4 6 10 7 21 12 13 -1 -12 24 16 15 -5 29 22 -17 -20 -14 -2 23 -6 -3 26 -9 28 -11 -4
right_child=3 8 9 14 17 -7 -8 25 -10 27 11 -13 20 -15 -16 18 -18 -19 19 -21 -22 -23 -24 -25 -26 -27 -28 -29 -30 -31
leaf_value=-0.066194139411257569 -0.091327592795103538 0.052065195615145388 0.12622394390760033 -0.062692715466230314 0.039695555980993003 -0.1010333462875212 0.16637352093660732 0.041317101208694799 0.039527680665018231 0.00092102569288893949 0.057399470381899111 -0.043704480701231688 0.14240531705918455 0.11275421726677337 -0.086218362831971859 0.084593300489933659 0.0039959943066415057 0.043230236819479399 -0.053597874794913805 0.014219812791926537 0.048032322109008464 -0.036716106784918261 -0.04298991689970668 -0.045960223795110541 0.10786387470271766 -0.041618951152874555 -0.027956983601510624 -0.034318935223461793 0.094370769796906145 0.032293862307090256
leaf_weight=20.102747023105621 39.026362784206867 39.271205857396126 10.948402211070061 94.660793140530586 36.413215354084969 28.423182770609856 3.3401148319244376 25.475365191698074 53.723289638757706 14.229661881923676 19.160167574882507 11.543745189905168 36.293737486004829 24.419114753603935 52.177815042436123 5.1338623613119116 18.803416520357132 47.571966677904129 37.867232136428356 23.373288534581661 7.4208768010139456 30.407163262367249 21.523744031786919 15.680825188755987 25.385615095496178 27.323079034686089 19.133760347962379 14.855116903781889 9.4088257253170013 9.1056144386529922
leaf_count=170 316 165 45 725 178 250 22 135 240 71 102 66 155 99 398 31 80 220 265 161 30 233 125 105 103 150 103 78 47 38
internal_value=-0.00105171 0.0399886 0.0071194 -0.0304411 -0.010863 -0.0455271 -0.0327867 -0.0374923 0.0766914 0.0481056 -0.0144748 0.0193874 0.0951147 0.0711876 -0.0548568 -0.0446951 0.0450659 0.0153148 -0.0190277 -0.0277143 0.126385 -0.0674115 -0.00272428 0.0139123 0.0739729 -0.00861244 0.011604 0.010163 0.0381168 0.0835746
internal_weight=822.203 343.095 181 479.109 265.896 79.2298 144.706 141.366 162.095 101.77 50.8067 30.7039 108.371 63.2765 213.213 161.035 38.8574 121.19 66.3744 61.2405 43.7146 69.4335 73.6178 52.094 64.6568 71.9322 44.6091 38.4936 23.6385 20.054
internal_count=4906 1739 1046 3167 1587 588 959 937 693 458 338 168 453 262 1580 1182 163 628 457 426 185 549 408 283 268 388 238 196 118 83
is_linear=0
shrinkage=0.1


Tree=9
num_leaves=31
num_cat=0
split_feature=1 5 6 0 6 11 11 129 8 12 7 11 45 6 5 0 104 0 8 45 0 8 83 0 16 82 12 41 10 14
split_gain=82.7519 35.4354 33.0928 15.6315 14.6145 12.5858 11.3982 8.7611 9.20443 8.46366 8.33752 6.49268 6.30465 6.6 6.0484 8.25558 6.0125 5.85687 5.41774 6.98446 5.15608 5.04225 4.97302 4.75377 4.70474 4.67407 4.65458 4.54023 4.82344 7.04809
threshold=-0.11521788686513899 1.0000000180025095e-35 1.0000000180025095e-35 12.510609149932863 1.0000000180025095e-35 1.0000000180025095e-35 1.0000000180025095e-35 1.0000000180025095e-35 1.0000000180025095e-35 1.0000000180025095e-35 1.0000000180025095e-35 1.0000000180025095e-35 1.0000000180025095e-35 1.0000000180025095e-35 1.0000000180025095e-35 11.23477077484131 1.0000000180025095e-35 2.5407255887985234 1.0000000180025095e-35 1.0000000180025095e-35 4.9609856605529794 1.0000000180025095e-35 1.0000000180025095e-35 4.9609856605529794 1.0000000180025095e-35 1.0000000180025095e-35 1.0000000180025095e-35 1.0000000180025095e-35 1.0000000180025095e-35 1.0000000180025095e-35
decision_type=2 2 2 2 2 2 2 2 2 2 2 2 2 2 2 2 2 2 2 2 2 2 2 2 2 2 2 2 2 2
left_child=1 2 6 5 11 10 7 -1 -9 17 22 20 13 -5 -7 -16 -15 -4 19 -11 21 -3 -2 -6 -19 -13 -24 28 -12 -30
right_child=3 4 9 12 23 14 -8 8 -10 18 27 25 -14 16 15 -17 -18 24 -20 -21 -22 -23 26 -25 -26 -27 -28 -29 29 -31
leaf_value=-0.075637982532172285 0.03566345445996557 0.058486760898512249 0.10881166157378784 -0.059073659944864049 0.12516659086643067 -0.070018574406812958 -0.093676459914895635 -0.04425251146963502 0.054443037278440479 0.072678601823019565 -0.034599742835263965 0.020145028006696424 -0.082662007411465011 -0.023842328193151203 -0.050432666682094798 0.055971618629594634 0.1253478537225089 0.029294417471981062 0.1135898280084319 -0.042613572751267446 0.032202259734291645 0.13452049031208141 -0.081577110998291055 0.073415851138462565 -0.027024072909736692 -0.092914512597023574 0.03294028768353801 -0.075092459873655121 0.091950741985571793 -0.043034059916903671
leaf_weight=17.522416532039642 69.996303625404835 26.092972457408905 6.1732837408781043 90.62871365994215 35.802320092916489 43.657965920865536 29.874094888567924 17.258841544389725 20.882896825671196 20.861321583390239 27.060331381857395 33.768827706575394 49.139583110809326 62.709068432450294 20.571817442774776 11.295364350080488 2.8229130655527106 36.893788143992424 18.363756254315376 7.0236231237649909 37.986568599939346 13.101150095462797 7.7396087720990163 35.203817322850227 24.806671276688576 4.1006672084331504 6.555497944355011 13.683740034699438 9.1470257192850095 6.7025278136134139
leaf_count=133 378 108 27 725 161 344 282 131 116 91 159 161 398 437 127 67 20 168 78 32 161 54 46 144 118 21 38 90 51 40
internal_value=-0.00103845 0.0324357 0.00317668 -0.0316556 0.0638342 -0.0129035 -0.043848 -0.0171058 0.00978406 0.0384231 0.00475343 0.0418164 -0.0514224 -0.0415921 -0.0458409 -0.0127175 -0.0174157 0.0159433 0.071414 0.043639 0.0584566 0.083902 0.0246867 0.0995093 0.00665157 0.00790247 -0.0290613 -0.0249354 -0.00894064 0.0348678
internal_weight=807.427 385.717 199.661 421.71 186.056 216.41 85.5382 55.6642 38.1417 114.122 140.885 115.05 205.3 156.161 75.5251 31.8672 65.532 67.8737 46.2487 27.8849 77.1807 39.1941 84.2914 71.0061 61.7005 37.8695 14.2951 56.5936 42.9099 15.8496
internal_count=4906 1986 1176 2920 810 1340 662 380 247 514 802 505 1580 1182 538 194 457 313 201 123 323 162 462 305 286 182 84 340 250 91
is_linear=0
shrinkage=0.1


Tree=10
num_leaves=31
num_cat=0
split_feature=0 5 6 6 12 6 0 44 16 12 11 5 11 0 7 8 33 55 8 13 67 0 81 128 0 0 23 62 21 0
split_gain=68.8931 31.7661 31.8558 13.1163 11.7193 10.6494 9.72593 11.3392 9.01881 8.21695 7.29875 7.13368 6.79555 6.70881 6.22517 5.42383 4.88253 4.81991 4.81859 5.8111 4.76044 4.74601 4.64822 4.2823 4.28185 4.26396 5.30059 4.1647 4.09441 4.00996
threshold=8.6036963462829608 1.0000000180025095e-35 1.0000000180025095e-35 1.0000000180025095e-35 1.0000000180025095e-35 1.0000000180025095e-35 13.600273609161379 1.0000000180025095e-35 1.0000000180025095e-35 1.0000000180025095e-35 1.0000000180025095e-35 1.0000000180025095e-35 1.0000000180025095e-35 4.9609856605529794 1.0000000180025095e-35 1.0000000180025095e-35 1.0000000180025095e-35 1.0000000180025095e-35 1.0000000180025095e-35 1.0000000180025095e-35 1.0000000180025095e-35 4.0835044384002694 1.0000000180025095e-35 1.0000000180025095e-35 6.0177960395812997 15.132101058959963 1.0000000180025095e-35 1.0000000180025095e-35 1.0000000180025095e-35 3.0266940593719487
decision_type=2 2 2 2 2 2 2 2 2 2 2 2 2 2 2 2 2 2 2 2 2 2 2 2 2 2 2 2 2 2
left_child=1 2 4 11 -1 9 7 -5 12 -3 14 -2 29 -7 20 -10 22 -14 19 -11 -6 -19 -8 -22 -17 26 -13 -24 -15 -4
right_child=3 5 8 6 10 13 16 -9 15 18 -12 25 17 28 -16 24 -18 21 -20 -21 23 -23 27 -25 -26 -27 -28 -29 -30 -31
leaf_value=-0.084324329665141029 -0.065739647256419606 0.017787123062714554 0.14897931819598673 0.16683657690917802 -0.015693127290472411 0.11810216893018528 -0.010510481077377294 0.00097872125931944666 -0.027980164142499899 0.014208657266182388 -0.075506632792833261 0.078757717761158363 0.060988739948301895 0.07090143893315666 -0.038671284954383454 0.070906132766871452 -0.10535036535954521 0.06260503451853966 0.11529079316832369 0.10435975633078175 0.11924696348828617 -0.056260375814000965 -0.00053403500412123328 -0.0056772716094638069 -0.042061277500912569 -0.066106923220888389 -0.024699800351682524 -0.11046371989262416 -0.019898564937854329 0.066039211625047486
leaf_weight=41.049219094216824 111.3845027089119 77.471061311662197 6.8143457025289527 4.2981689572334281 7.7746956050395974 34.231259256601334 37.437192857265472 100.58078265935183 28.915557950735092 19.276163578033447 13.130139864981173 5.3219938427209845 13.374684914946556 36.231044977903366 14.508025690913199 13.235458150506021 10.162798516452311 4.8095532357692727 16.046261712908745 11.366319581866266 9.412206217646597 11.13795956969261 5.0756808742880795 3.8731706142425546 4.4946750402450553 23.625146836042404 71.27503776550293 10.73557398468256 5.7549810856580725 40.322420060634613
leaf_count=396 983 349 29 24 43 161 278 555 136 85 125 33 67 152 88 58 89 23 69 49 52 59 39 19 22 192 460 80 24 167
internal_value=-0.00101431 0.0272445 0.000343311 -0.0317526 -0.0449654 0.0558205 -0.0109169 0.00777594 0.0333749 0.0377582 -0.0117885 -0.0483231 0.054516 0.0852445 0.0117334 -0.00127855 -0.0418339 0.0167171 0.0708963 0.0476487 0.0464566 -0.0204122 -0.0297114 0.082827 0.0422683 -0.0289668 -0.0175115 -0.0751744 0.0584556 0.0780295
internal_weight=793.126 413.229 212.852 379.897 89.7475 200.377 168.29 104.879 123.105 124.16 48.6982 211.607 76.459 76.2173 35.5681 46.6457 63.4112 29.3222 46.6887 30.6425 21.0601 15.9475 53.2484 13.2854 17.7301 100.222 76.597 15.8113 41.986 47.1368
internal_count=4906 2173 1284 2733 723 889 1065 579 561 552 327 1668 345 337 202 216 486 149 203 134 114 82 397 71 80 685 493 119 176 196
is_linear=0
shrinkage=0.1


Tree=11
num_leaves=31
num_cat=0
split_feature=1 11 5 5 6 0 6 5 6 0 129 8 141 6 44 0 12 59 1 1 68 16 79 14 62 12 12 21 73 83
split_gain=57.6424 23.3885 15.9003 12.7313 11.7061 10.909 10.5226 9.69206 13.9456 7.59001 7.50569 7.39681 7.18043 5.89969 5.51385 4.84221 4.8063 4.71223 4.5259 4.71863 5.95663 4.40193 5.54414 4.88725 4.71873 4.13722 4.13668 5.48654 4.83627 3.94445
threshold=-0.20876112580299375 1.0000000180025095e-35 1.0000000180025095e-35 1.0000000180025095e-35 1.0000000180025095e-35 15.132101058959963 1.0000000180025095e-35 1.0000000180025095e-35 1.0000000180025095e-35 12.262833595275881 1.0000000180025095e-35 1.0000000180025095e-35 1.0000000180025095e-35 1.0000000180025095e-35 1.0000000180025095e-35 6.0177960395812997 1.0000000180025095e-35 1.0000000180025095e-35 -0.011027454398572443 0.61715719103813182 1.0000000180025095e-35 1.0000000180025095e-35 1.0000000180025095e-35 1.0000000180025095e-35 1.0000000180025095e-35 1.0000000180025095e-35 1.0000000180025095e-35 1.0000000180025095e-35 1.0000000180025095e-35 1.0000000180025095e-35
decision_type=2 2 2 2 2 2 2 2 2 2 2 2 2 2 2 2 2 2 2 2 2 2 2 2 2 2 2 2 2 2
left_child=1 3 6 4 10 12 26 8 -3 21 -1 -12 14 -5 -4 -15 17 -6 -16 -20 -21 22 23 -8 -25 -7 27 -2 -29 -9
right_child=2 7 5 13 16 25 9 29 -10 -11 11 -13 -14 15 18 -17 -18 -19 19 20 -22 -23 -24 24 -26 -27 -28 28 -30 -31
leaf_value=-0.082847378156384807 -0.089834421919984517 -0.094097570760693069 0.097768977460043344 0.056745680898980369 0.06749270422411352 -0.07843814955659284 0.060328442929892784 0.013640914470880722 0.0039231709625083535 -0.050333457771602225 -0.039164870339947117 0.05063045328010201 0.1428120946020931 0.12241955140262611 0.026167508709230694 0.0319285805959185 0.090836535664931203 -0.002214473686854508 -0.016717513499927644 0.14918889529158588 -0.011276037838851824 -0.033842649694003579 -0.081637648721094039 -0.10739597273159916 0.019754756943886308 -0.009831544359463127 -0.042192139816603962 0.052811513858418813 -0.11419581203884994 0.086638670788548089
leaf_weight=11.003410860896109 58.783081166446209 23.012744627892971 5.9711989760398856 64.099403575062752 19.972948670387268 23.675275698304176 23.924690648913383 44.739877104759216 39.30449415743351 49.815005034208298 16.369375720620155 20.868323013186455 3.7769184857606879 32.311799988150597 46.793368577957153 7.2379437088966361 23.645097687840462 18.850534051656723 106.22595559060574 4.0252908170223218 5.4393645375967026 23.666172131896019 4.8301983624696723 3.8634555935859654 11.935381218791008 13.980031751096247 54.630590975284576 5.361926667392253 2.5627000704407692 8.8698417991399747
leaf_count=91 559 250 34 268 83 197 124 200 196 397 131 116 19 155 221 30 99 80 633 27 38 131 26 22 66 114 487 48 24 40
internal_value=-0.000984584 0.0307296 -0.0243001 0.050299 0.0267184 -0.00420929 -0.0419162 -0.00545586 -0.0322743 -0.0206584 -0.0102845 0.0111572 0.00645068 0.075486 0.00339333 0.105859 0.0552938 0.0336468 -7.49228e-05 -0.0106892 0.0569692 0.00101068 0.0195242 0.031825 -0.0113387 -0.052967 -0.0625953 -0.0793045 -0.00119604 0.0257185
internal_weight=779.546 330.286 449.261 214.359 110.71 209.887 239.373 115.927 62.3172 118.035 48.2411 37.2377 172.232 103.649 168.455 39.5497 62.4686 38.8235 162.484 115.691 9.46466 68.2199 44.5537 39.7235 15.7988 37.6553 121.338 66.7077 7.92463 53.6097
internal_count=4906 1739 3167 1053 600 1283 1884 686 446 766 338 247 972 453 953 185 262 163 919 698 65 369 238 212 88 311 1118 631 72 240
is_linear=0
shrinkage=0.1


Tree=12
num_leaves=31
num_cat=0
split_feature=1 11 6 7 5 0 5 6 44 0 13 16 6 6 12 0 101 11 5 0 80 16 33 5 15 12 8 12 17 19
split_gain=47.6245 19.289 13.7492 11.8773 9.58364 9.27278 8.01414 12.5492 7.03082 7.00644 8.18081 7.28398 6.50294 6.1289 5.61905 5.42174 5.3122 5.97617 5.19424 4.97315 4.993 4.68992 4.5964 4.52763 5.67306 4.21682 4.0173 3.91255 5.70353 4.50602
threshold=-0.20876112580299375 1.0000000180025095e-35 1.0000000180025095e-35 1.0000000180025095e-35 1.0000000180025095e-35 13.600273609161379 1.0000000180025095e-35 1.0000000180025095e-35 1.0000000180025095e-35 6.1615331172943124 1.0000000180025095e-35 1.0000000180025095e-35 1.0000000180025095e-35 1.0000000180025095e-35 1.0000000180025095e-35 6.7118411064147958 1.0000000180025095e-35 1.0000000180025095e-35 1.0000000180025095e-35 10.310746192932131 1.0000000180025095e-35 1.0000000180025095e-35 1.0000000180025095e-35 1.0000000180025095e-35 1.0000000180025095e-35 1.0000000180025095e-35 1.0000000180025095e-35 1.0000000180025095e-35 1.0000000180025095e-35 1.0000000180025095e-35
decision_type=2 2 2 2 2 2 2 2 2 2 2 2 2 2 2 2 2 2 2 2 2 2 2 2 2 2 2 2 2 2
left_child=1 3 4 9 27 8 7 -3 -4 11 15 -1 23 18 19 -11 17 -10 -5 20 -6 -15 25 -13 -25 -7 -23 28 -2 -30
right_child=2 6 5 13 14 22 -8 -9 16 10 -12 12 -14 21 -16 -17 -18 -19 -20 -21 -22 26 -24 24 -26 -27 -28 -29 29 -31
leaf_value=0.097501120705664038 0.092430375677971369 -0.091703879943571071 0.12000286851895264 -0.046934664104167689 -0.019642237160026551 -0.04826733606618322 0.023064207481077088 0.0035246614705527583 0.024788241505265301 0.14251841757906866 -0.05481759708267292 -0.043283599520176741 0.083385493978898093 0.071743464481928379 0.0084869239146364763 0.0056310229852430393 -0.097451735484041555 -0.02106624019443025 0.021611667657230063 -0.055470519422472532 0.10022338674834737 -0.053365515112277641 -0.10187488874988733 0.099603666370831262 -0.029990368162901522 0.010374715700721793 0.060738583403725004 -0.039243748868763959 -0.086980699317116036 0.054582915670914861
leaf_weight=61.923538595438004 1.9447427317500103 21.338756464421749 5.6687933504581443 19.883702643215656 25.883973702788357 30.139109507203102 53.780417233705521 39.369887992739677 88.785690657794476 5.4012725353240967 9.803053691983223 9.8624261468648911 22.693069666624069 24.401301622390747 45.958936288952827 6.2316982597112656 4.7589380145072928 41.80504959076643 24.896985664963722 48.168754108250141 4.0140599757432929 7.0604880303144437 9.0188768208026868 8.066449970006941 5.8115511536598214 20.673009172081947 5.4807056784629822 52.952011756598949 58.497363582253456 2.3383644223213187
leaf_count=300 19 250 29 152 141 242 240 196 436 25 49 70 103 107 292 29 25 257 104 363 20 32 89 34 24 155 24 487 592 20
internal_value=-0.000959599 0.0280166 -0.022399 0.0459124 -0.0385672 -0.00309876 -0.00504571 -0.0299476 0.0108969 0.0647157 0.0124786 0.0750497 0.0451086 0.0160489 -0.0192542 0.0691888 0.00632731 0.0101092 -0.00882455 -0.0355857 -0.00354928 0.0461998 -0.0360859 0.00852032 0.0453349 -0.0244087 -0.00350017 -0.0592642 -0.0761503 -0.0815394
internal_weight=766.613 326.005 440.608 211.516 239.758 200.849 114.489 60.7086 141.018 129.793 21.436 108.357 46.4335 81.7232 124.026 11.633 135.35 130.591 44.7807 78.0668 29.898 36.9425 59.831 23.7404 13.878 50.8121 12.5412 115.732 62.7805 60.8357
internal_count=4906 1739 3167 1053 1934 1233 686 446 747 634 103 531 231 419 816 54 718 693 256 524 161 163 486 128 58 397 56 1118 631 612
is_linear=0
shrinkage=0.1


Tree=13
num_leaves=31
num_cat=0
split_feature=0 5 6 12 6 0 5 12 0 16 0 17 73 12 6 140 14 8 13 0 8 55 11 1 15 11 0 8 14 13
split_gain=39.3814 19.6868 19.0107 10.417 10.0925 8.63463 8.69033 6.59953 6.28505 6.0265 5.49333 5.22974 5.39486 5.48129 4.88236 4.36907 5.91501 4.34739 4.25791 4.10023 4.08792 3.88784 5.38912 4.55302 3.79703 4.4626 5.32897 3.88096 3.65411 6.11629
threshold=8.8049278259277362 1.0000000180025095e-35 1.0000000180025095e-35 1.0000000180025095e-35 1.0000000180025095e-35 16.223134994506839 1.0000000180025095e-35 1.0000000180025095e-35 2.6105407476425175 1.0000000180025095e-35 4.9609856605529794 1.0000000180025095e-35 1.0000000180025095e-35 1.0000000180025095e-35 1.0000000180025095e-35 1.0000000180025095e-35 1.0000000180025095e-35 1.0000000180025095e-35 1.0000000180025095e-35 5.0171115398406991 1.0000000180025095e-35 1.0000000180025095e-35 1.0000000180025095e-35 -0.13499125093221662 1.0000000180025095e-35 1.0000000180025095e-35 11.190965175628664 1.0000000180025095e-35 1.0000000180025095e-35 1.0000000180025095e-35
decision_type=2 2 2 2 2 2 2 2 2 2 2 2 2 2 2 2 2 2 2 2 2 2 2 2 2 2 2 2 2 2
left_child=1 2 3 -1 7 6 14 -3 -5 19 -6 -8 13 -13 -2 16 24 -11 -12 -4 -10 -21 23 -23 25 27 -27 -16 29 -15
right_child=5 4 9 8 10 -7 11 -9 20 17 18 12 -14 28 15 -17 -18 -19 -20 21 -22 22 -24 -25 -26 26 -28 -29 -30 -31
leaf_value=-0.078624838866279648 -0.053102025464582536 0.0079065087998885005 0.066570646694715685 0.11672011823687525 0.10456374535174875 -0.065204748824740019 0.1021918463710412 0.054783177322249771 -0.050216729279772235 -0.028537923137398502 0.070301544803976324 -0.043543903675323667 0.016869623640375257 -0.0023902710784370266 -0.0014233097018784325 0.052179454589889207 -0.064898907166981032 0.034024396217269666 0.0023805041595387649 0.055309852271682294 0.011361847476654042 -0.0047549836126152024 -0.067025378908475292 0.11228141669168763 -0.038714548295710721 0.073458230113373782 -0.086470850885857722 0.092042944952576769 -0.03810112874107615 0.12480236938459666
leaf_weight=36.40802851319313 78.778678394854069 80.269870817661285 33.793914988636971 3.7561647966504088 30.32010817527771 47.843841694295406 4.7256852015852919 47.987657144665718 20.696573659777641 29.388443753123283 29.330406367778778 47.109560698270798 61.852241113781929 10.979345567524435 8.2890062481164932 7.979132652282714 25.179132901132107 17.855555012822151 13.467744231224058 18.201282203197479 22.501198083162308 11.397433876991274 9.0661824047565478 4.6925131082534781 19.36924797296524 3.0498345047235507 6.5754793137311935 9.5734575390815735 8.8275454044342059 5.7661416158080092
leaf_count=408 795 357 153 25 161 470 30 211 176 140 126 305 388 68 49 47 176 81 58 81 136 47 51 20 131 20 54 54 55 33
internal_value=-0.00093144 0.0200679 -0.00152851 -0.0384806 0.0423486 -0.0257697 -0.0194396 0.0254455 -0.00735272 0.0232344 0.0719987 -0.00120593 -0.00483789 -0.0233108 -0.0354303 -0.0180316 -0.0258086 -0.00489291 0.0489281 0.0404584 -0.0181412 0.0201058 -0.00536557 0.0293778 -0.00480295 0.0190928 -0.0357964 0.0486703 0.0139618 0.0414072
internal_weight=755.031 409.133 207.757 83.362 201.376 345.898 298.054 128.258 46.9539 124.395 73.1183 139.261 134.535 72.6826 158.794 80.0153 72.0362 47.244 42.7982 77.1513 43.1978 43.3574 25.1561 16.0899 46.857 27.4878 9.62531 17.8625 25.573 16.7455
internal_count=4906 2231 1318 745 913 2675 2205 568 337 573 345 879 849 461 1326 531 484 221 184 352 312 199 118 67 308 177 74 103 156 101
is_linear=0
shrinkage=0.1


Tree=14
num_leaves=31
num_cat=0
split_feature=1 11 0 7 11 7 16 0 13 5 108 22 5 6 45 139 14 15 95 5 5 74 15 12 16 6 16 6 39 12
split_gain=33.6042 15.8858 10.8341 9.66803 8.92397 6.07742 5.93559 5.79638 6.4582 5.65621 6.8313 5.55073 5.37522 10.3152 5.05668 5.48834 5.38226 4.71894 4.4518 5.55207 4.43859 8.20424 8.40099 4.4008 4.79154 4.37282 5.17337 4.18983 4.11847 5.47934
threshold=-0.20876112580299375 1.0000000180025095e-35 12.510609149932863 1.0000000180025095e-35 1.0000000180025095e-35 1.0000000180025095e-35 1.0000000180025095e-35 6.1615331172943124 1.0000000180025095e-35 1.0000000180025095e-35 1.0000000180025095e-35 1.0000000180025095e-35 1.0000000180025095e-35 1.0000000180025095e-35 1.0000000180025095e-35 1.0000000180025095e-35 1.0000000180025095e-35 1.0000000180025095e-35 1.0000000180025095e-35 1.0000000180025095e-35 1.0000000180025095e-35 1.0000000180025095e-35 1.0000000180025095e-35 1.0000000180025095e-35 1.0000000180025095e-35 1.0000000180025095e-35 1.0000000180025095e-35 1.0000000180025095e-35 1.0000000180025095e-35 1.0000000180025095e-35
decision_type=2 2 2 2 2 2 2 2 2 2 2 2 2 2 2 2 2 2 2 2 2 2 2 2 2 2 2 2 2 2
left_child=1 3 4 7 5 -2 11 9 17 10 25 28 13 -3 15 16 -4 -9 19 -17 21 -7 -23 24 -22 26 -1 -5 -6 -30
right_child=2 12 14 27 6 20 -8 8 -10 -11 -12 -13 -14 -15 -16 18 -18 -19 -20 -21 23 22 -24 -25 -26 -27 -28 -29 29 -31
leaf_value=0.060050743267729835 0.022978516539016766 -0.088089612020236144 -0.020206249255972458 -0.0080281097478372681 -0.049914817051580435 -0.080307776817782978 -0.069879526829668789 0.1391303492599173 -0.050811264628847941 0.090982262735491676 -0.086944491090248488 0.095022828538159521 0.016287057168152042 0.0015437232851583927 -0.069871001141752348 -0.015631319058451987 -0.063764559278571234 0.0082181505248243823 -0.085105550220813675 0.10992167979035419 0.01906476832226868 0.060721784289371299 -0.091168202372094595 0.06618334786059217 -0.092997847602842992 0.081246410929346716 -0.036252836864682753 0.038096124348544459 -0.027687124397910819 0.074146221194185957
leaf_weight=14.268064804375172 100.4696587100625 19.000187121331692 74.881633765995502 43.496983617544174 26.313795484602451 20.9265176653862 28.279635511338711 4.5649922490119934 9.6358331814408302 50.760653927922249 3.6816118210554114 4.3479761108756056 53.656986445188522 39.595632776618004 39.224506862461567 7.0002820268273371 45.668220289051533 6.9388265386223793 3.0840828567743293 7.0886510014533997 12.162890598177912 11.659436136484148 5.2952092289924613 10.268714234232904 5.559565231204032 27.394590601325035 9.1587715372443199 35.98899732530117 15.144729636609554 8.1150711551308632
leaf_count=85 549 250 638 256 206 148 230 20 49 241 18 30 240 196 398 65 408 34 26 45 62 79 39 48 30 119 68 163 111 55
internal_value=-0.000901408 0.0236826 -0.019283 0.0401823 -0.00581907 0.0075013 -0.0327741 0.057366 0.00958126 0.0669624 0.0445919 -0.0133138 -0.0065805 -0.0275206 -0.0381947 -0.029173 -0.0367076 0.0601673 0.0237175 0.0475389 -0.0161048 -0.0384184 0.0132841 0.0140928 -0.0160895 0.0541206 0.0224007 0.0128556 -0.0228158 0.00784133
internal_weight=743.633 318.142 425.491 205.889 248.543 166.342 82.2012 126.403 21.1397 105.264 54.503 53.9216 112.253 58.5958 176.947 137.723 120.55 11.5038 17.173 14.0889 65.8723 37.8812 16.9546 27.9912 17.7225 50.8214 23.4268 79.486 49.5736 23.2598
internal_count=4906 1739 3167 1053 1587 955 632 634 103 531 290 402 686 446 1580 1182 1046 54 136 110 406 266 118 140 92 272 153 419 372 166
is_linear=0
shrinkage=0.1


Tree=15
num_leaves=31
num_cat=0
split_feature=0 6 5 11 0 11 7 12 1 16 13 17 7 96 16 8 0 5 10 6 9 33 0 81 62 70 6 151 12 84
split_gain=28.7716 15.5061 12.3634 10.7768 7.89209 6.72083 6.46977 6.14629 5.66639 6.17044 5.49223 5.45567 4.73513 5.98361 4.68348 7.08287 4.47403 4.2245 7.234 4.58821 5.168 4.07933 4.47338 4.18112 5.86546 3.94493 3.73115 3.62698 3.62467 3.92472
threshold=4.9609856605529794 1.0000000180025095e-35 1.0000000180025095e-35 1.0000000180025095e-35 13.600273609161379 1.0000000180025095e-35 1.0000000180025095e-35 1.0000000180025095e-35 0.1512662544846535 1.0000000180025095e-35 1.0000000180025095e-35 1.0000000180025095e-35 1.0000000180025095e-35 1.0000000180025095e-35 1.0000000180025095e-35 1.0000000180025095e-35 6.3449692726135263 1.0000000180025095e-35 1.0000000180025095e-35 1.0000000180025095e-35 1.0000000180025095e-35 1.0000000180025095e-35 14.205338954925539 1.0000000180025095e-35 1.0000000180025095e-35 1.0000000180025095e-35 1.0000000180025095e-35 1.0000000180025095e-35 1.0000000180025095e-35 1.0000000180025095e-35
decision_type=2 2 2 2 2 2 2 2 2 2 2 2 2 2 2 2 2 2 2 2 2 2 2 2 2 2 2 2 2 2
left_child=3 2 7 14 5 12 17 11 9 -4 25 -2 16 -14 -1 -16 -3 19 -19 -5 -21 22 -6 -24 -25 -7 -8 -9 29 -10
right_child=1 4 8 6 21 10 26 27 28 -11 -12 -13 13 -15 15 -17 -18 18 -20 20 -22 -23 23 24 -26 -27 -28 -29 -30 -31
leaf_value=0.067906530447765179 0.090885229054389616 0.086399801527382442 0.029461570975820479 -0.077512418392655352 -0.083860522949786118 0.020571897537455114 -0.076588983739871483 -0.034316062921501904 -0.055764292981995561 -0.024640705044652312 -0.051492839432334937 -0.078656694557091636 -0.010495060198825712 0.087572473697951334 -0.0031267694879875277 0.074385655163614325 0.029587672218251721 0.10343943540911793 -0.016425725873407092 0.070219573670861887 -0.051211025709111284 -0.096997696652238688 0.017162393948706358 0.051173641785181294 -0.10333380553450755 -0.063264999707569797 0.0034912353591429329 0.089239988779297133 -0.0018628690221891395 0.070690590434047365
leaf_weight=69.685354769229889 1.9574406296014775 17.275659039616585 51.179838851094246 6.4649846926331529 8.4260944947600347 38.875402189791203 13.149996697902679 59.311027005314827 41.885743103921413 35.845156840980053 23.013910636305809 62.49352315813303 45.593565091490746 7.2049462497234336 29.718010358512402 19.539938844740391 70.144293837249279 12.711836412549019 8.337078645825386 9.1029791980981809 5.6990895867347726 7.5095591917634001 28.042779147624969 3.5861349478363973 7.8033145740628242 6.5597316697239867 10.435410708189011 2.4749782979488364 26.913082093000412 2.6071248054504386
leaf_count=369 19 77 243 91 66 209 105 565 343 171 138 735 225 34 157 97 329 59 39 42 29 89 231 31 69 47 51 25 202 19
internal_value=-0.000871569 -0.0123664 -0.0285563 0.0332503 0.00508863 0.0139943 0.000811587 -0.0519031 -0.00995372 0.00717712 -0.0116921 -0.0735075 0.0265334 0.00288735 0.0512232 0.0276213 0.0408147 0.0242036 0.0559631 -0.00723022 0.0234664 -0.0284746 -0.0177224 -0.00358969 -0.0546849 0.00846788 -0.0411573 -0.0293667 -0.0308317 -0.0483545
internal_weight=733.548 548.703 284.668 184.845 264.035 208.668 65.9014 126.237 158.431 87.025 68.449 64.451 140.218 52.7985 118.943 49.2579 87.42 42.316 21.0489 21.2671 14.8021 55.3679 47.8583 39.4322 11.3894 45.4351 23.5854 61.786 71.406 44.4929
internal_count=4906 3867 2322 1039 1545 1059 416 1344 978 414 394 754 665 259 623 254 406 260 98 162 71 486 397 331 100 256 156 590 564 362
is_linear=0
shrinkage=0.1


Tree=16
num_leaves=31
num_cat=0
split_feature=0 12 6 11 5 0 44 13 0 68 0 7 5 9 5 0 5 1 16 1 11 17 113 74 0 74 8 130 1 16
split_gain=23.5952 13.2372 8.9608 8.7668 8.28154 6.86755 9.28263 5.85475 7.78835 5.66772 5.61742 5.32896 5.20897 5.8831 5.09853 4.93025 4.91621 4.90906 4.82572 5.72458 6.13959 4.66483 4.36255 4.12576 4.2758 4.12447 6.60551 5.46369 5.72896 3.83476
threshold=4.9609856605529794 1.0000000180025095e-35 1.0000000180025095e-35 1.0000000180025095e-35 1.0000000180025095e-35 12.510609149932863 1.0000000180025095e-35 1.0000000180025095e-35 13.151266574859621 1.0000000180025095e-35 13.600273609161379 1.0000000180025095e-35 1.0000000180025095e-35 1.0000000180025095e-35 1.0000000180025095e-35 15.132101058959963 1.0000000180025095e-35 0.61715719103813182 1.0000000180025095e-35 0.1041143834590912 1.0000000180025095e-35 1.0000000180025095e-35 1.0000000180025095e-35 1.0000000180025095e-35 5.6960985660552987 1.0000000180025095e-35 1.0000000180025095e-35 1.0000000180025095e-35 0.15917559713125232 1.0000000180025095e-35
decision_type=2 2 2 2 2 2 2 2 2 2 2 2 2 2 2 2 2 2 2 2 2 2 2 2 2 2 2 2 2 2
left_child=3 2 4 16 21 6 -3 -7 -9 -10 14 -5 13 -11 23 17 -1 22 -8 -20 -21 -2 25 -4 -25 27 -27 28 -6 -28
right_child=1 5 10 11 15 7 18 8 9 12 -12 -13 -14 -15 -16 -17 -18 -19 19 20 -22 -23 -24 24 -26 26 29 -29 -30 -31
leaf_value=0.027389679572429177 0.076083076242038181 0.18238605437397734 -0.03420984226345055 0.021890505455989591 -0.0073935328038600943 -0.039951676182595972 0.028243173458606344 -0.1163576416295774 -0.011700134645623391 0.11150550431413689 -0.045681675280740734 -0.037919228294021612 0.1699301226973805 -0.077580784615956827 0.025223880702138043 -0.085446617999486191 0.068263372910572259 0.097686560035031844 -0.029261478726133168 0.092619240413480117 -0.051221479650892923 -0.075737455608070436 0.081644923758776522 0.10398840286642302 -0.0022717568956987268 -0.040764943546345744 0.086580284004506347 -0.14863442125525081 -0.087545828957751204 -0.025132861200364894
leaf_weight=63.387203298509121 2.0962096676230422 3.4005908817052832 45.548078000545502 41.98273142427206 27.900643549859524 45.730302102863789 99.104957193136215 3.6055517643690136 10.310981430113316 4.0083162486553192 31.590278051793575 23.090263500809669 4.801780678331852 2.7913213893771172 52.785865142941475 11.233118705451487 54.925125673413277 3.7017924785614005 38.188760057091713 9.2162835970520955 4.3765149787068358 58.615064866840839 4.0041332095861426 4.4606035798788097 25.070239968597889 16.279948249459267 9.9785574674606341 4.5393559783697119 13.106615938246248 4.4400076642632476
leaf_count=350 19 19 253 260 139 414 563 32 92 41 295 156 36 29 247 118 273 29 218 59 36 735 22 20 141 101 59 19 104 27
internal_value=-0.000848303 -0.011358 -0.0245879 0.0301496 -0.0416361 0.00714044 0.0189986 -0.0185382 0.0198366 0.0422466 -0.00792027 0.000667838 0.0901927 0.0338836 0.00140906 -0.0232288 0.0463648 -0.0149037 0.0153162 -0.00942471 0.0463064 -0.0704955 -0.0200973 -0.0153345 0.0137787 -0.0254405 0.00288956 -0.044535 -0.0330116 0.0521797
internal_weight=724.271 540.886 315.351 183.385 155.895 225.535 154.287 71.2483 25.518 21.9124 159.455 65.073 11.6014 6.79964 127.865 95.1842 118.312 83.9511 150.887 51.7816 13.5928 60.7113 80.2493 75.0789 29.5308 76.2451 30.6985 45.5466 41.0073 14.4186
internal_count=4906 3867 2328 1039 1372 1539 895 644 230 198 956 416 106 70 661 618 623 500 876 313 95 754 471 414 161 449 187 262 243 86
is_linear=0
shrinkage=0.1


Tree=17
num_leaves=31
num_cat=0
split_feature=0 6 5 7 5 0 5 12 15 16 138 67 21 9 133 101 12 21 0 0 14 11 1 16 74 8 9 13 104 13
split_gain=19.3637 11.6338 10.0476 7.98515 6.43256 6.1254 6.27142 5.0742 6.24889 4.96465 5.38395 4.95142 6.04936 5.41764 4.91577 4.9144 4.74058 4.59072 4.94932 6.97584 4.2729 4.19837 3.93987 5.16594 4.71769 4.33697 8.11568 3.83786 3.83561 4.58875
threshold=4.9609856605529794 1.0000000180025095e-35 1.0000000180025095e-35 1.0000000180025095e-35 1.0000000180025095e-35 16.223134994506839 1.0000000180025095e-35 1.0000000180025095e-35 1.0000000180025095e-35 1.0000000180025095e-35 1.0000000180025095e-35 1.0000000180025095e-35 1.0000000180025095e-35 1.0000000180025095e-35 1.0000000180025095e-35 1.0000000180025095e-35 1.0000000180025095e-35 1.0000000180025095e-35 9.5071868896484393 14.867898464202883 1.0000000180025095e-35 1.0000000180025095e-35 0.11171952262520791 1.0000000180025095e-35 1.0000000180025095e-35 1.0000000180025095e-35 1.0000000180025095e-35 1.0000000180025095e-35 1.0000000180025095e-35 1.0000000180025095e-35
decision_type=2 2 2 2 2 2 2 2 2 2 2 2 2 2 2 2 2 2 2 2 2 2 2 2 2 2 2 2 2 2
left_child=3 2 16 4 -1 6 9 8 14 10 20 -11 13 -13 -6 22 17 -2 -19 -20 -3 -5 23 24 -4 26 -26 -10 29 -8
right_child=1 5 15 21 7 -7 28 -9 27 11 -12 12 -14 -15 -16 -17 -18 18 19 -21 -22 -23 -24 -25 25 -27 -28 -29 -30 -31
leaf_value=0.021008510326378134 -0.078771152883401752 0.031190990635623618 0.00010200388026961999 0.017796824770479988 0.048368780059526766 -0.053202364956453446 0.04055907999283781 0.10829924570756636 0.044426566351317059 -0.064376387463993864 -0.098921610137829796 0.016375477634299255 0.10584082789215746 -0.081059015148136668 0.15769910424042999 0.082107181258598533 -0.027367432862580195 -0.10911341224998794 0.13815033412582431 -0.11013767298610502 -0.014646513339083754 -0.034644860543981894 -0.029027738526804375 -0.026664261430974445 -0.064557574175991159 0.12203441297044387 0.11544110972294618 -0.060177376807866251 0.12535258202005012 -0.0046810809601615924
leaf_weight=59.485405892133713 49.437559589743614 56.032926306128502 29.094024017453194 46.351955391466618 13.539744183421137 17.092417903244495 61.150856122374535 20.223312884569168 7.2826404273509961 22.795837551355362 4.3897811695933333 14.646195262670521 4.4100324213504782 9.3496747091412544 5.9066058099269858 5.8050309196114531 60.550832636654377 2.6015580967068663 3.5790393650531769 1.6547641977667806 31.922894895076752 22.763188995420933 69.828637160360813 33.257495619356632 5.1950494199991244 7.6929877400398246 4.837221086025238 6.7661881446838379 3.8819081783294669 35.399583138525486
leaf_count=369 661 317 137 244 66 190 313 107 36 147 22 88 24 58 30 31 590 36 37 20 191 156 567 160 24 36 23 31 18 177
internal_value=-0.000833506 -0.010431 -0.0248428 0.0273087 0.0436611 0.0046688 0.00872307 0.0687456 0.0448643 -0.00468744 0.00916036 -0.0296628 -0.0018051 -0.0215886 0.0815766 -0.00817099 -0.0468755 -0.0675 0.0036155 0.0596495 0.0145546 0.000525068 -0.011667 0.00347198 0.0248789 0.0655473 0.0222317 -0.00595272 0.0278906 0.0239721
internal_weight=716.925 534.606 273.534 182.319 113.204 261.072 243.98 53.7185 33.4952 143.547 92.3456 51.2017 28.4059 23.9959 19.4463 155.71 117.824 57.2729 7.83536 5.2338 87.9558 69.1151 149.905 80.0768 46.8193 17.7253 10.0323 14.0488 100.432 96.5504
internal_count=4906 3867 2322 1039 639 1545 1355 270 163 847 530 317 170 146 96 978 1344 754 93 57 508 400 947 380 220 83 47 67 508 490
is_linear=0
shrinkage=0.1


Tree=18
num_leaves=31
num_cat=0
split_feature=0 11 7 16 0 78 12 5 1 214 167 6 5 0 10 82 0 5 108 15 67 5 139 10 93 7 0 26 14 68
split_gain=16.7678 14.8272 11.4883 7.09411 6.5675 5.42219 5.32923 6.07357 5.25819 5.1066 5.0249 5.00197 7.16024 5.31534 4.73061 4.58362 4.576 4.54007 5.69709 4.48602 4.75718 4.4456 5.25903 4.49844 4.86779 6.30146 4.84536 4.58479 5.02958 4.34476
threshold=12.510609149932863 1.0000000180025095e-35 1.0000000180025095e-35 1.0000000180025095e-35 6.1615331172943124 1.0000000180025095e-35 1.0000000180025095e-35 1.0000000180025095e-35 -0.36938171088695521 1.0000000180025095e-35 1.0000000180025095e-35 1.0000000180025095e-35 1.0000000180025095e-35 11.43189573287964 1.0000000180025095e-35 1.0000000180025095e-35 5.1238877773284921 1.0000000180025095e-35 1.0000000180025095e-35 1.0000000180025095e-35 1.0000000180025095e-35 1.0000000180025095e-35 1.0000000180025095e-35 1.0000000180025095e-35 1.0000000180025095e-35 1.0000000180025095e-35 15.132101058959963 1.0000000180025095e-35 1.0000000180025095e-35 1.0000000180025095e-35
decision_type=2 2 2 2 2 2 2 2 2 2 2 2 2 2 2 2 2 2 2 2 2 2 2 2 2 2 2 2 2 2
left_child=1 2 4 11 17 14 16 19 -7 21 -6 12 -3 15 -5 -14 -4 18 -1 20 -8 -2 23 24 25 26 29 -28 -29 -23
right_child=9 3 6 5 10 8 7 -9 -10 -11 -12 -13 13 -15 -16 -17 -18 -19 -20 -21 -22 22 -24 -25 -26 -27 27 28 -30 -31
leaf_value=0.041441812947650328 -0.047923146447318869 -0.067770416566288044 0.011553522119407876 -0.031780381743758787 0.012995357888929322 -0.036889227309285351 -0.037974513340539293 0.062024179616209568 0.13058943397966158 0.12711825168120502 0.10433475772964598 0.018351620611507212 0.005062302545224542 0.11662332850836309 -0.09245960322444656 -0.10996079709042537 -0.036570621051353829 0.075298589161455667 -0.08769936483522911 -0.053325997091885159 0.057198445414303259 0.16303822138050286 0.057139060263813539 -0.054356583274175807 -0.08810832614643449 -0.048712069476043729 -0.056659057787927604 0.17069338925486838 -0.031836371989187887 0.038479836650439379
leaf_weight=50.275460436940193 79.678803365677595 21.764742985367775 31.308049581944942 36.566130436956882 114.39523643255234 4.2582677975296974 8.3966648280620575 21.907731711864471 3.3489717803895465 2.062016934156417 6.3577074930071822 62.857995629310608 29.852682799100876 3.7889434099197379 19.807817328721285 3.9193283990025511 53.562610473483801 46.528385177254677 3.665076069533824 12.439785182476042 14.023293018341064 4.5290246680378932 9.0857705622911435 28.422711253166199 5.7359755709767333 11.746315710246561 6.9442495778202993 2.4573486223816872 2.4473916217684746 7.3371052071452141
leaf_count=272 909 300 165 273 620 29 51 101 25 20 32 332 153 27 156 23 345 241 18 79 84 31 60 246 43 103 69 24 24 51
internal_value=-0.000798412 0.00751233 0.0192833 -0.0154308 0.0335208 -0.042407 -0.00295403 0.0207636 0.0368407 -0.0292365 0.0178044 -0.00130484 -0.0221317 0.00431379 -0.0531009 -0.00828642 -0.018818 0.0524103 0.0326671 -0.00516678 0.0215545 -0.0312721 -0.0144153 -0.0237535 -0.00263991 0.0111848 0.0408523 -0.0043816 0.0696341 0.0860209
internal_weight=709.472 549.025 362.86 186.165 221.222 63.9812 141.638 56.7675 7.60724 160.447 120.753 122.184 59.3257 37.561 56.3739 33.772 84.8707 100.469 53.9405 34.8597 22.42 158.385 78.7059 69.6201 41.1974 35.4614 23.7151 11.849 4.90474 11.8661
internal_count=4906 3326 2008 1318 1183 483 825 315 54 1580 652 835 503 203 429 176 510 531 290 214 135 1560 651 591 345 302 199 117 48 82
is_linear=0
shrinkage=0.1


Tree=19
num_leaves=31
num_cat=0
split_feature=12 0 5 6 176 0 6 6 7 5 0 11 16 11 5 0 67 137 13 73 67 69 11 0 11 0 0 0 108 11
split_gain=14.5359 9.76943 9.30717 9.31684 9.4979 9.04685 6.79172 6.48567 5.20019 5.17093 4.96375 4.87755 5.49687 4.54287 4.23919 4.05174 3.82842 3.54759 3.45958 4.91637 3.45306 3.29547 3.28733 3.24891 3.19611 3.14246 4.41325 2.85825 5.62335 3.32839
threshold=1.0000000180025095e-35 13.151266574859621 1.0000000180025095e-35 1.0000000180025095e-35 1.0000000180025095e-35 5.6454484462738046 1.0000000180025095e-35 1.0000000180025095e-35 1.0000000180025095e-35 1.0000000180025095e-35 3.1252566576004033 1.0000000180025095e-35 1.0000000180025095e-35 1.0000000180025095e-35 1.0000000180025095e-35 2.2505134344100957 1.0000000180025095e-35 1.0000000180025095e-35 1.0000000180025095e-35 1.0000000180025095e-35 1.0000000180025095e-35 1.0000000180025095e-35 1.0000000180025095e-35 3.4811772108078007 1.0000000180025095e-35 11.934291839599611 10.310746192932131 12.462697029113771 1.0000000180025095e-35 1.0000000180025095e-35
decision_type=2 2 2 2 2 2 2 2 2 2 2 2 2 2 2 2 2 2 2 2 2 2 2 2 2 2 2 2 2 2
left_child=1 2 3 4 -1 6 8 21 9 22 -9 17 20 -10 27 -5 -11 18 -12 -20 -13 25 -2 24 -8 26 -4 29 -29 -7
right_child=5 -3 7 15 -6 14 23 10 13 16 11 12 -14 -15 -16 -17 -18 -19 19 -21 -22 -23 -24 -25 -26 -27 -28 28 -30 -31
leaf_value=-0.06693762851743297 0.028406864471050144 -0.045680656086625582 0.0024865847924827023 0.10103966267950158 0.17090844879337685 0.017497426914263949 0.080344324136439271 0.12510897873887536 0.0064978689482442058 0.018868222694285283 0.064148912774449174 -0.031993958649515424 -0.088323155067067269 -0.101138555681374 0.019722238758295922 -0.010101027634482708 0.12625865495028932 0.12897770542310025 -0.05159139383424001 0.066577164725650381 0.064511350208616855 -0.092317717673925659 -0.079252355084076909 0.098453736104469572 -0.006808316905999149 0.086995208223998088 -0.065126250560819512 -0.044399613764939484 0.089401324198758292 -0.028410902375325404
leaf_weight=48.82137082144618 16.460106760263447 74.92211651802063 90.858765058219433 3.3894658088684073 1.7387356795370568 47.821035288274288 9.1742809563875216 5.5917910784482947 15.887678325176241 5.1320699304342243 19.347440108656883 6.6600404530763635 6.5027099996805182 5.2059928588569155 93.191792599856853 101.71605671197176 9.3997404724359512 4.7363933920860282 8.1661638617515546 6.1892642527818671 8.3639146536588669 4.1362831816077223 3.4266757145524016 22.305964261293411 7.7729921936988822 3.8803386539220801 10.801521383225916 33.597988002002239 3.4650082290172568 23.579424828290939
leaf_count=661 82 814 424 16 17 294 53 36 86 24 96 31 32 42 534 535 47 27 38 31 40 36 48 111 36 30 80 368 38 199
internal_value=-0.000777712 -0.0130737 -0.00569086 -0.0234849 -0.0587582 0.0160564 0.0415408 0.010116 0.0190291 0.0429895 0.0349996 0.026597 -0.0115138 -0.0200672 0.00408034 -0.00651694 0.0883325 0.0479397 0.0365511 -0.000643667 0.0217311 -0.00475776 0.00985619 0.073377 0.0403711 -0.00132616 -0.00469736 -0.00935918 -0.0318906 0.00233657
internal_weight=702.243 405.822 330.9 155.666 50.5601 296.421 94.7655 175.235 55.5123 34.4186 65.5577 59.9659 21.5267 21.0937 201.655 105.106 14.5318 38.4393 33.7029 14.3554 15.024 109.677 19.8868 39.2532 16.9473 105.541 101.66 108.463 37.063 71.4005
internal_count=4906 2944 2130 1229 678 1962 529 901 329 201 331 295 103 128 1433 551 71 192 165 69 71 570 130 200 89 534 504 899 406 493
is_linear=0
shrinkage=0.1


Tree=20
num_leaves=31
num_cat=0
split_feature=6 5 0 12 101 12 21 1 73 0 14 0 5 7 25 42 0 11 134 72 1 9 10 1 65 0 5 16 15 9
split_gain=12.7108 10.6895 8.93343 6.65329 6.23102 6.14629 5.54767 5.13173 4.8992 4.77945 4.73651 6.75742 5.7461 4.33601 4.79209 3.95213 4.05413 4.13713 5.11574 5.39681 11.0205 4.30754 5.33814 4.12325 3.9193 3.87086 3.84384 4.44751 4.00131 4.76946
threshold=1.0000000180025095e-35 1.0000000180025095e-35 6.1615331172943124 1.0000000180025095e-35 1.0000000180025095e-35 1.0000000180025095e-35 1.0000000180025095e-35 0.11171952262520791 1.0000000180025095e-35 2.6105407476425175 1.0000000180025095e-35 4.7049965858459482 1.0000000180025095e-35 1.0000000180025095e-35 1.0000000180025095e-35 1.0000000180025095e-35 3.639972567558289 1.0000000180025095e-35 1.0000000180025095e-35 1.0000000180025095e-35 0.059396151453256614 1.0000000180025095e-35 1.0000000180025095e-35 -0.20009126514196393 1.0000000180025095e-35 9.5071868896484393 1.0000000180025095e-35 1.0000000180025095e-35 1.0000000180025095e-35 1.0000000180025095e-35
decision_type=2 2 2 2 2 2 2 2 2 2 2 2 2 2 2 2 2 2 2 2 2 2 2 2 2 2 2 2 2 2
left_child=1 3 5 6 7 10 -1 -3 25 -5 12 -12 -2 14 -11 16 -16 18 19 20 23 22 -19 -18 26 -8 27 -4 29 -29
right_child=2 4 24 9 -6 -7 8 -9 -10 13 11 -13 -14 -15 15 -17 17 21 -20 -21 -22 -23 -24 -25 -26 -27 -28 28 -30 -31
leaf_value=-0.069923128802757514 -0.025886010206913085 0.0085592872149498362 0.0062436812346823578 0.093465263490297601 0.090202036288314025 0.064213976298863454 -0.023096363893930584 -0.025226547807308576 -0.10988211675007659 -0.12148177968544407 0.09641722920309298 -0.0034911867175957557 0.047705728373224295 -0.049517610399661072 -0.069997581459907421 -0.064958994309331206 0.10143012416839853 0.096638004897958846 -0.031699219134886568 -0.04289155265905871 0.26086266043307238 -0.10923274272099351 -0.10954874859838691 -0.023874573380678908 -0.061886038124319948 0.12352453027079986 0.019796670912890939 0.027941097822895822 -0.072523188277745329 -0.06281077028842702
leaf_weight=56.596950005739927 31.921811744570732 135.56173530220985 77.123624801635742 3.8480886220931998 7.4951514676213256 45.208310298621655 3.4445739202201349 67.263547964394093 2.459314938634634 3.1019521281123152 14.823950327932836 12.460104145109652 15.892126798629759 31.264212161302567 4.432721607387065 6.4699548631906501 7.4787956923246357 3.8762541934847814 5.313203550875186 2.9810288846492758 3.463095247745513 3.6410985216498375 1.8572855293750761 4.047159917652615 9.459756523370741 3.7727132216095924 87.688637636601925 14.370811507105827 16.533735334873199 9.6998344361782074
leaf_count=830 150 632 491 25 38 232 48 567 34 33 79 57 95 309 29 74 37 49 30 37 32 48 24 29 96 38 474 102 120 67
internal_value=-0.000734163 -0.0138266 0.013264 -0.0344117 0.000663571 0.0350822 -0.0579598 -0.00264521 0.0120115 -0.0153274 0.0175451 0.050791 -0.001426 -0.0206997 -0.00139151 0.00716012 0.0197403 0.0319206 0.0545051 0.0799931 0.104432 -0.0241713 0.0298472 0.0574313 0.0010483 0.0535472 0.00394652 -0.00785932 -0.0346464 -0.00862951
internal_weight=693.552 358.369 335.183 148.048 210.32 120.306 66.2736 202.825 9.6766 81.7749 75.098 27.2841 47.8139 77.9268 46.6626 43.5606 37.0906 32.6579 23.2833 17.9701 14.9891 9.37464 5.73354 11.526 214.876 7.21729 205.417 117.728 40.6044 24.0706
internal_count=4906 2943 1963 1706 1237 613 950 1199 120 756 381 136 245 731 422 389 315 286 165 135 98 121 73 66 1350 86 1254 780 289 169
is_linear=0
shrinkage=0.1


Tree=21
num_leaves=31
num_cat=0
split_feature=12 11 0 7 0 104 8 167 15 133 6 67 6 17 1 1 0 5 55 11 15 26 73 0 61 8 15 0 83 9
split_gain=10.9309 7.90605 6.46559 7.34347 6.21752 5.62115 4.7761 7.74625 5.1369 5.29761 4.61653 4.31875 5.04278 4.05818 5.3056 8.11746 4.04172 4.76987 5.69769 3.92502 4.21683 3.79502 5.31161 3.72908 3.7244 6.17658 5.23946 4.9389 4.33414 4.08754
threshold=1.0000000180025095e-35 1.0000000180025095e-35 13.151266574859621 1.0000000180025095e-35 5.6454484462738046 1.0000000180025095e-35 1.0000000180025095e-35 1.0000000180025095e-35 1.0000000180025095e-35 1.0000000180025095e-35 1.0000000180025095e-35 1.0000000180025095e-35 1.0000000180025095e-35 1.0000000180025095e-35 0.66811162233352672 0.63586583733558666 4.3846678733825692 1.0000000180025095e-35 1.0000000180025095e-35 1.0000000180025095e-35 1.0000000180025095e-35 1.0000000180025095e-35 1.0000000180025095e-35 9.3497605323791522 1.0000000180025095e-35 1.0000000180025095e-35 1.0000000180025095e-35 4.850102663040162 1.0000000180025095e-35 1.0000000180025095e-35
decision_type=2 2 2 2 2 2 2 2 2 2 2 2 2 2 2 2 2 2 2 2 2 2 2 2 2 2 2 2 2 2
left_child=1 2 3 5 10 6 8 16 9 11 19 -1 -13 -3 15 -15 -8 23 -19 20 -2 22 -10 -18 27 28 -27 -5 29 -26
right_child=4 13 -4 24 -6 -7 7 -9 21 -11 -12 12 -14 14 -16 -17 17 18 -20 -21 -22 -23 -24 -25 25 26 -28 -29 -30 -31
leaf_value=-0.039498762054788389 0.058223177546866858 0.085045897526323536 -0.036906355454688157 0.0086577283339732171 0.0040174798370689697 -0.088272193077537156 0.10093602546356353 0.19743071895939213 0.076131275463292181 0.10265031538814906 0.062274658530755124 -0.027941403868547317 0.088751615038381998 -0.029842566911129655 -0.089493013130878679 0.14850756998783196 -0.046995387401693303 -0.020190166552150848 0.092387549112655912 -0.029589438354190103 -0.007483123208378642 -0.045788458747904166 -0.04705881012728734 0.052745363959340187 0.062695808778598913 0.11946151210229283 -0.021722900543184313 -0.051963054237665507 -0.11761312793661208 -0.053330451652794757
leaf_weight=9.6729818508028984 24.759015768766403 2.9835550636053076 41.616250894963741 20.860971435904503 199.78695682808757 4.4635461904108515 8.6159752085804922 3.3106549605727187 7.898474305868147 8.9282428920268995 37.764116682112217 5.9004529342055312 9.9446971416473389 122.64685023576021 14.774372860789297 2.6061852946877471 11.423676431179048 6.5504332110285768 14.331816621124744 13.672643817961214 16.130669735372066 20.427831906825304 6.285226508975029 5.579227987676858 5.9506675601005572 7.494692377746107 4.0483724288642406 37.777923308312893 3.9047392010688773 6.1997839957475662
leaf_count=51 130 28 462 114 1433 27 50 16 43 53 200 35 50 978 196 25 81 33 67 113 86 112 39 48 42 46 26 259 23 40
internal_value=-0.000725271 -0.0115892 -0.000903318 0.00624612 0.0139352 0.021899 0.0260359 0.0496375 0.00901191 0.0363509 0.0353964 0.0131542 0.0452972 -0.030358 -0.0328169 -0.0261316 0.0391153 0.0250559 0.0570737 0.0167932 0.0323025 -0.0181966 0.021542 -0.0142671 -0.01614 0.0141524 0.0699455 -0.030397 -0.0259607 0.00349326
internal_weight=686.311 394.198 251.187 209.57 292.113 123.333 118.87 49.8118 69.0579 34.4464 92.3264 25.5181 15.8452 143.011 140.027 125.253 46.5011 37.8852 20.8822 54.5623 40.8897 34.6115 14.1837 17.0029 86.2372 27.5983 11.5431 58.6389 16.0552 12.1505
internal_count=4906 2944 1717 1255 1962 705 678 295 383 189 529 136 85 1227 1199 1003 279 229 100 329 216 194 82 129 550 177 72 373 105 82
is_linear=0
shrinkage=0.1


Tree=22
num_leaves=31
num_cat=0
split_feature=6 5 0 19 22 12 5 101 11 0 0 174 7 25 8 61 14 128 12 16 7 34 61 54 26 94 81 12 0 41
split_gain=10.1662 9.32999 6.27454 5.64071 8.884 6.14215 5.2676 4.78814 4.18618 5.6039 3.95084 3.81717 3.5792 4.32926 3.4804 5.73252 3.69221 3.73333 4.16835 3.57305 4.75525 3.41485 3.34698 5.5949 5.64801 4.64487 4.19957 5.92211 4.83232 4.05879
threshold=1.0000000180025095e-35 1.0000000180025095e-35 6.1615331172943124 1.0000000180025095e-35 1.0000000180025095e-35 1.0000000180025095e-35 1.0000000180025095e-35 1.0000000180025095e-35 1.0000000180025095e-35 4.9609856605529794 7.2840518951416025 1.0000000180025095e-35 1.0000000180025095e-35 1.0000000180025095e-35 1.0000000180025095e-35 1.0000000180025095e-35 1.0000000180025095e-35 1.0000000180025095e-35 1.0000000180025095e-35 1.0000000180025095e-35 1.0000000180025095e-35 1.0000000180025095e-35 1.0000000180025095e-35 1.0000000180025095e-35 1.0000000180025095e-35 1.0000000180025095e-35 1.0000000180025095e-35 1.0000000180025095e-35 7.7577002048492441 1.0000000180025095e-35
decision_type=2 2 2 2 2 2 2 2 2 2 2 2 2 2 2 2 2 2 2 2 2 2 2 2 2 2 2 2 2 2
left_child=1 3 6 5 -5 11 14 10 -8 -10 -3 -1 13 -7 15 19 17 18 -16 20 -2 -15 25 24 -24 -4 27 29 -28 -25
right_child=2 7 22 4 -6 12 8 -9 9 -11 -12 -13 -14 21 16 -17 -18 -19 -20 -21 -22 -23 23 26 -26 -27 28 -29 -30 -31
leaf_value=-0.066003974345061375 0.082529719060170703 0.013012600416120918 -0.0034220970366436254 -0.054692638347352274 0.17917985943110104 -0.12048169983952542 0.088545362022789467 0.078704454237554469 0.070328814193090353 -0.058137816823136325 -0.015146573896281552 0.066191165007730923 -0.045306516159972318 0.017161974729314463 0.005707399358354466 -0.061898225509607954 0.095026733619618359 -0.034478140938198558 0.12085232082689648 -0.016823896377249303 -0.011436731806726705 -0.064154538644577264 0.14507771061692998 -0.024973388971045951 0.015492986918576973 -0.08037360525655754 0.086218510977418769 0.064230013294255456 -0.046750446121031519 0.080855491262110585
leaf_weight=56.578285437077284 13.301267549395561 93.603207588195801 121.00894087925553 3.3471401855349532 3.1554677709937096 2.8588111549615851 22.595900297164917 7.6363582015037528 8.5349360406398755 5.638960972428321 106.53330311179161 2.2720049731433383 29.760166481137276 39.100759096443653 7.7348491698503512 11.522103756666182 9.3898801058530825 7.9396685361862174 5.2969803810119629 16.541720435023308 9.0495838224887848 5.9502130337059489 6.3273876979947072 22.249762415885929 7.1803629547357559 8.3877308629453164 3.1613914221525219 20.068123675882816 20.174074161797762 4.3291205093264571
leaf_count=884 65 418 774 38 23 33 159 38 50 23 781 32 303 331 35 54 44 37 26 78 42 62 32 158 38 56 15 123 132 22
internal_value=-0.000685807 -0.0125421 0.0119011 -0.0321985 0.0587968 -0.0365327 0.0304458 0.000988685 0.0618219 0.0192195 -0.00197662 -0.0609004 -0.0180694 -0.00115052 0.0161632 5.47111e-05 0.0429112 0.0195767 0.0525098 0.0184086 0.0444839 0.00642191 0.0016616 0.0172713 0.0761939 -0.00841024 0.00589834 0.0232246 -0.0287364 -0.00773617
internal_weight=681.228 350.796 330.433 143.023 6.50261 136.52 117.546 207.773 36.7698 14.1739 200.137 58.8503 77.6699 47.9098 80.7761 50.4147 30.3614 20.9715 13.0318 38.8926 22.3509 45.051 212.887 83.4902 13.5078 129.397 69.9825 46.647 23.3355 26.5789
internal_count=4906 2943 1963 1706 61 1645 613 1237 232 73 1199 916 729 426 381 239 142 98 61 185 107 393 1350 520 70 830 450 303 147 180
is_linear=0
shrinkage=0.1


Tree=23
num_leaves=31
num_cat=0
split_feature=11 0 17 7 5 83 178 44 8 15 81 0 5 5 78 10 167 0 6 108 70 59 19 12 16 15 1 42 47 81
split_gain=8.85976 10.3166 7.75983 7.44507 5.6548 5.35175 5.24709 5.10595 6.77256 8.28175 7.79048 7.23486 5.44471 5.05405 8.07158 5.00313 4.97271 5.11486 4.36114 4.06538 3.91701 3.86054 3.83269 3.71092 4.3666 4.92217 4.76183 4.34085 3.70498 3.68605
threshold=1.0000000180025095e-35 13.211498737335207 1.0000000180025095e-35 1.0000000180025095e-35 1.0000000180025095e-35 1.0000000180025095e-35 1.0000000180025095e-35 1.0000000180025095e-35 1.0000000180025095e-35 1.0000000180025095e-35 1.0000000180025095e-35 7.9493498802185067 1.0000000180025095e-35 1.0000000180025095e-35 1.0000000180025095e-35 1.0000000180025095e-35 1.0000000180025095e-35 6.1615331172943124 1.0000000180025095e-35 1.0000000180025095e-35 1.0000000180025095e-35 1.0000000180025095e-35 1.0000000180025095e-35 1.0000000180025095e-35 1.0000000180025095e-35 1.0000000180025095e-35 -0.16024032235145566 1.0000000180025095e-35 1.0000000180025095e-35 1.0000000180025095e-35
decision_type=2 2 2 2 2 2 2 2 2 2 2 2 2 2 2 2 2 2 2 2 2 2 2 2 2 2 2 2 2 2
left_child=1 3 -2 7 18 23 13 -1 9 10 19 12 21 22 -15 -7 17 -10 -4 -9 -19 -12 -5 24 25 26 29 -27 -22 -6
right_child=2 -3 4 6 5 15 -8 8 16 -11 11 -13 -14 14 -16 -17 -18 20 -20 -21 28 -23 -24 -25 -26 27 -28 -29 -30 -31
leaf_value=0.10903847480718017 0.10168634343916934 -0.026721927332817724 -0.05890715138226689 -0.02848088271643567 0.11284329861144581 0.086354358339654547 0.1214444804844967 0.076197248804263318 0.066309691230968679 -0.020093660081064557 0.044350543665174331 -0.059543896753112092 0.090658183804312245 0.025794702413217119 -0.10444291679876914 -0.024465635274832101 0.1469562073368241 0.0073983249150221574 -0.019140116445662346 -0.035942281676049619 0.15442887097101421 -0.092854381528278074 0.080575852190916078 0.012285860465837226 -0.068283524662254916 -0.084489623809340539 -0.026414554902622813 0.041197917255698595 0.0046607320273031952 0.0071798795528501096
leaf_weight=7.1579086706042281 5.4515761509537688 72.34698673710227 45.109531592577696 72.597751125693321 6.438601091504097 11.497194826602938 3.2890374511480323 31.057632483541965 37.726225264370441 57.184266299009323 4.2907564900815522 13.478904753923414 9.2387679666280746 56.673242047429085 5.1948639303445807 6.3095404915511599 4.4167795926332465 45.349686726927757 70.955958440899849 3.6084426492452613 3.7932028546929351 3.9281646274030209 3.3722316063940516 37.204087525606155 18.523730255663395 11.715940110385416 13.101168915629387 3.5897719934582701 2.9258142784237862 6.7760307043790817
leaf_count=39 51 776 741 524 31 66 19 178 207 327 26 72 48 292 26 38 23 258 481 19 26 23 20 217 126 73 101 25 22 31
internal_value=-0.000651368 0.00777817 -0.0162384 0.0146112 -0.0190187 -0.0033186 -0.00338127 0.025939 0.0231979 0.00772316 0.0319704 -0.00450814 0.0379844 -0.00635982 0.0148591 0.047087 0.0433663 0.038271 -0.0345958 0.0645245 0.0179557 -0.0212254 -0.02364 -0.0125386 -0.0278943 -0.00991895 0.0163074 -0.0550111 0.0892119 0.0586626
internal_weight=674.304 437.631 236.673 365.284 231.222 115.156 141.127 224.157 216.999 122.787 65.6027 30.9366 17.4577 137.838 61.8681 17.8067 94.2117 89.7949 116.065 34.6661 52.0687 8.21892 75.97 97.3493 60.1452 41.6215 26.3158 15.3057 6.71902 13.2146
internal_count=4906 2925 1981 2149 1930 708 881 1268 1229 693 366 169 97 862 318 104 536 513 1222 197 306 49 544 604 387 261 163 98 48 62
is_linear=0
shrinkage=0.1


Tree=24
num_leaves=31
num_cat=0
split_feature=6 5 16 0 12 21 5 5 73 102 11 73 56 178 101 67 21 62 7 0 61 94 13 138 133 10 0 22 1 74
split_gain=8.60413 6.82396 5.25554 7.47261 4.51727 4.80015 4.5074 4.47869 4.04705 3.95005 4.58344 3.97333 6.6362 3.85223 3.77242 3.58014 5.47099 3.79984 4.05636 3.49418 3.38981 4.8145 4.72078 4.39649 4.6997 6.27445 4.07601 3.78628 3.03906 3.74679
threshold=1.0000000180025095e-35 1.0000000180025095e-35 1.0000000180025095e-35 5.3018479347229013 1.0000000180025095e-35 1.0000000180025095e-35 1.0000000180025095e-35 1.0000000180025095e-35 1.0000000180025095e-35 1.0000000180025095e-35 1.0000000180025095e-35 1.0000000180025095e-35 1.0000000180025095e-35 1.0000000180025095e-35 1.0000000180025095e-35 1.0000000180025095e-35 1.0000000180025095e-35 1.0000000180025095e-35 1.0000000180025095e-35 2.6105407476425175 1.0000000180025095e-35 1.0000000180025095e-35 1.0000000180025095e-35 1.0000000180025095e-35 1.0000000180025095e-35 1.0000000180025095e-35 6.9705681800842294 1.0000000180025095e-35 0.11171952262520791 1.0000000180025095e-35
decision_type=2 2 2 2 2 2 2 2 2 2 2 2 2 2 2 2 2 2 2 2 2 2 2 2 2 2 2 2 2 2
left_child=1 4 3 6 5 13 -2 15 -7 10 -9 12 -12 -1 28 17 -17 -4 -19 -6 23 -22 -23 24 26 -26 -5 -28 29 -3
right_child=2 14 7 20 19 8 -8 9 -10 -11 11 -13 -14 -15 -16 16 -18 18 -20 -21 21 22 -24 -25 25 -27 27 -29 -30 -31
leaf_value=-0.067640763837908111 0.034983003648771396 -0.0051824733030492861 0.0030019305411397462 -0.10313380502618411 0.079214729815769547 0.050867531763471002 0.1011508310118763 0.051450005849356786 -0.10820690506473905 -0.0839395460275493 0.015419896188670242 0.063286702790023991 -0.16793888651147812 0.097220363156190551 0.068262127398064684 -0.016673251582893078 0.08734321716138746 -0.040104494334436698 -0.13536123144686726 -0.018183049947479834 0.014725108843834498 0.13947035862794996 0.01109318891652891 -0.094712346378607301 -0.0013373633050305874 0.11954882212639409 -0.0077450245036914667 0.095693445518608422 -0.020706134758749484 0.031384047981381509
leaf_weight=47.332473866641521 35.373819932341576 94.008587278425694 9.7816802337765711 4.2451841384172431 3.8745454102754584 7.2381743527948839 14.521457754075525 27.147201176732779 2.0529448054730892 3.372372865676879 4.6460582390427572 3.6458058506250373 3.4318789876997471 1.4610964208841313 7.7466409504413596 38.324852302670479 5.8252251595258704 12.851100947707893 6.8549499362707129 74.659072991460562 51.496162962168455 6.8300982341170293 4.9334328770637512 4.8442745283246031 10.218777850270273 7.4049297869205466 66.220013953745365 3.7385199666023246 64.486482601612806 39.920921072363853
leaf_count=807 170 438 62 21 25 86 110 169 34 19 25 20 23 23 38 235 31 88 55 731 303 39 28 24 48 34 440 19 567 194
internal_value=-0.000624651 -0.0116836 0.0110139 0.0204539 -0.029016 -0.0501597 0.0542404 -0.00607906 0.0157188 0.0198771 0.0288841 -0.0233691 -0.0624793 -0.0627041 -0.000197807 -0.0209692 -0.00294917 -0.0479493 -0.0732405 -0.0133778 0.00991323 0.0279105 0.0856311 -0.00186377 0.00303437 0.0494552 -0.00799078 -0.00221737 -0.00287065 0.00571706
internal_weight=668.489 342.781 325.708 209.827 136.618 58.0847 49.8953 115.881 9.29112 42.2433 38.8709 11.7237 8.07794 48.7936 206.163 73.6378 44.1501 29.4877 19.7061 78.5336 159.931 63.2597 11.7635 96.6717 91.8274 17.6237 74.2037 69.9585 198.416 133.93
internal_count=4906 2943 1963 1236 1706 950 280 727 120 256 237 68 48 830 1237 471 266 205 143 756 956 370 67 586 562 82 480 459 1199 632
is_linear=0
shrinkage=0.1


Tree=25
num_leaves=31
num_cat=0
split_feature=12 0 11 83 5 16 53 11 6 83 1 0 7 15 79 73 40 94 74 60 83 108 139 133 0 0 7 0 104 13
split_gain=7.40305 5.54028 4.98075 5.37636 3.96096 3.98134 5.03852 4.70935 3.72133 3.6306 3.66973 3.58459 3.49946 6.30708 5.35184 5.14086 3.44062 3.41751 3.98064 9.45405 5.27616 2.95555 4.69205 3.84021 2.89497 4.94704 2.86941 6.64303 4.44559 3.70635
threshold=1.0000000180025095e-35 15.798768043518068 1.0000000180025095e-35 1.0000000180025095e-35 1.0000000180025095e-35 1.0000000180025095e-35 1.0000000180025095e-35 1.0000000180025095e-35 1.0000000180025095e-35 1.0000000180025095e-35 0.68545135855674755 5.6454484462738046 1.0000000180025095e-35 1.0000000180025095e-35 1.0000000180025095e-35 1.0000000180025095e-35 1.0000000180025095e-35 1.0000000180025095e-35 1.0000000180025095e-35 1.0000000180025095e-35 1.0000000180025095e-35 1.0000000180025095e-35 1.0000000180025095e-35 1.0000000180025095e-35 2.4503763914108281 4.8911705017089853 1.0000000180025095e-35 14.800821304321291 1.0000000180025095e-35 1.0000000180025095e-35
decision_type=2 2 2 2 2 2 2 2 2 2 2 2 2 2 2 2 2 2 2 2 2 2 2 2 2 2 2 2 2 2
left_child=1 2 3 26 5 6 7 12 -9 10 -8 -6 14 15 -2 -14 -12 18 19 -4 21 22 23 -20 -5 -26 28 -28 29 -1
right_child=4 -3 17 24 11 -7 9 8 -10 -11 16 -13 13 -15 -16 -17 -18 -19 20 -21 -22 -23 -24 -25 25 -27 27 -29 -30 -31
leaf_value=0.041404619754014459 0.071295201494843488 -0.057078042269935236 -0.0078709984919188482 -0.17883627541989136 0.053196262634287422 -0.020513950027002608 -0.10266866858080453 -0.059567923253463807 0.014786332309356848 0.084418924957373381 0.064301315508987447 0.014782734010967644 0.0017936675943310883 -0.057654881920212842 -0.052998321647179047 0.12473660350322915 -0.10847858590501239 -0.0816294619497588 -0.027370980790862066 -0.083300668922919416 0.086160820864492144 -0.10742326609872206 0.13855277629077367 0.08322578675942581 0.051524762695824303 -0.044592578266208022 -0.011922275840939432 0.14795421704231576 -0.084391153625482621 0.0048941002247186033
leaf_weight=53.849872261285782 31.809149950742722 23.251346804201603 54.221466470509768 1.3051790595054615 32.871015213429928 55.600247979164124 7.9355684295296651 10.227558556944134 19.689347419887781 2.0072912462055674 3.4017181620001793 93.082591623067856 8.8389773890376073 9.0010804384946823 3.8876086249947539 5.5284927263855943 1.7430987246334551 9.1270867511630041 22.190880857408057 23.958359967917204 7.1061815842986098 2.7975478619337073 2.259294766932725 3.6569562442600718 6.5341878458857527 29.666846089065075 73.03439536690712 2.6948415115475646 4.0276066139340392 57.485550243407488
leaf_count=339 180 348 426 7 190 455 87 148 105 22 38 534 55 66 23 34 25 87 213 220 55 30 18 22 39 218 508 32 26 356
internal_value=-0.000595873 -0.00979289 -0.00668638 0.0020971 0.0115488 0.00108968 0.0126316 0.021692 -0.0106328 -0.0408038 -0.0600203 0.0248078 0.0380648 0.00798096 0.0577588 0.0491012 0.00576232 -0.0227088 -0.0180804 -0.0309866 0.00846472 -0.00940062 0.000355726 -0.0117237 -0.0325189 -0.0272437 0.00889129 -0.00623304 0.0188195 0.0225532
internal_weight=662.791 377.168 353.916 228.598 285.624 159.67 104.07 88.9822 29.9169 15.0877 13.0804 125.954 59.0653 23.3686 35.6968 14.3675 5.14482 125.318 116.191 78.1798 38.0109 30.9047 28.1071 25.8478 37.5062 36.201 191.092 75.7292 115.363 111.335
internal_count=4906 2944 2596 1525 1962 1238 783 611 253 172 150 724 358 155 203 89 63 1071 984 646 338 283 253 235 264 257 1261 540 721 695
is_linear=0
shrinkage=0.1


Tree=26
num_leaves=31
num_cat=0
split_feature=6 5 0 16 19 22 12 22 62 17 178 34 25 105 54 126 101 67 10 26 1 130 0 1 140 9 0 12 35 55
split_gain=7.05703 5.18197 4.15827 4.73516 4.12594 5.97431 4.67114 3.5787 3.46783 3.44036 3.12768 3.12346 3.19644 3.22013 3.67387 3.08405 3.02042 2.99671 4.04323 3.54729 2.86148 3.0308 2.67479 3.82109 3.97552 4.7217 3.60576 3.34689 4.45512 4.91848
threshold=1.0000000180025095e-35 1.0000000180025095e-35 8.9486651420593279 1.0000000180025095e-35 1.0000000180025095e-35 1.0000000180025095e-35 1.0000000180025095e-35 1.0000000180025095e-35 1.0000000180025095e-35 1.0000000180025095e-35 1.0000000180025095e-35 1.0000000180025095e-35 1.0000000180025095e-35 1.0000000180025095e-35 1.0000000180025095e-35 1.0000000180025095e-35 1.0000000180025095e-35 1.0000000180025095e-35 1.0000000180025095e-35 1.0000000180025095e-35 -0.22746976464986798 1.0000000180025095e-35 16.223134994506839 0.76424062252044689 1.0000000180025095e-35 1.0000000180025095e-35 17.698836326599125 1.0000000180025095e-35 1.0000000180025095e-35 1.0000000180025095e-35
decision_type=2 2 2 2 2 2 2 2 2 2 2 2 2 2 2 2 2 2 2 2 2 2 2 2 2 2 2 2 2 2
left_child=1 4 3 -2 6 -6 9 11 20 -1 -11 12 -8 14 17 22 -3 18 -14 -19 21 -5 23 24 27 -26 -24 -4 29 -29
right_child=2 16 15 8 5 -7 7 -9 -10 10 -12 -13 13 -15 -16 -17 -18 19 -20 -21 -22 -23 26 -25 25 -27 -28 28 -30 -31
leaf_value=0.070334515036709469 0.032504473398296381 -0.0031762447823704926 -0.024179410860451472 -0.0645086350492583 -0.049618547687895739 0.14121952130417187 -0.089382909543358813 -0.086885480475667506 -0.024840404249338716 -0.063360730510560348 0.078532086238027321 -0.057023664764612507 0.0069631800989423294 0.12107457328265113 -0.02335288446392457 0.088488375312223602 0.060211775271693184 -0.091028417257811439 0.15415434706249473 0.02844913497143936 0.087125061448119157 0.022996156232060819 -0.073268331516584545 0.10854742294083415 0.089727572242437825 -0.033283309027017337 0.048135732926738353 0.061498867237127053 0.078383620158332279 -0.024874043793166795
leaf_weight=2.155053947120904 113.53204999864101 196.79759808629751 64.438816852867603 4.7580439150333431 3.1115766167640677 3.469626322388649 3.591697145253419 6.185344520956277 31.949502781033516 47.745730821043253 1.6057094186544407 10.68042631074786 3.5984927862882641 2.4082016460597506 26.171509742736816 3.612378515303134 7.8156878948211661 3.0158689245581636 3.8767887912690639 14.116945896297693 5.4979268461465827 23.54464939981699 11.012304451316593 3.1363568678498259 9.0441579148173314 4.7641234323382369 3.1451122500002375 8.745484530925749 8.1449511870741826 26.785345152020454
leaf_count=22 585 1199 447 24 38 23 47 54 171 869 25 123 36 21 266 26 38 34 28 120 27 126 150 33 47 29 38 57 42 161
internal_value=-0.000583318 -0.0107144 0.00999551 0.0201368 -0.0261838 0.0509918 -0.0302422 -0.0140855 -0.0012187 -0.0533434 -0.0587441 -0.00741056 0.00192184 0.00808752 0.00272916 -0.00273406 -0.00075499 0.0304683 0.0832986 0.00741764 0.0211093 0.00828548 -0.00510109 -0.000437363 -0.0032409 0.0472864 -0.0462981 -0.0096942 0.0116771 -0.0036144
internal_weight=658.457 336.346 322.111 179.282 131.733 6.5812 125.152 73.6453 65.7501 51.5065 49.3514 67.4599 56.7795 53.1878 50.7796 142.829 204.613 24.6081 7.47528 17.1328 33.8006 28.3027 139.217 125.059 121.923 13.8083 14.1574 108.115 43.6758 35.5308
internal_count=4906 2943 1963 933 1706 61 1645 729 348 916 894 675 552 505 484 1030 1237 218 64 154 177 150 1004 816 783 76 188 707 260 218
is_linear=0
shrinkage=0.1


Tree=27
num_leaves=31
num_cat=0
split_feature=11 0 37 16 0 17 151 5 0 83 10 10 83 12 92 5 65 139 86 61 12 69 0 6 80 151 0 0 15 0
split_gain=5.86995 7.04229 6.5258 5.08661 5.37008 4.24691 3.8629 3.65178 4.45126 3.97004 4.21121 3.5998 3.40712 4.27864 3.09729 3.51644 5.07669 4.19868 3.26907 4.49305 6.84566 4.04172 5.96726 3.027 4.29423 3.26965 2.82654 2.73396 2.64806 2.941
threshold=1.0000000180025095e-35 13.211498737335207 1.0000000180025095e-35 1.0000000180025095e-35 3.0266940593719487 1.0000000180025095e-35 1.0000000180025095e-35 1.0000000180025095e-35 16.119096755981449 1.0000000180025095e-35 1.0000000180025095e-35 1.0000000180025095e-35 1.0000000180025095e-35 1.0000000180025095e-35 1.0000000180025095e-35 1.0000000180025095e-35 1.0000000180025095e-35 1.0000000180025095e-35 1.0000000180025095e-35 1.0000000180025095e-35 1.0000000180025095e-35 1.0000000180025095e-35 15.727583885192873 1.0000000180025095e-35 1.0000000180025095e-35 1.0000000180025095e-35 11.190965175628664 9.8631072044372576 1.0000000180025095e-35 14.29021215438843
decision_type=2 2 2 2 2 2 2 2 2 2 2 2 2 2 2 2 2 2 2 2 2 2 2 2 2 2 2 2 2 2
left_child=1 3 -2 4 -1 -4 12 23 9 -9 -11 14 -6 -14 15 17 18 -3 19 21 -21 -17 -23 24 25 28 27 -25 29 -7
right_child=2 11 5 -5 6 7 -8 8 -10 10 -12 -13 13 -15 -16 16 -18 -19 -20 20 -22 22 -24 26 -26 -27 -28 -29 -30 -31
leaf_value=0.075072207498046717 0.14124123078746137 -0.050065851964511111 0.09040839899713432 -0.0027495683609976493 0.019209944114269233 -0.068931707161160954 0.086530184987809108 -0.0085738736290348876 -0.092876701033856951 0.079503609140367054 -0.023848428028371432 -0.050179634210996152 -0.057063033657298284 0.029336196252102709 -0.11805158516953861 0.038559394960384144 -0.085960408778358921 0.091315692136087978 -0.036258177902508668 -0.085018599401179798 0.14069043466336126 0.080387241982676994 0.30059924232553148 -0.012492900321411732 0.046581278659781261 0.073427960661914024 -0.053377411188967633 0.078618321066630373 -0.10618133896244689 0.021365514584308378
leaf_weight=17.302815031260252 2.6911644153296939 15.062124118208887 3.7297475486993781 141.49747290089726 167.5778439976275 15.737607663497331 7.6795589104294768 89.608074150979519 5.4323657117784014 11.35795494914055 6.0384962484240523 28.413521636277437 13.865114517509937 9.7709802463650703 2.243953824043273 3.7871414870023781 3.1908005923032752 2.4409285075962535 3.4682237505912772 3.471014790236949 2.1925603896379471 2.8515525534749031 2.1646411418914795 49.135432235896587 3.9204560220241538 1.6541275531053532 16.910163197666407 3.5300351604819289 12.850363843142985 4.6795277595520011
leaf_count=112 28 211 29 870 975 298 52 538 69 61 36 334 85 55 23 33 29 28 25 37 14 20 22 263 75 27 189 28 255 85
internal_value=-0.000572051 0.00633855 -0.0135549 0.0119908 0.0216382 -0.0154098 0.0169897 -0.0171969 -0.00457002 -8.68985e-05 0.043629 -0.0228414 0.0141968 -0.0213463 -0.00383677 0.00279796 0.0302607 -0.0303492 0.0509373 0.0718411 0.00236096 0.116541 0.175415 -0.0302918 -0.052655 -0.0637957 -0.0178071 -0.00638594 -0.0706187 -0.0482359
internal_weight=654.256 426.98 227.276 357.694 216.196 224.584 198.893 220.855 112.437 107.005 17.3965 69.2865 191.214 23.6361 40.8729 38.629 21.1259 17.5031 17.9351 14.4669 5.66358 8.80334 5.01619 108.418 38.8421 34.9216 69.5756 52.6655 33.2675 20.4171
internal_count=4906 2925 1981 2149 1279 1953 1167 1924 704 635 97 776 1115 140 442 419 180 239 151 126 51 75 42 1220 740 665 480 291 638 383
is_linear=0
shrinkage=0.1


Tree=28
num_leaves=31
num_cat=0
split_feature=6 7 126 8 15 133 13 0 5 0 104 91 96 5 176 78 0 139 54 1 31 98 16 11 24 24 26 135 83 5
split_gain=5.699 4.32532 5.9569 4.05371 7.80276 6.63066 3.99809 4.30661 3.96701 6.02924 4.31269 3.49345 3.47539 5.10725 3.84616 3.45886 4.24933 4.20916 5.27068 3.42136 3.3598 7.06795 3.26343 3.10673 6.7227 5.2949 3.07571 3.21983 3.07518 5.99311
threshold=1.0000000180025095e-35 1.0000000180025095e-35 1.0000000180025095e-35 1.0000000180025095e-35 1.0000000180025095e-35 1.0000000180025095e-35 1.0000000180025095e-35 5.405886411666871 1.0000000180025095e-35 3.1252566576004033 1.0000000180025095e-35 1.0000000180025095e-35 1.0000000180025095e-35 1.0000000180025095e-35 1.0000000180025095e-35 1.0000000180025095e-35 12.462697029113771 1.0000000180025095e-35 1.0000000180025095e-35 0.7774735987186433 1.0000000180025095e-35 1.0000000180025095e-35 1.0000000180025095e-35 1.0000000180025095e-35 1.0000000180025095e-35 1.0000000180025095e-35 1.0000000180025095e-35 1.0000000180025095e-35 1.0000000180025095e-35 1.0000000180025095e-35
decision_type=2 2 2 2 2 2 2 2 2 2 2 2 2 2 2 2 2 2 2 2 2 2 2 2 2 2 2 2 2 2
left_child=1 2 3 4 19 20 -7 -8 22 -10 11 -11 13 14 -3 16 17 18 26 -1 23 -22 -2 25 -25 -5 -15 -28 -27 -30
right_child=8 12 -4 5 -6 6 7 -9 9 10 -12 -13 -14 15 -16 -17 -18 -19 -20 -21 21 -23 -24 24 -26 28 27 -29 29 -31
leaf_value=0.020007533437537601 0.009881882768163092 -0.051153575800791544 -0.11678625872908928 -0.092367699648552043 -0.039709154076817757 0.11655057550878718 0.096076461258264689 -0.043935999430452899 0.11613744963212445 0.016920692716387881 0.11105719302153538 -0.086766319575579329 -0.069650967576061221 0.053447568678367821 0.072679541510671422 -0.073001765967849602 -0.047540207802381634 -0.069973152413184886 0.068504769306099791 -0.08086879428386605 -0.07854025323198266 0.13222586038819412 -0.016883445533637822 0.16197017347727266 -0.04269205450157465 0.052192920063001726 0.0083752012028064909 -0.077485480321140318 -0.13212649668828341 0.068906078766605955
leaf_weight=55.164052722975612 125.34957541525364 43.242703562602401 4.3198116719722739 3.30659295618534 50.62395291402936 9.4815511591732502 4.2073224447667599 4.5973933953791857 6.5862241983413687 108.01637291908264 4.7541541159152976 3.3502006307244292 14.800221867859362 7.5982865691185024 2.6625891029834738 6.0609931200742713 11.939673848450182 4.8322815075516692 18.96124330163002 3.5803981758654109 9.9241327270865405 1.8948742467910058 71.560767021030188 1.7891651466488845 15.590354803949594 31.311544898897409 12.457709863781931 6.7255574613809577 2.8154175877571097 3.1332661733031273
leaf_count=436 753 648 40 30 445 57 29 30 59 637 25 18 145 39 23 32 122 23 102 54 104 22 471 20 173 228 63 30 31 17
internal_value=-0.000574997 -0.00977137 -0.000620691 0.00192117 -0.0109362 0.0178913 0.0714916 0.0229688 0.0089495 0.0230624 0.0177833 0.0138015 -0.0240508 -0.0181555 -0.043971 -0.000874353 0.00611862 0.0187863 0.0281629 0.0138593 0.00384206 -0.0447493 0.00015488 0.013753 -0.0216227 0.0289086 -0.000399054 -0.0217271 0.039671 -0.0262394
internal_weight=650.638 331.021 201.74 197.42 109.368 88.0516 18.2863 8.80472 319.617 122.707 116.121 111.367 129.281 114.481 45.9053 68.5757 62.5148 50.5751 45.7428 58.7445 69.7653 11.819 196.91 57.9463 17.3795 40.5668 26.7816 19.1833 37.2602 5.94868
internal_count=4906 2943 1716 1676 935 741 116 59 1963 739 680 655 1227 1082 671 411 379 257 234 490 625 126 1224 499 193 306 132 93 276 48
is_linear=0
shrinkage=0.1


Tree=29
num_leaves=31
num_cat=0
split_feature=12 0 14 9 0 74 11 60 113 1 7 5 0 8 13 68 64 5 16 36 0 6 69 0 54 51 0 15 40 108
split_gain=5.20735 4.18217 4.32377 3.6528 3.30276 3.20706 3.9984 6.34354 3.41085 3.68697 3.34269 2.94609 2.81424 7.93376 4.90335 7.64185 4.20577 6.75477 3.38783 3.24164 3.34954 3.29653 3.16154 3.81685 3.52784 4.46652 3.13692 3.06506 4.9148 3.25656
threshold=1.0000000180025095e-35 3.4811772108078007 1.0000000180025095e-35 1.0000000180025095e-35 15.798768043518068 1.0000000180025095e-35 1.0000000180025095e-35 1.0000000180025095e-35 1.0000000180025095e-35 -0.59555858373641957 1.0000000180025095e-35 1.0000000180025095e-35 8.0082135200500506 1.0000000180025095e-35 1.0000000180025095e-35 1.0000000180025095e-35 1.0000000180025095e-35 1.0000000180025095e-35 1.0000000180025095e-35 1.0000000180025095e-35 3.5414099693298344 1.0000000180025095e-35 1.0000000180025095e-35 8.2067074775695819 1.0000000180025095e-35 1.0000000180025095e-35 13.550992488861086 1.0000000180025095e-35 1.0000000180025095e-35 1.0000000180025095e-35
decision_type=2 2 2 2 2 2 2 2 2 2 2 2 2 2 2 2 2 2 2 2 2 2 2 2 2 2 2 2 2 2
left_child=1 2 11 -4 5 6 10 -8 9 -7 -3 -1 13 18 22 27 17 -17 -2 20 -20 -22 23 -14 -24 -26 -27 29 -29 -16
right_child=12 4 3 -5 -6 8 7 -9 -10 -11 -12 -13 14 -15 15 16 -18 -19 19 -21 21 -23 24 -25 25 26 -28 28 -30 -31
leaf_value=-0.040867921927261706 0.016283443926253124 0.0062966821323711232 0.092043705920672944 0.0026630274004161504 -0.050908628882684076 -0.12557292984730123 -0.013218041846447814 -0.078104615736720159 0.084469622116649171 0.0024575969574880323 -0.02752298932187703 0.02408182538415184 -0.11940776986720325 0.049367884559687131 -0.031466581872421774 -0.025391861117090072 0.16594883071341737 0.14173309336945569 -0.062141409391814284 -0.082420012509398011 -0.020852464052532771 0.069371422708709607 -0.093132851518420212 0.0026457239408742297 0.10050765034520664 0.031970641092070477 -0.072392824749092463 0.0069740079254896406 0.15022746380663718 0.077416341841608893
leaf_weight=12.825817491859198 51.194238822907209 72.751489955931902 11.401296455413105 7.6337498221546403 20.930273041129112 2.2981498055160037 39.083359777927399 24.51904995366931 4.9689251556992522 105.75965601950884 48.847958873957396 15.33248333632946 2.6777863502502433 54.933032717555761 23.461666498333219 5.4107313044369203 4.5191230475902548 4.372940331697464 7.6472452729940477 7.5666996985673896 9.4280962944030779 7.0986970737576476 9.3996237032115477 59.330570600926876 2.7305863983929166 4.1876977458596238 9.2237041182816011 10.500029392540453 3.1026214323937884 3.1111267209053031
leaf_count=97 312 463 79 50 348 14 326 250 30 831 372 84 16 308 175 64 38 29 48 43 67 36 102 438 26 31 101 84 24 20
internal_value=-0.000554677 -0.00840085 0.0193844 0.0561988 -0.0125094 -0.00981446 -0.0179156 -0.0382321 0.00345982 -0.000265328 -0.00728909 -0.00550212 0.00971506 0.0198925 -0.000164241 0.0233903 0.0861611 0.0493068 0.000369062 -0.025299 -0.00741965 0.0179011 -0.0148212 -0.00262507 -0.0444301 -0.01607 -0.0398054 0.00104342 0.0396486 -0.0187186
internal_weight=646.248 366.352 47.1933 19.035 319.159 298.229 185.202 63.6024 113.027 108.058 121.599 28.1583 279.896 137.868 142.028 54.4782 14.3028 9.78367 82.935 31.7407 24.174 16.5268 87.55 62.0084 25.5416 16.142 13.4114 40.1754 13.6027 26.5728
internal_count=4906 2944 310 129 2634 2286 1411 576 875 845 835 181 1962 814 1148 434 131 93 506 194 151 103 714 454 260 158 132 303 108 195
is_linear=0
shrinkage=0.1


Tree=30
num_leaves=31
num_cat=0
split_feature=6 5 114 11 0 63 19 22 12 21 174 23 1 8 15 61 11 16 178 0 10 13 99 8 68 0 5 151 70 0
split_gain=4.77477 3.54674 4.13179 3.37377 3.99302 3.89966 3.29357 4.14313 3.20942 4.14805 3.45997 2.9476 2.77819 2.98895 2.97676 4.56052 3.70187 3.6054 2.62756 2.614 3.48277 3.0333 2.5861 4.9792 3.39877 3.20087 2.66749 2.59609 3.02026 6.07706
threshold=1.0000000180025095e-35 1.0000000180025095e-35 1.0000000180025095e-35 1.0000000180025095e-35 3.8535249233245854 1.0000000180025095e-35 1.0000000180025095e-35 1.0000000180025095e-35 1.0000000180025095e-35 1.0000000180025095e-35 1.0000000180025095e-35 1.0000000180025095e-35 0.1512662544846535 1.0000000180025095e-35 1.0000000180025095e-35 1.0000000180025095e-35 1.0000000180025095e-35 1.0000000180025095e-35 1.0000000180025095e-35 8.2737851142883319 1.0000000180025095e-35 1.0000000180025095e-35 1.0000000180025095e-35 1.0000000180025095e-35 1.0000000180025095e-35 10.035592079162599 1.0000000180025095e-35 1.0000000180025095e-35 1.0000000180025095e-35 12.057495117187502
decision_type=2 2 2 2 2 2 2 2 2 2 2 2 2 2 2 2 2 2 2 2 2 2 2 2 2 2 2 2 2 2
left_child=1 2 6 4 -2 -5 8 -8 10 -10 18 -3 13 14 15 19 -17 -16 -1 20 -13 -22 27 24 26 -25 -24 28 29 -6
right_child=3 11 -4 5 22 -7 7 -9 9 -11 -12 12 -14 -15 17 16 -18 -19 -20 -21 21 -23 23 25 -26 -27 -28 -29 -30 -31
leaf_value=-0.05981197550345644 0.052348153271093281 0.052419545113294864 0.13651745390161937 -0.0025147009119553532 0.011780669544890397 -0.11390982568889281 -0.044566100810897576 0.11516933787749635 -0.0068572917349598531 -0.089734751410186553 0.075821250187492306 0.044105864067494845 -0.022664913409181458 0.022136003443315493 -0.0064812837298419317 -0.0061982917279245712 -0.11768751936113271 -0.074155630621805371 0.0667091407460733 0.098916170891141075 -0.067635935986198492 0.037981526859301062 -0.02970410180193251 0.11171744883021645 0.03519294921216827 -0.0012318461595836564 -0.11232216662066881 0.077080733123546102 0.041360835504287707 -0.082106208943315606
leaf_weight=42.229285288602114 26.130212217569351 9.8694095574319345 1.6151048280298699 109.30641412734985 103.67937839776278 3.2356677353382102 2.9174333661794654 3.6619033068418503 62.78707542642951 6.6817676052451125 2.1228071451187125 18.259405434131622 54.744639448821545 54.601368755102158 22.179954178631306 9.9070205390453321 4.2583387792110434 12.203931309282778 1.7078293673694123 4.4863698706030837 6.9491527229547518 4.4672732800245285 8.7183701209723967 3.8455525636672991 4.1253091022372237 7.21898128464818 7.0828341320157042 6.6470113769173613 29.863147787749767 7.3852818049490443
leaf_count=846 173 70 24 709 511 37 38 23 646 71 32 84 509 267 104 44 26 57 26 23 32 21 51 17 33 49 36 37 242 68
internal_value=-0.000541009 -0.00904701 -0.0223795 0.00819054 0.0158371 -0.00571739 -0.0244812 0.0443389 -0.0284005 -0.0148287 -0.0488697 -0.000878033 -0.00361688 0.0039773 -0.00801004 0.00799177 -0.0397138 -0.0305011 -0.0548941 0.0277729 0.0170175 -0.0263076 0.0104943 -0.0157667 -0.0456351 0.0380244 -0.0667374 0.0160092 0.0131287 0.00553763
internal_weight=642.888 325.65 123.723 317.238 204.696 112.542 122.108 6.57934 115.529 69.4688 46.0599 201.927 192.057 137.313 82.7114 48.3276 14.1654 34.3839 43.9371 34.1622 29.6758 11.4164 178.566 30.991 19.9265 11.0645 15.8012 147.575 140.928 111.065
internal_count=4906 2943 1706 1963 1217 746 1682 61 1621 717 904 1237 1167 658 391 230 70 161 872 160 137 53 1044 186 120 66 87 858 821 579
is_linear=0
shrinkage=0.1


Tree=31
num_leaves=31
num_cat=0
split_feature=12 289 0 132 6 6 11 74 133 5 176 1 9 113 0 26 0 0 0 5 0 11 99 26 14 16 53 83 0 62
split_gain=4.18782 3.89821 3.88517 2.99731 4.56851 2.88536 2.85285 3.74563 2.78986 2.70985 3.73853 3.86786 3.20747 2.87818 3.41607 2.51842 6.58436 3.08686 3.12407 2.51632 2.82084 2.41212 2.37196 8.10962 6.02152 2.36833 2.95695 2.88653 3.84511 3.90599
threshold=1.0000000180025095e-35 1.0000000180025095e-35 2.8952771425247197 1.0000000180025095e-35 1.0000000180025095e-35 1.0000000180025095e-35 1.0000000180025095e-35 1.0000000180025095e-35 1.0000000180025095e-35 1.0000000180025095e-35 1.0000000180025095e-35 0.11171952262520791 1.0000000180025095e-35 1.0000000180025095e-35 16.041068077087406 1.0000000180025095e-35 9.2238192558288592 7.6317591667175302 12.462697029113771 1.0000000180025095e-35 6.0177960395812997 1.0000000180025095e-35 1.0000000180025095e-35 1.0000000180025095e-35 1.0000000180025095e-35 1.0000000180025095e-35 1.0000000180025095e-35 1.0000000180025095e-35 14.405201911926271 1.0000000180025095e-35
decision_type=2 2 2 2 2 2 2 2 2 2 2 2 2 2 2 2 2 2 2 2 2 2 2 2 2 2 2 2 2 2
left_child=1 2 3 8 -5 9 22 -8 -1 10 11 -4 -13 14 -11 17 -17 -9 -19 25 21 -21 -7 24 -24 26 -2 28 -28 -30
right_child=19 -3 5 4 -6 6 7 15 -10 13 -12 12 -14 -15 -16 16 -18 18 -20 20 -22 -23 23 -25 -26 -27 27 -29 29 -31
leaf_value=-0.030068677427680265 0.015985352127238589 0.11762735542808592 -0.081632017757284112 -0.062342357497014583 0.062207404682155701 0.012169543865058207 -0.040490022603297787 -0.091758063387448963 0.074535066729034108 -0.013249092800801641 0.077039422397413682 -0.056069606156834775 0.020671892219766924 0.05675584896245979 -0.10686607879887466 0.11657530263882808 -0.030015462686998673 0.082493056836577372 -0.053653423617856702 0.064514102631721471 0.0097073151003870019 0.011624540072145634 0.097834127038825144 -0.11165215699771712 -0.060908575261259847 -0.016930305763667813 -0.11526308539040529 0.074557596564573669 0.10221953371384879 -0.060492449796703499
leaf_weight=3.1511473357677469 86.999600417912006 2.4677074160426846 19.770403709262609 7.1271478775888699 5.0188834518194199 99.514120437204838 36.586682934314013 4.1642577052116394 13.358385141938925 100.13366400450468 2.4707619287073603 11.792840084061027 10.120084734633565 5.5909318514168254 4.0556445568799964 6.0226282849907875 6.2374614998698235 3.5414534956216812 3.2159148305654526 21.203947491943836 88.306055001914501 14.533256039023398 5.5934171713888663 6.8925613388419142 4.171792309731245 53.105591163039207 5.3838654197752458 2.0852851532399646 2.3415716402232647 3.9880801029503345
leaf_count=20 611 15 408 50 32 590 266 22 87 621 23 250 207 33 70 32 52 23 34 143 510 71 35 46 28 455 66 22 32 52
internal_value=-0.00052421 -0.00762801 -0.00849013 0.0268292 -0.0108769 -0.0115582 -0.00281021 -0.0205632 0.0545695 -0.0215569 -0.0424778 -0.0495622 -0.0206279 -0.0131424 -0.0168932 0.0108864 0.0419956 -0.0240352 0.0176993 0.00870221 0.0193006 0.0430055 0.0063234 -0.0286017 0.0300177 0.000160125 0.00916421 -0.0338422 -0.0531399 -0.000299286
internal_weight=638.945 360.998 358.53 28.6556 12.146 329.875 175.94 59.7684 16.5095 153.934 44.1541 41.6833 21.9129 109.78 104.189 23.1817 12.2601 10.9216 6.75737 277.947 124.043 35.7372 116.172 16.6578 9.76521 153.904 100.798 13.7988 11.7135 6.32965
internal_count=4906 2944 2929 189 82 2740 1128 429 107 1612 888 865 457 724 691 163 84 79 57 1962 724 214 699 109 63 1238 783 172 150 84
is_linear=0
shrinkage=0.1


end of trees

feature_importances:
Column_0=157
Column_5=86
Column_11=79
Column_6=73
Column_12=66
Column_1=39
Column_8=39
Column_16=38
Column_7=27
Column_15=19
Column_13=17
Column_14=16
Column_9=13
Column_83=13
Column_10=12
Column_21=10
Column_108=9
Column_17=8
Column_67=8
Column_73=8
Column_74=8
Column_101=8
Column_26=7
Column_61=7
Column_62=7
Column_139=7
Column_22=6
Column_81=6
Column_133=6
Column_19=5
Column_44=5
Column_45=5
Column_68=5
Column_104=5
Column_129=5
Column_140=5
Column_54=4
Column_55=4
Column_59=4
Column_130=4
Column_151=4
Column_176=4
Column_178=4
Column_23=3
Column_25=3
Column_31=3
Column_33=3
Column_53=3
Column_69=3
Column_70=3
Column_78=3
Column_80=3
Column_94=3
Column_96=3
Column_113=3
Column_167=3
Column_24=2
Column_34=2
Column_35=2
Column_40=2
Column_41=2
Column_42=2
Column_50=2
Column_60=2
Column_65=2
Column_79=2
Column_82=2
Column_84=2
Column_99=2
Column_126=2
Column_128=2
Column_138=2
Column_174=2
Column_36=1
Column_37=1
Column_39=1
Column_47=1
Column_51=1
Column_56=1
Column_63=1
Column_64=1
Column_72=1
Column_86=1
Column_91=1
Column_92=1
Column_93=1
Column_95=1
Column_98=1
Column_102=1
Column_105=1
Column_114=1
Column_132=1
Column_134=1
Column_135=1
Column_137=1
Column_141=1
Column_214=1
Column_289=1

parameters:
[boosting: gbdt]
[objective: binary]
[metric: binary_logloss]
[tree_learner: serial]
[device_type: cpu]
[data_sample_strategy: bagging]
[data: ]
[valid: ]
[num_iterations: 300]
[learning_rate: 0.1]
[num_leaves: 31]
[num_threads: 0]
[seed: 0]
[deterministic: 0]
[force_col_wise: 0]
[force_row_wise: 0]
[histogram_pool_size: -1]
[max_depth: -1]
[min_data_in_leaf: 20]
[min_sum_hessian_in_leaf: 0.001]
[bagging_fraction: 1]
[pos_bagging_fraction: 1]
[neg_bagging_fraction: 1]
[bagging_freq: 0]
[bagging_seed: 7719]
[bagging_by_query: 0]
[feature_fraction: 1]
[feature_fraction_bynode: 1]
[feature_fraction_seed: 2437]
[extra_trees: 0]
[extra_seed: 11797]
[early_stopping_round: 0]
[early_stopping_min_delta: 0]
[first_metric_only: 0]
[max_delta_step: 0]
[lambda_l1: 0]
[lambda_l2: 0]
[linear_lambda: 0]
[min_gain_to_split: 0]
[drop_rate: 0.1]
[max_drop: 50]
[skip_drop: 0.5]
[xgboost_dart_mode: 0]
[uniform_drop: 0]
[drop_seed: 21238]
[top_rate: 0.2]
[other_rate: 0.1]
[min_data_per_group: 100]
[max_cat_threshold: 32]
[cat_l2: 10]
[cat_smooth: 10]
[max_cat_to_onehot: 4]
[top_k: 20]
[monotone_constraints: ]
[monotone_constraints_method: basic]
[monotone_penalty: 0]
[feature_contri: ]
[forcedsplits_filename: ]
[refit_decay_rate: 0.9]
[cegb_tradeoff: 1]
[cegb_penalty_split: 0]
[cegb_penalty_feature_lazy: ]
[cegb_penalty_feature_coupled: ]
[path_smooth: 0]
[interaction_constraints: ]
[verbosity: -1]
[saved_feature_importance_type: 0]
[use_quantized_grad: 0]
[num_grad_quant_bins: 4]
[quant_train_renew_leaf: 0]
[stochastic_rounding: 1]
[linear_tree: 0]
[max_bin: 255]
[max_bin_by_feature: ]
[min_data_in_bin: 3]
[bin_construct_sample_cnt: 200000]
[data_random_seed: 38]
[is_enable_sparse: 1]
[enable_bundle: 1]
[use_missing: 1]
[zero_as_missing: 0]
[feature_pre_filter: 1]
[pre_partition: 0]
[two_round: 0]
[header: 0]
[label_column: ]
[weight_column: ]
[group_column: ]
[ignore_column: ]
[categorical_feature: ]
[forcedbins_filename: ]
[precise_float_parser: 0]
[parser_config_file: ]
[objective_seed: 8855]
[num_class: 1]
[is_unbalance: 0]
[scale_pos_weight: 1]
[sigmoid: 1]
[boost_from_average: 1]
[reg_sqrt: 0]
[alpha: 0.9]
[fair_c: 1]
[poisson_max_delta_step: 0.7]
[tweedie_variance_power: 1.5]
[lambdarank_truncation_level: 30]
[lambdarank_norm: 1]
[label_gain: ]
[lambdarank_position_bias_regularization: 0]
[eval_at: ]
[multi_error_top_k: 1]
[auc_mu_weights: ]
[num_machines: 1]
[local_listen_port: 12400]
[time_out: 120]
[machine_list_filename: ]
[machines: ]
[gpu_platform_id: -1]
[gpu_device_id: -1]
[gpu_device_id_list: ]
[gpu_use_dp: 0]
[num_gpu: 1]

end of parameters

pandas_categorical:null
