tree
version=v4
num_class=1
num_tree_per_iteration=1
label_index=0
max_feature_idx=567
objective=binary sigmoid:1
feature_names=Column_0 Column_1 Column_2 Column_3 Column_4 Column_5 Column_6 Column_7 Column_8 Column_9 Column_10 Column_11 Column_12 Column_13 Column_14 Column_15 Column_16 Column_17 Column_18 Column_19 Column_20 Column_21 Column_22 Column_23 Column_24 Column_25 Column_26 Column_27 Column_28 Column_29 Column_30 Column_31 Column_32 Column_33 Column_34 Column_35 Column_36 Column_37 Column_38 Column_39 Column_40 Column_41 Column_42 Column_43 Column_44 Column_45 Column_46 Column_47 Column_48 Column_49 Column_50 Column_51 Column_52 Column_53 Column_54 Column_55 Column_56 Column_57 Column_58 Column_59 Column_60 Column_61 Column_62 Column_63 Column_64 Column_65 Column_66 Column_67 Column_68 Column_69 Column_70 Column_71 Column_72 Column_73 Column_74 Column_75 Column_76 Column_77 Column_78 Column_79 Column_80 Column_81 Column_82 Column_83 Column_84 Column_85 Column_86 Column_87 Column_88 Column_89 Column_90 Column_91 Column_92 Column_93 Column_94 Column_95 Column_96 Column_97 Column_98 Column_99 Column_100 Column_101 Column_102 Column_103 Column_104 Column_105 Column_106 Column_107 Column_108 Column_109 Column_110 Column_111 Column_112 Column_113 Column_114 Column_115 Column_116 Column_117 Column_118 Column_119 Column_120 Column_121 Column_122 Column_123 Column_124 Column_125 Column_126 Column_127 Column_128 Column_129 Column_130 Column_131 Column_132 Column_133 Column_134 Column_135 Column_136 Column_137 Column_138 Column_139 Column_140 Column_141 Column_142 Column_143 Column_144 Column_145 Column_146 Column_147 Column_148 Column_149 Column_150 Column_151 Column_152 Column_153 Column_154 Column_155 Column_156 Column_157 Column_158 Column_159 Column_160 Column_161 Column_162 Column_163 Column_164 Column_165 Column_166 Column_167 Column_168 Column_169 Column_170 Column_171 Column_172 Column_173 Column_174 Column_175 Column_176 Column_177 Column_178 Column_179 Column_180 Column_181 Column_182 Column_183 Column_184 Column_185 Column_186 Column_187 Column_188 Column_189 Column_190 Column_191 Column_192 Column_193 Column_194 Column_195 Column_196 Column_197 Column_198 Column_199 Column_200 Column_201 Column_202 Column_203 Column_204 Column_205 Column_206 Column_207 Column_208 Column_209 Column_210 Column_211 Column_212 Column_213 Column_214 Column_215 Column_216 Column_217 Column_218 Column_219 Column_220 Column_221 Column_222 Column_223 Column_224 Column_225 Column_226 Column_227 Column_228 Column_229 Column_230 Column_231 Column_232 Column_233 Column_234 Column_235 Column_236 Column_237 Column_238 Column_239 Column_240 Column_241 Column_242 Column_243 Column_244 Column_245 Column_246 Column_247 Column_248 Column_249 Column_250 Column_251 Column_252 Column_253 Column_254 Column_255 Column_256 Column_257 Column_258 Column_259 Column_260 Column_261 Column_262 Column_263 Column_264 Column_265 Column_266 Column_267 Column_268 Column_269 Column_270 Column_271 Column_272 Column_273 Column_274 Column_275 Column_276 Column_277 Column_278 Column_279 Column_280 Column_281 Column_282 Column_283 Column_284 Column_285 Column_286 Column_287 Column_288 Column_289 Column_290 Column_291 Column_292 Column_293 Column_294 Column_295 Column_296 Column_297 Column_298 Column_299 Column_300 Column_301 Column_302 Column_303 Column_304 Column_305 Column_306 Column_307 Column_308 Column_309 Column_310 Column_311 Column_312 Column_313 Column_314 Column_315 Column_316 Column_317 Column_318 Column_319 Column_320 Column_321 Column_322 Column_323 Column_324 Column_325 Column_326 Column_327 Column_328 Column_329 Column_330 Column_331 Column_332 Column_333 Column_334 Column_335 Column_336 Column_337 Column_338 Column_339 Column_340 Column_341 Column_342 Column_343 Column_344 Column_345 Column_346 Column_347 Column_348 Column_349 Column_350 Column_351 Column_352 Column_353 Column_354 Column_355 Column_356 Column_357 Column_358 Column_359 Column_360 Column_361 Column_362 Column_363 Column_364 Column_365 Column_366 Column_367 Column_368 Column_369 Column_370 Column_371 Column_372 Column_373 Column_374 Column_375 Column_376 Column_377 Column_378 Column_379 Column_380 Column_381 Column_382 Column_383 Column_384 Column_385 Column_386 Column_387 Column_388 Column_389 Column_390 Column_391 Column_392 Column_393 Column_394 Column_395 Column_396 Column_397 Column_398 Column_399 Column_400 Column_401 Column_402 Column_403 Column_404 Column_405 Column_406 Column_407 Column_408 Column_409 Column_410 Column_411 Column_412 Column_413 Column_414 Column_415 Column_416 Column_417 Column_418 Column_419 Column_420 Column_421 Column_422 Column_423 Column_424 Column_425 Column_426 Column_427 Column_428 Column_429 Column_430 Column_431 Column_432 Column_433 Column_434 Column_435 Column_436 Column_437 Column_438 Column_439 Column_440 Column_441 Column_442 Column_443 Column_444 Column_445 Column_446 Column_447 Column_448 Column_449 Column_450 Column_451 Column_452 Column_453 Column_454 Column_455 Column_456 Column_457 Column_458 Column_459 Column_460 Column_461 Column_462 Column_463 Column_464 Column_465 Column_466 Column_467 Column_468 Column_469 Column_470 Column_471 Column_472 Column_473 Column_474 Column_475 Column_476 Column_477 Column_478 Column_479 Column_480 Column_481 Column_482 Column_483 Column_484 Column_485 Column_486 Column_487 Column_488 Column_489 Column_490 Column_491 Column_492 Column_493 Column_494 Column_495 Column_496 Column_497 Column_498 Column_499 Column_500 Column_501 Column_502 Column_503 Column_504 Column_505 Column_506 Column_507 Column_508 Column_509 Column_510 Column_511 Column_512 Column_513 Column_514 Column_515 Column_516 Column_517 Column_518 Column_519 Column_520 Column_521 Column_522 Column_523 Column_524 Column_525 Column_526 Column_527 Column_528 Column_529 Column_530 Column_531 Column_532 Column_533 Column_534 Column_535 Column_536 Column_537 Column_538 Column_539 Column_540 Column_541 Column_542 Column_543 Column_544 Column_545 Column_546 Column_547 Column_548 Column_549 Column_550 Column_551 Column_552 Column_553 Column_554 Column_555 Column_556 Column_557 Column_558 Column_559 Column_560 Column_561 Column_562 Column_563 Column_564 Column_565 Column_566 Column_567
feature_infos=[2.0013689994812012:17.993154525756836] [-0.7776256799697876:0.99923950433731079] none none none [0:1] [0:1] [0:1] [0:1] [0:1] [0:1] [0:1] [0:1] [0:1] [0:1] [0:1] [0:1] [0:1] [0:1] [0:1] [0:1] [0:1] [0:1] [0:1] [0:1] [0:1] [0:1] [0:1] [0:1] [0:1] [0:1] [0:1] [0:1] [0:1] [0:1] [0:1] [0:1] [0:1] [0:1] [0:1] [0:1] [0:1] [0:1] [0:1] [0:1] [0:1] [0:1] [0:1] [0:1] [0:1] [0:1] [0:1] [0:1] [0:1] [0:1] [0:1] [0:1] [0:1] [0:1] [0:1] [0:1] [0:1] [0:1] [0:1] [0:1] [0:1] [0:1] [0:1] [0:1] [0:1] [0:1] [0:1] [0:1] [0:1] [0:1] [0:1] [0:1] [0:1] [0:1] [0:1] [0:1] [0:1] [0:1] [0:1] [0:1] [0:1] [0:1] [0:1] [0:1] [0:1] [0:1] [0:1] [0:1] [0:1] [0:1] [0:1] [0:1] [0:1] [0:1] [0:1] [0:1] [0:1] [0:1] [0:1] [0:1] [0:1] [0:1] [0:1] [0:1] none none none none [0:1] [0:1] none [0:1] none [0:1] none none [0:1] none none none none [0:1] [0:1] [0:1] [0:1] [0:1] none [0:1] [0:1] [0:1] [0:1] none [0:1] [0:1] [0:1] [0:1] [0:1] [0:1] [0:1] [0:1] [0:1] [0:1] [0:1] [0:1] [0:1] [0:1] [0:1] [0:1] [0:1] [0:1] [0:1] [0:1] none none none none none none none none none none [0:1] [0:1] none none none none none [0:1] [0:1] [0:1] [0:1] [0:1] [0:1] [0:1] [0:1] [0:1] [0:1] [0:1] [0:1] [0:1] [0:1] [0:1] [0:1] [0:1] [0:1] [0:1] [0:1] [0:1] [0:1] [0:1] [0:1] [0:1] [0:1] [0:1] [0:1] none none [0:1] [0:1] [0:1] none [0:1] [0:1] [0:1] [0:1] [0:1] none [0:1] none none [0:1] none [0:1] [0:1] [0:1] [0:1] [0:1] [0:1] [0:1] [0:1] [0:1] [0:1] [0:1] [0:1] [0:1] [0:1] [0:1] [0:1] [0:1] [0:1] [0:1] [0:1] [0:1] [0:1] [0:1] [0:1] [0:1] none none none none none none none none none none none none none none none none none [0:1] [0:1] [0:1] [0:1] [0:1] [0:1] [0:1] [0:1] [0:1] [0:1] none [0:1] [0:1] [0:1] [0:1] none [0:1] [0:1] none none none [0:1] [0:1] none none none none none [0:1] [0:1] [0:1] [0:1] [0:1] [0:1] [0:1] none none none [0:1] none [0:1] [0:1] [0:1] none [0:1] [0:1] [0:1] [0:1] none none [0:1] [0:1] none none none none [0:1] [0:1] none none none [0:1] none none [0:1] [0:1] none none [0:1] [0:1] none none none none none none none none none none none none none none none none none none none none none none none none none none none none none none none none none none none none none none none none none none none none none none none none none none none none none none none none none none none none none none none none none none none none none none none none none none none none none none none none none none none none none none none none none none none none none none none none none none none none none none none none none none none none none none none none none none none none none none none none none none none none none none none none none none none none none none none none none none none none none none none none none none none none none none none none none none none none none none none none none none none none none none none none none none none none none none none none none none none none none none none none none none none none none none none none none none none none none none none none none none none none none none none none none none none none none none none none none none none none none none none none none none none none none none none none none none none none none
tree_sizes=3398 3473 3471 3491 3499 3484 3488 3495 3504 3506 3494 3495 3490 3482 3499 3497 3480 3493 3489 3474 3498 3490 3485 3484 3504 3472 3482 3476 3501 3476 3512 3480 3469 3509 3491 3497 3491 3499

Tree=0
num_leaves=31
num_cat=0
split_feature=8 10 12 12 10 7 12 7 11 7 11 5 11 7 5 14 11 7 55 13 60 0 0 0 5 133 0 54 14 35
split_gain=824.239 263.326 129.69 65.9797 58.4229 49.6525 36.5176 27.6547 26.062 20.6603 19.7318 22.5867 18.3354 18.0433 17.2997 12.871 11.54 15.8213 11.0141 10.984 9.87648 8.74201 8.02539 7.39476 7.03478 6.69774 6.42452 5.83865 5.50263 5.87768
threshold=1.0000000180025095e-35 1.0000000180025095e-35 1.0000000180025095e-35 1.0000000180025095e-35 1.0000000180025095e-35 1.0000000180025095e-35 1.0000000180025095e-35 1.0000000180025095e-35 1.0000000180025095e-35 1.0000000180025095e-35 1.0000000180025095e-35 1.0000000180025095e-35 1.0000000180025095e-35 1.0000000180025095e-35 1.0000000180025095e-35 1.0000000180025095e-35 1.0000000180025095e-35 1.0000000180025095e-35 1.0000000180025095e-35 1.0000000180025095e-35 1.0000000180025095e-35 11.494866847991945 3.7193702459335332 11.934291839599611 1.0000000180025095e-35 1.0000000180025095e-35 6.3449692726135263 1.0000000180025095e-35 1.0000000180025095e-35 1.0000000180025095e-35
decision_type=2 2 2 2 2 2 2 2 2 2 2 2 2 2 2 2 2 2 2 2 2 2 2 2 2 2 2 2 2 2
left_child=4 2 5 7 -1 10 8 14 13 24 11 -2 -7 20 -3 -16 17 -4 19 -19 -6 -13 -12 -20 26 28 -5 -22 29 -15
right_child=1 3 16 9 6 12 -8 -9 -10 -11 22 21 -14 25 15 -17 -18 18 23 -21 27 -23 -24 -25 -26 -27 -28 -29 -30 -31
leaf_value=-1.2119439827466933 -0.93241208575634105 -0.8315642840223636 -1.1606907911173694 -0.92137816805085815 -1.1681366912825677 -0.88209852978167702 -1.1945573008407104 -0.76305634985418447 -1.1671770748033332 -0.88854079351227144 -0.96935899201257947 -1.0214346543829078 -0.99294620379208109 -0.93345010243781579 -0.89381154558837861 -1.0537763815392169 -1.1948650353570143 -1.0655948160729463 -1.1653949299133266 -0.8356981252620701 -0.96935899201257958 -1.144146279301707 -1.117531610010287 -1.0042270442083645 -1.1030198587630888 -1.1260648357890386 -1.0370804978328376 -1.0973722165060251 -1.0533743939700424 -1.076287685412987
leaf_weight=303.19271144270897 23.005986124277115 36.285864293575287 36.846985906362534 7.2945809662342098 21.883742898702621 36.098823755979538 92.585066109895706 34.415458917617798 56.11216127872467 16.085486233234406 4.1148918271064749 14.402121394872667 25.437513113021851 12.531716018915178 17.207729458808902 7.1075404286384574 33.480256229639053 4.6760134398937225 8.4168241918086988 3.740810751914978 4.1148918271064785 9.7261079549789411 32.732094079256058 4.3019323647022256 8.977945804595949 5.4241755902767173 14.028040319681166 26.559756338596344 13.092837631702425 3.7408107519149771
leaf_count=1621 123 194 197 39 117 193 495 184 300 86 22 77 136 67 92 38 179 25 45 20 22 52 175 23 48 29 75 142 70 20
internal_value=-1.10351 -0.990369 -1.05481 -0.882373 -1.1829 -0.99616 -1.1456 -0.834646 -1.114 -0.980138 -1.04616 -1.0033 -0.92792 -1.07984 -0.875301 -0.94057 -1.14812 -1.12113 -1.05216 -0.963419 -1.11681 -1.0709 -1.10098 -1.11088 -1.02876 -1.02397 -0.997498 -1.0802 -1.00512 -0.966286
internal_weight=917.621 378.383 236.98 141.403 539.238 145.518 236.045 95.0166 143.46 46.3861 83.9812 47.1342 61.5363 87.3479 60.6011 24.3153 91.4628 57.9826 21.1356 8.41682 52.5584 24.1282 36.847 12.7188 30.3006 34.7895 21.3226 30.6746 29.3654 16.2725
internal_count=4906 2023 1267 756 2883 778 1262 508 767 248 449 252 329 467 324 130 489 310 113 45 281 129 197 68 162 186 114 164 157 87
is_linear=0
shrinkage=1


Tree=1
num_leaves=31
num_cat=0
split_feature=8 10 12 10 12 7 12 11 7 11 5 7 7 11 5 11 7 14 60 55 13 69 128 0 12 52 82 0 1 7
split_gain=655.316 176.472 99.2898 53.5399 39.8195 33.9011 31.9148 21.6418 15.2294 14.6817 15.6929 13.9286 13.6207 11.5596 10.207 10.1188 12.9019 8.45104 8.23927 8.10611 7.14491 7.1026 6.57428 5.90189 5.51404 5.31431 10.9705 5.44523 5.45187 5.22268
threshold=1.0000000180025095e-35 1.0000000180025095e-35 1.0000000180025095e-35 1.0000000180025095e-35 1.0000000180025095e-35 1.0000000180025095e-35 1.0000000180025095e-35 1.0000000180025095e-35 1.0000000180025095e-35 1.0000000180025095e-35 1.0000000180025095e-35 1.0000000180025095e-35 1.0000000180025095e-35 1.0000000180025095e-35 1.0000000180025095e-35 1.0000000180025095e-35 1.0000000180025095e-35 1.0000000180025095e-35 1.0000000180025095e-35 1.0000000180025095e-35 1.0000000180025095e-35 1.0000000180025095e-35 1.0000000180025095e-35 11.934291839599611 1.0000000180025095e-35 1.0000000180025095e-35 1.0000000180025095e-35 10.444900512695314 -0.27872842550277704 1.0000000180025095e-35
decision_type=2 2 2 2 2 2 2 2 2 2 2 2 2 2 2 2 2 2 2 2 2 2 2 2 2 2 2 2 2 2
left_child=3 2 5 24 8 9 7 11 14 10 -2 18 25 -7 -3 16 -4 -16 -5 20 -18 -12 -11 -21 29 26 27 28 -6 -1
right_child=1 4 15 6 12 13 -8 -9 -10 22 21 -13 -14 -15 17 -17 19 -19 -20 23 -22 -23 -24 -25 -26 -27 -28 -29 -30 -31
leaf_value=-0.10818611884631463 0.14144970655465361 0.2150429602547341 -0.0530775248870907 -0.060236368161168209 0.1458780243313289 0.17893217169963904 -0.086123717332095867 -0.059310424291215372 0.26185591370617883 -0.012036641165158226 0.053934337026687963 0.068621476524408059 0.1742218096254797 0.094068428052384287 0.17034914766306181 -0.086429789863645606 0.033454520207025398 0.043617240086291226 0.020680757085467669 -0.057593428068115994 0.21214247956738524 -0.086364107917987987 0.12725742549253333 0.08493784033648899 -0.11891157436695028 -0.0067694632979461156 -0.049471757679360906 0.22820652300305366 0.024020341221893046 -0.071700239310562353
leaf_weight=83.427183628082275 24.927884951233864 40.995067805051804 35.783000573515892 21.169035315513611 8.7944923937320763 39.959602326154709 88.315049037337303 54.306954145431519 39.904048919677734 33.113185852766037 20.118396252393726 36.146894410252571 17.758195966482162 26.826264619827271 18.955305278301243 31.930891782045364 4.7645475715398788 7.2837652266025534 31.027838677167892 8.1536679714918119 4.2194133996963501 4.3970092535018912 3.7745393663644782 4.5132340043783197 129.02933061122894 7.8238762468099585 4.6402890533208838 3.8521267771720877 6.3026513904333141 74.059300720691681
leaf_count=472 123 194 197 117 44 193 495 300 184 178 105 186 86 136 92 179 25 38 164 45 20 24 19 23 730 41 24 20 33 419
internal_value=-0.000465632 0.0958701 0.0424606 -0.0747057 0.178724 0.0913466 -0.0388802 -0.00963179 0.212917 0.0499605 0.0855803 0.0209068 0.104221 0.144844 0.183871 -0.0413003 -0.0162102 0.135169 -0.0121361 0.0447215 0.117377 0.0287708 0.00221664 -0.00680935 -0.103585 0.0646497 0.0883371 0.122084 0.0950057 -0.0910283
internal_weight=916.273 398.791 242.482 517.482 156.31 153.117 230.966 142.651 107.138 86.331 49.4433 88.3438 49.1716 66.7859 67.2341 89.3648 57.4339 26.2391 52.1969 21.6509 8.98396 24.5154 36.8877 12.6669 286.516 31.4134 23.5896 18.9493 15.0971 157.486
internal_count=4906 2023 1267 2883 756 778 1262 767 508 449 252 467 248 329 324 489 310 130 281 113 45 129 197 68 1621 162 121 97 77 891
is_linear=0
shrinkage=0.1


Tree=2
num_leaves=31
num_cat=0
split_feature=8 10 12 10 12 12 7 11 11 5 7 7 22 7 11 7 11 5 60 55 14 0 12 11 5 13 128 7 128 5
split_gain=529.691 126.851 77.3537 49.1877 27.9065 27.504 24.3692 18.007 11.157 11.388 10.8702 10.463 10.2695 9.6547 8.86673 10.58 7.463 6.945 6.87932 6.15774 5.95681 5.90585 5.38623 5.24952 6.49968 5.05932 5.03713 4.97323 8.14976 5.65676
threshold=1.0000000180025095e-35 1.0000000180025095e-35 1.0000000180025095e-35 1.0000000180025095e-35 1.0000000180025095e-35 1.0000000180025095e-35 1.0000000180025095e-35 1.0000000180025095e-35 1.0000000180025095e-35 1.0000000180025095e-35 1.0000000180025095e-35 1.0000000180025095e-35 1.0000000180025095e-35 1.0000000180025095e-35 1.0000000180025095e-35 1.0000000180025095e-35 1.0000000180025095e-35 1.0000000180025095e-35 1.0000000180025095e-35 1.0000000180025095e-35 1.0000000180025095e-35 11.494866847991945 1.0000000180025095e-35 1.0000000180025095e-35 1.0000000180025095e-35 1.0000000180025095e-35 1.0000000180025095e-35 1.0000000180025095e-35 1.0000000180025095e-35 1.0000000180025095e-35
decision_type=2 2 2 2 2 2 2 2 2 2 2 2 2 2 2 2 2 2 2 2 2 2 2 2 2 2 2 2 2 2
left_child=3 2 6 22 7 11 8 10 9 -2 18 17 16 -7 15 -4 -8 -3 -5 25 -19 -11 27 24 -6 -17 -10 -1 29 -29
right_child=1 5 14 4 23 13 12 -9 26 21 -12 -13 -14 -15 -16 19 -18 20 -20 -21 -22 -23 -24 -25 -26 -27 -28 28 -30 -31
leaf_value=-0.10378671906407022 0.11980131591215959 0.17883606979907787 -0.049215086401546038 -0.056091764283598557 -0.034003875836910259 0.056302828415775732 0.13875408265329522 -0.055198898201264404 -0.010903092663720882 0.063754100193791546 0.059747924253356011 0.21649049015017671 0.25012315876994651 0.1461753001064591 -0.081786918559188529 0.029601579533646102 0.069416589362359046 0.14307027658460622 0.01841514580873584 -0.0062795733886401852 0.038406498483989554 -0.036640830937074764 -0.11482518649710856 -0.11465197339367178 -0.10482800736319819 0.17651532900220401 0.10813337854826624 -0.054746567897425873 0.038335262669592064 -0.11560643934553903
leaf_weight=78.52259087562561 26.400933399796486 44.168286234140396 34.785857230424881 20.495980158448219 31.989448845386505 32.30187101662159 39.201315924525261 52.608002722263336 32.911361366510391 15.364996820688249 37.297397568821907 43.227957844734192 5.8051951527595511 18.974827587604523 30.447473853826523 4.8418544232845306 25.699697434902191 20.23477399349213 31.342954784631729 12.59412607550621 7.4361098110675803 9.4714146852493268 120.69047048687935 30.458039060235023 21.780050277709961 4.5438182353973389 3.9853373765945426 39.749971479177475 6.6249952465295783 24.801264256238937
leaf_count=472 123 194 197 117 188 162 177 300 178 77 186 184 27 86 179 25 125 92 164 68 38 52 730 179 128 20 19 234 39 146
internal_value=-0.000738386 0.08302 0.0374186 -0.0703283 -0.0358935 0.150473 0.0789653 -0.00880411 0.0438822 0.074075 0.018578 0.177617 0.122696 0.0895599 -0.03825 -0.014898 0.111298 0.154226 -0.0110433 0.0394132 0.114944 0.0254683 -0.0991064 -0.0814817 -0.0626921 0.100726 0.00195444 -0.0864335 -0.0672892 -0.0781296
internal_weight=908.758 412.397 246.053 496.361 225.972 166.344 158.84 141.744 88.134 51.2373 89.1363 115.067 70.7062 51.2767 87.2131 56.7657 64.901 71.8392 51.8389 21.9798 27.6709 24.8364 270.389 84.2275 53.7695 9.38567 36.8967 149.699 71.1762 64.5512
internal_count=4906 2023 1267 2883 1262 756 778 767 449 252 467 508 329 248 489 310 302 324 281 113 130 129 1621 495 316 45 197 891 419 380
is_linear=0
shrinkage=0.1


Tree=3
num_leaves=31
num_cat=0
split_feature=8 10 12 10 12 12 7 11 11 7 5 7 11 7 7 22 60 11 11 12 69 14 11 5 56 73 13 7 128 5
split_gain=432.71 95.2515 60.9709 45.2128 24.4013 20.6219 18.1242 14.9806 8.61115 8.54136 8.51101 8.12704 7.76943 8.70883 7.17024 7.04511 5.74039 5.70969 5.54141 5.2956 5.1395 5.11828 4.98818 5.96647 4.80006 6.73972 5.16671 4.74342 7.04956 5.34907
threshold=1.0000000180025095e-35 1.0000000180025095e-35 1.0000000180025095e-35 1.0000000180025095e-35 1.0000000180025095e-35 1.0000000180025095e-35 1.0000000180025095e-35 1.0000000180025095e-35 1.0000000180025095e-35 1.0000000180025095e-35 1.0000000180025095e-35 1.0000000180025095e-35 1.0000000180025095e-35 1.0000000180025095e-35 1.0000000180025095e-35 1.0000000180025095e-35 1.0000000180025095e-35 1.0000000180025095e-35 1.0000000180025095e-35 1.0000000180025095e-35 1.0000000180025095e-35 1.0000000180025095e-35 1.0000000180025095e-35 1.0000000180025095e-35 1.0000000180025095e-35 1.0000000180025095e-35 1.0000000180025095e-35 1.0000000180025095e-35 1.0000000180025095e-35 1.0000000180025095e-35
decision_type=2 2 2 2 2 2 2 2 2 2 2 2 2 2 2 2 2 2 2 2 2 2 2 2 2 2 2 2 2 2
left_child=3 2 6 19 7 11 8 9 10 16 -2 17 13 -4 -7 18 -5 -3 -8 27 -12 -19 23 -6 26 -26 -15 -1 29 -29
right_child=1 5 12 4 22 14 15 -9 -10 -11 20 -13 -14 24 -16 -17 -18 21 -20 -21 -22 -23 -24 -25 25 -27 -28 28 -30 -31
leaf_value=-0.09969253805947953 0.10314345461616772 0.1559367239991073 -0.045577660951093009 -0.052173037058823736 -0.031236691986381911 0.049385823265337969 0.11938099781180339 -0.051313249882957601 0.0017324073327852276 0.052330006966972202 0.042669544069386375 0.18635404904249905 -0.077376341870072488 0.0156218813041459 0.12539770713753443 0.20705406947534666 0.016419299126524987 0.13136425309298336 0.060637051669372499 -0.11113053920672399 -0.079560314975137547 0.047765054506700405 -0.11073243255168584 -0.10061707400343292 -0.11032609776462121 0.051296433044523998 0.15010392442633955 -0.050936167847669557 0.033728801527951942 -0.11173514532238008
leaf_weight=73.817752242088318 27.531421691179276 43.758992940187454 33.855987399816513 19.865752503275871 31.374453485012054 33.097891196608543 40.904915034770966 51.017989218235016 36.87961833178997 38.270150303840637 20.97410769760609 45.080264091491699 29.03916198015213 5.960090160369873 19.854260712862015 6.2813677936792365 31.621895313262939 19.495766758918762 26.436183601617813 112.64865174889565 4.1149753332138053 11.729755431413652 28.484730035066605 20.489650726318359 4.2807235270738602 6.4945447593927383 5.4868335574865341 38.517439037561417 6.7686479687690726 23.178487360477448
leaf_count=472 123 189 197 117 188 162 177 300 197 186 105 184 179 31 86 27 164 83 125 730 24 52 179 128 23 35 24 234 39 146
internal_value=-0.000907057 0.0729143 0.0332161 -0.0662308 -0.033141 0.129872 0.0690156 -0.00804449 0.0387837 0.0165493 0.0647514 0.1528 -0.0353917 -0.0136506 0.0778863 0.105768 -0.010046 0.132627 0.0963198 -0.0949326 0.0226221 0.0999605 -0.0771116 -0.0586464 0.0349909 -0.0129118 0.0800829 -0.0821083 -0.0631492 -0.0737777
internal_weight=897.312 421.257 248.24 476.056 221.125 173.017 163.123 140.776 89.5001 89.7578 52.6205 120.065 85.1173 56.0782 52.9522 73.6225 51.4876 74.9845 67.3411 254.931 25.0891 31.2255 80.3488 51.8641 22.2222 10.7753 11.4469 142.282 68.4646 61.6959
internal_count=4906 2023 1267 2883 1262 756 778 767 449 467 252 508 489 310 248 329 281 324 302 1621 129 135 495 316 113 58 55 891 419 380
is_linear=0
shrinkage=0.1


Tree=4
num_leaves=31
num_cat=0
split_feature=8 10 12 10 12 12 7 11 14 99 5 132 108 11 7 11 5 64 7 12 11 5 14 11 5 11 7 13 67 26
split_gain=355.788 73.4975 48.496 41.5491 21.3184 16.2047 13.8552 12.4569 7.41759 8.56407 7.23127 6.79097 8.77066 6.78815 7.15999 6.72246 6.50179 5.68466 5.46814 5.22745 4.96171 5.6 5.51166 4.75474 5.48085 4.57339 4.54368 4.43663 4.34711 4.23041
threshold=1.0000000180025095e-35 1.0000000180025095e-35 1.0000000180025095e-35 1.0000000180025095e-35 1.0000000180025095e-35 1.0000000180025095e-35 1.0000000180025095e-35 1.0000000180025095e-35 1.0000000180025095e-35 1.0000000180025095e-35 1.0000000180025095e-35 1.0000000180025095e-35 1.0000000180025095e-35 1.0000000180025095e-35 1.0000000180025095e-35 1.0000000180025095e-35 1.0000000180025095e-35 1.0000000180025095e-35 1.0000000180025095e-35 1.0000000180025095e-35 1.0000000180025095e-35 1.0000000180025095e-35 1.0000000180025095e-35 1.0000000180025095e-35 1.0000000180025095e-35 1.0000000180025095e-35 1.0000000180025095e-35 1.0000000180025095e-35 1.0000000180025095e-35 1.0000000180025095e-35
decision_type=2 2 2 2 2 2 2 2 2 2 2 2 2 2 2 2 2 2 2 2 2 2 2 2 2 2 2 2 2 2
left_child=3 2 6 19 7 10 15 8 -5 -10 -3 12 18 14 -4 16 -2 20 -7 25 -8 22 -22 24 -6 26 -1 -18 -9 -16
right_child=1 5 13 4 23 11 17 28 9 -11 -12 -13 -14 -15 29 -17 27 -19 -20 -21 21 -23 -24 -25 -26 -27 -28 -29 -30 -31
leaf_value=-0.086397645260097022 0.089838397584803442 0.15289225154991862 -0.042153095418160341 0.039730302876371998 -0.028657234263525778 0.012381345154997989 0.12083708448786119 -0.080834021753620824 -0.042024900220580953 0.074074154151056629 0.10297220030466261 0.16031169240147536 0.1828169321258569 -0.073161098767253713 -0.018270380168374407 0.0015577494210673073 -0.023088098731559981 -0.012660184634794916 0.086474280029416942 -0.10774337085779731 0.13726981191527662 0.00036883006771491853 0.025765403228558942 -0.10713733429917388 -0.09666307469112187 -0.098336803909521611 -0.03696610143957528 0.060706376135060372 -0.02120292754442249 0.069387467778379161
leaf_weight=36.728616803884506 28.397201657295227 76.284982025623322 32.992504552006721 51.335528492927551 30.809443831443787 26.511034548282623 42.975228309631348 21.961374953389168 30.910419672727585 7.9975390434265128 46.832139387726784 6.9890951216220847 4.8008977323770514 27.711341455578804 9.7710471749305725 36.911314457654953 12.251529380679131 4.8255555629730216 15.955241352319716 104.96833652257919 12.249822258949282 8.7436505556106585 6.9470072984695426 26.594416961073875 19.259162902832031 60.841444402933121 37.663737505674362 13.048057451844215 27.575561031699181 12.611658453941345
leaf_count=250 123 310 197 265 188 128 180 133 162 40 198 31 22 179 50 197 63 21 67 730 56 40 32 179 128 402 239 66 167 63
internal_value=-0.0010131 0.0646281 0.0296348 -0.0623654 -0.0305888 0.113838 0.060797 -0.00734673 0.0147709 -0.0181607 0.133903 0.0683069 0.0547028 -0.0327557 -0.0125357 0.0344108 0.056994 0.0923626 0.0402192 -0.090999 0.099509 0.0667042 0.0969183 -0.0729663 -0.0548161 -0.078002 -0.0613712 0.0201282 -0.0476394 0.0311209
internal_weight=883.455 426.809 249.436 456.646 216.443 177.373 166.349 139.78 90.2435 38.908 123.117 54.2563 47.2672 83.0866 55.3752 90.6081 53.6968 75.7413 42.4663 240.202 70.9157 27.9405 19.1968 76.663 50.0686 135.234 74.3924 25.2996 49.5369 22.3827
internal_count=4906 2023 1267 2883 1262 756 778 767 467 202 508 248 217 489 310 449 252 329 195 1621 308 128 88 495 316 891 489 129 300 113
is_linear=0
shrinkage=0.1


Tree=5
num_leaves=31
num_cat=0
split_feature=8 10 12 10 12 12 7 11 7 7 5 84 11 5 33 11 7 73 15 5 0 12 22 0 13 14 35 11 5 133
split_gain=293.617 57.8332 38.7713 38.1351 18.6049 13.1116 10.7779 10.3539 7.46224 6.64152 6.18181 6.08858 6.68207 6.03867 6.28127 5.93684 5.88925 5.41384 5.20244 7.75688 10.5256 5.19331 5.14171 4.98425 7.46622 4.69279 6.28708 4.53855 5.03221 4.53083
threshold=1.0000000180025095e-35 1.0000000180025095e-35 1.0000000180025095e-35 1.0000000180025095e-35 1.0000000180025095e-35 1.0000000180025095e-35 1.0000000180025095e-35 1.0000000180025095e-35 1.0000000180025095e-35 1.0000000180025095e-35 1.0000000180025095e-35 1.0000000180025095e-35 1.0000000180025095e-35 1.0000000180025095e-35 1.0000000180025095e-35 1.0000000180025095e-35 1.0000000180025095e-35 1.0000000180025095e-35 1.0000000180025095e-35 1.0000000180025095e-35 11.23477077484131 1.0000000180025095e-35 1.0000000180025095e-35 7.2210814952850351 1.0000000180025095e-35 1.0000000180025095e-35 1.0000000180025095e-35 1.0000000180025095e-35 1.0000000180025095e-35 1.0000000180025095e-35
decision_type=2 2 2 2 2 2 2 2 2 2 2 2 2 2 2 2 2 2 2 2 2 2 2 2 2 2 2 2 2 2
left_child=3 2 6 21 7 8 11 9 25 18 23 12 13 14 17 16 -4 -2 -5 20 -20 -1 -8 -7 -25 -3 -27 28 -6 -11
right_child=1 5 15 4 27 10 22 -9 -10 29 -12 -13 -14 -15 -16 -17 -18 -19 19 -21 -22 -23 -24 24 -26 26 -28 -29 -30 -31
leaf_value=-0.074014272040911946 0.016242394890858596 0.11764729666585226 -0.038931596269058642 -0.041467218601349776 -0.02625699271376777 0.13009019989224777 0.073424664600414885 -0.044192103949632446 0.15081087167996324 0.058324257895419875 0.012190942169190391 0.12959005943579602 -0.0099699741805257761 0.0098499176366766868 0.18068402190386113 -0.069114225606914992 0.02762312235323891 0.11649874168265689 0.15597711131630865 -0.034788448533074834 -0.02659651758540901 -0.10459649430809395 0.16544885195109138 0.093916582230515244 -0.028171818311810329 0.095497965606196139 -0.013699471425750282 -0.10379499259629213 -0.092907653696666842 -0.036958411775816734
leaf_weight=128.6548098474741 13.465482071042064 51.987417981028557 32.193559303879738 26.390026926994324 30.291520416736603 14.220072865486143 70.645498529076576 48.163704946637154 45.978356719017029 33.456568956375122 18.015763401985168 5.8202251046895972 34.684122741222382 23.606731325387955 4.9609670788049689 26.466543555259705 22.649149358272552 8.9769880473613739 7.247547373175621 12.253772765398026 5.5956706702709198 97.690294981002808 6.6424898207187644 15.623534306883814 7.3727691024541846 19.619466647505764 7.210314452648162 24.798742637038231 18.094640731811523 5.8655001223087302
leaf_count=891 57 211 197 145 188 62 302 300 184 157 82 28 185 120 21 179 113 38 39 67 30 730 27 70 34 82 31 179 128 29
internal_value=-0.00108041 0.0576214 0.0265123 -0.0586626 -0.0282025 0.100841 0.0538379 -0.00671275 0.118795 0.0131657 0.0602752 0.0306165 0.0238944 0.0469203 0.0788546 -0.030217 -0.0114456 0.0563449 -0.0104684 0.0221276 0.0764315 -0.0872135 0.0813337 0.0835518 0.0547742 0.100118 0.0661519 -0.0690099 -0.0511819 0.0441114
internal_weight=868.642 430.139 250.112 438.503 212.158 180.028 168.803 138.973 124.796 90.8091 55.2321 91.5145 85.6943 51.0102 27.4034 81.3093 54.8427 22.4425 51.487 25.097 12.8432 226.345 77.288 37.2164 22.9963 78.8172 26.8298 73.1849 48.3862 39.3221
internal_count=4906 2023 1267 2883 1262 756 778 767 508 467 248 449 421 236 116 489 310 95 281 136 69 1621 329 166 104 324 113 495 316 186
is_linear=0
shrinkage=0.1


Tree=6
num_leaves=31
num_cat=0
split_feature=8 10 10 12 12 12 11 7 7 19 6 99 5 14 61 0 13 12 81 5 7 128 5 5 7 139 52 7 26 64
split_gain=243.099 46.2593 34.8426 31.121 16.1845 10.9914 8.57502 8.47266 6.59462 5.70447 5.6942 5.69266 8.92603 7.25053 7.11509 5.36846 5.34759 5.18028 5.03069 4.79777 4.71017 6.63188 5.5809 4.69779 4.62469 4.40364 4.37977 4.3624 4.45392 4.28253
threshold=1.0000000180025095e-35 1.0000000180025095e-35 1.0000000180025095e-35 1.0000000180025095e-35 1.0000000180025095e-35 1.0000000180025095e-35 1.0000000180025095e-35 1.0000000180025095e-35 1.0000000180025095e-35 1.0000000180025095e-35 1.0000000180025095e-35 1.0000000180025095e-35 1.0000000180025095e-35 1.0000000180025095e-35 1.0000000180025095e-35 12.262833595275881 1.0000000180025095e-35 1.0000000180025095e-35 1.0000000180025095e-35 1.0000000180025095e-35 1.0000000180025095e-35 1.0000000180025095e-35 1.0000000180025095e-35 1.0000000180025095e-35 1.0000000180025095e-35 1.0000000180025095e-35 1.0000000180025095e-35 1.0000000180025095e-35 1.0000000180025095e-35 1.0000000180025095e-35
decision_type=2 2 2 2 2 2 2 2 2 2 2 2 2 2 2 2 2 2 2 2 2 2 2 2 2 2 2 2 2 2
left_child=2 3 17 7 6 8 10 15 23 16 11 12 13 18 -13 -2 -5 20 -4 26 -1 22 -22 -3 -6 -12 27 28 -7 -9
right_child=1 5 4 9 24 19 -8 29 -10 -11 25 14 -14 -15 -16 -17 -18 -19 -20 -21 21 -23 -24 -25 -26 -27 -28 -29 -30 -31
leaf_value=-0.089468483386405881 0.044660105976968366 0.10870867855698896 0.18229984602298704 -0.053061891137299699 -0.083828125066316067 0.11951386430390579 -0.040910461316534003 0.07803964891287192 0.13692281678910406 0.098513869234973281 -0.029801396794043308 0.19613171359948564 -0.028262214225080684 0.002087491852182597 0.024756048387465687 -0.0062566451812066763 0.002354787241296809 -0.10163559081329501 0.047496340136566804 0.010928600903761862 -0.037281015757735549 0.046082750954824489 -0.10402013268049089 0.0589160490418736 -0.029679568049763363 0.073766112538421524 0.012108166628768601 0.14959707061481564 0.024389167081276576 -0.018493200560786443
leaf_weight=62.088351160287857 60.752385705709457 48.415567308664322 5.901905283331871 49.32619246840477 45.887771278619766 8.7703443616628647 46.893119528889656 73.592751890420914 45.594162821769714 3.4201292246580115 34.103166118264198 4.4106883406639081 21.338454514741898 10.123707830905914 5.3746841251850128 31.415561944246292 26.914525344967842 90.837261825799942 5.2141556441783905 18.083280950784683 34.326920509338379 6.3904647231101981 19.732337102293968 31.131758064031601 24.033829793334007 4.6673654913902274 8.8987537771463376 9.1173145174980181 11.218043103814125 4.9017927944660178
leaf_count=472 290 194 30 311 326 39 300 308 184 19 176 21 113 53 26 159 159 730 25 82 234 39 146 130 169 23 40 37 50 21
internal_value=-0.0011166 0.0516355 -0.0551493 0.0237777 -0.0260193 0.0901141 -0.00616317 0.0478673 0.106601 -0.0278309 0.0117161 0.0332247 0.0174181 0.0633106 0.102002 0.0273051 -0.0334987 -0.0835385 0.119068 0.0533285 -0.0701232 -0.0502535 -0.0616417 0.0892218 -0.0652159 -0.0173335 0.0735032 0.092274 0.0661272 0.0720114
internal_weight=852.877 431.553 421.324 250.323 207.949 181.229 138.027 170.662 125.141 79.6608 91.1341 52.3636 42.5782 21.2398 9.78537 92.1679 76.2407 213.375 11.1161 56.0877 122.538 60.4497 54.0593 79.5473 69.9216 38.7705 38.0045 29.1057 19.9884 78.4945
internal_count=4906 2023 2883 1267 1262 756 767 778 508 489 467 268 221 108 47 449 470 1621 55 248 891 419 380 324 495 199 166 126 89 329
is_linear=0
shrinkage=0.1


Tree=7
num_leaves=31
num_cat=0
split_feature=8 10 10 12 12 7 11 174 12 14 67 86 5 14 12 9 11 0 133 50 6 5 7 11 99 11 5 0 0 78
split_gain=201.627 37.5765 31.8547 25.0034 14.0047 9.70022 8.14029 7.33494 6.99997 6.78263 5.28453 9.13872 7.00204 5.1909 5.12912 5.11658 5.10625 5.04701 7.37764 4.98814 4.88138 4.78681 5.42793 4.76824 4.74753 4.55738 4.82358 4.37986 7.01729 4.30656
threshold=1.0000000180025095e-35 1.0000000180025095e-35 1.0000000180025095e-35 1.0000000180025095e-35 1.0000000180025095e-35 1.0000000180025095e-35 1.0000000180025095e-35 1.0000000180025095e-35 1.0000000180025095e-35 1.0000000180025095e-35 1.0000000180025095e-35 1.0000000180025095e-35 1.0000000180025095e-35 1.0000000180025095e-35 1.0000000180025095e-35 1.0000000180025095e-35 1.0000000180025095e-35 11.494866847991945 1.0000000180025095e-35 1.0000000180025095e-35 1.0000000180025095e-35 1.0000000180025095e-35 1.0000000180025095e-35 1.0000000180025095e-35 1.0000000180025095e-35 1.0000000180025095e-35 1.0000000180025095e-35 14.680356025695803 7.0814509391784677 1.0000000180025095e-35
decision_type=2 2 2 2 2 2 2 2 2 2 2 2 2 2 2 2 2 2 2 2 2 2 2 2 2 2 2 2 2 2
left_child=2 3 14 6 7 8 17 9 -3 10 11 -4 15 -8 23 -12 21 18 29 -15 24 22 -5 -1 -11 26 -6 28 -24 -2
right_child=1 5 4 16 25 -7 13 -9 -10 20 12 -13 -14 19 -16 -17 -18 -19 -20 -21 -22 -23 27 -25 -26 -27 -28 -29 -30 -31
leaf_value=-0.048440710700171308 0.087645088666561566 0.079998502019848095 -0.03194553723206487 -0.027658195230530008 -0.018513862588397403 0.11164765969834799 0.038429476106233623 -0.11339853332502102 0.026611145226597729 -0.023721158445197173 0.03343600052008204 0.13792346447571838 -0.0051907096563493637 -0.042687823723954132 -0.098816179053348802 0.12230269089803066 -0.06315819935384788 0.030659676223142269 0.024784614961513955 0.054168310220500282 -0.06892204691525039 -0.051765048226581227 0.099420519902201243 -0.089124514452723624 0.070917340365537068 -0.098683807788387923 -0.086729246513058411 0.13523002375903023 -0.041190378035135825 0.18546891144741812
leaf_weight=65.041110292077065 42.196254700422287 79.832685962319374 28.446340799331665 17.594791367650032 28.674284219741821 65.999060973525047 41.319180861115456 6.0414952635765067 35.4719597697258 27.861590370535851 14.249680876731873 3.563846990466117 19.633577525615692 20.480747893452648 84.418385326862335 11.880702465772629 24.70317754149437 36.890998676419258 19.363885492086411 7.1817436516284934 18.947251155972481 17.156384184956551 6.4840097725391406 51.712807036936283 6.5460820198059073 22.053152799606323 16.234749406576157 4.5334305912256232 7.8414526581764221 5.0375579297542563
leaf_count=489 177 324 161 112 188 270 198 36 162 159 79 18 111 99 730 63 179 165 82 36 107 105 32 402 33 179 128 21 40 21
internal_value=-0.00113306 0.0463912 -0.0517977 0.0213171 -0.0239671 0.0810744 0.0425941 -0.00566646 0.0635746 -0.000702936 0.0181344 -0.0130332 0.039935 0.0159842 -0.080038 0.073841 -0.0255416 0.0603312 0.0767674 -0.017542 -0.0281616 -0.00820805 0.0122914 -0.0664604 -0.00571612 -0.0614554 -0.0431739 0.0495632 0.0224531 0.0980781
internal_weight=837.392 432.087 405.305 250.784 204.133 181.304 172.47 137.171 115.305 131.129 77.7741 32.0102 45.764 68.9817 201.172 26.1304 78.3132 103.489 66.5977 27.6625 53.3549 53.6101 36.4537 116.754 34.4077 66.9622 44.909 18.8589 14.3255 47.2338
internal_count=4906 2023 2883 1267 1262 756 778 767 486 731 432 179 253 333 1621 142 489 445 280 135 299 310 205 891 192 495 316 93 72 198
is_linear=0
shrinkage=0.1


Tree=8
num_leaves=31
num_cat=0
split_feature=8 10 10 12 7 12 12 7 11 83 5 139 12 7 128 5 11 84 11 5 33 11 132 133 0 22 5 7 73 11
split_gain=167.313 30.6129 28.9782 20.1672 12.2214 8.48571 7.87033 6.89612 6.03542 8.69327 5.74761 5.24486 5.10063 4.68794 5.86671 5.51862 4.41346 4.40749 4.31057 4.57119 4.57393 4.30684 6.11454 4.2815 4.2523 4.19235 3.98753 4.34243 3.97836 3.94136
threshold=1.0000000180025095e-35 1.0000000180025095e-35 1.0000000180025095e-35 1.0000000180025095e-35 1.0000000180025095e-35 1.0000000180025095e-35 1.0000000180025095e-35 1.0000000180025095e-35 1.0000000180025095e-35 1.0000000180025095e-35 1.0000000180025095e-35 1.0000000180025095e-35 1.0000000180025095e-35 1.0000000180025095e-35 1.0000000180025095e-35 1.0000000180025095e-35 1.0000000180025095e-35 1.0000000180025095e-35 1.0000000180025095e-35 1.0000000180025095e-35 1.0000000180025095e-35 1.0000000180025095e-35 1.0000000180025095e-35 1.0000000180025095e-35 3.7193702459335332 1.0000000180025095e-35 1.0000000180025095e-35 1.0000000180025095e-35 1.0000000180025095e-35 1.0000000180025095e-35
decision_type=2 2 2 2 2 2 2 2 2 2 2 2 2 2 2 2 2 2 2 2 2 2 2 2 2 2 2 2 2 2
left_child=2 3 12 7 6 10 11 17 23 -10 29 -4 13 -1 15 -15 26 18 19 20 28 22 -7 -6 -20 -9 27 -5 -2 -3
right_child=1 5 4 16 8 21 -8 25 9 -11 -12 -13 -14 14 -16 -17 -18 -19 24 -21 -22 -23 -24 -25 -26 -27 -28 -29 -30 -31
leaf_value=-0.083390678662536577 0.0060812556432227258 0.12364140779465516 -0.032536447743573629 -0.025342165753803231 0.038152375881672834 0.043495470636597838 -0.077288254777679921 0.052689851563511636 -0.056952214073203236 0.13244976360757915 0.060761493835184456 0.049910039493550801 -0.096101531383336949 -0.029302563922886622 0.04833696716785528 -0.099099293169100988 -0.059466532754066062 0.10094710768917133 0.078915802256965484 0.00037695121906751265 0.14413121789015121 -0.00050498363365254349 0.15633430368065787 -0.038728117927390469 -0.026265973803243466 0.13532365880059147 -0.048096436275743039 0.043778391459074292 0.090692475854297086 0.077117035630316438
leaf_weight=55.557876899838448 13.737860336899761 45.375453293323517 71.56566558778286 17.298670992255211 47.272471249103546 34.310253515839577 41.506230033934116 72.956980958580971 20.353301987051967 2.750868394970893 48.050863981246948 8.648397430777548 78.432702794671059 32.089474320411682 6.3231327384710303 17.509293280541897 23.668191224336624 6.2313787043094626 4.3906834274530402 24.48248715698719 5.1995627433061591 17.25662325322628 5.5838161110877982 8.5546167790889722 30.849657267332077 6.7037711739540091 16.645982772111893 19.151757955551147 9.3319762796163559 30.413869366049767
leaf_count=472 57 186 427 112 248 149 326 302 146 19 198 47 730 234 39 146 179 28 20 120 21 76 23 49 165 27 105 93 38 124
internal_value=-0.00114176 0.0417685 -0.0485649 0.0191384 -0.0220649 0.0731082 -0.0419387 0.0379852 0.00858265 -0.0344013 0.0878177 -0.0236474 -0.0765633 -0.062817 -0.0423773 -0.0539421 -0.0235529 0.0196741 0.0139186 0.0320089 0.0594036 0.0412343 0.0592891 0.0263717 -0.0131611 0.0596438 -0.00754411 0.0109751 0.0403073 0.104971
internal_weight=822.204 431.64 390.564 250.649 200.652 180.991 121.72 173.884 78.9313 23.1042 123.84 80.2141 189.912 111.48 55.9219 49.5988 76.7646 94.2236 87.9922 52.7519 28.2694 57.1507 39.8941 55.8271 35.2403 79.6608 53.0964 36.4504 23.0698 75.7893
internal_count=4906 2023 2883 1267 1262 756 800 778 462 165 508 474 1621 891 419 380 489 449 421 236 116 248 172 297 185 329 310 205 95 310
is_linear=0
shrinkage=0.1


Tree=9
num_leaves=31
num_cat=0
split_feature=8 10 10 12 12 7 174 14 11 12 5 11 102 14 11 53 67 15 11 5 7 6 7 6 13 15 5 0 19 13
split_gain=139.048 26.3625 25.0173 16.3416 10.967 8.65511 6.34563 5.79159 5.75337 5.02478 4.8947 4.68146 4.47405 4.44372 4.43034 5.92024 6.06507 6.68339 4.29754 4.47154 4.08109 4.07398 4.01447 4.26337 6.14897 5.52812 5.52968 4.0954 3.99054 4.32715
threshold=1.0000000180025095e-35 1.0000000180025095e-35 1.0000000180025095e-35 1.0000000180025095e-35 1.0000000180025095e-35 1.0000000180025095e-35 1.0000000180025095e-35 1.0000000180025095e-35 1.0000000180025095e-35 1.0000000180025095e-35 1.0000000180025095e-35 1.0000000180025095e-35 1.0000000180025095e-35 1.0000000180025095e-35 1.0000000180025095e-35 1.0000000180025095e-35 1.0000000180025095e-35 1.0000000180025095e-35 1.0000000180025095e-35 1.0000000180025095e-35 1.0000000180025095e-35 1.0000000180025095e-35 1.0000000180025095e-35 1.0000000180025095e-35 1.0000000180025095e-35 1.0000000180025095e-35 1.0000000180025095e-35 7.1540040969848642 1.0000000180025095e-35 1.0000000180025095e-35
decision_type=2 2 2 2 2 2 2 2 2 2 2 2 2 2 2 2 2 2 2 2 2 2 2 2 2 2 2 2 2 2
left_child=1 9 3 8 6 10 7 14 22 11 -4 20 13 -10 -3 16 -16 -18 19 -6 -1 -9 23 24 -2 26 -25 -26 29 -5
right_child=2 4 5 28 18 -7 -8 21 12 -11 -12 -13 -14 -15 15 -17 17 -19 -20 -21 -22 -23 -24 25 27 -27 -28 -29 -30 -31
leaf_value=-0.068751711696755313 0.0041932266494243853 0.034935287419512621 0.065321482009472839 -0.045330015319903154 -0.013491021266756062 0.095559568608827763 -0.10874339681763648 -0.0052382830413526017 0.026625817799335674 -0.09346109342715074 0.022558913223075391 -0.083295146726874492 0.11128358020384484 -0.026599011074852543 -0.099589939923201434 0.077517224694487963 0.068197499797015809 -0.083188730764126154 -0.09387322115051977 -0.081627287845382188 -0.016575483450471527 -0.063908808358839594 0.07015331128916992 0.098977144691746233 0.020750935793644714 -0.057119574511663655 -0.039220766159261011 0.11973560845441698 0.081387012052060781 0.0057280016837738942
leaf_weight=28.183810412883759 14.805576995015143 50.633931934833527 73.788882464170456 45.727284014225006 27.653486728668213 64.320821017026901 5.5796966254711142 34.166208028793335 39.179970815777779 72.871865481138229 42.003833100199699 46.285907432436943 4.2431059628725043 26.15952043235302 9.3244818150997197 5.4806577861309043 7.2891074866056442 4.8610825538635254 19.565481774508953 14.779213555157183 32.025296203792095 18.107954755425453 48.018489509820938 7.1270448416471481 6.019326567649844 10.264977261424065 4.87629534304142 13.677731916308401 3.5796904265880576 26.057382628321648
leaf_count=250 68 253 308 311 188 270 36 192 185 730 178 402 20 128 65 36 47 31 179 128 239 107 193 29 26 45 24 60 19 159
internal_value=-0.00113221 -0.0454764 0.0377401 0.0172523 -0.0202657 0.0661473 -0.0043202 0.000166431 0.0340694 -0.0732275 0.0498094 -0.0593822 0.0117784 0.00531656 0.0175004 -0.01525 -0.0389255 0.00763047 -0.0551006 -0.0372227 -0.0409991 -0.025562 0.0488712 0.0308702 0.0528859 -0.00324087 0.042835 0.0894864 -0.0216577 -0.0267963
internal_weight=806.658 376.808 429.85 249.736 197.441 180.114 135.443 129.863 174.372 179.367 115.793 106.495 69.5826 65.3395 77.5893 26.9553 21.4747 12.1502 61.9982 42.4327 60.2091 52.2742 104.789 56.771 34.5026 22.2683 12.0033 19.6971 75.3644 71.7847
internal_count=4906 2883 2023 1267 1262 756 767 731 778 1621 486 891 333 313 432 179 143 78 495 316 489 299 445 252 154 98 53 86 489 470
is_linear=0
shrinkage=0.1


Tree=10
num_leaves=31
num_cat=0
split_feature=8 10 10 12 7 12 12 176 7 0 84 12 83 11 26 83 1 83 5 0 11 14 58 139 14 67 11 16 132 1
split_gain=115.515 23.813 20.4966 13.2292 10.0644 7.8527 6.37684 6.15683 5.46316 5.03975 6.35854 4.95217 4.93906 6.44098 5.74052 4.68711 4.64779 8.7896 4.94474 4.52668 5.81101 4.67096 4.38391 4.32502 4.26222 4.8663 4.19824 3.95343 4.73422 4.74717
threshold=1.0000000180025095e-35 1.0000000180025095e-35 1.0000000180025095e-35 1.0000000180025095e-35 1.0000000180025095e-35 1.0000000180025095e-35 1.0000000180025095e-35 1.0000000180025095e-35 1.0000000180025095e-35 12.262833595275881 1.0000000180025095e-35 1.0000000180025095e-35 1.0000000180025095e-35 1.0000000180025095e-35 1.0000000180025095e-35 1.0000000180025095e-35 -0.46444596350193018 1.0000000180025095e-35 1.0000000180025095e-35 11.741273403167726 1.0000000180025095e-35 1.0000000180025095e-35 1.0000000180025095e-35 1.0000000180025095e-35 1.0000000180025095e-35 1.0000000180025095e-35 1.0000000180025095e-35 1.0000000180025095e-35 1.0000000180025095e-35 -0.011027454398572443
decision_type=2 2 2 2 2 2 2 2 2 2 2 2 2 2 2 2 2 2 2 2 2 2 2 2 2 2 2 2 2 2
left_child=1 11 3 9 6 8 23 -5 24 10 19 16 13 -6 -14 -11 17 -1 26 20 27 -22 -23 -3 -4 -26 -18 28 29 -2
right_child=2 4 5 7 12 -7 -8 -9 -10 15 -12 -13 14 -15 -16 -17 18 -19 -20 -21 21 22 -24 -25 25 -27 -28 -29 -30 -31
leaf_value=-0.040795761253100089 0.078388712442138506 -0.02938659791307556 0.075788365986374798 -0.025706054386606215 0.018183211283120868 0.02964288227303833 -0.071094183049616025 0.12101708472152593 0.1036234029932589 -0.0064329543839251047 0.13701850225195847 -0.090869456956107583 0.15261358444926412 -0.050929698662537597 0.013863299953129111 0.071312538074679507 -0.019850189600828804 0.13974489437699508 -0.098086156457904153 0.13230362188851005 0.030690448397073092 0.022465181422924484 -0.081155652550209428 0.045029345353073687 -0.021959563456565176 0.063319265639915787 -0.080593228361783356 0.08236510241181641 -0.033221514772749726 -0.0044357349420743371
leaf_weight=20.886109963059429 20.219086661934853 69.855584189295769 51.907909825444221 71.306002601981163 46.312762960791588 58.052780777215958 37.689201511442661 2.9794609546661368 41.815590098500252 47.836672753095627 6.6949300020933142 67.72222712635994 4.7899195626378042 19.023310229182243 7.8993891999125481 9.2547459006309492 25.578975103795528 3.0963924601674071 31.904805317521095 4.7381601184606543 25.06414669752121 7.0530854910612115 9.6953083425760269 8.7931940853595716 11.650375783443451 15.720368564128876 20.494930788874626 24.984846442937851 8.7790806442499143 10.521144062280657
leaf_count=175 83 427 211 474 247 248 326 15 184 223 28 730 26 146 43 40 205 25 301 22 115 34 48 47 48 65 185 104 37 44
internal_value=-0.00112056 -0.042535 0.0340831 0.0155318 -0.0186381 0.059881 -0.0372737 -0.0198212 0.0743772 0.0305523 0.0423742 -0.0699076 0.00914807 -0.00193977 0.0662383 0.0061699 -0.0559848 -0.0174861 -0.0678252 0.0366686 0.0324065 0.0033686 -0.0375188 -0.0210666 0.0589513 0.0270203 -0.0468704 0.0512293 0.0315447 0.0500412
internal_weight=792.32 364.047 428.274 249.127 194.363 179.147 116.338 74.2855 121.094 174.841 117.75 169.683 78.0254 65.3361 12.6893 57.0914 101.961 23.9825 77.9787 111.055 106.317 41.8125 16.7484 78.6488 79.2787 27.3707 46.0739 64.5042 39.5193 30.7402
internal_count=4906 2883 2023 1267 1262 756 800 489 508 778 515 1621 462 393 69 263 891 200 691 487 465 197 82 474 324 113 390 268 164 127
is_linear=0
shrinkage=0.1


Tree=11
num_leaves=31
num_cat=0
split_feature=8 10 10 12 12 11 174 13 0 5 64 14 7 176 12 83 132 113 12 11 102 22 67 86 26 54 5 9 13 11
split_gain=95.9768 21.4855 16.9396 10.7058 8.52905 7.21315 5.52361 5.18442 5.17207 5.12291 5.93049 4.88839 4.84749 4.84494 4.65867 6.87388 4.93792 4.31896 4.17776 4.04832 5.00939 4.48292 3.79953 6.35963 5.65169 4.5293 3.89125 3.786 11.0754 5.22647
threshold=1.0000000180025095e-35 1.0000000180025095e-35 1.0000000180025095e-35 1.0000000180025095e-35 1.0000000180025095e-35 1.0000000180025095e-35 1.0000000180025095e-35 1.0000000180025095e-35 11.741273403167726 1.0000000180025095e-35 1.0000000180025095e-35 1.0000000180025095e-35 1.0000000180025095e-35 1.0000000180025095e-35 1.0000000180025095e-35 1.0000000180025095e-35 1.0000000180025095e-35 1.0000000180025095e-35 1.0000000180025095e-35 1.0000000180025095e-35 1.0000000180025095e-35 1.0000000180025095e-35 1.0000000180025095e-35 1.0000000180025095e-35 1.0000000180025095e-35 1.0000000180025095e-35 1.0000000180025095e-35 1.0000000180025095e-35 1.0000000180025095e-35 1.0000000180025095e-35
decision_type=2 2 2 2 2 2 2 2 2 2 2 2 2 2 2 2 2 2 2 2 2 2 2 2 2 2 2 2 2 2
left_child=1 12 3 9 6 14 11 18 -9 10 -2 22 -1 -5 15 -4 -16 -6 -7 20 21 -14 23 -3 25 -24 -26 29 -29 -11
right_child=2 4 5 13 17 7 -8 8 -10 27 -12 -13 19 -15 16 -17 -18 -19 -20 -21 -22 -23 24 -25 26 -27 -28 28 -30 -31
leaf_value=-0.082780860440655246 0.047634329632417434 -0.027296821502904123 0.097661868231294191 -0.023507785568583531 -0.056007132780290958 0.070247857183879339 -0.10472298187505413 0.025718277693563815 -0.07331661829014248 0.015278397118726354 -0.050732807625671797 -0.023098799385970245 -0.046692350746970104 0.1039821922235462 0.028332174672172666 0.014047809248857433 0.12923635243655135 0.06111433358399803 0.00095166774215014831 -0.0765338829976073 0.10166788701440366 0.07901693020800464 0.16049374631229152 0.11101812474719774 0.043644581490828206 0.041900848221183611 -0.025404209664618562 -0.022356091046880307 0.11776595705017208 -0.053632924651066609
leaf_weight=86.393710419535637 97.932774841785431 27.210357651114467 61.98593170940876 70.235181093215942 54.369905605912209 27.929229006171227 5.1561719253659239 14.173230066895487 8.3979631066322309 30.821185246109962 6.5382027924060813 51.318917542695999 38.807124845683575 3.1129391789436331 35.128154039382935 11.68555763363838 5.6266372948884955 3.3420576229691497 12.63641571998596 29.740114569664001 2.7566415816545478 3.0605081990361205 5.3875510692596409 3.7868904620409003 18.138382941484451 8.0061208754777908 14.838390737771986 12.64534230530262 10.183547794818878 17.118930846452713
leaf_count=928 423 161 266 474 468 118 36 60 36 137 30 299 346 15 149 50 23 27 54 295 25 27 30 18 98 40 85 59 46 83
internal_value=-0.00109611 -0.0397134 0.03083 0.0139798 -0.0170904 0.0544203 -0.00323441 0.0272867 -0.0111292 0.0274058 0.0414781 0.000832005 -0.0666702 -0.018097 0.0693918 0.0843992 0.0422631 -0.0492247 0.0486617 -0.0479534 -0.0289058 -0.037503 0.0167056 -0.0103991 0.0348243 0.0896044 0.012575 0.00663193 0.0401498 -0.00932914
internal_weight=778.464 352.313 426.151 248.588 191.555 177.563 133.843 63.1368 22.5712 175.24 104.471 128.687 160.758 73.3481 114.426 73.6715 40.7548 57.712 40.5656 74.3644 44.6243 41.8676 77.3677 30.9972 46.3704 13.3937 32.9768 70.769 22.8289 47.9401
internal_count=4906 2883 2023 1267 1262 756 767 268 96 778 453 731 1621 489 488 316 172 495 172 693 398 373 432 179 253 70 183 325 105 220
is_linear=0
shrinkage=0.1


Tree=12
num_leaves=31
num_cat=0
split_feature=8 10 10 11 12 5 65 7 64 0 7 12 7 86 14 1 83 5 95 80 13 11 67 22 132 13 53 58 1 12
split_gain=79.6587 19.2662 14.0093 8.66702 8.65975 7.38295 6.43881 6.65185 5.59204 5.42447 5.32479 5.10562 4.80691 4.62631 7.09007 4.38725 6.70481 4.99234 4.09509 4.02225 3.88289 3.7732 3.7599 3.51015 3.30284 3.43952 3.68771 3.45685 3.61708 3.24476
threshold=1.0000000180025095e-35 1.0000000180025095e-35 1.0000000180025095e-35 1.0000000180025095e-35 1.0000000180025095e-35 1.0000000180025095e-35 1.0000000180025095e-35 1.0000000180025095e-35 1.0000000180025095e-35 17.100615501403812 1.0000000180025095e-35 1.0000000180025095e-35 1.0000000180025095e-35 1.0000000180025095e-35 1.0000000180025095e-35 -0.46444596350193018 1.0000000180025095e-35 1.0000000180025095e-35 1.0000000180025095e-35 1.0000000180025095e-35 1.0000000180025095e-35 1.0000000180025095e-35 1.0000000180025095e-35 1.0000000180025095e-35 1.0000000180025095e-35 1.0000000180025095e-35 1.0000000180025095e-35 1.0000000180025095e-35 -0.030344513244926926 1.0000000180025095e-35
decision_type=2 2 2 2 2 2 2 2 2 2 2 2 2 2 2 2 2 2 2 2 2 2 2 2 2 2 2 2 2 2
left_child=1 11 4 6 12 10 7 -3 18 -5 24 15 -2 14 -7 16 -1 21 -9 20 -6 -17 -22 -14 25 29 27 -27 -29 -4
right_child=2 3 5 9 19 13 -8 8 -10 -11 -12 -13 23 -15 -16 17 -18 -19 -20 -21 22 -23 -24 -25 -26 26 -28 28 -30 -31
leaf_value=-0.033011617723795635 0.0094460505667908409 -0.016707530195599736 0.083207938034648196 -0.053921673607399238 -0.028133031158619627 0.036742726423574228 -0.11007546510126134 0.012147190200194058 0.14369596100872759 0.086477986263533382 0.096017891312606574 -0.086311673862635524 0.036437851469188133 0.11582424462137564 -0.039205340755344473 -0.013733179216869833 0.12111820472354336 -0.093855412167807503 0.1157694616911864 -0.10180577979317612 -0.034877074137245723 -0.073994689317327278 0.048927489044376098 0.11316012244492307 0.10116880802146502 -0.032446813948995991 -0.057061659158864034 0.0014981633698542501 0.1053019530547919 0.02228032116439866
leaf_weight=19.319338299334053 95.664646491408348 70.48604778200388 23.087660014629364 56.927672289311886 42.886000886559486 43.642402827739716 5.203191600739955 45.366849839687347 4.0057355612516394 2.8916307017207137 37.289807915687561 59.496663898229599 73.544604629278183 4.9568466246128073 17.111202716827393 24.317373499274254 3.3052283003926268 28.035772323608398 4.1638325303792945 5.1363758444786063 7.9160449504852322 18.142121233046055 16.538095653057098 6.4894308745861045 10.601757928729056 5.6476295143365904 5.8796397894620887 5.9017560482025182 7.784660935401913 14.066245540976523
leaf_count=175 449 469 97 457 303 185 33 241 20 22 168 730 302 21 74 205 25 301 20 37 49 185 100 27 44 24 25 25 33 60
internal_value=-0.00106551 -0.0370004 0.0278811 -0.0156642 0.0125776 0.0494641 -0.00109621 0.00347586 0.0300493 -0.0471348 0.0652768 -0.0634294 0.0245751 0.0229311 0.015352 -0.0488094 -0.0104948 -0.061106 0.0208583 -0.0165067 -0.0100005 -0.0394818 0.0217991 0.0426588 0.0495671 0.0407954 0.0122883 0.0333781 0.0605404 0.0601411
internal_weight=765.806 341.661 424.145 189.045 248.175 175.97 129.226 124.022 53.5364 59.8193 110.259 152.616 175.699 65.7105 60.7536 93.1198 22.6246 70.4953 49.5307 72.4765 67.3401 42.4595 24.4541 80.034 72.9693 62.3676 25.2137 19.334 13.6864 37.1539
internal_count=4906 2883 2023 1262 1267 756 783 750 281 479 476 1621 778 280 259 891 200 691 261 489 452 390 149 329 308 264 107 82 58 157
is_linear=0
shrinkage=0.1


Tree=13
num_leaves=31
num_cat=0
split_feature=8 10 12 10 11 11 24 65 7 7 12 5 0 26 67 7 0 0 7 128 5 5 64 35 36 0 16 0 102 14
split_gain=66.1329 17.2488 11.6237 9.01336 7.35507 6.25137 5.75808 5.58446 5.35321 5.05412 4.92884 4.73225 5.26784 6.46881 5.69654 5.48521 4.59553 4.44225 4.10199 4.58638 5.26445 4.08144 4.73573 3.95262 3.74547 6.53928 3.73487 3.50769 3.50359 4.28352
threshold=1.0000000180025095e-35 1.0000000180025095e-35 1.0000000180025095e-35 1.0000000180025095e-35 1.0000000180025095e-35 1.0000000180025095e-35 1.0000000180025095e-35 1.0000000180025095e-35 1.0000000180025095e-35 1.0000000180025095e-35 1.0000000180025095e-35 1.0000000180025095e-35 5.3483915328979501 1.0000000180025095e-35 1.0000000180025095e-35 1.0000000180025095e-35 7.0266940593719491 17.100615501403812 1.0000000180025095e-35 1.0000000180025095e-35 1.0000000180025095e-35 1.0000000180025095e-35 1.0000000180025095e-35 1.0000000180025095e-35 1.0000000180025095e-35 12.921286582946779 1.0000000180025095e-35 12.34633779525757 1.0000000180025095e-35 1.0000000180025095e-35
decision_type=2 2 2 2 2 2 2 2 2 2 2 2 2 2 2 2 2 2 2 2 2 2 2 2 2 2 2 2 2 2
left_child=1 10 3 21 7 11 -7 8 -3 -5 18 12 13 -4 -14 -16 -10 -6 -1 20 -20 22 28 -8 25 -17 -15 -23 29 -2
right_child=2 4 5 9 17 6 23 -9 16 -11 -12 -13 14 26 15 24 -18 -19 19 -21 -22 27 -24 -25 -26 -27 -28 -29 -30 -31
leaf_value=-0.068492745276816175 0.054069029360648384 -0.015192844391323769 0.1780949867753516 0.043306996978659501 -0.050478892266010503 0.093892380124642627 -0.063220127026999959 -0.10591740639072889 -0.012995493841251827 0.087720410649007 -0.083755437408302602 -0.018569705010608343 -0.033681746604558575 0.085327548218405463 -0.0057660163271149503 -0.036852638375565128 0.04810385248089924 0.073365734556414125 -0.012914502918523486 0.055329075231761754 -0.089213627507304827 0.017965929531825409 -0.048272649227972621 0.016056819151421167 0.15002348124367257 0.12438368005735977 -0.030566549874507933 -0.030769843571865352 0.11645328748441007 0.010747630104580895
leaf_weight=42.201824523508549 52.880331382155418 69.799734883010387 4.6979849934577951 77.355278939008713 54.841024935245514 3.2609638124704352 27.307631030678749 4.8833440244197837 18.940300904214382 38.312347173690796 55.394569024443626 29.166216760873795 16.694006636738777 6.9537817239761353 13.950979098677635 4.9293846786022169 35.166212551295757 3.0578282028436652 27.976315692067146 6.0971754789352408 13.36221196502447 49.844051778316498 6.4741222560405722 8.1709647551178914 5.1875251531600961 5.1364106982946396 4.6335685849189758 20.985998600721359 5.6529410630464545 40.156578660011292
leaf_count=472 223 469 24 324 457 20 180 33 104 184 730 164 86 35 80 24 177 22 234 39 146 222 30 55 23 22 24 103 24 176
internal_value=-0.00102814 -0.0344336 0.0252463 0.0363336 -0.014335 0.00038846 -0.0332738 -0.00102645 0.00310747 0.058018 -0.060305 0.0146639 0.0302516 0.0791144 0.0129144 0.0395501 0.0267157 -0.0439383 -0.0458129 -0.0256356 -0.0375773 0.0220821 0.0345799 -0.0449621 0.0809971 0.0454236 0.0389836 0.00352617 0.0400151 0.0353707
internal_weight=753.472 331.721 421.751 291.662 186.688 130.089 38.7396 128.79 123.906 115.668 145.032 91.3499 62.1836 16.2853 45.8983 29.2043 54.1065 57.8989 89.6375 47.4357 41.3385 175.994 105.164 35.4786 15.2533 10.0658 11.5874 70.8301 98.6899 93.0369
internal_count=4906 2883 2023 1286 1262 737 255 783 750 508 1621 482 318 83 235 149 281 479 891 419 380 778 453 235 69 46 59 325 423 399
is_linear=0
shrinkage=0.1


Tree=14
num_leaves=31
num_cat=0
split_feature=8 10 11 10 12 167 14 0 9 135 15 6 7 12 108 13 6 54 61 15 11 137 21 64 7 133 0 11 5 0
split_gain=54.824 15.3786 10.7663 7.87943 7.30258 6.61045 5.53199 7.14065 6.28122 6.52219 5.58348 5.04278 5.01033 4.731 4.57417 4.51397 7.20531 7.64193 4.87772 4.21238 4.04425 3.99946 3.97631 3.89138 4.69628 3.73278 4.67593 3.66796 4.09207 3.78764
threshold=1.0000000180025095e-35 1.0000000180025095e-35 1.0000000180025095e-35 1.0000000180025095e-35 1.0000000180025095e-35 1.0000000180025095e-35 1.0000000180025095e-35 7.8836412429809579 1.0000000180025095e-35 1.0000000180025095e-35 1.0000000180025095e-35 1.0000000180025095e-35 1.0000000180025095e-35 1.0000000180025095e-35 1.0000000180025095e-35 1.0000000180025095e-35 1.0000000180025095e-35 1.0000000180025095e-35 1.0000000180025095e-35 1.0000000180025095e-35 1.0000000180025095e-35 1.0000000180025095e-35 1.0000000180025095e-35 1.0000000180025095e-35 1.0000000180025095e-35 1.0000000180025095e-35 9.5071868896484393 1.0000000180025095e-35 1.0000000180025095e-35 14.205338954925539
decision_type=2 2 2 2 2 2 2 2 2 2 2 2 2 2 2 2 2 2 2 2 2 2 2 2 2 2 2 2 2 2
left_child=1 13 3 12 11 6 7 8 10 -10 -4 -3 15 20 -9 -2 17 25 -19 -18 -1 -14 -8 24 -5 26 -17 28 29 -6
right_child=2 4 5 23 27 -7 22 14 9 -11 -12 -13 21 -15 -16 16 19 18 -20 -21 -22 -23 -24 -25 -26 -27 -28 -29 -30 -31
leaf_value=-0.024934548290605731 -0.019302169004607055 0.015827279268577365 -0.016790111378032418 0.044228750709618646 0.014434874139535737 0.099168097359328522 -0.039332298157318833 -0.020047990731992385 0.15638027805161042 -0.0011603975004378152 0.082019332637912071 -0.024310611287363053 0.033851007404528108 -0.081186646949367572 0.076360380671344832 0.10603656455373012 0.012400401444849147 0.17188601810136112 0.056578793438675334 -0.092989878552076355 -0.068944486667999502 0.12807440087030816 0.039809726977229544 -0.013298922159043384 0.088543120505641143 -0.078759628578118523 -0.039967879993227491 -0.084992514693213381 -0.073808617206352886 -0.08135825095177987
leaf_weight=51.079021200537682 41.647348329424858 78.033749550580978 16.446452498435974 64.909903526306152 20.74632798135281 6.6570300906896582 45.962678484618664 50.363979816436768 8.1267316639423353 3.8837653994560233 8.7675178647041339 52.266584880650043 65.201301217079163 51.62861280143261 5.4543005153536788 4.6683509498834592 10.391296342015268 6.4310452640056601 8.5407440066337585 5.9721758663654319 35.317578166723251 4.8392380923032752 7.3657915890216819 7.666484683752059 37.865381181240082 4.0301599502563485 4.1376043707132339 15.535013318061827 12.761656507849692 5.1528140902519217
leaf_count=489 233 454 81 277 150 34 238 256 42 21 44 313 285 730 27 22 53 31 41 28 402 21 37 34 177 20 21 179 128 38
internal_value=-0.000993469 -0.0319909 0.0228478 0.0349944 -0.0131038 0.00171011 -0.00272232 0.0119958 0.0459193 0.105437 0.0175684 -0.00027299 0.0205146 -0.0572369 -0.0106274 0.00431704 0.0265866 0.0575686 0.106108 -0.0260639 -0.0429251 0.0403611 -0.0284011 0.0554287 0.0605554 0.000952837 0.0374343 -0.0439524 -0.0274612 -0.00462383
internal_weight=741.851 322.521 419.329 266.301 184.496 153.028 146.371 93.0427 37.2245 12.0105 25.214 130.3 155.859 138.025 55.8183 85.8187 44.1714 27.8079 14.9718 16.3635 86.3966 70.0405 53.3285 110.442 102.775 12.8361 8.80596 54.1958 38.6608 25.8991
internal_count=4906 2883 2023 1243 1262 780 746 471 188 63 125 767 755 1621 283 449 216 135 72 81 891 306 275 488 454 63 43 495 316 188
is_linear=0
shrinkage=0.1


Tree=15
num_leaves=31
num_cat=0
split_feature=8 10 12 5 174 7 10 7 12 11 24 26 133 42 14 51 57 80 0 79 5 0 26 16 67 14 6 64 11 102
split_gain=45.3351 13.6107 9.99883 7.52285 6.33304 5.97426 5.52483 4.66736 4.65235 4.43172 4.49973 4.38836 4.79139 5.08938 4.03759 4.90782 7.67683 4.65503 3.84753 3.82073 4.07218 4.81648 3.91688 3.98702 3.74918 4.41933 3.96055 3.65981 3.53487 4.44454
threshold=1.0000000180025095e-35 1.0000000180025095e-35 1.0000000180025095e-35 1.0000000180025095e-35 1.0000000180025095e-35 1.0000000180025095e-35 1.0000000180025095e-35 1.0000000180025095e-35 1.0000000180025095e-35 1.0000000180025095e-35 1.0000000180025095e-35 1.0000000180025095e-35 1.0000000180025095e-35 1.0000000180025095e-35 1.0000000180025095e-35 1.0000000180025095e-35 1.0000000180025095e-35 1.0000000180025095e-35 14.867898464202883 1.0000000180025095e-35 1.0000000180025095e-35 5.3483915328979501 1.0000000180025095e-35 1.0000000180025095e-35 1.0000000180025095e-35 1.0000000180025095e-35 1.0000000180025095e-35 1.0000000180025095e-35 1.0000000180025095e-35 1.0000000180025095e-35
decision_type=2 2 2 2 2 2 2 2 2 2 2 2 2 2 2 2 2 2 2 2 2 2 2 2 2 2 2 2 2 2
left_child=1 7 3 6 5 8 27 -1 -3 19 -11 12 13 -5 15 17 -17 -7 -18 20 21 22 -4 -24 -23 26 -26 -2 29 -9
right_child=2 4 9 11 -6 14 -8 28 -10 10 -12 -13 -14 -15 -16 16 18 -19 -20 -21 -22 24 23 -25 25 -27 -28 -29 -30 -31
leaf_value=-0.072292764894595032 0.03474948066708166 -0.01007348997925531 0.15384550241562672 0.023468407226937139 -0.10441713708009111 0.024591301041543251 0.066819627384579722 -0.02525091261622929 -0.056967378005967566 0.079029251303725442 -0.04177762154691015 0.028278369852433996 -0.085780633783345259 -0.053135185799322054 -0.016260239987688191 0.19367252507311794 0.083301373252082908 -0.10232219358198472 -0.067261765009921592 -0.052111976442024491 -0.016846191781634406 -0.027433961845178191 0.093376091758548746 -0.0346531578025909 0.11715192436742822 -0.012770490599225149 0.017927428797049377 -0.043650507600676125 -0.064897555277492094 0.1085196935534561
leaf_weight=68.256066255271435 98.72812408208847 71.217809528112411 4.8258200734853718 30.697907745838165 7.1208481043577185 31.115480832755566 66.703100979328156 36.822472274303436 30.097130343317986 3.3833588212728491 34.755003333091736 66.149816915392876 7.3094528615474692 12.088162407279013 28.415571764111519 4.3168858587741834 4.3650282621383667 3.1859783902764311 2.7770297974348068 9.0670605003833753 25.607899218797684 14.500167995691298 6.3987975269556046 3.9239994287490845 8.2946858555078524 11.195459336042406 7.8106510192155829 6.3363903760910025 23.989342130720615 2.663384184241294
leaf_count=928 423 446 23 140 62 189 310 373 307 20 235 296 32 55 167 24 28 21 18 47 145 76 31 21 41 58 40 30 295 25
internal_value=-0.000953559 -0.0296413 0.0206317 0.0310158 -0.0119679 -0.00821666 0.0443113 -0.0541408 -0.024004 -0.00241636 -0.0310605 0.0113701 -0.0109568 0.00182593 0.0133469 0.0317318 0.0883927 0.0128034 0.0247583 0.00950666 0.0162741 0.0311669 0.0794757 0.0447084 0.0136598 0.0354858 0.0690307 0.0300212 -0.0346217 -0.0162279
internal_weight=732.119 314.343 417.776 288.013 182.612 175.491 171.768 131.731 101.315 129.763 38.1384 116.245 50.0955 42.7861 74.176 45.7604 11.4589 34.3015 7.14206 91.6245 82.5575 56.9496 15.1486 10.3228 41.801 27.3008 16.1053 105.065 63.4752 39.4859
internal_count=4906 2883 2023 1286 1262 1200 763 1621 753 737 255 523 227 195 447 280 70 210 46 482 435 290 75 52 215 139 81 453 693 398
is_linear=0
shrinkage=0.1


Tree=16
num_leaves=31
num_cat=0
split_feature=8 11 7 12 10 10 12 0 5 67 1 0 12 79 113 5 40 26 153 0 15 0 6 78 0 35 50 9 26 67
split_gain=37.5194 12.7994 8.98003 7.08612 5.68735 5.15532 5.02899 5.65581 4.40271 4.0634 5.40701 5.94618 3.86058 3.62438 3.61535 3.60193 3.5998 3.57432 3.20684 3.16541 3.1274 3.55707 3.12051 4.52794 3.84369 4.44382 3.7267 3.61408 4.18482 7.7231
threshold=1.0000000180025095e-35 1.0000000180025095e-35 1.0000000180025095e-35 1.0000000180025095e-35 1.0000000180025095e-35 1.0000000180025095e-35 1.0000000180025095e-35 17.100615501403812 1.0000000180025095e-35 1.0000000180025095e-35 0.6562476158142091 12.992471218109133 1.0000000180025095e-35 1.0000000180025095e-35 1.0000000180025095e-35 1.0000000180025095e-35 1.0000000180025095e-35 1.0000000180025095e-35 1.0000000180025095e-35 3.4195755720138554 1.0000000180025095e-35 8.4175219535827654 1.0000000180025095e-35 1.0000000180025095e-35 15.034907817840578 1.0000000180025095e-35 1.0000000180025095e-35 1.0000000180025095e-35 1.0000000180025095e-35 1.0000000180025095e-35
decision_type=2 2 2 2 2 2 2 2 2 2 2 2 2 2 2 2 2 2 2 2 2 2 2 2 2 2 2 2 2 2
left_child=1 3 4 18 12 9 7 16 13 10 11 -4 -2 -5 15 -6 -3 -17 22 -14 21 -7 23 24 25 27 -26 -1 29 -29
right_child=2 6 5 8 14 20 -8 -9 -10 -11 -12 -13 19 -15 -16 17 -18 -19 -20 -21 -22 -23 -24 -25 26 -27 -28 28 -30 -31
leaf_value=0.015462782721681573 0.0038230302926771029 -0.037125098044776546 0.001455515318448725 -0.010586597115278575 0.041512741103226052 0.079839116873977115 -0.087418495478832237 0.073236046685894271 -0.07506097208373555 0.040097849699589128 0.069458330486851086 -0.10890838195456154 -0.11949377710398541 -0.11408668066872191 -0.057650961196560137 -0.033332146610620526 -0.098394713158480196 0.027590804911163766 0.10245824977457081 -0.023944745361287875 0.098252979558288572 0.019459784331978487 -0.019307409899910706 -0.081583385656053234 -0.07798842669738415 -0.024957836216633247 0.043180476477325598 0.023522644740447775 0.038329819429912426 0.21841980689134216
leaf_weight=24.325487077236176 96.419595062732697 56.310002811253071 30.171367317438126 36.198688067495823 66.886717051267624 17.521129921078682 33.804435398429632 4.1108945235609999 23.165939036756754 65.273918472230434 9.2115296870470029 5.8242265135049811 3.830837555229663 3.7322355508804312 5.258649766445159 15.844711154699324 11.557526975870131 24.552843153476715 2.9932648539543143 36.524776928126812 16.314644396305084 22.018389090895653 59.501217268407345 4.9033459499478331 7.311236806213854 12.514253064990042 3.8881847411394119 3.7879180982708931 14.198803089559078 4.3890911042690277
leaf_count=159 449 553 141 377 292 84 499 36 309 302 43 27 29 40 23 67 113 104 20 276 80 106 435 40 52 79 26 26 92 27
internal_value=-0.000916694 -0.0274487 0.0186601 -0.0126252 0.00665438 0.0366554 -0.0556024 -0.0406601 -0.0403804 0.0241378 0.00109331 -0.0164018 -0.00704603 -0.0202605 0.0233047 0.0272728 -0.047559 0.00369563 8.23974e-05 -0.0330149 0.0614154 0.0462157 -0.00219055 0.0113317 0.0178018 0.0279625 -0.0359213 0.0421432 0.0711484 0.128136
internal_weight=722.346 306.693 415.653 200.91 249.318 166.335 105.783 71.9784 63.0969 110.481 45.2071 35.9956 136.775 39.9309 112.543 107.284 67.8675 40.3976 137.813 40.3556 55.8542 39.5395 134.82 75.3183 70.415 59.2156 11.1994 46.7013 22.3758 8.17701
internal_count=4906 2883 2023 1682 1240 783 1201 702 726 513 211 168 754 417 486 463 666 171 956 305 270 190 936 501 461 383 78 304 145 53
is_linear=0
shrinkage=0.1


Tree=17
num_leaves=31
num_cat=0
split_feature=8 10 11 12 174 167 14 99 14 0 47 26 80 12 5 21 0 83 44 5 79 7 73 84 0 9 64 1 0 5
split_gain=31.0539 11.7462 8.52703 5.90371 5.61291 5.16914 4.86851 6.31449 4.52977 5.82829 5.6913 5.00443 4.44053 4.32386 4.32349 4.57172 4.14766 5.58997 5.35155 4.5195 4.13904 4.06937 4.00334 4.13363 3.82088 3.9818 3.81855 3.76441 4.48693 4.93538
threshold=1.0000000180025095e-35 1.0000000180025095e-35 1.0000000180025095e-35 1.0000000180025095e-35 1.0000000180025095e-35 1.0000000180025095e-35 1.0000000180025095e-35 1.0000000180025095e-35 1.0000000180025095e-35 7.2840518951416025 1.0000000180025095e-35 1.0000000180025095e-35 1.0000000180025095e-35 1.0000000180025095e-35 1.0000000180025095e-35 1.0000000180025095e-35 5.542778968811036 1.0000000180025095e-35 1.0000000180025095e-35 1.0000000180025095e-35 1.0000000180025095e-35 1.0000000180025095e-35 1.0000000180025095e-35 1.0000000180025095e-35 3.9917863607406621 1.0000000180025095e-35 1.0000000180025095e-35 0.89459273219108593 11.23477077484131 1.0000000180025095e-35
decision_type=2 2 2 2 2 2 2 2 2 2 2 2 2 2 2 2 2 2 2 2 2 2 2 2 2 2 2 2 2 2
left_child=1 13 3 14 6 8 12 22 9 10 11 -4 21 16 20 -16 17 -1 -18 -20 26 27 23 -8 -13 -26 -2 28 29 -3
right_child=2 4 5 -5 -6 -7 7 -9 -10 -11 -12 24 -14 -15 15 -17 18 -19 19 -21 -22 -23 -24 -25 25 -27 -28 -29 -30 -31
leaf_value=-0.021854116731651822 0.052087307865523819 0.043420801303599356 -0.043854287081513753 0.0072194188643315178 -0.10079182064924951 0.083587513077566122 -0.034257172536026129 0.034431883462178924 -0.029384776548764004 -0.011939871328061982 0.11820962855506903 0.094549512515711087 -0.056319331966429236 -0.074567236573185688 0.02957507787654114 -0.0485222317128991 0.096390378121728501 0.10910272861794441 -0.033917876326045641 -0.09399838561674996 0.12822251751385022 0.037742661107620173 -0.085603566606844067 0.093289929981769756 -0.051162978587619104 0.082359042621138592 -0.038887277432530468 0.11637022515157698 -0.052444737024155801 -0.032771362877827191
leaf_weight=19.611186943948272 84.267767906188965 19.848905257880688 8.651679180562498 90.863505348563194 6.4127642810344687 6.7456611767411223 34.143462672829628 13.365159921348093 52.606043606996536 58.010647311806679 7.3277282640337935 9.0698122307658213 9.7962912768125516 43.402836166322231 66.584298655390739 8.4464595019817335 2.3836156874895087 3.9092643857002249 32.914497725665569 20.207306623458862 6.7680450826883307 41.882143393158913 15.303007781505583 2.7452125027775756 5.4843272864818555 3.7678512930870056 4.8810368925333014 2.4851398840546599 16.582202740013599 14.871125586330889
leaf_count=208 374 144 44 482 62 34 248 83 275 298 37 41 73 730 296 39 25 32 350 276 30 255 112 19 30 21 22 19 123 124
internal_value=-0.000881916 -0.0253823 0.0168865 0.0278165 -0.00894206 -0.00198162 -0.00549801 -0.0268982 -0.0059647 0.00738174 0.0400585 0.0188278 0.00780422 -0.049209 0.0387644 0.0207834 -0.0352816 -8.81683e-05 -0.0501949 -0.0567722 0.05283 0.0143703 -0.0426035 -0.0247653 0.0484264 0.00321244 0.0471063 -0.00382887 -0.00965145 0.0107865
internal_weight=713.339 299.864 413.475 261.811 177.435 151.664 171.023 65.5568 144.918 92.312 34.3014 26.9737 105.466 122.429 170.948 75.0308 79.0259 23.5205 55.5054 53.1218 95.9168 95.6695 52.1917 36.8887 18.322 9.25218 89.1488 53.7874 51.3022 34.72
internal_count=4906 2883 2023 1243 1262 780 1200 462 746 471 173 136 738 1621 761 335 891 240 651 626 426 665 379 267 92 51 396 410 391 268
is_linear=0
shrinkage=0.1


Tree=18
num_leaves=31
num_cat=0
split_feature=8 11 7 12 12 10 10 0 113 87 9 68 0 135 61 65 40 62 67 0 0 10 0 6 7 84 113 105 176 73
split_gain=25.6938 11.0828 7.29804 5.6627 4.76172 4.64575 4.55798 4.5382 4.34683 4.21889 3.42213 7.08687 9.39514 4.76998 5.27001 4.61613 3.34312 3.19352 3.14824 4.42876 5.68647 3.05746 3.71123 3.92765 5.66541 2.99163 2.97028 2.96812 2.91233 2.86047
threshold=1.0000000180025095e-35 1.0000000180025095e-35 1.0000000180025095e-35 1.0000000180025095e-35 1.0000000180025095e-35 1.0000000180025095e-35 1.0000000180025095e-35 17.100615501403812 1.0000000180025095e-35 1.0000000180025095e-35 1.0000000180025095e-35 1.0000000180025095e-35 12.921286582946779 1.0000000180025095e-35 1.0000000180025095e-35 1.0000000180025095e-35 1.0000000180025095e-35 1.0000000180025095e-35 1.0000000180025095e-35 14.800821304321291 12.992471218109133 1.0000000180025095e-35 4.6392881870269784 1.0000000180025095e-35 1.0000000180025095e-35 1.0000000180025095e-35 1.0000000180025095e-35 1.0000000180025095e-35 1.0000000180025095e-35 1.0000000180025095e-35
decision_type=2 2 2 2 2 2 2 2 2 2 2 2 2 2 2 2 2 2 2 2 2 2 2 2 2 2 2 2 2 2
left_child=1 3 5 28 7 10 18 16 9 -5 15 12 13 14 17 -2 21 -12 19 20 -4 22 23 24 -3 -20 27 -7 -1 -13
right_child=2 4 6 8 -6 26 -8 -9 -10 -11 11 29 -14 -15 -16 -17 -18 -19 25 -21 -22 -23 -24 -25 -26 -27 -28 -29 -30 -31
leaf_value=0.003838465448362412 -0.01573358648566358 -0.055534848392382513 -0.00024920211742914157 -0.047608968053428471 -0.083951218075053499 0.026816100337377496 0.055348320789924799 0.063569040857670192 0.067849653993609857 0.1064332827952591 0.024358651333223527 0.041275530160867165 -0.10594993875190979 -0.062370984129226717 -0.019352904307096602 -0.12766201147522088 -0.094725376379247453 0.10671862334558875 0.027939184559130633 0.05919186361824607 -0.1136340800403582 -0.011470279965317007 -0.084806039808270228 -0.080992016657944962 0.18704904244052764 0.11020674455499005 -0.054139472800604604 -0.052799744487793787 -0.095551467840651078 0.15097542505161113
leaf_weight=132.56352495402098 77.092814579606056 1.8685213103890446 30.099112197756767 53.68236505612731 30.091223701834679 101.44924366474152 54.120378151535988 4.2727243676781645 3.8144486285746089 1.8388480022549618 9.5895587131381035 5.4706823751330358 7.704809606075286 6.5440180823206893 12.304168961942198 3.8696083948016158 10.413821518421171 9.2486706674098969 60.592773273587227 9.7623871415853483 5.1851262599229804 29.842971190810204 16.916723005473614 3.1561726182699203 1.98600884526968 4.7681292220950118 5.2173773646354666 4.9091352820396414 3.015253208577632 4.2032622843980789
leaf_count=933 433 25 141 659 499 441 270 36 42 25 52 31 43 34 66 25 113 48 279 45 25 233 242 34 19 23 23 22 23 22
internal_value=-0.000851977 -0.023466 0.0152506 -0.00964787 -0.0507964 0.00440319 0.0315753 -0.0362228 -0.0354127 -0.0425071 -0.00800251 0.0112301 -0.00533161 0.0152393 0.0315478 -0.0210832 -0.0428659 0.0647935 0.019922 -0.000418542 -0.0169115 -0.0328221 -0.0594528 0.00172425 0.0694541 0.0339407 0.0195276 0.0231413 0.00162805 0.0889394
internal_weight=705.594 293.463 412.131 194.914 98.5482 247.603 164.528 68.4569 59.3357 55.5212 136.028 55.0652 45.3912 37.6864 31.1424 80.9624 64.1842 18.8382 110.408 45.0466 35.2842 53.7704 23.9274 7.0107 3.85453 65.3609 111.576 106.358 135.579 9.67394
internal_count=4906 2883 2023 1682 1201 1240 783 702 726 684 754 296 243 200 166 458 666 100 513 211 166 553 320 78 44 302 486 463 956 53
is_linear=0
shrinkage=0.1


Tree=19
num_leaves=31
num_cat=0
split_feature=8 10 5 14 174 137 50 84 10 31 56 68 0 0 113 1 0 11 15 7 65 12 94 26 14 0 51 7 0 0
split_gain=21.2044 9.89166 7.18616 6.36343 5.00002 4.92192 6.66854 6.69167 6.39636 5.22505 6.25009 4.73371 5.98646 5.38943 4.22365 5.45488 6.20589 4.39246 6.44428 4.17109 4.1056 3.74279 3.66006 3.64925 3.63708 3.7348 6.43355 3.56368 7.89802 3.75072
threshold=1.0000000180025095e-35 1.0000000180025095e-35 1.0000000180025095e-35 1.0000000180025095e-35 1.0000000180025095e-35 1.0000000180025095e-35 1.0000000180025095e-35 1.0000000180025095e-35 1.0000000180025095e-35 1.0000000180025095e-35 1.0000000180025095e-35 1.0000000180025095e-35 8.8720054626464862 3.9917863607406621 1.0000000180025095e-35 -0.0050954443868249646 11.296372413635256 1.0000000180025095e-35 1.0000000180025095e-35 1.0000000180025095e-35 1.0000000180025095e-35 1.0000000180025095e-35 1.0000000180025095e-35 1.0000000180025095e-35 1.0000000180025095e-35 14.351813793182375 1.0000000180025095e-35 1.0000000180025095e-35 4.7556469440460214 2.960985660552979
decision_type=2 2 2 2 2 2 2 2 2 2 2 2 2 2 2 2 2 2 2 2 2 2 2 2 2 2 2 2 2 2
left_child=1 19 3 27 14 6 7 8 22 -8 -11 12 13 -10 17 -16 -17 18 23 -1 -19 -4 -5 -3 25 26 -20 -2 29 -29
right_child=2 4 21 5 -6 -7 9 -9 11 10 -12 -13 -14 -15 15 16 -18 20 24 -21 -22 -23 -24 -25 -26 -27 -28 28 -30 -31
leaf_value=-0.063630070486142096 0.023564953732032452 0.010155045421805786 0.0060310789118870108 -0.063644706472115606 -0.097649047301502354 0.079087297301186354 0.12721531181403256 0.080935162015811773 0.064262526390121019 0.074295543229171243 -0.039686943612858974 -0.072952433770472488 0.10467976524726466 -0.084544238983444445 -0.057828194420754431 0.1989847398194817 0.016987810190471173 -0.040449195565977536 0.041615478027119866 -0.02540696943336054 0.098914712132288293 -0.029339527343102981 0.033206474593130364 -0.039857473461545743 -0.0099528680182183315 -0.0337244070694687 0.17417726601551917 0.054774293173934167 0.037459805342631769 0.16626701796643362
leaf_weight=57.013000767678022 87.286430954933167 24.931933835148811 115.07783867418766 34.635169290006161 5.8288696855306616 8.1384460180997831 5.6056610941886929 6.1693039014935485 4.6687244027853065 9.6554765179753304 9.5876384675502777 4.8529871106147757 7.6904990226030341 5.0844797641038895 2.9193767756223679 3.561545826494692 3.9532567113637924 43.415086083114147 26.149479582905773 57.184979140758514 2.2220508344471446 40.425869166851044 4.39731141924858 35.171217173337936 16.347486257553101 4.9214481860399237 4.2571501508355132 4.8194458410143843 54.03952681273222 8.0692775249481183
leaf_count=928 432 157 523 179 62 41 26 32 22 47 45 22 37 23 21 21 27 408 149 693 18 247 24 241 104 31 23 22 261 40
internal_value=-0.000825288 -0.0216298 0.0137751 0.0241171 -0.00659881 0.00453576 -0.00203437 -0.0183389 -0.0283252 0.0422548 0.0175052 0.0144041 0.0387074 -0.0133125 -0.00343694 0.0581769 0.103243 -0.00752096 0.0031526 -0.0444897 -0.0336636 -0.00316412 -0.0527337 -0.0191113 0.0290475 0.0470942 0.0601751 0.0368762 0.0542364 0.124577
internal_weight=698.081 287.877 410.204 254.7 173.679 100.486 92.3473 67.4985 61.3292 24.8488 19.2431 22.2967 17.4437 9.7532 167.85 10.4342 7.5148 157.416 111.779 114.198 45.6371 155.504 39.0325 60.1032 51.6756 35.3281 30.4066 154.215 66.9283 12.8887
internal_count=4906 2883 2023 1253 1262 498 457 339 307 118 92 104 82 45 1200 69 48 1131 705 1621 426 770 203 398 307 203 172 755 323 62
is_linear=0
shrinkage=0.1


Tree=20
num_leaves=31
num_cat=0
split_feature=8 11 11 153 12 12 12 108 26 12 167 84 10 83 0 113 87 0 14 0 26 70 61 55 67 113 91 9 135 93
split_gain=17.507 8.88396 7.07844 5.57452 4.78503 4.69354 4.63954 4.14538 5.5698 4.70614 6.3975 4.71408 3.78975 6.34364 3.57201 3.52512 3.50792 3.31407 3.31352 4.33266 5.47958 4.26545 3.23242 3.14099 3.87697 3.11048 3.0038 2.96833 3.99544 2.86087
threshold=1.0000000180025095e-35 1.0000000180025095e-35 1.0000000180025095e-35 1.0000000180025095e-35 1.0000000180025095e-35 1.0000000180025095e-35 1.0000000180025095e-35 1.0000000180025095e-35 1.0000000180025095e-35 1.0000000180025095e-35 1.0000000180025095e-35 1.0000000180025095e-35 1.0000000180025095e-35 1.0000000180025095e-35 17.100615501403812 1.0000000180025095e-35 1.0000000180025095e-35 2.7748117446899419 1.0000000180025095e-35 7.6317591667175302 1.0000000180025095e-35 1.0000000180025095e-35 1.0000000180025095e-35 1.0000000180025095e-35 1.0000000180025095e-35 1.0000000180025095e-35 1.0000000180025095e-35 1.0000000180025095e-35 1.0000000180025095e-35 1.0000000180025095e-35
decision_type=2 2 2 2 2 2 2 2 2 2 2 2 2 2 2 2 2 2 2 2 2 2 2 2 2 2 2 2 2 2
left_child=1 3 4 5 12 26 14 9 -9 10 11 18 -2 23 17 16 -7 -3 19 20 -4 -20 -15 24 -14 -6 29 28 -22 -1
right_child=2 6 7 -5 25 15 -8 8 -10 -11 -12 -13 13 22 -16 -17 -18 -19 21 -21 27 -23 -24 -25 -26 -27 -28 -29 -30 -31
leaf_value=-0.00099746119319739563 0.020698934703250748 0.047374745251139952 -0.037157618637674361 0.1147662041664514 0.0080343088580728389 -0.046357094007282669 -0.080414294579472634 0.12420316349107473 -0.023322413488817747 -0.041222536244335903 0.11403163584663566 0.079712039659618594 -0.04367399258739315 0.025746060503246199 0.055924980827342333 0.055916625416735172 0.089328354925940323 -0.043871661398427249 -0.05504631494644735 -0.016266667162286291 -0.016885558198934818 0.020461928481589085 -0.087710530836091566 0.082165078128329877 0.061075515947915805 -0.080454591845631654 -0.097002526162821068 0.1330528261089006 0.10877682426952968 0.063463978200626617
leaf_weight=120.60836402699351 103.84150440990925 4.2856421247124663 6.4722347259521493 3.6485508419573298 86.468563444912434 50.126993887126446 26.938434634357691 5.5696265250444394 4.7348158657550812 34.738134458661079 4.7978580296039572 6.2828408479690543 5.0196478962898263 6.296750992536543 4.4039185196161261 4.026383224874734 1.9806725904345501 55.890634514391422 26.014677733182907 35.894461989402771 5.5104025304317457 10.501222461462019 4.1768348813056946 36.430679142475128 11.933270364999771 4.1636512055993071 3.0959900803863993 5.3057462871074685 4.6783302873373032 7.3017214462161055
leaf_count=863 445 41 30 27 459 652 499 28 23 238 22 27 25 30 36 42 25 625 125 167 25 51 20 182 59 23 23 24 20 50
internal_value=-0.000786688 -0.0199396 0.0124388 -0.00765331 0.0224822 -0.01004 -0.0455528 -0.00480033 0.0564162 -0.00929977 0.0012157 -0.00416156 0.0324875 0.0516574 -0.031011 -0.0342336 -0.0411995 -0.0373733 -0.00974517 0.00514017 0.0401198 -0.0333317 -0.0195001 0.0656181 0.0300599 0.00396912 0.000326514 0.0723995 0.0408145 0.00268231
internal_weight=691.139 282.307 408.831 190.789 258.331 187.14 91.5186 150.5 10.3044 140.196 105.458 100.66 167.699 63.8572 64.5802 56.134 52.1077 60.1763 94.3771 57.8612 21.9667 36.5159 10.4736 53.3836 16.9529 90.6322 131.006 15.4945 10.1887 127.91
internal_count=4906 2883 2023 1682 1243 1655 1201 780 51 729 491 469 761 316 702 719 677 666 442 266 99 176 50 266 84 482 936 69 45 913
is_linear=0
shrinkage=0.1


Tree=21
num_leaves=31
num_cat=0
split_feature=8 10 5 14 0 0 50 137 84 174 10 31 73 14 99 7 80 73 68 0 67 7 81 94 67 73 0 79 139 86
split_gain=14.4426 8.45897 6.08487 4.92852 4.51077 4.4449 4.4486 5.06961 5.67132 4.38598 4.34623 4.3071 5.4247 3.85511 5.0721 3.77729 3.76945 3.70383 3.62325 6.40316 3.56923 3.70534 3.68292 3.45789 3.36102 3.34616 3.26992 3.21602 3.30162 3.32743
threshold=1.0000000180025095e-35 1.0000000180025095e-35 1.0000000180025095e-35 1.0000000180025095e-35 2.2026009559631352 2.8350445032119755 1.0000000180025095e-35 1.0000000180025095e-35 1.0000000180025095e-35 1.0000000180025095e-35 1.0000000180025095e-35 1.0000000180025095e-35 1.0000000180025095e-35 1.0000000180025095e-35 1.0000000180025095e-35 1.0000000180025095e-35 1.0000000180025095e-35 1.0000000180025095e-35 1.0000000180025095e-35 8.8720054626464862 1.0000000180025095e-35 1.0000000180025095e-35 1.0000000180025095e-35 1.0000000180025095e-35 1.0000000180025095e-35 1.0000000180025095e-35 9.7262148857116717 1.0000000180025095e-35 1.0000000180025095e-35 1.0000000180025095e-35
decision_type=2 2 2 2 2 2 2 2 2 2 2 2 2 2 2 2 2 2 2 2 2 2 2 2 2 2 2 2 2 2
left_child=1 15 3 -2 -5 -6 7 8 10 13 23 -8 -13 16 17 -1 -3 20 19 -12 21 22 -15 -7 -18 -16 -26 28 29 -4
right_child=2 9 27 4 5 6 11 -9 -10 -11 18 12 -14 14 25 -17 24 -19 -20 -21 -22 -23 -24 -25 26 -27 -28 -29 -30 -31
leaf_value=-0.059404101597229898 0.032088997667910825 0.016398640793496538 -0.0099724984645521066 -0.1784964814523653 0.09401753053422833 -0.064466460747515317 0.11373677040217067 0.074752906144995149 0.069551359227316353 -0.094261674179135543 -0.036762886685206886 0.048836012126771355 -0.064135975734872661 -0.11619552733368806 -0.027805347045303803 -0.021954782822628739 -0.12458041326837838 -0.079702297044485143 -0.068378815448725414 0.096839774796008082 -0.041505550156585136 0.086681508934441279 0.038050821540171614 0.030184988179278741 -0.083866239816463961 0.074574513749841698 0.071718580168418464 -0.050095458144345163 0.04473936861914287 0.049148467267848439
leaf_weight=52.611294627189636 153.05123287439346 93.205708842724562 115.22051552683115 1.3439026474952687 5.4153742641210547 30.864702463150024 5.5960235595703152 6.0122230574488631 6.1446214392781249 5.2649045549333087 6.998999625444414 14.00333257764578 6.1028400212526313 2.6370083317160589 5.3232078775763494 55.183884996920824 3.6915014274418336 13.912596564739941 4.8341873586177817 7.3591057658195496 23.191678754985332 5.4366537928581238 3.7482641190290451 4.411391668021678 2.5331193991005421 7.9752992168068886 2.894254133105278 13.985907658934591 14.873025439679621 10.377138562500475
leaf_count=928 755 665 568 6 28 163 26 30 32 62 32 69 29 25 34 693 29 112 22 37 179 33 30 24 24 49 20 71 76 55
internal_value=-0.000740249 -0.0183232 0.0112648 0.0208396 0.00346363 0.00596547 0.000800859 -0.0128328 -0.0215204 -0.00441558 -0.0317943 0.036142 0.0145455 -0.00154087 -0.021169 -0.0402326 0.0103952 -0.0360538 0.00650233 0.0317138 -0.0187102 0.0260087 -0.0256503 -0.05263 -0.0509668 0.0335933 -0.000897562 -0.00436522 0.000187895 -0.0050878
internal_weight=684.204 277.609 406.595 252.138 99.0867 97.7428 92.3274 66.6252 60.613 169.814 54.4684 25.7022 20.1062 164.549 62.2247 107.795 102.325 48.9262 19.1923 14.3581 35.0136 11.8219 6.38527 35.2761 9.11887 13.2985 5.42737 154.457 140.471 125.598
internal_count=4906 2883 2023 1253 498 492 464 340 310 1262 278 124 98 1200 462 1621 738 379 91 69 267 88 55 187 73 83 44 770 699 623
is_linear=0
shrinkage=0.1


Tree=22
num_leaves=31
num_cat=0
split_feature=12 5 11 5 79 67 0 11 64 11 79 13 61 134 139 94 53 126 41 69 167 8 24 0 10 0 26 55 54 9
split_gain=12.0706 7.91455 6.97824 5.44121 6.44426 4.55193 5.66958 4.90834 4.27282 4.23531 5.16083 4.26611 6.84695 4.27814 4.20508 3.8934 3.70497 3.83755 3.5229 3.51374 3.45793 3.20888 3.91478 3.02283 4.5133 2.95869 4.50991 2.94579 4.84479 3.74013
threshold=1.0000000180025095e-35 1.0000000180025095e-35 1.0000000180025095e-35 1.0000000180025095e-35 1.0000000180025095e-35 1.0000000180025095e-35 17.498972892761234 1.0000000180025095e-35 1.0000000180025095e-35 1.0000000180025095e-35 1.0000000180025095e-35 1.0000000180025095e-35 1.0000000180025095e-35 1.0000000180025095e-35 1.0000000180025095e-35 1.0000000180025095e-35 1.0000000180025095e-35 1.0000000180025095e-35 1.0000000180025095e-35 1.0000000180025095e-35 1.0000000180025095e-35 1.0000000180025095e-35 1.0000000180025095e-35 3.1252566576004033 1.0000000180025095e-35 12.510609149932863 1.0000000180025095e-35 1.0000000180025095e-35 1.0000000180025095e-35 1.0000000180025095e-35
decision_type=2 2 2 2 2 2 2 2 2 2 2 2 2 2 2 2 2 2 2 2 2 2 2 2 2 2 2 2 2 2
left_child=1 5 3 4 23 7 16 8 15 11 -11 -3 13 -13 -9 18 17 19 27 20 -7 -4 -23 24 -2 26 -14 29 -29 -1
right_child=2 9 21 -5 -6 6 -8 14 -10 10 -12 12 25 -15 -16 -17 -18 -19 -20 -21 -22 22 -24 -25 -26 -27 -28 28 -30 -31
leaf_value=-0.055485804860024635 -0.007287070143465928 -0.012996855349665113 -0.077194764047637116 -0.036826664364393337 -0.078706215860326598 0.022710189029450281 0.14987037314813587 -0.031589309673227824 -0.058217631582525145 -0.020430256924561883 -0.12817298222338389 0.061581177852087679 0.077461571867544612 -0.040472153517144262 0.07409140375527265 0.10506037636264043 -0.0072323517933179709 0.1354707435775174 -0.049657191737473599 0.092213256808330146 0.10570046139576242 0.071846172480404188 -0.040841435384978385 0.0067848594565923367 0.1453657529952497 -0.066935577344560779 -0.050910024321198059 0.11962613635179352 0.026224065615874228 0.055407006437007272
leaf_weight=7.71533604711294 3.7243293374776831 73.750104323029518 24.456903297454119 47.075088903307915 8.491192474961279 117.41408187523484 3.8208732903003684 41.319379545748234 6.235876850783824 58.464038614183664 4.8116269931197158 32.537111576646566 5.2638787031173724 4.7012333646416655 4.1426498144865027 6.016499586403369 26.936542883515358 3.5847707279026499 6.3600387424230567 8.6470414139330369 5.2449460662901393 3.3929178565740576 33.736559368669987 81.634702570736408 4.0353270918130875 8.8797133564949018 5.7003814280033112 6.882433868944644 28.75936708599329 5.0206126794219017
leaf_count=44 33 435 499 473 68 703 20 292 36 429 39 195 33 28 32 30 166 22 36 49 34 20 235 611 23 56 37 37 161 30
internal_value=-0.000706421 0.00811321 -0.0208699 -0.00888924 0.00454642 0.0189292 0.0294704 0.00340155 0.0206124 -0.00738299 -0.0286233 0.00288964 0.0234149 0.0486972 -0.0219593 0.0287036 0.0266276 0.0333892 0.0203108 0.0306022 0.0262589 -0.0490697 -0.030544 0.0124542 0.0720984 -0.0240288 0.0107204 0.0295093 0.04426 -0.011771
internal_weight=678.756 472.209 206.547 144.961 97.8856 278.1 165.648 112.452 66.9902 194.108 63.2757 130.832 57.0823 37.2383 45.462 60.7543 161.827 134.891 54.7378 131.306 122.659 61.5864 37.1295 89.3944 7.75966 19.844 10.9643 48.3777 35.6418 12.7359
internal_count=4906 2944 1962 1208 735 1692 994 698 374 1252 468 784 349 223 324 338 974 808 308 786 737 754 255 667 56 126 70 272 198 74
is_linear=0
shrinkage=0.1


Tree=23
num_leaves=31
num_cat=0
split_feature=8 10 142 11 10 174 7 176 13 22 98 0 14 67 9 73 38 12 0 5 83 0 0 26 16 13 55 83 26 0
split_gain=11.7976 6.94533 5.54665 4.95235 3.87812 3.77894 3.51655 3.38946 3.41676 4.35296 3.58666 4.70391 4.76596 4.30148 5.62551 3.91033 3.29006 3.6267 3.93792 5.50232 4.39444 3.40749 5.7721 4.43035 4.41474 3.72691 3.57113 3.28324 4.80089 3.2049
threshold=1.0000000180025095e-35 1.0000000180025095e-35 1.0000000180025095e-35 1.0000000180025095e-35 1.0000000180025095e-35 1.0000000180025095e-35 1.0000000180025095e-35 1.0000000180025095e-35 1.0000000180025095e-35 1.0000000180025095e-35 1.0000000180025095e-35 16.119096755981449 1.0000000180025095e-35 1.0000000180025095e-35 1.0000000180025095e-35 1.0000000180025095e-35 1.0000000180025095e-35 1.0000000180025095e-35 5.542778968811036 1.0000000180025095e-35 1.0000000180025095e-35 12.203969955444338 13.289527893066408 1.0000000180025095e-35 1.0000000180025095e-35 1.0000000180025095e-35 1.0000000180025095e-35 1.0000000180025095e-35 1.0000000180025095e-35 15.368925571441652
decision_type=2 2 2 2 2 2 2 2 2 2 2 2 2 2 2 2 2 2 2 2 2 2 2 2 2 2 2 2 2 2
left_child=1 16 3 4 7 6 -3 8 9 29 11 12 13 14 -10 -15 -1 18 20 21 -18 25 -23 -24 -25 -20 -27 -8 -29 -2
right_child=2 5 -4 -5 -6 -7 27 -9 10 -11 -12 -13 -14 15 -16 -17 17 -19 19 -21 -22 22 23 24 -26 26 -28 28 -30 -31
leaf_value=0.089203695813281206 -0.023983742004604985 -0.014577657362475611 -0.1006342279806039 -0.0032356380347838159 0.035122431278098554 -0.091449066584148447 0.0052084134018251004 0.090480256823928684 -0.050816376629644146 0.077810183293313059 0.084328731281288802 -0.077022115889399015 -0.016529744858105232 0.092115643918894624 0.081060141441230721 0.0030997020543973228 -0.012874162674942303 -0.067569634589706939 -0.099158090633355303 -0.089284377075782351 0.10331115664391786 0.1366695515289989 -0.076766324964370289 0.1340410144741577 -0.059892258298733771 0.08286743520630685 -0.04853390383182004 0.14212212381721734 0.01326473026778708 0.036027070608830758
leaf_weight=2.0198427625000468 58.385141775012016 92.135800234973431 4.4666069224476805 146.04796535521746 100.64987467229366 4.8267170824110499 59.087328903377056 5.0370747596025458 8.67196476459503 5.4743786528706542 8.3028312847018224 5.1658260598778716 20.49203285574913 18.149805396795276 5.1589248552918425 6.7777552902698508 17.969327419996265 31.951882649213076 7.7301214598119303 16.691647246479988 3.9756125137209883 3.2034893184900275 5.6571283750236017 2.829660702496767 2.0059289261698723 3.079989355057478 6.2964229173958302 4.6505629271268827 7.6435319967567921 10.499715432524679
leaf_count=34 305 753 23 767 486 62 379 23 40 27 39 23 96 85 24 31 207 709 91 278 32 36 65 31 27 37 74 25 43 54
internal_value=-0.000669085 -0.0167736 0.0101832 0.0114243 0.0198948 -0.0042439 -0.00166977 0.00981918 0.00705674 -0.00801592 0.0224693 0.0144961 0.0224752 0.0430976 -0.00162641 0.0679124 -0.037171 -0.0396885 -0.0268592 -0.0430466 0.00817433 -0.0179909 0.01918 -0.0166902 0.0535924 -0.0477515 -0.00537084 0.0149911 0.0620084 -0.0148366
internal_weight=675.035 271.755 403.28 398.813 252.765 168.344 163.517 152.115 147.078 74.3592 72.7191 64.4163 59.2505 38.7585 13.8309 24.9276 103.411 101.391 69.4393 47.4944 21.9449 30.8027 13.6962 10.4927 4.83559 17.1065 9.37641 71.3814 12.2941 68.8849
internal_count=4906 2883 2023 2000 1233 1262 1200 747 724 386 338 299 276 180 64 116 1621 1587 878 639 239 361 159 123 58 202 111 447 68 359
is_linear=0
shrinkage=0.1


Tree=24
num_leaves=31
num_cat=0
split_feature=12 5 11 79 5 237 177 14 15 33 47 13 8 102 79 67 0 108 26 14 16 83 81 50 6 56 88 99 0 1
split_gain=9.80921 6.18557 5.49519 4.71887 5.15499 4.33045 3.98623 4.06457 4.28463 5.9346 8.49051 5.11674 3.55361 3.67613 4.14854 3.57554 8.38674 3.94528 3.36516 5.37189 3.54884 3.25038 5.17195 3.13037 3.15746 3.31327 3.12722 3.20009 4.14757 10.6929
threshold=1.0000000180025095e-35 1.0000000180025095e-35 1.0000000180025095e-35 1.0000000180025095e-35 1.0000000180025095e-35 1.0000000180025095e-35 1.0000000180025095e-35 1.0000000180025095e-35 1.0000000180025095e-35 1.0000000180025095e-35 1.0000000180025095e-35 1.0000000180025095e-35 1.0000000180025095e-35 1.0000000180025095e-35 1.0000000180025095e-35 1.0000000180025095e-35 17.100615501403812 1.0000000180025095e-35 1.0000000180025095e-35 1.0000000180025095e-35 1.0000000180025095e-35 1.0000000180025095e-35 1.0000000180025095e-35 1.0000000180025095e-35 1.0000000180025095e-35 1.0000000180025095e-35 1.0000000180025095e-35 1.0000000180025095e-35 7.9493498802185067 -0.045250589028000825
decision_type=2 2 2 2 2 2 2 2 2 2 2 2 2 2 2 2 2 2 2 2 2 2 2 2 2 2 2 2 2 2
left_child=1 5 3 4 -2 12 7 8 -3 10 11 -10 15 14 26 17 18 -1 20 23 21 22 -17 24 25 -20 27 28 -14 -30
right_child=2 6 -4 -5 -6 -7 -8 -9 9 -11 -12 -13 13 -15 -16 16 -18 -19 19 -21 -22 -23 -24 -25 -26 -27 -28 -29 29 -31
leaf_value=-0.030762234556766251 0.01065986314775323 0.018311661524165381 -0.044930009816622131 -0.066993436917593796 -0.032138641469399355 0.11457150801320096 0.10431106094223089 -0.028018654550539257 -0.051419416211213015 -0.089638019604370012 0.11917539918203833 0.027151241408671291 0.028124111664255415 0.085387547225046725 0.072609448695361692 0.028095068527103945 0.18674412570907434 0.0685026511209096 0.032715512791948231 -0.047035558213339899 0.088882935481043979 0.096737724979503004 -0.14077017603930661 -0.043479028554713486 0.0034026774730112792 0.14885273676013899 0.093668128249296614 0.048939203391354429 -0.17327073007774438 -0.00043650169737496263
leaf_weight=39.394829869270325 88.953008521348238 71.137097060680389 58.498151078820229 12.591090388596056 41.167630579322577 4.4603742249310008 3.1901301927864543 67.729265004396439 20.95070031657815 9.8126250840723497 4.9903138801455489 13.71388044208288 47.943674549460411 9.4346107840538007 14.129498139023779 5.5469614528119546 2.7567187622189513 4.4569175615906707 5.9925874583423173 18.955893527716398 9.1362400650978088 2.8519490398466596 2.6949117295444012 5.7021330520510665 11.246253456920385 4.1629730388522148 4.9543959200382224 20.579651027917862 3.811775878071777 58.77482949197293
leaf_count=335 667 433 754 110 431 30 19 474 136 64 30 96 224 44 68 42 18 38 40 167 66 19 20 45 86 31 23 100 18 278
internal_value=-0.000650403 0.00728072 -0.0191178 -0.00853725 -0.00288075 0.0168353 -0.00653737 -0.008415 0.00259404 -0.0200088 -0.00277901 -0.0203356 0.0152357 0.024839 0.0210355 0.00165749 0.0158399 -0.0206733 0.0087327 -0.00619925 0.0427298 0.00472066 -0.0271202 0.0223608 0.0399026 0.0803225 0.0156799 0.0127328 0.00599156 -0.0109628
internal_weight=669.721 468.511 201.21 142.712 130.121 276.987 191.524 188.334 120.605 49.4675 39.6549 34.6646 272.527 159.628 150.194 112.898 69.0466 43.8517 66.2899 46.0598 20.2301 11.0938 8.24187 27.1039 21.4018 10.1556 136.064 131.11 110.53 62.5866
internal_count=4906 2944 1962 1208 1098 1692 1252 1233 759 326 262 232 1662 755 711 907 534 373 516 369 147 81 62 202 157 71 643 620 520 296
is_linear=0
shrinkage=0.1


Tree=25
num_leaves=31
num_cat=0
split_feature=8 11 7 153 10 65 16 226 15 113 54 26 86 0 16 78 15 0 10 137 80 74 13 26 5 0 81 0 0 52
split_gain=9.14835 6.202 5.30268 4.01989 3.67441 3.53885 4.10714 3.50524 3.56415 3.98701 4.48081 4.13095 6.64805 4.34481 4.58648 3.942 3.02448 3.12384 2.94134 6.58304 2.96385 3.44326 5.23241 5.52419 4.49165 3.72167 4.37875 2.91909 5.75075 3.53479
threshold=1.0000000180025095e-35 1.0000000180025095e-35 1.0000000180025095e-35 1.0000000180025095e-35 1.0000000180025095e-35 1.0000000180025095e-35 1.0000000180025095e-35 1.0000000180025095e-35 1.0000000180025095e-35 1.0000000180025095e-35 1.0000000180025095e-35 1.0000000180025095e-35 1.0000000180025095e-35 4.7556469440460214 1.0000000180025095e-35 1.0000000180025095e-35 1.0000000180025095e-35 8.4175219535827654 1.0000000180025095e-35 1.0000000180025095e-35 1.0000000180025095e-35 1.0000000180025095e-35 1.0000000180025095e-35 1.0000000180025095e-35 1.0000000180025095e-35 5.6454484462738046 1.0000000180025095e-35 13.813826084136965 14.680356025695803 1.0000000180025095e-35
decision_type=2 2 2 2 2 2 2 2 2 2 2 2 2 2 2 2 2 2 2 2 2 2 2 2 2 2 2 2 2 2
left_child=1 3 -2 7 -4 -3 -7 8 9 11 -11 12 13 14 -1 18 17 -6 19 -10 21 22 23 -20 -25 -23 -27 -15 -29 -30
right_child=2 5 4 -5 16 6 -8 -9 15 10 -12 -13 -14 27 -16 -17 -18 -19 20 -21 -22 25 -24 24 -26 26 -28 28 29 -31
leaf_value=-0.012420252581818975 -0.00039753478778074293 -0.043084580847412443 0.012798846267166679 0.096274314144064996 0.063569307264762162 0.14122001549356364 -0.043254299157806882 -0.12446384114535368 -0.02350689176878281 -0.018258939420567673 0.15373992651941973 -0.043062276148167822 0.12613720816797133 -0.055655147195024492 0.16325296787517235 -0.06385612302056981 0.084164184671019701 0.0038898832472995062 -0.089490718710427491 0.18095370138733824 -0.047469637231957101 0.20318504740397372 0.075308476141381517 0.067998407776522912 -0.052056114738347661 0.0099111557380248353 0.1257356649384192 0.14703279112800891 0.075630316551661581 -0.066823968548280654
leaf_weight=3.4319121725857249 241.16331255435944 77.096187084913254 108.43499279022217 3.8522462621331206 15.552470512688158 2.3162754178047171 2.5198495350778103 2.5036347880959502 25.073471602052454 3.3546062149107447 2.7614292241632938 49.800965577363968 3.8025702126324168 17.09932549670339 2.6213160641491413 6.7008397020399562 14.435405150055884 20.114141277968884 6.2789360284805307 1.6802618354558934 4.455288238823413 2.011244121938943 10.50964902341366 8.5276585072278959 4.9110908582806596 7.9658442065119726 5.529842771589756 2.4056836999952784 2.40391832962632 6.3245854862034321
leaf_count=30 1240 1135 513 27 84 31 35 28 358 27 21 482 31 166 22 66 80 106 40 20 27 13 63 47 32 48 30 20 25 59
internal_value=-0.000621345 -0.0149937 0.00894124 -0.00480344 0.0231472 -0.0378794 0.0451002 -0.00696479 -0.00530887 -0.0186697 0.0593997 -0.0241023 0.000687387 -0.0132256 0.063654 0.00970717 0.045544 0.0299132 0.0161137 -0.0106658 0.0303885 0.0379732 0.0183203 -0.0120547 0.0241254 0.0762823 0.0573701 -0.0297085 0.010139 -0.0275906
internal_weight=665.639 265.939 399.7 184.006 158.537 81.9323 4.83612 180.154 177.65 94.0063 6.11604 87.8903 38.0893 34.2867 6.05323 83.6441 50.102 35.6666 76.9433 26.7537 50.1896 45.7343 30.2273 19.7177 13.4387 15.5069 13.4957 28.2335 11.1342 8.7285
internal_count=4906 2883 2023 1682 783 1201 66 1655 1627 883 48 835 353 322 52 744 270 190 678 378 300 273 182 119 79 91 78 270 104 84
is_linear=0
shrinkage=0.1


Tree=26
num_leaves=31
num_cat=0
split_feature=12 11 11 14 79 5 113 25 84 68 40 13 0 65 16 67 10 0 61 61 6 7 0 8 41 17 51 71 0 9
split_gain=8.10014 5.08646 4.38731 4.29005 3.94035 4.15497 3.25944 3.24816 3.27691 3.64854 7.76238 6.32219 4.16701 4.64698 6.03089 4.41096 3.83054 7.07268 3.56839 3.20255 3.58993 4.25791 3.43149 3.18821 2.98713 2.89813 2.85829 5.13399 3.40168 6.71574
threshold=1.0000000180025095e-35 1.0000000180025095e-35 1.0000000180025095e-35 1.0000000180025095e-35 1.0000000180025095e-35 1.0000000180025095e-35 1.0000000180025095e-35 1.0000000180025095e-35 1.0000000180025095e-35 1.0000000180025095e-35 1.0000000180025095e-35 1.0000000180025095e-35 7.2210814952850351 1.0000000180025095e-35 1.0000000180025095e-35 1.0000000180025095e-35 1.0000000180025095e-35 10.260096073150637 1.0000000180025095e-35 1.0000000180025095e-35 1.0000000180025095e-35 1.0000000180025095e-35 3.8535249233245854 1.0000000180025095e-35 1.0000000180025095e-35 1.0000000180025095e-35 1.0000000180025095e-35 1.0000000180025095e-35 13.030800819396974 1.0000000180025095e-35
decision_type=2 2 2 2 2 2 2 2 2 2 2 2 2 2 2 2 2 2 2 2 2 2 2 2 2 2 2 2 2 2
left_child=1 23 4 6 5 26 7 -3 9 12 11 18 15 14 24 -9 17 -16 -11 20 21 -17 -22 -1 -14 -4 27 -2 -28 -30
right_child=2 3 25 -5 -6 -7 -8 8 -10 10 -12 -13 13 -15 16 19 -18 -19 -20 -21 22 -23 -24 -25 -26 -27 28 -29 29 -31
leaf_value=0.0030081794786106959 0.011030179220261513 -0.093626955639680334 0.061838015891228948 -0.027566786303474606 -0.062814677097124696 -0.029784469575323904 0.086929436937543958 -0.03290915561328861 0.079858657107919395 0.19647490390646227 -0.070657807049504209 -0.020346622428235372 -0.098205260828111457 0.063407563451905458 0.0519727412031794 0.003001792626102332 0.074430269439867122 -0.1198534867481697 0.066203947664606008 0.13805516259214104 0.037849326538813378 0.12266389953317017 -0.09120141115953545 0.02398427086386716 -0.0089542971133118963 -0.046225359280285705 -0.10619304548450748 0.11316515124167366 0.039910101072508211 -0.090180588781455684
leaf_weight=131.05516365170479 62.050169691443443 3.4707894138991824 2.6024065650999537 64.05006804689765 12.070201519876717 40.14589162170887 4.6652657687664023 12.05607248842716 5.4922122023999682 4.2677921317517775 4.4669579192996016 4.0056217685341826 16.15470473468304 4.6289218328893176 4.9116734080016595 5.9799265526235139 5.2499177157878867 4.6762998290359974 4.1448092833161354 3.0010760203003874 4.3486948609352112 5.9148581102490425 3.9157682918012142 162.06519532948732 4.8836061209440222 53.536220125854015 3.974750708788636 5.3455874659121028 11.794183537364008 5.9804519154131404
leaf_count=956 457 27 23 483 110 431 32 88 36 30 33 33 118 29 34 37 32 39 26 23 28 38 29 761 32 731 29 41 89 51
internal_value=-0.000606898 0.00662046 -0.0175649 -0.00712509 -0.00817237 -0.00307113 0.00519941 0.00144541 0.00480912 0.000358165 0.0423916 0.0830566 -0.0090149 -0.0308885 -0.043055 0.0161436 0.00576599 -0.0318313 0.132292 0.041678 0.0273305 0.0625056 -0.0232959 0.0146058 -0.0774875 -0.0412159 0.00895903 0.0191312 -0.0225618 -0.0038602
internal_weight=660.905 463.405 197.5 170.285 141.361 129.291 106.235 101.57 98.0989 92.6067 16.8852 12.4182 75.7215 40.5051 35.8762 35.2164 14.8379 9.58797 8.4126 23.1603 20.1592 11.8948 8.26446 293.12 21.0383 56.1386 89.1451 67.3958 21.7494 17.7746
internal_count=4906 2944 1962 1227 1208 1098 744 712 685 649 122 89 527 284 255 243 105 73 56 155 132 75 57 1717 150 754 667 498 169 140
is_linear=0
shrinkage=0.1


Tree=27
num_leaves=31
num_cat=0
split_feature=7 8 237 20 10 14 10 174 1 12 5 55 0 67 87 140 84 0 1 1 1 0 113 12 1 14 0 0 22 54
split_gain=7.54004 5.79144 4.9343 4.47225 4.53056 4.34227 4.20876 3.93146 3.10887 3.47824 2.82585 3.1676 2.80713 4.39681 2.7668 3.01362 2.71204 2.61705 5.81469 4.61689 4.78426 3.44008 2.4948 2.69531 3.40572 2.48563 4.88126 10.7436 4.68052 3.34079
threshold=1.0000000180025095e-35 1.0000000180025095e-35 1.0000000180025095e-35 1.0000000180025095e-35 1.0000000180025095e-35 1.0000000180025095e-35 1.0000000180025095e-35 1.0000000180025095e-35 0.95330443978309642 1.0000000180025095e-35 1.0000000180025095e-35 1.0000000180025095e-35 4.7556469440460214 1.0000000180025095e-35 1.0000000180025095e-35 1.0000000180025095e-35 1.0000000180025095e-35 17.100615501403812 0.97748878598213207 0.68545135855674755 0.63586583733558666 14.109513759613039 1.0000000180025095e-35 1.0000000180025095e-35 -0.65274924039840687 1.0000000180025095e-35 13.211498737335207 12.510609149932863 1.0000000180025095e-35 1.0000000180025095e-35
decision_type=2 2 2 2 2 2 2 2 2 2 2 2 2 2 2 2 2 2 2 2 2 2 2 2 2 2 2 2 2 2
left_child=1 6 3 4 7 14 -1 8 9 -2 11 -7 13 -11 15 16 -6 19 -19 20 21 25 23 -8 -25 26 27 29 -27 -3
right_child=2 17 -4 -5 5 10 22 -9 -10 12 -12 -13 -14 -15 -16 -17 -18 18 -20 -21 -22 -23 -24 24 -26 28 -28 -29 -30 -31
leaf_value=-0.051109075473135063 0.0043030156237273609 -0.0023355829283389939 0.10635495638107202 -0.10238395641633553 0.0353336854064197 -0.028302809064719325 -0.0078569961234705599 0.088839168369857308 0.09596206406749494 0.13468075684200279 -0.033637323239122073 0.04441140528062712 -0.044039520431907259 -0.030839576046677076 0.12434371252141592 0.11142051145268467 -0.055929684479032543 0.091503970303393828 -0.05389667337322758 -0.043859248407625451 0.088033061066833826 -0.071594740749596042 0.047181389510261643 0.070568889297894954 -0.061029947095747265 -0.021506922216305038 0.087108102197502271 -0.10169047931378031 0.069625089707549256 0.0335780952810774
leaf_weight=45.31076642870903 107.13225213810802 56.662593834102154 5.4196282140910617 3.4958494491875163 63.118775401264429 8.9988899715244788 63.831270400434732 4.8357772603631011 3.1210238337516776 2.4336811564862719 15.369047582149504 17.922707956284285 30.786953054368496 4.712323222309351 3.7505289912223807 4.9607083313167086 3.4332485124468795 8.4365625753998739 4.0807421579956999 24.509566381573677 6.2769282758235923 6.6058708950877181 6.2349556237459174 2.17891273275018 20.177333917468786 62.804737657308578 7.7742196917533866 8.6825805157423002 6.1913308650255194 47.711928762495518
leaf_count=928 688 288 30 27 385 56 443 36 25 22 91 112 336 58 21 30 21 46 22 126 34 37 47 28 282 326 41 47 33 240
internal_value=-0.000582981 -0.00980147 0.0118672 0.00999871 0.0114507 0.0262142 -0.0261433 0.000109131 -0.00278641 -0.00491094 0.000574717 0.0201057 -0.0309335 0.0255309 0.0406211 0.0362302 0.0306256 -0.000412812 0.0441022 -0.0028651 0.00209148 -0.000654741 -0.0139036 -0.0183226 -0.0482039 0.00181392 0.0104608 0.0051903 -0.0133292 0.0140814
internal_weight=656.962 377.47 279.491 274.072 270.576 117.554 137.733 153.022 148.186 145.065 42.2906 26.9216 37.933 7.146 75.2633 71.5127 66.552 239.737 12.5173 227.22 202.71 196.433 92.4225 86.1875 22.3562 189.827 120.831 113.057 68.9961 104.375
internal_count=4906 2968 1938 1908 1881 716 1728 1165 1129 1104 259 168 416 80 457 436 406 1240 68 1172 1046 1012 800 753 310 975 616 575 359 528
is_linear=0
shrinkage=0.1


Tree=28
num_leaves=31
num_cat=0
split_feature=8 11 142 20 10 153 84 0 0 101 22 0 0 98 14 132 9 153 226 38 12 156 0 40 34 5 10 0 13 54
split_gain=6.61566 4.79046 4.70207 4.51229 3.89543 4.68039 3.42957 3.50029 3.5747 3.45013 3.4024 3.90531 4.83139 3.3168 3.26402 4.06099 4.53725 3.16129 3.25965 3.1589 3.06959 3.31266 3.33598 3.08389 2.91708 3.6084 2.8546 3.51131 3.80922 3.13763
threshold=1.0000000180025095e-35 1.0000000180025095e-35 1.0000000180025095e-35 1.0000000180025095e-35 1.0000000180025095e-35 1.0000000180025095e-35 1.0000000180025095e-35 6.7802875041961679 8.8720054626464862 1.0000000180025095e-35 1.0000000180025095e-35 2.5407255887985234 3.9917863607406621 1.0000000180025095e-35 1.0000000180025095e-35 1.0000000180025095e-35 1.0000000180025095e-35 1.0000000180025095e-35 1.0000000180025095e-35 1.0000000180025095e-35 1.0000000180025095e-35 1.0000000180025095e-35 17.100615501403812 1.0000000180025095e-35 1.0000000180025095e-35 1.0000000180025095e-35 1.0000000180025095e-35 6.2258727550506601 1.0000000180025095e-35 1.0000000180025095e-35
decision_type=2 2 2 2 2 2 2 2 2 2 2 2 2 2 2 2 2 2 2 2 2 2 2 2 2 2 2 2 2 2
left_child=1 17 3 4 5 6 10 -8 -9 -10 11 -2 -13 20 15 -6 -17 18 19 -1 21 22 23 26 -16 -26 29 28 -28 -3
right_child=2 13 -4 -5 14 -7 7 8 9 -11 -12 12 -14 -15 24 16 -18 -19 -20 -21 -22 -23 -24 -25 25 -27 27 -29 -30 -31
leaf_value=0.10276068378671516 -0.074282953252878703 -0.086715859994305144 -0.096376308617452125 -0.098483169928410635 0.024217068322993689 -0.096695913808979669 -0.03239673254251834 0.15067664400589453 0.095395463959531926 -0.030997879471971097 0.044191604753886206 0.047256524430097577 -0.0058722682590862038 -0.096970919037504918 0.014110240325464637 0.12095575412381654 0.0072452354235106823 0.083804512016761978 -0.12378395994113767 -0.0061881201398418448 -0.063807484521659158 0.12376128583864138 0.069001156761091392 -0.085402503852953102 0.0022235452956707929 -0.11555190490112116 -0.097212585168222024 0.038042250041363752 0.032330739115547687 0.0012540989727967628
leaf_weight=2.7031445130705825 7.4623267352581015 9.1538597047328967 4.3031254708766928 3.8864170312881461 85.999583810567856 4.7338473349809638 4.1725162416696575 4.053438037633895 4.6705433428287488 4.0172556862235069 16.318624034523964 19.03070992231369 170.15773806720972 7.5031022503972045 39.836297310888767 9.7893547713756544 5.469734549522399 4.0026185028254977 2.3214027397334567 171.84510476142168 17.133362300693989 1.6636946648359288 3.9230899922549716 7.5826292037963858 6.5850290954112989 4.3001441210508347 5.2529636174440402 14.108123101294039 3.9971220642328262 7.2781161032617083
leaf_count=28 40 148 23 19 421 24 21 23 25 22 85 92 905 125 196 48 28 27 28 1599 444 17 31 103 32 19 46 124 33 130
internal_value=-0.000557455 -0.0129947 0.00758523 0.00873089 0.0098087 0.00172961 0.00375643 0.047098 0.0731311 0.0369509 0.000314298 -0.00332676 -0.000527974 -0.0337797 0.0222807 0.0326527 0.0801954 -0.00407766 -0.00606647 -0.00450088 -0.0270154 -0.0151125 -0.0196167 -0.0269554 0.00157432 -0.0443032 -0.0158174 0.00664779 -0.0412347 -0.0477519
internal_weight=653.255 258.468 394.787 390.484 386.597 234.617 229.883 16.9138 12.7412 8.6878 212.969 196.651 189.188 77.5961 151.98 101.259 15.2591 180.872 176.87 174.548 70.093 52.9596 51.2959 47.3728 50.7215 10.8852 39.7902 23.3582 9.25009 16.432
internal_count=4906 2883 2023 2000 1981 1237 1213 91 70 47 1122 1037 997 1201 744 497 76 1682 1655 1627 1076 632 615 584 247 51 481 203 79 278
is_linear=0
shrinkage=0.1


Tree=29
num_leaves=31
num_cat=0
split_feature=7 236 8 144 237 14 99 12 0 0 10 1 0 101 10 0 26 12 84 108 13 44 5 8 0 129 6 15 0 6
split_gain=6.43944 4.45995 4.17625 3.96088 3.93354 3.89466 4.22304 5.55745 3.666 6.8247 3.4689 3.35463 6.85786 4.38286 4.85207 3.93996 3.40855 3.67291 3.17294 3.27008 3.09912 3.06652 3.05323 3.64411 3.03255 3.60681 4.71812 4.16941 2.9569 2.86276
threshold=1.0000000180025095e-35 1.0000000180025095e-35 1.0000000180025095e-35 1.0000000180025095e-35 1.0000000180025095e-35 1.0000000180025095e-35 1.0000000180025095e-35 1.0000000180025095e-35 15.305954456329347 13.151266574859621 1.0000000180025095e-35 -0.46931324899196619 3.9219712018966679 1.0000000180025095e-35 1.0000000180025095e-35 14.591375827789308 1.0000000180025095e-35 1.0000000180025095e-35 1.0000000180025095e-35 1.0000000180025095e-35 1.0000000180025095e-35 1.0000000180025095e-35 1.0000000180025095e-35 1.0000000180025095e-35 14.29021215438843 1.0000000180025095e-35 1.0000000180025095e-35 1.0000000180025095e-35 15.798768043518068 1.0000000180025095e-35
decision_type=2 2 2 2 2 2 2 2 2 2 2 2 2 2 2 2 2 2 2 2 2 2 2 2 2 2 2 2 2 2
left_child=2 4 3 10 5 11 7 18 9 -8 -1 12 22 14 15 20 17 -17 19 24 -13 -12 23 29 25 27 -27 -7 -18 -2
right_child=1 -3 -4 -5 -6 6 8 -9 -10 -11 21 13 -14 -15 -16 16 28 -19 -20 -21 -22 -23 -24 -25 -26 26 -28 -29 -30 -31
leaf_value=-0.048860030814986077 0.059152320918476858 0.13217589874428354 -0.0012081683697247462 0.13651469713570641 0.093556466906458594 0.043549228465963305 0.050915869813366516 -0.065550304190431327 0.11883911188311998 -0.096652937381789386 -0.097182884912664011 -0.040838398374515514 0.11820546600454973 -0.1072147297278333 0.034062660242731684 0.039334454178575645 0.13996084562111874 -0.084476979352690273 0.087911776259905094 0.081968899259519667 0.0079008555023421714 -0.0099522443696878071 -0.024201890734790239 0.086784316842949655 -0.069086914163949145 -0.0018845264868117377 -0.11450662976832747 -0.038095456161441582 0.023455804334331989 -0.072841923887098536
leaf_weight=42.055402066558599 3.102933131158351 3.0047633461654177 238.63847731053829 1.5329841189086426 5.4791895933449259 19.015981450676918 11.857305994257336 18.83262675255537 4.0027387402951708 4.2598864808678618 4.2291589491069308 28.862490803003311 9.3211070019751769 3.1175006031990042 58.814489524811506 6.8007545601576567 4.2543765995651484 3.6993498411029577 3.5842605493962756 3.6881539337337008 23.807184109464288 85.586373161524534 10.263549230992794 9.140397422015667 8.7851928435266 10.302208483219149 5.8219559155404559 9.320729639381172 4.4644791185855865 3.4926617406308651
leaf_count=919 25 22 1240 16 30 125 77 178 25 33 39 234 70 22 362 44 28 37 25 24 183 754 70 45 61 60 35 60 35 28
internal_value=-0.000534167 0.0110066 -0.00912973 -0.0233002 0.00967831 0.00796735 -0.00773442 -0.0181097 0.0331848 0.0119124 -0.025158 0.0172015 0.0446137 0.00996628 0.0127613 -0.00466614 0.0340892 -0.00428624 -0.00334679 -0.00909192 -0.0188078 -0.0140597 0.0182303 0.045906 -0.0153994 -0.00479103 -0.042549 0.016694 0.0803046 -0.0107445
internal_weight=649.139 277.096 372.042 133.404 274.092 268.612 99.471 79.3511 20.1199 16.1172 131.871 169.141 35.3206 133.821 130.703 71.8886 19.219 10.5001 60.5185 56.9342 52.6697 89.8155 25.9995 15.736 53.2461 44.4609 16.1242 28.3367 8.71886 6.59559
internal_count=4906 1938 2968 1728 1916 1886 703 568 135 110 1712 1183 238 945 923 561 144 81 390 365 417 793 168 98 341 280 95 185 63 53
is_linear=0
shrinkage=0.1


Tree=30
num_leaves=31
num_cat=0
split_feature=5 102 11 151 237 12 9 177 134 1 139 86 12 24 1 82 56 67 13 61 11 13 9 16 1 67 134 79 31 51
split_gain=5.83821 4.44566 4.3757 4.79895 3.9844 3.16777 3.89624 3.24025 3.13585 7.79556 4.32647 3.68298 3.11751 3.58128 4.42253 3.78128 6.16114 3.60683 3.17441 2.84748 2.75476 6.06698 3.73196 3.33133 4.53949 4.38405 3.29207 3.10015 2.74009 2.92273
threshold=1.0000000180025095e-35 1.0000000180025095e-35 1.0000000180025095e-35 1.0000000180025095e-35 1.0000000180025095e-35 1.0000000180025095e-35 1.0000000180025095e-35 1.0000000180025095e-35 1.0000000180025095e-35 -0.33774431049823755 1.0000000180025095e-35 1.0000000180025095e-35 1.0000000180025095e-35 1.0000000180025095e-35 0.93231424689292919 1.0000000180025095e-35 1.0000000180025095e-35 1.0000000180025095e-35 1.0000000180025095e-35 1.0000000180025095e-35 1.0000000180025095e-35 1.0000000180025095e-35 1.0000000180025095e-35 1.0000000180025095e-35 -0.3099094927310943 1.0000000180025095e-35 1.0000000180025095e-35 1.0000000180025095e-35 1.0000000180025095e-35 1.0000000180025095e-35
decision_type=2 2 2 2 2 2 2 2 2 2 2 2 2 2 2 2 2 2 2 2 2 2 2 2 2 2 2 2 2 2
left_child=1 2 4 12 -1 7 8 19 10 -10 11 -7 13 -4 15 17 -17 -15 -18 20 21 22 -2 24 -24 -26 -23 -22 29 -3
right_child=5 28 3 -5 -6 6 -8 -9 9 -11 -12 -13 -14 14 -16 16 18 -19 -20 -21 27 26 23 -25 25 -27 -28 -29 -30 -31
leaf_value=0.010404278416650753 0.0091214923211529776 0.087109134172378574 -0.089792712727097101 0.080348312385326831 0.09992681531791818 -0.048895699833020508 -0.071081117125333937 0.093664983485683195 -0.035054332712755272 0.2276649179335305 0.071756210561690598 0.069625406414317886 -0.04121865725891212 -0.044598783270107634 0.10332303201235338 -0.05372445274115252 0.047905097407489251 0.0017357958480570001 0.17014338589680045 -0.025874270711588522 -0.013377189265607149 0.053004674931605635 -0.096127420986061474 -0.10377055486399188 -0.057809752638789805 0.10302988052889946 -0.037930157736454313 -0.12145684336126178 -0.029038743376895878 0.0047221837239993401
leaf_weight=236.46194342337549 29.917994160205126 14.517761945724493 4.7603540904819956 5.6055180430412284 5.0783992856740943 29.016835244372491 18.354515770450234 3.1900135725736609 3.1418476197868586 1.7633264046162356 4.0316994655877343 2.8822833858430377 32.016023393720388 26.102360971271992 3.9030852541327468 4.7178992256522152 7.05819471180439 47.142451703548431 3.0392546057701111 59.895292675122619 35.770637670531869 31.83745725825429 4.2718221731483945 6.7914942726492873 2.9402105920016774 4.0005089640617371 4.5501310862600794 2.8666534181684247 3.8682960551232091 6.1216790508478871
leaf_count=1533 175 101 34 45 31 341 246 19 38 20 43 36 452 207 21 39 45 327 21 422 269 195 30 43 21 28 28 22 26 48
internal_value=-0.000511506 0.00693049 0.0042399 -0.0102272 0.0122865 -0.0126626 -0.0328121 -0.00625157 -0.0156114 0.0593888 -0.0258502 -0.0381866 -0.0141709 -0.00521801 -0.00084011 -0.00545693 0.0406177 -0.0147765 0.0846979 -0.00799479 0.00071544 0.0108487 -0.0125266 -0.0485001 -0.0150225 0.0348954 0.0416336 -0.021396 0.0481973 0.0626731
internal_weight=645.616 400.393 375.885 134.345 241.54 245.223 59.1905 186.032 40.836 4.90517 35.9308 31.8991 128.74 96.7236 91.9632 88.0602 14.8153 73.2448 10.0974 182.842 122.947 84.3096 47.922 18.004 11.2125 6.94072 36.3876 38.6373 24.5077 20.6394
internal_count=4906 2930 2755 1191 1564 1976 724 1252 478 58 420 377 1146 694 660 639 105 534 66 1233 811 520 297 122 79 49 223 291 175 149
is_linear=0
shrinkage=0.1


Tree=31
num_leaves=31
num_cat=0
split_feature=12 5 80 11 108 26 67 0 0 55 8 80 16 6 14 73 0 0 99 26 6 26 0 151 237 177 11 178 61 15
split_gain=5.17864 3.76312 2.92721 2.75744 2.69445 4.40524 2.8496 3.7911 3.70003 7.70905 3.1771 3.24821 3.72253 3.56977 3.06817 3.03061 4.38251 7.4178 3.41686 2.97363 2.87098 6.28108 3.15877 2.72908 2.6454 2.56953 2.45976 2.42831 2.32401 2.31483
threshold=1.0000000180025095e-35 1.0000000180025095e-35 1.0000000180025095e-35 1.0000000180025095e-35 1.0000000180025095e-35 1.0000000180025095e-35 1.0000000180025095e-35 17.498972892761234 15.924708843231203 1.0000000180025095e-35 1.0000000180025095e-35 1.0000000180025095e-35 1.0000000180025095e-35 1.0000000180025095e-35 1.0000000180025095e-35 1.0000000180025095e-35 13.938398361206056 12.34633779525757 1.0000000180025095e-35 1.0000000180025095e-35 1.0000000180025095e-35 1.0000000180025095e-35 8.2067074775695819 1.0000000180025095e-35 1.0000000180025095e-35 1.0000000180025095e-35 1.0000000180025095e-35 1.0000000180025095e-35 1.0000000180025095e-35 1.0000000180025095e-35
decision_type=2 2 2 2 2 2 2 2 2 2 2 2 2 2 2 2 2 2 2 2 2 2 2 2 2 2 2 2 2 2
left_child=1 4 3 24 6 -6 10 8 23 -10 15 12 14 -14 19 16 17 20 -17 -12 21 -1 -22 -8 -2 28 -16 -5 29 -3
right_child=2 25 -4 27 5 -7 7 -9 9 -11 11 -13 13 -15 26 18 -18 -19 -20 -21 22 -23 -24 -25 -26 -27 -28 -29 -30 -31
leaf_value=-0.03236157304553873 -0.0050066663195457127 0.011652720504530673 -0.055572337851980971 -0.035349586445055196 0.090641678137876852 0.0011382031273508295 0.016637854169654933 0.11884943156612758 0.063557561457289719 -0.13340968888326168 0.044136901207488456 0.082850969692225121 0.068738059950004496 -0.016372593662916806 -0.013738812035133621 -0.10045128405660692 -0.07571718816427514 0.18599238172320454 0.00050706941564352542 -0.040175242655377773 -0.10026406390376646 0.14640528719104248 0.04517217879798488 0.082104198539430309 0.10027535332854509 0.08224709968919644 -0.096023585670476252 0.10185915150983536 -0.023486843932192081 -0.016485435736888213
leaf_weight=5.2187654897570663 123.90970579534769 74.503408068791032 15.831234818324445 45.267546523362398 11.11916209384799 10.879753082990646 131.98843133449554 3.6701563224196425 3.458231717348097 4.6709614396095276 10.421034403145315 5.6928942874073973 12.895468153059484 7.9760796055197707 7.8426888659596425 8.9043807797133905 6.2990880832076064 2.3715124651789656 5.376380242407321 6.988492786884307 4.5557104386389247 3.1528314240276814 2.2216584123671055 6.6904260702431193 2.4334868751466265 3.2652465924620619 6.7679762989282608 1.3276854511350382 59.411854088306427 48.119814360514283
leaf_count=44 1088 484 166 671 63 71 814 20 24 31 52 28 61 40 37 94 62 20 39 33 43 24 18 40 17 19 34 20 422 327
internal_value=-0.000492682 0.00529016 -0.0144149 -0.0106472 0.0128403 0.046377 0.00985537 0.0184622 0.0159525 -0.0496181 -0.0035401 0.0110786 0.00335352 0.036213 -0.0180651 -0.0260184 -0.00418056 0.0215388 -0.0624428 0.0102925 -0.00420578 0.0349639 -0.0525893 0.0197962 -0.00297884 -0.00567699 -0.0518549 -0.03144 -0.00725413 0.000610743
internal_weight=643.232 454.462 188.77 172.938 269.162 21.9989 247.163 150.478 146.808 8.12919 96.685 58.5846 52.8917 20.8715 32.0202 38.1003 23.8196 17.5205 14.2808 17.4095 15.149 8.3716 6.77737 138.679 126.343 185.3 14.6107 46.5952 182.035 122.623
internal_count=4906 2944 1962 1796 1692 134 1558 929 909 55 629 285 257 101 156 344 211 149 133 85 129 68 61 854 1105 1252 71 691 1233 811
is_linear=0
shrinkage=0.1


Tree=32
num_leaves=31
num_cat=0
split_feature=7 236 8 20 144 10 44 177 237 14 23 65 129 6 13 10 1 1 0 0 5 13 0 41 0 1 13 26 0 5
split_gain=4.94064 3.525 3.37758 3.33165 3.02884 2.94149 2.69138 2.65698 2.59289 2.97907 3.75871 3.43245 3.38095 4.04191 3.52329 3.08872 3.25869 7.80162 4.46769 2.90105 2.81119 2.80694 2.77415 2.65346 3.27947 4.77014 5.48216 4.37532 3.54472 2.87847
threshold=1.0000000180025095e-35 1.0000000180025095e-35 1.0000000180025095e-35 1.0000000180025095e-35 1.0000000180025095e-35 1.0000000180025095e-35 1.0000000180025095e-35 1.0000000180025095e-35 1.0000000180025095e-35 1.0000000180025095e-35 1.0000000180025095e-35 1.0000000180025095e-35 1.0000000180025095e-35 1.0000000180025095e-35 1.0000000180025095e-35 1.0000000180025095e-35 -0.46931324899196619 -0.52635180950164784 14.591375827789308 13.726214885711672 1.0000000180025095e-35 1.0000000180025095e-35 2.960985660552979 1.0000000180025095e-35 13.030800819396974 0.1512662544846535 1.0000000180025095e-35 1.0000000180025095e-35 13.661875724792482 1.0000000180025095e-35
decision_type=2 2 2 2 2 2 2 2 2 2 2 2 2 2 2 2 2 2 2 2 2 2 2 2 2 2 2 2 2 2
left_child=2 3 4 8 5 6 -1 -8 9 15 -11 12 23 14 -14 16 17 20 19 21 22 -18 -2 24 25 26 -12 -28 -26 -27
right_child=1 -3 -4 -5 -6 -7 7 -9 -10 10 11 -13 13 -15 -16 -17 18 -19 -20 -21 -22 -23 -24 -25 28 29 27 -29 -30 -31
leaf_value=0.082311187774396943 -0.012349684004826326 0.11734386810795645 -0.00095345619034949657 -0.09241978685105226 0.11352954183810909 -0.0126020949407206 -0.054719288633520616 0.12060905995282643 0.077618209268111887 0.079069162959345088 -0.022089955459465418 -0.10237298746617376 0.025368959400400255 -0.10133951582050067 -0.07959219701344579 0.031775380143556596 -0.036516682855458109 0.19487710261265231 0.035767702997066671 -0.1152571552356132 -0.04069137471454333 0.011277348256047773 0.08625877033262748 -0.044022161320972732 -0.12806627901862511 0.14674117162689979 0.14660387062892549 0.017112248958167126 -0.0033892700584712133 0.029020587723309149
leaf_weight=1.5854714028537262 5.028081659227615 3.007935754954814 236.34095084667206 3.2327826824039212 1.6514360588043917 88.344532150775194 37.293666755780578 0.88484789431095023 5.5067987255752078 4.9697915017604819 18.533439710736275 3.8714073542505494 9.5510660074651259 7.2579635567963114 4.8080153707414857 73.209924336522818 27.227946983650327 2.7901773191988459 19.018987065181136 3.0609797425568095 5.9981318414211264 22.395206930115819 6.5951873064041138 9.4655285179615003 2.651020240038636 4.8390809297561628 4.2433799039572495 6.7759352196007967 16.310931207612157 3.639145003631711
leaf_count=31 29 22 1240 26 16 793 867 21 30 33 137 33 63 56 35 454 225 22 144 27 48 171 47 63 21 35 29 49 118 21
internal_value=-0.000470146 0.00968545 -0.00807056 0.00849042 -0.0210335 -0.0227681 -0.0453541 -0.0506558 0.00970881 0.00828278 -0.00563786 -0.0102163 -0.00616554 -0.0405189 -0.00977638 0.0164433 0.00425792 0.0395103 -0.0057773 -0.0207751 0.0149094 -0.014947 0.043602 0.00500863 0.0131518 0.0300899 0.0111206 0.0669776 -0.02082 0.0962115
internal_weight=640.09 273.989 366.101 270.981 129.76 128.109 39.764 38.1785 267.748 262.241 96.9167 91.9469 88.0755 21.617 14.3591 165.325 92.1147 20.4116 71.7031 52.6841 17.6214 49.6232 11.6233 66.4585 56.9929 38.031 29.5528 11.0193 18.962 8.47823
internal_count=4906 1938 2968 1916 1728 1712 919 888 1890 1860 693 660 627 154 98 1167 713 146 567 423 124 396 76 473 410 271 215 78 139 56
is_linear=0
shrinkage=0.1


Tree=33
num_leaves=31
num_cat=0
split_feature=8 142 11 98 10 153 108 0 176 65 1 0 153 84 65 176 0 0 101 24 65 38 151 61 54 15 10 108 134 7
split_gain=4.45984 3.8892 3.25767 3.28162 3.16957 3.95302 2.7924 4.88638 2.77794 2.83766 4.23336 3.4285 2.78023 2.69547 2.93814 2.77507 2.75142 2.79569 2.81914 2.64864 2.81782 2.64828 2.76561 3.56177 3.42826 2.76481 3.63702 3.41875 3.0471 5.42656
threshold=1.0000000180025095e-35 1.0000000180025095e-35 1.0000000180025095e-35 1.0000000180025095e-35 1.0000000180025095e-35 1.0000000180025095e-35 1.0000000180025095e-35 10.120465755462648 1.0000000180025095e-35 1.0000000180025095e-35 0.94737243652343761 17.041751861572269 1.0000000180025095e-35 1.0000000180025095e-35 1.0000000180025095e-35 1.0000000180025095e-35 6.7802875041961679 8.8720054626464862 1.0000000180025095e-35 1.0000000180025095e-35 1.0000000180025095e-35 1.0000000180025095e-35 1.0000000180025095e-35 1.0000000180025095e-35 1.0000000180025095e-35 1.0000000180025095e-35 1.0000000180025095e-35 1.0000000180025095e-35 1.0000000180025095e-35 1.0000000180025095e-35
decision_type=2 2 2 2 2 2 2 2 2 2 2 2 2 2 2 2 2 2 2 2 2 2 2 2 2 2 2 2 2 2
left_child=2 4 8 19 5 13 -6 -8 9 10 11 12 21 14 15 -2 -15 -18 -19 -4 -21 -1 25 24 -24 -23 28 -28 -27 -30
right_child=1 -3 3 -5 6 -7 7 -9 -10 -11 -12 -13 -14 16 -16 -17 17 18 -20 20 -22 22 23 -25 -26 26 27 -29 29 -31
leaf_value=0.09646046692482857 -0.00056213663397653108 -0.090206356762498538 -0.11150174524501799 -0.094900759009898056 0.014868972115374621 -0.092199665905454045 -0.0019806076363875855 0.13374525629919728 -0.09233948076027837 -0.069139330705934657 0.11639433406381675 -0.12225480684872803 0.090140079566795539 -0.031672103142094336 -0.056190903055632027 0.074371181238780809 0.13142731195746077 0.083499533071272433 -0.031023823738616424 -0.023104234956833732 0.061639756512866274 -0.019861070730525805 0.034056018725533564 -0.041692778462393713 0.18661447676896556 -0.038516601836239672 0.015683727913266495 0.11744876154132328 0.23708711567355256 -0.048529393371055621
leaf_weight=2.698980174958705 197.62685555592179 4.1347316429018965 3.1410071458667508 6.7965582348406306 139.60045967251062 4.5587459430098525 5.140237905085085 5.4808472469449043 3.4577523265033951 6.0444158073514691 3.0990231651812783 2.3210590928792945 3.3619128279387942 4.0210133120417622 9.2931864038109762 5.0690138339996329 4.0823678597807875 4.6927233114838582 3.9660719409584999 58.195946337655187 4.2073586396872988 76.938796672970057 3.840768510475753 2.8938647694885731 2.3893431145697832 20.219957342371348 44.020852062851191 3.5688151344656935 1.1673801895231 1.5463862121105194
leaf_count=26 1054 23 58 125 700 24 25 27 39 69 32 27 23 21 55 24 23 25 22 959 59 753 35 25 18 301 269 19 27 19
internal_value=-0.00045473 0.00626043 -0.0108714 -0.0287591 0.00730041 5.85503e-06 0.0186296 0.0680586 -0.00358409 -0.00182146 0.000599575 -0.0015757 0.000146456 0.0018434 -0.00120901 0.00131179 0.0404469 0.0632071 0.0310433 -0.0219006 -0.0173906 -0.00175297 -0.00344582 0.0499819 0.0925645 -0.00675157 0.00755048 0.0233152 -0.0251629 0.0743342
internal_weight=637.576 387.666 249.91 72.3409 383.532 233.31 150.222 10.6211 177.569 174.112 168.067 164.968 162.647 228.751 211.989 202.696 16.7622 12.7412 8.6588 65.5443 62.4033 159.285 156.586 9.12398 6.23011 147.462 70.5234 47.5897 22.9337 2.71377
internal_count=4906 2023 2883 1201 2000 1248 752 52 1682 1643 1574 1542 1515 1224 1133 1078 91 70 47 1076 1018 1492 1466 78 53 1388 635 288 347 46
is_linear=0
shrinkage=0.1


Tree=34
num_leaves=31
num_cat=0
split_feature=12 266 11 14 113 20 80 97 68 40 13 0 31 8 78 0 6 167 133 57 5 65 0 9 44 62 42 86 83 0
split_gain=4.60649 3.24623 3.18728 3.03207 2.86262 2.59409 2.51562 2.41027 2.52613 5.49818 2.81643 2.46272 4.18062 3.54055 3.12605 3.42848 2.34669 3.1483 3.09492 3.52613 3.56637 2.8598 2.79223 3.32306 2.60861 3.47794 3.60479 3.22474 4.7465 8.13898
threshold=1.0000000180025095e-35 1.0000000180025095e-35 1.0000000180025095e-35 1.0000000180025095e-35 1.0000000180025095e-35 1.0000000180025095e-35 1.0000000180025095e-35 1.0000000180025095e-35 1.0000000180025095e-35 1.0000000180025095e-35 1.0000000180025095e-35 4.3367555141448983 1.0000000180025095e-35 1.0000000180025095e-35 1.0000000180025095e-35 2.5407255887985234 1.0000000180025095e-35 1.0000000180025095e-35 1.0000000180025095e-35 1.0000000180025095e-35 1.0000000180025095e-35 1.0000000180025095e-35 2.6652977466583256 1.0000000180025095e-35 1.0000000180025095e-35 1.0000000180025095e-35 1.0000000180025095e-35 1.0000000180025095e-35 1.0000000180025095e-35 10.444900512695314
decision_type=2 2 2 2 2 2 2 2 2 2 2 2 2 2 2 2 2 2 2 2 2 2 2 2 2 2 2 2 2 2
left_child=1 2 16 4 7 6 -2 8 11 10 -10 14 -13 -14 15 -4 17 18 24 22 -21 -18 -20 -24 -1 26 -26 28 -27 -30
right_child=5 -3 3 -5 -6 -7 -8 -9 9 -11 -12 12 13 -15 -16 -17 21 -19 19 20 -22 -23 23 -25 25 27 -28 -29 29 -31
leaf_value=-0.042648093854252195 -0.0089471107518132031 0.077045432337391889 -0.040100629860316525 -0.02499091022069222 0.080784854684616547 -0.1269081908248702 -0.05155532771862717 -0.048131788615596756 0.10934752176113534 -0.058112743181130168 0.0040003604741381555 -0.031535020711398201 -0.044885044816842329 0.062462319621247264 -0.064049217778289841 0.074005243818283717 0.0024145551653661696 -0.044081819917352195 0.013217095047627603 0.097493957128303221 -0.031841676295407226 -0.088407685503719718 -0.025947718165771783 -0.14214496237070467 0.073355033846002948 0.025030228687668611 -0.0016457465830820414 0.071361694358125019 -0.11353540410706253 0.031223712525151714
leaf_weight=5.0802601575851432 168.83903736248612 6.1758924070745698 3.4194251298904446 59.999808114022017 4.5646227654069653 2.0014510713517657 15.09556827880442 9.4818621296435577 8.0156001597642881 4.1349066216498604 3.7134869657456866 38.019453467801213 4.343722723424432 10.498327061533928 3.0053995475172988 11.452481970191 113.51858126372099 7.7414193078875533 7.0888401493430164 4.9880495369434374 3.7235432602465153 3.57619959488511 6.8458154387772066 3.8427247442305088 28.308257389813662 62.112001206725836 8.2836143560707551 10.633755348622797 7.3152046129107466 8.2804974615573865
leaf_count=29 1776 40 19 477 31 23 163 63 56 37 31 286 62 50 17 83 710 44 42 28 21 26 41 23 165 374 47 56 41 45
internal_value=-0.000443571 0.00504639 0.00404035 -0.00719742 0.00340977 -0.0136761 -0.012444 -0.000266035 0.00497463 0.0410395 0.0759941 -0.00311333 -0.0139641 0.0310457 0.0289713 0.0477694 0.0104573 0.0181688 0.021248 -0.00990686 0.0422128 -0.000359253 -0.0354475 -0.0677227 0.0275955 0.0304519 0.0563765 0.0197137 0.012646 -0.0366759
internal_weight=634.1 448.164 441.988 160.649 100.649 185.936 183.935 96.0847 86.6028 15.864 11.7291 70.7388 52.8615 14.842 17.8773 14.8719 281.339 164.244 156.503 26.489 8.71159 117.095 17.7774 10.6885 130.014 124.933 36.5919 88.3415 77.7077 15.5957
internal_count=4906 2944 2904 1212 735 1962 1939 704 641 124 87 517 398 112 119 102 1692 956 912 155 49 736 106 64 757 728 212 516 460 86
is_linear=0
shrinkage=0.1


Tree=35
num_leaves=31
num_cat=0
split_feature=7 0 1 0 45 99 55 36 39 8 5 0 141 61 52 80 24 34 1 101 21 50 83 11 6 42 139 8 36 83
split_gain=4.15071 2.84348 6.15193 4.2946 4.51855 3.21864 3.01425 4.70944 5.75693 4.06572 3.81679 3.27424 3.21004 3.25944 4.971 4.10525 3.87621 3.4873 3.98657 4.24765 4.57073 3.77192 3.53019 3.11053 3.43835 3.28234 3.33808 2.9368 3.01495 2.84217
threshold=1.0000000180025095e-35 17.100615501403812 0.74416303634643566 17.80835056304932 1.0000000180025095e-35 1.0000000180025095e-35 1.0000000180025095e-35 1.0000000180025095e-35 1.0000000180025095e-35 1.0000000180025095e-35 1.0000000180025095e-35 6.9089665412902841 1.0000000180025095e-35 1.0000000180025095e-35 1.0000000180025095e-35 1.0000000180025095e-35 1.0000000180025095e-35 1.0000000180025095e-35 -0.66370064020156849 1.0000000180025095e-35 1.0000000180025095e-35 1.0000000180025095e-35 1.0000000180025095e-35 1.0000000180025095e-35 1.0000000180025095e-35 1.0000000180025095e-35 1.0000000180025095e-35 1.0000000180025095e-35 1.0000000180025095e-35 1.0000000180025095e-35
decision_type=2 2 2 2 2 2 2 2 2 2 2 2 2 2 2 2 2 2 2 2 2 2 2 2 2 2 2 2 2 2
left_child=1 2 6 5 -5 -3 7 8 -1 -9 -11 -12 13 14 15 16 -8 18 -15 20 21 -20 -19 24 29 26 -26 -25 -29 -18
right_child=-2 3 -4 4 -6 -7 12 9 -10 10 11 -13 -14 17 -16 -17 23 22 19 -21 -22 -23 -24 27 25 -27 -28 28 -30 -31
leaf_value=-0.025032862145570042 0.0089399382544881594 0.093520093757458983 -0.057819419789197593 -0.13326116700486967 0.049753625854997728 -0.024478292933365065 0.12187987303279164 -0.040886458813283282 -0.14119602820838861 0.090486362567694933 0.063767209718135612 -0.059033092824919434 -0.10183917789992754 0.13608253798987291 -0.027081946699262588 -0.040226008272108121 0.077550789270939224 -0.031390897231236496 -0.0083557426926853286 0.10820986240096586 -0.080569382307760548 0.086299809077015011 -0.15493216099011362 -0.050259707095644771 -0.033960683065089377 0.1048910299398907 0.077856594893240108 -0.0054581297936286263 0.082300343965616515 -0.0061973645337364261
leaf_weight=74.98181377351284 270.9410411734134 9.2734556235373038 24.427559172734618 2.7300414592027655 2.666886555030942 3.0792135763913384 4.5613607522100201 8.1550441365689057 4.5237134713679543 8.9228699952363968 4.0241473242640495 4.7155888825654984 2.9881048854440442 2.0192401036620131 22.913852820172906 8.6348893828690034 24.304460559040312 11.935224708169697 67.273898212239146 3.1274770684540263 8.3583109453320485 4.4909221678972235 2.8689908105880013 8.2089682128280419 12.276357341557743 2.9769528061151496 3.4117787778377524 12.639591798186304 5.6712124049663535 4.8631049729883662
leaf_count=633 1938 74 225 20 20 28 31 123 41 47 19 25 24 15 182 71 166 92 565 22 76 31 18 150 99 22 19 69 29 32
internal_value=-0.000415105 -0.00743585 -0.00945389 0.0315928 -0.0428246 0.064106 -0.00574851 -0.0195925 -0.0316423 0.0175152 0.0444799 -0.0024906 0.00108015 0.00254087 0.0143838 0.0252366 0.0323996 -0.0105315 -0.00275331 -0.00612077 -0.0105835 -0.00243236 -0.0553326 0.0269102 0.0421399 0.00862421 -0.00964321 -0.00055906 0.0217224 0.0635875
internal_weight=631.966 361.025 343.275 17.7496 5.39693 12.3527 318.848 105.323 79.5055 25.8177 17.6626 8.73974 213.525 210.537 110.463 87.5487 78.9138 100.074 85.2698 83.2506 80.1231 71.7648 14.8042 74.3524 47.8327 18.6651 15.6881 26.5198 18.3108 29.1676
internal_count=4906 2968 2826 142 40 102 2601 888 674 214 91 44 1713 1689 870 688 617 819 709 694 672 596 110 586 338 140 118 248 98 198
is_linear=0
shrinkage=0.1


Tree=36
num_leaves=31
num_cat=0
split_feature=12 266 5 67 102 0 79 6 151 53 167 126 13 140 108 1 96 1 20 8 87 99 67 9 0 67 27 14 11 10
split_gain=3.80788 2.65519 2.42153 2.33942 2.71391 2.67177 2.51456 3.84822 2.44603 3.09807 4.64286 4.47676 2.44423 3.29626 3.07736 2.38123 3.0068 2.38935 2.29783 2.26655 3.80021 4.77607 3.72918 5.98872 4.29336 3.6789 2.7867 2.71943 2.63055 2.50461
threshold=1.0000000180025095e-35 1.0000000180025095e-35 1.0000000180025095e-35 1.0000000180025095e-35 1.0000000180025095e-35 17.498972892761234 1.0000000180025095e-35 1.0000000180025095e-35 1.0000000180025095e-35 1.0000000180025095e-35 1.0000000180025095e-35 1.0000000180025095e-35 1.0000000180025095e-35 1.0000000180025095e-35 1.0000000180025095e-35 0.1512662544846535 1.0000000180025095e-35 0.19841813296079638 1.0000000180025095e-35 1.0000000180025095e-35 1.0000000180025095e-35 1.0000000180025095e-35 1.0000000180025095e-35 1.0000000180025095e-35 10.658453464508058 1.0000000180025095e-35 1.0000000180025095e-35 1.0000000180025095e-35 1.0000000180025095e-35 1.0000000180025095e-35
decision_type=2 2 2 2 2 2 2 2 2 2 2 2 2 2 2 2 2 2 2 2 2 2 2 2 2 2 2 2 2 2
left_child=1 2 3 4 6 8 12 -8 9 10 11 15 14 -14 -1 16 -5 -17 19 20 21 26 23 29 -24 -22 -2 28 -28 -23
right_child=18 -3 -4 5 -6 -7 7 -9 -10 -11 -12 -13 13 -15 -16 17 -18 -19 -20 -21 25 22 24 -25 -26 -27 27 -29 -30 -31
leaf_value=-0.0058858934823349703 0.091038524344228697 0.069957046983098348 -0.0052298464068914136 0.0084376535469495636 0.056348443758763626 0.10422603601503935 -0.0089045308941502182 0.1164999699658702 0.071472485374206488 -0.019605755431157845 0.11980501989068511 0.1309319869575222 -0.039906198691901991 0.070817614193758774 0.075693649479634598 0.11328045004652532 -0.069512903044374449 0.025999725761586781 -0.12390401761024739 -0.003301312100699753 -0.029402468981325969 0.067311579070847491 0.08197578352968192 -0.052527292462955323 -0.1084011852784172 0.21861061921874755 -0.013904489308205151 -0.079950971159335804 -0.079561976933083714 0.25473825050510368
leaf_weight=42.930639207363129 1.4860759414732445 6.1302614267915478 179.88033652305603 78.162056852132082 7.4379961118102065 3.4788916707038871 6.220604229718445 4.0337498262524605 7.4538728035986415 24.607008866965771 4.4296680279076091 3.2656043171882621 34.301744900643826 2.9173538610339156 5.1821316182613364 3.5617483742535141 5.282866731286048 26.269248990342021 1.8328356947749842 119.65032185986638 1.1751730628311625 1.1677787378430349 2.044311648234725 1.7154567092657087 2.8168220780789852 1.21796546690166 23.838639756664634 17.257460922002792 8.20144668035209 1.8307014890015125
leaf_count=294 28 40 1238 490 43 20 44 26 44 158 31 20 229 20 32 23 34 158 23 730 17 35 38 34 61 24 336 356 260 20
internal_value=-0.000401341 0.00459885 0.00368704 0.00986722 -0.00183475 0.0175701 -0.00636224 0.0404258 0.0156001 0.0127394 0.0193188 0.0154994 -0.0119848 -0.0312273 0.00290088 0.0121716 0.00350263 0.0364208 -0.0124936 -0.0113741 -0.0267667 -0.0316668 0.0331155 0.0964897 -0.0283396 0.0968215 -0.0438812 -0.0479484 -0.0307111 0.181744
internal_weight=629.781 445.546 439.416 259.535 103.024 156.511 95.5862 10.2544 153.032 145.578 120.971 116.542 85.3319 37.2191 48.1128 113.276 83.4449 29.831 184.235 182.402 62.7518 60.3587 9.57507 4.71394 4.86113 2.39314 50.7836 49.2975 32.0401 2.99848
internal_count=4906 2944 2904 1666 688 978 645 70 958 914 756 725 575 249 326 705 524 181 1962 1939 1209 1168 188 89 99 41 980 952 596 55
is_linear=0
shrinkage=0.1


Tree=37
num_leaves=31
num_cat=0
split_feature=8 142 10 174 10 153 113 80 67 23 113 174 14 12 0 5 0 83 0 13 14 0 26 6 5 86 14 13 0 56
split_gain=3.43053 3.05952 2.81457 3.02903 2.80085 3.29918 2.76715 2.3157 3.93332 2.89709 2.76727 2.309 8.53705 2.33162 2.96587 4.93563 3.71121 4.03384 3.22501 3.49545 3.21429 3.1801 4.28327 2.15438 2.11543 2.86606 2.91233 2.70664 8.42158 5.08055
threshold=1.0000000180025095e-35 1.0000000180025095e-35 1.0000000180025095e-35 1.0000000180025095e-35 1.0000000180025095e-35 1.0000000180025095e-35 1.0000000180025095e-35 1.0000000180025095e-35 1.0000000180025095e-35 1.0000000180025095e-35 1.0000000180025095e-35 1.0000000180025095e-35 1.0000000180025095e-35 1.0000000180025095e-35 5.542778968811036 1.0000000180025095e-35 2.3791923522949223 1.0000000180025095e-35 12.203969955444338 1.0000000180025095e-35 1.0000000180025095e-35 13.289527893066408 1.0000000180025095e-35 1.0000000180025095e-35 1.0000000180025095e-35 1.0000000180025095e-35 1.0000000180025095e-35 1.0000000180025095e-35 7.2210814952850351 1.0000000180025095e-35
decision_type=2 2 2 2 2 2 2 2 2 2 2 2 2 2 2 2 2 2 2 2 2 2 2 2 2 2 2 2 2 2
left_child=2 4 11 7 5 -2 24 9 -9 -4 -11 13 -13 14 16 18 -1 -18 19 -16 -21 -20 -23 -24 27 26 -26 -6 -29 -30
right_child=1 -3 3 -5 6 -7 -8 8 -10 10 -12 12 -14 -15 15 -17 17 -19 21 20 -22 22 23 -25 25 -27 -28 28 29 -31
leaf_value=-0.11799666472886615 0.0012176187718259417 -0.081845984811880657 -0.064907987675354911 -0.087446578062449501 0.043906846371716192 -0.086076603317918665 -0.048212809005403118 -0.10765849736839084 0.006885731482781785 0.0033134909118084986 0.060663708920150751 -0.10538102081880832 0.23985092352310355 -0.05479166685482726 -0.09559440905165964 -0.083329228367733654 0.0047378841592297313 0.12241113342007059 0.10966184867892344 -0.051862744057371825 0.070421558498287767 -0.068702133215804623 -0.0088796640719166469 0.13336830834821717 0.013504810182340586 0.082108707119131263 -0.038544330057014256 0.071096757869678714 -0.13027766997713433 -0.0069314155703005184
leaf_weight=1.9360753558576131 226.86775207147002 3.9675977416336528 5.8235221430659285 4.0148610528558484 52.930222876369953 4.4137041494250289 6.2020526230335227 5.1549745779484493 7.1642306856811047 126.7043171916157 9.0120261795818788 1.4587937369942656 1.4072716627269983 22.366074929013848 6.450742034241558 13.084719168022273 15.098479315638544 3.6096052527427664 3.5025454573333255 4.9305278845131397 3.8109749909490347 4.6947723571211082 1.9342077523469923 2.3684528209269047 37.690963938832283 4.4640907272696486 15.039727523922918 12.432711988687517 4.3004729524254808 14.941194951534271
leaf_count=22 1224 23 44 62 286 24 33 46 63 989 58 36 22 697 92 274 188 30 36 65 47 61 26 25 177 21 70 67 20 78
internal_value=-0.000392591 0.00551214 -0.00964715 -0.00169875 0.00642598 -0.000448277 0.0171684 0.000538789 -0.0410453 0.00415815 0.00712174 -0.0241284 0.0641319 -0.0271475 -0.017081 -0.0327164 0.0138025 0.0274422 -0.00880155 -0.0397565 0.00144873 0.0288205 -0.00264958 0.0694225 0.020028 0.00517274 -0.00134053 0.0300705 0.00694903 -0.034499
internal_weight=627.778 383.25 244.527 157.874 379.283 231.281 148.001 153.859 12.3192 141.54 135.716 86.6532 2.86607 83.7872 61.4211 40.7769 20.6442 18.7081 27.6922 15.1922 8.7415 12.5 8.99743 4.30266 141.799 57.1948 52.7307 84.6046 31.6744 19.2417
internal_count=4906 2023 2883 1262 2000 1248 752 1200 109 1091 1047 1621 58 1563 866 626 240 218 352 204 112 148 112 51 719 268 247 451 165 98
is_linear=0
shrinkage=0.1


end of trees

feature_importances:
Column_0=120
Column_12=82
Column_11=81
Column_7=75
Column_5=71
Column_10=62
Column_14=43
Column_8=39
Column_13=31
Column_1=26
Column_67=26
Column_26=25
Column_6=20
Column_9=15
Column_83=15
Column_15=13
Column_84=13
Column_113=13
Column_61=11
Column_65=11
Column_79=11
Column_174=11
Column_16=10
Column_73=10
Column_80=10
Column_99=10
Column_22=9
Column_55=9
Column_64=9
Column_108=9
Column_54=8
Column_86=8
Column_153=8
Column_102=7
Column_128=7
Column_133=7
Column_139=7
Column_24=6
Column_50=6
Column_132=6
Column_167=6
Column_176=6
Column_237=6
Column_20=5
Column_40=5
Column_56=5
Column_68=5
Column_31=4
Column_35=4
Column_44=4
Column_51=4
Column_52=4
Column_53=4
Column_60=4
Column_78=4
Column_81=4
Column_87=4
Column_101=4
Column_134=4
Column_137=4
Column_142=4
Column_151=4
Column_177=4
Column_21=3
Column_33=3
Column_36=3
Column_38=3
Column_41=3
Column_42=3
Column_69=3
Column_94=3
Column_98=3
Column_135=3
Column_19=2
Column_23=2
Column_34=2
Column_47=2
Column_57=2
Column_58=2
Column_62=2
Column_82=2
Column_126=2
Column_129=2
Column_140=2
Column_144=2
Column_226=2
Column_236=2
Column_266=2
Column_17=1
Column_25=1
Column_27=1
Column_39=1
Column_45=1
Column_70=1
Column_71=1
Column_74=1
Column_88=1
Column_91=1
Column_93=1
Column_95=1
Column_96=1
Column_97=1
Column_105=1
Column_141=1
Column_156=1
Column_178=1

parameters:
[boosting: gbdt]
[objective: binary]
[metric: binary_logloss]
[tree_learner: serial]
[device_type: cpu]
[data_sample_strategy: bagging]
[data: ]
[valid: ]
[num_iterations: 300]
[learning_rate: 0.1]
[num_leaves: 31]
[num_threads: 0]
[seed: 0]
[deterministic: 0]
[force_col_wise: 0]
[force_row_wise: 0]
[histogram_pool_size: -1]
[max_depth: -1]
[min_data_in_leaf: 20]
[min_sum_hessian_in_leaf: 0.001]
[bagging_fraction: 1]
[pos_bagging_fraction: 1]
[neg_bagging_fraction: 1]
[bagging_freq: 0]
[bagging_seed: 7719]
[bagging_by_query: 0]
[feature_fraction: 1]
[feature_fraction_bynode: 1]
[feature_fraction_seed: 2437]
[extra_trees: 0]
[extra_seed: 11797]
[early_stopping_round: 0]
[early_stopping_min_delta: 0]
[first_metric_only: 0]
[max_delta_step: 0]
[lambda_l1: 0]
[lambda_l2: 0]
[linear_lambda: 0]
[min_gain_to_split: 0]
[drop_rate: 0.1]
[max_drop: 50]
[skip_drop: 0.5]
[xgboost_dart_mode: 0]
[uniform_drop: 0]
[drop_seed: 21238]
[top_rate: 0.2]
[other_rate: 0.1]
[min_data_per_group: 100]
[max_cat_threshold: 32]
[cat_l2: 10]
[cat_smooth: 10]
[max_cat_to_onehot: 4]
[top_k: 20]
[monotone_constraints: ]
[monotone_constraints_method: basic]
[monotone_penalty: 0]
[feature_contri: ]
[forcedsplits_filename: ]
[refit_decay_rate: 0.9]
[cegb_tradeoff: 1]
[cegb_penalty_split: 0]
[cegb_penalty_feature_lazy: ]
[cegb_penalty_feature_coupled: ]
[path_smooth: 0]
[interaction_constraints: ]
[verbosity: -1]
[saved_feature_importance_type: 0]
[use_quantized_grad: 0]
[num_grad_quant_bins: 4]
[quant_train_renew_leaf: 0]
[stochastic_rounding: 1]
[linear_tree: 0]
[max_bin: 255]
[max_bin_by_feature: ]
[min_data_in_bin: 3]
[bin_construct_sample_cnt: 200000]
[data_random_seed: 38]
[is_enable_sparse: 1]
[enable_bundle: 1]
[use_missing: 1]
[zero_as_missing: 0]
[feature_pre_filter: 1]
[pre_partition: 0]
[two_round: 0]
[header: 0]
[label_column: ]
[weight_column: ]
[group_column: ]
[ignore_column: ]
[categorical_feature: ]
[forcedbins_filename: ]
[precise_float_parser: 0]
[parser_config_file: ]
[objective_seed: 8855]
[num_class: 1]
[is_unbalance: 0]
[scale_pos_weight: 1]
[sigmoid: 1]
[boost_from_average: 1]
[reg_sqrt: 0]
[alpha: 0.9]
[fair_c: 1]
[poisson_max_delta_step: 0.7]
[tweedie_variance_power: 1.5]
[lambdarank_truncation_level: 30]
[lambdarank_norm: 1]
[label_gain: ]
[lambdarank_position_bias_regularization: 0]
[eval_at: ]
[multi_error_top_k: 1]
[auc_mu_weights: ]
[num_machines: 1]
[local_listen_port: 12400]
[time_out: 120]
[machine_list_filename: ]
[machines: ]
[gpu_platform_id: -1]
[gpu_device_id: -1]
[gpu_device_id_list: ]
[gpu_use_dp: 0]
[num_gpu: 1]

end of parameters

pandas_categorical:null
