tree
version=v4
num_class=1
num_tree_per_iteration=1
label_index=0
max_feature_idx=567
objective=binary sigmoid:1
feature_names=Column_0 Column_1 Column_2 Column_3 Column_4 Column_5 Column_6 Column_7 Column_8 Column_9 Column_10 Column_11 Column_12 Column_13 Column_14 Column_15 Column_16 Column_17 Column_18 Column_19 Column_20 Column_21 Column_22 Column_23 Column_24 Column_25 Column_26 Column_27 Column_28 Column_29 Column_30 Column_31 Column_32 Column_33 Column_34 Column_35 Column_36 Column_37 Column_38 Column_39 Column_40 Column_41 Column_42 Column_43 Column_44 Column_45 Column_46 Column_47 Column_48 Column_49 Column_50 Column_51 Column_52 Column_53 Column_54 Column_55 Column_56 Column_57 Column_58 Column_59 Column_60 Column_61 Column_62 Column_63 Column_64 Column_65 Column_66 Column_67 Column_68 Column_69 Column_70 Column_71 Column_72 Column_73 Column_74 Column_75 Column_76 Column_77 Column_78 Column_79 Column_80 Column_81 Column_82 Column_83 Column_84 Column_85 Column_86 Column_87 Column_88 Column_89 Column_90 Column_91 Column_92 Column_93 Column_94 Column_95 Column_96 Column_97 Column_98 Column_99 Column_100 Column_101 Column_102 Column_103 Column_104 Column_105 Column_106 Column_107 Column_108 Column_109 Column_110 Column_111 Column_112 Column_113 Column_114 Column_115 Column_116 Column_117 Column_118 Column_119 Column_120 Column_121 Column_122 Column_123 Column_124 Column_125 Column_126 Column_127 Column_128 Column_129 Column_130 Column_131 Column_132 Column_133 Column_134 Column_135 Column_136 Column_137 Column_138 Column_139 Column_140 Column_141 Column_142 Column_143 Column_144 Column_145 Column_146 Column_147 Column_148 Column_149 Column_150 Column_151 Column_152 Column_153 Column_154 Column_155 Column_156 Column_157 Column_158 Column_159 Column_160 Column_161 Column_162 Column_163 Column_164 Column_165 Column_166 Column_167 Column_168 Column_169 Column_170 Column_171 Column_172 Column_173 Column_174 Column_175 Column_176 Column_177 Column_178 Column_179 Column_180 Column_181 Column_182 Column_183 Column_184 Column_185 Column_186 Column_187 Column_188 Column_189 Column_190 Column_191 Column_192 Column_193 Column_194 Column_195 Column_196 Column_197 Column_198 Column_199 Column_200 Column_201 Column_202 Column_203 Column_204 Column_205 Column_206 Column_207 Column_208 Column_209 Column_210 Column_211 Column_212 Column_213 Column_214 Column_215 Column_216 Column_217 Column_218 Column_219 Column_220 Column_221 Column_222 Column_223 Column_224 Column_225 Column_226 Column_227 Column_228 Column_229 Column_230 Column_231 Column_232 Column_233 Column_234 Column_235 Column_236 Column_237 Column_238 Column_239 Column_240 Column_241 Column_242 Column_243 Column_244 Column_245 Column_246 Column_247 Column_248 Column_249 Column_250 Column_251 Column_252 Column_253 Column_254 Column_255 Column_256 Column_257 Column_258 Column_259 Column_260 Column_261 Column_262 Column_263 Column_264 Column_265 Column_266 Column_267 Column_268 Column_269 Column_270 Column_271 Column_272 Column_273 Column_274 Column_275 Column_276 Column_277 Column_278 Column_279 Column_280 Column_281 Column_282 Column_283 Column_284 Column_285 Column_286 Column_287 Column_288 Column_289 Column_290 Column_291 Column_292 Column_293 Column_294 Column_295 Column_296 Column_297 Column_298 Column_299 Column_300 Column_301 Column_302 Column_303 Column_304 Column_305 Column_306 Column_307 Column_308 Column_309 Column_310 Column_311 Column_312 Column_313 Column_314 Column_315 Column_316 Column_317 Column_318 Column_319 Column_320 Column_321 Column_322 Column_323 Column_324 Column_325 Column_326 Column_327 Column_328 Column_329 Column_330 Column_331 Column_332 Column_333 Column_334 Column_335 Column_336 Column_337 Column_338 Column_339 Column_340 Column_341 Column_342 Column_343 Column_344 Column_345 Column_346 Column_347 Column_348 Column_349 Column_350 Column_351 Column_352 Column_353 Column_354 Column_355 Column_356 Column_357 Column_358 Column_359 Column_360 Column_361 Column_362 Column_363 Column_364 Column_365 Column_366 Column_367 Column_368 Column_369 Column_370 Column_371 Column_372 Column_373 Column_374 Column_375 Column_376 Column_377 Column_378 Column_379 Column_380 Column_381 Column_382 Column_383 Column_384 Column_385 Column_386 Column_387 Column_388 Column_389 Column_390 Column_391 Column_392 Column_393 Column_394 Column_395 Column_396 Column_397 Column_398 Column_399 Column_400 Column_401 Column_402 Column_403 Column_404 Column_405 Column_406 Column_407 Column_408 Column_409 Column_410 Column_411 Column_412 Column_413 Column_414 Column_415 Column_416 Column_417 Column_418 Column_419 Column_420 Column_421 Column_422 Column_423 Column_424 Column_425 Column_426 Column_427 Column_428 Column_429 Column_430 Column_431 Column_432 Column_433 Column_434 Column_435 Column_436 Column_437 Column_438 Column_439 Column_440 Column_441 Column_442 Column_443 Column_444 Column_445 Column_446 Column_447 Column_448 Column_449 Column_450 Column_451 Column_452 Column_453 Column_454 Column_455 Column_456 Column_457 Column_458 Column_459 Column_460 Column_461 Column_462 Column_463 Column_464 Column_465 Column_466 Column_467 Column_468 Column_469 Column_470 Column_471 Column_472 Column_473 Column_474 Column_475 Column_476 Column_477 Column_478 Column_479 Column_480 Column_481 Column_482 Column_483 Column_484 Column_485 Column_486 Column_487 Column_488 Column_489 Column_490 Column_491 Column_492 Column_493 Column_494 Column_495 Column_496 Column_497 Column_498 Column_499 Column_500 Column_501 Column_502 Column_503 Column_504 Column_505 Column_506 Column_507 Column_508 Column_509 Column_510 Column_511 Column_512 Column_513 Column_514 Column_515 Column_516 Column_517 Column_518 Column_519 Column_520 Column_521 Column_522 Column_523 Column_524 Column_525 Column_526 Column_527 Column_528 Column_529 Column_530 Column_531 Column_532 Column_533 Column_534 Column_535 Column_536 Column_537 Column_538 Column_539 Column_540 Column_541 Column_542 Column_543 Column_544 Column_545 Column_546 Column_547 Column_548 Column_549 Column_550 Column_551 Column_552 Column_553 Column_554 Column_555 Column_556 Column_557 Column_558 Column_559 Column_560 Column_561 Column_562 Column_563 Column_564 Column_565 Column_566 Column_567
feature_infos=[2.0013689994812012:17.993154525756836] [-0.7776256799697876:0.99923950433731079] none none none [0:1] [0:1] [0:1] [0:1] [0:1] [0:1] [0:1] [0:1] [0:1] [0:1] [0:1] [0:1] [0:1] [0:1] [0:1] [0:1] [0:1] [0:1] [0:1] [0:1] [0:1] [0:1] [0:1] [0:1] [0:1] [0:1] [0:1] [0:1] [0:1] [0:1] [0:1] [0:1] [0:1] [0:1] [0:1] [0:1] [0:1] [0:1] [0:1] [0:1] [0:1] [0:1] [0:1] [0:1] [0:1] [0:1] [0:1] [0:1] [0:1] [0:1] [0:1] [0:1] [0:1] [0:1] [0:1] [0:1] [0:1] [0:1] [0:1] [0:1] [0:1] [0:1] [0:1] [0:1] [0:1] [0:1] [0:1] [0:1] [0:1] [0:1] [0:1] [0:1] [0:1] [0:1] [0:1] [0:1] [0:1] [0:1] [0:1] [0:1] [0:1] [0:1] [0:1] [0:1] [0:1] [0:1] [0:1] [0:1] [0:1] [0:1] [0:1] [0:1] [0:1] [0:1] [0:1] [0:1] [0:1] [0:1] [0:1] [0:1] [0:1] [0:1] [0:1] [0:1] none none none none [0:1] [0:1] none [0:1] none [0:1] none none [0:1] none none none none [0:1] [0:1] [0:1] [0:1] [0:1] none [0:1] [0:1] [0:1] [0:1] none [0:1] [0:1] [0:1] [0:1] [0:1] [0:1] [0:1] [0:1] [0:1] [0:1] [0:1] [0:1] [0:1] [0:1] [0:1] [0:1] [0:1] [0:1] [0:1] [0:1] none none none none none none none none none none [0:1] [0:1] none none none none none [0:1] [0:1] [0:1] [0:1] [0:1] [0:1] [0:1] [0:1] [0:1] [0:1] [0:1] [0:1] [0:1] [0:1] [0:1] [0:1] [0:1] [0:1] [0:1] [0:1] [0:1] [0:1] [0:1] [0:1] [0:1] [0:1] [0:1] [0:1] none none [0:1] [0:1] [0:1] none [0:1] [0:1] [0:1] [0:1] [0:1] none [0:1] none none [0:1] none [0:1] [0:1] [0:1] [0:1] [0:1] [0:1] [0:1] [0:1] [0:1] [0:1] [0:1] [0:1] [0:1] [0:1] [0:1] [0:1] [0:1] [0:1] [0:1] [0:1] [0:1] [0:1] [0:1] [0:1] [0:1] none none none none none none none none none none none none none none none none none [0:1] [0:1] [0:1] [0:1] [0:1] [0:1] [0:1] [0:1] [0:1] [0:1] none [0:1] [0:1] [0:1] [0:1] none [0:1] [0:1] none none none [0:1] [0:1] none none none none none [0:1] [0:1] [0:1] [0:1] [0:1] [0:1] [0:1] none none none [0:1] none [0:1] [0:1] [0:1] none [0:1] [0:1] [0:1] [0:1] none none [0:1] [0:1] none none none none [0:1] [0:1] none none none [0:1] none none [0:1] [0:1] none none [0:1] [0:1] none none none none none none none none none none none none none none none none none none none none none none none none none none none none none none none none none none none none none none none none none none none none none none none none none none none none none none none none none none none none none none none none none none none none none none none none none none none none none none none none none none none none none none none none none none none none none none none none none none none none none none none none none none none none none none none none none none none none none none none none none none none none none none none none none none none none none none none none none none none none none none none none none none none none none none none none none none none none none none none none none none none none none none none none none none none none none none none none none none none none none none none none none none none none none none none none none none none none none none none none none none none none none none none none none none none none none none none none none none none none none none none none none none none none none none none none none none none none none
tree_sizes=3405 3448 3466 3472 3474 3490 3460 3467 3475 3501 3489 3477 3487 3462 3484 3511 3486 3498 3483 3472 3499 3488 3472 3464 3483 3473 3466 3468

Tree=0
num_leaves=31
num_cat=0
split_feature=11 14 5 14 5 0 84 12 13 83 44 5 1 73 6 0 139 140 15 12 12 13 54 12 128 0 0 56 47 0
split_gain=478.001 251.308 68.1021 24.5051 15.7911 13.4704 12.1427 11.5981 9.69306 11.4873 9.55839 9.42128 8.62037 13.2082 8.15712 7.05073 7.01855 6.99541 6.72251 6.03947 6.014 5.88073 6.17417 5.78146 5.74578 6.84283 9.88401 5.97706 5.58485 12.6142
threshold=1.0000000180025095e-35 1.0000000180025095e-35 1.0000000180025095e-35 1.0000000180025095e-35 1.0000000180025095e-35 6.2258727550506601 1.0000000180025095e-35 1.0000000180025095e-35 1.0000000180025095e-35 1.0000000180025095e-35 1.0000000180025095e-35 1.0000000180025095e-35 -0.45531979203224177 1.0000000180025095e-35 1.0000000180025095e-35 17.433264732360843 1.0000000180025095e-35 1.0000000180025095e-35 1.0000000180025095e-35 1.0000000180025095e-35 1.0000000180025095e-35 1.0000000180025095e-35 1.0000000180025095e-35 1.0000000180025095e-35 1.0000000180025095e-35 6.635181427001954 12.057495117187502 1.0000000180025095e-35 1.0000000180025095e-35 7.9493498802185067
decision_type=2 2 2 2 2 2 2 2 2 2 2 2 2 2 2 2 2 2 2 2 2 2 2 2 2 2 2 2 2 2
left_child=1 2 6 11 -3 12 7 8 24 16 -7 -2 13 18 17 20 -10 23 -4 -15 -12 22 -16 28 25 -1 27 -27 -6 -30
right_child=3 4 5 -5 14 10 -8 -9 9 -11 15 -13 -14 19 21 -17 -18 -19 -20 -21 -22 -23 -24 -25 -26 26 -28 -29 29 -31
leaf_value=-1.057928252969675 -1.1788168780927317 -1.138437326000983 -0.8290297625022961 -1.2163924409796563 -1.0536031361439833 -0.79734392495144069 -0.92739362342103826 -1.057072257679859 -1.0761792953989677 -0.93379527644703897 -0.94163635441379734 -1.1379180807127816 -0.82237573661661645 -0.93993019393028976 -1.0419585908440439 -0.83926672540334168 -0.93791382244978072 -1.1712368080515336 -0.93457637999928322 -1.1072890268125346 -0.9948466642523871 -1.1831592757401606 -1.1470696438178305 -1.0981481427675608 -0.86629230746210195 -0.80684967621669745 -1.0166251910865167 -0.94375434673815162 -0.83481587196810436 -1.0560494691901889
leaf_weight=9.3928098678588849 145.58855295181274 134.69289350509644 13.525646209716797 134.69289350509644 24.04559326171875 3.9449801445007315 12.962077617645262 74.766766548156738 32.874834537506104 8.8292412757873517 53.726872444152832 91.861680507659912 15.028495788574217 4.5085487365722638 11.271371841430664 4.8842611312866202 4.1328363418579093 5.2599735260009757 10.895659446716309 4.1328363418579102 35.129108905792236 11.083515644073485 11.083515644073486 16.907057762145996 4.6964049339294425 4.5085487365722665 15.59206438064575 10.895659446716309 4.3206925392150861 6.387110710144043
leaf_count=50 775 717 72 717 128 21 69 398 175 47 286 489 80 24 60 26 22 28 58 22 187 59 59 90 25 24 83 58 23 34
internal_value=-1.09481 -1.03554 -0.979217 -1.18232 -1.11674 -0.928497 -1.0206 -1.0279 -1.0039 -1.03629 -0.949826 -1.16299 -0.885173 -0.913717 -1.0844 -0.956243 -1.06074 -1.06137 -0.87612 -1.01997 -0.962673 -1.1236 -1.09407 -1.05019 -0.970982 -0.983156 -0.960497 -0.903685 -1.02685 -0.96678
internal_weight=921.623 549.479 324.428 372.143 225.052 145.776 178.651 165.689 90.9224 45.8369 97.6852 237.45 48.0912 33.0627 90.3588 93.7402 37.0077 56.9204 24.4213 8.64139 88.856 33.4384 22.3549 51.6605 45.0855 40.3891 30.9963 15.4042 34.7534 10.7078
internal_count=4906 2925 1727 1981 1198 776 951 882 484 244 520 1264 256 176 481 499 197 303 130 46 473 178 119 275 240 215 165 82 185 57
is_linear=0
shrinkage=1


Tree=1
num_leaves=31
num_cat=0
split_feature=11 14 5 14 12 1 12 5 0 13 139 24 100 83 132 50 67 0 81 9 1 61 13 15 0 0 12 13 15 139
split_gain=392.977 188.184 46.1287 23.152 14.3263 9.16278 8.56043 8.49519 8.44627 7.0971 8.1145 6.90884 5.87658 5.6709 5.18872 6.28492 5.72515 7.86496 5.43713 5.1209 5.10027 8.80928 9.63168 5.30422 5.05554 7.53667 4.85265 4.65553 5.26907 4.60669
threshold=1.0000000180025095e-35 1.0000000180025095e-35 1.0000000180025095e-35 1.0000000180025095e-35 1.0000000180025095e-35 -0.3628412783145904 1.0000000180025095e-35 1.0000000180025095e-35 6.2258727550506601 1.0000000180025095e-35 1.0000000180025095e-35 1.0000000180025095e-35 1.0000000180025095e-35 1.0000000180025095e-35 1.0000000180025095e-35 1.0000000180025095e-35 1.0000000180025095e-35 4.8090348243713388 1.0000000180025095e-35 1.0000000180025095e-35 -0.45531979203224177 1.0000000180025095e-35 1.0000000180025095e-35 1.0000000180025095e-35 11.296372413635256 16.286105155944828 1.0000000180025095e-35 1.0000000180025095e-35 1.0000000180025095e-35 1.0000000180025095e-35
decision_type=2 2 2 2 2 2 2 2 2 2 2 2 2 2 2 2 2 2 2 2 2 2 2 2 2 2 2 2 2 2
left_child=1 2 6 7 5 27 9 -2 20 -1 13 -10 29 -11 15 16 -8 -18 19 -19 21 22 23 -4 -17 -26 -13 28 -3 -7
right_child=3 4 8 -5 -6 12 14 -9 11 10 -12 26 -14 -15 -16 24 17 18 -20 -21 -22 -23 -24 -25 25 -27 -28 -29 -30 -31
leaf_value=0.10964170988230558 -0.079127072277130311 -0.060055650902409378 0.27927492282892979 -0.11697411928029983 -0.051769145904945059 0.017526443235887458 0.010922166994417538 -0.039700429996242945 0.20527678051516884 0.024636880495431182 0.16760548257305083 0.13134767707389064 0.11502684566892148 0.11297644231710063 0.09615517496630209 -0.082907361958908785 0.00098385835160317192 -0.0093374526816876798 0.17291722750075911 0.13697386303680625 0.2156019744254416 0.054789158443604484 0.11066427202879373 0.16093472115435323 0.088126008533370964 -0.084981398223221968 0.085053790760081932 -0.085726225322271379 0.040952684038377374 -0.053753576603664976
leaf_weight=51.643480837345123 139.43441063165665 10.980780825018883 8.7714477628469449 126.4263237118721 86.821833297610283 84.218424767255783 23.273452937602997 89.877294972538948 8.9726676046848279 35.819872319698334 5.8668920844793311 58.73724427819252 5.6294623613357535 9.1161594986915571 13.837513118982313 7.6783800721168545 8.826616585254671 4.7843188047409058 8.7408587634563446 4.7843188047409058 16.966093778610229 7.7670333534479132 12.72411847114563 6.6658784151077279 6.7215163111686689 4.0188277959823608 36.847343042492867 14.974286630749701 9.7498941123485565 10.16066002845764
leaf_count=259 775 59 42 717 470 451 121 489 44 188 29 290 30 45 72 40 46 25 45 25 80 39 62 33 35 21 186 81 52 55
internal_value=-0.000280523 0.0515511 0.0980623 -0.0826164 -0.0200469 0.000247243 0.0642192 -0.063674 0.137851 0.0835364 0.0569992 0.121377 0.0157728 0.0425583 0.0402796 0.0290462 0.047312 0.078522 0.115902 0.0638182 0.170414 0.149076 0.175081 0.228175 -0.020945 0.0233526 0.113502 -0.0432394 -0.0125502 0.00985258
internal_weight=920.837 565.099 342.564 355.738 222.535 135.714 185.112 229.312 157.452 102.446 50.8029 104.557 100.009 44.936 82.6658 68.8283 50.4096 27.1361 18.3095 9.56864 52.8946 35.9285 28.1614 15.4373 18.4187 10.7403 95.5846 35.705 20.7307 94.3791
internal_count=4906 2925 1727 1981 1198 728 951 1264 776 521 262 520 536 233 430 358 262 141 95 50 256 176 137 75 96 56 476 192 111 506
is_linear=0
shrinkage=0.1


Tree=2
num_leaves=31
num_cat=0
split_feature=11 14 5 14 5 84 5 137 17 6 12 64 9 1 53 36 0 0 73 13 83 98 13 83 12 1 102 83 8 12
split_gain=325.034 143.823 33.1163 22.0173 12.7794 7.7144 7.66106 6.98866 6.99114 6.49287 6.28694 5.87954 5.84944 10.8239 11.6604 9.54438 6.84769 6.7381 9.29753 5.25343 5.39079 5.12847 5.59998 4.77107 4.71462 5.56109 5.37075 4.68051 6.00102 4.76003
threshold=1.0000000180025095e-35 1.0000000180025095e-35 1.0000000180025095e-35 1.0000000180025095e-35 1.0000000180025095e-35 1.0000000180025095e-35 1.0000000180025095e-35 1.0000000180025095e-35 1.0000000180025095e-35 1.0000000180025095e-35 1.0000000180025095e-35 1.0000000180025095e-35 1.0000000180025095e-35 0.099551297724246993 1.0000000180025095e-35 1.0000000180025095e-35 6.1615331172943124 8.7460646629333514 1.0000000180025095e-35 1.0000000180025095e-35 1.0000000180025095e-35 1.0000000180025095e-35 1.0000000180025095e-35 1.0000000180025095e-35 1.0000000180025095e-35 -0.3628412783145904 1.0000000180025095e-35 1.0000000180025095e-35 1.0000000180025095e-35 1.0000000180025095e-35
decision_type=2 2 2 2 2 2 2 2 2 2 2 2 2 2 2 2 2 2 2 2 2 2 2 2 2 2 2 2 2 2
left_child=1 2 5 6 24 10 -2 8 -4 12 11 19 13 16 -15 17 -6 -14 -19 23 -21 22 -11 -1 25 -3 -27 29 -29 -10
right_child=3 4 7 -5 9 -7 -8 -9 27 21 -12 -13 15 14 -16 -17 -18 18 -20 20 -22 -23 -24 -25 -26 26 -28 28 -30 -31
leaf_value=0.11207267458398461 -0.074517448760995558 -0.066785311414092871 0.23462932955544999 -0.11284166078155733 0.0015304957016630445 0.12615712827357428 -0.03651985102847409 0.18282468492632928 0.11511423955737073 0.019893453486245573 0.028932943703254468 -0.018377241706465968 -0.039101723107529518 -0.11491083649758456 0.038859456223959296 0.21361137853585582 0.12458586403834773 0.17804822536490758 -0.026583209210891467 0.03202252617713143 0.11808457894752566 -0.1313226830059693 -0.075120259231067424 0.025915090508392621 -0.060746040305547436 -0.014699363124439389 0.10218837096598846 0.19910698750169861 0.098068269296276683 0.074988260003237328
leaf_weight=38.463854044675827 133.56499411165714 20.395839035511017 4.419630989432334 118.36796629428864 8.9214627146720904 14.486979320645331 88.034438386559486 14.745214641094206 74.530856966972351 19.595157653093338 77.487032175064087 7.4525964856147757 6.3632886260747936 10.557063013315201 9.254182830452919 3.9763090014457694 9.1704859882593137 5.4539728313684446 3.7449655830860138 35.627542912960052 9.1468891203403455 3.9799605607986441 9.076474145054819 7.716776877641677 54.542999342083931 50.914617106318474 4.2598337084054938 11.592116847634315 11.92569488286972 49.000305309891701
leaf_count=184 775 114 20 717 48 69 489 67 345 105 398 37 34 56 49 20 47 29 20 183 43 22 51 37 305 275 23 54 56 234
internal_value=-0.000463049 0.0452499 0.0844899 -0.0780215 -0.0182939 0.0560155 -0.0594222 0.117104 0.110707 0.0106564 0.0502385 0.0670147 0.0308964 0.00798505 -0.043082 0.0753427 0.0639051 0.0400136 0.094741 0.0740115 0.049604 -0.0249504 -0.0101847 0.0976758 -0.0383398 -0.0221681 -0.00567485 0.106982 0.147871 0.0991977
internal_weight=916.77 576.802 356.595 339.967 220.207 190.382 221.599 166.214 151.469 90.0933 175.895 98.4077 57.4417 37.9032 19.8112 19.5385 18.0919 15.5622 9.19894 90.9551 44.7744 32.6516 28.6716 46.1806 130.113 75.5703 55.1745 147.049 23.5178 123.531
internal_count=4906 2925 1727 1981 1198 951 1264 776 709 481 882 484 303 200 105 103 95 83 49 447 226 178 156 221 717 412 298 689 110 579
is_linear=0
shrinkage=0.1


Tree=3
num_leaves=31
num_cat=0
split_feature=11 14 5 14 12 5 5 30 12 88 0 1 137 99 10 0 86 73 15 0 95 69 50 6 10 132 0 0 9 44
split_gain=269.847 111.655 24.6134 21.0216 10.9066 7.37021 6.90064 6.39784 5.54347 5.50611 5.33854 4.75806 4.71685 5.6969 5.90916 4.60552 6.46252 4.58019 6.12545 5.19615 5.73478 4.53968 4.52382 4.50255 5.02647 7.88014 5.45193 4.44823 4.41045 4.32094
threshold=1.0000000180025095e-35 1.0000000180025095e-35 1.0000000180025095e-35 1.0000000180025095e-35 1.0000000180025095e-35 1.0000000180025095e-35 1.0000000180025095e-35 1.0000000180025095e-35 1.0000000180025095e-35 1.0000000180025095e-35 6.2258727550506601 -0.3628412783145904 1.0000000180025095e-35 1.0000000180025095e-35 1.0000000180025095e-35 13.351129055023195 1.0000000180025095e-35 1.0000000180025095e-35 1.0000000180025095e-35 12.203969955444338 1.0000000180025095e-35 1.0000000180025095e-35 1.0000000180025095e-35 1.0000000180025095e-35 1.0000000180025095e-35 1.0000000180025095e-35 8.9486651420593279 4.0835044384002694 1.0000000180025095e-35 1.0000000180025095e-35
decision_type=2 2 2 2 2 2 2 2 2 2 2 2 2 2 2 2 2 2 2 2 2 2 2 2 2 2 2 2 2 2
left_child=1 2 7 6 5 11 -2 -1 9 17 -4 28 13 14 -7 16 23 18 -9 20 -19 -21 -16 24 25 26 27 -8 -3 -12
right_child=3 4 10 -5 -6 12 15 8 -10 -11 29 -13 -14 -15 22 -17 -18 19 -20 21 -22 -23 -24 -25 -26 -27 -28 -29 -30 -31
leaf_value=-0.070182193946712088 -0.0701373429519387 -0.10882572619576314 0.12559655889011256 -0.10908044175239678 -0.045334491292709861 0.021223965284123569 0.040234137484238264 0.020910297114126161 0.032664574857210568 -0.045977874153171797 0.17974427354217748 -0.0051479977274876453 -0.055423037784302222 -0.032373684120438964 0.055663382141034473 -0.070955098483510434 0.082716817264368747 0.14712578102804577 0.082545398951361731 -0.033007640421323751 0.020512937604306194 0.094397151409477562 0.15833873311876939 -0.065224222078361857 -0.050659037859296534 0.15352128356458614 0.070221911446683327 -0.099078434047000175 -0.014095115259904513 0.084327662522555233
leaf_weight=4.3886285573244086 128.01054865121841 10.040449500083923 58.513433292508125 110.60646750032902 82.848009511828423 26.11761349439621 3.530850708484655 28.520709306001663 83.630944237112999 4.1427077353000632 4.9610908180475226 55.011417672038078 6.2588915675878516 9.8783343583345395 11.024031504988672 23.833242282271385 5.6493611335754386 20.862099990248684 37.097697272896767 4.5712544769048673 4.3177319914102545 7.2046574652194977 7.026061698794364 21.714731857180595 15.182658046483992 3.8839357793331137 6.0024462044239035 6.5320738106966019 9.6272815763950348 109.48371148109436
leaf_count=22 775 58 256 717 470 137 20 136 420 20 21 298 33 53 58 135 32 98 177 22 21 35 35 123 86 22 34 37 56 499
internal_value=-0.00059445 0.0399618 0.0735729 -0.0736735 -0.0167728 0.000757212 -0.0554024 0.0491898 0.051942 0.0670492 0.101026 -0.0202407 0.0267601 0.0362775 0.0516317 -0.0335531 -0.0192896 0.0716141 0.055756 0.0997716 0.125415 0.0449403 0.0956301 -0.0294269 -0.00730092 0.0256973 -0.00520521 -0.0501968 -0.0624554 0.0884639
internal_weight=910.473 585.527 367.695 324.946 217.832 134.984 214.34 194.736 190.348 106.717 172.958 74.6791 60.3049 54.046 44.1677 86.3293 62.4961 102.574 65.6184 36.9557 25.1798 11.7759 18.0501 56.8467 35.132 19.9493 16.0654 10.0629 19.6677 114.445
internal_count=4906 2925 1727 1981 1198 728 1264 951 929 509 776 412 316 283 230 489 354 489 313 176 119 57 93 322 199 113 91 57 114 520
is_linear=0
shrinkage=0.1


Tree=4
num_leaves=31
num_cat=0
split_feature=11 14 14 5 5 5 13 84 6 140 23 83 12 1 10 56 6 0 0 98 13 113 64 12 15 50 45 0 108 68
split_gain=224.825 87.4269 20.0694 18.8402 9.19076 6.15684 5.86371 5.30986 5.08811 5.28655 4.90162 5.3726 4.65219 5.97077 6.81432 5.53974 5.5058 6.97256 5.09263 4.52943 4.75816 4.27359 4.31882 4.23231 4.29575 6.07709 4.3149 4.20981 5.02025 7.11905
threshold=1.0000000180025095e-35 1.0000000180025095e-35 1.0000000180025095e-35 1.0000000180025095e-35 1.0000000180025095e-35 1.0000000180025095e-35 1.0000000180025095e-35 1.0000000180025095e-35 1.0000000180025095e-35 1.0000000180025095e-35 1.0000000180025095e-35 1.0000000180025095e-35 1.0000000180025095e-35 -0.030344513244926926 1.0000000180025095e-35 1.0000000180025095e-35 1.0000000180025095e-35 8.8720054626464862 3.639972567558289 1.0000000180025095e-35 1.0000000180025095e-35 1.0000000180025095e-35 1.0000000180025095e-35 1.0000000180025095e-35 1.0000000180025095e-35 1.0000000180025095e-35 1.0000000180025095e-35 2.7748117446899419 1.0000000180025095e-35 1.0000000180025095e-35
decision_type=2 2 2 2 2 2 2 2 2 2 2 2 2 2 2 2 2 2 2 2 2 2 2 2 2 2 2 2 2 2
left_child=1 3 5 6 -3 -2 7 21 9 -6 -8 27 13 14 -5 -14 17 -17 -16 20 -10 22 23 -1 25 -25 -26 -12 29 -29
right_child=2 4 -4 12 8 -7 10 -9 19 -11 11 -13 15 -15 18 16 -18 -19 -20 -21 -22 -23 -24 24 26 -27 -28 28 -30 -31
leaf_value=0.074049110293048739 -0.065957884812573073 -0.032842357348978453 -0.10560917929053759 0.091831638668718477 0.03590524912809237 -0.030916004935329051 -0.051184721086904798 0.13826834174793703 0.017732107468256372 -0.071417978976618099 0.10608285379078813 0.086494975272679145 0.10200357261195003 0.07856089660323673 0.094795170763601541 0.015625435373898953 -0.00023892649211686696 0.1226046475110819 0.19457909830382489 -0.12727669994026991 -0.070934645917585581 0.13411278197582899 -0.036294934336638163 0.096467333872093108 -0.030885007201423093 -0.032959235532930814 0.067720032642252112 -0.012313969980602937 0.095245492719259153 0.080329361501251487
leaf_weight=45.883535891771317 122.78765775263309 125.29246643185616 103.20137000083923 27.954475954174995 53.170151457190514 84.745149165391922 7.7497004121541968 7.8996697068214408 19.760073959827423 5.0233203321695319 5.285421445965766 14.863439723849295 28.248462975025177 56.585836857557297 7.3417984992265728 11.082526013255121 16.487388730049133 13.530888363718985 16.861085921525955 3.6828245073556891 8.7244458198547381 6.0990211367607108 5.7428508698940268 14.400460049510004 14.8455658107996 4.8495804220437995 6.3301462531089774 47.79488180577755 6.6929378956556311 10.036318838596342
leaf_count=207 775 717 717 119 275 489 38 35 105 28 26 68 124 246 31 49 74 61 72 22 51 29 28 71 74 25 32 236 32 50
internal_value=-0.000683236 0.0354613 -0.0695701 0.0645376 -0.0153106 -0.0516487 0.0433494 0.0593955 0.00899855 0.026641 0.0249374 0.0319044 0.0881505 0.101058 0.125464 0.0679117 0.0444804 0.0744358 0.16431 -0.0229181 -0.00942539 0.0530474 0.0476763 0.0532636 0.0296719 0.0638615 -0.00140858 0.0202813 0.013253 0.00376382
internal_weight=902.953 592.219 310.734 376.566 215.653 207.533 198.474 106.051 90.3608 58.1935 92.4227 84.673 178.092 108.743 52.1574 69.3493 41.1008 24.6134 24.2029 32.1673 28.4845 98.1512 92.0521 86.3093 40.4258 19.25 21.1757 69.8096 64.5241 57.8312
internal_count=4906 2925 1981 1727 1198 1264 951 501 481 303 450 412 776 468 222 308 184 110 103 178 156 466 437 409 202 96 106 344 318 286
is_linear=0
shrinkage=0.1


Tree=5
num_leaves=31
num_cat=0
split_feature=11 14 14 5 12 6 1 12 137 84 30 151 137 17 140 100 12 79 0 13 83 15 133 56 174 99 16 53 0 7
split_gain=187.491 68.9654 19.2054 14.6745 9.11821 5.80518 5.32766 5.29866 7.90598 5.49028 4.63325 4.6212 4.30046 4.48852 4.21175 6.81197 4.13889 3.9549 4.03758 3.95365 4.39308 4.57553 3.86545 4.0755 3.81023 3.76707 6.33654 5.42508 4.42087 3.72158
threshold=1.0000000180025095e-35 1.0000000180025095e-35 1.0000000180025095e-35 1.0000000180025095e-35 1.0000000180025095e-35 1.0000000180025095e-35 -0.3628412783145904 1.0000000180025095e-35 1.0000000180025095e-35 1.0000000180025095e-35 1.0000000180025095e-35 1.0000000180025095e-35 1.0000000180025095e-35 1.0000000180025095e-35 1.0000000180025095e-35 1.0000000180025095e-35 1.0000000180025095e-35 1.0000000180025095e-35 15.63039016723633 1.0000000180025095e-35 1.0000000180025095e-35 1.0000000180025095e-35 1.0000000180025095e-35 1.0000000180025095e-35 1.0000000180025095e-35 1.0000000180025095e-35 1.0000000180025095e-35 1.0000000180025095e-35 16.880219459533695 1.0000000180025095e-35
decision_type=2 2 2 2 2 2 2 2 2 2 2 2 2 2 2 2 2 2 2 2 2 2 2 2 2 2 2 2 2 2
left_child=1 3 5 10 6 7 19 8 9 17 -1 16 13 -5 15 24 -12 18 -2 20 21 -3 23 -18 25 28 27 29 -8 -27
right_child=2 4 -4 12 -6 -7 14 -9 -10 -11 11 -13 -14 -15 -16 -17 22 -19 -20 -21 -22 -23 -24 -25 -26 26 -28 -29 -30 -31
leaf_value=-0.065200955766014812 -0.01369755579374209 -0.033179793550561797 -0.10236307497028969 0.16700381375293197 -0.040654631217223701 -0.069095960961717648 0.037118243701858858 -0.058832771747269766 0.10086750557455677 0.082780026197320708 0.050219506397159802 0.10639195295558122 0.12656695919700453 0.069841151031702201 -0.055951700068251779 0.13729905848692928 -0.024104566011329192 -0.1092890360462892 -0.089041676058536509 -0.074699521495921933 -0.10398548140035038 0.073428554402809376 0.063578140047639661 0.027857483302306453 -0.082993604508315666 0.043334234083846457 -0.091984204065045885 0.12122416974753956 -0.065426679510052974 -0.08587521822120385
leaf_weight=4.2298351824283591 46.422459542751312 8.3818390071392113 96.189918681979179 4.8994003534317008 79.993940889835358 79.311487793922424 58.936054557561874 51.205359309911728 5.3007444143295279 4.323928788304328 104.61395779252052 10.120592087507246 16.286877870559692 160.75530010461807 8.0355010926723462 4.6634558439254752 23.385685980319977 6.2354389727115622 8.3994058519601804 13.386958330869673 3.611913636326789 7.746631607413291 16.480016991496086 42.571974575519562 3.9277186691761008 4.557996407151224 7.5926728695631018 3.92477923631668 4.5271033793687812 4.3628607094287872
leaf_count=22 288 49 717 20 470 503 310 321 33 27 480 46 67 689 45 23 116 39 53 81 20 42 79 208 21 25 42 21 25 24
internal_value=-0.000738671 0.0315765 -0.0656097 0.0569504 -0.0139511 -0.0480385 0.00203119 -0.0343365 -0.0165902 -0.026113 0.0383543 0.0405758 0.0775355 0.0727148 0.0134922 0.0195253 0.0370148 -0.0338246 -0.0252412 -0.0327485 -0.00429932 0.018025 0.0202579 0.00943403 0.0132719 0.0177784 -0.0195599 0.0232479 0.0298033 -0.0198573
internal_weight=894.382 596.993 297.389 383.344 213.649 201.199 133.655 121.887 70.682 65.3812 201.402 197.172 181.942 165.655 100.528 92.4926 187.052 61.0573 54.8219 33.1273 19.7404 16.1285 82.4377 65.9577 87.8292 83.9015 20.4383 12.8456 63.4632 8.92086
internal_count=4906 2925 1981 1727 1198 1264 728 761 440 407 951 929 776 709 536 491 883 380 341 192 111 91 403 324 468 447 112 70 335 49
is_linear=0
shrinkage=0.1


Tree=6
num_leaves=31
num_cat=0
split_feature=11 14 14 5 12 5 5 84 0 86 0 102 9 83 35 137 99 10 8 0 0 0 0 9 73 1 15 6 6 10
split_gain=156.572 54.8 18.3457 11.6013 7.58209 5.61001 4.61217 4.56426 3.98188 5.33234 3.9516 6.9522 4.09344 4.94522 4.28453 3.72119 3.97504 4.14425 3.93909 3.70971 3.99827 3.55949 4.46482 3.5528 3.52622 5.4831 5.42401 5.41973 3.50082 4.30416
threshold=1.0000000180025095e-35 1.0000000180025095e-35 1.0000000180025095e-35 1.0000000180025095e-35 1.0000000180025095e-35 1.0000000180025095e-35 1.0000000180025095e-35 1.0000000180025095e-35 13.351129055023195 1.0000000180025095e-35 14.351813793182375 1.0000000180025095e-35 1.0000000180025095e-35 1.0000000180025095e-35 1.0000000180025095e-35 1.0000000180025095e-35 1.0000000180025095e-35 1.0000000180025095e-35 1.0000000180025095e-35 6.2258727550506601 17.433264732360843 13.151266574859621 11.690622806549074 1.0000000180025095e-35 1.0000000180025095e-35 -0.45531979203224177 1.0000000180025095e-35 1.0000000180025095e-35 1.0000000180025095e-35 1.0000000180025095e-35
decision_type=2 2 2 2 2 2 2 2 2 2 2 2 2 2 2 2 2 2 2 2 2 2 2 2 2 2 2 2 2 2
left_child=1 3 5 7 6 -2 10 -1 9 28 11 12 -3 14 -14 16 17 -8 -19 24 -21 22 -6 -12 26 -26 -5 -28 29 -7
right_child=2 4 -4 19 21 8 15 -9 -10 -11 23 -13 13 -15 -16 -17 -18 18 -20 20 -22 -23 -24 -25 25 -27 27 -29 -30 -31
leaf_value=0.02967130845870063 -0.058921019022126833 -0.060285587256904728 -0.099289828146229109 0.13334188077508333 -0.035441954117245482 0.029064937593324972 0.016922521151057163 0.085345276583141616 -0.061108212470836948 0.080971174947316774 0.08256753622384741 0.10455854475396804 0.038061233171450076 -0.10466712316079979 -0.079532244256589169 -0.052212170958977282 -0.028355284470293604 0.10843357875143818 0.0096501062681616286 0.054241782564463992 0.13463191030544905 -0.07324194028038386 0.047731943112340219 -0.017942740861034433 0.0061747930556709562 0.12449075640249385 0.10703281331782033 0.00028846886492997313 -0.054329584731817183 -0.043053636057674954
leaf_weight=188.04834786057472 114.24398922920227 30.440441235899925 89.592445448040962 25.644176810979843 50.226629987359047 19.602059453725815 26.468495592474937 15.976428925991057 21.779923543334007 5.6855484694242469 7.0199629515409452 3.766878828406333 16.137630343437202 4.134752705693244 3.8346373289823523 6.0921666622161856 9.5888587832450849 13.16590276360512 5.8216494023799887 116.09753042459488 6.5350542068481436 20.534407690167427 7.4056102186441413 7.0473647564649582 10.700396209955217 6.1785219311714163 11.682922184467316 8.0228762626647949 19.761727854609489 14.321795225143431
leaf_count=882 775 176 717 104 302 113 137 69 135 32 39 20 93 24 21 33 53 65 28 493 27 124 44 39 46 25 48 33 123 86
internal_value=-0.000780085 0.0281853 -0.0618205 0.0504718 -0.0127572 -0.0446401 0.00172349 0.0340309 -0.0245356 -0.0111191 -0.0153578 -0.0268337 -0.0359073 -0.00512431 0.0154835 0.0219464 0.030154 0.0424964 0.0781462 0.0686169 0.0585257 -0.037492 -0.0247543 0.0322145 0.0885032 0.0494843 0.103026 0.0635737 -0.0208719 -0.0013817
internal_weight=885.559 600.572 284.987 388.886 211.685 195.395 133.519 204.025 81.1511 59.3711 72.3817 58.3143 54.5475 24.107 19.9723 61.1371 55.0449 45.456 18.9876 184.861 122.633 78.1666 57.6322 14.0673 62.2289 16.8789 45.35 19.7058 53.6856 33.9239
internal_count=4906 2925 1981 1727 1198 1264 728 951 489 354 412 334 314 138 114 316 283 230 93 776 520 470 346 78 256 71 185 81 322 199
is_linear=0
shrinkage=0.1


Tree=7
num_leaves=31
num_cat=0
split_feature=11 14 14 5 5 81 45 70 13 16 0 6 9 1 53 0 73 0 13 54 23 83 73 9 12 0 10 0 57 133
split_gain=130.856 43.7704 17.4707 9.30987 6.3482 5.61923 9.0177 5.96065 4.35076 4.21913 4.36843 3.88524 4.04661 8.96611 9.56479 6.63003 4.86763 4.04226 3.92604 4.1121 3.68081 3.95442 3.65654 5.72338 3.65331 4.07391 4.55135 4.0981 3.89656 7.17691
threshold=1.0000000180025095e-35 1.0000000180025095e-35 1.0000000180025095e-35 1.0000000180025095e-35 1.0000000180025095e-35 1.0000000180025095e-35 1.0000000180025095e-35 1.0000000180025095e-35 1.0000000180025095e-35 1.0000000180025095e-35 13.030800819396974 1.0000000180025095e-35 1.0000000180025095e-35 0.099551297724246993 1.0000000180025095e-35 8.7460646629333514 1.0000000180025095e-35 6.1615331172943124 1.0000000180025095e-35 1.0000000180025095e-35 1.0000000180025095e-35 1.0000000180025095e-35 1.0000000180025095e-35 1.0000000180025095e-35 1.0000000180025095e-35 8.6036963462829608 1.0000000180025095e-35 3.639972567558289 1.0000000180025095e-35 1.0000000180025095e-35
decision_type=2 2 2 2 2 2 2 2 2 2 2 2 2 2 2 2 2 2 2 2 2 2 2 2 2 2 2 2 2 2
left_child=1 3 5 8 -3 9 -7 -8 -1 -2 22 12 13 17 -15 -14 -17 -6 19 -13 -10 -22 -11 -24 25 26 -5 -28 -26 -30
right_child=2 4 -4 24 11 6 7 -9 20 10 -12 18 15 14 -16 16 -18 -19 -20 -21 21 -23 23 -25 28 -27 27 -29 29 -31
leaf_value=0.043755740697320661 -0.071454810008675387 -0.026728303263867645 -0.096346752463845609 0.065544384289150534 0.0047472057064804445 -0.041858596304631596 0.0085395347322184938 0.14210055892578607 -0.051525159480037552 -0.035761812138421681 -0.072637841143118137 0.044215389537587718 -0.0090179950663716139 -0.11136680336408387 0.028538352024486298 0.1546736534640249 0.02278381674396061 0.098262325674107392 -0.073563957515162731 -0.042685649058174041 0.010604767933250074 0.066097264795383887 -0.01726782677441293 0.13648772321266384 0.071374974407347913 0.054514157983425786 0.06350426047117301 0.15182062291517195 0.010172514387753783 0.14179078033052525
leaf_weight=110.69069308042526 67.864718839526176 119.90466769039631 83.416525349020958 28.885655045509338 8.7449176162481326 56.596482083201408 17.460691750049595 4.1322274208068839 7.7287118285894385 17.10707750916481 16.320691168308258 11.585287719964981 8.3530591726303118 9.9813213646411896 9.5736247301101685 7.7102853208780271 4.392466127872467 9.8049854487180692 9.5224119573831576 10.274170398712158 72.353669852018356 15.612365111708639 6.565917372703554 3.8350271880626678 29.827400103211403 60.577766358852386 7.6475231796503094 16.788248330354691 38.443199217319489 4.6432997584342948
leaf_count=501 452 717 717 118 48 376 116 27 38 113 112 60 43 56 49 37 23 47 59 59 344 68 43 25 124 251 31 68 165 19
internal_value=-0.000799986 0.0252138 -0.0582005 0.0448954 -0.0116644 -0.0414426 -0.020882 0.034099 0.0302558 -0.0558357 -0.0316511 0.00841773 0.0236324 0.00437221 -0.0428727 0.0595101 0.106807 0.0541768 -0.0199739 0.00337101 0.0146404 0.0204537 -0.00733332 0.0394248 0.0610689 0.0722577 0.0924159 0.124181 0.0435907 0.0243566
internal_weight=876.345 603.046 273.299 393.199 209.847 189.883 78.1894 21.5929 206.385 111.693 43.8287 89.9425 58.5607 38.1048 19.5549 20.4558 12.1028 18.5499 31.3819 21.8595 95.6947 87.966 27.508 10.4009 186.813 113.899 53.3214 24.4358 72.9139 43.0865
internal_count=4906 2925 1981 1727 1198 1264 519 143 951 745 293 481 303 200 105 103 60 95 178 119 450 412 181 68 776 468 217 99 308 184
is_linear=0
shrinkage=0.1


Tree=8
num_leaves=31
num_cat=0
split_feature=11 14 14 5 12 5 1 105 1 23 13 44 12 6 26 13 69 9 32 15 81 10 39 6 54 67 0 73 67 140
split_gain=109.404 35.0787 16.5971 7.52588 6.28436 5.12485 4.08902 3.73214 4.18561 3.86458 4.94676 3.64478 3.75102 4.7198 7.23647 3.79427 5.05038 6.81698 4.18593 4.43761 5.61066 3.76479 3.74606 3.58812 3.52859 3.51696 3.50526 3.50514 5.75306 3.45902
threshold=1.0000000180025095e-35 1.0000000180025095e-35 1.0000000180025095e-35 1.0000000180025095e-35 1.0000000180025095e-35 1.0000000180025095e-35 -0.3628412783145904 1.0000000180025095e-35 -0.065480265766382204 1.0000000180025095e-35 1.0000000180025095e-35 1.0000000180025095e-35 1.0000000180025095e-35 1.0000000180025095e-35 1.0000000180025095e-35 1.0000000180025095e-35 1.0000000180025095e-35 1.0000000180025095e-35 1.0000000180025095e-35 1.0000000180025095e-35 1.0000000180025095e-35 1.0000000180025095e-35 1.0000000180025095e-35 1.0000000180025095e-35 1.0000000180025095e-35 1.0000000180025095e-35 4.273785114288331 1.0000000180025095e-35 1.0000000180025095e-35 1.0000000180025095e-35
decision_type=2 2 2 2 2 2 2 2 2 2 2 2 2 2 2 2 2 2 2 2 2 2 2 2 2 2 2 2 2 2
left_child=1 3 5 7 6 -2 26 9 -9 10 -1 -5 15 14 22 18 17 -17 19 21 -21 -13 -14 -11 -19 -18 -3 28 -15 -8
right_child=2 4 -4 11 -6 -7 29 8 -10 23 -12 12 13 27 -16 16 25 24 -20 20 -22 -23 -24 -25 -26 -27 -28 -29 -30 -31
leaf_value=0.038369093404080859 -0.052620142225161919 -0.00072517415480853695 -0.093498835367932451 0.12700223090461993 -0.033623585473176502 -0.018909753381747368 0.017819246067938149 0.017407212544295777 0.14868067829415327 0.040527958702931542 -0.10112866125747642 0.082321209707258369 0.036033692179836783 0.095976488107915772 0.086298323854854683 0.024665494125544248 0.041543049205187206 0.060023957868542754 0.021818372114483675 0.022617537856088873 0.12290499225498397 0.15912882206843523 -0.062743590256579579 0.012901981161700098 0.15072559576608979 -0.069390721252603579 -0.067877286909615017 -0.047443846423265004 -0.022759167708454681 -0.051707381562635692
leaf_weight=4.7730493098497373 107.00271901488304 18.715555608272552 77.660283319652081 6.6960773020982733 75.75497530400753 77.951084151864052 92.455795124173164 4.5594748556613922 5.1977728158235532 97.733275398612022 5.4385718703269958 12.490263879299164 11.667633622884752 7.1471042782068261 26.907963886857033 23.04177987575531 5.5995198190212232 8.133909210562706 10.035859793424605 14.437490239739418 9.0913922637701035 13.048489913344383 5.7223917692899695 90.594988435506821 9.0740212053060532 5.8368035405874252 13.295160487294195 9.6952873617410678 9.5113164186477661 7.7559561878442755
leaf_count=22 775 112 717 27 470 489 491 20 23 446 28 51 49 30 112 94 23 33 41 59 37 53 24 412 37 24 80 42 40 45
internal_value=-0.000812583 0.0226024 -0.0547026 0.0400517 -0.0106584 -0.0384125 0.00249913 0.0269572 0.0873378 0.0239898 -0.0359255 0.0545493 0.0518754 0.0338704 0.053806 0.0633575 0.043568 0.0602303 0.0806634 0.092699 0.0613679 0.121564 0.00352987 0.0272385 0.107852 -0.0150747 -0.0286158 0.000360579 0.028183 0.0124382
internal_weight=867.026 604.412 262.614 396.434 207.977 184.954 132.222 208.297 9.75725 198.54 10.2116 188.137 181.441 70.6517 44.298 110.79 51.686 40.2497 59.1035 49.0676 23.5289 25.5388 17.39 188.328 17.2079 11.4363 32.0107 26.3537 16.6584 100.212
internal_count=4906 2925 1981 1727 1198 1264 728 951 43 908 50 776 749 297 185 452 211 164 241 200 96 104 73 858 70 47 192 112 70 536
is_linear=0
shrinkage=0.1


Tree=9
num_leaves=31
num_cat=0
split_feature=11 14 14 0 5 76 12 6 12 137 79 13 130 98 0 139 0 95 99 55 7 5 67 84 132 22 13 44 137 83
split_gain=91.3811 28.1584 15.7291 6.36396 6.50766 5.71147 6.11946 5.08292 4.72496 6.25787 4.68685 4.10972 4.49624 5.01915 4.09467 4.0023 3.76303 4.76537 3.83072 4.48985 4.70037 5.63887 5.25493 3.69256 3.66135 3.23544 3.16134 3.08316 3.42995 3.52468
threshold=1.0000000180025095e-35 1.0000000180025095e-35 1.0000000180025095e-35 2.088980078697205 1.0000000180025095e-35 1.0000000180025095e-35 1.0000000180025095e-35 1.0000000180025095e-35 1.0000000180025095e-35 1.0000000180025095e-35 1.0000000180025095e-35 1.0000000180025095e-35 1.0000000180025095e-35 1.0000000180025095e-35 16.041068077087406 1.0000000180025095e-35 16.735113143920902 1.0000000180025095e-35 1.0000000180025095e-35 1.0000000180025095e-35 1.0000000180025095e-35 1.0000000180025095e-35 1.0000000180025095e-35 1.0000000180025095e-35 1.0000000180025095e-35 1.0000000180025095e-35 1.0000000180025095e-35 1.0000000180025095e-35 1.0000000180025095e-35 1.0000000180025095e-35
decision_type=2 2 2 2 2 2 2 2 2 2 2 2 2 2 2 2 2 2 2 2 2 2 2 2 2 2 2 2 2 2
left_child=1 3 7 -1 23 6 11 8 9 10 16 -3 13 24 25 -10 17 18 19 -2 22 -22 -21 -5 -13 26 -8 -6 29 -29
right_child=2 5 -4 4 27 -7 14 -9 15 -11 -12 12 -14 -15 -16 -17 -18 -19 -20 20 21 -23 -24 -25 -26 -27 -28 28 -30 -31
leaf_value=0.15329985417135261 -0.01869815785141522 0.016064234069595874 -0.090717238021246455 0.018351888669292434 0.11476278158071421 0.098207266526851009 -0.0045307281959305092 -0.056730544910240224 -0.056278329040749364 0.098830183568679564 -0.10253229861662164 -0.003058187987019045 -0.074177828627168166 -0.094643548253834947 -0.10952109759053848 0.04662116433529627 -0.0960040875088609 -0.08702553211492553 -0.06665762925173345 0.15276661296294114 -0.078888820041078986 0.076725789450238169 0.032937591648307951 0.067671019106982963 0.095988487028492761 -0.10433249879281295 -0.052786477453285935 0.03491565722025064 0.09079078373748492 0.074780069652155876
leaf_weight=4.5572553128004065 15.340426191687582 74.328678280115128 72.314931660890579 191.15860222280025 6.6701432764530173 4.7923856228590003 38.741556823253632 69.443626031279564 41.495708167552948 5.3339624702930442 5.4598324596881858 34.209404781460762 11.964156001806257 5.4693757593631736 6.8065800219774237 4.1587523072957984 4.2234265059232703 5.3401046097278586 5.3329209089279166 6.5066294670104972 4.9140646159648895 4.4257818013429642 8.3641018122434616 16.49044281244278 4.1892078667879096 5.1124541461467734 20.899910256266594 138.17697633802891 15.315543770790098 26.420132681727409
leaf_count=19 103 400 717 872 27 28 242 503 292 33 39 186 78 31 44 29 31 35 36 43 36 27 57 69 22 33 134 570 62 108
internal_value=-0.000800304 0.0202846 -0.0513151 0.0358057 0.0344474 -0.00968729 -0.0122506 -0.0355151 -0.0222298 -0.0049626 -0.014204 0.000663902 -0.0198384 -0.00501833 -0.0357407 -0.046905 -0.00534668 0.00227686 0.0129017 0.0236292 0.0504489 -0.00514924 0.0853683 0.0222686 0.0077476 -0.0279853 -0.0214408 0.0480014 0.0455263 0.0413145
internal_weight=857.957 605.303 252.654 398.789 394.232 206.514 201.721 180.339 110.896 65.2413 59.9073 130.161 55.8321 43.868 71.5605 45.6545 54.4475 50.224 44.8839 39.551 24.2106 9.33985 14.8707 207.649 38.3986 64.7539 59.6415 186.583 179.913 164.597
internal_count=4906 2925 1981 1727 1708 1198 1170 1264 761 440 407 717 317 239 453 321 368 337 302 266 163 63 100 941 208 409 376 767 740 678
is_linear=0
shrinkage=0.1


Tree=10
num_leaves=31
num_cat=0
split_feature=11 14 14 152 12 6 84 81 45 76 12 13 139 9 16 0 12 79 26 8 67 16 10 15 45 0 0 13 0 67
split_gain=76.4327 22.6812 14.7909 5.53498 5.3019 5.49463 7.46021 5.12154 7.59173 4.64253 5.39788 4.57644 8.24762 6.65561 8.25695 5.44279 4.36132 4.4058 4.25358 4.12894 5.49443 4.01542 4.01458 3.98649 4.789 3.93177 3.82773 3.7876 3.59981 3.5975
threshold=1.0000000180025095e-35 1.0000000180025095e-35 1.0000000180025095e-35 1.0000000180025095e-35 1.0000000180025095e-35 1.0000000180025095e-35 1.0000000180025095e-35 1.0000000180025095e-35 1.0000000180025095e-35 1.0000000180025095e-35 1.0000000180025095e-35 1.0000000180025095e-35 1.0000000180025095e-35 1.0000000180025095e-35 1.0000000180025095e-35 2.960985660552979 1.0000000180025095e-35 1.0000000180025095e-35 1.0000000180025095e-35 1.0000000180025095e-35 1.0000000180025095e-35 1.0000000180025095e-35 1.0000000180025095e-35 1.0000000180025095e-35 1.0000000180025095e-35 13.030800819396974 11.560575008392336 1.0000000180025095e-35 10.709103107452394 1.0000000180025095e-35
decision_type=2 2 2 2 2 2 2 2 2 2 2 2 2 2 2 2 2 2 2 2 2 2 2 2 2 2 2 2 2 2
left_child=1 4 7 9 11 18 23 21 -9 10 27 15 13 14 -13 -1 17 26 -6 22 -21 -2 -15 -7 -25 -23 -10 -3 -22 -12
right_child=2 3 -4 -5 5 6 -8 8 16 -11 29 12 -14 19 -16 -17 -18 -19 -20 20 28 25 -24 24 -26 -27 -28 -29 -30 -31
leaf_value=0.13560057787671012 -0.063424235130218595 0.013564667382716975 -0.087978322806974429 0.11671558413453907 0.0085862252217594175 0.0055911916871013365 0.10063435694511239 -0.033127545552458636 0.057154276157583575 0.083758631765561586 -0.063547248653938751 0.027897114406856511 0.098863392850236029 0.051992716143301192 -0.050353989111259205 0.049597883475379266 -0.016611264065752102 -0.025916690819180369 0.050694642924590506 0.15201007518534132 0.081939587449816206 0.00028286517645281122 -0.03163457445752927 -0.079162197836554482 0.017782549433362268 -0.064350410603694258 0.1878109830883764 -0.021298453380185611 -0.029724395939654619 -0.017061376522430918
leaf_weight=7.8648192733526221 61.702103078365326 73.441844865679741 67.366757288575172 3.4521845728158942 40.716405943036079 38.214623317122459 6.2318376898765555 52.434189595282078 5.4812072217464429 5.0424826592206946 28.036354899406433 30.911151498556137 14.03113144636154 14.308325737714767 23.919006288051605 114.33440890908241 8.6567647755146027 3.1724653393030176 58.393588408827782 6.9186024069786081 7.8338434249162674 26.126215726137161 9.5864665359258652 15.401897549629213 7.6149777472019187 14.711724020540712 3.7944151014089584 54.131162121891975 4.5719743967056274 40.983918905258179
leaf_count=32 452 393 717 18 181 171 26 376 35 28 182 134 58 62 104 474 62 23 254 29 34 181 42 71 35 112 23 312 20 265
internal_value=-0.00080233 0.0182116 -0.0481284 -0.00883668 0.0320503 0.0184112 -0.00360243 -0.0328821 -0.0127433 -0.0109862 -0.0134164 0.0417478 0.0271541 0.0168923 -0.006239 0.0551331 0.0379007 0.0758098 0.0333956 0.0462379 0.0806079 -0.0473252 0.0184419 -0.0142111 -0.0470887 -0.023001 0.110603 -0.00122828 0.0407875 -0.0359442
internal_weight=849.387 605.941 243.446 205.088 400.853 166.573 67.4633 176.079 73.539 201.636 196.593 234.28 112.081 98.0494 54.8302 122.199 21.1049 12.4481 99.11 43.2192 19.3244 102.54 23.8948 61.2315 23.0169 40.8379 9.27562 127.573 12.4058 69.0203
internal_count=4906 2925 1981 1198 1727 738 303 1264 519 1180 1152 989 483 425 238 506 143 81 435 187 83 745 104 277 106 293 58 705 54 447
is_linear=0
shrinkage=0.1


Tree=11
num_leaves=31
num_cat=0
split_feature=11 14 14 0 156 5 5 5 0 1 0 13 113 0 0 0 62 67 19 137 84 140 26 12 45 7 105 23 13 64
split_gain=63.826 18.2717 13.8678 4.81878 6.18525 5.16383 4.76613 4.43522 3.67682 3.76536 4.78863 5.21345 3.58642 3.34956 4.51858 4.0396 3.65426 5.35903 3.3495 3.46314 3.52705 3.23342 4.07818 3.74285 3.43557 3.39887 3.15324 4.09319 3.18582 2.99223
threshold=1.0000000180025095e-35 1.0000000180025095e-35 1.0000000180025095e-35 2.088980078697205 1.0000000180025095e-35 1.0000000180025095e-35 1.0000000180025095e-35 1.0000000180025095e-35 2.7748117446899419 -0.46931324899196619 3.9917863607406621 1.0000000180025095e-35 1.0000000180025095e-35 13.351129055023195 12.203969955444338 11.377138614654543 1.0000000180025095e-35 1.0000000180025095e-35 1.0000000180025095e-35 1.0000000180025095e-35 1.0000000180025095e-35 1.0000000180025095e-35 1.0000000180025095e-35 1.0000000180025095e-35 1.0000000180025095e-35 1.0000000180025095e-35 1.0000000180025095e-35 1.0000000180025095e-35 1.0000000180025095e-35 1.0000000180025095e-35
decision_type=2 2 2 2 2 2 2 2 2 2 2 2 2 2 2 2 2 2 2 2 2 2 2 2 2 2 2 2 2 2
left_child=1 3 7 -1 5 8 29 21 -5 10 11 -10 26 14 15 -9 -15 -18 19 20 -8 23 -23 24 25 -2 27 28 -11 -3
right_child=2 6 -4 4 -6 -7 18 13 9 12 -12 -13 -14 16 -16 -17 17 -19 -20 -21 -22 22 -24 -25 -26 -27 -28 -29 -30 -31
leaf_value=0.13002979944694823 -0.02153489348962366 -0.025797833634650599 -0.085262863071970618 0.10865919319279593 -0.062731945163281497 0.041396324241693858 0.025200606193473737 -0.00093426282873621761 0.068168863305414981 0.010413177007719255 -0.065904279811037234 -0.040733323619601906 0.080099502294435312 -0.12153391915602421 0.077094387663904557 -0.10134702185633407 -0.080488319360327715 0.042843658385230167 -0.081220673452786232 -0.051152459927789988 -0.066357406287577789 -0.054357976040022918 0.10647690033905795 -0.072817021134675697 0.0092364935741163171 -0.081474949075763345 0.07781906216561929 0.019154808241774037 -0.1110715586645523 0.038145946570228628
leaf_weight=4.6404177248477927 21.759541712701321 107.39584536105394 62.798681616783142 4.4121840894222251 7.4491025507450095 184.6197854578495 72.674777962267399 43.816919550299644 9.2407582551240957 4.2216610312461835 11.820961669087408 8.3846021592617035 10.018941342830656 4.9892808943986902 6.775866985321044 4.4096665829420081 7.4269953966140747 6.7028251588344574 3.8984551131725302 7.5293828248977652 4.4660015702247611 3.1977468505501738 3.1096504405140877 38.53340669721365 14.698757782578467 16.736650638282299 8.4757468700408918 144.63859395682812 4.4172815829515457 7.8532422930002204
leaf_count=19 170 669 717 19 32 756 390 285 41 19 54 39 44 35 40 29 53 47 22 44 25 26 24 312 109 134 36 644 24 48
internal_value=-0.000792038 0.0163583 -0.0450377 0.0287155 0.0275333 0.0292563 -0.0080351 -0.0303646 0.0183567 0.0163766 -0.0166626 0.0163627 0.0220405 -0.0119053 0.00062794 -0.0101156 -0.0479614 -0.0219828 0.00940869 0.0135815 0.0198999 -0.044321 0.0249363 -0.0490833 -0.031891 -0.0475945 0.0184443 0.0151611 -0.0517046 -0.0214406
internal_weight=841.114 606.158 234.956 402.34 397.7 390.251 203.818 172.157 205.631 201.219 29.4463 17.6254 171.772 74.1216 55.0025 48.2266 19.1191 14.1298 88.5686 84.6702 77.1408 98.0358 6.3074 91.7284 53.195 38.4962 161.753 153.278 8.63894 115.249
internal_count=4906 2925 1981 1727 1708 1676 1198 1264 920 901 134 80 767 489 354 314 135 100 481 459 415 775 50 725 413 304 723 687 43 717
is_linear=0
shrinkage=0.1


Tree=12
num_leaves=31
num_cat=0
split_feature=11 14 14 81 45 152 12 6 84 13 137 16 64 9 13 0 0 8 81 139 16 73 10 67 5 9 45 50 9 0
split_gain=53.3071 14.7372 12.9226 4.5047 6.09625 4.31729 4.19796 4.32993 5.86353 3.95985 4.09068 3.61313 3.50662 4.74134 5.19848 6.10636 5.75219 5.50768 7.40685 5.33734 6.40322 3.4083 3.91271 4.16964 4.88966 3.71336 3.40528 3.37104 6.74609 4.82648
threshold=1.0000000180025095e-35 1.0000000180025095e-35 1.0000000180025095e-35 1.0000000180025095e-35 1.0000000180025095e-35 1.0000000180025095e-35 1.0000000180025095e-35 1.0000000180025095e-35 1.0000000180025095e-35 1.0000000180025095e-35 1.0000000180025095e-35 1.0000000180025095e-35 1.0000000180025095e-35 1.0000000180025095e-35 1.0000000180025095e-35 2.960985660552979 15.798768043518068 1.0000000180025095e-35 1.0000000180025095e-35 1.0000000180025095e-35 1.0000000180025095e-35 1.0000000180025095e-35 1.0000000180025095e-35 1.0000000180025095e-35 1.0000000180025095e-35 1.0000000180025095e-35 1.0000000180025095e-35 1.0000000180025095e-35 1.0000000180025095e-35 7.7043120861053476
decision_type=2 2 2 2 2 2 2 2 2 2 2 2 2 2 2 2 2 2 2 2 2 2 2 2 2 2 2 2 2 2
left_child=1 6 3 11 -5 9 12 27 -9 -3 -11 -2 13 14 15 -1 17 -17 -19 20 -16 22 23 -13 -25 -23 -27 -8 29 -29
right_child=2 5 -4 4 -6 -7 7 8 -10 10 -12 21 -14 -15 19 16 -18 18 -20 -21 -22 25 -24 24 -26 26 -28 28 -30 -31
leaf_value=0.14919536114290727 -0.057962281608468405 0.0022233745103102964 -0.082555499632056772 -0.027964575438592893 0.036000081230533935 0.10130932594616188 0.03749499536590125 -0.015367579823022372 0.085627643873554218 -0.020106433315998672 -0.10618971056758773 -0.081645610366211166 -0.010991285359656358 0.05348082078227815 0.022950809412507128 0.057040887614334394 0.1360279784902601 -0.056085571396730316 0.058043419008938973 0.085809366809439278 -0.04769573234839268 -0.023575302750265901 -0.096153676924434245 -0.029278159734186179 0.11840709456600081 0.012322776945311595 0.15764077188022763 0.10686080219304961 -0.066070157367926319 -0.0092786863336182194
leaf_weight=5.1346762478351584 57.791487187147141 119.72640020400286 58.591446496546268 50.12521854788065 21.202325373888016 3.595200076699256 75.001791894435883 61.260616987943649 6.3438218235969535 73.392260633409023 5.969211369752883 5.4027709662914267 15.897878259420393 101.61353380978107 29.391025871038437 25.197389498353004 5.1092799305915824 14.129272967576981 9.5164227187633514 6.8816842734813681 22.768603295087814 9.3128576502203924 8.6896479800343513 5.7224637791514397 3.6857868880033493 3.7667906731367102 2.8196336925029755 6.1101613342762002 10.487439468502998 8.6352493613958341
leaf_count=21 452 691 717 376 143 18 325 277 26 448 41 42 69 424 126 103 21 58 39 28 100 69 66 47 23 28 18 26 46 38
internal_value=-0.000779885 0.014702 -0.0421013 -0.028036 -0.00895089 -0.00729761 0.0257532 0.0136671 -0.00589046 -0.00925887 -0.0265812 -0.0420423 0.0343618 0.037643 0.0240194 0.0449891 0.0350717 0.0245111 -0.0101533 0.00303339 -0.00788766 -0.0186909 -0.0428828 -0.0116287 0.0285792 0.017067 0.0745331 0.026858 -0.00475942 0.0388469
internal_weight=833.272 606.162 227.11 168.519 71.3275 202.683 403.479 167.839 67.6044 199.088 79.3615 97.1914 235.64 219.742 118.128 59.087 53.9524 48.8431 23.6457 59.0413 52.1596 39.4 23.5007 14.811 9.40825 15.8993 6.58642 100.235 25.2329 14.7454
internal_count=4906 2925 1981 1264 519 1198 1727 738 303 1180 489 745 989 920 496 242 221 200 97 254 226 293 178 112 70 115 46 435 110 64
is_linear=0
shrinkage=0.1


Tree=13
num_leaves=31
num_cat=0
split_feature=11 14 14 6 0 0 5 5 174 12 79 24 0 95 99 67 61 15 68 133 0 9 31 0 0 53 73 137 13 15
split_gain=44.4776 11.9878 11.9056 4.36926 3.94344 6.72271 4.14556 3.84846 3.58064 3.26552 5.88725 5.08011 4.03641 5.48758 3.93278 3.43592 6.74653 7.17272 5.9515 3.2602 3.15893 3.49536 9.0506 6.34689 5.795 5.26252 5.07216 3.97648 3.00592 2.99911
threshold=1.0000000180025095e-35 1.0000000180025095e-35 1.0000000180025095e-35 1.0000000180025095e-35 2.1683777570724492 2.4503763914108281 1.0000000180025095e-35 1.0000000180025095e-35 1.0000000180025095e-35 1.0000000180025095e-35 1.0000000180025095e-35 1.0000000180025095e-35 16.735113143920902 1.0000000180025095e-35 1.0000000180025095e-35 1.0000000180025095e-35 1.0000000180025095e-35 1.0000000180025095e-35 1.0000000180025095e-35 1.0000000180025095e-35 17.166323661804203 1.0000000180025095e-35 1.0000000180025095e-35 10.380561351776125 8.7460646629333514 1.0000000180025095e-35 1.0000000180025095e-35 1.0000000180025095e-35 1.0000000180025095e-35 1.0000000180025095e-35
decision_type=2 2 2 2 2 2 2 2 2 2 2 2 2 2 2 2 2 2 2 2 2 2 2 2 2 2 2 2 2 2
left_child=2 3 4 8 -1 -6 -7 -4 9 10 12 -11 13 14 15 16 17 28 -17 -8 21 23 24 27 -23 -25 -26 29 -2 -9
right_child=1 -3 7 -5 5 6 19 20 -10 11 -12 -13 -14 -15 -16 18 -18 -19 -20 -21 -22 22 -24 25 26 -27 -28 -29 -30 -31
leaf_value=0.10012384545778591 -0.093817177691181725 -0.079844339608534876 -0.018833736721797598 -0.046763417387058609 -0.07117455149836957 0.013947767730562216 0.028837455454241663 0.014474256618857068 -0.11667230200066699 0.09824983237507677 -0.098615050084364123 -0.042222502224394803 -0.088208545869676594 -0.080302617864971643 -0.055511355399346068 0.001310705662057337 0.1809083858341235 0.131290296071087 0.14226885708301715 0.065381094925551081 -0.078238055362035999 -0.040878894829692772 0.15196688133674713 -0.092352462594110188 0.10097766544756107 0.00509837267168397 -0.027442478320984287 -0.062042835861190838 0.04317235896682757 0.082261865486291219
leaf_weight=6.5442019551992408 3.5316735655069333 54.724522367119789 113.18213935941458 62.221799798309803 7.6180223524570456 206.24019502103329 154.70625545084476 17.079753234982491 3.2391247674822798 2.7700393497943869 5.0514826551079741 36.469126418232918 3.6020800545811644 4.8244314640760413 4.6595837548375121 23.255964003503326 4.5577815100550643 4.6386373937129974 3.43817464262247 28.987233027815819 3.9650494009256354 10.876512244343763 5.8534879535436621 11.002030864357948 8.9730649664998037 11.164942800998688 4.6795087009668341 4.3931827470660201 2.9312315508723259 10.563168838620188
leaf_count=27 25 717 717 503 33 916 632 92 27 22 40 283 31 35 35 159 30 30 26 119 24 62 27 66 45 59 26 26 18 54
internal_value=-0.000759262 -0.03928 0.0132238 -0.0258419 0.0231286 0.0218611 0.0236787 -0.0066168 -0.0131995 -0.00983885 0.00473511 -0.032306 0.0141521 0.0212649 0.0316876 0.041281 0.0784686 0.0364116 0.019466 0.0346041 0.00899842 0.0130877 0.0402395 -0.00213169 0.0135774 -0.0432689 0.0569608 0.0263327 -0.031686 0.0403779
internal_weight=825.744 219.916 605.829 165.191 404.096 397.552 389.934 201.733 102.969 99.7302 60.491 39.2392 55.4396 51.8375 47.013 42.3535 15.6593 11.1015 26.6941 183.693 88.5507 84.5857 30.3826 54.2031 24.5291 22.167 13.6526 32.0361 6.46291 27.6429
internal_count=4906 1981 2925 1264 1727 1700 1667 1198 761 734 429 305 389 358 323 288 103 73 185 751 481 457 160 297 133 125 71 172 43 146
is_linear=0
shrinkage=0.1


Tree=14
num_leaves=31
num_cat=0
split_feature=11 14 14 81 45 76 22 13 98 6 0 0 31 26 67 0 13 139 0 101 83 133 127 132 10 70 16 0 0 0
split_gain=37.1336 11.04 9.64549 3.97218 4.8357 3.5012 4.59735 4.36648 5.5681 3.61388 5.01148 7.77105 3.88825 4.76702 4.15195 3.50823 3.36372 5.89372 4.42513 3.98757 4.04576 3.59396 5.71561 4.06851 5.77121 3.9072 3.20801 3.09095 3.06267 2.92673
threshold=1.0000000180025095e-35 1.0000000180025095e-35 1.0000000180025095e-35 1.0000000180025095e-35 1.0000000180025095e-35 1.0000000180025095e-35 1.0000000180025095e-35 1.0000000180025095e-35 1.0000000180025095e-35 1.0000000180025095e-35 8.4175219535827654 11.560575008392336 1.0000000180025095e-35 1.0000000180025095e-35 1.0000000180025095e-35 16.880219459533695 1.0000000180025095e-35 1.0000000180025095e-35 11.998631000518801 1.0000000180025095e-35 1.0000000180025095e-35 1.0000000180025095e-35 1.0000000180025095e-35 1.0000000180025095e-35 1.0000000180025095e-35 1.0000000180025095e-35 1.0000000180025095e-35 13.030800819396974 2.8350445032119755 8.4750170707702654
decision_type=2 2 2 2 2 2 2 2 2 2 2 2 2 2 2 2 2 2 2 2 2 2 2 2 2 2 2 2 2 2
left_child=2 3 16 26 28 6 7 15 9 12 -11 -12 14 -14 -9 -4 -1 19 -19 20 21 25 -23 -24 -25 -18 -2 29 -5 -28
right_child=1 -3 5 4 -6 -7 -8 8 -10 10 11 -13 13 -15 -16 -17 17 18 -20 -21 -22 22 23 24 -26 -27 27 -29 -30 -31
leaf_value=0.029005867887795307 -0.052986080729744693 -0.077120602363503196 0.013420403944577153 -0.12003005597326309 0.033851793939930166 0.0752345959074011 -0.06326830694173495 -0.06017209172986019 -0.10052349801218481 -0.10118053255913113 0.10126620591118307 -0.068401319637375765 -0.023401662934719007 0.12618872041256229 0.013405158097750995 -0.058895447609688081 -0.028869991174291232 0.092931024025300471 -0.010802888135990145 0.095659797668963875 0.036714856742283017 0.10846716328020074 0.083744628279252345 0.025560114791704738 -0.10040017867340152 0.011317508607855437 -0.025876484883732415 -0.054719965227976008 -0.016757840878478824 0.042649042572218215
leaf_weight=223.05110287666321 54.455464825034142 51.176818750798702 102.09277199208736 3.0669072121381751 21.337876357138157 5.1626278460025778 14.067208252847193 11.64319087564945 8.219571501016615 9.4266973957419413 4.4110749959945661 6.9571230411529541 3.685247525572775 5.0488130003213882 22.471833899617195 7.1802339404821387 65.421548590064049 13.907822519540789 5.8386893570423117 4.6498189866542807 27.273745179176331 6.5331099480390575 4.5315810441970834 9.2085394114255887 6.0124586224555978 38.388640359044075 13.693051092326643 13.018391437828539 45.108883857727051 11.439823262393473
leaf_count=939 452 717 587 23 143 28 90 72 54 65 28 44 22 26 138 44 290 58 25 19 114 28 19 40 26 169 101 112 353 80
internal_value=-0.000749997 -0.0366282 0.0118953 -0.0238459 -0.00577905 -0.00604938 -0.00819913 -0.00392242 -0.0230678 -0.0130645 -0.0472703 -0.00256712 0.0035358 0.0630706 -0.0117062 0.00866859 0.0207771 0.0106793 0.0622588 0.00439293 0.00169625 -0.00564517 0.0273854 0.000567773 -0.0241956 -0.0140088 -0.0374074 -0.0151711 -0.0233322 0.00531453
internal_weight=818.481 213.297 605.183 162.12 69.5137 200.366 195.204 181.137 71.8636 63.644 20.7949 11.3682 42.8491 8.73406 34.115 109.273 404.817 181.766 19.7465 162.019 157.37 130.096 26.2857 19.7526 15.221 103.81 92.6067 38.1513 48.1758 25.1329
internal_count=4906 1981 2925 1264 519 1198 1170 1080 449 395 137 72 258 48 210 631 1727 788 83 705 686 572 113 85 66 459 745 293 376 181
is_linear=0
shrinkage=0.1


Tree=15
num_leaves=31
num_cat=0
split_feature=11 14 14 5 12 12 132 67 0 9 62 128 5 17 104 78 67 113 140 61 12 134 81 5 9 16 6 8 81 26
split_gain=30.8685 10.1467 7.82823 3.95709 3.54633 3.31167 3.71751 5.58131 3.93817 6.14786 5.27038 4.33075 3.39199 3.35445 3.2522 3.24688 3.22459 3.05813 3.00911 3.66925 3.32542 3.04171 4.73674 2.97225 2.85578 7.44318 3.75019 2.72138 2.66775 2.72914
threshold=1.0000000180025095e-35 1.0000000180025095e-35 1.0000000180025095e-35 1.0000000180025095e-35 1.0000000180025095e-35 1.0000000180025095e-35 1.0000000180025095e-35 1.0000000180025095e-35 9.0704994201660174 1.0000000180025095e-35 1.0000000180025095e-35 1.0000000180025095e-35 1.0000000180025095e-35 1.0000000180025095e-35 1.0000000180025095e-35 1.0000000180025095e-35 1.0000000180025095e-35 1.0000000180025095e-35 1.0000000180025095e-35 1.0000000180025095e-35 1.0000000180025095e-35 1.0000000180025095e-35 1.0000000180025095e-35 1.0000000180025095e-35 1.0000000180025095e-35 1.0000000180025095e-35 1.0000000180025095e-35 1.0000000180025095e-35 1.0000000180025095e-35 1.0000000180025095e-35
decision_type=2 2 2 2 2 2 2 2 2 2 2 2 2 2 2 2 2 2 2 2 2 2 2 2 2 2 2 2 2 2
left_child=2 3 5 18 17 13 8 -8 9 10 23 12 16 -1 -15 28 -11 -4 20 -20 21 24 -23 -7 -2 -26 -27 -3 -6 -30
right_child=1 27 4 -5 15 6 7 -9 -10 11 -12 -13 -14 14 -16 -17 -18 -19 19 -21 -22 22 -24 -25 25 26 -28 -29 29 -31
leaf_value=0.098441632862586781 -0.054863736764554707 -0.093845963654672279 0.00763606949118032 -0.0040626148959272959 -0.013629118783804191 0.0067701235984211783 0.10216459389147824 0.0065934133572819733 0.016003040085425191 -0.096423258322639177 -0.026788980058282581 0.029014659917340993 -0.12074643772408096 0.026587933909524394 -0.038544834726780601 0.053494408382608133 0.0052065521289209934 -0.06585836204105136 -0.04861857636486322 0.10786886714953302 -0.064740610852480882 -0.033934367644809858 0.14123222953788195 0.091924363803635778 -0.057514371218695598 0.14381901612902723 -0.00041554390368809537 -0.04521108874717758 -0.093956466785067361 -0.027095395482998087
leaf_weight=6.2755043208599082 25.650170102715492 28.742943033576012 123.43891809135675 69.845711275935173 39.870504684746265 7.8343313187360772 9.8361062407493609 16.133110612630844 81.985943764448166 5.6294924467802083 18.211797922849655 5.1194701790809622 8.8650984168052673 222.04601579904556 7.9403150081634513 5.0573296770453444 7.0091017633676529 5.9338777065277091 2.8881066143512717 3.1138538643717766 34.129305593669415 3.6243972331285468 2.689142607152462 8.5968333929777145 10.171144962310793 3.7897245660424224 3.4380357339978218 19.184243373572826 10.553235180675983 14.483295433223248
leaf_count=27 215 430 694 489 266 37 42 69 358 26 80 22 37 929 33 33 32 34 24 26 312 31 21 35 88 29 29 287 73 98
internal_value=-0.000730839 -0.0340355 0.0106824 -0.0219009 -0.00554359 0.0186591 0.00798074 0.042792 0.00167004 -0.0175103 0.0102596 -0.0536454 -0.0733246 0.0263075 0.0243392 -0.0236811 -0.0400615 0.00426514 -0.0358228 0.0325681 -0.0407392 -0.0241447 0.0406748 0.0513231 -0.033651 -0.00237838 0.0752108 -0.0743784 -0.0296944 -0.0552782
internal_weight=812.087 207.267 604.82 159.34 199.337 405.483 169.221 25.9692 143.252 61.2661 34.643 26.6232 21.5037 236.262 229.986 69.9644 12.6386 129.373 89.4939 6.00196 83.4919 49.3626 6.31354 16.4312 43.0491 17.3989 7.22776 47.9272 64.907 25.0365
internal_count=4906 1981 2925 1264 1198 1727 738 111 627 269 152 117 95 989 962 470 58 728 775 50 725 413 52 72 361 146 58 717 437 171
is_linear=0
shrinkage=0.1


Tree=16
num_leaves=31
num_cat=0
split_feature=11 14 14 6 152 174 6 126 113 94 15 54 84 34 49 12 69 12 0 70 67 67 8 0 0 7 81 134 81 79
split_gain=25.6888 9.26849 6.33722 3.72155 3.38292 3.24226 3.21913 6.5367 3.98376 3.51487 6.10498 5.84772 3.43867 3.205 3.40597 4.2018 5.7157 3.18545 3.13544 4.09975 3.29105 2.98079 3.67153 5.35439 2.98256 5.4 2.91368 2.88289 2.94797 2.8583
threshold=1.0000000180025095e-35 1.0000000180025095e-35 1.0000000180025095e-35 1.0000000180025095e-35 1.0000000180025095e-35 1.0000000180025095e-35 1.0000000180025095e-35 1.0000000180025095e-35 1.0000000180025095e-35 1.0000000180025095e-35 1.0000000180025095e-35 1.0000000180025095e-35 1.0000000180025095e-35 1.0000000180025095e-35 1.0000000180025095e-35 1.0000000180025095e-35 1.0000000180025095e-35 1.0000000180025095e-35 9.9206023216247576 1.0000000180025095e-35 1.0000000180025095e-35 1.0000000180025095e-35 1.0000000180025095e-35 15.924708843231203 12.803559303283693 1.0000000180025095e-35 1.0000000180025095e-35 1.0000000180025095e-35 1.0000000180025095e-35 1.0000000180025095e-35
decision_type=2 2 2 2 2 2 2 2 2 2 2 2 2 2 2 2 2 2 2 2 2 2 2 2 2 2 2 2 2 2
left_child=2 3 6 5 17 27 8 9 -1 11 -11 -8 13 14 15 18 26 -4 -13 -20 -21 -5 23 -23 25 -24 -17 29 -29 -2
right_child=1 -3 4 21 -6 -7 7 -9 -10 10 -12 12 -14 -15 -16 16 -18 -19 19 20 -22 22 24 -25 -26 -27 -28 28 -30 -31
leaf_value=0.021431572948851091 -0.0052700281364113262 -0.071626657745948091 0.0025189667176736185 -0.068223948411855542 0.090166685723182496 -0.11397915829691863 -0.0051397797572327042 -0.11018133963881921 0.079093167989022842 -0.092163444478085818 0.034485920531817732 0.081424349382868744 0.10712991826066219 -0.019488239022262863 0.10268391050529102 -0.0083446063792707113 0.077635858683653816 -0.024319046214902818 -0.043738636029736856 0.10797314570890496 0.0075078572971504498 -0.064297419221957267 0.10238107719661758 0.095582687008610348 -0.058684185685295757 -0.055186744459766013 -0.10353578153854195 -0.0065465780614444649 0.101899669124391 -0.067756228904883684
leaf_weight=215.074916690588 77.888151362538338 44.962781213223934 127.05783105641603 22.976206757128239 3.6638067215681067 2.8216103166341773 78.259716346859932 4.6598638594150534 12.688621103763579 8.5452780276536924 6.8627741634845725 16.07293726503849 5.8510866016149512 12.136886999011038 6.9475271999835959 8.7161347717046755 5.4299497604370108 67.837433613836765 6.4126939326524743 6.0489757508039474 7.0735642313957214 19.453400492668155 6.3611069843173009 2.347466565668582 3.5489675998687735 3.3050680831074715 5.095183625817298 5.2252444550394994 4.8178973942995071 8.0798928886651975
leaf_count=908 596 717 716 199 18 27 337 20 53 37 30 67 24 53 30 39 24 464 27 25 30 171 52 20 32 29 23 39 32 67
internal_value=-0.000707183 -0.031601 0.00960658 -0.0201254 -0.00503293 -0.00832523 0.0167684 0.00669751 0.0246439 0.0098375 -0.0357536 0.0142823 0.033333 0.0274928 0.0367198 0.0283644 -0.00928773 -0.00682257 0.0487102 0.021794 0.0538184 -0.0402358 -0.021871 -0.0470819 0.0197193 0.0485053 -0.0434619 -0.00522024 0.0454773 -0.0111429
internal_weight=806.223 201.788 604.435 156.825 198.559 98.8328 405.876 178.113 227.764 173.453 15.4081 158.045 79.7849 73.9339 61.797 54.8494 19.2413 194.895 35.6082 19.5352 13.1225 57.9922 35.016 21.8009 13.2151 9.66618 13.8113 96.0112 10.0431 85.968
internal_count=4906 1981 2925 1264 1198 761 1727 766 961 746 67 679 342 318 265 235 86 1180 149 82 55 503 304 191 113 81 62 734 71 663
is_linear=0
shrinkage=0.1


Tree=17
num_leaves=31
num_cat=0
split_feature=11 14 5 27 14 5 113 81 9 61 8 155 6 84 24 1 53 9 1 51 0 80 12 8 15 61 60 7 81 54
split_gain=21.3557 8.4145 6.09459 3.92721 4.10619 3.34117 3.01871 3.70493 4.90824 3.99215 4.20878 2.92694 3.33291 4.55379 4.90558 4.72396 4.06232 6.33398 7.98293 3.98755 4.62218 3.78467 4.53426 3.73992 4.86327 4.26633 4.10011 3.92475 3.59916 3.51053
threshold=1.0000000180025095e-35 1.0000000180025095e-35 1.0000000180025095e-35 1.0000000180025095e-35 1.0000000180025095e-35 1.0000000180025095e-35 1.0000000180025095e-35 1.0000000180025095e-35 1.0000000180025095e-35 1.0000000180025095e-35 1.0000000180025095e-35 1.0000000180025095e-35 1.0000000180025095e-35 1.0000000180025095e-35 1.0000000180025095e-35 -0.13499125093221662 1.0000000180025095e-35 1.0000000180025095e-35 0.099551297724246993 1.0000000180025095e-35 14.47091054916382 1.0000000180025095e-35 1.0000000180025095e-35 1.0000000180025095e-35 1.0000000180025095e-35 1.0000000180025095e-35 1.0000000180025095e-35 1.0000000180025095e-35 1.0000000180025095e-35 1.0000000180025095e-35
decision_type=2 2 2 2 2 2 2 2 2 2 2 2 2 2 2 2 2 2 2 2 2 2 2 2 2 2 2 2 2 2
left_child=2 5 3 -1 -5 6 7 8 -2 -10 -11 12 13 14 -4 21 17 18 28 20 23 22 -16 25 -25 26 -14 -27 -17 -15
right_child=1 -3 11 4 -6 -7 -8 -9 9 10 -12 -13 19 29 15 16 -18 -19 -20 -21 -22 -23 -24 24 -26 27 -28 -29 -30 -31
leaf_value=-0.083064060487208824 -0.08310510954393302 -0.068840511802757978 0.10485059296457983 0.0088992497121581117 -0.015014661181635598 -0.0020694280663386797 0.051007936811636193 -0.011985241150766504 -0.050374861013646868 -0.018285511880045385 0.14237486528757334 -0.045503067440480577 0.020273246420152657 -0.097527753426537245 0.08098998722415264 -0.022736629343270257 0.039746086098731356 0.041328941655976337 -0.079276724156768494 -0.024709181328780014 0.11243969392657144 -0.032310468350957654 0.022357421171156789 0.018538093568186177 -0.072250794993100095 -0.046018941914768775 0.095226646241307916 0.067869360411391549 0.078932837512144333 0.020240443015006875
leaf_weight=5.6735597848892203 26.17604898661375 42.246808234602213 9.2309927493333799 213.70034626126289 108.13492909818888 68.819960787892342 4.2011316791176787 36.065651178359985 12.423508435487749 4.1551494076848021 2.6837106868624687 6.743283972144126 17.598934926092625 4.7625533342361432 34.441449262201786 7.7015078216791171 37.100375257432461 19.009555637836456 16.533403918147087 28.570395335555077 4.9665164351463309 4.9961962550878516 21.375240206718445 14.262063182890415 10.06329134106636 10.757401362061499 12.468936510384085 4.2101506590843192 6.3551768362522125 5.4022824317216873
leaf_count=31 254 717 40 933 704 489 38 304 117 39 23 31 79 20 153 33 163 82 85 133 23 22 97 66 43 53 60 21 27 26
internal_value=-0.000679772 -0.0292916 0.00864051 -0.000589619 0.000864304 -0.018479 -0.0316556 -0.0359165 -0.0549113 -0.0165981 0.044761 0.0195715 0.0211979 0.0299245 0.0341309 0.0297054 0.014718 -0.00400292 -0.0321734 0.00704245 0.0192473 0.0510727 0.0585364 0.0125744 -0.0190209 0.0296402 0.0513559 -0.0139838 0.0232292 -0.0349378
internal_weight=800.831 196.772 604.059 327.509 321.835 154.525 85.7052 81.5041 45.4384 19.2624 6.83886 276.55 269.806 166.909 156.744 147.513 86.7 49.5996 30.5901 102.898 74.3273 60.8129 55.8167 69.3608 24.3254 45.0354 30.0679 14.9676 14.0567 10.1648
internal_count=4906 1981 2925 1668 1637 1264 775 737 433 179 62 1257 1226 748 702 662 390 227 145 478 345 272 250 322 109 213 139 74 60 46
is_linear=0
shrinkage=0.1


Tree=18
num_leaves=31
num_cat=0
split_feature=11 14 238 5 83 31 21 68 1 13 6 8 56 54 46 44 10 41 8 10 39 108 12 174 0 0 128 16 0 10
split_gain=17.717 7.60489 5.59585 5.20699 3.2819 4.29399 5.11345 3.40269 3.49769 3.18903 3.1851 3.03061 3.0106 6.00723 5.29978 5.02411 4.95953 4.27613 3.88727 4.47906 3.21666 3.02379 5.78491 2.99283 2.93651 3.21198 4.7328 6.03872 4.16793 3.86581
threshold=1.0000000180025095e-35 1.0000000180025095e-35 1.0000000180025095e-35 1.0000000180025095e-35 1.0000000180025095e-35 1.0000000180025095e-35 1.0000000180025095e-35 1.0000000180025095e-35 0.93231424689292919 1.0000000180025095e-35 1.0000000180025095e-35 1.0000000180025095e-35 1.0000000180025095e-35 1.0000000180025095e-35 1.0000000180025095e-35 1.0000000180025095e-35 1.0000000180025095e-35 1.0000000180025095e-35 1.0000000180025095e-35 1.0000000180025095e-35 1.0000000180025095e-35 1.0000000180025095e-35 1.0000000180025095e-35 1.0000000180025095e-35 2.2505134344100957 3.1252566576004033 1.0000000180025095e-35 1.0000000180025095e-35 5.0171115398406991 1.0000000180025095e-35
decision_type=2 2 2 2 2 2 2 2 2 2 2 2 2 2 2 2 2 2 2 2 2 2 2 2 2 2 2 2 2 2
left_child=2 10 3 9 7 6 -6 8 12 24 23 -3 14 16 -5 -15 -14 21 19 20 -16 -17 -23 -2 -1 -26 28 -28 29 -27
right_child=1 11 -4 4 5 -7 -8 -9 -10 -11 -12 -13 13 15 18 17 -18 -19 -20 -21 -22 22 -24 -25 25 26 27 -29 -30 -31
leaf_value=0.091396814733904375 -0.0031025322637469183 -0.089075387928240157 -0.095364510086615617 -0.04786673884040657 0.042968937107154208 -0.021107472548172777 0.14826831423035777 -0.010745675994204196 0.10785496527703071 -0.010922491271103094 -0.036049730087169912 -0.032960468099799113 -0.094459490399585386 0.1231464941043067 0.018054558745408091 0.01041333530132608 0.022249996017463563 -0.064736652805673062 0.072693192071658114 0.055293590063905051 -0.068504411034923982 0.11994827875895853 -0.025622995205766524 -0.11248482871787653 -0.052630952364912345 -0.083445149788890879 0.17621876418178184 -0.0023256160947673142 0.011939930693767154 0.013987402515868011
leaf_weight=4.2250315099954596 94.415622420608997 23.438996113836765 5.2150149792432776 7.1729155629873267 29.265636868774891 8.1455860435962659 5.4743733853101721 44.44799392670393 4.4287178143858901 145.00695811212063 55.436796791851521 16.329520106315613 9.6198906004428846 4.2533149123191825 12.23778957128525 71.212518118321896 5.8584506362676612 6.7315344959497443 25.987046889960766 20.411016032099724 6.6132103353738776 7.2814280912280065 4.3672060742974281 2.5695025697350493 8.5821696519851667 9.3587453737854975 3.8043490350246421 3.7730400413274765 142.62414926290512 7.2090980112552634
leaf_count=21 734 430 26 33 133 36 24 202 20 758 503 287 44 21 57 329 25 32 113 90 30 33 21 27 45 49 21 19 707 36
internal_value=-0.000649284 -0.0270903 0.00777382 0.00867313 0.0188376 0.04424 0.0595621 0.014114 0.020049 0.000108045 -0.0169296 -0.0660338 0.0179094 0.00743401 0.0337225 0.0169539 -0.0502857 0.0119125 0.0426917 0.0228341 -0.0123116 0.0181394 0.0653719 -0.00600048 0.00901513 0.00703018 0.0101004 0.0873154 0.00642505 -0.0410497
internal_weight=795.498 192.19 603.307 598.092 273.509 42.8856 34.74 230.623 186.175 324.584 152.422 39.7685 181.746 109.324 72.422 93.846 15.4783 89.5927 65.2491 39.262 18.851 82.8612 11.6486 96.9851 179.577 175.352 166.769 7.57739 159.192 16.5678
internal_count=4906 1981 2925 2899 1243 193 157 1050 848 1656 1264 717 828 505 323 436 69 415 290 177 87 383 54 761 898 877 832 40 792 85
is_linear=0
shrinkage=0.1


Tree=19
num_leaves=31
num_cat=0
split_feature=11 14 238 143 14 0 0 12 104 0 0 140 8 133 5 78 26 10 0 0 12 9 32 9 81 73 95 9 0 0
split_gain=14.6505 6.85637 4.64155 5.15667 4.86849 3.25531 4.29672 3.11356 4.06283 3.29353 3.10685 2.94056 2.92879 3.01395 2.8371 4.10777 3.35248 3.00892 3.49604 5.87131 5.25767 5.4759 2.96723 3.36757 2.92174 2.8404 5.66054 3.08947 2.88477 11.0653
threshold=1.0000000180025095e-35 1.0000000180025095e-35 1.0000000180025095e-35 1.0000000180025095e-35 1.0000000180025095e-35 2.088980078697205 2.4503763914108281 1.0000000180025095e-35 1.0000000180025095e-35 15.368925571441652 2.7748117446899419 1.0000000180025095e-35 1.0000000180025095e-35 1.0000000180025095e-35 1.0000000180025095e-35 1.0000000180025095e-35 1.0000000180025095e-35 1.0000000180025095e-35 13.351129055023195 15.51813840866089 1.0000000180025095e-35 1.0000000180025095e-35 1.0000000180025095e-35 1.0000000180025095e-35 1.0000000180025095e-35 1.0000000180025095e-35 1.0000000180025095e-35 1.0000000180025095e-35 14.47091054916382 15.979465961456301
decision_type=2 2 2 2 2 2 2 2 2 2 2 2 2 2 2 2 2 2 2 2 2 2 2 2 2 2 2 2 2 2
left_child=2 7 3 4 5 -1 -7 8 9 -2 -8 -9 -3 -14 25 17 -17 -16 20 -20 22 24 23 -19 -22 28 27 -27 -12 -30
right_child=1 12 -4 -5 -6 6 10 11 -10 -11 14 -13 13 -15 15 16 -18 18 19 -21 21 -23 -24 -25 -26 26 -28 -29 29 -31
leaf_value=0.097096492658134484 0.0073418821080663129 -0.087145662884111796 -0.088161419553510562 0.11942069415666307 -0.0059456721446700701 -0.05609067008319843 0.073625632927698539 -0.039888723974622613 -0.11768692699703226 -0.049239505136503443 -0.011665991766066692 0.046499239705822537 -0.047872775067362677 0.079333434457774493 0.0049070811453899021 0.01407177053131954 0.11314337756626876 0.058896346229233912 -0.045596360883313113 0.055695528961267428 0.094633896927094396 -0.068448895782797239 0.011793159533412683 0.13571205061389158 -0.0023563532531358749 0.011346589860211059 -0.040114088487906104 0.056165104624162444 0.098227854625069971 -0.034363350484245624
leaf_weight=4.5875085890293112 77.478535525500774 21.654464304447174 5.0839715972542754 4.1099431663751593 194.64100643992424 8.9593331068754178 8.5342642217874509 53.916719876229763 3.0421250537037841 11.862743675708769 104.31620487570763 4.2509106993675223 13.706797719001768 2.1555044800043097 86.894137650728226 5.6935181766748402 8.5371451824903488 14.121945247054104 12.569651439785959 10.505065992474554 6.0959890484809893 6.4316347539424887 6.1118189394474021 9.5777923613786697 6.3320137411355972 32.150735959410667 12.87592066824436 29.486301317811012 11.542041674256327 13.842934742569922
leaf_count=19 610 430 26 19 1179 39 36 486 26 108 456 34 248 39 357 24 36 59 51 43 25 27 25 40 26 141 58 126 50 63
internal_value=-0.000615308 -0.0249834 0.00698477 0.00779378 0.00702117 0.0133441 0.0123703 -0.0154519 -0.00404072 -0.000171 0.0139609 -0.0335755 -0.0632323 -0.0305869 0.0126106 0.0220381 0.073506 0.0174213 0.0325777 0.000518093 0.0477769 0.00645444 0.0739187 0.0899399 0.0452178 0.00462997 0.0201897 0.0327871 -0.00430907 0.0259232
internal_weight=791.069 188.068 603.001 597.917 593.807 399.166 394.578 150.551 92.3834 89.3413 385.619 58.1676 37.5168 15.8623 377.085 172.871 14.2307 158.64 71.7459 23.0747 48.6712 18.8596 29.8116 23.6997 12.428 204.214 74.513 61.637 129.701 25.385
internal_count=4906 1981 2925 2899 2880 1701 1682 1264 744 718 1643 520 717 287 1607 713 60 653 296 94 202 78 124 99 51 894 325 267 569 113
is_linear=0
shrinkage=0.1


Tree=20
num_leaves=31
num_cat=0
split_feature=11 14 13 96 139 14 7 1 46 93 48 81 45 113 0 9 16 0 71 26 12 5 67 8 69 54 72 102 21 139
split_gain=12.1316 6.1513 3.9897 3.32845 3.54735 4.72432 3.4366 7.35242 3.90444 3.83684 4.16673 2.88914 4.0825 3.11865 4.1542 3.56713 3.29615 3.05874 2.96496 2.95706 3.0911 2.82185 5.92636 2.81166 2.71829 5.34614 3.14358 3.66437 3.14828 3.40227
threshold=1.0000000180025095e-35 1.0000000180025095e-35 1.0000000180025095e-35 1.0000000180025095e-35 1.0000000180025095e-35 1.0000000180025095e-35 1.0000000180025095e-35 -0.75906911492347706 1.0000000180025095e-35 1.0000000180025095e-35 1.0000000180025095e-35 1.0000000180025095e-35 1.0000000180025095e-35 1.0000000180025095e-35 12.803559303283693 1.0000000180025095e-35 1.0000000180025095e-35 8.4750170707702654 1.0000000180025095e-35 1.0000000180025095e-35 1.0000000180025095e-35 1.0000000180025095e-35 1.0000000180025095e-35 1.0000000180025095e-35 1.0000000180025095e-35 1.0000000180025095e-35 1.0000000180025095e-35 1.0000000180025095e-35 1.0000000180025095e-35 1.0000000180025095e-35
decision_type=2 2 2 2 2 2 2 2 2 2 2 2 2 2 2 2 2 2 2 2 2 2 2 2 2 2 2 2 2 2
left_child=2 11 -1 4 6 -6 7 -4 -9 10 -8 13 24 14 16 -16 -2 19 -14 -18 -21 22 -19 -3 26 -26 27 28 29 -13
right_child=1 23 3 -5 5 -7 9 8 -10 -11 -12 12 18 -15 15 -17 17 21 -20 20 -22 -23 -24 -25 25 -27 -28 -29 -30 -31
leaf_value=0.013354924511870526 -0.03651647090070987 -0.085173395522013778 0.16805181995633911 -0.035493558584711649 0.068981776806944797 -0.028540889472655914 -0.072943039710277185 -0.10952722017219536 -0.01331900687405361 -0.078481480570811279 0.024266796312457716 -0.055393873091127067 0.018354593658268078 0.059968302660404899 -0.093771168204892452 -0.017861890106781096 -0.092869234369979028 0.10026486314075947 0.11006774175694739 0.054111483255364294 -0.077723630063373475 0.10138350049347332 -0.11483098899195227 -0.028392659927808081 -0.077689245318550731 0.098155378845654756 -0.11563075526615395 0.079771427741543346 0.044682110933459626 0.062703877964738738
leaf_weight=343.61007262021303 30.294022127985954 20.024639964103699 2.1920506507158271 28.247005924582481 15.715453594923021 7.2631537765264502 4.7017180770635596 4.3716950789093962 120.19644068926573 4.3382767066359511 70.911033987998962 22.520087264478214 16.27211253345013 3.9715632796287528 15.630334734916687 10.250259384512901 3.8664934039115915 2.7191765010356885 4.4997238069772711 5.7073105052113533 2.5835686326026917 5.6371934339404106 2.421735480427742 15.449107654392717 2.6137330532073966 5.1074735671281815 3.5816961228847495 3.4998203217983237 4.9409305825829497 2.7357572242617598
leaf_count=1642 277 430 10 145 66 49 24 23 593 22 351 189 116 35 162 96 31 22 27 43 23 34 22 287 23 43 32 27 41 21
internal_value=-0.000578775 -0.023024 0.00629892 -0.00310072 0.000882912 0.0381565 -0.00326053 -0.0135006 -0.0166954 0.0129748 0.0182221 -0.0141061 0.00155204 -0.0265018 -0.0308428 -0.0637066 -0.0148642 0.0137348 0.0382221 -0.0206502 0.0130296 0.05252 -0.00106059 -0.0604449 -0.0153749 0.0386296 -0.0265605 -0.017093 -0.0283196 -0.0426013
internal_weight=785.874 184.327 601.547 257.937 229.69 22.9786 206.711 126.76 124.568 79.951 75.6128 148.853 65.7713 83.0817 79.1101 25.8806 53.2295 22.9355 20.7718 12.1574 8.29088 10.7781 5.14091 35.4737 44.9995 7.72121 37.2783 33.6966 30.1968 25.2558
internal_count=4906 1981 2925 1283 1138 115 1023 626 616 397 375 1264 519 745 710 258 452 175 143 97 66 78 44 717 376 66 310 278 251 210
is_linear=0
shrinkage=0.1


Tree=21
num_leaves=31
num_cat=0
split_feature=11 14 238 143 12 0 9 126 174 23 64 68 93 51 6 94 26 83 16 73 0 0 50 0 26 0 80 0 62 0
split_gain=10.1037 5.44858 3.88322 4.23417 4.0307 6.90346 4.18212 6.51972 4.99434 6.39696 4.82152 4.04968 5.75575 5.36331 3.60064 4.07803 3.65085 3.47423 4.14398 5.06176 3.5188 3.44248 7.77017 6.0378 4.92348 6.46406 3.38546 3.97669 3.25104 4.67938
threshold=1.0000000180025095e-35 1.0000000180025095e-35 1.0000000180025095e-35 1.0000000180025095e-35 1.0000000180025095e-35 2.1683777570724492 1.0000000180025095e-35 1.0000000180025095e-35 1.0000000180025095e-35 1.0000000180025095e-35 1.0000000180025095e-35 1.0000000180025095e-35 1.0000000180025095e-35 1.0000000180025095e-35 1.0000000180025095e-35 1.0000000180025095e-35 1.0000000180025095e-35 1.0000000180025095e-35 1.0000000180025095e-35 1.0000000180025095e-35 8.6036963462829608 11.296372413635256 1.0000000180025095e-35 11.741273403167726 1.0000000180025095e-35 6.7802875041961679 1.0000000180025095e-35 3.639972567558289 1.0000000180025095e-35 7.0266940593719491
decision_type=2 2 2 2 2 2 2 2 2 2 2 2 2 2 2 2 2 2 2 2 2 2 2 2 2 2 2 2 2 2
left_child=2 -2 3 4 6 -6 7 8 9 -1 -8 21 13 -13 16 26 -7 18 19 -18 -19 22 -11 -23 -24 -26 27 -16 29 -29
right_child=1 -3 -4 -5 5 14 10 -9 -10 11 -12 12 -14 -15 15 -17 17 20 -20 -21 -22 23 24 -25 25 -27 -28 28 -30 -31
leaf_value=0.096572318151518483 -0.013005203821074084 -0.057636857975943458 -0.082488032526197935 0.10725483256214362 0.15069009755699259 -0.015860431834556273 0.028922929158269873 -0.10884773953173442 -0.081956440713303352 -0.0086168861045283745 -0.037854071512738952 -0.034257809803640883 -0.041592212497993199 0.086372626216461176 -0.071715461858352661 -0.092911450006744389 0.0066283659771493768 0.11523848807074821 -0.022769675474702086 0.08588503937307379 0.016360639715573173 -0.13498713855254152 0.0027111898609229329 -0.01327437757496808 -0.0087065516266210813 0.13137064140730545 -0.084692020869184953 0.027741051973997306 0.014553455304832433 -0.067650546718395918
leaf_weight=7.8890626430511466 147.05907966941595 33.602453421801329 4.9565800204873076 4.133159711956977 2.8301531672477713 57.784866347908974 151.58301252871752 5.1220591515302649 6.3169020265340796 85.18285670876503 11.643128238618372 4.6104431301355424 6.9648654311895362 18.375365853309631 9.0918365046381933 7.4696505293250075 30.917519077658653 6.597272723913191 27.362423539161682 10.898553684353827 7.919653944671154 4.7204485535621634 11.322420254349709 29.841786161065102 4.7104299664497384 10.958319693803785 6.5460594445466986 8.1469924077391642 43.956869207322598 13.94387227296829
leaf_count=36 1264 717 26 19 13 297 702 24 31 417 53 22 33 84 48 39 154 33 141 55 38 23 54 141 21 49 34 43 223 72
internal_value=-0.000566874 -0.0213065 0.00565925 0.00639129 0.00568793 -0.0045415 0.0123359 0.00248999 0.00547742 0.00846974 0.0241596 0.00453597 0.0380459 0.0621768 -0.00644637 -0.0221862 0.00347228 0.0168199 0.00748675 0.0272851 0.0612961 -0.00230383 0.00619819 -0.0298977 0.0529539 0.0892598 -0.0157189 -0.00971 -0.00117461 -0.0324706
internal_weight=782.458 180.662 601.797 596.84 592.707 233.466 359.241 196.015 190.893 184.576 163.226 176.687 29.9507 22.9858 230.636 89.1553 141.48 83.6954 69.1785 41.8161 14.5169 146.736 112.174 34.5622 26.9912 15.6687 81.6856 75.1396 66.0477 22.0909
internal_count=4906 1981 2925 2899 2880 1190 1690 935 911 880 755 844 139 106 1177 459 718 421 350 209 71 705 541 164 124 70 420 386 338 115
is_linear=0
shrinkage=0.1


Tree=22
num_leaves=31
num_cat=0
split_feature=11 5 13 137 61 9 14 80 0 0 6 128 26 103 108 26 0 152 67 0 1 129 23 9 15 6 67 58 0 134
split_gain=8.30391 4.843 4.17719 6.01447 3.82235 6.66937 3.67728 3.6579 3.57598 6.25728 3.12339 3.10681 3.07726 2.92626 2.83752 4.02709 3.13135 2.76063 2.75821 4.11254 2.70768 4.03845 2.68173 2.66618 3.97623 4.67189 7.60495 5.95396 3.73196 7.61445
threshold=1.0000000180025095e-35 1.0000000180025095e-35 1.0000000180025095e-35 1.0000000180025095e-35 1.0000000180025095e-35 1.0000000180025095e-35 1.0000000180025095e-35 1.0000000180025095e-35 5.7987680435180673 11.296372413635256 1.0000000180025095e-35 1.0000000180025095e-35 1.0000000180025095e-35 1.0000000180025095e-35 1.0000000180025095e-35 1.0000000180025095e-35 17.006159782409672 1.0000000180025095e-35 1.0000000180025095e-35 11.741273403167726 -0.62780439853668202 1.0000000180025095e-35 1.0000000180025095e-35 1.0000000180025095e-35 1.0000000180025095e-35 1.0000000180025095e-35 1.0000000180025095e-35 1.0000000180025095e-35 5.542778968811036 1.0000000180025095e-35
decision_type=2 2 2 2 2 2 2 2 2 2 2 2 2 2 2 2 2 2 2 2 2 2 2 2 2 2 2 2 2 2
left_child=6 2 3 4 11 10 13 14 -7 -10 18 22 -9 -1 16 -16 23 -8 19 -6 -5 -22 -2 24 28 26 -26 -28 -3 -30
right_child=1 7 -4 20 5 8 17 12 9 -11 -12 -13 -14 -15 15 -17 -18 -19 -20 -21 21 -23 -24 -25 25 -27 27 -29 29 -31
leaf_value=0.011678869103100294 0.042698013059810379 -0.075956895937278529 -0.058823735788097159 -0.038696116947848372 0.16910755125032176 0.22094438878724856 -0.0077233701641132788 0.16065600268732133 -0.051272635826011964 0.15059554233812406 -0.11026580738451733 0.03761252396602166 0.016183298462007261 -0.053910755618234697 -0.023612508445309995 0.17245237108807218 -0.113999396329375 0.079226373666291608 -0.073153270309400817 -0.050145039394526872 0.023412642049015338 0.21948663294709292 -0.063437131919778067 -0.034506992678358848 0.22052492016433503 -0.020685656027493261 0.13804607117138559 -0.083665357904239679 -0.016902908391750175 0.16158065315954737
leaf_weight=396.29672759771347 2.5781813487410536 7.1322093158960369 40.339429199695587 1.4080675244331358 1.7582085803151151 1.4825608581304539 194.24282228946686 2.4397720061242572 3.1252158619463444 3.018631462007761 4.0517503023147583 4.0293129980564109 3.7257451005280018 6.9208778589963904 2.1306323446333399 2.0608908906579018 2.881874728947877 3.7214583605527869 2.670874360948801 1.6662640161812303 2.0990815572440615 2.1027143262326717 31.07262797281146 23.025056704878807 3.1956119500100595 5.2274556905031195 2.3117879703640938 2.5442981161177158 16.760054174810652 2.7878305353224269
leaf_count=1698 32 72 487 21 21 15 1180 21 35 36 56 51 34 29 22 18 31 18 37 24 19 26 402 219 27 51 21 20 162 21
internal_value=-0.000539728 -0.0195363 -0.0338523 -0.0173559 -0.0273379 0.0108891 0.00507303 -0.000491123 0.0815479 0.0479104 -0.0422171 -0.0453693 0.0733529 0.0105531 -0.00698986 0.0727888 -0.0120667 -0.00608883 0.00301677 0.0624246 0.0813168 0.121534 -0.0553055 -0.00740276 0.00821506 0.0529282 0.100721 0.0218826 -0.0140395 0.00855161
internal_weight=778.808 177.626 101.403 61.0635 55.4536 17.7735 601.182 76.2232 7.62641 6.14385 10.1471 37.6801 6.16552 403.218 70.0577 4.19152 65.8662 197.964 6.09535 3.42447 5.60986 4.2018 33.6508 62.9843 39.9592 13.2792 8.0517 4.85609 26.6801 19.5479
internal_count=4906 1981 1262 775 709 224 2925 719 86 71 138 485 55 1727 664 40 624 1198 82 45 66 45 434 593 374 119 68 41 255 183
is_linear=0
shrinkage=0.1


Tree=23
num_leaves=31
num_cat=0
split_feature=11 14 5 0 130 0 1 21 15 12 0 0 57 27 16 7 81 12 0 0 73 84 21 0 26 0 62 8 8 8
split_gain=6.95979 4.78065 3.2477 4.91462 3.05389 6.38083 3.46823 4.94152 3.95706 4.95945 3.48169 3.63965 3.64362 3.36885 3.09479 4.62444 3.47368 2.99831 4.33382 4.0452 4.63138 3.93904 3.92098 3.71182 3.52569 5.79265 3.05625 2.91971 2.89766 2.63883
threshold=1.0000000180025095e-35 1.0000000180025095e-35 1.0000000180025095e-35 2.1683777570724492 1.0000000180025095e-35 5.4524297714233407 -0.46931324899196619 1.0000000180025095e-35 1.0000000180025095e-35 1.0000000180025095e-35 4.0835044384002694 3.5414099693298344 1.0000000180025095e-35 1.0000000180025095e-35 1.0000000180025095e-35 1.0000000180025095e-35 1.0000000180025095e-35 1.0000000180025095e-35 6.635181427001954 10.035592079162599 1.0000000180025095e-35 1.0000000180025095e-35 1.0000000180025095e-35 11.824777603149416 1.0000000180025095e-35 14.351813793182375 1.0000000180025095e-35 1.0000000180025095e-35 1.0000000180025095e-35 1.0000000180025095e-35
decision_type=2 2 2 2 2 2 2 2 2 2 2 2 2 2 2 2 2 2 2 2 2 2 2 2 2 2 2 2 2 2
left_child=2 -2 3 -1 13 6 7 10 9 -8 11 14 -13 -5 16 -16 -6 21 26 22 29 -15 -20 -23 -22 -26 -19 -12 -3 -21
right_child=1 28 -4 4 5 -7 8 -9 -10 -11 27 12 -14 17 15 -17 -18 18 19 20 24 23 -24 -25 25 -27 -28 -29 -30 -31
leaf_value=0.10289192846954116 -0.010396895031223666 -0.081102536789012775 0.012581928874609469 -0.076608866029754696 0.0032819971386479139 -0.10246634316846187 -0.085183064537894274 -0.10898054387020002 0.092581377270286688 0.062962195884684838 -0.012057723280078501 0.10855630105528169 -0.0088358030510816386 0.0078835177333634564 0.069877529606219374 -0.056421381682215603 -0.09278502222761259 0.12241383644614111 -0.064797258379378372 -0.001648581461061664 -0.0038376430142791139 0.10919507713926867 0.047742639868005546 -0.0051393854586040746 0.1364367525422491 -0.0089146599611583856 -0.0014692569341380878 -0.1076379285826916 -0.019830119503954885 -0.055713720877345163
leaf_weight=4.391982950270175 143.70089044049382 17.18537237867713 274.53084027022123 5.3302503302693358 7.2551601454615593 8.4923501685261709 4.505041263997553 5.8831388577818862 6.2561180442571631 4.5339975357055664 6.7656953260302526 5.5665812715888006 5.0358296483755112 128.9539167881012 7.5122471526265144 4.7209605500102043 7.8218599483370781 3.9945851713418952 22.530164502561096 21.382726155221462 12.806368924677372 7.7438528090715391 3.5890275985002509 4.483349472284317 6.2893868237733841 4.8608992248773575 3.9712023288011551 6.0573345720767975 14.010585997253658 15.624166280031202
leaf_count=21 1264 430 1257 31 39 44 24 32 29 22 37 30 28 620 40 23 45 21 126 119 70 36 18 20 33 25 21 32 287 82
internal_value=-0.000543791 -0.0181001 0.00456621 -0.00217657 -0.00360982 -0.0204905 -0.0108099 -0.0222241 0.0314425 -0.0108731 -0.0121641 0.0030709 0.0527985 0.00200912 -0.0162344 0.0211371 -0.0465569 0.00378304 -0.00994748 -0.0164057 -0.00229822 0.013027 -0.0493332 0.067272 0.0319587 0.0730717 0.0606541 -0.0572078 -0.0535841 -0.0244747
internal_weight=775.786 174.897 600.889 326.358 321.966 80.4063 71.914 56.6188 15.2952 9.03904 50.7357 37.9126 10.6024 241.56 27.3102 12.2332 15.077 236.23 95.0485 87.0827 60.9635 141.181 26.1192 12.2272 23.9567 11.1503 7.96579 12.823 31.196 37.0069
internal_count=4906 1981 2925 1668 1647 425 381 306 75 46 274 205 58 1222 147 63 84 1191 515 473 329 676 144 56 128 58 42 69 717 201
is_linear=0
shrinkage=0.1


Tree=24
num_leaves=31
num_cat=0
split_feature=5 11 0 13 137 83 8 6 15 61 9 78 58 10 0 10 30 6 34 73 84 0 0 26 128 23 10 130 0 174
split_gain=5.9094 5.90503 3.9379 3.70657 4.7813 3.54887 3.56955 4.68596 4.22972 3.24806 5.24734 3.21927 3.86014 4.03094 3.47894 4.04663 3.34127 2.91311 2.7609 6.1008 3.46101 2.73057 5.38519 4.43263 3.42292 3.11715 2.62719 2.52352 5.44681 2.94347
threshold=1.0000000180025095e-35 1.0000000180025095e-35 2.1683777570724492 1.0000000180025095e-35 1.0000000180025095e-35 1.0000000180025095e-35 1.0000000180025095e-35 1.0000000180025095e-35 1.0000000180025095e-35 1.0000000180025095e-35 1.0000000180025095e-35 1.0000000180025095e-35 1.0000000180025095e-35 1.0000000180025095e-35 3.7193702459335332 1.0000000180025095e-35 1.0000000180025095e-35 1.0000000180025095e-35 1.0000000180025095e-35 1.0000000180025095e-35 1.0000000180025095e-35 12.412046909332277 10.310746192932131 1.0000000180025095e-35 1.0000000180025095e-35 1.0000000180025095e-35 1.0000000180025095e-35 1.0000000180025095e-35 5.4524297714233407 1.0000000180025095e-35
decision_type=2 2 2 2 2 2 2 2 2 2 2 2 2 2 2 2 2 2 2 2 2 2 2 2 2 2 2 2 2 2
left_child=1 2 -1 4 9 11 8 -8 -7 21 17 16 14 -14 -13 -16 -2 -11 20 -20 -5 22 24 -24 -3 -23 -10 29 -29 -4
right_child=5 3 27 18 -6 6 7 -9 26 10 -12 12 13 -15 15 -17 -18 -19 19 -21 -22 25 23 -25 -26 -27 -28 28 -30 -31
leaf_value=0.091476337115714901 0.088425795048372377 -0.068532961573041812 0.0044325328613208674 -0.078255132482946091 0.071090421495765097 0.082173322307541083 0.033548041870091236 -0.062528582639636177 -0.031315121691684815 0.004296859726604747 0.071084601886790819 -0.01246069361072465 0.039838573279194829 -0.090603266570057781 0.05730833739526664 0.18771883422193669 0.0002171250317057927 -0.10913379826897976 -0.055097476998463936 0.1303514779405214 0.073402342173461435 0.034899269260046488 0.18943903643754698 -0.0066132010255869639 0.035321223064960154 -0.10023787955457042 0.070296416430525061 -0.0099139695948604264 -0.096140700418659297 -0.044144813832591973
leaf_weight=4.4430567473173133 4.3644833527505389 14.243878521025186 228.08429943025112 27.096730086952451 5.8801510594785205 20.017112653702497 15.996972747147085 7.436339419335126 7.0953349061310309 6.0027836114168185 7.9973282217979422 3.5026395171880731 6.6264450512826443 3.6872925162315369 6.8452034071087819 3.6471700109541416 266.89714355394244 3.6352167651057243 6.8331210128962976 2.3959439061582088 1.5932688228785981 2.0332457721233359 1.9576237015426148 2.8066002205014229 4.0833567827939978 10.634547621011732 3.9672506973147392 71.407194726169109 8.1633628308773023 13.195256397128103
leaf_count=21 24 195 1154 360 66 114 86 41 38 82 86 18 38 21 38 20 1514 56 81 27 19 25 21 35 51 158 24 381 44 68
internal_value=-0.000523318 -0.00848458 -0.00202229 -0.0301129 -0.0144936 0.00908447 0.0325289 0.00305904 0.0547484 -0.0239187 0.0112022 0.00476054 0.0396233 -0.00679605 0.0738323 0.102639 0.00163636 -0.0384864 -0.0545288 -0.00695335 -0.069833 -0.0412392 -0.020772 0.0739448 -0.045394 -0.0785477 0.00512468 -0.00331704 -0.0187602 0.0017759
internal_weight=772.57 422.487 325.293 97.1938 59.2747 350.083 54.513 23.4333 31.0797 53.3946 17.6353 295.57 24.3088 10.3137 13.995 10.4924 271.262 9.638 37.9191 9.22906 28.69 35.7593 23.0915 4.76422 18.3272 12.6678 11.0626 320.85 79.5706 241.28
internal_count=4906 2930 1668 1262 775 1976 303 127 176 709 224 1673 135 59 76 58 1538 138 487 108 379 485 302 56 246 183 62 1647 425 1222
is_linear=0
shrinkage=0.1


Tree=25
num_leaves=31
num_cat=0
split_feature=11 14 238 13 6 8 139 0 0 236 225 16 67 10 7 65 34 67 60 0 1 1 10 113 12 8 130 0 0 15
split_gain=4.95278 4.18003 3.22316 3.40398 2.96742 2.77492 2.64795 4.29013 5.56808 3.67391 3.44406 2.82761 3.3801 2.7059 2.70475 5.13857 3.29141 7.23906 4.74771 4.33952 5.96872 4.04014 3.31679 3.25838 3.20104 3.08593 2.66312 6.91272 3.77345 3.0147
threshold=1.0000000180025095e-35 1.0000000180025095e-35 1.0000000180025095e-35 1.0000000180025095e-35 1.0000000180025095e-35 1.0000000180025095e-35 1.0000000180025095e-35 7.8836412429809579 15.585215568542482 1.0000000180025095e-35 1.0000000180025095e-35 1.0000000180025095e-35 1.0000000180025095e-35 1.0000000180025095e-35 1.0000000180025095e-35 1.0000000180025095e-35 1.0000000180025095e-35 1.0000000180025095e-35 1.0000000180025095e-35 5.0171115398406991 -0.50079855322837818 -0.41120998561382288 1.0000000180025095e-35 1.0000000180025095e-35 1.0000000180025095e-35 1.0000000180025095e-35 1.0000000180025095e-35 7.2840518951416025 8.3682408332824725 1.0000000180025095e-35
decision_type=2 2 2 2 2 2 2 2 2 2 2 2 2 2 2 2 2 2 2 2 2 2 2 2 2 2 2 2 2 2
left_child=2 -2 3 6 -5 -3 9 13 11 10 14 12 -9 -8 16 -16 19 -18 22 20 24 -21 -19 26 -1 -26 27 -23 -29 -30
right_child=1 5 -4 4 -6 -7 7 8 -10 -11 -12 -13 -14 -15 15 -17 17 18 -20 21 -22 23 -24 -25 25 -27 -28 28 29 -31
leaf_value=0.051528465411165604 -0.0084229934323020866 -0.078549899664066059 -0.077837393561915505 0.0045527451937298858 -0.01747471670632695 -0.016796600684535087 -0.0038092170269621189 -0.093099057717812059 0.059787435534585209 -0.079991309224674192 -0.068689776956631365 -0.10427198775782616 0.013070036448592124 0.10029528469845875 0.010111851681077658 -0.084745465964853633 -0.067992589185079749 0.028413101778266031 -0.022843870790638095 0.15827421440908407 -0.089566596144507224 0.14720629685139036 0.13533240076123904 0.11259034740870569 -0.053891358655856016 0.033414298087150941 -0.0352372313532252 -0.050032965756188146 0.056396346685397371 0.015543585358196624
leaf_weight=16.204665392637253 141.10888705775142 15.712057814002037 4.801679015159606 151.5111927241087 102.55319740623236 13.553684398531914 5.932168707251547 4.9692058041691816 4.8659828677773467 4.1044664457440367 4.8085572794079772 8.3047245144844055 7.562097892165184 4.3112660795450211 121.95057792216539 5.9914195314049712 11.36074724793434 7.0378142520785332 9.2658184394240379 2.9512834548950186 5.8601269125938407 5.5161940902471533 4.93650221824646 5.7218574732542029 8.3041857331991213 7.9001393914222708 5.1254948750138274 5.3071823269128791 38.678006336092949 33.891550704836845
leaf_count=78 1264 430 26 753 516 287 30 23 23 19 25 41 36 20 578 29 54 33 42 14 30 25 22 27 44 40 25 25 188 159
internal_value=-0.000510143 -0.0155563 0.00376426 0.00442287 -0.00433865 -0.0499504 0.0109533 -0.0147171 -0.036527 0.0139795 0.0152617 -0.05902 -0.0290306 0.0400064 0.0166255 0.00566976 0.0249659 -0.00356061 0.0309022 0.0318313 0.00330772 0.0430625 0.0724914 0.0394544 0.0201011 -0.011327 0.0347269 0.039027 0.0313644 0.0373172
internal_weight=770.103 170.375 599.728 594.926 254.064 29.2657 340.862 35.9454 25.702 304.917 300.812 20.836 12.5313 10.2434 296.004 127.942 168.062 32.6009 21.2401 135.461 38.2691 97.1916 11.9743 94.2403 32.409 16.2043 88.5184 83.3929 77.8767 72.5696
internal_count=4906 1981 2925 2899 1269 717 1630 173 123 1457 1438 100 59 50 1413 607 806 151 97 655 192 463 55 449 162 84 422 397 372 347
is_linear=0
shrinkage=0.1


Tree=26
num_leaves=31
num_cat=0
split_feature=12 0 87 237 0 0 11 0 0 126 10 15 176 88 42 82 73 1 70 8 0 151 0 1 5 9 62 0 10 47
split_gain=4.80045 4.95496 3.34284 3.29023 4.70661 3.35142 3.20887 2.94065 5.01929 3.67318 3.66454 3.19941 6.38238 4.12241 4.44849 4.7852 4.35123 7.73271 7.35972 4.7234 4.62655 3.80828 3.85306 3.60949 3.26177 3.17679 8.90984 5.57436 5.27012 3.15055
threshold=1.0000000180025095e-35 2.1683777570724492 1.0000000180025095e-35 1.0000000180025095e-35 2.3791923522949223 2.960985660552979 1.0000000180025095e-35 17.860369682312015 17.698836326599125 1.0000000180025095e-35 1.0000000180025095e-35 1.0000000180025095e-35 1.0000000180025095e-35 1.0000000180025095e-35 1.0000000180025095e-35 1.0000000180025095e-35 1.0000000180025095e-35 0.059396151453256614 1.0000000180025095e-35 1.0000000180025095e-35 4.2108144760131845 1.0000000180025095e-35 9.7960300445556658 0.93231424689292919 1.0000000180025095e-35 1.0000000180025095e-35 1.0000000180025095e-35 8.6844625473022479 1.0000000180025095e-35 1.0000000180025095e-35
decision_type=2 2 2 2 2 2 2 2 2 2 2 2 2 2 2 2 2 2 2 2 2 2 2 2 2 2 2 2 2 2
left_child=2 -2 3 4 -1 -6 -3 8 9 11 -11 21 13 14 15 16 25 20 -19 -20 -18 23 -23 -7 -15 26 -13 -27 -29 -17
right_child=1 6 -4 -5 5 7 -8 -9 -10 10 -12 12 -14 24 -16 29 17 18 19 -21 -22 22 -24 -25 -26 27 -28 28 -30 -31
leaf_value=-0.058954191744947509 0.10438253006225794 -0.0064983858149679774 0.049866213082076949 0.06654570684292109 0.048039883401194909 -0.0079544188476311489 -0.032195559690100788 0.089747384385998094 -0.10551107393989814 -0.11307467782377592 0.011296901174181372 0.041235166463601473 0.13060404076868418 -0.12016178938408213 -0.0142308026853439 -0.044701271541357404 -0.014795574556259326 -0.058334178530034322 -0.012106222381884798 0.12847448345556603 0.12365140432038764 -0.012604378007400436 0.11216707544643206 0.099999542270249112 0.014342843000665307 0.0044283627362158157 -0.049235954405646341 0.1490665800437849 0.014293534394545011 0.049417965767036109
leaf_weight=11.921882012858985 3.7122104223817578 232.12235997617245 16.612601831555367 8.3082338236272317 17.164516126736999 204.73926019109786 61.460325345396996 3.8670913744717827 4.2864127904176703 5.3370026890188438 4.2601078767329454 24.414622286334634 4.6199308559298506 4.1569106727838507 40.356546945869923 14.701570412144067 2.8257698379457024 8.0880406890064478 4.0735135264694691 5.7831330560147762 16.553821135312319 4.4508187137544137 5.5752948541194201 3.1447642818093291 3.1838054396212101 15.465640341863038 19.644074017181993 7.2430904246866685 4.8404247220605612 4.6915005892515174
leaf_count=77 22 1193 101 52 113 1330 747 27 31 35 29 148 26 28 229 86 20 53 26 31 93 29 32 20 17 89 127 38 30 27
internal_value=-0.000479771 -0.0104263 0.00580767 0.00419442 0.00303132 0.00473614 -0.011878 0.0029507 0.00213687 0.0032674 -0.0578668 0.0047395 0.0145801 0.0115349 0.0147274 0.0238343 0.0319821 0.0596651 0.0123636 0.0703759 0.103464 -0.00341812 0.0567782 -0.00632135 -0.0618246 0.0175529 0.000897582 0.0441893 0.0950791 -0.0219323
internal_weight=767.605 297.295 470.31 453.698 445.39 433.468 293.583 416.303 412.436 408.15 9.59711 398.553 180.642 176.022 168.682 128.325 108.932 37.3243 17.9447 9.85665 19.3796 217.91 10.0261 207.884 7.34072 71.6079 44.0587 27.5492 12.0835 19.3931
internal_count=4906 1962 2944 2843 2791 2714 1940 2601 2574 2543 64 2479 1068 1042 997 768 655 223 110 57 113 1411 61 1350 45 432 275 157 68 113
is_linear=0
shrinkage=0.1


Tree=27
num_leaves=31
num_cat=0
split_feature=5 92 11 16 24 67 41 6 0 9 0 0 6 0 8 1 83 102 10 10 15 1 55 61 1 9 10 0 237 27
split_gain=4.60025 4.72233 4.25167 3.48549 4.79063 7.4366 5.58938 3.83653 3.45209 7.1841 2.83871 2.79092 3.11389 2.87828 4.78738 4.40299 3.10459 4.14033 3.89086 3.08988 4.73303 3.77691 3.03016 2.87454 2.71136 2.59242 3.60021 2.55121 2.5093 2.4736
threshold=1.0000000180025095e-35 1.0000000180025095e-35 1.0000000180025095e-35 1.0000000180025095e-35 1.0000000180025095e-35 1.0000000180025095e-35 1.0000000180025095e-35 1.0000000180025095e-35 6.9705681800842294 1.0000000180025095e-35 2.1683777570724492 2.3791923522949223 1.0000000180025095e-35 3.9917863607406621 1.0000000180025095e-35 -0.53289222717285145 1.0000000180025095e-35 1.0000000180025095e-35 1.0000000180025095e-35 1.0000000180025095e-35 1.0000000180025095e-35 -0.27872842550277704 1.0000000180025095e-35 1.0000000180025095e-35 -0.75906911492347706 1.0000000180025095e-35 1.0000000180025095e-35 5.0171115398406991 1.0000000180025095e-35 1.0000000180025095e-35
decision_type=2 2 2 2 2 2 2 2 2 2 2 2 2 2 2 2 2 2 2 2 2 2 2 2 2 2 2 2 2 2
left_child=1 2 10 28 -5 6 7 8 -6 -10 -1 24 13 14 -13 -15 17 -17 -19 21 -21 -18 -23 -24 -2 -7 27 -27 -4 -12
right_child=11 -3 3 4 5 25 -8 -9 9 -11 29 12 -14 15 -16 16 19 18 -20 20 -22 22 23 -25 -26 26 -28 -29 -30 -31
leaf_value=0.078179874193907997 0.0095201262581344013 -0.11758142935709713 -0.045666955738255896 0.13412134699075204 0.15132943265235976 -0.075240249109529825 0.188056297898475 -0.062110608161007635 -0.081221079845847047 0.15131208287880904 -0.071483877279623256 0.015002891978816294 -0.0030705859143665133 -0.096221712666928194 0.10625088664440983 0.01353512640102039 0.097649003937336706 -0.0085625839875582109 -0.13262785565783752 0.1293726680179588 0.0056019415958242814 -0.073489271056200817 0.077941812124696586 -0.028308317886380066 -0.097206493210410028 0.12818535189670208 -0.11310236597780364 -0.01057286321159288 0.086707850614488546 -0.0010740307649501366
leaf_weight=4.4553522616624823 4.6299297697842121 3.8638588972389689 51.92790550366044 2.4040048550814381 2.6172188539057952 13.648556558415294 2.2665054313838473 4.0774240568280211 3.3162398207932711 2.2167471460998058 5.0707182064652434 15.428083322942257 124.30370131880045 3.6432334296405307 9.1656783856451511 142.48891527578235 4.5258462838828573 7.8085168674588186 3.7378485649824142 7.8666232749819738 5.0878610871732235 4.6607538908720008 5.0018517524003983 5.1866851784288883 4.899085892364381 2.0172540210187435 2.1927060503512621 3.8614385910332203 1.4726065397262562 311.79856849461794
leaf_count=21 26 28 752 25 31 186 21 57 47 25 31 86 714 25 47 806 25 40 21 46 29 22 27 30 32 18 27 45 16 1600
internal_value=-0.000458513 -0.00754225 -0.00651362 -0.0254658 -0.0025797 -0.0116543 0.0438187 0.0170829 0.0567022 0.0119415 -0.00108624 0.00802338 0.0095241 0.0168193 0.0490095 0.0126528 0.0147811 0.00886811 -0.0487256 0.0429539 0.0807618 0.017675 -0.00669987 0.023853 -0.0453505 -0.0486725 -0.00374709 0.0370416 -0.0420165 -0.00220077
internal_weight=765.642 417.207 413.343 92.0186 38.6181 36.2141 14.4941 12.2276 8.15021 5.53299 321.325 348.435 338.906 214.602 24.5938 190.008 186.365 154.035 11.5464 32.3296 12.9545 19.3751 14.8493 10.1885 9.52902 21.72 8.0714 5.87869 53.4005 316.869
internal_count=4906 2930 2902 1250 482 457 181 160 103 72 1652 1976 1918 1204 133 1071 1046 867 61 179 75 104 79 57 58 276 90 63 768 1631
is_linear=0
shrinkage=0.1


end of trees

feature_importances:
Column_0=123
Column_14=45
Column_12=44
Column_5=43
Column_13=30
Column_6=29
Column_9=28
Column_11=28
Column_1=26
Column_10=24
Column_8=20
Column_67=20
Column_15=19
Column_81=16
Column_83=15
Column_16=14
Column_73=14
Column_26=13
Column_84=13
Column_137=12
Column_139=10
Column_45=9
Column_7=8
Column_61=8
Column_23=7
Column_54=7
Column_113=7
Column_140=7
Column_174=6
Column_44=5
Column_50=5
Column_53=5
Column_62=5
Column_64=5
Column_79=5
Column_99=5
Column_128=5
Column_132=5
Column_133=5
Column_21=4
Column_24=4
Column_56=4
Column_68=4
Column_69=4
Column_70=4
Column_95=4
Column_98=4
Column_102=4
Column_130=4
Column_152=4
Column_238=4
Column_17=3
Column_27=3
Column_30=3
Column_31=3
Column_34=3
Column_76=3
Column_78=3
Column_80=3
Column_108=3
Column_126=3
Column_134=3
Column_22=2
Column_32=2
Column_39=2
Column_41=2
Column_46=2
Column_47=2
Column_51=2
Column_55=2
Column_57=2
Column_58=2
Column_60=2
Column_86=2
Column_88=2
Column_93=2
Column_94=2
Column_100=2
Column_104=2
Column_105=2
Column_143=2
Column_151=2
Column_237=2
Column_19=1
Column_35=1
Column_36=1
Column_42=1
Column_48=1
Column_49=1
Column_65=1
Column_71=1
Column_72=1
Column_82=1
Column_87=1
Column_92=1
Column_96=1
Column_101=1
Column_103=1
Column_127=1
Column_129=1
Column_155=1
Column_156=1
Column_176=1
Column_225=1
Column_236=1

parameters:
[boosting: gbdt]
[objective: binary]
[metric: binary_logloss]
[tree_learner: serial]
[device_type: cpu]
[data_sample_strategy: bagging]
[data: ]
[valid: ]
[num_iterations: 300]
[learning_rate: 0.1]
[num_leaves: 31]
[num_threads: 0]
[seed: 0]
[deterministic: 0]
[force_col_wise: 0]
[force_row_wise: 0]
[histogram_pool_size: -1]
[max_depth: -1]
[min_data_in_leaf: 20]
[min_sum_hessian_in_leaf: 0.001]
[bagging_fraction: 1]
[pos_bagging_fraction: 1]
[neg_bagging_fraction: 1]
[bagging_freq: 0]
[bagging_seed: 7719]
[bagging_by_query: 0]
[feature_fraction: 1]
[feature_fraction_bynode: 1]
[feature_fraction_seed: 2437]
[extra_trees: 0]
[extra_seed: 11797]
[early_stopping_round: 0]
[early_stopping_min_delta: 0]
[first_metric_only: 0]
[max_delta_step: 0]
[lambda_l1: 0]
[lambda_l2: 0]
[linear_lambda: 0]
[min_gain_to_split: 0]
[drop_rate: 0.1]
[max_drop: 50]
[skip_drop: 0.5]
[xgboost_dart_mode: 0]
[uniform_drop: 0]
[drop_seed: 21238]
[top_rate: 0.2]
[other_rate: 0.1]
[min_data_per_group: 100]
[max_cat_threshold: 32]
[cat_l2: 10]
[cat_smooth: 10]
[max_cat_to_onehot: 4]
[top_k: 20]
[monotone_constraints: ]
[monotone_constraints_method: basic]
[monotone_penalty: 0]
[feature_contri: ]
[forcedsplits_filename: ]
[refit_decay_rate: 0.9]
[cegb_tradeoff: 1]
[cegb_penalty_split: 0]
[cegb_penalty_feature_lazy: ]
[cegb_penalty_feature_coupled: ]
[path_smooth: 0]
[interaction_constraints: ]
[verbosity: -1]
[saved_feature_importance_type: 0]
[use_quantized_grad: 0]
[num_grad_quant_bins: 4]
[quant_train_renew_leaf: 0]
[stochastic_rounding: 1]
[linear_tree: 0]
[max_bin: 255]
[max_bin_by_feature: ]
[min_data_in_bin: 3]
[bin_construct_sample_cnt: 200000]
[data_random_seed: 38]
[is_enable_sparse: 1]
[enable_bundle: 1]
[use_missing: 1]
[zero_as_missing: 0]
[feature_pre_filter: 1]
[pre_partition: 0]
[two_round: 0]
[header: 0]
[label_column: ]
[weight_column: ]
[group_column: ]
[ignore_column: ]
[categorical_feature: ]
[forcedbins_filename: ]
[precise_float_parser: 0]
[parser_config_file: ]
[objective_seed: 8855]
[num_class: 1]
[is_unbalance: 0]
[scale_pos_weight: 1]
[sigmoid: 1]
[boost_from_average: 1]
[reg_sqrt: 0]
[alpha: 0.9]
[fair_c: 1]
[poisson_max_delta_step: 0.7]
[tweedie_variance_power: 1.5]
[lambdarank_truncation_level: 30]
[lambdarank_norm: 1]
[label_gain: ]
[lambdarank_position_bias_regularization: 0]
[eval_at: ]
[multi_error_top_k: 1]
[auc_mu_weights: ]
[num_machines: 1]
[local_listen_port: 12400]
[time_out: 120]
[machine_list_filename: ]
[machines: ]
[gpu_platform_id: -1]
[gpu_device_id: -1]
[gpu_device_id_list: ]
[gpu_use_dp: 0]
[num_gpu: 1]

end of parameters

pandas_categorical:null
