tree
version=v4
num_class=1
num_tree_per_iteration=1
label_index=0
max_feature_idx=567
objective=binary sigmoid:1
feature_names=Column_0 Column_1 Column_2 Column_3 Column_4 Column_5 Column_6 Column_7 Column_8 Column_9 Column_10 Column_11 Column_12 Column_13 Column_14 Column_15 Column_16 Column_17 Column_18 Column_19 Column_20 Column_21 Column_22 Column_23 Column_24 Column_25 Column_26 Column_27 Column_28 Column_29 Column_30 Column_31 Column_32 Column_33 Column_34 Column_35 Column_36 Column_37 Column_38 Column_39 Column_40 Column_41 Column_42 Column_43 Column_44 Column_45 Column_46 Column_47 Column_48 Column_49 Column_50 Column_51 Column_52 Column_53 Column_54 Column_55 Column_56 Column_57 Column_58 Column_59 Column_60 Column_61 Column_62 Column_63 Column_64 Column_65 Column_66 Column_67 Column_68 Column_69 Column_70 Column_71 Column_72 Column_73 Column_74 Column_75 Column_76 Column_77 Column_78 Column_79 Column_80 Column_81 Column_82 Column_83 Column_84 Column_85 Column_86 Column_87 Column_88 Column_89 Column_90 Column_91 Column_92 Column_93 Column_94 Column_95 Column_96 Column_97 Column_98 Column_99 Column_100 Column_101 Column_102 Column_103 Column_104 Column_105 Column_106 Column_107 Column_108 Column_109 Column_110 Column_111 Column_112 Column_113 Column_114 Column_115 Column_116 Column_117 Column_118 Column_119 Column_120 Column_121 Column_122 Column_123 Column_124 Column_125 Column_126 Column_127 Column_128 Column_129 Column_130 Column_131 Column_132 Column_133 Column_134 Column_135 Column_136 Column_137 Column_138 Column_139 Column_140 Column_141 Column_142 Column_143 Column_144 Column_145 Column_146 Column_147 Column_148 Column_149 Column_150 Column_151 Column_152 Column_153 Column_154 Column_155 Column_156 Column_157 Column_158 Column_159 Column_160 Column_161 Column_162 Column_163 Column_164 Column_165 Column_166 Column_167 Column_168 Column_169 Column_170 Column_171 Column_172 Column_173 Column_174 Column_175 Column_176 Column_177 Column_178 Column_179 Column_180 Column_181 Column_182 Column_183 Column_184 Column_185 Column_186 Column_187 Column_188 Column_189 Column_190 Column_191 Column_192 Column_193 Column_194 Column_195 Column_196 Column_197 Column_198 Column_199 Column_200 Column_201 Column_202 Column_203 Column_204 Column_205 Column_206 Column_207 Column_208 Column_209 Column_210 Column_211 Column_212 Column_213 Column_214 Column_215 Column_216 Column_217 Column_218 Column_219 Column_220 Column_221 Column_222 Column_223 Column_224 Column_225 Column_226 Column_227 Column_228 Column_229 Column_230 Column_231 Column_232 Column_233 Column_234 Column_235 Column_236 Column_237 Column_238 Column_239 Column_240 Column_241 Column_242 Column_243 Column_244 Column_245 Column_246 Column_247 Column_248 Column_249 Column_250 Column_251 Column_252 Column_253 Column_254 Column_255 Column_256 Column_257 Column_258 Column_259 Column_260 Column_261 Column_262 Column_263 Column_264 Column_265 Column_266 Column_267 Column_268 Column_269 Column_270 Column_271 Column_272 Column_273 Column_274 Column_275 Column_276 Column_277 Column_278 Column_279 Column_280 Column_281 Column_282 Column_283 Column_284 Column_285 Column_286 Column_287 Column_288 Column_289 Column_290 Column_291 Column_292 Column_293 Column_294 Column_295 Column_296 Column_297 Column_298 Column_299 Column_300 Column_301 Column_302 Column_303 Column_304 Column_305 Column_306 Column_307 Column_308 Column_309 Column_310 Column_311 Column_312 Column_313 Column_314 Column_315 Column_316 Column_317 Column_318 Column_319 Column_320 Column_321 Column_322 Column_323 Column_324 Column_325 Column_326 Column_327 Column_328 Column_329 Column_330 Column_331 Column_332 Column_333 Column_334 Column_335 Column_336 Column_337 Column_338 Column_339 Column_340 Column_341 Column_342 Column_343 Column_344 Column_345 Column_346 Column_347 Column_348 Column_349 Column_350 Column_351 Column_352 Column_353 Column_354 Column_355 Column_356 Column_357 Column_358 Column_359 Column_360 Column_361 Column_362 Column_363 Column_364 Column_365 Column_366 Column_367 Column_368 Column_369 Column_370 Column_371 Column_372 Column_373 Column_374 Column_375 Column_376 Column_377 Column_378 Column_379 Column_380 Column_381 Column_382 Column_383 Column_384 Column_385 Column_386 Column_387 Column_388 Column_389 Column_390 Column_391 Column_392 Column_393 Column_394 Column_395 Column_396 Column_397 Column_398 Column_399 Column_400 Column_401 Column_402 Column_403 Column_404 Column_405 Column_406 Column_407 Column_408 Column_409 Column_410 Column_411 Column_412 Column_413 Column_414 Column_415 Column_416 Column_417 Column_418 Column_419 Column_420 Column_421 Column_422 Column_423 Column_424 Column_425 Column_426 Column_427 Column_428 Column_429 Column_430 Column_431 Column_432 Column_433 Column_434 Column_435 Column_436 Column_437 Column_438 Column_439 Column_440 Column_441 Column_442 Column_443 Column_444 Column_445 Column_446 Column_447 Column_448 Column_449 Column_450 Column_451 Column_452 Column_453 Column_454 Column_455 Column_456 Column_457 Column_458 Column_459 Column_460 Column_461 Column_462 Column_463 Column_464 Column_465 Column_466 Column_467 Column_468 Column_469 Column_470 Column_471 Column_472 Column_473 Column_474 Column_475 Column_476 Column_477 Column_478 Column_479 Column_480 Column_481 Column_482 Column_483 Column_484 Column_485 Column_486 Column_487 Column_488 Column_489 Column_490 Column_491 Column_492 Column_493 Column_494 Column_495 Column_496 Column_497 Column_498 Column_499 Column_500 Column_501 Column_502 Column_503 Column_504 Column_505 Column_506 Column_507 Column_508 Column_509 Column_510 Column_511 Column_512 Column_513 Column_514 Column_515 Column_516 Column_517 Column_518 Column_519 Column_520 Column_521 Column_522 Column_523 Column_524 Column_525 Column_526 Column_527 Column_528 Column_529 Column_530 Column_531 Column_532 Column_533 Column_534 Column_535 Column_536 Column_537 Column_538 Column_539 Column_540 Column_541 Column_542 Column_543 Column_544 Column_545 Column_546 Column_547 Column_548 Column_549 Column_550 Column_551 Column_552 Column_553 Column_554 Column_555 Column_556 Column_557 Column_558 Column_559 Column_560 Column_561 Column_562 Column_563 Column_564 Column_565 Column_566 Column_567
feature_infos=[2.0013689994812012:17.993154525756836] [-0.7776256799697876:0.99923950433731079] none none none [0:1] [0:1] [0:1] [0:1] [0:1] [0:1] [0:1] [0:1] [0:1] [0:1] [0:1] [0:1] [0:1] [0:1] [0:1] [0:1] [0:1] [0:1] [0:1] [0:1] [0:1] [0:1] [0:1] [0:1] [0:1] [0:1] [0:1] [0:1] [0:1] [0:1] [0:1] [0:1] [0:1] [0:1] [0:1] [0:1] [0:1] [0:1] [0:1] [0:1] [0:1] [0:1] [0:1] [0:1] [0:1] [0:1] [0:1] [0:1] [0:1] [0:1] [0:1] [0:1] [0:1] [0:1] [0:1] [0:1] [0:1] [0:1] [0:1] [0:1] [0:1] [0:1] [0:1] [0:1] [0:1] [0:1] [0:1] [0:1] [0:1] [0:1] [0:1] [0:1] [0:1] [0:1] [0:1] [0:1] [0:1] [0:1] [0:1] [0:1] [0:1] [0:1] [0:1] [0:1] [0:1] [0:1] [0:1] [0:1] [0:1] [0:1] [0:1] [0:1] [0:1] [0:1] [0:1] [0:1] [0:1] [0:1] [0:1] [0:1] [0:1] [0:1] [0:1] [0:1] none none none none [0:1] [0:1] none [0:1] none [0:1] none none [0:1] none none none none [0:1] [0:1] [0:1] [0:1] [0:1] none [0:1] [0:1] [0:1] [0:1] none [0:1] [0:1] [0:1] [0:1] [0:1] [0:1] [0:1] [0:1] [0:1] [0:1] [0:1] [0:1] [0:1] [0:1] [0:1] [0:1] [0:1] [0:1] [0:1] [0:1] none none none none none none none none none none [0:1] [0:1] none none none none none [0:1] [0:1] [0:1] [0:1] [0:1] [0:1] [0:1] [0:1] [0:1] [0:1] [0:1] [0:1] [0:1] [0:1] [0:1] [0:1] [0:1] [0:1] [0:1] [0:1] [0:1] [0:1] [0:1] [0:1] [0:1] [0:1] [0:1] [0:1] none none [0:1] [0:1] [0:1] none [0:1] [0:1] [0:1] [0:1] [0:1] none [0:1] none none [0:1] none [0:1] [0:1] [0:1] [0:1] [0:1] [0:1] [0:1] [0:1] [0:1] [0:1] [0:1] [0:1] [0:1] [0:1] [0:1] [0:1] [0:1] [0:1] [0:1] [0:1] [0:1] [0:1] [0:1] [0:1] [0:1] none none none none none none none none none none none none none none none none none [0:1] [0:1] [0:1] [0:1] [0:1] [0:1] [0:1] [0:1] [0:1] [0:1] none [0:1] [0:1] [0:1] [0:1] none [0:1] [0:1] none none none [0:1] [0:1] none none none none none [0:1] [0:1] [0:1] [0:1] [0:1] [0:1] [0:1] none none none [0:1] none [0:1] [0:1] [0:1] none [0:1] [0:1] [0:1] [0:1] none none [0:1] [0:1] none none none none [0:1] [0:1] none none none [0:1] none none [0:1] [0:1] none none [0:1] [0:1] none none none none none none none none none none none none none none none none none none none none none none none none none none none none none none none none none none none none none none none none none none none none none none none none none none none none none none none none none none none none none none none none none none none none none none none none none none none none none none none none none none none none none none none none none none none none none none none none none none none none none none none none none none none none none none none none none none none none none none none none none none none none none none none none none none none none none none none none none none none none none none none none none none none none none none none none none none none none none none none none none none none none none none none none none none none none none none none none none none none none none none none none none none none none none none none none none none none none none none none none none none none none none none none none none none none none none none none none none none none none none none none none none none none none none none none none none none none none none
tree_sizes=3402 3459 3479 3479 3473 3463 3469 3469 3471 3476 3476 3476 3481 3454 3488 3505 3478 3501 3471 3502 3481 3504 3466 3477 3471 3494 3479 3512 3487 3490 3464 3500 3451 3477 3494 3492 3536 3496 3513 3498 3495 3468 3499 3519 3505 3473 3495 3497 3501 3478 3498 3477

Tree=0
num_leaves=31
num_cat=0
split_feature=10 7 7 15 15 15 8 8 13 13 67 0 0 8 13 8 13 15 0 13 61 11 34 6 0 84 13 11 6 62
split_gain=567.323 455.329 141.99 106.812 99.5452 71.8234 41.4014 32.0622 26.9543 17.264 11.7145 11.3569 13.4725 10.7124 10.4052 9.31306 19.0768 8.26883 7.88169 7.86336 13.2189 7.72132 6.79768 6.57348 7.6267 6.31398 5.55665 5.55488 5.99781 5.47455
threshold=1.0000000180025095e-35 1.0000000180025095e-35 1.0000000180025095e-35 1.0000000180025095e-35 1.0000000180025095e-35 1.0000000180025095e-35 1.0000000180025095e-35 1.0000000180025095e-35 1.0000000180025095e-35 1.0000000180025095e-35 1.0000000180025095e-35 2.960985660552979 7.5879535675048837 1.0000000180025095e-35 1.0000000180025095e-35 1.0000000180025095e-35 1.0000000180025095e-35 1.0000000180025095e-35 6.635181427001954 1.0000000180025095e-35 1.0000000180025095e-35 1.0000000180025095e-35 1.0000000180025095e-35 1.0000000180025095e-35 10.380561351776125 1.0000000180025095e-35 1.0000000180025095e-35 1.0000000180025095e-35 1.0000000180025095e-35 1.0000000180025095e-35
decision_type=2 2 2 2 2 2 2 2 2 2 2 2 2 2 2 2 2 2 2 2 2 2 2 2 2 2 2 2 2 2
left_child=2 4 17 7 6 15 8 9 10 -4 -2 -7 13 -13 -9 -3 -17 -1 21 20 -8 -10 27 -11 -25 -5 -6 -12 -29 -18
right_child=1 5 3 25 26 11 19 14 18 23 22 12 -14 -15 -16 16 29 -19 -20 -21 -22 -23 -24 24 -26 -27 -28 28 -30 -31
leaf_value=-1.1928803150497422 -0.88432807210027864 -0.77767626833233439 -0.96663821290513963 -1.1983566649121504 -1.1514043331733941 -1.1267688504709601 -1.1178727039395258 -1.0722188530584278 -1.0753688927337832 -1.0914712368139783 -0.91659738866582086 -0.79983546544074335 -0.98443050596800863 -0.9888785792337258 -1.1605285860261474 -0.79394830964788232 -0.86399036831166498 -1.2250276148128518 -1.0865427965896912 -1.1425842220823992 -0.99473130721493275 -0.90637399446639 -1.1064348012562528 -1.0810172397378686 -0.93057275399391881 -1.0962677766488991 -1.2024567003257043 -1.083400136130217 -0.9408106907171041 -1.0008541611029647
leaf_weight=184.53683398663998 20.046133235096931 51.333088845014572 44.588595420122147 79.62249182164669 53.581253319978714 3.7469407916069022 22.481644749641418 34.097161203622818 5.0583700686693174 23.231032907962799 11.990210533142093 8.9926578998565656 28.102055937051773 4.4963289499282828 21.919603630900383 25.479197382926941 4.8710230290889722 141.25966784358025 25.853891462087631 25.291850343346596 14.23837500810623 5.8077582269906998 3.9342878311872473 6.5571463853120786 6.9318404644727707 6.5571463853120795 35.408590480685234 5.9951052665710449 5.8077582269906998 7.306534543633461
leaf_count=985 107 274 238 425 286 20 120 182 27 124 64 48 150 24 117 136 26 754 138 135 76 31 21 35 37 35 189 32 31 39
internal_value=-1.10024 -1.00449 -1.16471 -1.10332 -1.0883 -0.857577 -1.03763 -1.04856 -0.992084 -1.00845 -0.942566 -0.960021 -0.944999 -0.86285 -1.10677 -0.805384 -0.843154 -1.20682 -1.05651 -1.09968 -1.07012 -0.985044 -0.984671 -1.05923 -1.00371 -1.19059 -1.17172 -0.964537 -1.01324 -0.946109
internal_weight=919.125 369.823 549.302 223.505 235.495 134.328 146.505 137.325 84.4935 81.3086 47.7735 45.338 41.591 13.489 56.0168 88.9898 37.6568 325.797 36.72 62.0119 36.72 10.8661 27.7274 36.72 13.489 86.1796 88.9898 23.7931 11.8029 12.1776
internal_count=4906 1974 2932 1193 1257 717 782 733 451 434 255 242 222 72 299 475 201 1739 196 331 196 58 148 196 72 460 475 127 63 65
is_linear=0
shrinkage=1


Tree=1
num_leaves=31
num_cat=0
split_feature=10 7 7 15 15 15 8 8 13 13 13 0 0 15 67 13 61 8 63 0 84 11 0 13 8 16 61 8 13 6
split_gain=450.978 310.375 126.08 88.5682 80.4402 42.2247 30.6517 24.1749 18.6549 12.2208 8.61578 8.04527 8.4937 8.03085 7.4654 6.39751 10.0684 6.37182 6.36345 5.81735 5.65733 5.28781 5.16404 5.09948 5.2624 5.06131 7.0309 4.90302 12.0306 5.16558
threshold=1.0000000180025095e-35 1.0000000180025095e-35 1.0000000180025095e-35 1.0000000180025095e-35 1.0000000180025095e-35 1.0000000180025095e-35 1.0000000180025095e-35 1.0000000180025095e-35 1.0000000180025095e-35 1.0000000180025095e-35 1.0000000180025095e-35 2.960985660552979 7.5879535675048837 1.0000000180025095e-35 1.0000000180025095e-35 1.0000000180025095e-35 1.0000000180025095e-35 1.0000000180025095e-35 1.0000000180025095e-35 6.635181427001954 1.0000000180025095e-35 1.0000000180025095e-35 14.867898464202883 1.0000000180025095e-35 1.0000000180025095e-35 1.0000000180025095e-35 1.0000000180025095e-35 1.0000000180025095e-35 1.0000000180025095e-35 1.0000000180025095e-35
decision_type=2 2 2 2 2 2 2 2 2 2 2 2 2 2 2 2 2 2 2 2 2 2 2 2 2 2 2 2 2 2
left_child=2 4 13 7 6 18 8 9 14 -4 -9 -7 17 -1 -2 16 -8 -13 27 21 -5 -10 -11 24 -6 26 -21 -3 -29 -30
right_child=1 5 3 20 23 11 15 10 19 22 -12 12 -14 -15 -16 -17 -18 -19 -20 25 -22 -23 -24 -25 -26 -27 -28 28 29 -31
leaf_value=-0.087695723065838241 0.17496663508441321 0.25547390286774413 0.11243657649055139 -0.093167089998821603 -0.022042769508423418 -0.024212894428227195 -0.016015618375405202 0.024855236332855513 0.022097506733359324 0.017875057759379708 -0.056050817748825754 0.23486913938669007 0.098298642601128181 -0.12030651403056077 0.098012096273222785 -0.038981865167734081 0.090004416334574108 0.094727008722974737 0.11177436336206115 -0.0035285144940054602 0.0035707471522541281 0.15865628450915936 0.11190100562151623 -0.097285662638397885 -0.087196346887925796 -0.047184786906034032 0.13133140528315243 0.24644221362152552 0.17911152707663081 0.047661847201666961
leaf_weight=175.89572347700596 22.133282408118248 56.299971431493759 47.510200381278992 75.671856477856636 31.941164657473564 3.6970293521881095 22.282816171646118 34.573786348104477 5.1211570948362333 30.216904848814011 21.253635540604591 10.268307209014891 29.703328013420105 132.32690301537514 29.286770060658455 24.753144755959511 14.978851318359373 4.742884397506713 4.2813398987054816 10.751897245645525 6.5701906383037558 6.3533480614423752 7.2407691776752463 33.577681481838226 20.259824439883232 9.2428590357303637 6.0361528396606436 28.086455747485161 7.8577342927455884 4.8253275454044342
leaf_count=985 107 261 238 425 175 20 120 182 27 159 117 48 150 754 148 135 76 24 20 57 35 31 37 189 111 49 32 131 39 24
internal_value=-0.000465711 0.081722 -0.0602557 -0.00298761 0.0104426 0.194388 0.0543874 0.0451742 0.0920196 0.0787623 -0.0059459 0.11756 0.129282 -0.101696 0.131136 0.000425156 0.0266035 0.19059 0.231086 0.0383902 -0.0854389 0.0977091 0.0360508 -0.0668847 -0.0473296 0.0122422 0.0449604 0.236349 0.209938 0.129101
internal_weight=917.741 386.481 531.26 223.037 236.719 149.762 150.94 140.795 88.9255 84.9679 55.8274 48.4115 44.7145 308.223 51.4201 62.0148 37.2617 15.0112 101.351 37.5054 82.242 11.4745 37.4577 85.7787 52.201 26.0309 16.7881 97.0695 40.7695 12.6831
internal_count=4906 1974 2932 1193 1257 717 782 733 451 434 299 242 222 1739 255 331 196 72 475 196 460 58 196 475 286 138 89 455 194 63
is_linear=0
shrinkage=0.1


Tree=2
num_leaves=31
num_cat=0
split_feature=10 7 7 15 15 15 8 8 13 13 15 13 11 11 83 108 140 84 68 1 6 0 13 99 8 6 0 21 31 135
split_gain=364.364 226.154 112.052 73.7636 65.4816 28.8988 23.2313 18.5226 13.5303 8.93878 7.88665 7.1349 6.69108 6.00988 5.87767 5.65099 5.15623 5.07424 4.967 5.24269 4.87227 5.80698 4.68553 4.74781 5.25962 4.66125 4.71781 4.62263 4.76314 9.97322
threshold=1.0000000180025095e-35 1.0000000180025095e-35 1.0000000180025095e-35 1.0000000180025095e-35 1.0000000180025095e-35 1.0000000180025095e-35 1.0000000180025095e-35 1.0000000180025095e-35 1.0000000180025095e-35 1.0000000180025095e-35 1.0000000180025095e-35 1.0000000180025095e-35 1.0000000180025095e-35 1.0000000180025095e-35 1.0000000180025095e-35 1.0000000180025095e-35 1.0000000180025095e-35 1.0000000180025095e-35 1.0000000180025095e-35 -0.39082820713520044 1.0000000180025095e-35 10.120465755462648 1.0000000180025095e-35 1.0000000180025095e-35 1.0000000180025095e-35 1.0000000180025095e-35 10.380561351776125 1.0000000180025095e-35 1.0000000180025095e-35 1.0000000180025095e-35
decision_type=2 2 2 2 2 2 2 2 2 2 2 2 2 2 2 2 2 2 2 2 2 2 2 2 2 2 2 2 2 2
left_child=2 4 10 7 6 -3 8 9 12 27 -1 -9 -2 -7 20 16 18 -5 19 -8 21 -14 23 24 -6 -11 -27 28 29 -4
right_child=1 5 3 17 22 13 15 11 -10 25 -12 -13 14 -15 -16 -17 -18 -19 -20 -21 -22 -23 -24 -25 -26 26 -28 -29 -30 -31
leaf_value=-0.08304211376697275 0.14439149510718507 0.19205980801884942 0.070428709567034897 -0.088527757086576869 -0.028433135748187306 0.077071253267796125 -0.055598076020681342 0.022086587531557837 0.033829515311027292 0.0045837150919175798 -0.11633717262410359 -0.052060237790760501 -0.079265425943004647 0.15087518060601443 0.17005752992686629 0.10121273979825768 0.10423675636746002 0.0032076413250064807 -0.081550627021284863 0.020359339439267515 0.10032961055301047 0.070871514271514766 -0.092683226036956015 0.029724365637664996 -0.099690318435969816 0.015200931098974855 0.13000492838717945 0.025212225042947668 0.18008100571271665 0.22034688868685659
leaf_weight=167.61422991752625 28.95754462480545 109.23346786201 29.109211608767509 71.873364970088005 26.342296302318573 34.461940079927444 12.952299788594241 34.993345350027084 38.116055190563202 23.695078372955322 123.60814028978348 20.628143057227135 4.7602034807205236 16.229307591915131 5.083586946129798 5.0948662906885138 3.7728420794010153 6.5818950533866873 9.6732808798551542 30.448258563876156 9.7932757139205933 5.6149029135704041 31.81307427585125 7.4969570487737647 17.07147279381752 6.6783393919467908 7.7143733501434326 7.748495176434516 7.748495176434516 5.2354697138071051
leaf_count=985 135 475 139 425 146 165 70 182 196 124 754 117 23 77 24 27 20 35 52 162 46 27 189 42 98 35 37 37 37 25
internal_value=-0.000734865 0.0712132 -0.0563773 -0.00286121 0.00920563 0.163102 0.0476978 0.0397522 0.0794834 0.0683217 -0.0971741 -0.00541198 0.111584 0.1007 0.0739616 0.000320553 -0.00872188 -0.0808317 -0.0167517 -0.00230911 0.0497399 0.00198717 -0.0625763 -0.0437631 -0.0564534 0.0318484 0.0767349 0.0961937 0.10926 0.0932821
internal_weight=910.144 396.916 513.229 222.006 236.991 159.925 154.267 143.551 92.3256 87.9295 291.222 55.6215 54.2095 50.6912 25.252 61.9415 56.8467 78.4553 53.0738 43.4006 20.1684 10.3751 82.7238 50.9107 43.4138 38.0878 14.3927 49.8417 42.0932 34.3447
internal_count=4906 1974 2932 1193 1257 717 782 733 451 434 1739 299 255 242 120 331 304 460 284 232 96 50 475 286 244 196 72 238 201 164
is_linear=0
shrinkage=0.1


Tree=3
num_leaves=31
num_cat=0
split_feature=10 7 7 15 15 15 8 8 13 15 13 13 0 8 0 81 13 61 67 34 84 14 9 16 74 14 13 0 0 8
split_gain=297.11 171.07 99.5318 61.5883 53.5234 21.758 17.8977 14.3532 10.1083 7.80341 6.68746 5.90749 5.79022 6.70262 5.95114 5.28572 5.04016 7.51593 5.03919 4.73018 4.55195 4.5333 4.4829 5.6382 4.40021 5.24051 4.29951 4.62327 4.29748 7.96091
threshold=1.0000000180025095e-35 1.0000000180025095e-35 1.0000000180025095e-35 1.0000000180025095e-35 1.0000000180025095e-35 1.0000000180025095e-35 1.0000000180025095e-35 1.0000000180025095e-35 1.0000000180025095e-35 1.0000000180025095e-35 1.0000000180025095e-35 1.0000000180025095e-35 2.960985660552979 1.0000000180025095e-35 8.5516767501831072 1.0000000180025095e-35 1.0000000180025095e-35 1.0000000180025095e-35 1.0000000180025095e-35 1.0000000180025095e-35 1.0000000180025095e-35 1.0000000180025095e-35 1.0000000180025095e-35 1.0000000180025095e-35 1.0000000180025095e-35 1.0000000180025095e-35 1.0000000180025095e-35 16.041068077087406 9.9780974388122576 1.0000000180025095e-35
decision_type=2 2 2 2 2 2 2 2 2 2 2 2 2 2 2 2 2 2 2 2 2 2 2 2 2 2 2 2 2 2
left_child=2 4 9 7 6 -3 8 10 18 28 -4 -9 -7 14 -14 -15 17 -8 -2 -20 -5 -19 23 -10 25 -16 27 -6 29 -1
right_child=1 5 3 20 26 12 16 11 22 -11 -12 -13 13 15 24 -17 -18 21 19 -21 -22 -23 -24 -25 -26 -27 -28 -29 -30 -31
leaf_value=-0.033198105217974026 0.13042222069036905 0.16485195025095012 0.083252947358441312 -0.084133773443990409 -0.051525617238520872 -0.031038256989315335 -0.014538043306666616 0.019658348575745617 0.10002035210079957 -0.1127683837102192 0.028230302953376737 -0.048296086485158922 0.17445353844334266 0.09200656855465969 0.074611089456399299 -0.024890726416984095 -0.035449644001485821 0.028780996437834667 0.085431567384641166 -0.026746564436737653 0.0028820216755795838 0.13729683430057948 -0.011063125421391762 -0.00059435054684339218 0.027359080746946613 0.21035919720811297 -0.088337244999910275 0.043614576680263709 -0.095653735202430271 -0.095248551029204889
leaf_weight=43.301628068089485 24.496536523103714 114.22806625068188 51.678068429231644 68.254762142896652 43.914435520768166 3.8437243849039069 22.087440729141235 35.363393872976303 13.395017385482788 115.20226308703423 38.579388543963432 20.043767765164375 13.114024788141249 9.2537289857864362 7.7269621789455432 6.6462154388427725 24.171069353818893 8.8419813066720945 27.495992839336399 4.3541525453329077 6.5923999249935141 6.8183451145887366 15.783552050590513 9.533424973487854 7.5196593999862662 4.5000595450401306 30.128777235746384 5.7799115329980841 76.872553199529648 39.571525275707245
leaf_count=267 107 475 238 425 253 20 120 182 67 754 196 117 56 43 36 31 135 43 127 21 35 33 80 49 35 21 189 33 474 244
internal_value=-0.000905761 0.0627836 -0.0527912 -0.00274326 0.00813969 0.140345 0.0420417 0.0351397 0.0692935 -0.0929302 0.0597342 -0.00492445 0.0871284 0.0964433 0.122233 0.0431432 0.000204368 0.0230347 0.0963226 0.070096 -0.0764696 0.0760277 0.0299518 0.0581857 0.0875528 0.124572 -0.0585309 -0.0404599 -0.0786238 -0.0628269
internal_weight=899.093 403.633 495.46 220.512 236.801 166.832 156.978 145.665 95.0587 274.948 90.2575 55.4072 52.6044 48.7607 32.8607 15.8999 61.9188 37.7478 56.3467 31.8501 74.8472 15.6603 38.712 22.9284 19.7467 12.227 79.8231 49.6943 159.746 82.8732
internal_count=4906 1974 2932 1193 1257 717 782 733 451 1739 434 299 242 222 148 74 331 196 255 148 460 76 196 116 92 57 475 286 985 511
is_linear=0
shrinkage=0.1


Tree=4
num_leaves=31
num_cat=0
split_feature=10 7 7 15 15 15 8 8 13 15 13 13 11 0 53 99 8 0 135 108 63 0 8 62 0 11 83 84 81 9
split_gain=243.874 133.048 88.4765 51.5464 43.8869 17.1633 13.9449 11.2211 7.75696 7.74728 5.11001 4.8892 4.80874 4.46929 5.14717 9.11385 6.15626 4.35357 4.23467 4.22038 4.16518 4.15921 6.12938 4.9574 4.47492 4.77048 4.12731 4.08095 4.06323 3.97071
threshold=1.0000000180025095e-35 1.0000000180025095e-35 1.0000000180025095e-35 1.0000000180025095e-35 1.0000000180025095e-35 1.0000000180025095e-35 1.0000000180025095e-35 1.0000000180025095e-35 1.0000000180025095e-35 1.0000000180025095e-35 1.0000000180025095e-35 1.0000000180025095e-35 1.0000000180025095e-35 2.960985660552979 1.0000000180025095e-35 1.0000000180025095e-35 1.0000000180025095e-35 6.635181427001954 1.0000000180025095e-35 1.0000000180025095e-35 1.0000000180025095e-35 11.824777603149416 1.0000000180025095e-35 1.0000000180025095e-35 8.1492128372192401 1.0000000180025095e-35 1.0000000180025095e-35 1.0000000180025095e-35 1.0000000180025095e-35 1.0000000180025095e-35
decision_type=2 2 2 2 2 2 2 2 2 2 2 2 2 2 2 2 2 2 2 2 2 2 2 2 2 2 2 2 2 2
left_child=2 4 9 7 6 20 8 10 12 21 -4 -9 -2 -7 15 16 -15 -10 -12 -8 -3 22 23 24 25 -1 -14 -5 -18 -27
right_child=1 5 3 27 -6 13 19 11 17 -11 18 -13 26 14 -16 -17 28 -19 -20 -21 -22 -23 -24 -25 -26 29 -28 -29 -30 -31
leaf_value=-0.073183470250495028 0.11079962330933613 0.14851443284568153 0.07270143864427861 -0.079938874953939643 -0.054664410302941238 -0.028382926185528082 -0.0079302721557924921 0.017521412283316575 0.076031628329690376 -0.10951581906039859 0.037992975851316793 -0.044745284182585401 0.032930287297965564 0.15267393047305045 0.029669824081351229 -0.02488348559546609 0.12416237702446348 0.0041042575843977039 -0.058791711256881221 0.084938294343252105 0.053998376903649663 -0.096235458962935491 -0.089335841861602913 -0.065066458827462842 0.08201708943825281 -0.042698855928234809 0.12986463981155963 0.002589912510992907 0.0004415573046606599 0.10169062320284739
leaf_weight=9.6984061002731377 31.208116725087166 112.17611461877823 53.173767179250717 64.833178743720055 77.115721896290779 3.786131039261817 56.416735261678696 35.690359383821487 12.229968056082724 107.17596518993378 33.854683414101601 19.500249892473221 21.200229763984684 21.780431464314461 12.830190613865851 4.8404722064733496 5.1070318818092328 26.977328240871429 5.2174003273248664 5.3581945449113837 4.864742934703826 55.54508963227272 44.231272429227829 30.368526071310043 4.8510428369045249 3.6567760705947867 5.5404247790575019 6.6018309444189063 5.5276909619569778 3.9747565984725952
leaf_count=61 135 455 238 425 475 20 304 182 58 754 169 117 96 93 58 22 23 138 27 27 20 363 289 193 31 23 24 35 26 25
internal_value=-0.00101232 0.055891 -0.0494208 -0.00259276 0.00723712 0.123087 0.0372727 0.0311871 0.0608924 -0.088917 0.052526 -0.004479 0.0841344 0.0763775 0.0842967 0.103109 0.122222 0.0265406 0.0250691 0.000124902 0.144586 -0.0744237 -0.0619054 -0.038817 -0.00287811 -0.0266422 0.0530142 -0.0723118 0.0598551 0.032504
internal_weight=885.333 406.96 478.373 218.871 236.047 170.913 158.931 147.436 97.1561 259.502 92.2459 55.1906 57.9488 53.8719 50.0858 37.2556 32.4152 39.2073 39.0721 61.7749 117.041 152.326 96.7808 52.5495 22.181 17.3299 26.7407 71.435 10.6347 7.63153
internal_count=4906 1974 2932 1193 1257 717 782 733 451 1739 434 299 255 242 222 164 142 196 196 331 475 985 622 333 140 109 120 460 49 48
is_linear=0
shrinkage=0.1


Tree=5
num_leaves=31
num_cat=0
split_feature=10 7 7 15 15 15 8 8 15 13 21 0 61 5 1 26 138 0 1 6 13 8 13 54 8 13 11 0 0 1
split_gain=201.138 105.51 78.6225 43.1898 36.0167 14.0232 10.9662 8.83055 7.69036 6.03241 4.78244 4.95771 5.63417 8.28136 7.36526 5.00372 4.55782 5.55356 10.1113 4.19751 4.11639 4.32664 4.09296 6.52233 4.05254 8.12619 4.03401 3.97367 5.09287 6.33588
threshold=1.0000000180025095e-35 1.0000000180025095e-35 1.0000000180025095e-35 1.0000000180025095e-35 1.0000000180025095e-35 1.0000000180025095e-35 1.0000000180025095e-35 1.0000000180025095e-35 1.0000000180025095e-35 1.0000000180025095e-35 1.0000000180025095e-35 15.798768043518068 1.0000000180025095e-35 1.0000000180025095e-35 -0.12221461907029151 1.0000000180025095e-35 1.0000000180025095e-35 4.3846678733825692 -0.64696934819221485 1.0000000180025095e-35 1.0000000180025095e-35 1.0000000180025095e-35 1.0000000180025095e-35 1.0000000180025095e-35 1.0000000180025095e-35 1.0000000180025095e-35 1.0000000180025095e-35 14.405201911926271 11.560575008392336 -0.23431439697742459
decision_type=2 2 2 2 2 2 2 2 2 2 2 2 2 2 2 2 2 2 2 2 2 2 2 2 2 2 2 2 2 2
left_child=2 4 8 7 6 24 9 16 -1 -2 11 12 13 15 -15 -9 17 18 -4 -14 21 -6 23 -8 -3 -26 -7 28 29 -11
right_child=1 5 3 -5 20 26 22 10 -10 27 -12 -13 19 14 -16 -17 -18 -19 -20 -21 -22 -23 -24 -25 25 -27 -28 -29 -30 -31
leaf_value=-0.070436578964926042 0.07403327650971521 0.14452708095241457 0.029038933712738753 -0.068328466030975504 -0.009741882506892308 0.048733155381402576 -0.029747214352356763 0.0059829428284640393 -0.10651215946033146 0.064870622703994338 0.090293213711748435 -0.11193640117857072 0.0078321588880280266 0.147714085949576 -0.02248396102527532 -0.096488171983629356 -0.035664436247721656 0.041347497013960031 0.19949489678540522 0.12292258291301313 -0.081618160838300979 -0.072542269046143124 -0.032525501018163448 0.054586782142973495 0.13460298791535122 0.047831704089961298 0.10674338709758707 -0.038497875965545714 0.11400198291338955 -0.037639523202169553
leaf_weight=145.34757471084595 59.184384882450104 68.443148538470268 7.3125716596841812 68.228021338582039 29.679280608892441 37.017091751098633 15.41766384243965 7.1800493001937875 99.571345925331116 13.169716611504557 4.8926782608032218 4.6243349313735953 8.4932327270507795 4.2642794847488403 6.2975738048553485 14.169200778007507 6.3131487220525733 73.595992133021355 6.6399576514959318 5.05504286289215 27.556353852152824 17.403359115123749 23.698643565177917 22.632850378751755 33.962790086865425 15.820234909653662 17.728661835193634 8.1747924536466581 7.1414773762226096 11.12069219350815
leaf_count=985 255 274 34 460 175 165 83 39 754 61 26 25 46 23 34 79 30 339 31 27 189 111 135 113 136 65 77 42 36 57
internal_value=-0.00107537 0.050076 -0.0462662 -0.00244595 0.00647207 0.109361 0.0331556 0.0277549 -0.085103 0.0538186 -0.00407192 -0.0132904 -0.00325573 -0.0261947 0.0462324 -0.0620257 0.0463964 0.0523138 0.110158 0.0507739 -0.0509212 -0.0329551 9.73562e-05 0.0204155 0.128737 0.107028 0.067519 0.0236117 0.0397651 0.0179392
internal_weight=870.136 408.151 461.985 217.066 235.179 172.972 160.54 148.838 244.919 98.7911 54.9764 50.0837 45.4594 31.9111 10.5619 21.3493 93.8617 87.5485 13.9525 13.5483 74.639 47.0826 61.7492 38.0505 118.226 49.783 54.7458 39.6067 31.4319 24.2904
internal_count=4906 1974 2932 1193 1257 717 782 733 1739 451 299 273 248 175 57 118 434 404 65 73 475 286 331 196 475 201 242 196 154 118
is_linear=0
shrinkage=0.1


Tree=6
num_leaves=31
num_cat=0
split_feature=10 7 7 15 15 15 8 15 8 83 113 13 61 11 11 0 8 62 16 0 13 84 0 13 21 16 64 6 71 8
split_gain=166.287 84.7668 69.6722 36.0946 29.6219 11.9901 8.66821 7.66904 7.01573 4.99988 5.04637 4.14792 6.81043 5.14852 4.9456 4.13923 5.91958 4.48385 4.2296 5.02573 3.89167 3.85204 3.77179 3.76797 4.3886 3.56398 4.30193 3.91541 3.68636 3.93166
threshold=1.0000000180025095e-35 1.0000000180025095e-35 1.0000000180025095e-35 1.0000000180025095e-35 1.0000000180025095e-35 1.0000000180025095e-35 1.0000000180025095e-35 1.0000000180025095e-35 1.0000000180025095e-35 1.0000000180025095e-35 1.0000000180025095e-35 1.0000000180025095e-35 1.0000000180025095e-35 1.0000000180025095e-35 1.0000000180025095e-35 11.824777603149416 1.0000000180025095e-35 1.0000000180025095e-35 1.0000000180025095e-35 4.2108144760131845 1.0000000180025095e-35 1.0000000180025095e-35 16.041068077087406 1.0000000180025095e-35 1.0000000180025095e-35 1.0000000180025095e-35 1.0000000180025095e-35 1.0000000180025095e-35 1.0000000180025095e-35 1.0000000180025095e-35
decision_type=2 2 2 2 2 2 2 2 2 2 2 2 2 2 2 2 2 2 2 2 2 2 2 2 2 2 2 2 2 2
left_child=2 4 7 8 6 25 9 15 20 10 11 14 -13 -14 -2 16 17 18 19 -1 -4 -5 -6 24 -10 26 27 -3 29 -29
right_child=1 5 3 21 22 -7 -8 -9 23 -11 -12 12 13 -15 -16 -17 -18 -19 -20 -21 -22 -23 -24 -25 -26 -27 -28 28 -30 -31
leaf_value=-0.039858002350564414 0.082692171261866121 0.12934363580270999 0.058305011923743301 -0.072409012480937743 -0.05582144151726999 0.059711041307342533 4.7626337699750523e-05 -0.10370285168750265 0.0028980308639845408 0.093974688479863358 0.13703199495934434 -0.027653823325351184 0.01089412047564256 0.15423083092911774 0.015554248912886523 -0.089590195669589423 -0.082213356375582483 -0.056706883913308262 -0.036405154656323789 0.109346448001694 0.017394817790990304 0.0093635087082229 0.014913795810592238 -0.040168068900515018 0.1151310999077861 0.13737364015571085 0.020596390969499195 0.097844468657764971 0.15682102093109063 0.01034004600348157
leaf_weight=3.6160427927970886 23.039892017841339 39.076645493507385 55.09972932934761 58.909188956022263 63.719350755214691 55.655740261077881 61.628063693642616 92.411741375923157 32.108105838298798 18.944474056363106 4.7411219179630271 22.148781016469002 6.0001393854618055 4.3030785918235779 20.947413295507431 49.863040074706078 39.891274452209473 27.886280551552773 11.583864882588387 6.0090924501419067 40.23025481402874 6.3851073384284964 8.5498275458812696 18.78569683432579 3.9081209748983374 47.008264169096947 5.9643720239400855 12.200154379010204 4.9623392820358267 8.8662973046302795
leaf_count=24 96 157 238 425 421 242 331 754 163 82 21 110 30 20 92 363 289 193 77 39 196 35 54 117 19 189 24 49 20 36
internal_value=-0.00111472 0.0450584 -0.0432635 -0.00234405 0.00577339 0.0979758 0.0295543 -0.0813811 0.0246503 0.047716 0.036921 0.0307116 0.003591 0.0707579 0.0507201 -0.0665248 -0.0536003 -0.0303514 0.00430158 0.0532922 0.0410405 -0.0644125 -0.0474531 -0.00386097 0.0150764 0.116012 0.101882 0.109329 0.0792812 0.0610162
internal_weight=854.443 407.756 446.688 215.426 234.022 173.734 161.753 231.261 150.132 100.125 81.1804 76.4393 32.452 10.3032 43.9873 138.85 88.9866 49.0953 21.209 9.62514 95.33 65.2943 72.2692 54.8019 36.0162 118.078 71.0698 65.1054 26.0288 21.0665
internal_count=4906 1974 2932 1193 1257 717 782 1739 733 451 369 348 160 50 188 985 622 333 140 63 434 460 475 299 182 475 286 262 105 85
is_linear=0
shrinkage=0.1


Tree=7
num_leaves=31
num_cat=0
split_feature=10 7 7 15 15 15 15 8 8 0 8 83 5 13 99 8 79 21 0 54 0 5 53 138 0 1 0 31 0 55
split_gain=137.748 68.6758 61.7591 30.2684 24.3593 10.4153 7.60338 6.89612 5.57839 3.9307 6.62944 3.89307 3.99918 3.88208 4.2926 4.70702 3.63284 3.55057 4.85893 5.22754 5.35037 4.64644 4.4649 3.54271 4.10035 7.23043 3.61111 9.64271 8.26478 5.67606
threshold=1.0000000180025095e-35 1.0000000180025095e-35 1.0000000180025095e-35 1.0000000180025095e-35 1.0000000180025095e-35 1.0000000180025095e-35 1.0000000180025095e-35 1.0000000180025095e-35 1.0000000180025095e-35 9.9780974388122576 1.0000000180025095e-35 1.0000000180025095e-35 1.0000000180025095e-35 1.0000000180025095e-35 1.0000000180025095e-35 1.0000000180025095e-35 1.0000000180025095e-35 1.0000000180025095e-35 15.798768043518068 1.0000000180025095e-35 8.8049278259277362 1.0000000180025095e-35 1.0000000180025095e-35 1.0000000180025095e-35 4.3846678733825692 -0.64696934819221485 13.474332809448244 1.0000000180025095e-35 14.176591396331789 1.0000000180025095e-35
decision_type=2 2 2 2 2 2 2 2 2 2 2 2 2 2 2 2 2 2 2 2 2 2 2 2 2 2 2 2 2 2
left_child=2 4 6 8 7 -3 9 11 23 10 -1 12 -2 14 15 -6 17 18 19 20 21 -10 -21 24 25 -4 27 29 -28 -26
right_child=1 5 3 -5 13 -7 -8 -9 16 -11 -12 -13 -14 -15 -16 -17 -18 -19 -20 22 -22 -23 -24 -25 26 -27 28 -29 -30 -31
leaf_value=-0.019061992893226735 0.01269964186354308 0.10526939015306978 0.021261599024705168 -0.060721679037402679 -0.012600701329606313 0.052971908929794843 -0.10104302391283788 4.2863028902948915e-05 -0.029475192078727265 -0.081227672360610029 -0.080575036357134533 0.082863281000611452 0.057111962131831673 -0.075427605335813414 0.045768393988834949 -0.085546173831094141 -0.080277563879004393 0.086548342617435214 -0.10627266925608779 0.017806299271085419 -0.093121500752489275 0.098050959890980949 0.13140085686523115 -0.03598222309616976 -0.086561340895627489 0.16191501557591262 0.18183412370280055 0.084972852848957697 0.035451394985647706 0.0097929423710668533
leaf_weight=38.943253964185715 44.47887921333313 117.16291032731533 7.4773087799549103 62.50566840171814 23.82438924908638 56.41892397403717 85.706403955817223 61.629503563046455 8.9016370475292224 61.958527982234955 31.849029064178467 19.314673259854317 37.259373396635056 25.285798922181129 6.9576521962881079 14.070425003767012 5.5407891124486914 4.8305538743734351 4.1849513053894034 14.569652691483499 7.8050622791051856 4.2075273096561423 4.5378650724887839 6.3057709932327262 7.8357591032981864 7.1492491364479047 4.7534981966018703 14.654766157269476 20.451446354389191 27.818875104188919
leaf_count=267 201 475 34 460 146 242 754 331 51 474 244 82 168 189 42 98 30 24 24 80 44 21 25 30 36 31 21 66 90 126
internal_value=-0.00112742 0.040663 -0.0404427 -0.00219831 0.00516818 0.0882713 -0.0778246 0.0264069 0.0220232 -0.0628344 -0.0467363 0.0424856 0.0329444 -0.0440941 -0.0264296 -0.0396855 -0.0035253 0.00514705 -0.00374784 0.00697287 -0.0275719 0.0114557 0.044784 0.0364808 0.0415499 0.0900109 0.0321633 0.016685 0.0630583 -0.0113827
internal_weight=838.39 406.403 431.988 213.53 232.821 173.582 218.457 162.682 151.025 132.751 70.7923 101.053 81.7383 70.1383 44.8525 37.8948 54.578 49.0372 44.2067 40.0217 20.9142 13.1092 19.1075 96.4467 90.1409 14.6266 75.5143 50.3094 25.2049 35.6546
internal_count=4906 1974 2932 1193 1257 717 1739 782 733 985 511 451 369 475 286 244 299 269 245 221 116 72 105 434 404 65 339 228 111 162
is_linear=0
shrinkage=0.1


Tree=8
num_leaves=31
num_cat=0
split_feature=10 7 7 15 15 15 15 13 6 13 104 132 16 22 26 0 134 0 67 53 42 70 0 0 67 99 1 0 8 62
split_gain=114.205 55.9799 54.5449 25.2924 20.0732 9.08865 7.53548 6.76831 5.41606 4.95764 4.55714 5.12166 7.712 6.59124 4.36507 5.67167 4.25135 4.06553 3.90661 7.63383 6.08482 4.78749 3.89033 3.78417 3.97971 4.68879 5.35045 3.7478 4.93425 3.7939
threshold=1.0000000180025095e-35 1.0000000180025095e-35 1.0000000180025095e-35 1.0000000180025095e-35 1.0000000180025095e-35 1.0000000180025095e-35 1.0000000180025095e-35 1.0000000180025095e-35 1.0000000180025095e-35 1.0000000180025095e-35 1.0000000180025095e-35 1.0000000180025095e-35 1.0000000180025095e-35 1.0000000180025095e-35 1.0000000180025095e-35 14.109513759613039 1.0000000180025095e-35 5.4948666095733651 1.0000000180025095e-35 1.0000000180025095e-35 1.0000000180025095e-35 1.0000000180025095e-35 6.2258727550506601 14.109513759613039 1.0000000180025095e-35 1.0000000180025095e-35 -0.48695717751979822 11.824777603149416 1.0000000180025095e-35 1.0000000180025095e-35
decision_type=2 2 2 2 2 2 2 2 2 2 2 2 2 2 2 2 2 2 2 2 2 2 2 2 2 2 2 2 2 2
left_child=2 4 6 9 7 -3 27 8 23 10 11 13 -13 18 15 -10 -9 -18 19 22 -20 -22 -4 24 -2 26 -26 28 29 -1
right_child=1 5 3 -5 -6 -7 -8 16 14 -11 -12 12 -14 -15 -16 -17 17 -19 20 -21 21 -23 -24 -25 25 -27 -28 -29 -30 -31
leaf_value=0.0062929949495424062 0.042159976626390865 0.09590656426768869 0.050784416608876129 -0.057073307742567227 -0.041010437927636444 0.047136632383236364 -0.098495399306330972 -0.012664567492464996 0.13942124066773284 -0.0029574582112528586 -0.06491522307115187 0.19854941474928617 0.027632375631349067 -0.086125933424499201 0.038582912320022228 0.025335936072288706 -0.018371768597773307 0.11283073819992279 0.035349673223265148 0.079482032311276971 0.19981741020338478 0.063554884559378869 -0.056259268550128395 0.065073695052547398 0.035375089741103947 0.057922909334363254 -0.080420357724148753 -0.082716052043730559 -0.074755627344839037 -0.050793733431445977
leaf_weight=20.932906866073608 16.012124553322792 115.80948625504971 4.5037008225917843 59.98561680316925 68.083831816911697 57.028127029538155 79.454080909490585 54.333804324269295 12.945284664630892 59.219928666949272 4.4256918281316748 4.771679535508154 5.9093009680509567 4.5886497646570197 26.275853857398033 6.5688478946685782 4.0043004155158979 5.7575815916061401 34.168884605169296 9.793084993958475 4.5356413722038251 5.9752541035413742 13.794120505452154 13.133204221725462 5.7006950378417995 5.6727332025766364 13.299736961722376 44.290306158363819 35.645235933363438 26.228394344449043
leaf_count=140 72 475 21 460 475 242 754 283 58 313 20 21 26 21 117 30 20 28 155 44 21 27 64 58 26 26 64 363 289 193
internal_value=-0.00113492 0.0367408 -0.0377792 -0.00210492 0.00462168 0.0798148 -0.0743379 0.0235999 0.0399107 0.0196328 0.0341008 0.0390782 0.103989 0.0301161 0.0651906 0.101018 -0.00174814 0.0590118 0.0374459 0.0082249 0.0558175 0.122355 -0.0299123 0.0184021 0.00333646 -0.0218588 -0.0456783 -0.059236 -0.0466773 -0.0254553
internal_weight=822.848 404.626 418.222 211.672 231.788 172.838 206.551 163.704 99.6085 151.686 92.466 88.0403 10.681 77.3593 45.79 19.5141 64.0957 9.76188 72.7707 28.0909 44.6798 10.5109 18.2978 53.8185 40.6853 24.6732 19.0004 127.097 82.8065 47.1613
internal_count=4906 1974 2932 1193 1257 717 1739 782 451 733 420 400 47 353 205 88 331 48 332 129 203 48 85 246 188 116 90 985 622 333
is_linear=0
shrinkage=0.1


Tree=9
num_leaves=31
num_cat=0
split_feature=10 7 7 15 15 15 15 113 13 8 9 6 12 26 84 8 13 1 13 0 129 81 0 0 0 0 8 94 12 55
split_gain=94.6777 48.1517 45.8672 21.1365 16.4794 7.97356 7.43646 6.30262 5.54044 4.59755 4.47323 4.37971 3.90797 4.85876 3.74769 3.72509 7.28293 3.67959 3.61581 3.67001 3.69772 3.79722 3.52615 4.56543 3.86288 3.51068 4.47418 3.72158 3.48128 7.32557
threshold=1.0000000180025095e-35 1.0000000180025095e-35 1.0000000180025095e-35 1.0000000180025095e-35 1.0000000180025095e-35 1.0000000180025095e-35 1.0000000180025095e-35 1.0000000180025095e-35 1.0000000180025095e-35 1.0000000180025095e-35 1.0000000180025095e-35 1.0000000180025095e-35 1.0000000180025095e-35 1.0000000180025095e-35 1.0000000180025095e-35 1.0000000180025095e-35 1.0000000180025095e-35 -0.011027454398572443 1.0000000180025095e-35 4.850102663040162 1.0000000180025095e-35 1.0000000180025095e-35 16.041068077087406 14.017796039581301 10.658453464508058 11.824777603149416 1.0000000180025095e-35 1.0000000180025095e-35 1.0000000180025095e-35 1.0000000180025095e-35
decision_type=2 2 2 2 2 2 2 2 2 2 2 2 2 2 2 2 2 2 2 2 2 2 2 2 2 2 2 2 2 2
left_child=1 6 4 9 7 15 25 8 11 -3 -10 28 13 17 -5 -4 -17 -13 19 -6 21 22 23 24 -21 26 -1 -28 29 -2
right_child=2 3 5 14 18 -7 -8 -9 10 -11 -12 12 -14 -15 -16 16 -18 -19 -20 20 -22 -23 -24 -25 -26 -27 27 -29 -30 -31
leaf_value=-0.023359503790993434 -0.097316424163234022 0.030550385785291984 0.10334701395667323 -0.062260899730367449 -0.077476264704548478 0.042044246199254752 -0.09602872530384042 0.1050735436975414 0.015515351183367982 -0.0056358184311099714 -0.039892649519491799 0.19521117244048705 0.014582160377082758 0.039654757352056293 0.02109770141924899 0.094003803662041183 0.01194984321801254 0.082821899389581261 -0.069670200977220917 -0.047965278677701582 0.096515516600834406 -0.062151662922068779 0.092925027070230357 -0.12269625924118657 0.065018769250032069 -0.079305191900306826 -0.080504452153255524 0.047376395181145864 0.040051447214412346 0.018667170633836255
leaf_weight=46.351809792220592 7.455747306346896 97.56029686331749 65.228589236736298 51.636569201946259 9.0158593654632551 57.514076769351959 73.645856887102127 8.4768391251564008 35.487646162509918 54.850936010479927 24.720250874757767 4.4755582958459845 16.061083480715752 16.193921193480492 6.0224410146474829 32.65554466843605 16.174859061837196 8.344052731990816 23.315139770507812 5.3964937776327151 3.2049148529767981 11.396672889590265 4.1009909063577643 2.9738935083150855 6.8890614360570908 41.710936814546585 31.321240447461605 2.4540107399225226 23.000024721026421 20.198459982872009
leaf_count=333 36 434 274 425 62 242 754 38 183 299 130 20 71 72 35 136 65 36 189 37 22 75 25 20 45 363 268 21 105 91
internal_value=-0.00112628 -0.0352222 0.0332472 -0.00198269 0.00412781 0.0724027 -0.0709419 0.0210988 0.0165338 0.0175274 -0.00723415 0.0314825 0.0541573 0.076065 -0.0535542 0.0877109 0.0668238 0.122059 -0.0379619 -0.0207604 -0.00570417 -0.0163555 0.0106027 -0.0115215 0.0153899 -0.0557781 -0.0435308 -0.071213 0.0113054 -0.0126027
internal_weight=807.834 405.554 402.28 210.07 230.707 171.573 195.484 164.414 155.937 152.411 60.2079 95.7288 45.0746 29.0135 57.659 114.059 48.8304 12.8196 66.293 42.9779 33.962 30.7571 19.3604 15.2594 12.2856 121.838 80.1271 33.7753 50.6542 27.6542
internal_count=4906 2932 1974 1193 1257 717 1739 782 744 733 313 431 199 128 460 475 201 56 475 286 224 202 127 102 82 985 622 289 232 127
is_linear=0
shrinkage=0.1


Tree=10
num_leaves=31
num_cat=0
split_feature=10 7 7 15 15 15 15 8 13 104 132 16 22 0 41 0 0 8 63 79 0 8 31 16 6 0 0 67 55 11
split_gain=78.4518 42.432 37.8597 17.7011 13.6019 7.31557 7.074 5.48 4.01049 3.70108 3.92664 5.76628 5.39113 3.69949 3.90772 3.45837 5.17456 4.38561 3.44601 3.3891 3.3222 5.07212 3.91732 5.48715 3.30674 3.29608 8.60115 4.8649 5.91935 3.81809
threshold=1.0000000180025095e-35 1.0000000180025095e-35 1.0000000180025095e-35 1.0000000180025095e-35 1.0000000180025095e-35 1.0000000180025095e-35 1.0000000180025095e-35 1.0000000180025095e-35 1.0000000180025095e-35 1.0000000180025095e-35 1.0000000180025095e-35 1.0000000180025095e-35 1.0000000180025095e-35 12.262833595275881 1.0000000180025095e-35 3.1772758960723881 7.5879535675048837 1.0000000180025095e-35 1.0000000180025095e-35 1.0000000180025095e-35 9.9780974388122576 1.0000000180025095e-35 1.0000000180025095e-35 1.0000000180025095e-35 1.0000000180025095e-35 14.176591396331789 13.474332809448244 1.0000000180025095e-35 1.0000000180025095e-35 1.0000000180025095e-35
decision_type=2 2 2 2 2 2 2 2 2 2 2 2 2 2 2 2 2 2 2 2 2 2 2 2 2 2 2 2 2 2
left_child=1 5 4 8 7 20 18 -2 9 10 12 -12 19 14 -5 -8 17 -17 24 25 21 -1 -22 -24 -4 26 27 28 -3 -30
right_child=2 3 6 13 -6 -7 15 -9 -10 -11 11 -13 -14 -15 -16 16 -18 -19 -20 -21 22 -23 23 -25 -26 -27 -28 -29 29 -31
leaf_value=-0.013281005210514932 0.033137957239246361 -0.10290892804320657 0.098345963542638193 -0.039246484591374073 -0.035255978160311688 -0.093616658175276424 -0.036346956787321423 -0.0044138568882558307 -0.0045855612693201965 -0.061395487854769365 0.16822321304237395 0.022677015781145587 -0.081406668686000216 -0.083304068358300301 0.093542774728251454 0.12999405316067186 0.024605641388296351 0.019695884527677777 -0.0011271467106489933 -0.035252649968423526 -0.086731897999646257 -0.070163053358105229 0.043795520087983451 -0.085815674123578656 0.062209191811355605 0.00082372550463445974 0.1771818859980894 0.06164314088666082 0.081975732473157856 -0.039290876630396848
leaf_weight=37.310573264956474 102.34977969527245 4.5902761518955204 65.643979951739311 32.051838397979736 64.576934896409512 68.267322391271591 5.7055971622467032 62.648633599281311 59.564106628298759 4.3556647300720206 5.0024686604738218 5.9711974114179611 4.4764480888843527 21.020159915089607 2.3807515278458586 10.6775079369545 36.075886994600296 5.4423092603683463 4.9274541884660712 6.8724538534879676 39.578445754945278 27.034928396344185 6.2797996178269369 6.8067900165915489 41.224636137485504 17.238709524273872 4.9124080538749686 29.343508511781693 6.3918299823999405 4.3724239766597748
leaf_count=267 451 22 280 264 475 754 26 331 313 20 21 26 21 176 20 43 150 23 20 32 359 244 55 60 175 78 21 130 29 20
internal_value=-0.00110931 -0.0327775 0.0301266 -0.00183831 0.00365204 -0.067602 0.0659427 0.0188798 0.0156959 0.0286125 0.033009 0.0890259 0.0251481 -0.0502461 -0.0300651 0.0375724 0.0456527 0.0927556 0.0806363 0.0316182 -0.0524243 -0.0371801 -0.0710493 -0.0236198 0.0844062 0.0384928 0.0515822 0.0377785 -0.00782843 0.0327174
internal_weight=793.095 393.822 399.273 208.544 229.575 185.278 169.697 164.998 153.091 93.5274 89.1717 10.9737 78.1981 55.4527 34.4326 57.9013 52.1957 16.1198 111.796 73.7216 117.011 64.3455 52.665 13.0866 106.869 66.8492 49.6104 44.698 15.3545 10.7643
internal_count=4906 2932 1974 1193 1257 1739 717 782 733 420 400 47 353 460 284 242 216 66 475 332 985 511 474 115 455 300 222 201 71 49
is_linear=0
shrinkage=0.1


Tree=11
num_leaves=31
num_cat=0
split_feature=10 7 7 15 15 15 15 113 13 8 9 8 13 0 0 16 6 56 99 53 130 137 5 14 81 16 0 0 67 5
split_gain=65.1387 37.2474 31.3279 14.7958 11.1691 7.1561 6.15037 4.84122 4.46181 3.66804 3.64824 3.47471 6.37514 3.57222 5.24808 3.97395 3.43116 3.42995 5.34539 5.75368 8.05397 4.17139 3.94786 3.74848 5.25031 3.51844 3.39746 3.44921 4.79701 3.34066
threshold=1.0000000180025095e-35 1.0000000180025095e-35 1.0000000180025095e-35 1.0000000180025095e-35 1.0000000180025095e-35 1.0000000180025095e-35 1.0000000180025095e-35 1.0000000180025095e-35 1.0000000180025095e-35 1.0000000180025095e-35 1.0000000180025095e-35 1.0000000180025095e-35 1.0000000180025095e-35 14.97056818008423 12.992471218109133 1.0000000180025095e-35 1.0000000180025095e-35 1.0000000180025095e-35 1.0000000180025095e-35 1.0000000180025095e-35 1.0000000180025095e-35 1.0000000180025095e-35 1.0000000180025095e-35 1.0000000180025095e-35 1.0000000180025095e-35 1.0000000180025095e-35 12.262833595275881 9.5838465690612811 1.0000000180025095e-35 1.0000000180025095e-35
decision_type=2 2 2 2 2 2 2 2 2 2 2 2 2 2 2 2 2 2 2 2 2 2 2 2 2 2 2 2 2 2
left_child=1 5 4 9 7 -1 11 8 16 17 -10 -4 13 14 15 -13 -2 21 19 20 -19 22 -3 24 -24 -21 27 -5 -29 -14
right_child=2 3 6 26 -6 -7 -8 -9 10 -11 -12 12 29 -15 -16 -17 -18 18 -20 25 -22 -23 23 -25 -26 -27 -28 28 -30 -31
leaf_value=-0.04921010153718583 0.0083720851953042515 0.08566546809602972 0.089687958088769906 -0.043255191187651025 -0.032528762489250157 -0.091236913782111614 0.033840529028770598 0.089574500098488413 0.011841040728415561 -0.0066406563923562109 -0.038224546221924505 0.052546868150524818 -0.031113104613895756 0.15520320275389424 -0.031238136915845222 0.14170176598423809 0.046136992843256411 -0.064166823724786021 0.067465822423717722 0.099765576869483188 0.04210669986978368 -0.041368588167795373 -0.092612413327502002 0.078637552192042687 0.056825794542110786 -0.013196050940637184 -0.079912889237953977 -0.074510010286744185 0.1042581571721547 0.064167662234201603
leaf_weight=112.56092277914286 50.854017868638039 21.88378518819809 62.173781156539917 27.271537899971008 63.073562830686569 63.300326511263847 57.87382784485817 8.69006399810314 35.975657358765602 54.93026077747345 24.444156914949417 13.389841645956048 10.400358960032465 5.2609244585037223 4.6648151129484168 7.9786726832389823 45.658629193902016 21.433760792016983 12.325428023934363 6.7783804535865766 10.686683982610701 4.7445396035909644 4.8467909395694715 6.4949025660753241 4.5657959133386612 4.6480826586484909 19.785659223794937 2.3825719729065886 4.056915357708931 5.6946114599704734
leaf_count=985 232 96 274 231 475 754 242 38 183 299 130 58 42 23 20 35 199 95 54 29 47 23 22 28 20 20 176 20 33 23
internal_value=-0.00108055 -0.0305039 0.0273447 -0.00173694 0.00328222 -0.0643374 0.0602109 0.01692 0.0128968 0.0140608 -0.00841409 0.0741404 0.0537422 0.080046 0.0648579 0.0858359 0.0262381 0.0256161 0.00932666 -0.00712893 -0.0288089 0.047013 0.0581089 0.0201996 -0.0201239 0.0538148 -0.0470183 -0.0277118 0.038115 0.00259848
internal_weight=778.829 382.696 396.133 206.835 228.696 175.861 167.437 165.623 156.932 153.338 60.4198 109.563 47.3892 31.2943 26.0333 21.3685 96.5126 98.4082 55.8723 43.5469 32.1204 42.5358 37.7913 15.9075 9.41259 11.4265 53.4967 33.711 6.43949 16.095
internal_count=4906 2932 1974 1193 1257 1739 717 782 744 733 313 475 201 136 113 93 431 434 245 191 142 189 166 70 42 49 460 284 53 65
is_linear=0
shrinkage=0.1


Tree=12
num_leaves=31
num_cat=0
split_feature=10 7 7 15 15 15 15 8 84 13 99 8 8 82 0 11 0 31 16 0 8 31 0 46 6 13 0 0 8 13
split_gain=54.037 32.5298 25.9606 12.3685 9.16639 7.00164 5.47385 4.30309 3.45376 3.4017 3.75361 4.56477 3.3395 3.71349 3.20775 4.83206 5.06205 3.8015 4.86678 3.36436 4.74516 7.18386 4.28625 3.19041 3.63828 4.64475 3.7499 3.88419 3.52085 3.17784
threshold=1.0000000180025095e-35 1.0000000180025095e-35 1.0000000180025095e-35 1.0000000180025095e-35 1.0000000180025095e-35 1.0000000180025095e-35 1.0000000180025095e-35 1.0000000180025095e-35 1.0000000180025095e-35 1.0000000180025095e-35 1.0000000180025095e-35 1.0000000180025095e-35 1.0000000180025095e-35 1.0000000180025095e-35 9.9780974388122576 1.0000000180025095e-35 3.1772758960723881 1.0000000180025095e-35 1.0000000180025095e-35 4.850102663040162 1.0000000180025095e-35 1.0000000180025095e-35 8.8720054626464862 1.0000000180025095e-35 1.0000000180025095e-35 1.0000000180025095e-35 9.0704994201660174 10.260096073150637 1.0000000180025095e-35 1.0000000180025095e-35
decision_type=2 2 2 2 2 2 2 2 2 2 2 2 2 2 2 2 2 2 2 2 2 2 2 2 2 2 2 2 2 2
left_child=1 5 4 29 7 14 23 -2 12 10 11 -6 13 -5 15 -1 -17 -16 -19 -18 21 22 -21 -4 26 -26 -25 -28 -27 -3
right_child=2 3 6 8 9 -7 -8 -9 -10 -11 -12 -13 -14 -15 17 16 19 18 -20 20 -22 -23 -24 24 25 28 27 -29 -30 -31
leaf_value=-0.057171404162152134 0.027747023222845887 0.024052814545103052 -0.012009003952891371 -0.045684364577535469 0.00079314372940288114 -0.088870764362592738 0.030321382349500089 -0.0054463126066853634 0.02882075602561774 -0.062540836523717697 0.055692949725985257 -0.075758422695958824 -0.089359989660453359 0.066511764145675792 -0.081858977302336766 -0.096338091891700825 0.082602511979336102 0.044512422709713249 -0.080764026832221281 -0.075612643589454229 -0.069131381689083934 0.16452459873385109 0.077393498241945385 0.11377586075765796 0.072783947271820804 0.045042567556574008 -0.020169153525155165 0.07814168024261621 -0.058836171224886408 -0.0054629413898000939
leaf_weight=32.196348987519741 103.14297841489315 93.954480543732643 4.7118366956710807 26.202417552471164 21.856278836727142 58.72424091398716 58.117791742086411 62.855369418859482 5.7900717854499808 21.09490417689085 6.6451550871133795 12.102989323437212 16.374067716300488 3.3242997229099265 35.688311606645584 4.6139046996831921 6.0355923697352436 6.2548965737223607 6.1500192582607269 4.6179726570844668 6.8307201042771331 3.1476967334747314 3.0336143672466278 28.677586153149605 26.294548064470291 7.5712518244981748 4.6562766581773749 29.354972243309021 5.7338084131479263 59.627628326416016
leaf_count=276 451 420 21 240 146 754 242 331 35 189 42 98 154 31 359 37 52 55 60 35 67 22 22 129 117 34 21 130 23 313
internal_value=-0.0010392 -0.0283227 0.0248378 -0.00164718 0.00294605 -0.0610541 0.0550265 0.0151783 -0.0439584 -0.0299642 -0.01304 -0.0264896 -0.053139 -0.0330526 -0.0460083 -0.0306798 -0.000519046 -0.0652834 -0.0175962 0.0181621 -0.00389896 0.0373616 -0.0149505 0.0684452 0.0721513 0.0484221 0.0871407 0.0646825 0.000276082 0.0125934
internal_weight=765.382 372.566 392.816 205.273 227.698 167.293 165.118 165.998 51.6909 61.6993 40.6044 33.9593 45.9008 29.5267 108.569 60.4758 28.2795 48.0932 12.4049 23.6656 17.63 10.7993 7.65159 107 102.288 39.5996 62.6888 34.0112 13.3051 153.582
internal_count=4906 2932 1974 1193 1257 1739 717 782 460 475 286 244 425 271 985 511 235 474 115 198 146 79 57 475 454 174 280 151 57 733
is_linear=0
shrinkage=0.1


Tree=13
num_leaves=31
num_cat=0
split_feature=10 7 7 15 15 15 15 113 13 140 0 16 0 82 0 0 16 0 13 64 0 6 11 45 0 1 73 0 1 13
split_gain=44.8213 28.4781 21.5252 10.3468 7.55375 6.75516 4.84669 3.77237 3.61335 3.25511 3.49057 4.81149 6.3178 4.19548 3.55678 3.16573 3.07598 3.71333 3.72078 3.6034 3.80647 3.6743 3.0514 6.16784 3.04227 3.37195 3.35164 3.11729 3.69559 2.9987
threshold=1.0000000180025095e-35 1.0000000180025095e-35 1.0000000180025095e-35 1.0000000180025095e-35 1.0000000180025095e-35 1.0000000180025095e-35 1.0000000180025095e-35 1.0000000180025095e-35 1.0000000180025095e-35 1.0000000180025095e-35 14.405201911926271 1.0000000180025095e-35 12.921286582946779 1.0000000180025095e-35 12.34633779525757 12.262833595275881 1.0000000180025095e-35 14.205338954925539 1.0000000180025095e-35 1.0000000180025095e-35 15.979465961456301 1.0000000180025095e-35 1.0000000180025095e-35 1.0000000180025095e-35 16.041068077087406 0.61076888442039501 1.0000000180025095e-35 4.850102663040162 -0.40056277811527247 1.0000000180025095e-35
decision_type=2 2 2 2 2 2 2 2 2 2 2 2 2 2 2 2 2 2 2 2 2 2 2 2 2 2 2 2 2 2
left_child=1 5 4 -3 7 29 16 8 22 10 11 12 13 -10 -13 -5 19 18 -18 20 21 -4 -2 -24 25 27 -26 -6 -29 -1
right_child=2 3 6 15 24 -7 -8 -9 9 -11 -12 14 -14 -15 -16 -17 17 -19 -20 -21 -22 -23 23 -25 26 -27 -28 28 -30 -31
leaf_value=-0.027340801497551272 0.037019889302703328 0.011297061425640223 0.070563496771036169 -0.022215698837200218 -0.073669189374587774 -0.086502500822990505 0.027193533212472115 0.077256723246217504 0.018737479969405054 0.076229965583607118 -0.070792403141251445 -0.022659839536923219 0.12536508314623529 -0.089382773017806075 -0.13372728369584702 -0.074664865991178109 0.12849047972866984 0.027542060268349301 0.059229989311942621 -0.026768921128135933 0.13469048011993842 0.016579361054824424 0.023863786335666638 -0.065679743149544334 0.091085927495757502 -0.1167033547722213 -0.04048267048963889 0.084938814851881761 -0.024257564824551509 -0.061249450869013893
leaf_weight=56.102054595947266 56.5569037348032 154.01971757411957 30.656067505478859 32.021925427019596 11.517848089337347 54.517015978693962 58.311332389712334 8.8219639211893064 20.599108994007118 4.1605657488107672 9.4732756316661817 13.457923576235773 4.7830027490854254 4.3461752384901038 3.6693954318761817 17.96359558403492 19.0877965092659 8.957399830222128 13.065827906131743 5.6617045551538459 5.6629633903503409 21.41536708176136 30.223045572638512 10.318818554282187 4.2124009728431693 4.7484994530677787 3.5832219496369362 3.4222990423440924 32.84082855284214 48.736526690423489
leaf_count=527 251 733 141 284 95 754 242 38 106 21 51 69 23 23 20 176 90 41 58 24 26 95 133 47 30 40 24 26 260 458
internal_value=-0.00101257 -0.0262755 0.0225517 -0.00153265 0.00263207 -0.057951 0.0502911 0.0136216 0.0100593 -0.00912564 -0.0154302 -0.00423704 0.020086 -0.000100131 -0.0464552 -0.0410647 0.0631788 0.0844833 0.100346 0.0493633 0.0568292 0.0483615 0.0220109 0.00107294 -0.0276833 -0.0363344 0.030611 -0.0283473 -0.0139523 -0.043104
internal_weight=752.915 363.361 389.554 204.005 226.735 159.356 162.818 166.41 157.588 60.4894 56.3289 46.8556 29.7283 24.9453 17.1273 49.9855 104.507 41.111 32.1536 63.3961 57.7344 52.0714 97.0988 40.5419 60.3251 52.5295 7.79562 47.781 36.2631 104.839
internal_count=4906 2932 1974 1193 1257 1739 717 782 744 313 292 241 152 129 89 460 475 189 148 286 262 236 431 180 475 421 54 381 286 985
is_linear=0
shrinkage=0.1


Tree=14
num_leaves=31
num_cat=0
split_feature=10 7 7 15 15 15 8 0 0 5 0 13 16 56 46 69 54 26 0 99 8 13 108 99 8 26 0 8 94 61
split_gain=37.0329 24.7839 17.8771 8.62003 6.53277 6.21609 4.91725 5.10022 5.6078 4.61303 3.96464 3.76841 4.47933 3.86479 3.52148 4.01724 6.10645 6.92423 5.5566 4.66266 3.44511 3.03747 3.73659 3.69476 3.82666 3.1741 3.03213 3.82581 3.77969 3.76057
threshold=1.0000000180025095e-35 1.0000000180025095e-35 1.0000000180025095e-35 1.0000000180025095e-35 1.0000000180025095e-35 1.0000000180025095e-35 1.0000000180025095e-35 15.979465961456301 14.205338954925539 1.0000000180025095e-35 8.1492128372192401 1.0000000180025095e-35 1.0000000180025095e-35 1.0000000180025095e-35 1.0000000180025095e-35 1.0000000180025095e-35 1.0000000180025095e-35 1.0000000180025095e-35 14.29021215438843 1.0000000180025095e-35 1.0000000180025095e-35 1.0000000180025095e-35 1.0000000180025095e-35 1.0000000180025095e-35 1.0000000180025095e-35 1.0000000180025095e-35 11.824777603149416 1.0000000180025095e-35 1.0000000180025095e-35 1.0000000180025095e-35
decision_type=2 2 2 2 2 2 2 2 2 2 2 2 2 2 2 2 2 2 2 2 2 2 2 2 2 2 2 2 2 2
left_child=1 4 5 -3 26 20 14 8 9 11 -11 12 -8 -13 -4 19 18 -18 -17 -16 -2 22 23 24 -7 -23 27 29 -29 -1
right_child=2 3 6 -5 -6 21 7 -9 -10 10 -12 13 -14 -15 15 16 17 -19 -20 -21 -22 25 -24 -25 -26 -27 -28 28 -30 -31
leaf_value=0.0099990312541284494 0.023424707262892065 0.010128003901452215 -0.019546149974674139 -0.03820583878015936 -0.084119209306127277 0.0096120444395882878 -0.0024070860053438214 0.097545323085806906 -0.079108671390126867 0.11509054959445059 0.010347842045798116 0.023180009833121545 0.090634194087341163 -0.093970082850160938 0.08735654546572047 0.050821493236104742 0.14919683044841875 0.0018531193614796529 -0.097224522431224383 0.010931269993841655 -0.0062397289099109529 -0.014001695537782159 -0.12031150414921379 0.06987178558526759 -0.065746368556905965 -0.094569769624915478 -0.06524511558596835 -0.068183614412859264 0.068607513914742069 -0.056667771805297085
leaf_weight=29.579642437398434 103.53122417628765 154.58647462725639 5.2306149303913108 48.466840729117393 50.655927956104279 20.456043556332588 16.127838864922527 8.3242322504520398 5.8376070857048026 8.6261258423328382 6.2190922498702994 5.0273256599903089 7.6188178807497016 6.4022782146930695 58.958469554781914 4.7012525796890259 6.3137771189212799 6.445146843791008 5.5025635957717896 9.2330227196216565 62.956890106201172 9.0346218645572662 2.8262533992528907 6.1293660849332801 10.048424579203131 10.658691421151161 32.657636813819408 25.218211956322197 2.1958296075463286 11.851296842098234
leaf_count=231 451 733 24 460 754 139 71 37 25 39 27 21 36 26 268 21 28 28 24 42 331 86 21 38 88 103 363 268 21 102
internal_value=-0.000970555 -0.0242745 0.020463 -0.00140881 -0.0547884 0.00231376 0.0459675 0.0245226 0.0136406 0.0244646 0.0712108 0.00473658 0.027444 -0.0424415 0.0602478 0.0648266 0.0286499 0.0747664 -0.0290146 0.0770087 0.0122072 -0.0255315 -0.00952314 -0.000975963 -0.0152116 -0.0576079 -0.0401506 -0.0282466 -0.0572268 -0.00907097
internal_weight=741.422 355.212 386.21 203.053 152.159 225.642 160.568 64.1833 55.8591 50.0215 14.8452 35.1763 23.7467 11.4296 96.3848 91.1542 22.9627 12.7589 10.2038 68.1915 166.488 59.1534 39.4601 36.6338 30.5045 19.6933 101.503 68.845 27.414 41.4309
internal_count=4906 2932 1974 1193 1739 1257 717 282 245 220 66 154 107 47 435 411 101 56 45 310 782 475 286 265 227 189 985 622 289 333
is_linear=0
shrinkage=0.1


Tree=15
num_leaves=31
num_cat=0
split_feature=10 7 7 15 15 15 15 84 8 82 13 134 8 0 11 74 26 56 0 11 0 31 16 21 13 8 61 35 133 12
split_gain=30.6073 21.5562 14.8218 7.16256 6.24898 5.13204 4.62067 3.10941 3.2846 3.26322 2.98333 3.22431 2.98052 2.90489 2.87874 3.06845 7.945 4.53926 2.79838 4.26006 4.63946 3.71927 4.40149 3.4086 2.81152 2.74916 2.93011 4.96359 3.95947 3.38225
threshold=1.0000000180025095e-35 1.0000000180025095e-35 1.0000000180025095e-35 1.0000000180025095e-35 1.0000000180025095e-35 1.0000000180025095e-35 1.0000000180025095e-35 1.0000000180025095e-35 1.0000000180025095e-35 1.0000000180025095e-35 1.0000000180025095e-35 1.0000000180025095e-35 1.0000000180025095e-35 5.4948666095733651 1.0000000180025095e-35 1.0000000180025095e-35 1.0000000180025095e-35 1.0000000180025095e-35 9.9780974388122576 1.0000000180025095e-35 3.1772758960723881 1.0000000180025095e-35 1.0000000180025095e-35 1.0000000180025095e-35 1.0000000180025095e-35 1.0000000180025095e-35 1.0000000180025095e-35 1.0000000180025095e-35 1.0000000180025095e-35 1.0000000180025095e-35
decision_type=2 2 2 2 2 2 2 2 2 2 2 2 2 2 2 2 2 2 2 2 2 2 2 2 2 2 2 2 2 2
left_child=1 4 5 12 18 10 -4 8 9 -5 -2 -12 -3 -13 15 17 -17 -8 19 25 -21 23 24 -20 -23 26 27 28 29 -1
right_child=2 3 6 7 -6 -7 14 -9 -10 -11 11 13 -14 -15 -16 16 -18 -19 21 20 -22 22 -24 -25 -26 -27 -28 -29 -30 -31
leaf_value=0.15990911276970396 0.02158764871341785 0.019451056366363628 0.055046553254803413 -0.037337022320886759 -0.081710573141078588 -0.023571711345775778 -0.0069896566620576868 0.03426018094396617 -0.08368001472389483 0.069008545513026487 -0.015455886906433486 -0.019708298752813637 -0.0094535719840589828 0.090343716152156639 0.052105822995975243 0.054195676584176289 -0.10048127912208865 0.079453227309482718 -0.088051679831463253 -0.091522068067517004 0.023621431892540054 0.10650015949649033 -0.074012982762461571 0.0092198035880330671 -0.032374808595241104 -0.085972833921969555 -0.092758264823174869 -0.11738327706158114 -0.056043895179103888 0.015900210140006001
leaf_weight=2.8848733678460139 102.26273648440838 99.464453592896461 100.00587697327137 23.863551639020447 47.118146359920502 57.983336113393307 16.717435777187347 5.6340076923370352 14.312989391386507 3.2822837382554999 54.486411869525909 3.9968166053295118 55.625190630555153 5.9975629895925522 18.623419389128685 5.8135347217321378 7.7447477579116821 9.5420879572629946 26.667804777622226 4.1348340511322048 22.76935350894928 3.6058800816535932 5.3702882900834084 4.1651700735092154 2.4470938369631767 11.998001940548422 4.5149886533617964 2.7652616947889319 3.2627472504973412 3.7520164102315903
leaf_count=23 451 434 475 240 754 475 70 35 154 31 283 20 299 28 77 24 32 39 311 37 198 32 60 48 23 135 40 22 26 30
internal_value=-0.000923434 -0.0224088 0.0185694 -0.00128768 -0.0517669 0.00205486 0.0419921 -0.0354444 -0.0449168 -0.0244785 0.0109662 -0.00587871 0.00908398 0.0463332 0.0196532 0.00447455 -0.0341587 0.0244216 -0.0374196 -0.0227767 0.00592533 -0.0568534 -0.00811226 -0.0749115 0.0503558 -0.0492421 -0.0235904 0.00106774 0.0341546 0.0784969
internal_weight=730.813 347.639 383.174 202.182 145.456 224.727 158.447 47.0928 41.4588 27.1458 166.744 64.4808 155.09 9.99438 58.4412 39.8178 13.5583 26.2595 98.3383 56.0821 26.9042 42.2562 11.4233 30.833 6.05297 29.1779 17.1799 12.6649 9.89964 6.63689
internal_count=4906 2932 1974 1193 1739 1257 717 460 425 271 782 331 733 48 242 165 56 109 985 511 235 474 115 359 55 276 141 101 79 53
is_linear=0
shrinkage=0.1


Tree=16
num_leaves=31
num_cat=0
split_feature=10 7 7 15 15 104 15 46 8 13 16 62 0 0 0 14 0 54 16 95 113 1 44 0 16 67 13 31 54 1
split_gain=25.3466 18.7178 12.2588 5.97525 5.91243 4.4535 4.20118 3.98403 4.0295 4.4941 4.87438 3.97869 3.02521 4.36319 3.00811 2.98806 4.31578 3.48902 5.8727 2.98016 2.95793 3.27466 3.16511 5.08113 2.79837 2.75212 2.70754 5.23001 5.89813 6.68644
threshold=1.0000000180025095e-35 1.0000000180025095e-35 1.0000000180025095e-35 1.0000000180025095e-35 1.0000000180025095e-35 1.0000000180025095e-35 1.0000000180025095e-35 1.0000000180025095e-35 1.0000000180025095e-35 1.0000000180025095e-35 1.0000000180025095e-35 1.0000000180025095e-35 5.9671459197998056 3.2429842948913579 12.262833595275881 1.0000000180025095e-35 9.6605067253112811 1.0000000180025095e-35 1.0000000180025095e-35 1.0000000180025095e-35 1.0000000180025095e-35 0.92577382922172557 1.0000000180025095e-35 16.495551109313968 1.0000000180025095e-35 1.0000000180025095e-35 1.0000000180025095e-35 1.0000000180025095e-35 1.0000000180025095e-35 -0.48056885600090021
decision_type=2 2 2 2 2 2 2 2 2 2 2 2 2 2 2 2 2 2 2 2 2 2 2 2 2 2 2 2 2 2
left_child=1 4 6 -3 26 7 20 -4 12 10 -10 -11 13 -9 15 16 17 18 -5 -14 21 22 -2 -24 -17 -13 27 28 -1 -30
right_child=2 3 5 14 -6 -7 -8 8 9 11 -12 25 19 -15 -16 24 -18 -19 -20 -21 -22 -23 23 -25 -26 -27 -28 -29 29 -31
leaf_value=0.0046101082569990921 -0.076324740775675429 0.0081615885007917093 -0.028817400720142612 0.084223407125351535 -0.079268664450096282 -0.053642700190322447 -0.021585038674092848 0.016380191838492607 0.01847873381741896 0.043387113310700588 0.092173505546507634 0.00066187681633822363 0.040154848092043893 0.120684686507084 -0.068018099179883162 -0.089000846990784435 0.10811062175372768 -0.069082029149744775 -0.082773705576429699 0.10353259479527788 0.066025395574700496 -0.076447205289317297 0.0076779193816142307 0.098395086427266035 0.028109448886484586 -0.098822030168646713 -0.053318635858424251 0.04265302083290351 0.054220375931403733 -0.095543856979418529
leaf_weight=19.295758210122585 4.2095724791288367 155.28789725899696 7.6639083772897711 6.0468657687306422 43.881180576980114 5.0927539318799964 57.039669454097748 5.4879114925861385 26.377305835485458 6.8687602877616891 13.60430087149143 5.1287500411272049 56.597137853503227 14.897159606218336 15.941852852702139 7.5920746922492999 3.5788705348968497 6.5921172425150862 3.2310111522674561 8.5386900901794416 8.8753532320260984 4.5991876721382132 142.76759028434753 6.4532939642667762 2.7902971655130386 6.0739966183900833 43.524165235459805 10.738020114600657 3.5594176054000881 18.348603494465351
leaf_count=191 22 733 35 59 754 24 475 26 119 29 66 21 262 71 176 71 32 64 32 39 38 21 671 30 26 25 458 100 34 202
internal_value=-0.000897851 -0.0207193 0.0168456 -0.00119787 -0.0488865 0.038335 0.00184437 0.0414322 0.0451821 0.0248486 0.0435544 -0.0165362 0.0589848 0.0926046 -0.0329504 -0.0142101 0.00891373 -0.0134563 0.0260668 0.0484631 0.00985135 0.00669647 0.00918876 0.0116011 -0.0575271 -0.0532771 -0.0349212 -0.0195053 -0.0357042 -0.0712115
internal_weight=720.683 340.408 380.275 201.061 139.347 156.331 223.945 151.238 143.574 58.0531 39.9816 18.0715 85.5209 20.3851 45.7731 29.8312 19.4489 15.87 9.27788 65.1358 166.905 158.03 153.43 149.221 10.3824 11.2027 95.466 51.9418 41.2038 21.908
internal_count=4906 2932 1974 1193 1739 717 1257 693 658 260 185 75 398 97 460 284 187 155 91 301 782 744 723 701 97 46 985 527 427 236
is_linear=0
shrinkage=0.1


Tree=17
num_leaves=31
num_cat=0
split_feature=10 7 7 15 15 15 13 138 35 15 67 12 1 5 8 1 14 11 6 12 83 61 46 0 8 31 16 21 64 42
split_gain=20.9522 16.1448 10.1389 5.59042 4.99946 4.35694 4.21351 3.88528 4.12012 3.68428 3.54214 3.33643 4.59571 3.20058 3.09086 4.40966 4.3059 9.64965 5.66021 3.01152 2.82719 3.27006 2.76202 3.0135 4.10079 2.94878 3.53013 3.33791 2.87173 4.8152
threshold=1.0000000180025095e-35 1.0000000180025095e-35 1.0000000180025095e-35 1.0000000180025095e-35 1.0000000180025095e-35 1.0000000180025095e-35 1.0000000180025095e-35 1.0000000180025095e-35 1.0000000180025095e-35 1.0000000180025095e-35 1.0000000180025095e-35 1.0000000180025095e-35 -0.14837630838155744 1.0000000180025095e-35 1.0000000180025095e-35 -0.22138565033674237 1.0000000180025095e-35 1.0000000180025095e-35 1.0000000180025095e-35 1.0000000180025095e-35 1.0000000180025095e-35 1.0000000180025095e-35 1.0000000180025095e-35 9.9780974388122576 1.0000000180025095e-35 1.0000000180025095e-35 1.0000000180025095e-35 1.0000000180025095e-35 1.0000000180025095e-35 1.0000000180025095e-35
decision_type=2 2 2 2 2 2 2 2 2 2 2 2 2 2 2 2 2 2 2 2 2 2 2 2 2 2 2 2 2 2
left_child=1 3 6 22 -3 -4 14 8 9 13 -10 12 -12 20 -2 -16 19 18 -18 -17 21 -8 -1 24 -24 27 -27 28 -25 -30
right_child=2 4 5 -5 -6 -7 7 -9 10 -11 11 -13 -14 -15 15 16 17 -19 -20 -21 -22 -23 23 25 -26 26 -28 -29 29 -31
leaf_value=-0.11193796890228856 0.023631755557746579 0.007325681438849538 0.048036020547293355 -0.076787861988584144 -0.030632339820241203 0.013380322498370432 -0.088529533987719844 0.065653468846767565 -0.043768709343312978 -0.081387270721357319 0.0062162467594261113 -0.019465108922981807 0.16501856604180601 0.01160520602358849 -0.051101810903844441 -0.045618890737259749 0.041967155513934144 -0.08278581107760416 0.19529701485170992 0.026593380817330765 0.014963464292847934 -0.0092442969537846181 0.0096215067163659095 -0.098670708239998975 -0.048852161068571348 0.042552945710392823 -0.070172518276550591 0.01707463368786279 0.11694397324311723 -0.10888597828368143
leaf_weight=4.1727745011448851 88.087151922285557 155.68439374864101 96.240337386727333 40.923171989619732 44.650711372494698 58.224337384104729 13.998960584402088 5.4088880345225325 5.5916882529854783 13.021898947656153 3.3157460317015657 4.0548209697008133 4.0462609156966201 18.17080694437027 15.844776153564451 13.131333559751511 5.5346745774149877 3.6002427339553824 4.2611757144331932 10.309119321405888 6.7131337821483603 8.278183788061142 31.343272618949413 18.974796459078796 19.427431657910347 6.3054077550768834 4.9661111980676651 3.9235749691724768 1.7724111452698701 2.020504966378212
leaf_count=46 430 733 475 754 460 242 74 35 37 136 20 23 26 93 101 75 33 21 20 57 33 43 252 248 227 55 59 47 24 27
internal_value=-0.000858765 -0.0190996 0.0152739 -0.0459926 -0.00113441 0.0349728 0.00165163 -0.016278 -0.0220191 -0.034301 0.0214393 0.0533767 0.0934962 -0.0212998 0.0121724 -0.00698841 0.0119864 0.0572122 0.108665 -0.0138599 -0.0419243 -0.0590672 -0.0324279 -0.0286889 -0.0127535 -0.0500007 -0.00711269 -0.0681119 -0.0827922 -0.00335675
internal_weight=711.998 334.165 377.834 133.829 200.335 154.465 223.369 82.6004 77.1915 60.183 17.0085 11.4168 7.36201 47.1611 140.768 52.6813 36.8365 13.3961 9.79585 23.4405 28.9903 22.2771 92.9063 88.7335 50.7707 37.9628 11.2715 26.6913 22.7677 3.79292
internal_count=4906 2932 1974 1739 1193 717 1257 520 485 379 106 69 46 243 737 307 206 74 53 132 150 117 985 939 479 460 114 346 299 51
is_linear=0
shrinkage=0.1


Tree=18
num_leaves=31
num_cat=0
split_feature=10 7 7 15 15 8 0 0 108 5 15 0 13 134 80 15 16 33 16 88 21 6 0 36 0 54 26 68 0 6
split_gain=17.2561 13.9413 8.39759 5.23295 4.13729 3.78897 4.33633 4.60052 3.71632 4.6832 3.88886 5.59333 3.45393 3.50821 4.21998 3.30174 3.2881 3.1438 2.95859 2.88091 3.06738 7.57072 3.48795 2.87764 2.83705 7.64939 4.98399 4.55174 2.81073 3.86059
threshold=1.0000000180025095e-35 1.0000000180025095e-35 1.0000000180025095e-35 1.0000000180025095e-35 1.0000000180025095e-35 1.0000000180025095e-35 15.979465961456301 13.938398361206056 1.0000000180025095e-35 1.0000000180025095e-35 1.0000000180025095e-35 9.7262148857116717 1.0000000180025095e-35 1.0000000180025095e-35 1.0000000180025095e-35 1.0000000180025095e-35 1.0000000180025095e-35 1.0000000180025095e-35 1.0000000180025095e-35 1.0000000180025095e-35 1.0000000180025095e-35 1.0000000180025095e-35 2.7748117446899419 1.0000000180025095e-35 14.29021215438843 1.0000000180025095e-35 1.0000000180025095e-35 1.0000000180025095e-35 2.8952771425247197 1.0000000180025095e-35
decision_type=2 2 2 2 2 2 2 2 2 2 2 2 2 2 2 2 2 2 2 2 2 2 2 2 2 2 2 2 2 2
left_child=1 3 12 -1 -3 24 7 8 9 10 11 16 19 14 15 18 -7 -17 -14 20 22 -22 -2 -20 28 27 -27 -26 -4 -30
right_child=2 4 5 -5 -6 6 -8 -9 -10 -11 -12 -13 13 -15 -16 17 -18 -19 23 -21 21 -23 -24 -25 25 26 -28 -29 29 -31
leaf_value=-0.030134919366033176 -0.059383473009542137 0.0065773588862161701 -0.0084778604304444321 -0.074264791173975872 -0.028262433012504931 -0.051913003046666628 0.081851422804143315 -0.074965313561382044 -0.070664217945663854 0.074424488901090588 -0.048085456516700036 0.09685440527831643 -0.0016638199093341874 0.033459165193076242 0.048913189121477504 -0.10178075215910541 0.055423865194415091 0.01104542190283384 -0.075952086843874431 0.097344977961311807 -0.087906603106934045 0.053478457307942595 0.017894058207212054 0.023123513663714918 0.018118271560381313 0.12128865457532795 -0.0094606037424100186 -0.1188814631215462 0.080817612179991782 0.029781005194753237
leaf_weight=90.474420130252838 6.1532346159219733 156.0376023799181 6.3712533116340628 38.223110258579254 43.611799471080303 7.9399647712707537 7.9296285808086386 6.6893064081668845 4.708305448293685 12.493624061346052 10.342128708958628 7.3321197628974906 31.274473592638969 12.658143885433672 7.1524412184953681 10.553317584097384 4.4554200172424316 3.2241550236940375 13.037372916936876 3.7536241039633742 9.7040805444121343 6.211539924144744 114.9861313700676 3.7820184826850882 4.696793869137764 6.9926303029060364 5.0000588297843933 5.0141568183898926 38.629757240414619 24.048217460513115
leaf_count=985 36 733 31 754 460 36 37 29 20 59 43 35 161 75 45 117 23 32 70 19 53 30 599 20 22 33 23 22 189 115
internal_value=-0.000836277 -0.0175769 0.0138165 -0.0432415 -0.00103311 0.0318799 0.0128016 0.00265467 0.0136385 0.022964 0.0015827 0.0276212 0.00142372 -0.0149351 -0.0238101 -0.032217 -0.0133316 -0.0753776 -0.0198528 0.0109134 0.0085462 -0.0327269 0.0139688 -0.0536739 0.0448907 0.013354 0.0667759 -0.0526202 0.0548034 0.0612359
internal_weight=703.481 328.347 375.134 128.698 199.649 152.643 61.8905 53.9609 47.2716 42.5633 30.0696 19.7275 222.491 81.6819 69.0238 61.8713 12.3954 13.7775 48.0939 140.809 137.055 15.9156 121.139 16.8194 90.7529 21.7036 11.9927 9.71095 69.0492 62.678
internal_count=4906 2932 1974 1739 1193 717 282 245 216 196 137 94 1257 520 445 400 59 149 251 737 718 83 635 90 435 100 56 44 335 304
is_linear=0
shrinkage=0.1


Tree=19
num_leaves=31
num_cat=0
split_feature=13 8 15 15 8 80 0 83 61 79 168 113 10 0 54 0 1 10 0 14 81 68 134 177 8 10 61 6 94 108
split_gain=14.6339 8.01704 7.84499 7.67656 7.66233 5.16847 6.52015 5.13555 4.6946 5.9912 5.50713 4.47488 4.41374 4.41043 4.39197 6.23887 7.93436 7.30015 7.21873 6.73331 5.64533 4.30698 3.91363 4.17534 4.07229 3.89891 5.46847 3.79922 3.74473 3.71036
threshold=1.0000000180025095e-35 1.0000000180025095e-35 1.0000000180025095e-35 1.0000000180025095e-35 1.0000000180025095e-35 1.0000000180025095e-35 9.5838465690612811 1.0000000180025095e-35 1.0000000180025095e-35 1.0000000180025095e-35 1.0000000180025095e-35 1.0000000180025095e-35 1.0000000180025095e-35 17.746748924255375 1.0000000180025095e-35 9.7262148857116717 -0.030344513244926926 1.0000000180025095e-35 5.6960985660552987 1.0000000180025095e-35 1.0000000180025095e-35 1.0000000180025095e-35 1.0000000180025095e-35 1.0000000180025095e-35 1.0000000180025095e-35 1.0000000180025095e-35 1.0000000180025095e-35 1.0000000180025095e-35 1.0000000180025095e-35 1.0000000180025095e-35
decision_type=2 2 2 2 2 2 2 2 2 2 2 2 2 2 2 2 2 2 2 2 2 2 2 2 2 2 2 2 2 2
left_child=1 13 8 4 11 22 -7 12 9 10 -3 25 -4 14 21 16 17 -16 -19 28 27 -1 23 -5 -24 -2 -27 -21 -17 -10
right_child=3 2 7 5 -6 6 -8 -9 29 -11 -12 -13 -14 -15 15 19 -18 18 -20 20 -22 -23 24 -25 -26 26 -28 -29 -30 -31
leaf_value=0.043693559307869299 -0.016573355164444931 -0.0062299840844678833 -0.070269253155393396 -0.073657726736225157 -0.036317286147491017 -0.059040789617357849 0.17527669214666231 -0.12877421855776824 0.021833593735498161 -0.093850657421677225 0.10821270501051897 0.082555268249299249 -0.0020229431822630681 -0.066063501396855531 -0.042417907059865458 0.042615533684234597 -0.092469716373716176 -0.020333945681824204 0.091490670294300788 0.054217233237135135 -0.071005772410502321 -0.0090459155742631629 -0.045510801714964924 0.078679540658969385 0.11270844790288392 -0.0010141949980214148 0.06668487310310571 -0.026334469791439653 0.1248382601743112 0.11012440469075263
leaf_weight=111.27019870281219 64.681375212967396 68.739436097443104 15.647986028343437 48.782475136220455 70.652447134256363 2.5528645627200595 2.2204454280436039 5.9214990846812716 39.273136369884014 7.3648000061511985 4.4788084626197806 6.9787429347634307 24.02799291908741 5.6380312703549853 19.033412825316191 35.143158573657274 10.805199831724165 10.516706690192224 12.797603964805601 14.118481416255236 9.2698301970958692 17.987895041704178 4.5205043740570536 1.8681009970605362 2.5412313602864742 39.681851327419281 17.061854347586632 10.004213847219944 6.5754548273980609 5.416173815727233
leaf_count=683 440 447 248 574 509 28 25 63 227 44 26 38 152 32 159 235 65 52 62 96 64 115 50 20 30 200 82 63 43 34
internal_value=-0.000781298 0.0104782 -0.00638827 -0.0194665 -0.00986775 -0.0500446 0.0499589 -0.041904 0.00653898 -0.00787725 0.000770551 0.00468574 -0.0289389 0.0214296 0.0233451 0.0102352 -0.0159821 0.00353402 0.0410484 0.0287881 -0.00467776 0.0363542 -0.0583158 -0.0680392 0.0114259 0.000210295 0.0193417 0.0208107 0.055575 0.0325341
internal_weight=695.572 434.03 170.87 261.542 199.056 62.4856 4.77331 45.5975 125.272 80.583 73.2182 128.404 39.676 263.16 257.522 128.264 53.1529 42.3477 23.3143 75.1111 33.3925 129.258 57.7123 50.6506 7.06174 121.425 56.7437 24.1227 41.7186 44.6893
internal_count=4906 2910 1241 1996 1269 727 53 463 778 517 473 760 400 1669 1637 839 338 273 114 501 223 798 674 594 80 722 282 159 278 261
is_linear=0
shrinkage=0.1


Tree=20
num_leaves=31
num_cat=0
split_feature=10 7 7 15 104 0 8 140 26 54 22 67 0 12 53 35 11 0 130 73 42 11 0 15 11 63 5 74 26 68
split_gain=12.826 11.7829 7.47379 4.60555 3.9179 3.50665 3.24931 3.36308 5.01502 3.28637 3.90073 3.13121 5.45336 3.84081 4.16453 3.18753 2.96703 2.82931 6.71565 3.73377 5.64517 5.12135 3.61325 2.81155 2.95882 2.9387 2.80622 2.70232 5.80044 3.24336
threshold=1.0000000180025095e-35 1.0000000180025095e-35 1.0000000180025095e-35 1.0000000180025095e-35 1.0000000180025095e-35 2.3121149539947514 1.0000000180025095e-35 1.0000000180025095e-35 1.0000000180025095e-35 1.0000000180025095e-35 1.0000000180025095e-35 1.0000000180025095e-35 6.1615331172943124 1.0000000180025095e-35 1.0000000180025095e-35 1.0000000180025095e-35 1.0000000180025095e-35 9.0704994201660174 1.0000000180025095e-35 1.0000000180025095e-35 1.0000000180025095e-35 1.0000000180025095e-35 9.7262148857116717 1.0000000180025095e-35 1.0000000180025095e-35 1.0000000180025095e-35 1.0000000180025095e-35 1.0000000180025095e-35 1.0000000180025095e-35 1.0000000180025095e-35
decision_type=2 2 2 2 2 2 2 2 2 2 2 2 2 2 2 2 2 2 2 2 2 2 2 2 2 2 2 2 2 2
left_child=1 3 -2 -1 5 -4 7 9 -9 10 -3 12 -8 14 -14 -13 -17 18 -11 21 22 -19 -21 25 27 -7 -24 29 -29 -25
right_child=2 6 4 -5 -6 23 11 8 -10 17 -12 15 13 -15 -16 16 -18 19 -20 20 -22 -23 26 24 -26 -27 -28 28 -30 -31
leaf_value=-0.02757135036681533 0.00023334302537150227 0.028310012602005864 -0.057939586767183783 -0.070566017613481621 -0.057983258455008062 0.05057286993032472 0.034975764913918503 0.1472262585840439 -0.0079550921697247329 -0.10340268944066788 -0.048876941644344342 -0.016545414650043597 -0.085840941306809915 -0.12957886149418307 0.033067364680401161 0.096966793050782762 -0.010787638705927055 -0.076197905285979251 0.012955036301385742 0.12060469392335726 0.11041597713388135 0.039889667060220263 -0.0783381371641267 0.041415845399135787 0.051655454990337725 -0.031730947711612653 0.0295935660290443 0.039892244942207999 -0.093733401457211818 -0.044084911184653547
leaf_weight=88.098891530185938 221.43299186974764 58.999318264424801 4.1940451860427848 34.738621782511473 4.9872610121965399 81.094674557447433 6.3614958599209812 4.214290149509905 4.1170045211911201 9.6337160021066666 7.3644900247454634 32.825985014438629 7.249713748693468 7.2097373306751242 4.9608618691563606 5.5392576828598958 4.7437114119529724 9.7995731234550494 10.224603816866875 1.880174078047278 6.4225561320781699 6.207523562014102 5.4660195112228376 18.716060727834705 17.115409821271896 4.5834578424692145 4.307119257748127 5.7971937060356122 7.3888811022043228 5.8151279985904685
leaf_count=985 1257 330 20 754 24 424 40 23 21 58 44 222 53 49 39 32 29 52 60 11 32 39 34 78 72 20 25 24 31 24
internal_value=-0.000752476 -0.015411 0.0119011 -0.0397303 0.0291608 0.0321642 -0.000287385 0.00909862 0.0705416 0.00484361 0.0197445 -0.0178134 -0.0453813 -0.0717037 -0.0375314 -0.00132615 0.0472578 -0.0134889 -0.0434927 0.00399276 0.0351394 -0.0311794 -0.00634815 0.0348537 0.0171716 0.0461699 -0.0307716 0.00152345 -0.0349855 0.0211479
internal_weight=691.49 320.365 371.125 122.838 149.692 144.705 197.527 128.636 8.33129 120.305 66.3638 68.8908 25.7818 19.4203 12.2106 43.109 10.283 53.9413 19.8583 34.083 18.0759 16.0071 11.6533 140.511 54.8327 85.6781 9.77314 37.7173 13.1861 24.5312
internal_count=4906 2932 1974 1739 717 693 1193 729 44 685 374 464 181 141 92 283 61 311 118 193 102 91 70 673 229 444 59 157 55 102
is_linear=0
shrinkage=0.1


Tree=21
num_leaves=31
num_cat=0
split_feature=13 15 8 8 15 83 48 80 0 104 105 10 0 113 134 177 54 0 15 0 167 22 6 133 7 7 5 10 140 86
split_gain=11.9045 6.18937 6.28927 6.17481 6.42107 4.70294 4.51091 4.4327 4.95671 4.18966 3.99204 5.58044 3.64026 3.55155 3.38149 3.47202 3.31059 5.64173 3.55574 3.71313 4.38392 3.62993 4.42742 8.79127 3.59853 3.58935 4.23982 3.42846 4.3114 3.92563
threshold=1.0000000180025095e-35 1.0000000180025095e-35 1.0000000180025095e-35 1.0000000180025095e-35 1.0000000180025095e-35 1.0000000180025095e-35 1.0000000180025095e-35 1.0000000180025095e-35 11.741273403167726 1.0000000180025095e-35 1.0000000180025095e-35 1.0000000180025095e-35 17.746748924255375 1.0000000180025095e-35 1.0000000180025095e-35 1.0000000180025095e-35 1.0000000180025095e-35 3.9917863607406621 1.0000000180025095e-35 14.528405189514162 1.0000000180025095e-35 1.0000000180025095e-35 1.0000000180025095e-35 1.0000000180025095e-35 1.0000000180025095e-35 1.0000000180025095e-35 1.0000000180025095e-35 1.0000000180025095e-35 1.0000000180025095e-35 1.0000000180025095e-35
decision_type=2 2 2 2 2 2 2 2 2 2 2 2 2 2 2 2 2 2 2 2 2 2 2 2 2 2 2 2 2 2
left_child=3 2 13 12 6 10 -5 14 -9 -8 11 -6 16 -2 15 -3 18 -18 19 20 -1 22 23 25 -21 26 -20 28 -19 -29
right_child=1 7 -4 4 5 -7 9 8 -10 -11 -12 -13 -14 -15 -16 -17 17 27 21 24 -22 -23 -24 -25 -26 -27 -28 29 -30 -31
leaf_value=0.056354855023128939 -9.7676655943703709e-05 -0.069182517992804823 -0.033556142081648047 -0.096741747752599513 -0.085069056633100493 -0.1263708776476658 0.013466189217254818 -0.032293465417393717 0.17736174940383009 -0.081160045006752154 0.11133100103559471 -0.0037991673813699031 -0.061037271155443877 0.072712141992319138 0.010574760355599499 0.067261855151286479 -0.066309795797501167 -0.013597640668040402 -0.083339053468254459 0.04979770464832977 -0.048269415309272222 0.091438916248809482 -0.05019299362390979 -0.082717816317929668 -0.065212491542461254 0.098705190934076578 0.077262720376132368 0.021986861012715356 0.088124847780577414 0.10265356509603069
leaf_weight=74.332019373774529 120.11877547949553 45.823608670383692 68.862049475312233 4.1245505362749091 13.40094545483589 5.3467971719801417 115.09950309246778 3.0226593725383273 1.798724479973316 4.8772990554571143 1.9989327937364567 22.865205682814121 5.5525710582733145 7.0951615869998923 7.0471784882247439 1.9440862797200669 9.1512748897075635 46.11350554600358 3.0381891354918524 5.1050963923335058 4.2330286726355544 4.5302560180425635 12.936067491769789 5.7855663299560538 5.8243099898099899 9.8834188506007195 3.5815741568803787 60.157385349273682 4.5805037133395663 6.7052524685859671
leaf_count=371 722 574 509 33 237 63 711 35 18 34 18 145 32 38 80 20 60 417 36 36 21 43 113 51 26 63 38 292 39 31
internal_value=-0.000713379 -0.0177937 -0.00921364 0.00946232 -0.00551487 -0.0385219 0.00608449 -0.0460038 0.0459231 0.00961944 -0.0262467 -0.0338297 0.0190676 0.00396318 -0.0540895 -0.0636294 0.0208053 0.00931901 0.0320658 0.0431205 0.0507178 0.00717995 -0.00365658 0.0233525 -0.0114915 0.0605378 0.00355335 0.0152064 -0.00440641 0.0300764
internal_weight=684.935 255.712 196.076 429.223 167.713 43.6119 124.101 59.6363 4.82138 119.977 38.2651 36.2662 261.51 127.214 54.8149 47.7677 255.957 126.708 129.25 89.4945 78.565 39.7551 35.2248 22.2887 10.9294 16.5032 6.61976 117.557 50.694 66.8626
internal_count=4906 1996 1269 2910 1241 463 778 727 53 745 400 382 1669 760 674 594 1637 839 798 454 392 344 301 188 62 137 74 779 456 323
is_linear=0
shrinkage=0.1


Tree=22
num_leaves=31
num_cat=0
split_feature=7 10 10 15 226 91 104 13 104 84 41 8 0 0 1 15 52 9 16 1 0 54 5 58 9 26 0 46 0 25
split_gain=10.0822 10.0714 6.0774 3.79867 3.30718 3.2698 3.07259 2.74641 3.57963 3.32227 4.03669 4.91762 4.03226 4.76146 9.31728 4.0327 4.8746 6.0353 9.58146 3.96336 3.47316 3.40261 3.15758 3.99747 3.03863 3.49778 2.71776 2.63387 2.89374 3.50794
threshold=1.0000000180025095e-35 1.0000000180025095e-35 1.0000000180025095e-35 1.0000000180025095e-35 1.0000000180025095e-35 1.0000000180025095e-35 1.0000000180025095e-35 1.0000000180025095e-35 1.0000000180025095e-35 1.0000000180025095e-35 1.0000000180025095e-35 1.0000000180025095e-35 2.3121149539947514 3.4195755720138554 -0.51387938857078541 1.0000000180025095e-35 1.0000000180025095e-35 1.0000000180025095e-35 1.0000000180025095e-35 -0.57183054089546193 9.7262148857116717 1.0000000180025095e-35 1.0000000180025095e-35 1.0000000180025095e-35 1.0000000180025095e-35 1.0000000180025095e-35 2.3121149539947514 1.0000000180025095e-35 4.850102663040162 1.0000000180025095e-35
decision_type=2 2 2 2 2 2 2 2 2 2 2 2 2 2 2 2 2 2 2 2 2 2 2 2 2 2 2 2 2 2
left_child=1 3 4 27 5 7 26 8 9 10 12 -12 -2 -14 19 16 17 22 21 -15 -11 -19 23 -16 25 -18 -4 -1 -29 -30
right_child=2 -3 6 -5 -6 -7 -8 -9 -10 20 11 -13 13 14 15 -17 24 18 -20 -21 -22 -23 -24 -25 -26 -27 -28 28 29 -31
leaf_value=-0.1100517906869279 0.11668459901387117 -0.00032467620366821536 -0.050204127759374662 -0.066352938231281453 -0.095764532163345961 -0.074081492422474346 -0.049638941530105868 -0.011898307147718461 -0.069890671398702572 0.12784408389572799 0.14578600022762583 -0.0024162255809771268 -0.070891877981686779 0.042183048791863964 -0.087786706088466851 -0.04700903805988102 0.022837222236500809 0.12849751336580587 -0.067685041673743257 0.18413995727151805 0.0047453651841973289 0.017336621568151699 -0.088540575501910301 0.033656979060868127 0.0093771801184432541 0.13962651511525606 0.031907349441281006 0.013382298790304302 0.067340092904152354 -0.037400756937987174
leaf_weight=3.5515197925269595 3.157031685113906 220.4985915273428 4.1524239033460608 31.368851009756327 3.5510775521397582 5.5400373041629782 5.0810240656137458 69.348667170852423 4.9643540829420081 5.246493920683859 4.7379145398735982 4.2449600473046303 8.2134538292884809 3.9731834381818771 4.300168365240097 15.694381233304737 4.6138794124126434 7.1921054124832171 6.2305019348859778 3.8946176916360846 4.0701020807027817 4.462017148733139 9.6838086545467377 7.3314496725797653 9.4463872015476227 5.7731054574251175 137.75471200048923 17.985713765025139 3.3730350397527209 61.466615732759237
leaf_count=46 18 1257 20 754 20 34 24 447 28 27 26 24 49 25 20 191 20 32 27 23 20 20 43 33 41 25 673 179 45 715
internal_value=-0.000686606 -0.0129342 0.0114032 -0.0365477 -0.000139465 0.00162805 0.0267688 0.00387607 0.0132076 0.0168822 0.0117071 0.0757513 0.00558472 0.00172226 0.00894314 -0.00195498 0.0100229 -0.0104168 0.0324196 0.112453 0.0740665 0.0859373 -0.0463586 -0.0112403 0.0504214 0.0877489 0.0295046 -0.0257235 -0.0221076 -0.031952
internal_weight=680.902 338.244 342.658 117.746 195.67 192.119 146.988 186.579 117.23 112.266 102.949 8.98287 93.9661 90.8091 82.5956 74.7278 59.0334 39.2001 17.8846 7.8678 9.3166 11.6541 21.3154 11.6316 19.8334 10.387 141.907 86.3769 82.8254 64.8397
internal_count=4906 2996 1910 1739 1193 1173 717 1139 692 664 617 50 567 549 500 452 261 175 79 48 47 52 96 53 86 45 693 985 939 760
is_linear=0
shrinkage=0.1


Tree=23
num_leaves=31
num_cat=0
split_feature=13 15 8 8 15 83 1 48 104 104 9 79 108 0 1 1 81 0 105 10 99 55 0 21 0 153 91 7 41 0
split_gain=9.04334 5.27868 5.36876 5.00746 5.22499 4.38386 3.81936 3.71201 3.42859 3.18304 3.15892 3.66301 4.38133 3.20943 6.81174 6.06784 3.15421 3.07385 3.04365 4.60613 3.26649 3.1153 2.92153 3.31071 3.78409 2.91541 2.96979 3.12957 3.51112 3.40288
threshold=1.0000000180025095e-35 1.0000000180025095e-35 1.0000000180025095e-35 1.0000000180025095e-35 1.0000000180025095e-35 1.0000000180025095e-35 0.96379950642585765 1.0000000180025095e-35 1.0000000180025095e-35 1.0000000180025095e-35 1.0000000180025095e-35 1.0000000180025095e-35 1.0000000180025095e-35 6.1615331172943124 -0.13499125093221662 -0.10076811909675597 1.0000000180025095e-35 17.746748924255375 1.0000000180025095e-35 1.0000000180025095e-35 1.0000000180025095e-35 1.0000000180025095e-35 4.8090348243713388 1.0000000180025095e-35 5.4524297714233407 1.0000000180025095e-35 1.0000000180025095e-35 1.0000000180025095e-35 1.0000000180025095e-35 7.3634495735168466
decision_type=2 2 2 2 2 2 2 2 2 2 2 2 2 2 2 2 2 2 2 2 2 2 2 2 2 2 2 2 2 2
left_child=3 2 8 17 7 18 -3 -5 -2 10 11 12 13 16 -15 -16 -9 25 19 -6 21 -21 -12 24 -24 26 27 -1 29 -29
right_child=1 6 -4 4 5 -7 -8 9 -10 -11 22 -13 -14 14 15 -17 -18 -19 -20 20 -22 -23 23 -25 -26 -27 -28 28 -30 -31
leaf_value=0.010251115201850196 0.0013304318120692057 -0.046820739258862334 -0.030667335506807399 -0.091389161903672106 -0.081566127867261307 -0.12497524768381452 0.11186450952103517 0.025043391804211515 0.095475247758352394 -0.072415968420900298 -0.067409723286286735 -0.050914272730626847 0.1277013165057139 -0.085054599121982724 0.25827280336779995 0.02016363805709873 0.11689524236496306 -0.057265891611672587 0.092273418287088876 0.031364654109171275 0.0800088287550757 -0.052498848062553338 0.10427134858800934 0.086910485434654267 -0.017433619019008754 -0.068545419196798782 -0.04533362996210611 0.047921930666129889 0.087269901993852123 0.012569810043586181
leaf_weight=121.09633216634393 122.25840935111046 55.420361809432507 67.267315790057182 3.8722727894783011 11.941917289048432 4.8829132057726374 1.5594404339790333 8.7867479100823385 3.994722291827201 4.7174514271318904 7.1666937991976729 5.8028142787516108 4.4560308642685404 6.3240057677030483 1.1036581397056497 35.347777947783484 6.5075088217854491 5.4699204191565505 2.1167109459638587 6.9925355836749121 3.7786774486303321 12.084615103900433 2.7721785679459563 4.112808294594287 32.568762701004744 3.7902162522077552 6.8054761663079253 47.474503338336945 10.838315248489378 63.844704076647758
leaf_count=912 736 709 509 33 237 63 18 52 24 34 54 35 24 38 5 217 40 32 18 44 20 81 15 29 202 26 46 258 55 340
internal_value=-0.000656726 -0.0157255 -0.00784855 0.00823218 -0.00536736 -0.0359297 -0.0424778 0.00497291 0.00430923 0.00809108 0.011395 0.0250882 0.0321418 0.0248089 0.0107515 0.027373 0.0641252 0.0169029 -0.024151 -0.031233 -0.00493451 -0.0217595 -0.00867412 0.00199508 -0.00788696 0.0185011 0.0198205 0.0216433 0.0329365 0.0276465
internal_weight=675.156 250.5 193.52 424.656 165.336 41.7974 56.9798 123.539 126.253 119.666 114.949 68.3285 62.5257 58.0697 42.7754 36.4514 15.2943 259.319 36.9145 34.7977 22.8558 19.0772 46.6204 39.4537 35.3409 253.85 250.059 243.254 122.158 111.319
internal_count=4906 1996 1269 2910 1241 463 727 778 760 745 711 411 376 352 260 222 92 1669 400 382 145 125 300 246 217 1637 1611 1565 653 598
is_linear=0
shrinkage=0.1


Tree=24
num_leaves=31
num_cat=0
split_feature=10 7 7 15 226 15 12 56 5 81 0 91 16 0 64 0 13 6 14 0 55 0 46 0 11 0 31 21 16 16
split_gain=8.40027 7.61497 5.1981 3.22297 2.76923 2.7268 2.70423 4.83211 5.75164 4.26722 4.11489 2.52606 2.43081 3.90247 4.58575 3.17157 3.0858 3.0442 2.41173 3.0719 2.61294 2.4578 2.38309 2.7585 3.83606 2.92995 2.7785 3.26417 3.08263 2.94784
threshold=1.0000000180025095e-35 1.0000000180025095e-35 1.0000000180025095e-35 1.0000000180025095e-35 1.0000000180025095e-35 1.0000000180025095e-35 1.0000000180025095e-35 1.0000000180025095e-35 1.0000000180025095e-35 1.0000000180025095e-35 10.186173915863039 1.0000000180025095e-35 1.0000000180025095e-35 16.286105155944828 1.0000000180025095e-35 14.205338954925539 1.0000000180025095e-35 1.0000000180025095e-35 1.0000000180025095e-35 3.9219712018966679 1.0000000180025095e-35 7.5879535675048837 1.0000000180025095e-35 9.9780974388122576 1.0000000180025095e-35 3.1772758960723881 1.0000000180025095e-35 1.0000000180025095e-35 1.0000000180025095e-35 1.0000000180025095e-35
decision_type=2 2 2 2 2 2 2 2 2 2 2 2 2 2 2 2 2 2 2 2 2 2 2 2 2 2 2 2 2 2
left_child=1 3 -2 22 11 12 -5 -8 9 10 -9 -3 13 14 17 16 -14 -4 19 -7 -20 -21 -1 24 -24 -26 27 -25 -28 -29
right_child=2 4 5 6 -6 18 7 8 -10 -11 -12 -13 15 -15 -16 -17 -18 -19 20 21 -22 -23 23 26 25 -27 28 29 -30 -31
leaf_value=-0.10890735288281531 -7.2431814277805609e-05 0.0027672422321781557 0.044640607760670949 -0.087011102028543341 -0.090172759461113292 -0.075188224918919605 -0.10425410375462572 0.016528305362301529 -0.071586783025730488 -0.0289044439498269 0.2939359972576584 -0.067323795619707458 0.10444464424106291 0.10261854011118428 -0.091237185973114796 0.00083257051826236556 0.034799133520720213 -0.0076610634555738313 0.086378490096406677 0.055524104224506668 0.0080149052724114243 -0.0099700718221846125 -0.033043761466116407 -0.077395082317476077 -0.076064358756405007 0.036302125255998782 0.046197776825725005 -0.059361464071379072 -0.06349567116436651 0.11911841187314727
leaf_weight=3.1516886316239825 219.48580859601498 185.14393421262503 26.080302461981773 17.455315202474594 3.4043499939143649 5.6331777125596991 4.5059660412371176 0.82885805889964137 3.062991451472044 1.3300741724669936 1.5067534297704694 5.2887139022350302 14.288186505436897 5.44970679283142 3.8574901819229117 7.8509707003831855 11.467932730913162 19.411813363432884 6.7822597622871408 7.3874835371971121 11.41897751390934 25.535558149218559 23.762560650706291 19.724489789456133 2.609008967876437 20.986952140927315 6.1632745638489705 1.9623636379837981 4.3843206949532032 1.7512112259864807
leaf_count=46 1257 1139 143 460 20 26 117 22 80 36 39 34 90 29 17 41 58 97 29 33 48 106 256 299 26 197 55 24 59 23
internal_value=-0.000624235 -0.0128119 0.00963737 -0.0334216 -0.000777446 0.0243185 -0.0623806 -0.0241122 0.0295562 0.11407 0.19549 0.000820667 0.0353001 0.0223145 0.0134465 0.0564742 0.0734349 0.0223231 0.00721327 -0.00694976 0.0372152 0.00472593 -0.0235887 -0.020283 -0.00468313 0.0238777 -0.0420213 -0.0612024 0.000601483 0.0248043
internal_weight=671.672 307.023 364.65 113.186 193.837 145.164 28.69 11.2346 6.72868 3.66569 2.33561 190.433 88.4064 54.7993 49.3496 33.6071 25.7561 45.4921 56.7575 38.5562 18.2012 32.923 84.4959 81.3442 47.3585 23.596 33.9857 23.4381 10.5476 3.71357
internal_count=4906 2932 1974 1739 1193 717 754 294 177 97 61 1173 475 286 257 189 148 240 242 165 77 139 985 939 479 223 460 346 114 47
is_linear=0
shrinkage=0.1


Tree=25
num_leaves=31
num_cat=0
split_feature=13 0 10 8 15 83 1 61 79 168 14 26 65 12 11 74 7 14 1 82 7 52 0 0 135 7 62 5 5 0
split_gain=7.10024 4.24037 4.28469 4.14405 4.21811 4.04576 4.04238 3.56414 4.6186 3.97729 3.44787 3.42055 3.83394 3.20075 3.12239 3.07999 3.45122 4.25689 2.89959 2.88694 3.41671 4.04595 2.95721 3.18148 3.019 2.74245 2.73999 4.73424 2.69935 7.47863
threshold=1.0000000180025095e-35 3.5961669683456425 1.0000000180025095e-35 1.0000000180025095e-35 1.0000000180025095e-35 1.0000000180025095e-35 -0.26367023587226862 1.0000000180025095e-35 1.0000000180025095e-35 1.0000000180025095e-35 1.0000000180025095e-35 1.0000000180025095e-35 1.0000000180025095e-35 1.0000000180025095e-35 1.0000000180025095e-35 1.0000000180025095e-35 1.0000000180025095e-35 1.0000000180025095e-35 -0.46931324899196619 1.0000000180025095e-35 1.0000000180025095e-35 1.0000000180025095e-35 5.9671459197998056 9.8631072044372576 1.0000000180025095e-35 1.0000000180025095e-35 1.0000000180025095e-35 1.0000000180025095e-35 1.0000000180025095e-35 11.824777603149416
decision_type=2 2 2 2 2 2 2 2 2 2 2 2 2 2 2 2 2 2 2 2 2 2 2 2 2 2 2 2 2 2
left_child=3 13 11 -1 7 19 10 8 9 18 -4 12 15 14 -2 -3 -17 -18 -5 20 26 22 24 -24 -22 -8 27 -6 -20 -30
right_child=1 2 6 4 5 -7 25 -9 -10 -11 -12 -13 -14 -15 -16 16 17 -19 28 -21 21 -23 23 -25 -26 -27 -28 -29 29 -31
leaf_value=0.015194523789937546 -0.12283688134892932 -0.076049905490745834 0.059189407064053484 -0.049167954388121334 -0.067327549175671575 -0.12318933501730858 -0.021644012240639637 0.026708899717929804 -0.087266249718136665 0.089167659903796243 -0.014310688898990398 -0.0085295705762444187 0.060981261487772401 -0.010305739337646384 -0.031655471801974103 -0.070177589510606361 -0.033741307207938866 0.10154757964047677 -0.014459461988593162 -0.10285655384617123 0.054627915433131037 -0.05847755016888008 0.16048851280154902 0.027097090713310353 -0.086077643301551265 0.014985607314276587 -0.080133356271515063 0.16322582062499247 0.079595640049550664 -0.046598054528722954
leaf_weight=257.62262441962957 8.3644234426319581 24.306991659104824 20.020235829055309 13.325277641415594 2.3304018303751954 4.4499438535422078 51.922768950462341 44.280594579875469 6.8454503305256358 4.5521330684423438 9.3690312281250971 60.193956401199102 3.1789714246988288 10.609648048877716 6.8158135004341611 7.9711518362164506 6.035700686275959 3.7838222719728947 33.280733227729797 3.9393736738711587 3.5412037968635577 5.323006957769393 3.297836285084486 3.9055188447237015 2.6781560331583023 33.709599792957306 9.3804745133966208 1.4416192080825569 12.458562947809698 7.5373954959213725
leaf_count=1669 77 256 120 103 40 63 352 261 44 26 50 602 34 88 51 140 42 25 208 49 31 49 22 25 16 159 146 22 82 54
internal_value=-0.000596374 -0.0140783 -0.0095907 0.00730566 -0.00519591 -0.0332589 0.00375799 0.00404999 -0.00881354 -0.00126593 0.0357582 -0.0241482 -0.0449127 -0.0524453 -0.0818971 -0.0529092 -0.0212927 0.0183905 -0.00744691 -0.0220923 -0.012118 0.0152961 0.0445523 0.0881663 -0.00596215 -0.00722458 -0.0511903 0.0207871 0.00298813 0.0320274
internal_weight=666.472 246.282 220.492 420.19 162.568 40.2875 115.022 122.28 77.9996 71.1541 29.3893 105.471 45.2766 25.7899 15.1802 42.0977 17.7907 9.81952 66.602 35.8376 31.8982 18.7457 13.4227 7.20336 6.21936 85.6324 13.1525 3.77202 53.2767 19.996
internal_count=4906 1996 1780 2910 1241 463 681 778 517 473 170 1099 497 216 128 463 207 67 447 400 351 143 94 47 47 511 208 62 344 136
is_linear=0
shrinkage=0.1


Tree=26
num_leaves=31
num_cat=0
split_feature=10 7 144 7 8 49 21 15 0 0 55 11 108 21 6 11 64 42 0 226 133 5 61 82 56 14 55 1 0 55
split_gain=6.36101 6.1407 4.61212 4.15144 3.07343 2.66489 2.73788 2.60396 2.43239 5.52172 3.78864 3.46398 2.35711 2.29278 7.74823 4.4907 2.74288 6.08567 3.51418 2.29082 2.17581 3.07184 4.0057 2.93981 4.63388 2.63199 2.33159 2.16349 3.01019 2.25447
threshold=1.0000000180025095e-35 1.0000000180025095e-35 1.0000000180025095e-35 1.0000000180025095e-35 1.0000000180025095e-35 1.0000000180025095e-35 1.0000000180025095e-35 1.0000000180025095e-35 11.690622806549074 16.735113143920902 1.0000000180025095e-35 1.0000000180025095e-35 1.0000000180025095e-35 1.0000000180025095e-35 1.0000000180025095e-35 1.0000000180025095e-35 1.0000000180025095e-35 1.0000000180025095e-35 12.746064186096193 1.0000000180025095e-35 1.0000000180025095e-35 1.0000000180025095e-35 1.0000000180025095e-35 1.0000000180025095e-35 1.0000000180025095e-35 1.0000000180025095e-35 1.0000000180025095e-35 -0.67830252647399891 7.5879535675048837 1.0000000180025095e-35
decision_type=2 2 2 2 2 2 2 2 2 2 2 2 2 2 2 2 2 2 2 2 2 2 2 2 2 2 2 2 2 2
left_child=1 4 3 -2 5 12 8 -5 10 -10 -7 -12 13 16 15 -15 18 -18 20 -3 21 22 23 24 25 -1 -23 -9 29 -29
right_child=2 19 -4 7 -6 6 -8 27 9 -11 11 -13 -14 14 -16 -17 17 -19 -20 -21 -22 26 -24 -25 -26 -27 -28 28 -30 -31
leaf_value=0.12274050048611079 -0.0015040286467056412 0.00083635176776508256 0.11891430956993428 0.031440373918444849 -0.051835534058746607 -0.0039160480682543502 -0.11114877204482375 -0.068183261065457731 -0.071681680659216679 0.13895394129781899 0.029311010696973335 0.18365499852222111 -0.10883907852428912 0.22431313487089219 -0.083137268053591229 0.005590236409959877 0.22590402368419218 -0.10607342273064729 -0.10594114379380218 -0.08388801747749168 -0.071362423975310535 0.028712916154199155 -0.055786929386872935 -0.048216657556663836 0.22534597392469136 -0.055836107429165151 -0.081506335405477151 0.088247447290808273 -0.0071158254669882572 0.012597540534095723
leaf_weight=1.67641695775092 216.04777006059885 189.82393536344171 3.7353750914335242 85.934058047831059 41.172219675034285 6.1279468890279585 1.6402988210320462 3.8966022133827201 5.40607776492834 1.6167377531528471 2.8256816975772381 2.9957089480012655 3.5362492054700843 2.0827012322843066 3.3409875687211752 1.7089312411844733 1.2027588188648215 1.0208886954933405 6.7188532929867497 3.2459182292222968 7.4445348978042594 2.6962801609188318 3.6542872227728367 1.5398134440183637 2.0811252631247044 1.6257351450622082 6.6600211262702942 6.8893907964229593 35.65944716334343 9.1999729871749878
leaf_count=23 1243 1173 19 473 753 62 24 19 88 28 40 33 61 30 44 24 23 20 135 20 104 27 54 20 31 19 96 31 148 41
internal_value=-0.000578292 -0.0112939 0.00837244 0.00721784 -0.0302965 -0.0171784 0.0127991 0.0205273 0.0235154 -0.0231908 0.0509654 0.108737 -0.0303283 -0.0239391 0.0278958 0.125732 -0.0341184 0.0734914 -0.0411362 -0.000588047 -0.0252324 -0.00800451 0.0289161 0.0736258 0.108477 0.0348226 -0.0497436 0.00367395 0.00908469 0.0449905
internal_weight=663.207 301.844 361.363 357.627 108.774 67.602 20.6125 141.579 18.9722 7.02282 11.9493 5.82139 46.9896 43.4533 7.13262 3.79163 36.3207 2.22365 34.0971 193.07 27.3782 19.9337 10.5774 6.92309 5.38328 3.30215 9.3563 55.6454 51.7488 16.0894
internal_count=4906 2932 1974 1955 1739 986 275 712 251 116 135 73 711 650 98 54 552 43 509 1193 374 270 147 93 73 42 123 239 220 72
is_linear=0
shrinkage=0.1


Tree=27
num_leaves=31
num_cat=0
split_feature=13 15 8 80 0 1 222 107 264 7 88 104 113 78 134 8 177 26 105 134 19 54 0 23 53 16 134 8 86 83
split_gain=5.83341 4.25756 4.63338 4.02066 4.28423 3.84261 3.83614 3.58944 3.44715 3.24023 6.54093 5.37399 3.19246 2.83872 2.81198 3.40146 3.05197 2.80432 5.09135 3.32085 2.71293 3.58005 2.63162 3.43185 3.58888 3.06604 4.64237 4.32742 3.19996 3.30827
threshold=1.0000000180025095e-35 1.0000000180025095e-35 1.0000000180025095e-35 1.0000000180025095e-35 9.5838465690612811 0.9887443780899049 1.0000000180025095e-35 1.0000000180025095e-35 1.0000000180025095e-35 1.0000000180025095e-35 1.0000000180025095e-35 1.0000000180025095e-35 1.0000000180025095e-35 1.0000000180025095e-35 1.0000000180025095e-35 1.0000000180025095e-35 1.0000000180025095e-35 1.0000000180025095e-35 1.0000000180025095e-35 1.0000000180025095e-35 1.0000000180025095e-35 1.0000000180025095e-35 17.166323661804203 1.0000000180025095e-35 1.0000000180025095e-35 1.0000000180025095e-35 1.0000000180025095e-35 1.0000000180025095e-35 1.0000000180025095e-35 1.0000000180025095e-35
decision_type=2 2 2 2 2 2 2 2 2 2 2 2 2 2 2 2 2 2 2 2 2 2 2 2 2 2 2 2 2 2
left_child=5 2 12 14 -5 6 7 8 9 20 11 13 -2 22 16 -16 -3 -4 19 -19 -1 -22 23 24 -11 26 27 28 29 -25
right_child=1 3 17 4 -6 -7 -8 -9 -10 10 -12 -13 -14 -15 15 -17 -18 18 -20 -21 21 -23 -24 25 -26 -27 -28 -29 -30 -31
leaf_value=0.0015704124902170748 0.001562485721641225 -0.061323529875415089 -0.052529857617147346 -0.047248253402170114 0.14637530459709594 -0.10797145931842284 -0.085168103507774595 -0.092860402592718355 0.11074834217233193 0.023603178446277243 -0.089435350693534338 -0.061453120032945778 0.071072773025217709 0.072449676196909715 -0.042127578942306947 0.10529154775494075 0.068825269862290581 -0.010325420376907667 -0.13473237307319466 0.087575520236124263 0.0036232325383724682 -0.13453301921243893 0.08184352642606213 0.020577259077655952 0.15459713551957929 0.031554536313998405 0.064098520866646969 -0.029096801044027044 0.10175532912731743 -0.048467800195620386
leaf_weight=188.44465479254723 116.64476484805346 40.623663987964392 26.495489124208689 2.2313750907778731 2.3423735164105892 2.9072930496186009 4.4292074888944617 3.4711028486490241 3.3196680136024943 4.8654630258679372 5.6008833646774283 7.7636007890105239 7.0040912777185431 11.120270825922487 4.0716000068932763 2.5425222851336002 1.8853928148746479 31.222903620451689 3.0218353904783717 3.8972484543919554 4.1031256578862658 3.4549838397651911 6.7154529318213454 38.348381333053112 3.668423056602478 66.523044768720865 11.357176292687653 38.437928397208452 3.9549006074666968 8.4728879407048208
leaf_count=1583 722 574 216 28 25 22 34 21 21 27 34 43 38 60 50 30 20 244 22 27 32 32 38 212 19 379 67 219 19 48
internal_value=-0.000574913 -0.0129256 -0.00584202 -0.0377639 0.051913 0.00659286 0.00739728 0.00839818 0.00926357 0.00842725 0.017158 0.0201249 0.0054999 0.0233986 -0.0461136 0.0145415 -0.0555511 -0.0275387 -0.0101784 0.00053855 -0.000785739 -0.0595311 0.0204072 0.0180581 0.079913 0.014899 0.00388214 -0.00378355 0.0153788 0.0080827
internal_weight=658.942 241.983 188.286 53.6969 4.57375 416.958 414.051 409.622 406.151 402.831 206.828 201.228 123.649 193.464 49.1232 6.61412 42.5091 64.6375 38.142 35.1202 196.003 7.55811 182.344 175.628 8.53389 167.094 100.571 89.2141 50.7762 46.8213
internal_count=4906 1996 1269 727 53 2910 2888 2854 2833 2812 1165 1131 760 1088 674 80 594 509 293 271 1647 64 1028 990 46 944 565 498 279 260
is_linear=0
shrinkage=0.1


Tree=28
num_leaves=31
num_cat=0
split_feature=10 7 144 264 267 7 15 15 12 56 5 8 67 46 0 25 6 0 12 11 13 22 62 8 14 35 26 36 42 14
split_gain=5.52922 4.84732 3.68333 3.5543 5.00363 3.6192 2.85796 2.69658 2.66448 4.57045 4.46832 3.32011 3.04247 2.12572 2.65326 3.23455 3.06954 2.70994 2.70744 3.58104 3.31067 2.69748 2.74346 3.25499 3.68865 5.10258 3.38602 2.86485 2.67012 2.07392
threshold=1.0000000180025095e-35 1.0000000180025095e-35 1.0000000180025095e-35 1.0000000180025095e-35 1.0000000180025095e-35 1.0000000180025095e-35 1.0000000180025095e-35 1.0000000180025095e-35 1.0000000180025095e-35 1.0000000180025095e-35 1.0000000180025095e-35 1.0000000180025095e-35 1.0000000180025095e-35 1.0000000180025095e-35 4.850102663040162 1.0000000180025095e-35 1.0000000180025095e-35 3.4195755720138554 1.0000000180025095e-35 1.0000000180025095e-35 1.0000000180025095e-35 1.0000000180025095e-35 1.0000000180025095e-35 1.0000000180025095e-35 1.0000000180025095e-35 1.0000000180025095e-35 1.0000000180025095e-35 1.0000000180025095e-35 1.0000000180025095e-35 1.0000000180025095e-35
decision_type=2 2 2 2 2 2 2 2 2 2 2 2 2 2 2 2 2 2 2 2 2 2 2 2 2 2 2 2 2 2
left_child=1 6 3 4 5 -2 13 -7 -8 -10 11 12 -11 -1 17 16 -16 -15 20 -20 -19 22 23 24 25 -17 -26 -24 -29 -9
right_child=2 -3 -4 -5 -6 7 8 29 9 10 -12 -13 -14 14 15 21 -18 18 19 -21 -22 -23 27 -25 26 -27 -28 28 -30 -31
leaf_value=-0.10722413089549798 -0.0012581075692857642 -0.0011680056112944688 0.10588746905909829 0.1014141813809202 -0.10577461171921701 0.031032903387206868 -0.083834367040605068 -0.011240471739285544 -0.10372707254781835 0.27335550219318594 -0.066478713080684509 -0.027829954130719189 0.055499483930712926 -0.039472389155380261 -0.038962781282736114 0.18287835815245185 0.15641778178855861 0.15098965935638034 -0.078331235670483099 0.07491310453471374 -0.0095089959007053637 -0.1133773261941538 -0.058677456910020034 -0.056131713026024627 -0.11900899611981558 0.0024142404265218367 0.035735428230772519 0.059816712952983742 -0.047928783059425946 0.03040876698260854
leaf_weight=2.613666594028472 209.6608522683382 192.58684099838138 3.7900352925062171 3.9248238652944556 3.979400359094142 82.561197243630886 15.091328218579292 36.62992225587368 3.9128334764391184 1.3205895069986582 2.6801695376634598 1.3145275041460993 1.2457672525197268 5.4134315885603455 1.4252253808081141 3.0111581087112445 1.8450807519257069 3.7259525880217534 2.9937050864100456 3.1080145537853241 1.9619518369436262 3.7155187875032416 25.801738951355219 5.711558759212493 2.2115047015249729 3.2663335986435413 3.9213188514113426 4.6320146918296796 4.5685236155986786 17.748870685696602
leaf_count=46 1212 1193 19 19 24 464 460 160 117 30 80 38 29 60 21 31 24 33 35 27 24 40 373 84 20 26 37 54 50 76
internal_value=-0.000543416 -0.010606 0.00782805 0.00677969 0.00572024 0.00700033 -0.0278362 0.0196444 -0.0569393 -0.0181876 0.0328259 0.101406 0.167603 -0.0185273 -0.0155288 -0.0254392 0.0712694 0.0190997 0.0459942 -0.000273628 0.0956282 -0.0310034 -0.0252422 0.00634056 0.035092 0.0889784 -0.0200656 -0.0415936 0.00631573 0.00235356
internal_weight=656.374 298.079 358.295 354.505 350.58 346.601 105.492 136.94 25.5652 10.4739 6.56105 3.88088 2.56636 79.9267 77.313 60.11 3.27031 17.2031 11.7896 6.10172 5.6879 56.8397 53.1242 18.1219 12.4103 6.27749 6.13282 35.0023 9.20054 54.3788
internal_count=4906 2932 1974 1955 1936 1912 1739 700 754 294 177 97 59 985 939 760 45 179 119 62 57 715 675 198 114 57 57 477 104 236
is_linear=0
shrinkage=0.1


Tree=29
num_leaves=31
num_cat=0
split_feature=15 196 282 17 12 6 22 13 178 8 10 14 8 82 0 0 0 86 104 168 132 0 16 7 53 11 39 5 12 81
split_gain=4.96551 6.0687 4.09162 3.6993 5.06187 4.93675 3.92438 3.79499 4.09806 3.96236 3.5224 4.11968 4.48551 4.6586 4.07095 3.34476 4.21094 3.33158 4.64088 3.25278 3.22138 3.84052 3.30024 3.4469 3.02425 4.0341 5.50623 5.32475 4.40688 3.79196
threshold=1.0000000180025095e-35 1.0000000180025095e-35 1.0000000180025095e-35 1.0000000180025095e-35 1.0000000180025095e-35 1.0000000180025095e-35 1.0000000180025095e-35 1.0000000180025095e-35 1.0000000180025095e-35 1.0000000180025095e-35 1.0000000180025095e-35 1.0000000180025095e-35 1.0000000180025095e-35 1.0000000180025095e-35 16.880219459533695 3.2950034141540532 4.507871389389039 1.0000000180025095e-35 1.0000000180025095e-35 1.0000000180025095e-35 1.0000000180025095e-35 5.07460641860962 1.0000000180025095e-35 1.0000000180025095e-35 1.0000000180025095e-35 1.0000000180025095e-35 1.0000000180025095e-35 1.0000000180025095e-35 1.0000000180025095e-35 1.0000000180025095e-35
decision_type=2 2 2 2 2 2 2 2 2 2 2 2 2 2 2 2 2 2 2 2 2 2 2 2 2 2 2 2 2 2
left_child=3 2 10 4 5 -1 7 20 9 17 11 12 13 -2 19 -8 -17 18 -9 -12 24 -22 23 -23 25 26 29 28 -28 -5
right_child=1 -3 -4 6 -6 -7 15 8 -10 -11 14 -13 -14 -15 -16 16 -18 -19 -20 -21 21 22 -24 -25 -26 -27 27 -29 -30 -31
leaf_value=-0.077168776059649835 -0.0067716676126346569 0.12953291075623016 -0.15468563288209883 0.024814790978821277 -0.13720846731894873 0.098275402990666921 -0.085848053332109042 0.011324061346498973 -0.10409290897202139 -0.022518914411076736 -0.0056125651051546271 -0.067437353071515702 -0.06172371037661948 0.11890120228098354 0.065761144510183334 0.076819893890976404 -0.026369698398463239 -0.052745413500821986 0.13004307994503964 -0.084876797300801915 0.10104552010602508 0.0072128180544471406 -0.021016641733031131 0.1115654344623964 0.030546432714455663 -0.011999583912139414 0.074561309417435662 0.10008780765647823 -0.03416009864518834 -0.023830163843597707
leaf_weight=3.5230456925928575 22.222525319084529 2.8531395699828854 2.1475665066391221 35.385092541575432 4.3088001534342766 2.944159097969532 7.2854861393570891 96.38984677195549 3.9251111298799506 55.001482889056206 91.700648870319128 23.67506243288517 13.267798235639928 3.4011025466024867 7.6318347603082648 4.6815375648438957 25.469645902514458 7.73493843153119 3.4092165641486636 5.4870583750307551 9.088581111282112 6.6185333952307701 9.4192026704549789 6.06687231361866 64.497239198535681 76.054400771856308 6.7154754102230063 13.833512019366026 8.3811904117465019 29.288202196359634
leaf_count=24 368 32 17 206 33 19 45 590 28 442 610 469 303 45 46 29 153 53 21 41 55 36 55 31 386 434 39 77 49 170
internal_value=-0.000540378 -0.0150983 -0.0175324 0.00468772 -0.0532419 0.00270121 0.00601805 0.00871075 -0.00312544 -0.000687152 -0.0157727 -0.034549 -0.0145283 0.00990928 -0.00456519 -0.0250406 -0.0103476 0.0104794 0.0153796 -0.0100877 0.0161359 0.046324 0.0238245 0.0571201 0.0121144 0.00510727 0.0190069 0.0552703 0.0142026 0.00278525
internal_weight=652.408 172.387 169.534 480.022 10.776 6.4672 469.246 431.809 166.461 162.535 167.386 62.5665 38.8914 25.6236 104.82 37.4367 30.1512 107.534 99.7991 97.1877 265.348 31.1932 22.1046 12.6854 234.155 169.658 93.6035 28.9302 15.0967 64.6733
internal_count=4906 1931 1899 2975 76 43 2899 2672 1134 1106 1882 1185 716 413 697 227 182 664 611 651 1538 177 122 67 1361 975 541 165 88 376
is_linear=0
shrinkage=0.1


Tree=30
num_leaves=31
num_cat=0
split_feature=8 107 144 236 0 0 0 14 138 1 0 16 1 54 6 1 67 81 55 137 5 7 9 192 11 10 0 24 0 7
split_gain=4.43065 5.02641 3.86011 3.64992 3.68942 5.38296 9.87112 4.72547 8.18423 5.7984 4.87919 4.11115 3.68036 4.75069 4.1662 3.66138 3.43367 3.43884 3.36079 4.74686 4.98023 5.80893 3.55893 2.98968 2.90879 2.87365 4.83062 5.87399 4.53523 3.45625
threshold=1.0000000180025095e-35 1.0000000180025095e-35 1.0000000180025095e-35 1.0000000180025095e-35 3.1772758960723881 5.9260780811309823 5.6960985660552987 1.0000000180025095e-35 1.0000000180025095e-35 -0.6132025122642516 3.8535249233245854 1.0000000180025095e-35 -0.51387938857078541 1.0000000180025095e-35 1.0000000180025095e-35 -0.29652445018291468 1.0000000180025095e-35 1.0000000180025095e-35 1.0000000180025095e-35 1.0000000180025095e-35 1.0000000180025095e-35 1.0000000180025095e-35 1.0000000180025095e-35 1.0000000180025095e-35 1.0000000180025095e-35 1.0000000180025095e-35 15.727583885192873 1.0000000180025095e-35 14.017796039581301 1.0000000180025095e-35
decision_type=2 2 2 2 2 2 2 2 2 2 2 2 2 2 2 2 2 2 2 2 2 2 2 2 2 2 2 2 2 2
left_child=1 2 3 4 18 6 7 8 9 -6 -11 -10 13 -12 16 24 -14 -18 19 20 21 22 -1 25 -7 29 27 -27 -29 -2
right_child=23 -3 -4 -5 5 15 -8 -9 11 10 12 -13 14 -15 -16 -17 17 -19 -20 -21 -22 -23 -24 -25 -26 26 -28 28 -30 -31
leaf_value=0.063794287304801606 -0.049895270869557577 -0.12169476172235633 0.11321208449764618 -0.092452093884588915 0.17317288542181922 -0.11505977329192318 0.14680955690498629 -0.0088465289905533869 0.009908390564408967 -0.041726307366696642 0.17884967508210872 -0.13549090669161465 0.15646094362906646 0.027657162879543801 -0.017250101259849514 0.0054271606257926984 0.10151023171058363 -0.043546211709836025 -0.074381152778164053 -0.085999840734548486 -0.040693427340417185 0.12383046776840134 -0.10226570009579516 0.097814688008146314 -0.0084057772470226468 -0.11369279839010449 0.051740174561932521 0.002114904933700612 -0.062675504774177104 -0.011352939414274047
leaf_weight=2.5980907306075132 36.596885425969958 3.0738685671240082 3.3719356488436452 3.7479893770068875 4.2266560085117773 4.5431785210967046 6.903098363429307 29.973470786586404 4.8772127609699947 5.0419303104281488 5.2474342659115809 3.2341641634702682 3.7902923356741685 3.4410814195871353 7.4863969646394244 277.46455219015479 3.6809451524168253 2.9394120834767818 9.6788361445069295 5.6727684568613759 8.4603759665042162 6.4104299694299698 2.5644991379231215 2.4764386396855107 5.8497118018567562 5.1861405856907359 14.389277271926401 100.56275438889861 12.104229427874087 63.874502398073673
leaf_count=17 742 22 23 28 25 36 42 227 34 35 32 24 28 24 50 1958 26 21 67 39 63 34 24 24 35 30 79 585 71 461
internal_value=-0.00051814 0.00570512 0.00665747 0.00577648 0.00668758 0.00964775 0.0324482 0.0217712 0.0426449 0.0631664 0.0484653 -0.0480651 0.0655701 0.11897 0.0396459 0.00324444 0.0805604 0.0371058 -0.0241563 -0.0052458 0.017621 0.0602513 -0.0186955 -0.0114802 -0.0550288 -0.0126432 -0.00295731 -0.00963559 -0.00484577 -0.0253921
internal_weight=649.469 414.278 411.204 407.833 404.085 368.7 80.8421 73.939 43.9655 35.8541 31.6275 8.11138 26.5856 8.68852 17.897 287.857 10.4106 6.62036 35.385 25.7062 20.0334 11.573 5.16259 235.19 10.3929 232.714 132.242 117.853 112.667 100.471
internal_count=4906 2914 2892 2869 2841 2597 568 526 299 241 216 58 181 56 125 2029 75 47 244 177 138 75 41 1992 71 1968 765 686 656 1203
is_linear=0
shrinkage=0.1


Tree=31
num_leaves=31
num_cat=0
split_feature=15 196 282 0 153 10 14 8 82 134 0 168 13 22 8 44 11 132 87 0 11 10 16 0 86 94 140 87 113 61
split_gain=4.19755 4.46849 3.65299 3.23867 3.03992 3.01323 3.63409 3.61396 3.301 3.18016 2.88979 3.00037 2.7497 4.11878 2.98886 2.8292 3.04702 3.61017 3.38431 3.38238 2.91038 2.86855 2.71248 5.70427 2.67741 3.60697 2.64477 2.57251 2.8133 2.75828
threshold=1.0000000180025095e-35 1.0000000180025095e-35 1.0000000180025095e-35 17.746748924255375 1.0000000180025095e-35 1.0000000180025095e-35 1.0000000180025095e-35 1.0000000180025095e-35 1.0000000180025095e-35 1.0000000180025095e-35 17.370294570922855 1.0000000180025095e-35 1.0000000180025095e-35 1.0000000180025095e-35 1.0000000180025095e-35 1.0000000180025095e-35 1.0000000180025095e-35 1.0000000180025095e-35 1.0000000180025095e-35 17.229294776916507 1.0000000180025095e-35 1.0000000180025095e-35 1.0000000180025095e-35 15.683778285980226 1.0000000180025095e-35 1.0000000180025095e-35 1.0000000180025095e-35 1.0000000180025095e-35 1.0000000180025095e-35 1.0000000180025095e-35
decision_type=2 2 2 2 2 2 2 2 2 2 2 2 2 2 2 2 2 2 2 2 2 2 2 2 2 2 2 2 2 2
left_child=3 2 4 12 5 6 7 8 24 -9 11 -7 13 15 27 20 21 18 19 -18 -1 -17 -8 -24 25 -2 -16 28 29 -14
right_child=1 -3 -4 -5 -6 10 22 9 -10 -11 -12 -13 14 -15 26 16 17 -19 -20 -21 -22 -23 23 -25 -26 -27 -28 -29 -30 -31
leaf_value=-0.10590284061092373 -0.028885910287963709 0.10545909162186383 -0.14966900965463917 -0.064581346570624115 -0.12635815452104832 -0.0018386835493734131 -0.088053249417898036 -0.07737699966132619 0.096156206315762272 0.071980137904712735 0.079214648409127092 -0.079417950191045403 -0.0069468996724071051 -0.029919207468614158 -0.027192478345692713 0.010944159799198544 -0.0093752210813660749 0.052709241234479232 0.093769572509941557 0.091495532361270449 0.01679000256213771 0.03927718952342478 -0.046859616173023443 0.22155537733152375 0.13897791494799566 0.10297787396489202 0.062976433977737292 -0.082151844444280864 0.069594868490752762 0.027294713204311261
leaf_weight=3.8767138309776774 18.39997590892018 3.0756977703422299 2.025142913684248 6.7264490127563468 2.396033037453889 93.595748879015446 14.609169567003848 10.472058968618509 3.7314060200005761 1.650251796469093 4.1494607552886 5.2656742520630351 77.41690468788147 22.245604623109102 58.376840375363827 65.835058327764273 92.556559734046459 13.605322711169718 3.5430031307041636 3.448077078908681 3.8567622601985931 78.152848534286022 6.2755363490432492 0.90605850890278805 1.2105537205934513 2.3379788678139439 3.4448826760053626 3.306273002177476 6.8265965804457656 33.794293463230133
leaf_count=21 302 32 17 40 32 620 312 264 45 33 25 41 474 129 477 443 550 79 22 20 26 389 129 18 25 36 30 22 37 216
internal_value=-0.000492862 -0.01398 -0.0161794 0.0043166 -0.014541 -0.0128934 -0.030791 -0.012042 0.00920167 -0.0570445 -0.00253938 -0.0059708 0.00530204 0.0114094 -0.00427147 0.0148804 0.0166727 0.00439315 -0.00221029 -0.00575237 -0.0447147 0.0263226 -0.0633164 -0.0129953 -0.00558123 -0.0140197 -0.022168 0.00484637 0.00728321 0.00345827
internal_weight=647.113 170.101 167.025 477.012 165 162.604 59.593 37.8022 25.6799 12.1223 103.011 98.8614 470.286 287.12 183.166 264.874 257.141 113.153 99.5476 96.0046 7.73348 143.988 21.7908 7.18159 21.9485 20.738 61.8217 121.344 118.038 111.211
internal_count=4906 1931 1899 2975 1882 1850 1164 705 408 297 686 661 2935 1679 1256 1550 1503 671 592 570 47 832 459 147 363 338 507 749 727 690
is_linear=0
shrinkage=0.1


Tree=32
num_leaves=31
num_cat=0
split_feature=264 7 88 10 222 0 0 1 10 8 12 0 0 0 31 0 0 0 5 8 11 23 0 1 26 73 1 14 0 130
split_gain=4.15634 4.08895 3.82403 3.45981 3.03703 2.97061 2.8888 2.80036 2.42433 2.85046 2.52973 4.76479 3.38957 2.93237 2.76682 3.66677 2.52895 4.62826 3.81486 2.34672 3.24312 5.09559 4.23729 7.91499 2.32416 2.63303 2.26555 2.14633 2.86936 3.29468
threshold=1.0000000180025095e-35 1.0000000180025095e-35 1.0000000180025095e-35 1.0000000180025095e-35 1.0000000180025095e-35 7.9493498802185067 17.860369682312015 0.94737243652343761 1.0000000180025095e-35 1.0000000180025095e-35 1.0000000180025095e-35 8.7460646629333514 9.7262148857116717 3.2429842948913579 1.0000000180025095e-35 12.203969955444338 15.181382656097414 12.803559303283693 1.0000000180025095e-35 1.0000000180025095e-35 1.0000000180025095e-35 1.0000000180025095e-35 4.850102663040162 -0.57183054089546193 1.0000000180025095e-35 1.0000000180025095e-35 0.032626055181026466 1.0000000180025095e-35 9.7960300445556658 1.0000000180025095e-35
decision_type=2 2 2 2 2 2 2 2 2 2 2 2 2 2 2 2 2 2 2 2 2 2 2 2 2 2 2 2 2 2
left_child=1 3 4 19 6 -4 7 8 -3 10 11 13 -13 -10 24 -16 17 18 26 -1 -21 -22 23 -23 -14 -26 -11 28 29 -12
right_child=-2 2 5 -5 -6 -7 -8 -9 9 16 27 12 14 -15 15 -17 -18 -19 -20 20 21 22 -24 -25 25 -27 -28 -29 -30 -31
leaf_value=-0.013626618517018914 0.082525341140381722 0.0017855784536618354 -0.14197118859527377 -0.0022618341340989189 -0.079777824146552462 -0.018669229163744822 -0.07902788570216944 0.084135027261274531 0.009529616980468017 -0.032144686154667465 -0.083340286506041875 -0.069378654270437129 0.095297145660551585 0.10375616309595628 0.050448984436545941 -0.083388545210917583 0.06269357153791516 -0.075769040908734486 0.057187914393719542 -0.074082428558004176 0.16608105301944018 -0.10789644354949224 -0.060988368526272811 0.20057609827166256 0.074820912896101918 -0.029107554198924097 0.028882438489738801 -0.038079599205069467 0.067837060393366747 0.041467769569387365
leaf_weight=64.622313225641847 5.9767613951116791 177.21861171349883 2.8503985889255983 214.08879141509533 3.855540342628955 6.2125245817005634 3.6413280740380278 5.0885947272181502 4.1950825229287174 18.240987442433838 3.84131664037705 3.6918421983718899 7.9731799364089975 15.526536107063292 4.184539623558523 4.0074735730886459 6.0985930785536757 7.8562972992658606 11.338816307485102 18.711071835830808 1.4507392328232516 1.4666487127542498 10.89718973264098 1.9216383416205634 4.8429078608751297 4.9084942266345024 9.1268494948744756 7.5400353446602812 8.3357017114758474 4.7066061943769455
leaf_count=978 43 1112 17 1244 24 36 19 29 23 88 21 18 41 92 23 19 32 36 59 436 27 27 228 25 26 24 45 42 44 28
internal_value=-0.000478662 -0.0012557 0.00659661 -0.00941202 0.00843218 -0.0574492 0.00952096 0.0105654 0.00933243 0.0199122 0.0326008 0.0456323 0.0202676 0.0837128 0.0330378 -0.0150234 0.00214154 -0.00578928 0.00841453 -0.0248635 -0.0459437 -0.0124854 -0.0306194 0.0670511 0.0552508 0.0225072 -0.0117929 0.00628014 0.0260907 -0.0146192
internal_weight=644.417 638.441 325.282 313.158 316.219 9.06292 312.364 308.722 303.634 126.415 73.7537 49.3301 29.6084 19.7216 25.9166 8.19201 52.6615 46.563 38.7067 99.0696 34.4473 15.7362 14.2855 3.38829 17.7246 9.7514 27.3678 24.4237 16.8836 8.54792
internal_count=4906 4863 1898 2965 1845 53 1821 1802 1773 661 401 266 151 115 133 42 260 228 192 1721 743 307 280 52 91 50 133 135 93 49
is_linear=0
shrinkage=0.1


Tree=33
num_leaves=31
num_cat=0
split_feature=15 196 17 12 6 282 113 144 22 13 80 8 83 140 7 99 41 67 50 0 0 1 1 0 78 0 74 5 134 1
split_gain=3.6784 3.32838 3.1197 4.45097 3.94244 3.0236 2.78153 2.73009 2.78373 2.62794 3.7258 2.99385 3.61506 3.5622 3.02898 3.5738 2.84073 3.96782 3.11826 8.25222 3.56485 3.10262 2.75512 2.89128 3.61946 3.43304 3.42581 3.29109 2.69822 2.99892
threshold=1.0000000180025095e-35 1.0000000180025095e-35 1.0000000180025095e-35 1.0000000180025095e-35 1.0000000180025095e-35 1.0000000180025095e-35 1.0000000180025095e-35 1.0000000180025095e-35 1.0000000180025095e-35 1.0000000180025095e-35 1.0000000180025095e-35 1.0000000180025095e-35 1.0000000180025095e-35 1.0000000180025095e-35 1.0000000180025095e-35 1.0000000180025095e-35 1.0000000180025095e-35 1.0000000180025095e-35 1.0000000180025095e-35 15.924708843231203 14.017796039581301 -0.14092326164245603 -0.67830252647399891 8.5516767501831072 1.0000000180025095e-35 9.7960300445556658 1.0000000180025095e-35 1.0000000180025095e-35 1.0000000180025095e-35 -0.40056277811527247
decision_type=2 2 2 2 2 2 2 2 2 2 2 2 2 2 2 2 2 2 2 2 2 2 2 2 2 2 2 2 2 2
left_child=2 5 3 4 -1 6 9 8 -4 11 28 13 14 16 15 -13 18 -18 19 20 22 -20 -2 24 -24 -25 -27 -28 -11 -30
right_child=1 -3 7 -5 -6 -7 -8 -9 -10 10 -12 12 -14 -15 -16 -17 17 -19 21 -21 -22 -23 23 25 -26 26 27 -29 29 -31
leaf_value=-0.070147505520316997 -0.06349463856847444 0.087317670606659945 0.0067920666864996803 -0.13248320487817575 0.088510681989128259 -0.1412456626482046 -0.074013483513413914 0.084398460242967308 -0.02227988911653039 -0.050871197852573463 0.057128085263397438 -0.08007130104498858 -0.12103523879720775 0.098325507506890841 0.0094208716149630726 0.060305805771576938 -0.036434969612897251 0.11123251057229755 -0.0042281415189102285 0.1417485522365122 -0.078150299761973394 -0.11291658297185812 0.058880550727644344 -0.085359695329685625 -0.063722462333947752 -0.041028421425538607 0.13258678633784793 -0.01634873291773889 0.11470157882141351 -0.030366948416492196
leaf_weight=3.439320180565117 5.1395092085003773 3.2313346154987803 423.27847539260983 4.022674921900034 2.8756818696856499 1.8803465534001578 7.3033553622663012 4.3200995661318293 35.715707218274474 35.307788657024503 4.3503487668931475 9.9605106599628943 3.6321204826235762 4.2058727145194998 18.929970867931843 2.2173034418374291 2.7969710342586023 5.2074032444506884 5.8523556161671877 4.1486468762159339 5.8881074730306855 4.7646818179637176 16.56864637695254 4.9698620233684805 2.8173603713512412 5.8169451858848316 3.3494330234825611 2.6635650210082531 2.1903573404997587 4.078255981206893
leaf_count=24 51 32 2652 33 19 17 89 26 221 546 50 185 61 39 153 37 22 37 56 39 61 49 155 40 29 53 28 25 21 56
internal_value=-0.00043968 -0.0131878 0.00406234 -0.0502693 0.00210116 -0.0151676 -0.0137056 0.00527461 0.00452989 -0.0108614 -0.0309238 -0.00240268 -0.0266297 0.00894185 -0.015607 -0.0545118 0.00357006 0.059633 -0.00367026 0.00652771 -0.00535416 -0.053005 0.00501797 0.0147489 0.0410627 -0.0156157 0.0136843 0.0666131 -0.0401371 0.0203224
internal_weight=640.923 167.271 473.652 10.3377 6.315 164.04 162.159 463.314 458.994 154.856 45.9268 108.929 34.7399 74.1894 31.1078 12.1778 69.9835 8.00437 61.9791 51.3621 47.2134 10.617 41.3253 36.1858 19.386 16.7998 11.8299 6.013 41.5764 6.26861
internal_count=4906 1931 2975 76 43 1899 1882 2899 2873 1793 673 1120 436 684 375 222 645 59 586 481 442 105 381 330 184 146 106 53 623 77
is_linear=0
shrinkage=0.1


Tree=34
num_leaves=31
num_cat=0
split_feature=13 272 107 1 222 0 1 14 0 17 21 12 11 150 264 267 1 8 1 140 0 0 81 53 7 26 41 83 56 53
split_gain=3.38029 3.51714 2.6931 2.68121 3.05397 2.66493 3.0791 3.10437 5.85444 3.03456 2.97337 2.88108 2.77814 2.19836 2.16759 2.13798 2.20662 2.23669 5.00995 4.00468 2.79209 3.41953 4.14956 3.10671 2.73113 4.11399 3.14161 3.0948 4.11201 2.78745
threshold=1.0000000180025095e-35 1.0000000180025095e-35 1.0000000180025095e-35 0.9887443780899049 1.0000000180025095e-35 3.5961669683456425 -0.27127538621425623 1.0000000180025095e-35 3.7686516046524052 1.0000000180025095e-35 1.0000000180025095e-35 1.0000000180025095e-35 1.0000000180025095e-35 1.0000000180025095e-35 1.0000000180025095e-35 1.0000000180025095e-35 -0.22138565033674237 1.0000000180025095e-35 0.9397673010826112 1.0000000180025095e-35 9.0704994201660174 8.4750170707702654 1.0000000180025095e-35 1.0000000180025095e-35 1.0000000180025095e-35 1.0000000180025095e-35 1.0000000180025095e-35 1.0000000180025095e-35 1.0000000180025095e-35 1.0000000180025095e-35
decision_type=2 2 2 2 2 2 2 2 2 2 2 2 2 2 2 2 2 2 2 2 2 2 2 2 2 2 2 2 2 2
left_child=2 5 3 4 13 11 7 -7 -9 -8 -10 12 -2 -1 15 16 -11 24 19 20 21 22 -19 -22 25 27 -27 28 -18 -30
right_child=1 -3 -4 -5 -6 6 9 8 10 14 -12 -13 -14 -15 -16 -17 17 18 -20 -21 23 -23 -24 -25 -26 26 -28 -29 29 -31
leaf_value=0.0066862348582541796 -0.11632159784988837 0.10706099535245682 -0.084056524240929076 -0.091993065825856937 -0.078111099367220188 0.031427912374205162 -0.088427615881013694 0.134922796831076 -0.057507183083110473 -0.071253464603861741 0.058799346391220843 -0.0022672914464008645 -0.02530018548942381 0.085813732319761415 0.081693327797085824 -0.10584004584614089 -0.094407339946247851 0.056651478987288555 0.12653346022128309 0.079230841200626817 -0.087884176032069827 0.12012730887029233 -0.10736564453845193 -0.021502683100376077 0.015642282325703232 -0.05868771399514007 0.054359648959078945 0.10812186653012737 -0.010193292487812132 0.076609005404763716
leaf_weight=392.46340085659176 7.1221163608133793 2.5366951264441004 3.3623765129595986 2.7835417892783871 4.2216718550771466 33.60532208532095 5.4072733707725993 2.1787201873958137 14.093478700146081 6.0484221018850794 2.6042313408106557 9.8374557141214609 6.3367607742547989 3.5427978849038473 2.420460168272256 2.4766676984727374 3.8560628276318374 2.9071266148239356 1.9770907834172238 2.7790519148111335 16.686071323230863 1.9963007401674984 3.2860312592238188 12.208847226575019 48.267053179442883 22.194312661886219 2.7644786350429049 2.9485221337527028 10.461365144699814 5.7235636152327052
leaf_count=2807 77 18 21 22 34 271 52 17 119 49 19 88 51 26 20 19 43 28 20 30 166 24 33 134 274 225 30 30 101 58
internal_value=-0.00043524 -0.0100455 0.00506841 0.00581199 0.00649221 -0.0113361 -0.00772548 0.0131999 -0.019251 -0.0148378 -0.0393676 -0.0434009 -0.0734665 0.00739413 -0.0121672 -0.0137171 -0.0121338 -0.0095437 -0.0288456 -0.0365518 -0.0452284 0.00631255 -0.0303745 -0.0598363 -0.00115003 -0.018054 -0.0461664 0.0124665 -0.0016067 0.0205031
internal_weight=639.097 232.723 406.374 403.011 400.228 230.187 206.89 52.4818 18.8764 154.409 16.6977 23.2963 13.4589 396.006 149.001 146.581 144.104 138.056 41.8405 39.8634 37.0844 8.18946 6.19316 28.8949 96.2154 47.9483 24.9588 22.9895 20.041 16.1849
internal_count=4906 1996 2910 2889 2867 1978 1762 426 155 1336 138 216 128 2833 1284 1264 1245 1196 435 415 385 85 61 300 761 487 255 232 202 159
is_linear=0
shrinkage=0.1


Tree=35
num_leaves=31
num_cat=0
split_feature=106 10 103 312 7 84 0 105 174 23 44 67 168 8 54 13 6 57 14 128 16 14 12 16 15 264 7 0 0 0
split_gain=3.22597 3.35568 5.49835 3.47297 3.15862 2.88654 4.7801 4.4673 2.34364 2.96585 4.56955 3.8963 3.16393 2.54467 2.36195 6.02899 5.67682 7.45201 5.38257 2.81207 2.66859 2.53316 4.28033 2.32768 2.25607 2.21005 2.45882 2.24505 2.95287 5.0229
threshold=1.0000000180025095e-35 1.0000000180025095e-35 1.0000000180025095e-35 1.0000000180025095e-35 1.0000000180025095e-35 1.0000000180025095e-35 9.0704994201660174 1.0000000180025095e-35 1.0000000180025095e-35 1.0000000180025095e-35 1.0000000180025095e-35 1.0000000180025095e-35 1.0000000180025095e-35 1.0000000180025095e-35 1.0000000180025095e-35 1.0000000180025095e-35 1.0000000180025095e-35 1.0000000180025095e-35 1.0000000180025095e-35 1.0000000180025095e-35 1.0000000180025095e-35 1.0000000180025095e-35 1.0000000180025095e-35 1.0000000180025095e-35 1.0000000180025095e-35 1.0000000180025095e-35 1.0000000180025095e-35 16.880219459533695 14.205338954925539 15.132101058959963
decision_type=2 2 2 2 2 2 2 2 2 2 2 2 2 2 2 2 2 2 2 2 2 2 2 2 2 2 2 2 2 2
left_child=1 4 3 5 8 25 7 -7 9 10 -1 -12 13 14 15 16 17 18 23 -16 -17 22 -18 -11 -15 26 -3 28 -28 -30
right_child=-2 2 -4 -5 -6 6 -8 -9 -10 12 11 -13 -14 24 19 20 21 -19 -20 -21 -22 -23 -24 -25 -26 -27 27 -29 29 -31
leaf_value=-0.11203654215038757 -0.091548967970827747 -0.0012525844242178626 0.11276731691329236 0.10389549787413817 -0.00033316803095452785 0.055500651681200996 -0.080386553286508025 -0.07560479273344628 -0.10583300472349132 0.22123295794610531 -0.027037311805441951 0.19273780606022209 -0.10961058772103123 -0.030425838540287381 -0.036008239215902439 -0.00011312371337587708 -0.068592353778144363 0.27668466048011775 -0.046549485010444369 0.11357059842071555 -0.093078871713075509 -0.065067691405718331 0.11960574242403813 0.05678141850849109 -0.10239231141791701 0.081361990802277809 0.021156173874744472 0.067703572130725767 -0.077515117726326799 0.020917309126268754
leaf_weight=1.1866662474349139 3.8616515714675179 194.10928865894675 4.8208968862891188 3.5305789373815051 187.91312693990767 7.9654543362557906 10.332127142697571 3.8576753064990044 3.263092938810586 1.7415853310376406 1.2496342398226254 2.2756623588502407 4.0909115495160213 23.240072721615437 25.762489408254627 7.0985938198864478 2.0495275296270847 2.0293857306241989 2.810181986540556 1.3213180266320694 5.4647295381873846 3.9135358240455389 2.9450330957770348 1.7016423344612122 5.3608678374439469 3.9088847786188117 90.505862563848495 8.1278594210743886 8.9061012119054812 12.404982000589369
leaf_count=25 28 1133 26 20 1184 46 58 24 78 18 26 34 72 392 438 111 24 23 34 20 79 50 32 23 253 19 488 41 43 64
internal_value=-0.00042663 0.000128489 0.00671329 0.0052255 -0.00791095 0.00420126 -0.0306986 0.0127233 -0.022515 -0.0196301 0.0576977 0.114833 -0.0236999 -0.0195864 -0.00734423 0.0121048 0.0505862 0.110181 0.0561462 -0.0287108 -0.0405509 -0.00482525 0.0423783 0.139961 -0.043915 0.00663304 0.00570292 0.0169592 0.0132706 -0.0202185
internal_weight=637.749 633.888 348.47 343.649 285.418 340.118 22.1553 11.8231 97.5049 94.2418 4.71196 3.5253 89.5299 85.439 56.838 29.7542 17.1909 8.2828 6.25341 27.0838 12.5633 8.9081 4.99456 3.44323 28.6009 317.963 314.054 119.945 111.817 21.3111
internal_count=4906 4878 1962 1936 2916 1916 128 70 1732 1654 85 60 1569 1497 852 394 204 98 75 458 190 106 56 41 645 1788 1769 636 595 107
is_linear=0
shrinkage=0.1


Tree=36
num_leaves=31
num_cat=0
split_feature=15 153 114 196 282 0 65 1 61 8 105 105 102 10 87 68 81 33 14 22 13 178 17 86 48 8 113 13 53 44
split_gain=3.22866 2.72041 2.57184 2.52307 2.88329 2.38734 2.40297 2.44799 5.58153 2.56198 3.83125 3.23653 3.57512 2.98192 2.6483 7.90057 2.55675 4.62992 4.22344 2.26635 2.3824 2.28605 2.80338 2.46062 2.47775 2.53622 3.96388 2.24534 2.22802 3.8758
threshold=1.0000000180025095e-35 1.0000000180025095e-35 1.0000000180025095e-35 1.0000000180025095e-35 1.0000000180025095e-35 3.8535249233245854 1.0000000180025095e-35 0.9397673010826112 1.0000000180025095e-35 1.0000000180025095e-35 1.0000000180025095e-35 1.0000000180025095e-35 1.0000000180025095e-35 1.0000000180025095e-35 1.0000000180025095e-35 1.0000000180025095e-35 1.0000000180025095e-35 1.0000000180025095e-35 1.0000000180025095e-35 1.0000000180025095e-35 1.0000000180025095e-35 1.0000000180025095e-35 1.0000000180025095e-35 1.0000000180025095e-35 1.0000000180025095e-35 1.0000000180025095e-35 1.0000000180025095e-35 1.0000000180025095e-35 1.0000000180025095e-35 1.0000000180025095e-35
decision_type=2 2 2 2 2 2 2 2 2 2 2 2 2 2 2 2 2 2 2 2 2 2 2 2 2 2 2 2 2 2
left_child=2 3 19 4 5 -2 7 9 -9 11 13 12 14 -11 -7 -16 17 18 -15 20 28 22 -22 24 -24 26 -26 -18 29 -1
right_child=1 -3 -4 -5 -6 6 -8 8 -10 10 -12 -13 -14 16 15 -17 27 -19 -20 -21 21 -23 23 -25 25 -27 -28 -29 -30 -31
leaf_value=-0.086987617891645275 -0.042933682338632845 -0.12476269524992725 -0.070400293099307135 0.074881033445501496 -0.13958695801584661 -0.0036994597272330173 -0.075626622680543515 -0.03862221430962795 0.17417053275364669 -0.079118745905485552 0.089855654635733251 -0.091791145870823335 0.081546863761189831 0.0073448240389215984 0.20764569489230073 -0.052115984202074972 -0.093801093416022066 0.095494096253943894 -0.13703887266521367 -0.019354379152544673 -0.097400659001765311 -0.077552689090537016 -0.063989168699452523 -0.043072073843082023 0.011532257782217599 -0.012286036130069858 0.10531032598859445 0.016860945900883259 0.028374533580620614 0.0092285493155216825
leaf_weight=4.2788682393729678 20.824502021074295 2.1304234825074664 4.6267935261130324 3.3485460747033349 1.7745267087593664 74.073210325092077 4.8602641634643069 2.5293275425210586 2.404428793117404 11.358457426540552 2.558940793387591 3.4848774056881657 5.9114324785768977 8.6634107604622823 2.2724436558783045 2.4153922591358423 6.0860845930874348 4.2995163425803193 2.644340354949235 36.620389401912689 2.9621422309428445 3.9998009577393523 5.1199167259037486 11.83034206740558 89.619764551520348 46.496291045099497 4.7460103631019583 2.6240393407642841 65.908645361661911 194.22842716053128
leaf_count=26 263 32 28 32 17 796 71 26 22 342 30 32 52 62 20 21 44 25 22 230 28 30 34 96 556 389 27 22 399 1132
internal_value=-0.000426429 -0.0124964 0.00378808 -0.0110212 -0.0128328 -0.0114002 -0.00657835 -0.00402293 0.0650807 -0.00672041 -0.028339 0.00265581 0.00654298 -0.0368168 0.000913545 0.0738043 -0.017058 0.00716539 -0.0264196 0.00452497 0.00656246 -0.00287557 -0.00101772 0.000791386 0.00434607 0.00682985 0.0162487 -0.0604627 0.0124439 0.00715459
internal_weight=634.702 164.264 470.437 162.134 158.785 157.011 136.186 131.326 4.93376 126.392 38.2348 88.1574 84.6725 35.6758 78.761 4.68784 24.3174 15.6073 11.3078 465.811 429.19 164.774 160.774 157.812 145.982 140.862 94.3658 8.71012 264.416 198.507
internal_count=4906 1931 2975 1899 1867 1850 1587 1516 48 1468 547 921 889 517 837 41 175 109 84 2947 2717 1160 1130 1102 1006 972 583 66 1557 1158
is_linear=0
shrinkage=0.1


Tree=37
num_leaves=31
num_cat=0
split_feature=106 10 103 144 312 7 84 0 105 0 174 25 168 67 0 8 15 0 11 67 26 68 108 105 1 54 57 15 16 12
split_gain=2.71127 2.79867 4.53687 2.84769 2.88775 2.68954 2.66137 3.7169 3.19889 2.16924 2.16283 2.45621 2.90721 2.61853 5.34801 2.08428 2.0523 1.99822 3.16005 5.42529 4.363 4.42377 2.54579 2.02586 2.24102 2.06174 4.36091 4.20426 3.28394 2.72212
threshold=1.0000000180025095e-35 1.0000000180025095e-35 1.0000000180025095e-35 1.0000000180025095e-35 1.0000000180025095e-35 1.0000000180025095e-35 1.0000000180025095e-35 9.0704994201660174 1.0000000180025095e-35 12.992471218109133 1.0000000180025095e-35 1.0000000180025095e-35 1.0000000180025095e-35 1.0000000180025095e-35 11.741273403167726 1.0000000180025095e-35 1.0000000180025095e-35 11.690622806549074 1.0000000180025095e-35 1.0000000180025095e-35 1.0000000180025095e-35 1.0000000180025095e-35 1.0000000180025095e-35 1.0000000180025095e-35 -0.67100161314010609 1.0000000180025095e-35 1.0000000180025095e-35 1.0000000180025095e-35 1.0000000180025095e-35 1.0000000180025095e-35
decision_type=2 2 2 2 2 2 2 2 2 2 2 2 2 2 2 2 2 2 2 2 2 2 2 2 2 2 2 2 2 2
left_child=1 5 3 4 6 10 -3 8 -8 -9 11 13 15 -1 -15 17 -17 22 19 20 21 -19 23 24 -13 26 27 28 29 -26
right_child=-2 2 -4 -5 -6 -7 7 9 -10 -11 -12 12 -14 14 -16 16 -18 18 -20 -21 -22 -23 -24 -25 25 -27 -28 -29 -30 -31
leaf_value=-0.048196220634726769 -0.085405720782885261 0.0051971489822970028 0.1028521098754403 0.091769259522800406 0.094138499173916021 -0.00032808281401266835 0.044336228190553606 -0.11904062982681743 -0.067972724744271365 -0.025737829053504871 -0.10531968120053088 -0.077682195547640609 -0.10871050875430564 -0.044418803263714036 0.21857242403636903 -0.028669978139063263 -0.10206000500679156 0.042713238413111858 -0.082508401017596184 -0.081049026003809116 -0.043222421270741773 0.30807363880425104 -0.11012028441358911 0.11685633837755285 0.15485362572293565 -0.017711123701728417 0.12403147872243879 -0.10356434652195737 -0.017274548976072154 0.027023814994801321
leaf_weight=1.7265575118362892 3.7313027679920188 312.79240862652659 4.7811114788055411 3.720562331378459 3.5019399821758261 187.06816548481584 7.751659672707321 5.3636378869414312 3.7693547457456589 4.6539514660835266 2.9452278278768054 3.0213099354877988 3.7127781473100177 1.3607902722433212 1.7908085379749534 22.76753515005112 4.5762375639751545 1.3291917536407691 7.8493295218795538 3.6659122630953789 1.5945939403027294 1.1912825983017683 1.8566014748066653 1.6889332868158806 2.8769939988851672 13.821268790401517 4.1342741362750521 2.7553050899878135 6.8123792558908463 3.9572615399956703
leaf_count=42 28 1771 26 19 20 1184 45 30 24 27 78 52 72 20 24 393 253 25 145 70 34 19 34 19 22 211 47 89 55 28
internal_value=-0.000414971 8.9335e-05 0.00611452 0.00476037 0.00380214 -0.00729725 0.00285592 -0.0311444 0.00759187 -0.0756942 -0.020958 -0.0182716 -0.0221169 0.0507903 0.105019 -0.0182849 -0.0409525 -0.00732526 -0.0377407 0.00742015 0.086233 0.168134 0.00429139 0.00972853 0.00488804 0.0121491 0.0322455 0.00910997 0.0318593 0.0808359
internal_weight=632.569 628.837 346.335 341.554 337.833 282.503 334.331 21.5386 11.521 10.0176 95.4346 92.4893 87.6112 4.87816 3.1516 83.8984 27.3438 56.5546 15.6303 7.78098 4.11507 2.52047 40.9243 39.0677 37.3788 34.3575 20.5362 16.4019 13.6466 6.83426
internal_count=4906 4878 1962 1936 1917 2916 1897 126 69 57 1732 1654 1568 86 44 1496 646 850 293 148 78 44 557 523 504 452 241 194 105 50
is_linear=0
shrinkage=0.1


Tree=38
num_leaves=31
num_cat=0
split_feature=264 15 153 0 22 35 67 12 176 267 81 114 10 221 62 80 61 8 11 31 9 31 138 7 0 0 14 5 45 36
split_gain=2.75242 2.90335 2.43125 2.40722 2.06162 3.48371 4.0854 3.05151 2.47326 2.88175 2.35488 2.13333 2.11365 2.31267 2.26468 3.27486 3.2533 2.90657 4.35152 3.64276 10.5058 3.58602 2.55547 3.10142 2.72725 3.26862 2.21479 2.82655 4.72865 3.94301
threshold=1.0000000180025095e-35 1.0000000180025095e-35 1.0000000180025095e-35 17.746748924255375 1.0000000180025095e-35 1.0000000180025095e-35 1.0000000180025095e-35 1.0000000180025095e-35 1.0000000180025095e-35 1.0000000180025095e-35 1.0000000180025095e-35 1.0000000180025095e-35 1.0000000180025095e-35 1.0000000180025095e-35 1.0000000180025095e-35 1.0000000180025095e-35 1.0000000180025095e-35 1.0000000180025095e-35 1.0000000180025095e-35 1.0000000180025095e-35 1.0000000180025095e-35 1.0000000180025095e-35 1.0000000180025095e-35 1.0000000180025095e-35 16.425735473632816 11.824777603149416 1.0000000180025095e-35 1.0000000180025095e-35 1.0000000180025095e-35 1.0000000180025095e-35
decision_type=2 2 2 2 2 2 2 2 2 2 2 2 2 2 2 2 2 2 2 2 2 2 2 2 2 2 2 2 2 2
left_child=1 3 -3 4 8 6 7 -6 9 11 -10 12 13 14 17 22 -17 26 21 20 -20 -19 23 24 25 -16 27 29 -29 -1
right_child=-2 2 -4 -5 5 -7 -8 -9 10 -11 -12 -13 -14 -15 15 16 -18 18 19 -21 -22 -23 -24 -25 -26 -27 -28 28 -30 -31
leaf_value=0.037129120862050807 0.066823351660194139 -0.011317245444734836 -0.12372341915648255 -0.057536185837595823 0.089400950860556189 -0.084464573057640532 -0.03447850422596984 -0.020673503124614828 0.0096649002355271747 -0.078714553178116806 0.12910715721992874 -0.065924041220127225 0.013297649711405646 -0.092408348102374915 -0.017161529175133142 -0.12038471019302857 -0.0075748080590874005 -0.088523433825912906 0.22041478869301359 -0.06053277354283744 -0.039175648402747301 0.015958658222529398 0.075889913268694903 0.0055739847043186934 0.079238372462057075 -0.086209951268219023 0.0038002894298103142 0.065332800573868755 -0.052256677326166623 0.14338418819595983
leaf_weight=9.802595414221285 6.0289834234863511 158.07169435080141 1.9479052955284704 6.4912523794919244 6.2491259612143057 6.7072426229715338 16.880055410787463 4.2187049239873886 3.4788741841912261 4.0979994013905516 3.1409366242587566 4.1333135943859807 209.44104901701212 2.7349134124815455 22.859205815941095 4.9722726400941593 5.2615331560373306 8.9582500252872688 2.8891985490918159 2.594551470130682 3.3862578719854355 5.1870009526610383 3.9335801973938933 72.709294505417347 2.1175714042037717 9.7927499078214151 23.140883181244135 7.615320723503828 6.2073027715086937 5.4253650438040504
leaf_count=54 43 1885 32 40 35 43 108 30 28 21 18 25 1083 25 277 40 40 102 29 22 32 40 26 346 33 191 149 44 36 29
internal_value=-0.000419861 -0.00106909 -0.0126856 0.0029334 0.00379056 -0.0198813 -0.00404187 0.0450392 0.00569239 0.00473026 0.0663373 0.00555792 0.00628026 -0.00108356 0.000185231 -0.00824834 -0.0623855 0.0138265 -0.0157778 0.0391328 0.0803389 -0.0502103 -0.00327557 -0.00617292 -0.0307378 -0.0378701 0.0268813 0.0452669 0.0125271 0.0749853
internal_weight=630.475 624.446 160.02 464.426 457.935 34.0551 27.3479 10.4678 423.88 417.26 6.61981 413.162 409.029 199.588 196.853 121.646 10.2338 75.2067 23.0153 8.87001 6.27546 14.1453 111.412 107.479 34.7695 32.652 52.1915 29.0506 13.8226 15.228
internal_count=4906 4863 1917 2946 2906 216 173 65 2690 2644 46 2623 2598 1515 1490 953 80 537 225 83 61 142 873 847 501 468 312 163 80 83
is_linear=0
shrinkage=0.1


Tree=39
num_leaves=31
num_cat=0
split_feature=13 272 15 107 1 7 25 9 67 31 6 33 178 222 0 118 114 90 10 86 6 11 26 0 0 1 11 54 84 12
split_gain=2.44912 2.63987 2.37531 2.3035 2.04246 1.95357 2.94964 3.12479 2.58555 3.1349 3.06154 2.12659 1.95333 1.94418 2.1671 2.10563 2.60927 1.97705 1.86211 1.7018 1.73114 2.48146 1.6962 2.42596 1.62458 2.89447 4.53605 5.24932 2.0087 1.84019
threshold=1.0000000180025095e-35 1.0000000180025095e-35 1.0000000180025095e-35 1.0000000180025095e-35 0.96379950642585765 1.0000000180025095e-35 1.0000000180025095e-35 1.0000000180025095e-35 1.0000000180025095e-35 1.0000000180025095e-35 1.0000000180025095e-35 1.0000000180025095e-35 1.0000000180025095e-35 1.0000000180025095e-35 17.860369682312015 1.0000000180025095e-35 1.0000000180025095e-35 1.0000000180025095e-35 1.0000000180025095e-35 1.0000000180025095e-35 1.0000000180025095e-35 1.0000000180025095e-35 1.0000000180025095e-35 5.4948666095733651 3.639972567558289 -0.506730556488037 1.0000000180025095e-35 1.0000000180025095e-35 1.0000000180025095e-35 1.0000000180025095e-35
decision_type=2 2 2 2 2 2 2 2 2 2 2 2 2 2 2 2 2 2 2 2 2 2 2 2 2 2 2 2 2 2
left_child=3 2 12 13 5 11 -7 8 -8 10 -10 22 19 14 15 16 17 -1 -13 24 21 -21 23 -4 29 26 27 -26 -27 -2
right_child=1 -3 4 -5 -6 6 7 -9 9 -11 -12 18 -14 -15 -16 -17 -18 -19 -20 20 -22 -23 -24 -25 25 28 -28 -29 -30 -31
leaf_value=0.0069652856331855993 -0.054734356386806182 0.091991185999222569 0.063166968142919555 -0.079224960199170802 0.078678363636604798 -0.1185842879485331 0.088450916214122322 -0.056808898027822199 -0.02016694823388597 -0.094810277205825091 0.10483077198774182 -0.10268949338801497 -0.074207709021550175 -0.063159174067382598 -0.067230416594023859 0.071138629671277459 -0.090944974564185502 -0.073039637149557676 0.042862380405126743 0.05529171792126765 -0.10268563478377279 -0.057573852672596862 -0.10619586873753295 -0.071963334084437974 0.089613287473246012 0.0023322738374998921 0.14623388965165235 -0.079783167507600283 -0.0489995767440949 0.0094887195690954804
leaf_weight=378.79231378529221 10.837365237995984 2.5735870320349923 1.7412619469687349 3.275977073237299 1.6724939253181208 2.5004104040563133 4.2135136500000963 7.5617961809039107 5.156244579702614 2.811595033854247 3.1604944504797459 1.2038877252489317 3.9385024569928637 4.1445349911227813 4.0336517915129653 4.9670412167906752 2.7785411253571501 3.1141473157331339 3.2566740661859512 3.0768377929925901 3.1930186208337537 5.3094263467937708 8.1482309447601438 5.6052228072658181 3.8017720021307451 124.46959534473717 3.5190733820199966 3.5259650349617004 8.1206190790981037 7.583390772342681
leaf_count=2744 80 18 41 21 18 18 43 69 41 21 26 55 30 36 28 37 21 23 39 24 34 40 217 133 28 866 20 20 62 53
internal_value=-0.000411516 -0.00871251 -0.00986742 0.00428591 -0.0298473 -0.0338488 -0.0154556 -0.00419693 0.0217348 -0.00352584 0.0273342 -0.0572644 -0.00456968 0.00497359 0.00569086 0.00644574 0.00561042 0.00631291 0.00357851 -0.0029883 -0.040023 -0.0161646 -0.0747796 -0.0399348 -0.000338846 0.00325142 0.0529173 0.008103 -0.000811596 -0.0282952
internal_weight=628.087 226.981 224.407 401.106 47.0318 45.3593 25.4041 22.9036 15.3418 11.1283 8.31674 19.9553 177.376 397.83 393.686 389.652 384.685 381.906 4.46056 173.437 11.5793 8.38626 15.4947 7.34648 161.858 143.437 10.8468 7.32774 132.59 18.4208
internal_count=4906 1996 1978 2910 721 703 218 200 131 88 67 485 1257 2889 2853 2825 2788 2767 94 1227 98 64 391 174 1129 996 68 48 928 133
is_linear=0
shrinkage=0.1


Tree=40
num_leaves=31
num_cat=0
split_feature=7 44 144 192 264 267 0 11 10 13 0 138 57 128 81 82 24 67 0 73 9 0 26 0 64 1 1 12 33 0
split_gain=2.2666 2.44318 3.61456 3.54569 2.70074 2.1981 2.01285 3.72843 1.99636 1.82387 3.10995 3.32249 4.83673 2.9934 3.04529 2.78615 5.55954 2.48895 3.61917 3.91735 4.43551 3.89584 4.34171 3.73152 3.87685 3.66696 3.02245 3.79799 2.52622 3.73417
threshold=1.0000000180025095e-35 1.0000000180025095e-35 1.0000000180025095e-35 1.0000000180025095e-35 1.0000000180025095e-35 1.0000000180025095e-35 2.960985660552979 1.0000000180025095e-35 1.0000000180025095e-35 1.0000000180025095e-35 3.639972567558289 1.0000000180025095e-35 1.0000000180025095e-35 1.0000000180025095e-35 1.0000000180025095e-35 1.0000000180025095e-35 1.0000000180025095e-35 1.0000000180025095e-35 16.425735473632816 1.0000000180025095e-35 1.0000000180025095e-35 10.788501262664797 1.0000000180025095e-35 11.494866847991945 1.0000000180025095e-35 0.92577382922172557 -0.46931324899196619 1.0000000180025095e-35 1.0000000180025095e-35 15.368925571441652
decision_type=2 2 2 2 2 2 2 2 2 2 2 2 2 2 2 2 2 2 2 2 2 2 2 2 2 2 2 2 2 2
left_child=1 -1 3 4 5 6 7 -3 -2 13 -11 -12 -13 15 -15 17 -17 18 19 23 21 22 -21 26 -25 -20 -8 -28 29 -19
right_child=8 2 -4 -5 -6 -7 9 -9 -10 10 11 12 -14 14 -16 16 -18 28 25 20 -22 -23 -24 24 -26 -27 27 -29 -30 -31
leaf_value=-0.0577887521572409 -0.0011711214526362859 -0.00040057390961818713 0.097801855837881133 0.11787697709843088 0.074254628592569399 -0.096616659555572318 -0.074796303288713104 -0.10208849105970824 0.014848189616234945 -0.098615858706793944 -0.017580357347439488 -0.04791673828642512 0.12980975183375884 0.0027018569924630812 0.11830241530003283 0.11079660156901627 -0.051049138523292195 -0.0081290984875471567 0.14877958726412652 -0.015177910341248053 0.079886736194101457 -0.071178731900318815 0.13627705254101644 -0.097130109460532854 0.049191584952124758 -0.013385921017132901 -0.020707873157993811 0.084237523742976383 -0.041280467218864053 0.066147751711792102
leaf_weight=9.0288132941350323 187.18546376749873 8.5374504802748543 3.3822310836985698 2.286415457725524 4.0204794891178599 2.7892922190949312 3.2221191739663508 6.2418271806091061 133.12041666358709 4.3897714037448159 87.090638420544565 2.5843519223853937 3.7577773705124855 4.9098932612687332 4.2525333389639854 2.3638025205582407 20.78671330679208 54.877513081766665 3.9421510118991128 5.1758831497281772 12.784605696797371 5.1043429197743544 2.9839437957853079 7.9592387331649643 2.3440453456714749 2.1575802434235811 6.7672039829194564 7.0317508270964026 18.216385667212307 7.7206582641229025
leaf_count=111 1193 107 26 22 30 28 27 66 717 59 999 32 32 39 36 17 180 489 31 36 98 57 20 80 19 23 63 54 157 58
internal_value=-0.000396844 -0.00654107 -0.0049867 -0.006168 -0.00713926 -0.00827555 -0.00741157 -0.0433471 0.00548657 -0.0054476 -0.0163564 -0.0124916 0.0573881 0.000735032 0.0563552 -0.00238307 -0.0345237 0.00292085 0.0184477 0.0101083 0.0378553 -0.00265653 0.0402072 -0.0163434 -0.0638412 0.0914188 0.0124082 0.0327708 -0.00850566 0.00103197
internal_weight=627.015 306.709 297.681 294.298 292.012 287.991 285.202 14.7793 320.306 270.423 97.8225 93.4328 6.34213 172.6 9.16243 163.438 23.1505 140.287 59.4729 53.3731 26.0488 13.2642 8.15983 27.3244 10.3033 6.09973 17.0211 13.799 80.8146 62.5982
internal_count=4906 2996 2885 2859 2837 2807 2779 173 1910 2606 1122 1063 64 1484 75 1409 197 1212 508 454 211 113 56 243 99 54 144 117 704 547
is_linear=0
shrinkage=0.1


Tree=41
num_leaves=31
num_cat=0
split_feature=106 8 107 20 100 79 5 127 5 0 0 0 10 53 0 0 98 1 65 0 68 7 11 144 0 12 22 73 68 14
split_gain=2.32483 2.31008 3.81558 2.80861 2.945 2.64909 3.98823 4.82126 2.76642 6.06617 8.35788 3.64162 3.31148 2.69943 5.50998 4.8149 2.8192 2.81104 3.15986 3.21686 5.94153 2.68258 2.55965 2.54694 2.50565 3.23288 2.94972 2.48362 2.47638 2.23238
threshold=1.0000000180025095e-35 1.0000000180025095e-35 1.0000000180025095e-35 1.0000000180025095e-35 1.0000000180025095e-35 1.0000000180025095e-35 1.0000000180025095e-35 1.0000000180025095e-35 1.0000000180025095e-35 11.296372413635256 15.727583885192873 10.965092182159426 1.0000000180025095e-35 1.0000000180025095e-35 13.938398361206056 12.881587982177736 1.0000000180025095e-35 0.59692752361297619 1.0000000180025095e-35 16.56947231292725 1.0000000180025095e-35 1.0000000180025095e-35 1.0000000180025095e-35 1.0000000180025095e-35 8.8720054626464862 1.0000000180025095e-35 1.0000000180025095e-35 1.0000000180025095e-35 1.0000000180025095e-35 1.0000000180025095e-35
decision_type=2 2 2 2 2 2 2 2 2 2 2 2 2 2 2 2 2 2 2 2 2 2 2 2 2 2 2 2 2 2
left_child=1 2 23 4 5 8 7 22 13 11 21 24 -12 16 15 -15 -3 -16 19 20 -19 -11 -7 -1 25 26 -10 -18 -21 -17
right_child=-2 3 -4 -5 -6 6 -8 -9 9 10 12 -13 -14 14 17 29 27 18 -20 28 -22 -23 -24 -25 -26 -27 -28 -29 -30 -31
leaf_value=0.0046861085135754352 -0.080483799178116072 -0.01213349476234349 -0.11073909279481381 -0.10269083422055454 -0.080484264579278375 0.061080267186759754 -0.11431184515429418 -0.13365007155836733 0.079163649966064065 -0.11153760751371694 -0.020366159723001057 0.16215434942561482 0.10119907622354714 -0.029893805953453419 -0.10679853884263223 0.075802181463003118 -0.11463440725076812 0.14771155521356025 -0.083447290472769733 -0.11305130176480756 -0.01334425122526626 -0.030008477434714072 -0.045195001789563705 0.091906775669460816 -0.017907462077930765 -0.0017314165399349478 -0.041764981166648736 -0.021794138826441614 0.032362137156854355 0.19309739072462745
leaf_weight=394.18469892814755 3.6030711308121672 85.240560828708112 2.847749304957687 3.0980606265366069 5.2920848848298183 6.072989356704058 5.3338702740147701 2.5280895996838799 18.953901736065749 7.3654265729710504 3.7665321500971896 2.2381414165720335 5.5317914187908173 2.8482449520379323 2.7813481623306897 3.8286138214170933 5.3567442977800948 4.0520846052095312 3.5094822477549306 2.4945445563644162 5.2691416954621673 8.9274484608322382 3.6155132418498397 3.3766412008553734 8.2787382854148728 10.417296013794841 2.2573019852861753 6.2357414904981852 2.2075287969782948 2.8160240985453129
leaf_count=2854 28 751 22 25 48 44 59 24 166 110 45 17 30 32 21 38 38 36 32 24 37 62 32 23 78 110 23 55 19 23
internal_value=-0.000389372 7.55443e-05 0.00460072 -0.00814861 -0.00680021 -0.00496023 -0.042168 -0.0106693 -0.00160071 0.0147114 -0.0236925 0.0380307 0.0519559 -0.0103257 0.0159893 0.0788843 -0.0184259 -0.0134018 0.00141444 0.022652 0.0566693 -0.0668649 0.0214209 0.00542691 0.0310695 0.0438891 0.0662944 -0.0646945 -0.0447826 0.125512
internal_weight=624.329 620.726 400.409 220.317 217.219 211.927 17.5505 12.2166 194.377 67.7366 25.5912 42.1454 9.29832 126.64 29.807 9.49288 96.833 20.3141 17.5328 14.0233 9.32123 16.2929 9.6885 397.561 39.9072 31.6285 21.2112 11.5925 4.70207 6.64464
internal_count=4906 4878 2899 1979 1954 1906 159 100 1747 641 247 394 75 1106 262 93 844 169 148 116 73 172 76 2877 377 299 189 93 43 61
is_linear=0
shrinkage=0.1


Tree=42
num_leaves=31
num_cat=0
split_feature=66 7 44 144 190 264 88 67 222 267 55 0 0 0 11 13 0 16 0 138 74 0 0 22 0 73 0 21 128 81
split_gain=2.14825 2.04512 2.09162 2.69227 2.18915 2.15824 1.97665 3.24528 1.82484 1.78682 1.74263 1.67268 3.33866 1.64053 3.31899 1.80465 3.31593 3.88369 3.79689 5.20685 3.93257 4.12715 3.24188 2.90627 2.549 2.89894 2.47142 2.37589 2.33347 2.33287
threshold=1.0000000180025095e-35 1.0000000180025095e-35 1.0000000180025095e-35 1.0000000180025095e-35 1.0000000180025095e-35 1.0000000180025095e-35 1.0000000180025095e-35 1.0000000180025095e-35 1.0000000180025095e-35 1.0000000180025095e-35 1.0000000180025095e-35 17.746748924255375 17.498972892761234 2.960985660552979 1.0000000180025095e-35 1.0000000180025095e-35 14.47091054916382 1.0000000180025095e-35 11.43189573287964 1.0000000180025095e-35 1.0000000180025095e-35 13.096509456634523 13.096509456634523 1.0000000180025095e-35 10.658453464508058 1.0000000180025095e-35 5.6454484462738046 1.0000000180025095e-35 1.0000000180025095e-35 1.0000000180025095e-35
decision_type=2 2 2 2 2 2 2 2 2 2 2 2 2 2 2 2 2 2 2 2 2 2 2 2 2 2 2 2 2 2
left_child=1 2 10 4 5 9 8 -8 11 13 -1 12 -3 14 -4 28 17 18 19 24 21 -20 -22 -21 25 27 -27 -17 -15 -30
right_child=-2 6 3 -5 -6 -7 7 -9 -10 -11 -12 -13 -14 15 -16 16 -18 -19 20 23 22 -23 -24 -25 -26 26 -28 -29 29 -31
leaf_value=0.016393418542258804 0.083266439907942955 0.0069257692999852424 -0.00033515968727557496 0.08207547296775286 0.085133222739673331 0.064705957224065622 -0.10728682286966607 0.0066320235514336417 -0.065405215474101414 -0.090962887996089301 -0.082632143016335355 -0.049546065313899774 0.10602282072751545 -0.0022768194893298889 -0.097908762172893599 -0.048296634512232359 -0.058459250976418478 -0.037387267440564025 0.17421216443463983 0.17242398326140976 -0.093914738962180985 0.013514548738951346 0.058016460399513775 0.017763765090851032 -0.11977850666416304 -0.034963474585488583 0.066087253381074657 0.055824232674941132 0.0017597666665136174 0.10179423444051304
leaf_weight=2.4733027592301351 3.0552234482020131 295.19863028638065 8.521332190372048 3.489125818014144 2.5955432672053567 4.1236045826226464 4.1021449230611307 6.4055717922747135 3.5118762813508502 2.5825939411297432 6.3132378635928035 5.1258047223091117 3.4393934197723857 161.31724522076547 5.8996944213286033 17.894757195375863 15.811481966637073 29.183007436804473 3.9404501626268011 2.2561425762251011 2.3620631750673056 2.6887077018618584 3.4641750575974584 2.6329135093837976 2.4398935083299866 3.8095459733158368 6.6368404552340508 2.4973982311785212 4.9258863972499949 4.4258944606408477
leaf_count=26 21 1764 107 26 25 30 22 42 24 28 85 28 22 1400 66 198 212 339 42 25 31 32 33 23 32 40 78 30 39 36
internal_value=-0.000381231 -0.000793383 -0.00668178 -0.00524252 -0.00629305 -0.00711869 0.00480783 -0.0378412 0.00626627 -0.00816418 -0.0547577 0.00709488 0.00806706 -0.00740241 -0.0402529 -0.00562335 -0.0166218 -0.00833277 0.00841652 -0.00722837 0.0563577 0.109035 -0.00357922 0.0891345 -0.0213854 -0.0136007 0.0292365 -0.0355451 0.00053852 0.0491028
internal_weight=623.123 620.068 302.285 293.498 290.009 287.414 317.783 10.5077 307.276 283.29 8.78654 303.764 298.638 280.707 14.421 266.286 95.6174 79.8059 50.6229 38.1675 12.4554 6.62916 5.82624 4.88906 33.2784 30.8385 10.4464 20.3922 170.669 9.35178
internal_count=4906 4885 2983 2872 2846 2821 1902 64 1838 2791 111 1814 1786 2763 173 2590 1115 903 564 426 138 74 64 48 378 346 118 228 1475 75
is_linear=0
shrinkage=0.1


Tree=43
num_leaves=31
num_cat=0
split_feature=15 264 153 151 9 114 22 176 81 83 56 61 11 237 13 128 151 132 53 11 39 5 0 1 0 55 5 8 26 16
split_gain=2.08713 2.41638 2.156 1.98228 1.82251 1.8059 1.78355 1.915 2.09129 1.84396 2.74532 2.32542 2.31793 1.77027 1.73665 2.19415 2.66304 2.11241 2.56891 2.89625 2.97711 4.11615 3.60778 8.22527 3.70623 3.41117 3.10371 2.91089 2.79412 2.71717
threshold=1.0000000180025095e-35 1.0000000180025095e-35 1.0000000180025095e-35 1.0000000180025095e-35 1.0000000180025095e-35 1.0000000180025095e-35 1.0000000180025095e-35 1.0000000180025095e-35 1.0000000180025095e-35 1.0000000180025095e-35 1.0000000180025095e-35 1.0000000180025095e-35 1.0000000180025095e-35 1.0000000180025095e-35 1.0000000180025095e-35 1.0000000180025095e-35 1.0000000180025095e-35 1.0000000180025095e-35 1.0000000180025095e-35 1.0000000180025095e-35 1.0000000180025095e-35 1.0000000180025095e-35 10.260096073150637 0.050117878243327148 4.5790553092956552 1.0000000180025095e-35 1.0000000180025095e-35 1.0000000180025095e-35 1.0000000180025095e-35 1.0000000180025095e-35
decision_type=2 2 2 2 2 2 2 2 2 2 2 2 2 2 2 2 2 2 2 2 2 2 2 2 2 2 2 2 2 2
left_child=5 2 3 -2 -5 6 7 13 -9 10 12 -12 -8 14 17 16 -16 18 19 20 22 25 23 24 29 -22 -26 -23 -24 -1
right_child=1 -3 -4 4 -6 -7 9 8 -10 -11 11 -13 -14 -15 15 -17 -18 -19 -20 -21 21 27 28 -25 26 -27 -28 -29 -30 -31
leaf_value=-0.0066811736982239625 -0.0080397531407134046 0.11096846306137008 -0.12218954376160041 -0.1063510451952534 0.011776436893809802 -0.059387653527421147 0.043789193529985337 0.0058369114290269626 0.11730662402259262 -0.073338160204140038 -0.087448315874042559 -0.0031388882678720581 -0.031492335026386681 0.074572359572414995 -0.0032597351007884919 -0.043999825407148994 0.072055355908977978 0.034336210040205283 0.023024438030539864 -0.015528437166205248 -0.062684692717205212 0.043710266775378565 0.0081048788763371151 0.11799714964710323 -0.072311674185305638 0.038487859097325564 0.012573538221026576 0.14260181980101369 -0.069418311059939578 0.071593289278768069
leaf_weight=9.8908985666930676 149.58910733927041 1.6272248998284329 1.7408278165385116 3.9380178209394208 1.9542077817022798 4.5908101201057425 11.500444415956737 3.5772562809288493 3.1785408034920692 5.1119368970394126 6.2394451089203375 6.8776699714362621 6.3473744932562104 3.5854792185127726 140.28497952409089 12.754414146766065 4.8573260903358451 29.382789801806211 62.604336049407721 73.33057645149529 5.1834113448858252 8.0730324387550336 7.9992383122444162 6.5961129181087008 10.115646358579399 9.3330138251185417 7.501826509833335 4.7148711830377588 11.101628648117185 8.0395562704652548
leaf_count=60 1810 14 32 47 28 28 74 29 18 32 38 41 45 23 1010 90 35 172 386 430 34 43 49 38 59 53 44 30 65 49
internal_value=-0.000374911 -0.0102651 -0.0115198 -0.0102807 -0.067173 0.00301994 0.00364524 0.00546925 0.0582824 -0.017696 -0.00851013 -0.0432425 0.0170162 0.00461023 0.00400103 -0.0042337 -0.000739244 0.00912275 0.00582255 -0.000829991 0.0113423 0.0388038 -0.000900651 0.015439 -0.00359119 0.00236196 -0.0361661 0.0801714 -0.0369524 0.0284151
internal_weight=621.622 158.849 157.222 155.481 5.89223 462.773 458.182 422.105 6.7558 36.0769 30.9649 13.1171 17.8478 415.349 411.764 157.897 145.142 253.867 224.484 161.88 88.5492 27.3043 61.2449 42.144 35.5479 14.5164 17.6175 12.7879 19.1009 17.9305
internal_count=4906 1931 1917 1885 75 2975 2947 2717 47 230 198 79 119 2670 2647 1135 1045 1512 1340 954 524 160 364 250 212 87 103 73 114 109
is_linear=0
shrinkage=0.1


Tree=44
num_leaves=31
num_cat=0
split_feature=106 8 107 103 100 20 214 79 45 73 0 0 0 0 138 14 139 67 140 6 99 0 135 70 64 65 0 13 7 81
split_gain=1.95707 2.10839 3.25838 2.62411 3.35251 3.08656 2.31173 2.30805 3.61835 2.64455 5.37457 2.33352 2.67917 2.42019 2.15027 4.77311 1.90296 3.44603 5.45065 3.75045 2.76713 3.60687 2.36702 2.51884 2.3265 2.83806 2.57043 2.19314 2.09255 2.0743
threshold=1.0000000180025095e-35 1.0000000180025095e-35 1.0000000180025095e-35 1.0000000180025095e-35 1.0000000180025095e-35 1.0000000180025095e-35 1.0000000180025095e-35 1.0000000180025095e-35 1.0000000180025095e-35 1.0000000180025095e-35 9.4346337318420428 3.4811772108078007 3.6783025264739995 3.2429842948913579 1.0000000180025095e-35 1.0000000180025095e-35 1.0000000180025095e-35 1.0000000180025095e-35 1.0000000180025095e-35 1.0000000180025095e-35 1.0000000180025095e-35 5.0171115398406991 1.0000000180025095e-35 1.0000000180025095e-35 1.0000000180025095e-35 1.0000000180025095e-35 16.495551109313968 1.0000000180025095e-35 1.0000000180025095e-35 1.0000000180025095e-35
decision_type=2 2 2 2 2 2 2 2 2 2 2 2 2 2 2 2 2 2 2 2 2 2 2 2 2 2 2 2 2 2
left_child=1 2 -1 4 5 6 7 11 9 -9 -11 13 -13 -3 16 -16 17 19 24 22 21 -18 23 -14 25 26 29 28 -21 -19
right_child=-2 3 -4 -5 -6 -7 -8 8 -10 10 -12 12 14 -15 15 -17 20 18 -20 27 -22 -23 -24 -25 -26 -27 -28 -29 -30 -31
leaf_value=0.0051470950754133413 -0.075315571288040256 -0.020106857404570466 -0.10445120666573403 0.091985835972806587 -0.091347852419087439 -0.11136511134656497 0.075323516731236329 -0.10669244539134265 0.038768613623114845 -0.11462116371695735 0.093984246123344217 0.081183720089194222 -0.045360694019993875 -0.11205768451310394 0.10032557437923249 -0.056773658436626698 -0.090648736726546053 0.015383968501274395 0.15710181525424161 -0.074125934041370453 -0.047931937554527626 0.065584602692353597 0.057057684736751414 0.013610431130003389 -0.0618405488807552 -0.091914092691814137 0.083756872487700335 -0.11293689069627817 0.0052778071340209946 -0.02132978280912293
leaf_weight=395.91100362781435 3.4630214432254425 15.06634315941483 2.731369328685104 2.6023743404075494 4.8370725959539405 2.8039405019953838 3.4592897556722155 7.5702660176903027 4.0930378874763838 2.5266638472676277 2.4160995204001665 3.94480294920504 16.273374021053314 3.5338520230725399 5.6464770091697556 2.9414787488058209 1.6801037788391138 47.004256907850504 2.254929417744278 7.9408202338963765 3.9628749601542941 12.265173192135988 4.7388761835172764 13.052621397189798 5.7491165213286868 2.9601198304444543 4.2171327192336312 6.132611831650137 5.7021021563559771 22.88006357382983
leaf_count=2877 28 154 22 22 43 24 25 77 37 21 21 42 138 29 47 28 13 400 20 77 38 105 41 133 50 26 37 86 40 205
internal_value=-0.0003504 7.0425e-05 0.00439616 -0.0078305 -0.00903502 -0.00714639 -0.00574156 -0.00711249 -0.0428484 -0.0695454 -0.0126516 -0.00395504 -0.000262225 -0.0375766 -0.00220469 0.0465172 -0.00487295 -0.00882832 0.0037024 -0.0286264 0.0258072 0.0467619 -0.008517 -0.0191134 -0.000474651 0.0041035 0.0079391 -0.0632663 -0.0409389 0.00336392
internal_weight=620.361 616.898 398.642 218.256 215.654 210.816 208.012 204.553 16.6061 12.513 4.94276 187.947 169.347 18.6002 165.402 8.58796 156.814 138.906 85.0656 53.8404 17.9082 13.9453 34.0649 29.326 82.8107 77.0616 74.1015 19.7755 13.6429 69.8843
internal_count=4906 4878 2899 1979 1957 1914 1890 1865 156 119 42 1709 1526 183 1484 75 1409 1253 738 515 156 118 312 271 718 668 642 203 117 605
is_linear=0
shrinkage=0.1


Tree=45
num_leaves=31
num_cat=0
split_feature=10 312 118 7 15 14 177 105 113 140 0 9 102 0 1 0 0 0 0 56 1 86 26 262 5 129 0 0 1 137
split_gain=1.9195 2.46111 2.40212 1.87738 1.83811 3.14244 3.17868 2.52164 2.13926 2.07403 2.46069 1.88622 5.36545 3.05818 6.69633 3.31703 3.19941 4.70344 3.15998 4.57792 3.03269 2.93589 2.58869 1.75994 1.75953 1.59922 3.5616 4.88249 2.72976 2.50157
threshold=1.0000000180025095e-35 1.0000000180025095e-35 1.0000000180025095e-35 1.0000000180025095e-35 1.0000000180025095e-35 1.0000000180025095e-35 1.0000000180025095e-35 1.0000000180025095e-35 1.0000000180025095e-35 1.0000000180025095e-35 2.1683777570724492 1.0000000180025095e-35 1.0000000180025095e-35 12.262833595275881 0.074758537113666548 7.6317591667175302 3.5414099693298344 4.0835044384002694 5.4948666095733651 1.0000000180025095e-35 0.7774735987186433 1.0000000180025095e-35 1.0000000180025095e-35 1.0000000180025095e-35 1.0000000180025095e-35 1.0000000180025095e-35 3.1772758960723881 2.8952771425247197 -0.36938171088695521 1.0000000180025095e-35
decision_type=2 2 2 2 2 2 2 2 2 2 2 2 2 2 2 2 2 2 2 2 2 2 2 2 2 2 2 2 2 2
left_child=2 3 4 -2 23 8 7 9 11 10 -7 13 21 14 15 16 -6 -18 -19 -20 -15 -13 -16 25 -22 28 27 -27 -1 -28
right_child=1 -3 -4 -5 5 6 -8 -9 -10 -11 -12 12 -14 20 22 -17 17 18 19 -21 24 -23 -24 -25 -26 26 29 -29 -30 -31
leaf_value=-0.084687554846698529 -0.0020780615767994346 0.088305233070097217 0.088995185013247477 0.013226534445129688 -0.065933803877820288 0.17942590465921604 0.13605525955939254 0.095665207860666054 -0.11114450612703507 0.049042256954986124 -0.089689600870650921 -0.070146824676574765 0.1487393911203205 -0.085383780114774308 0.058229258156302824 -0.10771438069509426 0.26268249008188005 -0.06324169926667364 -0.0083381651006024533 0.22365223731048467 -0.030169424805643608 0.11931600627546519 0.24815747577155031 -0.068970531553746994 0.13977668714894628 0.0053514926504037502 0.015468356240774403 -0.11632629304128068 -0.0051455808816718148 0.076676741673766688
leaf_weight=4.4392460361123076 208.45687440596521 3.4823623411357394 2.6077991640195242 130.21966256946325 2.3525434378534573 0.3473225152120073 0.81826768442988296 0.92226879578083654 1.8445109724998463 1.2679912066087133 15.615318780764936 10.19755797553807 1.4639565581455833 4.4847765713930121 1.1584551837295285 2.0131782405078402 1.061850090511143 2.1155047258362174 1.9696982018649578 1.4971381472423673 1.2420325046405196 0.8892009127885111 1.8858838025480509 4.0154240168631068 1.195731770247221 12.652786346152427 32.867250390350819 4.4602606147527686 153.55350684560835 8.3794901557266694
leaf_count=34 1245 20 31 709 51 7 17 18 34 30 399 222 21 102 24 56 18 36 36 28 22 23 30 28 23 107 223 36 1214 62
internal_value=-0.000344887 0.00466649 -0.00652797 0.00380649 -0.00743476 -0.0239068 -0.0567424 -0.065433 -0.00629608 -0.0740558 -0.0838341 -0.000527861 -0.031192 0.017819 0.0446162 0.00831937 0.034284 0.0697686 0.0330733 0.0918459 -0.0365853 -0.0549512 0.175885 -0.00337271 0.0531897 -0.00215524 0.0119908 -0.026362 -0.00738053 0.0279032
internal_weight=619.478 342.159 277.319 338.677 274.711 54.3432 18.9712 18.1529 35.372 17.2306 15.9626 33.5275 12.5507 20.9768 14.0543 11.0099 8.99673 6.64419 5.58234 3.46684 6.92254 11.0868 3.04434 220.368 2.43776 216.353 58.3598 17.113 157.993 41.2467
internal_count=4906 1974 2932 1954 2901 1197 471 454 726 436 406 692 266 426 279 225 169 118 100 64 147 245 54 1704 45 1676 428 143 1248 285
is_linear=0
shrinkage=0.1


Tree=46
num_leaves=31
num_cat=0
split_feature=306 114 30 222 16 43 90 15 65 113 22 130 10 81 7 0 0 81 139 54 0 41 73 5 12 9 1 0 11 99
split_gain=1.91824 2.30901 2.12994 2.23307 2.15477 2.09149 2.03524 1.79271 2.31333 2.29154 1.87118 2.45104 3.6454 3.00392 2.09826 3.52405 2.69166 2.30452 3.30225 2.41875 3.67599 2.39621 3.43709 2.20631 5.94772 4.87229 4.10389 2.34357 2.36102 2.13889
threshold=1.0000000180025095e-35 1.0000000180025095e-35 1.0000000180025095e-35 1.0000000180025095e-35 1.0000000180025095e-35 1.0000000180025095e-35 1.0000000180025095e-35 1.0000000180025095e-35 1.0000000180025095e-35 1.0000000180025095e-35 1.0000000180025095e-35 1.0000000180025095e-35 1.0000000180025095e-35 1.0000000180025095e-35 1.0000000180025095e-35 4.6392881870269784 4.9609856605529794 1.0000000180025095e-35 1.0000000180025095e-35 1.0000000180025095e-35 5.9260780811309823 1.0000000180025095e-35 1.0000000180025095e-35 1.0000000180025095e-35 1.0000000180025095e-35 1.0000000180025095e-35 -0.27872842550277704 10.658453464508058 1.0000000180025095e-35 1.0000000180025095e-35
decision_type=2 2 2 2 2 2 2 2 2 2 2 2 2 2 2 2 2 2 2 2 2 2 2 2 2 2 2 2 2 2
left_child=1 2 5 6 -5 -1 7 -4 9 10 14 13 -13 -12 15 -9 -17 18 21 -19 -21 23 -23 24 26 -26 -18 -25 -29 -28
right_child=-2 -3 3 4 -6 -7 -8 8 -10 -11 11 12 -14 -15 -16 16 17 19 -20 20 -22 22 -24 27 25 -27 29 28 -30 -31
leaf_value=-0.0021305323729619466 0.067959032303065825 -0.069804348287660842 0.0033854459504570021 -0.013925905564635136 -0.13142072149585293 0.10385748403168552 -0.071502176690229999 -0.085110355733113249 -0.076385183275441429 -0.067714776351143632 0.010474517779845339 -0.1082875456885736 0.050229586796330099 0.16030815958112452 0.0033166986459183794 0.108395122805079 0.13026062187389451 -0.087398836005830247 -0.1074820657697083 0.16465849408659219 -0.034694920420448389 0.15167154668484603 -0.043312304482457334 -0.11327506914832144 0.02367986974105897 0.20820250054079287 -0.11175755283232472 -0.042281410022221806 0.1131188341956304 0.012676190486875844
leaf_weight=3.5895105171948671 4.0826388373970977 4.8132050670683375 442.28202136419713 4.0964346881955853 2.5216907849535346 3.8682626485824576 3.9858391219750038 7.7674524011090389 4.9712747633457175 5.9569345917552701 2.7375567154958826 2.3068152461200953 3.9093101620674133 2.6173024475574493 71.653952527791262 1.776263297535478 1.2271191254258154 7.7633528020232925 2.5791648887097827 1.0517006460577247 7.6758757038041949 2.5587458051741114 1.3979877354577186 2.9994490118697286 3.5861046733334661 2.3811378106474876 4.1087726019322943 3.750423532910645 1.3224109793081877 2.0810160813853145
leaf_count=37 28 38 2846 37 26 31 34 175 78 79 28 53 32 32 557 25 22 129 63 14 150 37 23 59 51 24 87 58 27 26
internal_value=-0.00035972 -0.00081448 -0.000268795 -0.000927799 -0.0586947 0.0528443 -0.000284667 0.000196078 -0.00932342 -0.00699547 -0.00436016 0.034121 -0.0085964 0.0837089 -0.00790298 -0.0227832 -0.0123179 -0.017138 0.000332024 -0.0467924 -0.0106722 0.011274 0.0827801 -0.00191228 0.022991 0.0973108 -0.0368026 -0.0432029 -0.00177092 -0.0699227
internal_weight=617.42 613.337 608.524 601.066 6.61813 7.45777 594.448 590.462 148.18 143.209 137.252 11.571 6.21613 5.35486 125.681 54.027 46.2595 44.4833 27.9923 16.4909 8.72758 25.4132 3.95673 21.4564 13.3842 5.96724 7.41691 8.07228 5.07283 6.18979
internal_count=4906 4878 4840 4772 63 68 4709 4675 1829 1751 1672 145 85 60 1527 970 795 770 477 293 164 414 60 354 210 75 135 144 85 113
is_linear=0
shrinkage=0.1


Tree=47
num_leaves=31
num_cat=0
split_feature=0 0 10 0 0 103 14 0 16 11 31 140 74 36 53 6 64 13 0 67 41 11 81 8 135 21 135 0 7 6
split_gain=1.83469 1.94637 1.86672 2.49916 3.44331 3.12267 3.10306 3.02051 2.86872 3.56964 2.4514 4.21455 2.96844 4.67735 4.2475 4.77491 4.91676 4.39067 4.33251 2.94729 3.41522 6.68709 3.29419 2.64646 2.55808 2.48279 2.42359 6.40666 2.39626 2.94956
threshold=2.0465434789657597 2.1683777570724492 1.0000000180025095e-35 3.1772758960723881 4.850102663040162 1.0000000180025095e-35 1.0000000180025095e-35 2.8952771425247197 1.0000000180025095e-35 1.0000000180025095e-35 1.0000000180025095e-35 1.0000000180025095e-35 1.0000000180025095e-35 1.0000000180025095e-35 1.0000000180025095e-35 1.0000000180025095e-35 1.0000000180025095e-35 1.0000000180025095e-35 10.260096073150637 1.0000000180025095e-35 1.0000000180025095e-35 1.0000000180025095e-35 1.0000000180025095e-35 1.0000000180025095e-35 1.0000000180025095e-35 1.0000000180025095e-35 1.0000000180025095e-35 7.5277206897735605 1.0000000180025095e-35 1.0000000180025095e-35
decision_type=2 2 2 2 2 2 2 2 2 2 2 2 2 2 2 2 2 2 2 2 2 2 2 2 2 2 2 2 2 2
left_child=-1 -2 3 7 6 10 8 -3 -5 -10 12 19 14 28 18 17 -17 -16 -6 23 22 -22 26 25 -24 -12 27 -21 -14 -30
right_child=1 2 -4 4 5 -7 -8 -9 9 -11 11 -13 13 -15 15 16 -18 -19 -20 20 21 -23 24 -25 -26 -27 -28 -29 29 -31
leaf_value=-0.083692889188087954 0.073973369789908303 -0.017904116048869375 0.0045354254712455062 0.077969015399538974 -0.024290637089730355 -0.13616787873160127 -0.0089729739275244535 -0.11092336062408398 -0.046098970555416924 0.080592207305538135 0.011794866446226022 0.12512729385895555 -0.021447769297375935 -0.13637632142286982 0.076516702697348338 -0.077339041461280567 0.074862543564862591 -0.029156307045467289 -0.083488248037909774 0.098430691778354812 0.12721335794820082 -0.03657664226506805 0.013910661679918621 -0.077206146313972462 0.12851111666053994 -0.088217815519555556 -0.09685212539116568 -0.070170308892950353 -0.00051050500085844045 0.054614497550943553
leaf_weight=2.6310290815308681 3.535667371004819 13.035532867535951 337.40330790542066 13.026652598753572 40.749191483482718 1.9145300211384881 17.022666508331895 4.7676390139386049 5.5022401129826903 3.732749842107296 15.974317520856863 2.9626688743010154 19.728184550534934 2.3585851821117094 10.941942313686015 9.4942388166673499 2.7335595600306979 6.1372906984761348 17.747852591332048 3.7072285115718824 6.9541447237133962 3.8853200497105718 7.4438375169411302 6.6208147266879669 2.6380827855318785 2.9387997407466164 4.0088188350200662 5.7485866136848927 24.870836822316051 15.919316245242952
leaf_count=20 41 150 1951 123 421 21 174 53 52 33 136 30 446 21 102 119 29 80 216 29 59 40 58 90 29 20 39 69 155 100
internal_value=-0.00036528 -7.92707e-06 -0.000436758 -0.00659172 -0.00406042 -0.00902439 0.0231674 -0.0428144 0.0477439 0.00510915 -0.00788459 0.00870011 -0.0148058 0.00178043 -0.0266832 0.00439029 -0.0433139 0.0385439 -0.042251 0.00294351 0.022055 0.0685041 0.000672456 -0.0227935 0.0438976 -0.00374552 -0.0316932 -0.00406893 0.00716482 0.0210033
internal_weight=616.136 613.505 609.969 272.566 254.762 215.478 39.2843 17.8032 22.2616 9.23499 213.564 62.8826 150.681 62.8769 87.8041 29.307 12.2278 17.0792 58.497 59.92 34.386 10.8395 23.5466 25.5339 10.0819 18.9131 13.4646 9.45582 60.5183 40.7902
internal_count=4906 4886 4845 2894 2691 2309 382 203 208 85 2288 599 1689 722 967 330 148 182 637 569 323 99 224 246 87 156 137 98 701 255
is_linear=0
shrinkage=0.1


Tree=48
num_leaves=31
num_cat=0
split_feature=66 7 19 49 54 44 144 190 264 55 88 14 147 21 14 0 0 0 1 8 151 79 5 16 13 135 0 9 56 51
split_gain=1.80387 1.5491 1.96019 1.86828 1.85943 1.61549 2.19485 1.69371 1.60322 1.50386 1.4723 2.8337 1.42931 1.41606 3.55085 2.29439 2.15616 1.74578 2.33599 1.66395 2.71768 2.5748 2.72152 4.71888 5.52537 4.32548 3.26227 3.12721 2.8567 2.8031
threshold=1.0000000180025095e-35 1.0000000180025095e-35 1.0000000180025095e-35 1.0000000180025095e-35 1.0000000180025095e-35 1.0000000180025095e-35 1.0000000180025095e-35 1.0000000180025095e-35 1.0000000180025095e-35 1.0000000180025095e-35 1.0000000180025095e-35 1.0000000180025095e-35 1.0000000180025095e-35 1.0000000180025095e-35 1.0000000180025095e-35 10.120465755462648 3.4195755720138554 17.746748924255375 0.94737243652343761 1.0000000180025095e-35 1.0000000180025095e-35 1.0000000180025095e-35 1.0000000180025095e-35 1.0000000180025095e-35 1.0000000180025095e-35 1.0000000180025095e-35 11.377138614654543 1.0000000180025095e-35 1.0000000180025095e-35 1.0000000180025095e-35
decision_type=2 2 2 2 2 2 2 2 2 2 2 2 2 2 2 2 2 2 2 2 2 2 2 2 2 2 2 2 2 2
left_child=1 2 5 4 -4 9 7 8 12 -1 13 -12 -7 17 16 -16 -15 18 19 -3 21 22 23 25 28 27 -24 -21 -25 -28
right_child=-2 10 3 -5 -6 6 -8 -9 -10 -11 11 -13 -14 14 15 -17 -18 -19 -20 20 -22 -23 26 24 -26 -27 29 -29 -30 -31
leaf_value=0.018314077073027017 0.076450833607846658 0.009273139772513898 0.021023345955351901 -0.1285166099897746 -0.078503578220248282 -0.0052053286597953767 0.075184136450011485 0.075114199939058365 0.056537182132664288 -0.076252332184934032 -0.073477814229838539 0.035260001386067018 -0.085448824660009803 -0.046853451695020198 0.031871010658174777 -0.063847022809564266 0.06652652008102225 -0.056059365183120227 0.082396031764070718 -0.032002510415085582 0.064733698406279558 -0.064898281527823135 0.045898420996279631 -0.012489413900544793 -0.056883708855938554 0.029758847236052162 -0.10068436267889253 -0.099827590390324475 0.083014444292222267 0.0091405332795440886
leaf_weight=2.3821749631315452 3.041584648191928 168.18780295364559 3.9994970094412547 2.3080415548756719 3.5374105293303728 267.17673752037808 3.5322977406904092 2.6700698100030413 4.1800555866211644 5.7184062674641609 6.4533232972025854 3.8124056607484818 2.2383620841428629 1.8796345889568353 4.6046978682279605 5.48999397829175 15.580897457897661 4.8749599009752265 3.7785430774092665 17.971250962466002 5.0067217275500289 8.0665226019918901 17.71529953181744 4.5485785976052293 6.616361789405345 7.0386388413608065 3.2856830023229104 10.933804716914894 10.056792069226503 7.940213393419981
leaf_count=26 21 976 38 28 39 2665 26 25 30 84 40 24 22 11 27 31 92 27 22 120 32 55 113 29 45 41 21 74 65 57
internal_value=-0.000369385 -0.000751434 -0.00591852 -0.0497959 -0.0256891 -0.00441809 -0.00314351 -0.004145 -0.00491851 -0.0484428 0.0041506 -0.0330956 -0.00587201 0.00541012 0.0270262 -0.0201852 0.0543211 0.00325219 0.00431855 0.00321513 -0.00705795 -0.0108748 -0.0058138 -0.0184635 0.0189281 -0.04054 0.0191722 -0.0576584 0.0532715 -0.0230039
internal_weight=614.627 611.585 297.743 9.84495 7.53691 287.898 279.798 276.265 273.595 8.10058 313.842 10.2657 269.415 303.576 27.5552 10.0947 17.4605 276.021 271.146 267.368 99.1799 94.1731 86.1066 57.1654 21.2217 35.9437 28.9412 28.9051 14.6054 11.2259
internal_count=4906 4885 2983 105 77 2878 2768 2742 2717 110 1902 64 2687 1838 161 58 103 1677 1650 1628 652 620 565 374 139 235 191 194 94 78
is_linear=0
shrinkage=0.1


Tree=49
num_leaves=31
num_cat=0
split_feature=15 264 196 113 282 0 74 0 78 56 69 0 34 0 45 137 93 34 47 12 0 101 55 11 6 8 0 81 5 135
split_gain=1.62308 2.00698 1.73503 2.66889 2.42729 2.03043 1.8792 4.96422 4.36623 2.47316 3.91945 5.70276 4.28411 3.45038 4.83603 4.21077 3.22724 3.58 2.50277 3.61634 2.35148 2.27901 3.99581 3.021 3.83034 4.49052 7.26066 2.76231 2.47266 2.28608
threshold=1.0000000180025095e-35 1.0000000180025095e-35 1.0000000180025095e-35 1.0000000180025095e-35 1.0000000180025095e-35 13.600273609161379 1.0000000180025095e-35 13.474332809448244 1.0000000180025095e-35 1.0000000180025095e-35 1.0000000180025095e-35 11.560575008392336 1.0000000180025095e-35 15.924708843231203 1.0000000180025095e-35 1.0000000180025095e-35 1.0000000180025095e-35 1.0000000180025095e-35 1.0000000180025095e-35 1.0000000180025095e-35 16.880219459533695 1.0000000180025095e-35 1.0000000180025095e-35 1.0000000180025095e-35 1.0000000180025095e-35 1.0000000180025095e-35 5.4948666095733651 1.0000000180025095e-35 1.0000000180025095e-35 1.0000000180025095e-35
decision_type=2 2 2 2 2 2 2 2 2 2 2 2 2 2 2 2 2 2 2 2 2 2 2 2 2 2 2 2 2 2
left_child=-1 2 3 4 6 -5 9 8 -8 10 11 21 -13 15 -15 16 17 -11 19 -12 -9 22 23 24 25 28 -27 29 -2 -25
right_child=1 -3 -4 5 -6 -7 7 20 -10 13 18 12 -14 14 -16 -17 -18 -19 -20 -21 -22 -23 -24 27 -26 26 -28 -29 -30 -31
leaf_value=0.0026465116966054494 0.063204730659979239 0.10095500150131401 0.059578859033130642 -0.11066907047670445 -0.13227542577307039 0.019321786320515372 0.0045751965941412918 -0.10488008455030931 -0.13063009452463178 -0.032327099305193181 0.025949028701862976 0.028825133319950833 0.20424026486027774 0.20201822472836636 0.013684610576791423 0.13801462022585503 0.10757310177208319 0.054293446567691341 -0.13448537962263718 -0.1404864706274227 -0.018593015514770234 0.10300189454297526 -0.097732687880174099 0.053705347628691336 -0.045485283964195843 0.026391072093270358 0.2783877416407729 -0.098851674595397787 -0.048015172232077963 -0.083412882722877529
leaf_weight=457.96167731750757 3.7437714766711014 1.636824645102023 3.4663875792175523 4.5479429392144075 1.5851810378953803 1.6330810459330676 35.824133762158453 8.9254280459135753 2.5590891242027274 20.709607815835636 3.8905063597485405 4.0843884521163991 2.1123282443732023 2.3565206974744788 3.235320070758462 2.3042529094964257 2.4472663449123493 6.1997323408722869 3.7558300457894802 1.9648190606385467 4.8878595707938066 1.5660808421671379 5.6044527413323513 3.3037022240459937 6.3521614875644437 2.88568799663335 1.8936864370480178 5.3754919664934278 4.2889690035954118 1.9240427156910298
leaf_count=2975 41 14 32 65 16 23 427 131 40 296 52 48 24 23 38 27 23 62 41 25 53 15 75 39 88 41 23 71 49 29
internal_value=-0.000347628 -0.00919041 -0.0103655 -0.0119823 -0.00921623 -0.0763243 -0.00784438 -0.0229397 -0.00443922 0.000910448 -0.0130209 -0.000153453 0.0886204 0.0206358 0.0930524 0.00784577 -0.00237141 -0.0123703 -0.0707698 -0.0299002 -0.0743472 -0.0150461 -0.0202727 -0.00568895 0.0180072 0.0494863 0.126237 -0.0485172 0.00382042 0.00323974
internal_weight=613.026 155.065 153.428 149.961 143.78 6.18102 142.195 52.1965 38.3832 89.9986 52.7459 43.1348 6.19672 37.2527 5.59184 31.6609 29.3566 26.9093 9.61116 5.85533 13.8133 36.938 35.372 29.7675 19.1643 12.8121 4.77937 10.6032 8.03274 5.22774
internal_count=4906 1931 1917 1885 1797 88 1781 651 467 1130 661 543 72 469 61 408 381 358 118 77 184 471 456 381 242 154 64 139 90 68
is_linear=0
shrinkage=0.1


Tree=50
num_leaves=31
num_cat=0
split_feature=106 8 103 100 20 0 228 0 144 272 282 190 108 6 7 9 81 139 5 28 79 5 1 11 0 0 16 0 0 55
split_gain=1.57371 1.78148 2.2155 2.73851 2.45876 2.01934 1.92989 1.88329 1.75206 1.7526 1.61215 2.42676 1.64522 2.5826 3.39816 4.18221 2.90253 3.43499 2.72561 2.49112 1.60808 3.61133 3.50508 2.58429 1.7908 2.02362 5.65707 1.90957 1.58353 3.38709
threshold=1.0000000180025095e-35 1.0000000180025095e-35 1.0000000180025095e-35 1.0000000180025095e-35 1.0000000180025095e-35 10.260096073150637 1.0000000180025095e-35 2.2505134344100957 1.0000000180025095e-35 1.0000000180025095e-35 1.0000000180025095e-35 1.0000000180025095e-35 1.0000000180025095e-35 1.0000000180025095e-35 1.0000000180025095e-35 1.0000000180025095e-35 1.0000000180025095e-35 1.0000000180025095e-35 1.0000000180025095e-35 1.0000000180025095e-35 1.0000000180025095e-35 1.0000000180025095e-35 -0.19324663281440732 1.0000000180025095e-35 2.6105407476425175 3.4811772108078007 1.0000000180025095e-35 3.6783025264739995 3.1772758960723881 1.0000000180025095e-35
decision_type=2 2 2 2 2 2 2 2 2 2 2 2 2 2 2 2 2 2 2 2 2 2 2 2 2 2 2 2 2 2
left_child=1 8 3 4 6 -5 7 -3 9 10 11 12 19 14 -14 -16 17 -15 -19 -1 24 22 -22 -24 -9 26 -26 -27 29 -21
right_child=-2 2 -4 5 -6 -7 -8 20 -10 -11 -12 -13 13 16 15 -17 -18 18 -20 28 21 -23 23 -25 25 27 -28 -29 -30 -31
leaf_value=0.084840922351330617 -0.069247163638305256 -0.077872570705829647 0.085824453209130014 -0.15576890568124391 -0.10326791401729139 -0.02340731771629594 -0.087535065159220965 0.080342566722077277 0.075999382512638644 0.06868217335146598 0.070268223335853947 -0.080265951906266758 -0.048897749646266808 -0.10743129503633418 0.11894837702791002 -0.021574337553264808 -0.117743345820272 -0.049018153468599147 0.085275573512099495 0.0020585510166947676 -0.085337710282322399 -0.10674775910600126 0.07690940336239703 -0.041474633626434533 -0.090620612634119649 0.068605475375968755 0.058739250101997979 -0.00050481200411259968 0.0059412075733830437 -0.073004592184996636
leaf_weight=3.8379569109529248 3.2977579059079281 3.4243930149823418 2.5239932574331752 2.1379472371190777 2.604677685070782 2.5009352648630738 2.82763548195362 2.7069865604862562 3.3522145282477132 4.068898005411028 3.5000031646341077 3.5448347721248856 5.9623175626620641 2.9723992738872749 4.29414963722229 4.179144125431776 4.475951651111246 2.7904883828014135 3.2968516573309898 22.763836862519383 3.5721938731148848 4.7335970187559715 5.0719573358073839 2.8973380802199244 7.8021180843934399 4.0980470720678559 3.7569278315640986 163.87516214791685 316.76741801109165 8.1684484649449605
leaf_count=32 28 41 22 19 24 24 32 28 23 27 27 27 63 23 24 25 30 25 21 175 36 57 35 28 73 42 38 1480 2314 63
internal_value=-0.000353532 1.98309e-05 -0.00731251 -0.00842132 -0.00672146 -0.0844095 -0.00549337 -0.00434458 0.00401256 0.00339479 0.00270757 0.00209026 0.00285952 -0.0204821 0.0089415 0.0496407 -0.0518618 -0.0193132 0.0237142 0.00471677 -0.00307622 -0.0331936 -0.00302627 0.0338694 -0.000386552 -0.00160379 -0.0420756 0.00118127 0.00383235 -0.0177638
internal_weight=611.807 608.509 214.534 212.01 207.371 4.63888 204.766 201.939 393.975 390.623 386.554 383.054 379.509 27.9713 14.4356 8.47329 13.5357 9.05974 6.08734 351.538 198.514 16.2751 11.5415 7.9693 182.239 179.532 11.559 167.973 347.7 30.9323
internal_count=4906 4878 1979 1957 1914 43 1890 1858 2899 2876 2849 2822 2795 211 112 49 99 69 46 2584 1817 156 99 63 1661 1633 111 1522 2552 238
is_linear=0
shrinkage=0.1


Tree=51
num_leaves=31
num_cat=0
split_feature=10 312 118 84 0 73 16 0 103 7 137 0 8 5 0 0 6 0 108 15 33 0 15 15 14 177 105 167 140 1
split_gain=1.61451 2.1693 1.87135 1.46377 3.91436 2.16838 2.59639 1.52589 1.45304 1.42331 1.41118 1.86043 2.32471 2.32483 1.9911 4.44864 3.43771 3.38023 2.32806 1.58577 1.51276 2.29524 2.46514 1.39415 2.45796 2.59384 2.58482 1.9502 1.79776 1.97674
threshold=1.0000000180025095e-35 1.0000000180025095e-35 1.0000000180025095e-35 1.0000000180025095e-35 9.0704994201660174 1.0000000180025095e-35 1.0000000180025095e-35 13.882272243499758 1.0000000180025095e-35 1.0000000180025095e-35 1.0000000180025095e-35 7.5879535675048837 1.0000000180025095e-35 1.0000000180025095e-35 15.260780334472658 14.205338954925539 1.0000000180025095e-35 13.661875724792482 1.0000000180025095e-35 1.0000000180025095e-35 1.0000000180025095e-35 4.273785114288331 1.0000000180025095e-35 1.0000000180025095e-35 1.0000000180025095e-35 1.0000000180025095e-35 1.0000000180025095e-35 1.0000000180025095e-35 1.0000000180025095e-35 -0.75906911492347706
decision_type=2 2 2 2 2 2 2 2 2 2 2 2 2 2 2 2 2 2 2 2 2 2 2 2 2 2 2 2 2 2
left_child=2 3 8 9 5 6 -5 -6 23 -2 11 12 20 -14 15 17 -17 18 -13 -16 21 22 -11 -1 27 26 28 -25 29 -26
right_child=1 -3 -4 4 7 -7 -8 -9 -10 10 -12 14 13 -15 19 16 -18 -19 -20 -21 -22 -23 -24 24 25 -27 -28 -29 -30 -31
leaf_value=-0.0026274046402261983 -8.7899122906558256e-05 0.083396497525180691 0.077185501058449554 -0.062404530704865901 -0.099496651317084878 0.081731253259150441 0.052833872184240474 -0.016124054711187111 -0.081414594639268811 0.099085503805300373 -0.02436507658702217 0.012535962043066895 -0.015119007988392852 0.067179168431915737 0.060457313898413828 -0.12101286631466693 -0.0018886197370583818 0.096556628620424162 -0.054372113012273064 0.0034820400169767543 0.0067947813682334894 0.12399927345392894 -0.0085827175670713726 -0.010074794381808149 0.1388243572123099 0.11442905495249034 0.11265802281698892 0.11804132006583606 0.042343912391562641 -0.086594820555715546
leaf_weight=215.91661516949534 194.2350058183074 3.4309154562652102 2.6741525465622535 4.4679932892322558 6.0969503186643106 3.5829617343842983 3.4763095527887344 3.4302840009331703 2.5905359378084531 4.0521134957671183 8.9595927223563177 35.145138218998909 11.807725831866266 4.839274749159812 11.026115231215954 4.9949912130832654 4.7038653939962387 4.224395088851451 6.1035405397415152 8.7708780243992805 4.1035628169775 5.8299326673150054 4.4748775884509087 33.246410337742418 0.40028856601566332 0.89069491624832053 0.81607586517930109 1.2321867807768274 1.3061273396015174 13.815426558256148
leaf_count=1688 1164 20 31 26 38 21 24 20 28 29 51 195 60 27 67 24 24 22 30 40 27 42 23 694 7 17 16 26 29 396
internal_value=-0.000336578 0.00428529 -0.0060571 0.00347343 -0.02205 0.0171492 -0.0119779 -0.0694783 -0.0068809 0.00518883 0.013799 0.0169054 0.0359031 0.00880503 0.00800888 -0.0017533 -0.0632386 0.0113608 0.00263562 0.0352149 0.0603391 0.0756434 0.0425823 -0.00615943 -0.0209083 -0.0517517 -0.0608113 -0.00549622 -0.0699316 -0.0802474
internal_weight=610.645 337.756 272.889 334.326 21.0545 11.5273 7.9443 9.52723 270.214 313.271 119.036 110.076 35.1075 16.647 74.9689 55.1719 9.69886 45.4731 41.2487 19.797 18.4605 14.3569 8.52699 267.624 51.7072 17.2286 16.3379 34.4786 15.5218 14.2157
internal_count=4906 1974 2932 1954 129 71 50 58 2901 1825 661 610 208 87 402 295 48 247 225 107 121 94 52 2873 1185 465 448 720 432 403
is_linear=0
shrinkage=0.1


end of trees

feature_importances:
Column_0=245
Column_15=108
Column_8=95
Column_13=76
Column_7=75
Column_1=51
Column_10=49
Column_11=44
Column_16=38
Column_6=33
Column_5=32
Column_14=28
Column_12=23
Column_67=22
Column_81=21
Column_26=20
Column_54=17
Column_61=17
Column_9=16
Column_21=15
Column_22=14
Column_31=14
Column_55=14
Column_84=14
Column_113=14
Column_53=13
Column_83=13
Column_99=12
Column_56=11
Column_104=11
Column_140=11
Column_264=11
Column_105=10
Column_108=10
Column_134=10
Column_144=10
Column_73=9
Column_79=9
Column_62=8
Column_64=8
Column_68=8
Column_74=8
Column_82=8
Column_135=8
Column_138=8
Column_41=7
Column_44=7
Column_46=7
Column_86=7
Column_80=6
Column_103=6
Column_107=6
Column_168=6
Column_222=6
Column_282=6
Column_33=5
Column_35=5
Column_42=5
Column_65=5
Column_88=5
Column_106=5
Column_114=5
Column_132=5
Column_137=5
Column_153=5
Column_177=5
Column_196=5
Column_267=5
Column_17=4
Column_25=4
Column_34=4
Column_36=4
Column_45=4
Column_63=4
Column_94=4
Column_128=4
Column_130=4
Column_312=4
Column_20=3
Column_23=3
Column_48=3
Column_57=3
Column_78=3
Column_87=3
Column_91=3
Column_100=3
Column_118=3
Column_133=3
Column_139=3
Column_151=3
Column_178=3
Column_190=3
Column_226=3
Column_272=3
Column_19=2
Column_24=2
Column_39=2
Column_49=2
Column_52=2
Column_66=2
Column_69=2
Column_70=2
Column_90=2
Column_102=2
Column_129=2
Column_167=2
Column_174=2
Column_176=2
Column_192=2
Column_28=1
Column_30=1
Column_43=1
Column_47=1
Column_50=1
Column_51=1
Column_58=1
Column_71=1
Column_93=1
Column_95=1
Column_98=1
Column_101=1
Column_127=1
Column_147=1
Column_150=1
Column_214=1
Column_221=1
Column_228=1
Column_236=1
Column_237=1
Column_262=1
Column_306=1

parameters:
[boosting: gbdt]
[objective: binary]
[metric: binary_logloss]
[tree_learner: serial]
[device_type: cpu]
[data_sample_strategy: bagging]
[data: ]
[valid: ]
[num_iterations: 300]
[learning_rate: 0.1]
[num_leaves: 31]
[num_threads: 0]
[seed: 0]
[deterministic: 0]
[force_col_wise: 0]
[force_row_wise: 0]
[histogram_pool_size: -1]
[max_depth: -1]
[min_data_in_leaf: 20]
[min_sum_hessian_in_leaf: 0.001]
[bagging_fraction: 1]
[pos_bagging_fraction: 1]
[neg_bagging_fraction: 1]
[bagging_freq: 0]
[bagging_seed: 7719]
[bagging_by_query: 0]
[feature_fraction: 1]
[feature_fraction_bynode: 1]
[feature_fraction_seed: 2437]
[extra_trees: 0]
[extra_seed: 11797]
[early_stopping_round: 0]
[early_stopping_min_delta: 0]
[first_metric_only: 0]
[max_delta_step: 0]
[lambda_l1: 0]
[lambda_l2: 0]
[linear_lambda: 0]
[min_gain_to_split: 0]
[drop_rate: 0.1]
[max_drop: 50]
[skip_drop: 0.5]
[xgboost_dart_mode: 0]
[uniform_drop: 0]
[drop_seed: 21238]
[top_rate: 0.2]
[other_rate: 0.1]
[min_data_per_group: 100]
[max_cat_threshold: 32]
[cat_l2: 10]
[cat_smooth: 10]
[max_cat_to_onehot: 4]
[top_k: 20]
[monotone_constraints: ]
[monotone_constraints_method: basic]
[monotone_penalty: 0]
[feature_contri: ]
[forcedsplits_filename: ]
[refit_decay_rate: 0.9]
[cegb_tradeoff: 1]
[cegb_penalty_split: 0]
[cegb_penalty_feature_lazy: ]
[cegb_penalty_feature_coupled: ]
[path_smooth: 0]
[interaction_constraints: ]
[verbosity: -1]
[saved_feature_importance_type: 0]
[use_quantized_grad: 0]
[num_grad_quant_bins: 4]
[quant_train_renew_leaf: 0]
[stochastic_rounding: 1]
[linear_tree: 0]
[max_bin: 255]
[max_bin_by_feature: ]
[min_data_in_bin: 3]
[bin_construct_sample_cnt: 200000]
[data_random_seed: 38]
[is_enable_sparse: 1]
[enable_bundle: 1]
[use_missing: 1]
[zero_as_missing: 0]
[feature_pre_filter: 1]
[pre_partition: 0]
[two_round: 0]
[header: 0]
[label_column: ]
[weight_column: ]
[group_column: ]
[ignore_column: ]
[categorical_feature: ]
[forcedbins_filename: ]
[precise_float_parser: 0]
[parser_config_file: ]
[objective_seed: 8855]
[num_class: 1]
[is_unbalance: 0]
[scale_pos_weight: 1]
[sigmoid: 1]
[boost_from_average: 1]
[reg_sqrt: 0]
[alpha: 0.9]
[fair_c: 1]
[poisson_max_delta_step: 0.7]
[tweedie_variance_power: 1.5]
[lambdarank_truncation_level: 30]
[lambdarank_norm: 1]
[label_gain: ]
[lambdarank_position_bias_regularization: 0]
[eval_at: ]
[multi_error_top_k: 1]
[auc_mu_weights: ]
[num_machines: 1]
[local_listen_port: 12400]
[time_out: 120]
[machine_list_filename: ]
[machines: ]
[gpu_platform_id: -1]
[gpu_device_id: -1]
[gpu_device_id_list: ]
[gpu_use_dp: 0]
[num_gpu: 1]

end of parameters

pandas_categorical:null
