tree
version=v4
num_class=1
num_tree_per_iteration=1
label_index=0
max_feature_idx=567
objective=binary sigmoid:1
feature_names=Column_0 Column_1 Column_2 Column_3 Column_4 Column_5 Column_6 Column_7 Column_8 Column_9 Column_10 Column_11 Column_12 Column_13 Column_14 Column_15 Column_16 Column_17 Column_18 Column_19 Column_20 Column_21 Column_22 Column_23 Column_24 Column_25 Column_26 Column_27 Column_28 Column_29 Column_30 Column_31 Column_32 Column_33 Column_34 Column_35 Column_36 Column_37 Column_38 Column_39 Column_40 Column_41 Column_42 Column_43 Column_44 Column_45 Column_46 Column_47 Column_48 Column_49 Column_50 Column_51 Column_52 Column_53 Column_54 Column_55 Column_56 Column_57 Column_58 Column_59 Column_60 Column_61 Column_62 Column_63 Column_64 Column_65 Column_66 Column_67 Column_68 Column_69 Column_70 Column_71 Column_72 Column_73 Column_74 Column_75 Column_76 Column_77 Column_78 Column_79 Column_80 Column_81 Column_82 Column_83 Column_84 Column_85 Column_86 Column_87 Column_88 Column_89 Column_90 Column_91 Column_92 Column_93 Column_94 Column_95 Column_96 Column_97 Column_98 Column_99 Column_100 Column_101 Column_102 Column_103 Column_104 Column_105 Column_106 Column_107 Column_108 Column_109 Column_110 Column_111 Column_112 Column_113 Column_114 Column_115 Column_116 Column_117 Column_118 Column_119 Column_120 Column_121 Column_122 Column_123 Column_124 Column_125 Column_126 Column_127 Column_128 Column_129 Column_130 Column_131 Column_132 Column_133 Column_134 Column_135 Column_136 Column_137 Column_138 Column_139 Column_140 Column_141 Column_142 Column_143 Column_144 Column_145 Column_146 Column_147 Column_148 Column_149 Column_150 Column_151 Column_152 Column_153 Column_154 Column_155 Column_156 Column_157 Column_158 Column_159 Column_160 Column_161 Column_162 Column_163 Column_164 Column_165 Column_166 Column_167 Column_168 Column_169 Column_170 Column_171 Column_172 Column_173 Column_174 Column_175 Column_176 Column_177 Column_178 Column_179 Column_180 Column_181 Column_182 Column_183 Column_184 Column_185 Column_186 Column_187 Column_188 Column_189 Column_190 Column_191 Column_192 Column_193 Column_194 Column_195 Column_196 Column_197 Column_198 Column_199 Column_200 Column_201 Column_202 Column_203 Column_204 Column_205 Column_206 Column_207 Column_208 Column_209 Column_210 Column_211 Column_212 Column_213 Column_214 Column_215 Column_216 Column_217 Column_218 Column_219 Column_220 Column_221 Column_222 Column_223 Column_224 Column_225 Column_226 Column_227 Column_228 Column_229 Column_230 Column_231 Column_232 Column_233 Column_234 Column_235 Column_236 Column_237 Column_238 Column_239 Column_240 Column_241 Column_242 Column_243 Column_244 Column_245 Column_246 Column_247 Column_248 Column_249 Column_250 Column_251 Column_252 Column_253 Column_254 Column_255 Column_256 Column_257 Column_258 Column_259 Column_260 Column_261 Column_262 Column_263 Column_264 Column_265 Column_266 Column_267 Column_268 Column_269 Column_270 Column_271 Column_272 Column_273 Column_274 Column_275 Column_276 Column_277 Column_278 Column_279 Column_280 Column_281 Column_282 Column_283 Column_284 Column_285 Column_286 Column_287 Column_288 Column_289 Column_290 Column_291 Column_292 Column_293 Column_294 Column_295 Column_296 Column_297 Column_298 Column_299 Column_300 Column_301 Column_302 Column_303 Column_304 Column_305 Column_306 Column_307 Column_308 Column_309 Column_310 Column_311 Column_312 Column_313 Column_314 Column_315 Column_316 Column_317 Column_318 Column_319 Column_320 Column_321 Column_322 Column_323 Column_324 Column_325 Column_326 Column_327 Column_328 Column_329 Column_330 Column_331 Column_332 Column_333 Column_334 Column_335 Column_336 Column_337 Column_338 Column_339 Column_340 Column_341 Column_342 Column_343 Column_344 Column_345 Column_346 Column_347 Column_348 Column_349 Column_350 Column_351 Column_352 Column_353 Column_354 Column_355 Column_356 Column_357 Column_358 Column_359 Column_360 Column_361 Column_362 Column_363 Column_364 Column_365 Column_366 Column_367 Column_368 Column_369 Column_370 Column_371 Column_372 Column_373 Column_374 Column_375 Column_376 Column_377 Column_378 Column_379 Column_380 Column_381 Column_382 Column_383 Column_384 Column_385 Column_386 Column_387 Column_388 Column_389 Column_390 Column_391 Column_392 Column_393 Column_394 Column_395 Column_396 Column_397 Column_398 Column_399 Column_400 Column_401 Column_402 Column_403 Column_404 Column_405 Column_406 Column_407 Column_408 Column_409 Column_410 Column_411 Column_412 Column_413 Column_414 Column_415 Column_416 Column_417 Column_418 Column_419 Column_420 Column_421 Column_422 Column_423 Column_424 Column_425 Column_426 Column_427 Column_428 Column_429 Column_430 Column_431 Column_432 Column_433 Column_434 Column_435 Column_436 Column_437 Column_438 Column_439 Column_440 Column_441 Column_442 Column_443 Column_444 Column_445 Column_446 Column_447 Column_448 Column_449 Column_450 Column_451 Column_452 Column_453 Column_454 Column_455 Column_456 Column_457 Column_458 Column_459 Column_460 Column_461 Column_462 Column_463 Column_464 Column_465 Column_466 Column_467 Column_468 Column_469 Column_470 Column_471 Column_472 Column_473 Column_474 Column_475 Column_476 Column_477 Column_478 Column_479 Column_480 Column_481 Column_482 Column_483 Column_484 Column_485 Column_486 Column_487 Column_488 Column_489 Column_490 Column_491 Column_492 Column_493 Column_494 Column_495 Column_496 Column_497 Column_498 Column_499 Column_500 Column_501 Column_502 Column_503 Column_504 Column_505 Column_506 Column_507 Column_508 Column_509 Column_510 Column_511 Column_512 Column_513 Column_514 Column_515 Column_516 Column_517 Column_518 Column_519 Column_520 Column_521 Column_522 Column_523 Column_524 Column_525 Column_526 Column_527 Column_528 Column_529 Column_530 Column_531 Column_532 Column_533 Column_534 Column_535 Column_536 Column_537 Column_538 Column_539 Column_540 Column_541 Column_542 Column_543 Column_544 Column_545 Column_546 Column_547 Column_548 Column_549 Column_550 Column_551 Column_552 Column_553 Column_554 Column_555 Column_556 Column_557 Column_558 Column_559 Column_560 Column_561 Column_562 Column_563 Column_564 Column_565 Column_566 Column_567
feature_infos=[2.0013689994812012:17.993154525756836] [-0.7776256799697876:0.99923950433731079] none none none [0:1] [0:1] [0:1] [0:1] [0:1] [0:1] [0:1] [0:1] [0:1] [0:1] [0:1] [0:1] [0:1] [0:1] [0:1] [0:1] [0:1] [0:1] [0:1] [0:1] [0:1] [0:1] [0:1] [0:1] [0:1] [0:1] [0:1] [0:1] [0:1] [0:1] [0:1] [0:1] [0:1] [0:1] [0:1] [0:1] [0:1] [0:1] [0:1] [0:1] [0:1] [0:1] [0:1] [0:1] [0:1] [0:1] [0:1] [0:1] [0:1] [0:1] [0:1] [0:1] [0:1] [0:1] [0:1] [0:1] [0:1] [0:1] [0:1] [0:1] [0:1] [0:1] [0:1] [0:1] [0:1] [0:1] [0:1] [0:1] [0:1] [0:1] [0:1] [0:1] [0:1] [0:1] [0:1] [0:1] [0:1] [0:1] [0:1] [0:1] [0:1] [0:1] [0:1] [0:1] [0:1] [0:1] [0:1] [0:1] [0:1] [0:1] [0:1] [0:1] [0:1] [0:1] [0:1] [0:1] [0:1] [0:1] [0:1] [0:1] [0:1] [0:1] [0:1] [0:1] none none none none [0:1] [0:1] none [0:1] none [0:1] none none [0:1] none none none none [0:1] [0:1] [0:1] [0:1] [0:1] none [0:1] [0:1] [0:1] [0:1] none [0:1] [0:1] [0:1] [0:1] [0:1] [0:1] [0:1] [0:1] [0:1] [0:1] [0:1] [0:1] [0:1] [0:1] [0:1] [0:1] [0:1] [0:1] [0:1] [0:1] none none none none none none none none none none [0:1] [0:1] none none none none none [0:1] [0:1] [0:1] [0:1] [0:1] [0:1] [0:1] [0:1] [0:1] [0:1] [0:1] [0:1] [0:1] [0:1] [0:1] [0:1] [0:1] [0:1] [0:1] [0:1] [0:1] [0:1] [0:1] [0:1] [0:1] [0:1] [0:1] [0:1] none none [0:1] [0:1] [0:1] none [0:1] [0:1] [0:1] [0:1] [0:1] none [0:1] none none [0:1] none [0:1] [0:1] [0:1] [0:1] [0:1] [0:1] [0:1] [0:1] [0:1] [0:1] [0:1] [0:1] [0:1] [0:1] [0:1] [0:1] [0:1] [0:1] [0:1] [0:1] [0:1] [0:1] [0:1] [0:1] [0:1] none none none none none none none none none none none none none none none none none [0:1] [0:1] [0:1] [0:1] [0:1] [0:1] [0:1] [0:1] [0:1] [0:1] none [0:1] [0:1] [0:1] [0:1] none [0:1] [0:1] none none none [0:1] [0:1] none none none none none [0:1] [0:1] [0:1] [0:1] [0:1] [0:1] [0:1] none none none [0:1] none [0:1] [0:1] [0:1] none [0:1] [0:1] [0:1] [0:1] none none [0:1] [0:1] none none none none [0:1] [0:1] none none none [0:1] none none [0:1] [0:1] none none [0:1] [0:1] none none none none none none none none none none none none none none none none none none none none none none none none none none none none none none none none none none none none none none none none none none none none none none none none none none none none none none none none none none none none none none none none none none none none none none none none none none none none none none none none none none none none none none none none none none none none none none none none none none none none none none none none none none none none none none none none none none none none none none none none none none none none none none none none none none none none none none none none none none none none none none none none none none none none none none none none none none none none none none none none none none none none none none none none none none none none none none none none none none none none none none none none none none none none none none none none none none none none none none none none none none none none none none none none none none none none none none none none none none none none none none none none none none none none none none none none none none none none none
tree_sizes=3418 3478 3479 3477 3499 3499 3508 3490 3501 3494 3488 3494 3486 3498 3514 3487 3478 3462 3477 3503 3505 3476 3497 3497 3474 3482 3511 3484 3470 3485 3483 3498 3485 3480 3491 3472

Tree=0
num_leaves=31
num_cat=0
split_feature=14 9 5 16 5 9 6 16 6 16 5 6 16 16 6 6 0 0 139 9 6 6 0 82 21 99 74 26 0 5
split_gain=494.884 142.828 99.4179 57.3408 50.9264 47.4152 42.5242 38.6375 34.0433 28.8988 26.1679 21.4858 20.54 18.0953 16.5734 15.787 12.8251 10.1387 9.42516 9.34002 10.0416 8.60686 8.57285 8.47507 7.97806 7.95695 7.72295 7.45454 8.57759 7.42118
threshold=1.0000000180025095e-35 1.0000000180025095e-35 1.0000000180025095e-35 1.0000000180025095e-35 1.0000000180025095e-35 1.0000000180025095e-35 1.0000000180025095e-35 1.0000000180025095e-35 1.0000000180025095e-35 1.0000000180025095e-35 1.0000000180025095e-35 1.0000000180025095e-35 1.0000000180025095e-35 1.0000000180025095e-35 1.0000000180025095e-35 1.0000000180025095e-35 14.176591396331789 4.8911705017089853 1.0000000180025095e-35 1.0000000180025095e-35 1.0000000180025095e-35 1.0000000180025095e-35 13.289527893066408 1.0000000180025095e-35 1.0000000180025095e-35 1.0000000180025095e-35 1.0000000180025095e-35 1.0000000180025095e-35 10.925393581390383 1.0000000180025095e-35
decision_type=2 2 2 2 2 2 2 2 2 2 2 2 2 2 2 2 2 2 2 2 2 2 2 2 2 2 2 2 2 2
left_child=4 2 3 15 5 6 13 8 10 14 22 26 -8 16 -4 27 -1 -16 -9 20 -6 -7 24 -15 -3 -17 -5 28 -2 -10
right_child=1 7 9 11 19 21 12 18 29 -11 -12 -13 -14 23 17 25 -18 -19 -20 -21 -22 -23 -24 -25 -26 -27 -28 -29 -30 -31
leaf_value=-0.97865334778887048 -0.78224398955108865 -0.94252576275353617 -0.95066460742689995 -0.9532177537443971 -1.1500560454508759 -1.1492048913566926 -1.0997270169559368 -1.1676104538297007 -1.0852697796083477 -1.1022632854527499 -1.0805705488948443 -1.0464856125551238 -1.1954649184327477 -1.0718694262448138 -0.92473705337065604 -0.91613910608801696 -1.1120511096625081 -1.0968442394938238 -1.0302589438748759 -1.212948530765166 -1.2059415327164036 -1.1995768453843847 -1.0298974060405848 -1.1862404743816484 -0.79995934343135899 -0.76613912238720616 -0.8531054050721707 -0.76528248051678682 -0.92316157723505865 -1.1802156717909689
leaf_weight=38.94926543533802 9.0317137241363543 23.708248525857929 40.078229650855064 24.272730633616447 83.919673353433609 80.344620004296303 50.238907590508461 43.465122297406197 21.450320094823837 34.997890681028366 23.520087823271751 22.391123607754707 40.454551056027412 40.454551056027412 4.3276961594820049 24.272730633616451 8.8435530215501768 16.369981124997139 5.6448210775852194 90.317137241363525 52.120514616370201 58.706139206886292 9.2198744267225248 7.7145888060331336 4.7040175646543494 4.1395354568958274 11.289642155170439 26.530659064650536 8.2790709137916547 13.359409883618353
leaf_count=207 48 126 213 129 446 427 267 231 114 186 125 119 215 215 23 129 47 87 30 480 277 312 49 41 25 22 60 141 44 71
internal_value=-1.09156 -1.00225 -0.952539 -0.895653 -1.15159 -1.12627 -1.09333 -1.07968 -1.04276 -1.02988 -0.997826 -0.969751 -1.14243 -1.04693 -0.988192 -0.83622 -1.00334 -1.06086 -1.15182 -1.18802 -1.17147 -1.17047 -0.946111 -1.09019 -0.918922 -0.894285 -0.921436 -0.798591 -0.849639 -1.12171
internal_weight=923.116 371.053 225.981 130.207 552.064 325.706 186.655 145.072 95.962 95.7738 61.1522 57.9535 90.6935 95.962 60.7759 72.2537 47.7928 20.6977 49.1099 226.357 136.04 139.051 37.6321 48.1691 28.4123 28.4123 35.5624 43.8414 17.3108 34.8097
internal_count=4906 1972 1201 692 2934 1731 992 771 510 509 325 308 482 510 323 384 254 110 261 1203 723 739 200 256 151 151 189 233 92 185
is_linear=0
shrinkage=1


Tree=1
num_leaves=31
num_cat=0
split_feature=14 9 5 5 9 16 6 16 6 16 5 16 6 16 6 0 6 9 6 83 6 10 0 82 24 6 70 16 5 67
split_gain=394.165 102.5 66.1952 45.6599 40.7772 35.2963 34.596 31.2565 26.0129 21.5983 18.6601 18.2032 14.6929 13.6681 11.7038 9.48519 9.04454 8.91789 9.35651 7.99682 7.98108 7.45395 7.44163 7.16257 7.01957 6.57424 6.87172 6.4116 6.39718 6.25008
threshold=1.0000000180025095e-35 1.0000000180025095e-35 1.0000000180025095e-35 1.0000000180025095e-35 1.0000000180025095e-35 1.0000000180025095e-35 1.0000000180025095e-35 1.0000000180025095e-35 1.0000000180025095e-35 1.0000000180025095e-35 1.0000000180025095e-35 1.0000000180025095e-35 1.0000000180025095e-35 1.0000000180025095e-35 1.0000000180025095e-35 14.176591396331789 1.0000000180025095e-35 1.0000000180025095e-35 1.0000000180025095e-35 1.0000000180025095e-35 1.0000000180025095e-35 1.0000000180025095e-35 4.8911705017089853 1.0000000180025095e-35 1.0000000180025095e-35 1.0000000180025095e-35 1.0000000180025095e-35 1.0000000180025095e-35 1.0000000180025095e-35 1.0000000180025095e-35
decision_type=2 2 2 2 2 2 2 2 2 2 2 2 2 2 2 2 2 2 2 2 2 2 2 2 2 2 2 2 2 2
left_child=3 2 5 4 6 16 13 8 10 14 21 24 -7 15 -4 29 -2 18 -5 -9 27 -3 -16 -15 -8 26 -11 -6 -10 -1
right_child=1 7 9 17 20 12 11 19 28 25 -12 -13 -14 23 22 -17 -18 -19 -20 -21 -22 -23 -24 -25 -26 -27 -28 -29 -30 -31
leaf_value=0.14828435683592781 0.23003732580423605 0.15366988577918045 0.11822032600253594 -0.054324613274946171 -0.029621058311479789 0.14081354469120347 0.12081371350938425 -0.072799057140644635 0.0056412807498303873 0.050456922792808327 0.0098325423039428393 -0.098957772602003724 0.039632457431143638 0.017539282712349804 0.13830136054861969 -0.018644275151006532 0.16131058936715689 -0.11675947967532137 -0.10958246642968317 0.044334284436358423 -0.10311277227933316 0.063767671034539813 -0.0047703718649661454 -0.089706618664436105 -0.01832695363730653 -0.071897692671750627 -0.077938497570101142 -0.087908289206529766 -0.083715996665439676 0.066915399088769298
leaf_weight=14.692196130752562 49.843416020274162 25.970279350876808 42.823427483439445 81.461354970932007 46.047822117805481 38.476672098040581 3.9353051483631125 40.822995364665985 21.517355471849442 17.967125415802006 23.64843524992466 38.340431898832321 22.889917775988579 40.849653482437134 4.6768489927053478 8.7531876713037473 31.094015747308731 84.795069694519043 49.119465380907059 6.7992539852857581 55.515679478645325 14.300905302166937 16.3269172757864 7.347520485520362 46.099288880825043 11.416610941290854 5.4275691360235205 31.977654248476028 12.7645296305418 26.406244397163391
leaf_count=74 233 129 213 446 252 189 21 224 114 96 125 215 119 215 23 47 151 480 277 37 312 71 87 41 246 61 29 175 71 133
internal_value=-0.00033949 0.0765806 0.11663 -0.0559117 -0.031951 0.160269 -0.00173659 0.0104075 0.042648 0.0536733 0.0803401 -0.0471118 0.103073 0.0391618 0.0882309 0.0758734 0.203634 -0.091508 -0.0751105 -0.0560754 -0.0741304 0.121744 0.027087 0.00118995 -0.00738331 -0.00968877 0.0206692 -0.0535093 -0.02763 0.0960038
internal_weight=922.107 386.766 240.943 535.341 319.965 142.304 186.424 145.824 98.2015 98.6385 63.9196 88.375 61.3666 98.0488 63.8272 49.8516 80.9374 215.376 130.581 47.6222 133.541 40.2712 21.0038 48.1972 50.0346 34.8113 23.3947 78.0255 34.2819 41.0984
internal_count=4906 1972 1201 2934 1731 692 992 771 510 509 325 482 308 510 323 254 384 1203 723 261 739 200 110 256 267 186 125 427 185 207
is_linear=0
shrinkage=0.1


Tree=2
num_leaves=31
num_cat=0
split_feature=14 9 5 5 9 6 16 16 6 16 16 5 6 16 9 6 6 139 6 0 6 7 82 135 16 0 0 0 5 24
split_gain=317.868 76.3639 47.3073 40.9058 35.0341 28.2461 25.4221 24.456 20.1764 16.4963 16.1326 13.7539 10.5659 10.4753 8.58021 8.75946 8.54189 7.98228 7.42189 7.15493 6.23508 6.19701 6.06058 6.02924 5.72654 5.69752 5.61301 5.54518 5.51318 5.40569
threshold=1.0000000180025095e-35 1.0000000180025095e-35 1.0000000180025095e-35 1.0000000180025095e-35 1.0000000180025095e-35 1.0000000180025095e-35 1.0000000180025095e-35 1.0000000180025095e-35 1.0000000180025095e-35 1.0000000180025095e-35 1.0000000180025095e-35 1.0000000180025095e-35 1.0000000180025095e-35 1.0000000180025095e-35 1.0000000180025095e-35 1.0000000180025095e-35 1.0000000180025095e-35 1.0000000180025095e-35 1.0000000180025095e-35 14.176591396331789 1.0000000180025095e-35 1.0000000180025095e-35 1.0000000180025095e-35 1.0000000180025095e-35 1.0000000180025095e-35 12.262833595275881 4.8911705017089853 13.289527893066408 1.0000000180025095e-35 1.0000000180025095e-35
decision_type=2 2 2 2 2 2 2 2 2 2 2 2 2 2 2 2 2 2 2 2 2 2 2 2 2 2 2 2 2 2
left_child=3 2 7 4 5 13 8 20 11 16 29 27 -9 19 15 -5 -4 -8 24 -1 -2 -13 -15 -11 -6 -14 -18 -3 -10 -7
right_child=1 6 9 14 18 10 17 12 28 23 -12 21 25 22 -16 -17 26 -19 -20 -21 -22 -23 -24 -25 -26 -27 -28 -29 -30 -31
leaf_value=0.082661094239634886 0.19112189289575457 0.12402964322240358 0.10097605824110759 -0.050396298387040295 -0.027099217726929681 0.10229862527975853 -0.06771009808303019 0.11938408746062518 0.0050622310202644589 -0.028010625965821212 -0.094347300856352304 -0.021151085807640725 0.070140434438417984 0.015643762326919396 -0.11260348825205209 -0.10519063511769942 0.11733732369845239 0.058687850323503869 -0.09856949975299506 -0.016948563248183567 0.13594439161392943 0.095862032145125259 -0.085029382253770366 0.082058688525743356 -0.083135101196151889 -0.034489864408166253 -0.0043041585780676586 0.038932117552229584 -0.079055360694669327 -0.016655766297974377
leaf_weight=42.840397074818611 53.748777911067009 32.310093745589256 44.994461417198181 79.154211282730103 45.338455080986023 4.1689154058694831 40.523335561156273 40.711143895983696 21.577392071485519 28.60968205332756 36.299512013792992 17.679642230272297 15.483087271451952 41.19975283741951 79.411110877990723 46.204885691404343 4.9451495110988644 5.6989236176013938 52.428352117538452 8.6705969572067243 33.085868284106255 6.0833177566528311 6.9950843602418891 6.0245153605937949 30.509741604328156 7.8395378589630118 16.288003206253052 10.035882547497748 12.195434525609015 45.675572276115417
leaf_count=207 233 151 213 446 252 21 231 189 114 154 215 93 79 215 480 277 23 30 312 47 151 32 41 32 175 40 87 49 71 246
internal_value=-0.000549191 0.0667008 0.100078 -0.0521092 -0.0294402 -0.00169512 0.00919261 0.135524 0.037569 0.0470594 -0.0436368 0.0696932 0.0886387 0.0345417 -0.0868846 -0.0705924 0.0763051 -0.052126 -0.0696379 0.0658943 0.170098 0.00880427 0.00103188 -0.0088644 -0.0496395 0.0349706 0.0240258 0.103862 -0.0253128 -0.00670661
internal_weight=916.731 397.834 251.73 518.897 314.126 185.85 146.104 150.868 99.8818 100.862 86.144 66.1089 64.0338 99.7058 204.77 125.359 66.2276 46.2223 128.277 51.511 86.8346 23.763 48.1948 34.6342 75.8482 23.3226 21.2332 42.346 33.7728 49.8445
internal_count=4906 1972 1201 2934 1731 992 771 692 510 509 482 325 308 510 1203 723 323 261 739 254 384 125 256 186 427 119 110 200 185 267
is_linear=0
shrinkage=0.1


Tree=3
num_leaves=31
num_cat=0
split_feature=14 9 5 5 9 6 16 16 6 16 16 5 9 6 16 134 6 6 83 6 79 135 7 68 0 54 0 0 7 15
split_gain=258.344 58.3202 36.6165 35.3467 30.0776 23.124 20.7547 18.2347 15.8175 14.2969 12.7647 10.4058 8.2956 8.22066 8.12502 8.02053 7.87387 6.90972 6.80783 6.3837 6.20426 6.00989 5.26014 5.26112 8.92289 5.62153 5.25577 7.32365 5.98 5.15251
threshold=1.0000000180025095e-35 1.0000000180025095e-35 1.0000000180025095e-35 1.0000000180025095e-35 1.0000000180025095e-35 1.0000000180025095e-35 1.0000000180025095e-35 1.0000000180025095e-35 1.0000000180025095e-35 1.0000000180025095e-35 1.0000000180025095e-35 1.0000000180025095e-35 1.0000000180025095e-35 1.0000000180025095e-35 1.0000000180025095e-35 1.0000000180025095e-35 1.0000000180025095e-35 1.0000000180025095e-35 1.0000000180025095e-35 1.0000000180025095e-35 1.0000000180025095e-35 1.0000000180025095e-35 1.0000000180025095e-35 1.0000000180025095e-35 8.5516767501831072 1.0000000180025095e-35 3.9917863607406621 6.1615331172943124 1.0000000180025095e-35 1.0000000180025095e-35
decision_type=2 2 2 2 2 2 2 2 2 2 2 2 2 2 2 2 2 2 2 2 2 2 2 2 2 2 2 2 2 2
left_child=2 3 4 7 5 14 8 -2 11 -7 19 -3 13 -4 20 -12 -9 -6 -8 -5 21 -1 23 24 25 -16 -13 -28 -29 -21
right_child=1 6 12 10 17 9 18 16 -10 -11 15 26 -14 -15 22 -17 -18 -19 -20 29 -22 -23 -24 -25 -26 -27 27 28 -30 -31
leaf_value=0.031989868724250185 0.14612192105433577 0.089856548342105741 -0.046695937184008489 0.087338240266682077 -0.04600741179228577 -0.0060860963008107366 -0.06490617403119707 0.10286427291454435 -0.023178725111655234 -0.090002583991378671 -0.024896102902231706 0.11166531545817991 -0.1088182182793497 -0.10111579228242527 0.0090334804009037633 0.13015420949721887 0.030897448426348114 -0.094308493287033723 0.043659515993984266 -0.016769688253540607 0.17075824303779338 0.12839416874698112 -0.033758200461786333 0.12986649519680346 -0.060468814247711833 0.15177310747012093 -0.13438798567563701 -0.017282073317795597 0.12691174122654278 0.084471252294062438
leaf_weight=40.734562307596207 90.736265376210213 43.946919113397598 77.000162959098816 46.717375248670578 73.797953978180885 49.646774500608444 38.074506014585495 42.423165857791901 33.28671033680439 34.348905831575394 30.727350279688835 4.0475057959556606 74.224770069122314 43.405912429094315 6.3193234205246025 3.7425971627235404 23.693674370646477 49.472014904022217 6.8088698238134375 13.336203664541245 4.4436327069997779 7.6868461072444907 22.94196230173111 4.5418031662702552 9.4697497785091382 4.8973072171211243 3.9937387555837658 12.040305137634276 3.7787803411483756 8.0682330131530762
leaf_count=197 384 200 446 213 427 267 224 189 185 215 167 21 480 277 34 19 119 312 37 69 21 36 122 24 50 26 21 64 19 41
internal_value=-0.000681927 0.0587161 -0.0485637 0.0871657 -0.0271248 -0.0016307 0.00815279 0.117017 0.0332772 -0.0404026 0.041526 0.0609915 -0.0825235 -0.0663141 0.0306024 -0.00806141 0.0770742 -0.0653921 -0.0484366 0.0666175 0.0576719 0.0472939 0.00089452 0.032407 0.0110092 0.0713552 0.00782662 -0.0133863 0.0171622 0.0213923
internal_weight=908.354 405.422 502.932 259.445 308.301 185.031 145.977 156.853 101.094 83.9957 102.592 67.8072 194.631 120.406 101.035 34.4699 66.1168 123.27 44.8834 68.1218 52.865 48.4214 48.1701 25.2282 20.6864 11.2166 23.8603 19.8128 15.8191 21.4044
internal_count=4906 1972 2934 1201 1731 992 771 692 510 482 509 325 1203 723 510 186 308 739 261 323 254 233 256 134 110 60 125 104 83 110
is_linear=0
shrinkage=0.1


Tree=4
num_leaves=31
num_cat=0
split_feature=14 9 5 5 9 6 16 16 5 16 6 9 78 6 6 139 6 16 34 6 16 133 16 82 6 0 79 16 81 16
split_gain=210.97 45.2918 32.7373 27.2043 25.7509 18.9075 16.9715 14.1774 12.8889 12.6727 10.0483 8.04144 7.78616 7.71989 7.64766 6.71266 6.4433 6.36904 6.32122 6.00683 5.26308 5.25716 5.22735 5.12927 5.064 5.06138 5.3685 5.03281 5.41349 5.03029
threshold=1.0000000180025095e-35 1.0000000180025095e-35 1.0000000180025095e-35 1.0000000180025095e-35 1.0000000180025095e-35 1.0000000180025095e-35 1.0000000180025095e-35 1.0000000180025095e-35 1.0000000180025095e-35 1.0000000180025095e-35 1.0000000180025095e-35 1.0000000180025095e-35 1.0000000180025095e-35 1.0000000180025095e-35 1.0000000180025095e-35 1.0000000180025095e-35 1.0000000180025095e-35 1.0000000180025095e-35 1.0000000180025095e-35 1.0000000180025095e-35 1.0000000180025095e-35 1.0000000180025095e-35 1.0000000180025095e-35 1.0000000180025095e-35 1.0000000180025095e-35 14.176591396331789 1.0000000180025095e-35 1.0000000180025095e-35 1.0000000180025095e-35 1.0000000180025095e-35
decision_type=2 2 2 2 2 2 2 2 2 2 2 2 2 2 2 2 2 2 2 2 2 2 2 2 2 2 2 2 2 2
left_child=2 3 4 7 5 17 8 24 12 -7 29 13 14 27 -3 -8 20 25 22 -9 -6 -22 -12 -19 -2 26 -1 28 -4 -5
right_child=1 6 11 10 16 9 15 19 -10 -11 18 -13 -14 -15 -16 -17 -18 23 -20 -21 21 -23 -24 -25 -26 -27 -28 -29 -30 -31
leaf_value=0.052970156465686924 0.14609634263781648 0.068625992512849551 -0.050753753714825614 0.076238946979944461 -0.020736759654353856 -0.0054953024773297058 -0.060237223748447068 0.08965080140438024 -0.019185551484794131 -0.085868146810004098 0.041715742868393982 -0.10532232810368913 0.15990767242446621 -0.097286378857165109 -0.0079264528874873185 0.055647779288410304 -0.09026795230293265 0.013752012552699712 -0.099945296072258757 0.027407586317694327 -0.095692273747965739 0.018593722013810828 -0.055244520655842871 -0.080768225844777178 0.098206098048729387 -0.018873334642053499 0.17017827265397548 -0.071553031161961156 0.022901228925468302 0.019739475337123322
leaf_weight=40.93887996673584 57.428121224045753 41.045009881258011 23.541931509971619 48.087247744202614 43.575649380683899 49.494219437241554 37.881727382540703 43.731585279107094 35.408973127603531 32.499560564756393 18.227099880576134 69.276022911071777 6.4484971463680258 40.74180094897747 19.133292675018311 5.7583175897598258 46.664743781089783 41.508892670273781 6.2262769043445578 24.021068766713142 23.479108139872555 4.8577465116977683 8.0009831190109271 6.662796899676322 35.872268348932266 8.762860566377638 4.3202417939901343 34.135800689458847 17.320135325193405 23.43904983997345
leaf_count=188 233 182 140 213 252 267 231 189 196 215 92 480 30 277 102 30 312 215 34 119 145 30 45 41 151 47 19 203 103 125
internal_value=-0.000770715 0.0520372 -0.0452348 0.076657 -0.0249831 -0.00158322 0.00724531 0.1024 0.0295673 -0.0373524 0.0367843 -0.0783752 0.0554771 -0.062246 0.0442866 -0.0449462 -0.0613304 0.0271157 -0.00936517 0.0675831 -0.0425526 -0.0761004 0.0121376 0.000678584 0.127683 0.0506898 0.0641583 -0.0432107 -0.0195337 0.0577242
internal_weight=898.49 410.71 487.78 265.034 302.765 184.187 145.676 161.053 102.036 81.9938 103.981 185.016 66.6268 115.74 60.1783 43.64 118.577 102.194 32.4544 67.7527 71.9125 28.3369 26.2281 48.1717 93.3004 54.022 45.2591 74.9979 40.8621 71.5263
internal_count=4906 1972 2934 1201 1731 992 771 692 510 482 509 1203 314 723 284 261 739 510 171 308 427 175 137 256 384 254 207 446 243 338
is_linear=0
shrinkage=0.1


Tree=5
num_leaves=31
num_cat=0
split_feature=14 9 5 9 5 6 16 16 16 6 6 9 6 6 83 5 105 42 73 12 0 64 62 74 133 34 10 140 16 133
split_gain=172.979 35.6388 29.2175 22.0518 21.4472 15.5061 13.9114 11.4412 11.2178 10.9065 7.91771 7.79174 7.23272 5.98256 5.74949 5.69291 5.66257 6.05935 7.38326 5.6777 5.56322 6.04403 5.5984 5.79891 5.61563 5.41568 4.7797 4.73557 4.67943 4.6992
threshold=1.0000000180025095e-35 1.0000000180025095e-35 1.0000000180025095e-35 1.0000000180025095e-35 1.0000000180025095e-35 1.0000000180025095e-35 1.0000000180025095e-35 1.0000000180025095e-35 1.0000000180025095e-35 1.0000000180025095e-35 1.0000000180025095e-35 1.0000000180025095e-35 1.0000000180025095e-35 1.0000000180025095e-35 1.0000000180025095e-35 1.0000000180025095e-35 1.0000000180025095e-35 1.0000000180025095e-35 1.0000000180025095e-35 1.0000000180025095e-35 7.1540040969848642 1.0000000180025095e-35 1.0000000180025095e-35 1.0000000180025095e-35 1.0000000180025095e-35 1.0000000180025095e-35 1.0000000180025095e-35 1.0000000180025095e-35 1.0000000180025095e-35 1.0000000180025095e-35
decision_type=2 2 2 2 2 2 2 2 2 2 2 2 2 2 2 2 2 2 2 2 2 2 2 2 2 2 2 2 2 2
left_child=2 4 3 5 7 20 9 -2 -7 15 -6 12 -4 28 27 26 17 19 -19 -9 22 -22 24 -24 -1 -12 -3 -8 -5 -30
right_child=1 6 11 13 10 8 14 16 -10 -11 25 -13 -14 -15 -16 -17 -18 18 -20 -21 21 -23 23 -25 -26 -27 -28 -29 29 -31
leaf_value=-0.033488291296960661 0.11315819078520756 0.092674013268389754 -0.039970899939660437 -0.018892702043920122 0.050950137117187183 -0.0049603640423391973 -0.069076814158985103 0.10947124916582936 -0.081901688417510568 -0.021162783771987749 0.010833406850607892 -0.10205096178964507 -0.093645980927380523 -0.086400037810100902 0.042358919899441259 0.0088357133486114871 -0.046699548633962071 -0.053498182797755478 0.09645579407073572 0.040648401089635272 -0.0042540285251607196 0.094613852089880476 0.1577566846461555 0.038846066746572622 0.06826904537138033 -0.095145181953477542 0.025217439028342944 0.060011765348679448 -0.091576375697644943 0.016541461658757615
leaf_weight=10.085966572165489 94.667977645993233 30.086070090532303 73.144015893340111 43.073585987091064 72.845112264156342 49.356297567486763 32.514141887426376 31.402819603681564 30.757697895169258 32.850106239318848 26.322408273816109 64.589931964874268 38.224277824163437 44.01714813709259 6.8309045284986487 23.691133141517639 4.6701620370149604 8.0079784393310529 5.5654137879610053 19.387314856052399 57.87277190387249 6.922901824116706 8.236678346991539 8.1681733578443527 11.731508255004883 5.903281718492507 16.138269886374474 3.113990753889083 22.150459140539173 4.9113786220550528
leaf_count=49 384 129 446 252 338 267 207 140 215 185 137 480 277 312 37 125 21 36 25 86 290 36 39 39 57 34 71 17 145 30
internal_value=-0.000823877 0.0463845 -0.0421222 -0.0230061 0.0679515 -0.00150325 0.00646959 0.0905827 -0.0345 0.0263638 0.0326919 -0.0744191 -0.0583935 -0.0575027 -0.0416813 0.0486944 0.0596242 0.067339 0.00798652 0.0832006 0.0241573 0.00630922 0.054414 0.0985497 0.0212278 -0.00858034 0.0691229 -0.0577941 -0.0393666 -0.0719544
internal_weight=887.24 413.997 473.243 297.285 268.772 183.132 145.225 163.702 80.114 102.766 105.071 175.958 111.368 114.153 42.459 69.9155 69.0337 64.3635 13.5734 50.7901 103.018 64.7957 38.2223 16.4049 21.8175 32.2257 46.2243 35.6281 70.1354 27.0618
internal_count=4906 1972 2934 1731 1201 992 771 692 482 510 509 1203 723 739 261 325 308 287 61 226 510 326 184 78 106 171 200 224 427 175
is_linear=0
shrinkage=0.1


Tree=6
num_leaves=31
num_cat=0
split_feature=14 9 5 9 5 6 16 16 16 5 16 9 6 134 78 6 139 7 40 6 6 16 81 45 6 41 55 36 99 26
split_gain=142.008 28.1921 26.017 18.8571 17.1338 12.6991 11.4339 9.91151 9.44725 8.89006 7.69025 7.55437 6.77374 6.03063 5.70558 5.53823 5.05263 4.98364 5.46007 4.77589 4.75319 4.53717 4.62457 4.5193 4.47933 4.49722 4.45449 6.36061 4.44496 5.02518
threshold=1.0000000180025095e-35 1.0000000180025095e-35 1.0000000180025095e-35 1.0000000180025095e-35 1.0000000180025095e-35 1.0000000180025095e-35 1.0000000180025095e-35 1.0000000180025095e-35 1.0000000180025095e-35 1.0000000180025095e-35 1.0000000180025095e-35 1.0000000180025095e-35 1.0000000180025095e-35 1.0000000180025095e-35 1.0000000180025095e-35 1.0000000180025095e-35 1.0000000180025095e-35 1.0000000180025095e-35 1.0000000180025095e-35 1.0000000180025095e-35 1.0000000180025095e-35 1.0000000180025095e-35 1.0000000180025095e-35 1.0000000180025095e-35 1.0000000180025095e-35 1.0000000180025095e-35 1.0000000180025095e-35 1.0000000180025095e-35 1.0000000180025095e-35 1.0000000180025095e-35
decision_type=2 2 2 2 2 2 2 2 2 2 2 2 2 2 2 2 2 2 2 2 2 2 2 2 2 2 2 2 2 2
left_child=2 4 3 5 8 17 9 23 24 14 -6 12 21 -12 26 -5 -8 18 -1 -10 -11 22 -4 -7 25 -2 -3 -28 29 -26
right_child=1 6 11 15 10 7 16 -9 19 20 13 -13 -14 -15 -16 -17 -18 -19 -20 -21 -22 -23 -24 -25 28 -27 27 -29 -30 -31
leaf_value=0.053977510490664141 0.12711424178508032 -0.0039102225296817608 -0.044210139785607373 -0.036383126753629244 0.047805815050955332 0.013679023194090149 -0.052995233961415769 -0.078071204811307082 0.072062012515106272 0.0079162504484229582 -0.024701141765203563 -0.098951823295817989 -0.090149944465072962 0.10582968893388084 0.13146431743064094 -0.082667843586848477 0.046593401686884604 -0.0013951639977638059 -0.044761060022019288 0.017545219029289273 -0.071034521764445593 -0.064892225831013589 0.024842509419443042 -0.055038254000408474 0.10360385814216998 0.030009628876781515 0.03453567650218084 0.13388995311529953 0.15706911152981573 0.023573204265862291
leaf_weight=47.914484202861786 52.943841844797134 19.916624024510384 22.32067734003067 68.469427391886711 71.526827350258827 36.224528104066849 35.387238740921021 29.125992953777313 45.240631878376007 23.792868942022324 30.615556612610817 60.180201530456543 35.859348744153976 4.0021458119153968 6.8063492327928534 41.534188628196716 5.9512065798044196 49.703395485877991 6.3417265564203253 24.920940205454826 11.222284287214277 31.960142895579338 17.150961369276047 13.007129356265066 14.255101203918459 5.2415957897901526 33.553703799843788 7.9750691503286353 5.4829720854759207 17.450210094451904
leaf_count=232 212 94 140 427 323 196 231 215 189 125 167 480 277 19 30 312 30 246 32 119 71 203 103 71 58 21 154 36 22 71
internal_value=-0.000857063 0.0414556 -0.039166 -0.0211612 0.0604415 -0.00143254 0.00578546 -0.0318319 0.080551 0.0235765 0.0290802 -0.0705933 -0.0546868 -0.0096105 0.0445922 -0.0538589 -0.0386582 0.0214804 0.0424365 0.052698 -0.0173873 -0.036884 -0.0142058 -0.00447626 0.101041 0.118367 0.0349693 0.0536154 0.0739331 0.059556
internal_weight=876.077 416.285 459.792 292.321 271.68 182.317 144.605 78.3577 165.535 103.267 106.145 167.471 107.291 34.6177 68.2517 110.004 41.3384 103.96 54.2562 70.1616 35.0152 71.4318 39.4716 49.2317 95.3737 58.1854 61.4454 41.5288 37.1883 31.7053
internal_count=4906 1972 2934 1731 1201 992 771 482 692 510 509 1203 723 186 314 739 261 510 264 308 196 446 243 267 384 233 284 190 151 129
is_linear=0
shrinkage=0.1


Tree=7
num_leaves=31
num_cat=0
split_feature=14 5 9 9 5 6 6 16 16 151 16 9 6 6 34 139 16 5 0 7 16 21 100 0 34 24 78 105 0 0
split_gain=116.807 23.1528 22.5641 16.0686 13.9191 10.5057 10.4202 8.73108 7.9307 7.46184 8.66323 7.29639 6.31186 6.16829 5.74865 5.39849 5.36332 4.86697 5.26144 4.93555 4.85069 4.7548 4.61462 4.58069 4.54575 4.48953 4.83628 4.4156 5.00037 6.29285
threshold=1.0000000180025095e-35 1.0000000180025095e-35 1.0000000180025095e-35 1.0000000180025095e-35 1.0000000180025095e-35 1.0000000180025095e-35 1.0000000180025095e-35 1.0000000180025095e-35 1.0000000180025095e-35 1.0000000180025095e-35 1.0000000180025095e-35 1.0000000180025095e-35 1.0000000180025095e-35 1.0000000180025095e-35 1.0000000180025095e-35 1.0000000180025095e-35 1.0000000180025095e-35 1.0000000180025095e-35 14.917180061340334 1.0000000180025095e-35 1.0000000180025095e-35 1.0000000180025095e-35 1.0000000180025095e-35 4.1437373161315927 1.0000000180025095e-35 1.0000000180025095e-35 1.0000000180025095e-35 1.0000000180025095e-35 10.584530830383303 7.0814509391784677
decision_type=2 2 2 2 2 2 2 2 2 2 2 2 2 2 2 2 2 2 2 2 2 2 2 2 2 2 2 2 2 2
left_child=1 3 4 6 8 9 20 -8 25 10 14 12 22 -6 17 -12 -5 18 -4 -19 21 -1 -3 -9 -15 -2 -27 28 29 -10
right_child=2 11 5 16 13 -7 7 23 27 -11 15 -13 -14 24 -16 -17 -18 19 -20 -21 -22 -23 -24 -25 -26 26 -28 -29 -30 -31
leaf_value=0.025471662752483748 0.0051421591295718943 -0.039898204750762084 0.057206494354589604 -0.033000033884292117 0.041773871998618449 -0.035099430320968621 -0.0040627339563417703 0.037947708174936784 0.046153855521148104 0.13885126459971489 -0.048645246574869815 -0.095982301251587049 -0.086762995429781831 0.0067502131842989924 0.092547194076842004 0.093782136786610723 -0.079475140609663292 -0.058081400555333 -0.047564517618468305 0.060498440728766679 -0.0037791833497652591 0.10087431280072526 0.078766414237295926 -0.089129371341209809 -0.091877383907214838 0.10325708538361647 0.016326384090988199 -0.047183197351905216 0.022316501390443829 0.13116788375071634
leaf_weight=45.485426425933838 5.7197533994913092 66.380378901958466 31.237939491868019 66.62103796005249 74.543971881270409 44.691971987485886 49.111951738595963 3.2098215073347118 23.469878628849983 5.2892959713935843 23.069912284612659 56.051995754241943 33.648714289069176 26.740502506494522 14.053110241889952 3.0082698464393607 39.585025265812874 12.048325642943384 5.6619389057159415 4.953024059534072 49.071565195918083 10.246933519840239 3.4473166465759268 24.39464345574379 5.6627475917339316 82.616918876767159 6.9371617436408988 4.6631042063236228 28.964564099907875 13.842186033725737
leaf_count=208 23 424 131 450 338 265 267 25 101 26 156 480 277 137 64 15 289 65 25 24 256 46 22 190 34 333 28 21 127 59
internal_value=-0.000866951 -0.0363688 0.0371947 -0.0194273 0.0540814 0.00516472 -0.00135087 -0.0293549 0.0721884 0.0232824 0.0167817 -0.0669247 -0.0511845 0.02594 0.0355849 -0.0322154 -0.0503222 0.0207337 0.0411304 -0.0235354 0.0191481 0.0393352 -0.0340399 -0.074353 -0.0104858 0.0910371 0.0965231 0.0468742 0.0534919 0.0776927
internal_weight=864.429 447.255 417.175 287.726 273.161 144.014 181.52 76.7164 166.214 99.3218 94.0325 159.528 103.476 106.947 67.9543 26.0782 106.206 53.9012 36.8999 17.0013 104.804 55.7324 69.8277 27.6045 32.4033 95.2738 89.5541 70.9397 66.2766 37.3121
internal_count=4906 2934 1972 1731 1201 771 992 482 692 506 480 1203 723 509 309 171 739 245 156 89 510 254 446 215 171 384 361 308 287 160
is_linear=0
shrinkage=0.1


Tree=8
num_leaves=31
num_cat=0
split_feature=14 5 9 9 5 5 6 151 16 16 6 9 16 6 26 6 134 78 24 16 0 24 54 99 0 16 16 81 11 12
split_gain=96.099 20.5201 18.0972 13.645 11.3483 8.85437 8.55773 7.74793 8.78445 7.68876 7.18618 7.03728 6.01474 5.86926 5.38492 5.36145 4.69231 4.66287 4.59849 6.64213 4.17966 4.1431 4.10384 6.81829 4.07649 4.03778 3.96218 3.92161 3.92428 5.16698
threshold=1.0000000180025095e-35 1.0000000180025095e-35 1.0000000180025095e-35 1.0000000180025095e-35 1.0000000180025095e-35 1.0000000180025095e-35 1.0000000180025095e-35 1.0000000180025095e-35 1.0000000180025095e-35 1.0000000180025095e-35 1.0000000180025095e-35 1.0000000180025095e-35 1.0000000180025095e-35 1.0000000180025095e-35 1.0000000180025095e-35 1.0000000180025095e-35 1.0000000180025095e-35 1.0000000180025095e-35 1.0000000180025095e-35 1.0000000180025095e-35 3.1252566576004033 1.0000000180025095e-35 1.0000000180025095e-35 1.0000000180025095e-35 4.1437373161315927 1.0000000180025095e-35 1.0000000180025095e-35 1.0000000180025095e-35 1.0000000180025095e-35 1.0000000180025095e-35
decision_type=2 2 2 2 2 2 2 2 2 2 2 2 2 2 2 2 2 2 2 2 2 2 2 2 2 2 2 2 2 2
left_child=1 3 4 6 10 7 18 8 17 21 14 13 22 25 -2 -5 -14 -4 -1 -20 -21 -8 -6 -24 -11 27 -7 -3 29 -29
right_child=2 11 5 15 12 26 9 -9 -10 24 -12 -13 16 -15 -16 -17 -18 -19 19 20 -22 -23 23 -25 -26 -27 -28 28 -30 -31
leaf_value=0.091061400596202186 0.053585317539150745 -0.038462248575477115 0.025955175292599265 -0.029472057409663167 0.013809355397246629 -0.015893863257601282 0.089693301065219694 0.15348986426639599 -0.032309164308622053 0.033217975304711753 0.038214936148327598 -0.09310746166737513 -0.024684585232524339 -0.08345741591088375 0.099991197134420493 -0.076828534284314021 0.088175029962738752 0.11229283100828685 0.035484798587056172 0.078833624469047361 -0.02646812253898928 -0.01271957620887636 0.085121548512583994 -0.011704472981050772 -0.085738568409785748 -0.058795574601392092 -0.086338022620687266 -0.005664140030240356 -0.02170651931690749 0.15063945379745428
leaf_weight=7.7883601635694495 42.275861069560051 21.286194324493408 59.759088099002838 64.899803429841995 33.595194339752197 34.495541408658028 4.3333096504211417 4.2489478588104239 27.336651965975761 3.2952934503555324 63.091093868017197 52.204138040542603 30.559719234704971 31.590915344655514 61.209786012768745 37.849379450082779 4.1888776123523703 6.9867146313190451 52.323669895529747 4.1495402306318274 41.143994629383087 44.676450982689857 29.689737230539322 9.6320304721593839 22.901487424969673 30.03693875670433 10.389133617281912 4.1380390822887421 8.5948083102703094 4.3259064257144928
leaf_count=39 172 140 273 427 148 196 21 20 183 25 270 480 167 277 250 312 19 30 234 21 216 246 132 43 190 203 69 25 52 26
internal_value=-0.000868594 -0.0337295 0.0334155 -0.0178228 0.0484617 0.00460365 -0.00127146 0.0214027 0.0154374 -0.0270412 0.0648159 -0.0633486 0.023159 -0.047809 0.0810335 -0.0469166 -0.0110796 0.0349927 0.0171152 0.0112154 -0.016821 -0.00366451 0.0394754 0.0614036 -0.070775 -0.0313402 -0.0321991 -0.00983349 0.02589 0.0742223
internal_weight=852.997 435.538 417.458 283.361 274.242 143.216 180.612 98.3314 94.0825 75.2065 166.577 152.177 107.666 99.9728 103.486 102.749 34.7486 66.7458 105.406 97.6172 45.2935 49.0098 72.917 39.3218 26.1968 68.3819 44.8847 38.3449 17.0588 8.46395
internal_count=4906 2934 1972 1731 1201 771 992 506 486 482 692 1203 509 723 422 739 186 303 510 471 237 267 323 175 215 446 265 243 103 51
is_linear=0
shrinkage=0.1


Tree=9
num_leaves=31
num_cat=0
split_feature=14 5 6 9 5 9 6 16 9 9 6 16 16 11 23 50 55 16 9 93 0 69 0 1 62 7 133 61 81 40
split_gain=79.136 18.1426 15.9734 11.5598 8.7015 7.95547 7.02923 6.74916 6.74259 6.01275 5.41687 5.08607 5.03295 5.37199 5.01057 4.49925 8.93993 4.47259 4.34687 4.16109 4.54471 9.27975 7.60041 4.17519 7.1362 6.36476 5.54428 4.95302 4.68558 3.99772
threshold=1.0000000180025095e-35 1.0000000180025095e-35 1.0000000180025095e-35 1.0000000180025095e-35 1.0000000180025095e-35 1.0000000180025095e-35 1.0000000180025095e-35 1.0000000180025095e-35 1.0000000180025095e-35 1.0000000180025095e-35 1.0000000180025095e-35 1.0000000180025095e-35 1.0000000180025095e-35 1.0000000180025095e-35 1.0000000180025095e-35 1.0000000180025095e-35 1.0000000180025095e-35 1.0000000180025095e-35 1.0000000180025095e-35 1.0000000180025095e-35 14.176591396331789 1.0000000180025095e-35 15.305954456329347 -0.024564606137573716 1.0000000180025095e-35 1.0000000180025095e-35 1.0000000180025095e-35 1.0000000180025095e-35 1.0000000180025095e-35 1.0000000180025095e-35
decision_type=2 2 2 2 2 2 2 2 2 2 2 2 2 2 2 2 2 2 2 2 2 2 2 2 2 2 2 2 2 2
left_child=1 3 4 6 9 12 19 -8 10 17 -3 15 13 -4 -6 -5 -17 -2 -16 20 21 23 -22 24 26 -26 28 -27 -1 -24
right_child=2 8 5 11 14 -7 7 -9 -10 -11 -12 -13 -14 -15 18 16 -18 -19 -20 -21 22 -23 29 -25 25 27 -28 -29 -30 -31
leaf_value=0.01936505347037935 0.091965928496770544 -0.02889498602188293 0.06111119429152128 -0.041800821006172717 0.11323654116900368 -0.032828137218242848 -0.0033259679192457316 -0.067305229787004331 -0.090298643122695268 0.03474197670511997 -0.080211805624267454 -0.073536432443847902 -0.011021600038425177 0.00023869001087519745 0.029851944115934004 -0.056180113153623028 0.095500396783588598 0.050142868962968115 -0.015560337168175689 -0.064508662224607494 -0.11904388288186095 0.13745192923161517 0.053828618421690157 -0.015270125174836334 0.1252536944853602 0.093888323485464553 0.049947783772401451 -0.042472672320739091 -0.095385139628335835 -0.063448944616140437
leaf_weight=6.7028302848339081 56.671731904149055 67.002396076917648 35.577735275030136 47.675436705350876 5.6433038562536231 43.823618739843369 48.870275720953941 24.883426800370216 48.63080620765686 67.655089825391769 29.682179264724255 36.290106475353241 35.904711052775383 24.467837914824486 71.248017191886902 7.7212750613689405 7.8223628848791122 46.591535121202469 29.933587342500687 6.1534110307693473 5.8008556962013271 7.396012842655181 9.4185505062341672 23.077639162540436 12.483015775680542 4.9301414042711258 12.341946542263031 5.7944130003452301 7.5853454619646072 4.2039170861244193
leaf_count=32 233 446 154 339 27 265 267 215 480 329 277 289 180 107 318 56 55 189 170 30 30 35 48 113 56 23 57 28 36 22
internal_value=-0.000866292 -0.0312717 0.0300452 -0.0163553 0.0439208 0.00247302 -0.00120981 -0.0249116 -0.0599261 0.057914 -0.0446493 -0.0436971 0.0185962 0.0363064 0.0215319 -0.0265682 0.0201534 0.0730957 0.0164172 0.0152991 0.0202231 0.030721 -0.0231836 0.019895 0.0361784 0.076713 0.000853331 0.0202133 -0.0415538 0.0176366
internal_weight=841.984 424.466 417.517 279.151 277.743 139.774 179.642 73.7537 145.315 170.918 96.6846 99.5092 95.9503 60.0456 106.825 63.2191 15.5436 103.263 101.182 105.888 99.7347 80.3113 19.4233 72.9153 49.8377 23.2076 26.6301 10.7246 14.2882 13.6225
internal_count=4906 2934 1972 1731 1266 706 992 482 1203 751 723 739 441 261 515 450 111 422 488 510 480 380 100 345 232 107 125 51 68 70
is_linear=0
shrinkage=0.1


Tree=10
num_leaves=31
num_cat=0
split_feature=14 5 6 9 5 5 9 16 24 100 65 0 9 6 10 26 7 0 140 45 12 26 0 13 26 6 9 49 128 11
split_gain=65.2208 15.9172 12.8616 9.76539 7.31624 7.13098 6.45723 6.23973 6.9276 5.42747 5.39051 5.69275 5.12064 5.07787 4.67112 4.50722 4.33321 7.83256 6.49356 5.8654 5.10364 5.09257 4.69485 4.78383 4.45431 4.32109 4.04578 4.02407 4.94988 5.35832
threshold=1.0000000180025095e-35 1.0000000180025095e-35 1.0000000180025095e-35 1.0000000180025095e-35 1.0000000180025095e-35 1.0000000180025095e-35 1.0000000180025095e-35 1.0000000180025095e-35 1.0000000180025095e-35 1.0000000180025095e-35 1.0000000180025095e-35 4.273785114288331 1.0000000180025095e-35 1.0000000180025095e-35 1.0000000180025095e-35 1.0000000180025095e-35 1.0000000180025095e-35 7.2210814952850351 1.0000000180025095e-35 1.0000000180025095e-35 1.0000000180025095e-35 1.0000000180025095e-35 10.925393581390383 1.0000000180025095e-35 1.0000000180025095e-35 1.0000000180025095e-35 1.0000000180025095e-35 1.0000000180025095e-35 1.0000000180025095e-35 1.0000000180025095e-35
decision_type=2 2 2 2 2 2 2 2 2 2 2 2 2 2 2 2 2 2 2 2 2 2 2 2 2 2 2 2 2 2
left_child=1 3 5 7 26 12 9 27 -9 25 11 14 15 -5 -10 -2 17 20 22 24 21 -7 -19 -24 -18 -3 -4 28 29 -1
right_child=2 6 4 13 -6 16 -8 8 10 -11 -12 -13 -14 -15 -16 -17 19 18 -20 -21 -22 -23 23 -25 -26 -27 -28 -29 -30 -31
leaf_value=0.009211473049427826 0.041159614107293296 -0.032171507464958463 0.0325511675993434 -0.023504945556312311 -0.030746402810519713 0.15679186301504844 -0.087532388943242445 0.092678097168071655 0.086453451598904302 0.070705241096155794 0.07597941849774742 -0.05318067933335964 0.030941035380035578 -0.071315273538314336 -0.042459793454432578 0.083775757921320484 0.073531727202287719 -0.086040351584293753 0.074652169662271659 0.10672841289981677 -0.0069202121397118309 0.040905730057680681 -0.053074216321963109 0.035021774028976042 -0.013379885733604886 -0.079878437004849312 -0.011841308716358785 -0.019407691036662043 -0.03295651530842815 0.065749882066086382
leaf_weight=35.097228482365608 42.105603337287903 62.276646763086319 63.382571458816528 61.942383013665676 45.36848509311676 5.8280514180660257 45.322884321212769 4.7749595493078223 5.9129800200462324 4.11738596856594 4.3334771543741217 52.305176451802254 68.331347197294235 34.636345267295837 5.3574990481138229 60.44446237385273 9.6006026118993759 12.82169798016548 6.0561650246381751 11.413082525134085 10.768374517560007 10.854737043380737 13.05394846200943 11.678593322634697 15.285782232880592 27.31240040063858 30.365036606788635 26.549732491374016 12.228317141532896 32.088016524910927
leaf_count=173 172 424 270 427 259 28 480 27 35 28 27 352 329 312 30 250 45 64 28 52 54 52 67 56 69 271 177 133 59 156
internal_value=-0.000854935 -0.0289644 0.0270455 -0.0150326 0.00221899 0.0394584 -0.0565442 -0.00118282 -0.0237482 -0.0415562 -0.0319346 -0.0392903 0.0521477 -0.0406513 0.0251737 0.0662782 0.0192614 0.00490268 -0.0214376 0.0473706 0.0467482 0.08139 -0.0369334 -0.0114757 0.0201486 -0.0467156 0.0181724 0.0142956 0.0255634 0.0362145
internal_weight=831.614 414.255 417.359 275.226 139.116 278.242 139.029 178.647 72.6841 93.7064 67.9091 63.5757 170.881 96.5787 11.2705 102.55 107.361 71.0616 43.6104 36.2995 27.4512 16.6828 37.5542 24.7325 24.8864 89.589 93.7476 105.963 79.4136 67.1852
internal_count=4906 2934 1972 1731 706 1266 1203 992 471 723 444 417 751 739 65 422 515 349 215 166 134 80 187 123 114 695 447 521 388 329
is_linear=0
shrinkage=0.1


Tree=11
num_leaves=31
num_cat=0
split_feature=14 5 16 6 228 9 16 9 9 41 0 67 93 16 69 0 86 6 50 70 67 7 54 55 83 5 135 42 108 6
split_gain=53.6406 13.9651 11.9199 9.22908 8.25959 7.47709 6.8166 6.1658 6.14844 5.82034 5.74976 6.19802 6.53749 7.9048 6.16735 6.51573 4.62634 4.59386 4.22261 4.15398 8.3946 11.6527 5.13 4.15291 5.03584 4.07439 3.917 5.42598 4.01574 3.73209
threshold=1.0000000180025095e-35 1.0000000180025095e-35 1.0000000180025095e-35 1.0000000180025095e-35 1.0000000180025095e-35 1.0000000180025095e-35 1.0000000180025095e-35 1.0000000180025095e-35 1.0000000180025095e-35 1.0000000180025095e-35 14.47091054916382 1.0000000180025095e-35 1.0000000180025095e-35 1.0000000180025095e-35 1.0000000180025095e-35 9.7262148857116717 1.0000000180025095e-35 1.0000000180025095e-35 1.0000000180025095e-35 1.0000000180025095e-35 1.0000000180025095e-35 1.0000000180025095e-35 1.0000000180025095e-35 1.0000000180025095e-35 1.0000000180025095e-35 1.0000000180025095e-35 1.0000000180025095e-35 1.0000000180025095e-35 1.0000000180025095e-35 1.0000000180025095e-35
decision_type=2 2 2 2 2 2 2 2 2 2 2 2 2 2 2 2 2 2 2 2 2 2 2 2 2 2 2 2 2 2
left_child=1 3 5 4 10 9 26 19 17 16 11 12 13 -1 15 -15 18 -3 -2 29 -21 22 -22 -9 -25 -7 27 28 -5 -4
right_child=2 8 7 6 -6 25 -8 23 -10 -11 -12 -13 -14 14 -16 -17 -18 -19 -20 20 21 -23 -24 24 -26 -27 -28 -29 -30 -31
leaf_value=0.079940545974638635 0.042644149753915506 -0.024299641325817408 0.041083456549125277 0.017790466655425281 0.14723832387907668 0.029479179814401787 -0.073306867734600184 -0.080468718383997481 -0.084789692030676128 -0.010071382508680069 -0.043940636599431267 -0.010674004066208342 -0.087141262909571415 0.01208665137865482 0.1179012046279555 -0.1246281142908427 0.13102701167284736 -0.073869408369012457 0.084077059861610404 -0.083160388129281865 -0.11183929985000507 0.13567744381656194 0.0241361802541353 -0.032895984075930258 0.073741621341482447 -0.012843260614421523 -0.076988605739002944 -0.061206528362619333 -0.081586400885689941 -0.0052791306485615534
leaf_weight=26.621546968817711 112.76613183319569 64.661274299025536 52.472635835409164 40.702371269464493 3.7677421122789374 69.821675941348076 34.623212888836861 12.40005713701248 42.26899266242981 14.749568670988081 27.80389716476202 84.251810505986214 4.1300607398152342 11.883270472288137 3.4991192892193785 4.9332412183284751 7.7429797500371924 26.300014846026897 31.459735304117203 11.894197747111322 4.8969572633504885 6.2153818756341925 6.4017378687858582 20.987390741705898 5.6127616018056861 33.738304793834686 10.030688814818857 15.196171775460241 4.5175746455788603 25.94889110326767
leaf_count=136 475 446 228 269 19 314 329 88 480 63 166 468 24 72 19 33 33 277 136 56 24 28 29 144 29 196 65 100 31 129
internal_value=-0.000838275 -0.0267518 0.0243349 -0.0137579 0.000858838 0.0367947 -0.0369747 0.00139923 -0.0532761 0.0499036 -0.00252217 0.00598805 0.0334775 0.0440908 -0.00288651 -0.0280196 0.0557246 -0.038632 0.0516818 0.0137232 -0.0183281 0.0257009 -0.0347968 -0.0326748 -0.0103949 0.0156912 -0.0191181 -0.0095101 0.00786249 0.0257425
internal_weight=822.299 405.191 417.108 271.961 166.891 270.278 105.07 146.83 133.23 166.718 163.123 135.319 51.0672 46.9372 20.3156 16.8165 151.969 90.9613 144.226 107.83 29.4083 17.5141 11.2987 39.0002 26.6002 103.56 70.4468 60.4161 45.2199 78.4215
internal_count=4906 2934 1972 1731 937 1217 794 755 1203 707 918 752 284 260 124 105 644 723 611 494 137 81 53 261 173 510 465 400 300 357
is_linear=0
shrinkage=0.1


Tree=12
num_leaves=31
num_cat=0
split_feature=14 9 6 16 85 5 16 5 6 65 24 0 168 16 80 86 49 73 0 5 7 26 0 9 9 34 26 0 57 0
split_gain=44.1295 13.0397 9.95702 8.20767 6.9839 8.09928 5.98765 5.66183 5.16695 8.078 6.15613 6.68497 5.03043 4.3045 4.3525 4.50192 3.93418 3.89478 6.01044 3.7608 4.79713 5.34537 4.38277 3.85146 3.66046 4.52272 3.59915 4.86413 3.56548 3.64781
threshold=1.0000000180025095e-35 1.0000000180025095e-35 1.0000000180025095e-35 1.0000000180025095e-35 1.0000000180025095e-35 1.0000000180025095e-35 1.0000000180025095e-35 1.0000000180025095e-35 1.0000000180025095e-35 1.0000000180025095e-35 1.0000000180025095e-35 8.0082135200500506 1.0000000180025095e-35 1.0000000180025095e-35 1.0000000180025095e-35 1.0000000180025095e-35 1.0000000180025095e-35 1.0000000180025095e-35 11.690622806549074 1.0000000180025095e-35 1.0000000180025095e-35 1.0000000180025095e-35 6.9089665412902841 1.0000000180025095e-35 1.0000000180025095e-35 1.0000000180025095e-35 1.0000000180025095e-35 10.925393581390383 1.0000000180025095e-35 12.881587982177736
decision_type=2 2 2 2 2 2 2 2 2 2 2 2 2 2 2 2 2 2 2 2 2 2 2 2 2 2 2 2 2 2
left_child=1 3 6 16 5 -4 19 13 9 10 -5 -12 28 14 15 -3 -1 -18 -19 23 -21 -22 -23 26 25 -7 27 -2 29 -8
right_child=2 7 4 8 -6 24 12 -9 -10 -11 11 -13 -14 -15 -16 -17 17 18 -20 20 21 22 -24 -25 -26 -27 -28 -29 -30 -31
leaf_value=0.011797095373510674 0.089236918493371273 -0.019311068825587883 0.01301906575282725 0.067046361852682396 0.13122211872843823 -0.0045835570616358668 0.011958635607535593 -0.082055459304470002 -0.067585308552634102 0.11168154017986134 -0.0029649853272013162 -0.067256035408576761 -0.075164933728193217 -0.066170109522057569 0.07985305373425601 -0.1182789839878446 -0.043948580967374667 0.092453394859309965 -0.055268085422595974 0.0081498498435568605 0.11173822784103776 -0.040551915331991102 0.067780528360328579 0.035834674606789158 -0.086845134940294721 -0.10651943730478902 0.095860862816278258 -0.0049269437941727341 0.035170235651099988 -0.062322993598338143
leaf_weight=117.92624276131392 11.258509024977686 51.285550929605961 91.573818415403366 6.2980580478906623 3.9421657845377913 26.070874825119976 29.610032469034195 39.456281661987305 31.123467803001404 4.440570816397666 30.994891315698624 33.821593686938286 6.0583081096410742 32.506518706679344 3.9936025440692893 5.0487821251153937 28.782041594386101 6.0980775803327543 5.0231976434588432 48.777991876006126 11.654602244496346 6.4847112447023401 8.8055277019739133 48.77844762802124 11.857490025460718 5.2248645424842826 32.201628029346466 10.698789834976195 54.983757138252258 8.5113564580678922
leaf_count=692 48 379 437 35 20 131 147 480 318 25 184 215 31 289 30 41 180 37 29 224 49 28 37 200 85 33 141 44 273 44
internal_value=-0.000824378 -0.0246893 0.0219121 -0.0118691 2.66289e-05 -0.0038122 0.0328357 -0.0503225 -0.0332954 -0.0191703 -0.027341 -0.0365124 0.0131305 -0.0368355 -0.0210291 -0.0281807 0.00261309 -0.0245284 0.0257314 0.0437729 0.0268568 0.0607218 0.0218359 0.0562167 -0.0395292 -0.0216019 0.0745738 0.0433552 0.0188758 -0.00462621
internal_weight=813.292 396.799 416.493 264.508 138.669 134.727 277.824 132.291 106.679 75.5551 71.1145 64.8165 99.1635 92.8345 60.3279 56.3343 157.83 39.9033 11.1213 178.66 75.7228 26.9448 15.2902 102.937 43.1532 31.2957 54.1589 21.9573 93.1051 38.1214
internal_count=4906 2934 1972 1715 706 686 1266 1219 777 459 434 399 495 739 450 420 938 246 66 771 338 114 65 433 249 164 233 92 464 191
is_linear=0
shrinkage=0.1


Tree=13
num_leaves=31
num_cat=0
split_feature=14 5 16 6 228 9 16 9 5 0 67 93 16 41 69 0 100 78 5 105 42 95 12 10 62 73 61 6 139 140
split_gain=36.288 11.7633 8.67693 7.55837 6.02801 5.5723 5.33241 5.10971 5.10698 4.94066 5.06742 5.13756 5.71304 4.56907 4.56614 5.77622 4.49932 4.44341 4.46457 4.08538 3.81963 4.61286 5.09435 4.45511 4.25499 3.80204 3.72916 3.57988 3.98142 3.50929
threshold=1.0000000180025095e-35 1.0000000180025095e-35 1.0000000180025095e-35 1.0000000180025095e-35 1.0000000180025095e-35 1.0000000180025095e-35 1.0000000180025095e-35 1.0000000180025095e-35 1.0000000180025095e-35 14.47091054916382 1.0000000180025095e-35 1.0000000180025095e-35 1.0000000180025095e-35 1.0000000180025095e-35 1.0000000180025095e-35 9.7262148857116717 1.0000000180025095e-35 1.0000000180025095e-35 1.0000000180025095e-35 1.0000000180025095e-35 1.0000000180025095e-35 1.0000000180025095e-35 1.0000000180025095e-35 1.0000000180025095e-35 1.0000000180025095e-35 1.0000000180025095e-35 1.0000000180025095e-35 1.0000000180025095e-35 1.0000000180025095e-35 1.0000000180025095e-35
decision_type=2 2 2 2 2 2 2 2 2 2 2 2 2 2 2 2 2 2 2 2 2 2 2 2 2 2 2 2 2 2
left_child=1 3 5 4 9 13 -5 16 19 10 11 12 26 17 15 -14 27 18 -2 20 21 22 -4 24 -24 -22 -1 -3 -29 -10
right_child=2 7 8 6 -6 -7 -8 -9 29 -11 -12 -13 14 -15 -16 -17 -18 -19 -20 -21 25 -23 23 -25 -26 -27 -28 28 -30 -31
leaf_value=0.10067872719192526 0.068617721668832357 -0.026959253338346215 0.040115346632628814 -0.017014315970168663 0.12408697398569263 0.012247587745979456 -0.066874557272714116 -0.079318088400626471 -0.037882957080945773 -0.039767068344933425 -0.0080190834422538462 -0.07958444234764922 0.013898357195078226 -0.011522943688768396 0.10117376323816248 -0.12069231400599656 0.066133419856943612 -0.010548220968656119 0.032581756443279618 -0.069207084879051389 -0.058756013039840918 0.1019305470584434 -0.044637614431831153 -0.078407741228960562 0.055220029611045433 0.030366151138348171 0.024981832056396733 -0.087134161754177736 0.04463983443030034 0.05353297018060077
leaf_weight=16.503932535648346 74.99927169084549 59.684861421585083 43.584816440939903 69.312981598079205 3.9710369259119025 103.87869861721992 31.061648391187191 36.871050596237183 39.623876459896564 26.864441111683846 82.857956282794476 3.8108152896165839 11.736427068710332 14.648040801286696 3.6519004851579657 4.3782328963279715 4.1930930837988845 12.329945430159567 63.479440003633499 5.7772575765848151 11.55972595512867 7.5090111047029486 7.5176981538534209 7.9288448691368094 9.8687193095684052 8.1698969006538391 10.74540849030018 21.174782335758213 2.5712951123714438 4.6970823034644118
leaf_count=82 320 424 217 465 19 510 329 480 230 166 468 24 72 63 19 33 28 52 272 28 58 37 37 38 46 39 54 242 29 25
internal_value=-0.000799136 -0.0227335 0.0197533 -0.010818 0.0023761 0.0304006 -0.0324439 -0.0480867 0.000143265 -0.000634305 0.00722957 0.032088 0.0411395 0.0417977 0.000211191 -0.0226689 -0.034945 0.0469767 0.0520986 0.0124669 0.0173749 0.0275035 0.0193921 -0.0162868 0.0120427 -0.0218512 0.0708287 -0.040025 -0.0728653 -0.0281948
internal_weight=804.962 389.39 415.572 264.895 164.52 269.335 100.375 124.495 146.237 160.549 133.685 50.8267 47.0159 165.457 19.7666 16.1147 87.624 150.809 138.479 101.916 96.1387 76.4091 68.9001 25.3153 17.3864 19.7296 27.2493 83.4309 23.7461 44.321
internal_count=4906 2934 1972 1731 937 1217 794 1203 755 918 752 284 260 707 124 105 723 644 592 500 472 375 338 121 83 97 136 695 271 255
is_linear=0
shrinkage=0.1


Tree=14
num_leaves=31
num_cat=0
split_feature=14 9 6 5 85 5 30 5 5 40 24 102 16 21 35 0 113 6 6 81 21 9 26 13 10 54 0 9 34 128
split_gain=29.8484 11.0108 8.38969 6.87589 5.49118 6.11595 4.76454 5.14912 4.63783 4.34352 5.82834 6.33234 4.07983 5.22998 4.58022 4.37345 4.09576 3.90143 3.70664 3.6584 4.94343 3.59436 3.54772 3.37889 3.36774 4.14108 6.28899 3.23938 3.91351 3.17836
threshold=1.0000000180025095e-35 1.0000000180025095e-35 1.0000000180025095e-35 1.0000000180025095e-35 1.0000000180025095e-35 1.0000000180025095e-35 1.0000000180025095e-35 1.0000000180025095e-35 1.0000000180025095e-35 1.0000000180025095e-35 1.0000000180025095e-35 1.0000000180025095e-35 1.0000000180025095e-35 1.0000000180025095e-35 1.0000000180025095e-35 8.4750170707702654 1.0000000180025095e-35 1.0000000180025095e-35 1.0000000180025095e-35 1.0000000180025095e-35 1.0000000180025095e-35 1.0000000180025095e-35 1.0000000180025095e-35 1.0000000180025095e-35 1.0000000180025095e-35 1.0000000180025095e-35 11.43189573287964 1.0000000180025095e-35 1.0000000180025095e-35 1.0000000180025095e-35
decision_type=2 2 2 2 2 2 2 2 2 2 2 2 2 2 2 2 2 2 2 2 2 2 2 2 2 2 2 2 2 2
left_child=1 3 6 9 5 -4 -2 21 17 10 -1 12 13 14 29 -15 -14 -3 19 -5 -21 22 -8 -11 -20 -26 -27 28 -7 -12
right_child=2 8 4 18 -6 27 7 -9 -10 23 11 -13 16 15 -16 -17 -18 -19 24 20 -22 -23 -24 -25 25 26 -28 -29 -30 -31
leaf_value=0.075439213745749772 0.13093897636288668 -0.018543020584887288 0.0086546428468708535 -0.04140868728128351 0.11128884546962242 -0.0052480503654791632 0.026513785012362415 0.0091244483775131634 -0.076569144956004392 -0.078347333356403051 0.031224190897675353 -0.086874318658524907 -0.0071291831999652378 0.13684489356047966 -0.059220996905528692 0.011386446981605737 -0.12504010699848653 -0.062695021641305887 -0.096215529730154375 -0.0094566782412439637 0.11344694656633808 0.019617346353177512 0.065435807081335465 -0.00087243741680907954 -0.086713899783676593 0.17675241273024536 -0.064983178715545722 -0.083347740020102673 -0.10278480270138285 -0.029728988013110681
leaf_weight=11.958027288317679 4.4127736166119567 59.404281765222549 92.029451660811901 34.611597031354904 4.1287110447883597 26.067373856902126 39.447195202112198 107.16076061874628 34.499219655990601 10.978675849735737 50.252872064709663 7.4709995537996283 47.420491576194763 6.6559785902500135 8.0997964143753034 4.7697612196207047 3.1410977989435187 30.181916370987892 14.416999705135822 23.968791246414188 3.7901471853256217 67.825431436300278 57.63353730738163 11.553063631057739 4.2878051102161407 2.0869972035288811 2.2221032902598381 11.225856177508829 4.8844875991344443 10.309913635253904
leaf_count=58 21 427 437 256 20 131 165 509 480 69 249 44 331 30 41 22 23 312 174 165 25 321 250 74 52 24 27 85 33 51
internal_value=-0.000771586 -0.0209371 0.0178026 -0.00916412 -0.00230267 -0.00579717 0.0278622 0.0261904 -0.0454152 0.00231779 0.00846424 0.00266579 0.00778599 0.0218268 0.0114025 0.0844713 -0.0144543 -0.033418 -0.0323756 -0.0197193 0.00732432 0.0372803 0.0496205 -0.0386224 -0.0666757 -0.0171375 0.052095 -0.0373302 -0.0206402 0.0208478
internal_weight=796.896 382.081 414.816 257.995 138.336 134.207 276.48 272.067 124.085 172.611 150.079 138.121 130.65 80.0883 68.6626 11.4257 50.5616 89.5862 85.3844 62.3705 27.7589 164.906 97.0807 22.5317 23.0139 8.59691 4.3091 42.1777 30.9519 60.5628
internal_count=4906 2934 1972 1715 706 686 1266 1245 1219 992 849 791 747 393 341 52 354 739 723 446 190 736 415 143 277 103 51 249 164 300
is_linear=0
shrinkage=0.1


Tree=15
num_leaves=31
num_cat=0
split_feature=14 9 16 5 9 5 9 176 93 41 86 100 50 16 50 55 6 16 67 68 1 133 0 0 0 0 25 55 71 0
split_gain=24.5641 9.45778 7.46479 5.76925 4.93398 4.34758 4.25861 3.85685 3.70938 3.67281 3.82402 3.6604 3.63721 3.60256 3.81432 6.78628 3.56924 4.32039 3.69311 3.57888 3.47549 3.45546 3.43356 3.37892 6.00785 5.91089 3.35674 3.26295 4.29437 5.25886
threshold=1.0000000180025095e-35 1.0000000180025095e-35 1.0000000180025095e-35 1.0000000180025095e-35 1.0000000180025095e-35 1.0000000180025095e-35 1.0000000180025095e-35 1.0000000180025095e-35 1.0000000180025095e-35 1.0000000180025095e-35 1.0000000180025095e-35 1.0000000180025095e-35 1.0000000180025095e-35 1.0000000180025095e-35 1.0000000180025095e-35 1.0000000180025095e-35 1.0000000180025095e-35 1.0000000180025095e-35 1.0000000180025095e-35 1.0000000180025095e-35 -0.10076811909675597 1.0000000180025095e-35 16.954140663146976 14.176591396331789 16.661190986633304 13.550992488861086 1.0000000180025095e-35 1.0000000180025095e-35 1.0000000180025095e-35 4.850102663040162
decision_type=2 2 2 2 2 2 2 2 2 2 2 2 2 2 2 2 2 2 2 2 2 2 2 2 2 2 2 2 2 2
left_child=1 3 6 7 -4 13 9 8 16 10 12 -5 -2 14 -3 20 23 19 -19 -18 -16 -15 26 25 -25 -1 -8 -6 29 -29
right_child=2 5 4 11 27 -7 22 -9 -10 -11 -12 -13 -14 21 15 -17 17 18 -20 -21 -22 -23 -24 24 -26 -27 -28 28 -30 -31
leaf_value=0.016434223813066584 0.028650168112206803 -0.031433682537175746 0.0088918489419455033 -0.034898913786194724 -0.076770735682466174 -0.073803133621257427 0.096459882090858678 0.10366700851005411 -0.068544184568657851 -0.011943314165132718 0.11045125437557049 0.05983700516975609 0.067675030317507032 -0.075650483896826728 0.024457142494046319 0.090264710757018543 -0.010613906006065755 -0.11102182606951415 -0.019249490771163766 0.067097654411359273 -0.11801334866453864 0.012848453774213488 -0.063148875305263502 -0.066529354740269817 0.051861869921430742 0.12005126189662535 0.01047359316588759 0.050857690791552196 0.041405058909919079 -0.074480109741824826
leaf_weight=71.943493969738483 111.24498409032822 43.204323470592499 107.47787822782993 79.044511020183563 11.734369486570357 32.326655387878418 4.7721749097108832 3.6549925878643981 7.5766983702778807 14.542649328708647 7.4673520326614371 4.3003811389207831 30.411816701292992 24.010106094181541 3.4848073422908783 7.9475164636969566 39.468120723962784 7.3719040974974641 10.82247843593359 6.9732410311698905 3.3662378191947919 5.4051588699221602 6.0199250578880301 11.713165581226351 6.7600094974040976 5.9616276174783698 93.331167966127396 4.4906504750251797 9.2982760146260279 13.150850422680376
leaf_count=344 475 339 494 695 88 480 24 21 46 63 33 28 136 242 28 55 218 83 118 38 28 47 31 63 35 26 455 29 59 85
internal_value=-0.000751032 -0.0192776 0.0160477 -0.00841236 -0.00212981 -0.0424691 0.0259684 0.00203851 -0.00016476 0.0360268 0.0407049 -0.0300108 0.0370283 -0.030882 -0.0164254 0.027391 0.00305291 -0.0151277 -0.0564333 0.0010546 -0.0455453 -0.0593885 0.010158 0.0152457 -0.0232057 0.0243634 0.0146563 -0.0327597 -0.0135895 -0.0425753
internal_weight=789.278 375.335 413.942 255.591 146.152 119.745 267.79 172.246 168.591 163.667 149.124 83.3449 141.657 87.4182 58.0029 14.7986 161.014 64.6357 18.1944 46.4414 6.85105 29.4153 104.123 96.3783 18.4732 77.9051 98.1033 38.6741 26.9398 17.6415
internal_count=4906 2934 1972 1715 755 1219 1217 992 971 707 644 723 611 739 450 111 925 457 201 256 56 289 510 468 98 370 479 261 173 114
is_linear=0
shrinkage=0.1


Tree=16
num_leaves=31
num_cat=0
split_feature=14 9 6 16 0 65 85 5 5 10 81 5 105 6 113 127 0 6 1 59 13 0 24 10 0 5 23 0 1 82
split_gain=20.1959 8.13402 6.94938 5.50482 4.8774 5.18777 4.25834 5.23235 4.03438 3.97787 4.13012 3.94914 3.65809 3.55625 3.5145 3.63737 5.70468 6.18065 3.34526 3.23229 6.1069 8.25722 8.18724 6.02298 5.74721 4.09246 3.20739 3.05558 6.84064 4.59607
threshold=1.0000000180025095e-35 1.0000000180025095e-35 1.0000000180025095e-35 1.0000000180025095e-35 4.2108144760131845 1.0000000180025095e-35 1.0000000180025095e-35 1.0000000180025095e-35 1.0000000180025095e-35 1.0000000180025095e-35 1.0000000180025095e-35 1.0000000180025095e-35 1.0000000180025095e-35 1.0000000180025095e-35 1.0000000180025095e-35 1.0000000180025095e-35 6.9705681800842294 1.0000000180025095e-35 0.91649556159973156 1.0000000180025095e-35 1.0000000180025095e-35 9.2908968925476092 1.0000000180025095e-35 1.0000000180025095e-35 13.600273609161379 1.0000000180025095e-35 1.0000000180025095e-35 12.412046909332277 -0.21636626124382016 1.0000000180025095e-35
decision_type=2 2 2 2 2 2 2 2 2 2 2 2 2 2 2 2 2 2 2 2 2 2 2 2 2 2 2 2 2 2
left_child=1 3 11 19 9 14 7 27 13 10 -5 12 -2 -3 15 16 17 -6 -18 -1 21 -21 -22 -24 25 -25 -13 28 -4 -30
right_child=2 8 6 4 5 -7 -8 -9 -10 -11 -12 26 -14 -15 -16 -17 18 -19 -20 20 22 -23 23 24 -26 -27 -28 -29 29 -31
leaf_value=-0.014127873221538981 0.036507139983321515 -0.014321731025346932 -0.01140167360836292 0.12317225462528036 0.11419376742388286 0.055586159196370999 0.094229714791760996 -0.036463019748590973 -0.071017236136899656 -0.031458852108060154 -0.015033687853797007 0.080041034966621544 -0.035671361963065341 -0.05779380542082993 -0.12327610291601035 -0.094805813774922434 -0.045949481746703942 -0.072381364463338677 0.061410063305332233 0.038696423116550305 0.19545755599016643 -0.04280477134700137 -0.0041269076374104412 0.13517021099911289 -0.032399189571945264 0.013668127702291748 0.004690973240038341 -0.02091992460421524 0.073964686815949976 -0.027495304150458557
leaf_weight=59.623005457222462 159.08050667494535 57.428076274693012 34.722761429846287 5.4390032291412371 5.2366294264793387 5.7607479169964781 4.2874365746974936 41.569289326667786 30.339460372924805 7.191289745271205 3.5891140475869179 5.9772751331329337 7.3458885923027983 27.989424653351307 5.0689776316285124 9.4883046969771367 51.372100025415421 2.68635643273592 3.0761291533708564 21.69433681666851 3.2577047869563094 29.112870715558529 22.346532203257084 10.485868334770204 4.0150399357080451 3.7684042975306502 102.91296136379242 28.503807365894318 23.285858206450943 5.523875765502452
leaf_count=367 717 427 164 36 31 39 20 249 480 48 27 27 34 312 40 70 429 34 23 131 19 177 138 51 25 30 488 138 109 26
internal_value=-0.000728351 -0.017733 0.0144557 -0.00769407 -0.0261103 -0.0359452 -0.00386881 -0.00701682 -0.0396927 0.0240297 0.0682287 0.0236336 0.0333213 -0.0285666 -0.0427995 -0.0371226 -0.0283475 0.0509339 -0.0398841 0.00411071 0.015596 -0.00800431 0.0429261 0.0306919 0.0732814 0.103049 0.00882714 0.00628291 0.0184874 0.0545111
internal_weight=782.179 368.969 413.21 253.212 98.9087 82.6892 137.893 133.606 115.757 16.2194 9.02812 275.317 166.426 85.4175 76.9285 71.8595 62.3712 7.92299 54.4482 154.304 94.6808 50.8072 43.8735 40.6158 18.2693 14.2543 108.89 92.0363 63.5325 28.8097
internal_count=4906 2934 1972 1715 777 666 706 686 1219 111 63 1266 751 739 627 587 517 65 452 938 571 308 263 244 106 81 515 437 299 135
is_linear=0
shrinkage=0.1


Tree=17
num_leaves=31
num_cat=0
split_feature=14 6 16 99 16 100 5 102 0 0 67 9 79 0 7 9 9 83 12 13 0 0 0 21 0 64 0 94 67 65
split_gain=16.5985 7.43654 6.2567 5.44651 4.34018 4.16385 4.25983 6.66184 4.55323 7.99117 5.07029 4.08605 3.96281 7.05833 5.09336 4.03929 3.82262 3.76736 13.0608 5.44494 3.58408 3.36967 4.06863 3.92635 3.3364 4.71604 4.19639 3.98113 3.31599 3.25843
threshold=1.0000000180025095e-35 1.0000000180025095e-35 1.0000000180025095e-35 1.0000000180025095e-35 1.0000000180025095e-35 1.0000000180025095e-35 1.0000000180025095e-35 1.0000000180025095e-35 2.3791923522949223 2.7748117446899419 1.0000000180025095e-35 1.0000000180025095e-35 1.0000000180025095e-35 8.2737851142883319 1.0000000180025095e-35 1.0000000180025095e-35 1.0000000180025095e-35 1.0000000180025095e-35 1.0000000180025095e-35 1.0000000180025095e-35 16.954140663146976 15.924708843231203 14.917180061340334 1.0000000180025095e-35 8.7460646629333514 1.0000000180025095e-35 7.2840518951416025 1.0000000180025095e-35 1.0000000180025095e-35 1.0000000180025095e-35
decision_type=2 2 2 2 2 2 2 2 2 2 2 2 2 2 2 2 2 2 2 2 2 2 2 2 2 2 2 2 2 2
left_child=1 3 12 5 17 6 7 8 -1 -10 24 -4 15 -14 28 -2 -8 -3 19 -19 21 22 23 -17 26 27 -11 -26 -15 -5
right_child=2 4 11 29 -6 -7 16 -9 9 10 -12 -13 13 14 -16 20 -18 18 -20 -21 -22 -23 -24 -25 25 -27 -28 -29 -30 -31
leaf_value=-0.09067102217078786 0.036466533253579313 -0.032951043334787808 0.0063326771999008659 -0.051607966344944849 -0.06432577139880101 0.067944562682600018 -0.010886760925691829 -0.082323212445140237 0.14857647953262598 0.045509865429768807 -0.0056326361043820454 -0.031729973667096505 -0.087037577116926432 -0.078404875865144413 0.10016581779476164 0.0064663901204322282 -0.0706637251765454 0.018195991694904365 -0.068859414002430161 0.19738124133108953 -0.069116421644564496 0.0933349407775107 -0.074220248771654937 0.06851023987067803 -0.020723834108466111 0.11174725888895298 0.16178569690978228 0.09673226451691036 0.037909854729870018 0.052459933029371457
leaf_weight=4.0916623771190634 146.07369722425938 73.560430884361267 107.6276478022337 32.336622402071953 37.746094904839993 8.7488590553402883 47.048291467130184 7.7766264006495467 4.4193701595067969 15.869563795626165 69.23321583122015 38.21883724629879 8.9384034126997012 4.7981965914368612 5.6560283303260794 68.566671371459961 13.846084915101526 2.9380373582243902 7.4681834951043129 4.0110723301768303 5.3923699781298629 5.1528135389089575 5.3677271008491507 11.982231065630911 19.672526389360435 4.1976266279816619 3.8584739863872519 3.381792686879634 5.0103937759995461 3.3173229098319998
leaf_count=23 636 639 494 240 499 56 354 48 23 83 404 261 39 21 25 334 233 30 63 31 29 26 27 57 120 23 20 21 23 24
internal_value=-0.000707773 -0.0162894 0.0130143 -0.00588965 -0.03596 0.000466271 -0.00258633 0.00747494 0.0130739 0.0165928 0.0115737 -0.00364158 0.0221146 -0.016297 0.0245905 0.0259794 -0.0244788 -0.0237898 0.0229527 0.121623 0.0100986 0.014789 0.0100783 0.0156959 0.0369302 0.0142563 0.0682515 -0.00349443 -0.0189893 -0.0419253
internal_weight=776.307 363.522 412.785 237.798 125.724 202.144 193.395 132.501 124.724 120.633 116.213 145.846 266.939 24.403 15.4646 242.536 60.8944 87.9777 14.4173 6.94911 96.4618 91.0694 85.9166 80.5489 46.98 27.2519 19.728 23.0543 9.80859 35.6539
internal_count=4906 2934 1972 1672 1262 1408 1352 765 717 694 671 755 1217 108 69 1109 587 763 124 61 473 444 418 391 267 164 103 141 44 264
is_linear=0
shrinkage=0.1


Tree=18
num_leaves=31
num_cat=0
split_feature=14 9 6 16 178 16 0 65 30 5 5 113 127 0 62 93 16 80 86 133 0 0 0 13 0 16 99 0 10 22
split_gain=13.6419 6.66557 5.71597 4.46066 4.09147 4.04252 3.89867 4.1922 3.52745 3.89169 3.39518 3.37071 3.39794 4.76726 5.00786 3.17664 3.16738 3.55484 4.17915 3.14439 3.09628 9.6831 4.54682 4.47315 4.32148 4.07661 3.22673 3.25376 3.07705 3.0039
threshold=1.0000000180025095e-35 1.0000000180025095e-35 1.0000000180025095e-35 1.0000000180025095e-35 1.0000000180025095e-35 1.0000000180025095e-35 4.2108144760131845 1.0000000180025095e-35 1.0000000180025095e-35 1.0000000180025095e-35 1.0000000180025095e-35 1.0000000180025095e-35 1.0000000180025095e-35 6.9705681800842294 1.0000000180025095e-35 1.0000000180025095e-35 1.0000000180025095e-35 1.0000000180025095e-35 1.0000000180025095e-35 1.0000000180025095e-35 3.9219712018966679 5.0171115398406991 5.3018479347229013 1.0000000180025095e-35 3.0691307783126835 1.0000000180025095e-35 1.0000000180025095e-35 12.123203277587892 1.0000000180025095e-35 1.0000000180025095e-35
decision_type=2 2 2 2 2 2 2 2 2 2 2 2 2 2 2 2 2 2 2 2 2 2 2 2 2 2 2 2 2 2
left_child=1 3 8 -1 5 15 28 11 -2 20 16 12 13 14 -8 -4 17 18 29 -18 24 -22 -23 -24 -10 -26 -25 -28 -5 -3
right_child=2 10 4 6 -6 -7 7 -9 9 -11 -12 -13 -14 -15 -16 -17 19 -19 -20 -21 21 22 23 26 25 -27 27 -29 -30 -31
leaf_value=0.0046996474999498345 0.10824137959758039 -0.0014994015134424444 -0.00018174511983442957 0.05965448430060686 0.085225550845169126 -0.03297439267082173 -0.018632861881590867 0.049318750426985483 0.034813168792504151 0.0038998875249966845 -0.066063251279118079 -0.12123369066909484 -0.090699456060845077 -0.035407260955768204 0.142898259704342 0.08793610419514622 -0.07033522444458587 0.079387383294926797 -0.11476409562184445 0.015650748035808595 0.12458481665270248 -0.1011536102284494 0.045063453665716263 0.019276389951539269 -0.00051412282507553859 -0.12161531348979848 -0.10760723549741665 0.0053363652268622408 -0.028237785374774449 -0.081726497147410815
leaf_weight=153.11178943514824 4.4632836431264868 42.35899593681097 84.279959425330162 9.2454105541110057 4.8576700016856185 44.04491825401783 4.6625627949833861 5.8711306378245345 13.354544632136824 107.9470092728734 27.245030757039785 4.6144749633967868 8.8722562193870527 51.952339708805084 3.2620870694518089 4.2998162358999243 21.699572287499908 3.974796548485755 4.1679959893226615 5.2895588949322692 10.933729499578474 2.730548992753028 73.239633612334728 39.749308675527573 7.0004523992538434 4.6104300320148468 4.4783603996038419 5.9258900880813599 6.9983052089810363 5.2449428588151923
leaf_count=938 21 338 414 63 24 248 39 39 62 509 480 40 70 452 26 20 242 30 41 47 51 13 334 177 30 22 20 27 48 41
internal_value=-0.000685455 -0.0149472 0.0117293 -0.00587841 -0.00491383 -0.00821538 -0.0228417 -0.031991 0.020067 0.0186093 -0.0354453 -0.038498 -0.0329448 -0.024387 0.0478595 0.00409565 -0.0253628 -0.0117487 -0.0187457 -0.053483 0.0284093 0.0343093 0.0264833 0.0293077 -0.00398086 -0.0486008 0.00629949 -0.0432786 0.0217877 -0.0103387
internal_weight=770.487 358.571 411.916 248.59 137.482 132.625 95.4786 79.2349 274.433 269.97 109.981 73.3637 68.7492 59.877 7.92465 88.5798 82.7359 55.7467 51.7719 26.9891 162.023 137.057 126.124 123.393 24.9654 11.6109 50.1536 10.4043 16.2437 47.6039
internal_count=4906 2934 1972 1715 706 682 777 666 1266 1245 1219 627 587 517 65 434 739 450 420 289 736 622 571 558 114 52 224 47 111 379
is_linear=0
shrinkage=0.1


Tree=19
num_leaves=31
num_cat=0
split_feature=6 16 178 16 168 15 28 10 168 5 102 0 0 9 11 0 13 5 14 62 98 13 140 10 12 7 1 26 99 42
split_gain=11.1943 6.70165 5.98221 6.21262 5.40917 4.89441 4.87835 4.85652 6.71269 5.31207 5.87141 4.83325 5.67363 4.07722 4.03111 4.43566 4.01888 3.64567 3.63654 3.61213 4.63035 4.9621 3.50134 4.34214 4.50853 4.24481 7.77232 3.47202 4.43306 6.89978
threshold=1.0000000180025095e-35 1.0000000180025095e-35 1.0000000180025095e-35 1.0000000180025095e-35 1.0000000180025095e-35 1.0000000180025095e-35 1.0000000180025095e-35 1.0000000180025095e-35 1.0000000180025095e-35 1.0000000180025095e-35 1.0000000180025095e-35 3.4195755720138554 5.07460641860962 1.0000000180025095e-35 1.0000000180025095e-35 14.917180061340334 1.0000000180025095e-35 1.0000000180025095e-35 1.0000000180025095e-35 1.0000000180025095e-35 1.0000000180025095e-35 1.0000000180025095e-35 1.0000000180025095e-35 1.0000000180025095e-35 1.0000000180025095e-35 1.0000000180025095e-35 -0.44254316389560694 1.0000000180025095e-35 1.0000000180025095e-35 1.0000000180025095e-35
decision_type=2 2 2 2 2 2 2 2 2 2 2 2 2 2 2 2 2 2 2 2 2 2 2 2 2 2 2 2 2 2
left_child=1 5 3 6 13 27 -2 8 9 14 -11 -9 -13 17 15 16 -7 -3 -8 -14 21 -21 23 -15 25 26 -25 28 -1 -30
right_child=2 4 -4 -5 -6 7 18 11 -10 10 -12 12 19 22 -16 -17 -18 -19 -20 20 -22 -23 -24 24 -26 -27 -28 -29 29 -31
leaf_value=0.054907182528443378 -0.13675712940186033 0.018038945424672614 0.069100116836310302 -0.043865037944296199 -0.080473638117349436 0.063004278158153335 -0.022486623014657127 -0.10491629224013255 0.14459824202556357 -0.037859939444053282 0.10442341725313148 0.077161940874066706 -0.066524798538904459 -0.05960116141883999 0.063582343719970624 -0.084551172167811689 -0.020575068804171009 -0.016303580546618804 0.0067711677986755829 0.052399013327678434 -0.095433704873058578 -0.040123900373698458 0.060452863975765714 0.1735817685340777 -0.089270660601842036 0.10695842240138607 -0.069994252336129145 0.015578215702468506 0.038355566511970772 -0.11667578669449984
leaf_weight=63.930077489465475 2.97270618751645 88.229260623455048 7.7174835465848437 77.266461342573166 9.4436072297394258 12.292014330625538 83.150723952800035 6.0199801176786414 3.989827398210763 26.105097472667698 3.2627260275185099 6.4815080054104319 13.256070919334887 28.236466180533171 21.968724519014359 4.5082697719335547 10.815069541335106 47.580959782004356 86.858425825834274 14.073371876031164 4.5824780985712996 9.8559783324599266 4.1142807342112055 1.7088670358061797 3.8236191235482684 4.9200619049370289 5.6130211800336847 98.891257431358099 9.6674351915717107 4.0832923948764792
leaf_count=346 22 423 51 734 63 60 736 33 22 167 16 35 78 255 105 23 53 315 425 73 28 53 31 14 36 49 51 532 54 23
internal_value=-0.000653969 0.0079685 -0.0176155 -0.0202898 -0.00665921 0.0169969 -0.00975932 0.0028291 0.0180471 0.0116519 -0.0220524 -0.0204292 -0.00988787 -0.00287542 0.0316144 0.00618313 0.0238857 0.00600708 -0.00753869 -0.0233962 -0.00334431 0.0142908 -0.0277913 -0.0359864 0.00551826 0.0351244 -0.0131457 0.0280064 0.0438281 -0.00768115
internal_weight=765.419 507.453 257.966 250.248 193.67 313.783 172.982 137.211 82.9417 78.9519 29.3678 54.2694 48.2494 184.227 49.5841 27.6154 23.1071 135.81 170.009 41.7679 28.5118 23.9294 48.4163 44.302 16.0656 12.242 7.32189 176.572 77.6808 13.7507
internal_count=4906 2938 1968 1917 1237 1701 1183 746 446 424 183 300 267 1174 241 136 113 738 1161 232 154 126 436 405 150 114 65 955 423 77
is_linear=0
shrinkage=0.1


Tree=20
num_leaves=31
num_cat=0
split_feature=14 5 9 151 178 16 9 78 8 1 105 5 176 140 0 11 7 67 40 24 102 21 6 10 139 151 13 81 15 34
split_gain=10.6695 5.78401 5.07158 5.67475 4.6682 3.96808 3.82036 3.46731 5.32799 4.148 4.60927 3.55233 3.46719 3.41231 3.38247 4.94965 4.49557 4.42285 3.27766 4.2411 5.71138 3.21895 3.14875 3.19597 6.42029 3.10994 3.07472 4.00089 6.19831 6.93562
threshold=1.0000000180025095e-35 1.0000000180025095e-35 1.0000000180025095e-35 1.0000000180025095e-35 1.0000000180025095e-35 1.0000000180025095e-35 1.0000000180025095e-35 1.0000000180025095e-35 1.0000000180025095e-35 0.14426952600479129 1.0000000180025095e-35 1.0000000180025095e-35 1.0000000180025095e-35 1.0000000180025095e-35 7.0814509391784677 1.0000000180025095e-35 1.0000000180025095e-35 1.0000000180025095e-35 1.0000000180025095e-35 1.0000000180025095e-35 1.0000000180025095e-35 1.0000000180025095e-35 1.0000000180025095e-35 1.0000000180025095e-35 1.0000000180025095e-35 1.0000000180025095e-35 1.0000000180025095e-35 1.0000000180025095e-35 1.0000000180025095e-35 1.0000000180025095e-35
decision_type=2 2 2 2 2 2 2 2 2 2 2 2 2 2 2 2 2 2 2 2 2 2 2 2 2 2 2 2 2 2
left_child=1 6 4 5 7 26 12 9 -9 10 11 14 18 -7 15 -2 -16 -17 19 -1 25 -13 -3 -24 -25 -21 27 28 29 -4
right_child=2 22 3 -5 -6 13 -8 8 -10 -11 -12 21 -14 -15 16 17 -18 -19 -20 20 -22 -23 23 24 -26 -27 -28 -29 -30 -31
leaf_value=0.063274438780251449 0.065289810865195169 -0.022173619014278844 0.036849198951652506 0.079756379908267658 0.10029847603208886 -0.049532579862692001 -0.022997376224992983 -0.066978812694651182 0.043577919669810054 0.005391823739923916 -0.043829268789790363 0.024728176033251382 0.099945572349937117 0.054261628366427797 0.044702016851289786 0.063398647114524628 0.13261813826704857 -0.035302904049955432 -0.035682117158903251 0.0028635925052280472 -0.090519632865553756 -0.061455594554355647 -0.085949785127223163 -0.04634287080695447 0.18731362319101558 0.080173505018247895 -0.022944494315157268 -0.018452603187568493 -0.016307555121255677 0.16744265148750198
leaf_weight=12.144681483507155 24.659887656569481 73.944466900080442 19.075652822852138 7.4940249174833289 6.7924697101116172 30.946406677365303 80.641629457473755 11.56999307870865 6.99413739144802 111.83142731338739 7.6174925714731208 49.199453577399254 3.6456307992339125 3.528546378016471 13.759625256061554 6.9038110673427591 10.075193509459496 13.259501948952675 20.865201227366924 119.19049696624279 6.414475053548812 4.7523557692766181 18.671987030655146 9.7584088146686554 1.3371123895049102 5.4408517703413954 35.983517408370972 24.200734734535217 15.480224326252936 5.1685803830623618
leaf_count=58 110 735 94 36 30 232 739 50 30 510 33 223 21 18 60 30 45 58 141 699 42 22 301 152 15 31 173 118 77 23
internal_value=-0.000630353 -0.0133945 0.0103488 -0.00493359 0.0184569 -0.0096564 -0.00511131 0.0163239 -0.025326 0.0195181 0.0316489 0.0363382 0.00348946 -0.0389091 0.0514269 0.0352414 0.081865 -0.00150802 0.00134602 0.00674163 0.00150245 0.0171367 -0.033229 -0.0606912 -0.0181851 0.0062386 0.000437685 0.0135995 0.0331262 0.0646902
internal_weight=761.348 352.055 409.293 141.878 267.415 134.384 248.343 260.623 18.5641 242.059 130.227 122.61 167.701 34.475 68.658 44.8232 23.8348 20.1633 164.056 143.191 131.046 53.9518 103.712 29.7675 11.0955 124.631 99.9087 63.9252 39.7245 24.2442
internal_count=4906 2934 1972 771 1201 735 1731 1171 80 1091 581 548 992 250 303 198 105 88 971 830 772 245 1203 468 167 730 485 312 194 117
is_linear=0
shrinkage=0.1


Tree=21
num_leaves=31
num_cat=0
split_feature=6 99 55 50 21 5 85 87 56 13 60 0 11 168 67 0 5 16 0 1 100 177 0 17 11 151 0 0 0 15
split_gain=9.03811 5.36957 5.38237 6.13595 5.40154 5.33593 4.96182 4.8007 4.5487 4.43672 4.07227 5.56557 4.1614 4.28165 4.12695 7.2436 4.25311 3.99979 9.26881 5.70438 3.93526 4.3118 3.8509 3.73481 3.59447 6.40232 4.63389 4.14854 8.15469 3.57276
threshold=1.0000000180025095e-35 1.0000000180025095e-35 1.0000000180025095e-35 1.0000000180025095e-35 1.0000000180025095e-35 1.0000000180025095e-35 1.0000000180025095e-35 1.0000000180025095e-35 1.0000000180025095e-35 1.0000000180025095e-35 1.0000000180025095e-35 5.6960985660552987 1.0000000180025095e-35 1.0000000180025095e-35 1.0000000180025095e-35 8.0082135200500506 1.0000000180025095e-35 1.0000000180025095e-35 11.741273403167726 -0.23431439697742459 1.0000000180025095e-35 1.0000000180025095e-35 15.585215568542482 1.0000000180025095e-35 1.0000000180025095e-35 1.0000000180025095e-35 3.3497605323791508 16.041068077087406 15.464749813079836 1.0000000180025095e-35
decision_type=2 2 2 2 2 2 2 2 2 2 2 2 2 2 2 2 2 2 2 2 2 2 2 2 2 2 2 2 2 2
left_child=1 2 10 23 8 20 29 9 -5 -3 12 -12 13 -1 15 -14 -17 19 -19 -10 21 -2 -16 -4 25 26 -25 28 -26 -7
right_child=5 7 3 4 -6 6 -8 -9 17 -11 11 -13 14 -15 22 16 -18 18 -20 -21 -22 -23 -24 24 27 -27 -28 -29 -30 -31
leaf_value=0.010373661713765765 -0.0069571361967651832 -0.0027295820083050835 0.075025659873768122 -0.036864169782142658 0.12652355830034487 -0.06116854100425774 0.10170203404522704 0.093080366633040743 -0.0019120131789909574 -0.053623719309505685 0.030329363210074872 -0.12609111140647375 0.072784100944799646 0.11502786554227949 -0.04387529053636071 0.0030246295491289264 -0.13652197003434943 0.065192364039101044 -0.088678181205428586 0.10001581981802646 -0.09085106080438507 0.089116233079911678 0.063071901607022501 -0.07716555749792775 0.02701064891958509 0.11520376101696782 -0.0013704460726000338 0.12035607429716821 -0.12133352913913061 -0.013653184067856745
leaf_weight=88.563509613275528 171.18200495839119 42.213520310819149 9.0059372298419458 7.1874971203505984 7.7406451478600493 44.196451868861914 2.4140739962458602 3.7251130864024153 7.5417181476950672 28.82493669167161 3.7037628628313524 5.8953803814947605 11.358827352523805 4.0898225754499427 41.021601360291243 6.3547395095229131 3.3278237506747246 11.083146844059231 6.0528316460549823 20.188809558749199 5.419455684721469 4.8025175705552092 3.6678894162178031 8.8060682564973813 74.345006581395864 4.4141382686793795 95.99000621587038 4.3131977990269652 3.9000617936253539 24.651180181652308
leaf_count=522 1170 257 51 44 44 467 15 25 39 174 19 35 62 27 240 34 28 71 44 107 41 30 25 46 411 26 559 25 23 245
internal_value=-0.000596011 0.00715103 0.0114652 0.0204634 0.0485825 -0.0160283 -0.0392144 -0.017578 0.0369924 -0.0233807 -0.00249253 -0.0657374 0.00134053 0.0149932 -0.0179041 0.0186129 -0.0449365 0.048824 0.0108417 0.0722951 -0.00692001 -0.00433535 -0.0350976 0.0120889 0.00913325 -0.00277034 -0.00773955 0.0248796 0.0196166 -0.0441555
internal_weight=755.982 503.316 428.552 260.569 59.7946 252.666 71.2617 74.7636 52.054 71.0385 167.983 9.59914 158.384 92.6533 65.7309 21.0414 9.68256 44.8665 17.136 27.7305 181.404 175.985 44.6895 200.774 191.768 109.21 104.796 82.5583 78.2451 68.8476
internal_count=4906 2938 2482 1490 349 1968 727 456 305 431 992 54 938 549 389 124 62 261 115 146 1241 1200 265 1141 1090 631 605 459 434 712
is_linear=0
shrinkage=0.1


Tree=22
num_leaves=31
num_cat=0
split_feature=14 9 9 151 178 16 13 55 82 16 6 99 51 11 141 0 113 127 0 5 0 6 82 0 13 71 10 87 5 0
split_gain=8.72991 4.93056 4.44033 4.22386 3.56601 3.50122 3.32611 4.67048 6.24137 4.86481 3.53542 3.83482 3.38436 5.30416 3.21365 3.16285 3.72698 3.84998 3.43579 3.0105 2.9999 3.12091 3.43726 3.0757 5.00474 5.69322 2.9838 2.85342 2.90993 2.83678
threshold=1.0000000180025095e-35 1.0000000180025095e-35 1.0000000180025095e-35 1.0000000180025095e-35 1.0000000180025095e-35 1.0000000180025095e-35 1.0000000180025095e-35 1.0000000180025095e-35 1.0000000180025095e-35 1.0000000180025095e-35 1.0000000180025095e-35 1.0000000180025095e-35 1.0000000180025095e-35 1.0000000180025095e-35 1.0000000180025095e-35 4.2108144760131845 1.0000000180025095e-35 1.0000000180025095e-35 6.2258727550506601 1.0000000180025095e-35 17.100615501403812 1.0000000180025095e-35 1.0000000180025095e-35 8.0082135200500506 1.0000000180025095e-35 1.0000000180025095e-35 1.0000000180025095e-35 1.0000000180025095e-35 1.0000000180025095e-35 17.433264732360843
decision_type=2 2 2 2 2 2 2 2 2 2 2 2 2 2 2 2 2 2 2 2 2 2 2 2 2 2 2 2 2 2
left_child=1 5 4 6 14 29 7 8 9 -4 11 12 13 26 19 -7 17 18 -17 -2 21 22 23 -20 25 -25 -8 28 -3 -1
right_child=2 27 3 -5 -6 15 10 -9 -10 -11 -12 -13 -14 -15 -16 16 -18 -19 20 -21 -22 -23 -24 24 -26 -27 -28 -29 -30 -31
leaf_value=0.0074450209781634488 0.022641277499302809 -0.017677844333184159 0.014031233720116937 0.067151059320967058 0.088488163442492773 0.020320452942425779 -0.021022011497098484 0.018590336089462995 -0.14989132434838578 -0.086379198128544138 -0.075172484226104952 -0.094969451469567284 0.070577251627647705 0.044580512700911477 0.095187083748894161 0.077540459706028228 -0.11946034586159955 -0.087058814622030967 0.060434066818131287 0.00052211995709622338 0.057862730129591512 -0.066730001887058452 -0.085382038119448597 -0.043787746305554952 -0.065400612059672916 0.0737226672492058 -0.1182877006447112 -0.1116948984189054 -0.058148930105760145 -0.068972380067556807
leaf_weight=146.32856914028525 149.69303327798843 76.3083371296525 18.306326441466815 7.6732617765665045 6.7943488657474509 16.178144924342632 9.0625060945749301 58.350132636725903 3.8095291182398787 6.5521047040820113 12.953106410801409 4.9248389899730673 5.5595592930912963 8.7312848567962646 4.9150946885347357 3.8038211092352858 4.2416465841233721 8.2931578718125802 6.606016017496585 104.47823084890842 4.5162391774356356 14.501176051795481 5.6030802726745597 7.6005124375224122 11.712597474455835 9.010934554040432 4.8374239206314096 4.1538400389254084 23.15771197527647 5.0246300287544718
leaf_count=902 662 704 91 36 30 111 47 318 21 55 83 25 27 44 22 31 41 70 39 487 31 215 43 55 84 57 24 54 461 36
internal_value=-0.000572469 -0.0122225 0.00937003 -0.00499166 0.0169733 -0.00444569 -0.00915113 0.00235156 -0.0307005 -0.0124346 -0.0308783 -0.0135527 0.000670564 -0.0165026 0.0150978 -0.0198228 -0.0283806 -0.0229885 -0.0146016 0.0135491 -0.0204872 -0.0269168 -0.0126732 -0.00101007 -0.0153407 0.0199562 -0.0548722 -0.0304915 -0.0271003 0.00490811
internal_weight=753.681 347.04 406.641 140.76 265.881 243.421 133.087 87.0181 28.668 24.8584 46.0687 33.1156 28.1908 22.6312 259.086 92.0673 75.8892 71.6475 63.3544 254.171 59.5506 55.0343 40.5331 34.9301 28.324 16.6114 13.8999 103.62 99.466 151.353
internal_count=4906 2934 1972 771 1201 1715 735 485 167 146 250 167 142 115 1171 777 666 625 555 1149 524 493 278 235 196 112 71 1219 1165 938
is_linear=0
shrinkage=0.1


Tree=23
num_leaves=31
num_cat=0
split_feature=16 168 9 9 126 104 0 196 0 6 10 0 67 61 0 82 62 0 7 67 11 174 140 13 26 140 5 83 10 49
split_gain=7.58305 5.07499 4.63347 4.4902 8.71948 4.18014 3.78933 4.05008 3.75947 3.59346 4.83156 7.87171 7.31976 9.52857 4.25192 3.89755 3.74587 3.54694 3.42003 8.3196 7.05371 5.76579 3.30746 3.27391 5.54357 3.24262 3.92513 5.07176 3.12614 3.07587
threshold=1.0000000180025095e-35 1.0000000180025095e-35 1.0000000180025095e-35 1.0000000180025095e-35 1.0000000180025095e-35 1.0000000180025095e-35 9.4346337318420428 1.0000000180025095e-35 9.0704994201660174 1.0000000180025095e-35 1.0000000180025095e-35 2.5407255887985234 1.0000000180025095e-35 1.0000000180025095e-35 3.5414099693298344 1.0000000180025095e-35 1.0000000180025095e-35 5.542778968811036 1.0000000180025095e-35 1.0000000180025095e-35 1.0000000180025095e-35 1.0000000180025095e-35 1.0000000180025095e-35 1.0000000180025095e-35 1.0000000180025095e-35 1.0000000180025095e-35 1.0000000180025095e-35 1.0000000180025095e-35 1.0000000180025095e-35 1.0000000180025095e-35
decision_type=2 2 2 2 2 2 2 2 2 2 2 2 2 2 2 2 2 2 2 2 2 2 2 2 2 2 2 2 2 2
left_child=3 2 5 -1 9 6 8 18 25 10 11 -5 13 16 -14 23 -12 -3 21 20 28 -8 -11 24 -16 26 -2 -28 -20 -13
right_child=1 17 -4 4 -6 -7 7 -9 -10 22 12 29 14 -15 15 -17 -18 -19 19 -21 -22 -23 -24 -25 -26 -27 27 -29 -30 -31
leaf_value=0.014084168759440966 0.015564828243231627 0.029596436431620313 -0.034353901875264721 0.17552278626245488 0.14259784527244543 0.076965500120935781 -0.049444446472652392 0.089752072489283324 0.10730561964512392 -0.024359281203701205 0.031350569632545885 -0.0038518275436939652 -0.14772469743055358 -0.071385001777241969 0.063648092515418156 0.048736389049662487 0.14780883388529251 -0.10644368870010511 -0.15351017016642174 0.046120630690034858 0.028959126590132563 0.07325518783155642 -0.12280235757842153 -0.10425833721852112 -0.080278207028805365 0.092958040566955003 -0.051187082439904323 0.052051679044099491 -0.027984145959085556 0.043033049963901025
leaf_weight=310.64324652403593 55.534997969865799 2.4129281900823107 64.333627767860889 2.9861822426319113 3.8597905337810507 6.275564942508935 50.121568400412798 3.2099576964974394 3.6777244694530955 48.167243864387274 6.5179735682904738 48.591225020587444 4.3324243873357799 6.4797496609389773 4.4736197106540239 4.0966837219893923 4.7928549200296402 9.3163839839398843 5.8963966593146306 18.182093508541584 6.0145859792828551 4.1466051526367655 3.6731730140745631 8.7251238338649273 6.6604694649577141 3.9262797906994811 22.998445436358455 5.9999721311032763 2.9900831244885921 19.651792101562023
leaf_count=1645 305 20 685 16 31 41 347 17 25 458 43 299 28 45 26 29 30 75 37 124 39 23 35 61 46 21 169 46 22 118
internal_value=-0.000556535 -0.0141517 -0.011174 0.0068935 -0.00601762 -0.00328276 -0.00603923 -0.0205657 0.00823876 -0.00940887 0.000280437 0.0166035 -0.0249519 0.0253062 -0.0565593 -0.0400721 0.0806986 -0.0784578 -0.0246196 0.000722875 -0.0546709 -0.040069 -0.0313345 -0.058392 -0.0224494 0.00412004 -6.175e-06 -0.0298263 -0.111274 0.00964951
internal_weight=748.689 265.037 253.308 483.652 173.008 188.974 182.699 90.5613 92.1374 169.149 117.308 71.2292 46.0789 17.7906 28.2883 23.9559 11.3108 11.7293 87.3513 33.0832 14.9011 54.2682 51.8404 19.8592 11.1341 88.4597 84.5334 28.9984 8.88648 68.243
internal_count=4906 1996 1901 2910 1265 1216 1175 609 566 1234 741 433 308 118 190 162 73 95 592 222 98 370 493 133 72 541 520 215 59 417
is_linear=0
shrinkage=0.1


Tree=24
num_leaves=31
num_cat=0
split_feature=14 277 5 194 5 105 11 0 0 8 9 114 16 0 0 55 0 83 8 0 0 63 23 67 104 6 88 22 0 26
split_gain=7.33785 4.73636 4.58774 4.33717 3.71082 4.59506 4.86797 3.52688 3.56337 12.5312 3.45257 3.22631 3.2582 3.83158 3.59448 3.10999 3.13935 5.72648 3.06611 5.43808 3.62774 3.04054 3.00012 3.61138 3.1835 3.50434 2.99514 3.33419 2.98896 5.86953
threshold=1.0000000180025095e-35 1.0000000180025095e-35 1.0000000180025095e-35 1.0000000180025095e-35 1.0000000180025095e-35 1.0000000180025095e-35 1.0000000180025095e-35 2.3791923522949223 2.8952771425247197 1.0000000180025095e-35 1.0000000180025095e-35 1.0000000180025095e-35 1.0000000180025095e-35 17.498972892761234 15.798768043518068 1.0000000180025095e-35 10.120465755462648 1.0000000180025095e-35 1.0000000180025095e-35 13.550992488861086 12.746064186096193 1.0000000180025095e-35 1.0000000180025095e-35 1.0000000180025095e-35 1.0000000180025095e-35 1.0000000180025095e-35 1.0000000180025095e-35 1.0000000180025095e-35 7.2210814952850351 1.0000000180025095e-35
decision_type=2 2 2 2 2 2 2 2 2 2 2 2 2 2 2 2 2 2 2 2 2 2 2 2 2 2 2 2 2 2
left_child=1 2 7 4 5 15 -7 -1 9 -9 -4 12 21 14 -14 16 17 -2 20 -20 -18 -10 23 -6 25 28 27 -17 29 -24
right_child=3 -3 10 -5 22 6 -8 8 11 -11 -12 -13 13 -15 -16 26 18 -19 19 -21 -22 -23 24 -25 -26 -27 -28 -29 -30 -31
leaf_value=-0.080097438245003594 0.027817660205631829 0.13224260375324601 -0.020321125150259758 0.11190834030548608 0.1150989387992 -0.10071860193449067 0.035385246085276233 0.1693382174250318 0.0015500184765916483 -0.068171266492877913 -0.065035755835257655 -0.10307005143984965 -0.018955025021511078 0.081156398102228744 -0.10100227444599685 0.025564340610098435 0.023377332927543095 -0.070925783416352209 -0.060691046498416813 0.083105909750117488 -0.084249428564640516 0.067909209272158627 0.071112038585754933 -0.015586944515242954 0.072219246475249632 -0.037178202198964415 -0.037222037717719057 0.092206630488876506 -0.016063513751742826 -0.0081955765302488166
leaf_weight=6.0785674825310698 47.642363704741001 2.2829486764967433 75.606038924306631 4.0228015035390845 4.4399044886231405 6.7810054346919042 4.290692463517189 4.7821364589035493 139.05818809196353 4.1484874859452248 22.379355851560831 3.3316069543361655 68.100665349513292 3.5368784964084616 5.7938754409551612 143.18976094573736 4.3258718252182016 6.6989725828170767 4.984003409743309 5.5681057423353195 11.346047073602675 7.2655240818858138 14.267249993979929 4.0373653098940849 4.7341387942433348 37.584738433361053 7.1399766877293578 7.922802820801734 57.312093086540699 26.977600410580635
leaf_count=43 231 18 721 20 21 33 20 28 848 26 478 23 616 27 61 669 21 32 22 27 58 45 66 21 23 234 36 37 276 125
internal_value=-0.000546886 -0.0113134 -0.0122771 0.00859365 0.00755264 0.015006 -0.0479733 -0.0048879 -0.0029509 0.0590094 -0.0305337 -0.00538761 -0.00393316 -0.0205214 -0.0253881 0.0179257 0.00193205 0.015645 -0.0264838 0.0151873 -0.0545415 0.004845 -0.00491785 0.0528588 -0.00839459 -0.0111978 0.026068 0.0290584 -0.00129019 0.0192382
internal_weight=745.63 342.364 340.081 403.265 399.243 249.89 11.0717 242.096 236.017 8.93062 97.9854 227.087 223.755 77.4314 73.8945 238.818 80.5654 54.3413 26.224 10.5521 15.6719 146.324 149.353 8.47727 140.876 136.142 158.253 151.113 98.5569 41.2449
internal_count=4906 2934 2916 1972 1952 1186 53 1717 1674 54 1199 1620 1597 704 677 1133 391 263 128 49 79 893 766 42 724 701 742 706 467 191
is_linear=0
shrinkage=0.1


Tree=25
num_leaves=31
num_cat=0
split_feature=6 205 99 87 59 60 151 0 21 11 0 0 28 42 133 139 85 5 104 73 0 49 9 24 54 0 0 73 16 12
split_gain=6.56504 4.145 4.08149 4.17252 4.07555 6.89241 5.30951 5.01536 4.20388 4.02725 4.92278 5.8098 3.99661 4.1786 3.77629 7.41253 5.96987 3.87884 4.28386 3.72111 5.68759 4.03822 6.98299 3.4944 3.47238 3.24634 6.28782 5.56467 5.35439 3.39578
threshold=1.0000000180025095e-35 1.0000000180025095e-35 1.0000000180025095e-35 1.0000000180025095e-35 1.0000000180025095e-35 1.0000000180025095e-35 1.0000000180025095e-35 6.566735267639161 1.0000000180025095e-35 1.0000000180025095e-35 3.3497605323791508 3.5414099693298344 1.0000000180025095e-35 1.0000000180025095e-35 1.0000000180025095e-35 1.0000000180025095e-35 1.0000000180025095e-35 1.0000000180025095e-35 1.0000000180025095e-35 1.0000000180025095e-35 16.495551109313968 1.0000000180025095e-35 1.0000000180025095e-35 1.0000000180025095e-35 1.0000000180025095e-35 16.041068077087406 14.109513759613039 1.0000000180025095e-35 1.0000000180025095e-35 1.0000000180025095e-35
decision_type=2 2 2 2 2 2 2 2 2 2 2 2 2 2 2 2 2 2 2 2 2 2 2 2 2 2 2 2 2 2
left_child=1 2 4 -4 5 6 8 -8 -1 10 -6 -12 -2 14 16 -16 17 -14 23 21 24 -13 -23 -19 -21 26 29 -28 -27 -11
right_child=12 -3 3 -5 9 -7 7 -9 -10 25 11 19 13 -15 15 -17 -18 18 -20 20 -22 22 -24 -25 -26 28 27 -29 -30 -31
leaf_value=-0.0090471562025139507 -0.1109048300017977 0.1141821685859537 -0.022223444259465097 0.086194261876151992 -0.079376226716554588 -0.13684708996092357 0.17198625831026806 0.014623861219643181 0.033050504197241558 0.053324729552640164 0.19475214878109681 0.010847362828747157 0.0086968498078215592 -0.038001483242052075 -0.043966329050071577 0.11382799287457829 0.12402213648415095 0.097711096335263273 0.11535818580068638 -0.040531220977546634 -0.097843853370829903 0.02076660460315094 0.16417242915595351 -0.042486186869133691 0.015082507196882176 0.17049841465725091 -0.11911986761331642 0.033740082375175777 0.010713411248480555 0.011495846916729932
leaf_weight=153.2437252625823 4.1750101856887332 3.5227044261991969 68.617532484233379 3.7434061616659156 6.3517798446118823 3.6942928731441489 3.4227488711476308 4.9608253948390484 28.065444808453321 49.234935149550438 1.6954155415296543 35.071281388401985 105.65271588042378 49.877404879778624 38.978546924889088 3.2232116758823386 3.9024517536163321 1.8707601912319649 1.9807322211563576 14.554307233542202 6.2165586836636058 9.2489688694477064 5.3652490228414527 35.793710738420486 49.108621619641781 4.3125434629619104 5.1763399206101877 4.4108102768659592 4.0825215801596642 32.037346210330725
leaf_count=923 37 20 428 25 35 25 17 31 159 275 9 207 737 409 293 23 26 25 18 86 39 49 37 400 291 22 31 26 28 175
internal_value=-0.000523594 0.00609432 0.00532138 -0.0166147 0.00909842 -0.00156776 0.00106683 0.07887 -0.00253072 0.0181905 0.00644027 0.0109355 -0.0139004 -0.0122218 -0.00550394 -0.0319146 0.00196639 -0.00131182 -0.0279845 0.00832896 -0.00654662 0.0292505 0.0734145 -0.0355227 0.00236837 0.033298 0.0278007 -0.0487928 0.0927949 0.0368359
internal_weight=741.592 496.137 492.615 72.3609 420.254 193.387 189.693 8.38357 181.309 226.867 127.612 121.26 245.455 241.28 191.402 42.2018 149.2 145.298 39.6452 119.565 69.8795 49.6855 14.6142 37.6645 63.6629 99.2545 90.8594 9.58715 8.39507 81.2723
internal_count=4906 2938 2918 453 2465 1155 1130 48 1082 1310 753 718 1968 1931 1522 316 1206 1180 443 709 416 293 86 425 377 557 507 57 50 450
is_linear=0
shrinkage=0.1


Tree=26
num_leaves=31
num_cat=0
split_feature=14 6 92 42 194 238 8 99 228 99 11 102 12 100 135 139 5 100 5 0 61 10 15 0 0 137 67 9 5 151
split_gain=6.11632 3.62455 3.77965 3.62932 3.50381 3.37606 3.29217 4.58057 3.21167 3.50273 4.1262 3.17614 4.76629 3.27149 3.14625 8.85855 3.80616 3.68767 3.04159 3.98367 3.72476 4.3251 4.7762 3.01891 4.6238 4.68415 4.06807 3.0144 3.11368 3.11214
threshold=1.0000000180025095e-35 1.0000000180025095e-35 1.0000000180025095e-35 1.0000000180025095e-35 1.0000000180025095e-35 1.0000000180025095e-35 1.0000000180025095e-35 1.0000000180025095e-35 1.0000000180025095e-35 1.0000000180025095e-35 1.0000000180025095e-35 1.0000000180025095e-35 1.0000000180025095e-35 1.0000000180025095e-35 1.0000000180025095e-35 1.0000000180025095e-35 1.0000000180025095e-35 1.0000000180025095e-35 1.0000000180025095e-35 14.176591396331789 1.0000000180025095e-35 1.0000000180025095e-35 1.0000000180025095e-35 2.3791923522949223 2.7748117446899419 1.0000000180025095e-35 1.0000000180025095e-35 1.0000000180025095e-35 1.0000000180025095e-35 1.0000000180025095e-35
decision_type=2 2 2 2 2 2 2 2 2 2 2 2 2 2 2 2 2 2 2 2 2 2 2 2 2 2 2 2 2 2
left_child=1 2 5 14 27 8 -5 -8 9 11 -11 13 -13 18 16 -16 17 -3 19 23 21 -21 -23 -1 -25 26 -26 -2 29 -29
right_child=4 3 -4 6 -6 -7 7 -9 -10 10 -12 12 -14 -15 15 -17 -18 -19 -20 20 -22 22 -24 24 25 -27 -28 28 -30 -31
leaf_value=-0.076800843966171845 0.013230833126851849 0.0097551806006628827 0.10538091003803876 -0.098723600401843858 0.09992747647034407 0.10341208413603074 -0.055116544922898858 0.10940436640350736 0.077405372661923821 -0.007047602899568523 -0.0809581864067771 0.018730342514796626 -0.11461235664047623 0.063438719127637461 -0.091757568024140757 0.11552632984498915 -0.048935584794908345 -0.12121216757733028 -0.022909315985072363 -0.06876915830083534 -0.097506228176350421 0.14822193427311958 -0.030213402703761272 0.114083212198809 0.050575816469611824 -0.049259891790944171 0.0038149979516459258 0.00063302400318591186 -0.028350840151894249 0.084504350481933083
leaf_weight=3.5108401700854293 259.91450021415949 54.771073784679174 3.1629524193704119 11.457426946610212 4.0904285609722129 2.8515847064554682 8.0789964981377107 2.1407142020761976 4.5124790929257861 17.419963106513023 13.335626803338529 4.8368794880807382 6.0133283697068691 7.9071101732552043 12.63283049687743 2.4638366885483256 17.30113023892045 2.2377765849232665 50.446815397590399 5.2408846914768237 6.4899980872869483 2.8876735493540764 3.1218567118048668 4.7232966944575301 29.34489494562149 10.787245899438856 50.83309318125248 92.062651947140694 40.543140143156052 4.6475152522325507
leaf_count=22 1188 489 23 145 20 18 93 24 27 145 109 38 43 51 151 17 323 20 532 38 43 20 21 23 162 59 298 483 261 20
internal_value=-0.000503285 -0.010403 -0.00317123 -0.025209 0.00784834 -0.00470222 -0.0619178 -0.0206545 -0.00609463 -0.0078318 -0.0390952 -0.00266631 -0.0551699 0.000583524 -0.0163087 -0.057928 -0.00785339 0.0046143 -0.00238567 0.00646806 -0.0371768 -0.00237472 0.0555276 0.0142733 0.0176149 0.0126058 0.0209293 0.00690002 -0.00508854 0.00466355
internal_weight=739.769 338.51 227.427 111.084 401.258 224.264 21.6771 10.2197 221.412 216.9 30.7556 186.144 10.8502 175.294 89.4066 15.0967 74.31 57.0089 167.387 116.94 17.7404 11.2504 6.00953 99.1994 95.6885 90.9652 80.178 397.168 137.253 96.7102
internal_count=4906 2934 1672 1262 1972 1649 262 117 1631 1604 254 1350 81 1269 1000 168 832 509 1218 686 122 79 41 564 542 519 460 1952 764 503
is_linear=0
shrinkage=0.1


Tree=27
num_leaves=31
num_cat=0
split_feature=16 168 9 9 126 130 220 10 0 0 1 0 67 132 104 17 88 0 7 68 6 15 0 67 11 33 0 14 68 14
split_gain=6.19205 4.37173 3.69137 3.65523 6.41889 3.29366 3.22672 3.12826 4.9648 3.63746 3.2303 5.10848 3.8567 3.91549 3.10692 2.94748 3.74592 3.22425 3.91147 3.9168 4.80292 5.35557 4.24027 3.80298 5.96847 3.73451 3.55281 3.54782 3.26632 3.72294
threshold=1.0000000180025095e-35 1.0000000180025095e-35 1.0000000180025095e-35 1.0000000180025095e-35 1.0000000180025095e-35 1.0000000180025095e-35 1.0000000180025095e-35 1.0000000180025095e-35 2.5407255887985234 3.1772758960723881 -0.17484219372272489 6.8391511440277108 1.0000000180025095e-35 1.0000000180025095e-35 1.0000000180025095e-35 1.0000000180025095e-35 1.0000000180025095e-35 9.4346337318420428 1.0000000180025095e-35 1.0000000180025095e-35 1.0000000180025095e-35 1.0000000180025095e-35 11.998631000518801 1.0000000180025095e-35 1.0000000180025095e-35 1.0000000180025095e-35 9.0704994201660174 1.0000000180025095e-35 1.0000000180025095e-35 1.0000000180025095e-35
decision_type=2 2 2 2 2 2 2 2 2 2 2 2 2 2 2 2 2 2 2 2 2 2 2 2 2 2 2 2 2 2
left_child=3 2 14 6 7 -3 -1 8 -5 -9 11 12 13 -11 15 -2 17 26 19 22 21 -21 27 24 -20 28 -17 -19 -25 -30
right_child=1 5 -4 4 -6 -7 -8 9 -10 10 -12 -13 -14 -15 -16 16 -18 18 23 20 -22 -23 -24 25 -26 -27 -28 -29 29 -31
leaf_value=0.013994734062482188 0.06969629426088908 -0.10210924292919848 -0.031345110475523387 0.11044980763848847 0.11765251788319027 0.032673004367803224 -0.072856446962624402 -0.10715183214245326 -0.0024243699213461773 0.14673677436729674 -0.035229783240582679 0.15147555204123653 -0.043223451381643428 -0.022458714437647079 0.064858553843395728 0.0039380425906985865 -0.093426636392204415 -0.080943877923772306 -0.089140445115272318 0.092012527932579996 -0.091397025310915481 -0.039634872144036104 -0.090503927522303101 0.1159497712849878 0.044302836683553018 -0.045661561517516457 0.10541674338655038 0.013759877478616914 -0.063370581748458055 0.082274948585243091
leaf_weight=302.85818921029568 5.0507392510771743 8.8094955347478372 61.926540900021791 4.0545581430196753 4.1284065060317507 2.2829049639403811 4.3389768265187731 5.1233639605343333 100.18075482919812 2.7288355045020589 38.807834446430206 2.4173438549041739 9.6215411834418774 2.7422207072377205 6.4823933951556674 83.418000236153603 4.9629631601274005 6.1891541928052911 7.7148088179528731 7.0125446543097514 4.0382362641394129 5.5246776416897774 17.376877643167973 6.4313941560685652 5.926550067961216 4.0000524222850791 3.5988655574619761 10.96199356764555 3.1570183262228966 3.9521521031856537
leaf_count=1623 30 77 685 24 31 18 22 36 733 21 300 18 82 20 41 518 34 68 55 37 53 30 119 45 38 28 24 50 28 18
internal_value=-0.000497458 -0.0129511 -0.0102009 0.00625977 -0.00551442 -0.07437 0.012768 -0.00858356 0.00196622 -0.0264813 -0.0191425 0.0165121 -0.00510465 0.0619321 -0.00315355 -0.00561223 -0.0077949 -0.00528468 -0.019476 -0.0365068 0.00345024 0.0340005 -0.0556885 0.0084354 -0.0311654 0.039233 0.00813502 -0.0204149 0.0643119 0.0175971
internal_weight=735.819 258.817 247.725 477.002 169.805 11.0924 307.197 165.676 104.235 61.4411 56.3178 17.5099 15.0926 5.47106 185.798 179.316 174.265 169.302 82.2855 51.1035 16.5755 12.5372 34.528 31.182 13.6414 17.5406 87.0169 17.1511 13.5406 7.10917
internal_count=4906 1996 1901 2910 1265 95 1645 1234 757 477 441 141 123 41 1216 1175 1145 1111 569 357 120 67 237 212 93 119 542 118 91 46
is_linear=0
shrinkage=0.1


Tree=28
num_leaves=31
num_cat=0
split_feature=16 168 6 12 178 65 68 14 0 135 135 1 0 67 41 35 9 126 5 0 0 0 8 68 0 11 0 45 67 1
split_gain=5.08494 3.75225 3.4147 3.24916 3.2112 3.07768 5.62698 3.25579 3.58581 3.40479 3.18335 8.74728 4.57811 3.49417 3.61694 3.57368 2.96876 4.96117 2.79158 3.19388 4.00651 3.44283 3.37258 2.81569 4.00972 4.1145 3.18012 4.90707 3.95181 3.59996
threshold=1.0000000180025095e-35 1.0000000180025095e-35 1.0000000180025095e-35 1.0000000180025095e-35 1.0000000180025095e-35 1.0000000180025095e-35 1.0000000180025095e-35 1.0000000180025095e-35 3.5961669683456425 1.0000000180025095e-35 1.0000000180025095e-35 -0.34367632865905756 3.4811772108078007 1.0000000180025095e-35 1.0000000180025095e-35 1.0000000180025095e-35 1.0000000180025095e-35 1.0000000180025095e-35 1.0000000180025095e-35 11.824777603149416 10.380561351776125 9.2908968925476092 1.0000000180025095e-35 1.0000000180025095e-35 13.938398361206056 1.0000000180025095e-35 3.7193702459335332 1.0000000180025095e-35 1.0000000180025095e-35 -0.19324663281440732
decision_type=2 2 2 2 2 2 2 2 2 2 2 2 2 2 2 2 2 2 2 2 2 2 2 2 2 2 2 2 2 2
left_child=16 2 5 -3 -4 7 -7 8 9 -2 12 -12 -9 14 -14 -15 -1 18 19 20 21 -18 -22 26 -25 -26 -20 -28 29 -29
right_child=1 3 4 -5 -6 6 -8 10 -10 -11 11 -13 13 15 -16 -17 17 -19 23 -21 22 -23 -24 24 25 -27 27 28 -30 -31
leaf_value=0.011463050159839271 0.06263763026447712 -0.1172380469928791 -0.032863235664639265 -0.0054023205584617963 0.069711985836531265 -0.026328958773204448 0.1186707048871861 -0.086678846938931575 -0.028653163206968976 -0.062240293021383203 0.0019669778476233586 0.16965495765843785 -0.035878973622262889 0.040486132991539359 0.069063782816143532 -0.040266033507403896 0.0098472801363099424 0.10059117220700382 0.02433175963019657 -0.023319193827261369 0.098292477908206402 -0.059063680648852639 -0.0046367590913947631 0.12151744429910633 0.047102091870120544 -0.1208795511888245 -0.087239344829777965 0.1769580113094136 -0.054439113857011404 -0.0012195646653505351
leaf_weight=307.90002443641424 8.7314328067004663 6.147060872986911 66.135895323008299 4.4992786236107349 3.199644658714532 5.086962938308714 5.6476855650544167 5.6995667517185202 67.927666615694761 2.9113096520304671 10.959879383444784 4.3436540439724913 22.935916483402256 31.276091493666172 3.8331231623888007 6.6446321681141844 59.197582803666592 4.3337113149464122 6.067784395068883 39.236272897571325 8.7102626860141736 8.2618564516305906 5.0168799646198741 2.7551050893962366 3.4283496290445328 2.5372439958155155 18.278218418359756 1.7972964011132715 6.5411249324679375 3.0723160058259982
leaf_count=1645 56 55 703 40 24 33 34 29 591 23 55 21 120 158 19 35 357 31 53 265 48 49 30 24 41 29 227 13 64 34
internal_value=-0.000485071 -0.0118554 -0.00933332 -0.0699748 -0.0281297 -0.00192838 0.0499579 -0.00529864 -0.0198645 0.0314115 0.00822655 0.0495624 -0.0007604 0.00680955 -0.020852 0.0263364 0.00561507 -0.0050246 -0.00780027 0.00010706 0.0114286 0.00140765 0.0606748 -0.0292094 0.0217385 -0.0243427 -0.0416351 -0.0551173 -0.00366268 0.0645429
internal_weight=733.114 255.98 245.333 10.6463 69.3355 175.998 10.7346 165.263 79.5704 11.6427 85.6929 15.3035 70.3893 64.6898 26.769 37.9207 477.134 169.234 164.9 120.423 81.1866 67.4594 13.7271 44.4774 8.7207 5.96559 35.7567 29.689 11.4107 4.86961
internal_count=4906 1996 1901 95 727 1174 67 1107 670 79 437 76 361 332 139 193 2910 1265 1234 749 484 406 78 485 94 70 391 338 111 47
is_linear=0
shrinkage=0.1


Tree=29
num_leaves=31
num_cat=0
split_feature=277 5 9 141 14 105 11 174 0 0 0 114 102 99 0 0 78 8 1 176 168 0 101 99 14 47 0 13 0 21
split_gain=4.97523 5.26247 4.4474 4.82388 3.86834 4.00771 3.67612 3.62939 3.00482 7.33109 5.7983 2.7064 2.84253 7.61514 2.65527 3.24356 2.5323 3.55033 3.61371 2.71224 2.56748 5.24712 2.68275 2.47957 4.0946 3.26439 3.11174 5.36963 2.60393 9.10028
threshold=1.0000000180025095e-35 1.0000000180025095e-35 1.0000000180025095e-35 1.0000000180025095e-35 1.0000000180025095e-35 1.0000000180025095e-35 1.0000000180025095e-35 1.0000000180025095e-35 3.4811772108078007 3.0691307783126835 3.639972567558289 1.0000000180025095e-35 1.0000000180025095e-35 1.0000000180025095e-35 2.3791923522949223 2.6105407476425175 1.0000000180025095e-35 1.0000000180025095e-35 -0.50079855322837818 1.0000000180025095e-35 1.0000000180025095e-35 8.0862421989440936 1.0000000180025095e-35 1.0000000180025095e-35 1.0000000180025095e-35 1.0000000180025095e-35 2.7748117446899419 1.0000000180025095e-35 9.3497605323791522 1.0000000180025095e-35
decision_type=2 2 2 2 2 2 2 2 2 2 2 2 2 2 2 2 2 2 2 2 2 2 2 2 2 2 2 2 2 2
left_child=1 4 3 16 11 8 -7 -4 9 -6 -10 12 14 -14 -1 -16 19 18 -18 20 22 -22 23 25 -25 26 27 -3 -28 -30
right_child=-2 2 7 -5 5 6 -8 -9 10 -11 -12 -13 13 -15 15 -17 17 -19 -20 -21 21 -23 -24 24 -26 -27 28 -29 29 -31
leaf_value=-0.069682174761890245 0.12154406638064262 -0.11562170184779862 -0.042038624509555943 0.11657778589828956 0.018684119638868148 -0.092461116946791377 0.026579983124725162 0.082516772750455325 0.16209249605619971 -0.095771957381916295 0.018460809478155989 -0.09737250708986353 -0.089275275889482322 0.092191230053275952 0.095704731150609845 -0.00012793703047758509 -0.00326955850805399 0.012912202615704367 -0.14046055244116101 -0.096846209172892272 0.13445218164395673 -0.029695060814668352 0.060809784643549386 -0.091166170528415025 -0.0040526636486629339 -0.02886703924623274 0.030192215746060437 0.050729379051128169 -0.019852589848736526 0.15416203601617012
leaf_weight=5.3760279528796664 3.3266181349754325 5.01566633582115 56.822190372273326 3.187583226710557 18.967455014586452 6.6026735305786115 4.272991806268692 2.4398732371628276 2.849089302122592 7.9382824078202239 208.07520563900471 3.075308669358491 10.18461090326309 2.9918466433882704 3.5915198549628249 212.34955342113972 3.0302181355655184 5.6010179519653311 5.2404736131429663 3.0916671939194194 3.9589800946414462 3.83264384791255 5.9303573705255976 8.8815393932163715 13.7470563352108 33.672350771725178 43.6332325078547 3.1647551357746124 35.959778171032667 3.2793301716446868
leaf_count=43 23 36 710 21 92 33 20 32 15 38 997 23 85 19 21 1526 22 38 35 20 26 28 36 95 68 251 269 22 239 23
internal_value=-0.000470982 -0.00102948 -0.0131297 -0.00535318 0.0049547 0.0136718 -0.0456905 -0.0369106 0.0163864 -0.0150851 0.0204009 -0.00417108 -0.00294877 -0.0480715 -0.000262317 0.00146595 -0.00753622 -0.048564 -0.0901965 -0.00406948 -0.00228873 0.0537093 -0.00513518 -0.00778919 -0.038244 -0.00226384 0.00757433 -0.0512656 0.0133825 -0.00530966
internal_weight=730.09 726.763 240.489 181.227 486.275 248.706 10.8757 59.2621 237.83 26.9057 210.924 237.569 234.494 13.1765 221.317 215.941 178.039 13.8717 8.27069 164.167 161.076 7.79162 153.284 147.354 22.6286 124.725 91.0528 8.18042 82.8723 39.2391
internal_count=4906 4883 1971 1229 2912 1195 53 742 1142 130 1012 1717 1694 104 1590 1547 1208 95 57 1113 1093 54 1039 1003 163 840 589 58 531 262
is_linear=0
shrinkage=0.1


Tree=30
num_leaves=31
num_cat=0
split_feature=6 118 28 205 42 102 1 26 1 0 0 7 12 9 11 15 78 7 138 10 139 11 39 0 12 61 0 65 13 184
split_gain=4.82274 3.5911 3.37944 3.25556 3.15659 3.59214 3.78048 5.7824 7.8584 5.48889 5.18998 4.59973 4.20478 3.23359 4.6744 4.16401 3.44776 3.26708 3.1311 3.10012 5.44571 3.83479 3.18996 4.30718 3.03549 6.51145 4.4247 2.89109 5.71851 3.83606
threshold=1.0000000180025095e-35 1.0000000180025095e-35 1.0000000180025095e-35 1.0000000180025095e-35 1.0000000180025095e-35 1.0000000180025095e-35 -0.21636626124382016 1.0000000180025095e-35 -0.17484219372272489 8.6844625473022479 10.186173915863039 1.0000000180025095e-35 1.0000000180025095e-35 1.0000000180025095e-35 1.0000000180025095e-35 1.0000000180025095e-35 1.0000000180025095e-35 1.0000000180025095e-35 1.0000000180025095e-35 1.0000000180025095e-35 1.0000000180025095e-35 1.0000000180025095e-35 1.0000000180025095e-35 16.425735473632816 1.0000000180025095e-35 1.0000000180025095e-35 3.7193702459335332 1.0000000180025095e-35 1.0000000180025095e-35 1.0000000180025095e-35
decision_type=2 2 2 2 2 2 2 2 2 2 2 2 2 2 2 2 2 2 2 2 2 2 2 2 2 2 2 2 2 2
left_child=3 2 -2 27 5 6 13 19 -9 11 12 -10 -11 14 16 17 24 -16 -15 20 22 -21 -8 -24 25 -4 -26 29 -29 -1
right_child=1 -3 4 -5 -6 -7 7 8 9 10 -12 -13 -14 18 15 -17 -18 -19 -20 21 -22 -23 23 -25 26 -27 -28 28 -30 -31
leaf_value=0.0020323066368195856 -0.10675563766694987 0.10358240882452821 0.024353566880808756 0.1010288627717949 -0.034988326530366542 -0.06964208249944065 -0.0038411577321545939 0.19223555148340526 -0.12190401139124979 0.13983859585652247 0.017118126290443701 0.021640174445101218 0.0061158591794273735 -0.068626641558987594 0.023086662414445125 -0.096774274815773595 -0.062179585962939238 -0.076954228610413719 0.031016346707258186 -0.089026532381862686 -0.1165197125318759 0.0058955329631535771 0.13636748412393329 -0.013717240727837095 0.055647272467848299 0.17512704844242952 -0.053884909470189958 0.079828170129467094 -0.023523850382708444 0.10619832484512928
leaf_weight=458.88295732066035 3.8155632540583602 2.6532800048589698 13.824604276567699 3.5220633745193473 47.102676628157496 8.4622252434492093 15.380666205659514 2.95523503050208 4.2396517265588027 7.6152880489826185 27.031306877732277 4.7149494923651218 3.4018523804843426 18.194992735981945 10.026314303278921 8.6417116858065128 4.9744128212332717 4.8403622657060632 3.8147576041519633 9.9657334610819834 3.1968940161168566 7.4285632930696002 4.6296533495187751 3.2575914114713669 6.5751827247440806 3.6129359416663638 8.3993368260562402 13.73267525807023 8.7741056568920612 3.5628091134130946
leaf_count=2757 36 21 90 20 408 84 127 26 38 63 237 33 29 208 62 55 31 34 38 87 25 48 39 31 41 22 55 84 54 23
internal_value=-0.000459413 -0.0121075 -0.0134076 0.00523392 -0.0118743 -0.00599508 -0.00294738 0.0108018 0.0340633 0.0241185 0.0406966 -0.0463224 0.0985479 -0.0185063 -0.00663307 -0.0415727 0.0153368 -0.00948512 -0.0513564 -0.0156946 0.00585942 -0.0484883 0.0226737 0.0743795 0.0272335 0.0555928 -0.00579027 0.00453819 0.0395371 0.00283483
internal_weight=727.23 238.756 236.102 488.475 232.287 185.184 176.722 93.8174 49.9583 47.003 38.0484 8.9546 11.0171 82.9046 60.8949 23.5084 37.3865 14.8667 22.0098 43.8591 26.4648 17.3943 23.2679 7.88724 32.4121 17.4375 14.9745 484.953 22.5068 462.446
internal_count=4906 1968 1947 2938 1911 1503 1419 783 426 400 329 71 92 636 390 151 239 96 246 357 222 135 197 70 208 112 96 2918 138 2780
is_linear=0
shrinkage=0.1


Tree=31
num_leaves=31
num_cat=0
split_feature=16 168 12 9 94 67 88 12 151 0 55 38 79 67 42 223 22 19 73 22 7 26 0 11 83 1 63 67 15 0
split_gain=4.37226 3.2428 2.94036 2.90063 2.76577 7.38467 2.71292 2.65562 4.54473 2.86876 2.54223 4.97108 4.83373 4.21771 6.79765 3.86739 3.51092 3.49224 3.48848 3.27299 4.16332 5.70229 4.55683 7.1653 3.31721 3.14832 3.10919 6.9142 4.55488 2.72116
threshold=1.0000000180025095e-35 1.0000000180025095e-35 1.0000000180025095e-35 1.0000000180025095e-35 1.0000000180025095e-35 1.0000000180025095e-35 1.0000000180025095e-35 1.0000000180025095e-35 1.0000000180025095e-35 17.006159782409672 1.0000000180025095e-35 1.0000000180025095e-35 1.0000000180025095e-35 1.0000000180025095e-35 1.0000000180025095e-35 1.0000000180025095e-35 1.0000000180025095e-35 1.0000000180025095e-35 1.0000000180025095e-35 1.0000000180025095e-35 1.0000000180025095e-35 1.0000000180025095e-35 4.0561258792877206 1.0000000180025095e-35 1.0000000180025095e-35 0.75739601254463207 1.0000000180025095e-35 1.0000000180025095e-35 1.0000000180025095e-35 4.8090348243713388
decision_type=2 2 2 2 2 2 2 2 2 2 2 2 2 2 2 2 2 2 2 2 2 2 2 2 2 2 2 2 2 2
left_child=10 3 -3 6 7 -6 -2 8 9 -5 11 -1 13 16 17 26 25 18 19 20 21 -15 23 -22 -24 -13 -12 -28 -29 -21
right_child=1 2 -4 4 5 -7 -8 -9 -10 -11 15 12 -14 14 -16 -17 -18 -19 -20 29 22 -23 24 -25 -26 -27 27 28 -30 -31
leaf_value=-0.12668004958056089 -0.00044388661545345594 -0.11386738617040748 -0.0056156733328451098 -0.035870276717287285 0.147672554752693 -0.084828611634485518 -0.074725723694171658 -0.070610107554740051 0.12104055728949013 0.08759821213627543 0.0093390280252864024 0.05242621525061926 -0.058176235732035488 0.050367107600109408 -0.070128165838091991 -0.091621847090971431 -0.054611611718546685 -0.088319279412863383 0.10770970008964874 0.12971389592709617 0.031976247935832723 -0.046238267995197826 0.070656108638893586 -0.13444506883550755 -0.039940940425589863 -0.031983797842172743 -0.010107588527455913 0.046004876884109612 0.20523804222232958 0.013500397275865337
leaf_weight=3.2978258952498427 177.32560667209327 5.7168081905692798 4.4719677865505219 35.066745817661285 2.9418625701218835 2.5504133999347687 5.0568855181336394 14.960003633052109 2.1277746073901644 1.9885523431003083 298.51527210883796 31.062629016116261 14.200152382254599 7.6891048476099959 14.978678135201333 3.6753587983548632 4.3552795723080626 3.9882050715386859 3.3331949636340132 3.4932536818087083 7.2414366118609923 29.753200447186828 16.358808942139152 4.0251755751669407 3.2509150989353648 5.1514675766229621 7.6142522003501636 3.5472695082426071 3.6396271474659443 4.7607704438269138
leaf_count=28 1180 55 40 413 30 23 36 178 16 25 1821 183 89 47 93 18 24 25 21 22 42 193 100 24 20 41 45 25 21 28
internal_value=-0.000453096 -0.0110902 -0.0663545 -0.0087636 -0.0279089 0.0397075 -0.00250349 -0.0347679 -0.0210834 -0.0292444 0.00520752 -0.00520141 -0.00259396 0.00306629 -0.00807415 0.0103609 0.030217 0.00300514 0.00756326 0.0032039 -0.00398229 -0.0263995 0.023202 -0.0274804 0.0523212 0.0404189 0.0115572 0.0562943 0.126645 0.0626841
internal_weight=726.138 252.207 10.1888 242.018 59.6354 5.49228 182.382 54.1431 39.1831 37.0553 473.932 156.94 153.642 139.442 98.8727 316.992 40.5694 83.8941 79.9059 76.5727 68.3186 37.4423 30.8763 11.2666 19.6097 36.2141 313.316 14.8011 7.1869 8.25402
internal_count=4906 1996 95 1901 685 53 1216 632 454 438 2910 980 952 863 615 1930 248 522 497 476 426 240 186 66 120 224 1912 91 46 50
is_linear=0
shrinkage=0.1


Tree=32
num_leaves=31
num_cat=0
split_feature=14 205 107 200 282 52 61 73 81 67 7 0 67 81 9 98 68 63 13 26 11 15 69 9 126 1 9 7 26 0
split_gain=4.11633 3.41729 3.20444 3.009 2.47409 2.83393 5.70708 5.51918 7.55195 5.88651 3.48325 5.18887 5.23886 3.4444 8.4662 3.19418 2.97218 3.3687 3.38037 3.24265 2.8256 2.82185 2.69305 4.57018 3.28648 3.0477 2.68207 2.6565 4.12621 2.65188
threshold=1.0000000180025095e-35 1.0000000180025095e-35 1.0000000180025095e-35 1.0000000180025095e-35 1.0000000180025095e-35 1.0000000180025095e-35 1.0000000180025095e-35 1.0000000180025095e-35 1.0000000180025095e-35 1.0000000180025095e-35 1.0000000180025095e-35 5.4524297714233407 1.0000000180025095e-35 1.0000000180025095e-35 1.0000000180025095e-35 1.0000000180025095e-35 1.0000000180025095e-35 1.0000000180025095e-35 1.0000000180025095e-35 1.0000000180025095e-35 1.0000000180025095e-35 1.0000000180025095e-35 1.0000000180025095e-35 1.0000000180025095e-35 1.0000000180025095e-35 0.78462240099906932 1.0000000180025095e-35 1.0000000180025095e-35 1.0000000180025095e-35 11.494866847991945
decision_type=2 2 2 2 2 2 2 2 2 2 2 2 2 2 2 2 2 2 2 2 2 2 2 2 2 2 2 2 2 2
left_child=1 2 4 -2 5 6 22 8 29 15 11 -10 -13 26 21 -9 -7 -18 19 -19 -12 -15 24 -24 25 -1 27 28 -11 -8
right_child=3 -3 -4 -5 -6 16 7 9 10 13 20 12 -14 14 -16 -17 17 18 -20 -21 -22 -23 23 -25 -26 -27 -28 -29 -30 -31
leaf_value=-0.013329905030694467 0.0055732859451021648 0.11537538219645477 -0.12789170980515938 0.093301585847169244 0.08797147789871422 -0.046115223046028303 0.082503141447822059 -0.020356612685834646 0.17137765579083297 -0.071138503327303024 0.0080647525167190127 0.093839493879207175 -0.09363035005064213 0.18558328720221315 -0.077833198808435297 -0.11281839644262277 -0.021395969633127412 0.025800083166962164 -0.016188669133425329 0.19644006270736203 -0.1323089742027784 0.065706044019608001 0.095237459482464579 -0.070889823314658443 -0.12614588044695377 -0.12189189258314331 0.077959754418925165 -0.089287998867062679 0.085080244910659297 0.1947570410745455
leaf_weight=152.58504790998995 390.66822604462504 2.2053713575005522 2.2712075375020495 3.9492127001285544 2.6262093149125567 37.762332009151578 13.035059433430431 14.3949874304235 2.2269359193742257 3.1757329329848272 2.9363531097769746 2.7613431867212057 3.23929812759161 3.9002282433211803 2.7798029743134975 5.0459138229489318 36.716627744957805 2.2948931045830232 4.2300201207399368 2.1634706258773804 2.8026329651474953 3.9546751007437706 5.3096304498612872 2.4065036792308092 2.7152098119258872 2.6305109038949004 3.161929378286005 4.1805265210568905 3.6158737577497959 2.5097021907567987
leaf_count=1319 1953 18 24 19 23 371 112 120 18 22 28 22 31 23 40 39 359 21 34 20 20 26 36 32 28 26 47 27 26 22
internal_value=-0.000439084 -0.00868766 -0.00952326 0.00645124 -0.00869648 -0.00948359 -0.00395837 0.0191873 0.0526766 -0.00316781 -0.000691583 0.0410174 -0.00736147 0.02916 0.0721508 -0.0443552 -0.025386 -0.00814592 0.0478481 0.108605 -0.0604867 0.125229 -0.0142593 0.0434258 -0.0170777 -0.0151698 -0.00318699 -0.0265717 0.0120329 0.100627
internal_weight=724.255 329.638 327.433 394.617 325.161 322.535 239.368 73.721 29.5113 44.2097 13.9666 8.22758 6.00064 24.7688 10.6347 19.4409 83.1673 45.405 8.68838 4.45836 5.73899 7.8549 165.647 7.71613 157.931 155.216 14.1341 10.9721 6.79161 15.5448
internal_count=4906 2934 2916 1972 2892 2869 2064 623 253 370 119 71 53 211 89 159 805 434 75 41 48 49 1441 68 1373 1345 122 75 48 134
is_linear=0
shrinkage=0.1


Tree=33
num_leaves=31
num_cat=0
split_feature=6 178 29 118 42 144 5 176 7 93 21 1 0 1 21 13 0 0 99 12 64 14 5 19 0 61 0 0 54 151
split_gain=4.1115 2.99067 3.91605 3.57841 3.28138 2.91252 3.15514 3.38427 3.25425 5.13463 3.05311 2.81168 3.02623 4.57936 4.48316 5.69497 4.88298 4.47593 6.57519 3.29923 3.23664 4.37615 2.9409 2.76229 2.69675 2.4954 5.68442 4.73152 2.4652 5.39647
threshold=1.0000000180025095e-35 1.0000000180025095e-35 1.0000000180025095e-35 1.0000000180025095e-35 1.0000000180025095e-35 1.0000000180025095e-35 1.0000000180025095e-35 1.0000000180025095e-35 1.0000000180025095e-35 1.0000000180025095e-35 1.0000000180025095e-35 0.97049206495285045 15.181382656097414 -0.019545212388038632 1.0000000180025095e-35 1.0000000180025095e-35 9.2908968925476092 10.444900512695314 1.0000000180025095e-35 1.0000000180025095e-35 1.0000000180025095e-35 1.0000000180025095e-35 1.0000000180025095e-35 1.0000000180025095e-35 15.868583202362062 1.0000000180025095e-35 14.054756641387941 7.6317591667175302 1.0000000180025095e-35 1.0000000180025095e-35
decision_type=2 2 2 2 2 2 2 2 2 2 2 2 2 2 2 2 2 2 2 2 2 2 2 2 2 2 2 2 2 2
left_child=5 2 -2 4 11 6 7 23 28 10 25 12 13 -4 15 16 -15 18 -18 -19 24 -22 -17 -1 -14 -10 27 -27 29 -8
right_child=1 -3 3 -5 -6 -7 8 -9 9 -11 -12 -13 20 14 -16 22 17 19 -20 -21 21 -23 -24 -25 -26 26 -28 -29 -30 -31
leaf_value=0.0096890435114027115 -0.12774337017838469 0.049626229620435142 -0.014278449798778729 0.10604474118253096 -0.037616315116161016 0.083885122244499163 -0.042969602680092873 0.076681313629968065 -0.019390697168555217 0.12771810901641306 0.062866361865996312 0.083999956924777283 -0.11709545908455138 0.18268979663088225 -0.053312366718621634 0.015346669874557115 -0.078108275412391931 0.14489504997217995 0.12386690755664841 0.024788260838030693 -0.078605140198915235 0.083780680916167583 -0.091944096861797109 -0.067898048728301852 -0.036595283900337471 -0.013652117854611271 -0.0740005197655587 0.10678550195820816 -0.0036239728577962937 0.087236711078232665
leaf_weight=295.90668595209718 2.9538080003112546 7.79865663871169 105.98281868547201 2.545493356883525 44.125463038682938 4.6144597679376593 45.692903030663729 7.4576003625988951 36.024746485054493 3.5599861554801455 7.7545503266155711 3.3202694281935683 5.7953293025493684 3.413152543827894 6.2488719187676898 12.29037845879793 4.6748725753277567 5.6579366605728847 2.4599444232881069 3.8387809060513973 2.7422591540962449 4.203416220843792 3.2252181954681864 4.6609832793474189 14.760870918631552 5.4743461050093201 4.287793666124343 8.0713294483721238 59.452085619792342 3.4214105773717156
leaf_count=1609 31 51 845 19 396 26 334 38 258 24 48 24 56 30 50 79 40 49 22 34 41 24 38 27 139 42 37 49 423 23
internal_value=-0.000438966 -0.0112683 -0.013349 -0.0118492 -0.0131965 0.00481648 0.00405914 0.010137 -0.00671633 0.0109478 0.00420077 -0.0071637 -0.00889044 -0.00322253 0.0248033 0.0385303 0.0737388 0.0513797 -0.00847121 0.0963453 -0.0393492 0.0196683 -0.0069558 0.00848588 -0.0592904 -0.00424595 0.0263474 0.0581119 -0.0173201 -0.0338991
internal_weight=722.416 236.038 228.239 225.285 222.74 486.379 481.764 308.025 173.739 65.1728 61.6128 178.614 175.294 147.792 41.8092 35.5603 20.0447 16.6315 7.13482 9.49672 27.5019 6.94568 15.5156 300.568 20.5562 53.8582 17.8335 13.5457 108.566 49.1143
internal_count=4906 1968 1917 1886 1867 2938 2912 1674 1238 458 434 1471 1447 1187 342 292 175 145 62 83 260 65 117 1636 195 386 128 91 780 357
is_linear=0
shrinkage=0.1


Tree=34
num_leaves=31
num_cat=0
split_feature=16 168 130 9 126 10 0 0 9 1 0 67 132 39 0 11 7 42 51 26 65 0 1 86 108 88 220 94 67 12
split_gain=3.76974 2.79619 2.94972 2.41964 3.91035 2.68501 3.88908 3.31306 2.40404 2.40337 4.15576 4.71316 3.41085 2.3082 2.83994 3.77421 4.94234 6.26796 3.45793 3.13989 2.34805 4.91972 2.45675 2.97019 2.27851 2.27381 2.16536 2.13806 5.63476 2.38172
threshold=1.0000000180025095e-35 1.0000000180025095e-35 1.0000000180025095e-35 1.0000000180025095e-35 1.0000000180025095e-35 1.0000000180025095e-35 2.5407255887985234 2.8952771425247197 1.0000000180025095e-35 -0.17484219372272489 6.8391511440277108 1.0000000180025095e-35 1.0000000180025095e-35 1.0000000180025095e-35 7.9493498802185067 1.0000000180025095e-35 1.0000000180025095e-35 1.0000000180025095e-35 1.0000000180025095e-35 1.0000000180025095e-35 1.0000000180025095e-35 13.726214885711672 0.15917559713125232 1.0000000180025095e-35 1.0000000180025095e-35 1.0000000180025095e-35 1.0000000180025095e-35 1.0000000180025095e-35 1.0000000180025095e-35 1.0000000180025095e-35
decision_type=2 2 2 2 2 2 2 2 2 2 2 2 2 2 2 2 2 2 2 2 2 2 2 2 2 2 2 2 2 2
left_child=3 8 -3 26 5 6 -5 -7 25 10 11 12 -9 20 19 16 17 -16 -17 -15 21 22 24 -24 -8 -2 -1 29 -29 -10
right_child=1 2 -4 4 -6 7 13 9 27 -11 -12 -13 -14 14 15 18 -18 -19 -20 -21 -22 -23 23 -25 -26 -27 -28 28 -30 -31
leaf_value=0.011122916733655406 -0.00069702821215640424 -0.092339371117929128 0.038911455094323991 0.097485874652127533 0.087675118075894787 -0.11594429769569113 -0.0077984578067113956 0.1345407707206899 -0.019280814785147524 -0.032718369978454995 0.1298385590368592 -0.049316298838342848 -0.019395609242334438 0.036343582133902264 0.22491123980145972 0.047232330513489407 0.0031220784454405047 0.027850269171723108 -0.089155191220406133 -0.070340622549566342 0.080452727146062331 -0.072608962542812114 0.068987638105911395 -0.033151676250489932 -0.098862902142783649 -0.069932993990124134 -0.061146858569256272 0.11879774307519519 -0.081977475598248348 -0.06726432832471077
leaf_weight=300.58993846923113 176.53562118113041 7.589284520596264 2.2111718989908695 4.1293516084551802 4.4438062012195578 3.6988166645169249 37.475889498367906 3.1422485224902639 38.325495997443795 37.531012181192636 2.5523804351687422 9.9897099398076534 2.6560864932835102 5.3493959065526742 3.666185714304449 4.5258810818195334 4.6243832912296057 2.8836319223046303 3.1546918880194426 5.6965737398713827 2.6558826975524417 12.250461261719463 8.7070094980299455 4.2303241398185483 2.9649792388081542 4.8743814639747134 4.203860316425561 3.2428747080266467 2.4568552561104298 14.168721228837965
leaf_count=1623 1180 77 18 24 31 28 265 24 454 300 18 87 20 35 23 29 36 23 28 40 22 109 59 35 29 36 22 30 23 178
internal_value=-0.000430712 -0.0103721 -0.0627267 0.00483207 -0.00486919 -0.00740957 0.00241731 -0.0242877 -0.00823061 -0.0182198 0.0114494 -0.00769008 0.064026 -0.00158096 0.0215894 0.0451782 0.0822711 0.138153 -0.00878701 -0.0186751 -0.0117269 -0.0154573 -0.00234079 0.0355895 -0.014475 -0.00255736 0.0101261 -0.025916 0.0322541 -0.0322321
internal_weight=720.527 249.404 9.80046 471.123 166.329 161.885 102.315 59.5703 239.604 55.8714 18.3404 15.788 5.79834 98.1853 29.9007 18.8548 11.1742 6.54982 7.68057 11.046 68.2845 65.6287 53.3782 12.9373 40.4409 181.41 304.794 58.1939 5.69973 52.4942
internal_count=4906 1996 95 2910 1265 1234 757 477 1901 449 149 131 44 733 214 139 82 46 57 75 519 497 388 94 294 1216 1645 685 53 632
is_linear=0
shrinkage=0.1


Tree=35
num_leaves=31
num_cat=0
split_feature=5 146 0 0 7 0 54 99 61 39 73 9 11 126 81 100 24 93 61 0 0 80 0 13 26 16 10 8 14 105
split_gain=3.75836 3.1195 2.99636 3.4897 2.97336 4.24261 4.62166 4.05759 5.58175 4.48067 5.09169 4.16099 3.53969 3.37038 3.09271 2.76352 4.11656 3.79503 3.678 3.80654 3.4956 8.75866 4.65384 2.65076 4.70227 4.03176 2.68889 2.61497 2.5801 3.23156
threshold=1.0000000180025095e-35 1.0000000180025095e-35 2.088980078697205 2.3121149539947514 1.0000000180025095e-35 2.6652977466583256 1.0000000180025095e-35 1.0000000180025095e-35 1.0000000180025095e-35 1.0000000180025095e-35 1.0000000180025095e-35 1.0000000180025095e-35 1.0000000180025095e-35 1.0000000180025095e-35 1.0000000180025095e-35 1.0000000180025095e-35 1.0000000180025095e-35 1.0000000180025095e-35 1.0000000180025095e-35 14.054756641387941 7.7577002048492441 1.0000000180025095e-35 6.9089665412902841 1.0000000180025095e-35 1.0000000180025095e-35 1.0000000180025095e-35 1.0000000180025095e-35 1.0000000180025095e-35 1.0000000180025095e-35 1.0000000180025095e-35
decision_type=2 2 2 2 2 2 2 2 2 2 2 2 2 2 2 2 2 2 2 2 2 2 2 2 2 2 2 2 2 2
left_child=28 2 -2 -4 5 -5 -7 8 11 -9 -11 12 14 15 -8 16 -6 18 20 27 22 -22 -18 24 -10 26 -25 -20 -1 -30
right_child=1 -3 3 4 13 6 7 9 23 10 -12 -13 -14 -15 -16 -17 17 -19 19 -21 21 -23 -24 25 -26 -27 -28 -29 29 -31
leaf_value=-0.0028232712988996464 0.11267693496363514 0.081116171396178272 -0.10113040224599999 0.097483303794966614 0.10213090337141613 -0.044039379398310499 0.063714771297836911 -0.064434645287169537 -0.085954791871022604 -0.057061385441859881 0.14484678570577955 -0.022096718478254007 0.01207168840244271 0.11329163118424933 0.17354864703249337 -0.10078221838470849 -0.016880520908466395 0.098392060497181091 0.017731695108386174 -0.048695500424498876 -0.078025345088980638 0.12193607652834904 0.10484001950286806 0.016829226272801031 0.018972632289687978 0.10672061669612942 -0.095350970874329213 0.095013410333411111 0.01424801613497486 -0.042080699552582632
leaf_weight=236.0697628185153 1.9062021821737278 3.6396334394812575 4.4283962640911332 2.9981564022600642 3.9956818539649239 59.014206286519766 7.5730597823858314 18.771001918241385 11.28023534268141 2.5427121352404347 2.4547379985451698 7.4749516081064931 7.3772179782390586 2.7074779849499455 3.8757500536739826 2.6390158701688042 20.826873462647203 3.5769699700176707 12.43292784877122 5.6098216045647851 18.385102340951565 2.4868010170757762 3.6990016289055339 6.5062807593494671 6.8734772801399222 3.3882471527904263 3.1815056316554546 6.7584322504699221 235.39649723470211 10.645402230322359
leaf_count=1731 13 26 32 26 30 526 49 174 90 21 23 96 46 18 24 18 165 26 91 62 174 18 25 45 57 33 21 48 1145 53
internal_value=-0.000419332 -0.0107476 -0.012184 -0.013215 -0.0114956 -0.0202226 -0.0227377 -0.00727501 0.00708456 -0.0420319 0.0421155 0.0410262 0.0660895 0.00355138 0.100897 -0.000143645 0.00327131 -0.00208289 -0.00720257 0.023766 -0.024121 -0.0542008 0.00147742 -0.0215004 -0.0462265 0.0128274 -0.0200112 0.0449472 0.00464514 0.0118109
internal_weight=718.516 236.404 232.764 230.858 226.43 143.312 140.313 81.2992 57.5307 23.7685 4.99745 26.301 18.826 83.1181 11.4488 80.4106 77.7716 73.7759 70.199 24.8012 45.3978 20.8719 24.5259 31.2297 18.1537 13.076 9.68779 19.1914 482.112 246.042
internal_count=4906 1977 1951 1938 1906 1231 1205 679 461 218 44 215 119 675 73 657 639 609 583 201 382 192 190 246 147 99 66 139 2929 1198
is_linear=0
shrinkage=0.1


end of trees

feature_importances:
Column_0=147
Column_6=89
Column_16=89
Column_9=77
Column_5=76
Column_14=32
Column_67=24
Column_7=22
Column_11=21
Column_1=19
Column_10=19
Column_26=18
Column_13=17
Column_12=15
Column_99=15
Column_24=12
Column_21=11
Column_42=10
Column_81=10
Column_139=10
Column_151=10
Column_168=10
Column_15=9
Column_55=9
Column_61=9
Column_100=9
Column_65=8
Column_73=8
Column_78=8
Column_82=8
Column_83=8
Column_105=8
Column_8=7
Column_34=7
Column_54=7
Column_68=7
Column_93=7
Column_102=7
Column_133=7
Column_140=7
Column_62=6
Column_126=6
Column_135=6
Column_178=6
Column_41=5
Column_50=5
Column_85=5
Column_86=5
Column_22=4
Column_40=4
Column_49=4
Column_69=4
Column_79=4
Column_88=4
Column_104=4
Column_113=4
Column_176=4
Column_23=3
Column_28=3
Column_39=3
Column_45=3
Column_63=3
Column_64=3
Column_80=3
Column_87=3
Column_94=3
Column_127=3
Column_134=3
Column_205=3
Column_228=3
Column_17=2
Column_19=2
Column_30=2
Column_35=2
Column_51=2
Column_59=2
Column_60=2
Column_70=2
Column_71=2
Column_74=2
Column_98=2
Column_108=2
Column_114=2
Column_118=2
Column_128=2
Column_130=2
Column_132=2
Column_141=2
Column_174=2
Column_194=2
Column_220=2
Column_277=2
Column_25=1
Column_29=1
Column_33=1
Column_36=1
Column_38=1
Column_47=1
Column_52=1
Column_56=1
Column_57=1
Column_92=1
Column_95=1
Column_101=1
Column_107=1
Column_137=1
Column_138=1
Column_144=1
Column_146=1
Column_177=1
Column_184=1
Column_196=1
Column_200=1
Column_223=1
Column_238=1
Column_282=1

parameters:
[boosting: gbdt]
[objective: binary]
[metric: binary_logloss]
[tree_learner: serial]
[device_type: cpu]
[data_sample_strategy: bagging]
[data: ]
[valid: ]
[num_iterations: 300]
[learning_rate: 0.1]
[num_leaves: 31]
[num_threads: 0]
[seed: 0]
[deterministic: 0]
[force_col_wise: 0]
[force_row_wise: 0]
[histogram_pool_size: -1]
[max_depth: -1]
[min_data_in_leaf: 20]
[min_sum_hessian_in_leaf: 0.001]
[bagging_fraction: 1]
[pos_bagging_fraction: 1]
[neg_bagging_fraction: 1]
[bagging_freq: 0]
[bagging_seed: 7719]
[bagging_by_query: 0]
[feature_fraction: 1]
[feature_fraction_bynode: 1]
[feature_fraction_seed: 2437]
[extra_trees: 0]
[extra_seed: 11797]
[early_stopping_round: 0]
[early_stopping_min_delta: 0]
[first_metric_only: 0]
[max_delta_step: 0]
[lambda_l1: 0]
[lambda_l2: 0]
[linear_lambda: 0]
[min_gain_to_split: 0]
[drop_rate: 0.1]
[max_drop: 50]
[skip_drop: 0.5]
[xgboost_dart_mode: 0]
[uniform_drop: 0]
[drop_seed: 21238]
[top_rate: 0.2]
[other_rate: 0.1]
[min_data_per_group: 100]
[max_cat_threshold: 32]
[cat_l2: 10]
[cat_smooth: 10]
[max_cat_to_onehot: 4]
[top_k: 20]
[monotone_constraints: ]
[monotone_constraints_method: basic]
[monotone_penalty: 0]
[feature_contri: ]
[forcedsplits_filename: ]
[refit_decay_rate: 0.9]
[cegb_tradeoff: 1]
[cegb_penalty_split: 0]
[cegb_penalty_feature_lazy: ]
[cegb_penalty_feature_coupled: ]
[path_smooth: 0]
[interaction_constraints: ]
[verbosity: -1]
[saved_feature_importance_type: 0]
[use_quantized_grad: 0]
[num_grad_quant_bins: 4]
[quant_train_renew_leaf: 0]
[stochastic_rounding: 1]
[linear_tree: 0]
[max_bin: 255]
[max_bin_by_feature: ]
[min_data_in_bin: 3]
[bin_construct_sample_cnt: 200000]
[data_random_seed: 38]
[is_enable_sparse: 1]
[enable_bundle: 1]
[use_missing: 1]
[zero_as_missing: 0]
[feature_pre_filter: 1]
[pre_partition: 0]
[two_round: 0]
[header: 0]
[label_column: ]
[weight_column: ]
[group_column: ]
[ignore_column: ]
[categorical_feature: ]
[forcedbins_filename: ]
[precise_float_parser: 0]
[parser_config_file: ]
[objective_seed: 8855]
[num_class: 1]
[is_unbalance: 0]
[scale_pos_weight: 1]
[sigmoid: 1]
[boost_from_average: 1]
[reg_sqrt: 0]
[alpha: 0.9]
[fair_c: 1]
[poisson_max_delta_step: 0.7]
[tweedie_variance_power: 1.5]
[lambdarank_truncation_level: 30]
[lambdarank_norm: 1]
[label_gain: ]
[lambdarank_position_bias_regularization: 0]
[eval_at: ]
[multi_error_top_k: 1]
[auc_mu_weights: ]
[num_machines: 1]
[local_listen_port: 12400]
[time_out: 120]
[machine_list_filename: ]
[machines: ]
[gpu_platform_id: -1]
[gpu_device_id: -1]
[gpu_device_id_list: ]
[gpu_use_dp: 0]
[num_gpu: 1]

end of parameters

pandas_categorical:null
