tree
version=v4
num_class=1
num_tree_per_iteration=1
label_index=0
max_feature_idx=567
objective=binary sigmoid:1
feature_names=Column_0 Column_1 Column_2 Column_3 Column_4 Column_5 Column_6 Column_7 Column_8 Column_9 Column_10 Column_11 Column_12 Column_13 Column_14 Column_15 Column_16 Column_17 Column_18 Column_19 Column_20 Column_21 Column_22 Column_23 Column_24 Column_25 Column_26 Column_27 Column_28 Column_29 Column_30 Column_31 Column_32 Column_33 Column_34 Column_35 Column_36 Column_37 Column_38 Column_39 Column_40 Column_41 Column_42 Column_43 Column_44 Column_45 Column_46 Column_47 Column_48 Column_49 Column_50 Column_51 Column_52 Column_53 Column_54 Column_55 Column_56 Column_57 Column_58 Column_59 Column_60 Column_61 Column_62 Column_63 Column_64 Column_65 Column_66 Column_67 Column_68 Column_69 Column_70 Column_71 Column_72 Column_73 Column_74 Column_75 Column_76 Column_77 Column_78 Column_79 Column_80 Column_81 Column_82 Column_83 Column_84 Column_85 Column_86 Column_87 Column_88 Column_89 Column_90 Column_91 Column_92 Column_93 Column_94 Column_95 Column_96 Column_97 Column_98 Column_99 Column_100 Column_101 Column_102 Column_103 Column_104 Column_105 Column_106 Column_107 Column_108 Column_109 Column_110 Column_111 Column_112 Column_113 Column_114 Column_115 Column_116 Column_117 Column_118 Column_119 Column_120 Column_121 Column_122 Column_123 Column_124 Column_125 Column_126 Column_127 Column_128 Column_129 Column_130 Column_131 Column_132 Column_133 Column_134 Column_135 Column_136 Column_137 Column_138 Column_139 Column_140 Column_141 Column_142 Column_143 Column_144 Column_145 Column_146 Column_147 Column_148 Column_149 Column_150 Column_151 Column_152 Column_153 Column_154 Column_155 Column_156 Column_157 Column_158 Column_159 Column_160 Column_161 Column_162 Column_163 Column_164 Column_165 Column_166 Column_167 Column_168 Column_169 Column_170 Column_171 Column_172 Column_173 Column_174 Column_175 Column_176 Column_177 Column_178 Column_179 Column_180 Column_181 Column_182 Column_183 Column_184 Column_185 Column_186 Column_187 Column_188 Column_189 Column_190 Column_191 Column_192 Column_193 Column_194 Column_195 Column_196 Column_197 Column_198 Column_199 Column_200 Column_201 Column_202 Column_203 Column_204 Column_205 Column_206 Column_207 Column_208 Column_209 Column_210 Column_211 Column_212 Column_213 Column_214 Column_215 Column_216 Column_217 Column_218 Column_219 Column_220 Column_221 Column_222 Column_223 Column_224 Column_225 Column_226 Column_227 Column_228 Column_229 Column_230 Column_231 Column_232 Column_233 Column_234 Column_235 Column_236 Column_237 Column_238 Column_239 Column_240 Column_241 Column_242 Column_243 Column_244 Column_245 Column_246 Column_247 Column_248 Column_249 Column_250 Column_251 Column_252 Column_253 Column_254 Column_255 Column_256 Column_257 Column_258 Column_259 Column_260 Column_261 Column_262 Column_263 Column_264 Column_265 Column_266 Column_267 Column_268 Column_269 Column_270 Column_271 Column_272 Column_273 Column_274 Column_275 Column_276 Column_277 Column_278 Column_279 Column_280 Column_281 Column_282 Column_283 Column_284 Column_285 Column_286 Column_287 Column_288 Column_289 Column_290 Column_291 Column_292 Column_293 Column_294 Column_295 Column_296 Column_297 Column_298 Column_299 Column_300 Column_301 Column_302 Column_303 Column_304 Column_305 Column_306 Column_307 Column_308 Column_309 Column_310 Column_311 Column_312 Column_313 Column_314 Column_315 Column_316 Column_317 Column_318 Column_319 Column_320 Column_321 Column_322 Column_323 Column_324 Column_325 Column_326 Column_327 Column_328 Column_329 Column_330 Column_331 Column_332 Column_333 Column_334 Column_335 Column_336 Column_337 Column_338 Column_339 Column_340 Column_341 Column_342 Column_343 Column_344 Column_345 Column_346 Column_347 Column_348 Column_349 Column_350 Column_351 Column_352 Column_353 Column_354 Column_355 Column_356 Column_357 Column_358 Column_359 Column_360 Column_361 Column_362 Column_363 Column_364 Column_365 Column_366 Column_367 Column_368 Column_369 Column_370 Column_371 Column_372 Column_373 Column_374 Column_375 Column_376 Column_377 Column_378 Column_379 Column_380 Column_381 Column_382 Column_383 Column_384 Column_385 Column_386 Column_387 Column_388 Column_389 Column_390 Column_391 Column_392 Column_393 Column_394 Column_395 Column_396 Column_397 Column_398 Column_399 Column_400 Column_401 Column_402 Column_403 Column_404 Column_405 Column_406 Column_407 Column_408 Column_409 Column_410 Column_411 Column_412 Column_413 Column_414 Column_415 Column_416 Column_417 Column_418 Column_419 Column_420 Column_421 Column_422 Column_423 Column_424 Column_425 Column_426 Column_427 Column_428 Column_429 Column_430 Column_431 Column_432 Column_433 Column_434 Column_435 Column_436 Column_437 Column_438 Column_439 Column_440 Column_441 Column_442 Column_443 Column_444 Column_445 Column_446 Column_447 Column_448 Column_449 Column_450 Column_451 Column_452 Column_453 Column_454 Column_455 Column_456 Column_457 Column_458 Column_459 Column_460 Column_461 Column_462 Column_463 Column_464 Column_465 Column_466 Column_467 Column_468 Column_469 Column_470 Column_471 Column_472 Column_473 Column_474 Column_475 Column_476 Column_477 Column_478 Column_479 Column_480 Column_481 Column_482 Column_483 Column_484 Column_485 Column_486 Column_487 Column_488 Column_489 Column_490 Column_491 Column_492 Column_493 Column_494 Column_495 Column_496 Column_497 Column_498 Column_499 Column_500 Column_501 Column_502 Column_503 Column_504 Column_505 Column_506 Column_507 Column_508 Column_509 Column_510 Column_511 Column_512 Column_513 Column_514 Column_515 Column_516 Column_517 Column_518 Column_519 Column_520 Column_521 Column_522 Column_523 Column_524 Column_525 Column_526 Column_527 Column_528 Column_529 Column_530 Column_531 Column_532 Column_533 Column_534 Column_535 Column_536 Column_537 Column_538 Column_539 Column_540 Column_541 Column_542 Column_543 Column_544 Column_545 Column_546 Column_547 Column_548 Column_549 Column_550 Column_551 Column_552 Column_553 Column_554 Column_555 Column_556 Column_557 Column_558 Column_559 Column_560 Column_561 Column_562 Column_563 Column_564 Column_565 Column_566 Column_567
feature_infos=[2.0013689994812012:17.993154525756836] [-0.7776256799697876:0.99923950433731079] none none none [0:1] [0:1] [0:1] [0:1] [0:1] [0:1] [0:1] [0:1] [0:1] [0:1] [0:1] [0:1] [0:1] [0:1] [0:1] [0:1] [0:1] [0:1] [0:1] [0:1] [0:1] [0:1] [0:1] [0:1] [0:1] [0:1] [0:1] [0:1] [0:1] [0:1] [0:1] [0:1] [0:1] [0:1] [0:1] [0:1] [0:1] [0:1] [0:1] [0:1] [0:1] [0:1] [0:1] [0:1] [0:1] [0:1] [0:1] [0:1] [0:1] [0:1] [0:1] [0:1] [0:1] [0:1] [0:1] [0:1] [0:1] [0:1] [0:1] [0:1] [0:1] [0:1] [0:1] [0:1] [0:1] [0:1] [0:1] [0:1] [0:1] [0:1] [0:1] [0:1] [0:1] [0:1] [0:1] [0:1] [0:1] [0:1] [0:1] [0:1] [0:1] [0:1] [0:1] [0:1] [0:1] [0:1] [0:1] [0:1] [0:1] [0:1] [0:1] [0:1] [0:1] [0:1] [0:1] [0:1] [0:1] [0:1] [0:1] [0:1] [0:1] [0:1] [0:1] [0:1] none none none none [0:1] [0:1] none [0:1] none [0:1] none none [0:1] none none none none [0:1] [0:1] [0:1] [0:1] [0:1] none [0:1] [0:1] [0:1] [0:1] none [0:1] [0:1] [0:1] [0:1] [0:1] [0:1] [0:1] [0:1] [0:1] [0:1] [0:1] [0:1] [0:1] [0:1] [0:1] [0:1] [0:1] [0:1] [0:1] [0:1] none none none none none none none none none none [0:1] [0:1] none none none none none [0:1] [0:1] [0:1] [0:1] [0:1] [0:1] [0:1] [0:1] [0:1] [0:1] [0:1] [0:1] [0:1] [0:1] [0:1] [0:1] [0:1] [0:1] [0:1] [0:1] [0:1] [0:1] [0:1] [0:1] [0:1] [0:1] [0:1] [0:1] none none [0:1] [0:1] [0:1] none [0:1] [0:1] [0:1] [0:1] [0:1] none [0:1] none none [0:1] none [0:1] [0:1] [0:1] [0:1] [0:1] [0:1] [0:1] [0:1] [0:1] [0:1] [0:1] [0:1] [0:1] [0:1] [0:1] [0:1] [0:1] [0:1] [0:1] [0:1] [0:1] [0:1] [0:1] [0:1] [0:1] none none none none none none none none none none none none none none none none none [0:1] [0:1] [0:1] [0:1] [0:1] [0:1] [0:1] [0:1] [0:1] [0:1] none [0:1] [0:1] [0:1] [0:1] none [0:1] [0:1] none none none [0:1] [0:1] none none none none none [0:1] [0:1] [0:1] [0:1] [0:1] [0:1] [0:1] none none none [0:1] none [0:1] [0:1] [0:1] none [0:1] [0:1] [0:1] [0:1] none none [0:1] [0:1] none none none none [0:1] [0:1] none none none [0:1] none none [0:1] [0:1] none none [0:1] [0:1] none none none none none none none none none none none none none none none none none none none none none none none none none none none none none none none none none none none none none none none none none none none none none none none none none none none none none none none none none none none none none none none none none none none none none none none none none none none none none none none none none none none none none none none none none none none none none none none none none none none none none none none none none none none none none none none none none none none none none none none none none none none none none none none none none none none none none none none none none none none none none none none none none none none none none none none none none none none none none none none none none none none none none none none none none none none none none none none none none none none none none none none none none none none none none none none none none none none none none none none none none none none none none none none none none none none none none none none none none none none none none none none none none none none none none none none none none none none none none
tree_sizes=3423 3461 3460 3460 3474 3455 3478 3471 3483 3473 3490 3488 3480 3490 3475 3499 3471 3472 3487 3480 3484 3493 3493 3496 3508

Tree=0
num_leaves=31
num_cat=0
split_feature=7 15 8 15 8 14 8 14 11 14 11 11 61 0 64 13 16 11 81 61 73 14 0 81 95 83 0 26 21 10
split_gain=559.767 414.526 390.163 126.642 174.894 40.3247 33.7372 18.4038 16.0947 11.4854 10.9078 10.4382 8.20909 10.2547 7.73537 10.5143 9.25094 7.72754 8.37213 6.52868 5.8747 6.08196 4.9405 4.58551 4.57585 4.52688 4.3738 4.3696 4.34318 4.32411
threshold=1.0000000180025095e-35 1.0000000180025095e-35 1.0000000180025095e-35 1.0000000180025095e-35 1.0000000180025095e-35 1.0000000180025095e-35 1.0000000180025095e-35 1.0000000180025095e-35 1.0000000180025095e-35 1.0000000180025095e-35 1.0000000180025095e-35 1.0000000180025095e-35 1.0000000180025095e-35 9.8631072044372576 1.0000000180025095e-35 1.0000000180025095e-35 1.0000000180025095e-35 1.0000000180025095e-35 1.0000000180025095e-35 1.0000000180025095e-35 1.0000000180025095e-35 1.0000000180025095e-35 2.6652977466583256 1.0000000180025095e-35 1.0000000180025095e-35 1.0000000180025095e-35 9.1197810173034686 1.0000000180025095e-35 1.0000000180025095e-35 1.0000000180025095e-35
decision_type=2 2 2 2 2 2 2 2 2 2 2 2 2 2 2 2 2 2 2 2 2 2 2 2 2 2 2 2 2 2
left_child=3 2 11 4 5 10 9 17 -7 23 12 22 -1 -14 15 16 27 -4 19 -19 -13 -22 -2 24 28 -11 -23 -12 -3 -17
right_child=1 6 7 -5 -6 8 -8 -9 -10 25 14 20 13 -15 -16 29 -18 18 -20 -21 21 26 -24 -25 -26 -27 -28 -29 -30 -31
leaf_value=-0.97923670773192195 -0.90627670321545262 -1.0476935843712953 -1.0287944466487691 -1.1773870161431395 -1.1620818850740036 -1.1082672912703235 -1.1705958360065947 -1.0904271676367261 -1.0220388906750217 -1.1268309647012404 -0.89219298681387005 -0.71624918278826821 -0.96979713841442727 -1.1312137737435863 -1.0632095431188018 -1.0261970808774459 -0.94529552406573891 -0.94986915874416078 -1.027037080020512 -0.79542731629959507 -0.72652738658856708 -0.76598825542306503 -0.78976595843872377 -1.0719280342245432 -0.93243217653267751 -1.010898596484352 -0.90337053951353885 -0.76984409915533392 -0.93243217653267751 -0.93243217653267751
leaf_weight=36.321270763874054 3.8232916593551627 22.557420790195469 36.321270763874054 234.9412724673748 150.44652679562569 45.497170746326447 47.026487410068512 37.659422844648361 41.291549921035767 28.29235827922821 4.9702791571617126 37.468258261680603 6.6907604038715389 9.5582291483879072 4.5879499912261954 10.131722897291183 11.661039561033249 8.6024062335491163 8.9847353994846344 4.0144562423229226 8.9847353994846344 4.2056208252906799 75.701174855232239 22.939749956130981 5.7349374890327445 3.8232916593551627 5.1614437401294708 7.0730895698070526 3.8232916593551627 9.5582291483879089
leaf_count=190 20 118 190 1229 787 238 246 197 216 148 26 196 35 50 24 53 61 45 47 21 47 22 396 120 30 20 27 37 20 50
internal_value=-1.05932 -0.962559 -0.881334 -1.121 -1.08179 -1.0173 -1.10233 -1.03601 -1.06724 -1.0655 -0.974201 -0.772101 -1.00567 -1.06475 -0.939727 -0.926671 -0.881809 -1.00063 -0.953264 -0.900729 -0.738953 -0.785308 -0.795367 -1.03778 -1.01339 -1.11303 -0.841689 -0.820337 -1.03099 -0.98068
internal_weight=937.853 365.124 230.927 572.729 337.788 187.341 134.198 95.5823 86.7887 87.171 100.553 135.345 52.5703 16.249 47.9823 43.3944 23.7044 57.9229 21.6016 12.6169 55.8201 18.3518 79.5245 55.0554 32.1156 32.1156 9.36706 12.0434 26.3807 19.69
internal_count=4906 1910 1208 2996 1767 980 702 500 454 456 526 708 275 85 251 227 124 303 113 66 292 96 416 288 168 168 49 63 138 103
is_linear=0
shrinkage=1


Tree=1
num_leaves=31
num_cat=0
split_feature=7 15 8 15 8 14 8 14 11 14 11 140 61 0 81 11 9 11 13 54 0 0 133 47 11 81 0 9 61 83
split_gain=444.296 300.297 252.041 113.86 148.008 30.7066 29.7629 14.5081 13.1782 9.49506 7.7618 6.65496 6.25901 8.30311 6.0234 6.62749 6.05727 5.79314 5.42517 6.90533 4.42892 6.31247 6.16646 4.15893 5.70227 4.15013 5.27032 4.1196 4.11919 3.92885
threshold=1.0000000180025095e-35 1.0000000180025095e-35 1.0000000180025095e-35 1.0000000180025095e-35 1.0000000180025095e-35 1.0000000180025095e-35 1.0000000180025095e-35 1.0000000180025095e-35 1.0000000180025095e-35 1.0000000180025095e-35 1.0000000180025095e-35 1.0000000180025095e-35 1.0000000180025095e-35 10.310746192932131 1.0000000180025095e-35 1.0000000180025095e-35 1.0000000180025095e-35 1.0000000180025095e-35 1.0000000180025095e-35 1.0000000180025095e-35 14.680356025695803 9.2908968925476092 1.0000000180025095e-35 1.0000000180025095e-35 1.0000000180025095e-35 1.0000000180025095e-35 9.6605067253112811 1.0000000180025095e-35 1.0000000180025095e-35 1.0000000180025095e-35
decision_type=2 2 2 2 2 2 2 2 2 2 2 2 2 2 2 2 2 2 2 2 2 2 2 2 2 2 2 2 2 2
left_child=3 2 17 4 5 10 9 14 20 29 12 18 -1 -14 15 -4 -16 -2 19 -12 21 22 -7 -9 -25 26 -21 -20 -17 -3
right_child=1 6 7 -5 -6 8 -8 23 -10 -11 11 -13 13 -15 16 28 -18 -19 27 25 -22 -23 -24 24 -26 -27 -28 -29 -30 -31
leaf_value=0.069264245748609551 0.21047299469569725 0.03175941113383271 0.043565067877913727 -0.11318381358589352 -0.097680892268198413 -0.099517819840224814 -0.10627224717530247 -0.048768956635389077 0.032925428466301775 -0.049756236650196885 0.089188467932946006 -0.019201183363303231 0.07002324776836738 -0.073328739086138073 -0.027275181830584673 0.093355110159980256 0.077096801561438388 0.24993487166857889 0.10726870220853653 0.2278547537320991 -0.10971201834636601 0.022122729251850826 0.01585461722134129 -0.042027679346484666 0.10984185052053178 0.26533970823889985 0.071249063287225467 0.013493839332192609 0.21042502763443494 -0.036765265768897867
leaf_weight=37.713220566511154 89.135456323623657 45.357127159833908 22.307880893349648 221.28337359428406 142.84636576473713 14.927501678466799 44.451713472604752 27.110384702682495 42.033851265907288 31.269543349742889 12.576027274131775 4.1935288459062567 7.7146069705486324 8.4838637709617597 14.74743914604187 9.0503874421119672 8.9258947968482971 63.849302113056183 13.073254182934763 4.3339767754077894 8.5833134651184064 14.181126594543455 6.7173757553100577 5.4597302526235563 4.5183974504470825 4.924039915204049 4.2623309791088104 7.3009383529424658 4.4998949021100989 10.259618461132048
leaf_count=190 416 234 115 1229 787 80 246 144 216 168 61 21 39 46 76 45 46 292 66 21 46 76 36 29 24 24 21 37 21 54
internal_value=-0.000486684 0.0826804 0.147085 -0.0575559 -0.0206862 0.0368914 -0.0397183 0.0206402 -0.00720746 -0.00566875 0.0733439 0.101447 0.0469336 -0.0050566 0.0512259 0.0770713 0.0120777 0.226943 0.112335 0.142525 -0.0451936 -0.0297361 -0.0637126 -0.0284534 0.0267434 0.192136 0.150205 0.0736652 0.132233 0.0191187
internal_weight=936.091 380.943 249.605 555.149 333.865 191.019 131.338 96.62 86.4432 86.8863 104.576 50.6641 53.9117 16.1985 59.5315 35.8582 23.6733 152.985 46.4706 26.0964 44.4093 35.826 21.6449 37.0885 9.97813 13.5203 8.59631 20.3742 13.5503 55.6167
internal_count=4906 1910 1208 2996 1767 980 702 500 454 456 526 251 275 85 303 181 122 708 230 127 238 192 116 197 53 66 42 103 66 288
is_linear=0
shrinkage=0.1


Tree=2
num_leaves=31
num_cat=0
split_feature=7 15 8 15 8 8 14 14 11 14 11 64 16 13 67 61 0 81 11 9 11 0 0 31 0 83 0 0 54 82
split_gain=358.945 227.211 178.762 102.512 125.621 26.3205 23.7477 11.5338 10.8288 7.848 5.71356 5.00222 6.55843 4.99092 4.99761 4.82364 6.83933 4.59117 4.86145 4.7584 4.09557 3.97014 5.73014 4.85245 3.93956 3.90851 3.66329 3.64909 6.96957 3.63867
threshold=1.0000000180025095e-35 1.0000000180025095e-35 1.0000000180025095e-35 1.0000000180025095e-35 1.0000000180025095e-35 1.0000000180025095e-35 1.0000000180025095e-35 1.0000000180025095e-35 1.0000000180025095e-35 1.0000000180025095e-35 1.0000000180025095e-35 1.0000000180025095e-35 1.0000000180025095e-35 1.0000000180025095e-35 1.0000000180025095e-35 1.0000000180025095e-35 9.8631072044372576 1.0000000180025095e-35 1.0000000180025095e-35 1.0000000180025095e-35 1.0000000180025095e-35 14.680356025695803 13.289527893066408 1.0000000180025095e-35 5.7987680435180673 1.0000000180025095e-35 7.5277206897735605 8.1492128372192401 1.0000000180025095e-35 1.0000000180025095e-35
decision_type=2 2 2 2 2 2 2 2 2 2 2 2 2 2 2 2 2 2 2 2 2 2 2 2 2 2 2 2 2 2
left_child=3 2 20 4 6 9 10 17 21 29 15 12 13 -12 -15 27 -17 18 -4 -19 -2 22 23 -8 -9 -11 -26 -1 -29 -3
right_child=1 5 7 -5 -6 -7 8 24 -10 25 11 -13 -14 14 -16 16 -18 19 -20 -21 -22 -23 -24 -25 26 -27 -28 28 -30 -31
leaf_value=0.028069211231998476 0.17592221056226384 0.0273148951100134 0.038378721353117165 -0.10875717455631516 -0.092946628526347691 -0.10166844969898026 -0.059224799015973363 -0.076641536247703534 0.029158292119747978 -0.059562176776855207 0.17215538562477248 -0.010666728522215108 0.058228888362354597 0.15060474888139111 0.017103592199091602 0.06786421517342045 -0.063167619369109737 -0.024887927471464663 0.11287321415590755 0.066845511900471291 0.20792375457960977 -0.10490370691203099 0.083080748665340112 0.048506543257687502 0.080925661115958614 0.048584279850246256 -0.021382432732018421 0.14896461760843641 0.032221385376700627 -0.046027620685191256
leaf_weight=18.416999280452728 95.578268885612488 48.240935057401657 22.764254063367844 207.95352493226528 135.49560739099979 41.948724657297134 26.154452249407772 10.836958110332487 42.681369781494141 26.658905506134037 13.955490827560425 4.7383931428194037 22.840669676661491 5.5028654783964157 5.7176149934530258 7.1931970119476345 8.9271391630172712 14.556272506713867 14.240316331386564 9.2466814666986465 68.764432832598686 8.1040451228618604 4.1506736576557151 4.976496919989585 4.1788622736930874 3.8208109140396109 21.539686128497124 10.027032941579819 10.436299592256546 7.8676395118236533
leaf_count=90 416 247 115 1229 787 246 143 59 216 148 63 24 109 27 28 35 50 76 66 46 292 46 22 27 22 20 116 49 51 41
internal_value=-0.000770416 0.0722229 0.125698 -0.0537885 -0.0190776 -0.036655 0.0325621 0.018322 -0.006604 -0.00515848 0.0638449 0.0873567 0.0970299 0.132232 0.0825766 0.0412931 -0.00469875 0.0450082 0.0670461 0.0107476 0.189312 -0.0417858 -0.0272878 -0.0420032 -0.0260687 -0.0460054 -0.00475897 0.060362 0.0894256 0.0170307
internal_weight=927.515 390.243 261.706 537.272 329.318 128.537 193.823 97.363 86.067 86.5883 107.756 52.755 48.0166 25.176 11.2205 55.0007 16.1203 60.8075 37.0046 23.803 164.343 43.3857 35.2816 31.1309 36.5555 30.4797 25.7185 38.8803 20.4633 56.1086
internal_count=4906 1910 1208 2996 1767 702 980 500 454 456 526 251 227 118 55 275 85 303 181 122 708 238 192 170 197 168 138 190 100 288
is_linear=0
shrinkage=0.1


Tree=3
num_leaves=31
num_cat=0
split_feature=7 15 8 15 8 8 14 14 11 14 168 0 11 16 0 83 39 61 13 50 81 5 0 11 12 81 0 0 133 16
split_gain=293.115 176.628 134.156 92.3738 106.862 23.2862 18.5673 9.21346 8.90524 6.49413 5.21347 6.09184 4.5912 5.10853 6.90667 5.56383 5.22069 4.65042 6.2342 4.85479 5.63266 5.29576 4.30718 3.64464 4.80001 5.78733 3.56504 4.84333 5.57503 3.5298
threshold=1.0000000180025095e-35 1.0000000180025095e-35 1.0000000180025095e-35 1.0000000180025095e-35 1.0000000180025095e-35 1.0000000180025095e-35 1.0000000180025095e-35 1.0000000180025095e-35 1.0000000180025095e-35 1.0000000180025095e-35 1.0000000180025095e-35 3.0691307783126835 1.0000000180025095e-35 1.0000000180025095e-35 13.351129055023195 1.0000000180025095e-35 1.0000000180025095e-35 1.0000000180025095e-35 1.0000000180025095e-35 1.0000000180025095e-35 1.0000000180025095e-35 1.0000000180025095e-35 11.190965175628664 1.0000000180025095e-35 1.0000000180025095e-35 1.0000000180025095e-35 14.680356025695803 9.2908968925476092 1.0000000180025095e-35 1.0000000180025095e-35
decision_type=2 2 2 2 2 2 2 2 2 2 2 2 2 2 2 2 2 2 2 2 2 2 2 2 2 2 2 2 2 2
left_child=3 2 -2 4 6 9 10 23 26 -3 11 -1 17 14 22 16 -15 19 -19 20 -13 -21 -14 29 25 -25 27 28 -8 -4
right_child=1 5 7 -5 -6 -7 8 -9 -10 -11 -12 12 13 15 -16 -17 -18 18 -20 21 -22 -23 -24 24 -26 -27 -28 -29 -30 -31
leaf_value=0.14057403217331085 0.16306831800521907 0.015187627471602886 -0.0039699439811983674 -0.10468682754654848 -0.088488107333117405 -0.097377063157704113 -0.092411039929858094 -0.023859040691295134 0.0258797096385468 -0.042545687751827301 0.14242916173310918 -0.030100306041068888 0.097488693517999991 -0.047797163642138971 0.0036210204935678385 0.11923421088246272 0.0686030111914325 -0.092798244940489161 0.038469938171308858 0.027555169996240698 0.06847060311804759 0.1617149211536566 0.20434937005491652 0.091163160671432458 0.14365174233440794 -0.025662097866721318 -0.10046012642470153 0.019535587709131351 0.019247587764550836 0.058649865438991991
leaf_weight=7.0074815899133673 171.28547914326191 56.544122278690338 23.114544227719307 195.10294127464294 128.45980679988861 39.54325407743454 13.820698857307436 36.054174825549126 43.247662425041199 29.726458191871643 6.5659411400556555 12.39465144276619 14.751876533031469 9.3111796528100985 6.1653520315885535 5.2362669557332984 6.5734349638223639 6.9937277138233167 7.4954065978527069 5.8696432858705503 10.891101062297821 5.8995535373687744 5.0675993412733069 10.282286971807485 6.4946146458387366 7.2163916230201712 7.6404400765895835 14.33733110129833 6.6103240847587577 14.743467867374418
leaf_count=33 708 288 116 1229 787 246 80 197 216 168 31 59 66 44 30 24 31 37 40 28 52 28 23 46 30 37 46 76 36 74
internal_value=-0.000943998 0.0639803 0.109696 -0.050315 -0.0176083 -0.0338323 0.0288754 0.0163205 -0.00604959 -0.00470568 0.0560163 0.0505426 0.044015 0.0663673 0.0960571 0.0298402 0.000372024 0.0227628 -0.0248916 0.0424597 0.0160028 0.0948055 0.124812 0.0397418 0.0702338 0.0429848 -0.0386105 -0.0250188 -0.0562846 0.0204168
internal_weight=914.447 395.005 269.191 519.442 324.339 125.814 195.88 97.9055 85.6565 86.2706 110.223 103.657 96.6498 47.1057 25.9848 21.1209 15.8846 49.5441 14.4891 35.0549 23.2858 11.7692 19.8195 61.8513 23.9933 17.4987 42.4088 34.7684 20.431 37.858
internal_count=4906 1910 1208 2996 1767 702 980 500 454 456 526 495 462 218 119 99 75 244 77 167 111 56 89 303 113 83 238 192 116 190
is_linear=0
shrinkage=0.1


Tree=4
num_leaves=31
num_cat=0
split_feature=7 15 8 15 8 8 14 14 11 14 0 168 11 83 0 14 73 11 113 140 62 61 50 13 1 83 9 68 13 56
split_gain=241.049 139.709 104.408 83.241 90.9853 20.6152 14.5969 7.36998 7.33345 5.36397 3.94053 3.8008 3.61036 3.54017 3.43449 3.43314 3.43646 3.35215 4.59976 3.89734 4.16748 3.86776 5.61475 3.99336 3.96558 3.34752 3.27726 3.55945 9.0177 5.043
threshold=1.0000000180025095e-35 1.0000000180025095e-35 1.0000000180025095e-35 1.0000000180025095e-35 1.0000000180025095e-35 1.0000000180025095e-35 1.0000000180025095e-35 1.0000000180025095e-35 1.0000000180025095e-35 1.0000000180025095e-35 2.960985660552979 1.0000000180025095e-35 1.0000000180025095e-35 1.0000000180025095e-35 5.7987680435180673 1.0000000180025095e-35 1.0000000180025095e-35 1.0000000180025095e-35 1.0000000180025095e-35 1.0000000180025095e-35 1.0000000180025095e-35 1.0000000180025095e-35 1.0000000180025095e-35 1.0000000180025095e-35 -0.12221461907029151 1.0000000180025095e-35 1.0000000180025095e-35 1.0000000180025095e-35 1.0000000180025095e-35 1.0000000180025095e-35
decision_type=2 2 2 2 2 2 2 2 2 2 2 2 2 2 2 2 2 2 2 2 2 2 2 2 2 2 2 2 2 2
left_child=3 2 12 4 6 9 10 -4 -8 -3 -1 17 -2 -7 -9 -14 -17 18 21 20 -19 22 -12 -23 -24 -11 27 28 29 -10
right_child=1 5 7 -5 -6 13 8 14 26 25 11 -13 15 -15 -16 16 -18 19 -20 -21 -22 23 24 -25 -26 -27 -28 -29 -30 -31
leaf_value=0.12782823308702132 0.13125383131061311 0.013568743472196269 0.035210791776416214 -0.10089275611474091 -0.084249550982517712 -0.10459817995507417 -0.035684301569949395 -0.070533255846775653 -0.10131175940282799 -0.052477439197301905 0.00019200406997387545 0.11811637235515644 0.1772483120065797 -0.0090017978091352629 -0.0019828572931627811 0.16399533727983967 0.092571701652642613 0.030565058254488454 0.12297646726509295 -0.031224046181791604 0.092833962102434012 -0.087901267394974003 0.022201156677667935 0.020504243908059987 0.13791030735640389 0.047839365093240618 -0.0090669846499130957 0.13228456725087723 0.1023425367976 0.030442266301243505
leaf_weight=6.0531841069459906 102.42862123250961 56.93920461833477 62.693128421902657 182.8337205350399 121.78142823278904 32.8608588129282 41.457800909876823 10.271520882844923 5.2654936015605962 25.211444973945621 20.870605140924454 6.6423509567975989 45.390753671526909 4.3915433436632147 25.338246807456017 15.215410932898521 12.088318005204201 18.115140452980995 4.1373606920242301 4.3920775502920142 26.428836703300476 6.5767030715942365 5.3645937442779541 7.0308337062597275 6.6131982654333097 3.8320055603981009 18.429227605462074 4.0503796935081473 9.5183922797441483 6.4806075096130371
leaf_count=27 416 288 303 1229 787 217 238 59 26 148 99 30 182 29 138 61 49 82 20 21 119 36 25 37 30 20 91 20 47 32
internal_value=-0.00105506 0.0572095 0.0970523 -0.0470896 -0.0162727 -0.0311911 0.0256584 0.0145748 -0.00554827 -0.00426967 0.0493507 0.0448765 0.14335 -0.0933287 -0.021756 0.160394 0.132374 0.0399886 0.0219396 0.0586489 0.0675105 0.0129412 0.0315125 -0.0318896 0.0860867 -0.0392416 0.0230127 0.0463667 0.0300014 -0.0286199
internal_weight=898.703 396.661 273.426 502.042 319.208 123.235 197.427 98.3029 85.2019 85.9827 112.225 106.172 175.123 37.2524 35.6098 72.6945 27.3037 99.5293 50.5933 48.9361 44.544 46.4559 32.8484 13.6075 11.9778 29.0435 43.7441 25.3149 21.2645 11.7461
internal_count=4906 1910 1208 2996 1767 702 980 500 454 456 526 499 708 246 197 292 110 469 247 222 201 227 154 73 55 168 216 125 105 58
is_linear=0
shrinkage=0.1


Tree=5
num_leaves=31
num_cat=0
split_feature=15 8 7 7 7 8 14 11 14 96 6 14 83 0 0 31 0 100 168 11 83 9 61 0 11 16 39 1 0 10
split_gain=200.948 163.574 103.215 46.2552 33.2785 18.2448 11.5643 5.98871 5.911 4.5655 4.54893 4.067 3.30016 3.27809 4.30889 4.09528 3.26674 3.52804 4.61744 3.74049 3.60974 3.64133 3.49194 3.36987 3.20326 3.1458 3.39922 5.33715 2.94618 3.07703
threshold=1.0000000180025095e-35 1.0000000180025095e-35 1.0000000180025095e-35 1.0000000180025095e-35 1.0000000180025095e-35 1.0000000180025095e-35 1.0000000180025095e-35 1.0000000180025095e-35 1.0000000180025095e-35 1.0000000180025095e-35 1.0000000180025095e-35 1.0000000180025095e-35 1.0000000180025095e-35 14.680356025695803 13.289527893066408 1.0000000180025095e-35 16.954140663146976 1.0000000180025095e-35 1.0000000180025095e-35 1.0000000180025095e-35 1.0000000180025095e-35 1.0000000180025095e-35 1.0000000180025095e-35 10.310746192932131 1.0000000180025095e-35 1.0000000180025095e-35 1.0000000180025095e-35 0.11171952262520791 5.7987680435180673 1.0000000180025095e-35
decision_type=2 2 2 2 2 2 2 2 2 2 2 2 2 2 2 2 2 2 2 2 2 2 2 2 2 2 2 2 2 2
left_child=1 2 6 -3 -2 9 16 13 -5 11 -11 -6 -7 14 15 -8 17 18 19 22 25 -22 -1 -24 -4 -21 27 -27 29 -10
right_child=4 3 24 8 5 12 7 -9 28 10 -12 -13 -14 -15 -16 -17 -18 -19 -20 20 21 -23 23 -25 -26 26 -28 -29 -30 -31
leaf_value=0.042792053041604314 -0.097311801934958767 -0.080188636232485316 0.11665806773768264 0.031229768090470879 0.0038889774682504502 -0.10105708720449594 -0.050322979009413404 0.020404834680910665 -0.01491110295757418 0.10536142450494704 -0.019052946445044953 -0.045504479012101931 -0.0081501944955563038 -0.094836505190684955 0.07385308352114528 0.049433696044014035 -0.028224766193049096 -0.032918538800844298 0.1337065993101868 0.076613221694991684 0.05900815697200687 0.1845129728704531 0.027690040923897243 -0.075336702251260185 0.14402219305939212 0.043832970114167237 0.08322643103307599 -0.09818817400653318 -0.0017864902796620868 -0.12697580995659519
leaf_weight=34.689454093575478 171.21027138829231 115.48526301980019 103.643206179142 63.56700873374939 48.095946252346039 30.722135797142982 24.374822884798053 44.156344845890999 5.3540496826171857 7.0005334764718992 5.065087154507637 25.512671917676926 4.3667375743389121 7.0398437380790702 4.2869189381599417 4.9512097388505927 5.9849518537521353 5.1709339469671241 6.4409889280796042 22.853915646672249 4.6085447221994382 4.6385200470685959 7.1225937902927381 5.7278970330953598 72.846140146255493 6.6502974182367343 5.554642602801322 4.3946807086467743 25.31245456635952 4.517479419708252
leaf_count=160 1229 787 416 303 243 217 143 216 32 36 26 151 29 46 22 27 29 24 28 100 20 20 35 34 292 30 25 21 138 27
internal_value=-0.00111689 0.0324914 0.0723034 -0.037221 -0.0689579 -0.0287596 0.0228613 -0.00509245 0.0130279 -0.00388466 0.0531329 -0.0132307 -0.089495 -0.0327871 -0.0197916 -0.0334807 0.0436869 0.0476775 0.0517362 0.0462502 0.0657284 0.121964 0.0262966 -0.0182325 0.127953 0.0525479 0.0194155 -0.0126758 -0.0198575 -0.066195
internal_weight=881.346 589.372 375.136 214.236 291.973 120.763 198.647 84.8091 98.751 85.6742 12.0656 73.6086 35.0889 40.6528 33.613 29.326 113.837 107.852 102.682 96.2405 48.7006 9.24706 47.5399 12.8505 176.489 39.4535 16.5996 11.045 35.184 9.87153
internal_count=4906 2975 1688 1287 1931 702 980 454 500 456 62 394 246 238 192 170 526 497 473 445 216 40 229 69 708 176 76 51 197 59
is_linear=0
shrinkage=0.1


Tree=6
num_leaves=31
num_cat=0
split_feature=15 8 7 7 7 8 14 11 11 69 14 5 12 81 14 26 45 0 73 83 83 56 0 6 0 67 32 134 13 8
split_gain=169.17 132.748 84.2432 40.2306 30.9271 16.1319 9.21039 5.68712 4.93231 4.48565 5.63584 4.65775 4.18667 3.89324 3.67934 3.48942 3.42627 6.69925 4.82456 3.07874 3.03413 4.19218 3.63449 5.27672 4.36199 3.48132 3.17788 2.99281 3.25199 2.97668
threshold=1.0000000180025095e-35 1.0000000180025095e-35 1.0000000180025095e-35 1.0000000180025095e-35 1.0000000180025095e-35 1.0000000180025095e-35 1.0000000180025095e-35 1.0000000180025095e-35 1.0000000180025095e-35 1.0000000180025095e-35 1.0000000180025095e-35 1.0000000180025095e-35 1.0000000180025095e-35 1.0000000180025095e-35 1.0000000180025095e-35 1.0000000180025095e-35 1.0000000180025095e-35 4.2108144760131845 1.0000000180025095e-35 1.0000000180025095e-35 1.0000000180025095e-35 1.0000000180025095e-35 4.8090348243713388 1.0000000180025095e-35 11.108829498291017 1.0000000180025095e-35 1.0000000180025095e-35 1.0000000180025095e-35 1.0000000180025095e-35 1.0000000180025095e-35
decision_type=2 2 2 2 2 2 2 2 2 2 2 2 2 2 2 2 2 2 2 2 2 2 2 2 2 2 2 2 2 2
left_child=1 2 6 -3 29 14 -1 9 27 10 16 -11 13 15 20 -9 17 -5 -19 -7 21 26 -23 25 -25 -24 -6 28 -8 -2
right_child=4 3 -4 7 5 19 8 12 -10 11 -12 -13 -14 -15 -16 -17 -18 18 -20 -21 -22 22 23 24 -26 -27 -28 -29 -30 -31
leaf_value=0.038838044876691943 -0.08337154416897978 -0.076273678538081924 0.11532778322154841 0.06033454941552794 0.007389474046163429 -0.097704786077062566 -0.070203498441074957 0.0037255579071346929 0.018198526551623039 -0.010026050887035481 -0.068577215943262174 0.10354688190736905 0.097908659254647715 -0.022153749074159602 -0.03341141873363157 0.098974932383649739 0.050371055817332804 -0.1060751138331175 0.016624149152983755 -0.0073751455461334506 -0.038175430927700191 -0.040370885306230481 0.15322575588600804 0.085658019703345398 -0.050685572574285923 0.051819485582719288 -0.090535358423993351 0.054478314704884179 -0.010097154410668366 -0.11154516246539303
leaf_weight=115.01171697676182 100.41223540902138 109.58275692164898 176.23483936488628 6.899947643280032 15.7888789921999 28.703468099236488 17.399237275123596 7.1642225533723822 44.537309527397156 7.9147468209266645 16.644876465201378 6.6407288610935211 10.02407583594322 11.402299001812935 27.814779445528984 8.3045511245727539 10.39381764829159 8.6201962828636152 5.1008678525686255 4.3443081080913535 10.342700034379957 4.0420348197221783 6.789744958281517 4.0127973109483719 5.6506883352994919 6.7520976364612579 4.1943671852350226 3.7748951464891425 18.649558618664742 59.856124743819237
leaf_count=526 770 787 708 33 79 217 105 34 216 41 97 34 47 59 168 38 50 42 25 29 54 20 33 20 28 33 21 21 112 459
internal_value=-0.00115097 0.029427 0.064956 -0.0345183 -0.0652575 -0.0265067 0.0204301 0.0116491 -0.00466604 -0.00679776 -0.0216367 0.04179 0.0427556 0.0221811 -0.00354665 0.054861 0.00355514 -0.020042 -0.0604611 -0.0858305 0.0108816 0.0216242 0.0471383 0.0623811 0.0059316 0.102664 -0.0131644 -0.0302369 -0.039108 -0.0938937
internal_weight=863.005 584.301 375.608 208.693 278.704 118.436 199.373 99.1103 84.361 62.2152 47.6597 14.5555 36.8951 26.8711 85.3881 15.4688 31.0148 20.621 13.7211 33.0478 57.5733 47.2306 27.2474 23.2053 9.66349 13.5418 19.9832 39.8237 36.0488 160.268
internal_count=4906 2975 1688 1287 1931 702 980 500 454 322 247 75 178 131 456 72 150 100 67 246 288 234 134 114 48 66 100 238 217 1229
is_linear=0
shrinkage=0.1


Tree=7
num_leaves=31
num_cat=0
split_feature=15 8 7 7 7 8 14 11 11 67 35 12 10 69 14 0 71 26 11 32 13 0 53 5 61 0 67 81 14 53
split_gain=142.571 108.137 69.6724 34.8691 28.6465 14.2281 7.33345 4.55068 4.04973 3.98233 7.87163 5.08284 4.73091 3.61864 4.79771 4.66243 3.47549 5.44716 3.19911 3.18639 3.23698 3.93089 5.93596 3.55273 5.05597 3.27957 5.64147 4.26787 3.13665 3.25011
threshold=1.0000000180025095e-35 1.0000000180025095e-35 1.0000000180025095e-35 1.0000000180025095e-35 1.0000000180025095e-35 1.0000000180025095e-35 1.0000000180025095e-35 1.0000000180025095e-35 1.0000000180025095e-35 1.0000000180025095e-35 1.0000000180025095e-35 1.0000000180025095e-35 1.0000000180025095e-35 1.0000000180025095e-35 1.0000000180025095e-35 14.917180061340334 1.0000000180025095e-35 1.0000000180025095e-35 1.0000000180025095e-35 1.0000000180025095e-35 1.0000000180025095e-35 5.3483915328979501 1.0000000180025095e-35 1.0000000180025095e-35 1.0000000180025095e-35 9.1197810173034686 1.0000000180025095e-35 1.0000000180025095e-35 1.0000000180025095e-35 1.0000000180025095e-35
decision_type=2 2 2 2 2 2 2 2 2 2 2 2 2 2 2 2 2 2 2 2 2 2 2 2 2 2 2 2 2 2
left_child=1 2 6 -3 -2 19 -1 13 -8 16 11 12 -11 14 -5 -15 17 -9 -4 20 23 -22 -23 24 25 27 -27 -6 -20 -30
right_child=4 3 18 7 5 -7 8 9 -10 10 -12 -13 -14 15 -16 -17 -18 -19 28 -21 21 22 -24 -25 -26 26 -28 -29 29 -31
leaf_value=0.034514755548830746 -0.090602492098908777 -0.072481410557953249 0.093424061109692771 0.0030967835927166397 0.014443301147851598 -0.082297538751926053 -0.027767018483825137 -0.10527954943633591 0.016249187153898639 0.0610234550135485 0.16812016965900412 0.12072750913521396 -0.071498340850568984 0.093605589805848211 -0.064303677986271651 -0.018558557963419566 0.062556712797738487 0.037961604866471703 0.13735486312793505 -0.042806230892428382 -0.021967250805492722 0.1080799388806867 -0.017674765107165778 -0.045771150552506246 -0.044744822815110982 0.089132885938635109 -0.071919380904924821 0.15590186526460798 0.076753334764710593 0.16337221032687957
leaf_weight=116.39766302704811 150.0259348154068 104.07535238564014 103.62682527303696 31.031115636229515 4.0436737090349215 31.132987298071384 39.129894807934761 5.2538865804672259 44.87336140871048 5.2297378629446047 5.625628024339675 4.3582999855279914 5.5554096847772598 7.3193975090980512 16.009819537401199 7.5069244652986526 5.9518446177244178 5.3665828257799149 44.22001151740551 16.45314134657383 8.0176370739936846 10.5816987156868 5.8169462680816642 17.022757932543755 9.8389476686716097 4.020583435893057 4.7381958514451981 4.5133480280637741 21.612752616405491 5.4177115559577933
leaf_count=526 1229 787 416 150 22 246 238 26 216 25 26 20 28 37 97 38 27 26 182 89 43 55 30 93 52 22 25 25 88 22
internal_value=-0.00117122 0.0266951 0.0585142 -0.0320453 -0.061735 -0.0244576 0.0182637 0.0103744 -0.00425418 0.037942 0.0671134 0.0295904 -0.00723828 -0.00626462 -0.0198422 0.0368142 0.00138334 -0.032899 0.104639 -0.00328428 0.00619559 0.0354162 0.0634721 -0.0099542 0.0124987 0.0450249 0.00200919 0.0890547 0.120951 0.0941143
internal_weight=844.768 578.562 375.278 203.284 266.206 116.18 200.401 99.2086 84.0033 37.3414 20.7691 15.1434 10.7851 61.8673 47.0409 14.8263 16.5723 10.6205 174.877 85.0469 68.5938 24.4163 16.3986 44.1775 27.1547 17.3158 8.75878 8.55702 71.2505 27.0305
internal_count=4906 2975 1688 1287 1931 702 980 500 454 178 99 73 53 322 247 75 79 52 708 456 367 128 85 239 146 94 47 47 292 110
is_linear=0
shrinkage=0.1


Tree=8
num_leaves=31
num_cat=0
split_feature=15 8 7 7 7 8 14 11 134 9 99 82 8 14 140 9 1 0 12 69 39 1 67 0 47 14 82 56 9 6
split_gain=120.169 88.416 58.2421 30.1708 26.5073 12.5043 5.84931 3.62935 3.3191 5.34337 3.64694 3.656 3.20553 3.45643 6.03106 3.18804 3.17208 4.09803 3.64609 4.20936 3.76849 3.36402 3.11571 6.37307 6.88462 3.07846 3.14057 3.3967 4.26645 5.44641
threshold=1.0000000180025095e-35 1.0000000180025095e-35 1.0000000180025095e-35 1.0000000180025095e-35 1.0000000180025095e-35 1.0000000180025095e-35 1.0000000180025095e-35 1.0000000180025095e-35 1.0000000180025095e-35 1.0000000180025095e-35 1.0000000180025095e-35 1.0000000180025095e-35 1.0000000180025095e-35 1.0000000180025095e-35 1.0000000180025095e-35 1.0000000180025095e-35 -0.69168758392333973 5.5947980880737314 1.0000000180025095e-35 1.0000000180025095e-35 1.0000000180025095e-35 -0.506730556488037 1.0000000180025095e-35 12.34633779525757 1.0000000180025095e-35 1.0000000180025095e-35 1.0000000180025095e-35 1.0000000180025095e-35 1.0000000180025095e-35 1.0000000180025095e-35
decision_type=2 2 2 2 2 2 2 2 2 2 2 2 2 2 2 2 2 2 2 2 2 2 2 2 2 2 2 2 2 2
left_child=1 2 6 -3 12 25 -1 16 9 -8 11 -11 13 14 -2 -10 -5 21 -19 20 -20 -18 -9 24 -24 26 27 -6 -29 -30
right_child=4 3 -4 7 5 -7 8 22 15 10 -12 -13 -14 -15 -16 -17 17 18 19 -21 -22 -23 23 -25 -26 -27 -28 28 29 -31
leaf_value=0.030733658054444109 -0.069070448521075342 -0.068795409416886041 0.095533371111231058 0.086446108595989779 -0.013384023958818448 -0.078779585054628454 0.01284827158393803 0.0011466393598725839 -0.004640521968708961 -0.071931721502691282 0.02789735224770766 0.038047254800122679 -0.10716700763490741 -0.099139981138825176 0.058318349541598626 0.10783032482070561 -0.023680236682795702 0.027073067564586325 -0.11791700280894404 0.032614432118388444 -0.0083690186574897074 -0.1322104462873388 0.045021659015801352 -0.025871433989419712 0.18767942442858632 -0.030757421735571569 -0.048355040928568772 0.075246896044871336 0.048140961713678806 -0.080183112217581939
leaf_weight=117.5792403370142 47.570900358259678 98.957138895988464 172.52718266844749 3.520450845360755 19.336774960160255 29.363797344267368 40.915432333946228 16.521468967199326 5.1944017112255079 23.029345333576206 6.1641088128089896 3.4793089330196372 51.782064534723759 37.089176550507545 4.0314322337508193 4.8954529613256454 8.0813454538583738 26.056490555405617 6.4497636407613772 6.9027185887098303 6.1197415590286255 4.4169763922691336 9.7418875992298144 6.2276473045349112 5.1825643777847281 27.260553106665611 7.9427022337913504 16.212646141648293 8.8261667639017123 5.2896634340286246
leaf_count=526 413 787 708 18 98 246 220 79 26 130 34 19 459 322 35 25 45 134 35 34 31 25 47 29 23 168 41 80 42 27
internal_value=-0.00117192 0.024271 0.0528995 -0.0297254 -0.058306 -0.0225321 0.0163517 0.00924076 -0.00385685 -0.0112315 -0.0413862 -0.0574968 -0.0873971 -0.0758546 -0.0591182 0.0499287 -0.00572249 -0.0113143 0.00260944 -0.0301262 -0.0645811 -0.0620354 0.0336863 0.0591023 0.09456 -0.00307096 0.0100305 0.0193678 0.0402496 5.37325e-05
internal_weight=826.669 571.963 373.784 198.178 254.706 114.232 201.257 99.2211 83.6781 73.5882 32.6728 26.5087 140.474 88.6915 51.6023 10.0899 61.5475 58.027 45.5287 19.4722 12.5695 12.4983 37.6736 21.1521 14.9245 84.8685 57.608 49.6653 30.3285 14.1158
internal_count=4906 2975 1688 1287 1931 702 980 500 454 403 183 149 1229 770 448 51 322 304 234 100 66 70 178 99 70 456 288 247 149 69
is_linear=0
shrinkage=0.1


Tree=9
num_leaves=31
num_cat=0
split_feature=15 8 7 7 7 8 14 14 83 8 14 140 11 73 11 54 22 0 0 133 81 12 0 16 14 0 68 0 13 61
split_gain=101.269 72.3668 48.9274 26.0687 24.4708 10.976 4.6917 3.47546 3.26209 3.22017 3.36145 5.16017 3.21025 3.33343 3.17758 2.99765 7.74176 2.99569 4.21572 4.51739 3.0694 3.52249 2.9805 3.14908 2.97093 2.85397 2.84067 3.00668 3.39404 3.5398
threshold=1.0000000180025095e-35 1.0000000180025095e-35 1.0000000180025095e-35 1.0000000180025095e-35 1.0000000180025095e-35 1.0000000180025095e-35 1.0000000180025095e-35 1.0000000180025095e-35 1.0000000180025095e-35 1.0000000180025095e-35 1.0000000180025095e-35 1.0000000180025095e-35 1.0000000180025095e-35 1.0000000180025095e-35 1.0000000180025095e-35 1.0000000180025095e-35 1.0000000180025095e-35 14.680356025695803 9.2908968925476092 1.0000000180025095e-35 1.0000000180025095e-35 1.0000000180025095e-35 2.6652977466583256 1.0000000180025095e-35 1.0000000180025095e-35 2.7310061454772954 1.0000000180025095e-35 13.600273609161379 1.0000000180025095e-35 1.0000000180025095e-35
decision_type=2 2 2 2 2 2 2 2 2 2 2 2 2 2 2 2 2 2 2 2 2 2 2 2 2 2 2 2 2 2
left_child=1 2 6 15 9 -6 25 -5 -7 10 11 -2 22 -14 17 -3 -17 18 19 -8 21 -20 -4 26 -15 -1 27 28 29 -24
right_child=4 3 12 7 5 8 14 -9 -10 -11 -12 -13 13 24 -16 16 -18 -19 20 -21 -22 -23 23 -25 -26 -27 -28 -29 -30 -31
leaf_value=0.10303708371295087 -0.065615677126349289 -0.084286473035050713 0.00052853356626793714 0.021818581427543966 -0.0028261677122874574 -0.089190663744749835 -0.080264643505687128 -0.01752791852635513 0.0095865019704906452 -0.10500485803081988 -0.096453360899832238 0.050185520521332266 0.11991164030483732 0.11087295629827956 0.014429444867452977 -0.057533026840568539 0.12250796863709595 -0.08781284814696734 0.11630661215899468 0.023647440651685579 -0.039672538469557081 -0.0076632507310149508 0.062623040104099567 0.099944289526990082 0.038586864896338974 0.024229169231028826 0.018389909824116771 0.14042131042006931 0.10049818249279452 -0.031697605345863751
leaf_weight=4.7886154651641837 45.193774648010731 43.935970172286034 4.9525833129882804 64.994673758745193 84.549116909503937 23.83346235007048 11.87615598738194 34.294444233179092 3.8888850212097159 47.769911885261536 34.446836575865746 4.206160604953765 45.384526759386063 10.863327994942665 45.161369577050209 47.766899451613426 2.5140473395586005 6.2911702245473853 5.2420501708984357 6.4589724987745276 4.3457536846399298 4.0727801471948624 15.373091965913774 43.679102569818497 11.929273620247841 113.80118229985237 10.980779975652693 6.1004333198070517 15.129074633121489 5.3683813214302054
leaf_count=20 413 367 20 303 456 217 80 197 29 459 322 35 196 47 216 399 21 46 29 36 24 23 63 179 49 506 45 25 62 22
internal_value=-0.00116744 0.0220689 0.0478809 -0.0275258 -0.0550265 -0.02073 0.0146284 0.00822831 -0.0753342 -0.084282 -0.0724756 -0.0557558 0.0874558 0.104242 -0.00353779 -0.0652048 -0.048531 -0.0247311 -0.0123276 -0.0436592 0.0297255 0.0621025 0.0761901 0.0800679 0.0730396 0.0274114 0.0636722 0.0755193 0.0644816 0.0382106
internal_weight=809.193 565.305 371.799 193.506 243.888 112.271 202.038 99.2891 27.7223 131.617 83.8468 49.3999 169.761 68.1771 83.4483 94.2169 50.2809 38.2869 31.9957 18.3351 13.6606 9.31483 101.583 96.6309 22.7926 118.59 52.9518 41.971 35.8705 20.7415
internal_count=4906 2975 1688 1287 1931 702 980 500 246 1229 770 448 708 292 454 787 420 238 192 116 76 52 416 396 96 526 217 172 147 85
is_linear=0
shrinkage=0.1


Tree=10
num_leaves=31
num_cat=0
split_feature=15 8 7 7 7 8 11 65 8 14 140 65 47 0 78 31 83 11 73 68 61 13 97 0 99 54 22 14 24 26
split_gain=85.2691 59.3744 41.3945 22.5874 22.553 9.65266 4.00962 3.78067 3.2348 3.2638 4.42396 3.12168 3.87022 5.7519 4.83207 4.5086 2.99024 2.96746 2.99291 2.93414 7.21419 4.92953 4.04866 4.16565 5.40078 2.82385 6.19257 2.79071 2.78781 2.76424
threshold=1.0000000180025095e-35 1.0000000180025095e-35 1.0000000180025095e-35 1.0000000180025095e-35 1.0000000180025095e-35 1.0000000180025095e-35 1.0000000180025095e-35 1.0000000180025095e-35 1.0000000180025095e-35 1.0000000180025095e-35 1.0000000180025095e-35 1.0000000180025095e-35 1.0000000180025095e-35 6.635181427001954 1.0000000180025095e-35 1.0000000180025095e-35 1.0000000180025095e-35 1.0000000180025095e-35 1.0000000180025095e-35 1.0000000180025095e-35 1.0000000180025095e-35 1.0000000180025095e-35 1.0000000180025095e-35 10.444900512695314 1.0000000180025095e-35 1.0000000180025095e-35 1.0000000180025095e-35 1.0000000180025095e-35 1.0000000180025095e-35 1.0000000180025095e-35
decision_type=2 2 2 2 2 2 2 2 2 2 2 2 2 2 2 2 2 2 2 2 2 2 2 2 2 2 2 2 2 2
left_child=1 2 6 8 25 29 27 19 9 10 -2 12 14 -14 -6 -15 -7 -4 -19 22 21 -21 23 24 -8 -3 -27 -1 -10 -5
right_child=3 4 17 5 11 16 7 -9 28 -11 -12 -13 13 15 -16 -17 -18 18 -20 20 -22 -23 -24 -25 -26 26 -28 -29 -30 -31
leaf_value=0.011893317769510657 -0.062229070099953758 -0.080953694081265959 0.069577137507995143 -0.023665865034628461 -0.0031703901959115365 -0.086203196155692899 0.023097071524878707 -0.04984609222689812 -0.0078167730410343955 -0.093841477083793867 0.04348793567704156 0.080296683956677106 0.13805451842531591 0.096170486374424033 -0.11371021512707231 -0.0085143412161887474 0.0085687092306733874 0.11206675560942772 0.067100130577174455 0.077145693495083753 0.16067387382048165 -0.059862670056482076 0.10622877718472945 -0.018294084350469489 0.13610070382139711 -0.054120311917243438 0.10060749087254515 -0.022824251682683729 -0.10961522467406573 0.012955102629745547
leaf_weight=60.245852589607239 43.004009857773781 41.307905457913876 100.20982806384563 35.742118433117867 61.202430844306946 22.274705983698372 49.055022090673447 6.0755714178085318 2.8783050924539557 31.992191568017006 4.3597235530614844 5.5447511970996848 4.4664864093065288 5.2713984400033977 4.2277025282382956 18.739226534962654 3.914303556084632 43.788664370775223 22.359996870160103 6.5319803059101122 5.7215667814016333 4.3917417377233505 5.5360660105943671 22.6552704423666 4.628374218940734 45.805731609463692 2.7414354085922232 37.60615636408329 41.159762822091579 48.690997794270515
leaf_count=275 413 367 416 192 315 217 217 28 30 322 35 26 21 25 23 90 29 196 96 30 26 20 24 102 20 399 21 238 429 264
internal_value=-0.00114275 0.0201024 0.0434705 -0.051811 -0.0254231 -0.0189987 0.0131009 0.026713 -0.0812271 -0.0691656 -0.0524981 0.00738523 0.00308018 0.0338524 -0.0103128 0.0144686 -0.0720382 0.0804283 0.0968668 0.0314343 0.0697086 0.0220632 0.023653 0.0176646 0.0328398 -0.0617354 -0.0453829 -0.00144922 -0.102962 -0.00254724
internal_weight=792.129 558.113 368.806 234.016 189.307 110.622 202.448 104.596 123.394 79.3559 47.3637 99.452 93.9072 28.4771 65.4301 24.0106 26.189 166.358 66.1487 98.52 16.6453 10.9237 81.8747 76.3387 53.6834 89.8551 48.5472 97.852 44.0381 84.4331
internal_count=4906 2975 1688 1931 1287 702 980 467 1229 770 448 500 474 136 338 115 246 708 292 439 76 50 363 339 237 787 420 513 459 456
is_linear=0
shrinkage=0.1


Tree=11
num_leaves=31
num_cat=0
split_feature=15 8 7 7 7 8 14 8 10 34 47 11 26 6 11 0 0 0 83 26 67 71 24 81 96 6 26 0 54 22
split_gain=71.7356 48.7583 35.0518 20.7778 19.4504 8.46667 3.34575 3.24844 3.213 3.04128 5.51152 2.84702 2.83704 2.92981 2.75019 3.02148 4.57151 5.48375 2.73716 2.72726 2.79981 4.22255 2.71585 2.70304 2.66633 2.84757 2.68422 2.89607 2.65074 5.01902
threshold=1.0000000180025095e-35 1.0000000180025095e-35 1.0000000180025095e-35 1.0000000180025095e-35 1.0000000180025095e-35 1.0000000180025095e-35 1.0000000180025095e-35 1.0000000180025095e-35 1.0000000180025095e-35 1.0000000180025095e-35 1.0000000180025095e-35 1.0000000180025095e-35 1.0000000180025095e-35 1.0000000180025095e-35 1.0000000180025095e-35 13.661875724792482 9.1197810173034686 10.310746192932131 1.0000000180025095e-35 1.0000000180025095e-35 1.0000000180025095e-35 1.0000000180025095e-35 1.0000000180025095e-35 1.0000000180025095e-35 1.0000000180025095e-35 1.0000000180025095e-35 1.0000000180025095e-35 16.119096755981449 1.0000000180025095e-35 1.0000000180025095e-35
decision_type=2 2 2 2 2 2 2 2 2 2 2 2 2 2 2 2 2 2 2 2 2 2 2 2 2 2 2 2 2 2
left_child=1 2 6 7 28 24 -1 8 -2 10 -8 -6 13 -10 -4 16 -16 -18 -7 20 21 -13 -9 -15 26 -26 -5 -28 -3 -30
right_child=3 4 14 5 11 18 9 22 12 -11 -12 19 -14 23 15 -17 17 -19 -20 -21 -22 -23 -24 -25 25 -27 27 -29 29 -31
leaf_value=0.022424548735695722 -0.083117154164362828 -0.077676576378501186 0.063568763662262481 -0.033770208027323591 -0.0066987835299562081 -0.083253506219035323 -0.005192748844081746 -0.0070808508423937273 -0.046429256492588444 0.034112989940044587 -0.11516051495414877 -0.10019205357909955 -0.067268090854653836 -0.0019827449979128889 0.099438763068514624 0.12870410970442697 -0.057998162619733777 0.071302270259754483 0.0076647385951462551 0.052325562772824553 0.044872000455110819 0.031667511850793542 -0.10814343337864485 0.14405856091070074 0.079260547945952275 -0.018061128173141105 -0.0023990167203989648 0.086626515157860962 -0.050814010359394861 0.084247916721342062
leaf_weight=119.86342535912991 44.430981673300266 38.873242244124413 98.789115563035011 28.201355129480362 61.532237060368061 20.832724496722225 61.091540157794952 2.8606807440519324 7.5587583258748072 16.929029494524002 4.9250772446393958 5.0476170629262942 17.646186165511608 3.619390144944191 32.592841520905495 15.443615064024923 4.598923712968829 11.437314897775648 3.9370813220739356 20.919759571552277 7.3988678604364386 4.6805311143398285 37.7238659709692 1.9502685591578481 7.5059760659933072 5.0153074115514755 39.58356685936451 4.0257181376218787 44.00388702750206 2.934901848435401
leaf_count=526 457 367 416 156 322 217 335 30 77 92 27 26 179 37 149 71 20 52 29 97 34 21 429 20 36 26 217 21 399 21
internal_value=-0.00111932 0.0183046 0.0394844 -0.0487145 -0.0234712 -0.0174009 0.01174 -0.0782193 -0.065915 -0.00370011 -0.0133967 0.00659716 -0.0410792 -0.00587816 0.0740341 0.0901699 0.0779322 0.0342211 -0.0688023 0.0281004 -0.00148936 -0.0367501 -0.10102 0.049155 -0.00230337 0.0402791 -0.00972827 0.00581923 -0.0583636 -0.0423691
internal_weight=775.954 551.062 365.671 224.892 185.391 109.102 202.809 115.79 75.2056 82.9456 66.0166 99.579 30.7746 13.1284 162.862 64.0727 48.6291 16.0362 24.7698 38.0468 17.127 9.72815 40.5845 5.56966 84.3319 12.5213 71.8106 43.6093 85.812 46.9388
internal_count=4906 2975 1688 1931 1287 702 980 1229 770 454 362 500 313 134 708 292 221 72 246 178 81 47 459 57 456 62 394 238 787 420
is_linear=0
shrinkage=0.1


Tree=12
num_leaves=31
num_cat=0
split_feature=15 8 7 7 7 8 8 14 140 11 65 0 73 14 14 11 113 67 21 50 9 81 0 5 42 0 0 69 12 24
split_gain=60.3547 40.0456 29.7484 19.0024 16.7424 7.39959 3.26294 3.30617 4.04006 3.26208 3.03803 2.76071 3.41371 3.78577 2.75276 2.73729 2.72685 2.68069 4.02332 3.32887 3.67779 3.00028 5.47559 4.5129 5.97036 2.94725 3.81306 4.26911 2.9759 2.64848
threshold=1.0000000180025095e-35 1.0000000180025095e-35 1.0000000180025095e-35 1.0000000180025095e-35 1.0000000180025095e-35 1.0000000180025095e-35 1.0000000180025095e-35 1.0000000180025095e-35 1.0000000180025095e-35 1.0000000180025095e-35 1.0000000180025095e-35 2.3791923522949223 1.0000000180025095e-35 1.0000000180025095e-35 1.0000000180025095e-35 1.0000000180025095e-35 1.0000000180025095e-35 1.0000000180025095e-35 1.0000000180025095e-35 1.0000000180025095e-35 1.0000000180025095e-35 1.0000000180025095e-35 11.494866847991945 1.0000000180025095e-35 1.0000000180025095e-35 4.850102663040162 9.5838465690612811 1.0000000180025095e-35 1.0000000180025095e-35 1.0000000180025095e-35
decision_type=2 2 2 2 2 2 2 2 2 2 2 2 2 2 2 2 2 2 2 2 2 2 2 2 2 2 2 2 2 2
left_child=1 2 9 6 -3 -5 7 8 -2 16 17 -4 15 -14 -6 -13 -1 21 19 25 -21 23 -23 24 -11 28 -27 -28 -19 -8
right_child=3 4 11 5 14 -7 29 -9 -10 10 -12 12 13 -15 -16 -17 -18 18 -20 20 -22 22 -24 -25 -26 26 27 -29 -30 -31
leaf_value=-0.007164969900403351 -0.055471492355116593 -0.055084681059439845 -0.0064697967613906214 -0.0021066673470643655 0.017900905860379943 -0.065618082128408292 -0.0064103628639814586 -0.089387861292141435 0.046862575813021695 0.092700920949885413 -0.046475781498026156 0.068391684587439452 0.077044275793400674 0.02473895656576235 -0.017139453109093969 0.10246948678827027 0.058552449342702852 -0.048671210740735105 -0.05730640253007141 0.024547418824372485 -0.08413592274571928 0.03622852492788807 0.151003887759043 -0.033516215840159534 -0.037954377187451933 0.11258563356039419 -0.024751438037285578 0.084435625176599569 0.049680664352450624 -0.10679296395514654
leaf_weight=91.152914121747017 39.027708008885384 82.076662592589855 4.7968026846647254 84.130085617303848 65.53004053235054 23.459805585443974 2.8447801619768134 28.127496987581253 4.28104344010353 11.82025556266308 5.9817554503679267 60.47607333958149 27.443874552845955 27.910636842250824 34.079370565712452 38.625659540295601 6.7838431224226943 6.3314102441072446 7.233170509338378 7.4294885247945768 5.3597986251115799 11.919252231717111 6.3822010755538932 9.0652920007705706 4.9670791476964942 8.562310531735422 7.3774793148040754 6.9584625363349915 5.9842645227909088 34.543605923652649
leaf_count=479 413 787 21 456 303 246 30 322 35 52 28 259 122 119 197 187 34 28 33 32 24 52 28 41 22 37 33 31 26 429
internal_value=-0.00108691 0.0166756 0.0358777 -0.0457568 -0.0216429 -0.0159552 -0.0752202 -0.0626931 -0.0453558 0.010526 0.0227378 0.0682427 0.0705629 0.0506711 0.00591255 0.0816738 -0.00261288 0.0269034 0.0122201 0.0226964 -0.0210001 0.0452721 0.0762537 0.0233397 0.0540423 0.0385665 0.0597833 0.0282464 -0.000881411 -0.0991551
internal_weight=760.663 544.248 362.562 216.415 181.686 107.59 108.825 71.4362 43.3088 203.309 105.372 159.253 154.456 55.3545 99.6094 99.1017 97.9368 99.3905 55.2364 48.0032 12.7893 44.1541 18.3015 25.8526 16.7873 35.2139 22.8983 14.3359 12.3157 37.3884
internal_count=4906 2975 1688 1931 1287 702 1229 770 448 980 467 708 687 241 500 446 513 439 244 211 56 195 80 115 74 155 101 64 54 459
is_linear=0
shrinkage=0.1


Tree=13
num_leaves=31
num_cat=0
split_feature=15 8 7 7 7 8 8 14 140 0 0 83 67 21 0 168 86 16 11 68 54 9 0 82 94 14 83 9 26 67
split_gain=50.6725 32.8685 25.2657 17.3601 14.3603 6.43703 3.26534 3.17354 3.42355 2.89654 5.352 2.64951 2.63285 4.60037 3.40997 3.39023 3.72924 3.60094 6.47632 5.59656 3.37492 3.19059 2.65355 2.61293 4.18286 3.4343 5.09622 4.6797 4.08262 2.82663
threshold=1.0000000180025095e-35 1.0000000180025095e-35 1.0000000180025095e-35 1.0000000180025095e-35 1.0000000180025095e-35 1.0000000180025095e-35 1.0000000180025095e-35 1.0000000180025095e-35 1.0000000180025095e-35 2.2026009559631352 2.8350445032119755 1.0000000180025095e-35 1.0000000180025095e-35 1.0000000180025095e-35 15.305954456329347 1.0000000180025095e-35 1.0000000180025095e-35 1.0000000180025095e-35 1.0000000180025095e-35 1.0000000180025095e-35 1.0000000180025095e-35 1.0000000180025095e-35 7.5277206897735605 1.0000000180025095e-35 1.0000000180025095e-35 1.0000000180025095e-35 1.0000000180025095e-35 1.0000000180025095e-35 1.0000000180025095e-35 1.0000000180025095e-35
decision_type=2 2 2 2 2 2 2 2 2 2 2 2 2 2 2 2 2 2 2 2 2 2 2 2 2 2 2 2 2 2
left_child=1 2 9 6 -3 23 7 8 -2 -1 -11 -7 15 14 -14 16 17 18 22 20 -20 -16 -12 24 25 29 27 28 -27 -5
right_child=3 4 -4 5 -6 11 -8 -9 -10 10 12 -13 13 -15 21 -17 -18 -19 19 -21 -22 -23 -24 -25 -26 26 -28 -29 -30 -31
leaf_value=-0.090629144292002722 -0.052296276986551815 -0.051835541824902388 0.062952589602484593 0.045840607622611267 0.0053115178042023202 -0.077950210789306418 -0.097345064400445214 -0.086861457623366792 0.040722122160213592 0.093659261008049347 0.0080050801268268228 0.013886692618469818 0.012069480403986454 -0.055179910424006974 0.0059232635334637721 0.10230736455548946 -0.052509139441327318 0.047215513802977851 -0.039453828194194199 0.12826987810742815 0.044636761598643299 -0.10422566570821701 -0.084209406795336117 -0.048003197693244549 0.077636153227847782 -0.084815692172702184 0.07966297045258465 -0.12325070337140176 0.030984386451206592 -0.0065082304455788614
leaf_weight=2.8527272492647162 37.34717071801424 78.68050678819418 155.61189562082291 16.559718117117882 99.678863741457462 18.497526012361053 34.438176266849041 26.153524629771709 4.4256242066621772 7.5124778449535361 4.7521667256951323 3.7841228544712058 84.936290517449379 14.420778863131998 5.3436774015426618 4.8350677490234366 7.2092360556125632 32.930030785501003 8.2779890596866643 4.928488388657569 11.271325632929802 5.1778282672166824 9.0886280536651594 10.723751395940779 7.1270301640033713 5.3433145135641151 3.3033791631460181 6.5589172244071952 7.0767567902803421 27.350904196500778
leaf_count=13 413 787 708 82 500 217 459 322 35 36 26 29 406 73 28 22 35 156 37 22 49 27 50 60 34 36 18 43 45 138
internal_value=-0.00104521 0.0151922 0.0326186 -0.0428668 -0.019898 -0.0145671 -0.0722615 -0.0595444 -0.0424414 0.00942714 0.0108494 -0.0623534 0.00762896 -0.00253563 0.00541733 0.0210379 0.0160296 0.0229646 0.00212396 0.0330378 0.00902933 -0.0482831 -0.052548 -0.00189806 0.00484526 -0.00299217 -0.0349677 -0.0549196 -0.0188347 0.0132337
internal_weight=746.198 537.508 359.149 208.69 178.359 106.325 102.364 67.9263 41.7728 203.537 200.684 22.2816 193.172 109.879 95.4578 83.2929 78.4579 71.2486 38.3186 24.4778 19.5493 10.5215 13.8408 84.0438 73.32 66.193 22.2824 18.979 12.4201 43.9106
internal_count=4906 2975 1688 1931 1287 702 1229 770 448 980 967 246 931 534 461 397 375 340 184 108 86 55 76 456 396 362 142 124 81 220
is_linear=0
shrinkage=0.1


Tree=14
num_leaves=31
num_cat=0
split_feature=15 8 7 7 7 8 8 10 24 26 14 54 83 13 6 130 6 11 0 0 0 0 78 16 83 40 61 10 0 34
split_gain=42.571 26.9319 21.3819 15.6979 12.2903 5.58006 3.24978 3.28088 2.81908 2.80329 2.72824 2.71171 4.74091 7.61919 2.63481 2.61878 3.02014 2.61558 2.91798 4.25574 4.57913 2.57662 2.55378 2.60763 2.9224 3.62915 2.67477 2.9004 3.07958 2.55315
threshold=1.0000000180025095e-35 1.0000000180025095e-35 1.0000000180025095e-35 1.0000000180025095e-35 1.0000000180025095e-35 1.0000000180025095e-35 1.0000000180025095e-35 1.0000000180025095e-35 1.0000000180025095e-35 1.0000000180025095e-35 1.0000000180025095e-35 1.0000000180025095e-35 1.0000000180025095e-35 1.0000000180025095e-35 1.0000000180025095e-35 1.0000000180025095e-35 1.0000000180025095e-35 1.0000000180025095e-35 13.661875724792482 9.1197810173034686 10.310746192932131 9.6605067253112811 1.0000000180025095e-35 1.0000000180025095e-35 1.0000000180025095e-35 1.0000000180025095e-35 1.0000000180025095e-35 1.0000000180025095e-35 8.0862421989440936 1.0000000180025095e-35
decision_type=2 2 2 2 2 2 2 2 2 2 2 2 2 2 2 2 2 2 2 2 2 2 2 2 2 2 2 2 2 2
left_child=1 2 10 6 11 -5 7 -2 -8 14 -1 -3 15 -14 -9 -13 -17 22 19 -19 -21 -16 23 24 25 26 27 28 -4 -12
right_child=3 4 17 5 -6 -7 8 9 -10 -11 29 12 13 -15 21 16 -18 18 -20 20 -22 -23 -24 -25 -26 -27 -28 -29 -30 -31
leaf_value=0.018048529488622417 -0.075602318749010328 -0.069808123417815726 0.0054640244775665927 -0.0018016907856558525 0.0047699102313370758 -0.059264238922613614 0.0038553161119912363 -0.035507061470248798 -0.10446335875574245 -0.058324170541345248 -0.014433805515835974 -0.059872794908876564 -0.042064543064229867 0.16984569852733761 0.15288173585847259 -0.040581517039791744 0.10232008672442594 0.084207249277408122 0.11488803147363758 -0.065529910736922159 0.054985027156495628 0.0069559315892841036 0.10698554573497776 0.061928816127923406 0.090400107249461112 0.074241489202896971 -0.042286599095040303 -0.020435306822704728 0.10342609695233457 0.028807588464854306
leaf_weight=120.5256931334734 37.543554469943047 33.67394108325243 6.777303010225296 83.693021938204765 99.885821215808392 21.174988508224487 2.618886977434161 6.6280022785067558 29.106768317520618 15.269009083509445 66.025247938930988 28.416243940591812 4.2256216183304778 2.8350434377789497 1.8862534910440443 4.1098991408944121 2.3103181272745132 29.548003450036049 13.742632716894148 4.5045294761657706 10.506841644644735 3.3750299885869026 6.7322024255990973 39.823526173830032 6.3421883732080451 8.8370702266693097 9.6124179661273939 9.7597488611936569 6.095027893781662 17.214622192084789
leaf_count=526 457 367 30 456 500 246 30 77 429 179 362 287 42 29 20 40 22 149 71 20 52 37 30 177 28 39 42 43 27 92
internal_value=-0.00101762 0.0138154 0.0296173 -0.0401828 -0.0182509 -0.0134046 -0.0693051 -0.0564501 -0.0955219 -0.029974 0.00843238 -0.0486786 -0.0316963 0.043023 0.00643515 -0.0468404 0.0108417 0.0579646 0.0746039 0.0621798 0.0188216 0.0592726 0.0476421 0.043063 0.0272207 0.017467 0.00190719 0.0206774 0.0518489 -0.00549116
internal_weight=732.799 531.504 356.047 201.296 175.457 104.868 96.4275 64.7018 31.7257 27.1583 203.766 75.5711 41.8971 7.06067 11.8893 34.8365 6.42022 152.281 58.302 44.5594 15.0114 5.26128 93.9795 87.2473 47.4238 41.0816 32.2445 22.6321 12.8723 83.2399
internal_count=4906 2975 1688 1931 1287 702 1229 770 459 313 980 787 420 71 134 349 62 708 292 221 72 57 416 386 209 181 142 100 57 454
is_linear=0
shrinkage=0.1


Tree=15
num_leaves=31
num_cat=0
split_feature=15 8 7 7 7 8 8 14 140 81 26 82 0 24 140 67 0 6 21 54 83 26 5 54 83 0 73 14 11 12
split_gain=35.6583 22.1625 18.1596 14.2167 10.5317 4.82445 3.23285 3.16136 3.04472 2.75586 4.37293 3.20857 4.11879 2.72795 2.55535 5.74953 2.7422 3.21751 8.75606 4.21988 5.71885 3.58217 4.41656 3.46317 2.52216 2.49595 2.97883 3.26696 2.68493 2.86704
threshold=1.0000000180025095e-35 1.0000000180025095e-35 1.0000000180025095e-35 1.0000000180025095e-35 1.0000000180025095e-35 1.0000000180025095e-35 1.0000000180025095e-35 1.0000000180025095e-35 1.0000000180025095e-35 1.0000000180025095e-35 1.0000000180025095e-35 1.0000000180025095e-35 8.9486651420593279 1.0000000180025095e-35 1.0000000180025095e-35 1.0000000180025095e-35 12.510609149932863 1.0000000180025095e-35 1.0000000180025095e-35 1.0000000180025095e-35 1.0000000180025095e-35 1.0000000180025095e-35 1.0000000180025095e-35 1.0000000180025095e-35 1.0000000180025095e-35 2.3791923522949223 1.0000000180025095e-35 1.0000000180025095e-35 1.0000000180025095e-35 1.0000000180025095e-35
decision_type=2 2 2 2 2 2 2 2 2 2 2 2 2 2 2 2 2 2 2 2 2 2 2 2 2 2 2 2 2 2
left_child=1 2 -1 6 14 -5 7 8 9 -2 11 12 -11 -8 16 -16 17 19 21 -3 -21 22 23 -19 -7 -4 28 -28 -27 -30
right_child=3 4 25 5 -6 24 13 -9 -10 10 -12 -13 -14 -15 15 -17 -18 18 -20 20 -22 -23 -24 -25 -26 26 27 -29 29 -31
leaf_value=0.0075740815860161044 -0.06990915810988757 -0.096812014540234068 -0.018770636001868179 -0.0016230178098139787 0.0042845282604156562 -0.072740198722202248 0.0034584165909070557 -0.082606097359240682 0.042643346184354468 0.18864987319492016 -0.060569761274419813 -0.057594876742004822 -0.0083689184347242526 -0.10335671503232158 -0.11205809865157484 0.10374400766226254 -0.081799063126224453 -0.00084316134452780574 0.19460956958794484 -0.045860429716569541 0.13707101273872332 -0.064469654540982399 -0.072373097976391562 0.19019351238994955 0.018943605464970953 0.053448361486260823 0.062401508796175224 0.012485289686664635 0.11256439627833503 0.053735947359375903
leaf_weight=204.02688070386648 19.970947772264481 14.48882782459259 4.6277196109294882 83.619962647557259 100.07112572342157 16.522095754742626 2.6270415633916882 23.164125271141529 4.378038451075553 2.3321615755557987 8.1254328638315201 1.8844345659017561 1.9469022452831266 26.604583941400051 1.9936246648430813 3.2426553890109062 20.181780554354191 1.8219484090805098 1.9554678201675404 12.010089889168738 1.9924755394458777 10.58101075142622 2.5043021738529205 1.980435810983181 3.6662657409906378 57.240802437067032 25.60508731007576 26.872522056102753 20.504309266805649 13.900673285126684
leaf_count=980 243 167 21 456 500 217 30 322 35 26 100 22 22 429 21 34 219 21 21 124 19 115 26 20 29 259 122 119 112 75
internal_value=-0.000971216 0.0125742 0.0269467 -0.0375111 -0.0167638 -0.0122156 -0.0663563 -0.0533959 -0.0358839 -0.0459188 -0.0123887 0.0511292 0.0990096 -0.0937573 -0.0457156 0.021581 -0.0509349 -0.0377755 -0.00571643 -0.0589782 -0.0198305 -0.0289127 0.0307429 0.0986565 -0.0560902 0.0535182 0.0558393 0.0368406 0.0667183 0.0887959
internal_weight=720.444 525.602 352.778 194.842 172.824 103.808 91.0337 61.802 38.6379 34.2599 14.2889 6.1635 4.27906 29.2316 72.7526 5.23628 67.5163 47.3346 18.8432 28.4914 14.0026 16.8877 6.30669 3.80238 20.1884 148.751 144.123 52.4776 91.6458 34.405
internal_count=4906 2975 1688 1931 1287 702 1229 770 448 413 170 70 48 459 787 55 732 513 203 310 143 182 67 41 246 708 687 241 446 187
is_linear=0
shrinkage=0.1


Tree=16
num_leaves=31
num_cat=0
split_feature=15 8 7 7 7 8 8 10 44 113 108 32 61 0 0 16 69 13 0 0 0 81 47 78 0 31 10 82 26 1
split_gain=29.8369 18.2667 15.3961 12.8416 9.05019 4.17444 3.18677 3.09219 2.78122 2.74053 2.49273 2.49232 3.01431 2.50255 7.45848 4.61357 4.4449 5.50179 3.5209 2.48614 8.14377 3.50305 3.42796 4.34515 3.81826 4.53973 3.68223 3.93027 3.52367 3.46522
threshold=1.0000000180025095e-35 1.0000000180025095e-35 1.0000000180025095e-35 1.0000000180025095e-35 1.0000000180025095e-35 1.0000000180025095e-35 1.0000000180025095e-35 1.0000000180025095e-35 1.0000000180025095e-35 1.0000000180025095e-35 1.0000000180025095e-35 1.0000000180025095e-35 1.0000000180025095e-35 4.7556469440460214 9.1197810173034686 1.0000000180025095e-35 1.0000000180025095e-35 1.0000000180025095e-35 3.6783025264739995 14.917180061340334 14.351813793182375 1.0000000180025095e-35 1.0000000180025095e-35 1.0000000180025095e-35 6.635181427001954 1.0000000180025095e-35 1.0000000180025095e-35 1.0000000180025095e-35 1.0000000180025095e-35 -0.65274924039840687
decision_type=2 2 2 2 2 2 2 2 2 2 2 2 2 2 2 2 2 2 2 2 2 2 2 2 2 2 2 2 2 2
left_child=1 2 -1 6 -3 11 7 9 -8 -2 -4 13 -13 18 15 -15 17 -16 -5 20 22 -21 23 26 -24 -26 27 29 -28 -6
right_child=3 4 10 5 19 -7 8 -9 -10 -11 -12 12 -14 14 16 -17 -18 -19 -20 21 -22 -23 24 -25 25 -27 28 -29 -30 -31
leaf_value=0.0067992247348759305 -0.07752198026594076 -0.042967972755507233 0.045493100395405286 0.0076891737209456804 0.086935379841322061 -0.053106494041451159 0.056011259089252911 -0.024248312295264779 -0.098971062443426697 0.044453214895846471 0.09366675661601187 -0.066776892081870917 0.027646160374706508 0.042125452250042716 -0.082303014776652916 0.16335544756879244 0.030497538948669342 0.032946393803067665 -0.085414704817968368 0.00076240689368730534 0.1452000765402319 -0.099352326842241351 0.11575713301443427 -0.11022218559726049 0.10285614459087962 -0.010053582795283912 -0.094089484156302847 0.10541117565276381 -0.005180184321771102 -0.011145836204216253
leaf_weight=204.52282302081585 31.656207703053951 70.211892388761044 133.72233779728413 11.416269332170488 4.2707107365131405 19.258765831589699 1.2124623656272913 25.507311388850212 25.730148151516914 1.9558159708976735 11.679425761103628 10.83085362613201 4.9151901155710211 11.727851137518885 11.817616358399393 4.2865684479475012 15.877155810594557 6.3775203973054877 6.3050938546657553 10.46283273398876 4.2704332470893851 5.248117968440055 4.6680268496274975 4.043807551264762 4.6014522314071664 15.748012110590935 6.9192189872264871 4.4656060934066764 12.529553979635239 23.00935281813145
leaf_count=980 430 787 652 64 21 246 17 313 442 27 56 62 27 63 66 22 84 33 35 50 19 27 21 23 21 75 37 23 67 116
internal_value=-0.000947715 0.0114091 0.0244853 -0.0349923 -0.0154358 -0.0111359 -0.063492 -0.0505016 -0.0919966 -0.0704245 0.0493627 -0.00146193 -0.0373024 0.00686075 0.0182879 0.074575 -0.00816778 -0.0419073 -0.0254363 0.00384933 0.0106391 -0.0326801 0.00347906 -0.0104295 0.0341889 0.0154777 -0.00254694 0.0184448 -0.0368111 0.00420884
internal_weight=709.248 520.374 349.925 188.875 170.449 102.813 86.0619 59.1193 26.9426 33.612 145.402 83.5541 15.746 67.8081 50.0867 16.0144 34.0723 18.1951 17.7214 100.237 84.5262 15.711 80.2557 55.2383 25.0175 20.3495 51.1944 31.7457 19.4488 27.2801
internal_count=4906 2975 1688 1931 1287 702 1229 770 459 457 708 456 89 367 268 85 183 99 99 500 423 77 404 287 117 96 264 160 104 137
is_linear=0
shrinkage=0.1


Tree=17
num_leaves=31
num_cat=0
split_feature=15 8 7 7 7 8 8 14 24 140 81 26 10 74 0 0 0 0 1 61 53 68 11 0 0 1 13 54 6 13
split_gain=24.9615 14.9966 12.9699 11.4618 7.64549 3.57016 3.14283 3.08678 2.75254 2.6664 2.5579 3.68705 2.72386 2.39806 2.37315 4.27705 2.56906 2.98132 6.02804 3.58573 4.29801 4.14703 5.29433 4.30577 3.31374 2.71131 5.93524 8.40325 4.00969 3.84602
threshold=1.0000000180025095e-35 1.0000000180025095e-35 1.0000000180025095e-35 1.0000000180025095e-35 1.0000000180025095e-35 1.0000000180025095e-35 1.0000000180025095e-35 1.0000000180025095e-35 1.0000000180025095e-35 1.0000000180025095e-35 1.0000000180025095e-35 1.0000000180025095e-35 1.0000000180025095e-35 1.0000000180025095e-35 2.2026009559631352 2.8350445032119755 4.8911705017089853 5.4948666095733651 -0.3628412783145904 1.0000000180025095e-35 1.0000000180025095e-35 1.0000000180025095e-35 1.0000000180025095e-35 9.6605067253112811 5.2279260158538827 -0.17484219372272489 1.0000000180025095e-35 1.0000000180025095e-35 1.0000000180025095e-35 1.0000000180025095e-35
decision_type=2 2 2 2 2 2 2 2 2 2 2 2 2 2 2 2 2 2 2 2 2 2 2 2 2 2 2 2 2 2
left_child=1 2 14 6 -3 -5 7 9 -8 10 -2 12 -12 -13 -1 -16 -17 24 -19 20 25 23 -23 -21 -18 29 27 -27 -29 -20
right_child=3 4 -4 5 -6 -7 8 -9 -10 -11 11 13 -14 -15 15 16 17 18 19 21 -22 22 -24 -25 -26 26 -28 28 -30 -31
leaf_value=-0.08550654833020449 -0.064624317023130248 -0.040100880672906319 0.045386174049281781 -0.0014153017701087054 0.0033896130774138315 -0.050043926457152554 0.0089484052330462832 -0.078383639091142598 -0.1013588791908696 0.043454313886322905 -0.030374602756571157 -0.090137004140203203 0.10448322607513055 0.036792737954855652 0.080382738185668934 -0.02278524647896521 0.0047310333648811036 -0.12900682867492799 -0.048822288750631167 0.016276004273439559 -0.011308076688360754 -0.031347222563716068 0.095495416793470775 -0.050225377048163371 0.12658611870233752 0.032093893875354183 0.010558682004695799 0.20210374622444516 0.079749236025616885 0.04900569738904436
leaf_weight=2.7891482710838309 18.082516968250275 67.836445726454258 142.49473562836647 83.341602846980095 100.02276246249676 18.437442362308502 2.5170683264732387 20.638646006584167 22.338414140045643 4.3576960414648047 2.5248672291636485 5.3531521707773209 3.6816517785191536 2.0617079064249992 7.716787874698638 29.358736485242844 4.4731364101171476 3.2336709946393958 8.2935032248496956 15.129416808485983 29.497466072440147 6.0586300343275052 7.2026311010122299 27.312590152025223 4.4536117762327194 15.873254582285888 24.974851198494434 5.8868450671434402 4.9142176359891891 7.7966146022081366
leaf_count=13 243 787 708 456 500 246 30 322 429 35 32 72 38 28 36 142 21 14 38 75 143 36 31 135 20 73 119 27 22 35
internal_value=-0.000916789 0.0103575 0.0222146 -0.0326066 -0.0141861 -0.0102245 -0.0605389 -0.0475417 -0.0901883 -0.0298903 -0.0399715 -0.00724466 0.0496219 -0.0548441 0.00610536 0.00736921 0.00447179 0.00931873 0.00610601 0.00896276 0.020552 -0.0112676 0.0375452 -0.0265195 0.0655253 0.0344256 0.0455921 0.0783935 0.146435 -0.00141884
internal_weight=698.654 515.319 347.46 183.335 167.859 101.779 81.5557 56.7002 24.8555 36.0616 31.7039 13.6214 6.20652 7.41486 204.965 202.176 194.459 165.1 156.174 152.94 97.2368 55.7033 13.2613 42.442 8.92675 67.7393 51.6492 26.6743 10.8011 16.0901
internal_count=4906 2975 1688 1931 1287 702 1229 770 459 448 413 170 70 100 980 967 931 789 748 734 457 277 67 210 41 314 241 122 49 73
is_linear=0
shrinkage=0.1


Tree=18
num_leaves=31
num_cat=0
split_feature=15 8 7 7 7 14 8 14 8 25 11 14 53 0 56 54 22 13 83 140 0 0 1 50 11 6 21 78 16 12
split_gain=20.8317 12.2694 10.9074 10.2718 6.47141 3.34536 3.06771 2.86734 2.75299 2.65774 2.46364 2.92207 3.04598 5.51022 3.89323 2.42916 4.50307 3.18086 7.93602 2.72122 2.42801 4.2579 2.99423 3.2625 2.76457 2.35474 4.24807 2.34359 2.31223 2.6347
threshold=1.0000000180025095e-35 1.0000000180025095e-35 1.0000000180025095e-35 1.0000000180025095e-35 1.0000000180025095e-35 1.0000000180025095e-35 1.0000000180025095e-35 1.0000000180025095e-35 1.0000000180025095e-35 1.0000000180025095e-35 1.0000000180025095e-35 1.0000000180025095e-35 1.0000000180025095e-35 9.1197810173034686 1.0000000180025095e-35 1.0000000180025095e-35 1.0000000180025095e-35 1.0000000180025095e-35 1.0000000180025095e-35 1.0000000180025095e-35 10.513347148895265 9.7960300445556658 0.59692752361297619 1.0000000180025095e-35 1.0000000180025095e-35 1.0000000180025095e-35 1.0000000180025095e-35 1.0000000180025095e-35 1.0000000180025095e-35 1.0000000180025095e-35
decision_type=2 2 2 2 2 2 2 2 2 2 2 2 2 2 2 2 2 2 2 2 2 2 2 2 2 2 2 2 2 2
left_child=1 2 -1 6 15 -5 7 20 -7 -8 27 -12 13 14 -13 25 17 19 -19 -17 21 -2 -22 24 -24 -3 -27 28 -4 -30
right_child=3 4 10 5 -6 8 9 -9 -10 -11 11 12 -14 -15 -16 16 -18 18 -20 -21 22 -23 23 -25 -26 26 -28 -29 29 -31
leaf_value=0.0054583231586373977 -0.019921768621643104 -0.084306237301604525 0.011739470825865621 0.002653222269261585 0.0030464957887653796 -0.02447142333414544 0.0081159617545777073 -0.075779707281515743 -0.10915377700330822 -0.10039917665456087 0.078716085956359039 -0.0029428510521954622 0.10915926969238038 -0.057644540950868496 0.11954460866063606 -0.070495947710512916 0.10360635574048388 -0.032647603688113272 0.14874719666587352 0.037390547438866037 -0.097817248449448765 0.1323495318850238 -0.109872739338975 0.10308697295023805 0.022737850339491886 -0.050429675924659079 0.11869884402505942 0.091148678802633748 0.025880672527885114 0.08177439808238296
leaf_weight=204.8086683601141 16.556827917695049 16.245172448456287 44.769386902451515 70.569389976561069 100.1520184352994 25.896435201168064 2.5377825275063541 19.283777974545956 4.5071621537208548 20.399137564003468 30.661976546049118 5.2110301852226311 3.988783970475196 6.8219271302223197 5.1688975244760513 17.477265506982807 2.7052643522620192 11.556329518556593 3.0479986593127242 2.6989573165774337 8.3495306074619311 2.0654494166374198 3.3228685036301595 1.8757405281066892 2.9836392402648926 10.203917294740677 1.7380718663334853 6.1270263791084281 23.99671596288681 13.003382369875906
leaf_count=980 209 216 209 471 500 168 31 322 63 428 182 29 22 33 26 204 21 135 29 31 109 27 43 24 36 132 19 30 115 62
internal_value=-0.000881573 0.00939916 0.0201553 -0.0303022 -0.0129505 -0.00929417 -0.0577175 -0.0447926 -0.0370251 -0.0883929 0.0416945 0.0589813 0.0304259 0.0121691 0.0580523 -0.037346 -0.0206687 -0.0303349 0.00521043 -0.0560641 -0.0277947 -0.00303293 -0.0556876 -0.0126966 -0.047134 -0.0595251 -0.0258142 0.0314965 0.0270268 0.0455241
internal_weight=688.731 510.383 344.558 178.348 165.825 100.973 77.3748 54.4378 30.4036 22.9369 139.749 51.8526 21.1906 17.2019 10.3799 65.673 37.4858 34.7806 14.6043 20.1762 35.1541 18.6223 16.5318 8.18225 6.30651 28.1872 11.942 87.8965 81.7695 37.0001
internal_count=4906 2975 1688 1931 1287 702 1229 770 231 459 708 292 110 88 55 787 420 399 164 235 448 236 212 103 79 367 151 416 386 177
is_linear=0
shrinkage=0.1


Tree=19
num_leaves=31
num_cat=0
split_feature=15 8 7 7 7 88 8 14 10 0 113 0 9 11 5 74 0 46 47 12 39 6 0 11 130 1 26 6 12 1
split_gain=17.368 10.0978 9.20871 9.15238 5.5165 3.26737 2.98575 2.94696 2.86643 2.69017 2.61208 2.58047 4.77776 6.33697 2.5141 3.73941 3.89383 3.74256 3.85909 4.43289 3.14243 4.21931 3.20923 2.599 2.44078 8.41175 4.25507 3.89565 3.70725 2.61494
threshold=1.0000000180025095e-35 1.0000000180025095e-35 1.0000000180025095e-35 1.0000000180025095e-35 1.0000000180025095e-35 1.0000000180025095e-35 1.0000000180025095e-35 1.0000000180025095e-35 1.0000000180025095e-35 17.370294570922855 1.0000000180025095e-35 5.1238877773284921 1.0000000180025095e-35 1.0000000180025095e-35 1.0000000180025095e-35 1.0000000180025095e-35 6.5010266304016122 1.0000000180025095e-35 1.0000000180025095e-35 1.0000000180025095e-35 1.0000000180025095e-35 1.0000000180025095e-35 13.419575691223146 1.0000000180025095e-35 1.0000000180025095e-35 -0.46931324899196619 1.0000000180025095e-35 1.0000000180025095e-35 1.0000000180025095e-35 -0.15446041524410245
decision_type=2 2 2 2 2 2 2 2 2 2 2 2 2 2 2 2 2 2 2 2 2 2 2 2 2 2 2 2 2 2
left_child=1 2 -1 6 24 7 8 -5 10 -8 11 12 13 -2 15 17 -17 -4 -19 -20 21 22 -18 -16 29 27 -27 -26 -29 -3
right_child=3 4 14 5 -6 -7 9 -9 -10 -11 -12 -13 -14 -15 23 16 20 18 19 -21 -22 -23 -24 -25 25 26 -28 28 -30 -31
leaf_value=0.0049036783991796423 0.16876282397682213 -0.098269703576457576 -0.051067238610680091 -0.00036140275941284558 0.0027384997907518305 0.093129884089603807 -0.095306545830352724 -0.038494424289076151 -0.016070881290921265 0.058665943137934586 0.051092815915324323 -0.088435852251304028 -0.10750345787859408 -0.10790407651260783 0.039175445592230546 -0.090407966176637669 -0.021114026141639236 0.068301078474251306 0.049210758529402855 -0.057153123814711375 0.074364879190050734 -0.083667718055359885 0.092321728882512055 0.084686138175096626 -0.095012444076173597 0.24056514363935913 0.038294378461616325 0.095446919832798238 -0.071010989033661917 -0.035782081188093333
leaf_weight=205.1573169529438 2.1706994101405206 8.0836727470159513 4.0200424939393988 68.424302712082863 100.26795999705791 3.069697491824626 19.980827283114198 28.794648341834545 23.438009429723024 1.2030570805072773 1.8739198595285405 20.549338713288307 3.0746197625994682 1.3382862731814387 36.691513806581497 4.3587387949228313 5.9149180650711077 34.44430585205555 10.589039117097856 6.2198770046234122 6.0469211339950553 5.2355123460292807 4.3123060762882233 19.069817990064621 6.7840342223644274 1.7038089558482159 2.6694900095462799 2.9092733487486839 2.4772226586937904 39.037399537861347
leaf_count=980 35 100 19 456 500 21 438 225 313 21 27 324 50 21 176 22 28 186 58 33 30 25 22 109 88 19 32 35 29 484
internal_value=-0.000842878 0.0085273 0.018307 -0.0281044 -0.0118788 -0.00844843 -0.0548774 -0.0116558 -0.042079 -0.0865623 -0.063094 -0.0709803 -0.0164963 0.0632453 0.0383926 0.0271587 -0.00422128 0.0418448 0.0491324 0.00985246 0.0132437 -0.0106586 0.0267161 0.0547396 -0.0349001 -0.00185525 0.117098 -0.0445993 0.0188938 -0.0465019
internal_weight=679.911 505.993 342.06 173.917 163.933 100.289 73.6288 97.219 52.4449 21.1839 29.0069 27.1329 6.58361 3.50899 136.903 81.1417 25.8684 55.2733 51.2532 16.8089 21.5097 15.4627 10.2272 55.7613 63.6649 16.5438 4.3733 12.1705 5.3865 47.1211
internal_count=4906 2975 1688 1931 1287 702 1229 681 770 459 457 430 106 56 708 423 127 296 277 91 105 75 50 285 787 203 51 152 64 584
is_linear=0
shrinkage=0.1


Tree=20
num_leaves=31
num_cat=0
split_feature=15 8 7 7 7 14 0 44 8 10 35 67 0 8 83 108 63 26 104 73 14 67 6 1 36 10 0 14 12 81
split_gain=14.4617 8.3106 8.11856 7.76232 4.68439 3.12967 4.21341 3.22304 3.47307 2.95664 2.94333 3.10403 7.16991 2.92812 2.54516 2.29851 2.47972 2.3813 2.32058 2.90729 4.77273 4.65076 7.47897 7.31636 3.75777 3.52454 2.7028 2.25622 2.24748 3.10849
threshold=1.0000000180025095e-35 1.0000000180025095e-35 1.0000000180025095e-35 1.0000000180025095e-35 1.0000000180025095e-35 1.0000000180025095e-35 2.6652977466583256 1.0000000180025095e-35 1.0000000180025095e-35 1.0000000180025095e-35 1.0000000180025095e-35 1.0000000180025095e-35 13.211498737335207 1.0000000180025095e-35 1.0000000180025095e-35 1.0000000180025095e-35 1.0000000180025095e-35 1.0000000180025095e-35 1.0000000180025095e-35 1.0000000180025095e-35 1.0000000180025095e-35 1.0000000180025095e-35 1.0000000180025095e-35 -0.67830252647399891 1.0000000180025095e-35 1.0000000180025095e-35 4.7556469440460214 1.0000000180025095e-35 1.0000000180025095e-35 1.0000000180025095e-35
decision_type=2 2 2 2 2 2 2 2 2 2 2 2 2 2 2 2 2 2 2 2 2 2 2 2 2 2 2 2 2 2
left_child=1 3 5 27 -3 6 -2 -8 9 -9 11 12 -11 -4 -15 16 18 -17 19 21 -21 26 23 -23 -25 -24 -5 -1 29 -22
right_child=2 4 13 15 -6 -7 7 8 -10 10 -12 -13 -14 14 -16 17 -18 -19 -20 20 28 22 25 24 -26 -27 -28 -29 -30 -31
leaf_value=0.013130185205720743 0.11311852677391453 -0.032513014069685868 0.00016475596897815408 0.13569859069793946 0.0024619527451288474 -0.081109978097040028 0.076688949514611471 -0.062648520289748363 -0.096086345634079029 0.12427772702898787 0.088284961393541223 -0.066855480505785478 -0.10966280996420839 -0.064110285228302574 0.032778435351305528 0.039368631652316265 -0.032226813444653543 0.1354561713563259 0.098532366874646143 0.045834051385400774 -0.046098434683414929 -0.13080592771060004 0.10624560845193542 0.037743841825262872 -0.053519913740229241 0.021103839513205679 0.058999094954187759 -0.008180784872929555 -0.07211724349412417 0.055081014081229146
leaf_weight=121.35740855336189 1.8030619844794262 61.918055132031441 82.471977062523365 5.6936034560203579 100.37199329584837 24.264033786952496 2.1464626193046561 15.238270927220583 11.390462856739758 3.3872606977820379 3.0040954872965822 6.8806711435317993 2.1363894045352936 13.861539885401728 3.3704898580908766 6.0841248482465726 5.8188489079475394 4.4770921319723129 5.423927664756774 17.779016301035881 6.7462305277586001 4.3290559798479071 11.228511989116669 15.642786920070654 6.3402622789144507 8.5750828832387924 23.797711551189423 84.111587561666965 6.833926409482955 5.5217369645833969
leaf_count=526 30 787 456 31 500 484 29 225 271 39 36 87 28 217 29 32 30 24 29 94 32 21 63 86 34 45 129 454 32 26
internal_value=-0.000801343 0.00773391 -0.0260147 0.016626 -0.0108819 -0.0520525 -0.0367208 -0.0428355 -0.0489386 -0.0314152 -0.000526694 -0.0220352 0.0337962 -0.0076687 -0.0451594 0.0353223 0.0315001 0.0801019 0.034645 0.0315645 0.00854623 0.0427927 0.022959 -0.0119784 0.0114219 0.0693787 0.0738067 0.00440624 -0.0261593 -0.000558185
internal_weight=672.006 502.051 169.955 339.761 162.29 70.2507 45.9867 44.1836 42.0372 30.6467 15.4084 12.4043 5.52365 99.704 17.232 134.292 123.731 10.5612 117.912 112.488 36.8809 75.607 46.1157 26.3121 21.983 19.8036 29.4913 205.469 19.1019 12.268
internal_count=4906 2975 1931 1688 1287 1229 745 715 686 415 190 154 67 702 246 708 652 56 622 593 184 409 249 141 120 108 160 980 90 58
is_linear=0
shrinkage=0.1


Tree=21
num_leaves=31
num_cat=0
split_feature=15 7 8 7 14 0 22 64 85 8 104 11 0 1 10 0 88 14 44 7 95 0 140 41 6 26 81 9 73 81
split_gain=12.0747 7.1796 6.81747 6.54601 4.22934 4.54666 4.03451 3.74041 3.21873 2.94892 2.89775 2.89377 4.45392 3.96959 2.82501 2.69032 2.58576 2.51418 2.40622 3.15322 5.75145 4.64835 3.95225 3.11068 3.08077 2.49204 3.34826 3.69458 3.0679 3.13231
threshold=1.0000000180025095e-35 1.0000000180025095e-35 1.0000000180025095e-35 1.0000000180025095e-35 1.0000000180025095e-35 17.370294570922855 1.0000000180025095e-35 1.0000000180025095e-35 1.0000000180025095e-35 1.0000000180025095e-35 1.0000000180025095e-35 1.0000000180025095e-35 12.581793308258058 -0.41120998561382288 1.0000000180025095e-35 13.882272243499758 1.0000000180025095e-35 1.0000000180025095e-35 1.0000000180025095e-35 1.0000000180025095e-35 1.0000000180025095e-35 3.3497605323791508 1.0000000180025095e-35 1.0000000180025095e-35 1.0000000180025095e-35 1.0000000180025095e-35 1.0000000180025095e-35 1.0000000180025095e-35 1.0000000180025095e-35 1.0000000180025095e-35
decision_type=2 2 2 2 2 2 2 2 2 2 2 2 2 2 2 2 2 2 2 2 2 2 2 2 2 2 2 2 2 2
left_child=2 8 3 -1 5 18 7 11 9 10 14 15 13 -13 -2 -6 17 -3 -4 21 25 -20 23 -23 -25 28 -27 -28 29 -21
right_child=1 16 4 -5 6 -7 -8 -9 -10 -11 -12 12 -14 -15 -16 -17 -18 -19 19 20 -22 22 -24 24 -26 26 27 -29 -30 -31
leaf_value=0.0039637045875822946 -0.067010074811190035 0.00046628918312153578 -0.073829364340527379 0.032517103348159347 -0.080939277303791524 -0.11016635626010432 0.060764018445315759 0.055938553476249243 0.096893830210289619 -0.087619744909265204 0.1005245306000163 -0.074007406254252284 -0.12026144808322914 0.039349493973056669 -0.017656569878483155 -0.010650197851232524 0.081693501923827599 -0.035174933219693165 0.11010809334811478 -0.080125704555209121 0.13199991798629079 -0.04973810063352066 0.080311147877791006 -0.042295042871562785 0.16073642170848609 0.05560708359660177 -0.056907022492095817 0.053259234108043889 0.040383384149324617 0.0089674976643123582
leaf_weight=205.48166450113058 24.964193873107433 67.930153653025627 3.6189041063189498 131.78283016383648 24.086011458188299 3.4743878319859496 4.3812202364206305 3.8484026938676825 1.4723128005862225 17.609104294329882 1.4282135739922512 4.2935761213302621 3.3171994835138312 11.013283662497997 21.661755822598934 7.0361154004931441 3.1832766756415358 27.929555110633373 2.7174194604158393 7.9942034333944338 4.4637869894504538 24.97797682881356 3.1288284286856642 1.5099640488624564 1.4797942563891411 21.348793402314186 7.1008593440055829 5.328523263335228 7.839116856455802 7.7930544316768646
leaf_count=980 439 456 31 708 229 26 39 31 28 445 21 40 31 87 296 57 21 225 35 36 20 324 35 21 19 94 35 24 35 38
internal_value=-0.000745461 -0.0240867 0.00704307 0.0151207 -0.00990412 0.0022784 -0.0315005 -0.0390429 -0.049333 -0.0526118 -0.0397833 -0.0463907 -0.0152126 0.00755287 -0.0440811 -0.0650483 -0.00697366 -0.00991809 0.00621266 0.00924002 0.0226607 -0.0153154 -0.0262757 -0.0381999 0.0581963 0.0141585 0.031584 -0.00967833 -0.0107544 -0.0361467
internal_weight=664.194 166.179 498.016 337.264 160.751 102.776 57.9758 53.5946 67.1356 65.6633 48.0542 49.7462 18.6241 15.3069 46.6259 31.1221 99.043 95.8597 99.3012 95.6823 61.8683 33.814 31.0966 27.9677 2.98976 57.4046 33.7782 12.4294 23.6264 15.7873
internal_count=4906 1931 2975 1688 1287 773 514 475 1229 1201 756 444 158 127 735 286 702 681 747 716 282 434 399 364 40 262 153 59 109 74
is_linear=0
shrinkage=0.1


Tree=22
num_leaves=31
num_cat=0
split_feature=15 8 233 8 7 214 88 104 14 0 7 22 10 26 64 1 17 11 14 73 5 67 11 0 13 12 65 23 35 0
split_gain=9.9902 6.58798 6.48988 6.16947 6.46205 5.80419 4.54724 4.04012 3.86531 3.94535 3.74142 3.37389 3.22938 4.86278 3.18129 3.15237 3.09631 2.69916 2.76691 2.77892 2.64727 2.58497 2.5042 2.44067 5.33669 4.53539 2.43114 2.28551 2.21074 4.26685
threshold=1.0000000180025095e-35 1.0000000180025095e-35 1.0000000180025095e-35 1.0000000180025095e-35 1.0000000180025095e-35 1.0000000180025095e-35 1.0000000180025095e-35 1.0000000180025095e-35 1.0000000180025095e-35 17.370294570922855 1.0000000180025095e-35 1.0000000180025095e-35 1.0000000180025095e-35 1.0000000180025095e-35 1.0000000180025095e-35 -1.0000000180025095e-35 1.0000000180025095e-35 1.0000000180025095e-35 1.0000000180025095e-35 1.0000000180025095e-35 1.0000000180025095e-35 1.0000000180025095e-35 1.0000000180025095e-35 4.8090348243713388 1.0000000180025095e-35 1.0000000180025095e-35 1.0000000180025095e-35 1.0000000180025095e-35 1.0000000180025095e-35 9.8631072044372576
decision_type=2 2 2 2 2 2 2 2 2 2 2 2 2 2 2 2 2 2 2 2 2 2 2 2 2 2 2 2 2 2
left_child=2 5 3 4 22 6 7 10 9 -5 12 14 23 28 27 -8 -3 -6 -19 -20 -15 -21 -1 24 -2 -26 -24 -10 29 -14
right_child=1 16 -4 8 17 -7 15 -9 11 -11 -12 -13 13 20 -16 -17 -18 18 19 21 -22 -23 26 -25 25 -27 -28 -29 -30 -31
leaf_value=-0.0074720232285719682 -0.10654460957304955 0.071342338337647068 -0.13185387132108517 0.0062451193532563169 0.021775747405689345 0.15205181952105887 -0.001503030120228181 0.082287559887213535 0.053509667073064066 -0.10513499362211741 -0.0083078926658096564 0.052451322272385852 0.092242229401457682 -0.10856226489428045 0.048597268858544339 0.16271603810498875 -0.068706494403532367 0.073141269456673805 0.062361434222803692 0.040669135195442928 -0.0094127381369390958 -0.060748322910762348 0.018374847718298951 -0.089273459333704522 -0.030746112162544845 0.24122931790004776 -0.047312038443160905 -0.049366314158597061 0.126595504661032 -0.059743475479620889
leaf_weight=98.744102120399475 2.7742202989757088 1.6610986329615105 3.3746035769581786 98.491948012262583 82.474863052368164 2.1218402944505206 2.2972480393946171 3.8591913841664782 2.2673541940748683 3.2864347249269477 75.742052927613258 4.5578150227665892 3.4224004037678242 5.7613457217812538 3.9792594760656348 2.3799552768468848 31.805586542934179 26.397714741528034 9.4944290444254875 4.7477880269289017 5.0561506785452366 5.339807316660881 99.865494593977928 17.386830817908049 1.3191688992083073 1.1455926038324833 5.9713609814643851 45.400649603456259 2.0911418795585632 4.0131328776478767
leaf_count=512 52 24 19 744 413 19 19 34 20 26 424 39 40 86 31 23 681 179 60 23 77 26 435 328 24 19 28 420 25 56
internal_value=-0.000725864 -0.0222085 0.00634982 0.00729964 0.01502 -0.0119782 -0.0147134 -0.0184061 -0.0089751 0.00264864 -0.0216795 -0.0300238 -0.0452494 -0.0163387 -0.0373022 0.0820585 -0.0617553 0.0325991 0.0520132 0.0235313 -0.0622193 -0.0130156 0.00398218 -0.0712447 -0.011412 0.0956649 0.0146688 -0.044473 0.0357586 0.010212
internal_weight=657.231 162.837 494.394 491.019 333.036 129.37 127.248 122.571 157.983 101.778 118.712 56.2051 42.97 20.3442 51.6473 4.6772 33.4667 128.455 45.9797 19.582 10.8175 10.0876 204.581 22.6258 5.23898 2.46476 105.837 47.668 9.52668 7.43553
internal_count=4906 1931 2975 2956 1676 1226 1207 1165 1280 770 1131 510 707 284 471 42 705 701 288 109 163 49 975 423 95 43 463 440 121 96
is_linear=0
shrinkage=0.1


Tree=23
num_leaves=31
num_cat=0
split_feature=15 7 233 7 266 8 8 14 156 55 44 8 0 12 0 73 61 35 54 22 13 83 130 11 0 0 13 32 61 13
split_gain=8.3378 5.82036 5.28744 5.53656 5.86573 4.41229 3.99848 3.12795 3.87182 2.49835 3.67754 3.78011 4.60393 3.31396 3.9638 3.4275 2.80268 2.76629 2.48075 4.1217 2.92204 6.63359 2.40454 2.3799 2.47602 5.15936 4.89306 2.33821 3.22485 2.23023
threshold=1.0000000180025095e-35 1.0000000180025095e-35 1.0000000180025095e-35 1.0000000180025095e-35 1.0000000180025095e-35 1.0000000180025095e-35 1.0000000180025095e-35 1.0000000180025095e-35 1.0000000180025095e-35 1.0000000180025095e-35 1.0000000180025095e-35 1.0000000180025095e-35 10.513347148895265 1.0000000180025095e-35 6.4298424720764169 1.0000000180025095e-35 1.0000000180025095e-35 1.0000000180025095e-35 1.0000000180025095e-35 1.0000000180025095e-35 1.0000000180025095e-35 1.0000000180025095e-35 1.0000000180025095e-35 1.0000000180025095e-35 13.661875724792482 9.1197810173034686 1.0000000180025095e-35 1.0000000180025095e-35 1.0000000180025095e-35 1.0000000180025095e-35
decision_type=2 2 2 2 2 2 2 2 2 2 2 2 2 2 2 2 2 2 2 2 2 2 2 2 2 2 2 2 2 2
left_child=2 7 3 4 5 -1 23 8 9 -2 -11 12 13 14 -12 -16 -15 -14 -7 20 22 -22 -20 -5 25 -25 -27 29 -29 -3
right_child=1 27 -4 6 -6 18 -8 -9 -10 10 11 -13 17 16 15 -17 -18 -19 19 -21 21 -23 -24 24 -26 26 -28 28 -30 -31
leaf_value=0.005620389732686127 -0.072964106478685467 -0.010188945916827145 -0.11931113330466135 0.019798643773963901 -0.1213504534075126 -0.050180052738260698 0.0030605505643178446 -0.076159080291020628 0.15253683201285662 0.12493638696469106 -0.0002241668468999842 -0.089802206076818866 -0.082130465409846254 0.047003441777485618 0.065745227383641844 0.27015505141901114 -0.11050988392141961 0.05569340561699912 -0.061159853047345031 0.11363360166179071 -0.0216865822865774 0.1458437819634858 0.043094496148156372 0.065090392488723045 0.092308678285718149 -0.062590654053240311 0.067325162325295271 -0.067719282689625557 0.022789107238842775 0.024938145750200463
leaf_weight=201.35554990172386 11.574590321630238 52.036259543150663 3.3572754971683016 81.683228775858879 4.1385062858462325 24.179337080568075 98.702556766569614 20.746010329574347 1.1475300043821324 1.6954283751547361 2.6969257593154961 7.0554028004407874 7.5723147094249708 2.5251957476139069 1.7181055136024952 1.5697955749928951 2.0440267659723759 1.8030535131692884 14.661631006747486 2.5676194652914992 10.264689996838571 3.0705526769161215 2.6054289266467086 21.911977492272854 10.017412029206751 7.9744440913200361 4.5549850016832352 11.997593738138677 5.8592632748186579 27.693671483546495
leaf_count=960 212 391 19 413 26 360 497 484 21 22 35 206 119 33 25 19 28 25 199 19 134 28 32 145 71 45 27 91 43 177
internal_value=-0.000700781 -0.0205466 0.00575499 0.00661595 -0.00323871 -0.00134928 0.0181361 -0.0444663 -0.0285856 -0.0337488 -0.0179225 -0.0268981 -0.00462888 0.0406715 0.0896335 0.16334 -0.0234596 -0.0556244 -0.0258201 -0.00806275 -0.0182734 0.0168887 -0.0454289 0.0299322 0.0485504 0.0358231 -0.0153607 -0.00531329 -0.0380213 0.00201222
internal_weight=650.78 159.735 491.045 487.688 262.843 258.705 224.845 62.1484 41.4024 40.2548 28.6802 26.9848 19.9294 10.554 5.98483 3.2879 4.56922 9.37537 57.3493 33.1699 30.6023 13.3352 17.2671 126.142 44.4588 34.4414 12.5294 97.5868 17.8569 79.7299
internal_count=4906 1931 2975 2956 1758 1732 1198 1229 745 724 512 490 284 140 79 44 61 144 772 412 393 162 231 701 288 217 72 702 134 568
is_linear=0
shrinkage=0.1


Tree=24
num_leaves=31
num_cat=0
split_feature=14 116 15 1 268 101 11 0 146 137 73 10 86 177 8 80 177 45 0 236 15 94 5 135 102 45 0 61 78 0
split_gain=7.08096 7.61229 6.03899 5.59427 4.87482 4.32907 3.72764 4.57058 4.35342 3.85718 4.28153 5.68589 3.70401 5.13198 3.64941 3.27946 4.27178 3.99216 3.86634 3.42407 3.34677 4.05078 3.36999 3.27733 3.21187 3.98128 3.9048 5.28469 4.65508 3.16051
threshold=1.0000000180025095e-35 1.0000000180025095e-35 1.0000000180025095e-35 0.94737243652343761 1.0000000180025095e-35 1.0000000180025095e-35 1.0000000180025095e-35 3.639972567558289 1.0000000180025095e-35 1.0000000180025095e-35 1.0000000180025095e-35 1.0000000180025095e-35 1.0000000180025095e-35 1.0000000180025095e-35 1.0000000180025095e-35 1.0000000180025095e-35 1.0000000180025095e-35 1.0000000180025095e-35 9.9206023216247576 1.0000000180025095e-35 1.0000000180025095e-35 1.0000000180025095e-35 1.0000000180025095e-35 1.0000000180025095e-35 1.0000000180025095e-35 1.0000000180025095e-35 14.405201911926271 1.0000000180025095e-35 1.0000000180025095e-35 10.658453464508058
decision_type=2 2 2 2 2 2 2 2 2 2 2 2 2 2 2 2 2 2 2 2 2 2 2 2 2 2 2 2 2 2
left_child=1 3 5 4 6 -2 7 -1 15 12 11 -11 13 -8 -4 16 19 18 -17 20 24 23 -23 -22 25 26 28 -28 29 -9
right_child=2 -3 14 -5 -6 -7 9 8 -10 10 -12 -13 -14 -15 -16 17 -18 -19 -20 -21 21 22 -24 -25 -26 -27 27 -29 -30 -31
leaf_value=0.038164829200914463 -0.0038806613062466648 0.14656036576116729 -0.03314720559734978 -0.065863040121559246 0.1253817347068038 -0.093775011948451059 0.031365030997735882 -0.023122647913363544 0.11661222580937072 -0.074455950454088246 -0.14252754767428472 0.071784126872516188 -0.02462097038621526 -0.10672331606028829 -0.10500822447659375 0.041819841434759558 0.097886205968919046 -0.11620603341727163 -0.070061807415902622 0.0981484112078852 -0.031775414338798581 -0.014243479564959045 0.14784970538336101 -0.12046799167609666 0.067589101537140733 0.020993082928242868 -0.021102621036562737 0.097667933904257265 0.058217243502684514 -0.077276952647316738
leaf_weight=25.887557558715343 188.37410005927086 3.8939474783837786 38.47485376521945 10.528787795454262 3.5066330358386031 5.5139105394482604 129.99351300299168 39.94015945866704 2.8314634412527075 5.4958465173840505 2.807853788137435 5.1500969268381596 14.562946937978266 2.7482533380389205 8.6571404524147493 5.9449697770178336 4.0117704235017291 5.9115554504096499 6.4289415515959263 3.0723125450313082 36.384610760957003 3.2049805000424376 2.1384032368659973 4.7050049751996985 6.6878761351108542 42.134149949997663 9.1730443499982339 6.332501880824565 5.5711005069315425 14.759217418730257
leaf_count=187 1220 29 490 82 24 37 934 228 23 46 22 40 109 17 225 44 29 37 49 18 407 30 23 62 43 233 52 40 34 92
internal_value=-0.000677598 0.00741827 -0.0142415 0.00606345 0.00800831 -0.00643713 0.00694169 -0.00136393 -0.00650017 0.0185725 -0.0326822 -0.00371064 0.0232538 0.0285061 -0.0463465 -0.00827506 -0.00413475 -0.0486049 -0.016309 -0.00648557 -0.00836516 -0.03128 0.0506256 -0.0419312 0.00017436 -0.00364941 -0.0173515 0.0274036 -0.0288655 -0.0377348
internal_weight=644.828 403.807 241.02 399.914 389.385 193.888 385.878 225.12 199.232 160.759 13.4538 10.6459 147.305 132.742 47.132 196.401 178.115 18.2855 12.3739 174.103 171.031 46.433 5.34338 41.0896 124.598 117.91 75.776 15.5055 60.2705 54.6994
internal_count=4906 2934 1972 2905 2823 1257 2799 1631 1444 1168 108 86 1060 951 715 1421 1291 130 93 1262 1244 522 53 469 722 679 446 92 354 320
is_linear=0
shrinkage=0.1


end of trees

feature_importances:
Column_0=97
Column_8=68
Column_7=60
Column_14=58
Column_11=49
Column_15=31
Column_83=22
Column_13=19
Column_81=18
Column_26=17
Column_61=17
Column_10=15
Column_1=14
Column_6=14
Column_9=13
Column_12=13
Column_67=13
Column_54=12
Column_73=12
Column_140=12
Column_16=10
Column_5=8
Column_22=7
Column_24=6
Column_47=6
Column_82=6
Column_21=5
Column_68=5
Column_69=5
Column_78=5
Column_31=4
Column_32=4
Column_35=4
Column_39=4
Column_44=4
Column_50=4
Column_53=4
Column_56=4
Column_64=4
Column_65=4
Column_113=4
Column_168=4
Column_45=3
Column_88=3
Column_104=3
Column_130=3
Column_133=3
Column_34=2
Column_71=2
Column_74=2
Column_86=2
Column_94=2
Column_95=2
Column_96=2
Column_99=2
Column_108=2
Column_134=2
Column_177=2
Column_233=2
Column_17=1
Column_23=1
Column_25=1
Column_36=1
Column_40=1
Column_41=1
Column_42=1
Column_46=1
Column_55=1
Column_62=1
Column_63=1
Column_80=1
Column_85=1
Column_97=1
Column_100=1
Column_101=1
Column_102=1
Column_116=1
Column_135=1
Column_137=1
Column_146=1
Column_156=1
Column_214=1
Column_236=1
Column_266=1
Column_268=1

parameters:
[boosting: gbdt]
[objective: binary]
[metric: binary_logloss]
[tree_learner: serial]
[device_type: cpu]
[data_sample_strategy: bagging]
[data: ]
[valid: ]
[num_iterations: 300]
[learning_rate: 0.1]
[num_leaves: 31]
[num_threads: 0]
[seed: 0]
[deterministic: 0]
[force_col_wise: 0]
[force_row_wise: 0]
[histogram_pool_size: -1]
[max_depth: -1]
[min_data_in_leaf: 20]
[min_sum_hessian_in_leaf: 0.001]
[bagging_fraction: 1]
[pos_bagging_fraction: 1]
[neg_bagging_fraction: 1]
[bagging_freq: 0]
[bagging_seed: 7719]
[bagging_by_query: 0]
[feature_fraction: 1]
[feature_fraction_bynode: 1]
[feature_fraction_seed: 2437]
[extra_trees: 0]
[extra_seed: 11797]
[early_stopping_round: 0]
[early_stopping_min_delta: 0]
[first_metric_only: 0]
[max_delta_step: 0]
[lambda_l1: 0]
[lambda_l2: 0]
[linear_lambda: 0]
[min_gain_to_split: 0]
[drop_rate: 0.1]
[max_drop: 50]
[skip_drop: 0.5]
[xgboost_dart_mode: 0]
[uniform_drop: 0]
[drop_seed: 21238]
[top_rate: 0.2]
[other_rate: 0.1]
[min_data_per_group: 100]
[max_cat_threshold: 32]
[cat_l2: 10]
[cat_smooth: 10]
[max_cat_to_onehot: 4]
[top_k: 20]
[monotone_constraints: ]
[monotone_constraints_method: basic]
[monotone_penalty: 0]
[feature_contri: ]
[forcedsplits_filename: ]
[refit_decay_rate: 0.9]
[cegb_tradeoff: 1]
[cegb_penalty_split: 0]
[cegb_penalty_feature_lazy: ]
[cegb_penalty_feature_coupled: ]
[path_smooth: 0]
[interaction_constraints: ]
[verbosity: -1]
[saved_feature_importance_type: 0]
[use_quantized_grad: 0]
[num_grad_quant_bins: 4]
[quant_train_renew_leaf: 0]
[stochastic_rounding: 1]
[linear_tree: 0]
[max_bin: 255]
[max_bin_by_feature: ]
[min_data_in_bin: 3]
[bin_construct_sample_cnt: 200000]
[data_random_seed: 38]
[is_enable_sparse: 1]
[enable_bundle: 1]
[use_missing: 1]
[zero_as_missing: 0]
[feature_pre_filter: 1]
[pre_partition: 0]
[two_round: 0]
[header: 0]
[label_column: ]
[weight_column: ]
[group_column: ]
[ignore_column: ]
[categorical_feature: ]
[forcedbins_filename: ]
[precise_float_parser: 0]
[parser_config_file: ]
[objective_seed: 8855]
[num_class: 1]
[is_unbalance: 0]
[scale_pos_weight: 1]
[sigmoid: 1]
[boost_from_average: 1]
[reg_sqrt: 0]
[alpha: 0.9]
[fair_c: 1]
[poisson_max_delta_step: 0.7]
[tweedie_variance_power: 1.5]
[lambdarank_truncation_level: 30]
[lambdarank_norm: 1]
[label_gain: ]
[lambdarank_position_bias_regularization: 0]
[eval_at: ]
[multi_error_top_k: 1]
[auc_mu_weights: ]
[num_machines: 1]
[local_listen_port: 12400]
[time_out: 120]
[machine_list_filename: ]
[machines: ]
[gpu_platform_id: -1]
[gpu_device_id: -1]
[gpu_device_id_list: ]
[gpu_use_dp: 0]
[num_gpu: 1]

end of parameters

pandas_categorical:null
