tree
version=v4
num_class=1
num_tree_per_iteration=1
label_index=0
max_feature_idx=567
objective=binary sigmoid:1
feature_names=Column_0 Column_1 Column_2 Column_3 Column_4 Column_5 Column_6 Column_7 Column_8 Column_9 Column_10 Column_11 Column_12 Column_13 Column_14 Column_15 Column_16 Column_17 Column_18 Column_19 Column_20 Column_21 Column_22 Column_23 Column_24 Column_25 Column_26 Column_27 Column_28 Column_29 Column_30 Column_31 Column_32 Column_33 Column_34 Column_35 Column_36 Column_37 Column_38 Column_39 Column_40 Column_41 Column_42 Column_43 Column_44 Column_45 Column_46 Column_47 Column_48 Column_49 Column_50 Column_51 Column_52 Column_53 Column_54 Column_55 Column_56 Column_57 Column_58 Column_59 Column_60 Column_61 Column_62 Column_63 Column_64 Column_65 Column_66 Column_67 Column_68 Column_69 Column_70 Column_71 Column_72 Column_73 Column_74 Column_75 Column_76 Column_77 Column_78 Column_79 Column_80 Column_81 Column_82 Column_83 Column_84 Column_85 Column_86 Column_87 Column_88 Column_89 Column_90 Column_91 Column_92 Column_93 Column_94 Column_95 Column_96 Column_97 Column_98 Column_99 Column_100 Column_101 Column_102 Column_103 Column_104 Column_105 Column_106 Column_107 Column_108 Column_109 Column_110 Column_111 Column_112 Column_113 Column_114 Column_115 Column_116 Column_117 Column_118 Column_119 Column_120 Column_121 Column_122 Column_123 Column_124 Column_125 Column_126 Column_127 Column_128 Column_129 Column_130 Column_131 Column_132 Column_133 Column_134 Column_135 Column_136 Column_137 Column_138 Column_139 Column_140 Column_141 Column_142 Column_143 Column_144 Column_145 Column_146 Column_147 Column_148 Column_149 Column_150 Column_151 Column_152 Column_153 Column_154 Column_155 Column_156 Column_157 Column_158 Column_159 Column_160 Column_161 Column_162 Column_163 Column_164 Column_165 Column_166 Column_167 Column_168 Column_169 Column_170 Column_171 Column_172 Column_173 Column_174 Column_175 Column_176 Column_177 Column_178 Column_179 Column_180 Column_181 Column_182 Column_183 Column_184 Column_185 Column_186 Column_187 Column_188 Column_189 Column_190 Column_191 Column_192 Column_193 Column_194 Column_195 Column_196 Column_197 Column_198 Column_199 Column_200 Column_201 Column_202 Column_203 Column_204 Column_205 Column_206 Column_207 Column_208 Column_209 Column_210 Column_211 Column_212 Column_213 Column_214 Column_215 Column_216 Column_217 Column_218 Column_219 Column_220 Column_221 Column_222 Column_223 Column_224 Column_225 Column_226 Column_227 Column_228 Column_229 Column_230 Column_231 Column_232 Column_233 Column_234 Column_235 Column_236 Column_237 Column_238 Column_239 Column_240 Column_241 Column_242 Column_243 Column_244 Column_245 Column_246 Column_247 Column_248 Column_249 Column_250 Column_251 Column_252 Column_253 Column_254 Column_255 Column_256 Column_257 Column_258 Column_259 Column_260 Column_261 Column_262 Column_263 Column_264 Column_265 Column_266 Column_267 Column_268 Column_269 Column_270 Column_271 Column_272 Column_273 Column_274 Column_275 Column_276 Column_277 Column_278 Column_279 Column_280 Column_281 Column_282 Column_283 Column_284 Column_285 Column_286 Column_287 Column_288 Column_289 Column_290 Column_291 Column_292 Column_293 Column_294 Column_295 Column_296 Column_297 Column_298 Column_299 Column_300 Column_301 Column_302 Column_303 Column_304 Column_305 Column_306 Column_307 Column_308 Column_309 Column_310 Column_311 Column_312 Column_313 Column_314 Column_315 Column_316 Column_317 Column_318 Column_319 Column_320 Column_321 Column_322 Column_323 Column_324 Column_325 Column_326 Column_327 Column_328 Column_329 Column_330 Column_331 Column_332 Column_333 Column_334 Column_335 Column_336 Column_337 Column_338 Column_339 Column_340 Column_341 Column_342 Column_343 Column_344 Column_345 Column_346 Column_347 Column_348 Column_349 Column_350 Column_351 Column_352 Column_353 Column_354 Column_355 Column_356 Column_357 Column_358 Column_359 Column_360 Column_361 Column_362 Column_363 Column_364 Column_365 Column_366 Column_367 Column_368 Column_369 Column_370 Column_371 Column_372 Column_373 Column_374 Column_375 Column_376 Column_377 Column_378 Column_379 Column_380 Column_381 Column_382 Column_383 Column_384 Column_385 Column_386 Column_387 Column_388 Column_389 Column_390 Column_391 Column_392 Column_393 Column_394 Column_395 Column_396 Column_397 Column_398 Column_399 Column_400 Column_401 Column_402 Column_403 Column_404 Column_405 Column_406 Column_407 Column_408 Column_409 Column_410 Column_411 Column_412 Column_413 Column_414 Column_415 Column_416 Column_417 Column_418 Column_419 Column_420 Column_421 Column_422 Column_423 Column_424 Column_425 Column_426 Column_427 Column_428 Column_429 Column_430 Column_431 Column_432 Column_433 Column_434 Column_435 Column_436 Column_437 Column_438 Column_439 Column_440 Column_441 Column_442 Column_443 Column_444 Column_445 Column_446 Column_447 Column_448 Column_449 Column_450 Column_451 Column_452 Column_453 Column_454 Column_455 Column_456 Column_457 Column_458 Column_459 Column_460 Column_461 Column_462 Column_463 Column_464 Column_465 Column_466 Column_467 Column_468 Column_469 Column_470 Column_471 Column_472 Column_473 Column_474 Column_475 Column_476 Column_477 Column_478 Column_479 Column_480 Column_481 Column_482 Column_483 Column_484 Column_485 Column_486 Column_487 Column_488 Column_489 Column_490 Column_491 Column_492 Column_493 Column_494 Column_495 Column_496 Column_497 Column_498 Column_499 Column_500 Column_501 Column_502 Column_503 Column_504 Column_505 Column_506 Column_507 Column_508 Column_509 Column_510 Column_511 Column_512 Column_513 Column_514 Column_515 Column_516 Column_517 Column_518 Column_519 Column_520 Column_521 Column_522 Column_523 Column_524 Column_525 Column_526 Column_527 Column_528 Column_529 Column_530 Column_531 Column_532 Column_533 Column_534 Column_535 Column_536 Column_537 Column_538 Column_539 Column_540 Column_541 Column_542 Column_543 Column_544 Column_545 Column_546 Column_547 Column_548 Column_549 Column_550 Column_551 Column_552 Column_553 Column_554 Column_555 Column_556 Column_557 Column_558 Column_559 Column_560 Column_561 Column_562 Column_563 Column_564 Column_565 Column_566 Column_567
feature_infos=[2.0013689994812012:17.993154525756836] [-0.7776256799697876:0.99923950433731079] none none none [0:1] [0:1] [0:1] [0:1] [0:1] [0:1] [0:1] [0:1] [0:1] [0:1] [0:1] [0:1] [0:1] [0:1] [0:1] [0:1] [0:1] [0:1] [0:1] [0:1] [0:1] [0:1] [0:1] [0:1] [0:1] [0:1] [0:1] [0:1] [0:1] [0:1] [0:1] [0:1] [0:1] [0:1] [0:1] [0:1] [0:1] [0:1] [0:1] [0:1] [0:1] [0:1] [0:1] [0:1] [0:1] [0:1] [0:1] [0:1] [0:1] [0:1] [0:1] [0:1] [0:1] [0:1] [0:1] [0:1] [0:1] [0:1] [0:1] [0:1] [0:1] [0:1] [0:1] [0:1] [0:1] [0:1] [0:1] [0:1] [0:1] [0:1] [0:1] [0:1] [0:1] [0:1] [0:1] [0:1] [0:1] [0:1] [0:1] [0:1] [0:1] [0:1] [0:1] [0:1] [0:1] [0:1] [0:1] [0:1] [0:1] [0:1] [0:1] [0:1] [0:1] [0:1] [0:1] [0:1] [0:1] [0:1] [0:1] [0:1] [0:1] [0:1] [0:1] [0:1] none none none none [0:1] [0:1] none [0:1] none [0:1] none none [0:1] none none none none [0:1] [0:1] [0:1] [0:1] [0:1] none [0:1] [0:1] [0:1] [0:1] none [0:1] [0:1] [0:1] [0:1] [0:1] [0:1] [0:1] [0:1] [0:1] [0:1] [0:1] [0:1] [0:1] [0:1] [0:1] [0:1] [0:1] [0:1] [0:1] [0:1] none none none none none none none none none none [0:1] [0:1] none none none none none [0:1] [0:1] [0:1] [0:1] [0:1] [0:1] [0:1] [0:1] [0:1] [0:1] [0:1] [0:1] [0:1] [0:1] [0:1] [0:1] [0:1] [0:1] [0:1] [0:1] [0:1] [0:1] [0:1] [0:1] [0:1] [0:1] [0:1] [0:1] none none [0:1] [0:1] [0:1] none [0:1] [0:1] [0:1] [0:1] [0:1] none [0:1] none none [0:1] none [0:1] [0:1] [0:1] [0:1] [0:1] [0:1] [0:1] [0:1] [0:1] [0:1] [0:1] [0:1] [0:1] [0:1] [0:1] [0:1] [0:1] [0:1] [0:1] [0:1] [0:1] [0:1] [0:1] [0:1] [0:1] none none none none none none none none none none none none none none none none none [0:1] [0:1] [0:1] [0:1] [0:1] [0:1] [0:1] [0:1] [0:1] [0:1] none [0:1] [0:1] [0:1] [0:1] none [0:1] [0:1] none none none [0:1] [0:1] none none none none none [0:1] [0:1] [0:1] [0:1] [0:1] [0:1] [0:1] none none none [0:1] none [0:1] [0:1] [0:1] none [0:1] [0:1] [0:1] [0:1] none none [0:1] [0:1] none none none none [0:1] [0:1] none none none [0:1] none none [0:1] [0:1] none none [0:1] [0:1] none none none none none none none none none none none none none none none none none none none none none none none none none none none none none none none none none none none none none none none none none none none none none none none none none none none none none none none none none none none none none none none none none none none none none none none none none none none none none none none none none none none none none none none none none none none none none none none none none none none none none none none none none none none none none none none none none none none none none none none none none none none none none none none none none none none none none none none none none none none none none none none none none none none none none none none none none none none none none none none none none none none none none none none none none none none none none none none none none none none none none none none none none none none none none none none none none none none none none none none none none none none none none none none none none none none none none none none none none none none none none none none none none none none none none none none none none none none none none
tree_sizes=3405 3417 3405 3443 3436 3438 3452 3438 3434 3459 3488 3480 3464 3460 3479 3501 3493 3491 3482 3496 3448 3482 3441 3485 3476 3450 3479 3500 3468 3469 3496 3454 3491 3492 3472 3472 3517 3525

Tree=0
num_leaves=31
num_cat=0
split_feature=8 10 88 12 65 0 50 137 13 84 7 64 5 13 16 13 26 0 0 0 67 0 0 10 12 73 16 99 64 12
split_gain=1579.84 135.386 8.02925 9.19784 10.9258 13.3933 7.48895 7.33604 7.17593 7.79963 10.5071 4.98275 4.8721 4.29921 4.19627 7.67154 4.1406 7.03173 6.1808 5.15964 4.70141 6.863 3.86426 3.6015 3.59137 3.33791 8.52817 8.08748 5.41194 5.27122
threshold=1.0000000180025095e-35 1.0000000180025095e-35 1.0000000180025095e-35 1.0000000180025095e-35 1.0000000180025095e-35 7.8836412429809579 1.0000000180025095e-35 1.0000000180025095e-35 1.0000000180025095e-35 1.0000000180025095e-35 1.0000000180025095e-35 1.0000000180025095e-35 1.0000000180025095e-35 1.0000000180025095e-35 1.0000000180025095e-35 1.0000000180025095e-35 1.0000000180025095e-35 9.8631072044372576 10.925393581390383 5.4948666095733651 1.0000000180025095e-35 14.47091054916382 14.054756641387941 1.0000000180025095e-35 1.0000000180025095e-35 1.0000000180025095e-35 1.0000000180025095e-35 1.0000000180025095e-35 1.0000000180025095e-35 1.0000000180025095e-35
decision_type=2 2 2 2 2 2 2 2 2 2 2 2 2 2 2 2 2 2 2 2 2 2 2 2 2 2 2 2 2 2
left_child=23 7 3 4 5 -3 11 8 9 25 -11 12 -7 -14 15 -9 17 19 -18 -10 21 -20 -22 -1 -19 27 -27 28 -2 -28
right_child=1 2 -4 -5 -6 6 -8 14 16 10 -12 -13 13 -15 -16 -17 18 24 20 -21 22 -23 -24 -25 -26 26 29 -29 -30 -31
leaf_value=-1.197457634046069 -0.89781295143291684 -0.96211028021588851 -0.8733899350734935 -1.0544080586301541 -0.84112799138534999 -1.0027111161285098 -1.1002444884755667 -0.74326676219798116 -0.87950857956607253 -1.1125491263269061 -0.88952090691756536 -0.917750107644691 -1.1302119868014788 -1.0001332852769149 -0.89948415423302142 -0.90068850280961499 -0.82142516149009071 -0.83090413599121993 -0.74664658487007229 -1.0054388208668255 -0.99759841827284645 -0.93549417667317003 -0.87338993507349361 -1.2140047274794721 -0.91666815221612519 -0.84854823843362293 -0.89444222036151955 -1.0153424873013255 -0.99168372859668674 -1.006470452787086
leaf_weight=318.0405421257019 66.876806259155273 37.946951866149902 3.9449801445007315 46.588336944580078 4.1328363418579093 22.167031288146973 14.840639591217039 8.4535288810729998 5.4478297233581534 4.3206925392150861 4.1328363418579102 4.5085487365722647 7.1385354995727521 3.9449801445007324 6.3871107101440421 4.8842611312866202 26.299867630004883 13.337790012359621 3.9449801445007333 8.0778164863586408 5.635685920715332 3.7571239471435547 4.5085487365722656 224.30029964447021 7.7021040916442862 28.17842960357666 11.083515644073488 7.5142478942871085 6.7628231048583975 6.7628231048583975
leaf_count=1693 356 202 21 248 22 118 79 45 29 23 22 24 38 21 34 26 140 71 21 43 30 20 24 1194 41 150 59 40 36 36
internal_value=-1.09481 -0.938249 -1.0141 -1.01803 -1.00013 -1.00739 -1.04006 -0.891191 -0.896561 -0.9105 -1.00351 -1.0164 -1.02978 -1.08391 -0.832832 -0.800914 -0.872543 -0.898463 -0.852248 -0.954717 -0.897671 -0.838767 -0.942395 -1.2043 -0.8623 -0.904318 -0.882805 -0.916518 -0.906434 -0.936895
internal_weight=921.623 379.282 145.213 141.268 94.6795 90.5467 52.5997 234.069 214.344 135.632 8.45353 37.7591 33.2505 11.0835 19.7249 13.3378 78.7117 34.5655 44.1462 13.5256 17.8463 7.7021 10.1442 542.341 21.0399 127.179 46.0248 81.1539 73.6396 17.8463
internal_count=4906 2019 773 752 504 482 280 1246 1141 722 45 201 177 59 105 71 419 184 235 72 95 41 54 2887 112 677 245 432 392 95
is_linear=0
shrinkage=1


Tree=1
num_leaves=31
num_cat=0
split_feature=8 10 88 12 65 0 50 0 137 13 84 7 10 94 81 0 0 16 67 5 6 81 15 73 16 167 0 98 7 6
split_gain=1253.32 88.244 5.38325 6.65479 7.13886 9.44735 5.66816 4.65302 4.34178 4.347 5.04077 7.40792 3.51011 3.22954 3.20807 10.305 8.45505 7.23686 5.80411 2.91431 5.549 6.79137 7.52221 6.50911 3.71727 3.46815 3.46717 2.81516 4.24172 3.93531
threshold=1.0000000180025095e-35 1.0000000180025095e-35 1.0000000180025095e-35 1.0000000180025095e-35 1.0000000180025095e-35 7.8836412429809579 1.0000000180025095e-35 15.63039016723633 1.0000000180025095e-35 1.0000000180025095e-35 1.0000000180025095e-35 1.0000000180025095e-35 1.0000000180025095e-35 1.0000000180025095e-35 1.0000000180025095e-35 11.623545169830324 14.800821304321291 1.0000000180025095e-35 1.0000000180025095e-35 1.0000000180025095e-35 1.0000000180025095e-35 1.0000000180025095e-35 1.0000000180025095e-35 1.0000000180025095e-35 1.0000000180025095e-35 1.0000000180025095e-35 9.6605067253112811 1.0000000180025095e-35 1.0000000180025095e-35 1.0000000180025095e-35
decision_type=2 2 2 2 2 2 2 2 2 2 2 2 2 2 2 2 2 2 2 2 2 2 2 2 2 2 2 2 2 2
left_child=12 8 3 4 5 -3 7 13 9 10 19 -12 -1 -7 16 -16 17 18 -5 25 21 22 23 26 -23 27 -21 29 -29 -2
right_child=1 2 -4 14 -6 6 -8 -9 -10 -11 11 -13 -14 -15 15 -17 -18 -19 -20 20 -22 24 -24 -25 -26 -27 -28 28 -30 -31
leaf_value=-0.097701267371884337 0.15945128183666663 0.11175639658173549 0.17908328137159391 0.053032419473115648 0.20234708412740707 0.068652977906081838 -0.0049041463035551522 0.17139027626684145 0.20828690624481144 0.17970534470523733 -0.01611496754687863 0.16722121532506692 -0.11452078290502073 -0.017644413946539803 -0.038197739022927189 0.10124302986478972 -0.054552558831539845 0.010123319502519261 0.19476062734185676 0.19073285176848653 0.10087088569999331 0.27822602826556292 0.061876511276841108 0.24568550278062135 0.17095962745196877 0.079885855959470536 0.076659420095601338 0.19671159277578318 0.068836948129182646 0.21046412102425591
leaf_weight=301.58642773330212 33.002591371536255 40.405662477016449 4.3635912984609595 4.7904886305332237 4.631379008293151 30.244794681668282 14.800409063696859 3.899405598640441 22.158851355314255 87.039689376950264 4.2823976278305036 4.5409362018108368 210.80707061290741 5.0624215304851523 15.521183162927629 8.0480208992958051 4.9821081757545462 6.8983036279678336 7.2815427184104919 4.5251759886741656 22.775391548871994 6.1981512457132322 9.3995138853788394 7.2335670888423911 6.7480110079050064 4.0880529582500449 6.4797533005475998 4.7375755310058576 5.7331769615411758 27.912337511777878
leaf_count=1693 161 202 21 25 22 155 79 20 105 419 23 22 1194 26 81 42 26 36 38 22 111 30 46 35 33 20 32 23 28 136
internal_value=-0.000507095 0.130315 0.0696298 0.0663711 0.081131 0.0751848 0.0478236 0.0677281 0.165974 0.161979 0.15153 0.0782392 -0.104621 0.0562795 0.0356088 0.00941618 0.0613823 0.0918298 0.138519 0.156188 0.140375 0.162545 0.134548 0.172 0.222315 0.169463 0.123566 0.174593 0.126695 0.182826
internal_weight=920.178 407.784 150.929 146.566 99.0441 94.4127 54.007 39.2066 256.855 234.696 147.657 8.82333 512.393 35.3072 47.5216 23.5692 23.9524 18.9703 12.072 138.833 63.3596 40.5842 27.638 18.2385 12.9462 75.4737 11.0049 71.3857 10.4708 60.9149
internal_count=4906 2019 773 752 504 482 280 201 1246 1141 722 45 2887 181 248 123 125 99 63 677 309 198 135 89 63 368 54 348 51 297
is_linear=0
shrinkage=0.1


Tree=2
num_leaves=31
num_cat=0
split_feature=8 10 88 12 65 0 34 0 81 14 81 0 61 10 137 0 0 5 6 0 1 14 81 15 11 67 0 1 41 0
split_gain=1013.67 62.1108 3.85745 4.99565 5.0709 6.89782 4.52518 4.0174 7.70753 6.16935 5.44361 3.60392 3.60185 3.46152 2.99025 3.79234 7.85605 2.81471 4.93316 4.68148 4.16737 6.01069 3.99685 4.04108 4.48899 3.28876 4.32434 5.49292 3.72898 4.25553
threshold=1.0000000180025095e-35 1.0000000180025095e-35 1.0000000180025095e-35 1.0000000180025095e-35 1.0000000180025095e-35 7.8836412429809579 1.0000000180025095e-35 12.203969955444338 1.0000000180025095e-35 1.0000000180025095e-35 1.0000000180025095e-35 13.726214885711672 1.0000000180025095e-35 1.0000000180025095e-35 1.0000000180025095e-35 2.5407255887985234 2.7748117446899419 1.0000000180025095e-35 1.0000000180025095e-35 5.3483915328979501 -0.081146854907274232 1.0000000180025095e-35 1.0000000180025095e-35 1.0000000180025095e-35 1.0000000180025095e-35 1.0000000180025095e-35 5.2279260158538827 -0.20009126514196393 1.0000000180025095e-35 5.2279260158538827
decision_type=2 2 2 2 2 2 2 2 2 2 2 2 2 2 2 2 2 2 2 2 2 2 2 2 2 2 2 2 2 2
left_child=13 14 3 4 5 -3 7 10 9 11 -7 -9 -12 -1 15 -2 -17 25 22 -20 -21 -22 23 -19 -25 26 -18 -28 29 -27
right_child=1 2 -4 -5 -6 6 -8 8 -10 -11 12 -13 -14 -15 -16 16 17 18 19 20 21 -23 -24 24 -26 28 27 -29 -30 -31
leaf_value=-0.09308583779850875 0.069936789877438482 0.095660566780127659 0.15017400183560903 0.031328588430000963 0.16881414613857845 -0.050806063795835368 -0.019925424747907344 0.23168621408243092 0.007744216576298037 0.039261478414182018 0.020817192372093941 0.11649995681442749 0.13833911301493967 -0.11029823397256194 0.17362345665356083 0.26502192571747579 0.2409186856889961 0.14147465797408107 -0.0068784221867754574 0.1772650713491723 0.041990975590442264 0.15582959227106061 0.17157078783208646 0.11622192618935044 -0.0082517868011475516 0.093654670086343483 0.067931426618292934 0.16620938705512733 0.06339006902541694 0.15097396352252029
leaf_weight=285.7176456451416 8.2655432820320112 42.368093639612198 4.6648620665073386 48.30212190747261 4.9750050902366629 6.9224298894405374 9.7181098461151105 4.5938069671392459 9.5736592411994952 6.1906193643808356 7.5602695196866989 6.6459988653659821 3.9811667799949646 197.67099791765213 23.821623936295509 4.8339654058217993 6.4062697291374198 26.83782322704792 4.3052295446395901 6.2014653086662355 12.734346747398375 7.2952569872140876 23.346342638134956 8.3847867995500547 4.4270193129777899 16.414061859250069 6.5085792392492285 45.058795243501663 7.1429852545261374 61.417215704917908
leaf_count=1693 38 202 21 248 22 35 52 23 48 31 38 33 20 1194 105 22 29 122 20 29 59 34 106 39 21 74 30 205 33 280
internal_value=-0.00083298 0.111073 0.0606134 0.0578435 0.0703349 0.0653127 0.0420137 0.0552523 0.0798314 0.119425 0.0193044 0.163578 0.0613559 -0.100124 0.139772 0.136541 0.138823 0.136243 0.122756 0.0897697 0.105632 0.0834537 0.138745 0.119417 0.073211 0.145068 0.163432 0.153805 0.13254 0.138886
internal_weight=912.286 428.897 155.496 150.831 102.529 97.5542 55.1861 45.468 27.0041 17.4304 18.4639 11.2398 11.5414 483.389 273.401 249.58 241.314 236.48 93.5323 30.5363 26.2311 20.0296 62.996 39.6496 12.8118 142.948 57.9736 51.5674 84.9743 77.8313
internal_count=4906 2019 773 752 504 482 280 228 135 87 93 56 58 2887 1246 1141 1103 1081 430 142 122 93 288 182 60 651 264 235 387 354
is_linear=0
shrinkage=0.1


Tree=3
num_leaves=31
num_cat=0
split_feature=8 10 10 21 5 26 95 108 15 61 0 1 137 83 69 16 67 40 15 14 62 6 5 84 0 137 11 15 0 16
split_gain=830.237 45.8908 3.44094 3.25092 7.42985 4.5385 3.66274 4.25415 4.03761 6.31735 3.09887 5.60165 3.67264 4.57492 5.19199 3.69447 6.11559 3.82656 4.26982 4.3195 3.43695 3.36357 5.37637 2.50175 6.79102 2.74516 3.00496 2.69223 2.24134 5.34823
threshold=1.0000000180025095e-35 1.0000000180025095e-35 1.0000000180025095e-35 1.0000000180025095e-35 1.0000000180025095e-35 1.0000000180025095e-35 1.0000000180025095e-35 1.0000000180025095e-35 1.0000000180025095e-35 1.0000000180025095e-35 3.2950034141540532 -0.70385581254959095 1.0000000180025095e-35 1.0000000180025095e-35 1.0000000180025095e-35 1.0000000180025095e-35 1.0000000180025095e-35 1.0000000180025095e-35 1.0000000180025095e-35 1.0000000180025095e-35 1.0000000180025095e-35 1.0000000180025095e-35 1.0000000180025095e-35 1.0000000180025095e-35 5.542778968811036 1.0000000180025095e-35 1.0000000180025095e-35 1.0000000180025095e-35 17.30732345581055 1.0000000180025095e-35
decision_type=2 2 2 2 2 2 2 2 2 2 2 2 2 2 2 2 2 2 2 2 2 2 2 2 2 2 2 2 2 2
left_child=2 23 -1 6 5 -5 7 10 9 -8 11 -3 13 15 -15 16 -12 18 19 -18 -20 22 -17 25 -25 28 -27 -26 -2 -30
right_child=1 3 -4 4 -6 -7 8 -9 -10 -11 12 -13 -14 14 -16 21 17 -19 20 -21 -22 -23 -24 24 27 26 -28 -29 29 -31
leaf_value=-0.088730521796615808 0.12157718575994264 0.034648049193433304 -0.10642634232315643 0.12300541708163396 0.18757448084670617 -0.002932575143407131 0.048047964825592648 0.1231696030715302 0.077159431584089166 -0.10342638124245072 0.031585827923033966 0.16445386634052819 -0.018343834822019397 -0.039033107842343817 0.086123636490468142 0.094239346842224112 0.19534425479580883 0.027837034717206166 0.00084017379835156286 0.082834315980837764 0.12235287309291534 -0.022584038943590776 -0.0046837016592866315 -0.020943809858570098 0.079907358663450584 0.18790490668846505 0.11609722558190748 0.17093206453155679 0.015466169344329367 0.15173173063092138
leaf_weight=270.56303355097771 232.51017075777054 7.2375707626342773 185.03192657232285 4.8433930724859255 5.6990566700696936 6.9932119250297546 5.2945135086774844 8.2764858901500684 5.0606062263250342 5.7364770323038101 19.048662006855011 6.1490012854337674 8.8808145374059659 10.803603947162626 4.78153172135353 12.779105603694916 9.4448968321084994 5.3675688058137885 4.1742235124111176 5.3425394594669351 5.262048602104187 8.3690031021833438 9.6374658346176147 4.5888974368572262 7.3168535679578763 12.802747800946236 10.69673664867878 5.8450490236282349 6.4182677865028364 5.2251851409673691
leaf_count=1693 1016 34 1194 23 27 33 26 40 25 29 93 29 43 53 23 63 45 27 20 26 25 41 48 21 33 54 45 26 28 23
internal_value=-0.00104832 0.09617 -0.0959174 0.0531502 0.0937662 0.0485997 0.0481219 0.0538788 0.00320422 -0.0307237 0.0489888 0.0942732 0.0431539 0.0489022 -0.000634922 0.0586225 0.0757807 0.10423 0.121158 0.154696 0.0686006 0.0315131 0.0517098 0.120164 0.0838085 0.122575 0.155219 0.12033 0.119433 0.0766175
internal_weight=900.181 444.586 455.595 159.182 17.5357 11.8366 141.646 125.555 16.0916 11.031 117.278 13.3866 103.891 95.0106 15.5851 79.4255 48.6399 29.5913 24.2237 14.7874 9.43627 30.7856 22.4166 285.404 17.7508 267.653 23.4995 13.1619 244.154 11.6435
internal_count=4906 2019 2887 773 83 56 690 610 80 55 570 63 507 464 76 388 236 143 116 71 45 152 111 1246 80 1166 99 59 1067 51
is_linear=0
shrinkage=0.1


Tree=4
num_leaves=31
num_cat=0
split_feature=8 10 10 133 174 80 61 81 1 0 7 16 138 0 54 5 61 0 64 26 0 16 81 73 6 26 67 45 0 15
split_gain=685.625 35.1927 3.43738 3.11723 2.78548 2.98551 7.12229 5.08888 3.1011 4.60289 4.12003 10.2366 5.73315 4.19702 4.13974 2.8791 2.12617 4.97602 4.4412 5.56749 3.68767 3.62166 6.43977 5.6445 8.51466 5.44237 5.33935 4.90568 3.36644 3.15378
threshold=1.0000000180025095e-35 1.0000000180025095e-35 1.0000000180025095e-35 1.0000000180025095e-35 1.0000000180025095e-35 1.0000000180025095e-35 1.0000000180025095e-35 1.0000000180025095e-35 0.75739601254463207 14.752909183502199 1.0000000180025095e-35 1.0000000180025095e-35 1.0000000180025095e-35 9.9780974388122576 1.0000000180025095e-35 1.0000000180025095e-35 1.0000000180025095e-35 17.30732345581055 1.0000000180025095e-35 1.0000000180025095e-35 15.181382656097414 1.0000000180025095e-35 1.0000000180025095e-35 1.0000000180025095e-35 1.0000000180025095e-35 1.0000000180025095e-35 1.0000000180025095e-35 1.0000000180025095e-35 15.979465961456301 1.0000000180025095e-35
decision_type=2 2 2 2 2 2 2 2 2 2 2 2 2 2 2 2 2 2 2 2 2 2 2 2 2 2 2 2 2 2
left_child=2 16 -1 4 5 7 -7 -3 9 10 12 14 13 15 -12 -9 18 21 20 -20 -2 23 25 24 26 -23 -18 -25 -22 -28
right_child=1 3 -4 -5 -6 6 -8 8 -10 -11 11 -13 -14 -15 -16 -17 17 -19 19 -21 28 22 -24 27 -26 -27 29 -29 -30 -31
leaf_value=-0.084582022044136645 0.10983170908483975 0.050327917862863919 -0.10282695254888399 0.077065115251061078 0.10273021833510412 0.02121071962101264 0.17572294053452681 -0.11474891157703182 0.080182112796187421 -0.099687691067270642 0.054735272253018143 0.17322242604661364 0.088433876606181419 0.02465988781494995 -0.065651791456470751 -0.019369676959837316 0.097098978933374852 -0.0079592119458278734 0.11849238467455916 -0.0047147994347647784 0.21286820818377292 0.14893449864327254 0.01782944804506675 0.15648050007176809 0.14760433659521732 0.048377326147715526 0.040538468496894665 0.06521057832013466 0.12850779598322526 -0.074231060874099183
leaf_weight=256.20437954366207 151.66900326311588 65.601530969142914 172.98324671387672 28.049503341317177 6.8087910562753668 7.371921777725218 5.0112378001213074 7.2366241514682823 5.2940637469291678 4.254572555422782 6.0389804244041461 4.6866756230592719 4.2569448798894873 6.6818086653947821 5.4199123382568359 5.6246822625398636 7.6164438873529443 4.6372463107109061 7.4989388734102231 7.1786431670188904 6.6321820765733746 12.513833791017532 13.456066995859144 29.123131483793259 10.886650696396829 9.444202721118927 4.9423100203275681 7.3817019760608664 16.495952561497688 4.6441498100757599
leaf_count=1693 642 313 1194 130 32 36 24 35 25 20 29 22 20 33 27 27 32 20 32 31 28 53 58 122 46 40 21 31 70 20
internal_value=-0.00119739 0.0841199 -0.0919356 0.046745 0.0404118 0.0370833 0.083739 0.0320637 0.00785554 -0.000807353 0.0097243 0.0487165 -0.0167274 -0.0396339 -0.0022063 -0.0730364 0.104749 0.0933079 0.111067 0.0582331 0.115504 0.0980036 0.0723029 0.112094 0.078395 0.105685 0.0345966 0.138025 0.152699 -0.0150615
internal_weight=885.645 456.458 429.188 162.337 134.288 127.479 12.3832 115.096 49.4943 44.2002 39.9456 16.1456 23.8001 19.5431 11.4589 12.8613 294.12 104.646 189.475 14.6776 174.797 100.008 35.4141 64.5944 28.0896 21.958 17.2029 36.5048 23.1281 9.58646
internal_count=4906 2019 2887 773 643 611 60 551 238 213 193 78 115 95 56 62 1246 443 803 63 740 423 151 272 119 93 73 153 98 41
is_linear=0
shrinkage=0.1


Tree=5
num_leaves=31
num_cat=0
split_feature=8 10 10 12 65 0 50 0 1 0 81 53 52 54 73 0 237 61 0 15 64 102 94 0 133 26 64 16 81 73
split_gain=569.741 27.6817 3.44227 2.709 3.54633 4.37857 3.3139 3.53387 3.08796 3.89359 3.2443 7.11156 6.24849 2.95019 2.51028 2.63682 1.98018 2.0573 4.65266 4.25744 5.42791 4.94166 5.86735 4.35221 4.41392 3.5136 3.30095 3.9311 5.76726 4.4718
threshold=1.0000000180025095e-35 1.0000000180025095e-35 1.0000000180025095e-35 1.0000000180025095e-35 1.0000000180025095e-35 7.8836412429809579 1.0000000180025095e-35 15.63039016723633 -0.4741805493831634 16.041068077087406 1.0000000180025095e-35 1.0000000180025095e-35 1.0000000180025095e-35 1.0000000180025095e-35 1.0000000180025095e-35 8.0862421989440936 1.0000000180025095e-35 1.0000000180025095e-35 17.229294776916507 1.0000000180025095e-35 1.0000000180025095e-35 1.0000000180025095e-35 1.0000000180025095e-35 14.97056818008423 1.0000000180025095e-35 1.0000000180025095e-35 1.0000000180025095e-35 1.0000000180025095e-35 1.0000000180025095e-35 1.0000000180025095e-35
decision_type=2 2 2 2 2 2 2 2 2 2 2 2 2 2 2 2 2 2 2 2 2 2 2 2 2 2 2 2 2 2
left_child=2 16 -1 4 5 -3 7 -7 -5 10 12 14 -10 -8 15 -12 17 19 26 20 21 22 -2 24 -21 -26 27 29 -29 -19
right_child=1 3 -4 8 -6 6 13 -9 9 -11 11 -13 -14 -15 -16 -17 -18 18 -20 23 -22 -23 -24 -25 25 -27 -28 28 -30 -31
leaf_value=-0.080599773452448939 0.090596679271750552 0.068637276770867395 -0.099437880040217766 -0.030990926831396814 0.12637951863122443 0.032197728727118721 0.029344265122049046 0.12412919794682914 0.11912712345964407 -0.053119195489620477 -0.036015021273327057 0.12012835577075157 0.0022752187953421002 -0.057063413548340464 -0.068882895417751736 0.072174542850118803 0.14731168678986772 0.062227303008772529 -0.015608768265448551 0.089678179296981825 0.0071342148768715674 0.0068459049955202165 0.19010588620453139 0.17045900478251863 0.093151051697904774 0.19166934545369008 0.14635768744520533 0.084864040313313585 -0.0019706627821766318 0.11773059841451539
leaf_weight=242.68759797513485 95.362300857901573 47.224434331059456 161.58288905024529 8.9390459060668928 5.7739572525024405 38.804101333022118 8.4017511159181577 4.6863960176706305 11.630388751626016 4.6380246579647055 4.8123258203268069 4.9011390060186377 7.5448320358991614 7.4596112221479407 5.976891264319419 4.2353892922401428 6.3956120312213889 25.098990678787231 4.8727293312549582 45.463210135698318 8.2304742783308011 6.5003959387540808 6.3179416656494132 12.306170731782911 6.046853527426717 9.0202581435441971 7.9317646622657767 19.567003056406975 12.557112306356428 34.426251441240311
leaf_count=1693 394 209 1194 43 24 183 43 21 54 23 24 23 36 38 31 21 26 105 21 189 35 28 26 51 25 37 33 81 54 141
internal_value=-0.00129735 0.0741738 -0.0881292 0.0412763 0.0500494 0.0459141 0.0278339 0.042104 0.0225653 0.0335107 0.0437864 0.0155292 0.0731497 -0.0112933 -0.0185918 0.0146304 0.0922647 0.091066 0.0798005 0.0972839 0.0854197 0.0913757 0.0967797 0.116246 0.105224 0.152131 0.0844691 0.079113 0.0509209 0.0943275
internal_weight=869.396 465.125 404.27 165.028 112.35 106.576 59.3519 43.4905 52.678 43.739 39.101 19.9257 19.1752 15.8614 15.0246 9.04772 300.097 293.701 104.454 189.248 116.411 108.181 101.68 72.8365 60.5303 15.0671 99.5811 91.6494 32.1241 59.5252
internal_count=4906 2019 2887 773 518 494 285 204 255 212 189 99 90 81 76 45 1246 1220 435 785 483 448 420 302 251 62 414 381 135 246
is_linear=0
shrinkage=0.1


Tree=6
num_leaves=31
num_cat=0
split_feature=8 10 10 108 21 5 26 97 67 0 0 14 1 137 83 0 16 67 1 32 15 7 6 5 13 13 0 22 5 21
split_gain=475.823 22.0879 3.44876 2.48574 2.71759 4.85449 3.65606 2.80239 5.34846 2.22471 2.04165 3.56582 3.15291 2.36467 2.82616 4.20529 2.78506 4.42944 3.02151 4.36899 3.20576 2.62152 2.4334 3.80607 3.84736 2.37657 1.99448 3.90084 2.92349 3.02789
threshold=1.0000000180025095e-35 1.0000000180025095e-35 1.0000000180025095e-35 1.0000000180025095e-35 1.0000000180025095e-35 1.0000000180025095e-35 1.0000000180025095e-35 1.0000000180025095e-35 1.0000000180025095e-35 9.2238192558288592 3.2950034141540532 1.0000000180025095e-35 -0.71769717335700978 1.0000000180025095e-35 1.0000000180025095e-35 8.0082135200500506 1.0000000180025095e-35 1.0000000180025095e-35 -0.12905924022197721 1.0000000180025095e-35 1.0000000180025095e-35 1.0000000180025095e-35 1.0000000180025095e-35 1.0000000180025095e-35 1.0000000180025095e-35 1.0000000180025095e-35 8.5516767501831072 1.0000000180025095e-35 1.0000000180025095e-35 1.0000000180025095e-35
decision_type=2 2 2 2 2 2 2 2 2 2 2 2 2 2 2 2 2 2 2 2 2 2 2 2 2 2 2 2 2 2
left_child=2 -2 26 4 7 6 -6 10 -9 -5 11 12 -3 14 16 -16 17 -12 -19 20 21 -20 23 24 -18 -17 -1 28 -28 -30
right_child=1 3 -4 9 5 -7 -8 8 -10 -11 13 -13 -14 -15 15 25 22 18 19 -21 -22 -23 -24 -25 -26 -27 27 -29 29 -31
leaf_value=-0.087144605250152107 0.081915119204651499 0.043619248983720292 -0.096209165446666078 0.13564098455644719 0.096622785032395533 0.14090049886737036 -0.020076520199691136 0.036614176569594488 -0.10060333820557243 0.048724715169831824 0.017992137032648289 -0.00021338830323096379 0.1577854279301576 -0.019564458809015514 -0.083723658830281822 -0.0129003123816999 0.10267901234897787 0.11932847488928661 0.14875242550949608 -0.032297729331796469 0.011739952411393646 0.049585546786227314 -0.028878574702636956 -0.013797013256628139 -0.010808888643454424 0.080573418746564707 -0.085500837301486776 0.027841062417767678 -0.046164196062910771 -0.11935620994490044
leaf_weight=102.44754901528358 303.93678961694241 4.6317356675863257 150.86184722185135 4.4795592427253714 4.7308960705995577 6.2463188022375098 6.2065277546644211 7.1233238428831083 4.7246779650449753 8.5959842503070814 20.541067838668823 5.0754293501377097 5.0635236501693717 9.5089594125747663 4.8481920361518851 6.2188754826784116 9.536056771874426 11.215657770633692 6.6457659304142087 4.4985533952713004 4.8825825005769721 4.451240211725235 8.5622420907020551 9.9949782341718674 4.3497779965400705 4.8345509767532349 67.936040461063385 4.0761624276638022 49.185693293809891 6.3859878033399573
leaf_count=754 1246 21 1194 20 21 27 29 34 23 40 96 22 22 45 23 31 44 49 30 22 22 20 41 48 20 23 500 30 362 47
internal_value=-0.00135586 0.0658629 -0.0844593 0.0366423 0.0330857 0.0705676 0.0304008 0.0283743 -0.0181046 0.0785014 0.0327848 0.0676949 0.103245 0.0281008 0.0326072 -0.0060747 0.0398713 0.0541639 0.0776072 0.0547569 0.0792644 0.108975 0.0168594 0.0332583 0.0671286 0.0279833 -0.0767533 -0.0684093 -0.0715859 -0.054575
internal_weight=851.797 470.903 380.893 166.966 153.891 17.1837 10.9374 136.707 11.848 13.0755 124.859 14.7707 9.69526 110.089 100.58 15.9016 84.6779 52.2349 31.6938 20.4781 15.9796 11.097 32.4431 23.8808 13.8858 11.0534 230.031 127.584 123.508 55.5717
internal_count=4906 2019 2887 773 713 77 50 636 57 60 579 65 43 514 469 77 392 239 143 94 72 50 153 112 64 54 1693 939 909 409
is_linear=0
shrinkage=0.1


Tree=7
num_leaves=31
num_cat=0
split_feature=8 10 10 17 12 0 0 81 0 65 0 0 87 15 82 0 40 15 0 0 73 50 54 0 22 5 21 1 95 0
split_gain=398.517 17.7741 3.44658 2.2139 2.47846 3.16729 4.11664 5.96268 3.3036 3.0508 3.1835 2.8066 2.58743 2.25384 2.08609 3.81278 2.4383 2.60455 3.14713 2.08018 2.06292 1.92553 3.36888 1.90942 3.42689 2.76026 2.88403 3.03972 2.88914 3.54444
threshold=1.0000000180025095e-35 1.0000000180025095e-35 1.0000000180025095e-35 1.0000000180025095e-35 1.0000000180025095e-35 14.800821304321291 11.623545169830324 1.0000000180025095e-35 4.7049965858459482 1.0000000180025095e-35 8.2737851142883319 17.229294776916507 1.0000000180025095e-35 1.0000000180025095e-35 1.0000000180025095e-35 4.850102663040162 1.0000000180025095e-35 1.0000000180025095e-35 12.643394947052004 16.880219459533695 1.0000000180025095e-35 1.0000000180025095e-35 1.0000000180025095e-35 8.5516767501831072 1.0000000180025095e-35 1.0000000180025095e-35 1.0000000180025095e-35 0.90113317966461193 1.0000000180025095e-35 9.4346337318420428
decision_type=2 2 2 2 2 2 2 2 2 2 2 2 2 2 2 2 2 2 2 2 2 2 2 2 2 2 2 2 2 2
left_child=2 -2 23 -3 9 6 7 8 -6 10 -5 12 21 -9 16 -16 -4 -18 -19 -20 -8 -12 -23 -1 25 -25 27 28 29 -27
right_child=1 3 14 4 5 -7 20 13 -10 -11 11 -13 -14 -15 15 -17 17 18 19 -21 -22 22 -24 24 -26 26 -28 -29 -30 -31
leaf_value=-0.083541070476924842 0.073016086557706611 0.10309385816742123 -0.10408809812984138 0.053655330021279424 -0.014924892070895269 -0.039075699121587606 0.1173280197854789 -0.063555880055752093 0.082448951017876498 0.10905446737432085 0.017253129978928777 0.095945767514820826 0.083750533693211893 0.017155325556275382 0.035574753587709167 -0.082961246074519823 -0.097973747042684564 -0.090886658282571003 0.096133739553758868 -0.035077396706015417 0.027859583568990254 0.022224815234051513 -0.084088377878978104 -0.081866281538969354 0.024566858007899137 0.039750793497554782 -0.11717846827909098 0.044271757709661859 0.0081040440128052147 -0.071012829699068691
leaf_weight=96.491938024759293 306.71692730486393 4.3391695022582999 102.26157112419605 49.744536384940147 5.2271782457828531 9.6524726301431638 5.9632002115249616 10.584394767880438 10.449045598506926 5.8976214081048957 36.000154063105583 4.3797591775655738 4.6618723571300498 5.1400096714496621 3.3025651574134853 15.215389475226401 11.205131784081459 4.0102576911449432 2.3589751124382019 2.476923868060112 4.5386923998594284 6.1749154627323133 5.7619893997907639 64.060196280479431 4.1531248390674582 3.1598821878433219 5.8801272958517066 3.6865292191505423 7.1097349226474753 33.705410003662109
leaf_count=754 1246 20 867 216 24 47 27 54 46 24 166 20 21 26 28 129 95 34 20 21 21 31 30 500 30 24 47 28 54 256
internal_value=-0.00139478 0.0586813 -0.0809042 0.0325903 0.0307268 0.0125671 0.0244633 0.00633668 0.04998 0.0390399 0.0351709 0.0190332 0.012629 -0.0371729 -0.0931004 -0.0618211 -0.0978361 -0.0659506 -0.025388 0.028928 0.0786617 0.00571239 -0.029093 -0.0730342 -0.0647074 -0.0678601 -0.0511024 -0.0429504 -0.0502624 -0.0615188
internal_weight=834.31 475.232 359.078 168.515 164.176 51.555 41.9025 31.4006 15.6762 112.621 106.723 56.9787 52.5989 15.7244 140.831 18.518 122.313 20.0513 8.84616 4.8359 10.5019 47.9371 11.9369 218.247 121.755 117.602 53.5417 47.6616 43.975 36.8653
internal_count=4906 2019 2887 773 753 245 198 150 70 508 484 268 248 80 1194 157 1037 170 75 41 48 227 61 1693 939 909 409 362 334 280
is_linear=0
shrinkage=0.1


Tree=8
num_leaves=31
num_cat=0
split_feature=8 10 10 82 0 40 15 0 35 137 13 0 26 132 0 81 67 16 13 101 0 0 51 7 61 135 55 1 0 16
split_gain=334.707 14.4001 3.4386 2.05324 3.36317 2.42046 2.43387 2.72631 2.17213 1.97035 2.82499 3.31332 2.77707 3.96349 3.1618 3.17559 2.33683 2.31338 4.2346 2.27738 2.07565 7.10215 2.31104 2.94045 2.45321 1.95505 6.35104 2.14217 5.06108 4.50972
threshold=1.0000000180025095e-35 1.0000000180025095e-35 1.0000000180025095e-35 1.0000000180025095e-35 4.850102663040162 1.0000000180025095e-35 1.0000000180025095e-35 12.643394947052004 1.0000000180025095e-35 1.0000000180025095e-35 1.0000000180025095e-35 2.4503763914108281 1.0000000180025095e-35 1.0000000180025095e-35 10.925393581390383 1.0000000180025095e-35 1.0000000180025095e-35 1.0000000180025095e-35 1.0000000180025095e-35 1.0000000180025095e-35 7.3634495735168466 9.8631072044372576 1.0000000180025095e-35 1.0000000180025095e-35 1.0000000180025095e-35 1.0000000180025095e-35 1.0000000180025095e-35 0.62826070189476024 14.017796039581301 1.0000000180025095e-35
decision_type=2 2 2 2 2 2 2 2 2 2 2 2 2 2 2 2 2 2 2 2 2 2 2 2 2 2 2 2 2 2
left_child=2 9 -1 5 -5 -4 -7 -8 -9 10 11 -2 13 20 -14 16 -16 18 -11 25 -12 -22 24 -24 -23 27 -27 28 -13 -29
right_child=1 -3 3 4 -6 6 7 8 -10 17 12 19 14 -15 15 -17 -18 -19 -20 -21 21 22 23 -25 -26 26 -28 29 -30 -31
leaf_value=-0.069433254280127255 -0.023937856837073453 0.029072033644184498 -0.10158602266293354 0.031159752938120955 -0.079631451698044892 -0.095158564721904773 -0.087783846489386266 0.094105281284069961 -0.038591554815088053 0.14956015091601177 0.1252423538586937 0.054757369214777099 0.10953415341588463 -0.015124683114327096 0.082861422094701265 0.12206452911368314 0.0079546717390548121 0.048670430509804324 0.0479923848581712 -0.0060356151624020304 -0.041838282182395999 0.15764773947976207 0.02156466381958462 0.10668501037057364 0.063545331086531487 0.15664734034002403 0.023341894878260577 0.053918057049054419 -0.033906996996625478 0.12737702127931891
leaf_weight=207.29009111970663 5.1304748356342307 169.71147857606411 94.69291153550148 3.3885559439659145 14.313705347478388 10.423483438789845 3.7503460645675659 2.378925658762455 2.5621686577796936 11.16680981218815 5.703443154692649 107.05744655430317 34.905399978160858 6.4480296075344077 7.2023537307977721 6.4158880263566962 9.8747186064720154 8.4771609604358691 6.4909227639436713 5.445483297109603 5.6888556331396094 6.2366397827863711 9.7067355215549487 6.974198266863822 4.9844701588153839 7.7204665094614011 6.6544130891561508 27.162934079766273 6.8498243242502204 12.071088790893553
leaf_count=1693 21 773 867 28 129 95 34 20 21 45 23 433 140 26 29 26 40 34 26 23 23 25 39 28 20 31 27 110 28 49
internal_value=-0.00141949 0.0524664 -0.0774576 -0.0901058 -0.0584239 -0.0950338 -0.0625748 -0.0234976 0.0252963 0.0653416 0.0629091 0.0552586 0.0759924 0.0575412 0.0904449 0.0620824 0.039547 0.0916098 0.112224 0.0576077 0.0694654 0.059995 0.0807574 0.057153 0.115847 0.0596766 0.0949376 0.0563668 0.0494255 0.0765191
internal_weight=816.879 478.079 338.8 131.51 17.7023 113.808 19.1149 8.69144 4.94109 308.368 282.233 178.092 104.141 45.7424 58.3984 23.493 17.0771 26.1349 17.6577 172.962 39.2943 33.5909 27.902 16.6809 11.2211 167.516 14.3749 153.141 113.907 39.234
internal_count=4906 2019 2887 1194 157 1037 170 75 41 1246 1141 722 419 184 235 95 69 105 71 701 158 135 112 67 45 678 58 620 461 159
is_linear=0
shrinkage=0.1


Tree=9
num_leaves=31
num_cat=0
split_feature=8 10 10 82 0 40 15 0 108 21 5 26 97 67 0 22 108 21 5 1 95 0 5 0 16 0 15 0 91 137
split_gain=281.535 11.8736 3.43635 2.01924 2.96669 2.4012 2.26902 2.36314 1.92393 2.16019 3.69636 2.93694 2.24832 4.35531 1.92297 3.16728 2.91114 3.30939 3.64062 3.02732 4.05345 4.50365 2.60743 5.31654 7.20369 8.94115 6.33186 1.90797 1.83201 2.01145
threshold=1.0000000180025095e-35 1.0000000180025095e-35 1.0000000180025095e-35 1.0000000180025095e-35 4.850102663040162 1.0000000180025095e-35 1.0000000180025095e-35 12.643394947052004 1.0000000180025095e-35 1.0000000180025095e-35 1.0000000180025095e-35 1.0000000180025095e-35 1.0000000180025095e-35 1.0000000180025095e-35 8.5516767501831072 1.0000000180025095e-35 1.0000000180025095e-35 1.0000000180025095e-35 1.0000000180025095e-35 0.90113317966461193 1.0000000180025095e-35 12.643394947052004 1.0000000180025095e-35 4.7049965858459482 1.0000000180025095e-35 3.3497605323791508 1.0000000180025095e-35 9.5071868896484393 1.0000000180025095e-35 1.0000000180025095e-35
decision_type=2 2 2 2 2 2 2 2 2 2 2 2 2 2 2 2 2 2 2 2 2 2 2 2 2 2 2 2 2 2
left_child=2 28 14 5 -5 -4 -7 -8 9 12 11 -11 -3 -14 22 16 17 18 -16 20 27 -22 23 24 25 -1 -27 -20 29 -2
right_child=1 8 3 4 -6 6 7 -9 -10 10 -12 -13 13 -15 15 -17 -18 -19 19 -21 21 -23 -24 -25 -26 26 -28 -29 -30 -31
leaf_value=-0.068085507645892648 0.055115921956350934 0.022540376723620262 -0.099189838319163628 0.027392102242973893 -0.076353884928241356 -0.092418738426245706 -0.084737533506415524 0.022158750148793802 0.062070538508690799 0.07908077811394193 0.11598286454696199 -0.024307901055484225 0.025082991682715661 -0.098604769700342265 -0.066944785375395943 0.029876691600528495 -0.10744820385298981 -0.10586169016546772 0.032223781015838344 0.067460011509434592 0.13482099423789184 -0.045325046414095065 -0.095516569802714085 -0.089247826967743721 -0.082925505134183841 0.024306570834150918 0.24153080358709192 -0.056421537498880625 0.10773290202257527 0.085036644353959384
leaf_weight=4.2427881062030792 276.70164340734482 128.02975863218307 87.646224237978458 3.4648412764072445 13.479113504290579 9.696936309337616 3.5092297494411469 5.0357356518507004 13.557134926319121 4.8874197602272051 6.4640476107597342 6.2754718065261841 7.3666514754295331 4.6399832665920258 45.5202476978302 4.029383808374404 11.726391732692717 11.132523246109484 2.6696907877922085 3.2347854226827613 2.7755258083343497 2.7755258083343506 40.593161880970001 26.947437971830368 9.2882658541202545 2.866748720407486 2.5227388739585876 26.827813312411308 7.4534396380186072 24.45366969704628
leaf_count=37 1117 579 867 28 129 95 34 41 60 21 27 29 34 23 396 30 99 99 21 25 22 22 354 235 81 25 22 225 30 99
internal_value=-0.00140954 0.0470404 -0.074062 -0.0871909 -0.055139 -0.0923198 -0.0593116 -0.0217412 0.0259214 0.022813 0.0558053 0.0209585 0.0186601 -0.0227163 -0.0658823 -0.0571539 -0.0604416 -0.0546354 -0.0478305 -0.0251029 -0.0336459 0.044748 -0.0770569 -0.0607201 -0.0200896 0.0405021 0.125986 -0.0483986 0.0587576 0.0575455
internal_weight=799.814 479.829 319.985 122.832 16.944 105.888 18.2419 8.54497 171.22 157.663 17.6269 11.1629 140.036 12.0066 197.153 110.692 106.663 94.9361 83.8036 38.2833 35.0486 5.55105 86.4611 45.868 18.9205 9.63228 5.38949 29.4975 308.609 301.155
internal_count=4906 2019 2887 1194 157 1037 170 75 773 713 77 50 636 57 1693 939 909 810 711 315 290 44 754 400 165 84 47 246 1246 1216
is_linear=0
shrinkage=0.1


Tree=10
num_leaves=31
num_cat=0
split_feature=8 10 10 82 0 40 15 0 53 0 22 108 21 5 54 68 12 95 16 26 5 0 16 0 55 61 82 14 15 133
split_gain=237.255 9.75531 3.38823 1.98212 2.6154 2.38177 2.11393 2.1313 5.72982 1.82969 2.74997 2.79572 3.16155 3.27448 2.52477 3.96635 6.20704 3.89721 3.34939 2.79323 2.51399 4.87039 6.07666 6.69203 3.8117 1.90555 2.08036 2.04334 3.37232 1.79476
threshold=1.0000000180025095e-35 1.0000000180025095e-35 1.0000000180025095e-35 1.0000000180025095e-35 4.850102663040162 1.0000000180025095e-35 1.0000000180025095e-35 11.741273403167726 1.0000000180025095e-35 8.5516767501831072 1.0000000180025095e-35 1.0000000180025095e-35 1.0000000180025095e-35 1.0000000180025095e-35 1.0000000180025095e-35 1.0000000180025095e-35 1.0000000180025095e-35 1.0000000180025095e-35 1.0000000180025095e-35 1.0000000180025095e-35 1.0000000180025095e-35 4.7049965858459482 1.0000000180025095e-35 3.3497605323791508 1.0000000180025095e-35 1.0000000180025095e-35 1.0000000180025095e-35 1.0000000180025095e-35 1.0000000180025095e-35 1.0000000180025095e-35
decision_type=2 2 2 2 2 2 2 2 2 2 2 2 2 2 2 2 2 2 2 2 2 2 2 2 2 2 2 2 2 2
left_child=2 -2 9 5 -5 -4 -7 -8 -9 20 11 12 13 25 18 17 -17 19 -15 -16 21 22 23 -1 -25 27 -27 -11 -29 -3
right_child=1 29 3 4 -6 6 7 8 -10 10 -12 -13 -14 14 15 16 -18 -19 -20 -21 -22 -23 -24 24 -26 26 -28 28 -30 -31
leaf_value=-0.064636037493501095 0.052867468280745337 0.018463074970932674 -0.096869871674667624 0.024153655167116921 -0.073116785580100083 -0.089728788976011109 -0.11215861738668523 0.12711281996251939 -0.066551034247626747 -0.070748671519276662 0.026321397270333252 -0.10511918394034624 -0.10362542649275547 -0.093318867384566823 -0.10152391749100272 0.13271461382555272 -0.051806056721631827 0.053775325179821643 0.010650475496758981 -0.0056014596956432509 -0.09267326424679366 -0.086160197368008409 -0.079655445417749562 0.020530308126391037 0.18117596426773552 -0.10167506484283342 -0.0087919500178270538 0.028570464806526853 -0.088163533779143571 0.045322683213754274
leaf_weight=4.0333783999085426 308.68946643173695 142.12592831254005 81.108428433537483 3.5326188206672695 12.708769015967844 9.0238192677497864 1.9330756366252897 2.4736973941326141 3.9949431270360947 13.781331673264503 4.1116176545619956 10.833561822772024 10.279423154890535 8.964427210390566 6.8759391456842476 4.4180714488029471 3.1037287935614586 4.0629801601171485 4.7352413311600676 5.4355866089463234 37.799727022647858 25.212276242673397 8.7317619323730469 2.8967924863100052 3.0135236158967018 15.859468989074232 2.8437668532133094 7.0000414848327637 3.8281476870179176 30.155878677964211
leaf_count=37 1246 643 867 28 129 95 20 22 33 126 30 99 99 77 58 37 26 31 40 46 354 235 81 23 24 145 26 64 35 130
internal_value=-0.00141772 0.042228 -0.0707918 -0.0843282 -0.0519598 -0.0896635 -0.0561209 -0.0200245 0.0075087 -0.0625199 -0.0538609 -0.0570923 -0.0513865 -0.0447496 -0.0231567 -0.0035353 0.0565756 -0.0311479 -0.0573822 -0.0591738 -0.0737702 -0.0574894 -0.0187831 0.0346701 0.10244 -0.0634925 -0.0875525 -0.0452069 -0.0126991 0.0231645
internal_weight=783.567 480.971 302.596 114.775 16.2414 98.534 17.4255 8.40172 6.46864 187.821 106.133 102.022 91.1882 80.9087 37.596 23.8963 7.5218 16.3745 13.6997 12.3115 81.6875 43.8877 18.6755 9.94369 5.91032 43.3128 18.7032 24.6095 10.8282 172.282
internal_count=4906 2019 2887 1194 157 1037 170 75 55 1693 939 909 810 711 315 198 63 135 117 104 754 400 165 84 47 396 171 225 99 773
is_linear=0
shrinkage=0.1


Tree=11
num_leaves=31
num_cat=0
split_feature=8 10 10 24 13 69 0 0 108 69 167 12 79 80 42 16 12 65 113 128 0 16 81 70 0 67 0 80 102 0
split_gain=200.15 8.04075 3.31666 1.99653 3.5247 3.28542 2.21285 4.55129 2.21493 5.47989 2.42084 3.39509 1.93396 3.01572 2.64451 1.79515 1.73438 2.41579 2.56303 2.39415 2.15897 2.29579 3.28621 5.93377 3.49913 3.34118 1.70923 2.22717 3.08629 3.38038
threshold=1.0000000180025095e-35 1.0000000180025095e-35 1.0000000180025095e-35 1.0000000180025095e-35 1.0000000180025095e-35 1.0000000180025095e-35 3.2429842948913579 3.0266940593719487 1.0000000180025095e-35 1.0000000180025095e-35 1.0000000180025095e-35 1.0000000180025095e-35 1.0000000180025095e-35 1.0000000180025095e-35 1.0000000180025095e-35 1.0000000180025095e-35 1.0000000180025095e-35 1.0000000180025095e-35 1.0000000180025095e-35 1.0000000180025095e-35 16.041068077087406 1.0000000180025095e-35 1.0000000180025095e-35 1.0000000180025095e-35 13.030800819396974 1.0000000180025095e-35 7.8836412429809579 1.0000000180025095e-35 1.0000000180025095e-35 10.380561351776125
decision_type=2 2 2 2 2 2 2 2 2 2 2 2 2 2 2 2 2 2 2 2 2 2 2 2 2 2 2 2 2 2
left_child=2 -2 12 4 5 -4 7 15 10 -10 -8 -12 13 -1 -14 -5 17 18 26 20 21 22 24 25 -18 -24 -3 28 29 -28
right_child=1 16 3 6 -6 -7 8 -9 9 -11 11 -13 14 -15 -16 -17 19 -19 -20 -21 -22 -23 23 -25 -26 -27 27 -29 -30 -31
leaf_value=-0.057784140516475506 0.047627406663408881 0.034612746836868623 0.11117790011638018 -0.11135341452609332 -0.11114472162138225 -0.063335040371982496 -0.098550076696111807 0.098789906065595137 -0.089606908911579367 0.11796273719354536 -0.11269515033280642 0.062406923648143812 -0.11371574689076201 0.056368192585534549 -0.0044691792031829681 -0.013119360572105549 0.10085143135999193 0.089513977272902209 0.085799942351722322 -0.056982598414073153 -0.052277712900950637 -0.011793948264900961 0.027598292815550502 0.099083005368109836 0.0002099340607452059 -0.090478929147065221 -0.042980462978381852 0.067096899218631545 -0.072331560722174268 0.023730476254325859
leaf_weight=161.95439981669188 308.39911581575871 47.522243499755859 2.2396522760391226 4.8420465588569623 3.2160630449652672 2.0812996998429298 79.137560829520226 1.9015705883502958 4.729448825120925 1.7397371008992193 2.152315489947795 2.2806340232491493 12.161754228174685 2.3478621765971175 2.7094412818551055 3.0208728611469269 10.422873333096502 5.9726300984621039 6.3798520117998114 5.4295439273118964 4.6042685210704795 15.358845576643942 4.0843589007854444 4.296445921063424 5.1674010008573541 5.7988311350345612 9.499933183193205 5.939660742878913 4.9887192100286475 37.895389080047607
leaf_count=1531 1246 199 24 54 36 23 886 21 54 19 22 23 116 22 24 32 44 24 28 25 23 72 20 19 23 29 44 27 23 173
internal_value=-0.00142084 0.0379412 -0.0676062 -0.0815067 -0.0318784 0.0271192 -0.0852546 -0.0400384 -0.0901581 -0.0337859 -0.0945219 -0.0226098 -0.0592786 -0.0561529 -0.0938117 -0.0736127 0.0207101 0.0275431 0.0242451 0.00606877 0.0129523 0.0196074 0.035808 0.000969988 0.0674938 -0.041682 0.0205348 0.00906415 0.00248401 0.0103589
internal_weight=768.275 481.76 286.515 107.341 7.53702 4.32095 99.8042 9.76449 90.0397 6.46919 83.5705 4.43295 179.173 164.302 14.8712 7.86292 173.361 118.198 112.226 55.1626 49.733 45.1288 29.7699 14.1796 15.5903 9.88319 105.846 58.3237 52.384 47.3953
internal_count=4906 2019 2887 1194 83 47 1111 107 1004 73 931 45 1693 1553 140 86 773 518 494 255 230 207 135 68 67 49 466 267 240 217
is_linear=0
shrinkage=0.1


Tree=12
num_leaves=31
num_cat=0
split_feature=8 10 10 82 40 0 15 16 0 19 1 22 1 1 5 5 0 16 0 15 1 95 14 60 0 42 16 17 151 0
split_gain=168.672 6.60795 3.27166 1.96187 2.55716 2.29481 2.08002 2.18644 1.94572 1.93363 1.88947 3.92301 3.57794 2.94571 2.53661 2.45252 2.81392 5.70323 5.70779 3.01556 2.30891 2.67383 2.03348 1.93574 2.0528 4.80027 2.30333 1.7438 2.00094 1.69781
threshold=1.0000000180025095e-35 1.0000000180025095e-35 1.0000000180025095e-35 1.0000000180025095e-35 1.0000000180025095e-35 4.850102663040162 1.0000000180025095e-35 1.0000000180025095e-35 16.223134994506839 1.0000000180025095e-35 -0.065480265766382204 1.0000000180025095e-35 -0.030344513244926926 -0.27872842550277704 1.0000000180025095e-35 1.0000000180025095e-35 4.7049965858459482 1.0000000180025095e-35 3.3497605323791508 1.0000000180025095e-35 0.90113317966461193 1.0000000180025095e-35 1.0000000180025095e-35 1.0000000180025095e-35 13.289527893066408 1.0000000180025095e-35 1.0000000180025095e-35 1.0000000180025095e-35 1.0000000180025095e-35 10.035592079162599
decision_type=2 2 2 2 2 2 2 2 2 2 2 2 2 2 2 2 2 2 2 2 2 2 2 2 2 2 2 2 2 2
left_child=2 -2 9 4 -4 -5 -6 8 -8 10 13 12 -12 15 23 16 17 18 -1 -20 21 -16 -23 24 -14 26 -26 -3 -29 -7
right_child=1 27 3 5 6 29 7 -9 -10 -11 11 -13 14 -15 20 -17 -18 -19 19 -21 -22 22 -24 -25 25 -27 -28 28 -30 -31
leaf_value=-0.05645405862213531 0.042955341842500779 0.079567785345363157 -0.092651800853011723 0.02566471928795655 -0.084333773003292714 -0.11074195250721236 -0.11197568007715449 0.057430952027583519 0.014558338900612353 -0.11325839774151447 0.061023580690259642 0.061646972980343107 -0.078749273709740733 -0.10100293572411599 -0.054000810359009027 -0.077950469581186385 -0.074438125749699602 -0.073002956648703918 0.028320172183916026 0.17222930914644483 0.03962754166849744 0.074112153859227967 -0.035604305131599193 -0.080514860137791869 -0.11251867883337163 0.12987781556233977 0.024924446986694729 0.019258056079176696 -0.033615368561762005 -0.032873611707677955
leaf_weight=3.565508529543882 307.77934187650681 4.5625732690095893 70.113724425435066 3.4983933120965949 7.8079353421926481 4.9783382192254049 2.571741484105587 2.9032757356762886 2.3039724454283714 5.6949706301093093 2.8776943013072005 3.3355845659971228 5.855331636965273 18.286628194153309 31.820626825094223 23.59325548261404 10.639052443206308 7.6541774645447722 2.7648892030119896 3.0760971903800964 3.8232659772038451 3.1406110674142829 3.6554341986775398 34.486540615558624 2.7648196890950203 2.056674599647522 2.181224562227726 161.70637521147728 7.4889552295207968 6.3993954434990883
leaf_count=36 1246 20 867 28 95 57 28 27 20 57 29 26 58 192 303 249 111 79 23 22 31 26 29 352 28 20 22 718 35 72
internal_value=-0.00139826 0.0341536 -0.0643726 -0.0786884 -0.0845073 -0.0451661 -0.0478712 -0.011273 -0.0521832 -0.0559659 -0.0539954 -0.0449008 -0.0487363 -0.0665429 -0.0522542 -0.0542574 -0.0340769 -0.00890755 0.0432477 0.104108 -0.0345011 -0.0418403 0.0150982 -0.0681682 -0.0350531 0.00148348 -0.0519057 0.0185628 0.0169178 -0.066945
internal_weight=753.386 481.537 271.849 100.577 85.7006 14.8761 15.5869 7.77899 4.87571 171.272 165.577 95.9978 92.6622 69.5796 89.7845 51.293 27.6997 17.0607 9.40649 5.84099 42.4399 38.6167 6.79605 47.3446 12.8581 7.00272 4.94604 173.758 169.195 11.3777
internal_count=4906 2019 2887 1194 1037 157 170 75 48 1693 1636 924 898 712 869 520 271 160 81 45 389 358 55 480 128 70 50 773 753 129
is_linear=0
shrinkage=0.1


Tree=13
num_leaves=31
num_cat=0
split_feature=8 10 10 24 45 0 22 108 69 167 12 21 108 1 5 0 16 0 5 26 7 0 99 55 1 0 0 0 16 50
split_gain=142.32 5.4599 3.1688 1.99332 9.56 2.25905 4.24454 2.2951 4.71503 2.37613 3.00858 1.93874 1.97921 2.82577 3.04249 3.56309 3.67644 3.72762 2.79 2.22223 3.68293 3.32129 3.31564 3.35745 1.9608 2.84065 3.99219 3.0094 2.96189 2.51402
threshold=1.0000000180025095e-35 1.0000000180025095e-35 1.0000000180025095e-35 1.0000000180025095e-35 1.0000000180025095e-35 3.2429842948913579 1.0000000180025095e-35 1.0000000180025095e-35 1.0000000180025095e-35 1.0000000180025095e-35 1.0000000180025095e-35 1.0000000180025095e-35 1.0000000180025095e-35 -0.065480265766382204 1.0000000180025095e-35 4.7049965858459482 1.0000000180025095e-35 3.3497605323791508 1.0000000180025095e-35 1.0000000180025095e-35 1.0000000180025095e-35 11.623545169830324 1.0000000180025095e-35 1.0000000180025095e-35 0.90113317966461193 11.190965175628664 10.260096073150637 9.4346337318420428 1.0000000180025095e-35 1.0000000180025095e-35
decision_type=2 2 2 2 2 2 2 2 2 2 2 2 2 2 2 2 2 2 2 2 2 2 2 2 2 2 2 2 2 2
left_child=2 -2 11 4 -4 6 -5 9 -9 -7 -11 12 13 14 15 16 17 -1 19 20 22 -22 23 -15 25 26 27 -20 29 -27
right_child=1 -3 3 5 -6 7 -8 8 -10 10 -12 -13 -14 18 -16 -17 -18 -19 24 -21 21 -23 -24 -25 -26 28 -28 -29 -30 -31
leaf_value=-0.047884857159206401 0.03877221821814885 0.016621599947571012 -0.090806261063399452 -0.06788057315426653 0.18274490839254098 -0.09479169898939882 0.10149278585953792 -0.084651771900437378 0.10955833718109867 -0.11097351804579572 0.058921040296727227 -0.080541905117038209 -0.087353025260939673 0.089811372903489659 -0.08741044161859321 -0.073326437029918715 -0.063091331785595159 0.090174944782194802 0.056515444144419585 -0.071372685413397002 0.037248050839217929 -0.11195104035960467 0.11447810830987211 -0.066900577017960233 0.061388352365890221 -0.029313155418563247 0.12381867484103395 -0.083517758397733358 0.010410200138428825 -0.11356218724428509
leaf_weight=3.1264484226703662 306.93145909905434 174.5696005821228 5.2569674327969542 7.0415554568171483 1.6877078264951704 68.292656525969505 1.8731829449534414 4.0992685705423346 1.7985690683126447 1.8926150500774372 2.3200509175658226 21.945448637008667 12.062063403427599 1.9755643159151093 25.533140905201435 15.914421327412127 6.2182884812355033 5.2224816977977753 2.8883678019046801 22.142440669238567 2.0093827396631232 5.7948685809969902 2.6419114470481873 4.4388790130615234 3.3277216255664817 8.2650370523333532 2.9347442463040352 3.2745598331093788 8.000892274081707 6.198070004582406
leaf_count=33 1246 773 66 86 17 886 21 54 19 22 23 233 128 20 288 178 68 38 24 233 21 61 27 47 25 78 27 31 73 60
internal_value=-0.00137834 0.0307414 -0.0612818 -0.075891 -0.0243273 -0.0799921 -0.0322915 -0.0854158 -0.0254266 -0.0902955 -0.0174071 -0.0528804 -0.0486046 -0.0450067 -0.0619462 -0.0406159 -0.00488032 0.0384753 -0.0321656 -0.0505436 -0.0231896 -0.0735363 0.0201964 -0.0186354 -0.0116206 -0.0193184 0.0278236 -0.0178887 -0.0384103 -0.0654175
internal_weight=739.678 481.501 258.177 94.2626 6.94468 87.3179 8.91474 78.4032 5.89784 72.5053 4.21267 163.915 141.969 129.907 56.0148 30.4816 14.5672 8.34893 73.8924 39.003 16.8606 7.80425 9.05635 6.41444 34.8894 31.5617 9.09767 6.16293 22.464 14.4631
internal_count=4906 2019 2887 1194 83 1111 107 1004 73 931 45 1693 1460 1332 605 317 139 71 727 409 176 82 94 67 318 293 82 55 211 138
is_linear=0
shrinkage=0.1


Tree=14
num_leaves=31
num_cat=0
split_feature=8 214 20 10 10 137 16 13 91 78 5 6 81 139 177 9 15 11 15 61 26 16 1 0 151 79 80 42 26 0
split_gain=120.128 5.22925 4.4743 3.98198 3.05785 2.20274 2.68171 3.71501 2.30191 2.70911 2.3265 5.33216 3.53069 2.8016 3.19679 2.56891 2.511 3.70411 2.33244 2.16518 2.04204 4.62394 5.28372 3.56109 2.00432 1.99795 2.88236 2.71815 1.96753 7.3301
threshold=1.0000000180025095e-35 1.0000000180025095e-35 1.0000000180025095e-35 1.0000000180025095e-35 1.0000000180025095e-35 1.0000000180025095e-35 1.0000000180025095e-35 1.0000000180025095e-35 1.0000000180025095e-35 1.0000000180025095e-35 1.0000000180025095e-35 1.0000000180025095e-35 1.0000000180025095e-35 1.0000000180025095e-35 1.0000000180025095e-35 1.0000000180025095e-35 1.0000000180025095e-35 1.0000000180025095e-35 1.0000000180025095e-35 1.0000000180025095e-35 1.0000000180025095e-35 1.0000000180025095e-35 -0.030344513244926926 13.419575691223146 1.0000000180025095e-35 1.0000000180025095e-35 1.0000000180025095e-35 1.0000000180025095e-35 1.0000000180025095e-35 6.4298424720764169
decision_type=2 2 2 2 2 2 2 2 2 2 2 2 2 2 2 2 2 2 2 2 2 2 2 2 2 2 2 2 2 2
left_child=4 2 3 5 25 8 7 -7 9 10 13 12 16 14 28 -14 17 -12 -15 -18 23 22 -22 -13 -5 26 -1 -27 29 -2
right_child=1 -3 -4 24 -6 6 -8 -9 -10 -11 11 20 15 18 -16 -17 19 -19 -20 -21 21 -23 -24 -25 -26 27 -28 -29 -30 -31
leaf_value=-0.048314093952915617 -0.042526430892118869 -0.05702254786675847 0.11422478202478448 0.018026539846808659 -0.073118888843850177 0.12555717224668292 0.017562577856075855 0.026301199650587942 0.094155153171401107 -0.0308491228055662 0.0076911815741447639 -0.019650287235946716 0.096682572135551995 -0.029690077546614235 -0.034188083269481792 0.02960153471397324 0.016369470861956541 0.079791498725032883 0.047124113298031262 -0.065762801757703021 0.088100840628628371 -0.090359148817791612 -0.040590427954006317 0.082792059035811924 -0.034404021315588978 -0.11114093403205581 0.066328997827062156 0.0049504906974064703 0.05804801347398867 0.050217070578954352
leaf_weight=142.31604152172804 10.361523374915121 7.179079294204711 6.076608568429946 162.94121468067169 88.520623952150345 9.8774667382240278 8.2876934260129929 6.0995249152183542 5.8832723200321189 6.9168165475130072 17.502803042531013 8.9532086998224241 13.746613144874573 9.8464850336313265 4.9494696557521811 9.7635768055915833 8.440737843513487 12.017903834581377 6.6044519692659369 5.1791725307703009 4.966086894273757 7.9104411602020255 8.9224393069744128 5.4643264263868323 7.632726624608039 10.121071256697176 2.227393001317977 2.5187718942761412 77.713763758540154 48.002822875976562
leaf_count=1531 42 31 25 716 1194 43 34 25 24 28 71 36 56 40 20 40 34 49 27 21 20 32 36 22 36 116 22 24 316 195
internal_value=-0.00136183 0.0276849 0.0289677 0.0278607 -0.0582533 0.0348464 0.0637208 0.0876643 0.0322814 0.0309193 0.0325604 0.0208641 0.0376468 0.0402006 0.0447561 0.0688244 0.0206561 0.0370433 0.00114802 -0.0148625 -0.010022 -0.029333 0.0054254 0.0191759 0.0156804 -0.0498814 -0.0465475 -0.0880071 0.0476274 0.0337522
internal_weight=726.944 481.24 474.061 467.985 245.704 297.411 24.2647 15.977 273.146 267.263 260.346 102.867 66.6508 157.479 141.028 23.5102 43.1406 29.5207 16.4509 13.6199 36.2165 21.799 13.8885 14.4175 170.574 157.183 144.543 12.6398 136.078 58.3643
internal_count=4906 2019 1988 1963 2887 1211 102 68 1109 1085 1057 417 271 640 573 96 175 120 67 55 146 88 56 58 752 1693 1553 140 553 237
is_linear=0
shrinkage=0.1


Tree=15
num_leaves=31
num_cat=0
split_feature=8 214 20 10 10 82 40 73 26 83 19 69 102 11 108 99 70 97 61 63 79 104 0 0 26 60 12 11 133 15
split_gain=101.067 4.25869 3.67207 3.32125 2.93411 2.05064 2.7822 2.28996 3.35851 2.13257 1.9711 1.94676 1.88028 2.76381 2.31368 2.58152 4.56043 2.25025 2.17896 4.42487 3.88033 3.07559 2.91832 3.31979 3.87953 4.78088 5.65631 4.42959 3.79551 3.17906
threshold=1.0000000180025095e-35 1.0000000180025095e-35 1.0000000180025095e-35 1.0000000180025095e-35 1.0000000180025095e-35 1.0000000180025095e-35 1.0000000180025095e-35 1.0000000180025095e-35 1.0000000180025095e-35 1.0000000180025095e-35 1.0000000180025095e-35 1.0000000180025095e-35 1.0000000180025095e-35 1.0000000180025095e-35 1.0000000180025095e-35 1.0000000180025095e-35 1.0000000180025095e-35 1.0000000180025095e-35 1.0000000180025095e-35 1.0000000180025095e-35 1.0000000180025095e-35 1.0000000180025095e-35 15.181382656097414 14.29021215438843 1.0000000180025095e-35 1.0000000180025095e-35 1.0000000180025095e-35 1.0000000180025095e-35 1.0000000180025095e-35 1.0000000180025095e-35
decision_type=2 2 2 2 2 2 2 2 2 2 2 2 2 2 2 2 2 2 2 2 2 2 2 2 2 2 2 2 2 2
left_child=4 2 3 12 10 6 -6 8 11 -7 -1 -8 14 -14 17 16 -16 18 19 21 -20 22 23 24 25 26 29 -26 -29 -2
right_child=1 -3 -4 -5 5 9 7 -9 -10 -11 -12 -13 13 -15 15 -17 -18 -19 20 -21 -22 -23 -24 -25 27 -27 -28 28 -30 -31
leaf_value=-0.044766158924307367 -0.10285635655861528 -0.051793396512118339 0.10370452998135903 0.014056416795809965 -0.086579039238282016 -0.049013093866437922 0.12888248031534191 -0.089736329796927972 -0.06460065204252248 0.073376441230425277 -0.11049445007743455 -0.010194399089448917 -0.042802523584191225 0.051879262304693308 -0.060624666198429988 0.06222944008236686 0.053744507974377055 0.065095033871274188 0.011849685293415069 -0.031182180964061518 0.090817353588644067 0.11941859585951449 0.075268940159626138 -0.035271208248018875 0.070106323354114611 0.050506615097088606 0.050718951381423273 0.0029829493604948262 0.083295475792684856 -0.0076263990053832362
leaf_weight=146.41194035857916 7.1751820445060748 7.1168446540832511 6.0261895805597296 171.1962294280529 56.915247730910778 11.315046556293961 2.0851749628782255 4.9762818142771712 4.4000465050339699 1.6286059543490417 4.7092743068933478 1.9455619007349012 7.8715611398220044 5.067937970161438 9.7940468043088931 5.1123153567314139 5.4136382341384879 23.809061318635941 69.494886368513107 8.4199527651071531 6.8345365673303595 5.1269430220127097 20.919506654143333 6.3905991166830054 49.176454335451126 18.556948989629745 7.6149626970291129 24.380968511104584 7.7564677298068991 6.8542028814554214
leaf_count=1636 29 31 25 752 867 137 26 65 57 20 57 22 32 21 40 21 22 98 284 34 28 21 86 26 202 76 31 100 32 28
internal_value=-0.00129143 0.0249871 0.0261424 0.0251415 -0.0551194 -0.0701924 -0.0769252 -0.035943 -0.00419145 -0.0336137 -0.0468144 0.0617527 0.0315577 -0.00571906 0.0332631 0.000754381 -0.0199115 0.0357795 0.0328554 0.0394061 0.0189205 0.0432667 0.0406433 0.0349802 0.0386748 0.0132629 -0.0186683 0.0512383 0.0223666 -0.0563308
internal_weight=714.497 480.109 472.993 466.966 234.387 83.266 70.3223 13.4071 8.43078 12.9437 151.121 4.03074 295.77 12.9395 282.831 20.32 15.2077 262.511 238.702 162.372 76.3294 153.952 148.825 127.906 121.515 40.2013 21.6443 81.3139 32.1374 14.0294
internal_count=4906 2019 1988 1963 2887 1194 1037 170 105 157 1693 48 1211 53 1158 83 62 1075 977 665 312 631 610 524 498 164 88 334 132 57
is_linear=0
shrinkage=0.1


Tree=16
num_leaves=31
num_cat=0
split_feature=8 214 20 10 10 24 39 0 1 108 69 167 16 79 42 80 137 16 13 0 16 13 73 70 39 16 0 9 59 6
split_gain=84.9857 3.46883 3.03768 2.81953 2.76412 2.05292 9.72938 2.4931 4.78422 2.52813 4.36331 2.45268 2.01983 1.97245 2.72058 2.49671 1.90637 2.37322 3.32075 2.02319 3.96196 1.99461 2.74145 7.3461 5.80557 4.41029 3.2176 5.77198 7.70488 4.28358
threshold=1.0000000180025095e-35 1.0000000180025095e-35 1.0000000180025095e-35 1.0000000180025095e-35 1.0000000180025095e-35 1.0000000180025095e-35 1.0000000180025095e-35 3.2429842948913579 -0.66370064020156849 1.0000000180025095e-35 1.0000000180025095e-35 1.0000000180025095e-35 1.0000000180025095e-35 1.0000000180025095e-35 1.0000000180025095e-35 1.0000000180025095e-35 1.0000000180025095e-35 1.0000000180025095e-35 1.0000000180025095e-35 17.30732345581055 1.0000000180025095e-35 1.0000000180025095e-35 1.0000000180025095e-35 1.0000000180025095e-35 1.0000000180025095e-35 1.0000000180025095e-35 10.380561351776125 1.0000000180025095e-35 1.0000000180025095e-35 1.0000000180025095e-35
decision_type=2 2 2 2 2 2 2 2 2 2 2 2 2 2 2 2 2 2 2 2 2 2 2 2 2 2 2 2 2 2
left_child=3 2 4 13 16 6 -5 8 12 11 -11 -9 -7 15 -15 -1 19 18 -18 21 -21 22 26 24 25 -24 27 -2 29 -29
right_child=1 -3 -4 5 -6 7 -8 9 -10 10 -12 -13 -14 14 -16 -17 17 -19 -20 20 -22 -23 23 -25 -26 -27 -28 28 -30 -31
leaf_value=-0.042230547905824978 0.05304744078194415 -0.047062383677652836 0.094592248539322174 -0.086124608221952947 0.012605865584155888 -0.10808637990172663 0.20241611261344433 -0.089543379228836831 0.13285126440588901 -0.077386973234472856 0.11785738413541647 -0.0068265156310535514 0.0093884858231331938 -0.10952682474286629 0.0098097419509711372 0.063886693174099493 0.11606634474343598 0.012330649574822812 0.021037699882088257 -0.060195630157505779 0.051459818115874273 0.039731604825411632 0.069775495831591205 0.092600324611239682 -0.056298787076761087 -0.0044027568635255825 -0.0077712866595416241 0.079229666238318494 -0.089713342754419778 -0.028696419610687758
leaf_weight=132.00357433408499 35.029506757855415 7.0525204688310614 5.9499555230140677 4.5275546275079241 171.77381356060505 3.5334260836243629 1.5751880928874014 55.742414128035307 1.6475046128034581 3.3575702384114257 1.7366475835442541 3.8310672193765631 2.4985441714525223 8.8958517238497716 2.4327953681349745 2.2550321817398062 9.4004529267549497 8.2018488794565201 6.0400437116622934 7.4142475724220258 5.5620394796133041 94.091292053461075 17.20603609085083 17.699515238404274 8.8318493962287885 15.005123555660246 46.724279209971428 8.2848279774188978 8.1292962431907654 6.6128532588481912
leaf_count=1531 143 31 25 68 752 54 15 886 21 54 19 45 32 116 24 22 43 34 25 30 23 388 71 73 36 61 190 34 33 27
internal_value=-0.00122576 0.0225519 0.0235921 -0.0520643 0.0226856 -0.0673468 -0.0116489 -0.0720451 -0.0181763 -0.0784421 -0.0108271 -0.084224 -0.0594263 -0.0438293 -0.0838996 -0.0404482 0.0285702 0.0558015 0.0788929 0.0261909 -0.0123366 0.0281316 0.0214569 0.0387497 0.015527 0.0352206 0.0117622 0.0274829 -0.0114069 0.0313229
internal_weight=703.047 479.01 471.957 224.037 466.007 78.4499 6.10274 72.3472 7.67947 64.6677 5.09422 59.5735 6.03197 145.587 11.3286 134.259 294.233 23.6423 15.4405 270.591 12.9763 257.615 163.523 58.7425 41.043 32.2112 104.781 58.0565 23.027 14.8977
internal_count=4906 2019 1988 2887 1963 1194 83 1111 107 1004 73 931 86 1693 140 1553 1211 102 68 1109 53 1056 668 241 168 132 427 237 94 61
is_linear=0
shrinkage=0.1


Tree=17
num_leaves=31
num_cat=0
split_feature=8 214 10 224 20 91 10 174 22 0 1 24 50 108 69 167 9 139 11 23 0 78 5 15 0 0 69 26 56 135
split_gain=71.4912 2.82699 2.70885 2.64851 2.45428 2.46887 2.05208 2.87729 2.02866 3.68207 2.58395 2.35969 9.35986 2.29092 3.49885 2.36236 2.01921 3.99331 3.06006 4.7437 3.79884 2.84753 3.27415 3.78438 6.59306 3.64355 3.31367 2.33582 3.79746 2.32959
threshold=1.0000000180025095e-35 1.0000000180025095e-35 1.0000000180025095e-35 1.0000000180025095e-35 1.0000000180025095e-35 1.0000000180025095e-35 1.0000000180025095e-35 1.0000000180025095e-35 1.0000000180025095e-35 3.2429842948913579 -0.0050954443868249646 1.0000000180025095e-35 1.0000000180025095e-35 1.0000000180025095e-35 1.0000000180025095e-35 1.0000000180025095e-35 1.0000000180025095e-35 1.0000000180025095e-35 1.0000000180025095e-35 1.0000000180025095e-35 17.100615501403812 1.0000000180025095e-35 1.0000000180025095e-35 1.0000000180025095e-35 7.8836412429809579 4.0835044384002694 1.0000000180025095e-35 1.0000000180025095e-35 1.0000000180025095e-35 1.0000000180025095e-35
decision_type=2 2 2 2 2 2 2 2 2 2 2 2 2 2 2 2 2 2 2 2 2 2 2 2 2 2 2 2 2 2
left_child=2 3 16 4 5 6 -2 -8 11 -10 -11 12 -4 15 -15 -13 17 18 20 -20 29 22 23 27 25 -25 -24 -21 -29 -1
right_child=1 -3 8 -5 -6 -7 7 -9 9 10 -12 13 -14 14 -16 -17 -18 -19 19 21 -22 -23 26 24 -26 -27 -28 28 -30 -31
leaf_value=-0.038815676950125319 0.025502177364503987 -0.042769523583453165 -0.085017408431801361 -0.03895915382112309 0.086565157610690002 0.068628670379440676 0.0088724639340583191 0.077429043053746024 0.11106182566326613 -0.10657649176609783 0.069771195876305578 -0.08639304408916848 0.19999062025313352 -0.07520216470987745 0.096359632444371512 -0.0039962627493975739 -0.054399943884061677 -0.097596175049223952 0.15252446932914485 0.14608650147833213 0.094477328471977873 -0.11093924092164771 -0.063568721884512486 -0.014920986185741007 -0.10942900089651514 0.18381884112727953 0.055908032169997179 0.11470787122444435 -0.063575781411949625 -0.10901083979542425
leaf_weight=29.14479436725378 280.08649818599224 6.987860456109046 4.3248011097311965 7.1811809092760077 5.8564275801181784 10.814320817589758 160.35802134871483 6.3648646622896186 1.7936526313424099 3.1282786764204502 1.1314013972878454 53.28688333183527 1.570780463516712 3.1707408912479869 1.9016923010349271 3.7226561531424514 62.287378985434771 7.9183054789900771 1.9013888388872136 3.1052965521812474 1.9147046655416478 2.5727874115109435 10.535242043435572 2.0217505469918255 3.9804708436131477 1.6965901777148245 2.9774032682180414 2.6699032709002495 2.1623320430517197 5.6433308944106093
leaf_count=346 1159 31 68 30 25 45 702 27 21 55 19 902 13 54 19 43 755 97 23 35 19 32 124 22 51 21 33 33 27 75
internal_value=-0.00117087 0.0203683 -0.0491204 0.0213057 0.0222395 0.0214163 0.0202735 0.0114897 -0.0646013 -0.0091281 -0.0597373 -0.0695411 -0.00908172 -0.0752826 -0.0108824 -0.0810126 -0.0409652 -0.0302703 -0.0226898 -0.000895728 -0.0426551 -0.0100917 -0.00119052 0.0299654 -0.0199875 0.0757593 -0.037243 0.0784159 0.0349294 -0.0502027
internal_weight=692.212 477.649 214.563 470.661 463.48 457.624 446.809 166.723 74.0309 6.05333 4.25968 67.9776 5.89558 62.082 5.07243 57.0095 140.532 78.2443 70.326 33.6232 36.7028 31.7218 29.149 15.6363 7.69881 3.71834 13.5126 7.93753 4.83224 34.7881
internal_count=4906 2019 2887 1988 1958 1933 1888 729 1194 95 74 1099 81 1018 73 945 1693 938 841 401 440 378 346 189 94 43 157 95 60 421
is_linear=0
shrinkage=0.1


Tree=18
num_leaves=31
num_cat=0
split_feature=8 10 10 19 82 40 24 15 35 56 11 79 42 80 108 9 0 1 26 139 44 84 0 1 0 83 0 50 7 14
split_gain=60.1797 2.56597 2.31325 2.03827 1.92792 2.78036 3.73339 3.01622 5.41824 2.15524 2.87075 1.89957 2.94203 2.49963 1.84079 2.69507 1.80498 9.19741 1.83138 2.88615 2.27655 2.09964 2.62921 6.26781 3.97405 4.98182 5.17609 7.92529 4.4822 3.67386
threshold=1.0000000180025095e-35 1.0000000180025095e-35 1.0000000180025095e-35 1.0000000180025095e-35 1.0000000180025095e-35 1.0000000180025095e-35 1.0000000180025095e-35 1.0000000180025095e-35 1.0000000180025095e-35 1.0000000180025095e-35 1.0000000180025095e-35 1.0000000180025095e-35 1.0000000180025095e-35 1.0000000180025095e-35 1.0000000180025095e-35 1.0000000180025095e-35 2.3791923522949223 -0.70385581254959095 1.0000000180025095e-35 1.0000000180025095e-35 1.0000000180025095e-35 1.0000000180025095e-35 14.752909183502199 0.81200090050697338 12.34633779525757 1.0000000180025095e-35 10.260096073150637 1.0000000180025095e-35 1.0000000180025095e-35 1.0000000180025095e-35
decision_type=2 2 2 2 2 2 2 2 2 2 2 2 2 2 2 2 2 2 2 2 2 2 2 2 2 2 2 2 2 2
left_child=1 3 -2 11 5 14 -7 -8 -9 10 -6 13 -13 16 -3 -16 -1 -18 19 20 -19 22 24 -24 25 26 28 -28 -22 -30
right_child=2 4 -4 -5 9 6 7 8 -10 -11 -12 12 -14 -15 15 -17 17 18 -20 -21 21 -23 23 -25 -26 -27 27 -29 29 -31
leaf_value=-0.10863681105877349 0.023725974056705994 -0.086901071277207712 0.0093127505784530284 -0.1086627288709598 0.085805500840091475 0.10965654302317962 -0.10625621242714714 0.13017832282071337 -0.07762957694026057 -0.063067572307565586 -0.065292119316514186 -0.10825376627443624 0.023295365535262444 0.074954549884780314 -0.074899395287223766 0.088875759445987759 0.20670574841403011 -0.1100652604881641 -0.046823462196403549 -0.091034336682924766 -0.078419569816081086 0.07906101747925226 0.11134345373438924 -0.04242133767735743 -0.095704954364237024 -0.10932450217723418 0.26358399584508868 0.0066395856991764259 0.10184491061804331 -0.062461380360486887
leaf_weight=3.2127297520637503 299.54251848161221 41.883417800068855 177.24015380442142 3.9972325861454001 3.0386501774191839 1.7296931296586979 4.8492530062794668 2.049420204013586 3.2355105727910995 6.5346500389277935 2.1450705826282501 7.5567410401999933 2.1935889944434166 2.1158037930726996 2.9718175791203967 1.5180484876036642 1.5835156589746464 2.2878248840570441 66.091446876525879 5.3037388175725928 6.4392693787813275 2.6193858236074439 4.9457114338874799 5.7133790254592896 6.8443511873483649 3.9756121784448615 1.8613113164901722 3.3809002265334129 3.7546986639499664 2.1344921365380287
leaf_count=44 1246 798 773 57 37 13 88 22 47 94 26 111 22 20 46 23 21 28 822 68 84 30 57 63 83 52 20 38 45 28
internal_value=-0.00114544 -0.046316 0.018368 -0.0383112 -0.0618794 -0.0693261 -0.0261274 -0.0493029 0.00295534 -0.024871 0.0232799 -0.0361811 -0.0786584 -0.0327936 -0.0803778 -0.0195261 -0.034691 -0.0326594 -0.0359453 -0.0213505 -0.0129426 -0.00761012 -0.0134239 0.028924 -0.0293231 -0.00823638 0.0146362 0.0978708 -0.0207561 0.0422934
internal_weight=682.75 205.967 476.783 136.012 69.9555 58.2372 11.8639 10.1342 5.28493 11.7184 5.18372 132.015 9.75033 122.264 46.3733 4.48987 120.148 116.936 115.352 49.2607 43.9569 41.6691 39.0497 10.6591 28.3906 21.5463 17.5707 5.24221 12.3285 5.88919
internal_count=4906 2887 2019 1693 1194 1037 170 157 69 157 63 1636 133 1503 867 69 1483 1439 1418 596 528 500 470 120 350 267 215 58 157 73
is_linear=0
shrinkage=0.1


Tree=19
num_leaves=31
num_cat=0
split_feature=8 10 214 224 20 91 22 13 15 24 50 108 69 167 21 83 108 1 1 5 0 16 0 5 113 6 16 31 95 0
split_gain=50.6835 2.40081 2.3008 2.16337 2.06351 2.04618 2.02707 3.86068 3.55849 2.03345 6.42395 2.04856 2.72094 2.18099 1.94368 2.38273 1.95206 2.64353 4.7773 3.22714 3.74016 3.61818 3.30099 2.83906 2.68039 2.26766 2.05486 3.05751 2.02032 3.87088
threshold=1.0000000180025095e-35 1.0000000180025095e-35 1.0000000180025095e-35 1.0000000180025095e-35 1.0000000180025095e-35 1.0000000180025095e-35 1.0000000180025095e-35 1.0000000180025095e-35 1.0000000180025095e-35 1.0000000180025095e-35 1.0000000180025095e-35 1.0000000180025095e-35 1.0000000180025095e-35 1.0000000180025095e-35 1.0000000180025095e-35 1.0000000180025095e-35 1.0000000180025095e-35 -0.065480265766382204 -0.030344513244926926 1.0000000180025095e-35 4.7049965858459482 1.0000000180025095e-35 3.3497605323791508 1.0000000180025095e-35 1.0000000180025095e-35 1.0000000180025095e-35 1.0000000180025095e-35 1.0000000180025095e-35 1.0000000180025095e-35 12.643394947052004
decision_type=2 2 2 2 2 2 2 2 2 2 2 2 2 2 2 2 2 2 2 2 2 2 2 2 2 2 2 2 2 2
left_child=1 14 3 4 5 -2 9 8 -8 10 -3 13 -13 -11 16 -16 17 19 -19 20 21 22 -1 24 -20 26 -22 -28 -25 -30
right_child=2 6 -4 -5 -6 -7 7 -9 -10 11 -12 12 -14 -15 15 -17 -18 18 23 -21 25 -23 -24 28 -26 -27 27 -29 29 -31
leaf_value=-0.030759476822171689 0.016466594564458717 -0.08147735484589913 -0.040580110457345026 -0.037061455882405857 0.077930362432721723 0.060792223968018491 -0.015818014055776614 -0.1078902853319663 0.19201427272308816 -0.082362763899760522 0.14491085276638122 -0.071462850867387573 0.079220719387769881 -0.0022218617257801629 -0.081974251131039108 0.03091540822169915 -0.075684354923131303 0.13762752475796547 -0.049074630085417993 -0.076759935163350876 -0.078990192599718179 -0.048838944346314916 0.11011497249618261 -0.0090062856299288705 0.063321538885956111 -0.10826337232691584 -0.05662993482931436 0.12743468771029939 0.14265652387017996 -0.031533040052366471
leaf_weight=2.5420612692832965 445.54715470969677 3.8450588248670092 6.944402113556861 7.1809210479259482 5.7220082730054846 10.663634881377218 2.1787718236446372 2.1324379295110703 1.324742376804352 46.283648259937763 1.8596097975969312 2.8888891376554957 2.0478359013795853 3.6647022329270831 14.672445833683016 2.1427204869687548 9.0823320373892766 2.0097990259528151 28.057337842881683 19.287284251302481 3.368815314024685 4.9998714365065098 4.8118449375033379 24.304044216871265 2.295334853231906 5.5747036710381508 1.9287637658417225 1.6960145607590675 2.6926535516977301 2.4244114756584167
leaf_count=33 1888 68 31 30 25 45 39 36 20 902 13 54 19 43 203 30 128 23 362 288 47 68 38 269 28 80 27 24 22 23
internal_value=-0.00112926 -0.043632 0.0165587 0.0174045 0.0182512 0.0175027 -0.0591671 -0.00180338 0.0627671 -0.0645029 -0.00767925 -0.0704091 -0.00895679 -0.0764828 -0.0358315 -0.067589 -0.031191 -0.0273784 -0.0140194 -0.0460479 -0.0222798 0.0167945 0.0614182 -0.0191183 -0.040575 -0.0606872 -0.0227634 0.0294929 0.00301778 0.0601273
internal_weight=674.174 198.116 476.058 469.114 461.933 456.211 66.2257 5.63595 3.50351 60.5897 5.70467 54.8851 4.93673 49.9484 131.89 16.8152 115.075 105.993 61.7836 44.2094 24.9221 12.3538 7.35391 59.7738 30.3527 12.5683 6.99359 3.62478 29.4211 5.11707
internal_count=4906 2887 2019 1988 1958 1933 1194 95 59 1099 81 1018 73 945 1693 233 1460 1332 727 605 317 139 71 704 390 178 98 51 314 45
is_linear=0
shrinkage=0.1


Tree=20
num_leaves=31
num_cat=0
split_feature=8 10 78 139 9 11 6 23 5 15 0 69 26 0 73 0 13 0 0 0 99 135 0 0 5 0 12 12 10 22
split_gain=42.6075 2.23506 1.95187 2.31546 2.74092 3.548 3.28759 3.12254 2.8287 2.8941 5.84563 2.82722 2.72751 2.90536 7.78579 2.85533 3.14736 2.75038 6.31628 2.69815 2.30493 2.27446 4.12255 3.0907 2.77426 4.53733 3.87478 1.99023 1.93543 1.82642
threshold=1.0000000180025095e-35 1.0000000180025095e-35 1.0000000180025095e-35 1.0000000180025095e-35 1.0000000180025095e-35 1.0000000180025095e-35 1.0000000180025095e-35 1.0000000180025095e-35 1.0000000180025095e-35 1.0000000180025095e-35 7.8836412429809579 1.0000000180025095e-35 1.0000000180025095e-35 14.800821304321291 1.0000000180025095e-35 4.1437373161315927 1.0000000180025095e-35 12.123203277587892 10.260096073150637 4.0835044384002694 1.0000000180025095e-35 1.0000000180025095e-35 11.934291839599611 16.661190986633304 1.0000000180025095e-35 8.6036963462829608 1.0000000180025095e-35 1.0000000180025095e-35 1.0000000180025095e-35 1.0000000180025095e-35
decision_type=2 2 2 2 2 2 2 2 2 2 2 2 2 2 2 2 2 2 2 2 2 2 2 2 2 2 2 2 2 2
left_child=1 2 3 4 5 6 -1 -7 9 20 19 -10 13 17 -15 16 -14 18 -6 -11 27 22 24 -24 26 -26 -8 -9 -2 -3
right_child=28 29 -4 -5 12 7 21 8 11 10 -12 -13 15 14 -16 -17 -18 -19 -20 -21 -22 -23 23 -25 25 -27 -28 -29 -30 -31
leaf_value=-0.06636323531038299 0.019853536903595263 -0.061830624139338521 -0.077330323758906278 -0.073075287013650167 -0.059501723282107538 0.13246249646856997 0.10300569123494117 0.10039510334409224 -0.057531786953818415 -0.0099097365694911562 -0.10800775706077503 0.053851488801883368 -0.06622342220932502 -0.045766794588410847 0.21313447183136575 -0.078417365749375523 0.11062112954347066 -0.10977780730562113 0.10706900654893846 0.15957500619135367 0.17664793599261946 -0.10742009770803639 -0.087684336994699408 0.074551611341144935 0.015341294377726002 0.25084374481610366 -0.10989233362088183 -0.011762272343520046 0.0066739804256596303 -0.0021815330736576614
leaf_weight=16.11175511777401 297.5010361969471 57.16298408433795 9.3890045732259733 11.273874461650847 8.0515604577958602 2.0453901141881969 1.8610653728246689 3.2915758527815324 9.5029417015612108 1.9203628636896621 3.3968330249190331 2.997756928205491 2.2601592950522926 3.122655611485242 1.8495034314692018 22.633072271943092 1.8141864612698553 3.9116933159530154 3.1738497465848914 1.8386214599013326 1.7322725653648374 1.7605105042457587 4.5285894311964512 1.5853320248425005 1.6263488233089449 1.6461959183216093 1.5811996534466743 3.0465138629078865 178.1438532024622 5.6397007256746283
leaf_count=213 1246 1099 135 164 114 23 23 37 124 22 51 33 30 40 22 308 25 51 34 21 20 28 58 16 25 17 21 38 773 95
internal_value=-0.00109561 -0.0410237 -0.0334402 -0.0299645 -0.0254345 -0.0113712 -0.035224 0.0132257 0.00442972 0.0333708 -0.0129289 -0.0308213 -0.0436001 -0.0157837 0.0505372 -0.0645444 0.0125203 -0.0375685 -0.0124059 0.0729899 0.0744237 -0.000835182 0.0137917 -0.0456168 0.0678838 0.133807 0.00521128 0.0464847 0.0149174 -0.0564741
internal_weight=666.4 190.756 127.953 118.564 107.29 60.4733 30.701 29.7723 27.7269 15.2262 7.15582 12.5007 46.8167 20.1093 4.97216 26.7074 4.07435 15.1371 11.2254 3.75898 8.07036 14.5892 12.8287 6.11392 6.71481 3.27254 3.44227 6.33809 475.645 62.8027
internal_count=4906 2887 1693 1558 1394 770 401 369 346 189 94 157 624 261 62 363 55 199 148 43 95 188 160 74 86 42 44 75 2019 1194
is_linear=0
shrinkage=0.1


Tree=21
num_leaves=31
num_cat=0
split_feature=8 10 19 82 40 0 24 15 16 14 12 214 79 42 80 263 113 224 0 7 108 9 0 67 9 0 0 51 214 26
split_gain=35.8172 2.00508 1.94498 1.90938 2.79148 2.64403 2.4784 3.06971 5.07698 2.02525 2.09128 1.87279 1.86896 2.81457 2.09665 1.83901 1.89538 6.30908 5.00147 4.16666 1.80051 2.35322 1.7962 4.24169 7.88796 1.74471 5.69611 1.63659 1.51515 1.60326
threshold=1.0000000180025095e-35 1.0000000180025095e-35 1.0000000180025095e-35 1.0000000180025095e-35 1.0000000180025095e-35 4.2108144760131845 1.0000000180025095e-35 1.0000000180025095e-35 1.0000000180025095e-35 1.0000000180025095e-35 1.0000000180025095e-35 1.0000000180025095e-35 1.0000000180025095e-35 1.0000000180025095e-35 1.0000000180025095e-35 1.0000000180025095e-35 1.0000000180025095e-35 1.0000000180025095e-35 10.513347148895265 1.0000000180025095e-35 1.0000000180025095e-35 1.0000000180025095e-35 3.9917863607406621 1.0000000180025095e-35 1.0000000180025095e-35 2.3791923522949223 2.7310061454772954 1.0000000180025095e-35 1.0000000180025095e-35 1.0000000180025095e-35
decision_type=2 2 2 2 2 2 2 2 2 2 2 2 2 2 2 2 2 2 2 2 2 2 2 2 2 2 2 2 2 2
left_child=1 2 12 4 20 -5 -6 -8 -9 10 -7 15 14 -14 25 16 17 -2 19 -18 22 -22 23 24 -3 -1 -27 -20 29 -28
right_child=11 3 -4 5 6 9 7 8 -10 -11 -12 -13 13 -15 -16 -17 18 -19 27 -21 21 -23 -24 -25 -26 26 28 -29 -30 -31
leaf_value=-0.10710828490529817 0.014667737249166224 -0.10595019887182927 -0.10703255454396364 0.090828131711324436 0.08805766291160072 -0.051882385878402652 -0.10487989489674886 -0.072696241085430977 0.13583497259520522 -0.10743955459192955 0.07186523244457059 -0.0382751205592365 -0.10712416191145586 0.024772647960126255 0.072368184194722171 -0.045124961994800865 0.028721536810311962 -0.095536105696859885 -0.041298850657434882 0.14463009832770318 -0.069636876027334135 0.086399310166685464 -0.09357555163037555 -0.086634870466661698 0.27860595568814672 0.14239872428738307 -0.016276572037288588 0.030934134960598287 0.063930621249105604 -0.041302098369648627
leaf_weight=2.696766134351491 432.55126720666885 1.0980916619300833 3.2980031892657271 1.9303089827299107 1.8740496858954419 3.5721568837761861 3.880360681563614 2.7839115634560585 2.0108127146959305 2.8607623502612114 2.2108714431524277 6.8983567953109732 6.458721995353697 2.1585786715149879 2.1358975395560256 5.1655846536159506 6.1975274384021777 5.2579918801784506 5.87198358774185 6.2080478668212891 2.6179964691400519 1.5321792699396608 27.202164627611637 5.1823254786431789 1.0372048988938332 1.9793947488069523 45.478702694177628 6.7335591167211533 1.7324434556066979 58.567462764680386
leaf_count=44 1839 22 57 17 13 60 88 44 25 48 32 31 111 22 20 22 26 22 25 26 46 23 649 107 20 24 583 28 24 808
internal_value=-0.00107239 -0.0384899 -0.0312616 -0.0535412 -0.0618239 -0.0149876 -0.0162277 -0.0387562 0.0147576 -0.038618 -0.00457325 0.0134491 -0.0291999 -0.0740849 -0.0257646 0.0142115 0.0148738 0.0133442 0.041648 0.086725 -0.0742625 -0.0120308 -0.0817444 -0.0377639 0.0808452 -0.0276622 -0.025674 -0.00271383 -0.0288191 -0.0303634
internal_weight=659.183 184.299 124.506 59.7932 49.2191 10.5741 10.5491 8.67508 4.79472 8.64379 5.78303 474.884 121.208 8.6173 112.591 467.986 462.82 437.809 25.0111 12.4056 38.67 4.15018 34.5198 7.31762 2.1353 110.455 107.758 12.6055 105.779 104.046
internal_count=4906 2887 1693 1194 1037 157 170 157 69 140 92 2019 1636 133 1503 1988 1966 1861 105 52 867 69 798 149 42 1483 1439 53 1415 1391
is_linear=0
shrinkage=0.1


Tree=22
num_leaves=31
num_cat=0
split_feature=8 78 0 10 139 9 11 0 53 6 135 1 0 74 7 52 26 16 0 12 0 0 13 0 1 16 0 5 13 0
split_gain=30.0307 2.03483 2.28996 1.95527 2.13512 2.41085 3.01012 3.07579 2.56114 4.06493 3.16757 2.53742 5.33065 3.31386 4.25419 2.89365 2.32653 2.73229 4.06636 2.75977 2.72814 2.66977 2.50107 2.06956 5.84005 2.1891 2.04686 2.74776 1.97621 2.52836
threshold=1.0000000180025095e-35 1.0000000180025095e-35 11.623545169830324 1.0000000180025095e-35 1.0000000180025095e-35 1.0000000180025095e-35 1.0000000180025095e-35 17.100615501403812 1.0000000180025095e-35 1.0000000180025095e-35 1.0000000180025095e-35 0.81200090050697338 13.661875724792482 1.0000000180025095e-35 1.0000000180025095e-35 1.0000000180025095e-35 1.0000000180025095e-35 1.0000000180025095e-35 15.51813840866089 1.0000000180025095e-35 10.925393581390383 4.1437373161315927 1.0000000180025095e-35 3.2429842948913579 -0.66370064020156849 1.0000000180025095e-35 8.6844625473022479 1.0000000180025095e-35 1.0000000180025095e-35 10.658453464508058
decision_type=2 2 2 2 2 2 2 2 2 2 2 2 2 2 2 2 2 2 2 2 2 2 2 2 2 2 2 2 2 2
left_child=1 3 -3 4 5 6 7 8 9 26 -11 12 15 14 -14 -8 17 -7 19 20 -19 22 -18 24 25 -5 -1 -28 -6 -30
right_child=-2 2 -4 23 28 16 11 -9 -10 10 -12 -13 13 -15 -16 -17 21 18 -20 -21 -22 -23 -24 -25 -26 -27 27 -29 29 -31
leaf_value=-0.10725707541112789 0.012116645568541409 -0.0893524556822195 0.056491980680499369 -0.10705833316938605 -0.10789022844177337 -0.046356851481321758 0.01379892661792876 0.090835659549519485 -0.093962109421205364 0.050836425848248483 -0.10628977472608639 -0.075529690718621451 0.2784337570465405 0.0017973519208647191 0.059375359762022711 -0.11138717138368522 -0.061096106202847084 0.10511513526703753 0.14055978514574977 -0.10899038601710301 -0.057104192630779274 -0.074125369066853075 0.097424545520977499 -0.055984773555271532 0.1926936426533164 0.029939005227198296 -0.10819661037919043 0.034944550437593841 0.043549419549628737 -0.10742618634236423
leaf_weight=5.4269849099218916 474.45743969082832 11.125036541372536 1.1919285692274559 2.604376457631588 5.7682184316217882 10.970020946115255 19.215409956872474 1.9402004927396763 6.5497741736471644 8.0089480280876142 1.5277459844946868 2.8247942924499503 1.7826897092163554 1.7647616155445573 1.7635644227266312 2.0427217707037917 2.0644598454237011 2.3289140164852142 2.3655321374535561 2.0354093983769417 1.8684688694775102 20.463104408234358 1.9218489639461043 47.120452396571636 1.3137918859720219 2.1124609261751175 2.2059847638010979 3.4203987531363964 2.6446200460195541 1.910607900470495
leaf_count=91 2019 202 17 53 90 149 247 19 88 102 28 35 19 21 23 24 30 34 26 29 23 308 25 1010 17 30 33 40 43 31
internal_value=-0.00103165 -0.0360226 -0.0752389 -0.0331122 -0.0256621 -0.021296 -0.00798917 -0.0308001 -0.0394957 -0.0221697 0.0256653 0.0145781 0.0241583 0.113772 0.169495 0.00176963 -0.0389729 -0.013275 0.0289318 -0.0134343 0.0329031 -0.0595405 0.0153287 -0.0489255 0.00623221 -0.0457033 -0.0634411 -0.021178 -0.0690091 -0.0197746
internal_weight=652.741 178.283 12.317 165.966 112.815 102.492 58.474 29.08 27.1398 20.5901 9.53669 29.3939 26.5691 5.31102 3.54625 21.2581 44.0178 19.5683 8.59832 6.23279 4.19738 24.4494 3.98631 53.1511 6.03063 4.71684 11.0534 5.62638 10.3234 4.55523
internal_count=4906 2887 219 2668 1558 1394 770 401 382 294 130 369 334 63 42 271 624 261 112 86 57 363 55 1110 100 83 164 73 164 74
is_linear=0
shrinkage=0.1


Tree=23
num_leaves=31
num_cat=0
split_feature=8 78 0 20 91 10 82 176 108 31 35 11 99 0 67 9 139 9 11 6 23 5 0 67 26 54 0 69 151 26
split_gain=25.2001 1.87401 2.54348 1.83747 1.83153 1.73069 2.08754 2.52873 2.0783 2.85361 5.2143 5.20681 2.83883 2.79283 5.03567 1.98194 1.91638 2.06274 2.49502 2.54041 2.18431 2.25746 2.55434 3.95601 3.06205 3.59797 2.66718 2.37253 2.17379 2.61006
threshold=1.0000000180025095e-35 1.0000000180025095e-35 11.690622806549074 1.0000000180025095e-35 1.0000000180025095e-35 1.0000000180025095e-35 1.0000000180025095e-35 1.0000000180025095e-35 1.0000000180025095e-35 1.0000000180025095e-35 1.0000000180025095e-35 1.0000000180025095e-35 1.0000000180025095e-35 3.9917863607406621 1.0000000180025095e-35 1.0000000180025095e-35 1.0000000180025095e-35 1.0000000180025095e-35 1.0000000180025095e-35 1.0000000180025095e-35 1.0000000180025095e-35 1.0000000180025095e-35 14.29021215438843 1.0000000180025095e-35 1.0000000180025095e-35 1.0000000180025095e-35 8.8720054626464862 1.0000000180025095e-35 1.0000000180025095e-35 1.0000000180025095e-35
decision_type=2 2 2 2 2 2 2 2 2 2 2 2 2 2 2 2 2 2 2 2 2 2 2 2 2 2 2 2 2 2
left_child=1 5 -3 4 -2 16 7 8 9 13 -11 -12 15 14 -7 -10 17 18 19 -1 -20 22 23 26 -25 -26 -22 -23 29 -19
right_child=3 2 -4 -5 -6 6 -8 -9 12 10 11 -13 -14 -15 -16 -17 -18 28 20 -21 21 27 -24 24 25 -27 -28 -29 -30 -31
leaf_value=-0.0589018056187295 0.0092900418826311251 -0.087674812929534301 0.073772616511981637 0.068166910946436149 0.05164340222331263 0.1197918286944024 -0.0036447740440647943 0.1063662120708639 -0.10788902337646566 0.20245124451987406 -0.10545560858618808 0.064082445541313426 0.1369919452342851 -0.10013595561591777 -0.081842655734171071 0.056128702303354053 -0.066222556527127413 -0.013090090160099611 0.10730440246664258 0.00099458627941182375 -0.10961370624165692 -0.05361686871268273 -0.066933082017754039 0.20008580557754671 0.10344297465066586 -0.059499400334951602 0.041654816750135652 0.04803418682609556 0.078876572915854135 -0.063764948670763946
leaf_weight=14.068859968334436 458.25037764012814 10.463118970394133 1.0761780478060234 5.5394555777311316 10.442955657839773 1.7504334449768091 9.4155705571174604 0.93980261310934921 1.8999381326138964 0.95730364695191195 5.055503711104393 2.8230559304356575 1.1970707178115843 21.440084990113974 4.2358188070356846 1.2033501602709293 9.741577245295046 18.51941405236721 2.2560435906052616 14.256899502128363 2.1130091547965977 8.9459910430014116 2.3027082718908796 1.8965097106993196 4.6337643153965473 1.9152847975492475 2.5997181721031666 3.088884726166726 1.5732371881604184 22.528063476085663
leaf_count=213 1949 204 15 25 45 32 146 20 36 14 117 55 19 557 97 17 164 251 23 188 28 124 32 18 55 24 32 33 20 353
internal_value=-0.00100484 -0.0336868 -0.0726179 0.0109104 0.0102337 -0.0309026 -0.0461552 -0.0557995 -0.0595567 -0.0673517 -0.0179287 -0.0447065 0.00617368 -0.0832742 -0.0228829 -0.0442885 -0.0238705 -0.0197734 -0.00751264 -0.0287548 0.0127113 0.00494989 0.03023 0.0472336 0.0881927 0.0557901 -0.0261683 -0.027527 -0.0364806 -0.0409019
internal_weight=647.13 172.897 11.5393 474.233 468.693 161.358 50.9179 41.5024 40.5626 36.2622 8.83586 7.87856 4.30036 27.4263 5.98625 3.10329 110.44 100.698 58.0777 28.3258 29.7519 27.4959 15.461 13.1583 8.44556 6.54905 4.71273 12.0349 42.6207 41.0475
internal_count=4906 2887 219 2019 1994 2668 1110 964 944 872 186 172 72 686 129 53 1558 1394 770 401 369 346 189 157 97 79 60 157 624 604
is_linear=0
shrinkage=0.1


Tree=24
num_leaves=31
num_cat=0
split_feature=8 21 41 83 6 10 10 61 99 0 67 67 12 7 9 0 55 26 11 0 81 13 0 7 16 0 11 5 56 54
split_gain=21.1325 1.88684 2.32304 1.71026 3.36032 1.62154 1.60069 2.80299 4.54672 3.03443 4.97033 2.73715 1.731 2.54271 5.15075 2.50333 3.13952 2.33658 2.29476 2.26245 2.18732 4.3871 1.89985 1.77545 4.48263 3.95455 5.75656 6.36871 3.70628 2.34816
threshold=1.0000000180025095e-35 1.0000000180025095e-35 1.0000000180025095e-35 1.0000000180025095e-35 1.0000000180025095e-35 1.0000000180025095e-35 1.0000000180025095e-35 1.0000000180025095e-35 1.0000000180025095e-35 4.0561258792877206 1.0000000180025095e-35 1.0000000180025095e-35 1.0000000180025095e-35 1.0000000180025095e-35 1.0000000180025095e-35 13.661875724792482 1.0000000180025095e-35 1.0000000180025095e-35 1.0000000180025095e-35 3.7686516046524052 1.0000000180025095e-35 1.0000000180025095e-35 4.507871389389039 1.0000000180025095e-35 1.0000000180025095e-35 5.4524297714233407 1.0000000180025095e-35 1.0000000180025095e-35 1.0000000180025095e-35 1.0000000180025095e-35
decision_type=2 2 2 2 2 2 2 2 2 2 2 2 2 2 2 2 2 2 2 2 2 2 2 2 2 2 2 2 2 2
left_child=1 6 3 -3 -5 -2 12 8 9 10 -8 -10 23 14 15 20 -17 18 -16 -15 21 -14 -22 -1 29 -26 27 -27 -28 -25
right_child=5 2 -4 4 -6 -7 7 -9 11 -11 -12 -13 13 19 17 16 -18 -19 -20 -21 22 -23 -24 24 25 26 28 -29 -30 -31
leaf_value=-0.025787059101916754 0.014398484420253103 -0.082480859046680788 0.045634039292776263 -0.10590794070520822 0.1160913119880722 0.0023398420258238942 0.13398066299564212 -0.078953353374834098 0.17470397988027422 -0.057635808908043387 -0.04288137545992568 -0.022232167958688792 -0.033906979644896161 0.033579183322280791 0.048692290777604445 0.1968621165807305 0.023108294315875359 -0.10762967173486358 -0.1094515575875324 -0.077416203706810183 0.036492456196603747 0.13792788087382651 -0.10796718136426592 -0.067610681757524424 -0.062384907668470241 -0.10738695101257947 0.28155271296922846 0.12092054259060098 0.092126808630109025 0.0088793000980929102
leaf_weight=30.878446508198977 294.28892746567726 16.237114202231176 1.9063122384250153 1.3887290172278872 1.3394882902503014 179.55222520232201 2.4335027150809827 14.719886660575865 1.7031637281179419 20.658451501280069 4.5785930082201958 1.2051059529185295 3.8575838506221753 2.0775695666670826 2.4927075654268265 1.5964934118092067 2.9828411899507046 6.3111818246543407 1.4520469568669798 15.820622503757475 1.3457292802631853 2.4165291227400303 2.8141853809356689 7.1185189671814451 2.2202295772731331 2.3251791372895223 1.7815137580037115 2.5748702362179756 2.4580662176012993 9.2010457515716553
leaf_count=442 1246 316 27 29 23 773 36 354 30 492 91 29 51 28 33 17 39 104 20 236 19 33 45 105 37 38 22 32 33 126
internal_value=-0.000972795 -0.0314583 -0.0595944 -0.0701715 0.00308829 0.00982911 -0.0274641 -0.0431003 -0.0258415 -0.0383426 0.0184975 0.0930991 -0.0205012 -0.0356944 -0.0152687 0.0220467 0.0836841 -0.0698935 -0.00951977 -0.0645322 -0.00500506 0.0322767 -0.0612346 -0.00930118 0.00909003 0.0573243 0.0864044 0.0125837 0.171725 -0.0244853
internal_weight=641.737 167.896 20.8716 18.9653 2.72822 473.841 147.024 45.2987 30.5788 27.6705 7.0121 2.90827 101.725 43.1675 25.2693 15.0134 4.57933 10.2559 3.94475 17.8982 10.434 6.27411 4.15991 58.5579 27.6794 11.3599 9.13963 4.90005 4.23958 16.3196
internal_count=4906 2887 395 368 52 2019 2492 1032 678 619 127 59 1460 625 361 204 56 157 53 264 148 84 64 835 393 162 125 70 55 231
is_linear=0
shrinkage=0.1


Tree=25
num_leaves=31
num_cat=0
split_feature=8 21 97 199 1 1 53 93 102 167 16 13 0 82 0 60 5 5 128 0 0 12 11 9 74 47 81 0 1 9
split_gain=17.7373 1.6981 2.03696 1.54963 1.76915 5.16242 3.1803 5.68307 3.34412 2.64431 2.33099 2.32986 4.96691 6.20289 4.93049 6.12113 3.99179 3.53787 5.36224 2.90592 12.2926 5.84803 4.03624 2.68839 2.68298 4.31659 4.33244 5.83235 3.74485 6.94762
threshold=1.0000000180025095e-35 1.0000000180025095e-35 1.0000000180025095e-35 1.0000000180025095e-35 0.718609780073166 0.73214691877365123 1.0000000180025095e-35 1.0000000180025095e-35 1.0000000180025095e-35 1.0000000180025095e-35 1.0000000180025095e-35 1.0000000180025095e-35 4.0561258792877206 1.0000000180025095e-35 11.741273403167726 1.0000000180025095e-35 1.0000000180025095e-35 1.0000000180025095e-35 1.0000000180025095e-35 11.190965175628664 10.260096073150637 1.0000000180025095e-35 1.0000000180025095e-35 1.0000000180025095e-35 1.0000000180025095e-35 1.0000000180025095e-35 1.0000000180025095e-35 9.2908968925476092 -0.53988897800445546 1.0000000180025095e-35
decision_type=2 2 2 2 2 2 2 2 2 2 2 2 2 2 2 2 2 2 2 2 2 2 2 2 2 2 2 2 2 2
left_child=1 3 -3 4 6 -6 7 11 9 -8 -9 12 13 17 24 -16 -17 18 -1 20 -14 22 -22 -20 -13 26 28 -28 -26 -30
right_child=-2 2 -4 -5 5 -7 8 10 -10 -11 -12 14 19 -15 15 16 -18 -19 23 -21 21 -23 -24 -25 25 -27 27 -29 29 -31
leaf_value=0.19286524766651658 0.0088614531128920256 -0.06445544009189115 0.07718442873768934 -0.10864736792209291 0.19387880497694052 -0.010426966862946406 -0.089183176131768849 0.023262989135956799 0.070342751625959182 0.071835469130263549 0.19681608039502174 -0.041076839398868505 -0.068825623978247735 0.2017296821988202 0.23873722552189128 -0.10658905729272394 0.10889184559329144 -0.082842639261750103 -0.076309855117166633 -0.10836598569556366 0.079750624573744655 -0.023387291946762503 0.31273636167941388 0.067940804209576447 -0.037065702369721544 -0.10657607479185079 -0.10857032565214658 0.11920972513654959 0.062469175388153435 0.33775748120955118
leaf_weight=1.6113449633121453 473.09174129366875 18.751559551805261 1.0734655018895853 2.2103823851793996 1.3152890205383325 20.719917695969343 16.425126478075988 1.5233318060636512 1.6353498492389906 1.0874288827180851 1.5730054043233395 23.926348254084587 28.630550464615226 1.5621513165533549 1.6969540007412423 1.6346465051174164 1.81344985216856 4.248188178986311 3.0628913715481758 8.5169020872563106 1.5770916882902375 2.2697944212704897 1.4068711381405592 2.2345664948225021 1.4414066784083832 2.3670320231467477 3.1137233041226864 1.7592423968017099 2.8993207272142163 1.3407015074044464
leaf_count=21 2019 377 18 36 19 305 305 27 22 13 18 436 572 15 22 31 29 84 49 146 28 35 16 35 27 46 52 31 49 23
internal_value=-0.000949898 -0.0293518 -0.0567861 -0.0255644 -0.0242656 0.00176811 -0.0290718 -0.0219364 -0.0664143 -0.0791848 0.111432 -0.0261887 -0.0397081 0.0151003 -0.00844294 0.0832568 0.00673835 -0.0110307 0.0331261 -0.0561491 -0.0430242 0.0975815 0.189598 -0.0154622 -0.021247 0.0154716 0.0428432 -0.026337 0.102179 0.149516
internal_weight=636.52 163.428 19.825 143.603 141.393 22.0352 119.357 100.21 19.1479 17.5126 3.09634 97.1132 55.1204 12.7191 41.9928 5.14505 3.4481 11.157 6.9088 42.4012 33.8843 5.25376 2.98396 5.29746 36.8478 12.9214 10.5544 4.87297 5.68143 4.24002
internal_count=4906 2887 395 2492 2456 324 2132 1792 340 318 45 1747 1001 204 746 82 60 189 105 797 651 79 44 84 664 228 182 83 99 72
is_linear=0
shrinkage=0.1


Tree=26
num_leaves=31
num_cat=0
split_feature=8 135 0 6 14 11 15 20 236 91 54 0 0 14 61 15 128 224 1 0 15 0 12 130 12 138 1 9 22 0
split_gain=14.9579 1.57342 3.78125 2.18439 1.6582 2.11358 3.56694 1.5452 1.53986 1.57083 1.45579 1.43411 8.63171 2.99236 3.57349 3.40571 2.48094 2.39821 2.18801 3.04626 2.27701 1.91542 2.77464 1.73055 3.21558 3.15124 2.8621 5.78498 2.29719 2.10639
threshold=1.0000000180025095e-35 1.0000000180025095e-35 2.5407255887985234 1.0000000180025095e-35 1.0000000180025095e-35 1.0000000180025095e-35 1.0000000180025095e-35 1.0000000180025095e-35 1.0000000180025095e-35 1.0000000180025095e-35 1.0000000180025095e-35 3.9917863607406621 4.3367555141448983 1.0000000180025095e-35 1.0000000180025095e-35 1.0000000180025095e-35 1.0000000180025095e-35 1.0000000180025095e-35 -0.63388851284980763 2.6652977466583256 1.0000000180025095e-35 4.7049965858459482 1.0000000180025095e-35 1.0000000180025095e-35 1.0000000180025095e-35 1.0000000180025095e-35 -0.39082820713520044 1.0000000180025095e-35 1.0000000180025095e-35 5.9671459197998056
decision_type=2 2 2 2 2 2 2 2 2 2 2 2 2 2 2 2 2 2 2 2 2 2 2 2 2 2 2 2 2 2
left_child=1 2 -1 4 5 -3 -7 8 9 11 -11 13 -13 16 15 -15 -2 21 19 20 -18 22 -14 25 26 28 27 -25 29 -23
right_child=7 3 -4 -5 -6 6 -8 -9 -10 10 -12 12 17 14 -16 -17 18 -19 -20 -21 -22 23 -24 24 -26 -27 -28 -29 -30 -31
leaf_value=0.12494484614621944 0.080163516499296705 -0.050511665701862107 -0.025453950953169775 -0.09328574366431569 -0.06875199400532335 0.15240942341580385 -0.04771110884220009 0.061213913708132311 0.059055097987288835 0.0084656460107112152 0.083797238624758616 -0.089157145278114414 0.085601017896185294 0.037301604512509988 -0.084378378736756285 -0.049499223212566043 0.04326677547157004 -0.058549653939181094 -0.018732473892777841 0.072619756063192306 -0.043652932375863505 0.063464104599634349 -0.014178375092971769 0.024818207730051483 -0.062339011883696872 0.071965439113476831 0.074280279444358957 -0.1035456478437453 -0.043142091003300354 0.0064825063265278246
leaf_weight=1.6922983527183522 9.5367504954338056 3.469504514709115 137.05243789218366 8.1987550761550665 5.3456617090851068 1.9086479432880878 1.6699244659394026 5.3903315067291251 5.6931492686271659 5.230927959084509 5.0341607481241226 9.8075184375047666 7.14322681725025 14.460180252790456 4.9355948567390433 6.5758096426725379 6.3907214105129224 5.6880137324333182 9.3529646843671816 12.537628725171087 5.7038825750350952 6.6308564245700827 4.5698348581790924 11.612615004181867 10.389094009995462 7.4677685499191275 4.7134244143962851 5.0323172360658637 9.1466016471385938 299.83002386987209
leaf_count=23 40 77 2420 184 117 35 31 25 24 23 22 42 30 62 21 28 27 24 40 53 24 28 20 49 45 33 20 21 39 1279
internal_value=-0.000949548 -0.0274478 -0.0236195 -0.0532417 -0.0267517 0.00510374 0.0590241 0.00797919 0.00736537 0.00672811 0.0454094 0.00584872 0.00344506 0.0190625 -0.00779956 0.0101678 0.0350924 0.00588498 0.0224448 0.03808 0.00227496 0.0068849 0.0466722 0.00557148 -0.0167069 0.0077607 0.00548938 -0.0139905 0.00624151 0.00771541
internal_weight=632.211 159.337 138.745 20.5925 12.3937 7.04808 3.57857 472.873 467.483 461.79 10.2651 451.525 382.031 69.4935 25.9716 21.036 43.5219 372.224 33.9852 24.6322 12.0946 366.536 11.7131 354.823 31.7475 323.075 21.3584 16.6449 315.607 306.461
internal_count=4906 2887 2443 444 260 143 66 2019 1994 1970 45 1925 1630 295 111 90 184 1588 144 104 51 1564 50 1514 135 1379 90 70 1346 1307
is_linear=0
shrinkage=0.1


Tree=27
num_leaves=31
num_cat=0
split_feature=8 78 0 232 214 263 113 224 0 7 10 15 14 69 67 61 0 16 82 56 97 61 79 42 0 0 80 50 16 62
split_gain=12.4077 1.57163 2.89485 1.66787 1.52997 1.53753 1.57331 4.49385 4.18077 3.42497 1.51488 1.95176 2.61496 3.37697 3.97659 3.18937 2.49842 3.33157 2.0195 3.27027 2.72739 3.42143 1.88335 2.38769 1.85778 6.5567 1.79811 1.54902 3.59115 3.09283
threshold=1.0000000180025095e-35 1.0000000180025095e-35 11.824777603149416 1.0000000180025095e-35 1.0000000180025095e-35 1.0000000180025095e-35 1.0000000180025095e-35 1.0000000180025095e-35 10.513347148895265 1.0000000180025095e-35 1.0000000180025095e-35 1.0000000180025095e-35 1.0000000180025095e-35 1.0000000180025095e-35 1.0000000180025095e-35 1.0000000180025095e-35 13.661875724792482 1.0000000180025095e-35 1.0000000180025095e-35 1.0000000180025095e-35 1.0000000180025095e-35 1.0000000180025095e-35 1.0000000180025095e-35 1.0000000180025095e-35 2.3791923522949223 2.6652977466583256 1.0000000180025095e-35 1.0000000180025095e-35 1.0000000180025095e-35 1.0000000180025095e-35
decision_type=2 2 2 2 2 2 2 2 2 2 2 2 2 2 2 2 2 2 2 2 2 2 2 2 2 2 2 2 2 2
left_child=1 3 -3 10 5 6 7 -2 9 -8 22 18 13 14 15 -13 -15 -18 20 -20 -12 -22 24 -24 -1 -26 27 -27 -29 -30
right_child=4 2 -4 -5 -6 -7 8 -9 -10 -11 11 12 -14 16 -16 -17 17 -19 19 -21 21 -23 23 -25 25 26 -28 28 29 -31
leaf_value=-0.1058136347454538 0.0082264051930926087 -0.08248968156507995 0.1037933349909161 -0.10779212191683551 -0.039526921870796872 -0.046455535736555711 0.022086489189349023 -0.084870455359026986 -0.0075152247546567937 0.12809085524306693 -0.086210356453058468 0.095549152994937228 -0.063741408222597204 0.18276331298729223 -0.08435842916396491 -0.10415633949884967 0.13204096914433586 -0.10895514716986608 0.078262068441645988 -0.074387088714168229 0.1499694627544936 -0.10344167325326876 -0.10582015550755433 0.021891043694678113 0.18766941073172072 -0.0062837006957101984 0.080442808698996615 -0.070658760491065994 0.062970156553199638 -0.042478100800960962
leaf_weight=2.0181227549910536 430.26100863516331 8.669993177056309 0.92303166538477022 2.2720235697925082 6.9058675915002814 5.1483528614044181 6.1377233266830462 5.2482433170080176 12.536414355039595 6.0546899437904358 16.219550037756569 3.3326190635561961 6.8834426235407582 1.663575749844312 4.7616210002452135 1.0521758515387771 1.2570121232420206 1.0551181174814701 2.6104038059711447 3.0353580825030804 1.1617665458470576 0.98410558328032482 4.6386786177754393 2.1389763318002224 1.6673188619315613 62.633058097213507 2.0351165644824496 13.469572126865387 5.1460586711764336 6.0534094534814358
leaf_count=41 1839 206 13 43 31 22 26 22 53 26 469 64 168 30 125 30 29 23 36 58 27 32 99 22 18 940 20 228 70 96
internal_value=-0.000873796 -0.0253566 -0.0645657 -0.0227819 0.00719648 0.00788981 0.00849773 0.00710451 0.0330342 0.0747277 -0.0214389 -0.0368929 -0.0138235 0.0123618 -0.0210842 0.0476278 0.0893067 0.0220647 -0.0561137 -0.00380743 -0.0721933 0.0337541 -0.0146229 -0.0655155 -0.0109149 -0.00881038 -0.0124773 -0.0146434 -0.0358681 0.00597446
internal_weight=627.974 155.682 9.59302 146.089 472.292 465.386 460.238 435.509 24.7288 12.1924 143.817 44.0167 20.0056 13.1221 9.14642 4.38479 3.97571 2.31213 24.0112 5.64576 18.3654 2.14587 99.8003 6.77765 93.0227 91.0045 89.3372 87.3021 24.669 11.1995
internal_count=4906 2887 219 2668 2019 1988 1966 1861 105 52 2625 1091 469 301 219 94 82 52 622 94 528 59 1534 121 1413 1372 1354 1334 394 166
is_linear=0
shrinkage=0.1


Tree=28
num_leaves=31
num_cat=0
split_feature=8 21 41 83 12 232 199 1 0 53 93 84 167 174 68 53 73 9 6 13 0 40 0 60 0 0 11 128 26 5
split_gain=10.3772 1.50912 2.10428 1.77731 3.19664 1.53016 1.55675 1.91471 4.09768 3.12737 4.10612 3.09283 2.31888 2.25932 2.29803 6.40775 3.61965 5.79111 3.77524 2.20229 4.5997 7.69867 4.21157 4.18328 3.65581 4.72645 5.92708 3.92953 5.4404 3.64148
threshold=1.0000000180025095e-35 1.0000000180025095e-35 1.0000000180025095e-35 1.0000000180025095e-35 1.0000000180025095e-35 1.0000000180025095e-35 1.0000000180025095e-35 0.718609780073166 15.585215568542482 1.0000000180025095e-35 1.0000000180025095e-35 1.0000000180025095e-35 1.0000000180025095e-35 1.0000000180025095e-35 1.0000000180025095e-35 1.0000000180025095e-35 1.0000000180025095e-35 1.0000000180025095e-35 1.0000000180025095e-35 1.0000000180025095e-35 11.190965175628664 1.0000000180025095e-35 11.741273403167726 1.0000000180025095e-35 4.0561258792877206 10.260096073150637 1.0000000180025095e-35 1.0000000180025095e-35 1.0000000180025095e-35 1.0000000180025095e-35
decision_type=2 2 2 2 2 2 2 2 2 2 2 2 2 2 2 2 2 2 2 2 2 2 2 2 2 2 2 2 2 2
left_child=1 5 3 -3 -5 6 7 9 -9 10 19 12 -11 14 -10 -16 18 -18 -17 20 21 24 -21 -24 27 -26 -27 28 -1 -25
right_child=-2 2 -4 4 -6 -7 -8 8 13 11 -12 -13 -14 -15 15 16 17 -19 -20 22 -22 -23 23 29 25 26 -28 -29 -30 -31
leaf_value=0.23939476064255072 0.006484917492488744 -0.076585214689034564 0.050018007459975825 -0.10520777652048308 0.12374594398917799 -0.10711045206352435 -0.10755798287515193 0.17710367472886934 -0.062374875493467208 -0.086067609945711443 0.094528816512818081 0.06885210842637686 0.061750110955176185 0.077091639192060413 -0.10936037188107438 -0.10804805523431465 0.015549029006294447 0.29158399796769413 0.098506610095624461 -0.014139868706522186 -0.10721373584908707 0.23633472433602953 0.20292811191544199 -0.10566365170005794 -0.063167911465930107 -0.063866780127786876 0.1706961592311198 -0.017912023852540454 -0.0088685741271153241 0.10850652387476208
leaf_weight=1.6547801513224814 471.83149746060371 13.602294892072683 1.8552535139024247 1.1521150264888993 1.2955498248338699 1.982512742280959 1.9384302906692017 1.3821621686220193 6.4613247234374294 14.503522757440804 3.2884290460497132 1.6460543349385268 1.1450578384101397 3.0860760658979407 2.8839365523308516 1.679973466321826 1.5675921775400639 1.4753450490534306 1.8695972450077534 34.104253839701414 7.1797511391341677 1.1341009698808182 1.8585077188909043 1.4143043123185635 25.339338799938563 2.2175841666758052 2.0949562042951584 8.7030786368995905 1.8917962573468685 1.8097561001777649
leaf_count=18 2019 316 27 27 25 41 36 17 107 299 45 23 13 41 50 29 25 17 23 657 142 13 19 31 570 41 25 154 28 28
internal_value=-0.000839453 -0.023543 -0.0508137 -0.0624691 0.0159775 -0.0199075 -0.018601 -0.0172786 0.0108544 -0.0224982 -0.0152144 -0.0615359 -0.0752513 -0.00122429 -0.0163888 0.0149658 0.0693532 0.149382 0.000746519 -0.019251 -0.0331158 -0.0207539 -0.00148408 0.0834368 -0.0277122 -0.0466973 0.0500798 0.0182436 0.106967 0.0145561
internal_weight=624.049 152.217 17.9052 16.05 2.44766 134.312 132.33 130.391 20.406 109.985 92.6906 17.2946 15.6486 19.0238 15.9378 9.47644 6.59251 3.04294 3.54957 89.4022 50.2154 43.0356 39.1868 5.08257 41.9015 29.6519 4.31254 12.2497 3.54658 3.22406
internal_count=4906 2887 395 368 52 2492 2451 2415 309 2106 1771 335 312 292 251 144 94 42 52 1726 991 849 735 78 836 636 66 200 46 59
is_linear=0
shrinkage=0.1


Tree=29
num_leaves=31
num_cat=0
split_feature=8 312 113 54 224 11 37 10 0 94 15 5 0 14 6 0 168 61 9 0 151 11 0 15 58 0 1 73 16 9
split_gain=8.74789 1.48237 2.35791 3.9525 3.57937 1.57606 1.53751 1.64567 3.10151 2.13345 3.23575 4.67169 4.98484 3.88651 4.78655 4.43962 3.71682 3.62293 2.40637 2.31704 2.13324 2.12859 1.99565 1.9169 1.90371 3.54569 3.55345 5.72891 3.55668 2.93541
threshold=1.0000000180025095e-35 1.0000000180025095e-35 1.0000000180025095e-35 1.0000000180025095e-35 1.0000000180025095e-35 1.0000000180025095e-35 1.0000000180025095e-35 1.0000000180025095e-35 17.498972892761234 1.0000000180025095e-35 1.0000000180025095e-35 1.0000000180025095e-35 4.6392881870269784 1.0000000180025095e-35 1.0000000180025095e-35 11.494866847991945 1.0000000180025095e-35 1.0000000180025095e-35 1.0000000180025095e-35 14.176591396331789 1.0000000180025095e-35 1.0000000180025095e-35 10.709103107452394 1.0000000180025095e-35 1.0000000180025095e-35 3.9917863607406621 -0.0050954443868249646 1.0000000180025095e-35 1.0000000180025095e-35 1.0000000180025095e-35
decision_type=2 2 2 2 2 2 2 2 2 2 2 2 2 2 2 2 2 2 2 2 2 2 2 2 2 2 2 2 2 2
left_child=-1 2 4 5 6 -4 -2 8 9 10 16 12 -12 19 15 -15 20 18 -13 21 24 -14 -19 -11 -8 -26 27 -27 -29 -28
right_child=1 -3 3 -5 -6 -7 7 -9 -10 23 11 17 13 14 -16 -17 -18 22 -20 -21 -22 -23 -24 -25 25 26 29 28 -30 -31
leaf_value=-0.021962880744862662 0.061061365550764447 -0.048953080939977404 0.045655719685973629 -0.0070696110799537866 -0.077386913785156081 0.12223696429980964 -0.012790009639702064 -0.0025183388449762523 -0.053921327730411611 0.064855021434491497 -0.015365407642825402 0.040258664102381825 0.041056662776884682 0.044865852675612355 0.10043802959052273 -0.079544169589763195 -0.072874225944585591 -0.0077309248216047765 -0.02920892093389631 0.13933093807463948 0.066094680357328267 0.10843030291800337 -0.095486389963914342 0.0032940735629811489 0.082077561931479984 0.022364592981540806 0.0034528333238431326 -0.029452089202596635 -0.13454872374581736 0.054529723313671057
leaf_weight=148.91018611565232 4.9899664223194113 4.8865240216255179 5.8022926300764084 9.5904305726289749 5.2252148836851111 5.0058756619691849 56.569199487566948 168.15648953616619 7.3587357252836219 13.603421404957771 11.581329286098478 15.17733569443226 12.15056692063809 5.9728672057390231 5.2409796863794318 5.5185746848583221 6.6219441443681708 4.9258134067058545 7.4265338629484168 5.7178321033716193 5.2856882214546195 7.636571764945983 5.4681461602449417 8.0521181672811508 6.4684291481971732 13.267650663852685 33.384281545877464 8.3425611406564695 5.2442872673273095 16.971922889351845
leaf_count=2887 21 21 25 41 22 21 243 721 31 59 50 65 52 26 23 23 28 21 31 25 23 33 23 35 28 56 142 36 22 72
internal_value=-0.000832525 0.00583888 0.0064125 0.0396601 0.00489309 0.0811248 0.00586769 0.00523621 0.010102 0.0119097 0.00918613 0.0245909 0.042755 0.0586913 0.0212403 -0.01488 0.00039651 -0.00503416 0.017435 0.083261 0.0037304 0.0670586 -0.0538981 0.041965 0.00138001 0.0109593 0.00500128 -0.0243755 -0.0700176 0.0206677
internal_weight=620.554 471.644 466.757 20.3986 446.358 10.8082 441.133 436.143 267.987 260.628 238.973 86.8166 53.8187 42.2374 16.7324 11.4914 152.156 32.9978 22.6039 25.505 145.534 19.7871 10.394 21.6555 140.248 83.6791 77.2107 26.8545 13.5868 50.3562
internal_count=4906 2019 1998 87 1911 46 1889 1868 1147 1116 1022 372 232 182 72 49 650 140 96 110 622 85 44 94 599 356 328 114 58 214
is_linear=0
shrinkage=0.1


Tree=30
num_leaves=31
num_cat=0
split_feature=8 237 28 263 192 10 61 15 0 83 94 24 64 1 133 13 49 26 73 11 7 1 14 12 16 81 26 73 45 6
split_gain=7.22026 1.4473 1.58775 1.77748 1.75707 1.45056 1.65577 3.51194 4.57772 3.80775 4.19551 3.44725 4.31893 3.41478 3.26555 2.78559 2.5546 2.5105 2.46204 2.46243 1.96967 1.84858 1.6705 2.02259 1.62187 5.15753 5.75011 3.31489 4.48294 4.40543
threshold=1.0000000180025095e-35 1.0000000180025095e-35 1.0000000180025095e-35 1.0000000180025095e-35 1.0000000180025095e-35 1.0000000180025095e-35 1.0000000180025095e-35 1.0000000180025095e-35 14.97056818008423 1.0000000180025095e-35 1.0000000180025095e-35 1.0000000180025095e-35 1.0000000180025095e-35 -0.030344513244926926 1.0000000180025095e-35 1.0000000180025095e-35 1.0000000180025095e-35 1.0000000180025095e-35 1.0000000180025095e-35 1.0000000180025095e-35 1.0000000180025095e-35 -0.20009126514196393 1.0000000180025095e-35 1.0000000180025095e-35 1.0000000180025095e-35 1.0000000180025095e-35 1.0000000180025095e-35 1.0000000180025095e-35 1.0000000180025095e-35 1.0000000180025095e-35
decision_type=2 2 2 2 2 2 2 2 2 2 2 2 2 2 2 2 2 2 2 2 2 2 2 2 2 2 2 2 2 2
left_child=-1 2 -2 4 5 6 7 9 14 10 15 -8 24 -11 16 -4 18 -16 19 21 22 -9 23 -17 27 26 -26 29 -29 -13
right_child=1 -3 3 -5 -6 -7 11 8 -10 13 -12 12 -14 -15 17 20 -18 -19 -20 -21 -22 -23 -24 -25 25 -27 -28 28 -30 -31
leaf_value=-0.020155969683327456 0.05091374165261453 0.044334621354522548 -0.022180775803049398 -0.056193636337099756 -0.055947193500473315 -0.0021647183232432789 -0.072678791575809115 0.043034980241790324 0.096967901401480663 0.0006192975665048169 0.082166411094457492 -0.054892694752908769 0.079323896448632872 0.09339110334613443 0.014916778660255004 -0.071174905278321349 0.051271058969702944 0.10070844039862122 0.038288355161787864 -0.061970974328479922 0.046049828500366798 -0.031354083296094279 0.031134144076782229 0.014122593386748773 0.055118604406554472 -0.073772773525816238 -0.05770015172052409 0.050778002248470205 -0.04205458463328083 0.030868676594360652
leaf_weight=146.18249713629484 7.2546421736478797 9.3054408282041532 55.723181486129761 4.891966149210929 4.7715140283107749 170.90574996173382 6.2455025911331168 6.4924306720495153 9.7104908376932126 7.5338791310787192 5.3839116394519797 14.352366030216217 7.0474421530961981 8.3818020075559598 5.8901209384202931 5.7503902316093463 10.694079533219336 8.103619784116745 9.2693650722503644 9.4285261332988739 12.41689917445183 6.8811311274766993 7.4933550506830207 5.3815636485815048 11.620267078280451 11.417290657758715 7.3911448866128913 23.5887745320797 6.673596963286399 10.279761627316475
leaf_count=2887 31 42 237 21 20 733 26 28 43 33 24 60 30 36 25 24 46 37 41 40 54 29 32 23 49 47 31 105 28 44
internal_value=-0.000744715 0.0052891 0.00450091 0.00375881 0.00441225 0.00506083 0.00958174 0.0154341 0.033521 0.00430906 -0.00349209 -0.000776033 0.00408556 0.0494765 0.0226663 -0.00880731 0.00894554 0.0645978 -0.00516772 -0.0228332 0.0151991 0.0047594 -0.00536811 -0.0299392 -0.0021289 -0.020647 0.0112576 0.00813594 0.0303061 -0.0191018
internal_weight=616.463 470.28 460.975 453.72 448.828 444.057 273.151 174.535 66.4698 108.065 92.1493 98.6161 92.3706 15.9157 56.7593 86.7654 42.7655 13.9937 32.0715 22.8021 31.0422 13.3736 18.6253 11.132 85.3232 30.4287 19.0114 54.8945 30.2624 24.6321
internal_count=4906 2019 1977 1946 1925 1905 1172 752 289 463 394 420 394 69 246 370 184 62 138 97 133 57 79 47 364 127 80 237 133 104
is_linear=0
shrinkage=0.1


Tree=31
num_leaves=31
num_cat=0
split_feature=8 78 0 232 37 30 65 61 5 14 22 0 50 10 42 0 68 1 1 0 39 0 61 13 0 0 1 69 0 83
split_gain=5.95345 1.41695 2.4842 1.49512 1.45886 1.518 1.50884 2.0028 3.21717 1.73062 2.55006 11.8425 2.34456 3.5762 3.16077 4.76934 2.64497 2.44075 3.10761 2.2341 5.69173 2.10577 1.69387 3.70297 9.2032 1.65425 2.8325 3.88028 3.72166 2.0469
threshold=1.0000000180025095e-35 1.0000000180025095e-35 11.824777603149416 1.0000000180025095e-35 1.0000000180025095e-35 1.0000000180025095e-35 1.0000000180025095e-35 1.0000000180025095e-35 1.0000000180025095e-35 1.0000000180025095e-35 1.0000000180025095e-35 9.9206023216247576 1.0000000180025095e-35 1.0000000180025095e-35 1.0000000180025095e-35 13.151266574859621 1.0000000180025095e-35 -0.60042589902877797 -0.64696934819221485 17.100615501403812 1.0000000180025095e-35 3.5414099693298344 1.0000000180025095e-35 1.0000000180025095e-35 9.3497605323791522 16.286105155944828 0.718609780073166 1.0000000180025095e-35 14.205338954925539 1.0000000180025095e-35
decision_type=2 2 2 2 2 2 2 2 2 2 2 2 2 2 2 2 2 2 2 2 2 2 2 2 2 2 2 2 2 2
left_child=1 3 -3 4 -1 -6 9 -8 -9 19 12 21 13 14 17 -16 -17 18 -11 25 -21 -12 -19 -24 -25 26 28 -28 29 -7
right_child=-2 2 -4 -5 5 6 7 8 -10 10 11 -13 -14 -15 15 16 -18 22 -20 20 -22 -23 23 24 -26 -27 27 -29 -30 -31
leaf_value=-0.1068363489128821 0.0047959617871629542 -0.077900668237930126 0.092415943952423807 -0.10608124138716275 0.087908085748786502 -0.010882097076180637 -0.1077927211855781 -0.10565015243080107 0.11639241196495582 -0.015758600304972968 0.063547416062659831 0.32896390924867025 -0.069229995474287959 -0.073079470505123215 -0.056803165218974487 0.04351976513981131 0.23140000637480984 -0.059145821812382274 0.17743936639745811 -0.048262186591020523 0.22071671105535909 -0.10530720188247422 -0.058262056473082649 0.24226950979486853 -0.10762861575019628 -0.077726833450588062 0.17618052434203016 -0.016627857839487642 -0.10632591504177423 0.037428337239296436
leaf_weight=1.6991145834326733 468.73699957132339 7.4412134885787946 0.96777031570672978 1.817494723945855 1.4575052876025427 47.145616292953491 3.841272857040166 1.3008784409612417 1.3092763908207417 2.1583691667765383 1.113836403936147 1.1109998524188993 12.944310126826165 9.1162675525993091 1.7901934571564186 1.335799265652895 1.706613652408123 10.037722501903781 1.3554103933274735 1.6486549302935591 1.5047068893909454 2.1920513343065977 4.0212008859962216 1.7035064287483694 1.3454260081052778 3.0710933282971373 2.0298294611275187 2.1486956235021353 3.6262039355933657 10.774690125137566
leaf_count=34 2019 206 13 43 18 948 76 30 21 39 16 12 267 272 27 26 20 169 16 33 24 53 74 25 23 51 28 36 83 204
internal_value=-0.00066332 -0.0184691 -0.0582993 -0.0159937 -0.0147672 -0.0135801 -0.0147151 -0.0618637 0.00572833 -0.0122597 -0.0261719 0.0465082 -0.0329281 -0.0193355 -8.74409e-05 0.0727052 0.148909 -0.0171461 0.0587659 -0.00221816 0.0800879 -0.0484159 -0.0327377 0.00475492 0.0878673 -0.00599077 -0.00263881 0.0770339 -0.00804796 -0.00189509
internal_weight=612.453 143.716 8.40898 135.307 133.489 131.79 130.333 6.45143 2.61015 123.881 51.9317 4.41689 47.5148 34.5705 25.4542 4.83261 3.04241 20.6216 3.51378 71.9495 3.15336 3.30589 17.1079 7.07013 3.04893 68.7961 65.725 4.17853 61.5465 57.9203
internal_count=4906 2887 219 2668 2625 2591 2573 127 51 2446 1039 81 958 691 419 73 46 346 55 1407 57 69 291 122 48 1350 1299 64 1235 1152
is_linear=0
shrinkage=0.1


Tree=32
num_leaves=31
num_cat=0
split_feature=8 21 71 0 22 199 232 1 64 0 53 93 102 99 55 0 73 68 167 12 14 50 135 1 55 42 100 151 13 83
split_gain=5.01818 1.4413 2.25572 6.21989 4.05202 1.38403 1.39251 1.55906 3.28486 4.57407 2.92928 3.28077 2.76983 2.40738 4.60132 4.18539 3.13947 4.06646 2.14533 2.04297 1.93957 2.44034 2.50038 2.46484 3.68869 2.50235 2.1736 2.11921 1.7975 1.78126
threshold=1.0000000180025095e-35 1.0000000180025095e-35 1.0000000180025095e-35 10.444900512695314 1.0000000180025095e-35 1.0000000180025095e-35 1.0000000180025095e-35 0.718609780073166 1.0000000180025095e-35 15.585215568542482 1.0000000180025095e-35 1.0000000180025095e-35 1.0000000180025095e-35 1.0000000180025095e-35 1.0000000180025095e-35 16.379192352294925 1.0000000180025095e-35 1.0000000180025095e-35 1.0000000180025095e-35 1.0000000180025095e-35 1.0000000180025095e-35 1.0000000180025095e-35 1.0000000180025095e-35 -0.6132025122642516 1.0000000180025095e-35 1.0000000180025095e-35 1.0000000180025095e-35 1.0000000180025095e-35 1.0000000180025095e-35 1.0000000180025095e-35
decision_type=2 2 2 2 2 2 2 2 2 2 2 2 2 2 2 2 2 2 2 2 2 2 2 2 2 2 2 2 2 2
left_child=1 5 3 -3 -5 6 7 10 9 -9 11 20 18 14 28 -15 -16 -18 -12 -13 26 22 23 24 -22 -25 27 29 -11 -1
right_child=-2 2 -4 4 -6 -7 -8 8 -10 13 12 19 -14 15 16 -17 17 -19 -20 -21 21 -23 -24 25 -26 -27 -28 -29 -30 -31
leaf_value=-0.0075967866125168501 0.0043178266092950262 -0.069238662455766375 -0.10570231783908135 -0.0062836361620097871 0.21088389488714829 -0.10602417498564594 -0.105551625778041 0.22559949072320992 -0.064934127116944518 0.016548338500166137 -0.082462928452097989 0.15949796011488762 0.06620099673154009 0.21917098691662884 -0.10889483525853055 -0.0046128118967858891 -0.10786837447361022 0.10353085586801491 0.060403428457152346 0.0036689974579084115 0.1566034267984 -0.074929678575076014 -0.083048279534651437 -0.028712636607406007 -0.024951606955226635 0.11790289700081556 0.10696048157494815 -0.10573579263942164 0.16359287762086416 0.050118651563299289
leaf_weight=37.705445751547813 468.58670032024384 8.3187664337456244 4.4672666676342478 1.9388574585318556 1.5428772661834955 1.5973992645740498 1.5822399538010348 1.1722156852483774 4.1031151302158824 1.5517414100468141 12.731171434745187 1.8228570707142344 1.6549023333936936 1.4919693283736699 3.8542071804404259 1.9001693502068517 1.5134009923785927 2.2819716110825539 1.1456600092351443 1.5624802298843861 2.2193118575960424 9.1821883320808393 4.4897165372967711 16.149636948481209 2.2572711072862148 1.2545228525996197 1.8378128632903088 1.9581519197672594 1.7906263023614883 6.2311127092689267
leaf_count=775 2019 225 110 40 20 36 41 12 71 24 300 26 22 19 64 33 28 33 13 19 35 210 120 334 35 23 32 46 25 116
internal_value=-0.000663391 -0.0171813 -0.0451811 -0.0222698 0.0899508 -0.0135386 -0.0123418 -0.0111315 0.0146579 0.035651 -0.0160924 -0.00892556 -0.0560846 0.0201714 -0.002555 0.0938143 -0.0453223 0.0192356 -0.070668 0.0875761 -0.0128481 -0.0305305 -0.0150707 -0.00112233 0.0650562 -0.0181443 0.00032224 -0.00394799 0.0953254 0.000588456
internal_weight=609.896 141.309 16.2678 11.8005 3.48173 125.041 123.444 121.862 19.6594 15.5563 102.202 86.6705 15.5317 14.3841 10.9919 3.39214 7.64958 3.79537 13.8768 3.38534 83.2852 35.5526 26.3705 21.8807 4.47658 17.4042 47.7325 45.8947 3.34237 43.9366
internal_count=4906 2887 395 285 60 2492 2456 2415 309 238 2106 1771 335 226 174 52 125 61 313 45 1726 757 547 427 70 357 969 937 49 891
is_linear=0
shrinkage=0.1


Tree=33
num_leaves=31
num_cat=0
split_feature=8 20 236 91 10 79 73 134 22 14 50 82 16 9 0 0 9 11 26 42 0 0 139 5 24 19 0 141 80 50
split_gain=4.22468 1.31396 1.3215 1.32549 1.30758 2.24927 1.86712 1.96546 2.03527 4.04504 2.07241 4.39002 7.06242 2.76721 2.91902 3.43808 1.91232 3.21691 2.61665 1.81058 1.77101 3.32505 1.68694 3.98419 1.74137 1.5795 1.43375 1.37919 1.42841 1.81752
threshold=1.0000000180025095e-35 1.0000000180025095e-35 1.0000000180025095e-35 1.0000000180025095e-35 1.0000000180025095e-35 1.0000000180025095e-35 1.0000000180025095e-35 1.0000000180025095e-35 1.0000000180025095e-35 1.0000000180025095e-35 1.0000000180025095e-35 1.0000000180025095e-35 1.0000000180025095e-35 1.0000000180025095e-35 12.643394947052004 7.7043120861053476 1.0000000180025095e-35 1.0000000180025095e-35 1.0000000180025095e-35 1.0000000180025095e-35 2.3791923522949223 2.6652977466583256 1.0000000180025095e-35 1.0000000180025095e-35 1.0000000180025095e-35 1.0000000180025095e-35 2.960985660552979 1.0000000180025095e-35 1.0000000180025095e-35 1.0000000180025095e-35
decision_type=2 2 2 2 2 2 2 2 2 2 2 2 2 2 2 2 2 2 2 2 2 2 2 2 2 2 2 2 2 2
left_child=4 2 3 -2 5 20 7 8 10 -10 11 16 -13 14 15 -12 -6 -18 -19 -7 -1 -22 24 -24 -8 26 -23 28 29 -28
right_child=1 -3 -4 -5 6 19 22 -9 9 -11 13 12 -14 -15 -16 -17 17 18 -20 -21 21 25 23 -25 -26 -27 27 -29 -30 -31
leaf_value=-0.10468165626234521 0.0019291572481676608 0.053802867058279441 0.051611173652081781 0.038698586016486389 -0.10375161500049664 -0.10467054589678144 0.023338988402490001 -0.10290836817366081 -0.01941969576771551 0.21050447275120884 0.15578984205886603 0.17564483163024558 -0.11007947349716968 -0.064211810181855358 0.14021368839950765 -0.10464622893623093 -0.10389292901155711 0.18107463708883031 -0.030688351440695885 0.0054373090278033442 0.11939374277124766 -0.10701314862283968 0.14634469215904097 -0.10487722695088185 -0.093727170418713063 -0.10431061883860088 0.0056170035035248483 -0.10810756043306509 0.082752159867110278 -0.027952908685348134
leaf_weight=1.7674223948270071 447.60979111492634 5.2149116396903983 5.5994706302881232 10.02352626621723 6.8049830999225467 4.2697380222380152 1.4653364922851295 2.3831279948353759 2.0708781387656918 1.2135570775717499 0.77201994881033842 2.0862741358578196 1.4779093172401192 2.329711502417922 2.6131793577224016 1.475985389202833 2.3506800383329391 1.0299496036022902 1.3461508695036173 2.296746626496315 2.145397398620843 1.3497845716774453 1.1828407272696486 1.3538182526826859 9.5642988700419664 1.6242991089820851 58.687656680122018 1.2330662626773108 1.9616602212190617 22.239537825807929
leaf_count=44 1925 25 24 45 239 116 27 95 38 19 28 33 29 67 37 46 82 24 41 24 23 24 29 39 321 48 968 22 18 406
internal_value=-0.000656703 0.00388726 0.00332533 0.00273452 -0.0159599 -0.00963519 -0.0308231 -0.0160504 -0.00795565 0.0655344 -0.018786 -0.0398322 0.0571676 0.0253967 0.0683414 -0.0152061 -0.0698124 -0.0209514 0.0611029 -0.0661583 -0.00555692 -0.00359376 -0.0612634 0.0122672 -0.0781744 -0.00662326 -0.00476682 -0.00312621 -0.0015645 -0.00360832
internal_weight=607.544 468.448 463.233 457.633 139.096 97.5753 41.5207 27.9544 25.5713 3.28444 22.2868 15.0959 3.56418 7.1909 4.86118 2.24801 11.5318 4.72678 2.3761 6.56648 91.0088 89.2414 13.5663 2.53666 11.0296 87.096 85.4717 84.1219 82.8889 80.9272
internal_count=4906 2019 1994 1970 2887 1693 1194 778 683 57 626 448 62 178 111 74 386 147 65 140 1553 1509 416 68 348 1486 1438 1414 1392 1374
is_linear=0
shrinkage=0.1


Tree=34
num_leaves=31
num_cat=0
split_feature=8 232 21 71 0 22 12 0 199 1 5 57 1 1 70 174 53 84 93 63 13 0 0 0 31 137 128 26 11 100
split_gain=3.54893 1.23442 1.29074 2.18844 5.13401 2.26586 1.37378 1.61046 1.3238 1.29068 3.18976 2.71943 1.88203 3.01748 5.72864 3.3622 2.6335 2.44635 2.29225 2.08188 1.87863 4.51382 6.208 4.27602 3.84774 3.34229 3.15895 3.18616 2.98426 2.70552
threshold=1.0000000180025095e-35 1.0000000180025095e-35 1.0000000180025095e-35 1.0000000180025095e-35 10.444900512695314 1.0000000180025095e-35 1.0000000180025095e-35 5.07460641860962 1.0000000180025095e-35 0.90113317966461193 1.0000000180025095e-35 1.0000000180025095e-35 0.81200090050697338 0.718609780073166 1.0000000180025095e-35 1.0000000180025095e-35 1.0000000180025095e-35 1.0000000180025095e-35 1.0000000180025095e-35 1.0000000180025095e-35 1.0000000180025095e-35 11.190965175628664 10.260096073150637 4.0561258792877206 1.0000000180025095e-35 1.0000000180025095e-35 1.0000000180025095e-35 1.0000000180025095e-35 1.0000000180025095e-35 1.0000000180025095e-35
decision_type=2 2 2 2 2 2 2 2 2 2 2 2 2 2 2 2 2 2 2 2 2 2 2 2 2 2 2 2 2 2
left_child=1 2 8 4 6 -6 -4 -8 9 12 11 -11 13 16 -15 -16 18 19 20 -18 21 22 23 26 28 -22 27 -1 -24 -25
right_child=-2 -3 3 -5 5 -7 7 -9 -10 10 -12 -13 -14 14 15 -17 17 -19 -20 -21 25 -23 24 29 -26 -27 -28 -29 -30 -31
leaf_value=0.18782534427247016 0.0035022516685241493 -0.10506133069509199 -0.10428955103177709 -0.10533554394601866 0.00011287889323555373 0.15762628379061566 0.085057972764440673 -0.063781580165498369 -0.10544686634168254 0.10009462422286414 0.10568986848347579 -0.10616777086902723 -0.070640811403162557 0.20867446006317816 -0.034046119415974067 0.13139012848620971 -0.080563982092558328 0.059559055101151365 0.070816761286541102 0.05847916289739117 0.01694543220321075 -0.10587370978815809 -0.054696684021372871 -0.061894333445982802 0.22808977433559843 -0.081761054920727633 -0.013921013761620443 0.00027326836965473603 0.11874152809958399 0.11578868627157193
leaf_weight=1.8916099201887819 468.12910035252571 1.4984858985990275 4.1574301812797767 3.9457528479397288 1.8315865695476532 1.8215113878250122 1.0402430109679701 2.4139130897819996 1.4455703571438778 0.94474728405475539 3.1430314909666777 1.9764019511640072 5.1503765843808642 1.768191359937189 5.0467769522219896 1.6236935947090385 11.704565506428475 1.7089046705514199 3.6343413963913909 1.1859658565372235 32.486980553716421 5.8641890864819279 1.8763513360172503 20.578987013548616 1.4330949895083902 3.8354747705161563 8.2543064281344414 1.7380163595080376 2.1051221154630184 0.89419376663863559
leaf_count=18 2019 43 129 109 39 20 27 69 36 15 38 46 95 17 75 23 287 23 45 25 655 142 40 551 15 80 154 28 24 19
internal_value=-0.000640626 -0.0147969 -0.0137986 -0.0412455 -0.0187963 0.0786524 -0.0655657 -0.0189575 -0.0103281 -0.00917109 0.0357708 -0.0394591 -0.0115876 -0.00876176 0.048644 0.00622357 -0.0136455 -0.0528672 -0.00687642 -0.0677716 -0.0103642 -0.0241057 -0.0117384 -0.0278599 0.0875803 0.00652251 0.0202676 0.0980176 0.0370052 -0.0544952
internal_weight=605.129 137 135.501 15.2104 11.2647 3.6531 7.61159 3.45416 120.291 118.845 6.06418 2.92115 112.781 107.631 8.43866 6.67047 99.1921 14.5994 84.5927 12.8905 80.9583 44.6359 38.7717 33.3571 5.41457 36.3225 11.8839 3.62963 3.98147 21.4732
internal_count=4906 2887 2844 393 284 59 225 96 2451 2415 99 61 2316 2221 115 98 2106 335 1771 312 1726 991 849 770 79 735 200 46 64 570
is_linear=0
shrinkage=0.1


Tree=35
num_leaves=31
num_cat=0
split_feature=150 8 106 135 6 0 1 13 81 1 0 0 11 9 0 1 0 0 26 139 16 15 65 0 40 61 70 1 24 11
split_gain=3.33787 2.82639 1.30869 1.3645 1.83213 1.76597 1.45005 2.8317 3.659 2.37812 1.31337 3.30231 2.58817 2.09304 2.48151 3.87801 6.71852 2.4302 2.20955 2.76367 1.95542 2.23749 1.85822 2.03874 3.65088 1.79537 2.80898 1.68027 2.13102 2.88544
threshold=1.0000000180025095e-35 1.0000000180025095e-35 1.0000000180025095e-35 1.0000000180025095e-35 1.0000000180025095e-35 2.5407255887985234 -0.39082820713520044 1.0000000180025095e-35 1.0000000180025095e-35 -0.74309831857681263 2.960985660552979 3.2429842948913579 1.0000000180025095e-35 1.0000000180025095e-35 8.5516767501831072 0.18929196149110797 10.260096073150637 9.0704994201660174 1.0000000180025095e-35 1.0000000180025095e-35 1.0000000180025095e-35 1.0000000180025095e-35 1.0000000180025095e-35 17.100615501403812 1.0000000180025095e-35 1.0000000180025095e-35 1.0000000180025095e-35 0.81200090050697338 1.0000000180025095e-35 1.0000000180025095e-35
decision_type=2 2 2 2 2 2 2 2 2 2 2 2 2 2 2 2 2 2 2 2 2 2 2 2 2 2 2 2 2 2
left_child=1 2 3 5 6 -1 7 9 -9 -5 -7 12 -12 22 -15 16 17 -16 20 -20 -17 25 23 27 -25 26 -22 28 29 -13
right_child=-2 -3 -4 4 -6 10 -8 8 -10 -11 11 13 -14 14 15 18 -18 -19 19 -21 21 -23 -24 24 -26 -27 -28 -29 -30 -31
leaf_value=0.083711449442021219 -0.087763026523483126 0.0036826995620126788 0.10518216962043346 0.085193797989355766 -0.086646279558279707 -0.075709741918590617 -0.058298268594197823 0.22384799476673686 -0.024588651382421299 -0.10567570472238735 0.14967172603774734 -0.04413036839341257 -0.028463713925752334 -0.067372972135668494 0.081135839404159735 -0.042728882712806768 0.19280542624555905 -0.07212063920362323 -0.084899924265671861 0.092373106349324371 0.21318527714202518 -0.059434069356077326 -0.076445260045185953 -0.043742248906580412 0.1572342245035955 -0.01001486076744269 0.019542757986534102 -0.075104269663232304 -0.0043951615269536932 0.11945159228359942
leaf_weight=1.9779638405889262 4.3650905285030595 465.01842631399632 0.93318511918187041 0.95731273014098439 5.6980515867471686 3.1078865714371195 4.3294177083298555 1.2004442028701305 1.1712382398545742 2.0519406255334607 2.2575954720377913 1.6162405852228392 1.276978310197592 12.521870287135242 1.5976251214742685 7.5469890208914876 2.2643629480153322 2.9363644048571587 9.3995857425034028 0.97020002175122577 1.4835564810782671 1.9414476770907638 3.1415332751348606 1.5416283281520002 2.1849028579890728 1.8433807473629711 1.5131834596395493 2.9990604110062113 49.776694125495851 3.2397680599242449
leaf_count=23 45 2006 18 21 176 64 131 22 24 59 32 40 24 303 35 153 34 73 228 20 17 35 71 37 28 29 25 58 1033 42
internal_value=-0.000634545 9.17757e-07 -0.0128257 -0.0136565 -0.0416317 -0.00997663 -0.015217 0.0194454 0.101159 -0.0449557 -0.0115858 -0.00980725 0.0853146 -0.0129055 -0.0297167 -0.014746 0.0521352 -0.0181182 -0.0331554 -0.0683142 -0.00771045 0.0312604 -0.00143251 0.00240813 0.0740923 0.0676394 0.115407 -0.00222705 0.00177354 0.0650061
internal_weight=602.864 598.499 133.48 132.547 15.4084 117.139 9.71035 5.38094 2.37168 3.00925 115.161 112.053 3.53457 108.518 44.0186 31.4967 6.79835 4.53399 24.6983 10.3698 14.3286 6.78157 64.4998 61.3583 3.72653 4.84012 2.99674 57.6318 54.6327 4.85601
internal_count=4906 4861 2855 2837 433 2404 257 126 46 80 2381 2317 56 2261 952 649 142 108 507 248 259 106 1309 1238 65 71 42 1173 1115 82
is_linear=0
shrinkage=0.1


Tree=36
num_leaves=31
num_cat=0
split_feature=150 269 303 8 113 7 54 224 21 71 0 22 56 37 30 105 23 12 232 37 10 0 13 78 26 0 81 132 127 11
split_gain=2.78176 2.68757 2.58293 2.37098 1.97163 3.1144 3.67118 2.85578 1.47967 1.64986 4.79269 1.82223 1.94775 1.21572 1.50441 1.17987 2.60497 2.21548 1.14527 1.10545 1.27495 2.31108 1.81808 3.36734 3.56466 4.9425 5.05097 4.68062 2.65289 3.11729
threshold=1.0000000180025095e-35 1.0000000180025095e-35 1.0000000180025095e-35 1.0000000180025095e-35 1.0000000180025095e-35 1.0000000180025095e-35 1.0000000180025095e-35 1.0000000180025095e-35 1.0000000180025095e-35 1.0000000180025095e-35 10.444900512695314 1.0000000180025095e-35 1.0000000180025095e-35 1.0000000180025095e-35 1.0000000180025095e-35 1.0000000180025095e-35 1.0000000180025095e-35 1.0000000180025095e-35 1.0000000180025095e-35 1.0000000180025095e-35 1.0000000180025095e-35 17.498972892761234 1.0000000180025095e-35 1.0000000180025095e-35 1.0000000180025095e-35 11.108829498291017 1.0000000180025095e-35 1.0000000180025095e-35 1.0000000180025095e-35 1.0000000180025095e-35
decision_type=2 2 2 2 2 2 2 2 2 2 2 2 2 2 2 2 2 2 2 2 2 2 2 2 2 2 2 2 2 2
left_child=1 2 3 8 7 6 -6 15 13 10 -10 12 -12 -1 -15 19 -17 -18 -16 -5 21 22 -21 24 27 28 -27 -24 -26 -30
right_child=-2 -3 -4 4 5 -7 -8 -9 9 -11 11 -13 -14 14 18 16 17 -19 -20 20 -22 -23 23 -25 25 26 -28 -29 29 -31
leaf_value=-0.10525469590732064 -0.081232058906070881 0.10493263063387603 -0.086474029957943899 0.051174938417391624 0.054262369308199082 0.08140862371242738 -0.048883051472562764 -0.071886091821746781 -0.074844580079162309 -0.10479903962534015 0.097602011031042116 0.13171508270810686 -0.10479702238231481 0.097774498497712206 -0.0073206535143966597 0.037907104517047312 -0.012052876462602072 -0.094060617497846069 -0.10461455336298126 0.0028050474141507326 -0.0036343911811187696 -0.048495422894645063 0.017271590084509743 -0.050419423321977824 0.1019375818503267 -0.028088636350679777 0.092220436758324253 -0.083811803820115993 0.071363304876034664 -0.023801298168536357
leaf_weight=1.2763618249446143 4.2506018364801994 2.4287287509068838 3.4720903430134049 4.8965771943330756 7.0273858159780502 8.2037781774997711 6.7798071503639221 5.1780881136655799 6.6964044757187349 3.2734792511910191 0.93590814806520939 1.9865787029266357 0.96643084846436977 1.3512557018548239 112.92182584758848 5.3296920061111459 8.3482081145048124 5.4415470808744439 1.2229638071730722 152.63787522912025 158.69426798820496 7.0800340771675101 31.195737168192863 6.202503263950347 13.462819978594782 13.518716514110567 4.7038249820470801 5.3692605495452872 11.061558127403261 4.997117966413497
leaf_count=33 45 23 28 21 30 36 29 22 215 101 15 19 25 16 2362 23 36 24 39 660 678 30 136 27 60 58 21 22 50 22
internal_value=-0.000621271 -4.70015e-05 -0.000476071 2.93669e-05 0.0034049 0.0326093 0.00361442 0.00193767 -0.0118604 -0.0427539 -0.0235666 0.06473 -0.00522123 -0.00819394 -0.00712131 0.00282063 -0.0214662 -0.0444138 -0.00836307 0.00394273 0.00337716 0.00782385 0.00946376 0.020693 0.0259246 0.0439193 0.00296701 0.00242835 0.0691977 0.0417501
internal_weight=600.911 596.661 594.232 590.76 460.129 22.011 13.8072 438.118 130.631 13.8588 10.5853 3.88892 1.90234 116.772 115.496 432.94 19.1194 13.7898 114.145 413.82 408.924 250.229 243.149 90.5115 84.309 47.744 18.2225 36.565 29.5215 16.0587
internal_count=4906 4861 4838 4810 1985 95 59 1890 2825 375 274 59 40 2450 2417 1868 83 60 2401 1785 1764 1086 1056 396 369 211 79 158 132 72
is_linear=0
shrinkage=0.1


Tree=37
num_leaves=31
num_cat=0
split_feature=75 270 26 8 237 272 236 105 20 16 9 135 6 16 12 9 126 237 65 118 61 9 61 16 99 9 105 12 83 68
split_gain=2.70133 2.24671 4.16518 2.12461 1.22197 1.2592 1.55471 1.28889 2.03457 1.47146 3.79476 1.18686 1.7567 1.93028 4.42984 3.54468 1.44721 1.36149 1.34618 2.4659 2.05598 2.75179 1.83077 3.00461 2.54391 5.24552 5.12138 2.282 3.16374 2.79102
threshold=1.0000000180025095e-35 1.0000000180025095e-35 1.0000000180025095e-35 1.0000000180025095e-35 1.0000000180025095e-35 1.0000000180025095e-35 1.0000000180025095e-35 1.0000000180025095e-35 1.0000000180025095e-35 1.0000000180025095e-35 1.0000000180025095e-35 1.0000000180025095e-35 1.0000000180025095e-35 1.0000000180025095e-35 1.0000000180025095e-35 1.0000000180025095e-35 1.0000000180025095e-35 1.0000000180025095e-35 1.0000000180025095e-35 1.0000000180025095e-35 1.0000000180025095e-35 1.0000000180025095e-35 1.0000000180025095e-35 1.0000000180025095e-35 1.0000000180025095e-35 1.0000000180025095e-35 1.0000000180025095e-35 1.0000000180025095e-35 1.0000000180025095e-35 1.0000000180025095e-35
decision_type=2 2 2 2 2 2 2 2 2 2 2 2 2 2 2 2 2 2 2 2 2 2 2 2 2 2 2 2 2 2
left_child=1 3 -3 11 5 6 7 8 -5 10 -9 16 13 -13 15 -15 17 18 19 22 -20 -22 -1 24 26 -26 27 28 29 -24
right_child=-2 2 -4 4 -6 -7 -8 9 -10 -11 -12 12 -14 14 -16 -17 -18 -19 20 -21 21 -23 23 -25 25 -27 -28 -29 -30 -31
leaf_value=0.0050680998767345144 -0.1065050163663 0.17442304046381152 -0.032236568294354 0.00098906751586617199 0.038580678912741084 0.052408162550591532 0.056263832026281671 -0.059808285897905433 0.065813952253078664 -0.058469440171922266 0.061252329270210903 -0.060761317589415803 -0.08489144701806102 -0.0029411223998963587 -0.10643197013434978 0.20198711784281606 -0.075914225198810567 -0.10948175339927774 -0.10676036002904626 0.14447469196930895 -0.10638995132262641 0.11327659002800057 -0.065648109222914711 -0.056632441572152685 0.11890451996401748 -0.065163845994831632 0.20763645657896609 -0.087625232025066085 0.14891500073449004 0.091980982565437519
leaf_weight=68.195415373891592 2.3972680559381834 2.0360688120126715 1.8718888051807883 419.94500337541103 9.2180566936731321 4.8642244040966025 5.0793679207563391 5.3174220621585864 4.8980787694454184 7.7476141750812522 5.0467669516801834 4.4511872772127372 5.2771661318838587 1.769073829986155 1.615852430462837 1.6142512215301394 3.1006685169413677 1.2730431240051974 3.1327561140060416 1.1222963631153096 1.0115254176780581 1.3073263131082058 5.0049930727109313 15.178201418370007 4.29372564703226 2.4212583275511861 0.90550943464040834 5.4590303590521216 1.1629198528826235 1.4483394771814344
leaf_count=1385 20 17 24 1811 42 21 22 23 24 34 22 135 178 46 40 36 65 27 78 18 26 25 136 326 82 58 10 134 20 21
internal_value=-0.000565436 -0.000139154 0.0754343 -0.000638153 0.00253652 0.00180289 0.00125348 0.000622676 0.00173644 -0.0255026 -0.000858694 -0.0119455 -0.0386738 -0.0128655 0.0297802 0.0948342 -0.00852304 -0.00665595 -0.00547285 -0.00296177 -0.0539255 0.017454 -0.00455174 -0.0228388 0.00194534 0.052534 -0.0223524 -0.03828 -0.0029112 -0.030271
internal_weight=598.166 595.769 3.90796 591.861 462.117 452.898 448.034 442.955 424.843 18.1118 10.3642 129.745 14.7275 9.45036 4.99918 3.38333 115.017 111.916 110.643 105.192 5.45161 2.31885 104.069 35.874 20.6958 6.71498 13.9808 13.0753 7.61625 6.45333
internal_count=4906 4886 41 4845 1999 1957 1936 1914 1835 79 45 2846 435 257 122 82 2411 2346 2319 2190 129 51 2172 787 461 140 321 311 177 157
is_linear=0
shrinkage=0.1


end of trees

feature_importances:
Column_0=194
Column_10=52
Column_1=46
Column_16=44
Column_8=38
Column_5=35
Column_15=33
Column_26=30
Column_12=27
Column_13=25
Column_9=24
Column_11=24
Column_61=20
Column_6=19
Column_81=18
Column_14=16
Column_67=16
Column_108=16
Column_7=15
Column_21=15
Column_22=15
Column_73=15
Column_50=13
Column_69=13
Column_82=13
Column_40=11
Column_83=11
Column_137=11
Column_24=10
Column_42=10
Column_20=9
Column_54=9
Column_65=9
Column_80=9
Column_167=9
Column_53=8
Column_78=8
Column_79=8
Column_99=8
Column_135=8
Column_139=8
Column_214=8
Column_64=7
Column_91=7
Column_224=7
Column_55=6
Column_84=6
Column_95=6
Column_113=6
Column_232=6
Column_19=5
Column_56=5
Column_68=5
Column_70=5
Column_97=5
Column_102=5
Column_128=5
Column_133=5
Column_151=5
Column_23=4
Column_37=4
Column_60=4
Column_93=4
Column_94=4
Column_174=4
Column_199=4
Column_237=4
Column_31=3
Column_35=3
Column_39=3
Column_41=3
Column_45=3
Column_71=3
Column_88=3
Column_105=3
Column_236=3
Column_263=3
Column_17=2
Column_30=2
Column_51=2
Column_52=2
Column_62=2
Column_63=2
Column_74=2
Column_100=2
Column_132=2
Column_138=2
Column_150=2
Column_28=1
Column_32=1
Column_34=1
Column_44=1
Column_47=1
Column_49=1
Column_57=1
Column_58=1
Column_59=1
Column_75=1
Column_87=1
Column_98=1
Column_101=1
Column_104=1
Column_106=1
Column_118=1
Column_126=1
Column_127=1
Column_130=1
Column_134=1
Column_141=1
Column_168=1
Column_176=1
Column_177=1
Column_192=1
Column_269=1
Column_270=1
Column_272=1
Column_303=1
Column_312=1

parameters:
[boosting: gbdt]
[objective: binary]
[metric: binary_logloss]
[tree_learner: serial]
[device_type: cpu]
[data_sample_strategy: bagging]
[data: ]
[valid: ]
[num_iterations: 300]
[learning_rate: 0.1]
[num_leaves: 31]
[num_threads: 0]
[seed: 0]
[deterministic: 0]
[force_col_wise: 0]
[force_row_wise: 0]
[histogram_pool_size: -1]
[max_depth: -1]
[min_data_in_leaf: 20]
[min_sum_hessian_in_leaf: 0.001]
[bagging_fraction: 1]
[pos_bagging_fraction: 1]
[neg_bagging_fraction: 1]
[bagging_freq: 0]
[bagging_seed: 7719]
[bagging_by_query: 0]
[feature_fraction: 1]
[feature_fraction_bynode: 1]
[feature_fraction_seed: 2437]
[extra_trees: 0]
[extra_seed: 11797]
[early_stopping_round: 0]
[early_stopping_min_delta: 0]
[first_metric_only: 0]
[max_delta_step: 0]
[lambda_l1: 0]
[lambda_l2: 0]
[linear_lambda: 0]
[min_gain_to_split: 0]
[drop_rate: 0.1]
[max_drop: 50]
[skip_drop: 0.5]
[xgboost_dart_mode: 0]
[uniform_drop: 0]
[drop_seed: 21238]
[top_rate: 0.2]
[other_rate: 0.1]
[min_data_per_group: 100]
[max_cat_threshold: 32]
[cat_l2: 10]
[cat_smooth: 10]
[max_cat_to_onehot: 4]
[top_k: 20]
[monotone_constraints: ]
[monotone_constraints_method: basic]
[monotone_penalty: 0]
[feature_contri: ]
[forcedsplits_filename: ]
[refit_decay_rate: 0.9]
[cegb_tradeoff: 1]
[cegb_penalty_split: 0]
[cegb_penalty_feature_lazy: ]
[cegb_penalty_feature_coupled: ]
[path_smooth: 0]
[interaction_constraints: ]
[verbosity: -1]
[saved_feature_importance_type: 0]
[use_quantized_grad: 0]
[num_grad_quant_bins: 4]
[quant_train_renew_leaf: 0]
[stochastic_rounding: 1]
[linear_tree: 0]
[max_bin: 255]
[max_bin_by_feature: ]
[min_data_in_bin: 3]
[bin_construct_sample_cnt: 200000]
[data_random_seed: 38]
[is_enable_sparse: 1]
[enable_bundle: 1]
[use_missing: 1]
[zero_as_missing: 0]
[feature_pre_filter: 1]
[pre_partition: 0]
[two_round: 0]
[header: 0]
[label_column: ]
[weight_column: ]
[group_column: ]
[ignore_column: ]
[categorical_feature: ]
[forcedbins_filename: ]
[precise_float_parser: 0]
[parser_config_file: ]
[objective_seed: 8855]
[num_class: 1]
[is_unbalance: 0]
[scale_pos_weight: 1]
[sigmoid: 1]
[boost_from_average: 1]
[reg_sqrt: 0]
[alpha: 0.9]
[fair_c: 1]
[poisson_max_delta_step: 0.7]
[tweedie_variance_power: 1.5]
[lambdarank_truncation_level: 30]
[lambdarank_norm: 1]
[label_gain: ]
[lambdarank_position_bias_regularization: 0]
[eval_at: ]
[multi_error_top_k: 1]
[auc_mu_weights: ]
[num_machines: 1]
[local_listen_port: 12400]
[time_out: 120]
[machine_list_filename: ]
[machines: ]
[gpu_platform_id: -1]
[gpu_device_id: -1]
[gpu_device_id_list: ]
[gpu_use_dp: 0]
[num_gpu: 1]

end of parameters

pandas_categorical:null
