,0.0,1.0,1.1094,1.2308,1.3655,1.5148,1.6806,1.8645,2.0685,2.2948,2.5458,2.8244,3.1334,3.4762,3.8566,4.2785,4.7466,5.266,5.8421,6.4813,7.0,7.1904,7.9771,8.8499,9.8182,10.8924,12.0841,13.4063,14.8731,16.5003,18.3056,20.3085,22.5304,24.9955,27.7303,30.0,30.7643,34.1302,37.8644,42.0072,46.6032,51.7021,57.3588,63.6345,70.5968,78.3208,86.8899,90.0,96.3966,106.9434,118.6442,131.6251,146.0263,162.0031,179.728,180.0,199.3921,221.2078,245.4102,272.2607,302.0489,335.0963,365.0,371.7594,412.4338,457.5584,507.6202,563.1592,624.7748,693.1318,730.0,768.9678,853.101,946.4393,1049.9898,1164.8698,1292.319,1433.7124,1590.5757,1764.6016,1825.0,1957.6677,2171.8573,2409.4816,2673.1044,2965.5704,3290.0352,3650.0
0.0,0.0,0.14891670197595164,0.1640654412145819,0.18063428991202718,0.19873242284340398,0.21847289460857433,0.23997192786424892,0.26334803882327545,0.28872099653095007,0.3162106184383957,0.34593541200647093,0.3780110802687753,0.4125489180882737,0.44965413473777394,0.4894241467678528,0.5319468921570949,0.5772992217080617,0.6255454258628002,0.6767359540284665,0.7309063788413163,0.7730106762472292,0.7880766495889926,0.8482506676405959,0.9114162029215382,0.9775451552083003,1.0465941484659997,1.1185054318020136,1.1932080479501406,1.2706192203944895,1.3506459038416376,1.4331864399548426,1.5181322609369399,1.6053695872640834,1.694781072000548,1.786247351924688,1.8568477422775027,1.8796484744083892,1.974865177915508,2.0717800125307226,2.170278294654454,2.270248896609631,2.3715848772521295,2.4741839637295904,2.5779488973572544,2.682787658302585,2.788613584558518,2.8953454007186115,2.931687762546108,3.00290717152462,3.1112281942022313,3.2202428423773424,3.329890372992113,3.4401147062114643,3.5508641868978366,3.662091334885579,3.663714663238474,3.7737525900398072,3.885808056957616,3.9982212531710317,4.110958863842013,4.223990505195554,4.337288498309219,4.430745600391369,4.450827654355769,4.5645850719685255,4.678539947054909,4.792673395111071,4.906968285878725,5.02140909002492,5.13598173740739,5.193213955479898,5.250673486405103,5.365472803738751,5.480369254173766,5.595353399484025,5.710416706053927,5.825551460506531,5.94075069276325,6.056008105964037,6.171318012704256,6.208704923452612,6.286675277074141,6.402075262017688,6.517513781559347,6.63298705747805,6.748491680038761,6.864024572421154,6.979582958513331
0.25,0.0,0.14857411383797584,0.1636880028663907,0.1802187343416014,0.19827523187829427,0.21797028999022722,0.23941986395978004,0.26274219734906246,0.2880567836704475,0.3154831647307755,0.3451395753603013,0.3771414524137049,0.41159983471618417,0.4486196895028949,0.488298209214195,0.5307231295242404,0.5759711244376039,0.6241063364938977,0.6751790990396331,0.7292249028749582,0.7712323378560546,0.7862636513934746,0.8462992369890452,0.909319457722801,0.9752962780167805,1.0441864216242032,1.1159322705104162,1.1904630306489181,1.2676961159541191,1.347538695186584,1.4298893438781677,1.5146397439957617,1.6016763777693377,1.690882168223945,1.7821380267372493,1.852575998395919,1.8753242766363984,1.9703219307506294,2.067013809362303,2.165285492705516,2.2650261087563472,2.3661289623925557,2.4684920160440944,2.5720182347732483,2.6766158104423585,2.782198280413371,2.8886845562567918,2.9249433111959884,2.9959988774061204,3.104070703741278,3.212834559863954,3.322229842457861,3.4322006007015635,3.542695298291972,3.653666564293236,3.6552861581218608,3.7650709387821006,3.876868618136446,3.989023203817506,4.101501457629202,4.214273065695477,4.327310412770234,4.420552513484787,4.440588367974023,4.554084082625568,4.667776800492842,4.781647680516461,4.895679631846909,5.0098571608770115,5.124166229833363,5.181266783164699,5.238594126407479,5.35312934385277,5.467761470941295,5.582481091159903,5.697279690524877,5.812149573404174,5.9270837857541165,6.042076045200808,6.157120677423689,6.1944215782620216,6.272212558328334,6.387347061526452,6.502520010672476,6.617727636237269,6.732966536330012,6.848233641208712,6.9635261811480165
0.5,0.0,0.14823152570000006,0.16331056451819953,0.17980317877117563,0.19781804091318456,0.21746768537188013,0.23886780005531114,0.2621363558748495,0.28739257080994496,0.3147557110231552,0.34434373871413165,0.37627182455863456,0.4106507513440946,0.44758524426801577,0.48717227166053717,0.5294993668913858,0.5746430271671461,0.6226672471249952,0.6736222440507996,0.7275434269086001,0.7694539994648799,0.7844506531979566,0.8443478063374944,0.9072227125240638,0.9730474008252608,1.0417786947824066,1.1133591092188189,1.1877180133476957,1.2647730115137488,1.34443148653153,1.4265922478014925,1.5111472270545838,1.5979831682745922,1.6869832644473421,1.7780287015498106,1.848304254514335,1.871000078864408,1.965778683585751,2.0622476061938833,2.160292690756578,2.259803320903063,2.3606730475329814,2.4628000683585984,2.5660875721892418,2.6704439625821315,2.7757829762682245,2.882023711794972,2.9181988598458686,2.989090583287621,3.0969132132803243,3.2054262773505653,3.314569311923609,3.4242864951916627,3.5345264096861078,3.6452417937008925,3.6468576530052474,3.7563892875243936,3.8679291793152757,3.97982515446398,4.092044051416391,4.2045556261954,4.317332327231249,4.4103594265782045,4.430349081592277,4.543583093282611,4.657013653930774,4.770621965921853,4.8843909778150945,4.998305231729104,5.112350722259335,5.1693196108495005,5.226514766409855,5.340785883966791,5.455153687708825,5.569608782835782,5.684142674995828,5.798747686301816,5.913416878744983,6.02814398443758,6.142923342143122,6.180138233071432,6.2577498395825275,6.372618861035216,6.487526239785604,6.602468214996487,6.717441392621263,6.832442709996271,6.947469403782702
0.75,0.0,0.14788893756202426,0.16293312617000835,0.17938762320074986,0.19736084994807485,0.21696508075353302,0.23831573615084223,0.26153051440063657,0.2867283579494424,0.31402825731553496,0.343547902067962,0.3754021967035642,0.4097016679720051,0.4465507990331367,0.48604633410687936,0.5282756042585313,0.5733149298966883,0.6212281577560926,0.6720653890619662,0.7258619509422419,0.7676756610737053,0.7826376550024385,0.8423963756859437,0.9051259673253266,0.9707985236337409,1.0393709679406098,1.1107859479272215,1.1849729960464732,1.2618499070733784,1.3413242778764765,1.4232951517248176,1.5076547101134057,1.5942899587798467,1.683084360670739,1.773919376362372,1.8440325106327513,1.866675881092417,1.9612354364208724,2.057481403025464,2.15529988880764,2.2545805330497792,2.3552171326734075,2.457108120673103,2.5601569096052357,2.6642721147219044,2.7693676721230776,2.8753628673331524,2.9114544084957488,2.982182289169122,3.089755722819371,3.1980179948371767,3.3069087813893567,3.416372389681762,3.526357521080243,3.6368170231085495,3.638429147888634,3.747707636266687,3.8589897404941054,3.970627105110454,4.0825866452035795,4.194838186695321,4.307354241692264,4.400166339671622,4.42010979521053,4.533082103939654,4.646250507368706,4.7595962513272445,4.873102323783279,4.986753302581195,5.100535214685308,5.157372438534302,5.214435406412231,5.32844242408081,5.442545904476355,5.55673647451166,5.671005659466779,5.785345799199458,5.89974997173585,6.014211923674352,6.128726006862555,6.165854887880841,6.2432871208367215,6.357890660543979,6.472532468898732,6.587208793755706,6.7019162489125135,6.81665177878383,6.931412626417388
1.0,0.0,0.14754634942404846,0.16255568782181717,0.17897206763032408,0.19690365898296514,0.2164624761351859,0.23776367224637335,0.2609246729264236,0.2860641450889398,0.31330080360791474,0.3427520654217924,0.37453256884849384,0.40875258459991554,0.4455163537982576,0.48492039655322156,0.5270518416256766,0.5719868326262305,0.6197890683871902,0.6705085340731327,0.7241804749758838,0.7658973226825306,0.7808246568069205,0.8404449450343929,0.9030292221265893,0.9685496464422211,1.0369632410988132,1.108212786635624,1.1822279787452508,1.2589268026330083,1.3382170692214226,1.4199980556481426,1.5041621931722278,1.5905967492851012,1.6791854568941362,1.7698100511749333,1.8397607667511675,1.8623516833204263,1.9566921892559936,2.0527151998570443,2.1503070868587018,2.2493577451964955,2.349761217813833,2.451416172987607,2.5542262470212296,2.6581002668616778,2.7629523679779306,2.8687020228713327,2.904709957145629,2.9752739950506224,3.0825982323584173,3.190609712323788,3.2992482508551046,3.4084582841718607,3.5181886324743785,3.628392252516206,3.630000642772021,3.73902598500898,3.8500503016729355,3.9614290557569283,4.073129238990768,4.185120747195244,4.297376156153279,4.3899732527650395,4.409870508828784,4.522581114596696,4.635487360806638,4.748570536732636,4.861813669751464,4.975201373433287,5.08871970711128,5.145425266219103,5.202356046414607,5.31609896419483,5.429938121243884,5.5438641661875385,5.6578686439377295,5.771943912097101,5.886083064726717,6.000279862911123,6.114528671581988,6.151571542690251,6.228824402090915,6.343162460052742,6.45753869801186,6.571949372514925,6.686391105203764,6.800860847571388,6.915355849052074
1.25,0.0,0.14720376128607268,0.162178249473626,0.1785565120598983,0.19644646801785542,0.2159598715168388,0.23721160834190444,0.26031883145221063,0.28539993222843724,0.3125733499002945,0.3419562287756227,0.37366294099342345,0.407803501227826,0.44448190856337855,0.48379445899956375,0.525828078992822,0.5706587353557727,0.6183499790182877,0.6689516790842993,0.7224989990095257,0.764118984291356,0.7790116586114025,0.8384935143828423,0.900932476927852,0.9663007692507013,1.0345555142570166,1.1056396253440266,1.1794829614440285,1.256003698192638,1.3351098605663687,1.4167009595714677,1.5006696762310496,1.5869035397903557,1.6752865531175334,1.7657007259874948,1.8354890228695837,1.8580274855484358,1.9521489420911151,2.047948996688625,2.1453142849097637,2.2441349573432117,2.3443053029542593,2.445724225302111,2.5482955844372235,2.6519284190014507,2.756537063832784,2.862041178409513,2.897965505795509,2.9683657009321234,3.0754407418974634,3.1832014298103997,3.2915877203208526,3.40054417866196,3.510019743868514,3.619967481923863,3.6215721376554075,3.7303443337512734,3.841110862851765,3.952231006403402,4.063671832777957,4.175403307695166,4.287398070614294,4.379780165858457,4.399631222447038,4.512080125253739,4.624724214244571,4.737544822138028,4.850525015719648,4.9636494442853785,5.076904199537252,5.133478093903904,5.190276686416983,5.30375550430885,5.417330338011414,5.530991857863417,5.64473162840868,5.758542024994743,5.872416157717582,5.986347802147894,6.100331336301422,6.13728819749966,6.214361683345108,6.328434259561505,6.442544927124988,6.5566899512741434,6.670865961495015,6.785069916358948,6.899299071686761
1.5,0.0,0.14686117314809688,0.16180081112543482,0.17814095648947254,0.19598927705274571,0.21545726689849168,0.23665954443743556,0.25971298997799763,0.2847357193679347,0.3118458961926743,0.34116039212945304,0.3727933131383531,0.4068544178557364,0.4434474633284995,0.482668521445906,0.5246043163599675,0.5693306380853149,0.6169108896493852,0.6673948240954658,0.7208175230431676,0.7623406459001814,0.7771986604158845,0.8365420837312915,0.8988357317291149,0.9640518920591814,1.0321477874152198,1.1030664640524293,1.176737944142806,1.2530805937522675,1.332002651911315,1.4134038634947927,1.4971771592898717,1.5832103302956102,1.6713876493409303,1.7615914008000562,1.8312172789880001,1.853703287776445,1.9476056949262366,2.0431827935202054,2.1403214829608257,2.2389121694899274,2.338849388094685,2.4400322776166155,2.5423649218532174,2.6457565711412236,2.7501217596876373,2.8553803339476933,2.8912210544453893,2.961457406813624,3.06828325143651,3.175793147297011,3.2839271897866005,3.392630073152059,3.5018508552626497,3.6115427113315195,3.6131436325387942,3.7216626824935664,3.832171424030595,3.9430329570498763,4.054214426565146,4.165685868195089,4.2774199850753085,4.3695870789518745,4.389391936065292,4.501579135910782,4.613961067682503,4.726519107543418,4.839236361687833,4.952097515137471,5.065088691963224,5.121530921588706,5.178197326419359,5.29141204442287,5.404722554778944,5.518119549539295,5.63159461287963,5.7451401378923865,5.858749250708449,5.972415741384666,6.086134001020855,6.12300485230907,6.199898964599301,6.313706059070269,6.427551156238116,6.541430530033361,6.655340817786266,6.7692789851465065,6.883242294321446
1.75,0.0,0.14651858501012108,0.16142337277724364,0.1777254009190468,0.195532086087636,0.21495466228014457,0.23610748053296665,0.2591071485037847,0.2840715065074321,0.311118442485054,0.3403645554832834,0.37192368528328273,0.40590533448364685,0.4424130180936204,0.4815425838922482,0.5233805537271129,0.568002540814857,0.6154718002804828,0.6658379691066324,0.7191360470768094,0.7605623075090067,0.7753856622203664,0.8345906530797408,0.8967389865303776,0.9618030148676616,1.0297400605734233,1.100493302760832,1.1739929268415836,1.2501574893118974,1.3288954432562612,1.4101067674181176,1.4936846423486936,1.5795171208008647,1.6674887455643275,1.7574820756126175,1.8269455351064163,1.8493790900044542,1.943062447761358,2.038416590351786,2.1353286810118877,2.2336893816366437,2.333393473235111,2.4343403299311195,2.536434259269211,2.639584723280997,2.7437064555424904,2.8487194894858736,2.8844766030952695,2.9545491126951244,3.0611257609755564,3.1683848647836226,3.2762666592523484,3.3847159676421583,3.4936819666567853,3.603117940739176,3.604715127422181,3.7129810312358598,3.823231985209425,3.9338349076963506,4.044757020352335,4.155968428695012,4.2674418995363235,4.359393992045292,4.379152649683546,4.4910781465678244,4.603197921120436,4.71549339294881,4.827947707656017,4.940545585989562,5.053273184389196,5.109583749273508,5.166117966421735,5.27906858453689,5.392114771546473,5.505247241215174,5.618457597350582,5.731738250790029,5.845082343699316,5.958483680621438,6.071936665740288,6.10872150711848,6.185436245853495,6.298977858579033,6.412557385351244,6.52617110879258,6.639815674077517,6.753488053934065,6.867185516956132
2.0,0.0,0.14617599687214528,0.16104593442905246,0.17730984534862101,0.19507489512252632,0.21445205766179745,0.23555541662849777,0.25850130702957175,0.28340729364692957,0.31039098877743376,0.33956871883711376,0.3710540574282124,0.4049562511115573,0.4413785728587413,0.4804166463385904,0.5221567910942584,0.5666744435443992,0.6140327109115802,0.6642811141177989,0.7174545711104513,0.7587839691178321,0.7735726640248484,0.83263922242819,0.8946422413316404,0.9595541376761418,1.0273323337316267,1.0979201414692343,1.1712479095403612,1.247234384871527,1.3257882346012075,1.4068096713414426,1.4901921254075157,1.5758239113061192,1.6635898417877246,1.7533727504251788,1.8226737912248325,1.8450548922324637,1.9385192005964793,2.033650387183366,2.1303358790629496,2.22846659378336,2.327937558375537,2.4286483822456235,2.5305035966852047,2.63341287542077,2.7372911513973435,2.842058645024054,2.8777321517451497,2.9476408185766254,3.053968270514603,3.160976582270234,3.2686061287180963,3.3768018621322575,3.485513078050921,3.594693170146833,3.5962866223055676,3.7042993799781527,3.8142925463882547,3.9246368583428244,4.0352996141395225,4.146250989194934,4.257463813997338,4.3492009051387095,4.368913363301799,4.480577157224867,4.592434774558368,4.704467678354201,4.816659053624202,4.928993656841653,5.041457676815169,5.097636576958309,5.154038606424111,5.266725124650909,5.379506988314003,5.492374932891052,5.605320581821532,5.718336363687672,5.8314154366901825,5.944551619858209,6.057739330459721,6.094438161927889,6.170973527107688,6.284249658087796,6.397563614464373,6.510911687551799,6.624290530368768,6.737697122721624,6.851128739590818
2.25,0.0,0.1458334087341695,0.16066849608086128,0.17689428977819524,0.1946177041574166,0.21394945304345034,0.23500335272402886,0.25789546555535875,0.282743080786427,0.30966353506981353,0.3387728821909441,0.370184429573142,0.40400716773946777,0.4403441276238622,0.4792907087849326,0.5209330284614038,0.5653463462739414,0.6125936215426777,0.6627242591289655,0.7157730951440933,0.7570056307266574,0.7717596658293304,0.8306877917766393,0.8925454961329032,0.9573052604846221,1.02492460688983,1.095346980177637,1.1685028922391387,1.2443112804311567,1.3226810259461537,1.4035125752647677,1.4866996084663375,1.5721307018113737,1.6596909380111216,1.7492634252377401,1.8184020473432487,1.8407306944604729,1.9339759534316008,2.0288841840149465,2.1253430771140116,2.223243805930076,2.322481643515963,2.4229564345601275,2.5245729341011987,2.627241027560543,2.730875847252197,2.8353978005622342,2.87098770039503,2.940732524458126,3.0468107800536495,3.1535682997568455,3.260945598183844,3.3688877566223567,3.4773441894450565,3.5862683995544895,3.5878581171889543,3.695617728720446,3.8053531075670843,3.9154388089892986,4.025842207926711,4.136533549694857,4.247485728458353,4.339007818232127,4.358674076920053,4.47007616788191,4.5816716279963,4.693441963759593,4.805370399592387,4.917441727693745,5.029642169241141,5.0856894046431105,5.141959246426487,5.254381664764929,5.366899205081533,5.479502624566931,5.592183566292483,5.704934476585314,5.817748529681049,5.930619559094981,6.0435419951791545,6.080154816737299,6.156510808361881,6.269521457596559,6.3825698435775005,6.495652266311017,6.608765386660019,6.7219061915091824,6.835071962225504
2.5,0.0,0.1454908205961937,0.1602910577326701,0.17647873420776947,0.1941605131923069,0.21344684842510322,0.23445128881955996,0.2572896240811458,0.28207886792592446,0.3089360813621933,0.3379770455447745,0.3693148017180717,0.4030580843673782,0.43930968238898316,0.47816477123127477,0.5197092658285493,0.5640182490034836,0.6111545321737752,0.661167404140132,0.7140916191777351,0.7552272923354828,0.7699466676338124,0.8287363611250886,0.890448750934166,0.9550563832931022,1.0225168800480333,1.0927738188860396,1.1657578749379163,1.2413881759907863,1.3195738172910998,1.4002154791880927,1.4832070915251596,1.5684374923166282,1.6557920342345187,1.7451541000503015,1.814130303461665,1.836406496688482,1.9294327062667223,2.024117980846527,2.1203502751650736,2.218021018076792,2.3170257286563887,2.417264486874632,2.5186422715171926,2.6210691797003163,2.72446054310705,2.8287369561004145,2.86424324904491,2.9338242303396265,3.039653289592696,3.146160017243457,3.253285067649592,3.360973651112456,3.4691753008391917,3.5778436289621465,3.579429612072341,3.686936077462739,3.7964136687459145,3.906240759635773,4.0163848017139,4.126816110194779,4.237507642919368,4.3288147313255445,4.348434790538307,4.459575178538953,4.570908481434232,4.682416249164985,4.794081745560572,4.905889798545837,5.017826661667113,5.073742232327912,5.1298798864288635,5.242038204878949,5.354291421849062,5.466630316242809,5.579046550763433,5.691532589482957,5.804081622671915,5.916687498331752,6.029344659898587,6.065871471546709,6.1420480896160745,6.254793257105323,6.367576072690628,6.480392845070236,6.5932402429512695,6.706115260296741,6.8190151848601905
2.75,0.0,0.1451482324582179,0.15991361938447893,0.1760631786373437,0.1937033222271972,0.2129442438067561,0.23389922491509108,0.2566837826069328,0.2814146550654219,0.308208627654573,0.3371812088986048,0.36844517386300135,0.4021090009952887,0.43827523715410405,0.47703883367761696,0.5184855031956946,0.5626901517330258,0.6097154428048728,0.6596105491512986,0.712410143211377,0.7534489539443081,0.7681336694382943,0.8267849304735378,0.8883520057354287,0.9528075061015824,1.0201091532062367,1.0902006575944423,1.1630128576366938,1.2384650715504162,1.3164666086360461,1.3969183831114178,1.4797145745839815,1.5647442828218827,1.6518931304579159,1.7410447748628628,1.8098585595800811,1.8320822989164915,1.9248894591018437,2.0193517776781076,2.1153574732161355,2.212798230223508,2.311569813796815,2.411572539189136,2.5127116089331865,2.614897331840089,2.718045238961903,2.822076111638595,2.8574987976947903,2.9269159362211274,3.032495799131742,3.1387517347300684,3.24562453711534,3.353059545602555,3.4610064122333273,3.569418858369803,3.5710011069557277,3.6782544262050325,3.787474229924744,3.8970427102822467,4.006927395501089,4.117098670694702,4.227529557380383,4.318621644418961,4.338195504156561,4.449074189195995,4.560145334872165,4.671390534570375,4.782793091528756,4.894337869397929,5.006011154093086,5.061795060012713,5.117800526431239,5.229694744992969,5.341683638616592,5.453758007918688,5.565909535234384,5.678130702380599,5.790414715662782,5.902755437568524,6.01514732461802,6.051588126356118,6.127585370870268,6.240065056614086,6.352582301803757,6.465133423829455,6.57771509924252,6.6903243290843,6.802958407494876
3.0,0.0,0.1448056443202421,0.15953618103628775,0.17564762306691792,0.19324613126208748,0.212441639188409,0.23334716101062217,0.25607794113271987,0.28075044220491935,0.3074811739469528,0.33638537225243514,0.36757554600793096,0.40115991762319914,0.437240791919225,0.47591289612395915,0.51726174056284,0.561362054462568,0.6082763534359703,0.6580536941624651,0.7107286672450188,0.7516706155531334,0.7663206712427764,0.8248334998219872,0.8862552605366915,0.9505586289100626,1.0177014263644402,1.087627496302845,1.1602678403354714,1.2355419671100458,1.3133593999809923,1.3936212870347426,1.4762220576428036,1.561051073327137,1.6479942266813128,1.7369354496754241,1.8055868156984973,1.8277581011445008,1.920346211936965,2.014585574509688,2.1103646712671975,2.2075754423702243,2.3061138989372405,2.40588059150364,2.50678094634918,2.608725483979862,2.7116299348167567,2.815415267176775,2.8507543463446705,2.920007642102628,3.0253383086707886,3.13134345221668,3.237964006581088,3.3451454400926544,3.452837523627463,3.56099408777746,3.5625726018391144,3.6695727749473255,3.778534791103574,3.887844660928721,3.997469989288278,4.1073812311946245,4.217551471841398,4.308428557512379,4.3279562177748145,4.438573199853038,4.549382188310097,4.660364819975767,4.771504437496941,4.88278594025002,4.994195646519058,5.049847887697514,5.105721166433615,5.2173512851069885,5.329075855384121,5.440885699594566,5.552772519705335,5.664728815278242,5.776747808653648,5.888823376805296,6.000949989337454,6.0373047811655285,6.113122652124462,6.2253368561228495,6.337588530916885,6.449874002588674,6.56218995553377,6.674533397871858,6.786901630129562
3.25,0.0,0.14446305618226632,0.1591587426880966,0.17523206749649214,0.19278894029697777,0.2119390345700619,0.2327950971061533,0.2554720996585069,0.2800862293444168,0.30675372023933256,0.33558953560626553,0.36670591815286063,0.4002108342511096,0.43620634668434594,0.47478695857030134,0.5160379779299855,0.5600339571921102,0.6068372640670677,0.6564968391736316,0.7090471912786608,0.7498922771619588,0.7645076730472583,0.8228820691704364,0.8841585153379543,0.9483097517185427,1.0152936995226434,1.0850543350112474,1.157522823034249,1.2326188626696755,1.3102521913259386,1.3903241909580677,1.4727295407016254,1.5573578638323915,1.64409532290471,1.7328261244879855,1.8013150718169135,1.82343390337251,1.9158029647720864,2.0098193713412686,2.1053718693182595,2.2023526545169405,2.3006579840776666,2.4001886438181446,2.500850283765174,2.6025536361196355,2.70521463067161,2.8087544227149555,2.8440098949945507,2.9130993479841285,3.018180818209835,3.1239351697032913,3.2303034760468363,3.3372313345827536,3.4446686350215985,3.5525693171851165,3.554144096722501,3.660891123689619,3.769595352282404,3.8786466115751947,3.988012583075467,4.097663791694546,4.207573386302413,4.298235470605796,4.317716931393068,4.428072210510081,4.53861904174803,4.649339105381158,4.760215783465125,4.871234011102112,4.98238013894503,5.037900715382316,5.093641806435992,5.205007825221008,5.316468072151651,5.4280133912704445,5.539635504176285,5.651326928175885,5.763080901644515,5.874891316042067,5.986752654056887,6.023021435974938,6.098659933378655,6.210608655631614,6.322594760030013,6.434614581347891,6.546664811825021,6.658742466659418,6.770844852764248
3.5,0.0,0.14412046804429052,0.15878130433990542,0.17481651192606637,0.19233174933186806,0.2114364299517148,0.23224303320168438,0.2548662581842939,0.2794220164839142,0.30602626653171233,0.33479369896009586,0.36583629029779025,0.39926175087902005,0.4351719014494668,0.47366102101664354,0.5148142152971309,0.5587058599216523,0.6053981746981653,0.6549399841847982,0.7073657153123026,0.7481139387707841,0.7626946748517403,0.8209306385188857,0.882061770139217,0.9460608745270229,1.0128859726808468,1.08248117371965,1.1547778057330265,1.2296957582293053,1.3071449826708847,1.3870270948813928,1.4692370237604475,1.553664654337646,1.640196419128107,1.7287167993005468,1.7970433279353297,1.8191097056005194,1.911259717607208,2.0050531681728487,2.1003790673693215,2.1971298666636567,2.2952020692180923,2.3944966961326486,2.4949196211811677,2.5963817882594085,2.698799326526463,2.8020935782531358,2.837265443644431,2.9061910538656295,3.0110233277488816,3.116526887189903,3.2226429455125842,3.3293172290728528,3.436499746415734,3.5441445465927734,3.545715591605888,3.652209472431912,3.7606559134612336,3.869448562221669,3.9785551768626557,4.087946352194469,4.197595300763428,4.288042383699214,4.307477645011322,4.417571221167123,4.5278558951859615,4.63831339078655,4.74892712943331,4.859682081954204,4.970564631371002,5.025953543067117,5.081562446438367,5.192664365335028,5.303860288919181,5.415141082946323,5.526498488647236,5.637925041073527,5.749413994635382,5.860959255278838,5.97255531877632,6.008738090784347,6.084197214632848,6.195880455140377,6.3076009891431415,6.41935516010711,6.531139668116272,6.642951535446977,6.754788075398934
3.75,0.0,0.14377787990631472,0.15840386599171424,0.1744009563556406,0.19187455836675835,0.21093382533336769,0.2316909692972155,0.254260416710081,0.2787578036234116,0.3052988128240921,0.3339978623139262,0.3649666624427199,0.3983126675069305,0.43413745621458777,0.4725350834629857,0.5135904526642764,0.5573777626511945,0.6039590853292628,0.6533831291959646,0.7056842393459445,0.7463356003796096,0.7608816766562222,0.8189792078673349,0.8799650249404798,0.9438119973355031,1.0104782458390502,1.0799080124280527,1.152032788431804,1.226772653788935,1.304037774015831,1.3837299988047178,1.4657445068192694,1.5499714448429005,1.636297515351504,1.724607474113108,1.792771584053746,1.8147855078285287,1.9067164704423294,2.0002869650044293,2.0953862654203834,2.1919070788103725,2.289746154358518,2.3888047484471526,2.4889889585971616,2.5902099403991814,2.692384022381316,2.795432733791316,2.830520992294311,2.89928275974713,3.003865837287928,3.1091186046765142,3.214982414978332,3.321403123562952,3.4283308578098697,3.53571977600043,3.5372870864892745,3.643527821174205,3.7517164746400633,3.8602505128681432,3.9690977706498445,4.078228912694391,4.187617215224443,4.277849296792631,4.297238358629576,4.407070231824166,4.517092748623894,4.627287676191941,4.737638475401495,4.848130152806296,4.9587491237969745,5.014006370751918,5.069483086440743,5.180320905449048,5.29125250568671,5.402268774622201,5.513361473118187,5.62452315397117,5.7357470876262475,5.84702719451561,5.958357983495754,5.994454745593758,6.069734495887041,6.18115225464914,6.292607218256269,6.404095738866329,6.515614524407523,6.627160604234535,6.7387312980336205
4.0,0.0,0.1434352917683389,0.15802642764352307,0.17398540078521482,0.19141736740164864,0.21043122071502057,0.2311389053927466,0.253654575235868,0.27809359076290907,0.3045713591164718,0.3332020256677566,0.3640970345876495,0.39736358413484096,0.43310301097970866,0.471409145909328,0.5123666900314218,0.5560496653807367,0.6025199959603603,0.6518262742071312,0.7040027633795863,0.7445572619884349,0.7590686784607042,0.8170277772157842,0.8778682797417426,0.9415631201439834,1.0080705189972534,1.0773348511364553,1.1492877711305818,1.2238495493485646,1.3009305653607772,1.3804329027280429,1.4622519898780915,1.546278235348155,1.6323986115749012,1.7204981489256694,1.7884998401721621,1.8104613100565379,1.9021732232774506,1.9955207618360098,2.0903934634714454,2.1866842909570887,2.284290239498944,2.3831128007616567,2.4830582960131555,2.584038092538955,2.6859687182361696,2.7887718893294964,2.8237765409441913,2.8923744656286305,2.9967083468269746,3.1017103221631257,3.20732188444408,3.313489018053051,3.420161969204005,3.527295005408087,3.528858581372661,3.6348461699164982,3.7427770358188934,3.851052463514617,3.959640364437033,4.068511473194314,4.177639129685458,4.267656209886049,4.28699907224783,4.396569242481209,4.506329602061827,4.616261961597332,4.72634982136968,4.836578223658387,4.946933616222947,5.0020591984367195,5.05740372644312,5.167977445563068,5.27864472245424,5.38939646629808,5.5002244575891375,5.611121266868812,5.722080180617114,5.833095133752382,5.9441606482151865,5.980171400403167,6.055271777141235,6.166424054157903,6.277613447369397,6.388836317625548,6.500089380698774,6.611369673022094,6.722674520668306
4.25,0.0,0.14309270363036314,0.1576489892953319,0.17356984521478905,0.19096017643653893,0.20992861609667346,0.23058684148827768,0.25304873376165504,0.2774293779024065,0.3038439054088516,0.3324061890215869,0.3632274067325792,0.39641450076275137,0.4320685657448296,0.47028320835567017,0.5111429273985673,0.554721568110279,0.6010809065914579,0.6502694192182977,0.7023212874132282,0.7427789235972602,0.7572556802651862,0.8150763465642336,0.8757715345430054,0.9393142429524635,1.0056627921554568,1.0747616898448578,1.1465427538293593,1.2209264449081942,1.2978233567057234,1.3771358066513677,1.4587594729369133,1.5425850258534095,1.6284997077982983,1.716388823738231,1.7842280962905783,1.8061371122845473,1.8976299761125721,1.9907545586675903,2.0854006615225074,2.181461503103805,2.27883432463937,2.377420853076161,2.477127633429149,2.5778662446787277,2.6795534140910227,2.7821110448676762,2.8170320895940715,2.8854661715101315,2.9895508563660207,3.094302039649737,3.199661353909828,3.3055749125431504,3.4119930805981404,3.5188702348157435,3.520430076256048,3.626164518658791,3.733837596997723,3.8418544141610913,3.9501829582242216,4.0587940336942365,4.167661044146473,4.257463122979466,4.2767597858660835,4.3860682531382515,4.495566455499759,4.605236247002724,4.715061167337864,4.825026294510479,4.935118108648919,4.990112026121522,5.045324366445495,5.155633985677087,5.26603693922177,5.376524157973958,5.487087442060088,5.597719379766455,5.708413273607981,5.819163072989153,5.929963312934619,5.965888055212576,6.040809058395428,6.151695853666667,6.262619676482525,6.373576896384766,6.484564236990025,6.5955787418096525,6.706617743302992
4.5,0.0,0.14275011549238734,0.1572715509471407,0.17315428964436327,0.19050298547142921,0.20942601147832635,0.2300347775838088,0.25244289228744204,0.27676516504190396,0.30311645170123136,0.3316103523754173,0.3623577788775088,0.3954654173906618,0.4310341205099505,0.46915727080201236,0.5099191647657126,0.5533934708398212,0.5996418172225553,0.6487125642294643,0.7006398114468702,0.7410005852060856,0.7554426820696681,0.8131249159126828,0.8736747893442681,0.9370653657609437,1.0032550653136603,1.0721885285532604,1.1437977365281369,1.218003340467824,1.2947161480506697,1.3738387105746928,1.4552669559957354,1.538891816358664,1.6246008040216953,1.7122794985507923,1.7799563524089945,1.8018129145125565,1.8930867289476936,1.9859883554991709,2.0804078595735693,2.176238715250521,2.273378409779796,2.371728905390665,2.471196970845143,2.5716943968185006,2.6731381099458758,2.7754502004058565,2.8102876382439517,2.878557877391632,2.982393365905067,3.0868937571363486,3.192000823375576,3.2976608070332496,3.403824191992276,3.5104454642234004,3.5120015711394346,3.6174828674010846,3.724898158176553,3.832656364807565,3.9407255520114104,4.049076594194159,4.157682958607488,4.247270036072884,4.266520499484337,4.375567263795295,4.484803308937692,4.594210532408115,4.703772513306049,4.813474365362571,4.923302601074892,4.978164853806323,5.0332450064478715,5.143290525791107,5.253429155989299,5.363651849649837,5.473950426531038,5.5843174926640975,5.694746366598848,5.805231012225924,5.915765977654052,5.951604710021987,6.0263463396496215,6.1369676531754305,6.247625905595654,6.358317475143985,6.469039093281276,6.579787810597211,6.690560965937678
4.75,0.0,0.14240752735441153,0.15689411259894953,0.1727387340739375,0.1900457945063195,0.20892340685997923,0.2294827136793399,0.2518370508132291,0.2761009521814014,0.30238899799361113,0.33081451572924764,0.3614881510224385,0.3945163340185723,0.42999967527507144,0.46803133324835455,0.508695402132858,0.5520653735693634,0.5982027278536528,0.6471557092406308,0.698958335480512,0.7392222468149109,0.7536296838741501,0.8111734852611321,0.8715780441455309,0.9348164885694239,1.0008473384718637,1.069615367261663,1.1410527192269144,1.2150802360274537,1.2916089393956158,1.3705416144980178,1.4517744390545573,1.5351986068639185,1.6207019002450924,1.7081701733633536,1.7756846085274107,1.7974887167405658,1.888543481782815,1.9812221523307512,2.0754150576246313,2.171015927397237,2.2679224949202217,2.366036957705169,2.465266308261137,2.565522548958274,2.666722805800729,2.768789355944037,2.803543186893832,2.871649583273133,2.9752358754441137,3.07948547462296,3.184340292841324,3.289746701523349,3.3956553033864116,3.502020693631057,3.5035730660228213,3.6088012161433776,3.7159587193553825,3.8234583154540394,3.931268145798599,4.039359154694082,4.147704873068503,4.237076949166301,4.256281213102591,4.365066274452338,4.474040162375624,4.583184817813507,4.692483859274233,4.801922436214662,4.911487093500864,4.966217681491124,5.021165646450248,5.1309470659051275,5.240821372756829,5.350779541325715,5.46081341100199,5.570915605561741,5.681079459589714,5.7912989514626965,5.901568642373486,5.937321364831396,6.011883620903815,6.122239452684194,6.232632134708782,6.343058053903203,6.453513949572526,6.56399687938477,6.674504188572364
5.0,0.0,0.14206493921643573,0.15651667425075835,0.17232317850351173,0.1895886035412098,0.20842080224163212,0.22893064977487101,0.25123120933901616,0.27543673932089885,0.30166154428599085,0.33001867908307797,0.3606185231673681,0.39356725064648274,0.4289652300401923,0.46690539569469675,0.5074716395000035,0.5507372762989056,0.5967636384847503,0.6455988542517974,0.6972768595141539,0.7374439084237363,0.7518166856786321,0.8092220546095813,0.8694812989467937,0.932567611377904,0.9984396116300669,1.0670422059700657,1.138307701925692,1.2121571315870834,1.2885017307405622,1.3672445184213429,1.4482819221133794,1.531505397369173,1.6168029964684896,1.704060848175915,1.771412864645827,1.7931645189685752,1.8840002346179363,1.9764559491623317,2.0704222556756933,2.165793139543953,2.262466580060648,2.3603450100196732,2.4593356456771307,2.559350701098047,2.6603075016555824,2.762128511482217,2.796798735543712,2.8647412891546336,2.9680783849831602,3.0720771921095715,3.1766797623070717,3.281832596013448,3.3874864147805472,3.4935959230387135,3.495144560906208,3.600119564885671,3.7070192805342126,3.8142602661005136,3.921810739585788,4.029641715194004,4.137726787529518,4.226883862259719,4.246041926720845,4.354565285109381,4.463277015813556,4.5721591032188975,4.681195205242418,4.790370507066754,4.899671585926836,4.954270509175926,5.009086286452623,5.118603606019147,5.228213589524359,5.3379072330015935,5.44767639547294,5.557513718459383,5.66741255258058,5.777366890699468,5.887371307092919,5.9230380196408055,5.997420902158009,6.107511252192957,6.2176383638219095,6.327798632662422,6.437988805863777,6.5482059481723285,6.65844741120705
5.25,0.0,0.14172235107845996,0.15613923590256717,0.17190762293308595,0.1891314125761001,0.207918197623285,0.2283785858704021,0.25062536786480316,0.2747725264603963,0.3009340905783706,0.32922284243690836,0.35974889531229776,0.3926181672743932,0.42793078480531327,0.46577945814103894,0.5062478768671489,0.5494091790284478,0.5953245491158479,0.6440419992629639,0.6955953835477957,0.7356655700325616,0.7500036874831141,0.8072706239580306,0.8673845537480565,0.9303187341863842,0.9960318847882703,1.0644690446784684,1.1355626846244695,1.2092340271467132,1.2853945220855083,1.363947422344668,1.4447894051722012,1.5278121878744275,1.6129040926918865,1.6999515229884763,1.7671411207642431,1.7888403211965844,1.8794569874530578,1.9716897459939122,2.0654294537267552,2.1605703516906694,2.2570106652010735,2.3546530623341777,2.4534049830931246,2.55317885323782,2.6538921975104355,2.7554676670203975,2.7900542841935922,2.857832995036134,2.9609208945222067,3.064668909596183,3.1690192317728196,3.273918490503547,3.379317526174683,3.4851711524463704,3.4867160557895946,3.591437913627964,3.6980798417130423,3.8050622167469874,3.9123533333729767,4.019924275693927,4.127748701990533,4.216690775353136,4.235802640339099,4.344064295766423,4.452513869251488,4.561133388624289,4.669906551210603,4.7788185779188455,4.887856078352808,4.942323336860727,4.997006926455,5.106260146133167,5.215605806291888,5.325034924677473,5.434539379943891,5.544111831357025,5.653745645571447,5.763434829936239,5.873173971812352,5.908754674450215,5.982958183412202,6.092783051701721,6.202644592935038,6.31253921142164,6.422463662155028,6.532415016959887,6.642390633841736
5.5,0.0,0.14137976294048415,0.155761797554376,0.17149206736266018,0.1886742216109904,0.2074155930049379,0.2278265219659332,0.2500195263905902,0.27410831359989374,0.3002066368707504,0.3284270057907387,0.35887926745722737,0.39166908390230365,0.4268963395704342,0.46465352058738113,0.5050241142342944,0.5480810817579899,0.5938854597469454,0.6424851442741305,0.6939139075814377,0.7338872316413869,0.748190689287596,0.8053191933064798,0.8652878085493192,0.9280698569948644,0.9936241579464736,1.0618958833868708,1.132817667323247,1.2063109227063429,1.2822873134304544,1.360650326267993,1.4412968882310233,1.524118978379682,1.6090051889152837,1.6958421978010376,1.7628693768826593,1.7845161234245936,1.8749137402881793,1.9669235428254925,2.060436651777817,2.1553475638373856,2.2515547503414997,2.3489611146486817,2.447474320509118,2.5470070053775933,2.6474768933652886,2.748806822558578,2.7833098328434724,2.850924700917635,2.9537634040612533,3.0572606270827944,3.1613587012385675,3.2660043849936464,3.3711486375688184,3.476746381854027,3.4782875506729813,3.5827562623702573,3.689140402891872,3.7958641673934617,3.9028959271601655,4.0102068361938485,4.117770616451548,4.206497688446554,4.2255633539573525,4.333563306423466,4.441750722689421,4.550107674029681,4.658617897178788,4.767266648770938,4.87604057077878,4.930376164545528,4.984927566457375,5.093916686247186,5.202998023059418,5.312162616353351,5.421402364414841,5.530709944254668,5.6400787385623135,5.749502769173011,5.858976636531786,5.894471329259625,5.968495464666395,6.078054851210484,6.187650822048166,6.297279790180859,6.406938518446279,6.516624085747447,6.626333856476422
5.75,0.0,0.14103717480250835,0.15538435920618482,0.1710765117922344,0.1882170306458807,0.20691298838659078,0.22727445806146432,0.24941368491637725,0.2734441007393912,0.29947918316313016,0.327631169144569,0.35800963960215704,0.3907200005302141,0.4258618943355551,0.4635275830337233,0.5038003516014398,0.5467529844875321,0.5924463703780428,0.640928289285297,0.6922324316150795,0.7321088932502123,0.746377691092078,0.8033677626549292,0.863191063350582,0.9258209798033447,0.991216431104677,1.0593227220952735,1.1300726500220246,1.2033878182659725,1.2791801047754008,1.3573532301913178,1.4378043712898452,1.5204257688849365,1.6051062851386808,1.691732872613599,1.7585976330010755,1.780191925652603,1.8703704931233007,1.962157339657073,2.055443849828879,2.1501247759841013,2.2460988354819253,2.3432691669631858,2.441543657925112,2.540835157517366,2.641061589220142,2.742145978096758,2.7765653814933526,2.8440164067991356,2.9466059136002993,3.049852344569406,3.1536981707043155,3.2580902794837456,3.3629797489629536,3.468321611261684,3.469859045556368,3.5740746111125503,3.680200964070702,3.786666118039936,3.8934385209473543,4.000489396693771,4.107792530912563,4.196304601539971,4.215324067575606,4.323062317080509,4.430987576127353,4.539081959435072,4.647329243146972,4.755714719623029,4.864225063204753,4.9184289922303295,4.9728482064597515,5.081573226361206,5.1903902398269475,5.29929030802923,5.408265348885792,5.51730805715231,5.62641183155318,5.7355707084097824,5.844779301251219,5.8801879840690345,5.954032745920588,6.063326650719247,6.172657051161294,6.282020368940078,6.39141337473753,6.500833154535005,6.610277079111108
6.0,0.0,0.14069458666453255,0.15500692085799364,0.17066095622180866,0.18775983968077098,0.2064103837682437,0.2267223941569954,0.24880784344216428,0.27277988787888857,0.2987517294555099,0.3268353324983994,0.35714001174708665,0.38977091715812456,0.42482744910067605,0.4624016454800655,0.5025765889685853,0.5454248872170743,0.5910072810091404,0.6393714342964636,0.6905509556487214,0.7303305548590376,0.74456469289656,0.8014163320033784,0.8610943181518448,0.9235721026118248,0.9888087042628804,1.056749560803676,1.1273276327208022,1.2004647138256022,1.276072896120347,1.3540561341146429,1.4343118543486673,1.5167325593901908,1.6012073813620777,1.6876235474261603,1.7543258891194917,1.7758677278806123,1.865827245958422,1.9573911364886536,2.050451047879941,2.1449019881308176,2.2406429206223515,2.3375772192776902,2.435612995341106,2.534663309657139,2.634646285074995,2.7354851336349384,2.769820930143233,2.837108112680636,2.939448423139346,3.0424440620560174,3.1460376401700634,3.250176173973845,3.354810860357089,3.4598968406693404,3.4614305404397547,3.5653929598548437,3.6712615252495318,3.7774680686864097,3.883981114734543,3.990771957193694,4.097814445373578,4.186111514633389,4.20508478119386,4.312561327737551,4.420224429565286,4.528056244840463,4.636040589115157,4.744162790475121,4.852409555630725,4.906481819915131,4.960768846462128,5.069229766475226,5.1777824565944774,5.286417999705108,5.395128333356743,5.503906170049953,5.612744924544047,5.721638647646554,5.8305819659706515,5.865904638878444,5.939570027174782,6.048598450228011,6.157663280274423,6.2667609476992965,6.375888231028781,6.485042223322564,6.594220301745794
6.25,0.0,0.14035199852655678,0.15462948250980246,0.17024540065138288,0.18730264871566127,0.20590777914989658,0.22617033025252653,0.2482020019679513,0.272115675018386,0.29802427574788964,0.32603949585222974,0.3562703838920163,0.388821833786035,0.42379300386579694,0.4612757079264077,0.5013528263357306,0.5440967899466165,0.5895681916402379,0.6378145793076301,0.6888694796823632,0.7285522164678631,0.742751694701042,0.7994649013518277,0.8589975729531075,0.921323225420305,0.9864009774210838,1.0541763995120788,1.1245826154195797,1.197541609385232,1.2729656874652933,1.350759038037968,1.4308193374074891,1.5130393498954453,1.597308477585475,1.6835142222387216,1.750054145237908,1.7715435301086215,1.8612839987935434,1.952624933320234,2.045458245931003,2.1396792002775338,2.235187005762777,2.3318852715921943,2.4296823327570998,2.5284914617969125,2.6282309809298483,2.7288242891731187,2.763076478793113,2.830199818562137,2.9322909326783924,3.035035779542629,3.1383771096358113,3.242262068463944,3.346641971751225,3.4514720700769974,3.4530020353231414,3.5567113085971367,3.6623220864283614,3.768270019332884,3.874523708521732,3.9810545176936163,4.087836359834593,4.175918427726806,4.194845494812114,4.302060338394594,4.409461283003218,4.517030530245854,4.624751935083341,4.732610861327212,4.840594048056698,4.894534647599932,4.948689486464503,5.056886306589246,5.165174673362007,5.273545691380987,5.381991317827693,5.490504282947596,5.599078017534913,5.707706586883326,5.816384630690085,5.851621293687854,5.925107308428975,6.033870249736775,6.1426695093875505,6.251501526458514,6.360363087320032,6.469251292110123,6.57816352438048
6.5,0.0,0.14000941038858097,0.15425204416161128,0.1698298450809571,0.18684545775055156,0.20540517453154947,0.22561826634805762,0.24759616049373834,0.27145146215788346,0.2972968220402694,0.3252436592060601,0.355400756036946,0.3878727504139455,0.4227585586309179,0.46014977037274996,0.500129063702876,0.5427686926761587,0.5881291022713354,0.6362577243187967,0.6871880037160052,0.7267738780766884,0.7409386965055239,0.797513470700277,0.8569008277543704,0.9190743482287852,0.9839932505792871,1.0516032382204812,1.1218375981183575,1.1946185049448617,1.2698584788102394,1.347461941961293,1.4273268204663112,1.5093461404006998,1.593409573808872,1.679404897051283,1.7457824013563241,1.767219332336631,1.856740751628665,1.9478587301518144,2.040465443982065,2.13445641242425,2.2297310909032033,2.3261933239066983,2.4237516701730937,2.5223196139366855,2.6218156767847014,2.722163444711299,2.756332027442993,2.8232915244436376,2.925133442217439,3.0276274970292403,3.130716579101559,3.2343479629540433,3.3384730831453604,3.443047299484654,3.444573530206528,3.54802965733943,3.6533826476071916,3.7590719699793578,3.8650663023089207,3.971337078193539,4.0778582742956075,4.165725340820224,4.184606208430368,4.291559349051637,4.39869813644115,4.506004815651246,4.613463281051526,4.721058932179305,4.82877854048267,4.882587475284734,4.93661012646688,5.044542846703266,5.1525668901295365,5.260673383056865,5.368854302298644,5.477102395845239,5.585411110525779,5.693774526120097,5.802187295409518,5.837337948497264,5.9106445896831685,6.019142049245538,6.127675738500678,6.236242105217733,6.3448379436112825,6.453460360897681,6.562106747015166
6.75,0.0,0.13966682225060517,0.1538746058134201,0.16941428951053134,0.18638826678544185,0.20490256991320235,0.22506620244358874,0.2469903190195254,0.2707872492973809,0.2965693683326492,0.32444782255989046,0.3545311281818756,0.3869236670418559,0.42172411339603877,0.45902383281909215,0.4989053010700215,0.5414405954057009,0.586690012902433,0.6347008693299632,0.685506527749647,0.7249955396855138,0.7391256983100059,0.7955620400487262,0.8548040825556331,0.9168254710372653,0.9815855237374904,1.0490300769288838,1.119092580817135,1.1916954005044913,1.2667512701551855,1.344164845884618,1.423834303525133,1.5056529309059543,1.589510670032269,1.6752955718638443,1.7415106574747403,1.7628951345646402,1.8521975044637864,1.943092526983395,2.035472642033127,2.1292336245709658,2.224275176043629,2.3205013762212023,2.417821007589087,2.5161477660764584,2.615400372639555,2.7155026002494793,2.7495875760928734,2.816383230325138,2.9179759517564854,3.0202192145158517,3.123056048567307,3.2264338574441425,3.330304194539496,3.434622528892311,3.436145025089915,3.539348006081723,3.6444432087860212,3.749873920625832,3.8556088960961095,3.9616196386934615,4.0678801887566225,4.155532253913641,4.1743669220486215,4.2810583597086795,4.387934989879082,4.494979101056638,4.602174627019711,4.709507003031396,4.8169630329086415,4.8706403029695355,4.924530766469256,5.032199386817285,5.1399591068970665,5.2478010747327435,5.355717286769595,5.463700508742881,5.571744203516646,5.679842465356868,5.787989960128951,5.823054603306673,5.896181870937362,6.004413848754301,6.112681967613806,6.220982683976952,6.3293127999025325,6.43766942968524,6.546049969649852
7.0,0.0,0.13932423411262937,0.15349716746522893,0.16899873394010556,0.18593107582033214,0.20439996529485524,0.22451413853911983,0.24638447754531242,0.27012303643687835,0.29584191462502896,0.3236519859137208,0.35366150032680527,0.38597458366976634,0.4206896681611597,0.45789789526543434,0.4976815384371669,0.5401124981352431,0.5852509235335304,0.6331440143411298,0.6838250517832889,0.7232172012943391,0.7373127001144879,0.7936106093971755,0.8527073373568959,0.9145765938457455,0.9791777968956938,1.0464569156372865,1.1163475635159126,1.1887722960641212,1.2636440615001319,1.3408677498079429,1.4203417865839552,1.5019597214112088,1.5856117662556661,1.6711862466764056,1.7372389135931565,1.7585709367926494,1.8476542572989076,1.9383263238149753,2.030479840084189,2.124010836717682,2.218819261184055,2.314809428535707,2.411890345005081,2.509975918216232,2.608985068494408,2.7088417557876596,2.7428431247427536,2.809474936206639,2.910818461295532,3.012810932002463,3.115395518033055,3.2185197519342417,3.3221353059336316,3.4261977582999674,3.4277165199733015,3.5306663548240165,3.635503769964851,3.7406758712723063,3.8461514898832982,3.951902199193384,4.0579021032176374,4.145339167007059,4.164127635666875,4.270557370365722,4.377171843317015,4.483953386462029,4.590885972987895,4.697955073883488,4.805147525334614,4.858693130654337,4.912451406471631,5.019855926931306,5.1273513236645964,5.234928766408622,5.3425802712405455,5.450298621640524,5.558077296507513,5.66591040459364,5.773792624848384,5.808771258116083,5.881719152191556,5.989685648263064,6.097688196726935,6.2057232627361705,6.313787656193783,6.421878498472799,6.529993192284538
7.25,0.0,0.1389816459746536,0.15311972911703775,0.1685831783696798,0.18547388485522243,0.20389736067650813,0.22396207463465093,0.24577863607109945,0.2694588235763758,0.29511446091740867,0.32285614926755113,0.3527918724717349,0.3850255002976768,0.4196552229262806,0.45677195771177653,0.49645777580431233,0.5387844008647852,0.5838118341646279,0.6315871593522963,0.6821435758169307,0.7214388629031644,0.7354997019189699,0.7916591787456247,0.8506105921581586,0.9123277166542257,0.9767700700538972,1.0438837543456891,1.1136025462146901,1.1858491916237508,1.260536852845078,1.337570653731268,1.416849269642777,1.4982665119164633,1.5817128624790633,1.6670769214889671,1.7329671697115727,1.7542467390206589,1.8431110101340291,1.9335601206465558,2.0254870381352514,2.118788048864398,2.213363346324481,2.309117480850211,2.405959682421075,2.5038040703560047,2.602569764349261,2.70218091132584,2.736098673392634,2.8025666420881397,2.903660970834578,3.0054026494890747,3.107734987498803,3.210605646424341,3.313966417327767,3.4177729877076244,3.419288014856688,3.5219847035663094,3.626564331143681,3.73147782191878,3.836694083670487,3.9421847596933066,4.047924017678652,4.135146080100476,4.153888349285129,4.260056381022765,4.366408696754947,4.47292767186742,4.57959731895608,4.686403144735579,4.793332017760586,4.846745958339138,4.900372046474008,5.007512467045325,5.1147435404321255,5.2220564580845,5.329443255711496,5.436896734538166,5.544410389498379,5.651978343830412,5.759595289567818,5.794487912925493,5.867256433445749,5.974957447771828,6.082694425840063,6.190463841495389,6.298262512485034,6.406087567260357,6.513936414919224
7.5,0.0,0.1386390578366778,0.1527422907688466,0.168167622799254,0.18501669389011272,0.203394756058161,0.22341001073018205,0.24517279459688648,0.26879461071587324,0.29438700720978844,0.3220603126213815,0.35192224461666455,0.38407641692558725,0.41862077769140155,0.4556460201581187,0.49523401317145777,0.5374563035943274,0.5823727447957254,0.6300303043634629,0.6804620998505727,0.7196605245119898,0.7336867037234518,0.7897077480940741,0.8485138469594214,0.910078839462706,0.9743623432121006,1.0413105930540916,1.1108575289134677,1.1829260871833804,1.2574296441900243,1.334273557654593,1.413356752701599,1.4945733024217178,1.5778139587024602,1.6629675963015285,1.728695425829989,1.749922541248668,1.8385677629691506,1.9287939174781363,2.0204942361863134,2.1135652610111144,2.207907431464907,2.303425533164715,2.400029019837069,2.4976322224957777,2.5961544602041147,2.6955200668640202,2.729354222042514,2.7956583479696406,2.8965034803736245,2.997994366975686,3.100074456964551,3.20269154091444,3.3057975287219024,3.409348217115281,3.410859509740075,3.513303052308603,3.6176248923225107,3.7222797725652543,3.827236677457676,3.9324673201932288,4.037945932139667,4.124952993193894,4.143649062903383,4.249555391679808,4.35564555019288,4.461901957272811,4.568308664924264,4.674851215587671,4.781516510186559,4.834798786023939,4.888292686476384,4.995169007159345,5.1021357571996555,5.209184149760379,5.316306240182446,5.4234948474358085,5.530743482489245,5.638046283067183,5.745397954287251,5.780204567734902,5.852793714699942,5.960229247280592,6.067700654953191,6.175204420254608,6.282737368776285,6.390296636047916,6.49787963755391
7.75,0.0,0.138296469698702,0.15236485242065542,0.16775206722882824,0.184559502925003,0.2028921514398139,0.22285794682571314,0.2445669531226735,0.2681303978553707,0.2936595535021682,0.32126447597521185,0.35105261676159416,0.3831273335534977,0.4175863324565225,0.4545200826044609,0.4940102505386032,0.5361282063238696,0.580933655426823,0.6284734493746293,0.6787806238842146,0.7178821861208151,0.7318737055279338,0.7877563174425233,0.8464171017606842,0.9078299622711861,0.9719546163703039,1.0387374317624942,1.1081125116122452,1.18000298274301,1.2543224355349705,1.330976461577918,1.409864235760421,1.4908800929269723,1.5739150549258574,1.6588582711140898,1.7244236819484051,1.7455983434766773,1.834024515804272,1.9240277143097166,2.0155014342373754,2.1083424731578306,2.2024515166053327,2.297733585479219,2.3940983572530627,2.491460374635551,2.5897391560589678,2.6888592224022005,2.722609770692394,2.788750053851141,2.889345989912671,2.9905860844622976,3.0924139264302988,3.1947774354045393,3.297628640116038,3.400923446522938,3.4024310046234616,3.504621401050896,3.6086854535013404,3.7130817232117286,3.817779271244864,3.9227498806931513,4.027967846600682,4.114759906287311,4.133409776521637,4.23905440233685,4.344882403630812,4.450876242678203,4.557020010892449,4.663299286439763,4.769701002612531,4.822851613708741,4.8762133264787595,4.9828255472733645,5.0895279739671855,5.196311841436257,5.303169224653398,5.4100929603334516,5.517076575480112,5.624114222303954,5.7312006190066835,5.765921222544312,5.838330995954135,5.945501046789355,6.052706884066319,6.159944999013826,6.267212225067536,6.374505704835475,6.481822860188596
8.0,0.0,0.1379538815607262,0.15198741407246424,0.16733651165840246,0.1841023119598933,0.2023895468214668,0.22230588292124426,0.24396111164846054,0.26746618499486813,0.292932099794548,0.3204686393290422,0.35018298890652383,0.38217825018140816,0.4165518872216434,0.4533941450508031,0.49278648790574864,0.5348001090534118,0.5794945660579205,0.6269165943857959,0.6770991479178564,0.7161038477296405,0.7300607073324158,0.7858048867909726,0.8443203565619469,0.9055810850796663,0.9695468895285072,1.0361642704708969,1.1053674943110228,1.17707987830264,1.2512152268799168,1.327679365501243,1.406371718819243,1.4871868834322268,1.5700161511492545,1.6547489459266511,1.7201519380668213,1.7412741457046867,1.8294812686393933,1.9192615111412972,2.0105086322884373,2.1031196853045464,2.196995601745759,2.2920416377937234,2.3881676946690567,2.485288526775324,2.583323851913821,2.682198377940381,2.7158653193422744,2.7818417597326417,2.8821884994517175,2.983177801948909,3.0847533958960467,3.1868633298946385,3.2894597515101736,3.3924986759305944,3.3940024995068483,3.495939749793189,3.5997460146801705,3.7038836738582024,3.808321865032053,3.913032441193074,4.017989761061697,4.104566819380729,4.1231704901398905,4.228553412993893,4.334119257068744,4.4398505280835945,4.5457313568606335,4.651747357291854,4.757885495038503,4.810904441393542,4.864133966481136,4.970482087387384,5.076920190734715,5.183439533112136,5.290032209124348,5.396691073231094,5.503409668470979,5.610182161540727,5.717003283726117,5.751637877353722,5.823868277208328,5.930772846298118,6.037713113179447,6.1446855777730445,6.251687081358787,6.358714773623034,6.465766082823282
8.25,0.0,0.1376112934227504,0.15160997572427307,0.1669209560879767,0.1836451209947836,0.20188694220311967,0.22175381901677535,0.2433552701742476,0.2668019721343656,0.2922046460869277,0.31967280268287257,0.34931336105145344,0.3812291668093186,0.4155174419867643,0.4522682074971453,0.4915627252728941,0.533472011782954,0.578055476689018,0.6253597393969624,0.6754176719514983,0.7143255093384658,0.7282477091368977,0.7838534561394218,0.8422236113632098,0.9033322078881465,0.9671391626867106,1.0335911091792995,1.1026224770098003,1.1741567738622696,1.248108018224863,1.324382269424568,1.402879201878065,1.4834936739374813,1.5661172473726515,1.6506396207392124,1.7158801941852375,1.736949947932696,1.8249380214745148,1.9144953079728777,2.0055158303394993,2.0978968974512626,2.1915396868861845,2.2863496901082274,2.38223703208505,2.479116678915097,2.576908547768674,2.675537533478561,2.7091208679921546,2.7749334656141427,2.875031008990764,2.9757695194355205,3.0770928653617946,3.1789492243847377,3.281290862904309,3.3840739053382514,3.385573994390235,3.487258098535482,3.590806575859,3.6946856245046766,3.7988644588192417,3.9033150016929965,4.008011675522712,4.094373732474146,4.112931203758144,4.218052423650936,4.323356110506676,4.428824813488986,4.534442702828819,4.640195428143946,4.746069987464476,4.798957269078343,4.852054606483512,4.9581386275014045,5.0643124075022445,5.170567224788014,5.276895193595299,5.383289186128737,5.489742761461845,5.596250100777498,5.70280594844555,5.737354532163131,5.809405558462522,5.916044645806882,6.022719342292575,6.129426156532263,6.236161937650038,6.342923842410593,6.449709305457968
8.5,0.0,0.1372687052847746,0.1512325373760819,0.16650540051755092,0.1831879300296739,0.20138433758477256,0.22120175511230647,0.24274942870003463,0.266137759273863,0.29147719237930747,0.3188769660367029,0.3484437331963831,0.3802800834372291,0.4144829967518852,0.4511422699434875,0.49033896264003946,0.5321439145124962,0.5766163873201154,0.6238028844081289,0.6737361959851402,0.7125471709472911,0.7264347109413797,0.7819020254878711,0.8401268661644725,0.9010833306966266,0.9647314358449139,1.0310179478877022,1.0998774597085779,1.1712336694218992,1.245000809569809,1.321085173347893,1.399386684936887,1.4798004644427358,1.5622183435960486,1.6465302955517738,1.7116084503036537,1.7326257501607052,1.8203947743096363,1.909729104804458,2.0005230283905613,2.092674109597979,2.18608377202661,2.2806577424227314,2.376306369501044,2.4729448310548703,2.5704932436235275,2.6688766890167415,2.7023764166420348,2.768025171495643,2.8678735185298105,2.968361236922132,3.0694323348275425,3.171035118874837,3.2731219742984448,3.375649134745908,3.3771454892736217,3.4785764472777756,3.58186713703783,3.6854875751511504,3.7894070526064305,3.893597562192919,3.998033589983727,4.084180645567563,4.102691917376398,4.2075514343079785,4.312592963944609,4.417799098894377,4.523154048797003,4.628643498996038,4.734254479890447,4.787010096763145,4.839975246485888,4.945795167615424,5.051704624269774,5.1576949164638926,5.263758178066249,5.369887299026379,5.476075854452711,5.582318040014269,5.688608613164983,5.723071186972541,5.7949428397167155,5.901316445315645,6.007725571405704,6.114166735291482,6.2206367939412885,6.327132911198151,6.4336525280926535
8.75,0.0,0.1369261171467988,0.1508550990278907,0.16608984494712514,0.1827307390645642,0.20088173296642547,0.22064969120783756,0.24214358722582166,0.2654735464133604,0.29074973867168724,0.31808112939053323,0.3475741053413127,0.37933100006513953,0.41344855151700616,0.4500163323898297,0.4891152000071849,0.5308158172420384,0.575177297951213,0.6222460294192955,0.6720547200187821,0.7107688325561166,0.7246217127458617,0.7799505948363205,0.8380301209657353,0.8988344535051068,0.9623237090031174,1.0284447865961046,1.0971324424073554,1.168310564981529,1.2418936009147554,1.317788077271218,1.3958941679957089,1.47610725494799,1.5583194398194458,1.642420970364335,1.70733670642207,1.7283015523887146,1.8158515271447577,1.9049629016360385,1.995530226441623,2.087451321744695,2.1806278571670363,2.274965794737236,2.370375706917038,2.466772983194643,2.5640779394783806,2.6622158445549218,2.695631965291915,2.7611168773771437,2.8607160280688566,2.9609529544087434,3.0617718042932904,3.163121013364936,3.2649530856925804,3.3672243641535644,3.3687169841570084,3.4698947960200686,3.57292769821666,3.6762895257976247,3.7799496463936193,3.883880122692841,3.988055504444742,4.07398755866098,4.092452630994652,4.197050444965021,4.301829817382542,4.406773384299768,4.511865394765188,4.61709156984813,4.72243897231642,4.775062924447946,4.827895886488264,4.933451707729444,5.039096841037304,5.144822608139771,5.2506211625372,5.356485411924022,5.462408947443578,5.568385979251041,5.674411277884417,5.708787841781951,5.780480120970909,5.8865882448244085,5.992731800518832,6.098907314050701,6.205111650232539,6.31134197998571,6.41759575072734
9.0,0.0,0.136583529008823,0.15047766067969953,0.16567428937669937,0.18227354809945448,0.20037912834807836,0.22009762730336865,0.2415377457516087,0.26480933355285785,0.290022284964067,0.3172852927443636,0.3467044774862424,0.37838191669305,0.41241410628212705,0.44889039483617194,0.48789143737433033,0.5294877199715806,0.5737382085823105,0.620689174430462,0.6703732440524239,0.7089904941649419,0.7228087145503437,0.7779991641847697,0.835933375766998,0.896585576313587,0.9599159821613207,1.0258716253045073,1.094387425106133,1.1653874605411587,1.2387863922597016,1.314490981194543,1.392401651054531,1.4724140454532446,1.5544205360428427,1.6383116451768964,1.7030649625404861,1.7239773546167239,1.811308279979879,1.9001966984676188,1.990537424492685,2.082228533891411,2.175171942307462,2.26927384705174,2.364445044333032,2.460601135334416,2.5576626353332337,2.655555000093102,2.688887513941795,2.7542085832586447,2.853558537607903,2.953544671895355,3.0541112737590383,3.1552069078550353,3.256784197086716,3.3587995935612214,3.360288479040395,3.461213144762362,3.5639882593954897,3.667091476444099,3.770492240180808,3.874162683192764,3.978077418905757,4.063794471754398,4.082213344612906,4.186549455622064,4.291066670820474,4.39574766970516,4.500576740733372,4.605539640700221,4.710623464742392,4.763115752132748,4.81581652649064,4.921108247843463,5.026489057804834,5.131950299815649,5.237484147008151,5.343083524821664,5.448742040434444,5.554453918487813,5.66021394260385,5.69450449659136,5.766017402225102,5.871860044333172,5.9777380296319595,6.083647892809919,6.18958650652379,6.295551048773269,6.401538973362026
9.25,0.0,0.13624094087084723,0.15010022233150835,0.1652587338062736,0.18181635713434477,0.19987652372973125,0.21954556339889977,0.24093190427739572,0.2641451206923553,0.2892948312564468,0.31648945609819396,0.345834849631172,0.3774328333209604,0.411379661047248,0.44776445728251413,0.48666767474147576,0.5281596227011227,0.572299119213408,0.6191323194416286,0.6686917680860658,0.7072121557737673,0.7209957163548256,0.776047733533219,0.8338366305682609,0.8943366991220673,0.957508255319524,1.02329846401291,1.0916424078049107,1.1624643561007884,1.235679183604648,1.3111938851178682,1.3889091341133528,1.4687208359584991,1.5505216322662398,1.6342023199894578,1.6987932186589023,1.719653156844733,1.8067650328150004,1.8954304952991994,1.9855446225437472,2.077005746038127,2.169716027447888,2.263581899366244,2.3585143817490257,2.4544292874741895,2.551247331188087,2.6488941556312824,2.6821430625916753,2.7473002891401452,2.8464010471469496,2.9461363893819663,3.0464507432247863,3.1472928023451345,3.248615308480851,3.350374822968878,3.3518599739237818,3.452531493504655,3.5550488205743194,3.6578934270905727,3.761034833967997,3.8644452436926864,3.9680993333667725,4.053601384847815,4.071974058231159,4.1760484662791075,4.280303524258406,4.384721955110551,4.489288086701557,4.593987711552313,4.6988079571683645,4.751168579817549,4.803737166493016,4.908764787957484,5.013881274572363,5.119077991491528,5.224347131479101,5.3296816377193075,5.435075133425311,5.540521857724584,5.646016607323283,5.68022115140077,5.751554683479296,5.857131843841936,5.962744258745088,6.068388471569137,6.174061362815041,6.279760117560827,6.385482195996712
9.5,0.0,0.13589835273287143,0.14972278398331718,0.16484317823584782,0.18135916616923506,0.19937391911138413,0.21899349949443087,0.24032606280318278,0.26348090783185274,0.2885673775488265,0.3156936194520243,0.34496522177610167,0.37648374994887085,0.4103452158123689,0.4466385197288563,0.4854439121086212,0.5268315254306649,0.5708600298445056,0.6175754644527951,0.6670102921197077,0.7054338173825926,0.7191827181593076,0.7740963028816682,0.8317398853695236,0.8920878219305474,0.9551005284777274,1.0207253027213126,1.0888973905036883,1.159541251660418,1.232571974949594,1.3078967890411932,1.385416617172175,1.4650276264637536,1.546622728489637,1.630092994802019,1.6945214747773185,1.7153289590727425,1.802221785650122,1.89066429213078,1.9805518205948092,2.0717829581848433,2.164260112588314,2.257889951680748,2.352583719165019,2.4482574396139625,2.5448320270429403,2.6422333111694627,2.6753986112415555,2.7403919950216458,2.839243556685996,2.9387281068685778,3.038790212690534,3.1393786968352337,3.2404464198749867,3.341950052376535,3.3434314688071685,3.4438498422469483,3.546109381753149,3.648695377737047,3.7515774277551857,3.854727804192609,3.9581212478277874,4.043408297941233,4.061734771849413,4.16554747693615,4.269540377696338,4.373696240515942,4.477999432669741,4.582435782404405,4.686992449594337,4.739221407502351,4.791657806495392,4.896421328071503,5.001273491339893,5.106205683167406,5.211210115950052,5.31627975061695,5.421408226416178,5.526589796961356,5.631819272042716,5.66593780621018,5.737091964733489,5.842403643350699,5.947750487858216,6.053129050328356,6.158536219106292,6.263969186348386,6.369425418631398
9.75,0.0,0.13555576459489563,0.149345345635126,0.16442762266542205,0.18090197520412535,0.19887131449303702,0.21844143558996199,0.2397202213289698,0.2628166949713502,0.28783992384120627,0.3148977828058547,0.3440955939210313,0.3755346665767813,0.4093107705774898,0.4455125821751985,0.48422014947576664,0.5255034281602071,0.569420940475603,0.6160186094639617,0.6653288161533496,0.7036554789914179,0.7173697199637896,0.7721448722301175,0.8296431401707863,0.8898389447390276,0.9526928016359307,1.018152141429715,1.0861523732024658,1.1566181472200479,1.2294647662945402,1.304599692964518,1.3819241002309968,1.4613344169690081,1.542723824713034,1.6259836696145804,1.6902497308957347,1.7110047613007517,1.7976785384852434,1.8858980889623602,1.9755590186458711,2.0665601703315595,2.15880419772874,2.2521980039952525,2.346653056581013,2.4420855917537354,2.5384167228977934,2.635572466707643,2.6686541598914357,2.7334837009031467,2.8320860662250427,2.9313198243551892,3.031129682156282,3.131464591325333,3.2322775312691223,3.3335252817841914,3.335002963690555,3.4351681909892413,3.537169942931979,3.639497328383521,3.7421200215423744,3.845010364692531,3.9481431622888024,4.03321521103465,4.051495485467667,4.155046487593193,4.258777231134271,4.362670525921334,4.4667107786379265,4.570883853256497,4.675176942020309,4.727274235187152,4.779578446497768,4.884077868185523,4.988665708107423,5.093333374843285,5.198073100421003,5.302877863514592,5.407741319407044,5.512657736198127,5.617621936762149,5.651654461019589,5.722629245987682,5.827675442859462,5.932756716971344,6.037869629087575,6.143011075397543,6.248178255135945,6.3533686412660835
10.0,0.0,0.13521317645691983,0.14896790728693482,0.16401206709499627,0.18044478423901564,0.1983687098746899,0.21788937168549308,0.23911437985475684,0.26215248211084763,0.28711247013358604,0.314101946159685,0.34322596606596095,0.37458558320469176,0.40827632534261077,0.4443866446215407,0.4829963868429121,0.5241753308897493,0.5679818511067005,0.6144617544751282,0.6636473401869915,0.7018771406002433,0.7155567217682716,0.7701934415785667,0.8275463949720492,0.8875900675475078,0.9502850747941342,1.0155789801381176,1.0834073559012434,1.1536950427796775,1.2263575576394865,1.301302596887843,1.3784315832898189,1.4576412074742626,1.538824920936431,1.6218743444271417,1.685977987014151,1.706680563528761,1.7931352913203646,1.8811318857939408,1.970566216696933,2.0613373824782752,2.1533482828691657,2.2465060563097565,2.340722393997007,2.435913743893509,2.5320014187526465,2.6289116222458233,2.661909708541316,2.7265754067846473,2.824928575764089,2.9239115418418007,3.02346915162203,3.1235504858154317,3.224108642663258,3.3251005111918484,3.326574458573942,3.4264865397315347,3.528230504110809,3.630299279029995,3.7326626153295632,3.8352929251924537,3.9381650767498173,4.023022124128068,4.041256199085921,4.144545498250236,4.248014084572203,4.351644811326725,4.455422124606111,4.559331924108588,4.663361434446282,4.715327062871953,4.767499086500144,4.871734408299543,4.976057924874952,5.080461066519163,5.1849360848919535,5.289475976412235,5.39407441239791,5.4987256754348985,5.603424601481582,5.637371115828999,5.708166527241875,5.812947242368225,5.917762946084472,6.022610207846793,6.127485931688794,6.232387323923504,6.33731186390077
10.25,0.0,0.13487058831894405,0.14859046893874364,0.1635965115245705,0.17998759327390593,0.1978661052563428,0.21733730778102417,0.23850853838054387,0.2614882692503451,0.2863850164259658,0.31330610951351534,0.34235633821089057,0.3736364998326022,0.40724188010773166,0.4432607070678829,0.48177262421005745,0.5228472336192915,0.566542761737798,0.6129048994862948,0.6619658642206333,0.7000988022090686,0.7137437235727535,0.768242010927016,0.8254496497733119,0.8853411903559879,0.9478773479523375,1.0130058188465203,1.080662338600021,1.1507719383393071,1.2232503489844326,1.2980055008111682,1.3749390663486407,1.4539479979795171,1.5349260171598282,1.6177650192397033,1.6817062431325671,1.7023563657567704,1.7885920441554861,1.8763656826255213,1.965573414747995,2.0561145946249915,2.147892368009592,2.2408141086242606,2.334791731413001,2.4297418960332817,2.5255861146075,2.6222507777840036,2.655165257191196,2.7196671126661482,2.8177710853031352,2.916503259328412,3.015808621087778,3.115636380305531,3.2159397540573935,3.316675740599505,3.3181459534573285,3.4178048884738277,3.5192910652896385,3.6211012296764693,3.723205209116752,3.8255754856923763,3.9281869912108323,4.012829037221485,4.031016912704175,4.134044508907278,4.237250938010136,4.340619096732117,4.444133470574296,4.547779994960679,4.651545926872253,4.7033798905567545,4.75541972650252,4.859390948413563,4.963450141642482,5.067588758195042,5.171799069362904,5.276074089309877,5.380407505388777,5.48479361467167,5.589227266201015,5.623087770638409,5.693703808496069,5.798219041876989,5.902769175197601,6.007350786606012,6.111960787980044,6.216596392711063,6.321255086535456
10.5,0.0,0.13452800018096825,0.14821303059055246,0.16318095595414475,0.17953040230879622,0.19736350063799568,0.2167852438765553,0.2379026969063309,0.2608240563898425,0.2856575627183455,0.31251027286734573,0.34148671035582023,0.3726874164605127,0.4062074348728526,0.4421347695142251,0.4805488615772029,0.5215191363488337,0.5651036723688956,0.6113480444974613,0.6602843882542752,0.698320463817894,0.7119307253772355,0.7662905802754654,0.8233529045745747,0.8830923131644681,0.9454696211105408,1.010432657554923,1.0779173212987985,1.147848833898937,1.220143140329379,1.2947084047344932,1.3714465494074628,1.4502547884847716,1.5310271133832252,1.6136556940522646,1.6774344992509833,1.6980321679847796,1.7840487969906076,1.8715994794571016,1.960580612799057,2.0508918067717077,2.1424364531500175,2.235122160938765,2.328861068828995,2.4235700481730547,2.519170810462353,2.615589933322184,2.6484208058410763,2.7127588185476488,2.8106135948421818,2.9090949768150236,3.008148090553526,3.10772227479563,3.207770865451529,3.308250970007162,3.3097174483407157,3.409123237216121,3.5103516264684687,3.611903180322943,3.713747802903941,3.815858046192299,3.918208905671847,4.002635950314903,4.020777626322428,4.123543519564321,4.226487791448068,4.329593382137508,4.43284481654248,4.536228065812772,4.639730419298226,4.691432718241556,4.7433403665048965,4.847047488527583,4.950842358410011,5.05471644987092,5.158662053833854,5.26267220220752,5.366740598379644,5.470861553908442,5.575029930920449,5.608804425447818,5.6792410897502625,5.783490841385753,5.887775404310728,5.992091365365231,6.096435644271295,6.200805461498621,6.305198309170142
10.75,0.0,0.13418541204299245,0.14783559224236129,0.16276540038371898,0.1790732113436865,0.19686089601964857,0.21623317997208638,0.23729685543211793,0.26015984352933996,0.2849301090107253,0.31171443622117606,0.3406170825007499,0.37173833308842313,0.4051729896379735,0.4410088319605673,0.4793250989443483,0.5201910390783759,0.5636645829999931,0.6097911895086279,0.6586029122879171,0.6965421254267193,0.7101177271817175,0.7643391496239146,0.8212561593758374,0.8808434359729483,0.9430618942687442,1.0078594962633256,1.075172303997576,1.1449257294585666,1.217035931674325,1.2914113086578183,1.3679540324662847,1.4465615789900261,1.5271282096066223,1.609546368864826,1.6731627553693995,1.6937079702127888,1.779505549825729,1.8668332762886821,1.955587810850119,2.045669018918424,2.1369805382904437,2.229430213253269,2.3229304062449883,2.417398200312828,2.5127555063172062,2.6089290888603642,2.6416763544909565,2.7058505244291493,2.8034561043812283,2.901686694301635,3.0004875600192737,3.0998081692857293,3.1996019768456647,3.2998261994148184,3.3012889432241024,3.400441585958414,3.5014121876472983,3.6027051309694174,3.7042903966911296,3.8061406066922214,3.908230820132862,3.9924428634083204,4.010538339940682,4.113042530221364,4.215724644886,4.318567667542899,4.421556162510665,4.524676136664863,4.627914911724198,4.679485545926357,4.731261006507272,4.834704028641602,4.938234575177541,5.0418441415467985,5.145525038304806,5.2492703151051625,5.35307369137051,5.456929493145213,5.560832595639882,5.594521080257228,5.664778371004456,5.768762640894516,5.872781633423856,5.976831944124449,6.0809105005625455,6.18501453028618,6.289141531804828
11.0,0.0,0.13384282390501664,0.1474581538941701,0.1623498448132932,0.1786160203785768,0.19635829140130145,0.2156811160676175,0.23669101395790498,0.2594956306688374,0.28420265530310507,0.3109185995750064,0.3397474546456795,0.3707892497163336,0.40413854440309444,0.4398828944069095,0.47810133631149376,0.518862941807918,0.5622254936310905,0.6082343345197944,0.656921436321559,0.6947637870355448,0.7083047289861994,0.7623877189723639,0.8191594141771003,0.8785945587814286,0.9406541674269475,1.005286334971728,1.0724272866963536,1.1420026250181963,1.2139287230192712,1.2881142125811431,1.3644615155251067,1.4428683694952806,1.5232293058300195,1.6054370436773873,1.668891011487816,1.6893837724407983,1.7749623026608503,1.8620670731202627,1.950595008901181,2.0404462310651397,2.1315246234308693,2.223738265567773,2.316999743660982,2.411226352452601,2.5063402021720598,2.6022682443985445,2.6349319031408367,2.6989422303106503,2.796298613920275,2.8942784117882465,2.9928270294850217,3.0918940637758285,3.1914330882398,3.2914014288224753,3.292860438107489,3.3917599347007075,3.492472748826128,3.5935070816158916,3.6948329904783184,3.7964231671921436,3.898252734593877,3.982249776501738,4.000299053558936,4.1025415408784065,4.204961498323932,4.307541952948291,4.410267508478849,4.513124207516955,4.61609940415017,4.667538373611158,4.719181646509648,4.822360568755622,4.925626791945071,5.028971833222677,5.132388022775756,5.235868428002806,5.339406784361376,5.4429974323819845,5.546635260359315,5.580237735066638,5.650315652258649,5.75403444040328,5.857787862536985,5.961572522883667,6.065385356853796,6.169223599073739,6.273084754439513
11.25,0.0,0.13350023576704087,0.14708071554597893,0.16193428924286743,0.1781588294134671,0.19585568678295434,0.2151290521631486,0.236085172483692,0.2588314178083348,0.28347520159548484,0.3101227629288368,0.3388778267906092,0.36984016634424405,0.4031040991682153,0.43875695685325167,0.4768775736786392,0.5175348445374602,0.5607864042621881,0.606677479530961,0.6552399603552008,0.6929854486443701,0.7064917307906814,0.7604362883208131,0.817062668978363,0.8763456815899087,0.9382464405851509,1.0027131736801307,1.0696822693951311,1.139079520577826,1.2108215143642176,1.2848171165044682,1.3609689985839286,1.4391751600005351,1.5193304020534164,1.6013277184899486,1.6646192676062321,1.6850595746688075,1.7704190554959718,1.857300869951843,1.945602206952243,2.035223443211856,2.1260687085712955,2.218046317882277,2.311069081076976,2.405054504592374,2.499924898026913,2.595607399936725,2.628187451790717,2.692033936192151,2.7891411234593213,2.886870129274858,2.9851664989507696,3.0839799582659277,3.1832641996339355,3.282976658230132,3.2844319329908758,3.3830782834430004,3.483533310004958,3.5843090322623654,3.685375584265507,3.786705727692066,3.888274649054892,3.9720566895951555,3.9900597671771902,4.092040551535449,4.194198351761865,4.296516238353682,4.3989788544470345,4.501572278369046,4.604283896576143,4.655591201295961,4.707102286512025,4.8100171088696415,4.9130190087126,5.016099524898555,5.119251007246707,5.222466540900448,5.325739877352243,5.429065371618757,5.5324379250787485,5.5659543898760475,5.635852933512843,5.739306239912043,5.842794091650113,5.946313101642886,6.049860213145047,6.153432667861297,6.2570279770742
11.5,0.0,0.13315764762906507,0.14670327719778775,0.16151873367244166,0.1777016384483574,0.19535308216460726,0.2145769882586797,0.23547933100947904,0.25816720494783224,0.28274774788786455,0.3093269262826671,0.3380081989355388,0.3688910829721545,0.40206965393333627,0.4376310192995939,0.47565381104578464,0.5162067472670024,0.5593473148932856,0.6051206245421274,0.6535584843888427,0.6912071102531954,0.7046787325951633,0.7584848576692624,0.8149659237796257,0.8740968043983889,0.9358387137433543,1.0001400123885333,1.0669372520939087,1.1361564161374558,1.2077143057091637,1.2815200204277932,1.3574764816427507,1.4354819505057896,1.5154314982768136,1.59721839330251,1.6603475237246483,1.6807353768968167,1.7658758083310933,1.8525346667834235,1.940609405003305,2.030000655358572,2.120612793711721,2.2123543701967816,2.30513841849297,2.3988826567321473,2.493509593881766,2.588946555474905,2.621443000440597,2.6851256420736513,2.781983632998368,2.8794618467614694,2.9775059684165175,3.076065852756027,3.175095311028071,3.274551887637789,3.2760034278742625,3.374396632185294,3.474593871183788,3.5751109829088397,3.6759181780526955,3.7769882881919887,3.878296563515907,3.961863602688573,3.979820480795444,4.081539562192492,4.183435205199797,4.285490523759074,4.387690200415219,4.490020349221139,4.592468389002115,4.643644028980762,4.6950229265144,4.797673648983662,4.90041122548013,5.003227216574434,5.106113991717657,5.209064653798091,5.3120729703431095,5.415133310855528,5.518240589798181,5.551671044685457,5.621390214767036,5.724578039420806,5.827800320763241,5.931053680402105,6.034335069436298,6.137641736648856,6.240971199708886
11.75,0.0,0.13281505949108927,0.1463258388495966,0.16110317810201588,0.1772444474832477,0.19485047754626014,0.2140249243542108,0.23487348953526607,0.2575029920873297,0.2820202941802443,0.3085310896364975,0.33713857108046846,0.3679419996000649,0.40103520869845716,0.4365050817459361,0.47443004841293,0.5148786499965446,0.5579082255243831,0.603563769553294,0.6518770084224846,0.6894287718620208,0.7028657343996454,0.7565334270177116,0.8128691785808886,0.8718479272068691,0.9334309869015576,0.9975668510969359,1.0641922347926862,1.1332333116970854,1.20460709705411,1.2782229243511183,1.3539839647015726,1.431788741011044,1.5115325945002107,1.5931090681150712,1.6560757798430645,1.6764111791248262,1.7613325611662147,1.847768463615004,1.935616603054367,2.0247778675052883,2.1151568788521473,2.2066624225112856,2.299207755908964,2.3927108088719202,2.487094289736619,2.5822857110130855,2.6146985490904773,2.6782173479551523,2.774826142537414,2.872053564248081,2.9698454378822654,3.068151747246126,3.1669264224222067,3.2661271170454453,3.267574922757649,3.365714980927587,3.4656544323626175,3.5659129335553135,3.6664607718398843,3.7672708486919113,3.868318477976922,3.9516705157819905,3.969581194413698,4.071038572849535,4.17267205863773,4.274464809164464,4.376401546383404,4.47846842007323,4.580652881428088,4.631696856665563,4.6829435665167765,4.785330189097682,4.88780344224766,4.990354908250312,5.092976976188608,5.195662766695733,5.298406063333976,5.401201250092299,5.504043254517614,5.537387699494866,5.606927496021229,5.7098498389295695,5.8128065498763695,5.9157942591613235,6.018809925727549,6.121850805436415,6.224914422343572
12.0,0.0,0.1324724713531135,0.14594840050140542,0.1606876225315901,0.17678725651813798,0.19434787292791303,0.2134728604497419,0.2342676480610531,0.25683877922682713,0.2812928404726241,0.30773525299032783,0.3362689432253981,0.36699291622797536,0.4000007634635781,0.4353791441922783,0.47320628578007545,0.5135505527260869,0.5564691361554807,0.6020069145644605,0.6501955324561265,0.6876504334708461,0.7010527362041273,0.754581996366161,0.8107724333821513,0.8695990500153492,0.931023260059761,0.9949936898053385,1.061447217491464,1.130310207256715,1.2014998883990562,1.2749258282744433,1.3504914477603946,1.4280955315162984,1.5076336907236076,1.5889997429276326,1.6518040359614807,1.6720869813528354,1.756789314001336,1.8430022604465843,1.9306238011054289,2.0195550796520045,2.109700963992573,2.2009704748257897,2.2932770933249573,2.386538961011693,2.4806789855914726,2.5756248665512658,2.6079540977403575,2.671309053836653,2.7676686520764604,2.8646452817346924,2.9621849073480133,3.0602376417362254,3.1587575338163423,3.257702346453102,3.259146417641036,3.35703332966988,3.4567149935414476,3.5567148842017877,3.657003365627073,3.757553409191834,3.858340392437937,3.941477428875408,3.9593419080319516,4.060537583506577,4.161908912075662,4.263439094569856,4.365112892351588,4.466916490925322,4.568837373854059,4.6197496843503645,4.670864206519152,4.772986729211701,4.875195659015189,4.977482599926192,5.079839960659559,5.182260879593376,5.284739156324843,5.387269189329071,5.489845919237047,5.523104354304277,5.592464777275422,5.695121638438334,5.797812778989497,5.900534837920542,6.0032847820188,6.106059874223973,6.2088576449782575
12.25,0.0,0.1321298832151377,0.14557096215321425,0.16027206696116433,0.17633006555302827,0.19384526830956592,0.21292079654527302,0.23366180658684016,0.2561745663663246,0.28056538676500387,0.30693941634415817,0.33539931537032774,0.3660438328558858,0.39896631822869905,0.4342532066386205,0.4719825231472209,0.512222455455629,0.5550300467865781,0.6004500595756271,0.6485140564897683,0.6858720950796715,0.6992397380086093,0.7526305657146102,0.8086756881834141,0.8673501728238294,0.9286155332179643,0.9924205285137411,1.0587022001902415,1.127387102816345,1.1983926797440023,1.2716287321977682,1.3469989308192165,1.424402322021553,1.5037347869470048,1.584890417740194,1.647532292079897,1.6677627835808446,1.7522460668364574,1.8382360572781649,1.9256309991564908,2.0143322917987203,2.104245049132999,2.1952785271402937,2.2873464307409512,2.3803671131514665,2.4742636814463257,2.568964022089446,2.6012096463902377,2.6644007597181534,2.760511161615507,2.857236999221304,2.9545243768137612,3.0523235362263246,3.150588645210478,3.249277575860759,3.2507179125244225,3.348351678412173,3.4477755547202773,3.547516834848262,3.647545959414262,3.747835969691756,3.848362306898952,3.9312843419688255,3.9491026216502054,4.05003659416362,4.151145765513594,4.2524133799752475,4.353824238319773,4.455364561777413,4.5570218662800315,4.607802512035166,4.658784846521528,4.760643269325721,4.862587875782719,4.96461029160207,5.066702945130509,5.168858992491018,5.271072249315709,5.373337128565843,5.475648583956481,5.508821009113686,5.5780020585296155,5.680393437947097,5.782819008102625,5.88527541667976,5.987759638310051,6.090268943011533,6.192800867612943
12.5,0.0,0.1317872950771619,0.14519352380502307,0.15985651139073856,0.17587287458791856,0.1933426636912188,0.2123687326408041,0.2330559651126272,0.255510353505822,0.27983793305738364,0.30614357969798855,0.33452968751525736,0.3650947494837963,0.39793187299381994,0.4331272690849627,0.4707587605143663,0.5108943581851713,0.5535909574176756,0.5988932045867936,0.6468325805234102,0.6840937566884968,0.6974267398130912,0.7506791350630595,0.8065789429846768,0.8651012956323096,0.9262078063761677,0.9898473672221437,1.055957182889019,1.1244639983759745,1.1952854710889487,1.2683316361210932,1.3435064138780386,1.4207091125268074,1.499835883170402,1.5807810925527552,1.6432605481983131,1.6634385858088538,1.747702819671579,1.8334698541097454,1.9206381972075528,2.0091095039454365,2.098789134273425,2.189586579454798,2.281415768156945,2.3741952652912395,2.467848377301179,2.5623031776276264,2.594465195040118,2.6574924655996544,2.7533536711545534,2.8498287167079153,2.946863846279509,3.044409430716424,3.142419756604613,3.2408528052684153,3.2422894074078092,3.3396700271544666,3.438836115899107,3.5383187854947358,3.6380885532014506,3.7381185301916786,3.838384221359967,3.921091255062243,3.938863335268459,4.039535604820663,4.140382618951526,4.241387665380639,4.342535584287957,4.4438126326295055,4.545206358706004,4.595855339719967,4.646705486523905,4.748299809439741,4.849980092550249,4.9517379832779485,5.05356592960146,5.155457105388661,5.257405342306575,5.359405067802614,5.461451248675914,5.494537663923095,5.5635393397838095,5.66566523745586,5.767825237215753,5.870015995438979,5.9722344946013015,6.0744780117990915,6.17674409024763
12.75,0.0,0.13144470693918608,0.1448160854568319,0.15944095582031279,0.17541568362280885,0.1928400590728717,0.21181666873633523,0.23245012363841422,0.25484614064531946,0.27911047934976335,0.3053477430518189,0.333660059660187,0.36414566611170673,0.3968974277589409,0.4320013315313049,0.46953499788151176,0.5095662609147134,0.5521518680487731,0.5973363495979602,0.6451511045570522,0.6823154182973221,0.6956137416175733,0.7487277044115088,0.8044821977859397,0.8628524184407899,0.923800079534371,0.9872742059305463,1.0532121655877966,1.1215408939356042,1.1921782624338948,1.2650345400444183,1.3400138969368605,1.417015903032062,1.4959369793937989,1.5766717673653166,1.6389888043167293,1.6591143880368633,1.7431595725067004,1.8287036509413257,1.9156453952586148,2.0038867160921527,2.093333219413851,2.183894631769302,2.275485105572939,2.3680234174310124,2.4614330731560323,2.5556423331658067,2.587720743689998,2.650584171481155,2.7461961806936,2.8424204341945267,2.939203315745257,3.036495325206523,3.1342508679987486,3.2324280346760723,3.233860902291196,3.3309883758967596,3.429896677077937,3.52912073614121,3.6286311469886394,3.728401090691601,3.8284061358209818,3.9108981681556605,3.928624048886713,4.0290346154777055,4.129619472389459,4.230361950786031,4.3312469302561425,4.432260703481597,4.533390851131976,4.583908167404768,4.63462612652628,4.735956349553761,4.837372309317778,4.938865674953827,5.040428914072411,5.142055218286304,5.243738435297442,5.345473007039385,5.447253913395347,5.480254318732506,5.549076621038003,5.650937036964623,5.752831466328882,5.8547565741981975,5.956709350892552,6.05868708058665,6.160687312882316
13.0,0.0,0.1311021188012103,0.1444386471086407,0.159025400249887,0.17495849265769914,0.19233745445452458,0.21126460483186632,0.23184428216420125,0.2541819277848169,0.2783830256421431,0.3045519064056492,0.33279043180511664,0.3631965827396172,0.39586298252406177,0.43087539397764707,0.4683112352486572,0.5082381636442556,0.5507127786798707,0.5957794946091267,0.643469628590694,0.6805370799061475,0.6938007434220552,0.746776273759958,0.8023854525872024,0.86060354124927,0.9213923526925745,0.9847010446389489,1.0504671482865742,1.1186177894952338,1.1890710537788411,1.2617374439677433,1.3365213799956825,1.4133226935373164,1.492038075617196,1.5725624421778779,1.6347170604351455,1.6547901902648725,1.7386163253418216,1.8239374477729062,1.9106525933096767,1.9986639282388687,2.0878773045542767,2.1782026840838062,2.269554442988933,2.361851569570786,2.4550177690108854,2.548981488703987,2.5809762923398782,2.643675877362656,2.7390386902326465,2.835012151681138,2.931542785211005,3.028581219696622,3.1260819793928842,3.224003264083729,3.2254323971745826,3.322306724639053,3.420957238256767,3.5199226867876843,3.619173740775828,3.7186836511915238,3.8184280502819967,3.9007050812490776,3.918384762504967,4.018533626134748,4.118856325827392,4.219336236191421,4.319958276224327,4.420708774333688,4.521575343557949,4.57196099508957,4.622546766528656,4.7236128896677805,4.824764526085308,4.925993366629705,5.0272918985433614,5.128653331183946,5.230071528288309,5.331540946276157,5.433056578114781,5.465970973541915,5.534613902292196,5.636208836473387,5.73783769544201,5.839497152957416,5.941184207183803,6.042896149374209,6.144630535517002
13.25,0.0,0.1307595306632345,0.14406120876044953,0.15860984467946124,0.17450130169258943,0.19183484983617746,0.2107125409273974,0.23123844068998828,0.25351771492431435,0.2776555719345229,0.3037560697594796,0.3319208039500463,0.36224749936752765,0.3948285372891827,0.42974945642398926,0.46708747261580263,0.5069100663737978,0.5492736893109682,0.5942226396202933,0.6417881526243359,0.6787587415149728,0.6919877452265372,0.7448248431084074,0.8002887073884651,0.8583546640577502,0.9189846258507778,0.9821278833473516,1.0477221309853517,1.1156946850548637,1.1859638451237873,1.2584403478910684,1.3330288630545044,1.409629484042571,1.488139171840593,1.5684531169904394,1.6304453165535617,1.6504659924928817,1.7340730781769431,1.8191712446044868,1.9056597913607387,1.993441140385585,2.0824213896947024,2.1725107363983107,2.2636237804049264,2.3556797217105587,2.4486024648657385,2.5423206442421673,2.5742318409897584,2.6367675832441564,2.7318811997716925,2.8276038691677496,2.923882254676753,3.0206671141867214,3.11791309078702,3.215578493491386,3.2170038920579693,3.313625073381346,3.4120177994355965,3.510724637434158,3.609716334563017,3.7089662116914464,3.8084499647430117,3.890511994342495,3.9081454761232206,4.008032636791791,4.108093179265324,4.208310521596813,4.308669622192512,4.40915684518578,4.509759835983921,4.560013822774371,4.610467406531033,4.7112694297818,4.812156742852837,4.913121058305584,5.014154883014312,5.115251444081589,5.2164046212791755,5.317608885512929,5.4188592428342135,5.4516876283513245,5.520151183546389,5.6214806359821505,5.7228439245551375,5.824237731716635,5.925659063475054,6.0271052181617675,6.1285737581516875
13.5,0.0,0.1304169425252587,0.14368377041225835,0.15819428910903546,0.17404411072747972,0.19133224521783035,0.21016047702292853,0.2306325992157753,0.2528535020638118,0.27692811822690266,0.30296023311330994,0.3310511760949759,0.3612984159954381,0.3937940920543036,0.42862351887033145,0.465863709982948,0.50558196910334,0.5478345999420656,0.5926657846314598,0.6401066766579777,0.6769804031237983,0.6901747470310192,0.7428734124568566,0.798191962189728,0.8561057868662304,0.9165768990089811,0.9795547220557541,1.0449771136841293,1.1127715806144933,1.1828566364687336,1.2551432518143932,1.3295363461133265,1.4059362745478254,1.4842402680639901,1.5643437918030008,1.626173572671978,1.6461417947208912,1.7295298310120646,1.814405041436067,1.9006669894118007,1.988218352532301,2.0769654748351285,2.1668187887128147,2.2576931178209203,2.3495078738503317,2.4421871607205916,2.5356597997803476,2.5674873896396386,2.629859289125657,2.724723709310739,2.820195586654361,2.916221724142501,3.0127530086768206,3.1097442021811554,3.2071537228990423,3.208575386941356,3.3049434221236393,3.4030783606144266,3.5015265880806323,3.600258928350206,3.6992487721913685,3.7984718792040266,3.8803189074359126,3.8979061897414744,3.997531647448834,4.0973300327032565,4.197284807002204,4.297380968160696,4.397604916037872,4.4979443284098934,4.548066650459172,4.598388046533408,4.69892596989582,4.799548959620367,4.900248749981462,5.001017867485262,5.101849556979231,5.202737714270041,5.3036768247497,5.404661907553646,5.437404283160735,5.505688464800583,5.606752435490914,5.707850153668266,5.808978310475854,5.910133919766305,6.011314286949326,6.112516980786373
13.75,0.0,0.1300743543872829,0.14330633206406718,0.1577787335386097,0.17358691976237,0.19082964059948324,0.20960841311845962,0.23002675774156237,0.25218928920330924,0.2762006645192824,0.3021643964671403,0.3301815482399056,0.36034933262334856,0.39275964681942455,0.42749758131667365,0.46463994735009345,0.5042538718328822,0.5463955105731632,0.5911089296426264,0.6384252006916197,0.6752020647326236,0.6883617488355012,0.7409219818053059,0.7960952169909907,0.8538569096747105,0.9141691721671845,0.9769815607641568,1.0422320963829068,1.109848476174123,1.1797494278136798,1.2518461557377183,1.3260438291721484,1.40224306505308,1.4803413642873873,1.560234466615562,1.6219018287903941,1.6418175969489004,1.724986583847186,1.8096388382676476,1.8956741874628629,1.9829955646790172,2.071509559975554,2.161126841027319,2.251762455236914,2.343336025990105,2.435771856575445,2.528998955318528,2.560742938289519,2.622950995007158,2.7175662188497856,2.8127873041409726,2.9085611936082487,3.00483890316692,3.101575313575291,3.1987289523066993,3.2001468818247427,3.2962617708659323,3.3941389217932563,3.492328538727106,3.5908015221373946,3.689531332691291,3.7884937936650416,3.87012582052933,3.887666903359728,3.9870306581058768,4.086566886141188,4.186259092407596,4.286092314128881,4.386052986889964,4.486128820835865,4.536119478143974,4.5863086865357845,4.68658251000984,4.786941176387897,4.887376441657341,4.987880851956214,5.088447669876874,5.189070807260908,5.289744763986472,5.39046457227308,5.423120937970144,5.491225746054776,5.592024234999677,5.692856382781394,5.7937188892350715,5.894608776057555,5.995523355736885,6.09646020342106
14.0,0.0,0.12973176624930713,0.142928893715876,0.15736317796818391,0.1731297287972603,0.19032703598113612,0.20905634921399074,0.2294209162673494,0.25152507634280663,0.27547321081166215,0.30136855982097066,0.3293119203848352,0.359400249251259,0.39172520158454543,0.4263716437630159,0.4634161847172389,0.5029257745624244,0.5449564212042607,0.5895520746537929,0.6367437247252615,0.6734237263414489,0.6865487506399831,0.7389705511537551,0.7939984717922535,0.8516080324831907,0.9117614453253878,0.9744083994725593,1.0394870790816844,1.1069253717337528,1.1766422191586259,1.2485490596610433,1.3225513122309704,1.3985498555583344,1.4764424605107842,1.5561251414281234,1.6176300849088103,1.6374933991769096,1.7204433366823073,1.8048726350992281,1.8906813855139248,1.9777727768257332,2.0660536451159803,2.155434893341823,2.245831792652908,2.337164178129878,2.4293565524302982,2.5223381108567082,2.553998486939399,2.6160427008886584,2.710408728388832,2.805379021627584,2.9009006630739966,2.996924797657019,3.0934064249694266,3.190304181714356,3.1917183767081294,3.2875801196082257,3.385199482972086,3.4831304893735804,3.5813441159245833,3.6798138931912137,3.7785157081260565,3.8599327336227476,3.877427616977982,3.9765296687629195,4.075803739579121,4.1752333778129875,4.274803660097065,4.374501057742055,4.474313313261837,4.524172305828776,4.574229326538161,4.67423905012386,4.774333393155426,4.874504133333219,4.974743836427164,5.075045782774517,5.175403900251775,5.275812703223243,5.376267236992513,5.408837592779554,5.476763027308969,5.577296034508441,5.677862611894522,5.77845946799429,5.879083632348806,5.979732424524443,6.080403426055746
14.25,0.0,0.12938917811133133,0.14255145536768482,0.15694762239775814,0.17267253783215059,0.18982443136278904,0.20850428530952184,0.22881507479313642,0.2508608634823041,0.2747457571040419,0.300572723174801,0.32844229252976487,0.3584511658791694,0.3906907563496664,0.4252457062093581,0.4621924220843843,0.5015976772919666,0.5435173318353582,0.5879952196649594,0.6350622487589034,0.6716453879502743,0.684735752444465,0.7370191205022044,0.7919017265935162,0.8493591552916709,0.9093537184835913,0.971835238180962,1.036742061780462,1.1040022672933825,1.1735350105035722,1.2452519635843684,1.3190587952897923,1.394856646063589,1.4725435567341814,1.5520158162406847,1.6133583410272265,1.633169201404919,1.7159000895174288,1.8001064319308084,1.8856885835649868,1.9725499889724494,2.060597730256406,2.1497429456563273,2.239901130068902,2.330992330269651,2.4229412482851513,2.5156772663948885,2.547254035589279,2.609134406770159,2.7032512379278786,2.7979707391141955,2.893240132539745,2.9890106921471182,3.085237536363562,3.181879411122013,3.183289871591516,3.2788984683505187,3.3762600441509156,3.4739324400200546,3.571886709711772,3.6700964536911362,3.7685376225870715,3.849739646716165,3.867188330596236,3.966028679419962,4.065040593017053,4.164207663218378,4.2635150060652505,4.362949128594147,4.46249780568781,4.512225133513577,4.562149966540536,4.661895590237879,4.761725609922956,4.8616318250090975,4.961606820898115,5.06164389567216,5.161736993242641,5.261880642460015,5.362069901711946,5.394554247588964,5.4623003085631625,5.562567834017204,5.662868841007651,5.763200046753509,5.863558488640057,5.963941493312002,6.064346648690432
14.5,0.0,0.12904658997335552,0.14217401701949364,0.15653206682733237,0.1722153468670409,0.18932182674444192,0.20795222140505296,0.22820923331892345,0.2501966506218015,0.2740183033964217,0.2997768865286313,0.3275726646746945,0.3575020825070799,0.3896563111147873,0.4241197686557003,0.46096865945152976,0.5002695800215088,0.5420782424664558,0.586438364676126,0.6333807727925452,0.6698670495590996,0.6829227542489471,0.7350676898506536,0.7898049813947791,0.8471102781001512,0.9069459916417946,0.9692620768893645,1.0339970444792395,1.101079162853012,1.1704278018485184,1.2419548675076935,1.3155662783486144,1.3911634365688432,1.4686446529575785,1.547906491053246,1.6090865971456427,1.6288450036329283,1.7113568423525503,1.795340228762389,1.8806957816160488,1.9673272011191654,2.055141815396832,2.1440509979708313,2.2339704674848955,2.3248204824094243,2.416525944140005,2.509016421933069,2.5405095842391594,2.60222611265166,2.696093747466925,2.790562456600807,2.885579602005493,2.9810965866372174,3.0770686477576974,3.1734546405296693,3.174861366474903,3.270216817092812,3.3673206053297458,3.4647343906665284,3.562429303498961,3.660379014191059,3.7585595370480864,3.8395465598095826,3.8569490442144896,3.955527690077005,4.054277446454986,4.15318194862377,4.252226352033435,4.351397199446239,4.450682298113782,4.500277961198378,4.550070606542913,4.649552130351899,4.749117826690486,4.848759516684976,4.948469805369065,5.048242008569802,5.148070086233508,5.247948581696787,5.347872566431379,5.380270902398373,5.4478375898173566,5.547839633525967,5.6478750701207785,5.747940625512728,5.8480333449313076,5.948150562099562,6.048289871325117
14.75,0.0,0.12870400183537972,0.14179657867130246,0.1561165112569066,0.1717581559019312,0.1888192221260948,0.20740015750058405,0.22760339184471048,0.24953243776129896,0.27329084968880146,0.2989810498824617,0.32670303681962415,0.35655299913499033,0.3886218658799082,0.4229938311020425,0.4597448968186752,0.49894148275105094,0.5406391530975532,0.5848815096872925,0.6316992968261872,0.668088711167925,0.681109756053429,0.733116259199103,0.7877082361960418,0.8448614009086313,0.9045382647999979,0.9666889155977672,1.0312520271780172,1.0981560584126417,1.1673205931934647,1.2386577714310185,1.3120737614074363,1.3874702270740977,1.4647457491809754,1.5437971658658074,1.604814853264059,1.6245208058609375,1.7068135951876717,1.7905740255939695,1.8757029796671107,1.9621044132658816,2.049685900537258,2.1383590502853353,2.2280398049008894,2.3186486345491972,2.410110639994858,2.502355577471249,2.5337651328890396,2.5953178185331605,2.688936257005971,2.7831541740874184,2.877919071471241,2.9731824811273166,3.068899759151833,3.1650298699373263,3.1664328613582895,3.261535165835105,3.3583811665085754,3.4555363413130027,3.5529718972861497,3.650661574690981,3.7485814515091014,3.829353472903,3.8467097578327434,3.9450267007340476,4.043514299892918,4.142156234029161,4.240937698001619,4.339845270298331,4.4388667905397545,4.48833078888318,4.537991246545289,4.6372086704659194,4.736510043458015,4.835887208360854,4.935332789840016,5.034840121467444,5.134403179224374,5.234016520933558,5.333675231150813,5.365987557207783,5.43337487107155,5.533111433034731,5.632881299233906,5.732681204271946,5.832508201222558,5.93235963088712,6.032233093959803
15.0,0.0,0.12836141369740395,0.1414191403231113,0.15570095568648085,0.17130096493682148,0.1883166175077477,0.20684809359611514,0.22699755037049754,0.2488682249007964,0.2725633959811812,0.29818521323629205,0.3258334089645538,0.3556039157629008,0.38758742064502916,0.42186789354838466,0.4585211341858206,0.49761338548059314,0.5392000637286507,0.5833246546984591,0.630017820859829,0.6663103727767503,0.679296757857911,0.7311648285475523,0.7856114909973045,0.8426125237171115,0.9021305379582013,0.9641157543061697,1.0285070098767948,1.0952329539722716,1.1642133845384108,1.2353606753543434,1.3085812444662583,1.3837770175793522,1.4608468454043726,1.5396878406783687,1.6005431093824751,1.620196608088947,1.702270348022793,1.7858078224255498,1.8707101777181727,1.9568816254125978,2.044229985677684,2.1326671025998394,2.2221091423168833,2.31247678668897,2.403695335849711,2.4956947330094295,2.52702068153892,2.588409524414661,2.6817787665450177,2.77574589157403,2.8702585409369887,2.965268375617416,3.0607308705459686,3.156605099344983,3.158004356241676,3.2528535145773985,3.349441727687405,3.4463382919594765,3.5435144910733385,3.6409441351909035,3.7386033659701163,3.8191603859964176,3.836470471450997,3.9345257113910908,4.03275115333085,4.131130519434553,4.229649043969804,4.328293341150422,4.427051282965727,4.476383616567981,4.525911886547664,4.624865210579939,4.723902260225545,4.823014900036733,4.922195774310967,5.021438234365087,5.1207362722152405,5.220084460170329,5.3194778958702456,5.351704212017192,5.418912152325743,5.518383232543495,5.617887528347034,5.717421783031165,5.816983057513809,5.916568699674679,6.016176316594489
15.25,0.0,0.12801882555942815,0.1410417019749201,0.15528540011605507,0.17084377397171177,0.18781401288940058,0.20629602969164626,0.22639170889628457,0.24820401204029385,0.27183594227356095,0.2973893765901224,0.32496378110948343,0.35465483239081125,0.38655297541015005,0.42074195599472686,0.457297371552966,0.4962852882101353,0.5377609743597482,0.5817677997096256,0.6283363448934709,0.6645320343855756,0.6774837596623929,0.7292133978960015,0.7835147457985674,0.8403636465255917,0.8997228111164046,0.9615425930145723,1.0257619925755723,1.0923098495319012,1.161106175883357,1.2320635792776684,1.3050887275250802,1.3800838080846067,1.4569479416277697,1.53557851549093,1.5962713655008913,1.6158724103169562,1.6977271008579145,1.7810416192571303,1.8657173757692347,1.9516588375593138,2.0387740708181097,2.126975154914344,2.216178479732877,2.3063049388287435,2.397280031704564,2.4890338885476098,2.5202762301888,2.581501230296162,2.674621276084064,2.7683376090606413,2.8625980104027366,2.957354270107515,3.052561981940104,3.1481803287526398,3.149575851125063,3.2441718633196914,3.3405022888662352,3.4371402426059507,3.534057084860527,3.631226695690826,3.7286252804311313,3.808967299089835,3.826231185069251,3.9240247220481335,4.021988006768782,4.120104804839944,4.218360389937988,4.316741412002513,4.415235775391699,4.464436444252782,4.513832526550041,4.612521750693959,4.711294476993075,4.810142591712611,4.909058758781917,5.008036347262729,5.107069365206107,5.2061523994071015,5.3052805605896785,5.337420866826602,5.404449433579936,5.503655032052258,5.602893757460163,5.702162361790383,5.80145791380506,5.900777768462238,6.000119539229176
15.5,0.0,0.12767623742145234,0.14066426362672893,0.1548698445456293,0.17038658300660206,0.18731140827105347,0.20574396578717735,0.2257858674220716,0.2475397991797913,0.2711084885659407,0.29659353994395277,0.3240941532544131,0.3537057490187217,0.385518530175271,0.41961601844106905,0.45607360892011145,0.4949571909396775,0.5363218849908458,0.5802109447207922,0.6266548689271128,0.662753695994401,0.675670761466875,0.7272619672444508,0.7814180005998301,0.8381147693340719,0.897315084274608,0.9589694317229749,1.0230169752743499,1.0893867450915309,1.1579989672283033,1.2287664832009935,1.3015962105839023,1.3763905985898612,1.4530490378511667,1.5314691903034914,1.5919996216193075,1.6115482125449654,1.693183853693036,1.7762754160887109,1.8607245738202967,1.94643604970603,2.033318155958536,2.121283207228848,2.210247817148871,2.3001330909685165,2.3908647275594177,2.48237304408579,2.51353177883868,2.5745929361776625,2.6674637856231107,2.7609293265472528,2.8549374798684846,2.9494401645976143,3.04439309333424,3.1397555581602963,3.1411473460084496,3.235490212061985,3.331562850045065,3.427942193252425,3.5245996786477156,3.6215092561907487,3.7186471948921462,3.7987742121832526,3.8159918986875048,3.913523732705176,4.011224860206715,4.109079090245335,4.207071735906173,4.305189482854606,4.403420267817671,4.4524892719375835,4.501753166552417,4.600178290807978,4.698686693760604,4.79727028338849,4.895921743252868,4.9946344601603725,5.093402458196974,5.192220338643873,5.291083225309112,5.323137521636012,5.38998671483413,5.488926831561021,5.587899986573291,5.686902940549602,5.785932770096311,5.884986837249796,5.9840627618638615
15.75,0.0,0.12733364928347654,0.14028682527853778,0.15445428897520352,0.16992939204149235,0.18680880365270636,0.20519190188270847,0.22518002594785863,0.24687558631928871,0.2703810348583205,0.2957977032977831,0.3232245253993427,0.35275666564663216,0.3844840849403919,0.41849008088741124,0.4548498462872569,0.4936290936692197,0.5348827956219433,0.5786540897319586,0.6249733929607546,0.6609753576032263,0.6738577632713569,0.7253105365929,0.7793212554010929,0.835865892142552,0.8949073574328114,0.9563962704313775,1.0202719579731274,1.0864636406511607,1.1548917585732494,1.2254693871243185,1.2981036936427242,1.3726973890951157,1.4491501340745638,1.5273598651160527,1.5877278777377237,1.6072240147729748,1.6886406065281572,1.7715092129202912,1.8557317718713586,1.941213261852746,2.0278622410989615,2.115591259543352,2.204317154564865,2.2939612431082894,2.384449423414271,2.4757121996239704,2.5067873274885604,2.5676846420591635,2.660306295162157,2.753521044033864,2.8472769493342325,2.9415260590877135,3.0362242047283754,3.131330787567953,3.1327188408918363,3.226808560804278,3.3226234112238946,3.418744143898899,3.5151422724349044,3.6117918166906713,3.708669109353161,3.7885811252766697,3.8057526123057586,3.903022743362219,4.000461713644647,4.098053375650727,4.195783081874358,4.293637553706697,4.391604760243643,4.440542099622385,4.4896738065547925,4.587834830921998,4.686078910528134,4.784397975064368,4.882784727723819,4.981232573058015,5.079735551187841,5.178288277880644,5.276885890028545,5.308854176445421,5.375523996088323,5.474198631069784,5.572906215686419,5.67164351930882,5.770407626387562,5.869195906037355,5.968005984498547
16.0,0.0,0.12699106114550077,0.1399093869303466,0.15403873340477775,0.16947220107638264,0.18630619903435924,0.20463983797823956,0.22457418447364566,0.24621137345878616,0.2696535811507002,0.29500186665161343,0.3223548975442724,0.3518075822745426,0.3834496397055128,0.41736414333375343,0.4536260836544023,0.49230099639876185,0.5334437062530407,0.5770972347431252,0.6232919169943966,0.6591970192120518,0.6720447650758389,0.7233591059413493,0.7772245102023557,0.8336170149510322,0.8924996305910147,0.9538231091397802,1.017526940671905,1.0835405362107904,1.1517845499181958,1.2221722910476436,1.2946111767015462,1.3690041796003702,1.445251230297961,1.523250539928614,1.58345613385614,1.602899817000984,1.6840973593632786,1.7667430097518717,1.8507389699224206,1.9359904739994622,2.0224063262393877,2.1098993118578564,2.1983864919808584,2.287789395248063,2.378034119269124,2.4690513551621507,2.5000428761384406,2.560776347940664,2.6531488047012037,2.7461127615204757,2.8396164187999804,2.9336119535778127,3.0280553161225106,3.1229060169756098,3.124290335775223,3.218126909546571,3.3136839724027247,3.409546094545373,3.505684866222093,3.6020743771905934,3.698691023814176,3.778388038370087,3.7955133259240124,3.8925217540192616,3.9896985670825797,4.087027661056118,4.184494427842543,4.282085624558789,4.379789252669616,4.428594927307187,4.477594446557169,4.575491371036018,4.673471127295663,4.771525666740247,4.869647712194769,4.967830685955658,5.066068644178706,5.164356217117415,5.262688554747978,5.294570831254831,5.361061277342516,5.459470430578548,5.557912444799547,5.656384098068039,5.754882482678813,5.8534049748249135,5.951949207133233
16.25,0.0,0.12664847300752496,0.13953194858215542,0.15362317783435198,0.16901501011127293,0.18580359441601213,0.20408777407377068,0.2239683429994327,0.2455471605982836,0.26892612744308,0.2942060300054438,0.321485269689202,0.3508584989024531,0.3824151944706337,0.4162382057800956,0.45240232102154776,0.49097289912830405,0.5320046168841382,0.5755403797542917,0.6216104410280384,0.6574186808208771,0.6702317668803208,0.7214076752897985,0.7751277650036185,0.8313681377595125,0.8900919037492181,0.9512499478481827,1.0147819233706825,1.08061743177042,1.148677341263142,1.2188751949709684,1.291118659760368,1.3653109701056247,1.441352326521358,1.5191412147411756,1.5791843899745561,1.5985756192289933,1.6795541121984001,1.7619768065834522,1.8457461679734826,1.9307676861461782,2.0169504113798133,2.1042073641723604,2.1924558293968524,2.2816175473878357,2.3716188151239774,2.462390510700331,2.4932984247883208,2.5538680538221645,2.64599131424025,2.738704479007087,2.8319558882657283,2.925697848067912,3.019886427516646,3.1144812463832663,3.1158618306586097,3.209445258288864,3.3047445335815544,3.4003480451918473,3.496227460009282,3.592356937690516,3.688712938275191,3.7681949514635047,3.785274039542266,3.8820207646763043,3.978935420520512,4.07600194646151,4.173205773810727,4.27053369541088,4.367973745095588,4.416647754991988,4.465515086559545,4.563147911150038,4.660863344063193,4.758653358416125,4.85651069666572,4.9544287988533,5.052401737169573,5.1504241563541875,5.248491219467412,5.280287486064241,5.3465985585967095,5.444742230087312,5.542918673912675,5.641124676827258,5.739357338970064,5.837614043612472,5.935892429767919
16.5,0.0,0.12630588486954916,0.13915451023396425,0.1532076222639262,0.16855781914616322,0.18530098979766502,0.20353571016930178,0.22336250152521975,0.24488294773778105,0.26819867373545975,0.29341019335927415,0.32061564183413166,0.34990941553036353,0.38138074923575466,0.4151122682264379,0.4511785583886932,0.48964480185784626,0.5305655275152358,0.5739835247654583,0.6199289650616803,0.6556403424297025,0.6684187686848029,0.7194562446382479,0.7730310198048812,0.8291192605679926,0.8876841769074214,0.9486767865565854,1.01203690606946,1.0776943273300497,1.145570132608088,1.2155780988942935,1.2876261428191902,1.3616177606108792,1.437453422744755,1.515031889553737,1.5749126460929723,1.5942514214570027,1.6750108650335216,1.7572106034150325,1.8407533660245445,1.9255448982928944,2.0114944965202395,2.0985154164868645,2.1865251668128463,2.2754456995276087,2.3652035109788305,2.4557296662385113,2.486553973438201,2.5469597597036655,2.6388338237792963,2.7312961964936986,2.824295357731476,2.917783742558011,3.0117175389107818,3.1060564757909233,3.1074333255419964,3.2007636070311576,3.295805094760384,3.391149995838321,3.4867700537964708,3.5826394981904386,3.678734852736206,3.758001864556922,3.77503475316052,3.871519775333347,3.9681722739584444,4.0649762318669005,4.161917119778912,4.2589817662629725,4.35615823752156,4.4047005826767895,4.453435726561921,4.5508044512640575,4.648255560830723,4.7457810500920035,4.84337368113667,4.941026911750943,5.03873483016044,5.136492095590959,5.234293884186845,5.26600414087365,5.332135839850904,5.430014029596075,5.527924903025803,5.6258652555864765,5.7238321952613145,5.821823112400031,5.919835652402606
16.75,0.0,0.12596329673157336,0.13877707188577307,0.15279206669350043,0.1681006281810535,0.18479838517931793,0.20298364626483287,0.22275666005100678,0.2442187348772785,0.2674712200278395,0.2926143567131045,0.31974601397906127,0.348960332158274,0.3803463040008756,0.41398633067278007,0.4499547957558386,0.48831670458738846,0.5291264381463333,0.5724266697766248,0.6182474890953221,0.6538620040385278,0.6666057704892848,0.7175048139866972,0.7709342746061439,0.8268703833764728,0.8852764500656248,0.9461036252649879,1.0092918887682376,1.0747712228896795,1.1424629239530344,1.2122810028176185,1.284133625878012,1.3579245511161337,1.4335545189681522,1.5109225643662982,1.5706409022113885,1.589927223685012,1.6704676178686428,1.752444400246613,1.8357605640756065,1.9203221104396104,2.006038581660665,2.0928234688013685,2.18059450422884,2.269273851667382,2.3587882068336836,2.4490688217766916,2.479809522088081,2.540051465585166,2.631676333318343,2.72388791398031,2.816634827197224,2.9098696370481103,3.0035486503049174,3.0976317051985798,3.099004820425383,3.1920819557734506,3.286865655939214,3.3819519464847954,3.4773126475836595,3.572922058690361,3.668756767197221,3.7478087776503397,3.7647954667787737,3.8610187859903897,3.9574091273963767,4.053950517272292,4.150628465747096,4.247429837115064,4.344342729947533,4.392753410361591,4.441356366564297,4.538460991378077,4.635647777598252,4.732908741767882,4.830236665607622,4.927625024648585,5.0250679231513065,5.12256003482773,5.220096548906278,5.2517207956830605,5.317673121105097,5.415285829104838,5.512931132138932,5.610605834345695,5.708307051552565,5.80603218118759,5.9037788750372915
17.0,0.0,0.12562070859359759,0.1383996335375819,0.15237651112307465,0.1676434372159438,0.18429578056097082,0.202431582360364,0.2221508185767938,0.24355452201677594,0.26674376632021923,0.29181852006693487,0.31887638612399094,0.3480112487861844,0.3793118587659965,0.41286039311912226,0.448731033122984,0.4869886073169306,0.5276873487774308,0.5708698147877914,0.6165660131289641,0.6520836656473531,0.6647927722937668,0.7155533833351464,0.7688375294074068,0.824621506184953,0.8828687232238281,0.9435304639733906,1.0065468714670152,1.0718481184493092,1.1393557152979805,1.2089839067409436,1.2806411089368341,1.3542313416213883,1.4296556151915492,1.5068132391788596,1.5663691583298047,1.5856030259130212,1.6659243707037643,1.7476781970781936,1.8307677621266685,1.9150993225863266,2.0005826668010913,2.087131521115873,2.174663841644834,2.263102003807155,2.3523729026885367,2.442407977314872,2.4730650707379613,2.5331431714666666,2.6245188428573893,2.7164796314669215,2.808974296662972,2.9019555315382095,2.995379761699053,3.0892069346062367,3.0905763153087698,3.183400304515744,3.277926217118044,3.372753897131269,3.4678552413708483,3.5632046191902833,3.658778681658236,3.737615690743757,3.7545561803970275,3.8505177966474324,3.946645980834309,4.042924802677684,4.139339811715281,4.235877907967156,4.332527222373505,4.380806238046392,4.429277006566673,4.526117531492098,4.623039994365782,4.72003643344376,4.817099650078572,4.9142231375462275,5.011401016142173,5.108627974064502,5.2058992136257105,5.23743745049247,5.30321040235929,5.400557628613602,5.49793736125206,5.595346413104913,5.692781907843816,5.790241249975149,5.887722097671977
17.25,0.0,0.12527812045562178,0.1380221951893907,0.15196095555264888,0.1671862462508341,0.1837931759426237,0.20187951845589508,0.22154497710258084,0.24289030915627335,0.266016312612599,0.2910226834207652,0.31800675826892055,0.34706216541409485,0.37827741353111743,0.41173445556546445,0.44750727049012945,0.4856605100464728,0.5262482594085283,0.5693129597989579,0.6148845371626059,0.6503053272561785,0.6629797740982487,0.7136019526835957,0.7667407842086695,0.8223726289934332,0.8804609963820315,0.9409573026817931,1.0038018541657927,1.0689250140089388,1.1362485066429269,1.2056868106642686,1.277148591995656,1.3505381321266428,1.4257567114149463,1.502703913991421,1.562097414448221,1.5812788281410306,1.6613811235388858,1.742911993909774,1.8257749601777304,1.9098765347330426,1.995126751941517,2.081439573430377,2.1687331790608275,2.256930155946928,2.3459575985433903,2.435747132853052,2.4663206193878415,2.5262348773481675,2.617361352396436,2.709071348953533,2.80131376612872,2.8940414260283087,2.9872108730931886,3.0807821640138933,3.0821478101921564,3.174718653258037,3.2689867782968736,3.3635558477777434,3.458397835158037,3.553487179690206,3.648800596119251,3.7274226038371747,3.7443168940152813,3.8400168073044756,3.9358828342722414,4.031899088083075,4.1280511576834655,4.224325978819247,4.320711714799477,4.368859065731193,4.417197646569049,4.513774071606117,4.610432211133312,4.707164125119639,4.8039626345495225,4.900821250443871,4.997734109133039,5.0946959133012735,5.191701878345144,5.223154105301879,5.288747683613483,5.385829428122365,5.4829435903651875,5.580086991864132,5.677256764135067,5.774450318762708,5.871665320306663
17.5,0.0,0.12493553231764598,0.13764475684119953,0.1515453999822231,0.1667290552857244,0.1832905713242766,0.2013274545514262,0.22093913562836787,0.2422260962957708,0.2652888589049788,0.29022684677459554,0.3171371304138502,0.3461130820420053,0.3772429682962383,0.41060851801180664,0.4462835078572749,0.484332412776015,0.5248091700396258,0.5677561048101245,0.6132030611962478,0.6485269888650038,0.6611667759027308,0.7116505220320449,0.7646440390099323,0.8201237518019133,0.8780532695402349,0.9383841413901958,1.0010568368645705,1.0660019095685684,1.133141297987873,1.2023897145875935,1.273656075054478,1.346844922631897,1.4218578076383435,1.4985945888039822,1.5578256705666371,1.5769546303690398,1.6568378763740073,1.7381457907413544,1.8207821582287924,1.9046537468797589,1.989670837081943,2.075747625744881,2.1628025164768214,2.2507583080867013,2.3395422943982433,2.4290862883912325,2.4595761680377217,2.519326583229668,2.6102038619354824,2.7016630664401444,2.793653235594468,2.886127320518408,2.979041984487324,3.0723573934215502,3.073719305075543,3.1660370020003303,3.2600473394757037,3.3543577984242177,3.448940428945226,3.5437697401901285,3.638822510580266,3.7172295169305922,3.734077607633535,3.8295158179615183,3.9251196877101737,4.020873373488467,4.116762503651651,4.2127740496713395,4.308896207225449,4.356911893415995,4.405118286571425,4.501430611720137,4.597824427900841,4.694291816795517,4.790825619020473,4.887419363341513,4.984067202123906,5.080763852538045,5.177504543064577,5.20887076011129,5.274284964867676,5.3711012276311285,5.467949819478315,5.5648275706233505,5.661731620426317,5.758659387550266,5.855608542941349
17.75,0.0,0.12459294417967019,0.13726731849300836,0.15112984441179733,0.1662718643206147,0.18278796670592948,0.2007753906469573,0.22033329415415492,0.24156188343526824,0.26456140519735855,0.2894310101284259,0.31626750255877983,0.34516399866991576,0.37620852306135927,0.40948258045814884,0.4450597452244203,0.4830043155055572,0.5233700806707233,0.566199249821291,0.6115215852298896,0.6467486504738292,0.6593537777072127,0.7096990913804943,0.7625472938111951,0.8178748746103935,0.8756455426984382,0.9358109800985983,0.9983118195633479,1.0630788051281983,1.1300340893328191,1.1990926185109185,1.2701635581133,1.3431517131371515,1.4179589038617404,1.4944852636165435,1.5535539266850533,1.572630432597049,1.6522946292091285,1.733379587572935,1.8157893562798544,1.8994309590264749,1.9842149222223688,2.0700556780593855,2.1568718538928153,2.2445864602264742,2.3331269902530964,2.422425443929413,2.452831716687602,2.5124182891111686,2.603046371474529,2.694254783926756,2.785992705060216,2.878213215008507,2.9708730958814593,3.0639326228292068,3.06529079995893,3.1573553507426233,3.2511079006545334,3.3451597490706915,3.4394830227324147,3.534052300690051,3.628844425041281,3.7070364300240097,3.723838321251789,3.819014828618561,3.914356541148106,4.009847658893857,4.105473849619835,4.201222120523431,4.2970806996514215,4.344964721100796,4.3930389265738015,4.489087151834156,4.585216644668371,4.681419508471396,4.777688603491424,4.874017476239156,4.970400295114772,5.066831791774817,5.16330720778401,5.194587414920699,5.25982224612187,5.356373027139892,5.452956048591444,5.549568149382569,5.646206476717568,5.742868456337825,5.839551765576036
18.0,0.0,0.12425035604169439,0.13688988014481718,0.15071428884137156,0.16581467335550498,0.18228536208758236,0.20022332674248838,0.21972745267994195,0.2408976705747657,0.2638339514897383,0.28863517348225626,0.3153978747037095,0.3442149152978262,0.37517407782648016,0.40835664290449103,0.44383598259156576,0.4816762182350994,0.5219309913018209,0.5646423948324576,0.6098401092635316,0.6449703120826545,0.6575407795116947,0.7077476607289435,0.7604505486124579,0.8156259974188738,0.8732378158566416,0.933237818807001,0.9955668022621255,1.060155700687828,1.1269268806777655,1.1957955224342436,1.266671041172122,1.339458503642406,1.4140600000851375,1.4903759384291049,1.5492821828034695,1.5683062348250585,1.64775138204425,1.7286133844045153,1.8107965543309164,1.894208171173191,1.9787590073627948,2.0643637303738895,2.1509411913088092,2.238414612366247,2.3267116861079495,2.415764599467593,2.446087265337482,2.5055099949926696,2.595888881013575,2.6868465014133673,2.7783321745259637,2.8702991094986063,2.962704207275595,3.0555078522368637,3.0568622948423165,3.1486736994849167,3.242168461833363,3.3359616997171657,3.4300256165196035,3.5243348611899736,3.6188663395022957,3.6968433431174272,3.7135990348700427,3.8085138392756037,3.9035933945860384,3.998821944299249,4.09418519558802,4.189670191375522,4.285265192077394,4.333017548785597,4.380959566576177,4.476743691948177,4.572608861435901,4.668547200147274,4.764551587962375,4.860615589136798,4.956733388105639,5.052899731011588,5.149109872503444,5.180304069730108,5.245359527376063,5.341644826648656,5.437962277704572,5.534308728141788,5.630681333008819,5.727077525125384,5.823494988210721
