tree
version=v4
num_class=1
num_tree_per_iteration=1
label_index=0
max_feature_idx=567
objective=binary sigmoid:1
feature_names=Column_0 Column_1 Column_2 Column_3 Column_4 Column_5 Column_6 Column_7 Column_8 Column_9 Column_10 Column_11 Column_12 Column_13 Column_14 Column_15 Column_16 Column_17 Column_18 Column_19 Column_20 Column_21 Column_22 Column_23 Column_24 Column_25 Column_26 Column_27 Column_28 Column_29 Column_30 Column_31 Column_32 Column_33 Column_34 Column_35 Column_36 Column_37 Column_38 Column_39 Column_40 Column_41 Column_42 Column_43 Column_44 Column_45 Column_46 Column_47 Column_48 Column_49 Column_50 Column_51 Column_52 Column_53 Column_54 Column_55 Column_56 Column_57 Column_58 Column_59 Column_60 Column_61 Column_62 Column_63 Column_64 Column_65 Column_66 Column_67 Column_68 Column_69 Column_70 Column_71 Column_72 Column_73 Column_74 Column_75 Column_76 Column_77 Column_78 Column_79 Column_80 Column_81 Column_82 Column_83 Column_84 Column_85 Column_86 Column_87 Column_88 Column_89 Column_90 Column_91 Column_92 Column_93 Column_94 Column_95 Column_96 Column_97 Column_98 Column_99 Column_100 Column_101 Column_102 Column_103 Column_104 Column_105 Column_106 Column_107 Column_108 Column_109 Column_110 Column_111 Column_112 Column_113 Column_114 Column_115 Column_116 Column_117 Column_118 Column_119 Column_120 Column_121 Column_122 Column_123 Column_124 Column_125 Column_126 Column_127 Column_128 Column_129 Column_130 Column_131 Column_132 Column_133 Column_134 Column_135 Column_136 Column_137 Column_138 Column_139 Column_140 Column_141 Column_142 Column_143 Column_144 Column_145 Column_146 Column_147 Column_148 Column_149 Column_150 Column_151 Column_152 Column_153 Column_154 Column_155 Column_156 Column_157 Column_158 Column_159 Column_160 Column_161 Column_162 Column_163 Column_164 Column_165 Column_166 Column_167 Column_168 Column_169 Column_170 Column_171 Column_172 Column_173 Column_174 Column_175 Column_176 Column_177 Column_178 Column_179 Column_180 Column_181 Column_182 Column_183 Column_184 Column_185 Column_186 Column_187 Column_188 Column_189 Column_190 Column_191 Column_192 Column_193 Column_194 Column_195 Column_196 Column_197 Column_198 Column_199 Column_200 Column_201 Column_202 Column_203 Column_204 Column_205 Column_206 Column_207 Column_208 Column_209 Column_210 Column_211 Column_212 Column_213 Column_214 Column_215 Column_216 Column_217 Column_218 Column_219 Column_220 Column_221 Column_222 Column_223 Column_224 Column_225 Column_226 Column_227 Column_228 Column_229 Column_230 Column_231 Column_232 Column_233 Column_234 Column_235 Column_236 Column_237 Column_238 Column_239 Column_240 Column_241 Column_242 Column_243 Column_244 Column_245 Column_246 Column_247 Column_248 Column_249 Column_250 Column_251 Column_252 Column_253 Column_254 Column_255 Column_256 Column_257 Column_258 Column_259 Column_260 Column_261 Column_262 Column_263 Column_264 Column_265 Column_266 Column_267 Column_268 Column_269 Column_270 Column_271 Column_272 Column_273 Column_274 Column_275 Column_276 Column_277 Column_278 Column_279 Column_280 Column_281 Column_282 Column_283 Column_284 Column_285 Column_286 Column_287 Column_288 Column_289 Column_290 Column_291 Column_292 Column_293 Column_294 Column_295 Column_296 Column_297 Column_298 Column_299 Column_300 Column_301 Column_302 Column_303 Column_304 Column_305 Column_306 Column_307 Column_308 Column_309 Column_310 Column_311 Column_312 Column_313 Column_314 Column_315 Column_316 Column_317 Column_318 Column_319 Column_320 Column_321 Column_322 Column_323 Column_324 Column_325 Column_326 Column_327 Column_328 Column_329 Column_330 Column_331 Column_332 Column_333 Column_334 Column_335 Column_336 Column_337 Column_338 Column_339 Column_340 Column_341 Column_342 Column_343 Column_344 Column_345 Column_346 Column_347 Column_348 Column_349 Column_350 Column_351 Column_352 Column_353 Column_354 Column_355 Column_356 Column_357 Column_358 Column_359 Column_360 Column_361 Column_362 Column_363 Column_364 Column_365 Column_366 Column_367 Column_368 Column_369 Column_370 Column_371 Column_372 Column_373 Column_374 Column_375 Column_376 Column_377 Column_378 Column_379 Column_380 Column_381 Column_382 Column_383 Column_384 Column_385 Column_386 Column_387 Column_388 Column_389 Column_390 Column_391 Column_392 Column_393 Column_394 Column_395 Column_396 Column_397 Column_398 Column_399 Column_400 Column_401 Column_402 Column_403 Column_404 Column_405 Column_406 Column_407 Column_408 Column_409 Column_410 Column_411 Column_412 Column_413 Column_414 Column_415 Column_416 Column_417 Column_418 Column_419 Column_420 Column_421 Column_422 Column_423 Column_424 Column_425 Column_426 Column_427 Column_428 Column_429 Column_430 Column_431 Column_432 Column_433 Column_434 Column_435 Column_436 Column_437 Column_438 Column_439 Column_440 Column_441 Column_442 Column_443 Column_444 Column_445 Column_446 Column_447 Column_448 Column_449 Column_450 Column_451 Column_452 Column_453 Column_454 Column_455 Column_456 Column_457 Column_458 Column_459 Column_460 Column_461 Column_462 Column_463 Column_464 Column_465 Column_466 Column_467 Column_468 Column_469 Column_470 Column_471 Column_472 Column_473 Column_474 Column_475 Column_476 Column_477 Column_478 Column_479 Column_480 Column_481 Column_482 Column_483 Column_484 Column_485 Column_486 Column_487 Column_488 Column_489 Column_490 Column_491 Column_492 Column_493 Column_494 Column_495 Column_496 Column_497 Column_498 Column_499 Column_500 Column_501 Column_502 Column_503 Column_504 Column_505 Column_506 Column_507 Column_508 Column_509 Column_510 Column_511 Column_512 Column_513 Column_514 Column_515 Column_516 Column_517 Column_518 Column_519 Column_520 Column_521 Column_522 Column_523 Column_524 Column_525 Column_526 Column_527 Column_528 Column_529 Column_530 Column_531 Column_532 Column_533 Column_534 Column_535 Column_536 Column_537 Column_538 Column_539 Column_540 Column_541 Column_542 Column_543 Column_544 Column_545 Column_546 Column_547 Column_548 Column_549 Column_550 Column_551 Column_552 Column_553 Column_554 Column_555 Column_556 Column_557 Column_558 Column_559 Column_560 Column_561 Column_562 Column_563 Column_564 Column_565 Column_566 Column_567
feature_infos=[2.0013689994812012:17.993154525756836] [-0.7776256799697876:0.99923950433731079] none none none [0:1] [0:1] [0:1] [0:1] [0:1] [0:1] [0:1] [0:1] [0:1] [0:1] [0:1] [0:1] [0:1] [0:1] [0:1] [0:1] [0:1] [0:1] [0:1] [0:1] [0:1] [0:1] [0:1] [0:1] [0:1] [0:1] [0:1] [0:1] [0:1] [0:1] [0:1] [0:1] [0:1] [0:1] [0:1] [0:1] [0:1] [0:1] [0:1] [0:1] [0:1] [0:1] [0:1] [0:1] [0:1] [0:1] [0:1] [0:1] [0:1] [0:1] [0:1] [0:1] [0:1] [0:1] [0:1] [0:1] [0:1] [0:1] [0:1] [0:1] [0:1] [0:1] [0:1] [0:1] [0:1] [0:1] [0:1] [0:1] [0:1] [0:1] [0:1] [0:1] [0:1] [0:1] [0:1] [0:1] [0:1] [0:1] [0:1] [0:1] [0:1] [0:1] [0:1] [0:1] [0:1] [0:1] [0:1] [0:1] [0:1] [0:1] [0:1] [0:1] [0:1] [0:1] [0:1] [0:1] [0:1] [0:1] [0:1] [0:1] [0:1] [0:1] [0:1] [0:1] none none none none [0:1] [0:1] none [0:1] none [0:1] none none [0:1] none none none none [0:1] [0:1] [0:1] [0:1] [0:1] none [0:1] [0:1] [0:1] [0:1] none [0:1] [0:1] [0:1] [0:1] [0:1] [0:1] [0:1] [0:1] [0:1] [0:1] [0:1] [0:1] [0:1] [0:1] [0:1] [0:1] [0:1] [0:1] [0:1] [0:1] none none none none none none none none none none [0:1] [0:1] none none none none none [0:1] [0:1] [0:1] [0:1] [0:1] [0:1] [0:1] [0:1] [0:1] [0:1] [0:1] [0:1] [0:1] [0:1] [0:1] [0:1] [0:1] [0:1] [0:1] [0:1] [0:1] [0:1] [0:1] [0:1] [0:1] [0:1] [0:1] [0:1] none none [0:1] [0:1] [0:1] none [0:1] [0:1] [0:1] [0:1] [0:1] none [0:1] none none [0:1] none [0:1] [0:1] [0:1] [0:1] [0:1] [0:1] [0:1] [0:1] [0:1] [0:1] [0:1] [0:1] [0:1] [0:1] [0:1] [0:1] [0:1] [0:1] [0:1] [0:1] [0:1] [0:1] [0:1] [0:1] [0:1] none none none none none none none none none none none none none none none none none [0:1] [0:1] [0:1] [0:1] [0:1] [0:1] [0:1] [0:1] [0:1] [0:1] none [0:1] [0:1] [0:1] [0:1] none [0:1] [0:1] none none none [0:1] [0:1] none none none none none [0:1] [0:1] [0:1] [0:1] [0:1] [0:1] [0:1] none none none [0:1] none [0:1] [0:1] [0:1] none [0:1] [0:1] [0:1] [0:1] none none [0:1] [0:1] none none none none [0:1] [0:1] none none none [0:1] none none [0:1] [0:1] none none [0:1] [0:1] none none none none none none none none none none none none none none none none none none none none none none none none none none none none none none none none none none none none none none none none none none none none none none none none none none none none none none none none none none none none none none none none none none none none none none none none none none none none none none none none none none none none none none none none none none none none none none none none none none none none none none none none none none none none none none none none none none none none none none none none none none none none none none none none none none none none none none none none none none none none none none none none none none none none none none none none none none none none none none none none none none none none none none none none none none none none none none none none none none none none none none none none none none none none none none none none none none none none none none none none none none none none none none none none none none none none none none none none none none none none none none none none none none none none none none none none none none none none none
tree_sizes=3397 3461 3453 3477 3484 3481 3445 3441 3481 3468 3469 3469 3472 3481 3471 3466 3506 3480 3463 3473 3487 3472 3504 3459 3484 3481 3463 3478 3484

Tree=0
num_leaves=31
num_cat=0
split_feature=5 8 0 8 0 1 0 0 83 19 12 80 99 0 13 0 14 61 67 65 18 21 93 61 14 15 1 10 15 134
split_gain=438.643 349.202 305.629 62.4389 21.6316 17.8005 17.4828 15.0406 7.23908 6.23931 4.7958 7.95239 8.03565 7.54635 6.68203 11.046 5.34996 7.64679 5.27722 4.92656 4.56528 4.47756 4.35084 5.80065 4.25224 4.53248 6.22125 4.11892 6.32204 4.31355
threshold=1.0000000180025095e-35 1.0000000180025095e-35 7.5879535675048837 1.0000000180025095e-35 5.0171115398406991 -0.011027454398572443 9.9780974388122576 6.566735267639161 1.0000000180025095e-35 1.0000000180025095e-35 1.0000000180025095e-35 1.0000000180025095e-35 1.0000000180025095e-35 17.166323661804203 1.0000000180025095e-35 12.412046909332277 1.0000000180025095e-35 1.0000000180025095e-35 1.0000000180025095e-35 1.0000000180025095e-35 1.0000000180025095e-35 1.0000000180025095e-35 1.0000000180025095e-35 1.0000000180025095e-35 1.0000000180025095e-35 1.0000000180025095e-35 -0.052095215767621987 1.0000000180025095e-35 1.0000000180025095e-35 1.0000000180025095e-35
decision_type=2 2 2 2 2 2 2 2 2 2 2 2 2 2 2 2 2 2 2 2 2 2 2 2 2 2 2 2 2 2
left_child=3 2 4 9 -2 -5 8 -3 24 20 11 12 13 19 16 -16 17 -12 -18 -8 -1 27 23 -9 25 26 -4 28 29 -6
right_child=1 7 6 5 21 -7 10 22 -10 -11 14 -13 -14 -15 15 -17 18 -19 -20 -21 -22 -23 -24 -25 -26 -27 -28 -29 -30 -31
leaf_value=-1.2324805698726828 -0.76771059407847186 -1.204405340211975 -0.78886564125255387 -1.2438861319223453 -0.92733504093744934 -1.1883883798805641 -1.0597143512843519 -1.1600792817202645 -1.0821515225295897 -1.221582515267853 -1.0372771800391143 -1.151234391889927 -0.97428050692748513 -1.1965810958803023 -1.0056611660117338 -1.1974638698309346 -0.92733504093744923 -1.1776611028302639 -1.0781128317054469 -0.94606520128129978 -1.1411072701038929 -0.95333121175951774 -1.0559748227434791 -1.1091427730869798 -1.0134937785191622 -0.99801213035994807 -0.94950824546215484 -0.80984585332602244 -0.96534624869408725 -0.79478313696558311
leaf_weight=5.5711121857166281 51.997047066688538 43.454675048589706 3.8997785300016456 106.96535396575928 3.7140747904777545 125.72143165767193 35.655117988586426 55.339714378118515 5.9425196647644034 10.399409413337706 8.9137794971466047 7.0567421019077292 14.484891682863234 3.7140747904777518 4.0854822695255271 11.327928110957144 4.6425934880971909 6.8710383623838434 4.6425934880971909 4.2711860090494147 295.45464958250523 5.3854084461927405 6.6853346228599539 37.512155383825302 9.2851869761943799 5.9425196647644034 6.3139271438121831 12.256446808576586 6.3139271438121787 7.2424458414316177
leaf_count=30 280 234 21 576 20 677 192 298 32 56 48 38 78 20 22 61 25 37 25 23 1591 29 36 202 50 32 34 66 34 39
internal_value=-1.11773 -1.03323 -0.955287 -1.17471 -0.808591 -1.2139 -1.04831 -1.15532 -0.982777 -1.14543 -1.06778 -1.05099 -1.03882 -1.06024 -1.09481 -1.14662 -1.06296 -1.09839 -1.00272 -1.04756 -1.1428 -0.869476 -1.13389 -1.1395 -0.959566 -0.928573 -0.888172 -0.854181 -0.885645 -0.839716
internal_weight=911.063 366.951 223.959 544.112 86.9094 232.687 137.049 142.992 31.3839 311.425 105.665 65.182 58.1253 43.6404 40.4834 15.4134 25.07 15.7848 9.28519 39.9263 301.026 34.9123 99.5372 92.8519 25.4414 16.1562 10.2137 29.5269 17.2704 10.9565
internal_count=4906 1976 1206 2930 468 1253 738 770 169 1677 569 351 313 235 218 83 135 85 50 215 1621 188 536 500 137 87 55 159 93 59
is_linear=0
shrinkage=1


Tree=1
num_leaves=31
num_cat=0
split_feature=5 8 0 8 0 1 0 72 15 19 0 108 53 54 74 87 57 16 10 12 65 104 18 81 0 15 10 53 1 6
split_gain=348.202 253.728 190.658 55.9927 17.5747 17.0164 13.1717 7.70603 7.39619 5.52433 5.50732 5.46518 4.61716 7.01992 4.99358 4.335 5.47946 5.96766 4.75383 4.24656 5.05588 4.206 4.05977 3.83576 6.40435 7.56535 3.66954 3.58289 3.7594 5.20235
threshold=1.0000000180025095e-35 1.0000000180025095e-35 8.2737851142883319 1.0000000180025095e-35 5.0171115398406991 -0.011027454398572443 6.566735267639161 1.0000000180025095e-35 1.0000000180025095e-35 1.0000000180025095e-35 7.4620122909545907 1.0000000180025095e-35 1.0000000180025095e-35 1.0000000180025095e-35 1.0000000180025095e-35 1.0000000180025095e-35 1.0000000180025095e-35 1.0000000180025095e-35 1.0000000180025095e-35 1.0000000180025095e-35 1.0000000180025095e-35 1.0000000180025095e-35 1.0000000180025095e-35 1.0000000180025095e-35 10.658453464508058 1.0000000180025095e-35 1.0000000180025095e-35 1.0000000180025095e-35 0.11171952262520791 1.0000000180025095e-35
decision_type=2 2 2 2 2 2 2 2 2 2 2 2 2 2 2 2 2 2 2 2 2 2 2 2 2 2 2 2 2 2
left_child=3 2 4 9 -2 -5 26 11 -6 22 -10 21 13 -9 -14 16 17 -8 -19 -7 23 27 -1 -21 -25 -26 -3 28 29 -4
right_child=1 6 7 5 8 19 15 12 10 -11 -12 -13 14 -15 -16 -17 -18 18 -20 20 -22 -23 -24 24 25 -27 -28 -29 -30 -31
leaf_value=-0.11008585611823063 0.26764410613658185 -0.1038661580866517 0.14329257803096854 -0.12182942644046008 0.21789180802688946 -0.080521314456588278 -0.081186482403354077 -0.011139985338136614 0.1718619711575681 -0.099008574502730401 0.051893232974588956 0.16242420018407502 0.038771853533397488 0.10845447173658501 -0.026880243578755954 -0.097990423939087856 0.006583278088267976 0.065232857010861997 -0.076964698253564473 -0.074606196699572164 0.063841849352326854 -0.031952680720577581 -0.021308398968229354 0.098067442873928698 -0.11537254880873733 0.065056305896641742 -0.041733541906423574 0.16745119227351335 0.043483966669196635 0.036667607177261093
leaf_weight=5.2435679733753195 60.620471239089966 26.798489555716515 11.778840258717539 100.04637050628662 30.507049724459648 76.076256111264229 17.864884182810783 7.3393831849098214 13.751999393105509 9.8464728593826276 5.3017438799142829 7.0274381041526786 30.532088965177536 14.815885558724403 18.66985185444355 5.8769052773714057 64.724198460578918 6.5948141217231768 3.6535071432590485 26.850443333387375 4.1170679777860633 3.8593008071184149 291.94279724359512 3.9380650222301474 6.623109355568884 3.5800591111183167 14.730295583605765 3.9775779694318762 25.798974141478539 7.4830290526151648
leaf_count=30 280 151 60 576 146 425 98 39 67 56 27 36 160 78 99 32 350 36 20 150 23 20 1591 22 37 20 83 21 135 38
internal_value=-0.000369596 0.0724021 0.134537 -0.0529521 0.231532 -0.091306 -0.0345783 0.0531315 0.187362 -0.0253164 0.13848 0.0795694 0.0309292 0.0688364 0.0138599 -0.0147006 -0.00942812 -0.0462907 0.0145397 -0.0661068 -0.0417966 0.0685622 -0.0228748 -0.0524066 -0.0102554 -0.0520642 -0.0818277 0.0764726 0.0684418 0.10187
internal_weight=909.971 381.707 241.464 528.264 110.181 221.231 140.243 131.282 49.5608 307.033 19.0537 59.9252 71.3572 22.1553 49.2019 98.7143 92.8374 28.1132 10.2483 121.185 45.1087 52.8977 297.186 40.9917 14.1412 10.2032 41.5288 49.0384 45.0608 19.2619
internal_count=4906 1976 1206 2930 520 1253 770 686 240 1677 94 310 376 117 259 536 504 154 56 677 252 274 1621 229 79 57 234 254 233 98
is_linear=0
shrinkage=0.1


Tree=2
num_leaves=31
num_cat=0
split_feature=5 8 0 8 1 0 1 72 15 19 1 0 87 57 16 67 99 81 67 0 108 21 9 0 65 0 16 18 11 16
split_gain=280.561 191.905 133.94 50.3116 16.3602 12.0594 11.5834 5.76082 4.96462 4.89475 4.00833 6.27537 3.96708 4.98896 4.70304 4.57049 4.15582 4.42767 4.99582 3.85759 3.83024 3.8286 5.11805 3.71576 3.71393 3.62483 4.32782 3.61682 3.56983 4.72923
threshold=1.0000000180025095e-35 1.0000000180025095e-35 8.2737851142883319 1.0000000180025095e-35 -0.011027454398572443 5.0171115398406991 -0.20009126514196393 1.0000000180025095e-35 1.0000000180025095e-35 1.0000000180025095e-35 0.89459273219108593 14.054756641387941 1.0000000180025095e-35 1.0000000180025095e-35 1.0000000180025095e-35 1.0000000180025095e-35 1.0000000180025095e-35 1.0000000180025095e-35 1.0000000180025095e-35 7.4620122909545907 1.0000000180025095e-35 1.0000000180025095e-35 1.0000000180025095e-35 14.405201911926271 1.0000000180025095e-35 16.379192352294925 1.0000000180025095e-35 1.0000000180025095e-35 1.0000000180025095e-35 1.0000000180025095e-35
decision_type=2 2 2 2 2 2 2 2 2 2 2 2 2 2 2 2 2 2 2 2 2 2 2 2 2 2 2 2 2 2
left_child=3 2 5 9 -5 -2 -3 20 -7 27 11 -9 13 14 -8 -16 17 -15 -19 -10 -4 -6 -23 -13 25 26 -25 -1 29 -18
right_child=1 6 7 4 21 8 12 10 19 -11 -12 23 -14 16 15 -17 28 18 -20 -21 -22 22 -24 24 -26 -27 -28 -29 -30 -31
leaf_value=-0.10581734434657718 0.22081012953373158 -0.073116250974991345 0.059633766330134813 -0.11801701769514544 -0.068161502326835807 0.18063545948906712 -0.077645149402761765 -0.0023431221429756166 0.14421378763550977 -0.094487325667994337 -0.032118320270472081 0.13544418206795744 -0.093178633270460928 0.055126623417597678 -0.061570156930918087 0.082013620396239773 0.051255967394704255 -0.064362204114425101 0.04317278253020454 0.04555925415238609 0.13566739182986276 -0.05600225595268904 0.077997856049382502 -0.03238557764385052 0.11817539570753646 0.093592676781192707 0.064974537807413676 -0.01940295046123245 -0.081123148424371461 -0.072332726996354527
leaf_weight=4.9260824918746939 65.79996645450592 45.47022733092308 54.57400980591774 93.298627853393555 104.2679550498724 32.966267853975296 15.540313765406609 24.864855289459229 14.692447870969774 9.3137553930282575 9.798829570412634 5.8739348798990241 5.578031823039054 23.953872129321098 4.2368340641260147 4.6501035690307617 8.157234340906145 8.7524208873510361 8.5313471555709839 5.4277456998825064 7.5409209430217734 8.2760248482227308 4.3477085232734671 10.716505423188218 6.2251973897218695 6.9726804643869391 7.9547733366489402 288.72790814936161 7.7778741568326941 4.9904499799013129
leaf_count=30 280 266 274 576 604 146 89 130 67 56 52 30 32 129 23 25 44 47 46 27 36 48 25 56 31 36 41 1591 42 27
internal_value=-0.000570733 0.0632396 0.114868 -0.0491968 -0.0867892 0.192203 -0.0318139 0.0465217 0.156745 -0.0231162 0.0273546 0.0366628 -0.0114379 -0.00617227 -0.0444635 0.0135603 0.00887441 0.0272929 -0.0112824 0.1176 0.0688645 -0.0618643 -0.00985161 0.0623596 0.0488891 0.0320695 0.00909405 -0.0208526 -0.0274225 0.00434556
internal_weight=904.205 391.047 253.408 513.158 210.19 118.886 137.639 134.522 53.0865 302.968 72.4068 62.6079 92.1685 86.5905 24.4273 8.88694 62.1632 41.2376 17.2838 20.1202 62.1149 116.892 12.6237 37.7431 31.8692 25.644 18.6713 293.654 20.9256 13.1477
internal_count=4906 1976 1206 2930 1253 520 770 686 240 1677 376 324 504 472 137 48 335 222 93 94 310 677 73 194 164 133 97 1621 113 71
is_linear=0
shrinkage=0.1


Tree=3
num_leaves=31
num_cat=0
split_feature=5 8 0 8 1 0 0 53 72 19 63 104 81 15 0 12 65 74 40 15 177 263 10 81 0 15 113 15 71 87
split_gain=227.95 148.842 100.623 45.1582 15.8393 10.1813 9.42733 4.68488 4.5277 4.33597 4.06651 4.40829 4.20267 4.56998 8.63193 3.93251 4.25109 3.7968 3.71208 3.64968 3.62853 3.73073 3.5592 3.48818 5.16595 6.77393 3.41975 4.16482 3.33035 3.27897
threshold=1.0000000180025095e-35 1.0000000180025095e-35 8.2737851142883319 1.0000000180025095e-35 -0.011027454398572443 6.566735267639161 5.0171115398406991 1.0000000180025095e-35 1.0000000180025095e-35 1.0000000180025095e-35 1.0000000180025095e-35 1.0000000180025095e-35 1.0000000180025095e-35 1.0000000180025095e-35 13.474332809448244 1.0000000180025095e-35 1.0000000180025095e-35 1.0000000180025095e-35 1.0000000180025095e-35 1.0000000180025095e-35 1.0000000180025095e-35 1.0000000180025095e-35 1.0000000180025095e-35 1.0000000180025095e-35 10.658453464508058 1.0000000180025095e-35 1.0000000180025095e-35 1.0000000180025095e-35 1.0000000180025095e-35 1.0000000180025095e-35
decision_type=2 2 2 2 2 2 2 2 2 2 2 2 2 2 2 2 2 2 2 2 2 2 2 2 2 2 2 2 2 2
left_child=3 2 6 9 -5 22 -2 10 -9 20 11 12 13 -4 18 -6 23 -10 -15 -8 21 26 -3 -17 -25 -26 -1 -28 -14 -7
right_child=1 5 7 4 15 29 19 8 17 -11 -12 -13 28 14 -16 16 -18 -19 -20 -21 -22 -23 -24 24 25 -27 27 -29 -30 -31
leaf_value=-0.016067384210565906 0.18997309089007253 -0.096234519326062723 0.10021735604139764 -0.11461418306603753 -0.072336296761160157 -0.0076984085429839663 0.1544888303721676 0.10725375345577817 0.030401210696975541 -0.090220743316953067 0.14016941578014278 -0.047127610132732319 0.042872283285153245 0.12515245725835816 -0.089057314012108479 -0.066419349878974715 0.062471054764630697 -0.026551671377677763 0.0051416879442994284 0.10157177402571223 -0.096599006942888588 0.081404852884711859 -0.032632731395844015 0.091562005955513753 -0.10863792250541965 0.065392721865252315 -0.10840396282851128 -0.0020275825004697503 -0.04448215920414364 -0.08865436816321362
leaf_weight=265.52022479474545 68.652822971343994 24.231137841939926 27.723986431956291 86.797142028808594 70.244711920619011 91.804883003234863 34.591871038079262 5.2048858702182761 31.541791439056396 8.8054251670837385 5.3809572309255591 4.3841418474912635 23.882548302412037 6.7078056186437589 4.2453215718269339 24.904954552650452 4.1385778933763495 18.612727448344231 4.1856285333633423 20.913350790739059 5.9021950662136069 3.7722167819738379 13.814985871315001 4.0279656052589408 5.973409175872801 3.5752931982278824 8.9814685285091382 6.2358796447515479 5.3402368724346152 5.291475147008895
leaf_count=1482 280 151 135 576 425 504 146 25 160 56 27 22 116 32 22 150 23 99 21 94 33 21 83 22 37 20 50 35 27 32
internal_value=-0.000682577 0.0559133 0.0999692 -0.0456651 -0.0824963 -0.0292917 0.165196 0.0409468 0.0184784 -0.0210883 0.0561432 0.0502305 0.0561517 0.0760886 0.0319011 -0.0577966 -0.0338328 0.00926556 0.0790402 0.134551 -0.0189922 -0.0173822 -0.07314 -0.04419 -0.00341262 -0.0434761 -0.0187096 -0.0648122 0.0269089 -0.0121103
internal_weight=895.39 396.511 261.368 498.879 199.662 135.142 124.158 137.21 55.3594 299.217 81.8506 76.4697 72.0855 42.8627 15.1388 112.865 42.6202 50.1545 10.8934 55.5052 290.412 284.51 38.0461 38.4816 13.5767 9.5487 280.738 15.2173 29.2228 97.0964
internal_count=4906 1976 1206 2930 1253 770 520 686 284 1677 402 375 353 210 75 677 252 259 53 240 1621 1588 234 229 79 57 1567 85 143 536
is_linear=0
shrinkage=0.1


Tree=4
num_leaves=31
num_cat=0
split_feature=5 8 0 8 1 130 0 0 14 19 57 12 65 93 61 94 10 78 60 67 12 73 0 67 80 99 18 13 14 177
split_gain=186.309 117.217 79.6217 40.5411 15.3328 8.91413 6.00305 5.1585 4.34972 3.83638 3.60715 3.49748 3.48993 3.34075 4.2513 4.19887 3.41603 3.32221 3.80226 4.32869 4.29685 4.30721 6.87742 3.69841 3.38928 3.39055 3.27069 3.15159 6.11708 3.14606
threshold=1.0000000180025095e-35 1.0000000180025095e-35 7.5879535675048837 1.0000000180025095e-35 -0.011027454398572443 1.0000000180025095e-35 3.5961669683456425 9.9780974388122576 1.0000000180025095e-35 1.0000000180025095e-35 1.0000000180025095e-35 1.0000000180025095e-35 1.0000000180025095e-35 1.0000000180025095e-35 1.0000000180025095e-35 1.0000000180025095e-35 1.0000000180025095e-35 1.0000000180025095e-35 1.0000000180025095e-35 1.0000000180025095e-35 1.0000000180025095e-35 1.0000000180025095e-35 14.800821304321291 1.0000000180025095e-35 1.0000000180025095e-35 1.0000000180025095e-35 1.0000000180025095e-35 1.0000000180025095e-35 1.0000000180025095e-35 1.0000000180025095e-35
decision_type=2 2 2 2 2 2 2 2 2 2 2 2 2 2 2 2 2 2 2 2 2 2 2 2 2 2 2 2 2 2
left_child=3 2 6 9 -5 13 -2 8 -4 26 -10 -6 -13 14 15 16 -3 18 19 -9 24 22 23 -22 25 -20 -1 28 -23 -28
right_child=1 5 7 4 11 -7 -8 17 10 -11 -12 12 -14 -15 -16 -17 -18 -19 20 -21 21 27 -24 -25 -26 -27 29 -29 -30 -31
leaf_value=-0.10120755995239042 0.18593480344061039 -0.023124107482157756 0.09993934746514524 -0.1115373685813037 -0.068118337021097625 -0.075811072233966381 0.13595299973704658 -0.054668998660088244 0.10099232747374937 -0.086155161863429655 -0.0048505832636672524 -0.041038485283736631 0.054335878556924559 0.054198951279907363 0.0073647958810489555 0.053083610983473639 -0.075351990521691781 0.1163429102644512 0.044603656947593037 0.025648211652717343 0.063249224339761226 -0.045915591251558141 0.15272523706615876 -0.067687629182245398 -0.020877429477644135 0.10235875746448289 -0.014457340178538529 -0.083450068043581474 0.10655839797075679 -0.091163824676235641
leaf_weight=4.5707557797431937 34.181833639740944 32.033266544342041 22.81136080622673 80.592338562011719 67.291784435510635 29.081888899207115 80.906785637140274 10.843577474355699 4.8010007888078663 8.3241024017333967 9.7770442217588425 37.452609077095985 4.2745538949966422 6.8736843019723883 39.385862916707993 4.9177295565605155 20.561738908290863 4.2760048210620871 29.885264873504639 17.604114100337029 4.4348259568214434 7.7394064515829104 4.438285380601882 4.2003590613603592 5.2159933894872657 15.403672784566877 277.4475309997797 5.9469015896320334 3.9864942282438278 5.451976776123046
leaf_count=30 137 185 102 576 425 187 331 55 22 56 45 229 23 36 215 28 119 21 149 88 22 40 22 21 27 73 1559 32 19 32
internal_value=-0.000746258 0.0498496 0.0881074 -0.0423677 -0.0784637 -0.0268804 0.150798 0.0404413 0.0726728 -0.0192294 0.0300068 -0.0540139 -0.0312683 -0.0131677 -0.0179465 -0.0352801 -0.0435423 0.0298678 0.026497 -0.00496678 0.0375131 0.0080397 0.0515567 -0.000441571 0.0554559 0.0642473 -0.0172914 -0.024152 0.00592151 -0.0159356
internal_weight=884.713 399.307 266.453 485.406 189.611 132.854 115.089 151.364 37.3894 295.794 14.578 109.019 41.7272 103.772 96.8986 57.5127 52.595 113.975 109.699 28.4477 81.2512 30.7463 13.0735 8.63519 50.5049 45.2889 287.47 17.6728 11.7259 282.9
internal_count=4906 1976 1206 2930 1253 770 468 738 169 1677 67 677 252 583 547 332 304 569 548 143 405 156 65 43 249 222 1621 91 59 1591
is_linear=0
shrinkage=0.1


Tree=5
num_leaves=31
num_cat=0
split_feature=5 8 0 8 1 1 0 53 15 10 1 108 36 21 21 9 72 19 1 0 18 99 26 177 263 113 15 10 57 87
split_gain=152.696 93.3437 64.5572 36.2842 14.8979 7.943 4.84082 4.72397 3.85751 5.6201 3.72276 4.66335 4.2919 3.56602 3.52196 4.22617 3.41334 3.3896 2.99218 4.65344 2.91005 2.87947 2.78693 2.75173 2.8735 2.90894 4.1269 2.7416 2.71517 4.41358
threshold=1.0000000180025095e-35 1.0000000180025095e-35 7.4620122909545907 1.0000000180025095e-35 -0.011027454398572443 -0.39082820713520044 3.5961669683456425 1.0000000180025095e-35 1.0000000180025095e-35 1.0000000180025095e-35 -0.065480265766382204 1.0000000180025095e-35 1.0000000180025095e-35 1.0000000180025095e-35 1.0000000180025095e-35 1.0000000180025095e-35 1.0000000180025095e-35 1.0000000180025095e-35 0.89459273219108593 14.054756641387941 1.0000000180025095e-35 1.0000000180025095e-35 1.0000000180025095e-35 1.0000000180025095e-35 1.0000000180025095e-35 1.0000000180025095e-35 1.0000000180025095e-35 1.0000000180025095e-35 1.0000000180025095e-35 1.0000000180025095e-35
decision_type=2 2 2 2 2 2 2 2 2 2 2 2 2 2 2 2 2 2 2 2 2 2 2 2 2 2 2 2 2 2
left_child=3 2 6 17 -5 27 -2 8 10 -10 12 13 -4 -12 -6 -16 -9 20 19 22 -1 -21 -18 24 25 -22 -27 -3 -7 -30
right_child=1 5 7 4 14 28 -8 16 9 -11 11 -13 -14 -15 15 -17 18 -19 -20 21 23 -23 -24 -25 -26 26 -28 -29 29 -31
leaf_value=-0.097521574844453826 0.16737497563755033 -0.097684398466560698 0.17749886117430339 -0.10871985680100578 -0.056838977376144566 -0.036988621629767425 0.1223055748738669 0.088635612150112231 0.056189126032813508 -0.023470144977992848 0.027841786838971472 0.12644358270112874 0.051786656598723925 0.099638635744189408 -0.044225309864746563 0.08012718069892584 0.007098011338985937 -0.082249449076547534 -0.058063759009434196 0.02436924660242332 -0.011905804833203713 0.10696154005107056 -0.076119142208032828 -0.086746846238861142 0.072047401815883927 -0.10329486241858421 0.0059796188134568825 -0.030954004254358687 0.0044202210902157908 -0.10070124548615184
leaf_weight=4.2840836495161048 34.170138120651245 16.934219598770142 5.7302687317132932 74.715846061706543 93.682084128260612 31.021453261375427 78.767680108547211 5.4707090556621543 21.924211770296097 14.859445706009863 36.429389536380768 7.5428290814161292 5.1624499261379242 8.5395150780677778 7.4904142022132856 4.3030070960521698 9.7973515093326586 7.8712323904037467 6.4633028656244269 22.594347774982456 257.11930811405182 5.1909813731908789 6.8298452943563452 5.1713685989379874 3.9054271280765525 8.3924040198326093 5.8758642822504035 9.6740521788597125 68.840519353747368 4.2399999797344199
leaf_count=30 137 117 24 576 604 187 318 25 105 71 172 34 21 40 48 25 51 56 34 113 1455 25 36 32 21 50 33 62 377 27
internal_value=-0.000777773 0.0446815 0.078318 -0.0392541 -0.0745561 -0.0246636 0.135942 0.0367433 0.0497712 0.0240093 0.0647167 0.0536807 0.117919 0.0414759 -0.0503555 0.00114657 0.0135788 -0.0175155 0.00550789 0.0147594 -0.0157261 0.0397995 -0.0270846 -0.0144767 -0.0131191 -0.0143447 -0.0582942 -0.073423 -0.0122008 -0.00167874
internal_weight=872.994 400.183 269.472 472.811 180.191 130.71 112.938 156.535 100.188 36.7837 63.4045 52.5117 10.8927 44.9689 105.476 11.7934 56.3465 292.62 50.8758 44.4125 284.748 27.7853 16.6272 280.464 275.293 271.388 14.2683 26.6083 104.102 73.0805
internal_count=4906 1976 1206 2930 1253 770 455 751 467 176 291 246 45 212 677 73 284 1677 259 225 1621 138 87 1591 1559 1538 83 179 591 404
is_linear=0
shrinkage=0.1


Tree=6
num_leaves=31
num_cat=0
split_feature=5 8 1 8 1 1 0 83 0 63 0 0 67 82 49 7 19 23 0 1 14 73 86 13 0 13 11 61 6 81
split_gain=125.5 74.9767 53.4683 32.3695 14.4782 7.0195 4.38647 4.0921 4.05384 3.527 4.44953 6.31767 10.8298 4.77184 3.65716 3.48179 2.98772 2.8206 3.95118 3.20597 3.27361 4.80799 5.03703 4.55746 4.54195 5.26262 3.82896 3.27585 3.9416 2.94258
threshold=1.0000000180025095e-35 1.0000000180025095e-35 -0.19324663281440732 1.0000000180025095e-35 -0.011027454398572443 -0.20009126514196393 9.9780974388122576 1.0000000180025095e-35 3.5961669683456425 1.0000000180025095e-35 11.998631000518801 12.699520587921144 1.0000000180025095e-35 1.0000000180025095e-35 1.0000000180025095e-35 1.0000000180025095e-35 1.0000000180025095e-35 1.0000000180025095e-35 14.800821304321291 0.89459273219108593 1.0000000180025095e-35 1.0000000180025095e-35 1.0000000180025095e-35 1.0000000180025095e-35 11.998631000518801 1.0000000180025095e-35 1.0000000180025095e-35 1.0000000180025095e-35 1.0000000180025095e-35 1.0000000180025095e-35
decision_type=2 2 2 2 2 2 2 2 2 2 2 2 2 2 2 2 2 2 2 2 2 2 2 2 2 2 2 2 2 2
left_child=3 2 8 16 -5 -3 7 15 -2 10 -6 12 -12 14 -13 -4 -1 18 -8 20 21 22 -19 27 -23 26 -26 28 -22 -25
right_child=1 5 6 4 9 -7 17 -9 -10 -11 11 13 -14 -15 -16 -17 -18 19 -20 -21 23 24 -24 29 25 -27 -28 -29 -30 -31
leaf_value=-0.014303629381365607 0.15302821333067751 -0.058024205477805249 0.053370994913626416 -0.10610741689107675 -0.069427952147246869 -0.007207059049569399 -0.077625085203168534 -0.0047221023298740965 0.11130058194271771 -0.12252523946081806 -0.063193580539946448 -0.06110905912439632 0.18672445771100532 0.064251466415344696 0.00482598342493969 0.11936888846422562 -0.078472452754817359 0.062955230422047412 0.03847997522931848 -0.023479247285194363 0.013170001455180181 -0.084695017459973765 -0.038142578500350501 -0.015926093280254974 -0.098959072721001018 0.076129483760195182 0.026638983022125574 0.13174855871376157 0.13043255192237044 0.07474791171811565
leaf_weight=282.21730108559132 33.659975454211235 38.999848186969757 25.621177434921265 69.185028076171875 37.170826807618141 89.705718219280243 6.2418809086084348 8.0358649343252164 75.512033239006996 5.8115932494401923 3.3970559984445563 37.157328471541405 3.5415974408388138 4.2598060816526404 10.874053820967672 11.618476361036299 7.4473725557327262 26.486280873417854 5.5259228348731995 10.645000413060187 8.3145352005958539 6.7129277139902142 6.0548448413610449 10.146918937563894 4.8393305540084857 7.3660031855106345 4.8697667419910431 9.290494367480278 4.3747547864913949 5.5292971134185782
leaf_count=1621 137 266 110 576 246 504 31 36 304 39 23 247 23 28 71 50 56 126 27 56 40 32 31 49 24 37 25 43 21 27
internal_value=-0.000786494 0.040235 0.0700967 -0.0363352 -0.0707809 -0.0226055 0.0335857 0.0599964 0.124166 -0.0468692 -0.0423082 -0.0252886 0.0643685 -0.0371855 -0.0461817 0.0739618 -0.0159534 0.0233127 -0.0231045 0.0285333 0.0344243 0.019165 0.0441442 0.0572505 -0.0150055 0.0123923 -0.0359632 0.0866306 0.0535974 0.0160563
internal_weight=860.613 399.551 270.845 461.062 171.397 128.706 161.673 45.2755 109.172 102.212 96.4007 59.2298 6.93865 52.2912 48.0314 37.2397 289.665 116.398 11.7678 104.63 93.9852 56.3292 32.5411 37.656 23.788 17.0751 9.7091 21.9798 12.6893 15.6762
internal_count=4906 1976 1206 2930 1253 770 765 196 441 677 638 392 46 346 318 160 1677 569 58 511 455 275 157 180 118 86 49 104 61 76
is_linear=0
shrinkage=0.1


Tree=7
num_leaves=31
num_cat=0
split_feature=5 8 1 8 1 1 0 53 104 63 0 0 67 82 13 9 0 113 0 81 41 1 39 9 0 1 72 12 0 81
split_gain=103.272 60.5149 44.9608 28.8636 14.0193 6.30801 4.1628 3.66523 3.5293 3.30332 3.92864 5.06283 7.80752 3.91505 3.24571 3.31719 3.20479 3.06491 3.84705 3.36184 5.08915 2.9827 4.37979 3.02541 3.76482 3.05758 2.88152 2.78319 3.5175 5.91206
threshold=1.0000000180025095e-35 1.0000000180025095e-35 -0.19324663281440732 1.0000000180025095e-35 -0.011027454398572443 -0.39082820713520044 5.0171115398406991 1.0000000180025095e-35 1.0000000180025095e-35 1.0000000180025095e-35 11.998631000518801 12.699520587921144 1.0000000180025095e-35 1.0000000180025095e-35 1.0000000180025095e-35 1.0000000180025095e-35 14.752909183502199 1.0000000180025095e-35 16.661190986633304 1.0000000180025095e-35 1.0000000180025095e-35 -0.019545212388038632 1.0000000180025095e-35 1.0000000180025095e-35 11.623545169830324 0.099551297724246993 1.0000000180025095e-35 1.0000000180025095e-35 10.658453464508058 1.0000000180025095e-35
decision_type=2 2 2 2 2 2 2 2 2 2 2 2 2 2 2 2 2 2 2 2 2 2 2 2 2 2 2 2 2 2
left_child=3 2 6 -1 -5 -3 -2 8 17 10 27 12 -12 16 15 -8 -13 18 19 20 -4 22 -21 24 25 -23 -9 -6 29 -29
right_child=1 5 7 4 9 -7 14 26 -10 -11 11 13 -14 -15 -16 -17 -18 -19 -20 21 -22 23 -24 -25 -26 -27 -28 28 -30 -31
leaf_value=-0.014499786615308397 0.12815328298587114 -0.066356213409450637 0.077312938018301178 -0.10365538512738248 -0.087948484272052235 -0.0097872751857719324 0.13912125874653331 0.077428051199442682 -0.033238401103841179 -0.11993674030092619 -0.059383492347261715 -0.074382016494877967 0.14967337574217199 0.055479343296179734 0.048572029843056988 0.06716502411146924 -0.021074010509728836 0.11007989462599983 -0.037485933084296374 0.12187238393363134 -0.002803373286352071 0.051045941205472879 0.0011234051532148126 -0.044431284651087893 0.096614196856113693 -0.063635823198734162 0.0020077345498479612 -0.071691815646049636 -0.088197619227466675 0.10101258127234675
leaf_weight=287.05068299174309 67.85982608795166 24.404647678136826 41.959525465965271 64.006484985351562 21.60237455368042 102.52144379913807 14.953675299882889 5.6190771758556357 6.0600294917821875 5.3661678135395041 3.2607788145542136 19.090195447206497 3.9509643316268921 4.4301577508449546 13.954242974519728 11.209059998393059 27.556754916906357 6.8171504288911811 5.9065020978450766 6.1362846195697767 9.7760070264339429 4.453131824731825 5.8846052438020706 8.9024009704589844 5.3199164569377908 4.8642722517251968 51.4440678358078 4.0366889089345914 6.0351513177156448 3.8943858742713928
leaf_count=1677 280 179 184 576 154 591 60 25 29 39 23 132 23 28 56 45 186 31 30 26 46 20 25 42 25 23 259 28 42 22
internal_value=-0.000787305 0.0363222 0.0630006 -0.0335919 -0.0671666 -0.020664 0.113056 0.0298709 0.0408642 -0.0436287 -0.0392659 -0.023284 0.0551486 -0.0343582 0.0875195 0.108293 -0.0428902 0.0453539 0.0406196 0.0459043 0.0621741 0.0222342 0.0627619 0.00153811 0.0294966 -0.00882517 0.00943446 -0.0654565 -0.030667 0.013111
internal_weight=848.327 398.046 271.12 450.281 163.23 126.926 107.977 163.143 106.08 99.2236 93.8575 58.2889 7.21174 51.0771 40.117 26.1627 46.647 100.02 93.2026 87.2961 51.7355 35.5606 12.0209 23.5397 14.6373 9.3174 57.0631 35.5686 13.9662 7.93107
internal_count=4906 1976 1206 2930 1253 770 441 765 481 677 638 392 46 346 161 105 318 452 421 391 230 161 51 110 68 43 284 246 92 50
is_linear=0
shrinkage=0.1


Tree=8
num_leaves=31
num_cat=0
split_feature=5 8 0 8 1 130 0 36 10 63 64 21 68 9 7 26 0 13 74 26 67 16 19 18 99 0 64 70 40 11
split_gain=85.1166 49.1173 38.5714 25.7265 13.4977 5.55438 4.60674 3.43704 3.43172 3.09324 3.80513 3.60868 4.07232 3.42819 3.81389 6.37437 3.04853 5.07834 4.73257 8.85327 5.93578 4.15425 2.6585 2.64148 2.64024 6.36067 4.28741 2.79087 4.10682 5.80921
threshold=1.0000000180025095e-35 1.0000000180025095e-35 6.4298424720764169 1.0000000180025095e-35 -0.011027454398572443 1.0000000180025095e-35 8.2737851142883319 1.0000000180025095e-35 1.0000000180025095e-35 1.0000000180025095e-35 1.0000000180025095e-35 1.0000000180025095e-35 1.0000000180025095e-35 1.0000000180025095e-35 1.0000000180025095e-35 1.0000000180025095e-35 15.368925571441652 1.0000000180025095e-35 1.0000000180025095e-35 1.0000000180025095e-35 1.0000000180025095e-35 1.0000000180025095e-35 1.0000000180025095e-35 1.0000000180025095e-35 1.0000000180025095e-35 14.97056818008423 1.0000000180025095e-35 1.0000000180025095e-35 1.0000000180025095e-35 1.0000000180025095e-35
decision_type=2 2 2 2 2 2 2 2 2 2 2 2 2 2 2 2 2 2 2 2 2 2 2 2 2 2 2 2 2 2
left_child=3 2 -2 22 -5 -3 7 -4 -7 10 11 13 -13 16 -15 -16 17 18 19 20 -6 -18 23 -1 26 -26 27 -25 29 -29
right_child=1 5 6 4 9 8 -8 -9 -10 -11 -12 12 -14 14 15 -17 21 -19 -20 -21 -22 -23 -24 24 25 -27 -28 28 -30 -31
leaf_value=-0.092976698049428569 0.10958167771004884 -0.0084786264343894753 0.1144932626607796 -0.10132646244890518 0.2133710442497333 -0.090913121845571737 0.022092746330796831 0.043213516900727021 -0.013941509041051334 -0.11769075851408017 0.051786981484961817 -0.029579394045878976 0.10138715529156822 -0.10457150633605963 -0.10263679421643612 0.050556199872560485 -0.028668899232227499 -0.092366402936452791 -0.064181359386552492 -0.063930314504285463 0.012861102266998754 0.1028360581288783 -0.074113556666946731 -0.008432374791462716 -0.059304606089517077 0.026644842020258842 -0.055496349760969149 0.078313139003185761 -0.022966865916546689 -0.010545398711245824
leaf_weight=3.935259409248828 91.726246908307076 100.75964958965778 9.4080259054899198 59.178826332092285 2.9679314941167831 15.173439487814903 145.15547297894955 24.077378943562508 9.3687004297971725 4.9433874189853659 4.6365831196308127 7.3491348475217801 3.507292315363884 17.856458336114883 5.6875858753919619 5.1990798264741898 7.4328791797161085 14.409190267324446 10.477926284074783 5.3540516644716263 2.9378480315208435 3.5492672026157379 6.980566978454589 170.76073969900608 28.993669509887695 12.24737575650215 16.477004677057266 17.437979459762573 15.167526558041571 12.7269853502512
leaf_count=30 383 583 39 576 20 121 686 98 66 39 33 48 22 126 41 36 50 105 74 39 20 24 56 991 169 71 96 102 88 74
internal_value=-0.000773765 0.0328852 0.0568709 -0.0310267 -0.06374 -0.0188695 0.0298056 0.0632402 -0.06153 -0.0406443 -0.0364756 -0.0411942 0.0127308 -0.0489103 -0.076129 -0.0294773 -0.0323101 -0.0463288 -0.0158121 0.0291983 0.113627 0.0138316 -0.0131622 -0.0116303 -0.0104612 -0.0337802 -0.00632614 -0.00257693 0.0194797 0.0408226
internal_weight=835.883 395.669 270.367 440.215 155.487 125.302 178.641 33.4854 24.5421 96.3086 91.3652 86.7286 10.8564 75.8722 28.7431 10.8867 47.1291 36.1469 21.7378 11.2598 5.90578 10.9821 284.727 277.747 273.811 41.241 232.57 216.093 45.3325 30.165
internal_count=4906 1976 1206 2930 1253 770 823 137 187 677 638 605 70 535 203 77 332 258 153 79 40 74 1677 1621 1591 240 1351 1255 264 176
is_linear=0
shrinkage=0.1


Tree=9
num_leaves=31
num_cat=0
split_feature=5 8 0 8 1 1 0 12 17 87 0 65 93 81 0 15 36 93 61 94 99 11 113 67 53 0 13 10 0 86
split_gain=70.2427 39.9274 33.0856 22.8351 12.9509 4.88003 3.75568 2.97352 3.33247 3.02733 2.93768 2.77644 3.32307 4.45653 3.716 5.04278 2.75902 2.64871 3.40624 3.77749 2.98976 3.84099 2.61117 2.7523 5.702 8.14323 3.56581 3.9324 2.8303 2.79171
threshold=1.0000000180025095e-35 1.0000000180025095e-35 6.4298424720764169 1.0000000180025095e-35 -0.011027454398572443 -0.39082820713520044 8.2737851142883319 1.0000000180025095e-35 1.0000000180025095e-35 1.0000000180025095e-35 3.5961669683456425 1.0000000180025095e-35 1.0000000180025095e-35 1.0000000180025095e-35 10.658453464508058 1.0000000180025095e-35 1.0000000180025095e-35 1.0000000180025095e-35 1.0000000180025095e-35 1.0000000180025095e-35 1.0000000180025095e-35 1.0000000180025095e-35 1.0000000180025095e-35 1.0000000180025095e-35 1.0000000180025095e-35 15.63039016723633 1.0000000180025095e-35 1.0000000180025095e-35 11.108829498291017 1.0000000180025095e-35
decision_type=2 2 2 2 2 2 2 2 2 2 2 2 2 2 2 2 2 2 2 2 2 2 2 2 2 2 2 2 2 2
left_child=3 2 10 22 -5 -3 16 8 -6 -10 -2 12 13 -9 -15 -16 -4 18 19 -7 -20 -22 23 24 26 -26 -1 -28 -29 -25
right_child=1 5 6 4 7 17 -8 11 9 -11 -12 -13 -14 14 15 -17 -18 -19 20 -21 21 -23 -24 29 25 -27 27 28 -30 -31
leaf_value=-0.055440331144831836 0.12600308104814215 -0.05946333752374227 0.10263701564562291 -0.099089094393311261 0.051578387937855845 -0.036077851364742793 0.01971863073745405 -0.066157663832128691 -0.06474031426102049 0.024717450957896757 0.087896150077863777 0.061333800800473681 0.073950262677478965 0.09053858520478647 -0.095784617884259779 0.072584498180190055 0.038864491938351668 0.051745180974953946 0.027414317867374645 0.056719352823248817 0.016389241833915748 -0.10659099925034805 -0.052521552970609703 0.0025644263744500351 0.054219230534764219 -0.054078442267150632 -0.039473763646216242 -0.0024248913944784865 0.093599163402447366 -0.046953509300692475
leaf_weight=43.096403904259205 30.826079115271568 22.404832884669304 9.4428618103265745 54.69482946395874 2.9308763667941085 50.966282606124878 146.30437332391739 18.410144537687302 49.635567873716354 4.094987988471984 58.853291571140289 4.1420595943927756 3.0465928614139548 4.0338169634342211 4.4649312794208527 2.9569570869207382 24.09343209862709 6.9373751729726783 28.257375344634056 4.7997646033763877 6.0495143234729749 4.3772508502006531 15.038281820714472 146.23649709671736 19.218934200704101 10.870257489383219 21.636270686984062 9.5515000149607641 4.5231123417615882 12.346575409173964
leaf_count=259 137 179 39 576 22 314 686 134 374 29 246 23 21 22 35 17 98 36 156 27 33 25 94 859 114 65 130 56 27 73
internal_value=-0.0007711 0.0297857 0.0513789 -0.0286605 -0.0604212 -0.017227 0.0266374 -0.0378536 -0.0522584 -0.0579224 0.100995 -0.0158268 -0.0255375 -0.0356862 0.0132837 -0.0287046 0.056821 -0.00789358 -0.0122741 -0.0280908 0.010527 -0.035239 -0.0119762 -0.00969666 -0.0219379 0.0150948 -0.0360772 -0.0127095 0.028434 -0.00129082
internal_weight=824.241 393.312 269.52 430.929 148.411 123.792 179.841 93.7159 56.6614 53.7306 89.6794 37.0545 32.9124 29.8658 11.4557 7.42189 33.5363 101.388 94.4502 55.766 38.6841 10.4268 282.518 267.48 108.896 30.0892 78.8073 35.7109 14.0746 158.583
internal_count=4906 1976 1206 2930 1253 770 823 677 425 403 383 252 229 208 74 52 137 591 555 341 214 58 1677 1583 651 179 472 213 83 932
is_linear=0
shrinkage=0.1


Tree=10
num_leaves=31
num_cat=0
split_feature=5 8 0 8 1 1 104 0 77 0 78 0 63 71 0 64 101 10 12 0 13 1 9 87 57 16 67 83 73 140
split_gain=57.9423 32.5764 28.581 20.1761 12.4165 4.24456 3.55431 4.83237 5.39753 4.34198 3.12772 2.83034 2.82403 3.80201 3.72754 4.2692 3.53789 2.77621 2.9417 2.71345 7.2548 4.83284 4.55786 2.65066 2.91335 4.2047 3.75333 3.58463 5.22074 3.07405
threshold=1.0000000180025095e-35 1.0000000180025095e-35 6.4298424720764169 1.0000000180025095e-35 -0.070803865790367113 -0.20009126514196393 1.0000000180025095e-35 12.412046909332277 1.0000000180025095e-35 12.881587982177736 1.0000000180025095e-35 3.5961669683456425 1.0000000180025095e-35 1.0000000180025095e-35 12.699520587921144 1.0000000180025095e-35 1.0000000180025095e-35 1.0000000180025095e-35 1.0000000180025095e-35 15.368925571441652 1.0000000180025095e-35 0.76424062252044689 1.0000000180025095e-35 1.0000000180025095e-35 1.0000000180025095e-35 1.0000000180025095e-35 1.0000000180025095e-35 1.0000000180025095e-35 1.0000000180025095e-35 1.0000000180025095e-35
decision_type=2 2 2 2 2 2 2 2 2 2 2 2 2 2 2 2 2 2 2 2 2 2 2 2 2 2 2 2 2 2
left_child=3 2 11 -1 -5 10 7 8 -4 -9 17 -2 13 16 -15 19 -6 -3 -19 -16 21 -21 -22 24 25 -7 -27 29 -29 -26
right_child=1 5 6 4 12 23 -8 9 -10 -11 -12 -13 -14 14 15 -17 -18 18 -20 20 22 -23 -24 -25 27 26 -28 28 -30 -31
leaf_value=-0.010890789876136642 0.11870211479478331 -0.05885663594953168 0.048111777795996652 -0.099891703604000293 -0.060309280951843215 -0.065315891879962382 -0.040298903299912703 -0.081146477940945524 -0.061895894436130729 0.014963568013943699 -0.11753992235414244 0.08064132879386321 -0.11509724284944128 0.067700002206939225 -0.060447337670138747 0.074115664111262164 0.058290750529415097 -0.027447303415189174 0.081987051786101064 0.055332113935029181 0.13956716005244754 -0.096702475303175078 -0.022295912548278105 -0.077926877048343279 0.031982562055704843 -0.048647354887733842 0.085543675631488222 0.030962756323995717 -0.11249468771033029 -0.037809152804278406
leaf_weight=280.56191177666187 29.51794071495533 17.067689895629883 87.589664205908775 45.980204999446869 42.909030184149742 13.711214631795883 8.2465984225273115 5.013632893562316 4.6994428038597098 75.278836607933044 5.1410463005304328 57.789417341351509 4.3812677487730971 5.1372273191809645 18.513049058616161 4.0957594960927954 2.6718274578452101 8.580925330519678 3.4415129423141471 2.8211592808365848 4.181590497493743 8.0764698758721334 2.9790237471461296 4.6135071367025366 43.806785196065903 3.8232877999544144 4.5827021896839142 4.9133737683296186 5.2446099668741226 7.3733062744140616
leaf_count=1677 137 140 377 524 346 89 40 25 20 361 41 246 39 33 139 29 17 61 24 20 28 57 21 32 239 23 25 27 29 40
internal_value=-0.000753783 0.0270153 0.0465233 -0.026427 -0.0571782 -0.0157549 0.0238375 0.0269022 0.0425101 0.00896225 -0.0456364 0.0935094 -0.0366702 -0.0329102 -0.0125629 -0.0227021 -0.0533573 -0.0329291 0.0038791 -0.033545 -0.00596521 -0.057344 0.0722274 -0.00414031 -6.13055e-05 -0.0311763 0.0245097 0.0111581 -0.0431049 0.021928
internal_weight=812.744 390.435 268.136 422.309 141.747 122.3 180.828 172.582 92.2891 80.2925 34.2312 87.3074 95.7664 91.3851 45.8043 40.6671 45.5809 29.0901 12.0224 36.5713 18.0582 10.8976 7.16061 88.0688 83.4553 22.1172 8.40599 61.3381 10.158 51.1801
internal_count=4906 1976 1206 2930 1253 770 823 783 397 386 266 383 729 690 327 294 363 225 85 265 126 77 49 504 472 137 48 335 56 279
is_linear=0
shrinkage=0.1


Tree=11
num_leaves=31
num_cat=0
split_feature=5 8 0 8 1 0 1 13 9 21 9 9 9 0 0 13 74 26 16 7 26 10 177 263 0 10 78 167 87 68
split_gain=47.7237 26.6649 24.8856 17.7889 11.8986 4.00972 3.70922 3.45202 3.64555 2.79534 3.9172 2.72408 2.66502 3.93527 5.05308 3.68522 3.69937 5.36775 5.32084 3.57112 4.1911 2.60573 2.57352 2.57413 2.48783 2.3931 2.38564 2.40287 2.54019 2.50889
threshold=1.0000000180025095e-35 1.0000000180025095e-35 7.4620122909545907 1.0000000180025095e-35 -0.070803865790367113 5.0171115398406991 -0.39082820713520044 1.0000000180025095e-35 1.0000000180025095e-35 1.0000000180025095e-35 1.0000000180025095e-35 1.0000000180025095e-35 1.0000000180025095e-35 15.368925571441652 15.924708843231203 1.0000000180025095e-35 1.0000000180025095e-35 1.0000000180025095e-35 1.0000000180025095e-35 1.0000000180025095e-35 1.0000000180025095e-35 1.0000000180025095e-35 1.0000000180025095e-35 1.0000000180025095e-35 5.7535934448242196 1.0000000180025095e-35 1.0000000180025095e-35 1.0000000180025095e-35 1.0000000180025095e-35 1.0000000180025095e-35
decision_type=2 2 2 2 2 2 2 2 2 2 2 2 2 2 2 2 2 2 2 2 2 2 2 2 2 2 2 2 2 2
left_child=3 2 5 22 -5 -2 21 8 24 12 -11 -9 13 15 -15 16 17 18 -6 -14 -21 -3 23 -1 -7 -16 27 28 29 -4
right_child=1 6 26 4 9 7 -8 11 -10 10 -12 -13 19 14 25 -17 -18 -19 -20 20 -22 -23 -24 -25 -26 -27 -28 -29 -30 -31
leaf_value=-0.0097407570569844181 0.097473208715670168 -0.081788221580392603 0.023912977028216351 -0.097946917805624811 0.15341890999101981 0.048105153494890668 -0.006488314541712688 -0.014752585383668191 0.033507891705601339 -0.036084951451809053 0.081234879808723418 0.076203263606545321 -0.091232439794504863 0.13039658619401415 -0.054747033462975006 -0.082419531678994823 -0.062525317734788297 -0.051441679633260996 -0.023414465816443828 -0.080460377856358692 0.042911083052452018 -0.0092779689394593672 -0.081326849034419127 0.072033742292720401 0.1320511961210441 0.043598885405083665 0.070925702008604749 0.074762660885548698 -0.04509338143506559 -0.0056662134924049413
leaf_weight=269.96430552750826 60.006986141204834 12.477909803390503 102.19234557449818 42.388831228017807 3.9434937909245491 5.0262668430805233 100.16459928452969 9.2880629897117597 11.208812147378923 7.030088081955908 4.7817943245172501 5.1012011319398871 18.638210102915764 3.1542007550597182 6.0288641229271871 14.770243510603903 10.64234609156847 6.107345849275589 2.9930462166666985 5.5648218020796794 5.4506962150335312 8.2213725298643112 4.9501180276274672 3.9050931483507147 11.862132191658018 4.1965610012412071 8.0989296585321409 6.5032519549131385 7.244351163506507 39.860129952430725
leaf_count=1622 280 117 460 524 27 21 591 38 46 52 32 21 151 22 44 128 85 51 21 47 40 62 34 21 49 29 35 30 36 190
internal_value=-0.000736435 0.0245048 0.0421798 -0.0243181 -0.0540138 0.0808301 -0.014452 0.0573238 0.0777224 -0.0340542 0.0114095 0.0174926 -0.0406441 -0.0269661 0.0197464 -0.0432182 -0.018773 0.0169239 0.0771171 -0.0645538 -0.0194137 -0.0529885 -0.00986637 -0.00857474 0.107067 -0.0143854 0.01801 0.0152593 0.0126673 0.015613
internal_weight=801.766 387.256 266.392 414.51 135.691 102.493 120.864 42.4865 28.0972 93.3017 11.8119 14.3893 81.4898 51.8361 13.3796 38.4565 23.6862 13.0439 6.93654 29.6537 11.0155 20.6993 278.82 273.869 16.8884 10.2254 163.899 155.8 149.297 142.052
internal_count=4906 1976 1206 2930 1253 455 770 175 116 729 84 59 645 407 95 312 184 99 48 238 87 179 1677 1643 70 73 751 716 686 650
is_linear=0
shrinkage=0.1


Tree=12
num_leaves=31
num_cat=0
split_feature=5 8 0 8 1 130 10 63 12 0 55 174 14 26 42 104 1 137 0 93 65 81 0 15 0 77 0 36 32 19
split_gain=39.3639 21.8113 21.809 15.6541 11.3376 3.26325 2.9492 2.84555 2.88263 2.92274 2.94801 3.98695 3.0338 3.22642 10.1985 2.834 3.25279 3.22732 2.76063 2.66304 2.67786 3.59566 2.67068 3.62054 2.59545 2.53228 3.22668 3.73422 2.34306 2.33934
threshold=1.0000000180025095e-35 1.0000000180025095e-35 6.4298424720764169 1.0000000180025095e-35 -0.011027454398572443 1.0000000180025095e-35 1.0000000180025095e-35 1.0000000180025095e-35 1.0000000180025095e-35 10.584530830383303 1.0000000180025095e-35 1.0000000180025095e-35 1.0000000180025095e-35 1.0000000180025095e-35 1.0000000180025095e-35 1.0000000180025095e-35 0.89459273219108593 1.0000000180025095e-35 3.5961669683456425 1.0000000180025095e-35 1.0000000180025095e-35 1.0000000180025095e-35 10.658453464508058 1.0000000180025095e-35 14.867898464202883 1.0000000180025095e-35 8.3682408332824725 1.0000000180025095e-35 1.0000000180025095e-35 1.0000000180025095e-35
decision_type=2 2 2 2 2 2 2 2 2 2 2 2 2 2 2 2 2 2 2 2 2 2 2 2 2 2 2 2 2 2
left_child=3 2 18 29 -5 -3 -7 8 9 -6 -11 12 13 14 -12 16 17 25 -2 20 21 28 -23 -24 -15 26 27 -4 -10 -1
right_child=1 5 15 4 7 6 -8 -9 19 10 11 -13 -14 24 -16 -17 -18 -19 -20 -21 -22 22 23 -25 -26 -27 -28 -29 -30 -31
leaf_value=-0.0075248245886077635 0.10724097376650298 -0.0055350191030949375 0.10748267022558736 -0.092774582800866506 -0.092992718092671511 -0.080509309921250938 -0.004557952525824872 -0.11318094988421207 -0.076215456034279025 -0.077469177101668868 -0.055764235702435397 0.087709162637249705 -0.066313355757389628 -0.094173606773692173 0.16281390558154729 -0.038592533627985121 -0.030698093274903332 0.10823569366493534 0.068222670015934225 0.090144316576571279 0.063835742484037394 0.084355014357440972 -0.087421080964692643 0.060942836191367845 0.029929471503232968 -0.042240109237829275 0.018332172942539089 0.03044985563924249 0.014490949113838157 -0.068573278481960154
leaf_weight=270.76953452825546 26.973551854491234 98.653020650148392 9.340021952986719 43.314159020781517 8.9943352416157705 12.288743861019611 8.7547169253230095 3.9380194321274749 11.790524490177633 9.902951814234255 4.7573188319802302 3.3811053633689871 11.57106639444828 4.5541839376091966 3.872024767100811 8.1661140173673612 11.097888976335524 4.5557954758405677 55.326464235782623 2.7918501943349829 4.043361783027648 4.1035055369138718 3.5330281183123589 3.0776000618934631 2.6750267222523689 5.7566659450530997 123.8937880396843 19.288608625531197 3.7546607553958902 6.4258410558104506
leaf_count=1621 137 583 39 576 80 121 66 39 94 80 37 26 92 39 29 40 57 19 246 19 22 22 31 17 20 25 564 79 30 56
internal_value=-0.000709503 0.0222561 0.0382897 -0.0223693 -0.0509922 -0.0131609 -0.0489112 -0.0301281 -0.0261782 -0.0414025 -0.0300053 -0.0147498 -0.0273794 0.00102843 0.0423127 0.0189818 0.0216849 0.0252551 0.0810108 -0.00331122 -0.0119215 -0.0235864 0.0209861 -0.0183498 -0.0482517 0.0228666 0.0253239 0.0555816 -0.054307 -0.00894003
internal_weight=791.345 384.095 264.399 407.25 130.055 119.696 21.0435 86.7406 82.8025 49.708 40.7137 30.8107 27.4296 15.8586 8.62934 182.099 173.933 162.835 82.3 33.0945 30.3027 26.2593 10.7141 6.61063 7.22921 158.279 152.522 28.6286 15.5452 277.195
internal_count=4906 1976 1206 2930 1253 770 187 677 638 403 323 243 217 125 66 823 783 726 383 235 216 194 70 48 59 707 682 118 124 1677
is_linear=0
shrinkage=0.1


Tree=13
num_leaves=31
num_cat=0
split_feature=5 8 0 8 1 1 78 0 63 71 80 0 64 101 14 65 99 61 93 10 83 9 6 34 81 69 13 21 6 65
split_gain=32.4783 17.8704 18.8635 13.7669 10.8021 2.86426 3.08312 2.66118 2.55437 2.90347 3.28641 4.08469 4.74242 2.74013 2.41905 2.40648 2.63592 3.34238 4.41438 3.51569 3.2775 4.81598 4.1126 2.67405 3.53481 3.02372 2.57137 2.3916 2.40562 3.75041
threshold=1.0000000180025095e-35 1.0000000180025095e-35 6.4298424720764169 1.0000000180025095e-35 -0.070803865790367113 -0.20009126514196393 1.0000000180025095e-35 3.5961669683456425 1.0000000180025095e-35 1.0000000180025095e-35 1.0000000180025095e-35 12.699520587921144 1.0000000180025095e-35 1.0000000180025095e-35 1.0000000180025095e-35 1.0000000180025095e-35 1.0000000180025095e-35 1.0000000180025095e-35 1.0000000180025095e-35 1.0000000180025095e-35 1.0000000180025095e-35 1.0000000180025095e-35 1.0000000180025095e-35 1.0000000180025095e-35 1.0000000180025095e-35 1.0000000180025095e-35 1.0000000180025095e-35 1.0000000180025095e-35 1.0000000180025095e-35 1.0000000180025095e-35
decision_type=2 2 2 2 2 2 2 2 2 2 2 2 2 2 2 2 2 2 2 2 2 2 2 2 2 2 2 2 2 2
left_child=3 2 7 -1 -5 6 -3 14 9 13 11 -11 27 -6 -2 16 17 18 19 20 21 22 -7 24 25 -19 -21 28 -13 -30
right_child=1 5 -4 4 8 15 -8 -9 -10 10 -12 12 -14 -15 -16 -17 -18 23 -20 26 -22 -23 -24 -25 -26 -27 -28 -29 29 -31
leaf_value=-0.008095000546217191 0.12670354639319434 -0.025102355283445468 0.017056681881446864 -0.094213423160305662 -0.051784312872449327 0.034335080168244214 -0.11476721913108055 0.062797705653050512 -0.11177813701736022 0.070018258761281579 0.10055899259675183 -0.078370705446042244 0.075684986097340021 0.05237392775193446 0.063817347088372722 -0.063880810128283241 -0.02876991579279033 0.015404684001742358 0.10189398380728663 -0.098462313724709441 -0.074672638363016949 0.11411453840560404 -0.097140348236862628 0.11516434537366403 -0.021482914611203358 0.11508168462172841 -0.0055361989111493842 0.020964906252663524 0.012241946307401082 -0.12238004941750479
leaf_weight=275.70843345671892 15.518920242786407 27.001100823283199 182.34187735617161 36.133956521749496 38.416355542838573 7.3810086399316805 4.4696185588836661 54.158085986971855 3.6056901291012755 4.9853233695030204 2.6241105794906607 14.902447327971458 4.0350786894559851 2.7034573405981055 10.096646904945374 5.9766215234994879 20.863334462046623 6.6506389975547826 3.3359185904264441 7.3343826979398745 3.8762921988964072 4.586126595735549 3.5108597129583359 4.003070503473281 9.009482279419899 5.6109311282634735 5.0130455866456032 5.4666431173682204 9.2018478512763959 2.6698306947946557
leaf_count=1677 83 225 823 524 346 44 41 246 39 31 17 121 28 17 54 34 121 35 17 46 24 29 22 21 49 30 32 37 74 19
internal_value=-0.000685013 0.0202263 0.0348007 -0.0205668 -0.0481317 -0.0119782 -0.037837 0.0753588 -0.0293403 -0.0258435 -0.00795384 -0.014855 -0.026519 -0.0449363 0.101916 -0.00264059 0.0018683 0.0124668 -0.00752709 -0.0190413 0.00755761 0.0281513 -0.00804441 0.0401845 0.0260738 0.0610172 -0.0607344 -0.0393103 -0.051617 -0.0180333
internal_weight=781.191 380.738 262.116 400.453 124.745 118.622 31.4707 79.7737 88.6108 85.0051 43.8853 41.2612 36.2758 41.1198 25.6156 87.1517 81.1751 60.3118 35.0376 31.7017 19.3543 15.478 10.8919 25.2741 21.2711 12.2616 12.3474 32.2408 26.7741 11.8717
internal_count=4906 1976 1206 2930 1253 770 266 383 729 690 327 310 279 363 137 504 470 349 214 197 119 95 66 135 114 65 78 251 214 93
is_linear=0
shrinkage=0.1


Tree=14
num_leaves=31
num_cat=0
split_feature=5 8 0 8 1 134 0 1 63 0 101 0 16 80 0 17 13 39 6 42 14 9 68 13 177 87 10 18 104 1
split_gain=26.6947 14.6697 16.6203 12.0115 10.2258 3.6553 4.57949 2.48314 2.38368 2.53944 3.70072 3.14663 4.55445 4.21579 3.11697 3.71181 2.88179 3.02969 2.80169 4.67716 2.4822 4.14142 5.20773 2.36472 2.26578 2.24436 2.23263 2.20969 2.1352 2.42244
threshold=1.0000000180025095e-35 1.0000000180025095e-35 5.0171115398406991 1.0000000180025095e-35 -0.070803865790367113 1.0000000180025095e-35 5.6960985660552987 -0.39082820713520044 1.0000000180025095e-35 11.998631000518801 1.0000000180025095e-35 12.699520587921144 1.0000000180025095e-35 1.0000000180025095e-35 14.752909183502199 1.0000000180025095e-35 1.0000000180025095e-35 1.0000000180025095e-35 1.0000000180025095e-35 1.0000000180025095e-35 1.0000000180025095e-35 1.0000000180025095e-35 1.0000000180025095e-35 1.0000000180025095e-35 1.0000000180025095e-35 1.0000000180025095e-35 1.0000000180025095e-35 1.0000000180025095e-35 1.0000000180025095e-35 0.89459273219108593
decision_type=2 2 2 2 2 2 2 2 2 2 2 2 2 2 2 2 2 2 2 2 2 2 2 2 2 2 2 2 2 2
left_child=3 2 -2 24 -5 28 -7 26 9 10 -6 12 -11 14 18 -16 20 -18 -13 -20 21 22 -17 -8 27 -9 -3 -1 29 -4
right_child=1 7 5 4 8 6 23 25 -10 11 -12 13 -14 -15 15 16 17 -19 19 -21 -22 -23 -24 -25 -26 -27 -28 -29 -30 -31
leaf_value=-0.08627114343673585 0.081254366791440699 -0.07418054450000143 0.018939708100025109 -0.092325547706524763 -0.056239547310564124 0.0036790493427575795 0.11316704054975046 -0.0014319385532068512 -0.110538781262633 0.12440187495126737 0.07265729264377449 -0.096335190048265115 -0.035321612985988925 0.1053634653274276 0.10666259679051367 0.13237501792840087 -0.033996566321832948 0.078624585796976343 -0.11867051230372892 0.0549241999549838 -0.10154763632955602 -0.11689321061064023 -0.056659521255423319 0.034779464741933767 -0.07661009010049008 -0.07449917938647381 -0.0041857369496206024 -0.0051080354287027568 -0.036745979511087989 -0.029519197754176347
leaf_weight=3.3971768021583548 53.489858090877533 10.73349876701832 159.37487940490246 33.330177217721939 28.948299966752533 11.591681808233263 10.853749215602877 94.462069824337959 3.2972667813301078 3.8910653218626967 2.4130936190485945 9.6538930237293261 3.2987311333417892 2.5253348797559729 2.6199747920036343 2.7655942663550359 4.6861731112003326 4.8721755594015121 2.5177434459328643 4.0465602725744247 5.3244288712739953 2.7045475468039513 3.0808315351605415 5.9626129269599906 4.6397134363651267 4.3996560275554648 7.9193459972739211 266.37825071811676 8.0998198986053449 11.02981650829315
leaf_count=29 280 117 707 524 283 50 47 559 39 24 15 82 22 15 19 21 37 32 20 33 41 23 23 25 34 32 62 1614 40 57
internal_value=-0.000661816 0.0183307 0.0315661 -0.018861 -0.0452542 0.0187209 0.0520384 -0.0109978 -0.0271471 -0.0238482 -0.0463216 -0.010291 0.0511196 -0.0201471 -0.0276452 -0.00622087 -0.0188416 0.0234098 -0.0620622 -0.0116582 -0.0479474 -0.0145722 0.0327614 0.085373 -0.00732174 -0.00468366 -0.0444632 -0.00613009 0.0134186 0.0158031
internal_weight=772.308 377.917 260.402 394.391 119.976 206.913 28.408 117.515 86.6457 83.3484 31.3614 51.9871 7.1898 44.7973 42.2719 26.0537 23.4338 9.55835 16.2182 6.5643 13.8754 8.55097 5.84643 16.8164 274.415 98.8617 18.6528 269.775 178.505 170.405
internal_count=4906 1976 1206 2930 1253 926 122 770 729 690 298 392 46 346 331 196 177 69 135 53 108 67 44 72 1677 591 179 1643 804 764
is_linear=0
shrinkage=0.1


Tree=15
num_leaves=31
num_cat=0
split_feature=5 8 0 8 1 134 0 0 21 9 9 7 26 0 53 0 13 73 0 57 99 0 108 64 67 15 19 11 81 1
split_gain=22.0058 12.0177 14.5421 10.4943 9.59708 3.05726 3.86734 2.37629 2.30419 3.3399 2.40348 3.55804 3.96116 3.06739 4.50045 4.02385 3.24762 3.46271 4.30125 2.43842 2.26767 5.85038 3.07385 2.91754 3.23417 2.79127 2.75793 2.74177 2.38163 4.52664
threshold=1.0000000180025095e-35 1.0000000180025095e-35 5.0171115398406991 1.0000000180025095e-35 -0.070803865790367113 1.0000000180025095e-35 5.6960985660552987 6.4298424720764169 1.0000000180025095e-35 1.0000000180025095e-35 1.0000000180025095e-35 1.0000000180025095e-35 1.0000000180025095e-35 15.368925571441652 1.0000000180025095e-35 13.600273609161379 1.0000000180025095e-35 1.0000000180025095e-35 12.34633779525757 1.0000000180025095e-35 1.0000000180025095e-35 14.97056818008423 1.0000000180025095e-35 1.0000000180025095e-35 1.0000000180025095e-35 1.0000000180025095e-35 1.0000000180025095e-35 1.0000000180025095e-35 1.0000000180025095e-35 -0.019545212388038632
decision_type=2 2 2 2 2 2 2 2 2 2 2 2 2 2 2 2 2 2 2 2 2 2 2 2 2 2 2 2 2 2
left_child=3 2 -2 20 -5 -4 -7 -8 10 -10 13 -12 -13 15 -15 16 17 18 19 -6 23 22 -22 26 -25 -23 28 -26 -1 -30
right_child=1 -3 5 4 8 6 7 -9 9 -11 11 12 -14 14 -16 -17 -18 -19 -20 -21 21 25 -24 24 27 -27 -28 -29 29 -31
leaf_value=0.011169683978223077 0.076287836356102437 -0.010004148250606193 0.012042413456705025 -0.090425916691736885 -0.077167591634189042 0.003314515119841092 0.11083452763938258 0.033659604968102955 -0.029367886764636721 0.081091857597916081 -0.085071174739859298 -0.07361520289229391 0.052087596782561502 0.10640661134586443 -0.018484761294651968 -0.093171808699089767 -0.06080738507812429 -0.037448380363808979 0.1367104746118806 0.060618321426248789 -0.068816941644601809 -0.016503785818597527 0.018707052560524365 -0.088146925984591229 -0.066223692340361434 0.079767675352036271 -0.073597385567836432 0.053048510383206994 -0.027740497044177873 0.017917935923034475
leaf_weight=120.30703689157963 51.386575996875763 116.58103564381599 178.92410734295845 30.760007798671722 2.4255659654736537 11.580518230795862 9.6028907150030154 6.8256737738847724 6.5282517969608289 4.7138593643903732 16.130178108811378 4.8942495658993739 5.13921719789505 4.3312053456902477 8.6429305672645569 8.581814266741274 9.4404485821723956 7.4440152943134299 3.7354370206594467 2.7299861088395119 23.172577008605007 6.2862985879182798 4.8529873341321936 8.1566459462046641 3.3826138675212851 5.7814822793006897 4.9497897773981085 4.4797181189060211 56.574208304286003 35.238662704825401
leaf_count=727 280 770 804 524 22 50 43 29 52 32 151 47 40 32 63 76 98 67 26 23 147 37 30 52 21 34 46 28 341 214
internal_value=-0.000638263 0.0166471 0.028675 -0.0173109 -0.0425819 0.0168515 0.0475726 0.0787702 -0.0252143 0.0169483 -0.0316637 -0.0559867 -0.00922928 -0.0182185 0.0232082 -0.0338622 -0.0141154 0.0128692 0.0549979 -0.00420671 -0.0066267 -0.0285946 -0.053661 -0.00284803 -0.0440322 0.0296183 0.000191217 0.00173399 0.00191306 -0.0102164
internal_weight=763.58 374.901 258.32 388.679 115.497 206.933 28.0091 16.4286 84.7372 11.2421 73.495 26.1636 10.0335 47.3314 12.9741 34.3573 25.7755 16.335 8.89099 5.15555 273.182 40.0933 28.0256 233.089 16.019 12.0678 217.07 7.86233 212.12 91.8129
internal_count=4906 1976 1206 2930 1253 926 122 72 729 84 645 238 87 407 95 312 236 138 71 45 1677 248 177 1429 101 71 1328 49 1282 555
is_linear=0
shrinkage=0.1


Tree=16
num_leaves=31
num_cat=0
split_feature=5 8 0 8 1 126 1 134 15 113 15 63 71 53 10 11 130 10 67 53 0 64 0 15 6 132 139 15 81 12
split_gain=18.151 9.83118 12.8348 9.10279 9.09018 2.81321 2.93852 4.11795 3.99559 2.27228 2.84806 2.23577 2.50859 2.73492 3.03814 3.40374 2.18437 2.57541 2.08792 4.77731 7.27728 4.81453 3.29084 7.35435 2.95958 5.41556 4.35174 2.67203 2.83983 2.75954
threshold=1.0000000180025095e-35 1.0000000180025095e-35 5.3018479347229013 1.0000000180025095e-35 -0.18701041489839551 1.0000000180025095e-35 -0.38535249233245844 1.0000000180025095e-35 1.0000000180025095e-35 1.0000000180025095e-35 1.0000000180025095e-35 1.0000000180025095e-35 1.0000000180025095e-35 1.0000000180025095e-35 1.0000000180025095e-35 1.0000000180025095e-35 1.0000000180025095e-35 1.0000000180025095e-35 1.0000000180025095e-35 1.0000000180025095e-35 16.954140663146976 1.0000000180025095e-35 3.7193702459335332 1.0000000180025095e-35 1.0000000180025095e-35 1.0000000180025095e-35 1.0000000180025095e-35 1.0000000180025095e-35 1.0000000180025095e-35 1.0000000180025095e-35
decision_type=2 2 2 2 2 2 2 2 2 2 2 2 2 2 2 2 2 2 2 2 2 2 2 2 2 2 2 2 2 2
left_child=3 2 -2 9 -5 6 -4 -8 -9 18 -11 12 -6 14 15 -14 -3 -18 19 22 21 -21 23 -1 25 26 -24 28 29 -26
right_child=1 16 5 4 11 -7 7 8 -10 10 -12 -13 13 -15 -16 -17 17 -19 -20 20 -22 -23 24 -25 27 -27 -28 -29 -30 -31
leaf_value=0.10263335300382646 0.069004732541136662 -0.0029874540048742751 -0.069333563571642137 -0.093833152784021004 -0.039189878888322816 -0.064236756313312299 0.013275592523487804 0.098991864332464027 -0.00060970279579863418 -0.084172321560436622 0.0067130607414385606 -0.10953732230061514 0.061682901836235995 -0.020393630959509305 0.091122679259925718 -0.0853199084445114 -0.072972724817448237 0.0012113844305939303 0.0034874254792488717 0.057549626733072762 -0.1012229238777364 -0.068487851776072514 -0.045968600234154194 -0.092052068998034239 -0.041865997234704827 0.074077736191242291 0.071277305003273297 -0.093937074522713368 -0.080255197313143123 0.074769170346173128
leaf_weight=5.2628743648529035 54.688092917203903 96.932458825409412 3.9400174617767325 24.449830513447523 41.684979151934385 4.450519233942031 175.68052658438683 11.443178445100786 6.2151463627815238 8.031687915325163 6.0415416732430449 3.0072751119732848 3.1910898834466916 30.528541311621666 5.442358985543251 3.1103100776672363 10.560194320976734 8.4040111228823662 154.20359446853399 21.569125346839435 4.2810654714703551 3.5262736976146689 29.028412617743015 3.0734844505786896 4.8300043046474439 5.5021719932556143 3.5531740933656684 12.897544994950294 6.7231786772608766 3.4973254650831223
leaf_count=33 303 583 17 451 436 21 786 52 27 56 38 39 23 240 38 26 121 66 932 129 28 22 185 20 31 34 22 82 43 22
internal_value=-0.000616551 0.0151107 0.0260354 -0.0158876 -0.0399629 0.0143866 0.0161603 0.0179025 0.0639354 -0.00602687 -0.0451558 -0.0248175 -0.0217829 -0.00461771 0.0363927 -0.0108763 -0.00905985 -0.0400979 -0.00389206 -0.0148607 0.0192823 0.0398395 -0.0283477 0.0308559 -0.035822 -0.0176859 -0.0331824 -0.0605355 -0.0319119 0.00711863
internal_weight=755.75 372.314 256.417 383.436 111.414 201.729 197.279 193.339 17.6583 272.021 14.0732 86.9646 83.9573 42.2723 11.7438 6.3014 115.897 18.9642 257.948 103.745 29.3765 25.0954 74.3682 8.33636 66.0318 38.0838 32.5816 27.9481 15.0505 8.32733
internal_count=4906 1976 1206 2930 1253 903 882 865 79 1677 94 802 763 327 87 49 770 187 1583 651 179 151 472 53 419 241 207 178 96 53
is_linear=0
shrinkage=0.1


Tree=17
num_leaves=31
num_cat=0
split_feature=5 8 0 8 1 53 15 108 67 16 14 73 15 12 68 74 81 1 21 67 0 26 6 104 14 36 55 26 10 0
split_gain=14.955 8.04547 11.1671 7.80276 8.56645 2.61506 3.5082 3.04654 2.66868 4.53335 4.28317 2.99809 2.53241 4.36105 2.5771 2.54427 3.94237 2.53186 2.47939 2.453 2.40845 2.36978 2.15402 2.1438 2.13539 6.05007 4.51377 2.65681 2.12248 5.35234
threshold=1.0000000180025095e-35 1.0000000180025095e-35 5.0171115398406991 1.0000000180025095e-35 -0.18701041489839551 1.0000000180025095e-35 1.0000000180025095e-35 1.0000000180025095e-35 1.0000000180025095e-35 1.0000000180025095e-35 1.0000000180025095e-35 1.0000000180025095e-35 1.0000000180025095e-35 1.0000000180025095e-35 1.0000000180025095e-35 1.0000000180025095e-35 1.0000000180025095e-35 -0.065480265766382204 1.0000000180025095e-35 1.0000000180025095e-35 9.5838465690612811 1.0000000180025095e-35 1.0000000180025095e-35 1.0000000180025095e-35 1.0000000180025095e-35 1.0000000180025095e-35 1.0000000180025095e-35 1.0000000180025095e-35 1.0000000180025095e-35 7.5879535675048837
decision_type=2 2 2 2 2 2 2 2 2 2 2 2 2 2 2 2 2 2 2 2 2 2 2 2 2 2 2 2 2 2
left_child=3 2 -2 -1 -5 6 7 17 9 10 11 -8 13 14 -7 16 -14 24 20 -16 -19 -15 -17 -3 25 -4 -27 -26 -10 -30
right_child=1 23 5 4 -6 12 8 -9 28 -11 -12 -13 15 21 19 22 -18 18 -20 -21 -22 -23 -24 -25 27 26 -28 -29 29 -31
leaf_value=-0.0055084080275774848 0.067333317878678828 -0.010665047643839902 0.13152933259203933 -0.092217950291765299 -0.022843534029362789 0.054604448468663115 -0.042292824944163254 0.088005753618702165 0.042941799958116637 0.051688950155516257 0.0019804507232563328 -0.15437703284575438 0.011627393793301615 -0.022257746903390177 -0.071970770047362159 0.022606620799006424 0.1227274072621195 -0.046783021066850394 0.058345854733654258 0.016807876332956717 0.013917030605299075 -0.10211555086748636 -0.072445932796518717 0.068154975567691622 0.057906120482549332 0.081535638518256556 -0.041446102226310094 -0.03164479606494363 0.068345858595298847 -0.060752386365751379
leaf_weight=270.94629039615393 47.545296207070351 111.57483667135239 8.6627512574195862 22.491119343787432 85.323668874800205 7.6752444207668313 5.1013127118349111 9.0106150358915311 17.795993387699127 5.9864980578422538 8.7696753293275833 4.4842759072780609 10.039545387029646 7.3999301642179471 5.1650169491767883 5.4440971165895462 4.6841667294502267 8.2854998558759672 9.3743348568677884 7.8310548067092896 30.970100373029709 7.4642583876848221 4.2415412664413452 3.5608611255884162 7.1718822568654996 6.1406523436307907 5.8063409924507141 6.1573033630847931 5.3112814128398922 8.12306961417198
leaf_count=1677 280 747 39 451 802 35 23 38 77 26 38 20 47 36 24 27 21 35 40 36 137 37 21 23 31 27 25 27 23 36
internal_value=-0.000596314 0.0137091 0.0236275 -0.0145624 -0.0373157 0.0135936 0.0207657 0.0327936 0.000944463 -0.0238773 -0.0485229 -0.0947274 -0.00401248 -0.0210473 0.00865913 0.0207871 0.0469725 0.0267683 0.0121395 -0.0184753 0.00110535 -0.0623595 -0.0190189 -0.00822734 0.0477295 0.0679017 0.0217655 0.0165388 0.0202912 -0.00971329
internal_weight=748.539 369.777 254.642 378.761 107.815 207.096 147.152 91.5795 55.5721 24.3418 18.3553 9.58559 59.9449 35.5355 20.6713 24.4094 14.7237 82.5689 48.6299 12.9961 39.2556 14.8642 9.68564 115.136 33.9389 20.6097 11.947 13.3292 31.2303 13.4344
internal_count=4906 1976 1206 2930 1253 926 642 399 243 107 81 43 284 168 95 116 68 361 212 60 172 73 48 770 149 91 52 58 136 59
is_linear=0
shrinkage=0.1


Tree=18
num_leaves=31
num_cat=0
split_feature=8 5 0 1 5 78 0 126 34 36 1 14 24 0 1 134 14 11 81 0 0 10 101 12 0 70 50 0 16 65
split_gain=12.3278 9.13338 9.68057 7.54427 4.60115 3.08141 2.62244 2.28537 2.32728 3.29449 2.23095 4.69869 2.98348 2.0373 6.82381 5.39455 3.86189 3.50439 3.55813 6.76363 4.90747 3.64599 3.15809 2.89038 2.71609 5.62447 7.10999 4.90162 4.77332 6.91643
threshold=1.0000000180025095e-35 1.0000000180025095e-35 5.0171115398406991 -0.18701041489839551 1.0000000180025095e-35 1.0000000180025095e-35 7.5277206897735605 1.0000000180025095e-35 1.0000000180025095e-35 1.0000000180025095e-35 0.7774735987186433 1.0000000180025095e-35 1.0000000180025095e-35 5.3483915328979501 -0.46931324899196619 1.0000000180025095e-35 1.0000000180025095e-35 1.0000000180025095e-35 1.0000000180025095e-35 3.2950034141540532 3.9219712018966679 1.0000000180025095e-35 1.0000000180025095e-35 1.0000000180025095e-35 13.726214885711672 1.0000000180025095e-35 1.0000000180025095e-35 13.351129055023195 1.0000000180025095e-35 1.0000000180025095e-35
decision_type=2 2 2 2 2 2 2 2 2 2 2 2 2 2 2 2 2 2 2 2 2 2 2 2 2 2 2 2 2 2
left_child=1 13 -3 4 -2 -6 -5 8 9 10 12 -12 -4 14 17 -16 23 18 20 -20 21 -1 24 -17 27 -26 28 -15 29 -27
right_child=3 2 7 6 5 -7 -8 -9 -10 -11 11 -13 -14 22 15 16 -18 -19 19 -21 -22 -23 -24 -25 25 26 -28 -29 -30 -31
leaf_value=-0.04732206110141652 -0.090575237598820052 0.063108762244051028 -0.040876433007032031 0.096526605068506577 -0.016801370841123882 -0.11255069524745404 -0.011758789520394573 -0.059036669406740544 0.031679510077837973 -0.067654960829232572 0.021518675442023714 -0.10277066401301918 0.018367357996497021 -0.017160805953869936 0.17697720301397943 0.14799775325148209 -0.045926431158044317 -0.033031593875907247 0.050385311984636041 -0.085130075426873064 0.13875271641213105 0.070038969935288728 0.062340414839083994 0.017133220018970559 -0.055015356005737405 0.043464009745194876 -0.044525777527187109 -0.12603345947994959 -0.0013482918896804408 0.18602742472326311
leaf_weight=5.0464668273925763 20.701346185058355 45.750928908586502 9.1425467282533628 2.2669411264359942 25.945487014949325 3.8612763285636893 166.46471255272627 4.3994945585727683 53.587799236178398 5.6314976513385764 7.3429708182811719 5.192537248134613 121.01815865933895 123.6187674254179 3.6254585981368992 3.2797233685851097 3.7468132674694061 25.774707764387131 7.333051785826683 7.3992706015706062 4.5104933008551606 5.567434087395668 5.842597857117652 3.4770755171775818 12.959558628499506 19.308540068566803 13.452455565333365 4.2783702388405791 16.719469226896763 4.1311217099428168
leaf_count=31 451 280 43 21 230 41 1280 21 236 24 37 26 539 776 22 20 23 159 44 46 27 33 36 21 86 117 82 27 103 24
internal_value=-0.000553009 0.00780284 0.0214929 -0.0204531 -0.0543584 -0.0292051 -0.010304 0.0122645 0.013818 0.00736505 0.0103257 -0.0299652 0.014206 -0.00497452 0.00974305 0.0718031 0.0355009 -0.00601873 0.0173009 -0.0176769 0.0513721 0.0142387 -0.0101001 0.0806543 -0.0122765 0.00410433 0.0183954 -0.0208028 0.0394726 0.0685901
internal_weight=741.377 522.137 252.066 219.24 50.5081 29.8068 168.732 206.315 201.916 148.328 142.696 12.5355 130.161 270.071 69.7605 14.1291 10.5036 55.6314 29.8567 14.7323 15.1244 10.6139 200.311 6.7568 194.468 66.5711 53.6116 127.897 40.1591 23.4397
internal_count=4906 2883 1206 2023 722 271 1301 926 905 669 645 63 582 1677 426 86 64 340 181 90 91 64 1251 41 1215 412 326 803 244 141
is_linear=0
shrinkage=0.1


Tree=19
num_leaves=31
num_cat=0
split_feature=5 8 1 0 8 263 87 14 0 14 63 64 21 9 7 26 9 0 8 0 15 1 73 83 54 57 16 140 0 0
split_gain=10.4763 5.90901 7.37932 5.53764 4.56694 3.49205 3.23989 2.90642 2.78808 2.61791 2.226 2.34961 2.5076 2.87129 3.45674 4.61713 2.71164 2.23887 2.22084 2.80961 2.91482 2.80477 2.78605 2.67628 4.95862 2.66906 4.70953 2.78566 2.85692 4.99305
threshold=1.0000000180025095e-35 1.0000000180025095e-35 -0.070803865790367113 3.5961669683456425 1.0000000180025095e-35 1.0000000180025095e-35 1.0000000180025095e-35 1.0000000180025095e-35 17.746748924255375 1.0000000180025095e-35 1.0000000180025095e-35 1.0000000180025095e-35 1.0000000180025095e-35 1.0000000180025095e-35 1.0000000180025095e-35 1.0000000180025095e-35 1.0000000180025095e-35 14.752909183502199 1.0000000180025095e-35 8.2737851142883319 1.0000000180025095e-35 -0.18701041489839551 1.0000000180025095e-35 1.0000000180025095e-35 1.0000000180025095e-35 1.0000000180025095e-35 1.0000000180025095e-35 1.0000000180025095e-35 16.425735473632816 15.368925571441652
decision_type=2 2 2 2 2 2 2 2 2 2 2 2 2 2 2 2 2 2 2 2 2 2 2 2 2 2 2 2 2 2
left_child=1 -1 -3 4 7 6 8 -2 18 -8 11 12 13 -4 -15 -16 17 -14 19 20 22 -20 -5 25 -25 26 -23 28 29 -27
right_child=3 2 10 5 -6 -7 9 -9 -10 -11 -12 -13 16 14 15 -17 -18 -19 21 -21 -22 23 -24 24 -26 27 -28 -29 -30 -31
leaf_value=-0.0045768461514772872 0.11188379892954109 -0.082916453999639247 -0.011446451795604743 0.03137123006094962 -0.013532542242242871 0.094583283828383213 -0.080800715848373644 0.033447277820291728 -0.061212605798914112 0.015084076899567735 -0.10826416005644167 0.054708009625183178 -0.082364623522573843 -0.090377498350995178 -0.088276216793395534 0.054416795113091145 0.082381882500281028 0.040167532167660579 -0.034174367948374161 0.0071249882683476042 0.0067713210669500812 -0.062502287443229027 0.085537636250126364 0.043779106946190326 -0.087523870880469326 0.040495954690336317 0.044891716230180706 -0.031314833116403158 0.11640206096562507 -0.080224182687441428
leaf_weight=269.18299789726734 11.693725481629377 22.830217476934195 39.929476492106915 34.241646319627762 7.0723994225263587 4.5994582623243323 7.4313759505748731 7.9262189269065848 5.5946617722511283 4.6162138506770134 2.665380783379077 4.5118340253829947 2.9029819965362531 12.673359930515289 4.1207898259162903 5.0422847643494606 4.6579036116600037 3.066175103187561 21.706544123589993 138.39187152683735 30.533003330230713 10.185400024056436 13.1395296305418 4.6974203139543516 7.4181652218103409 32.910253658890724 6.8158583790063849 7.0602033734321585 4.0524343997240058 3.8242828696966162
leaf_count=1677 83 524 361 168 77 22 44 54 31 27 39 33 28 132 44 39 31 22 191 621 144 71 66 30 44 180 39 40 23 21
internal_value=-0.000543698 -0.0123546 -0.0328003 0.0115163 0.055362 0.00804568 0.00684903 0.0801964 0.00876232 -0.044061 -0.0184211 -0.0153073 -0.0196709 -0.0273908 -0.0565463 -0.00975467 0.0251984 -0.0194236 0.0100052 0.0156765 0.0308657 -0.00242732 0.0463924 0.00652645 -0.0366155 0.0145866 -0.0194477 0.0266798 0.0367187 0.0279283
internal_weight=735.494 371.583 102.4 363.911 26.6923 337.218 332.619 19.6199 320.571 12.0476 79.5702 76.9048 72.393 61.7659 21.8364 9.16307 10.6271 5.96916 314.977 216.306 77.9142 98.6706 47.3812 76.964 12.1156 64.8484 17.0013 47.8472 40.787 36.7345
internal_count=4906 2930 1253 1976 214 1762 1740 137 1669 71 729 690 657 576 215 83 81 50 1638 999 378 639 234 448 74 374 110 264 224 201
is_linear=0
shrinkage=0.1


Tree=20
num_leaves=31
num_cat=0
split_feature=5 8 1 0 8 0 87 10 69 263 0 6 138 13 0 15 12 17 50 73 14 54 73 10 36 42 93 65 81 55
split_gain=8.58697 5.06358 6.92061 4.81255 6.11675 3.90343 2.72782 2.44449 2.40171 2.38494 2.28464 2.26451 2.39893 2.54975 2.99124 2.49736 2.19446 3.14574 2.37423 5.62427 3.81648 4.26388 3.97105 4.35927 3.34107 2.46307 2.02196 2.43012 2.46661 6.01457
threshold=1.0000000180025095e-35 1.0000000180025095e-35 -0.18701041489839551 5.3018479347229013 1.0000000180025095e-35 5.4524297714233407 1.0000000180025095e-35 1.0000000180025095e-35 1.0000000180025095e-35 1.0000000180025095e-35 17.746748924255375 1.0000000180025095e-35 1.0000000180025095e-35 1.0000000180025095e-35 4.0561258792877206 1.0000000180025095e-35 1.0000000180025095e-35 1.0000000180025095e-35 1.0000000180025095e-35 1.0000000180025095e-35 1.0000000180025095e-35 1.0000000180025095e-35 1.0000000180025095e-35 1.0000000180025095e-35 1.0000000180025095e-35 1.0000000180025095e-35 1.0000000180025095e-35 1.0000000180025095e-35 1.0000000180025095e-35 1.0000000180025095e-35
decision_type=2 2 2 2 2 2 2 2 2 2 2 2 2 2 2 2 2 2 2 2 2 2 2 2 2 2 2 2 2 2
left_child=1 -1 -3 4 11 -5 9 -6 -8 10 -7 12 13 14 15 -2 17 -4 20 24 21 -19 23 -23 -20 -21 27 28 -18 -30
right_child=3 2 16 5 7 6 8 -9 -10 -11 -12 -13 -14 -15 -16 -17 26 18 19 25 -22 22 -24 -25 -26 -27 -28 -29 29 -31
leaf_value=-0.0041309014554993832 0.079612046370003103 -0.087286494749980056 0.074606527842320483 -0.094814337893650291 -0.058697184191670415 0.0085887914014405667 -0.094161968275499677 0.0244829916824807 -0.0025455868991174548 0.083235565278199225 -0.056984484177498435 0.080908800546486193 0.10688738809206284 0.05888727102719904 -0.066213207955498218 -0.027688909761443878 -0.043418514234020995 -0.11246290629733376 0.041689275421165101 0.16916738954122854 -0.096448528707919673 -0.018963488889417745 -0.043805878334117344 0.15047796614321163 -0.084660434577294302 0.018123031965044278 0.081530182920841895 0.066951550130763413 0.1586068236780809 -0.018800007682863874
leaf_weight=268.45817144215107 4.7551224976778048 17.67460848018527 2.615316826850175 3.8534877821803084 7.9127247110009176 274.26185546815395 4.90114778280258 6.3830809965729713 6.8752547279000282 4.2002083361148825 5.4182561486959449 18.075769916176796 4.1071125566959372 11.678179353475571 5.0150439888238916 3.9883866906166077 15.28370296955109 4.2991172820329675 3.016276899725197 2.0813969001173964 12.475877884775402 3.1602823100984088 8.3411435596644878 2.9224556386470795 6.836030837148428 2.2430941164493561 2.8689026683568946 3.9584311097860327 2.4033708646893492 9.3283736407756805
leaf_count=1677 33 451 23 28 103 1368 30 53 41 19 31 117 25 73 28 27 160 49 24 19 143 33 85 23 74 23 21 23 20 82
internal_value=-0.000519466 -0.0112728 -0.0305407 0.0104285 0.0358081 0.00518199 0.00648531 -0.0215572 -0.0406748 0.00844168 0.00731844 0.0530297 0.0359724 0.0245222 -0.00464665 0.0306663 -0.0182846 -0.0320361 -0.0381827 -0.00424911 -0.0536022 -0.0250519 0.0010014 0.0624448 -0.0459786 0.0908214 0.00121583 -0.00622315 -0.0169451 0.0175436
internal_weight=729.392 367.967 99.5084 361.426 61.9154 299.51 295.657 14.2958 11.7764 283.88 279.68 47.6196 29.5438 25.4367 13.7586 8.74351 81.8338 47.991 45.3757 14.1768 31.1989 18.723 14.4239 6.08274 9.85231 4.32449 33.8428 30.9739 27.0154 11.7317
internal_count=4906 2930 1253 1976 459 1517 1489 156 71 1418 1399 303 186 161 88 60 802 496 473 140 333 190 141 56 98 42 306 285 262 102
is_linear=0
shrinkage=0.1


Tree=21
num_leaves=31
num_cat=0
split_feature=8 0 0 5 0 84 263 1 22 9 5 11 1 0 128 15 114 201 0 0 26 65 16 5 16 82 0 0 50 12
split_gain=7.32217 5.54258 5.50126 4.23227 5.49761 4.38753 3.87383 3.62495 3.524 3.38251 2.94714 2.82756 3.26951 3.12206 6.29918 2.93952 2.67927 2.69847 2.59181 3.92843 3.90801 2.69533 3.21492 2.71181 3.35831 6.73113 3.07025 4.53592 4.20052 3.55456
threshold=1.0000000180025095e-35 5.1663243770599374 5.3483915328979501 1.0000000180025095e-35 5.07460641860962 1.0000000180025095e-35 1.0000000180025095e-35 0.98357290029525768 1.0000000180025095e-35 1.0000000180025095e-35 1.0000000180025095e-35 1.0000000180025095e-35 -0.48695717751979822 3.9917863607406621 1.0000000180025095e-35 1.0000000180025095e-35 1.0000000180025095e-35 1.0000000180025095e-35 17.433264732360843 17.006159782409672 1.0000000180025095e-35 1.0000000180025095e-35 1.0000000180025095e-35 1.0000000180025095e-35 1.0000000180025095e-35 1.0000000180025095e-35 14.917180061340334 15.798768043518068 1.0000000180025095e-35 1.0000000180025095e-35
decision_type=2 2 2 2 2 2 2 2 2 2 2 2 2 2 2 2 2 2 2 2 2 2 2 2 2 2 2 2 2 2
left_child=2 10 3 4 5 8 7 16 11 -6 -2 -1 13 14 -13 -16 17 18 19 21 -21 23 -23 24 26 -26 28 -28 -4 -30
right_child=1 -3 6 -5 9 -7 -8 -9 -10 -11 -12 12 -14 -15 15 -17 -18 -19 -20 20 -22 22 -24 -25 25 -27 27 -29 29 -31
leaf_value=0.039697250123375702 -0.10390391819682919 -0.010481313253605379 -0.046271887794069731 0.048393065703302554 0.023572026411350946 -0.10069144403758129 0.080169063584616673 -0.087041763553997259 -0.049617001537597044 0.1654089162661255 -0.03204904131607067 0.11105948480311552 0.084330427402130925 -0.088110199015328405 0.0055811199708864423 -0.10226709296963768 -0.072406104093536899 0.082736887404635348 0.052778967467304816 -0.11383945787751817 0.012508665789000879 0.074249123308094037 -0.0145435478584143 0.007579234139658473 0.01906126891503292 -0.064149149241843062 0.086133190831540363 -0.033906337392583953 0.033132071142509469 -0.035504626088214301
leaf_weight=26.886751227080822 9.7995476871728897 186.09153362736106 53.459213145077229 46.568000473082066 3.3200458586215964 4.0272790789604178 5.9860941916704169 4.823609732091426 9.2159052491188032 3.4064969718456268 13.671357952058315 3.8117238879203841 3.2789210677146903 5.4212493598461142 6.0865059718489647 4.3217540457844734 5.0187079086899749 4.0101594030857077 9.1734598129987699 6.0136998295783979 4.1287633329629898 10.40078614652157 6.7073904797434798 172.82649146020412 61.604915052652359 11.54301845282316 6.0328064709901792 6.5826462134718895 15.803295716643333 14.439178556203842
leaf_count=161 271 1600 344 305 20 25 28 29 58 20 152 24 19 34 38 27 32 22 52 36 24 51 34 771 388 74 35 42 100 90
internal_value=-0.000498405 -0.016257 0.00591529 0.0250464 0.00946516 0.000296935 0.000330591 -0.00088683 0.00718763 0.0954019 -0.0620498 0.0176983 -0.00810772 -0.0235394 0.00107767 -0.0392 0.000184952 0.00113684 0.000272794 -0.00103061 -0.062406 0.000701438 0.0394373 -0.00123463 -0.0102233 0.00593035 -0.0224912 0.0234975 -0.0294226 0.000361686
internal_weight=724.461 209.562 514.899 116.345 69.7766 63.0501 398.554 392.568 59.0228 6.72654 23.4709 49.8069 22.9202 19.6412 14.22 10.4083 387.745 382.726 378.716 369.542 10.1425 359.4 17.1082 342.292 169.465 73.1479 96.3171 12.6155 83.7017 30.2425
internal_count=4906 2023 2883 731 426 386 2152 2124 361 40 423 303 142 123 89 65 2095 2063 2041 1989 60 1929 85 1844 1073 462 611 77 534 190
is_linear=0
shrinkage=0.1


Tree=22
num_leaves=31
num_cat=0
split_feature=5 0 8 1 8 14 87 14 9 231 312 263 63 153 12 54 14 61 40 81 73 51 7 53 93 65 83 26 11 67
split_gain=6.16657 4.13939 3.87238 5.96687 2.93799 3.00656 2.28439 2.27077 2.23662 2.14201 2.67917 2.08131 2.04378 2.11554 2.19044 2.91118 5.11137 5.08259 3.6904 3.03187 2.88999 2.8578 2.76733 2.32611 2.24529 2.04068 2.17293 2.29085 2.59912 4.08118
threshold=1.0000000180025095e-35 3.5961669683456425 1.0000000180025095e-35 -0.18701041489839551 1.0000000180025095e-35 1.0000000180025095e-35 1.0000000180025095e-35 1.0000000180025095e-35 1.0000000180025095e-35 1.0000000180025095e-35 1.0000000180025095e-35 1.0000000180025095e-35 1.0000000180025095e-35 1.0000000180025095e-35 1.0000000180025095e-35 1.0000000180025095e-35 1.0000000180025095e-35 1.0000000180025095e-35 1.0000000180025095e-35 1.0000000180025095e-35 1.0000000180025095e-35 1.0000000180025095e-35 1.0000000180025095e-35 1.0000000180025095e-35 1.0000000180025095e-35 1.0000000180025095e-35 1.0000000180025095e-35 1.0000000180025095e-35 1.0000000180025095e-35 1.0000000180025095e-35
decision_type=2 2 2 2 2 2 2 2 2 2 2 2 2 2 2 2 2 2 2 2 2 2 2 2 2 2 2 2 2 2
left_child=2 4 -1 -4 5 -2 9 -8 -7 10 11 -3 13 14 15 18 17 22 -5 -18 -19 -20 23 -17 25 26 27 28 -16 -30
right_child=1 6 3 12 -6 8 7 -9 -10 -11 -12 -13 -14 -15 24 16 19 20 21 -21 -22 -23 -24 -25 -26 -27 -28 -29 29 -31
leaf_value=-0.0035119296538662194 0.10634407679210828 0.0086416774218423253 -0.084112320570562796 -0.10084342799299649 -0.0072311482702921677 0.069966047320571587 -0.07374451998499848 0.016990841321755681 -0.042645485325106001 -0.0603506811566221 -0.065728379949734891 0.07711365381132905 -0.10732253315152229 -0.11404023621272158 -0.035863695581396716 0.10166279393667176 -0.098922732183913675 0.039197942928901996 0.060613979464765891 0.0091482498551145475 -0.075992005122865525 -0.078999317092190241 0.13903748782584252 -0.038426512081251404 0.098567573838902814 0.069356508111558621 0.055442576099914681 -0.057216086761527611 0.15124001411972049 -0.030608998358429725
leaf_weight=267.13045696914196 10.008018046617513 308.37225731834769 15.344424765557049 9.0607342571020109 6.6835096776485434 4.1067387610673896 6.9606943652033788 4.5683612674474716 3.0913415849208832 4.5850311294198027 4.7903462052345267 4.5041115134954444 2.3790853247046462 2.0270405039191237 5.797245483845483 2.2447729483246803 7.09778741002083 3.805026687681675 3.3985884934663764 4.0928313136100769 5.0938002690672874 2.5785216465592384 4.2063427194952965 2.5112682729959488 2.6053659394383422 3.8528853952884665 4.3424743153154841 9.8538936339318752 2.539041381329298 2.4013443812727928
leaf_count=1677 83 1622 451 114 77 31 44 27 23 25 23 21 39 20 56 21 80 34 34 47 53 22 36 22 17 21 34 101 25 26
internal_value=-0.000490017 0.00882484 -0.00968424 -0.0269978 0.0490366 0.0708931 0.00594677 -0.0377908 0.0216031 0.00751155 0.00849104 0.00962739 -0.0160276 -0.0132253 -0.010518 -0.0248923 -0.00640508 0.0267961 -0.0606081 -0.0593971 -0.0267382 0.000384889 0.0799508 0.0276933 0.00967039 0.00162472 -0.00884142 -0.022398 0.00955437 0.0628497
internal_weight=720.033 357.67 362.363 95.2325 23.8896 17.2061 333.781 11.5291 7.19808 322.252 317.667 312.876 79.8881 77.509 75.4819 44.0897 29.0518 17.8612 15.0378 11.1906 8.89883 5.97711 8.96238 4.75604 31.3923 28.7869 24.934 20.5915 10.7376 4.94039
internal_count=4906 1976 2930 1253 214 137 1762 71 54 1691 1666 1643 802 763 743 463 293 166 170 127 87 56 79 43 280 263 242 208 107 51
is_linear=0
shrinkage=0.1


Tree=23
num_leaves=31
num_cat=0
split_feature=8 0 0 1 134 67 62 5 139 1 11 62 81 0 128 10 7 0 278 0 5 0 73 9 55 14 114 0 7 0
split_gain=5.36253 4.57419 4.17807 3.47834 6.18377 4.03044 7.23041 3.97207 3.41897 3.18873 2.90471 3.64883 3.29074 6.0997 5.30112 3.59198 3.36644 3.23932 2.88889 3.39834 2.75646 2.47043 3.51562 3.77825 5.8718 2.83629 2.34389 2.80314 3.38679 3.13798
threshold=1.0000000180025095e-35 5.1663243770599374 5.3483915328979501 -0.46931324899196619 1.0000000180025095e-35 1.0000000180025095e-35 1.0000000180025095e-35 1.0000000180025095e-35 1.0000000180025095e-35 0.98357290029525768 1.0000000180025095e-35 1.0000000180025095e-35 1.0000000180025095e-35 3.2950034141540532 1.0000000180025095e-35 1.0000000180025095e-35 1.0000000180025095e-35 3.9219712018966679 1.0000000180025095e-35 5.4524297714233407 1.0000000180025095e-35 3.5961669683456425 1.0000000180025095e-35 1.0000000180025095e-35 1.0000000180025095e-35 1.0000000180025095e-35 1.0000000180025095e-35 17.433264732360843 1.0000000180025095e-35 17.006159782409672
decision_type=2 2 2 2 2 2 2 2 2 2 2 2 2 2 2 2 2 2 2 2 2 2 2 2 2 2 2 2 2 2
left_child=2 20 3 7 -5 -6 -7 8 10 18 12 -12 14 16 -1 -16 -14 -13 19 -4 -2 25 23 24 -23 -9 27 29 -29 -21
right_child=1 -3 9 4 5 6 -8 21 -10 -11 11 17 13 -15 15 -17 -18 -19 -20 26 -22 22 -24 -25 -26 -27 -28 28 -30 -31
leaf_value=0.14542619736849755 -0.10323478625017012 -0.0090165339588626631 -0.098979568009146979 0.13128959365951728 -0.046837400144902931 -0.027660821030690754 0.12930983002698107 0.10388799158728212 -0.099391790521100282 -0.082692553383125159 -0.052396827843557474 0.083593172938763838 0.12268818446246139 -0.078563980701917668 -0.053886903240791831 0.07216959337303612 -0.014719364399434737 -0.041343119908359399 0.087583623155507287 0.0022266501284883833 -0.029624989333406199 0.019613429908433001 0.084288652291112945 0.059219061285654108 -0.14896508221175703 0.01985319641641407 -0.068104536148150069 0.0067331587789083731 0.12885961564418322 -0.053526599265819999
leaf_weight=4.6908687055110923 8.2255192436277866 183.46852052584291 3.4191383123397818 7.4354612082242992 5.6755920499563226 5.5231392532587051 6.2608119547367096 9.2587900459766406 3.5207670927047721 4.5916755795478812 15.258588023483753 4.7935629934072495 3.5857980847358704 6.6900986507534981 4.1617036908864975 4.9481748789548874 3.5463944375514984 3.6596518605947495 3.8272394090890876 360.63182061910629 13.33360356092453 4.7572264820337313 5.0853325277566901 4.5872518122196189 3.6525733768939972 7.0933764278888694 4.8247712329030028 5.6482548639178258 3.7974004298448563 10.385805703699587
leaf_count=26 271 1600 19 43 32 31 33 83 21 29 98 31 21 44 26 28 21 24 19 1938 152 30 33 29 23 54 32 31 21 63
internal_value=-0.000473216 -0.0141367 0.00500563 0.0218636 0.0549178 0.0223935 0.0557377 0.0126477 -0.00406292 0.000158485 0.00247515 -0.0231992 0.0245141 -0.00997421 0.0590563 0.0145827 0.054364 0.0295045 0.00112764 0.000276384 -0.0577096 0.0392685 0.0137973 -0.0137837 -0.0536042 0.0674347 0.00115721 0.00203553 0.0558312 0.000665963
internal_weight=716.339 205.028 511.311 114.185 24.895 17.4595 11.784 89.2902 54.8556 397.126 51.3348 23.7118 27.623 13.8223 13.8007 9.10988 7.13219 8.45321 392.534 388.707 21.5591 34.4346 18.0824 12.9971 8.4098 16.3522 385.288 380.463 9.44566 371.018
internal_count=4906 2023 2883 731 139 96 64 592 340 2152 319 153 166 86 80 54 42 55 2123 2104 423 252 115 82 53 137 2085 2053 52 2001
is_linear=0
shrinkage=0.1


Tree=24
num_leaves=31
num_cat=0
split_feature=5 90 0 88 8 0 0 73 8 48 44 14 113 1 17 44 177 11 86 7 0 13 67 1 94 0 95 168 101 81
split_gain=4.83861 3.42507 3.09064 2.85931 2.98961 4.93418 2.84125 2.8801 2.80516 2.73163 2.99934 2.59091 2.32524 2.61627 2.39647 2.17567 2.71686 2.1355 2.05776 4.05492 2.85836 3.03489 3.16365 3.07273 2.27011 2.45322 2.91214 2.14414 2.22628 2.04772
threshold=1.0000000180025095e-35 1.0000000180025095e-35 3.5961669683456425 1.0000000180025095e-35 1.0000000180025095e-35 5.1663243770599374 3.3497605323791508 1.0000000180025095e-35 1.0000000180025095e-35 1.0000000180025095e-35 1.0000000180025095e-35 1.0000000180025095e-35 1.0000000180025095e-35 -0.36938171088695521 1.0000000180025095e-35 1.0000000180025095e-35 1.0000000180025095e-35 1.0000000180025095e-35 1.0000000180025095e-35 1.0000000180025095e-35 15.368925571441652 1.0000000180025095e-35 1.0000000180025095e-35 0.75739601254463207 1.0000000180025095e-35 14.109513759613039 1.0000000180025095e-35 1.0000000180025095e-35 1.0000000180025095e-35 1.0000000180025095e-35
decision_type=2 2 2 2 2 2 2 2 2 2 2 2 2 2 2 2 2 2 2 2 2 2 2 2 2 2 2 2 2 2
left_child=1 3 6 4 12 -6 7 8 11 -7 -11 -2 14 -14 -1 -16 29 -5 20 -20 24 23 -23 -22 25 26 27 28 -12 -17
right_child=2 -3 -4 17 5 9 -8 -9 -10 10 18 -13 13 -15 15 16 -18 -19 19 -21 21 22 -24 -25 -26 -27 -28 -29 -30 -31
leaf_value=-0.073452683562212781 0.11325060812559069 0.10499591988711282 0.0054302886852172346 -0.025609972041446605 -0.10291750849298703 0.10642728617339875 0.12995224918961476 -0.079517673848955195 -0.016990251060016323 -0.11777443795722858 -0.037470409200173554 0.016786304449848907 0.034896012014574533 -0.06998415637225644 0.074532033629646832 0.0086943252310152826 -0.088682701159332883 -0.12125227588538462 -0.029481170782866741 0.090740411519472777 0.070433640579536438 -0.013206475462427789 0.11124283322522975 -0.055953624347386988 -0.093936561047211847 -0.08402026101596434 0.10688587360966584 0.095788955067910783 0.058808742742738701 -0.010460485371021016
leaf_weight=4.4036998227238646 6.3980408906936734 2.6327372696250668 332.64272107183933 6.0293245632201415 7.2441781070083371 1.7604102268815029 3.2806089371442786 2.1608360707759848 5.2791505903005591 2.9894569851458064 28.054057970643047 4.9295870214700699 3.1582898646593085 9.6326363682746869 3.956467777490615 140.00612258166075 3.4231031239032736 3.8095957934856415 6.3589175753295404 5.020648930221796 2.5386298894882202 3.6888974569737911 4.577372744679451 7.9401851184666157 5.8805193640291682 6.4388432353734961 1.8054463379085053 1.4360899254679669 2.6265411637723437 92.804849170148373
leaf_count=36 62 22 1762 49 263 14 31 21 62 31 428 38 22 68 24 859 27 32 56 39 19 30 33 73 79 69 25 24 25 583
internal_value=-0.000445738 -0.00864351 0.00783353 -0.00948489 -0.00797218 -0.0238428 0.0440913 0.0290827 0.0432135 -0.0167809 -0.0195141 0.071271 -0.00252383 -0.0440875 -0.000350274 0.00099 -0.000241688 -0.0626423 -0.0156676 0.0235604 -0.0225366 0.010403 0.0557062 -0.0253347 -0.0358895 -0.0274322 -0.016691 -0.0236379 -0.029228 0.00105869
internal_weight=712.908 358.217 354.691 355.584 345.745 88.3602 22.0482 18.7676 16.6068 81.116 79.3556 11.3276 257.385 12.7909 244.594 240.191 236.234 9.83892 76.3661 11.3796 64.9866 18.7451 8.26627 10.4788 46.2415 40.361 33.9221 32.1167 30.6806 232.811
internal_count=4906 2930 1976 2908 2827 1208 214 183 162 945 931 100 1619 90 1529 1493 1469 81 900 95 805 155 63 92 650 571 502 477 453 1442
is_linear=0
shrinkage=0.1


Tree=25
num_leaves=31
num_cat=0
split_feature=5 1 90 231 0 0 8 0 88 48 44 312 87 0 0 73 8 113 15 17 0 21 0 99 7 0 1 1 70 54
split_gain=3.97948 3.27553 3.88032 3.03675 3.42044 2.61061 2.59519 4.53918 2.8771 2.52239 2.31178 2.09323 2.05244 2.16582 2.04199 2.61184 2.46276 1.92255 2.33996 1.99005 1.88542 5.79902 5.22885 3.76087 4.15383 4.03859 3.52455 6.04957 5.80457 6.20622
threshold=1.0000000180025095e-35 0.98357290029525768 1.0000000180025095e-35 1.0000000180025095e-35 3.5961669683456425 17.746748924255375 1.0000000180025095e-35 5.1663243770599374 1.0000000180025095e-35 1.0000000180025095e-35 1.0000000180025095e-35 1.0000000180025095e-35 1.0000000180025095e-35 13.474332809448244 3.3497605323791508 1.0000000180025095e-35 1.0000000180025095e-35 1.0000000180025095e-35 1.0000000180025095e-35 1.0000000180025095e-35 13.726214885711672 1.0000000180025095e-35 13.351129055023195 1.0000000180025095e-35 1.0000000180025095e-35 11.190965175628664 0.59692752361297619 0.57563310861587536 1.0000000180025095e-35 1.0000000180025095e-35
decision_type=2 2 2 2 2 2 2 2 2 2 2 2 2 2 2 2 2 2 2 2 2 2 2 2 2 2 2 2 2 2
left_child=1 2 5 4 14 6 8 -8 17 -9 -11 12 -6 -14 15 16 -2 19 -19 -1 22 26 23 -21 -25 -26 27 -22 -28 -30
right_child=3 -3 -4 -5 11 -7 7 9 -10 10 -12 -13 13 -15 -16 -17 -18 18 -20 20 21 -23 -24 24 25 -27 28 -29 29 -31
leaf_value=-0.06893666163683973 0.076485800438941959 -0.098296208539105256 0.11804288091767223 -0.068824270420372397 0.0081954272334387127 0.088588851795410664 -0.10263437352892597 0.10062866747996005 -0.067012842267367978 -0.11403426848160024 -0.01647412742705481 -0.060724506161369318 -0.065494766097769663 0.028022174053287816 0.1240411239123179 -0.068346042641460103 -0.0093527674999300762 -0.077189866493954665 0.011184205846650442 0.0038290109454482061 0.0056903354228672667 0.14592321962583807 -0.12268336672968119 -0.090538190453670675 0.058518959758939275 -0.073092317731833903 -0.084117900655932207 0.1742317641449973 -0.041878826701326824 0.044221137205559487
leaf_weight=4.099821798503398 10.504041723906999 3.9641701914370051 2.4688150249421588 5.1949467286467543 312.59422591328621 2.7892667390406123 6.7018732149153939 1.7841597050428379 6.957361288368701 2.5101696439087382 74.977022344246507 4.6734674870967856 7.6394874751567823 3.6644269078969955 2.9981168359518042 2.1558460295200339 4.9023147709667674 7.1877212077379209 5.1377236917614937 157.99733707308769 6.0407532528042776 3.2994738295674315 3.616667114198207 9.3939094468951225 5.5354786440730095 4.0282415673136711 7.2805058360099784 3.2893044799566269 12.978873752057551 23.585030928254128
leaf_count=35 98 29 20 32 1643 20 268 13 45 30 909 23 49 22 30 20 59 56 33 977 37 22 25 64 38 27 46 19 80 137
internal_value=-0.000430923 -0.00790411 -0.00688514 0.00706962 0.00819889 -0.0077684 -0.00854428 -0.0236089 -0.00357112 -0.0169278 -0.0196346 0.00572292 0.00668167 -0.0351791 0.0477671 0.034746 0.0491719 -0.00182974 -0.0403521 0.000139215 0.00133392 0.0172813 -0.00365363 -0.00122086 -0.0433077 0.00308425 0.00929904 0.0651095 -0.00257739 0.0136587
internal_weight=709.951 355.624 351.66 354.327 349.132 349.191 346.401 85.9732 260.428 79.2714 77.4872 328.572 323.898 11.3039 20.5603 17.5622 15.4064 253.471 12.3254 241.145 237.046 56.4739 180.572 176.955 18.9576 9.56372 53.1745 9.33006 43.8444 36.5639
internal_count=4906 2930 2901 1976 1944 2881 2861 1220 1641 952 939 1737 1714 71 207 177 157 1596 89 1507 1472 341 1131 1106 129 65 319 56 263 217
is_linear=0
shrinkage=0.1


Tree=26
num_leaves=31
num_cat=0
split_feature=8 1 208 0 78 108 5 0 0 1 134 9 62 5 1 81 13 15 7 11 11 61 0 6 62 15 81 81 9 55
split_gain=3.50668 3.56817 3.31031 2.87612 2.85648 2.94295 2.94026 2.72246 2.73915 3.17228 4.98816 3.37284 4.83886 2.76756 3.0567 2.67054 2.5719 3.1411 3.44905 4.30983 2.32362 3.68117 4.041 4.25444 3.27435 3.24925 2.64991 2.41301 2.89771 2.27591
threshold=1.0000000180025095e-35 -0.18701041489839551 1.0000000180025095e-35 17.698836326599125 1.0000000180025095e-35 1.0000000180025095e-35 1.0000000180025095e-35 17.548254966735843 5.3483915328979501 -0.46931324899196619 1.0000000180025095e-35 1.0000000180025095e-35 1.0000000180025095e-35 1.0000000180025095e-35 -0.506730556488037 1.0000000180025095e-35 1.0000000180025095e-35 1.0000000180025095e-35 1.0000000180025095e-35 1.0000000180025095e-35 1.0000000180025095e-35 1.0000000180025095e-35 3.9219712018966679 1.0000000180025095e-35 1.0000000180025095e-35 1.0000000180025095e-35 1.0000000180025095e-35 1.0000000180025095e-35 1.0000000180025095e-35 1.0000000180025095e-35
decision_type=2 2 2 2 2 2 2 2 2 2 2 2 2 2 2 2 2 2 2 2 2 2 2 2 2 2 2 2 2 2
left_child=2 4 3 7 5 6 -2 8 9 13 -11 12 -12 14 20 -13 17 18 -8 -20 21 22 23 -1 27 -25 -26 28 -22 -18
right_child=1 -3 -4 -5 -6 -7 16 -9 -10 10 11 15 -14 -15 -16 -17 29 -19 19 -21 24 -23 -24 25 26 -27 -28 -29 -30 -31
leaf_value=-0.022800708323620935 -0.081926670124085305 -0.0050012117833934701 0.10035802979103284 -0.058520746021442298 -0.10783492198561773 0.090453930537923971 -0.014210684303712454 0.093021093218480913 -0.00039769337579191404 0.11762688954318234 -0.10933749728111969 0.1299724068365124 0.03525553112858875 0.031773223653228704 -0.073599401940972614 0.010670406658056466 -0.0081029662720383464 -0.049003288512961179 0.012997541276146458 0.20966200018503081 -0.065011695285327284 -0.051963401870298999 0.14434796181532283 0.14623772185854864 -0.01463474395126789 0.020387866209207323 0.10134093146425974 -0.10372205422856789 0.054698267357304958 -0.11759615976440629
leaf_weight=9.4933913946151804 9.5529142767190915 160.37327057123184 3.5403066202998152 7.4096798598766318 5.1695841159671536 1.9733621757477511 4.8778723552823084 3.4304928705096236 381.52971737086773 7.4157488644123104 3.6901043653488177 3.7476201057434073 6.2083816379308701 31.897227481007576 5.8520004376769057 3.7576193287968636 3.7553096190094939 5.9580960497260085 2.3206483423709869 2.1436372548341751 5.1251003667712194 5.2447789236903182 3.2426199913024893 3.6273375153541565 5.3533064946532249 4.7223799973726273 3.1174255758523941 5.3206571266055116 3.3397060334682465 3.8390874490141869
leaf_count=57 364 1301 19 48 110 33 47 18 2068 43 22 20 33 252 38 21 37 56 21 20 34 32 18 21 33 28 21 36 21 34
internal_value=-0.000423633 -0.0116383 0.00399892 0.00332142 -0.0385238 -0.0281141 -0.035325 0.00424505 0.00362692 0.017441 0.0489489 0.0196852 -0.018648 0.00838323 -0.00532166 0.0702419 -0.0158803 0.00773306 0.0439175 0.107431 0.00290202 0.0230078 0.0416558 0.0229936 -0.0208844 0.0750604 0.028047 -0.0509511 -0.0177813 -0.0634535
internal_weight=707.029 199.964 507.066 503.525 39.5905 34.4209 32.4476 496.116 492.685 111.155 24.8195 17.4037 9.89849 86.3359 54.4387 7.50524 22.8947 15.3003 9.34216 4.46429 48.5867 26.3305 21.0857 17.8431 22.2562 8.34972 8.47073 13.7855 8.46481 7.5944
internal_count=4906 2023 2883 2864 722 612 579 2816 2798 730 139 96 55 591 339 41 215 144 88 41 301 156 124 106 145 49 54 91 55 71
is_linear=0
shrinkage=0.1


Tree=27
num_leaves=31
num_cat=0
split_feature=263 303 5 1 90 231 0 10 0 8 0 21 128 0 68 48 86 7 177 1 73 39 0 9 10 0 167 108 101 40
split_gain=3.55744 3.34424 3.42845 2.6688 3.05071 2.53947 2.8175 2.30298 2.22672 2.15005 3.77506 3.55305 3.41994 5.75382 7.87456 2.03527 2.24329 2.94436 2.28808 2.60034 5.13029 5.2568 3.0719 2.01036 2.14726 2.36392 1.95958 2.13635 2.68702 1.73268
threshold=1.0000000180025095e-35 1.0000000180025095e-35 1.0000000180025095e-35 0.98357290029525768 1.0000000180025095e-35 1.0000000180025095e-35 3.5961669683456425 1.0000000180025095e-35 17.746748924255375 1.0000000180025095e-35 5.1663243770599374 1.0000000180025095e-35 1.0000000180025095e-35 10.843257904052736 1.0000000180025095e-35 1.0000000180025095e-35 1.0000000180025095e-35 1.0000000180025095e-35 1.0000000180025095e-35 0.73214691877365123 1.0000000180025095e-35 1.0000000180025095e-35 14.109513759613039 1.0000000180025095e-35 1.0000000180025095e-35 3.0266940593719487 1.0000000180025095e-35 1.0000000180025095e-35 1.0000000180025095e-35 1.0000000180025095e-35
decision_type=2 2 2 2 2 2 2 2 2 2 2 2 2 2 2 2 2 2 2 2 2 2 2 2 2 2 2 2 2 2
left_child=1 2 3 4 8 6 23 -2 9 11 -11 -1 13 -13 -15 -12 18 -18 19 22 29 -22 26 24 25 -4 27 28 -17 -21
right_child=7 -3 5 -5 -6 -7 -8 -9 -10 10 15 12 -14 14 -16 16 17 -19 -20 20 21 -23 -24 -25 -26 -27 -28 -29 -30 -31
leaf_value=-0.00028622350021995931 0.10304229605893792 -0.091127906225943231 0.076003819697746722 -0.093134608278865605 0.10049795016910845 -0.064099053899921127 0.005099577627748343 0.0093264719692131553 0.079669061678778796 -0.10220237038132551 0.085592069027550968 -0.10352566375823452 0.064242516413466191 0.077644756714124796 -0.12107465395022413 -0.051681564204975439 -0.025937120235131974 0.075250759225033714 0.076383888360215549 0.007398149279906902 -0.0034677133703726487 0.18636060273712585 -0.10020118499028757 0.0058846251260728224 0.11487153539841402 -0.058127978571971439 0.07917480893320257 0.042027417488847509 0.051608299999060608 -0.082179840957652558
leaf_weight=231.88775711506605 5.3803028203546983 4.1190065033733836 3.6768559888005274 3.6270816102623931 2.6244999766349784 5.050090678036212 320.63611700758338 5.1151719987392426 2.889932867139577 5.558125836774706 1.8922387287020672 11.195038132369524 2.6731654256582251 5.4706563651561719 3.1378687918186188 30.123321730643511 6.19931538030505 5.3636290393769741 2.0705478414893141 3.8589977361261827 3.4195075593888751 2.5442129671573639 7.6433642990887156 7.9868782088160506 5.6789401546120644 2.0445272736251354 1.5569279436022032 3.2430290617048732 2.7483630310744038 4.9025291316211224
leaf_count=1443 32 27 43 29 20 32 1704 28 20 264 13 83 20 39 24 491 57 40 25 34 32 17 87 84 55 24 26 44 28 41
internal_value=-0.000415896 -0.00129 -0.000753471 -0.00780847 -0.0069009 0.00629246 0.00733793 0.0573681 -0.00773389 -0.00848679 -0.0226623 -0.00396582 -0.0419274 -0.0562587 0.00521011 -0.0168119 -0.019442 0.0210003 -0.026971 -0.0305353 0.0059723 0.0775159 -0.0423986 0.0443571 0.0713102 0.028072 -0.0306707 -0.0354062 -0.0430456 -0.0427254
internal_weight=704.318 693.823 689.704 344.63 341.003 345.073 340.023 10.4955 338.379 335.489 81.1241 254.364 22.4767 19.8036 8.60853 75.566 73.6737 11.5629 62.1108 60.0403 14.7252 5.96372 45.315 19.3872 11.4003 5.72138 37.6716 36.1147 32.8717 8.76153
internal_count=4906 4846 4819 2877 2848 1942 1910 60 2828 2808 1199 1609 166 146 63 935 922 97 825 800 124 49 676 206 122 67 589 563 519 75
is_linear=0
shrinkage=0.1


Tree=28
num_leaves=31
num_cat=0
split_feature=263 303 8 1 78 0 0 5 13 22 16 15 0 150 77 81 5 1 167 78 15 10 67 82 67 13 9 0 0 0
split_gain=2.83722 2.85048 2.87182 3.10627 2.63024 2.48378 3.62234 2.4163 2.43896 3.09381 2.9617 2.44932 2.34296 2.65529 2.14293 4.30551 2.27983 2.86859 2.98078 2.45701 2.23131 3.88541 3.31205 2.86029 2.142 3.02217 5.53089 3.73424 2.68866 3.10123
threshold=1.0000000180025095e-35 1.0000000180025095e-35 1.0000000180025095e-35 -0.18701041489839551 1.0000000180025095e-35 6.635181427001954 6.4298424720764169 1.0000000180025095e-35 1.0000000180025095e-35 1.0000000180025095e-35 1.0000000180025095e-35 1.0000000180025095e-35 17.698836326599125 1.0000000180025095e-35 1.0000000180025095e-35 1.0000000180025095e-35 1.0000000180025095e-35 -0.052095215767621987 1.0000000180025095e-35 1.0000000180025095e-35 1.0000000180025095e-35 1.0000000180025095e-35 1.0000000180025095e-35 1.0000000180025095e-35 1.0000000180025095e-35 1.0000000180025095e-35 1.0000000180025095e-35 5.0171115398406991 4.8090348243713388 3.7193702459335332
decision_type=2 2 2 2 2 2 2 2 2 2 2 2 2 2 2 2 2 2 2 2 2 2 2 2 2 2 2 2 2 2
left_child=1 2 12 4 5 6 7 -4 9 10 11 -9 13 14 16 -16 -1 18 20 -19 23 22 -22 24 -18 28 27 -27 29 -26
right_child=-2 -3 3 -5 -6 -7 -8 8 -10 -11 -12 -13 -14 -15 15 -17 17 19 -20 -21 21 -23 -24 -25 25 26 -28 -29 -30 -31
leaf_value=-0.00069572151752437649 0.050808164362254361 -0.086073523519795025 -0.073527606674097676 -0.0048457163610269608 -0.10722284024263336 -0.085251047178775116 0.13083963549591826 0.14818414489908982 -0.052845780410604976 -0.074878180278593318 -0.024059073951177058 0.015124341795751764 -0.053844455176551655 -0.077585188549769993 -0.082190734257256287 0.041500345003929212 0.074624564647804495 0.0016241696548885095 0.11648424961408615 0.074579256488558385 -0.078545276790420573 0.040838311005815336 0.0077351131751077634 -0.0480388026371667 0.065710250813222543 0.019880030227507246 0.070812969628502184 -0.12555032658779164 0.087895911522882092 -0.065553003687419231
leaf_weight=248.45264086872339 10.650953162461517 3.9345522224903098 6.9253172762692037 155.86303395405412 4.6622206326574078 5.969062700867652 1.6239549219608296 3.4105562083423155 6.5584958195686331 2.5081380084156981 3.3554923310875893 2.3275160193443298 7.0657469332218161 3.9418849274516097 7.6553644016385061 4.4499975442886353 15.266536593437193 131.35505883395672 3.6053994596004477 4.7844709753990164 7.4517337381839761 15.508986815810202 11.041489563882351 3.6378051936626425 4.1482167467474964 3.0166617780923861 5.0713316425681114 4.2573583871126175 10.364933252334593 3.1794419884681702
leaf_count=1573 60 27 316 1278 110 78 23 34 67 24 36 25 48 22 43 23 85 590 20 20 37 92 66 21 41 24 34 19 49 21
internal_value=-0.000411052 -0.00120009 -0.000714329 -0.011052 -0.0369575 -0.0269328 -0.0138998 -0.0232697 -0.00410409 0.0234498 0.0505701 0.0942115 0.00332666 0.00415582 0.00482258 -0.0367212 0.00588999 0.0132376 0.0274722 0.00418809 0.023603 0.00392532 -0.0270311 0.0372739 0.0441243 0.0286227 -0.0093497 -0.0652378 0.0551188 0.00875565
internal_weight=702.044 691.393 687.459 193.204 37.3408 32.6785 26.7095 25.0855 18.1602 11.6017 9.09356 5.73807 494.255 487.189 483.247 12.1054 471.142 222.689 86.5499 136.14 82.9445 34.0022 18.4932 48.9423 45.3045 30.0379 12.3454 7.27402 17.6926 7.32766
internal_count=4906 4846 4819 1991 713 603 525 502 186 119 95 59 2828 2780 2758 66 2692 1119 509 610 489 195 103 294 273 188 77 43 111 62
is_linear=0
shrinkage=0.1


end of trees

feature_importances:
Column_0=153
Column_1=66
Column_8=53
Column_5=35
Column_15=28
Column_10=25
Column_9=23
Column_81=22
Column_14=20
Column_13=19
Column_67=19
Column_12=15
Column_16=14
Column_11=13
Column_65=13
Column_73=13
Column_7=12
Column_21=12
Column_26=12
Column_87=12
Column_53=11
Column_63=11
Column_19=10
Column_6=9
Column_99=9
Column_263=9
Column_61=8
Column_78=8
Column_93=8
Column_18=7
Column_36=7
Column_57=7
Column_64=7
Column_104=7
Column_108=7
Column_113=7
Column_134=7
Column_177=7
Column_83=6
Column_101=6
Column_17=5
Column_54=5
Column_55=5
Column_68=5
Column_72=5
Column_74=5
Column_40=4
Column_62=4
Column_71=4
Column_80=4
Column_82=4
Column_86=4
Column_130=4
Column_39=3
Column_42=3
Column_44=3
Column_48=3
Column_50=3
Column_70=3
Column_77=3
Column_90=3
Column_94=3
Column_128=3
Column_167=3
Column_231=3
Column_22=2
Column_34=2
Column_69=2
Column_88=2
Column_114=2
Column_126=2
Column_139=2
Column_140=2
Column_303=2
Column_312=2
Column_23=1
Column_24=1
Column_32=1
Column_41=1
Column_49=1
Column_51=1
Column_60=1
Column_84=1
Column_95=1
Column_132=1
Column_137=1
Column_138=1
Column_150=1
Column_153=1
Column_168=1
Column_174=1
Column_201=1
Column_208=1
Column_278=1

parameters:
[boosting: gbdt]
[objective: binary]
[metric: binary_logloss]
[tree_learner: serial]
[device_type: cpu]
[data_sample_strategy: bagging]
[data: ]
[valid: ]
[num_iterations: 300]
[learning_rate: 0.1]
[num_leaves: 31]
[num_threads: 0]
[seed: 0]
[deterministic: 0]
[force_col_wise: 0]
[force_row_wise: 0]
[histogram_pool_size: -1]
[max_depth: -1]
[min_data_in_leaf: 20]
[min_sum_hessian_in_leaf: 0.001]
[bagging_fraction: 1]
[pos_bagging_fraction: 1]
[neg_bagging_fraction: 1]
[bagging_freq: 0]
[bagging_seed: 7719]
[bagging_by_query: 0]
[feature_fraction: 1]
[feature_fraction_bynode: 1]
[feature_fraction_seed: 2437]
[extra_trees: 0]
[extra_seed: 11797]
[early_stopping_round: 0]
[early_stopping_min_delta: 0]
[first_metric_only: 0]
[max_delta_step: 0]
[lambda_l1: 0]
[lambda_l2: 0]
[linear_lambda: 0]
[min_gain_to_split: 0]
[drop_rate: 0.1]
[max_drop: 50]
[skip_drop: 0.5]
[xgboost_dart_mode: 0]
[uniform_drop: 0]
[drop_seed: 21238]
[top_rate: 0.2]
[other_rate: 0.1]
[min_data_per_group: 100]
[max_cat_threshold: 32]
[cat_l2: 10]
[cat_smooth: 10]
[max_cat_to_onehot: 4]
[top_k: 20]
[monotone_constraints: ]
[monotone_constraints_method: basic]
[monotone_penalty: 0]
[feature_contri: ]
[forcedsplits_filename: ]
[refit_decay_rate: 0.9]
[cegb_tradeoff: 1]
[cegb_penalty_split: 0]
[cegb_penalty_feature_lazy: ]
[cegb_penalty_feature_coupled: ]
[path_smooth: 0]
[interaction_constraints: ]
[verbosity: -1]
[saved_feature_importance_type: 0]
[use_quantized_grad: 0]
[num_grad_quant_bins: 4]
[quant_train_renew_leaf: 0]
[stochastic_rounding: 1]
[linear_tree: 0]
[max_bin: 255]
[max_bin_by_feature: ]
[min_data_in_bin: 3]
[bin_construct_sample_cnt: 200000]
[data_random_seed: 38]
[is_enable_sparse: 1]
[enable_bundle: 1]
[use_missing: 1]
[zero_as_missing: 0]
[feature_pre_filter: 1]
[pre_partition: 0]
[two_round: 0]
[header: 0]
[label_column: ]
[weight_column: ]
[group_column: ]
[ignore_column: ]
[categorical_feature: ]
[forcedbins_filename: ]
[precise_float_parser: 0]
[parser_config_file: ]
[objective_seed: 8855]
[num_class: 1]
[is_unbalance: 0]
[scale_pos_weight: 1]
[sigmoid: 1]
[boost_from_average: 1]
[reg_sqrt: 0]
[alpha: 0.9]
[fair_c: 1]
[poisson_max_delta_step: 0.7]
[tweedie_variance_power: 1.5]
[lambdarank_truncation_level: 30]
[lambdarank_norm: 1]
[label_gain: ]
[lambdarank_position_bias_regularization: 0]
[eval_at: ]
[multi_error_top_k: 1]
[auc_mu_weights: ]
[num_machines: 1]
[local_listen_port: 12400]
[time_out: 120]
[machine_list_filename: ]
[machines: ]
[gpu_platform_id: -1]
[gpu_device_id: -1]
[gpu_device_id_list: ]
[gpu_use_dp: 0]
[num_gpu: 1]

end of parameters

pandas_categorical:null
