tree
version=v4
num_class=1
num_tree_per_iteration=1
label_index=0
max_feature_idx=567
objective=binary sigmoid:1
feature_names=Column_0 Column_1 Column_2 Column_3 Column_4 Column_5 Column_6 Column_7 Column_8 Column_9 Column_10 Column_11 Column_12 Column_13 Column_14 Column_15 Column_16 Column_17 Column_18 Column_19 Column_20 Column_21 Column_22 Column_23 Column_24 Column_25 Column_26 Column_27 Column_28 Column_29 Column_30 Column_31 Column_32 Column_33 Column_34 Column_35 Column_36 Column_37 Column_38 Column_39 Column_40 Column_41 Column_42 Column_43 Column_44 Column_45 Column_46 Column_47 Column_48 Column_49 Column_50 Column_51 Column_52 Column_53 Column_54 Column_55 Column_56 Column_57 Column_58 Column_59 Column_60 Column_61 Column_62 Column_63 Column_64 Column_65 Column_66 Column_67 Column_68 Column_69 Column_70 Column_71 Column_72 Column_73 Column_74 Column_75 Column_76 Column_77 Column_78 Column_79 Column_80 Column_81 Column_82 Column_83 Column_84 Column_85 Column_86 Column_87 Column_88 Column_89 Column_90 Column_91 Column_92 Column_93 Column_94 Column_95 Column_96 Column_97 Column_98 Column_99 Column_100 Column_101 Column_102 Column_103 Column_104 Column_105 Column_106 Column_107 Column_108 Column_109 Column_110 Column_111 Column_112 Column_113 Column_114 Column_115 Column_116 Column_117 Column_118 Column_119 Column_120 Column_121 Column_122 Column_123 Column_124 Column_125 Column_126 Column_127 Column_128 Column_129 Column_130 Column_131 Column_132 Column_133 Column_134 Column_135 Column_136 Column_137 Column_138 Column_139 Column_140 Column_141 Column_142 Column_143 Column_144 Column_145 Column_146 Column_147 Column_148 Column_149 Column_150 Column_151 Column_152 Column_153 Column_154 Column_155 Column_156 Column_157 Column_158 Column_159 Column_160 Column_161 Column_162 Column_163 Column_164 Column_165 Column_166 Column_167 Column_168 Column_169 Column_170 Column_171 Column_172 Column_173 Column_174 Column_175 Column_176 Column_177 Column_178 Column_179 Column_180 Column_181 Column_182 Column_183 Column_184 Column_185 Column_186 Column_187 Column_188 Column_189 Column_190 Column_191 Column_192 Column_193 Column_194 Column_195 Column_196 Column_197 Column_198 Column_199 Column_200 Column_201 Column_202 Column_203 Column_204 Column_205 Column_206 Column_207 Column_208 Column_209 Column_210 Column_211 Column_212 Column_213 Column_214 Column_215 Column_216 Column_217 Column_218 Column_219 Column_220 Column_221 Column_222 Column_223 Column_224 Column_225 Column_226 Column_227 Column_228 Column_229 Column_230 Column_231 Column_232 Column_233 Column_234 Column_235 Column_236 Column_237 Column_238 Column_239 Column_240 Column_241 Column_242 Column_243 Column_244 Column_245 Column_246 Column_247 Column_248 Column_249 Column_250 Column_251 Column_252 Column_253 Column_254 Column_255 Column_256 Column_257 Column_258 Column_259 Column_260 Column_261 Column_262 Column_263 Column_264 Column_265 Column_266 Column_267 Column_268 Column_269 Column_270 Column_271 Column_272 Column_273 Column_274 Column_275 Column_276 Column_277 Column_278 Column_279 Column_280 Column_281 Column_282 Column_283 Column_284 Column_285 Column_286 Column_287 Column_288 Column_289 Column_290 Column_291 Column_292 Column_293 Column_294 Column_295 Column_296 Column_297 Column_298 Column_299 Column_300 Column_301 Column_302 Column_303 Column_304 Column_305 Column_306 Column_307 Column_308 Column_309 Column_310 Column_311 Column_312 Column_313 Column_314 Column_315 Column_316 Column_317 Column_318 Column_319 Column_320 Column_321 Column_322 Column_323 Column_324 Column_325 Column_326 Column_327 Column_328 Column_329 Column_330 Column_331 Column_332 Column_333 Column_334 Column_335 Column_336 Column_337 Column_338 Column_339 Column_340 Column_341 Column_342 Column_343 Column_344 Column_345 Column_346 Column_347 Column_348 Column_349 Column_350 Column_351 Column_352 Column_353 Column_354 Column_355 Column_356 Column_357 Column_358 Column_359 Column_360 Column_361 Column_362 Column_363 Column_364 Column_365 Column_366 Column_367 Column_368 Column_369 Column_370 Column_371 Column_372 Column_373 Column_374 Column_375 Column_376 Column_377 Column_378 Column_379 Column_380 Column_381 Column_382 Column_383 Column_384 Column_385 Column_386 Column_387 Column_388 Column_389 Column_390 Column_391 Column_392 Column_393 Column_394 Column_395 Column_396 Column_397 Column_398 Column_399 Column_400 Column_401 Column_402 Column_403 Column_404 Column_405 Column_406 Column_407 Column_408 Column_409 Column_410 Column_411 Column_412 Column_413 Column_414 Column_415 Column_416 Column_417 Column_418 Column_419 Column_420 Column_421 Column_422 Column_423 Column_424 Column_425 Column_426 Column_427 Column_428 Column_429 Column_430 Column_431 Column_432 Column_433 Column_434 Column_435 Column_436 Column_437 Column_438 Column_439 Column_440 Column_441 Column_442 Column_443 Column_444 Column_445 Column_446 Column_447 Column_448 Column_449 Column_450 Column_451 Column_452 Column_453 Column_454 Column_455 Column_456 Column_457 Column_458 Column_459 Column_460 Column_461 Column_462 Column_463 Column_464 Column_465 Column_466 Column_467 Column_468 Column_469 Column_470 Column_471 Column_472 Column_473 Column_474 Column_475 Column_476 Column_477 Column_478 Column_479 Column_480 Column_481 Column_482 Column_483 Column_484 Column_485 Column_486 Column_487 Column_488 Column_489 Column_490 Column_491 Column_492 Column_493 Column_494 Column_495 Column_496 Column_497 Column_498 Column_499 Column_500 Column_501 Column_502 Column_503 Column_504 Column_505 Column_506 Column_507 Column_508 Column_509 Column_510 Column_511 Column_512 Column_513 Column_514 Column_515 Column_516 Column_517 Column_518 Column_519 Column_520 Column_521 Column_522 Column_523 Column_524 Column_525 Column_526 Column_527 Column_528 Column_529 Column_530 Column_531 Column_532 Column_533 Column_534 Column_535 Column_536 Column_537 Column_538 Column_539 Column_540 Column_541 Column_542 Column_543 Column_544 Column_545 Column_546 Column_547 Column_548 Column_549 Column_550 Column_551 Column_552 Column_553 Column_554 Column_555 Column_556 Column_557 Column_558 Column_559 Column_560 Column_561 Column_562 Column_563 Column_564 Column_565 Column_566 Column_567
feature_infos=[2.0013689994812012:17.993154525756836] [-0.7776256799697876:0.99923950433731079] none none none [0:1] [0:1] [0:1] [0:1] [0:1] [0:1] [0:1] [0:1] [0:1] [0:1] [0:1] [0:1] [0:1] [0:1] [0:1] [0:1] [0:1] [0:1] [0:1] [0:1] [0:1] [0:1] [0:1] [0:1] [0:1] [0:1] [0:1] [0:1] [0:1] [0:1] [0:1] [0:1] [0:1] [0:1] [0:1] [0:1] [0:1] [0:1] [0:1] [0:1] [0:1] [0:1] [0:1] [0:1] [0:1] [0:1] [0:1] [0:1] [0:1] [0:1] [0:1] [0:1] [0:1] [0:1] [0:1] [0:1] [0:1] [0:1] [0:1] [0:1] [0:1] [0:1] [0:1] [0:1] [0:1] [0:1] [0:1] [0:1] [0:1] [0:1] [0:1] [0:1] [0:1] [0:1] [0:1] [0:1] [0:1] [0:1] [0:1] [0:1] [0:1] [0:1] [0:1] [0:1] [0:1] [0:1] [0:1] [0:1] [0:1] [0:1] [0:1] [0:1] [0:1] [0:1] [0:1] [0:1] [0:1] [0:1] [0:1] [0:1] [0:1] [0:1] [0:1] [0:1] none none none none [0:1] [0:1] none [0:1] none [0:1] none none [0:1] none none none none [0:1] [0:1] [0:1] [0:1] [0:1] none [0:1] [0:1] [0:1] [0:1] none [0:1] [0:1] [0:1] [0:1] [0:1] [0:1] [0:1] [0:1] [0:1] [0:1] [0:1] [0:1] [0:1] [0:1] [0:1] [0:1] [0:1] [0:1] [0:1] [0:1] none none none none none none none none none none [0:1] [0:1] none none none none none [0:1] [0:1] [0:1] [0:1] [0:1] [0:1] [0:1] [0:1] [0:1] [0:1] [0:1] [0:1] [0:1] [0:1] [0:1] [0:1] [0:1] [0:1] [0:1] [0:1] [0:1] [0:1] [0:1] [0:1] [0:1] [0:1] [0:1] [0:1] none none [0:1] [0:1] [0:1] none [0:1] [0:1] [0:1] [0:1] [0:1] none [0:1] none none [0:1] none [0:1] [0:1] [0:1] [0:1] [0:1] [0:1] [0:1] [0:1] [0:1] [0:1] [0:1] [0:1] [0:1] [0:1] [0:1] [0:1] [0:1] [0:1] [0:1] [0:1] [0:1] [0:1] [0:1] [0:1] [0:1] none none none none none none none none none none none none none none none none none [0:1] [0:1] [0:1] [0:1] [0:1] [0:1] [0:1] [0:1] [0:1] [0:1] none [0:1] [0:1] [0:1] [0:1] none [0:1] [0:1] none none none [0:1] [0:1] none none none none none [0:1] [0:1] [0:1] [0:1] [0:1] [0:1] [0:1] none none none [0:1] none [0:1] [0:1] [0:1] none [0:1] [0:1] [0:1] [0:1] none none [0:1] [0:1] none none none none [0:1] [0:1] none none none [0:1] none none [0:1] [0:1] none none [0:1] [0:1] none none none none none none none none none none none none none none none none none none none none none none none none none none none none none none none none none none none none none none none none none none none none none none none none none none none none none none none none none none none none none none none none none none none none none none none none none none none none none none none none none none none none none none none none none none none none none none none none none none none none none none none none none none none none none none none none none none none none none none none none none none none none none none none none none none none none none none none none none none none none none none none none none none none none none none none none none none none none none none none none none none none none none none none none none none none none none none none none none none none none none none none none none none none none none none none none none none none none none none none none none none none none none none none none none none none none none none none none none none none none none none none none none none none none none none none none none none none none none
tree_sizes=3401 3432 3423 3442 3445 3450 3448 3452 3459 3468 3437 3476 3454 3477 3492 3464 3512 3497 3486 3467 3465 3469 3495 3503 3498 3493 3461 3500 3518 3493 3488 3480 3473 3467 3466 3475

Tree=0
num_leaves=31
num_cat=0
split_feature=1 14 15 15 0 127 7 14 15 5 0 13 0 15 5 9 15 9 9 0 127 9 7 128 0 13 31 0 82 10
split_gain=556.959 475.211 355.771 75.4193 51.2454 39.8916 32.4324 32.3061 22.8326 22.246 20.6288 18.1015 15.7135 14.6287 14.3734 13.169 12.0162 11.6103 10.7098 10.6083 10.4187 10.0823 9.5472 9.02834 8.99064 7.98474 7.97169 9.18814 7.70739 7.61446
threshold=-0.065480265766382204 1.0000000180025095e-35 1.0000000180025095e-35 1.0000000180025095e-35 11.43189573287964 1.0000000180025095e-35 1.0000000180025095e-35 1.0000000180025095e-35 1.0000000180025095e-35 1.0000000180025095e-35 6.5010266304016122 1.0000000180025095e-35 3.3497605323791508 1.0000000180025095e-35 1.0000000180025095e-35 1.0000000180025095e-35 1.0000000180025095e-35 1.0000000180025095e-35 1.0000000180025095e-35 5.542778968811036 1.0000000180025095e-35 1.0000000180025095e-35 1.0000000180025095e-35 1.0000000180025095e-35 11.998631000518801 1.0000000180025095e-35 1.0000000180025095e-35 9.2238192558288592 1.0000000180025095e-35 1.0000000180025095e-35
decision_type=2 2 2 2 2 2 2 2 2 2 2 2 2 2 2 2 2 2 2 2 2 2 2 2 2 2 2 2 2 2
left_child=1 2 18 5 7 21 9 8 -2 20 -5 22 -8 26 19 -13 -6 23 -1 25 -4 -3 -7 -11 -18 -14 27 -9 29 -15
right_child=4 3 6 10 16 11 12 13 -10 17 -12 15 14 28 -16 -17 24 -19 -20 -21 -22 -23 -24 -25 -26 -27 -28 -29 -30 -31
leaf_value=-1.2167588017890878 -1.199208120924921 -1.0471115647662339 -0.92602836532708532 -0.7345733175435003 -1.2000197087325333 -0.77710403709618914 -0.8915674657298247 -1.028335331206417 -1.0998325306862267 -1.0746915570874009 -0.86812484618072228 -0.99335375860879027 -0.8581070967729415 -1.0726702654611631 -1.1452239964661228 -0.84291678394545677 -1.0895101513222574 -0.89131764849553119 -1.1621717845043353 -1.0695372634404943 -0.81644413121267445 -0.93816004537378583 -0.88692800280723161 -0.89960920146231937 -1.1711487403236012 -1.0429067462648103 -0.98203699272038925 -1.1380157361779679 -0.87424680415214395 -0.94018903715859992
leaf_weight=79.607919335365295 53.134531065821648 21.404016047716141 13.51832592487335 39.616205140948296 211.59935162961483 19.901979833841324 7.6979355961084357 9.9509899169206601 40.93048682808876 11.640780657529829 16.334643825888634 14.832607612013817 6.1958993822336215 12.767307817935949 10.702008023858072 9.5754808634519577 15.020362138748167 9.7632353901863098 65.526329830288887 11.265271604061125 24.220333948731422 14.081589505076407 13.142816871404646 3.9428450614213952 132.36694134771824 3.7550905346870422 5.2571267485618582 32.85704217851162 3.9428450614213935 6.571408435702323
leaf_count=424 283 114 72 211 1127 106 41 53 218 62 87 79 33 68 57 51 80 52 349 60 129 75 70 21 705 20 28 175 21 35
internal_value=-1.0959 -1.0065 -1.09133 -0.865292 -1.16353 -0.920514 -0.948897 -1.11748 -1.15597 -0.904365 -0.773563 -0.869025 -1.01981 -1.06673 -1.05074 -0.934336 -1.18475 -0.976824 -1.19211 -1.00308 -0.855698 -1.00388 -0.820784 -1.03039 -1.16283 -0.927843 -1.09825 -1.11252 -1.00167 -1.02765
internal_weight=921.124 396.725 247.836 148.889 524.398 92.9385 102.702 165.412 94.065 63.0855 55.9508 57.4529 39.6162 71.3467 31.9183 24.4081 358.987 25.3469 145.134 21.2163 37.7387 35.4856 33.0448 15.5836 147.387 9.95099 48.0652 42.808 23.2816 19.3387
internal_count=4906 2113 1320 793 2793 495 547 881 501 336 298 306 211 380 170 130 1912 135 773 113 201 189 176 83 785 53 256 228 124 103
is_linear=0
shrinkage=1


Tree=1
num_leaves=31
num_cat=0
split_feature=1 14 15 0 15 14 0 9 15 128 0 0 9 15 15 9 5 9 0 5 7 0 26 13 31 0 13 1 13 33
split_gain=443.634 328.86 280.553 45.5439 43.521 26.8725 25.8563 22.7235 20.2819 14.1949 12.0628 11.6304 11.5948 11.2294 11.1117 10.1554 10.1043 8.53162 8.31481 8.04063 7.96691 7.83767 7.35395 6.46966 6.14664 7.40747 6.12528 5.84369 6.28164 5.41405
threshold=-0.065480265766382204 1.0000000180025095e-35 1.0000000180025095e-35 11.43189573287964 1.0000000180025095e-35 1.0000000180025095e-35 5.6454484462738046 1.0000000180025095e-35 1.0000000180025095e-35 1.0000000180025095e-35 4.2108144760131845 5.3483915328979501 1.0000000180025095e-35 1.0000000180025095e-35 1.0000000180025095e-35 1.0000000180025095e-35 1.0000000180025095e-35 1.0000000180025095e-35 2.8350445032119755 1.0000000180025095e-35 1.0000000180025095e-35 11.998631000518801 1.0000000180025095e-35 1.0000000180025095e-35 1.0000000180025095e-35 9.2238192558288592 1.0000000180025095e-35 -0.21636626124382016 1.0000000180025095e-35 1.0000000180025095e-35
decision_type=2 2 2 2 2 2 2 2 2 2 2 2 2 2 2 2 2 2 2 2 2 2 2 2 2 2 2 2 2 2
left_child=1 2 15 5 6 8 12 9 -2 16 26 -6 18 -5 24 -1 20 -8 -3 27 -4 -15 -22 -16 25 -7 -9 28 -12 -10
right_child=3 4 7 13 11 14 17 10 29 -11 19 -13 -14 21 23 -17 -18 -19 -20 -21 22 -23 -24 -25 -26 -27 -28 -29 -30 -31
leaf_value=-0.11624052340255449 -0.09837552844744625 0.22796770062552918 0.13516925479977404 -0.099193814955447948 0.28861444192139024 0.058730712021927284 0.042451631137613334 0.31088509982773987 0.010710532620566263 0.16132390373388841 0.26255965618711741 0.20318733006400472 0.23761387885854324 0.0057283416476056545 0.12813482368472615 -0.061817666395660976 -0.0012514938192169037 0.13639850442522589 0.11969411965016651 0.069864120135919971 0.14190224554661804 -0.070540158368995784 -0.024899286424898543 0.024672742449882254 0.096751254070076731 -0.038770715871707565 0.17920279998142991 0.090758538670276487 0.11964067841789483 -0.096488611032523583
leaf_weight=74.747695207595825 50.36553730070591 9.7343282401561719 18.054309815168381 200.48490478098392 35.273737072944641 10.283257603645323 23.021450728178024 8.1601131558418256 35.415876299142838 18.168543472886086 9.1446672677993792 29.07135970890522 25.171843886375427 15.068187713623045 13.191563859581947 63.343121320009232 18.172339797019958 16.663091078400612 26.135470792651176 10.102211102843286 3.9388893842697152 127.35501140356064 8.0347897559404373 11.154562950134277 5.5506694316864005 32.163061946630478 6.2287607491016379 5.2789519727230063 4.6336170136928549 5.4341820776462546
leaf_count=424 283 47 87 1127 161 53 119 39 189 88 44 137 119 80 67 349 97 82 128 51 20 705 41 57 28 175 30 27 23 29
internal_value=-0.000502272 0.076408 0.00361463 -0.0632311 0.185775 -0.0198109 0.144736 0.122828 -0.0559088 0.0859973 0.178959 0.250018 0.185587 -0.0839414 0.025704 -0.0912764 0.0576038 0.0818989 0.149077 0.141988 0.0932218 -0.0624711 0.0299721 0.080732 -0.00220863 -0.0151495 0.253882 0.18022 0.214496 -0.0035499
internal_weight=919.546 413.079 248.008 506.467 165.071 163.559 100.726 109.917 91.2156 66.3689 43.5483 64.3451 61.0416 342.908 72.3431 138.091 48.2003 39.6845 35.8698 29.1594 30.028 142.423 11.9737 24.3461 47.997 42.4463 14.3889 19.0572 13.7783 40.8501
internal_count=4906 2113 1320 2793 793 881 495 547 501 333 214 298 294 1912 380 773 245 201 175 145 148 785 61 124 256 228 69 94 67 218
is_linear=0
shrinkage=0.1


Tree=2
num_leaves=31
num_cat=0
split_feature=1 14 15 0 15 14 1 7 15 9 127 15 9 31 0 5 0 1 0 13 36 15 13 9 13 10 0 132 9 7
split_gain=359.223 241.309 225.507 40.4318 30.0205 22.41 18.7474 18.2264 18.0186 10.7308 10.7025 10.5339 9.69813 9.34763 8.6456 8.372 8.72364 7.74498 7.37479 6.5715 7.63166 6.35282 7.80397 6.30543 6.11517 9.67805 5.99103 5.85625 4.91587 4.79853
threshold=-0.065480265766382204 1.0000000180025095e-35 1.0000000180025095e-35 11.43189573287964 1.0000000180025095e-35 1.0000000180025095e-35 -0.23431439697742459 1.0000000180025095e-35 1.0000000180025095e-35 1.0000000180025095e-35 1.0000000180025095e-35 1.0000000180025095e-35 1.0000000180025095e-35 1.0000000180025095e-35 6.5010266304016122 1.0000000180025095e-35 5.542778968811036 0.825994372367859 2.8350445032119755 1.0000000180025095e-35 1.0000000180025095e-35 1.0000000180025095e-35 1.0000000180025095e-35 1.0000000180025095e-35 1.0000000180025095e-35 1.0000000180025095e-35 9.2238192558288592 1.0000000180025095e-35 1.0000000180025095e-35 1.0000000180025095e-35
decision_type=2 2 2 2 2 2 2 2 2 2 2 2 2 2 2 2 2 2 2 2 2 2 2 2 2 2 2 2 2 2
left_child=1 2 12 5 6 8 9 10 -2 18 -4 -5 -1 21 -6 16 27 -13 -3 20 -8 26 -23 -12 25 -20 -7 -9 -16 -11
right_child=3 4 7 11 14 13 19 15 -10 29 23 17 -14 -15 28 -17 -18 -19 24 -21 -22 22 -24 -25 -26 -27 -28 -29 -30 -31
leaf_value=-0.11208529362998083 -0.093772076077109009 0.18797005944726536 0.084264222722137447 -0.094601348241386052 0.2294309051407312 0.051364799822055454 0.15232281005553139 0.086567758480575713 -0.0032345839368531312 0.21154820469913274 0.13108761589228499 -0.046102374456105114 -0.0576087824668041 0.11345058240502622 0.11452547261015766 -0.013478574446783756 0.015792032026217522 -0.10449416872714457 0.070890355106819333 -0.033782161647383901 0.011656817372516039 0.10603415972017681 -0.016603826354815478 0.20517906811752915 0.049896329015005847 0.21076397605989663 -0.03564619768529706 0.20829763455161587 0.22012566619647483 0.13183684822431485
leaf_weight=70.012215495109558 47.694226786494255 10.57266344130039 25.996529892086983 189.75753381848335 49.970804989337921 10.565904572606085 7.5226362794637698 12.020339816808706 40.774583026766777 24.322507172822952 25.542260006070137 109.01833325624466 61.284168481826782 9.8398651480674726 12.784067854285242 13.048636704683302 11.780772626399992 28.693902119994164 11.543532907962799 7.5226362794637671 7.9150126129388809 12.079050004482269 9.096255362033844 20.872600525617599 17.358466103672981 8.6560608744621277 31.519034877419472 5.8879196345806113 6.7284567654132834 10.95299983024597
leaf_count=424 283 47 125 1127 211 53 37 56 218 107 119 620 349 48 57 68 60 165 54 37 39 58 46 92 85 40 175 27 30 49
internal_value=-0.000783721 0.0667789 0.00292481 -0.0591255 0.156268 -0.0181904 0.122873 0.105069 -0.0520441 0.1449 0.135634 -0.0793223 -0.0866577 0.0227808 0.207389 0.0532827 0.082625 -0.058269 0.114193 0.0428567 0.0802022 0.00867751 0.0533527 0.164406 0.0934243 0.13083 -0.0138011 0.12659 0.150939 0.186798
internal_weight=911.334 422.295 246.445 489.039 175.85 161.569 106.367 115.149 88.4688 83.4062 72.4114 327.47 131.296 73.1001 69.4833 42.7377 29.689 137.712 48.1307 22.9603 15.4376 63.2602 21.1753 46.4149 37.5581 20.1996 42.0849 17.9083 19.5125 35.2755
internal_count=4906 2113 1320 2793 793 881 495 547 501 382 336 1912 773 380 298 211 143 785 226 113 76 332 104 211 179 94 228 83 87 156
is_linear=0
shrinkage=0.1


Tree=3
num_leaves=31
num_cat=0
split_feature=1 14 15 0 15 15 14 127 7 9 5 14 13 79 0 5 0 10 12 9 15 21 1 0 134 7 13 0 1 0
split_gain=293.718 183.623 183.468 36.5298 24.3494 22.9362 20.6576 14.6167 13.4237 9.30222 9.29257 9.16039 8.31716 7.17262 7.07329 8.12584 6.83746 6.65937 6.06271 5.68761 5.08362 5.05635 5.01789 4.93055 4.75421 5.98438 4.90205 10.643 4.74716 5.85245
threshold=-0.065480265766382204 1.0000000180025095e-35 1.0000000180025095e-35 11.998631000518801 1.0000000180025095e-35 1.0000000180025095e-35 1.0000000180025095e-35 1.0000000180025095e-35 1.0000000180025095e-35 1.0000000180025095e-35 1.0000000180025095e-35 1.0000000180025095e-35 1.0000000180025095e-35 1.0000000180025095e-35 3.3497605323791508 1.0000000180025095e-35 5.3483915328979501 1.0000000180025095e-35 1.0000000180025095e-35 1.0000000180025095e-35 1.0000000180025095e-35 1.0000000180025095e-35 0.825994372367859 5.4524297714233407 1.0000000180025095e-35 1.0000000180025095e-35 1.0000000180025095e-35 4.1437373161315927 -0.40056277811527247 4.5790553092956552
decision_type=2 2 2 2 2 2 2 2 2 2 2 2 2 2 2 2 2 2 2 2 2 2 2 2 2 2 2 2 2 2
left_child=1 2 9 4 6 7 -2 21 10 -1 -4 -6 23 -13 -10 28 -7 19 -8 -12 -5 -3 -22 -9 26 -26 27 -11 29 -16
right_child=3 5 8 20 11 16 18 12 14 24 17 13 -14 -15 15 -17 -18 -19 -20 -21 22 -23 -24 -25 25 -27 -28 -29 -30 -31
leaf_value=-0.10829445556027045 -0.095612231525025584 0.041540488892671583 0.1444380021265976 -0.089459034072420146 -0.0061968339163038571 0.2065798283709287 0.016643713596305617 0.17490939035455075 0.12416916521988863 0.036109129126998284 -0.021832834019830261 0.043710916043398412 0.09266349402504602 0.18371212936325887 0.044410413766130218 -0.047107704590878423 0.14479637358198325 0.12652402189077747 -0.053588950437683164 0.097323358499640855 -0.051098019596763439 0.13649150656466641 -0.10013181317757099 0.067702898556257982 0.038840269952948807 -0.091009410786727529 -0.1074835082130365 -0.098359392715388461 0.017223471826207034 0.19320798150267113
leaf_weight=65.452934741973877 54.69920825958252 32.898057654500008 46.499285385012627 164.05656039714813 50.489965990185738 39.781887754797935 34.620429337024689 36.627550289034843 9.3268338292837125 10.374175012111666 9.2087561190128344 26.590356558561329 29.16420741379261 4.243426799774169 6.266449034214018 10.538707777857779 32.58323723077774 12.730743244290354 19.056538835167885 7.0901170969009391 91.515327394008636 6.7609777003526679 27.036053091287613 4.8590728193521491 10.204106569290159 5.442190170288085 19.727939367294312 13.605475425720213 12.790765181183817 4.5717370808124542
leaf_count=424 343 157 201 1030 271 161 188 155 41 61 45 131 130 20 29 57 137 59 105 31 540 32 165 21 60 32 116 80 64 20
internal_value=-0.000950088 0.0592062 0.00241287 -0.0552726 -0.0213281 0.135013 -0.0523632 0.106313 0.0912386 -0.0822968 0.116723 0.0200308 0.133586 0.0629783 0.046984 0.0259145 0.178761 0.0723305 -0.00829047 0.0300009 -0.0780578 0.0577275 -0.0622803 0.162353 -0.0536277 -0.00632484 -0.070561 -0.0401851 0.058483 0.107176
internal_weight=898.813 426.505 243.83 472.308 189.7 182.675 108.376 110.31 119.023 124.807 75.5289 81.3237 70.6508 30.8338 43.4945 34.1677 72.3651 29.0296 53.677 16.2989 282.608 39.659 118.551 41.4866 59.3539 15.6463 43.7076 23.9797 23.629 10.8382
internal_count=4906 2113 1320 2793 1058 793 636 495 547 773 336 422 306 151 211 170 298 135 293 76 1735 189 705 176 349 92 257 141 113 49
is_linear=0
shrinkage=0.1


Tree=4
num_leaves=31
num_cat=0
split_feature=1 14 15 0 14 15 15 9 1 9 7 128 15 0 0 12 15 5 79 7 12 5 9 5 0 1 13 9 80 59
split_gain=241.541 143.009 150.637 32.5112 20.2458 18.7286 18.1614 12.0986 11.3936 8.90037 8.22714 8.05517 7.55104 6.30208 6.14967 5.5243 5.45546 5.17157 5.11364 5.39711 7.26277 5.09058 5.02073 6.81993 6.33567 4.93603 4.86323 5.39471 4.6437 4.63414
threshold=-0.065480265766382204 1.0000000180025095e-35 1.0000000180025095e-35 11.934291839599611 1.0000000180025095e-35 1.0000000180025095e-35 1.0000000180025095e-35 1.0000000180025095e-35 -0.23431439697742459 1.0000000180025095e-35 1.0000000180025095e-35 1.0000000180025095e-35 1.0000000180025095e-35 6.5010266304016122 3.9917863607406621 1.0000000180025095e-35 1.0000000180025095e-35 1.0000000180025095e-35 1.0000000180025095e-35 1.0000000180025095e-35 1.0000000180025095e-35 1.0000000180025095e-35 1.0000000180025095e-35 1.0000000180025095e-35 3.6783025264739995 0.825994372367859 1.0000000180025095e-35 1.0000000180025095e-35 1.0000000180025095e-35 1.0000000180025095e-35
decision_type=2 2 2 2 2 2 2 2 2 2 2 2 2 2 2 2 2 2 2 2 2 2 2 2 2 2 2 2 2 2
left_child=1 2 9 4 6 8 -2 11 10 -1 22 21 15 -7 -9 28 -5 -16 19 20 -14 -4 23 24 -3 -18 27 -10 -6 -12
right_child=3 5 7 16 12 13 -8 14 26 -11 29 -13 18 -15 17 -17 25 -19 -20 -21 -22 -23 -24 -25 -26 -27 -28 -29 -30 -31
leaf_value=-0.10478774709851052 -0.091203388335508687 0.20170594792415916 0.056719310761390321 -0.085679023383856523 0.0048488904609969557 0.17629977398390306 -0.0058781129545168957 0.1716097189710816 0.014206996948616813 -0.049987777609230129 0.10278389132376067 0.1071523632791736 0.12532289125414769 0.1115266381437558 0.12190639159642321 -0.049680309979872918 -0.046228124608195392 0.038975938179301305 0.15496123791010566 -0.018984279331460397 -0.012174703194655735 -0.0084814385709533341 0.16508665295078528 0.044179285534118602 0.083047664460930218 -0.096040545161705876 -0.034659312574109369 0.13107539834911361 0.12050104198959855 0.028119526319712259
leaf_weight=61.104349732398987 50.966522812843323 9.1113302260637301 33.095442861318588 156.66002123057842 30.181223556399345 52.67213673889637 48.860271573066711 15.054524049162863 9.5790470242500358 57.553498730063438 19.306298792362213 20.51601068675518 10.423903018236169 21.013320297002792 23.116069406270981 18.52867616713047 91.086935997009277 11.145036295056341 4.5113120526075354 9.8167224973440153 6.0836597830057135 18.763756960630417 26.092148751020432 11.370974451303484 8.8907013535499555 25.451691895723343 7.556029647588729 6.7211821228265753 3.9230987578630439 14.598304659128187
leaf_count=424 339 38 148 1039 162 211 263 62 46 349 83 88 50 87 100 105 552 52 20 48 29 97 107 50 40 165 37 30 21 64
internal_value=-0.00105419 0.052984 0.00196496 -0.0516318 -0.0190509 0.118589 -0.0494409 0.0801394 0.0930532 -0.0782077 0.109443 0.0541117 0.0172948 0.157828 0.118337 -0.00572697 -0.073491 0.0949294 0.0565905 0.0397323 0.0746498 0.0331283 0.133164 0.104808 0.143104 -0.057107 0.0316556 0.0623961 0.0181526 0.0706357
internal_weight=883.754 427.26 240.349 456.494 183.295 186.911 99.8268 121.691 113.226 118.658 89.3698 72.3752 83.4686 73.6855 49.3156 52.633 273.199 34.2611 30.8356 26.3243 16.5076 51.8592 55.4652 29.373 18.002 116.539 23.8563 16.3002 34.1043 33.9046
internal_count=4906 2113 1320 2793 1037 793 602 547 495 773 382 333 435 298 214 288 1756 152 147 127 79 245 235 128 78 717 113 76 183 147
is_linear=0
shrinkage=0.1


Tree=5
num_leaves=31
num_cat=0
split_feature=1 14 15 0 15 14 15 7 127 15 9 73 31 13 1 0 9 33 55 0 5 9 134 7 13 0 8 5 9 67
split_gain=199.58 113.399 124.248 29.0332 15.8475 12.9537 12.5864 10.2471 9.34696 8.77643 8.56281 7.28759 6.70683 6.4143 5.9803 5.64779 4.92735 4.6539 5.13665 4.48972 5.43152 4.32116 4.30064 5.18682 4.6771 9.47371 4.25326 3.83838 3.79869 3.72192
threshold=-0.065480265766382204 1.0000000180025095e-35 1.0000000180025095e-35 11.43189573287964 1.0000000180025095e-35 1.0000000180025095e-35 1.0000000180025095e-35 1.0000000180025095e-35 1.0000000180025095e-35 1.0000000180025095e-35 1.0000000180025095e-35 1.0000000180025095e-35 1.0000000180025095e-35 1.0000000180025095e-35 0.825994372367859 5.3483915328979501 1.0000000180025095e-35 1.0000000180025095e-35 1.0000000180025095e-35 3.3497605323791508 1.0000000180025095e-35 1.0000000180025095e-35 1.0000000180025095e-35 1.0000000180025095e-35 1.0000000180025095e-35 4.1437373161315927 1.0000000180025095e-35 1.0000000180025095e-35 1.0000000180025095e-35 1.0000000180025095e-35
decision_type=2 2 2 2 2 2 2 2 2 2 2 2 2 2 2 2 2 2 2 2 2 2 2 2 2 2 2 2 2 2
left_child=1 2 10 5 8 6 -2 11 -3 -5 -1 16 -7 29 -11 -6 -4 18 -8 -9 -21 -20 24 -24 25 -12 -14 -23 -15 -10
right_child=3 4 7 9 15 12 17 19 13 14 22 -13 26 28 -16 -17 -18 -19 21 20 -22 27 23 -25 -26 -27 -28 -29 -30 -31
leaf_value=-0.10150122721217664 -0.080762767274061398 0.04417436741377917 0.084716832504358852 -0.082487393009996912 0.1671629484287408 0.0046501786369849618 0.10458931295281593 0.0923004908778952 0.17323622221791077 -0.036602948276042192 0.037788151615407772 0.037463501931687578 0.15438613460292086 0.03909459065985061 -0.092159633861643317 0.11166554385559171 0.1424778097775132 -0.09075962839068423 -0.034894679667038832 0.041493693449058983 -0.044750222230332398 0.08336348798892497 0.040204975887065626 -0.084177752649497145 -0.10145993430626915 -0.091843228769642099 0.026816368881127445 -0.035887055899116845 0.11068454807327029 0.10921633609986595
leaf_weight=56.987973570823669 40.127966567873955 41.184829324483871 34.528767019510269 161.23698008060455 39.972821488976479 63.796389490365982 5.047759383916854 9.8950169384479505 12.975978329777716 101.44565235078335 10.292744860053064 18.355410382151604 5.2648158371448499 17.986036092042923 23.94960343837738 33.878905043005943 25.807053253054619 5.1266921758651725 18.321497023105621 24.73670007288456 10.360978528857229 7.8520701527595538 10.139775574207304 5.0086402893066397 17.973576903343201 12.465344667434691 5.1898048967123032 4.1129891276359558 12.60724960267544 30.253728002309799
leaf_count=424 283 189 150 1127 161 332 27 41 53 620 61 80 24 79 165 137 106 29 98 113 57 42 60 32 116 80 24 22 51 123
internal_value=-0.00110649 0.0477728 0.00164034 -0.0482076 0.105555 -0.0133163 -0.0410794 0.0708729 0.0823423 -0.067056 -0.0742266 0.0926375 0.0168166 0.103636 -0.0472139 0.141704 0.109423 -0.00172277 0.0111957 0.032807 0.0160341 -0.00436992 -0.0464111 -0.000920667 -0.0633294 -0.0332152 0.0910589 0.0423711 0.0685962 0.128433
internal_weight=866.884 425.412 236.552 441.472 188.86 154.84 80.589 123.684 115.008 286.632 112.868 78.6912 74.251 73.823 125.395 73.8517 60.3358 40.461 35.3343 44.9927 35.0977 30.2866 55.8801 15.1484 40.7317 22.7581 10.4546 11.9651 30.5933 43.2297
internal_count=4906 2113 1320 2793 793 881 501 547 495 1912 773 336 380 306 785 298 256 218 189 211 170 162 349 92 257 141 48 64 130 176
is_linear=0
shrinkage=0.1


Tree=6
num_leaves=31
num_cat=0
split_feature=0 14 15 0 0 14 15 0 15 5 9 15 13 7 82 8 9 12 54 0 15 134 7 13 0 132 7 55 0 10
split_gain=166.063 94.4584 111.455 19.1338 16.3027 12.3299 11.1544 8.88081 8.80945 8.80641 7.84753 6.87341 6.46028 6.33063 5.93111 5.59804 5.38717 4.86038 4.52015 6.07356 4.33362 4.31333 4.34052 4.08328 4.97922 4.37217 3.99495 7.09319 9.76608 3.99589
threshold=9.1197810173034686 1.0000000180025095e-35 1.0000000180025095e-35 12.34633779525757 6.4298424720764169 1.0000000180025095e-35 1.0000000180025095e-35 3.3497605323791508 1.0000000180025095e-35 1.0000000180025095e-35 1.0000000180025095e-35 1.0000000180025095e-35 1.0000000180025095e-35 1.0000000180025095e-35 1.0000000180025095e-35 1.0000000180025095e-35 1.0000000180025095e-35 1.0000000180025095e-35 1.0000000180025095e-35 4.4558520317077646 1.0000000180025095e-35 1.0000000180025095e-35 1.0000000180025095e-35 1.0000000180025095e-35 3.0266940593719487 1.0000000180025095e-35 1.0000000180025095e-35 1.0000000180025095e-35 6.5010266304016122 1.0000000180025095e-35
decision_type=2 2 2 2 2 2 2 2 2 2 2 2 2 2 2 2 2 2 2 2 2 2 2 2 2 2 2 2 2 2
left_child=1 2 10 5 6 11 13 12 16 26 -1 -2 -4 23 -10 18 17 -7 19 -15 -5 -12 -23 -3 -25 -26 27 -9 -29 -28
right_child=3 4 7 20 -6 8 -8 9 14 -11 21 -13 -14 15 -16 -17 -18 -19 -20 -21 -22 22 -24 24 25 -27 29 28 -30 -31
leaf_value=-0.098664343520231498 -0.07768490355694202 0.13366149953591314 0.15079030332330798 -0.079473692723299461 0.049862351084244722 -0.016419987731082209 0.14645254552806672 0.13934719102507873 0.029928672982443928 0.0080977537854611554 -0.062965299258404592 -0.020296157557420497 0.056242096077666059 -0.014275766793078001 0.14855195668020205 0.10157372999535628 0.020024766474674355 -0.1062017896157921 -0.051401174714923309 0.12359749646737901 -0.051917919772893228 0.035330557589712049 -0.080076320625646263 0.16783642890723144 0.01665211076743665 0.11664015795117362 0.012063781197600904 0.10550509158907551 -0.020621348923741303 0.091734916214393378
leaf_weight=58.757546693086624 41.110426932573318 29.667459264397621 16.253812074661255 130.97031325101852 68.069895714521408 16.507327675819397 51.597837954759598 16.138425514101982 22.478755563497547 38.270276814699173 43.302865862846375 42.388430416584015 13.0123208463192 6.6295102834701556 5.1877416968345633 13.860206618905066 19.786264181137085 9.4996212571859378 6.2821289896965018 6.1675301939249039 101.14986325800419 10.371650755405424 4.7521662712097159 4.8746573477983501 11.610858529806139 7.0156428664922705 18.794404610991478 15.222119316458704 10.288575708866118 9.4658334255218524
leaf_count=466 306 120 66 970 303 94 211 67 109 188 288 236 53 27 23 58 113 58 27 26 667 60 32 20 49 30 86 62 47 44
internal_value=-0.00113418 0.0395108 -0.00120772 -0.0492303 0.0898965 -0.0222625 0.109686 0.0598813 0.0076191 0.0466601 -0.0728592 -0.0485513 0.108752 0.0876547 0.0521717 0.053206 -0.0192979 -0.0492148 0.018069 0.0521722 -0.0674658 -0.046908 -0.00093229 0.108996 0.0778598 0.0543125 0.0677702 0.0874614 0.0546377 0.0387498
internal_weight=849.484 460.406 254.63 389.079 205.776 156.959 137.706 137.446 73.4597 108.18 117.184 83.4989 29.2661 86.108 27.6665 32.9394 45.7932 26.0069 19.0792 12.797 232.12 58.4267 15.1238 53.1686 23.5012 18.6265 69.9094 41.6491 25.5107 28.2602
internal_count=4906 2330 1459 2576 871 939 568 613 397 494 846 542 119 357 132 138 265 152 80 53 1637 380 92 219 99 79 306 176 109 130
is_linear=0
shrinkage=0.1


Tree=7
num_leaves=31
num_cat=0
split_feature=0 14 15 0 0 14 15 9 9 15 73 15 10 9 67 7 8 0 84 54 0 1 82 9 12 1 15 0 13 13
split_gain=137.993 76.188 92.9101 16.9945 15.0258 10.4063 7.77522 7.74198 7.54009 7.05631 6.2325 6.22327 5.82415 4.98175 6.95651 8.70412 4.98539 4.88261 4.79301 5.69148 5.39872 4.64408 4.54665 4.5034 4.39186 4.28082 4.6404 4.1872 4.11867 4.05186
threshold=9.1197810173034686 1.0000000180025095e-35 1.0000000180025095e-35 12.34633779525757 5.4524297714233407 1.0000000180025095e-35 1.0000000180025095e-35 1.0000000180025095e-35 1.0000000180025095e-35 1.0000000180025095e-35 1.0000000180025095e-35 1.0000000180025095e-35 1.0000000180025095e-35 1.0000000180025095e-35 1.0000000180025095e-35 1.0000000180025095e-35 1.0000000180025095e-35 7.0266940593719491 1.0000000180025095e-35 1.0000000180025095e-35 7.7043120861053476 -0.29652445018291468 1.0000000180025095e-35 1.0000000180025095e-35 1.0000000180025095e-35 0.82082289457321178 1.0000000180025095e-35 6.9089665412902841 1.0000000180025095e-35 1.0000000180025095e-35
decision_type=2 2 2 2 2 2 2 2 2 2 2 2 2 2 2 2 2 2 2 2 2 2 2 2 2 2 2 2 2 2
left_child=1 2 8 5 6 11 28 12 -1 23 -9 -2 -4 18 -15 16 -16 -12 19 20 -6 -14 -11 24 -7 26 -5 -10 -3 -23
right_child=3 4 7 25 13 9 -8 10 27 22 17 -13 21 14 15 -17 -18 -19 -20 -21 -22 29 -24 -25 -26 -27 -28 -29 -30 -31
leaf_value=-0.095660974783395233 -0.07398356729099731 0.1063634736880045 0.011494459013092914 -0.070730937223055387 0.023616363503403001 -0.014914211284107363 0.1421400578018048 0.10310530814396485 -0.028120954242859732 0.026603308021553043 0.066028060042752384 -0.018474872063110256 0.091457620074328214 0.1395782311527112 0.14337813272138328 -0.0233383448983224 0.028563055919408605 -0.058322794917135323 0.12417832461741485 0.065149915697164773 -0.068827626677754772 -0.029460048842009298 0.1289095913193401 0.01782395388844794 -0.10213348780994103 -0.087667966240361273 -0.037131113017197008 -0.091256757207431552 0.055921695939988664 0.08613793291008183
leaf_weight=54.750013530254364 38.963596642017365 40.665770262479782 47.779977649450302 91.525756299495697 23.962211072444916 16.364416524767876 39.489638715982437 40.113463714718819 42.763750299811363 22.744695961475376 10.026768982410429 41.935317203402519 23.162530228495598 13.231005311012266 9.2777848243713361 9.8661564141511917 6.3841382712125787 4.6090369075536719 5.4454485774040213 21.93674111366272 8.5790921449661237 7.677901014685629 5.3694840967655173 19.994719162583351 8.9203658849000949 55.737544193863869 74.611270487308502 13.924905583262442 26.891979247331619 5.0112179815769196
leaf_count=466 306 165 219 716 104 94 167 170 279 109 42 236 100 55 39 43 27 22 24 97 38 37 23 113 58 429 492 101 112 23
internal_value=-0.00113715 0.0358767 -0.00123502 -0.045962 0.0809418 -0.0204734 0.10689 0.0534915 -0.0691927 0.00679236 0.0827253 -0.0452097 0.0343537 0.0527944 0.0807316 0.0502318 0.096577 0.0268681 0.0347244 0.0257828 -0.000755294 0.0648186 0.0461426 -0.0176403 -0.0456848 -0.0636869 -0.0556414 -0.0436295 0.0862847 0.0161922
internal_weight=831.717 455.55 249.82 376.167 205.73 154.293 107.047 138.381 111.439 73.3937 54.7493 80.8989 83.6316 98.6826 38.7591 25.5281 15.6619 14.6358 59.9235 54.478 32.5413 35.8516 28.1142 45.2795 25.2848 221.875 166.137 56.6887 67.5577 12.6891
internal_count=4906 2330 1459 2576 871 939 444 613 846 397 234 542 379 427 164 109 66 64 263 239 142 160 132 265 152 1637 1208 380 277 60
is_linear=0
shrinkage=0.1


Tree=8
num_leaves=31
num_cat=0
split_feature=0 14 15 0 0 14 15 9 0 5 15 15 13 15 1 15 5 82 16 9 0 9 7 0 67 11 26 9 12 67
split_gain=114.698 61.8265 77.4674 15.0489 13.0275 8.76748 7.4825 7.23954 6.82015 6.8944 5.67391 5.61303 5.09427 4.92919 4.05791 4.2814 3.86064 4.21515 4.19872 3.95288 5.85382 3.84653 3.82718 3.82413 3.76618 5.70277 4.35763 3.76299 3.96871 3.89994
threshold=9.1197810173034686 1.0000000180025095e-35 1.0000000180025095e-35 12.34633779525757 5.4524297714233407 1.0000000180025095e-35 1.0000000180025095e-35 1.0000000180025095e-35 3.3497605323791508 1.0000000180025095e-35 1.0000000180025095e-35 1.0000000180025095e-35 1.0000000180025095e-35 1.0000000180025095e-35 0.82082289457321178 1.0000000180025095e-35 1.0000000180025095e-35 1.0000000180025095e-35 1.0000000180025095e-35 1.0000000180025095e-35 10.658453464508058 1.0000000180025095e-35 1.0000000180025095e-35 6.9089665412902841 1.0000000180025095e-35 1.0000000180025095e-35 1.0000000180025095e-35 1.0000000180025095e-35 1.0000000180025095e-35 1.0000000180025095e-35
decision_type=2 2 2 2 2 2 2 2 2 2 2 2 2 2 2 2 2 2 2 2 2 2 2 2 2 2 2 2 2 2
left_child=1 2 7 5 6 11 21 -1 12 -10 27 -2 -4 -6 15 -5 17 19 -18 -13 -21 -3 -11 -9 26 -26 -15 28 29 -7
right_child=3 4 8 14 13 10 -8 23 9 22 -12 16 -14 24 -16 -17 18 -19 -20 20 -22 -23 -24 -25 25 -27 -28 -29 -30 -31
leaf_value=-0.092752808781947638 -0.070375267766314267 0.057845496660904522 0.12792075453039728 -0.06710896864745651 0.029560015501429976 0.064784918059872687 0.13310046706499409 -0.02577792643763906 0.054919370433723913 0.023909326009174267 0.040977857729233388 -0.047079230550914147 0.044166171846136998 0.067826136246867716 -0.084202835338134441 -0.034256711910985761 -0.019843476848376142 0.10444237858420102 -0.129025403161385 0.12681358592843725 -0.032082869074207203 0.10639618226048655 -0.04347824059017897 -0.087680780653184534 0.0054276062580982656 0.11169140884227058 0.17057347475671433 0.015886314091556549 -0.0983104329738647 -0.044208372990081221
leaf_weight=51.013962224125862 36.970450073480606 40.0082728266716 16.294175878167152 87.055540382862091 61.132805436849594 4.5685572624206552 38.029650002717972 42.025871202349663 70.925356954336166 26.578157112002373 28.464665412902832 12.229111388325695 13.101215064525606 9.9632176011800784 52.402621798217297 72.878574192523956 10.907677888870241 3.8107525259256354 5.2019920647144309 4.2065192759037018 5.1657413244247437 27.559186980128288 12.341336041688917 13.08731399476528 12.846586048603058 8.3217263370752335 7.0474071055650702 20.179730623960495 8.369232155382635 11.665814891457558
leaf_count=466 306 165 66 716 270 26 167 279 306 121 132 71 53 41 429 492 62 21 30 22 30 112 67 101 53 34 29 113 58 68
internal_value=-0.00112888 0.0326176 -0.00124498 -0.0428652 0.0731662 -0.018815 0.0976187 -0.0656056 0.0478099 0.0363609 0.00606797 -0.0420355 0.0905922 0.0471661 -0.060052 -0.0521389 -0.0168022 0.00747592 -0.0550995 -0.00963018 0.0392341 0.0776482 0.00254079 -0.0404775 0.0753572 0.0472022 0.110394 -0.0161211 -0.0423733 -0.0135363
internal_weight=814.353 450.276 245.367 364.077 204.909 151.74 105.597 106.127 139.24 109.845 73.248 78.4922 29.3954 99.3117 212.337 159.934 41.5218 25.4121 16.1097 21.6014 9.37226 67.5675 38.9195 55.1132 38.1789 21.1683 17.0106 44.7833 24.6036 16.2344
internal_count=4906 2330 1459 2576 871 939 444 846 613 494 397 542 119 427 1637 1208 236 144 92 123 52 277 188 380 157 87 70 265 152 94
is_linear=0
shrinkage=0.1


Tree=9
num_leaves=31
num_cat=0
split_feature=0 14 15 0 15 9 9 237 0 15 9 6 0 15 13 67 8 1 5 7 26 55 95 10 5 32 12 67 71 55
split_gain=96.5415 47.9079 66.579 23.2784 9.50969 9.40466 7.19507 8.68109 6.79423 6.70348 5.54674 5.1222 8.8457 4.93391 5.08608 6.84142 7.30892 4.63163 4.30471 4.1761 3.9363 3.90325 4.7762 3.80308 3.7326 3.72118 5.73462 3.94741 3.85953 3.64197
threshold=11.190965175628664 1.0000000180025095e-35 1.0000000180025095e-35 6.4298424720764169 1.0000000180025095e-35 1.0000000180025095e-35 1.0000000180025095e-35 1.0000000180025095e-35 6.0177960395812997 1.0000000180025095e-35 1.0000000180025095e-35 1.0000000180025095e-35 5.405886411666871 1.0000000180025095e-35 1.0000000180025095e-35 1.0000000180025095e-35 1.0000000180025095e-35 0.825994372367859 1.0000000180025095e-35 1.0000000180025095e-35 1.0000000180025095e-35 1.0000000180025095e-35 1.0000000180025095e-35 1.0000000180025095e-35 1.0000000180025095e-35 1.0000000180025095e-35 1.0000000180025095e-35 1.0000000180025095e-35 1.0000000180025095e-35 1.0000000180025095e-35
decision_type=2 2 2 2 2 2 2 2 2 2 2 2 2 2 2 2 2 2 2 2 2 2 2 2 2 2 2 2 2 2
left_child=1 2 6 4 10 8 -1 -8 23 -2 -3 12 18 20 15 -15 -17 24 -7 -13 -5 -22 -23 -4 25 26 28 -27 -11 -10
right_child=9 3 5 13 -6 11 7 -9 29 17 -12 19 -14 14 -16 16 -18 -19 -20 -21 21 22 -24 -25 -26 27 -28 -29 -30 -31
leaf_value=-0.085425786487903763 -0.066738538241310472 0.042498622214710874 0.017928295745610456 0.036908646396685861 0.1194759168054048 0.136843633840106 -0.044907147574224121 0.13943623748509779 0.031287428930042882 -0.079350052981980307 0.093993050763041278 0.12415385957173695 0.001894085541607184 0.14592075362825119 0.0081399897940681292 0.084184567110328887 -0.049931265374485473 -0.07924126379969311 0.031751462849681084 0.035639879436096984 -0.056769110412422913 0.021129718927549241 -0.093226330245427314 0.072160614936077269 -0.049826898056149538 0.074022985788201837 -0.070180713008239734 -0.021659949001966688 0.021389957853278529 -0.030878289556359451
leaf_weight=60.514015100896358 137.02238419651985 51.145959123969078 30.252288565039635 27.487652853131294 46.896383196115494 10.525385841727259 59.596408732235432 2.6689814999699584 13.554778590798376 4.6115232557058361 35.393067330121994 19.255299225449566 22.506428271532059 9.2132925093173998 18.806891888380051 12.458355069160463 6.030271664261817 19.25593413412571 6.1897869408130637 7.3705658912658683 13.232126474380491 29.994314834475517 4.1586603820323935 22.583339214324951 39.073509201407433 9.1640716791152954 17.470782622694969 8.1427701264619827 21.692231133580208 30.923738569021225
leaf_count=579 1166 212 132 138 211 43 437 18 64 31 145 82 107 38 82 52 25 165 26 33 64 154 21 96 258 53 120 47 149 158
internal_value=-0.00111033 0.0228538 -0.00524439 0.054384 0.0832112 0.0366141 -0.0608702 -0.0370053 0.0168652 -0.0516451 0.063559 0.0658006 0.0428207 0.022694 0.0482747 0.0755223 0.0404412 -0.0343255 0.097927 0.0996514 0.00680395 -0.0106595 0.00720508 0.0411086 -0.0256899 -0.0102496 -0.0257693 0.0290047 0.00372841 -0.0119334
internal_weight=797.191 540.758 285.941 254.817 133.435 163.162 122.779 62.2654 97.3141 256.433 86.539 65.8475 39.2216 121.382 46.5088 27.7019 18.4886 119.411 16.7152 26.6259 74.8728 47.3851 34.153 52.8356 100.155 61.0814 43.7745 17.3068 26.3038 44.4785
internal_count=4906 2917 1775 1142 568 741 1034 455 450 1989 357 291 176 574 197 115 77 823 69 115 377 239 175 228 658 400 300 100 180 222
is_linear=0
shrinkage=0.1


Tree=10
num_leaves=31
num_cat=0
split_feature=0 14 15 0 15 9 9 237 15 9 0 13 61 14 31 53 12 5 39 0 0 151 0 13 0 0 1 8 0 57
split_gain=80.8501 39.108 55.8458 20.1512 7.9916 7.6475 6.80256 6.76987 6.11101 5.92924 5.47202 4.82367 6.4781 4.64333 5.45476 4.70347 4.51472 4.47098 4.21936 8.32596 4.1575 4.12494 3.99398 3.9 4.53296 3.83508 3.72751 3.50932 3.48277 3.29782
threshold=11.190965175628664 1.0000000180025095e-35 1.0000000180025095e-35 7.0814509391784677 1.0000000180025095e-35 1.0000000180025095e-35 1.0000000180025095e-35 1.0000000180025095e-35 1.0000000180025095e-35 1.0000000180025095e-35 6.0177960395812997 1.0000000180025095e-35 1.0000000180025095e-35 1.0000000180025095e-35 1.0000000180025095e-35 1.0000000180025095e-35 1.0000000180025095e-35 1.0000000180025095e-35 1.0000000180025095e-35 8.0082135200500506 7.7043120861053476 1.0000000180025095e-35 2.8350445032119755 1.0000000180025095e-35 6.9705681800842294 5.1238877773284921 0.82082289457321178 1.0000000180025095e-35 9.2238192558288592 1.0000000180025095e-35
decision_type=2 2 2 2 2 2 2 2 2 2 2 2 2 2 2 2 2 2 2 2 2 2 2 2 2 2 2 2 2 2
left_child=1 2 6 4 9 10 -1 -8 -2 22 -4 -6 -13 26 15 -15 -17 23 21 20 27 28 -3 24 -7 -19 -10 -20 -5 -16
right_child=8 3 5 18 11 17 7 -9 13 -11 -12 12 -14 14 29 16 -18 25 19 -21 -22 -23 -24 -25 -26 -27 -28 -29 -30 -31
leaf_value=-0.08240819560157539 -0.063227196845311792 0.087823811662996493 0.036802481247802464 0.023561534562131087 0.12698533489380057 0.13606204929350266 -0.041718337593478511 0.11471685571308216 -0.036884376552926729 0.085810675562071934 -0.010827316359651118 0.097492437849196339 -0.039189728223325976 -0.088185069660381532 0.10480719009626599 0.032003695344267481 -0.071242208532060064 0.075399507591512954 0.08490025446014475 0.13022532856892857 -0.056780953219216085 0.098079936098521003 0.021710488366726982 0.042193074088515824 0.049959803121112589 -0.010744176051009476 -0.097873546512564844 -0.02323755867004889 -0.020545064172419383 0.0031163527330943207
leaf_weight=56.658199623227119 130.51384291052818 11.469398483633993 53.097279489040375 31.216474741697311 33.818907245993614 15.786665394902231 57.8317501693964 2.9053558856248847 63.324047207832336 39.131006225943565 44.199275776743889 13.969298943877222 4.612507537007331 9.1762702614069003 5.8330512940883619 13.13633342087269 6.2505694180726996 8.3910853862762469 7.972397789359098 8.7234946042299253 5.9870314300060263 4.3886285275220862 44.943026885390282 18.147005870938301 9.9796413630247098 13.454938918352125 11.905032470822333 4.8125922977924347 41.97574782371521 7.0355926156044006
leaf_count=579 1166 47 228 138 156 66 437 18 431 162 222 64 21 67 35 95 47 35 34 38 26 21 188 78 47 65 107 21 226 41
internal_value=-0.00108256 0.0208233 -0.00489409 0.0493287 0.0731122 0.0329697 -0.0574848 -0.0342353 -0.0483614 0.0559 0.0151655 0.104496 0.0635642 -0.0317303 -0.00484729 -0.029202 -0.00128402 0.0593124 0.0158423 0.0495025 0.01199 0.00391269 0.0351522 0.0777037 0.102713 0.0223437 -0.0465359 0.0441945 -0.0017336 0.0492104
internal_weight=780.646 533.472 280.451 253.021 147.944 163.056 117.395 60.7371 247.175 95.5434 97.2966 52.4007 18.5818 116.661 41.4318 28.5632 19.3869 65.7593 105.076 27.4955 18.772 77.5809 56.4124 43.9133 25.7663 21.846 75.2291 12.785 73.1922 12.8686
internal_count=4906 2917 1775 1142 638 741 1034 455 1989 397 450 241 85 823 285 209 142 291 504 119 81 385 235 191 113 100 538 55 364 76
is_linear=0
shrinkage=0.1


Tree=11
num_leaves=31
num_cat=0
split_feature=0 15 14 0 1 14 6 26 74 11 26 13 132 9 14 83 67 14 7 237 0 174 62 16 67 0 16 82 140 9
split_gain=67.6785 32.2388 46.5793 12.1026 10.4755 9.22756 8.46656 10.5977 7.62835 6.81307 10.7767 6.6234 6.69271 6.3985 5.95011 6.46813 6.13133 5.57188 5.4343 5.36081 4.89155 4.59667 5.49335 6.40843 7.09674 6.09484 5.49394 5.72129 4.72894 4.10571
threshold=11.190965175628664 1.0000000180025095e-35 1.0000000180025095e-35 5.3483915328979501 -0.23431439697742459 1.0000000180025095e-35 1.0000000180025095e-35 1.0000000180025095e-35 1.0000000180025095e-35 1.0000000180025095e-35 1.0000000180025095e-35 1.0000000180025095e-35 1.0000000180025095e-35 1.0000000180025095e-35 1.0000000180025095e-35 1.0000000180025095e-35 1.0000000180025095e-35 1.0000000180025095e-35 1.0000000180025095e-35 1.0000000180025095e-35 10.260096073150637 1.0000000180025095e-35 1.0000000180025095e-35 1.0000000180025095e-35 1.0000000180025095e-35 15.798768043518068 1.0000000180025095e-35 1.0000000180025095e-35 1.0000000180025095e-35 1.0000000180025095e-35
decision_type=2 2 2 2 2 2 2 2 2 2 2 2 2 2 2 2 2 2 2 2 2 2 2 2 2 2 2 2 2 2
left_child=1 2 13 5 18 11 7 20 9 10 -8 12 29 -1 15 -9 -16 -2 -4 -15 -5 22 23 25 -25 -19 28 -28 -24 -3
right_child=17 3 4 6 -6 -7 8 14 -10 -11 -12 -13 -14 19 16 -17 -18 21 -20 -21 -22 -23 26 24 -26 -27 27 -29 -30 -31
leaf_value=-0.079416313182901613 -0.057646345753175468 0.028133412549695126 0.071343765888877517 0.0593594547986541 0.00036454120348834035 0.11561766579291491 -0.033302789254035285 -0.075550223522210316 0.007447540937211671 0.14660844127641368 0.10420486557510489 0.014284396645843031 0.14422195512391708 -0.038688530555424892 0.12047999710756588 0.032818738328681769 -0.0099713436633100117 0.028469707353724949 0.021436738633832147 0.096373365455881363 -0.048184599938597424 -0.094119859215290161 -0.024837119491501986 0.20656204851015947 0.01788544017364178 -0.11490824506922215 -0.092042210750625464 0.064236705235963684 0.079283468244157052 0.10334563455369311
leaf_weight=53.099461458623409 143.61785229295492 21.68548971414566 55.893676906824112 34.983335882425308 69.399703413248062 31.91904978454113 8.9598788321018219 23.599803999066356 20.178071573376656 11.790439710021017 15.662252232432365 29.202206268906593 10.773225441575049 56.212142288684845 4.6242307126522091 7.1843540966510764 16.313574224710464 9.0457999929785711 35.78833045065403 3.1008780300617209 4.8109801709651938 9.0737944245338422 36.598974891006947 3.3164441809058189 4.9976217374205589 4.4103199243545541 19.947299875319008 2.6542863249778739 4.9522863551974288 10.909059241414068
leaf_count=579 1216 93 235 158 352 161 40 116 93 53 70 122 46 437 20 36 70 66 147 18 24 78 295 24 40 40 171 20 39 47
internal_value=-0.00104501 0.0189903 -0.00479987 0.0447488 0.0296753 0.070809 0.0263634 0.00756201 0.0567682 0.0840993 0.0541665 0.0511005 0.0758911 -0.0542012 -0.0222871 -0.0502593 0.0188396 -0.0452183 0.0518624 -0.0316275 0.0463578 -0.0264294 -0.019281 0.0241241 0.0931477 -0.0185232 -0.0340105 -0.0736891 -0.0124275 0.0533062
internal_weight=764.705 526.09 273.494 252.596 161.082 104.489 148.107 91.5163 56.5906 36.4126 24.6221 72.57 43.3678 112.412 51.722 30.7842 20.9378 238.615 91.682 59.313 39.7943 94.9968 85.923 21.7702 8.31407 13.4561 64.1528 22.6016 41.5513 32.5945
internal_count=4906 2917 1768 1149 734 469 680 424 256 163 110 308 186 1034 242 152 90 1989 382 455 182 773 695 170 64 106 525 191 334 140
is_linear=0
shrinkage=0.1


Tree=12
num_leaves=31
num_cat=0
split_feature=0 14 15 0 13 9 9 15 39 0 0 128 237 135 1 1 5 7 7 1 61 12 14 0 67 67 9 15 0 6
split_gain=56.5945 26.776 38.8455 14.9611 6.84281 5.98624 5.94244 5.7344 4.60516 5.00727 4.96332 4.5194 4.28735 4.06414 4.47593 4.05215 4.3053 4.88133 3.93149 5.80634 6.38733 3.85734 7.16951 6.0424 5.11362 4.28271 4.39505 3.84787 3.825 4.92955
threshold=11.190965175628664 1.0000000180025095e-35 1.0000000180025095e-35 5.4524297714233407 1.0000000180025095e-35 1.0000000180025095e-35 1.0000000180025095e-35 1.0000000180025095e-35 1.0000000180025095e-35 8.0082135200500506 7.7043120861053476 1.0000000180025095e-35 1.0000000180025095e-35 1.0000000180025095e-35 -0.6132025122642516 0.89459273219108593 1.0000000180025095e-35 1.0000000180025095e-35 1.0000000180025095e-35 0.19841813296079638 1.0000000180025095e-35 1.0000000180025095e-35 1.0000000180025095e-35 14.752909183502199 1.0000000180025095e-35 1.0000000180025095e-35 1.0000000180025095e-35 1.0000000180025095e-35 3.9917863607406621 1.0000000180025095e-35
decision_type=2 2 2 2 2 2 2 2 2 2 2 2 2 2 2 2 2 2 2 2 2 2 2 2 2 2 2 2 2 2
left_child=1 2 5 4 27 -1 11 -2 18 10 -10 -4 -7 14 -6 16 17 21 19 20 -5 22 25 -24 -23 26 -9 -3 -8 -30
right_child=7 3 6 8 13 12 28 15 9 -11 -12 -13 -14 -15 -16 -17 -18 -19 -20 -21 -22 24 23 -25 -26 -27 -28 -29 29 -31
leaf_value=-0.076438694182302688 -0.057329880259382307 0.074412682813786463 -0.00065920000355903575 0.0060777648051712485 0.071318491206301265 -0.035816079642997281 0.095455562680319128 -0.013837052393144074 0.04359672256873709 0.11276519353391226 -0.054508859612636698 0.05121168612688648 0.082163474116388538 0.095019407507139164 -0.010479815681842817 -0.084460899442058673 -0.045848397185300947 -0.037751869165732976 -0.017440710973983042 -0.092302575357982974 0.07658780936851449 -0.078931091518476798 0.1907154360674358 0.025967158137375625 0.041356755963685217 -0.052319675830109082 0.1498761722838787 0.12810030520419818 0.011749216088513351 0.075526138265560955
leaf_weight=49.822652876377106 120.18798844516277 38.929739698767662 76.127046018838882 34.116113618016243 10.613691091537474 54.728618040680885 14.311701163649557 3.7141014412045479 40.30063396692276 8.9495602101087552 5.9135446995496741 21.552499502897263 3.2638684511184684 9.5677512586116773 18.093088030815128 10.639097586274145 38.376688994467258 24.585768312215805 37.118070885539055 3.9913712888956061 20.608040750026703 7.382383465766905 4.834941640496254 4.1260186657309532 6.7798458784818649 7.3475192710757256 2.9361803755164146 20.316682398319244 30.70995169878006 20.02008929848671
leaf_count=579 1166 165 362 162 47 437 62 26 172 38 26 88 18 42 81 107 279 173 181 21 98 56 28 31 50 53 20 109 142 87
internal_value=-0.00101822 0.0173042 -0.00446456 0.0410015 0.0715323 -0.0510167 0.0263797 -0.0422044 0.0212833 0.0443015 0.0310432 0.0107858 -0.0291761 0.0385756 0.0197633 -0.0257858 -0.0195485 -0.00319212 0.00803367 0.0241377 0.0326305 0.0196973 0.0450151 0.114858 -0.021346 0.000303722 0.0584443 0.0928232 0.0497986 0.0369181
internal_weight=749.965 519.055 270.536 248.518 97.521 107.815 162.721 230.911 150.997 55.1637 46.2142 97.6795 57.9925 38.2745 28.7068 110.723 100.083 61.7068 95.8336 58.7155 54.7242 37.121 22.9588 8.96096 14.1622 13.9978 6.65028 59.2464 65.0417 50.73
internal_count=4906 2917 1775 1142 444 1034 741 1989 698 236 198 450 455 170 128 823 716 437 462 281 260 264 158 59 106 99 46 274 291 229
is_linear=0
shrinkage=0.1


Tree=13
num_leaves=31
num_cat=0
split_feature=0 14 15 0 15 14 15 9 7 140 0 21 5 61 13 1 26 0 5 1 23 94 55 139 132 80 10 5 13 73
split_gain=47.3229 20.9297 27.4123 11.791 10.4733 7.43184 7.38808 5.83652 4.79203 4.54693 5.09118 5.69165 4.33174 4.58532 4.2435 7.54972 4.12681 4.04431 3.82856 3.74915 3.89566 8.6775 5.6084 3.46408 3.38266 3.30835 4.34576 3.2597 3.24778 4.35614
threshold=7.7577002048492441 1.0000000180025095e-35 1.0000000180025095e-35 12.34633779525757 1.0000000180025095e-35 1.0000000180025095e-35 1.0000000180025095e-35 1.0000000180025095e-35 1.0000000180025095e-35 1.0000000180025095e-35 5.6454484462738046 1.0000000180025095e-35 1.0000000180025095e-35 1.0000000180025095e-35 1.0000000180025095e-35 -0.5642254352569579 1.0000000180025095e-35 5.405886411666871 1.0000000180025095e-35 0.82082289457321178 1.0000000180025095e-35 1.0000000180025095e-35 1.0000000180025095e-35 1.0000000180025095e-35 1.0000000180025095e-35 1.0000000180025095e-35 1.0000000180025095e-35 1.0000000180025095e-35 1.0000000180025095e-35 1.0000000180025095e-35
decision_type=2 2 2 2 2 2 2 2 2 2 2 2 2 2 2 2 2 2 2 2 2 2 2 2 2 2 2 2 2 2
left_child=1 2 7 5 9 6 -2 -1 23 10 27 -12 13 14 15 -9 -10 -16 -8 20 21 22 -5 -4 -17 -7 -27 -3 -6 -30
right_child=3 4 8 19 28 25 18 12 16 -11 11 -13 -14 -15 17 24 -18 -19 -20 -21 -22 -23 -24 -25 -26 26 -28 -29 29 -31
leaf_value=-0.079118446880204862 -0.060155374693918885 0.062000626753521193 0.054983738726446289 0.10470076982297412 0.10682242967456644 0.0029423091143475628 0.011749439696670689 0.13798599889032909 0.054046036604227216 0.12481344643735048 -0.01914279120103848 0.095858704835690409 -0.056834346963946625 0.089470150094268952 -0.11858726006563608 -0.11859968765763779 -0.013738047753953254 0.031320846663687056 -0.039891397895926162 -0.070646164531674105 -0.042317053872917627 0.17094749455002684 -0.057017892379948837 -0.029343445823924525 0.029230665702700161 0.01201547945571561 0.13161875740783016 0.016153091120653506 0.086108930093697911 -0.017101822672285941
leaf_weight=29.776119567453861 42.514678582549095 42.784102037549019 67.672877788543701 2.7023111358284924 34.22512511909008 93.569349586963654 41.197217360138893 3.8125792592763927 12.861696809530256 5.2539408653974524 29.013495519757271 5.0531248450279227 19.044504694640636 5.2722668796777716 5.5286561399698257 2.9409080296754846 29.773384854197502 2.6682300865650177 22.035522758960724 40.980279788374901 118.88162614405155 2.7783078402280799 10.388199880719185 5.2492452263832083 3.267734169960022 8.1052113771438581 4.8592504784464827 24.324305772781372 13.971159949898722 5.781591296195983
leaf_count=381 453 182 288 23 175 482 218 25 56 22 124 21 143 40 43 23 136 21 129 429 1066 23 96 22 23 41 24 102 68 27
internal_value=-0.000981634 0.0257776 0.00312567 -0.0250004 0.0523075 -0.00913978 -0.02792 -0.0451627 0.0333426 0.0341101 0.0293999 -0.00208454 -0.0213923 0.00734187 -0.0164258 0.0272232 0.00671033 -0.0697895 -0.0062465 -0.0441599 -0.0361049 0.0104334 -0.0236339 0.0489135 -0.0407936 0.00950183 0.0568444 0.0453826 0.0881876 0.0558993
internal_weight=736.287 348.275 187.868 388.012 160.407 212.281 105.747 72.311 115.557 106.429 101.175 34.0666 42.5349 23.4904 18.2181 10.0212 42.6351 8.19689 63.2327 175.731 134.75 15.8688 13.0905 72.9221 6.20864 106.534 12.9645 67.1084 53.9779 19.7528
internal_count=4906 1922 1201 2984 721 1347 800 699 502 451 429 145 318 175 135 71 192 64 347 1637 1208 142 119 310 46 547 65 284 270 95
is_linear=0
shrinkage=0.1


Tree=14
num_leaves=31
num_cat=0
split_feature=0 15 14 13 0 127 14 9 15 99 5 7 73 132 14 108 6 83 12 31 14 39 81 10 73 0 49 81 237 7
split_gain=39.8281 19.1481 26.3542 9.11804 8.59144 6.48237 5.743 5.20665 4.99259 4.7763 4.74463 4.32532 5.59798 4.14857 5.5724 3.95983 3.84667 7.20918 3.75409 7.30784 4.01555 5.37227 4.64374 5.48213 3.8151 3.72849 3.72098 3.69543 3.43247 3.42488
threshold=11.190965175628664 1.0000000180025095e-35 1.0000000180025095e-35 1.0000000180025095e-35 5.3483915328979501 1.0000000180025095e-35 1.0000000180025095e-35 1.0000000180025095e-35 1.0000000180025095e-35 1.0000000180025095e-35 1.0000000180025095e-35 1.0000000180025095e-35 1.0000000180025095e-35 1.0000000180025095e-35 1.0000000180025095e-35 1.0000000180025095e-35 1.0000000180025095e-35 1.0000000180025095e-35 1.0000000180025095e-35 1.0000000180025095e-35 1.0000000180025095e-35 1.0000000180025095e-35 1.0000000180025095e-35 1.0000000180025095e-35 1.0000000180025095e-35 9.5071868896484393 1.0000000180025095e-35 1.0000000180025095e-35 1.0000000180025095e-35 1.0000000180025095e-35
decision_type=2 2 2 2 2 2 2 2 2 2 2 2 2 2 2 2 2 2 2 2 2 2 2 2 2 2 2 2 2 2
left_child=1 2 7 4 13 -4 16 -1 -2 -8 -7 12 -5 14 29 18 17 26 20 -20 21 22 23 -10 -21 -13 27 -6 -9 -3
right_child=8 3 5 11 6 10 9 28 15 -11 -12 25 -14 -15 -16 -17 -18 -19 19 24 -22 -23 -24 -25 -26 -27 -28 -29 -30 -31
leaf_value=-0.070557802835469544 -0.051560951464995376 0.068113105150653885 0.0024460278225297565 0.044258695169773023 -0.11677079449070212 0.062073528692632045 0.078893172705585532 -0.030833048170121481 -0.0055483250255955879 -0.019505490003365662 0.0084677240442355226 -0.0065389096224403023 -0.018770829831250398 0.12665886627648637 0.11848775206489631 -0.080296081290766624 0.042721808878112888 0.073597914817754448 -0.072922710282743317 -0.0089175826281290473 0.030951169001455999 -0.064640226085591043 -0.048300577983745534 0.11843364684486711 0.13443513250391972 -0.11112379595265319 0.0060849309326146857 -0.01192033418713272 0.073524877916081463 0.001054287503616897
leaf_weight=44.093448519706726 111.18232860416174 19.551410436630249 88.197988450527191 47.19760037958622 8.0495761930942553 46.172827854752541 28.557231977581978 52.142089553177357 8.9452508240938169 5.9631017744541159 25.702232658863068 28.289568945765495 20.088558182120323 14.186252906918524 13.551848784089087 10.257289975881575 20.888908594846725 7.436494529247283 22.865817174315453 6.1732541769742983 24.368486411869526 16.331917338073254 8.6376468539237976 5.9311173111200342 2.6549192667007446 3.8757599741220465 10.452144995331764 5.7715890854597101 3.3545455336570731 12.47611293196678
leaf_count=579 1166 85 428 211 42 198 124 437 73 25 108 129 94 69 83 80 97 36 192 47 168 128 69 48 18 20 50 29 18 55
internal_value=-0.000947876 0.014431 -0.00451627 0.0344033 0.0502342 0.0206124 0.0302026 -0.044906 -0.0367508 0.0618956 0.0429043 0.011022 0.025441 0.0794337 0.0647352 -0.0212409 0.00940267 -0.0125464 -0.014925 -0.0430862 -0.00102557 -0.0205815 0.01002 0.0438825 0.0341932 -0.0191409 -0.038938 -0.0729862 -0.024525 0.0419908
internal_weight=723.347 505.999 259.663 246.336 146.885 160.073 87.119 99.5901 217.348 34.5203 71.8751 99.4515 67.2862 59.7656 45.5794 106.166 52.5987 31.7098 95.9084 31.694 64.2144 39.8459 23.514 14.8764 8.82817 32.1653 24.2733 13.8212 55.4966 32.0275
internal_count=4906 2917 1768 1149 695 734 403 1034 1989 149 306 454 305 292 223 823 254 157 743 257 486 318 190 121 65 149 121 71 455 140
is_linear=0
shrinkage=0.1


Tree=15
num_leaves=31
num_cat=0
split_feature=0 15 14 128 9 0 7 9 14 174 62 16 26 16 82 67 0 94 140 14 0 9 7 134 0 83 60 0 11 0
split_gain=33.2104 15.6886 22.0489 8.12242 5.61947 5.55139 5.23394 4.78765 4.56264 4.3992 4.67925 5.01268 5.71199 4.92734 5.09048 4.88829 4.17143 5.79487 4.14801 3.90232 3.88841 3.79747 4.49692 3.43101 5.18366 4.40294 6.50902 3.49591 6.65944 3.42627
threshold=11.190965175628664 1.0000000180025095e-35 1.0000000180025095e-35 1.0000000180025095e-35 1.0000000180025095e-35 3.4811772108078007 1.0000000180025095e-35 1.0000000180025095e-35 1.0000000180025095e-35 1.0000000180025095e-35 1.0000000180025095e-35 1.0000000180025095e-35 1.0000000180025095e-35 1.0000000180025095e-35 1.0000000180025095e-35 1.0000000180025095e-35 3.9219712018966679 1.0000000180025095e-35 1.0000000180025095e-35 1.0000000180025095e-35 13.938398361206056 1.0000000180025095e-35 1.0000000180025095e-35 1.0000000180025095e-35 6.0766596794128427 1.0000000180025095e-35 1.0000000180025095e-35 3.9917863607406621 1.0000000180025095e-35 4.507871389389039
decision_type=2 2 2 2 2 2 2 2 2 2 2 2 2 2 2 2 2 2 2 2 2 2 2 2 2 2 2 2 2 2
left_child=1 2 7 4 16 21 -6 -1 -2 10 11 12 -10 18 -15 -13 -3 29 -12 -5 -14 22 -4 25 -25 27 -27 28 -9 -18
right_child=8 3 5 19 6 -7 -8 23 9 -11 13 15 20 14 -16 -17 17 -19 -20 -21 -22 -23 -24 24 -26 26 -28 -29 -30 -31
leaf_value=-0.067588234510870177 -0.046358555258238683 -0.05989567126046566 0.070282843183657379 0.051265018609521741 0.063615479835365626 0.0096884216883960997 0.0072296072184682555 -0.074692514035006083 -0.099014657447853455 -0.088034036123659537 -0.015511290189535818 0.18024003476665751 0.097978625957884591 -0.084791501945451375 0.064671582094393262 0.025118031268474995 0.071953787957568197 -0.066072388672938229 0.083763638820528674 0.11680107723783446 -0.047346099787229375 0.10447739915809229 -0.02948182690448832 -0.013129925790087166 0.13430338977793985 -0.066901683382143057 0.1120706378572898 -0.076841579662205839 0.077638158501527207 0.014511558702713964
leaf_weight=41.560891084372997 124.97038938105106 8.0529887378215772 11.290655657649042 32.449285447597504 48.671069204807281 129.86467072367668 24.876151040196419 6.6436655148863775 4.4748872369527817 7.81153630465269 33.541787087917328 3.5588782653212547 4.8386451378464699 16.953343816101555 2.6325650587677947 4.7333371341228485 11.622731253504751 8.2942412942647916 4.8127230927348128 12.619130522012709 2.9720857441425323 10.925115168094637 7.5323805510997763 10.01518741995096 3.130084052681922 3.789388492703436 4.3819564804434776 21.46778579056263 5.0523508787155151 97.419789850711823
leaf_count=579 1216 40 49 139 221 604 116 51 41 78 295 24 36 171 20 40 55 41 39 80 29 50 31 70 22 31 40 204 37 457
internal_value=-0.000909758 0.0131451 -0.00416612 0.0312828 0.0225988 0.0186143 0.0445439 -0.0420253 -0.0341452 -0.0164652 -0.00934509 0.0316181 -0.00893014 -0.0238934 -0.064702 0.0916938 0.0097269 0.0145052 -0.00305427 0.0696151 0.0426807 0.05758 0.0303602 -0.0225244 0.0219761 -0.0366764 0.0290738 -0.0528768 -0.00888994 0.0206343
internal_weight=710.96 499.66 255.654 244.005 198.937 159.613 73.5472 96.0413 211.3 86.3298 78.5183 20.5778 12.2856 57.9404 19.5859 8.29222 125.39 117.337 38.3545 45.0684 7.81073 29.7482 18.823 54.4804 13.1453 41.3351 8.17134 33.1638 11.696 109.043
internal_count=4906 2917 1768 1149 930 734 337 1034 1989 773 695 170 106 525 191 64 593 553 334 219 65 130 80 455 92 363 71 292 88 512
is_linear=0
shrinkage=0.1


Tree=16
num_leaves=31
num_cat=0
split_feature=0 14 15 14 15 15 174 1 140 9 6 12 1 62 21 65 17 5 13 74 12 13 33 80 16 83 56 5 54 5
split_gain=28.023 12.3476 14.1283 8.86282 7.86208 7.70095 5.1187 4.88951 4.76633 4.76143 4.67453 4.55437 4.35389 4.31468 5.8147 4.2821 4.10719 3.99833 3.87421 4.13341 3.86825 3.80967 4.88796 3.73377 4.0468 4.43537 3.69011 3.66534 4.1995 3.52193
threshold=7.5277206897735605 1.0000000180025095e-35 1.0000000180025095e-35 1.0000000180025095e-35 1.0000000180025095e-35 1.0000000180025095e-35 1.0000000180025095e-35 0.82082289457321178 1.0000000180025095e-35 1.0000000180025095e-35 1.0000000180025095e-35 1.0000000180025095e-35 -0.37987679243087763 1.0000000180025095e-35 1.0000000180025095e-35 1.0000000180025095e-35 1.0000000180025095e-35 1.0000000180025095e-35 1.0000000180025095e-35 1.0000000180025095e-35 1.0000000180025095e-35 1.0000000180025095e-35 1.0000000180025095e-35 1.0000000180025095e-35 1.0000000180025095e-35 1.0000000180025095e-35 1.0000000180025095e-35 1.0000000180025095e-35 1.0000000180025095e-35 1.0000000180025095e-35
decision_type=2 2 2 2 2 2 2 2 2 2 2 2 2 2 2 2 2 2 2 2 2 2 2 2 2 2 2 2 2 2
left_child=1 2 9 4 -2 8 13 17 10 -1 11 -3 -13 14 -5 16 -15 -6 19 -4 -12 -7 -23 24 25 27 -22 28 -18 -11
right_child=3 5 18 6 7 21 -8 -9 -10 29 20 12 -14 15 -16 -17 23 -19 -20 -21 26 22 -24 -25 -26 -27 -28 -29 -30 -31
leaf_value=-0.069918999779894048 -0.056291032315913571 0.024640509084041907 0.053832148881097885 0.042537698355323131 0.0045811129857272689 0.098885436251518716 -0.085104527326962012 -0.087616456744120289 0.12260046668384941 0.012598797327735781 0.024667518183120105 -0.0050034692525353398 -0.10723482565575977 0.10664546854212503 -0.057156764768428986 -0.094619603894311177 -0.072420852082861184 -0.035847550096083564 0.0017755279296074488 -0.005040782783534579 0.13224729349796929 0.073886394207429207 -0.040729443431896606 0.044859183131038836 -0.041187488315015293 0.056702014436070883 0.028522251807488064 -0.045633876395515367 0.020534540716694315 -0.04779294734271073
leaf_weight=23.935992121696472 87.003649845719337 35.133097484707832 50.337265446782112 37.81517231464386 66.260047540068626 28.366543635725975 7.2990898787975302 8.8812343254685384 4.9308234304189673 22.456788338720798 25.553542271256447 14.160871207714083 5.9022586196660987 3.205010198056697 6.9211769402027121 5.583103895187377 5.6977630630135527 38.779306784272194 44.789843589067459 15.627994999289511 8.3787958025932294 12.550291210412981 5.2888079136610022 11.980256602168081 36.216898843646049 11.516866788268088 5.806831255555152 20.240817658603191 33.059967279434204 16.941702589392662
leaf_count=368 1039 150 226 241 417 167 78 107 21 170 110 61 25 25 41 59 36 270 190 69 37 68 23 64 261 72 25 139 212 135
internal_value=-0.000882131 0.0209193 0.00293048 -0.0192283 -0.0336558 0.0423586 -0.00308205 -0.0163688 0.0267405 -0.0347417 0.0217617 0.00293347 -0.0350783 0.000393907 0.0271139 -0.00898139 -0.00505966 -0.0103447 0.024473 0.0398844 0.0479134 0.0761146 0.0399059 -0.00807549 -0.0140172 -6.24408e-05 0.0897879 -0.0111432 0.00686919 -0.0133702
internal_weight=700.622 320.161 174.09 380.46 200.924 146.072 179.536 113.921 99.8662 63.3345 94.9354 55.1962 20.0631 172.237 44.7363 127.501 121.918 105.039 110.755 65.9653 39.7392 46.2056 17.8391 118.713 106.732 70.5154 14.1856 58.9985 38.7577 39.3985
internal_count=4906 1845 1158 3061 1833 687 1228 794 429 673 408 236 86 1150 282 868 809 687 485 295 172 258 91 784 720 459 62 387 248 305
is_linear=0
shrinkage=0.1


Tree=17
num_leaves=31
num_cat=0
split_feature=0 7 128 9 13 13 14 67 15 214 1 6 5 26 67 81 54 132 14 5 15 5 55 54 5 14 15 9 0 8
split_gain=23.7988 11.738 9.47876 10.0832 5.73937 4.70682 4.99585 6.45011 5.16232 4.4301 4.58979 4.42018 4.16615 4.8938 4.38057 5.33255 4.0248 3.96121 3.6291 3.84153 3.61087 6.75607 3.55152 4.88208 3.50691 3.37892 7.14506 3.22197 3.1666 7.29886
threshold=11.190965175628664 1.0000000180025095e-35 1.0000000180025095e-35 1.0000000180025095e-35 1.0000000180025095e-35 1.0000000180025095e-35 1.0000000180025095e-35 1.0000000180025095e-35 1.0000000180025095e-35 1.0000000180025095e-35 0.82082289457321178 1.0000000180025095e-35 1.0000000180025095e-35 1.0000000180025095e-35 1.0000000180025095e-35 1.0000000180025095e-35 1.0000000180025095e-35 1.0000000180025095e-35 1.0000000180025095e-35 1.0000000180025095e-35 1.0000000180025095e-35 1.0000000180025095e-35 1.0000000180025095e-35 1.0000000180025095e-35 1.0000000180025095e-35 1.0000000180025095e-35 1.0000000180025095e-35 1.0000000180025095e-35 10.310746192932131 1.0000000180025095e-35
decision_type=2 2 2 2 2 2 2 2 2 2 2 2 2 2 2 2 2 2 2 2 2 2 2 2 2 2 2 2 2 2
left_child=1 2 3 20 -4 6 8 -8 27 10 -2 28 13 14 -7 -16 -15 25 19 -6 21 -1 -22 -24 -10 26 -13 -3 -5 -30
right_child=9 5 4 11 18 12 7 -9 24 -11 -12 17 -14 16 15 -17 -18 -19 -20 -21 22 -23 23 -25 -26 -27 -28 -29 29 -31
leaf_value=0.0099489720263527606 -0.024491883793479607 -0.097152922368934913 0.089603323434054694 0.029022382546990723 0.035012828634379899 -0.021065718135765493 0.069732658478792231 -0.00029935460424697661 0.030103984719752088 0.09641338581935445 -0.064429253412514917 -0.079108752993757248 -0.071295727227842789 -0.061004829429913747 0.0022644921395998064 0.16246101007472891 0.012895735915941182 0.10551919460278046 0.069086414263986831 -0.074870743706303783 0.042676765933032018 -0.057754374071076697 -0.051022648264124316 0.015040594680001873 -0.034519717369603062 0.074830679601142244 0.06083251311072127 -0.022028104972975217 -0.13312067318433982 0.064343493360132578
leaf_weight=31.787450280040503 163.76562198996544 9.7902882024645805 30.710654806345701 55.807367213070393 7.5808827169239521 8.6245833858847618 20.348262593150139 37.184388533234596 23.273238956928253 2.7445766776800147 34.910578161478043 5.7964879125356665 17.733260080218315 22.727658323943615 4.24636235460639 4.0690956227481365 10.906113233417271 14.186912074685095 9.9365413784980774 5.482407059520483 24.672007039189339 27.482109263539314 15.311869248747824 41.517034456133842 13.137530237436293 15.521949142217636 9.8457074612379074 13.694454416632652 3.9749785438179961 3.5379670634865761
leaf_count=234 1537 154 184 315 48 53 99 176 104 25 427 57 127 128 22 28 67 72 48 37 109 233 74 197 69 74 43 120 23 22
internal_value=-0.00083907 0.0110789 0.0232075 0.0150023 0.0613142 -0.00871701 0.00342424 0.0244697 -0.016791 -0.0297664 -0.0315095 0.0378853 -0.0295893 -0.0149653 0.0288666 0.0806552 -0.0370418 0.0617162 0.0235409 -0.0111032 -0.00266284 -0.0214437 0.0109951 -0.00275936 0.00678682 0.0417757 0.00897484 -0.053346 0.0208173 -0.0401316
internal_weight=690.308 488.888 303.152 249.442 53.7105 185.735 117.428 57.5327 59.8955 201.421 198.676 108.671 68.3071 50.5738 16.94 8.31546 33.6338 45.3511 22.9998 13.0633 140.77 59.2696 81.5009 56.8289 36.4108 31.1641 15.6422 23.4847 63.3203 7.51295
internal_count=4906 2917 1770 1453 317 1147 722 275 447 1989 1964 606 425 298 103 50 195 246 133 85 847 467 380 271 173 174 100 274 360 45
is_linear=0
shrinkage=0.1


Tree=18
num_leaves=31
num_cat=0
split_feature=0 14 15 14 15 15 174 1 140 9 1 62 21 17 6 12 137 13 33 0 5 42 8 7 81 0 0 56 0 6
split_gain=19.8653 9.50226 10.7572 7.0858 6.92145 6.59535 4.33826 4.03071 3.93391 3.84741 3.70875 3.85559 5.18743 4.04928 3.48195 3.76924 3.43981 3.37841 4.08976 3.34994 3.17923 3.37373 3.69278 4.90924 5.2031 3.20292 3.15749 3.71023 4.61986 3.7681
threshold=7.5277206897735605 1.0000000180025095e-35 1.0000000180025095e-35 1.0000000180025095e-35 1.0000000180025095e-35 1.0000000180025095e-35 1.0000000180025095e-35 0.82082289457321178 1.0000000180025095e-35 1.0000000180025095e-35 0.89459273219108593 1.0000000180025095e-35 1.0000000180025095e-35 1.0000000180025095e-35 1.0000000180025095e-35 1.0000000180025095e-35 1.0000000180025095e-35 1.0000000180025095e-35 1.0000000180025095e-35 5.3483915328979501 1.0000000180025095e-35 1.0000000180025095e-35 1.0000000180025095e-35 1.0000000180025095e-35 1.0000000180025095e-35 7.8836412429809579 10.120465755462648 1.0000000180025095e-35 9.3497605323791522 1.0000000180025095e-35
decision_type=2 2 2 2 2 2 2 2 2 2 2 2 2 2 2 2 2 2 2 2 2 2 2 2 2 2 2 2 2 2
left_child=1 2 9 5 8 -2 10 20 14 -1 11 12 -5 -13 15 -3 19 -6 -19 -17 25 22 23 24 -22 -7 27 -27 29 -29
right_child=3 4 -4 6 17 7 -8 -9 -10 -11 -12 13 -14 -15 -16 16 -18 18 -20 -21 21 -23 -24 -25 -26 26 -28 28 -30 -31
leaf_value=-0.065495245792089457 -0.051489759852296903 0.021136662455588085 0.020566177493958806 0.044425832897536911 0.092555215746191036 -0.085397028765108893 -0.081190147019282968 -0.08316651694876348 0.11051438806284114 -0.013082356289008005 -0.068806540188997775 0.10704495276045096 -0.051749386545215659 -0.0081091439667075119 0.040472869835720099 -0.020162521960469373 0.025937041994816629 0.068052074409090307 -0.037308182324526443 -0.12207032381709811 0.11456078739534928 -0.071875038214126677 -0.057421584405996817 -0.072470575401573867 -0.030746046098783383 0.10262654839089269 -0.0062050750821492908 -0.084140584111939365 0.10295049830701218 0.037340975178509248
leaf_weight=21.801812641322613 81.025905974209309 34.819635391235352 109.71997576951981 36.692031480371952 26.342497125267982 3.7424214035272589 6.6668872386217108 7.8303769305348387 4.7931812554597846 39.163780577480793 7.2771003246307364 3.1358017176389685 6.6200798079371443 116.55937863886356 38.942727163434029 7.7143752574920672 6.5207194834947577 11.993095383048059 5.3178007900714865 5.5437468737363815 6.404919505119322 13.554020330309866 9.6077072024345398 3.9343343600630769 4.0053128600120544 6.7306604385375985 41.275192223489285 5.096921041607855 4.0483041405677804 5.1163197904825211
leaf_count=368 1039 150 485 224 167 16 78 107 21 305 90 23 40 773 172 34 28 68 23 24 41 115 62 27 25 30 302 25 20 24
internal_value=-0.000795972 0.0177528 0.00185283 -0.0164995 0.0368663 -0.0297841 -0.00205725 -0.013989 0.0221557 -0.0318256 0.00104092 0.0041591 0.0297258 -0.00509231 0.0176281 0.00133393 -0.0335278 0.0700036 0.0356861 -0.0627742 -0.00875614 -0.0320054 -0.00944412 0.0226902 0.0586543 0.00445392 0.00985418 0.0414301 0.0125488 -0.0232844
internal_weight=681.997 312.673 170.686 369.324 141.988 192.372 176.951 111.346 98.3344 60.9656 170.284 163.007 43.3121 119.695 93.5412 54.5985 19.7788 43.6534 17.3109 13.2581 103.516 37.5063 23.9523 14.3446 10.4102 66.0098 62.2674 20.9922 14.2615 10.2132
internal_count=4906 1845 1158 3061 687 1833 1228 794 429 673 1150 1060 264 796 408 236 86 258 91 58 687 270 155 93 66 417 401 99 69 49
is_linear=0
shrinkage=0.1


Tree=19
num_leaves=31
num_cat=0
split_feature=127 15 14 13 0 14 139 0 15 15 9 26 0 0 0 0 81 14 15 14 0 7 11 16 68 5 11 0 39 1
split_gain=16.8674 7.72681 7.83389 7.36363 6.26586 5.9301 7.42075 4.87253 5.17163 4.85252 8.09337 4.93749 5.24513 4.17885 5.45261 3.82944 3.82746 3.82184 3.78645 4.46256 3.54988 3.39734 5.0226 3.32513 3.25967 3.16503 3.33698 4.08573 3.15609 3.10111
threshold=1.0000000180025095e-35 1.0000000180025095e-35 1.0000000180025095e-35 1.0000000180025095e-35 5.2279260158538827 1.0000000180025095e-35 1.0000000180025095e-35 5.5947980880737314 1.0000000180025095e-35 1.0000000180025095e-35 1.0000000180025095e-35 1.0000000180025095e-35 4.1437373161315927 13.661875724792482 13.151266574859621 16.954140663146976 1.0000000180025095e-35 1.0000000180025095e-35 1.0000000180025095e-35 1.0000000180025095e-35 5.4524297714233407 1.0000000180025095e-35 1.0000000180025095e-35 1.0000000180025095e-35 1.0000000180025095e-35 1.0000000180025095e-35 1.0000000180025095e-35 15.798768043518068 1.0000000180025095e-35 -0.35675716400146479
decision_type=2 2 2 2 2 2 2 2 2 2 2 2 2 2 2 2 2 2 2 2 2 2 2 2 2 2 2 2 2 2
left_child=1 2 -1 5 18 6 9 8 -6 10 -2 -12 16 14 24 17 -13 -3 19 -5 -7 -11 -23 25 -4 26 27 -15 -19 -9
right_child=3 15 13 4 7 20 -8 29 -10 21 11 12 -14 23 -16 -17 -18 28 -20 -21 -22 22 -24 -25 -26 -27 -28 -29 -30 -31
leaf_value=-0.046926914939818376 -0.093408685892432217 -0.0066146559799646334 -0.00097657802683782219 -0.073822470225210129 0.20204865431640667 0.073542732147344761 -0.11527147244025744 -0.059957917124366614 0.030752626339796738 0.070143720570802842 0.11972012700220264 -0.026139170493468145 -0.07983939317784168 0.1653696968253513 0.12398986222647196 -0.063470066491367744 0.1257702044198675 0.0043602301870092714 0.012797422325578886 -0.005467416976293475 -0.0027058262800903864 0.053155402804208413 -0.057377310974818699 -0.09047751462614162 -0.089387422173191039 -0.074809240116514575 -0.042313143090355304 -0.020088600899633234 0.043320873600156518 0.069137188238768049
leaf_weight=93.530796904116869 7.7214858680963543 136.4892645701766 99.987987726926804 15.555418495088814 3.6964190341532213 46.038849949836731 3.8752909228205672 3.7308693863451481 3.3688281327486038 25.743068978190422 4.5210347995162019 3.1029066070914268 5.0776509642601013 2.5288819819688779 3.4016650915145865 8.799849431961773 3.5632758289575577 50.82343628257513 35.922633215785027 24.742592990398407 7.0395297408103934 11.420153558254244 6.4232039153575888 10.049615725874901 4.3517547324299803 5.6636525616049775 4.426076628267765 2.2401650175452232 35.187340222299099 3.7123422361910343
leaf_count=1224 138 855 527 188 26 258 25 22 16 120 32 21 41 28 39 122 23 294 169 105 32 51 29 124 46 69 54 29 179 20
internal_value=-0.000759546 -0.0116211 -0.0247635 0.0223244 0.000656043 0.0381118 0.0193029 0.0608902 0.120372 0.0270207 -0.00910289 0.0309199 -0.00326555 -0.00913614 -0.000602055 0.0012304 0.055061 0.0037893 -0.0108094 -0.0318531 0.0634303 0.0469002 0.0133661 -0.0460504 -0.00466398 -0.0160024 0.0202191 0.0782543 0.0202992 0.00442897
internal_weight=672.736 457.48 226.181 215.256 90.7291 124.526 71.4481 14.5085 7.06525 67.5728 23.9864 16.2649 11.7438 132.65 107.741 231.3 6.66618 222.5 76.2206 40.298 53.0784 43.5864 17.8434 24.9084 104.34 14.8588 9.19512 4.76905 86.0108 7.44321
internal_count=4906 3590 2140 1316 546 770 480 84 42 455 255 117 85 916 612 1450 44 1328 462 293 290 200 80 304 573 180 111 57 473 42
is_linear=0
shrinkage=0.1


Tree=20
num_leaves=31
num_cat=0
split_feature=0 7 128 9 13 5 11 67 14 214 1 6 134 1 14 15 13 1 14 5 0 0 14 15 83 54 132 0 5 1
split_gain=14.4094 8.876 7.06295 8.36508 4.12495 3.81472 6.55003 3.79305 3.69223 3.60062 3.45884 3.39789 3.25193 2.84488 4.0994 2.77052 2.76631 3.1209 2.72 3.21929 3.01219 2.68198 3.46637 4.15381 2.50055 5.94062 7.99712 4.75027 4.22658 4.09882
threshold=11.190965175628664 1.0000000180025095e-35 1.0000000180025095e-35 1.0000000180025095e-35 1.0000000180025095e-35 1.0000000180025095e-35 1.0000000180025095e-35 1.0000000180025095e-35 1.0000000180025095e-35 1.0000000180025095e-35 0.82082289457321178 1.0000000180025095e-35 1.0000000180025095e-35 0.1512662544846535 1.0000000180025095e-35 1.0000000180025095e-35 1.0000000180025095e-35 -0.065480265766382204 1.0000000180025095e-35 1.0000000180025095e-35 3.0266940593719487 3.9219712018966679 1.0000000180025095e-35 1.0000000180025095e-35 1.0000000180025095e-35 1.0000000180025095e-35 1.0000000180025095e-35 3.9219712018966679 1.0000000180025095e-35 -0.51950716972351063
decision_type=2 2 2 2 2 2 2 2 2 2 2 2 2 2 2 2 2 2 2 2 2 2 2 2 2 2 2 2 2 2
left_child=1 2 3 24 -4 -3 8 -8 -7 10 -2 21 13 14 15 -13 17 -10 19 -6 -20 -5 -23 -24 25 26 27 -1 -28 -29
right_child=9 5 4 11 18 6 7 -9 16 -11 -12 12 -14 -15 -16 -17 -18 -19 20 -21 -22 22 23 -25 -26 -27 28 29 -30 -31
leaf_value=-0.18787664786781391 -0.019715709739292656 0.0012170445394773938 0.078406155696001234 0.10549928385251039 0.032980719557571113 -0.034360722054039665 -0.01456845103827535 -0.10647705897330106 0.084405167877051948 0.088160272943423962 -0.056515692594083657 -0.072304471909217613 0.094981639671584905 0.11942870275155906 0.065277587863174377 0.021108351558673692 -0.03776665507384605 -0.020669878422220248 0.11154137320747703 -0.069514015011545888 -0.0012258241060654571 -0.0085895016723546019 0.010774758253296777 0.093364517470993391 0.023689026979915578 0.011720756150114916 0.066464996636682289 0.046863255569420476 -0.034163841534345256 -0.062808059861935481
leaf_weight=2.7166996486484996 156.27311493456364 121.28165617585182 28.491920817643404 3.3369125872850409 7.3784581087529659 20.731599129736423 6.7280980311334142 13.500448752194643 8.98687344789505 2.8177614584565154 30.530645053833723 5.0268325060606029 13.710990041494368 3.619419500231742 12.928646832704544 8.6188219338655472 4.7427463680505744 4.1237988546490678 5.2937495410442352 5.2413625754415989 4.286988765001297 32.439536400139332 17.140116423368454 9.4455793499946612 26.277564343065023 57.596599761396646 9.524572256952526 3.8390162996947756 7.4299017302691928 30.338190503418446
leaf_count=19 1537 737 184 18 48 178 46 98 43 25 427 55 72 18 63 38 23 22 27 37 21 214 82 46 153 360 54 24 50 187
internal_value=-0.00073488 0.00857208 0.0192611 0.0122044 0.053226 -0.0089179 -0.0298175 -0.0759079 -0.00565427 -0.0240378 -0.0257302 0.0332835 0.0545949 0.0362552 0.024927 -0.0133034 0.02768 0.0513551 0.0209101 -0.00958819 0.0610827 0.0182798 0.0133489 0.0401179 -0.00406031 -0.0106033 -0.0344813 -0.0606056 0.0223668 -0.050489
internal_weight=664.399 474.777 294.682 243.989 50.6925 180.095 58.8136 20.2285 38.585 189.622 186.804 106.267 43.9047 30.1937 26.5743 13.6457 17.8534 13.1107 22.2006 12.6198 9.58074 62.3621 59.0252 26.5857 137.723 111.445 53.8484 36.8939 16.9545 34.1772
internal_count=4906 2917 1770 1453 317 1147 410 144 266 1989 1964 606 246 174 156 93 88 65 133 85 48 360 342 128 847 694 334 230 104 211
is_linear=0
shrinkage=0.1


Tree=21
num_leaves=31
num_cat=0
split_feature=0 14 15 147 9 1 151 168 15 80 0 0 93 10 9 95 8 67 54 16 0 0 42 5 0 67 7 10 13 5
split_gain=12.0451 7.88757 10.453 4.5741 4.32881 3.90617 3.81458 4.03965 3.46478 5.15744 3.38367 4.89657 6.46954 12.865 4.55636 5.54952 6.72603 4.84952 5.26336 3.966 3.91519 3.7658 7.13216 3.31011 3.21509 3.57549 3.98546 3.4648 3.21579 3.17902
threshold=9.1197810173034686 1.0000000180025095e-35 1.0000000180025095e-35 1.0000000180025095e-35 1.0000000180025095e-35 0.82082289457321178 1.0000000180025095e-35 1.0000000180025095e-35 1.0000000180025095e-35 1.0000000180025095e-35 13.726214885711672 13.151266574859621 1.0000000180025095e-35 1.0000000180025095e-35 1.0000000180025095e-35 1.0000000180025095e-35 1.0000000180025095e-35 1.0000000180025095e-35 1.0000000180025095e-35 1.0000000180025095e-35 10.965092182159426 14.752909183502199 1.0000000180025095e-35 1.0000000180025095e-35 3.4811772108078007 1.0000000180025095e-35 1.0000000180025095e-35 1.0000000180025095e-35 1.0000000180025095e-35 1.0000000180025095e-35
decision_type=2 2 2 2 2 2 2 2 2 2 2 2 2 2 2 2 2 2 2 2 2 2 2 2 2 2 2 2 2 2
left_child=1 2 23 5 6 8 7 -3 10 -10 11 14 13 -13 -2 16 19 -18 -19 -16 -21 -12 -23 -1 -6 27 28 -26 -27 -4
right_child=3 4 29 -5 24 -7 -8 -9 9 -11 21 12 -14 -15 15 -17 17 18 -20 20 -22 22 -24 -25 25 26 -28 -29 -30 -31
leaf_value=-0.015156115573526214 -0.042164544838301794 0.02238555518653694 0.025063773193087713 -0.12159359349184834 0.092445236110806003 -0.049763907933530943 -0.067823072148949212 -0.076310594767073456 -0.005922087471207785 0.062897059032829647 -0.088592116501024623 0.24462347841658399 -0.070876681515951515 -0.065001653528365663 -0.052374319173963985 -0.096104088091582204 0.0031767961819473261 0.026898728428812059 0.20540032227890248 -0.019287247248764846 0.14075283628878107 -0.043241073412318455 0.14025671356593478 -0.059232706645014233 0.10794551095009641 0.073266136013123942 -0.026486769334914947 0.016047602885188274 -0.0039060966059395168 -0.0069806894882766873
leaf_weight=39.60818051174283 41.797799717634916 103.09858466684818 86.703645035624504 4.0906406790018073 12.410666413605211 28.959351565688848 5.3863104134798041 4.3208976462483397 111.92654097080231 12.063390225172041 14.353770174086092 3.3743061125278455 2.5414978712797165 2.2280390933156013 10.94927264750004 4.4800093844532958 4.6150421723723429 2.7156850770115852 4.2169440314173698 3.6769338324666014 2.6162600666284561 18.170550629496578 2.3976628482341757 29.900720037519932 10.800579488277437 13.787269711494446 12.957758232951162 6.6156982928514472 8.8757597655057907 48.152786299586296
leaf_count=454 424 501 385 35 75 424 24 20 773 77 186 40 31 28 97 44 39 26 33 25 25 239 30 392 52 68 59 31 41 228
internal_value=-0.000681572 0.0107942 -0.00261505 -0.0166382 0.0261677 -0.0150544 0.0142978 0.0184155 -0.0109029 0.000773555 -0.0231583 -0.0121944 0.0614544 0.121486 -0.0201843 0.00742982 0.0235407 0.0826029 0.135477 -0.0160147 0.047246 -0.0492829 -0.0218505 -0.0341166 0.0466266 0.0359051 0.0177498 0.0730374 0.0430424 0.0136218
internal_weight=657.793 382.619 204.365 275.174 178.254 271.083 112.806 107.419 242.124 123.99 118.134 83.2118 8.14384 5.60235 75.0679 33.2701 28.7901 11.5477 6.93263 17.2425 6.29319 34.922 20.5682 69.5089 65.4477 53.0371 35.6208 17.4163 22.663 134.856
internal_count=4906 2330 1459 2576 871 2541 545 521 2117 850 1267 812 99 68 713 289 245 98 59 147 50 455 269 846 326 251 168 83 109 613
is_linear=0
shrinkage=0.1


Tree=22
num_leaves=31
num_cat=0
split_feature=127 13 15 14 1 6 78 60 128 9 5 26 7 14 15 55 174 1 7 39 8 83 5 86 26 12 0 10 168 73
split_gain=10.7991 5.73885 5.56311 5.72516 5.29629 5.02403 5.23288 5.21974 4.8429 4.35757 4.82267 4.47382 5.7625 4.38786 6.39032 3.71213 7.1402 4.65775 4.60215 5.17398 5.57317 4.02156 4.76277 3.74603 3.7052 8.30552 3.69766 3.55559 3.51733 5.43567
threshold=1.0000000180025095e-35 1.0000000180025095e-35 1.0000000180025095e-35 1.0000000180025095e-35 -0.50079855322837818 1.0000000180025095e-35 1.0000000180025095e-35 1.0000000180025095e-35 1.0000000180025095e-35 1.0000000180025095e-35 1.0000000180025095e-35 1.0000000180025095e-35 1.0000000180025095e-35 1.0000000180025095e-35 1.0000000180025095e-35 1.0000000180025095e-35 1.0000000180025095e-35 0.82082289457321178 1.0000000180025095e-35 1.0000000180025095e-35 1.0000000180025095e-35 1.0000000180025095e-35 1.0000000180025095e-35 1.0000000180025095e-35 1.0000000180025095e-35 1.0000000180025095e-35 3.9219712018966679 1.0000000180025095e-35 1.0000000180025095e-35 1.0000000180025095e-35
decision_type=2 2 2 2 2 2 2 2 2 2 2 2 2 2 2 2 2 2 2 2 2 2 2 2 2 2 2 2 2 2
left_child=2 9 3 -1 8 6 -6 -7 -3 13 26 -12 -13 14 -2 16 18 23 21 27 -21 22 -4 28 25 -15 -11 -20 -17 -30
right_child=1 4 15 -5 5 7 -8 -9 -10 10 11 12 -14 24 -16 17 -18 -19 19 20 -22 -23 -24 -25 -26 -27 -28 -29 29 -31
leaf_value=-0.040936212823765888 -0.091777871765700264 -0.055664703778106409 0.068209849805842007 -0.0076868828263725215 0.030058592572405812 0.0047360276455784642 -0.089814176601210841 0.14734538474504785 0.0041102003811542354 0.11621819907938964 0.090665230129605645 0.031857706608807455 -0.10538827095809496 -0.092880166596884153 0.01318564570537765 -0.0025165424640929495 -0.094013937257526797 -0.08213992984438756 0.007022342429225302 0.0012831022692427259 -0.13530742040661523 0.1094246080687644 -0.015161393832535203 -0.054390215719444718 0.066631240922790491 0.087245996946953272 0.047120791836516684 0.15360067920375414 0.12564048521949658 -0.018717127353779197
leaf_weight=86.316909238696098 7.2153172008693209 22.337490696460009 16.589738707989454 129.45675446093082 16.411393977701668 4.3983663730323332 4.6801861301064482 6.16264808177948 34.469605453312397 14.435519836843016 5.5718635842204103 8.8006196394562703 4.6892992705106744 5.3255671039223689 29.574764251708984 133.08697332441807 4.8981773518025866 7.759295377880334 4.2052323892712602 9.6637738309800607 4.3236772380769262 9.3523518256843072 11.673868507146837 12.896534033119677 21.723410777747631 4.9291242435574532 16.709219925105572 2.728766642510891 5.5408030152320844 4.9285861551761627
leaf_count=1224 145 144 94 916 93 29 26 40 214 89 35 58 31 29 131 770 48 119 31 55 29 49 71 110 123 28 101 19 28 27
internal_value=-0.000672687 0.0181603 -0.00948286 -0.0209878 -0.00112942 0.0316506 0.00345903 0.0879526 -0.0193943 0.0325026 0.0549006 0.0152842 -0.0158511 0.0161502 -0.00739993 0.00142195 0.0219674 -0.00651482 0.0316723 -0.00592478 -0.0409386 0.0525832 0.0337746 -0.00276418 0.0432441 -0.00629889 0.0791473 0.0647059 0.0018737 0.0576825
internal_weight=650.856 207.434 443.421 215.774 88.4597 31.6526 21.0916 10.561 56.8071 118.975 50.2065 19.0618 13.4899 68.7682 36.7901 227.648 63.4356 164.212 58.5374 20.9215 13.9875 37.616 28.2636 156.453 31.9781 10.2547 31.1447 6.934 143.556 10.4694
internal_count=4906 1316 3590 2140 546 188 119 69 358 770 314 124 89 456 276 1450 396 1054 348 134 84 214 165 935 180 57 190 50 825 55
is_linear=0
shrinkage=0.1


Tree=23
num_leaves=31
num_cat=0
split_feature=127 148 15 14 13 1 6 78 60 128 14 139 15 26 5 15 67 11 5 15 9 26 0 7 16 81 65 55 174 1
split_gain=8.85899 4.98814 4.83641 4.91943 4.75873 4.28503 4.01225 4.29811 4.12066 3.95148 3.77321 6.25306 3.24643 3.21775 5.31122 3.32674 3.19746 3.19751 5.16421 3.19485 5.79257 3.35704 3.93316 2.82472 3.70186 2.68561 2.67694 2.666 6.07342 3.88894
threshold=1.0000000180025095e-35 1.0000000180025095e-35 1.0000000180025095e-35 1.0000000180025095e-35 1.0000000180025095e-35 -0.50079855322837818 1.0000000180025095e-35 1.0000000180025095e-35 1.0000000180025095e-35 1.0000000180025095e-35 1.0000000180025095e-35 1.0000000180025095e-35 1.0000000180025095e-35 1.0000000180025095e-35 1.0000000180025095e-35 1.0000000180025095e-35 1.0000000180025095e-35 1.0000000180025095e-35 1.0000000180025095e-35 1.0000000180025095e-35 1.0000000180025095e-35 1.0000000180025095e-35 4.1437373161315927 1.0000000180025095e-35 1.0000000180025095e-35 1.0000000180025095e-35 1.0000000180025095e-35 1.0000000180025095e-35 1.0000000180025095e-35 0.82082289457321178
decision_type=2 2 2 2 2 2 2 2 2 2 2 2 2 2 2 2 2 2 2 2 2 2 2 2 2 2 2 2 2 2
left_child=1 2 3 -1 10 9 7 23 -8 -6 11 19 16 14 -11 -15 -12 -18 -19 20 -2 -22 25 24 -7 -23 -5 28 -4 -29
right_child=4 -3 27 26 5 6 8 -9 -10 13 12 -13 -14 15 -16 -17 17 18 -20 -21 21 22 -24 -25 -26 -27 -28 29 -30 -31
leaf_value=-0.037589534763842303 -0.089402121428829084 -0.12710879273317324 0.028577230292294559 -0.0036489425848880638 -0.050384221652156919 0.043255033385062015 0.0042625560080131186 -0.082392975084404921 0.13059196939853462 0.12441396643993111 0.081150666988355477 -0.11167497305735488 0.093842905014920874 -0.050947351116644994 -0.037026085452216632 0.020567550388544954 0.046213607680988297 0.045609869815416121 -0.09513868984423389 0.038296134513011532 0.091309991260182577 -0.028143808300386215 -0.076595739167544474 0.081447025093822678 -0.07890759099400646 0.096374564363928369 -0.084665589725615026 -0.0010319596339230877 -0.091229263598281249 -0.078012168970536047
leaf_weight=82.696719825267792 6.3450243957340744 3.5268409587442866 58.623043362051249 124.08593900129199 22.217231068760157 6.3389855958521419 4.3982400000095385 4.596072655171155 6.2526719234883785 4.9189331419765931 10.693387299776075 3.7089546769857398 12.978503525257109 12.470051381736994 3.4792615659534931 13.597420923411846 14.45986208319664 5.0936666429042816 5.3395285904407501 41.881044328212738 5.011140152812005 3.1115384921431541 4.7585880979895592 6.0320251360535613 4.0751925483345985 3.9070685431361198 4.2170057743787757 154.29907505959272 4.5604549348354331 6.8540676720440379
leaf_count=1213 138 32 347 849 144 35 29 26 40 31 53 25 114 96 22 65 72 27 24 200 32 21 41 33 25 23 61 926 48 114
internal_value=-0.000636016 -0.00866178 -0.00770219 -0.0185704 0.01649 -0.00103371 0.0284141 0.00310023 0.0784249 -0.0174989 0.029694 0.0146162 0.0510303 0.00369963 0.0575315 -0.0136435 0.0354164 0.0157702 -0.0264228 0.0218209 -0.00800608 0.0227569 -0.00641206 0.0269922 -0.00454866 0.0411722 -0.00631176 0.0025199 0.0199298 -0.00430604
internal_weight=644.528 438.863 435.336 211 205.664 88.3761 31.6932 21.0423 10.6509 56.6829 117.288 68.7234 48.5649 34.4657 8.39819 26.0675 35.5864 24.8931 10.4332 65.0144 23.1334 16.7883 11.7772 16.4462 10.4142 7.01861 128.303 224.337 63.1835 161.153
internal_count=4906 3590 3558 2123 1316 546 188 119 69 358 770 480 290 214 53 161 176 123 51 455 255 117 85 93 60 44 910 1435 395 1040
is_linear=0
shrinkage=0.1


Tree=24
num_leaves=31
num_cat=0
split_feature=0 5 14 7 0 15 129 237 9 56 82 104 5 6 174 30 52 64 40 0 15 10 26 73 9 15 135 0 54 0
split_gain=7.45509 6.57524 5.49763 5.09926 5.41725 4.9483 5.80391 4.40411 4.0561 4.41045 3.89837 2.88621 2.84503 2.83963 2.80415 4.76384 8.41218 3.38704 2.59974 4.18592 2.66388 3.52591 4.20014 3.65804 2.54776 4.75389 4.21496 5.26989 4.16781 2.48343
threshold=12.34633779525757 1.0000000180025095e-35 1.0000000180025095e-35 1.0000000180025095e-35 3.1772758960723881 1.0000000180025095e-35 1.0000000180025095e-35 1.0000000180025095e-35 1.0000000180025095e-35 1.0000000180025095e-35 1.0000000180025095e-35 1.0000000180025095e-35 1.0000000180025095e-35 1.0000000180025095e-35 1.0000000180025095e-35 1.0000000180025095e-35 1.0000000180025095e-35 1.0000000180025095e-35 1.0000000180025095e-35 10.186173915863039 1.0000000180025095e-35 1.0000000180025095e-35 1.0000000180025095e-35 1.0000000180025095e-35 1.0000000180025095e-35 1.0000000180025095e-35 1.0000000180025095e-35 5.405886411666871 1.0000000180025095e-35 12.699520587921144
decision_type=2 2 2 2 2 2 2 2 2 2 2 2 2 2 2 2 2 2 2 2 2 2 2 2 2 2 2 2 2 2
left_child=1 3 10 4 -1 8 -7 24 -4 -10 18 14 -13 -11 15 16 -2 -16 19 20 -3 23 -23 -22 -6 26 28 -28 -26 -17
right_child=11 2 5 -5 7 6 -8 -9 9 13 -12 12 -14 -15 17 29 -18 -19 -20 -21 21 22 -24 -25 25 -27 27 -29 -30 -31
leaf_value=0.071740354796986622 -0.054562045254501784 -0.045837386310233576 -0.028443770084205372 -0.0013551154404272772 0.0050537014511204716 0.016075459750124154 0.11944334786040547 0.13308299247092004 0.079222538498075534 -0.04742620153440201 -0.080443699826955734 -0.0028429054236902931 0.14740404058469914 0.044588174108206008 -0.085677533605054021 -0.071465823265019018 0.26595371464717321 0.066010417154547849 -0.080913135844536618 0.079360068441064746 -0.0049147508884199434 0.088246806249007687 -0.0069586616471103997 -0.083560112876491677 -0.050578688394354476 0.059646755845231318 -0.023992814175749937 0.12930979550110699 0.02534911042467072 -0.018259989296717308
leaf_weight=21.437199827283621 1.7035927325487128 25.551301013678312 37.696395851671696 130.12155712768435 91.941269382834435 21.632875248789791 7.2530676946043959 3.2755695804953566 9.0476380884647369 8.3400322794914228 11.741427436470984 3.6379958055913439 1.9283372685313223 5.6099085956811914 12.028785351663824 9.5777070634067041 1.5767513662576675 1.6772977113723762 6.2714343667030326 4.5250490903854361 19.10264303535223 7.0108606070280084 13.667132273316383 8.5665198042988795 14.19458731636405 30.875713519752026 3.8332546874880773 5.4028685912489891 14.733278453350067 104.37517158314586
leaf_count=140 23 367 188 826 566 103 60 18 43 42 119 42 24 28 155 105 18 20 71 47 93 34 65 44 107 154 23 30 101 1250
internal_value=-0.000596721 0.00503963 -0.00987519 0.0138245 0.0244614 0.00796203 0.0420304 0.0182909 -0.00825207 0.0248451 -0.0264442 -0.0213175 0.0492069 -0.010423 -0.0243155 -0.0193117 0.0994991 -0.0671145 -0.0189582 -0.0140037 -0.0197207 -0.00591809 0.0253207 -0.0292638 0.0159552 0.0304729 0.00687049 0.0656848 -0.0119078 -0.0227319
internal_weight=638.337 501.832 186.016 315.815 185.694 89.5799 28.8859 164.257 60.694 22.9976 96.4364 136.506 5.56633 13.9499 130.939 117.233 3.28034 13.7061 84.6949 78.4235 73.8985 48.3472 20.678 27.6692 160.981 69.0397 38.164 9.23612 28.9279 113.953
internal_count=4906 3269 1304 1965 1139 464 163 999 301 113 840 1637 66 70 1571 1396 41 175 721 650 603 236 99 137 981 415 261 53 208 1355
is_linear=0
shrinkage=0.1


Tree=25
num_leaves=31
num_cat=0
split_feature=14 308 15 0 15 9 5 0 10 74 1 78 32 7 61 47 42 0 127 5 21 174 67 9 68 34 67 134 98 81
split_gain=6.90824 8.91622 6.76967 5.16605 5.11693 3.81665 3.53332 4.82635 3.49056 5.5723 5.05055 3.29258 3.32702 3.67651 3.09791 7.19355 11.5608 4.69346 3.56847 3.51631 3.09304 3.05353 3.04974 3.02196 2.96266 2.95085 4.63418 2.65138 2.61101 2.53988
threshold=1.0000000180025095e-35 1.0000000180025095e-35 1.0000000180025095e-35 5.4524297714233407 1.0000000180025095e-35 1.0000000180025095e-35 1.0000000180025095e-35 16.379192352294925 1.0000000180025095e-35 1.0000000180025095e-35 -0.69168758392333973 1.0000000180025095e-35 1.0000000180025095e-35 1.0000000180025095e-35 1.0000000180025095e-35 1.0000000180025095e-35 1.0000000180025095e-35 14.97056818008423 1.0000000180025095e-35 1.0000000180025095e-35 1.0000000180025095e-35 1.0000000180025095e-35 1.0000000180025095e-35 1.0000000180025095e-35 1.0000000180025095e-35 1.0000000180025095e-35 1.0000000180025095e-35 1.0000000180025095e-35 1.0000000180025095e-35 1.0000000180025095e-35
decision_type=2 2 2 2 2 2 2 2 2 2 2 2 2 2 2 2 2 2 2 2 2 2 2 2 2 2 2 2 2 2
left_child=1 2 5 4 -2 22 7 23 9 11 -10 12 13 29 27 17 -17 18 -16 -20 -11 -5 -1 28 25 -25 -27 -7 -4 -8
right_child=3 -3 6 21 -6 14 8 -9 10 20 -12 -13 -14 -15 15 16 -18 -19 19 -21 -22 -23 -24 24 -26 26 -28 -29 -30 -31
leaf_value=-0.024015776125362577 0.017834552462364706 0.14427983252858848 0.0048187306728704558 0.0045252099535878533 0.077193168308571397 -0.04330287830867733 -0.027931445966088288 -0.10617912646205914 0.13224450819540631 -0.10815045351310162 -0.0063682830085430384 -0.098007931475334986 0.073601451400550785 -0.079303456148074852 -0.075458931290933909 0.015404082947691078 0.35185727200815015 0.12443609613151381 0.085884683755677066 -0.056380468936812325 0.0080225113893512036 -0.071742088745341964 -0.072549936161755105 0.050885355345900718 -0.04833874833563688 0.063289152681350561 -0.065308658771139588 0.017156563860041659 -0.057966430310034768 0.062372934430784989
leaf_weight=22.96397852152586 58.171993434429169 3.6801242530345908 71.127606749534607 217.52770999073982 19.354257151484489 34.967008985579014 6.6285881064832299 3.586234211921691 2.8918282836675671 12.258326798677443 28.883081071078777 3.7514933645725241 5.191012702882289 6.2753831893205634 8.7461297400295788 3.1091616414487353 1.5208032354712484 2.156234133988618 3.7726062461733809 3.2204347029328346 2.8187907561659804 5.3794034905731669 29.680867280811071 36.820530571043491 4.4258723109960547 5.091615326702593 6.2322643399238586 9.1518676877021772 7.3037493228912345 5.8750165328383446
leaf_count=403 277 20 377 1393 167 412 40 67 13 91 185 20 38 43 118 39 22 34 26 28 19 78 559 196 38 27 31 66 46 33
internal_value=-0.000569825 -0.010509 -0.0122434 0.010418 0.0326533 -0.0312537 -0.00140138 0.00827338 -0.0188621 -0.0375036 0.00624684 -0.0108931 0.00274103 -0.0168467 -0.0153558 0.0148179 0.125919 -0.0139265 -0.0328819 0.0203687 -0.086431 0.00268466 -0.0513791 0.0114066 0.0299581 0.0371559 -0.00748655 -0.0307614 -0.001028 0.0144995
internal_weight=632.564 332.131 328.45 300.433 77.5263 119.289 209.161 134.588 74.5735 42.7986 31.7749 27.7215 23.97 18.779 66.6442 22.5254 4.62996 17.8954 15.7392 6.99304 15.0771 222.907 52.6448 131.002 52.5703 48.1444 11.3239 44.1189 78.4314 12.5036
internal_count=4906 2991 2971 1915 444 1707 1264 782 482 284 198 174 154 116 745 267 61 206 172 54 110 1471 962 715 292 254 58 478 423 73
is_linear=0
shrinkage=0.1


Tree=26
num_leaves=31
num_cat=0
split_feature=148 7 0 29 128 9 73 226 12 93 67 21 0 73 0 15 0 57 0 35 178 26 86 1 1 0 0 0 19 11
split_gain=6.2221 5.74246 9.34233 6.01771 4.93843 4.56043 3.61458 3.40101 3.21519 4.64659 4.42505 4.38932 3.66793 3.4984 11.7372 8.61993 4.13103 3.15501 3.04001 3.64164 3.01548 2.80054 6.20759 3.84121 3.69689 6.69137 3.01163 3.44424 2.75446 3.31423
threshold=1.0000000180025095e-35 1.0000000180025095e-35 15.683778285980226 1.0000000180025095e-35 1.0000000180025095e-35 1.0000000180025095e-35 1.0000000180025095e-35 1.0000000180025095e-35 1.0000000180025095e-35 1.0000000180025095e-35 1.0000000180025095e-35 1.0000000180025095e-35 12.34633779525757 1.0000000180025095e-35 13.813826084136965 1.0000000180025095e-35 13.661875724792482 1.0000000180025095e-35 5.07460641860962 1.0000000180025095e-35 1.0000000180025095e-35 1.0000000180025095e-35 1.0000000180025095e-35 0.91649556159973156 0.82082289457321178 15.924708843231203 13.726214885711672 12.581793308258058 1.0000000180025095e-35 1.0000000180025095e-35
decision_type=2 2 2 2 2 2 2 2 2 2 2 2 2 2 2 2 2 2 2 2 2 2 2 2 2 2 2 2 2 2
left_child=1 2 3 -1 5 20 -6 21 9 13 18 12 17 16 -15 -16 -7 -12 -10 -20 28 22 23 24 25 26 27 -3 29 -5
right_child=-2 7 -4 4 6 8 -8 -9 10 -11 11 -13 -14 14 15 -17 -18 -19 19 -21 -22 -23 -24 -25 -26 -27 -28 -29 -30 -31
leaf_value=-0.13153097369838082 -0.11838359395136835 0.0071475087987162809 -0.050784290973472028 -0.0096414473283012864 0.05434771886343609 0.032204455593252107 -0.033221076427678568 -0.12411361000785169 0.042584733362031169 -0.082362899357305716 0.067650464729802337 0.12214442158492085 -0.084646574661096 0.04244927458583321 0.090186746549601848 0.39317224742447432 -0.069056519226803406 -0.0048319501981833749 -0.089150879667760308 0.032561734237058208 -0.087233364474213204 -0.019491637896646846 -0.095722102678571078 0.13115840738942372 -0.10712587398041272 0.17219878575130609 -0.04839642530027452 0.11549275145979115 -0.07553316157094131 0.018890666112487201
leaf_weight=2.8978152871131888 4.4505868125706902 67.167872343212366 25.38475463539362 98.012536197900772 39.935820162296295 47.357176836580038 5.3444876261055461 2.6717260777950278 3.6417092755436924 3.2714384831488124 9.9344784207642114 4.0041711851954451 3.5583043918013564 25.409775130450729 2.0137715525925151 1.7593394070863726 4.4033948294818392 15.183784432709217 10.369181398302315 3.222124319523572 4.0467982664704314 142.0808690097183 5.9852921441197386 2.5223297327756873 2.796880315989255 2.4606743156909934 9.3981343656778318 3.0681140311062327 4.6847085356712332 69.635690174996853
leaf_count=27 39 461 367 694 280 285 35 32 25 36 60 36 40 158 29 14 48 99 86 23 34 1093 70 44 47 28 113 33 35 535
internal_value=-0.000565456 0.000277264 0.00784205 0.0119911 0.0131601 0.00866107 0.0440119 -0.0119226 0.0225583 0.0344779 0.00244765 0.024069 0.0103746 0.0392001 0.0668873 0.231464 0.0235899 0.0238354 -0.0385552 -0.0602962 -0.00190716 -0.0106497 0.00280086 0.00954679 0.00593343 0.00978524 0.0047667 0.0118803 9.65052e-05 0.00220988
internal_weight=626.674 622.223 384.071 358.687 355.789 310.508 45.2803 238.152 134.129 84.2149 49.9138 32.6807 28.6766 80.9435 29.1829 3.77311 51.7606 25.1183 17.233 13.5913 176.38 235.48 93.3993 87.414 84.8917 82.0948 79.6341 70.236 172.333 167.648
internal_count=4906 4867 2946 2579 2552 2237 315 1921 939 570 369 235 199 534 201 43 333 159 134 109 1298 1889 796 726 682 635 607 494 1264 1229
is_linear=0
shrinkage=0.1


Tree=27
num_leaves=31
num_cat=0
split_feature=14 308 15 0 15 9 5 0 67 39 84 49 174 10 74 1 133 78 15 0 35 16 5 7 73 21 32 19 85 1
split_gain=5.83068 7.02622 5.65086 3.95176 4.66315 3.1255 3.05512 3.25529 2.90182 2.88238 4.12438 3.16443 2.99769 2.82922 4.83462 4.17058 3.19353 2.88299 2.8169 3.05945 3.52469 2.93491 3.30167 3.10535 2.79833 2.7485 2.72797 2.63903 2.63073 2.64638
threshold=1.0000000180025095e-35 1.0000000180025095e-35 1.0000000180025095e-35 5.4524297714233407 1.0000000180025095e-35 1.0000000180025095e-35 1.0000000180025095e-35 16.223134994506839 1.0000000180025095e-35 1.0000000180025095e-35 1.0000000180025095e-35 1.0000000180025095e-35 1.0000000180025095e-35 1.0000000180025095e-35 1.0000000180025095e-35 -0.69168758392333973 1.0000000180025095e-35 1.0000000180025095e-35 1.0000000180025095e-35 12.262833595275881 1.0000000180025095e-35 1.0000000180025095e-35 1.0000000180025095e-35 1.0000000180025095e-35 1.0000000180025095e-35 1.0000000180025095e-35 1.0000000180025095e-35 1.0000000180025095e-35 1.0000000180025095e-35 -0.38535249233245844
decision_type=2 2 2 2 2 2 2 2 2 2 2 2 2 2 2 2 2 2 2 2 2 2 2 2 2 2 2 2 2 2
left_child=1 2 5 4 -2 8 7 -4 -1 11 18 12 28 14 16 -15 17 -8 19 20 -11 23 -23 26 -21 -16 -20 -10 29 -5
right_child=3 -3 6 9 -6 -7 13 -9 27 10 -12 -13 -14 15 25 -17 -18 -19 21 24 -22 22 -24 -25 -26 -27 -28 -29 -30 -31
leaf_value=-0.021058725453539696 0.015307781550246341 0.1261479374482922 0.010274278164910061 -0.10672421624945677 0.073356163465666133 -0.014788307106485399 0.023202216701763076 -0.082184970702924867 -0.07570155107126067 0.072726301995777065 0.11074281033642 -0.094807246074047127 -0.084952570068601144 0.12213180259620821 -0.10382512262924332 -0.0065279790584459318 -0.072695112825207187 -0.083494955237628274 0.11482366099813615 -0.10901827808216942 -0.0066656930551418974 0.12318635200335844 0.0067219011833015057 -0.038642860766127829 0.027434897734266047 0.006142525306496339 0.016091484558328928 0.086607701342146418 -0.089411252052434595 0.003489156588472331
leaf_weight=22.234584346413612 57.485564477741718 3.7578551881015292 129.33412048220634 2.2173278480768195 18.226612240076065 66.065497983247042 18.157292809337385 3.9234452843666068 26.595516256988052 6.7622202411293975 4.4906177893280974 3.9005548059940329 4.3655595779418936 2.7609853893518475 11.481241326779125 28.803432255983353 6.3237037509679785 2.9428816586732855 3.7122535705566415 4.6787477172911158 32.314240552484989 6.3810316696763021 3.9353487826883793 7.4152135476469985 2.214123047888279 2.8337971568107596 11.368999127298594 1.0409557223319996 3.2600051537156096 124.82851697877049
leaf_count=403 277 20 709 11 167 745 128 73 537 33 25 31 70 13 91 185 30 16 25 65 163 35 21 45 33 19 61 22 20 833
internal_value=-0.000567908 -0.00980082 -0.0113849 0.00955549 0.0292821 -0.0290538 -0.00146795 0.00755204 -0.0479516 0.00282311 0.0175272 -0.00601308 -0.00344129 -0.0178653 -0.0349497 0.00472608 -0.0103606 0.00832096 0.0122138 -0.00376186 0.00707317 0.0345951 0.0787591 0.0143424 -0.0651869 -0.082056 0.0403944 -0.069588 -0.000710463 0.00156561
internal_weight=623.812 326.255 322.497 297.557 75.7122 115.937 206.561 133.258 49.8711 221.845 83.2728 138.572 134.671 73.3033 41.7389 31.5644 27.4239 21.1002 78.7822 45.9693 39.0765 32.8128 10.3164 22.4965 6.89287 14.315 15.0813 27.6365 130.306 127.046
internal_count=4906 2991 2971 1915 444 1707 1264 782 962 1471 506 965 934 482 284 198 174 144 481 294 196 187 56 131 98 110 86 559 864 844
is_linear=0
shrinkage=0.1


Tree=28
num_leaves=31
num_cat=0
split_feature=148 5 307 7 0 12 63 19 151 83 103 13 12 76 153 9 15 14 129 10 54 67 0 133 130 55 14 13 42 13
split_gain=5.39864 4.69137 4.75015 4.29476 4.78263 4.20726 5.7982 5.46715 3.78098 4.41971 3.63004 3.37064 5.56643 3.23853 3.17491 3.03216 2.90319 4.34873 5.32205 3.64113 3.44992 3.0695 3.40133 3.03035 6.6155 2.98132 4.70755 2.97285 2.70759 6.30006
threshold=1.0000000180025095e-35 1.0000000180025095e-35 1.0000000180025095e-35 1.0000000180025095e-35 3.9219712018966679 1.0000000180025095e-35 1.0000000180025095e-35 1.0000000180025095e-35 1.0000000180025095e-35 1.0000000180025095e-35 1.0000000180025095e-35 1.0000000180025095e-35 1.0000000180025095e-35 1.0000000180025095e-35 1.0000000180025095e-35 1.0000000180025095e-35 1.0000000180025095e-35 1.0000000180025095e-35 1.0000000180025095e-35 1.0000000180025095e-35 1.0000000180025095e-35 1.0000000180025095e-35 2.3791923522949223 1.0000000180025095e-35 1.0000000180025095e-35 1.0000000180025095e-35 1.0000000180025095e-35 1.0000000180025095e-35 1.0000000180025095e-35 1.0000000180025095e-35
decision_type=2 2 2 2 2 2 2 2 2 2 2 2 2 2 2 2 2 2 2 2 2 2 2 2 2 2 2 2 2 2
left_child=1 3 10 4 11 6 7 -6 9 -7 14 -1 15 -5 16 -13 19 -18 -19 21 25 28 -23 -24 -25 26 -21 -26 -3 -30
right_child=-2 2 -4 13 5 8 -8 -9 -10 -11 -12 12 -14 -15 -16 -17 17 18 -20 20 -22 22 23 24 27 -27 -28 -29 29 -31
leaf_value=0.077518448074697321 -0.11313983786410087 0.0012162700849088126 0.11844044474849538 -0.0036574471364381003 0.029638777818526019 -0.013385800228444484 -0.11388143081091745 -0.10866035557001036 -0.10418364965324328 0.053675091802127387 0.10955645247798747 0.11622354397514219 -0.059950683350330283 -0.10979771531665079 -0.10806992119078683 0.0028253595634349323 -0.014813720050922768 0.010929298108945343 0.11584538922038135 -0.11027035330106803 -0.072937255518818522 -0.16479504856839378 -0.03474974808441799 -0.08932120954722321 0.14995033582360412 0.038064116754986568 0.00022343659017102255 0.0094239693654506271 0.1751995183473728 -0.038716124336220535
leaf_weight=19.475373018532991 4.2289522420614949 21.412948885932568 2.7954927608370772 156.45537423342466 105.89303013309836 63.807794708758593 3.0504567734897128 2.9376898556947699 3.8877707645297042 11.617050610482691 2.4021372124552718 5.0147553049027902 6.0424340255558482 2.9284722581505767 3.5334993600845328 4.4507780075073242 69.846304431557655 28.838015295565128 5.8089019134640685 6.1516397874802395 22.770518343895674 1.6895480807870615 31.55039943754673 3.0788357034325582 3.5404909029603004 6.7078780382871619 10.331837836652994 2.6190337352454662 3.0771186351776114 2.4915200434625149
leaf_count=143 39 217 15 1215 734 530 34 21 27 86 23 30 40 19 31 27 460 179 58 105 270 14 323 24 25 64 59 25 36 33
internal_value=-0.000540503 0.000234768 -0.0111142 0.00696496 0.0158247 0.00960452 0.0220943 0.0259056 -0.00801404 -0.00305698 -0.0127178 0.0498197 0.0150348 -0.00560764 -0.0140323 0.0629027 -0.0125213 -0.000445673 0.0285195 -0.0234536 -0.0452881 -0.00900565 -0.0257596 -0.0200005 0.0303706 -0.0181406 -0.0410129 0.0901984 0.0173708 0.0794894
internal_weight=618.436 614.207 228.646 385.561 226.177 191.194 111.881 108.831 79.3126 75.4248 225.851 34.9833 15.508 159.384 223.448 9.46553 219.915 104.493 34.6469 115.422 45.9619 69.4599 42.4783 40.7888 9.23836 23.1914 16.4835 6.15952 26.9816 5.56864
internal_count=4906 4867 1961 2906 1672 1432 789 755 643 616 1946 240 97 1234 1923 57 1892 697 237 1195 498 697 411 397 74 228 164 50 286 69
is_linear=0
shrinkage=0.1


Tree=29
num_leaves=31
num_cat=0
split_feature=148 14 15 0 9 108 13 61 15 55 54 7 6 0 0 12 13 49 67 74 21 67 13 0 132 54 78 67 178 61
split_gain=4.62617 4.27217 4.87044 3.27621 3.09296 2.98987 2.79772 3.19075 2.79555 4.06364 5.49046 3.79949 3.85545 5.01653 3.3256 3.27346 4.39368 3.11833 3.10703 3.39657 2.98775 2.65344 2.58079 4.02474 4.73114 4.41985 3.79537 3.6624 2.37283 2.57342
threshold=1.0000000180025095e-35 1.0000000180025095e-35 1.0000000180025095e-35 2.8952771425247197 1.0000000180025095e-35 1.0000000180025095e-35 1.0000000180025095e-35 1.0000000180025095e-35 1.0000000180025095e-35 1.0000000180025095e-35 1.0000000180025095e-35 1.0000000180025095e-35 1.0000000180025095e-35 10.260096073150637 7.0814509391784677 1.0000000180025095e-35 1.0000000180025095e-35 1.0000000180025095e-35 1.0000000180025095e-35 1.0000000180025095e-35 1.0000000180025095e-35 1.0000000180025095e-35 1.0000000180025095e-35 5.542778968811036 1.0000000180025095e-35 1.0000000180025095e-35 1.0000000180025095e-35 1.0000000180025095e-35 1.0000000180025095e-35 1.0000000180025095e-35
decision_type=2 2 2 2 2 2 2 2 2 2 2 2 2 2 2 2 2 2 2 2 2 2 2 2 2 2 2 2 2 2
left_child=1 2 4 -3 21 22 7 -7 -5 20 14 15 13 -13 -11 18 -17 -16 -12 -20 -10 -1 23 24 25 27 -25 -4 29 -6
right_child=-2 3 5 8 28 6 -8 -9 9 10 11 12 -14 -15 17 16 -18 -19 19 -21 -22 -23 -24 26 -26 -27 -28 -29 -30 -31
leaf_value=-0.018350567583084103 -0.10746004639210177 0.050340120604492701 0.068077318432069212 -0.0015101393757856198 -0.027883458223480203 -0.0040135785126814991 0.01292363075876405 -0.12452946523090323 0.06130908494404911 0.013742333004736654 0.10214029423109801 0.084515457910476197 -0.082819198424045337 -0.042520406266599226 -0.13223340306544837 0.053048076190692621 -0.066538834363011765 -0.018657490238446484 0.09332169873171986 -0.0089342718724391475 -0.033722846256184054 -0.066021258753992632 -0.0091529534512439694 0.007430728265914165 0.098212557742370865 0.070633947641866299 -0.076449248614790702 -0.038003182705649972 0.10071261733494237 0.01505239403677185
leaf_weight=21.579277236014605 4.0183493774384251 17.918348882347345 4.3320527523756036 173.29215053841472 42.453626077622175 3.6671088598668558 5.7256082743406287 5.479491364210844 27.052997466176752 5.8097959384322158 10.449122127145529 5.7063290029764193 5.8825197927653781 6.8280419521033764 5.4397382885217649 6.6466683410108072 5.7130025960505009 4.350952260196209 5.2335306182503691 8.5636704936623573 3.7692393958568564 25.443693526089191 79.287923611700535 67.843057435005903 10.420318491756914 10.454059995710852 5.8602924793958655 13.085253536701202 1.8639584966003884 20.798388715833426
leaf_count=400 39 120 21 1132 474 24 37 38 177 40 66 33 35 51 32 48 38 21 35 48 25 556 467 479 55 51 32 63 22 247
internal_value=-0.000514341 0.000189064 -0.0078293 0.00890988 -0.0246015 0.00129398 -0.0418956 -0.0762115 0.0062078 0.0193918 0.00616974 0.0210164 -0.0160311 0.0153132 -0.0461943 0.0396554 -0.0022285 -0.0817606 0.0610059 0.0298533 0.0496877 -0.0441447 0.00465196 0.0144253 0.0407256 0.0192328 0.000761273 -0.0116187 -0.0104884 -0.0137654
internal_weight=614.969 610.95 318.294 292.656 112.139 206.155 14.8722 9.1466 274.738 101.446 70.6234 55.0229 18.4169 12.5344 15.6005 36.606 12.3597 9.79069 24.2463 13.7972 30.8222 47.023 191.283 111.995 38.2917 27.8714 73.7033 17.4173 65.116 63.252
internal_count=4906 4867 2966 1901 1699 1267 99 62 1781 649 447 354 119 84 93 235 86 53 149 83 202 956 1168 701 190 135 511 84 743 721
is_linear=0
shrinkage=0.1


Tree=30
num_leaves=31
num_cat=0
split_feature=148 5 0 64 14 307 103 63 49 64 0 7 141 1 153 174 153 0 103 237 83 13 12 176 0 126 1 0 95 8
split_gain=3.95998 3.86545 3.90391 4.00751 5.39258 3.72456 3.5561 3.43746 4.86104 3.73826 14.3367 4.46147 4.56643 3.43682 2.89477 3.8463 2.79154 2.74364 2.70183 2.55483 2.43871 3.60644 3.80572 2.91999 2.76859 2.48244 2.40138 6.67266 2.87593 2.54311
threshold=1.0000000180025095e-35 1.0000000180025095e-35 16.954140663146976 1.0000000180025095e-35 1.0000000180025095e-35 1.0000000180025095e-35 1.0000000180025095e-35 1.0000000180025095e-35 1.0000000180025095e-35 1.0000000180025095e-35 14.800821304321291 1.0000000180025095e-35 1.0000000180025095e-35 -0.75526654720306385 1.0000000180025095e-35 1.0000000180025095e-35 1.0000000180025095e-35 11.998631000518801 1.0000000180025095e-35 1.0000000180025095e-35 1.0000000180025095e-35 1.0000000180025095e-35 1.0000000180025095e-35 1.0000000180025095e-35 3.639972567558289 1.0000000180025095e-35 0.75739601254463207 16.041068077087406 1.0000000180025095e-35 1.0000000180025095e-35
decision_type=2 2 2 2 2 2 2 2 2 2 2 2 2 2 2 2 2 2 2 2 2 2 2 2 2 2 2 2 2 2
left_child=1 2 6 -4 -5 16 7 9 -9 11 -11 12 13 -1 15 19 18 -13 20 -15 23 24 -23 25 -22 -3 28 -28 29 -19
right_child=-2 5 3 4 -6 -7 -8 8 -10 10 -12 17 -14 14 -16 -17 -18 26 -20 -21 21 22 -24 -25 -26 -27 27 -29 -30 -31
leaf_value=0.11807114778750577 -0.10194831739146409 -0.0128236804194342 -0.092905249434608067 -0.10512302791897117 0.19117346995849835 0.10424277746128335 -0.092909698643730387 -0.09702186736349698 0.078119674221540078 -0.032249120154106622 0.29012114120628424 0.0016185717259774341 -0.10462054065889188 0.017419298041346808 0.11606476523333881 -0.083341062983835937 -0.10226836892130509 -0.10218550404141949 0.092081151701224787 0.10454774741863082 0.1170641368310113 -0.061984181410361154 0.071231951503140808 -0.099669005146274317 0.020376091573259068 -0.10419658280036409 0.19272110658392697 -0.069086850449581183 0.032687476771933587 -0.021113493284712386
leaf_weight=3.5262433663010588 3.8224011100828639 171.61089004389942 7.3617468997836095 1.1418315395712852 1.3293939232826233 2.8056500181555739 3.465300489217042 6.4307148754596692 2.1029403172433376 3.6526369825005522 2.2168205641210079 122.28611677885056 2.9734266176819792 191.98022262006998 2.9954056069254866 3.7466564215719691 3.3519256301224223 9.2698055207729393 2.5469557233154765 3.425490725785493 3.4377448968589333 9.6245035976171476 2.7592961303889743 4.111250400543212 21.377830633893609 3.0257538817822924 1.6056031063199032 2.4727452956140041 3.4236170761287203 6.6413134261965743
leaf_count=28 39 1527 137 25 20 15 29 75 26 40 22 783 20 1320 27 53 31 107 23 21 23 84 25 37 167 29 16 37 38 82
internal_value=-0.000483734 0.000155525 0.00627634 -0.0559173 0.0542695 -0.0102537 0.00791933 0.00886687 -0.0538619 0.0103529 0.0895061 0.00904183 0.0184185 0.0201972 0.0184899 0.0170223 -0.0117017 -0.00438591 -0.0103123 0.0189467 -0.01152 0.0117748 -0.0323016 -0.0163679 0.0337705 -0.0144068 -0.0357472 0.0339842 -0.0504559 -0.068346
internal_weight=610.522 606.7 382.048 9.83297 2.47123 224.652 372.215 368.75 8.53366 360.216 5.86946 354.347 208.647 205.674 202.148 199.152 221.846 145.699 218.494 195.406 215.947 37.1994 12.3838 178.748 24.8156 174.637 23.4131 4.07835 19.3347 15.9111
internal_count=4906 4867 2906 182 45 1961 2724 2695 101 2594 62 2532 1469 1449 1421 1394 1946 1063 1915 1341 1892 299 109 1593 190 1556 280 53 227 189
is_linear=0
shrinkage=0.1


Tree=31
num_leaves=31
num_cat=0
split_feature=14 308 15 0 31 151 81 0 61 55 82 0 10 12 15 0 16 11 21 9 67 168 42 99 61 0 0 15 108 13
split_gain=3.60842 4.09606 3.67959 2.92505 3.82241 3.79701 3.00026 3.76573 2.84436 5.59761 5.41228 4.47445 3.44869 5.16682 3.60711 3.23403 3.15921 3.03938 3.08687 2.73023 3.64126 3.16027 2.65307 2.51575 2.35189 4.02025 3.97929 3.10922 2.34362 2.51195
threshold=1.0000000180025095e-35 1.0000000180025095e-35 1.0000000180025095e-35 9.2238192558288592 1.0000000180025095e-35 1.0000000180025095e-35 1.0000000180025095e-35 11.494866847991945 1.0000000180025095e-35 1.0000000180025095e-35 1.0000000180025095e-35 15.51813840866089 1.0000000180025095e-35 1.0000000180025095e-35 1.0000000180025095e-35 10.035592079162599 1.0000000180025095e-35 1.0000000180025095e-35 1.0000000180025095e-35 1.0000000180025095e-35 1.0000000180025095e-35 1.0000000180025095e-35 1.0000000180025095e-35 1.0000000180025095e-35 1.0000000180025095e-35 11.190965175628664 11.494866847991945 1.0000000180025095e-35 1.0000000180025095e-35 1.0000000180025095e-35
decision_type=2 2 2 2 2 2 2 2 2 2 2 2 2 2 2 2 2 2 2 2 2 2 2 2 2 2 2 2 2 2
left_child=1 2 -1 5 8 19 24 -8 9 11 17 12 13 -5 -14 -11 -12 18 -10 21 -21 23 -19 -2 25 -6 -27 -28 -4 -30
right_child=3 -3 28 4 6 -7 7 -9 10 15 16 -13 14 -15 -16 -17 -18 22 -20 20 -22 -23 -24 -25 -26 26 27 -29 29 -31
leaf_value=-0.023967350543938538 0.0092111678174284003 0.094435628465412022 0.0017990189108571546 0.063157944569063859 0.14677499084057061 -0.054581488490500298 0.15787814346933551 0.024137458471914647 0.023353871276169932 -0.12381988090281033 0.14823855914396772 -0.10993812169174277 0.0188064139263555 -0.073200292270759776 0.17835566839662331 -0.040121044540002232 0.022092959102370906 -0.083008962263820235 -0.091232028618713906 0.073227902699525602 0.019573453861020756 -0.075745713525716296 0.017745565671056014 0.079023928455415823 -0.045220591336243315 -0.091775286544479209 -0.016830427325560608 0.10827146707865216 -0.072797684801585535 0.012087193286264944
leaf_weight=109.12239839322865 92.344693496823311 3.8640588521957389 188.36497749947011 5.9994184263050609 2.4057276546955135 7.2611420303583136 3.4590007439255732 5.3797459416091442 20.207027472555641 5.5303029865026465 3.6511604413390142 2.5483085028827182 2.9394158050417891 5.1764614023268223 2.735888697206974 27.93574496358633 4.3514867722988129 8.42703779786825 2.660565171390771 18.524245340377092 39.876910395920277 4.1731484159827223 3.7883748933672896 5.4673635214567176 6.1025356240570536 3.1104322671890241 4.2562987916171551 3.7256141752004623 8.9447808377444726 5.7126648053526869
leaf_count=1707 482 20 1164 44 10 35 16 41 170 31 26 38 30 44 14 269 28 69 25 103 215 20 39 24 48 15 55 24 63 37
internal_value=-0.000485657 -0.00789126 -0.00915797 0.0075278 -0.00409073 0.0161485 0.0281081 0.0764762 -0.0136343 -0.0291777 0.00543733 0.013561 0.0322371 -6.75666e-07 0.0957202 -0.0539524 0.0796461 -0.0114902 0.0100222 0.0193506 0.0365921 0.00947742 -0.0517619 0.0131135 0.00629684 0.0295881 0.00417239 0.0415618 -0.00119808 -0.0397142
internal_weight=608.047 316.009 312.145 292.038 124.391 167.648 28.4394 8.83875 95.9512 52.8655 43.0857 19.3995 16.8512 11.1759 5.6753 33.466 8.00265 35.083 22.8676 160.386 58.4012 101.985 12.2154 97.8121 19.6006 13.4981 11.0923 7.98191 203.022 14.6574
internal_count=4906 2991 2971 1915 1036 879 209 57 827 470 357 170 132 88 44 300 54 303 195 844 318 526 108 506 152 104 94 79 1264 100
is_linear=0
shrinkage=0.1


Tree=32
num_leaves=31
num_cat=0
split_feature=148 7 1 145 0 226 26 86 1 147 91 11 60 14 12 0 0 36 5 15 8 14 81 0 0 9 0 0 13 132
split_gain=3.37114 3.37342 7.17064 4.01345 3.45942 3.12329 2.50213 5.05739 3.57689 2.62463 2.52317 2.47097 2.30636 8.78679 7.88882 3.9495 5.97041 3.33602 2.81361 3.56026 7.49352 3.47064 2.74081 6.27043 3.2512 2.68694 2.5828 3.24867 3.067 2.31578
threshold=1.0000000180025095e-35 1.0000000180025095e-35 0.89459273219108593 1.0000000180025095e-35 3.9219712018966679 1.0000000180025095e-35 1.0000000180025095e-35 1.0000000180025095e-35 0.91649556159973156 1.0000000180025095e-35 1.0000000180025095e-35 1.0000000180025095e-35 1.0000000180025095e-35 1.0000000180025095e-35 1.0000000180025095e-35 12.412046909332277 11.690622806549074 1.0000000180025095e-35 1.0000000180025095e-35 1.0000000180025095e-35 1.0000000180025095e-35 1.0000000180025095e-35 1.0000000180025095e-35 6.4298424720764169 4.0561258792877206 1.0000000180025095e-35 11.494866847991945 7.7043120861053476 1.0000000180025095e-35 1.0000000180025095e-35
decision_type=2 2 2 2 2 2 2 2 2 2 2 2 2 2 2 2 2 2 2 2 2 2 2 2 2 2 2 2 2 2
left_child=1 2 3 4 11 6 7 8 9 -3 12 -1 13 14 -8 16 17 18 19 20 -14 -21 24 -24 -16 -19 27 28 -15 -20
right_child=-2 5 -4 -5 -6 -7 10 -9 -10 -11 -12 -13 15 26 22 -17 -18 25 29 21 -22 -23 23 -25 -26 -27 -28 -29 -30 -31
leaf_value=0.015107611846349967 -0.096645682918691023 0.010058757151060131 -0.092100861244623827 -0.11290809676864313 0.0047479450490017609 -0.12454722099727644 -0.071314262919392177 -0.091494464503854941 0.12683431750264804 -0.094491001945496755 0.080249631903724042 0.058715502179811987 -0.094698581128827453 0.072559447676871239 0.11798763287986845 -0.080409596279657436 0.11798104758758061 -0.13248652649141057 -0.069402799189955802 0.087728847855133421 0.042692017693927609 -0.017564884662728184 -0.012486206771616522 0.21857378398792979 -0.04540432040364431 -0.012166209481014573 0.10198726147195669 -0.053911996810288701 -0.0078162125906862286 0.025727660056387294
leaf_weight=33.449532926082611 3.6224740855395785 79.844641899690032 7.3044196330010882 2.7262939009815446 306.67585201747715 2.3328403513878575 24.02235477976501 5.1528031900525084 2.5647737719118586 2.4756151214241973 2.6290254928171626 21.247773582115769 8.382546588778494 11.683280549943456 1.5441899728029946 13.289842829108236 2.9796252734959117 4.9477040991187087 12.845022844150664 7.1072425097227097 7.5412302799522886 5.5946259573101997 2.7439041305333376 2.0534209012985229 5.7619675379246473 2.970210999250412 4.8884901367127886 4.5437425673007956 7.9971186369657508 3.1955303587019435
leaf_count=253 39 666 150 18 2376 32 193 70 44 16 20 149 69 60 15 182 30 41 107 33 60 33 30 23 57 18 45 22 37 18
internal_value=-0.000466737 0.00011346 0.00600002 0.00796809 0.00888001 -0.00942985 -0.00824555 0.00469872 0.010538 0.00691463 -0.01677 0.0320476 -0.0186722 -0.00519892 -0.0381443 -0.0314381 -0.0197249 -0.0275279 -0.0169231 0.00186463 -0.0296327 0.0413515 0.0276896 0.0864155 -0.0108707 -0.0873513 0.035683 0.0223027 0.0398988 -0.0504513
internal_weight=604.118 600.496 371.404 364.099 361.373 229.092 226.759 90.0378 84.885 82.3203 136.721 54.6973 134.092 65.2385 36.1258 68.8536 55.5637 52.5841 44.6662 28.6256 15.9238 12.7019 12.1035 4.79733 7.30616 7.91792 29.1126 24.2241 19.6804 16.0406
internal_count=4906 4867 2946 2796 2778 1921 1889 796 726 682 1093 402 1073 482 318 591 409 379 320 195 129 66 125 53 72 59 164 119 97 125
is_linear=0
shrinkage=0.1


Tree=33
num_leaves=31
num_cat=0
split_feature=9 293 1 77 13 0 62 14 0 137 15 0 1 1 16 0 127 0 152 6 7 5 10 61 64 102 54 26 42 0
split_gain=3.36598 3.47958 3.64997 3.89011 3.09998 4.86314 3.81791 4.21088 3.52683 5.81259 4.26897 3.35645 5.02502 3.60686 3.39545 4.66509 5.48036 3.08276 3.01717 2.89056 2.79309 2.78657 3.46329 4.22888 4.83782 3.69257 3.66404 3.14969 3.64261 2.87434
threshold=1.0000000180025095e-35 1.0000000180025095e-35 -0.21636626124382016 1.0000000180025095e-35 1.0000000180025095e-35 4.4558520317077646 1.0000000180025095e-35 1.0000000180025095e-35 3.4195755720138554 1.0000000180025095e-35 1.0000000180025095e-35 4.1437373161315927 -0.50079855322837818 -0.46931324899196619 1.0000000180025095e-35 6.0766596794128427 1.0000000180025095e-35 2.6105407476425175 1.0000000180025095e-35 1.0000000180025095e-35 1.0000000180025095e-35 1.0000000180025095e-35 1.0000000180025095e-35 1.0000000180025095e-35 1.0000000180025095e-35 1.0000000180025095e-35 1.0000000180025095e-35 1.0000000180025095e-35 1.0000000180025095e-35 15.51813840866089
decision_type=2 2 2 2 2 2 2 2 2 2 2 2 2 2 2 2 2 2 2 2 2 2 2 2 2 2 2 2 2 2
left_child=18 2 4 -4 11 8 7 -7 9 10 -6 17 -13 -14 15 16 -15 -2 21 -18 -8 22 -1 24 25 -24 -25 -28 -29 -23
right_child=1 -3 3 -5 5 6 20 -9 -10 -11 -12 12 13 14 -16 -17 19 -19 -20 -21 -22 29 23 26 -26 -27 27 28 -30 -31
leaf_value=-0.0094862884156728788 0.010511647717519917 -0.10643148260212028 0.0017725987932537498 -0.10620981849243177 -0.020146638917074983 -0.060708414257141019 0.095486496950570265 0.076235549570531677 -0.08042210001915534 -0.11455315454264531 0.12247662670303611 -0.096302413241960011 0.12001331983427417 -0.094851458398220165 -0.027828670493910791 0.10655858701537185 -0.012656484193072876 0.09175842174540344 -0.10642824390341597 0.10013575795889088 -0.0027645708648037638 -0.01310534590554991 0.018301421971328859 -0.079452690160445677 0.14824919911681811 0.12470978297544213 -0.031720784895973263 0.064943594689728365 -0.064786974626923871 -0.0688559023870009
leaf_weight=127.68811550363898 6.5287767536938217 2.6093255542218676 137.82513742893934 3.4189879819750777 4.4779158420860785 6.5143363103270531 10.102852366864679 3.4263653978705406 8.7306358404457551 3.0425217859446994 3.9498285949230194 3.3753944002091876 4.064963173121213 3.7511022947728643 10.050964307039978 7.3966920748352996 4.1798164322972298 16.404421489685774 3.0105914361774913 4.978101022541523 4.0546502545475969 122.6567815579474 50.295537523925304 6.5619955211877814 3.3970265276730052 3.4873163662850848 12.514599490910769 10.517077300697563 2.7251815274357805 10.001926388591526
leaf_count=976 50 19 1235 27 39 40 61 17 59 19 22 27 29 22 63 40 25 114 26 32 25 1058 394 48 35 27 111 81 23 162
internal_value=-0.000465748 0.00843965 0.00965673 -0.000841249 0.0237745 0.00365905 0.0339948 -0.0135065 -0.0325292 0.0039246 0.0466966 0.0384475 0.0201353 0.0315532 0.0197078 0.0432375 0.00695534 0.0686285 -0.00674706 0.0486556 0.0673478 -0.00588925 0.0010858 0.016169 0.0325112 0.025201 -0.0127443 0.00425081 0.0382458 -0.0173087
internal_weight=601.739 248.883 246.273 141.244 105.029 44.2991 24.0982 9.9407 20.2009 11.4703 8.42774 60.7302 37.797 34.4216 30.3567 20.3057 12.909 22.9332 352.856 9.15792 14.1575 349.846 217.187 89.4987 57.1799 53.7829 32.3189 25.7569 13.2423 132.659
internal_count=4906 1965 1946 1262 684 282 143 57 139 80 61 402 238 211 182 119 79 164 2941 57 86 2915 1695 719 456 421 263 215 104 1220
is_linear=0
shrinkage=0.1


Tree=34
num_leaves=31
num_cat=0
split_feature=15 0 0 11 99 8 128 0 42 16 55 1 0 12 104 79 151 55 81 73 78 7 13 9 11 127 54 0 0 0
split_gain=2.97126 3.2606 4.53627 6.25861 6.42326 3.25453 3.14627 3.0857 6.04381 5.20554 3.96941 3.69807 4.63194 2.84971 4.03329 4.80341 4.13428 3.63784 4.81575 7.57621 4.36746 4.26532 4.96549 4.706 4.19126 3.97933 3.54887 4.31514 2.87095 6.02097
threshold=1.0000000180025095e-35 13.726214885711672 13.151266574859621 1.0000000180025095e-35 1.0000000180025095e-35 1.0000000180025095e-35 1.0000000180025095e-35 14.752909183502199 1.0000000180025095e-35 1.0000000180025095e-35 1.0000000180025095e-35 0.97049206495285045 17.006159782409672 1.0000000180025095e-35 1.0000000180025095e-35 1.0000000180025095e-35 1.0000000180025095e-35 1.0000000180025095e-35 1.0000000180025095e-35 1.0000000180025095e-35 1.0000000180025095e-35 1.0000000180025095e-35 1.0000000180025095e-35 1.0000000180025095e-35 1.0000000180025095e-35 1.0000000180025095e-35 1.0000000180025095e-35 4.4558520317077646 9.2238192558288592 4.507871389389039
decision_type=2 2 2 2 2 2 2 2 2 2 2 2 2 2 2 2 2 2 2 2 2 2 2 2 2 2 2 2 2 2
left_child=1 2 13 4 -4 -5 -2 -3 9 10 -9 12 -12 17 15 16 -15 20 19 21 -1 22 -19 -24 28 -20 -26 -28 29 -21
right_child=6 7 3 5 -6 -7 -8 8 -10 -11 11 -13 -14 14 -16 -17 -18 18 25 24 -22 -23 23 -25 26 -27 27 -29 -30 -31
leaf_value=-0.0061252679450578091 0.0028555452035669304 -0.079555503040405429 -0.10980116972311604 0.068217826943627533 0.14991629397409076 0.25958753774587695 0.035022317822959469 -0.080604223164462863 0.13327713664653792 -0.080995643256272856 0.051825166308191575 0.19254607596799625 -0.1063177822850381 -0.010464479961898605 0.097223491014732724 -0.092368277606223015 -0.11586740494537787 -0.090354354914982851 0.01979375672075431 -0.022883651712664304 -0.086770344225168106 -0.10561574460285424 -0.051301762102648474 0.11850939847987524 0.093184344042691006 0.086121319227252358 0.074432593113702747 -0.084453132918496154 0.0078021061571699737 0.14308217380853308
leaf_weight=50.257237620651722 272.62219001911581 10.848131619393824 2.5371550470590583 1.6836133599281311 1.5243974328041074 1.8821321688592434 34.22490806132555 3.9024171493947533 2.447432428598403 11.778268171474338 8.1279618553817254 1.3336103446781642 2.3986717835068694 77.649874059483409 2.8703388944268218 9.0334759540855867 3.9086128100752822 4.8095517251640558 31.085674533620477 3.1673702411353606 7.7511392068117848 8.8215556740760803 2.9329078067094088 3.6793530620634556 2.2499822042882451 12.757394753396509 2.2438625432550907 7.175383172929287 6.7992274574935427 7.0542102605104446
leaf_count=394 1753 186 35 23 19 24 219 76 30 221 128 23 46 742 27 92 35 42 256 25 59 91 24 24 21 93 13 71 64 50
internal_value=-0.000432299 -0.00763999 -0.00339026 0.0725526 -0.012323 0.16923 0.00644334 -0.0338518 -0.0173187 -0.0307015 0.00687965 0.0356648 0.0157896 -0.00576179 -0.0194815 -0.0231792 -0.0155158 0.00274224 0.0150242 -0.00654133 -0.0169011 -0.0533846 -0.0130443 0.0431886 0.0265108 0.0390937 -0.0196503 -0.0466032 0.0581582 0.0916542
internal_weight=599.558 292.711 251.874 7.6273 4.06155 3.56575 306.847 40.8365 29.9884 27.5409 15.7627 11.8602 10.5266 244.247 93.4623 90.592 81.5585 150.785 92.7765 48.9334 58.0084 20.2434 11.4218 6.61226 28.69 43.8431 11.6692 9.41925 17.0208 10.2216
internal_count=4906 2934 2224 101 54 47 1972 710 524 494 273 197 174 2123 896 869 777 1227 774 425 453 181 90 48 244 349 105 84 139 75
is_linear=0
shrinkage=0.1


Tree=35
num_leaves=31
num_cat=0
split_feature=14 308 293 15 15 0 19 8 94 61 0 10 55 68 54 67 50 6 140 69 139 16 0 61 8 0 12 57 36 1
split_gain=3.01683 3.30696 2.80864 2.89603 2.11535 4.07938 3.6794 2.69908 3.37366 3.14162 6.90327 4.31015 3.06456 2.72315 3.54151 2.80585 4.32569 2.57484 3.15127 2.91558 2.67528 2.53241 4.14553 8.41884 7.09777 6.01332 3.56198 4.10471 3.19604 4.0644
threshold=1.0000000180025095e-35 1.0000000180025095e-35 1.0000000180025095e-35 1.0000000180025095e-35 1.0000000180025095e-35 5.3483915328979501 1.0000000180025095e-35 1.0000000180025095e-35 1.0000000180025095e-35 1.0000000180025095e-35 7.2210814952850351 1.0000000180025095e-35 1.0000000180025095e-35 1.0000000180025095e-35 1.0000000180025095e-35 1.0000000180025095e-35 1.0000000180025095e-35 1.0000000180025095e-35 1.0000000180025095e-35 1.0000000180025095e-35 1.0000000180025095e-35 1.0000000180025095e-35 12.203969955444338 1.0000000180025095e-35 1.0000000180025095e-35 8.4750170707702654 1.0000000180025095e-35 1.0000000180025095e-35 1.0000000180025095e-35 -0.50079855322837818
decision_type=2 2 2 2 2 2 2 2 2 2 2 2 2 2 2 2 2 2 2 2 2 2 2 2 2 2 2 2 2 2
left_child=1 2 3 -1 17 -6 7 8 12 10 -9 -12 -7 14 -14 16 -16 18 19 -2 -20 22 25 24 -24 26 28 -28 29 -19
right_child=4 -3 -4 -5 5 6 -8 9 -10 -11 11 -13 13 -15 15 -17 -18 21 20 -21 -22 -23 23 -25 -26 -27 27 -29 -30 -31
leaf_value=-0.020984483845724447 -0.0079363782518611977 0.085104981315764494 -0.1122929713044909 -0.00045899112710171892 0.067158944904849513 0.052790320354712206 -0.092067915581955373 0.084957095627260878 0.10587838867959139 0.027710661809744044 -0.10633759478593779 0.022234716346733081 -0.043593021937045839 -0.0627105587749692 0.13170410002043506 -0.0006874278233402508 -0.0061529304301469502 -0.027225495977566506 0.13017932505167107 -0.063011493775933694 0.010925382465846985 -0.012195641735196119 -0.10849419704421295 0.29155499793848511 0.15163950230003043 -0.040785848209402661 0.13855154810583448 0.020907001826807645 -0.061283747864418592 0.083142555359010939
leaf_weight=105.06307383067906 94.488606501370668 3.8264912441372863 2.5820299461483947 198.83649061620235 14.728079117834566 17.900392731651664 3.3769886530935755 3.5741377025842693 4.9876945987343779 12.580111276358368 9.6674836724996549 3.5702446624636641 7.5383435934782055 5.5272040702402583 5.6378630362451077 9.6064633838832378 3.8172339424490929 5.7064722627401343 2.7767619304358941 10.700550595298408 5.8323412276804447 22.551979258656502 1.9686996415257443 1.7401941455900667 2.2449581250548363 12.520503528416155 6.41094007343054 5.5188798755407333 4.3222360908985129 8.0345160216093081
leaf_count=1701 551 20 19 1251 161 104 20 19 30 73 60 23 42 53 33 51 24 30 22 151 39 162 29 23 26 75 33 26 19 36
internal_value=-0.000447131 -0.00728389 -0.00843738 -0.00755499 0.00693637 0.0184572 0.0102862 0.0143812 0.0274517 -0.0100838 -0.0383649 -0.0716614 0.0196327 0.00115807 0.0144294 0.0373757 0.0760481 0.00054614 -0.00877832 -0.013539 0.0493893 0.0154872 0.0283681 0.106518 0.0301002 0.0174235 0.0417228 0.0841277 0.0137166 0.037308
internal_weight=597.638 310.308 306.482 303.9 287.33 102.512 87.7842 84.4072 55.0152 29.392 16.8119 13.2377 50.0275 32.1271 26.5999 19.0616 9.4551 184.818 113.798 105.189 8.6091 71.0194 48.4674 5.95385 4.21366 42.5135 29.993 11.9298 18.0632 13.741
internal_count=4906 2991 2971 2952 1915 693 532 512 337 175 102 83 307 203 150 108 57 1222 763 702 61 459 297 78 55 219 144 59 85 66
is_linear=0
shrinkage=0.1


end of trees

feature_importances:
Column_0=176
Column_15=104
Column_9=70
Column_14=69
Column_1=54
Column_5=51
Column_13=48
Column_7=43
Column_67=27
Column_12=23
Column_10=18
Column_26=17
Column_6=15
Column_8=14
Column_16=14
Column_54=14
Column_55=14
Column_11=12
Column_127=12
Column_61=11
Column_73=11
Column_128=11
Column_81=10
Column_174=10
Column_21=9
Column_132=9
Column_82=8
Column_83=8
Column_31=7
Column_42=7
Column_237=7
Column_39=6
Column_78=6
Column_134=6
Column_140=6
Column_148=6
Column_62=5
Column_74=5
Column_151=5
Column_19=4
Column_33=4
Column_49=4
Column_60=4
Column_64=4
Column_80=4
Column_139=4
Column_308=4
Column_32=3
Column_36=3
Column_56=3
Column_57=3
Column_68=3
Column_79=3
Column_86=3
Column_94=3
Column_95=3
Column_99=3
Column_103=3
Column_108=3
Column_153=3
Column_168=3
Column_17=2
Column_35=2
Column_63=2
Column_65=2
Column_84=2
Column_93=2
Column_104=2
Column_129=2
Column_133=2
Column_135=2
Column_137=2
Column_147=2
Column_178=2
Column_214=2
Column_226=2
Column_293=2
Column_307=2
Column_23=1
Column_29=1
Column_30=1
Column_34=1
Column_40=1
Column_47=1
Column_50=1
Column_52=1
Column_53=1
Column_59=1
Column_69=1
Column_71=1
Column_76=1
Column_77=1
Column_85=1
Column_91=1
Column_98=1
Column_102=1
Column_126=1
Column_130=1
Column_141=1
Column_145=1
Column_152=1
Column_176=1

parameters:
[boosting: gbdt]
[objective: binary]
[metric: binary_logloss]
[tree_learner: serial]
[device_type: cpu]
[data_sample_strategy: bagging]
[data: ]
[valid: ]
[num_iterations: 300]
[learning_rate: 0.1]
[num_leaves: 31]
[num_threads: 0]
[seed: 0]
[deterministic: 0]
[force_col_wise: 0]
[force_row_wise: 0]
[histogram_pool_size: -1]
[max_depth: -1]
[min_data_in_leaf: 20]
[min_sum_hessian_in_leaf: 0.001]
[bagging_fraction: 1]
[pos_bagging_fraction: 1]
[neg_bagging_fraction: 1]
[bagging_freq: 0]
[bagging_seed: 7719]
[bagging_by_query: 0]
[feature_fraction: 1]
[feature_fraction_bynode: 1]
[feature_fraction_seed: 2437]
[extra_trees: 0]
[extra_seed: 11797]
[early_stopping_round: 0]
[early_stopping_min_delta: 0]
[first_metric_only: 0]
[max_delta_step: 0]
[lambda_l1: 0]
[lambda_l2: 0]
[linear_lambda: 0]
[min_gain_to_split: 0]
[drop_rate: 0.1]
[max_drop: 50]
[skip_drop: 0.5]
[xgboost_dart_mode: 0]
[uniform_drop: 0]
[drop_seed: 21238]
[top_rate: 0.2]
[other_rate: 0.1]
[min_data_per_group: 100]
[max_cat_threshold: 32]
[cat_l2: 10]
[cat_smooth: 10]
[max_cat_to_onehot: 4]
[top_k: 20]
[monotone_constraints: ]
[monotone_constraints_method: basic]
[monotone_penalty: 0]
[feature_contri: ]
[forcedsplits_filename: ]
[refit_decay_rate: 0.9]
[cegb_tradeoff: 1]
[cegb_penalty_split: 0]
[cegb_penalty_feature_lazy: ]
[cegb_penalty_feature_coupled: ]
[path_smooth: 0]
[interaction_constraints: ]
[verbosity: -1]
[saved_feature_importance_type: 0]
[use_quantized_grad: 0]
[num_grad_quant_bins: 4]
[quant_train_renew_leaf: 0]
[stochastic_rounding: 1]
[linear_tree: 0]
[max_bin: 255]
[max_bin_by_feature: ]
[min_data_in_bin: 3]
[bin_construct_sample_cnt: 200000]
[data_random_seed: 38]
[is_enable_sparse: 1]
[enable_bundle: 1]
[use_missing: 1]
[zero_as_missing: 0]
[feature_pre_filter: 1]
[pre_partition: 0]
[two_round: 0]
[header: 0]
[label_column: ]
[weight_column: ]
[group_column: ]
[ignore_column: ]
[categorical_feature: ]
[forcedbins_filename: ]
[precise_float_parser: 0]
[parser_config_file: ]
[objective_seed: 8855]
[num_class: 1]
[is_unbalance: 0]
[scale_pos_weight: 1]
[sigmoid: 1]
[boost_from_average: 1]
[reg_sqrt: 0]
[alpha: 0.9]
[fair_c: 1]
[poisson_max_delta_step: 0.7]
[tweedie_variance_power: 1.5]
[lambdarank_truncation_level: 30]
[lambdarank_norm: 1]
[label_gain: ]
[lambdarank_position_bias_regularization: 0]
[eval_at: ]
[multi_error_top_k: 1]
[auc_mu_weights: ]
[num_machines: 1]
[local_listen_port: 12400]
[time_out: 120]
[machine_list_filename: ]
[machines: ]
[gpu_platform_id: -1]
[gpu_device_id: -1]
[gpu_device_id_list: ]
[gpu_use_dp: 0]
[num_gpu: 1]

end of parameters

pandas_categorical:null
