tree
version=v4
num_class=1
num_tree_per_iteration=1
label_index=0
max_feature_idx=567
objective=binary sigmoid:1
feature_names=Column_0 Column_1 Column_2 Column_3 Column_4 Column_5 Column_6 Column_7 Column_8 Column_9 Column_10 Column_11 Column_12 Column_13 Column_14 Column_15 Column_16 Column_17 Column_18 Column_19 Column_20 Column_21 Column_22 Column_23 Column_24 Column_25 Column_26 Column_27 Column_28 Column_29 Column_30 Column_31 Column_32 Column_33 Column_34 Column_35 Column_36 Column_37 Column_38 Column_39 Column_40 Column_41 Column_42 Column_43 Column_44 Column_45 Column_46 Column_47 Column_48 Column_49 Column_50 Column_51 Column_52 Column_53 Column_54 Column_55 Column_56 Column_57 Column_58 Column_59 Column_60 Column_61 Column_62 Column_63 Column_64 Column_65 Column_66 Column_67 Column_68 Column_69 Column_70 Column_71 Column_72 Column_73 Column_74 Column_75 Column_76 Column_77 Column_78 Column_79 Column_80 Column_81 Column_82 Column_83 Column_84 Column_85 Column_86 Column_87 Column_88 Column_89 Column_90 Column_91 Column_92 Column_93 Column_94 Column_95 Column_96 Column_97 Column_98 Column_99 Column_100 Column_101 Column_102 Column_103 Column_104 Column_105 Column_106 Column_107 Column_108 Column_109 Column_110 Column_111 Column_112 Column_113 Column_114 Column_115 Column_116 Column_117 Column_118 Column_119 Column_120 Column_121 Column_122 Column_123 Column_124 Column_125 Column_126 Column_127 Column_128 Column_129 Column_130 Column_131 Column_132 Column_133 Column_134 Column_135 Column_136 Column_137 Column_138 Column_139 Column_140 Column_141 Column_142 Column_143 Column_144 Column_145 Column_146 Column_147 Column_148 Column_149 Column_150 Column_151 Column_152 Column_153 Column_154 Column_155 Column_156 Column_157 Column_158 Column_159 Column_160 Column_161 Column_162 Column_163 Column_164 Column_165 Column_166 Column_167 Column_168 Column_169 Column_170 Column_171 Column_172 Column_173 Column_174 Column_175 Column_176 Column_177 Column_178 Column_179 Column_180 Column_181 Column_182 Column_183 Column_184 Column_185 Column_186 Column_187 Column_188 Column_189 Column_190 Column_191 Column_192 Column_193 Column_194 Column_195 Column_196 Column_197 Column_198 Column_199 Column_200 Column_201 Column_202 Column_203 Column_204 Column_205 Column_206 Column_207 Column_208 Column_209 Column_210 Column_211 Column_212 Column_213 Column_214 Column_215 Column_216 Column_217 Column_218 Column_219 Column_220 Column_221 Column_222 Column_223 Column_224 Column_225 Column_226 Column_227 Column_228 Column_229 Column_230 Column_231 Column_232 Column_233 Column_234 Column_235 Column_236 Column_237 Column_238 Column_239 Column_240 Column_241 Column_242 Column_243 Column_244 Column_245 Column_246 Column_247 Column_248 Column_249 Column_250 Column_251 Column_252 Column_253 Column_254 Column_255 Column_256 Column_257 Column_258 Column_259 Column_260 Column_261 Column_262 Column_263 Column_264 Column_265 Column_266 Column_267 Column_268 Column_269 Column_270 Column_271 Column_272 Column_273 Column_274 Column_275 Column_276 Column_277 Column_278 Column_279 Column_280 Column_281 Column_282 Column_283 Column_284 Column_285 Column_286 Column_287 Column_288 Column_289 Column_290 Column_291 Column_292 Column_293 Column_294 Column_295 Column_296 Column_297 Column_298 Column_299 Column_300 Column_301 Column_302 Column_303 Column_304 Column_305 Column_306 Column_307 Column_308 Column_309 Column_310 Column_311 Column_312 Column_313 Column_314 Column_315 Column_316 Column_317 Column_318 Column_319 Column_320 Column_321 Column_322 Column_323 Column_324 Column_325 Column_326 Column_327 Column_328 Column_329 Column_330 Column_331 Column_332 Column_333 Column_334 Column_335 Column_336 Column_337 Column_338 Column_339 Column_340 Column_341 Column_342 Column_343 Column_344 Column_345 Column_346 Column_347 Column_348 Column_349 Column_350 Column_351 Column_352 Column_353 Column_354 Column_355 Column_356 Column_357 Column_358 Column_359 Column_360 Column_361 Column_362 Column_363 Column_364 Column_365 Column_366 Column_367 Column_368 Column_369 Column_370 Column_371 Column_372 Column_373 Column_374 Column_375 Column_376 Column_377 Column_378 Column_379 Column_380 Column_381 Column_382 Column_383 Column_384 Column_385 Column_386 Column_387 Column_388 Column_389 Column_390 Column_391 Column_392 Column_393 Column_394 Column_395 Column_396 Column_397 Column_398 Column_399 Column_400 Column_401 Column_402 Column_403 Column_404 Column_405 Column_406 Column_407 Column_408 Column_409 Column_410 Column_411 Column_412 Column_413 Column_414 Column_415 Column_416 Column_417 Column_418 Column_419 Column_420 Column_421 Column_422 Column_423 Column_424 Column_425 Column_426 Column_427 Column_428 Column_429 Column_430 Column_431 Column_432 Column_433 Column_434 Column_435 Column_436 Column_437 Column_438 Column_439 Column_440 Column_441 Column_442 Column_443 Column_444 Column_445 Column_446 Column_447 Column_448 Column_449 Column_450 Column_451 Column_452 Column_453 Column_454 Column_455 Column_456 Column_457 Column_458 Column_459 Column_460 Column_461 Column_462 Column_463 Column_464 Column_465 Column_466 Column_467 Column_468 Column_469 Column_470 Column_471 Column_472 Column_473 Column_474 Column_475 Column_476 Column_477 Column_478 Column_479 Column_480 Column_481 Column_482 Column_483 Column_484 Column_485 Column_486 Column_487 Column_488 Column_489 Column_490 Column_491 Column_492 Column_493 Column_494 Column_495 Column_496 Column_497 Column_498 Column_499 Column_500 Column_501 Column_502 Column_503 Column_504 Column_505 Column_506 Column_507 Column_508 Column_509 Column_510 Column_511 Column_512 Column_513 Column_514 Column_515 Column_516 Column_517 Column_518 Column_519 Column_520 Column_521 Column_522 Column_523 Column_524 Column_525 Column_526 Column_527 Column_528 Column_529 Column_530 Column_531 Column_532 Column_533 Column_534 Column_535 Column_536 Column_537 Column_538 Column_539 Column_540 Column_541 Column_542 Column_543 Column_544 Column_545 Column_546 Column_547 Column_548 Column_549 Column_550 Column_551 Column_552 Column_553 Column_554 Column_555 Column_556 Column_557 Column_558 Column_559 Column_560 Column_561 Column_562 Column_563 Column_564 Column_565 Column_566 Column_567
feature_infos=[2.0013689994812012:17.993154525756836] [-0.7776256799697876:0.99923950433731079] none none none [0:1] [0:1] [0:1] [0:1] [0:1] [0:1] [0:1] [0:1] [0:1] [0:1] [0:1] [0:1] [0:1] [0:1] [0:1] [0:1] [0:1] [0:1] [0:1] [0:1] [0:1] [0:1] [0:1] [0:1] [0:1] [0:1] [0:1] [0:1] [0:1] [0:1] [0:1] [0:1] [0:1] [0:1] [0:1] [0:1] [0:1] [0:1] [0:1] [0:1] [0:1] [0:1] [0:1] [0:1] [0:1] [0:1] [0:1] [0:1] [0:1] [0:1] [0:1] [0:1] [0:1] [0:1] [0:1] [0:1] [0:1] [0:1] [0:1] [0:1] [0:1] [0:1] [0:1] [0:1] [0:1] [0:1] [0:1] [0:1] [0:1] [0:1] [0:1] [0:1] [0:1] [0:1] [0:1] [0:1] [0:1] [0:1] [0:1] [0:1] [0:1] [0:1] [0:1] [0:1] [0:1] [0:1] [0:1] [0:1] [0:1] [0:1] [0:1] [0:1] [0:1] [0:1] [0:1] [0:1] [0:1] [0:1] [0:1] [0:1] [0:1] [0:1] [0:1] [0:1] none none none none [0:1] [0:1] none [0:1] none [0:1] none none [0:1] none none none none [0:1] [0:1] [0:1] [0:1] [0:1] none [0:1] [0:1] [0:1] [0:1] none [0:1] [0:1] [0:1] [0:1] [0:1] [0:1] [0:1] [0:1] [0:1] [0:1] [0:1] [0:1] [0:1] [0:1] [0:1] [0:1] [0:1] [0:1] [0:1] [0:1] none none none none none none none none none none [0:1] [0:1] none none none none none [0:1] [0:1] [0:1] [0:1] [0:1] [0:1] [0:1] [0:1] [0:1] [0:1] [0:1] [0:1] [0:1] [0:1] [0:1] [0:1] [0:1] [0:1] [0:1] [0:1] [0:1] [0:1] [0:1] [0:1] [0:1] [0:1] [0:1] [0:1] none none [0:1] [0:1] [0:1] none [0:1] [0:1] [0:1] [0:1] [0:1] none [0:1] none none [0:1] none [0:1] [0:1] [0:1] [0:1] [0:1] [0:1] [0:1] [0:1] [0:1] [0:1] [0:1] [0:1] [0:1] [0:1] [0:1] [0:1] [0:1] [0:1] [0:1] [0:1] [0:1] [0:1] [0:1] [0:1] [0:1] none none none none none none none none none none none none none none none none none [0:1] [0:1] [0:1] [0:1] [0:1] [0:1] [0:1] [0:1] [0:1] [0:1] none [0:1] [0:1] [0:1] [0:1] none [0:1] [0:1] none none none [0:1] [0:1] none none none none none [0:1] [0:1] [0:1] [0:1] [0:1] [0:1] [0:1] none none none [0:1] none [0:1] [0:1] [0:1] none [0:1] [0:1] [0:1] [0:1] none none [0:1] [0:1] none none none none [0:1] [0:1] none none none [0:1] none none [0:1] [0:1] none none [0:1] [0:1] none none none none none none none none none none none none none none none none none none none none none none none none none none none none none none none none none none none none none none none none none none none none none none none none none none none none none none none none none none none none none none none none none none none none none none none none none none none none none none none none none none none none none none none none none none none none none none none none none none none none none none none none none none none none none none none none none none none none none none none none none none none none none none none none none none none none none none none none none none none none none none none none none none none none none none none none none none none none none none none none none none none none none none none none none none none none none none none none none none none none none none none none none none none none none none none none none none none none none none none none none none none none none none none none none none none none none none none none none none none none none none none none none none none none none none none none none none none none none
tree_sizes=3381 3419 3418 3431 3435 3458 3461 3458 3460 3470 3460 3485 3489 3483 3479 3459 3476 3489 3476 3481 3474 3493 3474 3477 3483 3481 3480 3474 3489 3463 3467 3467 3502 3499 3492 3484

Tree=0
num_leaves=31
num_cat=0
split_feature=1 7 8 11 0 11 9 0 0 9 8 0 9 0 8 9 0 11 9 8 135 0 10 5 0 10 5 9 1 11
split_gain=665.503 309.931 150.467 108.312 77.7398 58.473 58.2826 33.5712 28.0383 26.1883 25.8348 24.1399 20.2695 20.4265 17.6642 17.4101 17.9374 16.8484 13.9534 13.4687 10.4699 10.2729 9.04144 9.14138 12.4369 8.77309 8.51945 8.49895 10.9936 8.26702
threshold=-0.011027454398572443 1.0000000180025095e-35 1.0000000180025095e-35 1.0000000180025095e-35 5.1663243770599374 1.0000000180025095e-35 1.0000000180025095e-35 4.850102663040162 3.7193702459335332 1.0000000180025095e-35 1.0000000180025095e-35 11.23477077484131 1.0000000180025095e-35 5.405886411666871 1.0000000180025095e-35 1.0000000180025095e-35 5.6960985660552987 1.0000000180025095e-35 1.0000000180025095e-35 1.0000000180025095e-35 1.0000000180025095e-35 6.0766596794128427 1.0000000180025095e-35 1.0000000180025095e-35 6.5010266304016122 1.0000000180025095e-35 1.0000000180025095e-35 1.0000000180025095e-35 0.066088676452636733 1.0000000180025095e-35
decision_type=2 2 2 2 2 2 2 2 2 2 2 2 2 2 2 2 2 2 2 2 2 2 2 2 2 2 2 2 2 2
left_child=1 2 3 6 -4 10 -1 9 26 -5 -3 14 19 -14 29 -12 -17 18 25 -7 -19 -21 -9 24 -24 -6 -8 -16 -29 -2
right_child=11 5 4 7 17 12 8 22 -10 -11 15 -13 13 -15 27 16 -18 20 -20 21 -22 -23 23 -25 -26 -27 -28 28 -30 -31
leaf_value=-1.1341985001474937 -1.1784522675035989 -1.1833015418224568 -0.73708991450425654 -0.88770456834052802 -0.94643155169299276 -1.1144322912743401 -0.9146586576901039 -0.90480545751332286 -1.0230623343850271 -0.70161218386773339 -1.1295410826192398 -1.1717546587494891 -0.84372425957533015 -1.0329740379378578 -1.1077758456492954 -0.89505537222211273 -1.1089637651762265 -0.88987133001646679 -0.86993369688767164 -0.94631016841182525 -0.74899586471786694 -1.1089637651762265 -0.96094899212062135 -0.91928096777303503 -1.192662595177908 -1.0744413691282719 -0.74480043464259471 -0.90480545751332297 -1.0718172005097619 -1.1103548814643431
leaf_weight=45.968383133411407 46.914234638214111 60.534496307373047 48.99510794878006 18.349519193172455 12.674410164356232 21.943754911422729 6.9993011355400068 16.457816183567047 30.267248153686523 12.863580465316774 28.186374843120575 372.66549289226532 10.782707154750826 12.106899261474608 33.672313570976257 8.1343229413032514 7.56681203842163 15.701134979724886 13.052750766277311 12.296069562435152 7.9451526403427115 5.6751090288162223 4.7292575240135175 6.4317902326583853 4.5400872230529785 9.2693447470664978 5.1075981259346008 5.485938727855685 13.998602271080015 28.753885746002197
leaf_count=243 248 320 259 97 67 116 37 87 160 68 149 1970 57 64 178 43 40 83 69 65 42 30 25 34 24 49 27 29 74 152
internal_value=-1.08075 -0.988939 -0.920494 -0.984651 -0.830066 -1.09509 -1.05621 -0.88489 -0.971616 -0.811012 -1.14095 -1.15886 -1.01884 -0.943823 -1.12154 -1.08253 -0.998144 -0.907746 -0.951805 -1.06186 -0.842537 -0.997674 -0.956596 -1.01088 -1.07444 -1.0005 -0.843 -1.07736 -1.02479 -1.15258
internal_weight=928.069 426.579 259.352 151.715 107.638 167.227 88.3425 63.3721 42.3741 31.2131 104.422 501.49 62.8045 22.8896 128.825 43.8875 15.7011 58.6428 34.9965 39.9149 23.6463 17.9712 32.159 15.7011 9.26934 21.9438 12.1069 53.1569 19.4845 75.6681
internal_count=4906 2255 1371 802 569 884 467 335 224 165 552 2651 332 121 681 232 83 310 185 211 125 95 170 83 49 116 64 281 103 400
is_linear=0
shrinkage=1


Tree=1
num_leaves=31
num_cat=0
split_feature=1 7 8 11 11 9 0 8 0 0 8 0 9 9 9 0 0 11 8 9 133 11 5 5 0 5 130 83 0 10
split_gain=533.337 223.138 95.8392 75.086 47.667 45.2802 44.4106 22.7874 22.0649 20.623 18.6691 18.6256 14.7003 14.5649 13.8232 13.4751 12.9063 10.5463 10.5131 9.20659 8.51929 8.16002 7.67489 7.3563 7.56196 7.157 7.06966 6.64428 6.49011 6.35725
threshold=-0.011027454398572443 1.0000000180025095e-35 1.0000000180025095e-35 1.0000000180025095e-35 1.0000000180025095e-35 1.0000000180025095e-35 5.1663243770599374 1.0000000180025095e-35 11.690622806549074 4.850102663040162 1.0000000180025095e-35 3.7193702459335332 1.0000000180025095e-35 1.0000000180025095e-35 1.0000000180025095e-35 5.405886411666871 5.6960985660552987 1.0000000180025095e-35 1.0000000180025095e-35 1.0000000180025095e-35 1.0000000180025095e-35 1.0000000180025095e-35 1.0000000180025095e-35 1.0000000180025095e-35 5.4948666095733651 1.0000000180025095e-35 1.0000000180025095e-35 1.0000000180025095e-35 6.7118411064147958 1.0000000180025095e-35
decision_type=2 2 2 2 2 2 2 2 2 2 2 2 2 2 2 2 2 2 2 2 2 2 2 2 2 2 2 2 2 2
left_child=1 2 3 5 7 23 -4 -3 10 13 21 -7 18 -5 25 -14 -16 19 -6 29 -20 -2 -13 -1 -25 -9 -19 -11 -21 -8
right_child=8 4 6 9 12 11 17 14 -10 27 -12 22 15 -15 16 -17 -18 26 20 28 -22 -23 -24 24 -26 -27 -28 -29 -30 -31
leaf_value=-0.095965578056882495 -0.096568938540239471 -0.097546393311937332 0.26488846173573682 0.15829236664880847 -0.030852690836568053 0.19124669635762953 0.11312372545220975 -0.085210173152908145 -0.087782132438456784 0.12554439130249226 -0.00059283713435075462 0.0019852011999005694 0.19068175064500237 0.28842728474463114 0.15276351734629778 0.041964416150603423 -0.025767737100009482 0.16913897373724945 0.023949803361804845 0.23973371017111803 0.16725949287544728 -0.033965163294136097 0.10133657767320114 0.036613499398234016 -0.0727734124088876 0.019749710402155937 0.31148752610158165 0.010304267665565435 0.10525399076255121 0.0056633690576694106
leaf_weight=19.335732311010361 52.573486745357513 57.436165809631348 56.694438770413399 20.036578804254532 21.577627062797546 13.450402185320852 13.495487049221992 16.982260525226593 331.01735244691372 27.968622818589211 63.884239107370377 15.949607223272324 11.987090572714807 15.068293094635008 8.8549218475818652 12.390240669250487 7.4611324071884146 22.142594292759899 12.474487006664278 7.0748849511146528 6.2146992683410636 34.472411602735519 15.171577602624893 13.62708753347397 11.785589218139647 10.521617934107782 4.1414939612150183 6.0930633395910254 7.2829698026180267 9.2981859445571899
leaf_count=105 292 320 259 97 116 64 67 92 1833 139 340 82 57 68 43 64 40 106 64 34 31 186 78 74 64 57 19 31 35 49
internal_value=-0.000466936 0.0785359 0.133208 0.0821456 -0.0132811 0.0215757 0.200573 -0.0561102 -0.0733339 0.160364 -0.0416464 0.0929167 0.0538049 0.214151 -0.0017985 0.115093 0.0711234 0.143093 0.0167011 0.108797 0.0716045 -0.0717762 0.050419 -0.0494835 -0.0141167 -0.0450577 0.191568 0.10493 0.171519 0.0692876
internal_weight=926.464 444.517 278.617 158.487 165.9 89.32 120.13 101.256 481.947 69.1666 150.93 44.5716 64.6441 35.1049 43.8199 24.3773 16.3161 63.4356 40.2668 37.1515 18.6892 87.0459 31.1212 44.7484 25.4127 27.5039 26.2841 34.0617 14.3579 22.7937
internal_count=4906 2255 1371 802 884 467 569 552 2651 335 818 224 332 165 232 121 83 310 211 185 95 478 160 243 138 149 125 170 69 116
is_linear=0
shrinkage=0.1


Tree=2
num_leaves=31
num_cat=0
split_feature=1 7 8 11 11 9 0 0 8 8 0 9 0 9 9 0 11 0 0 9 8 79 11 0 10 5 9 5 56 0
split_gain=433.76 167.915 67.4571 55.0376 39.1365 35.7326 30.6084 20.1312 20.0917 15.7414 15.1989 13.3538 13.3262 11.0984 11.026 10.912 10.5391 9.61924 9.57999 9.10905 8.28103 7.59885 7.34225 6.68486 6.61055 10.0554 6.51784 6.50935 6.47167 6.30597
threshold=-0.011027454398572443 1.0000000180025095e-35 1.0000000180025095e-35 1.0000000180025095e-35 1.0000000180025095e-35 1.0000000180025095e-35 5.1663243770599374 13.419575691223146 1.0000000180025095e-35 1.0000000180025095e-35 6.5010266304016122 1.0000000180025095e-35 3.7193702459335332 1.0000000180025095e-35 1.0000000180025095e-35 10.310746192932131 1.0000000180025095e-35 5.6960985660552987 5.405886411666871 1.0000000180025095e-35 1.0000000180025095e-35 1.0000000180025095e-35 1.0000000180025095e-35 6.0766596794128427 1.0000000180025095e-35 1.0000000180025095e-35 1.0000000180025095e-35 1.0000000180025095e-35 1.0000000180025095e-35 5.4948666095733651
decision_type=2 2 2 2 2 2 2 2 2 2 2 2 2 2 2 2 2 2 2 2 2 2 2 2 2 2 2 2 2 2
left_child=1 2 3 5 8 27 -4 9 -3 16 11 -5 -7 -10 20 19 -2 -15 -16 -11 -6 -17 26 -22 28 -26 -8 -1 -12 -29
right_child=7 4 6 10 14 12 22 -9 13 15 24 -13 -14 17 18 21 -18 -19 -20 -21 23 -23 -24 -25 25 -27 -28 29 -30 -31
leaf_value=-0.091130891608160888 -0.094376972461984829 -0.092882553868512727 0.21954944820144384 0.118512708935988 -0.028233715633834078 0.16016767938759394 0.060396369287835761 -0.090561787839309543 -0.041639476744842863 -0.013331337142925765 0.037889883745972762 0.21778254170025277 0.044230865670203401 0.12913253118327239 0.15966192250912542 -0.051679221717487116 -0.038671283357533351 -0.02351391150173153 0.0369945161091405 0.096592985816041504 0.10042301252701802 0.05928381423967613 0.16063178455000904 -0.028698429269369372 -0.11068952957595324 0.10134321866723327 0.14429070516999706 0.032313084463564699 0.20611181114371024 -0.068195893843945157
leaf_weight=18.375803902745247 80.006032183766365 54.444985389709473 61.270622864365578 30.874874919652939 21.239701986312866 14.396259203553198 23.472388729453087 222.12371036410332 26.864197358489037 19.218176126480103 4.919963538646698 24.150783777236938 31.84575542807579 9.3952797204256076 12.83252674341202 63.634705230593681 59.0146324634552 7.3639780282974234 12.635349273681639 12.404149919748308 13.580163866281511 6.8343248069286338 28.094812750816345 5.689322590827941 4.4728062897920609 4.4736764430999756 15.294882237911223 13.882125556468965 4.273217499256134 11.342597007751463
leaf_count=105 467 320 259 142 116 64 116 1290 149 103 23 105 160 43 57 358 332 40 64 63 65 38 125 30 24 21 69 74 20 64
internal_value=-0.000718967 0.0686093 0.1142 0.071524 -0.0123039 0.0190871 0.168493 -0.0688425 -0.0523667 -0.0488336 0.135913 0.162082 0.0803248 -0.0018002 0.0472454 -0.0190171 -0.0707298 0.06206 0.0988031 0.0297875 0.0148315 -0.0409177 0.121705 0.0622999 0.0565314 -0.00466284 0.0934953 -0.0458606 0.116084 -0.012882
internal_weight=918.422 455.186 291.141 163.008 164.046 89.8425 128.133 463.236 98.0684 241.112 73.1653 55.0257 46.242 43.6235 65.9771 102.091 139.021 16.7593 25.4679 31.6223 40.5092 70.469 66.8621 19.2695 18.1397 8.94648 38.7673 43.6005 9.19318 25.2247
internal_count=4906 2255 1371 802 884 467 569 2651 552 1361 335 247 224 232 332 562 799 83 121 166 211 396 310 95 88 45 185 243 43 138
is_linear=0
shrinkage=0.1


Tree=3
num_leaves=31
num_cat=0
split_feature=1 7 8 11 11 9 0 8 0 0 11 0 0 9 67 8 9 0 9 61 8 9 5 5 83 11 9 9 13 9
split_gain=358.269 138.152 52.9723 42.5065 31.0874 28.1344 25.9263 16.4212 14.3478 13.1542 13.445 11.0592 10.984 8.59789 9.22203 8.39593 8.24575 8.89519 8.2257 7.64707 6.67018 6.58886 6.47277 6.22475 6.0203 5.83811 6.48742 5.8251 5.39233 5.25672
threshold=0.039622785523533828 1.0000000180025095e-35 1.0000000180025095e-35 1.0000000180025095e-35 1.0000000180025095e-35 1.0000000180025095e-35 5.4524297714233407 1.0000000180025095e-35 4.850102663040162 13.419575691223146 1.0000000180025095e-35 6.0766596794128427 3.7193702459335332 1.0000000180025095e-35 1.0000000180025095e-35 1.0000000180025095e-35 1.0000000180025095e-35 5.6960985660552987 1.0000000180025095e-35 1.0000000180025095e-35 1.0000000180025095e-35 1.0000000180025095e-35 1.0000000180025095e-35 1.0000000180025095e-35 1.0000000180025095e-35 1.0000000180025095e-35 1.0000000180025095e-35 1.0000000180025095e-35 1.0000000180025095e-35 1.0000000180025095e-35
decision_type=2 2 2 2 2 2 2 2 2 2 2 2 2 2 2 2 2 2 2 2 2 2 2 2 2 2 2 2 2 2
left_child=1 2 3 5 7 -1 25 21 18 10 20 15 -7 -12 19 29 23 -18 28 -15 -2 -3 -14 -9 27 26 -4 -10 -5 -6
right_child=9 4 6 8 11 12 -8 16 24 -11 13 -13 22 14 -16 -17 17 -19 -20 -21 -22 -23 -24 -25 -26 -27 -28 -29 -30 -31
leaf_value=-0.043570141542097068 -0.092418836568111742 -0.11601997494532415 0.13284152991579881 0.16383758606588711 -0.011655963654531386 0.13753890615843384 0.10041072033534407 -0.076950927745222802 0.054551904788380283 -0.086089704132140926 -0.04458248794150025 -0.015439813895542812 -0.0084321248113744286 0.0062096864124895094 -0.029635530138280769 0.11565351203235195 0.11115070216394403 -0.03138419274171806 0.20970264728717153 0.14946906180768785 -0.045559923888840247 -0.045576202269044554 0.078926448003302729 0.018345075710407398 -0.012166808131091854 0.22512957937239564 0.21062537741535309 0.13842448926929579 0.064961266274199056 0.080473678214940281
leaf_weight=44.263263523578644 69.301782727241516 32.246732234954834 26.27324104309082 11.630691781640053 14.253170296549797 15.04893474280834 71.351372301578522 17.351818978786469 19.773757740855217 210.88698774576187 54.315645039081573 26.00950525701046 17.101997941732407 7.4116376340389269 16.928252130746841 19.587474659085274 9.799694165587427 7.9144478142261496 16.838752865791321 7.4930132627487183 54.08514004945755 22.57183837890625 16.82674440741539 11.330197647213938 6.9985830932855597 24.839880511164665 18.115658715367317 14.246717900037764 10.490427881479263 10.952044934034348
leaf_count=254 427 200 108 51 79 64 324 100 92 1290 311 137 87 43 96 89 43 43 68 42 304 140 82 62 35 101 74 66 46 48
internal_value=-0.000868983 0.0576221 0.0971043 0.0600908 -0.0144029 0.0142119 0.142712 -0.0499585 0.113577 -0.0684581 -0.0507127 0.0364254 0.066432 -0.0203974 0.020869 0.0665416 -0.00617575 0.047468 0.157037 0.0782305 -0.0718788 -0.0870144 0.0348928 -0.0393063 0.0722991 0.18631 0.164586 0.0896751 0.116948 0.0283758
internal_weight=906.239 485.817 313.8 173.22 172.017 93.2409 140.58 101.215 79.9789 420.422 209.535 70.8022 48.9777 86.1485 31.8329 44.7927 46.3962 17.7141 38.9599 14.9047 123.387 54.8186 33.9287 28.682 41.0191 69.2288 44.3889 34.0205 22.1211 25.2052
internal_count=4906 2393 1452 845 941 487 607 588 358 2513 1223 353 233 492 181 216 248 86 165 85 731 340 169 162 193 283 182 158 97 127
is_linear=0
shrinkage=0.1


Tree=4
num_leaves=31
num_cat=0
split_feature=1 7 8 11 11 9 1 8 0 11 0 0 0 9 1 11 9 0 9 0 8 9 8 10 9 61 5 0 13 5
split_gain=296.391 108.832 40.7752 32.9928 25.8302 22.6079 22.3643 14.509 12.1419 11.8832 11.5404 8.70257 8.49656 8.23206 7.38253 7.27446 7.99356 8.00165 6.7268 6.93905 6.31428 6.27457 6.228 6.04861 5.78481 5.4463 5.34825 5.30719 5.24163 5.00767
threshold=0.039622785523533828 1.0000000180025095e-35 1.0000000180025095e-35 1.0000000180025095e-35 1.0000000180025095e-35 1.0000000180025095e-35 -0.25576089322566981 1.0000000180025095e-35 13.419575691223146 1.0000000180025095e-35 6.5010266304016122 6.0766596794128427 3.7193702459335332 1.0000000180025095e-35 0.1041143834590912 1.0000000180025095e-35 1.0000000180025095e-35 5.0171115398406991 1.0000000180025095e-35 5.6960985660552987 1.0000000180025095e-35 1.0000000180025095e-35 1.0000000180025095e-35 1.0000000180025095e-35 1.0000000180025095e-35 1.0000000180025095e-35 1.0000000180025095e-35 12.746064186096193 1.0000000180025095e-35 1.0000000180025095e-35
decision_type=2 2 2 2 2 2 2 2 2 2 2 2 2 2 2 2 2 2 2 2 2 2 2 2 2 2 2 2 2 2
left_child=1 2 3 5 7 -1 15 21 9 22 13 20 -7 -5 -11 16 17 -4 26 -20 -6 -3 -2 -19 -16 27 -9 -26 -8 -14
right_child=8 4 6 10 11 12 28 18 -10 14 -12 -13 29 -15 24 -17 -18 23 19 -21 -22 -23 -24 -25 25 -27 -28 -29 -30 -31
leaf_value=-0.040224341537592356 -0.088243373002776723 -0.11255892278341049 0.13585736883330266 0.090273122172340015 0.025353202931128083 0.12010451412844281 0.099165035277590283 -0.072509200848482433 -0.081832283044644294 0.060592500088981531 0.039959375883833172 -0.014007138704133124 -0.0076201333469764296 0.16576331160889998 -0.051031767291190133 0.18996658563520308 0.17642403561313103 0.098127151503359655 0.096889789687185673 -0.028733059288683312 0.10018771701787543 -0.042225392086276375 -0.042083160593752389 -0.046165938942217093 -0.067670423618721942 0.053920504840449135 0.016346593944034173 0.073020314015910207 0.033324048420193729 0.068684034021835857
leaf_weight=43.207652598619461 65.52112352848053 30.028986155986786 23.415867805480957 32.962451264262199 25.34953261911869 15.483991801738737 27.924176618456841 16.61248517036438 200.23372560739517 10.327894434332846 23.135563865303993 25.813608899712563 17.035603821277618 25.714224189519882 46.941142320632935 34.963761061429977 24.474163234233856 6.6267339438199979 10.100180253386499 7.78716917335987 20.307584121823311 21.959779664874077 52.769287064671516 5.1728860437870026 11.434935569763182 12.954196840524673 11.437809079885485 3.5024809390306482 21.325256362557411 17.370887130498886
leaf_count=254 427 200 94 142 127 64 124 100 1290 56 111 137 87 105 277 141 99 29 43 43 89 140 304 25 66 72 62 21 95 82
internal_value=-0.000955176 0.0514643 0.0858803 0.053442 -0.013308 0.0127284 0.125308 -0.0466679 -0.0643506 -0.0471453 0.0997721 0.0324005 0.0585881 0.123356 -0.0186618 0.153745 0.132527 0.10202 -0.00571935 0.0422005 0.0586384 -0.0828504 -0.0676513 0.0348699 -0.0296 0.00646941 -0.0362773 -0.0346817 0.0706556 0.0309037
internal_weight=891.895 488.21 318.813 174.91 169.397 93.0981 143.903 97.9264 403.685 203.451 81.8122 71.4707 49.8905 58.6767 85.1607 94.6534 59.6897 35.2155 45.9376 17.8873 45.6571 51.9888 118.29 11.7996 74.8328 27.8916 28.0503 14.9374 49.2494 34.4065
internal_count=4906 2393 1452 845 941 487 607 588 2513 1223 358 353 233 247 492 388 247 148 248 86 216 340 731 54 436 159 162 87 219 169
is_linear=0
shrinkage=0.1


Tree=5
num_leaves=31
num_cat=0
split_feature=1 7 8 11 11 0 9 8 0 11 0 9 67 5 26 128 0 9 9 11 9 67 9 8 5 0 0 10 13 134
split_gain=246.068 86.9165 32.4857 25.9561 21.4917 19.2303 18.2497 12.8077 11.1771 10.4713 10.3035 7.97997 7.43845 6.97256 6.67815 6.51388 6.45952 6.38135 6.29927 6.1253 6.05623 7.0004 5.99273 5.8067 5.05287 6.42739 5.02938 4.90935 5.16528 4.754
threshold=0.039622785523533828 1.0000000180025095e-35 1.0000000180025095e-35 1.0000000180025095e-35 1.0000000180025095e-35 5.0171115398406991 1.0000000180025095e-35 1.0000000180025095e-35 13.419575691223146 1.0000000180025095e-35 4.850102663040162 1.0000000180025095e-35 1.0000000180025095e-35 1.0000000180025095e-35 1.0000000180025095e-35 1.0000000180025095e-35 5.405886411666871 1.0000000180025095e-35 1.0000000180025095e-35 1.0000000180025095e-35 1.0000000180025095e-35 1.0000000180025095e-35 1.0000000180025095e-35 1.0000000180025095e-35 1.0000000180025095e-35 5.4948666095733651 3.2429842948913579 1.0000000180025095e-35 1.0000000180025095e-35 1.0000000180025095e-35
decision_type=2 2 2 2 2 2 2 2 2 2 2 2 2 2 2 2 2 2 2 2 2 2 2 2 2 2 2 2 2 2
left_child=1 2 3 6 7 -4 24 22 9 23 17 12 -6 26 -9 -15 -13 -5 19 27 -11 -22 -3 -2 -1 -26 -8 28 -7 -16
right_child=8 4 5 10 11 18 13 14 -10 20 -12 16 -14 15 29 -17 -18 -19 -20 -21 21 -23 -24 -25 25 -27 -28 -29 -30 -31
leaf_value=-0.078450111202084116 -0.084249198480552845 -0.10940191554931092 0.15458718745778272 0.090878560531914968 -0.061600585923178387 0.12148320207818955 0.089525442133476768 0.044360357483824657 -0.077750517690352405 -0.038271452396582049 0.05432707396994349 0.11907481197338782 0.028821102480724933 0.060989731430705345 -0.014212266535531475 0.18105158483036421 0.023941866347596326 0.17166138368095957 0.11610755950816559 0.097827366689035106 0.064991360740890389 -0.028065071527795495 -0.039061657037897685 -0.038820968882025818 0.038387964301585253 -0.063719943762047648 -0.010359249643734197 -0.023686249942538515 0.01455882141110848 -0.11565178010013488
leaf_weight=17.378656044602394 61.952040553092957 27.915131539106369 60.783172458410263 23.275820523500443 12.955028563737867 7.9640832245349893 6.8390746712684658 16.972351059317589 190.20015835762024 51.826552554965019 42.898511126637459 13.811714589595796 30.556432589888573 18.567050963640217 22.664837285876278 5.9724454879760733 14.769900694489477 16.862943887710571 31.634012594819069 23.416773945093155 15.628838136792181 16.745967328548431 21.395087480545044 51.54931603372097 13.522950977087023 11.329640299081801 19.173691749572754 10.970717012882234 10.441029772162437 5.8028952032327643
leaf_count=110 427 200 244 97 67 35 28 92 1290 311 193 57 155 85 123 24 74 68 131 98 85 96 140 304 74 70 96 53 46 33
internal_value=-0.00099818 0.0462667 0.076695 0.0477858 -0.0122819 0.111698 0.0114374 -0.0435886 -0.0604442 -0.0437946 0.0884005 0.0288638 0.0018991 0.0519733 -0.00528904 0.0902105 0.0699137 0.124817 0.0808206 0.0596761 -0.0170747 0.0168576 -0.0788822 -0.0636169 -0.0370854 -0.00816034 0.0159017 0.0292641 0.0608261 -0.0348898
internal_weight=875.777 487.874 321.031 175.821 166.843 145.21 92.7835 94.7503 387.903 197.703 83.0373 72.0931 43.5115 50.5523 45.4401 24.5395 28.5816 40.1388 84.4266 52.7926 84.2014 32.3748 49.3102 113.501 42.2312 24.8526 26.0128 29.3758 18.4051 28.4677
internal_count=4906 2393 1452 845 941 607 487 588 2513 1223 358 353 222 233 248 109 131 165 363 232 492 181 340 731 254 144 124 134 81 156
is_linear=0
shrinkage=0.1


Tree=6
num_leaves=31
num_cat=0
split_feature=0 7 8 11 0 11 9 0 9 8 7 0 0 8 11 83 9 32 14 9 16 10 0 11 67 0 26 9 12 82
split_gain=205.558 65.8653 26.6634 19.0524 18.4876 18.1811 16.9282 12.2908 11.4513 8.45053 7.59232 7.5862 7.00304 6.66396 5.97125 6.65024 5.88057 5.86092 5.84082 5.69244 5.65828 6.91821 5.50861 6.29394 5.3492 5.06643 4.93469 4.92218 4.75902 4.47345
threshold=8.5516767501831072 1.0000000180025095e-35 1.0000000180025095e-35 1.0000000180025095e-35 11.23477077484131 1.0000000180025095e-35 1.0000000180025095e-35 5.0171115398406991 1.0000000180025095e-35 1.0000000180025095e-35 1.0000000180025095e-35 4.850102663040162 2.8952771425247197 1.0000000180025095e-35 1.0000000180025095e-35 1.0000000180025095e-35 1.0000000180025095e-35 1.0000000180025095e-35 1.0000000180025095e-35 1.0000000180025095e-35 1.0000000180025095e-35 1.0000000180025095e-35 13.938398361206056 1.0000000180025095e-35 1.0000000180025095e-35 12.699520587921144 1.0000000180025095e-35 1.0000000180025095e-35 1.0000000180025095e-35 1.0000000180025095e-35
decision_type=2 2 2 2 2 2 2 2 2 2 2 2 2 2 2 2 2 2 2 2 2 2 2 2 2 2 2 2 2 2
left_child=1 2 5 8 9 6 -1 -4 13 14 22 16 -10 -3 -2 20 -7 29 27 24 21 -16 23 -6 -5 -25 -26 -9 -20 -8
right_child=4 3 7 19 10 11 17 18 12 -11 -12 -13 -14 -15 15 -17 -18 -19 28 -21 -22 -23 -24 25 26 -27 -28 -29 -30 -31
leaf_value=-0.034498043179932651 -0.069459833368562582 -0.109573247613399 0.14111741969166111 -0.049418491709927459 -0.05882037077549316 0.080411178755887769 0.082068675195163795 0.073488548875842732 0.11507902295018571 0.0063052345459767099 -0.085597058513730215 0.049604351376115831 -0.014415840060757521 -0.034400390063777597 -0.0079044860888804122 -0.11095905388522741 0.1582150201163742 -0.02952192335305507 0.069290025210109296 0.068651145198201896 -0.053204603900899088 0.12572487133293453 -0.067918518880436096 -0.033981163291440263 0.10272672121207212 0.043498920457810925 0.0073585146467919013 0.14069230406511321 -0.025541324692967767 -0.022046616363406581
leaf_weight=37.939628928899765 40.171472415328026 23.578221142292023 59.964883178472519 11.371307343244551 39.796451240777969 23.653000235557556 35.456569492816925 26.520544350147247 4.849586844444274 62.60374490916729 113.78115159273148 37.024750038981438 30.076303347945213 23.592245280742645 9.4965700060129254 5.4232890903949729 16.484884440898895 6.9489946216344824 17.782428413629535 26.085003763437271 8.7918743491172773 6.5439935475587836 97.408751994371414 19.472590044140816 7.2832775712013271 14.895402640104292 21.272812649607658 18.50197035074234 7.5339750796556464 4.6703927069902411
leaf_count=232 283 182 244 60 274 97 158 114 24 332 786 161 178 141 52 31 68 33 75 116 49 35 695 119 36 96 106 75 32 22
internal_value=-0.0010138 0.0466564 0.0741703 -0.00767732 -0.0512141 0.0471064 0.015208 0.107854 -0.0398387 -0.020427 -0.0655669 0.0822511 0.00356499 -0.0719756 -0.0441897 -0.0106378 0.112366 0.0552673 0.0794974 0.0323202 0.0112719 0.0466117 -0.0522836 -0.0317485 0.00858485 -0.000400586 0.0316823 0.101106 0.0410689 0.0699507
internal_weight=858.976 440.591 292.482 148.109 418.385 162.178 85.0156 130.304 82.0964 133.031 285.354 77.1626 34.9259 47.1705 70.4272 30.2557 40.1379 47.076 70.3389 66.0124 24.8324 16.0406 171.573 74.1644 39.9274 34.368 28.5561 45.0225 25.3164 40.127
internal_count=4906 2154 1311 843 2752 771 445 540 525 782 1970 326 202 323 450 167 165 213 296 318 136 87 1184 489 202 215 142 189 107 180
is_linear=0
shrinkage=0.1


Tree=7
num_leaves=31
num_cat=0
split_feature=1 7 8 11 11 130 9 8 0 7 0 1 9 9 11 5 67 9 26 1 11 6 0 5 0 9 1 0 5 5
split_gain=171.574 56.666 24.8165 17.0893 16.6121 14.6257 12.4572 9.90825 8.93678 8.92842 8.29072 6.92337 6.91577 6.15911 6.06138 5.83195 6.84611 5.56424 5.31426 5.17098 5.07518 5.00402 4.98326 4.52861 5.98598 4.52471 4.38753 4.38074 4.09007 3.9665
threshold=0.066088676452636733 1.0000000180025095e-35 1.0000000180025095e-35 1.0000000180025095e-35 1.0000000180025095e-35 1.0000000180025095e-35 1.0000000180025095e-35 1.0000000180025095e-35 6.5010266304016122 1.0000000180025095e-35 13.938398361206056 -0.065480265766382204 1.0000000180025095e-35 1.0000000180025095e-35 1.0000000180025095e-35 1.0000000180025095e-35 1.0000000180025095e-35 1.0000000180025095e-35 1.0000000180025095e-35 -0.33774431049823755 1.0000000180025095e-35 1.0000000180025095e-35 5.4524297714233407 1.0000000180025095e-35 5.4948666095733651 1.0000000180025095e-35 0.9887443780899049 4.8090348243713388 1.0000000180025095e-35 1.0000000180025095e-35
decision_type=2 2 2 2 2 2 2 2 2 2 2 2 2 2 2 2 2 2 2 2 2 2 2 2 2 2 2 2 2 2
left_child=1 2 3 6 7 25 23 17 13 10 20 15 19 -5 29 -8 -17 -3 22 21 -2 -6 -9 -1 -25 -4 -12 -20 -10 -7
right_child=9 4 5 8 12 14 11 18 28 -11 26 -13 -14 -15 -16 16 -18 -19 27 -21 -22 -23 -24 24 -26 -27 -28 -29 -30 -31
leaf_value=-0.074087242196779313 -0.043000198488818288 -0.10407694252093697 0.042342387453449745 0.062446338122642248 0.054538858824998086 0.078714033610683742 0.017670283968250065 0.097444528007249898 -0.015706451963602375 -0.074468646986044842 -0.067974028370757708 -0.074227954259763182 0.061289860574618819 0.1275419633372957 0.16243449858564094 0.0056504423096645842 0.12517366516974635 -0.034645554096846283 0.012670626522020263 -0.045933139169449202 -0.0016649588489622735 -0.035593852441063854 -0.0099698323583108182 0.037922099365338996 -0.06068190881676358 0.09315662486819426 0.058870180146246225 -0.067099855622835644 0.065695840268699776 0.13916000161540715
leaf_weight=16.814421638846397 65.89784799516201 24.565127842128277 47.955218091607094 34.596284702420235 18.938560977578163 28.151435226202011 24.797883719205856 7.73009926080704 14.544556513428688 136.95347435772419 90.249444752931595 4.864136040210723 30.448869913816452 25.065998837351799 26.052232399582863 6.9492858201265344 15.439118221402168 21.772539436817169 12.088589638471605 16.054109275341034 54.080861732363701 9.1286437958478945 9.787839859724043 13.550225913524629 11.283397093415259 27.613979026675224 2.8119263201951972 15.991216853260992 10.723157361149788 17.670260220766068
leaf_count=115 458 204 210 142 92 117 115 39 70 973 674 27 136 105 109 30 66 148 64 88 327 45 55 74 75 113 21 94 47 73
internal_value=-0.00101408 0.0370237 0.0612609 0.0361969 -0.0104405 0.0916262 0.00674919 -0.0388876 0.0686848 -0.0545481 -0.0417421 0.0393651 0.0246312 0.0897951 0.123921 0.0510747 0.0880741 -0.0714534 -0.00579339 -0.000667517 -0.0243682 0.0252239 0.0374286 -0.0340131 -0.00687959 0.0609106 -0.0641413 -0.032758 0.0188392 0.102024
internal_weight=842.571 492.577 326.072 178.628 166.506 147.443 93.6985 91.9354 84.93 349.994 213.04 52.0504 74.5702 59.6623 71.8739 47.1863 22.3884 46.3377 45.5977 44.1213 119.979 28.0672 17.5179 41.648 24.8336 75.5692 93.0614 28.0798 25.2677 45.8217
internal_count=4906 2453 1488 866 965 622 502 604 364 2453 1480 238 361 247 299 211 96 352 252 225 785 137 94 264 149 323 695 158 117 190
is_linear=0
shrinkage=0.1


Tree=8
num_leaves=31
num_cat=0
split_feature=1 7 8 11 11 0 9 8 7 0 0 8 1 0 14 9 9 9 11 21 32 5 61 9 11 9 0 81 0 5
split_gain=142.882 46.185 20.4278 13.8431 13.7949 13.7932 10.1652 8.73818 8.13038 7.65389 7.40341 5.77374 5.63884 5.49183 5.4583 5.32522 5.27718 5.12916 4.91895 4.98164 4.79048 4.67212 4.82809 4.82441 4.31272 4.13534 5.30665 4.84238 3.99926 4.81844
threshold=0.066088676452636733 1.0000000180025095e-35 1.0000000180025095e-35 1.0000000180025095e-35 1.0000000180025095e-35 5.07460641860962 1.0000000180025095e-35 1.0000000180025095e-35 1.0000000180025095e-35 4.850102663040162 13.938398361206056 1.0000000180025095e-35 -0.065480265766382204 5.405886411666871 1.0000000180025095e-35 1.0000000180025095e-35 1.0000000180025095e-35 1.0000000180025095e-35 1.0000000180025095e-35 1.0000000180025095e-35 1.0000000180025095e-35 1.0000000180025095e-35 1.0000000180025095e-35 1.0000000180025095e-35 1.0000000180025095e-35 1.0000000180025095e-35 10.658453464508058 1.0000000180025095e-35 5.4948666095733651 1.0000000180025095e-35
decision_type=2 2 2 2 2 2 2 2 2 2 2 2 2 2 2 2 2 2 2 2 2 2 2 2 2 2 2 2 2 2
left_child=1 2 3 6 7 -4 28 15 10 16 24 14 20 17 -6 -3 -5 -13 19 -7 -8 23 -23 -9 -2 -10 27 -27 29 -1
right_child=8 4 5 9 11 18 12 21 25 -11 -12 13 -14 -15 -16 -17 -18 -19 -20 -21 -22 22 -24 -25 -26 26 -28 -29 -30 -31
leaf_value=-0.06200770304808001 -0.039856079633855443 -0.10150012311843948 0.12089609598210659 0.064870282904312571 0.023138950250030235 0.051033952269394202 0.058625027447440053 -0.067003188567862748 -0.084152727327088991 0.033897310723014891 -0.060498347167082057 0.058882811520903945 -0.069455682980682235 0.011077893063332157 -0.052644401080133012 -0.031925703811098383 0.13986119933131325 0.18183650310674282 0.086171330734489182 -0.037404434119027712 -0.031067324880625538 0.068224048114680622 -0.050849344959010459 0.016478308064400985 -0.001499971773748126 -0.037742231409754849 -0.061880258465903795 0.12255445989052349 -0.066123761875398354 0.033439423052515072
leaf_weight=8.570216953754425 64.084649622440338 22.762955971062183 58.220449760556221 24.061409920454025 28.701801165938377 44.055524691939354 40.658787295222282 15.79858660697937 82.566324219107628 45.397617474198341 89.037434130907059 11.880807667970659 4.6879065632820121 15.370939210057257 14.209194973111151 21.290836334228516 15.383455276489256 4.7490339875221244 36.666776090860367 7.4457483887672415 6.9765959382057181 12.494138136506082 4.6810240149497977 12.321421191096306 54.029293298721313 4.5671250373125067 40.015406578779221 3.2085054069757462 18.302501924335957 13.814981907606125
leaf_count=61 458 204 249 97 143 189 178 102 620 199 695 51 27 75 73 148 68 19 152 32 33 66 25 59 327 30 302 21 129 74
internal_value=-0.00100023 0.0335702 0.0554553 0.0326835 -0.00962992 0.0831218 0.00603791 -0.0361651 -0.0510367 0.0618944 -0.0387244 0.0220192 0.0351904 0.0541675 -0.00195533 -0.0678754 0.0941167 0.0939951 0.0581781 0.0382481 0.0454888 -0.00532388 0.0357711 -0.0304239 -0.0223107 -0.0706021 -0.0471913 0.028402 -0.0314514 -0.00310269
internal_weight=826.011 488.503 324.242 177.853 164.261 146.388 93.011 89.349 337.509 84.8425 207.151 74.9118 52.3233 32.0008 42.911 44.0538 39.4449 16.6298 88.168 51.5013 47.6354 45.2952 17.1752 28.12 118.114 130.357 47.791 7.77563 40.6877 22.3852
internal_count=4906 2453 1488 866 965 622 502 604 2453 364 1480 361 238 145 216 352 165 70 373 221 211 252 91 161 785 973 353 51 264 135
is_linear=0
shrinkage=0.1


Tree=9
num_leaves=31
num_cat=0
split_feature=1 7 8 1 9 11 9 0 8 11 9 0 0 21 11 9 80 8 81 5 102 68 6 11 5 81 13 1 12 208
split_gain=119.044 37.7459 16.9177 12.9613 11.5358 11.2629 8.30122 8.14652 8.05317 7.51414 6.99965 6.8945 6.82256 6.33759 5.97278 6.21589 5.74193 5.77033 7.75898 5.6816 5.65104 6.2329 5.36122 5.21859 5.19154 5.14938 6.35961 5.11821 5.51925 4.94235
threshold=0.066088676452636733 1.0000000180025095e-35 1.0000000180025095e-35 -0.25576089322566981 1.0000000180025095e-35 1.0000000180025095e-35 1.0000000180025095e-35 2.3791923522949223 1.0000000180025095e-35 1.0000000180025095e-35 1.0000000180025095e-35 7.6317591667175302 16.425735473632816 1.0000000180025095e-35 1.0000000180025095e-35 1.0000000180025095e-35 1.0000000180025095e-35 1.0000000180025095e-35 1.0000000180025095e-35 1.0000000180025095e-35 1.0000000180025095e-35 1.0000000180025095e-35 1.0000000180025095e-35 1.0000000180025095e-35 1.0000000180025095e-35 1.0000000180025095e-35 1.0000000180025095e-35 -0.41120998561382288 1.0000000180025095e-35 1.0000000180025095e-35
decision_type=2 2 2 2 2 2 2 2 2 2 2 2 2 2 2 2 2 2 2 2 2 2 2 2 2 2 2 2 2 2
left_child=1 2 5 14 8 6 -1 -6 23 29 11 13 20 -7 15 19 17 18 -9 22 -11 -22 -4 -3 -8 -25 -27 -12 -29 -2
right_child=9 4 3 -5 7 10 24 16 -10 12 27 -13 -14 -15 -16 -17 -18 -19 -20 -21 21 -23 -24 25 -26 26 -28 28 -30 -31
leaf_value=-0.029053289848203153 -0.063004655703739268 -0.09903367026671317 -0.024830702686084113 0.037658382848208494 0.15606362729655521 0.064599202454177565 0.0011801657644171547 0.03121060498256141 -0.0038941372626397509 -0.026632536227978534 0.13004582204620288 -0.047780404743082011 -0.083140299227580511 -0.049966034167470669 0.13378478218223833 0.12002310049822383 -0.085446702315621112 0.058352333821421049 -0.066303105057528719 0.10138073619965292 0.14579879145810817 -0.047548347400927289 0.079808982832894601 -0.073820368760626989 0.064087996135155256 0.081865081499999021 -0.079373785177911466 0.10001263184227582 -0.015963404141338421 0.076922715528214489
leaf_weight=39.782117076218128 181.1536603346467 21.083626918494701 11.750559583306313 55.453181847929955 4.2366417199373236 36.310931742191315 27.219495318830013 22.418587565422058 47.964941635727882 114.3380523249507 16.913773238658905 8.8494389653205854 20.943330354988575 5.5691423267126074 32.035803556442261 23.078420698642731 5.4350441098213187 25.243088468909264 12.829080924391745 14.190265908837317 4.0699930340051642 2.8242997899651527 8.3940354883670807 12.306303232908249 25.323260232806206 6.5479277521371841 3.9050593078136444 9.97111524641514 6.9729641526937476 2.5598948895931235
leaf_count=264 1419 204 51 234 19 149 129 129 262 793 77 42 172 23 141 99 30 117 77 61 27 22 36 69 109 36 22 43 30 20
internal_value=-0.000978107 0.0304927 0.050309 0.0756433 -0.00887988 0.0295587 0.00540742 0.0216478 -0.0322101 -0.0476967 0.0559191 0.0324182 -0.0304359 0.0493645 0.0991917 0.0798893 0.0130097 0.0218559 -0.00428142 0.0529131 -0.021331 0.0665927 0.0187715 -0.0631883 0.0314989 -0.029982 0.021629 0.0911307 0.0522852 -0.0610549
internal_weight=809.674 483.785 321.815 144.902 161.97 176.912 92.3249 70.1624 91.8079 325.889 84.5874 50.7295 142.176 41.8801 89.4491 57.4133 65.9258 60.4908 35.2477 34.3349 121.232 6.89429 20.1446 43.8429 52.5428 22.7593 10.453 33.8579 16.9441 183.714
internal_count=4906 2453 1488 622 965 866 502 372 593 2453 364 214 1014 172 388 247 353 323 206 148 842 49 87 331 238 127 58 150 73 1439
is_linear=0
shrinkage=0.1


Tree=10
num_leaves=31
num_cat=0
split_feature=0 7 8 0 11 0 8 168 11 9 9 7 7 5 137 8 0 14 0 14 26 83 9 0 12 1 0 55 65 8
split_gain=99.4582 29.1294 13.2158 12.5514 10.5014 9.83222 8.28194 9.12188 7.88273 7.44888 7.25066 5.599 5.24879 5.17184 6.45535 4.99678 4.54514 4.31452 4.24433 4.01435 3.97632 6.88224 4.29659 3.83127 3.75774 3.89158 9.72833 3.74168 3.72889 5.39169
threshold=8.5516767501831072 1.0000000180025095e-35 1.0000000180025095e-35 11.690622806549074 1.0000000180025095e-35 5.0171115398406991 1.0000000180025095e-35 1.0000000180025095e-35 1.0000000180025095e-35 1.0000000180025095e-35 1.0000000180025095e-35 1.0000000180025095e-35 1.0000000180025095e-35 1.0000000180025095e-35 1.0000000180025095e-35 1.0000000180025095e-35 2.4503763914108281 1.0000000180025095e-35 2.8952771425247197 1.0000000180025095e-35 1.0000000180025095e-35 1.0000000180025095e-35 1.0000000180025095e-35 5.6960985660552987 1.0000000180025095e-35 0.1512662544846535 9.9206023216247576 1.0000000180025095e-35 1.0000000180025095e-35 1.0000000180025095e-35
decision_type=2 2 2 2 2 2 2 2 2 2 2 2 2 2 2 2 2 2 2 2 2 2 2 2 2 2 2 2 2 2
left_child=1 2 8 6 10 -4 11 24 9 -1 15 -2 28 14 20 -3 -6 -7 -12 -18 23 22 27 -10 25 26 -8 -22 29 -5
right_child=3 4 5 12 16 17 7 -9 13 -11 18 -13 -14 -15 -16 -17 19 -19 -20 -21 21 -23 -24 -25 -26 -27 -28 -29 -30 -31
leaf_value=-0.024871620967359787 -0.01768421037083379 -0.10039445347632532 0.10738049353315214 -0.053371401851496317 0.11064602343654069 0.06912588681323012 0.014061507324933987 0.16456776036760917 0.12451814894554827 0.035579264000542371 0.087029416750911567 -0.074285361849411743 -0.073087977942289745 0.087655880244616541 0.11304892223558148 -0.029025234184037074 0.034126962598336301 0.017868126286703478 -0.011988741930676949 -0.020039613500144091 0.035203755222649534 -0.11503841843695771 0.073996894329133089 0.0052433831828256261 -0.030589722554123806 -0.019775706224735581 0.17446977442155417 -0.067039281455931549 -0.08599027768382371 -0.010784378705915485
leaf_weight=35.079858839511871 46.123537480831146 17.333790630102158 53.267478048801422 71.273938819766045 5.5084245204925528 45.325012356042862 20.998652324080471 3.5690650492906562 5.7012310177087766 48.656745672225952 5.0829599648714057 28.138839416205883 86.054045967757702 29.308892905712128 8.4918400496244413 22.6007961332798 40.44931834936142 25.751423001289368 29.181111857295036 20.675725489854813 7.309880211949352 4.6004765927791587 8.7760539650917053 5.104015052318573 24.553438171744347 16.1204624325037 4.6110229641199103 7.0134761035442352 16.696224987506866 51.000592075288296
leaf_count=232 313 182 244 568 24 189 105 19 24 213 24 215 729 124 36 141 192 107 178 102 30 21 40 22 138 102 27 29 141 395
internal_value=-0.000945629 0.032023 0.0504416 -0.0389228 -0.00517015 0.0748983 -0.0158813 0.00883622 0.0314402 0.0102545 -0.0310476 -0.039131 -0.0536795 0.0546889 0.0341296 -0.0600034 0.0236452 0.0505549 0.00270027 0.015805 0.0167249 -0.00334564 0.0188991 0.068177 0.000450797 0.0187146 0.042943 -0.0148599 -0.0416614 -0.0356084
internal_weight=794.358 425.219 284.386 369.14 140.832 124.344 144.115 69.8526 160.042 83.7366 74.1987 74.2624 225.025 76.3059 46.997 39.9346 66.6335 71.0764 34.2641 61.125 38.5051 27.6999 23.0994 10.8052 66.2836 41.7301 25.6097 14.3234 138.971 122.275
internal_count=4906 2154 1311 2752 843 540 919 391 771 445 525 528 1833 326 202 323 318 296 202 294 166 120 99 46 372 234 132 59 1104 963
is_linear=0
shrinkage=0.1


Tree=11
num_leaves=31
num_cat=0
split_feature=1 7 0 11 8 11 8 0 62 8 13 9 11 102 53 8 9 26 9 67 0 137 9 21 9 1 113 9 0 39
split_gain=83.1166 25.4866 14.8556 9.38598 8.86491 6.9448 6.89531 6.10723 5.96145 5.78786 5.08522 4.68052 5.16204 4.60792 4.59806 5.18768 7.35175 4.5147 4.48696 4.81996 4.47637 4.47421 4.27751 4.45972 4.25291 4.20775 4.39114 4.15258 3.75972 3.69295
threshold=0.066088676452636733 1.0000000180025095e-35 4.850102663040162 1.0000000180025095e-35 1.0000000180025095e-35 1.0000000180025095e-35 1.0000000180025095e-35 16.425735473632816 1.0000000180025095e-35 1.0000000180025095e-35 1.0000000180025095e-35 1.0000000180025095e-35 1.0000000180025095e-35 1.0000000180025095e-35 1.0000000180025095e-35 1.0000000180025095e-35 1.0000000180025095e-35 1.0000000180025095e-35 1.0000000180025095e-35 1.0000000180025095e-35 17.698836326599125 1.0000000180025095e-35 1.0000000180025095e-35 1.0000000180025095e-35 1.0000000180025095e-35 0.1041143834590912 1.0000000180025095e-35 1.0000000180025095e-35 5.4524297714233407 1.0000000180025095e-35
decision_type=2 2 2 2 2 2 2 2 2 2 2 2 2 2 2 2 2 2 2 2 2 2 2 2 2 2 2 2 2 2
left_child=1 2 4 9 8 14 21 13 10 24 -1 -10 -13 25 15 16 -2 28 19 -5 -16 -4 23 -8 -3 -7 -27 -15 -11 -18
right_child=5 3 6 18 -6 7 22 -9 11 17 -12 12 -14 27 20 -17 29 -19 -20 -21 -22 -23 -24 -25 -26 26 -28 -29 -30 -31
leaf_value=0.10037699640021819 -0.094273501271106355 -0.094298090612107643 -0.0033931605548936602 -0.055226323425956375 0.10121818714078122 0.063297019457245945 0.03791955192373736 -0.077379834765436542 -0.024709639101541222 0.084664058559687089 0.036011616503459826 0.011180691255650783 0.13692802787669095 -0.001062386133102426 -0.079087989234928088 -0.014677910808310424 0.012722592818047315 -0.031556178576869931 0.047485620339306901 0.018430833034731624 0.026829628980568787 0.061659675655410397 0.071582332845136792 -0.04235234383935324 -0.027784503301442554 -0.030518118182152134 0.061664060354319809 0.1560099696302881 -0.0083868651169902355 -0.074347780283494647
leaf_weight=25.037798568606377 29.445738919079304 18.069204188883305 83.243596032261848 12.355461835861204 49.159691900014877 5.602510765194892 49.98290753364563 18.899090722203255 16.025533184409142 7.894754737615588 24.079058393836021 9.6903081238269824 4.9230899214744559 4.1472588032484046 72.141192868351936 43.1293675750494 14.085092164576055 27.245906203985214 30.844944983720779 31.620829835534096 4.2237681671977034 12.110831230878828 33.739994212985039 8.0336041599512082 20.541679218411446 98.339353136718273 5.4541328623890868 2.8328053280711174 9.6497484892606717 7.4464105740189543
leaf_count=118 265 204 433 68 234 31 213 172 81 39 112 41 25 30 636 310 124 158 136 157 37 56 140 35 148 723 39 19 55 67
internal_value=-0.000916957 0.0252935 0.0416966 -0.00746919 0.0678171 -0.0415725 0.0237002 -0.0246539 0.0472293 -0.0305383 0.0688225 0.0126136 0.0535436 -0.0160913 -0.0549981 -0.0402036 -0.0617997 -0.00607956 0.0182454 -0.00226369 -0.0732297 0.00486911 0.0432697 0.0268042 -0.0589117 -0.0211176 -0.0256741 0.0626842 0.0334846 -0.0173896
internal_weight=779.996 474.249 316.026 158.223 128.915 305.747 187.111 135.275 79.7558 83.4013 49.1169 30.6389 14.6134 116.376 170.472 94.1066 50.9772 44.7904 74.8212 43.9763 76.365 95.3544 91.7565 58.0165 38.6109 109.396 103.793 6.98006 17.5445 21.5315
internal_count=4906 2453 1488 965 611 2453 877 1014 377 604 230 147 66 842 1439 766 456 252 361 225 673 489 388 248 352 793 762 49 94 191
is_linear=0
shrinkage=0.1


Tree=12
num_leaves=31
num_cat=0
split_feature=1 7 11 8 1 0 11 76 88 5 15 0 9 9 99 0 8 53 99 11 137 0 113 8 34 1 26 9 8 61
split_gain=69.3414 19.3331 10.0331 9.50469 8.77583 8.29547 7.483 7.06626 7.83024 7.45459 7.4283 8.10189 6.88072 6.53774 6.36913 6.35892 5.33653 5.32042 6.05087 4.83427 4.84607 4.63093 4.46088 4.14432 4.01901 5.70312 3.99126 5.35371 3.84181 3.82361
threshold=-0.059852460399270051 1.0000000180025095e-35 1.0000000180025095e-35 1.0000000180025095e-35 0.11171952262520791 5.1663243770599374 1.0000000180025095e-35 1.0000000180025095e-35 1.0000000180025095e-35 1.0000000180025095e-35 1.0000000180025095e-35 7.6317591667175302 1.0000000180025095e-35 1.0000000180025095e-35 1.0000000180025095e-35 2.4503763914108281 1.0000000180025095e-35 1.0000000180025095e-35 1.0000000180025095e-35 1.0000000180025095e-35 1.0000000180025095e-35 16.425735473632816 1.0000000180025095e-35 1.0000000180025095e-35 1.0000000180025095e-35 -0.35188987851142878 1.0000000180025095e-35 1.0000000180025095e-35 1.0000000180025095e-35 1.0000000180025095e-35
decision_type=2 2 2 2 2 2 2 2 2 2 2 2 2 2 2 2 2 2 2 2 2 2 2 2 2 2 2 2 2 2
left_child=1 3 16 7 12 -5 13 8 9 15 11 -11 14 28 -4 -1 -2 -18 -19 24 26 22 -6 -8 25 -17 -21 -28 -3 -12
right_child=2 6 4 5 21 -7 23 -9 -10 10 29 -13 -14 -15 -16 19 17 18 -20 20 -22 -23 -24 -25 -26 -27 27 -29 -30 -31
leaf_value=0.092215761162324758 -0.064452477070811573 -0.09602397498282865 -0.039969158658005988 0.093231453395603514 -0.023913578131279124 0.039926411372789676 -0.0016151813405790594 0.15601081713917381 -0.095049682302720873 0.095357436993902422 0.030627493545345132 -0.039786598445577685 0.087102557626135335 0.0051509282661378417 0.085875343361482392 -0.038733558132448137 -0.013656460297148827 -0.089617241532837927 0.0062132620914930924 0.056853738419837076 0.091792195390931697 -0.074074317443359503 0.066147502847663187 0.04869806548857683 -0.11149845819042317 0.078066002283107477 -0.059693975453368124 0.039982480732465339 -0.029619711118530484 -0.059788941079558955
leaf_weight=7.7527166455984107 101.52004450559616 14.495263323187826 14.779733613133432 52.498578116297722 101.42876743525267 65.769416362047195 37.944900244474411 4.0798543095588675 5.4500795453786841 35.540784195065498 22.452339127659801 5.0686496198177329 13.160393267869948 33.463260531425476 5.525179684162139 21.697055533528328 60.35419125109911 24.163222715258598 9.0591030567884427 9.6859337687492353 7.6398824900388709 17.824666611850262 5.8151098340749732 28.795408487319946 5.3015398532152167 5.1782457679510143 13.509454384446144 8.9639845639467239 21.839159294962883 5.9077962934970847
leaf_count=35 938 178 79 259 759 274 189 20 25 168 106 25 62 200 27 121 396 221 80 42 33 172 40 127 32 30 57 42 139 30
internal_value=-0.000888016 0.0269396 -0.0333901 0.0421429 -0.0147046 0.0635883 -0.00384803 0.0261136 0.0226756 0.0269904 0.0510639 0.0784895 0.0307796 -0.0267401 -0.00572555 0.00616568 -0.0485739 -0.0313474 -0.0634861 -0.00310298 0.0201997 -0.026875 -0.0190302 0.0200927 -0.0319258 -0.016229 0.00319194 -0.019936 -0.056111 0.0117925
internal_weight=766.665 413.034 353.63 276.496 158.534 118.268 136.538 158.228 154.148 148.698 68.9696 40.6094 33.4653 69.7977 20.3049 79.7288 195.097 93.5765 33.2223 71.9761 39.7993 125.069 107.244 66.7403 32.1768 26.8753 32.1594 22.4734 36.3344 28.3601
internal_count=4906 2132 2774 1299 1139 533 833 766 746 721 329 193 168 517 106 392 1635 697 301 357 174 971 799 316 183 151 141 99 317 136
is_linear=0
shrinkage=0.1


Tree=13
num_leaves=31
num_cat=0
split_feature=0 5 0 7 46 0 9 14 7 11 12 0 8 108 11 31 9 0 22 21 7 11 1 139 139 67 10 61 14 79
split_gain=57.3942 16.2192 10.3867 9.75431 9.26592 8.91801 9.22186 7.65342 6.66328 6.57988 7.77149 5.8965 5.88626 6.12143 5.73075 5.71584 5.43645 4.99719 4.81426 4.72888 4.28357 4.25887 4.11943 3.89023 3.87998 3.71317 4.36635 3.70843 3.56048 3.86388
threshold=8.5516767501831072 1.0000000180025095e-35 3.0266940593719487 1.0000000180025095e-35 1.0000000180025095e-35 13.419575691223146 1.0000000180025095e-35 1.0000000180025095e-35 1.0000000180025095e-35 1.0000000180025095e-35 1.0000000180025095e-35 6.5010266304016122 1.0000000180025095e-35 1.0000000180025095e-35 1.0000000180025095e-35 1.0000000180025095e-35 1.0000000180025095e-35 4.1437373161315927 1.0000000180025095e-35 1.0000000180025095e-35 1.0000000180025095e-35 1.0000000180025095e-35 0.9887443780899049 1.0000000180025095e-35 1.0000000180025095e-35 1.0000000180025095e-35 1.0000000180025095e-35 1.0000000180025095e-35 1.0000000180025095e-35 1.0000000180025095e-35
decision_type=2 2 2 2 2 2 2 2 2 2 2 2 2 2 2 2 2 2 2 2 2 2 2 2 2 2 2 2 2 2
left_child=1 3 -3 4 -1 6 12 8 23 16 11 -11 20 28 -8 -13 -6 -12 -9 25 -2 24 -7 27 -5 -16 -27 -4 29 -14
right_child=5 2 7 21 9 22 14 18 -10 10 17 15 13 -15 19 -17 -18 -19 -20 -21 -22 -23 -24 -25 -26 26 -28 -29 -30 -31
leaf_value=0.10467787961632523 -0.0376322009177694 0.10384474170761669 0.077419576855697531 -0.051322643260592216 -0.034095378164496627 -0.054114720186027733 -0.016258138992777418 -0.0078290940619937799 0.011440941165343702 0.091671664164861874 0.076797095382193162 0.081835555162181217 0.0066177984811727694 -0.10386448887924105 0.057144006042640944 -0.058252222820426303 0.020560877660416636 -0.024916897927440604 0.078982583302127443 0.13269374585054106 -0.0930314212377477 0.002196734243489339 0.055361512427814924 0.15592868372910598 0.055888768668282879 -0.04965387784110295 0.052735734612345514 0.021478984362005779 -0.03253436199037283 0.11755672565772118
leaf_weight=12.625449672341345 37.306554324924946 27.558802381157875 47.615331619977951 38.739228844642639 34.876714430749416 131.15632107853889 47.739727936685085 42.516161888837814 26.981947898864746 27.613225802779198 6.2005728930234936 5.4507308006286603 27.241162456572059 6.7523072063922873 16.369731768965721 6.2548855990171432 38.055869489908218 21.855145841836929 7.5176571458578101 4.4421799331903449 22.30023966729641 44.921422094106674 3.5296422243118277 4.9057588875293723 3.6977825015783301 10.537207193672659 6.887101210653781 15.777081444859503 23.103258527815342 3.5484123006463042
leaf_count=60 290 138 219 301 197 1258 360 219 172 126 31 23 178 42 89 27 175 95 39 25 206 213 32 22 25 62 40 72 149 21
internal_value=-0.000860801 0.0241995 0.0475588 0.00739418 0.0226218 -0.0312322 -0.0181615 0.0368842 0.0535146 0.015238 0.0377691 0.066458 -0.0360419 -0.0141076 0.00684733 0.00697978 -0.00557601 -0.00243717 0.00521449 0.0356956 -0.0583583 -0.0192638 -0.0512457 0.0701363 -0.0419807 0.0229453 -0.00918354 0.0634971 -0.00286186 0.0194032
internal_weight=754.078 413.164 172.873 240.291 152.933 340.914 206.228 145.314 95.2801 140.307 67.3746 39.3188 120.252 60.6451 85.9759 11.7056 72.9326 28.0557 50.0338 38.2362 59.6068 87.3584 134.686 68.2982 42.437 33.794 17.4243 63.3924 53.8928 30.7896
internal_count=4906 2154 881 1273 734 2752 1462 743 485 674 302 176 886 390 576 50 372 126 258 216 496 539 1290 313 326 191 102 291 348 199
is_linear=0
shrinkage=0.1


Tree=14
num_leaves=31
num_cat=0
split_feature=1 9 11 0 8 8 7 5 8 0 1 61 1 16 7 1 50 99 0 5 1 5 135 21 15 6 62 7 9 73
split_gain=48.1677 15.5812 10.6867 10.2046 8.96846 7.58778 7.12321 7.08191 6.71008 6.30218 5.19089 4.66683 4.61482 4.52327 4.51473 4.40407 4.22394 4.60498 4.15385 4.05895 6.91443 4.00249 4.60319 4.55163 4.67822 5.85654 3.93578 3.93003 3.92892 5.48041
threshold=0.066088676452636733 1.0000000180025095e-35 1.0000000180025095e-35 5.3483915328979501 1.0000000180025095e-35 1.0000000180025095e-35 1.0000000180025095e-35 1.0000000180025095e-35 1.0000000180025095e-35 5.7987680435180673 0.64194995164871227 1.0000000180025095e-35 -0.019545212388038632 1.0000000180025095e-35 1.0000000180025095e-35 0.9887443780899049 1.0000000180025095e-35 1.0000000180025095e-35 7.5277206897735605 1.0000000180025095e-35 -0.20876112580299375 1.0000000180025095e-35 1.0000000180025095e-35 1.0000000180025095e-35 1.0000000180025095e-35 1.0000000180025095e-35 1.0000000180025095e-35 1.0000000180025095e-35 1.0000000180025095e-35 1.0000000180025095e-35
decision_type=2 2 2 2 2 2 2 2 2 2 2 2 2 2 2 2 2 2 2 2 2 2 2 2 2 2 2 2 2 2
left_child=1 2 5 4 13 27 10 -7 12 14 -2 -9 21 -3 -10 26 17 -11 19 20 -5 23 -23 24 25 -4 -12 -1 -8 -30
right_child=6 3 8 18 -6 7 28 11 9 16 15 -13 -14 -15 -16 -17 -18 -19 -20 -21 -22 22 -24 -25 -26 -27 -28 -29 29 -31
leaf_value=-0.029153151977898528 -0.0097931329926384224 0.021736967647234543 0.027662384000948111 -0.00053425665456414951 0.1047129425348467 -0.024264166328381322 -0.069446765204658437 0.059184223468620047 0.12616756520248815 -0.054480483728623519 -0.094168911315762771 -0.024222849007271702 -0.089122294399300084 0.077639049058431123 0.044923081044845908 0.082202393595996098 0.058111775569585605 0.066240701902576665 0.040309616671788007 0.032621927578715786 -0.11674236143157511 0.072316508570903784 -0.018329234062490773 -0.099115868891957087 0.04087446378682158 -0.080381698226847986 -0.034693894028356036 -0.089064032156705386 -0.059328002149450887 0.016647370336306613
leaf_weight=39.289192631840706 121.97115900367498 41.967144638299942 9.4556123316287994 28.831570640206337 33.752090513706207 42.594330862164497 64.563655838370323 25.037413850426674 13.034455597400665 10.851491853594778 16.150388404726982 9.1635821461677534 5.0328884720802298 22.094606325030327 14.391970217227936 2.5189099237322798 13.045399621129036 4.457891359925271 46.891555294394493 23.382015913724899 6.225789248943328 16.651267051696777 8.4428397119045275 4.9067202359437934 17.632983699440956 10.687495067715645 35.769529402256012 15.179522007703779 24.188142471015453 15.629239089787005
leaf_count=264 943 206 44 137 165 231 620 120 71 50 162 45 30 111 60 21 57 19 237 104 31 74 38 24 82 49 354 204 216 137
internal_value=-0.000827129 0.0189906 0.00277073 0.0397384 0.0629964 -0.0173011 -0.0335048 0.00294726 0.0232598 0.049358 -0.0212532 0.0368367 0.00326548 0.0410173 0.0835347 -0.0469295 0.0163003 -0.0193281 0.0181403 0.00035164 -0.0211715 0.0101259 0.041819 -0.00850716 0.00326197 -0.0296635 -0.0531944 -0.0458493 -0.0542109 -0.0295059
internal_weight=743.791 463 259.855 203.145 97.8138 131.264 280.791 76.7953 128.591 55.7812 176.41 34.201 72.8098 64.0618 27.4264 54.4388 28.3548 15.3094 105.331 58.4394 35.0574 67.7769 25.0941 42.6828 37.7761 20.1431 51.9199 54.4687 104.381 39.8174
internal_count=4906 2453 1462 991 482 864 2453 396 598 257 1480 165 341 317 131 537 126 69 509 272 168 311 112 199 175 93 516 468 973 353
is_linear=0
shrinkage=0.1


Tree=15
num_leaves=31
num_cat=0
split_feature=1 7 11 7 88 22 0 9 8 9 8 0 6 65 80 15 0 23 8 0 14 9 10 13 99 1 0 0 69 11
split_gain=39.8905 14.4605 9.25777 6.29686 6.16887 7.58255 6.02115 5.99587 5.84795 5.38171 5.27239 4.94383 4.85248 4.61098 4.51947 4.42021 4.32313 4.15875 5.17595 6.51708 4.1145 4.10807 3.97141 5.11847 3.88136 7.85041 5.8689 10.1808 7.27318 7.05686
threshold=0.066088676452636733 1.0000000180025095e-35 1.0000000180025095e-35 1.0000000180025095e-35 1.0000000180025095e-35 1.0000000180025095e-35 6.5010266304016122 1.0000000180025095e-35 1.0000000180025095e-35 1.0000000180025095e-35 1.0000000180025095e-35 2.3791923522949223 1.0000000180025095e-35 1.0000000180025095e-35 1.0000000180025095e-35 1.0000000180025095e-35 2.6105407476425175 1.0000000180025095e-35 1.0000000180025095e-35 9.8631072044372576 1.0000000180025095e-35 1.0000000180025095e-35 1.0000000180025095e-35 1.0000000180025095e-35 1.0000000180025095e-35 0.718609780073166 14.800821304321291 13.726214885711672 1.0000000180025095e-35 1.0000000180025095e-35
decision_type=2 2 2 2 2 2 2 2 2 2 2 2 2 2 2 2 2 2 2 2 2 2 2 2 2 2 2 2 2 2
left_child=1 2 4 13 5 7 8 10 21 12 -1 -11 16 17 -13 22 -3 -2 -19 -20 -18 -4 23 -9 26 -26 27 28 -21 -29
right_child=3 9 6 -5 -6 -7 -8 15 -10 11 -12 14 -14 -15 -16 -17 20 18 19 24 -22 -23 -24 -25 25 -27 -28 29 -30 -31
leaf_value=-0.03777740200887246 -0.058551229478984682 0.085250576721721233 0.028157709922230729 -0.050952682218552481 -0.071368637559614853 0.082218098752922922 0.023133460661490496 0.13432724635917334 0.10782790976107799 0.1160143651245612 0.014928530905723806 0.013479602173807441 -0.057957773045554273 -0.075458002638360375 -0.083608896195472474 0.0018929060728771923 0.0073052631315669372 -0.026020270185484334 -0.13219492874912722 0.02765560761555623 -0.051430610012715233 0.084422517986281892 0.020366799153697546 0.039304095882498453 0.033026318704575466 0.23249488169336352 -0.058602345073209605 0.02745289741260384 -0.10055461634890116 0.27345701665341421
leaf_weight=33.237027309834957 19.079225398600101 4.6145158261060706 34.87246161699295 100.23942064493895 7.9475271105766288 16.941093936562538 51.330189555883408 10.096468612551689 24.400638446211815 4.3383548110723487 44.245705887675285 60.644315883517265 29.046781182289124 13.563920199871061 5.2062022462487212 28.62381549179554 30.164065055549145 78.026047438383102 2.9656398296356192 22.999384172260765 19.725631080567837 20.667460739612579 20.381827682256699 12.925984725356102 13.478105232119558 2.3114485442638388 11.062903240323065 2.1354033797979346 5.4786429554224005 2.5688343644142151
leaf_count=228 170 29 142 973 38 86 224 48 135 19 200 323 217 141 30 130 206 686 17 152 141 105 94 58 96 22 111 21 42 22
internal_value=-0.00078995 0.0172191 0.0298014 -0.0309954 0.0147027 0.0188123 0.0498606 0.0116278 0.0670223 -0.00779728 -0.00768023 0.0126158 -0.0249457 -0.0194764 0.0058037 0.032398 -0.00735273 -0.0147337 -0.00880568 0.0125146 -0.015918 0.0490949 0.0525153 0.0809764 0.0196631 0.0622267 0.00447361 0.025503 0.00299034 0.161788
internal_weight=733.319 459.41 305.67 273.909 174.399 166.452 131.271 149.511 79.9406 153.74 77.4827 70.1889 83.551 173.67 65.8505 72.0281 54.5042 160.106 141.026 63.0004 49.8897 55.5399 43.4043 23.0225 60.0347 15.7896 44.2452 33.1823 28.478 4.70424
internal_count=4906 2453 1488 2453 882 844 606 758 382 965 428 372 593 1480 353 330 376 1339 1169 483 347 247 200 106 466 118 348 237 194 43
is_linear=0
shrinkage=0.1


Tree=16
num_leaves=31
num_cat=0
split_feature=0 8 0 7 9 105 11 9 7 80 21 9 0 11 82 5 15 14 7 12 11 14 16 7 9 0 104 113 0 22
split_gain=34.1292 12.9085 12.1883 11.4907 6.99325 6.22085 5.95055 5.86185 5.13887 4.89769 5.23876 4.80482 4.6001 4.43312 4.30067 5.19228 7.21803 7.30605 7.46812 4.06161 4.60422 4.37939 3.98787 3.98349 4.40578 3.95265 3.7088 4.00219 4.85605 3.67245
threshold=11.23477077484131 1.0000000180025095e-35 5.4524297714233407 1.0000000180025095e-35 1.0000000180025095e-35 1.0000000180025095e-35 1.0000000180025095e-35 1.0000000180025095e-35 1.0000000180025095e-35 1.0000000180025095e-35 1.0000000180025095e-35 1.0000000180025095e-35 2.6105407476425175 1.0000000180025095e-35 1.0000000180025095e-35 1.0000000180025095e-35 1.0000000180025095e-35 1.0000000180025095e-35 1.0000000180025095e-35 1.0000000180025095e-35 1.0000000180025095e-35 1.0000000180025095e-35 1.0000000180025095e-35 1.0000000180025095e-35 1.0000000180025095e-35 5.4948666095733651 1.0000000180025095e-35 1.0000000180025095e-35 14.752909183502199 1.0000000180025095e-35
decision_type=2 2 2 2 2 2 2 2 2 2 2 2 2 2 2 2 2 2 2 2 2 2 2 2 2 2 2 2 2 2
left_child=1 3 4 6 12 9 7 25 26 10 14 -5 -3 29 15 23 17 18 -17 -14 21 -21 -18 -4 -25 -1 27 -2 -29 -12
right_child=8 2 5 11 -6 -7 -8 -9 -10 -11 13 -13 19 -15 -16 16 22 -19 -20 20 -22 -23 -24 24 -26 -27 -28 28 -30 -31
leaf_value=-0.0021303927841012367 -0.023941717677186929 0.096940205901520304 0.028428534204380414 -0.056213250191805841 0.095071305901183858 -0.063345205732815962 0.030321657011983499 0.016206861591860737 -0.05663240903701619 -0.034007334698527049 -0.12718844772861576 -0.0093751756230456996 0.048829459406130829 0.03573722876890207 0.10600320260709317 0.081342706688234942 -0.035090745558982776 0.01854451185336423 0.23063344658805307 -0.0073762248271960406 0.058990216451411441 -0.13450208587638526 0.075330452278008234 -0.063171190864058882 0.031080110501576354 -0.062028075680039069 -0.099762119009955588 0.12121484744807405 -0.065091549899083306 -0.011921242499210241
leaf_weight=21.920232832431793 116.82067581266165 10.586369663476942 37.19192211329937 41.891215749084949 33.532040312886238 10.135299853980539 91.970849961042404 57.668001338839531 73.690808475017548 16.113943055272102 5.0504839196801203 45.898871250450611 27.036134704947472 7.3951479047536841 7.5624365508556357 9.520991310477255 9.8673397153615934 8.7706881016492844 5.1704392060637483 9.042997673153879 6.2672828882932654 3.8693593740463248 4.8922729492187491 12.647704355418682 8.159085214138031 22.149467177689075 6.0826965868473044 4.1358249038457862 2.1142052859067917 6.1054431647062302
leaf_count=135 1075 57 174 396 172 49 434 280 786 81 27 282 142 35 35 43 47 44 29 47 32 21 23 86 43 191 55 32 22 31
internal_value=-0.000766302 0.0127956 0.029891 -0.00171373 0.0588582 0.0122797 0.0118876 -0.0047767 -0.0355607 0.017816 0.0246422 -0.0317251 0.0374805 -0.024304 0.0333913 0.0276843 0.0562997 0.0907671 0.133883 0.0238604 -0.0113366 -0.0454712 0.00150985 0.00882652 -0.0262119 -0.032235 -0.0235379 -0.0197706 0.0581928 -0.0641047
internal_weight=723.26 520.416 238.917 281.499 90.3342 148.583 193.709 101.738 202.844 138.448 122.334 87.7901 56.8021 18.5511 103.783 96.2204 38.2217 23.4621 14.6914 46.2158 19.1796 12.9124 14.7596 57.9987 20.8068 44.0697 129.153 123.071 6.25003 11.1559
internal_count=4906 2936 1218 1718 471 747 1040 606 1970 698 617 678 299 93 524 489 186 116 72 242 100 68 70 303 129 326 1184 1129 54 58
is_linear=0
shrinkage=0.1


Tree=17
num_leaves=31
num_cat=0
split_feature=0 11 7 127 8 156 9 11 1 8 80 15 22 8 9 78 26 14 0 80 78 7 113 74 0 82 74 26 5 81
split_gain=28.3409 11.6929 9.72146 6.73667 5.96108 5.40367 5.43355 4.68595 5.99034 4.58302 4.33807 4.02611 4.35333 3.94667 3.90743 3.8604 4.47406 3.78393 4.31379 3.97647 4.46598 3.75068 3.72886 3.72757 5.87475 3.72055 3.80781 6.3502 4.9284 4.87007
threshold=11.23477077484131 1.0000000180025095e-35 1.0000000180025095e-35 1.0000000180025095e-35 1.0000000180025095e-35 1.0000000180025095e-35 1.0000000180025095e-35 1.0000000180025095e-35 0.9887443780899049 1.0000000180025095e-35 1.0000000180025095e-35 1.0000000180025095e-35 1.0000000180025095e-35 1.0000000180025095e-35 1.0000000180025095e-35 1.0000000180025095e-35 1.0000000180025095e-35 1.0000000180025095e-35 5.7987680435180673 1.0000000180025095e-35 1.0000000180025095e-35 1.0000000180025095e-35 1.0000000180025095e-35 1.0000000180025095e-35 9.5071868896484393 1.0000000180025095e-35 1.0000000180025095e-35 1.0000000180025095e-35 1.0000000180025095e-35 1.0000000180025095e-35
decision_type=2 2 2 2 2 2 2 2 2 2 2 2 2 2 2 2 2 2 2 2 2 2 2 2 2 2 2 2 2 2
left_child=1 2 5 17 14 6 13 8 -2 -4 15 -8 -13 -1 -5 16 -11 18 -3 20 25 -6 -9 -19 -25 26 27 -20 29 -29
right_child=7 3 9 4 21 -7 11 22 -10 10 -12 12 -14 -15 -16 -17 -18 23 19 -21 -22 -23 -24 24 -26 -27 -28 28 -30 -31
leaf_value=-0.0332950362040592 -0.05085130634024107 0.13217048014750818 -0.054332094795198994 0.011392720538048177 0.11383089092449382 0.084508820426621195 0.042113177909990168 -0.021541384417394838 0.11815583145117328 0.048772157389969296 -0.10838581953196909 -0.013983268500995598 0.094290772933427039 0.0076803778548029892 0.060110569369664905 -0.092137067244486781 -0.017529964130863836 -0.033212498795277046 -0.014186222293500382 -0.042591450500706479 -0.056792636600720404 0.048403467297147847 0.064072302375717066 -0.014328695325108937 0.10177541156066897 0.11431579576450737 -0.0064622319599776856 0.09440174823225278 0.12858916943360166 -0.02328331034037355
leaf_weight=40.568281218409538 102.96367691457272 3.6640238463878623 39.916816078126431 42.790313392877579 17.308341160416603 9.4256326109170896 53.315207593142986 86.877709284424782 2.1408107578754416 16.7520751953125 4.0487779378890982 31.574356123805046 4.2083425968885413 55.890857577323914 26.75829316675663 4.1862776875495902 25.933227106928825 27.696094945073128 11.103361569344996 8.6821250319480878 5.5139037221670142 17.74407134950161 5.4037571921944609 13.342179849743845 6.4721111208200446 5.6721974685788146 19.357305653393269 7.3641165345907211 10.548646681010723 6.7298478782176971
leaf_count=312 1109 17 429 194 112 48 266 799 19 93 26 154 20 266 133 26 157 136 54 44 28 74 43 63 40 27 95 36 52 34
internal_value=-0.000740288 0.0115756 -0.00194256 0.0283203 0.0470842 0.0106453 0.00689334 -0.0329716 -0.0474089 -0.0289626 -0.00907525 0.0246983 -0.00124934 -0.00955285 0.0301365 -0.000496784 0.00849066 0.0127611 0.0262234 0.0210455 0.0293803 0.0807105 -0.0165281 -0.00952067 0.0235954 0.0371984 0.0292601 0.0486046 0.0768966 0.0382073
internal_weight=713.953 516.567 285.82 230.747 104.601 194.983 185.557 197.386 105.104 90.8372 50.9204 89.0979 35.7827 96.4591 69.5486 46.8716 42.6853 126.146 78.6355 74.9715 66.2894 35.0524 92.2815 47.5104 19.8143 60.7755 55.1033 35.746 24.6426 14.094
internal_count=4906 2936 1797 1139 513 1066 1018 1970 1128 731 302 440 174 578 327 276 250 626 387 370 326 186 842 239 103 298 271 176 122 70
is_linear=0
shrinkage=0.1


Tree=18
num_leaves=31
num_cat=0
split_feature=1 5 8 0 1 0 9 99 95 24 11 139 11 61 100 7 16 0 0 10 1 7 14 16 9 95 168 67 0 6
split_gain=24.0788 12.0194 7.43972 7.43347 6.82969 5.4971 5.43657 5.3811 5.56449 5.14966 6.00791 5.24863 5.13964 5.2434 5.23982 4.94965 5.59784 7.59916 6.20001 5.14946 4.69849 4.53015 4.51021 5.38731 4.36127 4.35181 4.15505 4.29709 4.05445 4.03207
threshold=-0.059852460399270051 1.0000000180025095e-35 1.0000000180025095e-35 3.0266940593719487 0.64194995164871227 2.4503763914108281 1.0000000180025095e-35 1.0000000180025095e-35 1.0000000180025095e-35 1.0000000180025095e-35 1.0000000180025095e-35 1.0000000180025095e-35 1.0000000180025095e-35 1.0000000180025095e-35 1.0000000180025095e-35 1.0000000180025095e-35 1.0000000180025095e-35 5.6960985660552987 6.2258727550506601 1.0000000180025095e-35 -0.10076811909675597 1.0000000180025095e-35 1.0000000180025095e-35 1.0000000180025095e-35 1.0000000180025095e-35 1.0000000180025095e-35 1.0000000180025095e-35 1.0000000180025095e-35 4.0835044384002694 1.0000000180025095e-35
decision_type=2 2 2 2 2 2 2 2 2 2 2 2 2 2 2 2 2 2 2 2 2 2 2 2 2 2 2 2 2 2
left_child=1 5 6 -3 9 -1 -2 -6 21 -4 11 -11 14 22 20 16 17 25 -19 -18 -7 -9 23 -14 -25 -5 -8 -28 -17 -21
right_child=2 3 4 15 7 12 26 8 -10 10 -12 -13 13 -15 -16 28 19 18 -20 29 -22 -23 -24 24 -26 -27 27 -29 -30 -31
leaf_value=0.054550771046291184 -0.05249960010654952 0.085166478944937785 -0.076339726750156683 0.071789362783961391 -0.069225483030225285 -0.028826322278995033 -0.02291140373650314 0.15104335532683494 -0.11340059085059347 0.0034921536808745577 0.039774048385599579 -0.081194774657473601 -0.0097332457703647787 0.050614234850625606 0.095958739215544292 -0.062393966502814403 0.096892273220596695 -0.12092828241069123 0.0039911109216657992 0.061965607536812954 0.061093422635453178 -0.027907436855779063 -0.033599747909035527 0.020832071417503397 0.11786182497117265 -0.04147760604360478 0.15212440843948705 -0.02085413509054215 0.014408728743897134 -0.042449409046147184
leaf_weight=17.59231860935688 89.983047593384981 26.199306778609753 7.0078737065196028 24.972058176994327 24.035824708640579 96.16350844502449 71.606523029506207 3.384968899190425 2.1076704785227776 52.381013840436935 45.232692070305347 8.5068845748901349 29.930986538529396 26.466198191046715 3.8155499957501879 8.8946698978543264 24.18116533011198 4.6816139519214657 26.254240043461323 10.079306997358797 6.1846949979662886 2.4303035959601402 27.33802005648613 12.214915916323664 7.4623906165361396 3.9252422600984564 2.8671552017331114 2.877337709069252 30.24903404340148 5.8417661711573592
leaf_count=98 929 138 57 127 278 608 649 31 21 385 286 61 140 126 23 58 117 22 119 49 34 29 132 59 39 19 24 24 194 30
internal_value=-0.000703756 0.0157871 -0.0214187 0.0363042 -0.00484628 0.0008597 -0.0357878 -0.0456666 0.0258039 0.00668546 0.0121682 -0.00833979 -0.00364725 0.0122198 -0.0191031 0.0270997 0.0389064 0.0195304 -0.0149133 0.0678156 -0.0233927 0.0762567 -0.000986184 0.0169864 0.0576295 0.0564038 -0.0163469 0.0654818 -0.00304324 0.0236536
internal_weight=704.868 392.447 312.421 165.278 145.087 227.169 167.334 31.9588 7.92294 113.128 106.121 60.8879 209.576 103.413 106.164 139.079 99.9354 59.8332 30.9359 40.1022 102.348 5.81527 76.9463 49.6083 19.6773 28.8973 77.351 5.74449 39.1437 15.9211
internal_count=4906 2132 2774 873 1148 1259 1626 359 81 789 732 446 1161 496 665 735 483 287 141 196 642 60 370 238 98 146 697 48 252 79
is_linear=0
shrinkage=0.1


Tree=19
num_leaves=31
num_cat=0
split_feature=1 9 142 8 0 8 7 11 11 61 0 1 65 23 84 113 8 0 0 21 83 7 61 16 83 8 0 7 67 26
split_gain=20.0297 10.2771 7.30372 7.6489 6.4156 6.77353 5.70145 5.20124 4.76947 4.16043 5.06794 5.03996 3.8349 4.43055 5.34369 5.0449 4.44595 3.81308 4.78319 4.55106 4.19323 3.66713 3.69763 3.58093 3.38528 4.57127 3.36911 3.48454 3.34031 5.97488
threshold=0.18290363997220996 1.0000000180025095e-35 1.0000000180025095e-35 1.0000000180025095e-35 5.3483915328979501 1.0000000180025095e-35 1.0000000180025095e-35 1.0000000180025095e-35 1.0000000180025095e-35 1.0000000180025095e-35 10.035592079162599 -0.39082820713520044 1.0000000180025095e-35 1.0000000180025095e-35 1.0000000180025095e-35 1.0000000180025095e-35 1.0000000180025095e-35 4.8090348243713388 4.3367555141448983 1.0000000180025095e-35 1.0000000180025095e-35 1.0000000180025095e-35 1.0000000180025095e-35 1.0000000180025095e-35 1.0000000180025095e-35 1.0000000180025095e-35 5.7987680435180673 1.0000000180025095e-35 1.0000000180025095e-35 1.0000000180025095e-35
decision_type=2 2 2 2 2 2 2 2 2 2 2 2 2 2 2 2 2 2 2 2 2 2 2 2 2 2 2 2 2 2
left_child=1 2 3 7 5 23 12 21 17 11 -11 -6 13 -2 15 28 -16 18 -5 20 -19 22 -1 -3 -13 -26 27 -10 29 -15
right_child=6 4 -4 8 9 -7 -8 -9 26 10 -12 24 -14 14 16 -17 -18 19 -20 -21 -22 -23 -24 -25 25 -27 -28 -29 -30 -31
leaf_value=-0.0086755903372938148 -0.05802347723291218 0.010586207156164339 -0.14165244792708209 0.011323105498240719 -0.11152070058030202 0.08597773746001347 -0.048637269903160564 -0.0010734778380250129 0.11202357344906824 0.024052719054308135 0.12759308421452362 0.014559027329689792 -0.068540753776494934 0.04036309176161168 -0.0073879559890115062 0.088070502541593321 0.16333943467798787 -0.017573735404875446 0.12065854758177615 -0.087125865382528103 0.061519520516655969 -0.085701304520185526 -0.07883636877580058 0.061441299916123543 -0.086026264837721134 0.024610994436753311 0.016940797230157924 0.034776254699705571 -0.02970700048319453 -0.03264155881581348
leaf_weight=29.97497297078371 16.122018024325371 40.646462596952915 3.7226381078362456 22.749806031584743 3.9608987122774115 29.798603564500809 74.515740394592285 75.819573596119881 9.9418694004416466 39.342337146401405 5.3728794381022444 61.737887620925903 11.885666862130163 24.846038036048412 2.7198332026600829 5.2628276944160453 3.4730085954070091 37.200961716473103 4.8551833853125563 7.5597950369119635 8.1762276515364629 14.014182750135658 10.023512549698351 20.99953205883503 8.622789338231085 6.5875961482524863 31.405666008591652 14.151901066303253 52.123353555798531 20.42753654718399
leaf_count=216 163 206 22 126 17 165 854 372 70 198 34 318 141 229 25 43 25 200 26 40 41 228 86 111 48 30 146 58 477 191
internal_value=-0.000676573 0.0104872 -0.00255234 -0.000604722 0.026682 0.0468321 -0.0263796 -0.017967 0.0159651 0.0120143 0.0364939 -0.00151451 -0.0142611 -0.00909883 -0.00185266 -0.00729451 0.0883577 0.000422164 0.0305531 -0.0152902 -0.00332242 -0.041681 -0.0262577 0.0279098 0.00414804 -0.0381094 0.0385213 0.066651 -0.0124475 0.00742323
internal_weight=698.041 486.665 269.596 265.874 217.069 91.4446 211.376 129.832 136.041 125.624 44.7152 80.9092 136.86 124.975 108.853 102.66 6.19284 80.542 27.605 52.937 45.3772 54.0127 39.9985 61.646 76.9483 15.2104 55.4994 24.0938 97.3969 45.2736
internal_count=4906 2758 1631 1609 1127 482 2148 902 707 645 232 413 1294 1153 990 940 50 433 152 281 241 530 302 317 396 78 274 128 897 420
is_linear=0
shrinkage=0.1


Tree=20
num_leaves=31
num_cat=0
split_feature=1 5 212 8 0 7 0 0 99 51 9 14 17 11 7 12 36 1 9 0 16 1 1 0 168 7 22 16 15 139
split_gain=16.9172 10.2757 7.07336 6.03257 5.84488 4.9102 5.89915 4.85297 5.63802 4.56052 4.45652 4.35802 4.32081 3.84432 3.8241 3.73604 6.21689 5.38187 5.02747 4.53664 5.06469 4.08267 3.63787 3.58576 3.53277 3.41595 3.15124 3.199 4.83829 3.14517
threshold=-0.059852460399270051 1.0000000180025095e-35 1.0000000180025095e-35 1.0000000180025095e-35 3.0266940593719487 1.0000000180025095e-35 2.4503763914108281 14.867898464202883 1.0000000180025095e-35 1.0000000180025095e-35 1.0000000180025095e-35 1.0000000180025095e-35 1.0000000180025095e-35 1.0000000180025095e-35 1.0000000180025095e-35 1.0000000180025095e-35 1.0000000180025095e-35 -0.27872842550277704 1.0000000180025095e-35 3.639972567558289 1.0000000180025095e-35 -0.22138565033674237 0.98357290029525768 15.727583885192873 1.0000000180025095e-35 1.0000000180025095e-35 1.0000000180025095e-35 1.0000000180025095e-35 1.0000000180025095e-35 1.0000000180025095e-35
decision_type=2 2 2 2 2 2 2 2 2 2 2 2 2 2 2 2 2 2 2 2 2 2 2 2 2 2 2 2 2 2
left_child=1 5 3 10 -3 6 -1 12 22 -10 25 14 -5 -14 29 16 19 -18 21 20 -8 -17 -9 -11 -12 -2 27 28 -13 -6
right_child=2 4 -4 7 11 -7 15 8 9 23 24 26 13 -15 -16 18 17 -19 -20 -21 -22 -23 -24 -25 -26 -27 -28 -29 -30 -31
leaf_value=0.080934739509152864 -0.034225680720597305 0.076024683375295998 0.12415064568539723 -0.11650509869809118 0.044600616899252245 -0.02021852382511374 -0.072703465334196943 -0.079270428504016568 0.15229652115289039 0.087188471247334046 -0.022010596813483378 0.0052083682001573053 -0.0087590800891924059 0.029156138953402362 0.0055094143280327336 -0.057338184821355526 0.06206918657328158 -0.060066903687071266 0.019029377210428692 0.054863966154915893 0.044811260349115492 0.031686441463744629 0.079500540953779619 -0.082879596184954593 0.058617780600948181 -0.07643104460049524 0.059949980863961465 0.026572140009187561 -0.081694801111381346 0.13324777462424553
leaf_weight=10.978595450520514 53.908080145716667 25.732946388423443 3.4427786096930495 2.8741362988948813 58.255113184452057 81.852456118911505 6.8986513912677747 19.790896922349937 2.2477526292204848 2.0059784427285194 69.041350603103638 14.974214922636747 61.550116643309593 47.286679297685623 26.741289369761944 26.520647324621677 4.8246230855584171 14.305054701864718 25.618504345417023 39.206842869520187 7.8302152678370476 6.39321195334196 1.5566364005208004 3.245681144297123 5.8985143825411788 29.765269454568624 7.3757523521780959 14.50753979757428 11.196943666785955 4.2976112812757483
leaf_count=60 536 138 24 27 286 531 37 252 22 22 643 81 463 301 172 143 22 67 126 197 44 32 16 33 48 387 39 74 62 21
internal_value=-0.000651398 0.0131844 -0.0183687 -0.0200088 0.0322873 -0.000696794 0.0105105 -0.00492419 -0.0414899 0.0330989 -0.0333763 0.0240929 0.00451812 0.00771407 0.0371603 0.00463538 0.0197162 -0.0292634 -0.0141898 0.037088 -0.0102298 -0.040046 -0.067693 -0.0179186 -0.0156643 -0.0492395 -0.000188708 -0.0110929 -0.0319719 0.050691
internal_weight=690.124 387.51 302.614 299.171 163.081 224.429 142.576 140.558 28.8469 7.49941 158.613 137.348 111.711 108.837 89.294 131.598 73.0654 19.1297 58.5324 53.9357 14.7289 32.9139 21.3475 5.25166 74.9399 83.6733 48.0545 40.6787 26.1712 62.5527
internal_count=4906 2132 2774 2750 873 1259 728 1136 345 77 1614 735 791 764 479 668 367 89 301 278 81 175 268 55 691 923 256 217 143 307
is_linear=0
shrinkage=0.1


Tree=21
num_leaves=31
num_cat=0
split_feature=0 11 7 5 0 15 8 0 11 63 49 88 9 80 8 0 1 102 22 78 26 134 0 1 113 5 14 12 67 7
split_gain=14.1855 8.05803 6.47007 4.63709 4.62966 4.50431 4.12767 4.23413 3.92741 5.60616 9.32699 3.84264 4.25032 3.76885 3.55884 3.38108 5.18979 4.1185 3.31576 3.17336 3.67533 3.30658 3.11875 3.42389 2.92897 2.9007 3.05556 3.90515 3.12547 2.89322
threshold=11.23477077484131 1.0000000180025095e-35 1.0000000180025095e-35 1.0000000180025095e-35 7.4620122909545907 1.0000000180025095e-35 1.0000000180025095e-35 5.07460641860962 1.0000000180025095e-35 1.0000000180025095e-35 1.0000000180025095e-35 1.0000000180025095e-35 1.0000000180025095e-35 1.0000000180025095e-35 1.0000000180025095e-35 16.425735473632816 0.80591678619384777 1.0000000180025095e-35 1.0000000180025095e-35 1.0000000180025095e-35 1.0000000180025095e-35 1.0000000180025095e-35 9.9206023216247576 -0.030344513244926926 1.0000000180025095e-35 1.0000000180025095e-35 1.0000000180025095e-35 1.0000000180025095e-35 1.0000000180025095e-35 1.0000000180025095e-35
decision_type=2 2 2 2 2 2 2 2 2 2 2 2 2 2 2 2 2 2 2 2 2 2 2 2 2 2 2 2 2 2
left_child=1 2 6 -3 -5 -6 11 25 9 29 -11 12 18 14 -4 16 17 24 -1 20 -16 -22 23 -14 -10 26 28 -28 -8 -2
right_child=8 3 13 4 5 -7 7 -9 15 10 -12 -13 22 -15 19 -17 -18 -19 -20 -21 21 -23 -24 -25 -26 -27 27 -29 -30 -31
leaf_value=-0.038441393787482458 -0.033583747169988458 0.011327522668002703 -0.044745312066560773 0.059934098905226656 0.040456318575981705 -0.038642796976416746 0.13336747636421262 0.0080440638484017089 -0.017695971129580875 -0.017242996208409113 0.21637424802914601 -0.10069213127213486 0.016531217379496622 -0.094769695563087467 0.042101087554245117 -0.056030105088996654 0.14580420006777553 0.082990559587810334 0.048196298806463596 -0.088451731233689102 -0.0028595711187404168 -0.10386145901273457 0.10442336129094519 -0.077821498162843283 0.069303658749890001 0.10222597297865366 0.054534299446878598 -0.087483613802109006 0.024657352759334002 -0.072379855067755891
leaf_weight=35.423455812036991 53.569949641823769 144.38427980989218 33.124762311577797 50.205858647823334 19.077875599265099 11.562368653714659 4.2773970812559146 64.035045504570007 61.973610870540142 8.5632816031575185 2.1350481063127509 4.2135505452752104 46.555788725614548 7.3024595864117137 16.989375710487366 13.112751439213751 2.3346766158938399 4.8737952187657347 5.0467750877141944 3.8770742267370215 21.757471852004532 3.8087081536650649 3.6513370797038069 4.1923480480909339 4.1274501085281363 8.8066774383187312 3.9248829632997504 3.8213319033384323 6.9286075979471207 29.979903042316437
leaf_count=281 593 730 383 254 98 57 24 301 574 104 25 26 204 72 93 172 27 39 33 26 130 27 33 29 30 57 23 19 36 406
internal_value=-0.000624555 0.00800886 -0.00338946 0.0220644 0.0412396 0.0106076 0.00690658 0.0221847 -0.0246591 -0.0387775 0.0293796 -0.00724753 -0.00309727 -0.0260153 -0.0197045 -0.00926219 -0.000896898 -0.00572255 -0.0276374 -0.00184047 0.00605035 -0.0179063 0.0151592 0.00873666 -0.0122636 0.0548046 0.0327689 -0.0155254 0.0661526 -0.0475048
internal_weight=683.638 502.967 277.737 225.23 80.8461 30.6402 190.877 91.7939 180.67 94.2482 10.6983 99.0833 94.8697 86.8599 79.5574 86.4223 73.3095 70.9749 40.4702 46.4326 42.5556 25.5662 54.3995 50.7481 66.1011 27.7589 18.9522 7.74621 11.206 83.5499
internal_count=4906 2936 1797 1139 409 155 1066 460 1970 1128 129 606 580 731 659 842 670 643 314 276 250 157 266 233 604 159 102 42 60 999
is_linear=0
shrinkage=0.1


Tree=22
num_leaves=31
num_cat=0
split_feature=0 8 7 5 98 84 11 91 7 65 8 24 77 10 26 5 1 73 0 0 27 9 132 9 0 67 53 13 73 0
split_gain=12.2251 7.033 6.39631 5.30983 5.68828 4.67931 4.82217 4.59638 4.33184 4.1485 4.79017 4.16899 3.8309 3.67112 3.5687 5.93101 5.08639 3.24015 3.20915 7.95354 3.32603 3.17934 4.09495 3.1107 4.40322 3.56276 3.12957 3.09819 3.55124 11.6488
threshold=5.6454484462738046 1.0000000180025095e-35 1.0000000180025095e-35 1.0000000180025095e-35 1.0000000180025095e-35 1.0000000180025095e-35 1.0000000180025095e-35 1.0000000180025095e-35 1.0000000180025095e-35 1.0000000180025095e-35 1.0000000180025095e-35 1.0000000180025095e-35 1.0000000180025095e-35 1.0000000180025095e-35 1.0000000180025095e-35 1.0000000180025095e-35 -0.43676325678825373 1.0000000180025095e-35 13.474332809448244 13.151266574859621 1.0000000180025095e-35 1.0000000180025095e-35 1.0000000180025095e-35 1.0000000180025095e-35 5.9260780811309823 1.0000000180025095e-35 1.0000000180025095e-35 1.0000000180025095e-35 1.0000000180025095e-35 9.5071868896484393
decision_type=2 2 2 2 2 2 2 2 2 2 2 2 2 2 2 2 2 2 2 2 2 2 2 2 2 2 2 2 2 2
left_child=1 3 9 -1 21 6 14 23 -8 10 18 13 -13 -12 15 -3 -16 -11 19 -2 -20 22 -5 25 -25 -4 -27 28 -26 -30
right_child=2 5 7 4 -6 -7 8 -9 -10 17 11 12 -14 -15 16 -17 -18 -19 20 -21 -22 -23 -24 24 27 26 -28 -29 29 -31
leaf_value=-0.013135535697401233 -0.0085585178225917949 0.0085735809721599974 -0.067500577313058197 0.03759237783311048 -0.078906045547886217 0.14034311877192526 0.11035222925302246 0.081861490250426772 0.034613513380078474 -0.10905513523736708 -0.11187235583860333 0.020683107555253939 -0.086072191676446239 0.017436198207305378 0.014394447197569812 0.12242793530264112 -0.089994030719810256 0.0025160787969188254 0.082470602361898959 0.15832516201864189 -0.048290461598766855 0.063246503857435715 -0.0443590686780031 -0.14192795317053247 -0.016071856284728802 -0.011477847945235558 -0.076429203661950385 -0.039531257237230846 -0.054429000891138141 0.11712925795430862
leaf_weight=77.738335773348808 112.653045989573 12.1753565967083 34.3506681881845 21.445083394646645 4.6864867731928816 4.4172998443245879 12.99041783064604 3.7709472663700572 18.03648079931736 6.284786254167555 4.8164313212037069 130.50769701600075 3.4502801373600951 4.0348063558340073 29.896600313484669 7.3299316689372054 5.5313190072774878 4.4430619701743126 2.0783245936036101 2.9301129952073088 30.374021403491497 23.805938549339771 8.5195595249533671 2.5726957991719237 25.017826952040195 36.101696256548166 9.336984954774378 21.163282986730337 6.8955092728137997 9.2901416718959791
leaf_count=461 755 63 400 124 26 25 105 34 76 85 43 770 21 36 173 39 28 56 26 28 355 126 52 15 205 334 133 185 38 89
internal_value=-0.000605745 0.0183388 -0.0101427 0.00398668 0.0267564 0.0399668 0.0348087 -0.0271312 0.066324 -0.00177721 0.000475341 0.0135415 0.0179335 -0.0529275 0.0170085 0.0513591 -0.0019036 -0.0628466 -0.0121296 -0.0043279 -0.0399162 0.0359657 0.0142919 -0.0299711 -0.0137205 -0.0431972 -0.0248244 -0.00843177 0.00754181 0.044041
internal_weight=676.645 226.573 450.072 136.195 58.4571 90.3774 85.9601 148.5 31.0269 301.573 290.845 142.809 133.958 8.85124 54.9332 19.5053 35.4279 10.7278 148.036 115.583 32.4523 53.7706 29.9646 144.729 64.9395 79.7893 45.4387 62.3668 41.2035 16.1857
internal_count=4906 1298 3608 789 328 509 484 1433 181 2175 2034 870 791 79 303 102 201 141 1164 783 381 302 176 1399 532 867 467 517 332 127
is_linear=0
shrinkage=0.1


Tree=23
num_leaves=31
num_cat=0
split_feature=1 5 11 78 12 208 1 0 100 0 14 0 7 138 1 1 53 99 0 0 0 16 0 93 19 84 10 79 16 6
split_gain=10.4249 6.87316 5.48432 5.58597 5.32651 5.12458 4.93859 4.85757 4.52266 4.4866 4.72666 4.36783 4.16795 5.07217 3.99957 4.65145 3.90866 4.19461 5.54806 3.89582 4.1873 3.85758 4.80146 3.8289 4.03783 4.51942 5.11898 5.90264 4.93295 9.16883
threshold=-0.070803865790367113 1.0000000180025095e-35 1.0000000180025095e-35 1.0000000180025095e-35 1.0000000180025095e-35 1.0000000180025095e-35 0.9887443780899049 8.1492128372192401 1.0000000180025095e-35 2.4503763914108281 1.0000000180025095e-35 3.0266940593719487 1.0000000180025095e-35 1.0000000180025095e-35 0.82082289457321178 0.74416303634643566 1.0000000180025095e-35 1.0000000180025095e-35 12.992471218109133 13.419575691223146 12.746064186096193 1.0000000180025095e-35 5.6960985660552987 1.0000000180025095e-35 1.0000000180025095e-35 1.0000000180025095e-35 1.0000000180025095e-35 1.0000000180025095e-35 1.0000000180025095e-35 1.0000000180025095e-35
decision_type=2 2 2 2 2 2 2 2 2 2 2 2 2 2 2 2 2 2 2 2 2 2 2 2 2 2 2 2 2 2
left_child=1 7 5 4 23 6 16 8 9 -1 -11 -3 13 21 15 19 -2 -18 -19 20 -6 22 -13 24 25 26 27 28 -4 -30
right_child=2 11 3 -5 14 -7 -8 -9 -10 10 -12 12 -14 -15 -16 -17 17 18 -20 -21 -22 -23 -24 -25 -26 -27 -28 -29 29 -31
leaf_value=0.044035690638381808 -0.020510783750948985 0.06499228198047402 -0.0036113576949180731 -0.088948986395938873 -0.019951007128708263 0.13075011709541315 0.12313596139953815 0.090492662715362437 0.091282612654719889 0.0023313741887365722 -0.030228502344209464 0.038375456331054374 -0.0089780311178135931 0.087661505480008006 -0.10864121118754602 0.11602146086866152 -0.072641108929611828 0.12779841997894822 -0.037696056120990556 -0.073894668659955018 0.075897372567141116 0.04763563949938017 -0.025159588663513602 -0.062556719608491893 0.15007974193802198 0.11484234031697227 -0.018093660719486229 0.14382546902917498 0.007382961791291995 0.17159497857547593
leaf_weight=16.667755410075188 104.16137652099133 24.854501537978649 24.504599452018738 6.7494481131434432 26.035672381520275 2.0241351239383212 2.0940374433994284 5.654152385890483 4.9236100129783145 116.90341232717037 72.072189524769783 21.417906366288662 37.361562214791775 13.32512231171131 4.7927253060042849 2.6485540568828574 35.719260506331921 2.4848491661250582 10.962630089372395 10.340901672840117 5.5251571536064139 32.598246566951275 26.750519640743732 5.3314693942666045 2.4991306588053694 4.80392201244831 28.713307488709688 4.5699048377573481 8.8977928869426233 5.5031793229281893
leaf_count=98 969 138 203 44 167 20 19 29 29 662 421 118 244 65 68 32 490 25 136 112 40 166 125 44 19 33 235 31 80 44
internal_value=-0.000582887 0.010573 -0.0145119 -0.000180868 0.00428475 -0.0273382 -0.0293971 -0.000975915 -0.00343203 -0.00569973 -0.0100864 0.0265485 0.0192798 0.0305003 -0.0218395 -0.0125014 -0.0314802 -0.0547194 -0.00711569 -0.0206252 -0.00317143 0.0210697 0.00309103 0.0194817 0.0249839 0.0209234 0.0146734 0.0363144 0.0236859 0.0701348
internal_weight=670.891 372.529 298.362 140.916 134.166 157.446 155.422 216.221 210.567 205.643 188.976 156.308 131.453 94.0918 49.343 44.5503 153.328 49.1667 13.4475 41.9017 31.5608 80.7667 48.1684 84.8233 79.4918 76.9927 72.1888 43.4755 38.9056 14.401
internal_count=4906 2095 2811 1152 1108 1659 1639 1239 1210 1181 1083 856 718 474 419 351 1620 651 161 319 207 409 243 689 645 626 593 358 327 124
is_linear=0
shrinkage=0.1


Tree=24
num_leaves=31
num_cat=0
split_feature=7 0 9 8 44 8 11 80 65 8 0 104 13 11 26 0 93 73 5 99 0 14 53 1 73 5 9 133 11 151
split_gain=9.08257 7.89239 6.07493 5.21289 4.75373 4.71262 3.85321 4.68397 3.71227 4.14209 3.72841 3.72101 3.69664 3.79555 7.07619 5.80334 3.40416 3.21455 3.21681 3.18094 3.59415 3.1557 3.4452 9.51511 5.34868 3.10024 3.07869 3.44574 2.96369 5.06353
threshold=1.0000000180025095e-35 4.8090348243713388 1.0000000180025095e-35 1.0000000180025095e-35 1.0000000180025095e-35 1.0000000180025095e-35 1.0000000180025095e-35 1.0000000180025095e-35 1.0000000180025095e-35 1.0000000180025095e-35 4.8911705017089853 1.0000000180025095e-35 1.0000000180025095e-35 1.0000000180025095e-35 1.0000000180025095e-35 2.6652977466583256 1.0000000180025095e-35 1.0000000180025095e-35 1.0000000180025095e-35 1.0000000180025095e-35 10.788501262664797 1.0000000180025095e-35 1.0000000180025095e-35 0.63586583733558666 1.0000000180025095e-35 1.0000000180025095e-35 1.0000000180025095e-35 1.0000000180025095e-35 1.0000000180025095e-35 1.0000000180025095e-35
decision_type=2 2 2 2 2 2 2 2 2 2 2 2 2 2 2 2 2 2 2 2 2 2 2 2 2 2 2 2 2 2
left_child=1 5 3 6 -3 12 -2 -8 9 10 -6 16 13 14 -1 -16 21 -10 -19 -12 -21 22 -11 24 -24 -17 -14 -28 29 -4
right_child=2 4 28 -5 8 -7 7 -9 17 11 19 -13 26 -15 15 25 -18 18 -20 20 -22 -23 23 -25 -26 -27 27 -29 -30 -31
leaf_value=-0.081166345553415398 -0.087681101890188018 -0.060626843031186421 -0.020830953261535883 -0.013457697166278799 -0.11555275355040762 0.063073814307598175 -0.045972191995446519 0.07844474474590607 -0.10825584619899682 0.025865881650515222 0.0014725961786975527 -0.083403604282505081 -0.032633651560893456 0.073108117198897815 0.15737860444357832 -0.056991158886510566 -0.053669330189826558 -0.06869761603573496 0.10679501996647212 0.0032835527975169677 -0.074221096510942094 0.0034815132696635331 0.087652025467152034 -0.01000450428905952 0.269167433547922 0.052323401111266245 0.059128584149811897 -0.046093457762156897 0.020511358430736943 0.11776594095401011
leaf_weight=6.049242042005063 21.552959926426411 12.348010350018738 53.408401500433683 69.149161618202925 3.0768613666295996 32.826035939157009 30.11624925583601 3.3638847917318335 5.5382437705993635 72.792442612349987 136.73902697116137 3.639112912118434 19.430288270115852 17.490054823458195 3.6138878762722024 4.1437589973211271 6.1804520562291136 2.4108477532863617 1.8429629094898698 11.239537343382837 12.794217385351656 54.984944902360439 3.8287008255720121 5.8817930370569229 2.8183731660246849 6.9388339221477509 10.454185120761393 4.4314553886651984 44.711479190737009 2.772864654660224
leaf_count=32 397 115 444 533 14 229 258 25 83 382 981 25 99 93 17 24 52 30 24 82 137 322 30 69 22 32 51 23 260 21
internal_value=-0.000578709 0.00775587 -0.0169273 -0.0317357 0.000269481 0.0316346 -0.054702 -0.0334715 0.00259198 0.00448298 -0.0065113 0.0164823 0.01741 0.0387942 0.00986514 0.0473348 0.0189637 -0.0580417 0.00733455 -0.00442447 -0.0379756 0.0221632 0.0342025 0.0826382 0.164615 0.0114509 -0.00641688 0.027804 0.00129934 -0.0139904
internal_weight=666.568 441.493 225.075 124.182 336.116 105.378 55.0331 33.4801 323.768 313.975 163.85 150.126 72.5517 38.2358 20.7457 14.6965 146.487 9.79205 4.25381 160.773 24.0338 140.306 85.3213 12.5289 6.64707 11.0826 34.3159 14.8856 100.893 56.1813
internal_count=4906 2968 1938 1213 2368 600 680 283 2253 2116 1214 902 371 198 105 73 877 137 54 1200 219 825 503 121 52 56 173 74 725 465
is_linear=0
shrinkage=0.1


Tree=25
num_leaves=31
num_cat=0
split_feature=11 53 0 8 9 26 63 67 7 88 95 0 138 0 14 80 7 12 1 64 91 78 74 61 16 26 8 8 0 5
split_gain=8.29368 6.17874 6.01059 5.32604 6.77211 4.86646 4.03792 5.5484 3.81023 3.57157 4.26637 3.35135 3.11996 3.09694 3.79009 3.7615 3.72383 4.74757 3.62823 5.15419 3.53329 4.72528 3.49331 3.23992 3.18362 3.11426 4.12861 3.02413 4.50225 3.01953
threshold=1.0000000180025095e-35 1.0000000180025095e-35 6.0766596794128427 1.0000000180025095e-35 1.0000000180025095e-35 1.0000000180025095e-35 1.0000000180025095e-35 1.0000000180025095e-35 1.0000000180025095e-35 1.0000000180025095e-35 1.0000000180025095e-35 2.2026009559631352 1.0000000180025095e-35 16.425735473632816 1.0000000180025095e-35 1.0000000180025095e-35 1.0000000180025095e-35 1.0000000180025095e-35 0.74416303634643566 1.0000000180025095e-35 1.0000000180025095e-35 1.0000000180025095e-35 1.0000000180025095e-35 1.0000000180025095e-35 1.0000000180025095e-35 1.0000000180025095e-35 1.0000000180025095e-35 1.0000000180025095e-35 5.405886411666871 1.0000000180025095e-35
decision_type=2 2 2 2 2 2 2 2 2 2 2 2 2 2 2 2 2 2 2 2 2 2 2 2 2 2 2 2 2 2
left_child=1 3 5 4 8 12 -3 -8 -1 10 29 -5 -2 14 15 18 17 -16 19 20 21 22 -4 -17 -20 26 -19 -7 -29 -6
right_child=2 6 13 11 9 27 7 -9 -10 -11 -12 -13 -14 -15 16 23 -18 25 24 -21 -22 -23 -24 -25 -26 -27 -28 28 -30 -31
leaf_value=-0.029874464757557496 0.077167783999613437 -0.052099529730424636 0.041572633724066221 0.1063662793141683 -0.0064050356232460874 0.0024279413411068228 0.19327641912439783 -0.056763012010828257 -0.086616549680205088 -0.095625175220466263 -0.068853208369641358 0.0051070914890177701 0.00030639412162864442 -0.048757759658745035 0.021772634847365205 -0.078663880215093518 -0.051375793305898546 -0.066872171151323948 0.02341285564164941 -0.077561150864102688 0.12668541125212349 -0.07485043302186789 0.0006901237508706577 0.026848618651877411 0.19069445751263714 -0.086640854672028478 0.087739288173868585 0.068516268597207455 -0.034169414412301612 0.033999600429083114
leaf_weight=47.611553516238928 26.929306030273438 45.184211753308773 50.605064086616039 3.3400665894150725 44.654097337275743 50.964696355164051 1.6444898545742026 1.9278397038578987 15.748739048838614 3.8190130069851866 7.471191592514514 152.58137327805161 6.5695855095982543 11.723581671714781 32.919442553073168 7.4287737384438497 19.54596871137619 3.7750524803996059 2.233301516622304 5.4123764708638182 3.1631862223148337 5.048544079065322 35.607050105929375 4.7845944985747337 2.3190866485238075 8.3813045248389244 3.1836619153618813 18.850094653666023 5.5202307701110831 31.574170555919409
leaf_count=417 141 623 304 22 304 252 22 28 316 23 56 920 34 172 199 47 164 26 26 56 19 30 235 32 27 54 18 119 26 194
internal_value=-0.00056214 -0.0109398 0.0115371 -0.00568469 -0.0190788 0.0303834 -0.0440077 0.0583404 -0.0439782 -0.00105248 0.00326266 0.00727621 0.0620942 0.00107929 0.00424765 0.01518 -0.0145523 0.000361916 0.0213236 0.0173425 0.0227824 0.019181 0.0246875 -0.0373293 0.10863 -0.0455852 0.00386368 0.0162827 0.0452565 0.0103308
internal_weight=660.522 355.557 304.965 306.8 150.879 108.834 48.7565 3.57233 63.3603 87.5185 83.6995 155.921 33.4989 196.131 184.407 116.602 67.8054 48.2595 104.389 99.8362 94.4238 91.2607 86.2121 12.2134 4.55239 15.34 6.95871 75.335 24.3703 76.2283
internal_count=4906 2925 1981 2252 1310 572 673 50 733 577 554 942 175 1409 1237 776 461 297 697 644 588 569 539 79 53 98 44 397 145 498
is_linear=0
shrinkage=0.1


Tree=26
num_leaves=31
num_cat=0
split_feature=7 0 9 22 6 8 44 11 80 11 9 61 73 65 73 8 77 105 14 0 93 0 1 5 99 0 12 5 73 13
split_gain=7.36317 6.2466 4.87219 4.43293 4.20579 4.0205 3.8984 3.2965 3.89911 3.28806 3.64798 3.19782 3.22317 3.07287 3.08327 3.0355 3.03184 3.17529 3.02533 3.00633 2.9608 2.91109 2.64322 2.60264 2.58911 3.15636 2.83766 4.69166 2.60169 5.08873
threshold=1.0000000180025095e-35 4.8090348243713388 1.0000000180025095e-35 1.0000000180025095e-35 1.0000000180025095e-35 1.0000000180025095e-35 1.0000000180025095e-35 1.0000000180025095e-35 1.0000000180025095e-35 1.0000000180025095e-35 1.0000000180025095e-35 1.0000000180025095e-35 1.0000000180025095e-35 1.0000000180025095e-35 1.0000000180025095e-35 1.0000000180025095e-35 1.0000000180025095e-35 1.0000000180025095e-35 1.0000000180025095e-35 4.8911705017089853 1.0000000180025095e-35 2.3791923522949223 0.75739601254463207 1.0000000180025095e-35 1.0000000180025095e-35 10.788501262664797 1.0000000180025095e-35 1.0000000180025095e-35 1.0000000180025095e-35 1.0000000180025095e-35
decision_type=2 2 2 2 2 2 2 2 2 2 2 2 2 2 2 2 2 2 2 2 2 2 2 2 2 2 2 2 2 2
left_child=1 3 5 9 -5 7 18 -2 22 11 -11 12 -1 15 -15 19 17 20 -3 -8 -17 -4 -9 -16 -21 26 27 -26 29 -27
right_child=2 6 21 4 -6 -7 13 8 -10 10 -12 -13 -14 14 23 16 -18 -19 -20 24 -22 -23 -24 -25 25 28 -28 -29 -30 -31
leaf_value=0.0076809051010244961 -0.083826150101074123 -0.096525422476101727 0.083377947044090198 0.12768113027271244 0.018760057003369829 -0.013220360687136154 -0.10422929935444772 -0.052101029469048245 0.069012434543764364 0.023279070167966678 0.0963442294937914 -0.038921993251457065 0.088308237291101085 -0.10746701367957 -0.064844802322414116 0.022909564080020411 -0.076164731687223181 -0.049286019178484158 0.007753434950880914 0.0017432545538281479 -0.049571601151090161 -0.0027090568070540985 0.056742722687673879 0.092804199328938047 -0.028711274233997303 0.083614397477968366 -0.059113790556718351 0.1387393663091831 -0.11248821815325871 -0.11179609043184234
leaf_weight=37.236405186355114 18.619886178523302 7.204613730311392 4.0954744666814795 8.1035016700625402 6.3020291104912749 68.49904228746891 3.0205600485205641 26.760735731571916 3.4760291948914519 22.37393394857645 9.8379951044917089 12.573589801788328 5.7197424545884124 5.0118886232376081 2.2468740567564964 133.75531964376569 3.6126355975866309 6.9738222360610953 4.5323733687400818 135.79414562880993 5.8837474808096877 96.102554395794868 2.4340749271213999 1.9613203778862951 3.8508682399988192 2.5503141209483129 4.3824608102440834 2.9588594883680344 6.5635499991476536 2.7911168299615383
leaf_count=207 397 70 19 49 39 533 14 218 25 117 84 69 35 83 30 789 24 37 45 981 52 706 40 24 26 30 33 23 74 33
internal_value=-0.000551614 0.00698489 -0.0154624 0.0286184 0.0800311 -0.0290732 0.000350723 -0.0502448 -0.0311059 0.0201774 0.0455942 0.00543349 0.0184167 0.00241821 -0.054478 0.00409885 0.0143367 0.0165667 -0.0562569 -0.00540009 0.0198555 0.000809646 -0.0430263 0.00863094 -0.00352133 -0.0344731 0.00365282 0.0440468 -0.0703164 -0.0184956
internal_weight=655.229 435.242 219.988 102.147 14.4055 119.79 333.094 51.2907 32.6708 87.7417 32.2119 55.5297 42.9561 321.357 9.22008 312.137 150.226 146.613 11.737 161.912 139.639 100.198 29.1948 4.20819 158.891 23.0972 11.1922 6.80973 11.905 5.34143
internal_count=4906 2968 1938 600 88 1213 2368 680 283 512 201 311 242 2253 137 2116 902 878 115 1214 841 725 258 54 1200 219 82 49 137 63
is_linear=0
shrinkage=0.1


Tree=27
num_leaves=31
num_cat=0
split_feature=11 53 1 0 8 9 62 63 9 21 1 0 108 6 16 82 35 26 61 1 16 5 67 78 88 95 0 14 1 12
split_gain=6.68996 4.94399 4.62494 4.00082 4.05748 5.02337 3.86661 6.01035 3.773 6.63049 4.07272 5.1979 3.62474 3.59032 4.86719 5.09517 4.47639 4.36533 4.14263 5.01489 3.11629 3.06676 2.98766 2.97806 2.81179 3.1035 2.73157 2.7142 2.70572 5.05114
threshold=1.0000000180025095e-35 1.0000000180025095e-35 0.11171952262520791 2.088980078697205 1.0000000180025095e-35 1.0000000180025095e-35 1.0000000180025095e-35 1.0000000180025095e-35 1.0000000180025095e-35 1.0000000180025095e-35 -0.41120998561382288 8.1492128372192401 1.0000000180025095e-35 1.0000000180025095e-35 1.0000000180025095e-35 1.0000000180025095e-35 1.0000000180025095e-35 1.0000000180025095e-35 1.0000000180025095e-35 -0.36938171088695521 1.0000000180025095e-35 1.0000000180025095e-35 1.0000000180025095e-35 1.0000000180025095e-35 1.0000000180025095e-35 1.0000000180025095e-35 7.0266940593719491 1.0000000180025095e-35 -0.4200319349765777 1.0000000180025095e-35
decision_type=2 2 2 2 2 2 2 2 2 2 2 2 2 2 2 2 2 2 2 2 2 2 2 2 2 2 2 2 2 2
left_child=1 3 8 -1 5 20 -3 -8 12 10 -10 -12 13 14 15 18 17 -16 19 -2 26 -19 -11 -22 25 -7 28 -27 -5 -30
right_child=2 6 -4 4 -6 24 7 -9 9 22 11 -13 -14 -15 16 -17 -18 21 -20 -21 23 -23 -24 -25 -26 27 -28 -29 29 -31
leaf_value=0.088274152651725599 0.053712571219442534 -0.090582219521918778 -0.0067758536029575451 -0.062381117719515281 0.0045895046918847555 0.006598775632870521 -0.035404299965601765 0.1240865112486411 0.058014350681833998 0.17500346855624449 -0.019926753895619116 0.055666165479446618 -0.062349226822359355 -0.0083964505976361348 0.040195553461498654 0.14404449825968671 0.076602109213582875 -0.083734351262666498 0.1003799082652732 -0.035148292076822261 -0.029888634127479746 0.0060051547189600178 0.066033674516138535 0.066745669973823737 -0.08913686207520774 -0.1139564389092608 -0.095031869836433525 0.010928600832204864 -0.074550926800079118 0.12869033164576285
leaf_weight=4.5023671723902217 15.615850545465944 11.515567999333141 103.16255837678909 11.057828996330498 153.9848765656352 74.641308706253767 32.360390353947878 2.548919051885604 23.731131516396999 4.3065955936908704 26.68600369989872 13.800367221236227 6.8025228381156913 47.563853517174721 7.6996255517005983 5.0662212446331969 5.6970272287726393 10.45313197374344 7.8413056209683409 10.704498760402204 24.773698229342703 5.9905037805438033 6.0515390038490295 3.6603044420480719 3.6507258974015704 4.2043427042663088 14.432364173233507 2.969393540173769 2.4487420730292824 2.4425810016691685
leaf_count=29 79 185 971 115 932 490 455 33 153 21 118 62 35 239 40 26 27 54 39 55 286 31 31 38 23 34 226 22 30 27
internal_value=-0.000528407 -0.00994746 0.0103925 -0.00528811 -0.00670044 -0.0187497 -0.0403343 -0.023759 0.0193371 0.0370961 0.0251208 0.00584019 0.00860761 0.0127461 0.027306 0.0504588 -0.00313058 -0.0219449 0.03658 0.0175728 -0.0412425 -0.0510418 0.11134 -0.0174489 -0.00327071 0.000560785 -0.0635108 -0.0622633 -0.0349874 0.0269417
internal_weight=650.366 349.193 301.173 302.769 298.266 144.281 46.4249 34.9093 198.01 74.5756 64.2175 40.4864 123.435 116.632 69.0682 39.2279 29.8403 24.1433 34.1617 26.3203 58.8155 16.4436 10.3581 28.434 85.4658 81.815 30.3815 7.17374 15.9492 4.89132
internal_count=4906 2925 1981 2252 2223 1291 673 488 1010 385 333 180 625 590 351 199 152 125 173 134 722 85 52 324 569 546 398 56 172 57
is_linear=0
shrinkage=0.1


Tree=28
num_leaves=31
num_cat=0
split_feature=7 0 22 9 67 6 11 73 1 44 6 8 11 0 0 5 0 14 24 62 9 143 65 73 205 16 5 35 74 35
split_gain=6.33828 4.94379 4.10083 3.81268 3.42695 3.4814 3.98519 4.90265 4.11409 3.4044 3.37835 3.12524 3.27776 3.06041 3.03034 3.76467 6.42617 2.87602 2.69336 2.66413 3.08406 2.54076 2.57312 2.89892 2.54115 2.54691 8.04707 5.01666 4.6834 4.37291
threshold=1.0000000180025095e-35 4.850102663040162 1.0000000180025095e-35 1.0000000180025095e-35 1.0000000180025095e-35 1.0000000180025095e-35 1.0000000180025095e-35 1.0000000180025095e-35 -0.54627728462219227 1.0000000180025095e-35 1.0000000180025095e-35 1.0000000180025095e-35 1.0000000180025095e-35 13.661875724792482 2.6105407476425175 1.0000000180025095e-35 3.7193702459335332 1.0000000180025095e-35 1.0000000180025095e-35 1.0000000180025095e-35 1.0000000180025095e-35 1.0000000180025095e-35 1.0000000180025095e-35 1.0000000180025095e-35 1.0000000180025095e-35 1.0000000180025095e-35 1.0000000180025095e-35 1.0000000180025095e-35 1.0000000180025095e-35 1.0000000180025095e-35
decision_type=2 2 2 2 2 2 2 2 2 2 2 2 2 2 2 2 2 2 2 2 2 2 2 2 2 2 2 2 2 2
left_child=1 2 11 4 -2 13 -7 8 -8 17 -4 19 14 -6 -13 16 -16 -3 -5 -1 -21 22 24 -24 25 -11 27 28 -27 -28
right_child=3 9 10 18 5 6 7 -9 -10 21 -12 12 -14 -15 15 -17 -18 -19 -20 20 -22 -23 23 -25 -26 26 29 -29 -30 -31
leaf_value=0.02204561015565756 -0.048842103114580371 -0.095926863719526467 0.11928545102589019 -0.080425127503821026 0.011298784047897839 -0.083886049427833162 -0.049312605865539906 -0.10202538404552119 0.090043769563710088 -0.0016176244623010581 0.021844046395228786 0.12000619668909521 0.11120613922764006 -0.069385080642575356 -0.09314145506036936 0.081528310844302981 0.052064860962300577 0.0075312416914876503 0.003257245417423827 -0.054931640966256558 0.016889427026212794 -0.091951766603012297 -0.10657899071212018 0.0093310343554416485 -0.086291783686521295 0.038131098716128409 0.026740241511103553 -0.05133817964735591 -0.023716489837219148 0.089150633296003992
leaf_weight=36.764339275658131 43.82199215516448 6.5998745299875718 7.8814113736152631 4.0073507167398921 42.487547900527716 12.41178123652935 3.4644248932600012 3.6245908923447141 5.4527712091803542 183.92351854220033 6.4864275828003883 3.0059677436947885 6.0122943818569174 5.2860578447580329 5.9927990883588809 5.3188809975981703 6.2018273323774338 4.5320991203188896 95.615081664174795 12.581567630171776 11.392867334187031 2.8251288421452037 4.4604583159089071 4.1795339584350586 3.0300015136599532 27.659610610455275 34.355589386075735 17.63611263781786 21.968258403241634 16.676398422569036
leaf_count=191 508 69 51 42 352 168 18 31 45 1230 41 23 68 91 31 41 36 45 683 69 60 18 83 54 19 202 254 120 157 106
internal_value=-0.000507857 0.00652142 0.0257906 -0.0144735 -0.0267518 -0.0134412 -0.0437143 -0.00395893 0.0359023 0.000547634 0.0752951 0.0176403 0.0462727 0.00237127 0.027247 0.011326 -0.0192938 -0.0538065 -0.00010891 0.00513321 -0.0208016 0.00245809 0.00330782 -0.0505084 0.00483107 0.00574465 0.0171913 -0.00552635 0.0107537 0.0471349
internal_weight=645.657 429.485 101.638 216.172 116.549 72.7272 24.9536 12.5418 8.9172 327.847 14.3678 87.2705 26.5318 47.7736 20.5195 17.5135 12.1946 11.132 99.6224 60.7388 23.9744 316.715 313.889 8.63999 305.249 302.219 118.296 67.264 49.6279 51.032
internal_count=4906 2968 611 1938 1213 705 262 94 63 2357 92 519 199 443 131 108 67 114 725 320 129 2243 2225 137 2088 2069 839 479 359 360
is_linear=0
shrinkage=0.1


Tree=29
num_leaves=31
num_cat=0
split_feature=8 0 9 9 104 0 141 16 65 105 77 10 14 1 81 0 0 1 0 0 86 15 61 0 99 0 0 0 168 0
split_gain=5.65811 5.27891 5.82536 4.63618 4.54288 3.99335 3.98384 3.62815 3.56044 3.5575 4.4642 4.4304 3.35623 3.28455 3.23073 6.35502 3.19577 5.5036 4.21218 4.06514 3.31235 3.0929 3.86387 5.09971 6.76864 3.03339 3.63151 2.91802 3.23869 3.9069
threshold=1.0000000180025095e-35 5.4524297714233407 1.0000000180025095e-35 1.0000000180025095e-35 1.0000000180025095e-35 7.8234086036682138 1.0000000180025095e-35 1.0000000180025095e-35 1.0000000180025095e-35 1.0000000180025095e-35 1.0000000180025095e-35 1.0000000180025095e-35 1.0000000180025095e-35 -0.34367632865905756 1.0000000180025095e-35 3.4811772108078007 7.0814509391784677 -0.14092326164245603 8.5516767501831072 9.0704994201660174 1.0000000180025095e-35 1.0000000180025095e-35 1.0000000180025095e-35 12.746064186096193 1.0000000180025095e-35 16.286105155944828 3.4195755720138554 7.4620122909545907 1.0000000180025095e-35 8.2737851142883319
decision_type=2 2 2 2 2 2 2 2 2 2 2 2 2 2 2 2 2 2 2 2 2 2 2 2 2 2 2 2 2 2
left_child=3 2 -2 5 6 -1 8 14 9 10 12 -11 21 -14 25 -16 -15 -18 -19 -20 -21 22 -3 24 -24 26 -5 -17 29 -29
right_child=1 4 -4 7 -6 -7 -8 -9 -10 11 -12 -13 13 16 15 27 17 18 19 20 -22 -23 23 -25 -26 -27 -28 28 -30 -31
leaf_value=-0.006950549092422641 0.012221990796713898 0.020337480141701982 0.070344544264622028 -0.051575754660617971 -0.080752787098217552 -0.037519574750098983 -0.10192495237774431 0.022323434332185345 -0.072609121620326442 -0.095892736195587719 -0.086042667094978001 0.034462269327642667 -0.086431424626075337 0.059588647662994647 0.05905428568195209 -0.069008069988227991 -0.096525359993905463 0.070868493677098382 -0.091541475283278759 0.014993967505532141 -0.06516983690895771 0.0039263143477342331 0.062298771881904705 -0.017775208353138016 0.20635927780910551 -0.081320284465465353 0.02086261043204465 0.06245172469493291 0.057620183205663894 -0.063628609462452829
leaf_weight=94.577586133033037 49.734137140214443 45.536342807114124 26.395735926926136 7.9380761608481398 6.4679166153073302 77.959387665614486 3.4717247486114493 59.814527846872807 5.5960682518780223 6.9219020642340165 4.5879379473626605 4.1828226000070572 4.427366390824317 8.5633058175444585 7.1610527709126464 21.034172840416431 6.0060995519161215 8.1002869606018049 5.0975893735885611 34.900715988129377 6.0475755557417861 44.76421919465065 15.129470467567449 5.2544186897575846 4.1577351316809645 3.7263051494956008 53.99926146119833 3.0877850651741054 4.6369410231709471 12.045335955917833
leaf_count=653 299 304 172 42 54 986 23 446 91 45 33 24 23 42 39 112 29 38 24 282 60 313 82 61 24 56 379 16 35 119
internal_value=-0.00047834 0.00968787 0.0323742 -0.00915665 0.00180921 -0.0207629 0.00431927 0.00238896 0.0060818 0.00824384 0.0114175 -0.0467918 0.0137961 -0.00294675 -0.0081046 -0.0278336 0.0024322 -0.00570462 0.00436956 -0.00732878 0.00315473 0.0244596 0.0375757 0.0695609 0.0933538 0.00630682 0.0115787 -0.0430822 -0.0154986 -0.037903
internal_weight=641.324 295.343 76.1299 345.98 219.213 172.537 212.746 173.443 209.274 203.678 192.573 11.1047 187.985 73.1429 113.629 47.9653 68.7156 60.1523 54.1462 46.0459 40.9483 114.842 70.078 24.5416 19.2872 65.6636 61.9373 40.8042 19.7701 15.1331
internal_count=4906 2023 471 2883 1552 1639 1498 1244 1475 1384 1315 69 1282 498 798 321 475 433 404 366 342 784 471 167 106 477 421 282 170 135
is_linear=0
shrinkage=0.1


Tree=30
num_leaves=31
num_cat=0
split_feature=11 7 0 0 8 7 12 129 64 13 10 0 0 1 10 9 69 21 12 86 0 0 26 10 16 53 83 67 15 22
split_gain=5.88325 4.10506 3.55858 3.44274 4.01517 3.09711 3.00795 3.58049 2.96975 3.82597 3.76117 3.29991 2.9004 3.4566 2.68457 2.6761 3.94959 3.62648 3.08042 3.48778 4.38283 4.55474 3.85456 6.82209 9.16868 9.83638 5.00403 2.8146 2.57037 6.70223
threshold=1.0000000180025095e-35 1.0000000180025095e-35 2.1683777570724492 7.1540040969848642 1.0000000180025095e-35 1.0000000180025095e-35 1.0000000180025095e-35 1.0000000180025095e-35 1.0000000180025095e-35 1.0000000180025095e-35 1.0000000180025095e-35 14.917180061340334 7.5277206897735605 -0.15446041524410245 1.0000000180025095e-35 1.0000000180025095e-35 1.0000000180025095e-35 1.0000000180025095e-35 1.0000000180025095e-35 1.0000000180025095e-35 10.925393581390383 11.190965175628664 1.0000000180025095e-35 1.0000000180025095e-35 1.0000000180025095e-35 1.0000000180025095e-35 1.0000000180025095e-35 1.0000000180025095e-35 1.0000000180025095e-35 1.0000000180025095e-35
decision_type=2 2 2 2 2 2 2 2 2 2 2 2 2 2 2 2 2 2 2 2 2 2 2 2 2 2 2 2 2 2
left_child=1 28 -3 4 14 6 -6 -8 11 10 -10 -4 -5 -14 -2 18 17 -17 19 20 -15 -22 23 24 25 -23 -24 -25 -1 -30
right_child=3 2 8 12 5 -7 7 -9 9 -11 -12 -13 13 15 -16 16 -18 -19 -20 -21 21 22 26 27 -26 -27 -28 -29 29 -31
leaf_value=0.0071920797611785122 0.024345114050319496 0.10373193958906607 -0.026757402305500055 -0.059477402872279941 0.10627846796188523 0.022173127535458616 -0.029404432351741533 0.11337069764114008 0.23209653262239535 -0.059484829449235388 0.012220563391212016 -0.093726824643004081 0.10999254392791549 -0.017317076333520361 -0.011535044923465626 0.020011244187655691 -0.02687313099892388 0.099744819687286157 -0.033152973274268804 -0.075344166605207305 0.1894653447247065 0.077391024250750035 -0.042408010955234013 -0.081281874553796041 0.0060485290758160752 0.38831036318654766 0.13014770616130664 0.067528569479214581 -0.022249458331137777 0.063961801210113731
leaf_weight=132.17506144754589 51.11083710193634 2.0821967758238307 91.041554326191545 7.7219852730631819 12.396606910973789 22.945294037461281 4.5474953427910796 2.8618316911160946 1.4649014957249156 2.0893879011273384 1.6590796150267124 8.004753962159155 2.9784647077321997 25.298492155969143 35.22397580742836 42.804945163428783 15.750154305249451 6.5813585668802252 34.899777390062809 4.9716000445187083 1.9163975119590784 2.0726021565496922 9.598338168114422 3.0709422193467617 3.3161099292337894 1.9987868443131445 2.0372999869287023 2.1685340106487274 92.934334067627788 9.9866361394524557
leaf_count=947 261 14 942 35 103 101 21 31 21 36 26 155 13 144 173 264 159 36 311 48 13 22 107 35 36 24 21 23 727 57
internal_value=-0.00046208 -0.00940927 -0.0257125 0.00984909 0.0221169 0.0471798 0.0761501 0.0257421 -0.0282977 0.0452657 0.115325 -0.0321698 0.000376982 0.00327541 0.00970627 0.00124421 0.0167307 0.0306368 -0.00979848 0.00464049 0.0123653 0.0410492 0.0293265 0.0675882 0.12949 0.230032 -0.012195 -0.0196917 -0.00203475 -0.0138842
internal_weight=637.71 341.438 106.342 296.272 129.086 42.7512 19.8059 7.40933 104.26 5.21337 3.12398 99.0463 167.186 159.464 86.3348 156.485 65.1365 49.3863 91.3489 56.4491 51.4775 26.179 24.2626 12.627 7.3875 4.07139 11.6356 5.23948 235.096 102.921
internal_count=4906 2925 1194 1981 690 256 155 52 1180 83 47 1097 1291 1256 434 1243 459 300 784 473 425 281 268 140 82 46 128 58 1731 784
is_linear=0
shrinkage=0.1


Tree=31
num_leaves=31
num_cat=0
split_feature=5 1 61 15 84 100 0 88 1 39 0 139 13 69 0 12 8 87 9 68 81 67 0 61 74 139 99 0 8 113
split_gain=5.13861 5.48626 5.26419 5.55316 5.14441 4.71666 4.67561 4.06862 3.98243 6.34036 9.56095 5.94159 4.12711 5.98626 3.77385 4.24546 3.7083 6.62875 3.578 5.75011 3.52907 5.71654 3.40201 3.08411 4.02677 3.00269 3.09182 4.84214 5.22281 4.59666
threshold=1.0000000180025095e-35 -0.16723705083131787 1.0000000180025095e-35 1.0000000180025095e-35 1.0000000180025095e-35 1.0000000180025095e-35 16.495551109313968 1.0000000180025095e-35 0.66050651669502269 1.0000000180025095e-35 15.727583885192873 1.0000000180025095e-35 1.0000000180025095e-35 1.0000000180025095e-35 7.3634495735168466 1.0000000180025095e-35 1.0000000180025095e-35 1.0000000180025095e-35 1.0000000180025095e-35 1.0000000180025095e-35 1.0000000180025095e-35 1.0000000180025095e-35 11.880903720855715 1.0000000180025095e-35 1.0000000180025095e-35 1.0000000180025095e-35 1.0000000180025095e-35 9.9780974388122576 1.0000000180025095e-35 1.0000000180025095e-35
decision_type=2 2 2 2 2 2 2 2 2 2 2 2 2 2 2 2 2 2 2 2 2 2 2 2 2 2 2 2 2 2
left_child=5 23 7 4 8 6 16 25 11 10 -10 12 13 -4 -7 22 -1 -18 19 -5 21 -20 -16 24 -2 26 29 -28 -29 -3
right_child=1 2 3 18 -6 14 -8 -9 9 -11 -12 -13 -14 -15 15 -17 17 -19 20 -21 -22 -23 -24 -25 -26 -27 27 28 -30 -31
leaf_value=-0.017538632749206584 0.025094303362989612 -0.040035957233325536 -0.0050652965045304664 -0.095570927827682672 0.17572376359040875 0.14062908425417461 -0.065919093117611141 0.081071025119824933 0.21637565914338819 0.23705239647088461 -0.10928906707861799 0.10697196220084902 -0.055888938814617588 0.15674197165082357 -0.0078098528293942919 -0.08954913117127461 -0.00061685688868955493 0.10951393648911117 -0.037030222994453368 0.067974762621920579 -0.061331405871613481 0.17316816608451166 0.16526149828261066 -0.0040616289294740822 0.08165313722578324 -0.097843591976939759 0.096419188548910684 -0.11133204571984311 0.044198554887118185 0.074194632635452576
leaf_weight=180.80755439214408 83.498882785439491 48.600389407947659 10.811417099088432 9.3234337661415321 2.6526155937463036 3.6152660362422449 14.304468452930449 3.7017827033996573 1.5351052917540067 2.2755039781332016 2.184088122099638 5.7757740765810004 9.7745647355914116 2.8996728174388418 2.449931625276804 2.5062033049762249 163.04929326288402 5.6548451334238043 2.3844154924154282 2.7940519265830526 2.8521401844918728 2.8287413641810417 2.117317121475935 27.877703297883272 14.822591803967951 5.4423433132469645 5.3072611093521109 3.8737598359584791 4.8778239488601685 3.7980080321431151
leaf_count=1486 483 476 76 90 20 23 241 36 21 26 32 42 81 28 18 28 1063 49 23 38 20 22 22 165 92 54 28 52 42 29
internal_value=-0.000461354 0.0103424 -0.00377374 0.0188633 0.0414231 -0.00795874 -0.00988232 -0.0211679 0.0313185 0.105573 0.0251298 0.0161063 -0.00624009 0.0291543 0.0575149 0.015035 -0.0075889 0.00307465 -0.02351 -0.0578605 0.028099 0.0770267 0.0724238 0.0252967 0.0336209 -0.0264317 -0.0205836 0.0210573 -0.0246448 -0.0317561
internal_weight=634.397 259.892 133.693 58.0915 37.9087 374.505 363.816 75.6014 35.2561 5.9947 3.71919 29.2614 23.4857 13.7111 10.6887 7.07345 349.512 168.704 20.1828 12.1175 8.0653 5.21316 4.56725 126.199 98.3215 71.8996 66.4572 14.0588 8.75158 52.3984
internal_count=4906 1976 1236 519 326 2930 2839 717 306 79 53 227 185 104 91 68 2598 1112 193 128 65 45 40 740 575 681 627 122 94 505
is_linear=0
shrinkage=0.1


Tree=32
num_leaves=31
num_cat=0
split_feature=7 20 0 143 14 91 0 21 8 0 61 0 11 12 11 0 14 167 101 49 8 140 10 67 13 63 1 51 5 13
split_gain=5.09601 3.74966 3.94465 3.78442 3.36935 6.82064 3.91113 3.28688 3.65714 4.0859 3.02059 4.02489 2.99587 2.94696 5.11577 4.3011 3.90273 3.89632 3.58616 3.54309 3.82282 3.89756 3.47492 4.69138 4.45003 3.39639 3.19329 3.91499 3.86042 3.57591
threshold=1.0000000180025095e-35 1.0000000180025095e-35 4.0835044384002694 1.0000000180025095e-35 1.0000000180025095e-35 1.0000000180025095e-35 16.954140663146976 1.0000000180025095e-35 1.0000000180025095e-35 13.661875724792482 1.0000000180025095e-35 3.5961669683456425 1.0000000180025095e-35 1.0000000180025095e-35 1.0000000180025095e-35 6.4298424720764169 1.0000000180025095e-35 1.0000000180025095e-35 1.0000000180025095e-35 1.0000000180025095e-35 1.0000000180025095e-35 1.0000000180025095e-35 1.0000000180025095e-35 1.0000000180025095e-35 1.0000000180025095e-35 1.0000000180025095e-35 -0.42596395313739771 1.0000000180025095e-35 1.0000000180025095e-35 1.0000000180025095e-35
decision_type=2 2 2 2 2 2 2 2 2 2 2 2 2 2 2 2 2 2 2 2 2 2 2 2 2 2 2 2 2 2
left_child=1 2 10 13 5 6 -2 8 -6 -10 11 -1 -12 14 17 -16 -15 19 25 20 21 26 23 -21 -25 -18 -4 28 -28 -30
right_child=4 -3 3 -5 7 -7 -8 -9 9 -11 12 -13 -14 16 15 -17 18 -19 -20 22 -22 -23 -24 24 -26 -27 27 -29 29 -31
leaf_value=0.022503872319478702 -0.0043176518948264686 0.098967694759645508 -0.088990572403355103 -0.099680683787594621 -0.047338768287881611 0.14763647487079626 -0.10593740947555855 -0.086959373888006133 0.01201963647363425 -0.10805806803209057 -0.048763497051178904 0.08700179053479859 0.055157361056188993 0.0029823756195952161 0.067056102750580424 0.015074069029549398 -0.044652006350749444 -0.087909959217830888 0.081964955589678937 -0.062614850835935126 0.03490236981999801 0.07409752514536716 -0.061105852560102515 0.11075444755628248 -0.012508616516728395 0.071300381397174123 -0.036608868444748317 -0.074586452536694409 0.14892854378877168 0.0042672960675842085
leaf_weight=46.72768160328269 131.21134911105037 4.2823143973946562 6.5739795640110996 3.7319983690977088 30.803182909265161 2.9042180478572837 3.9000177197158328 9.0548064298927766 29.793584771454334 3.1316145323216906 9.1335687488317472 12.201714564114807 3.9841385632753363 88.593605669215322 20.019171044230461 77.687095135450363 45.029288178309798 5.5121845677494994 2.6223891228437415 7.0792249105870733 34.762649837881327 4.283708691596984 16.175078133121133 5.1078040190041065 6.8656817749142647 2.6762853749096385 5.7594540640711838 5.9714979417622081 3.3213625848293304 3.5194341726601124
leaf_count=292 1113 32 33 27 388 22 79 92 193 51 51 77 26 641 115 516 343 36 16 51 245 32 125 33 46 29 54 90 25 33
internal_value=-0.000477489 0.00586975 0.00491448 0.000473536 -0.0131727 -0.00399168 -0.00725093 -0.0305822 -0.0225719 0.000598686 0.0261981 0.0358586 -0.0172004 0.00156785 0.00925877 0.0257247 -0.00965051 -0.00607334 -0.0318885 -0.00153603 0.0124488 -0.0140739 -0.0270191 0.00191927 0.0400745 -0.0381471 -0.0290943 -0.00789241 0.0237152 0.0745036
internal_weight=632.42 421.621 417.339 345.292 210.799 138.016 135.111 72.7832 63.7284 32.9252 72.0471 58.9294 13.1177 341.56 202.638 97.7063 138.922 104.932 50.328 99.4199 64.1921 29.4294 35.2278 19.0527 11.9735 47.7056 25.1457 18.5717 12.6003 6.8408
internal_count=4906 2968 2936 2490 1938 1214 1192 724 632 244 446 369 77 2463 1434 631 1029 803 388 767 512 267 255 130 79 372 235 202 112 58
is_linear=0
shrinkage=0.1


Tree=33
num_leaves=31
num_cat=0
split_feature=301 11 105 0 14 0 8 176 84 81 1 104 100 5 151 0 61 39 73 40 26 52 81 15 0 5 94 67 16 54
split_gain=4.57948 4.7752 3.40662 3.39916 3.29581 5.64397 3.05497 3.03019 2.96007 2.83595 3.33809 2.82682 3.89667 3.23768 3.88604 3.38207 4.67374 4.00469 4.40062 3.30507 3.41927 7.83196 3.23263 2.97308 2.7115 2.74066 4.32583 4.03819 4.21562 3.82162
threshold=1.0000000180025095e-35 1.0000000180025095e-35 1.0000000180025095e-35 2.088980078697205 1.0000000180025095e-35 17.548254966735843 1.0000000180025095e-35 1.0000000180025095e-35 1.0000000180025095e-35 1.0000000180025095e-35 0.77275836467742931 1.0000000180025095e-35 1.0000000180025095e-35 1.0000000180025095e-35 1.0000000180025095e-35 7.4620122909545907 1.0000000180025095e-35 1.0000000180025095e-35 1.0000000180025095e-35 1.0000000180025095e-35 1.0000000180025095e-35 1.0000000180025095e-35 1.0000000180025095e-35 1.0000000180025095e-35 16.954140663146976 1.0000000180025095e-35 1.0000000180025095e-35 1.0000000180025095e-35 1.0000000180025095e-35 1.0000000180025095e-35
decision_type=2 2 2 2 2 2 2 2 2 2 2 2 2 2 2 2 2 2 2 2 2 2 2 2 2 2 2 2 2 2
left_child=1 2 3 -1 6 7 24 9 -8 10 -6 12 13 -3 15 -15 19 22 -19 20 21 -17 23 -18 25 -5 27 -27 29 -29
right_child=-2 11 -4 4 5 -7 8 -9 -10 -11 -12 -13 -14 14 -16 16 17 18 -20 -21 -22 -23 -24 -25 -26 26 -28 28 -30 -31
leaf_value=0.082725831931647953 0.11986685730442076 0.0006419350192235655 -0.054628156515214611 -0.028761150720069847 -0.003740260736490766 0.12965635318598831 0.0079072467188479878 -0.12910267260911165 0.083596942356662415 -0.039672823593060444 -0.10677189593504317 -0.05075745312524943 0.12106945926535416 0.04856533426617704 -0.073846128395290117 -0.028084540557189931 0.012780569419286314 0.16466508474926767 0.015981831742534168 -0.082510780136217626 -0.031388461374887121 0.16230452985720006 0.064426231512889245 -0.10373291623309233 -0.10661594914129871 -0.027985311601509927 -0.10569101828608628 -0.053769863588987367 0.079713914638985195 0.054584883759333153
leaf_weight=4.1675342693924895 3.1469655018299809 180.03662627376616 15.756916327401994 40.792698077857494 67.65380840189755 2.4476514291018239 95.886579873040318 2.6681997627019873 5.461148463189601 49.733774775639176 3.2978235092014065 7.8933509998023501 3.1190444119274607 41.53787362203002 3.9781620055437079 5.3936824575066602 7.7954592704772967 4.5511326342821139 3.5382095873355865 6.1087319403886786 13.50515104830265 3.6046504937112331 7.8121088147163382 3.0457084178924561 3.0245263073593369 13.47236345335841 3.128787823021411 6.6533865369856358 13.012157667428255 6.3726899065077305
leaf_count=28 24 1205 128 444 581 31 698 28 34 434 62 62 26 232 28 32 65 28 27 65 93 39 51 22 58 127 33 62 105 54
internal_value=-0.000462654 -0.00106809 -0.00924264 -0.00699218 -0.00818446 -0.0207101 0.000205875 -0.0236937 0.0119858 -0.0213633 -0.00852916 0.00827165 0.00991212 0.00867789 0.0230207 0.0269978 0.0108136 0.0408694 0.0996323 -0.0172783 0.000429538 0.0481836 0.0153858 -0.0199526 -0.013603 -0.0102312 0.0074963 0.0164594 0.0394555 -0.000759949
internal_weight=628.597 625.45 333.53 317.773 313.606 125.801 187.804 123.354 101.348 120.685 70.9516 291.92 284.027 280.907 100.871 96.8927 55.3548 26.7426 8.08934 28.6122 22.5035 8.99833 18.6533 10.8412 86.4566 83.4321 42.6394 39.5106 26.0382 13.0261
internal_count=4906 4882 2907 2779 2751 1136 1615 1105 732 1077 643 1975 1913 1887 682 654 422 193 55 229 164 71 138 87 883 825 381 348 221 116
is_linear=0
shrinkage=0.1


Tree=34
num_leaves=31
num_cat=0
split_feature=7 9 20 0 143 67 6 11 73 1 102 168 148 262 205 12 11 0 15 99 53 0 0 67 13 1 10 73 45 67
split_gain=4.26923 2.93298 2.90273 3.12157 3.15 2.8285 3.07469 3.31353 4.05178 3.27396 2.9036 2.87011 2.53718 3.25813 4.07301 3.19961 3.61172 3.99478 3.55093 5.74964 3.96325 4.48006 5.3633 5.24335 3.2945 3.093 2.94859 2.79435 2.39525 3.47743
threshold=1.0000000180025095e-35 1.0000000180025095e-35 1.0000000180025095e-35 4.0561258792877206 1.0000000180025095e-35 1.0000000180025095e-35 1.0000000180025095e-35 1.0000000180025095e-35 1.0000000180025095e-35 -0.54627728462219227 1.0000000180025095e-35 1.0000000180025095e-35 1.0000000180025095e-35 1.0000000180025095e-35 1.0000000180025095e-35 1.0000000180025095e-35 1.0000000180025095e-35 6.4298424720764169 1.0000000180025095e-35 1.0000000180025095e-35 1.0000000180025095e-35 10.260096073150637 8.2067074775695819 1.0000000180025095e-35 1.0000000180025095e-35 0.13636017590761187 1.0000000180025095e-35 1.0000000180025095e-35 1.0000000180025095e-35 1.0000000180025095e-35
decision_type=2 2 2 2 2 2 2 2 2 2 2 2 2 2 2 2 2 2 2 2 2 2 2 2 2 2 2 2 2 2
left_child=2 5 3 -1 12 -2 10 -8 9 -9 11 -7 13 14 15 16 18 -18 19 20 21 22 24 -23 26 -20 -5 -26 -19 -30
right_child=1 -3 -4 4 -6 6 7 8 -10 -11 -12 -13 -14 -15 -16 -17 17 28 25 -21 -22 23 -24 -25 27 -27 -28 -29 29 -31
leaf_value=0.023862131634466054 -0.044141821115368921 0.0005368424249170326 0.086288484857655681 0.11614484810968395 -0.092605442930024581 0.003727438466708546 -0.07966889358730582 -0.047894089669031158 -0.098433259043171864 0.076442531116279799 -0.096485436953835019 0.11270047722915698 -0.08881811199050535 0.071251173007828711 -0.11390203969819078 -0.0098273050385058458 0.065635885867885574 0.029743195127743011 -0.0039730024229525642 0.086304530307906649 -0.075660988292546499 0.002664887715346672 -0.098953988340595947 0.18562870024783532 0.016844517262560445 -0.057593457425976893 0.0081817205058130286 -0.069153801219069069 0.025615406525058629 -0.03943229618313894
leaf_weight=69.366252113133669 40.950452065095305 97.04621347412467 4.3860922902822486 4.7735398784279877 3.5873802192509165 41.13032797165215 11.260550942271948 3.3778889477252951 3.3665973842144021 5.6767883561551562 2.712986819446086 2.5677980463951817 3.0759729892015448 6.7388638481497756 3.0558059066534033 133.6523258164525 18.756633102893829 42.504316758364439 30.390827521681786 9.2740211971104127 6.0279362984001628 3.3296700045466414 4.9797056429088107 2.9575968086719513 10.742160283029081 16.652164312079549 5.3815185576677322 5.828331694006919 16.803947295993567 16.085896156728268
leaf_count=434 508 725 32 24 27 396 168 18 31 45 27 20 20 47 22 1001 112 285 167 76 88 33 34 26 59 212 27 30 109 103
internal_value=-0.000457425 -0.0121627 0.00536481 0.0045074 0.000611373 -0.0232614 -0.0110624 -0.0403826 -0.00476747 0.0300582 0.00389862 0.0101309 0.001592 0.00241493 0.00101432 0.00208448 0.0102703 0.0243382 -0.00293026 0.0147442 -0.000331799 0.01162 -0.00367177 0.088733 0.0140819 -0.0229534 0.0589314 -0.0134036 0.0140641 -0.00619838
internal_weight=626.441 208.09 418.351 413.965 344.599 111.043 70.0929 23.6818 12.4213 9.05468 46.4111 43.6981 341.011 337.935 331.196 328.141 194.488 94.1508 100.337 53.2945 44.0205 37.9925 31.7053 6.28727 26.7256 47.043 10.1551 16.5705 75.3942 32.8898
internal_count=4906 1938 2968 2936 2502 1213 705 262 94 63 443 416 2475 2455 2408 2386 1385 609 776 397 321 233 174 59 140 379 51 89 497 212
is_linear=0
shrinkage=0.1


Tree=35
num_leaves=31
num_cat=0
split_feature=8 9 0 9 104 7 96 0 12 137 16 141 65 6 81 0 67 11 15 0 0 101 0 81 99 15 0 73 67 12
split_gain=3.71337 4.11917 3.65647 5.00788 3.76325 2.85251 2.8493 3.18842 3.09741 2.91515 2.84072 2.82367 2.87175 2.72181 3.06559 5.36935 3.61284 3.5241 4.60969 3.58345 2.76724 2.70069 2.66374 2.64086 3.00178 4.44322 3.6118 2.65315 2.56028 2.55293
threshold=1.0000000180025095e-35 1.0000000180025095e-35 5.4524297714233407 1.0000000180025095e-35 1.0000000180025095e-35 1.0000000180025095e-35 1.0000000180025095e-35 2.6105407476425175 1.0000000180025095e-35 1.0000000180025095e-35 1.0000000180025095e-35 1.0000000180025095e-35 1.0000000180025095e-35 1.0000000180025095e-35 1.0000000180025095e-35 11.824777603149416 1.0000000180025095e-35 1.0000000180025095e-35 1.0000000180025095e-35 10.788501262664797 3.2429842948913579 1.0000000180025095e-35 3.639972567558289 1.0000000180025095e-35 1.0000000180025095e-35 1.0000000180025095e-35 9.3497605323791522 1.0000000180025095e-35 1.0000000180025095e-35 1.0000000180025095e-35
decision_type=2 2 2 2 2 2 2 2 2 2 2 2 2 2 2 2 2 2 2 2 2 2 2 2 2 2 2 2 2 2
left_child=1 5 3 6 11 -1 7 -2 -9 22 13 12 21 14 17 -16 -17 -3 19 -19 -15 -4 -10 27 26 -26 -25 -7 -20 -23
right_child=2 10 4 -5 -6 23 -8 8 9 -11 -12 -13 -14 20 15 16 -18 18 28 -21 -22 29 -24 24 25 -27 -28 -29 -30 -31
leaf_value=-0.010900424305192693 0.056922731364277258 -0.032150556144713578 0.0093372789139520972 0.063773162107270881 -0.076155793454666776 -0.040019378117438109 0.091265286456770289 0.012431181530777664 -0.14633680682017883 0.026920705823760261 0.021172676086236825 -0.090628182186941242 -0.068961044637035368 0.08240368043731533 -0.066809059201357199 0.11925791328350621 -0.057547105358243617 0.029729931160776792 0.15234040348283504 -0.08792387155486793 0.0038483889802190421 0.014732273692060703 -0.039534263948043505 -0.00085083111590064696 -0.033790170908393778 0.23319097840343339 -0.10712516343145118 -0.11030101520684479 0.035755632254249319 -0.094592528081496943
leaf_weight=121.13960182107985 8.346016697585581 18.492320891469717 192.99189237877727 24.758961077779531 6.0918394308537236 17.143131090328101 3.8204146251082411 21.424810115247965 3.4765210673212987 3.8596466183662406 58.523267108947039 3.1344721727073184 5.1196648962795726 5.0309573858976355 21.632407166063789 2.9368982538580886 1.9056597165763376 7.4989164918661135 3.5032526738941661 3.9535887986421585 41.270561181008816 3.7478373199701291 7.1133548691868782 12.505685666576033 1.3527237959206095 1.1561132483184338 4.2966381777077904 7.822093090042471 4.0744803175330162 4.9666357263922691
leaf_count=959 57 153 1333 172 54 254 22 134 21 24 446 23 91 27 128 35 26 36 22 45 301 22 41 146 26 19 89 146 25 29
internal_value=-0.000447773 -0.00762436 0.00785645 0.0272389 0.00132546 -0.0188395 0.00841005 0.00125178 -0.0116998 -0.0474798 0.00336444 0.00357352 0.00500116 -0.00608438 -0.019446 -0.0455018 0.049681 -0.00106172 0.0291483 -0.0108861 0.0123839 0.00687845 -0.0745962 -0.0405605 -0.0127922 0.0892391 -0.028027 -0.06204 0.0896538 -0.0475752
internal_weight=623.09 334.238 288.852 72.7997 216.052 165.416 48.0408 44.2203 35.8743 14.4495 168.822 209.961 206.826 110.299 63.9975 26.475 4.84256 37.5226 19.0302 11.4525 46.3015 201.706 10.5899 44.2764 19.3112 2.50884 16.8023 24.9652 7.57773 8.71447
internal_count=4906 2883 2023 471 1552 1639 299 277 220 86 1244 1498 1475 798 470 189 61 281 128 81 328 1384 62 680 280 45 235 400 47 51
is_linear=0
shrinkage=0.1


end of trees

feature_importances:
Column_0=195
Column_9=106
Column_8=85
Column_11=84
Column_1=66
Column_7=55
Column_5=48
Column_14=23
Column_67=23
Column_10=18
Column_12=18
Column_16=18
Column_26=17
Column_61=17
Column_13=14
Column_15=14
Column_73=14
Column_99=13
Column_6=12
Column_21=10
Column_81=10
Column_22=9
Column_53=9
Column_65=9
Column_80=9
Column_83=7
Column_113=7
Column_78=6
Column_88=6
Column_139=6
Column_74=5
Column_84=5
Column_104=5
Column_168=5
Column_62=4
Column_63=4
Column_82=4
Column_95=4
Column_100=4
Column_102=4
Column_105=4
Column_137=4
Column_24=3
Column_35=3
Column_39=3
Column_44=3
Column_69=3
Column_77=3
Column_79=3
Column_91=3
Column_93=3
Column_143=3
Column_20=2
Column_23=2
Column_32=2
Column_49=2
Column_51=2
Column_64=2
Column_68=2
Column_86=2
Column_101=2
Column_108=2
Column_130=2
Column_133=2
Column_134=2
Column_135=2
Column_138=2
Column_141=2
Column_151=2
Column_205=2
Column_208=2
Column_17=1
Column_19=1
Column_27=1
Column_31=1
Column_34=1
Column_36=1
Column_40=1
Column_45=1
Column_46=1
Column_50=1
Column_52=1
Column_54=1
Column_55=1
Column_56=1
Column_76=1
Column_87=1
Column_94=1
Column_96=1
Column_98=1
Column_127=1
Column_128=1
Column_129=1
Column_132=1
Column_140=1
Column_142=1
Column_148=1
Column_156=1
Column_167=1
Column_176=1
Column_212=1
Column_262=1
Column_301=1

parameters:
[boosting: gbdt]
[objective: binary]
[metric: binary_logloss]
[tree_learner: serial]
[device_type: cpu]
[data_sample_strategy: bagging]
[data: ]
[valid: ]
[num_iterations: 300]
[learning_rate: 0.1]
[num_leaves: 31]
[num_threads: 0]
[seed: 0]
[deterministic: 0]
[force_col_wise: 0]
[force_row_wise: 0]
[histogram_pool_size: -1]
[max_depth: -1]
[min_data_in_leaf: 20]
[min_sum_hessian_in_leaf: 0.001]
[bagging_fraction: 1]
[pos_bagging_fraction: 1]
[neg_bagging_fraction: 1]
[bagging_freq: 0]
[bagging_seed: 7719]
[bagging_by_query: 0]
[feature_fraction: 1]
[feature_fraction_bynode: 1]
[feature_fraction_seed: 2437]
[extra_trees: 0]
[extra_seed: 11797]
[early_stopping_round: 0]
[early_stopping_min_delta: 0]
[first_metric_only: 0]
[max_delta_step: 0]
[lambda_l1: 0]
[lambda_l2: 0]
[linear_lambda: 0]
[min_gain_to_split: 0]
[drop_rate: 0.1]
[max_drop: 50]
[skip_drop: 0.5]
[xgboost_dart_mode: 0]
[uniform_drop: 0]
[drop_seed: 21238]
[top_rate: 0.2]
[other_rate: 0.1]
[min_data_per_group: 100]
[max_cat_threshold: 32]
[cat_l2: 10]
[cat_smooth: 10]
[max_cat_to_onehot: 4]
[top_k: 20]
[monotone_constraints: ]
[monotone_constraints_method: basic]
[monotone_penalty: 0]
[feature_contri: ]
[forcedsplits_filename: ]
[refit_decay_rate: 0.9]
[cegb_tradeoff: 1]
[cegb_penalty_split: 0]
[cegb_penalty_feature_lazy: ]
[cegb_penalty_feature_coupled: ]
[path_smooth: 0]
[interaction_constraints: ]
[verbosity: -1]
[saved_feature_importance_type: 0]
[use_quantized_grad: 0]
[num_grad_quant_bins: 4]
[quant_train_renew_leaf: 0]
[stochastic_rounding: 1]
[linear_tree: 0]
[max_bin: 255]
[max_bin_by_feature: ]
[min_data_in_bin: 3]
[bin_construct_sample_cnt: 200000]
[data_random_seed: 38]
[is_enable_sparse: 1]
[enable_bundle: 1]
[use_missing: 1]
[zero_as_missing: 0]
[feature_pre_filter: 1]
[pre_partition: 0]
[two_round: 0]
[header: 0]
[label_column: ]
[weight_column: ]
[group_column: ]
[ignore_column: ]
[categorical_feature: ]
[forcedbins_filename: ]
[precise_float_parser: 0]
[parser_config_file: ]
[objective_seed: 8855]
[num_class: 1]
[is_unbalance: 0]
[scale_pos_weight: 1]
[sigmoid: 1]
[boost_from_average: 1]
[reg_sqrt: 0]
[alpha: 0.9]
[fair_c: 1]
[poisson_max_delta_step: 0.7]
[tweedie_variance_power: 1.5]
[lambdarank_truncation_level: 30]
[lambdarank_norm: 1]
[label_gain: ]
[lambdarank_position_bias_regularization: 0]
[eval_at: ]
[multi_error_top_k: 1]
[auc_mu_weights: ]
[num_machines: 1]
[local_listen_port: 12400]
[time_out: 120]
[machine_list_filename: ]
[machines: ]
[gpu_platform_id: -1]
[gpu_device_id: -1]
[gpu_device_id_list: ]
[gpu_use_dp: 0]
[num_gpu: 1]

end of parameters

pandas_categorical:null
