experiment,scenario,arm,metric,n,mean,std,seed_ci95_lo,seed_ci95_hi
C00_current_dtr,S0,age_temporal,abs_beta_mean,5,0.02401016354560852,0.018702442620250562,0.007616749792294063,0.04040357729892298
C00_current_dtr,S0,age_temporal,auprc,5,0.5269029183023015,0.0021265059129260706,0.5250389536861652,0.5287668829184379
C00_current_dtr,S0,age_temporal,auroc,5,0.7317376544947554,0.0011372944803936425,0.730740771929466,0.7327345370600448
C00_current_dtr,S0,age_temporal,bce,5,0.48184423147935007,0.0008856708525267913,0.48106790674842953,0.4826205562102706
C00_current_dtr,S0,age_temporal,beta_mean,5,0.015898411720991136,0.027467106377623122,-0.008177568545197519,0.039974391987179794
C00_current_dtr,S0,age_temporal,cf_rmse_age,5,0.0985472914537284,0.01588731604521155,0.08462144494013887,0.11247313796731792
C00_current_dtr,S0,age_temporal,cf_rmse_lag,5,0.12166685605889316,0.009480910655951622,0.11335647145849166,0.12997724065929467
C00_current_dtr,S0,age_temporal,content_free_lambda_rmse,5,0.03415436070115694,0.003350703711809643,0.031217339402506587,0.03709138199980729
C00_current_dtr,S0,age_temporal,delta_bce_beta0,5,5.411360118934283e-06,1.6401186134303223e-05,-8.964913387373884e-06,1.9787633625242453e-05
C00_current_dtr,S0,age_temporal,delta_bce_full_age_shuffle,5,0.004966223143177406,0.001364566275617417,0.003770128065960377,0.006162318220394435
C00_current_dtr,S0,age_temporal,delta_bce_gate_age_shuffle,5,2.27401696155205e-05,3.5298219444749054e-05,-8.20008390443969e-06,5.368042313548069e-05
C00_current_dtr,S0,age_temporal,gate_signal_correlation,5,0.8904436870066956,0.02770913848339267,0.8661555562459416,0.9147318177674496
C00_current_dtr,S0,age_temporal,gate_signal_mae,5,0.057963891338309724,0.005683949687015575,0.05298168976901438,0.06294609290760507
C00_current_dtr,S0,age_temporal,gate_signal_rmse,5,0.10461268218922845,0.01517480986604389,0.09131137487803387,0.11791398950042303
C00_current_dtr,S0,age_temporal,surface_rmse,5,0.15287830809638125,0.007088234163398752,0.14666519691190125,0.15909141928086126
C00_current_dtr,S0,matched,delta_auprc_at_minus_to,5,0.00012216041881172313,0.0005278190685227053,-0.00034049339346693317,0.0005848142310903795
C00_current_dtr,S0,matched,delta_auroc_at_minus_to,5,0.00026529142289215545,0.0006105668619675303,-0.000269894028309751,0.0008004768740940619
C00_current_dtr,S0,matched,delta_bce_to_minus_at,5,-4.682470935425398e-05,7.71357920333475e-05,-0.00011443721215231585,2.0787793443807892e-05
C00_current_dtr,S0,temporal_only,abs_beta_mean,5,0.0,0.0,0.0,0.0
C00_current_dtr,S0,temporal_only,auprc,5,0.5267807578834899,0.002081573511016787,0.5249561782541377,0.5286053375128421
C00_current_dtr,S0,temporal_only,auroc,5,0.7314723630718631,0.001164010044232276,0.730452063282388,0.7324926628613383
C00_current_dtr,S0,temporal_only,bce,5,0.48179740676999583,0.0008709835913695931,0.4810339559911008,0.48256085754889083
C00_current_dtr,S0,temporal_only,beta_mean,5,0.0,0.0,0.0,0.0
C00_current_dtr,S0,temporal_only,cf_rmse_age,5,0.09781324817888268,0.01406533883180633,0.085484435107124,0.11014206125064135
C00_current_dtr,S0,temporal_only,cf_rmse_lag,5,0.12138455637788234,0.00980242062690211,0.11279235586248905,0.12997675689327565
C00_current_dtr,S0,temporal_only,content_free_lambda_rmse,5,0.03267719555170554,0.004007632878534739,0.029164350449960942,0.03619004065345014
C00_current_dtr,S0,temporal_only,delta_bce_beta0,5,0.0,0.0,0.0,0.0
C00_current_dtr,S0,temporal_only,delta_bce_full_age_shuffle,5,0.00501311159230533,0.0013906088145069278,0.003794189223280959,0.006232033961329701
C00_current_dtr,S0,temporal_only,delta_bce_gate_age_shuffle,5,0.0,0.0,0.0,0.0
C00_current_dtr,S0,temporal_only,gate_signal_correlation,5,0.88729724952648,0.02628801922346038,0.8642547847193084,0.9103397143336517
C00_current_dtr,S0,temporal_only,gate_signal_mae,5,0.05859062308419978,0.005377954883100603,0.053876637786372146,0.06330460838202741
C00_current_dtr,S0,temporal_only,gate_signal_rmse,5,0.1059487562617005,0.01467856054427061,0.09308243065967703,0.11881508186372397
C00_current_dtr,S0,temporal_only,surface_rmse,5,0.15236759238570444,0.007514175168104219,0.14578112744918142,0.15895405732222745
C00_current_dtr,S1,age_temporal,abs_beta_mean,5,0.04863510187715292,0.03469157625261805,0.018226594560144138,0.0790436091941617
C00_current_dtr,S1,age_temporal,auprc,5,0.5379446794126513,0.0011126366713166164,0.5369694103699727,0.53891994845533
C00_current_dtr,S1,age_temporal,auroc,5,0.7416180242769321,0.0009410378824482604,0.7407931682045059,0.7424428803493583
C00_current_dtr,S1,age_temporal,bce,5,0.48067791598458554,0.0004188460187743091,0.4803107812619124,0.48104505070725867
C00_current_dtr,S1,age_temporal,beta_mean,5,0.04863510187715292,0.03469157625261805,0.018226594560144138,0.0790436091941617
C00_current_dtr,S1,age_temporal,cf_rmse_age,5,0.14927759186338163,0.015043205669203533,0.1360916407168487,0.16246354300991456
C00_current_dtr,S1,age_temporal,cf_rmse_lag,5,0.12101789414568957,0.011217075966446596,0.1111856935527461,0.13085009473863304
C00_current_dtr,S1,age_temporal,content_free_lambda_rmse,5,0.04319364866557573,0.006565888271064245,0.037438393842922586,0.04894890348822887
C00_current_dtr,S1,age_temporal,delta_bce_beta0,5,0.00013978990011740411,9.04846414887262e-05,6.047661487631621e-05,0.00021910318535849202
C00_current_dtr,S1,age_temporal,delta_bce_full_age_shuffle,5,0.00907588166468939,0.0019938957652224365,0.007328154968023548,0.01082360836135523
C00_current_dtr,S1,age_temporal,delta_bce_gate_age_shuffle,5,0.00014830690495329924,0.00011505659404384185,4.7455353660981155e-05,0.0002491584562456173
C00_current_dtr,S1,age_temporal,gate_signal_correlation,5,0.977475431972841,0.0014899866566025516,0.9761694010845465,0.9787814628611355
C00_current_dtr,S1,age_temporal,gate_signal_mae,5,0.03797780086138301,0.0024420098274194326,0.03583728487085672,0.04011831685190931
C00_current_dtr,S1,age_temporal,gate_signal_rmse,5,0.054239673834485545,0.0018345247017716281,0.0526316420341765,0.05584770563479459
C00_current_dtr,S1,age_temporal,surface_rmse,5,0.17135449862380417,0.015809904038064697,0.15749650672623464,0.1852124905213737
C00_current_dtr,S1,matched,delta_auprc_at_minus_to,5,0.00016293310728996425,9.25546023793465e-05,8.180542133009669e-05,0.0002440607932498318
C00_current_dtr,S1,matched,delta_auroc_at_minus_to,5,0.00013692229303297054,0.000117546194157781,3.388851102476127e-05,0.0002399560750411798
C00_current_dtr,S1,matched,delta_bce_to_minus_at,5,8.261476653159683e-05,7.457629981460439e-05,1.7245757580419555e-05,0.0001479837754827741
C00_current_dtr,S1,temporal_only,abs_beta_mean,5,0.0,0.0,0.0,0.0
C00_current_dtr,S1,temporal_only,auprc,5,0.5377817463053614,0.0011532314060269516,0.5367708944088371,0.5387925982018856
C00_current_dtr,S1,temporal_only,auroc,5,0.7414811019838992,0.0010450691515484385,0.7405650584835914,0.7423971454842069
C00_current_dtr,S1,temporal_only,bce,5,0.4807605307511172,0.0004775194984724505,0.48034196645592414,0.48117909504631023
C00_current_dtr,S1,temporal_only,beta_mean,5,0.0,0.0,0.0,0.0
C00_current_dtr,S1,temporal_only,cf_rmse_age,5,0.14908801874645614,0.015101815581707317,0.1358506937465058,0.16232534374640648
C00_current_dtr,S1,temporal_only,cf_rmse_lag,5,0.12092752194526508,0.011449729294408616,0.11089139171896789,0.13096365217156228
C00_current_dtr,S1,temporal_only,content_free_lambda_rmse,5,0.039834914686989964,0.00498980985051569,0.035461153510933915,0.04420867586304601
C00_current_dtr,S1,temporal_only,delta_bce_beta0,5,0.0,0.0,0.0,0.0
C00_current_dtr,S1,temporal_only,delta_bce_full_age_shuffle,5,0.009017456723670946,0.001955389754157559,0.0073034820338522075,0.010731431413489685
C00_current_dtr,S1,temporal_only,delta_bce_gate_age_shuffle,5,0.0,0.0,0.0,0.0
C00_current_dtr,S1,temporal_only,gate_signal_correlation,5,0.9779789008360492,0.0011225147934426215,0.9769949732375656,0.9789628284345329
C00_current_dtr,S1,temporal_only,gate_signal_mae,5,0.037391287409713904,0.0029863531090450726,0.03477363349550999,0.040008941323917815
C00_current_dtr,S1,temporal_only,gate_signal_rmse,5,0.05385998098814555,0.001955706218122741,0.05214572890543089,0.055574233070860214
C00_current_dtr,S1,temporal_only,surface_rmse,5,0.17053316612934405,0.016086103699182123,0.1564330745544671,0.184633257704221
C00_current_dtr,S2,age_temporal,abs_beta_mean,5,0.5840415894985199,0.05447945027262595,0.5362882458574468,0.631794933139593
C00_current_dtr,S2,age_temporal,auprc,5,0.5761915103238586,0.001650844667102689,0.5747444811726522,0.577638539475065
C00_current_dtr,S2,age_temporal,auroc,5,0.7589250366645814,0.001308318983265424,0.7577782445129102,0.7600718288162527
C00_current_dtr,S2,age_temporal,bce,5,0.45876593111041586,0.0007333019355067564,0.4581231636238923,0.4594086985969394
C00_current_dtr,S2,age_temporal,beta_mean,5,-0.5840415894985199,0.05447945027262595,-0.631794933139593,-0.5362882458574468
C00_current_dtr,S2,age_temporal,cf_rmse_age,5,0.17052594561803938,0.01105789466598972,0.16083327358685473,0.18021861764922403
C00_current_dtr,S2,age_temporal,cf_rmse_lag,5,0.14248175959355389,0.02122329031814964,0.12387872540937636,0.1610847937777314
C00_current_dtr,S2,age_temporal,content_free_lambda_corr,5,0.981976032841931,0.0013909782843165301,0.9807567866183395,0.9831952790655225
C00_current_dtr,S2,age_temporal,content_free_lambda_rmse,5,0.6830616168601228,0.016571685080595935,0.6685358944380856,0.69758733928216
C00_current_dtr,S2,age_temporal,delta_bce_beta0,5,0.006960353219744586,0.0016663495920060546,0.005499733402638792,0.00842097303685038
C00_current_dtr,S2,age_temporal,delta_bce_full_age_shuffle,5,0.01861047613846849,0.0006140104977535661,0.018072272207413313,0.01914868006952367
C00_current_dtr,S2,age_temporal,delta_bce_gate_age_shuffle,5,0.010281552108479008,0.002028277666507703,0.008503688346573106,0.01205941587038491
C00_current_dtr,S2,age_temporal,gate_signal_correlation,5,0.7617262785074618,0.018907847430041508,0.7451528195000489,0.7782997375148747
C00_current_dtr,S2,age_temporal,gate_signal_mae,5,0.15882388084424098,0.00523807382994679,0.1542325066955109,0.16341525499297108
C00_current_dtr,S2,age_temporal,gate_signal_rmse,5,0.1929333972786072,0.006162799027400851,0.18753146575628754,0.19833532880092686
C00_current_dtr,S2,age_temporal,surface_rmse,5,0.19684889001716604,0.01369628979100028,0.18484356269237856,0.20885421734195353
C00_current_dtr,S2,matched,delta_auprc_at_minus_to,5,0.008856988080538763,0.0007285045585358445,0.00821842568033535,0.009495550480742175
C00_current_dtr,S2,matched,delta_auroc_at_minus_to,5,0.0031141377182925646,0.0002086512887720752,0.0029312467998999434,0.003297028636685186
C00_current_dtr,S2,matched,delta_bce_to_minus_at,5,0.004399312788481291,0.0003734855689753071,0.004071938253110454,0.0047266873238521285
C00_current_dtr,S2,temporal_only,abs_beta_mean,5,0.0,0.0,0.0,0.0
C00_current_dtr,S2,temporal_only,auprc,5,0.5673345222433198,0.0011642239821892664,0.5663140349289573,0.5683550095576824
C00_current_dtr,S2,temporal_only,auroc,5,0.7558108989462888,0.0011837356071584273,0.7547733089385715,0.7568484889540061
C00_current_dtr,S2,temporal_only,bce,5,0.46316524389889724,0.0004951884479988505,0.4627311920865892,0.4635992957112053
C00_current_dtr,S2,temporal_only,beta_mean,5,0.0,0.0,0.0,0.0
C00_current_dtr,S2,temporal_only,cf_rmse_age,5,0.18651925568456418,0.014928572180034464,0.173433785221549,0.19960472614757935
C00_current_dtr,S2,temporal_only,cf_rmse_lag,5,0.155585388823233,0.019458590400072705,0.13852918231792513,0.17264159532854087
C00_current_dtr,S2,temporal_only,content_free_lambda_rmse,5,0.843706767190805,0.0014929467028329721,0.842398141707592,0.8450153926740179
C00_current_dtr,S2,temporal_only,delta_bce_beta0,5,0.0,0.0,0.0,0.0
C00_current_dtr,S2,temporal_only,delta_bce_full_age_shuffle,5,0.008377124129925962,0.0010605320974180553,0.007447526759964259,0.009306721499887665
C00_current_dtr,S2,temporal_only,delta_bce_gate_age_shuffle,5,0.0,0.0,0.0,0.0
C00_current_dtr,S2,temporal_only,gate_signal_correlation,5,0.5044321929566807,0.003136366284971999,0.5016830466961907,0.5071813392171708
C00_current_dtr,S2,temporal_only,gate_signal_mae,5,0.22348561031128972,0.0014600714558726609,0.22220580125257308,0.22476541937000635
C00_current_dtr,S2,temporal_only,gate_signal_rmse,5,0.2645834431068331,0.00116524795882376,0.2635620582373766,0.26560482797628965
C00_current_dtr,S2,temporal_only,surface_rmse,5,0.2236918879138035,0.008754588944507992,0.2160181523637682,0.23136562346383882
C00_current_dtr,S3,age_temporal,abs_beta_mean,5,0.5969574213027954,0.03294558749094159,0.5680793406129379,0.6258355019926529
C00_current_dtr,S3,age_temporal,auprc,5,0.5305695302044571,0.0040714122149201485,0.5270007800494791,0.534138280359435
C00_current_dtr,S3,age_temporal,auroc,5,0.7335096920760196,0.0016735349386992654,0.7320427740248437,0.7349766101271954
C00_current_dtr,S3,age_temporal,bce,5,0.4878010527132178,0.0014863294214765405,0.48649822753285304,0.4891038778935825
C00_current_dtr,S3,age_temporal,beta_mean,5,0.5969574213027954,0.03294558749094159,0.5680793406129379,0.6258355019926529
C00_current_dtr,S3,age_temporal,cf_rmse_age,5,0.13378548968352694,0.023144427862149562,0.11349850419548517,0.1540724751715687
C00_current_dtr,S3,age_temporal,cf_rmse_lag,5,0.10008051965047533,0.017646855812380298,0.08461236852971245,0.11554867077123822
C00_current_dtr,S3,age_temporal,content_free_lambda_corr,5,0.9823637991780803,0.0008095859507601684,0.9816541658040251,0.9830734325521354
C00_current_dtr,S3,age_temporal,content_free_lambda_rmse,5,0.6810660481074631,0.01050776236844816,0.6718555882961355,0.6902765079187907
C00_current_dtr,S3,age_temporal,delta_bce_beta0,5,0.0068425160257727935,0.0008074052004769461,0.006134794163620701,0.007550237887924886
C00_current_dtr,S3,age_temporal,delta_bce_full_age_shuffle,5,0.020345857946720603,0.002239019793999137,0.018383270565479542,0.022308445327961664
C00_current_dtr,S3,age_temporal,delta_bce_gate_age_shuffle,5,0.010719406594613446,0.001388048976299707,0.009502728022708231,0.01193608516651866
C00_current_dtr,S3,age_temporal,gate_signal_correlation,5,0.6952445572867756,0.01607318582094991,0.6811557887314087,0.7093333258421425
C00_current_dtr,S3,age_temporal,gate_signal_mae,5,0.16991261603708777,0.005466227060119736,0.16512125676463216,0.17470397530954337
C00_current_dtr,S3,age_temporal,gate_signal_rmse,5,0.21670544282232282,0.007869446220100974,0.2098075690785004,0.22360331656614524
C00_current_dtr,S3,age_temporal,surface_rmse,5,0.1636081720973383,0.031480577360281904,0.13601422940551405,0.19120211478916255
C00_current_dtr,S3,matched,delta_auprc_at_minus_to,5,0.010864616696499097,0.000508179098184754,0.010419178077251122,0.011310055315747072
C00_current_dtr,S3,matched,delta_auroc_at_minus_to,5,0.003902229447277228,0.000969509475690046,0.003052416923027764,0.004752041971526692
C00_current_dtr,S3,matched,delta_bce_to_minus_at,5,0.004452916869880763,0.00028180251785524815,0.004205906072108029,0.004699927667653497
C00_current_dtr,S3,temporal_only,abs_beta_mean,5,0.0,0.0,0.0,0.0
C00_current_dtr,S3,temporal_only,auprc,5,0.519704913507958,0.003933660509746348,0.5162569080462799,0.5231529189696361
C00_current_dtr,S3,temporal_only,auroc,5,0.7296074626287424,0.0021173874009809924,0.7277514907407308,0.7314634345167541
C00_current_dtr,S3,temporal_only,bce,5,0.4922539695830985,0.001364838608890146,0.49105763579524303,0.493450303370954
C00_current_dtr,S3,temporal_only,beta_mean,5,0.0,0.0,0.0,0.0
C00_current_dtr,S3,temporal_only,cf_rmse_age,5,0.1395356136239184,0.017419862903549636,0.12426643056038136,0.15480479668745542
C00_current_dtr,S3,temporal_only,cf_rmse_lag,5,0.10590979097250704,0.017407140693063657,0.09065175941813852,0.12116782252687555
C00_current_dtr,S3,temporal_only,content_free_lambda_rmse,5,0.8443138999733322,0.0010544007186417679,0.8433896769938284,0.845238122952836
C00_current_dtr,S3,temporal_only,delta_bce_beta0,5,0.0,0.0,0.0,0.0
C00_current_dtr,S3,temporal_only,delta_bce_full_age_shuffle,5,0.009312114533120242,0.0014603119221546386,0.00803209469641411,0.010592134369826374
C00_current_dtr,S3,temporal_only,delta_bce_gate_age_shuffle,5,0.0,0.0,0.0,0.0
C00_current_dtr,S3,temporal_only,gate_signal_correlation,5,0.4861137704462129,0.008088101502354273,0.47902423689708545,0.49320330399534035
C00_current_dtr,S3,temporal_only,gate_signal_mae,5,0.22651982408986177,0.003330794278841739,0.22360025417865123,0.2294393940010723
C00_current_dtr,S3,temporal_only,gate_signal_rmse,5,0.2759144450284373,0.004609112972924734,0.27187437937845044,0.2799545106784242
C00_current_dtr,S3,temporal_only,surface_rmse,5,0.17170320265046707,0.026677997675338648,0.14831890665865674,0.1950874986422774
C01_staged_current,S0,age_temporal,abs_beta_mean,5,0.004649618046823889,0.005558860083087681,-0.00022293765026823106,0.009522173743916009
C01_staged_current,S0,age_temporal,auprc,5,0.5287464621713877,0.0017831185012294527,0.5271834898925585,0.5303094344502168
C01_staged_current,S0,age_temporal,auroc,5,0.7330461921333765,0.0008027174160812054,0.7323425792954169,0.7337498049713361
C01_staged_current,S0,age_temporal,bce,5,0.48069642540466084,0.0006462783641387212,0.48012993744165705,0.48126291336766464
C01_staged_current,S0,age_temporal,beta_mean,5,0.003976714436430484,0.00617711811963235,-0.001437768323622612,0.00939119719648358
C01_staged_current,S0,age_temporal,cf_rmse_age,5,0.09846917062130509,0.0104747313244732,0.08928766379657824,0.10765067744603193
C01_staged_current,S0,age_temporal,cf_rmse_lag,5,0.11649795199046757,0.005563449415876772,0.11162137356582104,0.1213745304151141
C01_staged_current,S0,age_temporal,content_free_lambda_rmse,5,0.10513959656690122,0.03258879561257655,0.07657425774743054,0.1337049353863719
C01_staged_current,S0,age_temporal,delta_bce_beta0,5,3.371701287613327e-07,6.354596946943641e-06,-5.232879682486281e-06,5.907219940008946e-06
C01_staged_current,S0,age_temporal,delta_bce_full_age_shuffle,5,0.004607546936634422,0.0013241932712217662,0.003446840358072945,0.005768253515195898
C01_staged_current,S0,age_temporal,delta_bce_gate_age_shuffle,5,9.051902903789432e-07,5.3162607654777275e-06,-3.7547177290485766e-06,5.5650983098064634e-06
C01_staged_current,S0,age_temporal,gate_signal_correlation,5,0.9270156350933535,0.04286095081439868,0.8894463552496555,0.9645849149370515
C01_staged_current,S0,age_temporal,gate_signal_mae,5,0.04903483110534661,0.009218534151419053,0.040954429651279885,0.05711523255941333
C01_staged_current,S0,age_temporal,gate_signal_rmse,5,0.08202611548003705,0.026252332317372597,0.05901493162524964,0.10503729933482445
C01_staged_current,S0,age_temporal,surface_rmse,5,0.14847331516101808,0.0073462004254087184,0.14203408657821778,0.15491254374381838
C01_staged_current,S0,matched,delta_auprc_at_minus_to,5,-6.261793980377739e-06,1.40681288427812e-05,-1.8593052604581952e-05,6.069464643826473e-06
C01_staged_current,S0,matched,delta_auroc_at_minus_to,5,1.369398660999721e-06,2.7136469048627167e-06,-1.0092177259126147e-06,3.7480150479120567e-06
C01_staged_current,S0,matched,delta_bce_to_minus_at,5,-2.334040780982427e-07,5.890481617364669e-06,-5.396638866221242e-06,4.929830710024756e-06
C01_staged_current,S0,temporal_only,abs_beta_mean,5,0.0,0.0,0.0,0.0
C01_staged_current,S0,temporal_only,auprc,5,0.5287527239653682,0.0017811059070680798,0.5271915158031026,0.5303139321276338
C01_staged_current,S0,temporal_only,auroc,5,0.7330448227347155,0.0008045378144274839,0.7323396142472521,0.7337500312221789
C01_staged_current,S0,temporal_only,bce,5,0.4806961920005827,0.0006472816842439497,0.4801288245887312,0.48126355941243426
C01_staged_current,S0,temporal_only,beta_mean,5,0.0,0.0,0.0,0.0
C01_staged_current,S0,temporal_only,cf_rmse_age,5,0.09848448712875853,0.010511258074304248,0.0892709631961489,0.10769801106136816
C01_staged_current,S0,temporal_only,cf_rmse_lag,5,0.1165077505473753,0.0056169355004992245,0.11158428950247086,0.12143121159227975
C01_staged_current,S0,temporal_only,content_free_lambda_rmse,5,0.10418818998606223,0.03308697912531344,0.07518617406428982,0.13319020590783465
C01_staged_current,S0,temporal_only,delta_bce_beta0,5,0.0,0.0,0.0,0.0
C01_staged_current,S0,temporal_only,delta_bce_full_age_shuffle,5,0.0046062399630298675,0.0013247906782323047,0.0034450097341355576,0.005767470191924177
C01_staged_current,S0,temporal_only,delta_bce_gate_age_shuffle,5,0.0,0.0,0.0,0.0
C01_staged_current,S0,temporal_only,gate_signal_correlation,5,0.9270258045076932,0.042794090071998345,0.8895151306886883,0.9645364783266982
C01_staged_current,S0,temporal_only,gate_signal_mae,5,0.04902804564822298,0.00918611238883438,0.040976063122071416,0.05708002817437455
C01_staged_current,S0,temporal_only,gate_signal_rmse,5,0.08203677369387735,0.02620007528197973,0.05907139515019884,0.10500215223755587
C01_staged_current,S0,temporal_only,surface_rmse,5,0.14848331490209932,0.007357817785070465,0.14203390325457732,0.1549327265496213
C01_staged_current,S1,age_temporal,abs_beta_mean,5,0.05579546950757504,0.026195612294553226,0.032834002944857735,0.07875693607029234
C01_staged_current,S1,age_temporal,auprc,5,0.5415182803532382,0.0016537396210155274,0.5400687136630454,0.542967847043431
C01_staged_current,S1,age_temporal,auroc,5,0.7438631912448059,0.0005933516740244368,0.7433430955711546,0.7443832869184572
C01_staged_current,S1,age_temporal,bce,5,0.4790493694457424,0.000593639605963546,0.4785290213886187,0.4795697175028661
C01_staged_current,S1,age_temporal,beta_mean,5,0.05579546950757504,0.026195612294553226,0.032834002944857735,0.07875693607029234
C01_staged_current,S1,age_temporal,cf_rmse_age,5,0.14049039319031068,0.015311712851194127,0.1270690851217176,0.15391170125890374
C01_staged_current,S1,age_temporal,cf_rmse_lag,5,0.11371951090859773,0.010126203359928471,0.1048435023144173,0.12259551950277817
C01_staged_current,S1,age_temporal,content_free_lambda_rmse,5,0.10633193354898537,0.01796600353977026,0.09058403711100554,0.1220798299869652
C01_staged_current,S1,age_temporal,delta_bce_beta0,5,0.00013220580959693028,5.7452867450322644e-05,8.184615088541736e-05,0.0001825654683084432
C01_staged_current,S1,age_temporal,delta_bce_full_age_shuffle,5,0.00917415978158621,0.002306683054439338,0.0071522629375751125,0.011196056625597308
C01_staged_current,S1,age_temporal,delta_bce_gate_age_shuffle,5,0.00016446008508925748,8.954684917673728e-05,8.596881105265607e-05,0.0002429513591258589
C01_staged_current,S1,age_temporal,gate_signal_correlation,5,0.9814691333190894,0.0017953584138364655,0.979895432283822,0.9830428343543567
C01_staged_current,S1,age_temporal,gate_signal_mae,5,0.03392564345525424,0.0009577775575797592,0.03308611441063399,0.03476517249987449
C01_staged_current,S1,age_temporal,gate_signal_rmse,5,0.048427268284531415,0.0013900112155832936,0.04720886973405912,0.04964566683500371
C01_staged_current,S1,age_temporal,surface_rmse,5,0.16368589104191228,0.01866155979135825,0.14732831266812796,0.1800434694156966
C01_staged_current,S1,matched,delta_auprc_at_minus_to,5,0.00016927940719633217,5.144863418382413e-05,0.00012418269098958852,0.00021437612340307583
C01_staged_current,S1,matched,delta_auroc_at_minus_to,5,0.0001324668136371221,5.0237827518075094e-05,8.843141626717051e-05,0.00017650221100707367
C01_staged_current,S1,matched,delta_bce_to_minus_at,5,8.914992513655572e-05,3.564629447087357e-05,5.790457040407923e-05,0.00012039527986903222
C01_staged_current,S1,temporal_only,abs_beta_mean,5,0.0,0.0,0.0,0.0
C01_staged_current,S1,temporal_only,auprc,5,0.541349000946042,0.0016800404762746923,0.5398763805397606,0.5428216213523234
C01_staged_current,S1,temporal_only,auroc,5,0.7437307244311688,0.0006335121966082827,0.7431754265073818,0.7442860223549559
C01_staged_current,S1,temporal_only,bce,5,0.4791385193708789,0.0006156838444629731,0.47859884868676283,0.479678190054995
C01_staged_current,S1,temporal_only,beta_mean,5,0.0,0.0,0.0,0.0
C01_staged_current,S1,temporal_only,cf_rmse_age,5,0.1398819068273295,0.015007668641847173,0.12672710525868033,0.1530367083959787
C01_staged_current,S1,temporal_only,cf_rmse_lag,5,0.11389554743339583,0.01027940369967925,0.10488525282066274,0.12290584204612892
C01_staged_current,S1,temporal_only,content_free_lambda_rmse,5,0.10308816242487448,0.0179685773509717,0.08733800994190605,0.11883831490784291
C01_staged_current,S1,temporal_only,delta_bce_beta0,5,0.0,0.0,0.0,0.0
C01_staged_current,S1,temporal_only,delta_bce_full_age_shuffle,5,0.009085743950151003,0.002242652020300518,0.007119972782181478,0.011051515118120529
C01_staged_current,S1,temporal_only,delta_bce_gate_age_shuffle,5,0.0,0.0,0.0,0.0
C01_staged_current,S1,temporal_only,gate_signal_correlation,5,0.9818806851417277,0.00155357353334603,0.980518917898514,0.9832424523849413
C01_staged_current,S1,temporal_only,gate_signal_mae,5,0.033635283422923,0.0014242626337143066,0.03238686218073815,0.034883704665107845
C01_staged_current,S1,temporal_only,gate_signal_rmse,5,0.04819071698535958,0.001140231191884813,0.04719126027895252,0.04919017369176664
C01_staged_current,S1,temporal_only,surface_rmse,5,0.1629460650703982,0.018533777209776437,0.14670049306780678,0.1791916370729896
C01_staged_current,S2,age_temporal,abs_beta_mean,5,1.005927360057831,0.043300353596241445,0.9679729266941693,1.0438817934214923
C01_staged_current,S2,age_temporal,auprc,5,0.5816663096022688,0.0013008741802418137,0.5805260431081684,0.5828065760963693
C01_staged_current,S2,age_temporal,auroc,5,0.7612741519426053,0.0009765801401290623,0.7604181417077138,0.7621301621774967
C01_staged_current,S2,age_temporal,bce,5,0.4557346425759704,0.0006416937682382248,0.4551721731884551,0.4562971119634857
C01_staged_current,S2,age_temporal,beta_mean,5,-1.005927360057831,0.043300353596241445,-1.0438817934214923,-0.9679729266941693
C01_staged_current,S2,age_temporal,cf_rmse_age,5,0.15913414427197853,0.018107961797223404,0.1432618159350547,0.17500647260890237
C01_staged_current,S2,age_temporal,cf_rmse_lag,5,0.13254046865889374,0.019015772679752754,0.11587240899910242,0.14920852831868506
C01_staged_current,S2,age_temporal,content_free_lambda_corr,5,0.992907305444627,0.0011619443727699913,0.9918888162960209,0.9939257945932332
C01_staged_current,S2,age_temporal,content_free_lambda_rmse,5,0.6543998271688082,0.033125248498158594,0.6253642666627337,0.6834353876748827
C01_staged_current,S2,age_temporal,delta_bce_beta0,5,0.012434287911081332,0.0018833657038608478,0.010783445084874091,0.014085130737288573
C01_staged_current,S2,age_temporal,delta_bce_full_age_shuffle,5,0.03366700979098809,0.001163863126213585,0.03264683878083425,0.034687180801141936
C01_staged_current,S2,age_temporal,delta_bce_gate_age_shuffle,5,0.02303527331158095,0.0031785336533253082,0.020249165723079346,0.025821380900082555
C01_staged_current,S2,age_temporal,gate_signal_correlation,5,0.8683400894787976,0.011555249033870995,0.8582114671228213,0.8784687118347739
C01_staged_current,S2,age_temporal,gate_signal_mae,5,0.11857645433967604,0.004537221702169919,0.11459940416690065,0.12255350451245142
C01_staged_current,S2,age_temporal,gate_signal_rmse,5,0.1493074273479956,0.0054683588959407725,0.14451419943905341,0.15410065525693778
C01_staged_current,S2,age_temporal,surface_rmse,5,0.17470400394046487,0.010992659902894645,0.16506851270027267,0.18433949518065706
C01_staged_current,S2,matched,delta_auprc_at_minus_to,5,0.007703486555117767,0.0013547567447693924,0.006515989910799735,0.0088909831994358
C01_staged_current,S2,matched,delta_auroc_at_minus_to,5,0.0021542970709036656,0.0008910154552144782,0.0013732875891735686,0.002935306552633763
C01_staged_current,S2,matched,delta_bce_to_minus_at,5,0.004263718123935678,0.0010849091777628355,0.003312753300946366,0.005214682946924991
C01_staged_current,S2,temporal_only,abs_beta_mean,5,0.0,0.0,0.0,0.0
C01_staged_current,S2,temporal_only,auprc,5,0.5739628230471511,0.0020445895108596158,0.5721706613232639,0.5757549847710383
C01_staged_current,S2,temporal_only,auroc,5,0.7591198548717015,0.0016748106029437042,0.7576518186515147,0.7605878910918884
C01_staged_current,S2,temporal_only,bce,5,0.4599983606999062,0.0010877937645971743,0.45904486742507544,0.4609518539747369
C01_staged_current,S2,temporal_only,beta_mean,5,0.0,0.0,0.0,0.0
C01_staged_current,S2,temporal_only,cf_rmse_age,5,0.1879039663697955,0.017862350049915154,0.17224692622158874,0.20356100651800227
C01_staged_current,S2,temporal_only,cf_rmse_lag,5,0.15572119502602694,0.017003759834871596,0.14081674238339636,0.1706256476686575
C01_staged_current,S2,temporal_only,content_free_lambda_rmse,5,0.9045266364935415,0.017319887735556757,0.8893450855285085,0.9197081874585744
C01_staged_current,S2,temporal_only,delta_bce_beta0,5,0.0,0.0,0.0,0.0
C01_staged_current,S2,temporal_only,delta_bce_full_age_shuffle,5,0.008215409041392363,0.0010760715599609542,0.0072721907319554056,0.009158627350829321
C01_staged_current,S2,temporal_only,delta_bce_gate_age_shuffle,5,0.0,0.0,0.0,0.0
C01_staged_current,S2,temporal_only,gate_signal_correlation,5,0.5037089289138162,0.0027520642164750742,0.501296638268555,0.5061212195590775
C01_staged_current,S2,temporal_only,gate_signal_mae,5,0.2215890063006392,0.0008825372189862302,0.2208154283206231,0.22236258428065533
C01_staged_current,S2,temporal_only,gate_signal_rmse,5,0.2639709960653772,0.0006565565073831259,0.26339549891259845,0.264546493218156
C01_staged_current,S2,temporal_only,surface_rmse,5,0.21924379582415235,0.005847782252057443,0.21411798867993118,0.22436960296837352
C01_staged_current,S3,age_temporal,abs_beta_mean,5,0.8860459923744202,0.051523044754966614,0.8408840524263114,0.931207932322529
C01_staged_current,S3,age_temporal,auprc,5,0.5384013227569182,0.002380155887757031,0.5363150241349863,0.5404876213788501
C01_staged_current,S3,age_temporal,auroc,5,0.7364737416580809,0.0020708859280394168,0.7346585301082533,0.7382889532079084
C01_staged_current,S3,age_temporal,bce,5,0.48482236977508314,0.0012482120547707533,0.48372826366920074,0.48591647588096554
C01_staged_current,S3,age_temporal,beta_mean,5,0.8860459923744202,0.051523044754966614,0.8408840524263114,0.931207932322529
C01_staged_current,S3,age_temporal,cf_rmse_age,5,0.1401675364694739,0.022142477013304074,0.12075879962301994,0.15957627331592789
C01_staged_current,S3,age_temporal,cf_rmse_lag,5,0.09765562166249406,0.017367937658112828,0.08243195308334669,0.11287929024164142
C01_staged_current,S3,age_temporal,content_free_lambda_corr,5,0.9910684298646663,0.0011380062890424464,0.9900709233715868,0.9920659363577458
C01_staged_current,S3,age_temporal,content_free_lambda_rmse,5,0.6981226715056625,0.026538484260985613,0.6748606644133327,0.7213846785979924
C01_staged_current,S3,age_temporal,delta_bce_beta0,5,0.009213261287814245,0.0010336876482987067,0.008307194114967907,0.010119328460660583
C01_staged_current,S3,age_temporal,delta_bce_full_age_shuffle,5,0.028444645113278277,0.0034374885145692937,0.025431553581021206,0.03145773664553535
C01_staged_current,S3,age_temporal,delta_bce_gate_age_shuffle,5,0.01705764049888797,0.0016770560159108585,0.015587636087456525,0.018527644910319416
C01_staged_current,S3,age_temporal,gate_signal_correlation,5,0.7675471798600871,0.03498385239319342,0.7368824812102155,0.7982118785099588
C01_staged_current,S3,age_temporal,gate_signal_mae,5,0.14581999248556027,0.009283196556822486,0.1376829119341378,0.15395707303698272
C01_staged_current,S3,age_temporal,gate_signal_rmse,5,0.1921171132644099,0.016232060376029707,0.17788908502146206,0.20634514150735772
C01_staged_current,S3,age_temporal,surface_rmse,5,0.15902715140300847,0.028044906586385986,0.13444470692349053,0.1836095958825264
C01_staged_current,S3,matched,delta_auprc_at_minus_to,5,0.012048305823797612,0.0026174133610795784,0.009754041857166277,0.014342569790428947
C01_staged_current,S3,matched,delta_auroc_at_minus_to,5,0.0036665665433244232,0.0017068889967681849,0.0021704123712109518,0.005162720715437895
C01_staged_current,S3,matched,delta_bce_to_minus_at,5,0.0047049268144294,0.0012426032454766933,0.003615737046657884,0.005794116582200915
C01_staged_current,S3,temporal_only,abs_beta_mean,5,0.0,0.0,0.0,0.0
C01_staged_current,S3,temporal_only,auprc,5,0.5263530169331206,0.002011672632118536,0.5245897081255946,0.5281163257406467
C01_staged_current,S3,temporal_only,auroc,5,0.7328071751147565,0.0008718057822876112,0.7320430036537464,0.7335713465757665
C01_staged_current,S3,temporal_only,bce,5,0.48952729658951244,0.0008602546880779908,0.48877325010899436,0.4902813430700305
C01_staged_current,S3,temporal_only,beta_mean,5,0.0,0.0,0.0,0.0
C01_staged_current,S3,temporal_only,cf_rmse_age,5,0.14376781269827277,0.017447950955288734,0.12847400937186243,0.1590616160246831
C01_staged_current,S3,temporal_only,cf_rmse_lag,5,0.09971967576084262,0.016699752379432033,0.08508169740193566,0.11435765411974957
C01_staged_current,S3,temporal_only,content_free_lambda_rmse,5,0.8895485439131299,0.01513658425431715,0.8762807428279259,0.9028163449983339
C01_staged_current,S3,temporal_only,delta_bce_beta0,5,0.0,0.0,0.0,0.0
C01_staged_current,S3,temporal_only,delta_bce_full_age_shuffle,5,0.009552954009059667,0.0019443347597226791,0.00784866944910746,0.011257238569011873
C01_staged_current,S3,temporal_only,delta_bce_gate_age_shuffle,5,0.0,0.0,0.0,0.0
C01_staged_current,S3,temporal_only,gate_signal_correlation,5,0.49329190986093174,0.015535093205538555,0.47967480027873505,0.5069090194431284
C01_staged_current,S3,temporal_only,gate_signal_mae,5,0.22542840056240263,0.00524793314102415,0.22082838434647867,0.23002841677832658
C01_staged_current,S3,temporal_only,gate_signal_rmse,5,0.27333368825528304,0.008218482126223774,0.2661298710504905,0.28053750546007555
C01_staged_current,S3,temporal_only,surface_rmse,5,0.16810065039857278,0.025273389939889184,0.1459475473710118,0.19025375342613376
C02_mass_current,S0,age_temporal,abs_beta_mean,5,0.019572239089757203,0.010210476528389916,0.010622361806500006,0.0285221163730144
C02_mass_current,S0,age_temporal,auprc,5,0.5175139461222533,0.001712920332622312,0.5160125052511696,0.519015386993337
C02_mass_current,S0,age_temporal,auroc,5,0.7273180503164571,0.0011115901554819613,0.7263436985853524,0.7282924020475618
C02_mass_current,S0,age_temporal,bce,5,0.48607401438361775,0.0005940243769848623,0.48555332905982357,0.4865946997074119
C02_mass_current,S0,age_temporal,beta_mean,5,-0.012695021647959947,0.019535609572454135,-0.02981873843443394,0.004428695138514047
C02_mass_current,S0,age_temporal,cf_rmse_age,5,0.12286758446673633,0.0148398708304311,0.10985986416470554,0.13587530476876714
C02_mass_current,S0,age_temporal,cf_rmse_lag,5,0.11682670605932491,0.006928153926344706,0.11075391138927249,0.12289950072937733
C02_mass_current,S0,age_temporal,content_free_lambda_rmse,5,0.028935479077992064,0.00805929651696164,0.021871194211792684,0.035999763944191444
C02_mass_current,S0,age_temporal,delta_bce_beta0,5,-2.3804683722872254e-06,4.524224480395505e-06,-6.346125977871367e-06,1.5851892332969159e-06
C02_mass_current,S0,age_temporal,delta_bce_full_age_shuffle,5,0.004247878744859379,0.001406616640444475,0.0030149248977434182,0.00548083259197534
C02_mass_current,S0,age_temporal,delta_bce_gate_age_shuffle,5,-8.07517463756735e-06,1.7424606193077886e-05,-2.3348515377690652e-05,7.198166102555953e-06
C02_mass_current,S0,age_temporal,gate_signal_correlation,5,0.8427293796208153,0.019917417765423797,0.8252709931973935,0.8601877660442371
C02_mass_current,S0,age_temporal,gate_signal_mae,5,0.07419000370926188,0.002846937016357106,0.07169455338833779,0.07668545403018596
C02_mass_current,S0,age_temporal,gate_signal_rmse,5,0.12214968228977088,0.009807833906732061,0.11355273682539864,0.13074662775414314
C02_mass_current,S0,age_temporal,surface_rmse,5,0.13917833864088816,0.006789847117508718,0.1332267752339486,0.14512990204782772
C02_mass_current,S0,matched,delta_auprc_at_minus_to,5,-3.59762434279709e-05,5.716619012043153e-05,-8.608461838056392e-05,1.4132131524622119e-05
C02_mass_current,S0,matched,delta_auroc_at_minus_to,5,-4.658496801068779e-06,2.3266203365499503e-05,-2.5052223224076556e-05,1.5735229621939e-05
C02_mass_current,S0,matched,delta_bce_to_minus_at,5,-8.914949502436541e-06,1.488017274733667e-05,-2.1957995992190503e-05,4.1280969873174185e-06
C02_mass_current,S0,temporal_only,abs_beta_mean,5,0.0,0.0,0.0,0.0
C02_mass_current,S0,temporal_only,auprc,5,0.5175499223656812,0.0016589906683047622,0.5160957529296012,0.5190040918017612
C02_mass_current,S0,temporal_only,auroc,5,0.7273227088132581,0.0010941928652806279,0.7263636064793711,0.7282818111471451
C02_mass_current,S0,temporal_only,bce,5,0.4860650994341153,0.0005847144604688547,0.4855525746119494,0.4865776242562812
C02_mass_current,S0,temporal_only,beta_mean,5,0.0,0.0,0.0,0.0
C02_mass_current,S0,temporal_only,cf_rmse_age,5,0.12291255592017167,0.014815042468532423,0.10992659863689123,0.13589851320345211
C02_mass_current,S0,temporal_only,cf_rmse_lag,5,0.1168389880032357,0.007013768126970765,0.11069114917758711,0.12298682682888427
C02_mass_current,S0,temporal_only,content_free_lambda_rmse,5,0.027979471203970728,0.007693263778543551,0.021236028179127904,0.03472291422881355
C02_mass_current,S0,temporal_only,delta_bce_beta0,5,0.0,0.0,0.0,0.0
C02_mass_current,S0,temporal_only,delta_bce_full_age_shuffle,5,0.004262905555893826,0.0014027724847969676,0.003033321259768681,0.005492489852018971
C02_mass_current,S0,temporal_only,delta_bce_gate_age_shuffle,5,0.0,0.0,0.0,0.0
C02_mass_current,S0,temporal_only,gate_signal_correlation,5,0.8432297567153387,0.019597503008623403,0.8260517879400556,0.8604077254906218
C02_mass_current,S0,temporal_only,gate_signal_mae,5,0.07407106503428854,0.0026868724236723423,0.07171591751489775,0.07642621255367932
C02_mass_current,S0,temporal_only,gate_signal_rmse,5,0.12190228891592232,0.00963775630285076,0.1134544230443718,0.13035015478747286
C02_mass_current,S0,temporal_only,surface_rmse,5,0.13922608498390548,0.006809170889210606,0.13325758354425996,0.14519458642355101
C02_mass_current,S1,age_temporal,abs_beta_mean,5,0.12416195869445801,0.049667765904420895,0.08062624236014809,0.16769767502876792
C02_mass_current,S1,age_temporal,auprc,5,0.5272337103687021,0.0034859203441236137,0.5241781664660871,0.5302892542713172
C02_mass_current,S1,age_temporal,auroc,5,0.7393211798794599,0.0015809411817155907,0.7379354238347678,0.7407069359241519
C02_mass_current,S1,age_temporal,bce,5,0.48454371417587583,0.0013351178316897032,0.48337343179786074,0.4857139965538909
C02_mass_current,S1,age_temporal,beta_mean,5,0.12416195869445801,0.049667765904420895,0.08062624236014809,0.16769767502876792
C02_mass_current,S1,age_temporal,cf_rmse_age,5,0.13873417147100459,0.010272134186862772,0.1297302488672013,0.14773809407480787
C02_mass_current,S1,age_temporal,cf_rmse_lag,5,0.129765160340497,0.01500133696843116,0.11661590872829827,0.14291441195269575
C02_mass_current,S1,age_temporal,content_free_lambda_rmse,5,0.052315662990932696,0.009425536920664165,0.044053815609549365,0.060577510372316026
C02_mass_current,S1,age_temporal,delta_bce_beta0,5,2.1241604643262856e-05,2.1020051306071122e-05,2.8167173077868155e-06,3.96664919787389e-05
C02_mass_current,S1,age_temporal,delta_bce_full_age_shuffle,5,0.00986637774204332,0.0028365441195690897,0.007380037196810079,0.01235271828727656
C02_mass_current,S1,age_temporal,delta_bce_gate_age_shuffle,5,-4.802525430037674e-05,4.55333677064121e-05,-8.793701083130095e-05,-8.11349776945253e-06
C02_mass_current,S1,age_temporal,gate_signal_correlation,5,0.9567788937379481,0.009699627817702826,0.9482767950924702,0.965280992383426
C02_mass_current,S1,age_temporal,gate_signal_mae,5,0.04633398588003012,0.004344279010430905,0.0425260574332549,0.050141914326805336
C02_mass_current,S1,age_temporal,gate_signal_rmse,5,0.06208273925903894,0.008272789255557326,0.054831319756568166,0.06933415876150972
C02_mass_current,S1,age_temporal,surface_rmse,5,0.16016980898957092,0.012400189770339515,0.14930056342350329,0.17103905455563856
C02_mass_current,S1,matched,delta_auprc_at_minus_to,5,3.0198374870282763e-05,0.00012004501178183398,-7.502571735766326e-05,0.00013542246709822878
C02_mass_current,S1,matched,delta_auroc_at_minus_to,5,-4.082632266861896e-05,4.394877807257395e-05,-7.934912514556335e-05,-2.3035201916745746e-06
C02_mass_current,S1,matched,delta_bce_to_minus_at,5,-3.462446116568874e-05,2.8465565928237032e-05,-5.957562981563638e-05,-9.673292515741098e-06
C02_mass_current,S1,temporal_only,abs_beta_mean,5,0.0,0.0,0.0,0.0
C02_mass_current,S1,temporal_only,auprc,5,0.527203511993832,0.003422816582236706,0.5242032809772932,0.5302037430103708
C02_mass_current,S1,temporal_only,auroc,5,0.7393620062021287,0.0015880587474989309,0.7379700113359537,0.7407540010683036
C02_mass_current,S1,temporal_only,bce,5,0.48450908971471024,0.00131596510356293,0.4833555954430972,0.4856625839863233
C02_mass_current,S1,temporal_only,beta_mean,5,0.0,0.0,0.0,0.0
C02_mass_current,S1,temporal_only,cf_rmse_age,5,0.13758896260099884,0.00977329804956919,0.12902228915014333,0.14615563605185436
C02_mass_current,S1,temporal_only,cf_rmse_lag,5,0.12917568466429324,0.01462809184232146,0.11635359683000121,0.14199777249858528
C02_mass_current,S1,temporal_only,content_free_lambda_rmse,5,0.031236316678213895,0.012097172439837609,0.020632677513096456,0.04183995584333133
C02_mass_current,S1,temporal_only,delta_bce_beta0,5,0.0,0.0,0.0,0.0
C02_mass_current,S1,temporal_only,delta_bce_full_age_shuffle,5,0.010003855680614848,0.0027626456093074844,0.0075822900355949265,0.01242542132563477
C02_mass_current,S1,temporal_only,delta_bce_gate_age_shuffle,5,0.0,0.0,0.0,0.0
C02_mass_current,S1,temporal_only,gate_signal_correlation,5,0.9590088287643364,0.009045883929559155,0.951079761902174,0.9669378956264987
C02_mass_current,S1,temporal_only,gate_signal_mae,5,0.04524365666333999,0.003918652121222323,0.04180880663423506,0.04867850669244492
C02_mass_current,S1,temporal_only,gate_signal_rmse,5,0.0605608869656322,0.007890124841649736,0.05364488761085188,0.06747688632041252
C02_mass_current,S1,temporal_only,surface_rmse,5,0.15879065582143448,0.011917883313505892,0.14834417050456591,0.16923714113830304
C02_mass_current,S2,age_temporal,abs_beta_mean,5,0.6355851411819458,0.11333658025298317,0.5362412484509977,0.7349290339128938
C02_mass_current,S2,age_temporal,auprc,5,0.5659772963980763,0.004249857588094985,0.5622521319771002,0.5697024608190523
C02_mass_current,S2,age_temporal,auroc,5,0.755781037535701,0.00237118265882298,0.7537026042957199,0.7578594707756822
C02_mass_current,S2,age_temporal,bce,5,0.4634556880360279,0.0021564447765860654,0.4615654808488409,0.46534589522321484
C02_mass_current,S2,age_temporal,beta_mean,5,-0.6355851411819458,0.11333658025298317,-0.7349290339128938,-0.5362412484509977
C02_mass_current,S2,age_temporal,cf_rmse_age,5,0.1716329628453858,0.013047407732480814,0.16019640572235228,0.1830695199684193
C02_mass_current,S2,age_temporal,cf_rmse_lag,5,0.14328904087845346,0.009040367204306392,0.13536480963918104,0.15121327211772587
C02_mass_current,S2,age_temporal,content_free_lambda_corr,5,0.9820107951770307,0.002788316080947456,0.979566728371527,0.9844548619825344
C02_mass_current,S2,age_temporal,content_free_lambda_rmse,5,0.6268971428418919,0.03101386537570062,0.5997122912416551,0.6540819944421287
C02_mass_current,S2,age_temporal,delta_bce_beta0,5,0.003868317479355443,0.001525205780043808,0.0025314156682448526,0.005205219290466034
C02_mass_current,S2,age_temporal,delta_bce_full_age_shuffle,5,0.014858093611744439,0.0036066529957983692,0.011696722873959939,0.01801946434952894
C02_mass_current,S2,age_temporal,delta_bce_gate_age_shuffle,5,0.0055522025605535315,0.002254915738210321,0.0035756817698779516,0.007528723351229111
C02_mass_current,S2,age_temporal,gate_signal_correlation,5,0.7029325803502994,0.07610930311725236,0.6362198347580967,0.769645325942502
C02_mass_current,S2,age_temporal,gate_signal_mae,5,0.1717474555792502,0.023499413244326483,0.15114931168454643,0.19234559947395397
C02_mass_current,S2,age_temporal,gate_signal_rmse,5,0.21770747365982243,0.03421532126656935,0.18771642224399748,0.24769852507564738
C02_mass_current,S2,age_temporal,surface_rmse,5,0.18061031649972292,0.011959387300417988,0.17012745133431384,0.191093181665132
C02_mass_current,S2,matched,delta_auprc_at_minus_to,5,0.005448992919464701,0.001407240272113286,0.004215492435089422,0.00668249340383998
C02_mass_current,S2,matched,delta_auroc_at_minus_to,5,0.002277371234405723,0.00036189794224914684,0.00196015370168946,0.002594588767121986
C02_mass_current,S2,matched,delta_bce_to_minus_at,5,0.0024223831575755916,0.0004423311151481663,0.002034662840298034,0.0028101034748531494
C02_mass_current,S2,temporal_only,abs_beta_mean,5,0.0,0.0,0.0,0.0
C02_mass_current,S2,temporal_only,auprc,5,0.5605283034786115,0.004771165459821088,0.5563461925609884,0.5647104143962346
C02_mass_current,S2,temporal_only,auroc,5,0.7535036663012952,0.002522977766066151,0.7512921787833625,0.7557151538192278
C02_mass_current,S2,temporal_only,bce,5,0.46587807119360347,0.002275747059425803,0.4638832909448107,0.46787285144239626
C02_mass_current,S2,temporal_only,beta_mean,5,0.0,0.0,0.0,0.0
C02_mass_current,S2,temporal_only,cf_rmse_age,5,0.17182458215717372,0.012460022279002107,0.16090289108490557,0.18274627322944187
C02_mass_current,S2,temporal_only,cf_rmse_lag,5,0.15900160154883117,0.0056391738396272765,0.1540586477402319,0.16394455535743044
C02_mass_current,S2,temporal_only,content_free_lambda_rmse,5,0.8187384784239532,0.004101505582174592,0.815143350269553,0.8223336065783534
C02_mass_current,S2,temporal_only,delta_bce_beta0,5,0.0,0.0,0.0,0.0
C02_mass_current,S2,temporal_only,delta_bce_full_age_shuffle,5,0.00935065278609718,0.0022944988687086188,0.007339435851763476,0.011361869720430883
C02_mass_current,S2,temporal_only,delta_bce_gate_age_shuffle,5,0.0,0.0,0.0,0.0
C02_mass_current,S2,temporal_only,gate_signal_correlation,5,0.4946960054619402,0.01559137893401945,0.4810295592634453,0.508362451660435
C02_mass_current,S2,temporal_only,gate_signal_mae,5,0.2241772343672334,0.00712838586250823,0.217928928666734,0.23042554006773283
C02_mass_current,S2,temporal_only,gate_signal_rmse,5,0.2679402798687835,0.007362150583073858,0.2614870703563611,0.2743934893812059
C02_mass_current,S2,temporal_only,surface_rmse,5,0.2088340555461327,0.0030510111970635965,0.20615972631892782,0.2115083847733376
C02_mass_current,S3,age_temporal,abs_beta_mean,5,0.6127272009849548,0.0344696453062105,0.5825132247194774,0.6429411772504322
C02_mass_current,S3,age_temporal,auprc,5,0.5166935491550914,0.004384510433177001,0.5128503563114482,0.5205367419987346
C02_mass_current,S3,age_temporal,auroc,5,0.7296977383956607,0.0013170764407917548,0.7285432699940165,0.7308522067973048
C02_mass_current,S3,age_temporal,bce,5,0.49269553793152127,0.001342046578770589,0.4915191822389133,0.49387189362412925
C02_mass_current,S3,age_temporal,beta_mean,5,0.6127272009849548,0.0344696453062105,0.5825132247194774,0.6429411772504322
C02_mass_current,S3,age_temporal,cf_rmse_age,5,0.1303367201390568,0.015614789357119076,0.11664975379996828,0.14402368647814534
C02_mass_current,S3,age_temporal,cf_rmse_lag,5,0.1039837974741465,0.006860052139250293,0.09797069665242435,0.10999689829586866
C02_mass_current,S3,age_temporal,content_free_lambda_corr,5,0.9816591951565918,0.0008212373946772779,0.9809393488416479,0.9823790414715358
C02_mass_current,S3,age_temporal,content_free_lambda_rmse,5,0.6375646558580496,0.011779062661337117,0.6272398522078336,0.6478894595082655
C02_mass_current,S3,age_temporal,delta_bce_beta0,5,0.0017576136329141567,0.00039533275280945857,0.0014110891965806412,0.0021041380692476725
C02_mass_current,S3,age_temporal,delta_bce_full_age_shuffle,5,0.012506745508116302,0.0017581443337914297,0.010965664052227726,0.014047826964004879
C02_mass_current,S3,age_temporal,delta_bce_gate_age_shuffle,5,0.003010788130625874,0.0004954805244673036,0.002576480302005308,0.0034450959592464405
C02_mass_current,S3,age_temporal,gate_signal_correlation,5,0.6524572482611461,0.024562140676809115,0.630927582700453,0.6739869138218393
C02_mass_current,S3,age_temporal,gate_signal_mae,5,0.1753599179139686,0.008097789382222694,0.16826189256372723,0.18245794326420997
C02_mass_current,S3,age_temporal,gate_signal_rmse,5,0.23099377845947067,0.011063397305643916,0.22129628315196762,0.24069127376697372
C02_mass_current,S3,age_temporal,surface_rmse,5,0.14285588556127987,0.00915612014860399,0.13483019239280575,0.150881578729754
C02_mass_current,S3,matched,delta_auprc_at_minus_to,5,0.003020822098798126,0.00163287784817645,0.0015895415587474859,0.004452102638848767
C02_mass_current,S3,matched,delta_auroc_at_minus_to,5,0.001260838864649272,0.0004375091890116307,0.0008773451519842343,0.0016443325773143095
C02_mass_current,S3,matched,delta_bce_to_minus_at,5,0.0009936128941520517,0.0004794837946201721,0.0005733268174709927,0.0014138989708331108
C02_mass_current,S3,temporal_only,abs_beta_mean,5,0.0,0.0,0.0,0.0
C02_mass_current,S3,temporal_only,auprc,5,0.5136727270562933,0.003971873551634022,0.5101912263865743,0.5171542277260123
C02_mass_current,S3,temporal_only,auroc,5,0.7284368995310114,0.001694013942776141,0.7269520308413066,0.7299217682207163
C02_mass_current,S3,temporal_only,bce,5,0.4936891508256733,0.0012135762773223442,0.4926254043172995,0.49475289733404704
C02_mass_current,S3,temporal_only,beta_mean,5,0.0,0.0,0.0,0.0
C02_mass_current,S3,temporal_only,cf_rmse_age,5,0.13265143834948706,0.015960546044984775,0.11866140291096333,0.1466414737880108
C02_mass_current,S3,temporal_only,cf_rmse_lag,5,0.10682032235730976,0.006121633626087864,0.10145447390016761,0.11218617081445191
C02_mass_current,S3,temporal_only,content_free_lambda_rmse,5,0.8208625063930912,0.0018892692485468808,0.8192064888818114,0.8225185239043711
C02_mass_current,S3,temporal_only,delta_bce_beta0,5,0.0,0.0,0.0,0.0
C02_mass_current,S3,temporal_only,delta_bce_full_age_shuffle,5,0.009310556962976047,0.0014985430533019988,0.00799702606229385,0.010624087863658245
C02_mass_current,S3,temporal_only,delta_bce_gate_age_shuffle,5,0.0,0.0,0.0,0.0
C02_mass_current,S3,temporal_only,gate_signal_correlation,5,0.4932943578814511,0.005779790218226242,0.4882281483825833,0.49836056738031886
C02_mass_current,S3,temporal_only,gate_signal_mae,5,0.21864242084114754,0.0024517500280009136,0.2164933671883803,0.22079147449391479
C02_mass_current,S3,temporal_only,gate_signal_rmse,5,0.2674222711873047,0.0031521433746306464,0.26465929569798885,0.2701852466766206
C02_mass_current,S3,temporal_only,surface_rmse,5,0.15169478314347903,0.009006794356533798,0.14379997980277517,0.1595895864841829
C03_weak_lambda_init,S0,age_temporal,abs_beta_mean,5,0.024013579543679952,0.020577650793295592,0.005976473355183878,0.042050685732176026
C03_weak_lambda_init,S0,age_temporal,auprc,5,0.5261733162983683,0.0026021161169184656,0.5238924609574395,0.5284541716392971
C03_weak_lambda_init,S0,age_temporal,auroc,5,0.7304007255369294,0.0019843339214657284,0.7286613801658546,0.7321400709080041
C03_weak_lambda_init,S0,age_temporal,bce,5,0.4821892513480508,0.0007330441230292455,0.48154670984412756,0.48283179285197403
C03_weak_lambda_init,S0,age_temporal,beta_mean,5,0.023166566994041203,0.021757583331677138,0.0040952043345886015,0.04223792965349381
C03_weak_lambda_init,S0,age_temporal,cf_rmse_age,5,0.13322100984103413,0.012105673624382023,0.12260991905911671,0.14383210062295157
C03_weak_lambda_init,S0,age_temporal,cf_rmse_lag,5,0.12310408098489359,0.008415377810092498,0.11572767710372721,0.13048048486605995
C03_weak_lambda_init,S0,age_temporal,content_free_lambda_rmse,5,0.5840771743708755,0.0007204113451654832,0.583445705984971,0.5847086427567799
C03_weak_lambda_init,S0,age_temporal,delta_bce_beta0,5,7.020640994848115e-06,2.243957393718392e-05,-1.2648512787344814e-05,2.6689794777041046e-05
C03_weak_lambda_init,S0,age_temporal,delta_bce_full_age_shuffle,5,0.006366877814864236,0.0012463350023344756,0.005274417017984995,0.0074593386117434764
C03_weak_lambda_init,S0,age_temporal,delta_bce_gate_age_shuffle,5,3.40372721768123e-05,4.4491993300989385e-05,-4.96167944157489e-06,7.303622379519948e-05
C03_weak_lambda_init,S0,age_temporal,gate_signal_correlation,5,0.9170674458911525,0.026361244627167105,0.8939607961876765,0.9401740955946285
C03_weak_lambda_init,S0,age_temporal,gate_signal_mae,5,0.05397543584287769,0.005828410834523148,0.048866608494776,0.05908426319097939
C03_weak_lambda_init,S0,age_temporal,gate_signal_rmse,5,0.08978256512191042,0.015479868899037274,0.07621386177862581,0.10335126846519503
C03_weak_lambda_init,S0,age_temporal,surface_rmse,5,0.15826840970378445,0.011099498946148171,0.1485392699131528,0.1679975494944161
C03_weak_lambda_init,S0,matched,delta_auprc_at_minus_to,5,4.696357178373134e-05,4.0914413556092984e-05,1.1100507075113919e-05,8.282663649234877e-05
C03_weak_lambda_init,S0,matched,delta_auroc_at_minus_to,5,3.779286168938967e-05,3.099404576039491e-05,1.0625382747940652e-05,6.496034063083868e-05
C03_weak_lambda_init,S0,matched,delta_bce_to_minus_at,5,3.0330674755341126e-05,2.698682777259767e-05,6.675677247870936e-06,5.3985672262811315e-05
C03_weak_lambda_init,S0,temporal_only,abs_beta_mean,5,0.0,0.0,0.0,0.0
C03_weak_lambda_init,S0,temporal_only,auprc,5,0.5261263527265845,0.002587662665226345,0.523858166394649,0.52839453905852
C03_weak_lambda_init,S0,temporal_only,auroc,5,0.73036293267524,0.0019649631580699075,0.728640566526907,0.732085298823573
C03_weak_lambda_init,S0,temporal_only,bce,5,0.4822195820228061,0.000711935510506061,0.4815955430335478,0.48284362101206446
C03_weak_lambda_init,S0,temporal_only,beta_mean,5,0.0,0.0,0.0,0.0
C03_weak_lambda_init,S0,temporal_only,cf_rmse_age,5,0.1328067428302816,0.011150853946340073,0.12303258839725582,0.14258089726330736
C03_weak_lambda_init,S0,temporal_only,cf_rmse_lag,5,0.12292960118544168,0.008567138433424439,0.11542017325280474,0.13043902911807861
C03_weak_lambda_init,S0,temporal_only,content_free_lambda_rmse,5,0.5840287055400134,0.000743627036374653,0.5833768877035431,0.5846805233764837
C03_weak_lambda_init,S0,temporal_only,delta_bce_beta0,5,0.0,0.0,0.0,0.0
C03_weak_lambda_init,S0,temporal_only,delta_bce_full_age_shuffle,5,0.006347883088831652,0.0012330164109750988,0.005267096552004902,0.0074286696256584015
C03_weak_lambda_init,S0,temporal_only,delta_bce_gate_age_shuffle,5,0.0,0.0,0.0,0.0
C03_weak_lambda_init,S0,temporal_only,gate_signal_correlation,5,0.9174688846994116,0.02598353480866611,0.8946933122492711,0.9402444571495521
C03_weak_lambda_init,S0,temporal_only,gate_signal_mae,5,0.05387279658291334,0.005784053885837633,0.048802849814605476,0.05894274335122121
C03_weak_lambda_init,S0,temporal_only,gate_signal_rmse,5,0.08962263688925409,0.015288761751984849,0.07622144634611323,0.10302382743239495
C03_weak_lambda_init,S0,temporal_only,surface_rmse,5,0.1579990769296677,0.01117892345929109,0.14820031848373283,0.16779783537560256
C03_weak_lambda_init,S1,age_temporal,abs_beta_mean,5,0.04995132349431515,0.016751120024837692,0.0352683194089955,0.0646343275796348
C03_weak_lambda_init,S1,age_temporal,auprc,5,0.5380691378698893,0.0008036180769365968,0.537364735567882,0.5387735401718966
C03_weak_lambda_init,S1,age_temporal,auroc,5,0.7411806705070213,0.00040541924655686056,0.7408253048691037,0.7415360361449389
C03_weak_lambda_init,S1,age_temporal,bce,5,0.4808488188400427,0.0003246055152751959,0.48056428956081626,0.48113334811926917
C03_weak_lambda_init,S1,age_temporal,beta_mean,5,0.04995132349431515,0.016751120024837692,0.0352683194089955,0.0646343275796348
C03_weak_lambda_init,S1,age_temporal,cf_rmse_age,5,0.13973885881555276,0.017348798375739792,0.12453196655708465,0.15494575107402087
C03_weak_lambda_init,S1,age_temporal,cf_rmse_lag,5,0.10970662791075111,0.01470583860584501,0.09681639203353752,0.12259686378796471
C03_weak_lambda_init,S1,age_temporal,content_free_lambda_rmse,5,0.5838410768287216,0.0005185497123802574,0.5833865479653362,0.5842956056921069
C03_weak_lambda_init,S1,age_temporal,delta_bce_beta0,5,0.0001316665699178876,4.575195247795122e-05,9.156321538702437e-05,0.00017176992444875084
C03_weak_lambda_init,S1,age_temporal,delta_bce_full_age_shuffle,5,0.009288167296824046,0.002045898145691585,0.007494858503931642,0.01108147608971645
C03_weak_lambda_init,S1,age_temporal,delta_bce_gate_age_shuffle,5,0.0001148131613180059,5.6779187548755544e-05,6.50440090760449e-05,0.0001645823135599669
C03_weak_lambda_init,S1,age_temporal,gate_signal_correlation,5,0.9767468038064677,0.006010938279669827,0.9714779840985239,0.9820156235144115
C03_weak_lambda_init,S1,age_temporal,gate_signal_mae,5,0.03897762546004696,0.004586628028996707,0.034957268732392695,0.04299798218770123
C03_weak_lambda_init,S1,age_temporal,gate_signal_rmse,5,0.05525011358973014,0.006427014551398417,0.04961658694944173,0.060883640230018556
C03_weak_lambda_init,S1,age_temporal,surface_rmse,5,0.16306787324845468,0.01745966921844568,0.14776379841150944,0.1783719480853999
C03_weak_lambda_init,S1,matched,delta_auprc_at_minus_to,5,0.00017745855530615362,0.00020813854262111023,-4.982921268953947e-06,0.0003599000318812612
C03_weak_lambda_init,S1,matched,delta_auroc_at_minus_to,5,0.00010753588573320094,8.408729206793572e-05,3.383012449894995e-05,0.00018124164696745195
C03_weak_lambda_init,S1,matched,delta_bce_to_minus_at,5,0.00010142460440873969,7.903473744928492e-05,3.2147602564723516e-05,0.00017070160625275586
C03_weak_lambda_init,S1,temporal_only,abs_beta_mean,5,0.0,0.0,0.0,0.0
C03_weak_lambda_init,S1,temporal_only,auprc,5,0.5378916793145831,0.0009030632206587869,0.537100109500829,0.5386832491283373
C03_weak_lambda_init,S1,temporal_only,auroc,5,0.7410731346212881,0.0004574824131674492,0.7406721336057417,0.7414741356368345
C03_weak_lambda_init,S1,temporal_only,bce,5,0.4809502434444514,0.0003765091400145484,0.4806202186322122,0.4812802682566906
C03_weak_lambda_init,S1,temporal_only,beta_mean,5,0.0,0.0,0.0,0.0
C03_weak_lambda_init,S1,temporal_only,cf_rmse_age,5,0.13935072655440686,0.01728625243937636,0.12419865822638536,0.15450279488242835
C03_weak_lambda_init,S1,temporal_only,cf_rmse_lag,5,0.10947055891035551,0.015065328206992792,0.0962652165044766,0.12267590131623442
C03_weak_lambda_init,S1,temporal_only,content_free_lambda_rmse,5,0.5838109056976559,0.0005436581204904915,0.5833343683441928,0.584287443051119
C03_weak_lambda_init,S1,temporal_only,delta_bce_beta0,5,0.0,0.0,0.0,0.0
C03_weak_lambda_init,S1,temporal_only,delta_bce_full_age_shuffle,5,0.009277250964909256,0.0019587923147349395,0.007560293799245073,0.01099420813057344
C03_weak_lambda_init,S1,temporal_only,delta_bce_gate_age_shuffle,5,0.0,0.0,0.0,0.0
C03_weak_lambda_init,S1,temporal_only,gate_signal_correlation,5,0.976976533655743,0.005824126313674412,0.9718714618557499,0.9820816054557361
C03_weak_lambda_init,S1,temporal_only,gate_signal_mae,5,0.038833209250470097,0.004635048688326777,0.034770409943591096,0.0428960085573491
C03_weak_lambda_init,S1,temporal_only,gate_signal_rmse,5,0.05513781075557831,0.006343805237799992,0.04957722029446423,0.06069840121669239
C03_weak_lambda_init,S1,temporal_only,surface_rmse,5,0.1616787327241233,0.0175367700935275,0.1463070759904375,0.17705038945780913
C03_weak_lambda_init,S2,age_temporal,abs_beta_mean,5,0.6693183422088623,0.05680368232770231,0.6195277193465003,0.7191089650712243
C03_weak_lambda_init,S2,age_temporal,auprc,5,0.5777053142383828,0.0012466913668466955,0.5766125410742361,0.5787980874025295
C03_weak_lambda_init,S2,age_temporal,auroc,5,0.7593629309887137,0.0010122906928499093,0.7584756190742502,0.7602502429031771
C03_weak_lambda_init,S2,age_temporal,bce,5,0.45805743948673444,0.0003420183427407611,0.45775764719127776,0.4583572317821911
C03_weak_lambda_init,S2,age_temporal,beta_mean,5,-0.6693183422088623,0.05680368232770231,-0.7191089650712243,-0.6195277193465003
C03_weak_lambda_init,S2,age_temporal,cf_rmse_age,5,0.18245496214388024,0.012435827771879904,0.1715544784921542,0.1933554457956063
C03_weak_lambda_init,S2,age_temporal,cf_rmse_lag,5,0.13766677622772164,0.018682442277832757,0.12129089354749321,0.15404265890795005
C03_weak_lambda_init,S2,age_temporal,content_free_lambda_corr,5,0.9934094768331075,0.0014765977055669725,0.9921151818778409,0.9947037717883742
C03_weak_lambda_init,S2,age_temporal,content_free_lambda_rmse,5,1.116581914780547,0.003867169940911393,1.1131921908721256,1.1199716386889682
C03_weak_lambda_init,S2,age_temporal,delta_bce_beta0,5,0.007663713106308356,0.0016355630902744845,0.0062300788477817545,0.009097347364834958
C03_weak_lambda_init,S2,age_temporal,delta_bce_full_age_shuffle,5,0.020494049811918113,0.00048517480918775,0.02006877534102691,0.020919324282809317
C03_weak_lambda_init,S2,age_temporal,delta_bce_gate_age_shuffle,5,0.012161970970635917,0.0024472785319598674,0.01001683675695936,0.014307105184312474
C03_weak_lambda_init,S2,age_temporal,gate_signal_correlation,5,0.7836289277505779,0.01827069222682066,0.7676139599030399,0.7996438955981159
C03_weak_lambda_init,S2,age_temporal,gate_signal_mae,5,0.15140591353903293,0.005616139387664505,0.14648315031779563,0.15632867676027024
C03_weak_lambda_init,S2,age_temporal,gate_signal_rmse,5,0.18514796669327482,0.006383399451203264,0.1795526703739081,0.19074326301264155
C03_weak_lambda_init,S2,age_temporal,surface_rmse,5,0.192330127636385,0.007401239452724154,0.18584265521903953,0.19881760005373045
C03_weak_lambda_init,S2,matched,delta_auprc_at_minus_to,5,0.008605019289639304,0.0016015641865697026,0.007201186384171692,0.010008852195106915
C03_weak_lambda_init,S2,matched,delta_auroc_at_minus_to,5,0.003040246362617016,0.00039133848185337065,0.00269722305914382,0.0033832696660902124
C03_weak_lambda_init,S2,matched,delta_bce_to_minus_at,5,0.004422500995233347,0.0004433331185019373,0.004033902383291605,0.00481109960717509
C03_weak_lambda_init,S2,temporal_only,abs_beta_mean,5,0.0,0.0,0.0,0.0
C03_weak_lambda_init,S2,temporal_only,auprc,5,0.5691002949487435,0.0017007666430894485,0.5676095072562412,0.5705910826412458
C03_weak_lambda_init,S2,temporal_only,auroc,5,0.7563226846260965,0.0010018279442307067,0.7554445437151535,0.7572008255370396
C03_weak_lambda_init,S2,temporal_only,bce,5,0.4624799404819678,0.0004347106251960083,0.4620988998186437,0.46286098114529184
C03_weak_lambda_init,S2,temporal_only,beta_mean,5,0.0,0.0,0.0,0.0
C03_weak_lambda_init,S2,temporal_only,cf_rmse_age,5,0.19069870061580244,0.010100632902828621,0.18184510551549607,0.1995522957161088
C03_weak_lambda_init,S2,temporal_only,cf_rmse_lag,5,0.15277364425543172,0.02481082853572806,0.13102599417531174,0.1745212943355517
C03_weak_lambda_init,S2,temporal_only,content_free_lambda_rmse,5,1.15043209393633,0.0009009685290778859,1.1496423602007004,1.1512218276719595
C03_weak_lambda_init,S2,temporal_only,delta_bce_beta0,5,0.0,0.0,0.0,0.0
C03_weak_lambda_init,S2,temporal_only,delta_bce_full_age_shuffle,5,0.008457502290578522,0.0010711157115263928,0.007518627973824022,0.00939637660733302
C03_weak_lambda_init,S2,temporal_only,delta_bce_gate_age_shuffle,5,0.0,0.0,0.0,0.0
C03_weak_lambda_init,S2,temporal_only,gate_signal_correlation,5,0.49984870214689553,0.005526487028386177,0.4950045226833765,0.5046928816104145
C03_weak_lambda_init,S2,temporal_only,gate_signal_mae,5,0.2236632219999497,0.002575835015958184,0.22140540305970305,0.22592104094019635
C03_weak_lambda_init,S2,temporal_only,gate_signal_rmse,5,0.2653886223898453,0.0026452928397187915,0.26306992098272347,0.2677073237969671
C03_weak_lambda_init,S2,temporal_only,surface_rmse,5,0.2194094138951125,0.013052444977464273,0.20796844143217566,0.23085038635804936
C03_weak_lambda_init,S3,age_temporal,abs_beta_mean,5,0.6830390453338623,0.02387616225309229,0.6621106663726886,0.703967424295036
C03_weak_lambda_init,S3,age_temporal,auprc,5,0.5329985206006687,0.0012386776039350449,0.5319127718094234,0.5340842693919139
C03_weak_lambda_init,S3,age_temporal,auroc,5,0.7336423704862328,0.0006237860186261956,0.7330955979333365,0.7341891430391292
C03_weak_lambda_init,S3,age_temporal,bce,5,0.4871041318403514,0.0002554493957205815,0.48688022057260355,0.48732804310809924
C03_weak_lambda_init,S3,age_temporal,beta_mean,5,0.6830390453338623,0.02387616225309229,0.6621106663726886,0.703967424295036
C03_weak_lambda_init,S3,age_temporal,cf_rmse_age,5,0.13116664466877206,0.015329355796882393,0.11772987187643315,0.144603417461111
C03_weak_lambda_init,S3,age_temporal,cf_rmse_lag,5,0.08952373318679241,0.007617458617439135,0.08284673631531331,0.09620073005827151
C03_weak_lambda_init,S3,age_temporal,content_free_lambda_corr,5,0.9938079712411202,0.000564349007931484,0.9933132975251706,0.9943026449570698
C03_weak_lambda_init,S3,age_temporal,content_free_lambda_rmse,5,1.1160631015371174,0.002334002500593396,1.1140172581427328,1.118108944931502
C03_weak_lambda_init,S3,age_temporal,delta_bce_beta0,5,0.006854860666570229,0.0005628761307563411,0.006361477984387199,0.007348243348753258
C03_weak_lambda_init,S3,age_temporal,delta_bce_full_age_shuffle,5,0.020886538858761728,0.0023179118863878453,0.018854799509585074,0.022918278207938382
C03_weak_lambda_init,S3,age_temporal,delta_bce_gate_age_shuffle,5,0.011672147092167318,0.0010755486614243215,0.010729387123506273,0.012614907060828363
C03_weak_lambda_init,S3,age_temporal,gate_signal_correlation,5,0.7372737816537024,0.019036589009115746,0.720587475676732,0.7539600876306728
C03_weak_lambda_init,S3,age_temporal,gate_signal_mae,5,0.15855994660536205,0.005236402991559119,0.15397003701105194,0.16314985619967215
C03_weak_lambda_init,S3,age_temporal,gate_signal_rmse,5,0.20105406603111242,0.008417817969196674,0.19367552325618598,0.20843260880603887
C03_weak_lambda_init,S3,age_temporal,surface_rmse,5,0.1464616362962992,0.020017785128661977,0.12891527400008357,0.16400799859251486
C03_weak_lambda_init,S3,matched,delta_auprc_at_minus_to,5,0.010898702088119072,0.000637847185169573,0.010339604379323016,0.011457799796915129
C03_weak_lambda_init,S3,matched,delta_auroc_at_minus_to,5,0.003951779719666137,0.0006961277497528286,0.003341596843633393,0.004561962595698882
C03_weak_lambda_init,S3,matched,delta_bce_to_minus_at,5,0.004386905367917371,0.000384718767205816,0.004049684500166059,0.004724126235668683
C03_weak_lambda_init,S3,temporal_only,abs_beta_mean,5,0.0,0.0,0.0,0.0
C03_weak_lambda_init,S3,temporal_only,auprc,5,0.5220998185125495,0.0012363980719321363,0.5210160678192023,0.5231835692058967
C03_weak_lambda_init,S3,temporal_only,auroc,5,0.7296905907665667,0.000483487268068647,0.7292667954906851,0.7301143860424484
C03_weak_lambda_init,S3,temporal_only,bce,5,0.4914910372082688,0.00019602036820563746,0.4913192177799021,0.4916628566366355
C03_weak_lambda_init,S3,temporal_only,beta_mean,5,0.0,0.0,0.0,0.0
C03_weak_lambda_init,S3,temporal_only,cf_rmse_age,5,0.1407767948334791,0.012605444154874539,0.12972763586686337,0.15182595380009484
C03_weak_lambda_init,S3,temporal_only,cf_rmse_lag,5,0.09535146410091395,0.008586024592544027,0.08782548171991192,0.10287744648191599
C03_weak_lambda_init,S3,temporal_only,content_free_lambda_rmse,5,1.1502289034565238,0.000596462431889905,1.1497060810833815,1.1507517258296662
C03_weak_lambda_init,S3,temporal_only,delta_bce_beta0,5,0.0,0.0,0.0,0.0
C03_weak_lambda_init,S3,temporal_only,delta_bce_full_age_shuffle,5,0.009526271603050663,0.0013180018884226146,0.008370992010792127,0.010681551195309199
C03_weak_lambda_init,S3,temporal_only,delta_bce_gate_age_shuffle,5,0.0,0.0,0.0,0.0
C03_weak_lambda_init,S3,temporal_only,gate_signal_correlation,5,0.4951367723234242,0.011623648385885072,0.4849481952919654,0.5053253493548829
C03_weak_lambda_init,S3,temporal_only,gate_signal_mae,5,0.22520548746222077,0.0034620032786586755,0.22217090779181287,0.22824006713262868
C03_weak_lambda_init,S3,temporal_only,gate_signal_rmse,5,0.27206455139248953,0.00552091473855155,0.2672252562563639,0.27690384652861516
C03_weak_lambda_init,S3,temporal_only,surface_rmse,5,0.16106036571088062,0.020807758108736106,0.1428215615674021,0.17929916985435912
C04_no_content_persistence,S0,age_temporal,abs_beta_mean,5,0.03194357082247734,0.020219710933631434,0.014220212754343056,0.049666928890611625
C04_no_content_persistence,S0,age_temporal,auprc,5,0.52423308537583,0.0021853631567346483,0.522317530110829,0.526148640640831
C04_no_content_persistence,S0,age_temporal,auroc,5,0.728411036199824,0.00161328866191215,0.7269969263386008,0.7298251460610471
C04_no_content_persistence,S0,age_temporal,bce,5,0.48372162531284707,0.0009668007697327459,0.48287418707405305,0.4845690635516411
C04_no_content_persistence,S0,age_temporal,beta_mean,5,0.0015108130872249603,0.04100576985159812,-0.0344323289450659,0.037453955119515825
C04_no_content_persistence,S0,age_temporal,cf_rmse_age,5,0.07955133977169242,0.012069953662487925,0.06897155891685096,0.09013112062653388
C04_no_content_persistence,S0,age_temporal,cf_rmse_lag,5,0.11276039509030503,0.007988722534231477,0.10575797104745405,0.119762819133156
C04_no_content_persistence,S0,age_temporal,content_free_lambda_rmse,5,0.06494905199680438,0.00458895866476955,0.060926652376822724,0.06897145161678604
C04_no_content_persistence,S0,age_temporal,delta_bce_beta0,5,3.441324966709791e-05,3.88907073044038e-05,3.2404169862566433e-07,6.850245763557016e-05
C04_no_content_persistence,S0,age_temporal,delta_bce_full_age_shuffle,5,0.004374636814216648,0.0012782578107768043,0.0032541944420111856,0.005495079186422111
C04_no_content_persistence,S0,age_temporal,delta_bce_gate_age_shuffle,5,5.893709503219657e-05,5.416057619124727e-05,1.1463256847035843e-05,0.00010641093321735729
C04_no_content_persistence,S0,age_temporal,gate_signal_correlation,5,0.9994140881123507,0.00018153608601683484,0.9992549647170992,0.9995732115076021
C04_no_content_persistence,S0,age_temporal,gate_signal_mae,5,0.025058130726613982,0.0014775121663168037,0.02376303421115878,0.026353227242069184
C04_no_content_persistence,S0,age_temporal,gate_signal_rmse,5,0.026346628225099377,0.0016282838485581323,0.02491937450325932,0.027773881946939433
C04_no_content_persistence,S0,age_temporal,gate_surface_correlation,5,0.9994660412700245,0.00011079518408695756,0.9993689250092509,0.999563157530798
C04_no_content_persistence,S0,age_temporal,gate_surface_mae,5,0.0214360189991539,0.0015739484969180795,0.020056392312934462,0.022815645685373337
C04_no_content_persistence,S0,age_temporal,gate_surface_rmse,5,0.024450833079958167,0.0018828306715075705,0.022800459230286067,0.026101206929630267
C04_no_content_persistence,S0,age_temporal,surface_rmse,5,0.14639877934663723,0.006757764727361313,0.14047533739455578,0.15232222129871867
C04_no_content_persistence,S0,matched,delta_auprc_at_minus_to,5,-0.00012114978409760724,7.779861691839956e-05,-0.00018934327852372982,-5.295628967148465e-05
C04_no_content_persistence,S0,matched,delta_auroc_at_minus_to,5,-0.00010171621524404095,0.00013335532317030848,-0.00021860730980998388,1.5174879321901968e-05
C04_no_content_persistence,S0,matched,delta_bce_to_minus_at,5,-3.567974121884143e-05,5.534953101141378e-05,-8.419574425362896e-05,1.2836261815946097e-05
C04_no_content_persistence,S0,temporal_only,abs_beta_mean,5,0.0,0.0,0.0,0.0
C04_no_content_persistence,S0,temporal_only,auprc,5,0.5243542351599277,0.0021365618482076885,0.5224814561278835,0.5262270141919719
C04_no_content_persistence,S0,temporal_only,auroc,5,0.728512752415068,0.00155556473867856,0.7271492398034258,0.7298762650267101
C04_no_content_persistence,S0,temporal_only,bce,5,0.4836859455716282,0.0009315601994012822,0.48286939705467835,0.48450249408857804
C04_no_content_persistence,S0,temporal_only,beta_mean,5,0.0,0.0,0.0,0.0
C04_no_content_persistence,S0,temporal_only,cf_rmse_age,5,0.07928252254647812,0.011014822856630614,0.06962760462080068,0.08893744047215556
C04_no_content_persistence,S0,temporal_only,cf_rmse_lag,5,0.11257156771423112,0.008176630771068267,0.10540443483966926,0.11973870058879298
C04_no_content_persistence,S0,temporal_only,content_free_lambda_rmse,5,0.06417547273905296,0.003484111022976768,0.06112151477634826,0.06722943070175764
C04_no_content_persistence,S0,temporal_only,delta_bce_beta0,5,0.0,0.0,0.0,0.0
C04_no_content_persistence,S0,temporal_only,delta_bce_full_age_shuffle,5,0.0043647078134415596,0.0012842344159798805,0.003239026715796664,0.005490388911086455
C04_no_content_persistence,S0,temporal_only,delta_bce_gate_age_shuffle,5,0.0,0.0,0.0,0.0
C04_no_content_persistence,S0,temporal_only,gate_signal_correlation,5,0.9995981089400685,4.401914369153242e-05,0.9995595244594071,0.9996366934207299
C04_no_content_persistence,S0,temporal_only,gate_signal_mae,5,0.025055774847112237,0.0014697657268451004,0.023767468385232023,0.02634408130899245
C04_no_content_persistence,S0,temporal_only,gate_signal_rmse,5,0.026057707723309693,0.0015173117634572,0.024727725322818743,0.027387690123800643
C04_no_content_persistence,S0,temporal_only,gate_surface_correlation,5,0.9995492730262125,4.94160380866466e-05,0.9995059579590391,0.999592588093386
C04_no_content_persistence,S0,temporal_only,gate_surface_mae,5,0.021402374130919468,0.001255665217929949,0.020301735039484275,0.02250301322235466
C04_no_content_persistence,S0,temporal_only,gate_surface_rmse,5,0.024061765537105533,0.0014011584751184695,0.022833595982840512,0.025289935091370553
C04_no_content_persistence,S0,temporal_only,surface_rmse,5,0.14640236375682764,0.006935972025290065,0.14032271622090214,0.15248201129275313
C04_no_content_persistence,S1,age_temporal,abs_beta_mean,5,0.03778914846479893,0.020220284383779173,0.02006528774544792,0.05551300918414994
C04_no_content_persistence,S1,age_temporal,auprc,5,0.5354297404458418,0.0007530182242668951,0.5347696908702411,0.5360897900214425
C04_no_content_persistence,S1,age_temporal,auroc,5,0.740369321674965,0.0009515786950164559,0.7395352261729501,0.74120341717698
C04_no_content_persistence,S1,age_temporal,bce,5,0.4817666514127515,0.00032216814063020346,0.48148425858659905,0.48204904423890393
C04_no_content_persistence,S1,age_temporal,beta_mean,5,0.005875709280371666,0.04637595959379025,-0.03477461160363975,0.04652603016438308
C04_no_content_persistence,S1,age_temporal,cf_rmse_age,5,0.14937024985144334,0.01407236027702867,0.13703528221158823,0.16170521749129846
C04_no_content_persistence,S1,age_temporal,cf_rmse_lag,5,0.12649663553708068,0.012047717215137116,0.11593634578771819,0.13705692528644317
C04_no_content_persistence,S1,age_temporal,content_free_lambda_rmse,5,0.11347032095740857,0.006623468686659006,0.10766459467516594,0.1192760472396512
C04_no_content_persistence,S1,age_temporal,delta_bce_beta0,5,1.2801626219127726e-05,0.00012701045509169376,-9.852794626465119e-05,0.00012413119870290665
C04_no_content_persistence,S1,age_temporal,delta_bce_full_age_shuffle,5,0.009272604688631902,0.0023510449335795744,0.007211822943092862,0.011333386434170941
C04_no_content_persistence,S1,age_temporal,delta_bce_gate_age_shuffle,5,3.5995645923514453e-05,0.00010847974643392979,-5.909104426210284e-05,0.00013108233610913174
C04_no_content_persistence,S1,age_temporal,gate_signal_correlation,5,0.9984875297198552,0.0003301862252230915,0.9981981087326808,0.9987769507070297
C04_no_content_persistence,S1,age_temporal,gate_signal_mae,5,0.04707618562261952,0.0027075204347922744,0.044702939323494714,0.04944943192174432
C04_no_content_persistence,S1,age_temporal,gate_signal_rmse,5,0.04884758483427486,0.002885409035692701,0.046318412301568065,0.05137675736698165
C04_no_content_persistence,S1,age_temporal,gate_surface_correlation,5,0.9984272519458532,0.0002694385192702294,0.9981910786706739,0.9986634252210326
C04_no_content_persistence,S1,age_temporal,gate_surface_mae,5,0.04023562171521229,0.0026413379968831642,0.03792038688067941,0.04255085654974517
C04_no_content_persistence,S1,age_temporal,gate_surface_rmse,5,0.045232467848671735,0.00309141208795912,0.0425227256792164,0.04794221001812707
C04_no_content_persistence,S1,age_temporal,surface_rmse,5,0.18022135423828872,0.01315188486644941,0.16869321886958513,0.1917494896069923
C04_no_content_persistence,S1,matched,delta_auprc_at_minus_to,5,-0.00016692250999008617,0.0002750703933070197,-0.000408032340418669,7.418732043849667e-05
C04_no_content_persistence,S1,matched,delta_auroc_at_minus_to,5,-9.599183399584543e-05,0.00018044719960620613,-0.0002541607782260739,6.217711023438303e-05
C04_no_content_persistence,S1,matched,delta_bce_to_minus_at,5,-8.288397115915335e-05,0.0001657634439051989,-0.00022818203603170052,6.241409371339382e-05
C04_no_content_persistence,S1,temporal_only,abs_beta_mean,5,0.0,0.0,0.0,0.0
C04_no_content_persistence,S1,temporal_only,auprc,5,0.5355966629558321,0.0009740438971908426,0.5347428758358945,0.5364504500757696
C04_no_content_persistence,S1,temporal_only,auroc,5,0.740465313508961,0.001114208741899662,0.7394886664856603,0.7414419605322619
C04_no_content_persistence,S1,temporal_only,bce,5,0.48168376744159236,0.00043921271537692525,0.48129878052223163,0.4820687543609531
C04_no_content_persistence,S1,temporal_only,beta_mean,5,0.0,0.0,0.0,0.0
C04_no_content_persistence,S1,temporal_only,cf_rmse_age,5,0.15124795486283982,0.01634685456194328,0.1369193050794672,0.16557660464621243
C04_no_content_persistence,S1,temporal_only,cf_rmse_lag,5,0.12689353609280749,0.011688951859333505,0.11664771804307611,0.13713935414253886
C04_no_content_persistence,S1,temporal_only,content_free_lambda_rmse,5,0.11350846100122947,0.005867785924823383,0.10836511986474341,0.11865180213771552
C04_no_content_persistence,S1,temporal_only,delta_bce_beta0,5,0.0,0.0,0.0,0.0
C04_no_content_persistence,S1,temporal_only,delta_bce_full_age_shuffle,5,0.009292119882837934,0.0022957388529428746,0.007279816054401011,0.011304423711274858
C04_no_content_persistence,S1,temporal_only,delta_bce_gate_age_shuffle,5,0.0,0.0,0.0,0.0
C04_no_content_persistence,S1,temporal_only,gate_signal_correlation,5,0.9987308615880245,0.00013775179256980878,0.9986101168181187,0.9988516063579302
C04_no_content_persistence,S1,temporal_only,gate_signal_mae,5,0.047405398446133576,0.0028283633394022593,0.04492622867088065,0.049884568221386504
C04_no_content_persistence,S1,temporal_only,gate_signal_rmse,5,0.04895980273986032,0.002887811210943699,0.046428524607708736,0.05149108087201191
C04_no_content_persistence,S1,temporal_only,gate_surface_correlation,5,0.9985387422543196,0.0001585923694813329,0.9983997299133214,0.9986777545953178
C04_no_content_persistence,S1,temporal_only,gate_surface_mae,5,0.04040108116767111,0.002413383421390413,0.03828565732835912,0.042516505006983105
C04_no_content_persistence,S1,temporal_only,gate_surface_rmse,5,0.045142326313257534,0.0026642321702194287,0.04280702385100018,0.04747762877551489
C04_no_content_persistence,S1,temporal_only,surface_rmse,5,0.1801948495074177,0.013720457294819719,0.1681683384315266,0.19222136058330883
C04_no_content_persistence,S2,age_temporal,abs_beta_mean,5,0.5675800144672394,0.06761837142248528,0.5083098986560649,0.6268501302784139
C04_no_content_persistence,S2,age_temporal,auprc,5,0.5736372075914369,0.0016600684732998186,0.5721820934176246,0.5750923217652492
C04_no_content_persistence,S2,age_temporal,auroc,5,0.7578590989017918,0.0012041740324447792,0.7568035938244235,0.7589146039791601
C04_no_content_persistence,S2,age_temporal,bce,5,0.459881032505868,0.0009375341412692626,0.4590592475979948,0.46070281741374114
C04_no_content_persistence,S2,age_temporal,beta_mean,5,-0.5675800144672394,0.06761837142248528,-0.6268501302784139,-0.5083098986560649
C04_no_content_persistence,S2,age_temporal,cf_rmse_age,5,0.1622242288186821,0.008641361961835833,0.15464974109486251,0.16979871654250167
C04_no_content_persistence,S2,age_temporal,cf_rmse_lag,5,0.1640932348984401,0.03443900076369049,0.1339061197588067,0.1942803500380735
C04_no_content_persistence,S2,age_temporal,content_free_lambda_corr,5,0.9841426068562219,0.0018854192042995007,0.9824899640575182,0.9857952496549256
C04_no_content_persistence,S2,age_temporal,content_free_lambda_rmse,5,0.7983410479035803,0.018612727372135925,0.7820262730324796,0.814655822774681
C04_no_content_persistence,S2,age_temporal,delta_bce_beta0,5,0.009010923013935723,0.0021924474705668933,0.007089158074071986,0.01093268795379946
C04_no_content_persistence,S2,age_temporal,delta_bce_full_age_shuffle,5,0.02249318104210408,0.001551433886776301,0.0211332892818001,0.023853072802408063
C04_no_content_persistence,S2,age_temporal,delta_bce_gate_age_shuffle,5,0.013436927774627771,0.003077454154224922,0.01073942027352524,0.016134435275730302
C04_no_content_persistence,S2,age_temporal,gate_signal_correlation,5,0.7705592585900377,0.024315639297719772,0.7492456610146996,0.7918728561653758
C04_no_content_persistence,S2,age_temporal,gate_signal_mae,5,0.15621130806403066,0.00717848037021715,0.14991909259151293,0.1625035235365484
C04_no_content_persistence,S2,age_temporal,gate_signal_rmse,5,0.18966657130767553,0.00814882157080612,0.1825238142718906,0.19680932834346046
C04_no_content_persistence,S2,age_temporal,gate_surface_correlation,5,0.86599252649698,0.01338500362984933,0.8542600535227736,0.8777249994711864
C04_no_content_persistence,S2,age_temporal,gate_surface_mae,5,0.14090827010404983,0.006960725336302197,0.13480692533437652,0.14700961487372313
C04_no_content_persistence,S2,age_temporal,gate_surface_rmse,5,0.18500563544684157,0.008295829164308188,0.17773402057392315,0.19227725031975998
C04_no_content_persistence,S2,age_temporal,surface_rmse,5,0.22106175583982304,0.028053249698809835,0.19647199829982784,0.24565151337981825
C04_no_content_persistence,S2,matched,delta_auprc_at_minus_to,5,0.010930305924295424,0.001523017352690194,0.009595322354336822,0.012265289494254027
C04_no_content_persistence,S2,matched,delta_auroc_at_minus_to,5,0.00395128455236351,0.0008673233353865787,0.0031910421292961847,0.004711526975430836
C04_no_content_persistence,S2,matched,delta_bce_to_minus_at,5,0.005168997305772671,0.0007118319157670819,0.004545049121306704,0.005792945490238638
C04_no_content_persistence,S2,temporal_only,abs_beta_mean,5,0.0,0.0,0.0,0.0
C04_no_content_persistence,S2,temporal_only,auprc,5,0.5627069016671414,0.0014489460350240954,0.5614368444697647,0.5639769588645182
C04_no_content_persistence,S2,temporal_only,auroc,5,0.7539078143494283,0.0013851943573960064,0.7526936379613152,0.7551219907375415
C04_no_content_persistence,S2,temporal_only,bce,5,0.4650500298116406,0.0006039117269258079,0.464520677843505,0.46557938177977626
C04_no_content_persistence,S2,temporal_only,beta_mean,5,0.0,0.0,0.0,0.0
C04_no_content_persistence,S2,temporal_only,cf_rmse_age,5,0.1815334244858204,0.009823207506164458,0.17292300346739942,0.1901438455042414
C04_no_content_persistence,S2,temporal_only,cf_rmse_lag,5,0.1683713854626815,0.03511569583188574,0.13759112094341888,0.1991516499819441
C04_no_content_persistence,S2,temporal_only,content_free_lambda_rmse,5,0.9264327289398555,0.0021320771954131896,0.9245638808793049,0.9283015770004062
C04_no_content_persistence,S2,temporal_only,delta_bce_beta0,5,0.0,0.0,0.0,0.0
C04_no_content_persistence,S2,temporal_only,delta_bce_full_age_shuffle,5,0.008377852932324592,0.0012759118992450677,0.007259466842239562,0.009496239022409623
C04_no_content_persistence,S2,temporal_only,delta_bce_gate_age_shuffle,5,0.0,0.0,0.0,0.0
C04_no_content_persistence,S2,temporal_only,gate_signal_correlation,5,0.5192475604058583,7.262210926904638e-05,0.5191839043204443,0.5193112164912723
C04_no_content_persistence,S2,temporal_only,gate_signal_mae,5,0.21694760598517587,0.00033322323790741713,0.2166555229390116,0.21723968903134014
C04_no_content_persistence,S2,temporal_only,gate_signal_rmse,5,0.25941621796346076,5.225525549895098e-05,0.2593704142124977,0.25946202171442384
C04_no_content_persistence,S2,temporal_only,gate_surface_correlation,5,0.7274147769026175,0.00029496373839325076,0.7271562297863992,0.7276733240188358
C04_no_content_persistence,S2,temporal_only,gate_surface_mae,5,0.2002695207869746,0.00036502243940992105,0.19994956451174392,0.20058947706220528
C04_no_content_persistence,S2,temporal_only,gate_surface_rmse,5,0.2563815690085217,0.0001770140216004012,0.25622640937749624,0.2565367286395472
C04_no_content_persistence,S2,temporal_only,surface_rmse,5,0.23416494650333752,0.023971991554829496,0.21315256945565886,0.2551773235510162
C04_no_content_persistence,S3,age_temporal,abs_beta_mean,5,0.5488867223262787,0.057243037440452615,0.49871098772775496,0.5990624569248024
C04_no_content_persistence,S3,age_temporal,auprc,5,0.5282654050950646,0.0026804421638062215,0.5259158939469579,0.5306149162431713
C04_no_content_persistence,S3,age_temporal,auroc,5,0.7325552660133121,0.0013590908705702989,0.7313639703402278,0.7337465616863964
C04_no_content_persistence,S3,age_temporal,bce,5,0.488610461958659,0.0009505389117550524,0.4877772778668573,0.48944364605046065
C04_no_content_persistence,S3,age_temporal,beta_mean,5,0.5488867223262787,0.057243037440452615,0.49871098772775496,0.5990624569248024
C04_no_content_persistence,S3,age_temporal,cf_rmse_age,5,0.13378964942724664,0.017929313055497817,0.11807391361671535,0.14950538523777793
C04_no_content_persistence,S3,age_temporal,cf_rmse_lag,5,0.10429349215315964,0.012611724135239744,0.09323882854105028,0.115348155765269
C04_no_content_persistence,S3,age_temporal,content_free_lambda_corr,5,0.9836237103860419,0.001673649551396579,0.9821566918724075,0.9850907288996763
C04_no_content_persistence,S3,age_temporal,content_free_lambda_rmse,5,0.80221346886805,0.012762519008381478,0.7910266277218353,0.8134003100142647
C04_no_content_persistence,S3,age_temporal,delta_bce_beta0,5,0.00687027083866556,0.0013259834155447251,0.0057079951294209804,0.00803254654791014
C04_no_content_persistence,S3,age_temporal,delta_bce_full_age_shuffle,5,0.021105914268184832,0.001975354122111421,0.019374440038288015,0.02283738849808165
C04_no_content_persistence,S3,age_temporal,delta_bce_gate_age_shuffle,5,0.011097155798896585,0.0021354653493143552,0.00922533789050899,0.01296897370728418
C04_no_content_persistence,S3,age_temporal,gate_signal_correlation,5,0.7832993968266624,0.018449245036363818,0.7671279205409972,0.7994708731123276
C04_no_content_persistence,S3,age_temporal,gate_signal_mae,5,0.1457215920953301,0.005441545102492108,0.14095186751262315,0.15049131667803703
C04_no_content_persistence,S3,age_temporal,gate_signal_rmse,5,0.17522136987839704,0.006124748266677801,0.16985279131840572,0.18058994843838835
C04_no_content_persistence,S3,age_temporal,gate_surface_correlation,5,0.8623254177062252,0.011739778725584077,0.8520350479439102,0.8726157874685402
C04_no_content_persistence,S3,age_temporal,gate_surface_mae,5,0.14261649127922932,0.005520742567036975,0.13777734705809014,0.1474556355003685
C04_no_content_persistence,S3,age_temporal,gate_surface_rmse,5,0.18728897548491547,0.007070222948838557,0.1810916518260801,0.19348629914375082
C04_no_content_persistence,S3,age_temporal,surface_rmse,5,0.17583010084434617,0.026009738418451996,0.15303155991753273,0.1986286417711596
C04_no_content_persistence,S3,matched,delta_auprc_at_minus_to,5,0.010503589166976846,0.00183290694765896,0.00889697539066919,0.012110202943284503
C04_no_content_persistence,S3,matched,delta_auroc_at_minus_to,5,0.0031219811715943457,0.001582751499206443,0.001734638313657944,0.004509324029530748
C04_no_content_persistence,S3,matched,delta_bce_to_minus_at,5,0.004297865852116856,0.0009019638517654076,0.003507259677685218,0.0050884720265484944
C04_no_content_persistence,S3,temporal_only,abs_beta_mean,5,0.0,0.0,0.0,0.0
C04_no_content_persistence,S3,temporal_only,auprc,5,0.5177618159280877,0.0018069068404182093,0.5161779922506073,0.519345639605568
C04_no_content_persistence,S3,temporal_only,auroc,5,0.7294332848417177,0.0009281712543575867,0.7286197068660718,0.7302468628173635
C04_no_content_persistence,S3,temporal_only,bce,5,0.49290832781077587,0.00046600111653089703,0.49249985982250755,0.4933167957990442
C04_no_content_persistence,S3,temporal_only,beta_mean,5,0.0,0.0,0.0,0.0
C04_no_content_persistence,S3,temporal_only,cf_rmse_age,5,0.1357492341991439,0.012599404833258469,0.1247053689313274,0.1467930994669604
C04_no_content_persistence,S3,temporal_only,cf_rmse_lag,5,0.1050650090525472,0.01260527546969663,0.09401599794500912,0.11611402016008529
C04_no_content_persistence,S3,temporal_only,content_free_lambda_rmse,5,0.9190937567206465,0.0010166652163928153,0.9182026103672347,0.9199849030740583
C04_no_content_persistence,S3,temporal_only,delta_bce_beta0,5,0.0,0.0,0.0,0.0
C04_no_content_persistence,S3,temporal_only,delta_bce_full_age_shuffle,5,0.009346874171669928,0.001267081184488111,0.008236228544351592,0.010457519798988265
C04_no_content_persistence,S3,temporal_only,delta_bce_gate_age_shuffle,5,0.0,0.0,0.0,0.0
C04_no_content_persistence,S3,temporal_only,gate_signal_correlation,5,0.5671620782218101,4.2691370318156024e-05,0.5671246575858252,0.567199498857795
C04_no_content_persistence,S3,temporal_only,gate_signal_mae,5,0.20208745375519768,0.0003997684224426335,0.20173704128300457,0.2024378662273908
C04_no_content_persistence,S3,temporal_only,gate_signal_rmse,5,0.23753868427250632,0.0003321519176817271,0.23724754027992337,0.23782982826508928
C04_no_content_persistence,S3,temporal_only,gate_surface_correlation,5,0.7284209441263261,0.00013758141294006852,0.7283003487007504,0.7285415395519017
C04_no_content_persistence,S3,temporal_only,gate_surface_mae,5,0.1990217384668899,0.00017117811092288637,0.19887169423711473,0.19917178269666505
C04_no_content_persistence,S3,temporal_only,gate_surface_rmse,5,0.25587551608874487,5.0279327835315865e-05,0.255831444314743,0.25591958786274677
C04_no_content_persistence,S3,temporal_only,surface_rmse,5,0.17412851259802595,0.02320052096873053,0.15379235933422558,0.1944646658618263
C05_shared_beta_mixture,S0,age_temporal,abs_beta_mean,5,0.03194356409367174,0.020219699185098815,0.01422021632358034,0.04966691186376314
C05_shared_beta_mixture,S0,age_temporal,auprc,5,0.5242331138352826,0.002185311097507185,0.5223176042022064,0.5261486234683588
C05_shared_beta_mixture,S0,age_temporal,auroc,5,0.7284110274028304,0.0016132887052781148,0.7269969175035953,0.7298251373020654
C05_shared_beta_mixture,S0,age_temporal,bce,5,0.48372162534051083,0.0009667978371683495,0.48287418967222284,0.4845690610087988
C05_shared_beta_mixture,S0,age_temporal,beta_mean,5,0.0015108093852177263,0.04100575767676963,-0.034432321975365436,0.03745394074580089
C05_shared_beta_mixture,S0,age_temporal,cf_rmse_age,5,0.07955133278224699,0.012069949226521175,0.06897155581570183,0.09013110974879215
C05_shared_beta_mixture,S0,age_temporal,cf_rmse_lag,5,0.11276038634071084,0.00798872335788997,0.10575796157589136,0.11976281110553032
C05_shared_beta_mixture,S0,age_temporal,delta_bce_beta0,5,3.441347110010318e-05,3.8890637597324596e-05,3.2432423257983665e-07,6.850261796762652e-05
C05_shared_beta_mixture,S0,age_temporal,delta_bce_full_age_shuffle,5,0.004374635946959393,0.0012782565460986676,0.003254194683293193,0.005495077210625593
C05_shared_beta_mixture,S0,age_temporal,delta_bce_gate_age_shuffle,5,5.8936196986192345e-05,5.4160199647897474e-05,1.146268885583005e-05,0.00010640970511655464
C05_shared_beta_mixture,S0,age_temporal,gate_signal_correlation,5,0.9994140884628606,0.0001815355731706821,0.9992549655171385,0.9995732114085827
C05_shared_beta_mixture,S0,age_temporal,gate_signal_mae,5,0.025058127723679813,0.0014775058417061027,0.023763036751990322,0.026353218695369305
C05_shared_beta_mixture,S0,age_temporal,gate_signal_rmse,5,0.02634662520063729,0.0016282762337436493,0.02491937815347642,0.02777387224779816
C05_shared_beta_mixture,S0,age_temporal,surface_rmse,5,0.14639877614986205,0.0067577605296232374,0.14047533787726024,0.15232221442246385
C05_shared_beta_mixture,S0,matched,delta_auprc_at_minus_to,5,-0.00012103545767088164,7.778094142830867e-05,-0.0001892134588468317,-5.285745649493156e-05
C05_shared_beta_mixture,S0,matched,delta_auroc_at_minus_to,5,-0.00010169813253511074,0.0001333622406437113,-0.00021859529053383205,1.5199025463610592e-05
C05_shared_beta_mixture,S0,matched,delta_bce_to_minus_at,5,-3.567937147176403e-05,5.5347306629416055e-05,-8.419342474976445e-05,1.28346818062364e-05
C05_shared_beta_mixture,S0,temporal_only,abs_beta_mean,5,0.0,0.0,0.0,0.0
C05_shared_beta_mixture,S0,temporal_only,auprc,5,0.5243541492929535,0.0021364827223192763,0.5224814396178086,0.5262268589680985
C05_shared_beta_mixture,S0,temporal_only,auroc,5,0.7285127255353655,0.0015555457413404395,0.7271492295756244,0.7298762214951066
C05_shared_beta_mixture,S0,temporal_only,bce,5,0.48368594596903913,0.0009315606688936461,0.4828693970405611,0.4845024948975172
C05_shared_beta_mixture,S0,temporal_only,beta_mean,5,0.0,0.0,0.0,0.0
C05_shared_beta_mixture,S0,temporal_only,cf_rmse_age,5,0.0792825142669295,0.01101481804631908,0.06962760055767604,0.08893742797618297
C05_shared_beta_mixture,S0,temporal_only,cf_rmse_lag,5,0.11257156380138462,0.008176619160186468,0.10540444110420938,0.11973868649855987
C05_shared_beta_mixture,S0,temporal_only,delta_bce_beta0,5,0.0,0.0,0.0,0.0
C05_shared_beta_mixture,S0,temporal_only,delta_bce_full_age_shuffle,5,0.004364707834243387,0.0012842343409859393,0.003239026802333579,0.005490388866153195
C05_shared_beta_mixture,S0,temporal_only,delta_bce_gate_age_shuffle,5,0.0,0.0,0.0,0.0
C05_shared_beta_mixture,S0,temporal_only,gate_signal_correlation,5,0.9995981092147556,4.401896738787008e-05,0.9995595248886311,0.99963669354088
C05_shared_beta_mixture,S0,temporal_only,gate_signal_mae,5,0.025055769373048715,0.0014697600192429725,0.02376746791410235,0.02634407083199508
C05_shared_beta_mixture,S0,temporal_only,gate_signal_rmse,5,0.026057702277559318,0.0015173059592891412,0.024727724964645988,0.027387679590472648
C05_shared_beta_mixture,S0,temporal_only,surface_rmse,5,0.1464023583926499,0.006935958701626526,0.1403227225354304,0.15248199424986938
C05_shared_beta_mixture,S1,age_temporal,abs_beta_mean,5,0.037789171934127806,0.020220293000416157,0.020065303661961475,0.055513040206294134
C05_shared_beta_mixture,S1,age_temporal,auprc,5,0.5354296856959049,0.0007529765356372134,0.5347696726619993,0.5360896987298105
C05_shared_beta_mixture,S1,age_temporal,auroc,5,0.7403693265411506,0.0009516213172994254,0.7395351936790574,0.7412034594032438
C05_shared_beta_mixture,S1,age_temporal,bce,5,0.48176665215402964,0.0003221686419943462,0.4814842588884121,0.48204904541964716
C05_shared_beta_mixture,S1,age_temporal,beta_mean,5,0.005875685811042785,0.0463759909723653,-0.03477466257750236,0.04652603419958794
C05_shared_beta_mixture,S1,age_temporal,cf_rmse_age,5,0.1493702550559909,0.014072387871103945,0.1370352632288624,0.16170524688311944
C05_shared_beta_mixture,S1,age_temporal,cf_rmse_lag,5,0.1264966375122097,0.012047736688756526,0.11593633069346718,0.1370569443309522
C05_shared_beta_mixture,S1,age_temporal,delta_bce_beta0,5,1.2802131967937224e-05,0.00012701159337123068,-9.852843826184712e-05,0.00012413270219772157
C05_shared_beta_mixture,S1,age_temporal,delta_bce_full_age_shuffle,5,0.009272605526080968,0.002351045782343958,0.007211823036567144,0.011333388015594793
C05_shared_beta_mixture,S1,age_temporal,delta_bce_gate_age_shuffle,5,3.5996130564519556e-05,0.00010848027622086121,-5.909102399981791e-05,0.000131083285128857
C05_shared_beta_mixture,S1,age_temporal,gate_signal_correlation,5,0.9984875299559555,0.00033018667625918163,0.9981981085734304,0.9987769513384805
C05_shared_beta_mixture,S1,age_temporal,gate_signal_mae,5,0.04707617125248197,0.0027075219060216774,0.04470292366376774,0.049449418841196205
C05_shared_beta_mixture,S1,age_temporal,gate_signal_rmse,5,0.048847570955940736,0.0028854110178617794,0.04631839668578614,0.05137674522609533
C05_shared_beta_mixture,S1,age_temporal,surface_rmse,5,0.18022135861586688,0.013151895198059604,0.16869321419110767,0.1917495030406261
C05_shared_beta_mixture,S1,matched,delta_auprc_at_minus_to,5,-0.0001669460669657008,0.00027508208059245866,-0.00040806614175165155,7.417400782024994e-05
C05_shared_beta_mixture,S1,matched,delta_auroc_at_minus_to,5,-9.597772205800492e-05,0.00018040827228565467,-0.00025411254498733886,6.215710087132904e-05
C05_shared_beta_mixture,S1,matched,delta_bce_to_minus_at,5,-8.288468133437199e-05,0.00016576265906630475,-0.00022818205826529662,6.241269559655265e-05
C05_shared_beta_mixture,S1,temporal_only,abs_beta_mean,5,0.0,0.0,0.0,0.0
C05_shared_beta_mixture,S1,temporal_only,auprc,5,0.5355966317628706,0.0009740271394410901,0.5347428593317485,0.5364504041939928
C05_shared_beta_mixture,S1,temporal_only,auroc,5,0.7404653042632086,0.0011142149542444513,0.7394886517945475,0.7414419567318696
C05_shared_beta_mixture,S1,temporal_only,bce,5,0.4816837674726953,0.0004392116922803632,0.4812987814501183,0.48206875349527234
C05_shared_beta_mixture,S1,temporal_only,beta_mean,5,0.0,0.0,0.0,0.0
C05_shared_beta_mixture,S1,temporal_only,cf_rmse_age,5,0.15124795774252914,0.01634685553182975,0.13691930710901354,0.16557660837604474
C05_shared_beta_mixture,S1,temporal_only,cf_rmse_lag,5,0.12689353137924209,0.011688953406863496,0.11664771197304087,0.13713935078544331
C05_shared_beta_mixture,S1,temporal_only,delta_bce_beta0,5,0.0,0.0,0.0,0.0
C05_shared_beta_mixture,S1,temporal_only,delta_bce_full_age_shuffle,5,0.00929211994150515,0.002295738527666138,0.007279816398185857,0.011304423484824442
C05_shared_beta_mixture,S1,temporal_only,delta_bce_gate_age_shuffle,5,0.0,0.0,0.0,0.0
C05_shared_beta_mixture,S1,temporal_only,gate_signal_correlation,5,0.9987308613571695,0.00013775213291109415,0.9986101162889415,0.9988516064253975
C05_shared_beta_mixture,S1,temporal_only,gate_signal_mae,5,0.04740539873232123,0.0028283705655967246,0.04492622262302958,0.049884574841612885
C05_shared_beta_mixture,S1,temporal_only,gate_signal_rmse,5,0.048959803589591976,0.002887818532332752,0.04642851903995993,0.05149108813922402
C05_shared_beta_mixture,S1,temporal_only,surface_rmse,5,0.18019484432531713,0.013720454102724213,0.1681683360474211,0.19222135260321316
C05_shared_beta_mixture,S2,age_temporal,abs_beta_mean,5,0.5675800561904907,0.06761838939493943,0.5083099246257656,0.6268501877552157
C05_shared_beta_mixture,S2,age_temporal,auprc,5,0.5736371772577009,0.0016600428758118168,0.5721820855210762,0.5750922689943256
C05_shared_beta_mixture,S2,age_temporal,auroc,5,0.7578590886088101,0.0012041771439295552,0.7568035808041051,0.7589145964135151
C05_shared_beta_mixture,S2,age_temporal,bce,5,0.45988103276988507,0.000937535782409308,0.4590592464234892,0.4607028191162809
C05_shared_beta_mixture,S2,age_temporal,beta_mean,5,-0.5675800561904907,0.06761838939493943,-0.6268501877552157,-0.5083099246257656
C05_shared_beta_mixture,S2,age_temporal,cf_rmse_age,5,0.16222420828536732,0.008641356699649293,0.15464972517405762,0.16979869139667703
C05_shared_beta_mixture,S2,age_temporal,cf_rmse_lag,5,0.16409323303690154,0.0344390260807977,0.13390609570584522,0.19428037036795787
C05_shared_beta_mixture,S2,age_temporal,delta_bce_beta0,5,0.009010925839900496,0.0021924468954147547,0.007089161404179837,0.010932690275621154
C05_shared_beta_mixture,S2,age_temporal,delta_bce_full_age_shuffle,5,0.022493184375365738,0.0015514366272454006,0.02113329021293468,0.023853078537796796
C05_shared_beta_mixture,S2,age_temporal,delta_bce_gate_age_shuffle,5,0.013436931323694102,0.00307745387677534,0.010739424065786853,0.01613443858160135
C05_shared_beta_mixture,S2,age_temporal,gate_signal_correlation,5,0.7705592615475823,0.02431563864526309,0.7492456645441476,0.7918728585510169
C05_shared_beta_mixture,S2,age_temporal,gate_signal_mae,5,0.15621129830397282,0.007178482731450257,0.149919080761743,0.16250351584620262
C05_shared_beta_mixture,S2,age_temporal,gate_signal_rmse,5,0.18966656958569011,0.008148821867242926,0.18252381229006687,0.19680932688131336
C05_shared_beta_mixture,S2,age_temporal,surface_rmse,5,0.22106174776709922,0.028053275801069495,0.19647196734746464,0.2456515281867338
C05_shared_beta_mixture,S2,matched,delta_auprc_at_minus_to,5,0.010930345959289545,0.0015229855545537661,0.00959539026162643,0.01226530165695266
C05_shared_beta_mixture,S2,matched,delta_auroc_at_minus_to,5,0.003951277200233627,0.0008672944139527729,0.003191060127920764,0.00471149427254649
C05_shared_beta_mixture,S2,matched,delta_bce_to_minus_at,5,0.0051689972397438114,0.0007118308477737176,0.004545049991415303,0.00579294448807232
C05_shared_beta_mixture,S2,temporal_only,abs_beta_mean,5,0.0,0.0,0.0,0.0
C05_shared_beta_mixture,S2,temporal_only,auprc,5,0.5627068312984115,0.0014488515405883223,0.5614368569290596,0.5639768056677633
C05_shared_beta_mixture,S2,temporal_only,auroc,5,0.7539078114085763,0.0013851727651441562,0.7526936539469063,0.7551219688702463
C05_shared_beta_mixture,S2,temporal_only,bce,5,0.4650500300096289,0.0006039149419651048,0.4645206752233871,0.46557938479587074
C05_shared_beta_mixture,S2,temporal_only,beta_mean,5,0.0,0.0,0.0,0.0
C05_shared_beta_mixture,S2,temporal_only,cf_rmse_age,5,0.1815334007719458,0.00982322088154531,0.17292296802948656,0.19014383351440503
C05_shared_beta_mixture,S2,temporal_only,cf_rmse_lag,5,0.1683714362889937,0.035115731829941474,0.13759114021604404,0.19915173236194336
C05_shared_beta_mixture,S2,temporal_only,delta_bce_beta0,5,0.0,0.0,0.0,0.0
C05_shared_beta_mixture,S2,temporal_only,delta_bce_full_age_shuffle,5,0.008377854548583174,0.001275910666974157,0.0072594695386312205,0.009496239558535128
C05_shared_beta_mixture,S2,temporal_only,delta_bce_gate_age_shuffle,5,0.0,0.0,0.0,0.0
C05_shared_beta_mixture,S2,temporal_only,gate_signal_correlation,5,0.5192475612471895,7.262179173634384e-05,0.5191839054401052,0.5193112170542739
C05_shared_beta_mixture,S2,temporal_only,gate_signal_mae,5,0.21694760001111502,0.000333222113314325,0.21665551795070004,0.21723968207153
C05_shared_beta_mixture,S2,temporal_only,gate_signal_rmse,5,0.25941621953891636,5.22558370141002e-05,0.2593704152782328,0.25946202379959993
C05_shared_beta_mixture,S2,temporal_only,surface_rmse,5,0.2341649898030182,0.02397202219555141,0.2131525858975626,0.2551773937084738
C05_shared_beta_mixture,S3,age_temporal,abs_beta_mean,5,0.5488867461681366,0.057243041204023654,0.4987110082706974,0.5990624840655757
C05_shared_beta_mixture,S3,age_temporal,auprc,5,0.5282654109748458,0.002680410915189224,0.5259159272173596,0.530614894732332
C05_shared_beta_mixture,S3,age_temporal,auroc,5,0.7325552529295163,0.001359081347892237,0.7313639656034273,0.7337465402556053
C05_shared_beta_mixture,S3,age_temporal,bce,5,0.4886104624455448,0.0009505379278964051,0.4877772792161333,0.4894436456749563
C05_shared_beta_mixture,S3,age_temporal,beta_mean,5,0.5488867461681366,0.057243041204023654,0.4987110082706974,0.5990624840655757
C05_shared_beta_mixture,S3,age_temporal,cf_rmse_age,5,0.13378964046229186,0.01792931199866358,0.11807390557811662,0.1495053753464671
C05_shared_beta_mixture,S3,age_temporal,cf_rmse_lag,5,0.10429348117367936,0.01261172060052638,0.09323882065988287,0.11534814168747584
C05_shared_beta_mixture,S3,age_temporal,delta_bce_beta0,5,0.006870271319266675,0.0013259835304684428,0.005707995509287015,0.008032547129246335
C05_shared_beta_mixture,S3,age_temporal,delta_bce_full_age_shuffle,5,0.021105915488428727,0.0019753535941705643,0.019374441721292473,0.022837389255564982
C05_shared_beta_mixture,S3,age_temporal,delta_bce_gate_age_shuffle,5,0.011097156993569246,0.002135466022767204,0.009225338494874202,0.01296897549226429
C05_shared_beta_mixture,S3,age_temporal,gate_signal_correlation,5,0.7832993951465819,0.018449244450501383,0.7671279193744478,0.7994708709187159
C05_shared_beta_mixture,S3,age_temporal,gate_signal_mae,5,0.14572157445910744,0.005441546903603655,0.1409518482976566,0.15049130062055827
C05_shared_beta_mixture,S3,age_temporal,gate_signal_rmse,5,0.17522135527080623,0.006124750126528844,0.1698527750805836,0.18058993546102886
C05_shared_beta_mixture,S3,age_temporal,surface_rmse,5,0.1758300948497294,0.026009725474908003,0.15303156526843248,0.1986286244310263
C05_shared_beta_mixture,S3,matched,delta_auprc_at_minus_to,5,0.01050359728992647,0.001832822905692028,0.008897057179650815,0.012110137400202125
C05_shared_beta_mixture,S3,matched,delta_auroc_at_minus_to,5,0.0031219821407643122,0.0015827400061887943,0.0017346493569020522,0.004509314924626572
C05_shared_beta_mixture,S3,matched,delta_bce_to_minus_at,5,0.004297865990591554,0.0009019625423486801,0.0035072609639142825,0.005088471017268825
C05_shared_beta_mixture,S3,temporal_only,abs_beta_mean,5,0.0,0.0,0.0,0.0
C05_shared_beta_mixture,S3,temporal_only,auprc,5,0.5177618136849194,0.0018068816321753895,0.516178012103438,0.5193456152664007
C05_shared_beta_mixture,S3,temporal_only,auroc,5,0.729433270788752,0.0009281735216725096,0.728619690825717,0.730246850751787
C05_shared_beta_mixture,S3,temporal_only,bce,5,0.4929083284361363,0.00046600102533531345,0.4924998605278044,0.4933167963444682
C05_shared_beta_mixture,S3,temporal_only,beta_mean,5,0.0,0.0,0.0,0.0
C05_shared_beta_mixture,S3,temporal_only,cf_rmse_age,5,0.1357492256026656,0.012599410133887247,0.12470535568864315,0.1467930955166881
C05_shared_beta_mixture,S3,temporal_only,cf_rmse_lag,5,0.10506500405272687,0.012605272806303337,0.09401599527975593,0.1161140128256978
C05_shared_beta_mixture,S3,temporal_only,delta_bce_beta0,5,0.0,0.0,0.0,0.0
C05_shared_beta_mixture,S3,temporal_only,delta_bce_full_age_shuffle,5,0.009346874432551677,0.0012670812908287291,0.00823622871202168,0.010457520153081674
C05_shared_beta_mixture,S3,temporal_only,delta_bce_gate_age_shuffle,5,0.0,0.0,0.0,0.0
C05_shared_beta_mixture,S3,temporal_only,gate_signal_correlation,5,0.5671620795263503,4.2690568555601816e-05,0.5671246595931413,0.5671994994595594
C05_shared_beta_mixture,S3,temporal_only,gate_signal_mae,5,0.20208743453231306,0.00039976979796378447,0.2017370208544225,0.20243784821020364
C05_shared_beta_mixture,S3,temporal_only,gate_signal_rmse,5,0.23753866907384236,0.00033215282744108456,0.23724752428382018,0.23782981386386454
C05_shared_beta_mixture,S3,temporal_only,surface_rmse,5,0.17412851378011304,0.0232005217924883,0.15379235979425715,0.19446466776596893
C06_component_beta_mixture,S0,age_temporal,abs_beta_mean,5,0.031943593709729615,0.020219707987486932,0.014220238224004849,0.04966694919545438
C06_component_beta_mixture,S0,age_temporal,auprc,5,0.5242332143604495,0.002185473973249346,0.5223175619604905,0.5261488667604084
C06_component_beta_mixture,S0,age_temporal,auroc,5,0.7284110508614798,0.001613306018456274,0.7269969257865749,0.7298251759363847
C06_component_beta_mixture,S0,age_temporal,bce,5,0.4837216262550121,0.0009667996169475084,0.48287418902667884,0.48456906348334533
C06_component_beta_mixture,S0,age_temporal,beta_mean,5,0.001510814786888659,0.041005790607111056,-0.034432345438411435,0.03745397501218875
C06_component_beta_mixture,S0,age_temporal,cf_rmse_age,5,0.07955133497595132,0.012069946410695346,0.06897156047758632,0.09013110947431632
C06_component_beta_mixture,S0,age_temporal,cf_rmse_lag,5,0.11276039239121871,0.00798871795678091,0.10575797236068006,0.11976281242175736
C06_component_beta_mixture,S0,age_temporal,delta_bce_beta0,5,3.4414094186729914e-05,3.889040039050915e-05,3.2515524014768964e-07,6.850303313331214e-05
C06_component_beta_mixture,S0,age_temporal,delta_bce_full_age_shuffle,5,0.004374636531238718,0.001278257587643639,0.003254194354618098,0.0054950787078593384
C06_component_beta_mixture,S0,age_temporal,delta_bce_gate_age_shuffle,5,5.893664763122475e-05,5.4160570547390105e-05,1.1462814393122946e-05,0.00010641048086932656
C06_component_beta_mixture,S0,age_temporal,gate_signal_correlation,5,0.9994140880302254,0.00018153578680975803,0.9992549648972404,0.9995732111632103
C06_component_beta_mixture,S0,age_temporal,gate_signal_mae,5,0.025058129949555863,0.0014775054638315232,0.023763039309088043,0.026353220590023683
C06_component_beta_mixture,S0,age_temporal,gate_signal_rmse,5,0.026346628013239663,0.001628276713660635,0.024919380545413008,0.02777387548106632
C06_component_beta_mixture,S0,age_temporal,surface_rmse,5,0.14639878122220948,0.006757762627059693,0.14047534111112356,0.1523222213332954
C06_component_beta_mixture,S0,matched,delta_auprc_at_minus_to,5,-0.00012093493250413534,7.79124486804683e-05,-0.00018922820486898777,-5.2641660139282905e-05
C06_component_beta_mixture,S0,matched,delta_auroc_at_minus_to,5,-0.00010167467388566553,0.00013339633564925078,-0.000218601717474418,1.5252369703086933e-05
C06_component_beta_mixture,S0,matched,delta_bce_to_minus_at,5,-3.5680285972927715e-05,5.534798494805665e-05,-8.419493382343172e-05,1.2834361877576298e-05
C06_component_beta_mixture,S0,temporal_only,abs_beta_mean,5,0.0,0.0,0.0,0.0
C06_component_beta_mixture,S0,temporal_only,auprc,5,0.5243541492929535,0.0021364827223192763,0.5224814396178086,0.5262268589680985
C06_component_beta_mixture,S0,temporal_only,auroc,5,0.7285127255353655,0.0015555457413404395,0.7271492295756244,0.7298762214951066
C06_component_beta_mixture,S0,temporal_only,bce,5,0.48368594596903913,0.0009315606688936461,0.4828693970405611,0.4845024948975172
C06_component_beta_mixture,S0,temporal_only,beta_mean,5,0.0,0.0,0.0,0.0
C06_component_beta_mixture,S0,temporal_only,cf_rmse_age,5,0.0792825142669295,0.01101481804631908,0.06962760055767604,0.08893742797618297
C06_component_beta_mixture,S0,temporal_only,cf_rmse_lag,5,0.11257156380138462,0.008176619160186468,0.10540444110420938,0.11973868649855987
C06_component_beta_mixture,S0,temporal_only,delta_bce_beta0,5,0.0,0.0,0.0,0.0
C06_component_beta_mixture,S0,temporal_only,delta_bce_full_age_shuffle,5,0.004364707834243387,0.0012842343409859393,0.003239026802333579,0.005490388866153195
C06_component_beta_mixture,S0,temporal_only,delta_bce_gate_age_shuffle,5,0.0,0.0,0.0,0.0
C06_component_beta_mixture,S0,temporal_only,gate_signal_correlation,5,0.9995981092147556,4.401896738787008e-05,0.9995595248886311,0.99963669354088
C06_component_beta_mixture,S0,temporal_only,gate_signal_mae,5,0.025055769373048715,0.0014697600192429725,0.02376746791410235,0.02634407083199508
C06_component_beta_mixture,S0,temporal_only,gate_signal_rmse,5,0.026057702277559318,0.0015173059592891412,0.024727724964645988,0.027387679590472648
C06_component_beta_mixture,S0,temporal_only,surface_rmse,5,0.1464023583926499,0.006935958701626526,0.1403227225354304,0.15248199424986938
C06_component_beta_mixture,S1,age_temporal,abs_beta_mean,5,0.03778915703296661,0.020220315204689927,0.020065269297896187,0.055513044768037034
C06_component_beta_mixture,S1,age_temporal,auprc,5,0.5354295853205859,0.0007530515475367383,0.5347695065358513,0.5360896641053206
C06_component_beta_mixture,S1,age_temporal,auroc,5,0.7403692739863478,0.000951671445644147,0.7395350971848231,0.7412034507878724
C06_component_beta_mixture,S1,age_temporal,bce,5,0.4817666572297038,0.00032218014582902077,0.4814842538805306,0.482049060578877
C06_component_beta_mixture,S1,age_temporal,beta_mean,5,0.005875739455223084,0.046375976980250186,-0.03477459666869241,0.046526075579138584
C06_component_beta_mixture,S1,age_temporal,cf_rmse_age,5,0.14937020744415141,0.014072347894733515,0.13703525065785654,0.16170516423044629
C06_component_beta_mixture,S1,age_temporal,cf_rmse_lag,5,0.12649657516855004,0.012047724192925362,0.11593627930288647,0.1370568710342136
C06_component_beta_mixture,S1,age_temporal,delta_bce_beta0,5,1.2802577523762793e-05,0.00012701099914353445,-9.852747184248055e-05,0.00012413262689000613
C06_component_beta_mixture,S1,age_temporal,delta_bce_full_age_shuffle,5,0.00927260454376343,0.002351045491455964,0.0072118223092241755,0.011333386778302685
C06_component_beta_mixture,S1,age_temporal,delta_bce_gate_age_shuffle,5,3.5996164033491596e-05,0.00010847992611879006,-5.909068365285005e-05,0.00013108301171983324
C06_component_beta_mixture,S1,age_temporal,gate_signal_correlation,5,0.9984875284758727,0.00033019071024516884,0.998198103557403,0.9987769533943425
C06_component_beta_mixture,S1,age_temporal,gate_signal_mae,5,0.047076200691855336,0.0027075732531046484,0.04470290809543846,0.04944949328827221
C06_component_beta_mixture,S1,age_temporal,gate_signal_rmse,5,0.048847600670670746,0.002885464984804816,0.04631837909640491,0.05137682224493658
C06_component_beta_mixture,S1,age_temporal,surface_rmse,5,0.1802212848861126,0.013151856889689001,0.16869317404012074,0.19174939573210448
C06_component_beta_mixture,S1,matched,delta_auprc_at_minus_to,5,-0.0001670464422848017,0.00027504901005575785,-0.0004081375294672512,7.404464489764779e-05
C06_component_beta_mixture,S1,matched,delta_auroc_at_minus_to,5,-9.603027686080345e-05,0.00018039053253214143,-0.00025414955021059156,6.208899648898469e-05
C06_component_beta_mixture,S1,matched,delta_bce_to_minus_at,5,-8.288975700849743e-05,0.0001657557229869049,-0.00022818105419776822,6.240154018077335e-05
C06_component_beta_mixture,S1,temporal_only,abs_beta_mean,5,0.0,0.0,0.0,0.0
C06_component_beta_mixture,S1,temporal_only,auprc,5,0.5355966317628706,0.0009740271394410901,0.5347428593317485,0.5364504041939928
C06_component_beta_mixture,S1,temporal_only,auroc,5,0.7404653042632086,0.0011142149542444513,0.7394886517945475,0.7414419567318696
C06_component_beta_mixture,S1,temporal_only,bce,5,0.4816837674726953,0.0004392116922803632,0.4812987814501183,0.48206875349527234
C06_component_beta_mixture,S1,temporal_only,beta_mean,5,0.0,0.0,0.0,0.0
C06_component_beta_mixture,S1,temporal_only,cf_rmse_age,5,0.15124795774252914,0.01634685553182975,0.13691930710901354,0.16557660837604474
C06_component_beta_mixture,S1,temporal_only,cf_rmse_lag,5,0.12689353137924209,0.011688953406863496,0.11664771197304087,0.13713935078544331
C06_component_beta_mixture,S1,temporal_only,delta_bce_beta0,5,0.0,0.0,0.0,0.0
C06_component_beta_mixture,S1,temporal_only,delta_bce_full_age_shuffle,5,0.00929211994150515,0.002295738527666138,0.007279816398185857,0.011304423484824442
C06_component_beta_mixture,S1,temporal_only,delta_bce_gate_age_shuffle,5,0.0,0.0,0.0,0.0
C06_component_beta_mixture,S1,temporal_only,gate_signal_correlation,5,0.9987308613571695,0.00013775213291109415,0.9986101162889415,0.9988516064253975
C06_component_beta_mixture,S1,temporal_only,gate_signal_mae,5,0.04740539873232123,0.0028283705655967246,0.04492622262302958,0.049884574841612885
C06_component_beta_mixture,S1,temporal_only,gate_signal_rmse,5,0.048959803589591976,0.002887818532332752,0.04642851903995993,0.05149108813922402
C06_component_beta_mixture,S1,temporal_only,surface_rmse,5,0.18019484432531713,0.013720454102724213,0.1681683360474211,0.19222135260321316
C06_component_beta_mixture,S2,age_temporal,abs_beta_mean,5,0.5675793647766113,0.06761839513731889,0.5083092281784687,0.6268495013747539
C06_component_beta_mixture,S2,age_temporal,auprc,5,0.5736371702364399,0.0016600341218248262,0.572182086173023,0.5750922542998568
C06_component_beta_mixture,S2,age_temporal,auroc,5,0.7578591033130697,0.0012041549546769374,0.7568036149581022,0.7589145916680372
C06_component_beta_mixture,S2,age_temporal,bce,5,0.4598810368496675,0.0009375349795796243,0.45905925120698293,0.4607028224923521
C06_component_beta_mixture,S2,age_temporal,beta_mean,5,-0.5675793647766113,0.06761839513731889,-0.6268495013747539,-0.5083092281784687
C06_component_beta_mixture,S2,age_temporal,cf_rmse_age,5,0.1622242388867487,0.008641347707366845,0.1546497636575221,0.1697987141159753
C06_component_beta_mixture,S2,age_temporal,cf_rmse_lag,5,0.16409322791901065,0.03443901821350627,0.13390609748393933,0.19428035835408197
C06_component_beta_mixture,S2,age_temporal,delta_bce_beta0,5,0.00901091408180279,0.0021924482569580556,0.007089148452636808,0.010932679710968772
C06_component_beta_mixture,S2,age_temporal,delta_bce_full_age_shuffle,5,0.02249316116302382,0.0015514344645627851,0.021133268896267658,0.023853053429779985
C06_component_beta_mixture,S2,age_temporal,delta_bce_gate_age_shuffle,5,0.013436907396026898,0.0030774537182633966,0.010739400277061493,0.016134414514992302
C06_component_beta_mixture,S2,age_temporal,gate_signal_correlation,5,0.7705590155779565,0.02431565863381035,0.7492454010537877,0.7918726301021253
C06_component_beta_mixture,S2,age_temporal,gate_signal_mae,5,0.15621137011149266,0.007178483722790387,0.14991915170031492,0.1625035885226704
C06_component_beta_mixture,S2,age_temporal,gate_signal_rmse,5,0.18966665407845482,0.008148823842039438,0.1825238950518461,0.19680941310506353
C06_component_beta_mixture,S2,age_temporal,surface_rmse,5,0.2210617561433917,0.028053267099070234,0.1964719833513958,0.24565152893538764
C06_component_beta_mixture,S2,matched,delta_auprc_at_minus_to,5,0.01093033893802844,0.0015229206231682734,0.009595440155234124,0.012265237720822754
C06_component_beta_mixture,S2,matched,delta_auroc_at_minus_to,5,0.00395129190449337,0.0008672910944771167,0.003191077741829208,0.004711506067157532
C06_component_beta_mixture,S2,matched,delta_bce_to_minus_at,5,0.0051689931599614766,0.0007118306593187261,0.004545046076821052,0.005792940243101901
C06_component_beta_mixture,S2,temporal_only,abs_beta_mean,5,0.0,0.0,0.0,0.0
C06_component_beta_mixture,S2,temporal_only,auprc,5,0.5627068312984115,0.0014488515405883223,0.5614368569290596,0.5639768056677633
C06_component_beta_mixture,S2,temporal_only,auroc,5,0.7539078114085763,0.0013851727651441562,0.7526936539469063,0.7551219688702463
C06_component_beta_mixture,S2,temporal_only,bce,5,0.4650500300096289,0.0006039149419651048,0.4645206752233871,0.46557938479587074
C06_component_beta_mixture,S2,temporal_only,beta_mean,5,0.0,0.0,0.0,0.0
C06_component_beta_mixture,S2,temporal_only,cf_rmse_age,5,0.1815334007719458,0.00982322088154531,0.17292296802948656,0.19014383351440503
C06_component_beta_mixture,S2,temporal_only,cf_rmse_lag,5,0.1683714362889937,0.035115731829941474,0.13759114021604404,0.19915173236194336
C06_component_beta_mixture,S2,temporal_only,delta_bce_beta0,5,0.0,0.0,0.0,0.0
C06_component_beta_mixture,S2,temporal_only,delta_bce_full_age_shuffle,5,0.008377854548583174,0.001275910666974157,0.0072594695386312205,0.009496239558535128
C06_component_beta_mixture,S2,temporal_only,delta_bce_gate_age_shuffle,5,0.0,0.0,0.0,0.0
C06_component_beta_mixture,S2,temporal_only,gate_signal_correlation,5,0.5192475612471895,7.262179173634384e-05,0.5191839054401052,0.5193112170542739
C06_component_beta_mixture,S2,temporal_only,gate_signal_mae,5,0.21694760001111502,0.000333222113314325,0.21665551795070004,0.21723968207153
C06_component_beta_mixture,S2,temporal_only,gate_signal_rmse,5,0.25941621953891636,5.22558370141002e-05,0.2593704152782328,0.25946202379959993
C06_component_beta_mixture,S2,temporal_only,surface_rmse,5,0.2341649898030182,0.02397202219555141,0.2131525858975626,0.2551773937084738
C06_component_beta_mixture,S3,age_temporal,abs_beta_mean,5,0.5488858759403229,0.05724316806556464,0.4987100268438402,0.5990617250368055
C06_component_beta_mixture,S3,age_temporal,auprc,5,0.5282653747455304,0.0026803834662823822,0.5259159150480718,0.530614834442989
C06_component_beta_mixture,S3,age_temporal,auroc,5,0.7325552524449314,0.0013590649534784404,0.7313639794891797,0.733746525400683
C06_component_beta_mixture,S3,age_temporal,bce,5,0.4886104683884945,0.0009505404466814568,0.48777728295127054,0.4894436538257184
C06_component_beta_mixture,S3,age_temporal,beta_mean,5,0.5488858759403229,0.05724316806556464,0.4987100268438402,0.5990617250368055
C06_component_beta_mixture,S3,age_temporal,cf_rmse_age,5,0.1337896587393784,0.017929318231288387,0.11807391839206664,0.14950539908669014
C06_component_beta_mixture,S3,age_temporal,cf_rmse_lag,5,0.10429349946121988,0.012611731576284507,0.09323882932674721,0.11534816959569255
C06_component_beta_mixture,S3,age_temporal,delta_bce_beta0,5,0.006870260443766563,0.001325984365979775,0.0057079839014289304,0.008032536986104195
C06_component_beta_mixture,S3,age_temporal,delta_bce_full_age_shuffle,5,0.02110589189647667,0.001975353202144277,0.019374418472966608,0.02283736531998673
C06_component_beta_mixture,S3,age_temporal,delta_bce_gate_age_shuffle,5,0.011097133418221883,0.002135467891251403,0.009225313281728226,0.01296895355471554
C06_component_beta_mixture,S3,age_temporal,gate_signal_correlation,5,0.7832991193030763,0.01844929889088895,0.7671275958118385,0.799470642794314
C06_component_beta_mixture,S3,age_temporal,gate_signal_mae,5,0.145721659099443,0.005441560256026153,0.14095192123407785,0.15049139696480818
C06_component_beta_mixture,S3,age_temporal,gate_signal_rmse,5,0.17522145003212816,0.006124764809730293,0.169852856971512,0.18059004309274432
C06_component_beta_mixture,S3,age_temporal,surface_rmse,5,0.1758301237172109,0.026009745743734113,0.1530315763695046,0.19862867106491722
C06_component_beta_mixture,S3,matched,delta_auprc_at_minus_to,5,0.010503561060611077,0.001832785652656163,0.008897053604061081,0.012110068517161073
C06_component_beta_mixture,S3,matched,delta_auroc_at_minus_to,5,0.0031219816561793403,0.001582719619954644,0.0017346667416391834,0.004509296570719497
C06_component_beta_mixture,S3,matched,delta_bce_to_minus_at,5,0.004297860047641844,0.0009019660759420875,0.003507251923633388,0.0050884681716503
C06_component_beta_mixture,S3,temporal_only,abs_beta_mean,5,0.0,0.0,0.0,0.0
C06_component_beta_mixture,S3,temporal_only,auprc,5,0.5177618136849194,0.0018068816321753895,0.516178012103438,0.5193456152664007
C06_component_beta_mixture,S3,temporal_only,auroc,5,0.729433270788752,0.0009281735216725096,0.728619690825717,0.730246850751787
C06_component_beta_mixture,S3,temporal_only,bce,5,0.4929083284361363,0.00046600102533531345,0.4924998605278044,0.4933167963444682
C06_component_beta_mixture,S3,temporal_only,beta_mean,5,0.0,0.0,0.0,0.0
C06_component_beta_mixture,S3,temporal_only,cf_rmse_age,5,0.1357492256026656,0.012599410133887247,0.12470535568864315,0.1467930955166881
C06_component_beta_mixture,S3,temporal_only,cf_rmse_lag,5,0.10506500405272687,0.012605272806303337,0.09401599527975593,0.1161140128256978
C06_component_beta_mixture,S3,temporal_only,delta_bce_beta0,5,0.0,0.0,0.0,0.0
C06_component_beta_mixture,S3,temporal_only,delta_bce_full_age_shuffle,5,0.009346874432551677,0.0012670812908287291,0.00823622871202168,0.010457520153081674
C06_component_beta_mixture,S3,temporal_only,delta_bce_gate_age_shuffle,5,0.0,0.0,0.0,0.0
C06_component_beta_mixture,S3,temporal_only,gate_signal_correlation,5,0.5671620795263503,4.2690568555601816e-05,0.5671246595931413,0.5671994994595594
C06_component_beta_mixture,S3,temporal_only,gate_signal_mae,5,0.20208743453231306,0.00039976979796378447,0.2017370208544225,0.20243784821020364
C06_component_beta_mixture,S3,temporal_only,gate_signal_rmse,5,0.23753866907384236,0.00033215282744108456,0.23724752428382018,0.23782981386386454
C06_component_beta_mixture,S3,temporal_only,surface_rmse,5,0.17412851378011304,0.0232005217924883,0.15379235979425715,0.19446466776596893
