experiment,scenario,arm,seed,metric,value
C00_current_dtr,S0,age_temporal,0,bce,0.4806428490322751
C00_current_dtr,S0,age_temporal,0,auroc,0.7334018081536009
C00_current_dtr,S0,age_temporal,0,auprc,0.5296080665494216
C00_current_dtr,S0,age_temporal,0,surface_rmse,0.1503116762195039
C00_current_dtr,S0,age_temporal,0,cf_rmse_age,0.08308225857201237
C00_current_dtr,S0,age_temporal,0,cf_rmse_lag,0.11640719659928514
C00_current_dtr,S0,age_temporal,0,delta_bce_beta0,8.668917983567503e-06
C00_current_dtr,S0,age_temporal,0,delta_bce_full_age_shuffle,0.005402318749690327
C00_current_dtr,S0,age_temporal,0,delta_bce_gate_age_shuffle,8.281515396046935e-05
C00_current_dtr,S0,age_temporal,0,gate_signal_rmse,0.10231461241529326
C00_current_dtr,S0,age_temporal,0,gate_signal_mae,0.058537998327670156
C00_current_dtr,S0,age_temporal,0,gate_signal_correlation,0.8942223610434816
C00_current_dtr,S0,age_temporal,0,beta_mean,0.04978904128074646
C00_current_dtr,S0,age_temporal,0,abs_beta_mean,0.04978904128074646
C00_current_dtr,S0,age_temporal,0,content_free_lambda_rmse,0.031856281330717835
C00_current_dtr,S0,age_temporal,1,bce,0.482053698864931
C00_current_dtr,S0,age_temporal,1,auroc,0.731115848292132
C00_current_dtr,S0,age_temporal,1,auprc,0.5268778885349943
C00_current_dtr,S0,age_temporal,1,surface_rmse,0.15367456751097977
C00_current_dtr,S0,age_temporal,1,cf_rmse_age,0.10960712533862747
C00_current_dtr,S0,age_temporal,1,cf_rmse_lag,0.12693664121579312
C00_current_dtr,S0,age_temporal,1,delta_bce_beta0,-1.25439318526821e-05
C00_current_dtr,S0,age_temporal,1,delta_bce_full_age_shuffle,0.0025570379784510266
C00_current_dtr,S0,age_temporal,1,delta_bce_gate_age_shuffle,-5.97453501538503e-06
C00_current_dtr,S0,age_temporal,1,gate_signal_rmse,0.08456179356108491
C00_current_dtr,S0,age_temporal,1,gate_signal_mae,0.050731986746074535
C00_current_dtr,S0,age_temporal,1,gate_signal_correlation,0.9259799889673047
C00_current_dtr,S0,age_temporal,1,beta_mean,0.011464101262390614
C00_current_dtr,S0,age_temporal,1,abs_beta_mean,0.011464101262390614
C00_current_dtr,S0,age_temporal,1,content_free_lambda_rmse,0.03935393863867239
C00_current_dtr,S0,age_temporal,2,bce,0.4830817318863371
C00_current_dtr,S0,age_temporal,2,auroc,0.7303670482020509
C00_current_dtr,S0,age_temporal,2,auprc,0.5238882520896395
C00_current_dtr,S0,age_temporal,2,surface_rmse,0.16429447406673842
C00_current_dtr,S0,age_temporal,2,cf_rmse_age,0.09858325932001033
C00_current_dtr,S0,age_temporal,2,cf_rmse_lag,0.13534132815383793
C00_current_dtr,S0,age_temporal,2,delta_bce_beta0,3.1312002447547727e-05
C00_current_dtr,S0,age_temporal,2,delta_bce_full_age_shuffle,0.005448884099637563
C00_current_dtr,S0,age_temporal,2,delta_bce_gate_age_shuffle,1.4039961121481426e-05
C00_current_dtr,S0,age_temporal,2,gate_signal_rmse,0.12351198989778926
C00_current_dtr,S0,age_temporal,2,gate_signal_mae,0.06581166671629682
C00_current_dtr,S0,age_temporal,2,gate_signal_correlation,0.8560636309164751
C00_current_dtr,S0,age_temporal,2,beta_mean,-0.020279379561543465
C00_current_dtr,S0,age_temporal,2,abs_beta_mean,0.020279379561543465
C00_current_dtr,S0,age_temporal,2,content_free_lambda_rmse,0.03375464789357015
C00_current_dtr,S0,age_temporal,3,bce,0.4819322606840814
C00_current_dtr,S0,age_temporal,3,auroc,0.732108261569415
C00_current_dtr,S0,age_temporal,3,auprc,0.5279717138257447
C00_current_dtr,S0,age_temporal,3,surface_rmse,0.1509623955451689
C00_current_dtr,S0,age_temporal,3,cf_rmse_age,0.11860078629085011
C00_current_dtr,S0,age_temporal,3,cf_rmse_lag,0.11825170749435876
C00_current_dtr,S0,age_temporal,3,delta_bce_beta0,1.9773450585791608e-06
C00_current_dtr,S0,age_temporal,3,delta_bce_full_age_shuffle,0.005476744411670453
C00_current_dtr,S0,age_temporal,3,delta_bce_gate_age_shuffle,2.184771361252169e-05
C00_current_dtr,S0,age_temporal,3,gate_signal_rmse,0.09765861700776518
C00_current_dtr,S0,age_temporal,3,gate_signal_mae,0.05469462765413096
C00_current_dtr,S0,age_temporal,3,gate_signal_correlation,0.9052954838709347
C00_current_dtr,S0,age_temporal,3,beta_mean,0.03535430505871773
C00_current_dtr,S0,age_temporal,3,abs_beta_mean,0.03535430505871773
C00_current_dtr,S0,age_temporal,3,content_free_lambda_rmse,0.035060183566991907
C00_current_dtr,S0,age_temporal,4,bce,0.48151061692912545
C00_current_dtr,S0,age_temporal,4,auroc,0.7316953062565781
C00_current_dtr,S0,age_temporal,4,auprc,0.5261686705117078
C00_current_dtr,S0,age_temporal,4,surface_rmse,0.14514842713951528
C00_current_dtr,S0,age_temporal,4,cf_rmse_age,0.08286302774714167
C00_current_dtr,S0,age_temporal,4,cf_rmse_lag,0.11139740683119081
C00_current_dtr,S0,age_temporal,4,delta_bce_beta0,-2.357533042340876e-06
C00_current_dtr,S0,age_temporal,4,delta_bce_full_age_shuffle,0.005946130476437661
C00_current_dtr,S0,age_temporal,4,delta_bce_gate_age_shuffle,9.725543985150686e-07
C00_current_dtr,S0,age_temporal,4,gate_signal_rmse,0.11501639806420964
C00_current_dtr,S0,age_temporal,4,gate_signal_mae,0.06004317724737618
C00_current_dtr,S0,age_temporal,4,gate_signal_correlation,0.8706569702352823
C00_current_dtr,S0,age_temporal,4,beta_mean,0.0031639905646443367
C00_current_dtr,S0,age_temporal,4,abs_beta_mean,0.0031639905646443367
C00_current_dtr,S0,age_temporal,4,content_free_lambda_rmse,0.03074675207583242
C00_current_dtr,S0,temporal_only,0,bce,0.4806541348924672
C00_current_dtr,S0,temporal_only,0,auroc,0.7333671895404137
C00_current_dtr,S0,temporal_only,0,auprc,0.5296745514501848
C00_current_dtr,S0,temporal_only,0,surface_rmse,0.14982460786457688
C00_current_dtr,S0,temporal_only,0,cf_rmse_age,0.08414547823781746
C00_current_dtr,S0,temporal_only,0,cf_rmse_lag,0.11527290838970335
C00_current_dtr,S0,temporal_only,0,delta_bce_beta0,0.0
C00_current_dtr,S0,temporal_only,0,delta_bce_full_age_shuffle,0.005448421935103198
C00_current_dtr,S0,temporal_only,0,delta_bce_gate_age_shuffle,0.0
C00_current_dtr,S0,temporal_only,0,gate_signal_rmse,0.10242814526854555
C00_current_dtr,S0,temporal_only,0,gate_signal_mae,0.05841725569190165
C00_current_dtr,S0,temporal_only,0,gate_signal_correlation,0.8944071110982615
C00_current_dtr,S0,temporal_only,0,beta_mean,0.0
C00_current_dtr,S0,temporal_only,0,abs_beta_mean,0.0
C00_current_dtr,S0,temporal_only,0,content_free_lambda_rmse,0.02869981336863059
C00_current_dtr,S0,temporal_only,1,bce,0.4818821435905289
C00_current_dtr,S0,temporal_only,1,auroc,0.7311583206656627
C00_current_dtr,S0,temporal_only,1,auprc,0.5272332888171368
C00_current_dtr,S0,temporal_only,1,surface_rmse,0.1531521984556662
C00_current_dtr,S0,temporal_only,1,cf_rmse_age,0.10981046715243505
C00_current_dtr,S0,temporal_only,1,cf_rmse_lag,0.12656025686406394
C00_current_dtr,S0,temporal_only,1,delta_bce_beta0,0.0
C00_current_dtr,S0,temporal_only,1,delta_bce_full_age_shuffle,0.0025488615066479037
C00_current_dtr,S0,temporal_only,1,delta_bce_gate_age_shuffle,0.0
C00_current_dtr,S0,temporal_only,1,gate_signal_rmse,0.08421856293218988
C00_current_dtr,S0,temporal_only,1,gate_signal_mae,0.0507204262482169
C00_current_dtr,S0,temporal_only,1,gate_signal_correlation,0.926111351452864
C00_current_dtr,S0,temporal_only,1,beta_mean,0.0
C00_current_dtr,S0,temporal_only,1,abs_beta_mean,0.0
C00_current_dtr,S0,temporal_only,1,content_free_lambda_rmse,0.03921836424143332
C00_current_dtr,S0,temporal_only,2,bce,0.4830764209988984
C00_current_dtr,S0,temporal_only,2,auroc,0.7303934342954508
C00_current_dtr,S0,temporal_only,2,auprc,0.5238925514664606
C00_current_dtr,S0,temporal_only,2,surface_rmse,0.16478229224284469
C00_current_dtr,S0,temporal_only,2,cf_rmse_age,0.09913553635485707
C00_current_dtr,S0,temporal_only,2,cf_rmse_lag,0.13577891931022554
C00_current_dtr,S0,temporal_only,2,delta_bce_beta0,0.0
C00_current_dtr,S0,temporal_only,2,delta_bce_full_age_shuffle,0.00550750129427291
C00_current_dtr,S0,temporal_only,2,delta_bce_gate_age_shuffle,0.0
C00_current_dtr,S0,temporal_only,2,gate_signal_rmse,0.12317083620847916
C00_current_dtr,S0,temporal_only,2,gate_signal_mae,0.0657725230570137
C00_current_dtr,S0,temporal_only,2,gate_signal_correlation,0.8566828732602048
C00_current_dtr,S0,temporal_only,2,beta_mean,0.0
C00_current_dtr,S0,temporal_only,2,abs_beta_mean,0.0
C00_current_dtr,S0,temporal_only,2,content_free_lambda_rmse,0.03327709245951194
C00_current_dtr,S0,temporal_only,3,bce,0.48186039509847955
C00_current_dtr,S0,temporal_only,3,auroc,0.7307520364062601
C00_current_dtr,S0,temporal_only,3,auprc,0.5269430396638906
C00_current_dtr,S0,temporal_only,3,surface_rmse,0.14902255691470706
C00_current_dtr,S0,temporal_only,3,cf_rmse_age,0.11313308421402934
C00_current_dtr,S0,temporal_only,3,cf_rmse_lag,0.11800553722134975
C00_current_dtr,S0,temporal_only,3,delta_bce_beta0,0.0
C00_current_dtr,S0,temporal_only,3,delta_bce_full_age_shuffle,0.005620222900700744
C00_current_dtr,S0,temporal_only,3,delta_bce_gate_age_shuffle,0.0
C00_current_dtr,S0,temporal_only,3,gate_signal_rmse,0.10504304175008819
C00_current_dtr,S0,temporal_only,3,gate_signal_mae,0.05808107748336999
C00_current_dtr,S0,temporal_only,3,gate_signal_correlation,0.8883809744941378
C00_current_dtr,S0,temporal_only,3,beta_mean,0.0
C00_current_dtr,S0,temporal_only,3,abs_beta_mean,0.0
C00_current_dtr,S0,temporal_only,3,content_free_lambda_rmse,0.03146529007227438
C00_current_dtr,S0,temporal_only,4,bce,0.4815139392696047
C00_current_dtr,S0,temporal_only,4,auroc,0.7316908344515289
C00_current_dtr,S0,temporal_only,4,auprc,0.5261603580197765
C00_current_dtr,S0,temporal_only,4,surface_rmse,0.14505630645072745
C00_current_dtr,S0,temporal_only,4,cf_rmse_age,0.08284167493527446
C00_current_dtr,S0,temporal_only,4,cf_rmse_lag,0.11130516010406907
C00_current_dtr,S0,temporal_only,4,delta_bce_beta0,0.0
C00_current_dtr,S0,temporal_only,4,delta_bce_full_age_shuffle,0.0059405503248018965
C00_current_dtr,S0,temporal_only,4,delta_bce_gate_age_shuffle,0.0
C00_current_dtr,S0,temporal_only,4,gate_signal_rmse,0.11488319514919978
C00_current_dtr,S0,temporal_only,4,gate_signal_mae,0.059961832940496645
C00_current_dtr,S0,temporal_only,4,gate_signal_correlation,0.8709039373269316
C00_current_dtr,S0,temporal_only,4,beta_mean,0.0
C00_current_dtr,S0,temporal_only,4,abs_beta_mean,0.0
C00_current_dtr,S0,temporal_only,4,content_free_lambda_rmse,0.030725417616677467
C00_current_dtr,S1,age_temporal,0,bce,0.48117162051291396
C00_current_dtr,S1,age_temporal,0,auroc,0.7401830256045248
C00_current_dtr,S1,age_temporal,0,auprc,0.537335282187853
C00_current_dtr,S1,age_temporal,0,surface_rmse,0.17011170753699503
C00_current_dtr,S1,age_temporal,0,cf_rmse_age,0.1402103413042319
C00_current_dtr,S1,age_temporal,0,cf_rmse_lag,0.12067959025784977
C00_current_dtr,S1,age_temporal,0,delta_bce_beta0,0.000276302743403789
C00_current_dtr,S1,age_temporal,0,delta_bce_full_age_shuffle,0.008455465136340767
C00_current_dtr,S1,age_temporal,0,delta_bce_gate_age_shuffle,0.00033391308487323856
C00_current_dtr,S1,age_temporal,0,gate_signal_rmse,0.05250495182444817
C00_current_dtr,S1,age_temporal,0,gate_signal_mae,0.033911053696513045
C00_current_dtr,S1,age_temporal,0,gate_signal_correlation,0.9757352123806298
C00_current_dtr,S1,age_temporal,0,beta_mean,0.1005406603217125
C00_current_dtr,S1,age_temporal,0,abs_beta_mean,0.1005406603217125
C00_current_dtr,S1,age_temporal,0,content_free_lambda_rmse,0.05383579713373729
C00_current_dtr,S1,age_temporal,1,bce,0.4802605862266138
C00_current_dtr,S1,age_temporal,1,auroc,0.7415101146681564
C00_current_dtr,S1,age_temporal,1,auprc,0.5380768076394529
C00_current_dtr,S1,age_temporal,1,surface_rmse,0.17856830166768178
C00_current_dtr,S1,age_temporal,1,cf_rmse_age,0.16344439196072325
C00_current_dtr,S1,age_temporal,1,cf_rmse_lag,0.1223917324290053
C00_current_dtr,S1,age_temporal,1,delta_bce_beta0,3.160102115462582e-05
C00_current_dtr,S1,age_temporal,1,delta_bce_full_age_shuffle,0.006799740116966657
C00_current_dtr,S1,age_temporal,1,delta_bce_gate_age_shuffle,2.7818955876279805e-05
C00_current_dtr,S1,age_temporal,1,gate_signal_rmse,0.05569601236913303
C00_current_dtr,S1,age_temporal,1,gate_signal_mae,0.04025831548169511
C00_current_dtr,S1,age_temporal,1,gate_signal_correlation,0.9776751940206728
C00_current_dtr,S1,age_temporal,1,beta_mean,0.011787141673266888
C00_current_dtr,S1,age_temporal,1,abs_beta_mean,0.011787141673266888
C00_current_dtr,S1,age_temporal,1,content_free_lambda_rmse,0.045111086786530814
C00_current_dtr,S1,age_temporal,2,bce,0.48098239527723935
C00_current_dtr,S1,age_temporal,2,auroc,0.7419205482135522
C00_current_dtr,S1,age_temporal,2,auprc,0.5371054813206302
C00_current_dtr,S1,age_temporal,2,surface_rmse,0.1818091817541001
C00_current_dtr,S1,age_temporal,2,cf_rmse_age,0.1450187483420907
C00_current_dtr,S1,age_temporal,2,cf_rmse_lag,0.13825243035528761
C00_current_dtr,S1,age_temporal,2,delta_bce_beta0,0.00011789840997561418
C00_current_dtr,S1,age_temporal,2,delta_bce_full_age_shuffle,0.011294302900817288
C00_current_dtr,S1,age_temporal,2,delta_bce_gate_age_shuffle,9.835321759643634e-05
C00_current_dtr,S1,age_temporal,2,gate_signal_rmse,0.055305389206043366
C00_current_dtr,S1,age_temporal,2,gate_signal_mae,0.03915388802441943
C00_current_dtr,S1,age_temporal,2,gate_signal_correlation,0.9791678009447085
C00_current_dtr,S1,age_temporal,2,beta_mean,0.03144624084234238
C00_current_dtr,S1,age_temporal,2,abs_beta_mean,0.03144624084234238
C00_current_dtr,S1,age_temporal,2,content_free_lambda_rmse,0.04038026101400825
C00_current_dtr,S1,age_temporal,3,bce,0.48073099163610544
C00_current_dtr,S1,age_temporal,3,auroc,0.7416857012376636
C00_current_dtr,S1,age_temporal,3,auprc,0.5373797567194137
C00_current_dtr,S1,age_temporal,3,surface_rmse,0.1444063014727151
C00_current_dtr,S1,age_temporal,3,cf_rmse_age,0.13148214535761257
C00_current_dtr,S1,age_temporal,3,cf_rmse_lag,0.10756068846926845
C00_current_dtr,S1,age_temporal,3,delta_bce_beta0,0.00016747160604330125
C00_current_dtr,S1,age_temporal,3,delta_bce_full_age_shuffle,0.011025139003487505
C00_current_dtr,S1,age_temporal,3,delta_bce_gate_age_shuffle,0.00016694225004038055
C00_current_dtr,S1,age_temporal,3,gate_signal_rmse,0.055701546370979245
C00_current_dtr,S1,age_temporal,3,gate_signal_mae,0.038804960156100486
C00_current_dtr,S1,age_temporal,3,gate_signal_correlation,0.9761877996180943
C00_current_dtr,S1,age_temporal,3,beta_mean,0.0649377703666687
C00_current_dtr,S1,age_temporal,3,abs_beta_mean,0.0649377703666687
C00_current_dtr,S1,age_temporal,3,content_free_lambda_rmse,0.03854672970345076
C00_current_dtr,S1,age_temporal,4,bce,0.4802439862700552
C00_current_dtr,S1,age_temporal,4,auroc,0.7427907316607631
C00_current_dtr,S1,age_temporal,4,auprc,0.5398260691959067
C00_current_dtr,S1,age_temporal,4,surface_rmse,0.18187700068752877
C00_current_dtr,S1,age_temporal,4,cf_rmse_age,0.16623233235224963
C00_current_dtr,S1,age_temporal,4,cf_rmse_lag,0.1162050292170367
C00_current_dtr,S1,age_temporal,4,delta_bce_beta0,0.00010567572000969028
C00_current_dtr,S1,age_temporal,4,delta_bce_full_age_shuffle,0.007804761165834728
C00_current_dtr,S1,age_temporal,4,delta_bce_gate_age_shuffle,0.00011450701638016092
C00_current_dtr,S1,age_temporal,4,gate_signal_rmse,0.051990469401823926
C00_current_dtr,S1,age_temporal,4,gate_signal_mae,0.037760786948187
C00_current_dtr,S1,age_temporal,4,gate_signal_correlation,0.9786111529001003
C00_current_dtr,S1,age_temporal,4,beta_mean,0.03446369618177414
C00_current_dtr,S1,age_temporal,4,abs_beta_mean,0.03446369618177414
C00_current_dtr,S1,age_temporal,4,content_free_lambda_rmse,0.03809436869015157
C00_current_dtr,S1,temporal_only,0,bce,0.48138356272008914
C00_current_dtr,S1,temporal_only,0,auroc,0.7398615021334427
C00_current_dtr,S1,temporal_only,0,auprc,0.537011552591787
C00_current_dtr,S1,temporal_only,0,surface_rmse,0.16874071350957326
C00_current_dtr,S1,temporal_only,0,cf_rmse_age,0.14057476936589616
C00_current_dtr,S1,temporal_only,0,cf_rmse_lag,0.12055293894397853
C00_current_dtr,S1,temporal_only,0,delta_bce_beta0,0.0
C00_current_dtr,S1,temporal_only,0,delta_bce_full_age_shuffle,0.008417202572917004
C00_current_dtr,S1,temporal_only,0,delta_bce_gate_age_shuffle,0.0
C00_current_dtr,S1,temporal_only,0,gate_signal_rmse,0.051598335875426685
C00_current_dtr,S1,temporal_only,0,gate_signal_mae,0.032237344743686676
C00_current_dtr,S1,temporal_only,0,gate_signal_correlation,0.9771678480823325
C00_current_dtr,S1,temporal_only,0,beta_mean,0.0
C00_current_dtr,S1,temporal_only,0,abs_beta_mean,0.0
C00_current_dtr,S1,temporal_only,0,content_free_lambda_rmse,0.045386252882790745
C00_current_dtr,S1,temporal_only,1,bce,0.48027934385630455
C00_current_dtr,S1,temporal_only,1,auroc,0.7414593992834211
C00_current_dtr,S1,temporal_only,1,auprc,0.5379234378112852
C00_current_dtr,S1,temporal_only,1,surface_rmse,0.1785811688023273
C00_current_dtr,S1,temporal_only,1,cf_rmse_age,0.16424663275084456
C00_current_dtr,S1,temporal_only,1,cf_rmse_lag,0.12272831554634411
C00_current_dtr,S1,temporal_only,1,delta_bce_beta0,0.0
C00_current_dtr,S1,temporal_only,1,delta_bce_full_age_shuffle,0.006773107487360208
C00_current_dtr,S1,temporal_only,1,delta_bce_gate_age_shuffle,0.0
C00_current_dtr,S1,temporal_only,1,gate_signal_rmse,0.05500949031257595
C00_current_dtr,S1,temporal_only,1,gate_signal_mae,0.03967054002635601
C00_current_dtr,S1,temporal_only,1,gate_signal_correlation,0.978044050546879
C00_current_dtr,S1,temporal_only,1,beta_mean,0.0
C00_current_dtr,S1,temporal_only,1,abs_beta_mean,0.0
C00_current_dtr,S1,temporal_only,1,content_free_lambda_rmse,0.04435932445795555
C00_current_dtr,S1,temporal_only,2,bce,0.4810447311935839
C00_current_dtr,S1,temporal_only,2,auroc,0.7418188181736767
C00_current_dtr,S1,temporal_only,2,auprc,0.5369722698355683
C00_current_dtr,S1,temporal_only,2,surface_rmse,0.18116085661541526
C00_current_dtr,S1,temporal_only,2,cf_rmse_age,0.14452862781374298
C00_current_dtr,S1,temporal_only,2,cf_rmse_lag,0.13829172799034192
C00_current_dtr,S1,temporal_only,2,delta_bce_beta0,0.0
C00_current_dtr,S1,temporal_only,2,delta_bce_full_age_shuffle,0.01116331258918063
C00_current_dtr,S1,temporal_only,2,delta_bce_gate_age_shuffle,0.0
C00_current_dtr,S1,temporal_only,2,gate_signal_rmse,0.05525338644051654
C00_current_dtr,S1,temporal_only,2,gate_signal_mae,0.03908752397353921
C00_current_dtr,S1,temporal_only,2,gate_signal_correlation,0.9792956305925336
C00_current_dtr,S1,temporal_only,2,beta_mean,0.0
C00_current_dtr,S1,temporal_only,2,abs_beta_mean,0.0
C00_current_dtr,S1,temporal_only,2,content_free_lambda_rmse,0.03912854004175681
C00_current_dtr,S1,temporal_only,3,bce,0.4807933357180184
C00_current_dtr,S1,temporal_only,3,auroc,0.7415078421595525
C00_current_dtr,S1,temporal_only,3,auprc,0.5372724538420182
C00_current_dtr,S1,temporal_only,3,surface_rmse,0.1432289110378711
C00_current_dtr,S1,temporal_only,3,cf_rmse_age,0.13091265534204616
C00_current_dtr,S1,temporal_only,3,cf_rmse_lag,0.10689838962568497
C00_current_dtr,S1,temporal_only,3,delta_bce_beta0,0.0
C00_current_dtr,S1,temporal_only,3,delta_bce_full_age_shuffle,0.010955535362273394
C00_current_dtr,S1,temporal_only,3,delta_bce_gate_age_shuffle,0.0
C00_current_dtr,S1,temporal_only,3,gate_signal_rmse,0.055574285761174305
C00_current_dtr,S1,temporal_only,3,gate_signal_mae,0.038394945861690295
C00_current_dtr,S1,temporal_only,3,gate_signal_correlation,0.976579618552543
C00_current_dtr,S1,temporal_only,3,beta_mean,0.0
C00_current_dtr,S1,temporal_only,3,abs_beta_mean,0.0
C00_current_dtr,S1,temporal_only,3,content_free_lambda_rmse,0.03375136661798972
C00_current_dtr,S1,temporal_only,4,bce,0.48030168026758974
C00_current_dtr,S1,temporal_only,4,auroc,0.7427579481694024
C00_current_dtr,S1,temporal_only,4,auprc,0.539729017446148
C00_current_dtr,S1,temporal_only,4,surface_rmse,0.1809541806815333
C00_current_dtr,S1,temporal_only,4,cf_rmse_age,0.16517740845975085
C00_current_dtr,S1,temporal_only,4,cf_rmse_lag,0.11616623761997584
C00_current_dtr,S1,temporal_only,4,delta_bce_beta0,0.0
C00_current_dtr,S1,temporal_only,4,delta_bce_full_age_shuffle,0.007778125606623498
C00_current_dtr,S1,temporal_only,4,delta_bce_gate_age_shuffle,0.0
C00_current_dtr,S1,temporal_only,4,gate_signal_rmse,0.0518644065510343
C00_current_dtr,S1,temporal_only,4,gate_signal_mae,0.03756608244329731
C00_current_dtr,S1,temporal_only,4,gate_signal_correlation,0.9788073564059574
C00_current_dtr,S1,temporal_only,4,beta_mean,0.0
C00_current_dtr,S1,temporal_only,4,abs_beta_mean,0.0
C00_current_dtr,S1,temporal_only,4,content_free_lambda_rmse,0.036549089434457005
C00_current_dtr,S2,age_temporal,0,bce,0.45823252502610645
C00_current_dtr,S2,age_temporal,0,auroc,0.7608736309451969
C00_current_dtr,S2,age_temporal,0,auprc,0.5780995375976441
C00_current_dtr,S2,age_temporal,0,surface_rmse,0.21870480677820456
C00_current_dtr,S2,age_temporal,0,cf_rmse_age,0.16278072314286685
C00_current_dtr,S2,age_temporal,0,cf_rmse_lag,0.1745803747213772
C00_current_dtr,S2,age_temporal,0,delta_bce_beta0,0.005779584263176263
C00_current_dtr,S2,age_temporal,0,delta_bce_full_age_shuffle,0.018327543441961025
C00_current_dtr,S2,age_temporal,0,delta_bce_gate_age_shuffle,0.00911550247849613
C00_current_dtr,S2,age_temporal,0,gate_signal_rmse,0.19179737689498
C00_current_dtr,S2,age_temporal,0,gate_signal_mae,0.15872509596390444
C00_current_dtr,S2,age_temporal,0,gate_signal_correlation,0.7660733562345573
C00_current_dtr,S2,age_temporal,0,beta_mean,-0.5828605890274048
C00_current_dtr,S2,age_temporal,0,abs_beta_mean,0.5828605890274048
C00_current_dtr,S2,age_temporal,0,content_free_lambda_rmse,0.6883274109975016
C00_current_dtr,S2,age_temporal,0,content_free_lambda_corr,0.9821000573627846
C00_current_dtr,S2,age_temporal,1,bce,0.4588640155654828
C00_current_dtr,S2,age_temporal,1,auroc,0.7586570128104295
C00_current_dtr,S2,age_temporal,1,auprc,0.5759134322664154
C00_current_dtr,S2,age_temporal,1,surface_rmse,0.20150095182750946
C00_current_dtr,S2,age_temporal,1,cf_rmse_age,0.15719846374044327
C00_current_dtr,S2,age_temporal,1,cf_rmse_lag,0.1476845639875615
C00_current_dtr,S2,age_temporal,1,delta_bce_beta0,0.007346000693051025
C00_current_dtr,S2,age_temporal,1,delta_bce_full_age_shuffle,0.0188903653404921
C00_current_dtr,S2,age_temporal,1,delta_bce_gate_age_shuffle,0.010804088735184791
C00_current_dtr,S2,age_temporal,1,gate_signal_rmse,0.19061317109716513
C00_current_dtr,S2,age_temporal,1,gate_signal_mae,0.15749393571427509
C00_current_dtr,S2,age_temporal,1,gate_signal_correlation,0.7691588176682204
C00_current_dtr,S2,age_temporal,1,beta_mean,-0.5870452523231506
C00_current_dtr,S2,age_temporal,1,abs_beta_mean,0.5870452523231506
C00_current_dtr,S2,age_temporal,1,content_free_lambda_rmse,0.6805081322894041
C00_current_dtr,S2,age_temporal,1,content_free_lambda_corr,0.9820325286321555
C00_current_dtr,S2,age_temporal,2,bce,0.45816583733398697
C00_current_dtr,S2,age_temporal,2,auroc,0.7592704524685001
C00_current_dtr,S2,age_temporal,2,auprc,0.5771201670094575
C00_current_dtr,S2,age_temporal,2,surface_rmse,0.18471341081849812
C00_current_dtr,S2,age_temporal,2,cf_rmse_age,0.18518373578831532
C00_current_dtr,S2,age_temporal,2,cf_rmse_lag,0.14226332386055707
C00_current_dtr,S2,age_temporal,2,delta_bce_beta0,0.00921002385563413
C00_current_dtr,S2,age_temporal,2,delta_bce_full_age_shuffle,0.019402798848015046
C00_current_dtr,S2,age_temporal,2,delta_bce_gate_age_shuffle,0.012695873403285152
C00_current_dtr,S2,age_temporal,2,gate_signal_rmse,0.18762282914483996
C00_current_dtr,S2,age_temporal,2,gate_signal_mae,0.152901576680634
C00_current_dtr,S2,age_temporal,2,gate_signal_correlation,0.7761400428781872
C00_current_dtr,S2,age_temporal,2,beta_mean,-0.645264744758606
C00_current_dtr,S2,age_temporal,2,abs_beta_mean,0.645264744758606
C00_current_dtr,S2,age_temporal,2,content_free_lambda_rmse,0.6624825858839508
C00_current_dtr,S2,age_temporal,2,content_free_lambda_corr,0.983439386482367
C00_current_dtr,S2,age_temporal,3,bce,0.4599766861535207
C00_current_dtr,S2,age_temporal,3,auroc,0.7572770964608062
C00_current_dtr,S2,age_temporal,3,auprc,0.5736777800450081
C00_current_dtr,S2,age_temporal,3,surface_rmse,0.18917457521583936
C00_current_dtr,S2,age_temporal,3,cf_rmse_age,0.17089866121060254
C00_current_dtr,S2,age_temporal,3,cf_rmse_lag,0.12926475751115207
C00_current_dtr,S2,age_temporal,3,delta_bce_beta0,0.004920624842346066
C00_current_dtr,S2,age_temporal,3,delta_bce_full_age_shuffle,0.01866882139465542
C00_current_dtr,S2,age_temporal,3,delta_bce_gate_age_shuffle,0.0074692207992291815
C00_current_dtr,S2,age_temporal,3,gate_signal_rmse,0.20358640276818618
C00_current_dtr,S2,age_temporal,3,gate_signal_mae,0.1672888978514025
C00_current_dtr,S2,age_temporal,3,gate_signal_correlation,0.7285661405124295
C00_current_dtr,S2,age_temporal,3,beta_mean,-0.497174471616745
C00_current_dtr,S2,age_temporal,3,abs_beta_mean,0.497174471616745
C00_current_dtr,S2,age_temporal,3,content_free_lambda_rmse,0.7075050989604519
C00_current_dtr,S2,age_temporal,3,content_free_lambda_corr,0.9797001110257331
C00_current_dtr,S2,age_temporal,4,bce,0.45859059147298264
C00_current_dtr,S2,age_temporal,4,auroc,0.7585469906379743
C00_current_dtr,S2,age_temporal,4,auprc,0.5761466347007678
C00_current_dtr,S2,age_temporal,4,surface_rmse,0.19015070544577878
C00_current_dtr,S2,age_temporal,4,cf_rmse_age,0.176568144207969
C00_current_dtr,S2,age_temporal,4,cf_rmse_lag,0.11861577788712159
C00_current_dtr,S2,age_temporal,4,delta_bce_beta0,0.007545532444515446
C00_current_dtr,S2,age_temporal,4,delta_bce_full_age_shuffle,0.01776285166721886
C00_current_dtr,S2,age_temporal,4,delta_bce_gate_age_shuffle,0.011323075126199789
C00_current_dtr,S2,age_temporal,4,gate_signal_rmse,0.1910472064878647
C00_current_dtr,S2,age_temporal,4,gate_signal_mae,0.15770989801098886
C00_current_dtr,S2,age_temporal,4,gate_signal_correlation,0.7686930352439149
C00_current_dtr,S2,age_temporal,4,beta_mean,-0.6078628897666931
C00_current_dtr,S2,age_temporal,4,abs_beta_mean,0.6078628897666931
C00_current_dtr,S2,age_temporal,4,content_free_lambda_rmse,0.6764848561693056
C00_current_dtr,S2,age_temporal,4,content_free_lambda_corr,0.9826080807066151
C00_current_dtr,S2,temporal_only,0,bce,0.4625431322415068
C00_current_dtr,S2,temporal_only,0,auroc,0.7577090512443059
C00_current_dtr,S2,temporal_only,0,auprc,0.5689695716454699
C00_current_dtr,S2,temporal_only,0,surface_rmse,0.2360608001822226
C00_current_dtr,S2,temporal_only,0,cf_rmse_age,0.17737380977025632
C00_current_dtr,S2,temporal_only,0,cf_rmse_lag,0.1841185675663441
C00_current_dtr,S2,temporal_only,0,delta_bce_beta0,0.0
C00_current_dtr,S2,temporal_only,0,delta_bce_full_age_shuffle,0.009127816834043345
C00_current_dtr,S2,temporal_only,0,delta_bce_gate_age_shuffle,0.0
C00_current_dtr,S2,temporal_only,0,gate_signal_rmse,0.2643226960635765
C00_current_dtr,S2,temporal_only,0,gate_signal_mae,0.2240479380658084
C00_current_dtr,S2,temporal_only,0,gate_signal_correlation,0.5069727598420358
C00_current_dtr,S2,temporal_only,0,beta_mean,0.0
C00_current_dtr,S2,temporal_only,0,abs_beta_mean,0.0
C00_current_dtr,S2,temporal_only,0,content_free_lambda_rmse,0.8462001275536816
C00_current_dtr,S2,temporal_only,1,bce,0.4635044210401435
C00_current_dtr,S2,temporal_only,1,auroc,0.755570027487947
C00_current_dtr,S2,temporal_only,1,auprc,0.5674003214507193
C00_current_dtr,S2,temporal_only,1,surface_rmse,0.22664136388344427
C00_current_dtr,S2,temporal_only,1,cf_rmse_age,0.17396405535449125
C00_current_dtr,S2,temporal_only,1,cf_rmse_lag,0.162237484371171
C00_current_dtr,S2,temporal_only,1,delta_bce_beta0,0.0
C00_current_dtr,S2,temporal_only,1,delta_bce_full_age_shuffle,0.0075032926381768394
C00_current_dtr,S2,temporal_only,1,delta_bce_gate_age_shuffle,0.0
C00_current_dtr,S2,temporal_only,1,gate_signal_rmse,0.26328307109903454
C00_current_dtr,S2,temporal_only,1,gate_signal_mae,0.22286244140289885
C00_current_dtr,S2,temporal_only,1,gate_signal_correlation,0.5082725943741376
C00_current_dtr,S2,temporal_only,1,beta_mean,0.0
C00_current_dtr,S2,temporal_only,1,abs_beta_mean,0.0
C00_current_dtr,S2,temporal_only,1,content_free_lambda_rmse,0.8429634905174476
C00_current_dtr,S2,temporal_only,2,bce,0.4629773214235834
C00_current_dtr,S2,temporal_only,2,auroc,0.75589684436392
C00_current_dtr,S2,temporal_only,2,auprc,0.5671862913335326
C00_current_dtr,S2,temporal_only,2,surface_rmse,0.22209706100468773
C00_current_dtr,S2,temporal_only,2,cf_rmse_age,0.21153312731528165
C00_current_dtr,S2,temporal_only,2,cf_rmse_lag,0.15597781297180177
C00_current_dtr,S2,temporal_only,2,delta_bce_beta0,0.0
C00_current_dtr,S2,temporal_only,2,delta_bce_full_age_shuffle,0.00915255323077524
C00_current_dtr,S2,temporal_only,2,delta_bce_gate_age_shuffle,0.0
C00_current_dtr,S2,temporal_only,2,gate_signal_rmse,0.2650333757573318
C00_current_dtr,S2,temporal_only,2,gate_signal_mae,0.22279443497761728
C00_current_dtr,S2,temporal_only,2,gate_signal_correlation,0.5011019655537643
C00_current_dtr,S2,temporal_only,2,beta_mean,0.0
C00_current_dtr,S2,temporal_only,2,abs_beta_mean,0.0
C00_current_dtr,S2,temporal_only,2,content_free_lambda_rmse,0.8426389116811625
C00_current_dtr,S2,temporal_only,3,bce,0.4638084801549683
C00_current_dtr,S2,temporal_only,3,auroc,0.7544826058214595
C00_current_dtr,S2,temporal_only,3,auprc,0.56568738890589
C00_current_dtr,S2,temporal_only,3,surface_rmse,0.2119224412814204
C00_current_dtr,S2,temporal_only,3,cf_rmse_age,0.18178089609638184
C00_current_dtr,S2,temporal_only,3,cf_rmse_lag,0.14119609745874978
C00_current_dtr,S2,temporal_only,3,delta_bce_beta0,0.0
C00_current_dtr,S2,temporal_only,3,delta_bce_full_age_shuffle,0.009136741537100257
C00_current_dtr,S2,temporal_only,3,delta_bce_gate_age_shuffle,0.0
C00_current_dtr,S2,temporal_only,3,gate_signal_rmse,0.26394479013387856
C00_current_dtr,S2,temporal_only,3,gate_signal_mae,0.2219824970991041
C00_current_dtr,S2,temporal_only,3,gate_signal_correlation,0.5040022872879071
C00_current_dtr,S2,temporal_only,3,beta_mean,0.0
C00_current_dtr,S2,temporal_only,3,abs_beta_mean,0.0
C00_current_dtr,S2,temporal_only,3,content_free_lambda_rmse,0.8427438732831277
C00_current_dtr,S2,temporal_only,4,bce,0.4629928646342841
C00_current_dtr,S2,temporal_only,4,auroc,0.7553959658138117
C00_current_dtr,S2,temporal_only,4,auprc,0.5674290378809873
C00_current_dtr,S2,temporal_only,4,surface_rmse,0.22173777321724258
C00_current_dtr,S2,temporal_only,4,cf_rmse_age,0.18794438988640985
C00_current_dtr,S2,temporal_only,4,cf_rmse_lag,0.13439698174809844
C00_current_dtr,S2,temporal_only,4,delta_bce_beta0,0.0
C00_current_dtr,S2,temporal_only,4,delta_bce_full_age_shuffle,0.006965216409534125
C00_current_dtr,S2,temporal_only,4,delta_bce_gate_age_shuffle,0.0
C00_current_dtr,S2,temporal_only,4,gate_signal_rmse,0.2663332824803443
C00_current_dtr,S2,temporal_only,4,gate_signal_mae,0.2257407400110199
C00_current_dtr,S2,temporal_only,4,gate_signal_correlation,0.501811357725559
C00_current_dtr,S2,temporal_only,4,beta_mean,0.0
C00_current_dtr,S2,temporal_only,4,abs_beta_mean,0.0
C00_current_dtr,S2,temporal_only,4,content_free_lambda_rmse,0.8439874329186061
C00_current_dtr,S3,age_temporal,0,bce,0.48722443750219463
C00_current_dtr,S3,age_temporal,0,auroc,0.7335163134457783
C00_current_dtr,S3,age_temporal,0,auprc,0.5326473327447008
C00_current_dtr,S3,age_temporal,0,surface_rmse,0.135324836877038
C00_current_dtr,S3,age_temporal,0,cf_rmse_age,0.11606066146293641
C00_current_dtr,S3,age_temporal,0,cf_rmse_lag,0.08579744876939911
C00_current_dtr,S3,age_temporal,0,delta_bce_beta0,0.008058398779159925
C00_current_dtr,S3,age_temporal,0,delta_bce_full_age_shuffle,0.022295758820408407
C00_current_dtr,S3,age_temporal,0,delta_bce_gate_age_shuffle,0.012769911226623354
C00_current_dtr,S3,age_temporal,0,gate_signal_rmse,0.20835977900620867
C00_current_dtr,S3,age_temporal,0,gate_signal_mae,0.16270293531396116
C00_current_dtr,S3,age_temporal,0,gate_signal_correlation,0.7112193035888383
C00_current_dtr,S3,age_temporal,0,beta_mean,0.6379421949386597
C00_current_dtr,S3,age_temporal,0,abs_beta_mean,0.6379421949386597
C00_current_dtr,S3,age_temporal,0,content_free_lambda_rmse,0.6671341319900441
C00_current_dtr,S3,age_temporal,0,content_free_lambda_corr,0.9833301426325979
C00_current_dtr,S3,age_temporal,1,bce,0.48810483184336595
C00_current_dtr,S3,age_temporal,1,auroc,0.7333393114972376
C00_current_dtr,S3,age_temporal,1,auprc,0.5286398731238876
C00_current_dtr,S3,age_temporal,1,surface_rmse,0.16690057461050906
C00_current_dtr,S3,age_temporal,1,cf_rmse_age,0.1284680112363541
C00_current_dtr,S3,age_temporal,1,cf_rmse_lag,0.09506922488676724
C00_current_dtr,S3,age_temporal,1,delta_bce_beta0,0.006113029600472886
C00_current_dtr,S3,age_temporal,1,delta_bce_full_age_shuffle,0.018570472651031622
C00_current_dtr,S3,age_temporal,1,delta_bce_gate_age_shuffle,0.009938009820549543
C00_current_dtr,S3,age_temporal,1,gate_signal_rmse,0.22629381497945816
C00_current_dtr,S3,age_temporal,1,gate_signal_mae,0.17509795292919644
C00_current_dtr,S3,age_temporal,1,gate_signal_correlation,0.6754738188127297
C00_current_dtr,S3,age_temporal,1,beta_mean,0.602067768573761
C00_current_dtr,S3,age_temporal,1,abs_beta_mean,0.602067768573761
C00_current_dtr,S3,age_temporal,1,content_free_lambda_rmse,0.6813381885848004
C00_current_dtr,S3,age_temporal,1,content_free_lambda_corr,0.9825472702993657
C00_current_dtr,S3,age_temporal,2,bce,0.48823594613784477
C00_current_dtr,S3,age_temporal,2,auroc,0.7325039935257502
C00_current_dtr,S3,age_temporal,2,auprc,0.5300718832813389
C00_current_dtr,S3,age_temporal,2,surface_rmse,0.1492185873425538
C00_current_dtr,S3,age_temporal,2,cf_rmse_age,0.12294584201412173
C00_current_dtr,S3,age_temporal,2,cf_rmse_lag,0.09029600811864452
C00_current_dtr,S3,age_temporal,2,delta_bce_beta0,0.006283994742377674
C00_current_dtr,S3,age_temporal,2,delta_bce_full_age_shuffle,0.022795165495692327
C00_current_dtr,S3,age_temporal,2,delta_bce_gate_age_shuffle,0.009337255662967503
C00_current_dtr,S3,age_temporal,2,gate_signal_rmse,0.2186381364378518
C00_current_dtr,S3,age_temporal,2,gate_signal_mae,0.1735009607880281
C00_current_dtr,S3,age_temporal,2,gate_signal_correlation,0.6904362420433036
C00_current_dtr,S3,age_temporal,2,beta_mean,0.5498735904693604
C00_current_dtr,S3,age_temporal,2,abs_beta_mean,0.5498735904693604
C00_current_dtr,S3,age_temporal,2,content_free_lambda_rmse,0.6962124880761861
C00_current_dtr,S3,age_temporal,2,content_free_lambda_corr,0.9812065022687293
C00_current_dtr,S3,age_temporal,3,bce,0.4856939847829642
C00_current_dtr,S3,age_temporal,3,auroc,0.7362714094812015
C00_current_dtr,S3,age_temporal,3,auprc,0.5361274037173259
C00_current_dtr,S3,age_temporal,3,surface_rmse,0.21624419922922186
C00_current_dtr,S3,age_temporal,3,cf_rmse_age,0.17427133545791956
C00_current_dtr,S3,age_temporal,3,cf_rmse_lag,0.1303996869501119
C00_current_dtr,S3,age_temporal,3,delta_bce_beta0,0.007254440371506854
C00_current_dtr,S3,age_temporal,3,delta_bce_full_age_shuffle,0.01768165188571269
C00_current_dtr,S3,age_temporal,3,delta_bce_gate_age_shuffle,0.011474082524097873
C00_current_dtr,S3,age_temporal,3,gate_signal_rmse,0.20889886506907535
C00_current_dtr,S3,age_temporal,3,gate_signal_mae,0.16548698615121796
C00_current_dtr,S3,age_temporal,3,gate_signal_correlation,0.7123368955511137
C00_current_dtr,S3,age_temporal,3,beta_mean,0.6119155883789062
C00_current_dtr,S3,age_temporal,3,abs_beta_mean,0.6119155883789062
C00_current_dtr,S3,age_temporal,3,content_free_lambda_rmse,0.67741065450099
C00_current_dtr,S3,age_temporal,3,content_free_lambda_corr,0.9827643225226214
C00_current_dtr,S3,age_temporal,4,bce,0.4897460632997194
C00_current_dtr,S3,age_temporal,4,auroc,0.7319174324301306
C00_current_dtr,S3,age_temporal,4,auprc,0.5253611581550321
C00_current_dtr,S3,age_temporal,4,surface_rmse,0.15035266242736883
C00_current_dtr,S3,age_temporal,4,cf_rmse_age,0.12718159824630276
C00_current_dtr,S3,age_temporal,4,cf_rmse_lag,0.0988402295274539
C00_current_dtr,S3,age_temporal,4,delta_bce_beta0,0.006502716635346628
C00_current_dtr,S3,age_temporal,4,delta_bce_full_age_shuffle,0.020386240880757966
C00_current_dtr,S3,age_temporal,4,delta_bce_gate_age_shuffle,0.010077773738828955
C00_current_dtr,S3,age_temporal,4,gate_signal_rmse,0.22133661861902024
C00_current_dtr,S3,age_temporal,4,gate_signal_mae,0.17277424500303518
C00_current_dtr,S3,age_temporal,4,gate_signal_correlation,0.6867565264378923
C00_current_dtr,S3,age_temporal,4,beta_mean,0.5829879641532898
C00_current_dtr,S3,age_temporal,4,abs_beta_mean,0.5829879641532898
C00_current_dtr,S3,age_temporal,4,content_free_lambda_rmse,0.6832347773852947
C00_current_dtr,S3,age_temporal,4,content_free_lambda_corr,0.9819707581670871
C00_current_dtr,S3,temporal_only,0,bce,0.49174351201849487
C00_current_dtr,S3,temporal_only,0,auroc,0.7300447729909365
C00_current_dtr,S3,temporal_only,0,auprc,0.5216313699507381
C00_current_dtr,S3,temporal_only,0,surface_rmse,0.14740168905242296
C00_current_dtr,S3,temporal_only,0,cf_rmse_age,0.13165706924189888
C00_current_dtr,S3,temporal_only,0,cf_rmse_lag,0.08871319993757107
C00_current_dtr,S3,temporal_only,0,delta_bce_beta0,0.0
C00_current_dtr,S3,temporal_only,0,delta_bce_full_age_shuffle,0.009376257387607612
C00_current_dtr,S3,temporal_only,0,delta_bce_gate_age_shuffle,0.0
C00_current_dtr,S3,temporal_only,0,gate_signal_rmse,0.2735857891049966
C00_current_dtr,S3,temporal_only,0,gate_signal_mae,0.22380085849561673
C00_current_dtr,S3,temporal_only,0,gate_signal_correlation,0.48565514142147426
C00_current_dtr,S3,temporal_only,0,beta_mean,0.0
C00_current_dtr,S3,temporal_only,0,abs_beta_mean,0.0
C00_current_dtr,S3,temporal_only,0,content_free_lambda_rmse,0.8446238120267366
C00_current_dtr,S3,temporal_only,1,bce,0.49210668243469263
C00_current_dtr,S3,temporal_only,1,auroc,0.7303187452484924
C00_current_dtr,S3,temporal_only,1,auprc,0.5186274606930832
C00_current_dtr,S3,temporal_only,1,surface_rmse,0.16834549926456685
C00_current_dtr,S3,temporal_only,1,cf_rmse_age,0.12638658437210373
C00_current_dtr,S3,temporal_only,1,cf_rmse_lag,0.09540417221367195
C00_current_dtr,S3,temporal_only,1,delta_bce_beta0,0.0
C00_current_dtr,S3,temporal_only,1,delta_bce_full_age_shuffle,0.007643986785702717
C00_current_dtr,S3,temporal_only,1,delta_bce_gate_age_shuffle,0.0
C00_current_dtr,S3,temporal_only,1,gate_signal_rmse,0.28044529005308716
C00_current_dtr,S3,temporal_only,1,gate_signal_mae,0.22953904204420675
C00_current_dtr,S3,temporal_only,1,gate_signal_correlation,0.47643099737292194
C00_current_dtr,S3,temporal_only,1,beta_mean,0.0
C00_current_dtr,S3,temporal_only,1,abs_beta_mean,0.0
C00_current_dtr,S3,temporal_only,1,content_free_lambda_rmse,0.8449056229528263
C00_current_dtr,S3,temporal_only,2,bce,0.492780767159814
C00_current_dtr,S3,temporal_only,2,auroc,0.7290564279149371
C00_current_dtr,S3,temporal_only,2,auprc,0.519248866134369
C00_current_dtr,S3,temporal_only,2,surface_rmse,0.159020858801684
C00_current_dtr,S3,temporal_only,2,cf_rmse_age,0.12710381325262518
C00_current_dtr,S3,temporal_only,2,cf_rmse_lag,0.0987527474458358
C00_current_dtr,S3,temporal_only,2,delta_bce_beta0,0.0
C00_current_dtr,S3,temporal_only,2,delta_bce_full_age_shuffle,0.011647029998739455
C00_current_dtr,S3,temporal_only,2,delta_bce_gate_age_shuffle,0.0
C00_current_dtr,S3,temporal_only,2,gate_signal_rmse,0.2768773955112718
C00_current_dtr,S3,temporal_only,2,gate_signal_mae,0.22771050395816106
C00_current_dtr,S3,temporal_only,2,gate_signal_correlation,0.48723055643509694
C00_current_dtr,S3,temporal_only,2,beta_mean,0.0
C00_current_dtr,S3,temporal_only,2,abs_beta_mean,0.0
C00_current_dtr,S3,temporal_only,2,content_free_lambda_rmse,0.8442763561680136
C00_current_dtr,S3,temporal_only,3,bce,0.49046434369018743
C00_current_dtr,S3,temporal_only,3,auroc,0.7322029862697437
C00_current_dtr,S3,temporal_only,3,auprc,0.5248346636200738
C00_current_dtr,S3,temporal_only,3,surface_rmse,0.21707777141272036
C00_current_dtr,S3,temporal_only,3,cf_rmse_age,0.1677658125192229
C00_current_dtr,S3,temporal_only,3,cf_rmse_lag,0.13191660763387578
C00_current_dtr,S3,temporal_only,3,delta_bce_beta0,0.0
C00_current_dtr,S3,temporal_only,3,delta_bce_full_age_shuffle,0.008836378738868389
C00_current_dtr,S3,temporal_only,3,delta_bce_gate_age_shuffle,0.0
C00_current_dtr,S3,temporal_only,3,gate_signal_rmse,0.2691797801957582
C00_current_dtr,S3,temporal_only,3,gate_signal_mae,0.22221492310831875
C00_current_dtr,S3,temporal_only,3,gate_signal_correlation,0.49855495136439837
C00_current_dtr,S3,temporal_only,3,beta_mean,0.0
C00_current_dtr,S3,temporal_only,3,abs_beta_mean,0.0
C00_current_dtr,S3,temporal_only,3,content_free_lambda_rmse,0.8452283545590361
C00_current_dtr,S3,temporal_only,4,bce,0.49417454261230387
C00_current_dtr,S3,temporal_only,4,auroc,0.7264143807196025
C00_current_dtr,S3,temporal_only,4,auprc,0.5141822071415257
C00_current_dtr,S3,temporal_only,4,surface_rmse,0.16667019472094116
C00_current_dtr,S3,temporal_only,4,cf_rmse_age,0.14476478873374138
C00_current_dtr,S3,temporal_only,4,cf_rmse_lag,0.1147622276315806
C00_current_dtr,S3,temporal_only,4,delta_bce_beta0,0.0
C00_current_dtr,S3,temporal_only,4,delta_bce_full_age_shuffle,0.009056919754683035
C00_current_dtr,S3,temporal_only,4,delta_bce_gate_age_shuffle,0.0
C00_current_dtr,S3,temporal_only,4,gate_signal_rmse,0.2794839702770729
C00_current_dtr,S3,temporal_only,4,gate_signal_mae,0.22933379284300542
C00_current_dtr,S3,temporal_only,4,gate_signal_correlation,0.4826972056371729
C00_current_dtr,S3,temporal_only,4,beta_mean,0.0
C00_current_dtr,S3,temporal_only,4,abs_beta_mean,0.0
C00_current_dtr,S3,temporal_only,4,content_free_lambda_rmse,0.8425353541600483
C01_staged_current,S0,age_temporal,0,bce,0.4801915464325848
C01_staged_current,S0,age_temporal,0,auroc,0.7333972337169605
C01_staged_current,S0,age_temporal,0,auprc,0.5301349355483662
C01_staged_current,S0,age_temporal,0,surface_rmse,0.14483854890055003
C01_staged_current,S0,age_temporal,0,cf_rmse_age,0.09960912334150719
C01_staged_current,S0,age_temporal,0,cf_rmse_lag,0.11602304441545283
C01_staged_current,S0,age_temporal,0,delta_bce_beta0,9.121863872862956e-06
C01_staged_current,S0,age_temporal,0,delta_bce_full_age_shuffle,0.0049097480592057985
C01_staged_current,S0,age_temporal,0,delta_bce_gate_age_shuffle,9.630196286025683e-06
C01_staged_current,S0,age_temporal,0,gate_signal_rmse,0.05327733356253199
C01_staged_current,S0,age_temporal,0,gate_signal_mae,0.0383078331890556
C01_staged_current,S0,age_temporal,0,gate_signal_correlation,0.9706434946993866
C01_staged_current,S0,age_temporal,0,beta_mean,0.00912382174283266
C01_staged_current,S0,age_temporal,0,abs_beta_mean,0.00912382174283266
C01_staged_current,S0,age_temporal,0,content_free_lambda_rmse,0.1542270760961389
C01_staged_current,S0,age_temporal,1,bce,0.48035592536572286
C01_staged_current,S0,age_temporal,1,auroc,0.7338708345258147
C01_staged_current,S0,age_temporal,1,auprc,0.5295883454823059
C01_staged_current,S0,age_temporal,1,surface_rmse,0.14305631268949046
C01_staged_current,S0,age_temporal,1,cf_rmse_age,0.1023680117526644
C01_staged_current,S0,age_temporal,1,cf_rmse_lag,0.11314481043699458
C01_staged_current,S0,age_temporal,1,delta_bce_beta0,-8.831031799438893e-06
C01_staged_current,S0,age_temporal,1,delta_bce_full_age_shuffle,0.0022763217322757656
C01_staged_current,S0,age_temporal,1,delta_bce_gate_age_shuffle,-4.91937107105489e-06
C01_staged_current,S0,age_temporal,1,gate_signal_rmse,0.06678274348972921
C01_staged_current,S0,age_temporal,1,gate_signal_mae,0.043973681545053614
C01_staged_current,S0,age_temporal,1,gate_signal_correlation,0.9526358283023049
C01_staged_current,S0,age_temporal,1,beta_mean,0.0121217155829072
C01_staged_current,S0,age_temporal,1,abs_beta_mean,0.0121217155829072
C01_staged_current,S0,age_temporal,1,content_free_lambda_rmse,0.12083098595968035
C01_staged_current,S0,age_temporal,2,bce,0.4818194929744046
C01_staged_current,S0,age_temporal,2,auroc,0.7317550378427113
C01_staged_current,S0,age_temporal,2,auprc,0.5256993282375847
C01_staged_current,S0,age_temporal,2,surface_rmse,0.16135598842440613
C01_staged_current,S0,age_temporal,2,cf_rmse_age,0.0954435056620666
C01_staged_current,S0,age_temporal,2,cf_rmse_lag,0.12609979335259075
C01_staged_current,S0,age_temporal,2,delta_bce_beta0,7.697210642754193e-07
C01_staged_current,S0,age_temporal,2,delta_bce_full_age_shuffle,0.005118465389641447
C01_staged_current,S0,age_temporal,2,delta_bce_gate_age_shuffle,9.375075904483055e-08
C01_staged_current,S0,age_temporal,2,gate_signal_rmse,0.12313079431186219
C01_staged_current,S0,age_temporal,2,gate_signal_mae,0.06305521821885772
C01_staged_current,S0,age_temporal,2,gate_signal_correlation,0.8578824676766867
C01_staged_current,S0,age_temporal,2,beta_mean,-0.0008218442089855671
C01_staged_current,S0,age_temporal,2,abs_beta_mean,0.0008218442089855671
C01_staged_current,S0,age_temporal,2,content_free_lambda_rmse,0.08968675968532468
C01_staged_current,S0,age_temporal,3,bce,0.48055414537070773
C01_staged_current,S0,age_temporal,3,auroc,0.7328798629780287
C01_staged_current,S0,age_temporal,3,auprc,0.5296359083712885
C01_staged_current,S0,age_temporal,3,surface_rmse,0.1466286302634824
C01_staged_current,S0,age_temporal,3,cf_rmse_age,0.11180133935652348
C01_staged_current,S0,age_temporal,3,cf_rmse_lag,0.11492921485641162
C01_staged_current,S0,age_temporal,3,delta_bce_beta0,7.969408905017517e-08
C01_staged_current,S0,age_temporal,3,delta_bce_full_age_shuffle,0.005173396761159854
C01_staged_current,S0,age_temporal,3,delta_bce_gate_age_shuffle,1.4252470964537522e-07
C01_staged_current,S0,age_temporal,3,gate_signal_rmse,0.0849057462952587
C01_staged_current,S0,age_temporal,3,gate_signal_mae,0.050663031537990615
C01_staged_current,S0,age_temporal,3,gate_signal_correlation,0.9248299832173005
C01_staged_current,S0,age_temporal,3,beta_mean,0.00032029388239607215
C01_staged_current,S0,age_temporal,3,abs_beta_mean,0.00032029388239607215
C01_staged_current,S0,age_temporal,3,content_free_lambda_rmse,0.07220013311471724
C01_staged_current,S0,age_temporal,4,bce,0.4805610168798842
C01_staged_current,S0,age_temporal,4,auroc,0.7333279916033675
C01_staged_current,S0,age_temporal,4,auprc,0.5286737932173937
C01_staged_current,S0,age_temporal,4,surface_rmse,0.14648709552716127
C01_staged_current,S0,age_temporal,4,cf_rmse_age,0.08312387299376373
C01_staged_current,S0,age_temporal,4,cf_rmse_lag,0.11229289689088812
C01_staged_current,S0,age_temporal,4,delta_bce_beta0,5.456034170570057e-07
C01_staged_current,S0,age_temporal,4,delta_bce_full_age_shuffle,0.005559802740889241
C01_staged_current,S0,age_temporal,4,delta_bce_gate_age_shuffle,-4.211492317662824e-07
C01_staged_current,S0,age_temporal,4,gate_signal_rmse,0.08203395974080313
C01_staged_current,S0,age_temporal,4,gate_signal_mae,0.04917439103577548
C01_staged_current,S0,age_temporal,4,gate_signal_correlation,0.9290864015710887
C01_staged_current,S0,age_temporal,4,beta_mean,-0.0008604148169979453
C01_staged_current,S0,age_temporal,4,abs_beta_mean,0.0008604148169979453
C01_staged_current,S0,age_temporal,4,content_free_lambda_rmse,0.0887530279786449
C01_staged_current,S0,temporal_only,0,bce,0.48019907042077414
C01_staged_current,S0,temporal_only,0,auroc,0.7333931724382764
C01_staged_current,S0,temporal_only,0,auprc,0.5301285207296794
C01_staged_current,S0,temporal_only,0,surface_rmse,0.14474651642241118
C01_staged_current,S0,temporal_only,0,cf_rmse_age,0.09974219029454409
C01_staged_current,S0,temporal_only,0,cf_rmse_lag,0.11592206652015039
C01_staged_current,S0,temporal_only,0,delta_bce_beta0,0.0
C01_staged_current,S0,temporal_only,0,delta_bce_full_age_shuffle,0.004913549463668954
C01_staged_current,S0,temporal_only,0,delta_bce_gate_age_shuffle,0.0
C01_staged_current,S0,temporal_only,0,gate_signal_rmse,0.053284738770513235
C01_staged_current,S0,temporal_only,0,gate_signal_mae,0.03827705269539797
C01_staged_current,S0,temporal_only,0,gate_signal_correlation,0.9706612606150881
C01_staged_current,S0,temporal_only,0,beta_mean,0.0
C01_staged_current,S0,temporal_only,0,abs_beta_mean,0.0
C01_staged_current,S0,temporal_only,0,content_free_lambda_rmse,0.1539407949474575
C01_staged_current,S0,temporal_only,1,bce,0.48034980313815584
C01_staged_current,S0,temporal_only,1,auroc,0.7338728847140313
C01_staged_current,S0,temporal_only,1,auprc,0.5296030484424542
C01_staged_current,S0,temporal_only,1,surface_rmse,0.1431504082845829
C01_staged_current,S0,temporal_only,1,cf_rmse_age,0.10252969191171886
C01_staged_current,S0,temporal_only,1,cf_rmse_lag,0.11315087212098036
C01_staged_current,S0,temporal_only,1,delta_bce_beta0,0.0
C01_staged_current,S0,temporal_only,1,delta_bce_full_age_shuffle,0.0022737146937459873
C01_staged_current,S0,temporal_only,1,delta_bce_gate_age_shuffle,0.0
C01_staged_current,S0,temporal_only,1,gate_signal_rmse,0.06684813100209948
C01_staged_current,S0,temporal_only,1,gate_signal_mae,0.044021833579373976
C01_staged_current,S0,temporal_only,1,gate_signal_correlation,0.952623447959944
C01_staged_current,S0,temporal_only,1,beta_mean,0.0
C01_staged_current,S0,temporal_only,1,abs_beta_mean,0.0
C01_staged_current,S0,temporal_only,1,content_free_lambda_rmse,0.12085056114466208
C01_staged_current,S0,temporal_only,2,bce,0.48182258757737934
C01_staged_current,S0,temporal_only,2,auroc,0.7317509570151528
C01_staged_current,S0,temporal_only,2,auprc,0.5257027992727517
C01_staged_current,S0,temporal_only,2,surface_rmse,0.16139651128825597
C01_staged_current,S0,temporal_only,2,cf_rmse_age,0.09536594415773843
C01_staged_current,S0,temporal_only,2,cf_rmse_lag,0.12622741288624323
C01_staged_current,S0,temporal_only,2,delta_bce_beta0,0.0
C01_staged_current,S0,temporal_only,2,delta_bce_full_age_shuffle,0.0051139833995307304
C01_staged_current,S0,temporal_only,2,delta_bce_gate_age_shuffle,0.0
C01_staged_current,S0,temporal_only,2,gate_signal_rmse,0.12302717068015276
C01_staged_current,S0,temporal_only,2,gate_signal_mae,0.0629644030895467
C01_staged_current,S0,temporal_only,2,gate_signal_correlation,0.8580527516088619
C01_staged_current,S0,temporal_only,2,beta_mean,0.0
C01_staged_current,S0,temporal_only,2,abs_beta_mean,0.0
C01_staged_current,S0,temporal_only,2,content_free_lambda_rmse,0.08523016977579612
C01_staged_current,S0,temporal_only,3,bce,0.4805544247787392
C01_staged_current,S0,temporal_only,3,auroc,0.7328787120380404
C01_staged_current,S0,temporal_only,3,auprc,0.5296294470878594
C01_staged_current,S0,temporal_only,3,surface_rmse,0.146630564955577
C01_staged_current,S0,temporal_only,3,cf_rmse_age,0.11174308250712528
C01_staged_current,S0,temporal_only,3,cf_rmse_lag,0.11492857480528701
C01_staged_current,S0,temporal_only,3,delta_bce_beta0,0.0
C01_staged_current,S0,temporal_only,3,delta_bce_full_age_shuffle,0.005170035667969364
C01_staged_current,S0,temporal_only,3,delta_bce_gate_age_shuffle,0.0
C01_staged_current,S0,temporal_only,3,gate_signal_rmse,0.08489695499791802
C01_staged_current,S0,temporal_only,3,gate_signal_mae,0.050650098851586764
C01_staged_current,S0,temporal_only,3,gate_signal_correlation,0.9248067189433639
C01_staged_current,S0,temporal_only,3,beta_mean,0.0
C01_staged_current,S0,temporal_only,3,abs_beta_mean,0.0
C01_staged_current,S0,temporal_only,3,content_free_lambda_rmse,0.07207673597605246
C01_staged_current,S0,temporal_only,4,bce,0.48055507408786513
C01_staged_current,S0,temporal_only,4,auroc,0.7333283874680767
C01_staged_current,S0,temporal_only,4,auprc,0.5286998042940962
C01_staged_current,S0,temporal_only,4,surface_rmse,0.1464925735596695
C01_staged_current,S0,temporal_only,4,cf_rmse_age,0.08304152677266599
C01_staged_current,S0,temporal_only,4,cf_rmse_lag,0.11230982640421548
C01_staged_current,S0,temporal_only,4,delta_bce_beta0,0.0
C01_staged_current,S0,temporal_only,4,delta_bce_full_age_shuffle,0.005559916590234304
C01_staged_current,S0,temporal_only,4,delta_bce_gate_age_shuffle,0.0
C01_staged_current,S0,temporal_only,4,gate_signal_rmse,0.08212687301870329
C01_staged_current,S0,temporal_only,4,gate_signal_mae,0.0492268400252095
C01_staged_current,S0,temporal_only,4,gate_signal_correlation,0.9289848434112079
C01_staged_current,S0,temporal_only,4,beta_mean,0.0
C01_staged_current,S0,temporal_only,4,abs_beta_mean,0.0
C01_staged_current,S0,temporal_only,4,content_free_lambda_rmse,0.08884268808634299
C01_staged_current,S1,age_temporal,0,bce,0.4794215032891727
C01_staged_current,S1,age_temporal,0,auroc,0.7431082964899834
C01_staged_current,S1,age_temporal,0,auprc,0.5407674397069341
C01_staged_current,S1,age_temporal,0,surface_rmse,0.16504107589851305
C01_staged_current,S1,age_temporal,0,cf_rmse_age,0.13241284857287097
C01_staged_current,S1,age_temporal,0,cf_rmse_lag,0.11508407061929411
C01_staged_current,S1,age_temporal,0,delta_bce_beta0,0.00021044743869053084
C01_staged_current,S1,age_temporal,0,delta_bce_full_age_shuffle,0.008316647798985777
C01_staged_current,S1,age_temporal,0,delta_bce_gate_age_shuffle,0.00030690961634910474
C01_staged_current,S1,age_temporal,0,gate_signal_rmse,0.05058449026112795
C01_staged_current,S1,age_temporal,0,gate_signal_mae,0.032479598328308566
C01_staged_current,S1,age_temporal,0,gate_signal_correlation,0.9795561064519481
C01_staged_current,S1,age_temporal,0,beta_mean,0.09755793958902359
C01_staged_current,S1,age_temporal,0,abs_beta_mean,0.09755793958902359
C01_staged_current,S1,age_temporal,0,content_free_lambda_rmse,0.10161734558187438
C01_staged_current,S1,age_temporal,1,bce,0.47812955544441127
C01_staged_current,S1,age_temporal,1,auroc,0.7441093657271795
C01_staged_current,S1,age_temporal,1,auprc,0.5428206714691601
C01_staged_current,S1,age_temporal,1,surface_rmse,0.16662410502240865
C01_staged_current,S1,age_temporal,1,cf_rmse_age,0.14357985216533795
C01_staged_current,S1,age_temporal,1,cf_rmse_lag,0.1103557597647438
C01_staged_current,S1,age_temporal,1,delta_bce_beta0,5.201546750277508e-05
C01_staged_current,S1,age_temporal,1,delta_bce_full_age_shuffle,0.006606950585779647
C01_staged_current,S1,age_temporal,1,delta_bce_gate_age_shuffle,6.751479274780259e-05
C01_staged_current,S1,age_temporal,1,gate_signal_rmse,0.04684194356911434
C01_staged_current,S1,age_temporal,1,gate_signal_mae,0.03402280238910061
C01_staged_current,S1,age_temporal,1,gate_signal_correlation,0.983519863383458
C01_staged_current,S1,age_temporal,1,beta_mean,0.025628553703427315
C01_staged_current,S1,age_temporal,1,abs_beta_mean,0.025628553703427315
C01_staged_current,S1,age_temporal,1,content_free_lambda_rmse,0.11356075152182657
C01_staged_current,S1,age_temporal,2,bce,0.47938475451857365
C01_staged_current,S1,age_temporal,2,auroc,0.7440919155861643
C01_staged_current,S1,age_temporal,2,auprc,0.540570162892248
C01_staged_current,S1,age_temporal,2,surface_rmse,0.16566300109026807
C01_staged_current,S1,age_temporal,2,cf_rmse_age,0.13751695170254075
C01_staged_current,S1,age_temporal,2,cf_rmse_lag,0.12200802772214028
C01_staged_current,S1,age_temporal,2,delta_bce_beta0,0.000130256212032831
C01_staged_current,S1,age_temporal,2,delta_bce_full_age_shuffle,0.011805670659783829
C01_staged_current,S1,age_temporal,2,delta_bce_gate_age_shuffle,0.0001701970860015778
C01_staged_current,S1,age_temporal,2,gate_signal_rmse,0.04873557597539454
C01_staged_current,S1,age_temporal,2,gate_signal_mae,0.03489980602036746
C01_staged_current,S1,age_temporal,2,gate_signal_correlation,0.9824431173888307
C01_staged_current,S1,age_temporal,2,beta_mean,0.04652245715260506
C01_staged_current,S1,age_temporal,2,abs_beta_mean,0.04652245715260506
C01_staged_current,S1,age_temporal,2,content_free_lambda_rmse,0.09156019156146716
C01_staged_current,S1,age_temporal,3,bce,0.47953635342557854
C01_staged_current,S1,age_temporal,3,auroc,0.7434174063219885
C01_staged_current,S1,age_temporal,3,auprc,0.5397541832497118
C01_staged_current,S1,age_temporal,3,surface_rmse,0.1344836361675056
C01_staged_current,S1,age_temporal,3,cf_rmse_age,0.1241922464476328
C01_staged_current,S1,age_temporal,3,cf_rmse_lag,0.09815498881609884
C01_staged_current,S1,age_temporal,3,delta_bce_beta0,0.00011627082272247513
C01_staged_current,S1,age_temporal,3,delta_bce_full_age_shuffle,0.011403497346278713
C01_staged_current,S1,age_temporal,3,delta_bce_gate_age_shuffle,0.00011605187406116269
C01_staged_current,S1,age_temporal,3,gate_signal_rmse,0.04818620047524005
C01_staged_current,S1,age_temporal,3,gate_signal_mae,0.03463724921516883
C01_staged_current,S1,age_temporal,3,gate_signal_correlation,0.9795977075925102
C01_staged_current,S1,age_temporal,3,beta_mean,0.05363224074244499
C01_staged_current,S1,age_temporal,3,abs_beta_mean,0.05363224074244499
C01_staged_current,S1,age_temporal,3,content_free_lambda_rmse,0.09097466707826025
C01_staged_current,S1,age_temporal,4,bce,0.4787746805509757
C01_staged_current,S1,age_temporal,4,auroc,0.7445889720987136
C01_staged_current,S1,age_temporal,4,auprc,0.5436789444481375
C01_staged_current,S1,age_temporal,4,surface_rmse,0.18661763703086598
C01_staged_current,S1,age_temporal,4,cf_rmse_age,0.16475006706317086
C01_staged_current,S1,age_temporal,4,cf_rmse_lag,0.12299470762071163
C01_staged_current,S1,age_temporal,4,delta_bce_beta0,0.0001520391070360394
C01_staged_current,S1,age_temporal,4,delta_bce_full_age_shuffle,0.007738032517103088
C01_staged_current,S1,age_temporal,4,delta_bce_gate_age_shuffle,0.00016162705628663954
C01_staged_current,S1,age_temporal,4,gate_signal_rmse,0.047788131141780175
C01_staged_current,S1,age_temporal,4,gate_signal_mae,0.033588761323325715
C01_staged_current,S1,age_temporal,4,gate_signal_correlation,0.9822288717787001
C01_staged_current,S1,age_temporal,4,beta_mean,0.05563615635037422
C01_staged_current,S1,age_temporal,4,abs_beta_mean,0.05563615635037422
C01_staged_current,S1,age_temporal,4,content_free_lambda_rmse,0.13394671200149852
C01_staged_current,S1,temporal_only,0,bce,0.4795665178545622
C01_staged_current,S1,temporal_only,0,auroc,0.7429179872764043
C01_staged_current,S1,temporal_only,0,auprc,0.5405457422433758
C01_staged_current,S1,temporal_only,0,surface_rmse,0.1643174235463144
C01_staged_current,S1,temporal_only,0,cf_rmse_age,0.13215678350247417
C01_staged_current,S1,temporal_only,0,cf_rmse_lag,0.11562594276903737
C01_staged_current,S1,temporal_only,0,delta_bce_beta0,0.0
C01_staged_current,S1,temporal_only,0,delta_bce_full_age_shuffle,0.008182817829740674
C01_staged_current,S1,temporal_only,0,delta_bce_gate_age_shuffle,0.0
C01_staged_current,S1,temporal_only,0,gate_signal_rmse,0.04986441419480814
C01_staged_current,S1,temporal_only,0,gate_signal_mae,0.031302775915366586
C01_staged_current,S1,temporal_only,0,gate_signal_correlation,0.9808367497248881
C01_staged_current,S1,temporal_only,0,beta_mean,0.0
C01_staged_current,S1,temporal_only,0,abs_beta_mean,0.0
C01_staged_current,S1,temporal_only,0,content_free_lambda_rmse,0.09673487949640769
C01_staged_current,S1,temporal_only,1,bce,0.4781801712875101
C01_staged_current,S1,temporal_only,1,auroc,0.7440323388777288
C01_staged_current,S1,temporal_only,1,auprc,0.5427281301622152
C01_staged_current,S1,temporal_only,1,surface_rmse,0.1662943989050199
C01_staged_current,S1,temporal_only,1,cf_rmse_age,0.14287891596218633
C01_staged_current,S1,temporal_only,1,cf_rmse_lag,0.11053296871595544
C01_staged_current,S1,temporal_only,1,delta_bce_beta0,0.0
C01_staged_current,S1,temporal_only,1,delta_bce_full_age_shuffle,0.0066160237612355455
C01_staged_current,S1,temporal_only,1,delta_bce_gate_age_shuffle,0.0
C01_staged_current,S1,temporal_only,1,gate_signal_rmse,0.04683743013620458
C01_staged_current,S1,temporal_only,1,gate_signal_mae,0.03408291089120783
C01_staged_current,S1,temporal_only,1,gate_signal_correlation,0.9835603715118806
C01_staged_current,S1,temporal_only,1,beta_mean,0.0
C01_staged_current,S1,temporal_only,1,abs_beta_mean,0.0
C01_staged_current,S1,temporal_only,1,content_free_lambda_rmse,0.11120849657328147
C01_staged_current,S1,temporal_only,2,bce,0.4794524037483722
C01_staged_current,S1,temporal_only,2,auroc,0.7439980420026938
C01_staged_current,S1,temporal_only,2,auprc,0.5404220855108876
C01_staged_current,S1,temporal_only,2,surface_rmse,0.1649442910101788
C01_staged_current,S1,temporal_only,2,cf_rmse_age,0.13683049619679927
C01_staged_current,S1,temporal_only,2,cf_rmse_lag,0.12220638376829832
C01_staged_current,S1,temporal_only,2,delta_bce_beta0,0.0
C01_staged_current,S1,temporal_only,2,delta_bce_full_age_shuffle,0.011557659865965075
C01_staged_current,S1,temporal_only,2,delta_bce_gate_age_shuffle,0.0
C01_staged_current,S1,temporal_only,2,gate_signal_rmse,0.04856172617528583
C01_staged_current,S1,temporal_only,2,gate_signal_mae,0.03489604095187575
C01_staged_current,S1,temporal_only,2,gate_signal_correlation,0.9827375579121388
C01_staged_current,S1,temporal_only,2,beta_mean,0.0
C01_staged_current,S1,temporal_only,2,abs_beta_mean,0.0
C01_staged_current,S1,temporal_only,2,content_free_lambda_rmse,0.08857601690561788
C01_staged_current,S1,temporal_only,3,bce,0.4796293095827068
C01_staged_current,S1,temporal_only,3,auroc,0.743239170114505
C01_staged_current,S1,temporal_only,3,auprc,0.5395468816828748
C01_staged_current,S1,temporal_only,3,surface_rmse,0.13375734106638665
C01_staged_current,S1,temporal_only,3,cf_rmse_age,0.12386326312280699
C01_staged_current,S1,temporal_only,3,cf_rmse_lag,0.09796671828962579
C01_staged_current,S1,temporal_only,3,delta_bce_beta0,0.0
C01_staged_current,S1,temporal_only,3,delta_bce_full_age_shuffle,0.011364651329961895
C01_staged_current,S1,temporal_only,3,delta_bce_gate_age_shuffle,0.0
C01_staged_current,S1,temporal_only,3,gate_signal_rmse,0.04815418573679516
C01_staged_current,S1,temporal_only,3,gate_signal_mae,0.034534226512549435
C01_staged_current,S1,temporal_only,3,gate_signal_correlation,0.9797388408183192
C01_staged_current,S1,temporal_only,3,beta_mean,0.0
C01_staged_current,S1,temporal_only,3,abs_beta_mean,0.0
C01_staged_current,S1,temporal_only,3,content_free_lambda_rmse,0.08832597542078513
C01_staged_current,S1,temporal_only,4,bce,0.47886419438124334
C01_staged_current,S1,temporal_only,4,auroc,0.7444660838845116
C01_staged_current,S1,temporal_only,4,auprc,0.5435021651308565
C01_staged_current,S1,temporal_only,4,surface_rmse,0.1854168708240912
C01_staged_current,S1,temporal_only,4,cf_rmse_age,0.16368007535238077
C01_staged_current,S1,temporal_only,4,cf_rmse_lag,0.12314572362406223
C01_staged_current,S1,temporal_only,4,delta_bce_beta0,0.0
C01_staged_current,S1,temporal_only,4,delta_bce_full_age_shuffle,0.007707566963851831
C01_staged_current,S1,temporal_only,4,delta_bce_gate_age_shuffle,0.0
C01_staged_current,S1,temporal_only,4,gate_signal_rmse,0.047535828683704186
C01_staged_current,S1,temporal_only,4,gate_signal_mae,0.033360462843615386
C01_staged_current,S1,temporal_only,4,gate_signal_correlation,0.982529905741412
C01_staged_current,S1,temporal_only,4,beta_mean,0.0
C01_staged_current,S1,temporal_only,4,abs_beta_mean,0.0
C01_staged_current,S1,temporal_only,4,content_free_lambda_rmse,0.13059544372828025
C01_staged_current,S2,age_temporal,0,bce,0.45525196571288706
C01_staged_current,S2,age_temporal,0,auroc,0.7621841676961609
C01_staged_current,S2,age_temporal,0,auprc,0.5826757689344453
C01_staged_current,S2,age_temporal,0,surface_rmse,0.190798172445814
C01_staged_current,S2,age_temporal,0,cf_rmse_age,0.16337850832727058
C01_staged_current,S2,age_temporal,0,cf_rmse_lag,0.16469441396897286
C01_staged_current,S2,age_temporal,0,delta_bce_beta0,0.011597614519995636
C01_staged_current,S2,age_temporal,0,delta_bce_full_age_shuffle,0.03253302071430808
C01_staged_current,S2,age_temporal,0,delta_bce_gate_age_shuffle,0.021071382260030525
C01_staged_current,S2,age_temporal,0,gate_signal_rmse,0.15129469644065802
C01_staged_current,S2,age_temporal,0,gate_signal_mae,0.1208460507982202
C01_staged_current,S2,age_temporal,0,gate_signal_correlation,0.8642395843916708
C01_staged_current,S2,age_temporal,0,beta_mean,-0.987707793712616
C01_staged_current,S2,age_temporal,0,abs_beta_mean,0.987707793712616
C01_staged_current,S2,age_temporal,0,content_free_lambda_rmse,0.7101603987880337
C01_staged_current,S2,age_temporal,0,content_free_lambda_corr,0.9936269021543039
C01_staged_current,S2,age_temporal,1,bce,0.45519487499460937
C01_staged_current,S2,age_temporal,1,auroc,0.7615067694098385
C01_staged_current,S2,age_temporal,1,auprc,0.5823706097506768
C01_staged_current,S2,age_temporal,1,surface_rmse,0.1707270035463436
C01_staged_current,S2,age_temporal,1,cf_rmse_age,0.13838790019569278
C01_staged_current,S2,age_temporal,1,cf_rmse_lag,0.1240943792661905
C01_staged_current,S2,age_temporal,1,delta_bce_beta0,0.012180283435149264
C01_staged_current,S2,age_temporal,1,delta_bce_full_age_shuffle,0.034758354219939
C01_staged_current,S2,age_temporal,1,delta_bce_gate_age_shuffle,0.02428270271952615
C01_staged_current,S2,age_temporal,1,gate_signal_rmse,0.14413913429183986
C01_staged_current,S2,age_temporal,1,gate_signal_mae,0.11454074069874037
C01_staged_current,S2,age_temporal,1,gate_signal_correlation,0.8790968648243332
C01_staged_current,S2,age_temporal,1,beta_mean,-1.0428143739700317
C01_staged_current,S2,age_temporal,1,abs_beta_mean,1.0428143739700317
C01_staged_current,S2,age_temporal,1,content_free_lambda_rmse,0.6581651378852726
C01_staged_current,S2,age_temporal,1,content_free_lambda_corr,0.9937828116285005
C01_staged_current,S2,age_temporal,2,bce,0.45536032489731126
C01_staged_current,S2,age_temporal,2,auroc,0.7620644750222465
C01_staged_current,S2,age_temporal,2,auprc,0.5826551647254103
C01_staged_current,S2,age_temporal,2,surface_rmse,0.16098435356387514
C01_staged_current,S2,age_temporal,2,cf_rmse_age,0.18725600319669505
C01_staged_current,S2,age_temporal,2,cf_rmse_lag,0.13096983711970808
C01_staged_current,S2,age_temporal,2,delta_bce_beta0,0.01394463256681333
C01_staged_current,S2,age_temporal,2,delta_bce_full_age_shuffle,0.034970584594745
C01_staged_current,S2,age_temporal,2,delta_bce_gate_age_shuffle,0.02578163599918959
C01_staged_current,S2,age_temporal,2,gate_signal_rmse,0.1469083000234968
C01_staged_current,S2,age_temporal,2,gate_signal_mae,0.11612038954061345
C01_staged_current,S2,age_temporal,2,gate_signal_correlation,0.8735485696939311
C01_staged_current,S2,age_temporal,2,beta_mean,-1.0311893224716187
C01_staged_current,S2,age_temporal,2,abs_beta_mean,1.0311893224716187
C01_staged_current,S2,age_temporal,2,content_free_lambda_rmse,0.6308117543884934
C01_staged_current,S2,age_temporal,2,content_free_lambda_corr,0.9930146870497248
C01_staged_current,S2,age_temporal,3,bce,0.4563731419461897
C01_staged_current,S2,age_temporal,3,auroc,0.7607766220425715
C01_staged_current,S2,age_temporal,3,auprc,0.58087363920673
C01_staged_current,S2,age_temporal,3,surface_rmse,0.17858767218405688
C01_staged_current,S2,age_temporal,3,cf_rmse_age,0.15177158468498747
C01_staged_current,S2,age_temporal,3,cf_rmse_lag,0.12831621847008665
C01_staged_current,S2,age_temporal,3,delta_bce_beta0,0.009873441567493646
C01_staged_current,S2,age_temporal,3,delta_bce_full_age_shuffle,0.03256375198913697
C01_staged_current,S2,age_temporal,3,delta_bce_gate_age_shuffle,0.018456855418113094
C01_staged_current,S2,age_temporal,3,gate_signal_rmse,0.1579124169372149
C01_staged_current,S2,age_temporal,3,gate_signal_mae,0.12548138542905282
C01_staged_current,S2,age_temporal,3,gate_signal_correlation,0.8500777031900426
C01_staged_current,S2,age_temporal,3,beta_mean,-0.9381150007247925
C01_staged_current,S2,age_temporal,3,abs_beta_mean,0.9381150007247925
C01_staged_current,S2,age_temporal,3,content_free_lambda_rmse,0.6307940267536223
C01_staged_current,S2,age_temporal,3,content_free_lambda_corr,0.9909038108670591
C01_staged_current,S2,age_temporal,4,bce,0.4564929053288546
C01_staged_current,S2,age_temporal,4,auroc,0.7598387255422088
C01_staged_current,S2,age_temporal,4,auprc,0.5797563653940819
C01_staged_current,S2,age_temporal,4,surface_rmse,0.1724228179622347
C01_staged_current,S2,age_temporal,4,cf_rmse_age,0.15487672495524687
C01_staged_current,S2,age_temporal,4,cf_rmse_lag,0.11462749446951048
C01_staged_current,S2,age_temporal,4,delta_bce_beta0,0.014575467465954783
C01_staged_current,S2,age_temporal,4,delta_bce_full_age_shuffle,0.03350933743681139
C01_staged_current,S2,age_temporal,4,delta_bce_gate_age_shuffle,0.025583790161045394
C01_staged_current,S2,age_temporal,4,gate_signal_rmse,0.14628258904676852
C01_staged_current,S2,age_temporal,4,gate_signal_mae,0.11589370523175335
C01_staged_current,S2,age_temporal,4,gate_signal_correlation,0.8747377252940098
C01_staged_current,S2,age_temporal,4,beta_mean,-1.0298103094100952
C01_staged_current,S2,age_temporal,4,abs_beta_mean,1.0298103094100952
C01_staged_current,S2,age_temporal,4,content_free_lambda_rmse,0.642067818028619
C01_staged_current,S2,age_temporal,4,content_free_lambda_corr,0.9932083155235474
C01_staged_current,S2,temporal_only,0,bce,0.4591180377111618
C01_staged_current,S2,temporal_only,0,auroc,0.760510982239058
C01_staged_current,S2,temporal_only,0,auprc,0.5754990907778805
C01_staged_current,S2,temporal_only,0,surface_rmse,0.2286461189688743
C01_staged_current,S2,temporal_only,0,cf_rmse_age,0.19214653666744333
C01_staged_current,S2,temporal_only,0,cf_rmse_lag,0.18358574103658196
C01_staged_current,S2,temporal_only,0,delta_bce_beta0,0.0
C01_staged_current,S2,temporal_only,0,delta_bce_full_age_shuffle,0.008824530239843253
C01_staged_current,S2,temporal_only,0,delta_bce_gate_age_shuffle,0.0
C01_staged_current,S2,temporal_only,0,gate_signal_rmse,0.2640854302357091
C01_staged_current,S2,temporal_only,0,gate_signal_mae,0.22197307351997256
C01_staged_current,S2,temporal_only,0,gate_signal_correlation,0.5031778276647036
C01_staged_current,S2,temporal_only,0,beta_mean,0.0
C01_staged_current,S2,temporal_only,0,abs_beta_mean,0.0
C01_staged_current,S2,temporal_only,0,content_free_lambda_rmse,0.9306491344153932
C01_staged_current,S2,temporal_only,1,bce,0.46110364705699675
C01_staged_current,S2,temporal_only,1,auroc,0.7583301836809067
C01_staged_current,S2,temporal_only,1,auprc,0.572959994713831
C01_staged_current,S2,temporal_only,1,surface_rmse,0.218402474748837
C01_staged_current,S2,temporal_only,1,cf_rmse_age,0.1698201705162879
C01_staged_current,S2,temporal_only,1,cf_rmse_lag,0.15511349324665863
C01_staged_current,S2,temporal_only,1,delta_bce_beta0,0.0
C01_staged_current,S2,temporal_only,1,delta_bce_full_age_shuffle,0.007356712646271135
C01_staged_current,S2,temporal_only,1,delta_bce_gate_age_shuffle,0.0
C01_staged_current,S2,temporal_only,1,gate_signal_rmse,0.26316841808569835
C01_staged_current,S2,temporal_only,1,gate_signal_mae,0.22217512475426143
C01_staged_current,S2,temporal_only,1,gate_signal_correlation,0.5074925282191258
C01_staged_current,S2,temporal_only,1,beta_mean,0.0
C01_staged_current,S2,temporal_only,1,abs_beta_mean,0.0
C01_staged_current,S2,temporal_only,1,content_free_lambda_rmse,0.884088378019053
C01_staged_current,S2,temporal_only,2,bce,0.45900790846686007
C01_staged_current,S2,temporal_only,2,auroc,0.7610918960746841
C01_staged_current,S2,temporal_only,2,auprc,0.5758664159297715
C01_staged_current,S2,temporal_only,2,surface_rmse,0.2132957354663858
C01_staged_current,S2,temporal_only,2,cf_rmse_age,0.21635225572241243
C01_staged_current,S2,temporal_only,2,cf_rmse_lag,0.15060115482716385
C01_staged_current,S2,temporal_only,2,delta_bce_beta0,0.0
C01_staged_current,S2,temporal_only,2,delta_bce_full_age_shuffle,0.00897380918945928
C01_staged_current,S2,temporal_only,2,delta_bce_gate_age_shuffle,0.0
C01_staged_current,S2,temporal_only,2,gate_signal_rmse,0.2635643214699372
C01_staged_current,S2,temporal_only,2,gate_signal_mae,0.22003561253547052
C01_staged_current,S2,temporal_only,2,gate_signal_correlation,0.5042565485750674
C01_staged_current,S2,temporal_only,2,beta_mean,0.0
C01_staged_current,S2,temporal_only,2,abs_beta_mean,0.0
C01_staged_current,S2,temporal_only,2,content_free_lambda_rmse,0.9096797013593192
C01_staged_current,S2,temporal_only,3,bce,0.4595259524047949
C01_staged_current,S2,temporal_only,3,auroc,0.7586877275582216
C01_staged_current,S2,temporal_only,3,auprc,0.5745831071729838
C01_staged_current,S2,temporal_only,3,surface_rmse,0.21583000757570725
C01_staged_current,S2,temporal_only,3,cf_rmse_age,0.1778397462828027
C01_staged_current,S2,temporal_only,3,cf_rmse_lag,0.15201741486846246
C01_staged_current,S2,temporal_only,3,delta_bce_beta0,0.0
C01_staged_current,S2,temporal_only,3,delta_bce_full_age_shuffle,0.009148159080908602
C01_staged_current,S2,temporal_only,3,delta_bce_gate_age_shuffle,0.0
C01_staged_current,S2,temporal_only,3,gate_signal_rmse,0.26490721196809686
C01_staged_current,S2,temporal_only,3,gate_signal_mae,0.221736827051707
C01_staged_current,S2,temporal_only,3,gate_signal_correlation,0.49978681627986243
C01_staged_current,S2,temporal_only,3,beta_mean,0.0
C01_staged_current,S2,temporal_only,3,abs_beta_mean,0.0
C01_staged_current,S2,temporal_only,3,content_free_lambda_rmse,0.901803265179785
C01_staged_current,S2,temporal_only,4,bce,0.46123625785971695
C01_staged_current,S2,temporal_only,4,auroc,0.7569784848056376
C01_staged_current,S2,temporal_only,4,auprc,0.5709055066412887
C01_staged_current,S2,temporal_only,4,surface_rmse,0.22004464236095736
C01_staged_current,S2,temporal_only,4,cf_rmse_age,0.18336112266003113
C01_staged_current,S2,temporal_only,4,cf_rmse_lag,0.13728817115126773
C01_staged_current,S2,temporal_only,4,delta_bce_beta0,0.0
C01_staged_current,S2,temporal_only,4,delta_bce_full_age_shuffle,0.006773834050479544
C01_staged_current,S2,temporal_only,4,delta_bce_gate_age_shuffle,0.0
C01_staged_current,S2,temporal_only,4,gate_signal_rmse,0.26412959856744483
C01_staged_current,S2,temporal_only,4,gate_signal_mae,0.22202439364178458
C01_staged_current,S2,temporal_only,4,gate_signal_correlation,0.5038309238303218
C01_staged_current,S2,temporal_only,4,beta_mean,0.0
C01_staged_current,S2,temporal_only,4,abs_beta_mean,0.0
C01_staged_current,S2,temporal_only,4,content_free_lambda_rmse,0.8964127034941566
C01_staged_current,S3,age_temporal,0,bce,0.4843266451540509
C01_staged_current,S3,age_temporal,0,auroc,0.737738529406085
C01_staged_current,S3,age_temporal,0,auprc,0.539240046081811
C01_staged_current,S3,age_temporal,0,surface_rmse,0.13070974926104725
C01_staged_current,S3,age_temporal,0,cf_rmse_age,0.11926930169410924
C01_staged_current,S3,age_temporal,0,cf_rmse_lag,0.08144506907732746
C01_staged_current,S3,age_temporal,0,delta_bce_beta0,0.010432583467663847
C01_staged_current,S3,age_temporal,0,delta_bce_full_age_shuffle,0.029719155467332392
C01_staged_current,S3,age_temporal,0,delta_bce_gate_age_shuffle,0.01823712077480144
C01_staged_current,S3,age_temporal,0,gate_signal_rmse,0.17855222447869776
C01_staged_current,S3,age_temporal,0,gate_signal_mae,0.1384718582610135
C01_staged_current,S3,age_temporal,0,gate_signal_correlation,0.7960524870255177
C01_staged_current,S3,age_temporal,0,beta_mean,0.9071639180183411
C01_staged_current,S3,age_temporal,0,abs_beta_mean,0.9071639180183411
C01_staged_current,S3,age_temporal,0,content_free_lambda_rmse,0.6952603900733939
C01_staged_current,S3,age_temporal,0,content_free_lambda_corr,0.9915480705288398
C01_staged_current,S3,age_temporal,1,bce,0.48475890503407715
C01_staged_current,S3,age_temporal,1,auroc,0.7363231050114887
C01_staged_current,S3,age_temporal,1,auprc,0.5378978363930296
C01_staged_current,S3,age_temporal,1,surface_rmse,0.16692405180624023
C01_staged_current,S3,age_temporal,1,cf_rmse_age,0.13910663978970547
C01_staged_current,S3,age_temporal,1,cf_rmse_lag,0.09658703538132607
C01_staged_current,S3,age_temporal,1,delta_bce_beta0,0.007605671426261507
C01_staged_current,S3,age_temporal,1,delta_bce_full_age_shuffle,0.024219057040939296
C01_staged_current,S3,age_temporal,1,delta_bce_gate_age_shuffle,0.014436041084067264
C01_staged_current,S3,age_temporal,1,gate_signal_rmse,0.21915019708608355
C01_staged_current,S3,age_temporal,1,gate_signal_mae,0.1613661442658984
C01_staged_current,S3,age_temporal,1,gate_signal_correlation,0.7071176302393856
C01_staged_current,S3,age_temporal,1,beta_mean,0.8158680200576782
C01_staged_current,S3,age_temporal,1,abs_beta_mean,0.8158680200576782
C01_staged_current,S3,age_temporal,1,content_free_lambda_rmse,0.6888145578324554
C01_staged_current,S3,age_temporal,1,content_free_lambda_corr,0.9891040780451389
C01_staged_current,S3,age_temporal,2,bce,0.48492195744303723
C01_staged_current,S3,age_temporal,2,auroc,0.7355404977759122
C01_staged_current,S3,age_temporal,2,auprc,0.5385387193152852
C01_staged_current,S3,age_temporal,2,surface_rmse,0.1407133473416454
C01_staged_current,S3,age_temporal,2,cf_rmse_age,0.12621766199463916
C01_staged_current,S3,age_temporal,2,cf_rmse_lag,0.0824530919576414
C01_staged_current,S3,age_temporal,2,delta_bce_beta0,0.009119626451430607
C01_staged_current,S3,age_temporal,2,delta_bce_full_age_shuffle,0.032347356163685115
C01_staged_current,S3,age_temporal,2,delta_bce_gate_age_shuffle,0.01656231616279158
C01_staged_current,S3,age_temporal,2,gate_signal_rmse,0.18117708769541824
C01_staged_current,S3,age_temporal,2,gate_signal_mae,0.1390373687270877
C01_staged_current,S3,age_temporal,2,gate_signal_correlation,0.7853164955449989
C01_staged_current,S3,age_temporal,2,beta_mean,0.9090102314949036
C01_staged_current,S3,age_temporal,2,abs_beta_mean,0.9090102314949036
C01_staged_current,S3,age_temporal,2,content_free_lambda_rmse,0.6875951559908762
C01_staged_current,S3,age_temporal,2,content_free_lambda_corr,0.9914323810872967
C01_staged_current,S3,age_temporal,3,bce,0.4833394493810527
C01_staged_current,S3,age_temporal,3,auroc,0.7390892617000693
C01_staged_current,S3,age_temporal,3,auprc,0.5414492900767309
C01_staged_current,S3,age_temporal,3,surface_rmse,0.20285102321220946
C01_staged_current,S3,age_temporal,3,cf_rmse_age,0.17661484997456386
C01_staged_current,S3,age_temporal,3,cf_rmse_lag,0.12348840142897081
C01_staged_current,S3,age_temporal,3,delta_bce_beta0,0.00925664436282092
C01_staged_current,S3,age_temporal,3,delta_bce_full_age_shuffle,0.025509013270305803
C01_staged_current,S3,age_temporal,3,delta_bce_gate_age_shuffle,0.017369125406317243
C01_staged_current,S3,age_temporal,3,gate_signal_rmse,0.18800299978994084
C01_staged_current,S3,age_temporal,3,gate_signal_mae,0.1461191189679853
C01_staged_current,S3,age_temporal,3,gate_signal_correlation,0.7773875360473341
C01_staged_current,S3,age_temporal,3,beta_mean,0.8522979021072388
C01_staged_current,S3,age_temporal,3,abs_beta_mean,0.8522979021072388
C01_staged_current,S3,age_temporal,3,content_free_lambda_rmse,0.7437783666503704
C01_staged_current,S3,age_temporal,3,content_free_lambda_corr,0.9912220002243703
C01_staged_current,S3,age_temporal,4,bce,0.4867648918631974
C01_staged_current,S3,age_temporal,4,auroc,0.733677314396849
C01_staged_current,S3,age_temporal,4,auprc,0.5348807219177347
C01_staged_current,S3,age_temporal,4,surface_rmse,0.15393758539389996
C01_staged_current,S3,age_temporal,4,cf_rmse_age,0.1396292288943518
C01_staged_current,S3,age_temporal,4,cf_rmse_lag,0.10430451046720454
C01_staged_current,S3,age_temporal,4,delta_bce_beta0,0.009651780730894344
C01_staged_current,S3,age_temporal,4,delta_bce_full_age_shuffle,0.03042864362412878
C01_staged_current,S3,age_temporal,4,delta_bce_gate_age_shuffle,0.01868359906646233
C01_staged_current,S3,age_temporal,4,gate_signal_rmse,0.19370305727190915
C01_staged_current,S3,age_temporal,4,gate_signal_mae,0.14410547220581654
C01_staged_current,S3,age_temporal,4,gate_signal_correlation,0.7718617504431994
C01_staged_current,S3,age_temporal,4,beta_mean,0.9458898901939392
C01_staged_current,S3,age_temporal,4,abs_beta_mean,0.9458898901939392
C01_staged_current,S3,age_temporal,4,content_free_lambda_rmse,0.6751648869812165
C01_staged_current,S3,age_temporal,4,content_free_lambda_corr,0.9920356194376857
C01_staged_current,S3,temporal_only,0,bce,0.48984027992125645
C01_staged_current,S3,temporal_only,0,auroc,0.7330453428386947
C01_staged_current,S3,temporal_only,0,auprc,0.5243903356405019
C01_staged_current,S3,temporal_only,0,surface_rmse,0.1483207233312287
C01_staged_current,S3,temporal_only,0,cf_rmse_age,0.12472720313715838
C01_staged_current,S3,temporal_only,0,cf_rmse_lag,0.08602717035545526
C01_staged_current,S3,temporal_only,0,delta_bce_beta0,0.0
C01_staged_current,S3,temporal_only,0,delta_bce_full_age_shuffle,0.009653197983986672
C01_staged_current,S3,temporal_only,0,delta_bce_gate_age_shuffle,0.0
C01_staged_current,S3,temporal_only,0,gate_signal_rmse,0.26882036726143144
C01_staged_current,S3,temporal_only,0,gate_signal_mae,0.22189575925467697
C01_staged_current,S3,temporal_only,0,gate_signal_correlation,0.4997644176549489
C01_staged_current,S3,temporal_only,0,beta_mean,0.0
C01_staged_current,S3,temporal_only,0,abs_beta_mean,0.0
C01_staged_current,S3,temporal_only,0,content_free_lambda_rmse,0.8692500132603638
C01_staged_current,S3,temporal_only,1,bce,0.48844090626242176
C01_staged_current,S3,temporal_only,1,auroc,0.7339268974901816
C01_staged_current,S3,temporal_only,1,auprc,0.5287045706449792
C01_staged_current,S3,temporal_only,1,surface_rmse,0.16208532600772343
C01_staged_current,S3,temporal_only,1,cf_rmse_age,0.13855279745988203
C01_staged_current,S3,temporal_only,1,cf_rmse_lag,0.08988570684152325
C01_staged_current,S3,temporal_only,1,delta_bce_beta0,0.0
C01_staged_current,S3,temporal_only,1,delta_bce_full_age_shuffle,0.007266913180866752
C01_staged_current,S3,temporal_only,1,delta_bce_gate_age_shuffle,0.0
C01_staged_current,S3,temporal_only,1,gate_signal_rmse,0.28580481188285994
C01_staged_current,S3,temporal_only,1,gate_signal_mae,0.23369660135184617
C01_staged_current,S3,temporal_only,1,gate_signal_correlation,0.47089237666470996
C01_staged_current,S3,temporal_only,1,beta_mean,0.0
C01_staged_current,S3,temporal_only,1,abs_beta_mean,0.0
C01_staged_current,S3,temporal_only,1,content_free_lambda_rmse,0.8941442930797238
C01_staged_current,S3,temporal_only,2,bce,0.4906288193255595
C01_staged_current,S3,temporal_only,2,auroc,0.7326146800138504
C01_staged_current,S3,temporal_only,2,auprc,0.5248159963638758
C01_staged_current,S3,temporal_only,2,surface_rmse,0.1548017464860969
C01_staged_current,S3,temporal_only,2,cf_rmse_age,0.13514641680362963
C01_staged_current,S3,temporal_only,2,cf_rmse_lag,0.08885076260120739
C01_staged_current,S3,temporal_only,2,delta_bce_beta0,0.0
C01_staged_current,S3,temporal_only,2,delta_bce_full_age_shuffle,0.01263287722454648
C01_staged_current,S3,temporal_only,2,delta_bce_gate_age_shuffle,0.0
C01_staged_current,S3,temporal_only,2,gate_signal_rmse,0.26677014494244966
C01_staged_current,S3,temporal_only,2,gate_signal_mae,0.22143446747133935
C01_staged_current,S3,temporal_only,2,gate_signal_correlation,0.5046432453254923
C01_staged_current,S3,temporal_only,2,beta_mean,0.0
C01_staged_current,S3,temporal_only,2,abs_beta_mean,0.0
C01_staged_current,S3,temporal_only,2,content_free_lambda_rmse,0.8909100050243713
C01_staged_current,S3,temporal_only,3,bce,0.4889078445508759
C01_staged_current,S3,temporal_only,3,auroc,0.7329363596669516
C01_staged_current,S3,temporal_only,3,auprc,0.5283025600338823
C01_staged_current,S3,temporal_only,3,surface_rmse,0.21200455440171706
C01_staged_current,S3,temporal_only,3,cf_rmse_age,0.17053117320705138
C01_staged_current,S3,temporal_only,3,cf_rmse_lag,0.12471739052170246
C01_staged_current,S3,temporal_only,3,delta_bce_beta0,0.0
C01_staged_current,S3,temporal_only,3,delta_bce_full_age_shuffle,0.00911141892370898
C01_staged_current,S3,temporal_only,3,delta_bce_gate_age_shuffle,0.0
C01_staged_current,S3,temporal_only,3,gate_signal_rmse,0.267625434840528
C01_staged_current,S3,temporal_only,3,gate_signal_mae,0.2224988763908721
C01_staged_current,S3,temporal_only,3,gate_signal_correlation,0.507462573372404
C01_staged_current,S3,temporal_only,3,beta_mean,0.0
C01_staged_current,S3,temporal_only,3,abs_beta_mean,0.0
C01_staged_current,S3,temporal_only,3,content_free_lambda_rmse,0.88296014957125
C01_staged_current,S3,temporal_only,4,bce,0.48981863288744876
C01_staged_current,S3,temporal_only,4,auroc,0.7315125955641038
C01_staged_current,S3,temporal_only,4,auprc,0.5255516219823642
C01_staged_current,S3,temporal_only,4,surface_rmse,0.16329090176609784
C01_staged_current,S3,temporal_only,4,cf_rmse_age,0.1498814728836425
C01_staged_current,S3,temporal_only,4,cf_rmse_lag,0.10911734848432478
C01_staged_current,S3,temporal_only,4,delta_bce_beta0,0.0
C01_staged_current,S3,temporal_only,4,delta_bce_full_age_shuffle,0.009100362732189449
C01_staged_current,S3,temporal_only,4,delta_bce_gate_age_shuffle,0.0
C01_staged_current,S3,temporal_only,4,gate_signal_rmse,0.27764768234914633
C01_staged_current,S3,temporal_only,4,gate_signal_mae,0.22761629834327862
C01_staged_current,S3,temporal_only,4,gate_signal_correlation,0.48369693628710336
C01_staged_current,S3,temporal_only,4,beta_mean,0.0
C01_staged_current,S3,temporal_only,4,abs_beta_mean,0.0
C01_staged_current,S3,temporal_only,4,content_free_lambda_rmse,0.9104782586299409
C02_mass_current,S0,age_temporal,0,bce,0.4856359988933123
C02_mass_current,S0,age_temporal,0,auroc,0.7282394366679021
C02_mass_current,S0,age_temporal,0,auprc,0.5183337762657231
C02_mass_current,S0,age_temporal,0,surface_rmse,0.1372941295296447
C02_mass_current,S0,age_temporal,0,cf_rmse_age,0.1180771965484332
C02_mass_current,S0,age_temporal,0,cf_rmse_lag,0.1111868909180124
C02_mass_current,S0,age_temporal,0,delta_bce_beta0,4.26167166384106e-06
C02_mass_current,S0,age_temporal,0,delta_bce_full_age_shuffle,0.004928048278491914
C02_mass_current,S0,age_temporal,0,delta_bce_gate_age_shuffle,2.0231755672339702e-05
C02_mass_current,S0,age_temporal,0,gate_signal_rmse,0.1136588157268191
C02_mass_current,S0,age_temporal,0,gate_signal_mae,0.07263919374542728
C02_mass_current,S0,age_temporal,0,gate_signal_correlation,0.8600965972538585
C02_mass_current,S0,age_temporal,0,beta_mean,0.01719304360449314
C02_mass_current,S0,age_temporal,0,abs_beta_mean,0.01719304360449314
C02_mass_current,S0,age_temporal,0,content_free_lambda_rmse,0.0347898702623549
C02_mass_current,S0,age_temporal,1,bce,0.4861147580802289
C02_mass_current,S0,age_temporal,1,auroc,0.7271675083434597
C02_mass_current,S0,age_temporal,1,auprc,0.5174703151621644
C02_mass_current,S0,age_temporal,1,surface_rmse,0.14339817753652767
C02_mass_current,S0,age_temporal,1,cf_rmse_age,0.12401220555310818
C02_mass_current,S0,age_temporal,1,cf_rmse_lag,0.11488991131928349
C02_mass_current,S0,age_temporal,1,delta_bce_beta0,-2.2056524124347554e-06
C02_mass_current,S0,age_temporal,1,delta_bce_full_age_shuffle,0.001883200410304764
C02_mass_current,S0,age_temporal,1,delta_bce_gate_age_shuffle,-1.2147440998033776e-05
C02_mass_current,S0,age_temporal,1,gate_signal_rmse,0.13010692385730127
C02_mass_current,S0,age_temporal,1,gate_signal_mae,0.07673943070645739
C02_mass_current,S0,age_temporal,1,gate_signal_correlation,0.8238863195072521
C02_mass_current,S0,age_temporal,1,beta_mean,-0.016106752678751945
C02_mass_current,S0,age_temporal,1,abs_beta_mean,0.016106752678751945
C02_mass_current,S0,age_temporal,1,content_free_lambda_rmse,0.026783560272126007
C02_mass_current,S0,age_temporal,2,bce,0.48687489261006694
C02_mass_current,S0,age_temporal,2,auroc,0.7254563929120472
C02_mass_current,S0,age_temporal,2,auprc,0.5145643433818533
C02_mass_current,S0,age_temporal,2,surface_rmse,0.13384715579194603
C02_mass_current,S0,age_temporal,2,cf_rmse_age,0.10970753908953773
C02_mass_current,S0,age_temporal,2,cf_rmse_lag,0.11806127488219412
C02_mass_current,S0,age_temporal,2,delta_bce_beta0,-6.7659959657739854e-06
C02_mass_current,S0,age_temporal,2,delta_bce_full_age_shuffle,0.004235203293219192
C02_mass_current,S0,age_temporal,2,delta_bce_gate_age_shuffle,-2.539402540480129e-05
C02_mass_current,S0,age_temporal,2,gate_signal_rmse,0.12785918086019796
C02_mass_current,S0,age_temporal,2,gate_signal_mae,0.07737895011387776
C02_mass_current,S0,age_temporal,2,gate_signal_correlation,0.8319970191839614
C02_mass_current,S0,age_temporal,2,beta_mean,-0.03314213827252388
C02_mass_current,S0,age_temporal,2,abs_beta_mean,0.03314213827252388
C02_mass_current,S0,age_temporal,2,content_free_lambda_rmse,0.03377582709880424
C02_mass_current,S0,age_temporal,3,bce,0.4863697487102293
C02_mass_current,S0,age_temporal,3,auroc,0.7277920069148278
C02_mass_current,S0,age_temporal,3,auprc,0.5186140885446754
C02_mass_current,S0,age_temporal,3,surface_rmse,0.14874279452672454
C02_mass_current,S0,age_temporal,3,cf_rmse_age,0.14773597925038595
C02_mass_current,S0,age_temporal,3,cf_rmse_lag,0.12820758882989383
C02_mass_current,S0,age_temporal,3,delta_bce_beta0,-6.3833916978395244e-06
C02_mass_current,S0,age_temporal,3,delta_bce_full_age_shuffle,0.0046384482670802085
C02_mass_current,S0,age_temporal,3,delta_bce_gate_age_shuffle,-1.7564047949336636e-05
C02_mass_current,S0,age_temporal,3,gate_signal_rmse,0.12964561152320359
C02_mass_current,S0,age_temporal,3,gate_signal_mae,0.07360923041678784
C02_mass_current,S0,age_temporal,3,gate_signal_correlation,0.8295925184056857
C02_mass_current,S0,age_temporal,3,beta_mean,-0.025336766615509987
C02_mass_current,S0,age_temporal,3,abs_beta_mean,0.025336766615509987
C02_mass_current,S0,age_temporal,3,content_free_lambda_rmse,0.0336358449443306
C02_mass_current,S0,age_temporal,4,bce,0.48537467362425135
C02_mass_current,S0,age_temporal,4,auroc,0.7279349067440488
C02_mass_current,S0,age_temporal,4,auprc,0.51858720725685
C02_mass_current,S0,age_temporal,4,surface_rmse,0.13260943581959783
C02_mass_current,S0,age_temporal,4,cf_rmse_age,0.11480500189221657
C02_mass_current,S0,age_temporal,4,cf_rmse_lag,0.11178786434724076
C02_mass_current,S0,age_temporal,4,delta_bce_beta0,-8.089734492289224e-07
C02_mass_current,S0,age_temporal,4,delta_bce_full_age_shuffle,0.005554493475200817
C02_mass_current,S0,age_temporal,4,delta_bce_gate_age_shuffle,-5.502114508004752e-06
C02_mass_current,S0,age_temporal,4,gate_signal_rmse,0.10947787948133252
C02_mass_current,S0,age_temporal,4,gate_signal_mae,0.07058321356375916
C02_mass_current,S0,age_temporal,4,gate_signal_correlation,0.8680744437533188
C02_mass_current,S0,age_temporal,4,beta_mean,-0.006082494277507067
C02_mass_current,S0,age_temporal,4,abs_beta_mean,0.006082494277507067
C02_mass_current,S0,age_temporal,4,content_free_lambda_rmse,0.015692292812344584
C02_mass_current,S0,temporal_only,0,bce,0.48563694904375204
C02_mass_current,S0,temporal_only,0,auroc,0.72823858629186
C02_mass_current,S0,temporal_only,0,auprc,0.5183333382074923
C02_mass_current,S0,temporal_only,0,surface_rmse,0.13711194919479144
C02_mass_current,S0,temporal_only,0,cf_rmse_age,0.11778906956602574
C02_mass_current,S0,temporal_only,0,cf_rmse_lag,0.11097617955786025
C02_mass_current,S0,temporal_only,0,delta_bce_beta0,0.0
C02_mass_current,S0,temporal_only,0,delta_bce_full_age_shuffle,0.0049173549883729795
C02_mass_current,S0,temporal_only,0,delta_bce_gate_age_shuffle,0.0
C02_mass_current,S0,temporal_only,0,gate_signal_rmse,0.11386784177546518
C02_mass_current,S0,temporal_only,0,gate_signal_mae,0.07270403287454459
C02_mass_current,S0,temporal_only,0,gate_signal_correlation,0.8597415731948402
C02_mass_current,S0,temporal_only,0,beta_mean,0.0
C02_mass_current,S0,temporal_only,0,abs_beta_mean,0.0
C02_mass_current,S0,temporal_only,0,content_free_lambda_rmse,0.034387351987051784
C02_mass_current,S0,temporal_only,1,bce,0.48611618955597913
C02_mass_current,S0,temporal_only,1,auroc,0.7271742722540477
C02_mass_current,S0,temporal_only,1,auprc,0.5174817942235682
C02_mass_current,S0,temporal_only,1,surface_rmse,0.14341634793122815
C02_mass_current,S0,temporal_only,1,cf_rmse_age,0.12407316912147072
C02_mass_current,S0,temporal_only,1,cf_rmse_lag,0.11490118381442753
C02_mass_current,S0,temporal_only,1,delta_bce_beta0,0.0
C02_mass_current,S0,temporal_only,1,delta_bce_full_age_shuffle,0.0018971729316613617
C02_mass_current,S0,temporal_only,1,delta_bce_gate_age_shuffle,0.0
C02_mass_current,S0,temporal_only,1,gate_signal_rmse,0.1299442300011678
C02_mass_current,S0,temporal_only,1,gate_signal_mae,0.07665755734048432
C02_mass_current,S0,temporal_only,1,gate_signal_correlation,0.824279933741393
C02_mass_current,S0,temporal_only,1,beta_mean,0.0
C02_mass_current,S0,temporal_only,1,abs_beta_mean,0.0
C02_mass_current,S0,temporal_only,1,content_free_lambda_rmse,0.02607459020345193
C02_mass_current,S0,temporal_only,2,bce,0.4868404935069631
C02_mass_current,S0,temporal_only,2,auroc,0.7254930275029207
C02_mass_current,S0,temporal_only,2,auprc,0.5147012529060072
C02_mass_current,S0,temporal_only,2,surface_rmse,0.13402947586657812
C02_mass_current,S0,temporal_only,2,cf_rmse_age,0.11003311670262685
C02_mass_current,S0,temporal_only,2,cf_rmse_lag,0.11823011319593782
C02_mass_current,S0,temporal_only,2,delta_bce_beta0,0.0
C02_mass_current,S0,temporal_only,2,delta_bce_full_age_shuffle,0.004274134356177961
C02_mass_current,S0,temporal_only,2,delta_bce_gate_age_shuffle,0.0
C02_mass_current,S0,temporal_only,2,gate_signal_rmse,0.1270425229054826
C02_mass_current,S0,temporal_only,2,gate_signal_mae,0.07682790479748924
C02_mass_current,S0,temporal_only,2,gate_signal_correlation,0.8336295730857844
C02_mass_current,S0,temporal_only,2,beta_mean,0.0
C02_mass_current,S0,temporal_only,2,abs_beta_mean,0.0
C02_mass_current,S0,temporal_only,2,content_free_lambda_rmse,0.03157764863698465
C02_mass_current,S0,temporal_only,3,bce,0.4863664673288107
C02_mass_current,S0,temporal_only,3,auroc,0.7277636732648027
C02_mass_current,S0,temporal_only,3,auprc,0.5186211831342097
C02_mass_current,S0,temporal_only,3,surface_rmse,0.14889674854630525
C02_mass_current,S0,temporal_only,3,cf_rmse_age,0.14780540146019952
C02_mass_current,S0,temporal_only,3,cf_rmse_lag,0.12829503984697396
C02_mass_current,S0,temporal_only,3,delta_bce_beta0,0.0
C02_mass_current,S0,temporal_only,3,delta_bce_full_age_shuffle,0.004665233570005811
C02_mass_current,S0,temporal_only,3,delta_bce_gate_age_shuffle,0.0
C02_mass_current,S0,temporal_only,3,gate_signal_rmse,0.12939442395606796
C02_mass_current,S0,temporal_only,3,gate_signal_mae,0.07363416753197653
C02_mass_current,S0,temporal_only,3,gate_signal_correlation,0.8300148963073437
C02_mass_current,S0,temporal_only,3,beta_mean,0.0
C02_mass_current,S0,temporal_only,3,abs_beta_mean,0.0
C02_mass_current,S0,temporal_only,3,content_free_lambda_rmse,0.03248149347035867
C02_mass_current,S0,temporal_only,4,bce,0.48536539773507165
C02_mass_current,S0,temporal_only,4,auroc,0.7279439847526599
C02_mass_current,S0,temporal_only,4,auprc,0.5186120433571286
C02_mass_current,S0,temporal_only,4,surface_rmse,0.13267590338062468
C02_mass_current,S0,temporal_only,4,cf_rmse_age,0.11486202275053553
C02_mass_current,S0,temporal_only,4,cf_rmse_lag,0.11179242360097881
C02_mass_current,S0,temporal_only,4,delta_bce_beta0,0.0
C02_mass_current,S0,temporal_only,4,delta_bce_full_age_shuffle,0.005560631933251015
C02_mass_current,S0,temporal_only,4,delta_bce_gate_age_shuffle,0.0
C02_mass_current,S0,temporal_only,4,gate_signal_rmse,0.1092624259414281
C02_mass_current,S0,temporal_only,4,gate_signal_mae,0.07053166262694795
C02_mass_current,S0,temporal_only,4,gate_signal_correlation,0.8684828072473326
C02_mass_current,S0,temporal_only,4,beta_mean,0.0
C02_mass_current,S0,temporal_only,4,abs_beta_mean,0.0
C02_mass_current,S0,temporal_only,4,content_free_lambda_rmse,0.01537627172200662
C02_mass_current,S1,age_temporal,0,bce,0.4848349636549144
C02_mass_current,S1,age_temporal,0,auroc,0.7378912469061036
C02_mass_current,S1,age_temporal,0,auprc,0.5276207468039922
C02_mass_current,S1,age_temporal,0,surface_rmse,0.16829402134515245
C02_mass_current,S1,age_temporal,0,cf_rmse_age,0.1471505853099416
C02_mass_current,S1,age_temporal,0,cf_rmse_lag,0.14139150549710883
C02_mass_current,S1,age_temporal,0,delta_bce_beta0,5.505771819896976e-05
C02_mass_current,S1,age_temporal,0,delta_bce_full_age_shuffle,0.008212595584476512
C02_mass_current,S1,age_temporal,0,delta_bce_gate_age_shuffle,-4.901329216727701e-05
C02_mass_current,S1,age_temporal,0,gate_signal_rmse,0.06290377201602554
C02_mass_current,S1,age_temporal,0,gate_signal_mae,0.04664092501258114
C02_mass_current,S1,age_temporal,0,gate_signal_correlation,0.9544215302026449
C02_mass_current,S1,age_temporal,0,beta_mean,0.17438052594661713
C02_mass_current,S1,age_temporal,0,abs_beta_mean,0.17438052594661713
C02_mass_current,S1,age_temporal,0,content_free_lambda_rmse,0.06381030927003492
C02_mass_current,S1,age_temporal,1,bce,0.48383253996339487
C02_mass_current,S1,age_temporal,1,auroc,0.7406630480349146
C02_mass_current,S1,age_temporal,1,auprc,0.528234867369074
C02_mass_current,S1,age_temporal,1,surface_rmse,0.1612940550135339
C02_mass_current,S1,age_temporal,1,cf_rmse_age,0.14057188075989815
C02_mass_current,S1,age_temporal,1,cf_rmse_lag,0.11371357077714031
C02_mass_current,S1,age_temporal,1,delta_bce_beta0,2.000590222189791e-05
C02_mass_current,S1,age_temporal,1,delta_bce_full_age_shuffle,0.007250793259472699
C02_mass_current,S1,age_temporal,1,delta_bce_gate_age_shuffle,-0.0001237332769544186
C02_mass_current,S1,age_temporal,1,gate_signal_rmse,0.07574939991308391
C02_mass_current,S1,age_temporal,1,gate_signal_mae,0.05354457695192755
C02_mass_current,S1,age_temporal,1,gate_signal_correlation,0.9411903571646465
C02_mass_current,S1,age_temporal,1,beta_mean,0.1426100730895996
C02_mass_current,S1,age_temporal,1,abs_beta_mean,0.1426100730895996
C02_mass_current,S1,age_temporal,1,content_free_lambda_rmse,0.05081261424345778
C02_mass_current,S1,age_temporal,2,bce,0.48666257000840984
C02_mass_current,S1,age_temporal,2,auroc,0.7373847816239913
C02_mass_current,S1,age_temporal,2,auprc,0.5214467427128757
C02_mass_current,S1,age_temporal,2,surface_rmse,0.166112726289314
C02_mass_current,S1,age_temporal,2,cf_rmse_age,0.14273552396217565
C02_mass_current,S1,age_temporal,2,cf_rmse_lag,0.14725880689681198
C02_mass_current,S1,age_temporal,2,delta_bce_beta0,1.5137366347450776e-05
C02_mass_current,S1,age_temporal,2,delta_bce_full_age_shuffle,0.012920055914269701
C02_mass_current,S1,age_temporal,2,delta_bce_gate_age_shuffle,-1.2040865544016288e-05
C02_mass_current,S1,age_temporal,2,gate_signal_rmse,0.0546112084223144
C02_mass_current,S1,age_temporal,2,gate_signal_mae,0.04208399939829751
C02_mass_current,S1,age_temporal,2,gate_signal_correlation,0.9662965159727586
C02_mass_current,S1,age_temporal,2,beta_mean,0.12965328991413116
C02_mass_current,S1,age_temporal,2,abs_beta_mean,0.12965328991413116
C02_mass_current,S1,age_temporal,2,content_free_lambda_rmse,0.0601629706738002
C02_mass_current,S1,age_temporal,3,bce,0.4842450798162838
C02_mass_current,S1,age_temporal,3,auroc,0.7399131031639297
C02_mass_current,S1,age_temporal,3,auprc,0.527968370871002
C02_mass_current,S1,age_temporal,3,surface_rmse,0.13848361270816853
C02_mass_current,S1,age_temporal,3,cf_rmse_age,0.12087718272417483
C02_mass_current,S1,age_temporal,3,cf_rmse_lag,0.11561795141920904
C02_mass_current,S1,age_temporal,3,delta_bce_beta0,-2.8260279782421627e-06
C02_mass_current,S1,age_temporal,3,delta_bce_full_age_shuffle,0.01297859344942881
C02_mass_current,S1,age_temporal,3,delta_bce_gate_age_shuffle,-4.244901656275113e-05
C02_mass_current,S1,age_temporal,3,gate_signal_rmse,0.0602874653702689
C02_mass_current,S1,age_temporal,3,gate_signal_mae,0.044658988057044706
C02_mass_current,S1,age_temporal,3,gate_signal_correlation,0.9600796825476829
C02_mass_current,S1,age_temporal,3,beta_mean,0.0411185622215271
C02_mass_current,S1,age_temporal,3,abs_beta_mean,0.0411185622215271
C02_mass_current,S1,age_temporal,3,content_free_lambda_rmse,0.04301976061492979
C02_mass_current,S1,age_temporal,4,bce,0.4831434174363764
C02_mass_current,S1,age_temporal,4,auroc,0.7407537196683605
C02_mass_current,S1,age_temporal,4,auprc,0.5308978240865667
C02_mass_current,S1,age_temporal,4,surface_rmse,0.16666462959168568
C02_mass_current,S1,age_temporal,4,cf_rmse_age,0.14233568459883267
C02_mass_current,S1,age_temporal,4,cf_rmse_lag,0.1308439671122149
C02_mass_current,S1,age_temporal,4,delta_bce_beta0,1.8833064426238e-05
C02_mass_current,S1,age_temporal,4,delta_bce_full_age_shuffle,0.007969850502568876
C02_mass_current,S1,age_temporal,4,delta_bce_gate_age_shuffle,-1.2889820273420671e-05
C02_mass_current,S1,age_temporal,4,gate_signal_rmse,0.056861850573501974
C02_mass_current,S1,age_temporal,4,gate_signal_mae,0.04474143998029969
C02_mass_current,S1,age_temporal,4,gate_signal_correlation,0.9619063828020076
C02_mass_current,S1,age_temporal,4,beta_mean,0.13304734230041504
C02_mass_current,S1,age_temporal,4,abs_beta_mean,0.13304734230041504
C02_mass_current,S1,age_temporal,4,content_free_lambda_rmse,0.04377266015244078
C02_mass_current,S1,temporal_only,0,bce,0.4847818733647064
C02_mass_current,S1,temporal_only,0,auroc,0.7379123199221846
C02_mass_current,S1,temporal_only,0,auprc,0.5275535927459234
C02_mass_current,S1,temporal_only,0,surface_rmse,0.16532888044353544
C02_mass_current,S1,temporal_only,0,cf_rmse_age,0.14573622232349723
C02_mass_current,S1,temporal_only,0,cf_rmse_lag,0.1402220595213962
C02_mass_current,S1,temporal_only,0,delta_bce_beta0,0.0
C02_mass_current,S1,temporal_only,0,delta_bce_full_age_shuffle,0.008429434646305689
C02_mass_current,S1,temporal_only,0,delta_bce_gate_age_shuffle,0.0
C02_mass_current,S1,temporal_only,0,gate_signal_rmse,0.06057636425300229
C02_mass_current,S1,temporal_only,0,gate_signal_mae,0.0453781656550867
C02_mass_current,S1,temporal_only,0,gate_signal_correlation,0.9577049827648968
C02_mass_current,S1,temporal_only,0,beta_mean,0.0
C02_mass_current,S1,temporal_only,0,abs_beta_mean,0.0
C02_mass_current,S1,temporal_only,0,content_free_lambda_rmse,0.03240108680455666
C02_mass_current,S1,temporal_only,1,bce,0.4837882736341224
C02_mass_current,S1,temporal_only,1,auroc,0.7407596296505867
C02_mass_current,S1,temporal_only,1,auprc,0.5283263548243841
C02_mass_current,S1,temporal_only,1,surface_rmse,0.16052175423662376
C02_mass_current,S1,temporal_only,1,cf_rmse_age,0.13889144550587143
C02_mass_current,S1,temporal_only,1,cf_rmse_lag,0.1131033355991363
C02_mass_current,S1,temporal_only,1,delta_bce_beta0,0.0
C02_mass_current,S1,temporal_only,1,delta_bce_full_age_shuffle,0.007440835782626942
C02_mass_current,S1,temporal_only,1,delta_bce_gate_age_shuffle,0.0
C02_mass_current,S1,temporal_only,1,gate_signal_rmse,0.07353338300795563
C02_mass_current,S1,temporal_only,1,gate_signal_mae,0.05166531432752011
C02_mass_current,S1,temporal_only,1,gate_signal_correlation,0.9444387573051481
C02_mass_current,S1,temporal_only,1,beta_mean,0.0
C02_mass_current,S1,temporal_only,1,abs_beta_mean,0.0
C02_mass_current,S1,temporal_only,1,content_free_lambda_rmse,0.02444970798223001
C02_mass_current,S1,temporal_only,2,bce,0.48661088401376745
C02_mass_current,S1,temporal_only,2,auroc,0.7374219665800894
C02_mass_current,S1,temporal_only,2,auprc,0.5214765255708355
C02_mass_current,S1,temporal_only,2,surface_rmse,0.1636911859427221
C02_mass_current,S1,temporal_only,2,cf_rmse_age,0.1417690855850898
C02_mass_current,S1,temporal_only,2,cf_rmse_lag,0.14604931081409342
C02_mass_current,S1,temporal_only,2,delta_bce_beta0,0.0
C02_mass_current,S1,temporal_only,2,delta_bce_full_age_shuffle,0.013011519069729471
C02_mass_current,S1,temporal_only,2,delta_bce_gate_age_shuffle,0.0
C02_mass_current,S1,temporal_only,2,gate_signal_rmse,0.0535342356629692
C02_mass_current,S1,temporal_only,2,gate_signal_mae,0.04126310316141992
C02_mass_current,S1,temporal_only,2,gate_signal_correlation,0.9680292441612747
C02_mass_current,S1,temporal_only,2,beta_mean,0.0
C02_mass_current,S1,temporal_only,2,abs_beta_mean,0.0
C02_mass_current,S1,temporal_only,2,content_free_lambda_rmse,0.04369855117528421
C02_mass_current,S1,temporal_only,3,bce,0.4842056906039903
C02_mass_current,S1,temporal_only,3,auroc,0.7399807042121682
C02_mass_current,S1,temporal_only,3,auprc,0.5279828672560586
C02_mass_current,S1,temporal_only,3,surface_rmse,0.13785893559014178
C02_mass_current,S1,temporal_only,3,cf_rmse_age,0.12068356226635375
C02_mass_current,S1,temporal_only,3,cf_rmse_lag,0.11548401490881437
C02_mass_current,S1,temporal_only,3,delta_bce_beta0,0.0
C02_mass_current,S1,temporal_only,3,delta_bce_full_age_shuffle,0.01299739971273467
C02_mass_current,S1,temporal_only,3,delta_bce_gate_age_shuffle,0.0
C02_mass_current,S1,temporal_only,3,gate_signal_rmse,0.06018674453717979
C02_mass_current,S1,temporal_only,3,gate_signal_mae,0.04466502574252562
C02_mass_current,S1,temporal_only,3,gate_signal_correlation,0.9603774339835325
C02_mass_current,S1,temporal_only,3,beta_mean,0.0
C02_mass_current,S1,temporal_only,3,abs_beta_mean,0.0
C02_mass_current,S1,temporal_only,3,content_free_lambda_rmse,0.04121852111546975
C02_mass_current,S1,temporal_only,4,bce,0.48315872695696427
C02_mass_current,S1,temporal_only,4,auroc,0.7407354106456138
C02_mass_current,S1,temporal_only,4,auprc,0.5306782195719577
C02_mass_current,S1,temporal_only,4,surface_rmse,0.16655252289414935
C02_mass_current,S1,temporal_only,4,cf_rmse_age,0.14086449732418194
C02_mass_current,S1,temporal_only,4,cf_rmse_lag,0.13101970247802602
C02_mass_current,S1,temporal_only,4,delta_bce_beta0,0.0
C02_mass_current,S1,temporal_only,4,delta_bce_full_age_shuffle,0.008140089191677469
C02_mass_current,S1,temporal_only,4,delta_bce_gate_age_shuffle,0.0
C02_mass_current,S1,temporal_only,4,gate_signal_rmse,0.054973707367054064
C02_mass_current,S1,temporal_only,4,gate_signal_mae,0.04324667443014756
C02_mass_current,S1,temporal_only,4,gate_signal_correlation,0.9644937256068292
C02_mass_current,S1,temporal_only,4,beta_mean,0.0
C02_mass_current,S1,temporal_only,4,abs_beta_mean,0.0
C02_mass_current,S1,temporal_only,4,content_free_lambda_rmse,0.014413716313528835
C02_mass_current,S2,age_temporal,0,bce,0.4598885912187529
C02_mass_current,S2,age_temporal,0,auroc,0.7597573203098293
C02_mass_current,S2,age_temporal,0,auprc,0.5729520913486549
C02_mass_current,S2,age_temporal,0,surface_rmse,0.18433139059804066
C02_mass_current,S2,age_temporal,0,cf_rmse_age,0.1591889688930347
C02_mass_current,S2,age_temporal,0,cf_rmse_lag,0.15048276994208823
C02_mass_current,S2,age_temporal,0,delta_bce_beta0,0.0027585912975421345
C02_mass_current,S2,age_temporal,0,delta_bce_full_age_shuffle,0.012591466853939526
C02_mass_current,S2,age_temporal,0,delta_bce_gate_age_shuffle,0.003862600467244126
C02_mass_current,S2,age_temporal,0,gate_signal_rmse,0.2042549638272303
C02_mass_current,S2,age_temporal,0,gate_signal_mae,0.16587881855671907
C02_mass_current,S2,age_temporal,0,gate_signal_correlation,0.7270372990911489
C02_mass_current,S2,age_temporal,0,beta_mean,-0.5096620917320251
C02_mass_current,S2,age_temporal,0,abs_beta_mean,0.5096620917320251
C02_mass_current,S2,age_temporal,0,content_free_lambda_rmse,0.6588859071432787
C02_mass_current,S2,age_temporal,0,content_free_lambda_corr,0.9787792436571653
C02_mass_current,S2,age_temporal,1,bce,0.4630654634457875
C02_mass_current,S2,age_temporal,1,auroc,0.7561177342037628
C02_mass_current,S2,age_temporal,1,auprc,0.5668229398842
C02_mass_current,S2,age_temporal,1,surface_rmse,0.19195264924134797
C02_mass_current,S2,age_temporal,1,cf_rmse_age,0.15717180332450048
C02_mass_current,S2,age_temporal,1,cf_rmse_lag,0.15191470738284865
C02_mass_current,S2,age_temporal,1,delta_bce_beta0,0.002810117131747114
C02_mass_current,S2,age_temporal,1,delta_bce_full_age_shuffle,0.01131441913667458
C02_mass_current,S2,age_temporal,1,delta_bce_gate_age_shuffle,0.00399279064805691
C02_mass_current,S2,age_temporal,1,gate_signal_rmse,0.1990078038070786
C02_mass_current,S2,age_temporal,1,gate_signal_mae,0.1602954981076555
C02_mass_current,S2,age_temporal,1,gate_signal_correlation,0.7439532827738006
C02_mass_current,S2,age_temporal,1,beta_mean,-0.5682126879692078
C02_mass_current,S2,age_temporal,1,abs_beta_mean,0.5682126879692078
C02_mass_current,S2,age_temporal,1,content_free_lambda_rmse,0.6434552798775005
C02_mass_current,S2,age_temporal,1,content_free_lambda_corr,0.9803401480824977
C02_mass_current,S2,age_temporal,2,bce,0.4648406537572449
C02_mass_current,S2,age_temporal,2,auroc,0.7544221075956559
C02_mass_current,S2,age_temporal,2,auprc,0.5630914218763872
C02_mass_current,S2,age_temporal,2,surface_rmse,0.1609274658220404
C02_mass_current,S2,age_temporal,2,cf_rmse_age,0.17565106003784603
C02_mass_current,S2,age_temporal,2,cf_rmse_lag,0.13044408696719362
C02_mass_current,S2,age_temporal,2,delta_bce_beta0,0.006458759547836035
C02_mass_current,S2,age_temporal,2,delta_bce_full_age_shuffle,0.0196055534581272
C02_mass_current,S2,age_temporal,2,delta_bce_gate_age_shuffle,0.009327199722081403
C02_mass_current,S2,age_temporal,2,gate_signal_rmse,0.22587854593950124
C02_mass_current,S2,age_temporal,2,gate_signal_mae,0.1696698756033726
C02_mass_current,S2,age_temporal,2,gate_signal_correlation,0.680341422663794
C02_mass_current,S2,age_temporal,2,beta_mean,-0.7969513535499573
C02_mass_current,S2,age_temporal,2,abs_beta_mean,0.7969513535499573
C02_mass_current,S2,age_temporal,2,content_free_lambda_rmse,0.5773139157605294
C02_mass_current,S2,age_temporal,2,content_free_lambda_corr,0.9856919388228824
C02_mass_current,S2,age_temporal,3,bce,0.4652408270128628
C02_mass_current,S2,age_temporal,3,auroc,0.7538821451232793
C02_mass_current,S2,age_temporal,3,auprc,0.562419361356976
C02_mass_current,S2,age_temporal,3,surface_rmse,0.17894960818663283
C02_mass_current,S2,age_temporal,3,cf_rmse_age,0.17866585065085674
C02_mass_current,S2,age_temporal,3,cf_rmse_lag,0.14576064586725274
C02_mass_current,S2,age_temporal,3,delta_bce_beta0,0.0033794982651793037
C02_mass_current,S2,age_temporal,3,delta_bce_full_age_shuffle,0.017759468606713347
C02_mass_current,S2,age_temporal,3,delta_bce_gate_age_shuffle,0.004713395695657152
C02_mass_current,S2,age_temporal,3,gate_signal_rmse,0.2732743511273976
C02_mass_current,S2,age_temporal,3,gate_signal_mae,0.2118672638439757
C02_mass_current,S2,age_temporal,3,gate_signal_correlation,0.5829440568042705
C02_mass_current,S2,age_temporal,3,beta_mean,-0.6044527292251587
C02_mass_current,S2,age_temporal,3,abs_beta_mean,0.6044527292251587
C02_mass_current,S2,age_temporal,3,content_free_lambda_rmse,0.6341589340113082
C02_mass_current,S2,age_temporal,3,content_free_lambda_corr,0.9812855582416619
C02_mass_current,S2,age_temporal,4,bce,0.4642429047454913
C02_mass_current,S2,age_temporal,4,auroc,0.7547258804459774
C02_mass_current,S2,age_temporal,4,auprc,0.5646006675241635
C02_mass_current,S2,age_temporal,4,surface_rmse,0.18689046865055267
C02_mass_current,S2,age_temporal,4,cf_rmse_age,0.18748713132069092
C02_mass_current,S2,age_temporal,4,cf_rmse_lag,0.137842994232884
C02_mass_current,S2,age_temporal,4,delta_bce_beta0,0.003934621154472628
C02_mass_current,S2,age_temporal,4,delta_bce_full_age_shuffle,0.013019560003267538
C02_mass_current,S2,age_temporal,4,delta_bce_gate_age_shuffle,0.005865026269728069
C02_mass_current,S2,age_temporal,4,gate_signal_rmse,0.18612170359790442
C02_mass_current,S2,age_temporal,4,gate_signal_mae,0.15102582178452814
C02_mass_current,S2,age_temporal,4,gate_signal_correlation,0.780386840418483
C02_mass_current,S2,age_temporal,4,beta_mean,-0.6986468434333801
C02_mass_current,S2,age_temporal,4,abs_beta_mean,0.6986468434333801
C02_mass_current,S2,age_temporal,4,content_free_lambda_rmse,0.6206716774168427
C02_mass_current,S2,age_temporal,4,content_free_lambda_corr,0.9839570870809462
C02_mass_current,S2,temporal_only,0,bce,0.4622315209711649
C02_mass_current,S2,temporal_only,0,auroc,0.7576286238451961
C02_mass_current,S2,temporal_only,0,auprc,0.5676733123651903
C02_mass_current,S2,temporal_only,0,surface_rmse,0.20572938747704517
C02_mass_current,S2,temporal_only,0,cf_rmse_age,0.15923105525152037
C02_mass_current,S2,temporal_only,0,cf_rmse_lag,0.16281247725061118
C02_mass_current,S2,temporal_only,0,delta_bce_beta0,0.0
C02_mass_current,S2,temporal_only,0,delta_bce_full_age_shuffle,0.008743877578133608
C02_mass_current,S2,temporal_only,0,delta_bce_gate_age_shuffle,0.0
C02_mass_current,S2,temporal_only,0,gate_signal_rmse,0.2634991893273322
C02_mass_current,S2,temporal_only,0,gate_signal_mae,0.22048483441451414
C02_mass_current,S2,temporal_only,0,gate_signal_correlation,0.5051472044047793
C02_mass_current,S2,temporal_only,0,beta_mean,0.0
C02_mass_current,S2,temporal_only,0,abs_beta_mean,0.0
C02_mass_current,S2,temporal_only,0,content_free_lambda_rmse,0.8152700622730306
C02_mass_current,S2,temporal_only,1,bce,0.4653032700159708
C02_mass_current,S2,temporal_only,1,auroc,0.7540796355845281
C02_mass_current,S2,temporal_only,1,auprc,0.5621399703339884
C02_mass_current,S2,temporal_only,1,surface_rmse,0.21124778733519373
C02_mass_current,S2,temporal_only,1,cf_rmse_age,0.1585508173473513
C02_mass_current,S2,temporal_only,1,cf_rmse_lag,0.16517756705273756
C02_mass_current,S2,temporal_only,1,delta_bce_beta0,0.0
C02_mass_current,S2,temporal_only,1,delta_bce_full_age_shuffle,0.006802052349461796
C02_mass_current,S2,temporal_only,1,delta_bce_gate_age_shuffle,0.0
C02_mass_current,S2,temporal_only,1,gate_signal_rmse,0.2630235586483907
C02_mass_current,S2,temporal_only,1,gate_signal_mae,0.21894930927502687
C02_mass_current,S2,temporal_only,1,gate_signal_correlation,0.5069464899680611
C02_mass_current,S2,temporal_only,1,beta_mean,0.0
C02_mass_current,S2,temporal_only,1,abs_beta_mean,0.0
C02_mass_current,S2,temporal_only,1,content_free_lambda_rmse,0.8165522095028982
C02_mass_current,S2,temporal_only,2,bce,0.4680326798176157
C02_mass_current,S2,temporal_only,2,auroc,0.7515080958320913
C02_mass_current,S2,temporal_only,2,auprc,0.5551726334575398
C02_mass_current,S2,temporal_only,2,surface_rmse,0.20772110047256329
C02_mass_current,S2,temporal_only,2,cf_rmse_age,0.18538987973867083
C02_mass_current,S2,temporal_only,2,cf_rmse_lag,0.1538709994889705
C02_mass_current,S2,temporal_only,2,delta_bce_beta0,0.0
C02_mass_current,S2,temporal_only,2,delta_bce_full_age_shuffle,0.010924159769893582
C02_mass_current,S2,temporal_only,2,delta_bce_gate_age_shuffle,0.0
C02_mass_current,S2,temporal_only,2,gate_signal_rmse,0.2677340244582361
C02_mass_current,S2,temporal_only,2,gate_signal_mae,0.2227014082256404
C02_mass_current,S2,temporal_only,2,gate_signal_correlation,0.49177169136345794
C02_mass_current,S2,temporal_only,2,beta_mean,0.0
C02_mass_current,S2,temporal_only,2,abs_beta_mean,0.0
C02_mass_current,S2,temporal_only,2,content_free_lambda_rmse,0.8185873170799772
C02_mass_current,S2,temporal_only,3,bce,0.46730534778691846
C02_mass_current,S2,temporal_only,3,auroc,0.7516647403106183
C02_mass_current,S2,temporal_only,3,auprc,0.5576151926834684
C02_mass_current,S2,temporal_only,3,surface_rmse,0.20666159629464606
C02_mass_current,S2,temporal_only,3,cf_rmse_age,0.17433332440659277
C02_mass_current,S2,temporal_only,3,cf_rmse_lag,0.16084086970361042
C02_mass_current,S2,temporal_only,3,delta_bce_beta0,0.0
C02_mass_current,S2,temporal_only,3,delta_bce_full_age_shuffle,0.01242941156751437
C02_mass_current,S2,temporal_only,3,delta_bce_gate_age_shuffle,0.0
C02_mass_current,S2,temporal_only,3,gate_signal_rmse,0.28069506016930557
C02_mass_current,S2,temporal_only,3,gate_signal_mae,0.23665790837355863
C02_mass_current,S2,temporal_only,3,gate_signal_correlation,0.46885522568731014
C02_mass_current,S2,temporal_only,3,beta_mean,0.0
C02_mass_current,S2,temporal_only,3,abs_beta_mean,0.0
C02_mass_current,S2,temporal_only,3,content_free_lambda_rmse,0.8175424423910648
C02_mass_current,S2,temporal_only,4,bce,0.4665175373763475
C02_mass_current,S2,temporal_only,4,auroc,0.7526372359340424
C02_mass_current,S2,temporal_only,4,auprc,0.5600404085528712
C02_mass_current,S2,temporal_only,4,surface_rmse,0.21281040615121527
C02_mass_current,S2,temporal_only,4,cf_rmse_age,0.18161783404173326
C02_mass_current,S2,temporal_only,4,cf_rmse_lag,0.15230609424822608
C02_mass_current,S2,temporal_only,4,delta_bce_beta0,0.0
C02_mass_current,S2,temporal_only,4,delta_bce_full_age_shuffle,0.007853762665482544
C02_mass_current,S2,temporal_only,4,delta_bce_gate_age_shuffle,0.0
C02_mass_current,S2,temporal_only,4,gate_signal_rmse,0.26474956674065303
C02_mass_current,S2,temporal_only,4,gate_signal_mae,0.22209271154742705
C02_mass_current,S2,temporal_only,4,gate_signal_correlation,0.5007594158860925
C02_mass_current,S2,temporal_only,4,beta_mean,0.0
C02_mass_current,S2,temporal_only,4,abs_beta_mean,0.0
C02_mass_current,S2,temporal_only,4,content_free_lambda_rmse,0.8257403608727955
C02_mass_current,S3,age_temporal,0,bce,0.4935965362485666
C02_mass_current,S3,age_temporal,0,auroc,0.728576528828799
C02_mass_current,S3,age_temporal,0,auprc,0.5137124562334668
C02_mass_current,S3,age_temporal,0,surface_rmse,0.1341685944495261
C02_mass_current,S3,age_temporal,0,cf_rmse_age,0.11307033473400005
C02_mass_current,S3,age_temporal,0,cf_rmse_lag,0.1002912569394441
C02_mass_current,S3,age_temporal,0,delta_bce_beta0,0.001322970569675841
C02_mass_current,S3,age_temporal,0,delta_bce_full_age_shuffle,0.012709903859856042
C02_mass_current,S3,age_temporal,0,delta_bce_gate_age_shuffle,0.002749498441932785
C02_mass_current,S3,age_temporal,0,gate_signal_rmse,0.23539072857466178
C02_mass_current,S3,age_temporal,0,gate_signal_mae,0.17767256967137762
C02_mass_current,S3,age_temporal,0,gate_signal_correlation,0.6401068581786427
C02_mass_current,S3,age_temporal,0,beta_mean,0.5971036553382874
C02_mass_current,S3,age_temporal,0,abs_beta_mean,0.5971036553382874
C02_mass_current,S3,age_temporal,0,content_free_lambda_rmse,0.6364711693373488
C02_mass_current,S3,age_temporal,0,content_free_lambda_corr,0.9811090272960654
C02_mass_current,S3,age_temporal,1,bce,0.4910743700268243
C02_mass_current,S3,age_temporal,1,auroc,0.7303556875877447
C02_mass_current,S3,age_temporal,1,auprc,0.5219736143376378
C02_mass_current,S3,age_temporal,1,surface_rmse,0.13615576765207818
C02_mass_current,S3,age_temporal,1,cf_rmse_age,0.12615694609531608
C02_mass_current,S3,age_temporal,1,cf_rmse_lag,0.09391232229654697
C02_mass_current,S3,age_temporal,1,delta_bce_beta0,0.001935506565706402
C02_mass_current,S3,age_temporal,1,delta_bce_full_age_shuffle,0.010939842110285092
C02_mass_current,S3,age_temporal,1,delta_bce_gate_age_shuffle,0.0034069047219753568
C02_mass_current,S3,age_temporal,1,gate_signal_rmse,0.22237481228975595
C02_mass_current,S3,age_temporal,1,gate_signal_mae,0.16740934028925947
C02_mass_current,S3,age_temporal,1,gate_signal_correlation,0.6693307142751624
C02_mass_current,S3,age_temporal,1,beta_mean,0.6276776194572449
C02_mass_current,S3,age_temporal,1,abs_beta_mean,0.6276776194572449
C02_mass_current,S3,age_temporal,1,content_free_lambda_rmse,0.6318614904025278
C02_mass_current,S3,age_temporal,1,content_free_lambda_corr,0.9819928583322601
C02_mass_current,S3,age_temporal,2,bce,0.4930664740353852
C02_mass_current,S3,age_temporal,2,auroc,0.7285977027713926
C02_mass_current,S3,age_temporal,2,auprc,0.515806351982941
C02_mass_current,S3,age_temporal,2,surface_rmse,0.13849124813206004
C02_mass_current,S3,age_temporal,2,cf_rmse_age,0.12193205775200348
C02_mass_current,S3,age_temporal,2,cf_rmse_lag,0.11113139941696387
C02_mass_current,S3,age_temporal,2,delta_bce_beta0,0.0023292429077154675
C02_mass_current,S3,age_temporal,2,delta_bce_full_age_shuffle,0.01544321897347739
C02_mass_current,S3,age_temporal,2,delta_bce_gate_age_shuffle,0.003469144698351634
C02_mass_current,S3,age_temporal,2,gate_signal_rmse,0.21724546676905726
C02_mass_current,S3,age_temporal,2,gate_signal_mae,0.1668026329906116
C02_mass_current,S3,age_temporal,2,gate_signal_correlation,0.6855997843282452
C02_mass_current,S3,age_temporal,2,beta_mean,0.6618631482124329
C02_mass_current,S3,age_temporal,2,abs_beta_mean,0.6618631482124329
C02_mass_current,S3,age_temporal,2,content_free_lambda_rmse,0.6239270631065307
C02_mass_current,S3,age_temporal,2,content_free_lambda_corr,0.982874895577478
C02_mass_current,S3,age_temporal,3,bce,0.49420540692103954
C02_mass_current,S3,age_temporal,3,auroc,0.7292926413074764
C02_mass_current,S3,age_temporal,3,auprc,0.5116089602996806
C02_mass_current,S3,age_temporal,3,surface_rmse,0.1533860526817138
C02_mass_current,S3,age_temporal,3,cf_rmse_age,0.1537330778363543
C02_mass_current,S3,age_temporal,3,cf_rmse_lag,0.10760434587232186
C02_mass_current,S3,age_temporal,3,delta_bce_beta0,0.001719037402924506
C02_mass_current,S3,age_temporal,3,delta_bce_full_age_shuffle,0.01165630062044154
C02_mass_current,S3,age_temporal,3,delta_bce_gate_age_shuffle,0.003144776868285848
C02_mass_current,S3,age_temporal,3,gate_signal_rmse,0.2447482650119937
C02_mass_current,S3,age_temporal,3,gate_signal_mae,0.18560057905511795
C02_mass_current,S3,age_temporal,3,gate_signal_correlation,0.6244545958231226
C02_mass_current,S3,age_temporal,3,beta_mean,0.6071552634239197
C02_mass_current,S3,age_temporal,3,abs_beta_mean,0.6071552634239197
C02_mass_current,S3,age_temporal,3,content_free_lambda_rmse,0.6398287805203636
C02_mass_current,S3,age_temporal,3,content_free_lambda_corr,0.9815511225568047
C02_mass_current,S3,age_temporal,4,bce,0.4915349024257906
C02_mass_current,S3,age_temporal,4,auroc,0.7316661314828905
C02_mass_current,S3,age_temporal,4,auprc,0.5203663629217306
C02_mass_current,S3,age_temporal,4,surface_rmse,0.15207776489102132
C02_mass_current,S3,age_temporal,4,cf_rmse_age,0.13679118427761014
C02_mass_current,S3,age_temporal,4,cf_rmse_lag,0.1069796628454557
C02_mass_current,S3,age_temporal,4,delta_bce_beta0,0.0014813107185485674
C02_mass_current,S3,age_temporal,4,delta_bce_full_age_shuffle,0.011784461976521443
C02_mass_current,S3,age_temporal,4,delta_bce_gate_age_shuffle,0.0022836159225837482
C02_mass_current,S3,age_temporal,4,gate_signal_rmse,0.23520961965188472
C02_mass_current,S3,age_temporal,4,gate_signal_mae,0.1793144675634764
C02_mass_current,S3,age_temporal,4,gate_signal_correlation,0.6427942887005575
C02_mass_current,S3,age_temporal,4,beta_mean,0.5698363184928894
C02_mass_current,S3,age_temporal,4,abs_beta_mean,0.5698363184928894
C02_mass_current,S3,age_temporal,4,content_free_lambda_rmse,0.6557347759234766
C02_mass_current,S3,age_temporal,4,content_free_lambda_corr,0.9807680720203505
C02_mass_current,S3,temporal_only,0,bce,0.49445526908580895
C02_mass_current,S3,temporal_only,0,auroc,0.7271245473400437
C02_mass_current,S3,temporal_only,0,auprc,0.5114227578507339
C02_mass_current,S3,temporal_only,0,surface_rmse,0.14226176064225743
C02_mass_current,S3,temporal_only,0,cf_rmse_age,0.11462451277058854
C02_mass_current,S3,temporal_only,0,cf_rmse_lag,0.1081184172011831
C02_mass_current,S3,temporal_only,0,delta_bce_beta0,0.0
C02_mass_current,S3,temporal_only,0,delta_bce_full_age_shuffle,0.00952410602673992
C02_mass_current,S3,temporal_only,0,delta_bce_gate_age_shuffle,0.0
C02_mass_current,S3,temporal_only,0,gate_signal_rmse,0.2702155280127229
C02_mass_current,S3,temporal_only,0,gate_signal_mae,0.21995053472454149
C02_mass_current,S3,temporal_only,0,gate_signal_correlation,0.48524751398967403
C02_mass_current,S3,temporal_only,0,beta_mean,0.0
C02_mass_current,S3,temporal_only,0,abs_beta_mean,0.0
C02_mass_current,S3,temporal_only,0,content_free_lambda_rmse,0.8181208844433925
C02_mass_current,S3,temporal_only,1,bce,0.49252540450571575
C02_mass_current,S3,temporal_only,1,auroc,0.7288898057775958
C02_mass_current,S3,temporal_only,1,auprc,0.51812701821936
C02_mass_current,S3,temporal_only,1,surface_rmse,0.14635127596541833
C02_mass_current,S3,temporal_only,1,cf_rmse_age,0.12925929553463847
C02_mass_current,S3,temporal_only,1,cf_rmse_lag,0.09704900508523732
C02_mass_current,S3,temporal_only,1,delta_bce_beta0,0.0
C02_mass_current,S3,temporal_only,1,delta_bce_full_age_shuffle,0.0075374025359305485
C02_mass_current,S3,temporal_only,1,delta_bce_gate_age_shuffle,0.0
C02_mass_current,S3,temporal_only,1,gate_signal_rmse,0.26340078213055995
C02_mass_current,S3,temporal_only,1,gate_signal_mae,0.21541170082413308
C02_mass_current,S3,temporal_only,1,gate_signal_correlation,0.5002825028383279
C02_mass_current,S3,temporal_only,1,beta_mean,0.0
C02_mass_current,S3,temporal_only,1,abs_beta_mean,0.0
C02_mass_current,S3,temporal_only,1,content_free_lambda_rmse,0.8202483071268784
C02_mass_current,S3,temporal_only,2,bce,0.4946015254032027
C02_mass_current,S3,temporal_only,2,auroc,0.7269172079461186
C02_mass_current,S3,temporal_only,2,auprc,0.5104377508445281
C02_mass_current,S3,temporal_only,2,surface_rmse,0.1471846612457044
C02_mass_current,S3,temporal_only,2,cf_rmse_age,0.12294297594023718
C02_mass_current,S3,temporal_only,2,cf_rmse_lag,0.11365201742444617
C02_mass_current,S3,temporal_only,2,delta_bce_beta0,0.0
C02_mass_current,S3,temporal_only,2,delta_bce_full_age_shuffle,0.011652434612738016
C02_mass_current,S3,temporal_only,2,delta_bce_gate_age_shuffle,0.0
C02_mass_current,S3,temporal_only,2,gate_signal_rmse,0.265434077363235
C02_mass_current,S3,temporal_only,2,gate_signal_mae,0.21714151135666065
C02_mass_current,S3,temporal_only,2,gate_signal_correlation,0.49663666574892806
C02_mass_current,S3,temporal_only,2,beta_mean,0.0
C02_mass_current,S3,temporal_only,2,abs_beta_mean,0.0
C02_mass_current,S3,temporal_only,2,content_free_lambda_rmse,0.8216320494868857
C02_mass_current,S3,temporal_only,3,bce,0.4946534398522574
C02_mass_current,S3,temporal_only,3,auroc,0.7281412527545328
C02_mass_current,S3,temporal_only,3,auprc,0.5104999753025721
C02_mass_current,S3,temporal_only,3,surface_rmse,0.16077876476566866
C02_mass_current,S3,temporal_only,3,cf_rmse_age,0.15541810636782208
C02_mass_current,S3,temporal_only,3,cf_rmse_lag,0.10610574600642915
C02_mass_current,S3,temporal_only,3,delta_bce_beta0,0.0
C02_mass_current,S3,temporal_only,3,delta_bce_full_age_shuffle,0.008884211346145698
C02_mass_current,S3,temporal_only,3,delta_bce_gate_age_shuffle,0.0
C02_mass_current,S3,temporal_only,3,gate_signal_rmse,0.2672078816083352
C02_mass_current,S3,temporal_only,3,gate_signal_mae,0.21897892591622664
C02_mass_current,S3,temporal_only,3,gate_signal_correlation,0.4939216741784789
C02_mass_current,S3,temporal_only,3,beta_mean,0.0
C02_mass_current,S3,temporal_only,3,abs_beta_mean,0.0
C02_mass_current,S3,temporal_only,3,content_free_lambda_rmse,0.8210495243747337
C02_mass_current,S3,temporal_only,4,bce,0.49221011528138175
C02_mass_current,S3,temporal_only,4,auroc,0.731111683836766
C02_mass_current,S3,temporal_only,4,auprc,0.517876133064272
C02_mass_current,S3,temporal_only,4,surface_rmse,0.16189745309834633
C02_mass_current,S3,temporal_only,4,cf_rmse_age,0.141012301134149
C02_mass_current,S3,temporal_only,4,cf_rmse_lag,0.1091764260692531
C02_mass_current,S3,temporal_only,4,delta_bce_beta0,0.0
C02_mass_current,S3,temporal_only,4,delta_bce_full_age_shuffle,0.008954630293326049
C02_mass_current,S3,temporal_only,4,delta_bce_gate_age_shuffle,0.0
C02_mass_current,S3,temporal_only,4,gate_signal_rmse,0.2708530868216705
C02_mass_current,S3,temporal_only,4,gate_signal_mae,0.22172943138417575
C02_mass_current,S3,temporal_only,4,gate_signal_correlation,0.49038343265184664
C02_mass_current,S3,temporal_only,4,beta_mean,0.0
C02_mass_current,S3,temporal_only,4,abs_beta_mean,0.0
C02_mass_current,S3,temporal_only,4,content_free_lambda_rmse,0.8232617665335655
C03_weak_lambda_init,S0,age_temporal,0,bce,0.4824724758568397
C03_weak_lambda_init,S0,age_temporal,0,auroc,0.7290638273685808
C03_weak_lambda_init,S0,age_temporal,0,auprc,0.5257985766720946
C03_weak_lambda_init,S0,age_temporal,0,surface_rmse,0.14305269867335366
C03_weak_lambda_init,S0,age_temporal,0,cf_rmse_age,0.1187296304428634
C03_weak_lambda_init,S0,age_temporal,0,cf_rmse_lag,0.1128963457837204
C03_weak_lambda_init,S0,age_temporal,0,delta_bce_beta0,4.206155267916234e-05
C03_weak_lambda_init,S0,age_temporal,0,delta_bce_full_age_shuffle,0.006051717268378776
C03_weak_lambda_init,S0,age_temporal,0,delta_bce_gate_age_shuffle,8.964478564310596e-05
C03_weak_lambda_init,S0,age_temporal,0,gate_signal_rmse,0.07904223916233277
C03_weak_lambda_init,S0,age_temporal,0,gate_signal_mae,0.050534898918425046
C03_weak_lambda_init,S0,age_temporal,0,gate_signal_correlation,0.9398025144963271
C03_weak_lambda_init,S0,age_temporal,0,beta_mean,0.049416687339544296
C03_weak_lambda_init,S0,age_temporal,0,abs_beta_mean,0.049416687339544296
C03_weak_lambda_init,S0,age_temporal,0,content_free_lambda_rmse,0.5842839736287805
C03_weak_lambda_init,S0,age_temporal,1,bce,0.4823873093368642
C03_weak_lambda_init,S0,age_temporal,1,auroc,0.7302248814556249
C03_weak_lambda_init,S0,age_temporal,1,auprc,0.5260311927583229
C03_weak_lambda_init,S0,age_temporal,1,surface_rmse,0.15345349676543882
C03_weak_lambda_init,S0,age_temporal,1,cf_rmse_age,0.12966138794683937
C03_weak_lambda_init,S0,age_temporal,1,cf_rmse_lag,0.11883629924426126
C03_weak_lambda_init,S0,age_temporal,1,delta_bce_beta0,-1.7573379062552075e-05
C03_weak_lambda_init,S0,age_temporal,1,delta_bce_full_age_shuffle,0.004316163055386457
C03_weak_lambda_init,S0,age_temporal,1,delta_bce_gate_age_shuffle,5.282799607209121e-06
C03_weak_lambda_init,S0,age_temporal,1,gate_signal_rmse,0.08396506504047462
C03_weak_lambda_init,S0,age_temporal,1,gate_signal_mae,0.05144094282077232
C03_weak_lambda_init,S0,age_temporal,1,gate_signal_correlation,0.9260897875448725
C03_weak_lambda_init,S0,age_temporal,1,beta_mean,0.027584804221987724
C03_weak_lambda_init,S0,age_temporal,1,abs_beta_mean,0.027584804221987724
C03_weak_lambda_init,S0,age_temporal,1,content_free_lambda_rmse,0.5836946765235614
C03_weak_lambda_init,S0,age_temporal,2,bce,0.48159762582155674
C03_weak_lambda_init,S0,age_temporal,2,auroc,0.7314054721991545
C03_weak_lambda_init,S0,age_temporal,2,auprc,0.5273290773040498
C03_weak_lambda_init,S0,age_temporal,2,surface_rmse,0.17297987579888693
C03_weak_lambda_init,S0,age_temporal,2,cf_rmse_age,0.1400674299821364
C03_weak_lambda_init,S0,age_temporal,2,cf_rmse_lag,0.13566557510148675
C03_weak_lambda_init,S0,age_temporal,2,delta_bce_beta0,-2.6744023436386932e-06
C03_weak_lambda_init,S0,age_temporal,2,delta_bce_full_age_shuffle,0.007324509076565566
C03_weak_lambda_init,S0,age_temporal,2,delta_bce_gate_age_shuffle,2.1328852077284743e-06
C03_weak_lambda_init,S0,age_temporal,2,gate_signal_rmse,0.07727707126144973
C03_weak_lambda_init,S0,age_temporal,2,gate_signal_mae,0.04952524700093159
C03_weak_lambda_init,S0,age_temporal,2,gate_signal_correlation,0.9357111375766558
C03_weak_lambda_init,S0,age_temporal,2,beta_mean,0.00417720852419734
C03_weak_lambda_init,S0,age_temporal,2,abs_beta_mean,0.00417720852419734
C03_weak_lambda_init,S0,age_temporal,2,content_free_lambda_rmse,0.5838421259501184
C03_weak_lambda_init,S0,age_temporal,3,bce,0.48132958323165764
C03_weak_lambda_init,S0,age_temporal,3,auroc,0.7331839090672372
C03_weak_lambda_init,S0,age_temporal,3,auprc,0.5294164174154408
C03_weak_lambda_init,S0,age_temporal,3,surface_rmse,0.1628670997445647
C03_weak_lambda_init,S0,age_temporal,3,cf_rmse_age,0.1500899228602547
C03_weak_lambda_init,S0,age_temporal,3,cf_rmse_lag,0.12327380601551337
C03_weak_lambda_init,S0,age_temporal,3,delta_bce_beta0,1.324509927963513e-05
C03_weak_lambda_init,S0,age_temporal,3,delta_bce_full_age_shuffle,0.007073576645878543
C03_weak_lambda_init,S0,age_temporal,3,delta_bce_gate_age_shuffle,7.50888239731129e-05
C03_weak_lambda_init,S0,age_temporal,3,gate_signal_rmse,0.09357686513017763
C03_weak_lambda_init,S0,age_temporal,3,gate_signal_mae,0.054525762100443805
C03_weak_lambda_init,S0,age_temporal,3,gate_signal_correlation,0.9086545704802999
C03_weak_lambda_init,S0,age_temporal,3,beta_mean,0.03677166625857353
C03_weak_lambda_init,S0,age_temporal,3,abs_beta_mean,0.03677166625857353
C03_weak_lambda_init,S0,age_temporal,3,content_free_lambda_rmse,0.5833478567035862
C03_weak_lambda_init,S0,age_temporal,4,bce,0.48315926249333574
C03_weak_lambda_init,S0,age_temporal,4,auroc,0.7281255375940496
C03_weak_lambda_init,S0,age_temporal,4,auprc,0.5222913173419333
C03_weak_lambda_init,S0,age_temporal,4,surface_rmse,0.15898887753667812
C03_weak_lambda_init,S0,age_temporal,4,cf_rmse_age,0.1275566779730768
C03_weak_lambda_init,S0,age_temporal,4,cf_rmse_lag,0.12484837877948617
C03_weak_lambda_init,S0,age_temporal,4,delta_bce_beta0,4.433442163387369e-08
C03_weak_lambda_init,S0,age_temporal,4,delta_bce_full_age_shuffle,0.0070684230281118365
C03_weak_lambda_init,S0,age_temporal,4,delta_bce_gate_age_shuffle,-1.9629335470949805e-06
C03_weak_lambda_init,S0,age_temporal,4,gate_signal_rmse,0.11505158501511732
C03_weak_lambda_init,S0,age_temporal,4,gate_signal_mae,0.06385032837381574
C03_weak_lambda_init,S0,age_temporal,4,gate_signal_correlation,0.8750792193576074
C03_weak_lambda_init,S0,age_temporal,4,beta_mean,-0.0021175313740968704
C03_weak_lambda_init,S0,age_temporal,4,abs_beta_mean,0.0021175313740968704
C03_weak_lambda_init,S0,age_temporal,4,content_free_lambda_rmse,0.5852172390483311
C03_weak_lambda_init,S0,temporal_only,0,bce,0.48251093720628424
C03_weak_lambda_init,S0,temporal_only,0,auroc,0.7290316743571938
C03_weak_lambda_init,S0,temporal_only,0,auprc,0.5257577686655359
C03_weak_lambda_init,S0,temporal_only,0,surface_rmse,0.1426346447617215
C03_weak_lambda_init,S0,temporal_only,0,cf_rmse_age,0.11857220776952737
C03_weak_lambda_init,S0,temporal_only,0,cf_rmse_lag,0.11253442873878158
C03_weak_lambda_init,S0,temporal_only,0,delta_bce_beta0,0.0
C03_weak_lambda_init,S0,temporal_only,0,delta_bce_full_age_shuffle,0.0060729194580260715
C03_weak_lambda_init,S0,temporal_only,0,delta_bce_gate_age_shuffle,0.0
C03_weak_lambda_init,S0,temporal_only,0,gate_signal_rmse,0.07888667680541855
C03_weak_lambda_init,S0,temporal_only,0,gate_signal_mae,0.05036411599141172
C03_weak_lambda_init,S0,temporal_only,0,gate_signal_correlation,0.9401319739360815
C03_weak_lambda_init,S0,temporal_only,0,beta_mean,0.0
C03_weak_lambda_init,S0,temporal_only,0,abs_beta_mean,0.0
C03_weak_lambda_init,S0,temporal_only,0,content_free_lambda_rmse,0.5842371936467411
C03_weak_lambda_init,S0,temporal_only,1,bce,0.4824209933221815
C03_weak_lambda_init,S0,temporal_only,1,auroc,0.7301555831390175
C03_weak_lambda_init,S0,temporal_only,1,auprc,0.5259185284523372
C03_weak_lambda_init,S0,temporal_only,1,surface_rmse,0.1535164439681296
C03_weak_lambda_init,S0,temporal_only,1,cf_rmse_age,0.1300785691258056
C03_weak_lambda_init,S0,temporal_only,1,cf_rmse_lag,0.11922605091215381
C03_weak_lambda_init,S0,temporal_only,1,delta_bce_beta0,0.0
C03_weak_lambda_init,S0,temporal_only,1,delta_bce_full_age_shuffle,0.004307591939007538
C03_weak_lambda_init,S0,temporal_only,1,delta_bce_gate_age_shuffle,0.0
C03_weak_lambda_init,S0,temporal_only,1,gate_signal_rmse,0.08418885233877314
C03_weak_lambda_init,S0,temporal_only,1,gate_signal_mae,0.051522553575568744
C03_weak_lambda_init,S0,temporal_only,1,gate_signal_correlation,0.9257785268626141
C03_weak_lambda_init,S0,temporal_only,1,beta_mean,0.0
C03_weak_lambda_init,S0,temporal_only,1,abs_beta_mean,0.0
C03_weak_lambda_init,S0,temporal_only,1,content_free_lambda_rmse,0.5836152713325741
C03_weak_lambda_init,S0,temporal_only,2,bce,0.4816225147415186
C03_weak_lambda_init,S0,temporal_only,2,auroc,0.7313519351626387
C03_weak_lambda_init,S0,temporal_only,2,auprc,0.5272888638100636
C03_weak_lambda_init,S0,temporal_only,2,surface_rmse,0.1731404399155523
C03_weak_lambda_init,S0,temporal_only,2,cf_rmse_age,0.14023525738135903
C03_weak_lambda_init,S0,temporal_only,2,cf_rmse_lag,0.13583621255901057
C03_weak_lambda_init,S0,temporal_only,2,delta_bce_beta0,0.0
C03_weak_lambda_init,S0,temporal_only,2,delta_bce_full_age_shuffle,0.0073090772542641624
C03_weak_lambda_init,S0,temporal_only,2,delta_bce_gate_age_shuffle,0.0
C03_weak_lambda_init,S0,temporal_only,2,gate_signal_rmse,0.0773005274235868
C03_weak_lambda_init,S0,temporal_only,2,gate_signal_mae,0.049517883176428724
C03_weak_lambda_init,S0,temporal_only,2,gate_signal_correlation,0.9356658567565894
C03_weak_lambda_init,S0,temporal_only,2,beta_mean,0.0
C03_weak_lambda_init,S0,temporal_only,2,abs_beta_mean,0.0
C03_weak_lambda_init,S0,temporal_only,2,content_free_lambda_rmse,0.5838380958464863
C03_weak_lambda_init,S0,temporal_only,3,bce,0.4813942286717858
C03_weak_lambda_init,S0,temporal_only,3,auroc,0.7331377272947642
C03_weak_lambda_init,S0,temporal_only,3,auprc,0.5293746116256881
C03_weak_lambda_init,S0,temporal_only,3,surface_rmse,0.16165209247587276
C03_weak_lambda_init,S0,temporal_only,3,cf_rmse_age,0.1472347921854709
C03_weak_lambda_init,S0,temporal_only,3,cf_rmse_lag,0.1220229314931968
C03_weak_lambda_init,S0,temporal_only,3,delta_bce_beta0,0.0
C03_weak_lambda_init,S0,temporal_only,3,delta_bce_full_age_shuffle,0.006991071069798682
C03_weak_lambda_init,S0,temporal_only,3,delta_bce_gate_age_shuffle,0.0
C03_weak_lambda_init,S0,temporal_only,3,gate_signal_rmse,0.0930873109169439
C03_weak_lambda_init,S0,temporal_only,3,gate_signal_mae,0.054243676035558734
C03_weak_lambda_init,S0,temporal_only,3,gate_signal_correlation,0.9098833108512275
C03_weak_lambda_init,S0,temporal_only,3,beta_mean,0.0
C03_weak_lambda_init,S0,temporal_only,3,abs_beta_mean,0.0
C03_weak_lambda_init,S0,temporal_only,3,content_free_lambda_rmse,0.5832561831501246
C03_weak_lambda_init,S0,temporal_only,4,bce,0.4831492361722606
C03_weak_lambda_init,S0,temporal_only,4,auroc,0.7281377434225857
C03_weak_lambda_init,S0,temporal_only,4,auprc,0.5222919910792979
C03_weak_lambda_init,S0,temporal_only,4,surface_rmse,0.15905176352706246
C03_weak_lambda_init,S0,temporal_only,4,cf_rmse_age,0.12791288768924514
C03_weak_lambda_init,S0,temporal_only,4,cf_rmse_lag,0.12502838222406565
C03_weak_lambda_init,S0,temporal_only,4,delta_bce_beta0,0.0
C03_weak_lambda_init,S0,temporal_only,4,delta_bce_full_age_shuffle,0.007058755723061805
C03_weak_lambda_init,S0,temporal_only,4,delta_bce_gate_age_shuffle,0.0
C03_weak_lambda_init,S0,temporal_only,4,gate_signal_rmse,0.11464981696154805
C03_weak_lambda_init,S0,temporal_only,4,gate_signal_mae,0.06371575413559878
C03_weak_lambda_init,S0,temporal_only,4,gate_signal_correlation,0.8758847550905458
C03_weak_lambda_init,S0,temporal_only,4,beta_mean,0.0
C03_weak_lambda_init,S0,temporal_only,4,abs_beta_mean,0.0
C03_weak_lambda_init,S0,temporal_only,4,content_free_lambda_rmse,0.5851967837241413
C03_weak_lambda_init,S1,age_temporal,0,bce,0.48126167834176575
C03_weak_lambda_init,S1,age_temporal,0,auroc,0.7410160313949157
C03_weak_lambda_init,S1,age_temporal,0,auprc,0.5374944885719976
C03_weak_lambda_init,S1,age_temporal,0,surface_rmse,0.17102285573315476
C03_weak_lambda_init,S1,age_temporal,0,cf_rmse_age,0.13771707508968878
C03_weak_lambda_init,S1,age_temporal,0,cf_rmse_lag,0.12064832166289965
C03_weak_lambda_init,S1,age_temporal,0,delta_bce_beta0,0.00017524992575657095
C03_weak_lambda_init,S1,age_temporal,0,delta_bce_full_age_shuffle,0.008762388738984772
C03_weak_lambda_init,S1,age_temporal,0,delta_bce_gate_age_shuffle,0.00011337306621111987
C03_weak_lambda_init,S1,age_temporal,0,gate_signal_rmse,0.06058621199890384
C03_weak_lambda_init,S1,age_temporal,0,gate_signal_mae,0.03990633212897682
C03_weak_lambda_init,S1,age_temporal,0,gate_signal_correlation,0.9682433369456073
C03_weak_lambda_init,S1,age_temporal,0,beta_mean,0.06788380444049835
C03_weak_lambda_init,S1,age_temporal,0,abs_beta_mean,0.06788380444049835
C03_weak_lambda_init,S1,age_temporal,0,content_free_lambda_rmse,0.5840762625716734
C03_weak_lambda_init,S1,age_temporal,1,bce,0.4809598143160828
C03_weak_lambda_init,S1,age_temporal,1,auroc,0.7408896200624495
C03_weak_lambda_init,S1,age_temporal,1,auprc,0.5375898087180873
C03_weak_lambda_init,S1,age_temporal,1,surface_rmse,0.17490278760824077
C03_weak_lambda_init,S1,age_temporal,1,cf_rmse_age,0.16354214096671474
C03_weak_lambda_init,S1,age_temporal,1,cf_rmse_lag,0.11795335292368025
C03_weak_lambda_init,S1,age_temporal,1,delta_bce_beta0,0.00017992238307784625
C03_weak_lambda_init,S1,age_temporal,1,delta_bce_full_age_shuffle,0.007089197899167066
C03_weak_lambda_init,S1,age_temporal,1,delta_bce_gate_age_shuffle,0.00019530573027387588
C03_weak_lambda_init,S1,age_temporal,1,gate_signal_rmse,0.05489947754327938
C03_weak_lambda_init,S1,age_temporal,1,gate_signal_mae,0.03988626780651192
C03_weak_lambda_init,S1,age_temporal,1,gate_signal_correlation,0.976726769564291
C03_weak_lambda_init,S1,age_temporal,1,beta_mean,0.0647566094994545
C03_weak_lambda_init,S1,age_temporal,1,abs_beta_mean,0.0647566094994545
C03_weak_lambda_init,S1,age_temporal,1,content_free_lambda_rmse,0.5843563426469249
C03_weak_lambda_init,S1,age_temporal,2,bce,0.48049650753939777
C03_weak_lambda_init,S1,age_temporal,2,auroc,0.7418408790254034
C03_weak_lambda_init,S1,age_temporal,2,auprc,0.5384802495875507
C03_weak_lambda_init,S1,age_temporal,2,surface_rmse,0.1670485885374286
C03_weak_lambda_init,S1,age_temporal,2,cf_rmse_age,0.12634493832943888
C03_weak_lambda_init,S1,age_temporal,2,cf_rmse_lag,0.1176775411548165
C03_weak_lambda_init,S1,age_temporal,2,delta_bce_beta0,0.00012829286080279223
C03_weak_lambda_init,S1,age_temporal,2,delta_bce_full_age_shuffle,0.01195973229724906
C03_weak_lambda_init,S1,age_temporal,2,delta_bce_gate_age_shuffle,0.00014038307077463008
C03_weak_lambda_init,S1,age_temporal,2,gate_signal_rmse,0.04502690496470123
C03_weak_lambda_init,S1,age_temporal,2,gate_signal_mae,0.03231020796373266
C03_weak_lambda_init,S1,age_temporal,2,gate_signal_correlation,0.9852428831864752
C03_weak_lambda_init,S1,age_temporal,2,beta_mean,0.045493558049201965
C03_weak_lambda_init,S1,age_temporal,2,abs_beta_mean,0.045493558049201965
C03_weak_lambda_init,S1,age_temporal,2,content_free_lambda_rmse,0.5831694348021687
C03_weak_lambda_init,S1,age_temporal,3,bce,0.4809865029581978
C03_weak_lambda_init,S1,age_temporal,3,auroc,0.7408676346365971
C03_weak_lambda_init,S1,age_temporal,3,auprc,0.5374829429692106
C03_weak_lambda_init,S1,age_temporal,3,surface_rmse,0.13223994120453722
C03_weak_lambda_init,S1,age_temporal,3,cf_rmse_age,0.12107671589855175
C03_weak_lambda_init,S1,age_temporal,3,cf_rmse_lag,0.0850597241011959
C03_weak_lambda_init,S1,age_temporal,3,delta_bce_beta0,9.79310182372406e-05
C03_weak_lambda_init,S1,age_temporal,3,delta_bce_full_age_shuffle,0.010813460482774429
C03_weak_lambda_init,S1,age_temporal,3,delta_bce_gate_age_shuffle,7.449436746259641e-05
C03_weak_lambda_init,S1,age_temporal,3,gate_signal_rmse,0.05483598616359047
C03_weak_lambda_init,S1,age_temporal,3,gate_signal_mae,0.03776352324127396
C03_weak_lambda_init,S1,age_temporal,3,gate_signal_correlation,0.9768878433304133
C03_weak_lambda_init,S1,age_temporal,3,beta_mean,0.044807955622673035
C03_weak_lambda_init,S1,age_temporal,3,abs_beta_mean,0.044807955622673035
C03_weak_lambda_init,S1,age_temporal,3,content_free_lambda_rmse,0.5834140152953645
C03_weak_lambda_init,S1,age_temporal,4,bce,0.4805395910447693
C03_weak_lambda_init,S1,age_temporal,4,auroc,0.7412891874157408
C03_weak_lambda_init,S1,age_temporal,4,auprc,0.5392981995026003
C03_weak_lambda_init,S1,age_temporal,4,surface_rmse,0.17012519315891209
C03_weak_lambda_init,S1,age_temporal,4,cf_rmse_age,0.15001342379336957
C03_weak_lambda_init,S1,age_temporal,4,cf_rmse_lag,0.10719419971116326
C03_weak_lambda_init,S1,age_temporal,4,delta_bce_beta0,7.693666171498803e-05
C03_weak_lambda_init,S1,age_temporal,4,delta_bce_full_age_shuffle,0.007816057065944904
C03_weak_lambda_init,S1,age_temporal,4,delta_bce_gate_age_shuffle,5.0509571867807246e-05
C03_weak_lambda_init,S1,age_temporal,4,gate_signal_rmse,0.06090198727817583
C03_weak_lambda_init,S1,age_temporal,4,gate_signal_mae,0.04502179615973944
C03_weak_lambda_init,S1,age_temporal,4,gate_signal_correlation,0.9766331860055517
C03_weak_lambda_init,S1,age_temporal,4,beta_mean,0.026814689859747887
C03_weak_lambda_init,S1,age_temporal,4,abs_beta_mean,0.026814689859747887
C03_weak_lambda_init,S1,age_temporal,4,content_free_lambda_rmse,0.5841893288274762
C03_weak_lambda_init,S1,temporal_only,0,bce,0.48141073696203435
C03_weak_lambda_init,S1,temporal_only,0,auroc,0.7408755689519695
C03_weak_lambda_init,S1,temporal_only,0,auprc,0.5372832084638065
C03_weak_lambda_init,S1,temporal_only,0,surface_rmse,0.1695680455281033
C03_weak_lambda_init,S1,temporal_only,0,cf_rmse_age,0.13907448631451594
C03_weak_lambda_init,S1,temporal_only,0,cf_rmse_lag,0.12104717060846507
C03_weak_lambda_init,S1,temporal_only,0,delta_bce_beta0,0.0
C03_weak_lambda_init,S1,temporal_only,0,delta_bce_full_age_shuffle,0.00888435093166784
C03_weak_lambda_init,S1,temporal_only,0,delta_bce_gate_age_shuffle,0.0
C03_weak_lambda_init,S1,temporal_only,0,gate_signal_rmse,0.060122325131094924
C03_weak_lambda_init,S1,temporal_only,0,gate_signal_mae,0.039175929780929326
C03_weak_lambda_init,S1,temporal_only,0,gate_signal_correlation,0.9689712736699998
C03_weak_lambda_init,S1,temporal_only,0,beta_mean,0.0
C03_weak_lambda_init,S1,temporal_only,0,abs_beta_mean,0.0
C03_weak_lambda_init,S1,temporal_only,0,content_free_lambda_rmse,0.5841058175590755
C03_weak_lambda_init,S1,temporal_only,1,bce,0.48117653813397865
C03_weak_lambda_init,S1,temporal_only,1,auroc,0.7406488363403148
C03_weak_lambda_init,S1,temporal_only,1,auprc,0.5370646888329472
C03_weak_lambda_init,S1,temporal_only,1,surface_rmse,0.17257423601408825
C03_weak_lambda_init,S1,temporal_only,1,cf_rmse_age,0.1622915494298597
C03_weak_lambda_init,S1,temporal_only,1,cf_rmse_lag,0.11744819947469036
C03_weak_lambda_init,S1,temporal_only,1,delta_bce_beta0,0.0
C03_weak_lambda_init,S1,temporal_only,1,delta_bce_full_age_shuffle,0.0070770011930025856
C03_weak_lambda_init,S1,temporal_only,1,delta_bce_gate_age_shuffle,0.0
C03_weak_lambda_init,S1,temporal_only,1,gate_signal_rmse,0.054707565006226325
C03_weak_lambda_init,S1,temporal_only,1,gate_signal_mae,0.03990861754259293
C03_weak_lambda_init,S1,temporal_only,1,gate_signal_correlation,0.9769280900084935
C03_weak_lambda_init,S1,temporal_only,1,beta_mean,0.0
C03_weak_lambda_init,S1,temporal_only,1,abs_beta_mean,0.0
C03_weak_lambda_init,S1,temporal_only,1,content_free_lambda_rmse,0.5843355338600399
C03_weak_lambda_init,S1,temporal_only,2,bce,0.4805283049329813
C03_weak_lambda_init,S1,temporal_only,2,auroc,0.7417910079238434
C03_weak_lambda_init,S1,temporal_only,2,auprc,0.5384235254712111
C03_weak_lambda_init,S1,temporal_only,2,surface_rmse,0.16596399525131972
C03_weak_lambda_init,S1,temporal_only,2,cf_rmse_age,0.12626572486303625
C03_weak_lambda_init,S1,temporal_only,2,cf_rmse_lag,0.11747673526148728
C03_weak_lambda_init,S1,temporal_only,2,delta_bce_beta0,0.0
C03_weak_lambda_init,S1,temporal_only,2,delta_bce_full_age_shuffle,0.011721622523910846
C03_weak_lambda_init,S1,temporal_only,2,delta_bce_gate_age_shuffle,0.0
C03_weak_lambda_init,S1,temporal_only,2,gate_signal_rmse,0.045043183517056114
C03_weak_lambda_init,S1,temporal_only,2,gate_signal_mae,0.03217419493673169
C03_weak_lambda_init,S1,temporal_only,2,gate_signal_correlation,0.9854304416713701
C03_weak_lambda_init,S1,temporal_only,2,beta_mean,0.0
C03_weak_lambda_init,S1,temporal_only,2,abs_beta_mean,0.0
C03_weak_lambda_init,S1,temporal_only,2,content_free_lambda_rmse,0.5831304918554547
C03_weak_lambda_init,S1,temporal_only,3,bce,0.4810307366274695
C03_weak_lambda_init,S1,temporal_only,3,auroc,0.7408036029353844
C03_weak_lambda_init,S1,temporal_only,3,auprc,0.5374726188981857
C03_weak_lambda_init,S1,temporal_only,3,surface_rmse,0.13058963713266214
C03_weak_lambda_init,S1,temporal_only,3,cf_rmse_age,0.11953098305640293
C03_weak_lambda_init,S1,temporal_only,3,cf_rmse_lag,0.08415110077852223
C03_weak_lambda_init,S1,temporal_only,3,delta_bce_beta0,0.0
C03_weak_lambda_init,S1,temporal_only,3,delta_bce_full_age_shuffle,0.010829134594307843
C03_weak_lambda_init,S1,temporal_only,3,delta_bce_gate_age_shuffle,0.0
C03_weak_lambda_init,S1,temporal_only,3,gate_signal_rmse,0.05485056641148303
C03_weak_lambda_init,S1,temporal_only,3,gate_signal_mae,0.03780777535115236
C03_weak_lambda_init,S1,temporal_only,3,gate_signal_correlation,0.9769290953658817
C03_weak_lambda_init,S1,temporal_only,3,beta_mean,0.0
C03_weak_lambda_init,S1,temporal_only,3,abs_beta_mean,0.0
C03_weak_lambda_init,S1,temporal_only,3,content_free_lambda_rmse,0.5833245645788433
C03_weak_lambda_init,S1,temporal_only,4,bce,0.4806049005657933
C03_weak_lambda_init,S1,temporal_only,4,auroc,0.7412466569549284
C03_weak_lambda_init,S1,temporal_only,4,auprc,0.5392143549067652
C03_weak_lambda_init,S1,temporal_only,4,surface_rmse,0.16969774969444318
C03_weak_lambda_init,S1,temporal_only,4,cf_rmse_age,0.14959088910821938
C03_weak_lambda_init,S1,temporal_only,4,cf_rmse_lag,0.10722958842861269
C03_weak_lambda_init,S1,temporal_only,4,delta_bce_beta0,0.0
C03_weak_lambda_init,S1,temporal_only,4,delta_bce_full_age_shuffle,0.007874145581657166
C03_weak_lambda_init,S1,temporal_only,4,delta_bce_gate_age_shuffle,0.0
C03_weak_lambda_init,S1,temporal_only,4,gate_signal_rmse,0.06096541371203118
C03_weak_lambda_init,S1,temporal_only,4,gate_signal_mae,0.045099528640944166
C03_weak_lambda_init,S1,temporal_only,4,gate_signal_correlation,0.9766237675629701
C03_weak_lambda_init,S1,temporal_only,4,beta_mean,0.0
C03_weak_lambda_init,S1,temporal_only,4,abs_beta_mean,0.0
C03_weak_lambda_init,S1,temporal_only,4,content_free_lambda_rmse,0.5841581206348659
C03_weak_lambda_init,S2,age_temporal,0,bce,0.4580830671777096
C03_weak_lambda_init,S2,age_temporal,0,auroc,0.7607912307245781
C03_weak_lambda_init,S2,age_temporal,0,auprc,0.5786775237331588
C03_weak_lambda_init,S2,age_temporal,0,surface_rmse,0.18959847269007216
C03_weak_lambda_init,S2,age_temporal,0,cf_rmse_age,0.17213731694861636
C03_weak_lambda_init,S2,age_temporal,0,cf_rmse_lag,0.14924027989623612
C03_weak_lambda_init,S2,age_temporal,0,delta_bce_beta0,0.006430107202286706
C03_weak_lambda_init,S2,age_temporal,0,delta_bce_full_age_shuffle,0.020132623891503
C03_weak_lambda_init,S2,age_temporal,0,delta_bce_gate_age_shuffle,0.011193654863297486
C03_weak_lambda_init,S2,age_temporal,0,gate_signal_rmse,0.1829987974059082
C03_weak_lambda_init,S2,age_temporal,0,gate_signal_mae,0.15082837724396234
C03_weak_lambda_init,S2,age_temporal,0,gate_signal_correlation,0.7905790112657995
C03_weak_lambda_init,S2,age_temporal,0,beta_mean,-0.6696251034736633
C03_weak_lambda_init,S2,age_temporal,0,abs_beta_mean,0.6696251034736633
C03_weak_lambda_init,S2,age_temporal,0,content_free_lambda_rmse,1.1178384536533792
C03_weak_lambda_init,S2,age_temporal,0,content_free_lambda_corr,0.9935133274596969
C03_weak_lambda_init,S2,age_temporal,1,bce,0.4580702311240774
C03_weak_lambda_init,S2,age_temporal,1,auroc,0.7584687223143296
C03_weak_lambda_init,S2,age_temporal,1,auprc,0.5779017619671742
C03_weak_lambda_init,S2,age_temporal,1,surface_rmse,0.19554275810863828
C03_weak_lambda_init,S2,age_temporal,1,cf_rmse_age,0.1691676063483058
C03_weak_lambda_init,S2,age_temporal,1,cf_rmse_lag,0.15272703736714796
C03_weak_lambda_init,S2,age_temporal,1,delta_bce_beta0,0.007994603278976331
C03_weak_lambda_init,S2,age_temporal,1,delta_bce_full_age_shuffle,0.02127776667300746
C03_weak_lambda_init,S2,age_temporal,1,delta_bce_gate_age_shuffle,0.012758028454336157
C03_weak_lambda_init,S2,age_temporal,1,gate_signal_rmse,0.183025203255216
C03_weak_lambda_init,S2,age_temporal,1,gate_signal_mae,0.1489999077528665
C03_weak_lambda_init,S2,age_temporal,1,gate_signal_correlation,0.7892619738468425
C03_weak_lambda_init,S2,age_temporal,1,beta_mean,-0.6790956258773804
C03_weak_lambda_init,S2,age_temporal,1,abs_beta_mean,0.6790956258773804
C03_weak_lambda_init,S2,age_temporal,1,content_free_lambda_rmse,1.115092545787927
C03_weak_lambda_init,S2,age_temporal,1,content_free_lambda_corr,0.9937069763098202
C03_weak_lambda_init,S2,age_temporal,2,bce,0.4579509154509693
C03_weak_lambda_init,S2,age_temporal,2,auroc,0.7598594928583174
C03_weak_lambda_init,S2,age_temporal,2,auprc,0.5782221340119731
C03_weak_lambda_init,S2,age_temporal,2,surface_rmse,0.1996575283475223
C03_weak_lambda_init,S2,age_temporal,2,cf_rmse_age,0.18526081814890613
C03_weak_lambda_init,S2,age_temporal,2,cf_rmse_lag,0.14821607343529403
C03_weak_lambda_init,S2,age_temporal,2,delta_bce_beta0,0.00945537992523554
C03_weak_lambda_init,S2,age_temporal,2,delta_bce_full_age_shuffle,0.020052285764701028
C03_weak_lambda_init,S2,age_temporal,2,delta_bce_gate_age_shuffle,0.014243951480075845
C03_weak_lambda_init,S2,age_temporal,2,gate_signal_rmse,0.17905546094236593
C03_weak_lambda_init,S2,age_temporal,2,gate_signal_mae,0.14523869556221536
C03_weak_lambda_init,S2,age_temporal,2,gate_signal_correlation,0.7995769490902978
C03_weak_lambda_init,S2,age_temporal,2,beta_mean,-0.7256720066070557
C03_weak_lambda_init,S2,age_temporal,2,abs_beta_mean,0.7256720066070557
C03_weak_lambda_init,S2,age_temporal,2,content_free_lambda_rmse,1.1114132379841632
C03_weak_lambda_init,S2,age_temporal,2,content_free_lambda_corr,0.9947487336065033
C03_weak_lambda_init,S2,age_temporal,3,bce,0.4585676322014704
C03_weak_lambda_init,S2,age_temporal,3,auroc,0.758356898870062
C03_weak_lambda_init,S2,age_temporal,3,auprc,0.5755310999772658
C03_weak_lambda_init,S2,age_temporal,3,surface_rmse,0.19607950984605965
C03_weak_lambda_init,S2,age_temporal,3,cf_rmse_age,0.18539073603679262
C03_weak_lambda_init,S2,age_temporal,3,cf_rmse_lag,0.1298641150195996
C03_weak_lambda_init,S2,age_temporal,3,delta_bce_beta0,0.005566390375366381
C03_weak_lambda_init,S2,age_temporal,3,delta_bce_full_age_shuffle,0.02047739987977565
C03_weak_lambda_init,S2,age_temporal,3,delta_bce_gate_age_shuffle,0.00840301370191543
C03_weak_lambda_init,S2,age_temporal,3,gate_signal_rmse,0.19594430572821564
C03_weak_lambda_init,S2,age_temporal,3,gate_signal_mae,0.16046118709792737
C03_weak_lambda_init,S2,age_temporal,3,gate_signal_correlation,0.7521313292270967
C03_weak_lambda_init,S2,age_temporal,3,beta_mean,-0.5751559734344482
C03_weak_lambda_init,S2,age_temporal,3,abs_beta_mean,0.5751559734344482
C03_weak_lambda_init,S2,age_temporal,3,content_free_lambda_rmse,1.1219955583178876
C03_weak_lambda_init,S2,age_temporal,3,content_free_lambda_corr,0.9909092029363814
C03_weak_lambda_init,S2,age_temporal,4,bce,0.45761535147944565
C03_weak_lambda_init,S2,age_temporal,4,auroc,0.759338310176281
C03_weak_lambda_init,S2,age_temporal,4,auprc,0.5781940515023416
C03_weak_lambda_init,S2,age_temporal,4,surface_rmse,0.1807723691896326
C03_weak_lambda_init,S2,age_temporal,4,cf_rmse_age,0.20031833323678022
C03_weak_lambda_init,S2,age_temporal,4,cf_rmse_lag,0.10828637542033047
C03_weak_lambda_init,S2,age_temporal,4,delta_bce_beta0,0.008872084749676823
C03_weak_lambda_init,S2,age_temporal,4,delta_bce_full_age_shuffle,0.020530172850603434
C03_weak_lambda_init,S2,age_temporal,4,delta_bce_gate_age_shuffle,0.014211206353554662
C03_weak_lambda_init,S2,age_temporal,4,gate_signal_rmse,0.18471606613466837
C03_weak_lambda_init,S2,age_temporal,4,gate_signal_mae,0.1515014000381931
C03_weak_lambda_init,S2,age_temporal,4,gate_signal_correlation,0.786595375322853
C03_weak_lambda_init,S2,age_temporal,4,beta_mean,-0.6970430016517639
C03_weak_lambda_init,S2,age_temporal,4,abs_beta_mean,0.6970430016517639
C03_weak_lambda_init,S2,age_temporal,4,content_free_lambda_rmse,1.1165697781593782
C03_weak_lambda_init,S2,age_temporal,4,content_free_lambda_corr,0.9941691438531359
C03_weak_lambda_init,S2,temporal_only,0,bce,0.46195484796187564
C03_weak_lambda_init,S2,temporal_only,0,auroc,0.7580148434796254
C03_weak_lambda_init,S2,temporal_only,0,auprc,0.5713377160569868
C03_weak_lambda_init,S2,temporal_only,0,surface_rmse,0.22239975177294913
C03_weak_lambda_init,S2,temporal_only,0,cf_rmse_age,0.18284774267591417
C03_weak_lambda_init,S2,temporal_only,0,cf_rmse_lag,0.1735608516552512
C03_weak_lambda_init,S2,temporal_only,0,delta_bce_beta0,0.0
C03_weak_lambda_init,S2,temporal_only,0,delta_bce_full_age_shuffle,0.008853746850704225
C03_weak_lambda_init,S2,temporal_only,0,delta_bce_gate_age_shuffle,0.0
C03_weak_lambda_init,S2,temporal_only,0,gate_signal_rmse,0.26441510625178083
C03_weak_lambda_init,S2,temporal_only,0,gate_signal_mae,0.22411459609109624
C03_weak_lambda_init,S2,temporal_only,0,gate_signal_correlation,0.5032135039600054
C03_weak_lambda_init,S2,temporal_only,0,beta_mean,0.0
C03_weak_lambda_init,S2,temporal_only,0,abs_beta_mean,0.0
C03_weak_lambda_init,S2,temporal_only,0,content_free_lambda_rmse,1.1512461031273176
C03_weak_lambda_init,S2,temporal_only,1,bce,0.4626756167065382
C03_weak_lambda_init,S2,temporal_only,1,auroc,0.7556686685633985
C03_weak_lambda_init,S2,temporal_only,1,auprc,0.5691642832783013
C03_weak_lambda_init,S2,temporal_only,1,surface_rmse,0.22355419238568985
C03_weak_lambda_init,S2,temporal_only,1,cf_rmse_age,0.1827903568190427
C03_weak_lambda_init,S2,temporal_only,1,cf_rmse_lag,0.1690929235900592
C03_weak_lambda_init,S2,temporal_only,1,delta_bce_beta0,0.0
C03_weak_lambda_init,S2,temporal_only,1,delta_bce_full_age_shuffle,0.007396836182036293
C03_weak_lambda_init,S2,temporal_only,1,delta_bce_gate_age_shuffle,0.0
C03_weak_lambda_init,S2,temporal_only,1,gate_signal_rmse,0.2637583585380081
C03_weak_lambda_init,S2,temporal_only,1,gate_signal_mae,0.22147985661451847
C03_weak_lambda_init,S2,temporal_only,1,gate_signal_correlation,0.5027916007067249
C03_weak_lambda_init,S2,temporal_only,1,beta_mean,0.0
C03_weak_lambda_init,S2,temporal_only,1,abs_beta_mean,0.0
C03_weak_lambda_init,S2,temporal_only,1,content_free_lambda_rmse,1.150245347689064
C03_weak_lambda_init,S2,temporal_only,2,bce,0.4629749771436512
C03_weak_lambda_init,S2,temporal_only,2,auroc,0.7561449199292283
C03_weak_lambda_init,S2,temporal_only,2,auprc,0.5669374560618354
C03_weak_lambda_init,S2,temporal_only,2,surface_rmse,0.2370588660496166
C03_weak_lambda_init,S2,temporal_only,2,cf_rmse_age,0.19400334743046874
C03_weak_lambda_init,S2,temporal_only,2,cf_rmse_lag,0.16745408005103155
C03_weak_lambda_init,S2,temporal_only,2,delta_bce_beta0,0.0
C03_weak_lambda_init,S2,temporal_only,2,delta_bce_full_age_shuffle,0.009544118936101409
C03_weak_lambda_init,S2,temporal_only,2,delta_bce_gate_age_shuffle,0.0
C03_weak_lambda_init,S2,temporal_only,2,gate_signal_rmse,0.2648944687715828
C03_weak_lambda_init,S2,temporal_only,2,gate_signal_mae,0.22288102165764634
C03_weak_lambda_init,S2,temporal_only,2,gate_signal_correlation,0.500061072390019
C03_weak_lambda_init,S2,temporal_only,2,beta_mean,0.0
C03_weak_lambda_init,S2,temporal_only,2,abs_beta_mean,0.0
C03_weak_lambda_init,S2,temporal_only,2,content_free_lambda_rmse,1.149516768525066
C03_weak_lambda_init,S2,temporal_only,3,bce,0.4626997072493145
C03_weak_lambda_init,S2,temporal_only,3,auroc,0.7554913891071001
C03_weak_lambda_init,S2,temporal_only,3,auprc,0.5680633299676241
C03_weak_lambda_init,S2,temporal_only,3,surface_rmse,0.21130101749467495
C03_weak_lambda_init,S2,temporal_only,3,cf_rmse_age,0.18704089295412882
C03_weak_lambda_init,S2,temporal_only,3,cf_rmse_lag,0.1370640946484408
C03_weak_lambda_init,S2,temporal_only,3,delta_bce_beta0,0.0
C03_weak_lambda_init,S2,temporal_only,3,delta_bce_full_age_shuffle,0.009255679987024867
C03_weak_lambda_init,S2,temporal_only,3,delta_bce_gate_age_shuffle,0.0
C03_weak_lambda_init,S2,temporal_only,3,gate_signal_rmse,0.26382776453528084
C03_weak_lambda_init,S2,temporal_only,3,gate_signal_mae,0.22193732737465843
C03_weak_lambda_init,S2,temporal_only,3,gate_signal_correlation,0.5029481059173264
C03_weak_lambda_init,S2,temporal_only,3,beta_mean,0.0
C03_weak_lambda_init,S2,temporal_only,3,abs_beta_mean,0.0
C03_weak_lambda_init,S2,temporal_only,3,content_free_lambda_rmse,1.1496622921884885
C03_weak_lambda_init,S2,temporal_only,4,bce,0.46209455334845956
C03_weak_lambda_init,S2,temporal_only,4,auroc,0.7562936020511306
C03_weak_lambda_init,S2,temporal_only,4,auprc,0.5699986893789695
C03_weak_lambda_init,S2,temporal_only,4,surface_rmse,0.20273324177263205
C03_weak_lambda_init,S2,temporal_only,4,cf_rmse_age,0.20681116319945772
C03_weak_lambda_init,S2,temporal_only,4,cf_rmse_lag,0.11669627133237585
C03_weak_lambda_init,S2,temporal_only,4,delta_bce_beta0,0.0
C03_weak_lambda_init,S2,temporal_only,4,delta_bce_full_age_shuffle,0.007237129497025818
C03_weak_lambda_init,S2,temporal_only,4,delta_bce_gate_age_shuffle,0.0
C03_weak_lambda_init,S2,temporal_only,4,gate_signal_rmse,0.27004741385257397
C03_weak_lambda_init,S2,temporal_only,4,gate_signal_mae,0.22790330826182914
C03_weak_lambda_init,S2,temporal_only,4,gate_signal_correlation,0.49022922776040206
C03_weak_lambda_init,S2,temporal_only,4,beta_mean,0.0
C03_weak_lambda_init,S2,temporal_only,4,abs_beta_mean,0.0
C03_weak_lambda_init,S2,temporal_only,4,content_free_lambda_rmse,1.1514899581517137
C03_weak_lambda_init,S3,age_temporal,0,bce,0.4870402727164972
C03_weak_lambda_init,S3,age_temporal,0,auroc,0.7329487723123238
C03_weak_lambda_init,S3,age_temporal,0,auprc,0.5341726827607944
C03_weak_lambda_init,S3,age_temporal,0,surface_rmse,0.12330308961282956
C03_weak_lambda_init,S3,age_temporal,0,cf_rmse_age,0.11403295004959547
C03_weak_lambda_init,S3,age_temporal,0,cf_rmse_lag,0.07828973751869511
C03_weak_lambda_init,S3,age_temporal,0,delta_bce_beta0,0.007807482372133245
C03_weak_lambda_init,S3,age_temporal,0,delta_bce_full_age_shuffle,0.022052218819425873
C03_weak_lambda_init,S3,age_temporal,0,delta_bce_gate_age_shuffle,0.013205231821148855
C03_weak_lambda_init,S3,age_temporal,0,gate_signal_rmse,0.18886825685901024
C03_weak_lambda_init,S3,age_temporal,0,gate_signal_mae,0.1507385562080915
C03_weak_lambda_init,S3,age_temporal,0,gate_signal_correlation,0.7655249531594014
C03_weak_lambda_init,S3,age_temporal,0,beta_mean,0.7107478976249695
C03_weak_lambda_init,S3,age_temporal,0,abs_beta_mean,0.7107478976249695
C03_weak_lambda_init,S3,age_temporal,0,content_free_lambda_rmse,1.1140605397863466
C03_weak_lambda_init,S3,age_temporal,0,content_free_lambda_corr,0.9944512021694906
C03_weak_lambda_init,S3,age_temporal,1,bce,0.4871062797790004
C03_weak_lambda_init,S3,age_temporal,1,auroc,0.7335010078278169
C03_weak_lambda_init,S3,age_temporal,1,auprc,0.5329521800030546
C03_weak_lambda_init,S3,age_temporal,1,surface_rmse,0.16421826175025872
C03_weak_lambda_init,S3,age_temporal,1,cf_rmse_age,0.14075865315358488
C03_weak_lambda_init,S3,age_temporal,1,cf_rmse_lag,0.09289451987865116
C03_weak_lambda_init,S3,age_temporal,1,delta_bce_beta0,0.006617607680067639
C03_weak_lambda_init,S3,age_temporal,1,delta_bce_full_age_shuffle,0.019786557749418676
C03_weak_lambda_init,S3,age_temporal,1,delta_bce_gate_age_shuffle,0.011339321564506066
C03_weak_lambda_init,S3,age_temporal,1,gate_signal_rmse,0.20279505626543395
C03_weak_lambda_init,S3,age_temporal,1,gate_signal_mae,0.15930638545227674
C03_weak_lambda_init,S3,age_temporal,1,gate_signal_correlation,0.7312728557392039
C03_weak_lambda_init,S3,age_temporal,1,beta_mean,0.6876417398452759
C03_weak_lambda_init,S3,age_temporal,1,abs_beta_mean,0.6876417398452759
C03_weak_lambda_init,S3,age_temporal,1,content_free_lambda_rmse,1.114363245158556
C03_weak_lambda_init,S3,age_temporal,1,content_free_lambda_corr,0.9939064238037444
C03_weak_lambda_init,S3,age_temporal,2,bce,0.48690133528536395
C03_weak_lambda_init,S3,age_temporal,2,auroc,0.7336128015926953
C03_weak_lambda_init,S3,age_temporal,2,auprc,0.5340452565098429
C03_weak_lambda_init,S3,age_temporal,2,surface_rmse,0.1337566227029716
C03_weak_lambda_init,S3,age_temporal,2,cf_rmse_age,0.11786748895041382
C03_weak_lambda_init,S3,age_temporal,2,cf_rmse_lag,0.08519460699612968
C03_weak_lambda_init,S3,age_temporal,2,delta_bce_beta0,0.006324802380508532
C03_weak_lambda_init,S3,age_temporal,2,delta_bce_full_age_shuffle,0.023663375458720104
C03_weak_lambda_init,S3,age_temporal,2,delta_bce_gate_age_shuffle,0.01022942830235507
C03_weak_lambda_init,S3,age_temporal,2,gate_signal_rmse,0.203137559256938
C03_weak_lambda_init,S3,age_temporal,2,gate_signal_mae,0.16108673685665073
C03_weak_lambda_init,S3,age_temporal,2,gate_signal_correlation,0.7285028772961871
C03_weak_lambda_init,S3,age_temporal,2,beta_mean,0.6447384357452393
C03_weak_lambda_init,S3,age_temporal,2,abs_beta_mean,0.6447384357452393
C03_weak_lambda_init,S3,age_temporal,2,content_free_lambda_rmse,1.119919842986927
C03_weak_lambda_init,S3,age_temporal,2,content_free_lambda_corr,0.9928957111991544
C03_weak_lambda_init,S3,age_temporal,3,bce,0.48693569786672064
C03_weak_lambda_init,S3,age_temporal,3,auroc,0.7346580708713835
C03_weak_lambda_init,S3,age_temporal,3,auprc,0.5327163749079667
C03_weak_lambda_init,S3,age_temporal,3,surface_rmse,0.17010761786876294
C03_weak_lambda_init,S3,age_temporal,3,cf_rmse_age,0.15054107562214053
C03_weak_lambda_init,S3,age_temporal,3,cf_rmse_lag,0.09647721914023165
C03_weak_lambda_init,S3,age_temporal,3,delta_bce_beta0,0.006814211679865845
C03_weak_lambda_init,S3,age_temporal,3,delta_bce_full_age_shuffle,0.01757169403647818
C03_weak_lambda_init,S3,age_temporal,3,delta_bce_gate_age_shuffle,0.011959610519839348
C03_weak_lambda_init,S3,age_temporal,3,gate_signal_rmse,0.21203975708036246
C03_weak_lambda_init,S3,age_temporal,3,gate_signal_mae,0.1647850266149414
C03_weak_lambda_init,S3,age_temporal,3,gate_signal_correlation,0.715573295587218
C03_weak_lambda_init,S3,age_temporal,3,beta_mean,0.6842380166053772
C03_weak_lambda_init,S3,age_temporal,3,abs_beta_mean,0.6842380166053772
C03_weak_lambda_init,S3,age_temporal,3,content_free_lambda_rmse,1.1160314534101254
C03_weak_lambda_init,S3,age_temporal,3,content_free_lambda_corr,0.9938499368165774
C03_weak_lambda_init,S3,age_temporal,4,bce,0.4875370735541748
C03_weak_lambda_init,S3,age_temporal,4,auroc,0.7334911998269449
C03_weak_lambda_init,S3,age_temporal,4,auprc,0.5311061088216846
C03_weak_lambda_init,S3,age_temporal,4,surface_rmse,0.14092258954667322
C03_weak_lambda_init,S3,age_temporal,4,cf_rmse_age,0.13263305556812555
C03_weak_lambda_init,S3,age_temporal,4,cf_rmse_lag,0.0947625824002544
C03_weak_lambda_init,S3,age_temporal,4,delta_bce_beta0,0.006710199220275881
C03_weak_lambda_init,S3,age_temporal,4,delta_bce_full_age_shuffle,0.021358848229765803
C03_weak_lambda_init,S3,age_temporal,4,delta_bce_gate_age_shuffle,0.011627143252987249
C03_weak_lambda_init,S3,age_temporal,4,gate_signal_rmse,0.19842970069381743
C03_weak_lambda_init,S3,age_temporal,4,gate_signal_mae,0.1568830278948498
C03_weak_lambda_init,S3,age_temporal,4,gate_signal_correlation,0.7454949264865018
C03_weak_lambda_init,S3,age_temporal,4,beta_mean,0.6878291368484497
C03_weak_lambda_init,S3,age_temporal,4,abs_beta_mean,0.6878291368484497
C03_weak_lambda_init,S3,age_temporal,4,content_free_lambda_rmse,1.115940426343633
C03_weak_lambda_init,S3,age_temporal,4,content_free_lambda_corr,0.9939365822166343
C03_weak_lambda_init,S3,temporal_only,0,bce,0.4914285683385089
C03_weak_lambda_init,S3,temporal_only,0,auroc,0.7289742350262076
C03_weak_lambda_init,S3,temporal_only,0,auprc,0.5231442347882509
C03_weak_lambda_init,S3,temporal_only,0,surface_rmse,0.13920459032832885
C03_weak_lambda_init,S3,temporal_only,0,cf_rmse_age,0.12365929931212706
C03_weak_lambda_init,S3,temporal_only,0,cf_rmse_lag,0.08474438589785589
C03_weak_lambda_init,S3,temporal_only,0,delta_bce_beta0,0.0
C03_weak_lambda_init,S3,temporal_only,0,delta_bce_full_age_shuffle,0.00928598993471852
C03_weak_lambda_init,S3,temporal_only,0,delta_bce_gate_age_shuffle,0.0
C03_weak_lambda_init,S3,temporal_only,0,gate_signal_rmse,0.262983119221374
C03_weak_lambda_init,S3,temporal_only,0,gate_signal_mae,0.2196951417169239
C03_weak_lambda_init,S3,temporal_only,0,gate_signal_correlation,0.5144754360048952
C03_weak_lambda_init,S3,temporal_only,0,beta_mean,0.0
C03_weak_lambda_init,S3,temporal_only,0,abs_beta_mean,0.0
C03_weak_lambda_init,S3,temporal_only,0,content_free_lambda_rmse,1.1501268118568897
C03_weak_lambda_init,S3,temporal_only,1,bce,0.49144865890373796
C03_weak_lambda_init,S3,temporal_only,1,auroc,0.7296653356489067
C03_weak_lambda_init,S3,temporal_only,1,auprc,0.5224607311289031
C03_weak_lambda_init,S3,temporal_only,1,surface_rmse,0.16777065997483612
C03_weak_lambda_init,S3,temporal_only,1,cf_rmse_age,0.14304262697466322
C03_weak_lambda_init,S3,temporal_only,1,cf_rmse_lag,0.09414947158989934
C03_weak_lambda_init,S3,temporal_only,1,delta_bce_beta0,0.0
C03_weak_lambda_init,S3,temporal_only,1,delta_bce_full_age_shuffle,0.008059501363824328
C03_weak_lambda_init,S3,temporal_only,1,delta_bce_gate_age_shuffle,0.0
C03_weak_lambda_init,S3,temporal_only,1,gate_signal_rmse,0.27452328992064273
C03_weak_lambda_init,S3,temporal_only,1,gate_signal_mae,0.22653944246598318
C03_weak_lambda_init,S3,temporal_only,1,gate_signal_correlation,0.48843435205608327
C03_weak_lambda_init,S3,temporal_only,1,beta_mean,0.0
C03_weak_lambda_init,S3,temporal_only,1,abs_beta_mean,0.0
C03_weak_lambda_init,S3,temporal_only,1,content_free_lambda_rmse,1.1493909850964683
C03_weak_lambda_init,S3,temporal_only,2,bce,0.4913817760532417
C03_weak_lambda_init,S3,temporal_only,2,auroc,0.7301832358925731
C03_weak_lambda_init,S3,temporal_only,2,auprc,0.5233117009321576
C03_weak_lambda_init,S3,temporal_only,2,surface_rmse,0.15174537489854634
C03_weak_lambda_init,S3,temporal_only,2,cf_rmse_age,0.13436858315105485
C03_weak_lambda_init,S3,temporal_only,2,cf_rmse_lag,0.09272526892181492
C03_weak_lambda_init,S3,temporal_only,2,delta_bce_beta0,0.0
C03_weak_lambda_init,S3,temporal_only,2,delta_bce_full_age_shuffle,0.011668166019149828
C03_weak_lambda_init,S3,temporal_only,2,delta_bce_gate_age_shuffle,0.0
C03_weak_lambda_init,S3,temporal_only,2,gate_signal_rmse,0.27202211781369945
C03_weak_lambda_init,S3,temporal_only,2,gate_signal_mae,0.22506513777165862
C03_weak_lambda_init,S3,temporal_only,2,gate_signal_correlation,0.4949995948624824
C03_weak_lambda_init,S3,temporal_only,2,beta_mean,0.0
C03_weak_lambda_init,S3,temporal_only,2,abs_beta_mean,0.0
C03_weak_lambda_init,S3,temporal_only,2,content_free_lambda_rmse,1.1510679381018531
C03_weak_lambda_init,S3,temporal_only,3,bce,0.4918359342520332
C03_weak_lambda_init,S3,temporal_only,3,auroc,0.7295434625155434
C03_weak_lambda_init,S3,temporal_only,3,auprc,0.5207841075202035
C03_weak_lambda_init,S3,temporal_only,3,surface_rmse,0.19357879807215042
C03_weak_lambda_init,S3,temporal_only,3,cf_rmse_age,0.15733926640790719
C03_weak_lambda_init,S3,temporal_only,3,cf_rmse_lag,0.10847837058113964
C03_weak_lambda_init,S3,temporal_only,3,delta_bce_beta0,0.0
C03_weak_lambda_init,S3,temporal_only,3,delta_bce_full_age_shuffle,0.009139868096173731
C03_weak_lambda_init,S3,temporal_only,3,delta_bce_gate_age_shuffle,0.0
C03_weak_lambda_init,S3,temporal_only,3,gate_signal_rmse,0.27776253586690614
C03_weak_lambda_init,S3,temporal_only,3,gate_signal_mae,0.22916131402075834
C03_weak_lambda_init,S3,temporal_only,3,gate_signal_correlation,0.4842290039372152
C03_weak_lambda_init,S3,temporal_only,3,beta_mean,0.0
C03_weak_lambda_init,S3,temporal_only,3,abs_beta_mean,0.0
C03_weak_lambda_init,S3,temporal_only,3,content_free_lambda_rmse,1.1502523474945663
C03_weak_lambda_init,S3,temporal_only,4,bce,0.4913602484938221
C03_weak_lambda_init,S3,temporal_only,4,auroc,0.7300866847496029
C03_weak_lambda_init,S3,temporal_only,4,auprc,0.5207983181932327
C03_weak_lambda_init,S3,temporal_only,4,surface_rmse,0.1530024052805415
C03_weak_lambda_init,S3,temporal_only,4,cf_rmse_age,0.14547419832164313
C03_weak_lambda_init,S3,temporal_only,4,cf_rmse_lag,0.09665982351385999
C03_weak_lambda_init,S3,temporal_only,4,delta_bce_beta0,0.0
C03_weak_lambda_init,S3,temporal_only,4,delta_bce_full_age_shuffle,0.009477832601386904
C03_weak_lambda_init,S3,temporal_only,4,delta_bce_gate_age_shuffle,0.0
C03_weak_lambda_init,S3,temporal_only,4,gate_signal_rmse,0.2730316941398255
C03_weak_lambda_init,S3,temporal_only,4,gate_signal_mae,0.2255664013357798
C03_weak_lambda_init,S3,temporal_only,4,gate_signal_correlation,0.4935454747564446
C03_weak_lambda_init,S3,temporal_only,4,beta_mean,0.0
C03_weak_lambda_init,S3,temporal_only,4,abs_beta_mean,0.0
C03_weak_lambda_init,S3,temporal_only,4,content_free_lambda_rmse,1.1503064347328416
C04_no_content_persistence,S0,age_temporal,0,bce,0.48235902710056566
C04_no_content_persistence,S0,age_temporal,0,auroc,0.7303787482034585
C04_no_content_persistence,S0,age_temporal,0,auprc,0.526941054999218
C04_no_content_persistence,S0,age_temporal,0,surface_rmse,0.14992868991846842
C04_no_content_persistence,S0,age_temporal,0,cf_rmse_age,0.06815417536861744
C04_no_content_persistence,S0,age_temporal,0,cf_rmse_lag,0.11239671393218392
C04_no_content_persistence,S0,age_temporal,0,delta_bce_beta0,2.9185950919663473e-05
C04_no_content_persistence,S0,age_temporal,0,delta_bce_full_age_shuffle,0.005026229238272839
C04_no_content_persistence,S0,age_temporal,0,delta_bce_gate_age_shuffle,0.00011820985473431911
C04_no_content_persistence,S0,age_temporal,0,gate_signal_rmse,0.026990693178883734
C04_no_content_persistence,S0,age_temporal,0,gate_signal_mae,0.02535092997880352
C04_no_content_persistence,S0,age_temporal,0,gate_signal_correlation,0.9991849105859087
C04_no_content_persistence,S0,age_temporal,0,gate_surface_rmse,0.02602195780053182
C04_no_content_persistence,S0,age_temporal,0,gate_surface_mae,0.022500023357101186
C04_no_content_persistence,S0,age_temporal,0,gate_surface_correlation,0.9993296692271917
C04_no_content_persistence,S0,age_temporal,0,beta_mean,0.053882256150245667
C04_no_content_persistence,S0,age_temporal,0,abs_beta_mean,0.053882256150245667
C04_no_content_persistence,S0,age_temporal,0,content_free_lambda_rmse,0.06863758728186169
C04_no_content_persistence,S0,age_temporal,1,bce,0.4849987086259057
C04_no_content_persistence,S0,age_temporal,1,auroc,0.7262941208323754
C04_no_content_persistence,S0,age_temporal,1,auprc,0.521700983992795
C04_no_content_persistence,S0,age_temporal,1,surface_rmse,0.15351775537389248
C04_no_content_persistence,S0,age_temporal,1,cf_rmse_age,0.08478937432393581
C04_no_content_persistence,S0,age_temporal,1,cf_rmse_lag,0.1203990336651894
C04_no_content_persistence,S0,age_temporal,1,delta_bce_beta0,6.018958298914523e-05
C04_no_content_persistence,S0,age_temporal,1,delta_bce_full_age_shuffle,0.0021893746638180778
C04_no_content_persistence,S0,age_temporal,1,delta_bce_gate_age_shuffle,6.94797623820298e-05
C04_no_content_persistence,S0,age_temporal,1,gate_signal_rmse,0.026538643608731833
C04_no_content_persistence,S0,age_temporal,1,gate_signal_mae,0.0253721488006446
C04_no_content_persistence,S0,age_temporal,1,gate_signal_correlation,0.999492182655468
C04_no_content_persistence,S0,age_temporal,1,gate_surface_rmse,0.024100002139537474
C04_no_content_persistence,S0,age_temporal,1,gate_surface_mae,0.021255609822954748
C04_no_content_persistence,S0,age_temporal,1,gate_surface_correlation,0.9995110032607267
C04_no_content_persistence,S0,age_temporal,1,beta_mean,-0.027379555627703667
C04_no_content_persistence,S0,age_temporal,1,abs_beta_mean,0.027379555627703667
C04_no_content_persistence,S0,age_temporal,1,content_free_lambda_rmse,0.06417774014580435
C04_no_content_persistence,S0,age_temporal,2,bce,0.48415718974245253
C04_no_content_persistence,S0,age_temporal,2,auroc,0.7274394258573745
C04_no_content_persistence,S0,age_temporal,2,auprc,0.5223840311973884
C04_no_content_persistence,S0,age_temporal,2,surface_rmse,0.14945628450573656
C04_no_content_persistence,S0,age_temporal,2,cf_rmse_age,0.07662882702335722
C04_no_content_persistence,S0,age_temporal,2,cf_rmse_lag,0.12006064317605976
C04_no_content_persistence,S0,age_temporal,2,delta_bce_beta0,8.650458382775117e-05
C04_no_content_persistence,S0,age_temporal,2,delta_bce_full_age_shuffle,0.004513768306187493
C04_no_content_persistence,S0,age_temporal,2,delta_bce_gate_age_shuffle,0.00010122241239690632
C04_no_content_persistence,S0,age_temporal,2,gate_signal_rmse,0.026372299467719462
C04_no_content_persistence,S0,age_temporal,2,gate_signal_mae,0.02491123467431141
C04_no_content_persistence,S0,age_temporal,2,gate_signal_correlation,0.999313127907137
C04_no_content_persistence,S0,age_temporal,2,gate_surface_rmse,0.02373688357486954
C04_no_content_persistence,S0,age_temporal,2,gate_surface_mae,0.02057152892875469
C04_no_content_persistence,S0,age_temporal,2,gate_surface_correlation,0.9994514051288715
C04_no_content_persistence,S0,age_temporal,2,beta_mean,-0.04685812443494797
C04_no_content_persistence,S0,age_temporal,2,abs_beta_mean,0.04685812443494797
C04_no_content_persistence,S0,age_temporal,2,content_free_lambda_rmse,0.06308229842049679
C04_no_content_persistence,S0,age_temporal,3,bce,0.4835362196127297
C04_no_content_persistence,S0,age_temporal,3,auroc,0.729464110123502
C04_no_content_persistence,S0,age_temporal,3,auprc,0.5255892140344913
C04_no_content_persistence,S0,age_temporal,3,surface_rmse,0.14239589246898293
C04_no_content_persistence,S0,age_temporal,3,cf_rmse_age,0.09779660499183541
C04_no_content_persistence,S0,age_temporal,3,cf_rmse_lag,0.10979053236244868
C04_no_content_persistence,S0,age_temporal,3,delta_bce_beta0,-3.6937988795449073e-06
C04_no_content_persistence,S0,age_temporal,3,delta_bce_full_age_shuffle,0.004657115168140047
C04_no_content_persistence,S0,age_temporal,3,delta_bce_gate_age_shuffle,7.229974019529184e-06
C04_no_content_persistence,S0,age_temporal,3,gate_signal_rmse,0.028127265117399377
C04_no_content_persistence,S0,age_temporal,3,gate_signal_mae,0.026880057978195027
C04_no_content_persistence,S0,age_temporal,3,gate_signal_correlation,0.9994151207904448
C04_no_content_persistence,S0,age_temporal,3,gate_surface_rmse,0.02653761542442592
C04_no_content_persistence,S0,age_temporal,3,gate_surface_mae,0.023426101054446702
C04_no_content_persistence,S0,age_temporal,3,gate_surface_correlation,0.9994126541641236
C04_no_content_persistence,S0,age_temporal,3,beta_mean,0.029753703624010086
C04_no_content_persistence,S0,age_temporal,3,abs_beta_mean,0.029753703624010086
C04_no_content_persistence,S0,age_temporal,3,content_free_lambda_rmse,0.07016826828678287
C04_no_content_persistence,S0,age_temporal,4,bce,0.48355698148258175
C04_no_content_persistence,S0,age_temporal,4,auroc,0.7284787759824092
C04_no_content_persistence,S0,age_temporal,4,auprc,0.5245501426552579
C04_no_content_persistence,S0,age_temporal,4,surface_rmse,0.13669527446610574
C04_no_content_persistence,S0,age_temporal,4,cf_rmse_age,0.07038771715071625
C04_no_content_persistence,S0,age_temporal,4,cf_rmse_lag,0.10115505231564338
C04_no_content_persistence,S0,age_temporal,4,delta_bce_beta0,-1.200705215254061e-07
C04_no_content_persistence,S0,age_temporal,4,delta_bce_full_age_shuffle,0.005486696694664783
C04_no_content_persistence,S0,age_temporal,4,delta_bce_gate_age_shuffle,-1.4565283718015465e-06
C04_no_content_persistence,S0,age_temporal,4,gate_signal_rmse,0.023704239752762483
C04_no_content_persistence,S0,age_temporal,4,gate_signal_mae,0.022776282201115345
C04_no_content_persistence,S0,age_temporal,4,gate_signal_correlation,0.9996650986227953
C04_no_content_persistence,S0,age_temporal,4,gate_surface_rmse,0.021857706460426087
C04_no_content_persistence,S0,age_temporal,4,gate_surface_mae,0.019426831832512176
C04_no_content_persistence,S0,age_temporal,4,gate_surface_correlation,0.9996254745692089
C04_no_content_persistence,S0,age_temporal,4,beta_mean,-0.0018442142754793167
C04_no_content_persistence,S0,age_temporal,4,abs_beta_mean,0.0018442142754793167
C04_no_content_persistence,S0,age_temporal,4,content_free_lambda_rmse,0.05867936584907623
C04_no_content_persistence,S0,temporal_only,0,bce,0.4823827678551625
C04_no_content_persistence,S0,temporal_only,0,auroc,0.730339032221237
C04_no_content_persistence,S0,temporal_only,0,auprc,0.5270247193298526
C04_no_content_persistence,S0,temporal_only,0,surface_rmse,0.14976246654532024
C04_no_content_persistence,S0,temporal_only,0,cf_rmse_age,0.06931831249341149
C04_no_content_persistence,S0,temporal_only,0,cf_rmse_lag,0.11150806257703372
C04_no_content_persistence,S0,temporal_only,0,delta_bce_beta0,0.0
C04_no_content_persistence,S0,temporal_only,0,delta_bce_full_age_shuffle,0.005037197531775783
C04_no_content_persistence,S0,temporal_only,0,delta_bce_gate_age_shuffle,0.0
C04_no_content_persistence,S0,temporal_only,0,gate_signal_rmse,0.026771336380943235
C04_no_content_persistence,S0,temporal_only,0,gate_signal_mae,0.02574681253594524
C04_no_content_persistence,S0,temporal_only,0,gate_signal_correlation,0.9995778490700522
C04_no_content_persistence,S0,temporal_only,0,gate_surface_rmse,0.024720762406567457
C04_no_content_persistence,S0,temporal_only,0,gate_surface_mae,0.021992743307877902
C04_no_content_persistence,S0,temporal_only,0,gate_surface_correlation,0.9995265311689623
C04_no_content_persistence,S0,temporal_only,0,beta_mean,0.0
C04_no_content_persistence,S0,temporal_only,0,abs_beta_mean,0.0
C04_no_content_persistence,S0,temporal_only,0,content_free_lambda_rmse,0.06581967878611104
C04_no_content_persistence,S0,temporal_only,1,bce,0.48495127543437583
C04_no_content_persistence,S0,temporal_only,1,auroc,0.7263583120055113
C04_no_content_persistence,S0,temporal_only,1,auprc,0.5218165774774861
C04_no_content_persistence,S0,temporal_only,1,surface_rmse,0.15342552979416219
C04_no_content_persistence,S0,temporal_only,1,cf_rmse_age,0.08395316743909866
C04_no_content_persistence,S0,temporal_only,1,cf_rmse_lag,0.12033830085433864
C04_no_content_persistence,S0,temporal_only,1,delta_bce_beta0,0.0
C04_no_content_persistence,S0,temporal_only,1,delta_bce_full_age_shuffle,0.002175233834686874
C04_no_content_persistence,S0,temporal_only,1,delta_bce_gate_age_shuffle,0.0
C04_no_content_persistence,S0,temporal_only,1,gate_signal_rmse,0.02623299544497352
C04_no_content_persistence,S0,temporal_only,1,gate_signal_mae,0.025225140682432475
C04_no_content_persistence,S0,temporal_only,1,gate_signal_correlation,0.999593846237656
C04_no_content_persistence,S0,temporal_only,1,gate_surface_rmse,0.02422363083034054
C04_no_content_persistence,S0,temporal_only,1,gate_surface_mae,0.021547058714715104
C04_no_content_persistence,S0,temporal_only,1,gate_surface_correlation,0.9995444910060783
C04_no_content_persistence,S0,temporal_only,1,beta_mean,0.0
C04_no_content_persistence,S0,temporal_only,1,abs_beta_mean,0.0
C04_no_content_persistence,S0,temporal_only,1,content_free_lambda_rmse,0.06458836603434104
C04_no_content_persistence,S0,temporal_only,2,bce,0.4840364844740697
C04_no_content_persistence,S0,temporal_only,2,auroc,0.7277582997679157
C04_no_content_persistence,S0,temporal_only,2,auprc,0.52263620299566
C04_no_content_persistence,S0,temporal_only,2,surface_rmse,0.15018318697918603
C04_no_content_persistence,S0,temporal_only,2,cf_rmse_age,0.07663752348278036
C04_no_content_persistence,S0,temporal_only,2,cf_rmse_lag,0.12046186054776437
C04_no_content_persistence,S0,temporal_only,2,delta_bce_beta0,0.0
C04_no_content_persistence,S0,temporal_only,2,delta_bce_full_age_shuffle,0.004518650648995648
C04_no_content_persistence,S0,temporal_only,2,delta_bce_gate_age_shuffle,0.0
C04_no_content_persistence,S0,temporal_only,2,gate_signal_rmse,0.025615113372536077
C04_no_content_persistence,S0,temporal_only,2,gate_signal_mae,0.024626568907479673
C04_no_content_persistence,S0,temporal_only,2,gate_signal_correlation,0.9996118644681706
C04_no_content_persistence,S0,temporal_only,2,gate_surface_rmse,0.023653048831595806
C04_no_content_persistence,S0,temporal_only,2,gate_surface_mae,0.02103568036891572
C04_no_content_persistence,S0,temporal_only,2,gate_surface_correlation,0.9995647187238949
C04_no_content_persistence,S0,temporal_only,2,beta_mean,0.0
C04_no_content_persistence,S0,temporal_only,2,abs_beta_mean,0.0
C04_no_content_persistence,S0,temporal_only,2,content_free_lambda_rmse,0.06317078876764792
C04_no_content_persistence,S0,temporal_only,3,bce,0.4835373598823088
C04_no_content_persistence,S0,temporal_only,3,auroc,0.7295770268664092
C04_no_content_persistence,S0,temporal_only,3,auprc,0.525636899664582
C04_no_content_persistence,S0,temporal_only,3,surface_rmse,0.14225377165190237
C04_no_content_persistence,S0,temporal_only,3,cf_rmse_age,0.0960130440877713
C04_no_content_persistence,S0,temporal_only,3,cf_rmse_lag,0.10958953961785001
C04_no_content_persistence,S0,temporal_only,3,delta_bce_beta0,0.0
C04_no_content_persistence,S0,temporal_only,3,delta_bce_full_age_shuffle,0.004599935989375248
C04_no_content_persistence,S0,temporal_only,3,delta_bce_gate_age_shuffle,0.0
C04_no_content_persistence,S0,temporal_only,3,gate_signal_rmse,0.027880696369731374
C04_no_content_persistence,S0,temporal_only,3,gate_signal_mae,0.0268222764403784
C04_no_content_persistence,S0,temporal_only,3,gate_signal_correlation,0.9995440158790023
C04_no_content_persistence,S0,temporal_only,3,gate_surface_rmse,0.025745206205946287
C04_no_content_persistence,S0,temporal_only,3,gate_surface_mae,0.02291156389399334
C04_no_content_persistence,S0,temporal_only,3,gate_surface_correlation,0.99948854307869
C04_no_content_persistence,S0,temporal_only,3,beta_mean,0.0
C04_no_content_persistence,S0,temporal_only,3,abs_beta_mean,0.0
C04_no_content_persistence,S0,temporal_only,3,content_free_lambda_rmse,0.06834602165491599
C04_no_content_persistence,S0,temporal_only,4,bce,0.48352184021222433
C04_no_content_persistence,S0,temporal_only,4,auroc,0.7285310912142666
C04_no_content_persistence,S0,temporal_only,4,auprc,0.5246567763320578
C04_no_content_persistence,S0,temporal_only,4,surface_rmse,0.13638686381356732
C04_no_content_persistence,S0,temporal_only,4,cf_rmse_age,0.07049056522932881
C04_no_content_persistence,S0,temporal_only,4,cf_rmse_lag,0.10096007497416881
C04_no_content_persistence,S0,temporal_only,4,delta_bce_beta0,0.0
C04_no_content_persistence,S0,temporal_only,4,delta_bce_full_age_shuffle,0.005492521062374245
C04_no_content_persistence,S0,temporal_only,4,delta_bce_gate_age_shuffle,0.0
C04_no_content_persistence,S0,temporal_only,4,gate_signal_rmse,0.023788397048364242
C04_no_content_persistence,S0,temporal_only,4,gate_signal_mae,0.022858075669325413
C04_no_content_persistence,S0,temporal_only,4,gate_signal_correlation,0.999662969045461
C04_no_content_persistence,S0,temporal_only,4,gate_surface_rmse,0.021966179411077577
C04_no_content_persistence,S0,temporal_only,4,gate_surface_mae,0.01952482436909526
C04_no_content_persistence,S0,temporal_only,4,gate_surface_correlation,0.9996220811534373
C04_no_content_persistence,S0,temporal_only,4,beta_mean,0.0
C04_no_content_persistence,S0,temporal_only,4,abs_beta_mean,0.0
C04_no_content_persistence,S0,temporal_only,4,content_free_lambda_rmse,0.05895250845224875
C04_no_content_persistence,S1,age_temporal,0,bce,0.4822908941123244
C04_no_content_persistence,S1,age_temporal,0,auroc,0.7389881118700219
C04_no_content_persistence,S1,age_temporal,0,auprc,0.5345858764708492
C04_no_content_persistence,S1,age_temporal,0,surface_rmse,0.17977034935982789
C04_no_content_persistence,S1,age_temporal,0,cf_rmse_age,0.13980188401128174
C04_no_content_persistence,S1,age_temporal,0,cf_rmse_lag,0.12165412287499792
C04_no_content_persistence,S1,age_temporal,0,delta_bce_beta0,0.00017480915607792635
C04_no_content_persistence,S1,age_temporal,0,delta_bce_full_age_shuffle,0.008310993148285706
C04_no_content_persistence,S1,age_temporal,0,delta_bce_gate_age_shuffle,0.00018347811385982515
C04_no_content_persistence,S1,age_temporal,0,gate_signal_rmse,0.05300456641090481
C04_no_content_persistence,S1,age_temporal,0,gate_signal_mae,0.0508969203299283
C04_no_content_persistence,S1,age_temporal,0,gate_signal_correlation,0.9979688739807506
C04_no_content_persistence,S1,age_temporal,0,gate_surface_rmse,0.05028404023798983
C04_no_content_persistence,S1,age_temporal,0,gate_surface_mae,0.044530908415159776
C04_no_content_persistence,S1,age_temporal,0,gate_surface_correlation,0.9979821044753943
C04_no_content_persistence,S1,age_temporal,0,beta_mean,0.06298697739839554
C04_no_content_persistence,S1,age_temporal,0,abs_beta_mean,0.06298697739839554
C04_no_content_persistence,S1,age_temporal,0,content_free_lambda_rmse,0.12423917776859443
C04_no_content_persistence,S1,age_temporal,1,bce,0.4814279501094295
C04_no_content_persistence,S1,age_temporal,1,auroc,0.7409462794927091
C04_no_content_persistence,S1,age_temporal,1,auprc,0.535140185422462
C04_no_content_persistence,S1,age_temporal,1,surface_rmse,0.1920046271642413
C04_no_content_persistence,S1,age_temporal,1,cf_rmse_age,0.1683959460633764
C04_no_content_persistence,S1,age_temporal,1,cf_rmse_lag,0.13784113891133135
C04_no_content_persistence,S1,age_temporal,1,delta_bce_beta0,-0.00013114582646311934
C04_no_content_persistence,S1,age_temporal,1,delta_bce_full_age_shuffle,0.006741097309279631
C04_no_content_persistence,S1,age_temporal,1,delta_bce_gate_age_shuffle,-7.736118190893038e-05
C04_no_content_persistence,S1,age_temporal,1,gate_signal_rmse,0.04950084588745449
C04_no_content_persistence,S1,age_temporal,1,gate_signal_mae,0.04767080558371604
C04_no_content_persistence,S1,age_temporal,1,gate_signal_correlation,0.9984171660800173
C04_no_content_persistence,S1,age_temporal,1,gate_surface_rmse,0.044848815711546974
C04_no_content_persistence,S1,age_temporal,1,gate_surface_mae,0.039835522267037876
C04_no_content_persistence,S1,age_temporal,1,gate_surface_correlation,0.9984375785679097
C04_no_content_persistence,S1,age_temporal,1,beta_mean,-0.04529476910829544
C04_no_content_persistence,S1,age_temporal,1,abs_beta_mean,0.04529476910829544
C04_no_content_persistence,S1,age_temporal,1,content_free_lambda_rmse,0.11262700776663542
C04_no_content_persistence,S1,age_temporal,2,bce,0.48161322184987904
C04_no_content_persistence,S1,age_temporal,2,auroc,0.7405466196818944
C04_no_content_persistence,S1,age_temporal,2,auprc,0.5355856542949021
C04_no_content_persistence,S1,age_temporal,2,surface_rmse,0.18678994712790958
C04_no_content_persistence,S1,age_temporal,2,cf_rmse_age,0.1456541109610462
C04_no_content_persistence,S1,age_temporal,2,cf_rmse_lag,0.13944019179984043
C04_no_content_persistence,S1,age_temporal,2,delta_bce_beta0,-4.281579880438535e-05
C04_no_content_persistence,S1,age_temporal,2,delta_bce_full_age_shuffle,0.011711219147260366
C04_no_content_persistence,S1,age_temporal,2,delta_bce_gate_age_shuffle,-2.315305656552802e-05
C04_no_content_persistence,S1,age_temporal,2,gate_signal_rmse,0.04583600264155904
C04_no_content_persistence,S1,age_temporal,2,gate_signal_mae,0.044321898157017904
C04_no_content_persistence,S1,age_temporal,2,gate_signal_correlation,0.9988524036957718
C04_no_content_persistence,S1,age_temporal,2,gate_surface_rmse,0.04200773985608902
C04_no_content_persistence,S1,age_temporal,2,gate_surface_mae,0.03753562858783036
C04_no_content_persistence,S1,age_temporal,2,gate_surface_correlation,0.9987113373551552
C04_no_content_persistence,S1,age_temporal,2,beta_mean,-0.01339232549071312
C04_no_content_persistence,S1,age_temporal,2,abs_beta_mean,0.01339232549071312
C04_no_content_persistence,S1,age_temporal,2,content_free_lambda_rmse,0.10653738994028256
C04_no_content_persistence,S1,age_temporal,3,bce,0.4817785601767889
C04_no_content_persistence,S1,age_temporal,3,auroc,0.7399233854137803
C04_no_content_persistence,S1,age_temporal,3,auprc,0.5352220269489403
C04_no_content_persistence,S1,age_temporal,3,surface_rmse,0.15805213879873412
C04_no_content_persistence,S1,age_temporal,3,cf_rmse_age,0.13408385317403812
C04_no_content_persistence,S1,age_temporal,3,cf_rmse_lag,0.11078044994178789
C04_no_content_persistence,S1,age_temporal,3,delta_bce_beta0,0.00011452829225466754
C04_no_content_persistence,S1,age_temporal,3,delta_bce_full_age_shuffle,0.011833768476432693
C04_no_content_persistence,S1,age_temporal,3,delta_bce_gate_age_shuffle,0.00011430583572308306
C04_no_content_persistence,S1,age_temporal,3,gate_signal_rmse,0.04638174920662146
C04_no_content_persistence,S1,age_temporal,3,gate_signal_mae,0.04460166153337758
C04_no_content_persistence,S1,age_temporal,3,gate_signal_correlation,0.9985555379422454
C04_no_content_persistence,S1,age_temporal,3,gate_surface_rmse,0.043762049427454375
C04_no_content_persistence,S1,age_temporal,3,gate_surface_mae,0.03883400634895249
C04_no_content_persistence,S1,age_temporal,3,gate_surface_correlation,0.9984971220746437
C04_no_content_persistence,S1,age_temporal,3,beta_mean,0.046175166964530945
C04_no_content_persistence,S1,age_temporal,3,abs_beta_mean,0.046175166964530945
C04_no_content_persistence,S1,age_temporal,3,content_free_lambda_rmse,0.11020504630809047
C04_no_content_persistence,S1,age_temporal,4,bce,0.48172263081533545
C04_no_content_persistence,S1,age_temporal,4,auroc,0.74144221191642
C04_no_content_persistence,S1,age_temporal,4,auprc,0.5366149590920559
C04_no_content_persistence,S1,age_temporal,4,surface_rmse,0.18448970874073078
C04_no_content_persistence,S1,age_temporal,4,cf_rmse_age,0.1589154550474742
C04_no_content_persistence,S1,age_temporal,4,cf_rmse_lag,0.12276727415744579
C04_no_content_persistence,S1,age_temporal,4,delta_bce_beta0,-5.136769196945057e-05
C04_no_content_persistence,S1,age_temporal,4,delta_bce_full_age_shuffle,0.0077659453619011165
C04_no_content_persistence,S1,age_temporal,4,delta_bce_gate_age_shuffle,-1.7291481490877558e-05
C04_no_content_persistence,S1,age_temporal,4,gate_signal_rmse,0.0495147600248345
C04_no_content_persistence,S1,age_temporal,4,gate_signal_mae,0.047889642509057785
C04_no_content_persistence,S1,age_temporal,4,gate_signal_correlation,0.9986436669004917
C04_no_content_persistence,S1,age_temporal,4,gate_surface_rmse,0.04525969401027848
C04_no_content_persistence,S1,age_temporal,4,gate_surface_mae,0.04044204295708094
C04_no_content_persistence,S1,age_temporal,4,gate_surface_correlation,0.9985081172561635
C04_no_content_persistence,S1,age_temporal,4,beta_mean,-0.021096503362059593
C04_no_content_persistence,S1,age_temporal,4,abs_beta_mean,0.021096503362059593
C04_no_content_persistence,S1,age_temporal,4,content_free_lambda_rmse,0.11374298300343999
C04_no_content_persistence,S1,temporal_only,0,bce,0.4823745350064986
C04_no_content_persistence,S1,temporal_only,0,auroc,0.7389378733714604
C04_no_content_persistence,S1,temporal_only,0,auprc,0.5345468101677259
C04_no_content_persistence,S1,temporal_only,0,surface_rmse,0.17875454943002056
C04_no_content_persistence,S1,temporal_only,0,cf_rmse_age,0.1399339845483862
C04_no_content_persistence,S1,temporal_only,0,cf_rmse_lag,0.12175646229238223
C04_no_content_persistence,S1,temporal_only,0,delta_bce_beta0,0.0
C04_no_content_persistence,S1,temporal_only,0,delta_bce_full_age_shuffle,0.008270524827657277
C04_no_content_persistence,S1,temporal_only,0,delta_bce_gate_age_shuffle,0.0
C04_no_content_persistence,S1,temporal_only,0,gate_signal_rmse,0.05320005920773017
C04_no_content_persistence,S1,temporal_only,0,gate_signal_mae,0.051559531547728986
C04_no_content_persistence,S1,temporal_only,0,gate_signal_correlation,0.9985262888226182
C04_no_content_persistence,S1,temporal_only,0,gate_surface_rmse,0.04905436882930375
C04_no_content_persistence,S1,temporal_only,0,gate_surface_mae,0.04394584416136422
C04_no_content_persistence,S1,temporal_only,0,gate_surface_correlation,0.9983032176753679
C04_no_content_persistence,S1,temporal_only,0,beta_mean,0.0
C04_no_content_persistence,S1,temporal_only,0,abs_beta_mean,0.0
C04_no_content_persistence,S1,temporal_only,0,content_free_lambda_rmse,0.12209129143030661
C04_no_content_persistence,S1,temporal_only,1,bce,0.48124445911266067
C04_no_content_persistence,S1,temporal_only,1,auroc,0.7411600850827222
C04_no_content_persistence,S1,temporal_only,1,auprc,0.5354806012703154
C04_no_content_persistence,S1,temporal_only,1,surface_rmse,0.19076350715203105
C04_no_content_persistence,S1,temporal_only,1,cf_rmse_age,0.1687615570554078
C04_no_content_persistence,S1,temporal_only,1,cf_rmse_lag,0.13592520448641454
C04_no_content_persistence,S1,temporal_only,1,delta_bce_beta0,0.0
C04_no_content_persistence,S1,temporal_only,1,delta_bce_full_age_shuffle,0.006724085666353963
C04_no_content_persistence,S1,temporal_only,1,delta_bce_gate_age_shuffle,0.0
C04_no_content_persistence,S1,temporal_only,1,gate_signal_rmse,0.04931905202318316
C04_no_content_persistence,S1,temporal_only,1,gate_signal_mae,0.04775602013076258
C04_no_content_persistence,S1,temporal_only,1,gate_signal_correlation,0.9987161951399662
C04_no_content_persistence,S1,temporal_only,1,gate_surface_rmse,0.04547368435649577
C04_no_content_persistence,S1,temporal_only,1,gate_surface_mae,0.04070012434881466
C04_no_content_persistence,S1,temporal_only,1,gate_surface_correlation,0.9985218589006816
C04_no_content_persistence,S1,temporal_only,1,beta_mean,0.0
C04_no_content_persistence,S1,temporal_only,1,abs_beta_mean,0.0
C04_no_content_persistence,S1,temporal_only,1,content_free_lambda_rmse,0.11427312898905295
C04_no_content_persistence,S1,temporal_only,2,bce,0.48159442819750437
C04_no_content_persistence,S1,temporal_only,2,auroc,0.7405926245991163
C04_no_content_persistence,S1,temporal_only,2,auprc,0.5355741533450913
C04_no_content_persistence,S1,temporal_only,2,surface_rmse,0.1872781730206624
C04_no_content_persistence,S1,temporal_only,2,cf_rmse_age,0.14621298414040995
C04_no_content_persistence,S1,temporal_only,2,cf_rmse_lag,0.1398059177772579
C04_no_content_persistence,S1,temporal_only,2,delta_bce_beta0,0.0
C04_no_content_persistence,S1,temporal_only,2,delta_bce_full_age_shuffle,0.011691549891987674
C04_no_content_persistence,S1,temporal_only,2,delta_bce_gate_age_shuffle,0.0
C04_no_content_persistence,S1,temporal_only,2,gate_signal_rmse,0.04613187862614347
C04_no_content_persistence,S1,temporal_only,2,gate_signal_mae,0.04463648549251792
C04_no_content_persistence,S1,temporal_only,2,gate_signal_correlation,0.99886414480941
C04_no_content_persistence,S1,temporal_only,2,gate_surface_rmse,0.042533394393334596
C04_no_content_persistence,S1,temporal_only,2,gate_surface_mae,0.0380385121573324
C04_no_content_persistence,S1,temporal_only,2,gate_surface_correlation,0.998692188589032
C04_no_content_persistence,S1,temporal_only,2,beta_mean,0.0
C04_no_content_persistence,S1,temporal_only,2,abs_beta_mean,0.0
C04_no_content_persistence,S1,temporal_only,2,content_free_lambda_rmse,0.1077400426891567
C04_no_content_persistence,S1,temporal_only,3,bce,0.4818031527678455
C04_no_content_persistence,S1,temporal_only,3,auroc,0.7398471444532795
C04_no_content_persistence,S1,temporal_only,3,auprc,0.5351977228751351
C04_no_content_persistence,S1,temporal_only,3,surface_rmse,0.15696204577107084
C04_no_content_persistence,S1,temporal_only,3,cf_rmse_age,0.13322834694216193
C04_no_content_persistence,S1,temporal_only,3,cf_rmse_lag,0.11040923752084818
C04_no_content_persistence,S1,temporal_only,3,delta_bce_beta0,0.0
C04_no_content_persistence,S1,temporal_only,3,delta_bce_full_age_shuffle,0.011755060489498537
C04_no_content_persistence,S1,temporal_only,3,delta_bce_gate_age_shuffle,0.0
C04_no_content_persistence,S1,temporal_only,3,gate_signal_rmse,0.046388400183908524
C04_no_content_persistence,S1,temporal_only,3,gate_signal_mae,0.04488742496270017
C04_no_content_persistence,S1,temporal_only,3,gate_signal_correlation,0.9988525112784339
C04_no_content_persistence,S1,temporal_only,3,gate_surface_rmse,0.0427700376861914
C04_no_content_persistence,S1,temporal_only,3,gate_surface_mae,0.03825260205405441
C04_no_content_persistence,S1,temporal_only,3,gate_surface_correlation,0.9986787956957792
C04_no_content_persistence,S1,temporal_only,3,beta_mean,0.0
C04_no_content_persistence,S1,temporal_only,3,abs_beta_mean,0.0
C04_no_content_persistence,S1,temporal_only,3,content_free_lambda_rmse,0.10826968956263083
C04_no_content_persistence,S1,temporal_only,4,bce,0.4814022621234524
C04_no_content_persistence,S1,temporal_only,4,auroc,0.7417888400382264
C04_no_content_persistence,S1,temporal_only,4,auprc,0.5371840271208923
C04_no_content_persistence,S1,temporal_only,4,surface_rmse,0.1872159721633036
C04_no_content_persistence,S1,temporal_only,4,cf_rmse_age,0.1681029016278332
C04_no_content_persistence,S1,temporal_only,4,cf_rmse_lag,0.12657085838713458
C04_no_content_persistence,S1,temporal_only,4,delta_bce_beta0,0.0
C04_no_content_persistence,S1,temporal_only,4,delta_bce_full_age_shuffle,0.008019378538692223
C04_no_content_persistence,S1,temporal_only,4,delta_bce_gate_age_shuffle,0.0
C04_no_content_persistence,S1,temporal_only,4,gate_signal_rmse,0.04975962365833629
C04_no_content_persistence,S1,temporal_only,4,gate_signal_mae,0.04818753009695822
C04_no_content_persistence,S1,temporal_only,4,gate_signal_correlation,0.9986951678896934
C04_no_content_persistence,S1,temporal_only,4,gate_surface_rmse,0.04588014630096219
C04_no_content_persistence,S1,temporal_only,4,gate_surface_mae,0.041068323116789845
C04_no_content_persistence,S1,temporal_only,4,gate_surface_correlation,0.9984976504107369
C04_no_content_persistence,S1,temporal_only,4,beta_mean,0.0
C04_no_content_persistence,S1,temporal_only,4,abs_beta_mean,0.0
C04_no_content_persistence,S1,temporal_only,4,content_free_lambda_rmse,0.11516815233500022
C04_no_content_persistence,S2,age_temporal,0,bce,0.4594228943180869
C04_no_content_persistence,S2,age_temporal,0,auroc,0.7595987471225725
C04_no_content_persistence,S2,age_temporal,0,auprc,0.5744880571468838
C04_no_content_persistence,S2,age_temporal,0,surface_rmse,0.2667568471861448
C04_no_content_persistence,S2,age_temporal,0,cf_rmse_age,0.17491604709628084
C04_no_content_persistence,S2,age_temporal,0,cf_rmse_lag,0.21918984157081522
C04_no_content_persistence,S2,age_temporal,0,delta_bce_beta0,0.007549215660120345
C04_no_content_persistence,S2,age_temporal,0,delta_bce_full_age_shuffle,0.021752983300925566
C04_no_content_persistence,S2,age_temporal,0,delta_bce_gate_age_shuffle,0.011590799644146499
C04_no_content_persistence,S2,age_temporal,0,gate_signal_rmse,0.1894206416921916
C04_no_content_persistence,S2,age_temporal,0,gate_signal_mae,0.15609928334603754
C04_no_content_persistence,S2,age_temporal,0,gate_signal_correlation,0.7718589752268653
C04_no_content_persistence,S2,age_temporal,0,gate_surface_rmse,0.18478797910742326
C04_no_content_persistence,S2,age_temporal,0,gate_surface_mae,0.14082257650169244
C04_no_content_persistence,S2,age_temporal,0,gate_surface_correlation,0.8666913895531331
C04_no_content_persistence,S2,age_temporal,0,beta_mean,-0.5688480138778687
C04_no_content_persistence,S2,age_temporal,0,abs_beta_mean,0.5688480138778687
C04_no_content_persistence,S2,age_temporal,0,content_free_lambda_rmse,0.7991406086204712
C04_no_content_persistence,S2,age_temporal,0,content_free_lambda_corr,0.9842564418921272
C04_no_content_persistence,S2,age_temporal,1,bce,0.45900714103518014
C04_no_content_persistence,S2,age_temporal,1,auroc,0.7580373851097373
C04_no_content_persistence,S2,age_temporal,1,auprc,0.5753825460981197
C04_no_content_persistence,S2,age_temporal,1,surface_rmse,0.22856749613046898
C04_no_content_persistence,S2,age_temporal,1,cf_rmse_age,0.15110755487418523
C04_no_content_persistence,S2,age_temporal,1,cf_rmse_lag,0.17673407727538568
C04_no_content_persistence,S2,age_temporal,1,delta_bce_beta0,0.009459599261816776
C04_no_content_persistence,S2,age_temporal,1,delta_bce_full_age_shuffle,0.023246724779912187
C04_no_content_persistence,S2,age_temporal,1,delta_bce_gate_age_shuffle,0.014176959214175
C04_no_content_persistence,S2,age_temporal,1,gate_signal_rmse,0.18821141365801683
C04_no_content_persistence,S2,age_temporal,1,gate_signal_mae,0.15458270864185308
C04_no_content_persistence,S2,age_temporal,1,gate_signal_correlation,0.7753137793172638
C04_no_content_persistence,S2,age_temporal,1,gate_surface_rmse,0.18337583470756585
C04_no_content_persistence,S2,age_temporal,1,gate_surface_mae,0.13919809286008408
C04_no_content_persistence,S2,age_temporal,1,gate_surface_correlation,0.8686036050258261
C04_no_content_persistence,S2,age_temporal,1,beta_mean,-0.5811623334884644
C04_no_content_persistence,S2,age_temporal,1,abs_beta_mean,0.5811623334884644
C04_no_content_persistence,S2,age_temporal,1,content_free_lambda_rmse,0.7921573800326481
C04_no_content_persistence,S2,age_temporal,1,content_free_lambda_corr,0.9845054929765047
C04_no_content_persistence,S2,age_temporal,2,bce,0.45959173971671186
C04_no_content_persistence,S2,age_temporal,2,auroc,0.7580328365920718
C04_no_content_persistence,S2,age_temporal,2,auprc,0.5740658600512604
C04_no_content_persistence,S2,age_temporal,2,surface_rmse,0.19703951204323417
C04_no_content_persistence,S2,age_temporal,2,cf_rmse_age,0.16422251670558333
C04_no_content_persistence,S2,age_temporal,2,cf_rmse_lag,0.1391760082525658
C04_no_content_persistence,S2,age_temporal,2,delta_bce_beta0,0.01154908688913081
C04_no_content_persistence,S2,age_temporal,2,delta_bce_full_age_shuffle,0.024833227577449435
C04_no_content_persistence,S2,age_temporal,2,delta_bce_gate_age_shuffle,0.016871831520601066
C04_no_content_persistence,S2,age_temporal,2,gate_signal_rmse,0.18205870859091763
C04_no_content_persistence,S2,age_temporal,2,gate_signal_mae,0.14973075454674398
C04_no_content_persistence,S2,age_temporal,2,gate_signal_correlation,0.7925964544773657
C04_no_content_persistence,S2,age_temporal,2,gate_surface_rmse,0.17736043978443936
C04_no_content_persistence,S2,age_temporal,2,gate_surface_mae,0.13471651388241712
C04_no_content_persistence,S2,age_temporal,2,gate_surface_correlation,0.8781409691617055
C04_no_content_persistence,S2,age_temporal,2,beta_mean,-0.6299533247947693
C04_no_content_persistence,S2,age_temporal,2,abs_beta_mean,0.6299533247947693
C04_no_content_persistence,S2,age_temporal,2,content_free_lambda_rmse,0.7825836629093473
C04_no_content_persistence,S2,age_temporal,2,content_free_lambda_corr,0.9858487258826548
C04_no_content_persistence,S2,age_temporal,3,bce,0.4614480899899481
C04_no_content_persistence,S2,age_temporal,3,auroc,0.7563012825761111
C04_no_content_persistence,S2,age_temporal,3,auprc,0.5710079648619533
C04_no_content_persistence,S2,age_temporal,3,surface_rmse,0.20710435312612316
C04_no_content_persistence,S2,age_temporal,3,cf_rmse_age,0.1590862185054084
C04_no_content_persistence,S2,age_temporal,3,cf_rmse_lag,0.1450387790762796
C04_no_content_persistence,S2,age_temporal,3,delta_bce_beta0,0.006093813285358851
C04_no_content_persistence,S2,age_temporal,3,delta_bce_full_age_shuffle,0.02095109350162022
C04_no_content_persistence,S2,age_temporal,3,delta_bce_gate_age_shuffle,0.009156691630787861
C04_no_content_persistence,S2,age_temporal,3,gate_signal_rmse,0.20332735955129502
C04_no_content_persistence,S2,age_temporal,3,gate_signal_mae,0.16831145198546815
C04_no_content_persistence,S2,age_temporal,3,gate_signal_correlation,0.7294903647500489
C04_no_content_persistence,S2,age_temporal,3,gate_surface_rmse,0.19894639645508705
C04_no_content_persistence,S2,age_temporal,3,gate_surface_mae,0.15266854361133594
C04_no_content_persistence,S2,age_temporal,3,gate_surface_correlation,0.8433928658683166
C04_no_content_persistence,S2,age_temporal,3,beta_mean,-0.4540325105190277
C04_no_content_persistence,S2,age_temporal,3,abs_beta_mean,0.4540325105190277
C04_no_content_persistence,S2,age_temporal,3,content_free_lambda_rmse,0.8298292616573338
C04_no_content_persistence,S2,age_temporal,3,content_free_lambda_corr,0.980955794225519
C04_no_content_persistence,S2,age_temporal,4,bce,0.45993529746941303
C04_no_content_persistence,S2,age_temporal,4,auroc,0.7573252431084664
C04_no_content_persistence,S2,age_temporal,4,auprc,0.5732416097989672
C04_no_content_persistence,S2,age_temporal,4,surface_rmse,0.20584057071314407
C04_no_content_persistence,S2,age_temporal,4,cf_rmse_age,0.16178880691195277
C04_no_content_persistence,S2,age_temporal,4,cf_rmse_lag,0.14032746831715415
C04_no_content_persistence,S2,age_temporal,4,delta_bce_beta0,0.010402899973251833
C04_no_content_persistence,S2,age_temporal,4,delta_bce_full_age_shuffle,0.021681876050613003
C04_no_content_persistence,S2,age_temporal,4,delta_bce_gate_age_shuffle,0.015388356863428432
C04_no_content_persistence,S2,age_temporal,4,gate_signal_rmse,0.1853147330459566
C04_no_content_persistence,S2,age_temporal,4,gate_signal_mae,0.15233234180005056
C04_no_content_persistence,S2,age_temporal,4,gate_signal_correlation,0.7835367191786449
C04_no_content_persistence,S2,age_temporal,4,gate_surface_rmse,0.18055752717969234
C04_no_content_persistence,S2,age_temporal,4,gate_surface_mae,0.1371356236647196
C04_no_content_persistence,S2,age_temporal,4,gate_surface_correlation,0.8731338028759184
C04_no_content_persistence,S2,age_temporal,4,beta_mean,-0.6039038896560669
C04_no_content_persistence,S2,age_temporal,4,abs_beta_mean,0.6039038896560669
C04_no_content_persistence,S2,age_temporal,4,content_free_lambda_rmse,0.7879943262981013
C04_no_content_persistence,S2,age_temporal,4,content_free_lambda_corr,0.9851465793043042
C04_no_content_persistence,S2,temporal_only,0,bce,0.4641995955645479
C04_no_content_persistence,S2,temporal_only,0,auroc,0.756140258678905
C04_no_content_persistence,S2,temporal_only,0,auprc,0.5642577545070018
C04_no_content_persistence,S2,temporal_only,0,surface_rmse,0.27389249252671743
C04_no_content_persistence,S2,temporal_only,0,cf_rmse_age,0.18087425314420977
C04_no_content_persistence,S2,temporal_only,0,cf_rmse_lag,0.22424632308263112
C04_no_content_persistence,S2,temporal_only,0,delta_bce_beta0,0.0
C04_no_content_persistence,S2,temporal_only,0,delta_bce_full_age_shuffle,0.009313105874161343
C04_no_content_persistence,S2,temporal_only,0,delta_bce_gate_age_shuffle,0.0
C04_no_content_persistence,S2,temporal_only,0,gate_signal_rmse,0.2593931383920687
C04_no_content_persistence,S2,temporal_only,0,gate_signal_mae,0.21705438247952333
C04_no_content_persistence,S2,temporal_only,0,gate_signal_correlation,0.519224367536996
C04_no_content_persistence,S2,temporal_only,0,gate_surface_rmse,0.2564334706772569
C04_no_content_persistence,S2,temporal_only,0,gate_surface_mae,0.20038792146421303
C04_no_content_persistence,S2,temporal_only,0,gate_surface_correlation,0.7273192041443263
C04_no_content_persistence,S2,temporal_only,0,beta_mean,0.0
C04_no_content_persistence,S2,temporal_only,0,abs_beta_mean,0.0
C04_no_content_persistence,S2,temporal_only,0,content_free_lambda_rmse,0.9271271234725967
C04_no_content_persistence,S2,temporal_only,1,bce,0.46462614656411055
C04_no_content_persistence,S2,temporal_only,1,auroc,0.754180712665669
C04_no_content_persistence,S2,temporal_only,1,auprc,0.5642260681758661
C04_no_content_persistence,S2,temporal_only,1,surface_rmse,0.2397854460996699
C04_no_content_persistence,S2,temporal_only,1,cf_rmse_age,0.17283422284771052
C04_no_content_persistence,S2,temporal_only,1,cf_rmse_lag,0.18194112402556673
C04_no_content_persistence,S2,temporal_only,1,delta_bce_beta0,0.0
C04_no_content_persistence,S2,temporal_only,1,delta_bce_full_age_shuffle,0.007452933667281447
C04_no_content_persistence,S2,temporal_only,1,delta_bce_gate_age_shuffle,0.0
C04_no_content_persistence,S2,temporal_only,1,gate_signal_rmse,0.2595061206313151
C04_no_content_persistence,S2,temporal_only,1,gate_signal_mae,0.21642474906958592
C04_no_content_persistence,S2,temporal_only,1,gate_signal_correlation,0.5193615527757405
C04_no_content_persistence,S2,temporal_only,1,gate_surface_rmse,0.2561107475556596
C04_no_content_persistence,S2,temporal_only,1,gate_surface_mae,0.1996938537414671
C04_no_content_persistence,S2,temporal_only,1,gate_surface_correlation,0.7278798018155396
C04_no_content_persistence,S2,temporal_only,1,beta_mean,0.0
C04_no_content_persistence,S2,temporal_only,1,abs_beta_mean,0.0
C04_no_content_persistence,S2,temporal_only,1,content_free_lambda_rmse,0.9230661774605801
C04_no_content_persistence,S2,temporal_only,2,bce,0.46538275523662886
C04_no_content_persistence,S2,temporal_only,2,auroc,0.7532386548598127
C04_no_content_persistence,S2,temporal_only,2,auprc,0.5611409895150063
C04_no_content_persistence,S2,temporal_only,2,surface_rmse,0.21830223800543264
C04_no_content_persistence,S2,temporal_only,2,cf_rmse_age,0.19802131000806678
C04_no_content_persistence,S2,temporal_only,2,cf_rmse_lag,0.14241228643883302
C04_no_content_persistence,S2,temporal_only,2,delta_bce_beta0,0.0
C04_no_content_persistence,S2,temporal_only,2,delta_bce_full_age_shuffle,0.008925277637174434
C04_no_content_persistence,S2,temporal_only,2,delta_bce_gate_age_shuffle,0.0
C04_no_content_persistence,S2,temporal_only,2,gate_signal_rmse,0.25937410664934296
C04_no_content_persistence,S2,temporal_only,2,gate_signal_mae,0.21732614302960504
C04_no_content_persistence,S2,temporal_only,2,gate_signal_correlation,0.5191650439631253
C04_no_content_persistence,S2,temporal_only,2,gate_surface_rmse,0.2565929290425
C04_no_content_persistence,S2,temporal_only,2,gate_surface_mae,0.2006800489634482
C04_no_content_persistence,S2,temporal_only,2,gate_surface_correlation,0.7270827984868057
C04_no_content_persistence,S2,temporal_only,2,beta_mean,0.0
C04_no_content_persistence,S2,temporal_only,2,abs_beta_mean,0.0
C04_no_content_persistence,S2,temporal_only,2,content_free_lambda_rmse,0.9288240597495445
C04_no_content_persistence,S2,temporal_only,3,bce,0.4655517940420463
C04_no_content_persistence,S2,temporal_only,3,auroc,0.7534812579898046
C04_no_content_persistence,S2,temporal_only,3,auprc,0.562180144473797
C04_no_content_persistence,S2,temporal_only,3,surface_rmse,0.21831785180540528
C04_no_content_persistence,S2,temporal_only,3,cf_rmse_age,0.1754581241204565
C04_no_content_persistence,S2,temporal_only,3,cf_rmse_lag,0.1484899651670993
C04_no_content_persistence,S2,temporal_only,3,delta_bce_beta0,0.0
C04_no_content_persistence,S2,temporal_only,3,delta_bce_full_age_shuffle,0.00956975754153122
C04_no_content_persistence,S2,temporal_only,3,delta_bce_gate_age_shuffle,0.0
C04_no_content_persistence,S2,temporal_only,3,gate_signal_rmse,0.2593931711477256
C04_no_content_persistence,S2,temporal_only,3,gate_signal_mae,0.21705405687471999
C04_no_content_persistence,S2,temporal_only,3,gate_signal_correlation,0.5192244393401987
C04_no_content_persistence,S2,temporal_only,3,gate_surface_rmse,0.2564332872500175
C04_no_content_persistence,S2,temporal_only,3,gate_surface_mae,0.20038756998762594
C04_no_content_persistence,S2,temporal_only,3,gate_surface_correlation,0.7273194884264753
C04_no_content_persistence,S2,temporal_only,3,beta_mean,0.0
C04_no_content_persistence,S2,temporal_only,3,abs_beta_mean,0.0
C04_no_content_persistence,S2,temporal_only,3,content_free_lambda_rmse,0.9271250773931535
C04_no_content_persistence,S2,temporal_only,4,bce,0.4654898576508698
C04_no_content_persistence,S2,temporal_only,4,auroc,0.7524981875529502
C04_no_content_persistence,S2,temporal_only,4,auprc,0.5617295516640359
C04_no_content_persistence,S2,temporal_only,4,surface_rmse,0.22052670407946234
C04_no_content_persistence,S2,temporal_only,4,cf_rmse_age,0.1804792123086586
C04_no_content_persistence,S2,temporal_only,4,cf_rmse_lag,0.14476722859927718
C04_no_content_persistence,S2,temporal_only,4,delta_bce_beta0,0.0
C04_no_content_persistence,S2,temporal_only,4,delta_bce_full_age_shuffle,0.006628189941474516
C04_no_content_persistence,S2,temporal_only,4,delta_bce_gate_age_shuffle,0.0
C04_no_content_persistence,S2,temporal_only,4,gate_signal_rmse,0.25941455299685134
C04_no_content_persistence,S2,temporal_only,4,gate_signal_mae,0.21687869847244512
C04_no_content_persistence,S2,temporal_only,4,gate_signal_correlation,0.5192623984132307
C04_no_content_persistence,S2,temporal_only,4,gate_surface_rmse,0.2563374105171748
C04_no_content_persistence,S2,temporal_only,4,gate_surface_mae,0.20019820977811872
C04_no_content_persistence,S2,temporal_only,4,gate_surface_correlation,0.7274725916399402
C04_no_content_persistence,S2,temporal_only,4,beta_mean,0.0
C04_no_content_persistence,S2,temporal_only,4,abs_beta_mean,0.0
C04_no_content_persistence,S2,temporal_only,4,content_free_lambda_rmse,0.926021206623402
C04_no_content_persistence,S3,age_temporal,0,bce,0.48760708490477384
C04_no_content_persistence,S3,age_temporal,0,auroc,0.7332953547897729
C04_no_content_persistence,S3,age_temporal,0,auprc,0.530413900484251
C04_no_content_persistence,S3,age_temporal,0,surface_rmse,0.14982089035499607
C04_no_content_persistence,S3,age_temporal,0,cf_rmse_age,0.11416097267425263
C04_no_content_persistence,S3,age_temporal,0,cf_rmse_lag,0.09522633117632673
C04_no_content_persistence,S3,age_temporal,0,delta_bce_beta0,0.008463407794295663
C04_no_content_persistence,S3,age_temporal,0,delta_bce_full_age_shuffle,0.023818384562844186
C04_no_content_persistence,S3,age_temporal,0,delta_bce_gate_age_shuffle,0.0134814894303113
C04_no_content_persistence,S3,age_temporal,0,gate_signal_rmse,0.16992693350958402
C04_no_content_persistence,S3,age_temporal,0,gate_signal_mae,0.14100751105584833
C04_no_content_persistence,S3,age_temporal,0,gate_signal_correlation,0.7987989176099989
C04_no_content_persistence,S3,age_temporal,0,gate_surface_rmse,0.18123538763716715
C04_no_content_persistence,S3,age_temporal,0,gate_surface_mae,0.13785330379532362
C04_no_content_persistence,S3,age_temporal,0,gate_surface_correlation,0.8722044202886833
C04_no_content_persistence,S3,age_temporal,0,beta_mean,0.5980579257011414
C04_no_content_persistence,S3,age_temporal,0,abs_beta_mean,0.5980579257011414
C04_no_content_persistence,S3,age_temporal,0,content_free_lambda_rmse,0.7909133084770975
C04_no_content_persistence,S3,age_temporal,0,content_free_lambda_corr,0.9850241054311116
C04_no_content_persistence,S3,age_temporal,1,bce,0.4897289138522006
C04_no_content_persistence,S3,age_temporal,1,auroc,0.7307689901541288
C04_no_content_persistence,S3,age_temporal,1,auprc,0.525154550348637
C04_no_content_persistence,S3,age_temporal,1,surface_rmse,0.18462823456353297
C04_no_content_persistence,S3,age_temporal,1,cf_rmse_age,0.13274157801943834
C04_no_content_persistence,S3,age_temporal,1,cf_rmse_lag,0.10525385132896156
C04_no_content_persistence,S3,age_temporal,1,delta_bce_beta0,0.0059555693947631605
C04_no_content_persistence,S3,age_temporal,1,delta_bce_full_age_shuffle,0.01852640050570792
C04_no_content_persistence,S3,age_temporal,1,delta_bce_gate_age_shuffle,0.009807888613516225
C04_no_content_persistence,S3,age_temporal,1,gate_signal_rmse,0.17699095488378574
C04_no_content_persistence,S3,age_temporal,1,gate_signal_mae,0.14733726584765564
C04_no_content_persistence,S3,age_temporal,1,gate_signal_correlation,0.7789982204485542
C04_no_content_persistence,S3,age_temporal,1,gate_surface_rmse,0.18912878682918355
C04_no_content_persistence,S3,age_temporal,1,gate_surface_mae,0.14417093373625064
C04_no_content_persistence,S3,age_temporal,1,gate_surface_correlation,0.8595713059662655
C04_no_content_persistence,S3,age_temporal,1,beta_mean,0.533662736415863
C04_no_content_persistence,S3,age_temporal,1,abs_beta_mean,0.533662736415863
C04_no_content_persistence,S3,age_temporal,1,content_free_lambda_rmse,0.806629226222405
C04_no_content_persistence,S3,age_temporal,1,content_free_lambda_corr,0.9832455991305543
C04_no_content_persistence,S3,age_temporal,2,bce,0.4885410996891372
C04_no_content_persistence,S3,age_temporal,2,auroc,0.7327445948356757
C04_no_content_persistence,S3,age_temporal,2,auprc,0.528280181487358
C04_no_content_persistence,S3,age_temporal,2,surface_rmse,0.17228115340055675
C04_no_content_persistence,S3,age_temporal,2,cf_rmse_age,0.1300019458146033
C04_no_content_persistence,S3,age_temporal,2,cf_rmse_lag,0.09495346459975215
C04_no_content_persistence,S3,age_temporal,2,delta_bce_beta0,0.00531132728942596
C04_no_content_persistence,S3,age_temporal,2,delta_bce_full_age_shuffle,0.021598510911207847
C04_no_content_persistence,S3,age_temporal,2,delta_bce_gate_age_shuffle,0.008288956068490949
C04_no_content_persistence,S3,age_temporal,2,gate_signal_rmse,0.18495976779613466
C04_no_content_persistence,S3,age_temporal,2,gate_signal_mae,0.1543444357876048
C04_no_content_persistence,S3,age_temporal,2,gate_signal_correlation,0.7533442070345835
C04_no_content_persistence,S3,age_temporal,2,gate_surface_rmse,0.1986616756231513
C04_no_content_persistence,S3,age_temporal,2,gate_surface_mae,0.15142317686283457
C04_no_content_persistence,S3,age_temporal,2,gate_surface_correlation,0.843271419948244
C04_no_content_persistence,S3,age_temporal,2,beta_mean,0.4570041596889496
C04_no_content_persistence,S3,age_temporal,2,abs_beta_mean,0.4570041596889496
C04_no_content_persistence,S3,age_temporal,2,content_free_lambda_rmse,0.8220047621494236
C04_no_content_persistence,S3,age_temporal,2,content_free_lambda_corr,0.9808994250922157
C04_no_content_persistence,S3,age_temporal,3,bce,0.48776585729463234
C04_no_content_persistence,S3,age_temporal,3,auroc,0.7342578714840298
C04_no_content_persistence,S3,age_temporal,3,auprc,0.5313846129912447
C04_no_content_persistence,S3,age_temporal,3,surface_rmse,0.21557042163945153
C04_no_content_persistence,S3,age_temporal,3,cf_rmse_age,0.16313701865070387
C04_no_content_persistence,S3,age_temporal,3,cf_rmse_lag,0.12553997759531801
C04_no_content_persistence,S3,age_temporal,3,delta_bce_beta0,0.007958680622091485
C04_no_content_persistence,S3,age_temporal,3,delta_bce_full_age_shuffle,0.02003208596074607
C04_no_content_persistence,S3,age_temporal,3,delta_bce_gate_age_shuffle,0.012831274075014554
C04_no_content_persistence,S3,age_temporal,3,gate_signal_rmse,0.17057394684050978
C04_no_content_persistence,S3,age_temporal,3,gate_signal_mae,0.1415459456932206
C04_no_content_persistence,S3,age_temporal,3,gate_signal_correlation,0.7965210139586976
C04_no_content_persistence,S3,age_temporal,3,gate_surface_rmse,0.18213503338282946
C04_no_content_persistence,S3,age_temporal,3,gate_surface_mae,0.1384788710465905
C04_no_content_persistence,S3,age_temporal,3,gate_surface_correlation,0.8707295580286474
C04_no_content_persistence,S3,age_temporal,3,beta_mean,0.5908318161964417
C04_no_content_persistence,S3,age_temporal,3,abs_beta_mean,0.5908318161964417
C04_no_content_persistence,S3,age_temporal,3,content_free_lambda_rmse,0.7919294996145076
C04_no_content_persistence,S3,age_temporal,3,content_free_lambda_corr,0.9848139764896184
C04_no_content_persistence,S3,age_temporal,4,bce,0.489409354052551
C04_no_content_persistence,S3,age_temporal,4,auroc,0.7317095188029529
C04_no_content_persistence,S3,age_temporal,4,auprc,0.5260937801638316
C04_no_content_persistence,S3,age_temporal,4,surface_rmse,0.15684980426319348
C04_no_content_persistence,S3,age_temporal,4,cf_rmse_age,0.12890673197723496
C04_no_content_persistence,S3,age_temporal,4,cf_rmse_lag,0.10049383606543967
C04_no_content_persistence,S3,age_temporal,4,delta_bce_beta0,0.00666236909275153
C04_no_content_persistence,S3,age_temporal,4,delta_bce_full_age_shuffle,0.021554189400418144
C04_no_content_persistence,S3,age_temporal,4,delta_bce_gate_age_shuffle,0.011076170807149899
C04_no_content_persistence,S3,age_temporal,4,gate_signal_rmse,0.173655246361971
C04_no_content_persistence,S3,age_temporal,4,gate_signal_mae,0.1443728020923212
C04_no_content_persistence,S3,age_temporal,4,gate_signal_correlation,0.7888346250814781
C04_no_content_persistence,S3,age_temporal,4,gate_surface_rmse,0.18528399395224587
C04_no_content_persistence,S3,age_temporal,4,gate_surface_mae,0.1411561709551473
C04_no_content_persistence,S3,age_temporal,4,gate_surface_correlation,0.8658503842992856
C04_no_content_persistence,S3,age_temporal,4,beta_mean,0.5648769736289978
C04_no_content_persistence,S3,age_temporal,4,abs_beta_mean,0.5648769736289978
C04_no_content_persistence,S3,age_temporal,4,content_free_lambda_rmse,0.7995905478768166
C04_no_content_persistence,S3,age_temporal,4,content_free_lambda_corr,0.9841354457867099
C04_no_content_persistence,S3,temporal_only,0,bce,0.4927527560102409
C04_no_content_persistence,S3,temporal_only,0,auroc,0.7288331359820444
C04_no_content_persistence,S3,temporal_only,0,auprc,0.5188151860613357
C04_no_content_persistence,S3,temporal_only,0,surface_rmse,0.1541552391093224
C04_no_content_persistence,S3,temporal_only,0,cf_rmse_age,0.12200351268628641
C04_no_content_persistence,S3,temporal_only,0,cf_rmse_lag,0.09612878598798341
C04_no_content_persistence,S3,temporal_only,0,delta_bce_beta0,0.0
C04_no_content_persistence,S3,temporal_only,0,delta_bce_full_age_shuffle,0.009381149473766948
C04_no_content_persistence,S3,temporal_only,0,delta_bce_gate_age_shuffle,0.0
C04_no_content_persistence,S3,temporal_only,0,gate_signal_rmse,0.23786106125974818
C04_no_content_persistence,S3,temporal_only,0,gate_signal_mae,0.20247462718579104
C04_no_content_persistence,S3,temporal_only,0,gate_signal_correlation,0.5671207209965382
C04_no_content_persistence,S3,temporal_only,0,gate_surface_rmse,0.2559251174258354
C04_no_content_persistence,S3,temporal_only,0,gate_surface_mae,0.1991872760308454
C04_no_content_persistence,S3,temporal_only,0,gate_surface_correlation,0.7282878706672433
C04_no_content_persistence,S3,temporal_only,0,beta_mean,0.0
C04_no_content_persistence,S3,temporal_only,0,abs_beta_mean,0.0
C04_no_content_persistence,S3,temporal_only,0,content_free_lambda_rmse,0.920076417401194
C04_no_content_persistence,S3,temporal_only,1,bce,0.49262132536090386
C04_no_content_persistence,S3,temporal_only,1,auroc,0.730365796031331
C04_no_content_persistence,S3,temporal_only,1,auprc,0.5174650181406618
C04_no_content_persistence,S3,temporal_only,1,surface_rmse,0.1719006825358498
C04_no_content_persistence,S3,temporal_only,1,cf_rmse_age,0.13424829271583621
C04_no_content_persistence,S3,temporal_only,1,cf_rmse_lag,0.1017691551702709
C04_no_content_persistence,S3,temporal_only,1,delta_bce_beta0,0.0
C04_no_content_persistence,S3,temporal_only,1,delta_bce_full_age_shuffle,0.008100889748032247
C04_no_content_persistence,S3,temporal_only,1,delta_bce_gate_age_shuffle,0.0
C04_no_content_persistence,S3,temporal_only,1,gate_signal_rmse,0.2371610063027178
C04_no_content_persistence,S3,temporal_only,1,gate_signal_mae,0.2016325501283962
C04_no_content_persistence,S3,temporal_only,1,gate_signal_correlation,0.5672106542610011
C04_no_content_persistence,S3,temporal_only,1,gate_surface_rmse,0.2558186941762786
C04_no_content_persistence,S3,temporal_only,1,gate_surface_mae,0.1988268408459617
C04_no_content_persistence,S3,temporal_only,1,gate_surface_correlation,0.7285775786796364
C04_no_content_persistence,S3,temporal_only,1,beta_mean,0.0
C04_no_content_persistence,S3,temporal_only,1,abs_beta_mean,0.0
C04_no_content_persistence,S3,temporal_only,1,content_free_lambda_rmse,0.9179360025758799
C04_no_content_persistence,S3,temporal_only,2,bce,0.492648002613111
C04_no_content_persistence,S3,temporal_only,2,auroc,0.729408556467978
C04_no_content_persistence,S3,temporal_only,2,auprc,0.5186112097922008
C04_no_content_persistence,S3,temporal_only,2,surface_rmse,0.17092648562852336
C04_no_content_persistence,S3,temporal_only,2,cf_rmse_age,0.13079144575577387
C04_no_content_persistence,S3,temporal_only,2,cf_rmse_lag,0.09608110400945515
C04_no_content_persistence,S3,temporal_only,2,delta_bce_beta0,0.0
C04_no_content_persistence,S3,temporal_only,2,delta_bce_full_age_shuffle,0.011459198894568756
C04_no_content_persistence,S3,temporal_only,2,delta_bce_gate_age_shuffle,0.0
C04_no_content_persistence,S3,temporal_only,2,gate_signal_rmse,0.23720158697030674
C04_no_content_persistence,S3,temporal_only,2,gate_signal_mae,0.20168184757158217
C04_no_content_persistence,S3,temporal_only,2,gate_signal_correlation,0.5672053940906338
C04_no_content_persistence,S3,temporal_only,2,gate_surface_rmse,0.2558243786811866
C04_no_content_persistence,S3,temporal_only,2,gate_surface_mae,0.1988480977689063
C04_no_content_persistence,S3,temporal_only,2,gate_surface_correlation,0.7285605086222796
C04_no_content_persistence,S3,temporal_only,2,beta_mean,0.0
C04_no_content_persistence,S3,temporal_only,2,abs_beta_mean,0.0
C04_no_content_persistence,S3,temporal_only,2,content_free_lambda_rmse,0.9180625375768775
C04_no_content_persistence,S3,temporal_only,3,bce,0.4927868863499241
C04_no_content_persistence,S3,temporal_only,3,auroc,0.7303206981261363
C04_no_content_persistence,S3,temporal_only,3,auprc,0.5191781725994318
C04_no_content_persistence,S3,temporal_only,3,surface_rmse,0.2134406896081405
C04_no_content_persistence,S3,temporal_only,3,cf_rmse_age,0.1562219162282674
C04_no_content_persistence,S3,temporal_only,3,cf_rmse_lag,0.12660651840787943
C04_no_content_persistence,S3,temporal_only,3,delta_bce_beta0,0.0
C04_no_content_persistence,S3,temporal_only,3,delta_bce_full_age_shuffle,0.008875866535494714
C04_no_content_persistence,S3,temporal_only,3,delta_bce_gate_age_shuffle,0.0
C04_no_content_persistence,S3,temporal_only,3,gate_signal_rmse,0.23778021120340784
C04_no_content_persistence,S3,temporal_only,3,gate_signal_mae,0.20237833703007266
C04_no_content_persistence,S3,temporal_only,3,gate_signal_correlation,0.5671310221344182
C04_no_content_persistence,S3,temporal_only,3,gate_surface_rmse,0.25591194626338953
C04_no_content_persistence,S3,temporal_only,3,gate_surface_mae,0.19914630689218407
C04_no_content_persistence,S3,temporal_only,3,gate_surface_correlation,0.7283208283755869
C04_no_content_persistence,S3,temporal_only,3,beta_mean,0.0
C04_no_content_persistence,S3,temporal_only,3,abs_beta_mean,0.0
C04_no_content_persistence,S3,temporal_only,3,content_free_lambda_rmse,0.9198336755917107
C04_no_content_persistence,S3,temporal_only,4,bce,0.4937326687196994
C04_no_content_persistence,S3,temporal_only,4,auroc,0.7282382376010986
C04_no_content_persistence,S3,temporal_only,4,auprc,0.514739493046808
C04_no_content_persistence,S3,temporal_only,4,surface_rmse,0.16021946610829363
C04_no_content_persistence,S3,temporal_only,4,cf_rmse_age,0.1354810036095555
C04_no_content_persistence,S3,temporal_only,4,cf_rmse_lag,0.10473948168714722
C04_no_content_persistence,S3,temporal_only,4,delta_bce_beta0,0.0
C04_no_content_persistence,S3,temporal_only,4,delta_bce_full_age_shuffle,0.008917266206486973
C04_no_content_persistence,S3,temporal_only,4,delta_bce_gate_age_shuffle,0.0
C04_no_content_persistence,S3,temporal_only,4,gate_signal_rmse,0.23768955562635105
C04_no_content_persistence,S3,temporal_only,4,gate_signal_mae,0.2022699068601463
C04_no_content_persistence,S3,temporal_only,4,gate_signal_correlation,0.5671425996264591
C04_no_content_persistence,S3,temporal_only,4,gate_surface_rmse,0.2558974438970342
C04_no_content_persistence,S3,temporal_only,4,gate_surface_mae,0.19910017079655193
C04_no_content_persistence,S3,temporal_only,4,gate_surface_correlation,0.7283579342868838
C04_no_content_persistence,S3,temporal_only,4,beta_mean,0.0
C04_no_content_persistence,S3,temporal_only,4,abs_beta_mean,0.0
C04_no_content_persistence,S3,temporal_only,4,content_free_lambda_rmse,0.91956015045757
C05_shared_beta_mixture,S0,age_temporal,0,bce,0.48235903198100355
C05_shared_beta_mixture,S0,age_temporal,0,auroc,0.7303787335418025
C05_shared_beta_mixture,S0,age_temporal,0,auprc,0.5269410481675543
C05_shared_beta_mixture,S0,age_temporal,0,surface_rmse,0.14992869372158207
C05_shared_beta_mixture,S0,age_temporal,0,cf_rmse_age,0.06815417017051467
C05_shared_beta_mixture,S0,age_temporal,0,cf_rmse_lag,0.1123966909655997
C05_shared_beta_mixture,S0,age_temporal,0,delta_bce_beta0,2.9183526511378233e-05
C05_shared_beta_mixture,S0,age_temporal,0,delta_bce_full_age_shuffle,0.005026225846511079
C05_shared_beta_mixture,S0,age_temporal,0,delta_bce_gate_age_shuffle,0.00011820664803674497
C05_shared_beta_mixture,S0,age_temporal,0,gate_signal_rmse,0.026990677927380725
C05_shared_beta_mixture,S0,age_temporal,0,gate_signal_mae,0.025350915595077298
C05_shared_beta_mixture,S0,age_temporal,0,gate_signal_correlation,0.9991849117372759
C05_shared_beta_mixture,S0,age_temporal,0,beta_mean,0.053882233798503876
C05_shared_beta_mixture,S0,age_temporal,0,abs_beta_mean,0.053882233798503876
C05_shared_beta_mixture,S0,age_temporal,1,bce,0.48499870484923485
C05_shared_beta_mixture,S0,age_temporal,1,auroc,0.7262940768474078
C05_shared_beta_mixture,S0,age_temporal,1,auprc,0.5217010210857663
C05_shared_beta_mixture,S0,age_temporal,1,surface_rmse,0.15351775135077286
C05_shared_beta_mixture,S0,age_temporal,1,cf_rmse_age,0.0847893706718184
C05_shared_beta_mixture,S0,age_temporal,1,cf_rmse_lag,0.12039903619981637
C05_shared_beta_mixture,S0,age_temporal,1,delta_bce_beta0,6.019121509942549e-05
C05_shared_beta_mixture,S0,age_temporal,1,delta_bce_full_age_shuffle,0.0021893761561700975
C05_shared_beta_mixture,S0,age_temporal,1,delta_bce_gate_age_shuffle,6.948121328598234e-05
C05_shared_beta_mixture,S0,age_temporal,1,gate_signal_rmse,0.02653864225422754
C05_shared_beta_mixture,S0,age_temporal,1,gate_signal_mae,0.02537214716199989
C05_shared_beta_mixture,S0,age_temporal,1,gate_signal_correlation,0.999492182739855
C05_shared_beta_mixture,S0,age_temporal,1,beta_mean,-0.027379561215639114
C05_shared_beta_mixture,S0,age_temporal,1,abs_beta_mean,0.027379561215639114
C05_shared_beta_mixture,S0,age_temporal,2,bce,0.4841571896983551
C05_shared_beta_mixture,S0,age_temporal,2,auroc,0.7274394698423422
C05_shared_beta_mixture,S0,age_temporal,2,auprc,0.5223841929632372
C05_shared_beta_mixture,S0,age_temporal,2,surface_rmse,0.1494562727597405
C05_shared_beta_mixture,S0,age_temporal,2,cf_rmse_age,0.07662882400383962
C05_shared_beta_mixture,S0,age_temporal,2,cf_rmse_lag,0.12006063560783096
C05_shared_beta_mixture,S0,age_temporal,2,delta_bce_beta0,8.650459663450683e-05
C05_shared_beta_mixture,S0,age_temporal,2,delta_bce_full_age_shuffle,0.004513768077637426
C05_shared_beta_mixture,S0,age_temporal,2,delta_bce_gate_age_shuffle,0.00010122186163274982
C05_shared_beta_mixture,S0,age_temporal,2,gate_signal_rmse,0.026372291980244364
C05_shared_beta_mixture,S0,age_temporal,2,gate_signal_mae,0.024911227430825557
C05_shared_beta_mixture,S0,age_temporal,2,gate_signal_correlation,0.9993131284197202
C05_shared_beta_mixture,S0,age_temporal,2,beta_mean,-0.046858105808496475
C05_shared_beta_mixture,S0,age_temporal,2,abs_beta_mean,0.046858105808496475
C05_shared_beta_mixture,S0,age_temporal,3,bce,0.4835362196181457
C05_shared_beta_mixture,S0,age_temporal,3,auroc,0.7294640905746275
C05_shared_beta_mixture,S0,age_temporal,3,auprc,0.5255891873028367
C05_shared_beta_mixture,S0,age_temporal,3,surface_rmse,0.1423958746941109
C05_shared_beta_mixture,S0,age_temporal,3,cf_rmse_age,0.09779658767703657
C05_shared_beta_mixture,S0,age_temporal,3,cf_rmse_lag,0.1097905174353798
C05_shared_beta_mixture,S0,age_temporal,3,delta_bce_beta0,-3.693489174672049e-06
C05_shared_beta_mixture,S0,age_temporal,3,delta_bce_full_age_shuffle,0.004657113369071431
C05_shared_beta_mixture,S0,age_temporal,3,delta_bce_gate_age_shuffle,7.228201367559528e-06
C05_shared_beta_mixture,S0,age_temporal,3,gate_signal_rmse,0.02812726158682272
C05_shared_beta_mixture,S0,age_temporal,3,gate_signal_mae,0.026880054350112467
C05_shared_beta_mixture,S0,age_temporal,3,gate_signal_correlation,0.9994151210481875
C05_shared_beta_mixture,S0,age_temporal,3,beta_mean,0.029753699898719788
C05_shared_beta_mixture,S0,age_temporal,3,abs_beta_mean,0.029753699898719788
C05_shared_beta_mixture,S0,age_temporal,4,bce,0.48355698055581525
C05_shared_beta_mixture,S0,age_temporal,4,auroc,0.7284787662079719
C05_shared_beta_mixture,S0,age_temporal,4,auprc,0.5245501196570188
C05_shared_beta_mixture,S0,age_temporal,4,surface_rmse,0.1366952882231039
C05_shared_beta_mixture,S0,age_temporal,4,cf_rmse_age,0.07038771138802569
C05_shared_beta_mixture,S0,age_temporal,4,cf_rmse_lag,0.10115505149492733
C05_shared_beta_mixture,S0,age_temporal,4,delta_bce_beta0,-1.1849357012261308e-07
C05_shared_beta_mixture,S0,age_temporal,4,delta_bce_full_age_shuffle,0.0054866962854069334
C05_shared_beta_mixture,S0,age_temporal,4,delta_bce_gate_age_shuffle,-1.4569393920749185e-06
C05_shared_beta_mixture,S0,age_temporal,4,gate_signal_rmse,0.023704252254511105
C05_shared_beta_mixture,S0,age_temporal,4,gate_signal_mae,0.02277629408038384
C05_shared_beta_mixture,S0,age_temporal,4,gate_signal_correlation,0.9996650983692652
C05_shared_beta_mixture,S0,age_temporal,4,beta_mean,-0.0018442197469994426
C05_shared_beta_mixture,S0,age_temporal,4,abs_beta_mean,0.0018442197469994426
C05_shared_beta_mixture,S0,temporal_only,0,bce,0.48238276729343327
C05_shared_beta_mixture,S0,temporal_only,0,auroc,0.7303389809054412
C05_shared_beta_mixture,S0,temporal_only,0,auprc,0.5270245166680093
C05_shared_beta_mixture,S0,temporal_only,0,surface_rmse,0.14976246499762536
C05_shared_beta_mixture,S0,temporal_only,0,cf_rmse_age,0.06931829885405583
C05_shared_beta_mixture,S0,temporal_only,0,cf_rmse_lag,0.11150806594584457
C05_shared_beta_mixture,S0,temporal_only,0,delta_bce_beta0,0.0
C05_shared_beta_mixture,S0,temporal_only,0,delta_bce_full_age_shuffle,0.00503719784581913
C05_shared_beta_mixture,S0,temporal_only,0,delta_bce_gate_age_shuffle,0.0
C05_shared_beta_mixture,S0,temporal_only,0,gate_signal_rmse,0.02677134124362567
C05_shared_beta_mixture,S0,temporal_only,0,gate_signal_mae,0.02574681697308599
C05_shared_beta_mixture,S0,temporal_only,0,gate_signal_correlation,0.9995778489931159
C05_shared_beta_mixture,S0,temporal_only,0,beta_mean,0.0
C05_shared_beta_mixture,S0,temporal_only,0,abs_beta_mean,0.0
C05_shared_beta_mixture,S0,temporal_only,1,bce,0.4849512763123519
C05_shared_beta_mixture,S0,temporal_only,1,auroc,0.7263582924566367
C05_shared_beta_mixture,S0,temporal_only,1,auprc,0.5218165594395769
C05_shared_beta_mixture,S0,temporal_only,1,surface_rmse,0.1534255221877275
C05_shared_beta_mixture,S0,temporal_only,1,cf_rmse_age,0.08395316104336142
C05_shared_beta_mixture,S0,temporal_only,1,cf_rmse_lag,0.12033828616689694
C05_shared_beta_mixture,S0,temporal_only,1,delta_bce_beta0,0.0
C05_shared_beta_mixture,S0,temporal_only,1,delta_bce_full_age_shuffle,0.0021752340322800934
C05_shared_beta_mixture,S0,temporal_only,1,delta_bce_gate_age_shuffle,0.0
C05_shared_beta_mixture,S0,temporal_only,1,gate_signal_rmse,0.026233000104501636
C05_shared_beta_mixture,S0,temporal_only,1,gate_signal_mae,0.02522514509059203
C05_shared_beta_mixture,S0,temporal_only,1,gate_signal_correlation,0.999593846213952
C05_shared_beta_mixture,S0,temporal_only,1,beta_mean,0.0
C05_shared_beta_mixture,S0,temporal_only,1,abs_beta_mean,0.0
C05_shared_beta_mixture,S0,temporal_only,2,bce,0.48403648488860723
C05_shared_beta_mixture,S0,temporal_only,2,auroc,0.7277583315348368
C05_shared_beta_mixture,S0,temporal_only,2,auprc,0.522636212678964
C05_shared_beta_mixture,S0,temporal_only,2,surface_rmse,0.15018315213154143
C05_shared_beta_mixture,S0,temporal_only,2,cf_rmse_age,0.07663751399423226
C05_shared_beta_mixture,S0,temporal_only,2,cf_rmse_lag,0.12046184110580475
C05_shared_beta_mixture,S0,temporal_only,2,delta_bce_beta0,0.0
C05_shared_beta_mixture,S0,temporal_only,2,delta_bce_full_age_shuffle,0.004518650619249831
C05_shared_beta_mixture,S0,temporal_only,2,delta_bce_gate_age_shuffle,0.0
C05_shared_beta_mixture,S0,temporal_only,2,gate_signal_rmse,0.025615092930290496
C05_shared_beta_mixture,S0,temporal_only,2,gate_signal_mae,0.02462654891528966
C05_shared_beta_mixture,S0,temporal_only,2,gate_signal_correlation,0.9996118651902942
C05_shared_beta_mixture,S0,temporal_only,2,beta_mean,0.0
C05_shared_beta_mixture,S0,temporal_only,2,abs_beta_mean,0.0
C05_shared_beta_mixture,S0,temporal_only,3,bce,0.48353735777663986
C05_shared_beta_mixture,S0,temporal_only,3,auroc,0.7295769877686602
C05_shared_beta_mixture,S0,temporal_only,3,auprc,0.525636799561403
C05_shared_beta_mixture,S0,temporal_only,3,surface_rmse,0.14225377042450932
C05_shared_beta_mixture,S0,temporal_only,3,cf_rmse_age,0.0960130265555395
C05_shared_beta_mixture,S0,temporal_only,3,cf_rmse_lag,0.10958954208773236
C05_shared_beta_mixture,S0,temporal_only,3,delta_bce_beta0,0.0
C05_shared_beta_mixture,S0,temporal_only,3,delta_bce_full_age_shuffle,0.004599935690295598
C05_shared_beta_mixture,S0,temporal_only,3,delta_bce_gate_age_shuffle,0.0
C05_shared_beta_mixture,S0,temporal_only,3,gate_signal_rmse,0.027880675459402558
C05_shared_beta_mixture,S0,temporal_only,3,gate_signal_mae,0.02682225585528157
C05_shared_beta_mixture,S0,temporal_only,3,gate_signal_correlation,0.9995440166474385
C05_shared_beta_mixture,S0,temporal_only,3,beta_mean,0.0
C05_shared_beta_mixture,S0,temporal_only,3,abs_beta_mean,0.0
C05_shared_beta_mixture,S0,temporal_only,4,bce,0.48352184357416333
C05_shared_beta_mixture,S0,temporal_only,4,auroc,0.7285310350112524
C05_shared_beta_mixture,S0,temporal_only,4,auprc,0.5246566581168145
C05_shared_beta_mixture,S0,temporal_only,4,surface_rmse,0.13638688222184583
C05_shared_beta_mixture,S0,temporal_only,4,cf_rmse_age,0.07049057088745851
C05_shared_beta_mixture,S0,temporal_only,4,cf_rmse_lag,0.10096008370064444
C05_shared_beta_mixture,S0,temporal_only,4,delta_bce_beta0,0.0
C05_shared_beta_mixture,S0,temporal_only,4,delta_bce_full_age_shuffle,0.00549252098357228
C05_shared_beta_mixture,S0,temporal_only,4,delta_bce_gate_age_shuffle,0.0
C05_shared_beta_mixture,S0,temporal_only,4,gate_signal_rmse,0.023788401649976226
C05_shared_beta_mixture,S0,temporal_only,4,gate_signal_mae,0.02285808003099431
C05_shared_beta_mixture,S0,temporal_only,4,gate_signal_correlation,0.9996629690289772
C05_shared_beta_mixture,S0,temporal_only,4,beta_mean,0.0
C05_shared_beta_mixture,S0,temporal_only,4,abs_beta_mean,0.0
C05_shared_beta_mixture,S1,age_temporal,0,bce,0.48229089693288885
C05_shared_beta_mixture,S1,age_temporal,0,auroc,0.7389880632081675
C05_shared_beta_mixture,S1,age_temporal,0,auprc,0.5345858555540997
C05_shared_beta_mixture,S1,age_temporal,0,surface_rmse,0.17977031314364975
C05_shared_beta_mixture,S1,age_temporal,0,cf_rmse_age,0.13980188467498356
C05_shared_beta_mixture,S1,age_temporal,0,cf_rmse_lag,0.1216540951813465
C05_shared_beta_mixture,S1,age_temporal,0,delta_bce_beta0,0.00017481098115024185
C05_shared_beta_mixture,S1,age_temporal,0,delta_bce_full_age_shuffle,0.008310992316885313
C05_shared_beta_mixture,S1,age_temporal,0,delta_bce_gate_age_shuffle,0.00018347778845739793
C05_shared_beta_mixture,S1,age_temporal,0,gate_signal_rmse,0.053004560741653876
C05_shared_beta_mixture,S1,age_temporal,0,gate_signal_mae,0.050896913827647515
C05_shared_beta_mixture,S1,age_temporal,0,gate_signal_correlation,0.9979688736520214
C05_shared_beta_mixture,S1,age_temporal,0,beta_mean,0.06298699229955673
C05_shared_beta_mixture,S1,age_temporal,0,abs_beta_mean,0.06298699229955673
C05_shared_beta_mixture,S1,age_temporal,1,bce,0.48142795169085384
C05_shared_beta_mixture,S1,age_temporal,1,auroc,0.7409463281545635
C05_shared_beta_mixture,S1,age_temporal,1,auprc,0.535140243248682
C05_shared_beta_mixture,S1,age_temporal,1,surface_rmse,0.19200468758007935
C05_shared_beta_mixture,S1,age_temporal,1,cf_rmse_age,0.16839599596649854
C05_shared_beta_mixture,S1,age_temporal,1,cf_rmse_lag,0.13784119406379905
C05_shared_beta_mixture,S1,age_temporal,1,delta_bce_beta0,-0.00013114716907636215
C05_shared_beta_mixture,S1,age_temporal,1,delta_bce_full_age_shuffle,0.006741097429117271
C05_shared_beta_mixture,S1,age_temporal,1,delta_bce_gate_age_shuffle,-7.736258583035394e-05
C05_shared_beta_mixture,S1,age_temporal,1,gate_signal_rmse,0.04950082656629382
C05_shared_beta_mixture,S1,age_temporal,1,gate_signal_mae,0.047670785017009186
C05_shared_beta_mixture,S1,age_temporal,1,gate_signal_correlation,0.9984171655925358
C05_shared_beta_mixture,S1,age_temporal,1,beta_mean,-0.0452948696911335
C05_shared_beta_mixture,S1,age_temporal,1,abs_beta_mean,0.0452948696911335
C05_shared_beta_mixture,S1,age_temporal,2,bce,0.4816132234428841
C05_shared_beta_mixture,S1,age_temporal,2,auroc,0.7405466318473579
C05_shared_beta_mixture,S1,age_temporal,2,auprc,0.5355857020588563
C05_shared_beta_mixture,S1,age_temporal,2,surface_rmse,0.18678994466714513
C05_shared_beta_mixture,S1,age_temporal,2,cf_rmse_age,0.14565410124737233
C05_shared_beta_mixture,S1,age_temporal,2,cf_rmse_lag,0.1394401904598355
C05_shared_beta_mixture,S1,age_temporal,2,delta_bce_beta0,-4.281412628842629e-05
C05_shared_beta_mixture,S1,age_temporal,2,delta_bce_full_age_shuffle,0.011711219408981455
C05_shared_beta_mixture,S1,age_temporal,2,delta_bce_gate_age_shuffle,-2.315291234711303e-05
C05_shared_beta_mixture,S1,age_temporal,2,gate_signal_rmse,0.045835986811210976
C05_shared_beta_mixture,S1,age_temporal,2,gate_signal_mae,0.04432188212565796
C05_shared_beta_mixture,S1,age_temporal,2,gate_signal_correlation,0.9988524043136918
C05_shared_beta_mixture,S1,age_temporal,2,beta_mean,-0.013392329216003418
C05_shared_beta_mixture,S1,age_temporal,2,abs_beta_mean,0.013392329216003418
C05_shared_beta_mixture,S1,age_temporal,3,bce,0.48177855743626596
C05_shared_beta_mixture,S1,age_temporal,3,auroc,0.7399233513504823
C05_shared_beta_mixture,S1,age_temporal,3,auprc,0.5352218181365966
C05_shared_beta_mixture,S1,age_temporal,3,surface_rmse,0.15805214519810662
C05_shared_beta_mixture,S1,age_temporal,3,cf_rmse_age,0.1340838243548854
C05_shared_beta_mixture,S1,age_temporal,3,cf_rmse_lag,0.1107804386432986
C05_shared_beta_mixture,S1,age_temporal,3,delta_bce_beta0,0.00011452953614277117
C05_shared_beta_mixture,S1,age_temporal,3,delta_bce_full_age_shuffle,0.011833771877290566
C05_shared_beta_mixture,S1,age_temporal,3,delta_bce_gate_age_shuffle,0.00011430842581466871
C05_shared_beta_mixture,S1,age_temporal,3,gate_signal_rmse,0.04638173948640197
C05_shared_beta_mixture,S1,age_temporal,3,gate_signal_mae,0.044601651728418366
C05_shared_beta_mixture,S1,age_temporal,3,gate_signal_correlation,0.9985555385077632
C05_shared_beta_mixture,S1,age_temporal,3,beta_mean,0.04617515206336975
C05_shared_beta_mixture,S1,age_temporal,3,abs_beta_mean,0.04617515206336975
C05_shared_beta_mixture,S1,age_temporal,4,bce,0.48172263126725556
C05_shared_beta_mixture,S1,age_temporal,4,auroc,0.7414422581451818
C05_shared_beta_mixture,S1,age_temporal,4,auprc,0.5366148094812903
C05_shared_beta_mixture,S1,age_temporal,4,surface_rmse,0.18448970249035357
C05_shared_beta_mixture,S1,age_temporal,4,cf_rmse_age,0.15891546903621467
C05_shared_beta_mixture,S1,age_temporal,4,cf_rmse_lag,0.12276726921276884
C05_shared_beta_mixture,S1,age_temporal,4,delta_bce_beta0,-5.136856208853846e-05
C05_shared_beta_mixture,S1,age_temporal,4,delta_bce_full_age_shuffle,0.007765946598130236
C05_shared_beta_mixture,S1,age_temporal,4,delta_bce_gate_age_shuffle,-1.7290063272001888e-05
C05_shared_beta_mixture,S1,age_temporal,4,gate_signal_rmse,0.049514741174143
C05_shared_beta_mixture,S1,age_temporal,4,gate_signal_mae,0.04788962356367682
C05_shared_beta_mixture,S1,age_temporal,4,gate_signal_correlation,0.998643667713765
C05_shared_beta_mixture,S1,age_temporal,4,beta_mean,-0.021096516400575638
C05_shared_beta_mixture,S1,age_temporal,4,abs_beta_mean,0.021096516400575638
C05_shared_beta_mixture,S1,temporal_only,0,bce,0.4823745336083629
C05_shared_beta_mixture,S1,temporal_only,0,auroc,0.7389378490405332
C05_shared_beta_mixture,S1,temporal_only,0,auprc,0.5345468165279434
C05_shared_beta_mixture,S1,temporal_only,0,surface_rmse,0.17875454621313788
C05_shared_beta_mixture,S1,temporal_only,0,cf_rmse_age,0.13993400189575525
C05_shared_beta_mixture,S1,temporal_only,0,cf_rmse_lag,0.12175645333463106
C05_shared_beta_mixture,S1,temporal_only,0,delta_bce_beta0,0.0
C05_shared_beta_mixture,S1,temporal_only,0,delta_bce_full_age_shuffle,0.008270525073656998
C05_shared_beta_mixture,S1,temporal_only,0,delta_bce_gate_age_shuffle,0.0
C05_shared_beta_mixture,S1,temporal_only,0,gate_signal_rmse,0.05320006606991482
C05_shared_beta_mixture,S1,temporal_only,0,gate_signal_mae,0.05155953769106253
C05_shared_beta_mixture,S1,temporal_only,0,gate_signal_correlation,0.9985262882315468
C05_shared_beta_mixture,S1,temporal_only,0,beta_mean,0.0
C05_shared_beta_mixture,S1,temporal_only,0,abs_beta_mean,0.0
C05_shared_beta_mixture,S1,temporal_only,1,bce,0.4812444609759559
C05_shared_beta_mixture,S1,temporal_only,1,auroc,0.7411600996812785
C05_shared_beta_mixture,S1,temporal_only,1,auprc,0.5354806106980767
C05_shared_beta_mixture,S1,temporal_only,1,surface_rmse,0.19076347899326104
C05_shared_beta_mixture,S1,temporal_only,1,cf_rmse_age,0.16876155369106943
C05_shared_beta_mixture,S1,temporal_only,1,cf_rmse_lag,0.13592517816248031
C05_shared_beta_mixture,S1,temporal_only,1,delta_bce_beta0,0.0
C05_shared_beta_mixture,S1,temporal_only,1,delta_bce_full_age_shuffle,0.006724086259952744
C05_shared_beta_mixture,S1,temporal_only,1,delta_bce_gate_age_shuffle,0.0
C05_shared_beta_mixture,S1,temporal_only,1,gate_signal_rmse,0.0493190590775529
C05_shared_beta_mixture,S1,temporal_only,1,gate_signal_mae,0.047756026779775175
C05_shared_beta_mixture,S1,temporal_only,1,gate_signal_correlation,0.9987161948625712
C05_shared_beta_mixture,S1,temporal_only,1,beta_mean,0.0
C05_shared_beta_mixture,S1,temporal_only,1,abs_beta_mean,0.0
C05_shared_beta_mixture,S1,temporal_only,2,bce,0.4815944276353908
C05_shared_beta_mixture,S1,temporal_only,2,auroc,0.7405926440638582
C05_shared_beta_mixture,S1,temporal_only,2,auprc,0.5355741241228925
C05_shared_beta_mixture,S1,temporal_only,2,surface_rmse,0.18727818314224742
C05_shared_beta_mixture,S1,temporal_only,2,cf_rmse_age,0.14621300804713658
C05_shared_beta_mixture,S1,temporal_only,2,cf_rmse_lag,0.13980593021036597
C05_shared_beta_mixture,S1,temporal_only,2,delta_bce_beta0,0.0
C05_shared_beta_mixture,S1,temporal_only,2,delta_bce_full_age_shuffle,0.011691549704561155
C05_shared_beta_mixture,S1,temporal_only,2,delta_bce_gate_age_shuffle,0.0
C05_shared_beta_mixture,S1,temporal_only,2,gate_signal_rmse,0.04613185581976799
C05_shared_beta_mixture,S1,temporal_only,2,gate_signal_mae,0.04463646231374228
C05_shared_beta_mixture,S1,temporal_only,2,gate_signal_correlation,0.9988641454753422
C05_shared_beta_mixture,S1,temporal_only,2,beta_mean,0.0
C05_shared_beta_mixture,S1,temporal_only,2,abs_beta_mean,0.0
C05_shared_beta_mixture,S1,temporal_only,3,bce,0.48180315278723124
C05_shared_beta_mixture,S1,temporal_only,3,auroc,0.7398471176892595
C05_shared_beta_mixture,S1,temporal_only,3,auprc,0.5351976382618288
C05_shared_beta_mixture,S1,temporal_only,3,surface_rmse,0.15696204316718884
C05_shared_beta_mixture,S1,temporal_only,3,cf_rmse_age,0.13322832300145687
C05_shared_beta_mixture,S1,temporal_only,3,cf_rmse_lag,0.11040923112824262
C05_shared_beta_mixture,S1,temporal_only,3,delta_bce_beta0,0.0
C05_shared_beta_mixture,S1,temporal_only,3,delta_bce_full_age_shuffle,0.011755060163374353
C05_shared_beta_mixture,S1,temporal_only,3,delta_bce_gate_age_shuffle,0.0
C05_shared_beta_mixture,S1,temporal_only,3,gate_signal_rmse,0.04638840672868824
C05_shared_beta_mixture,S1,temporal_only,3,gate_signal_mae,0.04488743087805371
C05_shared_beta_mixture,S1,temporal_only,3,gate_signal_correlation,0.9988525108959326
C05_shared_beta_mixture,S1,temporal_only,3,beta_mean,0.0
C05_shared_beta_mixture,S1,temporal_only,3,abs_beta_mean,0.0
C05_shared_beta_mixture,S1,temporal_only,4,bce,0.4814022623565356
C05_shared_beta_mixture,S1,temporal_only,4,auroc,0.7417888108411137
C05_shared_beta_mixture,S1,temporal_only,4,auprc,0.5371839692036119
C05_shared_beta_mixture,S1,temporal_only,4,surface_rmse,0.18721597011075033
C05_shared_beta_mixture,S1,temporal_only,4,cf_rmse_age,0.16810290207722758
C05_shared_beta_mixture,S1,temporal_only,4,cf_rmse_lag,0.12657086406049048
C05_shared_beta_mixture,S1,temporal_only,4,delta_bce_beta0,0.0
C05_shared_beta_mixture,S1,temporal_only,4,delta_bce_full_age_shuffle,0.008019378505980501
C05_shared_beta_mixture,S1,temporal_only,4,delta_bce_gate_age_shuffle,0.0
C05_shared_beta_mixture,S1,temporal_only,4,gate_signal_rmse,0.049759630252035926
C05_shared_beta_mixture,S1,temporal_only,4,gate_signal_mae,0.0481875359989725
C05_shared_beta_mixture,S1,temporal_only,4,gate_signal_correlation,0.9986951673204545
C05_shared_beta_mixture,S1,temporal_only,4,beta_mean,0.0
C05_shared_beta_mixture,S1,temporal_only,4,abs_beta_mean,0.0
C05_shared_beta_mixture,S2,age_temporal,0,bce,0.4594228938736481
C05_shared_beta_mixture,S2,age_temporal,0,auroc,0.7595987373197326
C05_shared_beta_mixture,S2,age_temporal,0,auprc,0.5744880231993276
C05_shared_beta_mixture,S2,age_temporal,0,surface_rmse,0.26675686672087867
C05_shared_beta_mixture,S2,age_temporal,0,cf_rmse_age,0.17491601772980095
C05_shared_beta_mixture,S2,age_temporal,0,cf_rmse_lag,0.2191898679266167
C05_shared_beta_mixture,S2,age_temporal,0,delta_bce_beta0,0.007549221313865595
C05_shared_beta_mixture,S2,age_temporal,0,delta_bce_full_age_shuffle,0.021752988041881194
C05_shared_beta_mixture,S2,age_temporal,0,delta_bce_gate_age_shuffle,0.011590804388098286
C05_shared_beta_mixture,S2,age_temporal,0,gate_signal_rmse,0.1894206446282047
C05_shared_beta_mixture,S2,age_temporal,0,gate_signal_mae,0.15609927612921937
C05_shared_beta_mixture,S2,age_temporal,0,gate_signal_correlation,0.7718589638094073
C05_shared_beta_mixture,S2,age_temporal,0,beta_mean,-0.5688480138778687
C05_shared_beta_mixture,S2,age_temporal,0,abs_beta_mean,0.5688480138778687
C05_shared_beta_mixture,S2,age_temporal,1,bce,0.45900713736934845
C05_shared_beta_mixture,S2,age_temporal,1,auroc,0.7580374218703866
C05_shared_beta_mixture,S2,age_temporal,1,auprc,0.5753824874873094
C05_shared_beta_mixture,S2,age_temporal,1,surface_rmse,0.2285675055137471
C05_shared_beta_mixture,S2,age_temporal,1,cf_rmse_age,0.15110752430268148
C05_shared_beta_mixture,S2,age_temporal,1,cf_rmse_lag,0.1767341055955733
C05_shared_beta_mixture,S2,age_temporal,1,delta_bce_beta0,0.009459604719133818
C05_shared_beta_mixture,S2,age_temporal,1,delta_bce_full_age_shuffle,0.023246731240707363
C05_shared_beta_mixture,S2,age_temporal,1,delta_bce_gate_age_shuffle,0.01417696614456565
C05_shared_beta_mixture,S2,age_temporal,1,gate_signal_rmse,0.1882114117395331
C05_shared_beta_mixture,S2,age_temporal,1,gate_signal_mae,0.1545826960651967
C05_shared_beta_mixture,S2,age_temporal,1,gate_signal_correlation,0.7753137846184192
C05_shared_beta_mixture,S2,age_temporal,1,beta_mean,-0.5811623930931091
C05_shared_beta_mixture,S2,age_temporal,1,abs_beta_mean,0.5811623930931091
C05_shared_beta_mixture,S2,age_temporal,2,bce,0.45959174059386637
C05_shared_beta_mixture,S2,age_temporal,2,auroc,0.7580328169863921
C05_shared_beta_mixture,S2,age_temporal,2,auprc,0.5740658300717143
C05_shared_beta_mixture,S2,age_temporal,2,surface_rmse,0.19703940981678475
C05_shared_beta_mixture,S2,age_temporal,2,cf_rmse_age,0.16422245745090897
C05_shared_beta_mixture,S2,age_temporal,2,cf_rmse_lag,0.13917591198609083
C05_shared_beta_mixture,S2,age_temporal,2,delta_bce_beta0,0.011549088051806933
C05_shared_beta_mixture,S2,age_temporal,2,delta_bce_full_age_shuffle,0.02483323441901175
C05_shared_beta_mixture,S2,age_temporal,2,delta_bce_gate_age_shuffle,0.01687183747797344
C05_shared_beta_mixture,S2,age_temporal,2,gate_signal_rmse,0.18205870196091917
C05_shared_beta_mixture,S2,age_temporal,2,gate_signal_mae,0.1497307359220815
C05_shared_beta_mixture,S2,age_temporal,2,gate_signal_correlation,0.792596468448105
C05_shared_beta_mixture,S2,age_temporal,2,beta_mean,-0.6299534440040588
C05_shared_beta_mixture,S2,age_temporal,2,abs_beta_mean,0.6299534440040588
C05_shared_beta_mixture,S2,age_temporal,3,bce,0.46144809181043167
C05_shared_beta_mixture,S2,age_temporal,3,auroc,0.7563012850268209
C05_shared_beta_mixture,S2,age_temporal,3,auprc,0.5710079816363076
C05_shared_beta_mixture,S2,age_temporal,3,surface_rmse,0.20710436237547192
C05_shared_beta_mixture,S2,age_temporal,3,cf_rmse_age,0.15908622717381807
C05_shared_beta_mixture,S2,age_temporal,3,cf_rmse_lag,0.14503878884099317
C05_shared_beta_mixture,S2,age_temporal,3,delta_bce_beta0,0.006093814390723817
C05_shared_beta_mixture,S2,age_temporal,3,delta_bce_full_age_shuffle,0.020951095526006602
C05_shared_beta_mixture,S2,age_temporal,3,delta_bce_gate_age_shuffle,0.009156694915762986
C05_shared_beta_mixture,S2,age_temporal,3,gate_signal_rmse,0.2033273564483718
C05_shared_beta_mixture,S2,age_temporal,3,gate_signal_mae,0.1683114448223199
C05_shared_beta_mixture,S2,age_temporal,3,gate_signal_correlation,0.7294903734773193
C05_shared_beta_mixture,S2,age_temporal,3,beta_mean,-0.4540325403213501
C05_shared_beta_mixture,S2,age_temporal,3,abs_beta_mean,0.4540325403213501
C05_shared_beta_mixture,S2,age_temporal,4,bce,0.4599353002021311
C05_shared_beta_mixture,S2,age_temporal,4,auroc,0.7573251818407176
C05_shared_beta_mixture,S2,age_temporal,4,auprc,0.5732415638938461
C05_shared_beta_mixture,S2,age_temporal,4,surface_rmse,0.20584059440861366
C05_shared_beta_mixture,S2,age_temporal,4,cf_rmse_age,0.16178881476962712
C05_shared_beta_mixture,S2,age_temporal,4,cf_rmse_lag,0.14032749083523366
C05_shared_beta_mixture,S2,age_temporal,4,delta_bce_beta0,0.01040290072397232
C05_shared_beta_mixture,S2,age_temporal,4,delta_bce_full_age_shuffle,0.02168187264922178
C05_shared_beta_mixture,S2,age_temporal,4,delta_bce_gate_age_shuffle,0.015388353692070145
C05_shared_beta_mixture,S2,age_temporal,4,gate_signal_rmse,0.18531473315142183
C05_shared_beta_mixture,S2,age_temporal,4,gate_signal_mae,0.15233233858104672
C05_shared_beta_mixture,S2,age_temporal,4,gate_signal_correlation,0.7835367173846597
C05_shared_beta_mixture,S2,age_temporal,4,beta_mean,-0.6039038896560669
C05_shared_beta_mixture,S2,age_temporal,4,abs_beta_mean,0.6039038896560669
C05_shared_beta_mixture,S2,temporal_only,0,bce,0.46419959504896546
C05_shared_beta_mixture,S2,temporal_only,0,auroc,0.7561401729040567
C05_shared_beta_mixture,S2,temporal_only,0,auprc,0.5642575806830245
C05_shared_beta_mixture,S2,temporal_only,0,surface_rmse,0.27389250461543885
C05_shared_beta_mixture,S2,temporal_only,0,cf_rmse_age,0.18087424193348245
C05_shared_beta_mixture,S2,temporal_only,0,cf_rmse_lag,0.2242463350504476
C05_shared_beta_mixture,S2,temporal_only,0,delta_bce_beta0,0.0
C05_shared_beta_mixture,S2,temporal_only,0,delta_bce_full_age_shuffle,0.009313106136975668
C05_shared_beta_mixture,S2,temporal_only,0,delta_bce_gate_age_shuffle,0.0
C05_shared_beta_mixture,S2,temporal_only,0,gate_signal_rmse,0.25939313950843784
C05_shared_beta_mixture,S2,temporal_only,0,gate_signal_mae,0.21705437854253493
C05_shared_beta_mixture,S2,temporal_only,0,gate_signal_correlation,0.519224368257064
C05_shared_beta_mixture,S2,temporal_only,0,beta_mean,0.0
C05_shared_beta_mixture,S2,temporal_only,0,abs_beta_mean,0.0
C05_shared_beta_mixture,S2,temporal_only,1,bce,0.46462613882431886
C05_shared_beta_mixture,S2,temporal_only,1,auroc,0.7541808155954869
C05_shared_beta_mixture,S2,temporal_only,1,auprc,0.5642258934047034
C05_shared_beta_mixture,S2,temporal_only,1,surface_rmse,0.23978571316673147
C05_shared_beta_mixture,S2,temporal_only,1,cf_rmse_age,0.17283416667593934
C05_shared_beta_mixture,S2,temporal_only,1,cf_rmse_lag,0.18194139440370688
C05_shared_beta_mixture,S2,temporal_only,1,delta_bce_beta0,0.0
C05_shared_beta_mixture,S2,temporal_only,1,delta_bce_full_age_shuffle,0.007452941028293358
C05_shared_beta_mixture,S2,temporal_only,1,delta_bce_gate_age_shuffle,0.0
C05_shared_beta_mixture,S2,temporal_only,1,gate_signal_rmse,0.25950612315066585
C05_shared_beta_mixture,S2,temporal_only,1,gate_signal_mae,0.21642474303350648
C05_shared_beta_mixture,S2,temporal_only,1,gate_signal_correlation,0.5193615539678509
C05_shared_beta_mixture,S2,temporal_only,1,beta_mean,0.0
C05_shared_beta_mixture,S2,temporal_only,1,abs_beta_mean,0.0
C05_shared_beta_mixture,S2,temporal_only,2,bce,0.46538275769667886
C05_shared_beta_mixture,S2,temporal_only,2,auroc,0.7532386695640725
C05_shared_beta_mixture,S2,temporal_only,2,auprc,0.5611410333266839
C05_shared_beta_mixture,S2,temporal_only,2,surface_rmse,0.2183022036174548
C05_shared_beta_mixture,S2,temporal_only,2,cf_rmse_age,0.19802129955279452
C05_shared_beta_mixture,S2,temporal_only,2,cf_rmse_lag,0.1424122558390605
C05_shared_beta_mixture,S2,temporal_only,2,delta_bce_beta0,0.0
C05_shared_beta_mixture,S2,temporal_only,2,delta_bce_full_age_shuffle,0.008925277670793763
C05_shared_beta_mixture,S2,temporal_only,2,delta_bce_gate_age_shuffle,0.0
C05_shared_beta_mixture,S2,temporal_only,2,gate_signal_rmse,0.2593741076756236
C05_shared_beta_mixture,S2,temporal_only,2,gate_signal_mae,0.2173261309753361
C05_shared_beta_mixture,S2,temporal_only,2,gate_signal_correlation,0.5191650471792234
C05_shared_beta_mixture,S2,temporal_only,2,beta_mean,0.0
C05_shared_beta_mixture,S2,temporal_only,2,abs_beta_mean,0.0
C05_shared_beta_mixture,S2,temporal_only,3,bce,0.46555179798591145
C05_shared_beta_mixture,S2,temporal_only,3,auroc,0.7534812457362549
C05_shared_beta_mixture,S2,temporal_only,3,auprc,0.562180166710653
C05_shared_beta_mixture,S2,temporal_only,3,surface_rmse,0.21831784016607061
C05_shared_beta_mixture,S2,temporal_only,3,cf_rmse_age,0.17545809246151856
C05_shared_beta_mixture,S2,temporal_only,3,cf_rmse_lag,0.14848995997189765
C05_shared_beta_mixture,S2,temporal_only,3,delta_bce_beta0,0.0
C05_shared_beta_mixture,S2,temporal_only,3,delta_bce_full_age_shuffle,0.009569757880342311
C05_shared_beta_mixture,S2,temporal_only,3,delta_bce_gate_age_shuffle,0.0
C05_shared_beta_mixture,S2,temporal_only,3,gate_signal_rmse,0.259393172579353
C05_shared_beta_mixture,S2,temporal_only,3,gate_signal_mae,0.2170540556653573
C05_shared_beta_mixture,S2,temporal_only,3,gate_signal_correlation,0.519224437558827
C05_shared_beta_mixture,S2,temporal_only,3,beta_mean,0.0
C05_shared_beta_mixture,S2,temporal_only,3,abs_beta_mean,0.0
C05_shared_beta_mixture,S2,temporal_only,4,bce,0.4654898604922701
C05_shared_beta_mixture,S2,temporal_only,4,auroc,0.7524981532430108
C05_shared_beta_mixture,S2,temporal_only,4,auprc,0.5617294823669925
C05_shared_beta_mixture,S2,temporal_only,4,surface_rmse,0.22052668744939535
C05_shared_beta_mixture,S2,temporal_only,4,cf_rmse_age,0.18047920323599412
C05_shared_beta_mixture,S2,temporal_only,4,cf_rmse_lag,0.1447672361798559
C05_shared_beta_mixture,S2,temporal_only,4,delta_bce_beta0,0.0
C05_shared_beta_mixture,S2,temporal_only,4,delta_bce_full_age_shuffle,0.006628190026510772
C05_shared_beta_mixture,S2,temporal_only,4,delta_bce_gate_age_shuffle,0.0
C05_shared_beta_mixture,S2,temporal_only,4,gate_signal_rmse,0.25941455478050124
C05_shared_beta_mixture,S2,temporal_only,4,gate_signal_mae,0.21687869183884032
C05_shared_beta_mixture,S2,temporal_only,4,gate_signal_correlation,0.5192623992729827
C05_shared_beta_mixture,S2,temporal_only,4,beta_mean,0.0
C05_shared_beta_mixture,S2,temporal_only,4,abs_beta_mean,0.0
C05_shared_beta_mixture,S3,age_temporal,0,bce,0.4876070884116706
C05_shared_beta_mixture,S3,age_temporal,0,auroc,0.7332953208688213
C05_shared_beta_mixture,S3,age_temporal,0,auprc,0.530413900902727
C05_shared_beta_mixture,S3,age_temporal,0,surface_rmse,0.14982091224255822
C05_shared_beta_mixture,S3,age_temporal,0,cf_rmse_age,0.11416097540946324
C05_shared_beta_mixture,S3,age_temporal,0,cf_rmse_lag,0.09522632510549371
C05_shared_beta_mixture,S3,age_temporal,0,delta_bce_beta0,0.008463406027462428
C05_shared_beta_mixture,S3,age_temporal,0,delta_bce_full_age_shuffle,0.023818384216315824
C05_shared_beta_mixture,S3,age_temporal,0,delta_bce_gate_age_shuffle,0.013481488750178905
C05_shared_beta_mixture,S3,age_temporal,0,gate_signal_rmse,0.1699269160256405
C05_shared_beta_mixture,S3,age_temporal,0,gate_signal_mae,0.14100749129900142
C05_shared_beta_mixture,S3,age_temporal,0,gate_signal_correlation,0.798798927703126
C05_shared_beta_mixture,S3,age_temporal,0,beta_mean,0.5980579853057861
C05_shared_beta_mixture,S3,age_temporal,0,abs_beta_mean,0.5980579853057861
C05_shared_beta_mixture,S3,age_temporal,1,bce,0.4897289130292117
C05_shared_beta_mixture,S3,age_temporal,1,auroc,0.7307689998458293
C05_shared_beta_mixture,S3,age_temporal,1,auprc,0.5251546621488394
C05_shared_beta_mixture,S3,age_temporal,1,surface_rmse,0.1846281802042354
C05_shared_beta_mixture,S3,age_temporal,1,cf_rmse_age,0.13274152069889686
C05_shared_beta_mixture,S3,age_temporal,1,cf_rmse_lag,0.10525380440798525
C05_shared_beta_mixture,S3,age_temporal,1,delta_bce_beta0,0.005955568665736932
C05_shared_beta_mixture,S3,age_temporal,1,delta_bce_full_age_shuffle,0.018526400622147887
C05_shared_beta_mixture,S3,age_temporal,1,delta_bce_gate_age_shuffle,0.009807889190099783
C05_shared_beta_mixture,S3,age_temporal,1,gate_signal_rmse,0.17699095275672697
C05_shared_beta_mixture,S3,age_temporal,1,gate_signal_mae,0.14733726036424097
C05_shared_beta_mixture,S3,age_temporal,1,gate_signal_correlation,0.7789981979448982
C05_shared_beta_mixture,S3,age_temporal,1,beta_mean,0.5336626768112183
C05_shared_beta_mixture,S3,age_temporal,1,abs_beta_mean,0.5336626768112183
C05_shared_beta_mixture,S3,age_temporal,2,bce,0.48854109996064815
C05_shared_beta_mixture,S3,age_temporal,2,auroc,0.7327446117961514
C05_shared_beta_mixture,S3,age_temporal,2,auprc,0.5282801551305419
C05_shared_beta_mixture,S3,age_temporal,2,surface_rmse,0.172281148917022
C05_shared_beta_mixture,S3,age_temporal,2,cf_rmse_age,0.13000194859588005
C05_shared_beta_mixture,S3,age_temporal,2,cf_rmse_lag,0.0949534739829959
C05_shared_beta_mixture,S3,age_temporal,2,delta_bce_beta0,0.005311327631003893
C05_shared_beta_mixture,S3,age_temporal,2,delta_bce_full_age_shuffle,0.02159851043173716
C05_shared_beta_mixture,S3,age_temporal,2,delta_bce_gate_age_shuffle,0.008288955729872372
C05_shared_beta_mixture,S3,age_temporal,2,gate_signal_rmse,0.18495974988237632
C05_shared_beta_mixture,S3,age_temporal,2,gate_signal_mae,0.15434441473965418
C05_shared_beta_mixture,S3,age_temporal,2,gate_signal_correlation,0.7533442165527972
C05_shared_beta_mixture,S3,age_temporal,2,beta_mean,0.45700421929359436
C05_shared_beta_mixture,S3,age_temporal,2,abs_beta_mean,0.45700421929359436
C05_shared_beta_mixture,S3,age_temporal,3,bce,0.48776585660496097
C05_shared_beta_mixture,S3,age_temporal,3,auroc,0.7342578472547785
C05_shared_beta_mixture,S3,age_temporal,3,auprc,0.5313845921291873
C05_shared_beta_mixture,S3,age_temporal,3,surface_rmse,0.21557041853179665
C05_shared_beta_mixture,S3,age_temporal,3,cf_rmse_age,0.16313701755318805
C05_shared_beta_mixture,S3,age_temporal,3,cf_rmse_lag,0.12553997186372234
C05_shared_beta_mixture,S3,age_temporal,3,delta_bce_beta0,0.007958683890962326
C05_shared_beta_mixture,S3,age_temporal,3,delta_bce_full_age_shuffle,0.020032089737164083
C05_shared_beta_mixture,S3,age_temporal,3,delta_bce_gate_age_shuffle,0.012831278235047705
C05_shared_beta_mixture,S3,age_temporal,3,gate_signal_rmse,0.17057392230735893
C05_shared_beta_mixture,S3,age_temporal,3,gate_signal_mae,0.1415459174230643
C05_shared_beta_mixture,S3,age_temporal,3,gate_signal_correlation,0.7965210164491175
C05_shared_beta_mixture,S3,age_temporal,3,beta_mean,0.5908318758010864
C05_shared_beta_mixture,S3,age_temporal,3,abs_beta_mean,0.5908318758010864
C05_shared_beta_mixture,S3,age_temporal,4,bce,0.4894093542212324
C05_shared_beta_mixture,S3,age_temporal,4,auroc,0.7317094848820012
C05_shared_beta_mixture,S3,age_temporal,4,auprc,0.5260937445629333
C05_shared_beta_mixture,S3,age_temporal,4,surface_rmse,0.1568498143530347
C05_shared_beta_mixture,S3,age_temporal,4,cf_rmse_age,0.12890674005403122
C05_shared_beta_mixture,S3,age_temporal,4,cf_rmse_lag,0.10049383050819964
C05_shared_beta_mixture,S3,age_temporal,4,delta_bce_beta0,0.0066623703811677926
C05_shared_beta_mixture,S3,age_temporal,4,delta_bce_full_age_shuffle,0.021554192434778685
C05_shared_beta_mixture,S3,age_temporal,4,delta_bce_gate_age_shuffle,0.011076173062647465
C05_shared_beta_mixture,S3,age_temporal,4,gate_signal_rmse,0.17365523538192848
C05_shared_beta_mixture,S3,age_temporal,4,gate_signal_mae,0.1443727884695762
C05_shared_beta_mixture,S3,age_temporal,4,gate_signal_correlation,0.7888346170829705
C05_shared_beta_mixture,S3,age_temporal,4,beta_mean,0.5648769736289978
C05_shared_beta_mixture,S3,age_temporal,4,abs_beta_mean,0.5648769736289978
C05_shared_beta_mixture,S3,temporal_only,0,bce,0.4927527577802497
C05_shared_beta_mixture,S3,temporal_only,0,auroc,0.7288330705630662
C05_shared_beta_mixture,S3,temporal_only,0,auprc,0.5188151287896042
C05_shared_beta_mixture,S3,temporal_only,0,surface_rmse,0.15415523561577626
C05_shared_beta_mixture,S3,temporal_only,0,cf_rmse_age,0.12200348415862623
C05_shared_beta_mixture,S3,temporal_only,0,cf_rmse_lag,0.09612878276154604
C05_shared_beta_mixture,S3,temporal_only,0,delta_bce_beta0,0.0
C05_shared_beta_mixture,S3,temporal_only,0,delta_bce_full_age_shuffle,0.009381148673617667
C05_shared_beta_mixture,S3,temporal_only,0,delta_bce_gate_age_shuffle,0.0
C05_shared_beta_mixture,S3,temporal_only,0,gate_signal_rmse,0.23786104856096463
C05_shared_beta_mixture,S3,temporal_only,0,gate_signal_mae,0.20247461098083866
C05_shared_beta_mixture,S3,temporal_only,0,gate_signal_correlation,0.5671207233453787
C05_shared_beta_mixture,S3,temporal_only,0,beta_mean,0.0
C05_shared_beta_mixture,S3,temporal_only,0,abs_beta_mean,0.0
C05_shared_beta_mixture,S3,temporal_only,1,bce,0.4926213264986993
C05_shared_beta_mixture,S3,temporal_only,1,auroc,0.7303657742250049
C05_shared_beta_mixture,S3,temporal_only,1,auprc,0.5174649085708037
C05_shared_beta_mixture,S3,temporal_only,1,surface_rmse,0.17190068436973324
C05_shared_beta_mixture,S3,temporal_only,1,cf_rmse_age,0.13424829275277042
C05_shared_beta_mixture,S3,temporal_only,1,cf_rmse_lag,0.10176915429667428
C05_shared_beta_mixture,S3,temporal_only,1,delta_bce_beta0,0.0
C05_shared_beta_mixture,S3,temporal_only,1,delta_bce_full_age_shuffle,0.008100890366780189
C05_shared_beta_mixture,S3,temporal_only,1,delta_bce_gate_age_shuffle,0.0
C05_shared_beta_mixture,S3,temporal_only,1,gate_signal_rmse,0.2371609850214079
C05_shared_beta_mixture,S3,temporal_only,1,gate_signal_mae,0.2016325235366143
C05_shared_beta_mixture,S3,temporal_only,1,gate_signal_correlation,0.5672106553987333
C05_shared_beta_mixture,S3,temporal_only,1,beta_mean,0.0
C05_shared_beta_mixture,S3,temporal_only,1,abs_beta_mean,0.0
C05_shared_beta_mixture,S3,temporal_only,2,bce,0.49264800346131543
C05_shared_beta_mixture,S3,temporal_only,2,auroc,0.7294085734284539
C05_shared_beta_mixture,S3,temporal_only,2,auprc,0.518611284090687
C05_shared_beta_mixture,S3,temporal_only,2,surface_rmse,0.1709264932543125
C05_shared_beta_mixture,S3,temporal_only,2,cf_rmse_age,0.13079143989765418
C05_shared_beta_mixture,S3,temporal_only,2,cf_rmse_lag,0.09608109815500361
C05_shared_beta_mixture,S3,temporal_only,2,delta_bce_beta0,0.0
C05_shared_beta_mixture,S3,temporal_only,2,delta_bce_full_age_shuffle,0.0114591996791501
C05_shared_beta_mixture,S3,temporal_only,2,delta_bce_gate_age_shuffle,0.0
C05_shared_beta_mixture,S3,temporal_only,2,gate_signal_rmse,0.2372015753199045
C05_shared_beta_mixture,S3,temporal_only,2,gate_signal_mae,0.20168183200946288
C05_shared_beta_mixture,S3,temporal_only,2,gate_signal_correlation,0.5672053939973691
C05_shared_beta_mixture,S3,temporal_only,2,beta_mean,0.0
C05_shared_beta_mixture,S3,temporal_only,2,abs_beta_mean,0.0
C05_shared_beta_mixture,S3,temporal_only,3,bce,0.4927868851113606
C05_shared_beta_mixture,S3,temporal_only,3,auroc,0.7303206932802861
C05_shared_beta_mixture,S3,temporal_only,3,auprc,0.5191781789727398
C05_shared_beta_mixture,S3,temporal_only,3,surface_rmse,0.21344069025445797
C05_shared_beta_mixture,S3,temporal_only,3,cf_rmse_age,0.15622190869252975
C05_shared_beta_mixture,S3,temporal_only,3,cf_rmse_lag,0.12660650818720257
C05_shared_beta_mixture,S3,temporal_only,3,delta_bce_beta0,0.0
C05_shared_beta_mixture,S3,temporal_only,3,delta_bce_full_age_shuffle,0.008875866987030578
C05_shared_beta_mixture,S3,temporal_only,3,delta_bce_gate_age_shuffle,0.0
C05_shared_beta_mixture,S3,temporal_only,3,gate_signal_rmse,0.23778018824289368
C05_shared_beta_mixture,S3,temporal_only,3,gate_signal_mae,0.20237830893270797
C05_shared_beta_mixture,S3,temporal_only,3,gate_signal_correlation,0.5671310247294298
C05_shared_beta_mixture,S3,temporal_only,3,beta_mean,0.0
C05_shared_beta_mixture,S3,temporal_only,3,abs_beta_mean,0.0
C05_shared_beta_mixture,S3,temporal_only,4,bce,0.4937326693290566
C05_shared_beta_mixture,S3,temporal_only,4,auroc,0.7282382424469489
C05_shared_beta_mixture,S3,temporal_only,4,auprc,0.5147395680007619
C05_shared_beta_mixture,S3,temporal_only,4,surface_rmse,0.16021946540628512
C05_shared_beta_mixture,S3,temporal_only,4,cf_rmse_age,0.13548100251174752
C05_shared_beta_mixture,S3,temporal_only,4,cf_rmse_lag,0.10473947686320785
C05_shared_beta_mixture,S3,temporal_only,4,delta_bce_beta0,0.0
C05_shared_beta_mixture,S3,temporal_only,4,delta_bce_full_age_shuffle,0.008917266456179851
C05_shared_beta_mixture,S3,temporal_only,4,delta_bce_gate_age_shuffle,0.0
C05_shared_beta_mixture,S3,temporal_only,4,gate_signal_rmse,0.2376895482240412
C05_shared_beta_mixture,S3,temporal_only,4,gate_signal_mae,0.20226989720194152
C05_shared_beta_mixture,S3,temporal_only,4,gate_signal_correlation,0.5671426001608406
C05_shared_beta_mixture,S3,temporal_only,4,beta_mean,0.0
C05_shared_beta_mixture,S3,temporal_only,4,abs_beta_mean,0.0
C06_component_beta_mixture,S0,age_temporal,0,bce,0.48235903190956314
C06_component_beta_mixture,S0,age_temporal,0,auroc,0.7303788044064727
C06_component_beta_mixture,S0,age_temporal,0,auprc,0.5269413132251258
C06_component_beta_mixture,S0,age_temporal,0,surface_rmse,0.14992870370687617
C06_component_beta_mixture,S0,age_temporal,0,cf_rmse_age,0.06815418478795333
C06_component_beta_mixture,S0,age_temporal,0,cf_rmse_lag,0.11239671845283636
C06_component_beta_mixture,S0,age_temporal,0,delta_bce_beta0,2.9185060460512613e-05
C06_component_beta_mixture,S0,age_temporal,0,delta_bce_full_age_shuffle,0.005026228074000272
C06_component_beta_mixture,S0,age_temporal,0,delta_bce_gate_age_shuffle,0.00011820847155352698
C06_component_beta_mixture,S0,age_temporal,0,gate_signal_rmse,0.026990688513450087
C06_component_beta_mixture,S0,age_temporal,0,gate_signal_mae,0.025350925667851697
C06_component_beta_mixture,S0,age_temporal,0,gate_signal_correlation,0.9991849111797914
C06_component_beta_mixture,S0,age_temporal,0,beta_mean,0.053882233798503876
C06_component_beta_mixture,S0,age_temporal,0,abs_beta_mean,0.053882233798503876
C06_component_beta_mixture,S0,age_temporal,1,bce,0.4849987098564211
C06_component_beta_mixture,S0,age_temporal,1,auroc,0.7262941159451568
C06_component_beta_mixture,S0,age_temporal,1,auprc,0.5217009588362711
C06_component_beta_mixture,S0,age_temporal,1,surface_rmse,0.15351775221043767
C06_component_beta_mixture,S0,age_temporal,1,cf_rmse_age,0.08478936714531764
C06_component_beta_mixture,S0,age_temporal,1,cf_rmse_lag,0.12039903681706872
C06_component_beta_mixture,S0,age_temporal,1,delta_bce_beta0,6.0190963633577343e-05
C06_component_beta_mixture,S0,age_temporal,1,delta_bce_full_age_shuffle,0.002189374824043133
C06_component_beta_mixture,S0,age_temporal,1,delta_bce_gate_age_shuffle,6.947970335818843e-05
C06_component_beta_mixture,S0,age_temporal,1,gate_signal_rmse,0.026538643317338427
C06_component_beta_mixture,S0,age_temporal,1,gate_signal_mae,0.025372147859359744
C06_component_beta_mixture,S0,age_temporal,1,gate_signal_correlation,0.999492182481336
C06_component_beta_mixture,S0,age_temporal,1,beta_mean,-0.027379589155316353
C06_component_beta_mixture,S0,age_temporal,1,abs_beta_mean,0.027379589155316353
C06_component_beta_mixture,S0,age_temporal,2,bce,0.48415719020864006
C06_component_beta_mixture,S0,age_temporal,2,auroc,0.7274394405190304
C06_component_beta_mixture,S0,age_temporal,2,auprc,0.5223841393325553
C06_component_beta_mixture,S0,age_temporal,2,surface_rmse,0.14945628332542654
C06_component_beta_mixture,S0,age_temporal,2,cf_rmse_age,0.07662881387924073
C06_component_beta_mixture,S0,age_temporal,2,cf_rmse_lag,0.12006062352907247
C06_component_beta_mixture,S0,age_temporal,2,delta_bce_beta0,8.650509022162245e-05
C06_component_beta_mixture,S0,age_temporal,2,delta_bce_full_age_shuffle,0.004513769104023846
C06_component_beta_mixture,S0,age_temporal,2,delta_bce_gate_age_shuffle,0.00010122284703656392
C06_component_beta_mixture,S0,age_temporal,2,gate_signal_rmse,0.026372293695745116
C06_component_beta_mixture,S0,age_temporal,2,gate_signal_mae,0.024911228172260966
C06_component_beta_mixture,S0,age_temporal,2,gate_signal_correlation,0.9993131278221675
C06_component_beta_mixture,S0,age_temporal,2,beta_mean,-0.04685815051198006
C06_component_beta_mixture,S0,age_temporal,2,abs_beta_mean,0.04685815051198006
C06_component_beta_mixture,S0,age_temporal,3,bce,0.4835362184265264
C06_component_beta_mixture,S0,age_temporal,3,auroc,0.7294641150107206
C06_component_beta_mixture,S0,age_temporal,3,auprc,0.5255895117661512
C06_component_beta_mixture,S0,age_temporal,3,surface_rmse,0.1423958784417048
C06_component_beta_mixture,S0,age_temporal,3,cf_rmse_age,0.0977965917337003
C06_component_beta_mixture,S0,age_temporal,3,cf_rmse_lag,0.10979052739136952
C06_component_beta_mixture,S0,age_temporal,3,delta_bce_beta0,-3.6929696759502306e-06
C06_component_beta_mixture,S0,age_temporal,3,delta_bce_full_age_shuffle,0.004657113720428208
C06_component_beta_mixture,S0,age_temporal,3,delta_bce_gate_age_shuffle,7.228679357540457e-06
C06_component_beta_mixture,S0,age_temporal,3,gate_signal_rmse,0.0281272611131199
C06_component_beta_mixture,S0,age_temporal,3,gate_signal_mae,0.026880052847920853
C06_component_beta_mixture,S0,age_temporal,3,gate_signal_correlation,0.9994151203465564
C06_component_beta_mixture,S0,age_temporal,3,beta_mean,0.0297537874430418
C06_component_beta_mixture,S0,age_temporal,3,abs_beta_mean,0.0297537874430418
C06_component_beta_mixture,S0,age_temporal,4,bce,0.4835569808739096
C06_component_beta_mixture,S0,age_temporal,4,auroc,0.7284787784260185
C06_component_beta_mixture,S0,age_temporal,4,auprc,0.5245501486421436
C06_component_beta_mixture,S0,age_temporal,4,surface_rmse,0.13669528842660233
C06_component_beta_mixture,S0,age_temporal,4,cf_rmse_age,0.0703877173335446
C06_component_beta_mixture,S0,age_temporal,4,cf_rmse_lag,0.10115505576574643
C06_component_beta_mixture,S0,age_temporal,4,delta_bce_beta0,-1.1767370611259764e-07
C06_component_beta_mixture,S0,age_temporal,4,delta_bce_full_age_shuffle,0.005486696933698132
C06_component_beta_mixture,S0,age_temporal,4,delta_bce_gate_age_shuffle,-1.4564631496960523e-06
C06_component_beta_mixture,S0,age_temporal,4,gate_signal_rmse,0.02370425342654479
C06_component_beta_mixture,S0,age_temporal,4,gate_signal_mae,0.02277629520038603
C06_component_beta_mixture,S0,age_temporal,4,gate_signal_correlation,0.999665098321276
C06_component_beta_mixture,S0,age_temporal,4,beta_mean,-0.0018442076398059726
C06_component_beta_mixture,S0,age_temporal,4,abs_beta_mean,0.0018442076398059726
C06_component_beta_mixture,S0,temporal_only,0,bce,0.48238276729343327
C06_component_beta_mixture,S0,temporal_only,0,auroc,0.7303389809054412
C06_component_beta_mixture,S0,temporal_only,0,auprc,0.5270245166680093
C06_component_beta_mixture,S0,temporal_only,0,surface_rmse,0.14976246499762536
C06_component_beta_mixture,S0,temporal_only,0,cf_rmse_age,0.06931829885405583
C06_component_beta_mixture,S0,temporal_only,0,cf_rmse_lag,0.11150806594584457
C06_component_beta_mixture,S0,temporal_only,0,delta_bce_beta0,0.0
C06_component_beta_mixture,S0,temporal_only,0,delta_bce_full_age_shuffle,0.00503719784581913
C06_component_beta_mixture,S0,temporal_only,0,delta_bce_gate_age_shuffle,0.0
C06_component_beta_mixture,S0,temporal_only,0,gate_signal_rmse,0.02677134124362567
C06_component_beta_mixture,S0,temporal_only,0,gate_signal_mae,0.02574681697308599
C06_component_beta_mixture,S0,temporal_only,0,gate_signal_correlation,0.9995778489931159
C06_component_beta_mixture,S0,temporal_only,0,beta_mean,0.0
C06_component_beta_mixture,S0,temporal_only,0,abs_beta_mean,0.0
C06_component_beta_mixture,S0,temporal_only,1,bce,0.4849512763123519
C06_component_beta_mixture,S0,temporal_only,1,auroc,0.7263582924566367
C06_component_beta_mixture,S0,temporal_only,1,auprc,0.5218165594395769
C06_component_beta_mixture,S0,temporal_only,1,surface_rmse,0.1534255221877275
C06_component_beta_mixture,S0,temporal_only,1,cf_rmse_age,0.08395316104336142
C06_component_beta_mixture,S0,temporal_only,1,cf_rmse_lag,0.12033828616689694
C06_component_beta_mixture,S0,temporal_only,1,delta_bce_beta0,0.0
C06_component_beta_mixture,S0,temporal_only,1,delta_bce_full_age_shuffle,0.0021752340322800934
C06_component_beta_mixture,S0,temporal_only,1,delta_bce_gate_age_shuffle,0.0
C06_component_beta_mixture,S0,temporal_only,1,gate_signal_rmse,0.026233000104501636
C06_component_beta_mixture,S0,temporal_only,1,gate_signal_mae,0.02522514509059203
C06_component_beta_mixture,S0,temporal_only,1,gate_signal_correlation,0.999593846213952
C06_component_beta_mixture,S0,temporal_only,1,beta_mean,0.0
C06_component_beta_mixture,S0,temporal_only,1,abs_beta_mean,0.0
C06_component_beta_mixture,S0,temporal_only,2,bce,0.48403648488860723
C06_component_beta_mixture,S0,temporal_only,2,auroc,0.7277583315348368
C06_component_beta_mixture,S0,temporal_only,2,auprc,0.522636212678964
C06_component_beta_mixture,S0,temporal_only,2,surface_rmse,0.15018315213154143
C06_component_beta_mixture,S0,temporal_only,2,cf_rmse_age,0.07663751399423226
C06_component_beta_mixture,S0,temporal_only,2,cf_rmse_lag,0.12046184110580475
C06_component_beta_mixture,S0,temporal_only,2,delta_bce_beta0,0.0
C06_component_beta_mixture,S0,temporal_only,2,delta_bce_full_age_shuffle,0.004518650619249831
C06_component_beta_mixture,S0,temporal_only,2,delta_bce_gate_age_shuffle,0.0
C06_component_beta_mixture,S0,temporal_only,2,gate_signal_rmse,0.025615092930290496
C06_component_beta_mixture,S0,temporal_only,2,gate_signal_mae,0.02462654891528966
C06_component_beta_mixture,S0,temporal_only,2,gate_signal_correlation,0.9996118651902942
C06_component_beta_mixture,S0,temporal_only,2,beta_mean,0.0
C06_component_beta_mixture,S0,temporal_only,2,abs_beta_mean,0.0
C06_component_beta_mixture,S0,temporal_only,3,bce,0.48353735777663986
C06_component_beta_mixture,S0,temporal_only,3,auroc,0.7295769877686602
C06_component_beta_mixture,S0,temporal_only,3,auprc,0.525636799561403
C06_component_beta_mixture,S0,temporal_only,3,surface_rmse,0.14225377042450932
C06_component_beta_mixture,S0,temporal_only,3,cf_rmse_age,0.0960130265555395
C06_component_beta_mixture,S0,temporal_only,3,cf_rmse_lag,0.10958954208773236
C06_component_beta_mixture,S0,temporal_only,3,delta_bce_beta0,0.0
C06_component_beta_mixture,S0,temporal_only,3,delta_bce_full_age_shuffle,0.004599935690295598
C06_component_beta_mixture,S0,temporal_only,3,delta_bce_gate_age_shuffle,0.0
C06_component_beta_mixture,S0,temporal_only,3,gate_signal_rmse,0.027880675459402558
C06_component_beta_mixture,S0,temporal_only,3,gate_signal_mae,0.02682225585528157
C06_component_beta_mixture,S0,temporal_only,3,gate_signal_correlation,0.9995440166474385
C06_component_beta_mixture,S0,temporal_only,3,beta_mean,0.0
C06_component_beta_mixture,S0,temporal_only,3,abs_beta_mean,0.0
C06_component_beta_mixture,S0,temporal_only,4,bce,0.48352184357416333
C06_component_beta_mixture,S0,temporal_only,4,auroc,0.7285310350112524
C06_component_beta_mixture,S0,temporal_only,4,auprc,0.5246566581168145
C06_component_beta_mixture,S0,temporal_only,4,surface_rmse,0.13638688222184583
C06_component_beta_mixture,S0,temporal_only,4,cf_rmse_age,0.07049057088745851
C06_component_beta_mixture,S0,temporal_only,4,cf_rmse_lag,0.10096008370064444
C06_component_beta_mixture,S0,temporal_only,4,delta_bce_beta0,0.0
C06_component_beta_mixture,S0,temporal_only,4,delta_bce_full_age_shuffle,0.00549252098357228
C06_component_beta_mixture,S0,temporal_only,4,delta_bce_gate_age_shuffle,0.0
C06_component_beta_mixture,S0,temporal_only,4,gate_signal_rmse,0.023788401649976226
C06_component_beta_mixture,S0,temporal_only,4,gate_signal_mae,0.02285808003099431
C06_component_beta_mixture,S0,temporal_only,4,gate_signal_correlation,0.9996629690289772
C06_component_beta_mixture,S0,temporal_only,4,beta_mean,0.0
C06_component_beta_mixture,S0,temporal_only,4,abs_beta_mean,0.0
C06_component_beta_mixture,S1,age_temporal,0,bce,0.4822909240556237
C06_component_beta_mixture,S1,age_temporal,0,auroc,0.7389878734269351
C06_component_beta_mixture,S1,age_temporal,0,auprc,0.5345855137594128
C06_component_beta_mixture,S1,age_temporal,0,surface_rmse,0.17977007786870172
C06_component_beta_mixture,S1,age_temporal,0,cf_rmse_age,0.1398018332423618
C06_component_beta_mixture,S1,age_temporal,0,cf_rmse_lag,0.12165390397116498
C06_component_beta_mixture,S1,age_temporal,0,delta_bce_beta0,0.0001748118862616166
C06_component_beta_mixture,S1,age_temporal,0,delta_bce_full_age_shuffle,0.008310991218977104
C06_component_beta_mixture,S1,age_temporal,0,delta_bce_gate_age_shuffle,0.00018347809830587813
C06_component_beta_mixture,S1,age_temporal,0,gate_signal_rmse,0.053004702038573236
C06_component_beta_mixture,S1,age_temporal,0,gate_signal_mae,0.05089705104008152
C06_component_beta_mixture,S1,age_temporal,0,gate_signal_correlation,0.9979688634740816
C06_component_beta_mixture,S1,age_temporal,0,beta_mean,0.06298714876174927
C06_component_beta_mixture,S1,age_temporal,0,abs_beta_mean,0.06298714876174927
C06_component_beta_mixture,S1,age_temporal,1,bce,0.4814279503383096
C06_component_beta_mixture,S1,age_temporal,1,auroc,0.74094628922508
C06_component_beta_mixture,S1,age_temporal,1,auprc,0.5351401641265116
C06_component_beta_mixture,S1,age_temporal,1,surface_rmse,0.19200455276664097
C06_component_beta_mixture,S1,age_temporal,1,cf_rmse_age,0.16839584983196831
C06_component_beta_mixture,S1,age_temporal,1,cf_rmse_lag,0.13784106897534112
C06_component_beta_mixture,S1,age_temporal,1,delta_bce_beta0,-0.00013114566410837858
C06_component_beta_mixture,S1,age_temporal,1,delta_bce_full_age_shuffle,0.006741095055206425
C06_component_beta_mixture,S1,age_temporal,1,delta_bce_gate_age_shuffle,-7.736297418847737e-05
C06_component_beta_mixture,S1,age_temporal,1,gate_signal_rmse,0.0495008462436999
C06_component_beta_mixture,S1,age_temporal,1,gate_signal_mae,0.04767080650715633
C06_component_beta_mixture,S1,age_temporal,1,gate_signal_correlation,0.9984171670426707
C06_component_beta_mixture,S1,age_temporal,1,beta_mean,-0.045294683426618576
C06_component_beta_mixture,S1,age_temporal,1,abs_beta_mean,0.045294683426618576
C06_component_beta_mixture,S1,age_temporal,2,bce,0.481613222469441
C06_component_beta_mixture,S1,age_temporal,2,auroc,0.7405466002171526
C06_component_beta_mixture,S1,age_temporal,2,auprc,0.53558564712994
C06_component_beta_mixture,S1,age_temporal,2,surface_rmse,0.18678993952844822
C06_component_beta_mixture,S1,age_temporal,2,cf_rmse_age,0.14565409378245112
C06_component_beta_mixture,S1,age_temporal,2,cf_rmse_lag,0.13944019013455217
C06_component_beta_mixture,S1,age_temporal,2,delta_bce_beta0,-4.281458220284362e-05
C06_component_beta_mixture,S1,age_temporal,2,delta_bce_full_age_shuffle,0.011711219771417092
C06_component_beta_mixture,S1,age_temporal,2,delta_bce_gate_age_shuffle,-2.3152017132321845e-05
C06_component_beta_mixture,S1,age_temporal,2,gate_signal_rmse,0.04583598337092669
C06_component_beta_mixture,S1,age_temporal,2,gate_signal_mae,0.044321878769016186
C06_component_beta_mixture,S1,age_temporal,2,gate_signal_correlation,0.9988524044900249
C06_component_beta_mixture,S1,age_temporal,2,beta_mean,-0.013392329216003418
C06_component_beta_mixture,S1,age_temporal,2,abs_beta_mean,0.013392329216003418
C06_component_beta_mixture,S1,age_temporal,3,bce,0.4817785578627015
C06_component_beta_mixture,S1,age_temporal,3,auroc,0.7399233781145023
C06_component_beta_mixture,S1,age_temporal,3,auprc,0.5352218511579897
C06_component_beta_mixture,S1,age_temporal,3,surface_rmse,0.1580521651403565
C06_component_beta_mixture,S1,age_temporal,3,cf_rmse_age,0.13408381124878221
C06_component_beta_mixture,S1,age_temporal,3,cf_rmse_lag,0.11078044586515333
C06_component_beta_mixture,S1,age_temporal,3,delta_bce_beta0,0.00011452809131973218
C06_component_beta_mixture,S1,age_temporal,3,delta_bce_full_age_shuffle,0.011833768583133175
C06_component_beta_mixture,S1,age_temporal,3,delta_bce_gate_age_shuffle,0.00011430672905865524
C06_component_beta_mixture,S1,age_temporal,3,gate_signal_rmse,0.04638173365868388
C06_component_beta_mixture,S1,age_temporal,3,gate_signal_mae,0.04460164672741016
C06_component_beta_mixture,S1,age_temporal,3,gate_signal_correlation,0.9985555395632532
C06_component_beta_mixture,S1,age_temporal,3,beta_mean,0.046175092458724976
C06_component_beta_mixture,S1,age_temporal,3,abs_beta_mean,0.046175092458724976
C06_component_beta_mixture,S1,age_temporal,4,bce,0.48172263142244315
C06_component_beta_mixture,S1,age_temporal,4,auroc,0.7414422289480691
C06_component_beta_mixture,S1,age_temporal,4,auprc,0.5366147504290754
C06_component_beta_mixture,S1,age_temporal,4,surface_rmse,0.1844896891264157
C06_component_beta_mixture,S1,age_temporal,4,cf_rmse_age,0.15891544911519367
C06_component_beta_mixture,S1,age_temporal,4,cf_rmse_lag,0.1227672668965386
C06_component_beta_mixture,S1,age_temporal,4,delta_bce_beta0,-5.136684365131261e-05
C06_component_beta_mixture,S1,age_temporal,4,delta_bce_full_age_shuffle,0.007765948090083352
C06_component_beta_mixture,S1,age_temporal,4,delta_bce_gate_age_shuffle,-1.728901587627618e-05
C06_component_beta_mixture,S1,age_temporal,4,gate_signal_rmse,0.049514738041470024
C06_component_beta_mixture,S1,age_temporal,4,gate_signal_mae,0.04788962041561249
C06_component_beta_mixture,S1,age_temporal,4,gate_signal_correlation,0.998643667809333
C06_component_beta_mixture,S1,age_temporal,4,beta_mean,-0.02109653130173683
C06_component_beta_mixture,S1,age_temporal,4,abs_beta_mean,0.02109653130173683
C06_component_beta_mixture,S1,temporal_only,0,bce,0.4823745336083629
C06_component_beta_mixture,S1,temporal_only,0,auroc,0.7389378490405332
C06_component_beta_mixture,S1,temporal_only,0,auprc,0.5345468165279434
C06_component_beta_mixture,S1,temporal_only,0,surface_rmse,0.17875454621313788
C06_component_beta_mixture,S1,temporal_only,0,cf_rmse_age,0.13993400189575525
C06_component_beta_mixture,S1,temporal_only,0,cf_rmse_lag,0.12175645333463106
C06_component_beta_mixture,S1,temporal_only,0,delta_bce_beta0,0.0
C06_component_beta_mixture,S1,temporal_only,0,delta_bce_full_age_shuffle,0.008270525073656998
C06_component_beta_mixture,S1,temporal_only,0,delta_bce_gate_age_shuffle,0.0
C06_component_beta_mixture,S1,temporal_only,0,gate_signal_rmse,0.05320006606991482
C06_component_beta_mixture,S1,temporal_only,0,gate_signal_mae,0.05155953769106253
C06_component_beta_mixture,S1,temporal_only,0,gate_signal_correlation,0.9985262882315468
C06_component_beta_mixture,S1,temporal_only,0,beta_mean,0.0
C06_component_beta_mixture,S1,temporal_only,0,abs_beta_mean,0.0
C06_component_beta_mixture,S1,temporal_only,1,bce,0.4812444609759559
C06_component_beta_mixture,S1,temporal_only,1,auroc,0.7411600996812785
C06_component_beta_mixture,S1,temporal_only,1,auprc,0.5354806106980767
C06_component_beta_mixture,S1,temporal_only,1,surface_rmse,0.19076347899326104
C06_component_beta_mixture,S1,temporal_only,1,cf_rmse_age,0.16876155369106943
C06_component_beta_mixture,S1,temporal_only,1,cf_rmse_lag,0.13592517816248031
C06_component_beta_mixture,S1,temporal_only,1,delta_bce_beta0,0.0
C06_component_beta_mixture,S1,temporal_only,1,delta_bce_full_age_shuffle,0.006724086259952744
C06_component_beta_mixture,S1,temporal_only,1,delta_bce_gate_age_shuffle,0.0
C06_component_beta_mixture,S1,temporal_only,1,gate_signal_rmse,0.0493190590775529
C06_component_beta_mixture,S1,temporal_only,1,gate_signal_mae,0.047756026779775175
C06_component_beta_mixture,S1,temporal_only,1,gate_signal_correlation,0.9987161948625712
C06_component_beta_mixture,S1,temporal_only,1,beta_mean,0.0
C06_component_beta_mixture,S1,temporal_only,1,abs_beta_mean,0.0
C06_component_beta_mixture,S1,temporal_only,2,bce,0.4815944276353908
C06_component_beta_mixture,S1,temporal_only,2,auroc,0.7405926440638582
C06_component_beta_mixture,S1,temporal_only,2,auprc,0.5355741241228925
C06_component_beta_mixture,S1,temporal_only,2,surface_rmse,0.18727818314224742
C06_component_beta_mixture,S1,temporal_only,2,cf_rmse_age,0.14621300804713658
C06_component_beta_mixture,S1,temporal_only,2,cf_rmse_lag,0.13980593021036597
C06_component_beta_mixture,S1,temporal_only,2,delta_bce_beta0,0.0
C06_component_beta_mixture,S1,temporal_only,2,delta_bce_full_age_shuffle,0.011691549704561155
C06_component_beta_mixture,S1,temporal_only,2,delta_bce_gate_age_shuffle,0.0
C06_component_beta_mixture,S1,temporal_only,2,gate_signal_rmse,0.04613185581976799
C06_component_beta_mixture,S1,temporal_only,2,gate_signal_mae,0.04463646231374228
C06_component_beta_mixture,S1,temporal_only,2,gate_signal_correlation,0.9988641454753422
C06_component_beta_mixture,S1,temporal_only,2,beta_mean,0.0
C06_component_beta_mixture,S1,temporal_only,2,abs_beta_mean,0.0
C06_component_beta_mixture,S1,temporal_only,3,bce,0.48180315278723124
C06_component_beta_mixture,S1,temporal_only,3,auroc,0.7398471176892595
C06_component_beta_mixture,S1,temporal_only,3,auprc,0.5351976382618288
C06_component_beta_mixture,S1,temporal_only,3,surface_rmse,0.15696204316718884
C06_component_beta_mixture,S1,temporal_only,3,cf_rmse_age,0.13322832300145687
C06_component_beta_mixture,S1,temporal_only,3,cf_rmse_lag,0.11040923112824262
C06_component_beta_mixture,S1,temporal_only,3,delta_bce_beta0,0.0
C06_component_beta_mixture,S1,temporal_only,3,delta_bce_full_age_shuffle,0.011755060163374353
C06_component_beta_mixture,S1,temporal_only,3,delta_bce_gate_age_shuffle,0.0
C06_component_beta_mixture,S1,temporal_only,3,gate_signal_rmse,0.04638840672868824
C06_component_beta_mixture,S1,temporal_only,3,gate_signal_mae,0.04488743087805371
C06_component_beta_mixture,S1,temporal_only,3,gate_signal_correlation,0.9988525108959326
C06_component_beta_mixture,S1,temporal_only,3,beta_mean,0.0
C06_component_beta_mixture,S1,temporal_only,3,abs_beta_mean,0.0
C06_component_beta_mixture,S1,temporal_only,4,bce,0.4814022623565356
C06_component_beta_mixture,S1,temporal_only,4,auroc,0.7417888108411137
C06_component_beta_mixture,S1,temporal_only,4,auprc,0.5371839692036119
C06_component_beta_mixture,S1,temporal_only,4,surface_rmse,0.18721597011075033
C06_component_beta_mixture,S1,temporal_only,4,cf_rmse_age,0.16810290207722758
C06_component_beta_mixture,S1,temporal_only,4,cf_rmse_lag,0.12657086406049048
C06_component_beta_mixture,S1,temporal_only,4,delta_bce_beta0,0.0
C06_component_beta_mixture,S1,temporal_only,4,delta_bce_full_age_shuffle,0.008019378505980501
C06_component_beta_mixture,S1,temporal_only,4,delta_bce_gate_age_shuffle,0.0
C06_component_beta_mixture,S1,temporal_only,4,gate_signal_rmse,0.049759630252035926
C06_component_beta_mixture,S1,temporal_only,4,gate_signal_mae,0.0481875359989725
C06_component_beta_mixture,S1,temporal_only,4,gate_signal_correlation,0.9986951673204545
C06_component_beta_mixture,S1,temporal_only,4,beta_mean,0.0
C06_component_beta_mixture,S1,temporal_only,4,abs_beta_mean,0.0
C06_component_beta_mixture,S2,age_temporal,0,bce,0.4594228971985502
C06_component_beta_mixture,S2,age_temporal,0,auroc,0.759598722615473
C06_component_beta_mixture,S2,age_temporal,0,auprc,0.5744880262856552
C06_component_beta_mixture,S2,age_temporal,0,surface_rmse,0.266756853933032
C06_component_beta_mixture,S2,age_temporal,0,cf_rmse_age,0.17491602846122709
C06_component_beta_mixture,S2,age_temporal,0,cf_rmse_lag,0.21918984189774665
C06_component_beta_mixture,S2,age_temporal,0,delta_bce_beta0,0.007549208010477149
C06_component_beta_mixture,S2,age_temporal,0,delta_bce_full_age_shuffle,0.02175296214942024
C06_component_beta_mixture,S2,age_temporal,0,delta_bce_gate_age_shuffle,0.011590778922792089
C06_component_beta_mixture,S2,age_temporal,0,gate_signal_rmse,0.18942074004388
C06_component_beta_mixture,S2,age_temporal,0,gate_signal_mae,0.15609935768308136
C06_component_beta_mixture,S2,age_temporal,0,gate_signal_correlation,0.7718586870082561
C06_component_beta_mixture,S2,age_temporal,0,beta_mean,-0.5688472390174866
C06_component_beta_mixture,S2,age_temporal,0,abs_beta_mean,0.5688472390174866
C06_component_beta_mixture,S2,age_temporal,1,bce,0.45900714546305643
C06_component_beta_mixture,S2,age_temporal,1,auroc,0.7580374561803258
C06_component_beta_mixture,S2,age_temporal,1,auprc,0.5753825551501058
C06_component_beta_mixture,S2,age_temporal,1,surface_rmse,0.22856753434842886
C06_component_beta_mixture,S2,age_temporal,1,cf_rmse_age,0.15110756742112866
C06_component_beta_mixture,S2,age_temporal,1,cf_rmse_lag,0.17673411713015066
C06_component_beta_mixture,S2,age_temporal,1,delta_bce_beta0,0.009459586439842405
C06_component_beta_mixture,S2,age_temporal,1,delta_bce_full_age_shuffle,0.023246698110652775
C06_component_beta_mixture,S2,age_temporal,1,delta_bce_gate_age_shuffle,0.014176932411392396
C06_component_beta_mixture,S2,age_temporal,1,gate_signal_rmse,0.18821151932475577
C06_component_beta_mixture,S2,age_temporal,1,gate_signal_mae,0.1545827897633739
C06_component_beta_mixture,S2,age_temporal,1,gate_signal_correlation,0.7753134756230188
C06_component_beta_mixture,S2,age_temporal,1,beta_mean,-0.5811614990234375
C06_component_beta_mixture,S2,age_temporal,1,abs_beta_mean,0.5811614990234375
C06_component_beta_mixture,S2,age_temporal,2,bce,0.4595917446160855
C06_component_beta_mixture,S2,age_temporal,2,auroc,0.7580327802257429
C06_component_beta_mixture,S2,age_temporal,2,auprc,0.5740656361687264
C06_component_beta_mixture,S2,age_temporal,2,surface_rmse,0.19703943468003082
C06_component_beta_mixture,S2,age_temporal,2,cf_rmse_age,0.1642225194074736
C06_component_beta_mixture,S2,age_temporal,2,cf_rmse_lag,0.13917593255846258
C06_component_beta_mixture,S2,age_temporal,2,delta_bce_beta0,0.011549077497893745
C06_component_beta_mixture,S2,age_temporal,2,delta_bce_full_age_shuffle,0.024833212040760666
C06_component_beta_mixture,S2,age_temporal,2,delta_bce_gate_age_shuffle,0.016871811771974
C06_component_beta_mixture,S2,age_temporal,2,gate_signal_rmse,0.18205878869691944
C06_component_beta_mixture,S2,age_temporal,2,gate_signal_mae,0.14973080884402784
C06_component_beta_mixture,S2,age_temporal,2,gate_signal_correlation,0.7925962305219535
C06_component_beta_mixture,S2,age_temporal,2,beta_mean,-0.6299527287483215
C06_component_beta_mixture,S2,age_temporal,2,abs_beta_mean,0.6299527287483215
C06_component_beta_mixture,S2,age_temporal,3,bce,0.46144809609398013
C06_component_beta_mixture,S2,age_temporal,3,auroc,0.7563013168860504
C06_component_beta_mixture,S2,age_temporal,3,auprc,0.5710080089107534
C06_component_beta_mixture,S2,age_temporal,3,surface_rmse,0.20710436514184602
C06_component_beta_mixture,S2,age_temporal,3,cf_rmse_age,0.15908625503518745
C06_component_beta_mixture,S2,age_temporal,3,cf_rmse_lag,0.14503878131309222
C06_component_beta_mixture,S2,age_temporal,3,delta_bce_beta0,0.006093802632857914
C06_component_beta_mixture,S2,age_temporal,3,delta_bce_full_age_shuffle,0.02095107277792957
C06_component_beta_mixture,S2,age_temporal,3,delta_bce_gate_age_shuffle,0.009156673721037789
C06_component_beta_mixture,S2,age_temporal,3,gate_signal_rmse,0.20332743871671147
C06_component_beta_mixture,S2,age_temporal,3,gate_signal_mae,0.16831151321213783
C06_component_beta_mixture,S2,age_temporal,3,gate_signal_correlation,0.7294901091353438
C06_component_beta_mixture,S2,age_temporal,3,beta_mean,-0.45403188467025757
C06_component_beta_mixture,S2,age_temporal,3,abs_beta_mean,0.45403188467025757
C06_component_beta_mixture,S2,age_temporal,4,bce,0.4599353008766651
C06_component_beta_mixture,S2,age_temporal,4,auroc,0.7573252406577564
C06_component_beta_mixture,S2,age_temporal,4,auprc,0.5732416246669585
C06_component_beta_mixture,S2,age_temporal,4,surface_rmse,0.20584059261362078
C06_component_beta_mixture,S2,age_temporal,4,cf_rmse_age,0.16178882410872666
C06_component_beta_mixture,S2,age_temporal,4,cf_rmse_lag,0.14032746669560112
C06_component_beta_mixture,S2,age_temporal,4,delta_bce_beta0,0.010402895827942737
C06_component_beta_mixture,S2,age_temporal,4,delta_bce_full_age_shuffle,0.021681860736355862
C06_component_beta_mixture,S2,age_temporal,4,delta_bce_gate_age_shuffle,0.015388340152938218
C06_component_beta_mixture,S2,age_temporal,4,gate_signal_rmse,0.18531478361000742
C06_component_beta_mixture,S2,age_temporal,4,gate_signal_mae,0.15233238105484237
C06_component_beta_mixture,S2,age_temporal,4,gate_signal_correlation,0.7835365756012104
C06_component_beta_mixture,S2,age_temporal,4,beta_mean,-0.6039034724235535
C06_component_beta_mixture,S2,age_temporal,4,abs_beta_mean,0.6039034724235535
C06_component_beta_mixture,S2,temporal_only,0,bce,0.46419959504896546
C06_component_beta_mixture,S2,temporal_only,0,auroc,0.7561401729040567
C06_component_beta_mixture,S2,temporal_only,0,auprc,0.5642575806830245
C06_component_beta_mixture,S2,temporal_only,0,surface_rmse,0.27389250461543885
C06_component_beta_mixture,S2,temporal_only,0,cf_rmse_age,0.18087424193348245
C06_component_beta_mixture,S2,temporal_only,0,cf_rmse_lag,0.2242463350504476
C06_component_beta_mixture,S2,temporal_only,0,delta_bce_beta0,0.0
C06_component_beta_mixture,S2,temporal_only,0,delta_bce_full_age_shuffle,0.009313106136975668
C06_component_beta_mixture,S2,temporal_only,0,delta_bce_gate_age_shuffle,0.0
C06_component_beta_mixture,S2,temporal_only,0,gate_signal_rmse,0.25939313950843784
C06_component_beta_mixture,S2,temporal_only,0,gate_signal_mae,0.21705437854253493
C06_component_beta_mixture,S2,temporal_only,0,gate_signal_correlation,0.519224368257064
C06_component_beta_mixture,S2,temporal_only,0,beta_mean,0.0
C06_component_beta_mixture,S2,temporal_only,0,abs_beta_mean,0.0
C06_component_beta_mixture,S2,temporal_only,1,bce,0.46462613882431886
C06_component_beta_mixture,S2,temporal_only,1,auroc,0.7541808155954869
C06_component_beta_mixture,S2,temporal_only,1,auprc,0.5642258934047034
C06_component_beta_mixture,S2,temporal_only,1,surface_rmse,0.23978571316673147
C06_component_beta_mixture,S2,temporal_only,1,cf_rmse_age,0.17283416667593934
C06_component_beta_mixture,S2,temporal_only,1,cf_rmse_lag,0.18194139440370688
C06_component_beta_mixture,S2,temporal_only,1,delta_bce_beta0,0.0
C06_component_beta_mixture,S2,temporal_only,1,delta_bce_full_age_shuffle,0.007452941028293358
C06_component_beta_mixture,S2,temporal_only,1,delta_bce_gate_age_shuffle,0.0
C06_component_beta_mixture,S2,temporal_only,1,gate_signal_rmse,0.25950612315066585
C06_component_beta_mixture,S2,temporal_only,1,gate_signal_mae,0.21642474303350648
C06_component_beta_mixture,S2,temporal_only,1,gate_signal_correlation,0.5193615539678509
C06_component_beta_mixture,S2,temporal_only,1,beta_mean,0.0
C06_component_beta_mixture,S2,temporal_only,1,abs_beta_mean,0.0
C06_component_beta_mixture,S2,temporal_only,2,bce,0.46538275769667886
C06_component_beta_mixture,S2,temporal_only,2,auroc,0.7532386695640725
C06_component_beta_mixture,S2,temporal_only,2,auprc,0.5611410333266839
C06_component_beta_mixture,S2,temporal_only,2,surface_rmse,0.2183022036174548
C06_component_beta_mixture,S2,temporal_only,2,cf_rmse_age,0.19802129955279452
C06_component_beta_mixture,S2,temporal_only,2,cf_rmse_lag,0.1424122558390605
C06_component_beta_mixture,S2,temporal_only,2,delta_bce_beta0,0.0
C06_component_beta_mixture,S2,temporal_only,2,delta_bce_full_age_shuffle,0.008925277670793763
C06_component_beta_mixture,S2,temporal_only,2,delta_bce_gate_age_shuffle,0.0
C06_component_beta_mixture,S2,temporal_only,2,gate_signal_rmse,0.2593741076756236
C06_component_beta_mixture,S2,temporal_only,2,gate_signal_mae,0.2173261309753361
C06_component_beta_mixture,S2,temporal_only,2,gate_signal_correlation,0.5191650471792234
C06_component_beta_mixture,S2,temporal_only,2,beta_mean,0.0
C06_component_beta_mixture,S2,temporal_only,2,abs_beta_mean,0.0
C06_component_beta_mixture,S2,temporal_only,3,bce,0.46555179798591145
C06_component_beta_mixture,S2,temporal_only,3,auroc,0.7534812457362549
C06_component_beta_mixture,S2,temporal_only,3,auprc,0.562180166710653
C06_component_beta_mixture,S2,temporal_only,3,surface_rmse,0.21831784016607061
C06_component_beta_mixture,S2,temporal_only,3,cf_rmse_age,0.17545809246151856
C06_component_beta_mixture,S2,temporal_only,3,cf_rmse_lag,0.14848995997189765
C06_component_beta_mixture,S2,temporal_only,3,delta_bce_beta0,0.0
C06_component_beta_mixture,S2,temporal_only,3,delta_bce_full_age_shuffle,0.009569757880342311
C06_component_beta_mixture,S2,temporal_only,3,delta_bce_gate_age_shuffle,0.0
C06_component_beta_mixture,S2,temporal_only,3,gate_signal_rmse,0.259393172579353
C06_component_beta_mixture,S2,temporal_only,3,gate_signal_mae,0.2170540556653573
C06_component_beta_mixture,S2,temporal_only,3,gate_signal_correlation,0.519224437558827
C06_component_beta_mixture,S2,temporal_only,3,beta_mean,0.0
C06_component_beta_mixture,S2,temporal_only,3,abs_beta_mean,0.0
C06_component_beta_mixture,S2,temporal_only,4,bce,0.4654898604922701
C06_component_beta_mixture,S2,temporal_only,4,auroc,0.7524981532430108
C06_component_beta_mixture,S2,temporal_only,4,auprc,0.5617294823669925
C06_component_beta_mixture,S2,temporal_only,4,surface_rmse,0.22052668744939535
C06_component_beta_mixture,S2,temporal_only,4,cf_rmse_age,0.18047920323599412
C06_component_beta_mixture,S2,temporal_only,4,cf_rmse_lag,0.1447672361798559
C06_component_beta_mixture,S2,temporal_only,4,delta_bce_beta0,0.0
C06_component_beta_mixture,S2,temporal_only,4,delta_bce_full_age_shuffle,0.006628190026510772
C06_component_beta_mixture,S2,temporal_only,4,delta_bce_gate_age_shuffle,0.0
C06_component_beta_mixture,S2,temporal_only,4,gate_signal_rmse,0.25941455478050124
C06_component_beta_mixture,S2,temporal_only,4,gate_signal_mae,0.21687869183884032
C06_component_beta_mixture,S2,temporal_only,4,gate_signal_correlation,0.5192623992729827
C06_component_beta_mixture,S2,temporal_only,4,beta_mean,0.0
C06_component_beta_mixture,S2,temporal_only,4,abs_beta_mean,0.0
C06_component_beta_mixture,S3,age_temporal,0,bce,0.4876070907084971
C06_component_beta_mixture,S3,age_temporal,0,auroc,0.7332953475209975
C06_component_beta_mixture,S3,age_temporal,0,auprc,0.5304138843537659
C06_component_beta_mixture,S3,age_temporal,0,surface_rmse,0.14982089644163094
C06_component_beta_mixture,S3,age_temporal,0,cf_rmse_age,0.11416095542502017
C06_component_beta_mixture,S3,age_temporal,0,cf_rmse_lag,0.09522629986344609
C06_component_beta_mixture,S3,age_temporal,0,delta_bce_beta0,0.008463395922948369
C06_component_beta_mixture,S3,age_temporal,0,delta_bce_full_age_shuffle,0.023818362661361003
C06_component_beta_mixture,S3,age_temporal,0,delta_bce_gate_age_shuffle,0.01348146689803903
C06_component_beta_mixture,S3,age_temporal,0,gate_signal_rmse,0.16992700629347196
C06_component_beta_mixture,S3,age_temporal,0,gate_signal_mae,0.14100757170600314
C06_component_beta_mixture,S3,age_temporal,0,gate_signal_correlation,0.7987986739878732
C06_component_beta_mixture,S3,age_temporal,0,beta_mean,0.5980571508407593
C06_component_beta_mixture,S3,age_temporal,0,abs_beta_mean,0.5980571508407593
C06_component_beta_mixture,S3,age_temporal,1,bce,0.4897289250651446
C06_component_beta_mixture,S3,age_temporal,1,auroc,0.7307690434584814
C06_component_beta_mixture,S3,age_temporal,1,auprc,0.5251546578028126
C06_component_beta_mixture,S3,age_temporal,1,surface_rmse,0.1846283615059909
C06_component_beta_mixture,S3,age_temporal,1,cf_rmse_age,0.13274166050229444
C06_component_beta_mixture,S3,age_temporal,1,cf_rmse_lag,0.10525394087743091
C06_component_beta_mixture,S3,age_temporal,1,delta_bce_beta0,0.005955559546657163
C06_component_beta_mixture,S3,age_temporal,1,delta_bce_full_age_shuffle,0.018526376209022255
C06_component_beta_mixture,S3,age_temporal,1,delta_bce_gate_age_shuffle,0.0098078644639491
C06_component_beta_mixture,S3,age_temporal,1,gate_signal_rmse,0.17699104553372214
C06_component_beta_mixture,S3,age_temporal,1,gate_signal_mae,0.1473373435778979
C06_component_beta_mixture,S3,age_temporal,1,gate_signal_correlation,0.7789979313686377
C06_component_beta_mixture,S3,age_temporal,1,beta_mean,0.5336618423461914
C06_component_beta_mixture,S3,age_temporal,1,abs_beta_mean,0.5336618423461914
C06_component_beta_mixture,S3,age_temporal,2,bce,0.48854110689925245
C06_component_beta_mixture,S3,age_temporal,2,auroc,0.7327446239107771
C06_component_beta_mixture,S3,age_temporal,2,auprc,0.528280170346055
C06_component_beta_mixture,S3,age_temporal,2,surface_rmse,0.1722811335301854
C06_component_beta_mixture,S3,age_temporal,2,cf_rmse_age,0.13000192019999732
C06_component_beta_mixture,S3,age_temporal,2,cf_rmse_lag,0.09495345467165145
C06_component_beta_mixture,S3,age_temporal,2,delta_bce_beta0,0.005311315143464779
C06_component_beta_mixture,S3,age_temporal,2,delta_bce_full_age_shuffle,0.021598483374813515
C06_component_beta_mixture,S3,age_temporal,2,delta_bce_gate_age_shuffle,0.00828893117995766
C06_component_beta_mixture,S3,age_temporal,2,gate_signal_rmse,0.18495986708429785
C06_component_beta_mixture,S3,age_temporal,2,gate_signal_mae,0.1543445195111782
C06_component_beta_mixture,S3,age_temporal,2,gate_signal_correlation,0.7533438514200007
C06_component_beta_mixture,S3,age_temporal,2,beta_mean,0.4570031464099884
C06_component_beta_mixture,S3,age_temporal,2,abs_beta_mean,0.4570031464099884
C06_component_beta_mixture,S3,age_temporal,3,bce,0.4877658613778948
C06_component_beta_mixture,S3,age_temporal,3,auroc,0.7342578060650518
C06_component_beta_mixture,S3,age_temporal,3,auprc,0.5313844686052499
C06_component_beta_mixture,S3,age_temporal,3,surface_rmse,0.21557041748287803
C06_component_beta_mixture,S3,age_temporal,3,cf_rmse_age,0.16313702028472743
C06_component_beta_mixture,S3,age_temporal,3,cf_rmse_lag,0.1255399723256702
C06_component_beta_mixture,S3,age_temporal,3,delta_bce_beta0,0.007958674640396846
C06_component_beta_mixture,S3,age_temporal,3,delta_bce_full_age_shuffle,0.020032072743016438
C06_component_beta_mixture,S3,age_temporal,3,delta_bce_gate_age_shuffle,0.01283125901248272
C06_component_beta_mixture,S3,age_temporal,3,gate_signal_rmse,0.1705739859425903
C06_component_beta_mixture,S3,age_temporal,3,gate_signal_mae,0.1415459738084082
C06_component_beta_mixture,S3,age_temporal,3,gate_signal_correlation,0.7965208341843745
C06_component_beta_mixture,S3,age_temporal,3,beta_mean,0.5908312797546387
C06_component_beta_mixture,S3,age_temporal,3,abs_beta_mean,0.5908312797546387
C06_component_beta_mixture,S3,age_temporal,4,bce,0.4894093578916834
C06_component_beta_mixture,S3,age_temporal,4,auroc,0.7317094412693491
C06_component_beta_mixture,S3,age_temporal,4,auprc,0.5260936926197687
C06_component_beta_mixture,S3,age_temporal,4,surface_rmse,0.15684980962536918
C06_component_beta_mixture,S3,age_temporal,4,cf_rmse_age,0.12890673728485263
C06_component_beta_mixture,S3,age_temporal,4,cf_rmse_lag,0.1004938295679008
C06_component_beta_mixture,S3,age_temporal,4,delta_bce_beta0,0.006662356965365657
C06_component_beta_mixture,S3,age_temporal,4,delta_bce_full_age_shuffle,0.021554164494170136
C06_component_beta_mixture,S3,age_temporal,4,delta_bce_gate_age_shuffle,0.011076145536680904
C06_component_beta_mixture,S3,age_temporal,4,gate_signal_rmse,0.17365534530655857
C06_component_beta_mixture,S3,age_temporal,4,gate_signal_mae,0.14437288689372757
C06_component_beta_mixture,S3,age_temporal,4,gate_signal_correlation,0.788834305554495
C06_component_beta_mixture,S3,age_temporal,4,beta_mean,0.5648759603500366
C06_component_beta_mixture,S3,age_temporal,4,abs_beta_mean,0.5648759603500366
C06_component_beta_mixture,S3,temporal_only,0,bce,0.4927527577802497
C06_component_beta_mixture,S3,temporal_only,0,auroc,0.7288330705630662
C06_component_beta_mixture,S3,temporal_only,0,auprc,0.5188151287896042
C06_component_beta_mixture,S3,temporal_only,0,surface_rmse,0.15415523561577626
C06_component_beta_mixture,S3,temporal_only,0,cf_rmse_age,0.12200348415862623
C06_component_beta_mixture,S3,temporal_only,0,cf_rmse_lag,0.09612878276154604
C06_component_beta_mixture,S3,temporal_only,0,delta_bce_beta0,0.0
C06_component_beta_mixture,S3,temporal_only,0,delta_bce_full_age_shuffle,0.009381148673617667
C06_component_beta_mixture,S3,temporal_only,0,delta_bce_gate_age_shuffle,0.0
C06_component_beta_mixture,S3,temporal_only,0,gate_signal_rmse,0.23786104856096463
C06_component_beta_mixture,S3,temporal_only,0,gate_signal_mae,0.20247461098083866
C06_component_beta_mixture,S3,temporal_only,0,gate_signal_correlation,0.5671207233453787
C06_component_beta_mixture,S3,temporal_only,0,beta_mean,0.0
C06_component_beta_mixture,S3,temporal_only,0,abs_beta_mean,0.0
C06_component_beta_mixture,S3,temporal_only,1,bce,0.4926213264986993
C06_component_beta_mixture,S3,temporal_only,1,auroc,0.7303657742250049
C06_component_beta_mixture,S3,temporal_only,1,auprc,0.5174649085708037
C06_component_beta_mixture,S3,temporal_only,1,surface_rmse,0.17190068436973324
C06_component_beta_mixture,S3,temporal_only,1,cf_rmse_age,0.13424829275277042
C06_component_beta_mixture,S3,temporal_only,1,cf_rmse_lag,0.10176915429667428
C06_component_beta_mixture,S3,temporal_only,1,delta_bce_beta0,0.0
C06_component_beta_mixture,S3,temporal_only,1,delta_bce_full_age_shuffle,0.008100890366780189
C06_component_beta_mixture,S3,temporal_only,1,delta_bce_gate_age_shuffle,0.0
C06_component_beta_mixture,S3,temporal_only,1,gate_signal_rmse,0.2371609850214079
C06_component_beta_mixture,S3,temporal_only,1,gate_signal_mae,0.2016325235366143
C06_component_beta_mixture,S3,temporal_only,1,gate_signal_correlation,0.5672106553987333
C06_component_beta_mixture,S3,temporal_only,1,beta_mean,0.0
C06_component_beta_mixture,S3,temporal_only,1,abs_beta_mean,0.0
C06_component_beta_mixture,S3,temporal_only,2,bce,0.49264800346131543
C06_component_beta_mixture,S3,temporal_only,2,auroc,0.7294085734284539
C06_component_beta_mixture,S3,temporal_only,2,auprc,0.518611284090687
C06_component_beta_mixture,S3,temporal_only,2,surface_rmse,0.1709264932543125
C06_component_beta_mixture,S3,temporal_only,2,cf_rmse_age,0.13079143989765418
C06_component_beta_mixture,S3,temporal_only,2,cf_rmse_lag,0.09608109815500361
C06_component_beta_mixture,S3,temporal_only,2,delta_bce_beta0,0.0
C06_component_beta_mixture,S3,temporal_only,2,delta_bce_full_age_shuffle,0.0114591996791501
C06_component_beta_mixture,S3,temporal_only,2,delta_bce_gate_age_shuffle,0.0
C06_component_beta_mixture,S3,temporal_only,2,gate_signal_rmse,0.2372015753199045
C06_component_beta_mixture,S3,temporal_only,2,gate_signal_mae,0.20168183200946288
C06_component_beta_mixture,S3,temporal_only,2,gate_signal_correlation,0.5672053939973691
C06_component_beta_mixture,S3,temporal_only,2,beta_mean,0.0
C06_component_beta_mixture,S3,temporal_only,2,abs_beta_mean,0.0
C06_component_beta_mixture,S3,temporal_only,3,bce,0.4927868851113606
C06_component_beta_mixture,S3,temporal_only,3,auroc,0.7303206932802861
C06_component_beta_mixture,S3,temporal_only,3,auprc,0.5191781789727398
C06_component_beta_mixture,S3,temporal_only,3,surface_rmse,0.21344069025445797
C06_component_beta_mixture,S3,temporal_only,3,cf_rmse_age,0.15622190869252975
C06_component_beta_mixture,S3,temporal_only,3,cf_rmse_lag,0.12660650818720257
C06_component_beta_mixture,S3,temporal_only,3,delta_bce_beta0,0.0
C06_component_beta_mixture,S3,temporal_only,3,delta_bce_full_age_shuffle,0.008875866987030578
C06_component_beta_mixture,S3,temporal_only,3,delta_bce_gate_age_shuffle,0.0
C06_component_beta_mixture,S3,temporal_only,3,gate_signal_rmse,0.23778018824289368
C06_component_beta_mixture,S3,temporal_only,3,gate_signal_mae,0.20237830893270797
C06_component_beta_mixture,S3,temporal_only,3,gate_signal_correlation,0.5671310247294298
C06_component_beta_mixture,S3,temporal_only,3,beta_mean,0.0
C06_component_beta_mixture,S3,temporal_only,3,abs_beta_mean,0.0
C06_component_beta_mixture,S3,temporal_only,4,bce,0.4937326693290566
C06_component_beta_mixture,S3,temporal_only,4,auroc,0.7282382424469489
C06_component_beta_mixture,S3,temporal_only,4,auprc,0.5147395680007619
C06_component_beta_mixture,S3,temporal_only,4,surface_rmse,0.16021946540628512
C06_component_beta_mixture,S3,temporal_only,4,cf_rmse_age,0.13548100251174752
C06_component_beta_mixture,S3,temporal_only,4,cf_rmse_lag,0.10473947686320785
C06_component_beta_mixture,S3,temporal_only,4,delta_bce_beta0,0.0
C06_component_beta_mixture,S3,temporal_only,4,delta_bce_full_age_shuffle,0.008917266456179851
C06_component_beta_mixture,S3,temporal_only,4,delta_bce_gate_age_shuffle,0.0
C06_component_beta_mixture,S3,temporal_only,4,gate_signal_rmse,0.2376895482240412
C06_component_beta_mixture,S3,temporal_only,4,gate_signal_mae,0.20226989720194152
C06_component_beta_mixture,S3,temporal_only,4,gate_signal_correlation,0.5671426001608406
C06_component_beta_mixture,S3,temporal_only,4,beta_mean,0.0
C06_component_beta_mixture,S3,temporal_only,4,abs_beta_mean,0.0
C00_current_dtr,S0,matched,0,delta_bce_to_minus_at,1.1285860192111752e-05
C00_current_dtr,S0,matched,0,delta_auroc_at_minus_to,3.461861318720949e-05
C00_current_dtr,S0,matched,0,delta_auprc_at_minus_to,-6.648490076321956e-05
C00_current_dtr,S0,matched,1,delta_bce_to_minus_at,-0.00017155527440210205
C00_current_dtr,S0,matched,1,delta_auroc_at_minus_to,-4.247237353061095e-05
C00_current_dtr,S0,matched,1,delta_auprc_at_minus_to,-0.00035540028214253727
C00_current_dtr,S0,matched,2,delta_bce_to_minus_at,-5.310887438658707e-06
C00_current_dtr,S0,matched,2,delta_auroc_at_minus_to,-2.638609339988829e-05
C00_current_dtr,S0,matched,2,delta_auprc_at_minus_to,-4.299376821115253e-06
C00_current_dtr,S0,matched,3,delta_bce_to_minus_at,-7.186558560184908e-05
C00_current_dtr,S0,matched,3,delta_auroc_at_minus_to,0.0013562251631549227
C00_current_dtr,S0,matched,3,delta_auprc_at_minus_to,0.0010286741618541484
C00_current_dtr,S0,matched,4,delta_bce_to_minus_at,3.322340479228192e-06
C00_current_dtr,S0,matched,4,delta_auroc_at_minus_to,4.471805049144351e-06
C00_current_dtr,S0,matched,4,delta_auprc_at_minus_to,8.312491931339316e-06
C00_current_dtr,S1,matched,0,delta_bce_to_minus_at,0.00021194220717518641
C00_current_dtr,S1,matched,0,delta_auroc_at_minus_to,0.0003215234710820525
C00_current_dtr,S1,matched,0,delta_auprc_at_minus_to,0.0003237295960659692
C00_current_dtr,S1,matched,1,delta_bce_to_minus_at,1.8757629690779876e-05
C00_current_dtr,S1,matched,1,delta_auroc_at_minus_to,5.071538473533366e-05
C00_current_dtr,S1,matched,1,delta_auprc_at_minus_to,0.00015336982816771538
C00_current_dtr,S1,matched,2,delta_bce_to_minus_at,6.233591634452473e-05
C00_current_dtr,S1,matched,2,delta_auroc_at_minus_to,0.00010173003987556939
C00_current_dtr,S1,matched,2,delta_auprc_at_minus_to,0.000133211485061846
C00_current_dtr,S1,matched,3,delta_bce_to_minus_at,6.234408191296836e-05
C00_current_dtr,S1,matched,3,delta_auroc_at_minus_to,0.00017785907811118662
C00_current_dtr,S1,matched,3,delta_auprc_at_minus_to,0.00010730287739557642
C00_current_dtr,S1,matched,4,delta_bce_to_minus_at,5.7693997534524755e-05
C00_current_dtr,S1,matched,4,delta_auroc_at_minus_to,3.278349136071057e-05
C00_current_dtr,S1,matched,4,delta_auprc_at_minus_to,9.705174975871422e-05
C00_current_dtr,S2,matched,0,delta_bce_to_minus_at,0.0043106072154003305
C00_current_dtr,S2,matched,0,delta_auroc_at_minus_to,0.0031645797008910126
C00_current_dtr,S2,matched,0,delta_auprc_at_minus_to,0.00912996595217419
C00_current_dtr,S2,matched,1,delta_bce_to_minus_at,0.004640405474660714
C00_current_dtr,S2,matched,1,delta_auroc_at_minus_to,0.003086985322482527
C00_current_dtr,S2,matched,1,delta_auprc_at_minus_to,0.008513110815696168
C00_current_dtr,S2,matched,2,delta_bce_to_minus_at,0.004811484089596418
C00_current_dtr,S2,matched,2,delta_auroc_at_minus_to,0.0033736081045800947
C00_current_dtr,S2,matched,2,delta_auprc_at_minus_to,0.009933875675924853
C00_current_dtr,S2,matched,3,delta_bce_to_minus_at,0.0038317940014475638
C00_current_dtr,S2,matched,3,delta_auroc_at_minus_to,0.0027944906393466695
C00_current_dtr,S2,matched,3,delta_auprc_at_minus_to,0.007990391139118147
C00_current_dtr,S2,matched,4,delta_bce_to_minus_at,0.004402273161301429
C00_current_dtr,S2,matched,4,delta_auroc_at_minus_to,0.0031510248241625183
C00_current_dtr,S2,matched,4,delta_auprc_at_minus_to,0.00871759681978046
C00_current_dtr,S3,matched,0,delta_bce_to_minus_at,0.004519074516300237
C00_current_dtr,S3,matched,0,delta_auroc_at_minus_to,0.0034715404548417705
C00_current_dtr,S3,matched,0,delta_auprc_at_minus_to,0.011015962793962664
C00_current_dtr,S3,matched,1,delta_bce_to_minus_at,0.004001850591326683
C00_current_dtr,S3,matched,1,delta_auroc_at_minus_to,0.003020566248745249
C00_current_dtr,S3,matched,1,delta_auprc_at_minus_to,0.010012412430804418
C00_current_dtr,S3,matched,2,delta_bce_to_minus_at,0.004544821021969236
C00_current_dtr,S3,matched,2,delta_auroc_at_minus_to,0.0034475656108131636
C00_current_dtr,S3,matched,2,delta_auprc_at_minus_to,0.010823017146969871
C00_current_dtr,S3,matched,3,delta_bce_to_minus_at,0.0047703589072232155
C00_current_dtr,S3,matched,3,delta_auroc_at_minus_to,0.004068423211457839
C00_current_dtr,S3,matched,3,delta_auprc_at_minus_to,0.011292740097252119
C00_current_dtr,S3,matched,4,delta_bce_to_minus_at,0.0044284793125844435
C00_current_dtr,S3,matched,4,delta_auroc_at_minus_to,0.005503051710528117
C00_current_dtr,S3,matched,4,delta_auprc_at_minus_to,0.01117895101350641
C01_staged_current,S0,matched,0,delta_bce_to_minus_at,7.523988189317432e-06
C01_staged_current,S0,matched,0,delta_auroc_at_minus_to,4.061278684130976e-06
C01_staged_current,S0,matched,0,delta_auprc_at_minus_to,6.414818686795165e-06
C01_staged_current,S0,matched,1,delta_bce_to_minus_at,-6.122227567018079e-06
C01_staged_current,S0,matched,1,delta_auroc_at_minus_to,-2.0501882166401586e-06
C01_staged_current,S0,matched,1,delta_auprc_at_minus_to,-1.4702960148271771e-05
C01_staged_current,S0,matched,2,delta_bce_to_minus_at,3.094602974762495e-06
C01_staged_current,S0,matched,2,delta_auroc_at_minus_to,4.080827558539113e-06
C01_staged_current,S0,matched,2,delta_auprc_at_minus_to,-3.47103516695757e-06
C01_staged_current,S0,matched,3,delta_bce_to_minus_at,2.794080314894032e-07
C01_staged_current,S0,matched,3,delta_auroc_at_minus_to,1.150939988203703e-06
C01_staged_current,S0,matched,3,delta_auprc_at_minus_to,6.461283429071152e-06
C01_staged_current,S0,matched,4,delta_bce_to_minus_at,-5.942792019042464e-06
C01_staged_current,S0,matched,4,delta_auroc_at_minus_to,-3.958647092350276e-07
C01_staged_current,S0,matched,4,delta_auprc_at_minus_to,-2.601107670252567e-05
C01_staged_current,S1,matched,0,delta_bce_to_minus_at,0.00014501456538951185
C01_staged_current,S1,matched,0,delta_auroc_at_minus_to,0.00019030921357909847
C01_staged_current,S1,matched,0,delta_auprc_at_minus_to,0.00022169746355826803
C01_staged_current,S1,matched,1,delta_bce_to_minus_at,5.061584309884459e-05
C01_staged_current,S1,matched,1,delta_auroc_at_minus_to,7.702684945065652e-05
C01_staged_current,S1,matched,1,delta_auprc_at_minus_to,9.254130694491547e-05
C01_staged_current,S1,matched,2,delta_bce_to_minus_at,6.764922979857202e-05
C01_staged_current,S1,matched,2,delta_auroc_at_minus_to,9.387358347046071e-05
C01_staged_current,S1,matched,2,delta_auprc_at_minus_to,0.00014807738136046744
C01_staged_current,S1,matched,3,delta_bce_to_minus_at,9.295615712823224e-05
C01_staged_current,S1,matched,3,delta_auroc_at_minus_to,0.00017823620748347313
C01_staged_current,S1,matched,3,delta_auprc_at_minus_to,0.00020730156683701484
C01_staged_current,S1,matched,4,delta_bce_to_minus_at,8.951383026761794e-05
C01_staged_current,S1,matched,4,delta_auroc_at_minus_to,0.00012288821420192164
C01_staged_current,S1,matched,4,delta_auprc_at_minus_to,0.00017677931728099505
C01_staged_current,S2,matched,0,delta_bce_to_minus_at,0.0038660719982747116
C01_staged_current,S2,matched,0,delta_auroc_at_minus_to,0.0016731854571029325
C01_staged_current,S2,matched,0,delta_auprc_at_minus_to,0.007176678156564753
C01_staged_current,S2,matched,1,delta_bce_to_minus_at,0.00590877206238738
C01_staged_current,S2,matched,1,delta_auroc_at_minus_to,0.003176585728931869
C01_staged_current,S2,matched,1,delta_auprc_at_minus_to,0.009410615036845815
C01_staged_current,S2,matched,2,delta_bce_to_minus_at,0.003647583569548807
C01_staged_current,S2,matched,2,delta_auroc_at_minus_to,0.0009725789475624191
C01_staged_current,S2,matched,2,delta_auprc_at_minus_to,0.006788748795638844
C01_staged_current,S2,matched,3,delta_bce_to_minus_at,0.0031528104586051597
C01_staged_current,S2,matched,3,delta_auroc_at_minus_to,0.0020888944843499013
C01_staged_current,S2,matched,3,delta_auprc_at_minus_to,0.006290532033746188
C01_staged_current,S2,matched,4,delta_bce_to_minus_at,0.0047433525308623326
C01_staged_current,S2,matched,4,delta_auroc_at_minus_to,0.002860240736571207
C01_staged_current,S2,matched,4,delta_auprc_at_minus_to,0.008850858752793234
C01_staged_current,S3,matched,0,delta_bce_to_minus_at,0.005513634767205566
C01_staged_current,S3,matched,0,delta_auroc_at_minus_to,0.004693186567390262
C01_staged_current,S3,matched,0,delta_auprc_at_minus_to,0.014849710441309116
C01_staged_current,S3,matched,1,delta_bce_to_minus_at,0.0036820012283446113
C01_staged_current,S3,matched,1,delta_auroc_at_minus_to,0.002396207521307092
C01_staged_current,S3,matched,1,delta_auprc_at_minus_to,0.00919326574805035
C01_staged_current,S3,matched,2,delta_bce_to_minus_at,0.005706861882522285
C01_staged_current,S3,matched,2,delta_auroc_at_minus_to,0.0029258177620617998
C01_staged_current,S3,matched,2,delta_auprc_at_minus_to,0.013722722951409416
C01_staged_current,S3,matched,3,delta_bce_to_minus_at,0.005568395169823159
C01_staged_current,S3,matched,3,delta_auroc_at_minus_to,0.006152902033117691
C01_staged_current,S3,matched,3,delta_auprc_at_minus_to,0.013146730042848609
C01_staged_current,S3,matched,4,delta_bce_to_minus_at,0.0030537410242513774
C01_staged_current,S3,matched,4,delta_auroc_at_minus_to,0.0021647188327452715
C01_staged_current,S3,matched,4,delta_auprc_at_minus_to,0.009329099935370566
C02_mass_current,S0,matched,0,delta_bce_to_minus_at,9.501504397158023e-07
C02_mass_current,S0,matched,0,delta_auroc_at_minus_to,8.503760421385564e-07
C02_mass_current,S0,matched,0,delta_auprc_at_minus_to,4.380582308005643e-07
C02_mass_current,S0,matched,1,delta_bce_to_minus_at,1.4314757502131847e-06
C02_mass_current,S0,matched,1,delta_auroc_at_minus_to,-6.763910588070132e-06
C02_mass_current,S0,matched,1,delta_auprc_at_minus_to,-1.14790614038629e-05
C02_mass_current,S0,matched,2,delta_bce_to_minus_at,-3.439910310382155e-05
C02_mass_current,S0,matched,2,delta_auroc_at_minus_to,-3.663459087344112e-05
C02_mass_current,S0,matched,2,delta_auprc_at_minus_to,-0.00013690952415390534
C02_mass_current,S0,matched,3,delta_bce_to_minus_at,-3.2813814185850276e-06
C02_mass_current,S0,matched,3,delta_auroc_at_minus_to,2.8333650025080814e-05
C02_mass_current,S0,matched,3,delta_auprc_at_minus_to,-7.094589534295537e-06
C02_mass_current,S0,matched,4,delta_bce_to_minus_at,-9.275889179705121e-06
C02_mass_current,S0,matched,4,delta_auroc_at_minus_to,-9.078008611052013e-06
C02_mass_current,S0,matched,4,delta_auprc_at_minus_to,-2.483610027859129e-05
C02_mass_current,S1,matched,0,delta_bce_to_minus_at,-5.3090290208002155e-05
C02_mass_current,S1,matched,0,delta_auroc_at_minus_to,-2.1073016081007978e-05
C02_mass_current,S1,matched,0,delta_auprc_at_minus_to,6.715405806878572e-05
C02_mass_current,S1,matched,1,delta_bce_to_minus_at,-4.426632927245766e-05
C02_mass_current,S1,matched,1,delta_auroc_at_minus_to,-9.658161567216439e-05
C02_mass_current,S1,matched,1,delta_auprc_at_minus_to,-9.148745531006863e-05
C02_mass_current,S1,matched,2,delta_bce_to_minus_at,-5.1685994642391986e-05
C02_mass_current,S1,matched,2,delta_auroc_at_minus_to,-3.71849560980575e-05
C02_mass_current,S1,matched,2,delta_auprc_at_minus_to,-2.9782857959737008e-05
C02_mass_current,S1,matched,3,delta_bce_to_minus_at,-3.938921229346137e-05
C02_mass_current,S1,matched,3,delta_auroc_at_minus_to,-6.760104823855251e-05
C02_mass_current,S1,matched,3,delta_auprc_at_minus_to,-1.4496385056572691e-05
C02_mass_current,S1,matched,4,delta_bce_to_minus_at,1.5309520587869496e-05
C02_mass_current,S1,matched,4,delta_auroc_at_minus_to,1.8309022746687553e-05
C02_mass_current,S1,matched,4,delta_auprc_at_minus_to,0.00021960451460900643
C02_mass_current,S2,matched,0,delta_bce_to_minus_at,0.0023429297524119597
C02_mass_current,S2,matched,0,delta_auroc_at_minus_to,0.0021286964646332063
C02_mass_current,S2,matched,0,delta_auprc_at_minus_to,0.005278778983464627
C02_mass_current,S2,matched,1,delta_bce_to_minus_at,0.002237806570183354
C02_mass_current,S2,matched,1,delta_auroc_at_minus_to,0.0020380986192347628
C02_mass_current,S2,matched,1,delta_auprc_at_minus_to,0.004682969550211524
C02_mass_current,S2,matched,2,delta_bce_to_minus_at,0.0031920260603707784
C02_mass_current,S2,matched,2,delta_auroc_at_minus_to,0.002914011763564539
C02_mass_current,S2,matched,2,delta_auprc_at_minus_to,0.007918788418847411
C02_mass_current,S2,matched,3,delta_bce_to_minus_at,0.002064520774055667
C02_mass_current,S2,matched,3,delta_auroc_at_minus_to,0.0022174048126610835
C02_mass_current,S2,matched,3,delta_auprc_at_minus_to,0.004804168673507636
C02_mass_current,S2,matched,4,delta_bce_to_minus_at,0.0022746326308561993
C02_mass_current,S2,matched,4,delta_auroc_at_minus_to,0.0020886445119350228
C02_mass_current,S2,matched,4,delta_auprc_at_minus_to,0.004560258971292308
C02_mass_current,S3,matched,0,delta_bce_to_minus_at,0.0008587328372423597
C02_mass_current,S3,matched,0,delta_auroc_at_minus_to,0.0014519814887552496
C02_mass_current,S3,matched,0,delta_auprc_at_minus_to,0.002289698382732963
C02_mass_current,S3,matched,1,delta_bce_to_minus_at,0.0014510344788914442
C02_mass_current,S3,matched,1,delta_auroc_at_minus_to,0.0014658818101489501
C02_mass_current,S3,matched,1,delta_auprc_at_minus_to,0.0038465961182777564
C02_mass_current,S3,matched,2,delta_bce_to_minus_at,0.0015350513678174527
C02_mass_current,S3,matched,2,delta_auroc_at_minus_to,0.0016804948252739926
C02_mass_current,S3,matched,2,delta_auprc_at_minus_to,0.005368601138412865
C02_mass_current,S3,matched,3,delta_bce_to_minus_at,0.0004480329312178677
C02_mass_current,S3,matched,3,delta_auroc_at_minus_to,0.0011513885529436108
C02_mass_current,S3,matched,3,delta_auprc_at_minus_to,0.001108984997108542
C02_mass_current,S3,matched,4,delta_bce_to_minus_at,0.0006752128555911341
C02_mass_current,S3,matched,4,delta_auroc_at_minus_to,0.0005544476461245562
C02_mass_current,S3,matched,4,delta_auprc_at_minus_to,0.0024902298574585036
C03_weak_lambda_init,S0,matched,0,delta_bce_to_minus_at,3.846134944451851e-05
C03_weak_lambda_init,S0,matched,0,delta_auroc_at_minus_to,3.215301138692617e-05
C03_weak_lambda_init,S0,matched,0,delta_auprc_at_minus_to,4.0808006558701315e-05
C03_weak_lambda_init,S0,matched,1,delta_bce_to_minus_at,3.36839853173343e-05
C03_weak_lambda_init,S0,matched,1,delta_auroc_at_minus_to,6.929831660740238e-05
C03_weak_lambda_init,S0,matched,1,delta_auprc_at_minus_to,0.00011266430598566579
C03_weak_lambda_init,S0,matched,2,delta_bce_to_minus_at,2.4888919961885136e-05
C03_weak_lambda_init,S0,matched,2,delta_auroc_at_minus_to,5.353703651578279e-05
C03_weak_lambda_init,S0,matched,2,delta_auprc_at_minus_to,4.021349398619645e-05
C03_weak_lambda_init,S0,matched,3,delta_bce_to_minus_at,6.464544012813045e-05
C03_weak_lambda_init,S0,matched,3,delta_auroc_at_minus_to,4.6181772472952964e-05
C03_weak_lambda_init,S0,matched,3,delta_auprc_at_minus_to,4.180578975265803e-05
C03_weak_lambda_init,S0,matched,4,delta_bce_to_minus_at,-1.002632107516277e-05
C03_weak_lambda_init,S0,matched,4,delta_auroc_at_minus_to,-1.2205828536115959e-05
C03_weak_lambda_init,S0,matched,4,delta_auprc_at_minus_to,-6.737373645648859e-07
C03_weak_lambda_init,S1,matched,0,delta_bce_to_minus_at,0.00014905862026859396
C03_weak_lambda_init,S1,matched,0,delta_auroc_at_minus_to,0.0001404624429461876
C03_weak_lambda_init,S1,matched,0,delta_auprc_at_minus_to,0.0002112801081910476
C03_weak_lambda_init,S1,matched,1,delta_bce_to_minus_at,0.0002167238178958364
C03_weak_lambda_init,S1,matched,1,delta_auroc_at_minus_to,0.00024078372213476307
C03_weak_lambda_init,S1,matched,1,delta_auprc_at_minus_to,0.0005251198851400352
C03_weak_lambda_init,S1,matched,2,delta_bce_to_minus_at,3.179739358355471e-05
C03_weak_lambda_init,S1,matched,2,delta_auroc_at_minus_to,4.987110155996177e-05
C03_weak_lambda_init,S1,matched,2,delta_auprc_at_minus_to,5.672411633961261e-05
C03_weak_lambda_init,S1,matched,3,delta_bce_to_minus_at,4.423366927169825e-05
C03_weak_lambda_init,S1,matched,3,delta_auroc_at_minus_to,6.403170121271895e-05
C03_weak_lambda_init,S1,matched,3,delta_auprc_at_minus_to,1.0324071024969683e-05
C03_weak_lambda_init,S1,matched,4,delta_bce_to_minus_at,6.53095210240151e-05
C03_weak_lambda_init,S1,matched,4,delta_auroc_at_minus_to,4.253046081237333e-05
C03_weak_lambda_init,S1,matched,4,delta_auprc_at_minus_to,8.384459583510306e-05
C03_weak_lambda_init,S2,matched,0,delta_bce_to_minus_at,0.0038717807841660568
C03_weak_lambda_init,S2,matched,0,delta_auroc_at_minus_to,0.0027763872449526605
C03_weak_lambda_init,S2,matched,0,delta_auprc_at_minus_to,0.007339807676172039
C03_weak_lambda_init,S2,matched,1,delta_bce_to_minus_at,0.004605385582460764
C03_weak_lambda_init,S2,matched,1,delta_auroc_at_minus_to,0.002800053750931064
C03_weak_lambda_init,S2,matched,1,delta_auprc_at_minus_to,0.00873747868887298
C03_weak_lambda_init,S2,matched,2,delta_bce_to_minus_at,0.005024061692681936
C03_weak_lambda_init,S2,matched,2,delta_auroc_at_minus_to,0.003714572929089166
C03_weak_lambda_init,S2,matched,2,delta_auprc_at_minus_to,0.011284677950137656
C03_weak_lambda_init,S2,matched,3,delta_bce_to_minus_at,0.004132075047844075
C03_weak_lambda_init,S2,matched,3,delta_auroc_at_minus_to,0.0028655097629618487
C03_weak_lambda_init,S2,matched,3,delta_auprc_at_minus_to,0.0074677700096417166
C03_weak_lambda_init,S2,matched,4,delta_bce_to_minus_at,0.004479201869013905
C03_weak_lambda_init,S2,matched,4,delta_auroc_at_minus_to,0.0030447081251503416
C03_weak_lambda_init,S2,matched,4,delta_auprc_at_minus_to,0.00819536212337213
C03_weak_lambda_init,S3,matched,0,delta_bce_to_minus_at,0.004388295622011706
C03_weak_lambda_init,S3,matched,0,delta_auroc_at_minus_to,0.0039745372861161865
C03_weak_lambda_init,S3,matched,0,delta_auprc_at_minus_to,0.011028447972543542
C03_weak_lambda_init,S3,matched,1,delta_bce_to_minus_at,0.004342379124737561
C03_weak_lambda_init,S3,matched,1,delta_auroc_at_minus_to,0.003835672178910232
C03_weak_lambda_init,S3,matched,1,delta_auprc_at_minus_to,0.010491448874151432
C03_weak_lambda_init,S3,matched,2,delta_bce_to_minus_at,0.004480440767877736
C03_weak_lambda_init,S3,matched,2,delta_auroc_at_minus_to,0.0034295657001222057
C03_weak_lambda_init,S3,matched,2,delta_auprc_at_minus_to,0.010733555577685294
C03_weak_lambda_init,S3,matched,3,delta_bce_to_minus_at,0.004900236385312562
C03_weak_lambda_init,S3,matched,3,delta_auroc_at_minus_to,0.0051146083558401
C03_weak_lambda_init,S3,matched,3,delta_auprc_at_minus_to,0.011932267387763207
C03_weak_lambda_init,S3,matched,4,delta_bce_to_minus_at,0.003823174939647289
C03_weak_lambda_init,S3,matched,4,delta_auroc_at_minus_to,0.003404515077341963
C03_weak_lambda_init,S3,matched,4,delta_auprc_at_minus_to,0.010307790628451885
C04_no_content_persistence,S0,matched,0,delta_bce_to_minus_at,2.3740754596823788e-05
C04_no_content_persistence,S0,matched,0,delta_auroc_at_minus_to,3.971598222152206e-05
C04_no_content_persistence,S0,matched,0,delta_auprc_at_minus_to,-8.36643306346696e-05
C04_no_content_persistence,S0,matched,1,delta_bce_to_minus_at,-4.7433191529888674e-05
C04_no_content_persistence,S0,matched,1,delta_auroc_at_minus_to,-6.419117313583023e-05
C04_no_content_persistence,S0,matched,1,delta_auprc_at_minus_to,-0.0001155934846911455
C04_no_content_persistence,S0,matched,2,delta_bce_to_minus_at,-0.0001207052683828147
C04_no_content_persistence,S0,matched,2,delta_auroc_at_minus_to,-0.0003188739105411953
C04_no_content_persistence,S0,matched,2,delta_auprc_at_minus_to,-0.0002521717982716387
C04_no_content_persistence,S0,matched,3,delta_bce_to_minus_at,1.1402695790918571e-06
C04_no_content_persistence,S0,matched,3,delta_auroc_at_minus_to,-0.00011291674290725418
C04_no_content_persistence,S0,matched,3,delta_auprc_at_minus_to,-4.7685630090721354e-05
C04_no_content_persistence,S0,matched,4,delta_bce_to_minus_at,-3.514127035741943e-05
C04_no_content_persistence,S0,matched,4,delta_auroc_at_minus_to,-5.231523185744713e-05
C04_no_content_persistence,S0,matched,4,delta_auprc_at_minus_to,-0.00010663367679986102
C04_no_content_persistence,S1,matched,0,delta_bce_to_minus_at,8.364089417417508e-05
C04_no_content_persistence,S1,matched,0,delta_auroc_at_minus_to,5.023849856145013e-05
C04_no_content_persistence,S1,matched,0,delta_auprc_at_minus_to,3.9066303123336255e-05
C04_no_content_persistence,S1,matched,1,delta_bce_to_minus_at,-0.0001834909967688425
C04_no_content_persistence,S1,matched,1,delta_auroc_at_minus_to,-0.0002138055900131608
C04_no_content_persistence,S1,matched,1,delta_auprc_at_minus_to,-0.0003404158478533814
C04_no_content_persistence,S1,matched,2,delta_bce_to_minus_at,-1.8793652374671233e-05
C04_no_content_persistence,S1,matched,2,delta_auroc_at_minus_to,-4.6004917221953434e-05
C04_no_content_persistence,S1,matched,2,delta_auprc_at_minus_to,1.1500949810838712e-05
C04_no_content_persistence,S1,matched,3,delta_bce_to_minus_at,2.4592591056638025e-05
C04_no_content_persistence,S1,matched,3,delta_auroc_at_minus_to,7.624096050085072e-05
C04_no_content_persistence,S1,matched,3,delta_auprc_at_minus_to,2.43040738051592e-05
C04_no_content_persistence,S1,matched,4,delta_bce_to_minus_at,-0.00032036869188306616
C04_no_content_persistence,S1,matched,4,delta_auroc_at_minus_to,-0.0003466281218064138
C04_no_content_persistence,S1,matched,4,delta_auprc_at_minus_to,-0.0005690680288363836
C04_no_content_persistence,S2,matched,0,delta_bce_to_minus_at,0.004776701246460957
C04_no_content_persistence,S2,matched,0,delta_auroc_at_minus_to,0.0034584884436674734
C04_no_content_persistence,S2,matched,0,delta_auprc_at_minus_to,0.010230302639882005
C04_no_content_persistence,S2,matched,1,delta_bce_to_minus_at,0.00561900552893041
C04_no_content_persistence,S2,matched,1,delta_auroc_at_minus_to,0.0038566724440682876
C04_no_content_persistence,S2,matched,1,delta_auprc_at_minus_to,0.011156477922253605
C04_no_content_persistence,S2,matched,2,delta_bce_to_minus_at,0.005791015519917009
C04_no_content_persistence,S2,matched,2,delta_auroc_at_minus_to,0.004794181732259095
C04_no_content_persistence,S2,matched,2,delta_auprc_at_minus_to,0.012924870536254018
C04_no_content_persistence,S2,matched,3,delta_bce_to_minus_at,0.0041037040520982004
C04_no_content_persistence,S2,matched,3,delta_auroc_at_minus_to,0.00282002458630648
C04_no_content_persistence,S2,matched,3,delta_auprc_at_minus_to,0.008827820388156216
C04_no_content_persistence,S2,matched,4,delta_bce_to_minus_at,0.00555456018145678
C04_no_content_persistence,S2,matched,4,delta_auroc_at_minus_to,0.004827055555516213
C04_no_content_persistence,S2,matched,4,delta_auprc_at_minus_to,0.01151205813493128
C04_no_content_persistence,S3,matched,0,delta_bce_to_minus_at,0.005145671105467042
C04_no_content_persistence,S3,matched,0,delta_auroc_at_minus_to,0.0044622188077285685
C04_no_content_persistence,S3,matched,0,delta_auprc_at_minus_to,0.011598714422915268
C04_no_content_persistence,S3,matched,1,delta_bce_to_minus_at,0.0028924115087032853
C04_no_content_persistence,S3,matched,1,delta_auroc_at_minus_to,0.00040319412279776756
C04_no_content_persistence,S3,matched,1,delta_auprc_at_minus_to,0.0076895322079751915
C04_no_content_persistence,S3,matched,2,delta_bce_to_minus_at,0.004106902923973754
C04_no_content_persistence,S3,matched,2,delta_auroc_at_minus_to,0.0033360383676976912
C04_no_content_persistence,S3,matched,2,delta_auprc_at_minus_to,0.009668971695157236
C04_no_content_persistence,S3,matched,3,delta_bce_to_minus_at,0.005021029055291781
C04_no_content_persistence,S3,matched,3,delta_auroc_at_minus_to,0.003937173357893453
C04_no_content_persistence,S3,matched,3,delta_auprc_at_minus_to,0.012206440391812956
C04_no_content_persistence,S3,matched,4,delta_bce_to_minus_at,0.004323314667148415
C04_no_content_persistence,S3,matched,4,delta_auroc_at_minus_to,0.0034712812018542483
C04_no_content_persistence,S3,matched,4,delta_auprc_at_minus_to,0.011354287117023576
C05_shared_beta_mixture,S0,matched,0,delta_bce_to_minus_at,2.3735312429717936e-05
C05_shared_beta_mixture,S0,matched,0,delta_auroc_at_minus_to,3.9752636361245486e-05
C05_shared_beta_mixture,S0,matched,0,delta_auprc_at_minus_to,-8.346850045504173e-05
C05_shared_beta_mixture,S0,matched,1,delta_bce_to_minus_at,-4.742853688294302e-05
C05_shared_beta_mixture,S0,matched,1,delta_auroc_at_minus_to,-6.421560922897918e-05
C05_shared_beta_mixture,S0,matched,1,delta_auprc_at_minus_to,-0.00011553835381061806
C05_shared_beta_mixture,S0,matched,2,delta_bce_to_minus_at,-0.00012070480974785136
C05_shared_beta_mixture,S0,matched,2,delta_auroc_at_minus_to,-0.0003188616924946208
C05_shared_beta_mixture,S0,matched,2,delta_auprc_at_minus_to,-0.00025201971572674786
C05_shared_beta_mixture,S0,matched,3,delta_bce_to_minus_at,1.1381584941738687e-06
C05_shared_beta_mixture,S0,matched,3,delta_auroc_at_minus_to,-0.00011289719403273502
C05_shared_beta_mixture,S0,matched,3,delta_auprc_at_minus_to,-4.7612258566309684e-05
C05_shared_beta_mixture,S0,matched,4,delta_bce_to_minus_at,-3.513698165191759e-05
C05_shared_beta_mixture,S0,matched,4,delta_auroc_at_minus_to,-5.226880328046413e-05
C05_shared_beta_mixture,S0,matched,4,delta_auprc_at_minus_to,-0.00010653845979569088
C05_shared_beta_mixture,S1,matched,0,delta_bce_to_minus_at,8.363667547406362e-05
C05_shared_beta_mixture,S1,matched,0,delta_auroc_at_minus_to,5.021416763428821e-05
C05_shared_beta_mixture,S1,matched,0,delta_auprc_at_minus_to,3.90390261562068e-05
C05_shared_beta_mixture,S1,matched,1,delta_bce_to_minus_at,-0.000183490714897927
C05_shared_beta_mixture,S1,matched,1,delta_auroc_at_minus_to,-0.00021377152671497868
C05_shared_beta_mixture,S1,matched,1,delta_auprc_at_minus_to,-0.0003403674493946962
C05_shared_beta_mixture,S1,matched,2,delta_bce_to_minus_at,-1.8795807493310335e-05
C05_shared_beta_mixture,S1,matched,2,delta_auroc_at_minus_to,-4.601221650024634e-05
C05_shared_beta_mixture,S1,matched,2,delta_auprc_at_minus_to,1.1577935963735797e-05
C05_shared_beta_mixture,S1,matched,3,delta_bce_to_minus_at,2.459535096527299e-05
C05_shared_beta_mixture,S1,matched,3,delta_auroc_at_minus_to,7.623366122277986e-05
C05_shared_beta_mixture,S1,matched,3,delta_auprc_at_minus_to,2.4179874767882303e-05
C05_shared_beta_mixture,S1,matched,4,delta_bce_to_minus_at,-0.0003203689107199592
C05_shared_beta_mixture,S1,matched,4,delta_auroc_at_minus_to,-0.00034655269593186766
C05_shared_beta_mixture,S1,matched,4,delta_auprc_at_minus_to,-0.0005691597223216327
C05_shared_beta_mixture,S2,matched,0,delta_bce_to_minus_at,0.004776701175317366
C05_shared_beta_mixture,S2,matched,0,delta_auroc_at_minus_to,0.0034585644156759354
C05_shared_beta_mixture,S2,matched,0,delta_auprc_at_minus_to,0.010230442516303118
C05_shared_beta_mixture,S2,matched,1,delta_bce_to_minus_at,0.005619001454970407
C05_shared_beta_mixture,S2,matched,1,delta_auroc_at_minus_to,0.0038566062748996988
C05_shared_beta_mixture,S2,matched,1,delta_auprc_at_minus_to,0.011156594082605942
C05_shared_beta_mixture,S2,matched,2,delta_bce_to_minus_at,0.00579101710281249
C05_shared_beta_mixture,S2,matched,2,delta_auroc_at_minus_to,0.00479414742231965
C05_shared_beta_mixture,S2,matched,2,delta_auprc_at_minus_to,0.012924796745030442
C05_shared_beta_mixture,S2,matched,3,delta_bce_to_minus_at,0.004103706175479782
C05_shared_beta_mixture,S2,matched,3,delta_auroc_at_minus_to,0.0028200392905660676
C05_shared_beta_mixture,S2,matched,3,delta_auprc_at_minus_to,0.008827814925654653
C05_shared_beta_mixture,S2,matched,4,delta_bce_to_minus_at,0.00555456029013901
C05_shared_beta_mixture,S2,matched,4,delta_auroc_at_minus_to,0.004827028597706784
C05_shared_beta_mixture,S2,matched,4,delta_auprc_at_minus_to,0.011512081526853568
C05_shared_beta_mixture,S3,matched,0,delta_bce_to_minus_at,0.0051456693685790755
C05_shared_beta_mixture,S3,matched,0,delta_auroc_at_minus_to,0.004462250305755089
C05_shared_beta_mixture,S3,matched,0,delta_auprc_at_minus_to,0.011598772113122768
C05_shared_beta_mixture,S3,matched,1,delta_bce_to_minus_at,0.002892413469487598
C05_shared_beta_mixture,S3,matched,1,delta_auroc_at_minus_to,0.00040322562082439894
C05_shared_beta_mixture,S3,matched,1,delta_auprc_at_minus_to,0.007689753578035696
C05_shared_beta_mixture,S3,matched,2,delta_bce_to_minus_at,0.0041069035006672805
C05_shared_beta_mixture,S3,matched,2,delta_auroc_at_minus_to,0.003336038367697469
C05_shared_beta_mixture,S3,matched,2,delta_auprc_at_minus_to,0.00966887103985492
C05_shared_beta_mixture,S3,matched,3,delta_bce_to_minus_at,0.005021028506399627
C05_shared_beta_mixture,S3,matched,3,delta_auroc_at_minus_to,0.003937153974492347
C05_shared_beta_mixture,S3,matched,3,delta_auprc_at_minus_to,0.012206413156447549
C05_shared_beta_mixture,S3,matched,4,delta_bce_to_minus_at,0.004323315107824188
C05_shared_beta_mixture,S3,matched,4,delta_auroc_at_minus_to,0.0034712424350522575
C05_shared_beta_mixture,S3,matched,4,delta_auprc_at_minus_to,0.011354176562171414
C06_component_beta_mixture,S0,matched,0,delta_bce_to_minus_at,2.373538387012708e-05
C06_component_beta_mixture,S0,matched,0,delta_auroc_at_minus_to,3.982350103148846e-05
C06_component_beta_mixture,S0,matched,0,delta_auprc_at_minus_to,-8.32034428834838e-05
C06_component_beta_mixture,S0,matched,1,delta_bce_to_minus_at,-4.7433544069164224e-05
C06_component_beta_mixture,S0,matched,1,delta_auroc_at_minus_to,-6.417651147994086e-05
C06_component_beta_mixture,S0,matched,1,delta_auprc_at_minus_to,-0.00011560060330584321
C06_component_beta_mixture,S0,matched,2,delta_bce_to_minus_at,-0.0001207053200328323
C06_component_beta_mixture,S0,matched,2,delta_auroc_at_minus_to,-0.00031889101580639956
C06_component_beta_mixture,S0,matched,2,delta_auprc_at_minus_to,-0.0002520733464086433
C06_component_beta_mixture,S0,matched,3,delta_bce_to_minus_at,1.1393501134771e-06
C06_component_beta_mixture,S0,matched,3,delta_auroc_at_minus_to,-0.00011287275793958607
C06_component_beta_mixture,S0,matched,3,delta_auprc_at_minus_to,-4.72877952517603e-05
C06_component_beta_mixture,S0,matched,4,delta_bce_to_minus_at,-3.513729974624624e-05
C06_component_beta_mixture,S0,matched,4,delta_auroc_at_minus_to,-5.225658523388965e-05
C06_component_beta_mixture,S0,matched,4,delta_auprc_at_minus_to,-0.00010650947467094607
C06_component_beta_mixture,S1,matched,0,delta_bce_to_minus_at,8.360955273922777e-05
C06_component_beta_mixture,S1,matched,0,delta_auroc_at_minus_to,5.002438640189233e-05
C06_component_beta_mixture,S1,matched,0,delta_auprc_at_minus_to,3.869723146932014e-05
C06_component_beta_mixture,S1,matched,1,delta_bce_to_minus_at,-0.00018348936235368374
C06_component_beta_mixture,S1,matched,1,delta_auroc_at_minus_to,-0.00021381045619850436
C06_component_beta_mixture,S1,matched,1,delta_auprc_at_minus_to,-0.0003404465715651783
C06_component_beta_mixture,S1,matched,2,delta_bce_to_minus_at,-1.8794834050206433e-05
C06_component_beta_mixture,S1,matched,2,delta_auroc_at_minus_to,-4.604384670559014e-05
C06_component_beta_mixture,S1,matched,2,delta_auprc_at_minus_to,1.1523007047431477e-05
C06_component_beta_mixture,S1,matched,3,delta_bce_to_minus_at,2.4594924529719453e-05
C06_component_beta_mixture,S1,matched,3,delta_auroc_at_minus_to,7.62604252427801e-05
C06_component_beta_mixture,S1,matched,3,delta_auprc_at_minus_to,2.4212896160946684e-05
C06_component_beta_mixture,S1,matched,4,delta_bce_to_minus_at,-0.0003203690659075442
C06_component_beta_mixture,S1,matched,4,delta_auroc_at_minus_to,-0.0003465818930445952
C06_component_beta_mixture,S1,matched,4,delta_auprc_at_minus_to,-0.0005692187745365285
C06_component_beta_mixture,S2,matched,0,delta_bce_to_minus_at,0.00477669785041529
C06_component_beta_mixture,S2,matched,0,delta_auroc_at_minus_to,0.0034585497114163477
C06_component_beta_mixture,S2,matched,0,delta_auprc_at_minus_to,0.010230445602630756
C06_component_beta_mixture,S2,matched,1,delta_bce_to_minus_at,0.0056189933612624254
C06_component_beta_mixture,S2,matched,1,delta_auroc_at_minus_to,0.003856640584838922
C06_component_beta_mixture,S2,matched,1,delta_auprc_at_minus_to,0.011156661745402419
C06_component_beta_mixture,S2,matched,2,delta_bce_to_minus_at,0.005791013080593377
C06_component_beta_mixture,S2,matched,2,delta_auroc_at_minus_to,0.004794110661670459
C06_component_beta_mixture,S2,matched,2,delta_auprc_at_minus_to,0.012924602842042554
C06_component_beta_mixture,S2,matched,3,delta_bce_to_minus_at,0.004103701891931322
C06_component_beta_mixture,S2,matched,3,delta_auroc_at_minus_to,0.0028200711497955444
C06_component_beta_mixture,S2,matched,3,delta_auprc_at_minus_to,0.008827842200100466
C06_component_beta_mixture,S2,matched,4,delta_bce_to_minus_at,0.00555455961560497
C06_component_beta_mixture,S2,matched,4,delta_auroc_at_minus_to,0.004827087414745579
C06_component_beta_mixture,S2,matched,4,delta_auprc_at_minus_to,0.011512142299966
C06_component_beta_mixture,S3,matched,0,delta_bce_to_minus_at,0.005145667071752569
C06_component_beta_mixture,S3,matched,0,delta_auroc_at_minus_to,0.004462276957931222
C06_component_beta_mixture,S3,matched,0,delta_auprc_at_minus_to,0.011598755564161678
C06_component_beta_mixture,S3,matched,1,delta_bce_to_minus_at,0.002892401433554681
C06_component_beta_mixture,S3,matched,1,delta_auroc_at_minus_to,0.0004032692334764443
C06_component_beta_mixture,S3,matched,1,delta_auprc_at_minus_to,0.0076897492320088245
C06_component_beta_mixture,S3,matched,2,delta_bce_to_minus_at,0.004106896562062978
C06_component_beta_mixture,S3,matched,2,delta_auroc_at_minus_to,0.003336050482323216
C06_component_beta_mixture,S3,matched,2,delta_auprc_at_minus_to,0.009668886255367992
C06_component_beta_mixture,S3,matched,3,delta_bce_to_minus_at,0.0050210237334658014
C06_component_beta_mixture,S3,matched,3,delta_auroc_at_minus_to,0.003937112784765606
C06_component_beta_mixture,S3,matched,3,delta_auprc_at_minus_to,0.012206289632510137
C06_component_beta_mixture,S3,matched,4,delta_bce_to_minus_at,0.00432331143737319
C06_component_beta_mixture,S3,matched,4,delta_auroc_at_minus_to,0.003471198822400212
C06_component_beta_mixture,S3,matched,4,delta_auprc_at_minus_to,0.011354124619006756
