experiment,scenario,arm,seed,metric,candidate,c00,delta
C01_staged_current,S0,age_temporal,0,abs_beta_mean,0.00912382174283266,0.04978904128074646,-0.0406652195379138
C01_staged_current,S0,age_temporal,0,auprc,0.5301349355483662,0.5296080665494216,0.0005268689989446074
C01_staged_current,S0,age_temporal,0,auroc,0.7333972337169605,0.7334018081536009,-4.574436640369939e-06
C01_staged_current,S0,age_temporal,0,bce,0.4801915464325848,0.4806428490322751,-0.0004513025996902842
C01_staged_current,S0,age_temporal,0,beta_mean,0.00912382174283266,0.04978904128074646,-0.0406652195379138
C01_staged_current,S0,age_temporal,0,cf_rmse_age,0.09960912334150719,0.08308225857201237,0.016526864769494817
C01_staged_current,S0,age_temporal,0,cf_rmse_lag,0.11602304441545283,0.11640719659928514,-0.0003841521838323092
C01_staged_current,S0,age_temporal,0,content_free_lambda_rmse,0.1542270760961389,0.031856281330717835,0.12237079476542106
C01_staged_current,S0,age_temporal,0,delta_bce_beta0,9.121863872862956e-06,8.668917983567503e-06,4.52945889295453e-07
C01_staged_current,S0,age_temporal,0,delta_bce_full_age_shuffle,0.0049097480592057985,0.005402318749690327,-0.0004925706904845284
C01_staged_current,S0,age_temporal,0,delta_bce_gate_age_shuffle,9.630196286025683e-06,8.281515396046935e-05,-7.318495767444366e-05
C01_staged_current,S0,age_temporal,0,gate_signal_correlation,0.9706434946993866,0.8942223610434816,0.07642113365590497
C01_staged_current,S0,age_temporal,0,gate_signal_mae,0.0383078331890556,0.058537998327670156,-0.02023016513861456
C01_staged_current,S0,age_temporal,0,gate_signal_rmse,0.05327733356253199,0.10231461241529326,-0.04903727885276127
C01_staged_current,S0,age_temporal,0,surface_rmse,0.14483854890055003,0.1503116762195039,-0.005473127318953858
C01_staged_current,S0,age_temporal,1,abs_beta_mean,0.0121217155829072,0.011464101262390614,0.0006576143205165863
C01_staged_current,S0,age_temporal,1,auprc,0.5295883454823059,0.5268778885349943,0.0027104569473116458
C01_staged_current,S0,age_temporal,1,auroc,0.7338708345258147,0.731115848292132,0.0027549862336826436
C01_staged_current,S0,age_temporal,1,bce,0.48035592536572286,0.482053698864931,-0.0016977734992081328
C01_staged_current,S0,age_temporal,1,beta_mean,0.0121217155829072,0.011464101262390614,0.0006576143205165863
C01_staged_current,S0,age_temporal,1,cf_rmse_age,0.1023680117526644,0.10960712533862747,-0.007239113585963075
C01_staged_current,S0,age_temporal,1,cf_rmse_lag,0.11314481043699458,0.12693664121579312,-0.013791830778798544
C01_staged_current,S0,age_temporal,1,content_free_lambda_rmse,0.12083098595968035,0.03935393863867239,0.08147704732100797
C01_staged_current,S0,age_temporal,1,delta_bce_beta0,-8.831031799438893e-06,-1.25439318526821e-05,3.7129000532432066e-06
C01_staged_current,S0,age_temporal,1,delta_bce_full_age_shuffle,0.0022763217322757656,0.0025570379784510266,-0.00028071624617526103
C01_staged_current,S0,age_temporal,1,delta_bce_gate_age_shuffle,-4.91937107105489e-06,-5.97453501538503e-06,1.0551639443301397e-06
C01_staged_current,S0,age_temporal,1,gate_signal_correlation,0.9526358283023049,0.9259799889673047,0.026655839335000153
C01_staged_current,S0,age_temporal,1,gate_signal_mae,0.043973681545053614,0.050731986746074535,-0.006758305201020921
C01_staged_current,S0,age_temporal,1,gate_signal_rmse,0.06678274348972921,0.08456179356108491,-0.017779050071355704
C01_staged_current,S0,age_temporal,1,surface_rmse,0.14305631268949046,0.15367456751097977,-0.010618254821489315
C01_staged_current,S0,age_temporal,2,abs_beta_mean,0.0008218442089855671,0.020279379561543465,-0.019457535352557898
C01_staged_current,S0,age_temporal,2,auprc,0.5256993282375847,0.5238882520896395,0.0018110761479451787
C01_staged_current,S0,age_temporal,2,auroc,0.7317550378427113,0.7303670482020509,0.0013879896406604475
C01_staged_current,S0,age_temporal,2,bce,0.4818194929744046,0.4830817318863371,-0.0012622389119325006
C01_staged_current,S0,age_temporal,2,beta_mean,-0.0008218442089855671,-0.020279379561543465,0.019457535352557898
C01_staged_current,S0,age_temporal,2,cf_rmse_age,0.0954435056620666,0.09858325932001033,-0.0031397536579437363
C01_staged_current,S0,age_temporal,2,cf_rmse_lag,0.12609979335259075,0.13534132815383793,-0.009241534801247175
C01_staged_current,S0,age_temporal,2,content_free_lambda_rmse,0.08968675968532468,0.03375464789357015,0.05593211179175453
C01_staged_current,S0,age_temporal,2,delta_bce_beta0,7.697210642754193e-07,3.1312002447547727e-05,-3.054228138327231e-05
C01_staged_current,S0,age_temporal,2,delta_bce_full_age_shuffle,0.005118465389641447,0.005448884099637563,-0.00033041870999611644
C01_staged_current,S0,age_temporal,2,delta_bce_gate_age_shuffle,9.375075904483055e-08,1.4039961121481426e-05,-1.3946210362436595e-05
C01_staged_current,S0,age_temporal,2,gate_signal_correlation,0.8578824676766867,0.8560636309164751,0.0018188367602116617
C01_staged_current,S0,age_temporal,2,gate_signal_mae,0.06305521821885772,0.06581166671629682,-0.0027564484974390985
C01_staged_current,S0,age_temporal,2,gate_signal_rmse,0.12313079431186219,0.12351198989778926,-0.0003811955859270716
C01_staged_current,S0,age_temporal,2,surface_rmse,0.16135598842440613,0.16429447406673842,-0.002938485642332289
C01_staged_current,S0,age_temporal,3,abs_beta_mean,0.00032029388239607215,0.03535430505871773,-0.035034011176321656
C01_staged_current,S0,age_temporal,3,auprc,0.5296359083712885,0.5279717138257447,0.0016641945455437845
C01_staged_current,S0,age_temporal,3,auroc,0.7328798629780287,0.732108261569415,0.0007716014086136536
C01_staged_current,S0,age_temporal,3,bce,0.48055414537070773,0.4819322606840814,-0.0013781153133736734
C01_staged_current,S0,age_temporal,3,beta_mean,0.00032029388239607215,0.03535430505871773,-0.035034011176321656
C01_staged_current,S0,age_temporal,3,cf_rmse_age,0.11180133935652348,0.11860078629085011,-0.006799446934326631
C01_staged_current,S0,age_temporal,3,cf_rmse_lag,0.11492921485641162,0.11825170749435876,-0.003322492637947136
C01_staged_current,S0,age_temporal,3,content_free_lambda_rmse,0.07220013311471724,0.035060183566991907,0.03713994954772533
C01_staged_current,S0,age_temporal,3,delta_bce_beta0,7.969408905017517e-08,1.9773450585791608e-06,-1.8976509695289856e-06
C01_staged_current,S0,age_temporal,3,delta_bce_full_age_shuffle,0.005173396761159854,0.005476744411670453,-0.0003033476505105992
C01_staged_current,S0,age_temporal,3,delta_bce_gate_age_shuffle,1.4252470964537522e-07,2.184771361252169e-05,-2.1705188902876316e-05
C01_staged_current,S0,age_temporal,3,gate_signal_correlation,0.9248299832173005,0.9052954838709347,0.019534499346365752
C01_staged_current,S0,age_temporal,3,gate_signal_mae,0.050663031537990615,0.05469462765413096,-0.004031596116140346
C01_staged_current,S0,age_temporal,3,gate_signal_rmse,0.0849057462952587,0.09765861700776518,-0.012752870712506484
C01_staged_current,S0,age_temporal,3,surface_rmse,0.1466286302634824,0.1509623955451689,-0.004333765281686497
C01_staged_current,S0,age_temporal,4,abs_beta_mean,0.0008604148169979453,0.0031639905646443367,-0.0023035757476463914
C01_staged_current,S0,age_temporal,4,auprc,0.5286737932173937,0.5261686705117078,0.002505122705685925
C01_staged_current,S0,age_temporal,4,auroc,0.7333279916033675,0.7316953062565781,0.0016326853467893976
C01_staged_current,S0,age_temporal,4,bce,0.4805610168798842,0.48151061692912545,-0.0009496000492412726
C01_staged_current,S0,age_temporal,4,beta_mean,-0.0008604148169979453,0.0031639905646443367,-0.004024405381642282
C01_staged_current,S0,age_temporal,4,cf_rmse_age,0.08312387299376373,0.08286302774714167,0.0002608452466220518
C01_staged_current,S0,age_temporal,4,cf_rmse_lag,0.11229289689088812,0.11139740683119081,0.0008954900596973014
C01_staged_current,S0,age_temporal,4,content_free_lambda_rmse,0.0887530279786449,0.03074675207583242,0.05800627590281248
C01_staged_current,S0,age_temporal,4,delta_bce_beta0,5.456034170570057e-07,-2.357533042340876e-06,2.9031364593978815e-06
C01_staged_current,S0,age_temporal,4,delta_bce_full_age_shuffle,0.005559802740889241,0.005946130476437661,-0.0003863277355484196
C01_staged_current,S0,age_temporal,4,delta_bce_gate_age_shuffle,-4.211492317662824e-07,9.725543985150686e-07,-1.393703630281351e-06
C01_staged_current,S0,age_temporal,4,gate_signal_correlation,0.9290864015710887,0.8706569702352823,0.05842943133580636
C01_staged_current,S0,age_temporal,4,gate_signal_mae,0.04917439103577548,0.06004317724737618,-0.0108687862116007
C01_staged_current,S0,age_temporal,4,gate_signal_rmse,0.08203395974080313,0.11501639806420964,-0.03298243832340651
C01_staged_current,S0,age_temporal,4,surface_rmse,0.14648709552716127,0.14514842713951528,0.001338668387645986
C01_staged_current,S0,matched,0,delta_auprc_at_minus_to,6.414818686795165e-06,-6.648490076321956e-05,7.289971945001472e-05
C01_staged_current,S0,matched,0,delta_auroc_at_minus_to,4.061278684130976e-06,3.461861318720949e-05,-3.0557334503078515e-05
C01_staged_current,S0,matched,0,delta_bce_to_minus_at,7.523988189317432e-06,1.1285860192111752e-05,-3.7618720027943198e-06
C01_staged_current,S0,matched,1,delta_auprc_at_minus_to,-1.4702960148271771e-05,-0.00035540028214253727,0.0003406973219942655
C01_staged_current,S0,matched,1,delta_auroc_at_minus_to,-2.0501882166401586e-06,-4.247237353061095e-05,4.042218531397079e-05
C01_staged_current,S0,matched,1,delta_bce_to_minus_at,-6.122227567018079e-06,-0.00017155527440210205,0.00016543304683508397
C01_staged_current,S0,matched,2,delta_auprc_at_minus_to,-3.47103516695757e-06,-4.299376821115253e-06,8.283416541576827e-07
C01_staged_current,S0,matched,2,delta_auroc_at_minus_to,4.080827558539113e-06,-2.638609339988829e-05,3.04669209584274e-05
C01_staged_current,S0,matched,2,delta_bce_to_minus_at,3.094602974762495e-06,-5.310887438658707e-06,8.405490413421202e-06
C01_staged_current,S0,matched,3,delta_auprc_at_minus_to,6.461283429071152e-06,0.0010286741618541484,-0.0010222128784250772
C01_staged_current,S0,matched,3,delta_auroc_at_minus_to,1.150939988203703e-06,0.0013562251631549227,-0.001355074223166719
C01_staged_current,S0,matched,3,delta_bce_to_minus_at,2.794080314894032e-07,-7.186558560184908e-05,7.214499363333848e-05
C01_staged_current,S0,matched,4,delta_auprc_at_minus_to,-2.601107670252567e-05,8.312491931339316e-06,-3.432356863386499e-05
C01_staged_current,S0,matched,4,delta_auroc_at_minus_to,-3.958647092350276e-07,4.471805049144351e-06,-4.867669758379378e-06
C01_staged_current,S0,matched,4,delta_bce_to_minus_at,-5.942792019042464e-06,3.322340479228192e-06,-9.265132498270656e-06
C01_staged_current,S0,temporal_only,0,abs_beta_mean,0.0,0.0,0.0
C01_staged_current,S0,temporal_only,0,auprc,0.5301285207296794,0.5296745514501848,0.00045396927949459265
C01_staged_current,S0,temporal_only,0,auroc,0.7333931724382764,0.7333671895404137,2.5982897862708576e-05
C01_staged_current,S0,temporal_only,0,bce,0.48019907042077414,0.4806541348924672,-0.0004550644716930785
C01_staged_current,S0,temporal_only,0,beta_mean,0.0,0.0,0.0
C01_staged_current,S0,temporal_only,0,cf_rmse_age,0.09974219029454409,0.08414547823781746,0.015596712056726636
C01_staged_current,S0,temporal_only,0,cf_rmse_lag,0.11592206652015039,0.11527290838970335,0.000649158130447039
C01_staged_current,S0,temporal_only,0,content_free_lambda_rmse,0.1539407949474575,0.02869981336863059,0.1252409815788269
C01_staged_current,S0,temporal_only,0,delta_bce_beta0,0.0,0.0,0.0
C01_staged_current,S0,temporal_only,0,delta_bce_full_age_shuffle,0.004913549463668954,0.005448421935103198,-0.0005348724714342445
C01_staged_current,S0,temporal_only,0,delta_bce_gate_age_shuffle,0.0,0.0,0.0
C01_staged_current,S0,temporal_only,0,gate_signal_correlation,0.9706612606150881,0.8944071110982615,0.07625414951682652
C01_staged_current,S0,temporal_only,0,gate_signal_mae,0.03827705269539797,0.05841725569190165,-0.02014020299650368
C01_staged_current,S0,temporal_only,0,gate_signal_rmse,0.053284738770513235,0.10242814526854555,-0.04914340649803231
C01_staged_current,S0,temporal_only,0,surface_rmse,0.14474651642241118,0.14982460786457688,-0.0050780914421657
C01_staged_current,S0,temporal_only,1,abs_beta_mean,0.0,0.0,0.0
C01_staged_current,S0,temporal_only,1,auprc,0.5296030484424542,0.5272332888171368,0.0023697596253173803
C01_staged_current,S0,temporal_only,1,auroc,0.7338728847140313,0.7311583206656627,0.002714564048368673
C01_staged_current,S0,temporal_only,1,bce,0.48034980313815584,0.4818821435905289,-0.0015323404523730488
C01_staged_current,S0,temporal_only,1,beta_mean,0.0,0.0,0.0
C01_staged_current,S0,temporal_only,1,cf_rmse_age,0.10252969191171886,0.10981046715243505,-0.007280775240716186
C01_staged_current,S0,temporal_only,1,cf_rmse_lag,0.11315087212098036,0.12656025686406394,-0.013409384743083577
C01_staged_current,S0,temporal_only,1,content_free_lambda_rmse,0.12085056114466208,0.03921836424143332,0.08163219690322876
C01_staged_current,S0,temporal_only,1,delta_bce_beta0,0.0,0.0,0.0
C01_staged_current,S0,temporal_only,1,delta_bce_full_age_shuffle,0.0022737146937459873,0.0025488615066479037,-0.00027514681290191634
C01_staged_current,S0,temporal_only,1,delta_bce_gate_age_shuffle,0.0,0.0,0.0
C01_staged_current,S0,temporal_only,1,gate_signal_correlation,0.952623447959944,0.926111351452864,0.026512096507079974
C01_staged_current,S0,temporal_only,1,gate_signal_mae,0.044021833579373976,0.0507204262482169,-0.006698592668842922
C01_staged_current,S0,temporal_only,1,gate_signal_rmse,0.06684813100209948,0.08421856293218988,-0.0173704319300904
C01_staged_current,S0,temporal_only,1,surface_rmse,0.1431504082845829,0.1531521984556662,-0.010001790171083297
C01_staged_current,S0,temporal_only,2,abs_beta_mean,0.0,0.0,0.0
C01_staged_current,S0,temporal_only,2,auprc,0.5257027992727517,0.5238925514664606,0.001810247806291021
C01_staged_current,S0,temporal_only,2,auroc,0.7317509570151528,0.7303934342954508,0.00135752271970202
C01_staged_current,S0,temporal_only,2,bce,0.48182258757737934,0.4830764209988984,-0.0012538334215190794
C01_staged_current,S0,temporal_only,2,beta_mean,0.0,0.0,0.0
C01_staged_current,S0,temporal_only,2,cf_rmse_age,0.09536594415773843,0.09913553635485707,-0.003769592197118643
C01_staged_current,S0,temporal_only,2,cf_rmse_lag,0.12622741288624323,0.13577891931022554,-0.009551506423982309
C01_staged_current,S0,temporal_only,2,content_free_lambda_rmse,0.08523016977579612,0.03327709245951194,0.05195307731628418
C01_staged_current,S0,temporal_only,2,delta_bce_beta0,0.0,0.0,0.0
C01_staged_current,S0,temporal_only,2,delta_bce_full_age_shuffle,0.0051139833995307304,0.00550750129427291,-0.00039351789474217913
C01_staged_current,S0,temporal_only,2,delta_bce_gate_age_shuffle,0.0,0.0,0.0
C01_staged_current,S0,temporal_only,2,gate_signal_correlation,0.8580527516088619,0.8566828732602048,0.0013698783486570942
C01_staged_current,S0,temporal_only,2,gate_signal_mae,0.0629644030895467,0.0657725230570137,-0.002808119967466993
C01_staged_current,S0,temporal_only,2,gate_signal_rmse,0.12302717068015276,0.12317083620847916,-0.00014366552832639767
C01_staged_current,S0,temporal_only,2,surface_rmse,0.16139651128825597,0.16478229224284469,-0.0033857809545887185
C01_staged_current,S0,temporal_only,3,abs_beta_mean,0.0,0.0,0.0
C01_staged_current,S0,temporal_only,3,auprc,0.5296294470878594,0.5269430396638906,0.002686407423968862
C01_staged_current,S0,temporal_only,3,auroc,0.7328787120380404,0.7307520364062601,0.0021266756317803726
C01_staged_current,S0,temporal_only,3,bce,0.4805544247787392,0.48186039509847955,-0.001305970319740335
C01_staged_current,S0,temporal_only,3,beta_mean,0.0,0.0,0.0
C01_staged_current,S0,temporal_only,3,cf_rmse_age,0.11174308250712528,0.11313308421402934,-0.0013900017069040649
C01_staged_current,S0,temporal_only,3,cf_rmse_lag,0.11492857480528701,0.11800553722134975,-0.0030769624160627423
C01_staged_current,S0,temporal_only,3,content_free_lambda_rmse,0.07207673597605246,0.03146529007227438,0.04061144590377808
C01_staged_current,S0,temporal_only,3,delta_bce_beta0,0.0,0.0,0.0
C01_staged_current,S0,temporal_only,3,delta_bce_full_age_shuffle,0.005170035667969364,0.005620222900700744,-0.0004501872327313805
C01_staged_current,S0,temporal_only,3,delta_bce_gate_age_shuffle,0.0,0.0,0.0
C01_staged_current,S0,temporal_only,3,gate_signal_correlation,0.9248067189433639,0.8883809744941378,0.03642574444922608
C01_staged_current,S0,temporal_only,3,gate_signal_mae,0.050650098851586764,0.05808107748336999,-0.007430978631783228
C01_staged_current,S0,temporal_only,3,gate_signal_rmse,0.08489695499791802,0.10504304175008819,-0.020146086752170167
C01_staged_current,S0,temporal_only,3,surface_rmse,0.146630564955577,0.14902255691470706,-0.002391991959130063
C01_staged_current,S0,temporal_only,4,abs_beta_mean,0.0,0.0,0.0
C01_staged_current,S0,temporal_only,4,auprc,0.5286998042940962,0.5261603580197765,0.00253944627431979
C01_staged_current,S0,temporal_only,4,auroc,0.7333283874680767,0.7316908344515289,0.001637553016547777
C01_staged_current,S0,temporal_only,4,bce,0.48055507408786513,0.4815139392696047,-0.0009588651817395433
C01_staged_current,S0,temporal_only,4,beta_mean,0.0,0.0,0.0
C01_staged_current,S0,temporal_only,4,cf_rmse_age,0.08304152677266599,0.08284167493527446,0.000199851837391532
C01_staged_current,S0,temporal_only,4,cf_rmse_lag,0.11230982640421548,0.11130516010406907,0.001004666300146409
C01_staged_current,S0,temporal_only,4,content_free_lambda_rmse,0.08884268808634299,0.030725417616677467,0.05811727046966553
C01_staged_current,S0,temporal_only,4,delta_bce_beta0,0.0,0.0,0.0
C01_staged_current,S0,temporal_only,4,delta_bce_full_age_shuffle,0.005559916590234304,0.0059405503248018965,-0.00038063373456759253
C01_staged_current,S0,temporal_only,4,delta_bce_gate_age_shuffle,0.0,0.0,0.0
C01_staged_current,S0,temporal_only,4,gate_signal_correlation,0.9289848434112079,0.8709039373269316,0.058080906084276296
C01_staged_current,S0,temporal_only,4,gate_signal_mae,0.0492268400252095,0.059961832940496645,-0.010734992915287143
C01_staged_current,S0,temporal_only,4,gate_signal_rmse,0.08212687301870329,0.11488319514919978,-0.03275632213049649
C01_staged_current,S0,temporal_only,4,surface_rmse,0.1464925735596695,0.14505630645072745,0.001436267108942041
C01_staged_current,S1,age_temporal,0,abs_beta_mean,0.09755793958902359,0.1005406603217125,-0.002982720732688904
C01_staged_current,S1,age_temporal,0,auprc,0.5407674397069341,0.537335282187853,0.0034321575190811027
C01_staged_current,S1,age_temporal,0,auroc,0.7431082964899834,0.7401830256045248,0.002925270885458686
C01_staged_current,S1,age_temporal,0,bce,0.4794215032891727,0.48117162051291396,-0.0017501172237412432
C01_staged_current,S1,age_temporal,0,beta_mean,0.09755793958902359,0.1005406603217125,-0.002982720732688904
C01_staged_current,S1,age_temporal,0,cf_rmse_age,0.13241284857287097,0.1402103413042319,-0.007797492731360933
C01_staged_current,S1,age_temporal,0,cf_rmse_lag,0.11508407061929411,0.12067959025784977,-0.00559551963855566
C01_staged_current,S1,age_temporal,0,content_free_lambda_rmse,0.10161734558187438,0.05383579713373729,0.04778154844813709
C01_staged_current,S1,age_temporal,0,delta_bce_beta0,0.00021044743869053084,0.000276302743403789,-6.585530471325818e-05
C01_staged_current,S1,age_temporal,0,delta_bce_full_age_shuffle,0.008316647798985777,0.008455465136340767,-0.00013881733735499058
C01_staged_current,S1,age_temporal,0,delta_bce_gate_age_shuffle,0.00030690961634910474,0.00033391308487323856,-2.7003468524133822e-05
C01_staged_current,S1,age_temporal,0,gate_signal_correlation,0.9795561064519481,0.9757352123806298,0.0038208940713183592
C01_staged_current,S1,age_temporal,0,gate_signal_mae,0.032479598328308566,0.033911053696513045,-0.001431455368204479
C01_staged_current,S1,age_temporal,0,gate_signal_rmse,0.05058449026112795,0.05250495182444817,-0.0019204615633202221
C01_staged_current,S1,age_temporal,0,surface_rmse,0.16504107589851305,0.17011170753699503,-0.005070631638481982
C01_staged_current,S1,age_temporal,1,abs_beta_mean,0.025628553703427315,0.011787141673266888,0.013841412030160427
C01_staged_current,S1,age_temporal,1,auprc,0.5428206714691601,0.5380768076394529,0.004743863829707262
C01_staged_current,S1,age_temporal,1,auroc,0.7441093657271795,0.7415101146681564,0.0025992510590230333
C01_staged_current,S1,age_temporal,1,bce,0.47812955544441127,0.4802605862266138,-0.002131030782202503
C01_staged_current,S1,age_temporal,1,beta_mean,0.025628553703427315,0.011787141673266888,0.013841412030160427
C01_staged_current,S1,age_temporal,1,cf_rmse_age,0.14357985216533795,0.16344439196072325,-0.0198645397953853
C01_staged_current,S1,age_temporal,1,cf_rmse_lag,0.1103557597647438,0.1223917324290053,-0.012035972664261513
C01_staged_current,S1,age_temporal,1,content_free_lambda_rmse,0.11356075152182657,0.045111086786530814,0.06844966473529576
C01_staged_current,S1,age_temporal,1,delta_bce_beta0,5.201546750277508e-05,3.160102115462582e-05,2.0414446348149262e-05
C01_staged_current,S1,age_temporal,1,delta_bce_full_age_shuffle,0.006606950585779647,0.006799740116966657,-0.0001927895311870098
C01_staged_current,S1,age_temporal,1,delta_bce_gate_age_shuffle,6.751479274780259e-05,2.7818955876279805e-05,3.969583687152278e-05
C01_staged_current,S1,age_temporal,1,gate_signal_correlation,0.983519863383458,0.9776751940206728,0.00584466936278516
C01_staged_current,S1,age_temporal,1,gate_signal_mae,0.03402280238910061,0.04025831548169511,-0.0062355130925945
C01_staged_current,S1,age_temporal,1,gate_signal_rmse,0.04684194356911434,0.05569601236913303,-0.00885406880001869
C01_staged_current,S1,age_temporal,1,surface_rmse,0.16662410502240865,0.17856830166768178,-0.01194419664527313
C01_staged_current,S1,age_temporal,2,abs_beta_mean,0.04652245715260506,0.03144624084234238,0.01507621631026268
C01_staged_current,S1,age_temporal,2,auprc,0.540570162892248,0.5371054813206302,0.0034646815716178336
C01_staged_current,S1,age_temporal,2,auroc,0.7440919155861643,0.7419205482135522,0.002171367372612032
C01_staged_current,S1,age_temporal,2,bce,0.47938475451857365,0.48098239527723935,-0.001597640758665697
C01_staged_current,S1,age_temporal,2,beta_mean,0.04652245715260506,0.03144624084234238,0.01507621631026268
C01_staged_current,S1,age_temporal,2,cf_rmse_age,0.13751695170254075,0.1450187483420907,-0.007501796639549946
C01_staged_current,S1,age_temporal,2,cf_rmse_lag,0.12200802772214028,0.13825243035528761,-0.01624440263314733
C01_staged_current,S1,age_temporal,2,content_free_lambda_rmse,0.09156019156146716,0.04038026101400825,0.05117993054745892
C01_staged_current,S1,age_temporal,2,delta_bce_beta0,0.000130256212032831,0.00011789840997561418,1.2357802057216816e-05
C01_staged_current,S1,age_temporal,2,delta_bce_full_age_shuffle,0.011805670659783829,0.011294302900817288,0.0005113677589665411
C01_staged_current,S1,age_temporal,2,delta_bce_gate_age_shuffle,0.0001701970860015778,9.835321759643634e-05,7.184386840514145e-05
C01_staged_current,S1,age_temporal,2,gate_signal_correlation,0.9824431173888307,0.9791678009447085,0.003275316444122267
C01_staged_current,S1,age_temporal,2,gate_signal_mae,0.03489980602036746,0.03915388802441943,-0.004254082004051966
C01_staged_current,S1,age_temporal,2,gate_signal_rmse,0.04873557597539454,0.055305389206043366,-0.006569813230648827
C01_staged_current,S1,age_temporal,2,surface_rmse,0.16566300109026807,0.1818091817541001,-0.016146180663832027
C01_staged_current,S1,age_temporal,3,abs_beta_mean,0.05363224074244499,0.0649377703666687,-0.011305529624223709
C01_staged_current,S1,age_temporal,3,auprc,0.5397541832497118,0.5373797567194137,0.0023744265302980683
C01_staged_current,S1,age_temporal,3,auroc,0.7434174063219885,0.7416857012376636,0.0017317050843248527
C01_staged_current,S1,age_temporal,3,bce,0.47953635342557854,0.48073099163610544,-0.0011946382105268993
C01_staged_current,S1,age_temporal,3,beta_mean,0.05363224074244499,0.0649377703666687,-0.011305529624223709
C01_staged_current,S1,age_temporal,3,cf_rmse_age,0.1241922464476328,0.13148214535761257,-0.007289898909979775
C01_staged_current,S1,age_temporal,3,cf_rmse_lag,0.09815498881609884,0.10756068846926845,-0.009405699653169605
C01_staged_current,S1,age_temporal,3,content_free_lambda_rmse,0.09097466707826025,0.03854672970345076,0.0524279373748095
C01_staged_current,S1,age_temporal,3,delta_bce_beta0,0.00011627082272247513,0.00016747160604330125,-5.1200783320826115e-05
C01_staged_current,S1,age_temporal,3,delta_bce_full_age_shuffle,0.011403497346278713,0.011025139003487505,0.0003783583427912074
C01_staged_current,S1,age_temporal,3,delta_bce_gate_age_shuffle,0.00011605187406116269,0.00016694225004038055,-5.089037597921786e-05
C01_staged_current,S1,age_temporal,3,gate_signal_correlation,0.9795977075925102,0.9761877996180943,0.003409907974415871
C01_staged_current,S1,age_temporal,3,gate_signal_mae,0.03463724921516883,0.038804960156100486,-0.004167710940931657
C01_staged_current,S1,age_temporal,3,gate_signal_rmse,0.04818620047524005,0.055701546370979245,-0.007515345895739198
C01_staged_current,S1,age_temporal,3,surface_rmse,0.1344836361675056,0.1444063014727151,-0.009922665305209494
C01_staged_current,S1,age_temporal,4,abs_beta_mean,0.05563615635037422,0.03446369618177414,0.021172460168600082
C01_staged_current,S1,age_temporal,4,auprc,0.5436789444481375,0.5398260691959067,0.0038528752522307697
C01_staged_current,S1,age_temporal,4,auroc,0.7445889720987136,0.7427907316607631,0.0017982404379504047
C01_staged_current,S1,age_temporal,4,bce,0.4787746805509757,0.4802439862700552,-0.0014693057190794945
C01_staged_current,S1,age_temporal,4,beta_mean,0.05563615635037422,0.03446369618177414,0.021172460168600082
C01_staged_current,S1,age_temporal,4,cf_rmse_age,0.16475006706317086,0.16623233235224963,-0.0014822652890787713
C01_staged_current,S1,age_temporal,4,cf_rmse_lag,0.12299470762071163,0.1162050292170367,0.006789678403674934
C01_staged_current,S1,age_temporal,4,content_free_lambda_rmse,0.13394671200149852,0.03809436869015157,0.09585234331134695
C01_staged_current,S1,age_temporal,4,delta_bce_beta0,0.0001520391070360394,0.00010567572000969028,4.636338702634912e-05
C01_staged_current,S1,age_temporal,4,delta_bce_full_age_shuffle,0.007738032517103088,0.007804761165834728,-6.672864873163986e-05
C01_staged_current,S1,age_temporal,4,delta_bce_gate_age_shuffle,0.00016162705628663954,0.00011450701638016092,4.712003990647862e-05
C01_staged_current,S1,age_temporal,4,gate_signal_correlation,0.9822288717787001,0.9786111529001003,0.0036177188785998515
C01_staged_current,S1,age_temporal,4,gate_signal_mae,0.033588761323325715,0.037760786948187,-0.004172025624861284
C01_staged_current,S1,age_temporal,4,gate_signal_rmse,0.047788131141780175,0.051990469401823926,-0.00420233826004375
C01_staged_current,S1,age_temporal,4,surface_rmse,0.18661763703086598,0.18187700068752877,0.004740636343337212
C01_staged_current,S1,matched,0,delta_auprc_at_minus_to,0.00022169746355826803,0.0003237295960659692,-0.00010203213250770116
C01_staged_current,S1,matched,0,delta_auroc_at_minus_to,0.00019030921357909847,0.0003215234710820525,-0.000131214257502954
C01_staged_current,S1,matched,0,delta_bce_to_minus_at,0.00014501456538951185,0.00021194220717518641,-6.692764178567456e-05
C01_staged_current,S1,matched,1,delta_auprc_at_minus_to,9.254130694491547e-05,0.00015336982816771538,-6.0828521222799914e-05
C01_staged_current,S1,matched,1,delta_auroc_at_minus_to,7.702684945065652e-05,5.071538473533366e-05,2.6311464715322863e-05
C01_staged_current,S1,matched,1,delta_bce_to_minus_at,5.061584309884459e-05,1.8757629690779876e-05,3.185821340806472e-05
C01_staged_current,S1,matched,2,delta_auprc_at_minus_to,0.00014807738136046744,0.000133211485061846,1.486589629862145e-05
C01_staged_current,S1,matched,2,delta_auroc_at_minus_to,9.387358347046071e-05,0.00010173003987556939,-7.85645640510868e-06
C01_staged_current,S1,matched,2,delta_bce_to_minus_at,6.764922979857202e-05,6.233591634452473e-05,5.313313454047286e-06
C01_staged_current,S1,matched,3,delta_auprc_at_minus_to,0.00020730156683701484,0.00010730287739557642,9.999868944143842e-05
C01_staged_current,S1,matched,3,delta_auroc_at_minus_to,0.00017823620748347313,0.00017785907811118662,3.77129372286511e-07
C01_staged_current,S1,matched,3,delta_bce_to_minus_at,9.295615712823224e-05,6.234408191296836e-05,3.061207521526388e-05
C01_staged_current,S1,matched,4,delta_auprc_at_minus_to,0.00017677931728099505,9.705174975871422e-05,7.972756752228083e-05
C01_staged_current,S1,matched,4,delta_auroc_at_minus_to,0.00012288821420192164,3.278349136071057e-05,9.010472284121107e-05
C01_staged_current,S1,matched,4,delta_bce_to_minus_at,8.951383026761794e-05,5.7693997534524755e-05,3.181983273309319e-05
C01_staged_current,S1,temporal_only,0,abs_beta_mean,0.0,0.0,0.0
C01_staged_current,S1,temporal_only,0,auprc,0.5405457422433758,0.537011552591787,0.003534189651588804
C01_staged_current,S1,temporal_only,0,auroc,0.7429179872764043,0.7398615021334427,0.00305648514296164
C01_staged_current,S1,temporal_only,0,bce,0.4795665178545622,0.48138356272008914,-0.0018170448655269178
C01_staged_current,S1,temporal_only,0,beta_mean,0.0,0.0,0.0
C01_staged_current,S1,temporal_only,0,cf_rmse_age,0.13215678350247417,0.14057476936589616,-0.00841798586342199
C01_staged_current,S1,temporal_only,0,cf_rmse_lag,0.11562594276903737,0.12055293894397853,-0.004926996174941162
C01_staged_current,S1,temporal_only,0,content_free_lambda_rmse,0.09673487949640769,0.045386252882790745,0.05134862661361694
C01_staged_current,S1,temporal_only,0,delta_bce_beta0,0.0,0.0,0.0
C01_staged_current,S1,temporal_only,0,delta_bce_full_age_shuffle,0.008182817829740674,0.008417202572917004,-0.00023438474317633018
C01_staged_current,S1,temporal_only,0,delta_bce_gate_age_shuffle,0.0,0.0,0.0
C01_staged_current,S1,temporal_only,0,gate_signal_correlation,0.9808367497248881,0.9771678480823325,0.003668901642555622
C01_staged_current,S1,temporal_only,0,gate_signal_mae,0.031302775915366586,0.032237344743686676,-0.0009345688283200898
C01_staged_current,S1,temporal_only,0,gate_signal_rmse,0.04986441419480814,0.051598335875426685,-0.001733921680618547
C01_staged_current,S1,temporal_only,0,surface_rmse,0.1643174235463144,0.16874071350957326,-0.0044232899632588585
C01_staged_current,S1,temporal_only,1,abs_beta_mean,0.0,0.0,0.0
C01_staged_current,S1,temporal_only,1,auprc,0.5427281301622152,0.5379234378112852,0.004804692350930062
C01_staged_current,S1,temporal_only,1,auroc,0.7440323388777288,0.7414593992834211,0.0025729395943077105
C01_staged_current,S1,temporal_only,1,bce,0.4781801712875101,0.48027934385630455,-0.0020991725687944385
C01_staged_current,S1,temporal_only,1,beta_mean,0.0,0.0,0.0
C01_staged_current,S1,temporal_only,1,cf_rmse_age,0.14287891596218633,0.16424663275084456,-0.02136771678865823
C01_staged_current,S1,temporal_only,1,cf_rmse_lag,0.11053296871595544,0.12272831554634411,-0.01219534683038867
C01_staged_current,S1,temporal_only,1,content_free_lambda_rmse,0.11120849657328147,0.04435932445795555,0.06684917211532593
C01_staged_current,S1,temporal_only,1,delta_bce_beta0,0.0,0.0,0.0
C01_staged_current,S1,temporal_only,1,delta_bce_full_age_shuffle,0.0066160237612355455,0.006773107487360208,-0.0001570837261246627
C01_staged_current,S1,temporal_only,1,delta_bce_gate_age_shuffle,0.0,0.0,0.0
C01_staged_current,S1,temporal_only,1,gate_signal_correlation,0.9835603715118806,0.978044050546879,0.005516320965001542
C01_staged_current,S1,temporal_only,1,gate_signal_mae,0.03408291089120783,0.03967054002635601,-0.005587629135148181
C01_staged_current,S1,temporal_only,1,gate_signal_rmse,0.04683743013620458,0.05500949031257595,-0.00817206017637137
C01_staged_current,S1,temporal_only,1,surface_rmse,0.1662943989050199,0.1785811688023273,-0.012286769897307398
C01_staged_current,S1,temporal_only,2,abs_beta_mean,0.0,0.0,0.0
C01_staged_current,S1,temporal_only,2,auprc,0.5404220855108876,0.5369722698355683,0.003449815675319212
C01_staged_current,S1,temporal_only,2,auroc,0.7439980420026938,0.7418188181736767,0.0021792238290171406
C01_staged_current,S1,temporal_only,2,bce,0.4794524037483722,0.4810447311935839,-0.0015923274452116498
C01_staged_current,S1,temporal_only,2,beta_mean,0.0,0.0,0.0
C01_staged_current,S1,temporal_only,2,cf_rmse_age,0.13683049619679927,0.14452862781374298,-0.007698131616943715
C01_staged_current,S1,temporal_only,2,cf_rmse_lag,0.12220638376829832,0.13829172799034192,-0.016085344222043607
C01_staged_current,S1,temporal_only,2,content_free_lambda_rmse,0.08857601690561788,0.03912854004175681,0.04944747686386107
C01_staged_current,S1,temporal_only,2,delta_bce_beta0,0.0,0.0,0.0
C01_staged_current,S1,temporal_only,2,delta_bce_full_age_shuffle,0.011557659865965075,0.01116331258918063,0.0003943472767844458
C01_staged_current,S1,temporal_only,2,delta_bce_gate_age_shuffle,0.0,0.0,0.0
C01_staged_current,S1,temporal_only,2,gate_signal_correlation,0.9827375579121388,0.9792956305925336,0.0034419273196052425
C01_staged_current,S1,temporal_only,2,gate_signal_mae,0.03489604095187575,0.03908752397353921,-0.0041914830216634585
C01_staged_current,S1,temporal_only,2,gate_signal_rmse,0.04856172617528583,0.05525338644051654,-0.0066916602652307144
C01_staged_current,S1,temporal_only,2,surface_rmse,0.1649442910101788,0.18116085661541526,-0.01621656560523646
C01_staged_current,S1,temporal_only,3,abs_beta_mean,0.0,0.0,0.0
C01_staged_current,S1,temporal_only,3,auprc,0.5395468816828748,0.5372724538420182,0.00227442784085663
C01_staged_current,S1,temporal_only,3,auroc,0.743239170114505,0.7415078421595525,0.0017313279549525662
C01_staged_current,S1,temporal_only,3,bce,0.4796293095827068,0.4807933357180184,-0.0011640261353116355
C01_staged_current,S1,temporal_only,3,beta_mean,0.0,0.0,0.0
C01_staged_current,S1,temporal_only,3,cf_rmse_age,0.12386326312280699,0.13091265534204616,-0.00704939221923917
C01_staged_current,S1,temporal_only,3,cf_rmse_lag,0.09796671828962579,0.10689838962568497,-0.008931671336059183
C01_staged_current,S1,temporal_only,3,content_free_lambda_rmse,0.08832597542078513,0.03375136661798972,0.05457460880279541
C01_staged_current,S1,temporal_only,3,delta_bce_beta0,0.0,0.0,0.0
C01_staged_current,S1,temporal_only,3,delta_bce_full_age_shuffle,0.011364651329961895,0.010955535362273394,0.00040911596768850034
C01_staged_current,S1,temporal_only,3,delta_bce_gate_age_shuffle,0.0,0.0,0.0
C01_staged_current,S1,temporal_only,3,gate_signal_correlation,0.9797388408183192,0.976579618552543,0.0031592222657761404
C01_staged_current,S1,temporal_only,3,gate_signal_mae,0.034534226512549435,0.038394945861690295,-0.0038607193491408606
C01_staged_current,S1,temporal_only,3,gate_signal_rmse,0.04815418573679516,0.055574285761174305,-0.0074201000243791435
C01_staged_current,S1,temporal_only,3,surface_rmse,0.13375734106638665,0.1432289110378711,-0.009471569971484461
C01_staged_current,S1,temporal_only,4,abs_beta_mean,0.0,0.0,0.0
C01_staged_current,S1,temporal_only,4,auprc,0.5435021651308565,0.539729017446148,0.003773147684708489
C01_staged_current,S1,temporal_only,4,auroc,0.7444660838845116,0.7427579481694024,0.0017081357151091936
C01_staged_current,S1,temporal_only,4,bce,0.47886419438124334,0.48030168026758974,-0.0014374858863464013
C01_staged_current,S1,temporal_only,4,beta_mean,0.0,0.0,0.0
C01_staged_current,S1,temporal_only,4,cf_rmse_age,0.16368007535238077,0.16517740845975085,-0.0014973331073700746
C01_staged_current,S1,temporal_only,4,cf_rmse_lag,0.12314572362406223,0.11616623761997584,0.006979486004086391
C01_staged_current,S1,temporal_only,4,content_free_lambda_rmse,0.13059544372828025,0.036549089434457005,0.09404635429382324
C01_staged_current,S1,temporal_only,4,delta_bce_beta0,0.0,0.0,0.0
C01_staged_current,S1,temporal_only,4,delta_bce_full_age_shuffle,0.007707566963851831,0.007778125606623498,-7.055864277166757e-05
C01_staged_current,S1,temporal_only,4,delta_bce_gate_age_shuffle,0.0,0.0,0.0
C01_staged_current,S1,temporal_only,4,gate_signal_correlation,0.982529905741412,0.9788073564059574,0.0037225493354545725
C01_staged_current,S1,temporal_only,4,gate_signal_mae,0.033360462843615386,0.03756608244329731,-0.004205619599681923
C01_staged_current,S1,temporal_only,4,gate_signal_rmse,0.047535828683704186,0.0518644065510343,-0.004328577867330118
C01_staged_current,S1,temporal_only,4,surface_rmse,0.1854168708240912,0.1809541806815333,0.004462690142557901
C01_staged_current,S2,age_temporal,0,abs_beta_mean,0.987707793712616,0.5828605890274048,0.4048472046852112
C01_staged_current,S2,age_temporal,0,auprc,0.5826757689344453,0.5780995375976441,0.004576231336801184
C01_staged_current,S2,age_temporal,0,auroc,0.7621841676961609,0.7608736309451969,0.001310536750964042
C01_staged_current,S2,age_temporal,0,bce,0.45525196571288706,0.45823252502610645,-0.0029805593132193886
C01_staged_current,S2,age_temporal,0,beta_mean,-0.987707793712616,-0.5828605890274048,-0.4048472046852112
C01_staged_current,S2,age_temporal,0,cf_rmse_age,0.16337850832727058,0.16278072314286685,0.0005977851844037319
C01_staged_current,S2,age_temporal,0,cf_rmse_lag,0.16469441396897286,0.1745803747213772,-0.009885960752404332
C01_staged_current,S2,age_temporal,0,content_free_lambda_corr,0.9936269021543039,0.9821000573627846,0.01152684479151933
C01_staged_current,S2,age_temporal,0,content_free_lambda_rmse,0.7101603987880337,0.6883274109975016,0.02183298779053211
C01_staged_current,S2,age_temporal,0,delta_bce_beta0,0.011597614519995636,0.005779584263176263,0.005818030256819373
C01_staged_current,S2,age_temporal,0,delta_bce_full_age_shuffle,0.03253302071430808,0.018327543441961025,0.014205477272347056
C01_staged_current,S2,age_temporal,0,delta_bce_gate_age_shuffle,0.021071382260030525,0.00911550247849613,0.011955879781534395
C01_staged_current,S2,age_temporal,0,gate_signal_correlation,0.8642395843916708,0.7660733562345573,0.09816622815711351
C01_staged_current,S2,age_temporal,0,gate_signal_mae,0.1208460507982202,0.15872509596390444,-0.037879045165684244
C01_staged_current,S2,age_temporal,0,gate_signal_rmse,0.15129469644065802,0.19179737689498,-0.04050268045432198
C01_staged_current,S2,age_temporal,0,surface_rmse,0.190798172445814,0.21870480677820456,-0.027906634332390545
C01_staged_current,S2,age_temporal,1,abs_beta_mean,1.0428143739700317,0.5870452523231506,0.4557691216468811
C01_staged_current,S2,age_temporal,1,auprc,0.5823706097506768,0.5759134322664154,0.006457177484261334
C01_staged_current,S2,age_temporal,1,auroc,0.7615067694098385,0.7586570128104295,0.0028497565994090035
C01_staged_current,S2,age_temporal,1,bce,0.45519487499460937,0.4588640155654828,-0.0036691405708734193
C01_staged_current,S2,age_temporal,1,beta_mean,-1.0428143739700317,-0.5870452523231506,-0.4557691216468811
C01_staged_current,S2,age_temporal,1,cf_rmse_age,0.13838790019569278,0.15719846374044327,-0.018810563544750497
C01_staged_current,S2,age_temporal,1,cf_rmse_lag,0.1240943792661905,0.1476845639875615,-0.02359018472137099
C01_staged_current,S2,age_temporal,1,content_free_lambda_corr,0.9937828116285005,0.9820325286321555,0.011750282996344952
C01_staged_current,S2,age_temporal,1,content_free_lambda_rmse,0.6581651378852726,0.6805081322894041,-0.022342994404131455
C01_staged_current,S2,age_temporal,1,delta_bce_beta0,0.012180283435149264,0.007346000693051025,0.004834282742098239
C01_staged_current,S2,age_temporal,1,delta_bce_full_age_shuffle,0.034758354219939,0.0188903653404921,0.015867988879446904
C01_staged_current,S2,age_temporal,1,delta_bce_gate_age_shuffle,0.02428270271952615,0.010804088735184791,0.013478613984341359
C01_staged_current,S2,age_temporal,1,gate_signal_correlation,0.8790968648243332,0.7691588176682204,0.10993804715611288
C01_staged_current,S2,age_temporal,1,gate_signal_mae,0.11454074069874037,0.15749393571427509,-0.04295319501553471
C01_staged_current,S2,age_temporal,1,gate_signal_rmse,0.14413913429183986,0.19061317109716513,-0.046474036805325275
C01_staged_current,S2,age_temporal,1,surface_rmse,0.1707270035463436,0.20150095182750946,-0.030773948281165864
C01_staged_current,S2,age_temporal,2,abs_beta_mean,1.0311893224716187,0.645264744758606,0.3859245777130127
C01_staged_current,S2,age_temporal,2,auprc,0.5826551647254103,0.5771201670094575,0.005534997715952894
C01_staged_current,S2,age_temporal,2,auroc,0.7620644750222465,0.7592704524685001,0.002794022553746389
C01_staged_current,S2,age_temporal,2,bce,0.45536032489731126,0.45816583733398697,-0.0028055124366757056
C01_staged_current,S2,age_temporal,2,beta_mean,-1.0311893224716187,-0.645264744758606,-0.3859245777130127
C01_staged_current,S2,age_temporal,2,cf_rmse_age,0.18725600319669505,0.18518373578831532,0.0020722674083797354
C01_staged_current,S2,age_temporal,2,cf_rmse_lag,0.13096983711970808,0.14226332386055707,-0.011293486740848985
C01_staged_current,S2,age_temporal,2,content_free_lambda_corr,0.9930146870497248,0.983439386482367,0.009575300567357892
C01_staged_current,S2,age_temporal,2,content_free_lambda_rmse,0.6308117543884934,0.6624825858839508,-0.03167083149545746
C01_staged_current,S2,age_temporal,2,delta_bce_beta0,0.01394463256681333,0.00921002385563413,0.0047346087111792
C01_staged_current,S2,age_temporal,2,delta_bce_full_age_shuffle,0.034970584594745,0.019402798848015046,0.015567785746729956
C01_staged_current,S2,age_temporal,2,delta_bce_gate_age_shuffle,0.02578163599918959,0.012695873403285152,0.013085762595904438
C01_staged_current,S2,age_temporal,2,gate_signal_correlation,0.8735485696939311,0.7761400428781872,0.09740852681574397
C01_staged_current,S2,age_temporal,2,gate_signal_mae,0.11612038954061345,0.152901576680634,-0.03678118714002056
C01_staged_current,S2,age_temporal,2,gate_signal_rmse,0.1469083000234968,0.18762282914483996,-0.04071452912134316
C01_staged_current,S2,age_temporal,2,surface_rmse,0.16098435356387514,0.18471341081849812,-0.023729057254622987
C01_staged_current,S2,age_temporal,3,abs_beta_mean,0.9381150007247925,0.497174471616745,0.4409405291080475
C01_staged_current,S2,age_temporal,3,auprc,0.58087363920673,0.5736777800450081,0.007195859161721829
C01_staged_current,S2,age_temporal,3,auroc,0.7607766220425715,0.7572770964608062,0.0034995255817652504
C01_staged_current,S2,age_temporal,3,bce,0.4563731419461897,0.4599766861535207,-0.0036035442073309998
C01_staged_current,S2,age_temporal,3,beta_mean,-0.9381150007247925,-0.497174471616745,-0.4409405291080475
C01_staged_current,S2,age_temporal,3,cf_rmse_age,0.15177158468498747,0.17089866121060254,-0.019127076525615072
C01_staged_current,S2,age_temporal,3,cf_rmse_lag,0.12831621847008665,0.12926475751115207,-0.0009485390410654271
C01_staged_current,S2,age_temporal,3,content_free_lambda_corr,0.9909038108670591,0.9797001110257331,0.011203699841326076
C01_staged_current,S2,age_temporal,3,content_free_lambda_rmse,0.6307940267536223,0.7075050989604519,-0.0767110722068296
C01_staged_current,S2,age_temporal,3,delta_bce_beta0,0.009873441567493646,0.004920624842346066,0.00495281672514758
C01_staged_current,S2,age_temporal,3,delta_bce_full_age_shuffle,0.03256375198913697,0.01866882139465542,0.013894930594481547
C01_staged_current,S2,age_temporal,3,delta_bce_gate_age_shuffle,0.018456855418113094,0.0074692207992291815,0.010987634618883912
C01_staged_current,S2,age_temporal,3,gate_signal_correlation,0.8500777031900426,0.7285661405124295,0.1215115626776131
C01_staged_current,S2,age_temporal,3,gate_signal_mae,0.12548138542905282,0.1672888978514025,-0.041807512422349674
C01_staged_current,S2,age_temporal,3,gate_signal_rmse,0.1579124169372149,0.20358640276818618,-0.04567398583097129
C01_staged_current,S2,age_temporal,3,surface_rmse,0.17858767218405688,0.18917457521583936,-0.010586903031782474
C01_staged_current,S2,age_temporal,4,abs_beta_mean,1.0298103094100952,0.6078628897666931,0.4219474196434021
C01_staged_current,S2,age_temporal,4,auprc,0.5797563653940819,0.5761466347007678,0.0036097306933141615
C01_staged_current,S2,age_temporal,4,auroc,0.7598387255422088,0.7585469906379743,0.0012917349042345094
C01_staged_current,S2,age_temporal,4,bce,0.4564929053288546,0.45859059147298264,-0.0020976861441280303
C01_staged_current,S2,age_temporal,4,beta_mean,-1.0298103094100952,-0.6078628897666931,-0.4219474196434021
C01_staged_current,S2,age_temporal,4,cf_rmse_age,0.15487672495524687,0.176568144207969,-0.02169141925272214
C01_staged_current,S2,age_temporal,4,cf_rmse_lag,0.11462749446951048,0.11861577788712159,-0.003988283417611108
C01_staged_current,S2,age_temporal,4,content_free_lambda_corr,0.9932083155235474,0.9826080807066151,0.010600234816932286
C01_staged_current,S2,age_temporal,4,content_free_lambda_rmse,0.642067818028619,0.6764848561693056,-0.03441703814068664
C01_staged_current,S2,age_temporal,4,delta_bce_beta0,0.014575467465954783,0.007545532444515446,0.0070299350214393375
C01_staged_current,S2,age_temporal,4,delta_bce_full_age_shuffle,0.03350933743681139,0.01776285166721886,0.015746485769592533
C01_staged_current,S2,age_temporal,4,delta_bce_gate_age_shuffle,0.025583790161045394,0.011323075126199789,0.014260715034845606
C01_staged_current,S2,age_temporal,4,gate_signal_correlation,0.8747377252940098,0.7686930352439149,0.10604469005009498
C01_staged_current,S2,age_temporal,4,gate_signal_mae,0.11589370523175335,0.15770989801098886,-0.04181619277923551
C01_staged_current,S2,age_temporal,4,gate_signal_rmse,0.14628258904676852,0.1910472064878647,-0.044764617441096166
C01_staged_current,S2,age_temporal,4,surface_rmse,0.1724228179622347,0.19015070544577878,-0.01772788748354409
C01_staged_current,S2,matched,0,delta_auprc_at_minus_to,0.007176678156564753,0.00912996595217419,-0.0019532877956094374
C01_staged_current,S2,matched,0,delta_auroc_at_minus_to,0.0016731854571029325,0.0031645797008910126,-0.00149139424378808
C01_staged_current,S2,matched,0,delta_bce_to_minus_at,0.0038660719982747116,0.0043106072154003305,-0.00044453521712561894
C01_staged_current,S2,matched,1,delta_auprc_at_minus_to,0.009410615036845815,0.008513110815696168,0.0008975042211496476
C01_staged_current,S2,matched,1,delta_auroc_at_minus_to,0.003176585728931869,0.003086985322482527,8.960040644934164e-05
C01_staged_current,S2,matched,1,delta_bce_to_minus_at,0.00590877206238738,0.004640405474660714,0.0012683665877266659
C01_staged_current,S2,matched,2,delta_auprc_at_minus_to,0.006788748795638844,0.009933875675924853,-0.003145126880286009
C01_staged_current,S2,matched,2,delta_auroc_at_minus_to,0.0009725789475624191,0.0033736081045800947,-0.0024010291570176756
C01_staged_current,S2,matched,2,delta_bce_to_minus_at,0.003647583569548807,0.004811484089596418,-0.0011639005200476116
C01_staged_current,S2,matched,3,delta_auprc_at_minus_to,0.006290532033746188,0.007990391139118147,-0.0016998591053719592
C01_staged_current,S2,matched,3,delta_auroc_at_minus_to,0.0020888944843499013,0.0027944906393466695,-0.0007055961549967682
C01_staged_current,S2,matched,3,delta_bce_to_minus_at,0.0031528104586051597,0.0038317940014475638,-0.000678983542842404
C01_staged_current,S2,matched,4,delta_auprc_at_minus_to,0.008850858752793234,0.00871759681978046,0.00013326193301277378
C01_staged_current,S2,matched,4,delta_auroc_at_minus_to,0.002860240736571207,0.0031510248241625183,-0.00029078408759131147
C01_staged_current,S2,matched,4,delta_bce_to_minus_at,0.0047433525308623326,0.004402273161301429,0.0003410793695609038
C01_staged_current,S2,temporal_only,0,abs_beta_mean,0.0,0.0,0.0
C01_staged_current,S2,temporal_only,0,auprc,0.5754990907778805,0.5689695716454699,0.006529519132410622
C01_staged_current,S2,temporal_only,0,auroc,0.760510982239058,0.7577090512443059,0.002801930994752122
C01_staged_current,S2,temporal_only,0,bce,0.4591180377111618,0.4625431322415068,-0.0034250945303450075
C01_staged_current,S2,temporal_only,0,beta_mean,0.0,0.0,0.0
C01_staged_current,S2,temporal_only,0,cf_rmse_age,0.19214653666744333,0.17737380977025632,0.014772726897187005
C01_staged_current,S2,temporal_only,0,cf_rmse_lag,0.18358574103658196,0.1841185675663441,-0.0005328265297621371
C01_staged_current,S2,temporal_only,0,content_free_lambda_rmse,0.9306491344153932,0.8462001275536816,0.08444900686171164
C01_staged_current,S2,temporal_only,0,delta_bce_beta0,0.0,0.0,0.0
C01_staged_current,S2,temporal_only,0,delta_bce_full_age_shuffle,0.008824530239843253,0.009127816834043345,-0.00030328659420009174
C01_staged_current,S2,temporal_only,0,delta_bce_gate_age_shuffle,0.0,0.0,0.0
C01_staged_current,S2,temporal_only,0,gate_signal_correlation,0.5031778276647036,0.5069727598420358,-0.0037949321773321776
C01_staged_current,S2,temporal_only,0,gate_signal_mae,0.22197307351997256,0.2240479380658084,-0.0020748645458358306
C01_staged_current,S2,temporal_only,0,gate_signal_rmse,0.2640854302357091,0.2643226960635765,-0.00023726582786742778
C01_staged_current,S2,temporal_only,0,surface_rmse,0.2286461189688743,0.2360608001822226,-0.0074146812133483175
C01_staged_current,S2,temporal_only,1,abs_beta_mean,0.0,0.0,0.0
C01_staged_current,S2,temporal_only,1,auprc,0.572959994713831,0.5674003214507193,0.005559673263111686
C01_staged_current,S2,temporal_only,1,auroc,0.7583301836809067,0.755570027487947,0.002760156192959662
C01_staged_current,S2,temporal_only,1,bce,0.46110364705699675,0.4635044210401435,-0.0024007739831467534
C01_staged_current,S2,temporal_only,1,beta_mean,0.0,0.0,0.0
C01_staged_current,S2,temporal_only,1,cf_rmse_age,0.1698201705162879,0.17396405535449125,-0.004143884838203354
C01_staged_current,S2,temporal_only,1,cf_rmse_lag,0.15511349324665863,0.162237484371171,-0.007123991124512369
C01_staged_current,S2,temporal_only,1,content_free_lambda_rmse,0.884088378019053,0.8429634905174476,0.04112488750160548
C01_staged_current,S2,temporal_only,1,delta_bce_beta0,0.0,0.0,0.0
C01_staged_current,S2,temporal_only,1,delta_bce_full_age_shuffle,0.007356712646271135,0.0075032926381768394,-0.00014657999190570425
C01_staged_current,S2,temporal_only,1,delta_bce_gate_age_shuffle,0.0,0.0,0.0
C01_staged_current,S2,temporal_only,1,gate_signal_correlation,0.5074925282191258,0.5082725943741376,-0.0007800661550118049
C01_staged_current,S2,temporal_only,1,gate_signal_mae,0.22217512475426143,0.22286244140289885,-0.0006873166486374149
C01_staged_current,S2,temporal_only,1,gate_signal_rmse,0.26316841808569835,0.26328307109903454,-0.0001146530133361856
C01_staged_current,S2,temporal_only,1,surface_rmse,0.218402474748837,0.22664136388344427,-0.008238889134607269
C01_staged_current,S2,temporal_only,2,abs_beta_mean,0.0,0.0,0.0
C01_staged_current,S2,temporal_only,2,auprc,0.5758664159297715,0.5671862913335326,0.008680124596238903
C01_staged_current,S2,temporal_only,2,auroc,0.7610918960746841,0.75589684436392,0.005195051710764065
C01_staged_current,S2,temporal_only,2,bce,0.45900790846686007,0.4629773214235834,-0.003969412956723317
C01_staged_current,S2,temporal_only,2,beta_mean,0.0,0.0,0.0
C01_staged_current,S2,temporal_only,2,cf_rmse_age,0.21635225572241243,0.21153312731528165,0.004819128407130779
C01_staged_current,S2,temporal_only,2,cf_rmse_lag,0.15060115482716385,0.15597781297180177,-0.005376658144637919
C01_staged_current,S2,temporal_only,2,content_free_lambda_rmse,0.9096797013593192,0.8426389116811625,0.06704078967815674
C01_staged_current,S2,temporal_only,2,delta_bce_beta0,0.0,0.0,0.0
C01_staged_current,S2,temporal_only,2,delta_bce_full_age_shuffle,0.00897380918945928,0.00915255323077524,-0.0001787440413159591
C01_staged_current,S2,temporal_only,2,delta_bce_gate_age_shuffle,0.0,0.0,0.0
C01_staged_current,S2,temporal_only,2,gate_signal_correlation,0.5042565485750674,0.5011019655537643,0.0031545830213031145
C01_staged_current,S2,temporal_only,2,gate_signal_mae,0.22003561253547052,0.22279443497761728,-0.0027588224421467578
C01_staged_current,S2,temporal_only,2,gate_signal_rmse,0.2635643214699372,0.2650333757573318,-0.0014690542873946333
C01_staged_current,S2,temporal_only,2,surface_rmse,0.2132957354663858,0.22209706100468773,-0.00880132553830193
C01_staged_current,S2,temporal_only,3,abs_beta_mean,0.0,0.0,0.0
C01_staged_current,S2,temporal_only,3,auprc,0.5745831071729838,0.56568738890589,0.008895718267093788
C01_staged_current,S2,temporal_only,3,auroc,0.7586877275582216,0.7544826058214595,0.004205121736762019
C01_staged_current,S2,temporal_only,3,bce,0.4595259524047949,0.4638084801549683,-0.004282527750173404
C01_staged_current,S2,temporal_only,3,beta_mean,0.0,0.0,0.0
C01_staged_current,S2,temporal_only,3,cf_rmse_age,0.1778397462828027,0.18178089609638184,-0.003941149813579153
C01_staged_current,S2,temporal_only,3,cf_rmse_lag,0.15201741486846246,0.14119609745874978,0.010821317409712677
C01_staged_current,S2,temporal_only,3,content_free_lambda_rmse,0.901803265179785,0.8427438732831277,0.05905939189665732
C01_staged_current,S2,temporal_only,3,delta_bce_beta0,0.0,0.0,0.0
C01_staged_current,S2,temporal_only,3,delta_bce_full_age_shuffle,0.009148159080908602,0.009136741537100257,1.1417543808345254e-05
C01_staged_current,S2,temporal_only,3,delta_bce_gate_age_shuffle,0.0,0.0,0.0
C01_staged_current,S2,temporal_only,3,gate_signal_correlation,0.49978681627986243,0.5040022872879071,-0.004215471008044647
C01_staged_current,S2,temporal_only,3,gate_signal_mae,0.221736827051707,0.2219824970991041,-0.00024567004739708964
C01_staged_current,S2,temporal_only,3,gate_signal_rmse,0.26490721196809686,0.26394479013387856,0.0009624218342182966
C01_staged_current,S2,temporal_only,3,surface_rmse,0.21583000757570725,0.2119224412814204,0.003907566294286846
C01_staged_current,S2,temporal_only,4,abs_beta_mean,0.0,0.0,0.0
C01_staged_current,S2,temporal_only,4,auprc,0.5709055066412887,0.5674290378809873,0.0034764687603013877
C01_staged_current,S2,temporal_only,4,auroc,0.7569784848056376,0.7553959658138117,0.001582518991825821
C01_staged_current,S2,temporal_only,4,bce,0.46123625785971695,0.4629928646342841,-0.0017566067745671265
C01_staged_current,S2,temporal_only,4,beta_mean,0.0,0.0,0.0
C01_staged_current,S2,temporal_only,4,cf_rmse_age,0.18336112266003113,0.18794438988640985,-0.004583267226378723
C01_staged_current,S2,temporal_only,4,cf_rmse_lag,0.13728817115126773,0.13439698174809844,0.002891189403169292
C01_staged_current,S2,temporal_only,4,content_free_lambda_rmse,0.8964127034941566,0.8439874329186061,0.052425270575550464
C01_staged_current,S2,temporal_only,4,delta_bce_beta0,0.0,0.0,0.0
C01_staged_current,S2,temporal_only,4,delta_bce_full_age_shuffle,0.006773834050479544,0.006965216409534125,-0.00019138235905458156
C01_staged_current,S2,temporal_only,4,delta_bce_gate_age_shuffle,0.0,0.0,0.0
C01_staged_current,S2,temporal_only,4,gate_signal_correlation,0.5038309238303218,0.501811357725559,0.0020195661047628377
C01_staged_current,S2,temporal_only,4,gate_signal_mae,0.22202439364178458,0.2257407400110199,-0.0037163463692353182
C01_staged_current,S2,temporal_only,4,gate_signal_rmse,0.26412959856744483,0.2663332824803443,-0.00220368391289949
C01_staged_current,S2,temporal_only,4,surface_rmse,0.22004464236095736,0.22173777321724258,-0.0016931308562852243
C01_staged_current,S3,age_temporal,0,abs_beta_mean,0.9071639180183411,0.6379421949386597,0.2692217230796814
C01_staged_current,S3,age_temporal,0,auprc,0.539240046081811,0.5326473327447008,0.006592713337110201
C01_staged_current,S3,age_temporal,0,auroc,0.737738529406085,0.7335163134457783,0.004222215960306697
C01_staged_current,S3,age_temporal,0,bce,0.4843266451540509,0.48722443750219463,-0.002897792348143746
C01_staged_current,S3,age_temporal,0,beta_mean,0.9071639180183411,0.6379421949386597,0.2692217230796814
C01_staged_current,S3,age_temporal,0,cf_rmse_age,0.11926930169410924,0.11606066146293641,0.0032086402311728296
C01_staged_current,S3,age_temporal,0,cf_rmse_lag,0.08144506907732746,0.08579744876939911,-0.004352379692071653
C01_staged_current,S3,age_temporal,0,content_free_lambda_corr,0.9915480705288398,0.9833301426325979,0.008217927896241872
C01_staged_current,S3,age_temporal,0,content_free_lambda_rmse,0.6952603900733939,0.6671341319900441,0.028126258083349787
C01_staged_current,S3,age_temporal,0,delta_bce_beta0,0.010432583467663847,0.008058398779159925,0.002374184688503922
C01_staged_current,S3,age_temporal,0,delta_bce_full_age_shuffle,0.029719155467332392,0.022295758820408407,0.007423396646923985
C01_staged_current,S3,age_temporal,0,delta_bce_gate_age_shuffle,0.01823712077480144,0.012769911226623354,0.005467209548178087
C01_staged_current,S3,age_temporal,0,gate_signal_correlation,0.7960524870255177,0.7112193035888383,0.08483318343667934
C01_staged_current,S3,age_temporal,0,gate_signal_mae,0.1384718582610135,0.16270293531396116,-0.024231077052947664
C01_staged_current,S3,age_temporal,0,gate_signal_rmse,0.17855222447869776,0.20835977900620867,-0.02980755452751091
C01_staged_current,S3,age_temporal,0,surface_rmse,0.13070974926104725,0.135324836877038,-0.004615087615990748
C01_staged_current,S3,age_temporal,1,abs_beta_mean,0.8158680200576782,0.602067768573761,0.21380025148391724
C01_staged_current,S3,age_temporal,1,auprc,0.5378978363930296,0.5286398731238876,0.009257963269141967
C01_staged_current,S3,age_temporal,1,auroc,0.7363231050114887,0.7333393114972376,0.002983793514251043
C01_staged_current,S3,age_temporal,1,bce,0.48475890503407715,0.48810483184336595,-0.0033459268092888017
C01_staged_current,S3,age_temporal,1,beta_mean,0.8158680200576782,0.602067768573761,0.21380025148391724
C01_staged_current,S3,age_temporal,1,cf_rmse_age,0.13910663978970547,0.1284680112363541,0.010638628553351376
C01_staged_current,S3,age_temporal,1,cf_rmse_lag,0.09658703538132607,0.09506922488676724,0.0015178104945588328
C01_staged_current,S3,age_temporal,1,content_free_lambda_corr,0.9891040780451389,0.9825472702993657,0.006556807745773163
C01_staged_current,S3,age_temporal,1,content_free_lambda_rmse,0.6888145578324554,0.6813381885848004,0.007476369247654935
C01_staged_current,S3,age_temporal,1,delta_bce_beta0,0.007605671426261507,0.006113029600472886,0.001492641825788621
C01_staged_current,S3,age_temporal,1,delta_bce_full_age_shuffle,0.024219057040939296,0.018570472651031622,0.005648584389907674
C01_staged_current,S3,age_temporal,1,delta_bce_gate_age_shuffle,0.014436041084067264,0.009938009820549543,0.004498031263517721
C01_staged_current,S3,age_temporal,1,gate_signal_correlation,0.7071176302393856,0.6754738188127297,0.03164381142665584
C01_staged_current,S3,age_temporal,1,gate_signal_mae,0.1613661442658984,0.17509795292919644,-0.01373180866329804
C01_staged_current,S3,age_temporal,1,gate_signal_rmse,0.21915019708608355,0.22629381497945816,-0.007143617893374615
C01_staged_current,S3,age_temporal,1,surface_rmse,0.16692405180624023,0.16690057461050906,2.3477195731175238e-05
C01_staged_current,S3,age_temporal,2,abs_beta_mean,0.9090102314949036,0.5498735904693604,0.3591366410255432
C01_staged_current,S3,age_temporal,2,auprc,0.5385387193152852,0.5300718832813389,0.008466836033946268
C01_staged_current,S3,age_temporal,2,auroc,0.7355404977759122,0.7325039935257502,0.0030365042501619977
C01_staged_current,S3,age_temporal,2,bce,0.48492195744303723,0.48823594613784477,-0.0033139886948075348
C01_staged_current,S3,age_temporal,2,beta_mean,0.9090102314949036,0.5498735904693604,0.3591366410255432
C01_staged_current,S3,age_temporal,2,cf_rmse_age,0.12621766199463916,0.12294584201412173,0.0032718199805174264
C01_staged_current,S3,age_temporal,2,cf_rmse_lag,0.0824530919576414,0.09029600811864452,-0.007842916161003119
C01_staged_current,S3,age_temporal,2,content_free_lambda_corr,0.9914323810872967,0.9812065022687293,0.010225878818567402
C01_staged_current,S3,age_temporal,2,content_free_lambda_rmse,0.6875951559908762,0.6962124880761861,-0.008617332085309903
C01_staged_current,S3,age_temporal,2,delta_bce_beta0,0.009119626451430607,0.006283994742377674,0.0028356317090529326
C01_staged_current,S3,age_temporal,2,delta_bce_full_age_shuffle,0.032347356163685115,0.022795165495692327,0.009552190667992788
C01_staged_current,S3,age_temporal,2,delta_bce_gate_age_shuffle,0.01656231616279158,0.009337255662967503,0.007225060499824076
C01_staged_current,S3,age_temporal,2,gate_signal_correlation,0.7853164955449989,0.6904362420433036,0.09488025350169538
C01_staged_current,S3,age_temporal,2,gate_signal_mae,0.1390373687270877,0.1735009607880281,-0.03446359206094041
C01_staged_current,S3,age_temporal,2,gate_signal_rmse,0.18117708769541824,0.2186381364378518,-0.037461048742433556
C01_staged_current,S3,age_temporal,2,surface_rmse,0.1407133473416454,0.1492185873425538,-0.00850524000090841
C01_staged_current,S3,age_temporal,3,abs_beta_mean,0.8522979021072388,0.6119155883789062,0.24038231372833252
C01_staged_current,S3,age_temporal,3,auprc,0.5414492900767309,0.5361274037173259,0.005321886359405004
C01_staged_current,S3,age_temporal,3,auroc,0.7390892617000693,0.7362714094812015,0.002817852218867767
C01_staged_current,S3,age_temporal,3,bce,0.4833394493810527,0.4856939847829642,-0.002354535401911495
C01_staged_current,S3,age_temporal,3,beta_mean,0.8522979021072388,0.6119155883789062,0.24038231372833252
C01_staged_current,S3,age_temporal,3,cf_rmse_age,0.17661484997456386,0.17427133545791956,0.0023435145166443017
C01_staged_current,S3,age_temporal,3,cf_rmse_lag,0.12348840142897081,0.1303996869501119,-0.006911285521141078
C01_staged_current,S3,age_temporal,3,content_free_lambda_corr,0.9912220002243703,0.9827643225226214,0.008457677701748989
C01_staged_current,S3,age_temporal,3,content_free_lambda_rmse,0.7437783666503704,0.67741065450099,0.06636771214938042
C01_staged_current,S3,age_temporal,3,delta_bce_beta0,0.00925664436282092,0.007254440371506854,0.0020022039913140666
C01_staged_current,S3,age_temporal,3,delta_bce_full_age_shuffle,0.025509013270305803,0.01768165188571269,0.007827361384593112
C01_staged_current,S3,age_temporal,3,delta_bce_gate_age_shuffle,0.017369125406317243,0.011474082524097873,0.00589504288221937
C01_staged_current,S3,age_temporal,3,gate_signal_correlation,0.7773875360473341,0.7123368955511137,0.06505064049622045
C01_staged_current,S3,age_temporal,3,gate_signal_mae,0.1461191189679853,0.16548698615121796,-0.019367867183232662
C01_staged_current,S3,age_temporal,3,gate_signal_rmse,0.18800299978994084,0.20889886506907535,-0.020895865279134507
C01_staged_current,S3,age_temporal,3,surface_rmse,0.20285102321220946,0.21624419922922186,-0.013393176017012398
C01_staged_current,S3,age_temporal,4,abs_beta_mean,0.9458898901939392,0.5829879641532898,0.3629019260406494
C01_staged_current,S3,age_temporal,4,auprc,0.5348807219177347,0.5253611581550321,0.009519563762702576
C01_staged_current,S3,age_temporal,4,auroc,0.733677314396849,0.7319174324301306,0.0017598819667183907
C01_staged_current,S3,age_temporal,4,bce,0.4867648918631974,0.4897460632997194,-0.0029811714365220454
C01_staged_current,S3,age_temporal,4,beta_mean,0.9458898901939392,0.5829879641532898,0.3629019260406494
C01_staged_current,S3,age_temporal,4,cf_rmse_age,0.1396292288943518,0.12718159824630276,0.012447630648049046
C01_staged_current,S3,age_temporal,4,cf_rmse_lag,0.10430451046720454,0.0988402295274539,0.00546428093975064
C01_staged_current,S3,age_temporal,4,content_free_lambda_corr,0.9920356194376857,0.9819707581670871,0.01006486127059858
C01_staged_current,S3,age_temporal,4,content_free_lambda_rmse,0.6751648869812165,0.6832347773852947,-0.00806989040407824
C01_staged_current,S3,age_temporal,4,delta_bce_beta0,0.009651780730894344,0.006502716635346628,0.0031490640955477156
C01_staged_current,S3,age_temporal,4,delta_bce_full_age_shuffle,0.03042864362412878,0.020386240880757966,0.010042402743370815
C01_staged_current,S3,age_temporal,4,delta_bce_gate_age_shuffle,0.01868359906646233,0.010077773738828955,0.008605825327633376
C01_staged_current,S3,age_temporal,4,gate_signal_correlation,0.7718617504431994,0.6867565264378923,0.08510522400530707
C01_staged_current,S3,age_temporal,4,gate_signal_mae,0.14410547220581654,0.17277424500303518,-0.028668772797218633
C01_staged_current,S3,age_temporal,4,gate_signal_rmse,0.19370305727190915,0.22133661861902024,-0.02763356134711109
C01_staged_current,S3,age_temporal,4,surface_rmse,0.15393758539389996,0.15035266242736883,0.0035849229665311233
C01_staged_current,S3,matched,0,delta_auprc_at_minus_to,0.014849710441309116,0.011015962793962664,0.0038337476473464527
C01_staged_current,S3,matched,0,delta_auroc_at_minus_to,0.004693186567390262,0.0034715404548417705,0.0012216461125484912
C01_staged_current,S3,matched,0,delta_bce_to_minus_at,0.005513634767205566,0.004519074516300237,0.0009945602509053297
C01_staged_current,S3,matched,1,delta_auprc_at_minus_to,0.00919326574805035,0.010012412430804418,-0.0008191466827540683
C01_staged_current,S3,matched,1,delta_auroc_at_minus_to,0.002396207521307092,0.003020566248745249,-0.0006243587274381568
C01_staged_current,S3,matched,1,delta_bce_to_minus_at,0.0036820012283446113,0.004001850591326683,-0.000319849362982072
C01_staged_current,S3,matched,2,delta_auprc_at_minus_to,0.013722722951409416,0.010823017146969871,0.002899705804439545
C01_staged_current,S3,matched,2,delta_auroc_at_minus_to,0.0029258177620617998,0.0034475656108131636,-0.0005217478487513638
C01_staged_current,S3,matched,2,delta_bce_to_minus_at,0.005706861882522285,0.004544821021969236,0.0011620408605530486
C01_staged_current,S3,matched,3,delta_auprc_at_minus_to,0.013146730042848609,0.011292740097252119,0.0018539899455964903
C01_staged_current,S3,matched,3,delta_auroc_at_minus_to,0.006152902033117691,0.004068423211457839,0.002084478821659852
C01_staged_current,S3,matched,3,delta_bce_to_minus_at,0.005568395169823159,0.0047703589072232155,0.0007980362625999438
C01_staged_current,S3,matched,4,delta_auprc_at_minus_to,0.009329099935370566,0.01117895101350641,-0.0018498510781358446
C01_staged_current,S3,matched,4,delta_auroc_at_minus_to,0.0021647188327452715,0.005503051710528117,-0.003338332877782846
C01_staged_current,S3,matched,4,delta_bce_to_minus_at,0.0030537410242513774,0.0044284793125844435,-0.001374738288333066
C01_staged_current,S3,temporal_only,0,abs_beta_mean,0.0,0.0,0.0
C01_staged_current,S3,temporal_only,0,auprc,0.5243903356405019,0.5216313699507381,0.0027589656897637482
C01_staged_current,S3,temporal_only,0,auroc,0.7330453428386947,0.7300447729909365,0.0030005698477582055
C01_staged_current,S3,temporal_only,0,bce,0.48984027992125645,0.49174351201849487,-0.0019032320972384165
C01_staged_current,S3,temporal_only,0,beta_mean,0.0,0.0,0.0
C01_staged_current,S3,temporal_only,0,cf_rmse_age,0.12472720313715838,0.13165706924189888,-0.006929866104740501
C01_staged_current,S3,temporal_only,0,cf_rmse_lag,0.08602717035545526,0.08871319993757107,-0.0026860295821158064
C01_staged_current,S3,temporal_only,0,content_free_lambda_rmse,0.8692500132603638,0.8446238120267366,0.024626201233627132
C01_staged_current,S3,temporal_only,0,delta_bce_beta0,0.0,0.0,0.0
C01_staged_current,S3,temporal_only,0,delta_bce_full_age_shuffle,0.009653197983986672,0.009376257387607612,0.00027694059637906054
C01_staged_current,S3,temporal_only,0,delta_bce_gate_age_shuffle,0.0,0.0,0.0
C01_staged_current,S3,temporal_only,0,gate_signal_correlation,0.4997644176549489,0.48565514142147426,0.014109276233474632
C01_staged_current,S3,temporal_only,0,gate_signal_mae,0.22189575925467697,0.22380085849561673,-0.0019050992409397616
C01_staged_current,S3,temporal_only,0,gate_signal_rmse,0.26882036726143144,0.2735857891049966,-0.004765421843565154
C01_staged_current,S3,temporal_only,0,surface_rmse,0.1483207233312287,0.14740168905242296,0.0009190342788057415
C01_staged_current,S3,temporal_only,1,abs_beta_mean,0.0,0.0,0.0
C01_staged_current,S3,temporal_only,1,auprc,0.5287045706449792,0.5186274606930832,0.010077109951896035
C01_staged_current,S3,temporal_only,1,auroc,0.7339268974901816,0.7303187452484924,0.0036081522416892
C01_staged_current,S3,temporal_only,1,bce,0.48844090626242176,0.49210668243469263,-0.0036657761722708737
C01_staged_current,S3,temporal_only,1,beta_mean,0.0,0.0,0.0
C01_staged_current,S3,temporal_only,1,cf_rmse_age,0.13855279745988203,0.12638658437210373,0.012166213087778294
C01_staged_current,S3,temporal_only,1,cf_rmse_lag,0.08988570684152325,0.09540417221367195,-0.005518465372148701
C01_staged_current,S3,temporal_only,1,content_free_lambda_rmse,0.8941442930797238,0.8449056229528263,0.04923867012689742
C01_staged_current,S3,temporal_only,1,delta_bce_beta0,0.0,0.0,0.0
C01_staged_current,S3,temporal_only,1,delta_bce_full_age_shuffle,0.007266913180866752,0.007643986785702717,-0.00037707360483596464
C01_staged_current,S3,temporal_only,1,delta_bce_gate_age_shuffle,0.0,0.0,0.0
C01_staged_current,S3,temporal_only,1,gate_signal_correlation,0.47089237666470996,0.47643099737292194,-0.005538620708211983
C01_staged_current,S3,temporal_only,1,gate_signal_mae,0.23369660135184617,0.22953904204420675,0.004157559307639419
C01_staged_current,S3,temporal_only,1,gate_signal_rmse,0.28580481188285994,0.28044529005308716,0.005359521829772784
C01_staged_current,S3,temporal_only,1,surface_rmse,0.16208532600772343,0.16834549926456685,-0.006260173256843415
C01_staged_current,S3,temporal_only,2,abs_beta_mean,0.0,0.0,0.0
C01_staged_current,S3,temporal_only,2,auprc,0.5248159963638758,0.519248866134369,0.005567130229506723
C01_staged_current,S3,temporal_only,2,auroc,0.7326146800138504,0.7290564279149371,0.0035582520989133615
C01_staged_current,S3,temporal_only,2,bce,0.4906288193255595,0.492780767159814,-0.002151947834254486
C01_staged_current,S3,temporal_only,2,beta_mean,0.0,0.0,0.0
C01_staged_current,S3,temporal_only,2,cf_rmse_age,0.13514641680362963,0.12710381325262518,0.008042603551004446
C01_staged_current,S3,temporal_only,2,cf_rmse_lag,0.08885076260120739,0.0987527474458358,-0.009901984844628411
C01_staged_current,S3,temporal_only,2,content_free_lambda_rmse,0.8909100050243713,0.8442763561680136,0.04663364885635779
C01_staged_current,S3,temporal_only,2,delta_bce_beta0,0.0,0.0,0.0
C01_staged_current,S3,temporal_only,2,delta_bce_full_age_shuffle,0.01263287722454648,0.011647029998739455,0.0009858472258070239
C01_staged_current,S3,temporal_only,2,delta_bce_gate_age_shuffle,0.0,0.0,0.0
C01_staged_current,S3,temporal_only,2,gate_signal_correlation,0.5046432453254923,0.48723055643509694,0.017412688890395378
C01_staged_current,S3,temporal_only,2,gate_signal_mae,0.22143446747133935,0.22771050395816106,-0.006276036486821707
C01_staged_current,S3,temporal_only,2,gate_signal_rmse,0.26677014494244966,0.2768773955112718,-0.010107250568822113
C01_staged_current,S3,temporal_only,2,surface_rmse,0.1548017464860969,0.159020858801684,-0.004219112315587109
C01_staged_current,S3,temporal_only,3,abs_beta_mean,0.0,0.0,0.0
C01_staged_current,S3,temporal_only,3,auprc,0.5283025600338823,0.5248346636200738,0.0034678964138085133
C01_staged_current,S3,temporal_only,3,auroc,0.7329363596669516,0.7322029862697437,0.0007333733972079148
C01_staged_current,S3,temporal_only,3,bce,0.4889078445508759,0.49046434369018743,-0.0015564991393115513
C01_staged_current,S3,temporal_only,3,beta_mean,0.0,0.0,0.0
C01_staged_current,S3,temporal_only,3,cf_rmse_age,0.17053117320705138,0.1677658125192229,0.002765360687828483
C01_staged_current,S3,temporal_only,3,cf_rmse_lag,0.12471739052170246,0.13191660763387578,-0.00719921711217332
C01_staged_current,S3,temporal_only,3,content_free_lambda_rmse,0.88296014957125,0.8452283545590361,0.03773179501221391
C01_staged_current,S3,temporal_only,3,delta_bce_beta0,0.0,0.0,0.0
C01_staged_current,S3,temporal_only,3,delta_bce_full_age_shuffle,0.00911141892370898,0.008836378738868389,0.00027504018484059145
C01_staged_current,S3,temporal_only,3,delta_bce_gate_age_shuffle,0.0,0.0,0.0
C01_staged_current,S3,temporal_only,3,gate_signal_correlation,0.507462573372404,0.49855495136439837,0.0089076220080056
C01_staged_current,S3,temporal_only,3,gate_signal_mae,0.2224988763908721,0.22221492310831875,0.0002839532825533453
C01_staged_current,S3,temporal_only,3,gate_signal_rmse,0.267625434840528,0.2691797801957582,-0.0015543453552302466
C01_staged_current,S3,temporal_only,3,surface_rmse,0.21200455440171706,0.21707777141272036,-0.0050732170110033
C01_staged_current,S3,temporal_only,4,abs_beta_mean,0.0,0.0,0.0
C01_staged_current,S3,temporal_only,4,auprc,0.5255516219823642,0.5141822071415257,0.011369414840838421
C01_staged_current,S3,temporal_only,4,auroc,0.7315125955641038,0.7264143807196025,0.0050982148445012365
C01_staged_current,S3,temporal_only,4,bce,0.48981863288744876,0.49417454261230387,-0.0043559097248551115
C01_staged_current,S3,temporal_only,4,beta_mean,0.0,0.0,0.0
C01_staged_current,S3,temporal_only,4,cf_rmse_age,0.1498814728836425,0.14476478873374138,0.0051166841499011295
C01_staged_current,S3,temporal_only,4,cf_rmse_lag,0.10911734848432478,0.1147622276315806,-0.005644879147255824
C01_staged_current,S3,temporal_only,4,content_free_lambda_rmse,0.9104782586299409,0.8425353541600483,0.0679429044698926
C01_staged_current,S3,temporal_only,4,delta_bce_beta0,0.0,0.0,0.0
C01_staged_current,S3,temporal_only,4,delta_bce_full_age_shuffle,0.009100362732189449,0.009056919754683035,4.3442977506413794e-05
C01_staged_current,S3,temporal_only,4,delta_bce_gate_age_shuffle,0.0,0.0,0.0
C01_staged_current,S3,temporal_only,4,gate_signal_correlation,0.48369693628710336,0.4826972056371729,0.0009997306499304748
C01_staged_current,S3,temporal_only,4,gate_signal_mae,0.22761629834327862,0.22933379284300542,-0.0017174944997268016
C01_staged_current,S3,temporal_only,4,gate_signal_rmse,0.27764768234914633,0.2794839702770729,-0.001836287927926561
C01_staged_current,S3,temporal_only,4,surface_rmse,0.16329090176609784,0.16667019472094116,-0.0033792929548433215
C02_mass_current,S0,age_temporal,0,abs_beta_mean,0.01719304360449314,0.04978904128074646,-0.03259599767625332
C02_mass_current,S0,age_temporal,0,auprc,0.5183337762657231,0.5296080665494216,-0.01127429028369853
C02_mass_current,S0,age_temporal,0,auroc,0.7282394366679021,0.7334018081536009,-0.005162371485698758
C02_mass_current,S0,age_temporal,0,bce,0.4856359988933123,0.4806428490322751,0.004993149861037216
C02_mass_current,S0,age_temporal,0,beta_mean,0.01719304360449314,0.04978904128074646,-0.03259599767625332
C02_mass_current,S0,age_temporal,0,cf_rmse_age,0.1180771965484332,0.08308225857201237,0.03499493797642082
C02_mass_current,S0,age_temporal,0,cf_rmse_lag,0.1111868909180124,0.11640719659928514,-0.005220305681272741
C02_mass_current,S0,age_temporal,0,content_free_lambda_rmse,0.0347898702623549,0.031856281330717835,0.002933588931637067
C02_mass_current,S0,age_temporal,0,delta_bce_beta0,4.26167166384106e-06,8.668917983567503e-06,-4.407246319726443e-06
C02_mass_current,S0,age_temporal,0,delta_bce_full_age_shuffle,0.004928048278491914,0.005402318749690327,-0.0004742704711984125
C02_mass_current,S0,age_temporal,0,delta_bce_gate_age_shuffle,2.0231755672339702e-05,8.281515396046935e-05,-6.258339828812964e-05
C02_mass_current,S0,age_temporal,0,gate_signal_correlation,0.8600965972538585,0.8942223610434816,-0.034125763789623176
C02_mass_current,S0,age_temporal,0,gate_signal_mae,0.07263919374542728,0.058537998327670156,0.014101195417757124
C02_mass_current,S0,age_temporal,0,gate_signal_rmse,0.1136588157268191,0.10231461241529326,0.011344203311525844
C02_mass_current,S0,age_temporal,0,surface_rmse,0.1372941295296447,0.1503116762195039,-0.013017546689859189
C02_mass_current,S0,age_temporal,1,abs_beta_mean,0.016106752678751945,0.011464101262390614,0.004642651416361332
C02_mass_current,S0,age_temporal,1,auprc,0.5174703151621644,0.5268778885349943,-0.009407573372829936
C02_mass_current,S0,age_temporal,1,auroc,0.7271675083434597,0.731115848292132,-0.003948339948672386
C02_mass_current,S0,age_temporal,1,bce,0.4861147580802289,0.482053698864931,0.004061059215297924
C02_mass_current,S0,age_temporal,1,beta_mean,-0.016106752678751945,0.011464101262390614,-0.02757085394114256
C02_mass_current,S0,age_temporal,1,cf_rmse_age,0.12401220555310818,0.10960712533862747,0.014405080214480712
C02_mass_current,S0,age_temporal,1,cf_rmse_lag,0.11488991131928349,0.12693664121579312,-0.012046729896509636
C02_mass_current,S0,age_temporal,1,content_free_lambda_rmse,0.026783560272126007,0.03935393863867239,-0.012570378366546384
C02_mass_current,S0,age_temporal,1,delta_bce_beta0,-2.2056524124347554e-06,-1.25439318526821e-05,1.0338279440247344e-05
C02_mass_current,S0,age_temporal,1,delta_bce_full_age_shuffle,0.001883200410304764,0.0025570379784510266,-0.0006738375681462627
C02_mass_current,S0,age_temporal,1,delta_bce_gate_age_shuffle,-1.2147440998033776e-05,-5.97453501538503e-06,-6.1729059826487465e-06
C02_mass_current,S0,age_temporal,1,gate_signal_correlation,0.8238863195072521,0.9259799889673047,-0.1020936694600526
C02_mass_current,S0,age_temporal,1,gate_signal_mae,0.07673943070645739,0.050731986746074535,0.026007443960382855
C02_mass_current,S0,age_temporal,1,gate_signal_rmse,0.13010692385730127,0.08456179356108491,0.04554513029621636
C02_mass_current,S0,age_temporal,1,surface_rmse,0.14339817753652767,0.15367456751097977,-0.0102763899744521
C02_mass_current,S0,age_temporal,2,abs_beta_mean,0.03314213827252388,0.020279379561543465,0.012862758710980415
C02_mass_current,S0,age_temporal,2,auprc,0.5145643433818533,0.5238882520896395,-0.00932390870778621
C02_mass_current,S0,age_temporal,2,auroc,0.7254563929120472,0.7303670482020509,-0.004910655290003674
C02_mass_current,S0,age_temporal,2,bce,0.48687489261006694,0.4830817318863371,0.0037931607237298715
C02_mass_current,S0,age_temporal,2,beta_mean,-0.03314213827252388,-0.020279379561543465,-0.012862758710980415
C02_mass_current,S0,age_temporal,2,cf_rmse_age,0.10970753908953773,0.09858325932001033,0.011124279769527401
C02_mass_current,S0,age_temporal,2,cf_rmse_lag,0.11806127488219412,0.13534132815383793,-0.017280053271643808
C02_mass_current,S0,age_temporal,2,content_free_lambda_rmse,0.03377582709880424,0.03375464789357015,2.1179205234089782e-05
C02_mass_current,S0,age_temporal,2,delta_bce_beta0,-6.7659959657739854e-06,3.1312002447547727e-05,-3.807799841332171e-05
C02_mass_current,S0,age_temporal,2,delta_bce_full_age_shuffle,0.004235203293219192,0.005448884099637563,-0.0012136808064183713
C02_mass_current,S0,age_temporal,2,delta_bce_gate_age_shuffle,-2.539402540480129e-05,1.4039961121481426e-05,-3.9433986526282716e-05
C02_mass_current,S0,age_temporal,2,gate_signal_correlation,0.8319970191839614,0.8560636309164751,-0.024066611732513676
C02_mass_current,S0,age_temporal,2,gate_signal_mae,0.07737895011387776,0.06581166671629682,0.011567283397580938
C02_mass_current,S0,age_temporal,2,gate_signal_rmse,0.12785918086019796,0.12351198989778926,0.004347190962408695
C02_mass_current,S0,age_temporal,2,surface_rmse,0.13384715579194603,0.16429447406673842,-0.030447318274792384
C02_mass_current,S0,age_temporal,3,abs_beta_mean,0.025336766615509987,0.03535430505871773,-0.01001753844320774
C02_mass_current,S0,age_temporal,3,auprc,0.5186140885446754,0.5279717138257447,-0.009357625281069315
C02_mass_current,S0,age_temporal,3,auroc,0.7277920069148278,0.732108261569415,-0.004316254654587182
C02_mass_current,S0,age_temporal,3,bce,0.4863697487102293,0.4819322606840814,0.004437488026147907
C02_mass_current,S0,age_temporal,3,beta_mean,-0.025336766615509987,0.03535430505871773,-0.060691071674227715
C02_mass_current,S0,age_temporal,3,cf_rmse_age,0.14773597925038595,0.11860078629085011,0.029135192959535844
C02_mass_current,S0,age_temporal,3,cf_rmse_lag,0.12820758882989383,0.11825170749435876,0.009955881335535072
C02_mass_current,S0,age_temporal,3,content_free_lambda_rmse,0.0336358449443306,0.035060183566991907,-0.0014243386226613086
C02_mass_current,S0,age_temporal,3,delta_bce_beta0,-6.3833916978395244e-06,1.9773450585791608e-06,-8.360736756418685e-06
C02_mass_current,S0,age_temporal,3,delta_bce_full_age_shuffle,0.0046384482670802085,0.005476744411670453,-0.0008382961445902448
C02_mass_current,S0,age_temporal,3,delta_bce_gate_age_shuffle,-1.7564047949336636e-05,2.184771361252169e-05,-3.941176156185833e-05
C02_mass_current,S0,age_temporal,3,gate_signal_correlation,0.8295925184056857,0.9052954838709347,-0.07570296546524902
C02_mass_current,S0,age_temporal,3,gate_signal_mae,0.07360923041678784,0.05469462765413096,0.018914602762656878
C02_mass_current,S0,age_temporal,3,gate_signal_rmse,0.12964561152320359,0.09765861700776518,0.031986994515438405
C02_mass_current,S0,age_temporal,3,surface_rmse,0.14874279452672454,0.1509623955451689,-0.0022196010184443726
C02_mass_current,S0,age_temporal,4,abs_beta_mean,0.006082494277507067,0.0031639905646443367,0.00291850371286273
C02_mass_current,S0,age_temporal,4,auprc,0.51858720725685,0.5261686705117078,-0.0075814632548577565
C02_mass_current,S0,age_temporal,4,auroc,0.7279349067440488,0.7316953062565781,-0.0037603995125292666
C02_mass_current,S0,age_temporal,4,bce,0.48537467362425135,0.48151061692912545,0.003864056695125906
C02_mass_current,S0,age_temporal,4,beta_mean,-0.006082494277507067,0.0031639905646443367,-0.009246484842151403
C02_mass_current,S0,age_temporal,4,cf_rmse_age,0.11480500189221657,0.08286302774714167,0.031941974145074895
C02_mass_current,S0,age_temporal,4,cf_rmse_lag,0.11178786434724076,0.11139740683119081,0.0003904575160499496
C02_mass_current,S0,age_temporal,4,content_free_lambda_rmse,0.015692292812344584,0.03074675207583242,-0.015054459263487835
C02_mass_current,S0,age_temporal,4,delta_bce_beta0,-8.089734492289224e-07,-2.357533042340876e-06,1.5485595931119533e-06
C02_mass_current,S0,age_temporal,4,delta_bce_full_age_shuffle,0.005554493475200817,0.005946130476437661,-0.0003916370012368442
C02_mass_current,S0,age_temporal,4,delta_bce_gate_age_shuffle,-5.502114508004752e-06,9.725543985150686e-07,-6.47466890651982e-06
C02_mass_current,S0,age_temporal,4,gate_signal_correlation,0.8680744437533188,0.8706569702352823,-0.002582526481963554
C02_mass_current,S0,age_temporal,4,gate_signal_mae,0.07058321356375916,0.06004317724737618,0.010540036316382978
C02_mass_current,S0,age_temporal,4,gate_signal_rmse,0.10947787948133252,0.11501639806420964,-0.005538518582877128
C02_mass_current,S0,age_temporal,4,surface_rmse,0.13260943581959783,0.14514842713951528,-0.012538991319917453
C02_mass_current,S0,matched,0,delta_auprc_at_minus_to,4.380582308005643e-07,-6.648490076321956e-05,6.692295899402012e-05
C02_mass_current,S0,matched,0,delta_auroc_at_minus_to,8.503760421385564e-07,3.461861318720949e-05,-3.3768237145070934e-05
C02_mass_current,S0,matched,0,delta_bce_to_minus_at,9.501504397158023e-07,1.1285860192111752e-05,-1.033570975239595e-05
C02_mass_current,S0,matched,1,delta_auprc_at_minus_to,-1.14790614038629e-05,-0.00035540028214253727,0.00034392122073867437
C02_mass_current,S0,matched,1,delta_auroc_at_minus_to,-6.763910588070132e-06,-4.247237353061095e-05,3.570846294254082e-05
C02_mass_current,S0,matched,1,delta_bce_to_minus_at,1.4314757502131847e-06,-0.00017155527440210205,0.00017298675015231524
C02_mass_current,S0,matched,2,delta_auprc_at_minus_to,-0.00013690952415390534,-4.299376821115253e-06,-0.00013261014733279008
C02_mass_current,S0,matched,2,delta_auroc_at_minus_to,-3.663459087344112e-05,-2.638609339988829e-05,-1.0248497473552831e-05
C02_mass_current,S0,matched,2,delta_bce_to_minus_at,-3.439910310382155e-05,-5.310887438658707e-06,-2.9088215665162842e-05
C02_mass_current,S0,matched,3,delta_auprc_at_minus_to,-7.094589534295537e-06,0.0010286741618541484,-0.001035768751388444
C02_mass_current,S0,matched,3,delta_auroc_at_minus_to,2.8333650025080814e-05,0.0013562251631549227,-0.0013278915131298419
C02_mass_current,S0,matched,3,delta_bce_to_minus_at,-3.2813814185850276e-06,-7.186558560184908e-05,6.858420418326405e-05
C02_mass_current,S0,matched,4,delta_auprc_at_minus_to,-2.483610027859129e-05,8.312491931339316e-06,-3.3148592209930605e-05
C02_mass_current,S0,matched,4,delta_auroc_at_minus_to,-9.078008611052013e-06,4.471805049144351e-06,-1.3549813660196364e-05
C02_mass_current,S0,matched,4,delta_bce_to_minus_at,-9.275889179705121e-06,3.322340479228192e-06,-1.2598229658933313e-05
C02_mass_current,S0,temporal_only,0,abs_beta_mean,0.0,0.0,0.0
C02_mass_current,S0,temporal_only,0,auprc,0.5183333382074923,0.5296745514501848,-0.01134121324269255
C02_mass_current,S0,temporal_only,0,auroc,0.72823858629186,0.7333671895404137,-0.005128603248553687
C02_mass_current,S0,temporal_only,0,bce,0.48563694904375204,0.4806541348924672,0.00498281415128482
C02_mass_current,S0,temporal_only,0,beta_mean,0.0,0.0,0.0
C02_mass_current,S0,temporal_only,0,cf_rmse_age,0.11778906956602574,0.08414547823781746,0.03364359132820828
C02_mass_current,S0,temporal_only,0,cf_rmse_lag,0.11097617955786025,0.11527290838970335,-0.004296728831843094
C02_mass_current,S0,temporal_only,0,content_free_lambda_rmse,0.034387351987051784,0.02869981336863059,0.005687538618421195
C02_mass_current,S0,temporal_only,0,delta_bce_beta0,0.0,0.0,0.0
C02_mass_current,S0,temporal_only,0,delta_bce_full_age_shuffle,0.0049173549883729795,0.005448421935103198,-0.0005310669467302187
C02_mass_current,S0,temporal_only,0,delta_bce_gate_age_shuffle,0.0,0.0,0.0
C02_mass_current,S0,temporal_only,0,gate_signal_correlation,0.8597415731948402,0.8944071110982615,-0.034665537903421306
C02_mass_current,S0,temporal_only,0,gate_signal_mae,0.07270403287454459,0.05841725569190165,0.014286777182642943
C02_mass_current,S0,temporal_only,0,gate_signal_rmse,0.11386784177546518,0.10242814526854555,0.01143969650691963
C02_mass_current,S0,temporal_only,0,surface_rmse,0.13711194919479144,0.14982460786457688,-0.012712658669785437
C02_mass_current,S0,temporal_only,1,abs_beta_mean,0.0,0.0,0.0
C02_mass_current,S0,temporal_only,1,auprc,0.5174817942235682,0.5272332888171368,-0.00975149459356861
C02_mass_current,S0,temporal_only,1,auroc,0.7271742722540477,0.7311583206656627,-0.003984048411614927
C02_mass_current,S0,temporal_only,1,bce,0.48611618955597913,0.4818821435905289,0.004234045965450239
C02_mass_current,S0,temporal_only,1,beta_mean,0.0,0.0,0.0
C02_mass_current,S0,temporal_only,1,cf_rmse_age,0.12407316912147072,0.10981046715243505,0.014262701969035674
C02_mass_current,S0,temporal_only,1,cf_rmse_lag,0.11490118381442753,0.12656025686406394,-0.011659073049636412
C02_mass_current,S0,temporal_only,1,content_free_lambda_rmse,0.02607459020345193,0.03921836424143332,-0.013143774037981393
C02_mass_current,S0,temporal_only,1,delta_bce_beta0,0.0,0.0,0.0
C02_mass_current,S0,temporal_only,1,delta_bce_full_age_shuffle,0.0018971729316613617,0.0025488615066479037,-0.000651688574986542
C02_mass_current,S0,temporal_only,1,delta_bce_gate_age_shuffle,0.0,0.0,0.0
C02_mass_current,S0,temporal_only,1,gate_signal_correlation,0.824279933741393,0.926111351452864,-0.10183141771147108
C02_mass_current,S0,temporal_only,1,gate_signal_mae,0.07665755734048432,0.0507204262482169,0.025937131092267425
C02_mass_current,S0,temporal_only,1,gate_signal_rmse,0.1299442300011678,0.08421856293218988,0.04572566706897793
C02_mass_current,S0,temporal_only,1,surface_rmse,0.14341634793122815,0.1531521984556662,-0.009735850524438039
C02_mass_current,S0,temporal_only,2,abs_beta_mean,0.0,0.0,0.0
C02_mass_current,S0,temporal_only,2,auprc,0.5147012529060072,0.5238925514664606,-0.00919129856045342
C02_mass_current,S0,temporal_only,2,auroc,0.7254930275029207,0.7303934342954508,-0.004900406792530121
C02_mass_current,S0,temporal_only,2,bce,0.4868404935069631,0.4830764209988984,0.0037640725080647086
C02_mass_current,S0,temporal_only,2,beta_mean,0.0,0.0,0.0
C02_mass_current,S0,temporal_only,2,cf_rmse_age,0.11003311670262685,0.09913553635485707,0.010897580347769775
C02_mass_current,S0,temporal_only,2,cf_rmse_lag,0.11823011319593782,0.13577891931022554,-0.01754880611428772
C02_mass_current,S0,temporal_only,2,content_free_lambda_rmse,0.03157764863698465,0.03327709245951194,-0.0016994438225272843
C02_mass_current,S0,temporal_only,2,delta_bce_beta0,0.0,0.0,0.0
C02_mass_current,S0,temporal_only,2,delta_bce_full_age_shuffle,0.004274134356177961,0.00550750129427291,-0.0012333669380949486
C02_mass_current,S0,temporal_only,2,delta_bce_gate_age_shuffle,0.0,0.0,0.0
C02_mass_current,S0,temporal_only,2,gate_signal_correlation,0.8336295730857844,0.8566828732602048,-0.02305330017442031
C02_mass_current,S0,temporal_only,2,gate_signal_mae,0.07682790479748924,0.0657725230570137,0.011055381740475545
C02_mass_current,S0,temporal_only,2,gate_signal_rmse,0.1270425229054826,0.12317083620847916,0.0038716866970034403
C02_mass_current,S0,temporal_only,2,surface_rmse,0.13402947586657812,0.16478229224284469,-0.030752816376266562
C02_mass_current,S0,temporal_only,3,abs_beta_mean,0.0,0.0,0.0
C02_mass_current,S0,temporal_only,3,auprc,0.5186211831342097,0.5269430396638906,-0.008321856529680871
C02_mass_current,S0,temporal_only,3,auroc,0.7277636732648027,0.7307520364062601,-0.0029883631414573397
C02_mass_current,S0,temporal_only,3,bce,0.4863664673288107,0.48186039509847955,0.004506072230331171
C02_mass_current,S0,temporal_only,3,beta_mean,0.0,0.0,0.0
C02_mass_current,S0,temporal_only,3,cf_rmse_age,0.14780540146019952,0.11313308421402934,0.034672317246170176
C02_mass_current,S0,temporal_only,3,cf_rmse_lag,0.12829503984697396,0.11800553722134975,0.010289502625624211
C02_mass_current,S0,temporal_only,3,content_free_lambda_rmse,0.03248149347035867,0.03146529007227438,0.001016203398084288
C02_mass_current,S0,temporal_only,3,delta_bce_beta0,0.0,0.0,0.0
C02_mass_current,S0,temporal_only,3,delta_bce_full_age_shuffle,0.004665233570005811,0.005620222900700744,-0.0009549893306949331
C02_mass_current,S0,temporal_only,3,delta_bce_gate_age_shuffle,0.0,0.0,0.0
C02_mass_current,S0,temporal_only,3,gate_signal_correlation,0.8300148963073437,0.8883809744941378,-0.05836607818679407
C02_mass_current,S0,temporal_only,3,gate_signal_mae,0.07363416753197653,0.05808107748336999,0.015553090048606541
C02_mass_current,S0,temporal_only,3,gate_signal_rmse,0.12939442395606796,0.10504304175008819,0.024351382205979766
C02_mass_current,S0,temporal_only,3,surface_rmse,0.14889674854630525,0.14902255691470706,-0.00012580836840181409
C02_mass_current,S0,temporal_only,4,abs_beta_mean,0.0,0.0,0.0
C02_mass_current,S0,temporal_only,4,auprc,0.5186120433571286,0.5261603580197765,-0.007548314662647826
C02_mass_current,S0,temporal_only,4,auroc,0.7279439847526599,0.7316908344515289,-0.0037468496988690703
C02_mass_current,S0,temporal_only,4,bce,0.48536539773507165,0.4815139392696047,0.0038514584654669726
C02_mass_current,S0,temporal_only,4,beta_mean,0.0,0.0,0.0
C02_mass_current,S0,temporal_only,4,cf_rmse_age,0.11486202275053553,0.08284167493527446,0.03202034781526107
C02_mass_current,S0,temporal_only,4,cf_rmse_lag,0.11179242360097881,0.11130516010406907,0.00048726349690973725
C02_mass_current,S0,temporal_only,4,content_free_lambda_rmse,0.01537627172200662,0.030725417616677467,-0.015349145894670848
C02_mass_current,S0,temporal_only,4,delta_bce_beta0,0.0,0.0,0.0
C02_mass_current,S0,temporal_only,4,delta_bce_full_age_shuffle,0.005560631933251015,0.0059405503248018965,-0.0003799183915508819
C02_mass_current,S0,temporal_only,4,delta_bce_gate_age_shuffle,0.0,0.0,0.0
C02_mass_current,S0,temporal_only,4,gate_signal_correlation,0.8684828072473326,0.8709039373269316,-0.0024211300795989876
C02_mass_current,S0,temporal_only,4,gate_signal_mae,0.07053166262694795,0.059961832940496645,0.010569829686451301
C02_mass_current,S0,temporal_only,4,gate_signal_rmse,0.1092624259414281,0.11488319514919978,-0.005620769207771686
C02_mass_current,S0,temporal_only,4,surface_rmse,0.13267590338062468,0.14505630645072745,-0.012380403070102769
C02_mass_current,S1,age_temporal,0,abs_beta_mean,0.17438052594661713,0.1005406603217125,0.07383986562490463
C02_mass_current,S1,age_temporal,0,auprc,0.5276207468039922,0.537335282187853,-0.0097145353838608
C02_mass_current,S1,age_temporal,0,auroc,0.7378912469061036,0.7401830256045248,-0.002291778698421121
C02_mass_current,S1,age_temporal,0,bce,0.4848349636549144,0.48117162051291396,0.0036633431420004525
C02_mass_current,S1,age_temporal,0,beta_mean,0.17438052594661713,0.1005406603217125,0.07383986562490463
C02_mass_current,S1,age_temporal,0,cf_rmse_age,0.1471505853099416,0.1402103413042319,0.006940244005709695
C02_mass_current,S1,age_temporal,0,cf_rmse_lag,0.14139150549710883,0.12067959025784977,0.020711915239259054
C02_mass_current,S1,age_temporal,0,content_free_lambda_rmse,0.06381030927003492,0.05383579713373729,0.00997451213629763
C02_mass_current,S1,age_temporal,0,delta_bce_beta0,5.505771819896976e-05,0.000276302743403789,-0.00022124502520481926
C02_mass_current,S1,age_temporal,0,delta_bce_full_age_shuffle,0.008212595584476512,0.008455465136340767,-0.0002428695518642554
C02_mass_current,S1,age_temporal,0,delta_bce_gate_age_shuffle,-4.901329216727701e-05,0.00033391308487323856,-0.0003829263770405156
C02_mass_current,S1,age_temporal,0,gate_signal_correlation,0.9544215302026449,0.9757352123806298,-0.021313682177984905
C02_mass_current,S1,age_temporal,0,gate_signal_mae,0.04664092501258114,0.033911053696513045,0.012729871316068092
C02_mass_current,S1,age_temporal,0,gate_signal_rmse,0.06290377201602554,0.05250495182444817,0.010398820191577368
C02_mass_current,S1,age_temporal,0,surface_rmse,0.16829402134515245,0.17011170753699503,-0.0018176861918425824
C02_mass_current,S1,age_temporal,1,abs_beta_mean,0.1426100730895996,0.011787141673266888,0.13082293141633272
C02_mass_current,S1,age_temporal,1,auprc,0.528234867369074,0.5380768076394529,-0.00984194027037888
C02_mass_current,S1,age_temporal,1,auroc,0.7406630480349146,0.7415101146681564,-0.0008470666332418553
C02_mass_current,S1,age_temporal,1,bce,0.48383253996339487,0.4802605862266138,0.003571953736781097
C02_mass_current,S1,age_temporal,1,beta_mean,0.1426100730895996,0.011787141673266888,0.13082293141633272
C02_mass_current,S1,age_temporal,1,cf_rmse_age,0.14057188075989815,0.16344439196072325,-0.02287251120082509
C02_mass_current,S1,age_temporal,1,cf_rmse_lag,0.11371357077714031,0.1223917324290053,-0.008678161651864996
C02_mass_current,S1,age_temporal,1,content_free_lambda_rmse,0.05081261424345778,0.045111086786530814,0.005701527456926966
C02_mass_current,S1,age_temporal,1,delta_bce_beta0,2.000590222189791e-05,3.160102115462582e-05,-1.159511893272791e-05
C02_mass_current,S1,age_temporal,1,delta_bce_full_age_shuffle,0.007250793259472699,0.006799740116966657,0.00045105314250604156
C02_mass_current,S1,age_temporal,1,delta_bce_gate_age_shuffle,-0.0001237332769544186,2.7818955876279805e-05,-0.0001515522328306984
C02_mass_current,S1,age_temporal,1,gate_signal_correlation,0.9411903571646465,0.9776751940206728,-0.036484836856026326
C02_mass_current,S1,age_temporal,1,gate_signal_mae,0.05354457695192755,0.04025831548169511,0.013286261470232437
C02_mass_current,S1,age_temporal,1,gate_signal_rmse,0.07574939991308391,0.05569601236913303,0.020053387543950876
C02_mass_current,S1,age_temporal,1,surface_rmse,0.1612940550135339,0.17856830166768178,-0.017274246654147896
C02_mass_current,S1,age_temporal,2,abs_beta_mean,0.12965328991413116,0.03144624084234238,0.09820704907178879
C02_mass_current,S1,age_temporal,2,auprc,0.5214467427128757,0.5371054813206302,-0.015658738607754463
C02_mass_current,S1,age_temporal,2,auroc,0.7373847816239913,0.7419205482135522,-0.004535766589560897
C02_mass_current,S1,age_temporal,2,bce,0.48666257000840984,0.48098239527723935,0.005680174731170495
C02_mass_current,S1,age_temporal,2,beta_mean,0.12965328991413116,0.03144624084234238,0.09820704907178879
C02_mass_current,S1,age_temporal,2,cf_rmse_age,0.14273552396217565,0.1450187483420907,-0.0022832243799150442
C02_mass_current,S1,age_temporal,2,cf_rmse_lag,0.14725880689681198,0.13825243035528761,0.009006376541524364
C02_mass_current,S1,age_temporal,2,content_free_lambda_rmse,0.0601629706738002,0.04038026101400825,0.019782709659791953
C02_mass_current,S1,age_temporal,2,delta_bce_beta0,1.5137366347450776e-05,0.00011789840997561418,-0.0001027610436281634
C02_mass_current,S1,age_temporal,2,delta_bce_full_age_shuffle,0.012920055914269701,0.011294302900817288,0.0016257530134524134
C02_mass_current,S1,age_temporal,2,delta_bce_gate_age_shuffle,-1.2040865544016288e-05,9.835321759643634e-05,-0.00011039408314045263
C02_mass_current,S1,age_temporal,2,gate_signal_correlation,0.9662965159727586,0.9791678009447085,-0.012871284971949892
C02_mass_current,S1,age_temporal,2,gate_signal_mae,0.04208399939829751,0.03915388802441943,0.0029301113738780804
C02_mass_current,S1,age_temporal,2,gate_signal_rmse,0.0546112084223144,0.055305389206043366,-0.0006941807837289662
C02_mass_current,S1,age_temporal,2,surface_rmse,0.166112726289314,0.1818091817541001,-0.015696455464786097
C02_mass_current,S1,age_temporal,3,abs_beta_mean,0.0411185622215271,0.0649377703666687,-0.0238192081451416
C02_mass_current,S1,age_temporal,3,auprc,0.527968370871002,0.5373797567194137,-0.009411385848411724
C02_mass_current,S1,age_temporal,3,auroc,0.7399131031639297,0.7416857012376636,-0.0017725980737339775
C02_mass_current,S1,age_temporal,3,bce,0.4842450798162838,0.48073099163610544,0.003514088180178343
C02_mass_current,S1,age_temporal,3,beta_mean,0.0411185622215271,0.0649377703666687,-0.0238192081451416
C02_mass_current,S1,age_temporal,3,cf_rmse_age,0.12087718272417483,0.13148214535761257,-0.010604962633437742
C02_mass_current,S1,age_temporal,3,cf_rmse_lag,0.11561795141920904,0.10756068846926845,0.008057262949940594
C02_mass_current,S1,age_temporal,3,content_free_lambda_rmse,0.04301976061492979,0.03854672970345076,0.004473030911479034
C02_mass_current,S1,age_temporal,3,delta_bce_beta0,-2.8260279782421627e-06,0.00016747160604330125,-0.0001702976340215434
C02_mass_current,S1,age_temporal,3,delta_bce_full_age_shuffle,0.01297859344942881,0.011025139003487505,0.001953454445941305
C02_mass_current,S1,age_temporal,3,delta_bce_gate_age_shuffle,-4.244901656275113e-05,0.00016694225004038055,-0.00020939126660313168
C02_mass_current,S1,age_temporal,3,gate_signal_correlation,0.9600796825476829,0.9761877996180943,-0.016108117070411376
C02_mass_current,S1,age_temporal,3,gate_signal_mae,0.044658988057044706,0.038804960156100486,0.00585402790094422
C02_mass_current,S1,age_temporal,3,gate_signal_rmse,0.0602874653702689,0.055701546370979245,0.004585918999289652
C02_mass_current,S1,age_temporal,3,surface_rmse,0.13848361270816853,0.1444063014727151,-0.005922688764546574
C02_mass_current,S1,age_temporal,4,abs_beta_mean,0.13304734230041504,0.03446369618177414,0.0985836461186409
C02_mass_current,S1,age_temporal,4,auprc,0.5308978240865667,0.5398260691959067,-0.008928245109339983
C02_mass_current,S1,age_temporal,4,auroc,0.7407537196683605,0.7427907316607631,-0.002037011992402693
C02_mass_current,S1,age_temporal,4,bce,0.4831434174363764,0.4802439862700552,0.002899431166321187
C02_mass_current,S1,age_temporal,4,beta_mean,0.13304734230041504,0.03446369618177414,0.0985836461186409
C02_mass_current,S1,age_temporal,4,cf_rmse_age,0.14233568459883267,0.16623233235224963,-0.02389664775341696
C02_mass_current,S1,age_temporal,4,cf_rmse_lag,0.1308439671122149,0.1162050292170367,0.014638937895178214
C02_mass_current,S1,age_temporal,4,content_free_lambda_rmse,0.04377266015244078,0.03809436869015157,0.005678291462289209
C02_mass_current,S1,age_temporal,4,delta_bce_beta0,1.8833064426238e-05,0.00010567572000969028,-8.684265558345228e-05
C02_mass_current,S1,age_temporal,4,delta_bce_full_age_shuffle,0.007969850502568876,0.007804761165834728,0.00016508933673414772
C02_mass_current,S1,age_temporal,4,delta_bce_gate_age_shuffle,-1.2889820273420671e-05,0.00011450701638016092,-0.0001273968366535816
C02_mass_current,S1,age_temporal,4,gate_signal_correlation,0.9619063828020076,0.9786111529001003,-0.01670477009809268
C02_mass_current,S1,age_temporal,4,gate_signal_mae,0.04474143998029969,0.037760786948187,0.006980653032112691
C02_mass_current,S1,age_temporal,4,gate_signal_rmse,0.056861850573501974,0.051990469401823926,0.004871381171678048
C02_mass_current,S1,age_temporal,4,surface_rmse,0.16666462959168568,0.18187700068752877,-0.015212371095843086
C02_mass_current,S1,matched,0,delta_auprc_at_minus_to,6.715405806878572e-05,0.0003237295960659692,-0.00025657553799718347
C02_mass_current,S1,matched,0,delta_auroc_at_minus_to,-2.1073016081007978e-05,0.0003215234710820525,-0.00034259648716306046
C02_mass_current,S1,matched,0,delta_bce_to_minus_at,-5.3090290208002155e-05,0.00021194220717518641,-0.00026503249738318857
C02_mass_current,S1,matched,1,delta_auprc_at_minus_to,-9.148745531006863e-05,0.00015336982816771538,-0.000244857283477784
C02_mass_current,S1,matched,1,delta_auroc_at_minus_to,-9.658161567216439e-05,5.071538473533366e-05,-0.00014729700040749805
C02_mass_current,S1,matched,1,delta_bce_to_minus_at,-4.426632927245766e-05,1.8757629690779876e-05,-6.302395896323754e-05
C02_mass_current,S1,matched,2,delta_auprc_at_minus_to,-2.9782857959737008e-05,0.000133211485061846,-0.000162994343021583
C02_mass_current,S1,matched,2,delta_auroc_at_minus_to,-3.71849560980575e-05,0.00010173003987556939,-0.0001389149959736269
C02_mass_current,S1,matched,2,delta_bce_to_minus_at,-5.1685994642391986e-05,6.233591634452473e-05,-0.00011402191098691672
C02_mass_current,S1,matched,3,delta_auprc_at_minus_to,-1.4496385056572691e-05,0.00010730287739557642,-0.00012179926245214912
C02_mass_current,S1,matched,3,delta_auroc_at_minus_to,-6.760104823855251e-05,0.00017785907811118662,-0.00024546012634973913
C02_mass_current,S1,matched,3,delta_bce_to_minus_at,-3.938921229346137e-05,6.234408191296836e-05,-0.00010173329420642974
C02_mass_current,S1,matched,4,delta_auprc_at_minus_to,0.00021960451460900643,9.705174975871422e-05,0.0001225527648502922
C02_mass_current,S1,matched,4,delta_auroc_at_minus_to,1.8309022746687553e-05,3.278349136071057e-05,-1.4474468614023017e-05
C02_mass_current,S1,matched,4,delta_bce_to_minus_at,1.5309520587869496e-05,5.7693997534524755e-05,-4.238447694665526e-05
C02_mass_current,S1,temporal_only,0,abs_beta_mean,0.0,0.0,0.0
C02_mass_current,S1,temporal_only,0,auprc,0.5275535927459234,0.537011552591787,-0.009457959845863617
C02_mass_current,S1,temporal_only,0,auroc,0.7379123199221846,0.7398615021334427,-0.0019491822112580603
C02_mass_current,S1,temporal_only,0,bce,0.4847818733647064,0.48138356272008914,0.003398310644617264
C02_mass_current,S1,temporal_only,0,beta_mean,0.0,0.0,0.0
C02_mass_current,S1,temporal_only,0,cf_rmse_age,0.14573622232349723,0.14057476936589616,0.005161452957601065
C02_mass_current,S1,temporal_only,0,cf_rmse_lag,0.1402220595213962,0.12055293894397853,0.019669120577417654
C02_mass_current,S1,temporal_only,0,content_free_lambda_rmse,0.03240108680455666,0.045386252882790745,-0.012985166078234085
C02_mass_current,S1,temporal_only,0,delta_bce_beta0,0.0,0.0,0.0
C02_mass_current,S1,temporal_only,0,delta_bce_full_age_shuffle,0.008429434646305689,0.008417202572917004,1.2232073388684928e-05
C02_mass_current,S1,temporal_only,0,delta_bce_gate_age_shuffle,0.0,0.0,0.0
C02_mass_current,S1,temporal_only,0,gate_signal_correlation,0.9577049827648968,0.9771678480823325,-0.019462865317435685
C02_mass_current,S1,temporal_only,0,gate_signal_mae,0.0453781656550867,0.032237344743686676,0.013140820911400022
C02_mass_current,S1,temporal_only,0,gate_signal_rmse,0.06057636425300229,0.051598335875426685,0.008978028377575609
C02_mass_current,S1,temporal_only,0,surface_rmse,0.16532888044353544,0.16874071350957326,-0.003411833066037817
C02_mass_current,S1,temporal_only,1,abs_beta_mean,0.0,0.0,0.0
C02_mass_current,S1,temporal_only,1,auprc,0.5283263548243841,0.5379234378112852,-0.009597082986901095
C02_mass_current,S1,temporal_only,1,auroc,0.7407596296505867,0.7414593992834211,-0.0006997696328343572
C02_mass_current,S1,temporal_only,1,bce,0.4837882736341224,0.48027934385630455,0.0035089297778178596
C02_mass_current,S1,temporal_only,1,beta_mean,0.0,0.0,0.0
C02_mass_current,S1,temporal_only,1,cf_rmse_age,0.13889144550587143,0.16424663275084456,-0.025355187244973126
C02_mass_current,S1,temporal_only,1,cf_rmse_lag,0.1131033355991363,0.12272831554634411,-0.009624979947207818
C02_mass_current,S1,temporal_only,1,content_free_lambda_rmse,0.02444970798223001,0.04435932445795555,-0.019909616475725537
C02_mass_current,S1,temporal_only,1,delta_bce_beta0,0.0,0.0,0.0
C02_mass_current,S1,temporal_only,1,delta_bce_full_age_shuffle,0.007440835782626942,0.006773107487360208,0.000667728295266734
C02_mass_current,S1,temporal_only,1,delta_bce_gate_age_shuffle,0.0,0.0,0.0
C02_mass_current,S1,temporal_only,1,gate_signal_correlation,0.9444387573051481,0.978044050546879,-0.033605293241730894
C02_mass_current,S1,temporal_only,1,gate_signal_mae,0.05166531432752011,0.03967054002635601,0.0119947743011641
C02_mass_current,S1,temporal_only,1,gate_signal_rmse,0.07353338300795563,0.05500949031257595,0.018523892695379678
C02_mass_current,S1,temporal_only,1,surface_rmse,0.16052175423662376,0.1785811688023273,-0.018059414565703535
C02_mass_current,S1,temporal_only,2,abs_beta_mean,0.0,0.0,0.0
C02_mass_current,S1,temporal_only,2,auprc,0.5214765255708355,0.5369722698355683,-0.01549574426473288
C02_mass_current,S1,temporal_only,2,auroc,0.7374219665800894,0.7418188181736767,-0.00439685159358727
C02_mass_current,S1,temporal_only,2,bce,0.48661088401376745,0.4810447311935839,0.005566152820183579
C02_mass_current,S1,temporal_only,2,beta_mean,0.0,0.0,0.0
C02_mass_current,S1,temporal_only,2,cf_rmse_age,0.1417690855850898,0.14452862781374298,-0.0027595422286531834
C02_mass_current,S1,temporal_only,2,cf_rmse_lag,0.14604931081409342,0.13829172799034192,0.0077575828237514965
C02_mass_current,S1,temporal_only,2,content_free_lambda_rmse,0.04369855117528421,0.03912854004175681,0.004570011133527403
C02_mass_current,S1,temporal_only,2,delta_bce_beta0,0.0,0.0,0.0
C02_mass_current,S1,temporal_only,2,delta_bce_full_age_shuffle,0.013011519069729471,0.01116331258918063,0.0018482064805488418
C02_mass_current,S1,temporal_only,2,delta_bce_gate_age_shuffle,0.0,0.0,0.0
C02_mass_current,S1,temporal_only,2,gate_signal_correlation,0.9680292441612747,0.9792956305925336,-0.011266386431258879
C02_mass_current,S1,temporal_only,2,gate_signal_mae,0.04126310316141992,0.03908752397353921,0.002175579187880715
C02_mass_current,S1,temporal_only,2,gate_signal_rmse,0.0535342356629692,0.05525338644051654,-0.0017191507775473416
C02_mass_current,S1,temporal_only,2,surface_rmse,0.1636911859427221,0.18116085661541526,-0.017469670672693144
C02_mass_current,S1,temporal_only,3,abs_beta_mean,0.0,0.0,0.0
C02_mass_current,S1,temporal_only,3,auprc,0.5279828672560586,0.5372724538420182,-0.009289586585959575
C02_mass_current,S1,temporal_only,3,auroc,0.7399807042121682,0.7415078421595525,-0.0015271379473842384
C02_mass_current,S1,temporal_only,3,bce,0.4842056906039903,0.4807933357180184,0.0034123548859719133
C02_mass_current,S1,temporal_only,3,beta_mean,0.0,0.0,0.0
C02_mass_current,S1,temporal_only,3,cf_rmse_age,0.12068356226635375,0.13091265534204616,-0.010229093075692405
C02_mass_current,S1,temporal_only,3,cf_rmse_lag,0.11548401490881437,0.10689838962568497,0.008585625283129394
C02_mass_current,S1,temporal_only,3,content_free_lambda_rmse,0.04121852111546975,0.03375136661798972,0.007467154497480033
C02_mass_current,S1,temporal_only,3,delta_bce_beta0,0.0,0.0,0.0
C02_mass_current,S1,temporal_only,3,delta_bce_full_age_shuffle,0.01299739971273467,0.010955535362273394,0.0020418643504612755
C02_mass_current,S1,temporal_only,3,delta_bce_gate_age_shuffle,0.0,0.0,0.0
C02_mass_current,S1,temporal_only,3,gate_signal_correlation,0.9603774339835325,0.976579618552543,-0.01620218456901057
C02_mass_current,S1,temporal_only,3,gate_signal_mae,0.04466502574252562,0.038394945861690295,0.006270079880835326
C02_mass_current,S1,temporal_only,3,gate_signal_rmse,0.06018674453717979,0.055574285761174305,0.004612458776005482
C02_mass_current,S1,temporal_only,3,surface_rmse,0.13785893559014178,0.1432289110378711,-0.005369975447729325
C02_mass_current,S1,temporal_only,4,abs_beta_mean,0.0,0.0,0.0
C02_mass_current,S1,temporal_only,4,auprc,0.5306782195719577,0.539729017446148,-0.009050797874190275
C02_mass_current,S1,temporal_only,4,auroc,0.7407354106456138,0.7427579481694024,-0.00202253752378867
C02_mass_current,S1,temporal_only,4,bce,0.48315872695696427,0.48030168026758974,0.0028570466893745317
C02_mass_current,S1,temporal_only,4,beta_mean,0.0,0.0,0.0
C02_mass_current,S1,temporal_only,4,cf_rmse_age,0.14086449732418194,0.16517740845975085,-0.02431291113556891
C02_mass_current,S1,temporal_only,4,cf_rmse_lag,0.13101970247802602,0.11616623761997584,0.014853464858050183
C02_mass_current,S1,temporal_only,4,content_free_lambda_rmse,0.014413716313528835,0.036549089434457005,-0.02213537312092817
C02_mass_current,S1,temporal_only,4,delta_bce_beta0,0.0,0.0,0.0
C02_mass_current,S1,temporal_only,4,delta_bce_full_age_shuffle,0.008140089191677469,0.007778125606623498,0.0003619635850539704
C02_mass_current,S1,temporal_only,4,delta_bce_gate_age_shuffle,0.0,0.0,0.0
C02_mass_current,S1,temporal_only,4,gate_signal_correlation,0.9644937256068292,0.9788073564059574,-0.014313630799128174
C02_mass_current,S1,temporal_only,4,gate_signal_mae,0.04324667443014756,0.03756608244329731,0.005680591986850253
C02_mass_current,S1,temporal_only,4,gate_signal_rmse,0.054973707367054064,0.0518644065510343,0.003109300816019761
C02_mass_current,S1,temporal_only,4,surface_rmse,0.16655252289414935,0.1809541806815333,-0.014401657787383948
C02_mass_current,S2,age_temporal,0,abs_beta_mean,0.5096620917320251,0.5828605890274048,-0.07319849729537964
C02_mass_current,S2,age_temporal,0,auprc,0.5729520913486549,0.5780995375976441,-0.005147446248989218
C02_mass_current,S2,age_temporal,0,auroc,0.7597573203098293,0.7608736309451969,-0.0011163106353675456
C02_mass_current,S2,age_temporal,0,bce,0.4598885912187529,0.45823252502610645,0.001656066192646466
C02_mass_current,S2,age_temporal,0,beta_mean,-0.5096620917320251,-0.5828605890274048,0.07319849729537964
C02_mass_current,S2,age_temporal,0,cf_rmse_age,0.1591889688930347,0.16278072314286685,-0.0035917542498321575
C02_mass_current,S2,age_temporal,0,cf_rmse_lag,0.15048276994208823,0.1745803747213772,-0.02409760477928896
C02_mass_current,S2,age_temporal,0,content_free_lambda_corr,0.9787792436571653,0.9821000573627846,-0.0033208137056193188
C02_mass_current,S2,age_temporal,0,content_free_lambda_rmse,0.6588859071432787,0.6883274109975016,-0.02944150385422295
C02_mass_current,S2,age_temporal,0,delta_bce_beta0,0.0027585912975421345,0.005779584263176263,-0.0030209929656341283
C02_mass_current,S2,age_temporal,0,delta_bce_full_age_shuffle,0.012591466853939526,0.018327543441961025,-0.005736076588021499
C02_mass_current,S2,age_temporal,0,delta_bce_gate_age_shuffle,0.003862600467244126,0.00911550247849613,-0.005252902011252003
C02_mass_current,S2,age_temporal,0,gate_signal_correlation,0.7270372990911489,0.7660733562345573,-0.03903605714340841
C02_mass_current,S2,age_temporal,0,gate_signal_mae,0.16587881855671907,0.15872509596390444,0.007153722592814632
C02_mass_current,S2,age_temporal,0,gate_signal_rmse,0.2042549638272303,0.19179737689498,0.012457586932250297
C02_mass_current,S2,age_temporal,0,surface_rmse,0.18433139059804066,0.21870480677820456,-0.0343734161801639
C02_mass_current,S2,age_temporal,1,abs_beta_mean,0.5682126879692078,0.5870452523231506,-0.01883256435394287
C02_mass_current,S2,age_temporal,1,auprc,0.5668229398842,0.5759134322664154,-0.009090492382215487
C02_mass_current,S2,age_temporal,1,auroc,0.7561177342037628,0.7586570128104295,-0.002539278606666695
C02_mass_current,S2,age_temporal,1,bce,0.4630654634457875,0.4588640155654828,0.004201447880304687
C02_mass_current,S2,age_temporal,1,beta_mean,-0.5682126879692078,-0.5870452523231506,0.01883256435394287
C02_mass_current,S2,age_temporal,1,cf_rmse_age,0.15717180332450048,0.15719846374044327,-2.6660415942791893e-05
C02_mass_current,S2,age_temporal,1,cf_rmse_lag,0.15191470738284865,0.1476845639875615,0.004230143395287156
C02_mass_current,S2,age_temporal,1,content_free_lambda_corr,0.9803401480824977,0.9820325286321555,-0.0016923805496578126
C02_mass_current,S2,age_temporal,1,content_free_lambda_rmse,0.6434552798775005,0.6805081322894041,-0.03705285241190359
C02_mass_current,S2,age_temporal,1,delta_bce_beta0,0.002810117131747114,0.007346000693051025,-0.004535883561303911
C02_mass_current,S2,age_temporal,1,delta_bce_full_age_shuffle,0.01131441913667458,0.0188903653404921,-0.0075759462038175185
C02_mass_current,S2,age_temporal,1,delta_bce_gate_age_shuffle,0.00399279064805691,0.010804088735184791,-0.006811298087127882
C02_mass_current,S2,age_temporal,1,gate_signal_correlation,0.7439532827738006,0.7691588176682204,-0.02520553489441979
C02_mass_current,S2,age_temporal,1,gate_signal_mae,0.1602954981076555,0.15749393571427509,0.002801562393380419
C02_mass_current,S2,age_temporal,1,gate_signal_rmse,0.1990078038070786,0.19061317109716513,0.008394632709913474
C02_mass_current,S2,age_temporal,1,surface_rmse,0.19195264924134797,0.20150095182750946,-0.009548302586161489
C02_mass_current,S2,age_temporal,2,abs_beta_mean,0.7969513535499573,0.645264744758606,0.15168660879135132
C02_mass_current,S2,age_temporal,2,auprc,0.5630914218763872,0.5771201670094575,-0.014028745133070286
C02_mass_current,S2,age_temporal,2,auroc,0.7544221075956559,0.7592704524685001,-0.004848344872844246
C02_mass_current,S2,age_temporal,2,bce,0.4648406537572449,0.45816583733398697,0.0066748164232579565
C02_mass_current,S2,age_temporal,2,beta_mean,-0.7969513535499573,-0.645264744758606,-0.15168660879135132
C02_mass_current,S2,age_temporal,2,cf_rmse_age,0.17565106003784603,0.18518373578831532,-0.009532675750469288
C02_mass_current,S2,age_temporal,2,cf_rmse_lag,0.13044408696719362,0.14226332386055707,-0.01181923689336345
C02_mass_current,S2,age_temporal,2,content_free_lambda_corr,0.9856919388228824,0.983439386482367,0.002252552340515468
C02_mass_current,S2,age_temporal,2,content_free_lambda_rmse,0.5773139157605294,0.6624825858839508,-0.08516867012342144
C02_mass_current,S2,age_temporal,2,delta_bce_beta0,0.006458759547836035,0.00921002385563413,-0.002751264307798096
C02_mass_current,S2,age_temporal,2,delta_bce_full_age_shuffle,0.0196055534581272,0.019402798848015046,0.00020275461011215468
C02_mass_current,S2,age_temporal,2,delta_bce_gate_age_shuffle,0.009327199722081403,0.012695873403285152,-0.0033686736812037488
C02_mass_current,S2,age_temporal,2,gate_signal_correlation,0.680341422663794,0.7761400428781872,-0.09579862021439312
C02_mass_current,S2,age_temporal,2,gate_signal_mae,0.1696698756033726,0.152901576680634,0.016768298922738595
C02_mass_current,S2,age_temporal,2,gate_signal_rmse,0.22587854593950124,0.18762282914483996,0.038255716794661276
C02_mass_current,S2,age_temporal,2,surface_rmse,0.1609274658220404,0.18471341081849812,-0.023785944996457725
C02_mass_current,S2,age_temporal,3,abs_beta_mean,0.6044527292251587,0.497174471616745,0.1072782576084137
C02_mass_current,S2,age_temporal,3,auprc,0.562419361356976,0.5736777800450081,-0.011258418688032124
C02_mass_current,S2,age_temporal,3,auroc,0.7538821451232793,0.7572770964608062,-0.0033949513375268747
C02_mass_current,S2,age_temporal,3,bce,0.4652408270128628,0.4599766861535207,0.00526414085934207
C02_mass_current,S2,age_temporal,3,beta_mean,-0.6044527292251587,-0.497174471616745,-0.1072782576084137
C02_mass_current,S2,age_temporal,3,cf_rmse_age,0.17866585065085674,0.17089866121060254,0.007767189440254202
C02_mass_current,S2,age_temporal,3,cf_rmse_lag,0.14576064586725274,0.12926475751115207,0.016495888356100663
C02_mass_current,S2,age_temporal,3,content_free_lambda_corr,0.9812855582416619,0.9797001110257331,0.0015854472159287925
C02_mass_current,S2,age_temporal,3,content_free_lambda_rmse,0.6341589340113082,0.7075050989604519,-0.0733461649491437
C02_mass_current,S2,age_temporal,3,delta_bce_beta0,0.0033794982651793037,0.004920624842346066,-0.0015411265771667626
C02_mass_current,S2,age_temporal,3,delta_bce_full_age_shuffle,0.017759468606713347,0.01866882139465542,-0.0009093527879420749
C02_mass_current,S2,age_temporal,3,delta_bce_gate_age_shuffle,0.004713395695657152,0.0074692207992291815,-0.0027558251035720294
C02_mass_current,S2,age_temporal,3,gate_signal_correlation,0.5829440568042705,0.7285661405124295,-0.145622083708159
C02_mass_current,S2,age_temporal,3,gate_signal_mae,0.2118672638439757,0.1672888978514025,0.0445783659925732
C02_mass_current,S2,age_temporal,3,gate_signal_rmse,0.2732743511273976,0.20358640276818618,0.06968794835921144
C02_mass_current,S2,age_temporal,3,surface_rmse,0.17894960818663283,0.18917457521583936,-0.010224967029206528
C02_mass_current,S2,age_temporal,4,abs_beta_mean,0.6986468434333801,0.6078628897666931,0.09078395366668701
C02_mass_current,S2,age_temporal,4,auprc,0.5646006675241635,0.5761466347007678,-0.011545967176604277
C02_mass_current,S2,age_temporal,4,auroc,0.7547258804459774,0.7585469906379743,-0.0038211101919968238
C02_mass_current,S2,age_temporal,4,bce,0.4642429047454913,0.45859059147298264,0.005652313272508647
C02_mass_current,S2,age_temporal,4,beta_mean,-0.6986468434333801,-0.6078628897666931,-0.09078395366668701
C02_mass_current,S2,age_temporal,4,cf_rmse_age,0.18748713132069092,0.176568144207969,0.010918987112721906
C02_mass_current,S2,age_temporal,4,cf_rmse_lag,0.137842994232884,0.11861577788712159,0.019227216345762396
C02_mass_current,S2,age_temporal,4,content_free_lambda_corr,0.9839570870809462,0.9826080807066151,0.0013490063743311076
C02_mass_current,S2,age_temporal,4,content_free_lambda_rmse,0.6206716774168427,0.6764848561693056,-0.055813178752462944
C02_mass_current,S2,age_temporal,4,delta_bce_beta0,0.003934621154472628,0.007545532444515446,-0.0036109112900428175
C02_mass_current,S2,age_temporal,4,delta_bce_full_age_shuffle,0.013019560003267538,0.01776285166721886,-0.004743291663951321
C02_mass_current,S2,age_temporal,4,delta_bce_gate_age_shuffle,0.005865026269728069,0.011323075126199789,-0.00545804885647172
C02_mass_current,S2,age_temporal,4,gate_signal_correlation,0.780386840418483,0.7686930352439149,0.011693805174568195
C02_mass_current,S2,age_temporal,4,gate_signal_mae,0.15102582178452814,0.15770989801098886,-0.006684076226460722
C02_mass_current,S2,age_temporal,4,gate_signal_rmse,0.18612170359790442,0.1910472064878647,-0.00492550288996027
C02_mass_current,S2,age_temporal,4,surface_rmse,0.18689046865055267,0.19015070544577878,-0.003260236795226107
C02_mass_current,S2,matched,0,delta_auprc_at_minus_to,0.005278778983464627,0.00912996595217419,-0.0038511869687095635
C02_mass_current,S2,matched,0,delta_auroc_at_minus_to,0.0021286964646332063,0.0031645797008910126,-0.0010358832362578063
C02_mass_current,S2,matched,0,delta_bce_to_minus_at,0.0023429297524119597,0.0043106072154003305,-0.001967677462988371
C02_mass_current,S2,matched,1,delta_auprc_at_minus_to,0.004682969550211524,0.008513110815696168,-0.0038301412654846434
C02_mass_current,S2,matched,1,delta_auroc_at_minus_to,0.0020380986192347628,0.003086985322482527,-0.0010488867032477645
C02_mass_current,S2,matched,1,delta_bce_to_minus_at,0.002237806570183354,0.004640405474660714,-0.00240259890447736
C02_mass_current,S2,matched,2,delta_auprc_at_minus_to,0.007918788418847411,0.009933875675924853,-0.0020150872570774414
C02_mass_current,S2,matched,2,delta_auroc_at_minus_to,0.002914011763564539,0.0033736081045800947,-0.0004595963410155557
C02_mass_current,S2,matched,2,delta_bce_to_minus_at,0.0031920260603707784,0.004811484089596418,-0.00161945802922564
C02_mass_current,S2,matched,3,delta_auprc_at_minus_to,0.004804168673507636,0.007990391139118147,-0.003186222465610511
C02_mass_current,S2,matched,3,delta_auroc_at_minus_to,0.0022174048126610835,0.0027944906393466695,-0.0005770858266855861
C02_mass_current,S2,matched,3,delta_bce_to_minus_at,0.002064520774055667,0.0038317940014475638,-0.0017672732273918967
C02_mass_current,S2,matched,4,delta_auprc_at_minus_to,0.004560258971292308,0.00871759681978046,-0.004157337848488152
C02_mass_current,S2,matched,4,delta_auroc_at_minus_to,0.0020886445119350228,0.0031510248241625183,-0.0010623803122274955
C02_mass_current,S2,matched,4,delta_bce_to_minus_at,0.0022746326308561993,0.004402273161301429,-0.0021276405304452295
C02_mass_current,S2,temporal_only,0,abs_beta_mean,0.0,0.0,0.0
C02_mass_current,S2,temporal_only,0,auprc,0.5676733123651903,0.5689695716454699,-0.0012962592802796546
C02_mass_current,S2,temporal_only,0,auroc,0.7576286238451961,0.7577090512443059,-8.042739910973928e-05
C02_mass_current,S2,temporal_only,0,bce,0.4622315209711649,0.4625431322415068,-0.00031161127034190494
C02_mass_current,S2,temporal_only,0,beta_mean,0.0,0.0,0.0
C02_mass_current,S2,temporal_only,0,cf_rmse_age,0.15923105525152037,0.17737380977025632,-0.018142754518735954
C02_mass_current,S2,temporal_only,0,cf_rmse_lag,0.16281247725061118,0.1841185675663441,-0.021306090315732912
C02_mass_current,S2,temporal_only,0,content_free_lambda_rmse,0.8152700622730306,0.8462001275536816,-0.03093006528065101
C02_mass_current,S2,temporal_only,0,delta_bce_beta0,0.0,0.0,0.0
C02_mass_current,S2,temporal_only,0,delta_bce_full_age_shuffle,0.008743877578133608,0.009127816834043345,-0.00038393925590973765
C02_mass_current,S2,temporal_only,0,delta_bce_gate_age_shuffle,0.0,0.0,0.0
C02_mass_current,S2,temporal_only,0,gate_signal_correlation,0.5051472044047793,0.5069727598420358,-0.0018255554372564875
C02_mass_current,S2,temporal_only,0,gate_signal_mae,0.22048483441451414,0.2240479380658084,-0.0035631036512942527
C02_mass_current,S2,temporal_only,0,gate_signal_rmse,0.2634991893273322,0.2643226960635765,-0.0008235067362443171
C02_mass_current,S2,temporal_only,0,surface_rmse,0.20572938747704517,0.2360608001822226,-0.030331412705177446
C02_mass_current,S2,temporal_only,1,abs_beta_mean,0.0,0.0,0.0
C02_mass_current,S2,temporal_only,1,auprc,0.5621399703339884,0.5674003214507193,-0.005260351116730844
C02_mass_current,S2,temporal_only,1,auroc,0.7540796355845281,0.755570027487947,-0.0014903919034189306
C02_mass_current,S2,temporal_only,1,bce,0.4653032700159708,0.4635044210401435,0.0017988489758273274
C02_mass_current,S2,temporal_only,1,beta_mean,0.0,0.0,0.0
C02_mass_current,S2,temporal_only,1,cf_rmse_age,0.1585508173473513,0.17396405535449125,-0.015413238007139951
C02_mass_current,S2,temporal_only,1,cf_rmse_lag,0.16517756705273756,0.162237484371171,0.0029400826815665637
C02_mass_current,S2,temporal_only,1,content_free_lambda_rmse,0.8165522095028982,0.8429634905174476,-0.02641128101454937
C02_mass_current,S2,temporal_only,1,delta_bce_beta0,0.0,0.0,0.0
C02_mass_current,S2,temporal_only,1,delta_bce_full_age_shuffle,0.006802052349461796,0.0075032926381768394,-0.0007012402887150437
C02_mass_current,S2,temporal_only,1,delta_bce_gate_age_shuffle,0.0,0.0,0.0
C02_mass_current,S2,temporal_only,1,gate_signal_correlation,0.5069464899680611,0.5082725943741376,-0.0013261044060765004
C02_mass_current,S2,temporal_only,1,gate_signal_mae,0.21894930927502687,0.22286244140289885,-0.003913132127871977
C02_mass_current,S2,temporal_only,1,gate_signal_rmse,0.2630235586483907,0.26328307109903454,-0.00025951245064381734
C02_mass_current,S2,temporal_only,1,surface_rmse,0.21124778733519373,0.22664136388344427,-0.015393576548250548
C02_mass_current,S2,temporal_only,2,abs_beta_mean,0.0,0.0,0.0
C02_mass_current,S2,temporal_only,2,auprc,0.5551726334575398,0.5671862913335326,-0.012013657875992845
C02_mass_current,S2,temporal_only,2,auroc,0.7515080958320913,0.75589684436392,-0.00438874853182869
C02_mass_current,S2,temporal_only,2,bce,0.4680326798176157,0.4629773214235834,0.005055358394032317
C02_mass_current,S2,temporal_only,2,beta_mean,0.0,0.0,0.0
C02_mass_current,S2,temporal_only,2,cf_rmse_age,0.18538987973867083,0.21153312731528165,-0.026143247576610823
C02_mass_current,S2,temporal_only,2,cf_rmse_lag,0.1538709994889705,0.15597781297180177,-0.00210681348283126
C02_mass_current,S2,temporal_only,2,content_free_lambda_rmse,0.8185873170799772,0.8426389116811625,-0.024051594601185222
C02_mass_current,S2,temporal_only,2,delta_bce_beta0,0.0,0.0,0.0
C02_mass_current,S2,temporal_only,2,delta_bce_full_age_shuffle,0.010924159769893582,0.00915255323077524,0.0017716065391183422
C02_mass_current,S2,temporal_only,2,delta_bce_gate_age_shuffle,0.0,0.0,0.0
C02_mass_current,S2,temporal_only,2,gate_signal_correlation,0.49177169136345794,0.5011019655537643,-0.009330274190306354
C02_mass_current,S2,temporal_only,2,gate_signal_mae,0.2227014082256404,0.22279443497761728,-9.302675197686572e-05
C02_mass_current,S2,temporal_only,2,gate_signal_rmse,0.2677340244582361,0.2650333757573318,0.0027006487009042512
C02_mass_current,S2,temporal_only,2,surface_rmse,0.20772110047256329,0.22209706100468773,-0.014375960532124449
C02_mass_current,S2,temporal_only,3,abs_beta_mean,0.0,0.0,0.0
C02_mass_current,S2,temporal_only,3,auprc,0.5576151926834684,0.56568738890589,-0.008072196222421613
C02_mass_current,S2,temporal_only,3,auroc,0.7516647403106183,0.7544826058214595,-0.0028178655108412887
C02_mass_current,S2,temporal_only,3,bce,0.46730534778691846,0.4638084801549683,0.0034968676319501735
C02_mass_current,S2,temporal_only,3,beta_mean,0.0,0.0,0.0
C02_mass_current,S2,temporal_only,3,cf_rmse_age,0.17433332440659277,0.18178089609638184,-0.007447571689789073
C02_mass_current,S2,temporal_only,3,cf_rmse_lag,0.16084086970361042,0.14119609745874978,0.019644772244860637
C02_mass_current,S2,temporal_only,3,content_free_lambda_rmse,0.8175424423910648,0.8427438732831277,-0.025201430892062948
C02_mass_current,S2,temporal_only,3,delta_bce_beta0,0.0,0.0,0.0
C02_mass_current,S2,temporal_only,3,delta_bce_full_age_shuffle,0.01242941156751437,0.009136741537100257,0.003292670030414113
C02_mass_current,S2,temporal_only,3,delta_bce_gate_age_shuffle,0.0,0.0,0.0
C02_mass_current,S2,temporal_only,3,gate_signal_correlation,0.46885522568731014,0.5040022872879071,-0.03514706160059694
C02_mass_current,S2,temporal_only,3,gate_signal_mae,0.23665790837355863,0.2219824970991041,0.014675411274454542
C02_mass_current,S2,temporal_only,3,gate_signal_rmse,0.28069506016930557,0.26394479013387856,0.016750270035427006
C02_mass_current,S2,temporal_only,3,surface_rmse,0.20666159629464606,0.2119224412814204,-0.005260844986774343
C02_mass_current,S2,temporal_only,4,abs_beta_mean,0.0,0.0,0.0
C02_mass_current,S2,temporal_only,4,auprc,0.5600404085528712,0.5674290378809873,-0.007388629328116125
C02_mass_current,S2,temporal_only,4,auroc,0.7526372359340424,0.7553959658138117,-0.0027587298797693283
C02_mass_current,S2,temporal_only,4,bce,0.4665175373763475,0.4629928646342841,0.003524672742063417
C02_mass_current,S2,temporal_only,4,beta_mean,0.0,0.0,0.0
C02_mass_current,S2,temporal_only,4,cf_rmse_age,0.18161783404173326,0.18794438988640985,-0.00632655584467659
C02_mass_current,S2,temporal_only,4,cf_rmse_lag,0.15230609424822608,0.13439698174809844,0.01790911250012764
C02_mass_current,S2,temporal_only,4,content_free_lambda_rmse,0.8257403608727955,0.8439874329186061,-0.018247072045810664
C02_mass_current,S2,temporal_only,4,delta_bce_beta0,0.0,0.0,0.0
C02_mass_current,S2,temporal_only,4,delta_bce_full_age_shuffle,0.007853762665482544,0.006965216409534125,0.0008885462559484192
C02_mass_current,S2,temporal_only,4,delta_bce_gate_age_shuffle,0.0,0.0,0.0
C02_mass_current,S2,temporal_only,4,gate_signal_correlation,0.5007594158860925,0.501811357725559,-0.0010519418394664415
C02_mass_current,S2,temporal_only,4,gate_signal_mae,0.22209271154742705,0.2257407400110199,-0.003648028463592856
C02_mass_current,S2,temporal_only,4,gate_signal_rmse,0.26474956674065303,0.2663332824803443,-0.0015837157396912938
C02_mass_current,S2,temporal_only,4,surface_rmse,0.21281040615121527,0.22173777321724258,-0.008927367066027314
C02_mass_current,S3,age_temporal,0,abs_beta_mean,0.5971036553382874,0.6379421949386597,-0.040838539600372314
C02_mass_current,S3,age_temporal,0,auprc,0.5137124562334668,0.5326473327447008,-0.018934876511233933
C02_mass_current,S3,age_temporal,0,auroc,0.728576528828799,0.7335163134457783,-0.004939784616979304
C02_mass_current,S3,age_temporal,0,bce,0.4935965362485666,0.48722443750219463,0.006372098746371957
C02_mass_current,S3,age_temporal,0,beta_mean,0.5971036553382874,0.6379421949386597,-0.040838539600372314
C02_mass_current,S3,age_temporal,0,cf_rmse_age,0.11307033473400005,0.11606066146293641,-0.002990326728936357
C02_mass_current,S3,age_temporal,0,cf_rmse_lag,0.1002912569394441,0.08579744876939911,0.014493808170044989
C02_mass_current,S3,age_temporal,0,content_free_lambda_corr,0.9811090272960654,0.9833301426325979,-0.0022211153365324643
C02_mass_current,S3,age_temporal,0,content_free_lambda_rmse,0.6364711693373488,0.6671341319900441,-0.030662962652695303
C02_mass_current,S3,age_temporal,0,delta_bce_beta0,0.001322970569675841,0.008058398779159925,-0.0067354282094840845
C02_mass_current,S3,age_temporal,0,delta_bce_full_age_shuffle,0.012709903859856042,0.022295758820408407,-0.009585854960552365
C02_mass_current,S3,age_temporal,0,delta_bce_gate_age_shuffle,0.002749498441932785,0.012769911226623354,-0.010020412784690569
C02_mass_current,S3,age_temporal,0,gate_signal_correlation,0.6401068581786427,0.7112193035888383,-0.07111244541019568
C02_mass_current,S3,age_temporal,0,gate_signal_mae,0.17767256967137762,0.16270293531396116,0.014969634357416467
C02_mass_current,S3,age_temporal,0,gate_signal_rmse,0.23539072857466178,0.20835977900620867,0.027030949568453116
C02_mass_current,S3,age_temporal,0,surface_rmse,0.1341685944495261,0.135324836877038,-0.0011562424275118888
C02_mass_current,S3,age_temporal,1,abs_beta_mean,0.6276776194572449,0.602067768573761,0.025609850883483887
C02_mass_current,S3,age_temporal,1,auprc,0.5219736143376378,0.5286398731238876,-0.0066662587862498235
C02_mass_current,S3,age_temporal,1,auroc,0.7303556875877447,0.7333393114972376,-0.0029836239094929162
C02_mass_current,S3,age_temporal,1,bce,0.4910743700268243,0.48810483184336595,0.0029695381834583534
C02_mass_current,S3,age_temporal,1,beta_mean,0.6276776194572449,0.602067768573761,0.025609850883483887
C02_mass_current,S3,age_temporal,1,cf_rmse_age,0.12615694609531608,0.1284680112363541,-0.0023110651410380156
C02_mass_current,S3,age_temporal,1,cf_rmse_lag,0.09391232229654697,0.09506922488676724,-0.0011569025902202629
C02_mass_current,S3,age_temporal,1,content_free_lambda_corr,0.9819928583322601,0.9825472702993657,-0.0005544119671055947
C02_mass_current,S3,age_temporal,1,content_free_lambda_rmse,0.6318614904025278,0.6813381885848004,-0.04947669818227263
C02_mass_current,S3,age_temporal,1,delta_bce_beta0,0.001935506565706402,0.006113029600472886,-0.004177523034766484
C02_mass_current,S3,age_temporal,1,delta_bce_full_age_shuffle,0.010939842110285092,0.018570472651031622,-0.00763063054074653
C02_mass_current,S3,age_temporal,1,delta_bce_gate_age_shuffle,0.0034069047219753568,0.009938009820549543,-0.006531105098574186
C02_mass_current,S3,age_temporal,1,gate_signal_correlation,0.6693307142751624,0.6754738188127297,-0.006143104537567279
C02_mass_current,S3,age_temporal,1,gate_signal_mae,0.16740934028925947,0.17509795292919644,-0.007688612639936976
C02_mass_current,S3,age_temporal,1,gate_signal_rmse,0.22237481228975595,0.22629381497945816,-0.003919002689702217
C02_mass_current,S3,age_temporal,1,surface_rmse,0.13615576765207818,0.16690057461050906,-0.030744806958430876
C02_mass_current,S3,age_temporal,2,abs_beta_mean,0.6618631482124329,0.5498735904693604,0.11198955774307251
C02_mass_current,S3,age_temporal,2,auprc,0.515806351982941,0.5300718832813389,-0.014265531298397915
C02_mass_current,S3,age_temporal,2,auroc,0.7285977027713926,0.7325039935257502,-0.003906290754357666
C02_mass_current,S3,age_temporal,2,bce,0.4930664740353852,0.48823594613784477,0.00483052789754046
C02_mass_current,S3,age_temporal,2,beta_mean,0.6618631482124329,0.5498735904693604,0.11198955774307251
C02_mass_current,S3,age_temporal,2,cf_rmse_age,0.12193205775200348,0.12294584201412173,-0.0010137842621182475
C02_mass_current,S3,age_temporal,2,cf_rmse_lag,0.11113139941696387,0.09029600811864452,0.02083539129831935
C02_mass_current,S3,age_temporal,2,content_free_lambda_corr,0.982874895577478,0.9812065022687293,0.0016683933087486835
C02_mass_current,S3,age_temporal,2,content_free_lambda_rmse,0.6239270631065307,0.6962124880761861,-0.0722854249696554
C02_mass_current,S3,age_temporal,2,delta_bce_beta0,0.0023292429077154675,0.006283994742377674,-0.003954751834662207
C02_mass_current,S3,age_temporal,2,delta_bce_full_age_shuffle,0.01544321897347739,0.022795165495692327,-0.007351946522214936
C02_mass_current,S3,age_temporal,2,delta_bce_gate_age_shuffle,0.003469144698351634,0.009337255662967503,-0.005868110964615869
C02_mass_current,S3,age_temporal,2,gate_signal_correlation,0.6855997843282452,0.6904362420433036,-0.004836457715058362
C02_mass_current,S3,age_temporal,2,gate_signal_mae,0.1668026329906116,0.1735009607880281,-0.006698327797416498
C02_mass_current,S3,age_temporal,2,gate_signal_rmse,0.21724546676905726,0.2186381364378518,-0.0013926696687945328
C02_mass_current,S3,age_temporal,2,surface_rmse,0.13849124813206004,0.1492185873425538,-0.010727339210493764
C02_mass_current,S3,age_temporal,3,abs_beta_mean,0.6071552634239197,0.6119155883789062,-0.004760324954986572
C02_mass_current,S3,age_temporal,3,auprc,0.5116089602996806,0.5361274037173259,-0.024518443417645308
C02_mass_current,S3,age_temporal,3,auroc,0.7292926413074764,0.7362714094812015,-0.006978768173725114
C02_mass_current,S3,age_temporal,3,bce,0.49420540692103954,0.4856939847829642,0.00851142213807532
C02_mass_current,S3,age_temporal,3,beta_mean,0.6071552634239197,0.6119155883789062,-0.004760324954986572
C02_mass_current,S3,age_temporal,3,cf_rmse_age,0.1537330778363543,0.17427133545791956,-0.020538257621565276
C02_mass_current,S3,age_temporal,3,cf_rmse_lag,0.10760434587232186,0.1303996869501119,-0.022795341077790035
C02_mass_current,S3,age_temporal,3,content_free_lambda_corr,0.9815511225568047,0.9827643225226214,-0.0012131999658167025
C02_mass_current,S3,age_temporal,3,content_free_lambda_rmse,0.6398287805203636,0.67741065450099,-0.0375818739806264
C02_mass_current,S3,age_temporal,3,delta_bce_beta0,0.001719037402924506,0.007254440371506854,-0.005535402968582348
C02_mass_current,S3,age_temporal,3,delta_bce_full_age_shuffle,0.01165630062044154,0.01768165188571269,-0.0060253512652711505
C02_mass_current,S3,age_temporal,3,delta_bce_gate_age_shuffle,0.003144776868285848,0.011474082524097873,-0.008329305655812025
C02_mass_current,S3,age_temporal,3,gate_signal_correlation,0.6244545958231226,0.7123368955511137,-0.08788229972799111
C02_mass_current,S3,age_temporal,3,gate_signal_mae,0.18560057905511795,0.16548698615121796,0.020113592903899996
C02_mass_current,S3,age_temporal,3,gate_signal_rmse,0.2447482650119937,0.20889886506907535,0.03584939994291836
C02_mass_current,S3,age_temporal,3,surface_rmse,0.1533860526817138,0.21624419922922186,-0.06285814654750807
C02_mass_current,S3,age_temporal,4,abs_beta_mean,0.5698363184928894,0.5829879641532898,-0.01315164566040039
C02_mass_current,S3,age_temporal,4,auprc,0.5203663629217306,0.5253611581550321,-0.004994795233301597
C02_mass_current,S3,age_temporal,4,auroc,0.7316661314828905,0.7319174324301306,-0.0002513009472401295
C02_mass_current,S3,age_temporal,4,bce,0.4915349024257906,0.4897460632997194,0.0017888391260711956
C02_mass_current,S3,age_temporal,4,beta_mean,0.5698363184928894,0.5829879641532898,-0.01315164566040039
C02_mass_current,S3,age_temporal,4,cf_rmse_age,0.13679118427761014,0.12718159824630276,0.009609586031307377
C02_mass_current,S3,age_temporal,4,cf_rmse_lag,0.1069796628454557,0.0988402295274539,0.008139433318001793
C02_mass_current,S3,age_temporal,4,content_free_lambda_corr,0.9807680720203505,0.9819707581670871,-0.0012026861467365757
C02_mass_current,S3,age_temporal,4,content_free_lambda_rmse,0.6557347759234766,0.6832347773852947,-0.02750000146181808
C02_mass_current,S3,age_temporal,4,delta_bce_beta0,0.0014813107185485674,0.006502716635346628,-0.005021405916798061
C02_mass_current,S3,age_temporal,4,delta_bce_full_age_shuffle,0.011784461976521443,0.020386240880757966,-0.008601778904236523
C02_mass_current,S3,age_temporal,4,delta_bce_gate_age_shuffle,0.0022836159225837482,0.010077773738828955,-0.007794157816245206
C02_mass_current,S3,age_temporal,4,gate_signal_correlation,0.6427942887005575,0.6867565264378923,-0.043962237737334764
C02_mass_current,S3,age_temporal,4,gate_signal_mae,0.1793144675634764,0.17277424500303518,0.006540222560441233
C02_mass_current,S3,age_temporal,4,gate_signal_rmse,0.23520961965188472,0.22133661861902024,0.013873001032864485
C02_mass_current,S3,age_temporal,4,surface_rmse,0.15207776489102132,0.15035266242736883,0.0017251024636524837
C02_mass_current,S3,matched,0,delta_auprc_at_minus_to,0.002289698382732963,0.011015962793962664,-0.0087262644112297
C02_mass_current,S3,matched,0,delta_auroc_at_minus_to,0.0014519814887552496,0.0034715404548417705,-0.002019558966086521
C02_mass_current,S3,matched,0,delta_bce_to_minus_at,0.0008587328372423597,0.004519074516300237,-0.003660341679057877
C02_mass_current,S3,matched,1,delta_auprc_at_minus_to,0.0038465961182777564,0.010012412430804418,-0.006165816312526662
C02_mass_current,S3,matched,1,delta_auroc_at_minus_to,0.0014658818101489501,0.003020566248745249,-0.0015546844385962988
C02_mass_current,S3,matched,1,delta_bce_to_minus_at,0.0014510344788914442,0.004001850591326683,-0.002550816112435239
C02_mass_current,S3,matched,2,delta_auprc_at_minus_to,0.005368601138412865,0.010823017146969871,-0.005454416008557006
C02_mass_current,S3,matched,2,delta_auroc_at_minus_to,0.0016804948252739926,0.0034475656108131636,-0.001767070785539171
C02_mass_current,S3,matched,2,delta_bce_to_minus_at,0.0015350513678174527,0.004544821021969236,-0.0030097696541517838
C02_mass_current,S3,matched,3,delta_auprc_at_minus_to,0.001108984997108542,0.011292740097252119,-0.010183755100143577
C02_mass_current,S3,matched,3,delta_auroc_at_minus_to,0.0011513885529436108,0.004068423211457839,-0.002917034658514228
C02_mass_current,S3,matched,3,delta_bce_to_minus_at,0.0004480329312178677,0.0047703589072232155,-0.004322325976005348
C02_mass_current,S3,matched,4,delta_auprc_at_minus_to,0.0024902298574585036,0.01117895101350641,-0.008688721156047907
C02_mass_current,S3,matched,4,delta_auroc_at_minus_to,0.0005544476461245562,0.005503051710528117,-0.004948604064403561
C02_mass_current,S3,matched,4,delta_bce_to_minus_at,0.0006752128555911341,0.0044284793125844435,-0.0037532664569933094
C02_mass_current,S3,temporal_only,0,abs_beta_mean,0.0,0.0,0.0
C02_mass_current,S3,temporal_only,0,auprc,0.5114227578507339,0.5216313699507381,-0.010208612100004233
C02_mass_current,S3,temporal_only,0,auroc,0.7271245473400437,0.7300447729909365,-0.0029202256508927826
C02_mass_current,S3,temporal_only,0,bce,0.49445526908580895,0.49174351201849487,0.00271175706731408
C02_mass_current,S3,temporal_only,0,beta_mean,0.0,0.0,0.0
C02_mass_current,S3,temporal_only,0,cf_rmse_age,0.11462451277058854,0.13165706924189888,-0.017032556471310342
C02_mass_current,S3,temporal_only,0,cf_rmse_lag,0.1081184172011831,0.08871319993757107,0.019405217263612037
C02_mass_current,S3,temporal_only,0,content_free_lambda_rmse,0.8181208844433925,0.8446238120267366,-0.02650292758334416
C02_mass_current,S3,temporal_only,0,delta_bce_beta0,0.0,0.0,0.0
C02_mass_current,S3,temporal_only,0,delta_bce_full_age_shuffle,0.00952410602673992,0.009376257387607612,0.0001478486391323086
C02_mass_current,S3,temporal_only,0,delta_bce_gate_age_shuffle,0.0,0.0,0.0
C02_mass_current,S3,temporal_only,0,gate_signal_correlation,0.48524751398967403,0.48565514142147426,-0.0004076274318002282
C02_mass_current,S3,temporal_only,0,gate_signal_mae,0.21995053472454149,0.22380085849561673,-0.003850323771075248
C02_mass_current,S3,temporal_only,0,gate_signal_rmse,0.2702155280127229,0.2735857891049966,-0.003370261092273674
C02_mass_current,S3,temporal_only,0,surface_rmse,0.14226176064225743,0.14740168905242296,-0.0051399284101655285
C02_mass_current,S3,temporal_only,1,abs_beta_mean,0.0,0.0,0.0
C02_mass_current,S3,temporal_only,1,auprc,0.51812701821936,0.5186274606930832,-0.0005004424737231616
C02_mass_current,S3,temporal_only,1,auroc,0.7288898057775958,0.7303187452484924,-0.0014289394708966174
C02_mass_current,S3,temporal_only,1,bce,0.49252540450571575,0.49210668243469263,0.0004187220710231143
C02_mass_current,S3,temporal_only,1,beta_mean,0.0,0.0,0.0
C02_mass_current,S3,temporal_only,1,cf_rmse_age,0.12925929553463847,0.12638658437210373,0.0028727111625347357
C02_mass_current,S3,temporal_only,1,cf_rmse_lag,0.09704900508523732,0.09540417221367195,0.0016448328715653743
C02_mass_current,S3,temporal_only,1,content_free_lambda_rmse,0.8202483071268784,0.8449056229528263,-0.02465731582594799
C02_mass_current,S3,temporal_only,1,delta_bce_beta0,0.0,0.0,0.0
C02_mass_current,S3,temporal_only,1,delta_bce_full_age_shuffle,0.0075374025359305485,0.007643986785702717,-0.00010658424977216807
C02_mass_current,S3,temporal_only,1,delta_bce_gate_age_shuffle,0.0,0.0,0.0
C02_mass_current,S3,temporal_only,1,gate_signal_correlation,0.5002825028383279,0.47643099737292194,0.02385150546540593
C02_mass_current,S3,temporal_only,1,gate_signal_mae,0.21541170082413308,0.22953904204420675,-0.01412734122007367
C02_mass_current,S3,temporal_only,1,gate_signal_rmse,0.26340078213055995,0.28044529005308716,-0.017044507922527208
C02_mass_current,S3,temporal_only,1,surface_rmse,0.14635127596541833,0.16834549926456685,-0.02199422329914852
C02_mass_current,S3,temporal_only,2,abs_beta_mean,0.0,0.0,0.0
C02_mass_current,S3,temporal_only,2,auprc,0.5104377508445281,0.519248866134369,-0.00881111528984091
C02_mass_current,S3,temporal_only,2,auroc,0.7269172079461186,0.7290564279149371,-0.0021392199688184954
C02_mass_current,S3,temporal_only,2,bce,0.4946015254032027,0.492780767159814,0.001820758243388676
C02_mass_current,S3,temporal_only,2,beta_mean,0.0,0.0,0.0
C02_mass_current,S3,temporal_only,2,cf_rmse_age,0.12294297594023718,0.12710381325262518,-0.004160837312388005
C02_mass_current,S3,temporal_only,2,cf_rmse_lag,0.11365201742444617,0.0987527474458358,0.014899269978610366
C02_mass_current,S3,temporal_only,2,content_free_lambda_rmse,0.8216320494868857,0.8442763561680136,-0.022644306681127824
C02_mass_current,S3,temporal_only,2,delta_bce_beta0,0.0,0.0,0.0
C02_mass_current,S3,temporal_only,2,delta_bce_full_age_shuffle,0.011652434612738016,0.011647029998739455,5.404613998560848e-06
C02_mass_current,S3,temporal_only,2,delta_bce_gate_age_shuffle,0.0,0.0,0.0
C02_mass_current,S3,temporal_only,2,gate_signal_correlation,0.49663666574892806,0.48723055643509694,0.009406109313831124
C02_mass_current,S3,temporal_only,2,gate_signal_mae,0.21714151135666065,0.22771050395816106,-0.010568992601500404
C02_mass_current,S3,temporal_only,2,gate_signal_rmse,0.265434077363235,0.2768773955112718,-0.011443318148036785
C02_mass_current,S3,temporal_only,2,surface_rmse,0.1471846612457044,0.159020858801684,-0.011836197555979616
C02_mass_current,S3,temporal_only,3,abs_beta_mean,0.0,0.0,0.0
C02_mass_current,S3,temporal_only,3,auprc,0.5104999753025721,0.5248346636200738,-0.014334688317501731
C02_mass_current,S3,temporal_only,3,auroc,0.7281412527545328,0.7322029862697437,-0.004061733515210886
C02_mass_current,S3,temporal_only,3,bce,0.4946534398522574,0.49046434369018743,0.004189096162069972
C02_mass_current,S3,temporal_only,3,beta_mean,0.0,0.0,0.0
C02_mass_current,S3,temporal_only,3,cf_rmse_age,0.15541810636782208,0.1677658125192229,-0.012347706151400822
C02_mass_current,S3,temporal_only,3,cf_rmse_lag,0.10610574600642915,0.13191660763387578,-0.025810861627446627
C02_mass_current,S3,temporal_only,3,content_free_lambda_rmse,0.8210495243747337,0.8452283545590361,-0.024178830184302447
C02_mass_current,S3,temporal_only,3,delta_bce_beta0,0.0,0.0,0.0
C02_mass_current,S3,temporal_only,3,delta_bce_full_age_shuffle,0.008884211346145698,0.008836378738868389,4.7832607277309425e-05
C02_mass_current,S3,temporal_only,3,delta_bce_gate_age_shuffle,0.0,0.0,0.0
C02_mass_current,S3,temporal_only,3,gate_signal_correlation,0.4939216741784789,0.49855495136439837,-0.004633277185919493
C02_mass_current,S3,temporal_only,3,gate_signal_mae,0.21897892591622664,0.22221492310831875,-0.0032359971920921105
C02_mass_current,S3,temporal_only,3,gate_signal_rmse,0.2672078816083352,0.2691797801957582,-0.0019718985874230266
C02_mass_current,S3,temporal_only,3,surface_rmse,0.16077876476566866,0.21707777141272036,-0.0562990066470517
C02_mass_current,S3,temporal_only,4,abs_beta_mean,0.0,0.0,0.0
C02_mass_current,S3,temporal_only,4,auprc,0.517876133064272,0.5141822071415257,0.0036939259227463106
C02_mass_current,S3,temporal_only,4,auroc,0.731111683836766,0.7264143807196025,0.004697303117163432
C02_mass_current,S3,temporal_only,4,bce,0.49221011528138175,0.49417454261230387,-0.001964427330922114
C02_mass_current,S3,temporal_only,4,beta_mean,0.0,0.0,0.0
C02_mass_current,S3,temporal_only,4,cf_rmse_age,0.141012301134149,0.14476478873374138,-0.0037524875995923745
C02_mass_current,S3,temporal_only,4,cf_rmse_lag,0.1091764260692531,0.1147622276315806,-0.005585801562327505
C02_mass_current,S3,temporal_only,4,content_free_lambda_rmse,0.8232617665335655,0.8425353541600483,-0.01927358762648279
C02_mass_current,S3,temporal_only,4,delta_bce_beta0,0.0,0.0,0.0
C02_mass_current,S3,temporal_only,4,delta_bce_full_age_shuffle,0.008954630293326049,0.009056919754683035,-0.0001022894613569858
C02_mass_current,S3,temporal_only,4,delta_bce_gate_age_shuffle,0.0,0.0,0.0
C02_mass_current,S3,temporal_only,4,gate_signal_correlation,0.49038343265184664,0.4826972056371729,0.007686227014673752
C02_mass_current,S3,temporal_only,4,gate_signal_mae,0.22172943138417575,0.22933379284300542,-0.007604361458829673
C02_mass_current,S3,temporal_only,4,gate_signal_rmse,0.2708530868216705,0.2794839702770729,-0.008630883455402416
C02_mass_current,S3,temporal_only,4,surface_rmse,0.16189745309834633,0.16667019472094116,-0.004772741622594834
C03_weak_lambda_init,S0,age_temporal,0,abs_beta_mean,0.049416687339544296,0.04978904128074646,-0.0003723539412021637
C03_weak_lambda_init,S0,age_temporal,0,auprc,0.5257985766720946,0.5296080665494216,-0.003809489877326988
C03_weak_lambda_init,S0,age_temporal,0,auroc,0.7290638273685808,0.7334018081536009,-0.0043379807850201235
C03_weak_lambda_init,S0,age_temporal,0,bce,0.4824724758568397,0.4806428490322751,0.001829626824564612
C03_weak_lambda_init,S0,age_temporal,0,beta_mean,0.049416687339544296,0.04978904128074646,-0.0003723539412021637
C03_weak_lambda_init,S0,age_temporal,0,cf_rmse_age,0.1187296304428634,0.08308225857201237,0.03564737187085103
C03_weak_lambda_init,S0,age_temporal,0,cf_rmse_lag,0.1128963457837204,0.11640719659928514,-0.0035108508155647367
C03_weak_lambda_init,S0,age_temporal,0,content_free_lambda_rmse,0.5842839736287805,0.031856281330717835,0.5524276922980627
C03_weak_lambda_init,S0,age_temporal,0,delta_bce_beta0,4.206155267916234e-05,8.668917983567503e-06,3.3392634695594836e-05
C03_weak_lambda_init,S0,age_temporal,0,delta_bce_full_age_shuffle,0.006051717268378776,0.005402318749690327,0.0006493985186884488
C03_weak_lambda_init,S0,age_temporal,0,delta_bce_gate_age_shuffle,8.964478564310596e-05,8.281515396046935e-05,6.8296316826366166e-06
C03_weak_lambda_init,S0,age_temporal,0,gate_signal_correlation,0.9398025144963271,0.8942223610434816,0.045580153452845495
C03_weak_lambda_init,S0,age_temporal,0,gate_signal_mae,0.050534898918425046,0.058537998327670156,-0.00800309940924511
C03_weak_lambda_init,S0,age_temporal,0,gate_signal_rmse,0.07904223916233277,0.10231461241529326,-0.023272373252960485
C03_weak_lambda_init,S0,age_temporal,0,surface_rmse,0.14305269867335366,0.1503116762195039,-0.007258977546150236
C03_weak_lambda_init,S0,age_temporal,1,abs_beta_mean,0.027584804221987724,0.011464101262390614,0.01612070295959711
C03_weak_lambda_init,S0,age_temporal,1,auprc,0.5260311927583229,0.5268778885349943,-0.0008466957766714023
C03_weak_lambda_init,S0,age_temporal,1,auroc,0.7302248814556249,0.731115848292132,-0.0008909668365071344
C03_weak_lambda_init,S0,age_temporal,1,bce,0.4823873093368642,0.482053698864931,0.0003336104719331989
C03_weak_lambda_init,S0,age_temporal,1,beta_mean,0.027584804221987724,0.011464101262390614,0.01612070295959711
C03_weak_lambda_init,S0,age_temporal,1,cf_rmse_age,0.12966138794683937,0.10960712533862747,0.0200542626082119
C03_weak_lambda_init,S0,age_temporal,1,cf_rmse_lag,0.11883629924426126,0.12693664121579312,-0.008100341971531866
C03_weak_lambda_init,S0,age_temporal,1,content_free_lambda_rmse,0.5836946765235614,0.03935393863867239,0.544340737884889
C03_weak_lambda_init,S0,age_temporal,1,delta_bce_beta0,-1.7573379062552075e-05,-1.25439318526821e-05,-5.029447209869975e-06
C03_weak_lambda_init,S0,age_temporal,1,delta_bce_full_age_shuffle,0.004316163055386457,0.0025570379784510266,0.0017591250769354305
C03_weak_lambda_init,S0,age_temporal,1,delta_bce_gate_age_shuffle,5.282799607209121e-06,-5.97453501538503e-06,1.125733462259415e-05
C03_weak_lambda_init,S0,age_temporal,1,gate_signal_correlation,0.9260897875448725,0.9259799889673047,0.00010979857756776568
C03_weak_lambda_init,S0,age_temporal,1,gate_signal_mae,0.05144094282077232,0.050731986746074535,0.0007089560746977863
C03_weak_lambda_init,S0,age_temporal,1,gate_signal_rmse,0.08396506504047462,0.08456179356108491,-0.0005967285206102957
C03_weak_lambda_init,S0,age_temporal,1,surface_rmse,0.15345349676543882,0.15367456751097977,-0.00022107074554095218
C03_weak_lambda_init,S0,age_temporal,2,abs_beta_mean,0.00417720852419734,0.020279379561543465,-0.016102171037346125
C03_weak_lambda_init,S0,age_temporal,2,auprc,0.5273290773040498,0.5238882520896395,0.003440825214410248
C03_weak_lambda_init,S0,age_temporal,2,auroc,0.7314054721991545,0.7303670482020509,0.0010384239971036324
C03_weak_lambda_init,S0,age_temporal,2,bce,0.48159762582155674,0.4830817318863371,-0.0014841060647803328
C03_weak_lambda_init,S0,age_temporal,2,beta_mean,0.00417720852419734,-0.020279379561543465,0.024456588085740805
C03_weak_lambda_init,S0,age_temporal,2,cf_rmse_age,0.1400674299821364,0.09858325932001033,0.04148417066212606
C03_weak_lambda_init,S0,age_temporal,2,cf_rmse_lag,0.13566557510148675,0.13534132815383793,0.0003242469476488208
C03_weak_lambda_init,S0,age_temporal,2,content_free_lambda_rmse,0.5838421259501184,0.03375464789357015,0.5500874780565482
C03_weak_lambda_init,S0,age_temporal,2,delta_bce_beta0,-2.6744023436386932e-06,3.1312002447547727e-05,-3.398640479118642e-05
C03_weak_lambda_init,S0,age_temporal,2,delta_bce_full_age_shuffle,0.007324509076565566,0.005448884099637563,0.0018756249769280031
C03_weak_lambda_init,S0,age_temporal,2,delta_bce_gate_age_shuffle,2.1328852077284743e-06,1.4039961121481426e-05,-1.1907075913752951e-05
C03_weak_lambda_init,S0,age_temporal,2,gate_signal_correlation,0.9357111375766558,0.8560636309164751,0.07964750666018072
C03_weak_lambda_init,S0,age_temporal,2,gate_signal_mae,0.04952524700093159,0.06581166671629682,-0.01628641971536523
C03_weak_lambda_init,S0,age_temporal,2,gate_signal_rmse,0.07727707126144973,0.12351198989778926,-0.046234918636339536
C03_weak_lambda_init,S0,age_temporal,2,surface_rmse,0.17297987579888693,0.16429447406673842,0.008685401732148518
C03_weak_lambda_init,S0,age_temporal,3,abs_beta_mean,0.03677166625857353,0.03535430505871773,0.0014173611998558044
C03_weak_lambda_init,S0,age_temporal,3,auprc,0.5294164174154408,0.5279717138257447,0.0014447035896960614
C03_weak_lambda_init,S0,age_temporal,3,auroc,0.7331839090672372,0.732108261569415,0.0010756474978221853
C03_weak_lambda_init,S0,age_temporal,3,bce,0.48132958323165764,0.4819322606840814,-0.000602677452423761
C03_weak_lambda_init,S0,age_temporal,3,beta_mean,0.03677166625857353,0.03535430505871773,0.0014173611998558044
C03_weak_lambda_init,S0,age_temporal,3,cf_rmse_age,0.1500899228602547,0.11860078629085011,0.03148913656940458
C03_weak_lambda_init,S0,age_temporal,3,cf_rmse_lag,0.12327380601551337,0.11825170749435876,0.005022098521154608
C03_weak_lambda_init,S0,age_temporal,3,content_free_lambda_rmse,0.5833478567035862,0.035060183566991907,0.5482876731365943
C03_weak_lambda_init,S0,age_temporal,3,delta_bce_beta0,1.324509927963513e-05,1.9773450585791608e-06,1.126775422105597e-05
C03_weak_lambda_init,S0,age_temporal,3,delta_bce_full_age_shuffle,0.007073576645878543,0.005476744411670453,0.0015968322342080898
C03_weak_lambda_init,S0,age_temporal,3,delta_bce_gate_age_shuffle,7.50888239731129e-05,2.184771361252169e-05,5.3241110360591204e-05
C03_weak_lambda_init,S0,age_temporal,3,gate_signal_correlation,0.9086545704802999,0.9052954838709347,0.003359086609365125
C03_weak_lambda_init,S0,age_temporal,3,gate_signal_mae,0.054525762100443805,0.05469462765413096,-0.00016886555368715583
C03_weak_lambda_init,S0,age_temporal,3,gate_signal_rmse,0.09357686513017763,0.09765861700776518,-0.004081751877587553
C03_weak_lambda_init,S0,age_temporal,3,surface_rmse,0.1628670997445647,0.1509623955451689,0.011904704199395794
C03_weak_lambda_init,S0,age_temporal,4,abs_beta_mean,0.0021175313740968704,0.0031639905646443367,-0.0010464591905474663
C03_weak_lambda_init,S0,age_temporal,4,auprc,0.5222913173419333,0.5261686705117078,-0.0038773531697744446
C03_weak_lambda_init,S0,age_temporal,4,auroc,0.7281255375940496,0.7316953062565781,-0.0035697686625284497
C03_weak_lambda_init,S0,age_temporal,4,bce,0.48315926249333574,0.48151061692912545,0.0016486455642102937
C03_weak_lambda_init,S0,age_temporal,4,beta_mean,-0.0021175313740968704,0.0031639905646443367,-0.005281521938741207
C03_weak_lambda_init,S0,age_temporal,4,cf_rmse_age,0.1275566779730768,0.08286302774714167,0.04469365022593512
C03_weak_lambda_init,S0,age_temporal,4,cf_rmse_lag,0.12484837877948617,0.11139740683119081,0.013450971948295351
C03_weak_lambda_init,S0,age_temporal,4,content_free_lambda_rmse,0.5852172390483311,0.03074675207583242,0.5544704869724987
C03_weak_lambda_init,S0,age_temporal,4,delta_bce_beta0,4.433442163387369e-08,-2.357533042340876e-06,2.4018674639747495e-06
C03_weak_lambda_init,S0,age_temporal,4,delta_bce_full_age_shuffle,0.0070684230281118365,0.005946130476437661,0.0011222925516741755
C03_weak_lambda_init,S0,age_temporal,4,delta_bce_gate_age_shuffle,-1.9629335470949805e-06,9.725543985150686e-07,-2.935487945610049e-06
C03_weak_lambda_init,S0,age_temporal,4,gate_signal_correlation,0.8750792193576074,0.8706569702352823,0.004422249122325028
C03_weak_lambda_init,S0,age_temporal,4,gate_signal_mae,0.06385032837381574,0.06004317724737618,0.003807151126439562
C03_weak_lambda_init,S0,age_temporal,4,gate_signal_rmse,0.11505158501511732,0.11501639806420964,3.518695090767854e-05
C03_weak_lambda_init,S0,age_temporal,4,surface_rmse,0.15898887753667812,0.14514842713951528,0.013840450397162835
C03_weak_lambda_init,S0,matched,0,delta_auprc_at_minus_to,4.0808006558701315e-05,-6.648490076321956e-05,0.00010729290732192087
C03_weak_lambda_init,S0,matched,0,delta_auroc_at_minus_to,3.215301138692617e-05,3.461861318720949e-05,-2.4656018002833235e-06
C03_weak_lambda_init,S0,matched,0,delta_bce_to_minus_at,3.846134944451851e-05,1.1285860192111752e-05,2.717548925240676e-05
C03_weak_lambda_init,S0,matched,1,delta_auprc_at_minus_to,0.00011266430598566579,-0.00035540028214253727,0.00046806458812820306
C03_weak_lambda_init,S0,matched,1,delta_auroc_at_minus_to,6.929831660740238e-05,-4.247237353061095e-05,0.00011177069013801333
C03_weak_lambda_init,S0,matched,1,delta_bce_to_minus_at,3.36839853173343e-05,-0.00017155527440210205,0.00020523925971943635
C03_weak_lambda_init,S0,matched,2,delta_auprc_at_minus_to,4.021349398619645e-05,-4.299376821115253e-06,4.45128708073117e-05
C03_weak_lambda_init,S0,matched,2,delta_auroc_at_minus_to,5.353703651578279e-05,-2.638609339988829e-05,7.992312991567108e-05
C03_weak_lambda_init,S0,matched,2,delta_bce_to_minus_at,2.4888919961885136e-05,-5.310887438658707e-06,3.0199807400543843e-05
C03_weak_lambda_init,S0,matched,3,delta_auprc_at_minus_to,4.180578975265803e-05,0.0010286741618541484,-0.0009868683721014904
C03_weak_lambda_init,S0,matched,3,delta_auroc_at_minus_to,4.6181772472952964e-05,0.0013562251631549227,-0.0013100433906819697
C03_weak_lambda_init,S0,matched,3,delta_bce_to_minus_at,6.464544012813045e-05,-7.186558560184908e-05,0.00013651102572997953
C03_weak_lambda_init,S0,matched,4,delta_auprc_at_minus_to,-6.737373645648859e-07,8.312491931339316e-06,-8.986229295904202e-06
C03_weak_lambda_init,S0,matched,4,delta_auroc_at_minus_to,-1.2205828536115959e-05,4.471805049144351e-06,-1.667763358526031e-05
C03_weak_lambda_init,S0,matched,4,delta_bce_to_minus_at,-1.002632107516277e-05,3.322340479228192e-06,-1.3348661554390961e-05
C03_weak_lambda_init,S0,temporal_only,0,abs_beta_mean,0.0,0.0,0.0
C03_weak_lambda_init,S0,temporal_only,0,auprc,0.5257577686655359,0.5296745514501848,-0.003916782784648909
C03_weak_lambda_init,S0,temporal_only,0,auroc,0.7290316743571938,0.7333671895404137,-0.00433551518321984
C03_weak_lambda_init,S0,temporal_only,0,bce,0.48251093720628424,0.4806541348924672,0.0018568023138170187
C03_weak_lambda_init,S0,temporal_only,0,beta_mean,0.0,0.0,0.0
C03_weak_lambda_init,S0,temporal_only,0,cf_rmse_age,0.11857220776952737,0.08414547823781746,0.034426729531709915
C03_weak_lambda_init,S0,temporal_only,0,cf_rmse_lag,0.11253442873878158,0.11527290838970335,-0.002738479650921763
C03_weak_lambda_init,S0,temporal_only,0,content_free_lambda_rmse,0.5842371936467411,0.02869981336863059,0.5555373802781105
C03_weak_lambda_init,S0,temporal_only,0,delta_bce_beta0,0.0,0.0,0.0
C03_weak_lambda_init,S0,temporal_only,0,delta_bce_full_age_shuffle,0.0060729194580260715,0.005448421935103198,0.0006244975229228733
C03_weak_lambda_init,S0,temporal_only,0,delta_bce_gate_age_shuffle,0.0,0.0,0.0
C03_weak_lambda_init,S0,temporal_only,0,gate_signal_correlation,0.9401319739360815,0.8944071110982615,0.04572486283781996
C03_weak_lambda_init,S0,temporal_only,0,gate_signal_mae,0.05036411599141172,0.05841725569190165,-0.00805313970048993
C03_weak_lambda_init,S0,temporal_only,0,gate_signal_rmse,0.07888667680541855,0.10242814526854555,-0.02354146846312699
C03_weak_lambda_init,S0,temporal_only,0,surface_rmse,0.1426346447617215,0.14982460786457688,-0.0071899631028553845
C03_weak_lambda_init,S0,temporal_only,1,abs_beta_mean,0.0,0.0,0.0
C03_weak_lambda_init,S0,temporal_only,1,auprc,0.5259185284523372,0.5272332888171368,-0.0013147603647996053
C03_weak_lambda_init,S0,temporal_only,1,auroc,0.7301555831390175,0.7311583206656627,-0.0010027375266451477
C03_weak_lambda_init,S0,temporal_only,1,bce,0.4824209933221815,0.4818821435905289,0.0005388497316526353
C03_weak_lambda_init,S0,temporal_only,1,beta_mean,0.0,0.0,0.0
C03_weak_lambda_init,S0,temporal_only,1,cf_rmse_age,0.1300785691258056,0.10981046715243505,0.020268101973370548
C03_weak_lambda_init,S0,temporal_only,1,cf_rmse_lag,0.11922605091215381,0.12656025686406394,-0.0073342059519101305
C03_weak_lambda_init,S0,temporal_only,1,content_free_lambda_rmse,0.5836152713325741,0.03921836424143332,0.5443969070911407
C03_weak_lambda_init,S0,temporal_only,1,delta_bce_beta0,0.0,0.0,0.0
C03_weak_lambda_init,S0,temporal_only,1,delta_bce_full_age_shuffle,0.004307591939007538,0.0025488615066479037,0.0017587304323596342
C03_weak_lambda_init,S0,temporal_only,1,delta_bce_gate_age_shuffle,0.0,0.0,0.0
C03_weak_lambda_init,S0,temporal_only,1,gate_signal_correlation,0.9257785268626141,0.926111351452864,-0.00033282459024996935
C03_weak_lambda_init,S0,temporal_only,1,gate_signal_mae,0.051522553575568744,0.0507204262482169,0.0008021273273518467
C03_weak_lambda_init,S0,temporal_only,1,gate_signal_rmse,0.08418885233877314,0.08421856293218988,-2.9710593416734654e-05
C03_weak_lambda_init,S0,temporal_only,1,surface_rmse,0.1535164439681296,0.1531521984556662,0.0003642455124634181
C03_weak_lambda_init,S0,temporal_only,2,abs_beta_mean,0.0,0.0,0.0
C03_weak_lambda_init,S0,temporal_only,2,auprc,0.5272888638100636,0.5238925514664606,0.0033963123436029363
C03_weak_lambda_init,S0,temporal_only,2,auroc,0.7313519351626387,0.7303934342954508,0.0009585008671879613
C03_weak_lambda_init,S0,temporal_only,2,bce,0.4816225147415186,0.4830764209988984,-0.001453906257379789
C03_weak_lambda_init,S0,temporal_only,2,beta_mean,0.0,0.0,0.0
C03_weak_lambda_init,S0,temporal_only,2,cf_rmse_age,0.14023525738135903,0.09913553635485707,0.04109972102650196
C03_weak_lambda_init,S0,temporal_only,2,cf_rmse_lag,0.13583621255901057,0.13577891931022554,5.729324878503417e-05
C03_weak_lambda_init,S0,temporal_only,2,content_free_lambda_rmse,0.5838380958464863,0.03327709245951194,0.5505610033869743
C03_weak_lambda_init,S0,temporal_only,2,delta_bce_beta0,0.0,0.0,0.0
C03_weak_lambda_init,S0,temporal_only,2,delta_bce_full_age_shuffle,0.0073090772542641624,0.00550750129427291,0.0018015759599912529
C03_weak_lambda_init,S0,temporal_only,2,delta_bce_gate_age_shuffle,0.0,0.0,0.0
C03_weak_lambda_init,S0,temporal_only,2,gate_signal_correlation,0.9356658567565894,0.8566828732602048,0.07898298349638466
C03_weak_lambda_init,S0,temporal_only,2,gate_signal_mae,0.049517883176428724,0.0657725230570137,-0.016254639880584974
C03_weak_lambda_init,S0,temporal_only,2,gate_signal_rmse,0.0773005274235868,0.12317083620847916,-0.04587030878489236
C03_weak_lambda_init,S0,temporal_only,2,surface_rmse,0.1731404399155523,0.16478229224284469,0.008358147672707622
C03_weak_lambda_init,S0,temporal_only,3,abs_beta_mean,0.0,0.0,0.0
C03_weak_lambda_init,S0,temporal_only,3,auprc,0.5293746116256881,0.5269430396638906,0.0024315719617975518
C03_weak_lambda_init,S0,temporal_only,3,auroc,0.7331377272947642,0.7307520364062601,0.002385690888504155
C03_weak_lambda_init,S0,temporal_only,3,bce,0.4813942286717858,0.48186039509847955,-0.0004661664266937815
C03_weak_lambda_init,S0,temporal_only,3,beta_mean,0.0,0.0,0.0
C03_weak_lambda_init,S0,temporal_only,3,cf_rmse_age,0.1472347921854709,0.11313308421402934,0.03410170797144155
C03_weak_lambda_init,S0,temporal_only,3,cf_rmse_lag,0.1220229314931968,0.11800553722134975,0.004017394271847052
C03_weak_lambda_init,S0,temporal_only,3,content_free_lambda_rmse,0.5832561831501246,0.03146529007227438,0.5517908930778502
C03_weak_lambda_init,S0,temporal_only,3,delta_bce_beta0,0.0,0.0,0.0
C03_weak_lambda_init,S0,temporal_only,3,delta_bce_full_age_shuffle,0.006991071069798682,0.005620222900700744,0.001370848169097938
C03_weak_lambda_init,S0,temporal_only,3,delta_bce_gate_age_shuffle,0.0,0.0,0.0
C03_weak_lambda_init,S0,temporal_only,3,gate_signal_correlation,0.9098833108512275,0.8883809744941378,0.021502336357089757
C03_weak_lambda_init,S0,temporal_only,3,gate_signal_mae,0.054243676035558734,0.05808107748336999,-0.0038374014478112575
C03_weak_lambda_init,S0,temporal_only,3,gate_signal_rmse,0.0930873109169439,0.10504304175008819,-0.011955730833144287
C03_weak_lambda_init,S0,temporal_only,3,surface_rmse,0.16165209247587276,0.14902255691470706,0.012629535561165695
C03_weak_lambda_init,S0,temporal_only,4,abs_beta_mean,0.0,0.0,0.0
C03_weak_lambda_init,S0,temporal_only,4,auprc,0.5222919910792979,0.5261603580197765,-0.0038683669404785404
C03_weak_lambda_init,S0,temporal_only,4,auroc,0.7281377434225857,0.7316908344515289,-0.0035530910289431894
C03_weak_lambda_init,S0,temporal_only,4,bce,0.4831492361722606,0.4815139392696047,0.0016352969026559028
C03_weak_lambda_init,S0,temporal_only,4,beta_mean,0.0,0.0,0.0
C03_weak_lambda_init,S0,temporal_only,4,cf_rmse_age,0.12791288768924514,0.08284167493527446,0.04507121275397068
C03_weak_lambda_init,S0,temporal_only,4,cf_rmse_lag,0.12502838222406565,0.11130516010406907,0.013723222119996575
C03_weak_lambda_init,S0,temporal_only,4,content_free_lambda_rmse,0.5851967837241413,0.030725417616677467,0.5544713661074638
C03_weak_lambda_init,S0,temporal_only,4,delta_bce_beta0,0.0,0.0,0.0
C03_weak_lambda_init,S0,temporal_only,4,delta_bce_full_age_shuffle,0.007058755723061805,0.0059405503248018965,0.0011182053982599083
C03_weak_lambda_init,S0,temporal_only,4,delta_bce_gate_age_shuffle,0.0,0.0,0.0
C03_weak_lambda_init,S0,temporal_only,4,gate_signal_correlation,0.8758847550905458,0.8709039373269316,0.004980817763614143
C03_weak_lambda_init,S0,temporal_only,4,gate_signal_mae,0.06371575413559878,0.059961832940496645,0.003753921195102136
C03_weak_lambda_init,S0,temporal_only,4,gate_signal_rmse,0.11464981696154805,0.11488319514919978,-0.0002333781876517338
C03_weak_lambda_init,S0,temporal_only,4,surface_rmse,0.15905176352706246,0.14505630645072745,0.01399545707633501
C03_weak_lambda_init,S1,age_temporal,0,abs_beta_mean,0.06788380444049835,0.1005406603217125,-0.03265685588121414
C03_weak_lambda_init,S1,age_temporal,0,auprc,0.5374944885719976,0.537335282187853,0.00015920638414457233
C03_weak_lambda_init,S1,age_temporal,0,auroc,0.7410160313949157,0.7401830256045248,0.0008330057903909172
C03_weak_lambda_init,S1,age_temporal,0,bce,0.48126167834176575,0.48117162051291396,9.005782885179725e-05
C03_weak_lambda_init,S1,age_temporal,0,beta_mean,0.06788380444049835,0.1005406603217125,-0.03265685588121414
C03_weak_lambda_init,S1,age_temporal,0,cf_rmse_age,0.13771707508968878,0.1402103413042319,-0.0024932662145431272
C03_weak_lambda_init,S1,age_temporal,0,cf_rmse_lag,0.12064832166289965,0.12067959025784977,-3.126859495011791e-05
C03_weak_lambda_init,S1,age_temporal,0,content_free_lambda_rmse,0.5840762625716734,0.05383579713373729,0.5302404654379361
C03_weak_lambda_init,S1,age_temporal,0,delta_bce_beta0,0.00017524992575657095,0.000276302743403789,-0.00010105281764721807
C03_weak_lambda_init,S1,age_temporal,0,delta_bce_full_age_shuffle,0.008762388738984772,0.008455465136340767,0.00030692360264400476
C03_weak_lambda_init,S1,age_temporal,0,delta_bce_gate_age_shuffle,0.00011337306621111987,0.00033391308487323856,-0.0002205400186621187
C03_weak_lambda_init,S1,age_temporal,0,gate_signal_correlation,0.9682433369456073,0.9757352123806298,-0.007491875435022499
C03_weak_lambda_init,S1,age_temporal,0,gate_signal_mae,0.03990633212897682,0.033911053696513045,0.005995278432463773
C03_weak_lambda_init,S1,age_temporal,0,gate_signal_rmse,0.06058621199890384,0.05250495182444817,0.008081260174455672
C03_weak_lambda_init,S1,age_temporal,0,surface_rmse,0.17102285573315476,0.17011170753699503,0.0009111481961597279
C03_weak_lambda_init,S1,age_temporal,1,abs_beta_mean,0.0647566094994545,0.011787141673266888,0.05296946782618761
C03_weak_lambda_init,S1,age_temporal,1,auprc,0.5375898087180873,0.5380768076394529,-0.0004869989213656112
C03_weak_lambda_init,S1,age_temporal,1,auroc,0.7408896200624495,0.7415101146681564,-0.0006204946057069005
C03_weak_lambda_init,S1,age_temporal,1,bce,0.4809598143160828,0.4802605862266138,0.0006992280894690395
C03_weak_lambda_init,S1,age_temporal,1,beta_mean,0.0647566094994545,0.011787141673266888,0.05296946782618761
C03_weak_lambda_init,S1,age_temporal,1,cf_rmse_age,0.16354214096671474,0.16344439196072325,9.774900599149317e-05
C03_weak_lambda_init,S1,age_temporal,1,cf_rmse_lag,0.11795335292368025,0.1223917324290053,-0.004438379505325052
C03_weak_lambda_init,S1,age_temporal,1,content_free_lambda_rmse,0.5843563426469249,0.045111086786530814,0.5392452558603941
C03_weak_lambda_init,S1,age_temporal,1,delta_bce_beta0,0.00017992238307784625,3.160102115462582e-05,0.00014832136192322043
C03_weak_lambda_init,S1,age_temporal,1,delta_bce_full_age_shuffle,0.007089197899167066,0.006799740116966657,0.0002894577822004085
C03_weak_lambda_init,S1,age_temporal,1,delta_bce_gate_age_shuffle,0.00019530573027387588,2.7818955876279805e-05,0.00016748677439759607
C03_weak_lambda_init,S1,age_temporal,1,gate_signal_correlation,0.976726769564291,0.9776751940206728,-0.000948424456381769
C03_weak_lambda_init,S1,age_temporal,1,gate_signal_mae,0.03988626780651192,0.04025831548169511,-0.0003720476751831875
C03_weak_lambda_init,S1,age_temporal,1,gate_signal_rmse,0.05489947754327938,0.05569601236913303,-0.0007965348258536509
C03_weak_lambda_init,S1,age_temporal,1,surface_rmse,0.17490278760824077,0.17856830166768178,-0.0036655140594410163
C03_weak_lambda_init,S1,age_temporal,2,abs_beta_mean,0.045493558049201965,0.03144624084234238,0.014047317206859589
C03_weak_lambda_init,S1,age_temporal,2,auprc,0.5384802495875507,0.5371054813206302,0.001374768266920512
C03_weak_lambda_init,S1,age_temporal,2,auroc,0.7418408790254034,0.7419205482135522,-7.966918814883428e-05
C03_weak_lambda_init,S1,age_temporal,2,bce,0.48049650753939777,0.48098239527723935,-0.0004858877378415838
C03_weak_lambda_init,S1,age_temporal,2,beta_mean,0.045493558049201965,0.03144624084234238,0.014047317206859589
C03_weak_lambda_init,S1,age_temporal,2,cf_rmse_age,0.12634493832943888,0.1450187483420907,-0.01867381001265181
C03_weak_lambda_init,S1,age_temporal,2,cf_rmse_lag,0.1176775411548165,0.13825243035528761,-0.02057488920047111
C03_weak_lambda_init,S1,age_temporal,2,content_free_lambda_rmse,0.5831694348021687,0.04038026101400825,0.5427891737881604
C03_weak_lambda_init,S1,age_temporal,2,delta_bce_beta0,0.00012829286080279223,0.00011789840997561418,1.0394450827178048e-05
C03_weak_lambda_init,S1,age_temporal,2,delta_bce_full_age_shuffle,0.01195973229724906,0.011294302900817288,0.0006654293964317715
C03_weak_lambda_init,S1,age_temporal,2,delta_bce_gate_age_shuffle,0.00014038307077463008,9.835321759643634e-05,4.2029853178193743e-05
C03_weak_lambda_init,S1,age_temporal,2,gate_signal_correlation,0.9852428831864752,0.9791678009447085,0.006075082241766783
C03_weak_lambda_init,S1,age_temporal,2,gate_signal_mae,0.03231020796373266,0.03915388802441943,-0.006843680060686773
C03_weak_lambda_init,S1,age_temporal,2,gate_signal_rmse,0.04502690496470123,0.055305389206043366,-0.010278484241342138
C03_weak_lambda_init,S1,age_temporal,2,surface_rmse,0.1670485885374286,0.1818091817541001,-0.014760593216671503
C03_weak_lambda_init,S1,age_temporal,3,abs_beta_mean,0.044807955622673035,0.0649377703666687,-0.020129814743995667
C03_weak_lambda_init,S1,age_temporal,3,auprc,0.5374829429692106,0.5373797567194137,0.00010318624979688273
C03_weak_lambda_init,S1,age_temporal,3,auroc,0.7408676346365971,0.7416857012376636,-0.0008180666010665361
C03_weak_lambda_init,S1,age_temporal,3,bce,0.4809865029581978,0.48073099163610544,0.00025551132209233884
C03_weak_lambda_init,S1,age_temporal,3,beta_mean,0.044807955622673035,0.0649377703666687,-0.020129814743995667
C03_weak_lambda_init,S1,age_temporal,3,cf_rmse_age,0.12107671589855175,0.13148214535761257,-0.010405429459060825
C03_weak_lambda_init,S1,age_temporal,3,cf_rmse_lag,0.0850597241011959,0.10756068846926845,-0.022500964368072543
C03_weak_lambda_init,S1,age_temporal,3,content_free_lambda_rmse,0.5834140152953645,0.03854672970345076,0.5448672855919138
C03_weak_lambda_init,S1,age_temporal,3,delta_bce_beta0,9.79310182372406e-05,0.00016747160604330125,-6.954058780606065e-05
C03_weak_lambda_init,S1,age_temporal,3,delta_bce_full_age_shuffle,0.010813460482774429,0.011025139003487505,-0.0002116785207130767
C03_weak_lambda_init,S1,age_temporal,3,delta_bce_gate_age_shuffle,7.449436746259641e-05,0.00016694225004038055,-9.244788257778414e-05
C03_weak_lambda_init,S1,age_temporal,3,gate_signal_correlation,0.9768878433304133,0.9761877996180943,0.0007000437123190206
C03_weak_lambda_init,S1,age_temporal,3,gate_signal_mae,0.03776352324127396,0.038804960156100486,-0.0010414369148265268
C03_weak_lambda_init,S1,age_temporal,3,gate_signal_rmse,0.05483598616359047,0.055701546370979245,-0.0008655602073887741
C03_weak_lambda_init,S1,age_temporal,3,surface_rmse,0.13223994120453722,0.1444063014727151,-0.012166360268177884
C03_weak_lambda_init,S1,age_temporal,4,abs_beta_mean,0.026814689859747887,0.03446369618177414,-0.007649006322026253
C03_weak_lambda_init,S1,age_temporal,4,auprc,0.5392981995026003,0.5398260691959067,-0.0005278696933064264
C03_weak_lambda_init,S1,age_temporal,4,auroc,0.7412891874157408,0.7427907316607631,-0.001501544245022357
C03_weak_lambda_init,S1,age_temporal,4,bce,0.4805395910447693,0.4802439862700552,0.00029560477471407554
C03_weak_lambda_init,S1,age_temporal,4,beta_mean,0.026814689859747887,0.03446369618177414,-0.007649006322026253
C03_weak_lambda_init,S1,age_temporal,4,cf_rmse_age,0.15001342379336957,0.16623233235224963,-0.016218908558880057
C03_weak_lambda_init,S1,age_temporal,4,cf_rmse_lag,0.10719419971116326,0.1162050292170367,-0.009010829505873438
C03_weak_lambda_init,S1,age_temporal,4,content_free_lambda_rmse,0.5841893288274762,0.03809436869015157,0.5460949601373246
C03_weak_lambda_init,S1,age_temporal,4,delta_bce_beta0,7.693666171498803e-05,0.00010567572000969028,-2.8739058294702247e-05
C03_weak_lambda_init,S1,age_temporal,4,delta_bce_full_age_shuffle,0.007816057065944904,0.007804761165834728,1.1295900110175339e-05
C03_weak_lambda_init,S1,age_temporal,4,delta_bce_gate_age_shuffle,5.0509571867807246e-05,0.00011450701638016092,-6.399744451235367e-05
C03_weak_lambda_init,S1,age_temporal,4,gate_signal_correlation,0.9766331860055517,0.9786111529001003,-0.001977966894548544
C03_weak_lambda_init,S1,age_temporal,4,gate_signal_mae,0.04502179615973944,0.037760786948187,0.007261009211552441
C03_weak_lambda_init,S1,age_temporal,4,gate_signal_rmse,0.06090198727817583,0.051990469401823926,0.008911517876351902
C03_weak_lambda_init,S1,age_temporal,4,surface_rmse,0.17012519315891209,0.18187700068752877,-0.011751807528616681
C03_weak_lambda_init,S1,matched,0,delta_auprc_at_minus_to,0.0002112801081910476,0.0003237295960659692,-0.0001124494878749216
C03_weak_lambda_init,S1,matched,0,delta_auroc_at_minus_to,0.0001404624429461876,0.0003215234710820525,-0.0001810610281358649
C03_weak_lambda_init,S1,matched,0,delta_bce_to_minus_at,0.00014905862026859396,0.00021194220717518641,-6.288358690659246e-05
C03_weak_lambda_init,S1,matched,1,delta_auprc_at_minus_to,0.0005251198851400352,0.00015336982816771538,0.0003717500569723198
C03_weak_lambda_init,S1,matched,1,delta_auroc_at_minus_to,0.00024078372213476307,5.071538473533366e-05,0.0001900683373994294
C03_weak_lambda_init,S1,matched,1,delta_bce_to_minus_at,0.0002167238178958364,1.8757629690779876e-05,0.00019796618820505651
C03_weak_lambda_init,S1,matched,2,delta_auprc_at_minus_to,5.672411633961261e-05,0.000133211485061846,-7.648736872223338e-05
C03_weak_lambda_init,S1,matched,2,delta_auroc_at_minus_to,4.987110155996177e-05,0.00010173003987556939,-5.185893831560762e-05
C03_weak_lambda_init,S1,matched,2,delta_bce_to_minus_at,3.179739358355471e-05,6.233591634452473e-05,-3.053852276097002e-05
C03_weak_lambda_init,S1,matched,3,delta_auprc_at_minus_to,1.0324071024969683e-05,0.00010730287739557642,-9.697880637060674e-05
C03_weak_lambda_init,S1,matched,3,delta_auroc_at_minus_to,6.403170121271895e-05,0.00017785907811118662,-0.00011382737689846767
C03_weak_lambda_init,S1,matched,3,delta_bce_to_minus_at,4.423366927169825e-05,6.234408191296836e-05,-1.8110412641270113e-05
C03_weak_lambda_init,S1,matched,4,delta_auprc_at_minus_to,8.384459583510306e-05,9.705174975871422e-05,-1.3207153923611159e-05
C03_weak_lambda_init,S1,matched,4,delta_auroc_at_minus_to,4.253046081237333e-05,3.278349136071057e-05,9.746969451662757e-06
C03_weak_lambda_init,S1,matched,4,delta_bce_to_minus_at,6.53095210240151e-05,5.7693997534524755e-05,7.61552348949035e-06
C03_weak_lambda_init,S1,temporal_only,0,abs_beta_mean,0.0,0.0,0.0
C03_weak_lambda_init,S1,temporal_only,0,auprc,0.5372832084638065,0.537011552591787,0.0002716558720194939
C03_weak_lambda_init,S1,temporal_only,0,auroc,0.7408755689519695,0.7398615021334427,0.001014066818526782
C03_weak_lambda_init,S1,temporal_only,0,bce,0.48141073696203435,0.48138356272008914,2.717424194520479e-05
C03_weak_lambda_init,S1,temporal_only,0,beta_mean,0.0,0.0,0.0
C03_weak_lambda_init,S1,temporal_only,0,cf_rmse_age,0.13907448631451594,0.14057476936589616,-0.0015002830513802246
C03_weak_lambda_init,S1,temporal_only,0,cf_rmse_lag,0.12104717060846507,0.12055293894397853,0.000494231664486533
C03_weak_lambda_init,S1,temporal_only,0,content_free_lambda_rmse,0.5841058175590755,0.045386252882790745,0.5387195646762848
C03_weak_lambda_init,S1,temporal_only,0,delta_bce_beta0,0.0,0.0,0.0
C03_weak_lambda_init,S1,temporal_only,0,delta_bce_full_age_shuffle,0.00888435093166784,0.008417202572917004,0.00046714835875083516
C03_weak_lambda_init,S1,temporal_only,0,delta_bce_gate_age_shuffle,0.0,0.0,0.0
C03_weak_lambda_init,S1,temporal_only,0,gate_signal_correlation,0.9689712736699998,0.9771678480823325,-0.00819657441233268
C03_weak_lambda_init,S1,temporal_only,0,gate_signal_mae,0.039175929780929326,0.032237344743686676,0.0069385850372426505
C03_weak_lambda_init,S1,temporal_only,0,gate_signal_rmse,0.060122325131094924,0.051598335875426685,0.00852398925566824
C03_weak_lambda_init,S1,temporal_only,0,surface_rmse,0.1695680455281033,0.16874071350957326,0.0008273320185300526
C03_weak_lambda_init,S1,temporal_only,1,abs_beta_mean,0.0,0.0,0.0
C03_weak_lambda_init,S1,temporal_only,1,auprc,0.5370646888329472,0.5379234378112852,-0.000858748978337931
C03_weak_lambda_init,S1,temporal_only,1,auroc,0.7406488363403148,0.7414593992834211,-0.0008105629431063299
C03_weak_lambda_init,S1,temporal_only,1,bce,0.48117653813397865,0.48027934385630455,0.000897194277674096
C03_weak_lambda_init,S1,temporal_only,1,beta_mean,0.0,0.0,0.0
C03_weak_lambda_init,S1,temporal_only,1,cf_rmse_age,0.1622915494298597,0.16424663275084456,-0.001955083320984846
C03_weak_lambda_init,S1,temporal_only,1,cf_rmse_lag,0.11744819947469036,0.12272831554634411,-0.005280116071653754
C03_weak_lambda_init,S1,temporal_only,1,content_free_lambda_rmse,0.5843355338600399,0.04435932445795555,0.5399762094020844
C03_weak_lambda_init,S1,temporal_only,1,delta_bce_beta0,0.0,0.0,0.0
C03_weak_lambda_init,S1,temporal_only,1,delta_bce_full_age_shuffle,0.0070770011930025856,0.006773107487360208,0.0003038937056423774
C03_weak_lambda_init,S1,temporal_only,1,delta_bce_gate_age_shuffle,0.0,0.0,0.0
C03_weak_lambda_init,S1,temporal_only,1,gate_signal_correlation,0.9769280900084935,0.978044050546879,-0.0011159605383855853
C03_weak_lambda_init,S1,temporal_only,1,gate_signal_mae,0.03990861754259293,0.03967054002635601,0.00023807751623691753
C03_weak_lambda_init,S1,temporal_only,1,gate_signal_rmse,0.054707565006226325,0.05500949031257595,-0.0003019253063496277
C03_weak_lambda_init,S1,temporal_only,1,surface_rmse,0.17257423601408825,0.1785811688023273,-0.00600693278823905
C03_weak_lambda_init,S1,temporal_only,2,abs_beta_mean,0.0,0.0,0.0
C03_weak_lambda_init,S1,temporal_only,2,auprc,0.5384235254712111,0.5369722698355683,0.0014512556356427453
C03_weak_lambda_init,S1,temporal_only,2,auroc,0.7417910079238434,0.7418188181736767,-2.7810249833226663e-05
C03_weak_lambda_init,S1,temporal_only,2,bce,0.4805283049329813,0.4810447311935839,-0.0005164262606025538
C03_weak_lambda_init,S1,temporal_only,2,beta_mean,0.0,0.0,0.0
C03_weak_lambda_init,S1,temporal_only,2,cf_rmse_age,0.12626572486303625,0.14452862781374298,-0.018262902950706733
C03_weak_lambda_init,S1,temporal_only,2,cf_rmse_lag,0.11747673526148728,0.13829172799034192,-0.020814992728854648
C03_weak_lambda_init,S1,temporal_only,2,content_free_lambda_rmse,0.5831304918554547,0.03912854004175681,0.5440019518136979
C03_weak_lambda_init,S1,temporal_only,2,delta_bce_beta0,0.0,0.0,0.0
C03_weak_lambda_init,S1,temporal_only,2,delta_bce_full_age_shuffle,0.011721622523910846,0.01116331258918063,0.0005583099347302167
C03_weak_lambda_init,S1,temporal_only,2,delta_bce_gate_age_shuffle,0.0,0.0,0.0
C03_weak_lambda_init,S1,temporal_only,2,gate_signal_correlation,0.9854304416713701,0.9792956305925336,0.006134811078836511
C03_weak_lambda_init,S1,temporal_only,2,gate_signal_mae,0.03217419493673169,0.03908752397353921,-0.006913329036807518
C03_weak_lambda_init,S1,temporal_only,2,gate_signal_rmse,0.045043183517056114,0.05525338644051654,-0.010210202923460428
C03_weak_lambda_init,S1,temporal_only,2,surface_rmse,0.16596399525131972,0.18116085661541526,-0.015196861364095537
C03_weak_lambda_init,S1,temporal_only,3,abs_beta_mean,0.0,0.0,0.0
C03_weak_lambda_init,S1,temporal_only,3,auprc,0.5374726188981857,0.5372724538420182,0.00020016505616748947
C03_weak_lambda_init,S1,temporal_only,3,auroc,0.7408036029353844,0.7415078421595525,-0.0007042392241680684
C03_weak_lambda_init,S1,temporal_only,3,bce,0.4810307366274695,0.4807933357180184,0.00023740090945106873
C03_weak_lambda_init,S1,temporal_only,3,beta_mean,0.0,0.0,0.0
C03_weak_lambda_init,S1,temporal_only,3,cf_rmse_age,0.11953098305640293,0.13091265534204616,-0.011381672285643227
C03_weak_lambda_init,S1,temporal_only,3,cf_rmse_lag,0.08415110077852223,0.10689838962568497,-0.022747288847162747
C03_weak_lambda_init,S1,temporal_only,3,content_free_lambda_rmse,0.5833245645788433,0.03375136661798972,0.5495731979608536
C03_weak_lambda_init,S1,temporal_only,3,delta_bce_beta0,0.0,0.0,0.0
C03_weak_lambda_init,S1,temporal_only,3,delta_bce_full_age_shuffle,0.010829134594307843,0.010955535362273394,-0.000126400767965551
C03_weak_lambda_init,S1,temporal_only,3,delta_bce_gate_age_shuffle,0.0,0.0,0.0
C03_weak_lambda_init,S1,temporal_only,3,gate_signal_correlation,0.9769290953658817,0.976579618552543,0.0003494768133386339
C03_weak_lambda_init,S1,temporal_only,3,gate_signal_mae,0.03780777535115236,0.038394945861690295,-0.0005871705105379363
C03_weak_lambda_init,S1,temporal_only,3,gate_signal_rmse,0.05485056641148303,0.055574285761174305,-0.0007237193496912736
C03_weak_lambda_init,S1,temporal_only,3,surface_rmse,0.13058963713266214,0.1432289110378711,-0.01263927390520897
C03_weak_lambda_init,S1,temporal_only,4,abs_beta_mean,0.0,0.0,0.0
C03_weak_lambda_init,S1,temporal_only,4,auprc,0.5392143549067652,0.539729017446148,-0.0005146625393828153
C03_weak_lambda_init,S1,temporal_only,4,auroc,0.7412466569549284,0.7427579481694024,-0.0015112912144740198
C03_weak_lambda_init,S1,temporal_only,4,bce,0.4806049005657933,0.48030168026758974,0.0003032202982035659
C03_weak_lambda_init,S1,temporal_only,4,beta_mean,0.0,0.0,0.0
C03_weak_lambda_init,S1,temporal_only,4,cf_rmse_age,0.14959088910821938,0.16517740845975085,-0.015586519351531464
C03_weak_lambda_init,S1,temporal_only,4,cf_rmse_lag,0.10722958842861269,0.11616623761997584,-0.008936649191363152
C03_weak_lambda_init,S1,temporal_only,4,content_free_lambda_rmse,0.5841581206348659,0.036549089434457005,0.5476090312004089
C03_weak_lambda_init,S1,temporal_only,4,delta_bce_beta0,0.0,0.0,0.0
C03_weak_lambda_init,S1,temporal_only,4,delta_bce_full_age_shuffle,0.007874145581657166,0.007778125606623498,9.601997503366766e-05
C03_weak_lambda_init,S1,temporal_only,4,delta_bce_gate_age_shuffle,0.0,0.0,0.0
C03_weak_lambda_init,S1,temporal_only,4,gate_signal_correlation,0.9766237675629701,0.9788073564059574,-0.002183588842987305
C03_weak_lambda_init,S1,temporal_only,4,gate_signal_mae,0.045099528640944166,0.03756608244329731,0.007533446197646856
C03_weak_lambda_init,S1,temporal_only,4,gate_signal_rmse,0.06096541371203118,0.0518644065510343,0.009101007160996877
C03_weak_lambda_init,S1,temporal_only,4,surface_rmse,0.16969774969444318,0.1809541806815333,-0.011256430987090116
C03_weak_lambda_init,S2,age_temporal,0,abs_beta_mean,0.6696251034736633,0.5828605890274048,0.08676451444625854
C03_weak_lambda_init,S2,age_temporal,0,auprc,0.5786775237331588,0.5780995375976441,0.0005779861355147409
C03_weak_lambda_init,S2,age_temporal,0,auroc,0.7607912307245781,0.7608736309451969,-8.240022061878349e-05
C03_weak_lambda_init,S2,age_temporal,0,bce,0.4580830671777096,0.45823252502610645,-0.00014945784839687226
C03_weak_lambda_init,S2,age_temporal,0,beta_mean,-0.6696251034736633,-0.5828605890274048,-0.08676451444625854
C03_weak_lambda_init,S2,age_temporal,0,cf_rmse_age,0.17213731694861636,0.16278072314286685,0.009356593805749519
C03_weak_lambda_init,S2,age_temporal,0,cf_rmse_lag,0.14924027989623612,0.1745803747213772,-0.025340094825141074
C03_weak_lambda_init,S2,age_temporal,0,content_free_lambda_corr,0.9935133274596969,0.9821000573627846,0.011413270096912287
C03_weak_lambda_init,S2,age_temporal,0,content_free_lambda_rmse,1.1178384536533792,0.6883274109975016,0.4295110426558776
C03_weak_lambda_init,S2,age_temporal,0,delta_bce_beta0,0.006430107202286706,0.005779584263176263,0.0006505229391104428
C03_weak_lambda_init,S2,age_temporal,0,delta_bce_full_age_shuffle,0.020132623891503,0.018327543441961025,0.0018050804495419737
C03_weak_lambda_init,S2,age_temporal,0,delta_bce_gate_age_shuffle,0.011193654863297486,0.00911550247849613,0.0020781523848013572
C03_weak_lambda_init,S2,age_temporal,0,gate_signal_correlation,0.7905790112657995,0.7660733562345573,0.024505655031242246
C03_weak_lambda_init,S2,age_temporal,0,gate_signal_mae,0.15082837724396234,0.15872509596390444,-0.007896718719942103
C03_weak_lambda_init,S2,age_temporal,0,gate_signal_rmse,0.1829987974059082,0.19179737689498,-0.008798579489071812
C03_weak_lambda_init,S2,age_temporal,0,surface_rmse,0.18959847269007216,0.21870480677820456,-0.029106334088132402
C03_weak_lambda_init,S2,age_temporal,1,abs_beta_mean,0.6790956258773804,0.5870452523231506,0.09205037355422974
C03_weak_lambda_init,S2,age_temporal,1,auprc,0.5779017619671742,0.5759134322664154,0.0019883297007587952
C03_weak_lambda_init,S2,age_temporal,1,auroc,0.7584687223143296,0.7586570128104295,-0.00018829049609991877
C03_weak_lambda_init,S2,age_temporal,1,bce,0.4580702311240774,0.4588640155654828,-0.0007937844414053763
C03_weak_lambda_init,S2,age_temporal,1,beta_mean,-0.6790956258773804,-0.5870452523231506,-0.09205037355422974
C03_weak_lambda_init,S2,age_temporal,1,cf_rmse_age,0.1691676063483058,0.15719846374044327,0.011969142607862526
C03_weak_lambda_init,S2,age_temporal,1,cf_rmse_lag,0.15272703736714796,0.1476845639875615,0.005042473379586465
C03_weak_lambda_init,S2,age_temporal,1,content_free_lambda_corr,0.9937069763098202,0.9820325286321555,0.011674447677664679
C03_weak_lambda_init,S2,age_temporal,1,content_free_lambda_rmse,1.115092545787927,0.6805081322894041,0.43458441349852295
C03_weak_lambda_init,S2,age_temporal,1,delta_bce_beta0,0.007994603278976331,0.007346000693051025,0.0006486025859253064
C03_weak_lambda_init,S2,age_temporal,1,delta_bce_full_age_shuffle,0.02127776667300746,0.0188903653404921,0.00238740133251536
C03_weak_lambda_init,S2,age_temporal,1,delta_bce_gate_age_shuffle,0.012758028454336157,0.010804088735184791,0.0019539397191513652
C03_weak_lambda_init,S2,age_temporal,1,gate_signal_correlation,0.7892619738468425,0.7691588176682204,0.020103156178622128
C03_weak_lambda_init,S2,age_temporal,1,gate_signal_mae,0.1489999077528665,0.15749393571427509,-0.008494027961408579
C03_weak_lambda_init,S2,age_temporal,1,gate_signal_rmse,0.183025203255216,0.19061317109716513,-0.0075879678419491225
C03_weak_lambda_init,S2,age_temporal,1,surface_rmse,0.19554275810863828,0.20150095182750946,-0.005958193718871185
C03_weak_lambda_init,S2,age_temporal,2,abs_beta_mean,0.7256720066070557,0.645264744758606,0.08040726184844971
C03_weak_lambda_init,S2,age_temporal,2,auprc,0.5782221340119731,0.5771201670094575,0.0011019670025156358
C03_weak_lambda_init,S2,age_temporal,2,auroc,0.7598594928583174,0.7592704524685001,0.0005890403898173302
C03_weak_lambda_init,S2,age_temporal,2,bce,0.4579509154509693,0.45816583733398697,-0.00021492188301769355
C03_weak_lambda_init,S2,age_temporal,2,beta_mean,-0.7256720066070557,-0.645264744758606,-0.08040726184844971
C03_weak_lambda_init,S2,age_temporal,2,cf_rmse_age,0.18526081814890613,0.18518373578831532,7.70823605908133e-05
C03_weak_lambda_init,S2,age_temporal,2,cf_rmse_lag,0.14821607343529403,0.14226332386055707,0.00595274957473696
C03_weak_lambda_init,S2,age_temporal,2,content_free_lambda_corr,0.9947487336065033,0.983439386482367,0.011309347124136337
C03_weak_lambda_init,S2,age_temporal,2,content_free_lambda_rmse,1.1114132379841632,0.6624825858839508,0.44893065210021244
C03_weak_lambda_init,S2,age_temporal,2,delta_bce_beta0,0.00945537992523554,0.00921002385563413,0.0002453560696014101
C03_weak_lambda_init,S2,age_temporal,2,delta_bce_full_age_shuffle,0.020052285764701028,0.019402798848015046,0.0006494869166859818
C03_weak_lambda_init,S2,age_temporal,2,delta_bce_gate_age_shuffle,0.014243951480075845,0.012695873403285152,0.0015480780767906932
C03_weak_lambda_init,S2,age_temporal,2,gate_signal_correlation,0.7995769490902978,0.7761400428781872,0.023436906212110586
C03_weak_lambda_init,S2,age_temporal,2,gate_signal_mae,0.14523869556221536,0.152901576680634,-0.007662881118418646
C03_weak_lambda_init,S2,age_temporal,2,gate_signal_rmse,0.17905546094236593,0.18762282914483996,-0.00856736820247403
C03_weak_lambda_init,S2,age_temporal,2,surface_rmse,0.1996575283475223,0.18471341081849812,0.014944117529024165
C03_weak_lambda_init,S2,age_temporal,3,abs_beta_mean,0.5751559734344482,0.497174471616745,0.07798150181770325
C03_weak_lambda_init,S2,age_temporal,3,auprc,0.5755310999772658,0.5736777800450081,0.0018533199322576799
C03_weak_lambda_init,S2,age_temporal,3,auroc,0.758356898870062,0.7572770964608062,0.001079802409255759
C03_weak_lambda_init,S2,age_temporal,3,bce,0.4585676322014704,0.4599766861535207,-0.001409053952050321
C03_weak_lambda_init,S2,age_temporal,3,beta_mean,-0.5751559734344482,-0.497174471616745,-0.07798150181770325
C03_weak_lambda_init,S2,age_temporal,3,cf_rmse_age,0.18539073603679262,0.17089866121060254,0.014492074826190082
C03_weak_lambda_init,S2,age_temporal,3,cf_rmse_lag,0.1298641150195996,0.12926475751115207,0.0005993575084475289
C03_weak_lambda_init,S2,age_temporal,3,content_free_lambda_corr,0.9909092029363814,0.9797001110257331,0.011209091910648339
C03_weak_lambda_init,S2,age_temporal,3,content_free_lambda_rmse,1.1219955583178876,0.7075050989604519,0.41449045935743567
C03_weak_lambda_init,S2,age_temporal,3,delta_bce_beta0,0.005566390375366381,0.004920624842346066,0.0006457655330203149
C03_weak_lambda_init,S2,age_temporal,3,delta_bce_full_age_shuffle,0.02047739987977565,0.01866882139465542,0.001808578485120227
C03_weak_lambda_init,S2,age_temporal,3,delta_bce_gate_age_shuffle,0.00840301370191543,0.0074692207992291815,0.0009337929026862479
C03_weak_lambda_init,S2,age_temporal,3,gate_signal_correlation,0.7521313292270967,0.7285661405124295,0.023565188714667173
C03_weak_lambda_init,S2,age_temporal,3,gate_signal_mae,0.16046118709792737,0.1672888978514025,-0.00682771075347513
C03_weak_lambda_init,S2,age_temporal,3,gate_signal_rmse,0.19594430572821564,0.20358640276818618,-0.007642097039970541
C03_weak_lambda_init,S2,age_temporal,3,surface_rmse,0.19607950984605965,0.18917457521583936,0.006904934630220294
C03_weak_lambda_init,S2,age_temporal,4,abs_beta_mean,0.6970430016517639,0.6078628897666931,0.0891801118850708
C03_weak_lambda_init,S2,age_temporal,4,auprc,0.5781940515023416,0.5761466347007678,0.0020474168015738314
C03_weak_lambda_init,S2,age_temporal,4,auroc,0.759338310176281,0.7585469906379743,0.0007913195383066896
C03_weak_lambda_init,S2,age_temporal,4,bce,0.45761535147944565,0.45859059147298264,-0.0009752399935369915
C03_weak_lambda_init,S2,age_temporal,4,beta_mean,-0.6970430016517639,-0.6078628897666931,-0.0891801118850708
C03_weak_lambda_init,S2,age_temporal,4,cf_rmse_age,0.20031833323678022,0.176568144207969,0.02375018902881121
C03_weak_lambda_init,S2,age_temporal,4,cf_rmse_lag,0.10828637542033047,0.11861577788712159,-0.010329402466791121
C03_weak_lambda_init,S2,age_temporal,4,content_free_lambda_corr,0.9941691438531359,0.9826080807066151,0.011561063146520834
C03_weak_lambda_init,S2,age_temporal,4,content_free_lambda_rmse,1.1165697781593782,0.6764848561693056,0.44008492199007254
C03_weak_lambda_init,S2,age_temporal,4,delta_bce_beta0,0.008872084749676823,0.007545532444515446,0.001326552305161377
C03_weak_lambda_init,S2,age_temporal,4,delta_bce_full_age_shuffle,0.020530172850603434,0.01776285166721886,0.0027673211833845746
C03_weak_lambda_init,S2,age_temporal,4,delta_bce_gate_age_shuffle,0.014211206353554662,0.011323075126199789,0.002888131227354873
C03_weak_lambda_init,S2,age_temporal,4,gate_signal_correlation,0.786595375322853,0.7686930352439149,0.017902340078938095
C03_weak_lambda_init,S2,age_temporal,4,gate_signal_mae,0.1515014000381931,0.15770989801098886,-0.006208497972795768
C03_weak_lambda_init,S2,age_temporal,4,gate_signal_rmse,0.18471606613466837,0.1910472064878647,-0.006331140353196318
C03_weak_lambda_init,S2,age_temporal,4,surface_rmse,0.1807723691896326,0.19015070544577878,-0.009378336256146175
C03_weak_lambda_init,S2,matched,0,delta_auprc_at_minus_to,0.007339807676172039,0.00912996595217419,-0.0017901582760021517
C03_weak_lambda_init,S2,matched,0,delta_auroc_at_minus_to,0.0027763872449526605,0.0031645797008910126,-0.00038819245593835205
C03_weak_lambda_init,S2,matched,0,delta_bce_to_minus_at,0.0038717807841660568,0.0043106072154003305,-0.0004388264312342738
C03_weak_lambda_init,S2,matched,1,delta_auprc_at_minus_to,0.00873747868887298,0.008513110815696168,0.00022436787317681173
C03_weak_lambda_init,S2,matched,1,delta_auroc_at_minus_to,0.002800053750931064,0.003086985322482527,-0.0002869315715514631
C03_weak_lambda_init,S2,matched,1,delta_bce_to_minus_at,0.004605385582460764,0.004640405474660714,-3.5019892199950053e-05
C03_weak_lambda_init,S2,matched,2,delta_auprc_at_minus_to,0.011284677950137656,0.009933875675924853,0.0013508022742128034
C03_weak_lambda_init,S2,matched,2,delta_auroc_at_minus_to,0.003714572929089166,0.0033736081045800947,0.0003409648245090713
C03_weak_lambda_init,S2,matched,2,delta_bce_to_minus_at,0.005024061692681936,0.004811484089596418,0.00021257760308551754
C03_weak_lambda_init,S2,matched,3,delta_auprc_at_minus_to,0.0074677700096417166,0.007990391139118147,-0.0005226211294764305
C03_weak_lambda_init,S2,matched,3,delta_auroc_at_minus_to,0.0028655097629618487,0.0027944906393466695,7.101912361517915e-05
C03_weak_lambda_init,S2,matched,3,delta_bce_to_minus_at,0.004132075047844075,0.0038317940014475638,0.0003002810463965111
C03_weak_lambda_init,S2,matched,4,delta_auprc_at_minus_to,0.00819536212337213,0.00871759681978046,-0.0005222346964083302
C03_weak_lambda_init,S2,matched,4,delta_auroc_at_minus_to,0.0030447081251503416,0.0031510248241625183,-0.00010631669901217666
C03_weak_lambda_init,S2,matched,4,delta_bce_to_minus_at,0.004479201869013905,0.004402273161301429,7.692870771247584e-05
C03_weak_lambda_init,S2,temporal_only,0,abs_beta_mean,0.0,0.0,0.0
C03_weak_lambda_init,S2,temporal_only,0,auprc,0.5713377160569868,0.5689695716454699,0.0023681444115168926
C03_weak_lambda_init,S2,temporal_only,0,auroc,0.7580148434796254,0.7577090512443059,0.00030579223531956856
C03_weak_lambda_init,S2,temporal_only,0,bce,0.46195484796187564,0.4625431322415068,-0.000588284279631146
C03_weak_lambda_init,S2,temporal_only,0,beta_mean,0.0,0.0,0.0
C03_weak_lambda_init,S2,temporal_only,0,cf_rmse_age,0.18284774267591417,0.17737380977025632,0.005473932905657841
C03_weak_lambda_init,S2,temporal_only,0,cf_rmse_lag,0.1735608516552512,0.1841185675663441,-0.010557715911092891
C03_weak_lambda_init,S2,temporal_only,0,content_free_lambda_rmse,1.1512461031273176,0.8462001275536816,0.305045975573636
C03_weak_lambda_init,S2,temporal_only,0,delta_bce_beta0,0.0,0.0,0.0
C03_weak_lambda_init,S2,temporal_only,0,delta_bce_full_age_shuffle,0.008853746850704225,0.009127816834043345,-0.00027406998333912025
C03_weak_lambda_init,S2,temporal_only,0,delta_bce_gate_age_shuffle,0.0,0.0,0.0
C03_weak_lambda_init,S2,temporal_only,0,gate_signal_correlation,0.5032135039600054,0.5069727598420358,-0.00375925588203041
C03_weak_lambda_init,S2,temporal_only,0,gate_signal_mae,0.22411459609109624,0.2240479380658084,6.665802528785236e-05
C03_weak_lambda_init,S2,temporal_only,0,gate_signal_rmse,0.26441510625178083,0.2643226960635765,9.241018820432823e-05
C03_weak_lambda_init,S2,temporal_only,0,surface_rmse,0.22239975177294913,0.2360608001822226,-0.013661048409273485
C03_weak_lambda_init,S2,temporal_only,1,abs_beta_mean,0.0,0.0,0.0
C03_weak_lambda_init,S2,temporal_only,1,auprc,0.5691642832783013,0.5674003214507193,0.0017639618275819835
C03_weak_lambda_init,S2,temporal_only,1,auroc,0.7556686685633985,0.755570027487947,9.864107545154432e-05
C03_weak_lambda_init,S2,temporal_only,1,bce,0.4626756167065382,0.4635044210401435,-0.0008288043336053263
C03_weak_lambda_init,S2,temporal_only,1,beta_mean,0.0,0.0,0.0
C03_weak_lambda_init,S2,temporal_only,1,cf_rmse_age,0.1827903568190427,0.17396405535449125,0.008826301464551461
C03_weak_lambda_init,S2,temporal_only,1,cf_rmse_lag,0.1690929235900592,0.162237484371171,0.006855439218888204
C03_weak_lambda_init,S2,temporal_only,1,content_free_lambda_rmse,1.150245347689064,0.8429634905174476,0.3072818571716164
C03_weak_lambda_init,S2,temporal_only,1,delta_bce_beta0,0.0,0.0,0.0
C03_weak_lambda_init,S2,temporal_only,1,delta_bce_full_age_shuffle,0.007396836182036293,0.0075032926381768394,-0.00010645645614054677
C03_weak_lambda_init,S2,temporal_only,1,delta_bce_gate_age_shuffle,0.0,0.0,0.0
C03_weak_lambda_init,S2,temporal_only,1,gate_signal_correlation,0.5027916007067249,0.5082725943741376,-0.005480993667412726
C03_weak_lambda_init,S2,temporal_only,1,gate_signal_mae,0.22147985661451847,0.22286244140289885,-0.001382584788380381
C03_weak_lambda_init,S2,temporal_only,1,gate_signal_rmse,0.2637583585380081,0.26328307109903454,0.0004752874389735706
C03_weak_lambda_init,S2,temporal_only,1,surface_rmse,0.22355419238568985,0.22664136388344427,-0.0030871714977544207
C03_weak_lambda_init,S2,temporal_only,2,abs_beta_mean,0.0,0.0,0.0
C03_weak_lambda_init,S2,temporal_only,2,auprc,0.5669374560618354,0.5671862913335326,-0.00024883527169716757
C03_weak_lambda_init,S2,temporal_only,2,auroc,0.7561449199292283,0.75589684436392,0.0002480755653082589
C03_weak_lambda_init,S2,temporal_only,2,bce,0.4629749771436512,0.4629773214235834,-2.3442799321760077e-06
C03_weak_lambda_init,S2,temporal_only,2,beta_mean,0.0,0.0,0.0
C03_weak_lambda_init,S2,temporal_only,2,cf_rmse_age,0.19400334743046874,0.21153312731528165,-0.017529779884812913
C03_weak_lambda_init,S2,temporal_only,2,cf_rmse_lag,0.16745408005103155,0.15597781297180177,0.011476267079229774
C03_weak_lambda_init,S2,temporal_only,2,content_free_lambda_rmse,1.149516768525066,0.8426389116811625,0.30687785684390356
C03_weak_lambda_init,S2,temporal_only,2,delta_bce_beta0,0.0,0.0,0.0
C03_weak_lambda_init,S2,temporal_only,2,delta_bce_full_age_shuffle,0.009544118936101409,0.00915255323077524,0.00039156570532616897
C03_weak_lambda_init,S2,temporal_only,2,delta_bce_gate_age_shuffle,0.0,0.0,0.0
C03_weak_lambda_init,S2,temporal_only,2,gate_signal_correlation,0.500061072390019,0.5011019655537643,-0.0010408931637453378
C03_weak_lambda_init,S2,temporal_only,2,gate_signal_mae,0.22288102165764634,0.22279443497761728,8.658668002906045e-05
C03_weak_lambda_init,S2,temporal_only,2,gate_signal_rmse,0.2648944687715828,0.2650333757573318,-0.00013890698574903215
C03_weak_lambda_init,S2,temporal_only,2,surface_rmse,0.2370588660496166,0.22209706100468773,0.014961805044928861
C03_weak_lambda_init,S2,temporal_only,3,abs_beta_mean,0.0,0.0,0.0
C03_weak_lambda_init,S2,temporal_only,3,auprc,0.5680633299676241,0.56568738890589,0.0023759410617341103
C03_weak_lambda_init,S2,temporal_only,3,auroc,0.7554913891071001,0.7544826058214595,0.0010087832856405798
C03_weak_lambda_init,S2,temporal_only,3,bce,0.4626997072493145,0.4638084801549683,-0.0011087729056538098
C03_weak_lambda_init,S2,temporal_only,3,beta_mean,0.0,0.0,0.0
C03_weak_lambda_init,S2,temporal_only,3,cf_rmse_age,0.18704089295412882,0.18178089609638184,0.0052599968577469736
C03_weak_lambda_init,S2,temporal_only,3,cf_rmse_lag,0.1370640946484408,0.14119609745874978,-0.004132002810308982
C03_weak_lambda_init,S2,temporal_only,3,content_free_lambda_rmse,1.1496622921884885,0.8427438732831277,0.30691841890536076
C03_weak_lambda_init,S2,temporal_only,3,delta_bce_beta0,0.0,0.0,0.0
C03_weak_lambda_init,S2,temporal_only,3,delta_bce_full_age_shuffle,0.009255679987024867,0.009136741537100257,0.00011893844992461045
C03_weak_lambda_init,S2,temporal_only,3,delta_bce_gate_age_shuffle,0.0,0.0,0.0
C03_weak_lambda_init,S2,temporal_only,3,gate_signal_correlation,0.5029481059173264,0.5040022872879071,-0.0010541813705806646
C03_weak_lambda_init,S2,temporal_only,3,gate_signal_mae,0.22193732737465843,0.2219824970991041,-4.5169724445653925e-05
C03_weak_lambda_init,S2,temporal_only,3,gate_signal_rmse,0.26382776453528084,0.26394479013387856,-0.00011702559859771977
C03_weak_lambda_init,S2,temporal_only,3,surface_rmse,0.21130101749467495,0.2119224412814204,-0.0006214237867454564
C03_weak_lambda_init,S2,temporal_only,4,abs_beta_mean,0.0,0.0,0.0
C03_weak_lambda_init,S2,temporal_only,4,auprc,0.5699986893789695,0.5674290378809873,0.0025696514979821616
C03_weak_lambda_init,S2,temporal_only,4,auroc,0.7562936020511306,0.7553959658138117,0.0008976362373188662
C03_weak_lambda_init,S2,temporal_only,4,bce,0.46209455334845956,0.4629928646342841,-0.0008983112858245157
C03_weak_lambda_init,S2,temporal_only,4,beta_mean,0.0,0.0,0.0
C03_weak_lambda_init,S2,temporal_only,4,cf_rmse_age,0.20681116319945772,0.18794438988640985,0.01886677331304787
C03_weak_lambda_init,S2,temporal_only,4,cf_rmse_lag,0.11669627133237585,0.13439698174809844,-0.01770071041572259
C03_weak_lambda_init,S2,temporal_only,4,content_free_lambda_rmse,1.1514899581517137,0.8439874329186061,0.3075025252331076
C03_weak_lambda_init,S2,temporal_only,4,delta_bce_beta0,0.0,0.0,0.0
C03_weak_lambda_init,S2,temporal_only,4,delta_bce_full_age_shuffle,0.007237129497025818,0.006965216409534125,0.0002719130874916931
C03_weak_lambda_init,S2,temporal_only,4,delta_bce_gate_age_shuffle,0.0,0.0,0.0
C03_weak_lambda_init,S2,temporal_only,4,gate_signal_correlation,0.49022922776040206,0.501811357725559,-0.011582129965156895
C03_weak_lambda_init,S2,temporal_only,4,gate_signal_mae,0.22790330826182914,0.2257407400110199,0.002162568250809238
C03_weak_lambda_init,S2,temporal_only,4,gate_signal_rmse,0.27004741385257397,0.2663332824803443,0.0037141313722296454
C03_weak_lambda_init,S2,temporal_only,4,surface_rmse,0.20273324177263205,0.22173777321724258,-0.019004531444610534
C03_weak_lambda_init,S3,age_temporal,0,abs_beta_mean,0.7107478976249695,0.6379421949386597,0.07280570268630981
C03_weak_lambda_init,S3,age_temporal,0,auprc,0.5341726827607944,0.5326473327447008,0.0015253500160936628
C03_weak_lambda_init,S3,age_temporal,0,auroc,0.7329487723123238,0.7335163134457783,-0.0005675411334544744
C03_weak_lambda_init,S3,age_temporal,0,bce,0.4870402727164972,0.48722443750219463,-0.00018416478569743822
C03_weak_lambda_init,S3,age_temporal,0,beta_mean,0.7107478976249695,0.6379421949386597,0.07280570268630981
C03_weak_lambda_init,S3,age_temporal,0,cf_rmse_age,0.11403295004959547,0.11606066146293641,-0.0020277114133409324
C03_weak_lambda_init,S3,age_temporal,0,cf_rmse_lag,0.07828973751869511,0.08579744876939911,-0.0075077112507039995
C03_weak_lambda_init,S3,age_temporal,0,content_free_lambda_corr,0.9944512021694906,0.9833301426325979,0.011121059536892686
C03_weak_lambda_init,S3,age_temporal,0,content_free_lambda_rmse,1.1140605397863466,0.6671341319900441,0.44692640779630244
C03_weak_lambda_init,S3,age_temporal,0,delta_bce_beta0,0.007807482372133245,0.008058398779159925,-0.00025091640702668006
C03_weak_lambda_init,S3,age_temporal,0,delta_bce_full_age_shuffle,0.022052218819425873,0.022295758820408407,-0.00024354000098253392
C03_weak_lambda_init,S3,age_temporal,0,delta_bce_gate_age_shuffle,0.013205231821148855,0.012769911226623354,0.0004353205945255012
C03_weak_lambda_init,S3,age_temporal,0,gate_signal_correlation,0.7655249531594014,0.7112193035888383,0.05430564957056305
C03_weak_lambda_init,S3,age_temporal,0,gate_signal_mae,0.1507385562080915,0.16270293531396116,-0.011964379105869644
C03_weak_lambda_init,S3,age_temporal,0,gate_signal_rmse,0.18886825685901024,0.20835977900620867,-0.01949152214719843
C03_weak_lambda_init,S3,age_temporal,0,surface_rmse,0.12330308961282956,0.135324836877038,-0.012021747264208446
C03_weak_lambda_init,S3,age_temporal,1,abs_beta_mean,0.6876417398452759,0.602067768573761,0.08557397127151489
C03_weak_lambda_init,S3,age_temporal,1,auprc,0.5329521800030546,0.5286398731238876,0.0043123068791669494
C03_weak_lambda_init,S3,age_temporal,1,auroc,0.7335010078278169,0.7333393114972376,0.00016169633057927513
C03_weak_lambda_init,S3,age_temporal,1,bce,0.4871062797790004,0.48810483184336595,-0.0009985520643655543
C03_weak_lambda_init,S3,age_temporal,1,beta_mean,0.6876417398452759,0.602067768573761,0.08557397127151489
C03_weak_lambda_init,S3,age_temporal,1,cf_rmse_age,0.14075865315358488,0.1284680112363541,0.012290641917230782
C03_weak_lambda_init,S3,age_temporal,1,cf_rmse_lag,0.09289451987865116,0.09506922488676724,-0.0021747050081160763
C03_weak_lambda_init,S3,age_temporal,1,content_free_lambda_corr,0.9939064238037444,0.9825472702993657,0.01135915350437866
C03_weak_lambda_init,S3,age_temporal,1,content_free_lambda_rmse,1.114363245158556,0.6813381885848004,0.43302505657375545
C03_weak_lambda_init,S3,age_temporal,1,delta_bce_beta0,0.006617607680067639,0.006113029600472886,0.000504578079594753
C03_weak_lambda_init,S3,age_temporal,1,delta_bce_full_age_shuffle,0.019786557749418676,0.018570472651031622,0.0012160850983870541
C03_weak_lambda_init,S3,age_temporal,1,delta_bce_gate_age_shuffle,0.011339321564506066,0.009938009820549543,0.0014013117439565237
C03_weak_lambda_init,S3,age_temporal,1,gate_signal_correlation,0.7312728557392039,0.6754738188127297,0.055799036926474144
C03_weak_lambda_init,S3,age_temporal,1,gate_signal_mae,0.15930638545227674,0.17509795292919644,-0.015791567476919705
C03_weak_lambda_init,S3,age_temporal,1,gate_signal_rmse,0.20279505626543395,0.22629381497945816,-0.02349875871402421
C03_weak_lambda_init,S3,age_temporal,1,surface_rmse,0.16421826175025872,0.16690057461050906,-0.0026823128602503354
C03_weak_lambda_init,S3,age_temporal,2,abs_beta_mean,0.6447384357452393,0.5498735904693604,0.0948648452758789
C03_weak_lambda_init,S3,age_temporal,2,auprc,0.5340452565098429,0.5300718832813389,0.003973373228503996
C03_weak_lambda_init,S3,age_temporal,2,auroc,0.7336128015926953,0.7325039935257502,0.0011088080669450218
C03_weak_lambda_init,S3,age_temporal,2,bce,0.48690133528536395,0.48823594613784477,-0.001334610852480822
C03_weak_lambda_init,S3,age_temporal,2,beta_mean,0.6447384357452393,0.5498735904693604,0.0948648452758789
C03_weak_lambda_init,S3,age_temporal,2,cf_rmse_age,0.11786748895041382,0.12294584201412173,-0.005078353063707908
C03_weak_lambda_init,S3,age_temporal,2,cf_rmse_lag,0.08519460699612968,0.09029600811864452,-0.005101401122514837
C03_weak_lambda_init,S3,age_temporal,2,content_free_lambda_corr,0.9928957111991544,0.9812065022687293,0.011689208930425132
C03_weak_lambda_init,S3,age_temporal,2,content_free_lambda_rmse,1.119919842986927,0.6962124880761861,0.42370735491074096
C03_weak_lambda_init,S3,age_temporal,2,delta_bce_beta0,0.006324802380508532,0.006283994742377674,4.0807638130857526e-05
C03_weak_lambda_init,S3,age_temporal,2,delta_bce_full_age_shuffle,0.023663375458720104,0.022795165495692327,0.0008682099630277773
C03_weak_lambda_init,S3,age_temporal,2,delta_bce_gate_age_shuffle,0.01022942830235507,0.009337255662967503,0.0008921726393875673
C03_weak_lambda_init,S3,age_temporal,2,gate_signal_correlation,0.7285028772961871,0.6904362420433036,0.03806663525288356
C03_weak_lambda_init,S3,age_temporal,2,gate_signal_mae,0.16108673685665073,0.1735009607880281,-0.012414223931377366
C03_weak_lambda_init,S3,age_temporal,2,gate_signal_rmse,0.203137559256938,0.2186381364378518,-0.0155005771809138
C03_weak_lambda_init,S3,age_temporal,2,surface_rmse,0.1337566227029716,0.1492185873425538,-0.015461964639582215
C03_weak_lambda_init,S3,age_temporal,3,abs_beta_mean,0.6842380166053772,0.6119155883789062,0.07232242822647095
C03_weak_lambda_init,S3,age_temporal,3,auprc,0.5327163749079667,0.5361274037173259,-0.0034110288093591734
C03_weak_lambda_init,S3,age_temporal,3,auroc,0.7346580708713835,0.7362714094812015,-0.001613338609818049
C03_weak_lambda_init,S3,age_temporal,3,bce,0.48693569786672064,0.4856939847829642,0.0012417130837564239
C03_weak_lambda_init,S3,age_temporal,3,beta_mean,0.6842380166053772,0.6119155883789062,0.07232242822647095
C03_weak_lambda_init,S3,age_temporal,3,cf_rmse_age,0.15054107562214053,0.17427133545791956,-0.023730259835779033
C03_weak_lambda_init,S3,age_temporal,3,cf_rmse_lag,0.09647721914023165,0.1303996869501119,-0.033922467809880244
C03_weak_lambda_init,S3,age_temporal,3,content_free_lambda_corr,0.9938499368165774,0.9827643225226214,0.011085614293956048
C03_weak_lambda_init,S3,age_temporal,3,content_free_lambda_rmse,1.1160314534101254,0.67741065450099,0.4386207989091354
C03_weak_lambda_init,S3,age_temporal,3,delta_bce_beta0,0.006814211679865845,0.007254440371506854,-0.0004402286916410092
C03_weak_lambda_init,S3,age_temporal,3,delta_bce_full_age_shuffle,0.01757169403647818,0.01768165188571269,-0.00010995784923450991
C03_weak_lambda_init,S3,age_temporal,3,delta_bce_gate_age_shuffle,0.011959610519839348,0.011474082524097873,0.00048552799574147487
C03_weak_lambda_init,S3,age_temporal,3,gate_signal_correlation,0.715573295587218,0.7123368955511137,0.00323640003610437
C03_weak_lambda_init,S3,age_temporal,3,gate_signal_mae,0.1647850266149414,0.16548698615121796,-0.0007019595362765529
C03_weak_lambda_init,S3,age_temporal,3,gate_signal_rmse,0.21203975708036246,0.20889886506907535,0.0031408920112871164
C03_weak_lambda_init,S3,age_temporal,3,surface_rmse,0.17010761786876294,0.21624419922922186,-0.04613658136045892
C03_weak_lambda_init,S3,age_temporal,4,abs_beta_mean,0.6878291368484497,0.5829879641532898,0.10484117269515991
C03_weak_lambda_init,S3,age_temporal,4,auprc,0.5311061088216846,0.5253611581550321,0.005744950666652482
C03_weak_lambda_init,S3,age_temporal,4,auroc,0.7334911998269449,0.7319174324301306,0.0015737673968142518
C03_weak_lambda_init,S3,age_temporal,4,bce,0.4875370735541748,0.4897460632997194,-0.0022089897455446206
C03_weak_lambda_init,S3,age_temporal,4,beta_mean,0.6878291368484497,0.5829879641532898,0.10484117269515991
C03_weak_lambda_init,S3,age_temporal,4,cf_rmse_age,0.13263305556812555,0.12718159824630276,0.0054514573218227835
C03_weak_lambda_init,S3,age_temporal,4,cf_rmse_lag,0.0947625824002544,0.0988402295274539,-0.004077647127199505
C03_weak_lambda_init,S3,age_temporal,4,content_free_lambda_corr,0.9939365822166343,0.9819707581670871,0.011965824049547158
C03_weak_lambda_init,S3,age_temporal,4,content_free_lambda_rmse,1.115940426343633,0.6832347773852947,0.4327056489583383
C03_weak_lambda_init,S3,age_temporal,4,delta_bce_beta0,0.006710199220275881,0.006502716635346628,0.00020748258492925276
C03_weak_lambda_init,S3,age_temporal,4,delta_bce_full_age_shuffle,0.021358848229765803,0.020386240880757966,0.0009726073490078369
C03_weak_lambda_init,S3,age_temporal,4,delta_bce_gate_age_shuffle,0.011627143252987249,0.010077773738828955,0.0015493695141582942
C03_weak_lambda_init,S3,age_temporal,4,gate_signal_correlation,0.7454949264865018,0.6867565264378923,0.05873840004860953
C03_weak_lambda_init,S3,age_temporal,4,gate_signal_mae,0.1568830278948498,0.17277424500303518,-0.015891217108185363
C03_weak_lambda_init,S3,age_temporal,4,gate_signal_rmse,0.19842970069381743,0.22133661861902024,-0.022906917925202802
C03_weak_lambda_init,S3,age_temporal,4,surface_rmse,0.14092258954667322,0.15035266242736883,-0.009430072880695611
C03_weak_lambda_init,S3,matched,0,delta_auprc_at_minus_to,0.011028447972543542,0.011015962793962664,1.248517858087883e-05
C03_weak_lambda_init,S3,matched,0,delta_auroc_at_minus_to,0.0039745372861161865,0.0034715404548417705,0.000502996831274416
C03_weak_lambda_init,S3,matched,0,delta_bce_to_minus_at,0.004388295622011706,0.004519074516300237,-0.00013077889428853018
C03_weak_lambda_init,S3,matched,1,delta_auprc_at_minus_to,0.010491448874151432,0.010012412430804418,0.000479036443347014
C03_weak_lambda_init,S3,matched,1,delta_auroc_at_minus_to,0.003835672178910232,0.003020566248745249,0.0008151059301649832
C03_weak_lambda_init,S3,matched,1,delta_bce_to_minus_at,0.004342379124737561,0.004001850591326683,0.00034052853341087763
C03_weak_lambda_init,S3,matched,2,delta_auprc_at_minus_to,0.010733555577685294,0.010823017146969871,-8.946156928457683e-05
C03_weak_lambda_init,S3,matched,2,delta_auroc_at_minus_to,0.0034295657001222057,0.0034475656108131636,-1.7999910690957854e-05
C03_weak_lambda_init,S3,matched,2,delta_bce_to_minus_at,0.004480440767877736,0.004544821021969236,-6.438025409150061e-05
C03_weak_lambda_init,S3,matched,3,delta_auprc_at_minus_to,0.011932267387763207,0.011292740097252119,0.0006395272905110883
C03_weak_lambda_init,S3,matched,3,delta_auroc_at_minus_to,0.0051146083558401,0.004068423211457839,0.0010461851443822612
C03_weak_lambda_init,S3,matched,3,delta_bce_to_minus_at,0.004900236385312562,0.0047703589072232155,0.00012987747808934635
C03_weak_lambda_init,S3,matched,4,delta_auprc_at_minus_to,0.010307790628451885,0.01117895101350641,-0.0008711603850545258
C03_weak_lambda_init,S3,matched,4,delta_auroc_at_minus_to,0.003404515077341963,0.005503051710528117,-0.0020985366331861544
C03_weak_lambda_init,S3,matched,4,delta_bce_to_minus_at,0.003823174939647289,0.0044284793125844435,-0.0006053043729371543
C03_weak_lambda_init,S3,temporal_only,0,abs_beta_mean,0.0,0.0,0.0
C03_weak_lambda_init,S3,temporal_only,0,auprc,0.5231442347882509,0.5216313699507381,0.001512864837512784
C03_weak_lambda_init,S3,temporal_only,0,auroc,0.7289742350262076,0.7300447729909365,-0.0010705379647288904
C03_weak_lambda_init,S3,temporal_only,0,bce,0.4914285683385089,0.49174351201849487,-0.0003149436799859684
C03_weak_lambda_init,S3,temporal_only,0,beta_mean,0.0,0.0,0.0
C03_weak_lambda_init,S3,temporal_only,0,cf_rmse_age,0.12365929931212706,0.13165706924189888,-0.007997769929771817
C03_weak_lambda_init,S3,temporal_only,0,cf_rmse_lag,0.08474438589785589,0.08871319993757107,-0.003968814039715177
C03_weak_lambda_init,S3,temporal_only,0,content_free_lambda_rmse,1.1501268118568897,0.8446238120267366,0.30550299983015305
C03_weak_lambda_init,S3,temporal_only,0,delta_bce_beta0,0.0,0.0,0.0
C03_weak_lambda_init,S3,temporal_only,0,delta_bce_full_age_shuffle,0.00928598993471852,0.009376257387607612,-9.026745288909233e-05
C03_weak_lambda_init,S3,temporal_only,0,delta_bce_gate_age_shuffle,0.0,0.0,0.0
C03_weak_lambda_init,S3,temporal_only,0,gate_signal_correlation,0.5144754360048952,0.48565514142147426,0.028820294583420947
C03_weak_lambda_init,S3,temporal_only,0,gate_signal_mae,0.2196951417169239,0.22380085849561673,-0.004105716778692842
C03_weak_lambda_init,S3,temporal_only,0,gate_signal_rmse,0.262983119221374,0.2735857891049966,-0.010602669883622573
C03_weak_lambda_init,S3,temporal_only,0,surface_rmse,0.13920459032832885,0.14740168905242296,-0.008197098724094104
C03_weak_lambda_init,S3,temporal_only,1,abs_beta_mean,0.0,0.0,0.0
C03_weak_lambda_init,S3,temporal_only,1,auprc,0.5224607311289031,0.5186274606930832,0.0038332704358199354
C03_weak_lambda_init,S3,temporal_only,1,auroc,0.7296653356489067,0.7303187452484924,-0.0006534095995857081
C03_weak_lambda_init,S3,temporal_only,1,bce,0.49144865890373796,0.49210668243469263,-0.0006580235309546767
C03_weak_lambda_init,S3,temporal_only,1,beta_mean,0.0,0.0,0.0
C03_weak_lambda_init,S3,temporal_only,1,cf_rmse_age,0.14304262697466322,0.12638658437210373,0.016656042602559484
C03_weak_lambda_init,S3,temporal_only,1,cf_rmse_lag,0.09414947158989934,0.09540417221367195,-0.0012547006237726144
C03_weak_lambda_init,S3,temporal_only,1,content_free_lambda_rmse,1.1493909850964683,0.8449056229528263,0.30448536214364197
C03_weak_lambda_init,S3,temporal_only,1,delta_bce_beta0,0.0,0.0,0.0
C03_weak_lambda_init,S3,temporal_only,1,delta_bce_full_age_shuffle,0.008059501363824328,0.007643986785702717,0.00041551457812161186
C03_weak_lambda_init,S3,temporal_only,1,delta_bce_gate_age_shuffle,0.0,0.0,0.0
C03_weak_lambda_init,S3,temporal_only,1,gate_signal_correlation,0.48843435205608327,0.47643099737292194,0.012003354683161327
C03_weak_lambda_init,S3,temporal_only,1,gate_signal_mae,0.22653944246598318,0.22953904204420675,-0.002999599578223572
C03_weak_lambda_init,S3,temporal_only,1,gate_signal_rmse,0.27452328992064273,0.28044529005308716,-0.005922000132444427
C03_weak_lambda_init,S3,temporal_only,1,surface_rmse,0.16777065997483612,0.16834549926456685,-0.0005748392897307331
C03_weak_lambda_init,S3,temporal_only,2,abs_beta_mean,0.0,0.0,0.0
C03_weak_lambda_init,S3,temporal_only,2,auprc,0.5233117009321576,0.519248866134369,0.004062834797788573
C03_weak_lambda_init,S3,temporal_only,2,auroc,0.7301832358925731,0.7290564279149371,0.0011268079776359796
C03_weak_lambda_init,S3,temporal_only,2,bce,0.4913817760532417,0.492780767159814,-0.0013989911065723226
C03_weak_lambda_init,S3,temporal_only,2,beta_mean,0.0,0.0,0.0
C03_weak_lambda_init,S3,temporal_only,2,cf_rmse_age,0.13436858315105485,0.12710381325262518,0.007264769898429668
C03_weak_lambda_init,S3,temporal_only,2,cf_rmse_lag,0.09272526892181492,0.0987527474458358,-0.006027478524020885
C03_weak_lambda_init,S3,temporal_only,2,content_free_lambda_rmse,1.1510679381018531,0.8442763561680136,0.3067915819338396
C03_weak_lambda_init,S3,temporal_only,2,delta_bce_beta0,0.0,0.0,0.0
C03_weak_lambda_init,S3,temporal_only,2,delta_bce_full_age_shuffle,0.011668166019149828,0.011647029998739455,2.113602041037277e-05
C03_weak_lambda_init,S3,temporal_only,2,delta_bce_gate_age_shuffle,0.0,0.0,0.0
C03_weak_lambda_init,S3,temporal_only,2,gate_signal_correlation,0.4949995948624824,0.48723055643509694,0.007769038427385466
C03_weak_lambda_init,S3,temporal_only,2,gate_signal_mae,0.22506513777165862,0.22771050395816106,-0.0026453661865024347
C03_weak_lambda_init,S3,temporal_only,2,gate_signal_rmse,0.27202211781369945,0.2768773955112718,-0.004855277697572324
C03_weak_lambda_init,S3,temporal_only,2,surface_rmse,0.15174537489854634,0.159020858801684,-0.007275483903137675
C03_weak_lambda_init,S3,temporal_only,3,abs_beta_mean,0.0,0.0,0.0
C03_weak_lambda_init,S3,temporal_only,3,auprc,0.5207841075202035,0.5248346636200738,-0.004050556099870262
C03_weak_lambda_init,S3,temporal_only,3,auroc,0.7295434625155434,0.7322029862697437,-0.0026595237542003103
C03_weak_lambda_init,S3,temporal_only,3,bce,0.4918359342520332,0.49046434369018743,0.0013715905618457702
C03_weak_lambda_init,S3,temporal_only,3,beta_mean,0.0,0.0,0.0
C03_weak_lambda_init,S3,temporal_only,3,cf_rmse_age,0.15733926640790719,0.1677658125192229,-0.010426546111315715
C03_weak_lambda_init,S3,temporal_only,3,cf_rmse_lag,0.10847837058113964,0.13191660763387578,-0.023438237052736136
C03_weak_lambda_init,S3,temporal_only,3,content_free_lambda_rmse,1.1502523474945663,0.8452283545590361,0.3050239929355302
C03_weak_lambda_init,S3,temporal_only,3,delta_bce_beta0,0.0,0.0,0.0
C03_weak_lambda_init,S3,temporal_only,3,delta_bce_full_age_shuffle,0.009139868096173731,0.008836378738868389,0.0003034893573053421
C03_weak_lambda_init,S3,temporal_only,3,delta_bce_gate_age_shuffle,0.0,0.0,0.0
C03_weak_lambda_init,S3,temporal_only,3,gate_signal_correlation,0.4842290039372152,0.49855495136439837,-0.014325947427183183
C03_weak_lambda_init,S3,temporal_only,3,gate_signal_mae,0.22916131402075834,0.22221492310831875,0.006946390912439593
C03_weak_lambda_init,S3,temporal_only,3,gate_signal_rmse,0.27776253586690614,0.2691797801957582,0.008582755671147912
C03_weak_lambda_init,S3,temporal_only,3,surface_rmse,0.19357879807215042,0.21707777141272036,-0.02349897334056994
C03_weak_lambda_init,S3,temporal_only,4,abs_beta_mean,0.0,0.0,0.0
C03_weak_lambda_init,S3,temporal_only,4,auprc,0.5207983181932327,0.5141822071415257,0.006616111051707008
C03_weak_lambda_init,S3,temporal_only,4,auroc,0.7300866847496029,0.7264143807196025,0.003672304030000406
C03_weak_lambda_init,S3,temporal_only,4,bce,0.4913602484938221,0.49417454261230387,-0.002814294118481775
C03_weak_lambda_init,S3,temporal_only,4,beta_mean,0.0,0.0,0.0
C03_weak_lambda_init,S3,temporal_only,4,cf_rmse_age,0.14547419832164313,0.14476478873374138,0.0007094095879017492
C03_weak_lambda_init,S3,temporal_only,4,cf_rmse_lag,0.09665982351385999,0.1147622276315806,-0.018102404117720614
C03_weak_lambda_init,S3,temporal_only,4,content_free_lambda_rmse,1.1503064347328416,0.8425353541600483,0.30777108057279323
C03_weak_lambda_init,S3,temporal_only,4,delta_bce_beta0,0.0,0.0,0.0
C03_weak_lambda_init,S3,temporal_only,4,delta_bce_full_age_shuffle,0.009477832601386904,0.009056919754683035,0.0004209128467038692
C03_weak_lambda_init,S3,temporal_only,4,delta_bce_gate_age_shuffle,0.0,0.0,0.0
C03_weak_lambda_init,S3,temporal_only,4,gate_signal_correlation,0.4935454747564446,0.4826972056371729,0.010848269119271725
C03_weak_lambda_init,S3,temporal_only,4,gate_signal_mae,0.2255664013357798,0.22933379284300542,-0.0037673915072256314
C03_weak_lambda_init,S3,temporal_only,4,gate_signal_rmse,0.2730316941398255,0.2794839702770729,-0.006452276137247415
C03_weak_lambda_init,S3,temporal_only,4,surface_rmse,0.1530024052805415,0.16667019472094116,-0.013667789440399675
C04_no_content_persistence,S0,age_temporal,0,abs_beta_mean,0.053882256150245667,0.04978904128074646,0.0040932148694992065
C04_no_content_persistence,S0,age_temporal,0,auprc,0.526941054999218,0.5296080665494216,-0.0026670115502036573
C04_no_content_persistence,S0,age_temporal,0,auroc,0.7303787482034585,0.7334018081536009,-0.003023059950142404
C04_no_content_persistence,S0,age_temporal,0,bce,0.48235902710056566,0.4806428490322751,0.0017161780682905525
C04_no_content_persistence,S0,age_temporal,0,beta_mean,0.053882256150245667,0.04978904128074646,0.0040932148694992065
C04_no_content_persistence,S0,age_temporal,0,cf_rmse_age,0.06815417536861744,0.08308225857201237,-0.014928083203394935
C04_no_content_persistence,S0,age_temporal,0,cf_rmse_lag,0.11239671393218392,0.11640719659928514,-0.004010482667101217
C04_no_content_persistence,S0,age_temporal,0,content_free_lambda_rmse,0.06863758728186169,0.031856281330717835,0.03678130595114385
C04_no_content_persistence,S0,age_temporal,0,delta_bce_beta0,2.9185950919663473e-05,8.668917983567503e-06,2.051703293609597e-05
C04_no_content_persistence,S0,age_temporal,0,delta_bce_full_age_shuffle,0.005026229238272839,0.005402318749690327,-0.0003760895114174878
C04_no_content_persistence,S0,age_temporal,0,delta_bce_gate_age_shuffle,0.00011820985473431911,8.281515396046935e-05,3.539470077384976e-05
C04_no_content_persistence,S0,age_temporal,0,gate_signal_correlation,0.9991849105859087,0.8942223610434816,0.10496254954242712
C04_no_content_persistence,S0,age_temporal,0,gate_signal_mae,0.02535092997880352,0.058537998327670156,-0.03318706834886664
C04_no_content_persistence,S0,age_temporal,0,gate_signal_rmse,0.026990693178883734,0.10231461241529326,-0.07532391923640952
C04_no_content_persistence,S0,age_temporal,0,surface_rmse,0.14992868991846842,0.1503116762195039,-0.00038298630103547615
C04_no_content_persistence,S0,age_temporal,1,abs_beta_mean,0.027379555627703667,0.011464101262390614,0.015915454365313053
C04_no_content_persistence,S0,age_temporal,1,auprc,0.521700983992795,0.5268778885349943,-0.005176904542199323
C04_no_content_persistence,S0,age_temporal,1,auroc,0.7262941208323754,0.731115848292132,-0.0048217274597566195
C04_no_content_persistence,S0,age_temporal,1,bce,0.4849987086259057,0.482053698864931,0.002945009760974726
C04_no_content_persistence,S0,age_temporal,1,beta_mean,-0.027379555627703667,0.011464101262390614,-0.03884365689009428
C04_no_content_persistence,S0,age_temporal,1,cf_rmse_age,0.08478937432393581,0.10960712533862747,-0.024817751014691664
C04_no_content_persistence,S0,age_temporal,1,cf_rmse_lag,0.1203990336651894,0.12693664121579312,-0.006537607550603716
C04_no_content_persistence,S0,age_temporal,1,content_free_lambda_rmse,0.06417774014580435,0.03935393863867239,0.02482380150713196
C04_no_content_persistence,S0,age_temporal,1,delta_bce_beta0,6.018958298914523e-05,-1.25439318526821e-05,7.273351484182733e-05
C04_no_content_persistence,S0,age_temporal,1,delta_bce_full_age_shuffle,0.0021893746638180778,0.0025570379784510266,-0.0003676633146329489
C04_no_content_persistence,S0,age_temporal,1,delta_bce_gate_age_shuffle,6.94797623820298e-05,-5.97453501538503e-06,7.545429739741483e-05
C04_no_content_persistence,S0,age_temporal,1,gate_signal_correlation,0.999492182655468,0.9259799889673047,0.07351219368816331
C04_no_content_persistence,S0,age_temporal,1,gate_signal_mae,0.0253721488006446,0.050731986746074535,-0.025359837945429935
C04_no_content_persistence,S0,age_temporal,1,gate_signal_rmse,0.026538643608731833,0.08456179356108491,-0.05802314995235308
C04_no_content_persistence,S0,age_temporal,1,surface_rmse,0.15351775537389248,0.15367456751097977,-0.00015681213708729214
C04_no_content_persistence,S0,age_temporal,2,abs_beta_mean,0.04685812443494797,0.020279379561543465,0.026578744873404503
C04_no_content_persistence,S0,age_temporal,2,auprc,0.5223840311973884,0.5238882520896395,-0.0015042208922511069
C04_no_content_persistence,S0,age_temporal,2,auroc,0.7274394258573745,0.7303670482020509,-0.0029276223446763616
C04_no_content_persistence,S0,age_temporal,2,bce,0.48415718974245253,0.4830817318863371,0.0010754578561154582
C04_no_content_persistence,S0,age_temporal,2,beta_mean,-0.04685812443494797,-0.020279379561543465,-0.026578744873404503
C04_no_content_persistence,S0,age_temporal,2,cf_rmse_age,0.07662882702335722,0.09858325932001033,-0.021954432296653115
C04_no_content_persistence,S0,age_temporal,2,cf_rmse_lag,0.12006064317605976,0.13534132815383793,-0.015280684977778167
C04_no_content_persistence,S0,age_temporal,2,content_free_lambda_rmse,0.06308229842049679,0.03375464789357015,0.029327650526926638
C04_no_content_persistence,S0,age_temporal,2,delta_bce_beta0,8.650458382775117e-05,3.1312002447547727e-05,5.519258138020344e-05
C04_no_content_persistence,S0,age_temporal,2,delta_bce_full_age_shuffle,0.004513768306187493,0.005448884099637563,-0.0009351157934500698
C04_no_content_persistence,S0,age_temporal,2,delta_bce_gate_age_shuffle,0.00010122241239690632,1.4039961121481426e-05,8.71824512754249e-05
C04_no_content_persistence,S0,age_temporal,2,gate_signal_correlation,0.999313127907137,0.8560636309164751,0.14324949699066192
C04_no_content_persistence,S0,age_temporal,2,gate_signal_mae,0.02491123467431141,0.06581166671629682,-0.04090043204198541
C04_no_content_persistence,S0,age_temporal,2,gate_signal_rmse,0.026372299467719462,0.12351198989778926,-0.0971396904300698
C04_no_content_persistence,S0,age_temporal,2,surface_rmse,0.14945628450573656,0.16429447406673842,-0.014838189561001858
C04_no_content_persistence,S0,age_temporal,3,abs_beta_mean,0.029753703624010086,0.03535430505871773,-0.005600601434707642
C04_no_content_persistence,S0,age_temporal,3,auprc,0.5255892140344913,0.5279717138257447,-0.0023824997912533785
C04_no_content_persistence,S0,age_temporal,3,auroc,0.729464110123502,0.732108261569415,-0.002644151445913012
C04_no_content_persistence,S0,age_temporal,3,bce,0.4835362196127297,0.4819322606840814,0.0016039589286482858
C04_no_content_persistence,S0,age_temporal,3,beta_mean,0.029753703624010086,0.03535430505871773,-0.005600601434707642
C04_no_content_persistence,S0,age_temporal,3,cf_rmse_age,0.09779660499183541,0.11860078629085011,-0.020804181299014693
C04_no_content_persistence,S0,age_temporal,3,cf_rmse_lag,0.10979053236244868,0.11825170749435876,-0.008461175131910081
C04_no_content_persistence,S0,age_temporal,3,content_free_lambda_rmse,0.07016826828678287,0.035060183566991907,0.03510808471979096
C04_no_content_persistence,S0,age_temporal,3,delta_bce_beta0,-3.6937988795449073e-06,1.9773450585791608e-06,-5.671143938124068e-06
C04_no_content_persistence,S0,age_temporal,3,delta_bce_full_age_shuffle,0.004657115168140047,0.005476744411670453,-0.0008196292435304064
C04_no_content_persistence,S0,age_temporal,3,delta_bce_gate_age_shuffle,7.229974019529184e-06,2.184771361252169e-05,-1.4617739592992507e-05
C04_no_content_persistence,S0,age_temporal,3,gate_signal_correlation,0.9994151207904448,0.9052954838709347,0.09411963691951009
C04_no_content_persistence,S0,age_temporal,3,gate_signal_mae,0.026880057978195027,0.05469462765413096,-0.027814569675935933
C04_no_content_persistence,S0,age_temporal,3,gate_signal_rmse,0.028127265117399377,0.09765861700776518,-0.0695313518903658
C04_no_content_persistence,S0,age_temporal,3,surface_rmse,0.14239589246898293,0.1509623955451689,-0.008566503076185977
C04_no_content_persistence,S0,age_temporal,4,abs_beta_mean,0.0018442142754793167,0.0031639905646443367,-0.00131977628916502
C04_no_content_persistence,S0,age_temporal,4,auprc,0.5245501426552579,0.5261686705117078,-0.0016185278564498917
C04_no_content_persistence,S0,age_temporal,4,auroc,0.7284787759824092,0.7316953062565781,-0.003216530274168905
C04_no_content_persistence,S0,age_temporal,4,bce,0.48355698148258175,0.48151061692912545,0.0020463645534563035
C04_no_content_persistence,S0,age_temporal,4,beta_mean,-0.0018442142754793167,0.0031639905646443367,-0.005008204840123653
C04_no_content_persistence,S0,age_temporal,4,cf_rmse_age,0.07038771715071625,0.08286302774714167,-0.012475310596425426
C04_no_content_persistence,S0,age_temporal,4,cf_rmse_lag,0.10115505231564338,0.11139740683119081,-0.010242354515547433
C04_no_content_persistence,S0,age_temporal,4,content_free_lambda_rmse,0.05867936584907623,0.03074675207583242,0.02793261377324381
C04_no_content_persistence,S0,age_temporal,4,delta_bce_beta0,-1.200705215254061e-07,-2.357533042340876e-06,2.2374625208154697e-06
C04_no_content_persistence,S0,age_temporal,4,delta_bce_full_age_shuffle,0.005486696694664783,0.005946130476437661,-0.00045943378177287775
C04_no_content_persistence,S0,age_temporal,4,delta_bce_gate_age_shuffle,-1.4565283718015465e-06,9.725543985150686e-07,-2.429082770316615e-06
C04_no_content_persistence,S0,age_temporal,4,gate_signal_correlation,0.9996650986227953,0.8706569702352823,0.12900812838751297
C04_no_content_persistence,S0,age_temporal,4,gate_signal_mae,0.022776282201115345,0.06004317724737618,-0.03726689504626084
C04_no_content_persistence,S0,age_temporal,4,gate_signal_rmse,0.023704239752762483,0.11501639806420964,-0.09131215831144716
C04_no_content_persistence,S0,age_temporal,4,surface_rmse,0.13669527446610574,0.14514842713951528,-0.008453152673409542
C04_no_content_persistence,S0,matched,0,delta_auprc_at_minus_to,-8.36643306346696e-05,-6.648490076321956e-05,-1.7179429871450047e-05
C04_no_content_persistence,S0,matched,0,delta_auroc_at_minus_to,3.971598222152206e-05,3.461861318720949e-05,5.097369034312571e-06
C04_no_content_persistence,S0,matched,0,delta_bce_to_minus_at,2.3740754596823788e-05,1.1285860192111752e-05,1.2454894404712036e-05
C04_no_content_persistence,S0,matched,1,delta_auprc_at_minus_to,-0.0001155934846911455,-0.00035540028214253727,0.00023980679745139177
C04_no_content_persistence,S0,matched,1,delta_auroc_at_minus_to,-6.419117313583023e-05,-4.247237353061095e-05,-2.1718799605219274e-05
C04_no_content_persistence,S0,matched,1,delta_bce_to_minus_at,-4.7433191529888674e-05,-0.00017155527440210205,0.00012412208287221338
C04_no_content_persistence,S0,matched,2,delta_auprc_at_minus_to,-0.0002521717982716387,-4.299376821115253e-06,-0.00024787242145052346
C04_no_content_persistence,S0,matched,2,delta_auroc_at_minus_to,-0.0003188739105411953,-2.638609339988829e-05,-0.000292487817141307
C04_no_content_persistence,S0,matched,2,delta_bce_to_minus_at,-0.0001207052683828147,-5.310887438658707e-06,-0.000115394380944156
C04_no_content_persistence,S0,matched,3,delta_auprc_at_minus_to,-4.7685630090721354e-05,0.0010286741618541484,-0.0010763597919448697
C04_no_content_persistence,S0,matched,3,delta_auroc_at_minus_to,-0.00011291674290725418,0.0013562251631549227,-0.0014691419060621769
C04_no_content_persistence,S0,matched,3,delta_bce_to_minus_at,1.1402695790918571e-06,-7.186558560184908e-05,7.300585518094094e-05
C04_no_content_persistence,S0,matched,4,delta_auprc_at_minus_to,-0.00010663367679986102,8.312491931339316e-06,-0.00011494616873120034
C04_no_content_persistence,S0,matched,4,delta_auroc_at_minus_to,-5.231523185744713e-05,4.471805049144351e-06,-5.678703690659148e-05
C04_no_content_persistence,S0,matched,4,delta_bce_to_minus_at,-3.514127035741943e-05,3.322340479228192e-06,-3.846361083664762e-05
C04_no_content_persistence,S0,temporal_only,0,abs_beta_mean,0.0,0.0,0.0
C04_no_content_persistence,S0,temporal_only,0,auprc,0.5270247193298526,0.5296745514501848,-0.0026498321203322073
C04_no_content_persistence,S0,temporal_only,0,auroc,0.730339032221237,0.7333671895404137,-0.0030281573191767164
C04_no_content_persistence,S0,temporal_only,0,bce,0.4823827678551625,0.4806541348924672,0.0017286329626952646
C04_no_content_persistence,S0,temporal_only,0,beta_mean,0.0,0.0,0.0
C04_no_content_persistence,S0,temporal_only,0,cf_rmse_age,0.06931831249341149,0.08414547823781746,-0.01482716574440597
C04_no_content_persistence,S0,temporal_only,0,cf_rmse_lag,0.11150806257703372,0.11527290838970335,-0.003764845812669629
C04_no_content_persistence,S0,temporal_only,0,content_free_lambda_rmse,0.06581967878611104,0.02869981336863059,0.037119865417480455
C04_no_content_persistence,S0,temporal_only,0,delta_bce_beta0,0.0,0.0,0.0
C04_no_content_persistence,S0,temporal_only,0,delta_bce_full_age_shuffle,0.005037197531775783,0.005448421935103198,-0.00041122440332741483
C04_no_content_persistence,S0,temporal_only,0,delta_bce_gate_age_shuffle,0.0,0.0,0.0
C04_no_content_persistence,S0,temporal_only,0,gate_signal_correlation,0.9995778490700522,0.8944071110982615,0.10517073797179066
C04_no_content_persistence,S0,temporal_only,0,gate_signal_mae,0.02574681253594524,0.05841725569190165,-0.03267044315595641
C04_no_content_persistence,S0,temporal_only,0,gate_signal_rmse,0.026771336380943235,0.10242814526854555,-0.07565680888760232
C04_no_content_persistence,S0,temporal_only,0,surface_rmse,0.14976246654532024,0.14982460786457688,-6.214131925663668e-05
C04_no_content_persistence,S0,temporal_only,1,abs_beta_mean,0.0,0.0,0.0
C04_no_content_persistence,S0,temporal_only,1,auprc,0.5218165774774861,0.5272332888171368,-0.005416711339650715
C04_no_content_persistence,S0,temporal_only,1,auroc,0.7263583120055113,0.7311583206656627,-0.0048000086601514
C04_no_content_persistence,S0,temporal_only,1,bce,0.48495127543437583,0.4818821435905289,0.0030691318438469395
C04_no_content_persistence,S0,temporal_only,1,beta_mean,0.0,0.0,0.0
C04_no_content_persistence,S0,temporal_only,1,cf_rmse_age,0.08395316743909866,0.10981046715243505,-0.02585729971333639
C04_no_content_persistence,S0,temporal_only,1,cf_rmse_lag,0.12033830085433864,0.12656025686406394,-0.006221956009725305
C04_no_content_persistence,S0,temporal_only,1,content_free_lambda_rmse,0.06458836603434104,0.03921836424143332,0.025370001792907715
C04_no_content_persistence,S0,temporal_only,1,delta_bce_beta0,0.0,0.0,0.0
C04_no_content_persistence,S0,temporal_only,1,delta_bce_full_age_shuffle,0.002175233834686874,0.0025488615066479037,-0.00037362767196102986
C04_no_content_persistence,S0,temporal_only,1,delta_bce_gate_age_shuffle,0.0,0.0,0.0
C04_no_content_persistence,S0,temporal_only,1,gate_signal_correlation,0.999593846237656,0.926111351452864,0.07348249478479196
C04_no_content_persistence,S0,temporal_only,1,gate_signal_mae,0.025225140682432475,0.0507204262482169,-0.025495285565784422
C04_no_content_persistence,S0,temporal_only,1,gate_signal_rmse,0.02623299544497352,0.08421856293218988,-0.05798556748721636
C04_no_content_persistence,S0,temporal_only,1,surface_rmse,0.15342552979416219,0.1531521984556662,0.0002733313384959968
C04_no_content_persistence,S0,temporal_only,2,abs_beta_mean,0.0,0.0,0.0
C04_no_content_persistence,S0,temporal_only,2,auprc,0.52263620299566,0.5238925514664606,-0.0012563484708005834
C04_no_content_persistence,S0,temporal_only,2,auroc,0.7277582997679157,0.7303934342954508,-0.0026351345275350546
C04_no_content_persistence,S0,temporal_only,2,bce,0.4840364844740697,0.4830764209988984,0.0009600634751713022
C04_no_content_persistence,S0,temporal_only,2,beta_mean,0.0,0.0,0.0
C04_no_content_persistence,S0,temporal_only,2,cf_rmse_age,0.07663752348278036,0.09913553635485707,-0.022498012872076714
C04_no_content_persistence,S0,temporal_only,2,cf_rmse_lag,0.12046186054776437,0.13577891931022554,-0.015317058762461172
C04_no_content_persistence,S0,temporal_only,2,content_free_lambda_rmse,0.06317078876764792,0.03327709245951194,0.029893696308135986
C04_no_content_persistence,S0,temporal_only,2,delta_bce_beta0,0.0,0.0,0.0
C04_no_content_persistence,S0,temporal_only,2,delta_bce_full_age_shuffle,0.004518650648995648,0.00550750129427291,-0.0009888506452772616
C04_no_content_persistence,S0,temporal_only,2,delta_bce_gate_age_shuffle,0.0,0.0,0.0
C04_no_content_persistence,S0,temporal_only,2,gate_signal_correlation,0.9996118644681706,0.8566828732602048,0.14292899120796587
C04_no_content_persistence,S0,temporal_only,2,gate_signal_mae,0.024626568907479673,0.0657725230570137,-0.04114595414953402
C04_no_content_persistence,S0,temporal_only,2,gate_signal_rmse,0.025615113372536077,0.12317083620847916,-0.09755572283594308
C04_no_content_persistence,S0,temporal_only,2,surface_rmse,0.15018318697918603,0.16478229224284469,-0.014599105263658652
C04_no_content_persistence,S0,temporal_only,3,abs_beta_mean,0.0,0.0,0.0
C04_no_content_persistence,S0,temporal_only,3,auprc,0.525636899664582,0.5269430396638906,-0.0013061399993085088
C04_no_content_persistence,S0,temporal_only,3,auroc,0.7295770268664092,0.7307520364062601,-0.0011750095398508353
C04_no_content_persistence,S0,temporal_only,3,bce,0.4835373598823088,0.48186039509847955,0.0016769647838292268
C04_no_content_persistence,S0,temporal_only,3,beta_mean,0.0,0.0,0.0
C04_no_content_persistence,S0,temporal_only,3,cf_rmse_age,0.0960130440877713,0.11313308421402934,-0.01712004012625805
C04_no_content_persistence,S0,temporal_only,3,cf_rmse_lag,0.10958953961785001,0.11800553722134975,-0.008415997603499745
C04_no_content_persistence,S0,temporal_only,3,content_free_lambda_rmse,0.06834602165491599,0.03146529007227438,0.03688073158264161
C04_no_content_persistence,S0,temporal_only,3,delta_bce_beta0,0.0,0.0,0.0
C04_no_content_persistence,S0,temporal_only,3,delta_bce_full_age_shuffle,0.004599935989375248,0.005620222900700744,-0.0010202869113254964
C04_no_content_persistence,S0,temporal_only,3,delta_bce_gate_age_shuffle,0.0,0.0,0.0
C04_no_content_persistence,S0,temporal_only,3,gate_signal_correlation,0.9995440158790023,0.8883809744941378,0.11116304138486455
C04_no_content_persistence,S0,temporal_only,3,gate_signal_mae,0.0268222764403784,0.05808107748336999,-0.03125880104299159
C04_no_content_persistence,S0,temporal_only,3,gate_signal_rmse,0.027880696369731374,0.10504304175008819,-0.07716234538035682
C04_no_content_persistence,S0,temporal_only,3,surface_rmse,0.14225377165190237,0.14902255691470706,-0.006768785262804694
C04_no_content_persistence,S0,temporal_only,4,abs_beta_mean,0.0,0.0,0.0
C04_no_content_persistence,S0,temporal_only,4,auprc,0.5246567763320578,0.5261603580197765,-0.0015035816877186914
C04_no_content_persistence,S0,temporal_only,4,auroc,0.7285310912142666,0.7316908344515289,-0.0031597432372623135
C04_no_content_persistence,S0,temporal_only,4,bce,0.48352184021222433,0.4815139392696047,0.002007900942619656
C04_no_content_persistence,S0,temporal_only,4,beta_mean,0.0,0.0,0.0
C04_no_content_persistence,S0,temporal_only,4,cf_rmse_age,0.07049056522932881,0.08284167493527446,-0.012351109705945648
C04_no_content_persistence,S0,temporal_only,4,cf_rmse_lag,0.10096007497416881,0.11130516010406907,-0.010345085129900261
C04_no_content_persistence,S0,temporal_only,4,content_free_lambda_rmse,0.05895250845224875,0.030725417616677467,0.028227090835571286
C04_no_content_persistence,S0,temporal_only,4,delta_bce_beta0,0.0,0.0,0.0
C04_no_content_persistence,S0,temporal_only,4,delta_bce_full_age_shuffle,0.005492521062374245,0.0059405503248018965,-0.0004480292624276516
C04_no_content_persistence,S0,temporal_only,4,delta_bce_gate_age_shuffle,0.0,0.0,0.0
C04_no_content_persistence,S0,temporal_only,4,gate_signal_correlation,0.999662969045461,0.8709039373269316,0.12875903171852943
C04_no_content_persistence,S0,temporal_only,4,gate_signal_mae,0.022858075669325413,0.059961832940496645,-0.03710375727117123
C04_no_content_persistence,S0,temporal_only,4,gate_signal_rmse,0.023788397048364242,0.11488319514919978,-0.09109479810083554
C04_no_content_persistence,S0,temporal_only,4,surface_rmse,0.13638686381356732,0.14505630645072745,-0.00866944263716013
C04_no_content_persistence,S1,age_temporal,0,abs_beta_mean,0.06298697739839554,0.1005406603217125,-0.037553682923316956
C04_no_content_persistence,S1,age_temporal,0,auprc,0.5345858764708492,0.537335282187853,-0.0027494057170037722
C04_no_content_persistence,S1,age_temporal,0,auroc,0.7389881118700219,0.7401830256045248,-0.001194913734502867
C04_no_content_persistence,S1,age_temporal,0,bce,0.4822908941123244,0.48117162051291396,0.001119273599410442
C04_no_content_persistence,S1,age_temporal,0,beta_mean,0.06298697739839554,0.1005406603217125,-0.037553682923316956
C04_no_content_persistence,S1,age_temporal,0,cf_rmse_age,0.13980188401128174,0.1402103413042319,-0.0004084572929501651
C04_no_content_persistence,S1,age_temporal,0,cf_rmse_lag,0.12165412287499792,0.12067959025784977,0.0009745326171481522
C04_no_content_persistence,S1,age_temporal,0,content_free_lambda_rmse,0.12423917776859443,0.05383579713373729,0.07040338063485714
C04_no_content_persistence,S1,age_temporal,0,delta_bce_beta0,0.00017480915607792635,0.000276302743403789,-0.00010149358732586267
C04_no_content_persistence,S1,age_temporal,0,delta_bce_full_age_shuffle,0.008310993148285706,0.008455465136340767,-0.00014447198805506156
C04_no_content_persistence,S1,age_temporal,0,delta_bce_gate_age_shuffle,0.00018347811385982515,0.00033391308487323856,-0.0001504349710134134
C04_no_content_persistence,S1,age_temporal,0,gate_signal_correlation,0.9979688739807506,0.9757352123806298,0.022233661600120858
C04_no_content_persistence,S1,age_temporal,0,gate_signal_mae,0.0508969203299283,0.033911053696513045,0.016985866633415253
C04_no_content_persistence,S1,age_temporal,0,gate_signal_rmse,0.05300456641090481,0.05250495182444817,0.0004996145864566426
C04_no_content_persistence,S1,age_temporal,0,surface_rmse,0.17977034935982789,0.17011170753699503,0.009658641822832853
C04_no_content_persistence,S1,age_temporal,1,abs_beta_mean,0.04529476910829544,0.011787141673266888,0.03350762743502855
C04_no_content_persistence,S1,age_temporal,1,auprc,0.535140185422462,0.5380768076394529,-0.0029366222169908696
C04_no_content_persistence,S1,age_temporal,1,auroc,0.7409462794927091,0.7415101146681564,-0.0005638351754473359
C04_no_content_persistence,S1,age_temporal,1,bce,0.4814279501094295,0.4802605862266138,0.0011673638828157418
C04_no_content_persistence,S1,age_temporal,1,beta_mean,-0.04529476910829544,0.011787141673266888,-0.05708191078156233
C04_no_content_persistence,S1,age_temporal,1,cf_rmse_age,0.1683959460633764,0.16344439196072325,0.004951554102653161
C04_no_content_persistence,S1,age_temporal,1,cf_rmse_lag,0.13784113891133135,0.1223917324290053,0.015449406482326039
C04_no_content_persistence,S1,age_temporal,1,content_free_lambda_rmse,0.11262700776663542,0.045111086786530814,0.06751592098010462
C04_no_content_persistence,S1,age_temporal,1,delta_bce_beta0,-0.00013114582646311934,3.160102115462582e-05,-0.00016274684761774516
C04_no_content_persistence,S1,age_temporal,1,delta_bce_full_age_shuffle,0.006741097309279631,0.006799740116966657,-5.864280768702601e-05
C04_no_content_persistence,S1,age_temporal,1,delta_bce_gate_age_shuffle,-7.736118190893038e-05,2.7818955876279805e-05,-0.00010518013778521018
C04_no_content_persistence,S1,age_temporal,1,gate_signal_correlation,0.9984171660800173,0.9776751940206728,0.02074197205934447
C04_no_content_persistence,S1,age_temporal,1,gate_signal_mae,0.04767080558371604,0.04025831548169511,0.007412490102020927
C04_no_content_persistence,S1,age_temporal,1,gate_signal_rmse,0.04950084588745449,0.05569601236913303,-0.006195166481678546
C04_no_content_persistence,S1,age_temporal,1,surface_rmse,0.1920046271642413,0.17856830166768178,0.013436325496559515
C04_no_content_persistence,S1,age_temporal,2,abs_beta_mean,0.01339232549071312,0.03144624084234238,-0.018053915351629257
C04_no_content_persistence,S1,age_temporal,2,auprc,0.5355856542949021,0.5371054813206302,-0.00151982702572806
C04_no_content_persistence,S1,age_temporal,2,auroc,0.7405466196818944,0.7419205482135522,-0.0013739285316578531
C04_no_content_persistence,S1,age_temporal,2,bce,0.48161322184987904,0.48098239527723935,0.0006308265726396867
C04_no_content_persistence,S1,age_temporal,2,beta_mean,-0.01339232549071312,0.03144624084234238,-0.044838566333055496
C04_no_content_persistence,S1,age_temporal,2,cf_rmse_age,0.1456541109610462,0.1450187483420907,0.0006353626189554984
C04_no_content_persistence,S1,age_temporal,2,cf_rmse_lag,0.13944019179984043,0.13825243035528761,0.0011877614445528206
C04_no_content_persistence,S1,age_temporal,2,content_free_lambda_rmse,0.10653738994028256,0.04038026101400825,0.06615712892627432
C04_no_content_persistence,S1,age_temporal,2,delta_bce_beta0,-4.281579880438535e-05,0.00011789840997561418,-0.00016071420877999953
C04_no_content_persistence,S1,age_temporal,2,delta_bce_full_age_shuffle,0.011711219147260366,0.011294302900817288,0.00041691624644307756
C04_no_content_persistence,S1,age_temporal,2,delta_bce_gate_age_shuffle,-2.315305656552802e-05,9.835321759643634e-05,-0.00012150627416196436
C04_no_content_persistence,S1,age_temporal,2,gate_signal_correlation,0.9988524036957718,0.9791678009447085,0.019684602751063318
C04_no_content_persistence,S1,age_temporal,2,gate_signal_mae,0.044321898157017904,0.03915388802441943,0.0051680101325984745
C04_no_content_persistence,S1,age_temporal,2,gate_signal_rmse,0.04583600264155904,0.055305389206043366,-0.009469386564484324
C04_no_content_persistence,S1,age_temporal,2,surface_rmse,0.18678994712790958,0.1818091817541001,0.0049807653738094815
C04_no_content_persistence,S1,age_temporal,3,abs_beta_mean,0.046175166964530945,0.0649377703666687,-0.018762603402137756
C04_no_content_persistence,S1,age_temporal,3,auprc,0.5352220269489403,0.5373797567194137,-0.00215772977047346
C04_no_content_persistence,S1,age_temporal,3,auroc,0.7399233854137803,0.7416857012376636,-0.0017623158238833092
C04_no_content_persistence,S1,age_temporal,3,bce,0.4817785601767889,0.48073099163610544,0.0010475685406834412
C04_no_content_persistence,S1,age_temporal,3,beta_mean,0.046175166964530945,0.0649377703666687,-0.018762603402137756
C04_no_content_persistence,S1,age_temporal,3,cf_rmse_age,0.13408385317403812,0.13148214535761257,0.002601707816425547
C04_no_content_persistence,S1,age_temporal,3,cf_rmse_lag,0.11078044994178789,0.10756068846926845,0.0032197614725194418
C04_no_content_persistence,S1,age_temporal,3,content_free_lambda_rmse,0.11020504630809047,0.03854672970345076,0.07165831660463971
C04_no_content_persistence,S1,age_temporal,3,delta_bce_beta0,0.00011452829225466754,0.00016747160604330125,-5.2943313788633706e-05
C04_no_content_persistence,S1,age_temporal,3,delta_bce_full_age_shuffle,0.011833768476432693,0.011025139003487505,0.0008086294729451882
C04_no_content_persistence,S1,age_temporal,3,delta_bce_gate_age_shuffle,0.00011430583572308306,0.00016694225004038055,-5.2636414317297486e-05
C04_no_content_persistence,S1,age_temporal,3,gate_signal_correlation,0.9985555379422454,0.9761877996180943,0.022367738324151065
C04_no_content_persistence,S1,age_temporal,3,gate_signal_mae,0.04460166153337758,0.038804960156100486,0.005796701377277093
C04_no_content_persistence,S1,age_temporal,3,gate_signal_rmse,0.04638174920662146,0.055701546370979245,-0.009319797164357782
C04_no_content_persistence,S1,age_temporal,3,surface_rmse,0.15805213879873412,0.1444063014727151,0.013645837326019011
C04_no_content_persistence,S1,age_temporal,4,abs_beta_mean,0.021096503362059593,0.03446369618177414,-0.013367192819714546
C04_no_content_persistence,S1,age_temporal,4,auprc,0.5366149590920559,0.5398260691959067,-0.0032111101038507783
C04_no_content_persistence,S1,age_temporal,4,auroc,0.74144221191642,0.7427907316607631,-0.0013485197443431352
C04_no_content_persistence,S1,age_temporal,4,bce,0.48172263081533545,0.4802439862700552,0.0014786445452802388
C04_no_content_persistence,S1,age_temporal,4,beta_mean,-0.021096503362059593,0.03446369618177414,-0.05556019954383373
C04_no_content_persistence,S1,age_temporal,4,cf_rmse_age,0.1589154550474742,0.16623233235224963,-0.0073168773047754265
C04_no_content_persistence,S1,age_temporal,4,cf_rmse_lag,0.12276727415744579,0.1162050292170367,0.006562244940409093
C04_no_content_persistence,S1,age_temporal,4,content_free_lambda_rmse,0.11374298300343999,0.03809436869015157,0.07564861431328843
C04_no_content_persistence,S1,age_temporal,4,delta_bce_beta0,-5.136769196945057e-05,0.00010567572000969028,-0.00015704341197914085
C04_no_content_persistence,S1,age_temporal,4,delta_bce_full_age_shuffle,0.0077659453619011165,0.007804761165834728,-3.8815803933611726e-05
C04_no_content_persistence,S1,age_temporal,4,delta_bce_gate_age_shuffle,-1.7291481490877558e-05,0.00011450701638016092,-0.00013179849787103848
C04_no_content_persistence,S1,age_temporal,4,gate_signal_correlation,0.9986436669004917,0.9786111529001003,0.02003251400039141
C04_no_content_persistence,S1,age_temporal,4,gate_signal_mae,0.047889642509057785,0.037760786948187,0.010128855560870786
C04_no_content_persistence,S1,age_temporal,4,gate_signal_rmse,0.0495147600248345,0.051990469401823926,-0.0024757093769894253
C04_no_content_persistence,S1,age_temporal,4,surface_rmse,0.18448970874073078,0.18187700068752877,0.0026127080532020175
C04_no_content_persistence,S1,matched,0,delta_auprc_at_minus_to,3.9066303123336255e-05,0.0003237295960659692,-0.00028466329294263293
C04_no_content_persistence,S1,matched,0,delta_auroc_at_minus_to,5.023849856145013e-05,0.0003215234710820525,-0.00027128497252060235
C04_no_content_persistence,S1,matched,0,delta_bce_to_minus_at,8.364089417417508e-05,0.00021194220717518641,-0.00012830131300101133
C04_no_content_persistence,S1,matched,1,delta_auprc_at_minus_to,-0.0003404158478533814,0.00015336982816771538,-0.0004937856760210968
C04_no_content_persistence,S1,matched,1,delta_auroc_at_minus_to,-0.0002138055900131608,5.071538473533366e-05,-0.00026452097474849445
C04_no_content_persistence,S1,matched,1,delta_bce_to_minus_at,-0.0001834909967688425,1.8757629690779876e-05,-0.00020224862645962238
C04_no_content_persistence,S1,matched,2,delta_auprc_at_minus_to,1.1500949810838712e-05,0.000133211485061846,-0.00012171053525100728
C04_no_content_persistence,S1,matched,2,delta_auroc_at_minus_to,-4.6004917221953434e-05,0.00010173003987556939,-0.00014773495709752282
C04_no_content_persistence,S1,matched,2,delta_bce_to_minus_at,-1.8793652374671233e-05,6.233591634452473e-05,-8.112956871919597e-05
C04_no_content_persistence,S1,matched,3,delta_auprc_at_minus_to,2.43040738051592e-05,0.00010730287739557642,-8.299880359041722e-05
C04_no_content_persistence,S1,matched,3,delta_auroc_at_minus_to,7.624096050085072e-05,0.00017785907811118662,-0.0001016181176103359
C04_no_content_persistence,S1,matched,3,delta_bce_to_minus_at,2.4592591056638025e-05,6.234408191296836e-05,-3.775149085633034e-05
C04_no_content_persistence,S1,matched,4,delta_auprc_at_minus_to,-0.0005690680288363836,9.705174975871422e-05,-0.0006661197785950979
C04_no_content_persistence,S1,matched,4,delta_auroc_at_minus_to,-0.0003466281218064138,3.278349136071057e-05,-0.00037941161316712435
C04_no_content_persistence,S1,matched,4,delta_bce_to_minus_at,-0.00032036869188306616,5.7693997534524755e-05,-0.0003780626894175909
C04_no_content_persistence,S1,temporal_only,0,abs_beta_mean,0.0,0.0,0.0
C04_no_content_persistence,S1,temporal_only,0,auprc,0.5345468101677259,0.537011552591787,-0.0024647424240611393
C04_no_content_persistence,S1,temporal_only,0,auroc,0.7389378733714604,0.7398615021334427,-0.0009236287619822647
C04_no_content_persistence,S1,temporal_only,0,bce,0.4823745350064986,0.48138356272008914,0.0009909722864094306
C04_no_content_persistence,S1,temporal_only,0,beta_mean,0.0,0.0,0.0
C04_no_content_persistence,S1,temporal_only,0,cf_rmse_age,0.1399339845483862,0.14057476936589616,-0.000640784817509954
C04_no_content_persistence,S1,temporal_only,0,cf_rmse_lag,0.12175646229238223,0.12055293894397853,0.0012035233484036928
C04_no_content_persistence,S1,temporal_only,0,content_free_lambda_rmse,0.12209129143030661,0.045386252882790745,0.07670503854751587
C04_no_content_persistence,S1,temporal_only,0,delta_bce_beta0,0.0,0.0,0.0
C04_no_content_persistence,S1,temporal_only,0,delta_bce_full_age_shuffle,0.008270524827657277,0.008417202572917004,-0.00014667774525972677
C04_no_content_persistence,S1,temporal_only,0,delta_bce_gate_age_shuffle,0.0,0.0,0.0
C04_no_content_persistence,S1,temporal_only,0,gate_signal_correlation,0.9985262888226182,0.9771678480823325,0.0213584407402857
C04_no_content_persistence,S1,temporal_only,0,gate_signal_mae,0.051559531547728986,0.032237344743686676,0.01932218680404231
C04_no_content_persistence,S1,temporal_only,0,gate_signal_rmse,0.05320005920773017,0.051598335875426685,0.0016017233323034827
C04_no_content_persistence,S1,temporal_only,0,surface_rmse,0.17875454943002056,0.16874071350957326,0.0100138359204473
C04_no_content_persistence,S1,temporal_only,1,abs_beta_mean,0.0,0.0,0.0
C04_no_content_persistence,S1,temporal_only,1,auprc,0.5354806012703154,0.5379234378112852,-0.0024428365409697728
C04_no_content_persistence,S1,temporal_only,1,auroc,0.7411600850827222,0.7414593992834211,-0.0002993142006988414
C04_no_content_persistence,S1,temporal_only,1,bce,0.48124445911266067,0.48027934385630455,0.0009651152563561194
C04_no_content_persistence,S1,temporal_only,1,beta_mean,0.0,0.0,0.0
C04_no_content_persistence,S1,temporal_only,1,cf_rmse_age,0.1687615570554078,0.16424663275084456,0.004514924304563239
C04_no_content_persistence,S1,temporal_only,1,cf_rmse_lag,0.13592520448641454,0.12272831554634411,0.013196888940070428
C04_no_content_persistence,S1,temporal_only,1,content_free_lambda_rmse,0.11427312898905295,0.04435932445795555,0.06991380453109741
C04_no_content_persistence,S1,temporal_only,1,delta_bce_beta0,0.0,0.0,0.0
C04_no_content_persistence,S1,temporal_only,1,delta_bce_full_age_shuffle,0.006724085666353963,0.006773107487360208,-4.9021821006245414e-05
C04_no_content_persistence,S1,temporal_only,1,delta_bce_gate_age_shuffle,0.0,0.0,0.0
C04_no_content_persistence,S1,temporal_only,1,gate_signal_correlation,0.9987161951399662,0.978044050546879,0.020672144593087194
C04_no_content_persistence,S1,temporal_only,1,gate_signal_mae,0.04775602013076258,0.03967054002635601,0.008085480104406566
C04_no_content_persistence,S1,temporal_only,1,gate_signal_rmse,0.04931905202318316,0.05500949031257595,-0.0056904382893927935
C04_no_content_persistence,S1,temporal_only,1,surface_rmse,0.19076350715203105,0.1785811688023273,0.012182338349703753
C04_no_content_persistence,S1,temporal_only,2,abs_beta_mean,0.0,0.0,0.0
C04_no_content_persistence,S1,temporal_only,2,auprc,0.5355741533450913,0.5369722698355683,-0.0013981164904770527
C04_no_content_persistence,S1,temporal_only,2,auroc,0.7405926245991163,0.7418188181736767,-0.0012261935745603303
C04_no_content_persistence,S1,temporal_only,2,bce,0.48159442819750437,0.4810447311935839,0.0005496970039204907
C04_no_content_persistence,S1,temporal_only,2,beta_mean,0.0,0.0,0.0
C04_no_content_persistence,S1,temporal_only,2,cf_rmse_age,0.14621298414040995,0.14452862781374298,0.0016843563266669692
C04_no_content_persistence,S1,temporal_only,2,cf_rmse_lag,0.1398059177772579,0.13829172799034192,0.001514189786915976
C04_no_content_persistence,S1,temporal_only,2,content_free_lambda_rmse,0.1077400426891567,0.03912854004175681,0.06861150264739989
C04_no_content_persistence,S1,temporal_only,2,delta_bce_beta0,0.0,0.0,0.0
C04_no_content_persistence,S1,temporal_only,2,delta_bce_full_age_shuffle,0.011691549891987674,0.01116331258918063,0.0005282373028070442
C04_no_content_persistence,S1,temporal_only,2,delta_bce_gate_age_shuffle,0.0,0.0,0.0
C04_no_content_persistence,S1,temporal_only,2,gate_signal_correlation,0.99886414480941,0.9792956305925336,0.019568514216876443
C04_no_content_persistence,S1,temporal_only,2,gate_signal_mae,0.04463648549251792,0.03908752397353921,0.005548961518978712
C04_no_content_persistence,S1,temporal_only,2,gate_signal_rmse,0.04613187862614347,0.05525338644051654,-0.00912150781437307
C04_no_content_persistence,S1,temporal_only,2,surface_rmse,0.1872781730206624,0.18116085661541526,0.006117316405247153
C04_no_content_persistence,S1,temporal_only,3,abs_beta_mean,0.0,0.0,0.0
C04_no_content_persistence,S1,temporal_only,3,auprc,0.5351977228751351,0.5372724538420182,-0.0020747309668830427
C04_no_content_persistence,S1,temporal_only,3,auroc,0.7398471444532795,0.7415078421595525,-0.0016606977062729733
C04_no_content_persistence,S1,temporal_only,3,bce,0.4818031527678455,0.4807933357180184,0.0010098170498271108
C04_no_content_persistence,S1,temporal_only,3,beta_mean,0.0,0.0,0.0
C04_no_content_persistence,S1,temporal_only,3,cf_rmse_age,0.13322834694216193,0.13091265534204616,0.0023156916001157712
C04_no_content_persistence,S1,temporal_only,3,cf_rmse_lag,0.11040923752084818,0.10689838962568497,0.003510847895163205
C04_no_content_persistence,S1,temporal_only,3,content_free_lambda_rmse,0.10826968956263083,0.03375136661798972,0.07451832294464111
C04_no_content_persistence,S1,temporal_only,3,delta_bce_beta0,0.0,0.0,0.0
C04_no_content_persistence,S1,temporal_only,3,delta_bce_full_age_shuffle,0.011755060489498537,0.010955535362273394,0.0007995251272251425
C04_no_content_persistence,S1,temporal_only,3,delta_bce_gate_age_shuffle,0.0,0.0,0.0
C04_no_content_persistence,S1,temporal_only,3,gate_signal_correlation,0.9988525112784339,0.976579618552543,0.022272892725890836
C04_no_content_persistence,S1,temporal_only,3,gate_signal_mae,0.04488742496270017,0.038394945861690295,0.0064924791010098765
C04_no_content_persistence,S1,temporal_only,3,gate_signal_rmse,0.046388400183908524,0.055574285761174305,-0.009185885577265782
C04_no_content_persistence,S1,temporal_only,3,surface_rmse,0.15696204577107084,0.1432289110378711,0.013733134733199731
C04_no_content_persistence,S1,temporal_only,4,abs_beta_mean,0.0,0.0,0.0
C04_no_content_persistence,S1,temporal_only,4,auprc,0.5371840271208923,0.539729017446148,-0.0025449903252556805
C04_no_content_persistence,S1,temporal_only,4,auroc,0.7417888400382264,0.7427579481694024,-0.0009691081311760108
C04_no_content_persistence,S1,temporal_only,4,bce,0.4814022621234524,0.48030168026758974,0.001100581855862648
C04_no_content_persistence,S1,temporal_only,4,beta_mean,0.0,0.0,0.0
C04_no_content_persistence,S1,temporal_only,4,cf_rmse_age,0.1681029016278332,0.16517740845975085,0.002925493168082355
C04_no_content_persistence,S1,temporal_only,4,cf_rmse_lag,0.12657085838713458,0.11616623761997584,0.010404620767158743
C04_no_content_persistence,S1,temporal_only,4,content_free_lambda_rmse,0.11516815233500022,0.036549089434457005,0.07861906290054321
C04_no_content_persistence,S1,temporal_only,4,delta_bce_beta0,0.0,0.0,0.0
C04_no_content_persistence,S1,temporal_only,4,delta_bce_full_age_shuffle,0.008019378538692223,0.007778125606623498,0.0002412529320687251
C04_no_content_persistence,S1,temporal_only,4,delta_bce_gate_age_shuffle,0.0,0.0,0.0
C04_no_content_persistence,S1,temporal_only,4,gate_signal_correlation,0.9986951678896934,0.9788073564059574,0.019887811483735973
C04_no_content_persistence,S1,temporal_only,4,gate_signal_mae,0.04818753009695822,0.03756608244329731,0.01062144765366091
C04_no_content_persistence,S1,temporal_only,4,gate_signal_rmse,0.04975962365833629,0.0518644065510343,-0.0021047828926980122
C04_no_content_persistence,S1,temporal_only,4,surface_rmse,0.1872159721633036,0.1809541806815333,0.006261791481770307
C04_no_content_persistence,S2,age_temporal,0,abs_beta_mean,0.5688480138778687,0.5828605890274048,-0.014012575149536133
C04_no_content_persistence,S2,age_temporal,0,auprc,0.5744880571468838,0.5780995375976441,-0.003611480450760318
C04_no_content_persistence,S2,age_temporal,0,auroc,0.7595987471225725,0.7608736309451969,-0.0012748838226244175
C04_no_content_persistence,S2,age_temporal,0,bce,0.4594228943180869,0.45823252502610645,0.0011903692919804643
C04_no_content_persistence,S2,age_temporal,0,beta_mean,-0.5688480138778687,-0.5828605890274048,0.014012575149536133
C04_no_content_persistence,S2,age_temporal,0,cf_rmse_age,0.17491604709628084,0.16278072314286685,0.01213532395341399
C04_no_content_persistence,S2,age_temporal,0,cf_rmse_lag,0.21918984157081522,0.1745803747213772,0.044609466849438034
C04_no_content_persistence,S2,age_temporal,0,content_free_lambda_corr,0.9842564418921272,0.9821000573627846,0.0021563845293426365
C04_no_content_persistence,S2,age_temporal,0,content_free_lambda_rmse,0.7991406086204712,0.6883274109975016,0.1108131976229696
C04_no_content_persistence,S2,age_temporal,0,delta_bce_beta0,0.007549215660120345,0.005779584263176263,0.0017696313969440824
C04_no_content_persistence,S2,age_temporal,0,delta_bce_full_age_shuffle,0.021752983300925566,0.018327543441961025,0.0034254398589645407
C04_no_content_persistence,S2,age_temporal,0,delta_bce_gate_age_shuffle,0.011590799644146499,0.00911550247849613,0.0024752971656503697
C04_no_content_persistence,S2,age_temporal,0,gate_signal_correlation,0.7718589752268653,0.7660733562345573,0.005785618992308006
C04_no_content_persistence,S2,age_temporal,0,gate_signal_mae,0.15609928334603754,0.15872509596390444,-0.0026258126178669017
C04_no_content_persistence,S2,age_temporal,0,gate_signal_rmse,0.1894206416921916,0.19179737689498,-0.002376735202788388
C04_no_content_persistence,S2,age_temporal,0,surface_rmse,0.2667568471861448,0.21870480677820456,0.04805204040794023
C04_no_content_persistence,S2,age_temporal,1,abs_beta_mean,0.5811623334884644,0.5870452523231506,-0.005882918834686279
C04_no_content_persistence,S2,age_temporal,1,auprc,0.5753825460981197,0.5759134322664154,-0.0005308861682957744
C04_no_content_persistence,S2,age_temporal,1,auroc,0.7580373851097373,0.7586570128104295,-0.0006196277006922379
C04_no_content_persistence,S2,age_temporal,1,bce,0.45900714103518014,0.4588640155654828,0.0001431254696973583
C04_no_content_persistence,S2,age_temporal,1,beta_mean,-0.5811623334884644,-0.5870452523231506,0.005882918834686279
C04_no_content_persistence,S2,age_temporal,1,cf_rmse_age,0.15110755487418523,0.15719846374044327,-0.0060909088662580435
C04_no_content_persistence,S2,age_temporal,1,cf_rmse_lag,0.17673407727538568,0.1476845639875615,0.02904951328782418
C04_no_content_persistence,S2,age_temporal,1,content_free_lambda_corr,0.9845054929765047,0.9820325286321555,0.0024729643443491822
C04_no_content_persistence,S2,age_temporal,1,content_free_lambda_rmse,0.7921573800326481,0.6805081322894041,0.11164924774324403
C04_no_content_persistence,S2,age_temporal,1,delta_bce_beta0,0.009459599261816776,0.007346000693051025,0.002113598568765751
C04_no_content_persistence,S2,age_temporal,1,delta_bce_full_age_shuffle,0.023246724779912187,0.0188903653404921,0.004356359439420088
C04_no_content_persistence,S2,age_temporal,1,delta_bce_gate_age_shuffle,0.014176959214175,0.010804088735184791,0.0033728704789902086
C04_no_content_persistence,S2,age_temporal,1,gate_signal_correlation,0.7753137793172638,0.7691588176682204,0.006154961649043389
C04_no_content_persistence,S2,age_temporal,1,gate_signal_mae,0.15458270864185308,0.15749393571427509,-0.0029112270724220013
C04_no_content_persistence,S2,age_temporal,1,gate_signal_rmse,0.18821141365801683,0.19061317109716513,-0.0024017574391483054
C04_no_content_persistence,S2,age_temporal,1,surface_rmse,0.22856749613046898,0.20150095182750946,0.027066544302959517
C04_no_content_persistence,S2,age_temporal,2,abs_beta_mean,0.6299533247947693,0.645264744758606,-0.01531141996383667
C04_no_content_persistence,S2,age_temporal,2,auprc,0.5740658600512604,0.5771201670094575,-0.003054306958197084
C04_no_content_persistence,S2,age_temporal,2,auroc,0.7580328365920718,0.7592704524685001,-0.001237615876428344
C04_no_content_persistence,S2,age_temporal,2,bce,0.45959173971671186,0.45816583733398697,0.0014259023827248862
C04_no_content_persistence,S2,age_temporal,2,beta_mean,-0.6299533247947693,-0.645264744758606,0.01531141996383667
C04_no_content_persistence,S2,age_temporal,2,cf_rmse_age,0.16422251670558333,0.18518373578831532,-0.02096121908273199
C04_no_content_persistence,S2,age_temporal,2,cf_rmse_lag,0.1391760082525658,0.14226332386055707,-0.0030873156079912756
C04_no_content_persistence,S2,age_temporal,2,content_free_lambda_corr,0.9858487258826548,0.983439386482367,0.0024093394002878687
C04_no_content_persistence,S2,age_temporal,2,content_free_lambda_rmse,0.7825836629093473,0.6624825858839508,0.12010107702539652
C04_no_content_persistence,S2,age_temporal,2,delta_bce_beta0,0.01154908688913081,0.00921002385563413,0.00233906303349668
C04_no_content_persistence,S2,age_temporal,2,delta_bce_full_age_shuffle,0.024833227577449435,0.019402798848015046,0.005430428729434389
C04_no_content_persistence,S2,age_temporal,2,delta_bce_gate_age_shuffle,0.016871831520601066,0.012695873403285152,0.004175958117315914
C04_no_content_persistence,S2,age_temporal,2,gate_signal_correlation,0.7925964544773657,0.7761400428781872,0.016456411599178544
C04_no_content_persistence,S2,age_temporal,2,gate_signal_mae,0.14973075454674398,0.152901576680634,-0.0031708221338900278
C04_no_content_persistence,S2,age_temporal,2,gate_signal_rmse,0.18205870859091763,0.18762282914483996,-0.00556412055392233
C04_no_content_persistence,S2,age_temporal,2,surface_rmse,0.19703951204323417,0.18471341081849812,0.012326101224736041
C04_no_content_persistence,S2,age_temporal,3,abs_beta_mean,0.4540325105190277,0.497174471616745,-0.043141961097717285
C04_no_content_persistence,S2,age_temporal,3,auprc,0.5710079648619533,0.5736777800450081,-0.002669815183054869
C04_no_content_persistence,S2,age_temporal,3,auroc,0.7563012825761111,0.7572770964608062,-0.0009758138846951425
C04_no_content_persistence,S2,age_temporal,3,bce,0.4614480899899481,0.4599766861535207,0.001471403836427354
C04_no_content_persistence,S2,age_temporal,3,beta_mean,-0.4540325105190277,-0.497174471616745,0.043141961097717285
C04_no_content_persistence,S2,age_temporal,3,cf_rmse_age,0.1590862185054084,0.17089866121060254,-0.011812442705194132
C04_no_content_persistence,S2,age_temporal,3,cf_rmse_lag,0.1450387790762796,0.12926475751115207,0.015774021565127527
C04_no_content_persistence,S2,age_temporal,3,content_free_lambda_corr,0.980955794225519,0.9797001110257331,0.001255683199785973
C04_no_content_persistence,S2,age_temporal,3,content_free_lambda_rmse,0.8298292616573338,0.7075050989604519,0.12232416269688196
C04_no_content_persistence,S2,age_temporal,3,delta_bce_beta0,0.006093813285358851,0.004920624842346066,0.0011731884430127848
C04_no_content_persistence,S2,age_temporal,3,delta_bce_full_age_shuffle,0.02095109350162022,0.01866882139465542,0.0022822721069648
C04_no_content_persistence,S2,age_temporal,3,delta_bce_gate_age_shuffle,0.009156691630787861,0.0074692207992291815,0.0016874708315586795
C04_no_content_persistence,S2,age_temporal,3,gate_signal_correlation,0.7294903647500489,0.7285661405124295,0.0009242242376193976
C04_no_content_persistence,S2,age_temporal,3,gate_signal_mae,0.16831145198546815,0.1672888978514025,0.0010225541340656563
C04_no_content_persistence,S2,age_temporal,3,gate_signal_rmse,0.20332735955129502,0.20358640276818618,-0.0002590432168911583
C04_no_content_persistence,S2,age_temporal,3,surface_rmse,0.20710435312612316,0.18917457521583936,0.0179297779102838
C04_no_content_persistence,S2,age_temporal,4,abs_beta_mean,0.6039038896560669,0.6078628897666931,-0.003959000110626221
C04_no_content_persistence,S2,age_temporal,4,auprc,0.5732416097989672,0.5761466347007678,-0.002905024901800557
C04_no_content_persistence,S2,age_temporal,4,auroc,0.7573252431084664,0.7585469906379743,-0.0012217475295078772
C04_no_content_persistence,S2,age_temporal,4,bce,0.45993529746941303,0.45859059147298264,0.0013447059964303842
C04_no_content_persistence,S2,age_temporal,4,beta_mean,-0.6039038896560669,-0.6078628897666931,0.003959000110626221
C04_no_content_persistence,S2,age_temporal,4,cf_rmse_age,0.16178880691195277,0.176568144207969,-0.014779337296016243
C04_no_content_persistence,S2,age_temporal,4,cf_rmse_lag,0.14032746831715415,0.11861577788712159,0.021711690430032557
C04_no_content_persistence,S2,age_temporal,4,content_free_lambda_corr,0.9851465793043042,0.9826080807066151,0.002538498597689065
C04_no_content_persistence,S2,age_temporal,4,content_free_lambda_rmse,0.7879943262981013,0.6764848561693056,0.11150947012879564
C04_no_content_persistence,S2,age_temporal,4,delta_bce_beta0,0.010402899973251833,0.007545532444515446,0.0028573675287363876
C04_no_content_persistence,S2,age_temporal,4,delta_bce_full_age_shuffle,0.021681876050613003,0.01776285166721886,0.003919024383394143
C04_no_content_persistence,S2,age_temporal,4,delta_bce_gate_age_shuffle,0.015388356863428432,0.011323075126199789,0.004065281737228643
C04_no_content_persistence,S2,age_temporal,4,gate_signal_correlation,0.7835367191786449,0.7686930352439149,0.014843683934730012
C04_no_content_persistence,S2,age_temporal,4,gate_signal_mae,0.15233234180005056,0.15770989801098886,-0.0053775562109383
C04_no_content_persistence,S2,age_temporal,4,gate_signal_rmse,0.1853147330459566,0.1910472064878647,-0.005732473441908081
C04_no_content_persistence,S2,age_temporal,4,surface_rmse,0.20584057071314407,0.19015070544577878,0.015689865267365294
C04_no_content_persistence,S2,matched,0,delta_auprc_at_minus_to,0.010230302639882005,0.00912996595217419,0.0011003366877078147
C04_no_content_persistence,S2,matched,0,delta_auroc_at_minus_to,0.0034584884436674734,0.0031645797008910126,0.00029390874277646084
C04_no_content_persistence,S2,matched,0,delta_bce_to_minus_at,0.004776701246460957,0.0043106072154003305,0.0004660940310606265
C04_no_content_persistence,S2,matched,1,delta_auprc_at_minus_to,0.011156477922253605,0.008513110815696168,0.002643367106557437
C04_no_content_persistence,S2,matched,1,delta_auroc_at_minus_to,0.0038566724440682876,0.003086985322482527,0.0007696871215857604
C04_no_content_persistence,S2,matched,1,delta_bce_to_minus_at,0.00561900552893041,0.004640405474660714,0.000978600054269696
C04_no_content_persistence,S2,matched,2,delta_auprc_at_minus_to,0.012924870536254018,0.009933875675924853,0.002990994860329166
C04_no_content_persistence,S2,matched,2,delta_auroc_at_minus_to,0.004794181732259095,0.0033736081045800947,0.0014205736276790004
C04_no_content_persistence,S2,matched,2,delta_bce_to_minus_at,0.005791015519917009,0.004811484089596418,0.0009795314303205904
C04_no_content_persistence,S2,matched,3,delta_auprc_at_minus_to,0.008827820388156216,0.007990391139118147,0.0008374292490380686
C04_no_content_persistence,S2,matched,3,delta_auroc_at_minus_to,0.00282002458630648,0.0027944906393466695,2.5533946959810372e-05
C04_no_content_persistence,S2,matched,3,delta_bce_to_minus_at,0.0041037040520982004,0.0038317940014475638,0.00027191005065063667
C04_no_content_persistence,S2,matched,4,delta_auprc_at_minus_to,0.01151205813493128,0.00871759681978046,0.00279446131515082
C04_no_content_persistence,S2,matched,4,delta_auroc_at_minus_to,0.004827055555516213,0.0031510248241625183,0.0016760307313536948
C04_no_content_persistence,S2,matched,4,delta_bce_to_minus_at,0.00555456018145678,0.004402273161301429,0.0011522870201553514
C04_no_content_persistence,S2,temporal_only,0,abs_beta_mean,0.0,0.0,0.0
C04_no_content_persistence,S2,temporal_only,0,auprc,0.5642577545070018,0.5689695716454699,-0.004711817138468133
C04_no_content_persistence,S2,temporal_only,0,auroc,0.756140258678905,0.7577090512443059,-0.0015687925654008783
C04_no_content_persistence,S2,temporal_only,0,bce,0.4641995955645479,0.4625431322415068,0.0016564633230410908
C04_no_content_persistence,S2,temporal_only,0,beta_mean,0.0,0.0,0.0
C04_no_content_persistence,S2,temporal_only,0,cf_rmse_age,0.18087425314420977,0.17737380977025632,0.0035004433739534435
C04_no_content_persistence,S2,temporal_only,0,cf_rmse_lag,0.22424632308263112,0.1841185675663441,0.04012775551628703
C04_no_content_persistence,S2,temporal_only,0,content_free_lambda_rmse,0.9271271234725967,0.8462001275536816,0.08092699591891517
C04_no_content_persistence,S2,temporal_only,0,delta_bce_beta0,0.0,0.0,0.0
C04_no_content_persistence,S2,temporal_only,0,delta_bce_full_age_shuffle,0.009313105874161343,0.009127816834043345,0.0001852890401179974
C04_no_content_persistence,S2,temporal_only,0,delta_bce_gate_age_shuffle,0.0,0.0,0.0
C04_no_content_persistence,S2,temporal_only,0,gate_signal_correlation,0.519224367536996,0.5069727598420358,0.012251607694960143
C04_no_content_persistence,S2,temporal_only,0,gate_signal_mae,0.21705438247952333,0.2240479380658084,-0.006993555586285061
C04_no_content_persistence,S2,temporal_only,0,gate_signal_rmse,0.2593931383920687,0.2643226960635765,-0.004929557671507823
C04_no_content_persistence,S2,temporal_only,0,surface_rmse,0.27389249252671743,0.2360608001822226,0.03783169234449482
C04_no_content_persistence,S2,temporal_only,1,abs_beta_mean,0.0,0.0,0.0
C04_no_content_persistence,S2,temporal_only,1,auprc,0.5642260681758661,0.5674003214507193,-0.0031742532748532115
C04_no_content_persistence,S2,temporal_only,1,auroc,0.754180712665669,0.755570027487947,-0.0013893148222779983
C04_no_content_persistence,S2,temporal_only,1,bce,0.46462614656411055,0.4635044210401435,0.0011217255239670543
C04_no_content_persistence,S2,temporal_only,1,beta_mean,0.0,0.0,0.0
C04_no_content_persistence,S2,temporal_only,1,cf_rmse_age,0.17283422284771052,0.17396405535449125,-0.0011298325067807258
C04_no_content_persistence,S2,temporal_only,1,cf_rmse_lag,0.18194112402556673,0.162237484371171,0.019703639654395727
C04_no_content_persistence,S2,temporal_only,1,content_free_lambda_rmse,0.9230661774605801,0.8429634905174476,0.0801026869431325
C04_no_content_persistence,S2,temporal_only,1,delta_bce_beta0,0.0,0.0,0.0
C04_no_content_persistence,S2,temporal_only,1,delta_bce_full_age_shuffle,0.007452933667281447,0.0075032926381768394,-5.035897089539221e-05
C04_no_content_persistence,S2,temporal_only,1,delta_bce_gate_age_shuffle,0.0,0.0,0.0
C04_no_content_persistence,S2,temporal_only,1,gate_signal_correlation,0.5193615527757405,0.5082725943741376,0.011088958401602844
C04_no_content_persistence,S2,temporal_only,1,gate_signal_mae,0.21642474906958592,0.22286244140289885,-0.006437692333312928
C04_no_content_persistence,S2,temporal_only,1,gate_signal_rmse,0.2595061206313151,0.26328307109903454,-0.00377695046771942
C04_no_content_persistence,S2,temporal_only,1,surface_rmse,0.2397854460996699,0.22664136388344427,0.013144082216225622
C04_no_content_persistence,S2,temporal_only,2,abs_beta_mean,0.0,0.0,0.0
C04_no_content_persistence,S2,temporal_only,2,auprc,0.5611409895150063,0.5671862913335326,-0.00604530181852625
C04_no_content_persistence,S2,temporal_only,2,auroc,0.7532386548598127,0.75589684436392,-0.0026581895041073444
C04_no_content_persistence,S2,temporal_only,2,bce,0.46538275523662886,0.4629773214235834,0.0024054338130454767
C04_no_content_persistence,S2,temporal_only,2,beta_mean,0.0,0.0,0.0
C04_no_content_persistence,S2,temporal_only,2,cf_rmse_age,0.19802131000806678,0.21153312731528165,-0.013511817307214874
C04_no_content_persistence,S2,temporal_only,2,cf_rmse_lag,0.14241228643883302,0.15597781297180177,-0.013565526532968747
C04_no_content_persistence,S2,temporal_only,2,content_free_lambda_rmse,0.9288240597495445,0.8426389116811625,0.08618514806838207
C04_no_content_persistence,S2,temporal_only,2,delta_bce_beta0,0.0,0.0,0.0
C04_no_content_persistence,S2,temporal_only,2,delta_bce_full_age_shuffle,0.008925277637174434,0.00915255323077524,-0.0002272755936008064
C04_no_content_persistence,S2,temporal_only,2,delta_bce_gate_age_shuffle,0.0,0.0,0.0
C04_no_content_persistence,S2,temporal_only,2,gate_signal_correlation,0.5191650439631253,0.5011019655537643,0.018063078409361055
C04_no_content_persistence,S2,temporal_only,2,gate_signal_mae,0.21732614302960504,0.22279443497761728,-0.005468291948012238
C04_no_content_persistence,S2,temporal_only,2,gate_signal_rmse,0.25937410664934296,0.2650333757573318,-0.005659269107988862
C04_no_content_persistence,S2,temporal_only,2,surface_rmse,0.21830223800543264,0.22209706100468773,-0.0037948229992550986
C04_no_content_persistence,S2,temporal_only,3,abs_beta_mean,0.0,0.0,0.0
C04_no_content_persistence,S2,temporal_only,3,auprc,0.562180144473797,0.56568738890589,-0.0035072444320929375
C04_no_content_persistence,S2,temporal_only,3,auroc,0.7534812579898046,0.7544826058214595,-0.0010013478316549529
C04_no_content_persistence,S2,temporal_only,3,bce,0.4655517940420463,0.4638084801549683,0.0017433138870779907
C04_no_content_persistence,S2,temporal_only,3,beta_mean,0.0,0.0,0.0
C04_no_content_persistence,S2,temporal_only,3,cf_rmse_age,0.1754581241204565,0.18178089609638184,-0.006322771975925345
C04_no_content_persistence,S2,temporal_only,3,cf_rmse_lag,0.1484899651670993,0.14119609745874978,0.007293867708349527
C04_no_content_persistence,S2,temporal_only,3,content_free_lambda_rmse,0.9271250773931535,0.8427438732831277,0.08438120411002581
C04_no_content_persistence,S2,temporal_only,3,delta_bce_beta0,0.0,0.0,0.0
C04_no_content_persistence,S2,temporal_only,3,delta_bce_full_age_shuffle,0.00956975754153122,0.009136741537100257,0.0004330160044309639
C04_no_content_persistence,S2,temporal_only,3,delta_bce_gate_age_shuffle,0.0,0.0,0.0
C04_no_content_persistence,S2,temporal_only,3,gate_signal_correlation,0.5192244393401987,0.5040022872879071,0.015222152052291604
C04_no_content_persistence,S2,temporal_only,3,gate_signal_mae,0.21705405687471999,0.2219824970991041,-0.004928440224384101
C04_no_content_persistence,S2,temporal_only,3,gate_signal_rmse,0.2593931711477256,0.26394479013387856,-0.004551618986152972
C04_no_content_persistence,S2,temporal_only,3,surface_rmse,0.21831785180540528,0.2119224412814204,0.0063954105239848735
C04_no_content_persistence,S2,temporal_only,4,abs_beta_mean,0.0,0.0,0.0
C04_no_content_persistence,S2,temporal_only,4,auprc,0.5617295516640359,0.5674290378809873,-0.005699486216951377
C04_no_content_persistence,S2,temporal_only,4,auroc,0.7524981875529502,0.7553959658138117,-0.002897778260861572
C04_no_content_persistence,S2,temporal_only,4,bce,0.4654898576508698,0.4629928646342841,0.0024969930165857357
C04_no_content_persistence,S2,temporal_only,4,beta_mean,0.0,0.0,0.0
C04_no_content_persistence,S2,temporal_only,4,cf_rmse_age,0.1804792123086586,0.18794438988640985,-0.007465177577751253
C04_no_content_persistence,S2,temporal_only,4,cf_rmse_lag,0.14476722859927718,0.13439698174809844,0.010370246851178738
C04_no_content_persistence,S2,temporal_only,4,content_free_lambda_rmse,0.926021206623402,0.8439874329186061,0.08203377370479592
C04_no_content_persistence,S2,temporal_only,4,delta_bce_beta0,0.0,0.0,0.0
C04_no_content_persistence,S2,temporal_only,4,delta_bce_full_age_shuffle,0.006628189941474516,0.006965216409534125,-0.0003370264680596091
C04_no_content_persistence,S2,temporal_only,4,delta_bce_gate_age_shuffle,0.0,0.0,0.0
C04_no_content_persistence,S2,temporal_only,4,gate_signal_correlation,0.5192623984132307,0.501811357725559,0.01745104068767178
C04_no_content_persistence,S2,temporal_only,4,gate_signal_mae,0.21687869847244512,0.2257407400110199,-0.008862041538574783
C04_no_content_persistence,S2,temporal_only,4,gate_signal_rmse,0.25941455299685134,0.2663332824803443,-0.00691872948349298
C04_no_content_persistence,S2,temporal_only,4,surface_rmse,0.22052670407946234,0.22173777321724258,-0.0012110691377802407
C04_no_content_persistence,S3,age_temporal,0,abs_beta_mean,0.5980579257011414,0.6379421949386597,-0.03988426923751831
C04_no_content_persistence,S3,age_temporal,0,auprc,0.530413900484251,0.5326473327447008,-0.002233432260449808
C04_no_content_persistence,S3,age_temporal,0,auroc,0.7332953547897729,0.7335163134457783,-0.00022095865600535447
C04_no_content_persistence,S3,age_temporal,0,bce,0.48760708490477384,0.48722443750219463,0.00038264740257920593
C04_no_content_persistence,S3,age_temporal,0,beta_mean,0.5980579257011414,0.6379421949386597,-0.03988426923751831
C04_no_content_persistence,S3,age_temporal,0,cf_rmse_age,0.11416097267425263,0.11606066146293641,-0.0018996887886837815
C04_no_content_persistence,S3,age_temporal,0,cf_rmse_lag,0.09522633117632673,0.08579744876939911,0.009428882406927616
C04_no_content_persistence,S3,age_temporal,0,content_free_lambda_corr,0.9850241054311116,0.9833301426325979,0.0016939627985137484
C04_no_content_persistence,S3,age_temporal,0,content_free_lambda_rmse,0.7909133084770975,0.6671341319900441,0.12377917648705339
C04_no_content_persistence,S3,age_temporal,0,delta_bce_beta0,0.008463407794295663,0.008058398779159925,0.0004050090151357377
C04_no_content_persistence,S3,age_temporal,0,delta_bce_full_age_shuffle,0.023818384562844186,0.022295758820408407,0.0015226257424357792
C04_no_content_persistence,S3,age_temporal,0,delta_bce_gate_age_shuffle,0.0134814894303113,0.012769911226623354,0.0007115782036879459
C04_no_content_persistence,S3,age_temporal,0,gate_signal_correlation,0.7987989176099989,0.7112193035888383,0.08757961402116055
C04_no_content_persistence,S3,age_temporal,0,gate_signal_mae,0.14100751105584833,0.16270293531396116,-0.021695424258112828
C04_no_content_persistence,S3,age_temporal,0,gate_signal_rmse,0.16992693350958402,0.20835977900620867,-0.03843284549662465
C04_no_content_persistence,S3,age_temporal,0,surface_rmse,0.14982089035499607,0.135324836877038,0.01449605347795807
C04_no_content_persistence,S3,age_temporal,1,abs_beta_mean,0.533662736415863,0.602067768573761,-0.06840503215789795
C04_no_content_persistence,S3,age_temporal,1,auprc,0.525154550348637,0.5286398731238876,-0.003485322775250599
C04_no_content_persistence,S3,age_temporal,1,auroc,0.7307689901541288,0.7333393114972376,-0.002570321343108861
C04_no_content_persistence,S3,age_temporal,1,bce,0.4897289138522006,0.48810483184336595,0.0016240820088346264
C04_no_content_persistence,S3,age_temporal,1,beta_mean,0.533662736415863,0.602067768573761,-0.06840503215789795
C04_no_content_persistence,S3,age_temporal,1,cf_rmse_age,0.13274157801943834,0.1284680112363541,0.004273566783084243
C04_no_content_persistence,S3,age_temporal,1,cf_rmse_lag,0.10525385132896156,0.09506922488676724,0.010184626442194325
C04_no_content_persistence,S3,age_temporal,1,content_free_lambda_corr,0.9832455991305543,0.9825472702993657,0.0006983288311885882
C04_no_content_persistence,S3,age_temporal,1,content_free_lambda_rmse,0.806629226222405,0.6813381885848004,0.12529103763760452
C04_no_content_persistence,S3,age_temporal,1,delta_bce_beta0,0.0059555693947631605,0.006113029600472886,-0.0001574602057097252
C04_no_content_persistence,S3,age_temporal,1,delta_bce_full_age_shuffle,0.01852640050570792,0.018570472651031622,-4.4072145323703626e-05
C04_no_content_persistence,S3,age_temporal,1,delta_bce_gate_age_shuffle,0.009807888613516225,0.009938009820549543,-0.00013012120703331798
C04_no_content_persistence,S3,age_temporal,1,gate_signal_correlation,0.7789982204485542,0.6754738188127297,0.10352440163582444
C04_no_content_persistence,S3,age_temporal,1,gate_signal_mae,0.14733726584765564,0.17509795292919644,-0.027760687081540808
C04_no_content_persistence,S3,age_temporal,1,gate_signal_rmse,0.17699095488378574,0.22629381497945816,-0.04930286009567242
C04_no_content_persistence,S3,age_temporal,1,surface_rmse,0.18462823456353297,0.16690057461050906,0.017727659953023917
C04_no_content_persistence,S3,age_temporal,2,abs_beta_mean,0.4570041596889496,0.5498735904693604,-0.09286943078041077
C04_no_content_persistence,S3,age_temporal,2,auprc,0.528280181487358,0.5300718832813389,-0.0017917017939809154
C04_no_content_persistence,S3,age_temporal,2,auroc,0.7327445948356757,0.7325039935257502,0.0002406013099254256
C04_no_content_persistence,S3,age_temporal,2,bce,0.4885410996891372,0.48823594613784477,0.0003051535512924586
C04_no_content_persistence,S3,age_temporal,2,beta_mean,0.4570041596889496,0.5498735904693604,-0.09286943078041077
C04_no_content_persistence,S3,age_temporal,2,cf_rmse_age,0.1300019458146033,0.12294584201412173,0.007056103800481578
C04_no_content_persistence,S3,age_temporal,2,cf_rmse_lag,0.09495346459975215,0.09029600811864452,0.00465745648110763
C04_no_content_persistence,S3,age_temporal,2,content_free_lambda_corr,0.9808994250922157,0.9812065022687293,-0.00030707717651357047
C04_no_content_persistence,S3,age_temporal,2,content_free_lambda_rmse,0.8220047621494236,0.6962124880761861,0.12579227407323756
C04_no_content_persistence,S3,age_temporal,2,delta_bce_beta0,0.00531132728942596,0.006283994742377674,-0.0009726674529517143
C04_no_content_persistence,S3,age_temporal,2,delta_bce_full_age_shuffle,0.021598510911207847,0.022795165495692327,-0.00119665458448448
C04_no_content_persistence,S3,age_temporal,2,delta_bce_gate_age_shuffle,0.008288956068490949,0.009337255662967503,-0.0010482995944765539
C04_no_content_persistence,S3,age_temporal,2,gate_signal_correlation,0.7533442070345835,0.6904362420433036,0.06290796499127993
C04_no_content_persistence,S3,age_temporal,2,gate_signal_mae,0.1543444357876048,0.1735009607880281,-0.019156525000423308
C04_no_content_persistence,S3,age_temporal,2,gate_signal_rmse,0.18495976779613466,0.2186381364378518,-0.03367836864171714
C04_no_content_persistence,S3,age_temporal,2,surface_rmse,0.17228115340055675,0.1492185873425538,0.023062566058002942
C04_no_content_persistence,S3,age_temporal,3,abs_beta_mean,0.5908318161964417,0.6119155883789062,-0.0210837721824646
C04_no_content_persistence,S3,age_temporal,3,auprc,0.5313846129912447,0.5361274037173259,-0.004742790726081192
C04_no_content_persistence,S3,age_temporal,3,auroc,0.7342578714840298,0.7362714094812015,-0.0020135379971717438
C04_no_content_persistence,S3,age_temporal,3,bce,0.48776585729463234,0.4856939847829642,0.002071872511668127
C04_no_content_persistence,S3,age_temporal,3,beta_mean,0.5908318161964417,0.6119155883789062,-0.0210837721824646
C04_no_content_persistence,S3,age_temporal,3,cf_rmse_age,0.16313701865070387,0.17427133545791956,-0.011134316807215688
C04_no_content_persistence,S3,age_temporal,3,cf_rmse_lag,0.12553997759531801,0.1303996869501119,-0.0048597093547938786
C04_no_content_persistence,S3,age_temporal,3,content_free_lambda_corr,0.9848139764896184,0.9827643225226214,0.002049653966997078
C04_no_content_persistence,S3,age_temporal,3,content_free_lambda_rmse,0.7919294996145076,0.67741065450099,0.11451884511351762
C04_no_content_persistence,S3,age_temporal,3,delta_bce_beta0,0.007958680622091485,0.007254440371506854,0.0007042402505846312
C04_no_content_persistence,S3,age_temporal,3,delta_bce_full_age_shuffle,0.02003208596074607,0.01768165188571269,0.0023504340750333808
C04_no_content_persistence,S3,age_temporal,3,delta_bce_gate_age_shuffle,0.012831274075014554,0.011474082524097873,0.001357191550916681
C04_no_content_persistence,S3,age_temporal,3,gate_signal_correlation,0.7965210139586976,0.7123368955511137,0.08418411840758389
C04_no_content_persistence,S3,age_temporal,3,gate_signal_mae,0.1415459456932206,0.16548698615121796,-0.02394104045799736
C04_no_content_persistence,S3,age_temporal,3,gate_signal_rmse,0.17057394684050978,0.20889886506907535,-0.03832491822856557
C04_no_content_persistence,S3,age_temporal,3,surface_rmse,0.21557042163945153,0.21624419922922186,-0.0006737775897703302
C04_no_content_persistence,S3,age_temporal,4,abs_beta_mean,0.5648769736289978,0.5829879641532898,-0.018110990524291992
C04_no_content_persistence,S3,age_temporal,4,auprc,0.5260937801638316,0.5253611581550321,0.0007326220087994217
C04_no_content_persistence,S3,age_temporal,4,auroc,0.7317095188029529,0.7319174324301306,-0.0002079136271777582
C04_no_content_persistence,S3,age_temporal,4,bce,0.489409354052551,0.4897460632997194,-0.00033670924716844297
C04_no_content_persistence,S3,age_temporal,4,beta_mean,0.5648769736289978,0.5829879641532898,-0.018110990524291992
C04_no_content_persistence,S3,age_temporal,4,cf_rmse_age,0.12890673197723496,0.12718159824630276,0.0017251337309321935
C04_no_content_persistence,S3,age_temporal,4,cf_rmse_lag,0.10049383606543967,0.0988402295274539,0.001653606537985769
C04_no_content_persistence,S3,age_temporal,4,content_free_lambda_corr,0.9841354457867099,0.9819707581670871,0.0021646876196227405
C04_no_content_persistence,S3,age_temporal,4,content_free_lambda_rmse,0.7995905478768166,0.6832347773852947,0.1163557704915219
C04_no_content_persistence,S3,age_temporal,4,delta_bce_beta0,0.00666236909275153,0.006502716635346628,0.00015965245740490186
C04_no_content_persistence,S3,age_temporal,4,delta_bce_full_age_shuffle,0.021554189400418144,0.020386240880757966,0.001167948519660178
C04_no_content_persistence,S3,age_temporal,4,delta_bce_gate_age_shuffle,0.011076170807149899,0.010077773738828955,0.0009983970683209442
C04_no_content_persistence,S3,age_temporal,4,gate_signal_correlation,0.7888346250814781,0.6867565264378923,0.10207809864358575
C04_no_content_persistence,S3,age_temporal,4,gate_signal_mae,0.1443728020923212,0.17277424500303518,-0.028401442910713975
C04_no_content_persistence,S3,age_temporal,4,gate_signal_rmse,0.173655246361971,0.22133661861902024,-0.04768137225704924
C04_no_content_persistence,S3,age_temporal,4,surface_rmse,0.15684980426319348,0.15035266242736883,0.0064971418358246436
C04_no_content_persistence,S3,matched,0,delta_auprc_at_minus_to,0.011598714422915268,0.011015962793962664,0.0005827516289526047
C04_no_content_persistence,S3,matched,0,delta_auroc_at_minus_to,0.0044622188077285685,0.0034715404548417705,0.000990678352886798
C04_no_content_persistence,S3,matched,0,delta_bce_to_minus_at,0.005145671105467042,0.004519074516300237,0.0006265965891668057
C04_no_content_persistence,S3,matched,1,delta_auprc_at_minus_to,0.0076895322079751915,0.010012412430804418,-0.0023228802228292267
C04_no_content_persistence,S3,matched,1,delta_auroc_at_minus_to,0.00040319412279776756,0.003020566248745249,-0.0026173721259474814
C04_no_content_persistence,S3,matched,1,delta_bce_to_minus_at,0.0028924115087032853,0.004001850591326683,-0.001109439082623398
C04_no_content_persistence,S3,matched,2,delta_auprc_at_minus_to,0.009668971695157236,0.010823017146969871,-0.0011540454518126353
C04_no_content_persistence,S3,matched,2,delta_auroc_at_minus_to,0.0033360383676976912,0.0034475656108131636,-0.00011152724311547235
C04_no_content_persistence,S3,matched,2,delta_bce_to_minus_at,0.004106902923973754,0.004544821021969236,-0.0004379180979954822
C04_no_content_persistence,S3,matched,3,delta_auprc_at_minus_to,0.012206440391812956,0.011292740097252119,0.0009137002945608375
C04_no_content_persistence,S3,matched,3,delta_auroc_at_minus_to,0.003937173357893453,0.004068423211457839,-0.0001312498535643858
C04_no_content_persistence,S3,matched,3,delta_bce_to_minus_at,0.005021029055291781,0.0047703589072232155,0.0002506701480685658
C04_no_content_persistence,S3,matched,4,delta_auprc_at_minus_to,0.011354287117023576,0.01117895101350641,0.00017533610351716522
C04_no_content_persistence,S3,matched,4,delta_auroc_at_minus_to,0.0034712812018542483,0.005503051710528117,-0.002031770508673869
C04_no_content_persistence,S3,matched,4,delta_bce_to_minus_at,0.004323314667148415,0.0044284793125844435,-0.00010516464543602888
C04_no_content_persistence,S3,temporal_only,0,abs_beta_mean,0.0,0.0,0.0
C04_no_content_persistence,S3,temporal_only,0,auprc,0.5188151860613357,0.5216313699507381,-0.0028161838894024127
C04_no_content_persistence,S3,temporal_only,0,auroc,0.7288331359820444,0.7300447729909365,-0.0012116370088921524
C04_no_content_persistence,S3,temporal_only,0,bce,0.4927527560102409,0.49174351201849487,0.0010092439917460116
C04_no_content_persistence,S3,temporal_only,0,beta_mean,0.0,0.0,0.0
C04_no_content_persistence,S3,temporal_only,0,cf_rmse_age,0.12200351268628641,0.13165706924189888,-0.009653556555612466
C04_no_content_persistence,S3,temporal_only,0,cf_rmse_lag,0.09612878598798341,0.08871319993757107,0.007415586050412343
C04_no_content_persistence,S3,temporal_only,0,content_free_lambda_rmse,0.920076417401194,0.8446238120267366,0.0754526053744573
C04_no_content_persistence,S3,temporal_only,0,delta_bce_beta0,0.0,0.0,0.0
C04_no_content_persistence,S3,temporal_only,0,delta_bce_full_age_shuffle,0.009381149473766948,0.009376257387607612,4.8920861593360065e-06
C04_no_content_persistence,S3,temporal_only,0,delta_bce_gate_age_shuffle,0.0,0.0,0.0
C04_no_content_persistence,S3,temporal_only,0,gate_signal_correlation,0.5671207209965382,0.48565514142147426,0.08146557957506395
C04_no_content_persistence,S3,temporal_only,0,gate_signal_mae,0.20247462718579104,0.22380085849561673,-0.021326231309825694
C04_no_content_persistence,S3,temporal_only,0,gate_signal_rmse,0.23786106125974818,0.2735857891049966,-0.03572472784524841
C04_no_content_persistence,S3,temporal_only,0,surface_rmse,0.1541552391093224,0.14740168905242296,0.006753550056899454
C04_no_content_persistence,S3,temporal_only,1,abs_beta_mean,0.0,0.0,0.0
C04_no_content_persistence,S3,temporal_only,1,auprc,0.5174650181406618,0.5186274606930832,-0.0011624425524213722
C04_no_content_persistence,S3,temporal_only,1,auroc,0.730365796031331,0.7303187452484924,4.7050782838620187e-05
C04_no_content_persistence,S3,temporal_only,1,bce,0.49262132536090386,0.49210668243469263,0.0005146429262112284
C04_no_content_persistence,S3,temporal_only,1,beta_mean,0.0,0.0,0.0
C04_no_content_persistence,S3,temporal_only,1,cf_rmse_age,0.13424829271583621,0.12638658437210373,0.007861708343732482
C04_no_content_persistence,S3,temporal_only,1,cf_rmse_lag,0.1017691551702709,0.09540417221367195,0.006364982956598944
C04_no_content_persistence,S3,temporal_only,1,content_free_lambda_rmse,0.9179360025758799,0.8449056229528263,0.07303037962305359
C04_no_content_persistence,S3,temporal_only,1,delta_bce_beta0,0.0,0.0,0.0
C04_no_content_persistence,S3,temporal_only,1,delta_bce_full_age_shuffle,0.008100889748032247,0.007643986785702717,0.00045690296232953065
C04_no_content_persistence,S3,temporal_only,1,delta_bce_gate_age_shuffle,0.0,0.0,0.0
C04_no_content_persistence,S3,temporal_only,1,gate_signal_correlation,0.5672106542610011,0.47643099737292194,0.09077965688807921
C04_no_content_persistence,S3,temporal_only,1,gate_signal_mae,0.2016325501283962,0.22953904204420675,-0.027906491915810544
C04_no_content_persistence,S3,temporal_only,1,gate_signal_rmse,0.2371610063027178,0.28044529005308716,-0.04328428375036936
C04_no_content_persistence,S3,temporal_only,1,surface_rmse,0.1719006825358498,0.16834549926456685,0.003555183271282958
C04_no_content_persistence,S3,temporal_only,2,abs_beta_mean,0.0,0.0,0.0
C04_no_content_persistence,S3,temporal_only,2,auprc,0.5186112097922008,0.519248866134369,-0.0006376563421682802
C04_no_content_persistence,S3,temporal_only,2,auroc,0.729408556467978,0.7290564279149371,0.00035212855304089796
C04_no_content_persistence,S3,temporal_only,2,bce,0.492648002613111,0.492780767159814,-0.00013276454670302362
C04_no_content_persistence,S3,temporal_only,2,beta_mean,0.0,0.0,0.0
C04_no_content_persistence,S3,temporal_only,2,cf_rmse_age,0.13079144575577387,0.12710381325262518,0.0036876325031486856
C04_no_content_persistence,S3,temporal_only,2,cf_rmse_lag,0.09608110400945515,0.0987527474458358,-0.002671643436380655
C04_no_content_persistence,S3,temporal_only,2,content_free_lambda_rmse,0.9180625375768775,0.8442763561680136,0.07378618140886395
C04_no_content_persistence,S3,temporal_only,2,delta_bce_beta0,0.0,0.0,0.0
C04_no_content_persistence,S3,temporal_only,2,delta_bce_full_age_shuffle,0.011459198894568756,0.011647029998739455,-0.00018783110417069926
C04_no_content_persistence,S3,temporal_only,2,delta_bce_gate_age_shuffle,0.0,0.0,0.0
C04_no_content_persistence,S3,temporal_only,2,gate_signal_correlation,0.5672053940906338,0.48723055643509694,0.07997483765553681
C04_no_content_persistence,S3,temporal_only,2,gate_signal_mae,0.20168184757158217,0.22771050395816106,-0.02602865638657889
C04_no_content_persistence,S3,temporal_only,2,gate_signal_rmse,0.23720158697030674,0.2768773955112718,-0.03967580854096503
C04_no_content_persistence,S3,temporal_only,2,surface_rmse,0.17092648562852336,0.159020858801684,0.01190562682683935
C04_no_content_persistence,S3,temporal_only,3,abs_beta_mean,0.0,0.0,0.0
C04_no_content_persistence,S3,temporal_only,3,auprc,0.5191781725994318,0.5248346636200738,-0.005656491020642029
C04_no_content_persistence,S3,temporal_only,3,auroc,0.7303206981261363,0.7322029862697437,-0.001882288143607358
C04_no_content_persistence,S3,temporal_only,3,bce,0.4927868863499241,0.49046434369018743,0.0023225426597366927
C04_no_content_persistence,S3,temporal_only,3,beta_mean,0.0,0.0,0.0
C04_no_content_persistence,S3,temporal_only,3,cf_rmse_age,0.1562219162282674,0.1677658125192229,-0.011543896290955508
C04_no_content_persistence,S3,temporal_only,3,cf_rmse_lag,0.12660651840787943,0.13191660763387578,-0.005310089225996351
C04_no_content_persistence,S3,temporal_only,3,content_free_lambda_rmse,0.9198336755917107,0.8452283545590361,0.07460532103267459
C04_no_content_persistence,S3,temporal_only,3,delta_bce_beta0,0.0,0.0,0.0
C04_no_content_persistence,S3,temporal_only,3,delta_bce_full_age_shuffle,0.008875866535494714,0.008836378738868389,3.948779662632518e-05
C04_no_content_persistence,S3,temporal_only,3,delta_bce_gate_age_shuffle,0.0,0.0,0.0
C04_no_content_persistence,S3,temporal_only,3,gate_signal_correlation,0.5671310221344182,0.49855495136439837,0.06857607077001987
C04_no_content_persistence,S3,temporal_only,3,gate_signal_mae,0.20237833703007266,0.22221492310831875,-0.019836586078246093
C04_no_content_persistence,S3,temporal_only,3,gate_signal_rmse,0.23778021120340784,0.2691797801957582,-0.031399568992350385
C04_no_content_persistence,S3,temporal_only,3,surface_rmse,0.2134406896081405,0.21707777141272036,-0.0036370818045798614
C04_no_content_persistence,S3,temporal_only,4,abs_beta_mean,0.0,0.0,0.0
C04_no_content_persistence,S3,temporal_only,4,auprc,0.514739493046808,0.5141822071415257,0.0005572859052822565
C04_no_content_persistence,S3,temporal_only,4,auroc,0.7282382376010986,0.7264143807196025,0.001823856881496111
C04_no_content_persistence,S3,temporal_only,4,bce,0.4937326687196994,0.49417454261230387,-0.00044187389260447185
C04_no_content_persistence,S3,temporal_only,4,beta_mean,0.0,0.0,0.0
C04_no_content_persistence,S3,temporal_only,4,cf_rmse_age,0.1354810036095555,0.14476478873374138,-0.009283785124185873
C04_no_content_persistence,S3,temporal_only,4,cf_rmse_lag,0.10473948168714722,0.1147622276315806,-0.010022745944433378
C04_no_content_persistence,S3,temporal_only,4,content_free_lambda_rmse,0.91956015045757,0.8425353541600483,0.07702479629752168
C04_no_content_persistence,S3,temporal_only,4,delta_bce_beta0,0.0,0.0,0.0
C04_no_content_persistence,S3,temporal_only,4,delta_bce_full_age_shuffle,0.008917266206486973,0.009056919754683035,-0.00013965354819606146
C04_no_content_persistence,S3,temporal_only,4,delta_bce_gate_age_shuffle,0.0,0.0,0.0
C04_no_content_persistence,S3,temporal_only,4,gate_signal_correlation,0.5671425996264591,0.4826972056371729,0.08444539398928619
C04_no_content_persistence,S3,temporal_only,4,gate_signal_mae,0.2022699068601463,0.22933379284300542,-0.027063885982859137
C04_no_content_persistence,S3,temporal_only,4,gate_signal_rmse,0.23768955562635105,0.2794839702770729,-0.04179441465072184
C04_no_content_persistence,S3,temporal_only,4,surface_rmse,0.16021946610829363,0.16667019472094116,-0.006450728612647533
C05_shared_beta_mixture,S0,age_temporal,0,abs_beta_mean,0.053882233798503876,0.04978904128074646,0.004093192517757416
C05_shared_beta_mixture,S0,age_temporal,0,auprc,0.5269410481675543,0.5296080665494216,-0.0026670183818673365
C05_shared_beta_mixture,S0,age_temporal,0,auroc,0.7303787335418025,0.7334018081536009,-0.003023074611798404
C05_shared_beta_mixture,S0,age_temporal,0,bce,0.48235903198100355,0.4806428490322751,0.0017161829487284397
C05_shared_beta_mixture,S0,age_temporal,0,beta_mean,0.053882233798503876,0.04978904128074646,0.004093192517757416
C05_shared_beta_mixture,S0,age_temporal,0,cf_rmse_age,0.06815417017051467,0.08308225857201237,-0.014928088401497702
C05_shared_beta_mixture,S0,age_temporal,0,cf_rmse_lag,0.1123966909655997,0.11640719659928514,-0.004010505633685435
C05_shared_beta_mixture,S0,age_temporal,0,delta_bce_beta0,2.9183526511378233e-05,8.668917983567503e-06,2.051460852781073e-05
C05_shared_beta_mixture,S0,age_temporal,0,delta_bce_full_age_shuffle,0.005026225846511079,0.005402318749690327,-0.00037609290317924815
C05_shared_beta_mixture,S0,age_temporal,0,delta_bce_gate_age_shuffle,0.00011820664803674497,8.281515396046935e-05,3.539149407627562e-05
C05_shared_beta_mixture,S0,age_temporal,0,gate_signal_correlation,0.9991849117372759,0.8942223610434816,0.10496255069379423
C05_shared_beta_mixture,S0,age_temporal,0,gate_signal_mae,0.025350915595077298,0.058537998327670156,-0.033187082732592854
C05_shared_beta_mixture,S0,age_temporal,0,gate_signal_rmse,0.026990677927380725,0.10231461241529326,-0.07532393448791252
C05_shared_beta_mixture,S0,age_temporal,0,surface_rmse,0.14992869372158207,0.1503116762195039,-0.0003829824979218188
C05_shared_beta_mixture,S0,age_temporal,1,abs_beta_mean,0.027379561215639114,0.011464101262390614,0.0159154599532485
C05_shared_beta_mixture,S0,age_temporal,1,auprc,0.5217010210857663,0.5268778885349943,-0.005176867449227962
C05_shared_beta_mixture,S0,age_temporal,1,auroc,0.7262940768474078,0.731115848292132,-0.004821771444724288
C05_shared_beta_mixture,S0,age_temporal,1,bce,0.48499870484923485,0.482053698864931,0.002945005984303861
C05_shared_beta_mixture,S0,age_temporal,1,beta_mean,-0.027379561215639114,0.011464101262390614,-0.03884366247802973
C05_shared_beta_mixture,S0,age_temporal,1,cf_rmse_age,0.0847893706718184,0.10960712533862747,-0.024817754666809078
C05_shared_beta_mixture,S0,age_temporal,1,cf_rmse_lag,0.12039903619981637,0.12693664121579312,-0.00653760501597675
C05_shared_beta_mixture,S0,age_temporal,1,delta_bce_beta0,6.019121509942549e-05,-1.25439318526821e-05,7.273514695210759e-05
C05_shared_beta_mixture,S0,age_temporal,1,delta_bce_full_age_shuffle,0.0021893761561700975,0.0025570379784510266,-0.00036766182228092914
C05_shared_beta_mixture,S0,age_temporal,1,delta_bce_gate_age_shuffle,6.948121328598234e-05,-5.97453501538503e-06,7.545574830136736e-05
C05_shared_beta_mixture,S0,age_temporal,1,gate_signal_correlation,0.999492182739855,0.9259799889673047,0.07351219377255025
C05_shared_beta_mixture,S0,age_temporal,1,gate_signal_mae,0.02537214716199989,0.050731986746074535,-0.025359839584074645
C05_shared_beta_mixture,S0,age_temporal,1,gate_signal_rmse,0.02653864225422754,0.08456179356108491,-0.05802315130685737
C05_shared_beta_mixture,S0,age_temporal,1,surface_rmse,0.15351775135077286,0.15367456751097977,-0.00015681616020690736
C05_shared_beta_mixture,S0,age_temporal,2,abs_beta_mean,0.046858105808496475,0.020279379561543465,0.02657872624695301
C05_shared_beta_mixture,S0,age_temporal,2,auprc,0.5223841929632372,0.5238882520896395,-0.0015040591264022796
C05_shared_beta_mixture,S0,age_temporal,2,auroc,0.7274394698423422,0.7303670482020509,-0.0029275783597086935
C05_shared_beta_mixture,S0,age_temporal,2,bce,0.4841571896983551,0.4830817318863371,0.0010754578120180103
C05_shared_beta_mixture,S0,age_temporal,2,beta_mean,-0.046858105808496475,-0.020279379561543465,-0.02657872624695301
C05_shared_beta_mixture,S0,age_temporal,2,cf_rmse_age,0.07662882400383962,0.09858325932001033,-0.02195443531617071
C05_shared_beta_mixture,S0,age_temporal,2,cf_rmse_lag,0.12006063560783096,0.13534132815383793,-0.01528069254600696
C05_shared_beta_mixture,S0,age_temporal,2,delta_bce_beta0,8.650459663450683e-05,3.1312002447547727e-05,5.51925941869591e-05
C05_shared_beta_mixture,S0,age_temporal,2,delta_bce_full_age_shuffle,0.004513768077637426,0.005448884099637563,-0.0009351160220001375
C05_shared_beta_mixture,S0,age_temporal,2,delta_bce_gate_age_shuffle,0.00010122186163274982,1.4039961121481426e-05,8.71819005112684e-05
C05_shared_beta_mixture,S0,age_temporal,2,gate_signal_correlation,0.9993131284197202,0.8560636309164751,0.14324949750324512
C05_shared_beta_mixture,S0,age_temporal,2,gate_signal_mae,0.024911227430825557,0.06581166671629682,-0.04090043928547126
C05_shared_beta_mixture,S0,age_temporal,2,gate_signal_rmse,0.026372291980244364,0.12351198989778926,-0.0971396979175449
C05_shared_beta_mixture,S0,age_temporal,2,surface_rmse,0.1494562727597405,0.16429447406673842,-0.014838201306997922
C05_shared_beta_mixture,S0,age_temporal,3,abs_beta_mean,0.029753699898719788,0.03535430505871773,-0.00560060515999794
C05_shared_beta_mixture,S0,age_temporal,3,auprc,0.5255891873028367,0.5279717138257447,-0.002382526522908046
C05_shared_beta_mixture,S0,age_temporal,3,auroc,0.7294640905746275,0.732108261569415,-0.0026441709947875314
C05_shared_beta_mixture,S0,age_temporal,3,bce,0.4835362196181457,0.4819322606840814,0.0016039589340642868
C05_shared_beta_mixture,S0,age_temporal,3,beta_mean,0.029753699898719788,0.03535430505871773,-0.00560060515999794
C05_shared_beta_mixture,S0,age_temporal,3,cf_rmse_age,0.09779658767703657,0.11860078629085011,-0.020804198613813538
C05_shared_beta_mixture,S0,age_temporal,3,cf_rmse_lag,0.1097905174353798,0.11825170749435876,-0.008461190058978954
C05_shared_beta_mixture,S0,age_temporal,3,delta_bce_beta0,-3.693489174672049e-06,1.9773450585791608e-06,-5.67083423325121e-06
C05_shared_beta_mixture,S0,age_temporal,3,delta_bce_full_age_shuffle,0.004657113369071431,0.005476744411670453,-0.0008196310425990228
C05_shared_beta_mixture,S0,age_temporal,3,delta_bce_gate_age_shuffle,7.228201367559528e-06,2.184771361252169e-05,-1.4619512244962163e-05
C05_shared_beta_mixture,S0,age_temporal,3,gate_signal_correlation,0.9994151210481875,0.9052954838709347,0.0941196371772528
C05_shared_beta_mixture,S0,age_temporal,3,gate_signal_mae,0.026880054350112467,0.05469462765413096,-0.027814573304018493
C05_shared_beta_mixture,S0,age_temporal,3,gate_signal_rmse,0.02812726158682272,0.09765861700776518,-0.06953135542094246
C05_shared_beta_mixture,S0,age_temporal,3,surface_rmse,0.1423958746941109,0.1509623955451689,-0.008566520851057996
C05_shared_beta_mixture,S0,age_temporal,4,abs_beta_mean,0.0018442197469994426,0.0031639905646443367,-0.0013197708176448941
C05_shared_beta_mixture,S0,age_temporal,4,auprc,0.5245501196570188,0.5261686705117078,-0.0016185508546889826
C05_shared_beta_mixture,S0,age_temporal,4,auroc,0.7284787662079719,0.7316953062565781,-0.0032165400486061646
C05_shared_beta_mixture,S0,age_temporal,4,bce,0.48355698055581525,0.48151061692912545,0.0020463636266898066
C05_shared_beta_mixture,S0,age_temporal,4,beta_mean,-0.0018442197469994426,0.0031639905646443367,-0.005008210311643779
C05_shared_beta_mixture,S0,age_temporal,4,cf_rmse_age,0.07038771138802569,0.08286302774714167,-0.012475316359115987
C05_shared_beta_mixture,S0,age_temporal,4,cf_rmse_lag,0.10115505149492733,0.11139740683119081,-0.010242355336263484
C05_shared_beta_mixture,S0,age_temporal,4,delta_bce_beta0,-1.1849357012261308e-07,-2.357533042340876e-06,2.2390394722182627e-06
C05_shared_beta_mixture,S0,age_temporal,4,delta_bce_full_age_shuffle,0.0054866962854069334,0.005946130476437661,-0.0004594341910307276
C05_shared_beta_mixture,S0,age_temporal,4,delta_bce_gate_age_shuffle,-1.4569393920749185e-06,9.725543985150686e-07,-2.429493790589987e-06
C05_shared_beta_mixture,S0,age_temporal,4,gate_signal_correlation,0.9996650983692652,0.8706569702352823,0.12900812813398288
C05_shared_beta_mixture,S0,age_temporal,4,gate_signal_mae,0.02277629408038384,0.06004317724737618,-0.03726688316699234
C05_shared_beta_mixture,S0,age_temporal,4,gate_signal_rmse,0.023704252254511105,0.11501639806420964,-0.09131214580969854
C05_shared_beta_mixture,S0,age_temporal,4,surface_rmse,0.1366952882231039,0.14514842713951528,-0.00845313891641139
C05_shared_beta_mixture,S0,matched,0,delta_auprc_at_minus_to,-8.346850045504173e-05,-6.648490076321956e-05,-1.698359969182217e-05
C05_shared_beta_mixture,S0,matched,0,delta_auroc_at_minus_to,3.9752636361245486e-05,3.461861318720949e-05,5.134023174035995e-06
C05_shared_beta_mixture,S0,matched,0,delta_bce_to_minus_at,2.3735312429717936e-05,1.1285860192111752e-05,1.2449452237606184e-05
C05_shared_beta_mixture,S0,matched,1,delta_auprc_at_minus_to,-0.00011553835381061806,-0.00035540028214253727,0.00023986192833191922
C05_shared_beta_mixture,S0,matched,1,delta_auroc_at_minus_to,-6.421560922897918e-05,-4.247237353061095e-05,-2.1743235698368224e-05
C05_shared_beta_mixture,S0,matched,1,delta_bce_to_minus_at,-4.742853688294302e-05,-0.00017155527440210205,0.00012412673751915904
C05_shared_beta_mixture,S0,matched,2,delta_auprc_at_minus_to,-0.00025201971572674786,-4.299376821115253e-06,-0.0002477203389056326
C05_shared_beta_mixture,S0,matched,2,delta_auroc_at_minus_to,-0.0003188616924946208,-2.638609339988829e-05,-0.00029247559909473253
C05_shared_beta_mixture,S0,matched,2,delta_bce_to_minus_at,-0.00012070480974785136,-5.310887438658707e-06,-0.00011539392230919265
C05_shared_beta_mixture,S0,matched,3,delta_auprc_at_minus_to,-4.7612258566309684e-05,0.0010286741618541484,-0.001076286420420458
C05_shared_beta_mixture,S0,matched,3,delta_auroc_at_minus_to,-0.00011289719403273502,0.0013562251631549227,-0.0014691223571876577
C05_shared_beta_mixture,S0,matched,3,delta_bce_to_minus_at,1.1381584941738687e-06,-7.186558560184908e-05,7.300374409602295e-05
C05_shared_beta_mixture,S0,matched,4,delta_auprc_at_minus_to,-0.00010653845979569088,8.312491931339316e-06,-0.00011485095172703019
C05_shared_beta_mixture,S0,matched,4,delta_auroc_at_minus_to,-5.226880328046413e-05,4.471805049144351e-06,-5.674060832960848e-05
C05_shared_beta_mixture,S0,matched,4,delta_bce_to_minus_at,-3.513698165191759e-05,3.322340479228192e-06,-3.845932213114578e-05
C05_shared_beta_mixture,S0,temporal_only,0,abs_beta_mean,0.0,0.0,0.0
C05_shared_beta_mixture,S0,temporal_only,0,auprc,0.5270245166680093,0.5296745514501848,-0.0026500347821755144
C05_shared_beta_mixture,S0,temporal_only,0,auroc,0.7303389809054412,0.7333671895404137,-0.00302820863497244
C05_shared_beta_mixture,S0,temporal_only,0,bce,0.48238276729343327,0.4806541348924672,0.0017286324009660459
C05_shared_beta_mixture,S0,temporal_only,0,beta_mean,0.0,0.0,0.0
C05_shared_beta_mixture,S0,temporal_only,0,cf_rmse_age,0.06931829885405583,0.08414547823781746,-0.01482717938376163
C05_shared_beta_mixture,S0,temporal_only,0,cf_rmse_lag,0.11150806594584457,0.11527290838970335,-0.0037648424438587735
C05_shared_beta_mixture,S0,temporal_only,0,delta_bce_beta0,0.0,0.0,0.0
C05_shared_beta_mixture,S0,temporal_only,0,delta_bce_full_age_shuffle,0.00503719784581913,0.005448421935103198,-0.00041122408928406795
C05_shared_beta_mixture,S0,temporal_only,0,delta_bce_gate_age_shuffle,0.0,0.0,0.0
C05_shared_beta_mixture,S0,temporal_only,0,gate_signal_correlation,0.9995778489931159,0.8944071110982615,0.10517073789485432
C05_shared_beta_mixture,S0,temporal_only,0,gate_signal_mae,0.02574681697308599,0.05841725569190165,-0.032670438718815656
C05_shared_beta_mixture,S0,temporal_only,0,gate_signal_rmse,0.02677134124362567,0.10242814526854555,-0.07565680402491988
C05_shared_beta_mixture,S0,temporal_only,0,surface_rmse,0.14976246499762536,0.14982460786457688,-6.21428669515256e-05
C05_shared_beta_mixture,S0,temporal_only,1,abs_beta_mean,0.0,0.0,0.0
C05_shared_beta_mixture,S0,temporal_only,1,auprc,0.5218165594395769,0.5272332888171368,-0.005416729377559881
C05_shared_beta_mixture,S0,temporal_only,1,auroc,0.7263582924566367,0.7311583206656627,-0.004800028209025919
C05_shared_beta_mixture,S0,temporal_only,1,bce,0.4849512763123519,0.4818821435905289,0.00306913272182302
C05_shared_beta_mixture,S0,temporal_only,1,beta_mean,0.0,0.0,0.0
C05_shared_beta_mixture,S0,temporal_only,1,cf_rmse_age,0.08395316104336142,0.10981046715243505,-0.02585730610907362
C05_shared_beta_mixture,S0,temporal_only,1,cf_rmse_lag,0.12033828616689694,0.12656025686406394,-0.006221970697166998
C05_shared_beta_mixture,S0,temporal_only,1,delta_bce_beta0,0.0,0.0,0.0
C05_shared_beta_mixture,S0,temporal_only,1,delta_bce_full_age_shuffle,0.0021752340322800934,0.0025488615066479037,-0.0003736274743678103
C05_shared_beta_mixture,S0,temporal_only,1,delta_bce_gate_age_shuffle,0.0,0.0,0.0
C05_shared_beta_mixture,S0,temporal_only,1,gate_signal_correlation,0.999593846213952,0.926111351452864,0.07348249476108792
C05_shared_beta_mixture,S0,temporal_only,1,gate_signal_mae,0.02522514509059203,0.0507204262482169,-0.025495281157624866
C05_shared_beta_mixture,S0,temporal_only,1,gate_signal_rmse,0.026233000104501636,0.08421856293218988,-0.05798556282768824
C05_shared_beta_mixture,S0,temporal_only,1,surface_rmse,0.1534255221877275,0.1531521984556662,0.0002733237320613202
C05_shared_beta_mixture,S0,temporal_only,2,abs_beta_mean,0.0,0.0,0.0
C05_shared_beta_mixture,S0,temporal_only,2,auprc,0.522636212678964,0.5238925514664606,-0.001256338787496647
C05_shared_beta_mixture,S0,temporal_only,2,auroc,0.7277583315348368,0.7303934342954508,-0.002635102760613961
C05_shared_beta_mixture,S0,temporal_only,2,bce,0.48403648488860723,0.4830764209988984,0.0009600638897088176
C05_shared_beta_mixture,S0,temporal_only,2,beta_mean,0.0,0.0,0.0
C05_shared_beta_mixture,S0,temporal_only,2,cf_rmse_age,0.07663751399423226,0.09913553635485707,-0.022498022360624814
C05_shared_beta_mixture,S0,temporal_only,2,cf_rmse_lag,0.12046184110580475,0.13577891931022554,-0.015317078204420784
C05_shared_beta_mixture,S0,temporal_only,2,delta_bce_beta0,0.0,0.0,0.0
C05_shared_beta_mixture,S0,temporal_only,2,delta_bce_full_age_shuffle,0.004518650619249831,0.00550750129427291,-0.0009888506750230786
C05_shared_beta_mixture,S0,temporal_only,2,delta_bce_gate_age_shuffle,0.0,0.0,0.0
C05_shared_beta_mixture,S0,temporal_only,2,gate_signal_correlation,0.9996118651902942,0.8566828732602048,0.14292899193008946
C05_shared_beta_mixture,S0,temporal_only,2,gate_signal_mae,0.02462654891528966,0.0657725230570137,-0.04114597414172404
C05_shared_beta_mixture,S0,temporal_only,2,gate_signal_rmse,0.025615092930290496,0.12317083620847916,-0.09755574327818867
C05_shared_beta_mixture,S0,temporal_only,2,surface_rmse,0.15018315213154143,0.16478229224284469,-0.014599140111303255
C05_shared_beta_mixture,S0,temporal_only,3,abs_beta_mean,0.0,0.0,0.0
C05_shared_beta_mixture,S0,temporal_only,3,auprc,0.525636799561403,0.5269430396638906,-0.001306240102487588
C05_shared_beta_mixture,S0,temporal_only,3,auroc,0.7295769877686602,0.7307520364062601,-0.0011750486375998737
C05_shared_beta_mixture,S0,temporal_only,3,bce,0.48353735777663986,0.48186039509847955,0.0016769626781603097
C05_shared_beta_mixture,S0,temporal_only,3,beta_mean,0.0,0.0,0.0
C05_shared_beta_mixture,S0,temporal_only,3,cf_rmse_age,0.0960130265555395,0.11313308421402934,-0.01712005765848984
C05_shared_beta_mixture,S0,temporal_only,3,cf_rmse_lag,0.10958954208773236,0.11800553722134975,-0.00841599513361739
C05_shared_beta_mixture,S0,temporal_only,3,delta_bce_beta0,0.0,0.0,0.0
C05_shared_beta_mixture,S0,temporal_only,3,delta_bce_full_age_shuffle,0.004599935690295598,0.005620222900700744,-0.0010202872104051464
C05_shared_beta_mixture,S0,temporal_only,3,delta_bce_gate_age_shuffle,0.0,0.0,0.0
C05_shared_beta_mixture,S0,temporal_only,3,gate_signal_correlation,0.9995440166474385,0.8883809744941378,0.11116304215330075
C05_shared_beta_mixture,S0,temporal_only,3,gate_signal_mae,0.02682225585528157,0.05808107748336999,-0.03125882162808842
C05_shared_beta_mixture,S0,temporal_only,3,gate_signal_rmse,0.027880675459402558,0.10504304175008819,-0.07716236629068562
C05_shared_beta_mixture,S0,temporal_only,3,surface_rmse,0.14225377042450932,0.14902255691470706,-0.006768786490197742
C05_shared_beta_mixture,S0,temporal_only,4,abs_beta_mean,0.0,0.0,0.0
C05_shared_beta_mixture,S0,temporal_only,4,auprc,0.5246566581168145,0.5261603580197765,-0.0015036999029619524
C05_shared_beta_mixture,S0,temporal_only,4,auroc,0.7285310350112524,0.7316908344515289,-0.003159799440276556
C05_shared_beta_mixture,S0,temporal_only,4,bce,0.48352184357416333,0.4815139392696047,0.002007904304558661
C05_shared_beta_mixture,S0,temporal_only,4,beta_mean,0.0,0.0,0.0
C05_shared_beta_mixture,S0,temporal_only,4,cf_rmse_age,0.07049057088745851,0.08284167493527446,-0.012351104047815947
C05_shared_beta_mixture,S0,temporal_only,4,cf_rmse_lag,0.10096008370064444,0.11130516010406907,-0.010345076403424636
C05_shared_beta_mixture,S0,temporal_only,4,delta_bce_beta0,0.0,0.0,0.0
C05_shared_beta_mixture,S0,temporal_only,4,delta_bce_full_age_shuffle,0.00549252098357228,0.0059405503248018965,-0.0004480293412296166
C05_shared_beta_mixture,S0,temporal_only,4,delta_bce_gate_age_shuffle,0.0,0.0,0.0
C05_shared_beta_mixture,S0,temporal_only,4,gate_signal_correlation,0.9996629690289772,0.8709039373269316,0.1287590317020456
C05_shared_beta_mixture,S0,temporal_only,4,gate_signal_mae,0.02285808003099431,0.059961832940496645,-0.03710375290950234
C05_shared_beta_mixture,S0,temporal_only,4,gate_signal_rmse,0.023788401649976226,0.11488319514919978,-0.09109479349922356
C05_shared_beta_mixture,S0,temporal_only,4,surface_rmse,0.13638688222184583,0.14505630645072745,-0.008669424228881617
C05_shared_beta_mixture,S1,age_temporal,0,abs_beta_mean,0.06298699229955673,0.1005406603217125,-0.03755366802215576
C05_shared_beta_mixture,S1,age_temporal,0,auprc,0.5345858555540997,0.537335282187853,-0.002749426633753327
C05_shared_beta_mixture,S1,age_temporal,0,auroc,0.7389880632081675,0.7401830256045248,-0.001194962396357302
C05_shared_beta_mixture,S1,age_temporal,0,bce,0.48229089693288885,0.48117162051291396,0.0011192764199748906
C05_shared_beta_mixture,S1,age_temporal,0,beta_mean,0.06298699229955673,0.1005406603217125,-0.03755366802215576
C05_shared_beta_mixture,S1,age_temporal,0,cf_rmse_age,0.13980188467498356,0.1402103413042319,-0.00040845662924834936
C05_shared_beta_mixture,S1,age_temporal,0,cf_rmse_lag,0.1216540951813465,0.12067959025784977,0.0009745049234967246
C05_shared_beta_mixture,S1,age_temporal,0,delta_bce_beta0,0.00017481098115024185,0.000276302743403789,-0.00010149176225354717
C05_shared_beta_mixture,S1,age_temporal,0,delta_bce_full_age_shuffle,0.008310992316885313,0.008455465136340767,-0.00014447281945545454
C05_shared_beta_mixture,S1,age_temporal,0,delta_bce_gate_age_shuffle,0.00018347778845739793,0.00033391308487323856,-0.00015043529641584064
C05_shared_beta_mixture,S1,age_temporal,0,gate_signal_correlation,0.9979688736520214,0.9757352123806298,0.02223366127139159
C05_shared_beta_mixture,S1,age_temporal,0,gate_signal_mae,0.050896913827647515,0.033911053696513045,0.01698586013113447
C05_shared_beta_mixture,S1,age_temporal,0,gate_signal_rmse,0.053004560741653876,0.05250495182444817,0.0004996089172057058
C05_shared_beta_mixture,S1,age_temporal,0,surface_rmse,0.17977031314364975,0.17011170753699503,0.009658605606654713
C05_shared_beta_mixture,S1,age_temporal,1,abs_beta_mean,0.0452948696911335,0.011787141673266888,0.03350772801786661
C05_shared_beta_mixture,S1,age_temporal,1,auprc,0.535140243248682,0.5380768076394529,-0.002936564390770835
C05_shared_beta_mixture,S1,age_temporal,1,auroc,0.7409463281545635,0.7415101146681564,-0.000563786513592901
C05_shared_beta_mixture,S1,age_temporal,1,bce,0.48142795169085384,0.4802605862266138,0.0011673654642400666
C05_shared_beta_mixture,S1,age_temporal,1,beta_mean,-0.0452948696911335,0.011787141673266888,-0.05708201136440039
C05_shared_beta_mixture,S1,age_temporal,1,cf_rmse_age,0.16839599596649854,0.16344439196072325,0.004951604005775295
C05_shared_beta_mixture,S1,age_temporal,1,cf_rmse_lag,0.13784119406379905,0.1223917324290053,0.015449461634793743
C05_shared_beta_mixture,S1,age_temporal,1,delta_bce_beta0,-0.00013114716907636215,3.160102115462582e-05,-0.00016274819023098797
C05_shared_beta_mixture,S1,age_temporal,1,delta_bce_full_age_shuffle,0.006741097429117271,0.006799740116966657,-5.86426878493862e-05
C05_shared_beta_mixture,S1,age_temporal,1,delta_bce_gate_age_shuffle,-7.736258583035394e-05,2.7818955876279805e-05,-0.00010518154170663374
C05_shared_beta_mixture,S1,age_temporal,1,gate_signal_correlation,0.9984171655925358,0.9776751940206728,0.02074197157186297
C05_shared_beta_mixture,S1,age_temporal,1,gate_signal_mae,0.047670785017009186,0.04025831548169511,0.007412469535314076
C05_shared_beta_mixture,S1,age_temporal,1,gate_signal_rmse,0.04950082656629382,0.05569601236913303,-0.006195185802839211
C05_shared_beta_mixture,S1,age_temporal,1,surface_rmse,0.19200468758007935,0.17856830166768178,0.01343638591239757
C05_shared_beta_mixture,S1,age_temporal,2,abs_beta_mean,0.013392329216003418,0.03144624084234238,-0.01805391162633896
C05_shared_beta_mixture,S1,age_temporal,2,auprc,0.5355857020588563,0.5371054813206302,-0.0015197792617739347
C05_shared_beta_mixture,S1,age_temporal,2,auroc,0.7405466318473579,0.7419205482135522,-0.0013739163661943277
C05_shared_beta_mixture,S1,age_temporal,2,bce,0.4816132234428841,0.48098239527723935,0.0006308281656447479
C05_shared_beta_mixture,S1,age_temporal,2,beta_mean,-0.013392329216003418,0.03144624084234238,-0.044838570058345795
C05_shared_beta_mixture,S1,age_temporal,2,cf_rmse_age,0.14565410124737233,0.1450187483420907,0.0006353529052816331
C05_shared_beta_mixture,S1,age_temporal,2,cf_rmse_lag,0.1394401904598355,0.13825243035528761,0.0011877601045478803
C05_shared_beta_mixture,S1,age_temporal,2,delta_bce_beta0,-4.281412628842629e-05,0.00011789840997561418,-0.00016071253626404047
C05_shared_beta_mixture,S1,age_temporal,2,delta_bce_full_age_shuffle,0.011711219408981455,0.011294302900817288,0.0004169165081641668
C05_shared_beta_mixture,S1,age_temporal,2,delta_bce_gate_age_shuffle,-2.315291234711303e-05,9.835321759643634e-05,-0.00012150612994354937
C05_shared_beta_mixture,S1,age_temporal,2,gate_signal_correlation,0.9988524043136918,0.9791678009447085,0.019684603368983367
C05_shared_beta_mixture,S1,age_temporal,2,gate_signal_mae,0.04432188212565796,0.03915388802441943,0.005167994101238534
C05_shared_beta_mixture,S1,age_temporal,2,gate_signal_rmse,0.045835986811210976,0.055305389206043366,-0.00946940239483239
C05_shared_beta_mixture,S1,age_temporal,2,surface_rmse,0.18678994466714513,0.1818091817541001,0.004980762913045028
C05_shared_beta_mixture,S1,age_temporal,3,abs_beta_mean,0.04617515206336975,0.0649377703666687,-0.01876261830329895
C05_shared_beta_mixture,S1,age_temporal,3,auprc,0.5352218181365966,0.5373797567194137,-0.0021579385828170983
C05_shared_beta_mixture,S1,age_temporal,3,auroc,0.7399233513504823,0.7416857012376636,-0.0017623498871813803
C05_shared_beta_mixture,S1,age_temporal,3,bce,0.48177855743626596,0.48073099163610544,0.0010475658001605215
C05_shared_beta_mixture,S1,age_temporal,3,beta_mean,0.04617515206336975,0.0649377703666687,-0.01876261830329895
C05_shared_beta_mixture,S1,age_temporal,3,cf_rmse_age,0.1340838243548854,0.13148214535761257,0.002601678997272816
C05_shared_beta_mixture,S1,age_temporal,3,cf_rmse_lag,0.1107804386432986,0.10756068846926845,0.0032197501740301587
C05_shared_beta_mixture,S1,age_temporal,3,delta_bce_beta0,0.00011452953614277117,0.00016747160604330125,-5.2942069900530075e-05
C05_shared_beta_mixture,S1,age_temporal,3,delta_bce_full_age_shuffle,0.011833771877290566,0.011025139003487505,0.0008086328738030613
C05_shared_beta_mixture,S1,age_temporal,3,delta_bce_gate_age_shuffle,0.00011430842581466871,0.00016694225004038055,-5.2633824225711834e-05
C05_shared_beta_mixture,S1,age_temporal,3,gate_signal_correlation,0.9985555385077632,0.9761877996180943,0.02236773888966892
C05_shared_beta_mixture,S1,age_temporal,3,gate_signal_mae,0.044601651728418366,0.038804960156100486,0.00579669157231788
C05_shared_beta_mixture,S1,age_temporal,3,gate_signal_rmse,0.04638173948640197,0.055701546370979245,-0.009319806884577272
C05_shared_beta_mixture,S1,age_temporal,3,surface_rmse,0.15805214519810662,0.1444063014727151,0.013645843725391515
C05_shared_beta_mixture,S1,age_temporal,4,abs_beta_mean,0.021096516400575638,0.03446369618177414,-0.013367179781198502
C05_shared_beta_mixture,S1,age_temporal,4,auprc,0.5366148094812903,0.5398260691959067,-0.0032112597146164434
C05_shared_beta_mixture,S1,age_temporal,4,auroc,0.7414422581451818,0.7427907316607631,-0.0013484735155813166
C05_shared_beta_mixture,S1,age_temporal,4,bce,0.48172263126725556,0.4802439862700552,0.0014786449972003513
C05_shared_beta_mixture,S1,age_temporal,4,beta_mean,-0.021096516400575638,0.03446369618177414,-0.05556021258234978
C05_shared_beta_mixture,S1,age_temporal,4,cf_rmse_age,0.15891546903621467,0.16623233235224963,-0.007316863316034955
C05_shared_beta_mixture,S1,age_temporal,4,cf_rmse_lag,0.12276726921276884,0.1162050292170367,0.006562239995732147
C05_shared_beta_mixture,S1,age_temporal,4,delta_bce_beta0,-5.136856208853846e-05,0.00010567572000969028,-0.00015704428209822874
C05_shared_beta_mixture,S1,age_temporal,4,delta_bce_full_age_shuffle,0.007765946598130236,0.007804761165834728,-3.881456770449265e-05
C05_shared_beta_mixture,S1,age_temporal,4,delta_bce_gate_age_shuffle,-1.7290063272001888e-05,0.00011450701638016092,-0.0001317970796521628
C05_shared_beta_mixture,S1,age_temporal,4,gate_signal_correlation,0.998643667713765,0.9786111529001003,0.020032514813664748
C05_shared_beta_mixture,S1,age_temporal,4,gate_signal_mae,0.04788962356367682,0.037760786948187,0.010128836615489821
C05_shared_beta_mixture,S1,age_temporal,4,gate_signal_rmse,0.049514741174143,0.051990469401823926,-0.002475728227680926
C05_shared_beta_mixture,S1,age_temporal,4,surface_rmse,0.18448970249035357,0.18187700068752877,0.0026127018028248017
C05_shared_beta_mixture,S1,matched,0,delta_auprc_at_minus_to,3.90390261562068e-05,0.0003237295960659692,-0.0002846905699097624
C05_shared_beta_mixture,S1,matched,0,delta_auroc_at_minus_to,5.021416763428821e-05,0.0003215234710820525,-0.00027130930344776427
C05_shared_beta_mixture,S1,matched,0,delta_bce_to_minus_at,8.363667547406362e-05,0.00021194220717518641,-0.0001283055317011228
C05_shared_beta_mixture,S1,matched,1,delta_auprc_at_minus_to,-0.0003403674493946962,0.00015336982816771538,-0.0004937372775624116
C05_shared_beta_mixture,S1,matched,1,delta_auroc_at_minus_to,-0.00021377152671497868,5.071538473533366e-05,-0.00026448691145031233
C05_shared_beta_mixture,S1,matched,1,delta_bce_to_minus_at,-0.000183490714897927,1.8757629690779876e-05,-0.00020224834458870689
C05_shared_beta_mixture,S1,matched,2,delta_auprc_at_minus_to,1.1577935963735797e-05,0.000133211485061846,-0.0001216335490981102
C05_shared_beta_mixture,S1,matched,2,delta_auroc_at_minus_to,-4.601221650024634e-05,0.00010173003987556939,-0.00014774225637581573
C05_shared_beta_mixture,S1,matched,2,delta_bce_to_minus_at,-1.8795807493310335e-05,6.233591634452473e-05,-8.113172383783507e-05
C05_shared_beta_mixture,S1,matched,3,delta_auprc_at_minus_to,2.4179874767882303e-05,0.00010730287739557642,-8.312300262769412e-05
C05_shared_beta_mixture,S1,matched,3,delta_auroc_at_minus_to,7.623366122277986e-05,0.00017785907811118662,-0.00010162541688840676
C05_shared_beta_mixture,S1,matched,3,delta_bce_to_minus_at,2.459535096527299e-05,6.234408191296836e-05,-3.7748730947695375e-05
C05_shared_beta_mixture,S1,matched,4,delta_auprc_at_minus_to,-0.0005691597223216327,9.705174975871422e-05,-0.0006662114720803469
C05_shared_beta_mixture,S1,matched,4,delta_auroc_at_minus_to,-0.00034655269593186766,3.278349136071057e-05,-0.00037933618729257823
C05_shared_beta_mixture,S1,matched,4,delta_bce_to_minus_at,-0.0003203689107199592,5.7693997534524755e-05,-0.00037806290825448396
C05_shared_beta_mixture,S1,temporal_only,0,abs_beta_mean,0.0,0.0,0.0
C05_shared_beta_mixture,S1,temporal_only,0,auprc,0.5345468165279434,0.537011552591787,-0.0024647360638435645
C05_shared_beta_mixture,S1,temporal_only,0,auroc,0.7389378490405332,0.7398615021334427,-0.0009236530929095377
C05_shared_beta_mixture,S1,temporal_only,0,bce,0.4823745336083629,0.48138356272008914,0.0009909708882737678
C05_shared_beta_mixture,S1,temporal_only,0,beta_mean,0.0,0.0,0.0
C05_shared_beta_mixture,S1,temporal_only,0,cf_rmse_age,0.13993400189575525,0.14057476936589616,-0.0006407674701409127
C05_shared_beta_mixture,S1,temporal_only,0,cf_rmse_lag,0.12175645333463106,0.12055293894397853,0.001203514390652527
C05_shared_beta_mixture,S1,temporal_only,0,delta_bce_beta0,0.0,0.0,0.0
C05_shared_beta_mixture,S1,temporal_only,0,delta_bce_full_age_shuffle,0.008270525073656998,0.008417202572917004,-0.00014667749926000617
C05_shared_beta_mixture,S1,temporal_only,0,delta_bce_gate_age_shuffle,0.0,0.0,0.0
C05_shared_beta_mixture,S1,temporal_only,0,gate_signal_correlation,0.9985262882315468,0.9771678480823325,0.021358440149214286
C05_shared_beta_mixture,S1,temporal_only,0,gate_signal_mae,0.05155953769106253,0.032237344743686676,0.019322192947375853
C05_shared_beta_mixture,S1,temporal_only,0,gate_signal_rmse,0.05320006606991482,0.051598335875426685,0.0016017301944881365
C05_shared_beta_mixture,S1,temporal_only,0,surface_rmse,0.17875454621313788,0.16874071350957326,0.010013832703564624
C05_shared_beta_mixture,S1,temporal_only,1,abs_beta_mean,0.0,0.0,0.0
C05_shared_beta_mixture,S1,temporal_only,1,auprc,0.5354806106980767,0.5379234378112852,-0.0024428271132084234
C05_shared_beta_mixture,S1,temporal_only,1,auroc,0.7411600996812785,0.7414593992834211,-0.00029929960214258866
C05_shared_beta_mixture,S1,temporal_only,1,bce,0.4812444609759559,0.48027934385630455,0.0009651171196513597
C05_shared_beta_mixture,S1,temporal_only,1,beta_mean,0.0,0.0,0.0
C05_shared_beta_mixture,S1,temporal_only,1,cf_rmse_age,0.16876155369106943,0.16424663275084456,0.004514920940224876
C05_shared_beta_mixture,S1,temporal_only,1,cf_rmse_lag,0.13592517816248031,0.12272831554634411,0.013196862616136201
C05_shared_beta_mixture,S1,temporal_only,1,delta_bce_beta0,0.0,0.0,0.0
C05_shared_beta_mixture,S1,temporal_only,1,delta_bce_full_age_shuffle,0.006724086259952744,0.006773107487360208,-4.9021227407464174e-05
C05_shared_beta_mixture,S1,temporal_only,1,delta_bce_gate_age_shuffle,0.0,0.0,0.0
C05_shared_beta_mixture,S1,temporal_only,1,gate_signal_correlation,0.9987161948625712,0.978044050546879,0.020672144315692198
C05_shared_beta_mixture,S1,temporal_only,1,gate_signal_mae,0.047756026779775175,0.03967054002635601,0.008085486753419163
C05_shared_beta_mixture,S1,temporal_only,1,gate_signal_rmse,0.0493190590775529,0.05500949031257595,-0.005690431235023052
C05_shared_beta_mixture,S1,temporal_only,1,surface_rmse,0.19076347899326104,0.1785811688023273,0.012182310190933743
C05_shared_beta_mixture,S1,temporal_only,2,abs_beta_mean,0.0,0.0,0.0
C05_shared_beta_mixture,S1,temporal_only,2,auprc,0.5355741241228925,0.5369722698355683,-0.0013981457126758245
C05_shared_beta_mixture,S1,temporal_only,2,auroc,0.7405926440638582,0.7418188181736767,-0.001226174109818512
C05_shared_beta_mixture,S1,temporal_only,2,bce,0.4815944276353908,0.4810447311935839,0.0005496964418069128
C05_shared_beta_mixture,S1,temporal_only,2,beta_mean,0.0,0.0,0.0
C05_shared_beta_mixture,S1,temporal_only,2,cf_rmse_age,0.14621300804713658,0.14452862781374298,0.0016843802333935953
C05_shared_beta_mixture,S1,temporal_only,2,cf_rmse_lag,0.13980593021036597,0.13829172799034192,0.0015142022200240468
C05_shared_beta_mixture,S1,temporal_only,2,delta_bce_beta0,0.0,0.0,0.0
C05_shared_beta_mixture,S1,temporal_only,2,delta_bce_full_age_shuffle,0.011691549704561155,0.01116331258918063,0.0005282371153805254
C05_shared_beta_mixture,S1,temporal_only,2,delta_bce_gate_age_shuffle,0.0,0.0,0.0
C05_shared_beta_mixture,S1,temporal_only,2,gate_signal_correlation,0.9988641454753422,0.9792956305925336,0.01956851488280864
C05_shared_beta_mixture,S1,temporal_only,2,gate_signal_mae,0.04463646231374228,0.03908752397353921,0.00554893834020307
C05_shared_beta_mixture,S1,temporal_only,2,gate_signal_rmse,0.04613185581976799,0.05525338644051654,-0.009121530620748552
C05_shared_beta_mixture,S1,temporal_only,2,surface_rmse,0.18727818314224742,0.18116085661541526,0.0061173265268321675
C05_shared_beta_mixture,S1,temporal_only,3,abs_beta_mean,0.0,0.0,0.0
C05_shared_beta_mixture,S1,temporal_only,3,auprc,0.5351976382618288,0.5372724538420182,-0.002074815580189404
C05_shared_beta_mixture,S1,temporal_only,3,auroc,0.7398471176892595,0.7415078421595525,-0.0016607244702929735
C05_shared_beta_mixture,S1,temporal_only,3,bce,0.48180315278723124,0.4807933357180184,0.001009817069212826
C05_shared_beta_mixture,S1,temporal_only,3,beta_mean,0.0,0.0,0.0
C05_shared_beta_mixture,S1,temporal_only,3,cf_rmse_age,0.13322832300145687,0.13091265534204616,0.002315667659410714
C05_shared_beta_mixture,S1,temporal_only,3,cf_rmse_lag,0.11040923112824262,0.10689838962568497,0.003510841502557649
C05_shared_beta_mixture,S1,temporal_only,3,delta_bce_beta0,0.0,0.0,0.0
C05_shared_beta_mixture,S1,temporal_only,3,delta_bce_full_age_shuffle,0.011755060163374353,0.010955535362273394,0.0007995248011009592
C05_shared_beta_mixture,S1,temporal_only,3,delta_bce_gate_age_shuffle,0.0,0.0,0.0
C05_shared_beta_mixture,S1,temporal_only,3,gate_signal_correlation,0.9988525108959326,0.976579618552543,0.022272892343389583
C05_shared_beta_mixture,S1,temporal_only,3,gate_signal_mae,0.04488743087805371,0.038394945861690295,0.006492485016363417
C05_shared_beta_mixture,S1,temporal_only,3,gate_signal_rmse,0.04638840672868824,0.055574285761174305,-0.009185879032486063
C05_shared_beta_mixture,S1,temporal_only,3,surface_rmse,0.15696204316718884,0.1432289110378711,0.013733132129317732
C05_shared_beta_mixture,S1,temporal_only,4,abs_beta_mean,0.0,0.0,0.0
C05_shared_beta_mixture,S1,temporal_only,4,auprc,0.5371839692036119,0.539729017446148,-0.0025450482425360965
C05_shared_beta_mixture,S1,temporal_only,4,auroc,0.7417888108411137,0.7427579481694024,-0.0009691373282887383
C05_shared_beta_mixture,S1,temporal_only,4,bce,0.4814022623565356,0.48030168026758974,0.0011005820889458673
C05_shared_beta_mixture,S1,temporal_only,4,beta_mean,0.0,0.0,0.0
C05_shared_beta_mixture,S1,temporal_only,4,cf_rmse_age,0.16810290207722758,0.16517740845975085,0.0029254936174767376
C05_shared_beta_mixture,S1,temporal_only,4,cf_rmse_lag,0.12657086406049048,0.11616623761997584,0.010404626440514639
C05_shared_beta_mixture,S1,temporal_only,4,delta_bce_beta0,0.0,0.0,0.0
C05_shared_beta_mixture,S1,temporal_only,4,delta_bce_full_age_shuffle,0.008019378505980501,0.007778125606623498,0.0002412528993570029
C05_shared_beta_mixture,S1,temporal_only,4,delta_bce_gate_age_shuffle,0.0,0.0,0.0
C05_shared_beta_mixture,S1,temporal_only,4,gate_signal_correlation,0.9986951673204545,0.9788073564059574,0.019887810914497095
C05_shared_beta_mixture,S1,temporal_only,4,gate_signal_mae,0.0481875359989725,0.03756608244329731,0.01062145355567519
C05_shared_beta_mixture,S1,temporal_only,4,gate_signal_rmse,0.049759630252035926,0.0518644065510343,-0.0021047762989983773
C05_shared_beta_mixture,S1,temporal_only,4,surface_rmse,0.18721597011075033,0.1809541806815333,0.006261789429217041
C05_shared_beta_mixture,S2,age_temporal,0,abs_beta_mean,0.5688480138778687,0.5828605890274048,-0.014012575149536133
C05_shared_beta_mixture,S2,age_temporal,0,auprc,0.5744880231993276,0.5780995375976441,-0.0036115143983165288
C05_shared_beta_mixture,S2,age_temporal,0,auroc,0.7595987373197326,0.7608736309451969,-0.0012748936254642906
C05_shared_beta_mixture,S2,age_temporal,0,bce,0.4594228938736481,0.45823252502610645,0.0011903688475416452
C05_shared_beta_mixture,S2,age_temporal,0,beta_mean,-0.5688480138778687,-0.5828605890274048,0.014012575149536133
C05_shared_beta_mixture,S2,age_temporal,0,cf_rmse_age,0.17491601772980095,0.16278072314286685,0.012135294586934103
C05_shared_beta_mixture,S2,age_temporal,0,cf_rmse_lag,0.2191898679266167,0.1745803747213772,0.04460949320523952
C05_shared_beta_mixture,S2,age_temporal,0,delta_bce_beta0,0.007549221313865595,0.005779584263176263,0.0017696370506893322
C05_shared_beta_mixture,S2,age_temporal,0,delta_bce_full_age_shuffle,0.021752988041881194,0.018327543441961025,0.003425444599920169
C05_shared_beta_mixture,S2,age_temporal,0,delta_bce_gate_age_shuffle,0.011590804388098286,0.00911550247849613,0.0024753019096021567
C05_shared_beta_mixture,S2,age_temporal,0,gate_signal_correlation,0.7718589638094073,0.7660733562345573,0.005785607574850027
C05_shared_beta_mixture,S2,age_temporal,0,gate_signal_mae,0.15609927612921937,0.15872509596390444,-0.0026258198346850725
C05_shared_beta_mixture,S2,age_temporal,0,gate_signal_rmse,0.1894206446282047,0.19179737689498,-0.002376732266775289
C05_shared_beta_mixture,S2,age_temporal,0,surface_rmse,0.26675686672087867,0.21870480677820456,0.048052059942674114
C05_shared_beta_mixture,S2,age_temporal,1,abs_beta_mean,0.5811623930931091,0.5870452523231506,-0.005882859230041504
C05_shared_beta_mixture,S2,age_temporal,1,auprc,0.5753824874873094,0.5759134322664154,-0.0005309447791060906
C05_shared_beta_mixture,S2,age_temporal,1,auroc,0.7580374218703866,0.7586570128104295,-0.0006195909400429356
C05_shared_beta_mixture,S2,age_temporal,1,bce,0.45900713736934845,0.4588640155654828,0.00014312180386566453
C05_shared_beta_mixture,S2,age_temporal,1,beta_mean,-0.5811623930931091,-0.5870452523231506,0.005882859230041504
C05_shared_beta_mixture,S2,age_temporal,1,cf_rmse_age,0.15110752430268148,0.15719846374044327,-0.006090939437761789
C05_shared_beta_mixture,S2,age_temporal,1,cf_rmse_lag,0.1767341055955733,0.1476845639875615,0.029049541608011792
C05_shared_beta_mixture,S2,age_temporal,1,delta_bce_beta0,0.009459604719133818,0.007346000693051025,0.0021136040260827937
C05_shared_beta_mixture,S2,age_temporal,1,delta_bce_full_age_shuffle,0.023246731240707363,0.0188903653404921,0.004356365900215264
C05_shared_beta_mixture,S2,age_temporal,1,delta_bce_gate_age_shuffle,0.01417696614456565,0.010804088735184791,0.003372877409380859
C05_shared_beta_mixture,S2,age_temporal,1,gate_signal_correlation,0.7753137846184192,0.7691588176682204,0.0061549669501987925
C05_shared_beta_mixture,S2,age_temporal,1,gate_signal_mae,0.1545826960651967,0.15749393571427509,-0.0029112396490783843
C05_shared_beta_mixture,S2,age_temporal,1,gate_signal_rmse,0.1882114117395331,0.19061317109716513,-0.0024017593576320384
C05_shared_beta_mixture,S2,age_temporal,1,surface_rmse,0.2285675055137471,0.20150095182750946,0.027066553686237643
C05_shared_beta_mixture,S2,age_temporal,2,abs_beta_mean,0.6299534440040588,0.645264744758606,-0.01531130075454712
C05_shared_beta_mixture,S2,age_temporal,2,auprc,0.5740658300717143,0.5771201670094575,-0.0030543369377431517
C05_shared_beta_mixture,S2,age_temporal,2,auroc,0.7580328169863921,0.7592704524685001,-0.0012376354821079794
C05_shared_beta_mixture,S2,age_temporal,2,bce,0.45959174059386637,0.45816583733398697,0.001425903259879402
C05_shared_beta_mixture,S2,age_temporal,2,beta_mean,-0.6299534440040588,-0.645264744758606,0.01531130075454712
C05_shared_beta_mixture,S2,age_temporal,2,cf_rmse_age,0.16422245745090897,0.18518373578831532,-0.020961278337406353
C05_shared_beta_mixture,S2,age_temporal,2,cf_rmse_lag,0.13917591198609083,0.14226332386055707,-0.0030874118744662338
C05_shared_beta_mixture,S2,age_temporal,2,delta_bce_beta0,0.011549088051806933,0.00921002385563413,0.002339064196172802
C05_shared_beta_mixture,S2,age_temporal,2,delta_bce_full_age_shuffle,0.02483323441901175,0.019402798848015046,0.005430435570996706
C05_shared_beta_mixture,S2,age_temporal,2,delta_bce_gate_age_shuffle,0.01687183747797344,0.012695873403285152,0.0041759640746882876
C05_shared_beta_mixture,S2,age_temporal,2,gate_signal_correlation,0.792596468448105,0.7761400428781872,0.016456425569917887
C05_shared_beta_mixture,S2,age_temporal,2,gate_signal_mae,0.1497307359220815,0.152901576680634,-0.0031708407585525067
C05_shared_beta_mixture,S2,age_temporal,2,gate_signal_rmse,0.18205870196091917,0.18762282914483996,-0.005564127183920797
C05_shared_beta_mixture,S2,age_temporal,2,surface_rmse,0.19703940981678475,0.18471341081849812,0.012325998998286625
C05_shared_beta_mixture,S2,age_temporal,3,abs_beta_mean,0.4540325403213501,0.497174471616745,-0.0431419312953949
C05_shared_beta_mixture,S2,age_temporal,3,auprc,0.5710079816363076,0.5736777800450081,-0.002669798408700519
C05_shared_beta_mixture,S2,age_temporal,3,auroc,0.7563012850268209,0.7572770964608062,-0.0009758114339852852
C05_shared_beta_mixture,S2,age_temporal,3,bce,0.46144809181043167,0.4599766861535207,0.0014714056569109513
C05_shared_beta_mixture,S2,age_temporal,3,beta_mean,-0.4540325403213501,-0.497174471616745,0.0431419312953949
C05_shared_beta_mixture,S2,age_temporal,3,cf_rmse_age,0.15908622717381807,0.17089866121060254,-0.011812434036784475
C05_shared_beta_mixture,S2,age_temporal,3,cf_rmse_lag,0.14503878884099317,0.12926475751115207,0.015774031329841093
C05_shared_beta_mixture,S2,age_temporal,3,delta_bce_beta0,0.006093814390723817,0.004920624842346066,0.001173189548377751
C05_shared_beta_mixture,S2,age_temporal,3,delta_bce_full_age_shuffle,0.020951095526006602,0.01866882139465542,0.0022822741313511807
C05_shared_beta_mixture,S2,age_temporal,3,delta_bce_gate_age_shuffle,0.009156694915762986,0.0074692207992291815,0.0016874741165338047
C05_shared_beta_mixture,S2,age_temporal,3,gate_signal_correlation,0.7294903734773193,0.7285661405124295,0.0009242329648897485
C05_shared_beta_mixture,S2,age_temporal,3,gate_signal_mae,0.1683114448223199,0.1672888978514025,0.001022546970917415
C05_shared_beta_mixture,S2,age_temporal,3,gate_signal_rmse,0.2033273564483718,0.20358640276818618,-0.0002590463198143822
C05_shared_beta_mixture,S2,age_temporal,3,surface_rmse,0.20710436237547192,0.18917457521583936,0.01792978715963256
C05_shared_beta_mixture,S2,age_temporal,4,abs_beta_mean,0.6039038896560669,0.6078628897666931,-0.003959000110626221
C05_shared_beta_mixture,S2,age_temporal,4,auprc,0.5732415638938461,0.5761466347007678,-0.0029050708069217057
C05_shared_beta_mixture,S2,age_temporal,4,auroc,0.7573251818407176,0.7585469906379743,-0.0012218087972566405
C05_shared_beta_mixture,S2,age_temporal,4,bce,0.4599353002021311,0.45859059147298264,0.001344708729148436
C05_shared_beta_mixture,S2,age_temporal,4,beta_mean,-0.6039038896560669,-0.6078628897666931,0.003959000110626221
C05_shared_beta_mixture,S2,age_temporal,4,cf_rmse_age,0.16178881476962712,0.176568144207969,-0.014779329438341898
C05_shared_beta_mixture,S2,age_temporal,4,cf_rmse_lag,0.14032749083523366,0.11861577788712159,0.02171171294811207
C05_shared_beta_mixture,S2,age_temporal,4,delta_bce_beta0,0.01040290072397232,0.007545532444515446,0.0028573682794568733
C05_shared_beta_mixture,S2,age_temporal,4,delta_bce_full_age_shuffle,0.02168187264922178,0.01776285166721886,0.003919020982002919
C05_shared_beta_mixture,S2,age_temporal,4,delta_bce_gate_age_shuffle,0.015388353692070145,0.011323075126199789,0.004065278565870356
C05_shared_beta_mixture,S2,age_temporal,4,gate_signal_correlation,0.7835367173846597,0.7686930352439149,0.01484368214074483
C05_shared_beta_mixture,S2,age_temporal,4,gate_signal_mae,0.15233233858104672,0.15770989801098886,-0.005377559429942141
C05_shared_beta_mixture,S2,age_temporal,4,gate_signal_rmse,0.18531473315142183,0.1910472064878647,-0.0057324733364428615
C05_shared_beta_mixture,S2,age_temporal,4,surface_rmse,0.20584059440861366,0.19015070544577878,0.01568988896283488
C05_shared_beta_mixture,S2,matched,0,delta_auprc_at_minus_to,0.010230442516303118,0.00912996595217419,0.0011004765641289271
C05_shared_beta_mixture,S2,matched,0,delta_auroc_at_minus_to,0.0034585644156759354,0.0031645797008910126,0.00029398471478492283
C05_shared_beta_mixture,S2,matched,0,delta_bce_to_minus_at,0.004776701175317366,0.0043106072154003305,0.0004660939599170355
C05_shared_beta_mixture,S2,matched,1,delta_auprc_at_minus_to,0.011156594082605942,0.008513110815696168,0.002643483266909774
C05_shared_beta_mixture,S2,matched,1,delta_auroc_at_minus_to,0.0038566062748996988,0.003086985322482527,0.0007696209524171715
C05_shared_beta_mixture,S2,matched,1,delta_bce_to_minus_at,0.005619001454970407,0.004640405474660714,0.0009785959803096933
C05_shared_beta_mixture,S2,matched,2,delta_auprc_at_minus_to,0.012924796745030442,0.009933875675924853,0.00299092106910559
C05_shared_beta_mixture,S2,matched,2,delta_auroc_at_minus_to,0.00479414742231965,0.0033736081045800947,0.0014205393177395553
C05_shared_beta_mixture,S2,matched,2,delta_bce_to_minus_at,0.00579101710281249,0.004811484089596418,0.0009795330132160718
C05_shared_beta_mixture,S2,matched,3,delta_auprc_at_minus_to,0.008827814925654653,0.007990391139118147,0.0008374237865365064
C05_shared_beta_mixture,S2,matched,3,delta_auroc_at_minus_to,0.0028200392905660676,0.0027944906393466695,2.554865121939809e-05
C05_shared_beta_mixture,S2,matched,3,delta_bce_to_minus_at,0.004103706175479782,0.0038317940014475638,0.00027191217403221835
C05_shared_beta_mixture,S2,matched,4,delta_auprc_at_minus_to,0.011512081526853568,0.00871759681978046,0.0027944847070731083
C05_shared_beta_mixture,S2,matched,4,delta_auroc_at_minus_to,0.004827028597706784,0.0031510248241625183,0.0016760037735442657
C05_shared_beta_mixture,S2,matched,4,delta_bce_to_minus_at,0.00555456029013901,0.004402273161301429,0.0011522871288375813
C05_shared_beta_mixture,S2,temporal_only,0,abs_beta_mean,0.0,0.0,0.0
C05_shared_beta_mixture,S2,temporal_only,0,auprc,0.5642575806830245,0.5689695716454699,-0.004711990962445456
C05_shared_beta_mixture,S2,temporal_only,0,auroc,0.7561401729040567,0.7577090512443059,-0.0015688783402492135
C05_shared_beta_mixture,S2,temporal_only,0,bce,0.46419959504896546,0.4625431322415068,0.0016564628074586807
C05_shared_beta_mixture,S2,temporal_only,0,beta_mean,0.0,0.0,0.0
C05_shared_beta_mixture,S2,temporal_only,0,cf_rmse_age,0.18087424193348245,0.17737380977025632,0.003500432163226125
C05_shared_beta_mixture,S2,temporal_only,0,cf_rmse_lag,0.2242463350504476,0.1841185675663441,0.040127767484103516
C05_shared_beta_mixture,S2,temporal_only,0,delta_bce_beta0,0.0,0.0,0.0
C05_shared_beta_mixture,S2,temporal_only,0,delta_bce_full_age_shuffle,0.009313106136975668,0.009127816834043345,0.00018528930293232326
C05_shared_beta_mixture,S2,temporal_only,0,delta_bce_gate_age_shuffle,0.0,0.0,0.0
C05_shared_beta_mixture,S2,temporal_only,0,gate_signal_correlation,0.519224368257064,0.5069727598420358,0.012251608415028148
C05_shared_beta_mixture,S2,temporal_only,0,gate_signal_mae,0.21705437854253493,0.2240479380658084,-0.006993559523273463
C05_shared_beta_mixture,S2,temporal_only,0,gate_signal_rmse,0.25939313950843784,0.2643226960635765,-0.004929556555138659
C05_shared_beta_mixture,S2,temporal_only,0,surface_rmse,0.27389250461543885,0.2360608001822226,0.037831704433216234
C05_shared_beta_mixture,S2,temporal_only,1,abs_beta_mean,0.0,0.0,0.0
C05_shared_beta_mixture,S2,temporal_only,1,auprc,0.5642258934047034,0.5674003214507193,-0.0031744280460158647
C05_shared_beta_mixture,S2,temporal_only,1,auroc,0.7541808155954869,0.755570027487947,-0.0013892118924601071
C05_shared_beta_mixture,S2,temporal_only,1,bce,0.46462613882431886,0.4635044210401435,0.0011217177841753578
C05_shared_beta_mixture,S2,temporal_only,1,beta_mean,0.0,0.0,0.0
C05_shared_beta_mixture,S2,temporal_only,1,cf_rmse_age,0.17283416667593934,0.17396405535449125,-0.0011298886785519047
C05_shared_beta_mixture,S2,temporal_only,1,cf_rmse_lag,0.18194139440370688,0.162237484371171,0.019703910032535882
C05_shared_beta_mixture,S2,temporal_only,1,delta_bce_beta0,0.0,0.0,0.0
C05_shared_beta_mixture,S2,temporal_only,1,delta_bce_full_age_shuffle,0.007452941028293358,0.0075032926381768394,-5.0351609883481085e-05
C05_shared_beta_mixture,S2,temporal_only,1,delta_bce_gate_age_shuffle,0.0,0.0,0.0
C05_shared_beta_mixture,S2,temporal_only,1,gate_signal_correlation,0.5193615539678509,0.5082725943741376,0.011088959593713255
C05_shared_beta_mixture,S2,temporal_only,1,gate_signal_mae,0.21642474303350648,0.22286244140289885,-0.0064376983693923695
C05_shared_beta_mixture,S2,temporal_only,1,gate_signal_rmse,0.25950612315066585,0.26328307109903454,-0.003776947948368692
C05_shared_beta_mixture,S2,temporal_only,1,surface_rmse,0.23978571316673147,0.22664136388344427,0.013144349283287199
C05_shared_beta_mixture,S2,temporal_only,2,abs_beta_mean,0.0,0.0,0.0
C05_shared_beta_mixture,S2,temporal_only,2,auprc,0.5611410333266839,0.5671862913335326,-0.006045258006848742
C05_shared_beta_mixture,S2,temporal_only,2,auroc,0.7532386695640725,0.75589684436392,-0.0026581747998475347
C05_shared_beta_mixture,S2,temporal_only,2,bce,0.46538275769667886,0.4629773214235834,0.0024054362730954737
C05_shared_beta_mixture,S2,temporal_only,2,beta_mean,0.0,0.0,0.0
C05_shared_beta_mixture,S2,temporal_only,2,cf_rmse_age,0.19802129955279452,0.21153312731528165,-0.013511827762487133
C05_shared_beta_mixture,S2,temporal_only,2,cf_rmse_lag,0.1424122558390605,0.15597781297180177,-0.013565557132741268
C05_shared_beta_mixture,S2,temporal_only,2,delta_bce_beta0,0.0,0.0,0.0
C05_shared_beta_mixture,S2,temporal_only,2,delta_bce_full_age_shuffle,0.008925277670793763,0.00915255323077524,-0.00022727555998147686
C05_shared_beta_mixture,S2,temporal_only,2,delta_bce_gate_age_shuffle,0.0,0.0,0.0
C05_shared_beta_mixture,S2,temporal_only,2,gate_signal_correlation,0.5191650471792234,0.5011019655537643,0.01806308162545911
C05_shared_beta_mixture,S2,temporal_only,2,gate_signal_mae,0.2173261309753361,0.22279443497761728,-0.005468304002281182
C05_shared_beta_mixture,S2,temporal_only,2,gate_signal_rmse,0.2593741076756236,0.2650333757573318,-0.005659268081708246
C05_shared_beta_mixture,S2,temporal_only,2,surface_rmse,0.2183022036174548,0.22209706100468773,-0.003794857387232925
C05_shared_beta_mixture,S2,temporal_only,3,abs_beta_mean,0.0,0.0,0.0
C05_shared_beta_mixture,S2,temporal_only,3,auprc,0.562180166710653,0.56568738890589,-0.0035072221952370253
C05_shared_beta_mixture,S2,temporal_only,3,auroc,0.7534812457362549,0.7544826058214595,-0.0010013600852046833
C05_shared_beta_mixture,S2,temporal_only,3,bce,0.46555179798591145,0.4638084801549683,0.0017433178309431696
C05_shared_beta_mixture,S2,temporal_only,3,beta_mean,0.0,0.0,0.0
C05_shared_beta_mixture,S2,temporal_only,3,cf_rmse_age,0.17545809246151856,0.18178089609638184,-0.006322803634863289
C05_shared_beta_mixture,S2,temporal_only,3,cf_rmse_lag,0.14848995997189765,0.14119609745874978,0.00729386251314787
C05_shared_beta_mixture,S2,temporal_only,3,delta_bce_beta0,0.0,0.0,0.0
C05_shared_beta_mixture,S2,temporal_only,3,delta_bce_full_age_shuffle,0.009569757880342311,0.009136741537100257,0.0004330163432420542
C05_shared_beta_mixture,S2,temporal_only,3,delta_bce_gate_age_shuffle,0.0,0.0,0.0
C05_shared_beta_mixture,S2,temporal_only,3,gate_signal_correlation,0.519224437558827,0.5040022872879071,0.015222150270919887
C05_shared_beta_mixture,S2,temporal_only,3,gate_signal_mae,0.2170540556653573,0.2219824970991041,-0.004928441433746794
C05_shared_beta_mixture,S2,temporal_only,3,gate_signal_rmse,0.259393172579353,0.26394479013387856,-0.004551617554525544
C05_shared_beta_mixture,S2,temporal_only,3,surface_rmse,0.21831784016607061,0.2119224412814204,0.006395398884650211
C05_shared_beta_mixture,S2,temporal_only,4,abs_beta_mean,0.0,0.0,0.0
C05_shared_beta_mixture,S2,temporal_only,4,auprc,0.5617294823669925,0.5674290378809873,-0.005699555513994814
C05_shared_beta_mixture,S2,temporal_only,4,auroc,0.7524981532430108,0.7553959658138117,-0.002897812570800906
C05_shared_beta_mixture,S2,temporal_only,4,bce,0.4654898604922701,0.4629928646342841,0.0024969958579860174
C05_shared_beta_mixture,S2,temporal_only,4,beta_mean,0.0,0.0,0.0
C05_shared_beta_mixture,S2,temporal_only,4,cf_rmse_age,0.18047920323599412,0.18794438988640985,-0.007465186650415734
C05_shared_beta_mixture,S2,temporal_only,4,cf_rmse_lag,0.1447672361798559,0.13439698174809844,0.010370254431757459
C05_shared_beta_mixture,S2,temporal_only,4,delta_bce_beta0,0.0,0.0,0.0
C05_shared_beta_mixture,S2,temporal_only,4,delta_bce_full_age_shuffle,0.006628190026510772,0.006965216409534125,-0.0003370263830233533
C05_shared_beta_mixture,S2,temporal_only,4,delta_bce_gate_age_shuffle,0.0,0.0,0.0
C05_shared_beta_mixture,S2,temporal_only,4,gate_signal_correlation,0.5192623992729827,0.501811357725559,0.017451041547423718
C05_shared_beta_mixture,S2,temporal_only,4,gate_signal_mae,0.21687869183884032,0.2257407400110199,-0.008862048172179587
C05_shared_beta_mixture,S2,temporal_only,4,gate_signal_rmse,0.25941455478050124,0.2663332824803443,-0.006918727699843086
C05_shared_beta_mixture,S2,temporal_only,4,surface_rmse,0.22052668744939535,0.22173777321724258,-0.0012110857678472309
C05_shared_beta_mixture,S3,age_temporal,0,abs_beta_mean,0.5980579853057861,0.6379421949386597,-0.039884209632873535
C05_shared_beta_mixture,S3,age_temporal,0,auprc,0.530413900902727,0.5326473327447008,-0.0022334318419737764
C05_shared_beta_mixture,S3,age_temporal,0,auroc,0.7332953208688213,0.7335163134457783,-0.00022099257695695762
C05_shared_beta_mixture,S3,age_temporal,0,bce,0.4876070884116706,0.48722443750219463,0.0003826509094759789
C05_shared_beta_mixture,S3,age_temporal,0,beta_mean,0.5980579853057861,0.6379421949386597,-0.039884209632873535
C05_shared_beta_mixture,S3,age_temporal,0,cf_rmse_age,0.11416097540946324,0.11606066146293641,-0.001899686053473168
C05_shared_beta_mixture,S3,age_temporal,0,cf_rmse_lag,0.09522632510549371,0.08579744876939911,0.0094288763360946
C05_shared_beta_mixture,S3,age_temporal,0,delta_bce_beta0,0.008463406027462428,0.008058398779159925,0.00040500724830250245
C05_shared_beta_mixture,S3,age_temporal,0,delta_bce_full_age_shuffle,0.023818384216315824,0.022295758820408407,0.0015226253959074176
C05_shared_beta_mixture,S3,age_temporal,0,delta_bce_gate_age_shuffle,0.013481488750178905,0.012769911226623354,0.000711577523555551
C05_shared_beta_mixture,S3,age_temporal,0,gate_signal_correlation,0.798798927703126,0.7112193035888383,0.08757962411428766
C05_shared_beta_mixture,S3,age_temporal,0,gate_signal_mae,0.14100749129900142,0.16270293531396116,-0.021695444014959736
C05_shared_beta_mixture,S3,age_temporal,0,gate_signal_rmse,0.1699269160256405,0.20835977900620867,-0.038432862980568167
C05_shared_beta_mixture,S3,age_temporal,0,surface_rmse,0.14982091224255822,0.135324836877038,0.014496075365520222
C05_shared_beta_mixture,S3,age_temporal,1,abs_beta_mean,0.5336626768112183,0.602067768573761,-0.06840509176254272
C05_shared_beta_mixture,S3,age_temporal,1,auprc,0.5251546621488394,0.5286398731238876,-0.0034852109750481697
C05_shared_beta_mixture,S3,age_temporal,1,auroc,0.7307689998458293,0.7333393114972376,-0.002570311651408308
C05_shared_beta_mixture,S3,age_temporal,1,bce,0.4897289130292117,0.48810483184336595,0.0016240811858457271
C05_shared_beta_mixture,S3,age_temporal,1,beta_mean,0.5336626768112183,0.602067768573761,-0.06840509176254272
C05_shared_beta_mixture,S3,age_temporal,1,cf_rmse_age,0.13274152069889686,0.1284680112363541,0.004273509462542763
C05_shared_beta_mixture,S3,age_temporal,1,cf_rmse_lag,0.10525380440798525,0.09506922488676724,0.010184579521218012
C05_shared_beta_mixture,S3,age_temporal,1,delta_bce_beta0,0.005955568665736932,0.006113029600472886,-0.00015746093473595346
C05_shared_beta_mixture,S3,age_temporal,1,delta_bce_full_age_shuffle,0.018526400622147887,0.018570472651031622,-4.407202888373485e-05
C05_shared_beta_mixture,S3,age_temporal,1,delta_bce_gate_age_shuffle,0.009807889190099783,0.009938009820549543,-0.0001301206304497593
C05_shared_beta_mixture,S3,age_temporal,1,gate_signal_correlation,0.7789981979448982,0.6754738188127297,0.1035243791321685
C05_shared_beta_mixture,S3,age_temporal,1,gate_signal_mae,0.14733726036424097,0.17509795292919644,-0.027760692564955475
C05_shared_beta_mixture,S3,age_temporal,1,gate_signal_rmse,0.17699095275672697,0.22629381497945816,-0.0493028622227312
C05_shared_beta_mixture,S3,age_temporal,1,surface_rmse,0.1846281802042354,0.16690057461050906,0.017727605593726353
C05_shared_beta_mixture,S3,age_temporal,2,abs_beta_mean,0.45700421929359436,0.5498735904693604,-0.09286937117576599
C05_shared_beta_mixture,S3,age_temporal,2,auprc,0.5282801551305419,0.5300718832813389,-0.0017917281507969784
C05_shared_beta_mixture,S3,age_temporal,2,auroc,0.7327446117961514,0.7325039935257502,0.00024061827040111616
C05_shared_beta_mixture,S3,age_temporal,2,bce,0.48854109996064815,0.48823594613784477,0.00030515382280338343
C05_shared_beta_mixture,S3,age_temporal,2,beta_mean,0.45700421929359436,0.5498735904693604,-0.09286937117576599
C05_shared_beta_mixture,S3,age_temporal,2,cf_rmse_age,0.13000194859588005,0.12294584201412173,0.007056106581758315
C05_shared_beta_mixture,S3,age_temporal,2,cf_rmse_lag,0.0949534739829959,0.09029600811864452,0.004657465864351382
C05_shared_beta_mixture,S3,age_temporal,2,delta_bce_beta0,0.005311327631003893,0.006283994742377674,-0.0009726671113737817
C05_shared_beta_mixture,S3,age_temporal,2,delta_bce_full_age_shuffle,0.02159851043173716,0.022795165495692327,-0.0011966550639551654
C05_shared_beta_mixture,S3,age_temporal,2,delta_bce_gate_age_shuffle,0.008288955729872372,0.009337255662967503,-0.0010482999330951315
C05_shared_beta_mixture,S3,age_temporal,2,gate_signal_correlation,0.7533442165527972,0.6904362420433036,0.06290797450949359
C05_shared_beta_mixture,S3,age_temporal,2,gate_signal_mae,0.15434441473965418,0.1735009607880281,-0.019156546048373913
C05_shared_beta_mixture,S3,age_temporal,2,gate_signal_rmse,0.18495974988237632,0.2186381364378518,-0.033678386555475476
C05_shared_beta_mixture,S3,age_temporal,2,surface_rmse,0.172281148917022,0.1492185873425538,0.023062561574468204
C05_shared_beta_mixture,S3,age_temporal,3,abs_beta_mean,0.5908318758010864,0.6119155883789062,-0.021083712577819824
C05_shared_beta_mixture,S3,age_temporal,3,auprc,0.5313845921291873,0.5361274037173259,-0.004742811588138607
C05_shared_beta_mixture,S3,age_temporal,3,auroc,0.7342578472547785,0.7362714094812015,-0.0020135622264230157
C05_shared_beta_mixture,S3,age_temporal,3,bce,0.48776585660496097,0.4856939847829642,0.0020718718219967514
C05_shared_beta_mixture,S3,age_temporal,3,beta_mean,0.5908318758010864,0.6119155883789062,-0.021083712577819824
C05_shared_beta_mixture,S3,age_temporal,3,cf_rmse_age,0.16313701755318805,0.17427133545791956,-0.011134317904731517
C05_shared_beta_mixture,S3,age_temporal,3,cf_rmse_lag,0.12553997186372234,0.1303996869501119,-0.004859715086389549
C05_shared_beta_mixture,S3,age_temporal,3,delta_bce_beta0,0.007958683890962326,0.007254440371506854,0.0007042435194554719
C05_shared_beta_mixture,S3,age_temporal,3,delta_bce_full_age_shuffle,0.020032089737164083,0.01768165188571269,0.0023504378514513924
C05_shared_beta_mixture,S3,age_temporal,3,delta_bce_gate_age_shuffle,0.012831278235047705,0.011474082524097873,0.0013571957109498323
C05_shared_beta_mixture,S3,age_temporal,3,gate_signal_correlation,0.7965210164491175,0.7123368955511137,0.08418412089800387
C05_shared_beta_mixture,S3,age_temporal,3,gate_signal_mae,0.1415459174230643,0.16548698615121796,-0.02394106872815366
C05_shared_beta_mixture,S3,age_temporal,3,gate_signal_rmse,0.17057392230735893,0.20889886506907535,-0.03832494276171641
C05_shared_beta_mixture,S3,age_temporal,3,surface_rmse,0.21557041853179665,0.21624419922922186,-0.0006737806974252136
C05_shared_beta_mixture,S3,age_temporal,4,abs_beta_mean,0.5648769736289978,0.5829879641532898,-0.018110990524291992
C05_shared_beta_mixture,S3,age_temporal,4,auprc,0.5260937445629333,0.5253611581550321,0.0007325864079011923
C05_shared_beta_mixture,S3,age_temporal,4,auroc,0.7317094848820012,0.7319174324301306,-0.00020794754812947236
C05_shared_beta_mixture,S3,age_temporal,4,bce,0.4894093542212324,0.4897460632997194,-0.0003367090784870408
C05_shared_beta_mixture,S3,age_temporal,4,beta_mean,0.5648769736289978,0.5829879641532898,-0.018110990524291992
C05_shared_beta_mixture,S3,age_temporal,4,cf_rmse_age,0.12890674005403122,0.12718159824630276,0.001725141807728453
C05_shared_beta_mixture,S3,age_temporal,4,cf_rmse_lag,0.10049383050819964,0.0988402295274539,0.0016536009807457397
C05_shared_beta_mixture,S3,age_temporal,4,delta_bce_beta0,0.0066623703811677926,0.006502716635346628,0.00015965374582116443
C05_shared_beta_mixture,S3,age_temporal,4,delta_bce_full_age_shuffle,0.021554192434778685,0.020386240880757966,0.0011679515540207186
C05_shared_beta_mixture,S3,age_temporal,4,delta_bce_gate_age_shuffle,0.011076173062647465,0.010077773738828955,0.0009983993238185107
C05_shared_beta_mixture,S3,age_temporal,4,gate_signal_correlation,0.7888346170829705,0.6867565264378923,0.10207809064507822
C05_shared_beta_mixture,S3,age_temporal,4,gate_signal_mae,0.1443727884695762,0.17277424500303518,-0.028401456533458963
C05_shared_beta_mixture,S3,age_temporal,4,gate_signal_rmse,0.17365523538192848,0.22133661861902024,-0.04768138323709176
C05_shared_beta_mixture,S3,age_temporal,4,surface_rmse,0.1568498143530347,0.15035266242736883,0.006497151925665856
C05_shared_beta_mixture,S3,matched,0,delta_auprc_at_minus_to,0.011598772113122768,0.011015962793962664,0.0005828093191601047
C05_shared_beta_mixture,S3,matched,0,delta_auroc_at_minus_to,0.004462250305755089,0.0034715404548417705,0.0009907098509133183
C05_shared_beta_mixture,S3,matched,0,delta_bce_to_minus_at,0.0051456693685790755,0.004519074516300237,0.0006265948522788389
C05_shared_beta_mixture,S3,matched,1,delta_auprc_at_minus_to,0.007689753578035696,0.010012412430804418,-0.002322658852768722
C05_shared_beta_mixture,S3,matched,1,delta_auroc_at_minus_to,0.00040322562082439894,0.003020566248745249,-0.00261734062792085
C05_shared_beta_mixture,S3,matched,1,delta_bce_to_minus_at,0.002892413469487598,0.004001850591326683,-0.0011094371218390853
C05_shared_beta_mixture,S3,matched,2,delta_auprc_at_minus_to,0.00966887103985492,0.010823017146969871,-0.0011541461071149506
C05_shared_beta_mixture,S3,matched,2,delta_auroc_at_minus_to,0.003336038367697469,0.0034475656108131636,-0.0001115272431156944
C05_shared_beta_mixture,S3,matched,2,delta_bce_to_minus_at,0.0041069035006672805,0.004544821021969236,-0.00043791752130195594
C05_shared_beta_mixture,S3,matched,3,delta_auprc_at_minus_to,0.012206413156447549,0.011292740097252119,0.0009136730591954301
C05_shared_beta_mixture,S3,matched,3,delta_auroc_at_minus_to,0.003937153974492347,0.004068423211457839,-0.0001312692369654922
C05_shared_beta_mixture,S3,matched,3,delta_bce_to_minus_at,0.005021028506399627,0.0047703589072232155,0.00025066959917641185
C05_shared_beta_mixture,S3,matched,4,delta_auprc_at_minus_to,0.011354176562171414,0.01117895101350641,0.0001752255486650034
C05_shared_beta_mixture,S3,matched,4,delta_auroc_at_minus_to,0.0034712424350522575,0.005503051710528117,-0.00203180927547586
C05_shared_beta_mixture,S3,matched,4,delta_bce_to_minus_at,0.004323315107824188,0.0044284793125844435,-0.00010516420476025523
C05_shared_beta_mixture,S3,temporal_only,0,abs_beta_mean,0.0,0.0,0.0
C05_shared_beta_mixture,S3,temporal_only,0,auprc,0.5188151287896042,0.5216313699507381,-0.002816241161133881
C05_shared_beta_mixture,S3,temporal_only,0,auroc,0.7288330705630662,0.7300447729909365,-0.001211702427870276
C05_shared_beta_mixture,S3,temporal_only,0,bce,0.4927527577802497,0.49174351201849487,0.0010092457617548178
C05_shared_beta_mixture,S3,temporal_only,0,beta_mean,0.0,0.0,0.0
C05_shared_beta_mixture,S3,temporal_only,0,cf_rmse_age,0.12200348415862623,0.13165706924189888,-0.009653585083272645
C05_shared_beta_mixture,S3,temporal_only,0,cf_rmse_lag,0.09612878276154604,0.08871319993757107,0.0074155828239749755
C05_shared_beta_mixture,S3,temporal_only,0,delta_bce_beta0,0.0,0.0,0.0
C05_shared_beta_mixture,S3,temporal_only,0,delta_bce_full_age_shuffle,0.009381148673617667,0.009376257387607612,4.89128601005584e-06
C05_shared_beta_mixture,S3,temporal_only,0,delta_bce_gate_age_shuffle,0.0,0.0,0.0
C05_shared_beta_mixture,S3,temporal_only,0,gate_signal_correlation,0.5671207233453787,0.48565514142147426,0.0814655819239044
C05_shared_beta_mixture,S3,temporal_only,0,gate_signal_mae,0.20247461098083866,0.22380085849561673,-0.021326247514778074
C05_shared_beta_mixture,S3,temporal_only,0,gate_signal_rmse,0.23786104856096463,0.2735857891049966,-0.03572474054403196
C05_shared_beta_mixture,S3,temporal_only,0,surface_rmse,0.15415523561577626,0.14740168905242296,0.006753546563353308
C05_shared_beta_mixture,S3,temporal_only,1,abs_beta_mean,0.0,0.0,0.0
C05_shared_beta_mixture,S3,temporal_only,1,auprc,0.5174649085708037,0.5186274606930832,-0.0011625521222794477
C05_shared_beta_mixture,S3,temporal_only,1,auroc,0.7303657742250049,0.7303187452484924,4.702897651254201e-05
C05_shared_beta_mixture,S3,temporal_only,1,bce,0.4926213264986993,0.49210668243469263,0.0005146440640066419
C05_shared_beta_mixture,S3,temporal_only,1,beta_mean,0.0,0.0,0.0
C05_shared_beta_mixture,S3,temporal_only,1,cf_rmse_age,0.13424829275277042,0.12638658437210373,0.007861708380666688
C05_shared_beta_mixture,S3,temporal_only,1,cf_rmse_lag,0.10176915429667428,0.09540417221367195,0.006364982083002332
C05_shared_beta_mixture,S3,temporal_only,1,delta_bce_beta0,0.0,0.0,0.0
C05_shared_beta_mixture,S3,temporal_only,1,delta_bce_full_age_shuffle,0.008100890366780189,0.007643986785702717,0.0004569035810774724
C05_shared_beta_mixture,S3,temporal_only,1,delta_bce_gate_age_shuffle,0.0,0.0,0.0
C05_shared_beta_mixture,S3,temporal_only,1,gate_signal_correlation,0.5672106553987333,0.47643099737292194,0.09077965802581134
C05_shared_beta_mixture,S3,temporal_only,1,gate_signal_mae,0.2016325235366143,0.22953904204420675,-0.02790651850759246
C05_shared_beta_mixture,S3,temporal_only,1,gate_signal_rmse,0.2371609850214079,0.28044529005308716,-0.043284305031679265
C05_shared_beta_mixture,S3,temporal_only,1,surface_rmse,0.17190068436973324,0.16834549926456685,0.003555185105166392
C05_shared_beta_mixture,S3,temporal_only,2,abs_beta_mean,0.0,0.0,0.0
C05_shared_beta_mixture,S3,temporal_only,2,auprc,0.518611284090687,0.519248866134369,-0.0006375820436820279
C05_shared_beta_mixture,S3,temporal_only,2,auroc,0.7294085734284539,0.7290564279149371,0.00035214551351681056
C05_shared_beta_mixture,S3,temporal_only,2,bce,0.49264800346131543,0.492780767159814,-0.0001327636984985725
C05_shared_beta_mixture,S3,temporal_only,2,beta_mean,0.0,0.0,0.0
C05_shared_beta_mixture,S3,temporal_only,2,cf_rmse_age,0.13079143989765418,0.12710381325262518,0.003687626645029002
C05_shared_beta_mixture,S3,temporal_only,2,cf_rmse_lag,0.09608109815500361,0.0987527474458358,-0.00267164929083219
C05_shared_beta_mixture,S3,temporal_only,2,delta_bce_beta0,0.0,0.0,0.0
C05_shared_beta_mixture,S3,temporal_only,2,delta_bce_full_age_shuffle,0.0114591996791501,0.011647029998739455,-0.00018783031958935492
C05_shared_beta_mixture,S3,temporal_only,2,delta_bce_gate_age_shuffle,0.0,0.0,0.0
C05_shared_beta_mixture,S3,temporal_only,2,gate_signal_correlation,0.5672053939973691,0.48723055643509694,0.0799748375622722
C05_shared_beta_mixture,S3,temporal_only,2,gate_signal_mae,0.20168183200946288,0.22771050395816106,-0.02602867194869818
C05_shared_beta_mixture,S3,temporal_only,2,gate_signal_rmse,0.2372015753199045,0.2768773955112718,-0.039675820191367284
C05_shared_beta_mixture,S3,temporal_only,2,surface_rmse,0.1709264932543125,0.159020858801684,0.011905634452628489
C05_shared_beta_mixture,S3,temporal_only,3,abs_beta_mean,0.0,0.0,0.0
C05_shared_beta_mixture,S3,temporal_only,3,auprc,0.5191781789727398,0.5248346636200738,-0.005656484647334037
C05_shared_beta_mixture,S3,temporal_only,3,auroc,0.7303206932802861,0.7322029862697437,-0.0018822929894575235
C05_shared_beta_mixture,S3,temporal_only,3,bce,0.4927868851113606,0.49046434369018743,0.002322541421173163
C05_shared_beta_mixture,S3,temporal_only,3,beta_mean,0.0,0.0,0.0
C05_shared_beta_mixture,S3,temporal_only,3,cf_rmse_age,0.15622190869252975,0.1677658125192229,-0.011543903826693153
C05_shared_beta_mixture,S3,temporal_only,3,cf_rmse_lag,0.12660650818720257,0.13191660763387578,-0.005310099446673211
C05_shared_beta_mixture,S3,temporal_only,3,delta_bce_beta0,0.0,0.0,0.0
C05_shared_beta_mixture,S3,temporal_only,3,delta_bce_full_age_shuffle,0.008875866987030578,0.008836378738868389,3.948824816218943e-05
C05_shared_beta_mixture,S3,temporal_only,3,delta_bce_gate_age_shuffle,0.0,0.0,0.0
C05_shared_beta_mixture,S3,temporal_only,3,gate_signal_correlation,0.5671310247294298,0.49855495136439837,0.06857607336503141
C05_shared_beta_mixture,S3,temporal_only,3,gate_signal_mae,0.20237830893270797,0.22221492310831875,-0.01983661417561078
C05_shared_beta_mixture,S3,temporal_only,3,gate_signal_rmse,0.23778018824289368,0.2691797801957582,-0.03139959195286454
C05_shared_beta_mixture,S3,temporal_only,3,surface_rmse,0.21344069025445797,0.21707777141272036,-0.0036370811582623896
C05_shared_beta_mixture,S3,temporal_only,4,abs_beta_mean,0.0,0.0,0.0
C05_shared_beta_mixture,S3,temporal_only,4,auprc,0.5147395680007619,0.5141822071415257,0.0005573608592361889
C05_shared_beta_mixture,S3,temporal_only,4,auroc,0.7282382424469489,0.7264143807196025,0.0018238617273463875
C05_shared_beta_mixture,S3,temporal_only,4,bce,0.4937326693290566,0.49417454261230387,-0.000441873283247296
C05_shared_beta_mixture,S3,temporal_only,4,beta_mean,0.0,0.0,0.0
C05_shared_beta_mixture,S3,temporal_only,4,cf_rmse_age,0.13548100251174752,0.14476478873374138,-0.009283786221993856
C05_shared_beta_mixture,S3,temporal_only,4,cf_rmse_lag,0.10473947686320785,0.1147622276315806,-0.010022750768372751
C05_shared_beta_mixture,S3,temporal_only,4,delta_bce_beta0,0.0,0.0,0.0
C05_shared_beta_mixture,S3,temporal_only,4,delta_bce_full_age_shuffle,0.008917266456179851,0.009056919754683035,-0.00013965329850318398
C05_shared_beta_mixture,S3,temporal_only,4,delta_bce_gate_age_shuffle,0.0,0.0,0.0
C05_shared_beta_mixture,S3,temporal_only,4,gate_signal_correlation,0.5671426001608406,0.4826972056371729,0.08444539452366773
C05_shared_beta_mixture,S3,temporal_only,4,gate_signal_mae,0.20226989720194152,0.22933379284300542,-0.0270638956410639
C05_shared_beta_mixture,S3,temporal_only,4,gate_signal_rmse,0.2376895482240412,0.2794839702770729,-0.04179442205303169
C05_shared_beta_mixture,S3,temporal_only,4,surface_rmse,0.16021946540628512,0.16667019472094116,-0.00645072931465604
C06_component_beta_mixture,S0,age_temporal,0,abs_beta_mean,0.053882233798503876,0.04978904128074646,0.004093192517757416
C06_component_beta_mixture,S0,age_temporal,0,auprc,0.5269413132251258,0.5296080665494216,-0.0026667533242957786
C06_component_beta_mixture,S0,age_temporal,0,auroc,0.7303788044064727,0.7334018081536009,-0.0030230037471281612
C06_component_beta_mixture,S0,age_temporal,0,bce,0.48235903190956314,0.4806428490322751,0.0017161828772880305
C06_component_beta_mixture,S0,age_temporal,0,beta_mean,0.053882233798503876,0.04978904128074646,0.004093192517757416
C06_component_beta_mixture,S0,age_temporal,0,cf_rmse_age,0.06815418478795333,0.08308225857201237,-0.01492807378405904
C06_component_beta_mixture,S0,age_temporal,0,cf_rmse_lag,0.11239671845283636,0.11640719659928514,-0.0040104781464487815
C06_component_beta_mixture,S0,age_temporal,0,delta_bce_beta0,2.9185060460512613e-05,8.668917983567503e-06,2.051614247694511e-05
C06_component_beta_mixture,S0,age_temporal,0,delta_bce_full_age_shuffle,0.005026228074000272,0.005402318749690327,-0.00037609067569005505
C06_component_beta_mixture,S0,age_temporal,0,delta_bce_gate_age_shuffle,0.00011820847155352698,8.281515396046935e-05,3.539331759305764e-05
C06_component_beta_mixture,S0,age_temporal,0,gate_signal_correlation,0.9991849111797914,0.8942223610434816,0.10496255013630973
C06_component_beta_mixture,S0,age_temporal,0,gate_signal_mae,0.025350925667851697,0.058537998327670156,-0.03318707265981846
C06_component_beta_mixture,S0,age_temporal,0,gate_signal_rmse,0.026990688513450087,0.10231461241529326,-0.07532392390184317
C06_component_beta_mixture,S0,age_temporal,0,surface_rmse,0.14992870370687617,0.1503116762195039,-0.00038297251262772725
C06_component_beta_mixture,S0,age_temporal,1,abs_beta_mean,0.027379589155316353,0.011464101262390614,0.01591548789292574
C06_component_beta_mixture,S0,age_temporal,1,auprc,0.5217009588362711,0.5268778885349943,-0.005176929698723187
C06_component_beta_mixture,S0,age_temporal,1,auroc,0.7262941159451568,0.731115848292132,-0.004821732346975249
C06_component_beta_mixture,S0,age_temporal,1,bce,0.4849987098564211,0.482053698864931,0.0029450109914900824
C06_component_beta_mixture,S0,age_temporal,1,beta_mean,-0.027379589155316353,0.011464101262390614,-0.038843690417706966
C06_component_beta_mixture,S0,age_temporal,1,cf_rmse_age,0.08478936714531764,0.10960712533862747,-0.024817758193309836
C06_component_beta_mixture,S0,age_temporal,1,cf_rmse_lag,0.12039903681706872,0.12693664121579312,-0.006537604398724403
C06_component_beta_mixture,S0,age_temporal,1,delta_bce_beta0,6.0190963633577343e-05,-1.25439318526821e-05,7.273489548625944e-05
C06_component_beta_mixture,S0,age_temporal,1,delta_bce_full_age_shuffle,0.002189374824043133,0.0025570379784510266,-0.00036766315440789343
C06_component_beta_mixture,S0,age_temporal,1,delta_bce_gate_age_shuffle,6.947970335818843e-05,-5.97453501538503e-06,7.545423837357346e-05
C06_component_beta_mixture,S0,age_temporal,1,gate_signal_correlation,0.999492182481336,0.9259799889673047,0.07351219351403127
C06_component_beta_mixture,S0,age_temporal,1,gate_signal_mae,0.025372147859359744,0.050731986746074535,-0.02535983888671479
C06_component_beta_mixture,S0,age_temporal,1,gate_signal_rmse,0.026538643317338427,0.08456179356108491,-0.058023150243746484
C06_component_beta_mixture,S0,age_temporal,1,surface_rmse,0.15351775221043767,0.15367456751097977,-0.0001568153005420958
C06_component_beta_mixture,S0,age_temporal,2,abs_beta_mean,0.04685815051198006,0.020279379561543465,0.026578770950436592
C06_component_beta_mixture,S0,age_temporal,2,auprc,0.5223841393325553,0.5238882520896395,-0.001504112757084175
C06_component_beta_mixture,S0,age_temporal,2,auroc,0.7274394405190304,0.7303670482020509,-0.0029276076830204723
C06_component_beta_mixture,S0,age_temporal,2,bce,0.48415719020864006,0.4830817318863371,0.0010754583223029912
C06_component_beta_mixture,S0,age_temporal,2,beta_mean,-0.04685815051198006,-0.020279379561543465,-0.026578770950436592
C06_component_beta_mixture,S0,age_temporal,2,cf_rmse_age,0.07662881387924073,0.09858325932001033,-0.021954445440769604
C06_component_beta_mixture,S0,age_temporal,2,cf_rmse_lag,0.12006062352907247,0.13534132815383793,-0.015280704624765454
C06_component_beta_mixture,S0,age_temporal,2,delta_bce_beta0,8.650509022162245e-05,3.1312002447547727e-05,5.519308777407472e-05
C06_component_beta_mixture,S0,age_temporal,2,delta_bce_full_age_shuffle,0.004513769104023846,0.005448884099637563,-0.0009351149956137172
C06_component_beta_mixture,S0,age_temporal,2,delta_bce_gate_age_shuffle,0.00010122284703656392,1.4039961121481426e-05,8.71828859150825e-05
C06_component_beta_mixture,S0,age_temporal,2,gate_signal_correlation,0.9993131278221675,0.8560636309164751,0.14324949690569244
C06_component_beta_mixture,S0,age_temporal,2,gate_signal_mae,0.024911228172260966,0.06581166671629682,-0.040900438544035855
C06_component_beta_mixture,S0,age_temporal,2,gate_signal_rmse,0.026372293695745116,0.12351198989778926,-0.09713969620204414
C06_component_beta_mixture,S0,age_temporal,2,surface_rmse,0.14945628332542654,0.16429447406673842,-0.014838190741311874
C06_component_beta_mixture,S0,age_temporal,3,abs_beta_mean,0.0297537874430418,0.03535430505871773,-0.005600517615675926
C06_component_beta_mixture,S0,age_temporal,3,auprc,0.5255895117661512,0.5279717138257447,-0.0023822020595934967
C06_component_beta_mixture,S0,age_temporal,3,auroc,0.7294641150107206,0.732108261569415,-0.0026441465586943824
C06_component_beta_mixture,S0,age_temporal,3,bce,0.4835362184265264,0.4819322606840814,0.0016039577424449836
C06_component_beta_mixture,S0,age_temporal,3,beta_mean,0.0297537874430418,0.03535430505871773,-0.005600517615675926
C06_component_beta_mixture,S0,age_temporal,3,cf_rmse_age,0.0977965917337003,0.11860078629085011,-0.02080419455714981
C06_component_beta_mixture,S0,age_temporal,3,cf_rmse_lag,0.10979052739136952,0.11825170749435876,-0.00846118010298924
C06_component_beta_mixture,S0,age_temporal,3,delta_bce_beta0,-3.6929696759502306e-06,1.9773450585791608e-06,-5.670314734529391e-06
C06_component_beta_mixture,S0,age_temporal,3,delta_bce_full_age_shuffle,0.004657113720428208,0.005476744411670453,-0.0008196306912422457
C06_component_beta_mixture,S0,age_temporal,3,delta_bce_gate_age_shuffle,7.228679357540457e-06,2.184771361252169e-05,-1.4619034254981234e-05
C06_component_beta_mixture,S0,age_temporal,3,gate_signal_correlation,0.9994151203465564,0.9052954838709347,0.09411963647562172
C06_component_beta_mixture,S0,age_temporal,3,gate_signal_mae,0.026880052847920853,0.05469462765413096,-0.027814574806210107
C06_component_beta_mixture,S0,age_temporal,3,gate_signal_rmse,0.0281272611131199,0.09765861700776518,-0.06953135589464528
C06_component_beta_mixture,S0,age_temporal,3,surface_rmse,0.1423958784417048,0.1509623955451689,-0.008566517103464122
C06_component_beta_mixture,S0,age_temporal,4,abs_beta_mean,0.0018442076398059726,0.0031639905646443367,-0.0013197829248383641
C06_component_beta_mixture,S0,age_temporal,4,auprc,0.5245501486421436,0.5261686705117078,-0.0016185218695642378
C06_component_beta_mixture,S0,age_temporal,4,auroc,0.7284787784260185,0.7316953062565781,-0.00321652783055959
C06_component_beta_mixture,S0,age_temporal,4,bce,0.4835569808739096,0.48151061692912545,0.0020463639447841353
C06_component_beta_mixture,S0,age_temporal,4,beta_mean,-0.0018442076398059726,0.0031639905646443367,-0.005008198204450309
C06_component_beta_mixture,S0,age_temporal,4,cf_rmse_age,0.0703877173335446,0.08286302774714167,-0.012475310413597077
C06_component_beta_mixture,S0,age_temporal,4,cf_rmse_lag,0.10115505576574643,0.11139740683119081,-0.010242351065444383
C06_component_beta_mixture,S0,age_temporal,4,delta_bce_beta0,-1.1767370611259764e-07,-2.357533042340876e-06,2.239859336228278e-06
C06_component_beta_mixture,S0,age_temporal,4,delta_bce_full_age_shuffle,0.005486696933698132,0.005946130476437661,-0.0004594335427395291
C06_component_beta_mixture,S0,age_temporal,4,delta_bce_gate_age_shuffle,-1.4564631496960523e-06,9.725543985150686e-07,-2.429017548211121e-06
C06_component_beta_mixture,S0,age_temporal,4,gate_signal_correlation,0.999665098321276,0.8706569702352823,0.1290081280859937
C06_component_beta_mixture,S0,age_temporal,4,gate_signal_mae,0.02277629520038603,0.06004317724737618,-0.03726688204699015
C06_component_beta_mixture,S0,age_temporal,4,gate_signal_rmse,0.02370425342654479,0.11501639806420964,-0.09131214463766485
C06_component_beta_mixture,S0,age_temporal,4,surface_rmse,0.13669528842660233,0.14514842713951528,-0.00845313871291295
C06_component_beta_mixture,S0,matched,0,delta_auprc_at_minus_to,-8.32034428834838e-05,-6.648490076321956e-05,-1.6718542120264246e-05
C06_component_beta_mixture,S0,matched,0,delta_auroc_at_minus_to,3.982350103148846e-05,3.461861318720949e-05,5.2048878442789714e-06
C06_component_beta_mixture,S0,matched,0,delta_bce_to_minus_at,2.373538387012708e-05,1.1285860192111752e-05,1.2449523678015328e-05
C06_component_beta_mixture,S0,matched,1,delta_auprc_at_minus_to,-0.00011560060330584321,-0.00035540028214253727,0.00023979967883669406
C06_component_beta_mixture,S0,matched,1,delta_auroc_at_minus_to,-6.417651147994086e-05,-4.247237353061095e-05,-2.1704137949329905e-05
C06_component_beta_mixture,S0,matched,1,delta_bce_to_minus_at,-4.7433544069164224e-05,-0.00017155527440210205,0.00012412173033293783
C06_component_beta_mixture,S0,matched,2,delta_auprc_at_minus_to,-0.0002520733464086433,-4.299376821115253e-06,-0.00024777396958752806
C06_component_beta_mixture,S0,matched,2,delta_auroc_at_minus_to,-0.00031889101580639956,-2.638609339988829e-05,-0.00029250492240651127
C06_component_beta_mixture,S0,matched,2,delta_bce_to_minus_at,-0.0001207053200328323,-5.310887438658707e-06,-0.00011539443259417359
C06_component_beta_mixture,S0,matched,3,delta_auprc_at_minus_to,-4.72877952517603e-05,0.0010286741618541484,-0.0010759619571059087
C06_component_beta_mixture,S0,matched,3,delta_auroc_at_minus_to,-0.00011287275793958607,0.0013562251631549227,-0.0014690979210945088
C06_component_beta_mixture,S0,matched,3,delta_bce_to_minus_at,1.1393501134771e-06,-7.186558560184908e-05,7.300493571532618e-05
C06_component_beta_mixture,S0,matched,4,delta_auprc_at_minus_to,-0.00010650947467094607,8.312491931339316e-06,-0.00011482196660228539
C06_component_beta_mixture,S0,matched,4,delta_auroc_at_minus_to,-5.225658523388965e-05,4.471805049144351e-06,-5.6728390283034e-05
C06_component_beta_mixture,S0,matched,4,delta_bce_to_minus_at,-3.513729974624624e-05,3.322340479228192e-06,-3.8459640225474434e-05
C06_component_beta_mixture,S0,temporal_only,0,abs_beta_mean,0.0,0.0,0.0
C06_component_beta_mixture,S0,temporal_only,0,auprc,0.5270245166680093,0.5296745514501848,-0.0026500347821755144
C06_component_beta_mixture,S0,temporal_only,0,auroc,0.7303389809054412,0.7333671895404137,-0.00302820863497244
C06_component_beta_mixture,S0,temporal_only,0,bce,0.48238276729343327,0.4806541348924672,0.0017286324009660459
C06_component_beta_mixture,S0,temporal_only,0,beta_mean,0.0,0.0,0.0
C06_component_beta_mixture,S0,temporal_only,0,cf_rmse_age,0.06931829885405583,0.08414547823781746,-0.01482717938376163
C06_component_beta_mixture,S0,temporal_only,0,cf_rmse_lag,0.11150806594584457,0.11527290838970335,-0.0037648424438587735
C06_component_beta_mixture,S0,temporal_only,0,delta_bce_beta0,0.0,0.0,0.0
C06_component_beta_mixture,S0,temporal_only,0,delta_bce_full_age_shuffle,0.00503719784581913,0.005448421935103198,-0.00041122408928406795
C06_component_beta_mixture,S0,temporal_only,0,delta_bce_gate_age_shuffle,0.0,0.0,0.0
C06_component_beta_mixture,S0,temporal_only,0,gate_signal_correlation,0.9995778489931159,0.8944071110982615,0.10517073789485432
C06_component_beta_mixture,S0,temporal_only,0,gate_signal_mae,0.02574681697308599,0.05841725569190165,-0.032670438718815656
C06_component_beta_mixture,S0,temporal_only,0,gate_signal_rmse,0.02677134124362567,0.10242814526854555,-0.07565680402491988
C06_component_beta_mixture,S0,temporal_only,0,surface_rmse,0.14976246499762536,0.14982460786457688,-6.21428669515256e-05
C06_component_beta_mixture,S0,temporal_only,1,abs_beta_mean,0.0,0.0,0.0
C06_component_beta_mixture,S0,temporal_only,1,auprc,0.5218165594395769,0.5272332888171368,-0.005416729377559881
C06_component_beta_mixture,S0,temporal_only,1,auroc,0.7263582924566367,0.7311583206656627,-0.004800028209025919
C06_component_beta_mixture,S0,temporal_only,1,bce,0.4849512763123519,0.4818821435905289,0.00306913272182302
C06_component_beta_mixture,S0,temporal_only,1,beta_mean,0.0,0.0,0.0
C06_component_beta_mixture,S0,temporal_only,1,cf_rmse_age,0.08395316104336142,0.10981046715243505,-0.02585730610907362
C06_component_beta_mixture,S0,temporal_only,1,cf_rmse_lag,0.12033828616689694,0.12656025686406394,-0.006221970697166998
C06_component_beta_mixture,S0,temporal_only,1,delta_bce_beta0,0.0,0.0,0.0
C06_component_beta_mixture,S0,temporal_only,1,delta_bce_full_age_shuffle,0.0021752340322800934,0.0025488615066479037,-0.0003736274743678103
C06_component_beta_mixture,S0,temporal_only,1,delta_bce_gate_age_shuffle,0.0,0.0,0.0
C06_component_beta_mixture,S0,temporal_only,1,gate_signal_correlation,0.999593846213952,0.926111351452864,0.07348249476108792
C06_component_beta_mixture,S0,temporal_only,1,gate_signal_mae,0.02522514509059203,0.0507204262482169,-0.025495281157624866
C06_component_beta_mixture,S0,temporal_only,1,gate_signal_rmse,0.026233000104501636,0.08421856293218988,-0.05798556282768824
C06_component_beta_mixture,S0,temporal_only,1,surface_rmse,0.1534255221877275,0.1531521984556662,0.0002733237320613202
C06_component_beta_mixture,S0,temporal_only,2,abs_beta_mean,0.0,0.0,0.0
C06_component_beta_mixture,S0,temporal_only,2,auprc,0.522636212678964,0.5238925514664606,-0.001256338787496647
C06_component_beta_mixture,S0,temporal_only,2,auroc,0.7277583315348368,0.7303934342954508,-0.002635102760613961
C06_component_beta_mixture,S0,temporal_only,2,bce,0.48403648488860723,0.4830764209988984,0.0009600638897088176
C06_component_beta_mixture,S0,temporal_only,2,beta_mean,0.0,0.0,0.0
C06_component_beta_mixture,S0,temporal_only,2,cf_rmse_age,0.07663751399423226,0.09913553635485707,-0.022498022360624814
C06_component_beta_mixture,S0,temporal_only,2,cf_rmse_lag,0.12046184110580475,0.13577891931022554,-0.015317078204420784
C06_component_beta_mixture,S0,temporal_only,2,delta_bce_beta0,0.0,0.0,0.0
C06_component_beta_mixture,S0,temporal_only,2,delta_bce_full_age_shuffle,0.004518650619249831,0.00550750129427291,-0.0009888506750230786
C06_component_beta_mixture,S0,temporal_only,2,delta_bce_gate_age_shuffle,0.0,0.0,0.0
C06_component_beta_mixture,S0,temporal_only,2,gate_signal_correlation,0.9996118651902942,0.8566828732602048,0.14292899193008946
C06_component_beta_mixture,S0,temporal_only,2,gate_signal_mae,0.02462654891528966,0.0657725230570137,-0.04114597414172404
C06_component_beta_mixture,S0,temporal_only,2,gate_signal_rmse,0.025615092930290496,0.12317083620847916,-0.09755574327818867
C06_component_beta_mixture,S0,temporal_only,2,surface_rmse,0.15018315213154143,0.16478229224284469,-0.014599140111303255
C06_component_beta_mixture,S0,temporal_only,3,abs_beta_mean,0.0,0.0,0.0
C06_component_beta_mixture,S0,temporal_only,3,auprc,0.525636799561403,0.5269430396638906,-0.001306240102487588
C06_component_beta_mixture,S0,temporal_only,3,auroc,0.7295769877686602,0.7307520364062601,-0.0011750486375998737
C06_component_beta_mixture,S0,temporal_only,3,bce,0.48353735777663986,0.48186039509847955,0.0016769626781603097
C06_component_beta_mixture,S0,temporal_only,3,beta_mean,0.0,0.0,0.0
C06_component_beta_mixture,S0,temporal_only,3,cf_rmse_age,0.0960130265555395,0.11313308421402934,-0.01712005765848984
C06_component_beta_mixture,S0,temporal_only,3,cf_rmse_lag,0.10958954208773236,0.11800553722134975,-0.00841599513361739
C06_component_beta_mixture,S0,temporal_only,3,delta_bce_beta0,0.0,0.0,0.0
C06_component_beta_mixture,S0,temporal_only,3,delta_bce_full_age_shuffle,0.004599935690295598,0.005620222900700744,-0.0010202872104051464
C06_component_beta_mixture,S0,temporal_only,3,delta_bce_gate_age_shuffle,0.0,0.0,0.0
C06_component_beta_mixture,S0,temporal_only,3,gate_signal_correlation,0.9995440166474385,0.8883809744941378,0.11116304215330075
C06_component_beta_mixture,S0,temporal_only,3,gate_signal_mae,0.02682225585528157,0.05808107748336999,-0.03125882162808842
C06_component_beta_mixture,S0,temporal_only,3,gate_signal_rmse,0.027880675459402558,0.10504304175008819,-0.07716236629068562
C06_component_beta_mixture,S0,temporal_only,3,surface_rmse,0.14225377042450932,0.14902255691470706,-0.006768786490197742
C06_component_beta_mixture,S0,temporal_only,4,abs_beta_mean,0.0,0.0,0.0
C06_component_beta_mixture,S0,temporal_only,4,auprc,0.5246566581168145,0.5261603580197765,-0.0015036999029619524
C06_component_beta_mixture,S0,temporal_only,4,auroc,0.7285310350112524,0.7316908344515289,-0.003159799440276556
C06_component_beta_mixture,S0,temporal_only,4,bce,0.48352184357416333,0.4815139392696047,0.002007904304558661
C06_component_beta_mixture,S0,temporal_only,4,beta_mean,0.0,0.0,0.0
C06_component_beta_mixture,S0,temporal_only,4,cf_rmse_age,0.07049057088745851,0.08284167493527446,-0.012351104047815947
C06_component_beta_mixture,S0,temporal_only,4,cf_rmse_lag,0.10096008370064444,0.11130516010406907,-0.010345076403424636
C06_component_beta_mixture,S0,temporal_only,4,delta_bce_beta0,0.0,0.0,0.0
C06_component_beta_mixture,S0,temporal_only,4,delta_bce_full_age_shuffle,0.00549252098357228,0.0059405503248018965,-0.0004480293412296166
C06_component_beta_mixture,S0,temporal_only,4,delta_bce_gate_age_shuffle,0.0,0.0,0.0
C06_component_beta_mixture,S0,temporal_only,4,gate_signal_correlation,0.9996629690289772,0.8709039373269316,0.1287590317020456
C06_component_beta_mixture,S0,temporal_only,4,gate_signal_mae,0.02285808003099431,0.059961832940496645,-0.03710375290950234
C06_component_beta_mixture,S0,temporal_only,4,gate_signal_rmse,0.023788401649976226,0.11488319514919978,-0.09109479349922356
C06_component_beta_mixture,S0,temporal_only,4,surface_rmse,0.13638688222184583,0.14505630645072745,-0.008669424228881617
C06_component_beta_mixture,S1,age_temporal,0,abs_beta_mean,0.06298714876174927,0.1005406603217125,-0.037553511559963226
C06_component_beta_mixture,S1,age_temporal,0,auprc,0.5345855137594128,0.537335282187853,-0.0027497684284402135
C06_component_beta_mixture,S1,age_temporal,0,auroc,0.7389878734269351,0.7401830256045248,-0.0011951521775896978
C06_component_beta_mixture,S1,age_temporal,0,bce,0.4822909240556237,0.48117162051291396,0.0011193035427097264
C06_component_beta_mixture,S1,age_temporal,0,beta_mean,0.06298714876174927,0.1005406603217125,-0.037553511559963226
C06_component_beta_mixture,S1,age_temporal,0,cf_rmse_age,0.1398018332423618,0.1402103413042319,-0.00040850806187009425
C06_component_beta_mixture,S1,age_temporal,0,cf_rmse_lag,0.12165390397116498,0.12067959025784977,0.000974313713315203
C06_component_beta_mixture,S1,age_temporal,0,delta_bce_beta0,0.0001748118862616166,0.000276302743403789,-0.00010149085714217243
C06_component_beta_mixture,S1,age_temporal,0,delta_bce_full_age_shuffle,0.008310991218977104,0.008455465136340767,-0.00014447391736366333
C06_component_beta_mixture,S1,age_temporal,0,delta_bce_gate_age_shuffle,0.00018347809830587813,0.00033391308487323856,-0.00015043498656736043
C06_component_beta_mixture,S1,age_temporal,0,gate_signal_correlation,0.9979688634740816,0.9757352123806298,0.02223365109345188
C06_component_beta_mixture,S1,age_temporal,0,gate_signal_mae,0.05089705104008152,0.033911053696513045,0.016985997343568475
C06_component_beta_mixture,S1,age_temporal,0,gate_signal_rmse,0.053004702038573236,0.05250495182444817,0.0004997502141250651
C06_component_beta_mixture,S1,age_temporal,0,surface_rmse,0.17977007786870172,0.17011170753699503,0.00965837033170669
C06_component_beta_mixture,S1,age_temporal,1,abs_beta_mean,0.045294683426618576,0.011787141673266888,0.03350754175335169
C06_component_beta_mixture,S1,age_temporal,1,auprc,0.5351401641265116,0.5380768076394529,-0.002936643512941317
C06_component_beta_mixture,S1,age_temporal,1,auroc,0.74094628922508,0.7415101146681564,-0.0005638254430764267
C06_component_beta_mixture,S1,age_temporal,1,bce,0.4814279503383096,0.4802605862266138,0.0011673641116958233
C06_component_beta_mixture,S1,age_temporal,1,beta_mean,-0.045294683426618576,0.011787141673266888,-0.057081825099885464
C06_component_beta_mixture,S1,age_temporal,1,cf_rmse_age,0.16839584983196831,0.16344439196072325,0.0049514578712450685
C06_component_beta_mixture,S1,age_temporal,1,cf_rmse_lag,0.13784106897534112,0.1223917324290053,0.015449336546335818
C06_component_beta_mixture,S1,age_temporal,1,delta_bce_beta0,-0.00013114566410837858,3.160102115462582e-05,-0.0001627466852630044
C06_component_beta_mixture,S1,age_temporal,1,delta_bce_full_age_shuffle,0.006741095055206425,0.006799740116966657,-5.8645061760231876e-05
C06_component_beta_mixture,S1,age_temporal,1,delta_bce_gate_age_shuffle,-7.736297418847737e-05,2.7818955876279805e-05,-0.00010518193006475718
C06_component_beta_mixture,S1,age_temporal,1,gate_signal_correlation,0.9984171670426707,0.9776751940206728,0.020741973021997873
C06_component_beta_mixture,S1,age_temporal,1,gate_signal_mae,0.04767080650715633,0.04025831548169511,0.007412491025461217
C06_component_beta_mixture,S1,age_temporal,1,gate_signal_rmse,0.0495008462436999,0.05569601236913303,-0.006195166125433131
C06_component_beta_mixture,S1,age_temporal,1,surface_rmse,0.19200455276664097,0.17856830166768178,0.013436251098959184
C06_component_beta_mixture,S1,age_temporal,2,abs_beta_mean,0.013392329216003418,0.03144624084234238,-0.01805391162633896
C06_component_beta_mixture,S1,age_temporal,2,auprc,0.53558564712994,0.5371054813206302,-0.001519834190690239
C06_component_beta_mixture,S1,age_temporal,2,auroc,0.7405466002171526,0.7419205482135522,-0.0013739479963996715
C06_component_beta_mixture,S1,age_temporal,2,bce,0.481613222469441,0.48098239527723935,0.000630827192201644
C06_component_beta_mixture,S1,age_temporal,2,beta_mean,-0.013392329216003418,0.03144624084234238,-0.044838570058345795
C06_component_beta_mixture,S1,age_temporal,2,cf_rmse_age,0.14565409378245112,0.1450187483420907,0.0006353454403604242
C06_component_beta_mixture,S1,age_temporal,2,cf_rmse_lag,0.13944019013455217,0.13825243035528761,0.0011877597792645522
C06_component_beta_mixture,S1,age_temporal,2,delta_bce_beta0,-4.281458220284362e-05,0.00011789840997561418,-0.0001607129921784578
C06_component_beta_mixture,S1,age_temporal,2,delta_bce_full_age_shuffle,0.011711219771417092,0.011294302900817288,0.00041691687059980387
C06_component_beta_mixture,S1,age_temporal,2,delta_bce_gate_age_shuffle,-2.3152017132321845e-05,9.835321759643634e-05,-0.00012150523472875818
C06_component_beta_mixture,S1,age_temporal,2,gate_signal_correlation,0.9988524044900249,0.9791678009447085,0.019684603545316426
C06_component_beta_mixture,S1,age_temporal,2,gate_signal_mae,0.044321878769016186,0.03915388802441943,0.0051679907445967566
C06_component_beta_mixture,S1,age_temporal,2,gate_signal_rmse,0.04583598337092669,0.055305389206043366,-0.009469405835116677
C06_component_beta_mixture,S1,age_temporal,2,surface_rmse,0.18678993952844822,0.1818091817541001,0.004980757774348116
C06_component_beta_mixture,S1,age_temporal,3,abs_beta_mean,0.046175092458724976,0.0649377703666687,-0.018762677907943726
C06_component_beta_mixture,S1,age_temporal,3,auprc,0.5352218511579897,0.5373797567194137,-0.002157905561424034
C06_component_beta_mixture,S1,age_temporal,3,auroc,0.7399233781145023,0.7416857012376636,-0.00176232312316138
C06_component_beta_mixture,S1,age_temporal,3,bce,0.4817785578627015,0.48073099163610544,0.001047566226596075
C06_component_beta_mixture,S1,age_temporal,3,beta_mean,0.046175092458724976,0.0649377703666687,-0.018762677907943726
C06_component_beta_mixture,S1,age_temporal,3,cf_rmse_age,0.13408381124878221,0.13148214535761257,0.002601665891169641
C06_component_beta_mixture,S1,age_temporal,3,cf_rmse_lag,0.11078044586515333,0.10756068846926845,0.003219757395884884
C06_component_beta_mixture,S1,age_temporal,3,delta_bce_beta0,0.00011452809131973218,0.00016747160604330125,-5.294351472356906e-05
C06_component_beta_mixture,S1,age_temporal,3,delta_bce_full_age_shuffle,0.011833768583133175,0.011025139003487505,0.00080862957964567
C06_component_beta_mixture,S1,age_temporal,3,delta_bce_gate_age_shuffle,0.00011430672905865524,0.00016694225004038055,-5.26355209817253e-05
C06_component_beta_mixture,S1,age_temporal,3,gate_signal_correlation,0.9985555395632532,0.9761877996180943,0.022367739945158838
C06_component_beta_mixture,S1,age_temporal,3,gate_signal_mae,0.04460164672741016,0.038804960156100486,0.0057966865713096755
C06_component_beta_mixture,S1,age_temporal,3,gate_signal_rmse,0.04638173365868388,0.055701546370979245,-0.009319812712295365
C06_component_beta_mixture,S1,age_temporal,3,surface_rmse,0.1580521651403565,0.1444063014727151,0.013645863667641395
C06_component_beta_mixture,S1,age_temporal,4,abs_beta_mean,0.02109653130173683,0.03446369618177414,-0.013367164880037308
C06_component_beta_mixture,S1,age_temporal,4,auprc,0.5366147504290754,0.5398260691959067,-0.003211318766831339
C06_component_beta_mixture,S1,age_temporal,4,auroc,0.7414422289480691,0.7427907316607631,-0.001348502712694044
C06_component_beta_mixture,S1,age_temporal,4,bce,0.48172263142244315,0.4802439862700552,0.0014786451523879363
C06_component_beta_mixture,S1,age_temporal,4,beta_mean,-0.02109653130173683,0.03446369618177414,-0.05556022748351097
C06_component_beta_mixture,S1,age_temporal,4,cf_rmse_age,0.15891544911519367,0.16623233235224963,-0.0073168832370559544
C06_component_beta_mixture,S1,age_temporal,4,cf_rmse_lag,0.1227672668965386,0.1162050292170367,0.006562237679501898
C06_component_beta_mixture,S1,age_temporal,4,delta_bce_beta0,-5.136684365131261e-05,0.00010567572000969028,-0.0001570425636610029
C06_component_beta_mixture,S1,age_temporal,4,delta_bce_full_age_shuffle,0.007765948090083352,0.007804761165834728,-3.881307575137605e-05
C06_component_beta_mixture,S1,age_temporal,4,delta_bce_gate_age_shuffle,-1.728901587627618e-05,0.00011450701638016092,-0.0001317960322564371
C06_component_beta_mixture,S1,age_temporal,4,gate_signal_correlation,0.998643667809333,0.9786111529001003,0.020032514909232746
C06_component_beta_mixture,S1,age_temporal,4,gate_signal_mae,0.04788962041561249,0.037760786948187,0.010128833467425491
C06_component_beta_mixture,S1,age_temporal,4,gate_signal_rmse,0.049514738041470024,0.051990469401823926,-0.0024757313603539013
C06_component_beta_mixture,S1,age_temporal,4,surface_rmse,0.1844896891264157,0.18187700068752877,0.0026126884388869287
C06_component_beta_mixture,S1,matched,0,delta_auprc_at_minus_to,3.869723146932014e-05,0.0003237295960659692,-0.00028503236459664905
C06_component_beta_mixture,S1,matched,0,delta_auroc_at_minus_to,5.002438640189233e-05,0.0003215234710820525,-0.00027149908468016015
C06_component_beta_mixture,S1,matched,0,delta_bce_to_minus_at,8.360955273922777e-05,0.00021194220717518641,-0.00012833265443595865
C06_component_beta_mixture,S1,matched,1,delta_auprc_at_minus_to,-0.0003404465715651783,0.00015336982816771538,-0.0004938163997328937
C06_component_beta_mixture,S1,matched,1,delta_auroc_at_minus_to,-0.00021381045619850436,5.071538473533366e-05,-0.000264525840933838
C06_component_beta_mixture,S1,matched,1,delta_bce_to_minus_at,-0.00018348936235368374,1.8757629690779876e-05,-0.00020224699204446361
C06_component_beta_mixture,S1,matched,2,delta_auprc_at_minus_to,1.1523007047431477e-05,0.000133211485061846,-0.00012168847801441451
C06_component_beta_mixture,S1,matched,2,delta_auroc_at_minus_to,-4.604384670559014e-05,0.00010173003987556939,-0.00014777388658115953
C06_component_beta_mixture,S1,matched,2,delta_bce_to_minus_at,-1.8794834050206433e-05,6.233591634452473e-05,-8.113075039473117e-05
C06_component_beta_mixture,S1,matched,3,delta_auprc_at_minus_to,2.4212896160946684e-05,0.00010730287739557642,-8.308998123462974e-05
C06_component_beta_mixture,S1,matched,3,delta_auroc_at_minus_to,7.62604252427801e-05,0.00017785907811118662,-0.00010159865286840652
C06_component_beta_mixture,S1,matched,3,delta_bce_to_minus_at,2.4594924529719453e-05,6.234408191296836e-05,-3.774915738324891e-05
C06_component_beta_mixture,S1,matched,4,delta_auprc_at_minus_to,-0.0005692187745365285,9.705174975871422e-05,-0.0006662705242952427
C06_component_beta_mixture,S1,matched,4,delta_auroc_at_minus_to,-0.0003465818930445952,3.278349136071057e-05,-0.00037936538440530576
C06_component_beta_mixture,S1,matched,4,delta_bce_to_minus_at,-0.0003203690659075442,5.7693997534524755e-05,-0.00037806306344206897
C06_component_beta_mixture,S1,temporal_only,0,abs_beta_mean,0.0,0.0,0.0
C06_component_beta_mixture,S1,temporal_only,0,auprc,0.5345468165279434,0.537011552591787,-0.0024647360638435645
C06_component_beta_mixture,S1,temporal_only,0,auroc,0.7389378490405332,0.7398615021334427,-0.0009236530929095377
C06_component_beta_mixture,S1,temporal_only,0,bce,0.4823745336083629,0.48138356272008914,0.0009909708882737678
C06_component_beta_mixture,S1,temporal_only,0,beta_mean,0.0,0.0,0.0
C06_component_beta_mixture,S1,temporal_only,0,cf_rmse_age,0.13993400189575525,0.14057476936589616,-0.0006407674701409127
C06_component_beta_mixture,S1,temporal_only,0,cf_rmse_lag,0.12175645333463106,0.12055293894397853,0.001203514390652527
C06_component_beta_mixture,S1,temporal_only,0,delta_bce_beta0,0.0,0.0,0.0
C06_component_beta_mixture,S1,temporal_only,0,delta_bce_full_age_shuffle,0.008270525073656998,0.008417202572917004,-0.00014667749926000617
C06_component_beta_mixture,S1,temporal_only,0,delta_bce_gate_age_shuffle,0.0,0.0,0.0
C06_component_beta_mixture,S1,temporal_only,0,gate_signal_correlation,0.9985262882315468,0.9771678480823325,0.021358440149214286
C06_component_beta_mixture,S1,temporal_only,0,gate_signal_mae,0.05155953769106253,0.032237344743686676,0.019322192947375853
C06_component_beta_mixture,S1,temporal_only,0,gate_signal_rmse,0.05320006606991482,0.051598335875426685,0.0016017301944881365
C06_component_beta_mixture,S1,temporal_only,0,surface_rmse,0.17875454621313788,0.16874071350957326,0.010013832703564624
C06_component_beta_mixture,S1,temporal_only,1,abs_beta_mean,0.0,0.0,0.0
C06_component_beta_mixture,S1,temporal_only,1,auprc,0.5354806106980767,0.5379234378112852,-0.0024428271132084234
C06_component_beta_mixture,S1,temporal_only,1,auroc,0.7411600996812785,0.7414593992834211,-0.00029929960214258866
C06_component_beta_mixture,S1,temporal_only,1,bce,0.4812444609759559,0.48027934385630455,0.0009651171196513597
C06_component_beta_mixture,S1,temporal_only,1,beta_mean,0.0,0.0,0.0
C06_component_beta_mixture,S1,temporal_only,1,cf_rmse_age,0.16876155369106943,0.16424663275084456,0.004514920940224876
C06_component_beta_mixture,S1,temporal_only,1,cf_rmse_lag,0.13592517816248031,0.12272831554634411,0.013196862616136201
C06_component_beta_mixture,S1,temporal_only,1,delta_bce_beta0,0.0,0.0,0.0
C06_component_beta_mixture,S1,temporal_only,1,delta_bce_full_age_shuffle,0.006724086259952744,0.006773107487360208,-4.9021227407464174e-05
C06_component_beta_mixture,S1,temporal_only,1,delta_bce_gate_age_shuffle,0.0,0.0,0.0
C06_component_beta_mixture,S1,temporal_only,1,gate_signal_correlation,0.9987161948625712,0.978044050546879,0.020672144315692198
C06_component_beta_mixture,S1,temporal_only,1,gate_signal_mae,0.047756026779775175,0.03967054002635601,0.008085486753419163
C06_component_beta_mixture,S1,temporal_only,1,gate_signal_rmse,0.0493190590775529,0.05500949031257595,-0.005690431235023052
C06_component_beta_mixture,S1,temporal_only,1,surface_rmse,0.19076347899326104,0.1785811688023273,0.012182310190933743
C06_component_beta_mixture,S1,temporal_only,2,abs_beta_mean,0.0,0.0,0.0
C06_component_beta_mixture,S1,temporal_only,2,auprc,0.5355741241228925,0.5369722698355683,-0.0013981457126758245
C06_component_beta_mixture,S1,temporal_only,2,auroc,0.7405926440638582,0.7418188181736767,-0.001226174109818512
C06_component_beta_mixture,S1,temporal_only,2,bce,0.4815944276353908,0.4810447311935839,0.0005496964418069128
C06_component_beta_mixture,S1,temporal_only,2,beta_mean,0.0,0.0,0.0
C06_component_beta_mixture,S1,temporal_only,2,cf_rmse_age,0.14621300804713658,0.14452862781374298,0.0016843802333935953
C06_component_beta_mixture,S1,temporal_only,2,cf_rmse_lag,0.13980593021036597,0.13829172799034192,0.0015142022200240468
C06_component_beta_mixture,S1,temporal_only,2,delta_bce_beta0,0.0,0.0,0.0
C06_component_beta_mixture,S1,temporal_only,2,delta_bce_full_age_shuffle,0.011691549704561155,0.01116331258918063,0.0005282371153805254
C06_component_beta_mixture,S1,temporal_only,2,delta_bce_gate_age_shuffle,0.0,0.0,0.0
C06_component_beta_mixture,S1,temporal_only,2,gate_signal_correlation,0.9988641454753422,0.9792956305925336,0.01956851488280864
C06_component_beta_mixture,S1,temporal_only,2,gate_signal_mae,0.04463646231374228,0.03908752397353921,0.00554893834020307
C06_component_beta_mixture,S1,temporal_only,2,gate_signal_rmse,0.04613185581976799,0.05525338644051654,-0.009121530620748552
C06_component_beta_mixture,S1,temporal_only,2,surface_rmse,0.18727818314224742,0.18116085661541526,0.0061173265268321675
C06_component_beta_mixture,S1,temporal_only,3,abs_beta_mean,0.0,0.0,0.0
C06_component_beta_mixture,S1,temporal_only,3,auprc,0.5351976382618288,0.5372724538420182,-0.002074815580189404
C06_component_beta_mixture,S1,temporal_only,3,auroc,0.7398471176892595,0.7415078421595525,-0.0016607244702929735
C06_component_beta_mixture,S1,temporal_only,3,bce,0.48180315278723124,0.4807933357180184,0.001009817069212826
C06_component_beta_mixture,S1,temporal_only,3,beta_mean,0.0,0.0,0.0
C06_component_beta_mixture,S1,temporal_only,3,cf_rmse_age,0.13322832300145687,0.13091265534204616,0.002315667659410714
C06_component_beta_mixture,S1,temporal_only,3,cf_rmse_lag,0.11040923112824262,0.10689838962568497,0.003510841502557649
C06_component_beta_mixture,S1,temporal_only,3,delta_bce_beta0,0.0,0.0,0.0
C06_component_beta_mixture,S1,temporal_only,3,delta_bce_full_age_shuffle,0.011755060163374353,0.010955535362273394,0.0007995248011009592
C06_component_beta_mixture,S1,temporal_only,3,delta_bce_gate_age_shuffle,0.0,0.0,0.0
C06_component_beta_mixture,S1,temporal_only,3,gate_signal_correlation,0.9988525108959326,0.976579618552543,0.022272892343389583
C06_component_beta_mixture,S1,temporal_only,3,gate_signal_mae,0.04488743087805371,0.038394945861690295,0.006492485016363417
C06_component_beta_mixture,S1,temporal_only,3,gate_signal_rmse,0.04638840672868824,0.055574285761174305,-0.009185879032486063
C06_component_beta_mixture,S1,temporal_only,3,surface_rmse,0.15696204316718884,0.1432289110378711,0.013733132129317732
C06_component_beta_mixture,S1,temporal_only,4,abs_beta_mean,0.0,0.0,0.0
C06_component_beta_mixture,S1,temporal_only,4,auprc,0.5371839692036119,0.539729017446148,-0.0025450482425360965
C06_component_beta_mixture,S1,temporal_only,4,auroc,0.7417888108411137,0.7427579481694024,-0.0009691373282887383
C06_component_beta_mixture,S1,temporal_only,4,bce,0.4814022623565356,0.48030168026758974,0.0011005820889458673
C06_component_beta_mixture,S1,temporal_only,4,beta_mean,0.0,0.0,0.0
C06_component_beta_mixture,S1,temporal_only,4,cf_rmse_age,0.16810290207722758,0.16517740845975085,0.0029254936174767376
C06_component_beta_mixture,S1,temporal_only,4,cf_rmse_lag,0.12657086406049048,0.11616623761997584,0.010404626440514639
C06_component_beta_mixture,S1,temporal_only,4,delta_bce_beta0,0.0,0.0,0.0
C06_component_beta_mixture,S1,temporal_only,4,delta_bce_full_age_shuffle,0.008019378505980501,0.007778125606623498,0.0002412528993570029
C06_component_beta_mixture,S1,temporal_only,4,delta_bce_gate_age_shuffle,0.0,0.0,0.0
C06_component_beta_mixture,S1,temporal_only,4,gate_signal_correlation,0.9986951673204545,0.9788073564059574,0.019887810914497095
C06_component_beta_mixture,S1,temporal_only,4,gate_signal_mae,0.0481875359989725,0.03756608244329731,0.01062145355567519
C06_component_beta_mixture,S1,temporal_only,4,gate_signal_rmse,0.049759630252035926,0.0518644065510343,-0.0021047762989983773
C06_component_beta_mixture,S1,temporal_only,4,surface_rmse,0.18721597011075033,0.1809541806815333,0.006261789429217041
C06_component_beta_mixture,S2,age_temporal,0,abs_beta_mean,0.5688472390174866,0.5828605890274048,-0.014013350009918213
C06_component_beta_mixture,S2,age_temporal,0,auprc,0.5744880262856552,0.5780995375976441,-0.003611511311988891
C06_component_beta_mixture,S2,age_temporal,0,auroc,0.759598722615473,0.7608736309451969,-0.0012749083297238784
C06_component_beta_mixture,S2,age_temporal,0,bce,0.4594228971985502,0.45823252502610645,0.001190372172443721
C06_component_beta_mixture,S2,age_temporal,0,beta_mean,-0.5688472390174866,-0.5828605890274048,0.014013350009918213
C06_component_beta_mixture,S2,age_temporal,0,cf_rmse_age,0.17491602846122709,0.16278072314286685,0.01213530531836024
C06_component_beta_mixture,S2,age_temporal,0,cf_rmse_lag,0.21918984189774665,0.1745803747213772,0.04460946717636946
C06_component_beta_mixture,S2,age_temporal,0,delta_bce_beta0,0.007549208010477149,0.005779584263176263,0.0017696237473008858
C06_component_beta_mixture,S2,age_temporal,0,delta_bce_full_age_shuffle,0.02175296214942024,0.018327543441961025,0.0034254187074592157
C06_component_beta_mixture,S2,age_temporal,0,delta_bce_gate_age_shuffle,0.011590778922792089,0.00911550247849613,0.0024752764442959596
C06_component_beta_mixture,S2,age_temporal,0,gate_signal_correlation,0.7718586870082561,0.7660733562345573,0.005785330773698805
C06_component_beta_mixture,S2,age_temporal,0,gate_signal_mae,0.15609935768308136,0.15872509596390444,-0.0026257382808230756
C06_component_beta_mixture,S2,age_temporal,0,gate_signal_rmse,0.18942074004388,0.19179737689498,-0.0023766368511000113
C06_component_beta_mixture,S2,age_temporal,0,surface_rmse,0.266756853933032,0.21870480677820456,0.04805204715482744
C06_component_beta_mixture,S2,age_temporal,1,abs_beta_mean,0.5811614990234375,0.5870452523231506,-0.005883753299713135
C06_component_beta_mixture,S2,age_temporal,1,auprc,0.5753825551501058,0.5759134322664154,-0.0005308771163096138
C06_component_beta_mixture,S2,age_temporal,1,auroc,0.7580374561803258,0.7586570128104295,-0.0006195566301037125
C06_component_beta_mixture,S2,age_temporal,1,bce,0.45900714546305643,0.4588640155654828,0.00014312989757364614
C06_component_beta_mixture,S2,age_temporal,1,beta_mean,-0.5811614990234375,-0.5870452523231506,0.005883753299713135
C06_component_beta_mixture,S2,age_temporal,1,cf_rmse_age,0.15110756742112866,0.15719846374044327,-0.006090896319314615
C06_component_beta_mixture,S2,age_temporal,1,cf_rmse_lag,0.17673411713015066,0.1476845639875615,0.02904955314258917
C06_component_beta_mixture,S2,age_temporal,1,delta_bce_beta0,0.009459586439842405,0.007346000693051025,0.00211358574679138
C06_component_beta_mixture,S2,age_temporal,1,delta_bce_full_age_shuffle,0.023246698110652775,0.0188903653404921,0.004356332770160676
C06_component_beta_mixture,S2,age_temporal,1,delta_bce_gate_age_shuffle,0.014176932411392396,0.010804088735184791,0.003372843676207604
C06_component_beta_mixture,S2,age_temporal,1,gate_signal_correlation,0.7753134756230188,0.7691588176682204,0.006154657954798415
C06_component_beta_mixture,S2,age_temporal,1,gate_signal_mae,0.1545827897633739,0.15749393571427509,-0.002911145950901195
C06_component_beta_mixture,S2,age_temporal,1,gate_signal_rmse,0.18821151932475577,0.19061317109716513,-0.0024016517724093633
C06_component_beta_mixture,S2,age_temporal,1,surface_rmse,0.22856753434842886,0.20150095182750946,0.027066582520919397
C06_component_beta_mixture,S2,age_temporal,2,abs_beta_mean,0.6299527287483215,0.645264744758606,-0.015312016010284424
C06_component_beta_mixture,S2,age_temporal,2,auprc,0.5740656361687264,0.5771201670094575,-0.00305453084073104
C06_component_beta_mixture,S2,age_temporal,2,auroc,0.7580327802257429,0.7592704524685001,-0.0012376722427571707
C06_component_beta_mixture,S2,age_temporal,2,bce,0.4595917446160855,0.45816583733398697,0.0014259072820985152
C06_component_beta_mixture,S2,age_temporal,2,beta_mean,-0.6299527287483215,-0.645264744758606,0.015312016010284424
C06_component_beta_mixture,S2,age_temporal,2,cf_rmse_age,0.1642225194074736,0.18518373578831532,-0.020961216380841724
C06_component_beta_mixture,S2,age_temporal,2,cf_rmse_lag,0.13917593255846258,0.14226332386055707,-0.003087391302094483
C06_component_beta_mixture,S2,age_temporal,2,delta_bce_beta0,0.011549077497893745,0.00921002385563413,0.002339053642259614
C06_component_beta_mixture,S2,age_temporal,2,delta_bce_full_age_shuffle,0.024833212040760666,0.019402798848015046,0.00543041319274562
C06_component_beta_mixture,S2,age_temporal,2,delta_bce_gate_age_shuffle,0.016871811771974,0.012695873403285152,0.004175938368688847
C06_component_beta_mixture,S2,age_temporal,2,gate_signal_correlation,0.7925962305219535,0.7761400428781872,0.01645618764376633
C06_component_beta_mixture,S2,age_temporal,2,gate_signal_mae,0.14973080884402784,0.152901576680634,-0.0031707678366061642
C06_component_beta_mixture,S2,age_temporal,2,gate_signal_rmse,0.18205878869691944,0.18762282914483996,-0.005564040447920526
C06_component_beta_mixture,S2,age_temporal,2,surface_rmse,0.19703943468003082,0.18471341081849812,0.012326023861532698
C06_component_beta_mixture,S2,age_temporal,3,abs_beta_mean,0.45403188467025757,0.497174471616745,-0.04314258694648743
C06_component_beta_mixture,S2,age_temporal,3,auprc,0.5710080089107534,0.5736777800450081,-0.002669771134254706
C06_component_beta_mixture,S2,age_temporal,3,auroc,0.7563013168860504,0.7572770964608062,-0.0009757795747558085
C06_component_beta_mixture,S2,age_temporal,3,bce,0.46144809609398013,0.4599766861535207,0.0014714099404594116
C06_component_beta_mixture,S2,age_temporal,3,beta_mean,-0.45403188467025757,-0.497174471616745,0.04314258694648743
C06_component_beta_mixture,S2,age_temporal,3,cf_rmse_age,0.15908625503518745,0.17089866121060254,-0.011812406175415097
C06_component_beta_mixture,S2,age_temporal,3,cf_rmse_lag,0.14503878131309222,0.12926475751115207,0.01577402380194015
C06_component_beta_mixture,S2,age_temporal,3,delta_bce_beta0,0.006093802632857914,0.004920624842346066,0.001173177790511848
C06_component_beta_mixture,S2,age_temporal,3,delta_bce_full_age_shuffle,0.02095107277792957,0.01866882139465542,0.0022822513832741476
C06_component_beta_mixture,S2,age_temporal,3,delta_bce_gate_age_shuffle,0.009156673721037789,0.0074692207992291815,0.0016874529218086076
C06_component_beta_mixture,S2,age_temporal,3,gate_signal_correlation,0.7294901091353438,0.7285661405124295,0.0009239686229143285
C06_component_beta_mixture,S2,age_temporal,3,gate_signal_mae,0.16831151321213783,0.1672888978514025,0.001022615360735335
C06_component_beta_mixture,S2,age_temporal,3,gate_signal_rmse,0.20332743871671147,0.20358640276818618,-0.0002589640514747138
C06_component_beta_mixture,S2,age_temporal,3,surface_rmse,0.20710436514184602,0.18917457521583936,0.017929789926006662
C06_component_beta_mixture,S2,age_temporal,4,abs_beta_mean,0.6039034724235535,0.6078628897666931,-0.0039594173431396484
C06_component_beta_mixture,S2,age_temporal,4,auprc,0.5732416246669585,0.5761466347007678,-0.0029050100338092744
C06_component_beta_mixture,S2,age_temporal,4,auroc,0.7573252406577564,0.7585469906379743,-0.0012217499802178455
C06_component_beta_mixture,S2,age_temporal,4,bce,0.4599353008766651,0.45859059147298264,0.0013447094036824758
C06_component_beta_mixture,S2,age_temporal,4,beta_mean,-0.6039034724235535,-0.6078628897666931,0.0039594173431396484
C06_component_beta_mixture,S2,age_temporal,4,cf_rmse_age,0.16178882410872666,0.176568144207969,-0.014779320099242349
C06_component_beta_mixture,S2,age_temporal,4,cf_rmse_lag,0.14032746669560112,0.11861577788712159,0.021711688808479526
C06_component_beta_mixture,S2,age_temporal,4,delta_bce_beta0,0.010402895827942737,0.007545532444515446,0.0028573633834272916
C06_component_beta_mixture,S2,age_temporal,4,delta_bce_full_age_shuffle,0.021681860736355862,0.01776285166721886,0.003919009069137003
C06_component_beta_mixture,S2,age_temporal,4,delta_bce_gate_age_shuffle,0.015388340152938218,0.011323075126199789,0.004065265026738429
C06_component_beta_mixture,S2,age_temporal,4,gate_signal_correlation,0.7835365756012104,0.7686930352439149,0.014843540357295515
C06_component_beta_mixture,S2,age_temporal,4,gate_signal_mae,0.15233238105484237,0.15770989801098886,-0.005377516956146494
C06_component_beta_mixture,S2,age_temporal,4,gate_signal_rmse,0.18531478361000742,0.1910472064878647,-0.005732422877857274
C06_component_beta_mixture,S2,age_temporal,4,surface_rmse,0.20584059261362078,0.19015070544577878,0.015689887167842004
C06_component_beta_mixture,S2,matched,0,delta_auprc_at_minus_to,0.010230445602630756,0.00912996595217419,0.001100479650456565
C06_component_beta_mixture,S2,matched,0,delta_auroc_at_minus_to,0.0034585497114163477,0.0031645797008910126,0.0002939700105253351
C06_component_beta_mixture,S2,matched,0,delta_bce_to_minus_at,0.00477669785041529,0.0043106072154003305,0.0004660906350149596
C06_component_beta_mixture,S2,matched,1,delta_auprc_at_minus_to,0.011156661745402419,0.008513110815696168,0.002643550929706251
C06_component_beta_mixture,S2,matched,1,delta_auroc_at_minus_to,0.003856640584838922,0.003086985322482527,0.0007696552623563946
C06_component_beta_mixture,S2,matched,1,delta_bce_to_minus_at,0.0056189933612624254,0.004640405474660714,0.0009785878866017117
C06_component_beta_mixture,S2,matched,2,delta_auprc_at_minus_to,0.012924602842042554,0.009933875675924853,0.0029907271661177015
C06_component_beta_mixture,S2,matched,2,delta_auroc_at_minus_to,0.004794110661670459,0.0033736081045800947,0.001420502557090364
C06_component_beta_mixture,S2,matched,2,delta_bce_to_minus_at,0.005791013080593377,0.004811484089596418,0.0009795289909969584
C06_component_beta_mixture,S2,matched,3,delta_auprc_at_minus_to,0.008827842200100466,0.007990391139118147,0.0008374510609823194
C06_component_beta_mixture,S2,matched,3,delta_auroc_at_minus_to,0.0028200711497955444,0.0027944906393466695,2.5580510448874882e-05
C06_component_beta_mixture,S2,matched,3,delta_bce_to_minus_at,0.004103701891931322,0.0038317940014475638,0.00027190789048375796
C06_component_beta_mixture,S2,matched,4,delta_auprc_at_minus_to,0.011512142299966,0.00871759681978046,0.0027945454801855396
C06_component_beta_mixture,S2,matched,4,delta_auroc_at_minus_to,0.004827087414745579,0.0031510248241625183,0.0016760625905830606
C06_component_beta_mixture,S2,matched,4,delta_bce_to_minus_at,0.00555455961560497,0.004402273161301429,0.0011522864543035416
C06_component_beta_mixture,S2,temporal_only,0,abs_beta_mean,0.0,0.0,0.0
C06_component_beta_mixture,S2,temporal_only,0,auprc,0.5642575806830245,0.5689695716454699,-0.004711990962445456
C06_component_beta_mixture,S2,temporal_only,0,auroc,0.7561401729040567,0.7577090512443059,-0.0015688783402492135
C06_component_beta_mixture,S2,temporal_only,0,bce,0.46419959504896546,0.4625431322415068,0.0016564628074586807
C06_component_beta_mixture,S2,temporal_only,0,beta_mean,0.0,0.0,0.0
C06_component_beta_mixture,S2,temporal_only,0,cf_rmse_age,0.18087424193348245,0.17737380977025632,0.003500432163226125
C06_component_beta_mixture,S2,temporal_only,0,cf_rmse_lag,0.2242463350504476,0.1841185675663441,0.040127767484103516
C06_component_beta_mixture,S2,temporal_only,0,delta_bce_beta0,0.0,0.0,0.0
C06_component_beta_mixture,S2,temporal_only,0,delta_bce_full_age_shuffle,0.009313106136975668,0.009127816834043345,0.00018528930293232326
C06_component_beta_mixture,S2,temporal_only,0,delta_bce_gate_age_shuffle,0.0,0.0,0.0
C06_component_beta_mixture,S2,temporal_only,0,gate_signal_correlation,0.519224368257064,0.5069727598420358,0.012251608415028148
C06_component_beta_mixture,S2,temporal_only,0,gate_signal_mae,0.21705437854253493,0.2240479380658084,-0.006993559523273463
C06_component_beta_mixture,S2,temporal_only,0,gate_signal_rmse,0.25939313950843784,0.2643226960635765,-0.004929556555138659
C06_component_beta_mixture,S2,temporal_only,0,surface_rmse,0.27389250461543885,0.2360608001822226,0.037831704433216234
C06_component_beta_mixture,S2,temporal_only,1,abs_beta_mean,0.0,0.0,0.0
C06_component_beta_mixture,S2,temporal_only,1,auprc,0.5642258934047034,0.5674003214507193,-0.0031744280460158647
C06_component_beta_mixture,S2,temporal_only,1,auroc,0.7541808155954869,0.755570027487947,-0.0013892118924601071
C06_component_beta_mixture,S2,temporal_only,1,bce,0.46462613882431886,0.4635044210401435,0.0011217177841753578
C06_component_beta_mixture,S2,temporal_only,1,beta_mean,0.0,0.0,0.0
C06_component_beta_mixture,S2,temporal_only,1,cf_rmse_age,0.17283416667593934,0.17396405535449125,-0.0011298886785519047
C06_component_beta_mixture,S2,temporal_only,1,cf_rmse_lag,0.18194139440370688,0.162237484371171,0.019703910032535882
C06_component_beta_mixture,S2,temporal_only,1,delta_bce_beta0,0.0,0.0,0.0
C06_component_beta_mixture,S2,temporal_only,1,delta_bce_full_age_shuffle,0.007452941028293358,0.0075032926381768394,-5.0351609883481085e-05
C06_component_beta_mixture,S2,temporal_only,1,delta_bce_gate_age_shuffle,0.0,0.0,0.0
C06_component_beta_mixture,S2,temporal_only,1,gate_signal_correlation,0.5193615539678509,0.5082725943741376,0.011088959593713255
C06_component_beta_mixture,S2,temporal_only,1,gate_signal_mae,0.21642474303350648,0.22286244140289885,-0.0064376983693923695
C06_component_beta_mixture,S2,temporal_only,1,gate_signal_rmse,0.25950612315066585,0.26328307109903454,-0.003776947948368692
C06_component_beta_mixture,S2,temporal_only,1,surface_rmse,0.23978571316673147,0.22664136388344427,0.013144349283287199
C06_component_beta_mixture,S2,temporal_only,2,abs_beta_mean,0.0,0.0,0.0
C06_component_beta_mixture,S2,temporal_only,2,auprc,0.5611410333266839,0.5671862913335326,-0.006045258006848742
C06_component_beta_mixture,S2,temporal_only,2,auroc,0.7532386695640725,0.75589684436392,-0.0026581747998475347
C06_component_beta_mixture,S2,temporal_only,2,bce,0.46538275769667886,0.4629773214235834,0.0024054362730954737
C06_component_beta_mixture,S2,temporal_only,2,beta_mean,0.0,0.0,0.0
C06_component_beta_mixture,S2,temporal_only,2,cf_rmse_age,0.19802129955279452,0.21153312731528165,-0.013511827762487133
C06_component_beta_mixture,S2,temporal_only,2,cf_rmse_lag,0.1424122558390605,0.15597781297180177,-0.013565557132741268
C06_component_beta_mixture,S2,temporal_only,2,delta_bce_beta0,0.0,0.0,0.0
C06_component_beta_mixture,S2,temporal_only,2,delta_bce_full_age_shuffle,0.008925277670793763,0.00915255323077524,-0.00022727555998147686
C06_component_beta_mixture,S2,temporal_only,2,delta_bce_gate_age_shuffle,0.0,0.0,0.0
C06_component_beta_mixture,S2,temporal_only,2,gate_signal_correlation,0.5191650471792234,0.5011019655537643,0.01806308162545911
C06_component_beta_mixture,S2,temporal_only,2,gate_signal_mae,0.2173261309753361,0.22279443497761728,-0.005468304002281182
C06_component_beta_mixture,S2,temporal_only,2,gate_signal_rmse,0.2593741076756236,0.2650333757573318,-0.005659268081708246
C06_component_beta_mixture,S2,temporal_only,2,surface_rmse,0.2183022036174548,0.22209706100468773,-0.003794857387232925
C06_component_beta_mixture,S2,temporal_only,3,abs_beta_mean,0.0,0.0,0.0
C06_component_beta_mixture,S2,temporal_only,3,auprc,0.562180166710653,0.56568738890589,-0.0035072221952370253
C06_component_beta_mixture,S2,temporal_only,3,auroc,0.7534812457362549,0.7544826058214595,-0.0010013600852046833
C06_component_beta_mixture,S2,temporal_only,3,bce,0.46555179798591145,0.4638084801549683,0.0017433178309431696
C06_component_beta_mixture,S2,temporal_only,3,beta_mean,0.0,0.0,0.0
C06_component_beta_mixture,S2,temporal_only,3,cf_rmse_age,0.17545809246151856,0.18178089609638184,-0.006322803634863289
C06_component_beta_mixture,S2,temporal_only,3,cf_rmse_lag,0.14848995997189765,0.14119609745874978,0.00729386251314787
C06_component_beta_mixture,S2,temporal_only,3,delta_bce_beta0,0.0,0.0,0.0
C06_component_beta_mixture,S2,temporal_only,3,delta_bce_full_age_shuffle,0.009569757880342311,0.009136741537100257,0.0004330163432420542
C06_component_beta_mixture,S2,temporal_only,3,delta_bce_gate_age_shuffle,0.0,0.0,0.0
C06_component_beta_mixture,S2,temporal_only,3,gate_signal_correlation,0.519224437558827,0.5040022872879071,0.015222150270919887
C06_component_beta_mixture,S2,temporal_only,3,gate_signal_mae,0.2170540556653573,0.2219824970991041,-0.004928441433746794
C06_component_beta_mixture,S2,temporal_only,3,gate_signal_rmse,0.259393172579353,0.26394479013387856,-0.004551617554525544
C06_component_beta_mixture,S2,temporal_only,3,surface_rmse,0.21831784016607061,0.2119224412814204,0.006395398884650211
C06_component_beta_mixture,S2,temporal_only,4,abs_beta_mean,0.0,0.0,0.0
C06_component_beta_mixture,S2,temporal_only,4,auprc,0.5617294823669925,0.5674290378809873,-0.005699555513994814
C06_component_beta_mixture,S2,temporal_only,4,auroc,0.7524981532430108,0.7553959658138117,-0.002897812570800906
C06_component_beta_mixture,S2,temporal_only,4,bce,0.4654898604922701,0.4629928646342841,0.0024969958579860174
C06_component_beta_mixture,S2,temporal_only,4,beta_mean,0.0,0.0,0.0
C06_component_beta_mixture,S2,temporal_only,4,cf_rmse_age,0.18047920323599412,0.18794438988640985,-0.007465186650415734
C06_component_beta_mixture,S2,temporal_only,4,cf_rmse_lag,0.1447672361798559,0.13439698174809844,0.010370254431757459
C06_component_beta_mixture,S2,temporal_only,4,delta_bce_beta0,0.0,0.0,0.0
C06_component_beta_mixture,S2,temporal_only,4,delta_bce_full_age_shuffle,0.006628190026510772,0.006965216409534125,-0.0003370263830233533
C06_component_beta_mixture,S2,temporal_only,4,delta_bce_gate_age_shuffle,0.0,0.0,0.0
C06_component_beta_mixture,S2,temporal_only,4,gate_signal_correlation,0.5192623992729827,0.501811357725559,0.017451041547423718
C06_component_beta_mixture,S2,temporal_only,4,gate_signal_mae,0.21687869183884032,0.2257407400110199,-0.008862048172179587
C06_component_beta_mixture,S2,temporal_only,4,gate_signal_rmse,0.25941455478050124,0.2663332824803443,-0.006918727699843086
C06_component_beta_mixture,S2,temporal_only,4,surface_rmse,0.22052668744939535,0.22173777321724258,-0.0012110857678472309
C06_component_beta_mixture,S3,age_temporal,0,abs_beta_mean,0.5980571508407593,0.6379421949386597,-0.03988504409790039
C06_component_beta_mixture,S3,age_temporal,0,auprc,0.5304138843537659,0.5326473327447008,-0.002233448390934867
C06_component_beta_mixture,S3,age_temporal,0,auroc,0.7332953475209975,0.7335163134457783,-0.00022096592478082488
C06_component_beta_mixture,S3,age_temporal,0,bce,0.4876070907084971,0.48722443750219463,0.00038265320630248567
C06_component_beta_mixture,S3,age_temporal,0,beta_mean,0.5980571508407593,0.6379421949386597,-0.03988504409790039
C06_component_beta_mixture,S3,age_temporal,0,cf_rmse_age,0.11416095542502017,0.11606066146293641,-0.0018997060379162406
C06_component_beta_mixture,S3,age_temporal,0,cf_rmse_lag,0.09522629986344609,0.08579744876939911,0.00942885109404698
C06_component_beta_mixture,S3,age_temporal,0,delta_bce_beta0,0.008463395922948369,0.008058398779159925,0.00040499714378844365
C06_component_beta_mixture,S3,age_temporal,0,delta_bce_full_age_shuffle,0.023818362661361003,0.022295758820408407,0.0015226038409525966
C06_component_beta_mixture,S3,age_temporal,0,delta_bce_gate_age_shuffle,0.01348146689803903,0.012769911226623354,0.0007115556714156757
C06_component_beta_mixture,S3,age_temporal,0,gate_signal_correlation,0.7987986739878732,0.7112193035888383,0.08757937039903485
C06_component_beta_mixture,S3,age_temporal,0,gate_signal_mae,0.14100757170600314,0.16270293531396116,-0.021695363607958013
C06_component_beta_mixture,S3,age_temporal,0,gate_signal_rmse,0.16992700629347196,0.20835977900620867,-0.03843277271273671
C06_component_beta_mixture,S3,age_temporal,0,surface_rmse,0.14982089644163094,0.135324836877038,0.014496059564592934
C06_component_beta_mixture,S3,age_temporal,1,abs_beta_mean,0.5336618423461914,0.602067768573761,-0.06840592622756958
C06_component_beta_mixture,S3,age_temporal,1,auprc,0.5251546578028126,0.5286398731238876,-0.0034852153210750414
C06_component_beta_mixture,S3,age_temporal,1,auroc,0.7307690434584814,0.7333393114972376,-0.0025702680387562626
C06_component_beta_mixture,S3,age_temporal,1,bce,0.4897289250651446,0.48810483184336595,0.0016240932217786441
C06_component_beta_mixture,S3,age_temporal,1,beta_mean,0.5336618423461914,0.602067768573761,-0.06840592622756958
C06_component_beta_mixture,S3,age_temporal,1,cf_rmse_age,0.13274166050229444,0.1284680112363541,0.0042736492659403436
C06_component_beta_mixture,S3,age_temporal,1,cf_rmse_lag,0.10525394087743091,0.09506922488676724,0.010184715990663673
C06_component_beta_mixture,S3,age_temporal,1,delta_bce_beta0,0.005955559546657163,0.006113029600472886,-0.00015747005381572254
C06_component_beta_mixture,S3,age_temporal,1,delta_bce_full_age_shuffle,0.018526376209022255,0.018570472651031622,-4.409644200936702e-05
C06_component_beta_mixture,S3,age_temporal,1,delta_bce_gate_age_shuffle,0.0098078644639491,0.009938009820549543,-0.0001301453566004418
C06_component_beta_mixture,S3,age_temporal,1,gate_signal_correlation,0.7789979313686377,0.6754738188127297,0.10352411255590799
C06_component_beta_mixture,S3,age_temporal,1,gate_signal_mae,0.1473373435778979,0.17509795292919644,-0.027760609351298537
C06_component_beta_mixture,S3,age_temporal,1,gate_signal_rmse,0.17699104553372214,0.22629381497945816,-0.04930276944573603
C06_component_beta_mixture,S3,age_temporal,1,surface_rmse,0.1846283615059909,0.16690057461050906,0.01772778689548185
C06_component_beta_mixture,S3,age_temporal,2,abs_beta_mean,0.4570031464099884,0.5498735904693604,-0.09287044405937195
C06_component_beta_mixture,S3,age_temporal,2,auprc,0.528280170346055,0.5300718832813389,-0.0017917129352839067
C06_component_beta_mixture,S3,age_temporal,2,auroc,0.7327446239107771,0.7325039935257502,0.00024063038502686318
C06_component_beta_mixture,S3,age_temporal,2,bce,0.48854110689925245,0.48823594613784477,0.00030516076140768567
C06_component_beta_mixture,S3,age_temporal,2,beta_mean,0.4570031464099884,0.5498735904693604,-0.09287044405937195
C06_component_beta_mixture,S3,age_temporal,2,cf_rmse_age,0.13000192019999732,0.12294584201412173,0.007056078185875586
C06_component_beta_mixture,S3,age_temporal,2,cf_rmse_lag,0.09495345467165145,0.09029600811864452,0.0046574465530069276
C06_component_beta_mixture,S3,age_temporal,2,delta_bce_beta0,0.005311315143464779,0.006283994742377674,-0.0009726795989128956
C06_component_beta_mixture,S3,age_temporal,2,delta_bce_full_age_shuffle,0.021598483374813515,0.022795165495692327,-0.0011966821208788114
C06_component_beta_mixture,S3,age_temporal,2,delta_bce_gate_age_shuffle,0.00828893117995766,0.009337255662967503,-0.0010483244830098437
C06_component_beta_mixture,S3,age_temporal,2,gate_signal_correlation,0.7533438514200007,0.6904362420433036,0.06290760937669715
C06_component_beta_mixture,S3,age_temporal,2,gate_signal_mae,0.1543445195111782,0.1735009607880281,-0.0191564412768499
C06_component_beta_mixture,S3,age_temporal,2,gate_signal_rmse,0.18495986708429785,0.2186381364378518,-0.03367826935355395
C06_component_beta_mixture,S3,age_temporal,2,surface_rmse,0.1722811335301854,0.1492185873425538,0.023062546187631594
C06_component_beta_mixture,S3,age_temporal,3,abs_beta_mean,0.5908312797546387,0.6119155883789062,-0.021084308624267578
C06_component_beta_mixture,S3,age_temporal,3,auprc,0.5313844686052499,0.5361274037173259,-0.004742935112076019
C06_component_beta_mixture,S3,age_temporal,3,auroc,0.7342578060650518,0.7362714094812015,-0.0020136034161497562
C06_component_beta_mixture,S3,age_temporal,3,bce,0.4877658613778948,0.4856939847829642,0.0020718765949305773
C06_component_beta_mixture,S3,age_temporal,3,beta_mean,0.5908312797546387,0.6119155883789062,-0.021084308624267578
C06_component_beta_mixture,S3,age_temporal,3,cf_rmse_age,0.16313702028472743,0.17427133545791956,-0.011134315173192133
C06_component_beta_mixture,S3,age_temporal,3,cf_rmse_lag,0.1255399723256702,0.1303996869501119,-0.00485971462444168
C06_component_beta_mixture,S3,age_temporal,3,delta_bce_beta0,0.007958674640396846,0.007254440371506854,0.0007042342688899916
C06_component_beta_mixture,S3,age_temporal,3,delta_bce_full_age_shuffle,0.020032072743016438,0.01768165188571269,0.0023504208573037477
C06_component_beta_mixture,S3,age_temporal,3,delta_bce_gate_age_shuffle,0.01283125901248272,0.011474082524097873,0.001357176488384848
C06_component_beta_mixture,S3,age_temporal,3,gate_signal_correlation,0.7965208341843745,0.7123368955511137,0.08418393863326079
C06_component_beta_mixture,S3,age_temporal,3,gate_signal_mae,0.1415459738084082,0.16548698615121796,-0.023941012342809764
C06_component_beta_mixture,S3,age_temporal,3,gate_signal_rmse,0.1705739859425903,0.20889886506907535,-0.03832487912648505
C06_component_beta_mixture,S3,age_temporal,3,surface_rmse,0.21557041748287803,0.21624419922922186,-0.0006737817463438323
C06_component_beta_mixture,S3,age_temporal,4,abs_beta_mean,0.5648759603500366,0.5829879641532898,-0.018112003803253174
C06_component_beta_mixture,S3,age_temporal,4,auprc,0.5260936926197687,0.5253611581550321,0.0007325344647365339
C06_component_beta_mixture,S3,age_temporal,4,auroc,0.7317094412693491,0.7319174324301306,-0.0002079911607815177
C06_component_beta_mixture,S3,age_temporal,4,bce,0.4894093578916834,0.4897460632997194,-0.0003367054080360421
C06_component_beta_mixture,S3,age_temporal,4,beta_mean,0.5648759603500366,0.5829879641532898,-0.018112003803253174
C06_component_beta_mixture,S3,age_temporal,4,cf_rmse_age,0.12890673728485263,0.12718159824630276,0.0017251390385498722
C06_component_beta_mixture,S3,age_temporal,4,cf_rmse_lag,0.1004938295679008,0.0988402295274539,0.001653600040446901
C06_component_beta_mixture,S3,age_temporal,4,delta_bce_beta0,0.006662356965365657,0.006502716635346628,0.00015964033001902855
C06_component_beta_mixture,S3,age_temporal,4,delta_bce_full_age_shuffle,0.021554164494170136,0.020386240880757966,0.0011679236134121695
C06_component_beta_mixture,S3,age_temporal,4,delta_bce_gate_age_shuffle,0.011076145536680904,0.010077773738828955,0.000998371797851949
C06_component_beta_mixture,S3,age_temporal,4,gate_signal_correlation,0.788834305554495,0.6867565264378923,0.10207777911660265
C06_component_beta_mixture,S3,age_temporal,4,gate_signal_mae,0.14437288689372757,0.17277424500303518,-0.028401358109307606
C06_component_beta_mixture,S3,age_temporal,4,gate_signal_rmse,0.17365534530655857,0.22133661861902024,-0.047681273312461664
C06_component_beta_mixture,S3,age_temporal,4,surface_rmse,0.15684980962536918,0.15035266242736883,0.006497147198000347
C06_component_beta_mixture,S3,matched,0,delta_auprc_at_minus_to,0.011598755564161678,0.011015962793962664,0.0005827927701990143
C06_component_beta_mixture,S3,matched,0,delta_auroc_at_minus_to,0.004462276957931222,0.0034715404548417705,0.000990736503089451
C06_component_beta_mixture,S3,matched,0,delta_bce_to_minus_at,0.005145667071752569,0.004519074516300237,0.0006265925554523322
C06_component_beta_mixture,S3,matched,1,delta_auprc_at_minus_to,0.0076897492320088245,0.010012412430804418,-0.0023226631987955937
C06_component_beta_mixture,S3,matched,1,delta_auroc_at_minus_to,0.0004032692334764443,0.003020566248745249,-0.0026172970152688046
C06_component_beta_mixture,S3,matched,1,delta_bce_to_minus_at,0.002892401433554681,0.004001850591326683,-0.0011094491577720023
C06_component_beta_mixture,S3,matched,2,delta_auprc_at_minus_to,0.009668886255367992,0.010823017146969871,-0.0011541308916018789
C06_component_beta_mixture,S3,matched,2,delta_auroc_at_minus_to,0.003336050482323216,0.0034475656108131636,-0.00011151512848994738
C06_component_beta_mixture,S3,matched,2,delta_bce_to_minus_at,0.004106896562062978,0.004544821021969236,-0.00043792445990625817
C06_component_beta_mixture,S3,matched,3,delta_auprc_at_minus_to,0.012206289632510137,0.011292740097252119,0.0009135495352580181
C06_component_beta_mixture,S3,matched,3,delta_auroc_at_minus_to,0.003937112784765606,0.004068423211457839,-0.0001313104266922327
C06_component_beta_mixture,S3,matched,3,delta_bce_to_minus_at,0.0050210237334658014,0.0047703589072232155,0.0002506648262425859
C06_component_beta_mixture,S3,matched,4,delta_auprc_at_minus_to,0.011354124619006756,0.01117895101350641,0.000175173605500345
C06_component_beta_mixture,S3,matched,4,delta_auroc_at_minus_to,0.003471198822400212,0.005503051710528117,-0.002031852888127905
C06_component_beta_mixture,S3,matched,4,delta_bce_to_minus_at,0.00432331143737319,0.0044284793125844435,-0.00010516787521125393
C06_component_beta_mixture,S3,temporal_only,0,abs_beta_mean,0.0,0.0,0.0
C06_component_beta_mixture,S3,temporal_only,0,auprc,0.5188151287896042,0.5216313699507381,-0.002816241161133881
C06_component_beta_mixture,S3,temporal_only,0,auroc,0.7288330705630662,0.7300447729909365,-0.001211702427870276
C06_component_beta_mixture,S3,temporal_only,0,bce,0.4927527577802497,0.49174351201849487,0.0010092457617548178
C06_component_beta_mixture,S3,temporal_only,0,beta_mean,0.0,0.0,0.0
C06_component_beta_mixture,S3,temporal_only,0,cf_rmse_age,0.12200348415862623,0.13165706924189888,-0.009653585083272645
C06_component_beta_mixture,S3,temporal_only,0,cf_rmse_lag,0.09612878276154604,0.08871319993757107,0.0074155828239749755
C06_component_beta_mixture,S3,temporal_only,0,delta_bce_beta0,0.0,0.0,0.0
C06_component_beta_mixture,S3,temporal_only,0,delta_bce_full_age_shuffle,0.009381148673617667,0.009376257387607612,4.89128601005584e-06
C06_component_beta_mixture,S3,temporal_only,0,delta_bce_gate_age_shuffle,0.0,0.0,0.0
C06_component_beta_mixture,S3,temporal_only,0,gate_signal_correlation,0.5671207233453787,0.48565514142147426,0.0814655819239044
C06_component_beta_mixture,S3,temporal_only,0,gate_signal_mae,0.20247461098083866,0.22380085849561673,-0.021326247514778074
C06_component_beta_mixture,S3,temporal_only,0,gate_signal_rmse,0.23786104856096463,0.2735857891049966,-0.03572474054403196
C06_component_beta_mixture,S3,temporal_only,0,surface_rmse,0.15415523561577626,0.14740168905242296,0.006753546563353308
C06_component_beta_mixture,S3,temporal_only,1,abs_beta_mean,0.0,0.0,0.0
C06_component_beta_mixture,S3,temporal_only,1,auprc,0.5174649085708037,0.5186274606930832,-0.0011625521222794477
C06_component_beta_mixture,S3,temporal_only,1,auroc,0.7303657742250049,0.7303187452484924,4.702897651254201e-05
C06_component_beta_mixture,S3,temporal_only,1,bce,0.4926213264986993,0.49210668243469263,0.0005146440640066419
C06_component_beta_mixture,S3,temporal_only,1,beta_mean,0.0,0.0,0.0
C06_component_beta_mixture,S3,temporal_only,1,cf_rmse_age,0.13424829275277042,0.12638658437210373,0.007861708380666688
C06_component_beta_mixture,S3,temporal_only,1,cf_rmse_lag,0.10176915429667428,0.09540417221367195,0.006364982083002332
C06_component_beta_mixture,S3,temporal_only,1,delta_bce_beta0,0.0,0.0,0.0
C06_component_beta_mixture,S3,temporal_only,1,delta_bce_full_age_shuffle,0.008100890366780189,0.007643986785702717,0.0004569035810774724
C06_component_beta_mixture,S3,temporal_only,1,delta_bce_gate_age_shuffle,0.0,0.0,0.0
C06_component_beta_mixture,S3,temporal_only,1,gate_signal_correlation,0.5672106553987333,0.47643099737292194,0.09077965802581134
C06_component_beta_mixture,S3,temporal_only,1,gate_signal_mae,0.2016325235366143,0.22953904204420675,-0.02790651850759246
C06_component_beta_mixture,S3,temporal_only,1,gate_signal_rmse,0.2371609850214079,0.28044529005308716,-0.043284305031679265
C06_component_beta_mixture,S3,temporal_only,1,surface_rmse,0.17190068436973324,0.16834549926456685,0.003555185105166392
C06_component_beta_mixture,S3,temporal_only,2,abs_beta_mean,0.0,0.0,0.0
C06_component_beta_mixture,S3,temporal_only,2,auprc,0.518611284090687,0.519248866134369,-0.0006375820436820279
C06_component_beta_mixture,S3,temporal_only,2,auroc,0.7294085734284539,0.7290564279149371,0.00035214551351681056
C06_component_beta_mixture,S3,temporal_only,2,bce,0.49264800346131543,0.492780767159814,-0.0001327636984985725
C06_component_beta_mixture,S3,temporal_only,2,beta_mean,0.0,0.0,0.0
C06_component_beta_mixture,S3,temporal_only,2,cf_rmse_age,0.13079143989765418,0.12710381325262518,0.003687626645029002
C06_component_beta_mixture,S3,temporal_only,2,cf_rmse_lag,0.09608109815500361,0.0987527474458358,-0.00267164929083219
C06_component_beta_mixture,S3,temporal_only,2,delta_bce_beta0,0.0,0.0,0.0
C06_component_beta_mixture,S3,temporal_only,2,delta_bce_full_age_shuffle,0.0114591996791501,0.011647029998739455,-0.00018783031958935492
C06_component_beta_mixture,S3,temporal_only,2,delta_bce_gate_age_shuffle,0.0,0.0,0.0
C06_component_beta_mixture,S3,temporal_only,2,gate_signal_correlation,0.5672053939973691,0.48723055643509694,0.0799748375622722
C06_component_beta_mixture,S3,temporal_only,2,gate_signal_mae,0.20168183200946288,0.22771050395816106,-0.02602867194869818
C06_component_beta_mixture,S3,temporal_only,2,gate_signal_rmse,0.2372015753199045,0.2768773955112718,-0.039675820191367284
C06_component_beta_mixture,S3,temporal_only,2,surface_rmse,0.1709264932543125,0.159020858801684,0.011905634452628489
C06_component_beta_mixture,S3,temporal_only,3,abs_beta_mean,0.0,0.0,0.0
C06_component_beta_mixture,S3,temporal_only,3,auprc,0.5191781789727398,0.5248346636200738,-0.005656484647334037
C06_component_beta_mixture,S3,temporal_only,3,auroc,0.7303206932802861,0.7322029862697437,-0.0018822929894575235
C06_component_beta_mixture,S3,temporal_only,3,bce,0.4927868851113606,0.49046434369018743,0.002322541421173163
C06_component_beta_mixture,S3,temporal_only,3,beta_mean,0.0,0.0,0.0
C06_component_beta_mixture,S3,temporal_only,3,cf_rmse_age,0.15622190869252975,0.1677658125192229,-0.011543903826693153
C06_component_beta_mixture,S3,temporal_only,3,cf_rmse_lag,0.12660650818720257,0.13191660763387578,-0.005310099446673211
C06_component_beta_mixture,S3,temporal_only,3,delta_bce_beta0,0.0,0.0,0.0
C06_component_beta_mixture,S3,temporal_only,3,delta_bce_full_age_shuffle,0.008875866987030578,0.008836378738868389,3.948824816218943e-05
C06_component_beta_mixture,S3,temporal_only,3,delta_bce_gate_age_shuffle,0.0,0.0,0.0
C06_component_beta_mixture,S3,temporal_only,3,gate_signal_correlation,0.5671310247294298,0.49855495136439837,0.06857607336503141
C06_component_beta_mixture,S3,temporal_only,3,gate_signal_mae,0.20237830893270797,0.22221492310831875,-0.01983661417561078
C06_component_beta_mixture,S3,temporal_only,3,gate_signal_rmse,0.23778018824289368,0.2691797801957582,-0.03139959195286454
C06_component_beta_mixture,S3,temporal_only,3,surface_rmse,0.21344069025445797,0.21707777141272036,-0.0036370811582623896
C06_component_beta_mixture,S3,temporal_only,4,abs_beta_mean,0.0,0.0,0.0
C06_component_beta_mixture,S3,temporal_only,4,auprc,0.5147395680007619,0.5141822071415257,0.0005573608592361889
C06_component_beta_mixture,S3,temporal_only,4,auroc,0.7282382424469489,0.7264143807196025,0.0018238617273463875
C06_component_beta_mixture,S3,temporal_only,4,bce,0.4937326693290566,0.49417454261230387,-0.000441873283247296
C06_component_beta_mixture,S3,temporal_only,4,beta_mean,0.0,0.0,0.0
C06_component_beta_mixture,S3,temporal_only,4,cf_rmse_age,0.13548100251174752,0.14476478873374138,-0.009283786221993856
C06_component_beta_mixture,S3,temporal_only,4,cf_rmse_lag,0.10473947686320785,0.1147622276315806,-0.010022750768372751
C06_component_beta_mixture,S3,temporal_only,4,delta_bce_beta0,0.0,0.0,0.0
C06_component_beta_mixture,S3,temporal_only,4,delta_bce_full_age_shuffle,0.008917266456179851,0.009056919754683035,-0.00013965329850318398
C06_component_beta_mixture,S3,temporal_only,4,delta_bce_gate_age_shuffle,0.0,0.0,0.0
C06_component_beta_mixture,S3,temporal_only,4,gate_signal_correlation,0.5671426001608406,0.4826972056371729,0.08444539452366773
C06_component_beta_mixture,S3,temporal_only,4,gate_signal_mae,0.20226989720194152,0.22933379284300542,-0.0270638956410639
C06_component_beta_mixture,S3,temporal_only,4,gate_signal_rmse,0.2376895482240412,0.2794839702770729,-0.04179442205303169
C06_component_beta_mixture,S3,temporal_only,4,surface_rmse,0.16021946540628512,0.16667019472094116,-0.00645072931465604
