tree
version=v4
num_class=1
num_tree_per_iteration=1
label_index=0
max_feature_idx=567
objective=binary sigmoid:1
feature_names=Column_0 Column_1 Column_2 Column_3 Column_4 Column_5 Column_6 Column_7 Column_8 Column_9 Column_10 Column_11 Column_12 Column_13 Column_14 Column_15 Column_16 Column_17 Column_18 Column_19 Column_20 Column_21 Column_22 Column_23 Column_24 Column_25 Column_26 Column_27 Column_28 Column_29 Column_30 Column_31 Column_32 Column_33 Column_34 Column_35 Column_36 Column_37 Column_38 Column_39 Column_40 Column_41 Column_42 Column_43 Column_44 Column_45 Column_46 Column_47 Column_48 Column_49 Column_50 Column_51 Column_52 Column_53 Column_54 Column_55 Column_56 Column_57 Column_58 Column_59 Column_60 Column_61 Column_62 Column_63 Column_64 Column_65 Column_66 Column_67 Column_68 Column_69 Column_70 Column_71 Column_72 Column_73 Column_74 Column_75 Column_76 Column_77 Column_78 Column_79 Column_80 Column_81 Column_82 Column_83 Column_84 Column_85 Column_86 Column_87 Column_88 Column_89 Column_90 Column_91 Column_92 Column_93 Column_94 Column_95 Column_96 Column_97 Column_98 Column_99 Column_100 Column_101 Column_102 Column_103 Column_104 Column_105 Column_106 Column_107 Column_108 Column_109 Column_110 Column_111 Column_112 Column_113 Column_114 Column_115 Column_116 Column_117 Column_118 Column_119 Column_120 Column_121 Column_122 Column_123 Column_124 Column_125 Column_126 Column_127 Column_128 Column_129 Column_130 Column_131 Column_132 Column_133 Column_134 Column_135 Column_136 Column_137 Column_138 Column_139 Column_140 Column_141 Column_142 Column_143 Column_144 Column_145 Column_146 Column_147 Column_148 Column_149 Column_150 Column_151 Column_152 Column_153 Column_154 Column_155 Column_156 Column_157 Column_158 Column_159 Column_160 Column_161 Column_162 Column_163 Column_164 Column_165 Column_166 Column_167 Column_168 Column_169 Column_170 Column_171 Column_172 Column_173 Column_174 Column_175 Column_176 Column_177 Column_178 Column_179 Column_180 Column_181 Column_182 Column_183 Column_184 Column_185 Column_186 Column_187 Column_188 Column_189 Column_190 Column_191 Column_192 Column_193 Column_194 Column_195 Column_196 Column_197 Column_198 Column_199 Column_200 Column_201 Column_202 Column_203 Column_204 Column_205 Column_206 Column_207 Column_208 Column_209 Column_210 Column_211 Column_212 Column_213 Column_214 Column_215 Column_216 Column_217 Column_218 Column_219 Column_220 Column_221 Column_222 Column_223 Column_224 Column_225 Column_226 Column_227 Column_228 Column_229 Column_230 Column_231 Column_232 Column_233 Column_234 Column_235 Column_236 Column_237 Column_238 Column_239 Column_240 Column_241 Column_242 Column_243 Column_244 Column_245 Column_246 Column_247 Column_248 Column_249 Column_250 Column_251 Column_252 Column_253 Column_254 Column_255 Column_256 Column_257 Column_258 Column_259 Column_260 Column_261 Column_262 Column_263 Column_264 Column_265 Column_266 Column_267 Column_268 Column_269 Column_270 Column_271 Column_272 Column_273 Column_274 Column_275 Column_276 Column_277 Column_278 Column_279 Column_280 Column_281 Column_282 Column_283 Column_284 Column_285 Column_286 Column_287 Column_288 Column_289 Column_290 Column_291 Column_292 Column_293 Column_294 Column_295 Column_296 Column_297 Column_298 Column_299 Column_300 Column_301 Column_302 Column_303 Column_304 Column_305 Column_306 Column_307 Column_308 Column_309 Column_310 Column_311 Column_312 Column_313 Column_314 Column_315 Column_316 Column_317 Column_318 Column_319 Column_320 Column_321 Column_322 Column_323 Column_324 Column_325 Column_326 Column_327 Column_328 Column_329 Column_330 Column_331 Column_332 Column_333 Column_334 Column_335 Column_336 Column_337 Column_338 Column_339 Column_340 Column_341 Column_342 Column_343 Column_344 Column_345 Column_346 Column_347 Column_348 Column_349 Column_350 Column_351 Column_352 Column_353 Column_354 Column_355 Column_356 Column_357 Column_358 Column_359 Column_360 Column_361 Column_362 Column_363 Column_364 Column_365 Column_366 Column_367 Column_368 Column_369 Column_370 Column_371 Column_372 Column_373 Column_374 Column_375 Column_376 Column_377 Column_378 Column_379 Column_380 Column_381 Column_382 Column_383 Column_384 Column_385 Column_386 Column_387 Column_388 Column_389 Column_390 Column_391 Column_392 Column_393 Column_394 Column_395 Column_396 Column_397 Column_398 Column_399 Column_400 Column_401 Column_402 Column_403 Column_404 Column_405 Column_406 Column_407 Column_408 Column_409 Column_410 Column_411 Column_412 Column_413 Column_414 Column_415 Column_416 Column_417 Column_418 Column_419 Column_420 Column_421 Column_422 Column_423 Column_424 Column_425 Column_426 Column_427 Column_428 Column_429 Column_430 Column_431 Column_432 Column_433 Column_434 Column_435 Column_436 Column_437 Column_438 Column_439 Column_440 Column_441 Column_442 Column_443 Column_444 Column_445 Column_446 Column_447 Column_448 Column_449 Column_450 Column_451 Column_452 Column_453 Column_454 Column_455 Column_456 Column_457 Column_458 Column_459 Column_460 Column_461 Column_462 Column_463 Column_464 Column_465 Column_466 Column_467 Column_468 Column_469 Column_470 Column_471 Column_472 Column_473 Column_474 Column_475 Column_476 Column_477 Column_478 Column_479 Column_480 Column_481 Column_482 Column_483 Column_484 Column_485 Column_486 Column_487 Column_488 Column_489 Column_490 Column_491 Column_492 Column_493 Column_494 Column_495 Column_496 Column_497 Column_498 Column_499 Column_500 Column_501 Column_502 Column_503 Column_504 Column_505 Column_506 Column_507 Column_508 Column_509 Column_510 Column_511 Column_512 Column_513 Column_514 Column_515 Column_516 Column_517 Column_518 Column_519 Column_520 Column_521 Column_522 Column_523 Column_524 Column_525 Column_526 Column_527 Column_528 Column_529 Column_530 Column_531 Column_532 Column_533 Column_534 Column_535 Column_536 Column_537 Column_538 Column_539 Column_540 Column_541 Column_542 Column_543 Column_544 Column_545 Column_546 Column_547 Column_548 Column_549 Column_550 Column_551 Column_552 Column_553 Column_554 Column_555 Column_556 Column_557 Column_558 Column_559 Column_560 Column_561 Column_562 Column_563 Column_564 Column_565 Column_566 Column_567
feature_infos=[2.0013689994812012:17.993154525756836] [-0.7776256799697876:0.99923950433731079] none none none [0:1] [0:1] [0:1] [0:1] [0:1] [0:1] [0:1] [0:1] [0:1] [0:1] [0:1] [0:1] [0:1] [0:1] [0:1] [0:1] [0:1] [0:1] [0:1] [0:1] [0:1] [0:1] [0:1] [0:1] [0:1] [0:1] [0:1] [0:1] [0:1] [0:1] [0:1] [0:1] [0:1] [0:1] [0:1] [0:1] [0:1] [0:1] [0:1] [0:1] [0:1] [0:1] [0:1] [0:1] [0:1] [0:1] [0:1] [0:1] [0:1] [0:1] [0:1] [0:1] [0:1] [0:1] [0:1] [0:1] [0:1] [0:1] [0:1] [0:1] [0:1] [0:1] [0:1] [0:1] [0:1] [0:1] [0:1] [0:1] [0:1] [0:1] [0:1] [0:1] [0:1] [0:1] [0:1] [0:1] [0:1] [0:1] [0:1] [0:1] [0:1] [0:1] [0:1] [0:1] [0:1] [0:1] [0:1] [0:1] [0:1] [0:1] [0:1] [0:1] [0:1] [0:1] [0:1] [0:1] [0:1] [0:1] [0:1] [0:1] [0:1] [0:1] [0:1] [0:1] none none none none [0:1] [0:1] none [0:1] none [0:1] none none [0:1] none none none none [0:1] [0:1] [0:1] [0:1] [0:1] none [0:1] [0:1] [0:1] [0:1] none [0:1] [0:1] [0:1] [0:1] [0:1] [0:1] [0:1] [0:1] [0:1] [0:1] [0:1] [0:1] [0:1] [0:1] [0:1] [0:1] [0:1] [0:1] [0:1] [0:1] none none none none none none none none none none [0:1] [0:1] none none none none none [0:1] [0:1] [0:1] [0:1] [0:1] [0:1] [0:1] [0:1] [0:1] [0:1] [0:1] [0:1] [0:1] [0:1] [0:1] [0:1] [0:1] [0:1] [0:1] [0:1] [0:1] [0:1] [0:1] [0:1] [0:1] [0:1] [0:1] [0:1] none none [0:1] [0:1] [0:1] none [0:1] [0:1] [0:1] [0:1] [0:1] none [0:1] none none [0:1] none [0:1] [0:1] [0:1] [0:1] [0:1] [0:1] [0:1] [0:1] [0:1] [0:1] [0:1] [0:1] [0:1] [0:1] [0:1] [0:1] [0:1] [0:1] [0:1] [0:1] [0:1] [0:1] [0:1] [0:1] [0:1] none none none none none none none none none none none none none none none none none [0:1] [0:1] [0:1] [0:1] [0:1] [0:1] [0:1] [0:1] [0:1] [0:1] none [0:1] [0:1] [0:1] [0:1] none [0:1] [0:1] none none none [0:1] [0:1] none none none none none [0:1] [0:1] [0:1] [0:1] [0:1] [0:1] [0:1] none none none [0:1] none [0:1] [0:1] [0:1] none [0:1] [0:1] [0:1] [0:1] none none [0:1] [0:1] none none none none [0:1] [0:1] none none none [0:1] none none [0:1] [0:1] none none [0:1] [0:1] none none none none none none none none none none none none none none none none none none none none none none none none none none none none none none none none none none none none none none none none none none none none none none none none none none none none none none none none none none none none none none none none none none none none none none none none none none none none none none none none none none none none none none none none none none none none none none none none none none none none none none none none none none none none none none none none none none none none none none none none none none none none none none none none none none none none none none none none none none none none none none none none none none none none none none none none none none none none none none none none none none none none none none none none none none none none none none none none none none none none none none none none none none none none none none none none none none none none none none none none none none none none none none none none none none none none none none none none none none none none none none none none none none none none none none none none none none none none none
tree_sizes=3391 3450 3454 3463 3484 3467 3445 3451 3482 3458 3454 3441 3482 3476 3498 3449 3466 3465 3451 3484 3461 3457 3449 3506 3483 3460

Tree=0
num_leaves=31
num_cat=0
split_feature=0 1 0 23 0 101 23 0 63 14 10 7 0 47 1 0 108 5 61 6 13 15 54 69 5 55 6 35 8 39
split_gain=273.807 40.3687 35.5691 9.90307 8.01482 7.72235 7.27995 8.91162 9.06761 6.74698 6.70339 6.38349 5.55639 5.41346 5.62302 5.41323 8.81455 6.16149 5.25921 5.19948 9.76172 8.13258 6.83369 4.46408 4.31163 7.3754 6.00476 6.54188 7.91412 5.3825
threshold=11.560575008392336 -0.16723705083131787 16.223134994506839 1.0000000180025095e-35 12.510609149932863 1.0000000180025095e-35 1.0000000180025095e-35 17.30732345581055 1.0000000180025095e-35 1.0000000180025095e-35 1.0000000180025095e-35 1.0000000180025095e-35 16.041068077087406 1.0000000180025095e-35 0.94737243652343761 13.351129055023195 1.0000000180025095e-35 1.0000000180025095e-35 1.0000000180025095e-35 1.0000000180025095e-35 1.0000000180025095e-35 1.0000000180025095e-35 1.0000000180025095e-35 1.0000000180025095e-35 1.0000000180025095e-35 1.0000000180025095e-35 1.0000000180025095e-35 1.0000000180025095e-35 1.0000000180025095e-35 1.0000000180025095e-35
decision_type=2 2 2 2 2 2 2 2 2 2 2 2 2 2 2 2 2 2 2 2 2 2 2 2 2 2 2 2 2 2
left_child=1 -1 3 4 -2 9 18 19 13 12 -6 -12 -5 14 -9 16 17 -11 -4 22 21 -21 23 -8 26 -26 29 -28 -29 -3
right_child=2 24 6 5 10 -7 7 8 -10 15 11 -13 -14 -15 -16 -17 -18 -19 -20 20 -22 -23 -24 -25 25 -27 27 28 -30 -31
leaf_value=-1.1470204172691654 -1.1109342313987456 -1.0464168880142424 -0.93327852902937936 -1.0463676411412388 -0.99684971846522608 -1.1707553929736294 -1.0580155115440408 -0.85768035780837282 -1.0624254048652662 -1.0958145971545443 -0.80970459530273342 -0.97422753844075816 -1.1663728902941508 -0.8504113028832756 -0.98157736064280043 -0.99405619546065649 -0.89925935197992624 -1.0080781280191784 -0.80262516789742167 -0.83458091660195377 -1.0489806081542132 -1.0096984195027885 -1.0806949629103428 -0.9210494130965694 -1.0584678082949357 -1.1244395296949985 -1.1229916612390582 -1.1023528173682531 -0.92812410826431069 -1.1061234386846817
leaf_weight=346.94716823101044 3.779380917549136 55.178961396217346 10.582266569137571 139.08121776580811 14.550616532564163 4.3462880551815024 3.7793809175491333 5.2911332845687964 4.5352571010589591 19.84174981713295 4.9131951928138733 4.53525710105896 3.9683499634265891 9.8263903856277448 11.905049890279768 52.533394753932953 3.7793809175491324 13.416802257299421 4.3462880551815024 6.8028856515884417 7.7477308809757224 4.3462880551815033 13.227833211421967 6.4249475598335266 22.10937836766243 72.564113616943359 44.78566387295723 6.9918546974658948 4.1573190093040466 20.786595046520233
leaf_count=1836 20 292 56 736 77 23 20 28 24 105 26 24 21 52 63 278 20 71 23 36 41 23 70 34 117 384 237 37 22 110
internal_value=-1.08291 -1.12558 -1.0137 -1.03207 -0.975578 -1.03869 -0.958934 -0.971803 -0.931581 -1.03622 -0.954261 -0.888676 -1.0497 -0.909621 -0.943455 -1.0147 -1.04398 -1.06042 -0.89524 -1.00179 -0.962762 -0.902847 -1.03326 -0.971778 -1.09275 -1.10903 -1.08106 -1.10593 -1.03739 -1.06275
internal_weight=927.082 573.521 353.561 264.746 27.7784 236.967 88.8155 73.8869 31.5578 232.621 23.9991 9.44845 143.05 27.0226 17.1962 89.5713 37.0379 33.2586 14.9286 42.3291 18.8969 11.1492 23.4322 10.2043 226.574 94.6735 131.9 55.9348 11.1492 75.9656
internal_count=4906 3035 1871 1401 147 1254 470 391 167 1231 127 50 757 143 91 474 196 176 79 224 100 59 124 54 1199 501 698 296 59 402
is_linear=0
shrinkage=1


Tree=1
num_leaves=31
num_cat=0
split_feature=1 0 23 0 1 71 34 15 63 48 178 113 65 99 67 73 11 81 5 7 6 5 82 69 91 0 10 12 82 47
split_gain=218.598 44.293 12.7615 11.8597 10.7598 8.38684 7.26523 6.22257 6.19515 6.17948 5.85651 4.74542 4.55192 5.23143 4.69804 4.39615 6.71174 8.29838 10.2913 4.18518 12.1828 9.35572 7.57703 4.63073 4.06853 3.92347 7.94489 4.1747 3.51413 3.37437
threshold=0.039622785523533828 14.752909183502199 1.0000000180025095e-35 17.30732345581055 -0.18701041489839551 1.0000000180025095e-35 1.0000000180025095e-35 1.0000000180025095e-35 1.0000000180025095e-35 1.0000000180025095e-35 1.0000000180025095e-35 1.0000000180025095e-35 1.0000000180025095e-35 1.0000000180025095e-35 1.0000000180025095e-35 1.0000000180025095e-35 1.0000000180025095e-35 1.0000000180025095e-35 1.0000000180025095e-35 1.0000000180025095e-35 1.0000000180025095e-35 1.0000000180025095e-35 1.0000000180025095e-35 1.0000000180025095e-35 1.0000000180025095e-35 15.464749813079836 1.0000000180025095e-35 1.0000000180025095e-35 1.0000000180025095e-35 1.0000000180025095e-35
decision_type=2 2 2 2 2 2 2 2 2 2 2 2 2 2 2 2 2 2 2 2 2 2 2 2 2 2 2 2 2 2
left_child=4 5 9 12 -1 10 -6 -8 29 -3 11 -2 15 14 -14 19 17 18 -17 22 21 -21 25 -22 28 -4 27 -27 -7 -5
right_child=1 2 3 8 6 24 7 -9 -10 -11 -12 -13 13 -15 -16 16 -18 -19 -20 20 23 -23 -24 -25 -26 26 -28 -29 -30 -31
leaf_value=-0.060272409685115894 0.016197227216530198 0.050186024086292018 0.0098788667926802617 0.11712167841221084 -0.036588620361631616 0.044259682699621522 -0.0059843000815667929 0.11436400534184313 0.018242415960211162 0.17030092459104984 -0.1092323363194488 -0.04743055650709669 0.16882727955282739 0.0092890862368682266 0.073545570562196502 0.15138321445385061 -0.038676301899373051 -0.057697631434347134 -0.0066124485553385711 0.039475388622552725 0.027832363577284209 -0.13548058940843208 0.21407362464981469 0.15969143988679427 0.13140760252379655 0.20187230100132064 0.018693865420958924 0.070685748219858763 -0.0055392145397523476 0.18735790547199371
leaf_weight=328.73684500157833 153.72244104743004 5.2706152647733715 7.5554132461547914 18.347116559743881 90.921523734927177 117.83968296647072 14.873996868729593 6.0412119179964057 4.5810298919677725 22.860025629401207 4.1280558854341498 12.688973009586332 9.812254741787914 5.5511196404695502 10.949441879987717 10.092252686619764 12.378590792417524 5.1773774027824393 6.9698326587676993 7.4009247124195099 4.2713655382394791 5.2067906856536865 4.2837205827236167 7.0746820122003555 4.86048699915409 6.4909799098968524 7.6901906579732886 3.8732139617204666 16.107157975435257 10.906386911869051
leaf_count=1797 812 26 39 91 485 609 79 32 24 112 22 67 50 29 56 52 64 27 36 38 22 27 22 36 25 33 39 20 83 52
internal_value=-0.00014074 0.0460988 0.0860344 0.0743436 -0.0511573 0.0232818 -0.0243641 0.0287775 0.126374 0.147796 0.00842688 0.0113456 0.059006 0.0955209 0.118577 0.0481451 0.0203428 0.0531932 0.0868423 0.066019 0.0348748 -0.0327787 0.0909749 0.110051 0.0415326 0.0703843 0.0957047 0.152846 0.0382713 0.143307
internal_weight=926.664 486.09 176.743 148.613 440.574 309.347 111.837 20.9152 33.8345 28.1306 170.539 166.411 114.778 26.3128 20.7617 88.4653 34.6181 22.2395 17.0621 53.8473 23.9538 12.6077 29.8935 11.346 138.807 25.6098 18.0544 10.3642 133.947 29.2535
internal_count=4906 2513 895 757 2393 1618 596 111 167 138 901 879 590 135 106 455 179 115 88 276 123 65 153 58 717 131 92 53 692 143
is_linear=0
shrinkage=0.1


Tree=2
num_leaves=31
num_cat=0
split_feature=1 0 23 0 1 34 108 20 15 22 22 54 95 82 174 15 63 312 206 67 11 6 9 11 45 1 0 51 7 9
split_gain=177.738 33.8452 9.72583 10.1672 9.39847 5.97129 5.72927 5.5794 5.28409 6.97627 5.13259 4.99499 5.34162 4.856 4.71946 4.69591 4.45889 4.15082 4.68909 4.00104 3.99577 5.73717 4.26388 3.82805 8.21424 7.16561 7.83261 6.74607 5.44678 5.1596
threshold=0.039622785523533828 13.726214885711672 1.0000000180025095e-35 17.30732345581055 -0.18701041489839551 1.0000000180025095e-35 1.0000000180025095e-35 1.0000000180025095e-35 1.0000000180025095e-35 1.0000000180025095e-35 1.0000000180025095e-35 1.0000000180025095e-35 1.0000000180025095e-35 1.0000000180025095e-35 1.0000000180025095e-35 1.0000000180025095e-35 1.0000000180025095e-35 1.0000000180025095e-35 1.0000000180025095e-35 1.0000000180025095e-35 1.0000000180025095e-35 1.0000000180025095e-35 1.0000000180025095e-35 1.0000000180025095e-35 1.0000000180025095e-35 0.70035743713378917 15.034907817840578 1.0000000180025095e-35 1.0000000180025095e-35 1.0000000180025095e-35
decision_type=2 2 2 2 2 2 2 2 2 2 2 2 2 2 2 2 2 2 2 2 2 2 2 2 2 2 2 2 2 2
left_child=4 6 13 17 -1 -6 7 8 9 14 -10 -8 19 20 -2 -7 -5 18 23 -13 22 -22 -3 25 -25 26 -4 -26 29 -27
right_child=1 2 3 16 5 15 11 -9 10 -11 -12 12 -14 -15 -16 -17 -18 -19 -20 -21 21 -23 -24 24 27 28 -28 -29 -30 -31
leaf_value=-0.05609952203189536 0.012102987893856224 0.19732160230789331 0.068122844077719222 0.12157351733738463 -0.033579855924271901 -0.0054028060282651589 -0.03300532122814754 0.12334637822045234 -0.0059376913089717563 0.13877622785164484 -0.11303856933979245 0.1024243911896725 0.16688535001418728 0.023819382912744963 0.11918694686580718 0.097219977446624944 0.016266194524735295 0.14737777607427691 0.13158435615514061 0.0041154676794660705 0.024286100421971737 0.17273367717138061 0.096769636765283065 0.0048595592583354687 -0.017941498215968823 0.018643629473375816 0.18723315917513655 0.13250562018364284 -0.0052586714232134985 0.10199420827005795
leaf_weight=318.42369519174099 128.38660065829754 11.638897344470026 38.877172887325287 30.9300177693367 89.252129435539246 14.829820796847345 4.8497461676597622 4.2491922676563254 80.490001946687698 4.7579837888479224 4.7379557192325583 7.9624881446361586 5.2695526778697959 4.804258704185485 4.252001777291297 6.3760554492473593 4.6215566396713248 4.1987400501966468 6.2689250558614722 8.6233517825603485 6.4520980715751666 4.3646181225776672 6.6135034263133994 49.328464359045029 4.1536553055047962 15.232032313942909 6.4346428811550131 10.552169680595398 23.343788623809814 14.493310511112213
leaf_count=1797 669 54 196 143 485 79 25 22 419 25 25 41 27 23 21 32 24 21 31 45 30 20 31 251 21 76 32 51 118 72
internal_value=-0.000239985 0.040531 0.0672568 0.0591803 -0.0473807 -0.0222466 0.0149932 0.00983616 0.00766961 0.0198035 -0.0118916 0.0588046 0.0791774 0.116954 0.0155358 0.0254532 0.107884 0.0491649 0.0467202 0.0513114 0.132347 0.0841857 0.160888 0.0434446 0.0244153 0.0558305 0.0850375 0.0900119 0.0308929 0.0592832
internal_weight=924.768 495.887 242.308 208.434 428.882 110.458 253.579 226.874 222.625 137.397 85.228 26.7051 21.8554 33.8734 132.639 21.2059 35.5516 172.883 168.684 16.5858 29.0691 10.8167 18.2524 162.415 64.0343 98.3809 45.3118 14.7058 53.0691 29.7253
internal_count=4906 2513 1194 1036 2393 596 1319 1181 1159 715 444 138 113 158 690 111 167 869 848 86 135 50 85 817 323 494 228 72 266 148
is_linear=0
shrinkage=0.1


Tree=3
num_leaves=31
num_cat=0
split_feature=1 0 23 0 1 34 0 108 113 178 95 8 49 84 8 14 140 67 0 62 62 82 74 128 0 13 63 81 7 11
split_gain=144.862 26.5544 8.57567 8.68546 8.18518 4.90883 4.49166 4.16002 5.01286 5.63402 4.83611 5.04549 4.61073 4.02702 3.56775 4.31051 4.09467 3.73857 5.55586 4.5792 3.57393 3.43249 3.32655 4.25682 3.37858 3.35143 3.31469 3.1284 4.78523 3.07514
threshold=0.039622785523533828 13.096509456634523 1.0000000180025095e-35 17.30732345581055 -0.18701041489839551 1.0000000180025095e-35 7.6317591667175302 1.0000000180025095e-35 1.0000000180025095e-35 1.0000000180025095e-35 1.0000000180025095e-35 1.0000000180025095e-35 1.0000000180025095e-35 1.0000000180025095e-35 1.0000000180025095e-35 1.0000000180025095e-35 1.0000000180025095e-35 1.0000000180025095e-35 14.017796039581301 1.0000000180025095e-35 1.0000000180025095e-35 1.0000000180025095e-35 1.0000000180025095e-35 1.0000000180025095e-35 7.0266940593719491 1.0000000180025095e-35 1.0000000180025095e-35 1.0000000180025095e-35 1.0000000180025095e-35 1.0000000180025095e-35
decision_type=2 2 2 2 2 2 2 2 2 2 2 2 2 2 2 2 2 2 2 2 2 2 2 2 2 2 2 2 2 2
left_child=4 7 13 14 22 -6 -7 8 9 -2 11 12 -9 21 -4 16 17 -16 -19 -20 -17 29 23 24 25 -1 -5 28 -22 -3
right_child=1 2 3 26 5 6 -8 10 -10 -11 -12 -13 -14 -15 15 20 -18 18 19 -21 27 -23 -24 -25 -26 -27 -28 -29 -30 -31
leaf_value=-0.019516033657742543 0.011612961729995194 0.12387114930280872 0.030235733470894019 0.1047728935613893 -0.030783114815389007 -0.032407907200372149 0.06068807016158731 0.12708207282175749 -0.053640468439787238 -0.10776325504301194 0.11883809442802791 -0.037628628011751666 -0.013222370334158535 0.18459543937373357 0.05715091718220127 0.14295826685442925 0.13195865438167659 -0.083959973417050582 0.11415344875758587 -0.0026432973062743667 0.044012890553621384 0.015101956313406453 -0.070331747553172716 -0.064845233092202345 -0.090720343227488384 -0.050782874489161384 0.014520344102475073 0.0020987353879447068 0.15884604310390046 0.0587937902014967
leaf_weight=83.675614222884178 174.22683975100517 19.524156019091606 126.89227107167244 32.224196523427963 87.708949416875839 8.7714752554893511 12.666454851627348 5.6807323098182714 13.807122454047201 4.0453070104122153 6.9322744756937018 8.1382343024015427 3.9854515343904495 4.7346021980047217 26.018087491393089 8.3803509026765841 4.4254774153232566 5.6870827525854137 4.6974952369928369 11.761699825525284 9.2113103270530718 5.67610079050064 75.943781286478043 80.41106253862381 10.652747601270674 58.074656277894974 4.6574918031692496 5.6495883762836447 5.9877410978078833 11.560581743717195
leaf_count=487 905 87 627 143 485 46 65 29 74 22 34 42 20 21 130 40 22 29 23 59 45 27 442 468 62 338 24 28 29 53
internal_value=-0.000306674 0.0357945 0.055744 0.0486397 -0.043837 -0.0202985 0.0225972 0.00937912 0.00440825 0.00890411 0.0479777 0.0203877 0.0692333 0.0977909 0.0407344 0.0570167 0.039905 0.0314468 0.00124889 0.0306908 0.0878047 0.0866109 -0.0521579 -0.0462296 -0.0364076 -0.032326 0.0933756 0.0656351 0.089252 0.0996685
internal_weight=921.809 503.904 287.088 245.593 417.905 109.147 21.4379 216.816 192.079 178.272 24.7367 17.8044 9.66618 41.4954 208.711 81.8188 52.5898 48.1644 22.1463 16.4592 29.229 36.7608 308.758 232.814 152.403 141.75 36.8817 20.8486 15.1991 31.0847
internal_count=4906 2513 1387 1199 2393 596 111 1126 1001 927 125 91 49 188 1032 405 263 241 111 82 142 167 1797 1355 887 825 167 102 74 140
is_linear=0
shrinkage=0.1


Tree=4
num_leaves=31
num_cat=0
split_feature=1 0 105 1 71 178 0 139 34 0 82 113 8 0 26 1 14 12 80 51 108 62 5 14 8 74 128 0 54 61
split_gain=118.321 20.8282 7.73656 7.11418 4.70945 4.63809 4.3361 5.63177 4.03178 3.55164 3.51131 3.07232 3.18688 3.18312 6.03488 9.18317 5.78336 3.8372 5.43869 4.68179 4.04809 2.98671 9.04965 3.31774 4.27981 2.98384 3.76927 3.01928 2.98101 2.91966
threshold=0.039622785523533828 14.752909183502199 1.0000000180025095e-35 -0.18701041489839551 1.0000000180025095e-35 1.0000000180025095e-35 16.223134994506839 1.0000000180025095e-35 1.0000000180025095e-35 7.6317591667175302 1.0000000180025095e-35 1.0000000180025095e-35 1.0000000180025095e-35 9.8631072044372576 1.0000000180025095e-35 0.066088676452636733 1.0000000180025095e-35 1.0000000180025095e-35 1.0000000180025095e-35 1.0000000180025095e-35 1.0000000180025095e-35 1.0000000180025095e-35 1.0000000180025095e-35 1.0000000180025095e-35 1.0000000180025095e-35 1.0000000180025095e-35 1.0000000180025095e-35 7.0266940593719491 1.0000000180025095e-35 1.0000000180025095e-35
decision_type=2 2 2 2 2 2 2 2 2 2 2 2 2 2 2 2 2 2 2 2 2 2 2 2 2 2 2 2 2 2
left_child=3 4 6 25 5 11 7 -3 -5 -10 -8 13 -13 14 15 -2 -16 18 21 20 -19 22 -15 -23 -25 26 27 29 -20 -1
right_child=1 2 -4 8 -6 -7 10 -9 9 -11 -12 12 -14 17 16 -17 -18 19 28 -21 -22 23 -24 24 -26 -27 -28 -29 -30 -31
leaf_value=-0.036415420038622165 -0.0048471480175607887 0.029243542660070201 0.17526271396140894 -0.028186769216632712 0.029323041803879325 -0.10375711808506703 0.073368643778742956 0.1152503992707103 -0.029658765258578013 0.053055835358745487 -0.00075404220007610153 -0.0026260711261213258 -0.10927248857591253 -0.058418210562258002 -0.046491899259773511 0.18311591816662709 0.088585939127535276 0.0047708727801969745 -2.6533198694609256e-05 0.10396649939139478 0.099409050988456621 -0.052175582334163417 0.11214063838121902 -0.035253462846060721 0.051858552831633847 -0.066037110679076749 -0.060681172057637338 -0.086259571874005223 0.11133320175080758 0.0014129481863883835
leaf_weight=114.35165905952454 4.6068621128797531 77.046456590294838 5.4433269649744025 86.286816090345383 145.31183540821075 3.8406954258680335 94.207165613770485 8.4482215791940671 8.6335935294628161 13.019431978464125 6.8560832291841498 7.7745514214038831 4.3809782862663269 6.4147909432649595 9.0218148380517942 5.9644819349050522 4.8864047825336465 44.933854803442955 4.4326873868703824 6.5897039771080008 5.0252614319324485 30.03027331829071 6.0400127917528152 14.904839053750038 9.0730026066303253 72.953608244657516 77.492048799991608 10.111719846725462 5.2520356774330139 24.834146082401276
leaf_count=678 24 371 24 485 717 22 428 40 46 65 32 43 24 33 47 31 25 233 23 33 25 156 31 77 47 442 468 62 27 147
internal_value=-0.000348688 0.0317317 0.0577468 -0.0405185 0.0160482 0.00490902 0.054318 0.0377424 -0.0185052 0.0200755 0.0683402 0.00737373 -0.0410625 0.0111197 0.0442527 0.101204 0.000965289 0.00500734 -0.00964682 0.0247404 0.0142903 -0.0198485 0.0242951 -0.0300285 -0.00229105 -0.0484457 -0.0427869 -0.0334989 0.060364 -0.0296659
internal_weight=918.168 510.485 192.001 407.683 318.484 173.172 186.558 85.4947 107.94 21.653 101.063 169.332 12.1555 157.176 24.4796 10.5713 13.9082 132.696 76.1476 56.5488 49.9591 66.4629 12.4548 54.0081 23.9778 299.743 226.79 149.298 9.68472 139.186
internal_count=4906 2513 895 2393 1618 901 871 411 596 111 460 879 67 812 127 55 72 685 394 291 258 344 64 280 124 1797 1355 887 50 825
is_linear=0
shrinkage=0.1


Tree=5
num_leaves=31
num_cat=0
split_feature=1 0 1 23 0 61 34 15 6 151 16 0 0 0 11 9 114 108 95 8 113 73 21 10 79 80 67 11 42 14
split_gain=96.6816 16.624 6.16386 6.13244 5.74889 3.69636 3.31017 3.32248 3.20717 3.04948 3.62925 3.30893 4.98923 5.48761 3.03413 3.08307 2.9763 2.96038 3.66336 3.82642 3.65202 2.87771 3.30804 3.5521 4.36104 4.2374 3.29785 2.8671 3.6656 2.85443
threshold=0.039622785523533828 13.096509456634523 -0.18701041489839551 1.0000000180025095e-35 17.30732345581055 1.0000000180025095e-35 1.0000000180025095e-35 1.0000000180025095e-35 1.0000000180025095e-35 1.0000000180025095e-35 1.0000000180025095e-35 3.9917863607406621 6.3449692726135263 6.1615331172943124 1.0000000180025095e-35 1.0000000180025095e-35 1.0000000180025095e-35 1.0000000180025095e-35 1.0000000180025095e-35 1.0000000180025095e-35 1.0000000180025095e-35 1.0000000180025095e-35 1.0000000180025095e-35 1.0000000180025095e-35 1.0000000180025095e-35 1.0000000180025095e-35 1.0000000180025095e-35 1.0000000180025095e-35 1.0000000180025095e-35 1.0000000180025095e-35
decision_type=2 2 2 2 2 2 2 2 2 2 2 2 2 2 2 2 2 2 2 2 2 2 2 2 2 2 2 2 2 2
left_child=2 17 9 5 16 14 -4 -8 -7 11 -11 -1 13 21 15 -3 29 20 19 -19 -2 22 23 24 -13 26 -25 28 -22 -5
right_child=1 3 6 4 -6 8 7 -9 -10 10 -12 12 -14 -15 -16 -17 -18 18 -20 -21 27 -23 -24 25 -26 -27 -28 -29 -30 -31
leaf_value=-0.060881816536883106 0.0067369592804212538 0.11027919759457844 -0.025779953688193982 0.020074582595101698 0.073162854923295967 0.072734372304458339 -0.0083616749966209155 0.075889130842704322 0.16415286474074831 0.0592913901028774 -0.059419566740635366 0.011325511967617051 -0.067873166252620992 0.061577764760981174 0.011747229758851931 0.02326008304329474 0.114355045865696 0.056247990240554192 0.099052602048365343 -0.036177552852496568 -0.068460010542419486 -0.056872095778155343 -0.07385816680419148 -0.11295773094134282 -0.10040187933587193 0.057204855680842381 -0.03482057627638014 -0.10947666518028759 0.06520474422314361 0.043765348065429033
leaf_weight=105.79130247235298 179.86845417320728 12.033062458038332 84.979716807603836 126.38072617352009 38.619380667805672 7.7919969260692579 15.028350815176966 6.7980536073446265 7.5616421401500702 5.9586968272924405 4.5356427729129791 41.322730302810669 43.42552475631237 6.3941942453384391 9.7721659392118472 6.1536303609609595 4.2269256561994544 10.087755113840107 7.3107655048370352 8.0567259043455124 4.910629138350485 36.854564100503922 11.40990065038204 7.3068277835846009 3.8162134140729895 3.8100489526987067 20.714597642421722 4.7919509708881369 3.5240581184625626 85.107241183519363
leaf_count=659 927 51 485 612 167 34 79 32 32 37 28 249 269 39 44 27 20 49 34 42 28 232 69 44 23 23 125 27 19 400
internal_value=-0.000382032 0.0281762 -0.0374078 0.0435536 0.0376303 0.0783362 -0.016858 0.0178791 0.117758 -0.0449414 0.00798464 -0.046919 -0.0384809 -0.0287841 0.0566878 0.0808355 0.0312689 0.00723338 0.0392883 0.0152081 0.00300765 -0.0333978 -0.023609 -0.0161602 0.00187966 -0.0417418 -0.0551955 -0.047707 -0.0126142 0.0296082
internal_weight=914.343 516.197 398.146 297.647 254.334 43.3125 106.806 21.8264 15.3536 291.34 10.4943 280.846 175.055 131.629 27.9589 18.1867 215.715 218.55 25.4552 18.1445 193.095 125.235 88.3803 76.9704 45.1389 31.8315 28.0214 13.2266 8.43469 211.488
internal_count=4906 2513 2393 1387 1199 188 596 111 66 1797 65 1732 1073 804 122 78 1032 1126 125 91 1001 765 533 464 272 192 169 74 47 1012
is_linear=0
shrinkage=0.1


Tree=6
num_leaves=31
num_cat=0
split_feature=1 0 209 1 105 105 17 139 69 23 0 44 47 98 99 65 67 0 0 62 64 9 10 0 61 10 54 65 1 36
split_gain=79.1839 13.1719 6.359 5.33344 5.10607 3.84857 5.83729 3.10802 3.96249 5.5712 5.20781 4.42341 3.24997 4.21066 3.09842 3.7992 3.19393 4.91327 4.01044 3.03898 6.06818 4.42317 4.82707 3.53814 3.59154 3.03857 5.32754 3.36966 3.45919 4.92967
threshold=0.039622785523533828 14.752909183502199 1.0000000180025095e-35 -0.18701041489839551 1.0000000180025095e-35 1.0000000180025095e-35 1.0000000180025095e-35 1.0000000180025095e-35 1.0000000180025095e-35 1.0000000180025095e-35 17.100615501403812 1.0000000180025095e-35 1.0000000180025095e-35 1.0000000180025095e-35 1.0000000180025095e-35 1.0000000180025095e-35 1.0000000180025095e-35 17.006159782409672 17.006159782409672 1.0000000180025095e-35 1.0000000180025095e-35 1.0000000180025095e-35 1.0000000180025095e-35 15.51813840866089 1.0000000180025095e-35 1.0000000180025095e-35 1.0000000180025095e-35 1.0000000180025095e-35 0.84196516871452343 1.0000000180025095e-35
decision_type=2 2 2 2 2 2 2 2 2 2 2 2 2 2 2 2 2 2 2 2 2 2 2 2 2 2 2 2 2 2
left_child=3 5 4 -1 7 6 -2 8 10 -10 11 -3 13 19 15 16 17 -14 -18 20 -11 23 -23 -21 -25 27 -27 28 29 -13
right_child=1 2 -4 -5 -6 -7 -8 -9 9 12 -12 25 14 -15 -16 -17 18 -19 -20 21 -22 22 -24 24 -26 26 -28 -29 -30 -31
leaf_value=-0.041662342436070893 0.10661678519343197 0.067705027610651725 0.16498958653085169 -0.015347197634425925 0.13762734062700646 -0.038773179476760795 0.012889586236239162 0.080851535506784547 0.10998534664400723 0.009963717466244899 0.064016745719308391 -0.017556430242846283 0.14010013096705884 0.090835668313070606 0.12996562054763375 0.12594667761555023 -0.062778049246498893 6.3744172931602758e-05 0.059011652613401737 0.021547132119763765 0.1505090793230186 0.099226746713198699 -0.021413266723353398 -0.12656191643307432 -0.017705195204335389 -0.11360904830234463 0.00017099771240086477 0.08241785181336099 -0.084345397969394498 0.10761030536623378
leaf_weight=283.56102854013443 6.7944280952215186 8.5262043178081495 4.3477005064487448 105.73842786252499 5.505911871790885 13.934729158878325 301.67410819232464 16.89641073346138 12.89866381883621 10.467724874615667 18.076128721237183 12.596510902047166 5.1297804862260854 8.2894570827484113 5.9696484953165045 5.2773182094097129 5.8547239005565643 4.8974717706441879 5.0238541066646576 7.2940967082977322 4.3480916172265998 6.8926456570625287 6.3927887380123138 5.4851960092782956 6.7738269716501236 6.6763864457607278 10.727524310350418 5.2061335146427146 4.5788621157407752 4.1943272501230231
leaf_count=1797 33 38 19 596 23 70 1515 75 54 47 78 60 23 38 27 23 27 21 22 35 20 32 30 26 31 32 50 24 21 19
internal_value=-0.000399051 0.025106 0.045384 -0.0345148 0.0427033 0.0126319 0.0149541 0.0399303 0.0359005 0.0486048 0.017722 0.00178416 0.0396177 0.0250567 0.0649531 0.0501305 0.030992 0.0717041 -0.00653415 0.0136144 0.0512105 -0.00334782 0.0411762 -0.0335999 -0.0664122 -0.0109957 -0.0434766 0.0102753 -0.00730019 0.01371
internal_weight=910.03 520.731 198.327 389.299 193.98 322.403 308.469 188.474 171.577 100.995 70.5821 52.5059 88.0966 55.9438 32.1528 26.1831 20.9058 10.0273 10.8786 47.6544 14.8158 32.8386 13.2854 19.5531 12.259 43.9797 17.4039 26.5758 21.3697 16.7908
internal_count=4906 2513 895 2393 876 1618 1548 853 778 456 322 244 402 259 143 116 93 44 49 221 67 154 62 92 57 206 82 124 100 79
is_linear=0
shrinkage=0.1


Tree=7
num_leaves=31
num_cat=0
split_feature=0 0 0 78 268 14 0 61 62 0 1 5 6 22 151 8 70 12 9 0 7 0 73 8 84 0 0 12 55 10
split_gain=65.2731 12.6342 5.60085 5.11887 4.24562 4.1926 5.18968 4.5486 6.38183 3.95156 3.90207 4.43638 6.4036 5.18973 3.88819 3.86787 3.73024 5.18556 6.35415 7.12485 3.61241 10.9579 5.15452 3.60681 3.56607 3.28064 7.94798 9.83454 4.35245 3.89567
threshold=11.560575008392336 7.6317591667175302 16.223134994506839 1.0000000180025095e-35 1.0000000180025095e-35 1.0000000180025095e-35 14.591375827789308 1.0000000180025095e-35 1.0000000180025095e-35 16.041068077087406 -0.12221461907029151 1.0000000180025095e-35 1.0000000180025095e-35 1.0000000180025095e-35 1.0000000180025095e-35 1.0000000180025095e-35 1.0000000180025095e-35 1.0000000180025095e-35 1.0000000180025095e-35 12.057495117187502 1.0000000180025095e-35 10.513347148895265 1.0000000180025095e-35 1.0000000180025095e-35 1.0000000180025095e-35 10.186173915863039 9.1197810173034686 1.0000000180025095e-35 1.0000000180025095e-35 1.0000000180025095e-35
decision_type=2 2 2 2 2 2 2 2 2 2 2 2 2 2 2 2 2 2 2 2 2 2 2 2 2 2 2 2 2 2
left_child=1 14 3 4 5 9 -7 8 15 16 23 12 13 25 -1 -8 17 18 19 -2 24 -22 -23 -3 -13 26 -12 -28 -27 -29
right_child=2 10 -4 -5 -6 6 7 -9 -10 -11 11 20 -14 -15 -16 -17 -18 -19 -20 -21 21 22 -24 -25 -26 28 27 29 -30 -31
leaf_value=-0.040141262825532258 0.067686931450606155 -0.0028181838392609022 0.049143980478973899 0.1109600660517728 0.12167942407228544 0.018391814874566495 0.047742127391133857 0.11459253669417785 -0.0077261601937094436 -0.087867893565830746 -0.016282479851399859 -0.0052315406038275763 -0.024490360728340752 0.1108413401851957 0.020472615922202578 0.16032980236421493 0.020063911709018407 0.02555037092191046 -0.11505606637781307 -0.074755628051468501 -0.10659280546365996 -0.036783331378499484 0.11477485950749347 0.093195081163988489 -0.09291365492518007 -0.10995975017298543 0.13714471148045315 0.067032228929776436 0.0045764637560033686 -0.069600158029656467
leaf_weight=280.68136067688465 6.8403164744377136 8.3561471551656705 108.26160876452923 6.4019716382026663 4.0917845964431754 71.36534258723259 7.9883973151445389 12.141458585858343 13.408083468675613 4.0815015584230414 17.540571197867393 51.020991086959839 48.878307566046715 6.1313029378652564 10.997510015964506 4.9372172206640244 128.07025341689587 17.787374123930931 8.476957693696022 7.21582992374897 16.679373174905781 5.1096397191286069 4.0013236701488495 7.3575329184532157 5.1022489517927161 4.0126241445541408 11.304797485470772 3.9153174161911011 19.159807249903679 4.4682270437479019
leaf_count=1814 35 45 470 32 19 344 36 54 62 21 99 279 267 33 69 21 613 86 43 35 94 27 21 38 28 21 58 20 99 23
internal_value=-0.000404481 -0.0243343 0.0297096 0.022524 0.0205472 0.0190814 0.0343519 0.0639554 0.0406085 0.00935618 -0.00582142 -0.00964058 0.0029916 0.0231813 -0.0378559 0.0907474 0.0117127 -0.0148132 -0.0466757 -0.00543704 -0.0274385 -0.0584172 0.0297775 0.0421376 -0.0132029 0.0142829 0.0326696 0.0762815 -0.0152571 -0.00578954
internal_weight=905.785 504.717 401.068 292.806 286.405 282.313 109.84 38.4752 26.3337 172.472 213.038 197.325 115.411 66.5326 291.679 12.9256 168.391 40.3205 22.5331 14.0561 81.9136 25.7903 9.11096 15.7137 56.1232 60.4013 37.2289 19.6883 23.1724 8.38354
internal_count=4906 3035 1871 1401 1369 1350 517 173 119 833 1152 1069 620 353 1883 57 812 199 113 70 449 142 48 83 307 320 200 101 120 43
is_linear=0
shrinkage=0.1


Tree=8
num_leaves=31
num_cat=0
split_feature=1 0 0 23 77 16 209 151 15 1 7 67 22 1 8 5 78 104 113 64 0 94 16 83 54 61 9 12 11 13
split_gain=53.2865 9.08735 4.58602 3.80588 3.45822 3.5291 3.4056 3.34485 3.05529 4.53815 6.40144 5.3542 4.35005 5.00217 3.79034 3.52257 3.26689 3.6247 3.25682 3.12229 2.71403 2.57386 2.94321 3.45686 2.54004 2.53758 2.52248 3.38431 3.769 4.91664
threshold=0.050117878243327148 13.096509456634523 3.9219712018966679 1.0000000180025095e-35 1.0000000180025095e-35 1.0000000180025095e-35 1.0000000180025095e-35 1.0000000180025095e-35 1.0000000180025095e-35 0.11171952262520791 1.0000000180025095e-35 1.0000000180025095e-35 1.0000000180025095e-35 0.19841813296079638 1.0000000180025095e-35 1.0000000180025095e-35 1.0000000180025095e-35 1.0000000180025095e-35 1.0000000180025095e-35 1.0000000180025095e-35 17.30732345581055 1.0000000180025095e-35 1.0000000180025095e-35 1.0000000180025095e-35 1.0000000180025095e-35 1.0000000180025095e-35 1.0000000180025095e-35 1.0000000180025095e-35 1.0000000180025095e-35 1.0000000180025095e-35
decision_type=2 2 2 2 2 2 2 2 2 2 2 2 2 2 2 2 2 2 2 2 2 2 2 2 2 2 2 2 2 2
left_child=2 8 7 25 -4 -6 20 21 9 10 11 -2 13 14 15 -11 17 19 26 -15 -5 22 24 -24 -1 -3 -10 28 29 -28
right_child=1 3 4 6 5 -7 -8 -9 18 12 -12 -13 -14 16 -16 -17 -18 -19 -20 -21 -22 -23 23 -25 -26 -27 27 -29 -30 -31
leaf_value=-0.056986804215252464 0.020946042297341663 0.040553865115995048 -0.024362548333601113 0.020547326364120173 -0.022609161140205392 0.11426572835979057 0.098173290741485744 0.038832270647604618 -0.02011876128109694 0.045869906550922823 -0.02382153443780869 0.15391462929456956 0.097771793920979511 -0.0014994472314831854 -0.080509531126597311 -0.060511286986179219 0.086652692266444065 0.098748020610648468 -0.08893527284618459 0.085613598892909343 0.049344039203934625 0.037660513688713343 -0.023544139085554243 -0.12193853685614547 -0.10716523075511171 0.090312592840675943 0.072711267310553399 0.063240271623755548 -0.066099602338997684 -0.054555897924686902
leaf_weight=38.594081461429596 5.0695273578166979 28.763139113783836 272.04647107422352 216.98072972893715 3.8535381108522406 3.6851065456867218 6.5029359161853781 4.2797909975051871 46.839327529072762 7.1142880320549011 6.1907213330268851 7.5208961963653564 4.992008462548255 72.934461161494255 11.224193185567856 5.533797949552536 5.6983917355537406 4.2052399963140479 4.9889930039644232 4.3603768646717063 38.542236223816872 3.1255989819765082 34.620073914527893 3.9812081754207602 13.658078864216803 15.922600999474524 8.0726719498634356 10.370388925075533 7.0322541594505301 4.8648534119129172
leaf_count=263 26 122 1700 1010 24 22 28 27 239 37 32 38 24 367 60 30 28 21 29 21 161 21 236 27 93 66 41 52 36 25
internal_value=-0.000420038 0.0202297 -0.0290423 0.0313098 -0.0225112 0.0442992 0.0267096 -0.0476261 0.00456975 0.0138321 0.0594367 0.100375 0.0064524 0.00234811 -0.0382108 -0.000674055 0.0134519 0.0083338 -0.0106304 0.0034148 0.0248909 -0.0515634 -0.0546329 -0.0336922 -0.0701028 0.0582841 -0.00556864 0.0168939 -0.00717391 0.0248554
internal_weight=901.568 523.724 377.844 306.712 279.585 7.53864 262.026 98.2588 217.012 134.844 18.7811 12.5904 116.063 111.071 23.8723 12.6481 87.1985 81.5001 82.1685 77.2948 255.523 93.979 90.8534 38.6013 52.2522 44.6857 77.1795 30.3402 19.9698 12.9375
internal_count=4906 2493 2413 1387 1746 46 1199 667 1106 684 96 64 588 564 127 67 437 409 422 388 1171 640 619 263 356 188 393 154 102 66
is_linear=0
shrinkage=0.1


Tree=9
num_leaves=31
num_cat=0
split_feature=0 0 0 14 174 8 139 1 5 6 22 0 33 7 0 73 55 13 151 11 267 91 102 82 7 42 1 0 71 13
split_gain=43.6191 9.32261 3.76277 3.74959 3.6195 9.43896 4.37527 3.35347 3.52197 5.07074 3.61427 3.09986 3.04607 3.00345 9.35576 3.9466 3.2787 4.19846 2.95114 3.06502 2.79532 2.88706 2.76417 2.74933 2.73584 4.40656 4.43084 4.09858 4.63545 5.84004
threshold=11.560575008392336 7.6317591667175302 16.223134994506839 1.0000000180025095e-35 1.0000000180025095e-35 1.0000000180025095e-35 1.0000000180025095e-35 -0.12221461907029151 1.0000000180025095e-35 1.0000000180025095e-35 1.0000000180025095e-35 13.938398361206056 1.0000000180025095e-35 1.0000000180025095e-35 10.513347148895265 1.0000000180025095e-35 1.0000000180025095e-35 1.0000000180025095e-35 1.0000000180025095e-35 1.0000000180025095e-35 1.0000000180025095e-35 1.0000000180025095e-35 1.0000000180025095e-35 1.0000000180025095e-35 1.0000000180025095e-35 1.0000000180025095e-35 0.57973989844322216 11.741273403167726 1.0000000180025095e-35 1.0000000180025095e-35
decision_type=2 2 2 2 2 2 2 2 2 2 2 2 2 2 2 2 2 2 2 2 2 2 2 2 2 2 2 2 2 2
left_child=1 18 3 20 6 -6 -5 12 9 10 -9 -8 -3 16 -15 -16 17 -10 -1 -20 21 24 23 -4 25 26 -2 -26 -29 -30
right_child=2 7 22 4 5 -7 11 8 13 -11 -12 -13 -14 14 15 -17 -18 -19 19 -21 -22 -23 -24 -25 27 -27 -28 28 29 -31
leaf_value=-0.034590550949749416 0.12158447692166269 -0.0075208589742605907 0.039674690593415413 0.018594942011710632 0.02075125209883278 0.19801952848094029 0.038701192090331002 0.013131366557176461 -0.010078302255243454 -0.021822888945855854 0.091582893117713671 0.14849092768520775 0.080384628474909042 -0.10087423706448879 -0.033604641115648065 0.097752427682013324 -0.023021181573036419 0.12179151903459778 0.063641156156728801 -0.042211246442211352 0.088955656697391638 0.080192193938480261 0.09525180408857313 -0.023249390941101754 0.089630122471355461 -0.0011671031120115431 0.027460089785623698 -0.070341305806828375 -0.027902514477690384 0.040864005390236491
leaf_weight=268.14186675846577 5.8879830390214911 7.3553419709205601 94.491093620657921 91.517162263393402 8.85688668489456 4.5452076941728583 5.8553313463926298 60.525502741336823 6.4179165512323362 48.04752080142498 6.5034163594245902 4.5857923179864883 8.4941806048154831 15.467658042907717 5.007269009947775 4.2106296718120575 45.176096633076668 3.8703145384788513 6.332871198654173 4.81551693379879 4.2651978433132163 5.2346282452344886 8.2435160726308805 7.4944675117731085 3.8747846484184256 62.509060546755791 33.210247904062271 12.76508019864559 34.528027251362801 19.226840749382973
leaf_count=1814 27 42 402 429 39 19 27 320 34 267 33 20 41 94 27 21 253 20 39 30 20 24 35 33 19 304 153 64 165 91
internal_value=-0.000420751 -0.0205079 0.0237754 0.017917 0.032014 0.0808703 0.025592 -0.00464734 -0.00823877 0.00297062 0.0207431 0.0869214 0.03959 -0.0243328 -0.0533493 0.0263978 -0.0114185 0.0395296 -0.0324946 0.0179185 0.0089571 0.00703194 0.0395528 0.0350507 0.00480542 0.0153029 0.0416347 -0.0103466 -0.0161703 -0.00330636
internal_weight=897.457 490.366 407.091 296.862 115.36 13.4021 101.958 211.076 195.226 115.076 67.0289 10.4411 15.8495 80.1499 24.6856 9.2179 55.4643 10.2882 279.29 11.1484 181.502 177.237 110.229 101.986 172.002 101.607 39.0982 70.3947 66.5199 53.7549
internal_count=4906 3035 1871 1401 534 58 476 1152 1069 620 353 47 83 449 142 48 307 54 1883 69 867 847 470 435 823 484 180 339 320 256
is_linear=0
shrinkage=0.1


Tree=10
num_leaves=31
num_cat=0
split_feature=1 0 219 23 0 64 0 5 0 70 8 6 64 21 102 0 65 0 0 74 69 0 62 67 0 15 10 83 99 69
split_gain=35.9736 5.85957 3.83741 3.80795 3.80231 5.73289 3.7326 3.70036 3.60046 4.23534 3.07469 2.87958 4.60359 3.49295 2.95769 2.8455 3.70519 5.57514 3.89897 8.4865 8.81062 2.75093 3.758 3.57371 2.71938 3.89071 2.69967 2.69145 2.67897 2.62551
threshold=0.039622785523533828 13.030800819396974 1.0000000180025095e-35 1.0000000180025095e-35 12.803559303283693 1.0000000180025095e-35 3.9219712018966679 1.0000000180025095e-35 17.30732345581055 1.0000000180025095e-35 1.0000000180025095e-35 1.0000000180025095e-35 1.0000000180025095e-35 1.0000000180025095e-35 1.0000000180025095e-35 13.661875724792482 1.0000000180025095e-35 15.868583202362062 15.368925571441652 1.0000000180025095e-35 1.0000000180025095e-35 13.419575691223146 1.0000000180025095e-35 1.0000000180025095e-35 16.880219459533695 1.0000000180025095e-35 1.0000000180025095e-35 1.0000000180025095e-35 1.0000000180025095e-35 1.0000000180025095e-35
decision_type=2 2 2 2 2 2 2 2 2 2 2 2 2 2 2 2 2 2 2 2 2 2 2 2 2 2 2 2 2 2
left_child=6 4 3 24 5 -2 -1 -6 10 -10 11 14 13 29 15 -5 18 -18 19 20 -17 23 -23 -12 25 -3 -14 28 -11 -13
right_child=1 2 -4 8 7 -7 -8 -9 9 27 21 12 26 -15 -16 16 17 -19 -20 -21 -22 22 -24 -25 -26 -27 -28 -29 -30 -31
leaf_value=-0.042009909321861577 0.0042473355526239003 0.069771388519759017 -0.041151407407328103 -0.052472906226096988 -0.0019603610694913722 0.10302736858496089 -0.018779044514137824 -0.098893071266173194 0.13575014878139013 0.070467346856328578 0.14818551073935501 0.0019743572684809982 0.0089608414217060405 0.12182883337471398 -0.074437877226078905 0.19848879492491645 -0.089353662288005592 0.03604057316157197 -0.0079675494744987311 -0.02281171399294174 0.037870516344674754 0.062898207680967946 0.013451382459906984 0.02030589828397486 0.10143331222542205 -5.2007608458862395e-05 -0.076957936059506418 -0.027233405550889773 0.0008690482370471164 0.053242885651007148
leaf_weight=93.236943200230598 194.93130685389042 19.256461918354034 8.5736831873655301 8.8196014463901502 9.2396293282508868 6.0579656958580008 267.88010542094707 6.8638561517000189 5.0881611704826346 19.218551754951481 4.4341026544570905 17.688303425908089 10.052634268999098 4.7178487032651892 5.6717450469732276 5.4561416357755652 8.3179973810911161 6.1800381690263739 22.571604862809181 9.6815444231033325 9.1300328820943832 20.657719418406487 60.050009176135063 4.3090122938156128 9.5575240999460203 13.628499254584311 5.7482493817806235 5.3449081033468238 7.7651899456977835 22.947477832436562
leaf_count=667 1000 81 37 42 45 29 1726 33 21 79 21 81 46 21 27 25 38 27 104 45 42 91 276 21 39 57 27 22 32 104
internal_value=-0.000417849 0.0161182 0.0248329 0.0266799 0.00347858 0.00722464 -0.024777 -0.0432764 0.022208 0.0509447 0.0174594 0.00804292 0.0241877 0.0403823 -0.0049776 0.00063782 0.00827453 -0.0359022 0.0219484 0.0497735 0.0979518 0.0318796 0.0261077 0.0851605 0.0544806 0.0408345 -0.0222958 0.0375973 0.0504388 0.0309263
internal_weight=893.077 531.96 314.867 306.293 217.093 200.989 361.117 16.1035 263.851 37.4168 226.434 136.983 61.1545 45.3536 75.8287 70.157 61.3374 14.498 46.8393 24.2677 14.5862 89.4508 80.7077 8.74311 42.4425 32.885 15.8009 32.3286 26.9837 40.6358
internal_count=4906 2513 1406 1369 1107 1029 2393 78 1192 154 1038 629 279 206 350 323 281 65 216 112 67 409 367 42 177 138 73 133 111 185
is_linear=0
shrinkage=0.1


Tree=11
num_leaves=31
num_cat=0
split_feature=0 69 168 68 26 62 14 0 8 0 0 26 139 0 14 0 53 26 54 0 10 12 0 1 0 0 7 151 16 0
split_gain=29.3959 5.12752 5.65049 4.83055 7.0529 4.04793 4.05259 4.29481 4.47611 4.22941 8.33829 5.87848 3.99658 3.71263 4.64661 5.86621 5.1234 3.67209 3.74683 3.43171 4.32415 4.27678 3.41253 7.7408 5.54233 3.26753 3.16223 3.05012 5.01096 3.78942
threshold=9.1197810173034686 1.0000000180025095e-35 1.0000000180025095e-35 1.0000000180025095e-35 1.0000000180025095e-35 1.0000000180025095e-35 1.0000000180025095e-35 11.934291839599611 1.0000000180025095e-35 14.752909183502199 16.880219459533695 1.0000000180025095e-35 1.0000000180025095e-35 13.726214885711672 1.0000000180025095e-35 13.419575691223146 1.0000000180025095e-35 1.0000000180025095e-35 1.0000000180025095e-35 10.788501262664797 1.0000000180025095e-35 1.0000000180025095e-35 14.800821304321291 0.67815041542053234 14.176591396331789 14.109513759613039 1.0000000180025095e-35 1.0000000180025095e-35 1.0000000180025095e-35 3.9917863607406621
decision_type=2 2 2 2 2 2 2 2 2 2 2 2 2 2 2 2 2 2 2 2 2 2 2 2 2 2 2 2 2 2
left_child=27 5 3 4 26 6 9 8 -8 11 -11 -2 13 14 15 17 -16 18 -5 20 -13 -21 24 -24 -7 -15 -3 29 -29 -1
right_child=1 2 -4 12 -6 22 7 -9 -10 10 -12 19 -14 25 16 -17 -18 -19 -20 21 -22 -23 23 -25 -26 -27 -28 28 -30 -31
leaf_value=-0.042908773949909357 0.091223184009333935 0.13034724417833476 -0.051997116821494271 -0.034856000607800385 -0.001350963880676696 -0.0033213589979939565 0.053511860110046695 0.088500618907833048 -0.068579492347211599 -0.094599197444892452 0.047457665064373884 0.018826778599666236 0.065881007609034953 0.074755469877763048 0.095899739960849592 -0.11443129673970853 -0.012684767520621698 -0.042936395123763321 0.080384309401335341 0.082958315208934694 -0.13286835488995138 -0.039729523552285914 0.12551031055503234 0.0076263522814471983 -0.082851000063056318 0.021638978027950236 0.043218365486993704 0.062859024124812882 -0.054813326055066003 -0.018760301213160052
leaf_weight=89.072927966713905 10.242877200245859 12.9088591337204 9.0717696994543058 4.721492692828182 10.034242555499079 171.9774279743433 8.9209968000650424 16.54936109483242 4.5264380425214759 9.5003799796104449 7.3121448457241049 3.8468363136053112 19.370466873049736 12.917115062475203 7.8404523134231576 6.3383013606071463 9.7476541846990585 13.160796537995338 7.0104653984308243 6.7564791589975339 3.6736825406551361 4.9032086282968521 6.2809869349002829 49.227598831057549 9.233069106936453 111.99650222063065 6.1500742733478537 9.9211070090532285 5.6968744397163382 240.26305246353149
leaf_count=659 50 57 42 23 45 884 46 72 24 45 31 20 85 59 37 30 46 64 33 34 20 24 28 216 43 491 27 59 36 1576
internal_value=-0.000405912 0.0140699 0.0253613 0.0285197 0.0665061 0.00572569 0.0257669 0.054392 0.0124156 0.0071955 -0.0328155 0.030058 0.0227966 0.0179928 -0.00539066 -0.0285427 0.0357202 -0.00667335 0.0340062 -0.00260626 -0.0552745 0.0313648 -0.000728341 0.0209653 -0.00737357 0.0271317 0.102232 -0.0232438 0.0199364 -0.0252915
internal_weight=889.174 544.22 231.268 222.196 29.0932 312.951 76.2324 29.9968 13.4474 46.2356 16.8125 29.4231 193.103 173.733 48.8192 31.2311 17.5881 24.8928 11.732 19.1802 7.52052 11.6597 236.719 55.5086 181.21 124.914 19.0589 344.954 15.618 329.336
internal_count=4906 2576 1039 997 129 1537 366 142 70 224 76 148 868 783 233 150 83 120 56 98 40 58 1171 244 927 550 84 2330 95 2235
is_linear=0
shrinkage=0.1


Tree=12
num_leaves=31
num_cat=0
split_feature=0 0 219 23 0 64 62 33 5 47 1 5 6 0 0 70 15 26 10 74 105 14 59 1 34 137 8 12 61 7
split_gain=24.0305 6.13259 3.05452 3.04987 2.89926 4.4256 3.46113 5.38553 5.68899 3.93581 6.81877 3.22444 3.21744 3.04854 2.74197 3.3412 2.57152 3.24031 3.7815 2.55631 2.93274 2.58783 2.58067 4.6176 12.4583 3.9071 4.69812 3.59134 3.39209 4.2582
threshold=7.6317591667175302 13.030800819396974 1.0000000180025095e-35 1.0000000180025095e-35 12.803559303283693 1.0000000180025095e-35 1.0000000180025095e-35 1.0000000180025095e-35 1.0000000180025095e-35 1.0000000180025095e-35 -0.059852460399270051 1.0000000180025095e-35 1.0000000180025095e-35 11.623545169830324 17.30732345581055 1.0000000180025095e-35 1.0000000180025095e-35 1.0000000180025095e-35 1.0000000180025095e-35 1.0000000180025095e-35 1.0000000180025095e-35 1.0000000180025095e-35 1.0000000180025095e-35 -0.25576089322566981 1.0000000180025095e-35 1.0000000180025095e-35 1.0000000180025095e-35 1.0000000180025095e-35 1.0000000180025095e-35 1.0000000180025095e-35
decision_type=2 2 2 2 2 2 2 2 2 2 2 2 2 2 2 2 2 2 2 2 2 2 2 2 2 2 2 2 2 2
left_child=19 4 3 -3 5 6 7 9 12 10 -2 -6 -9 -10 -5 -16 17 -12 -19 22 21 -21 -1 24 25 26 28 -28 -24 -30
right_child=1 2 -4 14 11 -7 -8 8 13 -11 16 -13 -14 -15 15 -17 -18 18 -20 20 -22 -23 23 -25 -26 -27 27 -29 29 -31
leaf_value=-0.027007803717326626 0.15547538656033338 0.04651364981940749 -0.039059627102586064 0.013592370793919848 -0.0032827235597091609 0.085038920187342104 -0.0055927795300434102 -0.020349710882912965 0.062976394000531441 -0.050297931165111193 0.086532816233718793 -0.094565323215873298 0.077461897878416675 0.16206319433141755 0.11746371550366148 0.030846212658577673 -0.04680251460600883 0.039826397891026294 -0.082967970630287283 -0.02973442370650007 0.043631500653592642 -0.071428462855663344 -0.066894420954932907 -0.071920497601027408 0.16074763218687116 -0.065706430989695863 0.090404837108588765 -0.016696269557046641 -0.034145076600074153 0.10588397210539978
leaf_weight=146.26308587193489 3.177834868431094 42.665517896413803 8.5038411766290647 228.50116913020611 9.2770522087812406 6.3504963070154181 214.23179584741592 10.103758588433264 7.788808599114418 12.337808623909948 5.3072610050439843 6.6390400677919379 5.040860354900361 5.1633537858724594 5.1598425209522238 32.527426704764366 7.9687777906656256 6.2517714649438858 4.1878223121166229 33.308092683553696 3.6764629036188117 26.915835961699486 9.2392962127923965 7.9338098317384711 4.9392217099666587 8.9669353663921338 8.9843192845582944 4.8055663555860511 5.7430478632450104 3.4921578764915466
leaf_count=1042 19 177 37 1038 45 29 1156 51 38 70 27 33 25 24 21 133 43 33 24 243 27 197 65 54 33 62 63 34 40 23
internal_value=-0.000402294 0.0103428 0.0200647 0.0216926 0.000187971 0.00248476 0.000622774 0.0204001 0.0538199 -0.00353461 0.0179188 -0.0413592 0.0122067 0.102477 0.0177142 0.0427052 -0.000513424 0.0229114 -0.00943232 -0.0256596 -0.0430755 -0.0483687 -0.0201054 -0.00144573 0.0106644 -0.00731446 0.00891386 0.0530817 -0.0240543 0.0188049
internal_weight=885.452 621.184 317.358 308.854 303.826 287.91 281.56 67.3281 28.0968 39.2313 26.8935 15.9161 15.1446 12.9522 266.188 37.6873 23.7156 15.7469 10.4396 264.268 63.9004 60.2239 200.367 54.1044 46.1705 41.2313 32.2644 13.7899 18.4745 9.23521
internal_count=4906 3023 1406 1369 1617 1539 1510 354 138 216 146 78 76 62 1192 154 127 84 57 1883 467 440 1416 374 320 287 225 97 128 63
is_linear=0
shrinkage=0.1


Tree=13
num_leaves=31
num_cat=0
split_feature=0 69 168 68 47 26 11 139 65 7 5 0 0 0 67 1 1 8 139 83 1 11 105 151 139 15 26 167 130 80
split_gain=19.9199 3.77051 4.49442 3.6949 6.18676 4.7716 3.30477 3.1993 3.23333 3.31593 3.22325 2.89383 2.82169 4.53017 2.88437 2.66097 3.46595 5.30128 3.91744 3.24699 3.11267 3.43921 3.30969 2.82277 3.54505 4.49645 3.74398 3.34349 6.97494 2.78374
threshold=9.1197810173034686 1.0000000180025095e-35 1.0000000180025095e-35 1.0000000180025095e-35 1.0000000180025095e-35 1.0000000180025095e-35 1.0000000180025095e-35 1.0000000180025095e-35 1.0000000180025095e-35 1.0000000180025095e-35 1.0000000180025095e-35 9.2238192558288592 17.100615501403812 17.548254966735843 1.0000000180025095e-35 1.0000000180025095e-35 -0.18701041489839551 1.0000000180025095e-35 1.0000000180025095e-35 1.0000000180025095e-35 -0.21636626124382016 1.0000000180025095e-35 1.0000000180025095e-35 1.0000000180025095e-35 1.0000000180025095e-35 1.0000000180025095e-35 1.0000000180025095e-35 1.0000000180025095e-35 1.0000000180025095e-35 1.0000000180025095e-35
decision_type=2 2 2 2 2 2 2 2 2 2 2 2 2 2 2 2 2 2 2 2 2 2 2 2 2 2 2 2 2 2
left_child=15 11 3 4 5 6 -3 8 -5 10 -10 -2 -13 14 -14 16 20 18 -18 -19 21 23 29 24 27 26 -26 -1 -29 -23
right_child=1 2 -4 7 -6 -7 -8 -9 9 -11 -12 12 13 -15 -16 -17 17 19 -20 -21 -22 22 -24 -25 25 -27 -28 28 -30 -31
leaf_value=-0.023165579329038937 0.093334605205848256 0.10772217670433951 -0.048584352599339409 0.0088062552702134582 0.14877027129475559 -0.026780304238776483 0.014187852251090181 0.056961742283745134 -0.017500283380657421 0.090656948845317512 0.077387177696570331 0.00054206258560118316 0.029245536795035412 -0.0060958791977553297 0.13419326909726473 -0.081564444835279054 -0.010790902678747265 0.015005567551738194 -0.094624559623234544 0.094950479056015002 -0.078715840460577377 -0.036022893607729776 0.044002445949995049 0.059008245634358671 0.17487154285529677 -0.041236804132385826 0.016748500862250219 0.17229162421594979 -0.038588324091876486 -0.10453481994006174
leaf_weight=118.30776570737362 3.6008500605821601 8.6895474195480364 8.9278397858142835 149.16783574223518 5.8531920462846747 8.3679701685905457 6.6823516488075265 19.704686403274536 9.6776081472635251 10.432863056659698 5.6817250251770028 288.0843041986227 4.9229833483696002 11.311711266636847 5.595259889960289 6.7888918220996848 41.768274769186974 28.153779551386833 6.432386338710784 6.1990447342395774 10.069098696112631 84.610332809388638 4.8444263339042655 5.3905325978994361 3.0477762818336469 3.8578201532363892 2.9436979293823242 2.7253980040550223 3.6947441697120667 6.3775986284017554
leaf_count=872 21 38 42 672 24 38 29 85 42 45 24 1426 21 46 23 42 251 164 40 36 77 616 34 33 22 29 22 19 27 46
internal_value=-0.000401853 0.0113665 0.020996 0.023766 0.0566873 0.0339837 0.0670617 0.0187613 0.014459 0.0471516 0.0176005 0.0042043 0.0031687 0.0378318 0.0850733 -0.019595 -0.018314 -0.000585238 -0.0219785 0.0294318 -0.0242667 -0.0219416 -0.036537 -0.0119485 -0.0147907 0.0429663 0.0971834 -0.0193516 0.0509318 -0.0408251
internal_weight=881.912 546.701 233.186 224.258 29.5931 23.7399 15.3719 194.665 174.96 25.7922 15.3593 313.515 309.914 21.83 10.5182 335.212 328.423 82.5535 48.2007 34.3528 245.869 235.8 95.8324 139.968 134.577 9.84929 5.99147 124.728 6.42014 90.9879
internal_count=4906 2576 1039 997 129 105 67 868 783 111 66 1537 1516 90 44 2330 2288 491 291 200 1797 1720 696 1024 991 73 44 918 46 662
is_linear=0
shrinkage=0.1


Tree=14
num_leaves=31
num_cat=0
split_feature=1 152 265 209 23 5 26 30 12 13 11 128 9 113 102 151 0 1 1 82 9 16 15 0 83 73 91 16 0 5
split_gain=16.4787 3.63005 3.18201 3.11472 3.00512 3.0994 6.4702 5.95521 3.94288 2.68606 2.53742 3.92262 4.62379 3.85934 4.52141 3.67284 3.60375 3.9381 4.75992 7.61695 7.3861 4.27199 3.7662 3.58062 3.57378 3.2637 3.20511 3.14155 3.07939 3.02409
threshold=0.039622785523533828 1.0000000180025095e-35 1.0000000180025095e-35 1.0000000180025095e-35 1.0000000180025095e-35 1.0000000180025095e-35 1.0000000180025095e-35 1.0000000180025095e-35 1.0000000180025095e-35 1.0000000180025095e-35 1.0000000180025095e-35 1.0000000180025095e-35 1.0000000180025095e-35 1.0000000180025095e-35 1.0000000180025095e-35 1.0000000180025095e-35 7.6317591667175302 -0.24967678636312482 -0.3628412783145904 1.0000000180025095e-35 1.0000000180025095e-35 1.0000000180025095e-35 1.0000000180025095e-35 9.2238192558288592 1.0000000180025095e-35 1.0000000180025095e-35 1.0000000180025095e-35 1.0000000180025095e-35 5.3018479347229013 1.0000000180025095e-35
decision_type=2 2 2 2 2 2 2 2 2 2 2 2 2 2 2 2 2 2 2 2 2 2 2 2 2 2 2 2 2 2
left_child=10 2 3 4 5 7 8 -2 -7 -9 13 23 -13 14 15 16 17 18 21 20 -20 22 -1 26 -23 29 -12 -19 -24 -18
right_child=1 -3 -4 -5 -6 6 -8 9 -10 -11 11 12 -14 -15 -16 -17 25 27 19 -21 -22 24 28 -25 -26 -27 -28 -29 -30 -31
leaf_value=-0.060151484762330676 -0.022703883137615108 -0.064498813240969746 -0.075290039013653887 0.080989533390756596 0.0085962201775129157 -0.0045480767106693817 -0.079544768714403385 0.10257994818887323 0.093434841207565802 0.036375218394100121 -0.014520051081817302 -0.097823171083135541 -0.0077625323491002061 -0.075854353795771878 -0.072671725724433506 0.060822000765440892 -0.040757240105935691 -0.023961176315111365 -0.048823648237210783 0.17310124025463164 0.08428288013005622 0.019933958201897934 0.0050232008895296663 -0.1261629375335423 -0.074232627159880119 0.048559368964430964 -0.12174034739329731 -0.10720649116248503 -0.092974238047005636 0.03225193924820912
leaf_weight=29.001669384539127 8.0278728455305082 6.3729273378849021 4.1981970667839041 6.485417664051055 463.33240112662315 9.490302994847303 6.5256538391113272 15.291595116257668 7.2399502396583548 10.226769551634789 108.64409498870373 15.345415212213993 9.0702171474695206 8.6312078982591611 10.094769999384878 8.360518202185629 12.34436272084713 11.272839896380903 9.6814675927162224 3.367892548441886 7.321492761373519 33.05035400390625 23.49087788909674 3.1038075983524314 4.5899921879172316 19.419207587838173 2.8614015728235236 7.5828892141580573 3.7134111970663062 10.498245626688004
leaf_count=220 34 29 20 27 2191 40 30 67 31 44 743 122 71 60 70 48 72 80 68 22 52 246 180 19 36 119 20 55 27 63
internal_value=-0.000393882 0.0105244 0.0114251 0.0121164 0.0112576 0.0329665 0.00491141 0.0524157 0.0378536 0.0760477 -0.0175714 -0.0279734 -0.0643663 -0.0104272 -0.00751311 -0.00393239 -0.00702008 -0.0150994 -0.00810973 0.0357068 0.00849216 -0.0176208 -0.0350807 -0.0202204 0.00845096 0.0184197 -0.0172715 -0.0574385 -0.00835354 -0.00720292
internal_weight=878.637 537.191 530.818 526.62 520.135 56.8021 23.2559 33.5462 16.7303 25.5184 341.446 139.025 24.4156 202.421 193.79 183.695 175.335 133.073 114.217 20.3709 17.003 93.8463 56.206 114.609 37.6403 42.2618 111.505 18.8557 27.2043 22.8426
internal_count=4906 2513 2484 2464 2437 246 101 145 71 111 2393 975 193 1418 1358 1288 1240 986 851 142 120 709 427 782 282 254 763 135 207 135
is_linear=0
shrinkage=0.1


Tree=15
num_leaves=31
num_cat=0
split_feature=0 1 74 78 14 0 0 26 0 0 54 15 62 137 5 133 14 55 1 1 5 6 8 13 0 0 1 0 55 7
split_gain=14.0363 3.28709 2.95707 2.73248 2.70673 2.63011 2.58329 2.43039 4.35824 4.06214 4.40403 3.72462 6.02405 6.43124 3.71157 3.69591 4.12723 3.53464 6.65529 3.43623 4.21922 2.81139 3.54243 5.15093 3.19678 4.09615 5.08018 3.34879 2.892 2.48377
threshold=11.560575008392336 -0.18701041489839551 1.0000000180025095e-35 1.0000000180025095e-35 1.0000000180025095e-35 11.494866847991945 3.639972567558289 1.0000000180025095e-35 3.2429842948913579 3.6783025264739995 1.0000000180025095e-35 1.0000000180025095e-35 1.0000000180025095e-35 1.0000000180025095e-35 1.0000000180025095e-35 1.0000000180025095e-35 1.0000000180025095e-35 1.0000000180025095e-35 -0.34367632865905756 -0.69655486941337574 1.0000000180025095e-35 1.0000000180025095e-35 1.0000000180025095e-35 1.0000000180025095e-35 3.7193702459335332 6.2258727550506601 -0.37394477427005762 4.507871389389039 1.0000000180025095e-35 1.0000000180025095e-35
decision_type=2 2 2 2 2 2 2 2 2 2 2 2 2 2 2 2 2 2 2 2 2 2 2 2 2 2 2 2 2 2
left_child=1 2 7 -2 6 -3 -4 8 19 -10 17 12 -9 15 -12 16 -14 29 -19 20 -1 24 23 -23 -13 26 27 -26 -29 -11
right_child=3 5 4 -5 -6 -7 -8 11 9 10 14 21 13 -15 -16 -17 -18 18 -20 -21 -22 22 -24 -25 25 -27 -28 28 -30 -31
leaf_value=0.06353199840084095 0.011871637524268583 -0.0022026935038643039 -0.082216902127310434 0.074569359156907711 -0.065308021778738443 -0.084507002008597842 -0.0079889296387191024 -0.052544451527775808 0.11589290491117146 0.039590448552351533 -0.076678722676548586 -0.054326672013644044 0.13349678411745536 -0.11894119296861472 0.029204172176408551 -0.033355251653180991 0.0060701038255339384 0.0084366025763943347 0.19132446812035461 -0.11790477193456801 -0.0887501945062458 0.0096708524284257261 -0.032499223730720055 0.14692099903254413 0.05896200565861253 -0.090345317401743647 0.12657516319919346 0.0099254965553246775 -0.11955912416736546 -0.033915016514017543
leaf_weight=3.8728543445467949 408.19770310819149 218.37840472906828 5.7093770205974606 7.0715099871158591 24.775654137134552 3.9529367536306372 26.222414970397949 56.162375323474407 3.8095359206199637 10.643096841871738 8.877532131969927 14.142405346035956 5.510154642164709 3.0152825787663451 5.2793589010834685 4.5820617303252211 4.7182710915803909 4.6427502632141113 3.4820473715662974 4.6606735810637456 3.4315142259001732 6.9442105591297167 5.7463785111904135 4.5104369446635246 5.0377273410558718 3.4736662358045569 4.0304827094078091 3.8536261320114136 3.1225562170147896 8.0921502709388733
leaf_count=31 1839 1217 46 32 196 21 200 432 28 77 62 111 40 23 36 33 34 33 23 37 27 51 43 34 37 26 28 28 23 58
internal_value=-0.000393519 -0.0124121 -0.0205704 0.0129393 -0.0405052 -0.00366602 -0.0212608 -0.0143469 0.00280387 0.017116 0.00794186 -0.0221484 -0.036469 0.014179 -0.0371931 0.0412811 0.0747161 0.0317308 0.0868169 -0.0508158 -0.00800855 -0.00131623 0.0315726 0.0637151 -0.0181229 0.00810957 0.0294254 -0.00316686 -0.0480321 0.00784188
internal_weight=875.949 460.68 238.349 415.269 56.7074 222.331 31.9318 181.641 56.7915 44.8265 41.0169 124.85 73.9881 17.8258 14.1569 14.8105 10.2284 26.86 8.1248 11.965 7.30437 50.8615 17.201 11.4546 33.6605 19.5181 16.0444 12.0139 6.97618 18.7352
internal_count=4906 3035 1797 1871 442 1238 246 1355 412 317 289 943 562 130 98 107 74 191 56 95 58 381 128 85 253 142 116 88 51 135
is_linear=0
shrinkage=0.1


Tree=16
num_leaves=31
num_cat=0
split_feature=0 1 1 11 105 80 0 0 0 130 6 61 9 26 0 5 55 6 39 1 59 73 13 26 9 94 35 10 9 82
split_gain=11.4772 2.78871 2.70427 2.51994 2.79973 2.69805 2.90064 3.10083 4.16051 3.72863 3.45107 2.99999 2.63003 4.40387 2.52156 2.37046 3.91727 3.28751 3.73646 5.05811 11.0474 6.1236 5.57557 3.74074 3.38403 3.2394 4.17236 7.31353 3.87562 2.79154
threshold=11.560575008392336 -0.18701041489839551 -0.21636626124382016 1.0000000180025095e-35 1.0000000180025095e-35 1.0000000180025095e-35 4.1437373161315927 6.3449692726135263 6.1615331172943124 1.0000000180025095e-35 1.0000000180025095e-35 1.0000000180025095e-35 1.0000000180025095e-35 1.0000000180025095e-35 5.845311403274537 1.0000000180025095e-35 1.0000000180025095e-35 1.0000000180025095e-35 1.0000000180025095e-35 0.12905924767255786 1.0000000180025095e-35 1.0000000180025095e-35 1.0000000180025095e-35 1.0000000180025095e-35 1.0000000180025095e-35 1.0000000180025095e-35 1.0000000180025095e-35 1.0000000180025095e-35 1.0000000180025095e-35 1.0000000180025095e-35
decision_type=2 2 2 2 2 2 2 2 2 2 2 2 2 2 2 2 2 2 2 2 2 2 2 2 2 2 2 2 2 2
left_child=1 2 3 -1 5 6 12 8 9 14 -11 -12 -5 -14 -8 17 -17 18 19 20 -3 -22 24 -23 -21 26 -19 -28 -27 -18
right_child=-2 15 -4 4 -6 -7 7 -9 -10 10 11 -13 13 -15 -16 16 29 25 -20 22 21 23 -24 -25 -26 28 27 -29 -30 -31
leaf_value=-0.0081760263571569857 0.011600348473246735 0.15951382618150339 -0.072298414121594309 -0.075343285798989135 0.044329080403762725 -0.10010153027947198 -0.11774241379513879 -0.065313557472151368 0.1122739239928315 -0.022295779224682993 0.0093918479854589315 0.11624554337582256 0.07639406577851203 -0.056236923392119088 -0.0054874317743103026 0.019718660733768167 -0.037439117796179901 -0.040172055920205396 -0.017004903878467481 -0.11778452350401301 -0.02910590789998432 0.11086161430011549 0.060619519618474393 0.021031255093408367 -0.0060587075848946535 -0.017115670083123476 0.091919260918064974 -0.081217011842478981 0.12378997185603487 0.01659132888733025
leaf_weight=135.71642821282148 416.7592611759901 7.6796101927757254 9.1293842792510969 19.54707907140255 4.8287061229348174 5.7485771253705016 4.7058151960372907 9.3969972133636457 2.9783314019441596 16.468144536018372 6.9685146883130091 4.217821829020977 3.6132420375943193 8.1510119363665581 3.4814826995134354 23.044670403003693 55.278524331748486 35.684322372078896 21.54316146671772 4.921936899423601 12.344784155488016 8.4578432887792587 6.5066468417644492 10.257897719740868 6.035106360912323 4.3924444764852515 6.9365372955799085 3.763518437743187 3.5133830308914185 11.562575832009314
leaf_count=1024 1871 39 77 165 34 46 37 72 20 122 51 30 29 65 25 123 325 208 119 25 68 44 33 55 31 25 36 20 20 67
internal_value=-0.000400439 -0.0113475 -0.0189405 -0.0167834 -0.0297478 -0.0339423 -0.0291601 -0.0137702 -0.00129339 -0.0107304 0.00681915 0.0496812 -0.0528594 -0.015501 -0.0700083 -0.00330871 -0.0158349 0.00521861 0.0184043 0.0319769 0.0521187 0.0255656 -0.0127043 0.0616266 -0.0562463 -0.0136642 -0.0237488 0.0310222 0.0455034 -0.0280926
internal_weight=873.634 456.874 234.952 225.822 90.1057 85.277 79.5284 48.2171 38.8201 35.8418 27.6545 11.1863 31.3113 11.7643 8.1873 221.923 89.8858 132.037 77.747 56.2038 38.7401 31.0605 17.4637 18.7157 10.957 54.2902 46.3844 10.7001 7.90583 66.8411
internal_count=4906 3035 1797 1720 696 662 616 357 285 265 203 81 259 94 62 1238 515 723 414 295 206 167 89 99 56 309 264 56 45 392
is_linear=0
shrinkage=0.1


Tree=17
num_leaves=31
num_cat=0
split_feature=1 152 270 69 168 88 14 68 47 26 11 139 15 0 1 26 10 12 0 53 36 0 33 0 53 14 12 168 9 151
split_gain=9.54552 3.03847 2.7518 2.96133 3.77604 3.58189 3.46892 2.94133 6.24601 4.28205 2.86586 2.60774 2.93796 5.75832 2.99411 3.60565 5.28853 3.42453 3.2438 2.8439 6.838 3.25546 3.19724 3.14401 2.82743 2.97334 3.24938 2.593 6.54645 2.61559
threshold=0.050117878243327148 1.0000000180025095e-35 1.0000000180025095e-35 1.0000000180025095e-35 1.0000000180025095e-35 1.0000000180025095e-35 1.0000000180025095e-35 1.0000000180025095e-35 1.0000000180025095e-35 1.0000000180025095e-35 1.0000000180025095e-35 1.0000000180025095e-35 1.0000000180025095e-35 17.548254966735843 0.90873831510543834 1.0000000180025095e-35 1.0000000180025095e-35 1.0000000180025095e-35 14.528405189514162 1.0000000180025095e-35 1.0000000180025095e-35 12.921286582946779 1.0000000180025095e-35 15.132101058959963 1.0000000180025095e-35 1.0000000180025095e-35 1.0000000180025095e-35 1.0000000180025095e-35 1.0000000180025095e-35 1.0000000180025095e-35
decision_type=2 2 2 2 2 2 2 2 2 2 2 2 2 2 2 2 2 2 2 2 2 2 2 2 2 2 2 2 2 2
left_child=-1 2 3 5 7 27 -7 8 9 10 -5 12 14 19 15 16 24 -16 -18 20 21 -14 -21 -23 -9 26 -26 29 -29 -2
right_child=1 -3 -4 4 -6 6 -8 11 -10 -11 -12 -13 13 -15 17 -17 18 -19 -20 22 -22 23 -24 -25 25 -27 -28 28 -30 -31
leaf_value=-0.013659710552028817 0.0033938946091145793 -0.06118694247139507 0.088831133376385416 0.096368021544812027 -0.047412164932112123 -0.11416065563878622 0.0068676860541997831 0.071018400962671091 0.14361939928557452 -0.032439948744731453 0.008920199444586642 0.048990291516699737 0.11669892148253272 0.075782812968061233 -0.068482731539840622 0.0071646854950439586 0.041054655321741559 0.03214566545684186 0.12494514634990402 -0.04061756116475343 -0.096066959429164073 -0.02553249418320231 0.043736985773732827 0.078691046081416263 -0.020638105307813789 -0.041478898316755115 0.090918536484811074 0.11903133913100197 -0.019201425905856342 -0.04429665534588878
leaf_weight=334.4804934039712 260.4917133897543 6.2977963089942923 4.2495861500501624 8.4205705970525759 8.8764486908912641 5.1820318102836591 4.3613711148500443 7.6952170580625561 5.6053731441497794 8.1439136266708374 6.7531758695840844 19.82042184472084 4.5270514339208665 7.8355667144060126 7.344775438308714 42.404371649026871 8.1541986614465731 6.2679870277643204 10.602258488535879 36.548654049634933 4.3821608722209922 7.068287715315817 5.1230510026216498 4.9014155864715576 5.1240512728691101 9.3231765776872635 5.3238340616226196 6.4662296175956708 7.286592960357666 12.03137384355068
leaf_count=2413 1257 29 19 36 42 25 21 34 23 37 29 84 21 32 30 190 37 26 46 165 19 32 22 21 23 41 24 32 36 60
internal_value=-0.000400657 0.00786395 0.00868397 0.00803654 0.0165409 0.00141732 -0.0588502 0.0191053 0.0488388 0.0260543 0.0574488 0.0146366 0.0106922 -0.00503084 0.0215166 0.0282234 0.0475424 -0.0221485 0.0884745 -0.0151542 0.0149695 0.044465 -0.0302472 0.0171455 0.0195903 -0.000426411 0.0362068 0.00342642 0.0457921 0.00128845
internal_weight=871.093 536.613 530.315 526.065 230.246 295.819 9.5434 221.37 28.923 23.3177 15.1737 192.446 172.626 70.3862 102.24 88.6271 46.2227 13.6128 18.7565 62.5506 20.8789 16.4968 41.6717 11.9697 27.4663 19.7711 10.4479 286.276 13.7528 272.523
internal_count=4906 2493 2464 2445 1014 1431 46 972 125 102 65 847 763 312 451 395 205 56 83 280 93 74 187 53 122 88 47 1385 68 1317
is_linear=0
shrinkage=0.1


Tree=18
num_leaves=31
num_cat=0
split_feature=71 37 219 174 0 54 1 8 83 12 26 53 0 108 0 0 6 15 0 0 64 81 0 97 81 73 12 67 0 0
split_gain=7.90191 5.76064 3.36019 3.7439 3.70425 2.82618 3.65884 3.94957 5.91815 4.11773 3.44515 7.36471 3.42236 6.88059 5.50851 2.78551 4.38885 3.86087 2.72782 4.1146 2.80094 2.88613 2.46627 3.90539 2.33196 2.27211 3.95242 2.2485 7.0416 5.09376
threshold=1.0000000180025095e-35 1.0000000180025095e-35 1.0000000180025095e-35 1.0000000180025095e-35 14.97056818008423 1.0000000180025095e-35 0.90873831510543834 1.0000000180025095e-35 1.0000000180025095e-35 1.0000000180025095e-35 1.0000000180025095e-35 1.0000000180025095e-35 12.992471218109133 1.0000000180025095e-35 12.34633779525757 13.474332809448244 1.0000000180025095e-35 1.0000000180025095e-35 15.132101058959963 16.379192352294925 1.0000000180025095e-35 1.0000000180025095e-35 4.507871389389039 1.0000000180025095e-35 1.0000000180025095e-35 1.0000000180025095e-35 1.0000000180025095e-35 1.0000000180025095e-35 12.992471218109133 14.351813793182375
decision_type=2 2 2 2 2 2 2 2 2 2 2 2 2 2 2 2 2 2 2 2 2 2 2 2 2 2 2 2 2 2
left_child=2 -2 3 22 -5 6 7 8 9 18 -11 -12 13 14 -7 16 17 -14 20 -20 21 -3 23 25 -16 -1 -27 -9 -29 -30
right_child=1 5 -4 4 -6 12 -8 27 -10 10 11 -13 15 -15 24 -17 -18 -19 19 -21 -22 -23 -24 -25 -26 26 -28 28 29 -31
leaf_value=-0.018888806884959385 0.11308038909118823 0.039596382352953402 -0.10966584857675742 0.1183460489875893 -0.0026617218068917857 0.023807486919462318 0.074294295594019163 0.015723328844307421 0.080994347750662346 -0.09028814956932435 0.091111403535477739 -0.075329265016839564 0.073174490258368627 0.081738002865462983 -0.11276096308016113 0.0040893779399844973 0.098714893396876419 -0.049384620316733407 0.087209424426528945 -0.012853201475577903 -0.076064927556985212 -0.057695338115540763 -0.0049960834166871346 0.072738348291503593 -0.038554399557752278 -0.091637637285182358 0.004428131316484854 0.17853847154020441 -0.037208351722560672 0.079075500672049312
leaf_weight=83.158729277551174 5.5113730877637854 9.5619280487298983 3.2260504215955725 4.6650090217590314 5.5267588496208191 7.1406949460506501 12.266365259885786 17.1285021007061 8.1825700402259809 9.4119686037302017 4.4677110910415649 6.5649745613336563 4.4108234345912933 4.7294208258390418 9.7811027467250842 166.16286301612854 8.3604743629693985 6.1600961834192276 8.760604605078699 7.7402976900339118 5.4194393008947364 4.4764757007360449 415.14564283192158 4.1725100874900809 7.4683217853307715 12.043394237756731 6.6462664604187003 4.2983504235744503 6.1269993633031836 9.7800542414188367
leaf_count=673 23 44 21 20 24 34 50 77 36 43 20 30 20 20 47 725 38 29 38 33 25 21 2500 32 36 101 57 20 28 41
internal_value=-0.000377812 0.0116913 -0.00791639 -0.00729864 0.0527263 0.00998972 0.0226959 0.0164859 0.00151912 -0.0100105 -0.045844 -0.00792874 0.00321671 -0.0286504 -0.0500556 0.00823014 0.0445741 0.00175441 0.0103629 0.0402717 -0.0150008 0.00857263 -0.00847247 -0.0220849 -0.0806324 -0.0259696 -0.0574755 0.0423777 0.0649731 0.0342859
internal_weight=868.496 333.911 534.584 531.358 10.1918 328.4 114.186 101.92 64.586 56.4034 20.4447 11.0327 214.214 29.1195 24.3901 185.094 18.9314 10.5709 35.9587 16.5009 19.4578 14.0384 521.167 106.021 17.2494 101.848 18.6897 37.3339 20.2054 15.9071
internal_count=4906 1478 3428 3407 44 1455 506 456 290 254 93 50 949 137 117 812 87 49 161 71 90 65 3363 863 83 831 158 166 89 69
is_linear=0
shrinkage=0.1


Tree=19
num_leaves=31
num_cat=0
split_feature=0 270 69 88 14 62 0 168 209 68 47 61 16 262 87 0 11 80 7 1 0 56 9 5 0 0 0 167 55 7
split_gain=6.66486 2.45476 2.39724 3.28842 5.44142 3.28755 3.02193 2.93383 2.35553 2.33508 3.8348 3.63187 3.65657 2.24626 2.18807 3.3243 2.21385 3.91241 4.81184 3.4091 4.25986 3.13897 2.73369 7.33317 2.50937 5.81509 4.18995 3.73484 2.94335 2.39292
threshold=7.6317591667175302 1.0000000180025095e-35 1.0000000180025095e-35 1.0000000180025095e-35 1.0000000180025095e-35 1.0000000180025095e-35 7.9493498802185067 1.0000000180025095e-35 1.0000000180025095e-35 1.0000000180025095e-35 1.0000000180025095e-35 1.0000000180025095e-35 1.0000000180025095e-35 1.0000000180025095e-35 1.0000000180025095e-35 12.746064186096193 1.0000000180025095e-35 1.0000000180025095e-35 1.0000000180025095e-35 0.066088676452636733 9.7960300445556658 1.0000000180025095e-35 1.0000000180025095e-35 1.0000000180025095e-35 14.800821304321291 15.181382656097414 14.176591396331789 1.0000000180025095e-35 1.0000000180025095e-35 1.0000000180025095e-35
decision_type=2 2 2 2 2 2 2 2 2 2 2 2 2 2 2 2 2 2 2 2 2 2 2 2 2 2 2 2 2 2
left_child=13 2 3 5 -5 6 -2 8 9 10 11 -4 -13 -1 16 -16 24 19 -19 22 -21 -22 -18 -24 26 -26 27 28 -7 -30
right_child=1 -3 7 4 -6 14 -8 -9 -10 -11 -12 12 -14 -15 15 -17 17 18 -20 20 21 -23 23 -25 25 -27 -28 -29 29 -31
leaf_value=-0.013270633190554269 0.073503127106180538 0.072194592144776401 -0.022430725969208479 -0.10228859987338212 0.025767784902451369 0.076618733823396748 0.011774079461461017 -0.044437672611240576 0.085443442042437048 0.0092073254992272088 0.11446372376732142 0.10041361375269423 -0.0073991301443299701 -0.090805761129974835 0.012175333326508168 -0.095346643507701001 -0.078715226839003796 0.11496134417309783 -0.033199340980691272 0.10377613705745291 -0.099237088877403859 -0.0084446308658664097 0.059490120985911513 -0.12368480957574268 0.13544697220423421 0.013246194153910932 -0.090858141590558064 0.083435477083317569 0.0065898042683565916 -0.024572102786984754
leaf_weight=237.18734962493181 8.7309977114200574 5.4032842069864264 10.308397561311725 7.9148349612951261 5.7137004137039185 4.640399605035781 86.506537765264511 8.7232912480831128 4.6061402857303611 192.32661114633083 5.543142393231391 7.803171694278717 5.2706717550754547 3.7962822318077079 5.2587606161832792 6.3446521908044815 14.607201337814331 5.0272331535816175 3.8867782652378082 3.2377935200929633 4.0291339904069892 69.355264827609062 5.8122379779815674 3.5026164054870605 4.5017448812723151 28.850154384970665 5.0005557239055625 5.4512629061937323 67.776501193642616 38.720023706555367
leaf_count=1852 43 25 45 43 29 24 425 42 19 846 23 34 23 31 26 31 91 26 21 16 20 340 34 23 19 125 23 29 366 212
internal_value=-0.000364329 0.00508424 0.00449885 -0.000357868 -0.0486016 0.0014132 0.0174332 0.0124671 0.0146649 0.0131914 0.0396818 0.0219535 0.0569493 -0.0144921 -0.00411466 -0.0466168 -0.00224941 -0.0131363 0.0503588 -0.0187656 -0.00847683 -0.0134295 -0.0517204 -0.0093882 0.00544165 0.0297405 -0.00122355 0.00262095 -0.001343 -0.00474005
internal_weight=865.837 624.853 619.45 384.868 13.6285 371.24 95.2375 234.581 225.858 221.252 28.9254 23.3822 13.0738 240.984 276.002 11.6034 264.399 109.458 8.91401 100.544 76.6222 73.3844 23.9221 9.31485 154.941 33.3519 121.589 116.588 111.137 106.497
internal_count=4906 3023 2998 1966 72 1894 468 1032 990 971 125 102 57 1883 1426 57 1369 571 47 524 376 360 148 57 798 144 654 631 602 578
is_linear=0
shrinkage=0.1


Tree=20
num_leaves=31
num_cat=0
split_feature=71 37 219 174 24 20 274 54 10 0 0 0 0 108 0 23 87 68 16 11 26 10 0 1 10 49 7 0 0 73
split_gain=5.43544 4.38101 2.89992 2.87627 2.98402 2.69277 2.29996 2.04842 3.16409 3.96012 5.68026 3.23263 2.96398 5.85973 3.70852 3.05102 2.61043 2.67898 2.39496 2.85426 4.17615 6.33373 4.16307 3.81362 3.42711 3.29707 3.02198 4.00731 2.62742 3.74175
threshold=1.0000000180025095e-35 1.0000000180025095e-35 1.0000000180025095e-35 1.0000000180025095e-35 1.0000000180025095e-35 1.0000000180025095e-35 1.0000000180025095e-35 1.0000000180025095e-35 1.0000000180025095e-35 12.462697029113771 14.017796039581301 13.419575691223146 12.992471218109133 1.0000000180025095e-35 12.34633779525757 1.0000000180025095e-35 1.0000000180025095e-35 1.0000000180025095e-35 1.0000000180025095e-35 1.0000000180025095e-35 1.0000000180025095e-35 1.0000000180025095e-35 14.591375827789308 0.68545135855674755 1.0000000180025095e-35 1.0000000180025095e-35 1.0000000180025095e-35 14.680356025695803 15.260780334472658 1.0000000180025095e-35
decision_type=2 2 2 2 2 2 2 2 2 2 2 2 2 2 2 2 2 2 2 2 2 2 2 2 2 2 2 2 2 2
left_child=2 -2 3 6 -5 7 -1 8 9 -3 11 -11 13 14 -9 -16 18 -18 19 20 21 26 -23 24 -22 -25 27 -14 -21 -30
right_child=1 5 -4 4 -6 -7 -8 12 -10 10 -12 -13 16 -15 15 -17 17 -19 -20 28 23 22 -24 25 -26 -27 -28 -29 29 -31
leaf_value=-0.0066159627779199459 0.098146499153004219 0.11905826965730203 -0.10422305709508309 0.10054533891163187 -0.0073627203968323939 0.081223958753664741 -0.092407354746004408 0.011786874259595563 -0.0028698035012917275 0.0031180705186614481 0.044260071717899876 -0.091651870425907833 0.040738606900605531 0.071965638802326301 0.0013426041345588986 -0.0990430802040764 -0.00029420756684627456 0.10231172601727115 -0.011139807060793405 -0.034150454233946664 0.1042953218419181 0.028154470586449099 0.13914709920762133 -0.060391918663338012 -0.012024339410727516 0.026226900526050503 0.071020267370897006 -0.078272102075561831 0.063799128488831805 -0.019916464642823411
leaf_weight=512.60991577059031 5.4997873604297629 4.7943948507308951 3.0290473699569693 5.1030335277318954 5.1478648632764799 4.9668303132057181 3.1440453156828871 6.996399521827704 44.394501626491547 14.048419624567034 44.631988406181335 4.8390639573335639 5.5759523361921328 4.7944367527961722 3.9811904430389484 12.640426710247986 4.7263221442699415 5.5125876367092133 70.802414819598198 19.46779952943325 5.2826077193021792 5.2459547668695476 9.4969269782304746 11.617370724678041 4.8661636263132095 7.0680413544178 5.4437804818153372 5.7437831908464432 9.43610480427742 12.296438798308372
leaf_count=3341 23 22 21 21 23 22 22 33 198 66 190 22 25 20 19 64 22 25 309 88 23 23 40 50 22 30 24 25 40 53
internal_value=-0.000351573 0.00963275 -0.00665828 -0.00609644 0.0463553 0.00815161 -0.00713895 0.00703041 0.0179145 0.0314215 0.0248067 -0.0211624 0.00121636 -0.028829 -0.0492902 -0.0749988 0.00589185 0.0549484 0.0029774 0.012821 0.0266749 0.0518423 0.0996526 -0.000824841 0.048522 -0.027627 0.00979492 -0.019649 -0.00746888 0.0164322
internal_weight=863.204 334.17 529.034 526.005 10.2509 328.67 515.754 323.703 112.708 68.3139 63.5195 18.8875 210.995 28.4125 23.618 16.6216 182.582 10.2389 172.343 101.541 60.3406 31.5064 14.7429 28.8342 10.1488 18.6854 16.7635 11.3197 41.2003 21.7325
internal_count=4906 1478 3428 3407 44 1455 3363 1433 498 300 278 88 935 136 116 83 799 47 752 443 262 137 63 125 45 80 74 50 181 93
is_linear=0
shrinkage=0.1


Tree=21
num_leaves=31
num_cat=0
split_feature=0 77 74 105 0 0 61 0 1 8 26 0 0 152 59 6 15 138 7 15 15 8 11 105 0 5 6 0 0 8
split_gain=4.83621 2.25951 2.5428 2.67034 2.56928 3.49741 3.68925 2.47664 5.2886 3.44586 3.0616 2.62983 4.34538 2.11046 1.96274 4.37058 3.38748 2.82929 3.35933 4.04803 2.6595 3.02643 3.26506 2.3233 2.25163 2.23514 1.96398 1.91852 4.37237 4.68916
threshold=7.6317591667175302 1.0000000180025095e-35 1.0000000180025095e-35 1.0000000180025095e-35 6.3449692726135263 5.7535934448242196 1.0000000180025095e-35 5.1663243770599374 -0.4741805493831634 1.0000000180025095e-35 1.0000000180025095e-35 3.639972567558289 4.1437373161315927 1.0000000180025095e-35 1.0000000180025095e-35 1.0000000180025095e-35 1.0000000180025095e-35 1.0000000180025095e-35 1.0000000180025095e-35 1.0000000180025095e-35 1.0000000180025095e-35 1.0000000180025095e-35 1.0000000180025095e-35 1.0000000180025095e-35 3.1252566576004033 1.0000000180025095e-35 1.0000000180025095e-35 3.8535249233245854 2.3121149539947514 1.0000000180025095e-35
decision_type=2 2 2 2 2 2 2 2 2 2 2 2 2 2 2 2 2 2 2 2 2 2 2 2 2 2 2 2 2 2
left_child=1 2 14 4 5 7 -7 8 10 -10 11 -4 -13 -2 17 20 -17 23 19 -19 -16 22 -22 27 -20 -18 -21 28 29 -1
right_child=13 -3 3 -5 -6 6 -8 -9 9 -11 -12 12 -14 -15 15 16 25 18 24 26 21 -23 -24 -25 -26 -27 -28 -29 -30 -31
leaf_value=0.05798319909285015 0.0049090261266274433 0.052435104185584551 -0.06475497000806904 0.051368950561039531 -0.081391878073333326 0.12576807387755765 -0.039650340346211926 -0.089443985827550865 -0.0081731849198675051 0.14059228279574124 -0.081915768433606984 0.14445420378185445 -0.042560718770617602 -0.050539088532211257 -0.042723965743128776 0.073750487482998839 -0.046202854801862044 -0.0020026681581521997 0.043047772768223198 0.058577930528691174 -0.090473840793452331 0.078208075358491599 0.043773208991770486 0.046876171980464156 -0.074577715871438785 0.065633055783045971 0.17809794597788897 -0.013212003966724792 -0.062529852153496171 -0.070925059057818748
leaf_weight=7.4920385554432851 616.60995148867369 5.2431326210498801 4.0469996482133865 3.5288138389587393 11.002191908657549 2.8652322292327872 2.5465409085154533 7.4863807633519164 3.6478548198938396 2.716508261859417 11.966129757463932 2.3056718558073044 2.6942931488156319 6.9416812658309928 16.678455635905266 13.349651709198952 5.3062594309449196 6.0415544882416743 2.5218301638960829 2.8345410600304604 3.591634541749956 5.0288850590586662 3.6556520685553551 4.8253167271614066 4.5883923247456551 2.6945670396089554 2.6697917804121971 63.057404220104218 28.385213375091553 4.5268837437033653
leaf_count=65 2989 40 38 27 89 22 20 63 29 22 106 20 22 34 123 97 38 48 22 23 28 37 27 37 36 20 19 475 250 40
internal_value=-0.000332055 -0.0124821 -0.0139489 -0.0327739 -0.0385644 -0.0268651 0.0479295 -0.0384751 -0.0245377 0.0553245 -0.0487261 -0.00482708 0.0436789 0.00429175 -0.00812802 0.00858823 0.0429139 -0.0147524 0.0212153 0.0545152 -0.0167227 0.0186027 -0.0227574 -0.020949 -0.0328587 -0.00853808 0.116549 -0.0241123 -0.041124 0.00943037
internal_weight=860.849 237.298 232.055 54.8066 51.2778 40.2756 5.41177 34.8638 27.3775 6.36436 21.0131 9.04696 4.99997 623.552 177.248 50.3051 21.3505 126.943 18.6561 11.5459 28.9546 12.2762 7.24729 108.287 7.11022 8.00083 5.50433 103.462 40.4041 12.0189
internal_count=4906 1883 1843 458 431 342 42 300 237 51 186 80 42 3023 1385 370 155 1015 148 90 215 92 55 867 58 58 42 830 355 105
is_linear=0
shrinkage=0.1


Tree=22
num_leaves=31
num_cat=0
split_feature=1 1 26 10 0 0 84 1 0 0 5 7 5 1 1 54 105 84 11 78 74 130 1 8 61 83 10 7 10 79
split_gain=4.04173 2.52399 2.15999 3.30405 8.75169 3.26935 3.6446 3.69248 4.1858 3.73728 8.56854 4.657 3.67172 3.61566 3.76245 3.00645 2.5959 6.62772 2.4347 2.37706 2.37193 2.54637 7.86398 4.94782 2.46969 2.98263 2.81604 3.76416 2.6798 4.42757
threshold=-0.18701041489839551 -0.20009126514196393 1.0000000180025095e-35 1.0000000180025095e-35 5.7987680435180673 6.3449692726135263 1.0000000180025095e-35 -0.31721043586730951 5.3018479347229013 3.2429842948913579 1.0000000180025095e-35 1.0000000180025095e-35 1.0000000180025095e-35 -0.54931932687759388 -0.4741805493831634 1.0000000180025095e-35 1.0000000180025095e-35 1.0000000180025095e-35 1.0000000180025095e-35 1.0000000180025095e-35 1.0000000180025095e-35 1.0000000180025095e-35 -0.4741805493831634 1.0000000180025095e-35 1.0000000180025095e-35 1.0000000180025095e-35 1.0000000180025095e-35 1.0000000180025095e-35 1.0000000180025095e-35 1.0000000180025095e-35
decision_type=2 2 2 2 2 2 2 2 2 2 2 2 2 2 2 2 2 2 2 2 2 2 2 2 2 2 2 2 2 2
left_child=1 2 3 5 19 6 7 8 9 12 13 -12 -1 -11 -15 -6 20 -18 -7 -5 24 -22 -23 -24 25 28 27 -26 29 -4
right_child=-2 -3 16 4 15 18 -8 -9 -10 10 11 -13 -14 14 -16 -17 17 -19 -20 -21 21 22 23 -25 26 -27 -28 -29 -30 -31
leaf_value=0.04177055236385159 0.0037089685314430211 -0.089771212153499994 0.0099421070938517844 -0.078782092569244025 0.1057168188723393 0.00055352865280977983 0.14204593149449854 0.13450757528127674 -0.041572817046355674 0.080246621958243308 0.1942074970202628 0.03921344850427786 -0.089860187017709564 -0.11781930636325562 0.031341869705058846 -0.019381851052851513 0.1264241032471457 -0.061904903537747927 -0.11595999682500586 0.019680506003934211 -0.10104445881867122 -0.078616615982734103 -0.023588027846317722 0.15657206074590271 -0.063012093780884959 -0.062335650746455508 0.086313607659846137 0.069561595842996232 -0.034961244485049801 -0.1157305653272124
leaf_weight=4.4333173185586947 637.62750310450792 4.0917020514607421 44.859420962631702 15.705464407801633 5.2690146192908269 4.9615740776062003 2.6718340143561354 2.6912474781274787 10.141518354415892 3.5292300134897205 5.0849384441971779 3.1329168155789375 4.0595994666218758 3.4453182816505405 3.3212071210146004 3.0234431624412537 4.0395164266228667 3.4771799370646477 2.8087450340390205 2.9054517596960059 6.8487174510955837 11.25854924321175 3.1980846971273396 2.912797287106514 5.2182430252432805 14.462905168533323 4.8326362520456305 3.6325506791472435 32.976724542677402 2.9902638122439376
leaf_count=38 3109 38 368 130 37 37 20 17 75 28 38 23 38 27 25 24 29 26 24 23 60 106 26 23 38 118 36 25 274 26
internal_value=-0.000336883 -0.0119582 -0.010497 0.00294607 -0.025339 0.0180802 0.0289819 0.0213992 0.0132049 0.0337751 0.0589708 0.135119 -0.0211487 -0.00180884 -0.0446067 0.0601056 -0.0178711 0.0393042 -0.0415627 -0.0634106 -0.0210979 -0.0494054 -0.0290443 0.0622866 -0.0148068 -0.0205115 0.0249204 -0.00860108 -0.0130276 0.00208846
internal_weight=859.612 221.984 217.892 77.1848 26.9034 50.2814 42.5111 39.8393 37.148 27.0065 18.5136 8.21786 8.49292 10.2958 6.76653 8.29246 140.708 7.5167 7.77032 18.6109 133.191 24.2181 17.3694 6.11088 108.973 95.2893 13.6834 8.85079 80.8264 47.8497
internal_count=4906 1797 1759 604 214 390 329 309 292 217 141 61 76 80 52 61 1155 55 61 153 1100 215 155 49 885 786 99 63 668 394
is_linear=0
shrinkage=0.1


Tree=23
num_leaves=31
num_cat=0
split_feature=71 37 305 77 16 150 113 15 0 73 57 9 168 7 78 61 26 21 98 99 73 6 94 81 24 11 0 26 99 0
split_gain=3.68452 3.56103 2.11615 3.84102 4.57578 2.69632 2.40249 3.12635 4.25177 3.05259 4.30897 2.12993 4.03627 4.60173 3.9186 7.66268 4.41291 4.07721 3.14705 4.45046 4.34956 4.17976 3.43724 2.85791 4.19455 3.61947 4.57959 3.54752 7.09939 5.8103
threshold=1.0000000180025095e-35 1.0000000180025095e-35 1.0000000180025095e-35 1.0000000180025095e-35 1.0000000180025095e-35 1.0000000180025095e-35 1.0000000180025095e-35 1.0000000180025095e-35 11.296372413635256 1.0000000180025095e-35 1.0000000180025095e-35 1.0000000180025095e-35 1.0000000180025095e-35 1.0000000180025095e-35 1.0000000180025095e-35 1.0000000180025095e-35 1.0000000180025095e-35 1.0000000180025095e-35 1.0000000180025095e-35 1.0000000180025095e-35 1.0000000180025095e-35 1.0000000180025095e-35 1.0000000180025095e-35 1.0000000180025095e-35 1.0000000180025095e-35 1.0000000180025095e-35 9.7262148857116717 1.0000000180025095e-35 1.0000000180025095e-35 10.658453464508058
decision_type=2 2 2 2 2 2 2 2 2 2 2 2 2 2 2 2 2 2 2 2 2 2 2 2 2 2 2 2 2 2
left_child=2 -2 3 5 -5 6 11 9 -9 10 -8 12 23 -14 18 16 -16 -18 -13 21 -21 22 -20 24 -1 27 -27 28 -26 -30
right_child=1 -3 -4 4 -6 -7 7 8 -10 -11 -12 14 13 -15 15 -17 17 -19 19 20 -22 -23 -24 -25 25 26 -28 -29 29 -31
leaf_value=0.077083351942211289 0.087789217318626322 0.0065143005847115645 -0.080139902316469183 0.00096843372810215831 0.13993961639425778 -0.083681700359741623 -0.030567439368437407 -0.12126852833877866 0.010515921349977508 -0.079057740745705984 0.091579636577285475 -0.0056522756794691173 -0.0077460712695750049 0.098355270558546051 0.14462467444877858 -0.062422340566481917 0.10209115662342308 -0.04530117030240402 0.099216003840287822 -0.096511139208073207 0.048771182888244183 0.15148335252137393 -0.020590386085940011 -0.024470178154030433 0.0063451147894793896 -0.047229327222873881 0.0083230548431058506 -0.0094475011083343732 0.21082783573410679 0.037255425991874473
leaf_weight=6.1883385255932799 5.480677753686904 329.17736585438251 3.7799071967601767 5.899854972958563 3.9592375308275223 4.4567543417215338 7.0869978144764918 7.1351033449172991 3.7269436120986938 4.2967453077435485 4.8745064586400986 150.72082030028105 9.3895661905407923 7.2393029034137717 6.5497435256838816 4.7380883917212477 3.9681902080774307 3.5609551221132278 4.316480800509451 4.1061410009860992 4.1368693858385086 4.270976349711419 5.3786632865667343 112.73253211379051 25.590949900448322 37.791221298277378 24.434209004044533 55.601451747119427 3.5065298229455939 4.2856975048780441
leaf_count=31 23 1455 23 37 22 30 50 53 19 30 28 996 65 41 43 32 29 23 27 21 21 27 34 761 161 288 122 373 20 21
internal_value=-0.000350636 0.00784534 -0.00558785 -0.00504587 0.0567768 -0.0062408 -0.00555821 -0.0345125 -0.0760512 -0.00676068 0.0192095 -0.00391717 -0.00937279 0.0384447 0.00424177 0.047579 0.0845987 0.0323811 -0.000473874 0.034669 -0.0235992 0.0690598 0.0327499 -0.0123164 -0.00361151 -0.00691399 -0.0254154 0.00602376 0.031792 0.115364
internal_weight=858.381 334.658 523.723 519.943 9.85909 510.084 505.627 27.1203 10.862 16.2582 11.9615 478.507 286.76 16.6289 191.747 18.817 14.0789 7.52915 172.93 22.2091 8.24301 13.9661 9.69514 270.131 157.398 151.21 62.2254 88.9846 33.3832 7.79223
internal_count=4906 1478 3428 3405 59 3346 3316 180 72 108 78 3136 1883 106 1253 127 95 52 1126 130 42 88 61 1777 1016 985 410 575 202 41
is_linear=0
shrinkage=0.1


Tree=24
num_leaves=31
num_cat=0
split_feature=71 37 20 190 174 0 113 15 0 73 57 103 54 1 10 0 0 21 63 93 0 69 6 9 87 68 9 168 6 8
split_gain=3.01737 2.90978 2.1121 1.96801 2.14263 2.732 1.83675 2.68946 4.52202 2.62354 3.25968 1.77788 2.38282 3.45074 2.59667 3.1964 3.70218 3.50763 3.5785 2.57443 2.52844 3.71102 2.4492 2.0605 2.05917 2.05444 1.75956 3.41829 3.60932 3.85733
threshold=1.0000000180025095e-35 1.0000000180025095e-35 1.0000000180025095e-35 1.0000000180025095e-35 1.0000000180025095e-35 15.305954456329347 1.0000000180025095e-35 1.0000000180025095e-35 11.296372413635256 1.0000000180025095e-35 1.0000000180025095e-35 1.0000000180025095e-35 1.0000000180025095e-35 0.90873831510543834 1.0000000180025095e-35 12.462697029113771 14.017796039581301 1.0000000180025095e-35 1.0000000180025095e-35 1.0000000180025095e-35 12.992471218109133 1.0000000180025095e-35 1.0000000180025095e-35 1.0000000180025095e-35 1.0000000180025095e-35 1.0000000180025095e-35 1.0000000180025095e-35 1.0000000180025095e-35 1.0000000180025095e-35 1.0000000180025095e-35
decision_type=2 2 2 2 2 2 2 2 2 2 2 2 2 2 2 2 2 2 2 2 2 2 2 2 2 2 2 2 2 2
left_child=3 -2 11 4 6 -6 26 9 -9 10 -8 12 13 14 15 -3 22 18 -18 -16 21 23 -17 -14 -22 -26 27 -1 29 -29
right_child=1 2 -4 -5 5 -7 7 8 -10 -11 -12 -13 20 -15 19 16 17 -19 -20 -21 24 -23 -24 -25 25 -27 -28 28 -30 -31
leaf_value=-0.01170886976220222 0.079559040249105997 0.10123255120683004 0.069797387496907323 -0.061614562598120308 0.087736986258721769 -0.016048183949908267 -0.026387666711579317 -0.11876013903435544 0.021194359610087664 -0.074896708058227637 0.078570020986309663 -0.056260293241051751 -0.1180870766529038 0.069399653550139856 -0.02061817731631211 -0.048662651464099878 0.032311343088438013 -0.04580135225182394 0.12090718644898626 0.046135891890754399 0.0011050668894812775 0.00074590562141898967 0.027305729136043219 -0.030667021845346799 -0.0017726198334478555 0.08723494259925299 0.0034458528003892125 -0.067720967228696624 0.088222462743071842 0.054933844037475837
leaf_weight=268.41624374687672 5.4446946233510962 4.9898089170455924 5.0858569741249076 6.092161461710929 5.6133406013250333 4.6270763725042343 7.0480764433741587 6.7690865471959132 3.5035798400640488 4.0927039235830298 5.10026715695858 4.6916730254888526 5.4114346355199832 11.522453889250754 31.917849734425545 11.106236964464189 27.331312194466591 4.6400583088397971 5.4717808961868277 7.0541505962610236 171.07829587161541 16.673728331923485 6.8683127015829077 5.3734664618968964 4.7511071860790235 5.7096002548933029 192.62621192634106 4.9445358738303202 7.2008119523525229 5.3255993276834488
leaf_count=1801 23 22 22 26 24 20 51 55 18 30 28 21 28 47 143 52 116 20 23 32 745 78 32 27 22 25 1266 34 43 32
internal_value=-0.000352282 0.00705098 0.00585349 -0.00511098 -0.00444292 0.0408422 -0.00536117 -0.0309812 -0.0710275 -0.00565137 0.017677 0.00485158 0.00574786 0.0175957 0.0115894 0.0245728 0.0176704 0.0355784 0.0470897 -0.00853532 -0.000539068 -0.0288205 -0.0196341 -0.0745309 0.00373863 0.046809 -0.0039416 -0.00891915 0.0339409 -0.00411807
internal_weight=856.482 335.122 329.677 521.36 515.268 10.2404 505.027 26.5137 10.2727 16.241 12.1483 324.591 319.9 110.902 99.3795 60.4075 55.4177 37.4432 32.8031 38.972 208.998 27.4586 17.9745 10.7849 181.539 10.4607 478.513 285.887 17.4709 10.2701
internal_count=4906 1478 1455 3428 3402 44 3358 182 73 109 79 1433 1412 487 440 265 243 159 139 175 925 133 84 55 792 47 3176 1910 109 66
is_linear=0
shrinkage=0.1


Tree=25
num_leaves=31
num_cat=0
split_feature=133 137 9 0 14 67 0 1 8 11 270 137 5 0 12 14 56 14 0 129 1 9 14 45 13 1 26 11 10 6
split_gain=2.52286 4.93772 3.2418 3.96186 5.20656 4.37005 3.21195 5.13706 3.56665 3.14932 3.0052 2.82108 2.55021 3.30558 2.8818 4.28937 4.47964 3.08973 3.53615 2.73359 2.49094 2.46826 4.19622 3.34976 8.30492 2.846 2.43896 2.23314 2.05764 2.01946
threshold=1.0000000180025095e-35 1.0000000180025095e-35 1.0000000180025095e-35 5.1238877773284921 1.0000000180025095e-35 1.0000000180025095e-35 2.3121149539947514 -0.44832307100296015 1.0000000180025095e-35 1.0000000180025095e-35 1.0000000180025095e-35 1.0000000180025095e-35 1.0000000180025095e-35 6.566735267639161 1.0000000180025095e-35 1.0000000180025095e-35 1.0000000180025095e-35 1.0000000180025095e-35 6.0766596794128427 1.0000000180025095e-35 -0.37394477427005762 1.0000000180025095e-35 1.0000000180025095e-35 1.0000000180025095e-35 1.0000000180025095e-35 -0.15446041524410245 1.0000000180025095e-35 1.0000000180025095e-35 1.0000000180025095e-35 1.0000000180025095e-35
decision_type=2 2 2 2 2 2 2 2 2 2 2 2 2 2 2 2 2 2 2 2 2 2 2 2 2 2 2 2 2 2
left_child=10 6 3 4 -3 -5 8 -8 28 -4 11 -1 14 19 17 16 -16 18 20 -14 -9 22 23 24 -13 26 -23 29 -2 -21
right_child=1 2 9 5 -6 -7 7 12 -10 -11 -12 21 13 -15 15 -17 -18 -19 -20 27 -22 25 -24 -25 -26 -27 -28 -29 -30 -31
leaf_value=0.002393684120412846 0.11312744785896961 -0.034239933357104103 0.12825118078876052 0.052632902472567217 0.17147212871099959 -0.099353859877181497 -0.08755417531938349 0.0023421810275066012 -0.057714297170064134 0.0017980096835247582 0.070296392822163822 0.11911575735609375 -0.098232058363220173 0.053524407866737449 -0.089447214349078763 0.11860684305461169 0.067488579115327893 -0.071230311216357159 -0.067944638397911414 -0.0065607475605104805 0.1235955948208875 0.031828442222457461 -0.11507091986535148 -0.10392945823784056 -0.06851775439044766 0.077353665507155611 -0.065775639567060853 0.048712686441210747 0.0059643019354624705 -0.1197435596574023
leaf_weight=714.84847678616643 3.9213088974356634 2.4824828207492837 4.844426803290844 2.9273781627416593 2.4393230229616165 5.3477456271648407 14.604741744697092 4.152389928698538 3.5975167155265808 3.3187425583600998 6.3217794373631468 4.1620404198765772 9.8352297022938764 2.8779711201786986 3.5269298106431979 4.1766132041811943 3.7556857019662857 8.3586677312850952 3.8018324300646782 3.60453812032938 2.8619626834988612 4.5662945210933668 6.6111547648906699 3.3061035722494116 5.4450036734342575 3.8924580365419379 5.8273982033133507 2.9808487817645073 3.2993034720420837 2.8017748296260834
leaf_count=3820 33 23 37 24 22 42 133 33 35 26 32 32 78 22 28 31 29 65 28 29 21 33 50 19 42 18 48 23 29 21
internal_value=-0.000334322 -0.0153005 0.0273081 -0.0033316 0.0677141 -0.0455876 -0.0269452 -0.0350706 0.0236323 0.0768416 0.00163843 0.00105868 -0.0205353 -0.046426 -0.00185696 0.0378181 -0.00851454 -0.0255675 0.00972039 -0.0613905 0.0518154 -0.0271672 -0.0502793 -0.0171079 0.0127703 0.00441918 -0.0228949 -0.0227905 0.0641616 -0.0560608
internal_weight=854.498 99.5174 21.3601 13.1969 4.92181 8.27512 78.1573 67.3392 10.8181 8.16317 754.981 748.659 52.7344 22.1004 30.6341 11.4592 7.28262 19.1749 10.8162 19.2224 7.01435 33.8105 19.5243 12.9131 9.60704 14.2862 10.3937 9.38716 7.22061 6.40631
internal_count=4906 812 174 111 45 66 638 541 97 63 4094 4062 408 173 235 88 57 147 82 151 54 242 143 93 74 99 81 73 62 50
is_linear=0
shrinkage=0.1


end of trees

feature_importances:
Column_0=148
Column_1=56
Column_5=22
Column_8=22
Column_11=20
Column_26=20
Column_6=19
Column_7=19
Column_10=19
Column_14=19
Column_9=18
Column_15=18
Column_12=13
Column_23=12
Column_61=12
Column_54=11
Column_73=11
Column_62=10
Column_67=10
Column_69=10
Column_13=9
Column_16=9
Column_105=9
Column_82=8
Column_113=8
Column_139=8
Column_151=8
Column_47=7
Column_55=7
Column_71=7
Column_74=7
Column_108=7
Column_168=7
Column_34=6
Column_64=6
Column_68=6
Column_83=6
Column_22=5
Column_63=5
Column_65=5
Column_78=5
Column_80=5
Column_81=5
Column_99=5
Column_174=5
Column_21=4
Column_37=4
Column_53=4
Column_84=4
Column_137=4
Column_209=4
Column_219=4
Column_20=3
Column_33=3
Column_59=3
Column_70=3
Column_77=3
Column_87=3
Column_91=3
Column_94=3
Column_95=3
Column_102=3
Column_128=3
Column_130=3
Column_152=3
Column_178=3
Column_270=3
Column_24=2
Column_35=2
Column_36=2
Column_39=2
Column_42=2
Column_45=2
Column_49=2
Column_51=2
Column_56=2
Column_57=2
Column_79=2
Column_88=2
Column_98=2
Column_133=2
Column_167=2
Column_17=1
Column_30=1
Column_44=1
Column_48=1
Column_93=1
Column_97=1
Column_101=1
Column_103=1
Column_104=1
Column_114=1
Column_129=1
Column_138=1
Column_140=1
Column_150=1
Column_190=1
Column_206=1
Column_262=1
Column_265=1
Column_267=1
Column_268=1
Column_274=1
Column_305=1
Column_312=1

parameters:
[boosting: gbdt]
[objective: binary]
[metric: binary_logloss]
[tree_learner: serial]
[device_type: cpu]
[data_sample_strategy: bagging]
[data: ]
[valid: ]
[num_iterations: 300]
[learning_rate: 0.1]
[num_leaves: 31]
[num_threads: 0]
[seed: 0]
[deterministic: 0]
[force_col_wise: 0]
[force_row_wise: 0]
[histogram_pool_size: -1]
[max_depth: -1]
[min_data_in_leaf: 20]
[min_sum_hessian_in_leaf: 0.001]
[bagging_fraction: 1]
[pos_bagging_fraction: 1]
[neg_bagging_fraction: 1]
[bagging_freq: 0]
[bagging_seed: 7719]
[bagging_by_query: 0]
[feature_fraction: 1]
[feature_fraction_bynode: 1]
[feature_fraction_seed: 2437]
[extra_trees: 0]
[extra_seed: 11797]
[early_stopping_round: 0]
[early_stopping_min_delta: 0]
[first_metric_only: 0]
[max_delta_step: 0]
[lambda_l1: 0]
[lambda_l2: 0]
[linear_lambda: 0]
[min_gain_to_split: 0]
[drop_rate: 0.1]
[max_drop: 50]
[skip_drop: 0.5]
[xgboost_dart_mode: 0]
[uniform_drop: 0]
[drop_seed: 21238]
[top_rate: 0.2]
[other_rate: 0.1]
[min_data_per_group: 100]
[max_cat_threshold: 32]
[cat_l2: 10]
[cat_smooth: 10]
[max_cat_to_onehot: 4]
[top_k: 20]
[monotone_constraints: ]
[monotone_constraints_method: basic]
[monotone_penalty: 0]
[feature_contri: ]
[forcedsplits_filename: ]
[refit_decay_rate: 0.9]
[cegb_tradeoff: 1]
[cegb_penalty_split: 0]
[cegb_penalty_feature_lazy: ]
[cegb_penalty_feature_coupled: ]
[path_smooth: 0]
[interaction_constraints: ]
[verbosity: -1]
[saved_feature_importance_type: 0]
[use_quantized_grad: 0]
[num_grad_quant_bins: 4]
[quant_train_renew_leaf: 0]
[stochastic_rounding: 1]
[linear_tree: 0]
[max_bin: 255]
[max_bin_by_feature: ]
[min_data_in_bin: 3]
[bin_construct_sample_cnt: 200000]
[data_random_seed: 38]
[is_enable_sparse: 1]
[enable_bundle: 1]
[use_missing: 1]
[zero_as_missing: 0]
[feature_pre_filter: 1]
[pre_partition: 0]
[two_round: 0]
[header: 0]
[label_column: ]
[weight_column: ]
[group_column: ]
[ignore_column: ]
[categorical_feature: ]
[forcedbins_filename: ]
[precise_float_parser: 0]
[parser_config_file: ]
[objective_seed: 8855]
[num_class: 1]
[is_unbalance: 0]
[scale_pos_weight: 1]
[sigmoid: 1]
[boost_from_average: 1]
[reg_sqrt: 0]
[alpha: 0.9]
[fair_c: 1]
[poisson_max_delta_step: 0.7]
[tweedie_variance_power: 1.5]
[lambdarank_truncation_level: 30]
[lambdarank_norm: 1]
[label_gain: ]
[lambdarank_position_bias_regularization: 0]
[eval_at: ]
[multi_error_top_k: 1]
[auc_mu_weights: ]
[num_machines: 1]
[local_listen_port: 12400]
[time_out: 120]
[machine_list_filename: ]
[machines: ]
[gpu_platform_id: -1]
[gpu_device_id: -1]
[gpu_device_id_list: ]
[gpu_use_dp: 0]
[num_gpu: 1]

end of parameters

pandas_categorical:null
