tree
version=v4
num_class=1
num_tree_per_iteration=1
label_index=0
max_feature_idx=567
objective=binary sigmoid:1
feature_names=Column_0 Column_1 Column_2 Column_3 Column_4 Column_5 Column_6 Column_7 Column_8 Column_9 Column_10 Column_11 Column_12 Column_13 Column_14 Column_15 Column_16 Column_17 Column_18 Column_19 Column_20 Column_21 Column_22 Column_23 Column_24 Column_25 Column_26 Column_27 Column_28 Column_29 Column_30 Column_31 Column_32 Column_33 Column_34 Column_35 Column_36 Column_37 Column_38 Column_39 Column_40 Column_41 Column_42 Column_43 Column_44 Column_45 Column_46 Column_47 Column_48 Column_49 Column_50 Column_51 Column_52 Column_53 Column_54 Column_55 Column_56 Column_57 Column_58 Column_59 Column_60 Column_61 Column_62 Column_63 Column_64 Column_65 Column_66 Column_67 Column_68 Column_69 Column_70 Column_71 Column_72 Column_73 Column_74 Column_75 Column_76 Column_77 Column_78 Column_79 Column_80 Column_81 Column_82 Column_83 Column_84 Column_85 Column_86 Column_87 Column_88 Column_89 Column_90 Column_91 Column_92 Column_93 Column_94 Column_95 Column_96 Column_97 Column_98 Column_99 Column_100 Column_101 Column_102 Column_103 Column_104 Column_105 Column_106 Column_107 Column_108 Column_109 Column_110 Column_111 Column_112 Column_113 Column_114 Column_115 Column_116 Column_117 Column_118 Column_119 Column_120 Column_121 Column_122 Column_123 Column_124 Column_125 Column_126 Column_127 Column_128 Column_129 Column_130 Column_131 Column_132 Column_133 Column_134 Column_135 Column_136 Column_137 Column_138 Column_139 Column_140 Column_141 Column_142 Column_143 Column_144 Column_145 Column_146 Column_147 Column_148 Column_149 Column_150 Column_151 Column_152 Column_153 Column_154 Column_155 Column_156 Column_157 Column_158 Column_159 Column_160 Column_161 Column_162 Column_163 Column_164 Column_165 Column_166 Column_167 Column_168 Column_169 Column_170 Column_171 Column_172 Column_173 Column_174 Column_175 Column_176 Column_177 Column_178 Column_179 Column_180 Column_181 Column_182 Column_183 Column_184 Column_185 Column_186 Column_187 Column_188 Column_189 Column_190 Column_191 Column_192 Column_193 Column_194 Column_195 Column_196 Column_197 Column_198 Column_199 Column_200 Column_201 Column_202 Column_203 Column_204 Column_205 Column_206 Column_207 Column_208 Column_209 Column_210 Column_211 Column_212 Column_213 Column_214 Column_215 Column_216 Column_217 Column_218 Column_219 Column_220 Column_221 Column_222 Column_223 Column_224 Column_225 Column_226 Column_227 Column_228 Column_229 Column_230 Column_231 Column_232 Column_233 Column_234 Column_235 Column_236 Column_237 Column_238 Column_239 Column_240 Column_241 Column_242 Column_243 Column_244 Column_245 Column_246 Column_247 Column_248 Column_249 Column_250 Column_251 Column_252 Column_253 Column_254 Column_255 Column_256 Column_257 Column_258 Column_259 Column_260 Column_261 Column_262 Column_263 Column_264 Column_265 Column_266 Column_267 Column_268 Column_269 Column_270 Column_271 Column_272 Column_273 Column_274 Column_275 Column_276 Column_277 Column_278 Column_279 Column_280 Column_281 Column_282 Column_283 Column_284 Column_285 Column_286 Column_287 Column_288 Column_289 Column_290 Column_291 Column_292 Column_293 Column_294 Column_295 Column_296 Column_297 Column_298 Column_299 Column_300 Column_301 Column_302 Column_303 Column_304 Column_305 Column_306 Column_307 Column_308 Column_309 Column_310 Column_311 Column_312 Column_313 Column_314 Column_315 Column_316 Column_317 Column_318 Column_319 Column_320 Column_321 Column_322 Column_323 Column_324 Column_325 Column_326 Column_327 Column_328 Column_329 Column_330 Column_331 Column_332 Column_333 Column_334 Column_335 Column_336 Column_337 Column_338 Column_339 Column_340 Column_341 Column_342 Column_343 Column_344 Column_345 Column_346 Column_347 Column_348 Column_349 Column_350 Column_351 Column_352 Column_353 Column_354 Column_355 Column_356 Column_357 Column_358 Column_359 Column_360 Column_361 Column_362 Column_363 Column_364 Column_365 Column_366 Column_367 Column_368 Column_369 Column_370 Column_371 Column_372 Column_373 Column_374 Column_375 Column_376 Column_377 Column_378 Column_379 Column_380 Column_381 Column_382 Column_383 Column_384 Column_385 Column_386 Column_387 Column_388 Column_389 Column_390 Column_391 Column_392 Column_393 Column_394 Column_395 Column_396 Column_397 Column_398 Column_399 Column_400 Column_401 Column_402 Column_403 Column_404 Column_405 Column_406 Column_407 Column_408 Column_409 Column_410 Column_411 Column_412 Column_413 Column_414 Column_415 Column_416 Column_417 Column_418 Column_419 Column_420 Column_421 Column_422 Column_423 Column_424 Column_425 Column_426 Column_427 Column_428 Column_429 Column_430 Column_431 Column_432 Column_433 Column_434 Column_435 Column_436 Column_437 Column_438 Column_439 Column_440 Column_441 Column_442 Column_443 Column_444 Column_445 Column_446 Column_447 Column_448 Column_449 Column_450 Column_451 Column_452 Column_453 Column_454 Column_455 Column_456 Column_457 Column_458 Column_459 Column_460 Column_461 Column_462 Column_463 Column_464 Column_465 Column_466 Column_467 Column_468 Column_469 Column_470 Column_471 Column_472 Column_473 Column_474 Column_475 Column_476 Column_477 Column_478 Column_479 Column_480 Column_481 Column_482 Column_483 Column_484 Column_485 Column_486 Column_487 Column_488 Column_489 Column_490 Column_491 Column_492 Column_493 Column_494 Column_495 Column_496 Column_497 Column_498 Column_499 Column_500 Column_501 Column_502 Column_503 Column_504 Column_505 Column_506 Column_507 Column_508 Column_509 Column_510 Column_511 Column_512 Column_513 Column_514 Column_515 Column_516 Column_517 Column_518 Column_519 Column_520 Column_521 Column_522 Column_523 Column_524 Column_525 Column_526 Column_527 Column_528 Column_529 Column_530 Column_531 Column_532 Column_533 Column_534 Column_535 Column_536 Column_537 Column_538 Column_539 Column_540 Column_541 Column_542 Column_543 Column_544 Column_545 Column_546 Column_547 Column_548 Column_549 Column_550 Column_551 Column_552 Column_553 Column_554 Column_555 Column_556 Column_557 Column_558 Column_559 Column_560 Column_561 Column_562 Column_563 Column_564 Column_565 Column_566 Column_567
feature_infos=[2.0013689994812012:17.993154525756836] [-0.7776256799697876:0.99923950433731079] none none none [0:1] [0:1] [0:1] [0:1] [0:1] [0:1] [0:1] [0:1] [0:1] [0:1] [0:1] [0:1] [0:1] [0:1] [0:1] [0:1] [0:1] [0:1] [0:1] [0:1] [0:1] [0:1] [0:1] [0:1] [0:1] [0:1] [0:1] [0:1] [0:1] [0:1] [0:1] [0:1] [0:1] [0:1] [0:1] [0:1] [0:1] [0:1] [0:1] [0:1] [0:1] [0:1] [0:1] [0:1] [0:1] [0:1] [0:1] [0:1] [0:1] [0:1] [0:1] [0:1] [0:1] [0:1] [0:1] [0:1] [0:1] [0:1] [0:1] [0:1] [0:1] [0:1] [0:1] [0:1] [0:1] [0:1] [0:1] [0:1] [0:1] [0:1] [0:1] [0:1] [0:1] [0:1] [0:1] [0:1] [0:1] [0:1] [0:1] [0:1] [0:1] [0:1] [0:1] [0:1] [0:1] [0:1] [0:1] [0:1] [0:1] [0:1] [0:1] [0:1] [0:1] [0:1] [0:1] [0:1] [0:1] [0:1] [0:1] [0:1] [0:1] [0:1] [0:1] [0:1] none none none none [0:1] [0:1] none [0:1] none [0:1] none none [0:1] none none none none [0:1] [0:1] [0:1] [0:1] [0:1] none [0:1] [0:1] [0:1] [0:1] none [0:1] [0:1] [0:1] [0:1] [0:1] [0:1] [0:1] [0:1] [0:1] [0:1] [0:1] [0:1] [0:1] [0:1] [0:1] [0:1] [0:1] [0:1] [0:1] [0:1] none none none none none none none none none none [0:1] [0:1] none none none none none [0:1] [0:1] [0:1] [0:1] [0:1] [0:1] [0:1] [0:1] [0:1] [0:1] [0:1] [0:1] [0:1] [0:1] [0:1] [0:1] [0:1] [0:1] [0:1] [0:1] [0:1] [0:1] [0:1] [0:1] [0:1] [0:1] [0:1] [0:1] none none [0:1] [0:1] [0:1] none [0:1] [0:1] [0:1] [0:1] [0:1] none [0:1] none none [0:1] none [0:1] [0:1] [0:1] [0:1] [0:1] [0:1] [0:1] [0:1] [0:1] [0:1] [0:1] [0:1] [0:1] [0:1] [0:1] [0:1] [0:1] [0:1] [0:1] [0:1] [0:1] [0:1] [0:1] [0:1] [0:1] none none none none none none none none none none none none none none none none none [0:1] [0:1] [0:1] [0:1] [0:1] [0:1] [0:1] [0:1] [0:1] [0:1] none [0:1] [0:1] [0:1] [0:1] none [0:1] [0:1] none none none [0:1] [0:1] none none none none none [0:1] [0:1] [0:1] [0:1] [0:1] [0:1] [0:1] none none none [0:1] none [0:1] [0:1] [0:1] none [0:1] [0:1] [0:1] [0:1] none none [0:1] [0:1] none none none none [0:1] [0:1] none none none [0:1] none none [0:1] [0:1] none none [0:1] [0:1] none none none none none none none none none none none none none none none none none none none none none none none none none none none none none none none none none none none none none none none none none none none none none none none none none none none none none none none none none none none none none none none none none none none none none none none none none none none none none none none none none none none none none none none none none none none none none none none none none none none none none none none none none none none none none none none none none none none none none none none none none none none none none none none none none none none none none none none none none none none none none none none none none none none none none none none none none none none none none none none none none none none none none none none none none none none none none none none none none none none none none none none none none none none none none none none none none none none none none none none none none none none none none none none none none none none none none none none none none none none none none none none none none none none none none none none none none none none none none
tree_sizes=3400 3432 3458 3441 3469 3456 3442 3445 3483 3468 3484 3465 3466 3482 3471 3470 3477 3476 3471 3478 3471 3496 3473 3459 3486 3463 3502 3465 3497 3481 3485 3476 3470 3479 3504 3483 3506 3480

Tree=0
num_leaves=31
num_cat=0
split_feature=13 0 14 5 10 14 10 0 5 14 0 130 7 0 5 0 6 12 61 12 7 67 0 7 7 12 74 67 5 0
split_gain=1245.22 299.357 220.243 35.7754 33.0446 29.5932 19.3497 18.9455 17.404 16.4218 14.5623 12.2089 14.7308 10.0062 9.61326 9.52227 8.56425 8.0864 7.98112 7.0655 10.1402 10.1654 7.03677 7.00632 6.68498 6.65087 6.34438 6.33109 6.1438 6.00839
threshold=1.0000000180025095e-35 7.2840518951416025 1.0000000180025095e-35 1.0000000180025095e-35 1.0000000180025095e-35 1.0000000180025095e-35 1.0000000180025095e-35 4.273785114288331 1.0000000180025095e-35 1.0000000180025095e-35 9.5071868896484393 1.0000000180025095e-35 1.0000000180025095e-35 11.296372413635256 1.0000000180025095e-35 14.917180061340334 1.0000000180025095e-35 1.0000000180025095e-35 1.0000000180025095e-35 1.0000000180025095e-35 1.0000000180025095e-35 1.0000000180025095e-35 5.6454484462738046 1.0000000180025095e-35 1.0000000180025095e-35 1.0000000180025095e-35 1.0000000180025095e-35 1.0000000180025095e-35 1.0000000180025095e-35 3.3497605323791508
decision_type=2 2 2 2 2 2 2 2 2 2 2 2 2 2 2 2 2 2 2 2 2 2 2 2 2 2 2 2 2 2
left_child=5 7 3 10 14 6 -1 28 11 16 26 12 15 -6 24 17 -9 27 -11 -5 21 -21 -20 -12 -4 -26 -3 -8 29 -2
right_child=1 2 4 19 13 -7 8 9 -10 18 23 -13 -14 -15 -16 -17 -18 -19 22 20 -22 -23 -24 -25 25 -27 -28 -29 -30 -31
leaf_value=-1.1627349175620878 -1.0257624658198414 -0.86923281148814202 -0.96604334604900588 -0.82142684341070094 -0.96869217797432527 -1.1872014301161542 -0.92941378456744739 -0.94022561715665309 -1.1558675586773346 -1.0999167433556849 -0.7013397353425197 -1.151461580821358 -1.115626427895382 -0.85309933735704013 -1.0825919507630557 -0.93132674038950169 -1.0281181463858369 -1.1131620765896917 -0.88445932274917105 -0.93080772136801415 -1.0322641441819889 -0.764580757900434 -1.0742670504263379 -0.76438358920824856 -1.1117291019415683 -0.96604334604900588 -0.74234521764623285 -1.0592822298202458 -1.1230079991719601 -1.1054854266890299
leaf_weight=175.79694178700447 23.070965245366096 11.821486324071886 24.024310916662216 41.565871268510818 12.584162861108782 234.52303513884544 6.6734196990728369 30.125723212957382 57.772747680544853 21.164273902773861 44.997915685176849 20.973604768514633 29.935054078698158 18.494906023144722 20.592266499996185 8.9614493101835233 17.541560351848602 11.63081718981266 3.8133826851844779 8.1987727731466311 4.1947209537029257 6.6734196990728369 4.0040518194437027 28.981708407402039 8.0081036388874036 5.1480666249990454 5.9107431620359412 8.5801110416650772 23.642972648143768 16.016207277774811
leaf_count=922 121 62 126 218 66 1230 35 158 303 111 236 110 157 97 108 47 92 61 20 43 22 35 21 152 42 27 31 45 124 84
internal_value=-1.06466 -0.925345 -0.857925 -0.784948 -0.98305 -1.16021 -1.14045 -1.04202 -1.11334 -1.00866 -0.745546 -1.08503 -1.06384 -0.899904 -1.02778 -1.0206 -0.97257 -1.05036 -1.06802 -0.844547 -0.894949 -0.856219 -0.981678 -0.726037 -0.997422 -1.05472 -0.826937 -1.00246 -1.08277 -1.05843
internal_weight=935.423 380.576 241.196 152.345 88.8518 554.847 320.324 139.379 144.527 76.649 91.7119 86.7545 65.7809 31.0791 57.7727 35.8458 47.6673 26.8843 28.9817 60.6328 19.0669 14.8722 7.81743 73.9796 37.1805 13.1562 17.7322 15.2535 62.7301 39.0872
internal_count=4906 1996 1265 799 466 2910 1680 731 758 402 481 455 345 163 303 188 250 141 152 318 100 78 41 388 195 69 93 80 329 205
is_linear=0
shrinkage=1


Tree=1
num_leaves=31
num_cat=0
split_feature=13 0 14 14 10 5 10 5 0 14 67 70 0 7 0 5 16 0 61 6 62 1 5 0 26 139 10 1 7 50
split_gain=987.654 203.096 137.148 28.0377 23.2789 20.156 17.574 15.2991 14.8543 12.3921 11.1183 9.38245 7.9743 7.59886 7.91303 7.44161 7.2645 6.48676 6.29801 6.11516 5.30696 5.29942 5.16158 5.11283 7.65456 5.07632 5.06374 5.03369 4.97101 5.26998
threshold=1.0000000180025095e-35 7.2840518951416025 1.0000000180025095e-35 1.0000000180025095e-35 1.0000000180025095e-35 1.0000000180025095e-35 1.0000000180025095e-35 1.0000000180025095e-35 4.273785114288331 1.0000000180025095e-35 1.0000000180025095e-35 1.0000000180025095e-35 9.5071868896484393 1.0000000180025095e-35 6.2258727550506601 1.0000000180025095e-35 1.0000000180025095e-35 8.6036963462829608 1.0000000180025095e-35 1.0000000180025095e-35 1.0000000180025095e-35 0.73214691877365123 1.0000000180025095e-35 9.9206023216247576 1.0000000180025095e-35 1.0000000180025095e-35 1.0000000180025095e-35 -0.37394477427005762 1.0000000180025095e-35 1.0000000180025095e-35
decision_type=2 2 2 2 2 2 2 2 2 2 2 2 2 2 2 2 2 2 2 2 2 2 2 2 2 2 2 2 2 2
left_child=3 8 5 6 15 12 -1 10 22 19 13 -12 -3 14 -8 28 -16 -6 -11 20 -10 23 -2 -7 -25 -19 -23 -20 29 -4
right_child=1 2 4 -5 17 21 7 -9 9 18 11 -13 -14 -15 16 -17 -18 25 27 -21 -22 26 -24 24 -26 -27 -28 -29 -30 -31
leaf_value=-0.093006690797027447 0.0055492694645735037 0.19151722897697518 0.112347086140417 -0.11779818761609194 0.029177948092713638 0.14954895346652466 -0.060188899168552572 -0.08616850795055736 0.064068032249348067 -0.032323118161925977 -0.072939120508134406 0.027426110874223447 0.26214139650094215 -0.030368863994572927 0.033449877174880342 -0.016293008734430247 0.16715764678224643 0.17313003840620753 0.14878298556579822 0.032280282791245556 0.14563420802993107 0.081371892443479241 -0.054151788303420524 0.26475539089716793 0.17050959253529183 0.057763198321673107 0.20226533406151295 -0.0086930340572220124 0.0087772347672330844 0.009238865681738085
leaf_weight=167.29267704486847 39.201268091797829 19.678175523877144 18.37018990516663 220.31289473176003 4.7865250110626212 17.427624225616455 4.1042348742485073 55.175554409623146 15.754079282283785 20.79892373085022 38.440394297242165 12.292927339673041 85.24892121553421 14.66252565383911 8.8106934726238268 20.411872386932373 7.5415200740098944 24.170386254787449 4.1368365287780762 17.852017283439636 16.158030033111572 9.3841532617807371 22.965569376945496 16.657049790024757 17.855761587619781 4.5286729335784903 5.4926158040761939 3.9852779209613818 13.214521229267119 6.7889832258224478
leaf_count=922 205 93 92 1230 24 83 22 303 78 111 207 64 388 79 45 108 38 117 20 92 80 45 124 79 85 22 26 21 69 34
internal_value=-0.000536998 0.116998 0.16873 -0.0905539 0.0703995 0.221559 -0.0710863 -0.0450835 0.0200298 0.0488952 -0.018679 -0.0486201 0.248896 0.0245743 0.0639559 0.0324906 0.0951149 0.136951 -0.00316169 0.0791486 0.105367 0.178629 -0.0165054 0.193701 0.215996 0.154925 0.126007 0.0715142 0.0584397 0.0845242
internal_weight=933.501 404.867 264.015 528.633 92.2712 171.744 308.321 141.028 140.852 78.6852 85.8523 50.7333 104.927 35.119 20.4564 58.7856 16.3522 33.4856 28.921 49.7641 31.9121 66.8172 62.1668 51.9404 34.5128 28.6991 14.8768 8.12211 38.3737 25.1592
internal_count=4906 1996 1265 2910 466 799 1680 758 731 402 455 271 481 184 105 303 83 163 152 250 158 318 329 247 164 139 71 41 195 126
is_linear=0
shrinkage=0.1


Tree=2
num_leaves=31
num_cat=0
split_feature=13 1 14 14 1 14 10 10 5 5 130 7 35 16 132 0 12 12 10 5 56 0 5 15 99 81 11 0 10 65
split_gain=799.305 148.075 91.4286 26.7351 17.7037 16.5953 16.3317 15.9628 14.139 13.4412 9.25508 10.366 7.41098 6.67243 7.30984 6.31222 6.31092 6.25412 7.06589 5.84728 5.54748 4.64138 4.57733 5.47568 4.77973 4.43955 4.41425 4.36437 4.1652 6.612
threshold=1.0000000180025095e-35 -0.11521788686513899 1.0000000180025095e-35 1.0000000180025095e-35 -0.46931324899196619 1.0000000180025095e-35 1.0000000180025095e-35 1.0000000180025095e-35 1.0000000180025095e-35 1.0000000180025095e-35 1.0000000180025095e-35 1.0000000180025095e-35 1.0000000180025095e-35 1.0000000180025095e-35 1.0000000180025095e-35 14.917180061340334 1.0000000180025095e-35 1.0000000180025095e-35 1.0000000180025095e-35 1.0000000180025095e-35 1.0000000180025095e-35 11.296372413635256 1.0000000180025095e-35 1.0000000180025095e-35 1.0000000180025095e-35 1.0000000180025095e-35 1.0000000180025095e-35 16.56947231292725 1.0000000180025095e-35 1.0000000180025095e-35
decision_type=2 2 2 2 2 2 2 2 2 2 2 2 2 2 2 2 2 2 2 2 2 2 2 2 2 2 2 2 2 2
left_child=3 4 8 7 19 -6 22 -1 28 10 11 15 13 14 -7 16 -9 -10 -19 -2 -12 -8 23 24 -4 -18 -25 -17 29 -3
right_child=1 2 6 -5 5 12 21 9 17 -11 20 -13 -14 -15 -16 27 25 18 -20 -21 -22 -23 -24 26 -26 -27 -28 -29 -30 -31
leaf_value=-0.088258734411522405 0.010991613232036736 0.20557108053952913 0.00021764957702241064 -0.1135523750433042 0.089688507608526924 0.18207456445563111 0.068397209638471387 0.052036599401566443 0.17464728234041135 -0.081425339140748398 -0.11441642365601688 -0.044332101894708653 -0.055420113896866866 -0.042046918534634159 0.023075816378659381 0.17336257082045853 -0.10145720705768282 0.067336642182017278 0.19058131526680389 -0.047375528849283706 0.00054563166225017991 0.14743538713263413 -0.0094016225934049971 0.058176828848590524 0.10474813420214338 0.024149878291683479 0.18364422312813306 0.039398386886378083 0.23539243690691755 0.08759651825948038
leaf_weight=159.09429451823235 47.081005215644836 54.790370509028435 18.673851087689403 206.41530901193619 54.909768059849739 4.6979678422212618 11.346032142639158 15.78621768951416 45.185241684317589 52.682347297668457 13.206459373235704 28.638942316174507 13.979175627231596 6.3663979172706595 7.5196238458156586 4.7620810866355878 6.3293459564447403 13.926406174898149 6.9852071404457083 27.011163115501404 6.1531424373388282 21.524959832429886 18.559968531131744 7.0802599936723691 5.7125649303197852 5.066293478012085 4.6429305374622345 4.9699252992868423 45.783795118331909 5.2017059922218314
leaf_count=922 244 233 93 1230 262 24 54 80 200 303 75 157 74 33 39 23 34 64 31 147 35 97 99 35 28 27 23 24 194 22
internal_value=-0.000840376 0.100831 0.147636 -0.0859153 0.0256806 0.0561461 0.0644511 -0.0666874 0.190005 -0.0417454 -0.0171268 0.000814654 -0.000414978 0.0409608 0.0842148 0.0358409 0.0110976 0.153721 0.108505 -0.0102868 -0.0778776 0.120154 0.0309588 0.0517037 0.0247041 -0.0456146 0.107868 0.10495 0.212677 0.195342
internal_weight=924.083 420.978 259.413 503.104 161.565 87.4729 87.5406 296.689 171.873 137.595 84.9124 65.5528 32.5632 18.584 12.2176 36.9139 27.1819 66.0969 20.9116 74.0922 19.3596 32.871 54.6696 36.1096 24.3864 11.3956 11.7232 9.73201 105.776 59.9921
internal_count=4906 1996 1173 2910 823 432 429 1680 744 758 455 345 170 96 63 188 141 295 95 391 110 151 278 179 121 61 58 47 449 255
is_linear=0
shrinkage=0.1


Tree=3
num_leaves=31
num_cat=0
split_feature=13 0 14 14 10 10 5 5 0 67 70 14 16 5 1 7 0 81 61 26 0 5 6 69 16 54 0 0 0 67
split_gain=654.741 113.007 72.2949 25.5815 14.4669 13.2059 11.7788 11.1655 9.45258 8.90979 7.1442 7.11239 4.97673 6.41906 6.10387 4.96625 5.56232 5.78899 4.92969 5.01244 4.90041 4.70758 4.3775 4.30455 4.17295 6.34107 4.08736 3.94513 8.54441 6.53857
threshold=1.0000000180025095e-35 7.2840518951416025 1.0000000180025095e-35 1.0000000180025095e-35 1.0000000180025095e-35 1.0000000180025095e-35 1.0000000180025095e-35 1.0000000180025095e-35 4.273785114288331 1.0000000180025095e-35 1.0000000180025095e-35 1.0000000180025095e-35 1.0000000180025095e-35 1.0000000180025095e-35 0.1512662544846535 1.0000000180025095e-35 6.9089665412902841 1.0000000180025095e-35 1.0000000180025095e-35 1.0000000180025095e-35 9.5071868896484393 1.0000000180025095e-35 1.0000000180025095e-35 1.0000000180025095e-35 1.0000000180025095e-35 1.0000000180025095e-35 4.8911705017089853 3.3497605323791508 2.960985660552979 1.0000000180025095e-35
decision_type=2 2 2 2 2 2 2 2 2 2 2 2 2 2 2 2 2 2 2 2 2 2 2 2 2 2 2 2 2 2
left_child=3 8 7 4 -1 21 9 20 27 15 -11 22 13 14 -7 16 -6 -18 19 -13 -3 -4 24 -12 25 -10 -5 28 -2 -30
right_child=1 2 5 26 6 12 -8 -9 11 10 23 18 -14 -15 -16 -17 17 -19 -20 -21 -22 -23 -24 -25 -26 -27 -28 -29 29 -31
leaf_value=-0.083770946121775103 -0.026933127268848008 0.13656500039571401 0.044997503281204033 -0.082642090138331639 -0.044715146875515602 0.030286815277316293 -0.076929696722045707 0.12954587278668969 9.9260567382090592e-05 -0.065961195688835628 0.097463928070544978 0.039934082519240827 0.16213077995503405 0.020286514439162635 0.16314656989989787 -0.0234357127339355 0.0284508090293152 0.14771176776470582 0.062534920350420561 -0.064642774048602455 0.18891176646183758 -0.014202972240625234 0.020668185964235912 -0.023586265453665229 0.11846853298339916 0.11958021697043437 -0.11752592636807491 -0.044532446898997317 -0.030842547983023241 0.12787231777278227
leaf_weight=151.26776826381683 24.283837258815765 22.007900834083557 40.177715107798576 43.306354522705078 4.5457558631896999 5.1273146420717248 50.310382872819901 74.188576385378838 10.970740824937822 36.194038927555084 4.6855107992887479 6.9745389372110376 9.8460968434810621 10.982710123062134 10.620776802301405 14.055510163307188 9.3881695717573184 7.1851108074188224 8.3319623321294802 13.368100926280022 95.427369594573975 20.178186625242233 18.704575285315514 7.8748109042644501 15.833982720971106 7.4638425707817069 149.68935585021973 25.130032151937485 3.8345495462417576 8.0339357554912567
leaf_count=922 129 93 195 276 25 24 303 318 51 207 24 38 44 49 46 79 46 34 41 73 388 108 92 40 73 34 954 137 20 43
internal_value=-0.00102714 0.0882983 0.124316 -0.0815758 -0.0625656 0.0539394 -0.0386703 0.159916 0.0155835 -0.0157361 -0.0434109 0.0378632 0.101353 0.0789664 0.11989 0.0226232 0.0532772 0.0801547 -0.00225254 -0.0287883 0.179102 0.0252056 0.059578 0.0215704 0.0808159 0.048475 -0.109698 -0.0141002 0.00705379 0.0765937
internal_weight=909.99 431.487 288.557 478.503 285.507 96.9328 134.239 191.624 142.93 83.9289 48.7544 81.6477 36.5769 26.7308 15.7481 35.1745 21.119 16.5733 28.6746 20.3426 117.435 60.3559 52.9731 12.5603 34.2686 18.4346 192.996 61.2824 36.1523 11.8685
internal_count=4906 1996 1265 2910 1680 466 758 799 731 455 271 402 163 119 70 184 105 80 152 111 481 303 250 64 158 85 1230 329 192 63
is_linear=0
shrinkage=0.1


Tree=4
num_leaves=31
num_cat=0
split_feature=13 1 14 14 10 1 5 14 5 10 67 70 34 5 12 10 132 0 7 7 12 54 0 80 5 86 15 7 51 10
split_gain=540.636 88.8458 54.0365 24.5495 13.0982 11.0901 10.3116 10.1903 9.48098 9.41512 7.37719 6.07949 5.99615 5.00068 4.54617 5.15073 4.40454 4.06909 3.97242 3.93517 5.12902 4.48283 3.70875 3.15947 3.58094 3.2176 3.46834 3.34925 3.96356 3.1242
threshold=1.0000000180025095e-35 -0.11521788686513899 1.0000000180025095e-35 1.0000000180025095e-35 1.0000000180025095e-35 -0.46931324899196619 1.0000000180025095e-35 1.0000000180025095e-35 1.0000000180025095e-35 1.0000000180025095e-35 1.0000000180025095e-35 1.0000000180025095e-35 1.0000000180025095e-35 1.0000000180025095e-35 1.0000000180025095e-35 1.0000000180025095e-35 1.0000000180025095e-35 4.8911705017089853 1.0000000180025095e-35 1.0000000180025095e-35 1.0000000180025095e-35 1.0000000180025095e-35 14.29021215438843 1.0000000180025095e-35 1.0000000180025095e-35 1.0000000180025095e-35 1.0000000180025095e-35 1.0000000180025095e-35 1.0000000180025095e-35 1.0000000180025095e-35
decision_type=2 2 2 2 2 2 2 2 2 2 2 2 2 2 2 2 2 2 2 2 2 2 2 2 2 2 2 2 2 2
left_child=3 5 8 4 22 13 10 -7 29 23 19 -12 16 -2 -10 -16 -9 -5 -13 20 21 -6 -1 24 25 26 27 28 -4 -3
right_child=1 2 9 17 6 7 -8 12 14 -11 11 18 -14 -15 15 -17 -18 -19 -20 -21 -22 -23 -24 -25 -26 -27 -28 -29 -30 -31
leaf_value=-0.071233341764980293 0.010618637781961151 0.14797134432272255 0.0025532482237888097 -0.078526123256008259 0.013968160578190432 0.068480029237999576 -0.072642738206174534 0.093839498694339274 0.13299549053580473 0.090716037354218168 -0.06170834465282056 0.063416400837216461 -0.052008203791374996 -0.043819872470409901 0.044227828537441137 0.14581263698992553 -0.0045145836766758056 -0.11432994909908012 -0.051609767950282937 -0.021376129869042238 -0.012517459918080544 0.13480700087415054 -0.11070088615657757 0.11029345217879821 -0.01984214110747189 -0.0396559961605919 0.096959754114090385 -0.029196444595917456 0.11310788571473476 0.18171117513480467
leaf_weight=113.74204570055008 47.084890425205231 63.41694039106369 6.8031316995620745 41.133205354213715 5.0769936293363571 58.142071023583412 48.070158630609512 7.6093619167804727 48.579106345772743 35.083606973290443 34.889318972826004 7.8000029772520048 13.61700703203678 26.298702597618103 14.801448583602907 7.530765861272811 11.336696952581406 139.03555002808571 4.8812211602926254 13.878479599952696 8.6672293841838837 7.7660714238882065 30.112777531147003 3.997333124279975 16.858213678002357 4.8173876851797095 9.8783282488584536 7.3526806533336631 6.1966849714517593 48.382306799292564
leaf_count=729 244 255 32 276 25 262 303 37 200 151 207 38 74 147 64 31 59 954 26 79 44 36 193 20 91 23 46 37 29 194
internal_value=-0.00114128 0.0781938 0.113075 -0.0774661 -0.0586619 0.0200125 -0.0357897 0.0433961 0.144431 0.05011 -0.0144355 -0.0401558 -0.00139169 -0.00889066 0.115828 0.0784838 0.0349877 -0.106156 0.0191409 0.0201385 0.0469238 0.0870382 -0.079495 0.0246268 0.0180296 0.0362459 0.0483411 0.0247435 0.0552519 0.162573
internal_weight=892.84 437.787 273.698 455.053 274.884 164.089 131.029 90.7051 182.711 90.9874 82.9593 47.5705 32.5631 73.3836 70.9113 22.3322 18.9461 180.169 12.6812 35.3888 21.5103 12.8431 143.855 55.9038 51.9064 35.0482 30.2308 20.3525 12.9998 111.799
internal_count=4906 1996 1173 2910 1680 823 758 432 744 429 455 271 170 391 295 95 96 1230 64 184 105 61 922 278 258 167 144 98 61 449
is_linear=0
shrinkage=0.1


Tree=5
num_leaves=31
num_cat=0
split_feature=13 1 14 14 10 5 1 5 14 10 1 7 8 11 35 16 8 61 12 113 0 1 26 10 62 15 0 16 0 54
split_gain=448.933 70.9918 43.9839 23.5742 11.8308 9.00627 8.81955 8.40151 7.96391 7.35272 6.58894 5.47995 6.03097 5.36555 4.97234 5.22983 5.44493 4.82718 4.79022 4.33085 4.07938 4.03663 4.95176 4.27054 5.37024 5.01111 3.57897 3.48686 3.502 3.74047
threshold=1.0000000180025095e-35 -0.11521788686513899 1.0000000180025095e-35 1.0000000180025095e-35 1.0000000180025095e-35 1.0000000180025095e-35 -0.46931324899196619 1.0000000180025095e-35 1.0000000180025095e-35 1.0000000180025095e-35 -0.34367632865905756 1.0000000180025095e-35 1.0000000180025095e-35 1.0000000180025095e-35 1.0000000180025095e-35 1.0000000180025095e-35 1.0000000180025095e-35 1.0000000180025095e-35 1.0000000180025095e-35 1.0000000180025095e-35 4.8911705017089853 0.73214691877365123 1.0000000180025095e-35 1.0000000180025095e-35 1.0000000180025095e-35 1.0000000180025095e-35 14.29021215438843 1.0000000180025095e-35 14.800821304321291 1.0000000180025095e-35
decision_type=2 2 2 2 2 2 2 2 2 2 2 2 2 2 2 2 2 2 2 2 2 2 2 2 2 2 2 2 2 2
left_child=3 6 7 4 26 10 19 -3 -8 -4 17 12 18 -14 15 16 -10 -6 -12 -2 -5 22 -9 24 -24 -26 -1 -13 29 -29
right_child=1 2 9 20 5 -7 8 21 14 -11 11 27 13 -15 -16 -17 -18 -19 -20 -21 -22 -23 23 -25 25 -27 -28 28 -30 -31
leaf_value=-0.067186414528568716 -0.014359956712931818 0.14621964488078235 0.021907565480217325 -0.074562201242273141 -0.091517659891827849 -0.068536110524402949 0.060274364925022986 0.14803738445828538 0.11392619129793158 0.079847529302571912 0.11291010522250217 -0.065472706940860201 -0.057396635058632711 0.0543160049491095 -0.04839482806670567 -0.042860733284155995 -0.024471544843594761 0.02618815756887094 0.010146213389004434 0.086127383317285894 -0.11143922636945061 0.06009760997101396 -0.012571643130477692 0.13590693894749037 0.042518556084889005 0.17675268461313676 -0.10722803089549018 0.12367065411922683 -0.062118937297990999 -0.019669997091965059
leaf_weight=108.79650463163853 68.435861438512802 111.85701468586922 56.346824526786804 39.095533311367035 14.923409432172777 45.967042967677116 59.380443781614304 25.401337444782257 8.5680171400308627 35.82962004840374 10.346146240830421 14.350839763879776 10.942692995071413 7.0819325596094123 13.269173458218573 6.367606356739997 4.2541913688182822 4.5453525781631461 8.0772990137338638 4.5757090151309958 128.90017685294151 17.155819907784462 6.7975439578294763 11.361409649252893 6.5189531594514847 4.8501735180616379 28.084255963563919 3.5753521025180817 4.423304095864296 3.7090532779693604
leaf_count=729 366 449 278 276 94 303 262 103 42 151 49 84 56 35 74 33 21 27 42 25 954 71 28 46 27 20 193 21 25 22
internal_value=-0.00120544 0.0698073 0.10081 -0.0735555 -0.0549673 -0.0331051 0.0178792 0.129063 0.0385026 0.0444292 -0.0132374 0.00258495 0.0276209 -0.0135044 -0.00132674 0.0312194 0.0680082 -0.064037 0.0678558 -0.00806231 -0.102857 0.102441 0.115666 0.087818 0.0577432 0.0997841 -0.0754019 -0.0324327 0.00806632 0.0506849
internal_weight=873.789 440.97 276.119 432.819 264.823 127.942 164.851 183.942 91.8394 92.1764 81.9754 62.5066 36.4481 18.0246 32.459 19.1898 12.8222 19.4688 18.4234 73.0116 167.996 72.0852 54.9294 29.5281 18.1667 11.3691 136.881 26.0585 11.7077 7.28441
internal_count=4906 1996 1173 2910 1680 758 823 744 432 429 455 334 182 91 170 96 63 121 91 391 1230 295 224 121 75 47 922 152 68 43
is_linear=0
shrinkage=0.1


Tree=6
num_leaves=31
num_cat=0
split_feature=13 0 14 14 10 5 5 10 67 14 1 62 70 35 11 11 55 0 5 0 7 6 130 12 52 9 61 1 16 5
split_gain=374.139 58.1163 38.3004 22.6243 10.6463 7.83284 7.64954 6.52848 5.95542 5.12791 4.98441 5.40139 4.72415 4.70904 8.47999 4.27598 5.35963 4.3625 4.19319 4.10841 4.08467 4.47198 4.26148 4.00591 4.64646 5.51655 3.88046 3.62166 3.55057 4.66503
threshold=1.0000000180025095e-35 7.2840518951416025 1.0000000180025095e-35 1.0000000180025095e-35 1.0000000180025095e-35 1.0000000180025095e-35 1.0000000180025095e-35 1.0000000180025095e-35 1.0000000180025095e-35 1.0000000180025095e-35 -0.46931324899196619 1.0000000180025095e-35 1.0000000180025095e-35 1.0000000180025095e-35 1.0000000180025095e-35 1.0000000180025095e-35 1.0000000180025095e-35 3.3497605323791508 1.0000000180025095e-35 4.8911705017089853 1.0000000180025095e-35 1.0000000180025095e-35 1.0000000180025095e-35 1.0000000180025095e-35 1.0000000180025095e-35 1.0000000180025095e-35 1.0000000180025095e-35 -0.39508707821369166 1.0000000180025095e-35 1.0000000180025095e-35
decision_type=2 2 2 2 2 2 2 2 2 2 2 2 2 2 2 2 2 2 2 2 2 2 2 2 2 2 2 2 2 2
left_child=3 9 6 4 -1 8 23 -4 -6 10 15 13 -10 27 -15 17 18 -2 -17 -5 21 22 -13 -3 25 -25 -19 -12 29 -9
right_child=1 2 7 19 5 -7 -8 28 12 -11 11 20 -14 14 -16 16 -18 26 -20 -21 -22 -23 -24 24 -26 -27 -28 -29 -30 -31
leaf_value=-0.071463053211494862 0.065714607043837622 0.14566002069450903 0.01761440551887325 -0.070727995471814256 0.018724935535974936 -0.064589598431861087 0.089330707450948288 0.085009388519512355 -0.055909973464340804 -0.014840618850554009 0.031751095821531815 0.091183289894479325 0.015696725123097634 -0.011978961509202355 0.1559723387545861 0.065666076986335961 -0.1063165426274541 -0.041568787705083259 -0.073269981088888603 -0.10879232048166512 0.018556627998930288 0.033099138813700822 0.21855067866596484 0.11413631722999634 0.14272945864493408 0.022487551964742135 0.063576162418387136 -0.078077185342607616 0.11922054821488387 0.0022760466711040507
leaf_weight=130.344890370965 13.510309591889383 67.269419342279434 61.906548798084259 37.193984091281891 35.238889768719673 44.002552941441536 78.276631087064743 16.766973614692688 33.055283606052399 51.109809771180153 5.41407510638237 5.9134026020765322 12.773648574948309 7.1604592502117157 5.1818302720785141 5.4489394575357455 6.9792173057794562 11.893421202898027 3.6123854964971542 119.32591187953949 6.8602393120527259 4.9994692951440802 4.7265836894512177 18.74371050298214 22.393230989575386 10.110318854451181 4.9795716404914847 6.7405993938446045 10.612954914569853 11.483074665069582
leaf_count=922 72 273 303 276 184 303 318 70 207 276 24 25 64 32 23 28 37 64 21 954 30 23 20 76 91 41 26 30 44 49
internal_value=-0.00124163 0.0626491 0.0879177 -0.0698098 -0.0514641 -0.0306218 0.11359 0.0377814 -0.0121845 0.0106253 0.0245576 0.047515 -0.0359514 0.0150248 0.0585343 0.00131692 -0.0404522 0.0233685 0.0102779 -0.0997471 0.0828892 0.111109 0.147763 0.129613 0.10855 0.082023 -0.0105383 -0.0291562 0.0699063 0.05138
internal_weight=854.028 442.093 297.563 411.935 255.415 125.07 196.793 100.77 81.0678 144.53 93.4205 46.9967 45.8289 24.497 12.3423 46.4238 16.0405 30.3833 9.06132 156.52 22.4997 15.6395 10.64 118.517 51.2473 28.854 16.873 12.1547 38.863 28.25
internal_count=4906 1996 1265 2910 1680 758 799 466 455 731 455 207 271 109 55 248 86 162 49 1230 98 68 45 481 208 117 90 54 163 119
is_linear=0
shrinkage=0.1


Tree=7
num_leaves=31
num_cat=0
split_feature=13 0 14 14 10 14 0 5 0 16 10 7 0 0 11 0 8 11 8 0 42 0 0 83 81 0 12 10 0 61
split_gain=312.348 48.6724 25.5446 21.7473 9.59253 8.86641 8.83278 7.97756 6.88916 5.84779 5.57295 5.36481 5.04461 4.98529 4.73171 4.98311 6.96977 4.60091 4.23813 7.46076 5.62205 4.51701 4.14834 3.90856 3.85109 4.26448 3.742 4.1723 3.65616 3.53026
threshold=1.0000000180025095e-35 8.5516767501831072 1.0000000180025095e-35 1.0000000180025095e-35 1.0000000180025095e-35 1.0000000180025095e-35 5.6454484462738046 1.0000000180025095e-35 5.7535934448242196 1.0000000180025095e-35 1.0000000180025095e-35 1.0000000180025095e-35 9.5071868896484393 8.2067074775695819 1.0000000180025095e-35 12.921286582946779 1.0000000180025095e-35 1.0000000180025095e-35 1.0000000180025095e-35 14.054756641387941 1.0000000180025095e-35 11.296372413635256 4.8911705017089853 1.0000000180025095e-35 1.0000000180025095e-35 7.5277206897735605 1.0000000180025095e-35 1.0000000180025095e-35 14.29021215438843 1.0000000180025095e-35
decision_type=2 2 2 2 2 2 2 2 2 2 2 2 2 2 2 2 2 2 2 2 2 2 2 2 2 2 2 2 2 2
left_child=3 5 7 4 28 6 17 -3 -6 11 23 12 -10 24 15 16 -11 29 19 21 -20 -14 -5 -4 -7 -26 -9 -28 -1 -2
right_child=1 2 10 22 8 13 -8 26 9 14 -12 -13 18 -15 -16 -17 -18 -19 20 -21 -22 -23 -24 -25 25 -27 27 -29 -30 -31
leaf_value=-0.059052400156341146 0.013329662480707794 0.12444809404430515 0.031348454134515605 -0.067007882266531898 -0.071881319139733391 -0.032677612546651517 0.064242060143269233 0.096738346836629602 -0.070078705412687722 0.08630148372874144 0.072368241663151853 -0.076466133057617888 0.071012734085174806 -0.12137537839375379 0.056705008275691082 -0.059268901907908289 -0.06534524256125919 -0.025915496562625918 -0.089988795702860114 0.14627504135805466 0.053032859553266379 -0.098431218040819807 -0.10633912391473127 -0.046964210812151991 0.0037681794020973935 0.11229887890436335 0.015791382238672051 0.10650606832307959 -0.10189886114665328 0.082281974999139001
leaf_weight=99.352291524410248 33.113135635852814 102.68536540865898 46.920080527663231 35.426624715328217 27.896451503038406 28.383386701345444 51.4168331772089 45.882188022136688 10.228154152631758 8.1235565990209597 33.939662486314774 20.975162208080292 3.0699322819709778 3.9875490218400946 15.521445930004118 12.230791702866552 4.8344018906354895 24.02616423368454 6.4590245634317398 5.1712451875209808 4.7843064069747925 3.2270047664642334 110.33402180671692 7.3748415410518637 27.572941139340404 4.1676680445671073 14.764884367585184 7.7217141538858405 24.90874108672142 9.5715063512325269
leaf_count=729 168 425 227 276 191 153 217 184 63 47 139 136 20 19 88 73 30 122 36 27 27 20 954 36 149 19 61 31 193 46
internal_value=-0.00125218 0.0564487 0.0842837 -0.0661534 -0.0480641 0.0168452 0.0330949 0.106827 -0.0282091 -0.015334 0.0405813 -0.0369358 -0.0117639 -0.0130954 0.0132745 -0.0134876 0.0297246 0.00908847 0.0144982 0.0572707 -0.0291297 -0.0158226 -0.0967798 0.0207113 -0.00591406 0.0180187 0.0803603 0.0469421 -0.0676412 0.0287914
internal_weight=834.071 441.528 259.289 392.543 246.783 182.239 118.128 171.054 122.521 94.625 88.2346 53.9148 32.9397 64.1115 40.7102 25.1888 12.958 66.7108 22.7115 11.4682 11.2433 6.29694 145.761 54.2949 60.124 31.7406 68.3688 22.4866 124.261 42.6846
internal_count=4906 1996 1103 2910 1680 893 553 701 758 567 402 329 193 340 238 150 77 336 130 67 63 40 1230 263 321 168 276 92 922 214
is_linear=0
shrinkage=0.1


Tree=8
num_leaves=31
num_cat=0
split_feature=13 0 14 14 5 5 14 1 10 84 97 11 12 10 0 0 67 70 0 12 11 129 5 10 65 139 49 61 1 0
split_gain=261.332 40.2415 22.0636 20.8134 9.0773 7.38349 7.13456 7.12544 7.12276 6.06308 6.60195 5.79047 5.13305 4.47647 4.28999 4.19264 3.65099 3.63791 3.61129 3.46355 3.41337 3.55677 3.88372 3.38202 5.65232 3.28795 3.23195 3.20422 4.01168 3.18441
threshold=1.0000000180025095e-35 8.5516767501831072 1.0000000180025095e-35 1.0000000180025095e-35 1.0000000180025095e-35 1.0000000180025095e-35 1.0000000180025095e-35 -0.34367632865905756 1.0000000180025095e-35 1.0000000180025095e-35 1.0000000180025095e-35 1.0000000180025095e-35 1.0000000180025095e-35 1.0000000180025095e-35 8.2067074775695819 4.8911705017089853 1.0000000180025095e-35 1.0000000180025095e-35 15.181382656097414 1.0000000180025095e-35 1.0000000180025095e-35 1.0000000180025095e-35 1.0000000180025095e-35 1.0000000180025095e-35 1.0000000180025095e-35 1.0000000180025095e-35 1.0000000180025095e-35 1.0000000180025095e-35 -0.64696934819221485 3.2429842948913579
decision_type=2 2 2 2 2 2 2 2 2 2 2 2 2 2 2 2 2 2 2 2 2 2 2 2 2 2 2 2 2 2
left_child=3 6 5 4 8 23 7 20 9 10 26 -12 16 -4 -8 -5 -10 19 -14 29 27 -22 -23 24 -3 -15 -1 28 -2 -6
right_child=1 2 13 15 17 -7 14 -9 12 -11 11 -13 18 25 -16 -17 -18 -19 -20 -21 21 22 -24 -25 -26 -27 -28 -29 -30 -31
leaf_value=-0.058178127569239416 0.060343359195111246 0.10913744197636764 0.018468260202882791 -0.063391634069320968 -0.11848668187319918 0.072423550204688353 -0.005372249835782961 0.059184066818221984 0.041099231297075781 0.04798522610201425 -0.081236314035116775 0.10812328295947388 -0.059720361610772092 0.077934297894997381 -0.11495896112619647 -0.10403802861691916 -0.013822109271662242 -0.099877172729619337 0.024089875226175683 -0.084527896660846577 0.053551550555025897 -0.0081132887614232489 -0.10132805544904398 0.13602422351776655 0.00087685890473589384 -0.0073821229343542863 -0.11168683767437496 0.073974905899196933 -0.012403119520683143 -0.027733836147244936
leaf_weight=38.490251705050468 11.196759462356562 51.218790233135223 54.732349187135696 33.78967148065567 4.3451738208532324 68.280290946364403 59.862946435809135 48.265025913715363 22.131898909807205 5.4221235886216155 2.7164767608046523 3.9821887239813805 23.54897823929787 28.858039066195488 3.79893635213375 101.9298375248909 26.713806837797165 27.374307125806808 6.5771867185831061 26.40938138961792 5.2160473316907909 13.444452598690988 6.6957389861345282 43.536744892597198 5.3239421099424353 5.3553623110055915 15.97207462787628 10.57474999129772 23.471702560782436 35.091149106621742
leaf_count=299 58 216 263 276 33 276 321 201 114 42 21 31 145 117 19 954 163 212 33 200 23 67 39 187 22 22 124 49 116 263
internal_value=-0.00125608 0.0510168 0.0764928 -0.0626489 -0.0448753 0.097777 0.0151034 0.0295723 -0.0292717 -0.0533632 -0.0623481 0.0313332 -0.00895948 0.0362053 -0.0119117 -0.0939184 0.0110626 -0.0692389 -0.0414228 -0.0565016 0.00932835 -0.0200431 -0.0391032 0.115075 0.0989439 0.0645799 -0.0738705 0.0257894 0.0110916 -0.0377332
internal_weight=814.326 439.832 257.306 374.495 238.775 168.36 182.526 118.864 145.555 66.5831 61.161 6.69867 78.9719 88.9458 63.6619 135.72 48.8457 93.22 30.1262 65.8457 70.5995 25.3562 20.1402 100.079 56.5427 34.2134 54.4623 45.2432 34.6685 39.4363
internal_count=4906 1996 1103 2910 1680 701 893 553 972 517 475 52 455 402 340 1230 277 708 178 496 352 129 106 425 238 139 423 223 174 296
is_linear=0
shrinkage=0.1


Tree=9
num_leaves=31
num_cat=0
split_feature=13 1 14 14 5 10 12 10 84 97 7 0 82 52 6 0 0 0 0 80 5 73 8 7 56 16 7 7 70 54
split_gain=218.833 34.0857 22.6962 19.8665 8.14621 6.87486 6.26356 6.19286 5.17104 5.75066 5.14201 5.3781 4.87491 4.85518 5.6076 4.75066 4.37688 4.26371 4.12469 4.03362 4.28565 7.20634 4.83782 4.40365 4.80316 4.14958 3.93588 3.74244 3.48853 3.40836
threshold=1.0000000180025095e-35 -0.11521788686513899 1.0000000180025095e-35 1.0000000180025095e-35 1.0000000180025095e-35 1.0000000180025095e-35 1.0000000180025095e-35 1.0000000180025095e-35 1.0000000180025095e-35 1.0000000180025095e-35 1.0000000180025095e-35 15.979465961456301 1.0000000180025095e-35 1.0000000180025095e-35 1.0000000180025095e-35 4.273785114288331 5.7535934448242196 3.1252566576004033 2.3791923522949223 1.0000000180025095e-35 1.0000000180025095e-35 1.0000000180025095e-35 1.0000000180025095e-35 1.0000000180025095e-35 1.0000000180025095e-35 1.0000000180025095e-35 1.0000000180025095e-35 1.0000000180025095e-35 1.0000000180025095e-35 1.0000000180025095e-35
decision_type=2 2 2 2 2 2 2 2 2 2 2 2 2 2 2 2 2 2 2 2 2 2 2 2 2 2 2 2 2 2
left_child=3 15 5 4 7 6 10 8 9 -1 -3 -12 -7 14 -8 -2 29 18 -5 20 23 -22 -23 -4 -25 -26 -18 -11 -6 -9
right_child=1 2 19 17 28 12 13 16 -10 27 11 -13 -14 -15 -16 -17 26 -19 -20 -21 21 22 -24 24 25 -27 -28 -29 -30 -31
leaf_value=-0.070252652085667736 -0.011831341621363504 0.11703891348321543 0.059053125910338899 -0.098188455591734503 -0.053023493358699637 0.1245919221844897 0.052292854440927287 -0.084574138726328393 0.04170501940769511 0.094565638308111474 0.081771143817805592 -0.030400843035376574 0.046819289239169538 0.080801403210956635 -0.048740313916615985 0.023319922829617132 0.024685954424736398 -0.097221229402369588 0.017044514938737904 0.093399887508694796 -0.049948648920023826 0.093481091976197361 -0.039807547830667069 0.070159399188909108 0.0059592441523518376 -0.11193081406666344 -0.02664872465812131 -0.053879024599067238 -0.096822522150727189 0.014413245418721269
leaf_weight=51.70185586810112 60.19306106865406 37.550173863768578 36.384276002645493 5.7305199578404409 63.325817719101906 59.457983523607254 13.976523846387863 11.332972764968874 5.6043043583631507 3.7444970309734336 22.071224197745327 5.3007869869470587 9.3233795762062055 19.073447838425636 9.0510140806436539 106.42775538563728 37.00022554397583 113.87129462510347 6.7830644398927689 8.7463992834091169 17.438170552253723 8.3186415731906909 4.0483098924159995 6.6278486698865899 8.8055808246135694 4.5174757540225992 25.045316979289055 3.1079948842525482 25.510819956660271 5.0189097374677649
leaf_count=423 329 157 157 49 496 256 58 83 42 28 92 22 40 81 38 494 186 1123 58 38 83 39 21 31 39 21 154 24 212 32
internal_value=-0.00124657 0.0462059 0.0681096 -0.0592478 -0.0418327 0.0893825 0.0735295 -0.0270209 -0.0500606 -0.0588436 0.0930109 0.0600482 0.11405 0.0434879 0.0125816 0.0106213 -0.0081658 -0.0911325 -0.0357257 0.0286955 0.0221257 -0.00853983 0.0498492 0.0383498 0.000593244 -0.034014 0.00396419 0.0272375 -0.0656011 -0.0541918
internal_weight=795.09 437.312 270.691 357.778 231.393 175.805 107.023 142.556 64.1587 58.5543 64.9222 27.372 68.7814 42.101 23.0275 166.621 78.3974 126.385 12.5136 94.8867 86.1403 29.8051 12.367 56.3352 19.9509 13.3231 62.0455 6.85249 88.8366 16.3519
internal_count=4906 1996 1173 2910 1680 744 448 972 517 475 271 114 296 177 96 823 455 1230 107 429 391 143 60 248 91 60 340 52 708 115
is_linear=0
shrinkage=0.1


Tree=10
num_leaves=31
num_cat=0
split_feature=13 1 14 14 16 14 5 1 10 7 0 67 1 26 70 12 5 81 97 11 53 31 8 5 80 83 42 15 10 0
split_gain=183.236 28.7031 18.8818 16.3301 7.59361 6.21198 6.11444 5.66809 4.69659 4.61389 4.40885 4.40703 4.14701 4.82803 3.99218 4.11318 3.91373 3.715 3.6311 3.52177 5.33387 4.204 4.18672 3.33913 3.29912 3.59235 4.12422 3.05336 3.03123 3.97662
threshold=1.0000000180025095e-35 0.050117878243327148 1.0000000180025095e-35 1.0000000180025095e-35 1.0000000180025095e-35 1.0000000180025095e-35 1.0000000180025095e-35 -0.34367632865905756 1.0000000180025095e-35 1.0000000180025095e-35 4.8911705017089853 1.0000000180025095e-35 0.73214691877365123 1.0000000180025095e-35 1.0000000180025095e-35 1.0000000180025095e-35 1.0000000180025095e-35 1.0000000180025095e-35 1.0000000180025095e-35 1.0000000180025095e-35 1.0000000180025095e-35 1.0000000180025095e-35 1.0000000180025095e-35 1.0000000180025095e-35 1.0000000180025095e-35 1.0000000180025095e-35 1.0000000180025095e-35 1.0000000180025095e-35 1.0000000180025095e-35 3.5414099693298344
decision_type=2 2 2 2 2 2 2 2 2 2 2 2 2 2 2 2 2 2 2 2 2 2 2 2 2 2 2 2 2 2
left_child=2 5 4 6 16 7 9 -2 -6 14 27 -10 13 -8 15 -3 28 23 -9 21 22 -13 -21 -7 25 -5 -27 -4 29 -1
right_child=1 3 10 24 8 17 12 18 11 -11 -12 19 -14 -15 -16 -17 -18 -19 -20 20 -22 -23 -24 -25 -26 26 -28 -29 -30 -31
leaf_value=0.041662735487291928 0.0078695619727527661 0.13636086903115005 -0.081685500681020262 0.033319469664541766 -0.039938623266509522 -0.0096820145772588267 0.11343788452419996 0.041934446055648056 0.036774799520624776 0.075144978276763405 -0.099852427190658413 -0.082097743284538116 0.020886924677673654 0.045987845205481194 0.14692717697977795 0.050742963353600894 -0.076732066992260636 0.013073292066010538 0.13012135077527115 -0.082063646120350234 0.12533911266687478 0.040600684284289014 0.064860901707452762 -0.074817933140654269 0.094802162729355169 0.036263631885360685 -0.088485335282183664 -0.017272527192051617 -0.023701572941293884 -0.076721827098164441
leaf_weight=3.159939996898177 70.705285668373108 10.550322979688644 18.260206371545792 64.366048723459244 49.837048895657063 22.329215914011002 20.629058957099915 59.435079216957092 22.094192735850811 34.477891862392426 87.17127451300621 12.171614862978457 17.492061853408813 21.855154156684875 29.015114650130272 11.985494822263718 50.758736588060856 36.694700762629509 5.0671225339174262 4.9733270108699781 3.3359107524156579 3.6238374263048181 3.1793490648269653 12.154311463236807 7.3101967275142661 5.0325605422258359 5.5980675369501114 12.327363878488542 43.501126423478127 27.800575412809849
leaf_count=26 352 49 165 288 419 116 85 246 128 153 954 86 71 89 134 54 427 190 21 35 17 24 21 68 31 23 26 111 264 233
internal_value=-0.0012245 0.0418646 -0.0559616 0.0662959 -0.0389464 0.0148378 0.0863759 0.0274255 -0.0182819 0.103463 -0.0883907 0.00357615 0.0618669 0.0787396 0.122402 0.0908257 -0.0553195 -0.00907344 0.0488622 -0.0233076 0.0188192 -0.0539479 -0.0247666 -0.0326403 0.0306757 0.024425 -0.0294289 -0.0557259 -0.040723 -0.0646391
internal_weight=776.892 434.698 342.195 228.312 224.436 206.386 146.005 135.207 99.2153 86.0288 117.759 49.3782 59.9763 42.4842 51.5509 22.5358 125.22 71.1782 64.5022 27.284 11.4886 15.7955 8.15268 34.4835 82.3069 74.9967 10.6306 30.5876 74.4616 30.9605
internal_count=4906 1996 2910 1003 1680 993 635 619 730 390 1230 311 245 174 237 103 950 374 267 183 73 110 56 184 368 337 49 276 523 259
is_linear=0
shrinkage=0.1


Tree=11
num_leaves=31
num_cat=0
split_feature=13 1 14 14 12 10 5 0 44 0 1 0 108 26 7 0 14 6 34 139 80 95 62 0 10 12 78 21 0 16
split_gain=153.483 24.1943 17.8982 15.0423 6.74955 5.85819 5.7889 5.20675 4.98701 4.42449 3.73854 3.72768 4.33006 3.67136 3.63572 3.76207 3.51087 3.75945 3.38283 6.0048 3.31024 3.25187 4.33428 3.23151 4.61164 3.1782 3.07378 3.03993 4.11026 5.91644
threshold=1.0000000180025095e-35 0.091489847749471678 1.0000000180025095e-35 1.0000000180025095e-35 1.0000000180025095e-35 1.0000000180025095e-35 1.0000000180025095e-35 4.273785114288331 1.0000000180025095e-35 4.8911705017089853 0.73214691877365123 5.7535934448242196 1.0000000180025095e-35 1.0000000180025095e-35 1.0000000180025095e-35 11.998631000518801 1.0000000180025095e-35 1.0000000180025095e-35 1.0000000180025095e-35 1.0000000180025095e-35 1.0000000180025095e-35 1.0000000180025095e-35 1.0000000180025095e-35 12.921286582946779 1.0000000180025095e-35 1.0000000180025095e-35 1.0000000180025095e-35 1.0000000180025095e-35 13.289527893066408 1.0000000180025095e-35
decision_type=2 2 2 2 2 2 2 2 2 2 2 2 2 2 2 2 2 2 2 2 2 2 2 2 2 2 2 2 2 2
left_child=2 7 4 6 5 8 14 -2 -1 -4 13 -7 27 -8 15 25 17 20 19 26 -9 22 -10 -16 -25 -3 -18 28 29 -13
right_child=1 3 9 -5 -6 11 10 16 21 -11 -12 12 -14 -15 23 -17 18 -19 -20 -21 -22 -23 -24 24 -26 -27 -28 -29 -30 -31
leaf_value=0.095881468430771749 -0.010867220117474749 0.12438394886489182 -0.052448081452696832 0.026901903624525783 -0.05682722856810149 -0.043451774935873461 0.10571795149205643 0.056021359165443575 -0.022645294962254175 -0.097815574371542702 0.018810478492113796 0.0077033342253928425 -0.076969981139122234 0.045288968352336249 0.11514613033506825 0.1351688005925383 0.045280103823574044 0.0080794610579900845 -0.040757063490495245 -0.085621881468866165 -0.016664653050341035 0.016101836022021431 -0.086371453573124812 0.016004790570804728 0.11499231293795294 0.028777733637340874 -0.039429739615778288 -0.046764462503404491 -0.0080520878530874977 0.10358208632156352
leaf_weight=2.3590213432908049 59.853661254048347 6.506167456507681 29.337443202733994 79.483336895704269 91.758639074862003 17.165557987987995 19.267762035131454 60.287659645080566 17.269320890307426 80.435012117028236 17.481238916516304 13.387209951877594 5.2057501748204222 21.024598374962807 11.851080566644667 33.091264590620995 28.797754600644112 35.056462630629539 13.311551034450529 4.9137892276048651 6.9922012090682975 6.0384673178195944 27.941289588809013 13.786715745925905 7.1459088325500479 7.4682113230228424 5.032053366303443 6.1972230225801459 18.42194090038538 12.394959963858128
leaf_count=20 329 32 276 354 731 132 81 253 151 954 71 90 33 86 54 161 138 153 76 24 29 51 248 61 34 34 26 42 110 72
internal_value=-0.00118971 0.0380113 -0.0527567 0.061538 -0.0361835 -0.0211952 0.0815419 0.0141705 -0.04628 -0.0856908 0.0574304 -0.00271645 0.00985829 0.074186 0.0989873 0.116796 0.0238769 0.034632 0.00273335 0.0176758 0.0484673 -0.0528237 -0.0620297 0.0734201 0.0497968 0.0732899 0.0326798 0.0188264 0.028022 0.0537977
internal_weight=759.263 431.351 327.912 217.106 218.139 126.381 137.623 214.245 53.6081 109.772 57.7736 72.7726 55.6071 40.2924 79.8493 47.0656 154.391 102.336 52.0551 38.7436 67.2799 51.2491 45.2106 32.7837 20.9326 13.9744 33.8298 50.4013 44.2041 25.7822
internal_count=4906 1996 2910 968 1680 949 614 1028 470 1230 238 479 347 167 376 227 699 435 264 188 282 450 399 149 95 66 164 314 272 162
is_linear=0
shrinkage=0.1


Tree=12
num_leaves=31
num_cat=0
split_feature=13 1 14 14 5 10 12 1 7 1 80 12 93 8 82 0 54 6 7 0 69 83 55 52 9 0 70 11 12 0
split_gain=128.478 20.3297 16.909 13.3283 6.76199 5.51887 5.47892 5.4268 5.32194 7.69153 8.67634 7.41558 5.07513 5.01161 4.80867 4.45096 4.38985 5.54821 4.38218 4.20837 3.77559 3.75571 3.71215 3.6976 6.54825 3.56287 3.54013 3.37473 3.19578 3.20995
threshold=1.0000000180025095e-35 0.091489847749471678 1.0000000180025095e-35 1.0000000180025095e-35 1.0000000180025095e-35 1.0000000180025095e-35 1.0000000180025095e-35 0.62826070189476024 1.0000000180025095e-35 -0.13499125093221662 1.0000000180025095e-35 1.0000000180025095e-35 1.0000000180025095e-35 1.0000000180025095e-35 1.0000000180025095e-35 6.1615331172943124 1.0000000180025095e-35 1.0000000180025095e-35 1.0000000180025095e-35 4.273785114288331 1.0000000180025095e-35 1.0000000180025095e-35 1.0000000180025095e-35 1.0000000180025095e-35 1.0000000180025095e-35 6.635181427001954 1.0000000180025095e-35 1.0000000180025095e-35 1.0000000180025095e-35 3.2429842948913579
decision_type=2 2 2 2 2 2 2 2 2 2 2 2 2 2 2 2 2 2 2 2 2 2 2 2 2 2 2 2 2 2
left_child=2 19 4 5 8 6 7 -3 9 -1 11 13 16 27 -7 -4 17 22 -9 -2 -15 -13 -10 24 -8 -19 28 -11 29 -6
right_child=1 3 15 -5 26 14 23 18 12 10 -12 21 -14 20 -16 -17 -18 25 -20 -21 -22 -23 -24 -25 -26 -27 -28 -29 -30 -31
leaf_value=-0.047364465313047929 -0.0098380028858359603 0.11096521265511804 -0.055175137559739545 0.024056548028618507 -0.11426122608336474 0.11260451286135292 0.046575272867411532 0.086516754681553287 -0.091551078381277393 0.038348517684994768 0.1636549099217646 -0.051658376818069576 0.087151715957018455 0.045831010491749709 0.024089679265496142 -0.09861974498370378 -0.078641886670256567 0.10008099196079175 -0.0056868702461703603 0.021458243608320972 -0.062957890266570976 0.059477064774001512 0.01679303901603716 0.059291680406109673 -0.085176247780782879 -0.014897404573057216 -0.090802022497692536 0.14567001244350031 -0.073471204076031735 -0.014570807060920725
leaf_weight=25.811690300703049 59.522111415863037 26.646706163883209 36.822223149240017 79.968674331903458 3.599985994398593 45.857629463076591 9.2281000167131406 10.843030467629433 10.926866523921488 5.7598039507865906 3.8627703711390486 18.926965385675434 2.8346105217933646 8.186681926250456 7.0858911722898474 65.584299355745316 26.871825113892555 4.5868854895234108 9.8254252076148987 154.47579954564571 5.2270552292466173 3.6228389218449584 4.4503956362605104 17.920348852872849 6.3807694017887107 6.534356027841568 21.998970754444599 5.9636975824832916 21.97126067429781 31.420528903603554
leaf_count=200 329 122 387 354 33 220 40 49 87 31 23 137 20 51 33 843 209 37 42 699 31 24 36 81 27 48 212 38 200 263
internal_value=-0.00114744 0.0345417 -0.0496171 0.0563546 -0.0335346 0.07566 0.059224 0.0811386 -0.0198182 -0.00280404 0.019508 0.00783171 -0.0432369 0.0451812 0.100758 -0.0829984 -0.0501621 -0.021281 0.0426848 0.0127534 0.00343823 -0.0338034 -0.0601948 0.0282989 -0.0072836 0.0325247 -0.0567277 0.0929425 -0.043575 -0.0248186
internal_weight=742.718 427.754 314.964 213.757 212.557 133.788 80.8444 47.3152 133.566 77.3615 51.5498 47.687 56.2049 25.1372 52.9435 102.407 53.3703 26.4985 20.6685 213.998 13.4137 22.5498 15.3773 33.5292 15.6089 11.1212 78.9907 11.7235 56.9918 35.0205
internal_count=4906 1996 2910 968 1680 614 361 213 972 535 335 312 437 151 253 1230 417 208 91 1028 82 161 123 148 67 85 708 69 496 296
is_linear=0
shrinkage=0.1


Tree=13
num_leaves=31
num_cat=0
split_feature=13 0 14 14 5 16 0 67 97 5 73 16 6 24 7 5 15 53 62 5 22 22 9 12 11 34 50 108 15 0
split_gain=107.58 17.3169 15.8127 13.8498 6.73496 6.34132 4.49261 4.02729 4.30557 3.7372 8.84355 4.98403 4.93907 4.79982 5.43188 3.3947 3.38269 7.24574 3.33529 4.45598 8.19477 3.28444 3.28301 3.22747 4.41804 3.14739 4.9758 3.20528 3.04701 2.99838
threshold=1.0000000180025095e-35 7.2840518951416025 1.0000000180025095e-35 1.0000000180025095e-35 1.0000000180025095e-35 1.0000000180025095e-35 4.8911705017089853 1.0000000180025095e-35 1.0000000180025095e-35 1.0000000180025095e-35 1.0000000180025095e-35 1.0000000180025095e-35 1.0000000180025095e-35 1.0000000180025095e-35 1.0000000180025095e-35 1.0000000180025095e-35 1.0000000180025095e-35 1.0000000180025095e-35 1.0000000180025095e-35 1.0000000180025095e-35 1.0000000180025095e-35 1.0000000180025095e-35 1.0000000180025095e-35 1.0000000180025095e-35 1.0000000180025095e-35 1.0000000180025095e-35 1.0000000180025095e-35 1.0000000180025095e-35 1.0000000180025095e-35 2.6105407476425175
decision_type=2 2 2 2 2 2 2 2 2 2 2 2 2 2 2 2 2 2 2 2 2 2 2 2 2 2 2 2 2 2
left_child=2 18 5 4 23 15 28 8 22 13 11 -11 -12 -5 -15 -1 17 -16 19 -2 -21 -9 -7 -3 -25 26 27 -6 -4 -30
right_child=1 3 6 9 25 7 -8 21 -10 10 12 -13 -14 14 16 -17 -18 -19 -20 20 -22 -23 -24 24 -26 -27 -28 -29 29 -31
leaf_value=-0.03316231302072567 0.006173062380776001 0.096617935281153672 -0.074049750400614345 0.12139369444135269 0.032734442123175285 0.024458102800219546 -0.093894933958999727 -0.022905685528522988 0.091590579233660888 -0.081764855796583741 0.008370166051404478 0.029144794681349617 0.12864138123554861 0.044051588128868974 0.008234971915158696 -0.068570733173698981 0.041910307996535869 -0.1375276085955385 0.019761024082239106 -0.070310377060769147 0.077533379241207859 -0.11582706130884118 -0.037276625556313947 0.087155896655316645 0.022703076998485984 0.080533675341448618 -0.043174779559207593 0.11083206617984703 0.092272696724346959 -0.033126568113132082
leaf_weight=69.336384043097496 52.626740425825119 54.795569986104965 15.794957809150219 5.3947888612747184 46.145946681499481 20.484824471175671 68.632839068770409 48.101162664592266 5.7806054279208174 15.017971724271776 10.253535553812979 5.5487536787986746 5.1191580742597571 41.846267119050026 9.430092781782152 44.424113228917122 6.5389715880155554 5.3422449380159369 67.422819197177887 21.430146262049679 4.5441070497035971 4.1305549070239058 14.865228213369845 25.41305872797966 18.289046287536621 15.790789574384688 7.9790364950895301 5.930598407983779 2.4359513148665437 8.7772453203797323
leaf_count=523 262 273 165 23 194 150 954 388 39 71 48 27 24 177 43 427 28 25 329 116 24 36 117 123 85 66 33 25 24 87
internal_value=-0.0011183 0.0313412 -0.0466677 0.0459512 0.063205 -0.0311382 -0.080299 -0.0118236 0.0115812 0.0171633 -0.00895578 -0.0518422 0.0484209 0.0308565 0.023123 -0.0469895 -0.0179716 -0.0444784 0.00344307 -0.0105542 -0.0444456 -0.030254 -0.00150228 0.0804522 0.0601828 0.040807 0.0303614 0.0416284 -0.0457492 -0.00588487
internal_weight=727.624 424.86 302.764 278.836 174.344 207.123 95.641 93.3624 41.1307 104.492 35.9394 20.5667 15.3727 68.5524 63.1576 113.76 21.3113 14.7723 146.024 78.601 25.9743 52.2317 35.3501 98.4977 43.7021 75.8464 60.0556 52.0765 27.0082 11.2132
internal_count=4906 1996 2910 1265 799 1680 1230 730 306 466 170 98 72 296 273 950 96 68 731 402 140 424 267 481 208 318 252 219 276 111
is_linear=0
shrinkage=0.1


Tree=14
num_leaves=31
num_cat=0
split_feature=13 1 14 14 10 5 0 0 0 14 108 7 70 12 108 0 94 62 16 84 140 1 26 0 95 83 68 12 45 10
split_gain=89.828 15.1418 14.8256 10.2735 5.7165 5.71443 4.726 4.52721 4.01159 3.74045 5.13433 3.66721 3.81909 3.35287 3.70432 3.62534 3.51037 3.21296 7.38752 3.93709 3.42866 3.1386 3.41033 3.10235 3.06061 3.03494 3.19624 3.03241 3.0173 2.99036
threshold=1.0000000180025095e-35 0.091489847749471678 1.0000000180025095e-35 1.0000000180025095e-35 1.0000000180025095e-35 1.0000000180025095e-35 5.7535934448242196 6.1615331172943124 14.29021215438843 1.0000000180025095e-35 1.0000000180025095e-35 1.0000000180025095e-35 1.0000000180025095e-35 1.0000000180025095e-35 1.0000000180025095e-35 14.752909183502199 1.0000000180025095e-35 1.0000000180025095e-35 1.0000000180025095e-35 1.0000000180025095e-35 1.0000000180025095e-35 0.73214691877365123 1.0000000180025095e-35 16.880219459533695 1.0000000180025095e-35 1.0000000180025095e-35 1.0000000180025095e-35 1.0000000180025095e-35 1.0000000180025095e-35 1.0000000180025095e-35
decision_type=2 2 2 2 2 2 2 2 2 2 2 2 2 2 2 2 2 2 2 2 2 2 2 2 2 2 2 2 2 2
left_child=2 9 4 5 8 11 -6 -4 17 10 -2 12 27 14 -8 16 -15 19 -19 -1 -20 22 -7 -13 -10 -5 -27 -3 -23 -29
right_child=1 3 7 25 6 21 13 -9 24 -11 -12 23 -14 15 -16 -17 -18 18 20 -21 -22 28 -24 -25 -26 26 -28 29 -30 -31
leaf_value=-0.022585167275694019 0.014676118339467451 0.11583750188923155 -0.048673569514351471 0.027452765737652474 -0.053833645479237725 0.088913149080454182 0.021079328608930307 -0.095108953252680636 -0.10504110346122271 -0.0082873613082329167 0.096347247339902631 0.072185548526696341 0.12992926899470336 -0.067262124217633473 -0.070675131739919114 0.022482730571900755 0.054174365480036915 -0.08976991925094216 -0.023912109922306718 0.10343897853307774 0.10632220346378873 -0.034192460508574246 0.029321526182683102 -0.013364539831108725 0.019934599652770005 0.014075896373733613 -0.096743655160342751 -0.018161900848149528 0.049497734359493707 0.091544198030406018
leaf_weight=27.439777866005901 131.18666265904903 7.6413316726684579 33.680939316749573 69.434745296835899 22.316836386919022 18.125289753079414 49.241738326847553 55.747110441327095 15.581436641514303 74.514279246330261 8.177254840731619 24.869160816073421 23.552799195051193 18.437864616513259 4.8317601904273024 9.6073909997940046 2.7333127334713927 25.346069246530533 19.78653305768967 2.7251425832509986 2.2515307068824759 8.9637700617313385 20.42562735080719 5.109827145934104 2.2414440065622321 6.6594154387712461 4.2722426950931549 5.4147861450910568 8.2939698398113251 4.5914691388607025
leaf_count=261 604 44 387 304 191 81 314 843 171 388 36 124 134 140 33 62 18 246 179 23 20 37 86 25 22 30 20 25 34 24
internal_value=-0.0010801 0.0284665 -0.0437079 0.047722 -0.0287345 0.0654295 -0.0128861 -0.0776202 -0.0465432 0.00979829 0.0194682 0.0842131 0.103575 -0.00211658 0.0128806 -0.0284644 -0.051584 -0.0367111 -0.0529516 -0.0112 -0.0106067 0.0414725 0.0573394 0.0576038 -0.0893239 0.0197421 -0.0292339 0.0684021 0.00602856 0.0321778
internal_weight=713.202 421.233 291.969 207.354 202.541 126.988 107.169 89.428 95.3719 213.878 139.364 71.1794 41.2004 84.8521 54.0735 30.7786 21.1712 77.5491 47.3841 30.1649 22.0381 55.8087 38.5509 29.979 17.8229 80.3664 10.9317 17.6476 17.2577 10.0063
internal_count=4906 1996 2910 968 1680 614 758 1230 922 1028 640 376 227 567 347 220 158 729 445 284 199 238 167 149 193 354 50 93 71 49
is_linear=0
shrinkage=0.1


Tree=15
num_leaves=31
num_cat=0
split_feature=13 14 1 14 5 5 85 0 7 130 80 93 54 61 12 97 9 73 47 6 70 7 0 0 0 0 9 14 108 65
split_gain=75.0953 13.7483 12.7579 9.0686 5.38464 5.28991 4.84895 4.51515 4.32398 5.5695 5.50757 4.84393 4.03704 4.37565 3.97254 6.12785 7.66979 5.43042 4.68919 3.74993 3.585 3.51118 3.71073 3.16782 5.20823 4.18868 3.13193 3.0209 4.15052 3.01115
threshold=1.0000000180025095e-35 1.0000000180025095e-35 0.091489847749471678 1.0000000180025095e-35 1.0000000180025095e-35 1.0000000180025095e-35 1.0000000180025095e-35 6.1615331172943124 1.0000000180025095e-35 1.0000000180025095e-35 1.0000000180025095e-35 1.0000000180025095e-35 1.0000000180025095e-35 1.0000000180025095e-35 1.0000000180025095e-35 1.0000000180025095e-35 1.0000000180025095e-35 1.0000000180025095e-35 1.0000000180025095e-35 1.0000000180025095e-35 1.0000000180025095e-35 1.0000000180025095e-35 11.998631000518801 15.181382656097414 16.495551109313968 10.709103107452394 1.0000000180025095e-35 1.0000000180025095e-35 1.0000000180025095e-35 1.0000000180025095e-35
decision_type=2 2 2 2 2 2 2 2 2 2 2 2 2 2 2 2 2 2 2 2 2 2 2 2 2 2 2 2 2 2
left_child=1 4 27 5 6 21 8 -3 9 10 14 12 13 19 15 16 17 18 -1 -10 -6 22 26 25 -25 -16 -4 28 -2 -23
right_child=2 7 3 -5 20 -7 -8 -9 11 -11 -12 -13 -14 -15 23 -17 -18 -19 -20 -21 -22 29 -24 24 -26 -27 -28 -29 -30 -31
leaf_value=0.15991326317859 0.013172934718707219 -0.045657264695643546 0.094202884378273788 0.017695280334873165 -0.034939575381240172 0.037808687926212378 0.1147488424751778 -0.093338418092845016 -0.069889025760224863 -0.055596558514846496 0.11980307280480018 0.089082994851781019 -0.075883527991490174 0.087295072363811343 -0.00031103462108366612 0.15727080064011872 -0.050910205909996044 -0.025573270271443529 0.015846776655681634 0.014782487603562969 -0.085513139749190878 0.066032960227033755 0.11997106890370868 0.11633226774935308 -0.064867155580967645 -0.097012958599412127 -0.0097790290165509306 -0.0074872759104904294 0.086530401154704242 -0.027518428388787111
leaf_weight=5.8420567959547061 131.52214267849922 32.384852707386017 7.3644930571317655 80.637225776910782 51.886801958084106 55.162327602505684 2.8494625240564337 51.350657869130373 12.694980017840866 15.032587476074694 4.4368152692914 2.7820685505866996 23.968772672116756 3.3840693458914748 9.1882214024663025 3.2989335358142844 10.901955254375935 4.8746304064989099 3.6839927434921265 8.8958034217357635 19.204444162547588 25.239900335669521 26.740714594721794 3.5115560814738265 2.8932145163416862 8.7400674074888212 4.7746494561433792 74.244097620248795 8.193303778767584 3.9836113750934592
leaf_count=33 604 387 40 354 496 238 19 843 110 134 26 19 205 27 74 18 74 28 21 69 212 130 161 24 20 71 26 388 36 19
internal_value=-0.00103353 -0.040927 0.0258706 0.0437695 -0.0265657 0.0608266 -0.0142287 -0.0748977 -0.0171894 -0.00141421 0.0127828 -0.0392711 -0.046567 -0.0184315 0.00381266 0.0290805 0.0123671 0.0602709 0.104199 -0.0350028 -0.0486014 0.0794707 0.0991562 -0.0258876 0.0344794 -0.0474534 0.053304 0.00881296 0.0174748 0.0532805
internal_weight=699.668 281.806 417.862 203.903 198.07 123.266 126.979 83.7355 124.13 72.404 57.3714 51.7257 48.9436 24.9749 52.9346 28.6016 25.3026 14.4007 9.52605 21.5908 71.0912 68.1034 38.8799 24.3331 6.40477 17.9283 12.1391 213.96 139.715 29.2235
internal_count=4906 2910 1996 968 1680 614 972 1230 953 523 389 430 411 206 363 174 156 82 54 179 708 376 227 189 44 145 66 1028 640 149
is_linear=0
shrinkage=0.1


Tree=16
num_leaves=31
num_cat=0
split_feature=13 14 0 14 5 16 85 0 10 67 74 7 22 1 12 11 53 0 49 0 0 81 133 97 10 16 5 6 12 130
split_gain=62.8219 12.6216 11.2381 9.01481 5.26414 4.85339 6.50277 4.48216 3.54659 3.37559 3.35153 3.03081 3.0224 3.02682 4.16107 3.42838 4.82729 2.95884 3.83586 2.92868 2.87404 4.37074 3.07259 2.79578 2.88755 2.6788 2.66446 4.07654 2.57326 2.549
threshold=1.0000000180025095e-35 1.0000000180025095e-35 7.2840518951416025 1.0000000180025095e-35 1.0000000180025095e-35 1.0000000180025095e-35 1.0000000180025095e-35 6.1615331172943124 1.0000000180025095e-35 1.0000000180025095e-35 1.0000000180025095e-35 1.0000000180025095e-35 1.0000000180025095e-35 0.16662864387035373 1.0000000180025095e-35 1.0000000180025095e-35 1.0000000180025095e-35 9.5071868896484393 1.0000000180025095e-35 2.8952771425247197 5.7535934448242196 1.0000000180025095e-35 1.0000000180025095e-35 1.0000000180025095e-35 1.0000000180025095e-35 1.0000000180025095e-35 1.0000000180025095e-35 1.0000000180025095e-35 1.0000000180025095e-35 1.0000000180025095e-35
decision_type=2 2 2 2 2 2 2 2 2 2 2 2 2 2 2 2 2 2 2 2 2 2 2 2 2 2 2 2 2 2
left_child=1 5 -2 4 10 6 11 -3 -5 23 17 -1 13 14 20 -15 -17 18 -4 -13 22 -22 -11 24 29 26 27 -10 -12 -7
right_child=2 7 3 8 -6 9 -8 -9 25 12 28 19 -14 15 -16 16 -18 -19 -20 -21 21 -23 -24 -25 -26 -27 -28 -29 -30 -31
leaf_value=-0.028266902024734211 0.0012373172756711278 -0.042734792770122577 -0.041063972486924914 -0.0014572682009757795 0.030682002161384583 -0.0094711429751250364 0.12699262007272655 -0.091556921631853361 0.076456264218671813 0.031556365153234858 0.11664409254916773 0.039564271000327111 -0.11321430629682985 -0.083924316234502985 -0.053390903515072446 -0.091406169542559534 0.055405974463779928 0.065483988659819081 0.061357280562531147 -0.069800074488322317 0.1315411926813847 0.0036391869034865538 -0.11360367146129594 0.076804452413017171 0.029534065391116512 0.079320829624405689 -0.016188534955123488 -0.031971878316268999 0.061401772346812759 -0.11348038573040108
leaf_weight=58.650715909898281 146.68126982450485 31.203003257513046 6.920237869024275 65.527422651648521 74.123747155070305 12.528302617371081 2.2994061037898055 47.322535704821348 12.258214533329012 4.1087722033262279 18.486754521727562 2.6061227396130553 3.6016255095601073 11.196125440299511 8.2128002718091029 3.6786444187164307 5.725420743227005 40.400561034679413 7.7536802291870117 40.513767026364803 5.1258730590343458 5.5805573612451553 2.2603670284152031 6.0310583487153044 18.524906419217587 10.659536704421042 11.675880089402201 4.8351266980171195 15.503714397549627 2.9020932540297499
leaf_count=512 731 387 30 303 318 126 15 843 50 38 107 25 36 98 77 31 41 230 32 398 39 42 22 39 113 44 49 20 82 28
internal_value=-0.00100016 -0.0383424 0.0234915 0.035665 0.0503696 -0.0246232 -0.0393064 -0.0721569 0.012802 -0.00754517 0.0667545 -0.0430638 -0.0250041 -0.0180808 0.00509939 -0.0465362 -0.00202341 0.051515 0.0130553 -0.0631902 0.0332313 0.0648743 -0.01996 0.0140633 0.00291936 0.0364997 0.0206336 0.0457856 0.091447 -0.0290328
internal_weight=686.898 272.072 414.826 268.145 163.189 193.547 104.07 78.5255 104.956 89.4765 89.0649 101.771 49.4902 45.8886 25.2884 20.6002 9.40407 55.0745 14.6739 43.1199 17.0756 10.7064 6.36914 39.9864 33.9553 39.4288 28.7692 17.0933 33.9905 15.4304
internal_count=4906 2910 1996 1265 799 1680 950 1230 466 730 481 935 424 388 218 170 72 292 62 423 141 81 60 306 267 163 119 70 189 154
is_linear=0
shrinkage=0.1


Tree=17
num_leaves=31
num_cat=0
split_feature=13 14 0 10 168 14 10 139 12 0 0 0 15 128 1 5 12 0 0 0 26 50 55 5 67 62 16 95 53 8
split_gain=52.4534 11.5688 9.34826 7.91981 7.87627 4.57828 4.56909 4.51292 4.4786 4.47084 4.08047 3.86944 3.80912 3.82873 3.78302 3.98988 3.65311 4.48544 3.85124 6.70338 4.0534 3.26796 3.51946 3.51913 3.63812 3.09543 6.56862 3.06469 2.97655 7.48498
threshold=1.0000000180025095e-35 1.0000000180025095e-35 7.2840518951416025 1.0000000180025095e-35 1.0000000180025095e-35 1.0000000180025095e-35 1.0000000180025095e-35 1.0000000180025095e-35 1.0000000180025095e-35 4.3846678733825692 10.965092182159426 14.29021215438843 1.0000000180025095e-35 1.0000000180025095e-35 0.7774735987186433 1.0000000180025095e-35 1.0000000180025095e-35 14.752909183502199 17.166323661804203 16.223134994506839 1.0000000180025095e-35 1.0000000180025095e-35 1.0000000180025095e-35 1.0000000180025095e-35 1.0000000180025095e-35 1.0000000180025095e-35 1.0000000180025095e-35 1.0000000180025095e-35 1.0000000180025095e-35 1.0000000180025095e-35
decision_type=2 2 2 2 2 2 2 2 2 2 2 2 2 2 2 2 2 2 2 2 2 2 2 2 2 2 2 2 2 2
left_child=1 6 -2 5 7 8 11 -5 14 12 -9 25 -3 -14 15 -4 18 -18 19 20 28 22 -22 24 -24 -1 -27 -13 -8 -30
right_child=2 9 3 4 -6 -7 16 10 -10 -11 -12 27 13 -15 -16 -17 17 -19 -20 -21 21 -23 23 -25 -26 26 -28 -29 29 -31
leaf_value=-0.0040349290604425247 0.0011130365495386999 -0.065720417032763809 0.092389526445340708 0.071383561558437766 -0.055075525782689073 -0.0013121979178144518 0.016164386075862826 -0.053305188096649518 0.0072444469870434321 -0.084140897554803168 0.058214539479746086 -0.10233565327647945 0.10972667561993099 -0.030966911421396123 -0.0068466848728056728 0.035558386779460965 -0.056489083248104005 0.024472912703102711 0.114657588153943 -0.12840556796407329 -0.075794356145940212 0.050657525693850972 0.10228149322897542 -0.058682458482695446 -0.011033650764591537 -0.084530681249882264 -0.0067619407261863655 0.026825111314274189 0.19025493159085771 -0.008549888825359139
leaf_weight=28.38506955653429 146.74984396994114 11.346129089593887 22.582588449120522 79.068356588482857 6.0914072692394248 65.49635237455368 17.105590581893924 5.9326647371053678 41.060420826077461 54.290446594357491 7.3407183438539505 13.450929149985312 3.1732894107699394 4.9536093696951866 9.7367369234561902 27.272155553102493 25.43544203042984 9.361467741429804 3.0671438574790946 3.8262591138482085 9.9882856383919734 6.5287657007575026 4.4169651493430155 7.129432536661624 7.90275489538908 22.205251410603523 21.258755639195442 2.1276561245322219 3.8108738139271727 3.764658011496067
leaf_count=284 731 140 126 389 28 303 118 26 190 1001 37 171 36 53 46 120 217 62 19 28 82 43 21 66 56 246 199 22 25 21
internal_value=-0.000959712 -0.0357904 0.0213554 0.0325827 0.0550606 0.0192659 -0.0227274 0.0623258 0.0326566 -0.0693964 0.00836974 -0.0395154 -0.0282892 0.0239694 0.0501663 0.0613011 -0.0083853 -0.0347077 0.00517599 -3.22785e-05 0.00806683 -0.0133492 -0.0275449 -0.00276593 0.029593 -0.0297193 -0.0464931 -0.0846954 0.039275 0.0914589
internal_weight=674.86 263.529 411.331 264.581 98.4331 166.148 189.765 92.3417 100.652 73.7635 13.2734 87.4277 19.473 8.1269 59.5915 49.8547 102.338 34.7969 67.5407 64.4736 60.6473 35.9662 29.4374 19.4492 12.3197 71.8491 43.464 15.5786 24.6811 7.57553
internal_count=4906 2910 1996 1265 480 785 1680 452 482 1230 63 922 229 89 292 246 758 279 479 460 432 268 225 143 77 729 445 193 164 46
is_linear=0
shrinkage=0.1


Tree=18
num_leaves=31
num_cat=0
split_feature=13 14 1 10 0 99 168 14 55 0 0 5 73 25 7 12 10 0 69 70 7 1 80 12 97 62 8 93 0 15
split_gain=43.8021 10.5331 8.18644 6.34825 5.76734 5.6024 4.93039 5.04095 4.70473 4.48604 5.05778 4.18796 4.12116 4.12286 3.88643 3.90831 3.72837 3.49843 3.84387 3.47512 3.47107 5.07052 5.2578 3.8059 3.96721 5.41725 5.1226 3.51237 4.05996 3.31332
threshold=1.0000000180025095e-35 1.0000000180025095e-35 0.091489847749471678 1.0000000180025095e-35 13.289527893066408 1.0000000180025095e-35 1.0000000180025095e-35 1.0000000180025095e-35 1.0000000180025095e-35 3.1252566576004033 2.3791923522949223 1.0000000180025095e-35 1.0000000180025095e-35 1.0000000180025095e-35 1.0000000180025095e-35 1.0000000180025095e-35 1.0000000180025095e-35 14.29021215438843 1.0000000180025095e-35 1.0000000180025095e-35 1.0000000180025095e-35 -0.13499125093221662 1.0000000180025095e-35 1.0000000180025095e-35 1.0000000180025095e-35 1.0000000180025095e-35 1.0000000180025095e-35 1.0000000180025095e-35 3.7686516046524052 1.0000000180025095e-35
decision_type=2 2 2 2 2 2 2 2 2 2 2 2 2 2 2 2 2 2 2 2 2 2 2 2 2 2 2 2 2 2
left_child=1 11 -2 4 8 12 7 -5 -4 10 -3 20 13 -6 15 -15 -12 -7 -19 -13 21 -1 23 24 25 -23 -27 28 -22 -16
right_child=2 9 3 6 5 17 -8 -9 -10 -11 16 19 -14 14 29 -17 -18 18 -20 -21 27 22 -24 -25 -26 26 -28 -29 -30 -31
leaf_value=-0.035138722758536481 0.0058484328370006977 -0.085332992322508516 -0.011665447467089959 0.086872355299641074 0.074017320848118379 -0.11929445234973882 -0.040558022288856313 0.031030763759548875 0.060904692109504215 -0.076559775477467826 0.14382212559895677 -0.02778142897136382 0.058687743033325405 0.053149583184610494 -0.094539566149349677 -0.048864764321689513 -0.027085181089021432 -0.085333862586400799 0.025402665821742523 -0.080513222264722059 0.041458441595159053 0.11350066059286737 0.1306071181207123 -0.020532890089408291 0.13909428291205983 0.056111921368810172 -0.054889197946021408 0.075406457330674734 -0.048378163927324913 0.011290067830641973
leaf_weight=22.634802334010601 213.38393418490887 4.0266233086585981 11.385096505284308 40.634087547659874 6.010350599884986 4.8540957719087627 4.7685213238000861 26.846234157681465 41.485372141003609 60.269061774015427 2.7464723214507103 48.1349236369133 16.883835226297379 10.256001546978952 8.4755005687475222 5.9251072108745566 2.3847547248005867 5.2952568382024747 7.6823763847351074 16.880289699882269 5.7443780750036231 5.0269235596060815 4.0911388397216788 19.855528451502323 3.3643340915441504 7.5723784714937219 9.2192689776420593 2.9457152485847464 40.482145093381405 4.5446441918611518
leaf_count=200 1028 49 57 240 29 23 22 110 205 1123 31 496 83 49 40 28 27 26 35 212 53 30 23 161 17 45 59 20 364 21
internal_value=-0.000928298 -0.033414 0.019384 0.0341921 0.020354 0.00150983 0.0577122 0.0646564 0.0452775 -0.0666511 -0.0014405 -0.0210046 0.0180698 -0.00140628 -0.0169304 0.0157945 0.0643924 -0.0468703 -0.0197811 -0.0414725 -0.0100012 0.00402238 0.0220645 0.0122049 0.0380171 0.0224314 -0.00483202 -0.0304679 -0.0372145 -0.0576
internal_weight=663.809 255.379 408.43 195.046 122.798 69.9272 72.2488 67.4803 52.8705 69.4269 9.15785 185.952 52.0954 35.2116 29.2013 16.1811 5.13123 17.8317 12.9776 65.0152 120.937 71.7644 49.1296 45.0384 25.1829 21.8186 16.7916 49.1722 46.2265 13.0201
internal_count=4906 2910 1996 968 596 334 372 350 262 1230 107 1680 250 167 138 77 58 84 61 708 972 535 335 312 151 134 104 437 417 61
is_linear=0
shrinkage=0.1


Tree=19
num_leaves=31
num_cat=0
split_feature=13 14 1 14 10 168 0 12 7 10 21 0 21 65 0 52 0 9 11 67 0 67 137 0 61 58 95 0 1 62
split_gain=36.4753 9.55509 6.84911 7.03437 5.08559 7.5665 4.52548 4.35197 3.86608 3.83237 3.57472 3.52716 3.52262 3.43973 3.41891 3.23619 3.31076 3.24579 3.81564 3.05353 3.6615 2.9342 3.63743 3.48946 3.08583 9.13249 2.92956 2.8571 3.7005 2.75315
threshold=1.0000000180025095e-35 1.0000000180025095e-35 -0.11521788686513899 1.0000000180025095e-35 1.0000000180025095e-35 1.0000000180025095e-35 6.1615331172943124 1.0000000180025095e-35 1.0000000180025095e-35 1.0000000180025095e-35 1.0000000180025095e-35 14.29021215438843 1.0000000180025095e-35 1.0000000180025095e-35 16.56947231292725 1.0000000180025095e-35 13.289527893066408 1.0000000180025095e-35 1.0000000180025095e-35 1.0000000180025095e-35 3.2950034141540532 1.0000000180025095e-35 1.0000000180025095e-35 3.1252566576004033 1.0000000180025095e-35 1.0000000180025095e-35 1.0000000180025095e-35 14.591375827789308 0.091489847749471678 1.0000000180025095e-35
decision_type=2 2 2 2 2 2 2 2 2 2 2 2 2 2 2 2 2 2 2 2 2 2 2 2 2 2 2 2 2 2
left_child=1 9 -2 4 7 -6 21 8 -4 11 15 29 19 14 -5 17 -17 18 -9 -11 -21 22 24 -23 25 -3 -13 28 -10 -1
right_child=2 6 3 13 5 -7 -8 10 27 12 -12 26 -14 -15 -16 16 -18 -19 -20 20 -22 23 -24 -25 -26 -27 -28 -29 -30 -31
leaf_value=-0.0016230315255885701 0.0021105623281823045 -0.0031079811317144849 0.071201480519654345 0.0088829120719955308 0.078748981640863636 -0.072065479807046182 -0.086400499614322224 0.047459006740500839 -0.025007792606799042 0.020918735977143461 0.086467486464311932 -0.10017995959095423 -0.059373412675068377 0.073499297523319768 -0.056219192139766061 0.10893138342767548 -0.0012351452466328081 -0.086275895780376033 -0.071446539833033326 -0.11171850901527169 -0.0084500881702929288 0.0030096671823152225 -0.10829569949122614 -0.084679833969372897 -0.053489366754510027 0.30578523289732462 0.02779397366161962 -0.026728942174539319 0.082249583445173136 -0.04234523729603052
leaf_weight=27.818112470209599 168.32641114294529 2.8245233818888691 29.353551179170609 80.940735146403313 47.085988521575928 3.5795625746250144 37.770509462803602 6.5319647938013095 4.9381589740514782 40.138202011585236 4.4672505706548682 11.908119544386862 11.039399236440657 7.3604634404182425 8.9596643000841123 3.6670388579368582 10.651603102684019 7.6508093476295462 4.5988007634878159 3.7200917080044738 44.550288967788219 7.0205380544066456 1.7569323703646658 12.833156801760195 1.8347365111112592 1.4477122649550436 2.104994259774684 9.1932726949453336 9.2271388918161374 41.177638493478298
leaf_count=284 823 38 157 356 279 17 843 29 22 274 21 171 92 33 40 21 52 33 21 41 351 81 26 193 28 21 22 42 50 445
internal_value=-0.000885302 -0.0311142 0.0175514 0.0284625 0.0427376 0.0680938 -0.0638813 0.0285075 0.0470428 -0.0193533 0.00250012 -0.0352164 -0.00611237 0.00777572 0.0023947 -0.00883224 0.0269788 -0.0361337 -0.00166815 0.000538222 -0.0164088 -0.0331947 0.0185027 -0.0536716 0.0549817 0.101565 -0.0809562 0.0166838 0.0448586 -0.0259266
internal_weight=654.477 247.945 406.532 238.206 140.945 50.6656 65.4881 90.2796 52.7121 182.457 37.5675 83.0089 99.448 97.2609 89.9004 33.1002 14.3186 18.7816 11.1308 88.4086 48.2704 27.7176 7.8639 19.8537 6.10697 4.27224 14.0131 23.3586 14.1653 68.9958
internal_count=4906 2910 1996 1173 744 296 1230 448 271 1680 177 922 758 429 396 156 73 83 50 666 392 387 113 274 87 59 193 114 72 729
is_linear=0
shrinkage=0.1


Tree=20
num_leaves=31
num_cat=0
split_feature=13 14 1 14 5 0 16 85 7 70 0 24 87 108 9 26 12 35 0 69 12 0 10 80 22 9 55 11 16 5
split_gain=30.3802 8.68386 5.86744 5.1364 4.8882 4.34246 3.61235 5.37108 3.39141 4.30136 3.1429 3.1629 3.99583 3.13791 4.78785 3.27316 3.74745 4.59864 3.83582 3.54866 3.07417 2.81246 3.39229 2.80436 2.74215 5.5917 5.19082 4.95263 4.07419 3.56616
threshold=1.0000000180025095e-35 1.0000000180025095e-35 0.091489847749471678 1.0000000180025095e-35 1.0000000180025095e-35 6.1615331172943124 1.0000000180025095e-35 1.0000000180025095e-35 1.0000000180025095e-35 1.0000000180025095e-35 3.1772758960723881 1.0000000180025095e-35 1.0000000180025095e-35 1.0000000180025095e-35 1.0000000180025095e-35 1.0000000180025095e-35 1.0000000180025095e-35 1.0000000180025095e-35 10.658453464508058 1.0000000180025095e-35 1.0000000180025095e-35 12.921286582946779 1.0000000180025095e-35 1.0000000180025095e-35 1.0000000180025095e-35 1.0000000180025095e-35 1.0000000180025095e-35 1.0000000180025095e-35 1.0000000180025095e-35 1.0000000180025095e-35
decision_type=2 2 2 2 2 2 2 2 2 2 2 2 2 2 2 2 2 2 2 2 2 2 2 2 2 2 2 2 2 2
left_child=1 6 24 4 8 -3 7 -1 9 20 -8 -12 13 14 15 16 17 -13 -18 -17 -4 -10 -23 -5 29 27 -27 -26 -29 -2
right_child=2 5 3 23 -6 -7 10 -9 21 -11 11 12 -14 -15 -16 19 18 -19 -20 -21 -22 22 -24 -25 25 26 -28 28 -30 -31
leaf_value=-0.034984402345604702 0.010939513367146939 -0.03107372027358184 0.10129863676502099 0.0039206726389321954 0.020632806486448427 -0.084476629039727344 -0.076265219353964214 0.11811105536911644 0.082231818972313228 0.11866660459856045 -0.066662646006603349 0.14878339157880777 -0.10319480526180845 -0.062804781512815988 -0.018629539358088695 0.032315677985805639 -0.060784112106962766 0.001479910353637224 0.081561842064295786 -0.06702779528368763 0.006840995332411128 -0.016143213855495341 0.082011800841783666 0.070594134803842204 0.019860274081940021 -0.095372163944037344 0.041569554744786498 0.052336685824346432 0.18560557582667891 -0.017891293858015061
leaf_weight=92.359734628349543 110.32372179627419 27.00269441306591 5.735144942998887 73.936677008867264 51.944367274641991 34.915349766612053 5.4464403837919226 2.3498949110507956 8.7307416647672671 17.213082857429981 6.1433726698160163 7.7746613323688525 3.0933065190911284 5.0742582678794852 22.382712926715612 20.037484139204029 3.4686621576547614 2.9135885909199715 4.1676086783409119 4.3820810653269282 8.6304445713758469 12.089033126831056 4.9679680317640296 6.897002860903739 12.637650161981583 5.5251145213842374 5.5468938946723938 4.7766339182853699 4.4135147929191589 70.204002931714058
leaf_count=935 523 387 44 325 238 843 58 15 54 134 53 60 23 47 199 169 31 20 32 38 49 61 34 29 61 27 26 23 21 347
internal_value=-0.000840279 -0.0288932 0.0159476 0.0287222 0.0428558 -0.0611874 -0.0177593 -0.0311859 0.0629784 0.0849504 -0.00277853 0.00225989 0.00803682 0.0129381 0.0188395 0.0384599 0.0704046 0.108629 0.0169033 0.0144885 0.0445511 0.0360722 0.0124451 0.00960948 0.00456661 0.0311185 -0.0267666 0.0604804 0.116338 -0.000272272
internal_weight=645.084 241.512 403.572 190.144 109.311 61.918 179.594 94.7096 57.3664 31.5787 84.8842 79.4377 73.2944 70.2011 65.1268 42.7441 18.3245 10.6882 7.63627 24.4196 14.3656 25.7877 17.057 80.8337 213.428 32.8998 11.072 21.8278 9.19015 180.528
internal_count=4906 2910 1996 968 614 1230 1680 950 376 227 730 672 619 596 549 350 143 80 63 207 93 149 95 354 1028 158 53 105 44 870
is_linear=0
shrinkage=0.1


Tree=21
num_leaves=31
num_cat=0
split_feature=13 14 14 1 168 17 0 65 5 7 52 70 65 70 0 6 9 83 0 11 135 74 0 7 130 54 61 80 26 12
split_gain=25.2349 7.79989 5.39412 5.42025 4.7105 4.6945 4.18908 3.53699 3.48161 3.46633 4.04905 3.6467 3.30076 3.25471 3.09951 3.08112 5.23216 3.81145 3.95518 2.98982 2.96805 3.41985 4.60743 2.95494 4.20013 3.12618 5.39836 3.01341 2.92148 2.87419
threshold=1.0000000180025095e-35 1.0000000180025095e-35 1.0000000180025095e-35 -0.34367632865905756 1.0000000180025095e-35 1.0000000180025095e-35 6.1615331172943124 1.0000000180025095e-35 1.0000000180025095e-35 1.0000000180025095e-35 1.0000000180025095e-35 1.0000000180025095e-35 1.0000000180025095e-35 1.0000000180025095e-35 16.56947231292725 1.0000000180025095e-35 1.0000000180025095e-35 1.0000000180025095e-35 11.741273403167726 1.0000000180025095e-35 1.0000000180025095e-35 1.0000000180025095e-35 9.9206023216247576 1.0000000180025095e-35 1.0000000180025095e-35 1.0000000180025095e-35 1.0000000180025095e-35 1.0000000180025095e-35 1.0000000180025095e-35 1.0000000180025095e-35
decision_type=2 2 2 2 2 2 2 2 2 2 2 2 2 2 2 2 2 2 2 2 2 2 2 2 2 2 2 2 2 2
left_child=1 8 3 19 9 -4 -3 14 23 10 15 -12 -11 29 -7 17 -17 18 20 -2 21 -5 -23 24 27 26 -25 -1 -18 -10
right_child=2 6 5 4 -6 7 -8 -9 13 12 11 -13 -14 -15 -16 16 28 -19 -20 -21 -22 22 -24 25 -26 -27 -28 -29 -30 -31
leaf_value=0.011815628327011383 0.015767773705963602 -0.028747856537105085 0.0974126206948943 0.12769735010134173 -0.041053975257675457 -0.003088480617554715 -0.082495591064133872 0.063874473790496031 -0.0034782236114751655 0.025029456263371049 -0.012446570564879918 0.088400764729010109 -0.062535708130616319 -0.075958014171366703 -0.066635404002219095 0.04105967485617313 0.0013727152720052521 -0.013207113603627302 -0.011601749708065504 -0.026795981431568153 0.013937322156466392 -0.0078617803029393113 0.13704351087188535 -0.019795763953301976 -0.04423669216272387 -0.052864159172248182 0.1160323652686063 0.096243206639155338 -0.1103010482489058 -0.05573015850480631
leaf_weight=51.990470968186855 46.445495039224625 26.306390348821878 4.7847513705492011 13.768850862979892 8.126594163477419 135.09688843786716 32.313210546970367 7.4719995111227027 29.089340925216675 59.119357973337173 4.0695932358503333 30.154562182724476 4.6428560912609091 15.097302660346029 8.1377905458211881 16.425498180091381 4.8516672775149363 7.5577374920248976 5.5875749960541716 25.59895433485508 5.4289099276065818 5.5953234732151031 3.6099567413330078 21.268938135355715 13.058361977338789 22.156716339290142 3.3928150013089171 4.6017407998442641 4.5298170000314713 16.497365951538086
leaf_count=374 223 387 21 65 38 651 843 33 296 294 24 190 23 212 37 84 25 37 31 129 22 26 21 191 135 218 28 26 22 200
internal_value=-0.000794533 -0.0267564 0.0144699 0.0236999 0.0332754 -0.000103825 -0.0583755 -0.00319985 -0.0162936 0.0369287 0.0484003 0.076409 0.0186534 -0.0357152 -0.00669886 0.0341687 0.00703073 0.0510249 0.0653067 0.000643949 0.0804365 0.0961507 0.0489645 -0.00617441 0.00688476 -0.0256022 -0.00110935 0.0186808 -0.0525486 -0.0223877
internal_weight=636.777 235.773 401.004 245.513 173.468 155.491 58.6196 150.707 177.153 165.342 101.579 34.2242 63.7622 60.684 143.235 67.3553 25.807 41.5484 33.9906 72.0444 28.403 22.9741 9.20528 116.469 69.6506 46.8185 24.6618 56.5922 9.38148 45.5867
internal_count=4906 2910 1996 1254 902 742 1230 721 1680 864 547 214 317 708 688 333 131 202 165 352 134 112 47 972 535 437 219 400 47 496
is_linear=0
shrinkage=0.1


Tree=22
num_leaves=31
num_cat=0
split_feature=13 14 5 70 7 0 17 0 15 67 61 14 10 0 21 14 0 58 0 95 12 32 0 67 1 137 16 0 1 42
split_gain=20.9504 6.95877 5.18552 6.26698 7.37455 4.70014 4.61874 4.01687 3.58006 4.52561 3.70157 3.37175 3.17828 3.32484 3.00271 2.9706 2.92141 3.20736 2.82894 2.81022 2.72489 2.90563 2.68728 2.59828 3.37224 3.17783 2.77897 3.63634 2.58521 2.52646
threshold=1.0000000180025095e-35 1.0000000180025095e-35 1.0000000180025095e-35 1.0000000180025095e-35 1.0000000180025095e-35 2.8350445032119755 1.0000000180025095e-35 6.1615331172943124 1.0000000180025095e-35 1.0000000180025095e-35 1.0000000180025095e-35 1.0000000180025095e-35 1.0000000180025095e-35 14.29021215438843 1.0000000180025095e-35 1.0000000180025095e-35 17.498972892761234 1.0000000180025095e-35 2.7310061454772954 1.0000000180025095e-35 1.0000000180025095e-35 1.0000000180025095e-35 12.510609149932863 1.0000000180025095e-35 -0.65274924039840687 1.0000000180025095e-35 1.0000000180025095e-35 2.3791923522949223 0.61076888442039501 1.0000000180025095e-35
decision_type=2 2 2 2 2 2 2 2 2 2 2 2 2 2 2 2 2 2 2 2 2 2 2 2 2 2 2 2 2 2
left_child=1 12 3 6 11 -4 -2 23 9 -6 -10 -5 13 -1 18 -8 17 29 -14 -15 21 -19 -17 25 26 -3 -25 -28 -11 -7
right_child=2 7 5 4 8 16 15 -9 10 28 -12 -13 14 19 -16 22 -18 20 -20 -21 -22 -23 -24 24 -26 -27 27 -29 -30 -31
leaf_value=-0.020912254793234983 0.10007900615071552 0.054507835648600789 -0.081563098244449017 0.11553352618157248 -0.081710397921657241 -0.023522263743301037 0.020656154050003872 -0.080451923634373007 0.0084350195026744353 0.089982652192886717 0.13345963502665181 0.053090886823952146 -0.11101403579580743 -0.098079682158626516 -0.053845108249950091 -0.00082698014486607394 -0.073017062870903593 0.019658324900364784 0.0061735628301204772 0.029508882942724114 -0.008005942427899938 0.080574735524264141 -0.08043014230446803 -0.053095139605697422 -0.080504995436747551 -0.10702005876018894 -0.040652851008914401 0.17246706072892579 -0.023890604782893145 0.033923556461697146
leaf_weight=65.584455665200949 5.8939689248800269 6.1165943443775204 6.9106488674879065 15.04771141707897 6.9092358350753775 45.516058743000031 104.92821677029133 29.943537756800652 6.4229638278484344 3.7050171941518784 3.7510427311062813 20.331667736172676 2.1117503829300395 10.489413872361181 10.294163782149552 64.278756126761436 4.9216996133327475 52.720924869179726 84.009438257664442 2.0663768723607054 30.021185174584389 9.1959853917360288 4.5404025167226783 3.4755417257547423 11.332203265279528 1.52079351991415 1.4658787250518801 1.7640527710318563 4.3162291347980499 9.2040216177701932
leaf_count=729 30 87 44 134 36 220 523 843 32 21 21 85 26 171 92 311 22 251 640 22 137 44 20 41 193 26 20 20 22 43
internal_value=-0.000742712 -0.0247638 0.0131279 0.0223941 0.0502356 -0.000911148 0.01302 -0.0555669 0.00878346 -0.0223895 0.0545302 0.0796493 -0.014949 -0.0299377 -0.00280128 0.0100667 0.00276584 0.00530904 0.00330004 -0.0770817 0.016718 0.0287057 -0.00607887 -0.0265447 -0.0472447 0.0223436 0.00896499 0.0757443 0.0287075 -0.0138598
internal_weight=628.79 230.174 398.616 240.125 60.4839 158.491 179.641 55.6186 25.1045 14.9305 10.174 35.3794 174.556 78.1402 96.4154 173.747 151.58 146.658 86.1212 12.5558 91.9381 61.9169 68.8192 25.6751 18.0377 7.63739 6.70547 3.22993 8.02125 54.7201
internal_count=4906 2910 1996 1235 351 761 884 1230 132 79 53 219 1680 922 758 854 717 695 666 193 432 295 331 387 274 113 81 40 43 263
is_linear=0
shrinkage=0.1


Tree=23
num_leaves=31
num_cat=0
split_feature=13 14 5 0 151 0 0 10 0 139 74 16 85 0 6 7 0 10 15 8 1 0 61 5 57 6 9 12 0 24
split_gain=17.3719 6.22689 4.2558 5.63153 4.2518 4.01989 3.79447 3.54635 4.24045 3.94141 3.34201 3.05123 4.24417 3.15886 3.25662 2.86327 3.48287 7.25724 4.14337 5.22685 5.31983 2.77099 2.66482 3.97777 5.02954 4.32814 4.12596 2.66129 2.57961 2.68213
threshold=1.0000000180025095e-35 1.0000000180025095e-35 1.0000000180025095e-35 7.5277206897735605 1.0000000180025095e-35 2.8350445032119755 6.1615331172943124 1.0000000180025095e-35 14.017796039581301 1.0000000180025095e-35 1.0000000180025095e-35 1.0000000180025095e-35 1.0000000180025095e-35 3.4195755720138554 1.0000000180025095e-35 1.0000000180025095e-35 9.5071868896484393 1.0000000180025095e-35 1.0000000180025095e-35 1.0000000180025095e-35 0.57563310861587536 2.960985660552979 1.0000000180025095e-35 1.0000000180025095e-35 1.0000000180025095e-35 1.0000000180025095e-35 1.0000000180025095e-35 1.0000000180025095e-35 3.1772758960723881 1.0000000180025095e-35
decision_type=2 2 2 2 2 2 2 2 2 2 2 2 2 2 2 2 2 2 2 2 2 2 2 2 2 2 2 2 2 2
left_child=1 11 3 -2 6 -4 22 -5 9 -9 -6 12 13 14 21 16 -15 -18 19 -19 -21 -1 23 24 25 -3 -26 -10 -13 -30
right_child=2 4 5 7 10 -7 -8 8 27 -11 -12 28 -14 15 -16 -17 17 18 -20 20 -22 -23 -24 -25 26 -27 -28 -29 29 -31
leaf_value=-0.11057375641649619 0.0019503699341755099 -0.069467072294428042 -0.077391179643856542 0.021161837992278033 -0.02175054203455817 0.0024940675900291375 -0.08471325220119752 0.050174518982688834 0.12776267351873097 -0.039350307063118206 0.23536789343562897 -0.070352861445044462 0.10333152405221627 -0.051977357072824394 0.096617769319423799 -0.058996305101933169 -0.067644830412332366 0.16118803975425466 -0.01415674068326753 0.12941485427027904 -0.069320210501178883 0.059259981355052831 -0.089857781528632968 -0.068178441173267199 0.027605912285014647 0.07874516690512065 0.27156610165248857 0.037872163773874007 -0.061304856648813071 0.0099063538074050106
leaf_weight=2.1158510409295554 98.089092463254929 5.1374886520206982 6.5726986378431311 89.312533549964428 1.1878210529685014 151.34520258009434 26.567490600049496 30.120153032243252 10.202490679919718 5.8773252144455901 0.88007128611206997 4.871580369770526 2.4530797451734534 20.145042203366756 3.8234573602676392 32.150816697627306 9.5612629130482691 4.6041425578296202 7.8772419691085807 2.3747481480240822 3.1121088452637196 1.7596766799688337 5.6946006752550593 7.45434246957302 1.4699158333241931 3.1960251331329346 1.3120270669460297 4.8636174127459517 5.7093005441129199 71.866482965648174
leaf_count=26 470 78 44 461 28 717 806 169 72 30 21 58 15 204 41 384 134 33 53 19 21 20 96 113 23 46 19 33 53 619
internal_value=-0.000700943 -0.0228718 0.0119021 0.0203342 -0.0528845 -0.000830835 -0.0586026 0.0331801 0.0542007 0.0355578 0.0876761 -0.013664 -0.0263978 -0.0300338 0.0311385 -0.0359337 -0.0203808 0.00274042 0.0401938 0.082621 0.0166936 -0.033461 -0.0300137 -0.0116619 0.0262396 -0.0126255 0.142663 0.0987444 0.000232844 0.00466546
internal_weight=621.708 225.325 396.383 238.465 52.8998 157.918 50.8319 140.376 51.0636 35.9975 2.06789 172.425 89.9774 87.5243 7.69899 79.8254 47.6745 27.5295 17.9682 10.091 5.48686 3.87553 24.2644 18.5698 11.1155 8.33351 2.78194 15.0661 82.4474 77.5758
internal_count=4906 2910 1996 1235 1230 761 1181 765 304 199 49 1680 950 935 87 848 464 260 126 73 40 46 375 279 166 124 42 105 730 672
is_linear=0
shrinkage=0.1


Tree=24
num_leaves=31
num_cat=0
split_feature=13 5 14 1 168 44 14 10 98 1 0 135 16 7 21 21 79 81 94 70 57 0 127 15 7 11 0 168 74 8
split_gain=14.4533 5.6061 4.25145 3.81706 3.89198 3.53731 3.13471 3.13258 4.02527 5.00074 3.812 6.0675 3.84356 3.97813 6.64654 5.35973 4.32419 3.38906 3.2793 3.01372 3.00381 8.67601 3.16424 3.07038 3.57685 3.67119 3.02519 2.95332 2.87644 5.41186
threshold=1.0000000180025095e-35 1.0000000180025095e-35 1.0000000180025095e-35 -0.37394477427005762 1.0000000180025095e-35 1.0000000180025095e-35 1.0000000180025095e-35 1.0000000180025095e-35 1.0000000180025095e-35 0.90873831510543834 3.0266940593719487 1.0000000180025095e-35 1.0000000180025095e-35 1.0000000180025095e-35 1.0000000180025095e-35 1.0000000180025095e-35 1.0000000180025095e-35 1.0000000180025095e-35 1.0000000180025095e-35 1.0000000180025095e-35 1.0000000180025095e-35 3.8535249233245854 1.0000000180025095e-35 1.0000000180025095e-35 1.0000000180025095e-35 1.0000000180025095e-35 2.7748117446899419 1.0000000180025095e-35 1.0000000180025095e-35 1.0000000180025095e-35
decision_type=2 2 2 2 2 2 2 2 2 2 2 2 2 2 2 2 2 2 2 2 2 2 2 2 2 2 2 2 2 2
left_child=1 7 3 -2 -5 -4 19 10 9 20 11 -1 27 15 16 17 -15 -14 -10 -3 22 -22 23 24 25 -9 -24 -12 -7 -30
right_child=2 6 5 4 -6 28 -8 8 18 -11 12 -13 13 14 -16 -17 -18 -19 -20 -21 21 -23 26 -25 -26 -27 -28 -29 29 -31
leaf_value=0.1465242991136875 -0.00099030876707592846 -0.017908487876399995 0.066960240591842995 0.030389424413909613 -0.040703394216987848 -0.015980470845429438 -0.076271592882650771 0.17245972309241425 -0.13512701761297821 0.11585260934470186 -0.069316861389202594 -0.067703319922532978 0.0058003179396117332 -0.11010730176964562 0.13428778044781475 -0.11085752776161897 0.064906709481774558 0.10062702154830801 -0.01663411162757536 -0.071756553074876814 0.22384714344872539 0.012814073300624621 0.021690360196956752 -0.046323402983599576 -0.0224958869487424 0.015082973305617821 -0.097393046698483365 0.067286635501741576 0.034030487952131344 -0.034658335320172616
leaf_weight=3.0761317685246459 67.686999343335629 43.581397339701653 7.0734234154224387 163.75911299139261 8.0804691612720472 94.105109587311745 20.563101958483458 2.9061846919357794 3.3188534602522832 4.4159466139972201 25.521906562149528 2.3185812011361122 10.00109381973744 8.9492530375719053 1.631411079317332 2.6954677589237681 1.6761742569506175 6.0482162460684767 7.8833841420710087 13.648502156138418 2.0674658790230742 33.752538431435823 3.0106997713446635 6.7016411237418643 5.0216183252632618 3.0252590216696262 7.3200729191303253 1.6872890181839455 37.426999568939209 16.539039418101311
leaf_count=31 334 496 31 882 38 463 508 28 29 32 444 28 134 135 24 38 20 77 70 212 21 305 37 58 44 23 89 27 170 78
internal_value=-0.000691775 -0.0211783 0.0107706 0.0191236 0.0270464 -0.00212552 -0.0427831 -0.00942748 0.00381628 0.0129388 -0.0259649 0.0544519 -0.0334175 -0.00934448 -0.0536439 0.019622 -0.0824986 0.041536 -0.0517397 -0.0307505 0.00581618 0.0249945 -0.0187311 0.00699084 0.0396112 0.0921917 -0.0626885 -0.0608458 -0.00542577 0.0129793
internal_weight=615.493 220.822 394.671 239.527 171.84 155.145 77.793 143.029 79.4237 68.2214 63.6055 5.39471 58.2108 31.0016 12.2568 18.7448 10.6254 16.0493 11.2022 57.2299 63.8055 35.82 27.9855 17.6547 10.9531 5.93144 10.3308 27.2092 148.071 53.966
internal_count=4906 2910 1996 1254 920 742 1216 1694 736 637 958 59 899 428 179 249 155 211 99 708 605 326 279 153 95 51 126 471 711 248
is_linear=0
shrinkage=0.1


Tree=25
num_leaves=31
num_cat=0
split_feature=13 14 5 70 7 14 0 17 138 58 0 12 46 0 1 0 7 54 168 0 15 67 11 42 86 10 67 54 0 0
split_gain=12.0285 5.15334 3.71378 4.64766 6.44143 3.78149 3.66552 3.38363 3.31638 4.1883 6.2887 3.01567 3.24992 3.37695 4.46161 4.22533 4.33379 4.7511 3.90969 3.04385 2.98687 3.59719 2.89332 3.7976 3.68993 2.72322 2.79111 2.78605 4.8731 2.68754
threshold=1.0000000180025095e-35 1.0000000180025095e-35 1.0000000180025095e-35 1.0000000180025095e-35 1.0000000180025095e-35 1.0000000180025095e-35 6.1615331172943124 1.0000000180025095e-35 1.0000000180025095e-35 1.0000000180025095e-35 6.7802875041961679 1.0000000180025095e-35 1.0000000180025095e-35 3.7686516046524052 -0.65274924039840687 5.7535934448242196 1.0000000180025095e-35 1.0000000180025095e-35 1.0000000180025095e-35 2.7748117446899419 1.0000000180025095e-35 1.0000000180025095e-35 1.0000000180025095e-35 1.0000000180025095e-35 1.0000000180025095e-35 1.0000000180025095e-35 1.0000000180025095e-35 1.0000000180025095e-35 10.513347148895265 13.289527893066408
decision_type=2 2 2 2 2 2 2 2 2 2 2 2 2 2 2 2 2 2 2 2 2 2 2 2 2 2 2 2 2 2
left_child=1 11 3 7 5 -5 -3 -2 9 10 -4 12 -1 14 19 -15 18 -18 22 -14 21 -6 -17 25 -25 27 -27 -24 -29 -11
right_child=2 6 8 4 20 -7 -8 -9 -10 29 -12 -13 13 15 -16 16 17 -19 -20 -21 -22 -23 23 24 -26 26 -28 28 -30 -31
leaf_value=-0.11476074305948675 0.085419217575333051 -0.020207485477816138 -0.074049224688004053 0.11300288166488637 -0.077943740775133566 0.04393995026826733 -0.075059105238786894 0.0071819198858508685 0.059673630973422015 0.019194010264305048 -0.0034847170631268787 -0.028106731393726672 0.060922408270474952 -0.057387136723825297 0.12349329707269995 0.0051831359626761109 0.017932534386529472 -0.060438436895388463 -0.094555848480139981 -0.1109085431714547 0.046147652074248424 0.021451699539938363 -0.11338362547609732 0.17210551510711675 0.038106724751524865 0.12590633433084067 0.010769309096336865 0.12754839523502268 -0.10967928765885529 -0.017691868070254906
leaf_weight=2.4350631088018408 5.7108985260128966 23.850059185177088 18.89613863825798 13.019645549356936 6.8764453455805779 20.273460581898689 24.905087219551206 172.44268094748259 8.2160664796829206 63.008346602320671 38.082937866449356 65.246534824371338 2.2866729386150837 12.613483879715202 5.0154750272631627 22.039414633065462 14.446648553013803 16.651312984526157 2.6263699494302264 1.8772263713181017 9.7512414306402206 7.7387622892856598 2.2957348637282839 4.4407670609652996 3.8251717500388622 3.735236644744873 4.8254332542419434 2.0623005330562596 1.4926394335925577 28.773562416434288
leaf_count=26 30 387 110 134 36 85 843 854 42 302 175 731 26 136 48 171 131 190 22 22 53 43 25 32 28 18 32 21 21 132
internal_value=-0.000690811 -0.0196061 0.00974324 0.0176767 0.0423538 0.0709478 -0.0482268 0.0096899 -0.00217449 -0.00559036 -0.0268862 -0.011296 -0.000612646 0.00216045 0.05997 -0.00366744 0.0049708 -0.024031 0.024021 -0.0165448 0.00328446 -0.0253138 0.0309855 0.056062 0.110096 0.0250698 0.0610065 -0.0275126 0.0279418 0.00763031
internal_weight=609.461 216.671 392.79 235.813 57.6596 33.2931 48.7551 178.154 156.977 148.761 56.9791 167.915 102.669 100.234 9.17937 91.0545 78.441 31.098 47.3431 4.1639 24.3664 14.6152 44.7167 22.6773 8.26594 14.4113 8.56067 5.85067 3.55494 91.7819
internal_count=4906 2910 1996 1235 351 219 1230 884 761 719 285 1680 949 923 96 827 691 321 370 48 132 79 348 177 60 117 50 67 42 434
is_linear=0
shrinkage=0.1


Tree=26
num_leaves=31
num_cat=0
split_feature=13 5 14 70 7 5 85 45 21 70 30 85 168 8 0 16 10 1 25 0 73 139 108 11 14 15 67 12 99 62
split_gain=9.98055 4.72239 3.57427 3.07166 4.34163 4.88338 4.01591 3.06518 3.03173 2.98007 2.8209 2.69928 2.80424 10.4641 4.67141 2.82146 2.94351 8.46004 4.63712 3.83072 3.64219 2.7065 2.65629 8.78876 2.62997 3.60968 3.17339 2.92898 2.80627 2.82146
threshold=1.0000000180025095e-35 1.0000000180025095e-35 1.0000000180025095e-35 1.0000000180025095e-35 1.0000000180025095e-35 1.0000000180025095e-35 1.0000000180025095e-35 1.0000000180025095e-35 1.0000000180025095e-35 1.0000000180025095e-35 1.0000000180025095e-35 1.0000000180025095e-35 1.0000000180025095e-35 1.0000000180025095e-35 8.8049278259277362 1.0000000180025095e-35 1.0000000180025095e-35 -0.67830252647399891 1.0000000180025095e-35 16.119096755981449 1.0000000180025095e-35 1.0000000180025095e-35 1.0000000180025095e-35 1.0000000180025095e-35 1.0000000180025095e-35 1.0000000180025095e-35 1.0000000180025095e-35 1.0000000180025095e-35 1.0000000180025095e-35 1.0000000180025095e-35
decision_type=2 2 2 2 2 2 2 2 2 2 2 2 2 2 2 2 2 2 2 2 2 2 2 2 2 2 2 2 2 2
left_child=1 10 3 6 5 -5 22 -7 9 24 -1 12 15 -14 -15 16 17 -12 -19 21 -21 -18 -2 -24 27 -26 -27 28 29 -3
right_child=2 8 -4 4 -6 7 -8 -9 -10 -11 11 -13 13 14 -16 -17 19 18 -20 20 -22 -23 23 -25 25 26 -28 -29 -30 -31
leaf_value=-0.1183517390898261 0.0042848492017971548 0.040141445713201017 -0.0029933385411660745 0.11163045925724027 0.0046906756891704751 0.0087932680408350228 0.1038195936297856 0.097309180663662648 -0.095832027884401205 -0.071726419014830331 0.11952434785035998 0.079327171795316578 -0.071750593597857321 0.28809321844727109 0.066532112842262403 0.0036854172457170178 -0.030772530644189385 0.10273399981026941 -0.083854460470814296 0.16978869234355998 -0.011174447916688467 0.057091520430543025 0.13649812094025668 -0.028486818822841115 -0.10481132047060304 0.10906370115302309 -0.051657783026491856 -0.04605807316414183 0.099355891396584128 -0.031800841194632598
leaf_weight=2.2491354867815962 162.25711667537689 9.7694878727197683 154.86469998955727 11.918064206838606 24.129264660179615 15.419749617576601 4.4630778506398192 5.2420920431613913 8.2221830878406745 14.307256868109105 2.5627585090696803 3.6559182312339535 3.5480176322162142 1.7325816918164494 2.1111667081713676 62.913357727229595 29.220287054777145 1.4209818337112725 21.251271424815059 2.206697652116417 2.2423841804265976 3.9837563931941977 6.2586872056126577 6.6695103123784065 7.3853724282234889 1.8457255605608223 3.6736575979739428 12.69754498451948 3.2621892653405657 12.333367880433798
leaf_count=33 806 102 742 134 131 74 21 24 149 309 25 34 41 21 23 699 311 26 406 21 19 35 31 33 197 36 85 173 31 134
internal_value=-0.000662357 -0.0181029 0.00881504 0.0165521 0.0368423 0.0606543 0.0101471 0.0312505 -0.0386065 -0.0313982 -0.00726916 -0.0054435 -0.0077703 0.0520895 0.166401 -0.0112875 -0.0262664 -0.0526934 -0.07216 -0.00855516 0.0785814 -0.0202308 0.00776066 0.0513843 -0.0200775 -0.05909 0.00208876 -0.00685074 0.0127761 -2.26696e-06
internal_weight=603.817 212.595 391.222 236.358 56.7092 32.5799 179.648 20.6618 73.4968 65.2746 139.098 136.849 133.193 7.39177 3.84375 125.801 62.8881 25.235 22.6723 37.6531 4.44908 33.204 175.185 12.9282 50.9673 12.9048 5.51938 38.0626 25.365 22.1029
internal_count=4906 2910 1996 1254 363 232 891 98 1216 1067 1694 1661 1627 85 44 1542 843 457 432 386 40 346 870 64 758 318 121 440 267 236
is_linear=0
shrinkage=0.1


Tree=27
num_leaves=31
num_cat=0
split_feature=13 14 151 67 0 61 5 1 10 0 139 99 0 22 16 7 8 0 7 8 67 11 0 6 15 21 6 12 96 7
split_gain=8.30966 4.1885 3.82045 4.11481 3.71615 3.0658 3.06242 3.81484 3.70612 3.28826 3.82825 2.90774 2.88932 2.74504 3.82406 5.99244 6.10471 5.77831 3.30384 4.8845 2.60126 2.94982 2.47574 2.4701 3.86083 2.304 2.59219 2.4344 7.04576 4.23364
threshold=1.0000000180025095e-35 1.0000000180025095e-35 1.0000000180025095e-35 1.0000000180025095e-35 8.2067074775695819 1.0000000180025095e-35 1.0000000180025095e-35 -0.16024032235145566 1.0000000180025095e-35 14.017796039581301 1.0000000180025095e-35 1.0000000180025095e-35 2.8350445032119755 1.0000000180025095e-35 1.0000000180025095e-35 1.0000000180025095e-35 1.0000000180025095e-35 3.0266940593719487 1.0000000180025095e-35 1.0000000180025095e-35 1.0000000180025095e-35 1.0000000180025095e-35 17.370294570922855 1.0000000180025095e-35 1.0000000180025095e-35 1.0000000180025095e-35 1.0000000180025095e-35 1.0000000180025095e-35 1.0000000180025095e-35 1.0000000180025095e-35
decision_type=2 2 2 2 2 2 2 2 2 2 2 2 2 2 2 2 2 2 2 2 2 2 2 2 2 2 2 2 2 2
left_child=1 -1 4 -4 5 13 7 -2 25 10 20 -11 -8 14 18 16 17 -16 -3 -20 21 -10 -14 24 -22 27 -27 29 -29 -9
right_child=6 2 3 -5 -6 -7 12 8 9 11 -12 -13 22 -15 15 -17 -18 -19 19 -21 23 -23 -24 -25 -26 26 -28 28 -30 -31
leaf_value=-0.0092855742242842296 0.00041047945459459363 -0.0883100378957246 0.26485752379713234 -0.025639584584044833 -0.085600753611329614 -0.088931495192737409 -0.07067480113684059 0.047705828606519007 0.14351582100430388 0.11635229781061229 -0.042106303269347889 0.0061845672729634767 0.0024942347658836505 -0.10635164210304682 0.37812974350264211 -0.067755784999284502 -0.012522726941213425 0.1001034021373015 -0.065501885826281608 0.14635955569855372 0.093387221552734212 0.028372101829005288 -0.063123941365138117 -0.026539298279010245 -0.018208599741507552 0.084129220476376498 -0.011547336875112689 -0.037358850711146981 0.094778097687601981 -0.014847630639509314
leaf_weight=163.89362116158009 99.506190031766891 5.2790841534733861 0.81154270470142287 1.2215537913143635 17.442248903214931 5.9303258061408988 6.0380421429872504 26.143701434135437 4.9498084262013453 10.284929331392048 5.7576335668563834 3.123327959328889 144.17400705814362 2.4391224347054949 1.2232105806469911 2.5070367250591516 2.0820760261267424 1.9222695063799617 2.4398444630205631 1.9643665980547664 8.1324260383844393 4.0416227653622627 5.9886925667524329 6.0114746168255797 5.0100377649068824 8.6930272504687292 4.1998564749956122 24.246154271066192 4.8410311117768279 18.458768412470818
leaf_count=1680 475 104 23 26 665 137 44 141 34 80 30 25 690 50 14 46 36 38 50 41 45 24 27 37 26 45 23 126 25 99
internal_value=-0.000644002 -0.0167223 -0.0436504 0.0903169 -0.0499509 -0.0258377 0.00798761 0.0152405 0.0262618 0.0487686 0.0321892 0.0906898 -0.00284994 -0.00699465 0.00691885 0.0593462 0.120302 0.208222 -0.0349578 0.0289926 0.0473877 0.091759 -0.000122707 0.0265584 0.0508458 0.0139635 0.0529626 0.00714012 -0.0153671 0.021818
internal_weight=598.757 209.156 45.2627 2.0331 43.2296 25.7873 389.601 233.4 133.894 47.3113 33.903 13.4083 156.201 19.857 17.4179 7.73459 5.22756 3.14548 9.6833 4.40421 28.1454 8.99143 150.163 19.1539 13.1425 86.5825 12.8929 73.6897 29.0872 44.6025
internal_count=4906 2910 1230 49 1181 516 1996 1235 760 301 196 105 761 379 329 134 88 52 195 91 166 58 717 108 71 459 68 391 151 240
is_linear=0
shrinkage=0.1


Tree=28
num_leaves=31
num_cat=0
split_feature=13 5 14 21 42 108 11 79 70 49 82 55 83 85 8 79 11 53 44 65 24 7 16 21 0 0 51 167 12 10
split_gain=6.88715 4.02305 3.22579 2.87453 2.81783 4.37147 3.52653 3.19965 2.68762 2.66128 3.55221 9.32907 3.4805 3.198 2.78225 4.39762 3.56032 2.60479 2.55968 2.68514 2.50575 3.16734 2.94375 2.83574 3.84446 3.52736 2.96565 2.54364 2.42038 3.02062
threshold=1.0000000180025095e-35 1.0000000180025095e-35 1.0000000180025095e-35 1.0000000180025095e-35 1.0000000180025095e-35 1.0000000180025095e-35 1.0000000180025095e-35 1.0000000180025095e-35 1.0000000180025095e-35 1.0000000180025095e-35 1.0000000180025095e-35 1.0000000180025095e-35 1.0000000180025095e-35 1.0000000180025095e-35 1.0000000180025095e-35 1.0000000180025095e-35 1.0000000180025095e-35 1.0000000180025095e-35 1.0000000180025095e-35 1.0000000180025095e-35 1.0000000180025095e-35 1.0000000180025095e-35 1.0000000180025095e-35 1.0000000180025095e-35 6.635181427001954 16.379192352294925 1.0000000180025095e-35 1.0000000180025095e-35 1.0000000180025095e-35 1.0000000180025095e-35
decision_type=2 2 2 2 2 2 2 2 2 2 2 2 2 2 2 2 2 2 2 2 2 2 2 2 2 2 2 2 2 2
left_child=1 9 4 8 5 20 -7 28 -3 10 13 -12 14 -1 15 -13 -16 -17 -4 -20 21 -2 27 25 -25 26 -24 -22 -6 -30
right_child=2 3 18 -5 7 6 -8 -9 -10 -11 11 12 -14 -15 16 17 -18 -19 19 -21 22 -23 23 24 -26 -27 -28 -29 29 -31
leaf_value=-0.008618421123806199 0.11231795769528075 -0.017195062443485544 0.054648447085967417 -0.093721728377211405 0.0733855702696629 0.11278739467417404 0.013425369367064175 -0.050398104173373606 -0.068103042891268936 -0.029685892827438189 -0.07839635597529554 -0.11861760765535499 0.20717144121109216 0.12047088440540499 0.19061659261105973 -0.0065738443481997881 0.021034039282431086 0.16211937381466365 -0.0099094107977327952 0.051877462984718896 -0.0044285669997421563 -0.013438618451140595 0.010264330751359567 0.15535083408664271 0.021047412743387974 0.082305946767193133 -0.069359206254842334 -0.078528584085077763 -0.0083357305656341744 0.084813747644234438
leaf_weight=83.656432928517461 4.7694354467093927 49.356696903705597 7.1049292087554923 7.4208131805062285 18.540641535073519 7.1328108049929124 7.155083179473877 3.595953866839408 13.128961941227315 33.873047456145287 4.5408883113414058 1.6848155502229909 2.0771109033375987 1.9641602374613274 2.9115617740899324 1.856457119807601 2.1538484189659357 1.8055716268718243 139.94196018576622 7.4057695418596259 96.099924601614475 3.4525827541947365 51.254931651055813 3.3709017336368543 5.7963392697274685 6.2272147201001635 5.1475444696843615 4.867155745625495 11.229902982711794 5.0452878512442103
leaf_count=1034 30 758 31 149 133 39 38 21 309 450 53 22 18 19 31 30 27 10 678 33 484 21 246 15 30 38 33 23 62 41
internal_value=-0.000612533 -0.0153705 0.00723643 -0.0348795 0.0146479 0.00977768 0.0630289 0.0394068 -0.0278914 -0.00538092 0.00263932 0.0443499 0.0889781 -0.00565708 0.0654 0.0150865 0.118509 0.0766007 -0.00397712 -0.00680397 0.00557377 0.0595104 0.00300687 0.0184865 0.0704324 0.0108831 0.00299753 -0.00800059 0.0486823 0.0205405
internal_weight=594.569 206.43 388.138 69.9065 233.686 195.274 14.2879 38.4118 62.4857 136.524 102.651 17.0303 12.4894 85.6206 10.4123 5.34684 5.06541 3.66203 154.453 147.348 180.986 8.22202 172.764 71.7969 9.16724 62.6297 56.4025 100.967 34.8158 16.2752
internal_count=4906 2910 1996 1216 1254 997 77 257 1067 1694 1244 191 138 1053 120 62 58 40 742 711 920 51 869 362 45 317 279 507 236 103
is_linear=0
shrinkage=0.1


Tree=29
num_leaves=31
num_cat=0
split_feature=292 13 10 0 42 140 1 94 198 73 70 99 0 6 5 14 15 100 0 10 6 0 67 0 0 54 0 34 53 11
split_gain=6.7445 5.46759 3.71364 5.87586 4.13964 6.01908 3.09591 3.0114 2.82018 3.15325 3.6689 7.25675 3.64769 3.33535 3.02353 3.56096 3.16919 3.37726 3.29493 4.1479 6.84723 5.15514 4.8955 3.27812 4.36191 2.92499 5.89766 4.72843 5.87779 4.36124
threshold=1.0000000180025095e-35 1.0000000180025095e-35 1.0000000180025095e-35 9.7960300445556658 1.0000000180025095e-35 1.0000000180025095e-35 0.039622785523533828 1.0000000180025095e-35 1.0000000180025095e-35 1.0000000180025095e-35 1.0000000180025095e-35 1.0000000180025095e-35 12.881587982177736 1.0000000180025095e-35 1.0000000180025095e-35 1.0000000180025095e-35 1.0000000180025095e-35 1.0000000180025095e-35 7.7577002048492441 1.0000000180025095e-35 1.0000000180025095e-35 13.726214885711672 1.0000000180025095e-35 5.4524297714233407 4.850102663040162 1.0000000180025095e-35 14.176591396331789 1.0000000180025095e-35 1.0000000180025095e-35 1.0000000180025095e-35
decision_type=2 2 2 2 2 2 2 2 2 2 2 2 2 2 2 2 2 2 2 2 2 2 2 2 2 2 2 2 2 2
left_child=1 2 3 6 -5 7 -1 -6 9 14 12 -12 -11 -13 16 25 17 18 23 21 -21 22 -20 24 -3 27 -27 28 29 -16
right_child=-2 8 -4 4 5 -7 -8 -9 -10 10 11 13 -14 -15 15 -17 -18 -19 19 20 -22 -23 -24 -25 -26 26 -28 -29 -30 -31
leaf_value=-0.013711709937125924 0.14001148561527987 -0.022591261856839517 -0.0019360761044247771 -0.088528067001088007 -0.059902928212212464 0.14527429328106523 0.091829220870824138 0.067392725427629502 0.079101260475572976 0.012293883377443388 0.075496702610445568 -0.053464940907075681 -0.062090569735855743 0.055351616831115891 -0.03187457030334135 -0.0447530732329205 0.025399460126513569 0.086264426601441416 -0.044026430336535041 0.10061500730963331 -0.033728704322005219 -0.064904488413874847 0.069370301636447737 -0.059033323550411888 0.079010869463765218 0.059532650469725862 -0.046862769269517116 0.032958601232843575 0.047873184747109825 -0.12305024071661196
leaf_weight=52.817835684865713 3.3930143844336262 25.595052853226665 107.55637746676803 21.276070227846503 14.130422875285154 1.8922851495444764 2.9337460733950129 2.1398387178778639 5.1545604988932601 86.458562381565571 24.546232901513577 8.5301143676042539 7.1367309987545005 4.2054787278175345 14.885390058159832 29.677054159343243 56.873092576861382 3.9437271580100051 6.3296778425574312 10.397424533963205 5.973473969846963 10.991877593100069 9.5528848841786385 18.598752230405807 5.0609280169010153 16.049600109457973 7.7140618413686743 12.262654170393942 5.9010238498449317 8.1016779616475105
leaf_count=812 26 129 1214 485 281 26 44 34 28 424 144 45 36 32 75 159 298 22 33 64 41 56 50 86 23 77 35 53 29 45
internal_value=-0.00057053 -0.00138357 -0.0146682 -0.0290544 -0.0585942 -0.0235288 -0.00815796 -0.0431612 0.00563164 0.00463185 0.0171891 0.0437178 0.006622 -0.0175321 -0.00199746 -0.0160573 0.006677 -0.00436366 -0.00822758 0.0119146 0.0515952 -0.0122573 0.0241783 -0.0259123 -0.00581799 -0.00293841 0.024995 -0.0190694 -0.0411546 -0.064009
internal_weight=590.08 586.687 202.747 95.1902 39.4386 18.1625 55.7516 16.2703 383.94 378.785 130.877 37.2818 93.5953 12.7356 247.908 94.5915 153.317 96.4438 92.5001 43.2453 16.3709 26.8744 15.8826 49.2547 30.656 64.9144 23.7637 41.1507 28.8881 22.9871
internal_count=4906 4880 2896 1682 826 341 856 315 1984 1956 681 221 460 77 1275 473 802 504 482 244 105 139 83 238 152 314 112 202 149 120
is_linear=0
shrinkage=0.1


Tree=30
num_leaves=31
num_cat=0
split_feature=292 13 14 262 151 0 61 12 46 21 128 1 0 44 7 1 81 9 0 8 69 51 53 61 14 8 53 16 0 102
split_gain=5.29843 4.51002 3.38947 3.4785 3.64903 3.79704 3.19122 2.7568 2.81514 2.66952 3.58604 4.02212 3.94106 3.1454 3.05103 6.23079 4.72827 3.80697 3.48112 3.277 2.95791 4.0684 2.91762 2.53588 2.43839 2.35171 2.66886 5.02489 2.31967 2.81563
threshold=1.0000000180025095e-35 1.0000000180025095e-35 1.0000000180025095e-35 1.0000000180025095e-35 1.0000000180025095e-35 8.2067074775695819 1.0000000180025095e-35 1.0000000180025095e-35 1.0000000180025095e-35 1.0000000180025095e-35 1.0000000180025095e-35 -0.65274924039840687 5.7535934448242196 1.0000000180025095e-35 1.0000000180025095e-35 1.0000000180025095e-35 1.0000000180025095e-35 1.0000000180025095e-35 9.1197810173034686 1.0000000180025095e-35 1.0000000180025095e-35 1.0000000180025095e-35 1.0000000180025095e-35 1.0000000180025095e-35 1.0000000180025095e-35 1.0000000180025095e-35 1.0000000180025095e-35 1.0000000180025095e-35 2.6105407476425175 1.0000000180025095e-35
decision_type=2 2 2 2 2 2 2 2 2 2 2 2 2 2 2 2 2 2 2 2 2 2 2 2 2 2 2 2 2 2
left_child=1 2 7 4 5 23 -6 8 -1 10 12 -12 -10 -14 17 16 -16 20 -19 22 21 -15 -20 -4 -3 26 -17 -28 -26 -30
right_child=-2 24 3 -5 6 -7 -8 -9 9 -11 11 -13 13 14 15 25 -18 18 19 -21 -22 -23 -24 -25 28 -27 27 -29 29 -31
leaf_value=-0.11219904877627643 0.12230734391120837 0.011636832212948152 -0.0078196352980870309 0.18517840700855565 -0.021214318399974345 -0.08902033529825501 0.22993868728741917 -0.023608830609580026 -0.046890946263983393 -0.044389396120174479 0.005725437429573918 0.16179038078010227 0.13106966262319406 0.050966068413619871 0.14628052400045183 -0.063207700267522704 -0.0090734608086059775 -0.08060422835318394 0.11268692733898034 -0.039405274974192675 0.00020869556025049637 0.17055659361949449 -0.01619796366253921 -0.086254378695394623 -0.070379736082705799 -0.090237981807425552 0.17421039102315289 -0.04586226657297586 -0.0058602667943878509 0.052225748735815841
leaf_weight=2.0562259331345549 3.4901301749050608 228.8033607788384 18.974971206858758 0.68252665922045608 1.1718676704913371 14.888158496469257 0.8902603331953286 60.101821413263679 12.092922832816837 9.4606249127536994 3.3629849702119827 3.2446193620562545 2.2595684081315985 12.22164184600115 3.4145850613713282 5.4376608692109603 4.5961040556430817 4.6863174848258522 4.5720526818186027 5.3645646851509809 6.8471355177462092 3.7076297737658015 2.8520481158047915 5.2660043798387042 5.1909674629569045 7.7951156776398411 1.7276508472859857 2.5972556993365288 138.74381626397371 8.8791676461696607
leaf_count=25 26 1245 374 19 29 650 18 727 136 107 39 30 19 87 32 57 41 39 39 48 48 25 29 134 32 94 24 26 666 41
internal_value=-0.000536702 -0.00127351 -0.0134262 -0.0387285 -0.0424385 -0.0492713 0.0872133 -0.00673736 0.00357841 0.00605205 0.0115511 0.0823601 0.00571521 0.0150596 0.011077 -0.0159366 0.0571467 0.0282366 -0.00687359 0.0201445 0.0551746 0.0788015 0.0631744 -0.0248585 0.0051042 -0.0492809 -0.0165779 0.0420492 -0.00467689 -0.00236653
internal_weight=585.38 581.89 200.272 41.8738 41.1913 39.1291 2.06213 158.399 98.2967 96.2405 86.7799 6.6076 80.1723 68.0793 65.8198 25.5684 8.01069 40.2514 17.475 12.7887 22.7764 15.9293 7.4241 24.241 381.617 17.5577 9.76257 4.32491 152.814 147.623
internal_count=4906 4880 2896 1224 1205 1158 47 1672 945 920 813 69 744 608 589 274 73 315 155 116 160 112 68 508 1984 201 107 50 739 707
is_linear=0
shrinkage=0.1


Tree=31
num_leaves=31
num_cat=0
split_feature=5 292 152 13 7 70 10 55 65 26 0 81 0 21 0 0 47 67 98 9 138 1 65 50 140 54 35 0 97 0
split_gain=4.61514 4.87729 3.40454 3.29704 2.89805 6.34293 4.23703 3.78844 5.22558 4.87796 7.90632 4.86903 3.71806 4.02218 3.48254 5.0049 3.13267 5.24779 3.05768 4.0257 2.78273 2.8657 2.77739 3.23818 2.9827 2.95268 3.48385 2.76825 2.76259 3.95046
threshold=1.0000000180025095e-35 1.0000000180025095e-35 1.0000000180025095e-35 1.0000000180025095e-35 1.0000000180025095e-35 1.0000000180025095e-35 1.0000000180025095e-35 1.0000000180025095e-35 1.0000000180025095e-35 1.0000000180025095e-35 3.4195755720138554 1.0000000180025095e-35 7.7577002048492441 1.0000000180025095e-35 2.3121149539947514 2.7748117446899419 1.0000000180025095e-35 1.0000000180025095e-35 1.0000000180025095e-35 1.0000000180025095e-35 1.0000000180025095e-35 -0.4200319349765777 1.0000000180025095e-35 1.0000000180025095e-35 1.0000000180025095e-35 1.0000000180025095e-35 1.0000000180025095e-35 12.34633779525757 1.0000000180025095e-35 5.6960985660552987
decision_type=2 2 2 2 2 2 2 2 2 2 2 2 2 2 2 2 2 2 2 2 2 2 2 2 2 2 2 2 2 2
left_child=1 2 4 -2 5 14 7 9 12 11 -11 -6 13 -9 -1 -16 -14 -18 -8 -20 21 -5 23 24 27 26 -25 -7 -17 -30
right_child=3 -3 -4 20 6 22 18 8 -10 10 -12 -13 16 -15 15 28 17 -19 19 -21 -22 -23 -24 25 -26 -27 -28 -29 29 -31
leaf_value=-0.075229969144411823 -0.030629217745919736 0.14797343617025219 0.10790797950567022 -0.039638211182380617 0.023835068844623782 0.1388346820326076 0.02217166479236763 -0.082117818358366554 -0.1645746117806427 0.15126360390684371 0.0011215370526222383 -0.11581749914946252 0.011686431424876905 0.042324043625600653 0.096469256222005195 -0.0031319177075467201 -0.13974786224394539 0.027458520933992259 -0.11855787592707767 0.045731774977633734 0.052629458001849178 -0.0010807184009783474 0.09830127436419181 -0.058719181772485751 0.11228198990040064 -0.077723013688855508 0.12426632681250604 0.025420782809097847 -0.078709075968199205 0.068416638659885107
leaf_weight=5.6647419370710841 66.1731001380831 2.4171550404280415 3.2140463683754197 22.865168295800686 4.7772156596183795 2.3131974264979354 51.166473429650068 16.864151839166883 3.0394749231636515 4.6028910465538528 14.734729722142218 5.2295263912528753 22.290107710286978 3.0701970793306819 5.7115349397063246 137.15929895080626 4.0798053983598939 3.4764790181070566 3.6934153214097014 2.5017718411982059 8.231587886810301 122.79335272312164 7.3553436584770671 1.9613362662494163 5.5878373105078927 4.6098159123212099 2.2160446830093861 30.913003150373697 2.180014766752719 11.207798251882194
leaf_count=45 1216 18 30 142 48 15 408 137 27 32 126 41 220 21 37 1014 40 34 35 19 42 577 66 24 43 44 20 280 19 86
internal_value=-0.000542335 0.00639976 0.00544818 -0.0119631 0.00452421 0.0117569 -0.00671827 -0.0212786 -0.0372834 0.00753024 0.0368595 -0.0491474 -0.0295114 -0.0629519 0.00179388 0.00458617 -0.00717652 -0.0628199 0.0141379 -0.0522136 -0.00393668 -0.00713339 0.0411117 0.0322748 0.0446848 -0.0225416 0.0383522 0.0333166 0.00110026 0.0444593
internal_weight=582.101 362.037 359.62 220.063 356.406 216.88 139.526 82.1646 52.8202 29.3444 19.3376 10.0067 49.7807 19.9343 161.923 156.259 29.8464 7.55628 57.3617 6.19519 153.89 145.659 54.9566 47.6012 38.814 8.7872 4.17738 33.2262 150.547 13.3878
internal_count=4906 2929 2911 1977 2881 1693 1188 726 479 247 158 89 452 158 1201 1156 294 74 462 54 761 719 492 426 338 88 44 295 1119 105
is_linear=0
shrinkage=0.1


Tree=32
num_leaves=31
num_cat=0
split_feature=302 13 16 67 78 85 22 137 87 21 11 0 0 17 1 9 10 45 135 0 0 12 11 61 65 7 70 0 0 1
split_gain=4.40716 3.94942 3.19034 3.52489 4.527 3.47514 3.40212 4.15239 2.99758 2.98351 2.82501 3.72767 3.32995 2.74474 3.76596 2.87137 2.73168 3.024 2.67916 3.49524 3.43421 2.58742 2.47923 4.34457 3.4142 2.43981 5.12299 4.75385 3.26941 5.37475
threshold=1.0000000180025095e-35 1.0000000180025095e-35 1.0000000180025095e-35 1.0000000180025095e-35 1.0000000180025095e-35 1.0000000180025095e-35 1.0000000180025095e-35 1.0000000180025095e-35 1.0000000180025095e-35 1.0000000180025095e-35 1.0000000180025095e-35 10.186173915863039 9.0704994201660174 1.0000000180025095e-35 0.95330443978309642 1.0000000180025095e-35 1.0000000180025095e-35 1.0000000180025095e-35 1.0000000180025095e-35 12.746064186096193 12.057495117187502 1.0000000180025095e-35 1.0000000180025095e-35 1.0000000180025095e-35 1.0000000180025095e-35 1.0000000180025095e-35 1.0000000180025095e-35 14.680356025695803 3.2950034141540532 -0.67100161314010609
decision_type=2 2 2 2 2 2 2 2 2 2 2 2 2 2 2 2 2 2 2 2 2 2 2 2 2 2 2 2 2 2
left_child=1 2 5 4 8 9 7 10 18 -1 11 12 -5 15 25 -3 17 21 19 20 -4 -12 24 -24 -21 26 27 -15 29 -27
right_child=-2 13 3 6 -6 -7 -8 -9 -10 -11 16 -13 -14 14 -16 -17 -18 -19 -20 22 -22 -23 23 -25 -26 28 -28 -29 -30 -31
leaf_value=-0.02069987421930515 -0.11459303450510168 0.10281975741277423 0.061881642587419385 -0.025146066221617743 -0.11338499147262344 0.081750586659153551 -0.10833939669202669 0.13564160125139577 -0.097723835055046324 -0.075543995295584809 0.04914151602232817 -0.080724801495499154 0.096971647208219269 0.0062755023438784731 -0.070516101136019499 0.00097150505021427599 0.051900598918589259 -0.11074324087482941 -0.032081258983995636 -0.06651627135206116 0.20536136905272714 -0.071696926283427109 -0.041640803595867776 0.12014874709684242 0.093653086610426289 -0.0004068660573392697 0.037876580536258156 -0.097065884643760592 -0.010342715807378987 0.13434876511298122
leaf_weight=87.316888077184558 3.367153661325573 5.9032688736915571 16.733669526875023 13.603777844458824 2.2819431666284791 3.0327542796730986 3.6547320634126654 1.924559250473975 1.7176200542598952 11.190145511180161 5.479208352044223 10.872584903612731 2.6714560631662598 168.3773378431797 6.5511745586991301 5.212126836180687 9.8180949985980988 2.7845735810697088 4.8443725109100333 5.7404829468578082 1.8529091458767641 2.6189290732145309 2.8117158804088831 4.0511921457946301 1.7325113620609043 9.6525608599185926 58.047574546188116 4.5722816661000243 117.28725302964449 4.2687638923525801
leaf_count=1434 28 31 188 174 33 30 61 22 20 213 79 171 28 845 39 27 93 45 64 87 17 42 38 37 19 55 349 23 593 21
internal_value=-0.000519832 0.00014631 -0.0113539 0.00179808 0.023562 -0.023684 -0.0152155 -0.00837767 0.0314767 -0.02693 -0.0141704 -0.0353882 -0.00510137 0.00610222 0.00462643 0.055062 0.0136555 -0.0208482 0.0373527 0.0475695 0.0761852 0.0100625 0.010469 0.053864 -0.0293832 0.00598552 0.0121711 0.00354346 -0.00490435 0.0409139
internal_weight=579.974 576.606 196.734 95.1943 41.7664 101.54 53.4279 49.7732 39.4845 98.507 47.8486 27.1478 16.2752 379.872 368.757 11.1154 20.7008 10.8827 37.7669 32.9225 18.5866 8.09814 14.3359 6.86291 7.47299 362.206 230.997 172.95 131.209 13.9213
internal_count=4906 4878 2895 1218 503 1677 715 654 470 1647 632 373 202 1983 1925 58 259 166 450 386 205 121 181 75 106 1886 1217 868 669 76
is_linear=0
shrinkage=0.1


Tree=33
num_leaves=31
num_cat=0
split_feature=5 292 34 15 0 135 8 0 50 45 0 0 12 168 0 0 83 152 16 262 7 0 0 0 70 0 0 16 13 15
split_gain=3.74484 3.83502 3.01082 4.41496 3.77004 3.56432 3.51358 5.19418 2.69981 4.61203 3.97815 2.75964 2.78949 4.31399 4.42297 2.83911 4.2642 2.69395 2.55504 2.23266 2.24958 4.24889 4.24428 5.42696 3.82715 2.93096 3.40334 2.3631 3.29128 4.98899
threshold=1.0000000180025095e-35 1.0000000180025095e-35 1.0000000180025095e-35 1.0000000180025095e-35 7.9493498802185067 1.0000000180025095e-35 1.0000000180025095e-35 11.43189573287964 1.0000000180025095e-35 1.0000000180025095e-35 17.166323661804203 2.8350445032119755 1.0000000180025095e-35 1.0000000180025095e-35 15.585215568542482 14.752909183502199 1.0000000180025095e-35 1.0000000180025095e-35 1.0000000180025095e-35 1.0000000180025095e-35 1.0000000180025095e-35 3.4195755720138554 7.7577002048492441 8.2067074775695819 1.0000000180025095e-35 2.3121149539947514 2.6105407476425175 1.0000000180025095e-35 1.0000000180025095e-35 1.0000000180025095e-35
decision_type=2 2 2 2 2 2 2 2 2 2 2 2 2 2 2 2 2 2 2 2 2 2 2 2 2 2 2 2 2 2
left_child=1 17 8 5 -5 6 7 -4 9 10 11 -2 -13 14 15 16 -14 19 -11 20 24 -22 -23 -24 25 -1 -27 28 29 -25
right_child=2 -3 3 4 -6 -7 -8 -9 -10 18 -12 12 13 -15 -16 -17 -18 -19 -20 -21 21 22 23 27 -26 26 -28 -29 -30 -31
leaf_value=-0.070939300119661847 -0.063983381251179847 0.12928566487233703 0.13302001992238743 0.025563668681107182 -0.078282730479593735 -0.040779520318060793 0.0014675088489014435 0.019210740447488106 -0.060545822569797042 0.0047552083507606605 -0.1077922559725248 -0.00040018974944327866 -0.0080300653765186351 -0.16197045974382523 -0.13495187110501514 0.077856162539520102 -0.11085101770393418 0.095619326621224743 0.14310162812274646 0.057835165368294084 0.039132063393267934 -0.040425123510060515 0.10366657250138703 -0.094948121385349152 0.032502145862379386 0.10346630678587801 0.0018302086178868826 -0.026572036663690991 0.028556732355938055 0.030630624807647184
leaf_weight=5.3924972191452971 10.164939630776642 2.4951503239572039 8.1815259940922349 6.0829030927270642 8.220225911587475 5.4267864711582652 9.8935496900230628 7.865341516211628 13.129417803138493 2.5267269406467667 4.6337628662586203 94.814690234139562 29.744015522301197 2.3787928745150557 3.2711657863110295 3.105973692610859 4.6661861669272175 3.2421815097331992 2.8302308283746243 7.5534346960484973 17.3190086632967 39.98352593369782 4.7092846557497969 6.4111195262521488 53.332795213907957 3.3691920340061179 148.9199797026813 33.748057571239769 27.741497494280338 6.2454046737402678
leaf_count=45 120 18 64 55 85 44 84 67 113 27 53 816 293 19 21 31 61 30 24 60 127 332 34 124 483 21 1105 293 150 107
internal_value=-0.000507461 0.00574015 -0.0108885 0.0119251 -0.0341184 0.0329205 0.0483386 0.0772366 -0.0169721 -0.0133544 -0.0165522 -0.0136984 -0.0099939 -0.0310665 -0.023432 -0.0137082 -0.0219731 0.004879 0.0778475 0.00404964 0.00287942 -0.00714161 -0.0138853 -0.000428326 0.00934553 0.00151325 0.00407877 -0.00703977 0.00927727 -0.0329809
internal_weight=577.399 360.463 216.936 45.6703 14.3031 31.3672 25.9404 16.0469 171.266 158.136 152.78 148.146 137.981 43.1661 40.7873 37.5162 34.4102 357.968 5.35696 354.726 347.172 136.158 118.839 78.8554 211.014 157.682 152.289 74.1461 40.398 12.6565
internal_count=4906 2929 1977 399 140 259 215 131 1578 1465 1414 1361 1241 425 406 385 354 2911 51 2881 2821 1167 1040 708 1654 1171 1126 674 381 231
is_linear=0
shrinkage=0.1


Tree=34
num_leaves=31
num_cat=0
split_feature=302 14 262 13 0 0 68 67 292 12 44 44 7 91 97 0 104 65 135 10 7 6 81 73 35 0 77 0 7 167
split_gain=3.6271 3.37395 3.13532 3.19325 3.13722 3.03995 4.42608 2.87896 2.40134 2.72459 3.39664 2.31531 3.70837 2.85412 2.90773 2.39256 4.10259 4.34293 2.97214 3.3708 3.53661 3.02773 2.38397 2.3221 2.65812 2.2739 3.45404 3.47741 3.0742 5.92325
threshold=1.0000000180025095e-35 1.0000000180025095e-35 1.0000000180025095e-35 1.0000000180025095e-35 6.1615331172943124 17.370294570922855 1.0000000180025095e-35 1.0000000180025095e-35 1.0000000180025095e-35 1.0000000180025095e-35 1.0000000180025095e-35 1.0000000180025095e-35 1.0000000180025095e-35 1.0000000180025095e-35 1.0000000180025095e-35 16.223134994506839 1.0000000180025095e-35 1.0000000180025095e-35 1.0000000180025095e-35 1.0000000180025095e-35 1.0000000180025095e-35 1.0000000180025095e-35 1.0000000180025095e-35 1.0000000180025095e-35 1.0000000180025095e-35 7.7043120861053476 1.0000000180025095e-35 3.5414099693298344 1.0000000180025095e-35 1.0000000180025095e-35
decision_type=2 2 2 2 2 2 2 2 2 2 2 2 2 2 2 2 2 2 2 2 2 2 2 2 2 2 2 2 2 2
left_child=1 8 3 4 7 -6 -7 -3 9 10 -1 12 -11 14 15 16 17 18 -13 20 21 -20 -21 24 -17 26 27 -12 29 -27
right_child=-2 2 -4 -5 5 6 -8 -9 -10 11 25 13 -14 -15 -16 23 -18 -19 19 22 -22 -23 -24 -25 -26 28 -28 -29 -30 -31
leaf_value=0.070707257533304771 -0.10445267525010149 0.042999277799125012 0.076674846747493988 -0.0059374849416533211 -0.078799521819979026 0.32581039803078676 -0.10233397479359758 -0.037114211812593452 0.10008763032708419 0.012697103185420259 0.028853054111208351 -0.018357982813717186 -0.16071757798914652 -0.095664585641912006 0.042508562228227402 -0.070192101356709016 0.090473732014902386 -0.12849497668596879 0.1797366006029141 -0.063038193655322747 -0.0014706388208248617 0.038610738020878076 0.033465728350348743 0.099159348897375918 0.069811028372982961 0.037784444497243337 0.09658160627210538 -0.017412060567577152 -0.0006148146096882968 -0.080788384989782955
leaf_weight=9.3467221185564977 3.3361619990319005 6.5629817396402368 4.0188373159617177 148.58483453094959 16.899397194385532 0.46498317457735439 0.50227989908307791 14.171608757227659 2.6687101274728766 2.4920952990651122 21.28832857683301 86.942117676138878 2.4409856833517551 3.2768279276788226 13.691024322062729 2.7316923532634956 3.9247110672295085 3.1929569151252499 3.1992775797843933 5.4623657763004303 4.8928456045687199 2.8965919315814972 4.8174130916595459 4.0816500745713711 2.6930782161653042 71.052313268184662 3.3757148757576934 68.591039009392262 53.281371641904116 4.4785353746265164
leaf_count=69 28 112 33 725 779 18 24 271 17 20 161 717 21 24 114 29 34 24 22 36 37 28 32 38 27 534 21 448 433 30
internal_value=-0.000486177 0.000120178 -0.0107184 -0.0125947 -0.0382198 -0.0689311 0.103484 -0.0117564 0.00556211 0.00489502 0.0116542 -0.0057647 -0.0731119 -0.0034218 -0.00123979 -0.00603781 -0.0100125 -0.0135526 -0.010161 0.0233468 0.0618517 0.112677 -0.0178136 0.0421817 -0.000688816 0.00916864 -0.00272421 -0.00645396 0.0177786 0.0307538
internal_weight=575.359 572.023 191.205 187.186 38.6013 17.8667 0.967263 20.7346 380.818 378.15 231.414 146.736 4.93308 141.803 138.526 124.835 115.328 111.404 108.211 21.2685 10.9887 6.09587 10.2798 9.50642 5.42477 222.067 93.2551 89.8794 128.812 75.5308
internal_count=4906 4878 1962 1929 1204 821 42 383 2916 2899 1696 1203 41 1162 1138 1024 930 896 872 155 87 50 68 94 56 1627 630 609 997 564
is_linear=0
shrinkage=0.1


Tree=35
num_leaves=31
num_cat=0
split_feature=5 0 176 167 10 0 13 67 1 21 6 1 7 13 15 10 0 47 13 0 292 99 16 84 84 13 0 15 82 69
split_gain=3.13418 2.68757 2.7145 2.65703 3.35498 4.48059 3.16848 3.0986 5.79264 3.4749 3.19166 5.76758 3.33948 4.06994 4.61896 3.06222 3.06035 2.85342 2.84557 3.03765 2.65151 2.3906 2.30365 4.5894 2.37765 2.72499 4.15476 3.03012 2.95798 2.64435
threshold=1.0000000180025095e-35 2.8350445032119755 1.0000000180025095e-35 1.0000000180025095e-35 1.0000000180025095e-35 12.262833595275881 1.0000000180025095e-35 1.0000000180025095e-35 -0.34367632865905756 1.0000000180025095e-35 1.0000000180025095e-35 -0.59555858373641957 1.0000000180025095e-35 1.0000000180025095e-35 1.0000000180025095e-35 1.0000000180025095e-35 4.3846678733825692 1.0000000180025095e-35 1.0000000180025095e-35 5.405886411666871 1.0000000180025095e-35 1.0000000180025095e-35 1.0000000180025095e-35 1.0000000180025095e-35 1.0000000180025095e-35 1.0000000180025095e-35 9.9780974388122576 1.0000000180025095e-35 1.0000000180025095e-35 1.0000000180025095e-35
decision_type=2 2 2 2 2 2 2 2 2 2 2 2 2 2 2 2 2 2 2 2 2 2 2 2 2 2 2 2 2 2
left_child=20 -2 3 4 5 7 -7 8 16 10 11 -9 13 -13 -15 -5 -3 -12 19 -14 -1 -10 24 -24 25 26 -6 -28 29 -27
right_child=1 2 -4 15 22 6 -8 9 21 -11 17 12 18 14 -16 -17 -18 -19 -20 -21 -22 -23 23 -25 -26 28 27 -29 -30 -31
leaf_value=0.0045238510726586991 -0.061323492181621725 0.018338877725039334 -0.094324131228788577 -0.0069098319095378183 -0.094480613901771815 -0.10426966380417957 -0.028680139701977928 0.14486703247299254 0.065634887267428985 -0.10391868012578134 -0.07202648006213154 -0.060481596333691247 -0.10723055155819053 0.0077801837832451167 0.13735343207420664 -0.11952521128212477 -0.10618105546059615 0.024618560199837138 -0.08300476878329624 0.11301291679129369 0.10627530425500563 -0.019706948895270041 0.050796703718805285 -0.08884982490964452 0.077252436054400242 0.046089186923412614 0.07166157799714401 -0.068967902973020259 -0.059382427236660429 -0.023953902109136293
leaf_weight=356.07158157695085 9.7464841157197935 3.6648828834295299 3.5450895735993972 5.4403593000024539 7.3608976406976563 6.6889487309381357 32.43451115489006 2.9242126978933767 18.593600833788518 4.1115964809432617 10.904866032302378 4.1570626311004242 0.9583025984466097 7.6462209597229958 4.2973548620939255 4.3414037115871906 4.2773731797933578 4.2438673563301554 7.0470493510365486 1.8071653023362158 2.5795643664896479 3.9859815239906302 23.733325201086704 2.6124521233141413 3.6867970265448085 17.417522929608829 3.8506418010219932 2.5447118682786822 5.0571699738502494 7.8054586350917807
leaf_count=2911 120 38 45 49 136 221 155 25 143 38 107 81 17 38 21 35 43 45 33 34 18 31 201 22 24 87 77 50 23 38
internal_value=-0.000466318 -0.0100165 -0.00757887 -0.00605343 -0.00346086 -0.0139504 -0.0416037 -0.00018933 0.0247322 -0.016004 -0.0077862 0.0117374 -0.0032858 0.0247394 0.0544012 -0.0568915 -0.0487224 -0.0449517 -0.0492702 0.0366931 0.00525569 0.0505695 0.0132138 0.0369493 0.000110487 -0.00634796 -0.0432547 0.0157051 0.0104187 0.0244138
internal_weight=573.536 214.885 205.139 201.594 191.812 117.743 39.1235 78.6195 30.5218 48.0977 43.9861 28.8374 25.9132 16.1006 11.9436 9.78176 7.94226 15.1487 9.81252 2.76547 358.651 22.5796 74.069 26.3458 47.7232 44.0364 13.7563 6.39535 30.2802 25.223
internal_count=4906 1977 1857 1812 1728 1070 376 694 255 439 401 249 224 140 59 84 81 152 84 51 2929 174 658 223 435 411 263 127 148 125
is_linear=0
shrinkage=0.1


Tree=36
num_leaves=31
num_cat=0
split_feature=302 13 14 42 108 11 16 152 67 78 151 22 137 24 11 0 54 1 55 7 0 10 45 85 21 168 65 17 1 139
split_gain=2.96771 2.93335 2.28791 2.34189 3.99198 2.49909 2.24833 2.81067 2.53727 3.89805 3.66264 3.04248 3.31334 2.72363 2.71705 3.02628 2.65474 5.07917 5.46491 2.80963 3.6767 2.34688 2.85389 2.22823 2.54265 2.42107 2.13411 2.1395 2.36525 2.72049
threshold=1.0000000180025095e-35 1.0000000180025095e-35 1.0000000180025095e-35 1.0000000180025095e-35 1.0000000180025095e-35 1.0000000180025095e-35 1.0000000180025095e-35 1.0000000180025095e-35 1.0000000180025095e-35 1.0000000180025095e-35 1.0000000180025095e-35 1.0000000180025095e-35 1.0000000180025095e-35 1.0000000180025095e-35 1.0000000180025095e-35 10.186173915863039 1.0000000180025095e-35 -0.28800669312477106 1.0000000180025095e-35 1.0000000180025095e-35 3.7686516046524052 1.0000000180025095e-35 1.0000000180025095e-35 1.0000000180025095e-35 1.0000000180025095e-35 1.0000000180025095e-35 1.0000000180025095e-35 1.0000000180025095e-35 0.81200090050697338 1.0000000180025095e-35
decision_type=2 2 2 2 2 2 2 2 2 2 2 2 2 2 2 2 2 2 2 2 2 2 2 2 2 2 2 2 2 2
left_child=1 6 3 4 -3 -6 7 23 9 10 -8 12 13 -10 15 16 17 19 -19 20 -15 22 -16 24 -1 -26 27 -4 29 -29
right_child=-2 2 26 -5 5 -7 8 -9 11 -11 -12 -13 -14 14 21 -17 -18 18 -20 -21 -22 -23 -24 -25 25 -27 -28 28 -30 -31
leaf_value=-0.019524916974811971 -0.094920379006896261 0.0032516990537279329 0.059497246455295798 0.035425786701881061 0.10290745009290192 0.016704787306095665 0.01982236869929456 0.12035381965740498 -0.12009319228410027 -0.11274036398259012 0.16818105826102631 -0.10744620488535349 0.11679924366768984 0.14118054058518634 0.016243736406756842 -0.074639331464356695 -0.059224198970084178 0.0048296746102478652 0.23286486798814368 -0.11158544880878028 -0.062540119817256754 0.056036575083545419 -0.10979874746457613 0.063878341119538273 -0.088955873396093718 0.068384706734936587 0.049529075429887132 -0.00026430970224084816 -0.055591505572661716 -0.045654866085694454
leaf_weight=82.960804085247219 3.3065493758767834 176.99758288264275 4.6943226158618918 34.885913737118244 6.7187798433005792 6.7336359247565269 38.334062121808529 1.3940919050946821 2.2579548778012386 2.1243819287046781 1.7395710311830033 3.2475269287824622 2.0546568445861331 1.5631047673523393 7.6495368275791407 9.2734205462038499 5.4454960320144883 2.2474461998790556 1.9740331601351497 2.5391242951154709 2.0448490846902132 9.510124446824193 2.3477352764457464 2.8859066171571603 9.1966894976794684 1.0943399760872132 7.0265862047672263 114.61918336898088 10.163333192467688 14.923512712121008
leaf_count=1420 28 916 20 252 39 37 449 16 33 33 21 61 22 19 114 155 71 26 20 35 28 89 42 28 195 18 32 566 49 72
internal_value=-0.00045677 9.25132e-05 0.00521813 0.0116062 0.00724305 0.0597585 -0.00997156 -0.0206182 0.00103381 0.0192647 0.0262625 -0.0137166 -0.00749279 -0.0129434 -0.00751814 -0.0292841 -0.00268762 0.027005 0.111463 -0.0309959 0.0257195 0.020474 -0.0133558 -0.0226625 -0.0253407 -0.0722244 -0.00428789 -0.00690664 -0.00913791 -0.00549337
internal_weight=571.954 568.648 376.763 225.336 190.45 13.4524 191.885 97.5318 94.353 42.198 40.0736 52.155 48.9075 46.8528 44.5949 25.0875 15.8141 10.3686 4.22148 6.14708 3.60795 19.5074 9.99727 96.1377 93.2518 10.291 151.427 144.4 139.706 129.543
internal_count=4906 4878 1983 1244 992 76 2895 1677 1218 503 470 715 654 632 599 354 199 128 46 82 47 245 156 1661 1633 213 739 707 687 638
is_linear=0
shrinkage=0.1


Tree=37
num_leaves=31
num_cat=0
split_feature=5 0 176 167 10 81 108 74 41 26 11 94 0 51 0 73 10 14 0 34 6 137 12 63 139 0 292 11 0 54
split_gain=2.61361 2.28141 2.27198 2.22211 2.77566 4.05998 3.46148 2.92356 4.9151 3.67562 4.4048 3.65806 2.79773 2.76878 5.67537 4.62854 2.68279 2.64972 2.98485 3.84494 3.51447 5.56498 2.61507 2.41897 2.30973 2.26036 2.17176 2.0706 2.05012 2.44181
threshold=1.0000000180025095e-35 2.8350445032119755 1.0000000180025095e-35 1.0000000180025095e-35 1.0000000180025095e-35 1.0000000180025095e-35 1.0000000180025095e-35 1.0000000180025095e-35 1.0000000180025095e-35 1.0000000180025095e-35 1.0000000180025095e-35 1.0000000180025095e-35 8.9486651420593279 1.0000000180025095e-35 11.934291839599611 1.0000000180025095e-35 1.0000000180025095e-35 1.0000000180025095e-35 6.4298424720764169 1.0000000180025095e-35 1.0000000180025095e-35 1.0000000180025095e-35 1.0000000180025095e-35 1.0000000180025095e-35 1.0000000180025095e-35 16.880219459533695 1.0000000180025095e-35 1.0000000180025095e-35 17.433264732360843 1.0000000180025095e-35
decision_type=2 2 2 2 2 2 2 2 2 2 2 2 2 2 2 2 2 2 2 2 2 2 2 2 2 2 2 2 2 2
left_child=26 -2 3 4 5 6 7 11 9 -9 -11 23 17 14 15 -14 -5 18 20 -20 21 -7 -19 25 -8 -3 -1 -15 29 -6
right_child=1 2 -4 16 28 12 24 8 -10 10 -12 -13 13 27 -16 -17 -18 22 19 -21 -22 -23 -24 -25 -26 -27 -28 -29 -30 -31
leaf_value=0.0040962836648908586 -0.057842343761923536 -0.042490932490068509 -0.088968608675038238 -0.0063168795323655241 -0.0050284610758733993 -0.0342858756467668 -0.031804536405775907 -0.060009480185443102 0.10756751008998217 -0.02298595679345181 0.12174266595292181 -0.15317535474605459 -0.080504388430096871 0.062000423838208953 -0.1767722268044912 0.061754247515010713 -0.11315679471033974 0.017950419249017753 0.031379149984426681 0.1751902875407689 -0.054421720677742841 0.16070427307939228 -0.11919609943612644 -0.13331556515655787 0.095704006620982052 0.053835606333486143 0.095647327838626839 -0.049919948048795827 -0.079562498081225619 0.032141385481811266
leaf_weight=354.64551582559943 9.2435650732368213 31.258483021520078 3.3291180999949566 5.4149548672139627 32.861234968528152 2.7999520339071804 2.3457680679857722 12.754425363615159 3.2178740249946705 6.8960494361817837 3.0254952348768711 3.2351917512714854 4.651400909759106 5.543757088482379 2.6488111075013867 4.4995481390506029 4.1526851337403059 5.4512090729549518 3.7557853460311881 3.6813916265964508 3.9446425177156925 3.0667954497039318 1.8663183879107235 2.7010846491903058 3.6021702364087105 2.6419365452602497 2.610176555812358 2.3553184606134892 2.3709897380322209 38.240937293507159
leaf_count=2911 120 285 45 49 283 23 20 131 28 63 27 27 49 47 26 38 35 52 20 26 35 22 35 21 39 28 18 28 22 353
internal_value=-0.00045109 -0.00925978 -0.00704008 -0.00566937 -0.00329435 -0.0129308 -0.0276361 -0.0342466 -0.00808795 -0.0245002 0.0211479 -0.0512497 0.0108816 -0.0171934 -0.0478678 -0.0105554 -0.0526891 0.0333942 0.0547855 0.102565 0.0185676 0.0676437 -0.0170285 -0.0422406 0.0454168 -0.034984 0.00476517 0.0286284 0.0119123 0.0149626
internal_weight=568.813 211.557 202.313 198.984 189.417 115.943 71.6785 65.7305 25.8938 22.676 9.92154 39.8367 44.2649 19.6988 11.7998 9.15095 9.56764 24.5661 17.2486 7.43718 9.81139 5.86675 7.31753 36.6015 5.94794 33.9004 357.256 7.89908 73.4732 71.1022
internal_count=4906 1977 1857 1812 1728 1070 669 610 249 221 90 361 401 188 113 87 84 213 126 46 80 45 87 334 59 313 2929 75 658 636
is_linear=0
shrinkage=0.1


end of trees

feature_importances:
Column_0=195
Column_14=75
Column_5=66
Column_10=62
Column_1=53
Column_7=53
Column_12=44
Column_13=40
Column_16=31
Column_11=28
Column_67=27
Column_70=24
Column_6=20
Column_15=19
Column_8=18
Column_61=16
Column_21=15
Column_9=13
Column_54=13
Column_65=12
Column_26=11
Column_62=10
Column_81=10
Column_108=10
Column_168=10
Column_80=9
Column_85=9
Column_97=9
Column_139=9
Column_53=8
Column_55=8
Column_73=8
Column_22=7
Column_42=7
Column_83=7
Column_292=7
Column_34=6
Column_35=6
Column_44=6
Column_69=6
Column_74=6
Column_99=6
Column_130=6
Column_17=5
Column_24=5
Column_45=5
Column_50=5
Column_52=5
Column_84=5
Column_95=5
Column_135=5
Column_137=5
Column_51=4
Column_82=4
Column_94=4
Column_151=4
Column_167=4
Column_47=3
Column_49=3
Column_58=3
Column_78=3
Column_79=3
Column_93=3
Column_140=3
Column_152=3
Column_262=3
Column_302=3
Column_25=2
Column_46=2
Column_56=2
Column_57=2
Column_68=2
Column_86=2
Column_87=2
Column_98=2
Column_128=2
Column_132=2
Column_138=2
Column_176=2
Column_30=1
Column_31=1
Column_32=1
Column_41=1
Column_63=1
Column_77=1
Column_91=1
Column_96=1
Column_100=1
Column_102=1
Column_104=1
Column_113=1
Column_127=1
Column_129=1
Column_133=1
Column_198=1

parameters:
[boosting: gbdt]
[objective: binary]
[metric: binary_logloss]
[tree_learner: serial]
[device_type: cpu]
[data_sample_strategy: bagging]
[data: ]
[valid: ]
[num_iterations: 300]
[learning_rate: 0.1]
[num_leaves: 31]
[num_threads: 0]
[seed: 0]
[deterministic: 0]
[force_col_wise: 0]
[force_row_wise: 0]
[histogram_pool_size: -1]
[max_depth: -1]
[min_data_in_leaf: 20]
[min_sum_hessian_in_leaf: 0.001]
[bagging_fraction: 1]
[pos_bagging_fraction: 1]
[neg_bagging_fraction: 1]
[bagging_freq: 0]
[bagging_seed: 7719]
[bagging_by_query: 0]
[feature_fraction: 1]
[feature_fraction_bynode: 1]
[feature_fraction_seed: 2437]
[extra_trees: 0]
[extra_seed: 11797]
[early_stopping_round: 0]
[early_stopping_min_delta: 0]
[first_metric_only: 0]
[max_delta_step: 0]
[lambda_l1: 0]
[lambda_l2: 0]
[linear_lambda: 0]
[min_gain_to_split: 0]
[drop_rate: 0.1]
[max_drop: 50]
[skip_drop: 0.5]
[xgboost_dart_mode: 0]
[uniform_drop: 0]
[drop_seed: 21238]
[top_rate: 0.2]
[other_rate: 0.1]
[min_data_per_group: 100]
[max_cat_threshold: 32]
[cat_l2: 10]
[cat_smooth: 10]
[max_cat_to_onehot: 4]
[top_k: 20]
[monotone_constraints: ]
[monotone_constraints_method: basic]
[monotone_penalty: 0]
[feature_contri: ]
[forcedsplits_filename: ]
[refit_decay_rate: 0.9]
[cegb_tradeoff: 1]
[cegb_penalty_split: 0]
[cegb_penalty_feature_lazy: ]
[cegb_penalty_feature_coupled: ]
[path_smooth: 0]
[interaction_constraints: ]
[verbosity: -1]
[saved_feature_importance_type: 0]
[use_quantized_grad: 0]
[num_grad_quant_bins: 4]
[quant_train_renew_leaf: 0]
[stochastic_rounding: 1]
[linear_tree: 0]
[max_bin: 255]
[max_bin_by_feature: ]
[min_data_in_bin: 3]
[bin_construct_sample_cnt: 200000]
[data_random_seed: 38]
[is_enable_sparse: 1]
[enable_bundle: 1]
[use_missing: 1]
[zero_as_missing: 0]
[feature_pre_filter: 1]
[pre_partition: 0]
[two_round: 0]
[header: 0]
[label_column: ]
[weight_column: ]
[group_column: ]
[ignore_column: ]
[categorical_feature: ]
[forcedbins_filename: ]
[precise_float_parser: 0]
[parser_config_file: ]
[objective_seed: 8855]
[num_class: 1]
[is_unbalance: 0]
[scale_pos_weight: 1]
[sigmoid: 1]
[boost_from_average: 1]
[reg_sqrt: 0]
[alpha: 0.9]
[fair_c: 1]
[poisson_max_delta_step: 0.7]
[tweedie_variance_power: 1.5]
[lambdarank_truncation_level: 30]
[lambdarank_norm: 1]
[label_gain: ]
[lambdarank_position_bias_regularization: 0]
[eval_at: ]
[multi_error_top_k: 1]
[auc_mu_weights: ]
[num_machines: 1]
[local_listen_port: 12400]
[time_out: 120]
[machine_list_filename: ]
[machines: ]
[gpu_platform_id: -1]
[gpu_device_id: -1]
[gpu_device_id_list: ]
[gpu_use_dp: 0]
[num_gpu: 1]

end of parameters

pandas_categorical:null
