tree
version=v4
num_class=1
num_tree_per_iteration=1
label_index=0
max_feature_idx=567
objective=binary sigmoid:1
feature_names=Column_0 Column_1 Column_2 Column_3 Column_4 Column_5 Column_6 Column_7 Column_8 Column_9 Column_10 Column_11 Column_12 Column_13 Column_14 Column_15 Column_16 Column_17 Column_18 Column_19 Column_20 Column_21 Column_22 Column_23 Column_24 Column_25 Column_26 Column_27 Column_28 Column_29 Column_30 Column_31 Column_32 Column_33 Column_34 Column_35 Column_36 Column_37 Column_38 Column_39 Column_40 Column_41 Column_42 Column_43 Column_44 Column_45 Column_46 Column_47 Column_48 Column_49 Column_50 Column_51 Column_52 Column_53 Column_54 Column_55 Column_56 Column_57 Column_58 Column_59 Column_60 Column_61 Column_62 Column_63 Column_64 Column_65 Column_66 Column_67 Column_68 Column_69 Column_70 Column_71 Column_72 Column_73 Column_74 Column_75 Column_76 Column_77 Column_78 Column_79 Column_80 Column_81 Column_82 Column_83 Column_84 Column_85 Column_86 Column_87 Column_88 Column_89 Column_90 Column_91 Column_92 Column_93 Column_94 Column_95 Column_96 Column_97 Column_98 Column_99 Column_100 Column_101 Column_102 Column_103 Column_104 Column_105 Column_106 Column_107 Column_108 Column_109 Column_110 Column_111 Column_112 Column_113 Column_114 Column_115 Column_116 Column_117 Column_118 Column_119 Column_120 Column_121 Column_122 Column_123 Column_124 Column_125 Column_126 Column_127 Column_128 Column_129 Column_130 Column_131 Column_132 Column_133 Column_134 Column_135 Column_136 Column_137 Column_138 Column_139 Column_140 Column_141 Column_142 Column_143 Column_144 Column_145 Column_146 Column_147 Column_148 Column_149 Column_150 Column_151 Column_152 Column_153 Column_154 Column_155 Column_156 Column_157 Column_158 Column_159 Column_160 Column_161 Column_162 Column_163 Column_164 Column_165 Column_166 Column_167 Column_168 Column_169 Column_170 Column_171 Column_172 Column_173 Column_174 Column_175 Column_176 Column_177 Column_178 Column_179 Column_180 Column_181 Column_182 Column_183 Column_184 Column_185 Column_186 Column_187 Column_188 Column_189 Column_190 Column_191 Column_192 Column_193 Column_194 Column_195 Column_196 Column_197 Column_198 Column_199 Column_200 Column_201 Column_202 Column_203 Column_204 Column_205 Column_206 Column_207 Column_208 Column_209 Column_210 Column_211 Column_212 Column_213 Column_214 Column_215 Column_216 Column_217 Column_218 Column_219 Column_220 Column_221 Column_222 Column_223 Column_224 Column_225 Column_226 Column_227 Column_228 Column_229 Column_230 Column_231 Column_232 Column_233 Column_234 Column_235 Column_236 Column_237 Column_238 Column_239 Column_240 Column_241 Column_242 Column_243 Column_244 Column_245 Column_246 Column_247 Column_248 Column_249 Column_250 Column_251 Column_252 Column_253 Column_254 Column_255 Column_256 Column_257 Column_258 Column_259 Column_260 Column_261 Column_262 Column_263 Column_264 Column_265 Column_266 Column_267 Column_268 Column_269 Column_270 Column_271 Column_272 Column_273 Column_274 Column_275 Column_276 Column_277 Column_278 Column_279 Column_280 Column_281 Column_282 Column_283 Column_284 Column_285 Column_286 Column_287 Column_288 Column_289 Column_290 Column_291 Column_292 Column_293 Column_294 Column_295 Column_296 Column_297 Column_298 Column_299 Column_300 Column_301 Column_302 Column_303 Column_304 Column_305 Column_306 Column_307 Column_308 Column_309 Column_310 Column_311 Column_312 Column_313 Column_314 Column_315 Column_316 Column_317 Column_318 Column_319 Column_320 Column_321 Column_322 Column_323 Column_324 Column_325 Column_326 Column_327 Column_328 Column_329 Column_330 Column_331 Column_332 Column_333 Column_334 Column_335 Column_336 Column_337 Column_338 Column_339 Column_340 Column_341 Column_342 Column_343 Column_344 Column_345 Column_346 Column_347 Column_348 Column_349 Column_350 Column_351 Column_352 Column_353 Column_354 Column_355 Column_356 Column_357 Column_358 Column_359 Column_360 Column_361 Column_362 Column_363 Column_364 Column_365 Column_366 Column_367 Column_368 Column_369 Column_370 Column_371 Column_372 Column_373 Column_374 Column_375 Column_376 Column_377 Column_378 Column_379 Column_380 Column_381 Column_382 Column_383 Column_384 Column_385 Column_386 Column_387 Column_388 Column_389 Column_390 Column_391 Column_392 Column_393 Column_394 Column_395 Column_396 Column_397 Column_398 Column_399 Column_400 Column_401 Column_402 Column_403 Column_404 Column_405 Column_406 Column_407 Column_408 Column_409 Column_410 Column_411 Column_412 Column_413 Column_414 Column_415 Column_416 Column_417 Column_418 Column_419 Column_420 Column_421 Column_422 Column_423 Column_424 Column_425 Column_426 Column_427 Column_428 Column_429 Column_430 Column_431 Column_432 Column_433 Column_434 Column_435 Column_436 Column_437 Column_438 Column_439 Column_440 Column_441 Column_442 Column_443 Column_444 Column_445 Column_446 Column_447 Column_448 Column_449 Column_450 Column_451 Column_452 Column_453 Column_454 Column_455 Column_456 Column_457 Column_458 Column_459 Column_460 Column_461 Column_462 Column_463 Column_464 Column_465 Column_466 Column_467 Column_468 Column_469 Column_470 Column_471 Column_472 Column_473 Column_474 Column_475 Column_476 Column_477 Column_478 Column_479 Column_480 Column_481 Column_482 Column_483 Column_484 Column_485 Column_486 Column_487 Column_488 Column_489 Column_490 Column_491 Column_492 Column_493 Column_494 Column_495 Column_496 Column_497 Column_498 Column_499 Column_500 Column_501 Column_502 Column_503 Column_504 Column_505 Column_506 Column_507 Column_508 Column_509 Column_510 Column_511 Column_512 Column_513 Column_514 Column_515 Column_516 Column_517 Column_518 Column_519 Column_520 Column_521 Column_522 Column_523 Column_524 Column_525 Column_526 Column_527 Column_528 Column_529 Column_530 Column_531 Column_532 Column_533 Column_534 Column_535 Column_536 Column_537 Column_538 Column_539 Column_540 Column_541 Column_542 Column_543 Column_544 Column_545 Column_546 Column_547 Column_548 Column_549 Column_550 Column_551 Column_552 Column_553 Column_554 Column_555 Column_556 Column_557 Column_558 Column_559 Column_560 Column_561 Column_562 Column_563 Column_564 Column_565 Column_566 Column_567
feature_infos=[2.0013689994812012:17.993154525756836] [-0.7776256799697876:0.99923950433731079] none none none [0:1] [0:1] [0:1] [0:1] [0:1] [0:1] [0:1] [0:1] [0:1] [0:1] [0:1] [0:1] [0:1] [0:1] [0:1] [0:1] [0:1] [0:1] [0:1] [0:1] [0:1] [0:1] [0:1] [0:1] [0:1] [0:1] [0:1] [0:1] [0:1] [0:1] [0:1] [0:1] [0:1] [0:1] [0:1] [0:1] [0:1] [0:1] [0:1] [0:1] [0:1] [0:1] [0:1] [0:1] [0:1] [0:1] [0:1] [0:1] [0:1] [0:1] [0:1] [0:1] [0:1] [0:1] [0:1] [0:1] [0:1] [0:1] [0:1] [0:1] [0:1] [0:1] [0:1] [0:1] [0:1] [0:1] [0:1] [0:1] [0:1] [0:1] [0:1] [0:1] [0:1] [0:1] [0:1] [0:1] [0:1] [0:1] [0:1] [0:1] [0:1] [0:1] [0:1] [0:1] [0:1] [0:1] [0:1] [0:1] [0:1] [0:1] [0:1] [0:1] [0:1] [0:1] [0:1] [0:1] [0:1] [0:1] [0:1] [0:1] [0:1] [0:1] [0:1] [0:1] none none none none [0:1] [0:1] none [0:1] none [0:1] none none [0:1] none none none none [0:1] [0:1] [0:1] [0:1] [0:1] none [0:1] [0:1] [0:1] [0:1] none [0:1] [0:1] [0:1] [0:1] [0:1] [0:1] [0:1] [0:1] [0:1] [0:1] [0:1] [0:1] [0:1] [0:1] [0:1] [0:1] [0:1] [0:1] [0:1] [0:1] none none none none none none none none none none [0:1] [0:1] none none none none none [0:1] [0:1] [0:1] [0:1] [0:1] [0:1] [0:1] [0:1] [0:1] [0:1] [0:1] [0:1] [0:1] [0:1] [0:1] [0:1] [0:1] [0:1] [0:1] [0:1] [0:1] [0:1] [0:1] [0:1] [0:1] [0:1] [0:1] [0:1] none none [0:1] [0:1] [0:1] none [0:1] [0:1] [0:1] [0:1] [0:1] none [0:1] none none [0:1] none [0:1] [0:1] [0:1] [0:1] [0:1] [0:1] [0:1] [0:1] [0:1] [0:1] [0:1] [0:1] [0:1] [0:1] [0:1] [0:1] [0:1] [0:1] [0:1] [0:1] [0:1] [0:1] [0:1] [0:1] [0:1] none none none none none none none none none none none none none none none none none [0:1] [0:1] [0:1] [0:1] [0:1] [0:1] [0:1] [0:1] [0:1] [0:1] none [0:1] [0:1] [0:1] [0:1] none [0:1] [0:1] none none none [0:1] [0:1] none none none none none [0:1] [0:1] [0:1] [0:1] [0:1] [0:1] [0:1] none none none [0:1] none [0:1] [0:1] [0:1] none [0:1] [0:1] [0:1] [0:1] none none [0:1] [0:1] none none none none [0:1] [0:1] none none none [0:1] none none [0:1] [0:1] none none [0:1] [0:1] none none none none none none none none none none none none none none none none none none none none none none none none none none none none none none none none none none none none none none none none none none none none none none none none none none none none none none none none none none none none none none none none none none none none none none none none none none none none none none none none none none none none none none none none none none none none none none none none none none none none none none none none none none none none none none none none none none none none none none none none none none none none none none none none none none none none none none none none none none none none none none none none none none none none none none none none none none none none none none none none none none none none none none none none none none none none none none none none none none none none none none none none none none none none none none none none none none none none none none none none none none none none none none none none none none none none none none none none none none none none none none none none none none none none none none none none none none none none none
tree_sizes=3406 3453 3456 3446 3480 3457 3475 3476 3483 3450 3501 3469 3491 3470 3480 3476 3470 3482 3480 3479 3488 3488 3479 3485 3485 3471 3478 3486 3479 3470 3480 3509 3481 3510 3499 3485 3481 3491 3473 3489 3479 3507 3511 3483 3465 3492 3472 3470 3481 3486 3491 3477 3516 3516 3499 3476 3465 3483 3518 3476 3485 3516 3469 3491 3471 3488 3485 3468 3510 3491 3502 3488 3481 3481 3481 3504 3467 3501 3464 3475 3505

Tree=0
num_leaves=31
num_cat=0
split_feature=16 12 1 15 13 15 12 1 13 6 7 0 13 15 1 15 12 0 7 9 11 52 0 6 6 14 26 13 15 9
split_gain=451.415 193.932 159.785 159.338 70.6769 62.9246 73.3384 76.0041 36.3636 34.7108 23.8008 21.6184 21.2836 18.2492 17.0693 14.7552 16.3665 24.3206 19.3716 13.6919 12.6464 12.2721 11.2825 11.1919 11.1688 10.8861 10.4142 9.67008 10.3426 9.38652
threshold=1.0000000180025095e-35 1.0000000180025095e-35 -0.22138565033674237 1.0000000180025095e-35 1.0000000180025095e-35 1.0000000180025095e-35 1.0000000180025095e-35 0.039622785523533828 1.0000000180025095e-35 1.0000000180025095e-35 1.0000000180025095e-35 10.260096073150637 1.0000000180025095e-35 1.0000000180025095e-35 -0.48695717751979822 1.0000000180025095e-35 1.0000000180025095e-35 14.47091054916382 1.0000000180025095e-35 1.0000000180025095e-35 1.0000000180025095e-35 1.0000000180025095e-35 6.7118411064147958 1.0000000180025095e-35 1.0000000180025095e-35 1.0000000180025095e-35 1.0000000180025095e-35 1.0000000180025095e-35 1.0000000180025095e-35 1.0000000180025095e-35
decision_type=2 2 2 2 2 2 2 2 2 2 2 2 2 2 2 2 2 2 2 2 2 2 2 2 2 2 2 2 2 2
left_child=4 2 14 9 15 6 7 26 21 11 24 -4 -11 22 -2 16 17 -1 -19 -5 -20 -3 -10 -12 25 -9 -6 29 -29 -16
right_child=1 8 3 19 5 -7 -8 10 13 12 23 -13 -14 -15 27 -17 -18 18 20 -21 -22 -23 -24 -25 -26 -27 -28 28 -30 -31
leaf_value=-1.2033726919358818 -1.1557338508094126 -1.1653669116558349 -0.90317253139437415 -1.1086703469532502 -1.0792509127383243 -1.2183676186702097 -1.2028398037087391 -0.85259174976169483 -1.1185385009876068 -0.98786976530515647 -0.79094045743205155 -0.76928381589783157 -0.84179360536820136 -1.1906794818919963 -1.0577035741280785 -1.2519060664492179 -1.2392284122844099 -1.1831020201385256 -1.0813431511658009 -1.0088929114044218 -0.84391957309128451 -1.249497128485215 -1.0021124828466057 -0.95035083222813677 -1.0978608229616686 -1.0384522634025311 -1.1839488165132825 -0.94325541495234655 -1.1117143541452996 -1.1937401457581476
leaf_weight=72.428870469331741 43.016131192445755 57.538671210408211 17.463813945651054 36.030605614185333 14.706369638442991 89.708854794502258 52.391441836953163 5.5148886144161224 13.235732674598692 25.552317246794701 9.1914810240268707 38.971879541873932 16.36083622276783 11.397436469793318 14.154880777001383 135.29860067367554 85.480773523449898 8.0885033011436462 4.7795701324939728 22.243384078145027 4.2280812710523605 24.816998764872551 22.427213698625565 8.4561625421047211 10.478288367390633 7.3531848192214966 26.839124590158463 10.110629126429556 5.698718234896659 7.9046736806631079
leaf_count=394 234 313 95 196 80 488 285 30 72 139 50 212 89 62 77 736 465 44 26 121 23 135 122 46 57 40 146 55 31 43
internal_value=-1.13759 -1.05216 -0.998496 -0.939552 -1.19618 -1.15346 -1.1103 -1.05157 -1.15065 -0.861912 -0.954964 -0.810715 -0.930849 -1.08053 -1.11263 -1.22711 -1.20793 -1.17805 -1.07077 -1.07058 -0.969899 -1.19072 -1.04532 -0.867325 -1.02121 -0.958798 -1.14689 -1.06367 -1.00398 -1.10645
internal_weight=901.868 366.924 237.508 156.623 534.944 224.64 134.931 82.5395 129.416 98.3488 40.994 56.4357 41.9132 47.0604 80.885 310.304 175.006 89.525 17.0962 58.274 9.00765 82.3557 35.6629 17.6476 23.3464 12.8681 41.5455 37.8689 15.8093 22.0596
internal_count=4906 1996 1292 852 2910 1222 734 449 704 535 223 307 228 256 440 1688 952 487 93 317 49 448 194 96 127 70 226 206 86 120
is_linear=0
shrinkage=1


Tree=1
num_leaves=31
num_cat=0
split_feature=16 12 1 15 13 12 15 1 13 6 7 15 15 12 0 7 1 13 0 13 7 52 0 6 7 81 26 0 81 6
split_gain=359.744 140.368 107.418 98.5406 62.3404 54.4097 56.7772 53.7328 29.5554 19.0808 14.5155 14.059 13.8966 14.8651 19.9907 14.2043 13.1836 12.4834 11.3357 11.1901 12.6747 11.0999 10.7562 10.459 8.62183 12.2058 8.42638 8.02399 8.34301 7.5875
threshold=1.0000000180025095e-35 1.0000000180025095e-35 -0.22138565033674237 1.0000000180025095e-35 1.0000000180025095e-35 1.0000000180025095e-35 1.0000000180025095e-35 0.039622785523533828 1.0000000180025095e-35 1.0000000180025095e-35 1.0000000180025095e-35 1.0000000180025095e-35 1.0000000180025095e-35 1.0000000180025095e-35 14.47091054916382 1.0000000180025095e-35 -0.48695717751979822 1.0000000180025095e-35 10.260096073150637 1.0000000180025095e-35 1.0000000180025095e-35 1.0000000180025095e-35 15.305954456329347 1.0000000180025095e-35 1.0000000180025095e-35 1.0000000180025095e-35 1.0000000180025095e-35 6.7118411064147958 1.0000000180025095e-35 1.0000000180025095e-35
decision_type=2 2 2 2 2 2 2 2 2 2 2 2 2 2 2 2 2 2 2 2 2 2 2 2 2 2 2 2 2 2
left_child=4 2 16 9 12 6 7 26 21 18 29 27 13 14 -1 -16 -2 -11 -4 20 -5 24 -8 -17 -3 -26 -6 28 -10 -9
right_child=1 8 3 19 5 -7 22 10 11 17 -12 -13 -14 -15 15 23 -18 -19 -20 -21 -22 -23 -24 -25 25 -27 -28 -29 -30 -31
leaf_value=-0.061410738275471548 -0.016496392285131698 -0.05348746324002325 0.18773795524168269 -0.022900543919508583 0.050896356614182826 -0.079056110251973802 -0.07428594678358523 0.14685813931702274 0.09820152965488875 0.12475383005800214 0.21307586172718007 -0.049207958296416839 -0.1097384396845692 -0.096851847570247215 -0.042006151964566064 0.23133474171205337 0.063818566291815967 0.23061681823978999 0.27876227862074282 0.11484108245629664 0.094113928894736798 -0.10727512805192828 0.059674603283373956 0.023013654491508682 -0.036324597337425275 0.12551256394332863 -0.042807924155356253 0.11367329868888282 -0.059876573507701418 0.034999410720979604
leaf_weight=69.963425546884537 42.613791525363922 37.326226443052292 19.496375545859337 22.429695084691048 15.144847631454466 82.679641529917717 47.028770059347153 14.010368585586548 6.4969595521688444 27.481887802481651 19.981711894273758 11.084630966186522 127.27043867111206 80.974396169185638 7.8983100652694711 5.4024684876203537 39.274607449769974 18.731075912714005 45.871909260749817 22.065829962491989 15.761538922786711 23.375662788748741 6.8693709075450888 4.3510511964559555 11.596497535705568 7.7913967818021765 26.196243792772293 23.963230788707733 6.8682143837213516 10.691514953970909
leaf_count=394 234 206 95 118 80 467 267 70 35 139 96 62 736 465 44 27 206 89 212 116 83 135 39 22 64 43 146 122 37 57
internal_value=-0.00045265 0.073152 0.116279 0.161195 -0.0547167 -0.0147402 0.0232636 0.0736854 -0.0120008 0.216844 0.149705 0.0496828 -0.0847946 -0.0659643 -0.0374178 0.0576787 0.0220236 0.167662 0.251614 0.0581474 0.0253914 -0.0492876 -0.0572125 0.138403 -0.0253871 0.0287128 -0.00848041 0.0790483 0.0169669 0.0984432
internal_weight=900.692 382.23 253.727 171.838 518.463 222.602 139.923 86.0247 128.503 111.581 44.6836 48.413 295.86 168.59 87.6153 17.6518 81.8884 46.213 65.3683 60.2571 38.1912 80.0898 53.8981 9.75352 56.7141 19.3879 41.3411 37.3284 13.3652 24.7019
internal_count=4906 1996 1292 852 2910 1222 755 449 704 535 223 256 1688 952 487 93 440 228 307 317 201 448 306 49 313 107 226 194 72 127
is_linear=0
shrinkage=0.1


Tree=2
num_leaves=31
num_cat=0
split_feature=16 12 1 15 15 12 0 13 13 14 11 6 13 15 15 6 7 52 13 9 14 13 9 0 14 0 6 26 7 81
split_gain=290.833 105.788 77.4648 68.6407 56.3654 63.893 49.0625 35.6884 24.1458 21.9276 13.6775 13.0153 11.002 11.9727 10.9639 10.9364 10.6817 10.0319 9.97751 9.59204 8.57485 8.54316 8.53208 8.51188 8.26984 8.14932 7.34653 7.15551 7.15496 9.27657
threshold=1.0000000180025095e-35 1.0000000180025095e-35 -0.22138565033674237 1.0000000180025095e-35 1.0000000180025095e-35 1.0000000180025095e-35 9.2238192558288592 1.0000000180025095e-35 1.0000000180025095e-35 1.0000000180025095e-35 1.0000000180025095e-35 1.0000000180025095e-35 1.0000000180025095e-35 1.0000000180025095e-35 1.0000000180025095e-35 1.0000000180025095e-35 1.0000000180025095e-35 1.0000000180025095e-35 1.0000000180025095e-35 1.0000000180025095e-35 1.0000000180025095e-35 1.0000000180025095e-35 1.0000000180025095e-35 12.262833595275881 1.0000000180025095e-35 3.6783025264739995 1.0000000180025095e-35 1.0000000180025095e-35 1.0000000180025095e-35 1.0000000180025095e-35
decision_type=2 2 2 2 2 2 2 2 2 2 2 2 2 2 2 2 2 2 2 2 2 2 2 2 2 2 2 2 2 2
left_child=4 2 12 11 5 6 18 9 17 10 -8 23 22 -14 -10 20 -11 28 -1 -5 -9 -13 25 24 -4 -2 -12 -20 -3 -30
right_child=1 8 3 19 -6 -7 7 15 14 16 26 21 13 -15 -16 -17 -18 -19 27 -21 -22 -23 -24 -25 -26 -27 -28 -29 29 -31
leaf_value=-0.077581117240443712 -0.046476435020480912 -0.049611487691018745 0.21258493927638311 0.01909892676287378 -0.091905571321214824 -0.078095634658499793 -0.010913538957750525 0.22025389697318973 0.068439927763735725 -0.1286112249646226 0.21120171022934731 0.10605389864655988 0.10783786583380768 -0.018831154568611213 -0.045551725628678714 0.071973909748080614 0.0078001073342581833 -0.10300413864233907 0.046915894558256982 0.09968610964766994 0.10574097461123773 0.19064086770170741 -0.060979339029937144 0.24140465400439237 0.11269650785674933 0.06263440580980649 0.054955842564912372 -0.039476227223975584 -0.033364373868995274 0.10568710950739356
leaf_weight=39.487514644861221 10.652007430791857 36.274770647287369 20.434461504220963 37.61323681473732 202.3940502256155 125.10576903820038 10.785724267363548 14.466628223657608 38.667707592248917 12.624369129538536 6.944452777504921 29.0043705701828 21.690927952528 11.375155553221701 10.79266709089279 21.140286296606064 10.527135416865349 21.982930451631546 15.327735632658003 24.319884017109871 11.932910442352295 20.295029059052467 19.851620972156525 36.509462594985962 13.944146275520323 19.153783202171326 5.3105764836072922 25.598793238401413 11.374900817871094 8.2974565923213959
leaf_count=230 59 206 90 196 1224 750 60 64 194 73 38 139 112 61 62 104 57 135 79 121 56 89 109 155 62 99 29 146 64 43
internal_value=-0.00070838 0.0637988 0.0998167 0.136266 -0.0511462 -0.0235793 0.0155849 0.0647481 -0.0110822 0.00214959 0.0712137 0.180336 0.0195709 0.0642621 0.043566 0.125572 -0.0665841 -0.0457662 -0.0417205 0.0507439 0.168493 0.140876 -0.0101882 0.207779 0.17207 0.0236403 0.143494 -0.00712079 -0.023276 0.0252851
internal_weight=893.88 392.235 264.844 182.121 501.646 299.252 174.146 93.7321 127.39 46.1923 23.0408 120.187 82.7235 33.0661 49.4604 47.5398 23.1515 77.9301 80.414 61.9331 26.3995 49.2994 49.6574 70.8881 34.3786 29.8058 12.255 40.9265 55.9471 19.6724
internal_count=4906 1996 1292 852 2910 1686 936 481 704 257 127 535 440 173 256 224 130 448 455 317 120 228 267 307 152 158 67 225 313 107
is_linear=0
shrinkage=0.1


Tree=3
num_leaves=31
num_cat=0
split_feature=16 12 0 13 15 12 15 1 15 0 13 15 12 0 11 7 0 7 7 8 11 14 53 42 14 13 14 0 6 13
split_gain=237.213 81.6763 59.4085 50.9659 49.6926 39.2715 34.078 30.3141 20.3233 17.6613 13.6873 12.5334 12.5757 15.2417 10.3049 9.59812 9.58563 8.60567 8.36112 8.74286 9.18146 8.14344 7.87553 7.76044 7.28135 10.0911 7.03738 7.03247 6.59013 6.27139
threshold=1.0000000180025095e-35 1.0000000180025095e-35 5.405886411666871 1.0000000180025095e-35 1.0000000180025095e-35 1.0000000180025095e-35 1.0000000180025095e-35 0.039622785523533828 1.0000000180025095e-35 7.9493498802185067 1.0000000180025095e-35 1.0000000180025095e-35 1.0000000180025095e-35 14.47091054916382 1.0000000180025095e-35 1.0000000180025095e-35 15.305954456329347 1.0000000180025095e-35 1.0000000180025095e-35 1.0000000180025095e-35 1.0000000180025095e-35 1.0000000180025095e-35 1.0000000180025095e-35 1.0000000180025095e-35 1.0000000180025095e-35 1.0000000180025095e-35 1.0000000180025095e-35 9.2238192558288592 1.0000000180025095e-35 1.0000000180025095e-35
decision_type=2 2 2 2 2 2 2 2 2 2 2 2 2 2 2 2 2 2 2 2 2 2 2 2 2 2 2 2 2 2
left_child=3 2 -2 11 9 6 7 -5 10 29 22 12 13 -1 -15 -9 -8 24 19 20 -6 23 -3 -20 28 -26 -16 -19 -11 -4
right_child=1 8 4 5 18 -7 16 15 -10 17 -12 -13 -14 14 26 -17 -18 27 21 -21 -22 -23 -24 -25 25 -27 -28 -29 -30 -31
leaf_value=-0.05431824948651786 -0.0056390721356805954 0.0021306872933152805 0.029190253373591182 -0.0071357285736121006 8.8364884115077098e-05 -0.069667791824603045 -0.064245296332639104 0.06912792133420885 -0.07076557576102159 0.20781314470535794 0.059701019880999399 -0.10213906931692525 -0.088772431220565537 -0.029640870780743008 0.20058999371626027 0.15779214416049228 0.063992206211729172 0.087184462173447358 0.16290107437697543 -0.042224412057001164 0.11166325188942319 0.0079328690001313189 -0.095211880110814967 0.01825285525118318 0.049402769468970202 0.16669419767352092 0.026791899541127387 0.20935433359272471 0.12372144257244411 0.12137494513529529
leaf_weight=65.896474123001099 55.06918902695179 37.137563705444336 14.54724694788456 40.911270037293434 16.658226653933525 75.387177333235741 42.764479905366898 26.930999636650085 38.499364584684372 20.19492007791996 39.828125566244125 113.02185821533203 73.156672194600105 8.5916909724473953 5.1433900892734528 22.334822744131088 6.7488454431295386 5.3121849745512 13.852547511458399 15.935767665505407 13.234941631555559 8.8450643569231051 10.707809329032896 5.0652536898851386 16.155553489923477 13.435073241591455 4.2590411454439163 41.683833554387093 17.305318236351013 14.978375315666199
leaf_count=394 299 212 71 226 84 467 267 127 228 83 194 736 465 46 24 96 39 23 68 82 67 44 70 25 70 56 23 176 77 67
internal_value=-0.00086466 0.0563088 0.0871296 -0.0478207 0.11065 -0.0115009 0.0198902 0.056489 -0.0102005 0.14489 0.0163949 -0.0767451 -0.0584698 -0.0320444 0.0495248 0.109324 -0.0467661 0.16273 0.0438319 0.017597 0.0494872 0.0871386 -0.0196546 0.124171 0.139743 0.102657 0.121864 0.195545 0.169007 0.0759556
internal_weight=883.593 398.446 272.273 485.147 217.204 215.078 139.69 90.1771 126.173 143.613 87.6735 270.069 157.047 83.8906 17.9941 49.2658 49.5133 114.087 73.5918 45.8289 29.8932 27.7629 47.8454 18.9178 67.0909 29.5906 9.40243 46.996 37.5002 29.5256
internal_count=4906 1996 1292 2910 993 1222 755 449 704 623 476 1688 952 487 93 223 306 485 370 233 151 137 282 93 286 126 47 199 160 138
is_linear=0
shrinkage=0.1


Tree=4
num_leaves=31
num_cat=0
split_feature=16 12 0 15 12 15 0 7 13 15 0 13 14 14 11 6 13 11 13 53 7 49 26 81 0 0 81 26 7 12
split_gain=194.464 64.0473 45.9881 45.5092 45.7284 38.6861 32.8354 23.3172 17.2856 17.128 13.7842 10.836 10.0856 8.95792 9.59709 8.30943 7.93987 7.91386 7.18809 6.89647 5.84266 6.67626 5.82784 6.7866 5.67679 5.67432 6.18977 5.52443 5.51415 5.50702
threshold=1.0000000180025095e-35 1.0000000180025095e-35 5.405886411666871 1.0000000180025095e-35 1.0000000180025095e-35 1.0000000180025095e-35 9.2238192558288592 1.0000000180025095e-35 1.0000000180025095e-35 1.0000000180025095e-35 7.9493498802185067 1.0000000180025095e-35 1.0000000180025095e-35 1.0000000180025095e-35 1.0000000180025095e-35 1.0000000180025095e-35 1.0000000180025095e-35 1.0000000180025095e-35 1.0000000180025095e-35 1.0000000180025095e-35 1.0000000180025095e-35 1.0000000180025095e-35 1.0000000180025095e-35 1.0000000180025095e-35 7.7577002048492441 6.7118411064147958 1.0000000180025095e-35 1.0000000180025095e-35 1.0000000180025095e-35 1.0000000180025095e-35
decision_type=2 2 2 2 2 2 2 2 2 2 2 2 2 2 2 2 2 2 2 2 2 2 2 2 2 2 2 2 2 2
left_child=3 2 -2 4 6 10 16 8 12 11 -4 19 17 -9 -15 -12 -1 -8 20 -3 24 -22 23 -18 -7 26 -13 -17 -11 -5
right_child=1 9 5 29 -6 18 7 13 -10 28 15 25 -14 14 -16 27 22 -19 -20 -21 21 -23 -24 -25 -26 -27 -28 -29 -30 -31
leaf_value=-0.070053048003041032 -0.0050905690192894395 0.0019152835179941004 0.066645267596704805 -0.070214723868221987 -0.069229705390499052 0.078618234790005001 -0.088593397684200034 0.14052885671589266 0.059175798652888467 -0.093118347935092521 0.16477609012102229 0.066891846853079001 -0.12436062489587917 -0.0164771189462832 0.13144990244946311 0.077937566994246643 -0.046862327020045197 0.07311034862835325 0.077942517564048366 -0.091349665837202693 0.098104360495765472 -0.024431661777169766 -0.035787776127238054 0.090963185629471241 -0.038765863201191415 0.079793582806984564 -0.064602068649086561 0.14545339182606254 -0.010462165087899867 -0.10606047951463796
leaf_weight=36.570708155632019 54.911276519298553 37.180464535951614 30.231638446450233 112.71971163153648 113.63884471356869 5.094683229923251 5.19580939412117 26.931495189666748 27.807603016495705 25.052656218409538 68.629034653306007 7.2161406278610212 11.479988470673561 9.8990169018507022 7.8745978772640219 24.969234317541122 5.5341357588767979 7.2492091655731201 28.660971388220787 10.077418982982634 12.819854423403742 6.8074278980493537 24.945515394210815 10.080032989382744 21.531911879777908 26.484654068946838 7.1040778011083603 23.549397081136703 11.906993597745894 69.152383074164391
leaf_count=230 299 212 138 755 750 26 31 122 128 157 278 35 73 49 39 107 28 39 139 70 61 33 146 51 111 122 37 100 71 469
internal_value=-0.000955457 0.0500623 0.0768606 -0.0447024 -0.0199161 0.0971043 0.0123707 0.0512685 0.00555851 -0.00935612 0.126847 0.0146226 -0.0567599 0.104164 0.0490619 0.142383 -0.0362641 0.00559885 0.0385919 -0.0179728 0.0142085 0.0556046 -0.00579825 0.0421136 -0.0163058 0.0523729 0.00165939 0.110708 -0.0664897 -0.0838442
internal_weight=871.307 402.228 277.205 469.079 287.207 222.294 173.568 96.4377 51.7326 125.022 147.379 88.0628 23.925 44.7051 17.7736 117.148 77.1304 12.445 74.9148 47.2579 46.2539 19.6273 40.5597 15.6142 26.6266 40.8049 14.3202 48.5186 36.9596 181.872
internal_count=4906 1996 1292 2910 1686 993 936 481 271 704 623 476 143 210 88 485 455 70 370 282 231 94 225 79 137 194 72 207 228 1224
is_linear=0
shrinkage=0.1


Tree=5
num_leaves=31
num_cat=0
split_feature=16 12 13 1 15 12 1 7 15 15 15 7 13 12 0 13 6 0 7 13 15 11 9 9 9 53 62 0 1 11
split_gain=160.105 50.8295 42.3902 36.4153 31.5657 27.9035 22.4616 24.2767 18.1216 14.4467 11.1202 11.1921 9.2468 8.9231 13.1314 8.62555 8.1286 7.73562 8.63955 7.4882 8.3432 6.85382 6.7622 6.66623 6.41694 6.03616 5.88718 5.64593 5.8063 5.45505
threshold=1.0000000180025095e-35 1.0000000180025095e-35 1.0000000180025095e-35 -0.22138565033674237 1.0000000180025095e-35 1.0000000180025095e-35 0.039622785523533828 1.0000000180025095e-35 1.0000000180025095e-35 1.0000000180025095e-35 1.0000000180025095e-35 1.0000000180025095e-35 1.0000000180025095e-35 1.0000000180025095e-35 9.1197810173034686 1.0000000180025095e-35 1.0000000180025095e-35 9.2238192558288592 1.0000000180025095e-35 1.0000000180025095e-35 1.0000000180025095e-35 1.0000000180025095e-35 1.0000000180025095e-35 1.0000000180025095e-35 1.0000000180025095e-35 1.0000000180025095e-35 1.0000000180025095e-35 3.6783025264739995 -0.29652445018291468 1.0000000180025095e-35
decision_type=2 2 2 2 2 2 2 2 2 2 2 2 2 2 2 2 2 2 2 2 2 2 2 2 2 2 2 2 2 2
left_child=2 3 10 19 12 6 -4 8 -8 15 11 29 17 14 -13 25 -9 24 -19 22 26 -16 27 -6 -5 -3 -21 -2 -29 -1
right_child=1 9 5 4 23 -7 7 16 -10 -11 -12 13 -14 -15 21 -17 -18 18 -20 20 -22 -23 -24 -25 -26 -27 -28 28 -30 -31
leaf_value=-0.10406758394311273 -0.042117210279432354 0.001721872622329872 -0.025660577134288595 0.089805196665681097 0.0091033222499171673 -0.06054036240944799 0.05356655084458585 0.17021933831050645 -0.08319315213202684 -0.062491429019441193 -0.095445210517884155 -0.058582790537572565 0.15071322716586433 -0.066162975682466235 0.00087936502326544828 0.046218604999035184 0.06729920209194061 0.079128881957878802 0.1557325794365686 0.035995661812115158 -0.020711661423265137 0.11027075400151039 -0.057659187506325385 0.074327371538865802 -0.047045053938757589 -0.087643884004212844 0.13679532237364919 0.077352407723927985 -0.052468085491470841 -0.051609761297075597
leaf_weight=39.434285908937454 10.32956710457802 37.219019323587418 64.423840299248695 7.8267338424921018 39.12952047586441 68.566385924816132 28.154694885015488 16.642302632331848 14.772930458188055 35.496455445885658 100.1584605127573 17.058247566223145 56.817371666431427 27.474399000406265 11.108801692724228 41.519799023866653 14.240079239010813 33.63619963824749 26.183631390333176 12.287725150585175 11.464461386203764 11.82354910671711 19.331630304455757 26.136520519852638 6.0943989902734756 9.4841936230659467 10.96417798101902 15.689289510250093 4.4145784229040137 39.86167100071907
leaf_count=269 59 212 388 33 196 467 127 77 96 228 736 112 229 193 60 194 67 140 107 60 61 57 109 121 26 70 52 78 21 261
internal_value=-0.00101443 0.0447695 -0.0417838 0.0683339 0.092008 -0.00838421 0.0174862 0.0551461 0.00650265 -0.00861936 -0.0697567 -0.0522253 0.120395 -0.0222863 0.00785786 0.013056 0.122762 0.0970344 0.112659 0.0134584 0.0491038 0.0572798 -0.011408 0.035223 0.0298948 -0.016426 0.0835266 0.0179713 0.0488453 -0.0776973
internal_weight=857.745 404.025 453.72 280.306 195.824 206.8 138.234 73.81 42.9276 123.719 246.919 146.761 130.558 67.465 39.9906 88.223 30.8824 73.741 59.8198 84.4814 34.7164 22.9324 49.7651 65.266 13.9211 46.7032 23.2519 30.4334 20.1039 79.296
internal_count=4906 1996 2910 1292 852 1222 755 367 223 704 1688 952 535 422 229 476 144 306 247 440 173 117 267 317 59 282 112 158 99 530
is_linear=0
shrinkage=0.1


Tree=6
num_leaves=31
num_cat=0
split_feature=16 12 15 12 0 15 0 14 6 15 13 0 11 6 0 7 7 13 13 11 53 47 81 12 13 0 0 53 7 7
split_gain=132.161 40.6939 37.27 33.5078 30.0962 24.9832 21.2811 16.4817 15.6054 12.1612 11.4691 9.43878 8.54149 7.75312 7.55714 9.65329 7.42735 6.88613 6.39404 6.07985 5.7916 5.65376 9.11601 5.36541 5.48394 8.15234 5.31176 5.27848 5.21043 5.21027
threshold=1.0000000180025095e-35 1.0000000180025095e-35 1.0000000180025095e-35 1.0000000180025095e-35 5.405886411666871 1.0000000180025095e-35 9.2238192558288592 1.0000000180025095e-35 1.0000000180025095e-35 1.0000000180025095e-35 1.0000000180025095e-35 7.9493498802185067 1.0000000180025095e-35 1.0000000180025095e-35 15.51813840866089 1.0000000180025095e-35 1.0000000180025095e-35 1.0000000180025095e-35 1.0000000180025095e-35 1.0000000180025095e-35 1.0000000180025095e-35 1.0000000180025095e-35 1.0000000180025095e-35 1.0000000180025095e-35 1.0000000180025095e-35 15.305954456329347 13.096509456634523 1.0000000180025095e-35 1.0000000180025095e-35 1.0000000180025095e-35
decision_type=2 2 2 2 2 2 2 2 2 2 2 2 2 2 2 2 2 2 2 2 2 2 2 2 2 2 2 2 2 2
left_child=2 4 3 6 -2 11 18 8 26 17 16 -6 -12 -13 15 -10 -9 27 -1 29 -21 -20 -23 24 -4 -26 -8 -3 -11 -7
right_child=1 9 23 -5 5 19 7 10 14 28 12 13 -14 -15 -16 -17 -18 -19 21 20 -22 22 -24 -25 25 -27 -28 -29 -30 -31
leaf_value=-0.062055991531270942 -0.0053824411239301101 0.0015481597677029883 -0.083268248414709534 -0.061274490531906284 0.051945087757221897 -0.020720369730132835 0.079201664408907857 -0.11994846980725488 0.00054367486136651594 -0.086258991311484304 -0.0048276335229543964 0.13561387071502212 0.12518323389746253 0.083943259146606844 -0.056678341742582287 0.14390068228113836 -0.00077134511248126562 0.040874717248048205 -0.025302003112973148 0.034753749866753628 0.12571860523065764 -0.033370802311657219 0.15338706166882554 -0.1002209082514634 -0.054463360827302798 0.064893843094460446 0.16811433613016735 -0.08405911183533589 -0.0034595905477047099 0.049030169149495866
leaf_weight=33.585860192775726 54.800423815846443 37.253674730658531 57.779724478721619 103.92214199900627 31.183445528149605 26.971094489097595 11.621826484799387 10.092423588037491 11.719541862607008 22.735167443752289 12.891640394926071 68.6378073990345 8.3110916465520859 50.335686892271042 8.1368787884712201 7.8390814214944831 10.85258050262928 42.213736474514008 29.352678269147873 21.749297708272934 10.320544600486754 5.2089601755142194 5.245759516954422 61.021996095776558 38.782205685973167 6.7130284309387198 15.927498593926428 8.9288686215877515 11.416504412889479 17.762246772646904
leaf_count=230 299 212 449 750 138 135 53 73 63 157 56 278 36 207 38 35 57 194 166 104 49 30 29 469 267 39 70 70 71 82
internal_value=-0.0010446 0.0402065 -0.0390354 -0.0165022 0.0611293 0.0771889 0.0107415 0.0413848 0.0773166 -0.00789905 -0.00571249 0.100917 0.0461343 0.113753 0.0243085 0.0580011 -0.0581973 0.0116814 -0.0299221 0.0307981 0.0640276 -0.00281046 0.0603368 -0.0767115 -0.0628206 -0.0368517 0.130606 -0.015003 -0.0585801 0.00697544
internal_weight=843.313 404.308 439.005 274.708 281.761 226.96 170.786 97.3926 55.2448 122.548 42.1477 150.157 21.2027 118.973 27.6955 19.5586 20.945 88.3963 73.3933 76.8032 32.0698 39.8074 10.4547 164.297 103.275 45.4952 27.5493 46.1825 34.1517 44.7333
internal_count=4906 1996 2910 1686 1292 993 936 481 259 704 222 623 92 485 136 98 130 476 455 370 153 225 59 1224 755 306 123 282 228 217
is_linear=0
shrinkage=0.1


Tree=7
num_leaves=31
num_cat=0
split_feature=16 13 12 0 15 15 7 84 15 108 98 0 15 7 13 12 0 7 12 11 12 0 6 9 81 13 0 13 11 26
split_gain=109.361 34.1079 32.7781 24.1914 21.9578 20.6329 13.8502 10.7323 10.2529 10.2393 9.7954 9.57087 9.55645 9.45912 8.66991 8.601 8.41531 7.28664 6.69868 11.7447 6.6039 8.80501 8.42924 6.07614 6.90118 5.67218 5.57484 5.51339 5.22165 5.14522
threshold=1.0000000180025095e-35 1.0000000180025095e-35 1.0000000180025095e-35 5.405886411666871 1.0000000180025095e-35 1.0000000180025095e-35 1.0000000180025095e-35 1.0000000180025095e-35 1.0000000180025095e-35 1.0000000180025095e-35 1.0000000180025095e-35 6.0177960395812997 1.0000000180025095e-35 1.0000000180025095e-35 1.0000000180025095e-35 1.0000000180025095e-35 9.2238192558288592 1.0000000180025095e-35 1.0000000180025095e-35 1.0000000180025095e-35 1.0000000180025095e-35 11.934291839599611 1.0000000180025095e-35 1.0000000180025095e-35 1.0000000180025095e-35 1.0000000180025095e-35 4.8911705017089853 1.0000000180025095e-35 1.0000000180025095e-35 1.0000000180025095e-35
decision_type=2 2 2 2 2 2 2 2 2 2 2 2 2 2 2 2 2 2 2 2 2 2 2 2 2 2 2 2 2 2
left_child=1 12 3 -2 6 14 7 10 27 11 15 -8 13 28 16 26 23 29 -13 -20 21 -15 -23 24 -5 -7 -3 -4 -1 -18
right_child=2 4 8 5 -6 25 9 -9 -10 -11 -12 18 -14 20 -16 -17 17 -19 19 -21 -22 22 -24 -25 -26 -27 -28 -29 -30 -31
leaf_value=-0.098898992841537414 -0.0048581669412518461 -0.087240771697495445 -0.013694346794779761 0.15584981902270068 -0.052621029432755644 0.0058834773253168297 -0.034224316828023599 0.1360854176297723 -0.054941098683335826 0.19721484048534538 0.075472607305071396 0.09161709461519979 -0.088855988962039945 -0.031809369845757683 0.11798270132604127 -0.083275777600339801 0.019973000085766447 0.12932760581951153 -0.11977594083779614 0.1325512745863584 -0.058783696413688739 0.12511723432222271 -0.023804876097051505 -0.04475347738701313 0.010775117896644719 0.061381560613249897 0.0098292306617702632 0.036251443306174962 -0.045308872228705444 0.097679942909924239
leaf_weight=35.40074472874403 54.651095226407051 7.0909165740013114 45.696144133806229 4.912306383252143 67.726630002260208 47.568731039762497 11.930722832679747 4.7932549566030493 32.871414624154568 4.7556143254041663 9.6906222254037839 28.217551752924919 87.991240479052067 23.675360038876534 66.057097673416138 21.917709544301033 16.929859057068825 26.056434094905853 4.41111135482788 3.1704862862825394 25.213606297969818 9.3619134426116926 6.3983780890703192 9.1308369636535645 9.8617496937513351 30.049346521496773 35.721316874027252 42.80415865778923 37.380511775612831 17.15511067211628
leaf_count=269 299 41 282 21 488 231 75 27 228 27 53 125 736 155 270 159 70 107 32 23 193 43 31 42 43 139 172 194 261 70
internal_value=-0.00105783 -0.0364737 0.0362092 0.0548896 -0.00634933 0.0692285 0.017446 -0.00895109 -0.00725093 0.0572858 -0.0182925 0.0433438 -0.0631241 -0.046649 0.0908738 -0.03233 0.0695673 0.0895168 0.0691949 -0.0142573 -0.0188126 0.00674328 0.0646577 0.0193771 0.0590118 0.0273692 -0.00624831 0.0104625 -0.0713751 0.0590832
internal_weight=828.592 424.848 403.744 282.373 199.426 227.721 131.699 79.2138 121.372 52.4855 74.4206 47.7299 225.422 137.431 150.103 64.7299 84.0463 60.1414 35.7991 7.5816 64.6493 39.4357 15.7603 23.9049 14.7741 77.6181 42.8122 88.5003 72.7813 34.085
internal_count=4906 2910 1996 1292 1222 993 734 452 704 282 425 255 1688 952 623 372 353 247 180 55 422 229 74 106 64 370 213 476 530 140
is_linear=0
shrinkage=0.1


Tree=8
num_leaves=31
num_cat=0
split_feature=16 13 12 1 15 15 7 15 12 15 7 6 0 0 59 0 12 14 11 12 21 42 13 15 9 138 0 11 41 1
split_gain=90.6054 29.7339 26.5256 19.716 18.3019 18.2955 11.1037 8.98826 8.6652 8.61657 8.37047 8.23753 7.66067 6.70207 5.7594 5.64625 7.55919 5.50705 5.18538 9.30013 5.13668 7.25597 5.02994 5.83947 5.29671 5.35478 5.14748 4.98562 4.9795 4.95018
threshold=1.0000000180025095e-35 1.0000000180025095e-35 1.0000000180025095e-35 -0.22138565033674237 1.0000000180025095e-35 1.0000000180025095e-35 1.0000000180025095e-35 1.0000000180025095e-35 1.0000000180025095e-35 1.0000000180025095e-35 1.0000000180025095e-35 1.0000000180025095e-35 6.0177960395812997 12.262833595275881 1.0000000180025095e-35 9.1197810173034686 1.0000000180025095e-35 1.0000000180025095e-35 1.0000000180025095e-35 1.0000000180025095e-35 1.0000000180025095e-35 1.0000000180025095e-35 1.0000000180025095e-35 1.0000000180025095e-35 1.0000000180025095e-35 1.0000000180025095e-35 3.6783025264739995 1.0000000180025095e-35 1.0000000180025095e-35 -0.22138565033674237
decision_type=2 2 2 2 2 2 2 2 2 2 2 2 2 2 2 2 2 2 2 2 2 2 2 2 2 2 2 2 2 2
left_child=1 7 3 22 6 11 8 10 14 28 27 13 -8 17 -3 29 -17 -5 19 -14 21 -7 24 -24 25 26 -2 -1 -4 -12
right_child=2 4 9 5 -6 20 12 -9 -10 -11 15 -13 18 -15 -16 16 -18 -19 -20 -21 -22 -23 23 -25 -26 -27 -28 -29 -30 -31
leaf_value=-0.095731510606127349 -0.067747393251776519 -0.029575929845632166 0.00041687811081641516 0.11306560159182746 -0.049147753916209347 0.037519802323827678 -0.018595383893595035 -0.085650040864121202 -0.057555102195894575 -0.05134749093056027 -0.024461783665284158 0.059856806370738251 0.07405945813152813 0.14115182514462718 0.03858207934756272 0.041602435994141561 -0.054060084667168967 0.034760535502520472 0.11582231159835375 -0.078786209350212286 0.099225599476538084 -0.03849981259011985 0.065673124459226545 -0.020980964847054112 -0.0533899326523034 0.11781940505920821 0.027174981221409173 -0.042046180113360143 0.072005429563804013 -0.11858062142028836
leaf_weight=33.037588305771351 8.3324300497770363 19.324617639183998 77.537572115659714 21.816945791244507 65.387116819620132 41.293919339776039 12.160707116127012 82.445760995149612 24.516172558069229 31.716661617159843 19.088827013969425 55.798186391592026 19.503892213106159 36.595588773488998 34.587369978427887 23.754529148340225 12.663844496011732 15.265679433941839 16.168079927563667 5.0018336474895468 8.1163860857486707 18.041460663080215 24.236482709646225 11.450928613543509 18.684292376041412 4.2850276529788962 18.172230705618858 36.310771346092224 11.108212396502493 7.9011654853820792
leaf_count=269 49 100 419 90 488 192 78 736 185 228 144 228 86 155 167 117 101 62 80 38 38 87 112 61 109 22 87 261 57 60
internal_value=-0.00105793 -0.0340318 0.0326861 0.0494559 -0.00592367 0.0668412 0.015608 -0.0597167 -0.00826389 -0.00661665 -0.0436114 0.0888411 0.0510436 0.110792 0.014151 -0.0173516 0.00833749 0.08083 0.0718643 0.0428623 0.0246117 0.0144053 0.00925384 0.0378686 -0.0113871 0.0141018 -0.00266634 -0.0676219 0.00938765 -0.0520145
internal_weight=814.304 411.852 402.452 282.09 196.65 196.928 131.263 215.202 78.4282 120.362 132.757 129.476 52.8345 73.6782 53.912 63.4084 36.4184 37.0826 40.6738 24.5057 67.4518 59.3354 85.1614 35.6874 49.474 30.7897 26.5047 69.3484 88.6458 26.99
internal_count=4906 2910 1996 1292 1222 852 734 1688 452 704 952 535 282 307 267 422 218 152 204 124 317 279 440 173 267 158 136 530 476 204
is_linear=0
shrinkage=0.1


Tree=9
num_leaves=31
num_cat=0
split_feature=16 12 13 15 7 0 64 12 1 13 11 7 0 83 0 0 15 15 0 15 6 15 14 0 0 0 6 11 11 0
split_gain=75.0477 26.4033 24.3453 20.0404 18.3769 15.8535 15.7457 8.19969 8.57728 7.71402 7.44573 11.4704 7.17433 6.64087 6.50292 6.2093 5.71846 5.64882 5.49953 8.57208 6.07887 5.48502 8.82762 5.45981 5.58443 5.45886 5.30536 5.1943 5.01358 4.8189
threshold=1.0000000180025095e-35 1.0000000180025095e-35 1.0000000180025095e-35 1.0000000180025095e-35 1.0000000180025095e-35 7.9493498802185067 1.0000000180025095e-35 1.0000000180025095e-35 0.77275836467742931 1.0000000180025095e-35 1.0000000180025095e-35 1.0000000180025095e-35 13.211498737335207 1.0000000180025095e-35 5.845311403274537 14.867898464202883 1.0000000180025095e-35 1.0000000180025095e-35 10.120465755462648 1.0000000180025095e-35 1.0000000180025095e-35 1.0000000180025095e-35 1.0000000180025095e-35 13.151266574859621 15.260780334472658 8.0862421989440936 1.0000000180025095e-35 1.0000000180025095e-35 1.0000000180025095e-35 13.726214885711672
decision_type=2 2 2 2 2 2 2 2 2 2 2 2 2 2 2 2 2 2 2 2 2 2 2 2 2 2 2 2 2 2
left_child=1 3 4 6 7 13 9 8 21 15 11 12 -7 17 -11 -1 29 -4 -6 20 -20 22 25 -12 -25 -2 -17 -21 -8 -3
right_child=2 16 5 -5 18 10 28 -9 -10 14 23 -13 -14 -15 -16 26 -18 -19 19 27 -22 -23 -24 24 -26 -27 -28 -29 -30 -31
leaf_value=-0.042791395976364451 -0.0091815080735620259 -0.038820283563021106 0.050770273245122247 -0.05064173538158178 0.017847414881598529 0.069016067773990816 0.043928449512913137 -0.050894395998943034 0.090528262650051733 -0.031305801125089953 0.083928952228742304 0.11541411032227174 -0.014645244589122697 -0.056656800098784293 0.033692069068784497 0.095727623329026207 -0.092855135768037195 -0.024569267769293218 0.13332561823404646 -0.035598949043369632 0.043834583980438303 -0.040844748541266927 -0.03494615838703851 0.23363827973626902 0.11466968155137314 0.080045427065470284 -0.035291425836860811 0.079100348213079708 0.15125813549340092 -0.09332801398388936
leaf_weight=53.524834364652634 10.780620753765108 71.52301974594593 42.626278251409531 89.408782638609409 45.929078191518784 22.196802973747253 8.6326323002576828 43.073659755289555 9.7565383911132795 20.381418362259865 19.798072680830956 25.781058937311172 19.044850453734398 9.6572472751140577 62.884060382843018 6.7369363754987699 51.125529758632183 12.983251407742499 18.674915969371796 10.310168832540514 12.788069158792498 32.393715217709541 23.059888452291489 6.5369673967361477 9.9531898945569974 18.837596565485001 5.7102459892630577 6.3985758870840064 8.7773426100611687 20.97600544989109
leaf_count=379 57 580 192 755 236 100 44 297 43 119 86 115 87 47 288 33 469 74 92 54 60 170 106 29 44 78 33 29 40 170
internal_value=-0.00103947 -0.0316973 0.0295495 -0.0124478 0.00853509 0.0584702 0.00804384 -0.0147137 0.00172054 -0.00245499 0.0828447 0.0630908 0.0303824 0.0198878 0.0177821 -0.0279969 -0.0660156 0.0331806 0.0426056 0.0662111 0.0969522 -0.00846445 0.0114474 0.119329 0.161831 0.0475681 0.0356216 0.00832489 0.0980394 -0.051181
internal_weight=800.261 399.681 400.581 256.056 232.003 168.578 166.647 137.902 94.8284 149.237 103.311 67.0227 41.2417 65.2668 83.2655 65.972 143.625 55.6095 94.1008 48.1717 31.463 85.0718 52.6781 36.2882 16.4902 29.6182 12.4472 16.7087 17.41 92.499
internal_count=4906 2910 1996 1691 1222 774 936 751 454 852 461 302 187 313 407 445 1219 266 471 235 152 411 241 159 73 135 66 83 84 750
is_linear=0
shrinkage=0.1


Tree=10
num_leaves=31
num_cat=0
split_feature=16 13 12 1 15 7 0 13 15 0 7 84 12 11 9 6 15 7 6 14 12 78 11 15 64 7 8 50 11 0
split_gain=62.0063 24.4772 19.9582 14.2292 13.6791 13.3298 14.9678 9.74219 7.89858 7.78174 7.39431 7.36668 7.0883 10.3713 6.63247 6.43713 6.40188 5.33216 6.15197 9.67774 4.91022 10.1881 4.74723 4.65539 5.60678 4.61639 4.58686 4.74713 4.56524 4.50112
threshold=1.0000000180025095e-35 1.0000000180025095e-35 1.0000000180025095e-35 -0.48695717751979822 1.0000000180025095e-35 1.0000000180025095e-35 6.0177960395812997 1.0000000180025095e-35 1.0000000180025095e-35 9.2238192558288592 1.0000000180025095e-35 1.0000000180025095e-35 1.0000000180025095e-35 1.0000000180025095e-35 1.0000000180025095e-35 1.0000000180025095e-35 1.0000000180025095e-35 1.0000000180025095e-35 1.0000000180025095e-35 1.0000000180025095e-35 1.0000000180025095e-35 1.0000000180025095e-35 1.0000000180025095e-35 1.0000000180025095e-35 1.0000000180025095e-35 1.0000000180025095e-35 1.0000000180025095e-35 1.0000000180025095e-35 1.0000000180025095e-35 9.1197810173034686
decision_type=2 2 2 2 2 2 2 2 2 2 2 2 2 2 2 2 2 2 2 2 2 2 2 2 2 2 2 2 2 2
left_child=1 8 3 -2 7 11 -7 9 10 14 22 20 -8 -14 -5 -11 -4 26 19 -19 23 -22 -1 24 -3 -18 28 -28 -6 -12
right_child=2 5 16 4 17 6 12 -9 -10 15 29 -13 13 -15 -16 -17 25 18 -20 -21 21 -23 -24 -25 -26 -27 27 -29 -30 -31
leaf_value=-0.091456854706111534 -0.012799736929961301 -0.0095644156499273408 0.0059931168902094068 0.040679234827531704 -0.014133846322193198 -0.046648257027918166 0.077834792634441333 0.097103261065762503 -0.080013046700843748 0.098627614347239018 -0.045935388567991314 0.073099539792167961 -0.087706102869558891 0.094888460703968502 -0.057777914802407883 0.032031241298527267 -0.076214682527435407 0.064396092675042177 0.10238480616435763 -0.087180444893801501 -0.078404403486172947 0.11241285853854806 -0.037057189241000342 -0.051317445809226897 0.10516839792730522 0.0051790644700150804 -0.084263792748777641 0.026258503591686612 0.059089429262409447 0.009255859075346963
leaf_weight=29.930095382034779 41.387191697955132 45.612795293331146 89.332592993974686 18.630645751953125 18.796947866678238 18.715664520859718 40.376697450876236 66.828058615326881 73.439339183270931 31.138665571808815 25.299538508057594 7.27059382200241 7.1226992607116681 5.5225482732057571 10.812939345836641 27.18573522567749 19.521851137280464 12.521127074956896 13.209914609789847 6.3475892245769492 32.025630854070187 3.0659385919570914 34.570122793316841 25.475035294890404 4.6980006247758856 10.836051389575006 10.830868825316431 6.0610347539186469 15.565462470054625 35.527486637234688
leaf_count=269 234 227 476 81 93 135 198 284 736 137 204 46 61 38 53 110 157 55 59 29 272 26 261 199 20 71 55 31 71 218
internal_value=-0.00101432 -0.0294431 0.0266767 0.0413171 0.0507306 -0.00376718 0.0302349 0.0683347 -0.0539718 0.0464299 -0.0387122 -0.0244127 0.0573731 -0.00796173 0.00452157 0.0675862 -0.0074889 0.0180721 0.0500464 0.0134045 -0.0308069 -0.0617328 -0.0623003 -0.0164871 0.00114929 -0.0471617 -0.00193965 -0.044607 0.0190348 -0.0136996
internal_weight=787.659 388.652 399.007 279.316 237.929 189.886 71.7376 154.596 198.767 87.768 125.327 118.148 53.0219 12.6452 29.4436 58.3244 119.69 83.3329 32.0786 18.8687 110.877 35.0916 64.5002 75.7858 50.3108 30.3579 51.2543 16.8919 34.3624 60.827
internal_count=4906 2910 1996 1292 1058 1222 432 665 1688 381 952 790 297 99 134 247 704 393 143 84 744 298 530 446 247 228 250 86 164 422
is_linear=0
shrinkage=0.1


Tree=11
num_leaves=31
num_cat=0
split_feature=16 12 13 15 7 0 64 67 1 6 0 14 11 7 0 12 0 0 83 13 15 14 15 8 13 0 26 0 0 0
split_gain=51.3863 21.431 17.7706 14.5062 13.6236 12.3056 11.4547 6.94708 5.83924 8.55141 6.83222 6.37124 5.8296 8.61465 5.84694 5.65749 5.65141 5.49061 5.36101 5.19127 5.11667 7.78607 5.09881 5.08358 4.91378 5.75067 10.9588 4.71366 4.70725 4.47097
threshold=1.0000000180025095e-35 1.0000000180025095e-35 1.0000000180025095e-35 1.0000000180025095e-35 1.0000000180025095e-35 7.9493498802185067 1.0000000180025095e-35 1.0000000180025095e-35 -0.038862271234393113 1.0000000180025095e-35 16.880219459533695 1.0000000180025095e-35 1.0000000180025095e-35 1.0000000180025095e-35 13.211498737335207 1.0000000180025095e-35 3.5414099693298344 13.726214885711672 1.0000000180025095e-35 1.0000000180025095e-35 1.0000000180025095e-35 1.0000000180025095e-35 1.0000000180025095e-35 1.0000000180025095e-35 1.0000000180025095e-35 7.0814509391784677 1.0000000180025095e-35 3.7193702459335332 13.151266574859621 14.405201911926271
decision_type=2 2 2 2 2 2 2 2 2 2 2 2 2 2 2 2 2 2 2 2 2 2 2 2 2 2 2 2 2 2
left_child=1 3 4 6 7 18 8 20 -1 10 11 -10 13 14 -7 16 -9 22 -4 -13 21 -2 23 24 27 -26 -27 -3 -14 -16
right_child=2 17 5 -5 -6 12 -8 15 9 -11 -12 19 28 -15 29 -17 -18 -19 -20 -21 -22 -23 -24 -25 25 26 -28 -29 -30 -31
leaf_value=-0.025099956082008785 0.077074577963183941 0.070969637529903706 0.026811611178696484 -0.04406558086878154 0.03521845866287697 0.05937793030930423 0.083735470367779966 -0.10816133983667245 0.072635096530756227 -0.019068329723583195 0.1614167672775135 -0.063159822934492807 0.070183541402754332 0.098538839179029156 -0.10142514433017485 -0.074818101839190354 -0.0045259829306670482 -0.097486490640912138 -0.054544790490161713 0.03728291659106945 -0.028499826239276577 -0.014617953015585891 -0.080238166095903382 -0.064234191253591907 -0.034715819504677239 -0.029419078251260805 0.18712182923291618 -0.060066203933935941 0.14302332355336464 0.011554089897225339
leaf_weight=62.177565708756447 19.693973325192928 3.2304421737790134 55.987326093018055 82.837518341839314 94.077667407691479 22.09343883395195 17.503901556134224 5.9178683310747138 19.764202460646629 38.886033251881599 4.5276404470205298 9.1284050866961479 19.64145901799202 25.579271450638771 4.6631425470113781 23.590254314243793 47.469164371490479 30.042590826749802 9.4695277512073499 11.793491318821907 20.267844587564468 17.481101758778095 34.258579537272453 29.233438231050968 7.2757527232170132 4.4705303609371168 4.8974373862147331 18.276905559003353 16.181407585740089 14.075569391250609
leaf_count=413 101 29 266 755 471 100 84 37 93 212 20 63 86 115 21 171 228 284 47 51 124 90 355 255 59 35 38 164 73 66
internal_value=-0.000995734 -0.0273557 0.0241743 -0.00996345 0.00603113 0.0488965 0.00728478 -0.0143964 -0.00186349 0.0153159 0.0448881 0.0319205 0.0705723 0.0530343 0.0245281 -0.0340348 -0.0160138 -0.0599277 0.0150419 -0.00654112 0.0119203 0.0339573 -0.0488265 -0.0328567 -0.00881355 0.0319829 0.0837854 -0.0403844 0.103086 -0.0165609
internal_weight=774.493 378.304 396.189 246.619 228.498 167.691 163.781 134.42 146.277 84.0998 45.2137 40.6861 102.234 66.4114 40.8322 76.9773 53.387 131.686 65.4569 20.9219 57.4429 37.1751 101.643 67.3845 38.1511 16.6437 9.36797 21.5073 35.8229 18.7387
internal_count=4906 2910 1996 1691 1222 774 936 751 852 439 227 207 461 302 187 436 265 1219 313 114 315 191 935 580 325 132 73 193 159 87
is_linear=0
shrinkage=0.1


Tree=12
num_leaves=31
num_cat=0
split_feature=16 13 12 15 0 7 0 13 15 7 84 6 6 7 12 11 0 14 127 54 7 8 0 11 11 14 14 15 26 10
split_gain=42.4244 20.1517 15.3622 10.8264 13.8652 10.7828 11.3272 7.16408 6.86306 6.46289 6.09418 6.01783 5.46491 7.02627 5.17897 8.23927 4.87569 5.18033 4.71986 4.70064 4.67475 4.54253 5.40723 4.5044 4.41496 4.40513 4.33273 5.32628 6.6255 4.27763
threshold=1.0000000180025095e-35 1.0000000180025095e-35 1.0000000180025095e-35 1.0000000180025095e-35 7.9493498802185067 1.0000000180025095e-35 6.0177960395812997 1.0000000180025095e-35 1.0000000180025095e-35 1.0000000180025095e-35 1.0000000180025095e-35 1.0000000180025095e-35 1.0000000180025095e-35 1.0000000180025095e-35 1.0000000180025095e-35 1.0000000180025095e-35 12.262833595275881 1.0000000180025095e-35 1.0000000180025095e-35 1.0000000180025095e-35 1.0000000180025095e-35 1.0000000180025095e-35 16.425735473632816 1.0000000180025095e-35 1.0000000180025095e-35 1.0000000180025095e-35 1.0000000180025095e-35 1.0000000180025095e-35 1.0000000180025095e-35 1.0000000180025095e-35
decision_type=2 2 2 2 2 2 2 2 2 2 2 2 2 2 2 2 2 2 2 2 2 2 2 2 2 2 2 2 2 2
left_child=1 8 3 4 7 10 -7 -2 9 23 -3 16 13 -4 -8 -16 17 -6 26 -13 -5 -11 -23 -1 29 -22 27 28 -15 -21
right_child=2 5 12 20 11 6 14 -9 -10 21 -12 19 -14 18 15 -17 -18 -19 -20 24 25 22 -24 -25 -26 -27 -28 -29 -30 -31
leaf_value=-0.087530357494155192 -0.016696980589985637 -0.027107521023599687 -0.017632584134656307 -0.0088864305022340762 0.10092145198705632 -0.040479679811958463 0.069374591568415897 0.048562773291363666 -0.074603876980004508 0.015564458184765909 0.066620009721117174 0.087647646385469957 -0.037616452191369033 0.22332216594827223 -0.082805935200672101 0.081458181927112266 0.11902784863580206 0.014661031076699577 -0.012371242251544718 0.029744840894581875 0.058127794576533401 -0.055649080810041232 0.084546969155559148 -0.032573955928486095 0.072864205559639683 -0.017994242852403208 0.010472056311009614 0.0049445860797079095 0.05925398917524153 -0.064086147489559708
leaf_weight=27.198020525276661 36.061918839812279 106.16422948241234 45.913976050913334 61.24569708108902 15.455786779522896 17.646824486553669 40.383871868252754 31.528838276863098 65.815212063491344 30.969113327562809 7.4221327900886527 17.378210827708244 41.362221896648407 5.0292854011058825 6.4354832023382169 5.8105620592832565 32.266800567507744 12.668463304638863 10.231987014412882 13.535446211695673 26.309613764286041 24.776987172663215 3.0946941822767249 33.02212318778038 11.595913171768187 10.691491529345511 7.7771499752998343 3.8993762880563727 4.8204576969146729 7.5791545063257209
leaf_count=269 190 744 288 312 70 135 198 138 736 222 46 72 249 24 61 38 155 53 53 56 117 183 17 261 48 50 40 26 24 31
internal_value=-0.000977531 -0.0253763 0.0217788 0.0347168 0.0494196 -0.00193453 0.0288531 0.0137445 -0.0486895 -0.0343645 -0.020983 0.0712454 -0.00825441 0.00738155 0.0521003 -0.00486511 0.0925005 0.0620658 0.0435453 0.0456186 0.00806824 -0.0107944 -0.0400826 -0.0573946 0.0232897 0.0361323 0.0701239 0.103866 0.143027 -0.0039361
internal_weight=764.091 368.739 395.352 276.317 178.071 183.863 70.2767 67.5908 184.876 119.061 113.586 110.48 119.034 77.6722 52.6299 12.246 60.3911 28.1243 31.7583 50.0887 98.2468 58.8408 27.8717 60.2201 32.7105 37.0011 21.5263 13.7491 9.84974 21.1146
internal_count=4906 2910 1996 1292 813 1222 432 328 1688 952 790 485 704 455 297 99 278 123 167 207 479 422 200 530 135 167 114 74 48 87
is_linear=0
shrinkage=0.1


Tree=13
num_leaves=31
num_cat=0
split_feature=16 12 13 64 7 0 13 6 11 67 0 7 0 7 113 15 34 128 1 1 7 108 7 11 7 0 74 12 0 1
split_gain=35.1031 17.9913 13.7506 11.4828 9.8154 9.76152 9.28953 7.9182 7.0741 5.57533 5.4435 6.4747 5.41312 5.23305 4.97685 5.65019 4.97509 6.32719 7.53635 7.52582 5.05486 4.96447 6.02787 4.71323 6.05049 4.81395 4.54633 4.43128 4.72257 4.36852
threshold=1.0000000180025095e-35 1.0000000180025095e-35 1.0000000180025095e-35 1.0000000180025095e-35 1.0000000180025095e-35 7.9493498802185067 1.0000000180025095e-35 1.0000000180025095e-35 1.0000000180025095e-35 1.0000000180025095e-35 5.845311403274537 1.0000000180025095e-35 13.726214885711672 1.0000000180025095e-35 1.0000000180025095e-35 1.0000000180025095e-35 1.0000000180025095e-35 1.0000000180025095e-35 -0.4741805493831634 -0.038862271234393113 1.0000000180025095e-35 1.0000000180025095e-35 1.0000000180025095e-35 1.0000000180025095e-35 1.0000000180025095e-35 13.211498737335207 1.0000000180025095e-35 1.0000000180025095e-35 3.5414099693298344 0.6562476158142091
decision_type=2 2 2 2 2 2 2 2 2 2 2 2 2 2 2 2 2 2 2 2 2 2 2 2 2 2 2 2 2 2
left_child=1 3 4 6 9 -4 8 13 -1 -2 -8 -12 14 -5 15 21 17 18 -10 -20 -21 -3 -23 24 25 -7 -27 28 -11 -9
right_child=2 12 5 7 -6 23 10 29 16 27 11 -13 -14 -15 -16 -17 -18 -19 19 20 -22 22 -24 -25 -26 26 -28 -29 -30 -31
leaf_value=-0.063889672359412605 0.0096360553214819324 -0.039252017360002819 0.011632342325818714 0.043277671717179389 0.028270335402487325 0.05302340774472987 -0.032586734197126092 0.056107024014700801 0.14561618722427994 -0.10395415806131197 -0.0055577904769068265 0.050256771257817315 -0.094109242657121381 0.16071234014355298 0.067768185069959574 -0.0839882241501263 -0.072399074789650589 -0.11453261782643701 -0.086619927441517489 -0.012438397804740212 0.083392948098959543 -0.038125300516116373 0.18322802488005663 0.090821229542927831 0.083856254655819279 0.024311972650199475 -0.076976824982868244 -0.069563453168730749 -0.0059247079369394873 -0.081221400438427266
leaf_weight=50.048541657626629 56.757550969719887 56.536568909883499 65.794010289013386 7.5979468896985054 94.536787636578083 21.984482795000076 29.903475381433964 4.4531122222542763 4.2249832153320268 5.4873363822698584 51.622654020786285 34.790937639772892 27.09078674018383 7.5803489089012146 3.8610401004552832 29.665712647140026 10.065489724278448 3.8542327135801306 7.1292930021882048 12.006652943789966 10.163395091891289 2.6340294778347006 2.3084062114357948 34.972512051463127 25.17439030110836 11.067861266434194 7.3903342559933654 22.062133140861988 47.062212958931923 4.8275943398475647
leaf_count=472 315 513 313 47 471 100 211 28 39 37 301 170 284 41 38 341 80 36 66 101 68 25 18 159 115 53 34 171 228 31
internal_value=-0.000932598 -0.023465 0.0197661 -0.0074702 0.00369856 0.0415817 -0.0148952 0.0574359 -0.0376629 -0.0139839 0.00418783 0.0169137 -0.0546784 0.101927 -0.0434347 -0.0481454 -0.00999637 0.00680775 0.020758 0.00275341 0.0314935 -0.0308501 0.0652596 0.061171 0.0453681 0.0214103 -0.0162423 -0.0319518 -0.0161612 -0.0153278
internal_weight=752.655 360.365 392.29 238.269 225.906 166.384 213.81 24.459 97.4926 131.369 116.317 86.4136 122.097 15.1783 95.0058 91.1447 47.444 37.3786 33.5243 29.2993 22.17 61.479 4.94244 100.59 65.6171 40.4427 18.4582 74.6117 52.5495 9.28071
internal_count=4906 2910 1996 1691 1222 774 1544 147 862 751 682 471 1219 88 935 897 390 310 274 235 169 556 43 461 302 187 87 436 265 59
is_linear=0
shrinkage=0.1


Tree=14
num_leaves=31
num_cat=0
split_feature=12 15 0 6 14 15 16 14 13 138 13 0 14 108 26 11 70 16 67 6 0 7 8 9 13 0 73 11 0 8
split_gain=29.1802 18.2978 14.96 15.288 11.6781 11.2682 7.63803 7.44562 8.26424 7.31792 7.70057 6.50736 6.23638 5.9146 5.56709 6.71108 6.35515 4.80032 6.00427 4.53689 6.29593 10.2099 4.49562 5.48285 4.08429 6.85463 6.04189 3.96718 4.08294 7.52767
threshold=1.0000000180025095e-35 1.0000000180025095e-35 9.2238192558288592 1.0000000180025095e-35 1.0000000180025095e-35 1.0000000180025095e-35 1.0000000180025095e-35 1.0000000180025095e-35 1.0000000180025095e-35 1.0000000180025095e-35 1.0000000180025095e-35 14.97056818008423 1.0000000180025095e-35 1.0000000180025095e-35 1.0000000180025095e-35 1.0000000180025095e-35 1.0000000180025095e-35 1.0000000180025095e-35 1.0000000180025095e-35 1.0000000180025095e-35 15.305954456329347 1.0000000180025095e-35 1.0000000180025095e-35 1.0000000180025095e-35 1.0000000180025095e-35 13.151266574859621 1.0000000180025095e-35 1.0000000180025095e-35 10.444900512695314 1.0000000180025095e-35
decision_type=2 2 2 2 2 2 2 2 2 2 2 2 2 2 2 2 2 2 2 2 2 2 2 2 2 2 2 2 2 2
left_child=1 2 9 4 -4 7 19 8 -2 10 -1 -6 14 22 15 16 -5 18 -12 20 -3 -22 -10 -24 25 -14 -26 -8 -29 -30
right_child=5 6 3 12 11 -7 27 -9 13 -11 17 -13 24 -15 -16 -17 -18 -19 -20 -21 21 -23 23 -25 26 -27 -28 28 29 -31
leaf_value=-0.031505295698959788 -0.027486650691628561 -0.03487307586054858 0.10356540392403445 0.03549431070185901 0.008803234512841587 -0.064762957280420128 -0.012077139301378256 -0.042931998809733612 0.041454213765255633 0.060709193872477446 0.049558097819156544 0.08819552077512291 0.0055146467762955623 0.13247730589662332 0.06492760488013101 0.063838496983317491 -0.098643992842084596 0.044313693550566691 -0.040149391741525528 -0.067483852697992605 -0.045873600534367807 0.17621061599383941 -0.06724969625745407 0.050542463270103866 0.083266288791088744 -0.12024249610080216 -0.043084444496048147 -0.0043813725194955236 0.097400077771199522 -0.032735560338643672
leaf_weight=61.717497318983078 52.656498707830906 38.026883862912655 53.546022333204746 6.0315463989973059 31.163561746478081 66.881208151578903 57.828594654798508 64.487582050263882 29.321892261505127 18.820501700043678 11.348267421126364 15.438572496175764 9.2651399150490779 4.9803747758269301 28.940484300255775 9.84709832072258 8.5229071229696274 33.369240403175354 21.782033890485764 30.184388540685177 4.2894729971885663 4.000904306769371 10.592636935412886 6.3029229938983908 7.290702283382414 8.1442140489816648 7.869711846113205 19.557097494602203 15.016352742910387 6.3139439523220053
leaf_count=400 434 378 261 27 159 697 288 484 173 109 62 75 52 29 136 43 41 145 126 304 40 33 67 39 32 47 34 97 65 29
internal_value=-0.000917026 0.0125591 0.0263197 0.0451591 0.0717084 -0.0300389 -0.0136004 -0.0162432 0.000328975 0.0024805 -0.00606667 0.0351047 0.0142103 0.0289371 0.0352632 8.09764e-05 -0.0430554 0.0175426 -0.00942149 -0.0373174 -0.0176583 0.0613034 0.0177796 -0.0233071 -0.0202697 -0.0533154 0.0176781 0.00477949 0.0286205 0.0588789
internal_weight=743.538 508.315 333.098 186.06 100.148 235.223 175.218 168.342 103.854 147.038 128.217 46.6021 85.9118 51.1978 53.342 24.4016 14.5545 66.4995 33.1303 76.5016 46.3173 8.29038 46.2175 16.8956 32.5698 17.4094 15.1604 98.716 40.8874 21.3303
internal_count=4906 2983 1749 907 495 1923 1234 1226 742 842 733 234 412 308 247 111 68 333 188 755 451 73 279 106 165 99 66 479 191 94
is_linear=0
shrinkage=0.1


Tree=15
num_leaves=31
num_cat=0
split_feature=16 13 0 15 12 7 0 0 6 7 64 7 26 7 84 67 15 0 0 61 6 88 12 78 95 11 13 42 8 0
split_gain=27.4505 14.6128 10.9422 9.57659 6.93588 6.58244 7.28096 6.25968 6.1986 5.82058 6.43729 5.59907 5.53707 6.77441 5.32004 5.24804 5.02457 4.90597 9.43245 7.70897 4.80413 4.17608 4.25378 4.3197 5.10312 4.05033 3.97623 3.91183 3.79246 3.81624
threshold=1.0000000180025095e-35 1.0000000180025095e-35 3.6783025264739995 1.0000000180025095e-35 1.0000000180025095e-35 1.0000000180025095e-35 6.0177960395812997 11.377138614654543 1.0000000180025095e-35 1.0000000180025095e-35 1.0000000180025095e-35 1.0000000180025095e-35 1.0000000180025095e-35 1.0000000180025095e-35 1.0000000180025095e-35 1.0000000180025095e-35 1.0000000180025095e-35 4.7049965858459482 4.4558520317077646 1.0000000180025095e-35 1.0000000180025095e-35 1.0000000180025095e-35 1.0000000180025095e-35 1.0000000180025095e-35 1.0000000180025095e-35 1.0000000180025095e-35 1.0000000180025095e-35 1.0000000180025095e-35 1.0000000180025095e-35 16.425735473632816
decision_type=2 2 2 2 2 2 2 2 2 2 2 2 2 2 2 2 2 2 2 2 2 2 2 2 2 2 2 2 2 2
left_child=1 9 -2 4 7 14 -7 26 -9 17 16 20 13 -10 21 -12 28 18 19 -1 27 22 -3 24 -24 -13 -4 -5 -11 -30
right_child=2 5 3 11 -6 6 -8 8 12 10 15 25 -14 -15 -16 -17 -18 -19 -20 -21 -22 -23 23 -25 -26 -27 -28 -29 29 -31
leaf_value=-0.07543201059465475 -0.030848289419735078 -0.013329562190207443 0.011285984303942313 0.014647990396542444 0.01033808762724109 -0.03462340687120162 0.041338431319777456 0.10032850249632551 -0.039510405287373956 0.01096157768194444 0.14790071410505182 0.0044161545841891921 0.084357245964485281 0.095079563148970647 0.065307567916528017 -0.023305845594282313 -0.07057830962695863 -0.071237252676092253 0.19745647170938091 0.11469519258323196 -0.056731522163566077 0.080043774942165302 -0.086475004347559684 0.080634143484918361 0.052307773230166547 0.067759760301437447 0.053889477702243997 -0.056145849980719954 -0.057959499595376052 0.069673065820689301
leaf_weight=11.015871152281759 41.882575072348118 69.594593234360218 50.540664434432983 37.117463119328022 76.996047899127007 16.652733989059925 52.082448326051235 33.76654127240181 12.310195252299311 27.406749948859215 3.8017401024699202 27.809424035251141 14.749158352613447 5.3716681748628607 7.3923238292336455 3.3842169493436813 23.078194662928581 72.11400193721056 1.9317158982157696 2.6445600539445868 22.14623761177063 3.8173200115561476 22.985175341367729 2.0402868241071692 2.9947024360299102 15.846664965152739 38.667217269539833 9.8836855962872487 20.98599044978619 2.637057051062583
leaf_count=122 248 433 232 218 413 135 297 179 51 205 24 138 63 23 46 30 294 781 20 29 132 28 237 18 28 71 169 59 169 14
internal_value=-0.000881879 -0.021325 0.0174209 0.0232772 0.0348812 -0.00129188 0.0229349 0.0470412 0.0703394 -0.0423728 -0.0230964 -0.000629808 0.0391154 0.0013774 -0.0165939 0.0672712 -0.031859 -0.0602398 -0.00937659 -0.0386248 -0.0183322 -0.0225628 -0.0265753 -0.0594743 -0.0704775 0.0274092 0.0297525 -0.000238966 -0.0143482 -0.0437118
internal_weight=733.647 346.56 387.088 345.205 232.401 177.56 68.7352 155.405 66.1976 169 81.2939 112.803 32.431 17.6819 108.824 7.18596 74.108 87.7061 15.5921 13.6604 69.1474 101.432 97.6148 28.0202 25.9799 43.6561 89.2079 47.0011 51.0298 23.623
internal_count=4906 2910 1996 1748 1130 1222 432 717 316 1688 736 618 137 74 790 54 682 952 171 151 409 744 716 283 265 209 401 277 388 183
is_linear=0
shrinkage=0.1


Tree=16
num_leaves=31
num_cat=0
split_feature=16 12 13 64 0 7 13 11 0 6 67 34 128 1 1 81 0 12 55 54 83 0 113 15 0 6 1 41 26 0
split_gain=22.7331 12.7001 9.0133 7.99986 7.74105 6.92546 5.93058 6.05757 5.39334 5.23446 4.47237 4.46251 5.48028 4.98477 6.27488 4.32345 6.56296 5.36541 4.84637 4.84053 4.30379 4.26562 4.25577 4.90411 4.4375 4.20957 6.18762 4.52186 4.11657 6.6684
threshold=1.0000000180025095e-35 1.0000000180025095e-35 1.0000000180025095e-35 1.0000000180025095e-35 7.9493498802185067 1.0000000180025095e-35 1.0000000180025095e-35 1.0000000180025095e-35 13.726214885711672 1.0000000180025095e-35 1.0000000180025095e-35 1.0000000180025095e-35 1.0000000180025095e-35 -0.4741805493831634 -0.038862271234393113 1.0000000180025095e-35 3.6783025264739995 1.0000000180025095e-35 1.0000000180025095e-35 1.0000000180025095e-35 1.0000000180025095e-35 9.7960300445556658 1.0000000180025095e-35 1.0000000180025095e-35 13.211498737335207 1.0000000180025095e-35 0.66050651669502269 1.0000000180025095e-35 1.0000000180025095e-35 5.4524297714233407
decision_type=2 2 2 2 2 2 2 2 2 2 2 2 2 2 2 2 2 2 2 2 2 2 2 2 2 2 2 2 2 2
left_child=1 3 5 6 20 10 7 -1 22 -5 -2 12 13 -9 -15 16 -7 18 -18 21 -4 -17 23 24 28 26 27 -8 29 -3
right_child=2 8 4 9 -6 15 25 11 -10 -11 -12 -13 -14 14 -16 19 17 -19 -20 -21 -22 -23 -24 -25 -26 -27 -28 -29 -30 -31
leaf_value=-0.057572697156108077 0.0087220361237201061 0.030874669559996612 0.017543025868772766 0.083824495110770655 0.051508546034065211 -0.093102823936783249 -0.0044226573542177697 0.1182643027972957 -0.089848633865330652 -0.012880513886346992 -0.029061984161137699 -0.067788771078916871 -0.1121886809145116 -0.081074481001691456 0.032307024314412965 0.051322605295585078 0.094079998471066129 -0.037079684983219091 0.01328262881772763 0.013474977890380475 -0.055638058428601235 0.15092828513308906 0.066280840308199418 -0.077521179879415647 0.11578953115188771 -0.020198478524619749 0.094763510535098475 0.078551627428348592 -0.0082896373657773588 -0.096226463373810148
leaf_weight=45.426264122128487 55.666518591344357 5.5284608453512218 56.539216123521328 15.222345270216465 97.50587397813797 6.0518727302551261 49.94049958139658 4.6690136790275529 23.67174431681633 8.8521628454327583 71.648439966142178 9.2420325204730016 3.3225189000368109 6.3114353865385047 21.5387950539589 13.165426835417749 10.648992031812666 13.169703453779219 24.511324316263199 19.543485537171364 9.3677488341927511 6.3844464123249045 3.8857330828905097 25.283006757497787 2.1637601330876342 47.806496746838093 9.2129655703902227 7.5625397190451613 33.741050198674202 16.293191865086555
leaf_count=472 315 54 266 88 461 37 319 39 284 59 436 80 36 66 169 65 51 81 112 94 47 31 38 341 20 279 45 39 323 159
internal_value=-0.000851828 -0.019699 0.0158109 -0.00626621 0.0336146 0.002634 -0.0126693 -0.0318001 -0.0475332 0.0482662 -0.0125415 -0.00583179 0.0101442 0.0226431 0.00661244 0.0233033 0.00506891 0.017362 0.0377537 0.0486688 0.00714136 0.0838511 -0.0360057 -0.0407938 -0.024708 0.0024503 0.0186797 0.00648975 -0.0301794 -0.0640257
internal_weight=723.877 339.674 384.203 229.107 163.413 220.79 205.033 90.5101 110.567 24.0745 127.315 45.0838 35.8418 32.5192 27.8502 93.4753 54.3819 48.33 35.1603 39.0934 65.907 19.5499 86.8952 83.0095 57.7265 114.523 66.716 57.503 55.5627 21.8217
internal_count=4906 2910 1996 1691 774 1222 1544 862 1219 147 751 390 310 274 235 471 281 244 163 190 313 96 935 897 556 682 403 358 536 213
is_linear=0
shrinkage=0.1


Tree=17
num_leaves=31
num_cat=0
split_feature=12 15 1 14 6 15 1 14 7 138 16 13 95 8 0 96 73 13 0 8 0 0 54 99 134 86 54 40 83 0
split_gain=19.3115 12.8486 10.2323 12.281 10.1748 8.86483 6.76576 6.12151 7.05793 6.02993 5.06411 4.48235 5.1063 4.35272 6.24669 5.23311 5.22313 4.26879 4.21653 4.19334 6.64179 5.71898 5.93479 5.54132 4.14373 4.09455 3.80709 4.75601 3.71412 3.68002
threshold=1.0000000180025095e-35 1.0000000180025095e-35 -0.045250589028000825 1.0000000180025095e-35 1.0000000180025095e-35 1.0000000180025095e-35 0.90113317966461193 1.0000000180025095e-35 1.0000000180025095e-35 1.0000000180025095e-35 1.0000000180025095e-35 1.0000000180025095e-35 1.0000000180025095e-35 1.0000000180025095e-35 13.600273609161379 1.0000000180025095e-35 1.0000000180025095e-35 1.0000000180025095e-35 13.030800819396974 1.0000000180025095e-35 7.6317591667175302 14.176591396331789 1.0000000180025095e-35 1.0000000180025095e-35 1.0000000180025095e-35 1.0000000180025095e-35 1.0000000180025095e-35 1.0000000180025095e-35 1.0000000180025095e-35 13.474332809448244
decision_type=2 2 2 2 2 2 2 2 2 2 2 2 2 2 2 2 2 2 2 2 2 2 2 2 2 2 2 2 2 2
left_child=1 2 9 4 -4 7 17 8 18 11 24 -1 -13 15 16 26 -15 29 -2 20 -10 22 -22 -21 25 -3 27 -6 -19 -5
right_child=5 10 3 6 13 -7 -8 -9 19 -11 -12 12 -14 14 -16 -17 -18 28 -20 23 21 -23 -24 -25 -26 -27 -28 -29 -30 -31
leaf_value=-0.0299462338789903 -0.0044791188998690584 -0.014989288394925811 0.089584423270086491 0.0012734269610710062 0.13800031691676204 -0.058132255319600507 0.1074781071277436 -0.038118801401351439 -0.0030415792598290623 0.05297010293030871 0.0026904936799337351 0.018131004915706222 -0.094353969483826128 -0.0088238907643717786 -0.061853177730949276 0.15257456736410283 0.11609097988963811 0.036645709780132533 -0.06547994370437836 0.023276237055739224 0.060262570258385578 0.0089574846515257222 0.21111393707470963 -0.12740960696978518 -0.099107605680125194 -0.098271452923314864 0.0051843987826356323 0.0035166632719814297 -0.062040749848230416 -0.060255217927602835
leaf_weight=51.870922096073627 45.784160196781158 57.049272961914539 53.80306376516819 24.953199729323387 6.3290145620703733 60.024315871298313 6.2620865181088439 61.230257444083691 10.275942869484426 18.694178119301796 98.392665505409241 56.38879083096981 4.3467800915241233 8.4774538204073924 10.381801709532736 4.5392818078398696 5.531495288014411 31.344272017478943 15.058246567845343 11.869262032210825 4.8133529499173147 4.6663037538528434 5.6921481639146805 3.0720941349863997 8.2068367078900319 6.5847890526056281 15.839394263923168 4.4990023374557495 4.3419373631477347 15.923867940902708
leaf_count=354 335 590 280 147 29 697 33 484 70 106 479 285 22 43 49 21 28 145 128 92 29 32 32 24 96 69 75 20 20 92
internal_value=-0.000831277 0.010191 0.0218924 0.0365904 0.0585833 -0.0252928 0.00754084 -0.0131597 0.00193686 0.00037428 -0.0120473 -0.00835733 0.0100806 0.0285828 -0.00306652 0.0533195 0.0404993 -0.000632993 -0.0195766 0.0343448 0.0590347 0.101079 0.141998 -0.0077063 -0.0322321 -0.0236072 0.0364244 0.0821228 0.0246385 -0.0226954
internal_weight=716.246 493.76 323.527 192.226 109.401 222.486 82.8254 162.462 101.232 131.301 170.234 112.606 60.7356 55.5974 24.3908 31.2067 14.0089 76.5633 60.8424 40.3891 25.4477 15.1718 10.5055 14.9414 71.8409 63.6341 26.6674 10.828 35.6862 40.8771
internal_count=4906 2983 1749 982 545 1923 437 1226 742 767 1234 661 307 265 120 145 71 404 463 279 163 93 61 116 755 659 124 49 165 239
is_linear=0
shrinkage=0.1


Tree=18
num_leaves=31
num_cat=0
split_feature=16 13 0 15 14 6 0 15 0 82 81 7 84 12 1 151 12 64 0 61 0 13 11 0 15 67 11 86 8 0
split_gain=18.2816 10.56 7.68863 7.06375 5.36007 5.71179 6.56825 5.63771 6.09426 5.41255 9.63649 5.22189 4.99054 4.78241 5.30522 4.62424 5.02138 4.60137 4.39347 7.23897 5.00946 4.37884 4.30149 5.78153 4.00676 3.59818 3.27216 3.21104 3.15796 3.23096
threshold=1.0000000180025095e-35 1.0000000180025095e-35 3.6783025264739995 1.0000000180025095e-35 1.0000000180025095e-35 1.0000000180025095e-35 15.034907817840578 1.0000000180025095e-35 15.464749813079836 1.0000000180025095e-35 1.0000000180025095e-35 1.0000000180025095e-35 1.0000000180025095e-35 1.0000000180025095e-35 0.81200090050697338 1.0000000180025095e-35 1.0000000180025095e-35 1.0000000180025095e-35 4.7049965858459482 1.0000000180025095e-35 4.4558520317077646 1.0000000180025095e-35 1.0000000180025095e-35 11.02532482147217 1.0000000180025095e-35 1.0000000180025095e-35 1.0000000180025095e-35 1.0000000180025095e-35 1.0000000180025095e-35 16.425735473632816
decision_type=2 2 2 2 2 2 2 2 2 2 2 2 2 2 2 2 2 2 2 2 2 2 2 2 2 2 2 2 2 2
left_child=1 11 -2 13 5 6 12 8 9 10 -7 18 -3 14 21 16 -6 24 19 20 -1 27 23 -5 28 -19 -8 -4 -13 -30
right_child=2 4 3 22 15 7 26 -9 -10 -11 -12 17 -14 -15 -16 -17 -18 25 -20 -21 -22 -23 -24 -25 -26 -27 -28 -29 29 -31
leaf_value=-0.07051151791107671 -0.026929954337487884 0.010938690553254742 0.010767115422358128 0.013816462154240667 -0.0017836951360826851 -0.0043117463277123676 0.061084649463766072 -0.072388227786131756 -0.085912511793115209 -0.074477134551478238 0.12906718938587469 0.012357961762918739 0.13875624147980858 0.0089220536732271798 0.099957317446484617 -0.13976131485794446 -0.067323250854023284 0.12180823387025951 -0.065969286717958195 0.12347518049749683 0.11311022422578727 0.054738419020343258 0.022917337210767663 -0.044641583997014095 -0.063621036130567368 -0.02016437572363601 0.18129169161300068 0.070795078539732645 -0.052448440142336607 0.066459732770258462
leaf_weight=9.9653292335569841 40.634046852588654 45.640890590846539 69.038593366742134 31.856906615197659 51.148487217724323 14.039788231253628 5.4440490975975973 11.881152115762232 5.7147015407681456 4.3561706170439711 8.8195896819233894 26.92262015491724 3.2737985700368872 76.654340125620365 13.283234357833861 3.2043374031782141 15.153359003365038 3.9635324478149405 65.000775840133429 3.3548107817769042 1.7460620626807202 57.637242361903191 43.958520568907261 36.07816269248724 20.148290775716305 3.248034980148077 3.8773352354764938 10.231935948133467 19.608354434370998 2.5865469872951499
leaf_count=122 248 351 322 189 300 85 36 118 30 26 52 205 22 413 70 20 159 24 781 33 16 276 227 202 294 30 23 49 169 14
internal_value=-0.000787949 -0.0180351 0.0141736 0.0191042 -0.000973219 0.0135017 0.0341539 -0.0133375 0.00796788 0.0276808 0.0471484 -0.0368418 0.0194934 0.0292462 0.0396192 -0.0224332 -0.0167628 -0.0181541 -0.0546916 -0.00603584 -0.0431352 0.033765 -0.00145696 -0.0172288 -0.0260687 0.0578649 0.111086 0.0185153 -0.0106646 -0.0385911
internal_weight=708.471 329.098 379.373 338.739 172.554 103.047 58.2361 44.8114 32.9303 27.2155 22.8594 156.544 48.9147 226.845 150.191 69.5062 66.3018 76.4774 80.067 15.0662 11.7114 136.908 111.894 67.9351 69.2658 7.21157 9.32138 79.2705 49.1175 22.1949
internal_count=4906 2910 1996 1748 1222 743 432 311 193 163 137 1688 373 1130 717 479 459 736 952 171 138 647 618 391 682 54 59 371 388 183
is_linear=0
shrinkage=0.1


Tree=19
num_leaves=31
num_cat=0
split_feature=16 13 7 11 11 12 167 94 13 0 113 1 7 0 134 0 62 26 55 0 0 74 83 84 0 0 15 14 42 15
split_gain=15.1078 8.9796 6.40641 6.23673 5.4011 5.01228 8.52144 5.70382 5.00214 4.87347 4.82389 4.80726 4.69956 5.30256 4.6802 4.48003 4.40373 5.65737 4.20945 6.9219 5.98496 4.08138 4.93521 4.06316 4.04962 10.2074 3.97889 4.81559 4.35701 3.67116
threshold=1.0000000180025095e-35 1.0000000180025095e-35 1.0000000180025095e-35 1.0000000180025095e-35 1.0000000180025095e-35 1.0000000180025095e-35 1.0000000180025095e-35 1.0000000180025095e-35 1.0000000180025095e-35 3.5414099693298344 1.0000000180025095e-35 -0.13499125093221662 1.0000000180025095e-35 6.0177960395812997 1.0000000180025095e-35 8.6036963462829608 1.0000000180025095e-35 1.0000000180025095e-35 1.0000000180025095e-35 6.4298424720764169 3.7193702459335332 1.0000000180025095e-35 1.0000000180025095e-35 1.0000000180025095e-35 4.7556469440460214 4.1437373161315927 1.0000000180025095e-35 1.0000000180025095e-35 1.0000000180025095e-35 1.0000000180025095e-35
decision_type=2 2 2 2 2 2 2 2 2 2 2 2 2 2 2 2 2 2 2 2 2 2 2 2 2 2 2 2 2 2
left_child=1 4 3 9 10 7 -7 15 18 -2 -1 -4 23 -14 16 24 17 -10 19 20 -5 -11 -23 -3 25 -6 27 -17 -29 -13
right_child=2 12 11 8 5 6 -8 -9 14 21 -12 29 13 -15 -16 26 -18 -19 -20 -21 -22 22 -24 -25 -26 -27 -28 28 -30 -31
leaf_value=-0.057811428394779263 -0.073978448917639147 -0.019713926615229471 0.006156588756210871 -0.052188680948410872 -0.075340693079358423 -0.069691441446956534 0.15098533011927398 0.12449827687079046 -0.073683913615144925 0.0086011469652139926 0.064681795815137111 0.058417485349715359 -0.030600372757634883 0.035402943067891372 -0.034007321432924335 0.075438895015879429 0.090237082099164007 0.06698696471348603 0.021659908876341134 -0.098032116628115576 0.11800072831609587 -0.043160337889609809 0.043871516335702319 0.056587704564795484 -0.098473639841588023 0.17570695704016226 -0.045217579214824326 0.028126764152056779 -0.12384383351521183 0.016894768959688441
leaf_weight=75.137549247592688 11.395025357604025 96.917568355798721 56.831695377826691 4.380258187651636 5.1668158024549475 22.138363629579548 1.9000252336263646 3.6078601181507102 4.5155336111783964 76.687501259148121 3.3586491122841826 58.006867222487926 15.973213925957678 51.144328385591507 5.7996811345219603 13.504996985197071 21.738254465162754 7.7929376736283302 36.365033000707626 9.1557126715779287 3.9114939421415329 39.40755170583725 7.8061781600117675 7.5206086039543143 8.1192661412060243 2.3590574935078621 7.7425036430358878 5.9756166115403175 2.7569514885544777 33.641741566359997
leaf_count=916 77 744 285 32 54 283 22 28 21 415 36 300 135 297 26 70 106 39 205 54 22 215 42 46 99 18 99 41 22 157
internal_value=-0.000761537 -0.0166258 0.0128283 0.0023366 -0.0343441 -0.0148183 -0.0522489 0.00345739 0.0221734 -0.0113954 -0.0525703 0.0290064 -0.000951169 0.0196949 0.04903 -0.00611404 0.0631749 0.0153799 0.00228699 -0.0380912 0.0280953 -0.00563977 -0.0287707 -0.0142194 -0.0494916 0.00335261 0.0165226 0.0380188 -0.0198517 0.0431756
internal_weight=700.759 323.323 377.435 228.955 151.768 73.2715 24.0384 49.2331 93.6589 135.296 78.4962 148.48 171.556 67.1175 39.8464 45.6252 34.0467 12.3085 53.8125 17.4475 8.29175 123.901 47.2137 104.438 15.6451 7.52587 29.9801 22.2376 8.73257 91.6486
internal_count=4906 2910 1996 1254 1688 736 305 431 505 749 952 742 1222 432 192 403 166 60 313 108 54 672 257 790 171 72 232 133 63 457
is_linear=0
shrinkage=0.1


Tree=20
num_leaves=31
num_cat=0
split_feature=12 14 1 6 21 0 15 15 103 262 13 7 1 22 14 7 15 0 151 83 83 15 8 73 10 10 8 0 16 0
split_gain=13.7443 10.0344 9.38811 9.5079 8.66926 8.33803 7.27414 7.23994 6.35087 5.97388 5.30287 5.1685 4.95051 4.8912 4.57093 4.93695 4.25954 4.17291 4.35817 3.90658 3.87543 3.71503 4.34817 3.7584 3.62597 3.61978 4.4943 3.61512 3.54357 3.53112
threshold=1.0000000180025095e-35 1.0000000180025095e-35 -0.045250589028000825 1.0000000180025095e-35 1.0000000180025095e-35 15.924708843231203 1.0000000180025095e-35 1.0000000180025095e-35 1.0000000180025095e-35 1.0000000180025095e-35 1.0000000180025095e-35 1.0000000180025095e-35 -0.16723705083131787 1.0000000180025095e-35 1.0000000180025095e-35 1.0000000180025095e-35 1.0000000180025095e-35 2.5407255887985234 1.0000000180025095e-35 1.0000000180025095e-35 1.0000000180025095e-35 1.0000000180025095e-35 1.0000000180025095e-35 1.0000000180025095e-35 1.0000000180025095e-35 1.0000000180025095e-35 1.0000000180025095e-35 13.030800819396974 1.0000000180025095e-35 3.7686516046524052
decision_type=2 2 2 2 2 2 2 2 2 2 2 2 2 2 2 2 2 2 2 2 2 2 2 2 2 2 2 2 2 2
left_child=1 2 4 5 13 6 -4 14 9 10 19 21 -6 17 15 27 20 -1 28 -3 -12 22 -5 -24 -21 -8 -27 -2 -19 -15
right_child=7 8 3 11 12 -7 25 -9 -10 -11 16 -13 -14 29 -16 -17 -18 18 -20 24 -22 -23 23 -25 -26 26 -28 -29 -30 -31
leaf_value=-0.086756005565858552 -0.002574447238157359 -0.038230628655554093 0.068842197269809557 0.043261134386806517 -0.11326356172221597 0.11573318314130183 0.031482545663773863 -0.05294182946065034 0.12594299453627728 0.11633437407732833 0.027010813613892772 0.038734385493692992 0.022860601309201464 0.13865637504005418 -0.033220608493308226 0.028809582861684932 -0.031407832153490391 -0.014580844587072695 -0.11080123895496037 -0.025133034588533422 -0.042388555199945908 -0.054775327496802743 -0.07835232544649956 0.024781836906121402 0.071289476809308971 -0.085704520320768335 0.049626176801056937 -0.060623814581703642 0.028096607766411319 0.026083987065022726
leaf_weight=5.1571134738624087 44.897528722882271 83.077783852815628 41.108138129115105 16.007503621280193 9.9102778136730176 19.551400423049927 17.620049975812435 55.466225262731314 3.4420510977506629 3.610411472618579 56.767610460519791 36.067906364798546 3.6577119678258887 4.5073434635996801 58.185458667576313 40.762565977871418 24.819840490818024 33.206042107194662 3.0795253030955783 9.1917016506195051 9.3754645586013776 14.035135231912134 7.9637020826339739 6.3516144081950188 6.7743877768516532 7.4871421083807963 3.6504238955676556 14.096589755266903 46.98346620798111 7.2981430776417255
leaf_count=40 335 625 224 78 72 114 107 697 18 21 280 186 22 30 484 279 170 290 22 63 46 111 44 32 45 46 25 128 228 44
internal_value=-0.000741445 0.00863449 0.0206771 0.035569 -0.0015487 0.0580081 0.0418542 -0.0218607 -0.00869932 -0.0110929 -0.0135142 0.0106212 -0.0765667 0.00860621 -0.0109456 0.00204675 0.00391797 0.000534662 0.00594085 -0.0295242 0.0171738 -0.0122379 0.00745092 -0.0325924 0.0157789 0.00327561 -0.0413488 -0.0164453 0.0104241 0.0690642
internal_weight=694.11 480.702 283.643 169.843 113.8 89.4172 69.8658 213.408 197.059 193.617 190.007 80.4259 13.568 100.232 157.942 99.7567 90.9629 88.4261 83.269 99.0439 66.1431 44.358 30.3228 14.3153 15.9661 28.7576 11.1376 58.9941 80.1895 11.8055
internal_count=4906 2983 1715 967 748 516 402 1923 1268 1250 1229 451 94 654 1226 742 496 580 540 733 326 265 154 76 108 178 71 463 518 74
is_linear=0
shrinkage=0.1


Tree=21
num_leaves=31
num_cat=0
split_feature=16 13 13 0 7 0 61 14 0 14 104 6 15 0 82 81 0 7 151 12 67 57 5 73 15 26 55 84 81 0
split_gain=12.3558 7.21376 5.69267 5.58849 4.53994 4.12618 5.41799 4.11703 5.50463 4.10829 5.18487 4.02944 4.84584 5.39404 4.54319 7.85629 4.41171 3.95513 3.92546 3.88178 3.71462 4.14365 4.09527 4.13104 4.93984 3.73452 5.27074 3.58671 3.37112 4.50971
threshold=1.0000000180025095e-35 1.0000000180025095e-35 1.0000000180025095e-35 7.9493498802185067 1.0000000180025095e-35 4.7049965858459482 1.0000000180025095e-35 1.0000000180025095e-35 4.1437373161315927 1.0000000180025095e-35 1.0000000180025095e-35 1.0000000180025095e-35 1.0000000180025095e-35 15.464749813079836 1.0000000180025095e-35 1.0000000180025095e-35 15.034907817840578 1.0000000180025095e-35 1.0000000180025095e-35 1.0000000180025095e-35 1.0000000180025095e-35 1.0000000180025095e-35 1.0000000180025095e-35 1.0000000180025095e-35 1.0000000180025095e-35 1.0000000180025095e-35 1.0000000180025095e-35 1.0000000180025095e-35 1.0000000180025095e-35 3.6783025264739995
decision_type=2 2 2 2 2 2 2 2 2 2 2 2 2 2 2 2 2 2 2 2 2 2 2 2 2 2 2 2 2 2
left_child=1 4 17 -4 5 6 7 -1 -9 10 11 16 13 14 15 -13 27 20 19 -11 21 -2 -23 -24 -25 -22 -27 -3 29 -19
right_child=2 9 3 -5 -6 -7 -8 8 -10 18 -12 12 -14 -15 -16 -17 -18 28 -20 -21 25 22 23 24 -26 26 -28 -29 -30 -31
leaf_value=-0.093401865535374856 0.05243427769203142 0.013124873592653545 0.0036189873132041455 0.041764467754490608 -0.013860726781009214 -0.060925135723172631 0.10535405449045571 -0.046490707882373764 0.17604528572921452 -0.0024407430443737451 -0.12423791315262188 -0.0001853039237317075 -0.066446013972748796 -0.080460732667771678 -0.06801973110507363 0.12147300530792438 0.097581987899590286 -0.085726778764084133 -0.1338937327077224 -0.062040421327849538 -0.06023213486682974 0.016632589659807764 -0.12493266451421146 0.057495640292635902 -0.085243552219690558 -0.048248026672624081 0.019265777566546374 0.12050814634275848 0.03919426089187783 0.01025165328336339
leaf_weight=5.8310804404318315 15.563988938927649 44.37973053753376 65.507078401744366 92.837356060743332 72.20984298363328 58.824924990534782 3.5859717801213256 3.1939804516732693 1.7048615030944345 50.872005365788937 2.7398680299520484 13.459283336997039 10.662194862961767 5.3008210584521285 3.9962842166423789 8.7645861133933067 8.8341079726815206 5.4607611149549475 2.9137993752956381 13.917815715074537 21.894131079316139 24.17499415576458 4.9302465841174099 4.9429631978273392 4.758632056415081 20.534542046487331 26.468202844262123 3.3448859527707091 38.640285030007362 47.297493197023869
leaf_count=76 92 345 313 461 736 781 33 45 17 300 22 83 116 28 24 49 55 37 20 159 136 140 28 23 32 137 163 21 190 244
internal_value=-0.000710271 -0.0153088 0.0115997 0.0259837 -0.0316475 -0.049208 -0.00106139 -0.0366257 0.0309547 -0.00127187 0.0114562 0.0152214 -0.0081698 0.0115426 0.0301425 0.047794 0.0326672 0.000989709 -0.0203501 -0.0152436 -0.0106984 0.00884273 -0.00864023 -0.0503964 -0.0125179 -0.0261195 -0.0102296 0.0206511 0.0167532 0.000317373
internal_weight=687.547 314.536 373.011 158.344 145.351 73.1408 14.3159 10.7299 4.89884 169.185 101.482 98.7419 42.1832 31.521 26.2202 22.2239 56.5587 214.666 67.7036 64.7898 123.268 54.3708 38.8068 14.6318 9.7016 68.8969 47.0027 47.7246 91.3985 52.7583
internal_count=4906 2910 1996 774 1688 952 171 138 62 1222 743 721 300 184 156 132 421 1222 479 459 751 315 223 83 55 436 300 366 471 281
is_linear=0
shrinkage=0.1


Tree=22
num_leaves=31
num_cat=0
split_feature=12 14 267 1 6 21 15 15 103 262 0 72 10 1 1 11 11 26 13 67 1 7 39 22 0 151 0 16 0 26
split_gain=10.9786 7.88642 8.34511 6.1917 7.81253 7.2964 6.17109 5.91602 5.03229 4.69647 4.48175 4.46043 4.34546 4.30071 4.27921 4.18819 4.13587 8.81572 4.09192 3.81612 3.77267 3.77089 6.62879 3.6994 3.67314 3.6246 3.7206 3.5788 3.37785 3.31924
threshold=1.0000000180025095e-35 1.0000000180025095e-35 1.0000000180025095e-35 -0.045250589028000825 1.0000000180025095e-35 1.0000000180025095e-35 1.0000000180025095e-35 1.0000000180025095e-35 1.0000000180025095e-35 1.0000000180025095e-35 14.917180061340334 1.0000000180025095e-35 1.0000000180025095e-35 0.90873831510543834 -0.16723705083131787 1.0000000180025095e-35 1.0000000180025095e-35 1.0000000180025095e-35 1.0000000180025095e-35 1.0000000180025095e-35 0.88987755775451671 1.0000000180025095e-35 1.0000000180025095e-35 1.0000000180025095e-35 10.658453464508058 1.0000000180025095e-35 2.5407255887985234 1.0000000180025095e-35 17.229294776916507 1.0000000180025095e-35
decision_type=2 2 2 2 2 2 2 2 2 2 2 2 2 2 2 2 2 2 2 2 2 2 2 2 2 2 2 2 2 2
left_child=1 2 3 5 7 23 20 -5 9 13 -9 12 21 18 -7 -14 17 -13 -3 28 -2 22 -6 25 -8 26 -1 -20 -12 -18
right_child=6 8 -4 4 11 14 24 10 -10 -11 19 16 15 -15 -16 -17 29 -19 27 -21 -22 -23 -24 -25 -26 -27 -28 -29 -30 -31
leaf_value=-0.081705525569433668 -0.0066993105136661504 -0.030248147404937517 0.16950500932275245 0.072792882570211256 -0.041638940945409299 -0.10885741631694759 -0.026841481068839303 -0.0054229170994264213 0.11034127732715093 0.10182227951164435 -0.056708162950898949 -0.10192721554039999 0.03755615879055349 0.05693441529606226 0.018640411015425764 -0.071593576590222682 0.063672325507301036 0.01636439262362583 -0.01764436642261788 0.12554868653809256 -0.087791270426775439 0.11446335623444744 0.1184611261373805 0.059097331453241288 -0.080300731773854342 -0.10723028048133226 0.0093631378755882934 0.023404265032211189 0.080686346924488617 -0.020869380924467176
leaf_weight=4.7530946284532538 149.50982601568103 91.57608837261796 3.610628616064786 48.37912417948246 6.2130806446075439 9.1961385272443277 30.442543521523476 24.451983895152807 3.5409927889704695 3.684939630329608 3.303152494132517 12.341749351471663 8.4083888083696348 8.5891782790422422 3.6881998926401129 6.0412023440003386 9.1228984147310257 12.869865521788597 49.203395701944828 6.0264210402965546 5.9660479240119448 8.4540130198001862 4.4301384687423706 12.239560667425392 22.243797540664673 3.0206632167100897 79.883491434156895 37.370906963944435 3.9045177325606346 9.4593611508607864
leaf_count=39 1164 699 20 276 38 72 398 153 18 21 24 75 48 53 22 36 46 74 296 32 62 43 25 74 299 23 518 181 20 57
internal_value=-0.000692171 0.00771839 0.0184607 0.0164861 0.0289252 -0.00153655 -0.019834 0.0496529 -0.00777759 -0.00997404 0.0199473 0.00585922 0.033298 -0.0121801 -0.0723606 -0.00807805 -0.0151594 -0.0415425 -0.0155123 0.0668225 -0.00981104 0.0646045 0.0250012 0.00759809 -0.0494116 0.000407262 0.00424883 7.48013e-05 0.0177208 0.0206361
internal_weight=681.925 473.763 279.798 276.187 163.406 112.781 208.162 86.0652 193.966 190.425 37.6861 77.3407 33.5468 186.74 12.8843 14.4496 43.7939 25.2116 178.15 13.2341 155.476 19.0972 10.6432 99.8968 52.6863 87.6572 84.6366 86.5743 7.20767 18.5823
internal_count=4906 2983 1715 1695 947 748 1923 505 1268 1250 229 442 190 1229 94 84 252 149 1176 76 1226 106 63 654 697 580 557 477 44 103
is_linear=0
shrinkage=0.1


Tree=23
num_leaves=31
num_cat=0
split_feature=16 15 134 15 0 14 64 14 104 64 12 8 68 82 10 10 0 7 7 12 6 73 57 7 0 11 138 5 0 0
split_gain=9.855 6.18349 4.4518 4.4439 4.57426 5.25238 5.29425 4.432 5.24764 4.50288 4.20918 4.02336 4.66716 3.86966 5.43645 3.83391 5.60772 9.51239 8.20492 4.36431 3.67471 3.51099 3.42762 3.38697 3.37453 3.84487 3.33866 3.33693 6.29587 3.32687
threshold=1.0000000180025095e-35 1.0000000180025095e-35 1.0000000180025095e-35 1.0000000180025095e-35 7.9493498802185067 1.0000000180025095e-35 1.0000000180025095e-35 1.0000000180025095e-35 1.0000000180025095e-35 1.0000000180025095e-35 1.0000000180025095e-35 1.0000000180025095e-35 1.0000000180025095e-35 1.0000000180025095e-35 1.0000000180025095e-35 1.0000000180025095e-35 7.8836412429809579 1.0000000180025095e-35 1.0000000180025095e-35 1.0000000180025095e-35 1.0000000180025095e-35 1.0000000180025095e-35 1.0000000180025095e-35 1.0000000180025095e-35 11.377138614654543 1.0000000180025095e-35 1.0000000180025095e-35 1.0000000180025095e-35 13.030800819396974 14.405201911926271
decision_type=2 2 2 2 2 2 2 2 2 2 2 2 2 2 2 2 2 2 2 2 2 2 2 2 2 2 2 2 2 2
left_child=1 7 15 4 26 6 20 8 9 13 -7 12 -9 -1 22 16 18 -18 -3 27 24 -12 -15 -5 25 -6 -2 28 -19 -22
right_child=3 2 -4 23 5 10 -8 11 -10 -11 21 -13 -14 14 -16 -17 17 19 -20 -21 29 -23 -24 -25 -26 -27 -28 -29 -30 -31
leaf_value=0.012992330838769446 -0.0046286430262312949 0.09591597273567852 -0.098610353141070611 -0.018681969025727781 0.080489214637218406 0.024381837114718124 -0.02342577905128064 0.010571425636387004 -0.099754216046966257 0.070260515117795366 0.0018374810502306506 -0.047501400672027932 -0.062868584086626655 0.096452837980294859 -0.087197545276886501 -0.056331031871440465 -0.079991971790859928 -0.01944686282496641 -0.048728153770293416 -0.076540559812284178 0.050022201690591683 -0.089018894234752843 -0.041922350733849839 0.015428349225406722 0.10052933747484405 -0.021422153355991753 0.050062231036269146 -0.020920094647738807 0.16331853600890739 -0.019154641314364087
leaf_weight=93.338193453848362 90.941048607230186 9.6584642082452792 10.024680335074661 73.937373761087656 9.3544284701347333 41.215458936989307 9.7834708392620069 42.728991325944662 4.412180569022893 11.694599930196999 10.858812779188158 36.073575772345066 10.850916147232054 3.5856118202209482 9.8249271437525749 30.007269121706486 19.589542157948017 3.1089307181537134 6.6025710850954047 3.2833546325564376 26.321786142885685 6.9918263778090468 3.5747765861451626 48.012995854020119 23.035606496036053 6.1265846341848365 12.723704807460306 3.9821419641375542 4.7869077660143375 9.4472814351320249
leaf_count=701 469 123 155 469 48 201 54 346 39 81 63 308 82 25 72 409 272 34 96 58 120 41 32 238 148 34 62 38 39 49
internal_value=-0.00065559 -0.0138868 -0.0357465 0.0103646 0.0180813 0.0296672 0.0457239 -0.00467659 0.0073834 0.0112575 0.00681367 -0.0216837 -0.00430153 0.00500302 -0.0389001 -0.0279682 -0.0112841 -0.0339643 0.0371852 0.0255067 0.0548309 -0.0337496 0.0273699 -0.00525242 0.0762642 0.040158 0.00208406 0.0537149 0.0913559 0.0317513
internal_weight=675.878 307.128 91.0439 368.75 246.8 143.135 84.0692 216.084 126.43 122.018 59.0661 89.6535 53.5799 110.324 16.9853 81.0192 51.0119 34.7509 16.261 15.1613 74.2857 17.8506 7.16039 121.95 38.5166 15.481 103.665 11.878 7.89584 35.7691
internal_count=4906 2910 1224 1996 1289 758 453 1686 950 911 305 736 428 830 129 1069 660 441 219 169 399 104 57 707 230 82 531 111 73 169
is_linear=0
shrinkage=0.1


Tree=24
num_leaves=31
num_cat=0
split_feature=12 14 267 0 227 6 0 6 16 11 100 52 108 13 151 0 15 10 8 42 63 26 0 7 105 68 1 16 0 1
split_gain=8.89462 5.82277 6.87575 5.66849 5.52518 4.68739 4.32349 5.51847 5.18763 4.6688 4.28303 4.01248 3.56412 5.33018 3.54577 5.85097 3.723 6.05543 5.68627 5.26891 3.84816 3.522 6.71154 3.98281 5.38421 4.53025 6.14984 5.92731 3.8503 6.55332
threshold=1.0000000180025095e-35 1.0000000180025095e-35 1.0000000180025095e-35 14.47091054916382 1.0000000180025095e-35 1.0000000180025095e-35 15.924708843231203 1.0000000180025095e-35 1.0000000180025095e-35 1.0000000180025095e-35 1.0000000180025095e-35 1.0000000180025095e-35 1.0000000180025095e-35 1.0000000180025095e-35 1.0000000180025095e-35 10.843257904052736 1.0000000180025095e-35 1.0000000180025095e-35 1.0000000180025095e-35 1.0000000180025095e-35 1.0000000180025095e-35 1.0000000180025095e-35 13.030800819396974 1.0000000180025095e-35 1.0000000180025095e-35 1.0000000180025095e-35 -0.48695717751979822 1.0000000180025095e-35 7.5277206897735605 -0.12905924022197721
decision_type=2 2 2 2 2 2 2 2 2 2 2 2 2 2 2 2 2 2 2 2 2 2 2 2 2 2 2 2 2 2
left_child=1 2 4 12 6 11 14 9 -9 -8 -3 -5 21 -14 16 -16 20 19 -19 -18 -1 23 28 24 -2 26 -25 -28 -23 -30
right_child=3 10 -4 5 -6 -7 7 8 -10 -11 -12 -13 13 -15 15 -17 17 18 -20 -21 -22 22 -24 25 -26 -27 27 -29 29 -31
leaf_value=0.016979193227644209 -0.061991687894158265 -0.0091152279643952235 0.15419494126724664 0.064526075118729639 0.13056861823852781 -0.10023442780046594 0.032422053616442244 -0.053854455460289913 0.065706856721204715 0.13774906132738482 0.077303020392271007 -0.047781930229023099 -0.026723159139762351 0.098485742330590417 -0.11882670043929529 0.060009373947684519 0.031822993900925724 -0.072706506174425575 0.017314848666688764 -0.043590282278016979 0.1066166073374174 -0.013504086211465814 -0.095358019277634085 0.086441006670197357 0.10029091229834462 0.10334562637881879 -0.11303210868791463 0.012619799076145341 0.16178957847613962 0.015701655771524076
leaf_weight=140.55719641968608 36.879786022007465 185.17243963852525 3.5679244026541701 4.0482297465205201 4.0381177179515353 13.895666591823099 8.1895055584609509 7.6998100653290766 6.8641626983880997 8.6574490144848824 5.9183986671268931 14.853276874870062 6.5453151464462263 7.0750485397875309 5.2903873510658723 2.7964710965752602 39.959030020982027 20.244466409087181 10.738855540752413 12.060906067490576 4.958271548151969 50.38101164624095 7.2664764635264865 4.2645151577889964 2.1644443050026885 3.5528293140232554 7.4404624029994011 7.5776728317141533 3.3695630617439738 34.616609010845423
leaf_count=789 362 1231 20 38 26 162 50 48 32 53 37 162 70 48 38 17 278 158 97 82 27 466 74 36 19 28 94 39 27 298
internal_value=-0.000636752 0.00697587 0.0162763 -0.0180589 0.0144675 -0.0561428 0.0127183 0.0475767 0.00249612 0.0865483 -0.00643871 -0.0237284 -0.0107602 0.0383162 0.00809056 -0.0569844 0.0103934 -0.00650679 -0.041505 0.0143383 0.0200335 -0.0150039 -0.00297561 -0.0335934 -0.0529954 -0.000419702 -0.0195385 -0.0496322 0.00462105 0.0286604
internal_weight=670.644 466.713 275.623 203.931 272.055 32.7972 268.017 31.4109 14.564 16.847 191.091 18.9015 171.134 13.6204 236.606 8.08686 228.519 83.0033 30.9833 52.0199 145.515 157.513 95.6337 61.8797 39.0442 22.8355 19.2827 15.0181 88.3672 37.9862
internal_count=4906 2983 1715 1923 1695 362 1669 183 80 103 1268 200 1561 118 1486 55 1431 615 255 360 816 1443 865 578 381 197 169 133 791 325
is_linear=0
shrinkage=0.1


Tree=25
num_leaves=31
num_cat=0
split_feature=16 13 11 21 102 0 1 10 13 108 178 0 83 98 81 60 8 74 61 7 0 8 0 73 6 0 1 60 81 9
split_gain=8.05057 5.75131 4.27341 4.6741 4.55026 4.4202 6.70738 4.75068 4.19793 4.18762 3.72136 3.46678 6.06931 5.89922 5.2654 5.41704 4.07183 3.85142 3.83801 3.79103 4.35391 3.7787 4.00561 3.97404 3.3903 7.51535 5.7339 4.01509 6.00707 4.00667
threshold=1.0000000180025095e-35 1.0000000180025095e-35 1.0000000180025095e-35 1.0000000180025095e-35 1.0000000180025095e-35 3.6783025264739995 -0.6200471520423888 1.0000000180025095e-35 1.0000000180025095e-35 1.0000000180025095e-35 1.0000000180025095e-35 11.824777603149416 1.0000000180025095e-35 1.0000000180025095e-35 1.0000000180025095e-35 1.0000000180025095e-35 1.0000000180025095e-35 1.0000000180025095e-35 1.0000000180025095e-35 1.0000000180025095e-35 13.726214885711672 1.0000000180025095e-35 13.030800819396974 1.0000000180025095e-35 1.0000000180025095e-35 3.5414099693298344 -0.51387938857078541 1.0000000180025095e-35 1.0000000180025095e-35 1.0000000180025095e-35
decision_type=2 2 2 2 2 2 2 2 2 2 2 2 2 2 2 2 2 2 2 2 2 2 2 2 2 2 2 2 2 2
left_child=1 2 4 -4 5 6 7 -1 10 11 24 13 19 14 17 -16 -17 18 -10 21 -21 22 -13 -24 27 -26 -27 28 29 -2
right_child=8 -3 3 -5 -6 -7 -8 -9 9 -11 -12 12 -14 -15 15 16 -18 -19 -20 20 -22 -23 23 -25 25 26 -28 -29 -30 -31
leaf_value=-0.10854644814643605 0.032155204401399955 -6.9138312012620901e-05 0.00029814838803303499 -0.078193412030586246 0.0489274613937919 -0.061592874798365976 0.20092936592303731 0.067176121331593744 0.039005325069191667 0.079762561715357352 0.087254218286844543 0.10287908063081073 0.12186348696323029 -0.078184587706860265 -0.044723684098061461 0.077028111271290473 -0.026765169709660638 -0.01156905426890377 0.13140407496645809 -0.010863010580054002 0.10675654432772563 -0.042992230262045808 0.04892682035776405 -0.056692907029129574 -0.11894927983282788 0.1033975550571069 -0.015138818192893184 -0.0053844623362736752 0.069005220522046606 -0.051957093188467265
leaf_weight=3.3782844319939613 13.3541354611516 164.1432883143425 58.779096383601427 8.7110337689518911 4.795257255434989 57.45549776032567 1.603306047618388 2.8250869736075401 27.656857617199421 11.549353182315825 4.791627310216426 5.4942036792635944 7.3639771640300742 7.7244833558797827 23.065663419663906 8.6924256160855276 6.6875243037939063 12.280308313667772 5.3679909557104102 4.7562010288238517 9.3028528839349729 10.913500033318998 8.1186952590942365 6.3477094992995253 6.6960153728723517 4.3221074864268294 73.097235221415758 75.109792333096266 22.510471612215042 9.8333849981427193
leaf_count=52 88 1222 641 95 57 784 20 39 133 58 26 25 37 36 116 47 31 58 25 23 53 55 43 34 53 27 390 443 131 64
internal_value=-0.000621059 -0.0127083 -0.0277913 -0.00983285 -0.0450916 -0.0519998 0.0186032 -0.0285204 0.00936863 0.0218295 0.000139705 0.0171757 0.0377127 0.00543448 0.0131468 -0.0140722 0.0318966 0.0362446 0.0540242 0.0239215 0.0669657 0.0043206 0.030189 0.00258197 -0.00189726 -0.0173119 -0.00852126 0.00883557 0.0322078 -0.00351522
internal_weight=666.727 301.691 137.548 67.4901 70.0574 65.2622 7.80668 6.20337 365.037 155.322 209.715 143.772 52.2971 91.4753 83.7508 38.4456 15.3799 45.3052 33.0248 44.9332 14.0591 30.8741 19.9606 14.4664 204.923 84.1154 77.4193 120.808 45.698 23.1875
internal_count=4906 2910 1688 736 952 895 111 91 1996 774 1222 716 270 446 410 194 78 216 158 233 76 157 102 77 1196 470 417 726 283 152
is_linear=0
shrinkage=0.1


Tree=26
num_leaves=31
num_cat=0
split_feature=15 12 0 6 12 0 0 0 14 0 151 26 138 86 54 8 0 26 0 100 0 16 11 83 9 10 13 14 6 95
split_gain=7.89088 4.95827 5.09163 7.26703 4.50547 4.4642 6.09126 4.12651 4.69003 4.11238 3.87147 3.50262 3.48441 3.30433 3.95537 3.23875 3.23191 3.26287 3.16911 3.05283 3.03742 5.08929 3.56816 2.99332 3.88496 5.25651 3.69966 3.59685 4.73954 4.12332
threshold=1.0000000180025095e-35 1.0000000180025095e-35 11.296372413635256 1.0000000180025095e-35 1.0000000180025095e-35 13.550992488861086 14.47091054916382 16.425735473632816 1.0000000180025095e-35 15.585215568542482 1.0000000180025095e-35 1.0000000180025095e-35 1.0000000180025095e-35 1.0000000180025095e-35 1.0000000180025095e-35 1.0000000180025095e-35 17.100615501403812 1.0000000180025095e-35 10.658453464508058 1.0000000180025095e-35 12.34633779525757 1.0000000180025095e-35 1.0000000180025095e-35 1.0000000180025095e-35 1.0000000180025095e-35 1.0000000180025095e-35 1.0000000180025095e-35 1.0000000180025095e-35 1.0000000180025095e-35 1.0000000180025095e-35
decision_type=2 2 2 2 2 2 2 2 2 2 2 2 2 2 2 2 2 2 2 2 2 2 2 2 2 2 2 2 2 2
left_child=1 2 10 7 13 -5 -7 8 -4 11 12 -8 19 -2 -15 16 17 -11 -6 -1 -10 22 -22 27 -25 26 -26 29 -29 -3
right_child=4 23 3 5 18 6 9 -9 20 15 -12 -13 -14 14 -16 -17 -18 -19 -20 -21 21 -23 -24 24 25 -27 -28 28 -30 -31
leaf_value=-0.0012107599228140295 -0.0044773432105010514 -0.010392754560430529 0.070728107361460138 0.042906270074381012 -0.022568428916113385 -0.082200952760423079 0.0010321413801784049 0.10698970229299852 -0.068111086397836335 -0.074536747190135852 -0.069349993200556764 0.11739765907117122 0.046472568813569794 -0.12722627816940393 -0.011598663040682093 -0.081244117021802065 0.082600521687752296 0.041777294765910397 -0.074821851704708481 0.077587113635487162 -0.069734219031781591 0.080614635078397834 0.043709646540939735 -0.01083595416415121 0.038723619597686144 -0.024367480240336387 0.18716170027204074 -0.014773512270088655 -0.084360868706031211 0.056139226415347777
leaf_weight=149.31361654773355 147.11383258551359 71.049304474145174 26.266699634492397 20.61696283519268 28.993592828512192 9.9481417648494226 5.1813913360238093 11.786235727369784 4.1420294977724579 5.4983363077044505 7.0217884145677081 5.1653966382145882 19.279575124382973 4.9765669815242273 7.2953891530632973 5.8340024240314952 4.0595263615250579 4.2962725125253201 19.354687336832285 5.0841201245784751 6.2585564292967319 9.2714461088180542 4.9777255579829216 13.916358228772879 2.9907690361142159 3.8277618251740932 3.8284588940441608 30.900060281157494 14.325055096298454 10.720620136708019
leaf_count=878 1129 549 162 109 398 53 26 75 24 27 43 25 106 42 63 32 20 22 299 33 34 53 27 116 27 36 24 269 133 72
internal_value=-0.000594992 0.00677031 0.0141365 0.0298034 -0.0167471 0.00510895 -0.0143809 0.0536697 0.0413271 0.00808234 0.003446 0.059125 0.00638915 -0.00863594 -0.0584884 -0.0187423 0.00757734 -0.0235172 -0.0434864 0.00138395 0.00999747 0.0257734 -0.0194781 -0.00800512 0.0239497 0.0694169 0.12206 -0.0141858 -0.0368153 -0.00166994
internal_weight=663.294 455.56 304.002 123.303 207.734 60.6 39.9831 62.7027 50.9165 30.0349 180.699 10.3468 173.677 159.386 12.272 19.6881 13.8541 9.79461 48.3483 154.398 24.6498 20.5077 11.2363 151.558 24.5633 10.647 6.81923 126.995 45.2251 81.7699
internal_count=4906 2975 1749 689 1931 314 205 375 300 152 1060 51 1017 1234 105 101 69 49 697 911 138 114 61 1226 203 87 51 1023 402 621
is_linear=0
shrinkage=0.1


Tree=27
num_leaves=31
num_cat=0
split_feature=7 11 0 1 11 12 96 0 1 67 15 82 42 0 13 1 84 16 13 140 21 126 6 100 0 16 0 133 0 12
split_gain=7.2674 7.1073 5.38286 5.43178 5.15841 5.47188 5.34687 4.7044 6.67218 7.21918 6.73065 4.54795 5.52442 4.94188 4.49344 4.4105 5.37708 4.69186 4.19658 5.43068 5.3693 4.12523 4.087 4.41406 3.9711 3.95947 3.8169 3.67461 5.22583 3.65851
threshold=1.0000000180025095e-35 1.0000000180025095e-35 9.2238192558288592 -0.011027454398572443 1.0000000180025095e-35 1.0000000180025095e-35 1.0000000180025095e-35 13.211498737335207 -0.46003498136997217 1.0000000180025095e-35 1.0000000180025095e-35 1.0000000180025095e-35 1.0000000180025095e-35 12.699520587921144 1.0000000180025095e-35 0.15917559713125232 1.0000000180025095e-35 1.0000000180025095e-35 1.0000000180025095e-35 1.0000000180025095e-35 1.0000000180025095e-35 1.0000000180025095e-35 1.0000000180025095e-35 1.0000000180025095e-35 8.6036963462829608 1.0000000180025095e-35 11.824777603149416 1.0000000180025095e-35 7.9493498802185067 1.0000000180025095e-35
decision_type=2 2 2 2 2 2 2 2 2 2 2 2 2 2 2 2 2 2 2 2 2 2 2 2 2 2 2 2 2 2
left_child=1 7 3 24 5 14 -7 8 9 -1 18 12 29 -14 -4 16 17 -12 -10 20 26 22 23 -3 -2 27 -20 28 -24 -6
right_child=2 21 4 -5 11 6 -8 -9 10 -11 15 -13 13 -15 -16 -17 -18 -19 19 -21 -22 -23 25 -25 -26 -27 -28 -29 -30 -31
leaf_value=0.021320712578041499 -0.0027862850603338676 0.016963382435509902 0.00018792104455702205 -0.10898156984532066 0.082584834572969334 -0.053288054162625588 0.067269868243746894 -0.046565629954604601 -0.0092805613978012829 -0.073025689769456489 -0.085514320921672729 0.11103213228705032 -0.055954826207179002 0.041832583445684635 0.052933568633369545 -0.083927673574556411 0.11862901804961766 0.0079448812807926816 0.017414909506239511 -0.067445305829530733 0.14341181640461351 -0.090331409410820018 0.052729399491523922 0.13360209081183635 0.090262341143699687 0.013819194936549713 0.10134810978616743 -0.11696749629026226 -0.048542473610293131 -0.0066862080635229975
leaf_weight=11.12047369033098 118.39772057905793 98.424425881356001 34.569968551397324 4.67651393264532 22.493221953511242 19.747624780982736 4.5210462696850291 55.596443653106689 36.387152660638094 29.961879257112741 8.6731260977685487 9.5449142381548864 9.6448975093662757 11.134012497961519 30.314095243811607 12.515270456671713 2.8252494260668746 14.110947877168655 27.11558935046196 4.4888300448656073 5.1898310258984557 4.3361401781439772 6.8918232768774095 3.3551426529884329 4.7714394740760318 30.541835188865662 6.7709758765995494 4.8340313881635657 19.547937572002411 5.7679410465061656
leaf_count=97 875 723 222 29 129 190 36 457 293 263 137 56 61 70 162 138 22 91 144 22 29 31 64 22 29 166 36 55 206 51
internal_value=-0.000555962 -0.00947241 0.0118258 -0.00319809 0.0248268 0.00967943 -0.0308291 -0.0215234 -0.0127759 -0.0474873 -0.000698757 0.0478776 0.0355856 -0.00355717 0.0248309 -0.0352735 -0.0114962 -0.0276319 0.0157879 0.0367259 0.0486924 0.0059388 0.00849047 0.0208084 0.000818318 -0.0117909 0.0341859 -0.0368017 -0.0221448 0.0643651
internal_weight=658.271 382.687 275.583 127.846 147.738 89.1527 24.2687 214.756 159.159 41.0824 118.077 58.585 49.0401 20.7789 64.8841 38.1246 25.6093 22.7841 79.9524 43.5652 39.0764 167.931 163.595 101.78 123.169 61.8156 33.8866 31.2738 26.4398 28.2612
internal_count=4906 2996 1910 933 977 610 226 1729 1272 360 912 367 311 131 384 388 250 228 524 231 209 1267 1236 745 904 491 180 325 270 180
is_linear=0
shrinkage=0.1


Tree=28
num_leaves=31
num_cat=0
split_feature=16 13 113 0 11 0 61 10 0 0 0 108 7 82 13 108 84 24 67 14 102 68 108 15 140 0 134 88 0 0
split_gain=6.47812 4.59302 3.46667 5.59855 3.62569 3.5144 5.94433 4.04658 3.36325 4.68265 4.5303 4.89423 3.56197 5.12902 3.21574 3.34502 3.16401 3.3373 3.09391 3.04955 2.96467 4.44111 2.87945 6.24057 3.46505 4.75275 3.38477 3.83453 3.85072 7.45641
threshold=1.0000000180025095e-35 1.0000000180025095e-35 1.0000000180025095e-35 10.380561351776125 1.0000000180025095e-35 3.6783025264739995 1.0000000180025095e-35 1.0000000180025095e-35 3.2429842948913579 4.7556469440460214 7.2840518951416025 1.0000000180025095e-35 1.0000000180025095e-35 1.0000000180025095e-35 1.0000000180025095e-35 1.0000000180025095e-35 1.0000000180025095e-35 1.0000000180025095e-35 1.0000000180025095e-35 1.0000000180025095e-35 1.0000000180025095e-35 1.0000000180025095e-35 1.0000000180025095e-35 1.0000000180025095e-35 1.0000000180025095e-35 8.0082135200500506 1.0000000180025095e-35 1.0000000180025095e-35 17.548254966735843 17.041751861572269
decision_type=2 2 2 2 2 2 2 2 2 2 2 2 2 2 2 2 2 2 2 2 2 2 2 2 2 2 2 2 2 2
left_child=1 2 4 -4 5 6 7 -1 -6 -10 -11 12 19 -14 -2 16 17 -16 -18 -12 -7 -22 24 -24 26 -26 27 28 29 -3
right_child=14 22 3 -5 8 20 -8 -9 9 10 11 -13 13 -15 15 -17 18 -19 -20 -21 21 -23 23 -25 25 -27 -28 -29 -30 -31
leaf_value=-0.1076197549199468 0.00034072246325978932 -0.00011366219004815278 0.14494576033167167 -0.04132861707229521 -0.10994839730831718 -0.061738481473254975 0.18256041725707456 0.053339877693622507 0.06328898413670063 -0.084858790745632157 0.0033235133500521107 -0.11356159207526016 0.013257364419219559 0.15150479113063411 0.085859807394663951 0.071720748257359329 -0.10090344541854218 0.015834775749404742 0.0060123165260863361 -0.078730049033528759 -0.067554846011298339 0.14204198558430467 0.084608204893350858 -0.06629782469975469 0.052697808703508854 -0.09831184733909995 -0.043028169957650832 0.10119375659849572 -0.11383279624903982 0.12749152123449811
leaf_weight=3.1934279575943938 206.852344263345 109.47214382141829 3.0368870347738257 3.4425074644386768 3.331738118082284 50.580458911135793 1.688577741384506 3.057158000767231 8.2406314089894277 8.4480813778936845 14.232878968119623 3.7769661024212828 15.404148619621994 3.2497680261731139 7.2057086899876586 11.343808576464651 4.4016021788120252 122.67886408418417 7.0285385474562645 6.6436519362032405 2.2448095753788939 1.8392014652490614 10.041870046406983 3.7689009271562091 2.8212899602949602 7.9772514477372169 16.149936370551586 4.0646254718303672 2.7828140445053569 4.7791526205837718
leaf_count=55 1222 821 31 37 46 754 17 42 79 132 152 40 129 27 36 58 23 621 36 99 33 15 60 40 24 58 137 28 22 32
internal_value=-0.000540298 -0.0115428 -0.0253556 0.045978 -0.0290259 -0.0460916 0.0160798 -0.0288945 -0.0121553 -0.00672459 -0.0178723 -0.0048051 0.00558612 0.037342 0.00846556 0.0194747 0.0152807 0.0197196 -0.0351596 -0.0227888 -0.0551211 0.0268354 -0.000243005 0.0434266 -0.00431678 -0.0588582 -2.55332e-05 0.00570937 0.00239317 0.00522409
internal_weight=653.78 294.269 132.411 6.47939 125.931 62.6036 7.93916 6.25059 63.3279 59.9961 51.7555 43.3074 39.5304 18.6539 359.511 152.659 141.315 129.885 11.4301 20.8765 54.6645 4.08401 161.858 13.8108 148.047 10.7985 137.249 121.099 117.034 114.251
internal_count=4906 2910 1688 68 1620 916 114 97 704 658 579 447 407 156 1996 774 716 657 59 251 802 48 1222 100 1122 82 1040 903 875 853
is_linear=0
shrinkage=0.1


Tree=29
num_leaves=31
num_cat=0
split_feature=15 107 12 1 12 232 0 9 0 126 26 7 0 81 7 9 1 11 0 0 1 8 6 81 86 54 8 6 16 82
split_gain=6.04033 3.90675 3.93223 4.08285 3.45996 3.03193 3.20324 3.68553 2.84651 5.3959 4.32172 3.72453 5.58089 3.7231 6.97579 3.07582 3.01827 2.99961 2.8136 2.69798 6.75202 3.28594 2.89452 3.48153 2.6605 3.70713 2.63463 2.51916 2.34903 3.67519
threshold=1.0000000180025095e-35 1.0000000180025095e-35 1.0000000180025095e-35 0.90113317966461193 1.0000000180025095e-35 1.0000000180025095e-35 5.405886411666871 1.0000000180025095e-35 13.030800819396974 1.0000000180025095e-35 1.0000000180025095e-35 1.0000000180025095e-35 11.23477077484131 1.0000000180025095e-35 1.0000000180025095e-35 1.0000000180025095e-35 -0.74309831857681263 1.0000000180025095e-35 10.658453464508058 3.0266940593719487 -0.62780439853668202 1.0000000180025095e-35 1.0000000180025095e-35 1.0000000180025095e-35 1.0000000180025095e-35 1.0000000180025095e-35 1.0000000180025095e-35 1.0000000180025095e-35 1.0000000180025095e-35 1.0000000180025095e-35
decision_type=2 2 2 2 2 2 2 2 2 2 2 2 2 2 2 2 2 2 2 2 2 2 2 2 2 2 2 2 2 2
left_child=1 2 3 5 24 6 7 19 9 10 11 12 -4 -10 17 -14 -12 -15 -6 21 -21 -1 23 -22 -2 -26 -13 -5 29 -8
right_child=4 -3 8 27 18 -7 28 -9 13 -11 16 26 15 14 -16 -17 -18 -19 -20 20 22 -23 -24 -25 25 -27 -28 -29 -30 -31
leaf_value=-0.080768550107426382 -0.0041336627490559394 0.10344305297305148 -0.073196564982268494 0.11301994383195431 -0.019441945121064733 0.094974734156206275 0.011337581504874237 -0.041365501357381401 -0.05705363771065846 -0.12218248190246278 -0.084230356393281525 0.044542800793316441 -0.023058010809143371 -0.10109390074379621 0.12023698052268135 0.11508418133679693 0.023008957964538005 0.040221158288075681 -0.0704694605499913 0.15699814212222982 -0.076719502260536129 0.03891324128651865 0.043154900694417513 0.038992793225394944 -0.12437717956641037 -0.0086933028076777025 -0.038329586022444143 0.023097793455877647 0.023620734975927597 -0.03786244034577238
leaf_weight=6.0884218588471395 145.1878103017807 4.0721822269260874 19.153303232043985 6.1804988309741002 28.030242342501879 4.0634799525141707 89.257006037980318 25.478547919541597 22.541241940110922 3.5513856783509246 2.7345711030066004 10.713755898177626 3.9782581180334082 4.0554666370153409 3.9349482767283916 2.7095701918005943 65.216308388859034 2.3856670185923576 17.584627145901322 3.4121091812849036 6.5339689329266584 3.681025005877018 10.399753015488386 4.318989671766758 4.5414254963397962 7.1019808985292912 5.9759405739605418 6.2821772620081902 112.87961918115616 18.294649343937635
leaf_count=40 1129 25 170 42 398 21 554 177 219 24 24 73 31 45 32 22 501 21 299 21 38 29 65 23 42 63 50 34 582 112
internal_value=-0.000537704 0.0059416 0.00504699 0.0116694 -0.0148725 0.00921453 0.00797147 -0.0125319 -0.0083317 -0.000854001 0.00304605 -0.0219533 -0.0457355 -0.0342361 0.0153331 0.0329102 0.0186933 -0.0487536 -0.0391132 0.00880255 0.0264191 -0.0356737 0.00545469 -0.0306712 -0.00782208 -0.053815 0.0148694 0.067692 0.0135443 0.00296861
internal_weight=650.339 447.893 443.821 296.87 202.446 284.408 280.344 59.9128 146.95 114.033 110.482 42.5308 25.8411 32.9173 10.3761 6.68783 67.9509 6.44113 45.6149 34.4343 24.6648 9.76945 21.2527 10.853 156.831 11.6434 16.6897 12.4627 220.431 107.552
internal_count=4906 2975 2950 1738 1931 1662 1641 393 1212 895 871 346 223 317 98 53 525 66 697 216 147 69 126 61 1234 105 123 76 1248 666
is_linear=0
shrinkage=0.1


Tree=30
num_leaves=31
num_cat=0
split_feature=7 11 0 1 88 0 1 67 15 52 6 12 15 63 11 81 13 0 84 6 16 14 0 44 0 61 101 54 61 26
split_gain=5.49587 5.73433 4.28904 4.64305 3.94405 4.30941 5.7867 4.71129 3.89441 3.86318 3.8506 6.66177 5.71543 4.56541 5.72809 4.11811 6.69947 3.95733 3.55986 3.45302 3.4494 3.94319 3.37246 3.3453 3.33504 3.28944 3.93348 3.23218 5.31196 3.20259
threshold=1.0000000180025095e-35 1.0000000180025095e-35 9.2238192558288592 -0.011027454398572443 1.0000000180025095e-35 12.921286582946779 -0.46003498136997217 1.0000000180025095e-35 1.0000000180025095e-35 1.0000000180025095e-35 1.0000000180025095e-35 1.0000000180025095e-35 1.0000000180025095e-35 1.0000000180025095e-35 1.0000000180025095e-35 1.0000000180025095e-35 1.0000000180025095e-35 15.305954456329347 1.0000000180025095e-35 1.0000000180025095e-35 1.0000000180025095e-35 1.0000000180025095e-35 14.054756641387941 1.0000000180025095e-35 14.917180061340334 1.0000000180025095e-35 1.0000000180025095e-35 1.0000000180025095e-35 1.0000000180025095e-35 1.0000000180025095e-35
decision_type=2 2 2 2 2 2 2 2 2 2 2 2 2 2 2 2 2 2 2 2 2 2 2 2 2 2 2 2 2 2
left_child=1 4 3 -2 5 6 7 -1 -8 -7 12 24 22 14 15 16 -14 -16 20 23 -10 -22 -4 -3 27 26 -25 -12 -29 -27
right_child=2 19 10 -5 -6 9 8 -9 18 -11 11 -13 13 -15 17 -17 -18 -19 -20 -21 21 -23 -24 25 -26 29 -28 28 -30 -31
leaf_value=0.010452283708519385 0.00053688687201525588 0.11398210925971804 0.035885153472941404 -0.10295134172110565 0.045104207717574486 0.010796844997329219 0.011961212301692996 -0.067939345895521613 -0.087812205528115028 -0.058063911500796421 0.077023632480178156 -0.065778648550817401 -0.072773441162417782 0.12792112714723744 -0.0047582299570651174 -0.12268251456352613 0.0776934230539887 0.12360622046432962 0.06378825962387695 -0.013135315096600396 -0.044105047250507692 0.057954547613617173 0.087328553579743395 0.0047390292757991904 -0.019029436979439877 0.0058868015349828051 -0.11855428415359515 -0.045284842839348548 0.056263027229797528 0.064713805853313572
leaf_weight=10.576894003897904 122.4501839838922 3.4168139845132819 33.925095323473215 4.4944437332451335 9.0611277483403665 9.897157980129121 72.205171976238489 27.862146351486444 10.282776961103083 46.073217252269387 12.473245210945604 11.470298266038297 7.7106616254896014 2.5796825513243666 5.6474876254796964 4.9627596028149119 4.8019028715789318 4.1787134408950806 3.6315405257046214 62.15164890140295 13.673153862357141 5.2350597605109206 20.410293016582727 60.326619723811746 15.809783283621071 17.515054076910019 2.703568633645772 9.0093151964247227 12.029180414974689 19.62206644564867
leaf_count=94 904 28 218 29 64 83 479 259 193 400 70 115 68 19 49 36 30 26 31 504 93 33 149 457 84 125 16 49 64 137
internal_value=-0.000523341 -0.008385 0.0102951 -0.00312709 -0.0194214 -0.022353 -0.0131716 -0.0463691 -0.00102165 -0.0458874 0.0220452 0.00286544 0.0358902 0.00076101 -0.0112542 -0.0456014 -0.0150293 0.0498303 -0.0295822 0.00549894 -0.0411981 -0.0158481 0.0552091 0.0166797 0.0188294 0.0133606 -0.00054942 0.03669 0.0127772 0.0369691
internal_weight=646.187 374.234 271.953 126.945 208.498 199.437 143.467 38.439 105.028 55.9704 145.008 60.7918 84.2166 29.8812 27.3015 17.4753 12.5126 9.8262 32.8225 165.736 29.191 18.9082 54.3354 103.584 49.3215 100.167 63.0302 33.5117 21.0385 37.1371
internal_count=4906 2996 1910 933 1729 1665 1182 353 829 483 977 382 595 228 209 134 98 75 350 1267 319 126 367 763 267 735 473 183 113 262
is_linear=0
shrinkage=0.1


Tree=31
num_leaves=31
num_cat=0
split_feature=14 262 107 13 12 102 153 52 5 103 104 19 20 53 139 24 11 0 61 54 97 78 99 0 6 8 82 7 16 0
split_gain=5.50076 7.41864 4.32015 4.26126 4.98571 4.97906 4.16898 4.12517 4.09202 3.29633 3.20296 3.10234 3.01878 2.94672 4.34579 3.82171 3.64395 4.86932 3.65153 3.20052 3.19626 2.9408 2.63455 2.57785 5.75535 6.96566 6.89633 4.80652 3.38514 4.76683
threshold=1.0000000180025095e-35 1.0000000180025095e-35 1.0000000180025095e-35 1.0000000180025095e-35 1.0000000180025095e-35 1.0000000180025095e-35 1.0000000180025095e-35 1.0000000180025095e-35 1.0000000180025095e-35 1.0000000180025095e-35 1.0000000180025095e-35 1.0000000180025095e-35 1.0000000180025095e-35 1.0000000180025095e-35 1.0000000180025095e-35 1.0000000180025095e-35 1.0000000180025095e-35 15.924708843231203 1.0000000180025095e-35 1.0000000180025095e-35 1.0000000180025095e-35 1.0000000180025095e-35 1.0000000180025095e-35 6.566735267639161 1.0000000180025095e-35 1.0000000180025095e-35 1.0000000180025095e-35 1.0000000180025095e-35 1.0000000180025095e-35 14.800821304321291
decision_type=2 2 2 2 2 2 2 2 2 2 2 2 2 2 2 2 2 2 2 2 2 2 2 2 2 2 2 2 2 2
left_child=2 6 3 4 11 7 9 8 21 12 23 13 -2 14 15 -1 -15 18 19 -18 22 -6 -17 -5 -25 26 28 -27 -26 -30
right_child=1 -3 -4 10 5 -7 -8 -9 -10 -11 -12 -13 -14 16 -16 20 17 -19 -20 -21 -22 -23 -24 24 25 27 -28 -29 29 -31
leaf_value=-0.077419396471587063 -0.018883371506416669 0.11358804548793933 0.11065710583495887 0.001423829470806803 0.012269839825907297 0.080018107254306151 0.087776078997045454 -0.083792270388569734 -0.059994884398414494 0.075040619256627084 -0.05770757878768034 -0.074107671825869942 0.083454214121697165 0.0001673638730970899 -0.061933431344294812 -0.00022107756168862798 0.051722964556936139 0.15316150285119082 0.098974982466792483 -0.073380551247693326 0.07290231445384153 -0.11510596509996668 0.064539834336744289 0.045124403859833878 0.016963572253299357 -0.070639787018869138 -0.086191941120436932 0.029521283075115923 0.12637426029346854 -0.0033791011674528752
leaf_weight=5.0096991024911395 234.55365454778075 4.6092016641050568 3.9704430643469086 59.409001924097538 25.221657706424597 3.9749587420374146 3.9243717193603507 13.610081268474458 16.519031386822462 3.9017913881689301 5.6632125936448565 4.6462677530944338 2.918310970067977 16.678722091019154 10.139526747167109 65.373944453895092 4.3337181620299834 4.6506986469030371 5.3334995657205573 3.8720304295420647 7.9237983413040629 1.9529003426432598 6.9495168291032305 72.582853961735964 14.626610584557056 15.793704327195885 4.2753773331642142 6.8773359656333914 9.245356619358061 4.0811779722571382
leaf_count=34 1861 33 24 394 267 44 32 192 196 22 39 29 24 120 74 478 26 27 36 24 50 27 45 470 104 99 26 40 45 24
internal_value=-0.000505736 -0.0121037 0.00687473 0.00581475 -0.00455755 -0.028211 -0.0144655 -0.0357185 -0.0207441 -0.0161278 0.0163829 0.00618618 -0.0176257 0.00905009 -4.28986e-05 0.00731768 0.0339274 0.0648827 0.0345591 -0.00730939 0.0126077 0.00311597 0.00600176 0.018628 0.0266454 0.00221431 0.0320896 -0.0402556 0.0501805 0.086638
internal_weight=642.622 249.907 392.715 388.745 196.19 61.2786 245.298 57.3037 43.6936 241.374 192.555 134.911 237.472 130.265 95.3965 85.257 34.8687 18.1899 13.5392 8.20575 80.2473 27.1746 72.3235 186.891 127.482 54.8996 32.2285 22.671 27.9531 13.3265
internal_count=4906 1972 2934 2910 1669 726 1939 682 490 1907 1241 943 1885 914 681 607 233 113 86 50 573 294 523 1202 808 338 199 139 173 69
is_linear=0
shrinkage=0.1


Tree=32
num_leaves=31
num_cat=0
split_feature=16 13 188 126 7 0 113 168 140 64 61 0 8 0 15 99 9 73 45 104 108 15 140 1 73 0 53 1 1 1
split_gain=5.14197 3.65431 3.02969 2.73023 2.85976 4.46812 5.51943 3.62834 3.46131 3.15243 2.94467 3.53501 2.67686 5.32395 2.83425 3.44269 2.6322 5.89558 2.83 2.61628 2.91491 5.04323 3.0884 5.00495 2.66258 2.53234 2.51781 4.76229 9.90122 3.78116
threshold=1.0000000180025095e-35 1.0000000180025095e-35 1.0000000180025095e-35 1.0000000180025095e-35 1.0000000180025095e-35 9.5071868896484393 1.0000000180025095e-35 1.0000000180025095e-35 1.0000000180025095e-35 1.0000000180025095e-35 1.0000000180025095e-35 4.7049965858459482 1.0000000180025095e-35 3.8535249233245854 1.0000000180025095e-35 1.0000000180025095e-35 1.0000000180025095e-35 1.0000000180025095e-35 1.0000000180025095e-35 1.0000000180025095e-35 1.0000000180025095e-35 1.0000000180025095e-35 1.0000000180025095e-35 -0.24207163602113721 1.0000000180025095e-35 7.2840518951416025 1.0000000180025095e-35 -0.17484219372272489 -0.14092326164245603 -0.094227697700262056
decision_type=2 2 2 2 2 2 2 2 2 2 2 2 2 2 2 2 2 2 2 2 2 2 2 2 2 2 2 2 2 2
left_child=1 3 -2 4 5 6 7 10 -7 12 -1 -12 14 -14 16 -16 18 25 -6 20 22 24 26 -24 -22 -18 27 -3 -29 -30
right_child=2 19 -4 -5 9 8 -8 -9 -10 -11 11 -13 13 -15 15 -17 17 -19 -20 -21 21 -23 23 -25 -26 -27 -28 28 29 -31
leaf_value=-0.054093945837875759 0.0064380342574798513 -0.014120653167636738 0.082059050877877265 -0.11332446903247227 0.018700586315788803 -0.075934611046977241 0.1936754455880027 0.10150484010471916 0.026913016547663177 0.061342664751646875 0.091254268698378535 -0.034928723713619284 0.086095364921980555 -0.055044768254385347 -0.067887165052871498 0.10227942253737693 0.1870264316211151 -0.028964160620982084 -0.093313680617521655 -0.07958873245464021 0.023429579009278223 -0.059400992804545409 0.065155534121154865 -0.09501181518981193 0.12964818127863939 0.063295772113631729 -0.023661632157450801 0.1869998708576095 -0.068063873205238032 0.026455119226977238
leaf_weight=16.449296327307827 347.9418537504971 46.913846150040619 5.3799359425902358 3.2666529510170212 9.4572553783655149 26.669570039957765 1.28986570611596 2.3326708972454062 3.729940887540578 6.262968508526682 3.7513657882809657 5.4394028168171644 3.0412816740572479 22.046079346910119 7.752473356202243 1.404265623539686 2.9860738217830658 4.5578731149435043 2.9618669189512739 4.0600399300456038 4.1516940183937532 3.3035443946719161 2.6030236706137657 7.7884211242198926 5.4682549312710762 3.708351518958807 30.114400144666433 3.7112596929073325 4.6575498618185511 46.367044504731901
leaf_count=275 1965 399 31 48 79 426 12 34 45 51 31 101 40 254 153 22 29 34 26 37 26 38 22 59 31 28 220 24 33 333
internal_value=-0.000481114 -0.0104429 0.0075895 -0.0230855 -0.0207052 -0.036466 -0.00857333 -0.0178993 -0.0633155 -0.00605349 -0.0287624 0.016575 -0.0133417 -0.0379347 0.00545234 -0.0417906 0.0237272 0.0587598 -0.00801397 -0.000345021 0.00172962 0.0471999 -0.00240413 -0.0548904 0.0838073 0.118486 0.00173515 0.00925911 0.0292978 0.0178274
internal_weight=639.568 286.246 353.322 127.107 123.841 59.6621 29.2626 27.9727 30.3995 64.1785 25.6401 9.19077 57.9155 25.0874 32.8282 9.15674 23.6714 11.2523 12.4191 159.139 155.079 12.9235 142.156 10.3914 9.61995 6.69443 131.764 101.65 54.7359 51.0246
internal_count=4906 2910 1996 1688 1640 924 453 441 471 716 407 132 665 294 371 175 196 91 105 1222 1185 95 1090 81 57 57 1009 789 390 366
is_linear=0
shrinkage=0.1


Tree=33
num_leaves=31
num_cat=0
split_feature=14 262 267 20 107 214 15 10 46 8 0 6 104 0 108 21 153 12 81 135 11 6 9 50 8 6 0 0 81 34
split_gain=4.54291 5.74961 3.98369 3.50969 3.94059 3.4564 3.68455 3.62307 5.51797 5.41436 4.92646 4.22089 3.48689 3.61971 5.29059 4.51452 3.44074 3.3693 3.89385 4.54015 4.59717 4.40454 4.70298 4.24351 3.19899 5.60018 5.78081 5.74304 4.80155 4.01316
threshold=1.0000000180025095e-35 1.0000000180025095e-35 1.0000000180025095e-35 1.0000000180025095e-35 1.0000000180025095e-35 1.0000000180025095e-35 1.0000000180025095e-35 1.0000000180025095e-35 1.0000000180025095e-35 1.0000000180025095e-35 15.924708843231203 1.0000000180025095e-35 1.0000000180025095e-35 7.5277206897735605 1.0000000180025095e-35 1.0000000180025095e-35 1.0000000180025095e-35 1.0000000180025095e-35 1.0000000180025095e-35 1.0000000180025095e-35 1.0000000180025095e-35 1.0000000180025095e-35 1.0000000180025095e-35 1.0000000180025095e-35 1.0000000180025095e-35 1.0000000180025095e-35 10.584530830383303 13.938398361206056 1.0000000180025095e-35 1.0000000180025095e-35
decision_type=2 2 2 2 2 2 2 2 2 2 2 2 2 2 2 2 2 2 2 2 2 2 2 2 2 2 2 2 2 2
left_child=2 16 3 4 5 6 12 8 -8 10 -9 -11 13 14 15 -1 17 -2 21 23 -21 22 -19 -20 -15 26 28 29 -26 -27
right_child=1 -3 -4 -5 -6 -7 7 9 -10 11 -12 -13 -14 24 -16 -17 -18 18 19 20 -22 -23 -24 -25 25 27 -28 -29 -30 -31
leaf_value=-0.00080794352261267144 -0.0076816556437211058 0.097647850335663741 0.10732311136695807 -0.086114779798608099 0.11142323157815022 0.082856685537738312 0.1252112645282735 -0.077626583547164479 -0.0030989393228528493 0.04652750699930671 0.035450773605496748 -0.073022905446593678 -0.05167828807781142 0.03516191900897004 0.1000616569542388 -0.07916140482705214 0.078857622006908573 -2.1606207555171421e-06 -0.049878803121773639 0.14819588241627291 -0.035210547987499889 -0.11202517734790185 -0.091279191637645127 0.056556341262638046 0.037642683758937721 -0.015157953092577515 0.061724791142227724 -0.083174022180291518 -0.10229198385589976 0.098242224881539039
leaf_weight=78.16955978423357 176.43930481001735 4.7703250646591178 3.8605605792254201 4.1605890393257132 3.5281739719212046 5.6527842991054049 3.5084560047835103 23.66757791116834 74.986249372363091 11.145174063742159 4.6020278576761475 4.0179452858865252 8.5692741964012367 87.283741842955351 4.7650725841522208 8.1170973908156139 3.9924273472279301 15.201110869646072 17.61775963567198 3.336289392784237 2.3149522412568331 10.285135664045809 8.9791782516986132 4.7574130222201338 5.0803424194455129 15.868899308145052 23.050136674195528 10.939422115683554 4.739705603569746 3.8847109079360953
leaf_count=510 1230 33 28 35 22 38 35 251 674 110 40 51 66 543 29 56 32 157 186 36 23 124 104 47 35 99 175 80 31 26
internal_value=-0.000486592 -0.0110754 0.00624546 0.00523385 0.00622989 0.00524816 0.0040701 -0.0101865 0.00263611 -0.0333604 -0.0592186 0.0148489 0.0110102 0.0132309 -0.00251414 -0.00817875 -0.0132104 -0.0147489 -0.0347024 -0.00702114 0.073066 -0.0572121 -0.0338972 -0.0272485 0.0227347 0.00566988 0.0343524 -0.0250472 -0.0298976 0.00714313
internal_weight=637.291 247.694 389.598 385.737 381.576 378.048 372.395 121.927 78.4947 43.4327 28.2696 15.1631 250.468 241.899 91.0517 86.2867 242.924 238.931 62.4918 28.0264 5.65124 34.4654 24.1803 22.3752 150.847 63.5632 32.8702 30.693 9.82005 19.7536
internal_count=4906 1972 2934 2906 2871 2849 2811 1161 709 452 291 161 1650 1584 595 566 1939 1907 677 292 59 385 261 233 989 446 241 205 66 125
is_linear=0
shrinkage=0.1


Tree=34
num_leaves=31
num_cat=0
split_feature=16 11 0 214 21 86 79 7 15 88 113 12 73 81 55 0 7 45 21 12 188 13 98 0 24 61 10 26 54 105
split_gain=4.42435 3.0797 4.28514 4.23936 3.79327 3.52374 3.23612 5.87948 2.93836 5.76946 5.30737 3.96948 4.08246 4.2631 3.73433 3.7116 3.14027 2.53324 3.09107 4.6578 2.40659 2.47368 3.18689 8.09365 4.15501 4.98459 4.54781 4.01214 2.93425 7.50639
threshold=1.0000000180025095e-35 1.0000000180025095e-35 2.4503763914108281 1.0000000180025095e-35 1.0000000180025095e-35 1.0000000180025095e-35 1.0000000180025095e-35 1.0000000180025095e-35 1.0000000180025095e-35 1.0000000180025095e-35 1.0000000180025095e-35 1.0000000180025095e-35 1.0000000180025095e-35 1.0000000180025095e-35 1.0000000180025095e-35 10.709103107452394 1.0000000180025095e-35 1.0000000180025095e-35 1.0000000180025095e-35 1.0000000180025095e-35 1.0000000180025095e-35 1.0000000180025095e-35 1.0000000180025095e-35 11.43189573287964 1.0000000180025095e-35 1.0000000180025095e-35 1.0000000180025095e-35 1.0000000180025095e-35 1.0000000180025095e-35 1.0000000180025095e-35
decision_type=2 2 2 2 2 2 2 2 2 2 2 2 2 2 2 2 2 2 2 2 2 2 2 2 2 2 2 2 2 2
left_child=1 2 -1 5 6 8 -3 -8 9 17 11 12 13 14 16 -16 -10 -4 19 -19 21 28 24 -24 -23 -26 -27 -28 29 -2
right_child=20 4 3 -5 -6 -7 7 -9 10 -11 -12 -13 -14 -15 15 -17 -18 18 -20 -21 -22 22 23 -25 25 26 27 -29 -30 -31
leaf_value=0.081490802151318043 0.0061088853896473921 0.0134185796009893 -0.026808701903669314 0.10934358244502421 -0.042237357661036951 -0.085429143546482192 -0.12544959544208542 0.030642290057830441 -0.11085773729386164 0.11027302159282322 0.10398952996121838 -0.10544139988745559 -0.082972817269550539 -0.060029961971784465 0.019529668803923036 0.20103671783826443 0.04930722186010994 0.024090680909279214 0.10419345307001245 -0.071034445012330485 0.073642400346676434 0.097114428208254819 -0.099849088003620454 0.038239785811356231 0.0035493256922097417 0.070009275291674986 0.077427500786734466 -0.048160627713927942 -0.012626146851368572 0.15636153578630207
leaf_weight=4.0956093296408644 90.139044437557459 102.80635762214661 65.741614973172545 2.410449916496872 17.174108255654573 8.8759250920265895 4.8099992573261243 4.8425773233175278 2.1010206062346715 3.7626740708947173 2.2976053766906253 10.28582566604018 9.9931986108422297 7.2557165268808594 2.3178188316524029 2.1921254731714725 2.9330709204077721 18.420247387140996 3.0386505648493758 7.1436973419040433 5.3365258835256091 6.8278202712535849 7.802473001182082 9.3080064207315427 85.075551424175501 26.367920227348804 3.8445708528161031 7.5182702019810677 106.36173479259014 3.4523079097270957
leaf_count=52 558 965 591 19 166 119 50 38 33 29 28 252 144 101 33 25 35 114 27 89 31 37 38 50 443 132 20 39 628 20
internal_value=-0.000480855 -0.00980228 -0.0194173 -0.0221953 0.00153589 -0.0243617 0.00822069 -0.0471402 -0.0204191 -0.0111573 -0.0434951 -0.052634 -0.0323612 -0.00225535 0.041667 0.107754 -0.017539 -0.0160003 0.00884239 -0.00249149 0.00699935 0.00597355 0.0158336 -0.0247295 0.0211876 0.0169662 0.0472185 -0.0056684 -0.0012627 0.0116513
internal_weight=634.533 282.498 152.865 148.77 129.633 146.359 112.459 9.65258 137.483 98.1069 39.3764 37.0788 26.793 16.7998 9.54404 4.50994 5.03409 94.3442 28.6026 25.5639 352.034 346.698 146.745 17.1105 129.634 122.806 37.7308 11.3628 199.953 93.5914
internal_count=4906 2910 1691 1639 1219 1620 1053 88 1501 850 651 623 371 227 126 58 68 821 230 203 1996 1965 759 88 671 634 191 59 1206 578
is_linear=0
shrinkage=0.1


Tree=35
num_leaves=31
num_cat=0
split_feature=7 11 126 0 1 67 15 1 0 10 156 57 16 0 1 84 16 81 5 0 167 14 102 13 12 55 9 1 73 0
split_gain=3.88885 4.44701 3.26763 3.24724 4.47583 5.6306 3.80095 3.81686 3.54766 3.41595 3.91606 5.17142 5.04717 3.20671 4.00482 3.09926 3.1753 3.13971 2.98404 2.97125 2.93081 3.27316 3.05708 3.40162 3.91709 3.08987 3.96263 2.87489 5.68926 2.79305
threshold=1.0000000180025095e-35 1.0000000180025095e-35 1.0000000180025095e-35 13.211498737335207 -0.46003498136997217 1.0000000180025095e-35 1.0000000180025095e-35 0.15917559713125232 14.405201911926271 1.0000000180025095e-35 1.0000000180025095e-35 1.0000000180025095e-35 1.0000000180025095e-35 9.2238192558288592 -0.011027454398572443 1.0000000180025095e-35 1.0000000180025095e-35 1.0000000180025095e-35 1.0000000180025095e-35 8.6036963462829608 1.0000000180025095e-35 1.0000000180025095e-35 1.0000000180025095e-35 1.0000000180025095e-35 1.0000000180025095e-35 1.0000000180025095e-35 1.0000000180025095e-35 -0.6132025122642516 1.0000000180025095e-35 16.495551109313968
decision_type=2 2 2 2 2 2 2 2 2 2 2 2 2 2 2 2 2 2 2 2 2 2 2 2 2 2 2 2 2 2
left_child=1 3 -3 4 5 27 -6 15 -5 10 11 -7 -13 14 19 16 -8 -18 -10 -2 21 22 23 24 -15 26 -25 -1 -29 -27
right_child=13 2 -4 8 6 9 7 -9 18 -11 -12 12 -14 20 -16 -17 17 -19 -20 -21 -22 -23 -24 25 -26 29 -28 28 -30 -31
leaf_value=-0.039012295769419059 -0.0027458306801748733 0.007346726445601021 -0.083999501138490529 -0.08356862337680758 0.012402297761191937 -0.10911543686614672 -0.076326694058552524 -0.076902362321886797 0.003195010541766301 -0.11074309811541956 0.077985131051326817 -0.079657292531596688 0.10331409956250132 0.022251420554008108 -0.097420722247357983 0.087842774950594296 0.044237515023920433 -0.053897623352578063 -0.052913224205430757 0.077123929672144292 0.088918618742589356 -0.0045512983802804647 0.094103505242432162 -0.04560901441016206 -0.044019136682426407 0.049889122241514948 0.081319938736299224 0.14530861173223289 -0.045936485918475559 0.13875906781580599
leaf_weight=4.6806026734411716 116.63580035977066 158.93854626640677 4.0150063559412947 13.1833652947098 78.465033419430256 8.1547087896615285 6.5927971322089478 10.739924252033232 20.021353440359235 9.9647733848541993 2.5245519392192355 2.9765566550195208 3.0547951012849808 33.074578821659088 4.3305630423128596 3.1197607181966296 8.7961291894316656 5.1801045015454301 18.001069420948625 4.8514687307178965 5.7549161389470092 49.141631310805678 6.4308067169040433 6.7071481794118863 12.212392982095478 19.856381807476286 3.8838311210274696 3.6684319004416448 2.7006860710680485 4.3027992360293856
leaf_count=41 875 1236 31 119 524 82 137 138 170 98 25 35 23 209 29 22 57 34 168 29 38 334 43 40 135 128 24 32 24 26
internal_value=-0.000478176 -0.00719177 0.00509605 -0.017113 -0.00971709 -0.0395377 0.000247904 -0.0274527 -0.0388675 -0.0644024 -0.0367687 -0.0571903 0.0130152 0.00868774 -0.00292474 -0.00503337 -0.0191201 0.00786504 -0.0233685 0.000443686 0.0190231 0.016057 0.0277691 0.0224393 0.00438045 0.0459738 0.000937259 0.0204886 0.0642153 0.065717
internal_weight=631.961 364.778 162.954 201.825 150.619 37.7251 112.894 34.4287 51.2058 26.6754 16.7106 14.1861 6.03135 267.182 125.818 23.6888 20.569 13.9762 38.0224 121.487 141.364 135.61 86.4679 80.0371 45.287 34.7502 10.591 11.0497 6.36912 24.1592
internal_count=4906 2996 1267 1729 1272 360 912 388 457 263 165 140 58 1910 933 250 228 91 338 904 977 939 605 562 344 218 64 97 56 154
is_linear=0
shrinkage=0.1


Tree=36
num_leaves=31
num_cat=0
split_feature=90 16 12 0 64 65 92 15 1 12 267 69 0 11 0 26 26 0 7 0 5 10 13 74 40 6 5 5 11 8
split_gain=3.82144 3.75894 2.84966 4.51889 3.05761 3.55317 2.80764 2.76737 3.15246 2.96103 2.67786 2.77025 3.98756 3.06333 2.55811 2.38821 2.3847 5.83061 4.95114 3.90788 4.09698 3.24922 2.85614 4.25344 4.23478 3.85032 4.23366 3.41553 2.77094 4.52569
threshold=1.0000000180025095e-35 1.0000000180025095e-35 1.0000000180025095e-35 14.47091054916382 1.0000000180025095e-35 1.0000000180025095e-35 1.0000000180025095e-35 1.0000000180025095e-35 0.81200090050697338 1.0000000180025095e-35 1.0000000180025095e-35 1.0000000180025095e-35 14.867898464202883 1.0000000180025095e-35 14.109513759613039 1.0000000180025095e-35 1.0000000180025095e-35 4.4558520317077646 1.0000000180025095e-35 12.746064186096193 1.0000000180025095e-35 1.0000000180025095e-35 1.0000000180025095e-35 1.0000000180025095e-35 1.0000000180025095e-35 1.0000000180025095e-35 1.0000000180025095e-35 1.0000000180025095e-35 1.0000000180025095e-35 1.0000000180025095e-35
decision_type=2 2 2 2 2 2 2 2 2 2 2 2 2 2 2 2 2 2 2 2 2 2 2 2 2 2 2 2 2 2
left_child=1 2 4 16 10 -6 7 8 -3 -10 11 -1 14 -14 -13 -15 17 18 -4 -19 -21 22 24 25 27 26 -24 -18 -23 -30
right_child=-2 6 3 -5 5 -7 -8 -9 9 -11 -12 12 13 15 -16 -17 21 19 -20 20 -22 28 23 -25 -26 -27 -28 -29 29 -31
leaf_value=-0.0016538786659592711 -0.10035684938828258 0.0093629219978950285 -0.029780411585601602 -0.083581234550433259 0.017984396578782143 0.13976022883291533 0.091644027590985638 -0.0065865571517797683 0.089266881590332553 -0.0055213445170137791 0.099244097408085652 -0.047526947032094716 -0.032881323994777147 0.11329321275905553 -0.14207768566475185 -0.0087545267595055751 0.0089951189476239306 -0.081879622935925878 0.1814116419147157 0.083801490317264804 -0.10831258828367236 -0.069375144441289074 -0.088589103806911512 0.14478057939960939 0.13954933080924478 0.11709654366162561 0.077884505159590001 -0.10765861948127996 0.065098231362199749 -0.10926280456210991
leaf_weight=140.48171989805996 3.806786570698022 215.2806744389236 2.4547396544367102 11.140067415311931 17.950623791664842 2.7651248648762694 3.8794967345893374 114.78294251859188 9.7401021234691125 4.9808985255658618 2.3683012016117564 12.929518934339287 10.420961778610947 3.3516021445393553 3.674740493297576 3.0736110992729664 6.7139638606458885 17.210947263985876 2.026467427611351 3.2837837338447562 1.6769333034753797 9.5904849078506249 3.9284501746296865 3.7678743079304704 1.6050853766500957 2.7746246457099915 2.4997207559645176 4.0084187760949135 4.9837336987256995 2.1226561591029167
leaf_count=1254 36 1163 35 225 127 20 26 694 67 34 16 113 71 24 30 23 107 281 23 39 31 146 44 35 24 30 25 74 58 31
internal_value=-0.000468046 0.000139907 -0.00856065 -0.0245045 -0.0021037 0.034239 0.00704727 0.0060954 0.0124244 0.057195 -0.00637405 -0.00781217 -0.0336752 0.000602555 -0.0684523 0.0549096 -0.0149176 -0.038313 0.0657237 -0.0593403 0.0188588 -6.92967e-05 0.0225284 0.0552852 -0.0119375 0.0186433 -0.0238526 -0.0346143 -0.034308 0.0130171
internal_weight=629.275 625.468 276.804 79.788 197.016 20.7157 348.664 344.785 230.002 14.721 176.3 173.932 33.4504 16.8462 16.6043 6.42521 68.6479 26.6529 4.48121 22.1717 4.96072 41.995 25.2981 12.9707 12.3275 9.2028 6.42817 10.7224 16.6969 7.10639
internal_count=4906 4870 2886 1208 1678 147 1984 1958 1264 101 1531 1515 261 118 143 47 983 409 58 351 70 574 339 134 205 99 69 181 235 89
is_linear=0
shrinkage=0.1


Tree=37
num_leaves=31
num_cat=0
split_feature=13 108 54 0 7 139 0 21 1 1 0 16 40 21 26 55 0 0 137 11 73 5 178 91 5 140 54 12 82 73
split_gain=3.5745 3.64501 2.87386 3.18542 2.82914 3.69537 3.50004 5.20694 5.20646 5.14378 5.98155 3.78077 4.13449 4.64839 3.71438 3.69106 3.21946 3.94954 4.65112 3.38763 3.65175 4.77512 3.15957 3.35718 3.08503 3.05277 2.80361 2.78926 2.77559 2.68856
threshold=1.0000000180025095e-35 1.0000000180025095e-35 1.0000000180025095e-35 14.680356025695803 1.0000000180025095e-35 1.0000000180025095e-35 9.5071868896484393 1.0000000180025095e-35 -0.15446041524410245 -0.12905924022197721 8.2067074775695819 1.0000000180025095e-35 1.0000000180025095e-35 1.0000000180025095e-35 1.0000000180025095e-35 1.0000000180025095e-35 6.4298424720764169 3.2429842948913579 1.0000000180025095e-35 1.0000000180025095e-35 1.0000000180025095e-35 1.0000000180025095e-35 1.0000000180025095e-35 1.0000000180025095e-35 1.0000000180025095e-35 1.0000000180025095e-35 1.0000000180025095e-35 1.0000000180025095e-35 1.0000000180025095e-35 1.0000000180025095e-35
decision_type=2 2 2 2 2 2 2 2 2 2 2 2 2 2 2 2 2 2 2 2 2 2 2 2 2 2 2 2 2 2
left_child=4 -2 -3 -4 6 22 7 8 16 -10 -11 25 13 15 -12 -13 17 18 -1 20 21 -19 23 -6 -21 -8 -17 -26 -9 -28
right_child=1 2 3 -5 5 -7 11 28 9 10 14 12 -14 -15 -16 26 -18 19 -20 24 -22 -23 -24 -25 27 -27 29 -29 -30 -31
leaf_value=-0.087941958294064135 0.0040999306682330738 -0.039896196870701825 0.079875869432864982 -0.013863427383747465 0.0067126412035132185 -0.051318931660161694 -0.073014577365879879 -0.090491885184109153 0.17632746994539117 -0.099431450101458679 -0.027047371100189593 -0.11259794875808452 0.025993111743813246 0.055150895045837915 0.094268897954507005 0.056405361269848145 -0.059357133135239173 -0.035554420353388148 0.06346884617148349 0.085798568469296566 -0.07292058408441475 0.10236141574616951 0.10117249652165652 -0.10067117167770323 0.047041495418700674 0.02387280210564828 -0.0026497770707131023 -0.078428339835898753 0.038218292900026901 -0.067344510946819106
leaf_weight=7.9947458263486606 279.51449943892658 3.4512991756200817 16.022490702569488 4.6851471904665223 132.71856753714383 11.890483897179363 24.927337724715475 8.9136876855045539 2.8831352069973972 2.8703424204140893 3.4950703307986233 6.6889300644397727 16.713782422244549 5.2531513608992091 9.0812558587640524 3.306935720145705 9.9329833313822729 5.808587498962881 2.7187563739717007 10.29582758061588 6.2592233605682841 4.421409098431468 3.4567063283175221 2.9766677971929303 4.951924964785575 3.7400023825466624 10.777197539806366 2.7589103933423758 2.0632621571421614 15.901684984564781
leaf_count=103 1838 25 100 33 1051 97 444 94 20 31 39 48 110 37 74 17 95 64 25 89 66 46 27 32 36 46 66 32 17 104
internal_value=-0.000467021 0.00732087 0.0445866 0.0586672 -0.00779345 0.00218974 -0.0165726 -0.00205781 0.00754002 0.0537115 0.0308251 -0.0306119 -0.0160623 -0.0328269 0.0605541 -0.0454285 -0.00780778 0.00351816 -0.0495186 0.0199899 -0.0127578 0.0240529 0.00676204 0.00435702 0.049978 -0.0603744 -0.030445 0.00214882 -0.0662991 -0.0412104
internal_weight=626.474 303.673 24.1589 20.7076 322.801 151.042 171.758 84.4491 73.4722 18.3298 15.4467 87.309 58.6417 41.9279 12.5763 36.6747 55.1424 45.2094 10.7135 34.4959 16.4892 10.23 139.152 135.695 18.0067 28.6673 29.9858 7.71084 10.9769 26.6789
internal_count=4906 1996 158 133 2910 1207 1703 831 720 164 144 872 382 272 113 235 556 461 128 333 176 110 1110 1083 157 490 187 68 111 170
is_linear=0
shrinkage=0.1


Tree=38
num_leaves=31
num_cat=0
split_feature=15 14 100 73 97 153 0 6 12 21 88 73 0 0 108 5 113 36 49 16 0 24 0 61 67 81 88 7 0 62
split_gain=3.28934 2.21277 4.46094 3.77511 4.46469 3.30751 3.0175 5.9924 5.04759 4.29018 4.59632 3.40986 4.8862 3.08828 3.03804 8.75031 2.97755 3.0532 3.05717 2.8013 2.97716 2.51198 2.47694 2.42876 3.40049 2.3344 2.28832 2.53835 3.87539 4.65204
threshold=1.0000000180025095e-35 1.0000000180025095e-35 1.0000000180025095e-35 1.0000000180025095e-35 1.0000000180025095e-35 1.0000000180025095e-35 11.296372413635256 1.0000000180025095e-35 1.0000000180025095e-35 1.0000000180025095e-35 1.0000000180025095e-35 1.0000000180025095e-35 13.474332809448244 15.260780334472658 1.0000000180025095e-35 1.0000000180025095e-35 1.0000000180025095e-35 1.0000000180025095e-35 1.0000000180025095e-35 1.0000000180025095e-35 15.51813840866089 1.0000000180025095e-35 12.581793308258058 1.0000000180025095e-35 1.0000000180025095e-35 1.0000000180025095e-35 1.0000000180025095e-35 1.0000000180025095e-35 6.9089665412902841 1.0000000180025095e-35
decision_type=2 2 2 2 2 2 2 2 2 2 2 2 2 2 2 2 2 2 2 2 2 2 2 2 2 2 2 2 2 2
left_child=1 5 3 4 21 6 9 -8 11 14 -11 19 -13 -14 16 -16 17 18 -1 20 -9 -3 -10 26 25 -25 27 -23 -29 -30
right_child=-2 2 -4 -5 -6 -7 7 8 22 10 -12 12 13 -15 15 -17 -18 -19 -20 -21 -22 23 -24 24 -26 -27 -28 28 29 -31
leaf_value=0.01340175053781819 -0.011368881471330371 0.07374352256616605 0.086885405835710472 -0.026341362443381883 -0.07846512449017938 -0.082774477159940449 0.050116186268847757 0.0069331225942356901 0.009060827358650431 -0.075872551416731868 0.034139368366407401 0.1455952918548 -0.043093919041294004 0.074449736162366192 0.15519491005862174 -0.027766821996921237 -0.056781008483592021 -0.020195751951739567 0.10013768676509914 0.032694573516543007 -0.096326457448693559 -0.014872128738861174 -0.083169450083082977 -0.063568273863064809 0.069546627301481215 0.042984944486821636 -0.08656279459095069 0.061106735654868752 0.022846989397900329 -0.099848510394543677
leaf_weight=87.300884760916233 191.74194317962974 5.7291833348572245 5.2093084473162881 63.659014038741589 6.1293809078633776 3.7637068368494502 49.014960190281272 6.3174622766673565 4.365113776177167 12.632123380899431 5.4304179027676573 4.4487646222114554 4.3459055125713331 4.6022905223071575 5.0678993761539441 5.3984731361269951 7.4007996246218672 28.193878274410963 4.262084934860467 10.677588872611523 5.0036739856004715 42.18593529984355 8.7461743559688312 4.3773095086216927 12.230402128770947 3.8773189820349216 3.1243496909737578 14.153851307928564 11.057510230690239 4.2887550070881835
leaf_count=578 1931 36 34 448 44 32 366 40 27 95 34 22 21 24 29 33 41 172 23 55 26 333 100 33 82 27 24 96 72 28
internal_value=-0.000464818 0.0043638 -0.00427366 -0.00705375 0.00440481 0.0102803 0.0116635 0.0254565 0.000538607 0.00302359 -0.042798 0.0201716 0.0599447 0.0173618 0.00903747 0.0608247 0.00477485 0.00857891 0.0174391 -0.00404965 -0.0387052 0.0094327 -0.0524634 0.00556632 0.0360747 -0.0135187 -0.00278767 0.000863571 0.023366 -0.0114422
internal_weight=624.736 432.995 176.022 170.813 107.154 256.972 253.208 97.5219 48.507 155.687 18.0625 35.3957 13.397 8.9482 137.624 10.4664 127.158 119.757 91.563 21.9987 11.3211 101.025 13.1113 95.2954 20.485 8.25463 74.8104 71.6861 29.5001 15.3463
internal_count=4906 2975 1257 1223 775 1718 1686 681 315 1005 129 188 67 45 876 62 814 773 601 121 66 731 127 695 142 60 553 529 196 100
is_linear=0
shrinkage=0.1


Tree=39
num_leaves=31
num_cat=0
split_feature=90 12 0 6 232 67 16 85 0 118 65 50 87 5 26 69 78 105 7 0 0 15 16 11 6 61 13 9 67 1
split_gain=3.08699 3.27149 3.40705 3.19928 3.06454 3.74398 2.57487 2.46605 2.37285 2.29585 2.21616 6.45311 2.11903 2.90543 2.78208 7.60638 3.00291 2.89069 2.8618 3.20575 3.17798 3.65016 4.06859 2.42199 3.37232 2.59527 3.09321 2.60974 2.38797 2.1937
threshold=1.0000000180025095e-35 1.0000000180025095e-35 14.47091054916382 1.0000000180025095e-35 1.0000000180025095e-35 1.0000000180025095e-35 1.0000000180025095e-35 1.0000000180025095e-35 10.380561351776125 1.0000000180025095e-35 1.0000000180025095e-35 1.0000000180025095e-35 1.0000000180025095e-35 1.0000000180025095e-35 1.0000000180025095e-35 1.0000000180025095e-35 1.0000000180025095e-35 1.0000000180025095e-35 1.0000000180025095e-35 13.661875724792482 4.6392881870269784 1.0000000180025095e-35 1.0000000180025095e-35 1.0000000180025095e-35 1.0000000180025095e-35 1.0000000180025095e-35 1.0000000180025095e-35 1.0000000180025095e-35 1.0000000180025095e-35 -0.51950716972351063
decision_type=2 2 2 2 2 2 2 2 2 2 2 2 2 2 2 2 2 2 2 2 2 2 2 2 2 2 2 2 2 2
left_child=1 4 12 6 7 -6 -4 9 -9 10 -1 -12 14 -14 16 29 17 18 19 23 -20 22 28 24 25 27 -27 -3 -22 -16
right_child=-2 2 3 -5 5 -7 -8 8 -10 -11 11 -13 13 -15 15 -17 -18 -19 20 -21 21 -23 -24 -25 -26 26 -28 -29 -30 -31
leaf_value=0.0040109808790060363 -0.093355705836377867 0.028402732906157066 -0.066343516526009616 -0.089513456176985445 0.0049641757103541248 0.14652857709690165 0.014860900126489241 -0.081853232648171959 0.01905778821429284 -0.065529494287130508 0.0046190009076856183 0.13593560213928235 0.092676975799128161 -0.048862897237860962 -0.01559476874836483 -0.11073210186043439 -0.094027032017564086 0.081811145976173089 0.081827398455125211 0.06740538365903874 0.0032897847065914785 -0.11455628554725528 0.057415067884385544 -0.091783473037655272 -0.081663020743387382 -0.0071793855413858215 0.18292723930816049 -0.1219298274861387 -0.11686940785859595 0.019937945230388079
leaf_weight=394.56698188558221 3.5551839042454949 2.7874816823750752 6.4734069854021081 9.859192384406926 4.2032532580196849 3.3629123196005821 9.8407507985830307 6.4162125140428525 3.6590853966772556 4.5829570814967147 14.500629793852569 5.0439290218055239 4.703722581267356 2.0967730032280087 24.087315268814564 5.550119722262024 5.7226823782548299 2.7638432662934056 4.2289389334619072 2.3424659278243771 3.723335914313795 3.0297532286494961 7.4203263074159622 10.446102369576693 6.6923176385462293 1.8649119874462485 1.5818646140396595 1.9714709091931579 2.9757714308798313 62.347953585907817
leaf_count=2688 36 34 123 161 27 21 74 37 28 33 93 35 39 26 244 61 64 26 30 27 37 52 36 114 81 30 15 23 32 579
internal_value=-0.000439181 9.46106e-05 -0.0111475 -0.0445398 0.00479696 0.0678849 -0.0173608 0.00368369 -0.045205 0.00486013 0.00563913 0.0385083 -0.00555708 0.0490365 -0.00803984 0.00274911 -0.025284 -0.0176937 -0.0232989 -0.0445208 0.00418543 -0.0149608 0.00641038 -0.0548658 -0.0289801 0.0139863 0.0800682 -0.0338749 -0.0500854 0.0100359
internal_weight=622.402 618.846 182.511 26.1734 436.336 7.56617 16.3142 428.77 10.0753 418.694 414.112 19.5446 156.337 6.8005 149.537 91.9854 57.5513 51.8286 49.0647 27.6866 21.3781 17.1492 14.1194 25.3441 14.898 8.20573 3.44678 4.75895 6.69911 86.4353
internal_count=4906 4870 1908 358 2962 48 197 2914 65 2849 2816 128 1550 65 1485 884 601 537 511 324 187 157 105 297 183 102 45 57 69 823
is_linear=0
shrinkage=0.1


Tree=40
num_leaves=31
num_cat=0
split_feature=13 108 16 64 126 67 14 54 0 0 0 86 7 54 7 51 16 104 73 0 113 10 15 94 26 14 168 7 10 26
split_gain=3.00487 2.79619 2.53322 2.70847 2.58505 2.57572 3.13497 4.62332 3.08746 2.91739 3.38002 2.43132 2.55769 2.32627 2.4648 3.64999 2.8875 2.22386 2.1573 2.10936 2.0427 3.4121 2.18654 3.38354 5.03965 2.26925 4.0988 3.12859 4.0906 3.04935
threshold=1.0000000180025095e-35 1.0000000180025095e-35 1.0000000180025095e-35 1.0000000180025095e-35 1.0000000180025095e-35 1.0000000180025095e-35 1.0000000180025095e-35 1.0000000180025095e-35 3.3497605323791508 6.1615331172943124 11.190965175628664 1.0000000180025095e-35 1.0000000180025095e-35 1.0000000180025095e-35 1.0000000180025095e-35 1.0000000180025095e-35 1.0000000180025095e-35 1.0000000180025095e-35 1.0000000180025095e-35 4.850102663040162 1.0000000180025095e-35 1.0000000180025095e-35 1.0000000180025095e-35 1.0000000180025095e-35 1.0000000180025095e-35 1.0000000180025095e-35 1.0000000180025095e-35 1.0000000180025095e-35 1.0000000180025095e-35 1.0000000180025095e-35
decision_type=2 2 2 2 2 2 2 2 2 2 2 2 2 2 2 2 2 2 2 2 2 2 2 2 2 2 2 2 2 2
left_child=2 -2 4 5 20 6 8 -8 -4 -9 -11 12 -5 -3 15 16 -15 -7 -16 -10 22 -22 25 -24 -25 -1 27 -27 -29 -30
right_child=1 13 3 11 -6 17 7 9 19 10 -12 -13 -14 14 18 -17 -18 -19 -20 -21 21 -23 23 24 -26 26 -28 28 29 -31
leaf_value=0.0026278470102397756 0.0038841905549867571 -0.037409289981735552 -0.063797501780650592 -0.11948933855893507 -0.11293745511741878 -0.0044855387639269936 0.035910902538227173 -0.12929600981056069 0.11287364089160741 0.027029078842452561 -0.066705691387860463 0.030601069522098397 -0.017934574793915914 -0.084898971782452259 0.043885682187775152 0.095824228881420059 0.036655400874696903 -0.079223385065594884 0.14632769001329343 0.033057599886340404 0.098235608620992051 -0.047324818266533258 -0.053256683053010651 0.16394928931018801 -0.10625702128880501 -0.082619224386481241 0.10492549473292459 -0.059234662778268027 0.11213067638268398 -0.014209518779307246
leaf_weight=48.177349021658301 277.94556416757405 3.384999584406617 3.0916562378406516 4.965455234050749 2.8447176590561858 102.43045335635543 13.957304995507 3.072799205780032 3.6053932309150687 7.2654602602124205 8.1761056855320913 3.2752409949898711 4.9544575288891792 3.4937242791056633 4.1608941629528999 4.5035635214298964 4.4350489228963852 4.1423193924129 4.0629854425787926 40.561506986618042 3.8583535738289347 2.7640773635357618 27.614687596447769 1.7943314900621763 1.1217939760535955 11.371707635000353 2.0379592403769484 9.5300043933093566 3.2637697383761397 4.6071001812815666
leaf_count=492 1838 25 20 36 48 643 79 21 20 38 51 20 28 30 26 32 22 25 23 241 39 27 627 33 26 206 19 98 27 46
internal_value=-0.000432445 0.0067142 -0.0072089 -0.00032125 -0.0187571 0.00277967 0.0163738 -0.00754797 0.0328106 -0.04031 -0.0226022 -0.0441033 -0.0687683 0.0394325 0.0520248 0.02393 -0.0169062 -0.00739048 0.0944969 0.0395731 -0.0164503 0.0374814 -0.0197115 -0.0424386 0.0600046 -0.0109268 -0.0321218 -0.0418289 -0.0151718 0.0381793
internal_weight=620.471 301.987 318.484 199.498 118.986 186.303 79.7302 32.4717 47.2586 18.5144 15.4416 13.1952 9.91991 24.0412 20.6562 12.4323 7.92877 106.573 8.22388 44.1669 116.141 6.62243 109.519 30.5308 2.91613 78.9879 30.8105 28.7726 17.4009 7.87087
internal_count=4906 1996 2910 1222 1688 1138 470 189 281 110 89 84 64 158 133 84 52 668 49 261 1640 66 1574 686 59 888 396 377 171 73
is_linear=0
shrinkage=0.1


Tree=41
num_leaves=31
num_cat=0
split_feature=293 12 0 24 267 243 11 128 7 71 51 58 8 22 1 1 0 167 15 97 14 56 62 0 53 15 79 132 16 1
split_gain=2.82649 2.79046 3.16592 3.10439 2.47059 3.08631 2.46386 5.38989 3.44911 2.82719 4.04511 2.73063 5.196 2.85745 2.75612 2.59128 3.74516 2.82392 2.79939 4.57963 3.94832 5.82016 2.48657 3.29263 3.50644 3.65124 3.0334 3.12025 3.0301 2.46008
threshold=1.0000000180025095e-35 1.0000000180025095e-35 14.47091054916382 1.0000000180025095e-35 1.0000000180025095e-35 1.0000000180025095e-35 1.0000000180025095e-35 1.0000000180025095e-35 1.0000000180025095e-35 1.0000000180025095e-35 1.0000000180025095e-35 1.0000000180025095e-35 1.0000000180025095e-35 1.0000000180025095e-35 -0.46003498136997217 -0.46003498136997217 3.9917863607406621 1.0000000180025095e-35 1.0000000180025095e-35 1.0000000180025095e-35 1.0000000180025095e-35 1.0000000180025095e-35 1.0000000180025095e-35 8.8049278259277362 1.0000000180025095e-35 1.0000000180025095e-35 1.0000000180025095e-35 1.0000000180025095e-35 1.0000000180025095e-35 -0.22138565033674237
decision_type=2 2 2 2 2 2 2 2 2 2 2 2 2 2 2 2 2 2 2 2 2 2 2 2 2 2 2 2 2 2
left_child=1 4 -3 -4 5 6 8 11 9 10 15 12 13 14 -8 16 -1 18 20 -20 -17 -22 26 -24 -25 28 27 29 -26 -10
right_child=-2 2 3 -5 -6 -7 7 -9 22 -11 -12 -13 -14 -15 -16 17 -18 -19 19 -21 21 -23 23 24 25 -27 -28 -29 -30 -31
leaf_value=-0.0083057004183354956 0.078554114011660639 -0.0061312420096967454 0.034540781393604718 -0.060051537146275064 0.072459366205621781 0.090488607733056337 0.096530661941172047 -0.047435159867808323 0.10315061869304534 -0.038259966309034409 0.11547191100489403 0.024325450570619009 -0.042433058867143644 -0.061260264061691397 0.017090749632639915 0.048669639590398051 -0.091459781991026001 -0.088383112298241168 -0.042001108176346447 0.1002496382700357 0.060391114099641846 -0.053670352158471948 -0.034735611884341322 0.0377607816385995 -0.02762765776453276 -0.075127346267615858 -0.05457290467084186 -0.013415720657510019 0.076197726990955478 0.035591298891406872
leaf_weight=14.929872877895834 4.4985034521669141 154.44898287858814 4.1571745239198235 20.973212090320885 5.1094762813299885 3.9506729468703261 5.1530442386865607 14.887427372857926 7.3495128788053981 39.461707277223468 2.6502670254558316 113.54775824770331 20.771687004715204 3.8939897157251826 28.644651347771287 22.359128586947918 8.4999429956078512 3.4130074363201848 18.558224540203813 2.577523596584796 6.9607731662690648 12.520109418779612 22.491482013836503 24.113907359540462 6.8290379121899623 7.3074442185461512 4.039005570113658 9.2870637439191324 4.7773598097264767 20.214282883331183
leaf_count=136 35 1549 55 304 33 25 31 118 58 285 19 729 136 27 195 123 68 23 172 20 38 82 157 154 34 49 26 64 33 128
internal_value=-0.000423477 -0.00100223 -0.0114871 -0.0444037 0.0033332 0.00251025 0.00169289 0.0102887 -0.00504769 -0.0158514 -0.00628835 0.0152847 -0.00227438 0.0198569 0.0292027 -0.00988111 -0.0384726 0.00020935 0.00501067 -0.0246535 0.0199957 -0.0129147 0.00834718 -0.00372914 0.0124786 -0.0197546 0.0276975 0.0367147 0.0151084 0.0536051
internal_weight=618.376 613.878 179.579 25.1304 434.298 429.189 425.238 186.899 238.34 131.931 92.4688 172.011 58.4634 37.6917 33.7977 89.8186 23.4298 66.3888 62.9758 21.1357 41.84 19.4809 106.409 65.5192 43.0277 18.9138 40.8899 36.8509 11.6064 27.5638
internal_count=4906 4871 1908 359 2963 2930 2905 1236 1669 966 681 1118 389 253 226 662 204 458 435 192 243 120 703 427 270 116 276 250 67 186
is_linear=0
shrinkage=0.1


Tree=42
num_leaves=31
num_cat=0
split_feature=13 108 0 96 42 139 140 1 8 188 61 10 0 16 153 12 67 12 71 174 22 21 8 5 151 49 176 55 61 0
split_gain=2.61814 2.29433 2.24997 2.19045 4.24575 3.52667 4.13295 3.59416 3.50071 3.15294 3.049 3.62965 5.21127 2.94118 2.88252 2.68673 2.6319 2.43182 2.55091 2.62629 2.38961 3.69448 3.40161 5.28869 2.21893 2.75193 2.23057 2.11284 3.7988 3.46395
threshold=1.0000000180025095e-35 1.0000000180025095e-35 17.80835056304932 1.0000000180025095e-35 1.0000000180025095e-35 1.0000000180025095e-35 1.0000000180025095e-35 0.61715719103813182 1.0000000180025095e-35 1.0000000180025095e-35 1.0000000180025095e-35 1.0000000180025095e-35 10.260096073150637 1.0000000180025095e-35 1.0000000180025095e-35 1.0000000180025095e-35 1.0000000180025095e-35 1.0000000180025095e-35 1.0000000180025095e-35 1.0000000180025095e-35 1.0000000180025095e-35 1.0000000180025095e-35 1.0000000180025095e-35 1.0000000180025095e-35 1.0000000180025095e-35 1.0000000180025095e-35 1.0000000180025095e-35 1.0000000180025095e-35 1.0000000180025095e-35 15.368925571441652
decision_type=2 2 2 2 2 2 2 2 2 2 2 2 2 2 2 2 2 2 2 2 2 2 2 2 2 2 2 2 2 2
left_child=2 -2 3 5 15 6 7 14 -6 17 -7 12 -12 -8 20 -5 -13 18 -9 27 24 22 23 -22 26 -26 -1 -20 -29 -30
right_child=1 -3 -4 4 8 10 13 9 -10 -11 11 16 -14 -15 -16 -17 -18 -19 19 -21 21 -23 -24 -25 25 -27 -28 28 29 -31
leaf_value=-0.0010851848351912197 0.0037040711334428845 0.036041380659571153 0.062640249370363929 0.057103723598458223 0.0044669863067638956 -0.090236022809079997 -0.0023906997341470631 0.049736264072187369 -0.11468749634721137 0.051105670011710916 -0.033140815541490842 -0.0088492656346035974 0.13330467056554299 0.12732826998002064 0.088604390765207638 -0.012343959360527493 -0.15194767779487431 -0.09612656456161045 -0.07598064448021101 -0.12003474402635078 -0.13021775117697296 -0.085910117030710192 0.07151127903255762 0.045277145595104221 -0.010735968964049811 -0.13249154082085268 0.08429259995254465 0.050226657262668818 -0.14427996624838707 -0.011432183463452466
leaf_weight=166.69647788535804 276.80902764387429 23.829385025426745 4.6007687821984282 18.639129959046844 6.8891475107520801 9.8853181749582291 3.2175811305642119 3.3505494929850128 3.8400475941598415 3.7346503594890228 5.5380149576812965 2.4714914858341226 2.8486036118119955 3.8266452774405479 3.2979731671512118 7.9453166602179399 2.6779286935925484 7.5114091271534553 6.9699866753071591 3.7819184046238652 3.4515880364924669 9.0091149043291807 4.1791250444948673 3.4173557832837105 5.3823631796985847 2.8336686566472054 3.1172570697963229 6.3202472012490025 2.7557067181915045 6.8209282904863358
leaf_count=1548 1838 158 42 136 57 99 36 23 31 36 50 21 28 20 25 94 27 152 50 28 29 87 34 28 56 26 29 49 18 51
internal_value=-0.000408078 0.00626721 -0.00677882 -0.00780772 0.0149183 -0.0109128 -0.0074323 -0.00962453 -0.0381792 -0.0365183 -0.0480156 -0.0171821 0.0233942 0.0680767 -0.00411645 0.0363478 -0.0832668 -0.0452424 -0.0325017 -0.0428414 -0.00566017 -0.0383827 0.000373338 -0.0429076 -0.00197358 -0.0527289 0.000482088 -0.0300745 -0.00994701 -0.0496595
internal_weight=615.649 300.638 315.01 310.41 37.3136 273.096 249.675 242.63 10.7292 41.2454 23.4214 13.536 8.38662 7.04423 201.385 26.5844 5.14942 37.5107 29.9993 26.6488 198.087 20.0572 11.0481 6.86894 178.03 8.21603 169.814 22.8669 15.8969 9.57664
internal_count=4906 1996 2910 2868 318 2550 2325 2269 88 407 225 126 78 56 1862 230 48 371 219 196 1837 178 91 57 1659 82 1577 168 118 69
is_linear=0
shrinkage=0.1


Tree=43
num_leaves=31
num_cat=0
split_feature=16 114 64 6 0 15 71 97 168 12 67 6 74 67 134 80 15 22 82 15 0 8 81 69 1 0 11 5 177 0
split_gain=2.66008 2.12145 2.13382 2.40566 3.70982 2.38806 2.38306 2.71311 3.1845 2.74808 2.68922 2.46658 4.10594 2.44331 2.42441 3.58031 3.47667 3.25 2.92546 2.22343 2.54327 2.4973 2.19683 2.14232 2.10641 2.94952 2.08377 2.06531 5.42826 3.6881
threshold=1.0000000180025095e-35 1.0000000180025095e-35 1.0000000180025095e-35 1.0000000180025095e-35 17.041751861572269 1.0000000180025095e-35 1.0000000180025095e-35 1.0000000180025095e-35 1.0000000180025095e-35 1.0000000180025095e-35 1.0000000180025095e-35 1.0000000180025095e-35 1.0000000180025095e-35 1.0000000180025095e-35 1.0000000180025095e-35 1.0000000180025095e-35 1.0000000180025095e-35 1.0000000180025095e-35 1.0000000180025095e-35 1.0000000180025095e-35 14.97056818008423 1.0000000180025095e-35 1.0000000180025095e-35 1.0000000180025095e-35 0.603315830230713 13.600273609161379 1.0000000180025095e-35 1.0000000180025095e-35 1.0000000180025095e-35 3.4811772108078007
decision_type=2 2 2 2 2 2 2 2 2 2 2 2 2 2 2 2 2 2 2 2 2 2 2 2 2 2 2 2 2 2
left_child=1 2 6 4 24 26 14 8 9 10 19 22 -13 -9 15 27 17 18 -16 20 21 -8 23 -12 25 -4 -5 28 -1 -29
right_child=-2 -3 3 5 -6 -7 7 13 -10 -11 11 12 -14 -15 16 -17 -18 -19 -20 -21 -22 -23 -24 -25 -26 -27 -28 29 -30 -31
leaf_value=0.011687776490445397 0.0054417147168961209 -0.093334313301991254 0.0074935742553869982 -0.042036383310926601 0.15127417875064231 -0.11049059467924682 -0.15031465170056041 -0.018876917919371735 0.064476193127079279 -0.089131729352614777 0.13000937881307359 -0.085498499347593737 0.047701342916057911 0.091238315560294991 -0.0089922487700794078 -0.045371280663080049 -0.092377230755920817 -0.094742273508733835 0.10974950861423623 -0.11460450746999346 0.0059604216180197981 -0.021737368068102871 -0.038604800874618775 0.018305535486531369 -0.017690819778142779 0.15136257076719584 0.071090975231971817 -0.068974213723022745 0.17006560475822363 0.0017414503616059503
leaf_weight=79.684136507101357 343.64185645990074 2.8699971465393892 3.54503635317087 3.5240402389317751 2.7386924549937257 2.1851746747270226 2.8990037031471747 4.9432008480653149 3.007004400715231 9.7261261558160168 2.6398809403181076 6.9044929575175047 3.480954073369503 3.4016976673156023 13.515255086123949 15.214605616405604 7.0056246519088736 3.7032188307493916 2.4511513113975516 5.0512080900371066 6.7480615228414536 3.1540374122560024 3.4871716722846031 4.9107263647019863 6.3099901797249913 2.3828469337895513 3.0266255661845207 8.6191267948597652 2.2244866117835036 51.100827502086759
leaf_count=848 1996 30 27 34 22 40 21 57 21 218 18 56 31 32 134 161 155 36 19 73 41 20 23 39 58 20 23 107 16 530
internal_value=-0.000397084 -0.00781592 -0.00689868 0.0217393 0.0460655 -0.0199653 -0.00968323 -0.0269207 -0.0354136 -0.0415434 -0.0297587 -0.00587196 -0.0408531 0.0260102 -0.00401435 0.000725725 -0.0318847 -0.0103394 0.0092369 -0.0584234 -0.0362548 -0.0833173 0.0270418 0.05736 0.0225211 0.065325 0.0102322 0.00567775 0.015989 -0.00846464
internal_weight=614.096 270.454 267.584 23.7124 14.9766 8.73584 243.872 60.3536 52.0087 49.0017 39.2755 21.4232 10.3854 8.3449 183.518 156.843 26.6752 19.6696 15.9664 17.8523 12.8011 6.05304 11.0378 7.55061 12.2379 5.92788 6.55067 141.629 81.9086 59.72
internal_count=4906 2910 2880 224 127 97 2656 650 561 540 322 167 87 89 2006 1662 344 189 153 155 82 41 80 57 105 47 57 1501 864 637
is_linear=0
shrinkage=0.1


Tree=44
num_leaves=31
num_cat=0
split_feature=89 7 305 11 88 0 1 0 99 168 14 93 54 73 73 1 6 1 102 15 0 0 0 10 56 0 137 16 1 11
split_gain=2.48496 2.45217 3.23426 3.0429 2.83091 2.7471 3.05267 6.29956 2.87785 3.83911 2.97706 2.97669 3.28749 2.86095 2.85367 2.71126 4.53467 4.29544 3.49443 3.47419 2.64495 4.60795 2.78104 3.13285 2.99129 3.96196 2.98288 2.70629 2.84187 2.62963
threshold=1.0000000180025095e-35 1.0000000180025095e-35 1.0000000180025095e-35 1.0000000180025095e-35 1.0000000180025095e-35 9.9206023216247576 0.16662864387035373 10.658453464508058 1.0000000180025095e-35 1.0000000180025095e-35 1.0000000180025095e-35 1.0000000180025095e-35 1.0000000180025095e-35 1.0000000180025095e-35 1.0000000180025095e-35 0.61715719103813182 1.0000000180025095e-35 0.58901816606521618 1.0000000180025095e-35 1.0000000180025095e-35 13.211498737335207 14.405201911926271 4.5790553092956552 1.0000000180025095e-35 1.0000000180025095e-35 2.4503763914108281 1.0000000180025095e-35 1.0000000180025095e-35 -0.59129971265792836 1.0000000180025095e-35
decision_type=2 2 2 2 2 2 2 2 2 2 2 2 2 2 2 2 2 2 2 2 2 2 2 2 2 2 2 2 2 2
left_child=1 2 3 4 20 -3 13 -8 9 11 -10 15 -13 -7 -12 17 19 18 -9 -17 22 -22 23 24 25 -1 -25 28 -26 -21
right_child=-2 5 -4 -5 -6 6 7 8 10 -11 14 12 -14 -15 -16 16 -18 -19 -20 29 21 -23 -24 26 27 -27 -28 -29 -30 -31
leaf_value=0.040147929871565735 -0.092511129403643491 -0.0024349851561072389 0.11111823255610892 0.0040746448254386173 0.043936536926018253 0.15621785260987278 -0.14937305047312932 0.027333172651533139 0.010824097821375146 0.11640422651218077 -0.13042460695130295 -0.092582435375218056 0.036064590758729968 0.027197615812508315 -0.010174446386404865 0.074337437292548603 -0.031222797233505569 0.16281708067402517 0.14333559264047929 -0.046561834799365737 -0.095204314613115154 -0.020390223714141481 -0.0027532080428805967 -0.10805172749602759 0.067113909052699483 -0.084144043235865953 0.02525939459661878 0.090883283590514063 -0.11197303651193216 0.058684899301618132
leaf_weight=3.7464015148580101 2.9143481664359561 135.17304844036698 2.3658175133168688 157.59406686387956 7.8878062404692164 2.9953845255076876 2.3043634034693232 31.340438718907535 18.579678783193231 4.4912622645497313 3.467598997056486 4.5348015967756492 3.5347029753029346 4.0323358736932278 4.5800935048609972 12.148864563554525 16.181484547443688 2.9447512477636328 2.8314265739172688 6.0596908610314131 10.794068269431589 34.693776093423367 106.81500586681068 8.3748720884323138 1.6608626414090397 8.1302574295550567 2.0991213023662558 4.0790215954184532 1.8994770888239134 3.9030726701021194
leaf_count=38 31 994 20 1251 56 22 14 223 132 29 25 37 29 28 34 104 111 21 17 49 109 332 900 91 21 90 21 29 24 24
internal_value=-0.00039143 4.92296e-05 -0.00540828 -0.00620098 -0.0147159 0.00742428 0.018178 0.0143299 0.0176217 0.0263401 -0.0111822 0.0214946 -0.0362309 0.0821892 -0.061988 0.0276717 0.00900385 0.0469314 0.0369449 0.0384421 -0.0172538 -0.0381433 -0.010308 -0.037216 -0.0135382 -0.0449371 -0.0813345 0.0352767 -0.0284308 -0.00532974
internal_weight=612.158 609.244 350.141 347.775 190.181 259.103 123.93 116.902 114.598 87.9705 26.6274 83.4792 8.0695 7.02772 8.04769 75.4097 38.2931 37.1166 34.1719 22.1116 182.293 45.4878 136.805 29.99 19.516 11.8767 10.474 7.63936 3.56034 9.96276
internal_count=4906 4875 2982 2962 1711 1893 899 849 835 644 191 615 66 50 59 549 288 261 240 177 1655 441 1214 314 202 128 112 74 45 73
is_linear=0
shrinkage=0.1


Tree=45
num_leaves=31
num_cat=0
split_feature=14 262 262 20 107 214 85 103 153 20 267 1 6 35 8 0 0 1 65 0 6 8 104 69 11 8 1 0 10 9
split_gain=2.36818 4.39686 2.83512 2.65018 3.0267 2.37338 2.30288 2.55581 2.36355 2.33731 2.05619 2.21682 3.17788 3.33775 3.20054 3.72035 2.89886 4.21057 2.98088 3.05144 4.26679 3.82909 2.97405 2.81968 3.94029 2.75421 2.15855 1.97934 1.97201 1.84221
threshold=1.0000000180025095e-35 1.0000000180025095e-35 1.0000000180025095e-35 1.0000000180025095e-35 1.0000000180025095e-35 1.0000000180025095e-35 1.0000000180025095e-35 1.0000000180025095e-35 1.0000000180025095e-35 1.0000000180025095e-35 1.0000000180025095e-35 0.85185185074806224 1.0000000180025095e-35 1.0000000180025095e-35 1.0000000180025095e-35 17.746748924255375 15.585215568542482 0.74826982617378246 1.0000000180025095e-35 14.867898464202883 1.0000000180025095e-35 1.0000000180025095e-35 1.0000000180025095e-35 1.0000000180025095e-35 1.0000000180025095e-35 1.0000000180025095e-35 0.61715719103813182 2.2026009559631352 1.0000000180025095e-35 1.0000000180025095e-35
decision_type=2 2 2 2 2 2 2 2 2 2 2 2 2 2 2 2 2 2 2 2 2 2 2 2 2 2 2 2 2 2
left_child=2 6 3 4 5 10 7 8 9 27 11 16 13 14 15 -13 18 -18 19 22 21 -21 26 -19 -25 -22 -1 -2 -14 -29
right_child=1 -3 -4 -5 -6 -7 -8 -9 -10 -11 -12 12 28 -15 -16 -17 17 23 -20 20 25 -23 -24 24 -26 -27 -28 29 -30 -31
leaf_value=0.0062608174243662003 0.053231959094630459 0.087108397686137776 -0.069199279432556604 -0.077510296827513911 0.096691219340892212 0.07012228011381183 -0.07520726068986687 0.074940808451110133 0.066819302305083914 0.079592838836440874 0.081502478546306434 -0.10345929511801327 0.022233543285482368 0.13594431536984108 0.099481413575258693 0.062027347410727435 -0.12100961609871695 -0.054429829809506496 -0.062640474297530557 0.044395794370545527 0.045112447212378615 0.19379471216657795 -0.052162770026931482 -0.022580463950769111 0.124969875213347 -0.1001324531987416 -0.067853848941528669 -0.0067789626330478628 -0.069926491047448733 -0.026112648060907614
leaf_weight=276.21039275452495 4.4788300264626733 4.741441221907734 5.137988530099391 3.7974032014608374 3.6803171765059224 5.6030056551098815 5.319359738379716 3.6002739295363417 3.9350385861471286 2.7883581873029462 3.4368537096306673 2.6636787736788374 6.9118311554193497 4.4333820613101134 3.9200551342219114 2.7724794074892998 4.4603218436241177 7.4795890403911454 6.5691556632518759 4.260264356620608 3.2609837623313069 2.8720796406269073 9.3374512903392297 4.9359286352992058 2.8577213417738676 2.1772227957844734 3.9863701472058883 132.92949916236103 3.4962389441207051 78.323493571020663
leaf_count=2136 39 33 48 35 23 37 45 20 30 23 27 25 56 34 34 23 38 60 49 35 28 20 78 39 22 21 32 1084 34 698
internal_value=-0.000375459 -0.00821756 0.00457202 0.00559888 0.00646276 0.00554454 -0.010171 -0.00864064 -0.00999334 -0.0113766 0.00452829 0.00377802 0.0329886 0.0644727 0.0306064 -0.0190599 0.00162573 -0.0355324 0.00400125 0.00545035 0.0536836 0.104556 0.00335624 -0.0105701 0.0315223 -0.0130373 0.00520639 -0.0125523 -0.0087245 -0.0139471
internal_weight=610.377 236.116 374.261 369.123 365.325 361.645 231.375 226.055 222.455 218.52 356.042 352.605 24.1977 13.7896 9.35621 5.43616 328.407 19.7336 308.674 302.105 12.5706 7.13234 289.534 15.2732 7.79365 5.43821 280.197 215.732 10.4081 211.253
internal_count=4906 1972 2934 2886 2851 2828 1939 1894 1874 1844 2791 2764 206 116 82 48 2558 159 2399 2350 104 55 2246 121 61 49 2168 1821 90 1782
is_linear=0
shrinkage=0.1


Tree=46
num_leaves=31
num_cat=0
split_feature=15 42 176 14 8 0 10 0 1 53 140 23 0 1 67 54 5 13 1 108 7 68 133 56 26 13 7 9 7 11
split_gain=2.42941 1.95421 2.28246 2.68678 3.37834 12.4303 4.04903 3.49849 3.47284 3.09557 3.91784 3.85197 4.17034 3.14905 2.87922 5.71952 3.97382 3.89197 3.18528 2.44795 2.38374 2.37557 2.45162 4.75181 2.22364 2.52198 2.01465 1.83898 5.69061 2.58005
threshold=1.0000000180025095e-35 1.0000000180025095e-35 1.0000000180025095e-35 1.0000000180025095e-35 1.0000000180025095e-35 2.8350445032119755 1.0000000180025095e-35 15.868583202362062 0.85185185074806224 1.0000000180025095e-35 1.0000000180025095e-35 1.0000000180025095e-35 9.9780974388122576 -0.14092326164245603 1.0000000180025095e-35 1.0000000180025095e-35 1.0000000180025095e-35 1.0000000180025095e-35 -0.20009126514196393 1.0000000180025095e-35 1.0000000180025095e-35 1.0000000180025095e-35 1.0000000180025095e-35 1.0000000180025095e-35 1.0000000180025095e-35 1.0000000180025095e-35 1.0000000180025095e-35 1.0000000180025095e-35 1.0000000180025095e-35 1.0000000180025095e-35
decision_type=2 2 2 2 2 2 2 2 2 2 2 2 2 2 2 2 2 2 2 2 2 2 2 2 2 2 2 2 2 2
left_child=-1 2 3 4 6 -6 14 -8 19 10 11 -5 13 27 16 -16 17 -2 -18 21 -9 22 -7 -24 25 -17 -14 29 -29 -13
right_child=1 -3 -4 9 5 8 7 20 -10 -11 -12 12 26 -15 15 24 18 -19 -20 -21 -22 -23 23 -25 -26 -27 -28 28 -30 -31
leaf_value=0.0038416762231159741 -0.051676595130380247 -0.031507885629352139 -0.080284226084541055 -0.13314257947816802 0.26606977317450781 0.036751958723673338 -0.063618391573623784 -0.032253441455286434 0.10105407444728967 -0.074268165377295678 -0.12415470293750082 0.017885972261123262 0.034960159911719912 -0.076203286985946597 -0.016179029461752904 -0.030880723931082949 0.028311792004609062 0.086343080235076572 -0.12662505525222284 -0.089130918607631712 0.10755536090613732 -0.07143388736301659 -0.12108431494541268 0.084721430011844373 0.12363764455498896 0.10723894836391162 0.14305424306059705 0.10108298821164954 -0.083304363227768755 -0.069052946460206502
leaf_weight=422.73735621664673 3.773400769568978 34.086236304603517 3.9251822819933286 2.1058741351589552 2.1039628610014907 21.677285838872205 17.143855486996475 2.6481820875778785 4.2429692465811959 9.2025358220562321 2.8043003529310218 8.816761717200281 5.1908229840919367 5.9910665992647436 11.541647700592875 2.7457375405356288 1.8675010390579698 4.455499054864049 4.58376211952418 2.5545645207166663 2.2605159291997552 2.9983891090378156 2.9397653788328162 1.8142154160887001 6.2676339754834771 2.5495135150849819 2.5818391125649214 5.4424790190532795 2.4171360079199076 5.5699602086096993
leaf_count=2975 41 374 40 21 28 204 193 28 35 94 30 113 59 65 109 26 19 32 46 27 17 27 35 23 50 18 19 66 27 65
internal_value=-0.000351102 -0.00986489 -0.00501832 -0.00302607 0.00659204 0.02977 -0.00825554 -0.0423056 0.0160465 -0.0218637 -0.0100785 -0.00168557 0.00600205 -0.0118524 0.0116173 0.0336211 -0.0230135 0.0230535 -0.0817742 0.0047695 0.0321302 0.0129203 0.0224895 -0.0425447 0.0833297 0.03562 0.0708657 0.00547768 0.0443767 -0.0157733
internal_weight=609.04 186.303 152.216 148.291 98.1684 38.3312 59.8372 22.0526 36.2272 50.1228 40.9202 38.1159 36.0101 28.2374 37.7847 23.1045 14.6802 8.2289 6.45126 31.9842 4.9087 29.4297 26.4313 4.75398 11.5629 5.29525 7.77266 22.2463 7.85962 14.3867
internal_count=4906 1931 1557 1517 958 379 579 238 351 559 465 435 414 336 341 203 138 73 65 316 45 289 262 58 94 44 78 271 93 178
is_linear=0
shrinkage=0.1


Tree=47
num_leaves=31
num_cat=0
split_feature=16 0 9 6 1 11 121 1 104 293 98 0 0 15 67 144 108 35 79 0 0 21 9 12 81 7 64 6 10 0
split_gain=2.4456 2.05915 3.07166 3.2927 3.66961 2.61292 1.90101 1.8967 1.8646 1.87663 1.76288 4.33038 4.506 3.17664 3.0106 2.14042 1.93161 2.36535 1.79975 2.33694 5.959 3.84661 3.08863 3.07694 6.60727 8.19292 2.31693 2.26004 2.17525 1.98542
threshold=1.0000000180025095e-35 3.5414099693298344 1.0000000180025095e-35 1.0000000180025095e-35 -0.73564529418945301 1.0000000180025095e-35 1.0000000180025095e-35 -0.69168758392333973 1.0000000180025095e-35 1.0000000180025095e-35 1.0000000180025095e-35 3.9219712018966679 12.581793308258058 1.0000000180025095e-35 1.0000000180025095e-35 1.0000000180025095e-35 1.0000000180025095e-35 1.0000000180025095e-35 1.0000000180025095e-35 11.934291839599611 11.296372413635256 1.0000000180025095e-35 1.0000000180025095e-35 1.0000000180025095e-35 1.0000000180025095e-35 1.0000000180025095e-35 1.0000000180025095e-35 1.0000000180025095e-35 1.0000000180025095e-35 11.108829498291017
decision_type=2 2 2 2 2 2 2 2 2 2 2 2 2 2 2 2 2 2 2 2 2 2 2 2 2 2 2 2 2 2
left_child=6 2 3 4 -2 -5 8 -4 9 10 15 -12 16 -14 -15 18 17 -13 19 20 29 23 -22 26 -25 -26 -21 -28 -20 -1
right_child=1 -3 7 5 -6 -7 -8 -9 -10 -11 11 12 13 14 -16 -17 -18 -19 28 21 22 -23 -24 24 25 -27 27 -29 -30 -31
leaf_value=-0.0035764648103991121 0.11105533285182748 0.0078006780013855281 -0.023809893006707595 -0.10363065429600692 -0.00040774398104626854 0.016193391141401219 -0.1069451534029843 -0.10494298614334743 -0.053947822345796898 0.090601892785837912 0.15478801987805063 -0.035839991625603355 0.080674514085582572 -0.1087193621825293 0.079362086602291632 0.078457792465543907 -0.10705709090377594 0.057574631089386478 -0.0063630570491802945 -0.015525609847368008 0.1238263619065718 -0.088885279307533094 -0.003654958627527142 -0.10776240107391366 -0.10712925392920603 0.17743987617332502 0.063290984909942324 -0.024839697211200246 -0.072330796102765257 -0.10632257362821128
leaf_weight=118.01104286778718 4.1481202058494082 307.9923861566931 6.515559945255518 4.1026205718517295 10.257263850420715 3.2706938087940216 1.9100928734987963 5.1659645996987802 8.1382536664605123 2.0231547988951197 2.0932592377066603 11.232441608794039 9.4908235874026996 2.0519966473802915 1.4541784860193732 2.7464257422834626 2.5802219677716485 3.572782462462782 10.111610695719719 37.398911934345961 5.6880554370582086 7.6867219712585202 2.8541743755340576 8.5907556535676104 1.869676918722688 2.20479207765311 8.6029503382742387 4.3970076255500308 9.8852029498666525 1.9111671522259701
leaf_count=1329 27 1768 43 34 64 21 17 39 108 19 16 131 66 38 19 27 26 29 105 306 47 89 29 202 51 25 62 37 113 19
internal_value=-0.00036223 0.00524107 -0.0183194 0.00387052 0.0316887 -0.0504785 -0.0075413 -0.0596897 -0.00682371 -0.0053283 -0.0060911 0.01567 0.00608517 0.0506257 -0.030713 -0.00927506 -0.0272124 -0.0132973 -0.0103742 -0.0075035 0.000534286 -0.0220979 0.0812316 -0.0139574 -0.0580203 0.0468579 -0.00288443 0.0334823 -0.0389735 -0.0052139
internal_weight=607.958 341.453 33.4602 21.7787 14.4054 7.37331 266.506 11.6815 264.596 256.457 254.434 32.4757 30.3824 12.997 3.50618 221.958 17.3854 14.8052 219.212 199.215 128.464 70.7508 8.54223 63.0641 12.6652 4.07447 50.3989 13 19.9968 119.922
internal_count=4906 1996 228 146 91 55 2910 82 2893 2785 2766 325 309 123 57 2441 186 160 2414 2196 1424 772 76 683 278 76 405 99 218 1348
is_linear=0
shrinkage=0.1


Tree=48
num_leaves=31
num_cat=0
split_feature=13 91 51 7 0 168 10 21 168 1 188 21 12 139 10 10 0 1 0 81 6 9 44 0 1 52 11 0 10 73
split_gain=2.23913 1.90047 1.99083 1.92711 2.99393 4.39601 5.60704 5.3445 3.13154 2.95604 2.56796 2.49632 2.7425 2.38125 2.21307 2.09993 1.92996 1.96976 5.51341 3.81935 3.16132 3.38544 2.65256 2.24108 1.9828 5.67115 4.8233 3.65323 4.04781 5.28389
threshold=1.0000000180025095e-35 1.0000000180025095e-35 1.0000000180025095e-35 1.0000000180025095e-35 9.5071868896484393 1.0000000180025095e-35 1.0000000180025095e-35 1.0000000180025095e-35 1.0000000180025095e-35 -0.045250589028000825 1.0000000180025095e-35 1.0000000180025095e-35 1.0000000180025095e-35 1.0000000180025095e-35 1.0000000180025095e-35 1.0000000180025095e-35 17.80835056304932 0.61715719103813182 14.054756641387941 1.0000000180025095e-35 1.0000000180025095e-35 1.0000000180025095e-35 1.0000000180025095e-35 15.368925571441652 0.11171952262520791 1.0000000180025095e-35 1.0000000180025095e-35 6.7118411064147958 1.0000000180025095e-35 1.0000000180025095e-35
decision_type=2 2 2 2 2 2 2 2 2 2 2 2 2 2 2 2 2 2 2 2 2 2 2 2 2 2 2 2 2 2
left_child=1 3 -3 4 5 7 -7 9 10 -1 11 12 -6 16 -15 -13 17 18 22 20 21 -19 -5 -21 27 26 -26 -24 29 -29
right_child=-2 2 -4 13 8 6 -8 -9 -10 -11 -12 15 -14 14 -16 -17 -18 19 -20 23 -22 -23 24 -25 25 -27 -28 28 -30 -31
leaf_value=-0.0045358386521142874 0.0058436063216067771 -0.11177100046081655 0.0014980628254301798 -0.084605997207480854 -0.020519498084946127 -0.024812557445717729 0.1930379898599609 -0.083632783995457913 -0.11884392805542313 0.05523750869553691 0.083182335059562337 0.080732919916969834 -0.068618703161857725 -0.010907722855913677 -0.10823250598696546 -0.021331753537633228 0.088590066544306553 -0.06844538828145616 0.1084163087334757 -0.044030493743206112 -0.10742081011520035 0.050904110281641025 0.017296873326177534 0.066622758596115758 0.015943316273751517 -0.029492975918241238 0.11572980186493896 -0.038491335403904731 -0.077731028730912602 0.088661893778961762
leaf_weight=58.156421390362084 296.53078499995172 3.4491469515487543 2.8207072010263801 3.1547623034566632 49.739868249744177 2.1662524268031111 2.5988296531140804 7.7618268132209769 3.5138556268066159 9.6458979286253435 2.2407520608976474 3.8229837147518975 15.563212823122738 7.2896304726600629 3.4384839311242104 4.2644117940217257 2.8289193157106629 5.2788322158157808 5.5057192351669064 2.6375355608761311 5.9616032857447872 4.3230783781036735 41.61864922940731 5.9805478323251009 10.537678099237382 10.44617845863104 8.9649877324700356 10.019821794703601 10.673496598377824 4.8500505294650802
leaf_count=601 1996 45 22 28 404 24 26 90 37 79 26 43 299 60 34 43 21 44 39 17 52 40 362 44 85 91 60 82 76 36
internal_value=-0.000365129 -0.00631842 -0.0608131 -0.00519073 -0.0127562 0.000844109 0.094001 -0.00503037 -0.0265601 0.00396782 -0.0222726 -0.0254923 -0.0319826 0.00321639 -0.0421014 0.0269151 0.00687785 0.00509907 0.0109858 -0.0206496 -0.0502232 -0.0147105 0.00563573 0.0327577 0.00856734 0.0299655 0.0618132 -0.000974524 -0.0307447 0.00298176
internal_weight=605.785 309.254 6.26985 302.984 159.474 80.3292 4.76508 75.5641 79.1451 67.8023 75.6312 73.3905 65.3031 143.51 10.7281 8.0874 132.782 129.953 105.771 24.1816 15.5635 9.60191 100.266 8.61808 97.1109 29.9488 19.5027 67.162 25.5434 14.8699
internal_count=4906 2910 67 2843 1672 820 50 770 852 680 815 789 703 1171 94 86 1077 1056 859 197 136 84 820 61 792 236 145 556 194 118
is_linear=0
shrinkage=0.1


Tree=49
num_leaves=31
num_cat=0
split_feature=16 0 9 8 133 11 0 114 1 13 126 84 140 0 134 74 88 67 49 1 51 113 67 11 0 11 7 64 54 8
split_gain=2.14838 1.77404 2.62916 2.69422 3.39792 2.44364 1.76734 1.75475 1.73161 1.62391 2.25114 1.986 2.27472 4.42773 2.0754 4.56614 2.50303 2.19533 1.91335 5.44863 3.5831 3.33677 2.97906 2.91617 2.51998 3.78597 2.78415 3.96796 2.513 2.27591
threshold=1.0000000180025095e-35 3.5414099693298344 1.0000000180025095e-35 1.0000000180025095e-35 1.0000000180025095e-35 1.0000000180025095e-35 2.7310061454772954 1.0000000180025095e-35 -0.69168758392333973 1.0000000180025095e-35 1.0000000180025095e-35 1.0000000180025095e-35 1.0000000180025095e-35 6.8391511440277108 1.0000000180025095e-35 1.0000000180025095e-35 1.0000000180025095e-35 1.0000000180025095e-35 1.0000000180025095e-35 0.90113317966461193 1.0000000180025095e-35 1.0000000180025095e-35 1.0000000180025095e-35 1.0000000180025095e-35 2.4503763914108281 1.0000000180025095e-35 1.0000000180025095e-35 1.0000000180025095e-35 1.0000000180025095e-35 1.0000000180025095e-35
decision_type=2 2 2 2 2 2 2 2 2 2 2 2 2 2 2 2 2 2 2 2 2 2 2 2 2 2 2 2 2 2
left_child=7 2 3 5 -5 -2 -7 9 -4 10 -1 12 14 -14 16 17 18 -16 21 20 22 24 -20 -24 -11 26 27 -26 -28 -30
right_child=1 -3 8 4 -6 6 -8 -9 -10 11 -12 -13 13 -15 15 -17 -18 -19 19 -21 -22 -23 23 -25 25 -27 28 -29 29 -31
leaf_value=-0.013348484855359832 -0.065938843546541018 0.0072653507894999683 -0.022381040486601909 -0.012203354276218048 0.12389841449343569 0.063139217406773432 -0.032697164813369643 -0.087160707021465555 -0.10152799718114114 0.081190060636340211 -0.11139141317609323 0.042991574002246125 0.061909181582728567 -0.091906444903387979 -0.0090832143919640212 0.071525733380215714 0.084221736918442397 -0.10218148303961415 0.067754495820631047 0.16085106204765884 -0.057394194363448336 -0.09703120695142603 0.033211537852545062 -0.057018725873345957 -0.065044222637022975 0.020860894303670087 0.045088859498959133 0.05872786209443577 -0.071013424182967161 0.029285089676535449
leaf_weight=108.73564554657787 6.7301252409815806 307.14060698822141 6.4550443850457668 3.8620282709598532 3.4938515424728394 3.9576821327209473 3.7451505959033966 2.7112224800512186 4.834624841809271 3.5087189152836791 2.3934614853933445 10.241858549416063 2.5718176402151567 6.8722744937986135 4.0964084099978191 3.0774463340640059 3.869486901909112 6.63614771515131 10.612226616591215 2.6129502616822711 6.2292155157774678 3.84812032803893 9.3575581833720189 5.8031807355582723 19.78482132032514 30.643930450081825 8.0875342935323715 2.9802942778915158 5.6557168383151293 3.7707402240484953
leaf_count=1622 55 1768 43 25 22 23 21 30 39 33 48 69 22 58 36 27 27 67 72 18 54 29 67 37 204 233 56 27 45 29
internal_value=-0.000357669 0.00489558 -0.0171082 0.00318537 0.0524414 -0.0219184 0.0165432 -0.00712499 -0.0562745 -0.00629483 -0.0154601 0.000483583 -0.00262572 -0.0500193 0.000802125 -0.0358569 0.00513787 -0.0666477 0.00242726 0.0220045 0.0106678 -0.00622976 0.0271181 -0.00132652 -0.00153532 -0.00562793 -0.0257804 -0.0488406 0.00419392 -0.0308923
internal_weight=604.32 340.219 33.0785 21.7888 7.35588 14.433 7.70283 264.101 11.2897 261.39 111.129 150.26 140.019 9.44409 130.574 13.81 116.764 10.7326 112.895 34.6151 32.0022 78.2799 25.773 15.1607 74.4318 70.923 40.2791 22.7651 17.514 9.42646
internal_count=4906 1996 228 146 47 99 44 2910 82 2880 1670 1210 1141 80 1061 130 931 103 904 248 230 656 176 104 627 594 361 231 130 74
is_linear=0
shrinkage=0.1


Tree=50
num_leaves=31
num_cat=0
split_feature=15 0 6 91 12 13 73 77 26 71 54 0 0 8 40 67 8 101 73 47 0 113 1 6 13 108 102 151 0 138
split_gain=2.18816 1.87287 5.85821 4.38409 3.32556 2.84481 2.53386 2.49888 2.34612 2.77023 3.20208 4.05452 2.50747 2.45516 2.24231 5.35695 2.25578 3.95582 3.05023 3.9041 3.59056 4.82368 3.6951 3.81573 2.57651 2.41805 2.52663 3.46737 2.07787 1.97035
threshold=1.0000000180025095e-35 11.296372413635256 1.0000000180025095e-35 1.0000000180025095e-35 1.0000000180025095e-35 1.0000000180025095e-35 1.0000000180025095e-35 1.0000000180025095e-35 1.0000000180025095e-35 1.0000000180025095e-35 1.0000000180025095e-35 14.752909183502199 13.550992488861086 1.0000000180025095e-35 1.0000000180025095e-35 1.0000000180025095e-35 1.0000000180025095e-35 1.0000000180025095e-35 1.0000000180025095e-35 1.0000000180025095e-35 3.0691307783126835 1.0000000180025095e-35 -0.69168758392333973 1.0000000180025095e-35 1.0000000180025095e-35 1.0000000180025095e-35 1.0000000180025095e-35 1.0000000180025095e-35 3.3497605323791508 1.0000000180025095e-35
decision_type=2 2 2 2 2 2 2 2 2 2 2 2 2 2 2 2 2 2 2 2 2 2 2 2 2 2 2 2 2 2
left_child=1 7 3 -3 8 -6 -7 14 12 -10 -11 -12 -4 -14 16 -16 18 25 20 -20 22 28 23 24 -1 26 27 29 -22 -18
right_child=-2 2 4 -5 5 6 -8 -9 9 10 11 -13 13 -15 15 -17 17 -19 19 -21 21 -23 -24 -25 -26 -27 -28 -29 -30 -31
leaf_value=0.097551301212694952 -0.0094560266514651867 0.034151522691468365 0.030194038005607046 -0.099011360708604571 -0.098780692427483677 0.035478878446458278 -0.064374713549951654 -0.06894217661719515 0.086751104504305301 0.058853705098810764 -0.084440156626369056 0.028963724816344152 -0.0085589019810420209 -0.080005657248890166 0.043447396473152738 -0.13167503401106284 -0.015076262645578237 -0.098104507747768174 -0.025372678160527691 0.050600799702609028 0.10646822402736017 -0.06349001615214489 -0.11964332522216783 -0.077948457164029539 -0.014790896873008975 0.048027766748683809 0.081150921594802583 -0.11550932096933252 0.030220210420306506 0.029854959606110815
leaf_weight=3.9781057089567167 183.63304249383509 81.989346826449037 8.2289763092994708 2.5492383185774079 6.6078454684466132 5.0776199772953987 5.0875580050051212 5.3845945447683325 5.6724288575351265 7.6449052114039668 5.8251495473086834 6.8719794154167175 12.942670686170461 7.6539790965616694 3.0916022062301627 4.0155643820762634 74.641868304461241 4.8315551951527587 37.774717789143324 8.2391991168260557 3.7536775320768347 5.4419932663440695 3.2472239658236495 4.1391272600740185 4.1934985369443893 7.7932310663163653 2.944586142897605 3.1817648857831946 74.691504744812846 11.22810362651944
leaf_count=29 1931 635 46 19 123 37 42 43 34 48 30 39 72 45 22 26 557 28 253 47 28 35 29 33 25 52 16 30 482 70
internal_value=-0.000354778 0.00363661 0.0123091 0.030136 -0.00873552 -0.047701 -0.0144967 -0.00152089 0.00318219 0.0249547 0.00772256 -0.0230634 -0.016467 -0.0351094 -0.000109328 -0.0554972 0.00146477 -0.00973398 0.00951944 -0.011769 0.0193697 0.0275528 -0.0247528 0.000276604 0.0398996 -0.0054553 -0.00998598 -0.0129995 0.0338688 -0.00920119
internal_weight=602.357 418.724 156.152 84.5386 71.6131 16.773 10.1652 262.572 54.8401 26.0145 20.342 12.6971 28.8256 20.5966 257.187 7.10717 250.08 104.621 145.459 46.0139 99.4451 83.8872 15.558 12.3107 8.1716 99.7896 91.9963 89.0517 78.4452 85.87
internal_count=4906 2975 1170 654 516 202 79 1805 314 151 117 69 163 117 1762 48 1714 753 961 300 661 545 116 87 54 725 673 657 510 627
is_linear=0
shrinkage=0.1


Tree=51
num_leaves=31
num_cat=0
split_feature=292 12 0 24 6 232 67 54 13 118 1 1 0 1 54 0 81 15 21 8 6 35 0 98 74 0 0 61 13 51
split_gain=1.98104 2.08479 2.37912 2.64604 2.07822 1.98043 3.44796 1.9001 1.80138 1.79361 1.98022 3.82985 11.9956 3.351 5.48472 4.4873 3.69458 2.83368 3.22599 3.72576 2.61458 2.61282 3.42584 2.92848 2.39335 3.42539 4.13403 4.47421 3.41209 3.29443
threshold=1.0000000180025095e-35 1.0000000180025095e-35 14.47091054916382 1.0000000180025095e-35 1.0000000180025095e-35 1.0000000180025095e-35 1.0000000180025095e-35 1.0000000180025095e-35 1.0000000180025095e-35 1.0000000180025095e-35 -0.045250589028000825 -0.14092326164245603 7.6317591667175302 1.0000000180025095e-35 1.0000000180025095e-35 9.2238192558288592 1.0000000180025095e-35 1.0000000180025095e-35 1.0000000180025095e-35 1.0000000180025095e-35 1.0000000180025095e-35 1.0000000180025095e-35 15.924708843231203 1.0000000180025095e-35 1.0000000180025095e-35 16.661190986633304 11.494866847991945 1.0000000180025095e-35 1.0000000180025095e-35 1.0000000180025095e-35
decision_type=2 2 2 2 2 2 2 2 2 2 2 2 2 2 2 2 2 2 2 2 2 2 2 2 2 2 2 2 2 2
left_child=1 5 -3 8 7 9 -7 -5 -4 10 11 12 -1 14 -12 -15 -16 20 24 -20 21 22 23 -17 25 26 28 -28 -19 -29
right_child=-2 2 3 4 -6 6 -8 -9 -10 -11 13 -13 -14 15 16 17 -18 18 19 -21 -22 -23 -24 -25 -26 -27 27 29 -30 -31
leaf_value=-0.0035522625103655385 0.074536237420345694 -0.0054770929467536401 -0.037908860053328344 0.017983531563099158 -0.10157806422736403 -0.010718569383922983 0.12969263766729322 -0.06271723001912162 0.099396485703907383 -0.061851665038847418 0.16671136533064979 -0.043841535977290964 0.19938805472468879 -0.080306964544718279 0.090300794775650936 0.021719549902725729 -0.047534439573549359 -0.011843626220090286 0.095886712045739952 -0.037734041504510041 0.0032005005801191994 -0.006353421834824036 0.11030305887411554 0.091399254505417971 -0.035087308987290504 0.067171563511867136 -0.059793750425733677 -0.053195243698357264 0.10669800025946329 0.089414669829160923
leaf_weight=149.44197888858616 3.5124817965552202 151.29134812578559 1.7896427484229236 4.7495511462911981 6.4729307461529961 3.6975158788263789 3.3184605278074741 7.5640624957159162 2.050011096522212 4.3373574968427411 3.4627316594123823 22.445346366614103 2.9705272316932669 5.8549262024462214 3.5873301029205322 41.816821072250605 4.2468518875539303 5.1357647031545621 5.9748021941632015 3.2066914057359099 68.918721841648221 15.017587555572389 6.2671368271112433 7.0481735430657855 30.249664248898625 6.7390265911817542 17.463828773237768 2.6075622662901869 4.6057419590651989 4.276567192748189
leaf_count=1106 26 1551 35 58 136 26 21 110 20 33 24 151 17 38 24 274 30 43 45 24 394 108 51 44 253 44 141 20 25 34
internal_value=-0.000343685 -0.000784534 -0.0100002 -0.0402441 -0.0557043 0.00300727 0.055694 -0.0315897 0.0353992 0.002118 0.00279253 -0.00527633 0.000403054 0.0087588 0.0619057 0.00609254 0.0155813 0.00839896 -0.00656318 0.0492189 0.017034 0.0306247 0.0406972 0.03177 -0.0137688 0.002026 -0.0108524 -0.0328795 0.0442023 0.0353971
internal_weight=600.121 596.609 173.918 22.6262 18.7865 422.691 7.01598 12.3136 3.83965 415.675 411.338 174.858 152.413 236.48 11.2969 225.183 7.83418 219.328 80.2596 9.18149 139.068 70.1497 55.1321 48.865 71.0782 40.8285 34.0895 24.348 9.74151 6.88413
internal_count=4906 4880 1910 359 304 2970 47 168 55 2923 2890 1274 1123 1616 78 1538 54 1500 629 69 871 477 369 318 560 307 263 195 68 54
is_linear=0
shrinkage=0.1


Tree=52
num_leaves=31
num_cat=0
split_feature=16 188 121 92 236 64 87 69 177 27 12 67 0 0 55 9 138 0 11 7 10 126 305 77 15 134 0 105 7 7
split_gain=2.04894 1.64618 1.58493 1.47217 1.66414 1.47843 2.10577 4.58816 1.98858 1.9699 1.55626 3.37942 1.49543 2.44255 1.87163 2.91165 3.52297 2.59508 2.585 1.84588 1.8344 1.69715 1.44938 2.03861 1.4571 3.19408 3.29609 5.06978 4.78879 4.2136
threshold=1.0000000180025095e-35 1.0000000180025095e-35 1.0000000180025095e-35 1.0000000180025095e-35 1.0000000180025095e-35 1.0000000180025095e-35 1.0000000180025095e-35 1.0000000180025095e-35 1.0000000180025095e-35 1.0000000180025095e-35 1.0000000180025095e-35 1.0000000180025095e-35 3.5414099693298344 3.3497605323791508 1.0000000180025095e-35 1.0000000180025095e-35 1.0000000180025095e-35 2.8952771425247197 1.0000000180025095e-35 1.0000000180025095e-35 1.0000000180025095e-35 1.0000000180025095e-35 1.0000000180025095e-35 1.0000000180025095e-35 1.0000000180025095e-35 1.0000000180025095e-35 10.035592079162599 1.0000000180025095e-35 1.0000000180025095e-35 1.0000000180025095e-35
decision_type=2 2 2 2 2 2 2 2 2 2 2 2 2 2 2 2 2 2 2 2 2 2 2 2 2 2 2 2 2 2
left_child=2 3 22 4 5 6 8 -8 9 -2 11 -7 13 14 15 16 18 -16 20 -17 -11 -14 23 24 -1 26 27 29 -28 -26
right_child=1 -3 -4 -5 -6 10 7 -9 -10 12 -12 -13 21 -15 17 19 -18 -19 -20 -21 -22 -23 -24 -25 25 -27 28 -29 -30 -31
leaf_value=-0.0013911433722837057 0.071761330323741213 0.061808635054585719 -0.10153061369810031 0.063506296339573498 0.07354773949972887 -0.053382599639708796 -0.020613720140385705 0.12048296298762412 -0.054431905366165247 -0.12192645680468184 -0.074918668215370424 0.041851717604128619 0.0067203812709443053 -0.097409246302661109 0.099903703694583096 -0.1204658713461835 0.092796548684281097 -0.018884983145607073 0.034403193685373215 -0.020600388702043032 -0.0070689937712663173 -0.047571821287907816 0.083960239869649761 -0.084118238972970744 0.032499866566247877 -0.088849640836682994 -0.075477608566067736 0.18163841830999963 0.0030482531506417325 -0.046672376527349596
leaf_weight=186.59139543585479 4.2176446951925746 4.9944291077554217 1.7611012328416098 4.1015716157853594 3.3306239433586589 7.902891658246519 4.5238355770707113 4.698045251891017 5.9606751762330523 3.0673337727785199 4.613578960299491 7.0501755718141794 248.15247057564557 3.4230272285640231 3.3734706975519648 3.9339011050760737 3.3820391483604899 4.0433586798608303 4.1271959021687508 3.4953907504677773 2.5436118543148041 5.8944197893142691 1.765277363359927 3.3794355532154432 17.390667028725154 5.8993919771164647 14.919866563752295 1.6612068749964226 16.1967280395329 10.957684660330413
leaf_count=1641 26 31 17 28 21 42 28 27 33 25 42 42 1425 26 25 34 19 26 25 21 20 30 16 49 280 151 343 25 205 183
internal_value=-0.000325951 0.00482476 -0.00698531 0.0039671 0.00322197 0.00249994 0.00421028 0.0512673 0.00274231 0.00391887 -0.0241461 -0.00848086 0.00291642 -0.0176754 -0.00791608 -0.0234579 0.00486734 0.0351449 -0.0256703 -0.0734804 -0.0698581 0.00546069 -0.00634184 -0.00696212 -0.00593401 -0.0185808 -0.0117991 0.0118466 -0.0346035 0.00189687
internal_weight=597.352 336.83 260.523 331.835 327.734 324.403 304.836 9.22188 295.615 289.654 19.5666 14.9531 285.436 31.3893 27.9663 20.5495 13.1202 7.41683 9.73814 7.42929 5.61095 254.047 258.762 256.996 253.617 67.0255 61.1262 30.0096 31.1166 28.3484
internal_count=4906 1996 2910 1965 1937 1916 1790 55 1735 1702 126 84 1676 221 195 144 89 51 70 55 45 1455 2893 2877 2828 1187 1036 488 548 463
is_linear=0
shrinkage=0.1


Tree=53
num_leaves=31
num_cat=0
split_feature=14 262 262 132 21 214 84 55 83 100 267 85 20 10 55 49 67 1 61 16 54 9 12 74 39 9 0 7 81 5
split_gain=1.89039 3.48183 2.48515 2.25338 7.28238 2.64661 2.19225 2.99097 2.13023 2.10081 2.07763 1.83345 1.83694 1.73578 3.69914 5.61734 7.77997 5.85654 2.76186 3.12025 2.73493 3.30023 2.69023 3.30517 3.63331 2.66569 2.19468 4.22137 4.08669 3.50869
threshold=1.0000000180025095e-35 1.0000000180025095e-35 1.0000000180025095e-35 1.0000000180025095e-35 1.0000000180025095e-35 1.0000000180025095e-35 1.0000000180025095e-35 1.0000000180025095e-35 1.0000000180025095e-35 1.0000000180025095e-35 1.0000000180025095e-35 1.0000000180025095e-35 1.0000000180025095e-35 1.0000000180025095e-35 1.0000000180025095e-35 1.0000000180025095e-35 1.0000000180025095e-35 0.79298806190490734 1.0000000180025095e-35 1.0000000180025095e-35 1.0000000180025095e-35 1.0000000180025095e-35 1.0000000180025095e-35 1.0000000180025095e-35 1.0000000180025095e-35 1.0000000180025095e-35 8.1492128372192401 1.0000000180025095e-35 1.0000000180025095e-35 1.0000000180025095e-35
decision_type=2 2 2 2 2 2 2 2 2 2 2 2 2 2 2 2 2 2 2 2 2 2 2 2 2 2 2 2 2 2
left_child=2 9 3 5 6 10 7 8 -5 11 13 12 -2 14 -1 26 18 -18 20 -20 -17 -22 -15 24 -24 -26 27 28 -16 -30
right_child=1 -3 -4 4 -6 -7 -8 -9 -10 -11 -12 -13 -14 22 15 16 17 -19 19 -21 21 -23 23 -25 25 -27 -28 -29 29 -31
leaf_value=-0.0097687608118763973 -0.010605165466215344 0.077803555740696098 -0.067020653126406274 0.022518726088264523 -0.13167249731685252 0.079339675941313872 0.077969248721050058 -0.046283042719138905 -0.065437683788928336 0.043876199382250451 0.083505205495912935 -0.070580666209981061 0.072173973406620337 0.0058583809134210921 0.16705402585192206 0.07854443750899659 -0.090663378449143739 0.064809467160639816 0.0065756330165971412 0.14667973957451844 -0.098475483342596773 0.030470527162034352 -0.031356891517380796 -0.070730390255729206 0.0071913834259265015 0.13872180231620643 0.025594072605060466 0.016081744180578034 -0.032950963812651349 0.11425639541742538
leaf_weight=53.335362910293043 210.33401008043438 4.6952121779322615 4.842012705281376 22.402481207624081 4.8253342229872933 5.1389848850667468 3.1703086141496888 13.645376897417007 3.1394055355340234 7.2175454879179588 3.5074612554162732 5.0388034991919985 2.7153373518958679 90.953535748645663 5.36680250428617 3.3744062930345553 13.469653999432923 2.954287150874733 2.8404519464820615 3.6096768192946911 3.6744266338646412 4.3165819076821208 15.007531012408437 11.505265724845229 3.9738763859495512 2.5166436862200499 70.555110306479037 10.824786132201552 2.8931955136358738 3.6768676778301597
leaf_count=436 1817 33 48 178 46 33 20 114 29 55 28 44 23 649 40 26 107 27 33 22 24 30 159 158 39 23 541 76 23 25
internal_value=-0.00032479 -0.0074274 0.00414448 0.00509986 -0.0152743 0.0081663 -0.00201435 -0.00848515 0.0117078 -0.00920356 0.00698014 -0.0109602 -0.00955014 0.00609967 0.0123461 0.021593 -0.0130512 -0.0626974 0.0327171 0.0849819 0.00305562 -0.0288214 -0.00301581 -0.0274721 -0.00432125 0.0581912 0.0343046 0.0613048 0.102315 0.0494321
internal_weight=595.521 230.001 365.52 360.678 47.1829 313.495 42.3576 39.1873 25.5419 225.306 308.356 218.088 213.049 304.848 180.892 127.556 34.2395 16.4239 17.8155 6.45013 11.3654 7.99101 123.957 33.0033 21.4981 6.49052 93.3168 22.7617 11.9369 6.57006
internal_count=4906 1972 2934 2886 387 2499 341 321 207 1939 2466 1884 1840 2438 1410 974 269 134 135 55 80 54 1028 379 221 62 705 164 88 48
is_linear=0
shrinkage=0.1


Tree=54
num_leaves=31
num_cat=0
split_feature=89 7 232 11 126 6 100 55 15 16 73 73 0 61 101 26 81 10 5 83 13 8 62 5 62 1 13 16 137 8
split_gain=1.77936 1.84677 2.25529 2.10724 2.5706 2.11005 2.70257 2.4254 3.89217 3.72494 4.39519 2.74065 4.01903 2.24974 3.42244 3.04301 3.22335 2.94209 3.12836 2.66651 6.54101 2.31857 3.80043 4.26459 3.12332 6.24985 3.24688 2.99077 2.58157 2.15282
threshold=1.0000000180025095e-35 1.0000000180025095e-35 1.0000000180025095e-35 1.0000000180025095e-35 1.0000000180025095e-35 1.0000000180025095e-35 1.0000000180025095e-35 1.0000000180025095e-35 1.0000000180025095e-35 1.0000000180025095e-35 1.0000000180025095e-35 1.0000000180025095e-35 8.2067074775695819 1.0000000180025095e-35 1.0000000180025095e-35 1.0000000180025095e-35 1.0000000180025095e-35 1.0000000180025095e-35 1.0000000180025095e-35 1.0000000180025095e-35 1.0000000180025095e-35 1.0000000180025095e-35 1.0000000180025095e-35 1.0000000180025095e-35 1.0000000180025095e-35 -0.0050954443868249646 1.0000000180025095e-35 1.0000000180025095e-35 1.0000000180025095e-35 1.0000000180025095e-35
decision_type=2 2 2 2 2 2 2 2 2 2 2 2 2 2 2 2 2 2 2 2 2 2 2 2 2 2 2 2 2 2
left_child=1 3 -3 -1 5 6 13 29 9 -9 -11 -10 -13 14 21 19 17 18 -17 20 -15 24 27 -24 28 -26 -27 -23 -5 -7
right_child=-2 2 -4 4 -6 7 -8 8 11 10 -12 12 -14 15 -16 16 -18 -19 -20 -21 -22 22 23 -25 25 26 -28 -29 -30 -31
leaf_value=-0.011994846212743373 -0.082557728008442952 0.0052393704109775481 0.076042117819391131 0.029553223124972466 -0.079515813981592742 -0.013085719460168153 0.10460142922676559 -0.016907390308856487 -0.11112440550206076 0.1073244956739802 0.0019802043655925351 0.17568116785338433 -0.050470325221827574 -0.090878892178970883 -0.11486189203837423 0.20466253982549173 0.0099413682904168493 0.036138675762309246 0.059095714765939701 0.079244825186671822 0.055053365294304657 -0.013703705935499478 -0.034213983481756575 0.1119131267826389 -0.1015996613355243 -0.016653471058040017 0.10470980247718005 -0.11897520752198319 0.12917540559212151 -0.084891066168439805
leaf_weight=184.43998892884701 2.6194853195920578 247.49957472737879 4.5821574963629237 19.378371302038435 3.6145095806568852 11.086790677160026 3.2395591121166936 13.238718452863395 4.2719988990575057 7.9675793051719666 7.8751757815480232 1.0163051169365642 3.4649770492687821 6.4827324394136649 2.4934240914881221 3.3993795383721608 7.6192447151988736 4.750733433291316 2.6097981315106153 3.3194163814187041 5.8368924744427204 5.8557644076645374 4.6854719966650009 3.4808994922786951 5.421326845884324 5.265891608782109 3.7916797511279583 5.0057418867945671 3.0044805314391843 6.6977895125746718
leaf_count=1721 31 1863 30 150 31 109 22 121 56 41 42 11 50 58 16 26 55 35 19 21 41 59 47 25 42 43 28 34 19 60
internal_value=-0.000321201 4.30512e-05 0.00652637 -0.0047735 0.00382639 0.00581793 0.0148248 -0.00966999 0.00464712 0.0222437 0.0549596 -0.0538148 0.000818326 0.0116773 -0.000233468 0.0321189 0.0597081 0.0949486 0.141443 -0.000304136 -0.0217379 0.00488049 -0.0234685 0.0280724 0.0195141 -0.0166777 0.0341516 -0.0622202 0.0429256 -0.0401281
internal_weight=594.016 591.396 252.082 339.315 154.875 151.26 95.6408 55.6193 37.8348 29.0815 15.8428 8.75328 4.48128 92.4012 58.3831 34.0182 18.3792 10.7599 6.00918 15.639 12.3196 55.8896 19.0279 8.16637 36.8618 14.4789 9.05757 10.8615 22.3829 17.7846
internal_count=4906 4875 1893 2982 1261 1230 740 490 321 204 83 117 61 718 463 255 135 80 45 120 99 447 165 72 282 113 71 93 169 169
is_linear=0
shrinkage=0.1


Tree=55
num_leaves=31
num_cat=0
split_feature=16 292 64 118 68 0 80 11 93 0 31 61 130 0 1 0 73 8 1 14 0 10 9 9 73 14 42 11 10 45
split_gain=1.7575 1.57119 1.5409 2.39539 1.94002 3.25806 2.26126 2.17353 2.08437 1.82769 1.70159 1.53198 3.45087 5.03361 7.51091 4.06615 4.36519 4.13413 3.34326 6.74683 3.06506 2.92261 2.77832 2.74158 3.00387 3.95151 2.66277 3.18037 2.93063 2.26916
threshold=1.0000000180025095e-35 1.0000000180025095e-35 1.0000000180025095e-35 1.0000000180025095e-35 1.0000000180025095e-35 12.921286582946779 1.0000000180025095e-35 1.0000000180025095e-35 1.0000000180025095e-35 17.166323661804203 1.0000000180025095e-35 1.0000000180025095e-35 1.0000000180025095e-35 8.6036963462829608 1.0000000180025095e-35 9.2238192558288592 1.0000000180025095e-35 1.0000000180025095e-35 -0.4200319349765777 1.0000000180025095e-35 11.690622806549074 1.0000000180025095e-35 1.0000000180025095e-35 1.0000000180025095e-35 1.0000000180025095e-35 1.0000000180025095e-35 1.0000000180025095e-35 1.0000000180025095e-35 1.0000000180025095e-35 1.0000000180025095e-35
decision_type=2 2 2 2 2 2 2 2 2 2 2 2 2 2 2 2 2 2 2 2 2 2 2 2 2 2 2 2 2 2
left_child=1 2 3 4 11 8 7 9 -6 -7 -4 29 13 23 -15 -16 17 20 19 21 -17 -14 26 24 -13 -26 27 -18 -28 -1
right_child=-2 -3 10 -5 5 6 -8 -9 -10 -11 -12 12 18 14 15 16 22 -19 -20 -21 -22 -23 -24 -25 25 -27 28 -29 -30 -31
leaf_value=-0.020226486409551003 0.0044713784627599664 0.088165725108039383 0.028632406469783364 -0.11992131499058567 -0.14934213216693437 -0.033477867304129265 0.066457091590213999 0.0064946433100640886 -0.029860583774343998 -0.12072930269732088 -0.052740825224683187 -0.09284442290308452 0.13577032144726894 0.14259373885025595 -0.1265126207480243 0.16086870137874829 -0.10392607238470841 -0.011566178147426907 0.16803014914571682 -0.058816888337756328 0.029627609028235604 0.016347295710693422 -0.069333829459657423 -0.11970320326724269 0.11797119173535325 -0.073171483239987289 -0.015748899556575376 0.028165000714738781 0.14386241918414494 0.0081388973444601175
leaf_weight=87.765893709845841 334.26533507183194 1.7409443268552411 19.460625133942816 1.9501726673915971 3.376185340806841 11.857145499438049 2.9535305812023571 11.683683149516582 2.5726269502192736 3.0103238821029672 2.9607241805642834 3.4817793834954482 4.9166540652513486 3.9998508095741263 2.442068785429 4.0193100571632367 3.2313352730125207 5.6327910088002682 2.038719978183507 5.2028457792475811 3.1933081299066544 3.5137858828529716 7.6692456509917966 4.7673398619517684 2.3956350730732083 1.9717253148555753 2.2087903125211596 4.1815247889608145 2.4006344247609377 41.55600894941017
leaf_count=1044 1996 14 197 26 45 140 30 116 32 35 34 39 45 37 25 32 43 59 31 63 40 36 93 60 27 24 24 44 18 457
internal_value=-0.000315228 -0.00651304 -0.00715587 -0.0095555 -0.00862795 -0.0301592 -0.0165473 -0.0257806 -0.0976711 -0.0511443 0.0178871 -0.00474494 0.00749505 -0.00498796 0.0127821 -0.00206185 0.00727883 0.052629 0.0485916 0.0307308 0.102763 0.0859951 -0.0223045 -0.059889 -0.0235595 0.0316763 0.00769635 -0.0294147 0.0673783 -0.0111116
internal_weight=592.421 258.155 256.414 233.993 232.043 35.4535 29.5047 26.5512 5.94881 14.8675 22.4213 196.589 67.2673 51.5953 38.9789 34.979 32.5369 12.8454 15.672 13.6333 7.21262 8.43044 19.6915 12.6165 7.84914 4.36736 12.0223 7.41286 4.60942 129.322
internal_count=4906 2910 2896 2665 2639 398 321 291 77 175 231 2241 740 565 415 378 353 131 175 144 72 81 222 150 90 51 129 87 42 1501
is_linear=0
shrinkage=0.1


Tree=56
num_leaves=31
num_cat=0
split_feature=13 293 108 0 0 40 54 0 61 7 178 0 91 29 0 107 24 54 139 61 99 0 26 81 16 61 0 99 73 0
split_gain=1.51502 3.95881 1.6609 2.08292 5.30606 2.55303 2.04428 2.1511 2.18555 1.74583 1.57958 2.67886 1.72911 1.64857 1.92735 1.59854 1.7515 3.17288 1.93826 3.40175 4.3068 2.17061 2.05851 3.08734 1.8839 1.56905 1.55763 1.79197 1.66206 1.50147
threshold=1.0000000180025095e-35 1.0000000180025095e-35 1.0000000180025095e-35 17.548254966735843 17.041751861572269 1.0000000180025095e-35 1.0000000180025095e-35 14.680356025695803 1.0000000180025095e-35 1.0000000180025095e-35 1.0000000180025095e-35 9.6605067253112811 1.0000000180025095e-35 1.0000000180025095e-35 15.034907817840578 1.0000000180025095e-35 1.0000000180025095e-35 1.0000000180025095e-35 1.0000000180025095e-35 1.0000000180025095e-35 1.0000000180025095e-35 13.096509456634523 1.0000000180025095e-35 1.0000000180025095e-35 1.0000000180025095e-35 1.0000000180025095e-35 9.6605067253112811 1.0000000180025095e-35 1.0000000180025095e-35 17.80835056304932
decision_type=2 2 2 2 2 2 2 2 2 2 2 2 2 2 2 2 2 2 2 2 2 2 2 2 2 2 2 2 2 2
left_child=10 2 3 4 -2 -6 -4 8 -8 -10 12 -12 13 14 -1 16 17 -15 29 21 22 -20 24 -24 -21 -14 -19 28 -28 -18
right_child=1 -3 6 -5 5 -7 7 -9 9 -11 11 -13 25 15 -16 -17 18 26 19 20 -22 -23 23 -25 -26 -27 27 -29 -30 -31
leaf_value=0.11646313290655044 0.00033696131055206078 0.11929032887973244 -0.044817637215802252 -0.060737272123589127 0.027318938042123698 0.1506885893024639 0.012924459602276735 -0.021221548956706637 0.04919658459780845 0.13644181512541201 0.11231028452739054 -0.0086679947382286796 -0.09782342534367372 0.040799912772271067 -0.011697726555722368 0.072777165359150922 -0.0034414799261508824 0.014993869482708345 -0.10431094738488395 0.057520269985797082 -0.10056822111930475 0.01529290742745943 0.0079536508743216581 0.16958171202059624 -0.061139922969206131 0.016710991958285095 0.0019635702487052569 -0.13409215945309538 -0.10183649002924147 0.06535322843192494
leaf_weight=2.3832320831716052 253.01952682808042 2.9901264905929557 3.1857373602688339 5.2870495561510316 3.2798784095793954 3.4332556650042534 6.175784908235074 4.2751421928405753 4.928415197879076 4.2901938334107399 3.0455038771033278 4.5873655173927546 3.8010101420804849 3.764191449619827 2.3115139557048678 2.527883641421794 237.87000707071275 2.054942538961769 7.3655120925977826 2.3136384636163694 3.2978012990206489 1.9110702788457272 2.7058258326724172 2.0982862198725343 3.1728119924664497 1.7452933257445691 3.2553579481318575 3.8537257350981236 2.9319083821028471 3.2154129771515718
leaf_count=21 1731 17 25 43 22 25 42 33 34 24 25 39 47 29 27 19 2304 20 83 34 31 24 30 17 21 18 26 35 31 29
internal_value=-0.000323624 0.00481984 0.00363085 0.00140024 0.0026651 0.0904131 0.029496 0.0415321 0.0589592 0.0897991 -0.00530695 0.0396022 -0.00647855 -0.00540992 0.0533616 -0.00638718 -0.00710237 -0.0393785 -0.00516298 -0.0329887 -0.00111906 -0.0796713 0.0307513 0.0785477 -0.0111009 -0.0617821 -0.0643295 -0.0805635 -0.0472233 -0.00252395
internal_weight=591.077 290.865 287.875 265.02 259.733 6.71313 22.8553 19.6695 15.3944 9.21861 300.212 7.63287 292.579 287.033 4.69475 282.338 279.81 15.8601 263.95 22.8649 13.5884 9.27658 10.2906 4.80411 5.48645 5.5463 12.0959 10.041 6.18727 241.085
internal_count=4906 1996 1979 1821 1778 47 158 133 100 58 2910 64 2846 2781 48 2733 2714 141 2573 240 133 107 102 47 55 65 112 92 57 2333
is_linear=0
shrinkage=0.1


Tree=57
num_leaves=31
num_cat=0
split_feature=15 293 144 76 10 0 98 6 0 13 16 11 0 8 0 73 104 39 12 0 77 73 116 1 47 16 21 10 13 7
split_gain=1.55066 2.10457 1.56405 1.52896 4.80481 1.46664 3.17202 3.18026 2.26196 2.80545 2.69583 2.05873 2.73555 2.21555 2.05709 2.44416 1.9454 3.39442 1.71414 1.69084 1.62187 1.59977 1.43844 1.65099 3.27999 5.88819 3.68901 2.81346 6.11816 3.25777
threshold=1.0000000180025095e-35 1.0000000180025095e-35 1.0000000180025095e-35 1.0000000180025095e-35 1.0000000180025095e-35 14.800821304321291 1.0000000180025095e-35 1.0000000180025095e-35 15.51813840866089 1.0000000180025095e-35 1.0000000180025095e-35 1.0000000180025095e-35 16.661190986633304 1.0000000180025095e-35 15.585215568542482 1.0000000180025095e-35 1.0000000180025095e-35 1.0000000180025095e-35 1.0000000180025095e-35 7.9493498802185067 1.0000000180025095e-35 1.0000000180025095e-35 1.0000000180025095e-35 -0.27872842550277704 1.0000000180025095e-35 1.0000000180025095e-35 1.0000000180025095e-35 1.0000000180025095e-35 1.0000000180025095e-35 1.0000000180025095e-35
decision_type=2 2 2 2 2 2 2 2 2 2 2 2 2 2 2 2 2 2 2 2 2 2 2 2 2 2 2 2 2 2
left_child=1 2 5 22 -5 16 7 11 9 -9 -10 12 14 -14 -7 -16 20 19 -13 -18 -1 -12 23 24 26 -26 27 29 -29 -2
right_child=3 -3 -4 4 -6 6 -8 8 10 -11 21 18 13 -15 15 -17 17 -19 -20 -21 -22 -23 -24 -25 25 -27 -28 28 -30 -31
leaf_value=0.0016738127475321382 0.04855186044786667 0.089913008180917756 0.065291778357109295 0.13101103479437676 -0.062271260513970909 0.026454464668700741 0.074760644132328344 -0.04545338584382215 -0.072012384380462188 0.089792732476111289 0.032689120790839625 0.092006792780862962 0.010385234808513702 0.13554523487527476 -0.0039628405321041607 -0.13376269477333688 -0.13676145896535138 0.047770065962480346 0.0089803362927976596 -0.041734879096164502 -0.051050607528005366 -0.053887434667108873 0.075147604426634554 -0.01713374104087504 -0.058254518461805176 0.16372101674180861 -0.092469272859847476 0.018450135641220163 -0.11665896461325378 -0.020943633058623519
leaf_weight=325.36639402993023 18.147557845339179 2.7726615853607646 3.9279208462685338 2.9007170768454662 2.3106887592002749 4.921975791454317 8.0203199312090856 2.6188003076240447 9.778541193343699 3.7017031814903021 6.1983500607311726 7.3805311843752879 3.3020739741623393 2.4739739513024688 3.2928191153332591 2.5931837009266019 2.8815071452409011 3.0998857878148547 3.7501372024416924 5.3471371717751026 5.940889310091733 3.2551811710000038 1.9773271866142739 119.49395366711542 1.9135928284376849 3.1823265627026558 4.2927934229373923 9.084855327382682 5.3109000828117123 10.735898589715363
leaf_count=2283 195 19 32 25 23 34 62 29 93 21 38 65 31 21 28 20 25 20 40 40 51 23 20 1246 40 16 58 124 62 122
internal_value=-0.000303754 0.00308446 0.00249419 -0.00806109 0.0453115 0.00188352 0.0161311 0.00730345 -0.0181437 0.0337556 -0.0352001 0.0307654 0.00843681 0.0639933 -0.0212539 -0.0611485 -0.000664972 -0.041414 0.0640336 -0.0750113 0.000728376 0.00287779 -0.00965836 -0.0106324 0.00411804 0.0803659 -0.00404965 0.00472055 -0.0313945 0.0227206
internal_weight=589.975 410.624 407.851 179.351 5.21141 403.923 61.2876 53.2673 25.5526 6.3205 19.2321 27.7147 16.584 5.77605 10.808 5.886 342.636 11.3285 11.1307 8.22864 331.307 9.45353 174.139 172.162 52.6679 5.09592 47.572 43.2792 14.3958 28.8835
internal_count=4906 2975 2956 1931 48 2924 505 443 204 50 154 239 134 52 82 48 2419 85 105 65 2334 61 1883 1863 617 56 561 503 186 317
is_linear=0
shrinkage=0.1


Tree=58
num_leaves=31
num_cat=0
split_feature=14 262 20 107 262 100 20 132 21 214 102 55 83 214 227 92 242 97 0 0 13 5 73 105 59 5 174 13 104 1
split_gain=1.59642 2.75739 2.02205 2.18504 1.95969 1.74548 1.59822 1.58153 5.68567 2.09966 1.76421 1.93702 1.59691 1.49835 1.47615 1.54498 1.69436 1.59633 2.83008 2.1578 3.20595 3.27199 2.56619 1.48021 4.11209 3.71334 1.63609 3.35266 1.79779 1.77448
threshold=1.0000000180025095e-35 1.0000000180025095e-35 1.0000000180025095e-35 1.0000000180025095e-35 1.0000000180025095e-35 1.0000000180025095e-35 1.0000000180025095e-35 1.0000000180025095e-35 1.0000000180025095e-35 1.0000000180025095e-35 1.0000000180025095e-35 1.0000000180025095e-35 1.0000000180025095e-35 1.0000000180025095e-35 1.0000000180025095e-35 1.0000000180025095e-35 1.0000000180025095e-35 1.0000000180025095e-35 6.1615331172943124 9.2238192558288592 1.0000000180025095e-35 1.0000000180025095e-35 1.0000000180025095e-35 1.0000000180025095e-35 1.0000000180025095e-35 1.0000000180025095e-35 1.0000000180025095e-35 1.0000000180025095e-35 1.0000000180025095e-35 -0.16024032235145566
decision_type=2 2 2 2 2 2 2 2 2 2 2 2 2 2 2 2 2 2 2 2 2 2 2 2 2 2 2 2 2 2
left_child=2 5 3 4 7 6 13 9 10 14 11 12 -9 -2 15 16 17 23 -19 -20 -21 22 -22 26 -25 -26 28 -28 -1 -30
right_child=1 -3 -4 -5 -6 -7 -8 8 -10 -11 -12 -13 -14 -15 -16 -17 -18 18 19 20 21 -23 -24 24 25 -27 27 -29 29 -31
leaf_value=0.0023935796838349547 -0.0099257469139255577 0.068667629080938916 -0.071020886142535433 0.083006859409336387 -0.060906293459543494 0.03989317529517368 0.066126538114032185 0.01785285438262579 -0.12730419007876537 0.070382032602871653 0.076414116805565743 -0.037809207983352439 -0.060149838409561396 -0.07236113351521474 0.061904929108172385 0.071960255400714754 0.078801122223254819 0.10839146517392265 -0.047388446495803017 -0.0076028754321754918 0.1608714332766733 -0.0036387153228861174 0.041240002196602461 0.10610906174212992 0.063066569428594441 -0.085788283733131021 -0.10887218351201443 0.0093988241345213403 0.018899043127413535 -0.10025850539181402
leaf_weight=227.32862056139857 208.26146100647748 4.7318755742162457 3.5729679195210329 3.5177309457212678 4.61900655273348 7.2176766991615287 2.715653588064014 22.821548528969291 3.9516634522005907 5.1824039034545413 2.6959912199527016 13.555758089758454 2.9656512010842553 3.9159998763352624 4.6791957383975378 3.4354533907026044 3.0373160876333705 3.5745281204581252 4.7727552019059685 13.246642948128283 3.8949568271636963 4.3959878478199244 3.3227055687457323 4.8526151888072473 3.2076289504766464 3.5093792639672756 4.153660477139054 5.6666560415178537 1.9833079976961014 3.3790398314595214
leaf_count=1842 1830 33 35 23 48 55 24 180 42 33 16 116 29 30 36 28 18 23 35 121 25 32 25 34 27 29 41 42 16 38
internal_value=-0.00029334 -0.00686854 0.00383464 0.00458225 0.00380345 -0.00847777 -0.0101024 0.00465838 -0.012623 0.00727603 -0.00184292 -0.00720551 0.00888217 -0.0110781 0.0061802 0.00529258 0.0045037 0.0037182 0.0243373 0.0141981 0.0260217 0.0643742 0.105798 0.00102335 0.0359681 -0.0147044 -0.00064378 -0.0406258 0.00104359 -0.0561871
internal_weight=588.166 226.843 361.323 357.75 354.232 222.111 214.893 349.613 45.9906 303.623 42.0389 39.343 25.7872 212.177 298.44 293.761 290.326 287.288 33.2076 29.633 24.8603 11.6137 7.21766 254.081 11.5696 6.71701 242.511 9.82032 232.691 5.36235
internal_count=4906 1972 2934 2899 2876 1939 1884 2828 383 2445 341 325 209 1860 2412 2376 2348 2330 261 238 203 82 50 2069 90 56 1979 83 1896 54
is_linear=0
shrinkage=0.1


Tree=59
num_leaves=31
num_cat=0
split_feature=16 0 6 13 26 0 81 81 84 67 0 92 64 13 7 67 151 74 83 10 1 1 13 1 0 35 8 26 62 9
split_gain=1.58715 1.3391 1.87632 3.53867 2.77984 4.97579 4.28299 2.18885 1.40467 2.51239 2.47411 1.45933 1.87044 3.4224 1.77563 1.47213 1.99925 1.91355 5.97134 2.98281 2.31697 2.32089 2.08322 4.59845 2.89405 3.08039 4.28082 3.6501 2.50252 1.87698
threshold=1.0000000180025095e-35 3.5414099693298344 1.0000000180025095e-35 1.0000000180025095e-35 1.0000000180025095e-35 2.8350445032119755 1.0000000180025095e-35 1.0000000180025095e-35 1.0000000180025095e-35 1.0000000180025095e-35 10.843257904052736 1.0000000180025095e-35 1.0000000180025095e-35 1.0000000180025095e-35 1.0000000180025095e-35 1.0000000180025095e-35 1.0000000180025095e-35 1.0000000180025095e-35 1.0000000180025095e-35 1.0000000180025095e-35 -0.46444596350193018 -0.10852536559104918 1.0000000180025095e-35 -0.51950716972351063 5.2279260158538827 1.0000000180025095e-35 1.0000000180025095e-35 1.0000000180025095e-35 1.0000000180025095e-35 1.0000000180025095e-35
decision_type=2 2 2 2 2 2 2 2 2 2 2 2 2 2 2 2 2 2 2 2 2 2 2 2 2 2 2 2 2 2
left_child=-1 2 4 -4 -2 6 -6 -7 11 10 -10 12 15 14 -14 -3 17 22 19 20 -19 -22 -17 -24 -25 26 27 -26 -29 -21
right_child=1 8 3 -5 5 7 -8 -9 9 -11 -12 -13 13 -15 -16 16 -18 18 -20 29 21 -23 23 24 25 -27 -28 28 -30 -31
leaf_value=-0.0062202232848194323 -0.053744752011931532 0.018466680326161201 -0.11288262819919939 0.001691219482160206 -0.0012668041922670316 0.018038476621089778 0.14132173783496874 -0.099261614327702419 -0.10457917062053577 0.0098963134095717085 -0.001479953692502325 0.070168990245705318 -0.099111928870493846 0.028620996213375511 -0.018099549172701342 7.9837994705786748e-05 -0.063097443045138854 0.075361949607371082 0.07339067820794716 -0.08521540388607822 -0.089131025459728633 -0.0015508014752589235 -0.062791965280303383 0.10991827236837726 0.11257965025761169 0.07119220344085822 -0.067002379794322831 0.050208648469481726 -0.046154704913783352 -0.0059444023190792644
leaf_weight=254.65254268189892 6.239256091415883 109.16259026154876 4.8178260587155801 6.1199197545647621 3.8907617107033712 3.1584402099251756 4.593817912042141 3.2051528319716454 5.07107874751091 13.734495066106319 4.302356343716383 3.762977957725524 5.5122153628617543 7.4767300821840754 5.313480082899332 53.983348233625293 4.4221359081566325 3.096145696938037 6.9523096643388262 10.519635349512098 3.6997686102986362 16.610606474801902 4.7758261263370505 5.2931778430938712 4.3178670071065435 11.713554464280604 5.6728629954159251 5.5947664603590965 5.1995791494846344 4.1714095436036578
leaf_count=2910 40 635 55 34 28 23 26 22 27 80 29 25 43 45 33 328 30 18 38 67 18 102 25 24 26 59 34 33 25 24
internal_value=-0.000279735 0.00427151 -0.0151669 -0.0487759 0.00226557 0.0258013 0.0759351 -0.0410421 0.00634409 -0.0173436 -0.0572572 0.00831838 0.00746737 -0.0234125 -0.0593493 0.00968214 0.00311507 0.00518286 -0.0118355 -0.0273882 -0.00522044 -0.0175045 0.0131235 0.0296652 0.0413492 0.0301811 0.00706898 0.0348741 0.00379093 -0.062707
internal_weight=587.037 332.384 32.0252 10.9377 21.0874 14.8482 8.48458 6.36359 300.359 23.1079 9.37344 277.251 273.488 18.3024 10.8257 255.186 146.023 141.601 45.0499 38.0976 23.4065 20.3104 96.551 42.5676 37.7918 32.4986 20.7851 15.1122 10.7943 14.691
internal_count=4906 1996 228 89 139 99 54 45 1768 136 56 1632 1607 121 76 1486 851 821 267 229 138 120 554 226 201 177 118 84 58 91
is_linear=0
shrinkage=0.1


Tree=60
num_leaves=31
num_cat=0
split_feature=12 0 174 51 230 26 69 87 78 87 8 16 14 61 139 68 0 0 11 83 1 14 132 81 21 8 67 67 1 7
split_gain=1.57811 2.30565 2.09584 2.37949 1.76874 1.83134 3.9694 3.45362 2.51762 2.3674 2.0312 2.35171 3.57582 2.48726 1.81835 2.09114 2.55938 1.63518 1.8113 3.57721 4.35158 2.69911 2.34565 4.54239 2.32524 1.72442 2.29039 2.28501 2.71288 3.41842
threshold=1.0000000180025095e-35 14.47091054916382 1.0000000180025095e-35 1.0000000180025095e-35 1.0000000180025095e-35 1.0000000180025095e-35 1.0000000180025095e-35 1.0000000180025095e-35 1.0000000180025095e-35 1.0000000180025095e-35 1.0000000180025095e-35 1.0000000180025095e-35 1.0000000180025095e-35 1.0000000180025095e-35 1.0000000180025095e-35 1.0000000180025095e-35 4.3367555141448983 2.3121149539947514 1.0000000180025095e-35 1.0000000180025095e-35 -0.37394477427005762 1.0000000180025095e-35 1.0000000180025095e-35 1.0000000180025095e-35 1.0000000180025095e-35 1.0000000180025095e-35 1.0000000180025095e-35 1.0000000180025095e-35 -0.46444596350193018 1.0000000180025095e-35
decision_type=2 2 2 2 2 2 2 2 2 2 2 2 2 2 2 2 2 2 2 2 2 2 2 2 2 2 2 2 2 2
left_child=-1 4 -3 -4 5 7 17 8 10 -8 11 14 13 -13 15 16 -2 -7 19 22 -21 -22 24 -24 25 26 -19 -27 -29 -30
right_child=1 2 3 -5 -6 6 9 -9 -10 -11 -12 12 -14 -15 -16 -17 -18 18 -20 20 21 -23 23 -25 -26 27 -28 28 29 -31
leaf_value=0.0030673334139028102 0.030931696609425265 -0.052142228715628604 0.12223062652355871 -0.04440756947829088 -0.095266649382168916 -0.056700402217423798 -0.1069713932340296 0.078889807281248198 -0.088841583829437604 0.022605362690779673 -0.042900295732732657 0.018860554305658903 -0.040422691206239557 0.11329801225776098 0.050876005856366951 0.063910449146134168 -0.096973536345808284 0.022945816378478728 0.032423378593899592 -0.064615522451555121 0.043430357144653604 0.18120760930779869 -0.024897519081334894 0.16830664708340914 0.054749361072375338 -0.074691616948273337 -0.068274101602383883 0.076611904345599627 0.044184947105774419 -0.12348901315408285
leaf_weight=414.28185813780874 2.0175345242023468 18.368448866065595 1.5975366099737576 1.8483539381995797 2.0896249329671255 3.3165150657296172 4.6760698882862917 3.5404140930622807 5.2515615895390502 2.0187000213190913 17.590931785292923 7.2720417641103285 5.8725901283323756 4.5238317847251892 2.1266690678894511 1.3813617033883936 6.9660164788365364 3.4485514573752889 34.161219788715243 1.9441727362573145 3.0049877930432549 2.6989914737641811 3.0063737444579592 2.0444066561758518 3.7247655522078267 3.2011089585721502 13.637427011504769 4.7609647884964934 2.7794435508549222 2.1614247895777225
leaf_count=2983 25 311 17 34 21 40 61 35 68 20 210 46 42 26 32 18 128 30 310 26 32 26 35 22 38 30 140 46 32 22
internal_value=-0.000268962 -0.00835029 -0.038717 0.032847 -0.00391095 -0.00261345 0.00620105 -0.0167348 -0.0231222 -0.0678996 -0.0158945 -0.000143356 0.0233359 0.0550782 -0.0333532 -0.0506353 -0.0682485 0.0121146 0.0149471 0.00208394 0.0645858 0.108623 -0.0102475 0.0533058 -0.0197687 -0.0290242 -0.0498627 -0.00143007 0.0227425 -0.0291654
internal_weight=585.314 171.032 21.8143 3.44589 149.218 147.128 90.5851 56.543 53.0025 6.69477 47.751 30.16 17.6685 11.7959 12.4916 10.3649 8.98355 83.8904 80.5738 46.4126 7.64815 5.70398 38.7645 5.05078 33.7137 29.9889 17.086 12.9029 9.70183 4.94087
internal_count=4906 1923 362 51 1561 1540 910 630 595 81 527 317 114 72 203 171 153 829 789 479 84 58 395 57 338 300 170 130 100 54
is_linear=0
shrinkage=0.1


Tree=61
num_leaves=31
num_cat=0
split_feature=89 7 232 305 167 5 67 13 64 188 140 10 9 59 8 0 127 0 134 42 74 83 137 1 133 0 10 1 35 11
split_gain=1.44448 1.64707 1.86521 1.82022 1.84664 4.50209 4.26967 1.6567 1.82393 1.69295 1.64702 3.46735 3.88998 2.39163 2.61012 3.69559 3.77946 2.93415 2.46892 2.41461 2.39447 2.70394 2.69954 2.18395 2.70241 2.09584 2.19073 2.45928 2.03053 1.88508
threshold=1.0000000180025095e-35 1.0000000180025095e-35 1.0000000180025095e-35 1.0000000180025095e-35 1.0000000180025095e-35 1.0000000180025095e-35 1.0000000180025095e-35 1.0000000180025095e-35 1.0000000180025095e-35 1.0000000180025095e-35 1.0000000180025095e-35 1.0000000180025095e-35 1.0000000180025095e-35 1.0000000180025095e-35 1.0000000180025095e-35 5.0171115398406991 1.0000000180025095e-35 13.474332809448244 1.0000000180025095e-35 1.0000000180025095e-35 1.0000000180025095e-35 1.0000000180025095e-35 1.0000000180025095e-35 -0.59555858373641957 1.0000000180025095e-35 3.0691307783126835 1.0000000180025095e-35 -0.32557608187198633 1.0000000180025095e-35 1.0000000180025095e-35
decision_type=2 2 2 2 2 2 2 2 2 2 2 2 2 2 2 2 2 2 2 2 2 2 2 2 2 2 2 2 2 2
left_child=1 3 -3 4 7 6 -6 8 9 -1 13 12 -12 14 15 23 18 25 19 -17 21 -15 29 24 -9 -16 28 -28 -27 -22
right_child=-2 2 -4 -5 5 -7 -8 10 -10 -11 11 -13 -14 20 17 16 -18 -19 -20 -21 22 -23 -24 -25 -26 26 27 -29 -30 -31
leaf_value=-0.0094823979917373537 -0.077068352069959906 0.0050365413184102689 0.070057076690447403 0.079344737332480791 -0.057479801001598656 -0.091762818363664497 0.080500582012921609 0.064554345252676407 -0.051211959929558785 0.082788279536788772 0.071141613859001293 -0.093907496628988799 -0.058649044163529819 0.04551037585659292 0.064551720341117336 0.045574154562384721 0.12674113539452564 -0.11019142992099035 -0.072935440005537214 -0.026696706618066307 -0.0084253871146955286 -0.035830789042868266 -0.078441508271580307 -0.10071567795122072 -0.058891274763142043 -0.027196728292906442 -0.063391820372266525 0.057857807360353321 -0.12428321875178948 0.031644150103426284
leaf_weight=133.86794064939022 2.4393694298341861 243.60985531937331 4.4932949421927324 2.5664927307516328 4.4951688824221492 8.0174918491393328 4.4754432775080204 2.9774862583726645 10.583329029846935 2.0184445204213253 4.7418372072279436 5.2370869414880863 4.5011961385607719 33.882388315163553 2.6239663287997308 15.739845134317884 3.3011566670611492 4.2683764509856692 2.9546363260596982 6.5454254243522874 26.698271035216749 4.6472632549703112 3.7947911545634261 4.0063735879957658 4.3851184509694576 5.6768896803259867 2.7544900551438332 4.2598286531865588 3.4716265089809895 20.957000575959682
leaf_count=1465 31 1863 30 20 36 66 38 24 117 23 33 41 32 234 25 110 23 33 22 51 200 34 27 32 33 46 21 27 26 143
internal_value=-0.000277649 4.44559e-05 0.0062141 -0.00454607 -0.00519677 -0.0373092 0.0113587 -0.00345883 -0.0112261 -0.00811182 0.00333624 -0.0288983 0.00793583 0.00638805 -0.00856059 0.00691413 0.0261197 -0.0353484 0.0129593 0.0243474 0.0168487 0.0356994 0.00273185 -0.0413001 -0.00896905 -0.0183439 -0.0318017 0.0102436 -0.0640386 0.00919569
internal_weight=583.992 581.553 248.103 333.449 330.883 16.9881 8.97061 313.895 146.47 135.886 167.425 14.4801 9.24303 152.945 62.9652 39.91 28.5411 23.0552 25.2399 22.2853 89.9797 38.5297 51.4501 11.369 7.3626 18.7868 16.1628 7.01432 9.14852 47.6553
internal_count=4906 4875 1893 2982 2962 140 74 2822 1605 1488 1217 106 65 1111 473 295 206 178 183 161 638 268 370 89 57 145 120 48 72 343
is_linear=0
shrinkage=0.1


Tree=62
num_leaves=31
num_cat=0
split_feature=15 293 42 176 14 8 0 0 0 9 0 1 23 140 53 0 99 1 63 10 70 39 56 54 0 5 7 13 108 68
split_gain=1.3634 1.65592 1.35094 1.6769 1.57545 2.9464 6.56948 3.54746 2.79187 6.24915 3.42102 3.50129 2.72326 2.73642 2.96879 3.08977 2.70733 2.51691 2.04389 2.04999 2.55044 2.4111 3.30283 3.20654 4.16179 2.90312 1.85435 1.80703 1.79592 1.81681
threshold=1.0000000180025095e-35 1.0000000180025095e-35 1.0000000180025095e-35 1.0000000180025095e-35 1.0000000180025095e-35 1.0000000180025095e-35 2.8350445032119755 3.6783025264739995 4.7049965858459482 1.0000000180025095e-35 5.405886411666871 -0.37987679243087763 1.0000000180025095e-35 1.0000000180025095e-35 1.0000000180025095e-35 9.9780974388122576 1.0000000180025095e-35 0.85185185074806224 1.0000000180025095e-35 1.0000000180025095e-35 1.0000000180025095e-35 1.0000000180025095e-35 1.0000000180025095e-35 1.0000000180025095e-35 14.867898464202883 1.0000000180025095e-35 1.0000000180025095e-35 1.0000000180025095e-35 1.0000000180025095e-35 1.0000000180025095e-35
decision_type=2 2 2 2 2 2 2 2 2 2 2 2 2 2 2 2 2 2 2 2 2 2 2 2 2 2 2 2 2 2
left_child=1 -1 3 4 5 7 -7 -2 9 -9 -10 -12 -6 14 15 16 -14 28 19 21 -21 23 -23 27 25 -25 -22 -13 29 -8
right_child=2 -3 -4 -5 12 6 17 8 10 -11 11 18 13 -15 -16 -17 -18 -19 -20 20 26 22 -24 24 -26 -27 -28 -29 -30 -31
leaf_value=0.0023959027492072059 -0.075603619155428611 0.080166796066766022 -0.026305045454035253 -0.072011546348489303 -0.090927577262438511 0.17905795783045664 0.02087002441379392 0.15831318426811841 -0.11733160995852002 -0.07041437123854391 0.16566507435314881 0.030960035086211254 0.00070245522096259603 -0.10244221697321776 -0.072746071329731113 0.06471786876812928 -0.13089721298737786 0.089039955232389015 -0.092290554448373141 -0.066249189814525059 -0.026634176450641828 0.032612878181526188 -0.10509977478734843 0.12973759394401879 -0.043917903171188863 0.01820242076358785 0.097033484317210872 -0.087431842723150716 -0.080620864828842717 -0.064600121474941152
leaf_weight=402.88393215229735 6.968407040461897 2.7565591633319846 31.676957407034934 3.4885051753371945 4.4814864201471201 2.6506342347711316 26.03603127505631 3.1281294878572217 2.6618684129789463 1.9323881678283212 1.231846279464661 2.4637328581884548 25.298211718909446 2.9185824021697035 5.1769553776830426 7.611443397589027 1.6662220396101464 4.1393271116539827 2.5417384263128033 8.151448689401148 2.9344474007375529 3.6453552590683094 3.3347022114321589 6.8107134448364359 2.9049271219410011 3.5501184016466141 2.0662575699388981 2.704281909391284 2.2210399108007541 2.7496803454123429
leaf_count=2956 82 19 374 40 43 28 262 28 35 24 13 30 318 37 65 78 18 35 30 93 31 32 34 52 27 27 19 22 27 27
internal_value=-0.000271925 0.0029244 -0.0075911 -0.00351599 -0.00183302 0.00559507 0.0272474 -0.00875498 0.00055006 0.0709722 -0.00736908 -0.000455787 -0.0167713 -0.0089832 -0.0021216 0.00845281 -0.00742953 0.0157982 -0.00543381 0.000290585 -0.0317581 0.0168764 -0.0331789 0.0358302 0.0618621 0.0915203 0.0244645 -0.0309912 0.00602065 0.0127057
internal_weight=582.786 405.64 177.145 145.468 141.98 94.8271 37.7967 57.0304 50.062 5.06052 45.0014 42.3396 47.1529 42.6714 39.7528 34.5759 26.9644 35.1461 41.1077 38.566 13.1522 25.4138 6.98006 18.4338 13.2658 10.3608 5.0007 5.16801 31.0068 28.7857
internal_count=4906 2975 1931 1557 1517 958 379 579 497 52 445 410 559 516 479 414 336 351 397 367 143 224 66 158 106 79 50 52 316 289
is_linear=0
shrinkage=0.1


Tree=63
num_leaves=31
num_cat=0
split_feature=16 64 118 68 0 93 80 73 0 0 11 14 65 31 61 188 134 8 83 82 130 0 5 7 80 67 14 5 168 39
split_gain=1.43386 1.31881 2.10183 1.7446 2.73127 1.91464 1.79408 2.14952 3.67521 2.84158 2.31841 1.83546 1.45897 2.59019 1.8331 1.27995 1.18731 2.66502 4.83888 3.43297 2.16794 2.44018 3.97664 2.11486 1.89587 1.89793 3.01588 1.77873 4.01591 3.50299
threshold=1.0000000180025095e-35 1.0000000180025095e-35 1.0000000180025095e-35 1.0000000180025095e-35 12.921286582946779 1.0000000180025095e-35 1.0000000180025095e-35 1.0000000180025095e-35 13.419575691223146 15.260780334472658 1.0000000180025095e-35 1.0000000180025095e-35 1.0000000180025095e-35 1.0000000180025095e-35 1.0000000180025095e-35 1.0000000180025095e-35 1.0000000180025095e-35 1.0000000180025095e-35 1.0000000180025095e-35 1.0000000180025095e-35 1.0000000180025095e-35 5.2279260158538827 1.0000000180025095e-35 1.0000000180025095e-35 1.0000000180025095e-35 1.0000000180025095e-35 1.0000000180025095e-35 1.0000000180025095e-35 1.0000000180025095e-35 1.0000000180025095e-35
decision_type=2 2 2 2 2 2 2 2 2 2 2 2 2 2 2 2 2 2 2 2 2 2 2 2 2 2 2 2 2 2
left_child=1 2 3 16 5 -5 7 8 -6 11 -11 -9 13 14 -3 -2 24 19 -19 20 23 -22 -23 -18 27 26 -26 28 -1 -29
right_child=15 12 -4 4 6 -7 -8 9 -10 10 -12 -13 -14 -15 -16 -17 17 18 -20 -21 21 22 -24 -25 25 -27 -28 29 -30 -31
leaf_value=0.0065307006739863185 0.0033128471443576142 0.04591159888092522 -0.11714187075665194 -0.14397881961347844 0.077627827999372137 -0.02640707546478447 0.058016314808305491 -0.001728926796162525 -0.068147619094697978 0.0065733926890115882 0.14177400078962107 -0.12638763648945536 0.081133422369418923 -0.096784353788792188 -0.022904858929639088 0.055103484718282962 -0.11588997975636142 -0.10054267793079041 0.1047872297494606 0.10986353728960284 -0.051314656543463427 -0.02837777453175809 0.16878745611767043 0.0064302214967239509 -0.066984770789704093 -0.066157299778044285 0.07414429743501659 -0.024740994651968759 0.10131677740338629 0.027298532933353815
leaf_weight=87.396568437106907 323.94154873676598 10.43069181125612 1.7560979621484865 3.1274683587253085 1.9960439871065361 2.486189984716475 2.9653385188430539 3.8688006410375237 12.95000897021964 3.0434141093865037 2.1745753586292267 1.7002009144052861 3.0978171564638606 2.1293242378160349 6.1548372479155651 4.8432536162436 3.4027216527610999 7.3704131562262774 1.3594216676428912 2.4231958119198689 2.9955825749784708 2.1047367304563522 1.9902713457122443 2.4177981894463301 2.8797198659740362 8.4001754596829414 3.1932380814105272 46.546391072217375 4.7107972726225844 17.913231659680605
leaf_count=958 1965 107 26 45 19 32 30 45 151 40 19 19 33 26 65 31 49 118 22 28 40 28 25 33 33 105 31 551 47 185
internal_value=-0.000279041 -0.00593864 -0.00815648 -0.00732223 -0.0281166 -0.0919084 -0.0156383 -0.0241259 -0.0486793 0.00989438 0.0629177 -0.0397869 0.0175662 0.00704407 0.020374 0.00407576 -0.00366523 -0.0244628 -0.0685684 0.000646544 -0.0198516 0.0172747 0.0674492 -0.0650791 -0.000739156 -0.0353669 0.00722268 0.00246185 0.0113785 -0.0102793
internal_weight=581.77 252.985 231.172 229.416 34.312 5.61366 28.6984 25.733 14.9461 10.787 5.21799 5.569 21.8127 18.7149 16.5855 328.785 195.104 24.0641 8.72983 15.3343 12.9111 7.09059 4.09501 5.82052 171.04 14.4731 6.07296 156.567 92.1074 64.4596
internal_count=4906 2910 2679 2653 400 77 323 293 170 123 59 64 231 198 172 1996 2253 343 140 203 175 93 53 82 1910 169 64 1741 1005 736
is_linear=0
shrinkage=0.1


Tree=64
num_leaves=31
num_cat=0
split_feature=12 0 6 52 85 13 0 230 153 26 69 87 0 14 87 6 1 0 1 1 7 54 5 1 83 9 11 67 13 1
split_gain=1.46257 1.99845 1.82426 1.73698 1.61616 1.5437 2.04299 1.5108 1.51346 1.61614 3.12488 2.89791 2.33572 3.16699 2.16746 2.08491 3.52507 2.43862 2.07002 1.98115 1.90659 1.85796 1.97471 1.5529 2.06835 3.44752 2.58414 4.47213 5.34756 3.71595
threshold=1.0000000180025095e-35 14.47091054916382 1.0000000180025095e-35 1.0000000180025095e-35 1.0000000180025095e-35 1.0000000180025095e-35 17.80835056304932 1.0000000180025095e-35 1.0000000180025095e-35 1.0000000180025095e-35 1.0000000180025095e-35 1.0000000180025095e-35 4.6392881870269784 1.0000000180025095e-35 1.0000000180025095e-35 1.0000000180025095e-35 -0.15446041524410245 8.0082135200500506 -0.6200471520423888 -0.39508707821369166 1.0000000180025095e-35 1.0000000180025095e-35 1.0000000180025095e-35 -0.51950716972351063 1.0000000180025095e-35 1.0000000180025095e-35 1.0000000180025095e-35 1.0000000180025095e-35 1.0000000180025095e-35 -0.34367632865905756
decision_type=2 2 2 2 2 2 2 2 2 2 2 2 2 2 2 2 2 2 2 2 2 2 2 2 2 2 2 2 2 2
left_child=4 7 3 -3 -1 6 -5 8 9 11 23 12 13 18 -12 16 21 -18 -2 -17 -15 22 -14 -11 26 -26 29 -28 -29 -25
right_child=1 2 -4 5 -6 -7 -8 -9 -10 10 14 -13 15 20 -16 19 17 -19 -20 -21 -22 -23 -24 24 25 -27 27 28 -30 -31
leaf_value=0.0038834278589564191 -0.008057184280061646 0.044220584045283201 -0.079084719151912869 -0.10967799814985446 -0.038489469981341597 0.00033886273515025479 0.040064062654744631 -0.091097284120083166 0.069518908739968716 -0.013406554925893233 -0.10384610873813026 0.068686176816115094 0.037371376149036559 -0.11768314279617541 0.021868798477761547 0.061545046922572524 0.11135107231655189 -0.0068388390199048193 0.10980307999836743 -0.079146321365810512 0.019656967184786392 -0.12348531657825434 -0.092631772052686912 0.055041302285680709 0.01282222244801233 0.12248446319495698 0.10330080565648565 -0.047861402317711209 0.074451310232519496 -0.032405014178379092
leaf_weight=402.28073471644893 2.4685137681663036 3.546328674070538 6.8973903716541818 4.0114516280591488 9.2073795236647111 5.5079499492421746 1.1788915442302821 1.9652172634378064 2.835266387090086 22.321159306913614 4.3061044239439061 3.6018396969884625 2.2648292947560531 2.0677509028464556 2.0123479617759585 1.0907288352027542 1.9567657243460477 16.189085275866091 3.7599971201270801 12.150342762470242 1.9774367790669201 3.8506971504539251 2.4135386403650045 6.3243268211372152 7.5877563534304482 4.6075779944658279 6.5196392647922048 8.4716361332684738 6.1835171487182388 20.979661520570524
leaf_count=2918 22 38 162 93 65 57 12 21 28 240 60 35 24 26 20 15 15 191 32 162 17 51 23 61 75 42 55 92 42 212
internal_value=-0.000281844 -0.00811286 -0.036871 -0.0164307 0.0029353 -0.0365358 -0.0756668 -0.0040021 -0.00282929 -0.00426268 0.00398458 -0.0179562 -0.024174 0.0183479 -0.0638075 -0.0351185 -0.0190164 0.00590622 0.0630921 -0.0675569 -0.0505462 -0.0720402 -0.0296964 0.00914561 0.0174422 0.0542542 0.0081818 0.0343989 0.00374657 -0.0121501
internal_weight=580.536 169.048 21.142 14.2446 411.488 10.6983 5.19034 147.906 145.941 143.105 89.3137 53.7915 50.1897 10.2737 6.31845 39.916 26.6749 18.1459 6.22851 13.2411 4.04519 8.52907 4.67837 82.9953 60.6741 12.1953 48.4788 21.1748 14.6552 27.304
internal_count=4906 1923 362 200 2983 162 105 1561 1540 1512 899 613 578 97 80 481 304 206 54 177 43 98 47 819 579 117 462 189 134 273
is_linear=0
shrinkage=0.1


Tree=65
num_leaves=31
num_cat=0
split_feature=16 104 73 54 0 114 64 65 108 15 14 51 67 49 0 0 99 5 8 55 227 81 0 61 0 14 101 21 78 73
split_gain=1.27554 1.26275 1.43031 2.48599 1.47446 1.24708 1.18163 1.97593 2.09318 1.9107 2.35798 1.47329 2.89741 2.19831 2.43378 2.50488 2.30659 2.08313 2.05448 1.76986 1.40393 1.35977 1.33571 1.27999 2.80291 3.12617 2.85962 3.44218 4.62744 2.77027
threshold=1.0000000180025095e-35 1.0000000180025095e-35 1.0000000180025095e-35 1.0000000180025095e-35 11.108829498291017 1.0000000180025095e-35 1.0000000180025095e-35 1.0000000180025095e-35 1.0000000180025095e-35 1.0000000180025095e-35 1.0000000180025095e-35 1.0000000180025095e-35 1.0000000180025095e-35 1.0000000180025095e-35 14.867898464202883 15.585215568542482 1.0000000180025095e-35 1.0000000180025095e-35 1.0000000180025095e-35 1.0000000180025095e-35 1.0000000180025095e-35 1.0000000180025095e-35 13.474332809448244 1.0000000180025095e-35 4.2108144760131845 1.0000000180025095e-35 1.0000000180025095e-35 1.0000000180025095e-35 1.0000000180025095e-35 1.0000000180025095e-35
decision_type=2 2 2 2 2 2 2 2 2 2 2 2 2 2 2 2 2 2 2 2 2 2 2 2 2 2 2 2 2 2
left_child=1 5 3 4 -3 6 11 8 9 10 -8 20 19 14 16 -16 21 -17 -15 -13 23 22 -14 -1 25 29 27 -26 -29 -25
right_child=-2 2 -4 -5 -6 -7 7 -9 -10 -11 -12 12 13 18 15 17 -18 -19 -20 -21 -22 -23 -24 24 26 -27 -28 28 -30 -31
leaf_value=-0.0088738939526166131 0.0038208539995040975 -0.13972336014493023 -0.096453711239940745 0.1033882524408383 0.010936750552953539 -0.07664358720418829 0.055422251379248312 0.096546541700236785 0.094907112098995008 -0.062526353519569713 -0.038957847723026628 -0.1135424240767037 0.12013089788768749 -0.1189552961782397 0.12233028952092223 -0.046165259071672106 -0.094070978465211619 0.084019604272662599 0.02860121033161795 -0.036118303972063871 0.074400561838472795 -0.034327637607117364 0.0002318750931717058 0.17578150277253479 -0.014269903124787282 -0.018172669999231585 0.12055655714070464 -0.013906015729777925 0.16947701863920916 0.031930949510221789
leaf_weight=118.14370807213709 327.86787662096322 1.2901824014261358 3.2218084810301661 1.350520399399102 1.3082834007218478 2.3684133086353532 6.294592586345976 2.8487259456887832 2.3362397765740743 4.3769880020990959 4.568349365144968 3.5746617931872633 1.7058598683215733 2.5390495005995026 3.4431882952339929 2.7788957729935646 2.7595018288120627 2.2039445042610168 1.5016570547595618 16.963170343544334 2.3816567547619334 3.1485571730881929 2.0405919076874852 2.8605564944446069 42.334814758505672 3.0583897791802883 1.8991218004375685 3.0257562985643736 2.5237143468111753 2.5164645723998547
leaf_count=1386 1996 24 47 18 19 30 54 30 22 67 39 45 16 34 31 34 30 16 23 214 17 31 35 20 486 33 20 41 26 22
internal_value=-0.000288042 -0.00564743 -0.0470084 -0.00666812 -0.0638686 -0.00443287 -0.00372565 0.0192888 0.0067669 -0.00674476 0.0157312 -0.00584878 -0.0225467 0.00256478 0.0174674 0.0567399 -0.0168079 0.0114164 -0.0641185 -0.0495942 -0.00186366 0.0141141 0.0548251 -0.00289355 0.00924238 0.0625467 0.000210376 -0.00456263 0.0694905 0.108459
internal_weight=579.235 251.367 7.17079 3.94899 2.59847 244.197 241.828 20.4249 17.5762 15.2399 10.8629 221.403 42.6591 22.1212 18.0805 8.42603 9.65451 4.98284 4.04071 20.5378 178.744 6.89501 3.74645 176.363 58.2188 8.43541 49.7834 47.8843 5.54947 5.37702
internal_count=4906 2910 108 61 43 2802 2772 212 182 160 93 2560 509 250 193 81 112 50 57 259 2051 82 51 2034 648 75 573 553 67 42
is_linear=0
shrinkage=0.1


Tree=66
num_leaves=31
num_cat=0
split_feature=89 12 0 174 51 68 118 0 0 64 1 118 230 85 236 0 126 137 0 14 6 0 141 1 26 8 68 108 0 81
split_gain=1.31635 1.3768 1.50062 1.76548 1.74175 1.59384 2.79871 2.1511 2.51811 1.76383 1.40367 2.13579 1.30465 1.25264 1.9993 1.46172 1.24129 1.39923 3.0214 1.56491 1.60057 1.8349 1.23603 1.17172 1.26928 2.33279 1.95619 1.16501 1.64898 3.18661
threshold=1.0000000180025095e-35 1.0000000180025095e-35 14.47091054916382 1.0000000180025095e-35 1.0000000180025095e-35 1.0000000180025095e-35 1.0000000180025095e-35 15.924708843231203 16.379192352294925 1.0000000180025095e-35 0.90873831510543834 1.0000000180025095e-35 1.0000000180025095e-35 1.0000000180025095e-35 1.0000000180025095e-35 9.1197810173034686 1.0000000180025095e-35 1.0000000180025095e-35 2.4503763914108281 1.0000000180025095e-35 1.0000000180025095e-35 4.507871389389039 1.0000000180025095e-35 0.92577382922172557 1.0000000180025095e-35 1.0000000180025095e-35 1.0000000180025095e-35 1.0000000180025095e-35 13.030800819396974 1.0000000180025095e-35
decision_type=2 2 2 2 2 2 2 2 2 2 2 2 2 2 2 2 2 2 2 2 2 2 2 2 2 2 2 2 2 2
left_child=1 10 12 5 -5 6 -4 -7 -9 -10 11 13 16 14 -1 -15 17 22 -19 20 21 -20 27 -12 25 -25 -26 28 -3 -30
right_child=-2 2 3 4 -6 7 -8 8 9 -11 23 -13 -14 15 -16 -17 -18 18 19 -21 -22 -23 -24 24 26 -27 -28 -29 29 -31
leaf_value=0.0026756165751993192 -0.074612794817142489 0.0037493210646466755 -0.10472870555920125 0.10801391106254771 -0.037189217507941928 -0.076343238096077445 0.059215003375322518 0.14658944043692893 -0.065326179778168958 0.071427182455416308 0.091848533866580706 -0.082811319549674911 -0.086739168615370787 -0.071438505394549087 0.075549643789873611 0.0095258552037714439 -0.06078105216773845 0.084998776764472775 -0.12555408501618456 -0.097541573656445765 0.04432780577793409 -0.003628464547670416 -0.075259687328903563 0.084692849679873561 0.043322934163837451 -0.02469975431397689 -0.063242535108962578 0.034136564712447921 -0.080169714617800328 0.037813162114533623
leaf_weight=375.32340645510703 2.3726802673190823 103.96766400849447 6.6560010234825358 1.6126380073837927 1.6937690977938473 3.6756947673857212 1.2343935593962667 1.2606493169441817 2.5728302360512316 1.4889811025932429 2.6487053856253651 2.9546968787908545 1.8863886026665557 4.8710166960954648 3.8028650004416695 4.112443495541811 3.6289390111342064 1.9109374098479737 2.1178529541939479 4.4327814457938075 2.4203417794778943 2.9586061057634652 2.0509356725960961 5.4707285836338979 3.3170580007135859 3.0285778176039457 3.5835356749594212 10.966650453861801 6.510816013440488 3.5306204385124147
leaf_count=2718 31 1071 134 16 33 70 9 17 58 21 21 24 21 32 24 30 39 16 19 59 29 30 29 40 27 24 25 106 94 39
internal_value=-0.000281246 2.51083e-05 -0.00763888 -0.0331924 0.0336309 -0.0462749 -0.0790809 -0.0175076 0.0231243 -0.0151951 0.00314563 0.00188726 -0.00411351 0.00253208 0.00340659 -0.0343747 -0.00303484 -0.00154722 -0.0317405 -0.0504404 -0.0225899 -0.0544947 0.00174257 0.0304112 0.0198442 0.0457127 -0.0120174 0.00300623 1.17694e-05 -0.0386863
internal_weight=578.063 575.691 166.577 20.195 3.30641 16.8886 7.89039 8.99816 5.32246 4.06181 409.113 391.064 146.383 388.11 379.126 8.98346 144.496 140.867 13.8405 11.9296 7.4968 5.07646 127.027 18.0486 15.3999 8.49931 6.90059 124.976 114.009 10.0414
internal_count=4906 4875 1910 358 49 309 143 166 96 79 2965 2828 1552 2804 2742 62 1531 1492 153 137 78 49 1339 137 116 64 52 1310 1204 133
is_linear=0
shrinkage=0.1


Tree=67
num_leaves=31
num_cat=0
split_feature=15 0 6 91 0 12 13 58 26 71 54 0 0 8 126 14 77 100 7 99 74 62 12 9 35 0 0 1 61 0
split_gain=1.24501 1.3792 4.13822 3.02163 2.18444 2.13649 2.40042 2.13112 1.76035 2.00763 2.84884 2.97578 1.80886 1.91444 1.6466 1.49827 1.49661 1.48402 1.47347 3.28995 2.70321 4.61108 1.50158 1.41395 2.25534 1.79432 2.68251 2.57514 2.47679 3.12488
threshold=1.0000000180025095e-35 11.296372413635256 1.0000000180025095e-35 1.0000000180025095e-35 11.190965175628664 1.0000000180025095e-35 1.0000000180025095e-35 1.0000000180025095e-35 1.0000000180025095e-35 1.0000000180025095e-35 1.0000000180025095e-35 14.752909183502199 13.550992488861086 1.0000000180025095e-35 1.0000000180025095e-35 1.0000000180025095e-35 1.0000000180025095e-35 1.0000000180025095e-35 1.0000000180025095e-35 1.0000000180025095e-35 1.0000000180025095e-35 1.0000000180025095e-35 1.0000000180025095e-35 1.0000000180025095e-35 1.0000000180025095e-35 11.998631000518801 12.581793308258058 0.43569853901863104 1.0000000180025095e-35 14.97056818008423
decision_type=2 2 2 2 2 2 2 2 2 2 2 2 2 2 2 2 2 2 2 2 2 2 2 2 2 2 2 2 2 2
left_child=1 4 3 15 14 8 -7 -8 12 -10 -11 -12 -4 -14 16 18 17 -1 19 20 21 -3 -22 25 -25 -17 -27 -28 29 -29
right_child=-2 2 5 -5 -6 6 7 -9 9 10 11 -13 13 -15 -16 23 -18 -19 -20 -21 22 -23 -24 24 -26 26 27 28 -30 -31
leaf_value=0.00040466160082812158 -0.0073166891106866867 0.029469972549200175 0.024397178904538176 -0.084950115248337996 -0.077352879038597139 -0.09598460886270091 0.071979511426266601 -0.038652200395666157 0.074024027895415262 0.055519820475729557 -0.077212004206807142 0.022240482922091503 -0.0081932094449614062 -0.072836613193382277 -0.062029192836330398 0.097906086123803776 -0.055243937956189919 0.051342576133395948 0.062744749143687523 0.085208329498708338 0.1079614032902107 -0.099994363653117174 0.0031126389081448796 0.0088467296545213427 -0.09716641677480041 -0.084890761889935162 0.1410732612977042 -0.099033186452573668 0.064475961233745813 0.026043537883785446
leaf_weight=237.08331505674869 174.89568522013724 6.3608231730759197 8.0141099691391009 2.3799538062885395 3.7547413744032374 5.2137919496744844 2.3126175664365292 7.0469431085512042 5.5452840179204967 7.2088396418839702 5.6120497975498438 6.485569329932332 12.466868512332441 7.2430498674511901 4.2771823536604634 3.214183151721957 4.7160410173237315 5.8608998060226432 19.001921642571688 6.560981396585702 2.9326888658106318 4.8477346748113632 2.5567094194702804 9.3725983118638378 2.5534616531804195 2.2708112336695221 1.883979413658383 3.0529143083840591 6.4069057069718829 5.7777397707104683
leaf_count=1660 1931 53 46 19 28 123 16 63 34 48 30 39 72 45 36 19 42 39 170 48 25 39 26 80 24 14 12 29 50 46
internal_value=-0.000273589 0.0027905 0.0105332 0.0260208 -0.00164037 -0.0077276 -0.0416076 -0.0113166 0.00166353 0.0209902 0.00575756 -0.0238952 -0.0156608 -0.0319485 -0.000511995 0.0294599 0.00055043 0.00163351 0.0420863 0.0252089 0.00163388 -0.0265237 0.0591277 0.0140078 -0.0138515 0.028705 0.0172353 0.0307801 0.0171435 -0.0171977
internal_weight=576.91 402.015 146.323 79.1734 255.692 67.1491 14.5734 9.35956 52.5758 24.8517 19.3065 12.0976 27.724 19.7099 251.937 76.7935 247.66 242.944 42.2609 23.2589 16.698 11.2086 5.4894 34.5326 11.9261 22.6065 19.3924 17.1215 15.2376 8.83065
internal_count=4906 2975 1170 654 1805 516 202 79 314 151 117 69 163 117 1777 635 1741 1699 361 191 143 92 51 274 104 170 151 137 125 75
is_linear=0
shrinkage=0.1


Tree=68
num_leaves=31
num_cat=0
split_feature=16 104 73 54 0 92 236 0 126 73 6 13 9 8 10 114 7 1 0 94 130 10 15 8 61 11 54 8 12 6
split_gain=1.17444 1.04949 1.33102 2.02848 1.41318 1.02942 1.18451 1.12431 1.54029 1.50304 1.37829 3.14493 2.33628 1.8821 1.19418 1.02756 1.05723 2.24148 9.3133 3.46458 2.59972 4.32696 5.18146 4.34351 4.26004 3.0218 2.85528 3.19592 2.35631 2.56665
threshold=1.0000000180025095e-35 1.0000000180025095e-35 1.0000000180025095e-35 1.0000000180025095e-35 11.108829498291017 1.0000000180025095e-35 1.0000000180025095e-35 3.5414099693298344 1.0000000180025095e-35 1.0000000180025095e-35 1.0000000180025095e-35 1.0000000180025095e-35 1.0000000180025095e-35 1.0000000180025095e-35 1.0000000180025095e-35 1.0000000180025095e-35 1.0000000180025095e-35 -0.12905924022197721 7.5277206897735605 1.0000000180025095e-35 1.0000000180025095e-35 1.0000000180025095e-35 1.0000000180025095e-35 1.0000000180025095e-35 1.0000000180025095e-35 1.0000000180025095e-35 1.0000000180025095e-35 1.0000000180025095e-35 1.0000000180025095e-35 1.0000000180025095e-35
decision_type=2 2 2 2 2 2 2 2 2 2 2 2 2 2 2 2 2 2 2 2 2 2 2 2 2 2 2 2 2 2
left_child=1 15 3 4 -3 6 7 9 -9 10 12 -12 13 14 -2 16 17 18 19 20 26 22 24 25 -22 -23 -1 -28 -19 -30
right_child=5 2 -4 -5 -6 -7 -8 8 -10 -11 11 -13 -14 -15 -16 -17 -18 28 -20 -21 21 23 -24 -25 -26 -27 27 -29 29 -31
leaf_value=-0.091829044401250448 0.034622620661358426 -0.14095007424372771 -0.094261449862704974 0.091119932968429948 0.011664750105109686 0.054240039715279069 0.06198734487023444 0.0055167970197212883 -0.043345556114209711 -0.078434925698370433 -0.11127007441717465 0.0097033602280061637 -0.044176968343358866 0.081002880423421617 -0.043834518955250909 -0.071657369444974819 0.0034908365276524467 -0.011059163033583539 0.15883082362611789 0.097568299057093716 -0.053559581834351423 -0.057746018635734732 0.093250274002748323 -0.1053252226835318 0.076797364210865665 0.069749905737979415 -0.061448710806073226 0.097185521387718757 -0.026021729523992294 -0.10667102288967041
leaf_weight=7.2684463541954738 4.6327766366303056 1.1465518083423369 2.9803135246038437 1.3927563293837013 1.2887073005549607 3.9801110215485087 3.3765793945640317 281.11402438208461 6.6029396671801797 3.3951318003237239 3.6704488284885866 5.1842404827475548 5.9768493957817546 4.8051728419959545 3.337693877518177 2.2464852435514322 110.14630418084562 59.206042177043855 3.7116167414933434 3.0544452499598256 7.7105369120836258 3.5349877998232824 8.1343914354220033 5.9389166249893606 3.7147281505167484 3.9208818059414625 3.0251819915138185 2.1889213044196367 12.03943417966366 5.8700676960870615
leaf_count=100 30 24 47 18 19 28 21 1683 37 26 47 29 45 28 22 30 1107 582 34 32 100 62 113 75 28 42 36 30 243 188
internal_value=-0.000252329 -0.00543095 -0.0441511 -0.00513745 -0.0601883 0.00369457 0.00306998 0.0024458 0.00439543 -0.0156478 -0.0079262 -0.0404426 0.00742762 0.0315699 0.00176811 -0.00434031 -0.00370879 -0.00984103 0.00616044 -0.00552521 -0.0124555 0.00226599 0.0322522 -0.0415212 -0.0111763 0.00930135 -0.051321 0.00514718 -0.0206732 -0.0524556
internal_weight=574.596 248.52 6.80833 3.82802 2.43526 326.076 322.096 318.719 287.717 31.0023 27.6072 8.85469 18.7525 12.7756 7.97047 241.711 239.465 129.319 52.2031 48.4914 45.437 32.9544 19.5597 13.3948 11.4253 7.45587 12.4825 5.2141 77.1155 17.9095
internal_count=4906 2910 108 61 43 1996 1968 1947 1720 227 201 76 125 80 52 2802 2772 1665 652 618 586 420 241 179 128 104 166 66 1013 431
is_linear=0
shrinkage=0.1


Tree=69
num_leaves=31
num_cat=0
split_feature=15 293 144 0 6 91 104 12 8 13 73 0 26 71 67 9 0 1 69 81 8 101 94 108 16 1 138 67 5 0
split_gain=1.2073 1.49019 1.24279 1.27237 3.32547 2.51936 2.0669 1.9646 2.76353 2.57521 3.61138 1.67976 1.6012 1.63313 2.69478 2.65904 1.62515 1.85819 2.60834 1.37355 1.32007 3.119 2.37023 2.85903 2.24927 3.24256 2.78103 2.01936 4.8573 3.61109
threshold=1.0000000180025095e-35 1.0000000180025095e-35 1.0000000180025095e-35 11.296372413635256 1.0000000180025095e-35 1.0000000180025095e-35 1.0000000180025095e-35 1.0000000180025095e-35 1.0000000180025095e-35 1.0000000180025095e-35 1.0000000180025095e-35 11.190965175628664 1.0000000180025095e-35 1.0000000180025095e-35 1.0000000180025095e-35 1.0000000180025095e-35 13.550992488861086 0.89459273219108593 1.0000000180025095e-35 1.0000000180025095e-35 1.0000000180025095e-35 1.0000000180025095e-35 1.0000000180025095e-35 1.0000000180025095e-35 1.0000000180025095e-35 0.13636017590761187 1.0000000180025095e-35 1.0000000180025095e-35 1.0000000180025095e-35 9.4346337318420428
decision_type=2 2 2 2 2 2 2 2 2 2 2 2 2 2 2 2 2 2 2 2 2 2 2 2 2 2 2 2 2 2
left_child=1 2 3 11 5 -5 7 12 9 -9 -11 20 16 -14 15 -15 19 18 -18 -6 27 22 23 24 -22 26 -26 28 29 -1
right_child=-2 -3 -4 4 6 -7 -8 8 -10 10 -12 -13 13 14 -16 -17 17 -19 -20 -21 21 -23 -24 -25 25 -27 -28 -29 -30 -31
leaf_value=0.065190593637230829 -0.0072017299347448237 0.076969069423745096 0.058661150995374681 0.026367612864982182 0.070621227686252619 -0.078616655688485845 -0.093450470474463754 -0.084911542739608353 -0.10849866146284809 0.097305343870216068 -0.055775164579681229 -0.070418121401856229 0.073608717078957914 0.021976041839177889 0.045073663913101143 -0.091229547455937698 0.0092282845131707002 0.04017560962087606 -0.075059807270922818 -0.01536360656791658 -0.02641448444958391 -0.093129201643678744 -0.066266487637530236 0.061055977371186392 -0.010365902356337603 0.094629131806358346 0.065926008726148122 -0.0044617198358010536 -0.013657371200795737 -0.022660114449069093
leaf_weight=23.211081864312295 174.62240742286667 2.6884345896542063 3.869394574314355 75.472957583609968 3.7394558675587204 2.357214846648275 2.6762981992214909 2.9636356770060939 3.9169480977579942 3.4207718838006258 2.8046385478228331 3.6010919325053683 5.219764698296788 4.3618151396512985 10.048485822975636 3.9573113266378641 6.0374288018792877 3.3473363723605862 9.3683779556304216 3.6920793317258358 35.995013902895153 4.3565930947661391 6.238164607435464 6.557781843468546 38.995430525392294 3.8516037017107001 5.4452146887779227 91.061566142365336 23.497751152142882 5.8602707497775546
leaf_count=146 1931 19 32 631 21 19 24 62 79 22 27 27 32 25 61 27 38 18 55 22 381 27 45 45 212 20 25 638 157 38
internal_value=-0.000267989 0.0027695 0.00226567 0.00170907 0.00921136 0.023188 -0.00738256 -0.00371922 -0.0381658 -0.00818547 0.0283403 -0.00261676 0.00535126 0.0242492 0.010222 -0.0318745 -0.0116721 -0.027355 -0.0420279 0.0279029 -0.00162048 -0.0103537 -0.00663912 -0.00254461 -0.00749292 0.00661043 -0.00101802 0.00454737 0.0201531 0.0474814
internal_weight=573.236 398.614 395.925 392.056 143.385 77.8302 65.5543 62.878 13.106 9.18905 6.22541 248.672 49.7721 23.5874 18.3676 8.31913 26.1847 18.7531 15.4058 7.43154 245.07 101.44 97.0832 90.845 84.2873 48.2922 44.4406 143.631 52.5691 29.0714
internal_count=4906 2975 2956 2924 1163 650 513 489 190 111 49 1761 299 145 113 52 154 111 93 43 1734 755 728 683 638 257 237 979 341 184
is_linear=0
shrinkage=0.1


Tree=70
num_leaves=31
num_cat=0
split_feature=14 262 267 20 262 153 67 107 153 0 1 0 1 0 129 6 67 9 31 54 16 81 11 9 32 79 16 15 68 62
split_gain=1.10712 2.24514 1.83351 1.77817 1.79677 1.51083 2.69683 1.61655 1.45063 1.40223 1.27466 7.09118 1.68836 4.34962 2.97019 2.19189 2.49512 2.0266 2.30999 1.83766 3.93973 2.02692 1.59686 4.36485 2.50167 2.14807 2.03348 2.27344 3.36427 3.63084
threshold=1.0000000180025095e-35 1.0000000180025095e-35 1.0000000180025095e-35 1.0000000180025095e-35 1.0000000180025095e-35 1.0000000180025095e-35 1.0000000180025095e-35 1.0000000180025095e-35 1.0000000180025095e-35 8.9486651420593279 -0.14092326164245603 7.6317591667175302 -0.24207163602113721 5.405886411666871 1.0000000180025095e-35 1.0000000180025095e-35 1.0000000180025095e-35 1.0000000180025095e-35 1.0000000180025095e-35 1.0000000180025095e-35 1.0000000180025095e-35 1.0000000180025095e-35 1.0000000180025095e-35 1.0000000180025095e-35 1.0000000180025095e-35 1.0000000180025095e-35 1.0000000180025095e-35 1.0000000180025095e-35 1.0000000180025095e-35 1.0000000180025095e-35
decision_type=2 2 2 2 2 2 2 2 2 2 2 2 2 2 2 2 2 2 2 2 2 2 2 2 2 2 2 2 2 2
left_child=2 8 3 4 5 7 -7 -1 10 -6 11 12 13 14 -2 16 -14 19 -19 20 -15 -21 23 26 25 -25 -12 28 29 -28
right_child=1 -3 -4 -5 9 6 -8 -9 -10 -11 22 -13 15 17 -16 -17 -18 18 -20 21 -22 -23 -24 24 -26 -27 27 -29 -30 -31
leaf_value=0.0042145708566852964 -0.13347223631977512 0.062674854871658414 0.077677429696266898 -0.068700508516128897 -0.11909920892898879 0.011101603119199508 -0.13836658969726837 0.077533247034958078 0.053203200023427058 -0.0059539796135854384 -0.031918659675491484 0.16501353157572862 0.0059326558186204833 -0.00041981973746570882 -0.0090942159458358793 0.014185360222183478 -0.12061017851015617 0.055737136016099233 -0.057205047982301409 -0.032426713473289681 0.15958362216766339 0.080785306187199257 -0.0014424113176550873 -0.050024587364327147 -0.11528750559577082 0.055375122226118893 0.083248745908009611 -0.034376519470624076 0.099134047963021388 -0.024774564489949996
leaf_weight=331.96845748228952 2.0000118985772124 4.6835963297635308 3.2771845245733848 3.4698827429674557 2.109017696697264 2.9237063885666421 2.0560210682451725 3.03467515669763 3.8897992791607967 2.2789025558158755 17.37440100312233 2.5598683953285208 2.4156007179990393 2.4210111722350138 47.979436709545553 4.5124500244855881 4.3898280784487724 3.5749800764024249 3.6699296180158854 3.0642788335680962 4.2235467359423637 3.2680249903351068 52.82452338305302 21.056983437389142 5.5135855600237837 2.1291241180151692 4.3303233981132552 7.811416082084178 5.1312517002224913 11.055019343271852
leaf_count=2754 24 33 28 35 28 27 22 20 32 20 230 15 21 36 474 33 39 31 36 26 20 23 440 203 55 19 23 57 36 66
internal_value=-0.000255433 -0.00581978 0.0032291 0.00252769 0.00324538 0.00406599 -0.0506106 0.00487874 -0.00731052 -0.0603363 -0.00842448 0.00112956 -0.00401674 0.00176173 -0.0140714 -0.0398587 -0.0756935 0.0408944 -0.00147405 0.0645485 0.101285 0.0260006 -0.0147384 -0.0241783 -0.0547432 -0.040346 -0.00498452 0.011535 0.0290152 0.00562943
internal_weight=570.997 219.879 351.118 347.841 344.371 339.983 4.97973 335.003 215.195 4.38792 211.306 84.079 81.5191 70.2012 49.9794 11.3179 6.80543 20.2218 7.24491 12.9769 6.64456 6.3323 127.227 74.4021 28.6997 23.1861 45.7024 28.328 20.5166 15.3853
internal_count=4906 1972 2934 2906 2871 2823 49 2774 1939 48 1907 778 763 670 498 93 60 172 67 105 56 49 1129 689 277 222 412 182 125 89
is_linear=0
shrinkage=0.1


Tree=71
num_leaves=31
num_cat=0
split_feature=13 293 59 55 81 6 62 8 0 0 16 1 82 83 9 91 7 137 15 0 102 7 33 128 0 6 6 8 0 97
split_gain=1.03335 2.18868 1.41112 2.61767 2.43804 2.58658 2.06971 2.21498 7.01078 6.70773 3.03051 3.18114 1.80615 3.81668 2.91257 1.75992 1.66845 3.2405 2.60906 2.04589 1.96229 1.52565 1.87452 1.49921 1.79501 3.84313 1.77587 3.18646 3.72305 3.58317
threshold=1.0000000180025095e-35 1.0000000180025095e-35 1.0000000180025095e-35 1.0000000180025095e-35 1.0000000180025095e-35 1.0000000180025095e-35 1.0000000180025095e-35 1.0000000180025095e-35 4.4558520317077646 3.9917863607406621 1.0000000180025095e-35 -0.12221461907029151 1.0000000180025095e-35 1.0000000180025095e-35 1.0000000180025095e-35 1.0000000180025095e-35 1.0000000180025095e-35 1.0000000180025095e-35 1.0000000180025095e-35 6.635181427001954 1.0000000180025095e-35 1.0000000180025095e-35 1.0000000180025095e-35 1.0000000180025095e-35 5.542778968811036 1.0000000180025095e-35 1.0000000180025095e-35 1.0000000180025095e-35 8.0082135200500506 1.0000000180025095e-35
decision_type=2 2 2 2 2 2 2 2 2 2 2 2 2 2 2 2 2 2 2 2 2 2 2 2 2 2 2 2 2 2
left_child=-1 2 4 -4 6 16 7 8 -2 -9 11 -10 13 -7 -15 23 17 20 19 -18 -6 22 -11 24 25 -5 -26 28 -28 -30
right_child=1 -3 3 15 5 12 -8 9 10 21 -12 -13 -14 14 -16 -17 18 -19 -20 -21 -22 -23 -24 -25 26 -27 27 -29 29 -31
leaf_value=-0.0044356650559592287 -0.049907099046662712 0.090186769501762507 0.090144009804183203 -0.055578073571215997 -0.09324415107491657 0.090727412814894229 -0.062061699949095821 0.098013474571902071 -0.079580820266156704 -0.040571249793914979 0.083250609691997032 0.043852032919910161 -0.035841624892172796 -0.080074960731986139 0.04648982774334539 0.069868416487072524 -0.036875558420001495 0.010156290889630958 -0.080997602497629897 0.05679407753638676 -0.0079074787315106549 -0.0040848395706061871 -0.13968474273822695 0.052306975724633803 0.017558107943165608 0.026506316813044314 0.10728830418237599 -0.037698588201524066 -0.018509703535384673 0.069703988606537412
leaf_weight=289.58489850908518 8.6579549759626371 2.9214276373386374 3.8835980407893649 13.951664950698614 13.156341854482895 5.7853701794520038 3.8073437735438338 3.9473805278539684 2.7049182243645165 5.2261001635342819 15.093123620375991 9.1541051222011465 6.0891120415180913 3.7129893079400063 3.5630490984767675 4.342866299673914 3.9245985224843007 5.9743108656257382 3.5952636245638123 5.7452804613858461 3.3886190056800833 4.4500788506120434 3.0056475345045328 6.5158330556005231 77.079677033238113 9.6482565198093653 3.7303163260221508 19.921351832337677 21.131642237305645 5.8875389434397212
leaf_count=2910 66 17 27 98 99 45 24 32 31 38 83 78 42 27 22 30 26 44 30 31 20 37 26 47 557 64 22 141 156 36
internal_value=-0.000247399 0.0040843 0.00317645 0.00901002 -0.00555394 -0.0205248 0.00911992 0.0143078 0.0283792 -0.0158248 0.0535274 0.0156983 0.00913688 0.0301055 -0.0180967 0.00706752 -0.0363986 -0.0529711 -0.00826464 0.0187775 -0.0757661 -0.0512584 -0.0767604 0.00533988 0.00331788 -0.0220199 0.00799864 -0.00654307 0.0136413 0.000712254
internal_weight=569.581 279.996 277.074 166.093 110.982 54.9349 56.0467 52.2393 35.6101 16.6292 26.9521 11.859 19.1505 13.0614 7.27604 162.209 35.7844 22.5193 13.2651 9.66988 16.545 12.6818 8.23175 157.866 151.35 23.5999 127.751 50.6708 30.7495 27.0192
internal_count=4906 1996 1979 1178 801 386 415 391 258 133 192 109 136 94 49 1151 250 163 87 57 119 101 64 1121 1074 162 912 355 214 192
is_linear=0
shrinkage=0.1


Tree=72
num_leaves=31
num_cat=0
split_feature=12 0 74 16 13 51 54 101 64 67 87 0 68 26 11 14 13 0 16 135 0 67 26 56 0 6 16 1 113 83
split_gain=1.06601 1.75625 2.15368 1.81367 2.62263 2.21301 1.50501 1.22933 1.79129 1.85567 1.59344 2.76578 2.1527 2.63619 3.93549 3.40831 3.06356 2.83161 2.55214 2.49826 3.03755 2.47692 2.10002 1.88708 2.04873 1.60104 1.54746 1.35367 1.98064 2.66377
threshold=1.0000000180025095e-35 14.917180061340334 1.0000000180025095e-35 1.0000000180025095e-35 1.0000000180025095e-35 1.0000000180025095e-35 1.0000000180025095e-35 1.0000000180025095e-35 1.0000000180025095e-35 1.0000000180025095e-35 1.0000000180025095e-35 13.211498737335207 1.0000000180025095e-35 1.0000000180025095e-35 1.0000000180025095e-35 1.0000000180025095e-35 1.0000000180025095e-35 10.260096073150637 1.0000000180025095e-35 1.0000000180025095e-35 8.5516767501831072 1.0000000180025095e-35 1.0000000180025095e-35 1.0000000180025095e-35 7.0266940593719491 1.0000000180025095e-35 1.0000000180025095e-35 -0.51950716972351063 1.0000000180025095e-35 1.0000000180025095e-35
decision_type=2 2 2 2 2 2 2 2 2 2 2 2 2 2 2 2 2 2 2 2 2 2 2 2 2 2 2 2 2 2
left_child=-1 7 3 -3 5 -5 -4 8 10 -10 12 -12 13 14 15 19 18 -16 21 20 23 -17 -14 -2 -25 -19 -22 -15 29 -29
right_child=1 2 6 4 -6 -7 -8 -9 9 -11 11 -13 22 27 17 16 -18 25 -20 -21 26 -23 -24 24 -26 -27 -28 28 -30 -31
leaf_value=0.0025148877146987255 0.16760770799749458 -0.06423187745400992 0.019399979626780129 0.061103095766630672 0.083625471061580192 -0.10796711228157381 -0.099321957207453931 0.042922583263875241 0.0080170033693024948 -0.13144217145917564 -0.0031618627373827808 0.1437853258117652 -0.013864979740158188 -0.012714338664414 -0.085349142743399276 -0.018310798391139093 -0.12218750631109353 0.053873467741514525 -0.049462751268244003 -0.048510193812812456 -0.066546211558837859 0.20568458623348579 -0.1224997050199296 -0.0061953241996447785 0.12606649590764138 -0.067474933572244128 0.032739957209306732 0.00046934249753788457 0.090441930676780899 0.055126245646435007
leaf_weight=404.42245796322823 2.2852497249841708 3.6496738989371824 1.2975291283801187 1.277329508215189 3.4798510260879993 1.9654796719551086 6.0301341046579182 5.5028294175863257 1.6616304907947772 2.2408571499399841 3.615921168588101 1.9834052249789236 4.3725636336021116 22.015826872549951 12.204636998940261 1.0288666682317869 3.4423266109079123 2.8059661546722046 4.0416572466492653 3.4715958922170094 2.3315514079295099 0.94902676809579123 3.0005609896034002 2.458645598962903 2.236501719802618 1.7750653894618151 4.8047039024531841 43.039050425868481 3.4026981964707366 11.246852831915019
leaf_count=2983 22 117 10 9 19 41 122 52 21 38 39 19 61 243 141 22 45 32 36 38 58 26 52 24 22 22 33 424 27 108
internal_value=-0.000240535 -0.00705125 -0.0367984 -0.00747947 0.0233309 -0.041371 -0.0782995 -0.00344288 -0.00525993 -0.0720622 -0.00335025 0.0488901 -0.00558464 -0.00245192 -0.0221494 0.00145372 -0.0469421 -0.0601859 -0.00391236 0.027489 0.0461789 0.089166 -0.0580749 0.0930809 0.0568067 0.0068532 0.000301263 0.0083813 0.0164321 0.0117931
internal_weight=568.04 163.618 17.7 10.3723 6.72266 3.24281 7.32766 145.918 140.415 3.90249 136.513 5.59933 130.913 123.54 43.8358 27.0501 9.46188 16.7857 6.01955 17.5882 14.1167 1.97789 7.37312 6.9804 4.69515 4.58103 7.13626 79.7044 57.6886 54.2859
internal_count=4906 1923 318 186 69 50 132 1605 1553 59 1494 58 1436 1323 521 326 129 195 84 197 159 48 113 68 46 54 91 802 559 532
is_linear=0
shrinkage=0.1


Tree=73
num_leaves=31
num_cat=0
split_feature=15 76 10 1 0 22 95 1 0 57 1 140 127 135 54 0 26 11 8 0 6 12 13 16 8 14 67 21 177 42
split_gain=1.01417 1.22445 3.41785 1.56239 2.24129 1.25835 1.86373 1.5378 2.23838 1.81693 1.44998 3.16844 2.61463 2.36599 3.20501 5.05145 4.41425 2.32385 2.2839 2.2406 3.27057 2.03836 2.07093 2.04545 2.00712 1.69264 3.1936 1.64274 1.85995 1.32387
threshold=1.0000000180025095e-35 1.0000000180025095e-35 1.0000000180025095e-35 -0.76789107918739308 2.2026009559631352 1.0000000180025095e-35 1.0000000180025095e-35 -0.12221461907029151 4.4558520317077646 1.0000000180025095e-35 -0.27872842550277704 1.0000000180025095e-35 1.0000000180025095e-35 1.0000000180025095e-35 1.0000000180025095e-35 4.507871389389039 1.0000000180025095e-35 1.0000000180025095e-35 1.0000000180025095e-35 3.0266940593719487 1.0000000180025095e-35 1.0000000180025095e-35 1.0000000180025095e-35 1.0000000180025095e-35 1.0000000180025095e-35 1.0000000180025095e-35 1.0000000180025095e-35 1.0000000180025095e-35 1.0000000180025095e-35 1.0000000180025095e-35
decision_type=2 2 2 2 2 2 2 2 2 2 2 2 2 2 2 2 2 2 2 2 2 2 2 2 2 2 2 2 2 2
left_child=-1 3 -3 -2 -5 10 7 8 -7 -10 11 12 18 14 15 16 -14 -15 -6 -18 -21 27 -23 24 -24 26 -16 28 29 -12
right_child=1 2 -4 4 5 6 -8 -9 9 -11 21 -13 13 17 25 -17 19 -19 -20 20 -22 22 23 -25 -26 -27 -28 -29 -30 -31
leaf_value=0.0025547896268842615 -0.11579392504809856 0.10906779668470229 -0.055240295264742091 0.10600797798883221 0.020099229240661362 -0.09387174963572284 0.056200378002093612 -0.12660493366515077 -0.037569185395803263 0.08705618534835248 0.00072006308853069228 -0.11741555599910661 0.13855298010952524 -0.073002622851108298 -0.078941513217414869 0.19624140209973129 0.060094495380054617 0.028278907807273063 0.14518261027556728 -0.11400283150018449 0.061287405967640811 -0.075488306416132675 -0.10688695638731259 0.031390938317884746 0.043005964699445877 -0.068373843564013562 0.06716134415331719 0.040500428106151398 -0.091239718744884291 -0.027895913801346445
leaf_weight=393.73396343691275 1.3366633225232352 3.0592734115198246 2.1597767083439976 1.7292309999465931 3.1567198261618605 3.6836817190051061 1.7850215984508402 2.3036407819017741 3.1419642544351518 1.8637665798887608 61.117982154712081 1.8512627347372461 2.6650759242475015 6.1662902506068331 2.3474004361778498 2.1682752780616292 2.7640182748436928 3.5810497030615807 2.7154252510517836 3.076212041079998 1.6275622379034755 9.2557014452759176 2.944750958122313 5.4197858572006226 1.2823474733158944 4.0305156968533993 4.1254380717873573 7.1153349336236706 2.6964068040251723 21.9814273994416
leaf_count=2975 17 25 23 17 37 39 17 30 36 21 499 24 32 82 25 19 35 47 31 49 19 277 77 43 34 49 42 51 22 212
internal_value=-0.000250124 -0.00662827 0.0410729 -0.00811074 -0.00724676 -0.00843465 -0.0385751 -0.0539645 -0.0347069 0.00883215 -0.00590233 0.0103667 0.0165232 0.00544386 0.0230698 0.0577112 0.0280679 -0.0357931 0.0779409 -0.0113615 -0.0533503 -0.0117624 -0.0416965 -0.00927499 -0.0614149 -0.017501 0.0141766 -0.00567239 -0.00950166 -0.00684943
internal_weight=566.886 173.152 5.21905 167.933 166.596 164.867 12.7781 10.9931 8.68941 5.00573 152.089 40.2752 38.424 32.5518 22.8045 12.3011 10.1329 9.74734 5.87215 7.46779 4.70377 111.814 18.9026 9.64688 4.2271 10.5034 6.47284 92.9112 85.7958 83.0994
internal_count=4906 1931 48 1883 1866 1849 143 126 96 57 1706 491 467 399 270 154 135 129 68 103 68 1215 431 154 111 116 67 784 733 711
is_linear=0
shrinkage=0.1


Tree=74
num_leaves=31
num_cat=0
split_feature=90 7 0 1 11 97 79 26 0 5 1 128 83 81 80 135 13 137 99 167 0 21 53 83 41 113 62 0 35 5
split_gain=0.976444 0.9788 1.93225 2.6122 1.87868 3.43015 3.14297 3.02197 3.3165 4.25746 5.1372 2.94307 3.5915 2.14679 1.98415 2.71435 1.87386 1.86626 1.78919 2.62983 2.28658 2.09738 2.91448 1.88377 1.8561 2.181 2.70078 5.25935 1.77479 3.86024
threshold=1.0000000180025095e-35 1.0000000180025095e-35 9.2238192558288592 -0.011027454398572443 1.0000000180025095e-35 1.0000000180025095e-35 1.0000000180025095e-35 1.0000000180025095e-35 3.0691307783126835 1.0000000180025095e-35 -0.70993992686271656 1.0000000180025095e-35 1.0000000180025095e-35 1.0000000180025095e-35 1.0000000180025095e-35 1.0000000180025095e-35 1.0000000180025095e-35 1.0000000180025095e-35 1.0000000180025095e-35 1.0000000180025095e-35 10.444900512695314 1.0000000180025095e-35 1.0000000180025095e-35 1.0000000180025095e-35 1.0000000180025095e-35 1.0000000180025095e-35 1.0000000180025095e-35 13.151266574859621 1.0000000180025095e-35 1.0000000180025095e-35
decision_type=2 2 2 2 2 2 2 2 2 2 2 2 2 2 2 2 2 2 2 2 2 2 2 2 2 2 2 2 2 2
left_child=1 -1 3 4 5 7 11 14 9 10 -9 12 17 -13 15 -3 -17 28 19 21 -20 24 -23 -22 25 26 27 -4 -6 -30
right_child=-2 2 18 -5 6 -7 -8 8 -10 -11 -12 13 -14 -15 -16 16 -18 -19 20 -21 23 22 -24 -25 -26 -27 -28 -29 29 -31
leaf_value=-0.0035935503558995208 -0.061784397477109114 0.059048633100563852 0.14424544777881243 -0.086083377318963109 0.053107981045181364 -0.088134578315721732 -0.098295031218959605 0.0011930993932401629 -0.015640902116116542 -0.055164876586173806 0.17818920206184552 -0.10268092342417433 -0.071339646120954975 -0.0070122100048881407 0.12103517393711082 -0.066747309764295576 0.039529806395006938 -0.044243338128755291 0.04724747501361419 0.10269584552020648 -0.0088776034091256947 0.1100488550210109 -0.0055545214231834984 -0.085473056868954705 -0.020638823472910475 -0.051239294045926788 0.0084864613900520799 0.025490417905275942 0.043954112339877394 -0.095087219571252601
leaf_weight=321.83600737829693 2.5681661423295727 12.909937534481292 4.8567944448441294 3.7749166674911967 14.116715856362141 3.4722442906349889 4.3387349657714358 3.0972936693578959 34.661727224476635 2.6523163858801126 3.4848550856113416 5.014047831296919 5.0867935176938763 4.4073338117450476 2.8857401683926573 3.7194086574017993 2.9949318543076515 3.8361384579911819 6.233399483375254 3.7560480628162614 21.285835360176865 5.3437341940589231 3.6844923244789243 3.7812358457595101 14.273004769347606 4.1070309951901427 38.816516644321382 16.064473368693143 5.7842644266784191 3.049455750733614
leaf_count=2981 36 100 33 28 106 29 30 25 269 25 24 46 41 32 16 41 21 32 39 27 169 39 39 29 116 28 311 137 35 22
internal_value=-0.000263258 1.72132e-05 0.00482932 -0.00422439 -0.00154924 0.0087566 -0.0173306 0.0138228 -0.00145335 0.0517999 0.094902 -0.00882382 0.00569047 -0.057927 0.0436125 0.0322276 -0.0193424 0.0203186 0.013667 0.0207673 -0.00695352 0.0172362 0.0628702 -0.0204316 0.0119621 0.0192503 0.0240966 0.053059 0.03111 -0.00404383
internal_weight=565.894 563.325 241.489 119.287 115.512 69.8785 45.6335 66.4062 43.8962 9.23447 6.58215 41.2947 31.8734 9.42138 22.51 19.6243 6.71434 26.7866 122.203 90.9021 31.3005 87.146 9.02823 25.0671 78.1178 63.8448 59.7378 20.9213 22.9504 8.83372
internal_count=4906 4870 1889 922 894 550 344 521 343 74 49 314 236 78 178 162 62 195 967 730 237 703 78 198 625 509 481 170 163 57
is_linear=0
shrinkage=0.1


Tree=75
num_leaves=31
num_cat=0
split_feature=12 0 74 16 13 51 54 1 118 29 8 151 50 67 13 139 82 44 68 96 0 52 81 68 139 0 73 0 93 113
split_gain=0.902239 1.48555 1.89606 1.5324 2.04527 1.95208 1.26557 1.16115 1.58569 1.33665 1.10379 1.06814 3.24661 2.32748 1.18458 2.52978 4.30128 2.65114 2.61133 1.85329 2.5507 3.0895 2.84551 1.80392 1.59156 3.19365 2.86843 1.71918 1.35801 1.52092
threshold=1.0000000180025095e-35 14.917180061340334 1.0000000180025095e-35 1.0000000180025095e-35 1.0000000180025095e-35 1.0000000180025095e-35 1.0000000180025095e-35 0.90113317966461193 1.0000000180025095e-35 1.0000000180025095e-35 1.0000000180025095e-35 1.0000000180025095e-35 1.0000000180025095e-35 1.0000000180025095e-35 1.0000000180025095e-35 1.0000000180025095e-35 1.0000000180025095e-35 1.0000000180025095e-35 1.0000000180025095e-35 1.0000000180025095e-35 9.7262148857116717 1.0000000180025095e-35 1.0000000180025095e-35 1.0000000180025095e-35 1.0000000180025095e-35 9.0704994201660174 1.0000000180025095e-35 13.550992488861086 1.0000000180025095e-35 1.0000000180025095e-35
decision_type=2 2 2 2 2 2 2 2 2 2 2 2 2 2 2 2 2 2 2 2 2 2 2 2 2 2 2 2 2 2
left_child=7 -2 3 10 5 -5 -4 8 9 -1 -3 14 13 -13 15 17 18 -11 -17 24 22 -22 -21 -23 28 26 -26 -27 29 -16
right_child=1 2 6 4 -6 -7 -8 -9 -10 11 -12 12 -14 -15 19 16 -18 -19 -20 20 21 23 -24 -25 25 27 -28 -29 -30 -31
leaf_value=0.053290783548746973 -0.0032909287618425593 -0.10725640257388101 0.01418055910158636 0.054823598129381416 0.073286589470853994 -0.10714207640103642 -0.095430920251056942 0.026222852948268156 -0.073980246961985019 -0.064629103159337592 0.0083977223404321146 0.055892739294115507 -0.10750763326862278 -0.040123836235706048 0.012810908375196573 -0.082784316396903534 0.084054657298358662 0.0023956149633283788 0.034404573951030852 -0.12787178084953577 0.054353088149577594 0.0079190741169604065 -0.010225533451732242 -0.10002204744538001 -0.074117866393186668 0.13379152935052555 0.056470287251901286 0.03516723874340455 -0.047370532493500941 -0.033139022452036586
leaf_weight=4.9415804278105488 144.5442561483942 2.0594532284885663 1.2964397221803654 1.2909880913794041 3.5305204316973686 1.7567208707332611 5.6177021055482328 19.274789783172309 2.7947376538068047 6.1207158733159295 1.376934555359185 4.5439504180103523 3.6329239327460519 5.6808718852698803 128.48492535017431 11.331898146308957 2.3248090520501128 164.78480409225449 2.2848668433725825 3.7300989106297511 6.8173507880419475 3.2727241367101669 4.5805886685848236 2.9383189138025045 3.1982462815940362 4.0177510250359774 3.5480524525046349 3.155730064958334 4.2192414458841077 7.6312231719493857
leaf_count=34 1605 78 10 9 19 41 122 151 23 47 39 33 27 48 831 104 20 1339 24 25 39 22 27 20 20 27 22 22 31 47
internal_value=-0.000256742 -0.00657343 -0.0346007 -0.00679294 0.0214796 -0.0385346 -0.0748782 0.00227227 0.00107018 0.00162035 -0.0609147 0.000941811 -0.0263053 0.0025463 0.00198359 -0.00355851 -0.0416573 -4.77126e-06 -0.0631202 0.00788085 -0.0197407 0.00787237 -0.0630289 -0.0431457 0.0117019 0.0439541 -0.00543819 0.0904051 0.00850284 0.0102348
internal_weight=564.783 161.473 16.9288 10.0146 6.57823 3.04771 6.91414 403.31 384.035 381.241 3.43639 376.299 13.8577 10.2248 362.441 186.847 15.9416 170.906 13.6168 175.594 21.3391 13.0284 8.31069 6.21104 154.255 13.9198 6.7463 7.17348 140.335 136.116
internal_count=4906 1923 318 186 69 50 132 2983 2832 2809 117 2775 108 81 2667 1534 148 1386 128 1133 133 81 52 42 1000 91 42 49 909 878
is_linear=0
shrinkage=0.1


Tree=76
num_leaves=31
num_cat=0
split_feature=15 0 0 76 56 116 0 98 6 0 13 11 0 8 16 14 81 104 0 0 266 105 74 1 13 83 12 0 16 1
split_gain=0.941039 1.43564 1.72161 1.036 2.96255 1.13274 1.02701 2.63865 2.05497 2.31045 2.10936 1.93471 2.19131 1.93938 1.87709 1.82896 1.4683 1.31677 2.83847 3.99217 1.68736 1.32759 3.81874 1.91446 1.98117 1.30191 1.65477 1.28346 2.05108 1.21521
threshold=1.0000000180025095e-35 2.088980078697205 2.2505134344100957 1.0000000180025095e-35 1.0000000180025095e-35 1.0000000180025095e-35 14.800821304321291 1.0000000180025095e-35 1.0000000180025095e-35 15.51813840866089 1.0000000180025095e-35 1.0000000180025095e-35 16.661190986633304 1.0000000180025095e-35 1.0000000180025095e-35 1.0000000180025095e-35 1.0000000180025095e-35 1.0000000180025095e-35 6.1615331172943124 9.2908968925476092 1.0000000180025095e-35 1.0000000180025095e-35 1.0000000180025095e-35 -0.024564606137573716 1.0000000180025095e-35 1.0000000180025095e-35 1.0000000180025095e-35 15.585215568542482 1.0000000180025095e-35 0.57973989844322216
decision_type=2 2 2 2 2 2 2 2 2 2 2 2 2 2 2 2 2 2 2 2 2 2 2 2 2 2 2 2 2 2
left_child=6 -2 -3 5 -5 -4 17 8 11 10 -10 12 27 -14 16 -16 -11 20 -19 -20 21 29 23 24 -23 26 -13 -8 -29 -1
right_child=1 2 3 4 -6 -7 7 -9 9 14 -12 25 13 -15 15 -17 -18 18 19 -21 -22 22 -24 -25 -26 -27 -28 28 -30 -31
leaf_value=0.00029970597284990495 -0.11430186735326338 0.078099285710661534 -0.0091959087155216567 -0.040355690828700698 0.10977642900796965 0.067304487091510684 0.015774123145729468 0.070580774636348723 -0.033338469770648332 -0.097215016595684628 0.089176741035898469 0.072607365131516929 0.0054746740746788123 0.12948692406505144 0.036777677373001472 -0.055874462307493426 -0.012957408663138815 -0.13474932746224846 0.097771637193159608 -0.053074533553187642 0.062034906088789733 0.091411829368420155 -0.043327112104256438 0.12953037458925054 -0.017212990358377062 0.12990775260800108 -0.026903364290678824 -0.12058952206429868 0.002206128062665803 -0.037759554298712049
leaf_weight=297.43445325549692 1.2248787358403195 2.4195944312959901 160.51279987720773 2.5571311144158235 2.7044822927564383 1.9591635633260001 4.5574272070080024 7.4084026692435136 2.3540032715536681 5.4862939994782209 3.4869938939809799 5.3931119721382856 3.0589561639353642 2.1455535129643977 5.3255821969360113 3.5512866508215666 3.3196718585677445 2.2245243191719046 2.5115948077291232 5.8198158899322152 4.5391783751547328 3.2488277480006209 4.7855503093451253 3.1710890270769587 3.4749674536287785 2.1337026730179787 2.4213482923805714 2.5909869181923568 2.8636104874312878 8.6328825512900931
leaf_count=2166 17 25 1822 22 25 20 34 63 29 61 21 54 32 21 39 23 32 23 19 45 32 22 36 23 20 17 34 27 22 80
internal_value=-0.000246564 -0.00642757 -0.00565102 -0.00685913 0.0368126 -0.00827343 0.00245612 0.0149811 0.00652109 -0.0147275 0.0398014 0.0263842 0.0039647 0.0565986 -0.0327396 -0.000288805 -0.0654516 0.000364031 -0.0343953 -0.00760031 0.00149201 0.000635216 0.030011 0.0654802 0.0352727 0.0606767 0.0417735 -0.0233958 -0.056123 -0.000773787
internal_weight=563.318 171.378 170.153 167.734 5.26161 162.472 391.94 56.0969 48.6885 23.5238 5.841 25.1647 15.2165 5.20451 17.6828 8.87687 8.80597 335.843 10.5559 8.33141 325.287 320.748 14.6804 9.89488 6.7238 9.94816 7.81446 10.012 5.4546 306.067
internal_count=4906 1931 1914 1889 47 1842 2975 509 446 205 50 241 136 53 155 62 93 2466 87 64 2379 2347 101 65 42 105 88 83 49 2246
is_linear=0
shrinkage=0.1


Tree=77
num_leaves=31
num_cat=0
split_feature=14 152 262 20 107 262 135 214 1 83 6 9 56 0 9 85 0 20 84 56 65 0 0 11 15 1 113 93 51 53
split_gain=0.888777 1.76129 1.68372 1.51483 1.70322 1.50445 1.40317 3.15158 1.68976 1.64528 1.49537 2.52877 2.4752 2.03346 1.91309 1.31111 1.25321 1.24444 1.36894 3.86985 1.33644 2.09718 3.95697 2.72579 2.74967 2.62975 2.17099 2.34285 3.21198 2.97684
threshold=1.0000000180025095e-35 1.0000000180025095e-35 1.0000000180025095e-35 1.0000000180025095e-35 1.0000000180025095e-35 1.0000000180025095e-35 1.0000000180025095e-35 1.0000000180025095e-35 -0.25576089322566981 1.0000000180025095e-35 1.0000000180025095e-35 1.0000000180025095e-35 1.0000000180025095e-35 5.1663243770599374 1.0000000180025095e-35 1.0000000180025095e-35 8.9486651420593279 1.0000000180025095e-35 1.0000000180025095e-35 1.0000000180025095e-35 1.0000000180025095e-35 13.351129055023195 12.992471218109133 1.0000000180025095e-35 1.0000000180025095e-35 0.59692752361297619 1.0000000180025095e-35 1.0000000180025095e-35 1.0000000180025095e-35 1.0000000180025095e-35
decision_type=2 2 2 2 2 2 2 2 2 2 2 2 2 2 2 2 2 2 2 2 2 2 2 2 2 2 2 2 2 2
left_child=3 2 6 4 5 -1 7 15 9 10 11 12 13 -8 -12 17 -7 18 20 -20 21 22 26 24 25 -23 27 28 -2 -29
right_child=1 -3 -4 -5 -6 16 8 -9 -10 -11 14 -13 -14 -15 -16 -17 -18 -19 19 -21 -22 23 -24 -25 -26 -27 -28 29 -30 -31
leaf_value=0.0036049147172996358 -0.014826815278026359 0.08481740107879171 0.053808689738960525 -0.064534250713199667 0.075236211058124225 -0.11706879655909522 0.03601957023333309 -0.11502370820344297 -0.056339330197973547 0.07564448965606671 -0.069718055057380199 -0.034663647508969768 -0.0045787586188541264 0.14276048484438522 0.026149162321972366 -0.085829308957775852 -0.0067626360121037718 0.062081495901552021 0.10587408882615149 -0.036252703176108132 0.027138293763405087 -0.10434340354417315 0.084179590617375386 0.0008372194466010832 -0.12032573330387364 -0.014502547706213701 0.037149895320264616 0.0031694978631179164 0.083670068384732899 -0.1529304212344316
leaf_weight=335.52122237533331 94.296527939848602 2.1484179804101577 4.5781516153365365 3.2986453203484407 3.2833060361444941 1.8897958165034641 3.6318094059825032 2.8670968040823928 3.3018762329593292 4.3808204513043156 4.4903203267604095 4.8138642441481343 4.7667760606855154 3.5092249140143394 3.8804740216583014 2.210866001667454 2.2637436436489224 2.4741316894069305 3.6806212607771149 3.9953422332182527 8.5500584887340647 4.3422719864174786 4.5774628981016567 13.579406746663151 5.1173612962011239 13.049362746998666 8.7425102759152633 2.238134352490305 3.4312345627695313 2.6899139005690813
leaf_count=2828 857 18 32 35 23 28 30 24 29 41 49 51 41 24 38 23 20 21 29 36 84 40 40 140 82 105 62 24 30 22
internal_value=-0.000228637 -0.0052731 -0.00618096 0.00290862 0.0035573 0.00286445 -0.00749745 -0.0110382 0.0114989 0.0190987 0.00922658 0.0264987 0.0512243 0.0884739 -0.0252766 -0.00931458 -0.0569502 -0.00832395 -0.00935903 0.031897 -0.0113307 -0.0134937 -0.00694274 -0.0345462 -0.0558926 -0.0369336 -0.010687 -0.014761 -0.0113686 -0.0820357
internal_weight=561.601 215.344 213.196 346.257 342.958 339.675 208.617 175.842 32.7752 29.4733 25.0925 16.7217 11.9078 7.14103 8.37079 172.975 4.15354 170.764 168.29 7.67596 160.614 152.064 115.976 36.0884 22.509 17.3916 111.398 102.656 97.7278 4.92805
internal_count=4906 1972 1954 2934 2899 2876 1922 1619 303 274 233 146 95 54 87 1595 48 1572 1551 65 1486 1402 1035 367 227 145 995 933 887 46
is_linear=0
shrinkage=0.1


Tree=78
num_leaves=31
num_cat=0
split_feature=16 64 68 0 93 73 0 0 42 0 82 11 97 68 6 1 62 61 9 92 237 237 11 79 95 54 0 0 1 0
split_gain=0.847051 1.02372 1.42085 2.26189 1.77071 1.56615 2.46476 2.09507 1.62937 1.28345 2.48309 1.27745 1.18402 1.26792 2.3143 1.5516 1.27243 2.78145 1.07902 0.911745 1.08033 0.904148 2.20329 1.32669 2.97168 1.8615 1.44486 1.58514 4.56454 2.42358
threshold=1.0000000180025095e-35 1.0000000180025095e-35 1.0000000180025095e-35 12.921286582946779 1.0000000180025095e-35 1.0000000180025095e-35 13.600273609161379 15.260780334472658 1.0000000180025095e-35 14.867898464202883 1.0000000180025095e-35 1.0000000180025095e-35 1.0000000180025095e-35 1.0000000180025095e-35 1.0000000180025095e-35 0.65001142024993908 1.0000000180025095e-35 1.0000000180025095e-35 1.0000000180025095e-35 1.0000000180025095e-35 1.0000000180025095e-35 1.0000000180025095e-35 1.0000000180025095e-35 1.0000000180025095e-35 1.0000000180025095e-35 1.0000000180025095e-35 2.088980078697205 2.4503763914108281 -0.74309831857681263 2.6652977466583256
decision_type=2 2 2 2 2 2 2 2 2 2 2 2 2 2 2 2 2 2 2 2 2 2 2 2 2 2 2 2 2 2
left_child=1 2 21 4 -4 6 -5 8 -7 -8 18 -9 13 16 -15 -16 -3 -18 -11 20 -2 23 -23 26 25 -25 -1 28 -28 -29
right_child=19 12 3 5 -6 7 9 11 -10 10 -12 -13 -14 14 15 -17 17 -19 -20 -21 -22 22 -24 24 -26 -27 27 29 -30 -31
leaf_value=-0.11337494722485189 0.0032985122450881841 -0.084987011140039981 -0.14126368060096606 0.049671409906656715 -0.022562591122186986 -0.098862810782733207 -0.10156751595243813 0.01999999181599002 0.014320603654158527 -0.09300588612641468 0.075839728641123025 0.1213806818679599 0.076383847647128425 0.06401353375241603 0.020893208024347989 -0.11838526023308296 0.070142816818007034 -0.077083046820940096 -0.018020656864898572 0.051500958160150503 -0.0443949669434257 0.11851121610707693 -0.027236830380441574 -0.020343257989761058 0.087345041813523719 -0.09415848536066572 -0.020402899287391432 -0.11162023319523584 0.17315631175476986 -0.0013277036954116679
leaf_weight=1.1512941177934397 310.15852824412286 2.350216314196591 2.772647226694974 2.8732869843952384 2.298547922167927 2.0358314453624207 3.8008226663805535 3.0867661337833852 3.3895420460030437 3.9990306524559838 1.7216348806396125 2.0806852066889405 2.8628023164346805 6.7087603155523539 1.8725069672800603 1.3962893032003192 2.844375791028142 2.3380013895221055 3.6894702990539372 3.8543914370238772 4.8232740201055995 1.9952875459566701 2.1600825227797031 9.9078105166554433 1.885400656610728 5.2144895372912297 3.1863868776708841 2.0174392685294142 1.9725726563483466 160.1839589336887
leaf_count=18 1938 24 45 29 32 29 58 45 40 49 15 19 25 69 23 29 28 33 45 28 30 21 27 115 24 69 41 32 16 1910
internal_value=-0.000225249 -0.00468874 -0.00666245 -0.0262422 -0.0874617 -0.0146046 -0.0342678 0.0152521 -0.0281506 -0.052524 -0.0327149 0.0608211 0.0167624 0.0070147 0.0303956 -0.0386006 -0.0239553 0.00372267 -0.0570228 0.00315973 0.00256819 -0.00338514 0.0427471 -0.00441843 -0.0310368 -0.0457963 -0.00173187 -0.00096386 0.0536061 -0.00269951
internal_weight=560.632 241.796 221.423 31.7483 5.0712 26.6771 16.0842 10.5928 5.42537 13.211 9.41014 5.16745 20.373 17.5102 9.97756 3.2688 7.53259 5.18238 7.6885 318.836 314.982 189.675 4.15537 185.519 17.0077 15.1223 168.512 167.36 5.15896 162.201
internal_count=4906 2910 2679 406 77 329 196 133 69 167 109 64 231 206 121 52 85 61 94 1996 1968 2273 48 2225 208 184 2017 1999 57 1942
is_linear=0
shrinkage=0.1


Tree=79
num_leaves=31
num_cat=0
split_feature=12 0 74 16 13 51 54 0 0 1 0 55 34 47 16 26 0 8 34 14 55 67 45 5 7 62 11 82 13 16
split_gain=0.852742 1.40597 1.81453 1.28711 1.70774 1.68071 1.13743 1.08801 5.69329 2.35047 7.96378 2.50448 2.55641 2.35457 2.24259 2.21215 2.11259 3.56808 3.07199 2.68212 2.47881 4.36636 2.9634 2.65422 1.79586 1.97194 3.3194 2.41173 3.10867 3.06846
threshold=1.0000000180025095e-35 14.917180061340334 1.0000000180025095e-35 1.0000000180025095e-35 1.0000000180025095e-35 1.0000000180025095e-35 1.0000000180025095e-35 8.7460646629333514 8.8720054626464862 -0.14092326164245603 7.6317591667175302 1.0000000180025095e-35 1.0000000180025095e-35 1.0000000180025095e-35 1.0000000180025095e-35 1.0000000180025095e-35 3.0266940593719487 1.0000000180025095e-35 1.0000000180025095e-35 1.0000000180025095e-35 1.0000000180025095e-35 1.0000000180025095e-35 1.0000000180025095e-35 1.0000000180025095e-35 1.0000000180025095e-35 1.0000000180025095e-35 1.0000000180025095e-35 1.0000000180025095e-35 1.0000000180025095e-35 1.0000000180025095e-35
decision_type=2 2 2 2 2 2 2 2 2 2 2 2 2 2 2 2 2 2 2 2 2 2 2 2 2 2 2 2 2 2
left_child=7 -2 3 -3 5 -5 -4 9 -9 10 15 12 -11 14 -13 16 -1 20 19 -19 21 -18 23 -22 25 -10 -27 28 -28 -30
right_child=1 2 6 4 -6 -7 -8 8 24 11 -12 13 -14 -15 -16 -17 17 18 -20 -21 22 -23 -24 -25 -26 26 27 -29 29 -31
leaf_value=-0.03894086531878764 -0.0032383704064199007 -0.058879737853017838 0.0092908505016540879 0.045643789958103927 0.065436506581299375 -0.10662265669411795 -0.095052420900892692 0.13371314053821501 -0.025216397297839227 0.079902241943506147 0.16233947411089647 -0.072307739743426219 -0.044256756337900889 -0.12365404620024203 0.0019046197852264732 -0.011132266771861828 0.037055736454725673 0.048369504464631549 -0.0590970136580109 -0.05294569891829827 -0.055146873544542376 0.18237229300564312 0.08878264164300656 0.044271568165369646 0.015237705594664822 -0.013414282955085087 0.0096466430109839428 -0.039116690473821443 0.032865861415758625 0.1245591578329542
leaf_weight=6.45839500427246 143.7547930800356 3.1640076825860906 1.2999147558584798 1.3246332369744778 3.5600030571222305 1.6011355938389897 5.3213705441448838 3.4841161184012881 30.287670570425689 3.5529395518824485 3.0065502151846877 7.6921972166746899 3.1098838485777378 3.4762362688779822 8.6517307832837105 95.003406662959605 5.669043892994523 9.608849501237275 7.5685827713459721 3.5888504721224299 5.3597038481384498 3.2548808734863997 4.8585304338485011 5.3818021658807993 94.951477609574795 50.449527531862259 23.250053934752941 5.3015278633683911 9.68596128746867 5.8561683986335984
leaf_count=54 1605 117 10 9 19 41 122 24 239 29 17 66 21 24 42 737 38 71 53 35 39 24 34 43 663 406 172 47 61 44
internal_value=-0.000223577 -0.00639185 -0.0342528 -0.0065906 0.018918 -0.0376845 -0.0745674 0.00224717 0.00688374 -0.00362653 0.00122983 -0.0310888 0.0219508 -0.0489188 -0.0330231 -0.00207087 0.0145646 0.0221945 -0.00830768 0.0208189 0.048023 0.090058 0.0239771 -0.00533539 0.00487317 -0.00301052 0.0041033 0.0241459 0.0327917 0.0674153
internal_weight=559.534 160.026 16.2711 9.64978 6.48577 2.92577 6.62129 399.508 223.267 176.242 149.759 26.483 6.66282 19.8202 16.3439 146.752 51.7486 45.2902 20.7663 13.1977 24.524 8.92392 15.6 10.7415 219.782 124.831 94.5432 44.0937 38.7922 15.5421
internal_count=4906 1923 318 186 69 50 132 2983 1656 1327 1145 182 50 132 108 1128 391 337 159 106 178 62 116 82 1632 969 730 324 277 105
is_linear=0
shrinkage=0.1


Tree=80
num_leaves=31
num_cat=0
split_feature=15 0 0 93 5 6 76 56 236 12 9 113 39 1 78 16 10 133 154 0 14 0 12 63 8 0 139 26 10 81
split_gain=0.915836 1.21702 1.39185 1.00371 1.66223 1.36317 1.22065 2.75937 1.10568 1.05936 1.8672 2.1851 2.05845 2.54823 2.11586 4.41524 1.7199 1.71865 0.986016 1.06147 2.11373 1.6286 1.72423 1.91227 1.53181 1.51759 1.50607 1.58778 1.81478 2.56724
threshold=1.0000000180025095e-35 2.088980078697205 2.2505134344100957 1.0000000180025095e-35 1.0000000180025095e-35 1.0000000180025095e-35 1.0000000180025095e-35 1.0000000180025095e-35 1.0000000180025095e-35 1.0000000180025095e-35 1.0000000180025095e-35 1.0000000180025095e-35 1.0000000180025095e-35 -0.27872842550277704 1.0000000180025095e-35 1.0000000180025095e-35 1.0000000180025095e-35 1.0000000180025095e-35 1.0000000180025095e-35 11.296372413635256 1.0000000180025095e-35 11.741273403167726 1.0000000180025095e-35 1.0000000180025095e-35 1.0000000180025095e-35 11.190965175628664 1.0000000180025095e-35 1.0000000180025095e-35 1.0000000180025095e-35 1.0000000180025095e-35
decision_type=2 2 2 2 2 2 2 2 2 2 2 2 2 2 2 2 2 2 2 2 2 2 2 2 2 2 2 2 2 2
left_child=18 -2 -3 6 5 -5 8 -8 9 -4 11 12 14 -14 15 -11 -17 -12 19 25 21 24 23 -23 -21 -1 27 -24 29 -29
right_child=1 2 3 4 -6 -7 7 -9 -10 10 17 -13 13 -15 -16 16 -18 -19 -20 20 -22 22 26 -25 -26 -27 -28 28 -30 -31
leaf_value=-5.5767204464893201e-05 -0.11287218633017282 0.068159820783731437 -0.0037383073062614946 -0.1232391689576281 0.036402722345930102 -0.015443300058089374 -0.033157351945341966 0.11576573989741078 0.057647689804455143 -0.088308649466213598 -0.092812435989958572 0.093137326629886094 0.068715277572534275 -0.10998043066979096 0.099522629697009604 0.0030445316414158003 0.10638349023888966 0.029955935846705934 -0.059289338428214482 0.029800764591134961 -0.0052646182868532308 0.020587407908352711 0.026034594521898897 0.090805290687203041 0.12378415644054182 -0.065636837819902386 -0.082553662998519378 -0.038146645596322165 -0.084725807196760719 0.094118333872345084
leaf_weight=245.68189922068268 1.0656182914972294 2.5155765786766997 121.93647682806477 2.6805847287178031 1.8143717339262364 2.086068578530103 2.4165351036936036 2.5646107094362378 2.6189014650881282 5.2084091186989161 5.8442770296242079 1.8632820369675744 0.99087742250412691 4.0999717270024112 1.8138294052332646 6.7522863997146487 2.1150324679911137 1.4166995789855716 2.56827139109373 4.6473676599562159 54.444144705776125 44.461846962571144 12.644398262724284 4.2490472272038451 2.7666000705212355 3.5799809880554667 2.303599434439092 4.6648370278999209 3.551003553904593 2.1410361891612411
leaf_count=1773 17 25 1110 32 25 29 21 22 24 173 166 23 17 92 30 67 29 29 21 31 467 319 139 36 22 28 29 51 42 17
internal_value=-0.000215747 -0.0063401 -0.00566733 -0.00678461 -0.0450569 -0.0760636 -0.00520688 0.0435177 -0.00677616 -0.00788586 -0.0246852 -0.0106443 -0.0198612 -0.0751993 -0.00213149 -0.0152309 0.0276929 -0.0688589 0.00246655 0.00287837 0.00998898 0.0201876 0.0157117 0.0267125 0.0648717 -0.000997664 -0.00546446 0.00225609 -0.0267744 0.00346214
internal_weight=557.507 169.803 168.738 166.222 6.58103 4.76665 159.641 4.98115 154.66 152.041 30.1047 22.8437 20.9804 5.09085 15.8896 14.0757 8.86732 7.26098 387.704 385.136 135.874 81.4297 74.0158 48.7109 7.41397 249.262 25.3049 23.0013 10.3569 6.80587
internal_count=4906 1931 1914 1889 86 61 1803 43 1760 1736 626 431 408 109 299 269 96 195 2975 2954 1153 686 633 355 53 1801 278 249 110 68
is_linear=0
shrinkage=0.1


end of trees

feature_importances:
Column_0=387
Column_1=126
Column_13=117
Column_15=115
Column_7=108
Column_12=96
Column_6=86
Column_11=84
Column_16=81
Column_14=68
Column_8=63
Column_9=44
Column_26=44
Column_67=44
Column_10=41
Column_81=40
Column_73=36
Column_54=34
Column_5=30
Column_61=27
Column_64=24
Column_21=23
Column_83=23
Column_108=22
Column_55=16
Column_68=16
Column_74=15
Column_84=15
Column_113=15
Column_82=14
Column_104=14
Column_262=14
Column_42=13
Column_62=13
Column_51=12
Column_53=12
Column_126=11
Column_140=11
Column_20=10
Column_99=10
Column_151=10
Column_52=9
Column_56=9
Column_134=9
Column_139=9
Column_69=8
Column_88=8
Column_97=8
Column_100=8
Column_102=8
Column_107=8
Column_138=8
Column_153=8
Column_267=8
Column_24=7
Column_35=7
Column_78=7
Column_87=7
Column_91=7
Column_93=7
Column_98=7
Column_118=7
Column_137=7
Column_168=7
Column_188=7
Column_214=7
Column_293=7
Column_22=6
Column_39=6
Column_49=6
Column_65=6
Column_71=6
Column_79=6
Column_85=6
Column_86=6
Column_92=6
Column_101=6
Column_105=6
Column_34=5
Column_40=5
Column_80=5
Column_95=5
Column_128=5
Column_133=5
Column_135=5
Column_167=5
Column_232=5
Column_45=4
Column_47=4
Column_50=4
Column_57=4
Column_59=4
Column_63=4
Column_76=4
Column_77=4
Column_89=4
Column_94=4
Column_96=4
Column_103=4
Column_114=4
Column_132=4
Column_174=4
Column_236=4
Column_31=3
Column_41=3
Column_44=3
Column_90=3
Column_127=3
Column_130=3
Column_144=3
Column_176=3
Column_177=3
Column_178=3
Column_227=3
Column_230=3
Column_305=3
Column_23=2
Column_29=2
Column_58=2
Column_60=2
Column_70=2
Column_116=2
Column_121=2
Column_237=2
Column_292=2
Column_19=1
Column_27=1
Column_32=1
Column_33=1
Column_36=1
Column_46=1
Column_72=1
Column_129=1
Column_141=1
Column_152=1
Column_154=1
Column_156=1
Column_242=1
Column_243=1
Column_266=1

parameters:
[boosting: gbdt]
[objective: binary]
[metric: binary_logloss]
[tree_learner: serial]
[device_type: cpu]
[data_sample_strategy: bagging]
[data: ]
[valid: ]
[num_iterations: 300]
[learning_rate: 0.1]
[num_leaves: 31]
[num_threads: 0]
[seed: 0]
[deterministic: 0]
[force_col_wise: 0]
[force_row_wise: 0]
[histogram_pool_size: -1]
[max_depth: -1]
[min_data_in_leaf: 20]
[min_sum_hessian_in_leaf: 0.001]
[bagging_fraction: 1]
[pos_bagging_fraction: 1]
[neg_bagging_fraction: 1]
[bagging_freq: 0]
[bagging_seed: 7719]
[bagging_by_query: 0]
[feature_fraction: 1]
[feature_fraction_bynode: 1]
[feature_fraction_seed: 2437]
[extra_trees: 0]
[extra_seed: 11797]
[early_stopping_round: 0]
[early_stopping_min_delta: 0]
[first_metric_only: 0]
[max_delta_step: 0]
[lambda_l1: 0]
[lambda_l2: 0]
[linear_lambda: 0]
[min_gain_to_split: 0]
[drop_rate: 0.1]
[max_drop: 50]
[skip_drop: 0.5]
[xgboost_dart_mode: 0]
[uniform_drop: 0]
[drop_seed: 21238]
[top_rate: 0.2]
[other_rate: 0.1]
[min_data_per_group: 100]
[max_cat_threshold: 32]
[cat_l2: 10]
[cat_smooth: 10]
[max_cat_to_onehot: 4]
[top_k: 20]
[monotone_constraints: ]
[monotone_constraints_method: basic]
[monotone_penalty: 0]
[feature_contri: ]
[forcedsplits_filename: ]
[refit_decay_rate: 0.9]
[cegb_tradeoff: 1]
[cegb_penalty_split: 0]
[cegb_penalty_feature_lazy: ]
[cegb_penalty_feature_coupled: ]
[path_smooth: 0]
[interaction_constraints: ]
[verbosity: -1]
[saved_feature_importance_type: 0]
[use_quantized_grad: 0]
[num_grad_quant_bins: 4]
[quant_train_renew_leaf: 0]
[stochastic_rounding: 1]
[linear_tree: 0]
[max_bin: 255]
[max_bin_by_feature: ]
[min_data_in_bin: 3]
[bin_construct_sample_cnt: 200000]
[data_random_seed: 38]
[is_enable_sparse: 1]
[enable_bundle: 1]
[use_missing: 1]
[zero_as_missing: 0]
[feature_pre_filter: 1]
[pre_partition: 0]
[two_round: 0]
[header: 0]
[label_column: ]
[weight_column: ]
[group_column: ]
[ignore_column: ]
[categorical_feature: ]
[forcedbins_filename: ]
[precise_float_parser: 0]
[parser_config_file: ]
[objective_seed: 8855]
[num_class: 1]
[is_unbalance: 0]
[scale_pos_weight: 1]
[sigmoid: 1]
[boost_from_average: 1]
[reg_sqrt: 0]
[alpha: 0.9]
[fair_c: 1]
[poisson_max_delta_step: 0.7]
[tweedie_variance_power: 1.5]
[lambdarank_truncation_level: 30]
[lambdarank_norm: 1]
[label_gain: ]
[lambdarank_position_bias_regularization: 0]
[eval_at: ]
[multi_error_top_k: 1]
[auc_mu_weights: ]
[num_machines: 1]
[local_listen_port: 12400]
[time_out: 120]
[machine_list_filename: ]
[machines: ]
[gpu_platform_id: -1]
[gpu_device_id: -1]
[gpu_device_id_list: ]
[gpu_use_dp: 0]
[num_gpu: 1]

end of parameters

pandas_categorical:null
