event_type,code_system,raw_code,normalized_code,mimic_token,mapping_status,oov_cause,n_events,n_patients,sample_description
medication,RXNORM,,,,oov,unknown_unmappable,1136847,2685,TOBRAMYCIN AEROSOL INPATIENT < 160 MG
medication,RXNORM,144450,144450,RXN_144450,oov,pediatric_absent,135448,507,"infant formula, iron/dha/ara"
medication,RXNORM,801092,801092,RXN_801092,oov,pediatric_absent,53474,1262,albuterol sulfate
medication,RXNORM,727634,727634,RXN_727634,oov,pediatric_absent,53366,2556,sodium chloride 0.9 % (flush)
procedure,HCPCS,94640,94640,HCPCS_94640,oov,unknown_unmappable,47446,1045,COOL AEROSOL NEBULIZER PER DAY
medication,RXNORM,307668,307668,RXN_307668,oov,pediatric_absent,46809,2155,acetaminophen
procedure,HCPCS,97110,97110,HCPCS_97110,oov,unknown_unmappable,30191,1132,PTS THERAPEUTIC EXERCISE/15MIN
medication,RXNORM,725145,725145,RXN_725145,oov,pediatric_absent,26712,266,"petrolatum,white"
procedure,HCPCS,92507,92507,HCPCS_92507,oov,unknown_unmappable,24662,556,"INDIVIDUAL S&H THERAPY, INTERM"
medication,RXNORM,107129,107129,RXN_107129,oov,pediatric_absent,21858,312,water
procedure,HCPCS,97112,97112,HCPCS_97112,oov,unknown_unmappable,18298,738,PT NEUROMUSC RE-EDUC/15 MIN
procedure,HCPCS,97530,97530,HCPCS_97530,oov,unknown_unmappable,18283,885,OT FUNCTIONAL TRAINING/15 MIN
medication,RXNORM,876863,876863,RXN_876863,oov,pediatric_absent,17187,335,multivitamin with iron
medication,RXNORM,244638,244638,RXN_244638,oov,pediatric_absent,16882,179,cod liver oil/zinc oxide
medication,RXNORM,846127,846127,RXN_846127,oov,pediatric_absent,16266,365,chlorhexidine gluconate
diagnosis,ICD9,V57.1,V571,ICD9_V571,oov,code_version_mismatch,15733,258,Other physical therapy
diagnosis,ICD9,V57.3,V573,ICD9_V573,oov,code_version_mismatch,14931,278,Care involving speech-language therapy
medication,RXNORM,1362057,1362057,RXN_1362057,oov,pediatric_absent,14518,245,"heparin sodium,porcine/PF"
medication,RXNORM,200317,200317,RXN_200317,oov,pediatric_absent,13833,219,fat emulsions
medication,RXNORM,416684,416684,RXN_416684,oov,pediatric_absent,13219,126,"zinc oxide/petrolatum, yellow"
medication,RXNORM,312447,312447,RXN_312447,oov,pediatric_absent,12695,259,piperacillin sodium/tazobactam
medication,RXNORM,836343,836343,RXN_836343,oov,pediatric_absent,12607,83,ipratropium bromide
medication,RXNORM,1360074,1360074,RXN_1360074,oov,pediatric_absent,12295,216,beclomethasone dipropionate
medication,RXNORM,1421893,1421893,RXN_1421893,oov,pediatric_absent,12025,1575,lidocaine/transparent dressing
diagnosis,ICD9,V20.2,V202,ICD9_V202,oov,code_version_mismatch,11539,902,Routine infant or child health check
diagnosis,ICD10,Z00.129,Z00129,ICD10_Z00129,oov,unknown_unmappable,11480,1218,Encounter for routine child health examination without abnormal findings
medication,RXNORM,895994,895994,RXN_895994,oov,pediatric_absent,11436,481,fluticasone propionate
medication,RXNORM,646456,646456,RXN_646456,oov,pediatric_absent,11122,254,nystatin
medication,RXNORM,251154,251154,RXN_251154,oov,pediatric_absent,10931,371,cholecalciferol (vitamin D3)
diagnosis,ICD9,V57.21,V5721,ICD9_V5721,oov,code_version_mismatch,10883,244,Encounter for occupational therapy
procedure,HCPCS,94660,94660,HCPCS_94660,oov,unknown_unmappable,10670,513,BIPAP SUBSEQ DAYS
medication,RXNORM,1808217,1808217,RXN_1808217,oov,pediatric_absent,9692,1944,propofol
procedure,HCPCS,71010,71010,HCPCS_71010,oov,unknown_unmappable,9431,639,PORT CHEST SINGLE
medication,RXNORM,1307427,1307427,RXN_1307427,oov,pediatric_absent,9081,25,sildenafil citrate
medication,RXNORM,70727,70727,RXN_70727,oov,pediatric_absent,8800,132,"pedi nutrit,iron,lac-free,fibr"
medication,RXNORM,895999,895999,RXN_895999,oov,pediatric_absent,8726,323,fluticasone propionate
medication,RXNORM,864761,864761,RXN_864761,oov,pediatric_absent,8608,83,methadone HCl
medication,RXNORM,686400,686400,RXN_686400,oov,pediatric_absent,8134,129,erythromycin ethylsuccinate
procedure,HCPCS,99283,99283,HCPCS_99283,oov,unknown_unmappable,7713,1726,PR EMERGENCY DEPARTMENT VISIT MODERATE SEVERITY
medication,RXNORM,1795344,1795344,RXN_1795344,oov,pediatric_absent,7337,438,dextrose 5 % and 0.9 % NaCl
medication,RXNORM,308189,308189,RXN_308189,oov,pediatric_absent,7212,1430,amoxicillin
medication,RXNORM,999961,999961,RXN_999961,oov,pediatric_absent,6444,75,glycopyrrolate
procedure,HCPCS,71045,71045,HCPCS_71045,oov,unknown_unmappable,6351,506,CHG RADIOLOGIC EXAM CHEST SINGLE VIEW
medication,RXNORM,856940,856940,RXN_856940,oov,pediatric_absent,6186,803,hydrocodone/acetaminophen
medication,RXNORM,310014,310014,RXN_310014,oov,pediatric_absent,6142,94,dornase alfa
procedure,HCPCS,97124,97124,HCPCS_97124,oov,unknown_unmappable,6027,375,MASSAGE THERAPY PER 15 MINUTES
medication,RXNORM,605320,605320,RXN_605320,oov,pediatric_absent,5847,227,Saccharomyces boulardii
procedure,HCPCS,95810,95810,HCPCS_95810,oov,unknown_unmappable,5666,2305,"POLYSOMNOGRAPHY, 6 YRS+, 4 OR MORE ADDL PARAM, W/ TECH"
procedure,HCPCS,74000,74000,HCPCS_74000,oov,unknown_unmappable,4975,733,X-RAY ABDOM SINGLE
medication,RXNORM,151029,151029,RXN_151029,oov,pediatric_absent,4909,29,mometasone furoate
medication,RXNORM,876858,876858,RXN_876858,oov,pediatric_absent,4688,246,multivitamin
procedure,HCPCS,71020,71020,HCPCS_71020,oov,unknown_unmappable,4674,1131,X-RAY CHEST PA & LAT
procedure,HCPCS,84443,84443,HCPCS_84443,oov,unknown_unmappable,4648,1562,THYROID STIMULATING HORMONE
medication,RXNORM,309198,309198,RXN_309198,oov,pediatric_absent,4587,78,chlorothiazide
medication,RXNORM,4850,4850,RXN_4850,oov,pediatric_absent,4556,428,electrolytes/dextrose
medication,RXNORM,253039,253039,RXN_253039,oov,pediatric_absent,4421,189,melatonin
medication,RXNORM,707251,707251,RXN_707251,oov,pediatric_absent,4394,460,sodium chloride
medication,RXNORM,1246304,1246304,RXN_1246304,oov,pediatric_absent,4207,58,budesonide/formoterol fumarate
medication,RXNORM,855495,855495,RXN_855495,oov,pediatric_absent,4098,12,lipase/protease/amylase
procedure,HCPCS,94762,94762,HCPCS_94762,oov,unknown_unmappable,4087,287,OXIMETRY CONT OVERNIGHT
procedure,HCPCS,84439,84439,HCPCS_84439,oov,unknown_unmappable,4084,1395,THYROXINE FREE
procedure,HCPCS,93005,93005,HCPCS_93005,oov,unknown_unmappable,4066,1207,"ECG, ROUTINE, MIN 12 LEADS, TRACING ONLY"
medication,RXNORM,250820,250820,RXN_250820,oov,pediatric_absent,3917,29,vigabatrin
medication,RXNORM,4419,4419,RXN_4419,oov,pediatric_absent,3871,8,fat emul/soy/mct/oliv/fish oil
procedure,HCPCS,71046,71046,HCPCS_71046,oov,unknown_unmappable,3850,821,CHG RADIOLOGIC EXAM CHEST 2 VIEWS
medication,RXNORM,1298068,1298068,RXN_1298068,oov,pediatric_absent,3832,196,cyclopentolate/phenylephrine
procedure,HCPCS,95782,95782,HCPCS_95782,oov,unknown_unmappable,3821,1521,PR POLYSOM <6 YRS SLEEP STAGE 4/> ADDL PARAM ATTND
diagnosis,ICD10,redacted,,,redacted,redacted,3716,312,redacted
procedure,HCPCS,92567,92567,HCPCS_92567,oov,unknown_unmappable,3613,1141,TYMPANOMETRY
medication,RXNORM,617993,617993,RXN_617993,oov,pediatric_absent,3585,583,amoxicillin/potassium clav
procedure,HCPCS,93010,93010,HCPCS_93010,oov,unknown_unmappable,3492,1141,PR ELECTROCARDIOGRAM REPORT
medication,RXNORM,238755,238755,RXN_238755,oov,pediatric_absent,3405,130,hydrocortisone sodium succ/PF
medication,RXNORM,1362049,1362049,RXN_1362049,oov,pediatric_absent,3285,153,"heparin sodium,porcine/PF"
procedure,HCPCS,74018,74018,HCPCS_74018,oov,unknown_unmappable,3266,533,CHG RADIOLOGIC EXAM ABDOMEN 1 VIEW
procedure,HCPCS,93320,93320,HCPCS_93320,oov,unknown_unmappable,3168,524,>CARD 2-D/DOPPLER
medication,RXNORM,310965,310965,RXN_310965,oov,pediatric_absent,3109,563,ibuprofen
medication,RXNORM,199163,199163,RXN_199163,oov,pediatric_absent,3072,326,melatonin
medication,RXNORM,60761,60761,RXN_60761,oov,pediatric_absent,3029,89,"zinc/petrolatum,white"
medication,RXNORM,849928,849928,RXN_849928,oov,pediatric_absent,2971,76,caffeine citrate
procedure,HCPCS,87633,87633,HCPCS_87633,oov,unknown_unmappable,2965,825,RESP VIRUS 12-25 TARGETS
medication,RXNORM,312085,312085,RXN_312085,oov,pediatric_absent,2814,428,ondansetron HCl
medication,RXNORM,242800,242800,RXN_242800,oov,pediatric_absent,2789,60,ceftazidime
diagnosis,ICD9,redacted,,,redacted,redacted,2744,624,redacted
procedure,HCPCS,94010,94010,HCPCS_94010,oov,unknown_unmappable,2742,365,SPIROMETRY FLOW/VOL
medication,RXNORM,1435624,1435624,RXN_1435624,oov,pediatric_absent,2718,32,enalapril maleate
medication,RXNORM,1049630,1049630,RXN_1049630,oov,pediatric_absent,2633,224,diphenhydramine HCl
medication,RXNORM,422410,422410,RXN_422410,oov,pediatric_absent,2588,823,midazolam HCl
medication,RXNORM,309714,309714,RXN_309714,oov,pediatric_absent,2584,61,dextran 70/hypromellose
medication,RXNORM,1310578,1310578,RXN_1310578,oov,pediatric_absent,2577,29,medium chain triglycerides
medication,RXNORM,897756,897756,RXN_897756,oov,pediatric_absent,2573,370,hydromorphone HCl/PF
medication,RXNORM,428485,428485,RXN_428485,oov,pediatric_absent,2569,37,calcium carbonate/vitamin D3
medication,RXNORM,403908,403908,RXN_403908,oov,pediatric_absent,2484,443,ciprofloxacin HCl/dexameth
medication,RXNORM,692783,692783,RXN_692783,oov,pediatric_absent,2467,310,loratadine
medication,RXNORM,896239,896239,RXN_896239,oov,pediatric_absent,2458,87,fluticasone propion/salmeterol
medication,RXNORM,4511,4511,RXN_4511,oov,pediatric_absent,2453,76,"FA/mv,Ca,iron,min/lycopene/lut"
medication,RXNORM,855503,855503,RXN_855503,oov,pediatric_absent,2435,7,lipase/protease/amylase
medication,RXNORM,351261,351261,RXN_351261,oov,pediatric_absent,2297,136,lansoprazole
medication,RXNORM,617430,617430,RXN_617430,oov,pediatric_absent,2258,399,amoxicillin/potassium clav
medication,RXNORM,2418,2418,RXN_2418,oov,pediatric_absent,2238,23,pediatric multivit 61/D3/vit K
medication,RXNORM,311759,311759,RXN_311759,oov,pediatric_absent,2225,173,montelukast sodium
medication,RXNORM,706943,706943,RXN_706943,oov,pediatric_absent,2187,24,sodium chloride for inhalation
medication,RXNORM,200318,200318,RXN_200318,oov,pediatric_absent,2110,41,fat emulsions
medication,RXNORM,476576,476576,RXN_476576,oov,pediatric_absent,2102,660,cefdinir
medication,RXNORM,198434,198434,RXN_198434,oov,pediatric_absent,2083,320,acetaminophen
medication,RXNORM,351136,351136,RXN_351136,oov,pediatric_absent,2075,97,albuterol sulfate
medication,RXNORM,252732,252732,RXN_252732,oov,pediatric_absent,2046,158,melatonin
medication,RXNORM,854255,854255,RXN_854255,oov,pediatric_absent,2044,41,enoxaparin sodium
medication,RXNORM,849931,849931,RXN_849931,oov,pediatric_absent,2014,86,caffeine citrate
medication,RXNORM,1246288,1246288,RXN_1246288,oov,pediatric_absent,2009,67,budesonide/formoterol fumarate
diagnosis,ICD10,Z01.00,Z0100,ICD10_Z0100,oov,unknown_unmappable,1999,491,Visit for eye and vision exam
medication,RXNORM,1795477,1795477,RXN_1795477,oov,pediatric_absent,1913,293,dextrose 10 % in water
medication,RXNORM,204754,204754,RXN_204754,oov,pediatric_absent,1864,75,"petrolatum,white"
medication,RXNORM,1728999,1728999,RXN_1728999,oov,pediatric_absent,1841,60,morphine sulfate
medication,RXNORM,1246311,1246311,RXN_1246311,oov,pediatric_absent,1808,51,mometasone/formoterol
medication,RXNORM,309692,309692,RXN_309692,oov,pediatric_absent,1789,40,dexamethasone
medication,RXNORM,896267,896267,RXN_896267,oov,pediatric_absent,1784,27,fluticasone propion/salmeterol
medication,RXNORM,707329,707329,RXN_707329,oov,pediatric_absent,1772,222,sodium chloride
medication,RXNORM,993856,993856,RXN_993856,oov,pediatric_absent,1768,26,lacosamide
medication,RXNORM,901640,901640,RXN_901640,oov,pediatric_absent,1748,522,pneumoc 13-val conj-Dip crm/PF
medication,RXNORM,1359984,1359984,RXN_1359984,oov,pediatric_absent,1738,97,beclomethasone dipropionate
medication,RXNORM,8308,8308,RXN_8308,oov,pediatric_absent,1714,32,pedi multivit 40/phytonadione
medication,RXNORM,1728783,1728783,RXN_1728783,oov,pediatric_absent,1699,203,morphine sulfate/PF
medication,RXNORM,243675,243675,RXN_243675,oov,pediatric_absent,1697,286,acetaminophen
medication,RXNORM,421299,421299,RXN_421299,oov,pediatric_absent,1674,293,glycerin
medication,RXNORM,1300466,1300466,RXN_1300466,oov,pediatric_absent,1671,494,Haemoph b poly conj-tet tox/PF
medication,RXNORM,310133,310133,RXN_310133,oov,pediatric_absent,1663,333,racepinephrine HCl
medication,RXNORM,197745,197745,RXN_197745,oov,pediatric_absent,1644,124,guanfacine HCl
medication,RXNORM,403890,403890,RXN_403890,oov,pediatric_absent,1550,108,potassium chloride-0.45% NaCl
medication,RXNORM,197392,197392,RXN_197392,oov,pediatric_absent,1519,12,baclofen
medication,RXNORM,562266,562266,RXN_562266,oov,pediatric_absent,1511,286,clindamycin palmitate HCl
medication,RXNORM,857099,857099,RXN_857099,oov,pediatric_absent,1498,179,hydrocodone/acetaminophen
medication,RXNORM,221147,221147,RXN_221147,oov,pediatric_absent,1496,143,polyethylene glycol 3350
diagnosis,ICD10,G40.822,G40822,ICD10_G40822,oov,unknown_unmappable,1491,34,Infantile spasms
medication,RXNORM,312773,312773,RXN_312773,oov,pediatric_absent,1487,96,ranitidine HCl
diagnosis,ICD10,P07.30,P0730,ICD10_P0730,oov,unknown_unmappable,1444,153,Prematurity
medication,RXNORM,241109,241109,RXN_241109,oov,pediatric_absent,1426,27,hypromellose
medication,RXNORM,1307815,1307815,RXN_1307815,oov,pediatric_absent,1414,83,xanthan gum
medication,RXNORM,1331,1331,RXN_1331,oov,pediatric_absent,1400,480,barium sulfate
medication,RXNORM,6205,6205,RXN_6205,oov,pediatric_absent,1399,51,L. acidophilus/L.bulgaricus
diagnosis,ICD10,R62.52,R6252,ICD10_R6252,oov,unknown_unmappable,1393,161,Short stature (child)
medication,RXNORM,579996,579996,RXN_579996,oov,pediatric_absent,1392,10,"mineral oil/petrolatum,white"
medication,RXNORM,1726992,1726992,RXN_1726992,oov,pediatric_absent,1353,521,sugammadex sodium
medication,RXNORM,313123,313123,RXN_313123,oov,pediatric_absent,1352,58,sucralfate
medication,RXNORM,308056,308056,RXN_308056,oov,pediatric_absent,1311,98,alteplase
medication,RXNORM,829987,829987,RXN_829987,oov,pediatric_absent,1308,439,hep B vaccine/dp(a)t-polio/PF
medication,RXNORM,804146,804146,RXN_804146,oov,pediatric_absent,1294,95,cholecalciferol (vitamin D3)
medication,RXNORM,198445,198445,RXN_198445,oov,pediatric_absent,1286,223,acetaminophen
diagnosis,ICD10,Z00.121,Z00121,ICD10_Z00121,oov,unknown_unmappable,1271,378,Encounter for routine child health examination with abnormal findings
medication,RXNORM,580285,580285,RXN_580285,oov,pediatric_absent,1268,48,Saccharomyces boulardii
medication,RXNORM,240029,240029,RXN_240029,oov,pediatric_absent,1268,44,cholecalciferol (vitamin D3)
medication,RXNORM,1737759,1737759,RXN_1737759,oov,pediatric_absent,1247,646,lidocaine HCl/PF
medication,RXNORM,309065,309065,RXN_309065,oov,pediatric_absent,1216,70,cefotaxime sodium
diagnosis,ICD10,F80.4,F804,ICD10_F804,oov,unknown_unmappable,1196,31,Speech and language development delay due to hearing loss
medication,RXNORM,1310463,1310463,RXN_1310463,oov,pediatric_absent,1185,8,calcium phosphate
drg,DRG,OMAPR115,OMAPR115,DRG_OMAPR115,oov,unknown_unmappable,1175,1020,"OTHER EAR, NOSE, MOUTH,THROAT & CRANIAL/FACIAL DIAGNOSES"
medication,RXNORM,1807452,1807452,RXN_1807452,oov,pediatric_absent,1117,92,diazepam
medication,RXNORM,309318,309318,RXN_309318,oov,pediatric_absent,1108,21,potassium citrate/citric acid
diagnosis,ICD10,Z78.9,Z789,ICD10_Z789,oov,unknown_unmappable,1096,223,Ketogenic diet
medication,RXNORM,1741403,1741403,RXN_1741403,oov,pediatric_absent,1087,229,albumin human
medication,RXNORM,1091185,1091185,RXN_1091185,oov,pediatric_absent,1075,79,methylphenidate HCl
medication,RXNORM,647416,647416,RXN_647416,oov,pediatric_absent,1069,27,glycerin
medication,RXNORM,1658065,1658065,RXN_1658065,oov,pediatric_absent,1063,523,hepatitis A virus vaccine/PF
procedure,HCPCS,47058,47058,HCPCS_47058,oov,unknown_unmappable,1060,1060,OTHER SURGICAL HISTORY
medication,RXNORM,863599,863599,RXN_863599,oov,pediatric_absent,1051,52,oxybutynin chloride
medication,RXNORM,2048961,2048961,RXN_2048961,oov,pediatric_absent,1049,831,flu vacc qs2018-19(6mos up)/PF
medication,RXNORM,242446,242446,RXN_242446,oov,pediatric_absent,1017,288,ofloxacin
medication,RXNORM,2177393,2177393,RXN_2177393,oov,pediatric_absent,1015,813,flu vacc qs2019-20(6mos up)/PF
medication,RXNORM,204135,204135,RXN_204135,oov,pediatric_absent,1011,82,desonide
medication,RXNORM,2058900,2058900,RXN_2058900,oov,pediatric_absent,1002,34,cannabidiol (CBD)
medication,RXNORM,6972,6972,RXN_6972,oov,pediatric_absent,999,251,mineral oil/hydrophil petrolat
medication,RXNORM,349195,349195,RXN_349195,oov,pediatric_absent,992,16,clonazepam
medication,RXNORM,882527,882527,RXN_882527,oov,pediatric_absent,981,4,sildenafil citrate
medication,RXNORM,903843,903843,RXN_903843,oov,pediatric_absent,967,5,pyridostigmine bromide
drg,DRG,MS156,MS156,DRG_MS156,oov,unknown_unmappable,965,879,"OTHER EAR, NOSE, MOUTH & THROAT DIAGNOSES W/O CC/MCC"
medication,RXNORM,239204,239204,RXN_239204,oov,pediatric_absent,957,147,gentamicin sulfate
medication,RXNORM,1247759,1247759,RXN_1247759,oov,pediatric_absent,955,59,docusate sodium
medication,RXNORM,311264,311264,RXN_311264,oov,pediatric_absent,953,23,lamotrigine
procedure,HCPCS,42516,42516,HCPCS_42516,oov,unknown_unmappable,946,946,HX ADENOIDECTOMY
medication,RXNORM,200010,200010,RXN_200010,oov,pediatric_absent,945,34,dimethicone
medication,RXNORM,1653202,1653202,RXN_1653202,oov,pediatric_absent,942,15,insulin aspart
diagnosis,ICD9,783.42,78342,PHE_264.3,oov,pediatric_absent,927,39,Delayed milestones
medication,RXNORM,1928302,1928302,RXN_1928302,oov,pediatric_absent,906,683,flu vacc qs2017-18 36mos up/PF
medication,RXNORM,857795,857795,RXN_857795,oov,pediatric_absent,896,4,treprostinil
medication,RXNORM,205315,205315,RXN_205315,oov,pediatric_absent,883,33,topiramate
medication,RXNORM,24942,24942,RXN_24942,oov,pediatric_absent,872,32,multivit-min/ferrous gluconate
diagnosis,ICD10,H65.493,H65493,ICD10_H65493,oov,unknown_unmappable,856,162,Chronic otitis media of both ears with effusion
procedure,HCPCS,42522,42522,HCPCS_42522,oov,unknown_unmappable,856,856,HX TYMPANOSTOMY
medication,RXNORM,801961,801961,RXN_801961,oov,pediatric_absent,849,134,diazepam
medication,RXNORM,801054,801054,RXN_801054,oov,pediatric_absent,840,72,sodium chloride/NaHCO3/KCl/peg
medication,RXNORM,7094,7094,RXN_7094,oov,pediatric_absent,832,11,saliva substitute combo no.9
medication,RXNORM,311237,311237,RXN_311237,oov,pediatric_absent,831,107,ketotifen fumarate
medication,RXNORM,197984,197984,RXN_197984,oov,pediatric_absent,829,13,minocycline HCl
procedure,HCPCS,42514,42514,HCPCS_42514,oov,unknown_unmappable,826,826,HX TONSIL AND ADENOIDECTOMY
medication,RXNORM,905273,905273,RXN_905273,oov,pediatric_absent,824,5,trihexyphenidyl HCl
diagnosis,ICD9,765.20,76520,ICD9_76520,oov,code_version_mismatch,811,126,Extreme prematurity
diagnosis,ICD9,765.10,76510,ICD9_76510,oov,code_version_mismatch,808,159,"Other preterm infants, unspecified (weight)(765.10)"
medication,RXNORM,1652639,1652639,RXN_1652639,oov,pediatric_absent,803,15,insulin lispro
medication,RXNORM,1311331,1311331,RXN_1311331,oov,pediatric_absent,799,40,"sodium,potassium phosphates"
medication,RXNORM,847230,847230,RXN_847230,oov,pediatric_absent,778,29,"insulin glargine,hum.rec.anlog"
procedure,HCPCS,76000,76000,HCPCS_76000,oov,unknown_unmappable,769,365,"FL FLUORO ONLY, UP TO 1 HR"
medication,RXNORM,388311,388311,RXN_388311,oov,pediatric_absent,767,4,carbamazepine
medication,RXNORM,1047895,1047895,RXN_1047895,oov,pediatric_absent,759,23,hyoscyamine sulfate
medication,RXNORM,477391,477391,RXN_477391,oov,pediatric_absent,756,67,levofloxacin
medication,RXNORM,351239,351239,RXN_351239,oov,pediatric_absent,742,11,ticarcillin/K clavulanate
medication,RXNORM,860192,860192,RXN_860192,oov,pediatric_absent,738,83,onabotulinumtoxinA
medication,RXNORM,1191212,1191212,RXN_1191212,oov,pediatric_absent,737,199,naloxone HCl
medication,RXNORM,197593,197593,RXN_197593,oov,pediatric_absent,720,5,diazoxide
medication,RXNORM,1311560,1311560,RXN_1311560,oov,pediatric_absent,716,151,norflurane/pentafluoropropane
medication,RXNORM,1807546,1807546,RXN_1807546,oov,pediatric_absent,714,78,sodium chloride 0.45 %
medication,RXNORM,199119,199119,RXN_199119,oov,pediatric_absent,709,86,omeprazole
medication,RXNORM,198437,198437,RXN_198437,oov,pediatric_absent,709,163,acetaminophen
medication,RXNORM,315134,315134,RXN_315134,oov,pediatric_absent,699,27,levocarnitine
diagnosis,ICD10,M41.45,M4145,ICD10_M4145,oov,unknown_unmappable,698,79,"Neuromuscular scoliosis, thoracolumbar region"
procedure,NCH_LOCAL,6161101,6161101,,oov,nch_local,687,687,NO KNOWN PAST SURGERIES
medication,RXNORM,1091210,1091210,RXN_1091210,oov,pediatric_absent,679,49,methylphenidate HCl
medication,RXNORM,1597094,1597094,RXN_1597094,oov,pediatric_absent,678,328,HPV vaccine 9-valent/PF
medication,RXNORM,483448,483448,RXN_483448,oov,pediatric_absent,677,6,pregabalin
medication,RXNORM,1551393,1551393,RXN_1551393,oov,pediatric_absent,666,169,midazolam HCl/PF
medication,RXNORM,200321,200321,RXN_200321,oov,pediatric_absent,663,3,paricalcitol
medication,RXNORM,309845,309845,RXN_309845,oov,pediatric_absent,659,44,diazepam
medication,RXNORM,702157,702157,RXN_702157,oov,pediatric_absent,657,7,calcium glubionate
procedure,HCPCS,42512,42512,HCPCS_42512,oov,unknown_unmappable,657,657,HX TONSILLECTOMY
medication,RXNORM,1809414,1809414,RXN_1809414,oov,pediatric_absent,631,30,immun glob G(IgG)/gly/IgA ov50
medication,RXNORM,1250432,1250432,RXN_1250432,oov,pediatric_absent,631,117,fentanyl citrate-0.9 % NaCl/PF
diagnosis,ICD10,H66.006,H66006,ICD10_H66006,oov,unknown_unmappable,631,141,"Acute suppurative otitis media without spontaneous rupture of ear drum, recurrent, bilateral"
medication,RXNORM,861221,861221,RXN_861221,oov,pediatric_absent,619,89,dextroamphetamine/amphetamine
medication,RXNORM,308749,308749,RXN_308749,oov,pediatric_absent,618,96,bisacodyl
medication,RXNORM,862006,862006,RXN_862006,oov,pediatric_absent,615,97,guanfacine HCl
diagnosis,ICD9,V72.0,V720,ICD9_V720,oov,code_version_mismatch,610,198,Visit for eye and vision exam
medication,RXNORM,1860157,1860157,RXN_1860157,oov,pediatric_absent,607,5,oxycodone HCl
medication,RXNORM,351250,351250,RXN_351250,oov,pediatric_absent,605,36,escitalopram oxalate
medication,RXNORM,84990,84990,RXN_84990,oov,pediatric_absent,591,287,gadobutrol
medication,RXNORM,1794440,1794440,RXN_1794440,oov,pediatric_absent,586,470,flu vacc qs2016-17 36mos up/PF
medication,RXNORM,1739785,1739785,RXN_1739785,oov,pediatric_absent,576,13,brivaracetam
diagnosis,ICD10,T17.908D,T17908D,ICD10_T17908D,oov,unknown_unmappable,572,87,"Aspiration into airway, subsequent encounter"
medication,RXNORM,284215,284215,RXN_284215,oov,pediatric_absent,572,126,clindamycin HCl
medication,RXNORM,810000,810000,RXN_810000,oov,pediatric_absent,564,12,lacosamide
medication,RXNORM,805576,805576,RXN_805576,oov,pediatric_absent,564,257,"rotavirus vac,live att, 89-12"
medication,RXNORM,27792,27792,RXN_27792,oov,pediatric_absent,559,286,ioversol
medication,RXNORM,308704,308704,RXN_308704,oov,pediatric_absent,558,6,vitamin A
medication,RXNORM,199370,199370,RXN_199370,oov,pediatric_absent,556,28,ciprofloxacin HCl
medication,RXNORM,895966,895966,RXN_895966,oov,pediatric_absent,555,61,glycerin
diagnosis,ICD9,259.1,2591,PHE_259.4,oov,pediatric_absent,546,54,Premature adrenarche
medication,RXNORM,204625,204625,RXN_204625,oov,pediatric_absent,546,31,riboflavin (vitamin B2)
medication,RXNORM,5971,5971,RXN_5971,oov,pediatric_absent,537,169,iothalamate meglumine
medication,RXNORM,198496,198496,RXN_198496,oov,pediatric_absent,537,39,benzocaine
diagnosis,ICD10,R62.0,R620,PHE_264.3,oov,pediatric_absent,535,67,Delayed milestone in childhood
medication,RXNORM,1806181,1806181,RXN_1806181,oov,pediatric_absent,535,53,methylphenidate HCl
medication,RXNORM,896004,896004,RXN_896004,oov,pediatric_absent,534,25,fluticasone propionate
medication,RXNORM,205121,205121,RXN_205121,oov,pediatric_absent,534,120,mineral oil
medication,RXNORM,1246308,1246308,RXN_1246308,oov,pediatric_absent,527,60,mometasone/formoterol
medication,RXNORM,1867594,1867594,RXN_1867594,oov,pediatric_absent,524,337,bupivacaine HCl/epinephrine/PF
medication,RXNORM,797638,797638,RXN_797638,oov,pediatric_absent,521,346,"mening vac A,C,Y,W-135 dip/PF"
medication,RXNORM,1091170,1091170,RXN_1091170,oov,pediatric_absent,517,60,methylphenidate HCl
procedure,HCPCS,42772,42772,HCPCS_42772,oov,unknown_unmappable,510,510,CIRCUMCISION
medication,RXNORM,310285,310285,RXN_310285,oov,pediatric_absent,509,7,felbamate
diagnosis,ICD9,V82.5,V825,ICD9_V825,oov,code_version_mismatch,508,177,Screening for chemical poisoning and other contamination
medication,RXNORM,1650274,1650274,RXN_1650274,oov,pediatric_absent,502,2,cholecalciferol (vitamin D3)
medication,RXNORM,582969,582969,RXN_582969,oov,pediatric_absent,493,3,somatropin
diagnosis,ICD10,H93.3X3,H933X3,ICD10_H933X3,oov,unknown_unmappable,493,7,Auditory neuropathy spectrum disorder of both ears
drg,DRG,OMAPR058,OMAPR058,DRG_OMAPR058,oov,unknown_unmappable,492,471,OTHER DISORDERS OF NERVOUS SYSTEM
medication,RXNORM,198946,198946,RXN_198946,oov,pediatric_absent,490,22,pyridoxine HCl (vitamin B6)
medication,RXNORM,1292457,1292457,RXN_1292457,oov,pediatric_absent,489,389,varicella vaccine live/PF
drg,DRG,OMAPR144,OMAPR144,DRG_OMAPR144,oov,unknown_unmappable,486,453,"RESPIRATORY SIGNS, SYMPTOMS & MINOR DIAGNOSES"
medication,RXNORM,1863973,1863973,RXN_1863973,oov,pediatric_absent,479,119,potassium chloride/D5-0.2%NaCl
medication,RXNORM,862013,862013,RXN_862013,oov,pediatric_absent,479,81,guanfacine HCl
medication,RXNORM,1300382,1300382,RXN_1300382,oov,pediatric_absent,477,371,"diph,pertuss(acell),tet ped/PF"
diagnosis,ICD9,V20.32,V2032,ICD9_V2032,oov,code_version_mismatch,468,142,Weight check in breast-fed newborn 8-28 days old
diagnosis,ICD10,H47.9,H479,ICD10_H479,oov,unknown_unmappable,462,35,Unspecified disorder of visual pathways
medication,RXNORM,1020477,1020477,RXN_1020477,oov,pediatric_absent,457,85,diphenhydramine HCl
procedure,HCPCS,72141,72141,HCPCS_72141,oov,unknown_unmappable,456,172,MR CERV SPINE W/O CONTRST
diagnosis,ICD10,P91.60,P9160,ICD10_P9160,oov,unknown_unmappable,450,24,"Hypoxic ischemic encephalopathy, unspecified severity"
medication,RXNORM,804183,804183,RXN_804183,oov,pediatric_absent,450,355,"measles,mumps,rubella vacc/PF"
diagnosis,ICD10,E76.01,E7601,ICD10_E7601,oov,unknown_unmappable,448,3,Hurler syndrome
medication,RXNORM,630796,630796,RXN_630796,oov,pediatric_absent,446,26,potassium chloride/D5-0.45NaCl
diagnosis,ICD10,E76.22,E7622,ICD10_E7622,oov,unknown_unmappable,444,2,"Sanfilippo syndrome, type A"
medication,RXNORM,1292440,1292440,RXN_1292440,oov,pediatric_absent,444,356,"measles,mumps,rub,varicella/PF"
medication,RXNORM,1655928,1655928,RXN_1655928,oov,pediatric_absent,442,4,lumacaftor/ivacaftor
medication,RXNORM,702249,702249,RXN_702249,oov,pediatric_absent,441,54,ferrous sulfate
medication,RXNORM,896186,896186,RXN_896186,oov,pediatric_absent,439,6,fluticasone propion/salmeterol
medication,RXNORM,899518,899518,RXN_899518,oov,pediatric_absent,435,28,dexmethylphenidate HCl
drg,DRG,OMAPR097,OMAPR097,DRG_OMAPR097,oov,unknown_unmappable,421,404,TONSIL & ADENOID PROCEDURES
medication,RXNORM,830555,830555,RXN_830555,oov,pediatric_absent,416,335,"diph,pertus(acel),tet,polio/PF"
medication,RXNORM,1657844,1657844,RXN_1657844,oov,pediatric_absent,412,331,"flu vac qs2015-16(36mos,up)/PF"
medication,RXNORM,855499,855499,RXN_855499,oov,pediatric_absent,410,7,lipase/protease/amylase
diagnosis,ICD10,P35.1,P351,PHE_657,oov,pediatric_absent,409,5,Congenital CMV infection
medication,RXNORM,1797833,1797833,RXN_1797833,oov,pediatric_absent,408,14,ipratropium bromide
drg,DRG,MS204,MS204,DRG_MS204,oov,unknown_unmappable,407,398,RESPIRATORY SIGNS & SYMPTOMS
medication,RXNORM,427538,427538,RXN_427538,oov,pediatric_absent,407,14,clobazam
medication,RXNORM,349196,349196,RXN_349196,oov,pediatric_absent,407,6,clonazepam
diagnosis,ICD10,P07.02,P0702,ICD10_P0702,oov,unknown_unmappable,406,22,"Extremely low birth weight newborn, 500-749 grams"
diagnosis,ICD9,774.6,7746,PHE_656.8,oov,pediatric_absent,402,145,Unspecified fetal and neonatal jaundice
medication,RXNORM,1721684,1721684,RXN_1721684,oov,pediatric_absent,401,9,epoetin alfa
diagnosis,ICD10,IMO0001,IMO0001,ICD10_IMO0001,oov,unknown_unmappable,399,124,Class 3 obesity due to excess calories with serious comorbidity and body mass index (BMI) of 40.0 to 44.9 in adult
medication,RXNORM,309308,309308,RXN_309308,oov,pediatric_absent,397,87,ciprofloxacin
diagnosis,ICD10,P07.14,P0714,ICD10_P0714,oov,unknown_unmappable,396,17,"Other low birth weight newborn, 1000-1249 grams"
medication,RXNORM,1091155,1091155,RXN_1091155,oov,pediatric_absent,394,79,methylphenidate HCl
medication,RXNORM,211365,211365,RXN_211365,oov,pediatric_absent,388,74,chlorhexidine gluconate
medication,RXNORM,1652634,1652634,RXN_1652634,oov,pediatric_absent,387,19,potassium citrate/citric acid
medication,RXNORM,898715,898715,RXN_898715,oov,pediatric_absent,387,7,pregabalin
diagnosis,ICD9,V57.89,V5789,ICD9_V5789,oov,code_version_mismatch,386,44,Other specified rehabilitation procedure(V57.89)
diagnosis,ICD10,Z45.82,Z4582,ICD10_Z4582,oov,unknown_unmappable,385,187,Encounter for adjustment or removal of myringotomy device (stent) (tube)
diagnosis,ICD10,Z68.53,Z6853,ICD10_Z6853,oov,unknown_unmappable,384,170,"Body mass index (bmi) pediatric, 85th percentile to less than 95th percentile for age"
medication,RXNORM,1536142,1536142,RXN_1536142,oov,pediatric_absent,383,60,mometasone furoate
medication,RXNORM,1190776,1190776,RXN_1190776,oov,pediatric_absent,379,231,atropine sulfate/0.9 %sod chlr
medication,RXNORM,1014676,1014676,RXN_1014676,oov,pediatric_absent,378,53,cetirizine HCl
diagnosis,ICD10,Z62.21,Z6221,ICD10_Z6221,oov,unknown_unmappable,374,56,Child in foster care
medication,RXNORM,308191,308191,RXN_308191,oov,pediatric_absent,371,99,amoxicillin
medication,RXNORM,852091,852091,RXN_852091,oov,pediatric_absent,369,225,"gelatin sponge,absorb/porcine"
medication,RXNORM,861223,861223,RXN_861223,oov,pediatric_absent,366,43,dextroamphetamine/amphetamine
diagnosis,ICD10,Z01.01,Z0101,ICD10_Z0101,oov,unknown_unmappable,363,152,Encounter for examination of eyes and vision with abnormal findings
medication,RXNORM,1797883,1797883,RXN_1797883,oov,pediatric_absent,360,29,azelastine HCl
medication,RXNORM,1797865,1797865,RXN_1797865,oov,pediatric_absent,357,78,mometasone furoate
medication,RXNORM,1049683,1049683,RXN_1049683,oov,pediatric_absent,356,6,oxycodone HCl
diagnosis,ICD10,Z13.6,Z136,ICD10_Z136,oov,unknown_unmappable,355,242,Encounter for screening for cardiovascular disorders
medication,RXNORM,310352,310352,RXN_310352,oov,pediatric_absent,352,77,fluconazole
diagnosis,ICD10,Z30.42,Z3042,ICD10_Z3042,oov,unknown_unmappable,349,36,"Family planning, Depo-Provera contraception monitoring/administration"
medication,RXNORM,855182,855182,RXN_855182,oov,pediatric_absent,347,2,tolterodine tartrate
medication,RXNORM,1300189,1300189,RXN_1300189,oov,pediatric_absent,346,281,"diph,pertuss(acell),tet vac/PF"
medication,RXNORM,89905,89905,RXN_89905,oov,pediatric_absent,346,142,multivitamin
diagnosis,ICD10,S06.0X0D,S060X0D,ICD10_S060X0D,oov,unknown_unmappable,345,33,"Concussion, without LOC, subsequent encounter"
medication,RXNORM,1658142,1658142,RXN_1658142,oov,pediatric_absent,339,222,hepatitis B virus vaccine/PF
medication,RXNORM,1870205,1870205,RXN_1870205,oov,pediatric_absent,338,83,epinephrine
medication,RXNORM,8588,8588,RXN_8588,oov,pediatric_absent,338,9,potassium chloride
medication,RXNORM,199425,199425,RXN_199425,oov,pediatric_absent,338,85,melatonin
diagnosis,ICD9,V06.3,V063,ICD9_V063,oov,code_version_mismatch,336,194,Need for prophylactic vaccination with diphtheria-tetanus-pertussis with poliomyelitis (DTP + polio) vaccine
diagnosis,ICD10,Z73.819,Z73819,ICD10_Z73819,oov,unknown_unmappable,335,71,"Insomnia, behavioral of childhood"
medication,RXNORM,2000127,2000127,RXN_2000127,oov,pediatric_absent,333,13,vancomycin HCl
medication,RXNORM,5924,5924,RXN_5924,oov,pediatric_absent,332,18,nutrit supp/inulin/FOS/fiber
medication,RXNORM,310494,310494,RXN_310494,oov,pediatric_absent,331,23,"immune globulin,gamma(IgG)"
medication,RXNORM,1247379,1247379,RXN_1247379,oov,pediatric_absent,331,20,lipase/protease/amylase
medication,RXNORM,251020,251020,RXN_251020,oov,pediatric_absent,325,121,sennosides
medication,RXNORM,1092357,1092357,RXN_1092357,oov,pediatric_absent,320,13,rufinamide
diagnosis,ICD10,R68.12,R6812,ICD10_R6812,oov,unknown_unmappable,317,121,Fussy infant (baby)
diagnosis,ICD9,780.91,78091,ICD9_78091,oov,code_version_mismatch,315,135,Fussy baby
medication,RXNORM,727316,727316,RXN_727316,oov,pediatric_absent,310,82,epinephrine
diagnosis,ICD10,P07.03,P0703,ICD10_P0703,oov,unknown_unmappable,310,26,"Prematurity, 750-999 grams, 29-30 completed weeks"
diagnosis,ICD10,Z68.51,Z6851,ICD10_Z6851,oov,unknown_unmappable,309,106,Body mass index (BMI) less than fifth percentile in child
diagnosis,ICD10,M41.25,M4125,ICD10_M4125,oov,unknown_unmappable,306,69,"Other idiopathic scoliosis, thoracolumbar region"
medication,RXNORM,1235247,1235247,RXN_1235247,oov,pediatric_absent,304,16,lurasidone HCl
medication,RXNORM,1797929,1797929,RXN_1797929,oov,pediatric_absent,302,11,budesonide
medication,RXNORM,1363703,1363703,RXN_1363703,oov,pediatric_absent,302,14,"lanolin,anhydrous"
procedure,HCPCS,45636,45636,HCPCS_45636,oov,unknown_unmappable,302,302,HX BTI
diagnosis,ICD10,Z01.10,Z0110,ICD10_Z0110,oov,unknown_unmappable,300,128,Encounter for examination of ears and hearing without abnormal findings
medication,RXNORM,899439,899439,RXN_899439,oov,pediatric_absent,300,27,dexmethylphenidate HCl
medication,RXNORM,978010,978010,RXN_978010,oov,pediatric_absent,299,20,loperamide HCl
diagnosis,ICD9,V20.31,V2031,ICD9_V2031,oov,code_version_mismatch,297,120,Health supervision for newborn under 8 days old
diagnosis,ICD10,R94.120,R94120,ICD10_R94120,oov,unknown_unmappable,295,115,Failed hearing screening
medication,RXNORM,1541622,1541622,RXN_1541622,oov,pediatric_absent,295,236,"flu vacc qs2014-15(36mo,up)/PF"
medication,RXNORM,1794451,1794451,RXN_1794451,oov,pediatric_absent,294,186,flu vacc qs 2016 (6-35mos)/PF
diagnosis,ICD10,H50.30,H5030,ICD10_H5030,oov,unknown_unmappable,292,47,Intermittent exotropia
medication,RXNORM,199168,199168,RXN_199168,oov,pediatric_absent,290,4,phenobarbital
medication,RXNORM,904810,904810,RXN_904810,oov,pediatric_absent,290,207,succinylcholine chloride
medication,RXNORM,308194,308194,RXN_308194,oov,pediatric_absent,289,124,amoxicillin
medication,RXNORM,311935,311935,RXN_311935,oov,pediatric_absent,287,184,neostigmine methylsulfate
medication,RXNORM,197782,197782,RXN_197782,oov,pediatric_absent,285,21,hydrocortisone
diagnosis,ICD10,E30.1,E301,PHE_259.4,oov,pediatric_absent,284,46,Precocious puberty
medication,RXNORM,39625,39625,RXN_39625,oov,pediatric_absent,283,9,vit E acet/gly/dimeth/water
diagnosis,ICD10,P04.9,P049,ICD10_P049,oov,unknown_unmappable,280,48,"Newborn affected by maternal noxious substance, unspecified"
medication,RXNORM,1794881,1794881,RXN_1794881,oov,pediatric_absent,278,35,dextrose 5 %-0.2 % sod chlorid
diagnosis,ICD9,765.00,76500,ICD9_76500,oov,code_version_mismatch,278,28,Extreme prematurity
medication,RXNORM,313990,313990,RXN_313990,oov,pediatric_absent,278,58,fluoxetine HCl
medication,RXNORM,861232,861232,RXN_861232,oov,pediatric_absent,276,18,dextroamphetamine/amphetamine
diagnosis,ICD10,Z01.20,Z0120,ICD10_Z0120,oov,unknown_unmappable,274,250,Oral health maintenance status requiring routine preventive dental care
diagnosis,ICD10,H65.06,H6506,ICD10_H6506,oov,unknown_unmappable,273,55,"Acute serous otitis media, recurrent, bilateral"
medication,RXNORM,310497,310497,RXN_310497,oov,pediatric_absent,271,71,"glucagon,human recombinant"
medication,RXNORM,251374,251374,RXN_251374,oov,pediatric_absent,267,50,acetaminophen
diagnosis,ICD10,Z00.111,Z00111,ICD10_Z00111,oov,unknown_unmappable,264,85,Health examination for newborn 8 to 28 days old
medication,RXNORM,26344,26344,RXN_26344,oov,pediatric_absent,263,18,guar gum
diagnosis,ICD10,H66.003,H66003,ICD10_H66003,oov,unknown_unmappable,261,106,"Acute suppurative otitis media of both ears without spontaneous rupture of tympanic membranes, recurrence not specified"
medication,RXNORM,854830,854830,RXN_854830,oov,pediatric_absent,259,35,lisdexamfetamine dimesylate
diagnosis,ICD10,R68.13,R6813,ICD10_R6813,oov,unknown_unmappable,259,52,Brief resolved unexplained event (BRUE)
medication,RXNORM,1860129,1860129,RXN_1860129,oov,pediatric_absent,258,1,oxycodone HCl
medication,RXNORM,309541,309541,RXN_309541,oov,pediatric_absent,257,18,corticotropin
medication,RXNORM,311373,311373,RXN_311373,oov,pediatric_absent,256,33,loratadine
diagnosis,ICD10,L20.84,L2084,ICD10_L2084,oov,unknown_unmappable,256,45,Intrinsic (allergic) eczema
procedure,HCPCS,71250,71250,HCPCS_71250,oov,unknown_unmappable,255,104,"CHEST, W/O CONTRAST"
medication,RXNORM,801966,801966,RXN_801966,oov,pediatric_absent,255,37,diazepam
diagnosis,ICD10,G40.824,G40824,ICD10_G40824,oov,unknown_unmappable,255,15,Infantile spasms with intractable epilepsy
medication,RXNORM,200329,200329,RXN_200329,oov,pediatric_absent,253,61,omeprazole
drg,DRG,MS093,MS093,DRG_MS093,oov,unknown_unmappable,253,242,OTHER DISORDERS OF NERVOUS SYSTEM W/O CC/MCC
medication,RXNORM,1649944,1649944,RXN_1649944,oov,pediatric_absent,252,7,filgrastim
medication,RXNORM,1736329,1736329,RXN_1736329,oov,pediatric_absent,251,17,somatropin
medication,RXNORM,1658647,1658647,RXN_1658647,oov,pediatric_absent,250,27,"heparin sodium,porcine/PF"
drg,DRG,MS134,MS134,DRG_MS134,oov,unknown_unmappable,249,233,"OTHER EAR, NOSE, MOUTH & THROAT O.R. PROCEDURES W/O CC/MCC"
medication,RXNORM,1806187,1806187,RXN_1806187,oov,pediatric_absent,248,40,methylphenidate HCl
diagnosis,ICD9,765.14,76514,ICD9_76514,oov,code_version_mismatch,247,24,"Other preterm infants, 1,000-1,249 grams(765.14)"
medication,RXNORM,204642,204642,RXN_204642,oov,pediatric_absent,247,64,selenium sulfide
medication,RXNORM,151226,151226,RXN_151226,oov,pediatric_absent,245,51,topiramate
diagnosis,ICD10,Z13.89,Z1389,ICD10_Z1389,oov,unknown_unmappable,244,86,Encounter for screening for other disorder
medication,RXNORM,1653196,1653196,RXN_1653196,oov,pediatric_absent,242,6,insulin aspart
procedure,HCPCS,95812,95812,HCPCS_95812,oov,unknown_unmappable,242,124,"EEG, VIDEO, EXTENDED, 41-60 MIN"
medication,RXNORM,901610,901610,RXN_901610,oov,pediatric_absent,240,12,aztreonam lysine
medication,RXNORM,311913,311913,RXN_311913,oov,pediatric_absent,238,40,naproxen
medication,RXNORM,856457,856457,RXN_856457,oov,pediatric_absent,237,10,propranolol HCl
medication,RXNORM,1659754,1659754,RXN_1659754,oov,pediatric_absent,235,142,flu vacc qs 2015 (6-35mos)/PF
medication,RXNORM,1595476,1595476,RXN_1595476,oov,pediatric_absent,235,1,lipase/protease/amylase
procedure,HCPCS,83880,83880,HCPCS_83880,oov,unknown_unmappable,234,71,BNP NATRIURETIC PEPTIDE
medication,RXNORM,2184120,2184120,RXN_2184120,oov,pediatric_absent,232,5,amlodipine benzoate
medication,RXNORM,1868473,1868473,RXN_1868473,oov,pediatric_absent,231,54,sodium bicarbonate
medication,RXNORM,308719,308719,RXN_308719,oov,pediatric_absent,231,3,betaxolol HCl
medication,RXNORM,749860,749860,RXN_749860,oov,pediatric_absent,230,57,norgestimate-ethinyl estradiol
diagnosis,ICD10,IMO0002,IMO0002,ICD10_IMO0002,oov,unknown_unmappable,230,116,Stenosis of urinary meatus
medication,RXNORM,311877,311877,RXN_311877,oov,pediatric_absent,229,13,mupirocin calcium
diagnosis,ICD10,Q53.20,Q5320,ICD10_Q5320,oov,unknown_unmappable,229,48,"Undescended testicle of both sides, unspecified location"
medication,RXNORM,197512,197512,RXN_197512,oov,pediatric_absent,227,24,ciprofloxacin HCl
medication,RXNORM,348506,348506,RXN_348506,oov,pediatric_absent,227,6,itraconazole
diagnosis,ICD10,P07.18,P0718,ICD10_P0718,oov,unknown_unmappable,226,31,"Prematurity, 2,000-2,499 grams, 35-36 completed weeks"
medication,RXNORM,308352,308352,RXN_308352,oov,pediatric_absent,226,40,arginine HCl
diagnosis,ICD9,V21.30,V2130,PHE_637,oov,pediatric_absent,225,122,"Low birth weight status, unspecified"
medication,RXNORM,349592,349592,RXN_349592,oov,pediatric_absent,225,18,atomoxetine HCl
medication,RXNORM,862019,862019,RXN_862019,oov,pediatric_absent,225,34,guanfacine HCl
medication,RXNORM,1369791,1369791,RXN_1369791,oov,pediatric_absent,225,5,baclofen
diagnosis,ICD9,IMO0002,IMO0002,ICD9_IMO0002,oov,code_version_mismatch,224,83,Single pelvic kidney
diagnosis,ICD10,F80.82,F8082,ICD10_F8082,oov,unknown_unmappable,224,11,Social pragmatic communication disorder
diagnosis,ICD10,P59.9,P599,PHE_656.8,oov,pediatric_absent,224,104,"Neonatal jaundice, unspecified"
medication,RXNORM,809974,809974,RXN_809974,oov,pediatric_absent,222,19,lacosamide
medication,RXNORM,854834,854834,RXN_854834,oov,pediatric_absent,221,41,lisdexamfetamine dimesylate
medication,RXNORM,9641,9641,RXN_9641,oov,pediatric_absent,221,4,selenium
diagnosis,ICD10,M41.44,M4144,ICD10_M4144,oov,unknown_unmappable,220,39,Neuromuscular scoliosis of thoracic region
medication,RXNORM,854977,854977,RXN_854977,oov,pediatric_absent,219,147,pneumococcal 23-val p-sac vac
medication,RXNORM,309072,309072,RXN_309072,oov,pediatric_absent,218,33,cefoxitin sodium
medication,RXNORM,1536147,1536147,RXN_1536147,oov,pediatric_absent,217,23,mometasone furoate
medication,RXNORM,899548,899548,RXN_899548,oov,pediatric_absent,217,15,dexmethylphenidate HCl
diagnosis,ICD10,M08.40,M0840,ICD10_M0840,oov,unknown_unmappable,215,5,"JIA (juvenile idiopathic arthritis), oligoarthritis, persistent"
diagnosis,ICD10,P09,P09,ICD10_P09,oov,unknown_unmappable,213,65,Failed newborn hearing screen
diagnosis,ICD10,Z13.88,Z1388,ICD10_Z1388,oov,unknown_unmappable,210,80,Encounter for screening for disorder due to exposure to contaminants
medication,RXNORM,313989,313989,RXN_313989,oov,pediatric_absent,210,37,fluoxetine HCl
medication,RXNORM,1091392,1091392,RXN_1091392,oov,pediatric_absent,210,11,methylphenidate HCl
medication,RXNORM,1362025,1362025,RXN_1362025,oov,pediatric_absent,210,77,"heparin sodium,porcine/PF"
medication,RXNORM,1000978,1000978,RXN_1000978,oov,pediatric_absent,209,24,oxymetazoline HCl
medication,RXNORM,1191307,1191307,RXN_1191307,oov,pediatric_absent,208,61,fluocinolone acetonide
medication,RXNORM,197902,197902,RXN_197902,oov,pediatric_absent,208,43,lorazepam
medication,RXNORM,244309,244309,RXN_244309,oov,pediatric_absent,208,120,antipyrine/benzocaine
diagnosis,ICD10,P07.23,P0723,ICD10_P0723,oov,unknown_unmappable,205,11,"Extreme immaturity of newborn, gestational age 24 completed weeks"
medication,RXNORM,312086,312086,RXN_312086,oov,pediatric_absent,203,54,ondansetron HCl
medication,RXNORM,311277,311277,RXN_311277,oov,pediatric_absent,201,46,lansoprazole
medication,RXNORM,800985,800985,RXN_800985,oov,pediatric_absent,201,29,electrolyte-R (ph 7.4)
medication,RXNORM,312137,312137,RXN_312137,oov,pediatric_absent,200,17,oxcarbazepine
medication,RXNORM,244981,244981,RXN_244981,oov,pediatric_absent,200,7,magnesium carbonate
medication,RXNORM,602858,602858,RXN_602858,oov,pediatric_absent,199,4,magnesium oxide/magnesium
medication,RXNORM,1113042,1113042,RXN_1113042,oov,pediatric_absent,199,4,lipase/protease/amylase
diagnosis,ICD9,765.12,76512,ICD9_76512,oov,code_version_mismatch,197,14,"Other preterm infants, 500-749 grams(765.12)"
diagnosis,ICD10,P92.9,P929,PHE_656.3,oov,pediatric_absent,196,95,Feeding difficulty in newborn with laryngomalacia
medication,RXNORM,252559,252559,RXN_252559,oov,pediatric_absent,196,22,budesonide
medication,RXNORM,824295,824295,RXN_824295,oov,pediatric_absent,196,8,rufinamide
diagnosis,ICD10,P91.63,P9163,ICD10_P9163,oov,unknown_unmappable,195,16,Severe hypoxic ischemic encephalopathy (HIE)
medication,RXNORM,1806189,1806189,RXN_1806189,oov,pediatric_absent,194,19,methylphenidate HCl
drg,DRG,MS101,MS101,DRG_MS101,oov,unknown_unmappable,194,81,SEIZURES W/O MCC
medication,RXNORM,1367418,1367418,RXN_1367418,oov,pediatric_absent,193,110,thrombin (recombinant)
drg,DRG,OMAPR053,OMAPR053,DRG_OMAPR053,oov,unknown_unmappable,193,85,SEIZURE
medication,RXNORM,351249,351249,RXN_351249,oov,pediatric_absent,193,39,escitalopram oxalate
diagnosis,ICD10,R48.9,R489,ICD10_R489,oov,unknown_unmappable,192,18,Unspecified symbolic dysfunctions
medication,RXNORM,745791,745791,RXN_745791,oov,pediatric_absent,191,19,levalbuterol tartrate
diagnosis,ICD10,P07.31,P0731,ICD10_P0731,oov,unknown_unmappable,191,16,"Preterm newborn, gestational age 28 completed weeks"
procedure,HCPCS,45642,45642,HCPCS_45642,oov,unknown_unmappable,191,191,HX DL BRONCH
medication,RXNORM,797544,797544,RXN_797544,oov,pediatric_absent,190,88,alcohol antiseptic pads
diagnosis,ICD9,V72.85,V7285,ICD9_V7285,oov,code_version_mismatch,190,73,Other specified examination
medication,RXNORM,6227,6227,RXN_6227,oov,pediatric_absent,189,11,sod chlord/lanolin/min.oil/pet
procedure,HCPCS,86800,86800,HCPCS_86800,oov,unknown_unmappable,189,146,ANTITHYROGLOBULIN ANTIBODY
diagnosis,ICD10,Q66.30,Q6630,ICD10_Q6630,oov,unknown_unmappable,188,2,Congenital talipes varus
medication,RXNORM,401938,401938,RXN_401938,oov,pediatric_absent,186,1,miglustat
diagnosis,ICD10,H47.033,H47033,ICD10_H47033,oov,unknown_unmappable,186,12,"Optic nerve hypoplasia, bilateral"
medication,RXNORM,1797867,1797867,RXN_1797867,oov,pediatric_absent,185,59,azelastine HCl
diagnosis,ICD10,Q93.51,Q9351,ICD10_Q9351,oov,unknown_unmappable,184,2,Angelman's syndrome
diagnosis,ICD10,P28.4,P284,PHE_656.26,oov,pediatric_absent,181,89,Other apnea of newborn
medication,RXNORM,798271,798271,RXN_798271,oov,pediatric_absent,180,91,"human papilomvirus vac,qval/PF"
diagnosis,ICD9,765.24,76524,ICD9_76524,oov,code_version_mismatch,177,25,27-28 completed weeks of gestation(765.24)
medication,RXNORM,1191222,1191222,RXN_1191222,oov,pediatric_absent,176,87,naloxone HCl
medication,RXNORM,1728791,1728791,RXN_1728791,oov,pediatric_absent,176,20,morphine sulfate/PF
diagnosis,ICD10,H65.196,H65196,ICD10_H65196,oov,unknown_unmappable,176,69,"Other acute nonsuppurative otitis media, recurrent, bilateral"
diagnosis,ICD10,Z05.1,Z051,ICD10_Z051,oov,unknown_unmappable,175,90,Need for observation and evaluation of newborn for sepsis
diagnosis,ICD10,T17.908S,T17908S,ICD10_T17908S,oov,unknown_unmappable,175,37,"Unspecified foreign body in respiratory tract, part unspecified causing other injury, sequela"
diagnosis,ICD9,V72.2,V722,ICD9_V722,oov,code_version_mismatch,175,157,Dental examination
medication,RXNORM,854838,854838,RXN_854838,oov,pediatric_absent,173,23,lisdexamfetamine dimesylate
medication,RXNORM,241975,241975,RXN_241975,oov,pediatric_absent,172,30,somatropin
medication,RXNORM,801957,801957,RXN_801957,oov,pediatric_absent,172,44,diazepam
diagnosis,ICD9,V79.3,V793,ICD9_V793,oov,code_version_mismatch,172,92,Screening for developmental handicaps in early childhood
medication,RXNORM,347861,347861,RXN_347861,oov,pediatric_absent,171,3,lipase/protease/amylase
diagnosis,ICD10,P07.15,P0715,ICD10_P0715,oov,unknown_unmappable,170,18,"Other low birth weight newborn, 1250-1499 grams"
medication,RXNORM,311878,311878,RXN_311878,oov,pediatric_absent,170,22,mupirocin calcium
medication,RXNORM,200346,200346,RXN_200346,oov,pediatric_absent,170,85,cefdinir
medication,RXNORM,1243046,1243046,RXN_1243046,oov,pediatric_absent,169,5,ivacaftor
medication,RXNORM,310026,310026,RXN_310026,oov,pediatric_absent,168,11,doxycycline calcium
diagnosis,ICD10,Z13.4,Z134,ICD10_Z134,oov,unknown_unmappable,167,74,Encounter for screening for certain developmental disorders in childhood
medication,RXNORM,1085686,1085686,RXN_1085686,oov,pediatric_absent,167,14,triamcinolone acetonide
diagnosis,ICD9,796.6,7966,ICD9_7966,oov,code_version_mismatch,167,49,Abnormal findings on neonatal screening
medication,RXNORM,312036,312036,RXN_312036,oov,pediatric_absent,167,3,nortriptyline HCl
diagnosis,ICD9,765.28,76528,ICD9_76528,oov,code_version_mismatch,166,39,35-36 completed weeks of gestation(765.28)
diagnosis,ICD9,V41.1,V411,ICD9_V411,oov,code_version_mismatch,166,131,Other eye problems
medication,RXNORM,311753,311753,RXN_311753,oov,pediatric_absent,166,40,mometasone furoate
medication,RXNORM,1114198,1114198,RXN_1114198,oov,pediatric_absent,164,5,rivaroxaban
diagnosis,ICD9,772.14,77214,PHE_656.4,oov,pediatric_absent,163,7,"Neonatal intraventricular hemorrhage, grade IV"
medication,RXNORM,200343,200343,RXN_200343,oov,pediatric_absent,162,2,hydroxyurea
medication,RXNORM,9871,9871,RXN_9871,oov,pediatric_absent,162,29,parab/cet alc/stryl alc/pg/sls
medication,RXNORM,11256,11256,RXN_11256,oov,pediatric_absent,161,5,vitamin E
diagnosis,ICD9,779.31,77931,ICD9_77931,oov,code_version_mismatch,161,92,Overfeeding of newborn
medication,RXNORM,856999,856999,RXN_856999,oov,pediatric_absent,161,6,hydrocodone/acetaminophen
medication,RXNORM,3322,3322,RXN_3322,oov,pediatric_absent,160,49,diazepam
medication,RXNORM,308135,308135,RXN_308135,oov,pediatric_absent,160,21,amlodipine besylate
diagnosis,ICD9,765.15,76515,ICD9_76515,oov,code_version_mismatch,160,19,"Other preterm infants, 1,250-1,499 grams(765.15)"
medication,RXNORM,833008,833008,RXN_833008,oov,pediatric_absent,158,40,desmopressin acetate
procedure,HCPCS,42760,42760,HCPCS_42760,oov,unknown_unmappable,157,157,HX GASTROSTOMY
diagnosis,ICD10,Z00.110,Z00110,ICD10_Z00110,oov,unknown_unmappable,157,60,Health examination for newborn under 8 days old
diagnosis,ICD10,Z01.82,Z0182,ICD10_Z0182,oov,unknown_unmappable,156,73,Encounter for allergy testing
medication,RXNORM,1427051,1427051,RXN_1427051,oov,pediatric_absent,155,100,flu vaccine 2014(6-35mos)/PF
medication,RXNORM,197849,197849,RXN_197849,oov,pediatric_absent,154,17,isradipine
medication,RXNORM,1607792,1607792,RXN_1607792,oov,pediatric_absent,153,1,deferasirox
drg,DRG,MS202,MS202,DRG_MS202,oov,unknown_unmappable,153,108,BRONCHITIS & ASTHMA W CC/MCC
medication,RXNORM,1657361,1657361,RXN_1657361,oov,pediatric_absent,152,70,palivizumab
medication,RXNORM,310963,310963,RXN_310963,oov,pediatric_absent,152,37,ibuprofen
diagnosis,ICD10,Z13.0,Z130,ICD10_Z130,oov,unknown_unmappable,150,61,Encounter for screening for diseases of the blood and blood-forming organs and certain disorders involving the immune mechanism
medication,RXNORM,1549386,1549386,RXN_1549386,oov,pediatric_absent,150,16,phenylephrine HCl
medication,RXNORM,1812011,1812011,RXN_1812011,oov,pediatric_absent,150,15,nifedipine
medication,RXNORM,1543766,1543766,RXN_1543766,oov,pediatric_absent,149,115,flu vacc qv live 2014(2-49yrs)
medication,RXNORM,1433251,1433251,RXN_1433251,oov,pediatric_absent,149,93,hydromorphone HCl
medication,RXNORM,1013930,1013930,RXN_1013930,oov,pediatric_absent,148,21,clonidine HCl
medication,RXNORM,1594589,1594589,RXN_1594589,oov,pediatric_absent,148,83,succinylcholine chloride
medication,RXNORM,854850,854850,RXN_854850,oov,pediatric_absent,148,19,lisdexamfetamine dimesylate
medication,RXNORM,311248,311248,RXN_311248,oov,pediatric_absent,148,5,lactase
medication,RXNORM,351246,351246,RXN_351246,oov,pediatric_absent,148,42,montelukast sodium
diagnosis,ICD9,V60.81,V6081,ICD9_V6081,oov,code_version_mismatch,147,31,Child in foster care
medication,RXNORM,835886,835886,RXN_835886,oov,pediatric_absent,147,3,"cyclosporine, modified"
diagnosis,ICD10,P05.9,P059,PHE_637,oov,pediatric_absent,146,20,Newborn affected by symmetric IUGR
medication,RXNORM,252478,252478,RXN_252478,oov,pediatric_absent,146,6,lamotrigine
medication,RXNORM,311041,311041,RXN_311041,oov,pediatric_absent,146,10,"insulin glargine,hum.rec.anlog"
diagnosis,ICD10,Q82.6,Q826,ICD10_Q826,oov,unknown_unmappable,146,31,Sacral dimple in newborn
medication,RXNORM,862025,862025,RXN_862025,oov,pediatric_absent,146,19,guanfacine HCl
medication,RXNORM,1928330,1928330,RXN_1928330,oov,pediatric_absent,146,83,flu vacc qs 2017 (6-35mos)/PF
diagnosis,ICD10,H65.33,H6533,ICD10_H6533,oov,unknown_unmappable,145,57,"Chronic mucoid otitis media, bilateral"
medication,RXNORM,1356574,1356574,RXN_1356574,oov,pediatric_absent,144,3,perampanel
drg,DRG,OMAPR141,OMAPR141,DRG_OMAPR141,oov,unknown_unmappable,144,75,ASTHMA
procedure,HCPCS,15816,15816,HCPCS_15816,oov,unknown_unmappable,143,143,CIRCUMCISION - NEWBORN
diagnosis,ICD10,Z73.810,Z73810,ICD10_Z73810,oov,unknown_unmappable,142,36,"Behavioral insomnia of childhood, sleep-onset association type"
diagnosis,ICD9,769,769,ICD9_769,oov,code_version_mismatch,141,67,Respiratory distress syndrome in newborn
medication,RXNORM,896231,896231,RXN_896231,oov,pediatric_absent,141,16,fluticasone propion/salmeterol
medication,RXNORM,896161,896161,RXN_896161,oov,pediatric_absent,140,1,fluticasone propion/salmeterol
medication,RXNORM,349593,349593,RXN_349593,oov,pediatric_absent,140,21,atomoxetine HCl
medication,RXNORM,198014,198014,RXN_198014,oov,pediatric_absent,139,63,naproxen
medication,RXNORM,239238,239238,RXN_239238,oov,pediatric_absent,139,80,"griseofulvin, microsize"
medication,RXNORM,1049563,1049563,RXN_1049563,oov,pediatric_absent,138,1,oxycodone HCl
medication,RXNORM,8091,8091,RXN_8091,oov,pediatric_absent,138,43,"petrolatum,white"
drg,DRG,OMAPR138,OMAPR138,DRG_OMAPR138,oov,unknown_unmappable,138,101,BRONCHIOLITIS & RSV PNEUMONIA
diagnosis,ICD10,P07.17,P0717,ICD10_P0717,oov,unknown_unmappable,136,11,"Prematurity, 1,750-1,999 grams, 33-34 completed weeks"
diagnosis,ICD9,765.13,76513,ICD9_76513,oov,code_version_mismatch,135,13,"Other preterm infants, 750-999 grams(765.13)"
medication,RXNORM,861227,861227,RXN_861227,oov,pediatric_absent,135,21,dextroamphetamine/amphetamine
diagnosis,ICD9,765.26,76526,ICD9_76526,oov,code_version_mismatch,134,31,31-32 completed weeks of gestation(765.26)
medication,RXNORM,104232,104232,RXN_104232,oov,pediatric_absent,133,5,spironolactone
medication,RXNORM,1247406,1247406,RXN_1247406,oov,pediatric_absent,132,31,omeprazole
diagnosis,ICD10,L20.82,L2082,ICD10_L2082,oov,unknown_unmappable,131,32,Flexural eczema
diagnosis,ICD9,V72.19,V7219,ICD9_V7219,oov,code_version_mismatch,131,107,Other examination of ears and hearing
diagnosis,ICD9,765.27,76527,ICD9_76527,oov,code_version_mismatch,131,30,33-34 completed weeks of gestation(765.27)
diagnosis,ICD10,Z01.89,Z0189,ICD10_Z0189,oov,unknown_unmappable,131,56,Encounter for other specified special examinations
medication,RXNORM,1863560,1863560,RXN_1863560,oov,pediatric_absent,130,11,nusinersen sodium/PF
medication,RXNORM,313189,313189,RXN_313189,oov,pediatric_absent,130,43,tacrolimus
diagnosis,ICD9,760.70,76070,ICD9_76070,oov,code_version_mismatch,130,21,Intrauterine drug exposure
diagnosis,ICD10,M24.573,M24573,ICD10_M24573,oov,unknown_unmappable,130,12,"Joint contracture-ankle/foot, unspecified laterality"
medication,RXNORM,9853,9853,RXN_9853,oov,pediatric_absent,129,91,sodium chloride/aloe vera
medication,RXNORM,1356570,1356570,RXN_1356570,oov,pediatric_absent,129,3,perampanel
medication,RXNORM,57789,57789,RXN_57789,oov,pediatric_absent,128,72,fluorescein sodium
medication,RXNORM,899557,899557,RXN_899557,oov,pediatric_absent,127,16,dexmethylphenidate HCl
diagnosis,ICD10,L20.83,L2083,ICD10_L2083,oov,unknown_unmappable,127,40,Infantile eczema
medication,RXNORM,1657341,1657341,RXN_1657341,oov,pediatric_absent,127,59,palivizumab
diagnosis,ICD9,V72.60,V7260,ICD9_V7260,oov,code_version_mismatch,126,44,"Laboratory examination, unspecified"
medication,RXNORM,313571,313571,RXN_313571,oov,pediatric_absent,126,4,vancomycin HCl
medication,RXNORM,308696,308696,RXN_308696,oov,pediatric_absent,126,45,benzoyl peroxide
drg,DRG,OMAPR139,OMAPR139,DRG_OMAPR139,oov,unknown_unmappable,126,89,OTHER PNEUMONIA
drg,DRG,MS641,MS641,DRG_MS641,oov,unknown_unmappable,124,99,"MISC DISORDERS OF NUTRITION, METABOLISM, FLUIDS/ELECTROLYTES W/O MCC"
diagnosis,ICD9,765.25,76525,ICD9_76525,oov,code_version_mismatch,123,16,29-30 completed weeks of gestation(765.25)
procedure,HCPCS,47968,47968,HCPCS_47968,oov,unknown_unmappable,123,123,HX DENTAL SURGERY
medication,RXNORM,899461,899461,RXN_899461,oov,pediatric_absent,121,10,dexmethylphenidate HCl
medication,RXNORM,899495,899495,RXN_899495,oov,pediatric_absent,121,7,dexmethylphenidate HCl
diagnosis,ICD9,V58.74,V5874,ICD9_V5874,oov,code_version_mismatch,120,62,"Aftercare following surgery of the respiratory system, NEC"
diagnosis,ICD10,P07.35,P0735,ICD10_P0735,oov,unknown_unmappable,119,15,"Preterm newborn, gestational age 32 completed weeks"
medication,RXNORM,991082,991082,RXN_991082,oov,pediatric_absent,119,5,dicyclomine HCl
medication,RXNORM,237735,237735,RXN_237735,oov,pediatric_absent,119,6,vitamin E acetate
medication,RXNORM,899485,899485,RXN_899485,oov,pediatric_absent,119,7,dexmethylphenidate HCl
diagnosis,ICD9,765.18,76518,ICD9_76518,oov,code_version_mismatch,119,29,"Other preterm infants, 2,000-2,499 grams(765.18)"
diagnosis,ICD9,765.03,76503,ICD9_76503,oov,code_version_mismatch,119,18,"Extreme fetal immaturity, 750-999 grams"
medication,RXNORM,899511,899511,RXN_899511,oov,pediatric_absent,118,28,dexmethylphenidate HCl
diagnosis,ICD10,H52.223,H52223,ICD10_H52223,oov,unknown_unmappable,118,46,"Regular astigmatism, bilateral"
medication,RXNORM,849493,849493,RXN_849493,oov,pediatric_absent,118,8,liposomal ubiquinol
medication,RXNORM,486166,486166,RXN_486166,oov,pediatric_absent,116,53,"hyaluronidase,ovine"
diagnosis,ICD10,Q55.22,Q5522,ICD10_Q5522,oov,unknown_unmappable,116,38,Retractile testis
diagnosis,ICD10,R56.01,R5601,ICD10_R5601,oov,unknown_unmappable,115,21,"Febrile seizure, complex"
diagnosis,ICD10,Z32.02,Z3202,ICD10_Z3202,oov,unknown_unmappable,115,61,"Encounter for pregnancy test, result negative"
diagnosis,ICD10,H52.31,H5231,ICD10_H5231,oov,unknown_unmappable,115,25,Anisometropia
medication,RXNORM,1670366,1670366,RXN_1670366,oov,pediatric_absent,114,96,bupivacaine HCl/epinephrine/PF
medication,RXNORM,349253,349253,RXN_349253,oov,pediatric_absent,113,7,bosentan
medication,RXNORM,1091133,1091133,RXN_1091133,oov,pediatric_absent,113,5,methylphenidate HCl
medication,RXNORM,763488,763488,RXN_763488,oov,pediatric_absent,113,13,somatropin
drg,DRG,OMAPR113,OMAPR113,DRG_OMAPR113,oov,unknown_unmappable,113,89,INFECTIONS OF UPPER RESPIRATORY TRACT
medication,RXNORM,245220,245220,RXN_245220,oov,pediatric_absent,112,20,dextrose 10 % and 0.2 % NaCl
medication,RXNORM,259121,259121,RXN_259121,oov,pediatric_absent,112,6,ubidecarenone
medication,RXNORM,855332,855332,RXN_855332,oov,pediatric_absent,112,8,warfarin sodium
medication,RXNORM,1809097,1809097,RXN_1809097,oov,pediatric_absent,111,33,sufentanil citrate
drg,DRG,OMAPR143,OMAPR143,DRG_OMAPR143,oov,unknown_unmappable,111,101,"OTHER RESPIRATORY DIAGNOSES EXCEPT SIGNS, SYMPTOMS & MINOR DIAGNOSES"
diagnosis,ICD10,G47.51,G4751,ICD10_G4751,oov,unknown_unmappable,110,62,Confusional arousals
drg,DRG,MS133,MS133,DRG_MS133,oov,unknown_unmappable,109,102,"OTHER EAR, NOSE, MOUTH & THROAT O.R. PROCEDURES W CC/MCC"
medication,RXNORM,1190184,1190184,RXN_1190184,oov,pediatric_absent,109,15,docusate sodium
drg,DRG,MS392,MS392,DRG_MS392,oov,unknown_unmappable,109,87,"ESOPHAGITIS, GASTROENT & MISC DIGEST DISORDERS W/O MCC"
medication,RXNORM,6574,6574,RXN_6574,oov,pediatric_absent,108,17,magnesium sulfate
diagnosis,ICD10,Z01.110,Z01110,ICD10_Z01110,oov,unknown_unmappable,106,48,Encounter for hearing examination following failed hearing screening
medication,RXNORM,1374842,1374842,RXN_1374842,oov,pediatric_absent,105,15,neomycin sulfate
medication,RXNORM,884189,884189,RXN_884189,oov,pediatric_absent,105,16,clonidine HCl
medication,RXNORM,403967,403967,RXN_403967,oov,pediatric_absent,105,9,zonisamide
medication,RXNORM,1657209,1657209,RXN_1657209,oov,pediatric_absent,105,4,omalizumab
diagnosis,ICD9,V13.7,V137,ICD9_V137,oov,code_version_mismatch,104,47,Personal history of perinatal problems
diagnosis,ICD10,N47.5,N475,ICD10_N475,oov,unknown_unmappable,104,41,Adhesions of prepuce and glans penis
medication,RXNORM,861064,861064,RXN_861064,oov,pediatric_absent,104,26,sertraline HCl
medication,RXNORM,855288,855288,RXN_855288,oov,pediatric_absent,104,11,warfarin sodium
medication,RXNORM,1806884,1806884,RXN_1806884,oov,pediatric_absent,103,5,lisinopril
diagnosis,ICD10,Z48.298,Z48298,ICD10_Z48298,oov,unknown_unmappable,103,7,Encounter for aftercare following other organ transplant
medication,RXNORM,1111339,1111339,RXN_1111339,oov,pediatric_absent,103,51,olopatadine HCl
diagnosis,ICD9,V72.11,V7211,ICD9_V7211,oov,code_version_mismatch,103,60,"Ear and Hearing Examination, failed screen"
medication,RXNORM,349198,349198,RXN_349198,oov,pediatric_absent,103,6,clonazepam
medication,RXNORM,806392,806392,RXN_806392,oov,pediatric_absent,102,62,balanced salt irrig soln no.2
medication,RXNORM,731567,731567,RXN_731567,oov,pediatric_absent,102,49,penicillin G benzathine
medication,RXNORM,314157,314157,RXN_314157,oov,pediatric_absent,102,20,oseltamivir phosphate
diagnosis,ICD10,P07.26,P0726,ICD10_P0726,oov,unknown_unmappable,101,13,"Extreme immaturity of newborn, gestational age 27 completed weeks"
medication,RXNORM,282561,282561,RXN_282561,oov,pediatric_absent,101,2,methoxsalen
diagnosis,ICD10,S89.319A,S89319A,ICD10_S89319A,oov,unknown_unmappable,101,5,Closed Salter-Harris type I fracture of distal end of fibula
medication,RXNORM,1998773,1998773,RXN_1998773,oov,pediatric_absent,101,17,beclomethasone dipropionate
medication,RXNORM,731564,731564,RXN_731564,oov,pediatric_absent,100,56,penicillin G benzathine
diagnosis,ICD10,M93.272,M93272,ICD10_M93272,oov,unknown_unmappable,100,2,"Osteochondritis dissecans, left ankle and joints of left foot"
medication,RXNORM,801663,801663,RXN_801663,oov,pediatric_absent,100,39,cholecalciferol (vitamin D3)
procedure,HCPCS,47640,47640,HCPCS_47640,oov,unknown_unmappable,100,100,HX TYMPANOSTOMY TUBE PLACEMENT
drg,DRG,OMAPR662,OMAPR662,DRG_OMAPR662,oov,unknown_unmappable,100,17,SICKLE CELL ANEMIA CRISIS
diagnosis,ICD9,V50.2,V502,ICD9_V502,oov,code_version_mismatch,99,75,Routine circumcision
medication,RXNORM,1356557,1356557,RXN_1356557,oov,pediatric_absent,99,6,perampanel
medication,RXNORM,1718906,1718906,RXN_1718906,oov,pediatric_absent,99,41,dexmedetomidine in 0.9 % NaCl
drg,DRG,MS203,MS203,DRG_MS203,oov,unknown_unmappable,99,75,BRONCHITIS & ASTHMA W/O CC/MCC
medication,RXNORM,900164,900164,RXN_900164,oov,pediatric_absent,98,2,lamotrigine
drg,DRG,MS887,MS887,DRG_MS887,oov,unknown_unmappable,98,97,OTHER MENTAL DISORDER DIAGNOSES
diagnosis,ICD10,T74.22XA,T7422XA,ICD10_T7422XA,oov,unknown_unmappable,98,34,"Child sexual abuse, initial encounter"
medication,RXNORM,200133,200133,RXN_200133,oov,pediatric_absent,97,3,carbamazepine
medication,RXNORM,896218,896218,RXN_896218,oov,pediatric_absent,97,2,fluticasone propion/salmeterol
diagnosis,ICD10,P05.10,P0510,ICD10_P0510,oov,unknown_unmappable,97,22,SGA (small for gestational age)
diagnosis,ICD10,M24.569,M24569,ICD10_M24569,oov,unknown_unmappable,97,5,"Flexion contracture of joint of lower leg, unspecified laterality"
diagnosis,ICD10,P96.89,P9689,ICD10_P9689,oov,unknown_unmappable,97,34,Other specified conditions originating in the perinatal period
medication,RXNORM,485032,485032,RXN_485032,oov,pediatric_absent,96,3,tiotropium bromide
medication,RXNORM,1806191,1806191,RXN_1806191,oov,pediatric_absent,96,16,methylphenidate HCl
diagnosis,ICD10,P52.0,P520,ICD10_P520,oov,unknown_unmappable,95,27,"Intraventricular (nontraumatic) hemorrhage, grade 1, of newborn"
medication,RXNORM,465355,465355,RXN_465355,oov,pediatric_absent,94,4,voriconazole
diagnosis,ICD9,779.5,7795,ICD9_7795,oov,code_version_mismatch,94,16,Neonatal abstinence syndrome
drg,DRG,OMAPR137,OMAPR137,DRG_OMAPR137,oov,unknown_unmappable,94,52,MAJOR RESPIRATORY INFECTIONS & INFLAMMATIONS
diagnosis,ICD10,Z01.118,Z01118,ICD10_Z01118,oov,unknown_unmappable,94,44,Abnormal hearing test
diagnosis,ICD10,P07.32,P0732,ICD10_P0732,oov,unknown_unmappable,94,13,"Preterm newborn, gestational age 29 completed weeks"
medication,RXNORM,727711,727711,RXN_727711,oov,pediatric_absent,92,3,anakinra
diagnosis,ICD10,P07.16,P0716,ICD10_P0716,oov,unknown_unmappable,92,15,"Preterm infant, 1,500-1,749 grams"
medication,RXNORM,313532,313532,RXN_313532,oov,pediatric_absent,92,58,"tuberculin,purif.prot.deriv."
medication,RXNORM,309054,309054,RXN_309054,oov,pediatric_absent,91,65,cefdinir
medication,RXNORM,995253,995253,RXN_995253,oov,pediatric_absent,90,32,hydroxyzine pamoate
medication,RXNORM,854846,854846,RXN_854846,oov,pediatric_absent,90,7,lisdexamfetamine dimesylate
diagnosis,ICD9,V04.0,V040,ICD9_V040,oov,code_version_mismatch,90,62,Need for prophylactic vaccination and inoculation against poliomyelitis
diagnosis,ICD10,H35.013,H35013,ICD10_H35013,oov,unknown_unmappable,90,20,"Changes in retinal vascular appearance, bilateral"
medication,RXNORM,314230,314230,RXN_314230,oov,pediatric_absent,90,1,sirolimus
diagnosis,ICD9,V72.63,V7263,ICD9_V7263,oov,code_version_mismatch,89,39,Pre-procedural laboratory examination
medication,RXNORM,856660,856660,RXN_856660,oov,pediatric_absent,89,1,dantrolene sodium
medication,RXNORM,762830,762830,RXN_762830,oov,pediatric_absent,89,12,somatropin
medication,RXNORM,577961,577961,RXN_577961,oov,pediatric_absent,89,8,dextroamphetamine/amphetamine
diagnosis,ICD9,765.16,76516,ICD9_76516,oov,code_version_mismatch,89,15,"Other preterm infants, 1,500-1,749 grams(765.16)"
drg,DRG,MS100,MS100,DRG_MS100,oov,unknown_unmappable,89,48,SEIZURES W MCC
medication,RXNORM,239998,239998,RXN_239998,oov,pediatric_absent,88,4,epoetin alfa
diagnosis,ICD10,G47.11,G4711,ICD10_G4711,oov,unknown_unmappable,88,13,Idiopathic hypersomnia
diagnosis,ICD10,M41.47,M4147,ICD10_M4147,oov,unknown_unmappable,88,7,Neuromuscular scoliosis of lumbosacral region
diagnosis,ICD10,T17.308A,T17308A,ICD10_T17308A,oov,unknown_unmappable,87,26,"Choking, initial encounter"
procedure,HCPCS,53858,53858,HCPCS_53858,oov,unknown_unmappable,87,87,EGD/BIOPSY 43239
diagnosis,ICD10,E76.02,E7602,ICD10_E7602,oov,unknown_unmappable,86,2,Hurler-Scheie syndrome
diagnosis,ICD10,Q55.62,Q5562,ICD10_Q5562,oov,unknown_unmappable,86,14,Micropenis
procedure,HCPCS,94618,94618,HCPCS_94618,oov,unknown_unmappable,86,25,PULMON STRESS TEST W/OXIMETRY
diagnosis,ICD10,M41.125,M41125,ICD10_M41125,oov,unknown_unmappable,86,14,Adolescent idiopathic scoliosis of thoracolumbar region
diagnosis,ICD10,Z73.812,Z73812,ICD10_Z73812,oov,unknown_unmappable,86,13,"Behavioral insomnia of childhood, combined type"
medication,RXNORM,2123194,2123194,RXN_2123194,oov,pediatric_absent,85,3,tadalafil
medication,RXNORM,1014674,1014674,RXN_1014674,oov,pediatric_absent,85,37,cetirizine HCl
diagnosis,ICD10,M25.20,M2520,ICD10_M2520,oov,unknown_unmappable,85,13,Joint laxity
diagnosis,ICD10,H65.193,H65193,ICD10_H65193,oov,unknown_unmappable,85,34,"Other acute nonsuppurative otitis media, bilateral"
medication,RXNORM,1101775,1101775,RXN_1101775,oov,pediatric_absent,85,7,"potassium phosphate,monobasic"
medication,RXNORM,904419,904419,RXN_904419,oov,pediatric_absent,84,4,alendronate sodium
diagnosis,ICD10,H35.123,H35123,ICD10_H35123,oov,unknown_unmappable,84,18,"ROP (retinopathy of prematurity), stage 1, bilateral"
medication,RXNORM,200251,200251,RXN_200251,oov,pediatric_absent,84,6,"sod phos di, mono/K phos mono"
diagnosis,ICD10,Z45.328,Z45328,ICD10_Z45328,oov,unknown_unmappable,84,44,Encounter for adjustment and management of other implanted hearing device
medication,RXNORM,2123045,2123045,RXN_2123045,oov,pediatric_absent,84,8,menthol/zinc oxide
diagnosis,ICD9,799.82,79982,ICD9_79982,oov,code_version_mismatch,83,22,ALTE (apparent life threatening event)
diagnosis,ICD10,H35.109,H35109,ICD10_H35109,oov,unknown_unmappable,83,31,"Retinopathy of prematurity, unspecified, unspecified eye"
medication,RXNORM,1494667,1494667,RXN_1494667,oov,pediatric_absent,83,4,Lactobacillus rhamnosus GG
medication,RXNORM,312563,312563,RXN_312563,oov,pediatric_absent,83,22,povidone-iodine
diagnosis,ICD9,776.6,7766,PHE_656.5,oov,pediatric_absent,83,31,Anemia of neonatal prematurity
medication,RXNORM,762834,762834,RXN_762834,oov,pediatric_absent,82,14,somatropin
diagnosis,ICD9,767.6,7676,ICD9_7676,oov,code_version_mismatch,82,3,Brachial plexus injury as birth trauma
diagnosis,ICD9,V29.0,V290,ICD9_V290,oov,code_version_mismatch,81,41,Observation and evaluation of newborn for sepsis
medication,RXNORM,1363050,1363050,RXN_1363050,oov,pediatric_absent,80,6,maltodextrin
medication,RXNORM,749784,749784,RXN_749784,oov,pediatric_absent,80,11,norgestimate-ethinyl estradiol
medication,RXNORM,997491,997491,RXN_997491,oov,pediatric_absent,80,26,fexofenadine HCl
medication,RXNORM,880340,880340,RXN_880340,oov,pediatric_absent,80,22,cholecalciferol (vitamin D3)
medication,RXNORM,1087026,1087026,RXN_1087026,oov,pediatric_absent,80,20,diphenhydramine HCl/zinc acet
medication,RXNORM,1539251,1539251,RXN_1539251,oov,pediatric_absent,80,1,umeclidinium bromide
diagnosis,ICD9,V81.6,V816,ICD9_V816,oov,code_version_mismatch,79,29,Screening for other and unspecified genitourinary condition
diagnosis,ICD10,G31.82,G3182,ICD10_G3182,oov,unknown_unmappable,79,4,Leigh's disease
medication,RXNORM,805375,805375,RXN_805375,oov,pediatric_absent,79,35,"dipht,pert(a),tet-polio/Hib/PF"
medication,RXNORM,351285,351285,RXN_351285,oov,pediatric_absent,79,11,escitalopram oxalate
medication,RXNORM,310991,310991,RXN_310991,oov,pediatric_absent,79,6,indomethacin
drg,DRG,MS194,MS194,DRG_MS194,oov,unknown_unmappable,79,60,SIMPLE PNEUMONIA & PLEURISY W CC
medication,RXNORM,1294481,1294481,RXN_1294481,oov,pediatric_absent,78,1,lipase/protease/amylase
diagnosis,ICD9,771.7,7717,PHE_657,oov,pediatric_absent,78,48,Neonatal Candida infection
medication,RXNORM,403799,403799,RXN_403799,oov,pediatric_absent,78,3,oxybutynin
diagnosis,ICD10,H50.34,H5034,ICD10_H5034,oov,unknown_unmappable,78,30,Intermittent alternating exotropia
diagnosis,ICD10,H69.93,H6993,ICD10_H6993,oov,unknown_unmappable,77,57,"Unspecified eustachian tube disorder, bilateral"
medication,RXNORM,598025,598025,RXN_598025,oov,pediatric_absent,77,43,amoxicillin
medication,RXNORM,1601402,1601402,RXN_1601402,oov,pediatric_absent,77,51,"meningococcal B vaccine,4-comp"
diagnosis,ICD10,E78.72,E7872,ICD10_E7872,oov,unknown_unmappable,77,1,Smith-Lemli-Opitz syndrome
diagnosis,ICD10,E30.0,E300,PHE_259.3,oov,pediatric_absent,77,14,Delayed puberty
medication,RXNORM,854842,854842,RXN_854842,oov,pediatric_absent,76,5,lisdexamfetamine dimesylate
medication,RXNORM,1741407,1741407,RXN_1741407,oov,pediatric_absent,76,1,"antihemo.FVIII,full length peg"
medication,RXNORM,762837,762837,RXN_762837,oov,pediatric_absent,76,12,somatropin
diagnosis,ICD9,764.90,76490,ICD9_76490,oov,code_version_mismatch,76,15,IUGR (intrauterine growth restriction)
medication,RXNORM,835840,835840,RXN_835840,oov,pediatric_absent,76,15,testosterone cypionate
diagnosis,ICD9,770.81,77081,PHE_656.26,oov,pediatric_absent,76,52,Primary apnea of newborn
diagnosis,ICD10,H50.05,H5005,ICD10_H5005,oov,unknown_unmappable,76,25,Alternating esotropia
drg,DRG,MS812,MS812,DRG_MS812,oov,unknown_unmappable,76,21,RED BLOOD CELL DISORDERS W/O MCC
diagnosis,ICD10,S73.005D,S73005D,ICD10_S73005D,oov,unknown_unmappable,75,14,"Hip dislocation, bilateral, subsequent encounter"
medication,RXNORM,311040,311040,RXN_311040,oov,pediatric_absent,75,5,insulin aspart
medication,RXNORM,24947,24947,RXN_24947,oov,pediatric_absent,74,37,pedi multivit no.46/iron sulf
diagnosis,ICD10,Z13.828,Z13828,ICD10_Z13828,oov,unknown_unmappable,74,32,Scoliosis concern
medication,RXNORM,1304296,1304296,RXN_1304296,oov,pediatric_absent,74,55,flu vaccine 2012(6-35mos)/PF
diagnosis,ICD10,H66.004,H66004,ICD10_H66004,oov,unknown_unmappable,74,33,Recurrent acute suppurative otitis media of right ear without spontaneous rupture of tympanic membrane
medication,RXNORM,1049214,1049214,RXN_1049214,oov,pediatric_absent,73,2,oxycodone HCl/acetaminophen
diagnosis,ICD10,Q72.42,Q7242,ICD10_Q7242,oov,unknown_unmappable,73,1,Longitudinal reduction defect of left femur
medication,RXNORM,198740,198740,RXN_198740,oov,pediatric_absent,73,7,magnesium oxide
drg,DRG,OMAPR132,OMAPR132,DRG_OMAPR132,oov,unknown_unmappable,73,35,BPD & OTH CHRONIC RESPIRATORY DISEASES ARISING IN PERINATAL PERIOD
drg,DRG,OMAPR249,OMAPR249,DRG_OMAPR249,oov,unknown_unmappable,73,56,"OTHER GASTROENTERITIS, NAUSEA & VOMITING"
medication,RXNORM,998740,998740,RXN_998740,oov,pediatric_absent,72,8,sennosides/docusate sodium
diagnosis,ICD10,R94.118,R94118,ICD10_R94118,oov,unknown_unmappable,72,59,Abnormal results of other function studies of eye
medication,RXNORM,8606,8606,RXN_8606,oov,pediatric_absent,72,4,pot sorbate/vit E/aloe v/urea
medication,RXNORM,1593856,1593856,RXN_1593856,oov,pediatric_absent,72,16,lisdexamfetamine dimesylate
medication,RXNORM,749786,749786,RXN_749786,oov,pediatric_absent,72,12,norgestrel-ethinyl estradiol
drg,DRG,MS153,MS153,DRG_MS153,oov,unknown_unmappable,72,59,OTITIS MEDIA & URI W/O MCC
diagnosis,ICD10,H90.A11,H90A11,ICD10_H90A11,oov,unknown_unmappable,71,11,"Conductive hearing loss, unilateral, right ear with restricted hearing on the contralateral side"
medication,RXNORM,1664475,1664475,RXN_1664475,oov,pediatric_absent,71,59,flu vacc qv live 2015(2-49yrs)
diagnosis,ICD10,H90.A12,H90A12,ICD10_H90A12,oov,unknown_unmappable,71,10,"Conductive hearing loss, unilateral, left ear with restricted hearing on the contralateral side"
diagnosis,ICD10,H66.005,H66005,ICD10_H66005,oov,unknown_unmappable,70,25,Recurrent acute suppurative otitis media without spontaneous rupture of left tympanic membrane
medication,RXNORM,197579,197579,RXN_197579,oov,pediatric_absent,70,18,dexamethasone
diagnosis,ICD9,775.0,7750,PHE_656.3,oov,pediatric_absent,70,22,"Syndrome of ""infant of diabetic mother"""
diagnosis,ICD10,S83.512D,S83512D,ICD10_S83512D,oov,unknown_unmappable,70,3,"Rupture of anterior cruciate ligament of left knee, subsequent encounter"
medication,RXNORM,198911,198911,RXN_198911,oov,pediatric_absent,70,13,zinc oxide
medication,RXNORM,763103,763103,RXN_763103,oov,pediatric_absent,70,57,"poliomyelitis vaccine, killed"
diagnosis,ICD10,S73.002D,S73002D,ICD10_S73002D,oov,unknown_unmappable,70,21,"Unspecified subluxation of left hip, subsequent encounter"
drg,DRG,MS155,MS155,DRG_MS155,oov,unknown_unmappable,70,67,"OTHER EAR, NOSE, MOUTH & THROAT DIAGNOSES W CC"
medication,RXNORM,1049670,1049670,RXN_1049670,oov,pediatric_absent,70,1,pseudoephedrine HCl
medication,RXNORM,200131,200131,RXN_200131,oov,pediatric_absent,69,2,carbamazepine
medication,RXNORM,1797890,1797890,RXN_1797890,oov,pediatric_absent,69,44,fluticasone furoate
medication,RXNORM,1791403,1791403,RXN_1791403,oov,pediatric_absent,69,27,mannitol
diagnosis,ICD9,772.11,77211,PHE_656.4,oov,pediatric_absent,69,14,"Intraventricular hemorrhage, grade I"
diagnosis,ICD10,P07.38,P0738,ICD10_P0738,oov,unknown_unmappable,69,14,"Preterm newborn, gestational age 35 completed weeks"
medication,RXNORM,197861,197861,RXN_197861,oov,pediatric_absent,69,4,leucovorin calcium
procedure,HCPCS,46063,46063,HCPCS_46063,oov,unknown_unmappable,69,69,HX CLEFT PALATE REPAIR
diagnosis,ICD10,P52.22,P5222,ICD10_P5222,oov,unknown_unmappable,69,8,"Intraventricular hemorrhage of newborn, grade IV"
medication,RXNORM,750242,750242,RXN_750242,oov,pediatric_absent,69,5,norgestrel-ethinyl estradiol
diagnosis,ICD10,T17.998D,T17998D,ICD10_T17998D,oov,unknown_unmappable,68,13,"Aspiration of liquid, subsequent encounter"
diagnosis,ICD9,765.17,76517,ICD9_76517,oov,code_version_mismatch,68,8,"Other preterm infants, 1,750-1,999 grams(765.17)"
medication,RXNORM,615099,615099,RXN_615099,oov,pediatric_absent,68,8,potassium chloride/D5-0.45NaCl
diagnosis,ICD10,P59.0,P590,PHE_656.8,oov,pediatric_absent,68,66,Neonatal jaundice associated with preterm delivery
diagnosis,ICD10,P07.24,P0724,ICD10_P0724,oov,unknown_unmappable,68,15,"Extreme immaturity of newborn, gestational age 25 completed weeks"
diagnosis,ICD10,S06.9X6S,S069X6S,ICD10_S069X6S,oov,unknown_unmappable,68,1,"Traumatic brain injury, with loss of consciousness greater than 24 hours without return to pre-existing conscious level with patient surviving, sequela"
diagnosis,ICD10,P29.30,P2930,ICD10_P2930,oov,unknown_unmappable,68,26,Pulmonary hypertension of newborn
diagnosis,ICD10,T74.92XA,T7492XA,ICD10_T7492XA,oov,unknown_unmappable,68,4,Non-accidental traumatic injury to child
medication,RXNORM,307731,307731,RXN_307731,oov,pediatric_absent,67,36,adapalene
medication,RXNORM,1049502,1049502,RXN_1049502,oov,pediatric_absent,67,3,oxycodone HCl
diagnosis,ICD10,E30.8,E308,PHE_259.4,oov,pediatric_absent,67,12,Premature thelarche
medication,RXNORM,402014,402014,RXN_402014,oov,pediatric_absent,66,22,omeprazole magnesium
diagnosis,ICD9,V72.62,V7262,ICD9_V7262,oov,code_version_mismatch,66,33,Laboratory examination ordered as part of a routine general medical examination
medication,RXNORM,1801294,1801294,RXN_1801294,oov,pediatric_absent,66,23,potassium chloride
medication,RXNORM,1809444,1809444,RXN_1809444,oov,pediatric_absent,66,2,immune globul G/gly/IgA avg 46
medication,RXNORM,237420,237420,RXN_237420,oov,pediatric_absent,66,5,calcium carbonate
medication,RXNORM,314209,314209,RXN_314209,oov,pediatric_absent,66,27,rizatriptan benzoate
diagnosis,ICD10,J84.841,J84841,ICD10_J84841,oov,unknown_unmappable,66,3,Neuroendocrine cell hyperplasia of infancy
diagnosis,ICD10,T76.92XA,T7692XA,ICD10_T7692XA,oov,unknown_unmappable,65,27,Suspected child abuse
diagnosis,ICD10,H47.039,H47039,ICD10_H47039,oov,unknown_unmappable,65,8,"Optic nerve hypoplasia, unspecified eye"
diagnosis,ICD10,P07.37,P0737,ICD10_P0737,oov,unknown_unmappable,65,16,"Preterm newborn, gestational age 34 completed weeks"
drg,DRG,OMAPR421,OMAPR421,DRG_OMAPR421,oov,unknown_unmappable,65,51,"MALNUTRITION, FAILURE TO THRIVE & OTHER NUTRITIONAL DISORDERS"
diagnosis,ICD10,P92.8,P928,PHE_656.3,oov,pediatric_absent,64,49,Other feeding problems of newborn
diagnosis,ICD10,S73.004D,S73004D,ICD10_S73004D,oov,unknown_unmappable,64,13,"Hip dislocation, bilateral, subsequent encounter"
diagnosis,ICD10,P07.34,P0734,ICD10_P0734,oov,unknown_unmappable,64,15,"Preterm newborn, gestational age 31 completed weeks"
medication,RXNORM,1797859,1797859,RXN_1797859,oov,pediatric_absent,64,10,desmopressin acetate
medication,RXNORM,1806197,1806197,RXN_1806197,oov,pediatric_absent,64,3,methylphenidate HCl
medication,RXNORM,1654038,1654038,RXN_1654038,oov,pediatric_absent,64,18,adenosine
medication,RXNORM,150889,150889,RXN_150889,oov,pediatric_absent,64,3,asparaginase (Erwinia chrysan)
diagnosis,ICD9,774.2,7742,PHE_656.8,oov,pediatric_absent,64,59,Neonatal jaundice associated with preterm delivery
diagnosis,ICD10,S59.912A,S59912A,ICD10_S59912A,oov,unknown_unmappable,64,30,"Forearm injury, left, initial encounter"
medication,RXNORM,9004,9004,RXN_9004,oov,pediatric_absent,64,3,pyridoxal phosphate
diagnosis,ICD9,V78.0,V780,ICD9_V780,oov,code_version_mismatch,64,20,Screening for iron deficiency anemia
medication,RXNORM,1737723,1737723,RXN_1737723,oov,pediatric_absent,64,27,lidocaine HCl/dextrose 5 %/PF
medication,RXNORM,1790245,1790245,RXN_1790245,oov,pediatric_absent,63,16,clevidipine butyrate
medication,RXNORM,199381,199381,RXN_199381,oov,pediatric_absent,63,5,potassium citrate
diagnosis,ICD10,G47.59,G4759,ICD10_G4759,oov,unknown_unmappable,63,18,Other parasomnia
diagnosis,ICD10,P78.83,P7883,ICD10_P7883,oov,unknown_unmappable,63,34,"GE reflux, neonatal"
medication,RXNORM,824301,824301,RXN_824301,oov,pediatric_absent,63,5,rufinamide
drg,DRG,MS193,MS193,DRG_MS193,oov,unknown_unmappable,63,41,SIMPLE PNEUMONIA & PLEURISY W MCC
diagnosis,ICD10,P07.33,P0733,ICD10_P0733,oov,unknown_unmappable,62,7,"Preterm newborn, gestational age 30 completed weeks"
diagnosis,ICD10,P61.2,P612,PHE_656.5,oov,pediatric_absent,62,36,Anemia of prematurity
diagnosis,ICD9,V49.9,V499,ICD9_V499,oov,code_version_mismatch,62,15,Encounter for gastrojejunal (GJ) tube placement
diagnosis,ICD10,H65.01,H6501,ICD10_H6501,oov,unknown_unmappable,62,27,"Right acute serous otitis media, recurrence not specified"
procedure,HCPCS,62293,62293,HCPCS_62293,oov,unknown_unmappable,62,62,TYMPANOSTOMY TUBE INSERTION (ENT)
drg,DRG,OMAPR254,OMAPR254,DRG_OMAPR254,oov,unknown_unmappable,62,50,OTHER DIGESTIVE SYSTEM DIAGNOSES
diagnosis,ICD10,Z47.82,Z4782,ICD10_Z4782,oov,unknown_unmappable,61,17,Encounter for orthopedic aftercare following scoliosis surgery
medication,RXNORM,313072,313072,RXN_313072,oov,pediatric_absent,61,12,sodium polystyrene sulfonate
medication,RXNORM,91189,91189,RXN_91189,oov,pediatric_absent,61,40,lidocaine/racepinep/tetracaine
diagnosis,ICD10,T78.1XXD,T781XXD,ICD10_T781XXD,oov,unknown_unmappable,61,16,"Adverse food reaction, subsequent encounter"
diagnosis,ICD9,V69.5,V695,ICD9_V695,oov,code_version_mismatch,61,18,"Behavioral insomnia of childhood, combined type"
medication,RXNORM,1304182,1304182,RXN_1304182,oov,pediatric_absent,61,53,flu vaccine 2012-13(36mos+)/PF
medication,RXNORM,762873,762873,RXN_762873,oov,pediatric_absent,60,10,somatropin
procedure,HCPCS,76447,76447,HCPCS_76447,oov,unknown_unmappable,60,60,CIRCUMCISION
diagnosis,ICD10,P70.2,P702,PHE_656.3,oov,pediatric_absent,60,1,Neonatal diabetes mellitus
diagnosis,ICD9,775.1,7751,PHE_656.3,oov,pediatric_absent,59,1,Neonatal diabetes mellitus
medication,RXNORM,1666613,1666613,RXN_1666613,oov,pediatric_absent,59,7,baclofen
medication,RXNORM,242754,242754,RXN_242754,oov,pediatric_absent,59,11,levalbuterol HCl
medication,RXNORM,197746,197746,RXN_197746,oov,pediatric_absent,59,7,guanfacine HCl
medication,RXNORM,248656,248656,RXN_248656,oov,pediatric_absent,59,16,azithromycin
medication,RXNORM,309329,309329,RXN_309329,oov,pediatric_absent,59,10,clindamycin HCl
diagnosis,ICD10,Z30.011,Z30011,ICD10_Z30011,oov,unknown_unmappable,59,27,Encounter for initial prescription of contraceptive pills
medication,RXNORM,242946,242946,RXN_242946,oov,pediatric_absent,58,7,nitroglycerin
diagnosis,ICD9,995.53,99553,ICD9_99553,oov,code_version_mismatch,58,19,Child sexual abuse
diagnosis,ICD10,T17.308D,T17308D,ICD10_T17308D,oov,unknown_unmappable,58,21,"Choking, subsequent encounter"
procedure,HCPCS,42508,42508,HCPCS_42508,oov,unknown_unmappable,58,58,HX TRACHEOSTOMY
diagnosis,ICD10,P92.6,P926,ICD10_P926,oov,unknown_unmappable,58,29,Slow weight gain of newborn
diagnosis,ICD9,779.81,77981,PHE_656.9,oov,pediatric_absent,58,46,Neonatal bradycardia
medication,RXNORM,727539,727539,RXN_727539,oov,pediatric_absent,58,6,pegfilgrastim
diagnosis,ICD10,P61.0,P610,PHE_656.5,oov,pediatric_absent,58,42,Transient neonatal thrombocytopenia
diagnosis,ICD10,M93.959,M93959,ICD10_M93959,oov,unknown_unmappable,58,3,Apophysitis of iliac crest
medication,RXNORM,727518,727518,RXN_727518,oov,pediatric_absent,57,30,dextrose 25 % in water
medication,RXNORM,312541,312541,RXN_312541,oov,pediatric_absent,57,2,potassium iodide
medication,RXNORM,1427027,1427027,RXN_1427027,oov,pediatric_absent,57,49,"flu vacc qs2014-15(36mo,up)/PF"
diagnosis,ICD10,Z71.1,Z711,ICD10_Z711,oov,unknown_unmappable,57,29,Person with feared health complaint in whom no diagnosis is made
medication,RXNORM,349595,349595,RXN_349595,oov,pediatric_absent,57,9,atomoxetine HCl
procedure,HCPCS,46305,46305,HCPCS_46305,oov,unknown_unmappable,57,57,HX EYE SURGERY
procedure,HCPCS,45068,45068,HCPCS_45068,oov,unknown_unmappable,57,57,HX NISSEN FUNDOPLICATION
drg,DRG,MS178,MS178,DRG_MS178,oov,unknown_unmappable,57,31,RESPIRATORY INFECTIONS & INFLAMMATIONS W CC
medication,RXNORM,1113007,1113007,RXN_1113007,oov,pediatric_absent,56,1,ezogabine
medication,RXNORM,142034,142034,RXN_142034,oov,pediatric_absent,56,21,benzoyl peroxide
diagnosis,ICD10,P70.4,P704,PHE_656.3,oov,pediatric_absent,56,41,Other neonatal hypoglycemia
medication,RXNORM,596934,596934,RXN_596934,oov,pediatric_absent,56,11,duloxetine HCl
medication,RXNORM,309509,309509,RXN_309509,oov,pediatric_absent,55,7,collagenase Clostridium hist.
diagnosis,ICD10,P07.36,P0736,ICD10_P0736,oov,unknown_unmappable,55,14,"Preterm newborn, gestational age 33 completed weeks"
drg,DRG,MS790,MS790,DRG_MS790,oov,unknown_unmappable,55,55,"EXTREME IMMATURITY OR RESPIRATORY DISTRESS SYNDROME, NEONATE"
medication,RXNORM,992747,992747,RXN_992747,oov,pediatric_absent,54,2,homatropine Hbr
medication,RXNORM,1151,1151,RXN_1151,oov,pediatric_absent,54,8,ascorbic acid
diagnosis,ICD10,Z38.2,Z382,ICD10_Z382,oov,unknown_unmappable,54,16,Newborn
medication,RXNORM,309306,309306,RXN_309306,oov,pediatric_absent,54,5,ciprofloxacin HCl
diagnosis,ICD9,770.82,77082,PHE_656.26,oov,pediatric_absent,54,23,Other apnea of newborn
diagnosis,ICD9,765.19,76519,ICD9_76519,oov,code_version_mismatch,53,21,"Other preterm infants, 2,500 or more grams(765.19)"
medication,RXNORM,1361048,1361048,RXN_1361048,oov,pediatric_absent,53,14,"heparin sodium,porcine"
medication,RXNORM,1442137,1442137,RXN_1442137,oov,pediatric_absent,53,2,macitentan
medication,RXNORM,242590,242590,RXN_242590,oov,pediatric_absent,53,28,ferrous gluconate
medication,RXNORM,251322,251322,RXN_251322,oov,pediatric_absent,53,6,ethosuximide
medication,RXNORM,1040031,1040031,RXN_1040031,oov,pediatric_absent,53,11,lurasidone HCl
medication,RXNORM,1719222,1719222,RXN_1719222,oov,pediatric_absent,52,2,"antihemophil.FVIII,full length"
medication,RXNORM,995281,995281,RXN_995281,oov,pediatric_absent,52,14,hydroxyzine HCl
diagnosis,ICD9,789.7,7897,ICD9_7897,oov,code_version_mismatch,52,18,Colic in infants
diagnosis,ICD10,R78.71,R7871,ICD10_R7871,oov,unknown_unmappable,52,9,Abnormal lead level in blood
medication,RXNORM,849431,849431,RXN_849431,oov,pediatric_absent,52,19,naproxen sodium
diagnosis,ICD10,Q93.59,Q9359,ICD10_Q9359,oov,unknown_unmappable,52,9,Other deletions of part of a chromosome
diagnosis,ICD9,765.02,76502,ICD9_76502,oov,code_version_mismatch,52,13,"Extreme fetal immaturity, 500-749 grams"
medication,RXNORM,804156,804156,RXN_804156,oov,pediatric_absent,52,40,levonorgestrel
medication,RXNORM,242120,242120,RXN_242120,oov,pediatric_absent,52,3,insulin lispro
medication,RXNORM,1291286,1291286,RXN_1291286,oov,pediatric_absent,51,10,melatonin
medication,RXNORM,562806,562806,RXN_562806,oov,pediatric_absent,51,17,pimecrolimus
diagnosis,ICD10,M67.80,M6780,ICD10_M6780,oov,unknown_unmappable,51,3,Poor flexibility of tendon
diagnosis,ICD10,S73.002S,S73002S,ICD10_S73002S,oov,unknown_unmappable,51,7,"Subluxation of left hip, sequela"
diagnosis,ICD10,H53.023,H53023,ICD10_H53023,oov,unknown_unmappable,51,11,Refractive amblyopia of both eyes
medication,RXNORM,1488665,1488665,RXN_1488665,oov,pediatric_absent,51,1,treprostinil diolamine
procedure,HCPCS,11959,11959,HCPCS_11959,oov,unknown_unmappable,51,51,"PR LARYNGOSCOPY,DIRECT,DIAGNOSTIC"
diagnosis,ICD10,A38.9,A389,ICD10_A389,oov,unknown_unmappable,51,30,Scarlet fever
medication,RXNORM,857466,857466,RXN_857466,oov,pediatric_absent,50,13,cholecalciferol (vitamin D3)
medication,RXNORM,198089,198089,RXN_198089,oov,pediatric_absent,50,2,phenobarbital
medication,RXNORM,996558,996558,RXN_996558,oov,pediatric_absent,50,8,somatropin
diagnosis,ICD10,Z31.5,Z315,ICD10_Z315,oov,unknown_unmappable,50,32,Encounter for procreative genetic counseling
drg,DRG,OMAPR723,OMAPR723,DRG_OMAPR723,oov,unknown_unmappable,50,43,VIRAL ILLNESS
diagnosis,ICD10,P52.1,P521,PHE_656.4,oov,pediatric_absent,50,8,"Perinatal IVH (intraventricular hemorrhage), grade II"
diagnosis,ICD10,Z13.83,Z1383,ICD10_Z1383,oov,unknown_unmappable,50,46,Encounter for screening for respiratory disorder NEC
diagnosis,ICD10,P28.3,P283,PHE_656.26,oov,pediatric_absent,49,36,Primary sleep apnea of newborn
medication,RXNORM,346508,346508,RXN_346508,oov,pediatric_absent,49,11,indomethacin sodium
diagnosis,ICD10,T76.12XA,T7612XA,ICD10_T7612XA,oov,unknown_unmappable,49,26,"Child physical abuse, suspected, initial encounter"
procedure,HCPCS,42754,42754,HCPCS_42754,oov,unknown_unmappable,49,49,HX HEART CATHETERIZATION
procedure,HCPCS,45634,45634,HCPCS_45634,oov,unknown_unmappable,49,49,HX TURB REDUCTION
diagnosis,ICD10,P24.81,P2481,ICD10_P2481,oov,unknown_unmappable,49,15,"Aspiration by newborn with respiratory symptoms, unspecified aspirated material"
diagnosis,ICD9,V58.76,V5876,ICD9_V5876,oov,code_version_mismatch,49,21,"Aftercare following surgery of the genitourinary system, NEC"
medication,RXNORM,705728,705728,RXN_705728,oov,pediatric_absent,49,19,cholecalciferol (vitamin D3)
drg,DRG,MS177,MS177,DRG_MS177,oov,unknown_unmappable,49,28,RESPIRATORY INFECTIONS & INFLAMMATIONS W MCC
diagnosis,ICD10,S73.001D,S73001D,ICD10_S73001D,oov,unknown_unmappable,49,18,"Right hip subluxation, subsequent encounter"
medication,RXNORM,855189,855189,RXN_855189,oov,pediatric_absent,49,3,tolterodine tartrate
medication,RXNORM,310481,310481,RXN_310481,oov,pediatric_absent,48,5,gentian violet
medication,RXNORM,308459,308459,RXN_308459,oov,pediatric_absent,48,33,azithromycin
diagnosis,ICD10,P28.89,P2889,ICD10_P2889,oov,unknown_unmappable,48,28,Other specified respiratory conditions of newborn
medication,RXNORM,1049160,1049160,RXN_1049160,oov,pediatric_absent,48,14,pseudoephedrine HCl
drg,DRG,OMAPR663,OMAPR663,DRG_OMAPR663,oov,unknown_unmappable,48,21,OTHER ANEMIA & DISORDERS OF BLOOD & BLOOD-FORMING ORGANS
medication,RXNORM,309058,309058,RXN_309058,oov,pediatric_absent,48,11,cefixime
drg,DRG,OMAPR720,OMAPR720,DRG_OMAPR720,oov,unknown_unmappable,48,35,SEPTICEMIA & DISSEMINATED INFECTIONS
diagnosis,ICD9,771.1,7711,PHE_657,oov,pediatric_absent,48,2,Congenital cytomegalovirus infection
medication,RXNORM,762841,762841,RXN_762841,oov,pediatric_absent,47,8,somatropin
medication,RXNORM,861692,861692,RXN_861692,oov,pediatric_absent,47,2,lipase/protease/amylase
medication,RXNORM,1809745,1809745,RXN_1809745,oov,pediatric_absent,47,12,"immune globulin,gamma(IgG)"
medication,RXNORM,1659988,1659988,RXN_1659988,oov,pediatric_absent,47,8,antithrombin III (plasma der)
diagnosis,ICD10,F31.62,F3162,ICD10_F3162,oov,unknown_unmappable,47,2,"Bipolar disorder, current episode mixed, moderate"
procedure,HCPCS,42560,42560,HCPCS_42560,oov,unknown_unmappable,47,47,HX HERNIA REPAIR
medication,RXNORM,809996,809996,RXN_809996,oov,pediatric_absent,47,4,lacosamide
medication,RXNORM,259372,259372,RXN_259372,oov,pediatric_absent,47,2,"nut.sup,spec,lac-free,iron/fos"
medication,RXNORM,248642,248642,RXN_248642,oov,pediatric_absent,47,14,fluoxetine HCl
medication,RXNORM,309762,309762,RXN_309762,oov,pediatric_absent,47,16,Potassium Chlorid/D10-0.2%NaCl
diagnosis,ICD10,M26.9,M269,ICD10_M269,oov,unknown_unmappable,47,1,Dentofacial anomalies
medication,RXNORM,312839,312839,RXN_312839,oov,pediatric_absent,46,26,rizatriptan benzoate
medication,RXNORM,311290,311290,RXN_311290,oov,pediatric_absent,46,15,levetiracetam
medication,RXNORM,204528,204528,RXN_204528,oov,pediatric_absent,46,2,cytomegalovirus immune globuln
medication,RXNORM,1247404,1247404,RXN_1247404,oov,pediatric_absent,46,6,lansoprazole
medication,RXNORM,855480,855480,RXN_855480,oov,pediatric_absent,46,15,alclometasone dipropionate
drg,DRG,OMAPR098,OMAPR098,DRG_OMAPR098,oov,unknown_unmappable,46,41,"OTHER EAR, NOSE, MOUTH & THROAT PROCEDURES"
diagnosis,ICD9,765.22,76522,ICD9_76522,oov,code_version_mismatch,46,9,24 completed weeks of gestation(765.22)
diagnosis,ICD10,P07.39,P0739,ICD10_P0739,oov,unknown_unmappable,46,20,"Preterm newborn, gestational age 36 completed weeks"
drg,DRG,MS793,MS793,DRG_MS793,oov,unknown_unmappable,46,45,FULL TERM NEONATE W MAJOR PROBLEMS
drg,DRG,OMAPR633,OMAPR633,DRG_OMAPR633,oov,unknown_unmappable,46,46,NEONATE BIRTHWT >2499G W MAJOR ANOMALY
diagnosis,ICD10,Q53.211,Q53211,ICD10_Q53211,oov,unknown_unmappable,45,12,Bilateral cryptorchidism
medication,RXNORM,237736,237736,RXN_237736,oov,pediatric_absent,45,2,vitamin E
diagnosis,ICD9,765.21,76521,ICD9_76521,oov,code_version_mismatch,45,6,Less than 24 completed weeks of gestation
medication,RXNORM,562381,562381,RXN_562381,oov,pediatric_absent,45,1,factor IX human recombinant
diagnosis,ICD10,M41.43,M4143,ICD10_M4143,oov,unknown_unmappable,45,3,Neuromuscular scoliosis of cervicothoracic region
procedure,HCPCS,39340,39340,HCPCS_39340,oov,unknown_unmappable,45,45,BABY CIRCUMCISION
diagnosis,ICD10,O35.8XX9,O358XX9,ICD10_O358XX9,oov,unknown_unmappable,45,1,"Fetal omphalocele during pregnancy, antepartum, other fetus"
drg,DRG,MS057,MS057,DRG_MS057,oov,unknown_unmappable,45,16,DEGENERATIVE NERVOUS SYSTEM DISORDERS W/O MCC
diagnosis,ICD10,S69.90XA,S6990XA,ICD10_S6990XA,oov,unknown_unmappable,45,16,Finger injury
diagnosis,ICD10,S09.90XD,S0990XD,ICD10_S0990XD,oov,unknown_unmappable,45,16,"Unspecified injury of head, subsequent encounter"
diagnosis,ICD10,S73.002A,S73002A,ICD10_S73002A,oov,unknown_unmappable,45,17,"Unspecified subluxation of left hip, initial encounter"
diagnosis,ICD10,J45.32,J4532,ICD10_J4532,oov,unknown_unmappable,44,21,Mild persistent asthma with status asthmaticus
medication,RXNORM,1312583,1312583,RXN_1312583,oov,pediatric_absent,44,10,methylphenidate HCl
medication,RXNORM,1598320,1598320,RXN_1598320,oov,pediatric_absent,44,15,dextrose/dextrin/maltose
diagnosis,ICD10,T76.22XA,T7622XA,ICD10_T7622XA,oov,unknown_unmappable,44,21,"Child sexual abuse, suspected, initial encounter"
diagnosis,ICD10,M41.05,M4105,ICD10_M4105,oov,unknown_unmappable,44,12,Infantile idiopathic scoliosis of thoracolumbar region
medication,RXNORM,749157,749157,RXN_749157,oov,pediatric_absent,44,3,norgestimate-ethinyl estradiol
medication,RXNORM,282463,282463,RXN_282463,oov,pediatric_absent,44,7,phenobarbital sodium
medication,RXNORM,665033,665033,RXN_665033,oov,pediatric_absent,44,2,sitagliptin phosphate
procedure,HCPCS,62930,62930,HCPCS_62930,oov,unknown_unmappable,44,44,MRI BRAIN
drg,DRG,OMAPR951,OMAPR951,DRG_OMAPR951,oov,unknown_unmappable,44,40,MODERATELY EXTENSIVE PROCEDURE UNRELATED TO PRINCIPAL DIAGNOSIS
medication,RXNORM,387003,387003,RXN_387003,oov,pediatric_absent,44,10,levetiracetam
diagnosis,ICD10,Q25.21,Q2521,ICD10_Q2521,oov,unknown_unmappable,44,4,Interrupted aortic arch
medication,RXNORM,4910,4910,RXN_4910,oov,pediatric_absent,44,10,glycerin
diagnosis,ICD9,367.31,36731,PHE_368.3,oov,pediatric_absent,43,13,Anisometropia
medication,RXNORM,1115472,1115472,RXN_1115472,oov,pediatric_absent,43,8,leuprolide acetate
medication,RXNORM,855172,855172,RXN_855172,oov,pediatric_absent,43,1,levocetirizine dihydrochloride
medication,RXNORM,1248741,1248741,RXN_1248741,oov,pediatric_absent,43,2,melatonin
diagnosis,ICD10,Z13.31,Z1331,ICD10_Z1331,oov,unknown_unmappable,43,17,Positive depression screening
diagnosis,ICD10,M41.114,M41114,ICD10_M41114,oov,unknown_unmappable,43,7,"Juvenile idiopathic scoliosis, thoracic region"
diagnosis,ICD10,P84,P84,ICD10_P84,oov,unknown_unmappable,43,29,Other problems with newborn
procedure,HCPCS,53802,53802,HCPCS_53802,oov,unknown_unmappable,43,43,ITO
medication,RXNORM,1797913,1797913,RXN_1797913,oov,pediatric_absent,43,15,triamcinolone acetonide
medication,RXNORM,1435169,1435169,RXN_1435169,oov,pediatric_absent,43,15,ferric carboxymaltose
medication,RXNORM,991086,991086,RXN_991086,oov,pediatric_absent,43,11,dicyclomine HCl
drg,DRG,MS885,MS885,DRG_MS885,oov,unknown_unmappable,43,23,PSYCHOSES
medication,RXNORM,389221,389221,RXN_389221,oov,pediatric_absent,42,29,etonogestrel
medication,RXNORM,198086,198086,RXN_198086,oov,pediatric_absent,42,4,phenobarbital
medication,RXNORM,1806177,1806177,RXN_1806177,oov,pediatric_absent,42,8,methylphenidate HCl
medication,RXNORM,311994,311994,RXN_311994,oov,pediatric_absent,42,6,nitrofurantoin macrocrystal
diagnosis,ICD10,H65.491,H65491,ICD10_H65491,oov,unknown_unmappable,42,10,"Chronic otitis media with effusion, right"
diagnosis,ICD10,Q70.03,Q7003,ICD10_Q7003,oov,unknown_unmappable,42,3,"Fused fingers, bilateral"
diagnosis,ICD10,F66,F66,ICD10_F66,oov,unknown_unmappable,42,5,Gender identity uncertainty
medication,RXNORM,2054973,2054973,RXN_2054973,oov,pediatric_absent,42,1,stiripentol
medication,RXNORM,863628,863628,RXN_863628,oov,pediatric_absent,42,9,oxybutynin chloride
medication,RXNORM,358917,358917,RXN_358917,oov,pediatric_absent,41,16,clindamycin phos/benzoyl perox
diagnosis,ICD9,777.8,7778,PHE_656.6,oov,pediatric_absent,41,22,Infrequent neonatal stooling
diagnosis,ICD10,Z01.30,Z0130,ICD10_Z0130,oov,unknown_unmappable,41,13,Blood pressure check
medication,RXNORM,1922765,1922765,RXN_1922765,oov,pediatric_absent,41,2,sotalol HCl
medication,RXNORM,1922453,1922453,RXN_1922453,oov,pediatric_absent,41,1,cerliponase alfa
medication,RXNORM,1368006,1368006,RXN_1368006,oov,pediatric_absent,41,3,alogliptin benzoate
diagnosis,ICD10,H50.17,H5017,ICD10_H5017,oov,unknown_unmappable,41,9,Alternating exotropia with V pattern
diagnosis,ICD9,764.00,76400,ICD9_76400,oov,code_version_mismatch,41,14,SGA (small for gestational age)
medication,RXNORM,200132,200132,RXN_200132,oov,pediatric_absent,41,1,acarbose
medication,RXNORM,311048,311048,RXN_311048,oov,pediatric_absent,41,2,insulin NPH hum/reg insulin hm
diagnosis,ICD10,S06.9X6D,S069X6D,ICD10_S069X6D,oov,unknown_unmappable,41,1,"Traumatic brain injury, with loss of consciousness greater than 24 hours without return to pre-existing conscious level with patient surviving, subsequent encounter"
medication,RXNORM,125921,125921,RXN_125921,oov,pediatric_absent,41,1,ginger root xt/fennel sd xt
medication,RXNORM,1739749,1739749,RXN_1739749,oov,pediatric_absent,41,1,brivaracetam
medication,RXNORM,966920,966920,RXN_966920,oov,pediatric_absent,41,7,"peg3350/sod sulf,bicarb,Cl/KCl"
diagnosis,ICD10,H60.332,H60332,ICD10_H60332,oov,unknown_unmappable,40,17,Acute swimmer's ear of left side
medication,RXNORM,203150,203150,RXN_203150,oov,pediatric_absent,40,24,cetirizine HCl
medication,RXNORM,797730,797730,RXN_797730,oov,pediatric_absent,40,2,povidone-iodine
medication,RXNORM,259034,259034,RXN_259034,oov,pediatric_absent,40,21,beractant
medication,RXNORM,205316,205316,RXN_205316,oov,pediatric_absent,40,6,topiramate
diagnosis,ICD10,P07.10,P0710,ICD10_P0710,oov,unknown_unmappable,40,13,"Other low birth weight newborn, unspecified weight"
diagnosis,ICD10,P29.12,P2912,ICD10_P2912,oov,unknown_unmappable,40,35,Neonatal bradycardia
procedure,HCPCS,42642,42642,HCPCS_42642,oov,unknown_unmappable,40,40,HX CSF SHUNT
drg,DRG,MS640,MS640,DRG_MS640,oov,unknown_unmappable,40,30,"MISC DISORDERS OF NUTRITION, METABOLISM, FLUIDS/ELECTROLYTES W MCC"
diagnosis,ICD9,775.6,7756,PHE_656.3,oov,pediatric_absent,40,30,Neonatal hypoglycemia
diagnosis,ICD10,P07.22,P0722,ICD10_P0722,oov,unknown_unmappable,40,5,"Extreme immaturity of newborn, gestational age 23 completed weeks"
diagnosis,ICD10,P91.62,P9162,ICD10_P9162,oov,unknown_unmappable,40,7,Moderate hypoxic-ischemic encephalopathy
diagnosis,ICD10,P37.5,P375,PHE_657,oov,pediatric_absent,40,37,Neonatal candidiasis
medication,RXNORM,197312,197312,RXN_197312,oov,pediatric_absent,40,5,acyclovir
medication,RXNORM,1652644,1652644,RXN_1652644,oov,pediatric_absent,40,3,insulin lispro
medication,RXNORM,312840,312840,RXN_312840,oov,pediatric_absent,40,15,rizatriptan benzoate
medication,RXNORM,896854,896854,RXN_896854,oov,pediatric_absent,39,5,"chorionic gonadotropin, human"
medication,RXNORM,198429,198429,RXN_198429,oov,pediatric_absent,39,4,lamotrigine
medication,RXNORM,1039062,1039062,RXN_1039062,oov,pediatric_absent,39,4,corn starch
medication,RXNORM,828320,828320,RXN_828320,oov,pediatric_absent,39,16,cyclobenzaprine HCl
diagnosis,ICD9,779.34,77934,ICD9_77934,oov,code_version_mismatch,39,26,Failure to thrive in newborn
medication,RXNORM,1146690,1146690,RXN_1146690,oov,pediatric_absent,39,3,lamotrigine
medication,RXNORM,1743994,1743994,RXN_1743994,oov,pediatric_absent,39,1,"factor IX recom,albumin fusion"
medication,RXNORM,861597,861597,RXN_861597,oov,pediatric_absent,39,6,pentamidine isethionate
medication,RXNORM,315187,315187,RXN_315187,oov,pediatric_absent,39,25,prednisone
medication,RXNORM,617995,617995,RXN_617995,oov,pediatric_absent,39,12,amoxicillin/potassium clav
procedure,HCPCS,44850,44850,HCPCS_44850,oov,unknown_unmappable,39,39,CIRCUMCISION > NEWBORN
diagnosis,ICD10,Z04.42,Z0442,ICD10_Z0442,oov,unknown_unmappable,39,23,Encounter for examination and observation following alleged child rape
diagnosis,ICD10,H50.43,H5043,ICD10_H5043,oov,unknown_unmappable,39,9,Accommodative component in esotropia
medication,RXNORM,311486,311486,RXN_311486,oov,pediatric_absent,39,13,meloxicam
diagnosis,ICD10,H53.032,H53032,ICD10_H53032,oov,unknown_unmappable,38,8,"Strabismic amblyopia, left eye"
medication,RXNORM,311429,311429,RXN_311429,oov,pediatric_absent,38,15,magnesium oxide
medication,RXNORM,1667880,1667880,RXN_1667880,oov,pediatric_absent,38,10,tiotropium bromide
medication,RXNORM,1000054,1000054,RXN_1000054,oov,pediatric_absent,38,7,doxepin HCl
diagnosis,ICD10,H90.A32,H90A32,ICD10_H90A32,oov,unknown_unmappable,38,6,"Mixed conductive and sensorineural hearing loss, unilateral, left ear with restricted hearing on the contralateral side"
medication,RXNORM,1369787,1369787,RXN_1369787,oov,pediatric_absent,38,5,baclofen
diagnosis,ICD10,M25.673,M25673,ICD10_M25673,oov,unknown_unmappable,38,3,"Stiffness of unspecified ankle, not elsewhere classified"
medication,RXNORM,1729584,1729584,RXN_1729584,oov,pediatric_absent,38,20,remifentanil HCl
drg,DRG,OMAPR042,OMAPR042,DRG_OMAPR042,oov,unknown_unmappable,38,26,DEGENERATIVE NERVOUS SYSTEM DISORDERS EXC MULT SCLEROSIS
medication,RXNORM,900156,900156,RXN_900156,oov,pediatric_absent,38,4,lamotrigine
diagnosis,ICD10,P70.1,P701,PHE_656.3,oov,pediatric_absent,37,16,Syndrome of infant of a diabetic mother
medication,RXNORM,204119,204119,RXN_204119,oov,pediatric_absent,37,20,malathion
medication,RXNORM,235473,235473,RXN_235473,oov,pediatric_absent,37,2,"heparin sodium,porcine/NS/PF"
medication,RXNORM,1047881,1047881,RXN_1047881,oov,pediatric_absent,37,9,hyoscyamine sulfate
diagnosis,ICD10,Q53.212,Q53212,ICD10_Q53212,oov,unknown_unmappable,37,11,Bilateral inguinal testes
diagnosis,ICD10,M25.672,M25672,ICD10_M25672,oov,unknown_unmappable,37,5,Decreased range of motion of both ankles
medication,RXNORM,313852,313852,RXN_313852,oov,pediatric_absent,37,10,adapalene
diagnosis,ICD10,H65.111,H65111,ICD10_H65111,oov,unknown_unmappable,37,12,Acute mucoid otitis media of right ear
drg,DRG,MS839,MS839,DRG_MS839,oov,unknown_unmappable,37,4,CHEMO W ACUTE LEUKEMIA AS SDX W/O CC/MCC
diagnosis,ICD10,M41.46,M4146,ICD10_M4146,oov,unknown_unmappable,37,10,Neuromuscular scoliosis of lumbar region
drg,DRG,MS866,MS866,DRG_MS866,oov,unknown_unmappable,37,35,VIRAL ILLNESS W/O MCC
drg,DRG,MS391,MS391,DRG_MS391,oov,unknown_unmappable,37,29,"ESOPHAGITIS, GASTROENT & MISC DIGEST DISORDERS W MCC"
medication,RXNORM,1736262,1736262,RXN_1736262,oov,pediatric_absent,37,8,somatropin
diagnosis,ICD10,F51.12,F5112,ICD10_F5112,oov,unknown_unmappable,36,13,Behaviorally induced insufficient sleep syndrome
medication,RXNORM,992438,992438,RXN_992438,oov,pediatric_absent,36,11,promethazine HCl
procedure,HCPCS,42566,42566,HCPCS_42566,oov,unknown_unmappable,36,36,APPENDECTOMY
drg,DRG,MS794,MS794,DRG_MS794,oov,unknown_unmappable,36,33,NEONATE W OTHER SIGNIFICANT PROBLEMS
diagnosis,ICD9,763.0,7630,ICD9_7630,oov,code_version_mismatch,36,19,Fetus or newborn affected by breech delivery and extraction
medication,RXNORM,577957,577957,RXN_577957,oov,pediatric_absent,35,6,dextroamphetamine/amphetamine
medication,RXNORM,692576,692576,RXN_692576,oov,pediatric_absent,35,6,esomeprazole magnesium
medication,RXNORM,578104,578104,RXN_578104,oov,pediatric_absent,35,14,"iron,carbonyl"
diagnosis,ICD10,S73.003S,S73003S,ICD10_S73003S,oov,unknown_unmappable,35,5,"Subluxation of hip, unspecified laterality, sequela"
diagnosis,ICD10,C72.32,C7232,ICD10_C7232,oov,unknown_unmappable,35,2,Glioma of orbital part of optic nerve of left eye
drg,DRG,MS032,MS032,DRG_MS032,oov,unknown_unmappable,35,19,VENTRICULAR SHUNT PROCEDURES W CC
diagnosis,ICD10,M24.576,M24576,ICD10_M24576,oov,unknown_unmappable,35,5,"Joint contracture-ankle/foot, unspecified laterality"
diagnosis,ICD9,770.6,7706,PHE_656.26,oov,pediatric_absent,35,22,Transitory tachypnea of newborn
diagnosis,ICD9,V72.69,V7269,ICD9_V7269,oov,code_version_mismatch,35,10,Other laboratory examination
diagnosis,ICD9,775.5,7755,PHE_656.3,oov,pediatric_absent,35,25,Other transitory neonatal electrolyte disturbances
medication,RXNORM,997420,997420,RXN_997420,oov,pediatric_absent,34,17,fexofenadine HCl
diagnosis,ICD10,M24.859,M24859,ICD10_M24859,oov,unknown_unmappable,34,2,"Snapping hip, unspecified laterality"
medication,RXNORM,753440,753440,RXN_753440,oov,pediatric_absent,34,4,methylphenidate
diagnosis,ICD10,Z48.24,Z4824,ICD10_Z4824,oov,unknown_unmappable,34,2,Encounter for aftercare following lung transplant
drg,DRG,OMAPR463,OMAPR463,DRG_OMAPR463,oov,unknown_unmappable,34,23,KIDNEY & URINARY TRACT INFECTIONS
drg,DRG,MS092,MS092,DRG_MS092,oov,unknown_unmappable,34,31,OTHER DISORDERS OF NERVOUS SYSTEM W CC
diagnosis,ICD10,S86.899D,S86899D,ICD10_S86899D,oov,unknown_unmappable,34,3,"Medial tibial stress syndrome, unspecified laterality, subsequent encounter"
medication,RXNORM,1431235,1431235,RXN_1431235,oov,pediatric_absent,34,6,lurasidone HCl
medication,RXNORM,312594,312594,RXN_312594,oov,pediatric_absent,34,9,prazosin HCl
medication,RXNORM,198488,198488,RXN_198488,oov,pediatric_absent,33,10,benzocaine
diagnosis,ICD10,H53.021,H53021,ICD10_H53021,oov,unknown_unmappable,33,6,"Refractive amblyopia, right"
diagnosis,ICD10,P52.3,P523,ICD10_P523,oov,unknown_unmappable,33,11,Unspecified intraventricular (nontraumatic) hemorrhage of newborn
diagnosis,ICD10,Q71.41,Q7141,ICD10_Q7141,oov,unknown_unmappable,33,1,Longitudinal reduction defect of right radius
medication,RXNORM,1362737,1362737,RXN_1362737,oov,pediatric_absent,33,19,fludeoxyglucose F-18
diagnosis,ICD10,M21.069,M21069,ICD10_M21069,oov,unknown_unmappable,33,8,"Acquired genu valgum, unspecified laterality"
diagnosis,ICD10,Q66.82,Q6682,ICD10_Q6682,oov,unknown_unmappable,33,3,Left rocker-bottom foot
drg,DRG,OMAPR760,OMAPR760,DRG_OMAPR760,oov,unknown_unmappable,33,32,OTHER MENTAL HEALTH DISORDERS
drg,DRG,OMAPR022,OMAPR022,DRG_OMAPR022,oov,unknown_unmappable,33,18,VENTRICULAR SHUNT PROCEDURES
drg,DRG,MS206,MS206,DRG_MS206,oov,unknown_unmappable,33,27,OTHER RESPIRATORY SYSTEM DIAGNOSES W/O MCC
diagnosis,ICD9,100500101,100500101,ICD9_100500101,oov,code_version_mismatch,33,32,AMA (AGAINST MEDICAL ADVICE)
procedure,HCPCS,45066,45066,HCPCS_45066,oov,unknown_unmappable,33,33,HX CARDIAC SURGERY
drg,DRG,OMAPR861,OMAPR861,DRG_OMAPR861,oov,unknown_unmappable,33,30,"SIGNS, SYMPTOMS & OTHER FACTORS INFLUENCING HEALTH STATUS"
diagnosis,ICD10,M26.31,M2631,ICD10_M2631,oov,unknown_unmappable,32,21,Crowding of fully erupted teeth
medication,RXNORM,1998771,1998771,RXN_1998771,oov,pediatric_absent,32,14,beclomethasone dipropionate
medication,RXNORM,1801279,1801279,RXN_1801279,oov,pediatric_absent,32,4,cholestyramine/aspartame
diagnosis,ICD10,S59.221D,S59221D,ICD10_S59221D,oov,unknown_unmappable,32,5,"Salter-Harris type II physeal fracture of distal end of right radius with routine healing, subsequent encounter"
procedure,HCPCS,39334,39334,HCPCS_39334,oov,unknown_unmappable,32,32,BRONCHOSCOPY
diagnosis,ICD10,H66.007,H66007,ICD10_H66007,oov,unknown_unmappable,32,14,"Recurrent acute suppurative otitis media without spontaneous rupture of tympanic membrane, unspecified laterality"
procedure,HCPCS,45951,45951,HCPCS_45951,oov,unknown_unmappable,32,32,HX G-TUBE INSERTION
procedure,HCPCS,42592,42592,HCPCS_42592,oov,unknown_unmappable,32,32,ORCHIOPEXY
drg,DRG,OMAPR133,OMAPR133,DRG_OMAPR133,oov,unknown_unmappable,32,28,RESPIRATORY FAILURE
drg,DRG,OMAPR694,OMAPR694,DRG_OMAPR694,oov,unknown_unmappable,32,4,LYMPHATIC & OTHER MALIGNANCIES & NEOPLASMS OF UNCERTAIN BEHAVIOR
medication,RXNORM,198430,198430,RXN_198430,oov,pediatric_absent,32,2,lamotrigine
medication,RXNORM,1314763,1314763,RXN_1314763,oov,pediatric_absent,32,6,tobramycin
diagnosis,ICD10,M23.8X9,M238X9,ICD10_M238X9,oov,unknown_unmappable,32,3,"Knee joint laxity, unspecified laterality"
medication,RXNORM,1085750,1085750,RXN_1085750,oov,pediatric_absent,32,10,triamcinolone acetonide
medication,RXNORM,746814,746814,RXN_746814,oov,pediatric_absent,32,9,mometasone furoate
medication,RXNORM,762850,762850,RXN_762850,oov,pediatric_absent,32,5,somatropin
drg,DRG,OMAPR130,OMAPR130,DRG_OMAPR130,oov,unknown_unmappable,32,26,RESPIRATORY SYSTEM DIAGNOSIS W VENTILATOR SUPPORT 96+ HOURS
diagnosis,ICD9,652.20,65220,ICD9_65220,oov,code_version_mismatch,31,16,"Breech presentation without mention of version, unspecified as to episode of care"
diagnosis,ICD10,M41.00,M4100,ICD10_M4100,oov,unknown_unmappable,31,13,"Infantile idiopathic scoliosis, unspecified spinal region"
diagnosis,ICD10,H73.92,H7392,ICD10_H7392,oov,unknown_unmappable,31,6,Abnormal tympanic membrane of left ear
diagnosis,ICD10,M85.50,M8550,ICD10_M8550,oov,unknown_unmappable,31,2,ABC (aneurysmal bone cyst)
diagnosis,ICD9,V41.6,V416,ICD9_V416,oov,code_version_mismatch,31,4,Problems with swallowing and mastication
medication,RXNORM,751901,751901,RXN_751901,oov,pediatric_absent,31,11,levonorgestrel-ethin estradiol
drg,DRG,MS026,MS026,DRG_MS026,oov,unknown_unmappable,31,25,CRANIOTOMY & ENDOVASCULAR INTRACRANIAL PROCEDURES W CC
drg,DRG,OMAPR422,OMAPR422,DRG_OMAPR422,oov,unknown_unmappable,31,25,HYPOVOLEMIA & RELATED ELECTROLYTE DISORDERS
drg,DRG,MS208,MS208,DRG_MS208,oov,unknown_unmappable,31,25,RESPIRATORY SYSTEM DIAGNOSIS W VENTILATOR SUPPORT <=96 HOURS
diagnosis,ICD10,H61.303,H61303,ICD10_H61303,oov,unknown_unmappable,31,8,"Acquired stenosis of external ear canal, unspecified, bilateral"
diagnosis,ICD10,S42.445D,S42445D,ICD10_S42445D,oov,unknown_unmappable,30,1,"Nondisplaced fracture (avulsion) of medial epicondyle of left humerus, subsequent encounter for fracture with routine healing"
medication,RXNORM,809536,809536,RXN_809536,oov,pediatric_absent,30,2,calcium carbonate/vitamin D3
medication,RXNORM,1370750,1370750,RXN_1370750,oov,pediatric_absent,30,18,hydrocortisone valerate
medication,RXNORM,1648783,1648783,RXN_1648783,oov,pediatric_absent,30,4,fluticasone/vilanterol
medication,RXNORM,4716,4716,RXN_4716,oov,pediatric_absent,30,26,"gelatin sponge,absorb/porcine"
diagnosis,ICD9,765.29,76529,ICD9_76529,oov,code_version_mismatch,30,20,37 or more completed weeks of gestation(765.29)
diagnosis,ICD10,S63.641D,S63641D,ICD10_S63641D,oov,unknown_unmappable,30,1,"Sprain of metacarpophalangeal joint of right thumb, subsequent encounter"
medication,RXNORM,1101926,1101926,RXN_1101926,oov,pediatric_absent,30,4,dexmethylphenidate HCl
diagnosis,ICD10,P59.8,P598,PHE_656.8,oov,pediatric_absent,30,11,Neonatal jaundice from other specified causes
medication,RXNORM,152695,152695,RXN_152695,oov,pediatric_absent,30,4,meloxicam
diagnosis,ICD10,S73.001S,S73001S,ICD10_S73001S,oov,unknown_unmappable,30,9,"Subluxation of right hip, sequela"
diagnosis,ICD10,P92.09,P9209,ICD10_P9209,oov,unknown_unmappable,30,20,Other vomiting of newborn
medication,RXNORM,1812013,1812013,RXN_1812013,oov,pediatric_absent,30,7,nifedipine
procedure,HCPCS,32940,32940,HCPCS_32940,oov,unknown_unmappable,30,30,GASTROSTOMY TUBE
medication,RXNORM,351276,351276,RXN_351276,oov,pediatric_absent,30,1,oxandrolone
diagnosis,ICD10,Q25.42,Q2542,ICD10_Q2542,oov,unknown_unmappable,30,6,VSD (ventricular septal defect and aortic arch hypoplasia
medication,RXNORM,1536484,1536484,RXN_1536484,oov,pediatric_absent,30,2,mercaptopurine
diagnosis,ICD10,Q66.00,Q6600,ICD10_Q6600,oov,unknown_unmappable,30,7,"Talipes equinovarus, congenital"
diagnosis,ICD10,H35.133,H35133,ICD10_H35133,oov,unknown_unmappable,30,14,"Retinopathy of prematurity, stage 2, bilateral"
diagnosis,ICD10,M41.55,M4155,ICD10_M4155,oov,unknown_unmappable,29,12,"Other secondary scoliosis, thoracolumbar region"
diagnosis,ICD9,V61.20,V6120,ICD9_V6120,oov,code_version_mismatch,29,5,Parent-child conflict
diagnosis,ICD10,S52.521A,S52521A,ICD10_S52521A,oov,unknown_unmappable,29,6,"Torus fracture of lower end of right radius, initial encounter for closed fracture"
medication,RXNORM,1922720,1922720,RXN_1922720,oov,pediatric_absent,29,2,sotalol HCl
medication,RXNORM,348177,348177,RXN_348177,oov,pediatric_absent,29,1,lipase/protease/amylase
diagnosis,ICD10,P24.01,P2401,ICD10_P2401,oov,unknown_unmappable,29,7,"Meconium aspiration pneumonia of both lungs, unspecified part of lung"
diagnosis,ICD10,S53.031A,S53031A,ICD10_S53031A,oov,unknown_unmappable,29,9,"Nursemaid's elbow, right elbow, initial encounter"
drg,DRG,OMAPR952,OMAPR952,DRG_OMAPR952,oov,unknown_unmappable,29,28,NONEXTENSIVE PROCEDURE UNRELATED TO PRINCIPAL DIAGNOSIS
drg,DRG,OMAPR243,OMAPR243,DRG_OMAPR243,oov,unknown_unmappable,29,25,OTHER ESOPHAGEAL DISORDERS
diagnosis,ICD10,S53.032A,S53032A,ICD10_S53032A,oov,unknown_unmappable,29,7,"Nursemaid's elbow of left upper extremity, initial encounter"
diagnosis,ICD10,H50.32,H5032,ICD10_H5032,oov,unknown_unmappable,29,8,Intermittent alternating esotropia
diagnosis,ICD9,384.82,38482,PHE_384,oov,pediatric_absent,28,14,Atrophic nonflaccid tympanic membrane
diagnosis,ICD9,779.33,77933,ICD9_77933,oov,code_version_mismatch,28,19,Other vomiting in newborn
medication,RXNORM,857301,857301,RXN_857301,oov,pediatric_absent,28,1,clomipramine HCl
diagnosis,ICD10,Q70.13,Q7013,ICD10_Q7013,oov,unknown_unmappable,28,4,"Webbed fingers, bilateral"
medication,RXNORM,790283,790283,RXN_790283,oov,pediatric_absent,28,9,mometasone furoate
procedure,HCPCS,46304,46304,HCPCS_46304,oov,unknown_unmappable,28,28,HX EYE MUSCLE SURGERY
diagnosis,ICD9,776.1,7761,PHE_656.5,oov,pediatric_absent,28,23,Transient neonatal thrombocytopenia
drg,DRG,MS207,MS207,DRG_MS207,oov,unknown_unmappable,28,23,RESPIRATORY SYSTEM DIAGNOSIS W VENTILATOR SUPPORT >96 HOURS
diagnosis,ICD10,H65.492,H65492,ICD10_H65492,oov,unknown_unmappable,28,8,"Other chronic nonsuppurative otitis media, left ear"
medication,RXNORM,809987,809987,RXN_809987,oov,pediatric_absent,28,6,lacosamide
drg,DRG,MS603,MS603,DRG_MS603,oov,unknown_unmappable,28,27,CELLULITIS W/O MCC
diagnosis,ICD10,S89.90XA,S8990XA,ICD10_S8990XA,oov,unknown_unmappable,27,10,Knee injury
diagnosis,ICD10,Q71.891,Q71891,ICD10_Q71891,oov,unknown_unmappable,27,1,Other reduction defects of right upper limb
diagnosis,ICD10,S73.003A,S73003A,ICD10_S73003A,oov,unknown_unmappable,27,14,Hip subluxation
medication,RXNORM,1234576,1234576,RXN_1234576,oov,pediatric_absent,27,21,phenylephrine HCl
medication,RXNORM,866018,866018,RXN_866018,oov,pediatric_absent,27,6,buspirone HCl
medication,RXNORM,1298072,1298072,RXN_1298072,oov,pediatric_absent,27,7,cyclopentolate HCl
medication,RXNORM,1488674,1488674,RXN_1488674,oov,pediatric_absent,27,2,treprostinil diolamine
medication,RXNORM,993557,993557,RXN_993557,oov,pediatric_absent,27,8,bupropion HCl
diagnosis,ICD10,T07.XXXA,T07XXXA,ICD10_T07XXXA,oov,unknown_unmappable,27,14,Abrasions of multiple sites
diagnosis,ICD10,G40.011,G40011,ICD10_G40011,oov,unknown_unmappable,27,5,"Partial idiopathic epilepsy with seizures of localized onset, intractable, with status epilepticus"
medication,RXNORM,359822,359822,RXN_359822,oov,pediatric_absent,27,5,nitazoxanide
medication,RXNORM,1670011,1670011,RXN_1670011,oov,pediatric_absent,27,5,insulin degludec
medication,RXNORM,1809076,1809076,RXN_1809076,oov,pediatric_absent,27,5,immun glob G(IgG)/pro/IgA 0-50
medication,RXNORM,312881,312881,RXN_312881,oov,pediatric_absent,27,21,salicylic acid
procedure,HCPCS,42524,42524,HCPCS_42524,oov,unknown_unmappable,27,27,HX TYMPANOPLASTY
drg,DRG,OMAPR131,OMAPR131,DRG_OMAPR131,oov,unknown_unmappable,27,4,CYSTIC FIBROSIS - PULMONARY DISEASE
medication,RXNORM,857560,857560,RXN_857560,oov,pediatric_absent,27,1,trospium chloride
drg,DRG,MS871,MS871,DRG_MS871,oov,unknown_unmappable,27,19,SEPTICEMIA OR SEVERE SEPSIS W/O MV >96 HOURS W MCC
drg,DRG,MS982,MS982,DRG_MS982,oov,unknown_unmappable,27,25,EXTENSIVE O.R. PROCEDURE UNRELATED TO PRINCIPAL DIAGNOSIS W CC
medication,RXNORM,10691,10691,RXN_10691,oov,pediatric_absent,26,14,tranexamic acid
medication,RXNORM,617302,617302,RXN_617302,oov,pediatric_absent,26,14,amoxicillin/potassium clav
medication,RXNORM,1809438,1809438,RXN_1809438,oov,pediatric_absent,26,2,immune globul G/gly/IgA avg 46
medication,RXNORM,310932,310932,RXN_310932,oov,pediatric_absent,26,10,hypromellose
diagnosis,ICD9,E007.8,E0078,ICD9_E0078,oov,code_version_mismatch,26,23,"Activities involving physical games generally associated with school recess, summer camp and children"
medication,RXNORM,1362753,1362753,RXN_1362753,oov,pediatric_absent,26,9,melatonin
diagnosis,ICD10,H60.333,H60333,ICD10_H60333,oov,unknown_unmappable,26,8,Acute swimmer's ear of both sides
medication,RXNORM,853494,853494,RXN_853494,oov,pediatric_absent,26,1,canakinumab/PF
diagnosis,ICD10,G44.019,G44019,ICD10_G44019,oov,unknown_unmappable,26,2,"Episodic cluster headache, not intractable"
medication,RXNORM,10046,10046,RXN_10046,oov,pediatric_absent,26,11,starch
medication,RXNORM,866111,866111,RXN_866111,oov,pediatric_absent,26,10,buspirone HCl
procedure,HCPCS,46380,46380,HCPCS_46380,oov,unknown_unmappable,26,26,HX CLEFT LIP REPAIR
drg,DRG,OMAPR383,OMAPR383,DRG_OMAPR383,oov,unknown_unmappable,26,24,CELLULITIS & OTHER SKIN INFECTIONS
drg,DRG,MS179,MS179,DRG_MS179,oov,unknown_unmappable,26,14,RESPIRATORY INFECTIONS & INFLAMMATIONS W/O CC/MCC
drg,DRG,OMAPR021,OMAPR021,DRG_OMAPR021,oov,unknown_unmappable,26,24,OPEN CRANIOTOMY EXCEPT TRAUMA
drg,DRG,MS791,MS791,DRG_MS791,oov,unknown_unmappable,26,26,PREMATURITY W MAJOR PROBLEMS
drg,DRG,MS847,MS847,DRG_MS847,oov,unknown_unmappable,26,6,CHEMOTHERAPY W/O ACUTE LEUKEMIA AS SECONDARY DIAGNOSIS W CC
diagnosis,ICD10,P92.2,P922,PHE_656.3,oov,pediatric_absent,26,5,Slow feeding in newborn
diagnosis,ICD10,S82.244D,S82244D,ICD10_S82244D,oov,unknown_unmappable,26,2,"Closed nondisplaced spiral fracture of shaft of right tibia with routine healing, subsequent encounter"
diagnosis,ICD10,Z71.0,Z710,ICD10_Z710,oov,unknown_unmappable,26,4,Person encountering health services to consult on behalf of another person
medication,RXNORM,307696,307696,RXN_307696,oov,pediatric_absent,26,7,acetaminophen
medication,RXNORM,314165,314165,RXN_314165,oov,pediatric_absent,26,2,prednisolone sodium phosphate
diagnosis,ICD10,Q55.69,Q5569,ICD10_Q5569,oov,unknown_unmappable,26,10,Other congenital malformation of penis
drg,DRG,MS838,MS838,DRG_MS838,oov,unknown_unmappable,26,4,CHEMO W ACUTE LEUKEMIA AS SDX W CC OR HIGH DOSE CHEMO AGENT
diagnosis,ICD10,S52.91XS,S5291XS,ICD10_S5291XS,oov,unknown_unmappable,26,1,"Unspecified fracture of right forearm, sequela"
diagnosis,ICD9,771.4,7714,PHE_657,oov,pediatric_absent,26,14,Omphalitis
medication,RXNORM,1014643,1014643,RXN_1014643,oov,pediatric_absent,26,20,cetirizine HCl
diagnosis,ICD9,768.5,7685,ICD9_7685,oov,code_version_mismatch,26,2,Birth asphyxia with 1 minute Apgar score 0-3
drg,DRG,OMAPR424,OMAPR424,DRG_OMAPR424,oov,unknown_unmappable,26,13,OTHER ENDOCRINE DISORDERS
diagnosis,ICD10,H72.03,H7203,ICD10_H7203,oov,unknown_unmappable,26,9,"Central perforation of tympanic membrane, bilateral"
drg,DRG,MS690,MS690,DRG_MS690,oov,unknown_unmappable,26,21,KIDNEY & URINARY TRACT INFECTIONS W/O MCC
diagnosis,ICD10,H72.02,H7202,ICD10_H7202,oov,unknown_unmappable,25,9,Central perforation of tympanic membrane of left ear
diagnosis,ICD9,773.0,7730,PHE_656.1,oov,pediatric_absent,25,1,Hemolytic disease due to Rh isoimmunization of fetus or newborn
diagnosis,ICD10,Z13.9,Z139,ICD10_Z139,oov,unknown_unmappable,25,11,"Encounter for screening, unspecified"
medication,RXNORM,877525,877525,RXN_877525,oov,pediatric_absent,25,5,Lactobacillus rhamnosus GG
diagnosis,ICD10,H65.197,H65197,ICD10_H65197,oov,unknown_unmappable,25,10,"Other recurrent acute nonsuppurative otitis media, unspecified laterality"
medication,RXNORM,847243,847243,RXN_847243,oov,pediatric_absent,25,3,somatropin
diagnosis,ICD10,H93.293,H93293,ICD10_H93293,oov,unknown_unmappable,25,13,"Other abnormal auditory perceptions, bilateral"
medication,RXNORM,602811,602811,RXN_602811,oov,pediatric_absent,25,16,Lactobacillus rhamnosus GG
medication,RXNORM,351137,351137,RXN_351137,oov,pediatric_absent,25,9,albuterol sulfate
medication,RXNORM,1364445,1364445,RXN_1364445,oov,pediatric_absent,25,1,apixaban
procedure,HCPCS,1390,1390,HCPCS_1390,oov,unknown_unmappable,25,25,EGD
diagnosis,ICD9,767.19,76719,ICD9_76719,oov,code_version_mismatch,25,10,Other birth injuries to scalp
diagnosis,ICD10,H52.11,H5211,ICD10_H5211,oov,unknown_unmappable,25,11,"Myopia, right eye"
diagnosis,ICD9,259.0,2590,PHE_259.3,oov,pediatric_absent,25,6,Delayed puberty
diagnosis,ICD10,S83.231D,S83231D,ICD10_S83231D,oov,unknown_unmappable,25,1,"Complex tear of medial meniscus, current injury, right knee, subsequent encounter"
medication,RXNORM,1495317,1495317,RXN_1495317,oov,pediatric_absent,25,10,phenol/sodium phenolate
medication,RXNORM,835809,835809,RXN_835809,oov,pediatric_absent,25,6,testosterone enanthate
diagnosis,ICD10,A08.32,A0832,ICD10_A0832,oov,unknown_unmappable,25,12,Astrovirus gastroenteritis
diagnosis,ICD10,T74.12XS,T7412XS,ICD10_T7412XS,oov,unknown_unmappable,25,3,"Child physical abuse, sequela"
medication,RXNORM,1091341,1091341,RXN_1091341,oov,pediatric_absent,25,8,methylphenidate HCl
drg,DRG,MS152,MS152,DRG_MS152,oov,unknown_unmappable,25,22,OTITIS MEDIA & URI W MCC
diagnosis,ICD10,H52.202,H52202,ICD10_H52202,oov,unknown_unmappable,24,8,"Myopia with astigmatism, left"
medication,RXNORM,856652,856652,RXN_856652,oov,pediatric_absent,24,1,dantrolene sodium
medication,RXNORM,577208,577208,RXN_577208,oov,pediatric_absent,24,6,omega-3 acid ethyl esters
medication,RXNORM,1037184,1037184,RXN_1037184,oov,pediatric_absent,24,3,norethindrone-e.estradiol-iron
medication,RXNORM,636811,636811,RXN_636811,oov,pediatric_absent,24,11,melatonin
medication,RXNORM,313159,313159,RXN_313159,oov,pediatric_absent,24,14,sumatriptan
medication,RXNORM,855312,855312,RXN_855312,oov,pediatric_absent,24,6,warfarin sodium
diagnosis,ICD10,R10.83,R1083,ICD10_R1083,oov,unknown_unmappable,24,11,Colic
diagnosis,ICD10,Z73.811,Z73811,ICD10_Z73811,oov,unknown_unmappable,24,9,"Behavioral insomnia of childhood, limit setting type"
medication,RXNORM,312837,312837,RXN_312837,oov,pediatric_absent,24,12,rizatriptan benzoate
diagnosis,ICD10,H83.2X3,H832X3,ICD10_H832X3,oov,unknown_unmappable,24,3,"Vestibular dysfunction, bilateral"
diagnosis,ICD10,S89.122D,S89122D,ICD10_S89122D,oov,unknown_unmappable,24,1,"Salter-harris type ii physeal fracture of lower end of left tibia, subsequent encounter for fracture with routine healing"
drg,DRG,MS983,MS983,DRG_MS983,oov,unknown_unmappable,24,24,EXTENSIVE O.R. PROCEDURE UNRELATED TO PRINCIPAL DIAGNOSIS W/O CC/MCC
diagnosis,ICD10,S73.004S,S73004S,ICD10_S73004S,oov,unknown_unmappable,24,5,"Bilateral hip dislocation, sequela"
diagnosis,ICD10,S42.442D,S42442D,ICD10_S42442D,oov,unknown_unmappable,24,2,"Displaced fracture (avulsion) of medial epicondyle of left humerus, subsequent encounter for fracture with routine healing"
medication,RXNORM,349553,349553,RXN_349553,oov,pediatric_absent,24,4,aripiprazole
medication,RXNORM,242026,242026,RXN_242026,oov,pediatric_absent,24,5,melatonin
drg,DRG,MS864,MS864,DRG_MS864,oov,unknown_unmappable,24,21,FEVER AND INFLAMMATORY CONDITIONS
procedure,HCPCS,62460,62460,HCPCS_62460,oov,unknown_unmappable,24,24,MRI-BRAIN
medication,RXNORM,1094104,1094104,RXN_1094104,oov,pediatric_absent,23,10,phenazopyridine HCl
diagnosis,ICD10,Z13.1,Z131,ICD10_Z131,oov,unknown_unmappable,23,9,Encounter for screening for diabetes mellitus
medication,RXNORM,1649405,1649405,RXN_1649405,oov,pediatric_absent,23,4,doxycycline hyclate
diagnosis,ICD10,P22.1,P221,PHE_656.26,oov,pediatric_absent,23,11,Transient tachypnea of newborn
diagnosis,ICD10,Q53.21,Q5321,ICD10_Q5321,oov,unknown_unmappable,23,9,"Abdominal testis, bilateral"
medication,RXNORM,1736647,1736647,RXN_1736647,oov,pediatric_absent,23,3,rimabotulinumtoxinB
diagnosis,ICD10,M25.639,M25639,ICD10_M25639,oov,unknown_unmappable,23,2,Decreased ROM of wrist
medication,RXNORM,198428,198428,RXN_198428,oov,pediatric_absent,23,10,lamotrigine
diagnosis,ICD9,732.7,7327,PHE_732.7,oov,pediatric_absent,23,4,Osteochondritis dissecans
medication,RXNORM,753436,753436,RXN_753436,oov,pediatric_absent,23,7,methylphenidate
medication,RXNORM,1649560,1649560,RXN_1649560,oov,pediatric_absent,23,10,albuterol sulfate
diagnosis,ICD10,H10.12,H1012,ICD10_H1012,oov,unknown_unmappable,23,10,Allergic conjunctivitis of left eye
procedure,HCPCS,1430,1430,HCPCS_1430,oov,unknown_unmappable,23,23,"GASTROSTOMY TUBE, PLACE"
drg,DRG,MS103,MS103,DRG_MS103,oov,unknown_unmappable,23,18,HEADACHES W/O MCC
drg,DRG,OMAPR095,OMAPR095,DRG_OMAPR095,oov,unknown_unmappable,23,20,CLEFT LIP & PALATE REPAIR
drg,DRG,OMAPR751,OMAPR751,DRG_OMAPR751,oov,unknown_unmappable,23,18,MAJOR DEPRESSIVE DISORDERS & OTHER/UNSPECIFIED PSYCHOSES
drg,DRG,MS154,MS154,DRG_MS154,oov,unknown_unmappable,23,22,"OTHER EAR, NOSE, MOUTH & THROAT DIAGNOSES W MCC"
diagnosis,ICD10,T18.9XXD,T189XXD,ICD10_T189XXD,oov,unknown_unmappable,23,9,"Foreign body alimentary tract, subsequent encounter"
diagnosis,ICD10,H52.12,H5212,ICD10_H5212,oov,unknown_unmappable,23,7,"Myopia with astigmatism, left"
diagnosis,ICD10,S43.431D,S43431D,ICD10_S43431D,oov,unknown_unmappable,23,1,"Labral tear of shoulder, right, subsequent encounter"
diagnosis,ICD10,F31.78,F3178,ICD10_F3178,oov,unknown_unmappable,23,2,"Bipolar disorder, in full remission, most recent episode mixed"
medication,RXNORM,883826,883826,RXN_883826,oov,pediatric_absent,23,9,tranexamic acid
procedure,HCPCS,53794,53794,HCPCS_53794,oov,unknown_unmappable,23,23,MANOMETRY/ANORECTAL 91122
diagnosis,ICD9,761.5,7615,ICD9_7615,oov,code_version_mismatch,23,18,Fetus or newborn affected by multiple pregnancy of mother
drg,DRG,OMAPR661,OMAPR661,DRG_OMAPR661,oov,unknown_unmappable,23,4,COAGULATION & PLATELET DISORDERS
drg,DRG,MS884,MS884,DRG_MS884,oov,unknown_unmappable,23,20,ORGANIC DISTURBANCES & INTELLECTUAL DISABILITY
medication,RXNORM,310466,310466,RXN_310466,oov,pediatric_absent,23,7,gentamicin sulfate
diagnosis,ICD9,V21.32,V2132,PHE_637,oov,pediatric_absent,22,9,"Low birth weight status, 500-999 grams"
medication,RXNORM,1028454,1028454,RXN_1028454,oov,pediatric_absent,22,2,levomefolate/algal oil
medication,RXNORM,1313927,1313927,RXN_1313927,oov,pediatric_absent,22,4,iron polysaccharide complex/D3
medication,RXNORM,313564,313564,RXN_313564,oov,pediatric_absent,22,5,valacyclovir HCl
medication,RXNORM,1115462,1115462,RXN_1115462,oov,pediatric_absent,22,3,leuprolide acetate
medication,RXNORM,1806193,1806193,RXN_1806193,oov,pediatric_absent,22,3,methylphenidate HCl
medication,RXNORM,11251,11251,RXN_11251,oov,pediatric_absent,22,14,vitamin B complex
medication,RXNORM,1248739,1248739,RXN_1248739,oov,pediatric_absent,22,6,melatonin
medication,RXNORM,204423,204423,RXN_204423,oov,pediatric_absent,22,7,neomycin/polymyxin B/hydrocort
medication,RXNORM,1233031,1233031,RXN_1233031,oov,pediatric_absent,22,11,cholecalciferol (vitamin D3)
medication,RXNORM,966527,966527,RXN_966527,oov,pediatric_absent,22,13,budesonide
medication,RXNORM,1373226,1373226,RXN_1373226,oov,pediatric_absent,22,9,"petrolatum,white"
medication,RXNORM,1304261,1304261,RXN_1304261,oov,pediatric_absent,22,17,flu vaccine 2012 (2-49yrs)
diagnosis,ICD10,H35.131,H35131,ICD10_H35131,oov,unknown_unmappable,22,2,"Retinopathy of prematurity of right eye, stage 2"
diagnosis,ICD10,P24.30,P2430,ICD10_P2430,oov,unknown_unmappable,22,9,Aspiration of formula
medication,RXNORM,1666311,1666311,RXN_1666311,oov,pediatric_absent,22,1,factor IX human recombinant
medication,RXNORM,861004,861004,RXN_861004,oov,pediatric_absent,22,12,metformin HCl
medication,RXNORM,313650,313650,RXN_313650,oov,pediatric_absent,22,3,vitamin A palmitate
medication,RXNORM,1926331,1926331,RXN_1926331,oov,pediatric_absent,22,3,insulin lispro
medication,RXNORM,259216,259216,RXN_259216,oov,pediatric_absent,22,12,poractant alfa
drg,DRG,MS547,MS547,DRG_MS547,oov,unknown_unmappable,22,2,CONNECTIVE TISSUE DISORDERS W/O CC/MCC
drg,DRG,MS195,MS195,DRG_MS195,oov,unknown_unmappable,22,22,SIMPLE PNEUMONIA & PLEURISY W/O CC/MCC
drg,DRG,MS190,MS190,DRG_MS190,oov,unknown_unmappable,22,9,CHRONIC OBSTRUCTIVE PULMONARY DISEASE W MCC
diagnosis,ICD10,Z04.72,Z0472,ICD10_Z0472,oov,unknown_unmappable,22,11,Encounter for examination and observation following alleged child physical abuse
medication,RXNORM,1989814,1989814,RXN_1989814,oov,pediatric_absent,22,1,emicizumab-kxwh
diagnosis,ICD10,S59.911A,S59911A,ICD10_S59911A,oov,unknown_unmappable,22,18,"Unspecified injury of right forearm, initial encounter"
diagnosis,ICD10,Q70.33,Q7033,ICD10_Q7033,oov,unknown_unmappable,22,11,"Webbed toes, bilateral"
medication,RXNORM,313160,313160,RXN_313160,oov,pediatric_absent,22,10,sumatriptan succinate
diagnosis,ICD10,S73.003D,S73003D,ICD10_S73003D,oov,unknown_unmappable,22,6,"Subluxation of hip, unspecified laterality, subsequent encounter"
drg,DRG,OMAPR252,OMAPR252,DRG_OMAPR252,oov,unknown_unmappable,22,17,"MALFUNCTION, REACTION & COMPLICATION OF GI DEVICE OR PROCEDURE"
diagnosis,ICD10,F98.21,F9821,ICD10_F9821,oov,unknown_unmappable,21,3,Rumination disorder
medication,RXNORM,309090,309090,RXN_309090,oov,pediatric_absent,21,11,ceftriaxone sodium
medication,RXNORM,847628,847628,RXN_847628,oov,pediatric_absent,21,15,"Ringer's solution,lactated"
medication,RXNORM,861568,861568,RXN_861568,oov,pediatric_absent,21,3,esomeprazole magnesium
medication,RXNORM,197807,197807,RXN_197807,oov,pediatric_absent,21,16,ibuprofen
medication,RXNORM,1092380,1092380,RXN_1092380,oov,pediatric_absent,21,7,cholecalciferol (vitamin D3)
diagnosis,ICD10,H66.43,H6643,ICD10_H6643,oov,unknown_unmappable,21,10,"Suppurative otitis media, unspecified, bilateral"
medication,RXNORM,310364,310364,RXN_310364,oov,pediatric_absent,21,9,fluocinonide
procedure,HCPCS,46310,46310,HCPCS_46310,oov,unknown_unmappable,21,21,HYPOSPADIAS REPAIR
procedure,HCPCS,18214,18214,HCPCS_18214,oov,unknown_unmappable,21,21,TYMPANOSTOMY
diagnosis,ICD10,M51.45,M5145,ICD10_M5145,oov,unknown_unmappable,21,1,Schmorl's nodes of thoracolumbar region
medication,RXNORM,483438,483438,RXN_483438,oov,pediatric_absent,21,5,pregabalin
diagnosis,ICD10,M41.115,M41115,ICD10_M41115,oov,unknown_unmappable,21,9,Juvenile idiopathic scoliosis of thoracolumbar region
diagnosis,ICD10,T88.7XXD,T887XXD,ICD10_T887XXD,oov,unknown_unmappable,21,7,"Unspecified adverse effect of drug or medicament, subsequent encounter"
procedure,HCPCS,42500,42500,HCPCS_42500,oov,unknown_unmappable,21,21,HX WISDOM TEETH EXTRACTION
drg,DRG,OMAPR351,OMAPR351,DRG_OMAPR351,oov,unknown_unmappable,21,20,OTHER MUSCULOSKELETAL SYSTEM & CONNECTIVE TISSUE DIAGNOSES
diagnosis,ICD9,995.55,99555,ICD9_99555,oov,code_version_mismatch,21,4,Shaken baby syndrome
diagnosis,ICD10,T17.900S,T17900S,ICD10_T17900S,oov,unknown_unmappable,21,6,"Unspecified foreign body in respiratory tract, part unspecified causing asphyxiation, sequela"
diagnosis,ICD10,M41.119,M41119,ICD10_M41119,oov,unknown_unmappable,21,5,"Juvenile idiopathic scoliosis, site unspecified"
diagnosis,ICD10,K52.21,K5221,ICD10_K5221,oov,unknown_unmappable,21,4,Food protein-induced enterocolitis syndrome
medication,RXNORM,904396,904396,RXN_904396,oov,pediatric_absent,21,4,alendronate sodium
medication,RXNORM,313850,313850,RXN_313850,oov,pediatric_absent,21,15,amoxicillin
medication,RXNORM,204874,204874,RXN_204874,oov,pediatric_absent,21,1,neomycin/polymyxin B/hydrocort
diagnosis,ICD10,H04.552,H04552,ICD10_H04552,oov,unknown_unmappable,20,8,"Dacryostenosis, left"
medication,RXNORM,1661332,1661332,RXN_1661332,oov,pediatric_absent,20,4,antihemophilic factor/VWF
medication,RXNORM,904255,904255,RXN_904255,oov,pediatric_absent,20,11,sod.chlorid/potassium chloride
medication,RXNORM,1597101,1597101,RXN_1597101,oov,pediatric_absent,20,18,HPV vaccine 9-valent/PF
diagnosis,ICD10,Q68.6,Q686,ICD10_Q686,oov,unknown_unmappable,20,3,Discoid lateral meniscus of right knee
diagnosis,ICD10,R29.891,R29891,ICD10_R29891,oov,unknown_unmappable,20,4,Ocular torticollis
diagnosis,ICD10,C95.01,C9501,ICD10_C9501,oov,unknown_unmappable,20,1,Acute leukemia in remission
diagnosis,ICD10,H04.551,H04551,ICD10_H04551,oov,unknown_unmappable,20,9,"Blocked tear duct in infant, right"
medication,RXNORM,762857,762857,RXN_762857,oov,pediatric_absent,20,2,somatropin
medication,RXNORM,1294550,1294550,RXN_1294550,oov,pediatric_absent,20,1,conivaptan HCl in 5 % dextrose
diagnosis,ICD9,770.17,77017,ICD9_77017,oov,code_version_mismatch,20,5,Aspiration of formula
diagnosis,ICD10,T85.730D,T85730D,ICD10_T85730D,oov,unknown_unmappable,20,3,"Infection of VP (ventriculoperitoneal) shunt, subsequent encounter"
medication,RXNORM,238090,238090,RXN_238090,oov,pediatric_absent,20,4,pentobarbital sodium
diagnosis,ICD10,S61.402D,S61402D,ICD10_S61402D,oov,unknown_unmappable,20,1,"Flexor tendon laceration of hand with open wound, left, subsequent encounter"
diagnosis,ICD10,S43.491D,S43491D,ICD10_S43491D,oov,unknown_unmappable,20,1,"Other sprain of right shoulder joint, subsequent encounter"
procedure,HCPCS,49962,49962,HCPCS_49962,oov,unknown_unmappable,20,20,"HX AVC (AVSD), REPAIR, COMPLETE"
diagnosis,ICD10,Z87.710,Z87710,ICD10_Z87710,oov,unknown_unmappable,20,6,H/O corrected hypospadias
procedure,HCPCS,46328,46328,HCPCS_46328,oov,unknown_unmappable,20,20,HX UMBILICAL HERNIA REPAIR
drg,DRG,OMAPR793,OMAPR793,DRG_OMAPR793,oov,unknown_unmappable,20,19,MODERATELY EXTENSIVE OR PROCEDURES FOR OTHER COMPLICATIONS OF TREATMENT
medication,RXNORM,311034,311034,RXN_311034,oov,pediatric_absent,20,5,"insulin regular, human"
diagnosis,ICD10,P83.81,P8381,ICD10_P8381,oov,unknown_unmappable,20,8,Umbilical granuloma
diagnosis,ICD9,780.92,78092,ICD9_78092,oov,code_version_mismatch,20,14,Excessive crying of infant (baby)
medication,RXNORM,240448,240448,RXN_240448,oov,pediatric_absent,20,1,"interferon gamma-1b,recomb."
diagnosis,ICD10,R94.128,R94128,ICD10_R94128,oov,unknown_unmappable,20,10,Abnormal hearing test
procedure,HCPCS,53898,53898,HCPCS_53898,oov,unknown_unmappable,20,20,COLONOSCOPY/BIOPSY 45380
medication,RXNORM,313408,313408,RXN_313408,oov,pediatric_absent,20,7,timolol maleate
drg,DRG,OMAPR810,OMAPR810,DRG_OMAPR810,oov,unknown_unmappable,20,20,HEMORRHAGE OR HEMATOMA DUE TO COMPLICATION
diagnosis,ICD10,H04.553,H04553,ICD10_H04553,oov,unknown_unmappable,20,10,Acquired stenosis of bilateral nasolacrimal duct
drg,DRG,MS025,MS025,DRG_MS025,oov,unknown_unmappable,20,13,CRANIOTOMY & ENDOVASCULAR INTRACRANIAL PROCEDURES W MCC
diagnosis,ICD10,P07.25,P0725,ICD10_P0725,oov,unknown_unmappable,19,6,"Extreme immaturity of newborn, gestational age 26 completed weeks"
medication,RXNORM,1795514,1795514,RXN_1795514,oov,pediatric_absent,19,10,dextrose 50 % in water
medication,RXNORM,762846,762846,RXN_762846,oov,pediatric_absent,19,4,somatropin
medication,RXNORM,1860100,1860100,RXN_1860100,oov,pediatric_absent,19,7,ferrous sulfate
diagnosis,ICD10,H62.40,H6240,ICD10_H6240,oov,unknown_unmappable,19,3,Fungal otitis externa
diagnosis,ICD10,H66.014,H66014,ICD10_H66014,oov,unknown_unmappable,19,6,Recurrent acute suppurative otitis media of right ear with spontaneous rupture of tympanic membrane
medication,RXNORM,686418,686418,RXN_686418,oov,pediatric_absent,19,12,erythromycin ethylsuccinate
diagnosis,ICD10,S72.321D,S72321D,ICD10_S72321D,oov,unknown_unmappable,19,3,"Closed displaced transverse fracture of shaft of right femur with routine healing, subsequent encounter"
medication,RXNORM,861025,861025,RXN_861025,oov,pediatric_absent,19,5,metformin HCl
medication,RXNORM,608143,608143,RXN_608143,oov,pediatric_absent,19,3,atomoxetine HCl
diagnosis,ICD10,M41.04,M4104,ICD10_M4104,oov,unknown_unmappable,19,5,"Infantile idiopathic scoliosis, thoracic region"
procedure,HCPCS,46307,46307,HCPCS_46307,oov,unknown_unmappable,19,19,HX FRENULECTOMY
drg,DRG,MS189,MS189,DRG_MS189,oov,unknown_unmappable,19,15,PULMONARY EDEMA & RESPIRATORY FAILURE
drg,DRG,OMAPR121,OMAPR121,DRG_OMAPR121,oov,unknown_unmappable,19,16,OTHER RESPIRATORY & CHEST PROCEDURES
medication,RXNORM,1812468,1812468,RXN_1812468,oov,pediatric_absent,19,2,lumacaftor/ivacaftor
diagnosis,ICD10,M23.300,M23300,ICD10_M23300,oov,unknown_unmappable,19,3,"Other meniscus derangements, unspecified lateral meniscus, right knee"
medication,RXNORM,3565,3565,RXN_3565,oov,pediatric_absent,19,19,"succinylcholine/sod clr,iso/PF"
medication,RXNORM,2222,2222,RXN_2222,oov,pediatric_absent,19,12,"cellulose,oxidized"
medication,RXNORM,315102,315102,RXN_315102,oov,pediatric_absent,19,4,fluoride (sodium)
diagnosis,ICD10,P70.0,P700,PHE_656.3,oov,pediatric_absent,19,15,Syndrome of infant of mother with gestational diabetes
drg,DRG,MS981,MS981,DRG_MS981,oov,unknown_unmappable,19,19,EXTENSIVE O.R. PROCEDURE UNRELATED TO PRINCIPAL DIAGNOSIS W MCC
diagnosis,ICD10,M93.90,M9390,ICD10_M9390,oov,unknown_unmappable,19,3,Apophysitis
medication,RXNORM,835894,835894,RXN_835894,oov,pediatric_absent,19,2,"cyclosporine, modified"
medication,RXNORM,895487,895487,RXN_895487,oov,pediatric_absent,19,11,fluticasone propionate
drg,DRG,MS394,MS394,DRG_MS394,oov,unknown_unmappable,19,17,OTHER DIGESTIVE SYSTEM DIAGNOSES W CC
drg,DRG,OMAPR309,OMAPR309,DRG_OMAPR309,oov,unknown_unmappable,19,16,OTHER SIGNIFICANT HIP & FEMUR SURGERY
diagnosis,ICD10,S83.002D,S83002D,ICD10_S83002D,oov,unknown_unmappable,19,1,"Subluxation of left patella, subsequent encounter"
medication,RXNORM,997406,997406,RXN_997406,oov,pediatric_absent,19,4,fexofenadine/pseudoephedrine
medication,RXNORM,608139,608139,RXN_608139,oov,pediatric_absent,18,1,atomoxetine HCl
medication,RXNORM,252479,252479,RXN_252479,oov,pediatric_absent,18,2,lamotrigine
medication,RXNORM,1091322,1091322,RXN_1091322,oov,pediatric_absent,18,2,methylphenidate HCl
medication,RXNORM,308513,308513,RXN_308513,oov,pediatric_absent,18,3,bacitracin/polymyxin B sulfate
medication,RXNORM,491498,491498,RXN_491498,oov,pediatric_absent,18,6,cellulose gum
diagnosis,ICD10,S92.354D,S92354D,ICD10_S92354D,oov,unknown_unmappable,18,2,"Nondisplaced fracture of fifth metatarsal bone, right foot, subsequent encounter for fracture with routine healing"
diagnosis,ICD9,V79.8,V798,ICD9_V798,oov,code_version_mismatch,18,11,Screening for other specified mental disorders and developmental handicaps
diagnosis,ICD10,F98.29,F9829,ICD10_F9829,oov,unknown_unmappable,18,11,Other feeding disorders of infancy and early childhood
medication,RXNORM,798242,798242,RXN_798242,oov,pediatric_absent,18,9,pneumoc 7-val conj-dip crm/PF
medication,RXNORM,1297761,1297761,RXN_1297761,oov,pediatric_absent,18,4,esomeprazole magnesium
medication,RXNORM,1595460,1595460,RXN_1595460,oov,pediatric_absent,18,1,lipase/protease/amylase
medication,RXNORM,4301,4301,RXN_4301,oov,pediatric_absent,18,6,omega-3 fatty acids
diagnosis,ICD9,774.30,77430,PHE_656.8,oov,pediatric_absent,18,5,"Neonatal jaundice due to delayed conjugation, cause unspecified"
diagnosis,ICD10,H74.8X2,H748X2,ICD10_H748X2,oov,unknown_unmappable,18,13,Other specified disorders of left middle ear and mastoid
diagnosis,ICD9,767.0,7670,ICD9_7670,oov,code_version_mismatch,18,6,"Subdural and cerebral hemorrhage,  birth trauma"
medication,RXNORM,1357010,1357010,RXN_1357010,oov,pediatric_absent,18,8,brompheniramine/pseudoephed/DM
medication,RXNORM,313234,313234,RXN_313234,oov,pediatric_absent,18,1,testosterone
medication,RXNORM,807273,807273,RXN_807273,oov,pediatric_absent,18,14,tetanus-diphtheria toxoids/PF
medication,RXNORM,310600,310600,RXN_310600,oov,pediatric_absent,18,12,"griseofulvin, microsize"
medication,RXNORM,2003714,2003714,RXN_2003714,oov,pediatric_absent,18,10,morphine sulfate
diagnosis,ICD9,774.39,77439,PHE_656.8,oov,pediatric_absent,18,8,Other neonatal jaundice due to delayed conjugation from other causes
procedure,HCPCS,48417,48417,HCPCS_48417,oov,unknown_unmappable,18,18,HX HIP SURGERY
procedure,HCPCS,46324,46324,HCPCS_46324,oov,unknown_unmappable,18,18,HX SINUS SURGERY
drg,DRG,MS328,MS328,DRG_MS328,oov,unknown_unmappable,18,18,"STOMACH, ESOPHAGEAL & DUODENAL PROC W/O CC/MCC"
drg,DRG,MS228,MS228,DRG_MS228,oov,unknown_unmappable,18,15,OTHER CARDIOTHORACIC PROCEDURES W MCC
drg,DRG,MS566,MS566,DRG_MS566,oov,unknown_unmappable,18,12,OTHER MUSCULOSKELETAL SYS & CONNECTIVE TISSUE DIAGNOSES W/O CC/MCC
medication,RXNORM,1356586,1356586,RXN_1356586,oov,pediatric_absent,18,3,perampanel
diagnosis,ICD10,S90.851A,S90851A,ICD10_S90851A,oov,unknown_unmappable,18,6,"Superficial foreign body, right foot, initial encounter"
medication,RXNORM,997415,997415,RXN_997415,oov,pediatric_absent,18,1,fexofenadine/pseudoephedrine
diagnosis,ICD10,P07.20,P0720,ICD10_P0720,oov,unknown_unmappable,18,5,Extreme prematurity
diagnosis,ICD10,H02.59,H0259,ICD10_H0259,oov,unknown_unmappable,18,7,Excessive blinking
diagnosis,ICD9,779.3,7793,ICD9_7793,oov,code_version_mismatch,18,6,Disorder of stomach function and feeding problems in newborn
diagnosis,ICD10,S52.551D,S52551D,ICD10_S52551D,oov,unknown_unmappable,18,3,"Other extraarticular fracture of lower end of right radius, subsequent encounter for closed fracture with routine healing"
procedure,HCPCS,45922,45922,HCPCS_45922,oov,unknown_unmappable,18,18,HX BOTOX INJECTIONS
diagnosis,ICD10,Z71.82,Z7182,ICD10_Z7182,oov,unknown_unmappable,18,6,Exercise counseling
medication,RXNORM,543460,543460,RXN_543460,oov,pediatric_absent,18,15,ammonium lactate
medication,RXNORM,1648759,1648759,RXN_1648759,oov,pediatric_absent,18,7,nitrofurantoin macrocrystal
drg,DRG,OMAPR089,OMAPR089,DRG_OMAPR089,oov,unknown_unmappable,18,18,MAJOR CRANIAL/FACIAL BONE PROCEDURES
medication,RXNORM,896766,896766,RXN_896766,oov,pediatric_absent,18,3,labetalol HCl
drg,DRG,MS835,MS835,DRG_MS835,oov,unknown_unmappable,18,2,ACUTE LEUKEMIA W/O MAJOR O.R. PROCEDURE W CC
diagnosis,ICD10,H53.012,H53012,ICD10_H53012,oov,unknown_unmappable,18,3,"Deprivation amblyopia, left eye"
diagnosis,ICD10,M99.04,M9904,ICD10_M9904,oov,unknown_unmappable,17,3,Segmental and somatic dysfunction of sacral region
diagnosis,ICD10,M99.03,M9903,ICD10_M9903,oov,unknown_unmappable,17,3,Segmental and somatic dysfunction of lumbar region
medication,RXNORM,884532,884532,RXN_884532,oov,pediatric_absent,17,1,dextroamphetamine sulfate
medication,RXNORM,312745,312745,RXN_312745,oov,pediatric_absent,17,4,quetiapine fumarate
medication,RXNORM,313913,313913,RXN_313913,oov,pediatric_absent,17,1,lipase/protease/amylase
diagnosis,ICD10,H93.93,H9393,ICD10_H9393,oov,unknown_unmappable,17,17,"Unspecified disorder of ear, bilateral"
diagnosis,ICD10,M99.01,M9901,ICD10_M9901,oov,unknown_unmappable,17,3,Segmental and somatic dysfunction of cervical region
medication,RXNORM,1421151,1421151,RXN_1421151,oov,pediatric_absent,17,14,gadoterate meglumine
medication,RXNORM,864818,864818,RXN_864818,oov,pediatric_absent,17,2,oxybutynin chloride
medication,RXNORM,992441,992441,RXN_992441,oov,pediatric_absent,17,9,promethazine HCl
diagnosis,ICD10,M99.09,M9909,ICD10_M9909,oov,unknown_unmappable,17,3,Segmental and somatic dysfunction of abdomen and other regions
medication,RXNORM,310433,310433,RXN_310433,oov,pediatric_absent,17,7,gabapentin
diagnosis,ICD10,Z71.9,Z719,ICD10_Z719,oov,unknown_unmappable,17,8,Encounter for consultation
procedure,HCPCS,46438,46438,HCPCS_46438,oov,unknown_unmappable,17,17,HX EGD WITH BIOPSY
medication,RXNORM,309314,309314,RXN_309314,oov,pediatric_absent,17,4,citalopram hydrobromide
diagnosis,ICD10,H53.041,H53041,ICD10_H53041,oov,unknown_unmappable,17,2,Suspected amblyopia of right eye
medication,RXNORM,8928,8928,RXN_8928,oov,pediatric_absent,17,3,psyllium seed
diagnosis,ICD10,H93.299,H93299,ICD10_H93299,oov,unknown_unmappable,17,10,"Abnormal auditory perception, unspecified laterality"
medication,RXNORM,753438,753438,RXN_753438,oov,pediatric_absent,17,5,methylphenidate
procedure,HCPCS,1438,1438,HCPCS_1438,oov,unknown_unmappable,17,17,LIVER BIOPSY
diagnosis,ICD10,T68.XXXD,T68XXXD,ICD10_T68XXXD,oov,unknown_unmappable,17,6,"Hypothermia, subsequent encounter"
drg,DRG,MS003,MS003,DRG_MS003,oov,unknown_unmappable,17,17,"ECMO OR TRACH W MV >96 HRS OR PDX EXC FACE, MOUTH & NECK W MAJ O.R."
drg,DRG,OMAPR758,OMAPR758,DRG_OMAPR758,oov,unknown_unmappable,17,12,BEHAVIORAL DISORDERS
drg,DRG,OMAPR145,OMAPR145,DRG_OMAPR145,oov,unknown_unmappable,17,14,ACUTE BRONCHITIS & RELATED SYMPTOMS
diagnosis,ICD10,M99.00,M9900,ICD10_M9900,oov,unknown_unmappable,17,3,Segmental and somatic dysfunction of head region
diagnosis,ICD10,S32.615A,S32615A,ICD10_S32615A,oov,unknown_unmappable,17,1,"Closed nondisplaced avulsion fracture of left ischium, initial encounter"
medication,RXNORM,198193,198193,RXN_198193,oov,pediatric_absent,17,8,ranitidine HCl
medication,RXNORM,749848,749848,RXN_749848,oov,pediatric_absent,17,3,desogestrel-ethinyl estradiol
medication,RXNORM,1867992,1867992,RXN_1867992,oov,pediatric_absent,17,13,lidocaine HCl/epinephrine/PF
diagnosis,ICD10,T17.320D,T17320D,ICD10_T17320D,oov,unknown_unmappable,17,2,"Food in larynx causing asphyxiation, subsequent encounter"
diagnosis,ICD10,S83.412D,S83412D,ICD10_S83412D,oov,unknown_unmappable,17,2,"Sprain of medial collateral ligament of left knee, subsequent encounter"
drg,DRG,MS327,MS327,DRG_MS327,oov,unknown_unmappable,17,14,"STOMACH, ESOPHAGEAL & DUODENAL PROC W CC"
drg,DRG,MS326,MS326,DRG_MS326,oov,unknown_unmappable,17,15,"STOMACH, ESOPHAGEAL & DUODENAL PROC W MCC"
procedure,HCPCS,45952,45952,HCPCS_45952,oov,unknown_unmappable,17,17,HX G-TUBE REMOVAL
medication,RXNORM,904447,904447,RXN_904447,oov,pediatric_absent,17,4,alendronate sodium
diagnosis,ICD10,Z13.79,Z1379,ICD10_Z1379,oov,unknown_unmappable,17,13,Encounter for other screening for genetic and chromosomal anomalies
medication,RXNORM,91349,91349,RXN_91349,oov,pediatric_absent,17,2,hydrogen peroxide
drg,DRG,MS948,MS948,DRG_MS948,oov,unknown_unmappable,17,17,SIGNS & SYMPTOMS W/O MCC
diagnosis,ICD10,S06.0X1D,S060X1D,ICD10_S060X1D,oov,unknown_unmappable,16,6,"Concussion with loss of consciousness of 30 minutes or less, subsequent encounter"
medication,RXNORM,866406,866406,RXN_866406,oov,pediatric_absent,16,5,cholecalciferol (vitamin D3)
medication,RXNORM,665078,665078,RXN_665078,oov,pediatric_absent,16,9,loratadine
medication,RXNORM,153098,153098,RXN_153098,oov,pediatric_absent,16,6,deflazacort
medication,RXNORM,245723,245723,RXN_245723,oov,pediatric_absent,16,6,tretinoin
medication,RXNORM,833234,833234,RXN_833234,oov,pediatric_absent,16,1,mesalamine
medication,RXNORM,1552002,1552002,RXN_1552002,oov,pediatric_absent,16,2,tiotropium bromide
medication,RXNORM,724863,724863,RXN_724863,oov,pediatric_absent,16,3,armodafinil
medication,RXNORM,686379,686379,RXN_686379,oov,pediatric_absent,16,2,celecoxib
medication,RXNORM,349420,349420,RXN_349420,oov,pediatric_absent,16,1,desloratadine
diagnosis,ICD10,P38.9,P389,ICD10_P389,oov,unknown_unmappable,16,6,Omphalitis without hemorrhage
diagnosis,ICD10,S52.209A,S52209A,ICD10_S52209A,oov,unknown_unmappable,16,4,"Forearm fractures, both bones, closed"
diagnosis,ICD10,P04.49,P0449,ICD10_P0449,oov,unknown_unmappable,16,15,Newborn affected by maternal use of other drugs of addiction
diagnosis,ICD9,384.9,3849,PHE_384,oov,pediatric_absent,16,8,Unspecified disorder of tympanic membrane
medication,RXNORM,197944,197944,RXN_197944,oov,pediatric_absent,16,2,methocarbamol
medication,RXNORM,1726676,1726676,RXN_1726676,oov,pediatric_absent,16,1,bleomycin sulfate
medication,RXNORM,346494,346494,RXN_346494,oov,pediatric_absent,16,5,somatropin
medication,RXNORM,903887,903887,RXN_903887,oov,pediatric_absent,16,2,fluvoxamine maleate
diagnosis,ICD10,S02.0XXS,S020XXS,ICD10_S020XXS,oov,unknown_unmappable,16,2,"Closed fracture of parietal bone, sequela"
medication,RXNORM,1442442,1442442,RXN_1442442,oov,pediatric_absent,16,9,calcium carbonate/vitamin D3
medication,RXNORM,198640,198640,RXN_198640,oov,pediatric_absent,16,3,folic acid
procedure,HCPCS,45977,45977,HCPCS_45977,oov,unknown_unmappable,16,16,HX SPINAL FUSION
procedure,HCPCS,53964,53964,HCPCS_53964,oov,unknown_unmappable,16,16,IMPEDANCE WITH POLYSOMNOGRAPHY (PSG)
medication,RXNORM,1364435,1364435,RXN_1364435,oov,pediatric_absent,16,1,apixaban
medication,RXNORM,309844,309844,RXN_309844,oov,pediatric_absent,16,12,diazepam
diagnosis,ICD9,771.82,77182,PHE_657,oov,pediatric_absent,16,15,Urinary tract infection of newborn
diagnosis,ICD10,M99.08,M9908,ICD10_M9908,oov,unknown_unmappable,16,2,Somatic dysfunction of rib region
diagnosis,ICD10,M99.02,M9902,ICD10_M9902,oov,unknown_unmappable,16,2,Somatic dysfunction of thoracic region
procedure,HCPCS,45632,45632,HCPCS_45632,oov,unknown_unmappable,16,16,HX NASAL CAUTERY
procedure,HCPCS,45970,45970,HCPCS_45970,oov,unknown_unmappable,16,16,"HX PDA CLOSURE, SURGICAL"
drg,DRG,OMAPR722,OMAPR722,DRG_OMAPR722,oov,unknown_unmappable,16,15,FEVER & INFLAMMATORY CONDITIONS
drg,DRG,MS792,MS792,DRG_MS792,oov,unknown_unmappable,16,16,PREMATURITY W/O MAJOR PROBLEMS
drg,DRG,MS886,MS886,DRG_MS886,oov,unknown_unmappable,16,8,BEHAVIORAL & DEVELOPMENTAL DISORDERS
medication,RXNORM,1304128,1304128,RXN_1304128,oov,pediatric_absent,16,13,flu vaccine 2012-13(36mos+)/PF
diagnosis,ICD10,S52.90XA,S5290XA,ICD10_S5290XA,oov,unknown_unmappable,16,4,"Forearm fractures, both bones, closed"
diagnosis,ICD10,S62.512D,S62512D,ICD10_S62512D,oov,unknown_unmappable,16,6,"Displaced fracture of proximal phalanx of left thumb, subsequent encounter for fracture with routine healing"
medication,RXNORM,1358763,1358763,RXN_1358763,oov,pediatric_absent,16,2,norethindrone-e.estradiol-iron
diagnosis,ICD10,Z91.038,Z91038,ICD10_Z91038,oov,unknown_unmappable,16,11,Allergy to ant bite
diagnosis,ICD10,Q66.81,Q6681,ICD10_Q6681,oov,unknown_unmappable,16,2,Right rocker bottom foot
diagnosis,ICD10,Q53.02,Q5302,ICD10_Q5302,oov,unknown_unmappable,16,6,Ectopic testis of both sides
diagnosis,ICD10,S76.319A,S76319A,ICD10_S76319A,oov,unknown_unmappable,16,3,"Hamstring muscle strain, unspecified laterality, initial encounter"
diagnosis,ICD10,T74.4XXS,T744XXS,ICD10_T744XXS,oov,unknown_unmappable,16,4,"Shaken baby syndrome, sequela"
medication,RXNORM,311028,311028,RXN_311028,oov,pediatric_absent,16,1,insulin NPH human isophane
drg,DRG,OMAPR588,OMAPR588,DRG_OMAPR588,oov,unknown_unmappable,16,16,NEONATE BWT <1500G W MAJOR PROCEDURE
drg,DRG,OMAPR220,OMAPR220,DRG_OMAPR220,oov,unknown_unmappable,16,13,"MAJOR STOMACH, ESOPHAGEAL & DUODENAL PROCEDURES"
drg,DRG,MS516,MS516,DRG_MS516,oov,unknown_unmappable,16,11,OTHER MUSCULOSKELET SYS & CONN TISS O.R. PROC W CC
medication,RXNORM,830261,830261,RXN_830261,oov,pediatric_absent,16,5,hepatitis B virus vaccine/PF
medication,RXNORM,855168,855168,RXN_855168,oov,pediatric_absent,16,4,levocetirizine dihydrochloride
medication,RXNORM,856364,856364,RXN_856364,oov,pediatric_absent,16,4,trazodone HCl
diagnosis,ICD10,P00.0,P000,ICD10_P000,oov,unknown_unmappable,15,14,Newborn affected by maternal hypertensive disorders
diagnosis,ICD10,Z48.290,Z48290,ICD10_Z48290,oov,unknown_unmappable,15,2,Encounter for aftercare following bone marrow transplant
diagnosis,ICD10,H04.533,H04533,ICD10_H04533,oov,unknown_unmappable,15,6,"Nasolacrimal duct obstruction, neonatal, bilateral"
medication,RXNORM,310434,310434,RXN_310434,oov,pediatric_absent,15,4,gabapentin
diagnosis,ICD10,P78.89,P7889,ICD10_P7889,oov,unknown_unmappable,15,6,Infrequent neonatal stooling
diagnosis,ICD10,H53.031,H53031,ICD10_H53031,oov,unknown_unmappable,15,3,"Strabismic amblyopia, right eye"
diagnosis,ICD9,768.73,76873,ICD9_76873,oov,code_version_mismatch,15,5,"Hie (hypoxic-ischemic encephalopathy), severe"
diagnosis,ICD10,S83.412S,S83412S,ICD10_S83412S,oov,unknown_unmappable,15,1,"Sprain of medial collateral ligament of left knee, sequela"
medication,RXNORM,1727443,1727443,RXN_1727443,oov,pediatric_absent,15,2,methylphenidate HCl
medication,RXNORM,756336,756336,RXN_756336,oov,pediatric_absent,15,9,iron polysaccharide complex
diagnosis,ICD10,S82.392D,S82392D,ICD10_S82392D,oov,unknown_unmappable,15,3,"Other fracture of lower end of left tibia, subsequent encounter for closed fracture with routine healing"
procedure,HCPCS,47742,47742,HCPCS_47742,oov,unknown_unmappable,15,15,HX TURBINATE RESECTION
diagnosis,ICD10,S52.301D,S52301D,ICD10_S52301D,oov,unknown_unmappable,15,3,"Unspecified fracture of shaft of right radius, subsequent encounter for closed fracture with routine healing"
diagnosis,ICD10,P04.41,P0441,ICD10_P0441,oov,unknown_unmappable,15,5,Newborn affected by maternal use of cocaine
diagnosis,ICD10,S16.1XXD,S161XXD,ICD10_S161XXD,oov,unknown_unmappable,15,3,"Strain, cervical, subsequent encounter"
medication,RXNORM,308071,308071,RXN_308071,oov,pediatric_absent,15,11,aluminum chloride
medication,RXNORM,1605066,1605066,RXN_1605066,oov,pediatric_absent,15,3,filgrastim-sndz
medication,RXNORM,314092,314092,RXN_314092,oov,pediatric_absent,15,2,mesalamine
medication,RXNORM,688240,688240,RXN_688240,oov,pediatric_absent,15,7,"estrogens, conjugated"
drg,DRG,OMAPR693,OMAPR693,DRG_OMAPR693,oov,unknown_unmappable,15,3,CHEMOTHERAPY
drg,DRG,OMAPR695,OMAPR695,DRG_OMAPR695,oov,unknown_unmappable,15,1,CHEMOTHERAPY FOR ACUTE LEUKEMIA
drg,DRG,OMAPR660,OMAPR660,DRG_OMAPR660,oov,unknown_unmappable,15,7,MAJOR HEMATOLOGIC/IMMUNOLOGIC DIAG EXC SICKLE CELL CRISIS & COAGUL
drg,DRG,MS809,MS809,DRG_MS809,oov,unknown_unmappable,15,6,MAJOR HEMATOL/IMMUN DIAG EXC SICKLE CELL CRISIS & COAGUL W CC
diagnosis,ICD10,H50.16,H5016,ICD10_H5016,oov,unknown_unmappable,15,3,Alternating exotropia with A pattern
diagnosis,ICD10,H66.013,H66013,ICD10_H66013,oov,unknown_unmappable,15,8,"Acute suppurative otitis media of both ears with spontaneous rupture of tympanic membranes, recurrence not specified"
medication,RXNORM,904405,904405,RXN_904405,oov,pediatric_absent,15,4,alendronate sodium
diagnosis,ICD10,S82.244A,S82244A,ICD10_S82244A,oov,unknown_unmappable,15,4,"Closed nondisplaced spiral fracture of shaft of right tibia, initial encounter"
diagnosis,ICD10,G40.823,G40823,ICD10_G40823,oov,unknown_unmappable,15,2,Intractable epileptic spasms with status epilepticus
drg,DRG,OMAPR207,OMAPR207,DRG_OMAPR207,oov,unknown_unmappable,15,12,OTHER CIRCULATORY SYSTEM DIAGNOSES
medication,RXNORM,312880,312880,RXN_312880,oov,pediatric_absent,15,14,salicylic acid
medication,RXNORM,830460,830460,RXN_830460,oov,pediatric_absent,15,3,rabies vaccine (PCEC)/PF
medication,RXNORM,1870225,1870225,RXN_1870225,oov,pediatric_absent,15,10,epinephrine
medication,RXNORM,664981,664981,RXN_664981,oov,pediatric_absent,15,13,vitamins A and D
medication,RXNORM,197575,197575,RXN_197575,oov,pediatric_absent,15,5,desoximetasone
drg,DRG,OMAPR320,OMAPR320,DRG_OMAPR320,oov,unknown_unmappable,15,10,OTHER MUSCULOSKELETAL SYSTEM & CONNECTIVE TISSUE PROCEDURES
medication,RXNORM,903884,903884,RXN_903884,oov,pediatric_absent,15,2,fluvoxamine maleate
medication,RXNORM,1797920,1797920,RXN_1797920,oov,pediatric_absent,14,3,beclomethasone dipropionate
diagnosis,ICD10,H65.112,H65112,ICD10_H65112,oov,unknown_unmappable,14,7,Acute mucoid otitis media of left ear
medication,RXNORM,884535,884535,RXN_884535,oov,pediatric_absent,14,1,dextroamphetamine sulfate
diagnosis,ICD10,M23.301,M23301,ICD10_M23301,oov,unknown_unmappable,14,3,"Other meniscus derangements, unspecified lateral meniscus, left knee"
diagnosis,ICD10,W21.05XA,W2105XA,ICD10_W2105XA,oov,unknown_unmappable,14,11,"Struck by basketball, initial encounter"
diagnosis,ICD10,T81.9XXA,T819XXA,ICD10_T819XXA,oov,unknown_unmappable,14,7,"Complication of circumcision, initial encounter"
medication,RXNORM,892251,892251,RXN_892251,oov,pediatric_absent,14,5,levothyroxine sodium
medication,RXNORM,895987,895987,RXN_895987,oov,pediatric_absent,14,11,fluticasone propionate
diagnosis,ICD10,S82.242D,S82242D,ICD10_S82242D,oov,unknown_unmappable,14,1,"Displaced spiral fracture of shaft of left tibia, subsequent encounter for closed fracture with routine healing"
diagnosis,ICD10,S86.312D,S86312D,ICD10_S86312D,oov,unknown_unmappable,14,1,"Strain of muscle(s) and tendon(s) of peroneal muscle group at lower leg level, left leg, subsequent encounter"
medication,RXNORM,311254,311254,RXN_311254,oov,pediatric_absent,14,7,ammonium lactate
diagnosis,ICD10,T85.01XD,T8501XD,ICD10_T8501XD,oov,unknown_unmappable,14,3,"Breakdown (mechanical) of ventricular intracranial (communicating) shunt, subsequent encounter"
procedure,HCPCS,48416,48416,HCPCS_48416,oov,unknown_unmappable,14,14,HX KNEE SURGERY
medication,RXNORM,309593,309593,RXN_309593,oov,pediatric_absent,14,4,cyanocobalamin (vitamin B-12)
procedure,HCPCS,47831,47831,HCPCS_47831,oov,unknown_unmappable,14,14,HX LAPAROSCOPIC APPENDECTOMY
procedure,HCPCS,68721,68721,HCPCS_68721,oov,unknown_unmappable,14,14,NASAL ENDOSCOPY
medication,RXNORM,1869684,1869684,RXN_1869684,oov,pediatric_absent,14,2,glutamine
medication,RXNORM,1374569,1374569,RXN_1374569,oov,pediatric_absent,14,5,tobramycin
diagnosis,ICD10,S09.93XD,S0993XD,ICD10_S0993XD,oov,unknown_unmappable,14,5,"Facial trauma, subsequent encounter"
diagnosis,ICD10,Y93.43,Y9343,ICD10_Y9343,oov,unknown_unmappable,14,9,"Activity, gymnastics"
diagnosis,ICD10,M99.07,M9907,ICD10_M9907,oov,unknown_unmappable,14,2,Somatic dysfunction of upper extremity
diagnosis,ICD10,M99.06,M9906,ICD10_M9906,oov,unknown_unmappable,14,2,Somatic dysfunction of lower extremity
diagnosis,ICD10,H65.05,H6505,ICD10_H6505,oov,unknown_unmappable,14,7,Recurrent acute serous otitis media of left ear
procedure,HCPCS,48146,48146,HCPCS_48146,oov,unknown_unmappable,14,14,HX TEAR DUCT SURGERY
drg,DRG,MS921,MS921,DRG_MS921,oov,unknown_unmappable,14,14,COMPLICATIONS OF TREATMENT W/O CC/MCC
drg,DRG,OMAPR634,OMAPR634,DRG_OMAPR634,oov,unknown_unmappable,14,14,"NEONATE, BIRTHWT >2499G W RESP DIST SYND/OTH MAJ RESP COND"
drg,DRG,OMAPR639,OMAPR639,DRG_OMAPR639,oov,unknown_unmappable,14,14,NEONATE BIRTHWT >2499G W OTHER SIGNIFICANT CONDITION
drg,DRG,MS811,MS811,DRG_MS811,oov,unknown_unmappable,14,12,RED BLOOD CELL DISORDERS W MCC
drg,DRG,OMAPR140,OMAPR140,DRG_OMAPR140,oov,unknown_unmappable,14,3,CHRONIC OBSTRUCTIVE PULMONARY DISEASE
drg,DRG,OMAPR420,OMAPR420,DRG_OMAPR420,oov,unknown_unmappable,14,7,DIABETES
medication,RXNORM,347980,347980,RXN_347980,oov,pediatric_absent,14,1,lipase/protease/amylase
medication,RXNORM,244374,244374,RXN_244374,oov,pediatric_absent,14,8,erythromycin/benzoyl peroxide
diagnosis,ICD10,H50.612,H50612,ICD10_H50612,oov,unknown_unmappable,14,3,"Brown syndrome, left eye"
diagnosis,ICD10,Q25.8,Q258,ICD10_Q258,oov,unknown_unmappable,14,7,Other congenital malformations of other great arteries
medication,RXNORM,1085736,1085736,RXN_1085736,oov,pediatric_absent,14,3,triamcinolone acetonide
diagnosis,ICD10,S52.135D,S52135D,ICD10_S52135D,oov,unknown_unmappable,14,1,"Closed nondisplaced fracture of neck of left radius with routine healing, subsequent encounter"
drg,DRG,OMAPR114,OMAPR114,DRG_OMAPR114,oov,unknown_unmappable,14,14,DENTAL DISEASES & DISORDERS
drg,DRG,MS004,MS004,DRG_MS004,oov,unknown_unmappable,14,14,"TRACH W MV >96 HRS OR PDX EXC FACE, MOUTH & NECK W/O MAJ O.R."
drg,DRG,OMAPR052,OMAPR052,DRG_OMAPR052,oov,unknown_unmappable,14,14,ALTERATION IN CONSCIOUSNESS
drg,DRG,MS813,MS813,DRG_MS813,oov,unknown_unmappable,14,9,COAGULATION DISORDERS
diagnosis,ICD10,S42.452D,S42452D,ICD10_S42452D,oov,unknown_unmappable,14,2,"Displaced fracture of lateral condyle of left humerus, subsequent encounter for fracture with routine healing"
drg,DRG,OMAPR023,OMAPR023,DRG_OMAPR023,oov,unknown_unmappable,14,12,SPINAL PROCEDURES
procedure,HCPCS,60559,60559,HCPCS_60559,oov,unknown_unmappable,14,14,HX CIRCUMCISION REVISION
medication,RXNORM,199106,199106,RXN_199106,oov,pediatric_absent,14,8,pyrantel pamoate
medication,RXNORM,966225,966225,RXN_966225,oov,pediatric_absent,14,8,levothyroxine sodium
medication,RXNORM,692578,692578,RXN_692578,oov,pediatric_absent,14,2,esomeprazole magnesium
diagnosis,ICD10,S06.9X4S,S069X4S,ICD10_S069X4S,oov,unknown_unmappable,14,1,"Traumatic brain injury, with loss of consciousness of 6 hours to 24 hours, sequela"
medication,RXNORM,801109,801109,RXN_801109,oov,pediatric_absent,14,2,electrolyte-A solution
drg,DRG,MS836,MS836,DRG_MS836,oov,unknown_unmappable,14,5,ACUTE LEUKEMIA W/O MAJOR O.R. PROCEDURE W/O CC/MCC
diagnosis,ICD10,S73.192D,S73192D,ICD10_S73192D,oov,unknown_unmappable,14,1,"Tear of left acetabular labrum, subsequent encounter"
drg,DRG,OMAPR248,OMAPR248,DRG_OMAPR248,oov,unknown_unmappable,14,9,MAJOR GASTROINTESTINAL & PERITONEAL INFECTIONS
medication,RXNORM,315090,315090,RXN_315090,oov,pediatric_absent,14,2,erythromycin base
diagnosis,ICD10,T74.22XD,T7422XD,ICD10_T7422XD,oov,unknown_unmappable,13,5,"Child sexual abuse, subsequent encounter"
medication,RXNORM,794639,794639,RXN_794639,oov,pediatric_absent,13,3,lubiprostone
diagnosis,ICD10,P55.1,P551,PHE_656.1,oov,pediatric_absent,13,4,ABO isoimmunization of newborn
diagnosis,ICD10,A38.8,A388,ICD10_A388,oov,unknown_unmappable,13,9,Streptococcal sore throat with scarlatina
diagnosis,ICD10,O36.5990,O365990,ICD10_O365990,oov,unknown_unmappable,13,5,"IUGR (intrauterine growth retardation), delivered, current hospitalization"
diagnosis,ICD10,H66.015,H66015,ICD10_H66015,oov,unknown_unmappable,13,8,Recurrent acute suppurative otitis media with spontaneous rupture of left tympanic membrane
diagnosis,ICD10,P71.8,P718,PHE_656.3,oov,pediatric_absent,13,10,Other transitory neonatal disorders of calcium and magnesium metabolism
diagnosis,ICD9,773.2,7732,PHE_656.1,oov,pediatric_absent,13,11,Hemolytic disease due to other and unspecified isoimmunization of fetus or newborn
medication,RXNORM,901514,901514,RXN_901514,oov,pediatric_absent,13,9,"mening vac A,C,Y,W-135 dip/PF"
medication,RXNORM,198269,198269,RXN_198269,oov,pediatric_absent,13,2,thioguanine
medication,RXNORM,855869,855869,RXN_855869,oov,pediatric_absent,13,1,phenytoin sodium extended
diagnosis,ICD10,Z76.2,Z762,ICD10_Z762,oov,unknown_unmappable,13,6,Encounter for health supervision and care of other healthy infant and child
diagnosis,ICD10,H53.043,H53043,ICD10_H53043,oov,unknown_unmappable,13,2,Suspected amblyopia of both eyes
procedure,HCPCS,47783,47783,HCPCS_47783,oov,unknown_unmappable,13,13,HX SHUNT REVISION
procedure,HCPCS,45966,45966,HCPCS_45966,oov,unknown_unmappable,13,13,HX MUSCLE BIOPSY
procedure,HCPCS,1420,1420,HCPCS_1420,oov,unknown_unmappable,13,13,"ENDOSCOPY, UPPER GI"
procedure,HCPCS,42738,42738,HCPCS_42738,oov,unknown_unmappable,13,13,HX BACK SURGERY
medication,RXNORM,729232,729232,RXN_729232,oov,pediatric_absent,13,2,somatropin
medication,RXNORM,702008,702008,RXN_702008,oov,pediatric_absent,13,3,"mineral oil/petrolatum,white"
medication,RXNORM,630936,630936,RXN_630936,oov,pediatric_absent,13,5,"hyaluronidase, human recomb."
medication,RXNORM,1918203,1918203,RXN_1918203,oov,pediatric_absent,13,3,fluticasone propion/salmeterol
medication,RXNORM,1806179,1806179,RXN_1806179,oov,pediatric_absent,13,3,methylphenidate HCl
medication,RXNORM,1009145,1009145,RXN_1009145,oov,pediatric_absent,13,4,dextroamphetamine/amphetamine
medication,RXNORM,1291276,1291276,RXN_1291276,oov,pediatric_absent,13,11,cholecalciferol (vitamin D3)
diagnosis,ICD10,P55.9,P559,PHE_656.1,oov,pediatric_absent,13,3,"Hemolytic disease of newborn, unspecified"
diagnosis,ICD10,S72.90XA,S7290XA,ICD10_S7290XA,oov,unknown_unmappable,13,4,Femur fracture
medication,RXNORM,850091,850091,RXN_850091,oov,pediatric_absent,13,4,lamotrigine
procedure,HCPCS,48433,48433,HCPCS_48433,oov,unknown_unmappable,13,13,HX TOOTH EXTRACTION
procedure,HCPCS,39338,39338,HCPCS_39338,oov,unknown_unmappable,13,13,BRONCHOSCOPY FLEXIBLE
drg,DRG,MS031,MS031,DRG_MS031,oov,unknown_unmappable,13,11,VENTRICULAR SHUNT PROCEDURES W MCC
drg,DRG,MS517,MS517,DRG_MS517,oov,unknown_unmappable,13,11,OTHER MUSCULOSKELET SYS & CONN TISS O.R. PROC W/O CC/MCC
drg,DRG,MS030,MS030,DRG_MS030,oov,unknown_unmappable,13,12,SPINAL PROCEDURES W/O CC/MCC
drg,DRG,OMAPR054,OMAPR054,DRG_OMAPR054,oov,unknown_unmappable,13,9,MIGRAINE & OTHER HEADACHES
diagnosis,ICD10,S93.491D,S93491D,ICD10_S93491D,oov,unknown_unmappable,13,4,"Sprain of anterior talofibular ligament of right ankle, subsequent encounter"
diagnosis,ICD10,Z92.81,Z9281,ICD10_Z9281,oov,unknown_unmappable,13,6,Hx of extracorporeal membrane oxygenation treatment
medication,RXNORM,199890,199890,RXN_199890,oov,pediatric_absent,13,5,topiramate
diagnosis,ICD10,G57.72,G5772,ICD10_G5772,oov,unknown_unmappable,13,1,Complex regional pain syndrome type 2 of left lower extremity
procedure,HCPCS,46318,46318,HCPCS_46318,oov,unknown_unmappable,13,13,HX ORAL SURGERY
drg,DRG,MS027,MS027,DRG_MS027,oov,unknown_unmappable,13,10,CRANIOTOMY & ENDOVASCULAR INTRACRANIAL PROCEDURES W/O CC/MCC
drg,DRG,OMAPR631,OMAPR631,DRG_OMAPR631,oov,unknown_unmappable,13,13,NEONATE BIRTHWT >2499G W OTHER MAJOR PROCEDURE
medication,RXNORM,798102,798102,RXN_798102,oov,pediatric_absent,13,6,"coagulation factor VIIa,recomb"
procedure,HCPCS,13691,13691,HCPCS_13691,oov,unknown_unmappable,13,13,INCISION OF LINGUAL FRENUM (FRENOTOMY)
medication,RXNORM,1101932,1101932,RXN_1101932,oov,pediatric_absent,13,1,dexmethylphenidate HCl
drg,DRG,OMAPR812,OMAPR812,DRG_OMAPR812,oov,unknown_unmappable,13,12,POISONING OF MEDICINAL AGENTS
diagnosis,ICD9,765.04,76504,ICD9_76504,oov,code_version_mismatch,12,6,"Extreme fetal immaturity, 1,000-1,249 grams(765.04)"
diagnosis,ICD10,S42.024D,S42024D,ICD10_S42024D,oov,unknown_unmappable,12,2,"Closed nondisplaced fracture of shaft of right clavicle with routine healing, subsequent encounter"
medication,RXNORM,979113,979113,RXN_979113,oov,pediatric_absent,12,2,methylnaltrexone bromide
medication,RXNORM,849574,849574,RXN_849574,oov,pediatric_absent,12,8,naproxen sodium
medication,RXNORM,885385,885385,RXN_885385,oov,pediatric_absent,12,5,somatropin
diagnosis,ICD10,S42.454D,S42454D,ICD10_S42454D,oov,unknown_unmappable,12,2,"Nondisplaced fracture of lateral condyle of right humerus, subsequent encounter for fracture with routine healing"
medication,RXNORM,1373045,1373045,RXN_1373045,oov,pediatric_absent,12,10,dextromethorphan polistirex
medication,RXNORM,205324,205324,RXN_205324,oov,pediatric_absent,12,6,modafinil
medication,RXNORM,1734203,1734203,RXN_1734203,oov,pediatric_absent,12,12,ropivacaine HCl/PF
diagnosis,ICD10,H74.42,H7442,ICD10_H7442,oov,unknown_unmappable,12,6,"Aural polyp, left"
diagnosis,ICD10,H35.173,H35173,ICD10_H35173,oov,unknown_unmappable,12,6,"Retrolental fibroplasia, bilateral"
diagnosis,ICD10,S82.209A,S82209A,ICD10_S82209A,oov,unknown_unmappable,12,4,Tibia/fibula fracture
medication,RXNORM,310362,310362,RXN_310362,oov,pediatric_absent,12,2,fluocinonide
medication,RXNORM,966270,966270,RXN_966270,oov,pediatric_absent,12,5,levothyroxine sodium
medication,RXNORM,308714,308714,RXN_308714,oov,pediatric_absent,12,10,clotrimazole/betamethasone dip
medication,RXNORM,866090,866090,RXN_866090,oov,pediatric_absent,12,2,buspirone HCl
diagnosis,ICD10,H54.2X11,H542X11,ICD10_H542X11,oov,unknown_unmappable,12,3,Moderate vision impairment of both eyes
medication,RXNORM,1111343,1111343,RXN_1111343,oov,pediatric_absent,12,8,olopatadine HCl
diagnosis,ICD9,772.10,77210,PHE_656.4,oov,pediatric_absent,12,7,"Intraventricular hemorrhage, unspecified grade(772.10)"
medication,RXNORM,203211,203211,RXN_203211,oov,pediatric_absent,12,2,diltiazem HCl
medication,RXNORM,1370758,1370758,RXN_1370758,oov,pediatric_absent,12,9,hydrocortisone butyrate
medication,RXNORM,403822,403822,RXN_403822,oov,pediatric_absent,12,2,laronidase
diagnosis,ICD10,S52.691D,S52691D,ICD10_S52691D,oov,unknown_unmappable,12,4,"Other fracture of lower end of right ulna, subsequent encounter for closed fracture with routine healing"
diagnosis,ICD10,H47.322,H47322,ICD10_H47322,oov,unknown_unmappable,12,1,"Optic disc drusen, left"
diagnosis,ICD10,H47.323,H47323,ICD10_H47323,oov,unknown_unmappable,12,2,"Drusen of optic disc, bilateral"
medication,RXNORM,1735500,1735500,RXN_1735500,oov,pediatric_absent,12,5,somatropin
medication,RXNORM,310228,310228,RXN_310228,oov,pediatric_absent,12,1,ethynodiol d-ethinyl estradiol
procedure,HCPCS,46064,46064,HCPCS_46064,oov,unknown_unmappable,12,12,HX PHARYNGEAL FLAP
diagnosis,ICD10,S72.332D,S72332D,ICD10_S72332D,oov,unknown_unmappable,12,1,"Displaced oblique fracture of shaft of left femur, subsequent encounter for closed fracture with routine healing"
diagnosis,ICD10,Q53.23,Q5323,ICD10_Q5323,oov,unknown_unmappable,12,2,Bilateral high scrotal testicles
diagnosis,ICD10,T85.698D,T85698D,ICD10_T85698D,oov,unknown_unmappable,12,5,"Extrusion of right tympanic ventilation tube, subsequent encounter"
procedure,HCPCS,40759,40759,HCPCS_40759,oov,unknown_unmappable,12,12,LUMBAR PUNCTURE
drg,DRG,MS393,MS393,DRG_MS393,oov,unknown_unmappable,12,10,OTHER DIGESTIVE SYSTEM DIAGNOSES W MCC
drg,DRG,MS167,MS167,DRG_MS167,oov,unknown_unmappable,12,12,OTHER RESP SYSTEM O.R. PROCEDURES W CC
drg,DRG,MS918,MS918,DRG_MS918,oov,unknown_unmappable,12,12,POISONING & TOXIC EFFECTS OF DRUGS W/O MCC
drg,DRG,MS389,MS389,DRG_MS389,oov,unknown_unmappable,12,7,G.I. OBSTRUCTION W CC
drg,DRG,MS229,MS229,DRG_MS229,oov,unknown_unmappable,12,12,OTHER CARDIOTHORACIC PROCEDURES W/O MCC
drg,DRG,MS205,MS205,DRG_MS205,oov,unknown_unmappable,12,10,OTHER RESPIRATORY SYSTEM DIAGNOSES W MCC
diagnosis,ICD10,S52.131D,S52131D,ICD10_S52131D,oov,unknown_unmappable,12,1,"Displaced fracture of neck of right radius, subsequent encounter for closed fracture with routine healing"
diagnosis,ICD10,S80.02XD,S8002XD,ICD10_S8002XD,oov,unknown_unmappable,12,2,"Contusion of left knee, subsequent encounter"
diagnosis,ICD10,H04.559,H04559,ICD10_H04559,oov,unknown_unmappable,12,10,Blocked tear duct in infant
medication,RXNORM,1736337,1736337,RXN_1736337,oov,pediatric_absent,12,5,somatropin
medication,RXNORM,309332,309332,RXN_309332,oov,pediatric_absent,12,8,clindamycin phosphate
diagnosis,ICD10,M21.859,M21859,ICD10_M21859,oov,unknown_unmappable,12,6,Other specified acquired deformities of unspecified thigh
diagnosis,ICD10,H66.016,H66016,ICD10_H66016,oov,unknown_unmappable,12,5,Recurrent acute suppurative otitis media with spontaneous rupture of both tympanic membranes
drg,DRG,OMAPR303,OMAPR303,DRG_OMAPR303,oov,unknown_unmappable,12,12,DORSAL & LUMBAR FUSION PROC FOR CURVATURE OF BACK
procedure,HCPCS,45658,45658,HCPCS_45658,oov,unknown_unmappable,12,12,HX PALATOPLASTY
diagnosis,ICD10,P91.61,P9161,ICD10_P9161,oov,unknown_unmappable,12,3,Mild hypoxic-ischemic encephalopathy
diagnosis,ICD10,S62.640D,S62640D,ICD10_S62640D,oov,unknown_unmappable,12,1,"Nondisplaced fracture of proximal phalanx of right index finger, subsequent encounter for fracture with routine healing"
drg,DRG,MS638,MS638,DRG_MS638,oov,unknown_unmappable,12,2,DIABETES W CC
medication,RXNORM,205326,205326,RXN_205326,oov,pediatric_absent,12,7,lisinopril
procedure,HCPCS,72141,72141,HCPCS_72141,oov,unknown_unmappable,12,9,MRI spi canal and cnts crv c-matrl
diagnosis,ICD10,S52.692D,S52692D,ICD10_S52692D,oov,unknown_unmappable,12,3,"Other fracture of lower end of left ulna, subsequent encounter for closed fracture with routine healing"
procedure,HCPCS,61647,61647,HCPCS_61647,oov,unknown_unmappable,12,12,"CIRCUMCISION, PLASTIBELL"
medication,RXNORM,314227,314227,RXN_314227,oov,pediatric_absent,11,6,sumatriptan
medication,RXNORM,1006608,1006608,RXN_1006608,oov,pediatric_absent,11,2,dexmethylphenidate HCl
medication,RXNORM,197505,197505,RXN_197505,oov,pediatric_absent,11,2,cimetidine
medication,RXNORM,312961,312961,RXN_312961,oov,pediatric_absent,11,1,simvastatin
medication,RXNORM,198444,198444,RXN_198444,oov,pediatric_absent,11,3,acetaminophen
medication,RXNORM,996029,996029,RXN_996029,oov,pediatric_absent,11,1,"iron aspgly,ps/C/succinic acid"
medication,RXNORM,1247386,1247386,RXN_1247386,oov,pediatric_absent,11,8,lipase/protease/amylase
diagnosis,ICD10,Z30.40,Z3040,ICD10_Z3040,oov,unknown_unmappable,11,6,Encounter for contraceptive surveillance
diagnosis,ICD10,S90.861A,S90861A,ICD10_S90861A,oov,unknown_unmappable,11,5,"Insect bite (nonvenomous), right foot, initial encounter"
diagnosis,ICD10,S89.121D,S89121D,ICD10_S89121D,oov,unknown_unmappable,11,4,"Salter-harris type ii physeal fracture of lower end of right tibia, subsequent encounter for fracture with routine healing"
medication,RXNORM,312033,312033,RXN_312033,oov,pediatric_absent,11,5,norethindrone-ethin. estradiol
diagnosis,ICD9,V21.8,V218,ICD9_V218,oov,code_version_mismatch,11,4,Poor head growth
diagnosis,ICD10,E70.21,E7021,ICD10_E7021,oov,unknown_unmappable,11,1,Tyrosinemia
diagnosis,ICD10,D57.212,D57212,ICD10_D57212,oov,unknown_unmappable,11,2,"Sickle cell disease, type sc, with splenic sequestration"
diagnosis,ICD10,T17.800S,T17800S,ICD10_T17800S,oov,unknown_unmappable,11,3,"Aspiration into lower respiratory tract, sequela"
medication,RXNORM,313599,313599,RXN_313599,oov,pediatric_absent,11,6,"pedi multivit A,C,and D3 no.21"
medication,RXNORM,245496,245496,RXN_245496,oov,pediatric_absent,11,1,ergocalciferol (vitamin D2)
diagnosis,ICD10,S52.302D,S52302D,ICD10_S52302D,oov,unknown_unmappable,11,3,"Unspecified fracture of shaft of left radius, subsequent encounter for closed fracture with routine healing"
diagnosis,ICD10,Z13.21,Z1321,ICD10_Z1321,oov,unknown_unmappable,11,8,Encounter for screening for nutritional disorder
medication,RXNORM,241911,241911,RXN_241911,oov,pediatric_absent,11,1,lipase/protease/amylase
diagnosis,ICD10,A37.10,A3710,ICD10_A3710,oov,unknown_unmappable,11,1,Bordetella parapertussis infection
diagnosis,ICD10,S89.121A,S89121A,ICD10_S89121A,oov,unknown_unmappable,11,3,"Salter-Harris type II physeal fracture of lower end of right tibia, initial encounter for closed fracture"
diagnosis,ICD10,H16.253,H16253,ICD10_H16253,oov,unknown_unmappable,11,1,"Phlyctenulosis, bilateral"
procedure,HCPCS,45980,45980,HCPCS_45980,oov,unknown_unmappable,11,11,HX STRABISMUS CORRECTION
diagnosis,ICD10,P29.89,P2989,ICD10_P2989,oov,unknown_unmappable,11,4,Hypotension in newborn
medication,RXNORM,1797900,1797900,RXN_1797900,oov,pediatric_absent,11,3,beclomethasone dipropionate
medication,RXNORM,1867938,1867938,RXN_1867938,oov,pediatric_absent,11,9,lidocaine HCl/epinephrine/PF
diagnosis,ICD10,M42.05,M4205,ICD10_M4205,oov,unknown_unmappable,11,2,"Juvenile osteochondrosis of spine, thoracolumbar region"
medication,RXNORM,1114886,1114886,RXN_1114886,oov,pediatric_absent,11,3,turmeric root extract
medication,RXNORM,20791,20791,RXN_20791,oov,pediatric_absent,11,7,chlorhexidine/glycerin/he-cell
medication,RXNORM,706546,706546,RXN_706546,oov,pediatric_absent,11,1,prednicarbate
diagnosis,ICD10,P04.3,P043,ICD10_P043,oov,unknown_unmappable,11,4,Exposure to alcohol in utero
procedure,HCPCS,45949,45949,HCPCS_45949,oov,unknown_unmappable,11,11,HX G-J TUBE INSERTION
diagnosis,ICD10,S79.111A,S79111A,ICD10_S79111A,oov,unknown_unmappable,11,1,"Salter-Harris type I physeal fracture of lower end of right femur, initial encounter for closed fracture"
diagnosis,ICD10,Z13.228,Z13228,ICD10_Z13228,oov,unknown_unmappable,11,6,Encounter for screening for other metabolic disorders
diagnosis,ICD10,T24.232A,T24232A,ICD10_T24232A,oov,unknown_unmappable,11,2,"Burn of second degree of left lower leg, initial encounter"
medication,RXNORM,1649990,1649990,RXN_1649990,oov,pediatric_absent,11,5,doxycycline monohydrate
procedure,HCPCS,47603,47603,HCPCS_47603,oov,unknown_unmappable,11,11,HX BRONCHOSCOPY
drg,DRG,OMAPR753,OMAPR753,DRG_OMAPR753,oov,unknown_unmappable,11,9,BIPOLAR DISORDERS
drg,DRG,MS909,MS909,DRG_MS909,oov,unknown_unmappable,11,11,OTHER O.R. PROCEDURES FOR INJURIES W/O CC/MCC
drg,DRG,MS789,MS789,DRG_MS789,oov,unknown_unmappable,11,11,"NEONATES, DIED OR TRANSFERRED TO ANOTHER ACUTE CARE FACILITY"
drg,DRG,MS920,MS920,DRG_MS920,oov,unknown_unmappable,11,7,COMPLICATIONS OF TREATMENT W CC
drg,DRG,OMAPR466,OMAPR466,DRG_OMAPR466,oov,unknown_unmappable,11,2,"MALFUNCTION, REACTION, COMPLIC OF GENITOURINARY DEVICE OR PROC"
drg,DRG,OMAPR950,OMAPR950,DRG_OMAPR950,oov,unknown_unmappable,11,11,EXTENSIVE PROCEDURE UNRELATED TO PRINCIPAL DIAGNOSIS
drg,DRG,OMAPR222,OMAPR222,DRG_OMAPR222,oov,unknown_unmappable,11,11,"OTHER STOMACH, ESOPHAGEAL & DUODENAL PROCEDURES"
diagnosis,ICD10,Z00.3,Z003,ICD10_Z003,oov,unknown_unmappable,11,4,Normal puberty
diagnosis,ICD10,M67.352,M67352,ICD10_M67352,oov,unknown_unmappable,11,4,"Transient synovitis, left hip"
diagnosis,ICD10,S59.221A,S59221A,ICD10_S59221A,oov,unknown_unmappable,11,6,"Salter-Harris type II physeal fracture of lower end of radius, right arm, initial encounter for closed fracture"
medication,RXNORM,1989104,1989104,RXN_1989104,oov,pediatric_absent,11,1,benralizumab
medication,RXNORM,198520,198520,RXN_198520,oov,pediatric_absent,11,5,caffeine
diagnosis,ICD10,H35.121,H35121,ICD10_H35121,oov,unknown_unmappable,11,2,"Retinopathy of prematurity, stage 1, right eye"
diagnosis,ICD10,Z11.8,Z118,ICD10_Z118,oov,unknown_unmappable,11,7,Encounter for screening for other infectious and parasitic diseases
medication,RXNORM,198223,198223,RXN_198223,oov,pediatric_absent,11,4,spironolactone
diagnosis,ICD9,V77.0,V770,ICD9_V770,oov,code_version_mismatch,11,6,Screening for thyroid disorder
diagnosis,ICD10,T74.02XA,T7402XA,ICD10_T7402XA,oov,unknown_unmappable,11,6,"Child neglect, initial encounter"
medication,RXNORM,200007,200007,RXN_200007,oov,pediatric_absent,11,2,melatonin
diagnosis,ICD10,T74.12XA,T7412XA,ICD10_T7412XA,oov,unknown_unmappable,11,6,Physical abuse of child
diagnosis,ICD10,P92.4,P924,PHE_656.3,oov,pediatric_absent,11,6,Overfeeding of newborn
diagnosis,ICD10,Z34.02,Z3402,ICD10_Z3402,oov,unknown_unmappable,11,1,Supervision of normal first teen pregnancy in second trimester
drg,DRG,MS091,MS091,DRG_MS091,oov,unknown_unmappable,11,11,OTHER DISORDERS OF NERVOUS SYSTEM W MCC
diagnosis,ICD10,T18.108A,T18108A,ICD10_T18108A,oov,unknown_unmappable,11,5,"Foreign body in esophagus, initial encounter"
procedure,HCPCS,45656,45656,HCPCS_45656,oov,unknown_unmappable,11,11,HX TONGUE CLIP
medication,RXNORM,313995,313995,RXN_313995,oov,pediatric_absent,11,2,fluoxetine HCl
drg,DRG,OMAPR403,OMAPR403,DRG_OMAPR403,oov,unknown_unmappable,11,11,PROCEDURES FOR OBESITY
procedure,HCPCS,42518,42518,HCPCS_42518,oov,unknown_unmappable,11,11,HX MYRINGOTOMY
medication,RXNORM,1809421,1809421,RXN_1809421,oov,pediatric_absent,11,2,immune globul G/gly/IgA avg 46
diagnosis,ICD10,M26.24,M2624,ICD10_M2624,oov,unknown_unmappable,10,7,Reverse articulation
diagnosis,ICD10,M67.351,M67351,ICD10_M67351,oov,unknown_unmappable,10,5,"Toxic synovitis of hip, right"
medication,RXNORM,1812425,1812425,RXN_1812425,oov,pediatric_absent,10,2,topiramate
medication,RXNORM,197884,197884,RXN_197884,oov,pediatric_absent,10,5,lisinopril
medication,RXNORM,1356582,1356582,RXN_1356582,oov,pediatric_absent,10,3,perampanel
medication,RXNORM,748878,748878,RXN_748878,oov,pediatric_absent,10,7,levonorgestrel-ethin estradiol
medication,RXNORM,282708,282708,RXN_282708,oov,pediatric_absent,10,6,phenol
medication,RXNORM,1359117,1359117,RXN_1359117,oov,pediatric_absent,10,1,norethindrone-e.estradiol-iron
diagnosis,ICD10,H35.129,H35129,ICD10_H35129,oov,unknown_unmappable,10,4,"ROP (retinopathy of prematurity), stage 1"
diagnosis,ICD10,Q53.111,Q53111,ICD10_Q53111,oov,unknown_unmappable,10,3,Unilateral abdominal testis
diagnosis,ICD10,T16.2XXD,T162XXD,ICD10_T162XXD,oov,unknown_unmappable,10,5,"Foreign body in left ear, subsequent encounter"
diagnosis,ICD9,V72.5,V725,ICD9_V725,oov,code_version_mismatch,10,7,Encounter for imaging study to confirm gastrojejunal (GJ) tube placement
diagnosis,ICD10,S09.91XD,S0991XD,ICD10_S0991XD,oov,unknown_unmappable,10,3,"Injury of ear, subsequent encounter"
medication,RXNORM,1006688,1006688,RXN_1006688,oov,pediatric_absent,10,4,sulfacetamide sodium
medication,RXNORM,861353,861353,RXN_861353,oov,pediatric_absent,10,1,clobetasol propionate
diagnosis,ICD10,Z02.0,Z020,ICD10_Z020,oov,unknown_unmappable,10,3,Encounter for school history and physical examination
diagnosis,ICD10,E76.29,E7629,ICD10_E7629,oov,unknown_unmappable,10,2,"Mucopolysaccharidosis type 1, unspecified subtype"
diagnosis,ICD10,P71.4,P714,PHE_656.3,oov,pediatric_absent,10,2,Neonatal hypoparathyroidism
diagnosis,ICD9,772.12,77212,PHE_656.4,oov,pediatric_absent,10,7,"Intraventricular hemorrhage, grade II"
diagnosis,ICD10,M62.459,M62459,ICD10_M62459,oov,unknown_unmappable,10,2,"Contracture of hamstring, unspecified laterality"
diagnosis,ICD10,T63.481A,T63481A,ICD10_T63481A,oov,unknown_unmappable,10,8,"Toxic effect of venom of other arthropod, accidental (unintentional), initial encounter"
diagnosis,ICD10,T17.320A,T17320A,ICD10_T17320A,oov,unknown_unmappable,10,4,"Choking due to food in larynx, initial encounter"
medication,RXNORM,90,90,RXN_90,oov,pediatric_absent,10,4,fish oil/dha/epa
medication,RXNORM,1232086,1232086,RXN_1232086,oov,pediatric_absent,10,5,rivaroxaban
diagnosis,ICD9,771.81,77181,PHE_657,oov,pediatric_absent,10,9,Septicemia of newborn
medication,RXNORM,1359572,1359572,RXN_1359572,oov,pediatric_absent,10,4,flunisolide
procedure,HCPCS,48167,48167,HCPCS_48167,oov,unknown_unmappable,10,10,HX TRACHEOSTOMY TUBE PLACEMENT
diagnosis,ICD10,H65.31,H6531,ICD10_H6531,oov,unknown_unmappable,10,3,Chronic mucoid otitis media of right ear
medication,RXNORM,617316,617316,RXN_617316,oov,pediatric_absent,10,5,amoxicillin/potassium clav
medication,RXNORM,884522,884522,RXN_884522,oov,pediatric_absent,10,2,dextroamphetamine sulfate
diagnosis,ICD9,768.9,7689,ICD9_7689,oov,code_version_mismatch,10,3,Unspecified birth asphyxia in liveborn infant
diagnosis,ICD10,Q64.33,Q6433,ICD10_Q6433,oov,unknown_unmappable,10,2,Congenital meatal stenosis
diagnosis,ICD10,P54.8,P548,PHE_656.4,oov,pediatric_absent,10,2,Other specified neonatal hemorrhages
medication,RXNORM,1012066,1012066,RXN_1012066,oov,pediatric_absent,10,8,lidocaine HCl/PF
diagnosis,ICD10,S62.235D,S62235D,ICD10_S62235D,oov,unknown_unmappable,10,3,"Other nondisplaced fracture of base of first metacarpal bone, left hand, subsequent encounter for fracture with routine healing"
medication,RXNORM,1921016,1921016,RXN_1921016,oov,pediatric_absent,10,2,adalimumab
diagnosis,ICD10,S62.511D,S62511D,ICD10_S62511D,oov,unknown_unmappable,10,2,"Displaced fracture of proximal phalanx of right thumb, subsequent encounter for fracture with routine healing"
diagnosis,ICD10,H66.12,H6612,ICD10_H6612,oov,unknown_unmappable,10,2,Chronic tubotympanic suppurative otitis media of left ear
diagnosis,ICD10,T17.800D,T17800D,ICD10_T17800D,oov,unknown_unmappable,10,6,"Aspiration into lower respiratory tract, subsequent encounter"
diagnosis,ICD10,T17.308S,T17308S,ICD10_T17308S,oov,unknown_unmappable,10,3,"Choking, sequela"
diagnosis,ICD10,Z38.01,Z3801,ICD10_Z3801,oov,unknown_unmappable,10,6,"Term newborn delivered by cesarean section, current hospitalization"
medication,RXNORM,805158,805158,RXN_805158,oov,pediatric_absent,10,2,long chain triglycerides
diagnosis,ICD10,H17.12,H1712,ICD10_H1712,oov,unknown_unmappable,10,1,"Corneal opacity, central, left"
procedure,HCPCS,46322,46322,HCPCS_46322,oov,unknown_unmappable,10,10,HX PYLORIC STENOSIS REPAIR
diagnosis,ICD10,M23.361,M23361,ICD10_M23361,oov,unknown_unmappable,10,1,"Other meniscus derangements, other lateral meniscus, right knee"
medication,RXNORM,310465,310465,RXN_310465,oov,pediatric_absent,10,1,gentamicin sulfate
diagnosis,ICD10,Z02.82,Z0282,ICD10_Z0282,oov,unknown_unmappable,10,4,Encounter for adoption services
diagnosis,ICD10,M24.10,M2410,ICD10_M2410,oov,unknown_unmappable,10,1,"Other articular cartilage disorders, unspecified site"
medication,RXNORM,9785,9785,RXN_9785,oov,pediatric_absent,10,9,silver sulfate/foam bandage
drg,DRG,OMAPR182,OMAPR182,DRG_OMAPR182,oov,unknown_unmappable,10,9,OTHER PERIPHERAL VASCULAR PROCEDURES
drg,DRG,MS197,MS197,DRG_MS197,oov,unknown_unmappable,10,7,INTERSTITIAL LUNG DISEASE W CC
drg,DRG,OMAPR468,OMAPR468,DRG_OMAPR468,oov,unknown_unmappable,10,9,"OTHER KIDNEY & URINARY TRACT DIAGNOSES, SIGNS & SYMPTOMS"
drg,DRG,OMAPR026,OMAPR026,DRG_OMAPR026,oov,unknown_unmappable,10,10,OTHER NERVOUS SYSTEM & RELATED PROCEDURES
drg,DRG,MS880,MS880,DRG_MS880,oov,unknown_unmappable,10,10,ACUTE ADJUSTMENT REACTION & PSYCHOSOCIAL DYSFUNCTION
drg,DRG,MS033,MS033,DRG_MS033,oov,unknown_unmappable,10,8,VENTRICULAR SHUNT PROCEDURES W/O CC/MCC
drg,DRG,OMAPR640,OMAPR640,DRG_OMAPR640,oov,unknown_unmappable,10,10,"NEONATE BIRTHWT >2499G, NORMAL NEWBORN OR NEONATE W OTHER PROBLEM"
diagnosis,ICD10,R68.11,R6811,ICD10_R6811,oov,unknown_unmappable,10,7,Excessive crying of infant (baby)
diagnosis,ICD10,H11.131,H11131,ICD10_H11131,oov,unknown_unmappable,10,1,"Conjunctival pigmentation, right"
diagnosis,ICD9,V25.3,V253,ICD9_V253,oov,code_version_mismatch,10,1,Menstrual extraction
diagnosis,ICD10,M21.169,M21169,ICD10_M21169,oov,unknown_unmappable,10,4,Genu varus
diagnosis,ICD10,T74.32XA,T7432XA,ICD10_T7432XA,oov,unknown_unmappable,10,4,"Child victim of psychological bullying, initial encounter"
diagnosis,ICD10,P83.88,P8388,ICD10_P8388,oov,unknown_unmappable,10,7,Other specified conditions of integument specific to newborn
medication,RXNORM,1091145,1091145,RXN_1091145,oov,pediatric_absent,10,2,methylphenidate HCl
medication,RXNORM,891692,891692,RXN_891692,oov,pediatric_absent,10,6,cholecalciferol (vitamin D3)
diagnosis,ICD10,S89.311A,S89311A,ICD10_S89311A,oov,unknown_unmappable,10,4,"Salter-Harris type I physeal fracture of lower end of right fibula, initial encounter for closed fracture"
medication,RXNORM,807832,807832,RXN_807832,oov,pediatric_absent,10,5,levetiracetam
procedure,HCPCS,130388,130388,HCPCS_130388,oov,unknown_unmappable,10,10,"PR CIRCUMCISION,CLAMP,NEWBORN"
medication,RXNORM,285279,285279,RXN_285279,oov,pediatric_absent,10,6,honey/hydrocolloid dressing
diagnosis,ICD10,H53.042,H53042,ICD10_H53042,oov,unknown_unmappable,10,4,Suspected amblyopia of left eye
drg,DRG,OMAPR755,OMAPR755,DRG_OMAPR755,oov,unknown_unmappable,10,7,ADJUSTMENT DISORDERS & NEUROSES EXCEPT DEPRESSIVE DIAGNOSES
drg,DRG,OMAPR221,OMAPR221,DRG_OMAPR221,oov,unknown_unmappable,10,6,MAJOR SMALL & LARGE BOWEL PROCEDURES
drg,DRG,MS661,MS661,DRG_MS661,oov,unknown_unmappable,10,9,KIDNEY & URETER PROCEDURES FOR NON-NEOPLASM W/O CC/MCC
diagnosis,ICD10,H51.12,H5112,ICD10_H5112,oov,unknown_unmappable,10,2,Convergence excess
diagnosis,ICD10,S52.321D,S52321D,ICD10_S52321D,oov,unknown_unmappable,10,3,"Displaced transverse fracture of shaft of right radius, subsequent encounter for closed fracture with routine healing"
medication,RXNORM,1662278,1662278,RXN_1662278,oov,pediatric_absent,10,1,linezolid in dextrose 5%
drg,DRG,MS502,MS502,DRG_MS502,oov,unknown_unmappable,10,9,SOFT TISSUE PROCEDURES W/O CC/MCC
medication,RXNORM,845523,845523,RXN_845523,oov,pediatric_absent,10,6,calcium carbonate/vitamin D3
drg,DRG,MS329,MS329,DRG_MS329,oov,unknown_unmappable,10,8,MAJOR SMALL & LARGE BOWEL PROCEDURES W MCC
medication,RXNORM,240559,240559,RXN_240559,oov,pediatric_absent,10,7,salicylic acid
diagnosis,ICD10,Z62.822,Z62822,ICD10_Z62822,oov,unknown_unmappable,9,4,Behavior causing concern in foster child
diagnosis,ICD10,D22.30,D2230,ICD10_D2230,oov,unknown_unmappable,9,1,Nevus of Ota
medication,RXNORM,142002,142002,RXN_142002,oov,pediatric_absent,9,5,hypromellose
medication,RXNORM,861490,861490,RXN_861490,oov,pediatric_absent,9,3,clobetasol propionate
medication,RXNORM,240742,240742,RXN_240742,oov,pediatric_absent,9,3,ferrous fumarate/ascorbic acid
medication,RXNORM,1869280,1869280,RXN_1869280,oov,pediatric_absent,9,3,ethyl alcohol
medication,RXNORM,1040041,1040041,RXN_1040041,oov,pediatric_absent,9,3,lurasidone HCl
medication,RXNORM,198342,198342,RXN_198342,oov,pediatric_absent,9,4,urea
diagnosis,ICD9,995.54,99554,ICD9_99554,oov,code_version_mismatch,9,6,Child physical abuse
diagnosis,ICD10,Z13.42,Z1342,ICD10_Z1342,oov,unknown_unmappable,9,4,Encounter for screening for global developmental delays (milestones)
diagnosis,ICD10,H52.213,H52213,ICD10_H52213,oov,unknown_unmappable,9,5,"Irregular astigmatism, bilateral"
diagnosis,ICD10,T63.484A,T63484A,ICD10_T63484A,oov,unknown_unmappable,9,6,"Insect bites and stings, undetermined intent, initial encounter"
diagnosis,ICD10,P92.5,P925,PHE_656.3,oov,pediatric_absent,9,6,Neonatal difficulty in feeding at breast
medication,RXNORM,310982,310982,RXN_310982,oov,pediatric_absent,9,5,imiquimod
medication,RXNORM,24941,24941,RXN_24941,oov,pediatric_absent,9,8,ped multivit 43/iron fumarate
medication,RXNORM,198507,198507,RXN_198507,oov,pediatric_absent,9,1,biotin
diagnosis,ICD10,M93.851,M93851,ICD10_M93851,oov,unknown_unmappable,9,2,"Other specified osteochondropathies, right thigh"
diagnosis,ICD10,M40.00,M4000,ICD10_M4000,oov,unknown_unmappable,9,2,"Postural kyphosis, unspecified spinal region"
diagnosis,ICD10,P05.19,P0519,ICD10_P0519,oov,unknown_unmappable,9,5,"Small for gestational age, 2,500+ grams"
medication,RXNORM,313391,313391,RXN_313391,oov,pediatric_absent,9,1,thyroid
medication,RXNORM,864781,864781,RXN_864781,oov,pediatric_absent,9,7,Influenza A (H1N1)Vac 2009/PF
medication,RXNORM,237870,237870,RXN_237870,oov,pediatric_absent,9,5,mag hydrox/aluminum hyd/simeth
medication,RXNORM,1437283,1437283,RXN_1437283,oov,pediatric_absent,9,5,topiramate
medication,RXNORM,856664,856664,RXN_856664,oov,pediatric_absent,9,4,rifaximin
medication,RXNORM,1788984,1788984,RXN_1788984,oov,pediatric_absent,9,9,methylene blue
medication,RXNORM,309150,309150,RXN_309150,oov,pediatric_absent,9,6,activated charcoal
medication,RXNORM,1360030,1360030,RXN_1360030,oov,pediatric_absent,9,6,hyaluronate sodium
diagnosis,ICD10,W09.1XXA,W091XXA,ICD10_W091XXA,oov,unknown_unmappable,9,8,"Fall from playground swing, initial encounter"
diagnosis,ICD10,V87.7XXS,V877XXS,ICD10_V877XXS,oov,unknown_unmappable,9,2,"MVC (motor vehicle collision), sequela"
diagnosis,ICD10,T76.02XA,T7602XA,ICD10_T7602XA,oov,unknown_unmappable,9,7,"Child neglect or abandonment, suspected, initial encounter"
medication,RXNORM,1870954,1870954,RXN_1870954,oov,pediatric_absent,9,6,deflazacort
medication,RXNORM,1191299,1191299,RXN_1191299,oov,pediatric_absent,9,5,fluocinolone acetonide oil
medication,RXNORM,727488,727488,RXN_727488,oov,pediatric_absent,9,8,secretin acetate (human)
medication,RXNORM,836286,836286,RXN_836286,oov,pediatric_absent,9,1,ipratropium/albuterol sulfate
diagnosis,ICD10,S92.355D,S92355D,ICD10_S92355D,oov,unknown_unmappable,9,1,"Closed nondisplaced fracture of fifth metatarsal bone of left foot with routine healing, subsequent encounter"
procedure,HCPCS,62985,62985,HCPCS_62985,oov,unknown_unmappable,9,9,HX UNDESCENDED TESTICLE REPAIR
procedure,HCPCS,46043,46043,HCPCS_46043,oov,unknown_unmappable,9,9,HX TRACH
medication,RXNORM,637168,637168,RXN_637168,oov,pediatric_absent,9,3,zinc oxide
medication,RXNORM,1251185,1251185,RXN_1251185,oov,pediatric_absent,9,9,chlorpheniramine/phenyleph/DM
medication,RXNORM,199292,199292,RXN_199292,oov,pediatric_absent,9,1,arginine
medication,RXNORM,809992,809992,RXN_809992,oov,pediatric_absent,9,3,lacosamide
medication,RXNORM,1735494,1735494,RXN_1735494,oov,pediatric_absent,9,2,somatropin
medication,RXNORM,1595471,1595471,RXN_1595471,oov,pediatric_absent,9,1,lipase/protease/amylase
medication,RXNORM,1049580,1049580,RXN_1049580,oov,pediatric_absent,9,2,oxycodone HCl/acetaminophen
medication,RXNORM,1790382,1790382,RXN_1790382,oov,pediatric_absent,9,2,Rho(D) immune globulin/maltose
procedure,HCPCS,13917,13917,HCPCS_13917,oov,unknown_unmappable,9,9,"PR REMOVE TONSILS/ADENOIDS,<12 Y/O"
procedure,HCPCS,45067,45067,HCPCS_45067,oov,unknown_unmappable,9,9,HX INDWELLING VASCULAR LINE
diagnosis,ICD10,N48.82,N4882,ICD10_N4882,oov,unknown_unmappable,9,3,Penile torsion
medication,RXNORM,349482,349482,RXN_349482,oov,pediatric_absent,9,1,sodium oxybate
medication,RXNORM,616578,616578,RXN_616578,oov,pediatric_absent,9,4,lubiprostone
medication,RXNORM,1812015,1812015,RXN_1812015,oov,pediatric_absent,9,3,nifedipine
medication,RXNORM,313926,313926,RXN_313926,oov,pediatric_absent,9,5,cefuroxime axetil
medication,RXNORM,1193343,1193343,RXN_1193343,oov,pediatric_absent,9,1,ruxolitinib phosphate
diagnosis,ICD10,S62.657A,S62657A,ICD10_S62657A,oov,unknown_unmappable,9,3,"Nondisplaced fracture of middle phalanx of left little finger, initial encounter for closed fracture"
medication,RXNORM,596936,596936,RXN_596936,oov,pediatric_absent,9,3,glycerin
diagnosis,ICD10,Z01.419,Z01419,ICD10_Z01419,oov,unknown_unmappable,9,6,Gynecologic exam normal
diagnosis,ICD10,S86.019D,S86019D,ICD10_S86019D,oov,unknown_unmappable,9,1,"Strain of Achilles tendon, unspecified laterality, subsequent encounter"
medication,RXNORM,616483,616483,RXN_616483,oov,pediatric_absent,9,2,quetiapine fumarate
drg,DRG,MS029,MS029,DRG_MS029,oov,unknown_unmappable,9,7,SPINAL PROCEDURES W CC OR SPINAL NEUROSTIMULATORS
drg,DRG,MS315,MS315,DRG_MS315,oov,unknown_unmappable,9,5,OTHER CIRCULATORY SYSTEM DIAGNOSES W CC
drg,DRG,OMAPR813,OMAPR813,DRG_OMAPR813,oov,unknown_unmappable,9,9,OTHER COMPLICATIONS OF TREATMENT
drg,DRG,MS314,MS314,DRG_MS314,oov,unknown_unmappable,9,7,OTHER CIRCULATORY SYSTEM DIAGNOSES W MCC
drg,DRG,MS988,MS988,DRG_MS988,oov,unknown_unmappable,9,9,NON-EXTENSIVE O.R. PROC UNRELATED TO PRINCIPAL DIAGNOSIS W CC
drg,DRG,MS081,MS081,DRG_MS081,oov,unknown_unmappable,9,9,NONTRAUMATIC STUPOR & COMA W/O MCC
drg,DRG,OMAPR091,OMAPR091,DRG_OMAPR091,oov,unknown_unmappable,9,9,OTHER MAJOR HEAD & NECK PROCEDURES
drg,DRG,OMAPR160,OMAPR160,DRG_OMAPR160,oov,unknown_unmappable,9,9,MAJOR CARDIOTHORACIC REPAIR OF HEART ANOMALY
drg,DRG,OMAPR754,OMAPR754,DRG_OMAPR754,oov,unknown_unmappable,9,8,DEPRESSION EXCEPT MAJOR DEPRESSIVE DISORDER
medication,RXNORM,1534809,1534809,RXN_1534809,oov,pediatric_absent,9,6,norelgestromin/ethin.estradiol
diagnosis,ICD10,P52.21,P5221,ICD10_P5221,oov,unknown_unmappable,9,5,"Intraventricular hemorrhage of newborn, grade III"
diagnosis,ICD10,S62.655A,S62655A,ICD10_S62655A,oov,unknown_unmappable,9,2,"Closed nondisplaced fracture of middle phalanx of left ring finger, initial encounter"
diagnosis,ICD10,T17.800A,T17800A,ICD10_T17800A,oov,unknown_unmappable,9,5,"Unspecified foreign body in other parts of respiratory tract causing asphyxiation, initial encounter"
diagnosis,ICD9,V82.9,V829,ICD9_V829,oov,code_version_mismatch,9,6,Screening for unspecified condition
medication,RXNORM,311425,311425,RXN_311425,oov,pediatric_absent,9,4,magnesium gluconate
diagnosis,ICD10,P00.89,P0089,ICD10_P0089,oov,unknown_unmappable,9,7,Newborn affected by other maternal conditions
diagnosis,ICD10,S62.656A,S62656A,ICD10_S62656A,oov,unknown_unmappable,9,4,"Closed nondisplaced fracture of middle phalanx of right little finger, initial encounter"
medication,RXNORM,1188426,1188426,RXN_1188426,oov,pediatric_absent,9,6,carboxymethylcellulose sodium
diagnosis,ICD10,S82.191D,S82191D,ICD10_S82191D,oov,unknown_unmappable,9,2,"Other closed fracture of proximal end of right tibia with routine healing, subsequent encounter"
medication,RXNORM,845836,845836,RXN_845836,oov,pediatric_absent,9,8,benzoyl peroxide
procedure,HCPCS,50188,50188,HCPCS_50188,oov,unknown_unmappable,9,9,"HX VSD, REPAIR, PATCH"
medication,RXNORM,1361657,1361657,RXN_1361657,oov,pediatric_absent,9,3,sodium iodide-123
procedure,HCPCS,46330,46330,HCPCS_46330,oov,unknown_unmappable,9,9,VAGUS NERVE STIMULATOR
medication,RXNORM,1989799,1989799,RXN_1989799,oov,pediatric_absent,9,1,emicizumab-kxwh
diagnosis,ICD10,S89.111D,S89111D,ICD10_S89111D,oov,unknown_unmappable,9,1,"Salter-harris type i physeal fracture of lower end of right tibia, subsequent encounter for fracture with routine healing"
medication,RXNORM,197572,197572,RXN_197572,oov,pediatric_absent,9,5,desonide
medication,RXNORM,429662,429662,RXN_429662,oov,pediatric_absent,9,2,rifaximin
diagnosis,ICD10,P29.11,P2911,ICD10_P2911,oov,unknown_unmappable,9,4,Tachycardia in newborn
medication,RXNORM,204491,204491,RXN_204491,oov,pediatric_absent,9,3,sodium tetradecyl sulfate
drg,DRG,OMAPR314,OMAPR314,DRG_OMAPR314,oov,unknown_unmappable,9,9,FOOT & TOE PROCEDURES
drg,DRG,MS457,MS457,DRG_MS457,oov,unknown_unmappable,9,9,SPINAL FUS EXC CERV W SPINAL CURV/MALIG/INFEC OR EXT FUS W CC
drg,DRG,OMAPR204,OMAPR204,DRG_OMAPR204,oov,unknown_unmappable,9,9,SYNCOPE & COLLAPSE
drg,DRG,OMAPR690,OMAPR690,DRG_OMAPR690,oov,unknown_unmappable,9,1,ACUTE LEUKEMIA
diagnosis,ICD10,Q66.22,Q6622,ICD10_Q6622,oov,unknown_unmappable,9,4,Congenital metatarsus adductus
diagnosis,ICD9,V53.8,V538,ICD9_V538,oov,code_version_mismatch,9,6,Wheelchair fitting or adjustment
drg,DRG,MS482,MS482,DRG_MS482,oov,unknown_unmappable,9,6,HIP & FEMUR PROCEDURES EXCEPT MAJOR JOINT W/O CC/MCC
drg,DRG,MS372,MS372,DRG_MS372,oov,unknown_unmappable,9,6,MAJOR GASTROINTESTINAL DISORDERS & PERITONEAL INFECTIONS W CC
drg,DRG,MS040,MS040,DRG_MS040,oov,unknown_unmappable,9,8,PERIPH/CRANIAL NERVE & OTHER NERV SYST PROC W MCC
drg,DRG,MS865,MS865,DRG_MS865,oov,unknown_unmappable,9,8,VIRAL ILLNESS W MCC
procedure,HCPCS,42584,42584,HCPCS_42584,oov,unknown_unmappable,9,9,COLOSTOMY
diagnosis,ICD9,767.2,7672,ICD9_7672,oov,code_version_mismatch,9,3,Fracture of clavicle due to birth trauma
drg,DRG,MS881,MS881,DRG_MS881,oov,unknown_unmappable,9,8,DEPRESSIVE NEUROSES
diagnosis,ICD10,M42.04,M4204,ICD10_M4204,oov,unknown_unmappable,9,2,"Juvenile osteochondrosis of spine, thoracic region"
drg,DRG,MS951,MS951,DRG_MS951,oov,unknown_unmappable,9,9,OTHER FACTORS INFLUENCING HEALTH STATUS
drg,DRG,OMAPR073,OMAPR073,DRG_OMAPR073,oov,unknown_unmappable,9,9,ORBIT & EYE PROCEDURES
drg,DRG,MS028,MS028,DRG_MS028,oov,unknown_unmappable,9,9,SPINAL PROCEDURES W MCC
diagnosis,ICD10,Z84.82,Z8482,ICD10_Z8482,oov,unknown_unmappable,8,3,Family history of SIDS (sudden infant death syndrome)
diagnosis,ICD10,S66.921D,S66921D,ICD10_S66921D,oov,unknown_unmappable,8,1,"Laceration of unspecified muscle, fascia and tendon at wrist and hand level, right hand, subsequent encounter"
diagnosis,ICD10,S52.332D,S52332D,ICD10_S52332D,oov,unknown_unmappable,8,1,"Displaced oblique fracture of shaft of left radius, subsequent encounter for closed fracture with routine healing"
diagnosis,ICD10,S42.321D,S42321D,ICD10_S42321D,oov,unknown_unmappable,8,1,"Closed displaced transverse fracture of shaft of right humerus with routine healing, subsequent encounter"
medication,RXNORM,197529,197529,RXN_197529,oov,pediatric_absent,8,3,clonazepam
medication,RXNORM,1790666,1790666,RXN_1790666,oov,pediatric_absent,8,5,melatonin
medication,RXNORM,483440,483440,RXN_483440,oov,pediatric_absent,8,2,pregabalin
medication,RXNORM,797694,797694,RXN_797694,oov,pediatric_absent,8,2,flurandrenolide
medication,RXNORM,1806210,1806210,RXN_1806210,oov,pediatric_absent,8,1,methylphenidate HCl
diagnosis,ICD10,A08.31,A0831,ICD10_A0831,oov,unknown_unmappable,8,5,Nucleic acid assay by PCR positive for sapovirus
diagnosis,ICD10,S86.899A,S86899A,ICD10_S86899A,oov,unknown_unmappable,8,2,"Medial tibial stress syndrome, unspecified laterality, initial encounter"
diagnosis,ICD10,H65.199,H65199,ICD10_H65199,oov,unknown_unmappable,8,5,Acute nonsuppurative otitis media
diagnosis,ICD10,H65.07,H6507,ICD10_H6507,oov,unknown_unmappable,8,5,"Acute serous otitis media, recurrent, unspecified ear"
diagnosis,ICD10,S59.222A,S59222A,ICD10_S59222A,oov,unknown_unmappable,8,2,"Salter-Harris type II physeal fracture of lower end of radius, left arm, initial encounter for closed fracture"
diagnosis,ICD10,Q66.90,Q6690,ICD10_Q6690,oov,unknown_unmappable,8,3,"Foot deformity, congenital"
diagnosis,ICD10,M99.82,M9982,ICD10_M9982,oov,unknown_unmappable,8,2,Other biomechanical lesions of thoracic region
diagnosis,ICD10,M99.81,M9981,ICD10_M9981,oov,unknown_unmappable,8,2,Other biomechanical lesions of cervical region
diagnosis,ICD10,M99.80,M9980,ICD10_M9980,oov,unknown_unmappable,8,2,Other biomechanical lesions of head region
diagnosis,ICD10,M99.85,M9985,ICD10_M9985,oov,unknown_unmappable,8,2,Other biomechanical lesions of pelvic region
diagnosis,ICD10,M99.84,M9984,ICD10_M9984,oov,unknown_unmappable,8,2,Other biomechanical lesions of sacral region
medication,RXNORM,846378,846378,RXN_846378,oov,pediatric_absent,8,2,levetiracetam
diagnosis,ICD10,Q70.23,Q7023,ICD10_Q7023,oov,unknown_unmappable,8,3,"Fused toes, bilateral"
diagnosis,ICD10,M67.30,M6730,ICD10_M6730,oov,unknown_unmappable,8,6,Transient synovitis
diagnosis,ICD10,H47.031,H47031,ICD10_H47031,oov,unknown_unmappable,8,2,"Optic nerve hypoplasia, right eye"
diagnosis,ICD10,K02.62,K0262,ICD10_K0262,oov,unknown_unmappable,8,5,Dental caries on smooth surface penetrating into dentin
diagnosis,ICD10,Z38.31,Z3831,ICD10_Z3831,oov,unknown_unmappable,8,5,"Liveborn infant, of twin pregnancy, born in hospital by cesarean delivery"
diagnosis,ICD10,S66.921A,S66921A,ICD10_S66921A,oov,unknown_unmappable,8,1,"Laceration of unspecified muscle, fascia and tendon at wrist and hand level, right hand, initial encounter"
medication,RXNORM,1929116,1929116,RXN_1929116,oov,pediatric_absent,8,2,lipase/protease/amylase
medication,RXNORM,1115447,1115447,RXN_1115447,oov,pediatric_absent,8,2,leuprolide acetate
medication,RXNORM,1650142,1650142,RXN_1650142,oov,pediatric_absent,8,3,doxycycline monohydrate
medication,RXNORM,1115877,1115877,RXN_1115877,oov,pediatric_absent,8,3,cholecalciferol (vitamin D3)
diagnosis,ICD10,S92.315D,S92315D,ICD10_S92315D,oov,unknown_unmappable,8,2,"Nondisplaced fracture of first metatarsal bone, left foot, subsequent encounter for fracture with routine healing"
diagnosis,ICD10,Z87.821,Z87821,ICD10_Z87821,oov,unknown_unmappable,8,3,Personal history of retained foreign body fully removed
medication,RXNORM,1806195,1806195,RXN_1806195,oov,pediatric_absent,8,5,methylphenidate HCl
diagnosis,ICD10,P96.83,P9683,ICD10_P9683,oov,unknown_unmappable,8,6,Meconium staining
medication,RXNORM,204442,204442,RXN_204442,oov,pediatric_absent,8,7,ibuprofen
medication,RXNORM,846138,846138,RXN_846138,oov,pediatric_absent,8,5,cholecalciferol (vitamin D3)
medication,RXNORM,313233,313233,RXN_313233,oov,pediatric_absent,8,1,testosterone
medication,RXNORM,3690,3690,RXN_3690,oov,pediatric_absent,8,4,kit prep Tc 99m/pentetic acid
medication,RXNORM,308915,308915,RXN_308915,oov,pediatric_absent,8,5,calcium carbonate
medication,RXNORM,349590,349590,RXN_349590,oov,pediatric_absent,8,5,levalbuterol HCl
procedure,HCPCS,45958,45958,HCPCS_45958,oov,unknown_unmappable,8,8,HX INTRATHECAL BACLOFEN PUMP INSERTION
procedure,HCPCS,39348,39348,HCPCS_39348,oov,unknown_unmappable,8,8,LAPAROSCOPY ABDOMEN DIAGNOSTIC
procedure,HCPCS,53790,53790,HCPCS_53790,oov,unknown_unmappable,8,8,MANOMETRY/COLONIC 91117
procedure,HCPCS,48042,48042,HCPCS_48042,oov,unknown_unmappable,8,8,HX BRAIN SURGERY
diagnosis,ICD10,S99.912D,S99912D,ICD10_S99912D,oov,unknown_unmappable,8,5,"Injury of left ankle, subsequent encounter"
diagnosis,ICD10,H66.3X3,H663X3,ICD10_H663X3,oov,unknown_unmappable,8,4,"Other chronic suppurative otitis media, bilateral"
diagnosis,ICD10,S42.411D,S42411D,ICD10_S42411D,oov,unknown_unmappable,8,2,"Displaced simple supracondylar fracture without intercondylar fracture of right humerus, subsequent encounter for fracture with routine healing"
diagnosis,ICD9,V72.1,V721,ICD9_V721,oov,code_version_mismatch,8,8,Examination of ears and hearing
medication,RXNORM,1868843,1868843,RXN_1868843,oov,pediatric_absent,8,4,methylcellulose
medication,RXNORM,1047905,1047905,RXN_1047905,oov,pediatric_absent,8,4,hyoscyamine sulfate
diagnosis,ICD10,S83.289D,S83289D,ICD10_S83289D,oov,unknown_unmappable,8,1,"Other tear of lateral meniscus, current injury, unspecified knee, subsequent encounter"
diagnosis,ICD9,760.79,76079,ICD9_76079,oov,code_version_mismatch,8,7,Other noxious influences affecting fetus or newborn via placenta or breast milk
diagnosis,ICD10,H71.11,H7111,ICD10_H7111,oov,unknown_unmappable,8,5,Granuloma of tympanic membrane of right ear
diagnosis,ICD10,E08.8,E088,ICD10_E088,oov,unknown_unmappable,8,5,Diabetes mellitus due to underlying condition with unspecified complications
medication,RXNORM,317599,317599,RXN_317599,oov,pediatric_absent,8,5,kit for Tc-99m/medronate sod
diagnosis,ICD10,S76.011D,S76011D,ICD10_S76011D,oov,unknown_unmappable,8,1,"Strain of muscle, fascia and tendon of right hip, subsequent encounter"
diagnosis,ICD10,M93.951,M93951,ICD10_M93951,oov,unknown_unmappable,8,2,"Osteochondropathy, unspecified, right thigh"
diagnosis,ICD10,H65.195,H65195,ICD10_H65195,oov,unknown_unmappable,8,4,Other recurrent acute nonsuppurative otitis media of left ear
medication,RXNORM,1735536,1735536,RXN_1735536,oov,pediatric_absent,8,4,somatropin
procedure,HCPCS,18216,18216,HCPCS_18216,oov,unknown_unmappable,8,8,"PR CREATE EARDRUM OPENING,GEN ANESTH"
procedure,HCPCS,44263,44263,HCPCS_44263,oov,unknown_unmappable,8,8,PRIMARY TOOTH EXTRACTION
procedure,HCPCS,56687,56687,HCPCS_56687,oov,unknown_unmappable,8,8,OPEN HEART
drg,DRG,MS642,MS642,DRG_MS642,oov,unknown_unmappable,8,2,INBORN AND OTHER DISORDERS OF METABOLISM
drg,DRG,OMAPR756,OMAPR756,DRG_OMAPR756,oov,unknown_unmappable,8,7,ACUTE ANXIETY & DELIRIUM STATES
drg,DRG,MS496,MS496,DRG_MS496,oov,unknown_unmappable,8,4,LOCAL EXCISION & REMOVAL INT FIX DEVICES EXC HIP & FEMUR W CC
drg,DRG,MS456,MS456,DRG_MS456,oov,unknown_unmappable,8,8,SPINAL FUS EXC CERV W SPINAL CURV/MALIG/INFEC OR EXT FUS W MCC
drg,DRG,MS870,MS870,DRG_MS870,oov,unknown_unmappable,8,8,SEPTICEMIA OR SEVERE SEPSIS W MV >96 HOURS
drg,DRG,OMAPR425,OMAPR425,DRG_OMAPR425,oov,unknown_unmappable,8,7,OTHER NON-HYPOVOLEMIC ELECTROLYTE DISORDERS
drg,DRG,OMAPR192,OMAPR192,DRG_OMAPR192,oov,unknown_unmappable,8,7,CARDIAC CATHETERIZATION FOR OTHER NON-CORONARY CONDITIONS
drg,DRG,OMAPR724,OMAPR724,DRG_OMAPR724,oov,unknown_unmappable,8,7,OTHER INFECTIOUS & PARASITIC DISEASES
diagnosis,ICD10,P00.2,P002,ICD10_P002,oov,unknown_unmappable,8,4,Fetus or newborn affected by maternal infection
diagnosis,ICD10,H65.194,H65194,ICD10_H65194,oov,unknown_unmappable,8,4,Other recurrent acute nonsuppurative otitis media of right ear
diagnosis,ICD10,P39.3,P393,PHE_657,oov,pediatric_absent,8,8,Neonatal urinary tract infection
diagnosis,ICD9,763.1,7631,ICD9_7631,oov,code_version_mismatch,8,4,"Fetus or newborn affected by other malpresentation, malposition, and disproportion during labor and delivery"
diagnosis,ICD10,O36.1190,O361190,ICD10_O361190,oov,unknown_unmappable,8,1,ABO incompatibility in pregnancy
medication,RXNORM,1791493,1791493,RXN_1791493,oov,pediatric_absent,8,1,idarubicin HCl
diagnosis,ICD10,H16.252,H16252,ICD10_H16252,oov,unknown_unmappable,8,1,"Phlyctenulosis, left"
diagnosis,ICD10,J01.21,J0121,ICD10_J0121,oov,unknown_unmappable,8,1,Acute recurrent ethmoidal sinusitis
diagnosis,ICD10,S06.890D,S06890D,ICD10_S06890D,oov,unknown_unmappable,8,3,"Other specified intracranial injury without loss of consciousness, subsequent encounter"
diagnosis,ICD10,S09.92XD,S0992XD,ICD10_S0992XD,oov,unknown_unmappable,8,3,"Injury of nose, subsequent encounter"
diagnosis,ICD10,P28.10,P2810,ICD10_P2810,oov,unknown_unmappable,8,8,Unspecified atelectasis of newborn
medication,RXNORM,1797863,1797863,RXN_1797863,oov,pediatric_absent,8,4,flunisolide
medication,RXNORM,753441,753441,RXN_753441,oov,pediatric_absent,8,2,methylphenidate
medication,RXNORM,1245763,1245763,RXN_1245763,oov,pediatric_absent,8,1,lipase/protease/amylase
diagnosis,ICD10,S62.501D,S62501D,ICD10_S62501D,oov,unknown_unmappable,8,2,"Fracture of unspecified phalanx of right thumb, subsequent encounter for fracture with routine healing"
diagnosis,ICD10,S79.111D,S79111D,ICD10_S79111D,oov,unknown_unmappable,8,1,"Closed Salter-Harris type I physeal fracture of distal end of right femur, with routine healing, subsequent encounter"
diagnosis,ICD10,T78.05XD,T7805XD,ICD10_T7805XD,oov,unknown_unmappable,8,2,"Anaphylactic reaction due to tree nuts and seeds, subsequent encounter"
diagnosis,ICD10,L74.512,L74512,ICD10_L74512,oov,unknown_unmappable,8,4,"Primary focal hyperhidrosis, palms"
medication,RXNORM,313820,313820,RXN_313820,oov,pediatric_absent,8,7,acetaminophen
medication,RXNORM,1423691,1423691,RXN_1423691,oov,pediatric_absent,8,4,melatonin
procedure,HCPCS,48077,48077,HCPCS_48077,oov,unknown_unmappable,8,8,HX NASAL SINUS SURGERY
diagnosis,ICD10,Q65.32,Q6532,ICD10_Q6532,oov,unknown_unmappable,8,2,"Congenital subluxation of hip, unilateral, left"
drg,DRG,MS564,MS564,DRG_MS564,oov,unknown_unmappable,8,7,OTHER MUSCULOSKELETAL SYS & CONNECTIVE TISSUE DIAGNOSES W MCC
drg,DRG,OMAPR441,OMAPR441,DRG_OMAPR441,oov,unknown_unmappable,8,4,MAJOR BLADDER PROCEDURES
drg,DRG,OMAPR057,OMAPR057,DRG_OMAPR057,oov,unknown_unmappable,8,8,"CONCUSSION, CLOSED SKULL FX NOS,UNCOMPLICATED INTRACRANIAL INJURY, COMA < 1 HR OR NO COMA"
drg,DRG,OMAPR862,OMAPR862,DRG_OMAPR862,oov,unknown_unmappable,8,6,OTHER AFTERCARE & CONVALESCENCE
drg,DRG,MS158,MS158,DRG_MS158,oov,unknown_unmappable,8,8,DENTAL & ORAL DISEASES W CC
drg,DRG,MS546,MS546,DRG_MS546,oov,unknown_unmappable,8,3,CONNECTIVE TISSUE DISORDERS W CC
diagnosis,ICD10,P02.1,P021,ICD10_P021,oov,unknown_unmappable,8,8,Newborn affected by other forms of placental separation and hemorrhage
medication,RXNORM,727757,727757,RXN_727757,oov,pediatric_absent,8,1,etanercept
drg,DRG,MS689,MS689,DRG_MS689,oov,unknown_unmappable,8,7,KIDNEY & URINARY TRACT INFECTIONS W MCC
medication,RXNORM,197739,197739,RXN_197739,oov,pediatric_absent,8,1,glycopyrrolate
diagnosis,ICD10,D22.62,D2262,ICD10_D2262,oov,unknown_unmappable,8,3,"Melanocytic nevi of left upper limb, including shoulder"
procedure,HCPCS,76898,76898,HCPCS_76898,oov,unknown_unmappable,8,8,IMPEDANCE TEST
procedure,HCPCS,46312,46312,HCPCS_46312,oov,unknown_unmappable,8,8,HX LARYNGOSCOPY
diagnosis,ICD10,S76.312D,S76312D,ICD10_S76312D,oov,unknown_unmappable,8,2,"Left hamstring muscle strain, subsequent encounter"
procedure,HCPCS,44261,44261,HCPCS_44261,oov,unknown_unmappable,8,8,NASAL CAUTERY
drg,DRG,MS639,MS639,DRG_MS639,oov,unknown_unmappable,8,8,DIABETES W/O CC/MCC
medication,RXNORM,313797,313797,RXN_313797,oov,pediatric_absent,8,6,amoxicillin
diagnosis,ICD10,Z38.00,Z3800,ICD10_Z3800,oov,unknown_unmappable,8,6,"Term newborn delivered vaginally, current hospitalization"
procedure,HCPCS,50178,50178,HCPCS_50178,oov,unknown_unmappable,8,8,HX VASCULAR RING REPAIR
medication,RXNORM,856762,856762,RXN_856762,oov,pediatric_absent,8,3,amitriptyline HCl
medication,RXNORM,617309,617309,RXN_617309,oov,pediatric_absent,8,5,amoxicillin/potassium clav
diagnosis,ICD10,Y93.6A,Y936A,ICD10_Y936A,oov,unknown_unmappable,7,6,"Activity, physical games generally associated with school recess, summer camp and children"
diagnosis,ICD10,S63.641A,S63641A,ICD10_S63641A,oov,unknown_unmappable,7,1,"Sprain of metacarpophalangeal joint of right thumb, initial encounter"
diagnosis,ICD10,T23.102A,T23102A,ICD10_T23102A,oov,unknown_unmappable,7,2,"Burn of left hand, first degree, initial encounter"
medication,RXNORM,979468,979468,RXN_979468,oov,pediatric_absent,7,1,losartan/hydrochlorothiazide
medication,RXNORM,849850,849850,RXN_849850,oov,pediatric_absent,7,3,somatropin
medication,RXNORM,311679,311679,RXN_311679,oov,pediatric_absent,7,5,metronidazole
medication,RXNORM,997488,997488,RXN_997488,oov,pediatric_absent,7,6,fexofenadine HCl
medication,RXNORM,1437739,1437739,RXN_1437739,oov,pediatric_absent,7,2,melatonin
medication,RXNORM,1300385,1300385,RXN_1300385,oov,pediatric_absent,7,7,"diph,pertuss(acell),tet ped/PF"
medication,RXNORM,2055011,2055011,RXN_2055011,oov,pediatric_absent,7,1,stiripentol
medication,RXNORM,672558,672558,RXN_672558,oov,pediatric_absent,7,4,loratadine
medication,RXNORM,309101,309101,RXN_309101,oov,pediatric_absent,7,3,cefuroxime sodium
medication,RXNORM,1649963,1649963,RXN_1649963,oov,pediatric_absent,7,1,filgrastim
medication,RXNORM,658,658,RXN_658,oov,pediatric_absent,7,2,amino acids
medication,RXNORM,1726844,1726844,RXN_1726844,oov,pediatric_absent,7,1,adalimumab
medication,RXNORM,240447,240447,RXN_240447,oov,pediatric_absent,7,1,ceftazidime
diagnosis,ICD10,T18.2XXD,T182XXD,ICD10_T182XXD,oov,unknown_unmappable,7,1,"Gastric bezoar, subsequent encounter"
diagnosis,ICD10,P61.4,P614,PHE_656.5,oov,pediatric_absent,7,7,"Other congenital anemias, not elsewhere classified"
diagnosis,ICD10,T50.902D,T50902D,ICD10_T50902D,oov,unknown_unmappable,7,5,"Suicidal overdose, subsequent encounter"
diagnosis,ICD9,775.7,7757,PHE_656.3,oov,pediatric_absent,7,6,Late metabolic acidosis of newborn
medication,RXNORM,314267,314267,RXN_314267,oov,pediatric_absent,7,1,"thyroid,pork"
medication,RXNORM,1482515,1482515,RXN_1482515,oov,pediatric_absent,7,1,eslicarbazepine acetate
diagnosis,ICD10,M84.374A,M84374A,ICD10_M84374A,oov,unknown_unmappable,7,2,"Stress fracture, right foot, initial encounter for fracture"
diagnosis,ICD10,H21.41,H2141,ICD10_H2141,oov,unknown_unmappable,7,1,"Pupillary membranes, right eye"
diagnosis,ICD10,P07.01,P0701,ICD10_P0701,oov,unknown_unmappable,7,3,"Extremely low birth weight newborn, less than 500 grams"
diagnosis,ICD10,P92.01,P9201,ICD10_P9201,oov,unknown_unmappable,7,4,Bilious emesis in newborn
diagnosis,ICD9,V78.2,V782,ICD9_V782,oov,code_version_mismatch,7,4,Screening for sickle-cell disease or trait
medication,RXNORM,1488563,1488563,RXN_1488563,oov,pediatric_absent,7,1,cyanocobalamin (vitamin B-12)
diagnosis,ICD10,P54.5,P545,PHE_656.4,oov,pediatric_absent,7,7,Neonatal cutaneous hemorrhage
diagnosis,ICD10,S52.601D,S52601D,ICD10_S52601D,oov,unknown_unmappable,7,4,"Unspecified fracture of lower end of right ulna, subsequent encounter for closed fracture with routine healing"
diagnosis,ICD10,G43.D1,G43D1,ICD10_G43D1,oov,unknown_unmappable,7,3,Refractory abdominal migraine
procedure,HCPCS,16328,16328,HCPCS_16328,oov,unknown_unmappable,7,7,IUD INSERTION
procedure,HCPCS,46007,46007,HCPCS_46007,oov,unknown_unmappable,7,7,HX NASAL SEPTOPLASTY
procedure,HCPCS,13925,13925,HCPCS_13925,oov,unknown_unmappable,7,7,"PR REMOVAL ADENOIDS,PRIMARY,<12 Y/O"
procedure,HCPCS,13659,13659,HCPCS_13659,oov,unknown_unmappable,7,7,"EXCISION OF FRENUM, LABIAL OR BUCCAL"
procedure,HCPCS,15938,15938,HCPCS_15938,oov,unknown_unmappable,7,7,PR ORCHIOPEXY INGUINAL OR SCROTAL APPROACH
diagnosis,ICD10,S52.182D,S52182D,ICD10_S52182D,oov,unknown_unmappable,7,1,"Other fracture of upper end of left radius, subsequent encounter for closed fracture with routine healing"
medication,RXNORM,1547658,1547658,RXN_1547658,oov,pediatric_absent,7,3,fluticasone furoate
medication,RXNORM,283639,283639,RXN_283639,oov,pediatric_absent,7,1,olanzapine
medication,RXNORM,1356578,1356578,RXN_1356578,oov,pediatric_absent,7,3,perampanel
diagnosis,ICD10,P05.15,P0515,ICD10_P0515,oov,unknown_unmappable,7,1,"Newborn small for gestational age, 1250-1499 grams"
diagnosis,ICD10,Z62.821,Z62821,ICD10_Z62821,oov,unknown_unmappable,7,2,Behavior causing concern in adopted child
diagnosis,ICD10,S60.032A,S60032A,ICD10_S60032A,oov,unknown_unmappable,7,2,"Contusion of left middle finger without damage to nail, initial encounter"
medication,RXNORM,1437278,1437278,RXN_1437278,oov,pediatric_absent,7,2,topiramate
medication,RXNORM,1300368,1300368,RXN_1300368,oov,pediatric_absent,7,4,"diph,pertuss(acell),tet vac/PF"
medication,RXNORM,1425120,1425120,RXN_1425120,oov,pediatric_absent,7,4,melatonin
diagnosis,ICD10,S00.36XA,S0036XA,ICD10_S0036XA,oov,unknown_unmappable,7,2,"Insect bite of nose, initial encounter"
diagnosis,ICD10,H65.04,H6504,ICD10_H6504,oov,unknown_unmappable,7,2,Recurrent acute serous otitis media of right ear
diagnosis,ICD9,766.1,7661,ICD9_7661,oov,code_version_mismatch,7,6,Large for gestational age (LGA)
diagnosis,ICD10,Q70.30,Q7030,ICD10_Q7030,oov,unknown_unmappable,7,4,"Webbed toes, unspecified foot"
medication,RXNORM,5775,5775,RXN_5775,oov,pediatric_absent,7,3,indocyanine green
diagnosis,ICD10,S86.312S,S86312S,ICD10_S86312S,oov,unknown_unmappable,7,1,"Strain of peroneal tendon, left, sequela"
medication,RXNORM,829993,829993,RXN_829993,oov,pediatric_absent,7,2,cholecalciferol (vitamin D3)
procedure,HCPCS,130672,130672,HCPCS_130672,oov,unknown_unmappable,7,7,PR INSERT INTRAUTERINE DEVICE
procedure,HCPCS,82586,82586,HCPCS_82586,oov,unknown_unmappable,7,7,CHIARI DECOMPRESSION (INTRADURAL)
diagnosis,ICD10,H83.3X3,H833X3,ICD10_H833X3,oov,unknown_unmappable,7,1,Sound sensitivity in both ears
medication,RXNORM,251292,251292,RXN_251292,oov,pediatric_absent,7,4,sennosides
procedure,HCPCS,42502,42502,HCPCS_42502,oov,unknown_unmappable,7,7,HX CYST REMOVAL
procedure,HCPCS,82744,82744,HCPCS_82744,oov,unknown_unmappable,7,7,MUSCLE BIOPSY SURGERY
medication,RXNORM,763564,763564,RXN_763564,oov,pediatric_absent,7,2,adalimumab
diagnosis,ICD10,R94.138,R94138,ICD10_R94138,oov,unknown_unmappable,7,1,Low motor nerve amplitude on nerve conduction study
diagnosis,ICD9,E005.4,E0054,ICD9_E0054,oov,code_version_mismatch,7,4,Activities involving cheerleading
medication,RXNORM,746036,746036,RXN_746036,oov,pediatric_absent,7,2,terbinafine HCl
procedure,HCPCS,93320,93320,HCPCS_93320,oov,unknown_unmappable,7,7,Dop echo compl
procedure,HCPCS,46080,46080,HCPCS_46080,oov,unknown_unmappable,7,7,HX CONTROL OF POST TONSILLAR HEM. SURGERY
procedure,HCPCS,82622,82622,HCPCS_82622,oov,unknown_unmappable,7,7,CRANIAL CSF SHUNT SURGERY
procedure,HCPCS,45641,45641,HCPCS_45641,oov,unknown_unmappable,7,7,HX EXAM UNDER ANESTHESIA
procedure,HCPCS,45941,45941,HCPCS_45941,oov,unknown_unmappable,7,7,CECOSTOMY
drg,DRG,MS388,MS388,DRG_MS388,oov,unknown_unmappable,7,4,G.I. OBSTRUCTION W MCC
drg,DRG,MS863,MS863,DRG_MS863,oov,unknown_unmappable,7,7,POSTOPERATIVE & POST-TRAUMATIC INFECTIONS W/O MCC
drg,DRG,MS056,MS056,DRG_MS056,oov,unknown_unmappable,7,7,DEGENERATIVE NERVOUS SYSTEM DISORDERS W MCC
drg,DRG,MS696,MS696,DRG_MS696,oov,unknown_unmappable,7,7,KIDNEY & URINARY TRACT SIGNS & SYMPTOMS W/O MCC
drg,DRG,MS309,MS309,DRG_MS309,oov,unknown_unmappable,7,6,CARDIAC ARRHYTHMIA & CONDUCTION DISORDERS W CC
drg,DRG,OMAPR423,OMAPR423,DRG_OMAPR423,oov,unknown_unmappable,7,2,INBORN ERRORS OF METABOLISM
drg,DRG,MS660,MS660,DRG_MS660,oov,unknown_unmappable,7,4,KIDNEY & URETER PROCEDURES FOR NON-NEOPLASM W CC
drg,DRG,MS654,MS654,DRG_MS654,oov,unknown_unmappable,7,6,MAJOR BLADDER PROCEDURES W CC
drg,DRG,OMAPR385,OMAPR385,DRG_OMAPR385,oov,unknown_unmappable,7,7,"OTHER SKIN, SUBCUTANEOUS TISSUE & BREAST DISORDERS"
drg,DRG,MS041,MS041,DRG_MS041,oov,unknown_unmappable,7,6,PERIPH/CRANIAL NERVE & OTHER NERV SYST PROC W CC OR PERIPH NEUROSTIM
drg,DRG,OMAPR004,OMAPR004,DRG_OMAPR004,oov,unknown_unmappable,7,7,TRACHEOSTOMY W MV 96+ HOURS W EXTENSIVE PROCEDURE
drg,DRG,OMAPR593,OMAPR593,DRG_OMAPR593,oov,unknown_unmappable,7,7,NEONATE BIRTHWT 750-999G W/O MAJOR PROCEDURE
diagnosis,ICD10,Z71.84,Z7184,ICD10_Z7184,oov,unknown_unmappable,7,4,Travel advice encounter
diagnosis,ICD9,V21.35,V2135,ICD9_V2135,oov,code_version_mismatch,7,3,"Low birth weight status, 2000-2500 grams"
diagnosis,ICD10,R39.83,R3983,ICD10_R3983,oov,unknown_unmappable,7,4,Unilateral non-palpable testicle
diagnosis,ICD10,Q53.01,Q5301,ICD10_Q5301,oov,unknown_unmappable,7,4,Unilateral ectopic testis
diagnosis,ICD10,T63.444A,T63444A,ICD10_T63444A,oov,unknown_unmappable,7,4,"Bee sting, undetermined intent, initial encounter"
medication,RXNORM,1311500,1311500,RXN_1311500,oov,pediatric_absent,7,4,kit for prep Tc-99m/mebrofenin
procedure,HCPCS,60803,60803,HCPCS_60803,oov,unknown_unmappable,7,7,POSTERIOR SAGITTAL ANORECTOPLASTY
procedure,HCPCS,47777,47777,HCPCS_47777,oov,unknown_unmappable,7,7,HX MYELOMININGOCELE REPAIR
medication,RXNORM,100213,100213,RXN_100213,oov,pediatric_absent,7,1,B infantis/B ani/B lon/B bifid
medication,RXNORM,284245,284245,RXN_284245,oov,pediatric_absent,7,6,famotidine
medication,RXNORM,1005924,1005924,RXN_1005924,oov,pediatric_absent,7,5,ulipristal acetate
diagnosis,ICD10,Z38.8,Z388,ICD10_Z388,oov,unknown_unmappable,7,2,Triplet birth
procedure,HCPCS,42748,42748,HCPCS_42748,oov,unknown_unmappable,7,7,"HX VENTRICULAR SEPTAL DEFECT REPAIR, NOS"
procedure,HCPCS,54939,54939,HCPCS_54939,oov,unknown_unmappable,7,7,EAR TUBE
drg,DRG,MS042,MS042,DRG_MS042,oov,unknown_unmappable,7,7,PERIPH/CRANIAL NERVE & OTHER NERV SYST PROC W/O CC/MCC
drg,DRG,MS307,MS307,DRG_MS307,oov,unknown_unmappable,7,7,CARDIAC CONGENITAL & VALVULAR DISORDERS W/O MCC
procedure,HCPCS,66221,66221,HCPCS_66221,oov,unknown_unmappable,7,7,"PR STEREOTACTIC COMP ASSIST PROC,CRANIAL,INTRADURAL"
drg,DRG,OMAPR247,OMAPR247,DRG_OMAPR247,oov,unknown_unmappable,7,5,INTESTINAL OBSTRUCTION
procedure,HCPCS,48149,48149,HCPCS_48149,oov,unknown_unmappable,7,7,HX TETRALOGY OF FALLOT REPAIR
procedure,HCPCS,13781,13781,HCPCS_13781,oov,unknown_unmappable,7,7,PR DENTAL SURGERY PROCEDURE
medication,RXNORM,1359022,1359022,RXN_1359022,oov,pediatric_absent,7,4,norethindrone ac-eth estradiol
procedure,HCPCS,42644,42644,HCPCS_42644,oov,unknown_unmappable,7,7,HX CRANIOTOMY
procedure,HCPCS,49955,49955,HCPCS_49955,oov,unknown_unmappable,7,7,BONE MARROW BIOPSY
diagnosis,ICD10,Z13.41,Z1341,ICD10_Z1341,oov,unknown_unmappable,7,2,Encounter for autism screening
drg,DRG,OMAPR710,OMAPR710,DRG_OMAPR710,oov,unknown_unmappable,7,6,INFECTIOUS & PARASITIC DISEASES INCLUDING HIV W O.R. PROCEDURE
medication,RXNORM,1649485,1649485,RXN_1649485,oov,pediatric_absent,7,1,ivabradine HCl
diagnosis,ICD9,772.13,77213,PHE_656.4,oov,pediatric_absent,7,2,"Intraventricular hemorrhage, grade III"
medication,RXNORM,668292,668292,RXN_668292,oov,pediatric_absent,7,4,calcium carb/vit D3/minerals
diagnosis,ICD10,J35.03,J3503,ICD10_J3503,oov,unknown_unmappable,7,5,"Tonsillitis and adenoiditis, chronic"
medication,RXNORM,724592,724592,RXN_724592,oov,pediatric_absent,7,2,sodium chloride for inhalation
diagnosis,ICD10,T23.222A,T23222A,ICD10_T23222A,oov,unknown_unmappable,6,2,"Burn of finger, left, second degree, initial encounter"
diagnosis,ICD10,H04.69,H0469,ICD10_H0469,oov,unknown_unmappable,6,1,Other changes of lacrimal passages
medication,RXNORM,857965,857965,RXN_857965,oov,pediatric_absent,6,6,Influenza TVS 09-10 Vaccine/PF
medication,RXNORM,753562,753562,RXN_753562,oov,pediatric_absent,6,1,omeprazole/sodium bicarbonate
medication,RXNORM,1736585,1736585,RXN_1736585,oov,pediatric_absent,6,1,dexrazoxane HCl
medication,RXNORM,197500,197500,RXN_197500,oov,pediatric_absent,6,1,chlorthalidone
diagnosis,ICD10,S60.351A,S60351A,ICD10_S60351A,oov,unknown_unmappable,6,2,"Superficial foreign body of right thumb, initial encounter"
medication,RXNORM,1050077,1050077,RXN_1050077,oov,pediatric_absent,6,4,diphenhydramine HCl
medication,RXNORM,1190220,1190220,RXN_1190220,oov,pediatric_absent,6,2,ipratropium/albuterol sulfate
medication,RXNORM,1550940,1550940,RXN_1550940,oov,pediatric_absent,6,1,colchicine
diagnosis,ICD9,V78.3,V783,ICD9_V783,oov,code_version_mismatch,6,3,Screening for other hemoglobinopathies
diagnosis,ICD10,S01.452D,S01452D,ICD10_S01452D,oov,unknown_unmappable,6,1,"Open bite of left cheek and temporomandibular area, subsequent encounter"
diagnosis,ICD10,G81.12,G8112,ICD10_G8112,oov,unknown_unmappable,6,3,Spastic hemiplegia affecting left dominant side
diagnosis,ICD10,T68.XXXS,T68XXXS,ICD10_T68XXXS,oov,unknown_unmappable,6,4,"Hypothermia, sequela"
diagnosis,ICD10,S62.650A,S62650A,ICD10_S62650A,oov,unknown_unmappable,6,3,"Closed nondisplaced fracture of middle phalanx of right index finger, initial encounter"
diagnosis,ICD10,M26.79,M2679,ICD10_M2679,oov,unknown_unmappable,6,4,Other specified alveolar anomalies
diagnosis,ICD9,V01.71,V0171,ICD9_V0171,oov,code_version_mismatch,6,3,Varicella exposure
medication,RXNORM,199055,199055,RXN_199055,oov,pediatric_absent,6,2,metronidazole
medication,RXNORM,1812419,1812419,RXN_1812419,oov,pediatric_absent,6,1,topiramate
medication,RXNORM,199376,199376,RXN_199376,oov,pediatric_absent,6,1,potassium citrate
medication,RXNORM,1809066,1809066,RXN_1809066,oov,pediatric_absent,6,3,immun glob G(IgG)/pro/IgA 0-50
diagnosis,ICD9,V74.8,V748,ICD9_V748,oov,code_version_mismatch,6,4,Screening examination for other specified bacterial and spirochetal diseases
diagnosis,ICD10,S72.331D,S72331D,ICD10_S72331D,oov,unknown_unmappable,6,1,"Displaced oblique fracture of shaft of right femur, subsequent encounter for closed fracture with routine healing"
medication,RXNORM,284989,284989,RXN_284989,oov,pediatric_absent,6,3,somatropin
diagnosis,ICD9,772.4,7724,PHE_656.4,oov,pediatric_absent,6,4,Hematochezia in newborn
diagnosis,ICD10,Z62.891,Z62891,ICD10_Z62891,oov,unknown_unmappable,6,5,Sibling rivalry
diagnosis,ICD10,M87.00,M8700,ICD10_M8700,oov,unknown_unmappable,6,3,Avascular necrosis
diagnosis,ICD10,S82.231D,S82231D,ICD10_S82231D,oov,unknown_unmappable,6,1,"Displaced oblique fracture of shaft of right tibia, subsequent encounter for closed fracture with routine healing"
diagnosis,ICD10,M24.539,M24539,ICD10_M24539,oov,unknown_unmappable,6,3,"Contracture of wrist, unspecified laterality"
diagnosis,ICD10,Q66.229,Q66229,ICD10_Q66229,oov,unknown_unmappable,6,3,Metatarsus adductus
diagnosis,ICD10,H93.233,H93233,ICD10_H93233,oov,unknown_unmappable,6,2,"Hyperacusia, bilateral"
diagnosis,ICD10,S20.462A,S20462A,ICD10_S20462A,oov,unknown_unmappable,6,2,"Insect bite (nonvenomous) of left back wall of thorax, initial encounter"
medication,RXNORM,1307409,1307409,RXN_1307409,oov,pediatric_absent,6,3,linaclotide
diagnosis,ICD10,S93.412A,S93412A,ICD10_S93412A,oov,unknown_unmappable,6,1,"Sprain of calcaneofibular ligament of left ankle, initial encounter"
diagnosis,ICD10,E72.10,E7210,ICD10_E7210,oov,unknown_unmappable,6,1,"Disorders of sulfur-bearing amino-acid metabolism, unspecified"
diagnosis,ICD10,J01.11,J0111,ICD10_J0111,oov,unknown_unmappable,6,2,Acute recurrent frontal sinusitis
medication,RXNORM,198077,198077,RXN_198077,oov,pediatric_absent,6,1,perphenazine
diagnosis,ICD10,Y93.C9,Y93C9,ICD10_Y93C9,oov,unknown_unmappable,6,2,Engages in playing video games as non-work related activity
diagnosis,ICD10,P74.1,P741,PHE_656.3,oov,pediatric_absent,6,6,Dehydration of newborn
medication,RXNORM,685054,685054,RXN_685054,oov,pediatric_absent,6,4,cholecalciferol (vitamin D3)
diagnosis,ICD10,M84.369D,M84369D,ICD10_M84369D,oov,unknown_unmappable,6,1,"Stress fracture of tibia, with routine healing, subsequent encounter"
diagnosis,ICD10,S76.011S,S76011S,ICD10_S76011S,oov,unknown_unmappable,6,1,"Strain of muscle, fascia and tendon of right hip, sequela"
diagnosis,ICD10,S39.93XA,S3993XA,ICD10_S3993XA,oov,unknown_unmappable,6,3,"Injury of pelvis, initial encounter"
diagnosis,ICD10,S89.321A,S89321A,ICD10_S89321A,oov,unknown_unmappable,6,1,"Salter-Harris type II physeal fracture of lower end of right fibula, initial encounter for closed fracture"
diagnosis,ICD10,S00.262A,S00262A,ICD10_S00262A,oov,unknown_unmappable,6,4,"Insect bite (nonvenomous) of left eyelid and periocular area, initial encounter"
medication,RXNORM,1860151,1860151,RXN_1860151,oov,pediatric_absent,6,1,oxycodone HCl
procedure,HCPCS,65452,65452,HCPCS_65452,oov,unknown_unmappable,6,6,>COLONOSCOPY W/BIOPSY
diagnosis,ICD10,T21.22XD,T2122XD,ICD10_T2122XD,oov,unknown_unmappable,6,2,"Burn of abdomen wall, second degree, subsequent encounter"
diagnosis,ICD10,M92.40,M9240,ICD10_M9240,oov,unknown_unmappable,6,1,Sinding-Larsen-Johansson syndrome
medication,RXNORM,200162,200162,RXN_200162,oov,pediatric_absent,6,5,sennosides
diagnosis,ICD10,S62.641D,S62641D,ICD10_S62641D,oov,unknown_unmappable,6,1,"Nondisplaced fracture of proximal phalanx of left index finger, subsequent encounter for fracture with routine healing"
diagnosis,ICD9,760.2,7602,ICD9_7602,oov,code_version_mismatch,6,3,Fetus or newborn affected by maternal infections
diagnosis,ICD9,775.89,77589,PHE_656.3,oov,pediatric_absent,6,6,Other neonatal endocrine and metabolic disturbances(775.89)
diagnosis,ICD9,779.82,77982,PHE_656.9,oov,pediatric_absent,6,6,Neonatal tachycardia
diagnosis,ICD10,H60.311,H60311,ICD10_H60311,oov,unknown_unmappable,6,3,Acute diffuse otitis externa of right ear
medication,RXNORM,825421,825421,RXN_825421,oov,pediatric_absent,6,1,eltrombopag olamine
medication,RXNORM,1437288,1437288,RXN_1437288,oov,pediatric_absent,6,4,topiramate
diagnosis,ICD9,V67.51,V6751,ICD9_V6751,oov,code_version_mismatch,6,3,"Follow-up examination following completed treatment with high-risk medications, not elsewhere classified"
diagnosis,ICD10,T81.4XXS,T814XXS,ICD10_T814XXS,oov,unknown_unmappable,6,1,"Wound infection after surgery, sequela"
medication,RXNORM,966522,966522,RXN_966522,oov,pediatric_absent,6,4,budesonide
procedure,HCPCS,60799,60799,HCPCS_60799,oov,unknown_unmappable,6,6,HX INCISION AND DRAINAGE
procedure,HCPCS,1668,1668,HCPCS_1668,oov,unknown_unmappable,6,6,CYSTOSCOPY
diagnosis,ICD9,995.59,99559,ICD9_99559,oov,code_version_mismatch,6,3,Failure to obtain appropriate medical care for child
diagnosis,ICD10,W09.0XXA,W090XXA,ICD10_W090XXA,oov,unknown_unmappable,6,6,"Fall on or from playground slide, initial encounter"
medication,RXNORM,1927637,1927637,RXN_1927637,oov,pediatric_absent,6,1,dextroamphetamine/amphetamine
medication,RXNORM,313997,313997,RXN_313997,oov,pediatric_absent,6,4,gentian violet
medication,RXNORM,855657,855657,RXN_855657,oov,pediatric_absent,6,4,diclofenac sodium
diagnosis,ICD10,S83.001A,S83001A,ICD10_S83001A,oov,unknown_unmappable,6,3,"Patellar subluxation, right, initial encounter"
medication,RXNORM,1863343,1863343,RXN_1863343,oov,pediatric_absent,6,2,vincristine sulfate
medication,RXNORM,198604,198604,RXN_198604,oov,pediatric_absent,6,4,dimethicone
medication,RXNORM,252761,252761,RXN_252761,oov,pediatric_absent,6,2,ubidecarenone
diagnosis,ICD10,H71.12,H7112,ICD10_H7112,oov,unknown_unmappable,6,4,Granuloma of tympanic membrane of left ear
diagnosis,ICD10,S50.862A,S50862A,ICD10_S50862A,oov,unknown_unmappable,6,5,"Insect bite (nonvenomous) of left forearm, initial encounter"
diagnosis,ICD10,H35.139,H35139,ICD10_H35139,oov,unknown_unmappable,6,6,"Retinopathy of prematurity, stage 2, unspecified eye"
medication,RXNORM,153880,153880,RXN_153880,oov,pediatric_absent,6,5,deflazacort
procedure,HCPCS,48008,48008,HCPCS_48008,oov,unknown_unmappable,6,6,HX FOOT SURGERY
procedure,HCPCS,86505,86505,HCPCS_86505,oov,unknown_unmappable,6,6,"HX COMPREHENSIVE STAGE II (ARCH REPAIR, BDG)"
procedure,HCPCS,82616,82616,HCPCS_82616,oov,unknown_unmappable,6,6,CRANIAL CSF SHUNT (ENDOSCOPIC THIRD VENTRICULOSTOMY)
diagnosis,ICD10,S83.92XD,S8392XD,ICD10_S8392XD,oov,unknown_unmappable,6,1,"Left knee sprain, subsequent encounter"
diagnosis,ICD10,M92.71,M9271,ICD10_M9271,oov,unknown_unmappable,6,1,Iselin's disease of right foot
drg,DRG,MS129,MS129,DRG_MS129,oov,unknown_unmappable,6,6,MAJOR HEAD & NECK PROCEDURES W CC/MCC OR MAJOR DEVICE
drg,DRG,MS989,MS989,DRG_MS989,oov,unknown_unmappable,6,6,NON-EXTENSIVE O.R. PROC UNRELATED TO PRINCIPAL DIAGNOSIS W/O CC/MCC
drg,DRG,OMAPR404,OMAPR404,DRG_OMAPR404,oov,unknown_unmappable,6,4,"THYROID, PARATHYROID & THYROGLOSSAL PROCEDURES"
drg,DRG,MS699,MS699,DRG_MS699,oov,unknown_unmappable,6,2,OTHER KIDNEY & URINARY TRACT DIAGNOSES W CC
drg,DRG,MS237,MS237,DRG_MS237,oov,unknown_unmappable,6,6,MAJOR CARDIOVASC PROCEDURES W MCC
drg,DRG,OMAPR005,OMAPR005,DRG_OMAPR005,oov,unknown_unmappable,6,6,TRACHEOSTOMY W MV 96+ HOURS W/O EXTENSIVE PROCEDURE
drg,DRG,MS602,MS602,DRG_MS602,oov,unknown_unmappable,6,5,CELLULITIS W MCC
drg,DRG,MS343,MS343,DRG_MS343,oov,unknown_unmappable,6,6,APPENDECTOMY W/O COMPLICATED PRINCIPAL DIAG W/O CC/MCC
drg,DRG,OMAPR092,OMAPR092,DRG_OMAPR092,oov,unknown_unmappable,6,6,FACIAL BONE PROCEDURES EXCEPT MAJOR CRANIAL/FACIAL BONE PROCEDURES
drg,DRG,OMAPR607,OMAPR607,DRG_OMAPR607,oov,unknown_unmappable,6,6,NEONATE BWT 1250-1499G W RESP DIST SYND/OTH MAJ RESP OR MAJ ANOM
drg,DRG,MS163,MS163,DRG_MS163,oov,unknown_unmappable,6,6,MAJOR CHEST PROCEDURES W MCC
drg,DRG,MS331,MS331,DRG_MS331,oov,unknown_unmappable,6,5,MAJOR SMALL & LARGE BOWEL PROCEDURES W/O CC/MCC
drg,DRG,OMAPR167,OMAPR167,DRG_OMAPR167,oov,unknown_unmappable,6,6,OTHER CARDIOTHORACIC & THORACIC VASCULAR PROCEDURES
drg,DRG,OMAPR850,OMAPR850,DRG_OMAPR850,oov,unknown_unmappable,6,6,"PROCEDURE W DIAG OF REHAB, AFTERCARE OR OTH CONTACT W HEALTH SERVICE"
drg,DRG,OMAPR721,OMAPR721,DRG_OMAPR721,oov,unknown_unmappable,6,6,"POST-OPERATIVE, POST-TRAUMATIC, OTHER DEVICE INFECTIONS"
drg,DRG,MS330,MS330,DRG_MS330,oov,unknown_unmappable,6,5,MAJOR SMALL & LARGE BOWEL PROCEDURES W CC
drg,DRG,OMAPR317,OMAPR317,DRG_OMAPR317,oov,unknown_unmappable,6,5,"TENDON, MUSCLE & OTHER SOFT TISSUE PROCEDURES"
drg,DRG,MS131,MS131,DRG_MS131,oov,unknown_unmappable,6,5,CRANIAL/FACIAL PROCEDURES W CC/MCC
diagnosis,ICD10,P71.1,P711,PHE_656.3,oov,pediatric_absent,6,5,Other neonatal hypocalcemia
diagnosis,ICD9,224.6,2246,PHE_224.1,oov,pediatric_absent,6,2,Benign neoplasm of choroid
diagnosis,ICD10,Z30.016,Z30016,ICD10_Z30016,oov,unknown_unmappable,6,1,Encounter for initial prescription of transdermal patch hormonal contraceptive device
diagnosis,ICD10,S62.232D,S62232D,ICD10_S62232D,oov,unknown_unmappable,6,3,"Other displaced fracture of base of first metacarpal bone, left hand, subsequent encounter for fracture with routine healing"
diagnosis,ICD10,M22.2X9,M222X9,ICD10_M222X9,oov,unknown_unmappable,6,4,Patellofemoral syndrome
diagnosis,ICD10,S43.401D,S43401D,ICD10_S43401D,oov,unknown_unmappable,6,1,"Unspecified sprain of right shoulder joint, subsequent encounter"
diagnosis,ICD10,S60.459A,S60459A,ICD10_S60459A,oov,unknown_unmappable,6,5,"Acute foreign body of fingernail, initial encounter"
diagnosis,ICD10,S90.445A,S90445A,ICD10_S90445A,oov,unknown_unmappable,6,1,"Hair tourniquet of toe of left foot, initial encounter"
medication,RXNORM,598006,598006,RXN_598006,oov,pediatric_absent,6,2,erythromycin base
diagnosis,ICD10,S52.201G,S52201G,ICD10_S52201G,oov,unknown_unmappable,6,2,"Closed fracture of right radius and ulna with delayed healing, subsequent encounter"
diagnosis,ICD10,S42.454A,S42454A,ICD10_S42454A,oov,unknown_unmappable,6,3,"Nondisplaced fracture of lateral condyle of right humerus, initial encounter for closed fracture"
procedure,HCPCS,42568,42568,HCPCS_42568,oov,unknown_unmappable,6,6,HX CHOLECYSTECTOMY
medication,RXNORM,309110,309110,RXN_309110,oov,pediatric_absent,6,5,cephalexin
procedure,HCPCS,53834,53834,HCPCS_53834,oov,unknown_unmappable,6,6,EGD W/PEG PLACEMENT 43246
medication,RXNORM,6218,6218,RXN_6218,oov,pediatric_absent,6,1,lactulose
medication,RXNORM,1312963,1312963,RXN_1312963,oov,pediatric_absent,6,3,iron polysaccharide complex
procedure,HCPCS,18212,18212,HCPCS_18212,oov,unknown_unmappable,6,6,PR VENT TUBE REMVL REQ GEN ANESTHESIA
diagnosis,ICD10,S89.122A,S89122A,ICD10_S89122A,oov,unknown_unmappable,6,2,"Salter-Harris type II physeal fracture of lower end of left tibia, initial encounter for closed fracture"
diagnosis,ICD10,H52.221,H52221,ICD10_H52221,oov,unknown_unmappable,6,2,Regular astigmatism of right eye
procedure,HCPCS,46325,46325,HCPCS_46325,oov,unknown_unmappable,6,6,HX TETHERED CORD RELEASE
diagnosis,ICD10,S52.234D,S52234D,ICD10_S52234D,oov,unknown_unmappable,6,1,"Nondisplaced oblique fracture of shaft of right ulna, subsequent encounter for closed fracture with routine healing"
diagnosis,ICD10,H65.22,H6522,ICD10_H6522,oov,unknown_unmappable,6,4,Left chronic serous otitis media
medication,RXNORM,1368385,1368385,RXN_1368385,oov,pediatric_absent,6,1,alogliptin benz/metformin HCl
diagnosis,ICD10,M25.259,M25259,ICD10_M25259,oov,unknown_unmappable,6,2,"Hip laxity, unspecified laterality"
medication,RXNORM,700883,700883,RXN_700883,oov,pediatric_absent,6,1,temozolomide
procedure,HCPCS,41227,41227,HCPCS_41227,oov,unknown_unmappable,6,6,TUBE INSERTION
drg,DRG,OMAPR483,OMAPR483,DRG_OMAPR483,oov,unknown_unmappable,6,4,"PENIS, TESTES & SCROTAL PROCEDURES"
drg,DRG,OMAPR347,OMAPR347,DRG_OMAPR347,oov,unknown_unmappable,6,5,"OTHER BACK & NECK DISORDERS, FRACTURES & INJURIES"
medication,RXNORM,541363,541363,RXN_541363,oov,pediatric_absent,6,1,dextroamphetamine/amphetamine
drg,DRG,MS872,MS872,DRG_MS872,oov,unknown_unmappable,6,6,SEPTICEMIA OR SEVERE SEPSIS W/O MV >96 HOURS W/O MCC
drg,DRG,MS395,MS395,DRG_MS395,oov,unknown_unmappable,6,5,OTHER DIGESTIVE SYSTEM DIAGNOSES W/O CC/MCC
drg,DRG,OMAPR201,OMAPR201,DRG_OMAPR201,oov,unknown_unmappable,6,6,CARDIAC ARRHYTHMIA & CONDUCTION DISORDERS
procedure,HCPCS,60591,60591,HCPCS_60591,oov,unknown_unmappable,6,6,HYDROCELE REPAIR
diagnosis,ICD10,P61.5,P615,PHE_656.5,oov,pediatric_absent,6,6,Transient neonatal neutropenia
drg,DRG,OMAPR163,OMAPR163,DRG_OMAPR163,oov,unknown_unmappable,6,5,CARDIAC VALVE PROCEDURES W/O AMI OR COMPLEX PDX
drg,DRG,OMAPR199,OMAPR199,DRG_OMAPR199,oov,unknown_unmappable,6,4,HYPERTENSION
procedure,HCPCS,43196,43196,HCPCS_43196,oov,unknown_unmappable,6,6,MR SPINE CERVICAL AND THORACIC AND LUMBAR WITHOUT CONTRAST
medication,RXNORM,309289,309289,RXN_309289,oov,pediatric_absent,6,4,ciclopirox olamine
diagnosis,ICD9,V81.1,V811,ICD9_V811,oov,code_version_mismatch,6,3,Blood pressure check
diagnosis,ICD10,H05.823,H05823,ICD10_H05823,oov,unknown_unmappable,6,2,"Eye muscle weakness, bilateral"
procedure,HCPCS,53742,53742,HCPCS_53742,oov,unknown_unmappable,6,6,SIG/BIOSPY 45331
diagnosis,ICD10,S52.91XG,S5291XG,ICD10_S5291XG,oov,unknown_unmappable,6,2,"Closed fracture of right radius and ulna with delayed healing, subsequent encounter"
medication,RXNORM,349547,349547,RXN_349547,oov,pediatric_absent,6,1,aripiprazole
procedure,HCPCS,46302,46302,HCPCS_46302,oov,unknown_unmappable,6,6,HX ENDOSCOPY
diagnosis,ICD10,H73.012,H73012,ICD10_H73012,oov,unknown_unmappable,6,2,Bullous myringitis of left ear
diagnosis,ICD9,V12.40,V1240,ICD9_V1240,oov,code_version_mismatch,6,5,"Follow-up otitis media, resolved"
procedure,HCPCS,44357,44357,HCPCS_44357,oov,unknown_unmappable,6,6,I & D OF ABSCESS - SIMPLE
diagnosis,ICD10,S83.192D,S83192D,ICD10_S83192D,oov,unknown_unmappable,6,1,"Other subluxation of left knee, subsequent encounter"
drg,DRG,MS166,MS166,DRG_MS166,oov,unknown_unmappable,6,6,OTHER RESP SYSTEM O.R. PROCEDURES W MCC
diagnosis,ICD9,V81.4,V814,ICD9_V814,oov,code_version_mismatch,6,3,Screening for other and unspecified respiratory condition
diagnosis,ICD9,776.4,7764,PHE_656.5,oov,pediatric_absent,6,3,Polycythemia neonatorum
drg,DRG,OMAPR621,OMAPR621,DRG_OMAPR621,oov,unknown_unmappable,6,6,NEONATE BWT 2000-2499G W MAJOR ANOMALY
diagnosis,ICD9,991.5,9915,ICD9_9915,oov,code_version_mismatch,6,1,Chilblain
medication,RXNORM,2257012,2257012,RXN_2257012,oov,pediatric_absent,6,4,elexacaftor/tezacaftor/ivacaft
drg,DRG,OMAPR622,OMAPR622,DRG_OMAPR622,oov,unknown_unmappable,6,6,NEONATE BWT 2000-2499G W RESP DIST SYND/OTH MAJ RESP COND
diagnosis,ICD10,S13.9XXD,S139XXD,ICD10_S139XXD,oov,unknown_unmappable,6,2,"Neck sprain, subsequent encounter"
medication,RXNORM,242206,242206,RXN_242206,oov,pediatric_absent,6,4,lactase
diagnosis,ICD10,M08.88,M0888,ICD10_M0888,oov,unknown_unmappable,5,2,"Other juvenile arthritis, other specified site"
diagnosis,ICD10,T80.90XA,T8090XA,ICD10_T8090XA,oov,unknown_unmappable,5,2,"Injection site reaction, initial encounter"
diagnosis,ICD10,S62.012D,S62012D,ICD10_S62012D,oov,unknown_unmappable,5,1,"Displaced fracture of distal pole of navicular (scaphoid) bone of left wrist, subsequent encounter for fracture with routine healing"
diagnosis,ICD10,S54.01XD,S5401XD,ICD10_S5401XD,oov,unknown_unmappable,5,1,"Injury of ulnar nerve at forearm level, right arm, subsequent encounter"
diagnosis,ICD10,S62.642A,S62642A,ICD10_S62642A,oov,unknown_unmappable,5,2,"Closed nondisplaced fracture of proximal phalanx of right middle finger, initial encounter"
medication,RXNORM,1193339,1193339,RXN_1193339,oov,pediatric_absent,5,2,ruxolitinib phosphate
medication,RXNORM,825411,825411,RXN_825411,oov,pediatric_absent,5,1,tapentadol HCl
medication,RXNORM,855474,855474,RXN_855474,oov,pediatric_absent,5,4,alclometasone dipropionate
medication,RXNORM,308192,308192,RXN_308192,oov,pediatric_absent,5,4,amoxicillin
medication,RXNORM,205104,205104,RXN_205104,oov,pediatric_absent,5,1,salicylic acid
medication,RXNORM,1245001,1245001,RXN_1245001,oov,pediatric_absent,5,1,eltrombopag olamine
diagnosis,ICD10,M93.28,M9328,ICD10_M9328,oov,unknown_unmappable,5,1,Osteochondritis dissecans other site
diagnosis,ICD9,770.88,77088,ICD9_77088,oov,code_version_mismatch,5,4,Hypoxemia of newborn
diagnosis,ICD10,Q66.80,Q6680,ICD10_Q6680,oov,unknown_unmappable,5,3,"Congenital vertical talus, unspecified laterality"
diagnosis,ICD10,K02.52,K0252,ICD10_K0252,oov,unknown_unmappable,5,3,Dental caries on pit and fissure surface penetrating into dentin
diagnosis,ICD10,S30.850A,S30850A,ICD10_S30850A,oov,unknown_unmappable,5,2,"Superficial foreign body of buttock, initial encounter"
diagnosis,ICD9,V07.31,V0731,ICD9_V0731,oov,code_version_mismatch,5,5,Need for prophylactic fluoride administration
diagnosis,ICD10,T74.22XS,T7422XS,ICD10_T7422XS,oov,unknown_unmappable,5,4,"Sexual abuse of adolescent, sequela"
diagnosis,ICD9,V70.5,V705,ICD9_V705,oov,code_version_mismatch,5,2,Health examination of defined subpopulation
diagnosis,ICD10,S92.215D,S92215D,ICD10_S92215D,oov,unknown_unmappable,5,1,"Nondisplaced fracture of cuboid bone of left foot, subsequent encounter for fracture with routine healing"
diagnosis,ICD9,224.0,2240,PHE_224.1,oov,pediatric_absent,5,2,"Benign neoplasm of eyeball, except conjunctiva, cornea, retina, and choroid"
medication,RXNORM,200344,200344,RXN_200344,oov,pediatric_absent,5,1,hydroxyurea
medication,RXNORM,1801187,1801187,RXN_1801187,oov,pediatric_absent,5,3,flu vacc qs2016-17 36mos up/PF
medication,RXNORM,797534,797534,RXN_797534,oov,pediatric_absent,5,4,docosanol
medication,RXNORM,1252230,1252230,RXN_1252230,oov,pediatric_absent,5,1,calamine/zinc oxide
diagnosis,ICD10,P24.31,P2431,ICD10_P2431,oov,unknown_unmappable,5,5,Aspiration of milk by newborn with respiratory symptoms
diagnosis,ICD10,H47.233,H47233,ICD10_H47233,oov,unknown_unmappable,5,2,"Glaucomatous optic atrophy, bilateral"
diagnosis,ICD10,T85.698S,T85698S,ICD10_T85698S,oov,unknown_unmappable,5,2,"Extrusion of left tympanic ventilation tube, sequela"
diagnosis,ICD10,H71.13,H7113,ICD10_H7113,oov,unknown_unmappable,5,2,"Cholesteatoma of tympanum, bilateral"
diagnosis,ICD9,V58.3,V583,ICD9_V583,oov,code_version_mismatch,5,4,"Suture, Removal"
diagnosis,ICD10,M99.89,M9989,ICD10_M9989,oov,unknown_unmappable,5,1,Other biomechanical lesions of abdomen and other regions
medication,RXNORM,476556,476556,RXN_476556,oov,pediatric_absent,5,2,emtricitabine/tenofovir (TDF)
medication,RXNORM,283475,283475,RXN_283475,oov,pediatric_absent,5,1,hydroxyurea
medication,RXNORM,198906,198906,RXN_198906,oov,pediatric_absent,5,1,zinc gluconate
medication,RXNORM,855318,855318,RXN_855318,oov,pediatric_absent,5,2,warfarin sodium
diagnosis,ICD10,T17.998S,T17998S,ICD10_T17998S,oov,unknown_unmappable,5,2,"Other foreign object in respiratory tract, part unspecified causing other injury, sequela"
diagnosis,ICD10,T23.251A,T23251A,ICD10_T23251A,oov,unknown_unmappable,5,2,"Burn of second degree of right palm, initial encounter"
medication,RXNORM,483325,483325,RXN_483325,oov,pediatric_absent,5,3,levonorgestrel
medication,RXNORM,1193347,1193347,RXN_1193347,oov,pediatric_absent,5,1,ruxolitinib phosphate
diagnosis,ICD10,P24.00,P2400,ICD10_P2400,oov,unknown_unmappable,5,2,Aspiration of meconium
diagnosis,ICD10,P05.00,P0500,ICD10_P0500,oov,unknown_unmappable,5,5,"Newborn light for gestational age, unspecified weight"
diagnosis,ICD9,762.1,7621,ICD9_7621,oov,code_version_mismatch,5,5,Fetus or newborn affected by other forms of placental separation and hemorrhage
diagnosis,ICD10,M24.529,M24529,ICD10_M24529,oov,unknown_unmappable,5,1,"Contracture of elbow, unspecified laterality"
diagnosis,ICD10,P04.81,P0481,ICD10_P0481,oov,unknown_unmappable,5,5,Newborn affected by maternal use of cannabis
procedure,HCPCS,45984,45984,HCPCS_45984,oov,unknown_unmappable,5,5,HX TAL (TENDON ACHILLES LENGTHENING)
procedure,HCPCS,14047,14047,HCPCS_14047,oov,unknown_unmappable,5,5,"EGD, FLEX, ORAL; W/BIOPSY SINGLE OR MULT"
procedure,HCPCS,45652,45652,HCPCS_45652,oov,unknown_unmappable,5,5,HX STENT PLACEMENT
procedure,HCPCS,46327,46327,HCPCS_46327,oov,unknown_unmappable,5,5,HX TETROLOGY OF FALLOT REPAIR
procedure,HCPCS,49948,49948,HCPCS_49948,oov,unknown_unmappable,5,5,"HX ASD REPAIR, PATCH"
procedure,HCPCS,1404,1404,HCPCS_1404,oov,unknown_unmappable,5,5,"ENDOSCOPY, GI"
procedure,HCPCS,49944,49944,HCPCS_49944,oov,unknown_unmappable,5,5,"HX ASD CLOSURE, DEVICE"
procedure,HCPCS,46845,46845,HCPCS_46845,oov,unknown_unmappable,5,5,IMPEDANCE PH PROBE
medication,RXNORM,1868469,1868469,RXN_1868469,oov,pediatric_absent,5,4,sodium bicarbonate
diagnosis,ICD10,P07.00,P0700,ICD10_P0700,oov,unknown_unmappable,5,3,"Extremely low birth weight newborn, unspecified weight"
diagnosis,ICD10,S86.912D,S86912D,ICD10_S86912D,oov,unknown_unmappable,5,1,"Repetitive strain injury of lower leg, left, subsequent encounter"
diagnosis,ICD10,H35.143,H35143,ICD10_H35143,oov,unknown_unmappable,5,5,"Retinopathy of prematurity, stage 3, bilateral"
medication,RXNORM,240000,240000,RXN_240000,oov,pediatric_absent,5,3,epoetin alfa
diagnosis,ICD9,764.05,76405,ICD9_76405,oov,code_version_mismatch,5,2,"Light-for-dates without mention of fetal malnutrition, 1,250-1,499 grams"
diagnosis,ICD10,P55.0,P550,ICD10_P550,oov,unknown_unmappable,5,3,Rh-induced hemolytic disease of the newborn
diagnosis,ICD10,S05.90XA,S0590XA,ICD10_S0590XA,oov,unknown_unmappable,5,3,"Unspecified injury of unspecified eye and orbit, initial encounter"
diagnosis,ICD10,G44.211,G44211,ICD10_G44211,oov,unknown_unmappable,5,2,Intractable episodic tension-type headache
diagnosis,ICD10,M21.869,M21869,ICD10_M21869,oov,unknown_unmappable,5,3,Tibial torsion
medication,RXNORM,1806204,1806204,RXN_1806204,oov,pediatric_absent,5,1,methylphenidate HCl
diagnosis,ICD9,779.84,77984,ICD9_77984,oov,code_version_mismatch,5,3,Meconium staining
medication,RXNORM,1659746,1659746,RXN_1659746,oov,pediatric_absent,5,5,"flu vac qs2015-16(36mos,up)/PF"
diagnosis,ICD10,H66.40,H6640,ICD10_H6640,oov,unknown_unmappable,5,2,"Suppurative otitis media, unspecified, unspecified ear"
procedure,HCPCS,43154,43154,HCPCS_43154,oov,unknown_unmappable,5,5,XR CHEST - PA AND LATERAL
procedure,HCPCS,48200,48200,HCPCS_48200,oov,unknown_unmappable,5,5,HX ORTHOPEDIC SURGERY
procedure,HCPCS,61026,61026,HCPCS_61026,oov,unknown_unmappable,5,5,MANOMETRY - ANORECTAL
procedure,HCPCS,82742,82742,HCPCS_82742,oov,unknown_unmappable,5,5,SPINAL SURGERY
procedure,HCPCS,46441,46441,HCPCS_46441,oov,unknown_unmappable,5,5,BONE MARROW ASPIRATE
procedure,HCPCS,42766,42766,HCPCS_42766,oov,unknown_unmappable,5,5,HX LAPAROTOMY
medication,RXNORM,1150266,1150266,RXN_1150266,oov,pediatric_absent,5,1,cholecalciferol (vitamin D3)
diagnosis,ICD10,S80.10XA,S8010XA,ICD10_S8010XA,oov,unknown_unmappable,5,3,Hematoma of leg
diagnosis,ICD9,V21.33,V2133,PHE_637,oov,pediatric_absent,5,5,"Low birth weight status, 1000-1499 grams"
medication,RXNORM,1115457,1115457,RXN_1115457,oov,pediatric_absent,5,2,leuprolide acetate
diagnosis,ICD9,762.7,7627,ICD9_7627,oov,code_version_mismatch,5,5,Fetus or newborn affected by chorioamnionitis
diagnosis,ICD10,S52.134D,S52134D,ICD10_S52134D,oov,unknown_unmappable,5,2,"Closed nondisplaced fracture of neck of right radius with routine healing, subsequent encounter"
medication,RXNORM,597772,597772,RXN_597772,oov,pediatric_absent,5,1,deferasirox
medication,RXNORM,1871462,1871462,RXN_1871462,oov,pediatric_absent,5,1,lisdexamfetamine dimesylate
diagnosis,ICD10,H65.00,H6500,ICD10_H6500,oov,unknown_unmappable,5,3,"Acute serous otitis media, recurrence not specified, unspecified laterality"
medication,RXNORM,198007,198007,RXN_198007,oov,pediatric_absent,5,2,nadolol
medication,RXNORM,1190110,1190110,RXN_1190110,oov,pediatric_absent,5,3,fluoxetine HCl
medication,RXNORM,1995477,1995477,RXN_1995477,oov,pediatric_absent,5,1,lipase/protease/amylase
medication,RXNORM,1292313,1292313,RXN_1292313,oov,pediatric_absent,5,3,diphenhydramine HCl/zinc acet
medication,RXNORM,898694,898694,RXN_898694,oov,pediatric_absent,5,1,calcium citrate/vitamin D3
medication,RXNORM,1606868,1606868,RXN_1606868,oov,pediatric_absent,5,2,ivacaftor
medication,RXNORM,744842,744842,RXN_744842,oov,pediatric_absent,5,2,raltegravir potassium
procedure,HCPCS,11811,11811,HCPCS_11811,oov,unknown_unmappable,5,5,"PR CAUTER TURBINATE MUCOSA,INTRAMURAL"
procedure,HCPCS,13941,13941,HCPCS_13941,oov,unknown_unmappable,5,5,PR EXCISION OF LINGUAL TONSIL
diagnosis,ICD10,S31.41XD,S3141XD,ICD10_S3141XD,oov,unknown_unmappable,5,1,"Laceration of vagina, subsequent encounter"
medication,RXNORM,759743,759743,RXN_759743,oov,pediatric_absent,5,2,desog-e.estradiol/e.estradiol
diagnosis,ICD9,764.94,76494,ICD9_76494,oov,code_version_mismatch,5,4,"Unspecified fetal growth retardation, 1,000-1,249 grams"
diagnosis,ICD10,S66.912A,S66912A,ICD10_S66912A,oov,unknown_unmappable,5,3,"Strain of left ring finger, initial encounter"
medication,RXNORM,1005944,1005944,RXN_1005944,oov,pediatric_absent,5,2,Influenza TVS 10-11 Vaccine/PF
medication,RXNORM,485485,485485,RXN_485485,oov,pediatric_absent,5,1,tizanidine HCl
medication,RXNORM,1734928,1734928,RXN_1734928,oov,pediatric_absent,5,1,methylphenidate HCl
medication,RXNORM,349407,349407,RXN_349407,oov,pediatric_absent,5,1,treprostinil sodium
medication,RXNORM,197412,197412,RXN_197412,oov,pediatric_absent,5,1,bromocriptine mesylate
medication,RXNORM,665038,665038,RXN_665038,oov,pediatric_absent,5,2,sitagliptin phosphate
procedure,HCPCS,45607,45607,HCPCS_45607,oov,unknown_unmappable,5,5,HX CLUB FOOT REPAIR
procedure,HCPCS,14573,14573,HCPCS_14573,oov,unknown_unmappable,5,5,FLEX SIG W/BX
procedure,HCPCS,46299,46299,HCPCS_46299,oov,unknown_unmappable,5,5,HX COLONOSCOPY
procedure,HCPCS,75674,75674,HCPCS_75674,oov,unknown_unmappable,5,5,HX AVEOLAR BONE GRAFT
drg,DRG,OMAPR253,OMAPR253,DRG_OMAPR253,oov,unknown_unmappable,5,5,OTHER & UNSPECIFIED GASTROINTESTINAL HEMORRHAGE
drg,DRG,MS310,MS310,DRG_MS310,oov,unknown_unmappable,5,4,CARDIAC ARRHYTHMIA & CONDUCTION DISORDERS W/O CC/MCC
drg,DRG,OMAPR580,OMAPR580,DRG_OMAPR580,oov,unknown_unmappable,5,5,"NEONATE, TRANSFERRED <5 DAYS OLD, NOT BORN HERE"
drg,DRG,MS494,MS494,DRG_MS494,oov,unknown_unmappable,5,5,"LOWER EXTREM & HUMER PROC EXCEPT HIP, FOOT, FEMUR W/O CC/MCC"
drg,DRG,OMAPR263,OMAPR263,DRG_OMAPR263,oov,unknown_unmappable,5,5,CHOLECYSTECTOMY
drg,DRG,MS157,MS157,DRG_MS157,oov,unknown_unmappable,5,5,DENTAL & ORAL DISEASES W MCC
drg,DRG,OMAPR443,OMAPR443,DRG_OMAPR443,oov,unknown_unmappable,5,5,KIDNEY & URINARY TRACT PROCEDURES FOR NONMALIGNANCY
drg,DRG,MS545,MS545,DRG_MS545,oov,unknown_unmappable,5,2,CONNECTIVE TISSUE DISORDERS W MCC
drg,DRG,OMAPR245,OMAPR245,DRG_OMAPR245,oov,unknown_unmappable,5,4,INFLAMMATORY BOWEL DISEASE
drg,DRG,OMAPR048,OMAPR048,DRG_OMAPR048,oov,unknown_unmappable,5,5,"PERIPHERAL, CRANIAL & AUTONOMIC NERVE DISORDERS"
drg,DRG,OMAPR815,OMAPR815,DRG_OMAPR815,oov,unknown_unmappable,5,5,"OTHER INJURY, POISONING & TOXIC EFFECT DIAGNOSES"
drg,DRG,OMAPR090,OMAPR090,DRG_OMAPR090,oov,unknown_unmappable,5,5,MAJOR LARYNX & TRACHEA PROCEDURES
drg,DRG,MS908,MS908,DRG_MS908,oov,unknown_unmappable,5,5,OTHER O.R. PROCEDURES FOR INJURIES W CC
drg,DRG,MS480,MS480,DRG_MS480,oov,unknown_unmappable,5,5,HIP & FEMUR PROCEDURES EXCEPT MAJOR JOINT W MCC
drg,DRG,OMAPR470,OMAPR470,DRG_OMAPR470,oov,unknown_unmappable,5,2,CHRONIC KIDNEY DISEASE
drg,DRG,MS355,MS355,DRG_MS355,oov,unknown_unmappable,5,5,HERNIA PROCEDURES EXCEPT INGUINAL & FEMORAL W/O CC/MCC
drg,DRG,MS500,MS500,DRG_MS500,oov,unknown_unmappable,5,5,SOFT TISSUE PROCEDURES W MCC
drg,DRG,MS306,MS306,DRG_MS306,oov,unknown_unmappable,5,5,CARDIAC CONGENITAL & VALVULAR DISORDERS W MCC
diagnosis,ICD10,T16.9XXA,T169XXA,ICD10_T169XXA,oov,unknown_unmappable,5,5,"Foreign body in ear, unspecified ear, initial encounter"
diagnosis,ICD10,N47.4,N474,ICD10_N474,oov,unknown_unmappable,5,4,Benign cyst of prepuce
diagnosis,ICD9,764.04,76404,ICD9_76404,oov,code_version_mismatch,5,3,"Light-for-dates without mention of fetal malnutrition, 1,000-1,249 grams"
diagnosis,ICD10,H35.122,H35122,ICD10_H35122,oov,unknown_unmappable,5,2,"Retinopathy of prematurity, stage 1, left eye"
diagnosis,ICD9,765.01,76501,ICD9_76501,oov,code_version_mismatch,5,3,"Extreme fetal immaturity, less than 500 grams"
diagnosis,ICD10,R80.2,R802,ICD10_R802,oov,unknown_unmappable,5,3,"Orthostatic proteinuria, unspecified"
diagnosis,ICD10,Q25.44,Q2544,ICD10_Q2544,oov,unknown_unmappable,5,4,Congenital dilation of aorta
diagnosis,ICD10,M21.242,M21242,ICD10_M21242,oov,unknown_unmappable,5,1,Flexion deformity of finger joint of left hand
medication,RXNORM,252730,252730,RXN_252730,oov,pediatric_absent,5,4,melatonin
procedure,HCPCS,46291,46291,HCPCS_46291,oov,unknown_unmappable,5,5,HX AV CANAL REPAIR
procedure,HCPCS,11825,11825,HCPCS_11825,oov,unknown_unmappable,5,5,PR THERAPUTIC FRACTURE INFER TURBINATE
diagnosis,ICD10,S63.502D,S63502D,ICD10_S63502D,oov,unknown_unmappable,5,2,"Unspecified sprain of left wrist, subsequent encounter"
medication,RXNORM,1010688,1010688,RXN_1010688,oov,pediatric_absent,5,5,lidocaine HCl/epinephrine/PF
medication,RXNORM,545835,545835,RXN_545835,oov,pediatric_absent,5,5,leuprolide acetate
procedure,HCPCS,12557,12557,HCPCS_12557,oov,unknown_unmappable,5,5,PR REPR VSD
drg,DRG,MS848,MS848,DRG_MS848,oov,unknown_unmappable,5,1,CHEMOTHERAPY W/O ACUTE LEUKEMIA AS SECONDARY DIAGNOSIS W/O CC/MCC
medication,RXNORM,1233664,1233664,RXN_1233664,oov,pediatric_absent,5,3,ergocalciferol (vitamin D2)
drg,DRG,MS949,MS949,DRG_MS949,oov,unknown_unmappable,5,5,AFTERCARE W CC/MCC
medication,RXNORM,855296,855296,RXN_855296,oov,pediatric_absent,5,1,warfarin sodium
medication,RXNORM,205023,205023,RXN_205023,oov,pediatric_absent,5,3,salicylic acid
medication,RXNORM,1999388,1999388,RXN_1999388,oov,pediatric_absent,5,2,tezacaftor/ivacaftor
drg,DRG,OMAPR251,OMAPR251,DRG_OMAPR251,oov,unknown_unmappable,5,4,ABDOMINAL PAIN
drg,DRG,MS621,MS621,DRG_MS621,oov,unknown_unmappable,5,5,O.R. PROCEDURES FOR OBESITY W/O CC/MCC
drg,DRG,OMAPR364,OMAPR364,DRG_OMAPR364,oov,unknown_unmappable,5,5,"OTHER SKIN, SUBCUTANEOUS TISSUE & RELATED PROCEDURES"
drg,DRG,MS116,MS116,DRG_MS116,oov,unknown_unmappable,5,5,INTRAOCULAR PROCEDURES W CC/MCC
diagnosis,ICD9,770.11,77011,ICD9_77011,oov,code_version_mismatch,5,4,Meconium aspiration
medication,RXNORM,966914,966914,RXN_966914,oov,pediatric_absent,5,3,"peg3350/sod sulf,bicarb,Cl/KCl"
diagnosis,ICD9,771.89,77189,PHE_657,oov,pediatric_absent,5,5,Other infections specific to the perinatal period
diagnosis,ICD10,S40.261A,S40261A,ICD10_S40261A,oov,unknown_unmappable,5,1,"Insect bite (nonvenomous) of right shoulder, initial encounter"
drg,DRG,MS373,MS373,DRG_MS373,oov,unknown_unmappable,5,5,MAJOR GASTROINTESTINAL DISORDERS & PERITONEAL INFECTIONS W/O CC/MCC
diagnosis,ICD9,775.4,7754,PHE_656.3,oov,pediatric_absent,5,4,Hypocalcemia and hypomagnesemia of newborn
diagnosis,ICD10,M84.363A,M84363A,ICD10_M84363A,oov,unknown_unmappable,5,1,"Stress fracture of right fibula, initial encounter"
procedure,HCPCS,43055,43055,HCPCS_43055,oov,unknown_unmappable,5,5,MR HEAD WITHOUT CONTRAST
procedure,HCPCS,50084,50084,HCPCS_50084,oov,unknown_unmappable,5,5,"HX HYBRID (PDA STENT, PA BANDS)"
medication,RXNORM,1608397,1608397,RXN_1608397,oov,pediatric_absent,5,2,L. rhamnosus GG/inulin
drg,DRG,OMAPR611,OMAPR611,DRG_OMAPR611,oov,unknown_unmappable,5,5,NEONATE BIRTHWT 1500-1999G W MAJOR ANOMALY
diagnosis,ICD10,P74.2,P742,PHE_656.3,oov,pediatric_absent,5,5,Disturbances of sodium balance of newborn
procedure,HCPCS,45940,45940,HCPCS_45940,oov,unknown_unmappable,5,5,HX BROVIAC LINE
drg,DRG,MS683,MS683,DRG_MS683,oov,unknown_unmappable,5,5,RENAL FAILURE W CC
medication,RXNORM,607573,607573,RXN_607573,oov,pediatric_absent,5,2,desloratadine
procedure,HCPCS,47639,47639,HCPCS_47639,oov,unknown_unmappable,5,5,HX ADENOIDECTOMY
drg,DRG,MS481,MS481,DRG_MS481,oov,unknown_unmappable,5,5,HIP & FEMUR PROCEDURES EXCEPT MAJOR JOINT W CC
medication,RXNORM,2055015,2055015,RXN_2055015,oov,pediatric_absent,5,2,stiripentol
procedure,HCPCS,39380,39380,HCPCS_39380,oov,unknown_unmappable,5,5,LUMBAR PUNCTURE (OUTPATIENT NEUROLOGY)
drg,DRG,OMAPR630,OMAPR630,DRG_OMAPR630,oov,unknown_unmappable,5,5,NEONATE BIRTHWT >2499G W MAJOR CARDIOVASCULAR PROCEDURE
drg,DRG,MS515,MS515,DRG_MS515,oov,unknown_unmappable,5,5,OTHER MUSCULOSKELET SYS & CONN TISS O.R. PROC W MCC
procedure,HCPCS,47828,47828,HCPCS_47828,oov,unknown_unmappable,5,5,HX EPIGASTRIC HERNIA REPAIR
procedure,HCPCS,39336,39336,HCPCS_39336,oov,unknown_unmappable,5,5,BRONCHOSCOPY DIAGNOSTIC
procedure,HCPCS,54481,54481,HCPCS_54481,oov,unknown_unmappable,5,5,COCHLEAR IMPLANT
drg,DRG,OMAPR120,OMAPR120,DRG_OMAPR120,oov,unknown_unmappable,5,4,MAJOR RESPIRATORY & CHEST PROCEDURES
drg,DRG,MS644,MS644,DRG_MS644,oov,unknown_unmappable,5,4,ENDOCRINE DISORDERS W CC
diagnosis,ICD9,762.6,7626,ICD9_7626,oov,code_version_mismatch,5,3,Vascular anomaly of umbilical cord
drg,DRG,MS558,MS558,DRG_MS558,oov,unknown_unmappable,5,5,"TENDONITIS, MYOSITIS & BURSITIS W/O MCC"
diagnosis,ICD9,776.5,7765,PHE_656.5,oov,pediatric_absent,5,3,Congenital anemia
diagnosis,ICD10,Z46.4,Z464,ICD10_Z464,oov,unknown_unmappable,5,2,Fitting and adjustment of orthodontic devices
drg,DRG,MS378,MS378,DRG_MS378,oov,unknown_unmappable,5,4,G.I. HEMORRHAGE W CC
diagnosis,ICD10,O30.049,O30049,ICD10_O30049,oov,unknown_unmappable,4,2,"Dichorionic diamniotic twin pregnancy, antepartum"
diagnosis,ICD10,S59.212D,S59212D,ICD10_S59212D,oov,unknown_unmappable,4,1,"Closed Salter-Harris type I physeal fracture of distal end of radius with routine healing, left"
diagnosis,ICD10,P08.21,P0821,ICD10_P0821,oov,unknown_unmappable,4,4,Post-term newborn
diagnosis,ICD10,S92.311D,S92311D,ICD10_S92311D,oov,unknown_unmappable,4,2,"Displaced fracture of first metatarsal bone, right foot, subsequent encounter for fracture with routine healing"
diagnosis,ICD9,000.00C,00000C,ICD9_00000C,oov,code_version_mismatch,4,2,CRITICAL AIRWAY
medication,RXNORM,866910,866910,RXN_866910,oov,pediatric_absent,4,1,colesevelam HCl
medication,RXNORM,731538,731538,RXN_731538,oov,pediatric_absent,4,2,pen G benz/pen G procaine
medication,RXNORM,855926,855926,RXN_855926,oov,pediatric_absent,4,2,diclofenac sodium
medication,RXNORM,860805,860805,RXN_860805,oov,pediatric_absent,4,3,azelastine HCl
medication,RXNORM,1379,1379,RXN_1379,oov,pediatric_absent,4,1,benzalkonium chloride
medication,RXNORM,1091152,1091152,RXN_1091152,oov,pediatric_absent,4,1,methylphenidate HCl
medication,RXNORM,1547580,1547580,RXN_1547580,oov,pediatric_absent,4,4,pneumococcal 23-val p-sac vac
diagnosis,ICD10,T76.22XD,T7622XD,ICD10_T7622XD,oov,unknown_unmappable,4,2,"Child sexual abuse, suspected, subsequent encounter"
diagnosis,ICD10,H65.116,H65116,ICD10_H65116,oov,unknown_unmappable,4,2,Bilateral recurrent acute allergic otitis media
diagnosis,ICD10,H52.222,H52222,ICD10_H52222,oov,unknown_unmappable,4,2,Regular astigmatism of left eye
diagnosis,ICD10,P52.8,P528,ICD10_P528,oov,unknown_unmappable,4,4,Other intracranial (nontraumatic) hemorrhages of newborn
diagnosis,ICD10,T22.232D,T22232D,ICD10_T22232D,oov,unknown_unmappable,4,1,"Burn of second degree of left upper arm, subsequent encounter"
diagnosis,ICD9,949.2,9492,ICD9_9492,oov,code_version_mismatch,4,4,Second degree burn
diagnosis,ICD10,T71.162D,T71162D,ICD10_T71162D,oov,unknown_unmappable,4,2,"Suicide attempt by hanging, subsequent encounter"
diagnosis,ICD9,V70.9,V709,ICD9_V709,oov,code_version_mismatch,4,2,Normal ENT exam
diagnosis,ICD10,T63.304A,T63304A,ICD10_T63304A,oov,unknown_unmappable,4,1,"Spider bite, undetermined intent, initial encounter"
diagnosis,ICD9,V65.9,V659,ICD9_V659,oov,code_version_mismatch,4,3,Consultation
medication,RXNORM,1116572,1116572,RXN_1116572,oov,pediatric_absent,4,1,phenylephrine/DM/acetaminop/GG
medication,RXNORM,2003667,2003667,RXN_2003667,oov,pediatric_absent,4,4,thrombin/fibrinogn/aprotin/cal
medication,RXNORM,1807628,1807628,RXN_1807628,oov,pediatric_absent,4,4,0.9 % sodium chloride
medication,RXNORM,1148595,1148595,RXN_1148595,oov,pediatric_absent,4,3,antipyrine/benzocaine
medication,RXNORM,755497,755497,RXN_755497,oov,pediatric_absent,4,3,albuterol sulfate
diagnosis,ICD9,V78.1,V781,ICD9_V781,oov,code_version_mismatch,4,2,Screening for other and unspecified deficiency anemia
diagnosis,ICD10,H02.003,H02003,ICD10_H02003,oov,unknown_unmappable,4,2,Entropion of right eyelid
diagnosis,ICD10,S82.91XA,S8291XA,ICD10_S8291XA,oov,unknown_unmappable,4,2,Multiple fractures of both lower extremities
diagnosis,ICD10,T22.20XD,T2220XD,ICD10_T2220XD,oov,unknown_unmappable,4,2,"Burn of right arm, second degree, subsequent encounter"
medication,RXNORM,730805,730805,RXN_730805,oov,pediatric_absent,4,2,ferrous sulfate
medication,RXNORM,798477,798477,RXN_798477,oov,pediatric_absent,4,3,hepatitis A virus vaccine/PF
medication,RXNORM,1088772,1088772,RXN_1088772,oov,pediatric_absent,4,1,potassium bicarbonate/cit ac
medication,RXNORM,848178,848178,RXN_848178,oov,pediatric_absent,4,2,betamethasone/propylene glyc
medication,RXNORM,1494169,1494169,RXN_1494169,oov,pediatric_absent,4,1,sulfacetamide sodium/sulfur
medication,RXNORM,1918194,1918194,RXN_1918194,oov,pediatric_absent,4,2,fluticasone propion/salmeterol
diagnosis,ICD10,P91.819,P91819,ICD10_P91819,oov,unknown_unmappable,4,2,"Neonatal encephalopathy, unspecified"
diagnosis,ICD10,S99.122A,S99122A,ICD10_S99122A,oov,unknown_unmappable,4,2,"Salter-Harris type II physeal fracture of left metatarsal, initial encounter for closed fracture"
diagnosis,ICD10,S62.322D,S62322D,ICD10_S62322D,oov,unknown_unmappable,4,2,"Displaced fracture of shaft of third metacarpal bone, right hand, subsequent encounter for fracture with routine healing"
diagnosis,ICD9,V58.9,V589,ICD9_V589,oov,code_version_mismatch,4,3,Unspecified aftercare
medication,RXNORM,411877,411877,RXN_411877,oov,pediatric_absent,4,1,magnesium oxide
diagnosis,ICD10,P12.81,P1281,ICD10_P1281,oov,unknown_unmappable,4,4,Caput succedaneum
diagnosis,ICD10,P05.18,P0518,ICD10_P0518,oov,unknown_unmappable,4,4,"Newborn small for gestational age, 2000-2499 grams"
medication,RXNORM,995278,995278,RXN_995278,oov,pediatric_absent,4,3,hydroxyzine pamoate
diagnosis,ICD10,H01.133,H01133,ICD10_H01133,oov,unknown_unmappable,4,1,"Eczema of eyelid, right"
diagnosis,ICD10,T74.12XD,T7412XD,ICD10_T7412XD,oov,unknown_unmappable,4,4,"Child physical abuse, subsequent encounter"
diagnosis,ICD10,S42.415D,S42415D,ICD10_S42415D,oov,unknown_unmappable,4,1,"Nondisplaced simple supracondylar fracture without intercondylar fracture of left humerus, subsequent encounter for fracture with routine healing"
medication,RXNORM,644104,644104,RXN_644104,oov,pediatric_absent,4,2,idursulfase
procedure,HCPCS,10445,10445,HCPCS_10445,oov,unknown_unmappable,4,4,"PR INCIS HIP ADDUC,OPEN,OBTUR NEUREC"
procedure,HCPCS,43978,43978,HCPCS_43978,oov,unknown_unmappable,4,4,SPINAL FUSION - OR
procedure,HCPCS,47718,47718,HCPCS_47718,oov,unknown_unmappable,4,4,HX ASD AND VSD REPAIR
procedure,HCPCS,48021,48021,HCPCS_48021,oov,unknown_unmappable,4,4,HX HAND SURGERY
procedure,HCPCS,47890,47890,HCPCS_47890,oov,unknown_unmappable,4,4,SCROTOPLASTY
medication,RXNORM,82806,82806,RXN_82806,oov,pediatric_absent,4,1,fosphenytoin sodium
diagnosis,ICD10,M26.29,M2629,ICD10_M2629,oov,unknown_unmappable,4,2,Other anomalies of dental arch relationship
diagnosis,ICD10,P19.9,P199,ICD10_P199,oov,unknown_unmappable,4,3,Metabolic acidosis in newborn
medication,RXNORM,311680,311680,RXN_311680,oov,pediatric_absent,4,1,metronidazole
diagnosis,ICD10,M80.852D,M80852D,ICD10_M80852D,oov,unknown_unmappable,4,1,"Other osteoporosis with current pathological fracture, left femur, subsequent encounter for fracture with routine healing"
medication,RXNORM,1741905,1741905,RXN_1741905,oov,pediatric_absent,4,2,dapsone
medication,RXNORM,239351,239351,RXN_239351,oov,pediatric_absent,4,1,calamine/phenol liquid
medication,RXNORM,1234586,1234586,RXN_1234586,oov,pediatric_absent,4,3,phenylephrine HCl
diagnosis,ICD9,V20.1,V201,ICD9_V201,oov,code_version_mismatch,4,3,Healthy infant or child
diagnosis,ICD10,S83.212A,S83212A,ICD10_S83212A,oov,unknown_unmappable,4,2,"Bucket-handle tear of medial meniscus of left knee as current injury, initial encounter"
diagnosis,ICD10,T63.91XS,T6391XS,ICD10_T6391XS,oov,unknown_unmappable,4,2,"Allergy or toxic reaction to venom, sequela"
diagnosis,ICD10,Z13.49,Z1349,ICD10_Z1349,oov,unknown_unmappable,4,2,Encounter for screening for other developmental delays
medication,RXNORM,313326,313326,RXN_313326,oov,pediatric_absent,4,2,thiamine HCl
medication,RXNORM,1114127,1114127,RXN_1114127,oov,pediatric_absent,4,1,lipase/protease/amylase
diagnosis,ICD9,794.17,79417,PHE_346,oov,pediatric_absent,4,2,Abnormal EMG
diagnosis,ICD10,S60.469A,S60469A,ICD10_S60469A,oov,unknown_unmappable,4,3,"Insect bite (nonvenomous) of unspecified finger, initial encounter"
medication,RXNORM,313774,313774,RXN_313774,oov,pediatric_absent,4,3,zinc sulfate
diagnosis,ICD9,771.83,77183,PHE_657,oov,pediatric_absent,4,2,Bacteremia of newborn
diagnosis,ICD10,T80.219D,T80219D,ICD10_T80219D,oov,unknown_unmappable,4,4,"Central venous line infection, subsequent encounter"
diagnosis,ICD9,764.96,76496,ICD9_76496,oov,code_version_mismatch,4,3,"Unspecified fetal growth retardation, 1,500-1,749 grams"
medication,RXNORM,343033,343033,RXN_343033,oov,pediatric_absent,4,1,dexamethasone
medication,RXNORM,311678,311678,RXN_311678,oov,pediatric_absent,4,3,metronidazole
diagnosis,ICD10,T23.202D,T23202D,ICD10_T23202D,oov,unknown_unmappable,4,1,"Burn of left hand, second degree, subsequent encounter"
procedure,HCPCS,42570,42570,HCPCS_42570,oov,unknown_unmappable,4,4,HX LAP CHOLECYSTECTOMY
procedure,HCPCS,44165,44165,HCPCS_44165,oov,unknown_unmappable,4,4,CENTRAL LINE INSERTION
procedure,HCPCS,85817,85817,HCPCS_85817,oov,unknown_unmappable,4,4,TONSILECTOMY & ADNOIDECTOMY (42820/42821) - ANESTHESIA
procedure,HCPCS,18352,18352,HCPCS_18352,oov,unknown_unmappable,4,4,"PR MICROSURG TECHNIQUES,REQ OPER MICROSCOPE"
diagnosis,ICD10,H02.845,H02845,ICD10_H02845,oov,unknown_unmappable,4,1,Edema of left lower eyelid
medication,RXNORM,848180,848180,RXN_848180,oov,pediatric_absent,4,2,betamethasone/propylene glyc
diagnosis,ICD10,S62.655D,S62655D,ICD10_S62655D,oov,unknown_unmappable,4,2,"Closed nondisplaced fracture of middle phalanx of left ring finger with routine healing, subsequent encounter"
diagnosis,ICD10,L02.93,L0293,ICD10_L0293,oov,unknown_unmappable,4,1,Recurrent boils
diagnosis,ICD10,N77.1,N771,ICD10_N771,oov,unknown_unmappable,4,1,"Vaginitis, vulvitis and vulvovaginitis in diseases classified elsewhere"
medication,RXNORM,311427,311427,RXN_311427,oov,pediatric_absent,4,3,magnesium hydroxide
medication,RXNORM,1655726,1655726,RXN_1655726,oov,pediatric_absent,4,1,adalimumab
medication,RXNORM,855942,855942,RXN_855942,oov,pediatric_absent,4,3,diclofenac potassium
medication,RXNORM,577324,577324,RXN_577324,oov,pediatric_absent,4,1,paricalcitol
medication,RXNORM,1047437,1047437,RXN_1047437,oov,pediatric_absent,4,3,baclofen
medication,RXNORM,11377,11377,RXN_11377,oov,pediatric_absent,4,1,polydextrose/xylitol
medication,RXNORM,669081,669081,RXN_669081,oov,pediatric_absent,4,1,desonide
medication,RXNORM,1101446,1101446,RXN_1101446,oov,pediatric_absent,4,1,doxylamine succinate
diagnosis,ICD9,776.2,7762,PHE_656.5,oov,pediatric_absent,4,4,Disseminated intravascular coagulation in newborn
diagnosis,ICD10,H74.43,H7443,ICD10_H7443,oov,unknown_unmappable,4,2,"Granulation polyp of middle ear, bilateral"
medication,RXNORM,197660,197660,RXN_197660,oov,pediatric_absent,4,1,"estrogens, conjugated"
medication,RXNORM,1359023,1359023,RXN_1359023,oov,pediatric_absent,4,1,norethindrone-e.estradiol-iron
diagnosis,ICD10,S82.245D,S82245D,ICD10_S82245D,oov,unknown_unmappable,4,1,"Nondisplaced spiral fracture of shaft of left tibia, subsequent encounter for closed fracture with routine healing"
medication,RXNORM,1427223,1427223,RXN_1427223,oov,pediatric_absent,4,2,iobenguane sulfate I-123
medication,RXNORM,197856,197856,RXN_197856,oov,pediatric_absent,4,2,ketoprofen
diagnosis,ICD10,Z71.2,Z712,ICD10_Z712,oov,unknown_unmappable,4,3,Person consulting for explanation of examination or test findings
diagnosis,ICD9,771.6,7716,PHE_657,oov,pediatric_absent,4,4,Neonatal conjunctivitis and dacryocystitis
diagnosis,ICD9,385.01,38501,PHE_385.5,oov,pediatric_absent,4,4,Tympanosclerosis involving tympanic membrane only
procedure,HCPCS,49970,49970,HCPCS_49970,oov,unknown_unmappable,4,4,HX BIDIRECTIONAL GLENN
procedure,HCPCS,49952,49952,HCPCS_49952,oov,unknown_unmappable,4,4,"HX ASD, PRIMARY CLOSURE"
procedure,HCPCS,47607,47607,HCPCS_47607,oov,unknown_unmappable,4,4,HX TENDON RELEASE
diagnosis,ICD10,M86.062,M86062,ICD10_M86062,oov,unknown_unmappable,4,1,"Acute hematogenous osteomyelitis, left tibia and fibula"
diagnosis,ICD10,M41.23,M4123,ICD10_M4123,oov,unknown_unmappable,4,1,"Other idiopathic scoliosis, cervicothoracic region"
diagnosis,ICD10,Q53.00,Q5300,ICD10_Q5300,oov,unknown_unmappable,4,1,"Ectopic testis, unspecified laterality"
diagnosis,ICD9,946.0,9460,ICD9_9460,oov,code_version_mismatch,4,1,"Burns of multiple specified sites, unspecified degree"
diagnosis,ICD10,T23.002D,T23002D,ICD10_T23002D,oov,unknown_unmappable,4,2,"Burn of unspecified degree of left hand, unspecified site, subsequent encounter"
medication,RXNORM,1100896,1100896,RXN_1100896,oov,pediatric_absent,4,1,calcium carbonate/vitamin D2
diagnosis,ICD10,T22.10XA,T2210XA,ICD10_T2210XA,oov,unknown_unmappable,4,1,"Burn of arm, left, first degree, initial encounter"
diagnosis,ICD10,H01.139,H01139,ICD10_H01139,oov,unknown_unmappable,4,1,"Eczema of eyelid, unspecified laterality"
diagnosis,ICD10,S01.93XS,S0193XS,ICD10_S0193XS,oov,unknown_unmappable,4,1,"Gunshot wound of head, sequela"
diagnosis,ICD10,S01.90XA,S0190XA,ICD10_S0190XA,oov,unknown_unmappable,4,1,Complex wound of head with retained foreign body
medication,RXNORM,1865957,1865957,RXN_1865957,oov,pediatric_absent,4,2,crisaborole
medication,RXNORM,2059184,2059184,RXN_2059184,oov,pediatric_absent,4,1,amikacin liposomal/neb.accessr
medication,RXNORM,71722,71722,RXN_71722,oov,pediatric_absent,4,2,docusate sodium/benzocaine
medication,RXNORM,237892,237892,RXN_237892,oov,pediatric_absent,4,3,lactase
medication,RXNORM,1605252,1605252,RXN_1605252,oov,pediatric_absent,4,3,levonorgestrel
diagnosis,ICD10,H60.312,H60312,ICD10_H60312,oov,unknown_unmappable,4,2,Acute diffuse otitis externa of left ear
diagnosis,ICD10,S89.101A,S89101A,ICD10_S89101A,oov,unknown_unmappable,4,1,"Displaced physeal fracture of distal end of right tibia, initial encounter"
medication,RXNORM,310203,310203,RXN_310203,oov,pediatric_absent,4,1,"estrogens, conjugated"
diagnosis,ICD10,E71.40,E7140,ICD10_E7140,oov,unknown_unmappable,4,3,Carnitine deficiency
medication,RXNORM,860114,860114,RXN_860114,oov,pediatric_absent,4,2,ketorolac tromethamine
diagnosis,ICD10,S79.922A,S79922A,ICD10_S79922A,oov,unknown_unmappable,4,2,"Unspecified injury of left thigh, initial encounter"
diagnosis,ICD10,S63.642A,S63642A,ICD10_S63642A,oov,unknown_unmappable,4,2,"Sprain of metacarpophalangeal (MCP) joint of left thumb, initial encounter"
diagnosis,ICD10,Z45.9,Z459,ICD10_Z459,oov,unknown_unmappable,4,2,Encounter for adjustment and management of unspecified implanted device
diagnosis,ICD10,H53.433,H53433,ICD10_H53433,oov,unknown_unmappable,4,1,"Sector visual field defect, bilateral"
medication,RXNORM,240651,240651,RXN_240651,oov,pediatric_absent,4,3,colloidal oatmeal
medication,RXNORM,1739772,1739772,RXN_1739772,oov,pediatric_absent,4,2,brivaracetam
procedure,HCPCS,45628,45628,HCPCS_45628,oov,unknown_unmappable,4,4,HX MYRINGOPLASTY
procedure,HCPCS,49994,49994,HCPCS_49994,oov,unknown_unmappable,4,4,"HX CONDUIT, PLACEMENT, RV TO PA"
procedure,HCPCS,45648,45648,HCPCS_45648,oov,unknown_unmappable,4,4,HX NASAL ENDOSCOPY
procedure,HCPCS,32936,32936,HCPCS_32936,oov,unknown_unmappable,4,4,GASTROSTOMY JEJUNOSTOMY TUBE
procedure,HCPCS,45972,45972,HCPCS_45972,oov,unknown_unmappable,4,4,HX PICC LINE
procedure,HCPCS,82588,82588,HCPCS_82588,oov,unknown_unmappable,4,4,CHIARI DECOMPRESSION (EXTRADURAL)
procedure,HCPCS,45946,45946,HCPCS_45946,oov,unknown_unmappable,4,4,HX DORSAL RHIZOTOMY
procedure,HCPCS,55530,55530,HCPCS_55530,oov,unknown_unmappable,4,4,"HX SHUNT, CLASSIC BLALOCK-TAUSSIG-THOMAS"
procedure,HCPCS,42532,42532,HCPCS_42532,oov,unknown_unmappable,4,4,HX SEPTOPLASTY
drg,DRG,OMAPR040,OMAPR040,DRG_OMAPR040,oov,unknown_unmappable,4,2,SPINAL DISORDERS & INJURIES
drg,DRG,MS159,MS159,DRG_MS159,oov,unknown_unmappable,4,4,DENTAL & ORAL DISEASES W/O CC/MCC
drg,DRG,MS810,MS810,DRG_MS810,oov,unknown_unmappable,4,3,MAJOR HEMATOL/IMMUN DIAG EXC SICKLE CELL CRISIS & COAGUL W/O CC/MCC
medication,RXNORM,1739997,1739997,RXN_1739997,oov,pediatric_absent,4,1,ciprofloxacin
diagnosis,ICD10,M25.476,M25476,ICD10_M25476,oov,unknown_unmappable,4,1,Bilateral swelling of feet and ankles
diagnosis,ICD10,S21.159D,S21159D,ICD10_S21159D,oov,unknown_unmappable,4,1,"Open bite of unspecified front wall of thorax without penetration into thoracic cavity, subsequent encounter"
drg,DRG,OMAPR200,OMAPR200,DRG_OMAPR200,oov,unknown_unmappable,4,4,CARDIAC STRUCTURAL & VALVULAR DISORDERS
drg,DRG,OMAPR614,OMAPR614,DRG_OMAPR614,oov,unknown_unmappable,4,4,NEONATE BWT 1500-1999G W OR W/O OTHER SIGNIFICANT CONDITION
drg,DRG,OMAPR206,OMAPR206,DRG_OMAPR206,oov,unknown_unmappable,4,4,"MALFUNCTION,REACTION,COMPLICATION OF CARDIAC/VASC DEVICE OR PROCEDURE"
drg,DRG,MS556,MS556,DRG_MS556,oov,unknown_unmappable,4,4,SIGNS & SYMPTOMS OF MUSCULOSKELETAL SYSTEM & CONN TISSUE W/O MCC
drg,DRG,MS336,MS336,DRG_MS336,oov,unknown_unmappable,4,4,PERITONEAL ADHESIOLYSIS W CC
drg,DRG,OMAPR229,OMAPR229,DRG_OMAPR229,oov,unknown_unmappable,4,4,OTHER DIGESTIVE SYSTEM & ABDOMINAL PROCEDURES
drg,DRG,OMAPR612,OMAPR612,DRG_OMAPR612,oov,unknown_unmappable,4,4,NEONATE BWT 1500-1999G W RESP DIST SYND/OTH MAJ RESP COND
drg,DRG,MS342,MS342,DRG_MS342,oov,unknown_unmappable,4,4,APPENDECTOMY W/O COMPLICATED PRINCIPAL DIAG W CC
drg,DRG,MS070,MS070,DRG_MS070,oov,unknown_unmappable,4,4,NONSPECIFIC CEREBROVASCULAR DISORDERS W MCC
drg,DRG,MS544,MS544,DRG_MS544,oov,unknown_unmappable,4,1,PATHOLOGICAL FRACTURES & MUSCULOSKELET & CONN TISS MALIG W/O CC/MCC
drg,DRG,MS076,MS076,DRG_MS076,oov,unknown_unmappable,4,4,VIRAL MENINGITIS W/O CC/MCC
drg,DRG,MS357,MS357,DRG_MS357,oov,unknown_unmappable,4,4,OTHER DIGESTIVE SYSTEM O.R. PROCEDURES W CC
diagnosis,ICD10,S63.635A,S63635A,ICD10_S63635A,oov,unknown_unmappable,4,1,Sprain of interphalangeal joint of left ring finger
medication,RXNORM,1482507,1482507,RXN_1482507,oov,pediatric_absent,4,1,eslicarbazepine acetate
medication,RXNORM,105292,105292,RXN_105292,oov,pediatric_absent,4,1,isoniazid
drg,DRG,OMAPR055,OMAPR055,DRG_OMAPR055,oov,unknown_unmappable,4,4,HEAD TRAUMA W COMA >1 HR OR HEMORRHAGE
drg,DRG,MS253,MS253,DRG_MS253,oov,unknown_unmappable,4,3,OTHER VASCULAR PROCEDURES W CC
drg,DRG,MS135,MS135,DRG_MS135,oov,unknown_unmappable,4,4,SINUS & MASTOID PROCEDURES W CC/MCC
drg,DRG,MS565,MS565,DRG_MS565,oov,unknown_unmappable,4,4,OTHER MUSCULOSKELETAL SYS & CONNECTIVE TISSUE DIAGNOSES W CC
drg,DRG,OMAPR501,OMAPR501,DRG_OMAPR501,oov,unknown_unmappable,4,4,MALE REPRODUCTIVE SYSTEM DIAGNOSES EXCEPT MALIGNANCY
drg,DRG,MS940,MS940,DRG_MS940,oov,unknown_unmappable,4,4,O.R. PROC W DIAGNOSES OF OTHER CONTACT W HEALTH SERVICES W CC
diagnosis,ICD10,S59.902D,S59902D,ICD10_S59902D,oov,unknown_unmappable,4,1,"Unspecified injury of left elbow, subsequent encounter"
diagnosis,ICD10,S93.501D,S93501D,ICD10_S93501D,oov,unknown_unmappable,4,1,"Unspecified sprain of right great toe, subsequent encounter"
diagnosis,ICD9,942.20,94220,ICD9_94220,oov,code_version_mismatch,4,2,Second degree burn of trunk
diagnosis,ICD10,V00.821A,V00821A,ICD10_V00821A,oov,unknown_unmappable,4,3,"Fall from baby stroller, initial encounter"
diagnosis,ICD10,S42.309A,S42309A,ICD10_S42309A,oov,unknown_unmappable,4,3,Humerus fracture
diagnosis,ICD10,H61.92,H6192,ICD10_H6192,oov,unknown_unmappable,4,2,"Disorder of left external ear, unspecified"
diagnosis,ICD10,S82.839A,S82839A,ICD10_S82839A,oov,unknown_unmappable,4,4,Fracture of distal end of tibia with fibula
diagnosis,ICD10,P39.1,P391,PHE_657,oov,pediatric_absent,4,3,Neonatal conjunctivitis and dacryocystitis
diagnosis,ICD10,Z83.41,Z8341,ICD10_Z8341,oov,unknown_unmappable,4,1,Family history of multiple endocrine neoplasia type 2 (MEN2)
diagnosis,ICD10,H74.8X9,H748X9,ICD10_H748X9,oov,unknown_unmappable,4,3,"Other specified disorders of middle ear and mastoid, unspecified ear"
diagnosis,ICD10,Q55.63,Q5563,ICD10_Q5563,oov,unknown_unmappable,4,3,"Penile torsion, congenital"
diagnosis,ICD10,M89.20,M8920,ICD10_M8920,oov,unknown_unmappable,4,4,"Other disorders of bone development and growth, unspecified site"
diagnosis,ICD10,S62.351A,S62351A,ICD10_S62351A,oov,unknown_unmappable,4,2,"Nondisplaced fracture of shaft of second metacarpal bone, left hand, initial encounter for closed fracture"
medication,RXNORM,665042,665042,RXN_665042,oov,pediatric_absent,4,2,sitagliptin phosphate
procedure,HCPCS,45728,45728,HCPCS_45728,oov,unknown_unmappable,4,4,HX TRACH REMOVAL
diagnosis,ICD10,S62.025A,S62025A,ICD10_S62025A,oov,unknown_unmappable,4,1,"Closed nondisplaced fracture of middle third of scaphoid bone of left wrist, initial encounter"
diagnosis,ICD10,S82.232D,S82232D,ICD10_S82232D,oov,unknown_unmappable,4,2,"Displaced oblique fracture of shaft of left tibia, subsequent encounter for closed fracture with routine healing"
procedure,HCPCS,47064,47064,HCPCS_47064,oov,unknown_unmappable,4,4,MANOMETRY / ANORECTAL
procedure,HCPCS,42486,42486,HCPCS_42486,oov,unknown_unmappable,4,4,HX CYST INCISION AND DRAINAGE
diagnosis,ICD10,G43.011,G43011,ICD10_G43011,oov,unknown_unmappable,4,3,Intractable migraine without aura and with status migrainosus
procedure,HCPCS,102306,102306,HCPCS_102306,oov,unknown_unmappable,4,4,"BIOFEEDBACK TRAINING, PERINEAL MUSCLES, ANORECTAL OR URETHREL"
diagnosis,ICD10,P76.0,P760,PHE_656.6,oov,pediatric_absent,4,4,Meconium ileus (of newborn)
diagnosis,ICD10,H26.003,H26003,ICD10_H26003,oov,unknown_unmappable,4,2,Infantile cataract of both eyes
diagnosis,ICD10,S29.012D,S29012D,ICD10_S29012D,oov,unknown_unmappable,4,1,"Strain of muscle and tendon of back wall of thorax, subsequent encounter"
medication,RXNORM,349404,349404,RXN_349404,oov,pediatric_absent,4,3,zinc oxide
diagnosis,ICD10,S40.271A,S40271A,ICD10_S40271A,oov,unknown_unmappable,4,1,"Other superficial bite of right shoulder, initial encounter"
diagnosis,ICD10,Z13.858,Z13858,ICD10_Z13858,oov,unknown_unmappable,4,2,Encounter for screening for other nervous system disorders
diagnosis,ICD10,S62.015D,S62015D,ICD10_S62015D,oov,unknown_unmappable,4,1,"Nondisplaced fracture of distal pole of navicular (scaphoid) bone of left wrist, subsequent encounter for fracture with routine healing"
drg,DRG,MS907,MS907,DRG_MS907,oov,unknown_unmappable,4,3,OTHER O.R. PROCEDURES FOR INJURIES W MCC
diagnosis,ICD10,Z32.00,Z3200,ICD10_Z3200,oov,unknown_unmappable,4,3,"Encounter for pregnancy test, result unknown"
medication,RXNORM,11423,11423,RXN_11423,oov,pediatric_absent,4,1,tit dio/znox/homosa/octnx/mera
diagnosis,ICD10,H65.113,H65113,ICD10_H65113,oov,unknown_unmappable,4,3,Acute mucoid otitis media of both ears
diagnosis,ICD10,T24.212D,T24212D,ICD10_T24212D,oov,unknown_unmappable,4,1,"Burn of second degree of left thigh, subsequent encounter"
procedure,HCPCS,82710,82710,HCPCS_82710,oov,unknown_unmappable,4,4,SPINAL DYSRAPHISM/TETHERING SURGERY (MYELOMENINGOCELE REPAIR)
diagnosis,ICD10,Z34.01,Z3401,ICD10_Z3401,oov,unknown_unmappable,4,1,Supervision of normal first teen pregnancy in first trimester
drg,DRG,MS659,MS659,DRG_MS659,oov,unknown_unmappable,4,1,KIDNEY & URETER PROCEDURES FOR NON-NEOPLASM W MCC
drg,DRG,MS607,MS607,DRG_MS607,oov,unknown_unmappable,4,4,MINOR SKIN DISORDERS W/O MCC
medication,RXNORM,1790239,1790239,RXN_1790239,oov,pediatric_absent,4,2,clevidipine butyrate
drg,DRG,MS645,MS645,DRG_MS645,oov,unknown_unmappable,4,4,ENDOCRINE DISORDERS W/O CC/MCC
drg,DRG,MS099,MS099,DRG_MS099,oov,unknown_unmappable,4,2,NON-BACTERIAL INFECT OF NERVOUS SYS EXC VIRAL MENINGITIS W/O CC/MCC
drg,DRG,MS377,MS377,DRG_MS377,oov,unknown_unmappable,4,4,G.I. HEMORRHAGE W MCC
drg,DRG,OMAPR469,OMAPR469,DRG_OMAPR469,oov,unknown_unmappable,4,2,ACUTE KIDNEY INJURY
drg,DRG,MS458,MS458,DRG_MS458,oov,unknown_unmappable,4,4,SPINAL FUS EXC CERV W SPINAL CURV/MALIG/INFEC OR EXT FUS W/O CC/MCC
drg,DRG,OMAPR445,OMAPR445,DRG_OMAPR445,oov,unknown_unmappable,4,3,OTHER BLADDER PROCEDURES
procedure,HCPCS,47737,47737,HCPCS_47737,oov,unknown_unmappable,4,4,HX LARYNGOPLASTY
medication,RXNORM,724859,724859,RXN_724859,oov,pediatric_absent,4,3,armodafinil
procedure,HCPCS,47024,47024,HCPCS_47024,oov,unknown_unmappable,4,4,MICKEY G-TUBE BUTTON
diagnosis,ICD9,776.7,7767,PHE_656.5,oov,pediatric_absent,4,4,Transient neonatal neutropenia
medication,RXNORM,1098911,1098911,RXN_1098911,oov,pediatric_absent,4,1,guaifenesin/DM/pseudoephedrine
medication,RXNORM,799034,799034,RXN_799034,oov,pediatric_absent,4,1,ciclesonide
drg,DRG,MS919,MS919,DRG_MS919,oov,unknown_unmappable,4,4,COMPLICATIONS OF TREATMENT W MCC
medication,RXNORM,884385,884385,RXN_884385,oov,pediatric_absent,4,2,dextroamphetamine sulfate
diagnosis,ICD10,S62.515D,S62515D,ICD10_S62515D,oov,unknown_unmappable,4,1,"Nondisplaced fracture of proximal phalanx of left thumb, subsequent encounter for fracture with routine healing"
diagnosis,ICD10,M84.363D,M84363D,ICD10_M84363D,oov,unknown_unmappable,4,1,"Stress fracture of right fibula with routine healing, subsequent encounter"
drg,DRG,MS876,MS876,DRG_MS876,oov,unknown_unmappable,4,4,O.R. PROCEDURE W PRINCIPAL DIAGNOSES OF MENTAL ILLNESS
diagnosis,ICD10,M67.442,M67442,ICD10_M67442,oov,unknown_unmappable,4,1,"Ganglion, left hand"
drg,DRG,OMAPR696,OMAPR696,DRG_OMAPR696,oov,unknown_unmappable,4,2,OTHER CHEMOTHERAPY
procedure,HCPCS,42586,42586,HCPCS_42586,oov,unknown_unmappable,4,4,RENAL TRANSPLANT
medication,RXNORM,1149337,1149337,RXN_1149337,oov,pediatric_absent,4,3,dextranomer/hyaluronate/NaCl
procedure,HCPCS,1332,1332,HCPCS_1332,oov,unknown_unmappable,4,4,BRAINSTEM AUDITORY EVOKED RESPONSE
procedure,HCPCS,1002028,1002028,HCPCS_1002028,oov,unknown_unmappable,4,4,TEAR DUCT PROBE WITH OR WITHOUT IRRIGATION - BOTH EYES
diagnosis,ICD10,D23.121,D23121,ICD10_D23121,oov,unknown_unmappable,4,1,"Other benign neoplasm of skin of left upper eyelid, including canthus"
diagnosis,ICD10,M24.829,M24829,ICD10_M24829,oov,unknown_unmappable,4,1,Elbow locking
procedure,HCPCS,47729,47729,HCPCS_47729,oov,unknown_unmappable,4,4,HX PULMONARY ARTERY BANDING (PAB)
diagnosis,ICD10,Q65.01,Q6501,ICD10_Q6501,oov,unknown_unmappable,4,2,"Congenital dislocation of right hip, unilateral"
medication,RXNORM,212787,212787,RXN_212787,oov,pediatric_absent,4,3,cimetidine HCl
procedure,HCPCS,50172,50172,HCPCS_50172,oov,unknown_unmappable,4,4,"HX TOF REPAIR, VENTRICULOTOMY, TRANSANULAR PATCH"
drg,DRG,OMAPR203,OMAPR203,DRG_OMAPR203,oov,unknown_unmappable,4,4,CHEST PAIN
diagnosis,ICD9,760.8,7608,ICD9_7608,oov,code_version_mismatch,4,3,Other specified maternal conditions affecting fetus or newborn
diagnosis,ICD10,H74.03,H7403,ICD10_H7403,oov,unknown_unmappable,4,4,"Tympanosclerosis, bilateral"
drg,DRG,OMAPR384,OMAPR384,DRG_OMAPR384,oov,unknown_unmappable,4,4,"CONTUSION, OPEN WOUND & OTHER TRAUMA TO SKIN & SUBCUTANEOUS TISSUE"
diagnosis,ICD10,Q65.02,Q6502,ICD10_Q6502,oov,unknown_unmappable,4,2,"Congenital dislocation of left hip, unilateral"
procedure,HCPCS,18152,18152,HCPCS_18152,oov,unknown_unmappable,4,4,TEAR DUCT PROBE & IRRIG.
diagnosis,ICD10,S76.019A,S76019A,ICD10_S76019A,oov,unknown_unmappable,4,2,Strain of hip flexor
procedure,HCPCS,11813,11813,HCPCS_11813,oov,unknown_unmappable,4,4,ANTERIOR NOSE CAUTERIZATION
medication,RXNORM,582974,582974,RXN_582974,oov,pediatric_absent,4,1,somatropin
drg,DRG,OMAPR340,OMAPR340,DRG_OMAPR340,oov,unknown_unmappable,4,4,FRACTURE OF FEMUR
diagnosis,ICD10,T80.69XD,T8069XD,ICD10_T8069XD,oov,unknown_unmappable,4,2,"Serum sickness due to drug, subsequent encounter"
diagnosis,ICD10,H04.539,H04539,ICD10_H04539,oov,unknown_unmappable,4,1,Neonatal obstruction of unspecified nasolacrimal duct
diagnosis,ICD10,Q72.40,Q7240,ICD10_Q7240,oov,unknown_unmappable,4,1,"Congenital longitudinal deficiency of femur, unspecified laterality"
procedure,HCPCS,62253,62253,HCPCS_62253,oov,unknown_unmappable,4,4,MYRINGOTOMY W/ ASPIRATION
diagnosis,ICD9,V77.91,V7791,ICD9_V7791,oov,code_version_mismatch,4,2,Screening for lipoid disorders
medication,RXNORM,259878,259878,RXN_259878,oov,pediatric_absent,4,1,vit C/Zn gluc/Echin purp
diagnosis,ICD10,P36.9,P369,PHE_657,oov,pediatric_absent,4,4,"Bacterial sepsis of newborn, unspecified"
drg,DRG,MS098,MS098,DRG_MS098,oov,unknown_unmappable,4,2,NON-BACTERIAL INFECT OF NERVOUS SYS EXC VIRAL MENINGITIS W CC
diagnosis,ICD10,S83.004D,S83004D,ICD10_S83004D,oov,unknown_unmappable,4,2,"Unspecified dislocation of right patella, subsequent encounter"
procedure,HCPCS,46425,46425,HCPCS_46425,oov,unknown_unmappable,4,4,HX COLONOSCOPY WITH BIOPSY
medication,RXNORM,1049880,1049880,RXN_1049880,oov,pediatric_absent,4,2,diphenhydramine HCl
diagnosis,ICD10,H05.113,H05113,ICD10_H05113,oov,unknown_unmappable,3,1,"Orbital pseudotumor, bilateral"
diagnosis,ICD10,H04.213,H04213,ICD10_H04213,oov,unknown_unmappable,3,2,Epiphora due to excess lacrimation of both sides
diagnosis,ICD10,T23.212A,T23212A,ICD10_T23212A,oov,unknown_unmappable,3,2,"Burn of left thumb, second degree, initial encounter"
diagnosis,ICD10,D31.01,D3101,ICD10_D3101,oov,unknown_unmappable,3,1,Nevus of right conjunctiva
medication,RXNORM,1294122,1294122,RXN_1294122,oov,pediatric_absent,3,1,lipase/protease/amylase
medication,RXNORM,848176,848176,RXN_848176,oov,pediatric_absent,3,3,betamethasone/propylene glyc
medication,RXNORM,197818,197818,RXN_197818,oov,pediatric_absent,3,1,indomethacin
medication,RXNORM,1299811,1299811,RXN_1299811,oov,pediatric_absent,3,2,calcium carbonate/vitamin D3
medication,RXNORM,1864324,1864324,RXN_1864324,oov,pediatric_absent,3,1,canakinumab/PF
medication,RXNORM,309916,309916,RXN_309916,oov,pediatric_absent,3,1,dimethicone
medication,RXNORM,1871456,1871456,RXN_1871456,oov,pediatric_absent,3,1,lisdexamfetamine dimesylate
medication,RXNORM,199680,199680,RXN_199680,oov,pediatric_absent,3,2,dimethicone
medication,RXNORM,966407,966407,RXN_966407,oov,pediatric_absent,3,1,levothyroxine sodium
medication,RXNORM,1094560,1094560,RXN_1094560,oov,pediatric_absent,3,1,cod liver oil/zinc oxide
medication,RXNORM,857005,857005,RXN_857005,oov,pediatric_absent,3,1,hydrocodone/acetaminophen
medication,RXNORM,722111,722111,RXN_722111,oov,pediatric_absent,3,3,adapalene
medication,RXNORM,309097,309097,RXN_309097,oov,pediatric_absent,3,1,cefuroxime axetil
medication,RXNORM,198750,198750,RXN_198750,oov,pediatric_absent,3,1,methylcellulose
diagnosis,ICD10,T23.262A,T23262A,ICD10_T23262A,oov,unknown_unmappable,3,2,"Partial thickness burn of back of left hand, initial encounter"
diagnosis,ICD10,S62.650D,S62650D,ICD10_S62650D,oov,unknown_unmappable,3,1,"Closed nondisplaced fracture of middle phalanx of right index finger with routine healing, subsequent encounter"
diagnosis,ICD9,941.07,94107,ICD9_94107,oov,code_version_mismatch,3,2,Burn of unspecified degree of forehead and cheek
diagnosis,ICD10,S14.101D,S14101D,ICD10_S14101D,oov,unknown_unmappable,3,1,"Spinal cord injury at C1-C4 level, subsequent encounter"
diagnosis,ICD10,H04.543,H04543,ICD10_H04543,oov,unknown_unmappable,3,2,Stenosis of bilateral lacrimal canaliculi
diagnosis,ICD10,S52.232D,S52232D,ICD10_S52232D,oov,unknown_unmappable,3,1,"Displaced oblique fracture of shaft of left ulna, subsequent encounter for closed fracture with routine healing"
diagnosis,ICD10,M60.20,M6020,ICD10_M6020,oov,unknown_unmappable,3,1,"Granuloma, foreign-body"
diagnosis,ICD10,H73.91,H7391,ICD10_H7391,oov,unknown_unmappable,3,1,Abnormal tympanic membrane of right ear
diagnosis,ICD10,M21.951,M21951,ICD10_M21951,oov,unknown_unmappable,3,2,Unspecified acquired deformity of right thigh
medication,RXNORM,1871464,1871464,RXN_1871464,oov,pediatric_absent,3,1,lisdexamfetamine dimesylate
medication,RXNORM,239999,239999,RXN_239999,oov,pediatric_absent,3,2,epoetin alfa
diagnosis,ICD10,T23.201D,T23201D,ICD10_T23201D,oov,unknown_unmappable,3,1,"Second degree burn of right hand and fingers, subsequent encounter"
diagnosis,ICD10,T23.252A,T23252A,ICD10_T23252A,oov,unknown_unmappable,3,2,"Burn of second degree of left palm, initial encounter"
diagnosis,ICD10,S11.90XD,S1190XD,ICD10_S1190XD,oov,unknown_unmappable,3,1,"Unspecified open wound of unspecified part of neck, subsequent encounter"
diagnosis,ICD10,H53.013,H53013,ICD10_H53013,oov,unknown_unmappable,3,2,"Amblyopia, deprivation, bilateral"
diagnosis,ICD10,S12.401D,S12401D,ICD10_S12401D,oov,unknown_unmappable,3,1,"Closed nondisplaced fracture of fifth cervical vertebra with routine healing, unspecified fracture morphology, subsequent encounter"
diagnosis,ICD10,H93.291,H93291,ICD10_H93291,oov,unknown_unmappable,3,1,"Other abnormal auditory perceptions, right ear"
diagnosis,ICD10,H04.532,H04532,ICD10_H04532,oov,unknown_unmappable,3,2,"Nasolacrimal duct obstruction, neonatal, left"
medication,RXNORM,1297988,1297988,RXN_1297988,oov,pediatric_absent,3,1,ubidecarenone
medication,RXNORM,312132,312132,RXN_312132,oov,pediatric_absent,3,2,oxaprozin
medication,RXNORM,1085816,1085816,RXN_1085816,oov,pediatric_absent,3,2,spinosad
medication,RXNORM,577317,577317,RXN_577317,oov,pediatric_absent,3,2,paricalcitol
medication,RXNORM,309310,309310,RXN_309310,oov,pediatric_absent,3,3,ciprofloxacin
medication,RXNORM,242429,242429,RXN_242429,oov,pediatric_absent,3,2,potassium iodide
diagnosis,ICD10,H04.431,H04431,ICD10_H04431,oov,unknown_unmappable,3,1,Lacrimal mucocele of right lacrimal passage
diagnosis,ICD10,P77.9,P779,ICD10_P779,oov,unknown_unmappable,3,2,"Necrotizing enterocolitis in newborn, unspecified"
diagnosis,ICD10,H66.3X2,H663X2,ICD10_H663X2,oov,unknown_unmappable,3,2,"Chronic suppurative otitis media of left ear, unspecified otitis media location"
diagnosis,ICD10,S89.321D,S89321D,ICD10_S89321D,oov,unknown_unmappable,3,2,"Salter-Harris type II physeal fracture of distal end of right fibula with routine healing, subsequent encounter"
diagnosis,ICD10,T23.009A,T23009A,ICD10_T23009A,oov,unknown_unmappable,3,1,"Burn of hand, unspecified laterality, unspecified degree, initial encounter"
medication,RXNORM,1595455,1595455,RXN_1595455,oov,pediatric_absent,3,1,lipase/protease/amylase
diagnosis,ICD10,S62.024A,S62024A,ICD10_S62024A,oov,unknown_unmappable,3,1,"Nondisplaced fracture of middle third of navicular (scaphoid) bone of right wrist, initial encounter for closed fracture"
diagnosis,ICD10,W21.06XA,W2106XA,ICD10_W2106XA,oov,unknown_unmappable,3,2,"Struck by volleyball, initial encounter"
medication,RXNORM,313803,313803,RXN_313803,oov,pediatric_absent,3,2,ascorbic acid
medication,RXNORM,314268,314268,RXN_314268,oov,pediatric_absent,3,1,tazarotene
diagnosis,ICD10,S93.601D,S93601D,ICD10_S93601D,oov,unknown_unmappable,3,1,"Sprain of right foot, subsequent encounter"
diagnosis,ICD9,764.95,76495,ICD9_76495,oov,code_version_mismatch,3,3,"Unspecified fetal growth retardation, 1,250-1,499 grams"
diagnosis,ICD10,H20.819,H20819,ICD10_H20819,oov,unknown_unmappable,3,1,"Fuchs' heterochromic cyclitis, unspecified eye"
diagnosis,ICD10,H35.54,H3554,ICD10_H3554,oov,unknown_unmappable,3,1,Dystrophies primarily involving the retinal pigment epithelium
medication,RXNORM,197379,197379,RXN_197379,oov,pediatric_absent,3,1,atenolol
medication,RXNORM,9873,9873,RXN_9873,oov,pediatric_absent,3,3,pedi multivit no.17 w-fluoride
medication,RXNORM,866419,866419,RXN_866419,oov,pediatric_absent,3,1,metoprolol succinate
medication,RXNORM,418475,418475,RXN_418475,oov,pediatric_absent,3,3,clotrimazole
procedure,HCPCS,39252,39252,HCPCS_39252,oov,unknown_unmappable,3,3,BIOPSY
procedure,HCPCS,41335,41335,HCPCS_41335,oov,unknown_unmappable,3,3,CHANGE TRACH TIES
procedure,HCPCS,13293,13293,HCPCS_13293,oov,unknown_unmappable,3,3,REMOVAL OF BROVIAC CATHETER
procedure,HCPCS,47614,47614,HCPCS_47614,oov,unknown_unmappable,3,3,HX LUNG BIOPSY
procedure,HCPCS,81037,81037,HCPCS_81037,oov,unknown_unmappable,3,3,"SPINAL PUNCTURE, LUMBAR, DIAGNOSTIC"
procedure,HCPCS,47826,47826,HCPCS_47826,oov,unknown_unmappable,3,3,HX CLOSURE OF GASTROSTOMY
procedure,HCPCS,47095,47095,HCPCS_47095,oov,unknown_unmappable,3,3,ILEOSTOMY TAKEDOWN
medication,RXNORM,284207,284207,RXN_284207,oov,pediatric_absent,3,2,ethinyl estradiol/drospirenone
medication,RXNORM,199378,199378,RXN_199378,oov,pediatric_absent,3,3,carbamazepine
diagnosis,ICD10,S83.289A,S83289A,ICD10_S83289A,oov,unknown_unmappable,3,2,Lateral meniscal tear
diagnosis,ICD10,M12.049,M12049,ICD10_M12049,oov,unknown_unmappable,3,1,Jaccoud's arthropathy of hand
diagnosis,ICD10,T76.92XD,T7692XD,ICD10_T7692XD,oov,unknown_unmappable,3,2,"Child abuse, subsequent encounter"
diagnosis,ICD10,G25.83,G2583,ICD10_G2583,oov,unknown_unmappable,3,1,Benign shuddering attacks
diagnosis,ICD10,S02.91XB,S0291XB,ICD10_S0291XB,oov,unknown_unmappable,3,1,"Unspecified fracture of skull, initial encounter for open fracture"
medication,RXNORM,855324,855324,RXN_855324,oov,pediatric_absent,3,2,warfarin sodium
diagnosis,ICD10,S52.092D,S52092D,ICD10_S52092D,oov,unknown_unmappable,3,1,"Other fracture of upper end of left ulna, subsequent encounter for closed fracture with routine healing"
diagnosis,ICD10,S52.182A,S52182A,ICD10_S52182A,oov,unknown_unmappable,3,1,"Other fracture of upper end of left radius, initial encounter for closed fracture"
diagnosis,ICD10,T63.91XD,T6391XD,ICD10_T6391XD,oov,unknown_unmappable,3,1,"Allergy or toxic reaction to venom, accidental or unintentional, subsequent encounter"
diagnosis,ICD10,T63.91XA,T6391XA,ICD10_T6391XA,oov,unknown_unmappable,3,2,"Allergy or toxic reaction to venom, initial encounter"
diagnosis,ICD9,V61.25,V6125,ICD9_V6125,oov,code_version_mismatch,3,2,Behavior causing concern in foster child
diagnosis,ICD9,993.0,9930,ICD9_9930,oov,code_version_mismatch,3,2,Pressure-related ear pain
medication,RXNORM,1747294,1747294,RXN_1747294,oov,pediatric_absent,3,1,ibuprofen lysine/PF
medication,RXNORM,1797844,1797844,RXN_1797844,oov,pediatric_absent,3,2,ipratropium bromide
medication,RXNORM,748798,748798,RXN_748798,oov,pediatric_absent,3,1,ethinyl estradiol/drospirenone
medication,RXNORM,1658156,1658156,RXN_1658156,oov,pediatric_absent,3,1,hepatitis B virus vaccine/PF
diagnosis,ICD9,V01.9,V019,ICD9_V019,oov,code_version_mismatch,3,2,Infectious disease exposure
diagnosis,ICD10,T24.101A,T24101A,ICD10_T24101A,oov,unknown_unmappable,3,1,"Burn of right leg, first degree, initial encounter"
diagnosis,ICD10,S63.639A,S63639A,ICD10_S63639A,oov,unknown_unmappable,3,2,"Volar plate injury of finger, initial encounter"
diagnosis,ICD10,Q65.31,Q6531,ICD10_Q6531,oov,unknown_unmappable,3,2,"Congenital partial dislocation of right hip, unilateral"
diagnosis,ICD10,S31.139S,S31139S,ICD10_S31139S,oov,unknown_unmappable,3,1,"Gunshot wound of abdomen, sequela"
diagnosis,ICD9,385.00,38500,PHE_385.5,oov,pediatric_absent,3,2,"Tympanosclerosis, unspecified as to involvement"
medication,RXNORM,198190,198190,RXN_198190,oov,pediatric_absent,3,2,ranitidine HCl
diagnosis,ICD9,E968.3,E9683,ICD9_E9683,oov,code_version_mismatch,3,1,Assault by hot liquid
diagnosis,ICD10,S76.319D,S76319D,ICD10_S76319D,oov,unknown_unmappable,3,1,"Hamstring strain, unspecified laterality, subsequent encounter"
diagnosis,ICD10,H35.119,H35119,ICD10_H35119,oov,unknown_unmappable,3,2,"ROP (retinopathy of prematurity), stage 0, unspecified laterality"
diagnosis,ICD10,S89.021A,S89021A,ICD10_S89021A,oov,unknown_unmappable,3,2,"Salter-Harris type II physeal fracture of upper end of right tibia, initial encounter for closed fracture"
medication,RXNORM,1010980,1010980,RXN_1010980,oov,pediatric_absent,3,2,carbinoxamine/pseudoephed/DM
medication,RXNORM,997170,997170,RXN_997170,oov,pediatric_absent,3,2,codeine sulfate
diagnosis,ICD10,Z05.5,Z055,ICD10_Z055,oov,unknown_unmappable,3,1,Observation and evaluation of newborn for suspected gastrointestinal condition ruled out
diagnosis,ICD10,S92.254A,S92254A,ICD10_S92254A,oov,unknown_unmappable,3,2,"Nondisplaced fracture of navicular (scaphoid) of right foot, initial encounter for closed fracture"
diagnosis,ICD10,H60.399,H60399,ICD10_H60399,oov,unknown_unmappable,3,2,"Otitis externa, chronic infective"
diagnosis,ICD10,M40.05,M4005,ICD10_M4005,oov,unknown_unmappable,3,2,Postural kyphosis of thoracolumbar region
procedure,HCPCS,44571,44571,HCPCS_44571,oov,unknown_unmappable,3,3,IR ANGIO INTRAOPERATIVE
procedure,HCPCS,50184,50184,HCPCS_50184,oov,unknown_unmappable,3,3,"HX VSD CLOSURE, DEVICE"
procedure,HCPCS,47763,47763,HCPCS_47763,oov,unknown_unmappable,3,3,HX UPPER GI ENDOSCOPY
procedure,HCPCS,50190,50190,HCPCS_50190,oov,unknown_unmappable,3,3,"HX VSD REPAIR, PRIMARY CLOSURE"
medication,RXNORM,1650030,1650030,RXN_1650030,oov,pediatric_absent,3,3,doxycycline monohydrate
diagnosis,ICD9,799.21,79921,ICD9_79921,oov,code_version_mismatch,3,1,Jittery
diagnosis,ICD10,E71.448,E71448,ICD10_E71448,oov,unknown_unmappable,3,2,Other secondary carnitine deficiency
diagnosis,ICD10,S05.02XS,S0502XS,ICD10_S0502XS,oov,unknown_unmappable,3,1,"Corneal abrasion, left, sequela"
diagnosis,ICD10,S60.569A,S60569A,ICD10_S60569A,oov,unknown_unmappable,3,2,"Insect bite of hand with local reaction, unspecified laterality, initial encounter"
medication,RXNORM,310933,310933,RXN_310933,oov,pediatric_absent,3,1,hypromellose
medication,RXNORM,1923050,1923050,RXN_1923050,oov,pediatric_absent,3,1,levothyroxine sodium
medication,RXNORM,749879,749879,RXN_749879,oov,pediatric_absent,3,1,norethindrone-ethin. estradiol
medication,RXNORM,1439810,1439810,RXN_1439810,oov,pediatric_absent,3,1,vortioxetine hydrobromide
medication,RXNORM,1300205,1300205,RXN_1300205,oov,pediatric_absent,3,2,"diph,pertuss(acell),tet vac/PF"
diagnosis,ICD9,777.6,7776,PHE_656.6,oov,pediatric_absent,3,2,Perinatal intestinal perforation
diagnosis,ICD10,S86.019A,S86019A,ICD10_S86019A,oov,unknown_unmappable,3,1,"Strain of unspecified achilles tendon, initial encounter"
diagnosis,ICD9,385.24,38524,PHE_385.5,oov,pediatric_absent,3,2,Partial loss or necrosis of ear ossicles
diagnosis,ICD10,S73.006A,S73006A,ICD10_S73006A,oov,unknown_unmappable,3,2,"Unspecified dislocation of unspecified hip, initial encounter"
diagnosis,ICD9,945.33,94533,ICD9_94533,oov,code_version_mismatch,3,1,Full-thickness skin loss due to burn (third degree NOS) of ankle
diagnosis,ICD10,H47.312,H47312,ICD10_H47312,oov,unknown_unmappable,3,1,"Coloboma of optic disc, left eye"
diagnosis,ICD10,C84.90,C8490,ICD10_C8490,oov,unknown_unmappable,3,1,"Mature NK/t-cell lymphoma, unspecified body region, unspecified mature NK/t-cell lymphoma type"
medication,RXNORM,1426660,1426660,RXN_1426660,oov,pediatric_absent,3,2,guaifenesin/DM/pseudoephedrine
medication,RXNORM,34322,34322,RXN_34322,oov,pediatric_absent,3,1,"potassium phos,m-basic-d-basic"
diagnosis,ICD9,V21.34,V2134,ICD9_V2134,oov,code_version_mismatch,3,2,"Low birth weight status, 1500-1999 grams"
diagnosis,ICD10,O30.009,O30009,ICD10_O30009,oov,unknown_unmappable,3,1,Discordant fetal growth in twin gestation
diagnosis,ICD10,S00.451A,S00451A,ICD10_S00451A,oov,unknown_unmappable,3,3,"Foreign body in ear lobe, right, initial encounter"
medication,RXNORM,731181,731181,RXN_731181,oov,pediatric_absent,3,1,darbepoetin alfa in polysorbat
medication,RXNORM,1729308,1729308,RXN_1729308,oov,pediatric_absent,3,1,aprepitant
diagnosis,ICD10,S82.161A,S82161A,ICD10_S82161A,oov,unknown_unmappable,3,1,"Torus fracture of upper end of right tibia, initial encounter for closed fracture"
diagnosis,ICD10,H50.60,H5060,ICD10_H5060,oov,unknown_unmappable,3,1,Mechanical strabismus from Brown's tendon sheath syndrome
diagnosis,ICD10,S62.031A,S62031A,ICD10_S62031A,oov,unknown_unmappable,3,1,"Closed displaced fracture of proximal third of scaphoid bone of right wrist, initial encounter"
diagnosis,ICD10,T23.222D,T23222D,ICD10_T23222D,oov,unknown_unmappable,3,2,"Burn of second degree of single left finger (nail) except thumb, subsequent encounter"
medication,RXNORM,200141,200141,RXN_200141,oov,pediatric_absent,3,1,dextrose
medication,RXNORM,727345,727345,RXN_727345,oov,pediatric_absent,3,1,epinephrine
diagnosis,ICD10,S82.899A,S82899A,ICD10_S82899A,oov,unknown_unmappable,3,2,Ankle fracture
diagnosis,ICD10,T36.0X4A,T360X4A,ICD10_T360X4A,oov,unknown_unmappable,3,1,"Amoxicillin rash, undetermined intent, initial encounter"
diagnosis,ICD10,S72.335D,S72335D,ICD10_S72335D,oov,unknown_unmappable,3,2,"Closed nondisplaced oblique fracture of shaft of left femur with routine healing, subsequent encounter"
diagnosis,ICD10,S68.119A,S68119A,ICD10_S68119A,oov,unknown_unmappable,3,1,"Traumatic amputation of fingertip, initial encounter"
diagnosis,ICD9,995.52,99552,ICD9_99552,oov,code_version_mismatch,3,2,Neglect of child
medication,RXNORM,968925,968925,RXN_968925,oov,pediatric_absent,3,1,lipase/protease/amylase
medication,RXNORM,200194,200194,RXN_200194,oov,pediatric_absent,3,2,zolmitriptan
medication,RXNORM,1300377,1300377,RXN_1300377,oov,pediatric_absent,3,2,"diph,pertuss(acell),tet vac/PF"
medication,RXNORM,309381,309381,RXN_309381,oov,pediatric_absent,3,3,coal tar
medication,RXNORM,832908,832908,RXN_832908,oov,pediatric_absent,3,2,calcium carbonate/vitamin D3
medication,RXNORM,607295,607295,RXN_607295,oov,pediatric_absent,3,2,dapsone
diagnosis,ICD10,H66.009,H66009,ICD10_H66009,oov,unknown_unmappable,3,2,Acute suppurative otitis media without spontaneous rupture of ear drum
diagnosis,ICD10,S82.209D,S82209D,ICD10_S82209D,oov,unknown_unmappable,3,1,"Tibia/fibula fracture, unspecified laterality, closed, with routine healing, subsequent encounter"
diagnosis,ICD10,S59.802D,S59802D,ICD10_S59802D,oov,unknown_unmappable,3,1,"Other specified injuries of left elbow, subsequent encounter"
diagnosis,ICD10,S99.811D,S99811D,ICD10_S99811D,oov,unknown_unmappable,3,1,"Other specified injuries of right ankle, subsequent encounter"
diagnosis,ICD10,H74.91,H7491,ICD10_H7491,oov,unknown_unmappable,3,2,Unspecified disorder of right middle ear and mastoid
diagnosis,ICD10,P07.21,P0721,ICD10_P0721,oov,unknown_unmappable,3,2,"Extreme immaturity of newborn, gestational age less than 23 completed weeks"
diagnosis,ICD10,P76.1,P761,PHE_656.6,oov,pediatric_absent,3,3,Transitory ileus of newborn
diagnosis,ICD10,L89.209,L89209,ICD10_L89209,oov,unknown_unmappable,3,2,"Decubitus ulcer of hip, unspecified laterality, unspecified ulcer stage"
diagnosis,ICD10,W53.11XD,W5311XD,ICD10_W5311XD,oov,unknown_unmappable,3,1,"Rat bite, subsequent encounter"
medication,RXNORM,1591923,1591923,RXN_1591923,oov,pediatric_absent,3,1,acetylcysteine
medication,RXNORM,1374744,1374744,RXN_1374744,oov,pediatric_absent,3,1,Lactobacillus rhamnosus GG
medication,RXNORM,1490047,1490047,RXN_1490047,oov,pediatric_absent,3,1,elosulfase alfa
medication,RXNORM,309305,309305,RXN_309305,oov,pediatric_absent,3,2,ciprofloxacin/hydrocortisone
diagnosis,ICD10,Z02.5,Z025,ICD10_Z025,oov,unknown_unmappable,3,1,Encounter for examination for participation in sport
diagnosis,ICD10,H35.142,H35142,ICD10_H35142,oov,unknown_unmappable,3,2,"Retinopathy of prematurity, stage 3, left eye"
medication,RXNORM,484814,484814,RXN_484814,oov,pediatric_absent,3,1,tadalafil
medication,RXNORM,1654035,1654035,RXN_1654035,oov,pediatric_absent,3,3,adenosine
medication,RXNORM,602802,602802,RXN_602802,oov,pediatric_absent,3,3,sennosides
medication,RXNORM,1370001,1370001,RXN_1370001,oov,pediatric_absent,3,1,Lactobacillus acidophilus
medication,RXNORM,637320,637320,RXN_637320,oov,pediatric_absent,3,3,gadoxetate disodium
medication,RXNORM,1739776,1739776,RXN_1739776,oov,pediatric_absent,3,1,brivaracetam
procedure,HCPCS,43869,43869,HCPCS_43869,oov,unknown_unmappable,3,3,US GUIDANCE KIDNEY BIOPSY
procedure,HCPCS,10447,10447,HCPCS_10447,oov,unknown_unmappable,3,3,"PR INCIS ILIOPSOAS,OPEN"
procedure,HCPCS,63806,63806,HCPCS_63806,oov,unknown_unmappable,3,3,BRONCHOSCOPY VIDEO/BAL
procedure,HCPCS,47707,47707,HCPCS_47707,oov,unknown_unmappable,3,3,MIRENA IUD
procedure,HCPCS,47606,47606,HCPCS_47606,oov,unknown_unmappable,3,3,HX PYLOROMYOTOMY
procedure,HCPCS,44234,44234,HCPCS_44234,oov,unknown_unmappable,3,3,INGROWN TOENAIL EXCISION
procedure,HCPCS,85829,85829,HCPCS_85829,oov,unknown_unmappable,3,3,TONSILECTOMY ONLY (42825/42826) - ANESTHESIA
procedure,HCPCS,47840,47840,HCPCS_47840,oov,unknown_unmappable,3,3,HX VENTRAL HERNIA REPAIR
procedure,HCPCS,44116,44116,HCPCS_44116,oov,unknown_unmappable,3,3,FL VIDEO SWALLOW STUDY
procedure,HCPCS,61643,61643,HCPCS_61643,oov,unknown_unmappable,3,3,"CIRCUMCISION, GOMCO"
procedure,HCPCS,68723,68723,HCPCS_68723,oov,unknown_unmappable,3,3,CIRCUMCISION-OTHER THAN NEWBRN
procedure,HCPCS,46821,46821,HCPCS_46821,oov,unknown_unmappable,3,3,UPPER GI
procedure,HCPCS,42588,42588,HCPCS_42588,oov,unknown_unmappable,3,3,NEPHRECTOMY
procedure,HCPCS,44678,44678,HCPCS_44678,oov,unknown_unmappable,3,3,PORT/TUNNELED LINE PLACEMENT
procedure,HCPCS,47566,47566,HCPCS_47566,oov,unknown_unmappable,3,3,HX UPPER GASTROINTESTINAL ENDOSCOPY
procedure,HCPCS,82378,82378,HCPCS_82378,oov,unknown_unmappable,3,3,BOTOX INJECTIONS
procedure,HCPCS,47618,47618,HCPCS_47618,oov,unknown_unmappable,3,3,CYSTOSCOPY
procedure,HCPCS,82630,82630,HCPCS_82630,oov,unknown_unmappable,3,3,VAGUS NERVE STIMULATOR IMPLANTATION (EPILEPSY)
procedure,HCPCS,64128,64128,HCPCS_64128,oov,unknown_unmappable,3,3,CT CHEST
procedure,HCPCS,44373,44373,HCPCS_44373,oov,unknown_unmappable,3,3,I&D - COMPLEX
drg,DRG,OMAPR050,OMAPR050,DRG_OMAPR050,oov,unknown_unmappable,3,3,NON-BACTERIAL INFECTIONS OF NERVOUS SYSTEM EXC VIRAL MENINGITIS
drg,DRG,MS371,MS371,DRG_MS371,oov,unknown_unmappable,3,3,MAJOR GASTROINTESTINAL DISORDERS & PERITONEAL INFECTIONS W MCC
diagnosis,ICD10,S62.024D,S62024D,ICD10_S62024D,oov,unknown_unmappable,3,1,"Nondisplaced fracture of middle third of navicular (scaphoid) bone of right wrist, subsequent encounter for fracture with routine healing"
drg,DRG,MS947,MS947,DRG_MS947,oov,unknown_unmappable,3,3,SIGNS & SYMPTOMS W MCC
drg,DRG,OMAPR313,OMAPR313,DRG_OMAPR313,oov,unknown_unmappable,3,3,KNEE & LOWER LEG PROCEDURES EXCEPT FOOT
drg,DRG,OMAPR609,OMAPR609,DRG_OMAPR609,oov,unknown_unmappable,3,3,NEONATE BWT 1500-2499G W MAJOR PROCEDURE
drg,DRG,OMAPR315,OMAPR315,DRG_OMAPR315,oov,unknown_unmappable,3,3,"SHOULDER, UPPER ARM & FOREARM PROCEDURES EXCEPT JOINT REPLACEMENT"
drg,DRG,OMAPR093,OMAPR093,DRG_OMAPR093,oov,unknown_unmappable,3,3,SINUS & MASTOID PROCEDURES
drg,DRG,MS652,MS652,DRG_MS652,oov,unknown_unmappable,3,3,KIDNEY TRANSPLANT
drg,DRG,MS305,MS305,DRG_MS305,oov,unknown_unmappable,3,2,HYPERTENSION W/O MCC
drg,DRG,OMAPR232,OMAPR232,DRG_OMAPR232,oov,unknown_unmappable,3,3,GASTRIC FUNDOPLICATION
drg,DRG,MS055,MS055,DRG_MS055,oov,unknown_unmappable,3,3,NERVOUS SYSTEM NEOPLASMS W/O MCC
drg,DRG,OMAPR844,OMAPR844,DRG_OMAPR844,oov,unknown_unmappable,3,3,PARTIAL THICKNESS BURNS W/O SKIN GRAFT
diagnosis,ICD10,Z01.84,Z0184,ICD10_Z0184,oov,unknown_unmappable,3,1,Immunity status testing
medication,RXNORM,198584,198584,RXN_198584,oov,pediatric_absent,3,2,ubidecarenone
procedure,HCPCS,95810,95810,HCPCS_95810,oov,unknown_unmappable,3,3,Polysm sleep staging 4/> addl param
diagnosis,ICD10,M92.72,M9272,ICD10_M9272,oov,unknown_unmappable,3,1,Iselin's disease of left foot
drg,DRG,OMAPR283,OMAPR283,DRG_OMAPR283,oov,unknown_unmappable,3,3,OTHER DISORDERS OF THE LIVER
drg,DRG,MS505,MS505,DRG_MS505,oov,unknown_unmappable,3,3,FOOT PROCEDURES W/O CC/MCC
drg,DRG,OMAPR346,OMAPR346,DRG_OMAPR346,oov,unknown_unmappable,3,3,CONNECTIVE TISSUE DISORDERS
drg,DRG,MS221,MS221,DRG_MS221,oov,unknown_unmappable,3,3,CARDIAC VALVE & OTH MAJ CARDIOTHORACIC PROC W/O CARD CATH W/O CC/MCC
drg,DRG,MS316,MS316,DRG_MS316,oov,unknown_unmappable,3,1,OTHER CIRCULATORY SYSTEM DIAGNOSES W/O CC/MCC
drg,DRG,OMAPR591,OMAPR591,DRG_OMAPR591,oov,unknown_unmappable,3,3,NEONATE BIRTHWT 500-749G W/O MAJOR PROCEDURE
drg,DRG,MS132,MS132,DRG_MS132,oov,unknown_unmappable,3,3,CRANIAL/FACIAL PROCEDURES W/O CC/MCC
drg,DRG,MS882,MS882,DRG_MS882,oov,unknown_unmappable,3,3,NEUROSES EXCEPT DEPRESSIVE
drg,DRG,MS339,MS339,DRG_MS339,oov,unknown_unmappable,3,3,APPENDECTOMY W COMPLICATED PRINCIPAL DIAG W CC
drg,DRG,MS501,MS501,DRG_MS501,oov,unknown_unmappable,3,3,SOFT TISSUE PROCEDURES W CC
drg,DRG,OMAPR465,OMAPR465,DRG_OMAPR465,oov,unknown_unmappable,3,3,URINARY STONES & ACQUIRED UPPER URINARY TRACT OBSTRUCTION
diagnosis,ICD10,S76.311D,S76311D,ICD10_S76311D,oov,unknown_unmappable,3,1,"Strain of right hamstring muscle, subsequent encounter"
diagnosis,ICD10,S61.309A,S61309A,ICD10_S61309A,oov,unknown_unmappable,3,2,"Nail avulsion, finger, initial encounter"
diagnosis,ICD10,S01.85XD,S0185XD,ICD10_S0185XD,oov,unknown_unmappable,3,1,"Dog bite of face, subsequent encounter"
diagnosis,ICD10,S93.492D,S93492D,ICD10_S93492D,oov,unknown_unmappable,3,2,"Sprain of other ligament of left ankle, subsequent encounter"
medication,RXNORM,1043704,1043704,RXN_1043704,oov,pediatric_absent,3,2,naphazoline HCl/pheniramine
diagnosis,ICD10,S82.109A,S82109A,ICD10_S82109A,oov,unknown_unmappable,3,2,"Fracture of tibia, proximal, closed"
diagnosis,ICD10,S82.224A,S82224A,ICD10_S82224A,oov,unknown_unmappable,3,1,"Closed nondisplaced transverse fracture of shaft of right tibia, initial encounter"
diagnosis,ICD10,H52.212,H52212,ICD10_H52212,oov,unknown_unmappable,3,2,Irregular astigmatism of left eye
diagnosis,ICD10,Q53.11,Q5311,ICD10_Q5311,oov,unknown_unmappable,3,2,"Abdominal testis, unilateral"
diagnosis,ICD10,P74.0,P740,PHE_656.3,oov,pediatric_absent,3,3,Late metabolic acidosis of newborn
diagnosis,ICD10,S83.207D,S83207D,ICD10_S83207D,oov,unknown_unmappable,3,1,"Unspecified tear of unspecified meniscus, current injury, left knee, subsequent encounter"
diagnosis,ICD10,S66.911A,S66911A,ICD10_S66911A,oov,unknown_unmappable,3,1,"Wrist strain, right, initial encounter"
diagnosis,ICD10,M21.80,M2180,ICD10_M2180,oov,unknown_unmappable,3,1,Out-toeing
procedure,HCPCS,48206,48206,HCPCS_48206,oov,unknown_unmappable,3,3,HX EYE SURGERY
medication,RXNORM,996740,996740,RXN_996740,oov,pediatric_absent,3,1,memantine HCl
diagnosis,ICD10,T21.24XA,T2124XA,ICD10_T2124XA,oov,unknown_unmappable,3,2,"Burn, back, second degree, initial encounter"
diagnosis,ICD10,S21.209A,S21209A,ICD10_S21209A,oov,unknown_unmappable,3,2,"Unspecified open wound of unspecified back wall of thorax without penetration into thoracic cavity, initial encounter"
diagnosis,ICD10,S59.022D,S59022D,ICD10_S59022D,oov,unknown_unmappable,3,1,"Salter-harris type ii physeal fracture of lower end of ulna, left arm, subsequent encounter for fracture with routine healing"
procedure,HCPCS,47853,47853,HCPCS_47853,oov,unknown_unmappable,3,3,HX LIP REPAIR
procedure,HCPCS,47842,47842,HCPCS_47842,oov,unknown_unmappable,3,3,HX ANOPLASTY
procedure,HCPCS,50202,50202,HCPCS_50202,oov,unknown_unmappable,3,3,"HX PDA CLOSURE, NOS"
procedure,HCPCS,45631,45631,HCPCS_45631,oov,unknown_unmappable,3,3,HX FISTULA CLOSURE
diagnosis,ICD10,T21.21XD,T2121XD,ICD10_T2121XD,oov,unknown_unmappable,3,1,"Burn of chest wall, second degree, subsequent encounter"
procedure,HCPCS,16726,16726,HCPCS_16726,oov,unknown_unmappable,3,3,PR SUBOCCIPT DECOMP MEDULLA/SP CRD
procedure,HCPCS,45932,45932,HCPCS_45932,oov,unknown_unmappable,3,3,FEEDING TUBE
procedure,HCPCS,45944,45944,HCPCS_45944,oov,unknown_unmappable,3,3,HX CHOLESTECTOMY
diagnosis,ICD9,V19.7,V197,ICD9_V197,oov,code_version_mismatch,3,2,Family history of consanguinity
procedure,HCPCS,45975,45975,HCPCS_45975,oov,unknown_unmappable,3,3,HX SALIVARY GLAND SURGERY
diagnosis,ICD10,H60.00,H6000,ICD10_H6000,oov,unknown_unmappable,3,2,"Abscess, pinna"
procedure,HCPCS,50148,50148,HCPCS_50148,oov,unknown_unmappable,3,3,"HX SHUNT, MODIFIED BLALOCK-TAUSSIG-THOMAS"
procedure,HCPCS,45638,45638,HCPCS_45638,oov,unknown_unmappable,3,3,HX TUBE REMOVAL
procedure,HCPCS,48098,48098,HCPCS_48098,oov,unknown_unmappable,3,3,PENIS SURGERY
medication,RXNORM,1737244,1737244,RXN_1737244,oov,pediatric_absent,3,1,clindamycin phosphate
procedure,HCPCS,17032,17032,HCPCS_17032,oov,unknown_unmappable,3,3,PR CREATE SHUNT:VENTRIC-PERITONEAL
procedure,HCPCS,12039,12039,HCPCS_12039,oov,unknown_unmappable,3,3,PR BRNCHSC INCL FLUOR GDNCE DX W/CELL WASHG SPX
diagnosis,ICD10,M67.979,M67979,ICD10_M67979,oov,unknown_unmappable,3,1,Achilles tendon disorder
diagnosis,ICD10,H47.392,H47392,ICD10_H47392,oov,unknown_unmappable,3,1,Optic nerve cupping of left eye
diagnosis,ICD10,S89.322D,S89322D,ICD10_S89322D,oov,unknown_unmappable,3,1,"Salter-harris type ii physeal fracture of lower end of left fibula, subsequent encounter for fracture with routine healing"
drg,DRG,OMAPR791,OMAPR791,DRG_OMAPR791,oov,unknown_unmappable,3,3,O.R. PROCEDURE FOR OTHER COMPLICATIONS OF TREATMENT
drg,DRG,MS614,MS614,DRG_MS614,oov,unknown_unmappable,3,1,ADRENAL & PITUITARY PROCEDURES W CC/MCC
medication,RXNORM,310625,310625,RXN_310625,oov,pediatric_absent,3,2,guaifenesin
diagnosis,ICD10,S82.401S,S82401S,ICD10_S82401S,oov,unknown_unmappable,3,2,"Tibia/fibula fracture, right, sequela"
drg,DRG,MS198,MS198,DRG_MS198,oov,unknown_unmappable,3,3,INTERSTITIAL LUNG DISEASE W/O CC/MCC
drg,DRG,OMAPR282,OMAPR282,DRG_OMAPR282,oov,unknown_unmappable,3,3,DISORDERS OF PANCREAS EXCEPT MALIGNANCY
diagnosis,ICD10,S83.011A,S83011A,ICD10_S83011A,oov,unknown_unmappable,3,2,"Lateral subluxation of right patella, initial encounter"
procedure,HCPCS,14499,14499,HCPCS_14499,oov,unknown_unmappable,3,3,"PR LAP,APPENDECTOMY"
diagnosis,ICD10,S83.005D,S83005D,ICD10_S83005D,oov,unknown_unmappable,3,2,"Unspecified dislocation of left patella, subsequent encounter"
diagnosis,ICD10,P54.1,P541,PHE_656.4,oov,pediatric_absent,3,3,Neonatal melena
diagnosis,ICD10,S59.121A,S59121A,ICD10_S59121A,oov,unknown_unmappable,3,1,"Closed Salter-Harris type II physeal fracture of proximal end of right radius, initial encounter"
diagnosis,ICD9,775.81,77581,PHE_656.3,oov,pediatric_absent,3,2,Other acidosis of newborn
medication,RXNORM,227312,227312,RXN_227312,oov,pediatric_absent,3,1,indigotindisulfonate sodium
diagnosis,ICD10,H10.011,H10011,ICD10_H10011,oov,unknown_unmappable,3,1,Acute follicular conjunctivitis of right eye
medication,RXNORM,1088191,1088191,RXN_1088191,oov,pediatric_absent,3,3,wheat dextrin
diagnosis,ICD9,779.9,7799,ICD9_7799,oov,code_version_mismatch,3,1,Jittery infant
drg,DRG,MS115,MS115,DRG_MS115,oov,unknown_unmappable,3,3,EXTRAOCULAR PROCEDURES EXCEPT ORBIT
drg,DRG,MS643,MS643,DRG_MS643,oov,unknown_unmappable,3,3,ENDOCRINE DISORDERS W MCC
drg,DRG,MS168,MS168,DRG_MS168,oov,unknown_unmappable,3,3,OTHER RESP SYSTEM O.R. PROCEDURES W/O CC/MCC
diagnosis,ICD10,T23.322D,T23322D,ICD10_T23322D,oov,unknown_unmappable,3,1,"Burn of finger, left, third degree, subsequent encounter"
diagnosis,ICD10,D23.22,D2322,ICD10_D2322,oov,unknown_unmappable,3,1,"Dermoid cyst of ear, left"
drg,DRG,MS815,MS815,DRG_MS815,oov,unknown_unmappable,3,3,RETICULOENDOTHELIAL & IMMUNITY DISORDERS W CC
drg,DRG,MS922,MS922,DRG_MS922,oov,unknown_unmappable,3,3,"OTHER INJURY, POISONING & TOXIC EFFECT DIAG W MCC"
drg,DRG,OMAPR816,OMAPR816,DRG_OMAPR816,oov,unknown_unmappable,3,3,TOXIC EFFECTS OF NON-MEDICINAL SUBSTANCES
drg,DRG,MS856,MS856,DRG_MS856,oov,unknown_unmappable,3,3,POSTOPERATIVE OR POST-TRAUMATIC INFECTIONS W O.R. PROC W MCC
drg,DRG,MS438,MS438,DRG_MS438,oov,unknown_unmappable,3,2,DISORDERS OF PANCREAS EXCEPT MALIGNANCY W MCC
drg,DRG,MS606,MS606,DRG_MS606,oov,unknown_unmappable,3,3,MINOR SKIN DISORDERS W MCC
drg,DRG,OMAPR817,OMAPR817,DRG_OMAPR817,oov,unknown_unmappable,3,3,INTENTIONAL SELF-HARM & ATTEMPTED SUICIDE
diagnosis,ICD10,S62.604D,S62604D,ICD10_S62604D,oov,unknown_unmappable,3,1,"Fracture of unspecified phalanx of right ring finger, subsequent encounter for fracture with routine healing"
procedure,HCPCS,47773,47773,HCPCS_47773,oov,unknown_unmappable,3,3,HX CRANIECTOMY
medication,RXNORM,861370,861370,RXN_861370,oov,pediatric_absent,3,1,sevelamer carbonate
diagnosis,ICD10,T78.08XA,T7808XA,ICD10_T7808XA,oov,unknown_unmappable,3,2,"Anaphylactic reaction due to eggs, initial encounter"
medication,RXNORM,240812,240812,RXN_240812,oov,pediatric_absent,3,1,ketoconazole
procedure,HCPCS,61651,61651,HCPCS_61651,oov,unknown_unmappable,3,3,CIRC.OLDER(PLASTIBELL)
medication,RXNORM,686185,686185,RXN_686185,oov,pediatric_absent,3,1,potassium chloride/D5-0.2%NaCl
procedure,HCPCS,42576,42576,HCPCS_42576,oov,unknown_unmappable,3,3,HX COLECTOMY
diagnosis,ICD10,S83.242D,S83242D,ICD10_S83242D,oov,unknown_unmappable,3,2,"Other tear of medial meniscus, current injury, left knee, subsequent encounter"
medication,RXNORM,2180666,2180666,RXN_2180666,oov,pediatric_absent,3,2,glucagon
medication,RXNORM,2050772,2050772,RXN_2050772,oov,pediatric_absent,3,3,flu vacc qs2018-19 36mos up/PF
diagnosis,ICD10,M62.479,M62479,ICD10_M62479,oov,unknown_unmappable,3,2,"Contracture of muscle, unspecified ankle and foot"
drg,DRG,MS238,MS238,DRG_MS238,oov,unknown_unmappable,3,3,MAJOR CARDIOVASC PROCEDURES W/O MCC
medication,RXNORM,197781,197781,RXN_197781,oov,pediatric_absent,3,1,hydrocortisone
diagnosis,ICD10,D22.70,D2270,ICD10_D2270,oov,unknown_unmappable,3,2,"Melanocytic nevus of lower extremity, unspecified laterality"
procedure,HCPCS,17938,17938,HCPCS_17938,oov,unknown_unmappable,3,3,PR UNLISTED PROCEDURE EXTRAOCULAR MUSCLE
procedure,HCPCS,48309,48309,HCPCS_48309,oov,unknown_unmappable,3,3,HX HARDWARE REMOVAL
diagnosis,ICD10,L01.01,L0101,ICD10_L0101,oov,unknown_unmappable,3,1,Non-bullous impetigo
drg,DRG,MS379,MS379,DRG_MS379,oov,unknown_unmappable,3,3,G.I. HEMORRHAGE W/O CC/MCC
procedure,HCPCS,62141,62141,HCPCS_62141,oov,unknown_unmappable,3,3,CIRCUMCISION W/CLAMP W/BLOCK
medication,RXNORM,1667909,1667909,RXN_1667909,oov,pediatric_absent,3,2,isoproterenol HCl
diagnosis,ICD10,H35.149,H35149,ICD10_H35149,oov,unknown_unmappable,3,2,"Retinopathy of prematurity, stage 3, unspecified eye"
diagnosis,ICD9,770.12,77012,ICD9_77012,oov,code_version_mismatch,3,3,MAS (meconium aspiration syndrome)
drg,DRG,MS917,MS917,DRG_MS917,oov,unknown_unmappable,3,3,POISONING & TOXIC EFFECTS OF DRUGS W MCC
medication,RXNORM,1871460,1871460,RXN_1871460,oov,pediatric_absent,3,1,lisdexamfetamine dimesylate
drg,DRG,MS287,MS287,DRG_MS287,oov,unknown_unmappable,3,3,"CIRCULATORY DISORDERS EXCEPT AMI, W CARD CATH W/O MCC"
medication,RXNORM,402506,402506,RXN_402506,oov,pediatric_absent,3,2,carbamazepine
procedure,HCPCS,42662,42662,HCPCS_42662,oov,unknown_unmappable,3,3,HX CATARACT REMOVAL
diagnosis,ICD10,Q66.40,Q6640,ICD10_Q6640,oov,unknown_unmappable,3,1,Congenital calcaneovalgus deformity
procedure,HCPCS,87429,87429,HCPCS_87429,oov,unknown_unmappable,3,3,LADD'S PROCEDURE
medication,RXNORM,1150087,1150087,RXN_1150087,oov,pediatric_absent,3,1,inulin
diagnosis,ICD10,T23.252D,T23252D,ICD10_T23252D,oov,unknown_unmappable,3,2,"Burn of second degree of left palm, subsequent encounter"
drg,DRG,MS554,MS554,DRG_MS554,oov,unknown_unmappable,3,3,BONE DISEASES & ARTHROPATHIES W/O MCC
diagnosis,ICD10,Z29.3,Z293,ICD10_Z293,oov,unknown_unmappable,3,2,Encounter for prophylactic fluoride administration
procedure,HCPCS,48147,48147,HCPCS_48147,oov,unknown_unmappable,3,3,HX TESTICLE SURGERY
diagnosis,ICD10,Q90.0,Q900,ICD10_Q900,oov,unknown_unmappable,3,2,Nonmosaicism Down syndrome
procedure,HCPCS,60583,60583,HCPCS_60583,oov,unknown_unmappable,3,3,"CYSTOSCOPY, URETERAL STENT REMOVAL"
procedure,HCPCS,48172,48172,HCPCS_48172,oov,unknown_unmappable,3,3,TUNNELED VENOUS PORT PLACEMENT
diagnosis,ICD10,S76.012D,S76012D,ICD10_S76012D,oov,unknown_unmappable,3,1,"Strain of hip flexor, left, subsequent encounter"
diagnosis,ICD10,S36.039D,S36039D,ICD10_S36039D,oov,unknown_unmappable,3,1,"Laceration of spleen, subsequent encounter"
drg,DRG,MS199,MS199,DRG_MS199,oov,unknown_unmappable,3,2,PNEUMOTHORAX W MCC
procedure,HCPCS,17036,17036,HCPCS_17036,oov,unknown_unmappable,3,3,"PR REPLACEMENT/REVISION,CSF SHUNT"
diagnosis,ICD10,H65.114,H65114,ICD10_H65114,oov,unknown_unmappable,3,1,Recurrent acute allergic otitis media of right ear
diagnosis,ICD10,H50.032,H50032,ICD10_H50032,oov,unknown_unmappable,3,1,Monocular esotropia with V pattern of left eye
drg,DRG,MS503,MS503,DRG_MS503,oov,unknown_unmappable,3,3,FOOT PROCEDURES W MCC
diagnosis,ICD10,T82.9XXS,T829XXS,ICD10_T829XXS,oov,unknown_unmappable,3,2,"Complication of intravascular catheter, sequela"
procedure,HCPCS,45937,45937,HCPCS_45937,oov,unknown_unmappable,3,3,"HX ADDUCTOR RELEASE, HIP"
diagnosis,ICD10,S91.114D,S91114D,ICD10_S91114D,oov,unknown_unmappable,3,1,"Laceration of lesser toe of right foot without foreign body present or damage to nail, subsequent encounter"
procedure,HCPCS,45528,45528,HCPCS_45528,oov,unknown_unmappable,3,3,CENTRAL LINE INSERTION
diagnosis,ICD10,M25.251,M25251,ICD10_M25251,oov,unknown_unmappable,3,1,Laxity of right hip
drg,DRG,MS220,MS220,DRG_MS220,oov,unknown_unmappable,3,3,CARDIAC VALVE & OTH MAJ CARDIOTHORACIC PROC W/O CARD CATH W CC
procedure,HCPCS,1272,1272,HCPCS_1272,oov,unknown_unmappable,3,3,AUDITORY EVOKED POTENTIAL
diagnosis,ICD10,H61.113,H61113,ICD10_H61113,oov,unknown_unmappable,3,1,"Acquired deformity of pinna, bilateral"
procedure,HCPCS,46308,46308,HCPCS_46308,oov,unknown_unmappable,3,3,HX HEART TRANSPLANT
diagnosis,ICD10,H50.07,H5007,ICD10_H5007,oov,unknown_unmappable,3,2,Alternating esotropia with V pattern
diagnosis,ICD10,H71.21,H7121,ICD10_H7121,oov,unknown_unmappable,3,1,Cholesteatoma of right middle ear and mastoid
drg,DRG,OMAPR602,OMAPR602,DRG_OMAPR602,oov,unknown_unmappable,3,3,NEONATE BWT 1000-1249G W RESP DIST SYND/OTH MAJ RESP OR MAJ ANOM
diagnosis,ICD10,S52.311A,S52311A,ICD10_S52311A,oov,unknown_unmappable,3,1,"Closed greenstick fracture of shaft of right radius, initial encounter"
medication,RXNORM,3446,3446,RXN_3446,oov,pediatric_absent,3,2,kit for prep Tc-99m/succimer
diagnosis,ICD9,943.00,94300,ICD9_94300,oov,code_version_mismatch,3,2,Burn of unspecified degree of unspecified site of upper limb
diagnosis,ICD10,H61.891,H61891,ICD10_H61891,oov,unknown_unmappable,3,2,Other specified disorders of right external ear
diagnosis,ICD9,764.97,76497,ICD9_76497,oov,code_version_mismatch,3,2,"Unspecified fetal growth retardation, 1,750-1,999 grams"
medication,RXNORM,1310948,1310948,RXN_1310948,oov,pediatric_absent,3,2,calcium carbonate/vitamin D3
medication,RXNORM,1723157,1723157,RXN_1723157,oov,pediatric_absent,3,2,amikacin sulfate
diagnosis,ICD10,E76.211,E76211,ICD10_E76211,oov,unknown_unmappable,3,1,Morquio b mucopolysaccharidoses
drg,DRG,OMAPR241,OMAPR241,DRG_OMAPR241,oov,unknown_unmappable,3,3,PEPTIC ULCER & GASTRITIS
medication,RXNORM,1190570,1190570,RXN_1190570,oov,pediatric_absent,3,3,atropine sulfate
diagnosis,ICD10,S83.003A,S83003A,ICD10_S83003A,oov,unknown_unmappable,3,2,Patellar subluxation
drg,DRG,MS987,MS987,DRG_MS987,oov,unknown_unmappable,3,3,NON-EXTENSIVE O.R. PROC UNRELATED TO PRINCIPAL DIAGNOSIS W MCC
drg,DRG,MS712,MS712,DRG_MS712,oov,unknown_unmappable,3,3,TESTES PROCEDURES W/O CC/MCC
medication,RXNORM,1251194,1251194,RXN_1251194,oov,pediatric_absent,3,2,lactulose
medication,RXNORM,392038,392038,RXN_392038,oov,pediatric_absent,3,3,fluoride (sodium)
diagnosis,ICD9,V21.1,V211,ICD9_V211,oov,code_version_mismatch,3,2,Puberty
diagnosis,ICD10,S52.325A,S52325A,ICD10_S52325A,oov,unknown_unmappable,2,2,"Closed nondisplaced transverse fracture of shaft of left radius, initial encounter"
diagnosis,ICD10,M93.871,M93871,ICD10_M93871,oov,unknown_unmappable,2,1,"Other specified osteochondropathies, right ankle and foot"
diagnosis,ICD10,T38.3X2D,T383X2D,ICD10_T383X2D,oov,unknown_unmappable,2,1,"Insulin overdose, intentional self-harm, subsequent encounter"
diagnosis,ICD10,S00.261A,S00261A,ICD10_S00261A,oov,unknown_unmappable,2,2,"Insect bite (nonvenomous) of right eyelid and periocular area, initial encounter"
diagnosis,ICD10,P74.5,P745,PHE_656.3,oov,pediatric_absent,2,1,Transitory tyrosinemia of newborn
diagnosis,ICD10,H74.93,H7493,ICD10_H7493,oov,unknown_unmappable,2,1,"Unspecified disorder of middle ear and mastoid, bilateral"
diagnosis,ICD9,384.81,38481,PHE_384,oov,pediatric_absent,2,2,Atrophic flaccid tympanic membrane
diagnosis,ICD10,H65.21,H6521,ICD10_H6521,oov,unknown_unmappable,2,1,Right chronic serous otitis media
diagnosis,ICD10,S82.309A,S82309A,ICD10_S82309A,oov,unknown_unmappable,2,2,Fracture of distal end of tibia with fibula
diagnosis,ICD10,S42.209A,S42209A,ICD10_S42209A,oov,unknown_unmappable,2,2,"Fracture of humerus, proximal"
diagnosis,ICD9,V81.5,V815,ICD9_V815,oov,code_version_mismatch,2,1,Screening for nephropathy
diagnosis,ICD10,M99.87,M9987,ICD10_M9987,oov,unknown_unmappable,2,2,Other biomechanical lesions of upper extremity
medication,RXNORM,993770,993770,RXN_993770,oov,pediatric_absent,2,1,acetaminophen with codeine
medication,RXNORM,198641,198641,RXN_198641,oov,pediatric_absent,2,1,folic acid
medication,RXNORM,1809417,1809417,RXN_1809417,oov,pediatric_absent,2,1,"immune glob,gam caprylate(IgG)"
medication,RXNORM,858618,858618,RXN_858618,oov,pediatric_absent,2,1,enalapril maleate/felodipine
medication,RXNORM,1667993,1667993,RXN_1667993,oov,pediatric_absent,2,2,cysteine HCl
medication,RXNORM,861479,861479,RXN_861479,oov,pediatric_absent,2,2,meperidine HCl
diagnosis,ICD9,V21.0,V210,ICD9_V210,oov,code_version_mismatch,2,1,Period of rapid growth in childhood
diagnosis,ICD10,Z13.811,Z13811,ICD10_Z13811,oov,unknown_unmappable,2,1,Encounter for screening for lower gastrointestinal disorder
diagnosis,ICD10,P04.16,P0416,ICD10_P0416,oov,unknown_unmappable,2,2,Newborn affected by maternal use of amphetamines
diagnosis,ICD10,P61.1,P611,PHE_656.5,oov,pediatric_absent,2,2,Polycythemia neonatorum
diagnosis,ICD10,Y92.212,Y92212,ICD10_Y92212,oov,unknown_unmappable,2,2,Middle school as the place of occurrence of the external cause
diagnosis,ICD10,M26.50,M2650,ICD10_M2650,oov,unknown_unmappable,2,1,Abnormal function of face and jaw
diagnosis,ICD10,Q71.40,Q7140,ICD10_Q7140,oov,unknown_unmappable,2,1,Radial agenesis
diagnosis,ICD9,941.24,94124,ICD9_94124,oov,code_version_mismatch,2,1,"Blisters, with epidermal loss due to burn (second degree) of chin"
diagnosis,ICD9,944.35,94435,ICD9_94435,oov,code_version_mismatch,2,2,Full-thickness skin loss due to burn (third degree NOS) of palm of hand
diagnosis,ICD10,P51.9,P519,PHE_656.4,oov,pediatric_absent,2,1,Bleeding from umbilical cord
diagnosis,ICD10,H04.611,H04611,ICD10_H04611,oov,unknown_unmappable,2,1,Lacrimal fistula of right lacrimal passage
diagnosis,ICD10,S56.121D,S56121D,ICD10_S56121D,oov,unknown_unmappable,2,1,"Laceration of flexor muscle, fascia and tendon of right index finger at forearm level, subsequent encounter"
diagnosis,ICD10,S66.120D,S66120D,ICD10_S66120D,oov,unknown_unmappable,2,1,"Laceration of flexor muscle, fascia and tendon of right index finger at wrist and hand level, subsequent encounter"
diagnosis,ICD10,S52.101D,S52101D,ICD10_S52101D,oov,unknown_unmappable,2,1,"Unspecified fracture of upper end of right radius, subsequent encounter for closed fracture with routine healing"
medication,RXNORM,359494,359494,RXN_359494,oov,pediatric_absent,2,1,eletriptan hydrobromide
diagnosis,ICD10,L02.03,L0203,ICD10_L0203,oov,unknown_unmappable,2,1,Carbuncle of face
diagnosis,ICD10,P39.8,P398,PHE_657,oov,pediatric_absent,2,2,Other specified infections specific to the perinatal period
diagnosis,ICD10,T25.322D,T25322D,ICD10_T25322D,oov,unknown_unmappable,2,1,"Burn of third degree of left foot, subsequent encounter"
diagnosis,ICD10,H35.383,H35383,ICD10_H35383,oov,unknown_unmappable,2,1,"Toxic maculopathy, bilateral"
diagnosis,ICD10,P02.78,P0278,ICD10_P0278,oov,unknown_unmappable,2,2,Newborn affected by other conditions from chorioamnionitis
diagnosis,ICD10,S92.412D,S92412D,ICD10_S92412D,oov,unknown_unmappable,2,1,"Displaced fracture of proximal phalanx of left great toe, subsequent encounter for fracture with routine healing"
diagnosis,ICD10,H02.009,H02009,ICD10_H02009,oov,unknown_unmappable,2,1,Entropion of lower eyelid
diagnosis,ICD10,S00.96XA,S0096XA,ICD10_S0096XA,oov,unknown_unmappable,2,2,"Tick bite of head, initial encounter"
diagnosis,ICD10,H04.221,H04221,ICD10_H04221,oov,unknown_unmappable,2,1,"Epiphora due to insufficient drainage, right side"
diagnosis,ICD9,940.1,9401,ICD9_9401,oov,code_version_mismatch,2,1,Other burns of eyelids and periocular area
diagnosis,ICD9,941.17,94117,ICD9_94117,oov,code_version_mismatch,2,1,Erythema due to burn (first degree) of forehead and cheek
diagnosis,ICD10,H92.20,H9220,ICD10_H9220,oov,unknown_unmappable,2,2,"Otorrhagia, unspecified ear"
diagnosis,ICD10,T23.242A,T23242A,ICD10_T23242A,oov,unknown_unmappable,2,1,"Burn of second degree of multiple left fingers (nail), including thumb, initial encounter"
diagnosis,ICD10,S60.552A,S60552A,ICD10_S60552A,oov,unknown_unmappable,2,1,"Foreign body of left hand, initial encounter"
diagnosis,ICD10,S66.129D,S66129D,ICD10_S66129D,oov,unknown_unmappable,2,1,"Laceration of flexor muscle, fascia and tendon of unspecified finger at wrist and hand level, subsequent encounter"
diagnosis,ICD10,S72.444D,S72444D,ICD10_S72444D,oov,unknown_unmappable,2,1,Closed nondisplaced fracture of distal epiphysis of right femur with routine healing
diagnosis,ICD10,M21.952,M21952,ICD10_M21952,oov,unknown_unmappable,2,2,Unspecified acquired deformity of left thigh
diagnosis,ICD9,651.00,65100,ICD9_65100,oov,code_version_mismatch,2,1,"Twin gestation, indeterminate number of placentas and amniotic sacs, unspecified trimester"
medication,RXNORM,1870970,1870970,RXN_1870970,oov,pediatric_absent,2,1,cholecalciferol (vitamin D3)
medication,RXNORM,1790122,1790122,RXN_1790122,oov,pediatric_absent,2,1,perampanel
medication,RXNORM,1012377,1012377,RXN_1012377,oov,pediatric_absent,2,1,bupivacaine HCl/epinephrine
medication,RXNORM,308901,308901,RXN_308901,oov,pediatric_absent,2,1,calcium carbonate
medication,RXNORM,1116320,1116320,RXN_1116320,oov,pediatric_absent,2,1,naproxen sodium
medication,RXNORM,33093,33093,RXN_33093,oov,pediatric_absent,2,2,peppermint oil
diagnosis,ICD10,M93.261,M93261,ICD10_M93261,oov,unknown_unmappable,2,1,"Osteochondritis dissecans, right knee"
diagnosis,ICD10,S14.106D,S14106D,ICD10_S14106D,oov,unknown_unmappable,2,1,"Unspecified injury at c6 level of cervical spinal cord, subsequent encounter"
diagnosis,ICD10,S60.10XA,S6010XA,ICD10_S6010XA,oov,unknown_unmappable,2,2,"Subungual hematoma of digit of hand, initial encounter"
medication,RXNORM,836344,836344,RXN_836344,oov,pediatric_absent,2,2,ipratropium bromide
medication,RXNORM,252430,252430,RXN_252430,oov,pediatric_absent,2,2,magnesium oxide
medication,RXNORM,3320,3320,RXN_3320,oov,pediatric_absent,2,1,"diatrizoate meglumine, sodium"
diagnosis,ICD10,T78.01XD,T7801XD,ICD10_T7801XD,oov,unknown_unmappable,2,1,"Anaphylactic reaction due to peanuts, subsequent encounter"
diagnosis,ICD10,H61.302,H61302,ICD10_H61302,oov,unknown_unmappable,2,1,Stenosis of left external auditory canal
diagnosis,ICD10,T24.302A,T24302A,ICD10_T24302A,oov,unknown_unmappable,2,1,"3rd degree burn of leg, left, initial encounter"
diagnosis,ICD10,T75.89XD,T7589XD,ICD10_T7589XD,oov,unknown_unmappable,2,1,"Other specified effects of external causes, subsequent encounter"
diagnosis,ICD10,S72.391D,S72391D,ICD10_S72391D,oov,unknown_unmappable,2,1,"Other fracture of shaft of right femur, subsequent encounter for closed fracture with routine healing"
medication,RXNORM,791878,791878,RXN_791878,oov,pediatric_absent,2,2,lansoprazole
medication,RXNORM,1311540,1311540,RXN_1311540,oov,pediatric_absent,2,1,hexamethyldisiloxane/acryl-cop
medication,RXNORM,762866,762866,RXN_762866,oov,pediatric_absent,2,1,somatropin
diagnosis,ICD9,E002.8,E0028,ICD9_E0028,oov,code_version_mismatch,2,2,Activities involving water sliding
diagnosis,ICD10,S89.311D,S89311D,ICD10_S89311D,oov,unknown_unmappable,2,2,"Salter-Harris type I physeal fracture of distal end of right fibula with routine healing, subsequent encounter"
diagnosis,ICD9,V77.7,V777,ICD9_V777,oov,code_version_mismatch,2,1,Screening for other inborn errors of metabolism
diagnosis,ICD9,767.11,76711,ICD9_76711,oov,code_version_mismatch,2,1,Epicranial subaponeurotic hemorrhage
diagnosis,ICD10,Q50.39,Q5039,ICD10_Q5039,oov,unknown_unmappable,2,1,Other congenital malformation of ovary
medication,RXNORM,1665517,1665517,RXN_1665517,oov,pediatric_absent,2,2,levofloxacin
medication,RXNORM,198405,198405,RXN_198405,oov,pediatric_absent,2,2,ibuprofen
medication,RXNORM,829500,829500,RXN_829500,oov,pediatric_absent,2,2,mefenamic acid
medication,RXNORM,6873,6873,RXN_6873,oov,pediatric_absent,2,1,prop gly/me-cell/carbomer 934P
diagnosis,ICD10,P71.2,P712,PHE_656.3,oov,pediatric_absent,2,2,Neonatal hypomagnesemia
diagnosis,ICD10,H52.532,H52532,ICD10_H52532,oov,unknown_unmappable,2,1,"Spasm of eye muscle, left"
diagnosis,ICD10,M93.952,M93952,ICD10_M93952,oov,unknown_unmappable,2,1,"Osteochondropathy, unspecified, left thigh"
diagnosis,ICD10,B08.21,B0821,ICD10_B0821,oov,unknown_unmappable,2,1,Roseola infant d/t HHV-6
medication,RXNORM,746803,746803,RXN_746803,oov,pediatric_absent,2,1,mometasone furoate
medication,RXNORM,5956,5956,RXN_5956,oov,pediatric_absent,2,2,iohexol
medication,RXNORM,1922763,1922763,RXN_1922763,oov,pediatric_absent,2,1,sotalol HCl
medication,RXNORM,1310467,1310467,RXN_1310467,oov,pediatric_absent,2,1,creatine monohydrate
medication,RXNORM,617423,617423,RXN_617423,oov,pediatric_absent,2,2,amoxicillin/potassium clav
medication,RXNORM,1087391,1087391,RXN_1087391,oov,pediatric_absent,2,2,tetanus immune globulin/PF
medication,RXNORM,10878,10878,RXN_10878,oov,pediatric_absent,2,2,trypan blue
procedure,HCPCS,46303,46303,HCPCS_46303,oov,unknown_unmappable,2,2,ESOPHAGOSCOPY
procedure,HCPCS,82636,82636,HCPCS_82636,oov,unknown_unmappable,2,2,EPILEPSY SURGERY
procedure,HCPCS,48072,48072,HCPCS_48072,oov,unknown_unmappable,2,2,HX MIDDLE EAR SURGERY
procedure,HCPCS,42758,42758,HCPCS_42758,oov,unknown_unmappable,2,2,SMALL BOWEL RESECTION
procedure,HCPCS,48381,48381,HCPCS_48381,oov,unknown_unmappable,2,2,HX SPINAL FIXATION SURGERY
procedure,HCPCS,42488,42488,HCPCS_42488,oov,unknown_unmappable,2,2,HX LYMPHADENECTOMY
procedure,HCPCS,46797,46797,HCPCS_46797,oov,unknown_unmappable,2,2,APPENDICOSTOMY
procedure,HCPCS,44262,44262,HCPCS_44262,oov,unknown_unmappable,2,2,AIRWAY FOREIGN BODY REMOVAL
procedure,HCPCS,53782,53782,HCPCS_53782,oov,unknown_unmappable,2,2,MANOMETRY/ESOPHAGEAL 91010
procedure,HCPCS,26374,26374,HCPCS_26374,oov,unknown_unmappable,2,2,PR GENERAL ANESTHESIA
procedure,HCPCS,42682,42682,HCPCS_42682,oov,unknown_unmappable,2,2,HX CERVICAL FUSION
procedure,HCPCS,50062,50062,HCPCS_50062,oov,unknown_unmappable,2,2,HX INTERRUPTED AORTIC ARCH REPAIR
procedure,HCPCS,41183,41183,HCPCS_41183,oov,unknown_unmappable,2,2,CERUMEN REMOVAL
procedure,HCPCS,60581,60581,HCPCS_60581,oov,unknown_unmappable,2,2,"CYSTOSCOPY, URETERAL STENT PLACEMENT"
medication,RXNORM,308188,308188,RXN_308188,oov,pediatric_absent,2,2,amoxicillin
procedure,HCPCS,71250,71250,HCPCS_71250,oov,unknown_unmappable,2,2,CT thorax c-matrl
medication,RXNORM,103403,103403,RXN_103403,oov,pediatric_absent,2,1,hydrocortisone
diagnosis,ICD10,S99.921D,S99921D,ICD10_S99921D,oov,unknown_unmappable,2,1,"Unspecified injury of right foot, subsequent encounter"
diagnosis,ICD10,I80.201,I80201,ICD10_I80201,oov,unknown_unmappable,2,1,Deep vein thrombophlebitis of right leg
diagnosis,ICD10,T23.272D,T23272D,ICD10_T23272D,oov,unknown_unmappable,2,1,"Burn, wrist, second degree, left, subsequent encounter"
diagnosis,ICD10,Z30.012,Z30012,ICD10_Z30012,oov,unknown_unmappable,2,2,Encounter for prescription of emergency contraception
diagnosis,ICD10,S99.121D,S99121D,ICD10_S99121D,oov,unknown_unmappable,2,1,"Closed Salter-Harris type II physeal fracture of first metatarsal bone of right foot with routine healing, subsequent encounter"
diagnosis,ICD10,H35.019,H35019,ICD10_H35019,oov,unknown_unmappable,2,2,"Changes in retinal vascular appearance, unspecified eye"
medication,RXNORM,1111106,1111106,RXN_1111106,oov,pediatric_absent,2,2,fidaxomicin
diagnosis,ICD10,S52.221D,S52221D,ICD10_S52221D,oov,unknown_unmappable,2,2,"Displaced transverse fracture of shaft of right ulna, subsequent encounter for closed fracture with routine healing"
diagnosis,ICD10,H26.011,H26011,ICD10_H26011,oov,unknown_unmappable,2,1,"Infantile and juvenile cortical, lamellar, or zonular cataract, right eye"
diagnosis,ICD10,H65.115,H65115,ICD10_H65115,oov,unknown_unmappable,2,2,Recurrent acute allergic otitis media of left ear
diagnosis,ICD10,S62.618D,S62618D,ICD10_S62618D,oov,unknown_unmappable,2,1,"Displaced fracture of proximal phalanx of other finger, subsequent encounter for fracture with routine healing"
diagnosis,ICD10,S59.291A,S59291A,ICD10_S59291A,oov,unknown_unmappable,2,2,"Other physeal fracture of lower end of radius, right arm, initial encounter for closed fracture"
diagnosis,ICD10,S02.81XK,S0281XK,ICD10_S0281XK,oov,unknown_unmappable,2,1,"Fracture of other specified skull and facial bones, right side, subsequent encounter for fracture with nonunion"
medication,RXNORM,966413,966413,RXN_966413,oov,pediatric_absent,2,1,levothyroxine sodium
medication,RXNORM,283641,283641,RXN_283641,oov,pediatric_absent,2,2,famotidine/Ca carb/mag hydrox
diagnosis,ICD10,H71.93,H7193,ICD10_H7193,oov,unknown_unmappable,2,1,"Unspecified cholesteatoma, bilateral"
diagnosis,ICD10,W49.04XA,W4904XA,ICD10_W4904XA,oov,unknown_unmappable,2,2,"Ring or other jewelry causing external constriction, initial encounter"
diagnosis,ICD9,765.11,76511,ICD9_76511,oov,code_version_mismatch,2,2,"Other preterm infants, less than 500 grams(765.11)"
medication,RXNORM,1310468,1310468,RXN_1310468,oov,pediatric_absent,2,1,gum mastic/storax/msal/alcohol
diagnosis,ICD10,S62.639A,S62639A,ICD10_S62639A,oov,unknown_unmappable,2,2,Closed fracture of tuft of distal phalanx of finger
diagnosis,ICD10,S72.342D,S72342D,ICD10_S72342D,oov,unknown_unmappable,2,1,"Displaced spiral fracture of shaft of left femur, subsequent encounter for closed fracture with routine healing"
diagnosis,ICD10,T78.09XD,T7809XD,ICD10_T7809XD,oov,unknown_unmappable,2,1,"Anaphylactic reaction due to other food products, subsequent encounter"
diagnosis,ICD10,S82.162A,S82162A,ICD10_S82162A,oov,unknown_unmappable,2,1,"Torus fracture of upper end of left tibia, initial encounter for closed fracture"
diagnosis,ICD10,D56.5,D565,ICD10_D565,oov,unknown_unmappable,2,1,Hemoglobin E-beta thalassemia
diagnosis,ICD9,942.25,94225,ICD9_94225,oov,code_version_mismatch,2,1,"Burn of genitalia, second degree"
diagnosis,ICD9,V76.0,V760,ICD9_V760,oov,code_version_mismatch,2,1,Special screening for malignant neoplasm of the respiratory organs
diagnosis,ICD9,995.50,99550,ICD9_99550,oov,code_version_mismatch,2,2,Child abuse
diagnosis,ICD10,S27.9XXA,S279XXA,ICD10_S279XXA,oov,unknown_unmappable,2,1,"Airway trauma, initial encounter"
diagnosis,ICD10,V00.09XA,V0009XA,ICD10_V0009XA,oov,unknown_unmappable,2,1,Pedestrian injured in collision with pedestrian conveyance
diagnosis,ICD10,T23.242D,T23242D,ICD10_T23242D,oov,unknown_unmappable,2,1,"Burn of second degree of multiple left fingers (nail), including thumb, subsequent encounter"
diagnosis,ICD10,H10.412,H10412,ICD10_H10412,oov,unknown_unmappable,2,1,"Chronic giant papillary conjunctivitis, left eye"
diagnosis,ICD10,S79.919A,S79919A,ICD10_S79919A,oov,unknown_unmappable,2,1,Hip injury
diagnosis,ICD10,S49.121D,S49121D,ICD10_S49121D,oov,unknown_unmappable,2,1,"Salter-harris type ii physeal fracture of lower end of humerus, right arm, subsequent encounter for fracture with routine healing"
diagnosis,ICD10,S52.552D,S52552D,ICD10_S52552D,oov,unknown_unmappable,2,1,"Other extraarticular fracture of lower end of left radius, subsequent encounter for closed fracture with routine healing"
diagnosis,ICD10,S62.666D,S62666D,ICD10_S62666D,oov,unknown_unmappable,2,1,"Nondisplaced fracture of distal phalanx of right little finger, subsequent encounter for fracture with routine healing"
medication,RXNORM,1358610,1358610,RXN_1358610,oov,pediatric_absent,2,2,methylprednisolone acetate
diagnosis,ICD10,M84.374D,M84374D,ICD10_M84374D,oov,unknown_unmappable,2,1,"Stress fracture of right foot with routine healing, subsequent encounter"
medication,RXNORM,17305,17305,RXN_17305,oov,pediatric_absent,2,1,calcium alginate/honey
medication,RXNORM,904415,904415,RXN_904415,oov,pediatric_absent,2,1,nalbuphine HCl
diagnosis,ICD10,T20.03XA,T2003XA,ICD10_T2003XA,oov,unknown_unmappable,2,1,"Burn of chin, unspecified burn degree, initial encounter"
diagnosis,ICD10,B08.20,B0820,ICD10_B0820,oov,unknown_unmappable,2,1,"Exanthema subitum (sixth disease), unspecified"
diagnosis,ICD10,S71.102D,S71102D,ICD10_S71102D,oov,unknown_unmappable,2,1,"Unspecified open wound, left thigh, subsequent encounter"
medication,RXNORM,847187,847187,RXN_847187,oov,pediatric_absent,2,1,insulin NPH hum/reg insulin hm
medication,RXNORM,1147378,1147378,RXN_1147378,oov,pediatric_absent,2,2,L. acidophilus/Lactobac spor
medication,RXNORM,1358762,1358762,RXN_1358762,oov,pediatric_absent,2,1,norethindrone ac-eth estradiol
medication,RXNORM,248288,248288,RXN_248288,oov,pediatric_absent,2,2,somatropin
medication,RXNORM,310324,310324,RXN_310324,oov,pediatric_absent,2,1,ferrous sulfate
diagnosis,ICD10,M24.849,M24849,ICD10_M24849,oov,unknown_unmappable,2,1,"Other specific joint derangements of unspecified hand, not elsewhere classified"
diagnosis,ICD10,P04.1,P041,ICD10_P041,oov,unknown_unmappable,2,2,Newborn affected by other maternal medication
diagnosis,ICD10,S30.202A,S30202A,ICD10_S30202A,oov,unknown_unmappable,2,1,"Contusion of unspecified external genital organ, female, initial encounter"
diagnosis,ICD10,H01.136,H01136,ICD10_H01136,oov,unknown_unmappable,2,1,Eczema of left eyelid
diagnosis,ICD10,V09.3XXA,V093XXA,ICD10_V093XXA,oov,unknown_unmappable,2,1,"Pedestrian injured in traffic accident, initial encounter"
diagnosis,ICD10,M21.241,M21241,ICD10_M21241,oov,unknown_unmappable,2,1,"Flexion deformity, right finger joints"
medication,RXNORM,798297,798297,RXN_798297,oov,pediatric_absent,2,1,"rotavirus vaccine,live oral pv"
medication,RXNORM,476827,476827,RXN_476827,oov,pediatric_absent,2,1,sennosides
medication,RXNORM,198252,198252,RXN_198252,oov,pediatric_absent,2,1,tetracycline HCl
medication,RXNORM,686403,686403,RXN_686403,oov,pediatric_absent,2,2,"dimethic/zinc ox/vits A,D/aloe"
medication,RXNORM,1369783,1369783,RXN_1369783,oov,pediatric_absent,2,1,baclofen
medication,RXNORM,259581,259581,RXN_259581,oov,pediatric_absent,2,1,peg 400/hypromellose/glycerin
procedure,HCPCS,68300,68300,HCPCS_68300,oov,unknown_unmappable,2,2,EGD W OR W/O BX
procedure,HCPCS,65661,65661,HCPCS_65661,oov,unknown_unmappable,2,2,HX PULSE DYE LASER
procedure,HCPCS,42526,42526,HCPCS_42526,oov,unknown_unmappable,2,2,HX TYMPANOMASTOIDECTOMY
procedure,HCPCS,48168,48168,HCPCS_48168,oov,unknown_unmappable,2,2,HX TRANSPOSITION OF GREAT VESSELS REPAIR
procedure,HCPCS,7499,7499,HCPCS_7499,oov,unknown_unmappable,2,2,"PR ANESTH,OPEN HEART SURGERY+PUMP"
procedure,HCPCS,50146,50146,HCPCS_50146,oov,unknown_unmappable,2,2,"HX SHUNT, CENTRAL AORTA TO PULMONARY ARTERY"
procedure,HCPCS,50050,50050,HCPCS_50050,oov,unknown_unmappable,2,2,"HX FONTAN, TCPC, LATERAL TUNNEL, FENESTRATED"
procedure,HCPCS,15099,15099,HCPCS_15099,oov,unknown_unmappable,2,2,"PR REPAIR ING HERNIA,6MO-5YR,REDUC"
procedure,HCPCS,47575,47575,HCPCS_47575,oov,unknown_unmappable,2,2,HX INCISIONAL HERNIA REPAIR
procedure,HCPCS,46403,46403,HCPCS_46403,oov,unknown_unmappable,2,2,HX KASAI PROCEDURE
procedure,HCPCS,66005,66005,HCPCS_66005,oov,unknown_unmappable,2,2,"BALLOON ATRIAL SEPTOSTOMY (INCL. CATH), COMPLEX"
procedure,HCPCS,59760,59760,HCPCS_59760,oov,unknown_unmappable,2,2,GJ CHANGE
procedure,HCPCS,48101,48101,HCPCS_48101,oov,unknown_unmappable,2,2,HX PILONIDAL CYST EXCISION
procedure,HCPCS,47588,47588,HCPCS_47588,oov,unknown_unmappable,2,2,HX VENTRICULOPERITONEAL SHUNT
procedure,HCPCS,50180,50180,HCPCS_50180,oov,unknown_unmappable,2,2,HX VATS (VIDEO-ASSISTED THORACOSCOPIC SURGERY
procedure,HCPCS,50042,50042,HCPCS_50042,oov,unknown_unmappable,2,2,"HX FONTAN, OTHER"
procedure,HCPCS,49950,49950,HCPCS_49950,oov,unknown_unmappable,2,2,"HX PFO, PRIMARY CLOSURE"
procedure,HCPCS,50166,50166,HCPCS_50166,oov,unknown_unmappable,2,2,"HX TOF REPAIR, NO VENTRICULOTOMY"
medication,RXNORM,905458,905458,RXN_905458,oov,pediatric_absent,2,1,levothyroxine sodium
medication,RXNORM,314113,314113,RXN_314113,oov,pediatric_absent,2,1,magnesium oxide
medication,RXNORM,1436239,1436239,RXN_1436239,oov,pediatric_absent,2,2,topiramate
diagnosis,ICD10,Z13.818,Z13818,ICD10_Z13818,oov,unknown_unmappable,2,1,Encounter for screening for other digestive system disorders
diagnosis,ICD10,M25.879,M25879,ICD10_M25879,oov,unknown_unmappable,2,1,Decreased proprioception of joint of foot
diagnosis,ICD10,M67.872,M67872,ICD10_M67872,oov,unknown_unmappable,2,1,"Other specified disorders of synovium, left ankle and foot"
diagnosis,ICD10,S62.663A,S62663A,ICD10_S62663A,oov,unknown_unmappable,2,1,"Closed nondisplaced fracture of distal phalanx of left middle finger, initial encounter"
diagnosis,ICD10,V49.59XD,V4959XD,ICD10_V4959XD,oov,unknown_unmappable,2,1,"Passenger injured in collision with other motor vehicles in traffic accident, subsequent encounter"
diagnosis,ICD10,T69.8XXA,T698XXA,ICD10_T698XXA,oov,unknown_unmappable,2,1,"Chapped skin, initial encounter"
diagnosis,ICD10,F40.228,F40228,ICD10_F40228,oov,unknown_unmappable,2,1,Phobia to darkness or night
medication,RXNORM,1191126,1191126,RXN_1191126,oov,pediatric_absent,2,1,edrophonium chloride
diagnosis,ICD10,M25.252,M25252,ICD10_M25252,oov,unknown_unmappable,2,1,Laxity of left hip
diagnosis,ICD10,S92.414D,S92414D,ICD10_S92414D,oov,unknown_unmappable,2,1,"Nondisplaced fracture of proximal phalanx of right great toe, subsequent encounter for fracture with routine healing"
diagnosis,ICD10,H26.053,H26053,ICD10_H26053,oov,unknown_unmappable,2,1,Juvenile posterior subcapsular polar cataract of both eyes
diagnosis,ICD10,H05.122,H05122,ICD10_H05122,oov,unknown_unmappable,2,1,Orbital myositis of left side
diagnosis,ICD10,T18.9XXS,T189XXS,ICD10_T189XXS,oov,unknown_unmappable,2,1,"Bezoar, sequela"
diagnosis,ICD10,S04.31XS,S0431XS,ICD10_S0431XS,oov,unknown_unmappable,2,1,"Injury of right trigeminal nerve, sequela"
diagnosis,ICD10,P28.19,P2819,ICD10_P2819,oov,unknown_unmappable,2,2,Other atelectasis of newborn
medication,RXNORM,283417,283417,RXN_283417,oov,pediatric_absent,2,1,benzonatate
medication,RXNORM,2062,2062,RXN_2062,oov,pediatric_absent,2,2,e-lytes/carboxymethylcellulose
medication,RXNORM,1148399,1148399,RXN_1148399,oov,pediatric_absent,2,1,acetaminophen
diagnosis,ICD10,S91.011D,S91011D,ICD10_S91011D,oov,unknown_unmappable,2,1,"Laceration of right ankle, subsequent encounter"
diagnosis,ICD10,P04.14,P0414,ICD10_P0414,oov,unknown_unmappable,2,2,Newborn affected by maternal use of opiates
diagnosis,ICD10,S92.532D,S92532D,ICD10_S92532D,oov,unknown_unmappable,2,1,"Displaced fracture of distal phalanx of left lesser toe(s), subsequent encounter for fracture with routine healing"
diagnosis,ICD9,V53.90,V5390,ICD9_V5390,oov,code_version_mismatch,2,1,Fitting and adjustment of unspecified device
diagnosis,ICD10,S62.502D,S62502D,ICD10_S62502D,oov,unknown_unmappable,2,1,"Fracture of unspecified phalanx of left thumb, subsequent encounter for fracture with routine healing"
medication,RXNORM,1652673,1652673,RXN_1652673,oov,pediatric_absent,2,1,doxycycline monohydrate
medication,RXNORM,995192,995192,RXN_995192,oov,pediatric_absent,2,2,pramoxine HCl/min oil/zinc ox
medication,RXNORM,799038,799038,RXN_799038,oov,pediatric_absent,2,2,ciclesonide
medication,RXNORM,351155,351155,RXN_351155,oov,pediatric_absent,2,1,urea
medication,RXNORM,730955,730955,RXN_730955,oov,pediatric_absent,2,1,"sodium phosphate,mono-dibasic"
medication,RXNORM,1789947,1789947,RXN_1789947,oov,pediatric_absent,2,2,papaverine HCl
diagnosis,ICD10,S82.409D,S82409D,ICD10_S82409D,oov,unknown_unmappable,2,1,"Tibia/fibula fracture, unspecified laterality, closed, with routine healing, subsequent encounter"
diagnosis,ICD10,S62.329A,S62329A,ICD10_S62329A,oov,unknown_unmappable,2,1,"Closed avulsion fracture of shaft of metacarpal bone, initial encounter"
diagnosis,ICD10,T23.052D,T23052D,ICD10_T23052D,oov,unknown_unmappable,2,1,"Burn of unspecified degree of left palm, subsequent encounter"
diagnosis,ICD10,L20.81,L2081,ICD10_L2081,oov,unknown_unmappable,2,1,Atopic neurodermatitis
diagnosis,ICD10,M21.959,M21959,ICD10_M21959,oov,unknown_unmappable,2,1,Hip deformity
diagnosis,ICD10,H73.90,H7390,ICD10_H7390,oov,unknown_unmappable,2,2,"Abnormal tympanic membrane, unspecified laterality"
diagnosis,ICD10,G25.61,G2561,ICD10_G2561,oov,unknown_unmappable,2,1,"Tics, drug-induced"
diagnosis,ICD10,S09.8XXD,S098XXD,ICD10_S098XXD,oov,unknown_unmappable,2,2,"Other specified injuries of head, subsequent encounter"
medication,RXNORM,1995461,1995461,RXN_1995461,oov,pediatric_absent,2,1,methylphenidate HCl
medication,RXNORM,1441527,1441527,RXN_1441527,oov,pediatric_absent,2,1,tocilizumab
diagnosis,ICD9,760.0,7600,ICD9_7600,oov,code_version_mismatch,2,2,Fetus or newborn affected by maternal hypertensive disorders
diagnosis,ICD10,H04.531,H04531,ICD10_H04531,oov,unknown_unmappable,2,2,Neonatal obstruction of right nasolacrimal duct
diagnosis,ICD9,944.05,94405,ICD9_94405,oov,code_version_mismatch,2,1,Burn of unspecified degree of palm of hand
diagnosis,ICD9,768.72,76872,ICD9_76872,oov,code_version_mismatch,2,2,"Hie (hypoxic-ischemic encephalopathy), moderate"
diagnosis,ICD10,S62.633D,S62633D,ICD10_S62633D,oov,unknown_unmappable,2,1,"Displaced fracture of distal phalanx of left middle finger, subsequent encounter for fracture with routine healing"
diagnosis,ICD9,772.2,7722,PHE_656.4,oov,pediatric_absent,2,1,Fetal and neonatal subarachnoid hemorrhage of newborn
medication,RXNORM,1433734,1433734,RXN_1433734,oov,pediatric_absent,2,1,naftifine HCl
medication,RXNORM,1248057,1248057,RXN_1248057,oov,pediatric_absent,2,1,phenylephrine HCl/prometh HCl
medication,RXNORM,309081,309081,RXN_309081,oov,pediatric_absent,2,2,cefprozil
medication,RXNORM,1873729,1873729,RXN_1873729,oov,pediatric_absent,2,1,Lactobacillus acidophilus
medication,RXNORM,359385,359385,RXN_359385,oov,pediatric_absent,2,1,clarithromycin
diagnosis,ICD10,T74.32XD,T7432XD,ICD10_T7432XD,oov,unknown_unmappable,2,1,"Problem with child being bullied, subsequent encounter"
diagnosis,ICD10,M08.99,M0899,ICD10_M0899,oov,unknown_unmappable,2,1,"Juvenile arthritis, unspecified, multiple sites"
diagnosis,ICD10,P78.0,P780,PHE_656.6,oov,pediatric_absent,2,2,Perinatal intestinal perforation
diagnosis,ICD10,S61.209A,S61209A,ICD10_S61209A,oov,unknown_unmappable,2,2,"Avulsion of finger tip, initial encounter"
diagnosis,ICD10,M80.862D,M80862D,ICD10_M80862D,oov,unknown_unmappable,2,2,"Other osteoporosis with current pathological fracture, left lower leg, subsequent encounter for fracture with routine healing"
diagnosis,ICD10,Z01.21,Z0121,ICD10_Z0121,oov,unknown_unmappable,2,1,Encounter for dental examination and cleaning with abnormal findings
diagnosis,ICD10,O09.30,O0930,ICD10_O0930,oov,unknown_unmappable,2,1,Prenatal care insufficient
diagnosis,ICD10,T23.051D,T23051D,ICD10_T23051D,oov,unknown_unmappable,2,1,"Burn of unspecified degree of right palm, subsequent encounter"
diagnosis,ICD10,X15.8XXD,X158XXD,ICD10_X158XXD,oov,unknown_unmappable,2,1,"Contact with other hot household appliances, subsequent encounter"
diagnosis,ICD10,H65.30,H6530,ICD10_H6530,oov,unknown_unmappable,2,2,"Chronic mucoid otitis media, unspecified laterality"
medication,RXNORM,828365,828365,RXN_828365,oov,pediatric_absent,2,2,pramoxine HCl
medication,RXNORM,1012015,1012015,RXN_1012015,oov,pediatric_absent,2,2,sulfacetamide/prednisolone
medication,RXNORM,1739837,1739837,RXN_1739837,oov,pediatric_absent,2,1,amphetamine
medication,RXNORM,1796444,1796444,RXN_1796444,oov,pediatric_absent,2,2,methylbenzethonium chloride
procedure,HCPCS,48314,48314,HCPCS_48314,oov,unknown_unmappable,2,2,HX HIP OSTEOTOMY
procedure,HCPCS,44215,44215,HCPCS_44215,oov,unknown_unmappable,2,2,INGUINAL HERNIA REDUCTION
procedure,HCPCS,61010,61010,HCPCS_61010,oov,unknown_unmappable,2,2,MANOMETRY - ESOPHAGEAL
procedure,HCPCS,40697,40697,HCPCS_40697,oov,unknown_unmappable,2,2,EAR EXAM
procedure,HCPCS,18210,18210,HCPCS_18210,oov,unknown_unmappable,2,2,"PR INCISION EARDRUM,ASPIR,GEN ANESTH"
procedure,HCPCS,50168,50168,HCPCS_50168,oov,unknown_unmappable,2,2,"HX TOF REPAIR, RV-PA CONDUIT"
procedure,HCPCS,13931,13931,HCPCS_13931,oov,unknown_unmappable,2,2,"PR REMOVAL ADENOIDS,SECOND,12+ Y/O"
diagnosis,ICD10,S52.202S,S52202S,ICD10_S52202S,oov,unknown_unmappable,2,1,"Closed fracture of left radius and ulna, sequela"
diagnosis,ICD10,D23.11,D2311,ICD10_D2311,oov,unknown_unmappable,2,1,"Other benign neoplasm of skin of right eyelid, including canthus"
diagnosis,ICD10,O30.193,O30193,ICD10_O30193,oov,unknown_unmappable,2,1,"Triplet gestation in third trimester, unable to determine number of placenta and number of amniotic sacs"
diagnosis,ICD10,S82.153A,S82153A,ICD10_S82153A,oov,unknown_unmappable,2,1,Avulsion fracture of tibial tuberosity
diagnosis,ICD9,943.09,94309,ICD9_94309,oov,code_version_mismatch,2,1,"Burn of unspecified degree multiple sites of upper limb, except wrist and hand"
diagnosis,ICD10,W49.01XA,W4901XA,ICD10_W4901XA,oov,unknown_unmappable,2,1,"Hair causing external constriction, initial encounter"
diagnosis,ICD10,Z30.49,Z3049,ICD10_Z3049,oov,unknown_unmappable,2,1,Encounter for surveillance of other contraceptives
diagnosis,ICD10,S52.522D,S52522D,ICD10_S52522D,oov,unknown_unmappable,2,1,"Torus fracture of lower end of left radius, subsequent encounter for fracture with routine healing"
diagnosis,ICD10,Q93.2,Q932,ICD10_Q932,oov,unknown_unmappable,2,1,"Chromosome replaced with ring, dicentric or isochromosome"
diagnosis,ICD9,V81.0,V810,ICD9_V810,oov,code_version_mismatch,2,1,Screening for ischemic heart disease
diagnosis,ICD10,S52.621A,S52621A,ICD10_S52621A,oov,unknown_unmappable,2,1,"Torus fracture of lower end of right ulna, initial encounter for closed fracture"
diagnosis,ICD9,765.05,76505,ICD9_76505,oov,code_version_mismatch,2,2,"Extreme fetal immaturity, 1,250-1,499 grams"
diagnosis,ICD10,S52.222D,S52222D,ICD10_S52222D,oov,unknown_unmappable,2,1,"Displaced transverse fracture of shaft of left ulna, subsequent encounter for closed fracture with routine healing"
diagnosis,ICD10,S20.371A,S20371A,ICD10_S20371A,oov,unknown_unmappable,2,1,"Other superficial bite of right front wall of thorax, initial encounter"
diagnosis,ICD10,H54.50,H5450,ICD10_H5450,oov,unknown_unmappable,2,1,"Blindness, left eye, low vision right eye"
diagnosis,ICD10,M00.20,M0020,ICD10_M0020,oov,unknown_unmappable,2,1,"Other streptococcal arthritis, unspecified joint"
diagnosis,ICD10,A52.11,A5211,ICD10_A5211,oov,unknown_unmappable,2,1,Duchenne's disease
diagnosis,ICD10,S79.911D,S79911D,ICD10_S79911D,oov,unknown_unmappable,2,1,"Unspecified injury of right hip, subsequent encounter"
diagnosis,ICD10,S62.336D,S62336D,ICD10_S62336D,oov,unknown_unmappable,2,1,"Displaced fracture of neck of fifth metacarpal bone, right hand, subsequent encounter for fracture with routine healing"
diagnosis,ICD10,S72.325D,S72325D,ICD10_S72325D,oov,unknown_unmappable,2,1,"Closed nondisplaced transverse fracture of shaft of left femur with routine healing, subsequent encounter"
diagnosis,ICD10,S01.312D,S01312D,ICD10_S01312D,oov,unknown_unmappable,2,1,"Laceration without foreign body of left ear, subsequent encounter"
diagnosis,ICD10,M08.861,M08861,ICD10_M08861,oov,unknown_unmappable,2,1,"Other juvenile arthritis, right knee"
diagnosis,ICD10,M08.89,M0889,ICD10_M0889,oov,unknown_unmappable,2,1,"Other juvenile arthritis, multiple sites"
diagnosis,ICD10,H47.319,H47319,ICD10_H47319,oov,unknown_unmappable,2,1,"Coloboma of optic disc, unspecified eye"
diagnosis,ICD10,H11.132,H11132,ICD10_H11132,oov,unknown_unmappable,2,1,"Melanosis of conjunctiva, left"
diagnosis,ICD10,H01.119,H01119,ICD10_H01119,oov,unknown_unmappable,2,2,"Allergic dermatitis of eyelid, unspecified laterality"
diagnosis,ICD10,S11.93XS,S1193XS,ICD10_S1193XS,oov,unknown_unmappable,2,1,"Gunshot wound of neck, sequela"
medication,RXNORM,1049143,1049143,RXN_1049143,oov,pediatric_absent,2,2,pseudoephedrine HCl
medication,RXNORM,1658149,1658149,RXN_1658149,oov,pediatric_absent,2,2,hepatitis B virus vaccine/PF
medication,RXNORM,198108,198108,RXN_198108,oov,pediatric_absent,2,1,piroxicam
diagnosis,ICD9,V49.0,V490,ICD9_V490,oov,code_version_mismatch,2,1,Deficiencies of limbs
diagnosis,ICD10,P61.6,P616,PHE_656.5,oov,pediatric_absent,2,2,Other transient neonatal disorders of coagulation
diagnosis,ICD10,S63.004D,S63004D,ICD10_S63004D,oov,unknown_unmappable,2,1,"Unspecified dislocation of right wrist and hand, subsequent encounter"
diagnosis,ICD10,T23.052A,T23052A,ICD10_T23052A,oov,unknown_unmappable,2,1,"Burn of unspecified degree of left palm, initial encounter"
diagnosis,ICD9,945.01,94501,ICD9_94501,oov,code_version_mismatch,2,1,Burn of unspecified degree of toe(s) (nail)
diagnosis,ICD10,E71.310,E71310,ICD10_E71310,oov,unknown_unmappable,2,1,Long chain/very long chain acyl CoA dehydrogenase deficiency
diagnosis,ICD10,Z11.2,Z112,ICD10_Z112,oov,unknown_unmappable,2,2,Encounter for screening for other bacterial diseases
diagnosis,ICD10,P60,P60,PHE_656.5,oov,pediatric_absent,2,2,Disseminated intravascular coagulation of newborn
diagnosis,ICD10,T78.2XXD,T782XXD,ICD10_T782XXD,oov,unknown_unmappable,2,2,"Anaphylactic reaction, subsequent encounter"
medication,RXNORM,36676,36676,RXN_36676,oov,pediatric_absent,2,2,sod bic/ginger/fennel/chamom
medication,RXNORM,403849,403849,RXN_403849,oov,pediatric_absent,2,1,"estrogens, conjugated"
medication,RXNORM,1234581,1234581,RXN_1234581,oov,pediatric_absent,2,2,phenylephrine HCl
medication,RXNORM,1014571,1014571,RXN_1014571,oov,pediatric_absent,2,2,cetirizine HCl/pseudoephedrine
diagnosis,ICD9,V72.61,V7261,ICD9_V7261,oov,code_version_mismatch,2,1,Antibody response examination
diagnosis,ICD10,H46.03,H4603,ICD10_H4603,oov,unknown_unmappable,2,1,Optic papillitis of both eyes
diagnosis,ICD10,P92.1,P921,PHE_656.3,oov,pediatric_absent,2,2,Spitting up newborn
diagnosis,ICD10,T86.91,T8691,ICD10_T8691,oov,unknown_unmappable,2,2,Transplant rejection
diagnosis,ICD10,H02.055,H02055,ICD10_H02055,oov,unknown_unmappable,2,1,Trichiasis of left lower eyelid
medication,RXNORM,608813,608813,RXN_608813,oov,pediatric_absent,2,1,lanolin
medication,RXNORM,832910,832910,RXN_832910,oov,pediatric_absent,2,2,calcium carbonate/vitamin D3
medication,RXNORM,1046985,1046985,RXN_1046985,oov,pediatric_absent,2,2,hyoscyamine sulfate
medication,RXNORM,314135,314135,RXN_314135,oov,pediatric_absent,2,2,naratriptan HCl
diagnosis,ICD10,P52.4,P524,ICD10_P524,oov,unknown_unmappable,2,2,Intracerebral (nontraumatic) hemorrhage of newborn
diagnosis,ICD10,S20.359A,S20359A,ICD10_S20359A,oov,unknown_unmappable,2,1,Foreign body of chest wall
diagnosis,ICD10,Q72.50,Q7250,ICD10_Q7250,oov,unknown_unmappable,2,1,Tibial hemimelia
diagnosis,ICD10,T23.302D,T23302D,ICD10_T23302D,oov,unknown_unmappable,2,1,"Burn of third degree of left hand, unspecified site, subsequent encounter"
medication,RXNORM,728227,728227,RXN_728227,oov,pediatric_absent,2,1,iron polysaccharide complex
medication,RXNORM,2170245,2170245,RXN_2170245,oov,pediatric_absent,2,1,onasemnogene abeparvovec-xioi
medication,RXNORM,1375379,1375379,RXN_1375379,oov,pediatric_absent,2,1,"iron,carbonyl/ascorbic acid"
medication,RXNORM,1116750,1116750,RXN_1116750,oov,pediatric_absent,2,1,Influenza TVS 10-11 Vaccine/PF
procedure,HCPCS,55602,55602,HCPCS_55602,oov,unknown_unmappable,2,2,"HX HIP OSTEOTOMY, WITH FEMORAL OSTEOTOMY"
procedure,HCPCS,48047,48047,HCPCS_48047,oov,unknown_unmappable,2,2,KIDNEY SURGERY
procedure,HCPCS,65484,65484,HCPCS_65484,oov,unknown_unmappable,2,2,"LYSIS OR EXC OF PENILE ADHESIONS, POST CIRC"
procedure,HCPCS,43706,43706,HCPCS_43706,oov,unknown_unmappable,2,2,FL NJ TUBE PLACEMENT
procedure,HCPCS,43054,43054,HCPCS_43054,oov,unknown_unmappable,2,2,MR HEAD WITHOUT THEN WITH CONTRAST
procedure,HCPCS,131701,131701,HCPCS_131701,oov,unknown_unmappable,2,2,PR REMOVAL IMPACTED CERUMEN INSTRUMENTATION UNILAT
procedure,HCPCS,50034,50034,HCPCS_50034,oov,unknown_unmappable,2,2,HX ECMO PROCEDURE
procedure,HCPCS,58902,58902,HCPCS_58902,oov,unknown_unmappable,2,2,CHEST TUBE INSERTION
procedure,HCPCS,45964,45964,HCPCS_45964,oov,unknown_unmappable,2,2,CUTANEOUS APPENDICOVESICOSTOMY
procedure,HCPCS,15848,15848,HCPCS_15848,oov,unknown_unmappable,2,2,"PR HYPOSPADIUS REPAIR,1ST STAGE"
procedure,HCPCS,48156,48156,HCPCS_48156,oov,unknown_unmappable,2,2,HX THROAT SURGERY
procedure,HCPCS,11987,11987,HCPCS_11987,oov,unknown_unmappable,2,2,"PR LARYNGOSCOPY,DIRECT,SCOPE,INJ CORDS"
procedure,HCPCS,48078,48078,HCPCS_48078,oov,unknown_unmappable,2,2,HX NECK SURGERY
procedure,HCPCS,87528,87528,HCPCS_87528,oov,unknown_unmappable,2,2,"BRAIN (INCL BRAIN STEM), W/ & W/O CONTRAST"
procedure,HCPCS,47803,47803,HCPCS_47803,oov,unknown_unmappable,2,2,HX PROBE NASOLACRIMAL DUCT
procedure,HCPCS,1218,1218,HCPCS_1218,oov,unknown_unmappable,2,2,EEG
procedure,HCPCS,90410,90410,HCPCS_90410,oov,unknown_unmappable,2,2,MR KNEE LEFT WITHOUT CONTRAST
procedure,HCPCS,48429,48429,HCPCS_48429,oov,unknown_unmappable,2,2,HX SLEEVE GASTROPLASTY
procedure,HCPCS,44274,44274,HCPCS_44274,oov,unknown_unmappable,2,2,CENTRAL LINE PLACEMENT
procedure,HCPCS,82612,82612,HCPCS_82612,oov,unknown_unmappable,2,2,CRANIAL CSF SHUNT (REVISION)
procedure,HCPCS,45981,45981,HCPCS_45981,oov,unknown_unmappable,2,2,HX SUB-OCCIPITAL DECOMPRESSION
procedure,HCPCS,71088,71088,HCPCS_71088,oov,unknown_unmappable,2,2,EGD W/BIOP PNL
procedure,HCPCS,42688,42688,HCPCS_42688,oov,unknown_unmappable,2,2,HX ACL RECONSTRUCTION
procedure,HCPCS,46298,46298,HCPCS_46298,oov,unknown_unmappable,2,2,HX CHEST TUBE
procedure,HCPCS,42664,42664,HCPCS_42664,oov,unknown_unmappable,2,2,HX REFR1 SURGERY
procedure,HCPCS,98991,98991,HCPCS_98991,oov,unknown_unmappable,2,2,"PORT, INDWELLING (IMPLANTABLE)"
procedure,HCPCS,47877,47877,HCPCS_47877,oov,unknown_unmappable,2,2,HX CUTANEOUS VESICOSTOMY
procedure,HCPCS,59478,59478,HCPCS_59478,oov,unknown_unmappable,2,2,PORT/TUNNELED LINE PLACEMENT
procedure,HCPCS,50417,50417,HCPCS_50417,oov,unknown_unmappable,2,2,ABR
procedure,HCPCS,45969,45969,HCPCS_45969,oov,unknown_unmappable,2,2,"HX ORIF (OPEN REDUCTION, INTERNAL FIXATION), SPECIFY BONE"
drg,DRG,MS123,MS123,DRG_MS123,oov,unknown_unmappable,2,2,NEUROLOGICAL EYE DISORDERS
drg,DRG,MS935,MS935,DRG_MS935,oov,unknown_unmappable,2,2,NON-EXTENSIVE BURNS
drg,DRG,MS338,MS338,DRG_MS338,oov,unknown_unmappable,2,2,APPENDECTOMY W COMPLICATED PRINCIPAL DIAG W MCC
drg,DRG,OMAPR349,OMAPR349,DRG_OMAPR349,oov,unknown_unmappable,2,2,"MALFUNCTION, REACTION, COMPLIC OF ORTHOPEDIC DEVICE OR PROCEDURE"
drg,DRG,MS176,MS176,DRG_MS176,oov,unknown_unmappable,2,1,PULMONARY EMBOLISM W/O MCC
drg,DRG,MS419,MS419,DRG_MS419,oov,unknown_unmappable,2,2,LAPAROSCOPIC CHOLECYSTECTOMY W/O C.D.E. W/O CC/MCC
drg,DRG,MS068,MS068,DRG_MS068,oov,unknown_unmappable,2,2,NONSPECIFIC CVA & PRECEREBRAL OCCLUSION W/O INFARCT W/O MCC
drg,DRG,MS441,MS441,DRG_MS441,oov,unknown_unmappable,2,2,"DISORDERS OF LIVER EXCEPT MALIG, CIRR, ALC HEPA W MCC"
drg,DRG,MS834,MS834,DRG_MS834,oov,unknown_unmappable,2,1,ACUTE LEUKEMIA W/O MAJOR O.R. PROCEDURE W MCC
diagnosis,ICD9,E982.8,E9828,ICD9_E9828,oov,code_version_mismatch,2,1,Toxic effect of hydrocarbon gas
diagnosis,ICD9,944.15,94415,ICD9_94415,oov,code_version_mismatch,2,1,Erythema due to burn (first degree) of palm of hand
diagnosis,ICD10,T76.32XA,T7632XA,ICD10_T7632XA,oov,unknown_unmappable,2,1,"Suspected pediatric victim of bullying, initial encounter"
medication,RXNORM,1927617,1927617,RXN_1927617,oov,pediatric_absent,2,1,dextroamphetamine/amphetamine
medication,RXNORM,665019,665019,RXN_665019,oov,pediatric_absent,2,1,posaconazole
medication,RXNORM,706820,706820,RXN_706820,oov,pediatric_absent,2,1,"mineral oil/petrolatum,white"
diagnosis,ICD10,S80.852A,S80852A,ICD10_S80852A,oov,unknown_unmappable,2,1,"Foreign body in left lower extremity, initial encounter"
medication,RXNORM,876849,876849,RXN_876849,oov,pediatric_absent,2,2,"iron/vitamins A,C,and D"
medication,RXNORM,199099,199099,RXN_199099,oov,pediatric_absent,2,2,zinc oxide
medication,RXNORM,1370770,1370770,RXN_1370770,oov,pediatric_absent,2,2,hydrocortisone butyrate/emoll
medication,RXNORM,1604539,1604539,RXN_1604539,oov,pediatric_absent,2,1,"insulin glargine,hum.rec.anlog"
medication,RXNORM,1236048,1236048,RXN_1236048,oov,pediatric_absent,2,1,phenylephrine/diphenhydramine
diagnosis,ICD10,S62.649A,S62649A,ICD10_S62649A,oov,unknown_unmappable,2,1,Closed nondisplaced fracture of proximal phalanx of finger of right hand
diagnosis,ICD10,S40.011D,S40011D,ICD10_S40011D,oov,unknown_unmappable,2,1,"Contusion of right shoulder, subsequent encounter"
diagnosis,ICD10,L74.513,L74513,ICD10_L74513,oov,unknown_unmappable,2,1,Hyperhidrosis of palms and soles
diagnosis,ICD10,R94.131,R94131,ICD10_R94131,oov,unknown_unmappable,2,1,Abnormal EMG
diagnosis,ICD10,S99.222A,S99222A,ICD10_S99222A,oov,unknown_unmappable,2,1,"Salter-Harris type II physeal fracture of phalanx of left toe, initial encounter for closed fracture"
diagnosis,ICD10,S90.01XD,S9001XD,ICD10_S9001XD,oov,unknown_unmappable,2,1,"Contusion of right ankle, subsequent encounter"
drg,DRG,APR758,APR758,DRG_APR758,oov,unknown_unmappable,2,2,BEHAVIORAL DISORDERS
drg,DRG,OMAPR227,OMAPR227,DRG_OMAPR227,oov,unknown_unmappable,2,2,"HERNIA PROCEDURES EXCEPT INGUINAL, FEMORAL & UMBILICAL"
drg,DRG,MS700,MS700,DRG_MS700,oov,unknown_unmappable,2,1,OTHER KIDNEY & URINARY TRACT DIAGNOSES W/O CC/MCC
drg,DRG,MS478,MS478,DRG_MS478,oov,unknown_unmappable,2,2,BIOPSIES OF MUSCULOSKELETAL SYSTEM & CONNECTIVE TISSUE W CC
drg,DRG,OMAPR344,OMAPR344,DRG_OMAPR344,oov,unknown_unmappable,2,2,"OSTEOMYELITIS, SEPTIC ARTHRITIS & OTHER MUSCULOSKELETAL INFECTIONS"
drg,DRG,OMAPR405,OMAPR405,DRG_OMAPR405,oov,unknown_unmappable,2,2,"OTHER PROCEDURES FOR ENDOCRINE, NUTRITIONAL & METABOLIC DISORDERS"
drg,DRG,MS345,MS345,DRG_MS345,oov,unknown_unmappable,2,2,MINOR SMALL & LARGE BOWEL PROCEDURES W CC
drg,DRG,MS286,MS286,DRG_MS286,oov,unknown_unmappable,2,2,"CIRCULATORY DISORDERS EXCEPT AMI, W CARD CATH W MCC"
drg,DRG,OMAPR401,OMAPR401,DRG_OMAPR401,oov,unknown_unmappable,2,2,ADRENAL PROCEDURES
drg,DRG,MS904,MS904,DRG_MS904,oov,unknown_unmappable,2,1,SKIN GRAFTS FOR INJURIES W CC/MCC
drg,DRG,MS560,MS560,DRG_MS560,oov,unknown_unmappable,2,2,"AFTERCARE, MUSCULOSKELETAL SYSTEM & CONNECTIVE TISSUE W CC"
drg,DRG,MS304,MS304,DRG_MS304,oov,unknown_unmappable,2,2,HYPERTENSION W MCC
drg,DRG,OMAPR361,OMAPR361,DRG_OMAPR361,oov,unknown_unmappable,2,2,SKIN GRAFT FOR SKIN & SUBCUTANEOUS TISSUE DIAGNOSES
drg,DRG,MS698,MS698,DRG_MS698,oov,unknown_unmappable,2,1,OTHER KIDNEY & URINARY TRACT DIAGNOSES W MCC
drg,DRG,OM297,OM297,DRG_OM297,oov,unknown_unmappable,2,2,NUTRITIONAL & MISC METABOLIC DISORDERS AGE > 17 W/O CC
drg,DRG,OMAPR234,OMAPR234,DRG_OMAPR234,oov,unknown_unmappable,2,2,APPENDECTOMY WITHOUT COMPLEX PRINCIPAL DIAGNOSIS
drg,DRG,MS350,MS350,DRG_MS350,oov,unknown_unmappable,2,2,INGUINAL & FEMORAL HERNIA PROCEDURES W MCC
drg,DRG,OMAPR308,OMAPR308,DRG_OMAPR308,oov,unknown_unmappable,2,2,HIP & FEMUR FRACTURE REPAIR
drg,DRG,MS711,MS711,DRG_MS711,oov,unknown_unmappable,2,2,TESTES PROCEDURES W CC/MCC
drg,DRG,OM001,OM001,DRG_OM001,oov,unknown_unmappable,2,1,CRANIOTOMY AGE > 17 EXCEPT FOR TRAUMA
drg,DRG,OMAPR223,OMAPR223,DRG_OMAPR223,oov,unknown_unmappable,2,2,OTHER SMALL & LARGE BOWEL PROCEDURES
drg,DRG,MS390,MS390,DRG_MS390,oov,unknown_unmappable,2,2,G.I. OBSTRUCTION W/O CC/MCC
drg,DRG,MS596,MS596,DRG_MS596,oov,unknown_unmappable,2,2,MAJOR SKIN DISORDERS W/O MCC
drg,DRG,OMAPR142,OMAPR142,DRG_OMAPR142,oov,unknown_unmappable,2,2,INTERSTITIAL & ALVEOLAR LUNG DISEASES
drg,DRG,OMAPR626,OMAPR626,DRG_OMAPR626,oov,unknown_unmappable,2,2,"NEONATE BWT 2000-2499G, NORMAL NEWBORN OR NEONATE W OTHER PROBLEM"
diagnosis,ICD10,T24.212S,T24212S,ICD10_T24212S,oov,unknown_unmappable,2,1,"Partial thickness burn of left thigh, sequela"
diagnosis,ICD10,M26.33,M2633,ICD10_M2633,oov,unknown_unmappable,2,1,Tooth position anomaly involving horizontal displacement of teeth
medication,RXNORM,249465,249465,RXN_249465,oov,pediatric_absent,2,1,phenylephrine HCl/witch hazel
medication,RXNORM,856853,856853,RXN_856853,oov,pediatric_absent,2,2,amitriptyline HCl
medication,RXNORM,312962,312962,RXN_312962,oov,pediatric_absent,2,1,simvastatin
medication,RXNORM,706548,706548,RXN_706548,oov,pediatric_absent,2,2,selenium sulfide
medication,RXNORM,1657974,1657974,RXN_1657974,oov,pediatric_absent,2,1,tocilizumab
diagnosis,ICD10,S93.03XD,S9303XD,ICD10_S9303XD,oov,unknown_unmappable,2,1,"Subluxation of peroneal tendon, unspecified laterality, subsequent encounter"
diagnosis,ICD9,765.06,76506,ICD9_76506,oov,code_version_mismatch,2,1,"Extreme fetal immaturity, 1,500-1,749 grams"
diagnosis,ICD10,H65.32,H6532,ICD10_H6532,oov,unknown_unmappable,2,1,Chronic mucoid otitis media of left ear
medication,RXNORM,597406,597406,RXN_597406,oov,pediatric_absent,2,2,meloxicam
diagnosis,ICD10,T21.52XA,T2152XA,ICD10_T2152XA,oov,unknown_unmappable,2,1,"Corrosion of first degree of abdominal wall, initial encounter"
diagnosis,ICD10,S62.600A,S62600A,ICD10_S62600A,oov,unknown_unmappable,2,1,"Fracture of unspecified phalanx of right index finger, initial encounter for closed fracture"
diagnosis,ICD10,S15.001D,S15001D,ICD10_S15001D,oov,unknown_unmappable,2,1,"Internal carotid artery injury, right, subsequent encounter"
diagnosis,ICD10,H05.10,H0510,ICD10_H0510,oov,unknown_unmappable,2,1,Unspecified chronic inflammatory disorders of orbit
medication,RXNORM,198586,198586,RXN_198586,oov,pediatric_absent,2,1,ubidecarenone
drg,DRG,MS795,MS795,DRG_MS795,oov,unknown_unmappable,2,2,NORMAL NEWBORN
drg,DRG,MS340,MS340,DRG_MS340,oov,unknown_unmappable,2,2,APPENDECTOMY W COMPLICATED PRINCIPAL DIAG W/O CC/MCC
drg,DRG,OMAPR049,OMAPR049,DRG_OMAPR049,oov,unknown_unmappable,2,2,BACTERIAL & TUBERCULOUS INFECTIONS OF NERVOUS SYSTEM
drg,DRG,MS386,MS386,DRG_MS386,oov,unknown_unmappable,2,1,INFLAMMATORY BOWEL DISEASE W CC
drg,DRG,MS439,MS439,DRG_MS439,oov,unknown_unmappable,2,2,DISORDERS OF PANCREAS EXCEPT MALIGNANCY W CC
drg,DRG,MS902,MS902,DRG_MS902,oov,unknown_unmappable,2,2,WOUND DEBRIDEMENTS FOR INJURIES W CC
drg,DRG,MS442,MS442,DRG_MS442,oov,unknown_unmappable,2,2,"DISORDERS OF LIVER EXCEPT MALIG, CIRR, ALC HEPA W CC"
drg,DRG,MS493,MS493,DRG_MS493,oov,unknown_unmappable,2,2,"LOWER EXTREM & HUMER PROC EXCEPT HIP, FOOT, FEMUR W CC"
drg,DRG,MS219,MS219,DRG_MS219,oov,unknown_unmappable,2,2,CARDIAC VALVE & OTH MAJ CARDIOTHORACIC PROC W/O CARD CATH W MCC
drg,DRG,MS352,MS352,DRG_MS352,oov,unknown_unmappable,2,2,INGUINAL & FEMORAL HERNIA PROCEDURES W/O CC/MCC
drg,DRG,OMAPR773,OMAPR773,DRG_OMAPR773,oov,unknown_unmappable,2,2,OPIOID ABUSE & DEPENDENCE
drg,DRG,OMAPR194,OMAPR194,DRG_OMAPR194,oov,unknown_unmappable,2,2,HEART FAILURE
drg,DRG,MS693,MS693,DRG_MS693,oov,unknown_unmappable,2,2,URINARY STONES W MCC
drg,DRG,MS507,MS507,DRG_MS507,oov,unknown_unmappable,2,2,MAJOR SHOULDER OR ELBOW JOINT PROCEDURES W CC/MCC
drg,DRG,MS710,MS710,DRG_MS710,oov,unknown_unmappable,2,2,PENIS PROCEDURES W/O CC/MCC
drg,DRG,OMAPR589,OMAPR589,DRG_OMAPR589,oov,unknown_unmappable,2,2,"NEONATE BWT < 500G, OR BWT 500-999G & GESTATIONAL AGE <24 WKS, OR BWT 500-749G W MAJOR ANOMALY OR W/O LIFE SUSTAINING IN"
drg,DRG,MS551,MS551,DRG_MS551,oov,unknown_unmappable,2,2,MEDICAL BACK PROBLEMS W MCC
drg,DRG,OMAPR792,OMAPR792,DRG_OMAPR792,oov,unknown_unmappable,2,2,EXTENSIVE OR PROCEDURES FOR OTHER COMPLICATIONS OF TREATMENT
diagnosis,ICD10,S60.453A,S60453A,ICD10_S60453A,oov,unknown_unmappable,2,1,"Superficial foreign body of left middle finger, initial encounter"
diagnosis,ICD10,S60.471A,S60471A,ICD10_S60471A,oov,unknown_unmappable,2,1,"Other superficial bite of left index finger, initial encounter"
diagnosis,ICD10,H60.543,H60543,ICD10_H60543,oov,unknown_unmappable,2,1,"Eczema of external ear, bilateral"
diagnosis,ICD10,S32.615D,S32615D,ICD10_S32615D,oov,unknown_unmappable,2,1,"Nondisplaced avulsion fracture of left ischium, subsequent encounter for fracture with routine healing"
diagnosis,ICD10,S69.92XS,S6992XS,ICD10_S6992XS,oov,unknown_unmappable,2,1,"Unspecified injury of left wrist, hand and finger(s), sequela"
diagnosis,ICD10,S49.121A,S49121A,ICD10_S49121A,oov,unknown_unmappable,2,1,"Salter-Harris type II physeal fracture of lower end of humerus, right arm, initial encounter for closed fracture"
medication,RXNORM,763306,763306,RXN_763306,oov,pediatric_absent,2,1,pantoprazole sodium
diagnosis,ICD10,S62.231D,S62231D,ICD10_S62231D,oov,unknown_unmappable,2,1,"Other displaced fracture of base of first metacarpal bone, right hand, subsequent encounter for fracture with routine healing"
diagnosis,ICD10,T50.901D,T50901D,ICD10_T50901D,oov,unknown_unmappable,2,1,"Accidental drug ingestion, subsequent encounter"
diagnosis,ICD10,S42.271A,S42271A,ICD10_S42271A,oov,unknown_unmappable,2,1,"Torus fracture of upper end of right humerus, initial encounter for closed fracture"
diagnosis,ICD9,760.75,76075,ICD9_76075,oov,code_version_mismatch,2,2,Cocaine affecting fetus or newborn via placenta or breast milk
diagnosis,ICD10,H02.821,H02821,ICD10_H02821,oov,unknown_unmappable,2,1,Cysts of right upper eyelid
diagnosis,ICD10,L23.81,L2381,ICD10_L2381,oov,unknown_unmappable,2,2,Cat allergy due to both airborne and skin contact
diagnosis,ICD10,M67.88,M6788,ICD10_M6788,oov,unknown_unmappable,2,1,"Other specified disorders of synovium and tendon, other site"
diagnosis,ICD10,T82.319D,T82319D,ICD10_T82319D,oov,unknown_unmappable,2,1,"Breakdown (mechanical) of unspecified vascular grafts, subsequent encounter"
diagnosis,ICD10,S41.001D,S41001D,ICD10_S41001D,oov,unknown_unmappable,2,1,"Open wound of right shoulder, subsequent encounter"
diagnosis,ICD9,941.18,94118,ICD9_94118,oov,code_version_mismatch,2,1,Erythema due to burn (first degree) of neck
diagnosis,ICD10,O30.099,O30099,ICD10_O30099,oov,unknown_unmappable,2,1,"Twin gestation, unable to determine number of placenta and number of amniotic sacs, unspecified trimester"
diagnosis,ICD10,S14.107D,S14107D,ICD10_S14107D,oov,unknown_unmappable,2,1,"C7 spinal cord injury, subsequent encounter"
diagnosis,ICD10,S82.92XA,S8292XA,ICD10_S8292XA,oov,unknown_unmappable,2,1,Multiple fractures of both lower extremities
diagnosis,ICD10,H50.332,H50332,ICD10_H50332,oov,unknown_unmappable,2,2,"Intermittent monocular exotropia, left eye"
diagnosis,ICD10,S62.645A,S62645A,ICD10_S62645A,oov,unknown_unmappable,2,1,"Nondisplaced fracture of proximal phalanx of left ring finger, initial encounter for closed fracture"
diagnosis,ICD10,S60.861A,S60861A,ICD10_S60861A,oov,unknown_unmappable,2,2,"Insect bite (nonvenomous) of right wrist, initial encounter"
diagnosis,ICD10,S76.919A,S76919A,ICD10_S76919A,oov,unknown_unmappable,2,1,"Strain of unspecified muscles, fascia and tendons at thigh level, unspecified thigh, initial encounter"
diagnosis,ICD10,S89.322A,S89322A,ICD10_S89322A,oov,unknown_unmappable,2,1,"Salter-Harris type II physeal fracture of lower end of left fibula, initial encounter for closed fracture"
diagnosis,ICD10,H73.22,H7322,ICD10_H7322,oov,unknown_unmappable,2,2,"Unspecified myringitis, left ear"
diagnosis,ICD10,Z11.6,Z116,ICD10_Z116,oov,unknown_unmappable,2,1,Encounter for screening for other protozoal diseases and helminthiases
diagnosis,ICD9,V77.99,V7799,ICD9_V7799,oov,code_version_mismatch,2,1,"Screening for other and unspecified endocrine, nutritional, metabolic, and immunity disorders"
diagnosis,ICD10,P05.16,P0516,ICD10_P0516,oov,unknown_unmappable,2,1,"SGA (small for gestational age), 1,500-1,749 grams"
diagnosis,ICD10,H35.132,H35132,ICD10_H35132,oov,unknown_unmappable,2,1,"Retinopathy of prematurity, stage 2, left eye"
diagnosis,ICD10,S93.521A,S93521A,ICD10_S93521A,oov,unknown_unmappable,2,1,"Sprain of metatarsophalangeal joint of right great toe, initial encounter"
diagnosis,ICD10,S62.611S,S62611S,ICD10_S62611S,oov,unknown_unmappable,2,1,"Displaced fracture of proximal phalanx of left index finger, sequela"
diagnosis,ICD10,S42.413A,S42413A,ICD10_S42413A,oov,unknown_unmappable,2,1,"Displaced simple supracondylar fracture without intercondylar fracture of unspecified humerus, initial encounter for closed fracture"
procedure,HCPCS,60557,60557,HCPCS_60557,oov,unknown_unmappable,2,2,CHORDEE REPAIR
procedure,HCPCS,50743,50743,HCPCS_50743,oov,unknown_unmappable,2,2,PDA OCCLUSION
medication,RXNORM,28393,28393,RXN_28393,oov,pediatric_absent,2,1,"sod,ammonium,potassium lactate"
diagnosis,ICD10,H65.117,H65117,ICD10_H65117,oov,unknown_unmappable,2,1,Recurrent acute allergic otitis media
medication,RXNORM,310934,310934,RXN_310934,oov,pediatric_absent,2,2,hypromellose
procedure,HCPCS,60549,60549,HCPCS_60549,oov,unknown_unmappable,2,2,BLADDER AUGMENTATION
diagnosis,ICD10,M93.872,M93872,ICD10_M93872,oov,unknown_unmappable,2,1,"Other specified osteochondropathies, left ankle and foot"
diagnosis,ICD10,H10.44,H1044,ICD10_H1044,oov,unknown_unmappable,2,1,Vernal conjunctivitis
procedure,HCPCS,17052,17052,HCPCS_17052,oov,unknown_unmappable,2,2,"SPINAL PUNCTURE, LUMBAR, DIAGNOSTIC"
procedure,HCPCS,55795,55795,HCPCS_55795,oov,unknown_unmappable,2,2,IMPLANTOFIX CATH
medication,RXNORM,311245,311245,RXN_311245,oov,pediatric_absent,2,1,lactase
procedure,HCPCS,17034,17034,HCPCS_17034,oov,unknown_unmappable,2,2,PR REPLACE/IRRIGATE VENTRIC CATH
diagnosis,ICD10,T80.1XXS,T801XXS,ICD10_T801XXS,oov,unknown_unmappable,2,2,"IV infiltrate, sequela"
procedure,HCPCS,48348,48348,HCPCS_48348,oov,unknown_unmappable,2,2,HX PANCREATECTOMY
diagnosis,ICD10,W21.00XA,W2100XA,ICD10_W2100XA,oov,unknown_unmappable,2,2,"Struck by hit or thrown ball, unspecified type, initial encounter"
diagnosis,ICD10,M48.46XD,M4846XD,ICD10_M4846XD,oov,unknown_unmappable,2,1,"Fatigue fracture of vertebra, lumbar region, subsequent encounter for fracture with routine healing"
procedure,HCPCS,48220,48220,HCPCS_48220,oov,unknown_unmappable,2,2,HX AORTOPEXY
diagnosis,ICD10,M21.90,M2190,ICD10_M2190,oov,unknown_unmappable,2,1,Limb deformity
medication,RXNORM,7646,7646,RXN_7646,oov,pediatric_absent,2,1,omeprazole
medication,RXNORM,849398,849398,RXN_849398,oov,pediatric_absent,2,2,naproxen sodium
diagnosis,ICD10,S52.322D,S52322D,ICD10_S52322D,oov,unknown_unmappable,2,1,"Displaced transverse fracture of shaft of left radius, subsequent encounter for closed fracture with routine healing"
procedure,HCPCS,46009,46009,HCPCS_46009,oov,unknown_unmappable,2,2,"HX TURB CAUTERY, INTRAMURAL"
diagnosis,ICD10,P72.2,P722,PHE_656.3,oov,pediatric_absent,2,2,"Other transitory neonatal disorders of thyroid function, not elsewhere classified"
diagnosis,ICD10,S09.91XS,S0991XS,ICD10_S0991XS,oov,unknown_unmappable,2,1,"Trauma to ear, sequela"
procedure,HCPCS,91659,91659,HCPCS_91659,oov,unknown_unmappable,2,2,GASTRO BUTTON
procedure,HCPCS,41321,41321,HCPCS_41321,oov,unknown_unmappable,2,2,TRACHEOSTOMY CARE
diagnosis,ICD10,S60.455A,S60455A,ICD10_S60455A,oov,unknown_unmappable,2,1,"Superficial foreign body of left ring finger, initial encounter"
diagnosis,ICD10,H67.2,H672,ICD10_H672,oov,unknown_unmappable,2,2,"Otitis media in diseases classified elsewhere, left ear"
procedure,HCPCS,42594,42594,HCPCS_42594,oov,unknown_unmappable,2,2,ORCHIECTOMY
diagnosis,ICD10,S67.196S,S67196S,ICD10_S67196S,oov,unknown_unmappable,2,1,"Crushing injury of right little finger, sequela"
procedure,HCPCS,47852,47852,HCPCS_47852,oov,unknown_unmappable,2,2,HX POLYDACTYLY RECONSTRUCTION
diagnosis,ICD10,S90.464A,S90464A,ICD10_S90464A,oov,unknown_unmappable,2,1,"Insect bite (nonvenomous), right lesser toe(s), initial encounter"
procedure,HCPCS,48389,48389,HCPCS_48389,oov,unknown_unmappable,2,2,HX THYMECTOMY
diagnosis,ICD10,M89.30,M8930,ICD10_M8930,oov,unknown_unmappable,2,1,"Hypertrophy of bone, unspecified site"
diagnosis,ICD9,385.10,38510,PHE_385.5,oov,pediatric_absent,2,2,"Otitis media, adhesive, bilateral"
procedure,HCPCS,44406,44406,HCPCS_44406,oov,unknown_unmappable,2,2,SPICA BILATERAL
procedure,HCPCS,61018,61018,HCPCS_61018,oov,unknown_unmappable,2,2,MANOMETRY - DUODENAL
procedure,HCPCS,40667,40667,HCPCS_40667,oov,unknown_unmappable,2,2,CHEST TUBE
diagnosis,ICD10,S93.01XD,S9301XD,ICD10_S9301XD,oov,unknown_unmappable,2,1,"Subluxation of right ankle joint, subsequent encounter"
medication,RXNORM,1085741,1085741,RXN_1085741,oov,pediatric_absent,2,1,triamcinolone acetonide
procedure,HCPCS,47980,47980,HCPCS_47980,oov,unknown_unmappable,2,2,HX ENCEPHALOCELE REPAIR
procedure,HCPCS,44630,44630,HCPCS_44630,oov,unknown_unmappable,2,2,IR RADIOLOGICAL GUIDANCE FLUORO
diagnosis,ICD10,S86.891A,S86891A,ICD10_S86891A,oov,unknown_unmappable,2,1,"Shin splint, right, initial encounter"
diagnosis,ICD9,V29.3,V293,ICD9_V293,oov,code_version_mismatch,2,2,Observation for suspected genetic condition
diagnosis,ICD9,761.2,7612,ICD9_7612,oov,code_version_mismatch,2,2,Fetus or newborn affected by oligohydramnios
diagnosis,ICD10,S42.024S,S42024S,ICD10_S42024S,oov,unknown_unmappable,2,1,"Closed nondisplaced fracture of shaft of right clavicle, sequela"
diagnosis,ICD10,H95.192,H95192,ICD10_H95192,oov,unknown_unmappable,2,1,"Encounter for mastoidectomy cavity debridement, left"
procedure,HCPCS,60807,60807,HCPCS_60807,oov,unknown_unmappable,2,2,HX TRACHEOESOPHAGEAL FISTULA REPAIR
medication,RXNORM,245473,245473,RXN_245473,oov,pediatric_absent,2,2,ascorbic acid
procedure,HCPCS,47554,47554,HCPCS_47554,oov,unknown_unmappable,2,2,HX PULMONARY VALVE REPLACEMENT
procedure,HCPCS,69797,69797,HCPCS_69797,oov,unknown_unmappable,2,2,EXAM UNDER ANESTHESIA
medication,RXNORM,199647,199647,RXN_199647,oov,pediatric_absent,2,2,melatonin
procedure,HCPCS,90952,90952,HCPCS_90952,oov,unknown_unmappable,2,2,NM BRAIN ICTAL SPECT CT
diagnosis,ICD10,S99.919D,S99919D,ICD10_S99919D,oov,unknown_unmappable,2,1,"Unspecified injury of unspecified ankle, subsequent encounter"
procedure,HCPCS,104229,104229,HCPCS_104229,oov,unknown_unmappable,2,2,INCISION OF LINGUAL FRENUM (FRENOTOMY)
procedure,HCPCS,63548,63548,HCPCS_63548,oov,unknown_unmappable,2,2,CT BRAIN W/O CONTRAST
diagnosis,ICD10,S92.309A,S92309A,ICD10_S92309A,oov,unknown_unmappable,2,1,Closed fracture of metatarsal bone
diagnosis,ICD9,823.40,82340,PHE_823,oov,pediatric_absent,2,1,Torus fracture of tibia
diagnosis,ICD10,S60.461A,S60461A,ICD10_S60461A,oov,unknown_unmappable,2,1,"Insect bite (nonvenomous) of left index finger, initial encounter"
medication,RXNORM,861705,861705,RXN_861705,oov,pediatric_absent,2,1,lipase/protease/amylase
medication,RXNORM,664704,664704,RXN_664704,oov,pediatric_absent,2,1,potassium chloride/D5-0.2%NaCl
procedure,HCPCS,43764,43764,HCPCS_43764,oov,unknown_unmappable,2,2,XR PELVIS AP
diagnosis,ICD10,O30.209,O30209,ICD10_O30209,oov,unknown_unmappable,2,1,Quadruplet gestation
procedure,HCPCS,16728,16728,HCPCS_16728,oov,unknown_unmappable,2,2,PR CRANIAL DECOMPRESSN POST FOSSA
procedure,HCPCS,59481,59481,HCPCS_59481,oov,unknown_unmappable,2,2,FLEXIBLE BRONCHOSCOPE
medication,RXNORM,485413,485413,RXN_485413,oov,pediatric_absent,2,1,alprazolam
procedure,HCPCS,41527,41527,HCPCS_41527,oov,unknown_unmappable,2,2,ICP MONITORING
procedure,HCPCS,45629,45629,HCPCS_45629,oov,unknown_unmappable,2,2,HX COCHLEAR IMPLANT
diagnosis,ICD10,H04.202,H04202,ICD10_H04202,oov,unknown_unmappable,2,1,"Excessive tearing, left"
procedure,HCPCS,42732,42732,HCPCS_42732,oov,unknown_unmappable,2,2,HX OSTEOTOMY
drg,DRG,MS862,MS862,DRG_MS862,oov,unknown_unmappable,2,2,POSTOPERATIVE & POST-TRAUMATIC INFECTIONS W MCC
procedure,HCPCS,60805,60805,HCPCS_60805,oov,unknown_unmappable,2,2,"HX SURGIAL DEBRIDEMENT, WOUND"
drg,DRG,MS446,MS446,DRG_MS446,oov,unknown_unmappable,2,1,DISORDERS OF THE BILIARY TRACT W/O CC/MCC
drg,DRG,MS853,MS853,DRG_MS853,oov,unknown_unmappable,2,2,INFECTIOUS & PARASITIC DISEASES W O.R. PROCEDURE W MCC
drg,DRG,MS460,MS460,DRG_MS460,oov,unknown_unmappable,2,2,SPINAL FUSION EXCEPT CERVICAL W/O MCC
drg,DRG,MS349,MS349,DRG_MS349,oov,unknown_unmappable,2,2,ANAL & STOMAL PROCEDURES W/O CC/MCC
drg,DRG,MS816,MS816,DRG_MS816,oov,unknown_unmappable,2,2,RETICULOENDOTHELIAL & IMMUNITY DISORDERS W/O CC/MCC
drg,DRG,OMAPR175,OMAPR175,DRG_OMAPR175,oov,unknown_unmappable,2,2,PERCUTANEOUS CARDIAC INTERVENTION W/O AMI
drg,DRG,MS138,MS138,DRG_MS138,oov,unknown_unmappable,2,2,MOUTH PROCEDURES W/O CC/MCC
diagnosis,ICD10,H73.823,H73823,ICD10_H73823,oov,unknown_unmappable,2,1,"Atrophic nonflaccid tympanic membrane, bilateral"
medication,RXNORM,746812,746812,RXN_746812,oov,pediatric_absent,2,1,mometasone furoate
medication,RXNORM,1734475,1734475,RXN_1734475,oov,pediatric_absent,2,1,ropivacaine HCl/PF
medication,RXNORM,308966,308966,RXN_308966,oov,pediatric_absent,2,1,carbachol
drg,DRG,OMAPR225,OMAPR225,DRG_OMAPR225,oov,unknown_unmappable,2,2,APPENDECTOMY
drg,DRG,MS837,MS837,DRG_MS837,oov,unknown_unmappable,2,1,CHEMO W ACUTE LEUKEMIA AS SDX OR W HIGH DOSE CHEMO AGENT W MCC
drg,DRG,MS857,MS857,DRG_MS857,oov,unknown_unmappable,2,2,POSTOPERATIVE OR POST-TRAUMATIC INFECTIONS W O.R. PROC W CC
medication,RXNORM,1734951,1734951,RXN_1734951,oov,pediatric_absent,2,1,methylphenidate HCl
procedure,HCPCS,47882,47882,HCPCS_47882,oov,unknown_unmappable,2,2,HX EXPLORATION OF UNDESCENDED TESTICLE
procedure,HCPCS,45960,45960,HCPCS_45960,oov,unknown_unmappable,2,2,HX J-TUBE INSERTION
medication,RXNORM,313863,313863,RXN_313863,oov,pediatric_absent,2,2,bisacodyl
medication,RXNORM,198359,198359,RXN_198359,oov,pediatric_absent,2,1,felbamate
medication,RXNORM,242736,242736,RXN_242736,oov,pediatric_absent,2,1,metronidazole
medication,RXNORM,198546,198546,RXN_198546,oov,pediatric_absent,2,2,calcium gluconate
medication,RXNORM,749761,749761,RXN_749761,oov,pediatric_absent,2,2,L-norgest/e.estradiol-e.estrad
procedure,HCPCS,14373,14373,HCPCS_14373,oov,unknown_unmappable,2,2,PR PLACEMENT ENTEROSTOMY/CECOSTOMY TUBE OPEN
diagnosis,ICD10,R94.30,R9430,ICD10_R9430,oov,unknown_unmappable,2,1,Ejection fraction < 50%
diagnosis,ICD10,S52.291A,S52291A,ICD10_S52291A,oov,unknown_unmappable,2,1,"Other fracture of shaft of right ulna, initial encounter for closed fracture"
drg,DRG,MS808,MS808,DRG_MS808,oov,unknown_unmappable,2,2,MAJOR HEMATOL/IMMUN DIAG EXC SICKLE CELL CRISIS & COAGUL W MCC
diagnosis,ICD9,V25.9,V259,ICD9_V259,oov,code_version_mismatch,2,1,Unspecified contraceptive management
diagnosis,ICD10,H35.023,H35023,ICD10_H35023,oov,unknown_unmappable,2,1,"Exudative retinopathy, bilateral"
diagnosis,ICD10,S52.334A,S52334A,ICD10_S52334A,oov,unknown_unmappable,2,1,"Nondisplaced oblique fracture of shaft of right radius, initial encounter for closed fracture"
diagnosis,ICD10,T24.031A,T24031A,ICD10_T24031A,oov,unknown_unmappable,2,1,"Burn of unspecified degree of right lower leg, initial encounter"
diagnosis,ICD9,772.3,7723,PHE_656.4,oov,pediatric_absent,2,1,Umbilical hemorrhage after birth
procedure,HCPCS,18252,18252,HCPCS_18252,oov,unknown_unmappable,2,2,PR REPAIR TYMPANIC MEMBRANE
procedure,HCPCS,47788,47788,HCPCS_47788,oov,unknown_unmappable,2,2,HX VAGUS NERVE STIMULATION
diagnosis,ICD10,P74.22,P7422,ICD10_P7422,oov,unknown_unmappable,2,2,Hyponatremia of newborn
diagnosis,ICD10,D23.12,D2312,ICD10_D2312,oov,unknown_unmappable,2,1,"Other benign neoplasm of skin of left eyelid, including canthus"
diagnosis,ICD10,M08.832,M08832,ICD10_M08832,oov,unknown_unmappable,2,1,"Other juvenile arthritis, left wrist"
diagnosis,ICD10,S62.651D,S62651D,ICD10_S62651D,oov,unknown_unmappable,2,1,"Closed nondisplaced fracture of middle phalanx of left index finger with routine healing, subsequent encounter"
procedure,HCPCS,47717,47717,HCPCS_47717,oov,unknown_unmappable,2,2,HX AORTIC ARCH REPAIR
drg,DRG,OMAPR811,OMAPR811,DRG_OMAPR811,oov,unknown_unmappable,2,2,ALLERGIC REACTIONS
drg,DRG,MS251,MS251,DRG_MS251,oov,unknown_unmappable,2,2,PERC CARDIOVASC PROC W/O CORONARY ARTERY STENT W/O MCC
diagnosis,ICD9,V26.29,V2629,ICD9_V2629,oov,code_version_mismatch,2,1,Other investigation and testing for procreative management
medication,RXNORM,1990866,1990866,RXN_1990866,oov,pediatric_absent,2,1,exenatide microspheres
medication,RXNORM,1098608,1098608,RXN_1098608,oov,pediatric_absent,2,1,lamotrigine
drg,DRG,MS344,MS344,DRG_MS344,oov,unknown_unmappable,2,2,MINOR SMALL & LARGE BOWEL PROCEDURES W MCC
medication,RXNORM,483446,483446,RXN_483446,oov,pediatric_absent,2,1,pregabalin
diagnosis,ICD10,H60.322,H60322,ICD10_H60322,oov,unknown_unmappable,2,2,Acute hemorrhagic otitis externa of left ear
drg,DRG,MS758,MS758,DRG_MS758,oov,unknown_unmappable,2,1,"INFECTIONS, FEMALE REPRODUCTIVE SYSTEM W CC"
drg,DRG,MS684,MS684,DRG_MS684,oov,unknown_unmappable,2,2,RENAL FAILURE W/O CC/MCC
drg,DRG,OMAPR427,OMAPR427,DRG_OMAPR427,oov,unknown_unmappable,2,2,THYROID DISORDERS
drg,DRG,MS001,MS001,DRG_MS001,oov,unknown_unmappable,2,2,HEART TRANSPLANT OR IMPLANT OF HEART ASSIST SYSTEM W MCC
drg,DRG,OMAPR082,OMAPR082,DRG_OMAPR082,oov,unknown_unmappable,2,2,EYE INFECTIONS & OTHER EYE DISORDERS
drg,DRG,MS086,MS086,DRG_MS086,oov,unknown_unmappable,2,2,"TRAUMATIC STUPOR & COMA, COMA <1 HR W CC"
medication,RXNORM,984078,984078,RXN_984078,oov,pediatric_absent,2,1,amphotericin B lipid complex
drg,DRG,MS552,MS552,DRG_MS552,oov,unknown_unmappable,2,2,MEDICAL BACK PROBLEMS W/O MCC
drg,DRG,MS358,MS358,DRG_MS358,oov,unknown_unmappable,2,2,OTHER DIGESTIVE SYSTEM O.R. PROCEDURES W/O CC/MCC
drg,DRG,OMAPR603,OMAPR603,DRG_OMAPR603,oov,unknown_unmappable,2,2,NEONATE BIRTHWT 1000-1249G W OR W/O OTHER SIGNIFICANT CONDITION
diagnosis,ICD10,S83.012A,S83012A,ICD10_S83012A,oov,unknown_unmappable,2,1,"Lateral subluxation of left patella, initial encounter"
drg,DRG,MS024,MS024,DRG_MS024,oov,unknown_unmappable,2,2,CRANIO W MAJOR DEV IMPL/ACUTE COMPLEX CNS PDX W/O MCC
drg,DRG,MS440,MS440,DRG_MS440,oov,unknown_unmappable,2,2,DISORDERS OF PANCREAS EXCEPT MALIGNANCY W/O CC/MCC
drg,DRG,MS313,MS313,DRG_MS313,oov,unknown_unmappable,2,2,CHEST PAIN
diagnosis,ICD10,H26.012,H26012,ICD10_H26012,oov,unknown_unmappable,2,1,"Infantile and juvenile cortical, lamellar, or zonular cataract, left eye"
drg,DRG,OMAPR044,OMAPR044,DRG_OMAPR044,oov,unknown_unmappable,2,2,INTRACRANIAL HEMORRHAGE
drg,DRG,OMAPR711,OMAPR711,DRG_OMAPR711,oov,unknown_unmappable,2,2,"POST-OP, POST-TRAUMA, OTHER DEVICE INFECTIONS W O.R. PROCEDURE"
drg,DRG,MS760,MS760,DRG_MS760,oov,unknown_unmappable,2,2,MENSTRUAL & OTHER FEMALE REPRODUCTIVE SYSTEM DISORDERS W CC/MCC
medication,RXNORM,687043,687043,RXN_687043,oov,pediatric_absent,2,1,dextroamphetamine/amphetamine
procedure,HCPCS,69167,69167,HCPCS_69167,oov,unknown_unmappable,2,2,COSMETIC PLASTIC SURGERY PROCEDURE
medication,RXNORM,349273,349273,RXN_349273,oov,pediatric_absent,2,1,darbepoetin alfa in polysorbat
procedure,HCPCS,45953,45953,HCPCS_45953,oov,unknown_unmappable,2,2,"HX HAMSTRING RELEASE, SPECIFY MEDIAL OR LATERAL"
diagnosis,ICD10,S62.255A,S62255A,ICD10_S62255A,oov,unknown_unmappable,2,1,"Closed nondisplaced fracture of neck of first metacarpal bone of left hand, initial encounter"
diagnosis,ICD10,L89.603,L89603,ICD10_L89603,oov,unknown_unmappable,2,1,"Pressure ulcer of unspecified heel, stage 3"
drg,DRG,MS945,MS945,DRG_MS945,oov,unknown_unmappable,2,2,REHABILITATION W CC/MCC
medication,RXNORM,197885,197885,RXN_197885,oov,pediatric_absent,2,1,lisinopril/hydrochlorothiazide
procedure,HCPCS,50022,50022,HCPCS_50022,oov,unknown_unmappable,2,2,HX DELAYED STERNAL CLOSURE
drg,DRG,MS841,MS841,DRG_MS841,oov,unknown_unmappable,2,1,LYMPHOMA & NON-ACUTE LEUKEMIA W CC
procedure,HCPCS,50052,50052,HCPCS_50052,oov,unknown_unmappable,2,2,"HX FONTAN, TCPC, LATERAL TUNNEL, NONFENESTRATED"
drg,DRG,MS252,MS252,DRG_MS252,oov,unknown_unmappable,2,2,OTHER VASCULAR PROCEDURES W MCC
procedure,HCPCS,85660,85660,HCPCS_85660,oov,unknown_unmappable,2,2,FL GJ TUBE PLACEMENT
procedure,HCPCS,48177,48177,HCPCS_48177,oov,unknown_unmappable,2,2,URETHRA SURGERY
diagnosis,ICD10,Z13.40,Z1340,ICD10_Z1340,oov,unknown_unmappable,2,1,Encounter for screening for developmental delay
diagnosis,ICD10,S01.311S,S01311S,ICD10_S01311S,oov,unknown_unmappable,2,1,"Ear lobe laceration, right, sequela"
diagnosis,ICD10,S83.519A,S83519A,ICD10_S83519A,oov,unknown_unmappable,2,1,"Sprain of anterior cruciate ligament of unspecified knee, initial encounter"
diagnosis,ICD10,Y93.I1,Y93I1,ICD10_Y93I1,oov,unknown_unmappable,2,1,"Activity, roller coaster riding"
diagnosis,ICD10,J11.83,J1183,ICD10_J1183,oov,unknown_unmappable,2,2,Influenza due to unidentified influenza virus with otitis media
diagnosis,ICD10,P36.4,P364,PHE_657,oov,pediatric_absent,2,2,Sepsis of newborn due to Escherichia coli
procedure,HCPCS,22358,22358,HCPCS_22358,oov,unknown_unmappable,2,2,"PR BIOFEEDBACK TRAINING,ANY MODALITY"
diagnosis,ICD9,764.06,76406,ICD9_76406,oov,code_version_mismatch,2,2,"Light-for-dates without mention of fetal malnutrition, 1,500-1,749 grams"
diagnosis,ICD9,772.6,7726,PHE_656.4,oov,pediatric_absent,2,2,Fetal and neonatal cutaneous hemorrhage
procedure,HCPCS,87576,87576,HCPCS_87576,oov,unknown_unmappable,2,2,EGD/PLACEMENT PEG
procedure,HCPCS,59230,59230,HCPCS_59230,oov,unknown_unmappable,2,2,"SPINAL FLUID TAP, DIAGNOSTIC"
medication,RXNORM,864681,864681,RXN_864681,oov,pediatric_absent,2,2,atovaquone/proguanil HCl
medication,RXNORM,1540862,1540862,RXN_1540862,oov,pediatric_absent,2,1,tedizolid phosphate
drg,DRG,OMAPR228,OMAPR228,DRG_OMAPR228,oov,unknown_unmappable,2,2,"INGUINAL, FEMORAL & UMBILICAL HERNIA PROCEDURES"
diagnosis,ICD10,H83.3X9,H833X9,ICD10_H833X9,oov,unknown_unmappable,2,2,"Sound sensitivity, unspecified laterality"
drg,DRG,MS418,MS418,DRG_MS418,oov,unknown_unmappable,2,2,LAPAROSCOPIC CHOLECYSTECTOMY W/O C.D.E. W CC
medication,RXNORM,1298448,1298448,RXN_1298448,oov,pediatric_absent,2,2,butenafine HCl
procedure,HCPCS,49988,49988,HCPCS_49988,oov,unknown_unmappable,2,2,HX COIL/DEVICE EMBOLIZATION
diagnosis,ICD10,H50.42,H5042,ICD10_H5042,oov,unknown_unmappable,2,1,Monofixation syndrome
drg,DRG,OMAPR231,OMAPR231,DRG_OMAPR231,oov,unknown_unmappable,2,1,MAJOR LARGE BOWEL PROCEDURES
procedure,HCPCS,483,483,HCPCS_483,oov,unknown_unmappable,2,2,ECHOCARDIOGRAM SEDATED
diagnosis,ICD10,T23.241D,T23241D,ICD10_T23241D,oov,unknown_unmappable,2,1,"Burn of second degree of multiple right fingers (nail), including thumb, subsequent encounter"
diagnosis,ICD10,S01.25XA,S0125XA,ICD10_S0125XA,oov,unknown_unmappable,2,1,"Open bite of nose, initial encounter"
drg,DRG,MS014,MS014,DRG_MS014,oov,unknown_unmappable,2,2,ALLOGENEIC BONE MARROW TRANSPLANT
medication,RXNORM,1236013,1236013,RXN_1236013,oov,pediatric_absent,2,1,ubiquinol
medication,RXNORM,240906,240906,RXN_240906,oov,pediatric_absent,2,1,pegaspargase
diagnosis,ICD10,S99.922D,S99922D,ICD10_S99922D,oov,unknown_unmappable,2,2,"Unspecified injury of left foot, subsequent encounter"
procedure,HCPCS,82580,82580,HCPCS_82580,oov,unknown_unmappable,2,2,CRANIOTOMY (TUMOR)
procedure,HCPCS,41207,41207,HCPCS_41207,oov,unknown_unmappable,2,2,JEJUNOSTOMY TUBE TO FEEDING
diagnosis,ICD10,Q72.899,Q72899,ICD10_Q72899,oov,unknown_unmappable,2,2,Other reduction defects of unspecified lower limb
procedure,HCPCS,16816,16816,HCPCS_16816,oov,unknown_unmappable,2,2,PR EXTEN CRANIEC W RECONTOUR SYNOSTOSIS
drg,DRG,OMAPR310,OMAPR310,DRG_OMAPR310,oov,unknown_unmappable,2,2,INTERVERTEBRAL DISC EXCISION & DECOMPRESSION
drg,DRG,MS563,MS563,DRG_MS563,oov,unknown_unmappable,2,2,"FX, SPRN, STRN & DISL EXCEPT FEMUR, HIP, PELVIS & THIGH W/O MCC"
medication,RXNORM,800057,800057,RXN_800057,oov,pediatric_absent,2,2,periton. dialysis 4-1.5 % dext
procedure,HCPCS,48171,48171,HCPCS_48171,oov,unknown_unmappable,2,2,TUNNELED VENOUS CATHETER PLACEMENT
diagnosis,ICD10,M26.621,M26621,ICD10_M26621,oov,unknown_unmappable,2,1,Arthralgia of right temporomandibular joint
diagnosis,ICD10,K08.530,K08530,ICD10_K08530,oov,unknown_unmappable,2,1,Tooth fracture without loss of restorative material
diagnosis,ICD10,S00.87XA,S0087XA,ICD10_S0087XA,oov,unknown_unmappable,2,1,"Other superficial bite of other part of head, initial encounter"
medication,RXNORM,242297,242297,RXN_242297,oov,pediatric_absent,2,1,levonorgestrel-ethin estradiol
drg,DRG,MS444,MS444,DRG_MS444,oov,unknown_unmappable,2,2,DISORDERS OF THE BILIARY TRACT W MCC
diagnosis,ICD10,T25.022D,T25022D,ICD10_T25022D,oov,unknown_unmappable,2,1,"Burn of unspecified degree of left foot, subsequent encounter"
medication,RXNORM,795690,795690,RXN_795690,oov,pediatric_absent,2,1,regadenoson
diagnosis,ICD10,S32.612A,S32612A,ICD10_S32612A,oov,unknown_unmappable,2,1,"Displaced avulsion fracture of left ischium, initial encounter for closed fracture"
diagnosis,ICD10,S00.82XD,S0082XD,ICD10_S0082XD,oov,unknown_unmappable,2,1,"Blister of face, subsequent encounter"
diagnosis,ICD10,H04.412,H04412,ICD10_H04412,oov,unknown_unmappable,2,1,Chronic dacryocystitis of left lacrimal passage
diagnosis,ICD10,H31.003,H31003,ICD10_H31003,oov,unknown_unmappable,2,1,Retinal scar of both eyes
diagnosis,ICD10,S82.235D,S82235D,ICD10_S82235D,oov,unknown_unmappable,2,1,"Closed nondisplaced oblique fracture of shaft of left tibia with routine healing, subsequent encounter"
procedure,HCPCS,46293,46293,HCPCS_46293,oov,unknown_unmappable,2,2,HX BLOOD TRANSFUSION
medication,RXNORM,708071,708071,RXN_708071,oov,pediatric_absent,2,2,zinc oxide
medication,RXNORM,259145,259145,RXN_259145,oov,pediatric_absent,2,1,valerian root
diagnosis,ICD10,Z62.1,Z621,ICD10_Z621,oov,unknown_unmappable,2,1,Parental overprotection
diagnosis,ICD10,S83.501D,S83501D,ICD10_S83501D,oov,unknown_unmappable,2,1,"Sprain of unspecified cruciate ligament of right knee, subsequent encounter"
diagnosis,ICD10,H05.112,H05112,ICD10_H05112,oov,unknown_unmappable,2,1,"Orbital pseudotumor, left"
drg,DRG,MS341,MS341,DRG_MS341,oov,unknown_unmappable,2,2,APPENDECTOMY W/O COMPLICATED PRINCIPAL DIAG W MCC
procedure,HCPCS,45919,45919,HCPCS_45919,oov,unknown_unmappable,2,2,HX OF REVISION OF PUMP (BACLOFEN)
procedure,HCPCS,45657,45657,HCPCS_45657,oov,unknown_unmappable,2,2,HX UVULECTOMY
medication,RXNORM,848956,848956,RXN_848956,oov,pediatric_absent,2,1,ciprofloxacin HCl
diagnosis,ICD10,H10.403,H10403,ICD10_H10403,oov,unknown_unmappable,2,1,"Chronic conjunctivitis of both eyes, unspecified chronic conjunctivitis type"
diagnosis,ICD10,Z70.9,Z709,ICD10_Z709,oov,unknown_unmappable,2,1,"Sex counseling, unspecified"
diagnosis,ICD10,S60.478S,S60478S,ICD10_S60478S,oov,unknown_unmappable,2,1,"Other superficial bite of other finger, sequela"
diagnosis,ICD10,S59.912D,S59912D,ICD10_S59912D,oov,unknown_unmappable,2,1,"Forearm injury, left, subsequent encounter"
diagnosis,ICD10,P29.81,P2981,ICD10_P2981,oov,unknown_unmappable,2,2,Cardiac arrest of newborn
procedure,HCPCS,28042,28042,HCPCS_28042,oov,unknown_unmappable,2,2,"PR INJECTION,ONABOTULINUMTOXINA"
diagnosis,ICD10,S62.611D,S62611D,ICD10_S62611D,oov,unknown_unmappable,2,1,"Displaced fracture of proximal phalanx of left index finger, subsequent encounter for fracture with routine healing"
diagnosis,ICD10,L02.429,L02429,ICD10_L02429,oov,unknown_unmappable,2,1,"Furuncle of axilla, unspecified laterality"
procedure,HCPCS,42482,42482,HCPCS_42482,oov,unknown_unmappable,2,2,HX TUMOR REMOVAL
procedure,HCPCS,47978,47978,HCPCS_47978,oov,unknown_unmappable,2,2,HX ELBOW SURGERY
diagnosis,ICD10,H47.032,H47032,ICD10_H47032,oov,unknown_unmappable,2,2,"Optic nerve hypoplasia, left eye"
diagnosis,ICD10,H61.93,H6193,ICD10_H6193,oov,unknown_unmappable,2,1,Disorder of both ear lobes
medication,RXNORM,1099878,1099878,RXN_1099878,oov,pediatric_absent,2,1,calcium carbonate
procedure,HCPCS,47945,47945,HCPCS_47945,oov,unknown_unmappable,2,2,HX BURN DEBRIDEMENT SURGERY
diagnosis,ICD10,S53.033A,S53033A,ICD10_S53033A,oov,unknown_unmappable,2,1,Nursemaid's elbow
diagnosis,ICD10,M86.262,M86262,ICD10_M86262,oov,unknown_unmappable,2,1,"Subacute osteomyelitis, left tibia and fibula"
diagnosis,ICD9,764.09,76409,ICD9_76409,oov,code_version_mismatch,2,2,"Light-for-dates without mention of fetal malnutrition, 2,500 or more grams"
diagnosis,ICD9,V18.4,V184,ICD9_V184,oov,code_version_mismatch,2,2,Family history of intellectual disabilities
diagnosis,ICD10,P76.9,P769,PHE_656.6,oov,pediatric_absent,2,2,"Intestinal obstruction of newborn, unspecified"
diagnosis,ICD9,V03.6,V036,ICD9_V036,oov,code_version_mismatch,2,2,Need for immunization against pertussis
diagnosis,ICD10,S90.821D,S90821D,ICD10_S90821D,oov,unknown_unmappable,2,1,"Blister (nonthermal), right foot, subsequent encounter"
medication,RXNORM,308516,308516,RXN_308516,oov,pediatric_absent,2,2,baclofen
drg,DRG,MS519,MS519,DRG_MS519,oov,unknown_unmappable,2,1,BACK & NECK PROC EXC SPINAL FUSION W CC
diagnosis,ICD10,M02.349,M02349,ICD10_M02349,oov,unknown_unmappable,2,1,"Reiter's disease, unspecified hand"
diagnosis,ICD10,M93.003,M93003,ICD10_M93003,oov,unknown_unmappable,2,1,"Slipped proximal femoral epiphysis of hip, unspecified laterality"
diagnosis,ICD10,M67.879,M67879,ICD10_M67879,oov,unknown_unmappable,2,1,"Other specified disorders of synovium and tendon, unspecified ankle and foot"
drg,DRG,OMAPR380,OMAPR380,DRG_OMAPR380,oov,unknown_unmappable,2,1,SKIN ULCERS
diagnosis,ICD10,Z00.5,Z005,ICD10_Z005,oov,unknown_unmappable,2,2,Encounter for examination of potential donor of organ and tissue
medication,RXNORM,313227,313227,RXN_313227,oov,pediatric_absent,2,1,terconazole
drg,DRG,MS578,MS578,DRG_MS578,oov,unknown_unmappable,2,2,SKIN GRAFT EXC FOR SKIN ULCER OR CELLULITIS W/O CC/MCC
procedure,HCPCS,75348,75348,HCPCS_75348,oov,unknown_unmappable,2,2,SKIN BIOPSY
diagnosis,ICD10,M41.123,M41123,ICD10_M41123,oov,unknown_unmappable,2,1,"Adolescent idiopathic scoliosis, cervicothoracic region"
medication,RXNORM,1001691,1001691,RXN_1001691,oov,pediatric_absent,2,1,calcium carb/vitamin D3/vit K1
diagnosis,ICD10,S70.362A,S70362A,ICD10_S70362A,oov,unknown_unmappable,2,2,"Insect bite (nonvenomous), left thigh, initial encounter"
medication,RXNORM,1872979,1872979,RXN_1872979,oov,pediatric_absent,2,1,adalimumab
diagnosis,ICD10,S61.202S,S61202S,ICD10_S61202S,oov,unknown_unmappable,2,1,"Open wound of right middle finger without damage to nail, sequela"
drg,DRG,MS130,MS130,DRG_MS130,oov,unknown_unmappable,2,2,MAJOR HEAD & NECK PROCEDURES W/O CC/MCC
procedure,HCPCS,45802,45802,HCPCS_45802,oov,unknown_unmappable,2,2,VESICOSTOMY
procedure,HCPCS,61706,61706,HCPCS_61706,oov,unknown_unmappable,2,2,CT SCAN BRAIN WITHOUT CONTRAST
procedure,HCPCS,17208,17208,HCPCS_17208,oov,unknown_unmappable,2,2,"PR RELEASE TETHERED SPINAL CORD,LUMBR"
medication,RXNORM,1085745,1085745,RXN_1085745,oov,pediatric_absent,2,2,triamcinolone acetonide
medication,RXNORM,751553,751553,RXN_751553,oov,pediatric_absent,2,1,levonorgestrel-ethin estradiol
medication,RXNORM,797274,797274,RXN_797274,oov,pediatric_absent,2,2,clindamycin phosphate
diagnosis,ICD10,Q70.10,Q7010,ICD10_Q7010,oov,unknown_unmappable,2,2,"Webbed fingers, unspecified hand"
diagnosis,ICD10,S62.656D,S62656D,ICD10_S62656D,oov,unknown_unmappable,2,1,"Nondisplaced fracture of middle phalanx of right little finger, subsequent encounter for fracture with routine healing"
drg,DRG,MS541,MS541,DRG_MS541,oov,unknown_unmappable,2,1,OSTEOMYELITIS W/O CC/MCC
diagnosis,ICD10,M89.252,M89252,ICD10_M89252,oov,unknown_unmappable,2,1,"Other disorders of bone development and growth, left femur"
diagnosis,ICD10,T17.920D,T17920D,ICD10_T17920D,oov,unknown_unmappable,2,2,"Food in respiratory tract, part unspecified causing asphyxiation, subsequent encounter"
procedure,HCPCS,47809,47809,HCPCS_47809,oov,unknown_unmappable,2,2,HX BONE CYST EXCISION
diagnosis,ICD10,S83.522D,S83522D,ICD10_S83522D,oov,unknown_unmappable,2,1,"Sprain of posterior cruciate ligament of left knee, subsequent encounter"
procedure,HCPCS,53754,53754,HCPCS_53754,oov,unknown_unmappable,2,2,RECTAL BIOPSY 45100
diagnosis,ICD10,S89.111A,S89111A,ICD10_S89111A,oov,unknown_unmappable,2,1,"Closed Salter-Harris type I fracture of distal end of right tibia, initial encounter"
procedure,HCPCS,11755,11755,HCPCS_11755,oov,unknown_unmappable,2,2,PR EXCISION TURBINATE
diagnosis,ICD9,763.84,76384,ICD9_76384,oov,code_version_mismatch,2,1,"Meconium in amniotic fluid noted in labor/delivery, liveborn infant"
diagnosis,ICD10,S82.312A,S82312A,ICD10_S82312A,oov,unknown_unmappable,2,1,"Torus fracture of lower end of left tibia, initial encounter for closed fracture"
diagnosis,ICD10,S63.634A,S63634A,ICD10_S63634A,oov,unknown_unmappable,2,1,"Sprain of interphalangeal joint of right ring finger, initial encounter"
diagnosis,ICD10,P36.8,P368,PHE_657,oov,pediatric_absent,2,2,Other bacterial sepsis of newborn
medication,RXNORM,826013,826013,RXN_826013,oov,pediatric_absent,2,1,factor IX human recombinant
diagnosis,ICD10,M25.669,M25669,ICD10_M25669,oov,unknown_unmappable,1,1,Decreased ROM of lower extremity
diagnosis,ICD10,S42.453A,S42453A,ICD10_S42453A,oov,unknown_unmappable,1,1,"Fracture of humerus, lateral condyle, closed"
diagnosis,ICD10,T48.201A,T48201A,ICD10_T48201A,oov,unknown_unmappable,1,1,"Poisoning by unspecified drugs acting on muscles, accidental (unintentional), initial encounter"
diagnosis,ICD10,T79.A12D,T79A12D,ICD10_T79A12D,oov,unknown_unmappable,1,1,"Compartment syndrome of left upper extremity, subsequent encounter"
diagnosis,ICD10,M21.529,M21529,ICD10_M21529,oov,unknown_unmappable,1,1,"Acquired clubhand, unspecified hand"
diagnosis,ICD10,S82.422D,S82422D,ICD10_S82422D,oov,unknown_unmappable,1,1,"Displaced transverse fracture of shaft of left fibula, subsequent encounter for closed fracture with routine healing"
medication,RXNORM,238936,238936,RXN_238936,oov,pediatric_absent,1,1,erythromycin base
medication,RXNORM,349274,349274,RXN_349274,oov,pediatric_absent,1,1,darbepoetin alfa in polysorbat
medication,RXNORM,237982,237982,RXN_237982,oov,pediatric_absent,1,1,sincalide
medication,RXNORM,854901,854901,RXN_854901,oov,pediatric_absent,1,1,bisoprolol fumarate
medication,RXNORM,1596780,1596780,RXN_1596780,oov,pediatric_absent,1,1,testosterone
medication,RXNORM,198999,198999,RXN_198999,oov,pediatric_absent,1,1,"ferrous sulfate, dried"
medication,RXNORM,1421985,1421985,RXN_1421985,oov,pediatric_absent,1,1,chlorpheniramine/dextromethorp
medication,RXNORM,1425854,1425854,RXN_1425854,oov,pediatric_absent,1,1,dextroamphetamine sulfate
medication,RXNORM,1495058,1495058,RXN_1495058,oov,pediatric_absent,1,1,propranolol HCl
medication,RXNORM,1806206,1806206,RXN_1806206,oov,pediatric_absent,1,1,methylphenidate HCl
medication,RXNORM,1863986,1863986,RXN_1863986,oov,pediatric_absent,1,1,potassium chloride/D5-0.3%NaCl
diagnosis,ICD10,S61.302A,S61302A,ICD10_S61302A,oov,unknown_unmappable,1,1,"Unspecified open wound of right middle finger with damage to nail, initial encounter"
diagnosis,ICD10,T18.108D,T18108D,ICD10_T18108D,oov,unknown_unmappable,1,1,"Foreign body in esophagus, subsequent encounter"
diagnosis,ICD10,T39.91XA,T3991XA,ICD10_T3991XA,oov,unknown_unmappable,1,1,"Poisoning by unspecified nonopioid analgesic, antipyretic and antirheumatic, accidental (unintentional), initial encounter"
diagnosis,ICD10,S52.622A,S52622A,ICD10_S52622A,oov,unknown_unmappable,1,1,"Torus fracture of lower end of left ulna, initial encounter for closed fracture"
diagnosis,ICD10,S21.052A,S21052A,ICD10_S21052A,oov,unknown_unmappable,1,1,"Open bite of left breast, initial encounter"
diagnosis,ICD10,S92.514B,S92514B,ICD10_S92514B,oov,unknown_unmappable,1,1,"Open nondisplaced fracture of proximal phalanx of lesser toe of right foot, initial encounter"
diagnosis,ICD10,S80.869D,S80869D,ICD10_S80869D,oov,unknown_unmappable,1,1,"Insect bite of lower extremity, unspecified laterality, subsequent encounter"
diagnosis,ICD10,T23.109A,T23109A,ICD10_T23109A,oov,unknown_unmappable,1,1,"Burn, hand, first degree"
diagnosis,ICD10,H73.20,H7320,ICD10_H7320,oov,unknown_unmappable,1,1,Myringitis
diagnosis,ICD10,S89.90XD,S8990XD,ICD10_S8990XD,oov,unknown_unmappable,1,1,"Leg injury, unspecified laterality, subsequent encounter"
diagnosis,ICD10,T24.111A,T24111A,ICD10_T24111A,oov,unknown_unmappable,1,1,"Burn of first degree of right thigh, initial encounter"
diagnosis,ICD10,S82.55XD,S8255XD,ICD10_S8255XD,oov,unknown_unmappable,1,1,"Nondisplaced fracture of medial malleolus of left tibia, subsequent encounter for closed fracture with routine healing"
diagnosis,ICD10,H16.149,H16149,ICD10_H16149,oov,unknown_unmappable,1,1,"Punctate keratitis, unspecified eye"
medication,RXNORM,1368034,1368034,RXN_1368034,oov,pediatric_absent,1,1,alogliptin benzoate
medication,RXNORM,1923359,1923359,RXN_1923359,oov,pediatric_absent,1,1,Lactobacillus rhamnosus GG
medication,RXNORM,508,508,RXN_508,oov,pediatric_absent,1,1,allantoin
diagnosis,ICD10,T80.62XA,T8062XA,ICD10_T8062XA,oov,unknown_unmappable,1,1,"Other serum reaction due to vaccination, initial encounter"
diagnosis,ICD10,T25.321D,T25321D,ICD10_T25321D,oov,unknown_unmappable,1,1,"Burn of third degree of right foot, subsequent encounter"
diagnosis,ICD10,S52.232A,S52232A,ICD10_S52232A,oov,unknown_unmappable,1,1,"Displaced oblique fracture of shaft of left ulna, initial encounter for closed fracture"
diagnosis,ICD10,O36.5910,O365910,ICD10_O365910,oov,unknown_unmappable,1,1,"Poor fetal growth affecting management of mother in first trimester, single or unspecified fetus"
diagnosis,ICD10,S21.032A,S21032A,ICD10_S21032A,oov,unknown_unmappable,1,1,"Puncture wound without foreign body of left breast, initial encounter"
diagnosis,ICD10,R94.111,R94111,ICD10_R94111,oov,unknown_unmappable,1,1,Abnormal electroretinogram (ERG)
diagnosis,ICD10,V86.69XD,V8669XD,ICD10_V8669XD,oov,unknown_unmappable,1,1,"Passenger of other special all-terrain or other off-road motor vehicle injured in nontraffic accident, subsequent encounter"
diagnosis,ICD10,P83.30,P8330,ICD10_P8330,oov,unknown_unmappable,1,1,Unspecified edema specific to newborn
medication,RXNORM,237931,237931,RXN_237931,oov,pediatric_absent,1,1,senna
medication,RXNORM,833709,833709,RXN_833709,oov,pediatric_absent,1,1,tramadol HCl
medication,RXNORM,657569,657569,RXN_657569,oov,pediatric_absent,1,1,Lactobacillus acidophilus
medication,RXNORM,855906,855906,RXN_855906,oov,pediatric_absent,1,1,diclofenac sodium
medication,RXNORM,308743,308743,RXN_308743,oov,pediatric_absent,1,1,biotin
medication,RXNORM,349013,349013,RXN_349013,oov,pediatric_absent,1,1,lipase/protease/amylase
diagnosis,ICD10,P03.82,P0382,ICD10_P0382,oov,unknown_unmappable,1,1,Meconium passage during delivery
diagnosis,ICD10,S59.201A,S59201A,ICD10_S59201A,oov,unknown_unmappable,1,1,"Unspecified physeal fracture of lower end of radius, right arm, initial encounter for closed fracture"
diagnosis,ICD10,S01.132A,S01132A,ICD10_S01132A,oov,unknown_unmappable,1,1,"Puncture wound without foreign body of left eyelid and periocular area, initial encounter"
diagnosis,ICD10,S83.271D,S83271D,ICD10_S83271D,oov,unknown_unmappable,1,1,"Complex tear of lateral meniscus of right knee as current injury, subsequent encounter"
diagnosis,ICD10,S53.195D,S53195D,ICD10_S53195D,oov,unknown_unmappable,1,1,"Other dislocation of left ulnohumeral joint, subsequent encounter"
diagnosis,ICD10,W27.3XXS,W273XXS,ICD10_W273XXS,oov,unknown_unmappable,1,1,"Contact with needle (sewing), sequela"
diagnosis,ICD10,S31.30XD,S3130XD,ICD10_S3130XD,oov,unknown_unmappable,1,1,"Open wound of scrotum, subsequent encounter"
medication,RXNORM,4477,4477,RXN_4477,oov,pediatric_absent,1,1,Multivits with Iron & Fluoride
medication,RXNORM,359396,359396,RXN_359396,oov,pediatric_absent,1,1,ubidecarenone
diagnosis,ICD10,M65.332,M65332,ICD10_M65332,oov,unknown_unmappable,1,1,"Trigger finger, left middle finger"
diagnosis,ICD9,766.21,76621,ICD9_76621,oov,code_version_mismatch,1,1,Post-term infant
diagnosis,ICD10,T23.022A,T23022A,ICD10_T23022A,oov,unknown_unmappable,1,1,"Burn of unspecified degree of single left finger (nail) except thumb, initial encounter"
medication,RXNORM,141850,141850,RXN_141850,oov,pediatric_absent,1,1,desoximetasone
medication,RXNORM,905451,905451,RXN_905451,oov,pediatric_absent,1,1,levothyroxine sodium
medication,RXNORM,242333,242333,RXN_242333,oov,pediatric_absent,1,1,estradiol
diagnosis,ICD9,762.5,7625,ICD9_7625,oov,code_version_mismatch,1,1,Fetus or newborn affected by other compression of umbilical cord
diagnosis,ICD10,S31.819D,S31819D,ICD10_S31819D,oov,unknown_unmappable,1,1,"Wound, open, buttock, right, subsequent encounter"
diagnosis,ICD10,T80.219S,T80219S,ICD10_T80219S,oov,unknown_unmappable,1,1,"Central venous line infection, sequela"
diagnosis,ICD9,779.83,77983,ICD9_77983,oov,code_version_mismatch,1,1,Delayed separation of umbilical cord
diagnosis,ICD10,V80.918A,V80918A,ICD10_V80918A,oov,unknown_unmappable,1,1,"Animal-rider injured in other transport accident, initial encounter"
diagnosis,ICD10,T43.011S,T43011S,ICD10_T43011S,oov,unknown_unmappable,1,1,"Overdose of tricyclic antidepressants, accidental or unintentional, sequela"
diagnosis,ICD10,S86.009A,S86009A,ICD10_S86009A,oov,unknown_unmappable,1,1,"Achilles tendon injury, unspecified laterality, initial encounter"
diagnosis,ICD10,S86.009D,S86009D,ICD10_S86009D,oov,unknown_unmappable,1,1,"Achilles tendon injury, unspecified laterality, subsequent encounter"
diagnosis,ICD10,Z30.019,Z30019,ICD10_Z30019,oov,unknown_unmappable,1,1,"Encounter for initial prescription of contraceptives, unspecified"
diagnosis,ICD10,Z02.9,Z029,ICD10_Z029,oov,unknown_unmappable,1,1,Discharge planning issues
diagnosis,ICD10,H59.319,H59319,ICD10_H59319,oov,unknown_unmappable,1,1,Postprocedural hemorrhage of unspecified eye and adnexa following an ophthalmic procedure
medication,RXNORM,798276,798276,RXN_798276,oov,pediatric_absent,1,1,"human papilomvirus vac,qval/PF"
medication,RXNORM,790436,790436,RXN_790436,oov,pediatric_absent,1,1,magnesium hydroxide
medication,RXNORM,1049154,1049154,RXN_1049154,oov,pediatric_absent,1,1,pseudoephedrine HCl
medication,RXNORM,618552,618552,RXN_618552,oov,pediatric_absent,1,1,meclofenamate sodium
medication,RXNORM,1797895,1797895,RXN_1797895,oov,pediatric_absent,1,1,olopatadine HCl
procedure,HCPCS,47158,47158,HCPCS_47158,oov,unknown_unmappable,1,1,TRACTION ORDERED
procedure,HCPCS,55574,55574,HCPCS_55574,oov,unknown_unmappable,1,1,"HX SPINAL FUSION, 7-12 VERTEBRAL SEGMENTS"
procedure,HCPCS,18592,18592,HCPCS_18592,oov,unknown_unmappable,1,1,"CHG MRI, CERV SPINE COMBO"
procedure,HCPCS,62941,62941,HCPCS_62941,oov,unknown_unmappable,1,1,VALVE MELODY
procedure,HCPCS,15346,15346,HCPCS_15346,oov,unknown_unmappable,1,1,PR ANASTOMOSE URETER/RENAL CALYX
procedure,HCPCS,41251,41251,HCPCS_41251,oov,unknown_unmappable,1,1,NASOGASTRIC TUBE MAINTENANCE
procedure,HCPCS,42696,42696,HCPCS_42696,oov,unknown_unmappable,1,1,HX PELVIC FRACTURE TX
procedure,HCPCS,42610,42610,HCPCS_42610,oov,unknown_unmappable,1,1,HX BLADDER REPAIR
procedure,HCPCS,48011,48011,HCPCS_48011,oov,unknown_unmappable,1,1,HX FOREARM SURGERY
procedure,HCPCS,16522,16522,HCPCS_16522,oov,unknown_unmappable,1,1,"PR FULL ROUT OBSTE CARE,VAGINAL DELIV"
procedure,HCPCS,82033,82033,HCPCS_82033,oov,unknown_unmappable,1,1,ILEOSTOMY (END)
procedure,HCPCS,47897,47897,HCPCS_47897,oov,unknown_unmappable,1,1,HX URETHROMEATOPLASTY
procedure,HCPCS,18588,18588,HCPCS_18588,oov,unknown_unmappable,1,1,"CHG MRI, LUMBAR SPINE"
procedure,HCPCS,11231,11231,HCPCS_11231,oov,unknown_unmappable,1,1,PR EXCIS TARSAL COALITION
procedure,HCPCS,18198,18198,HCPCS_18198,oov,unknown_unmappable,1,1,PHOTO OTOSCOPY
procedure,HCPCS,130,130,HCPCS_130,oov,unknown_unmappable,1,1,"PR BSO, OMENTECTOMY W/TAH"
procedure,HCPCS,53160,53160,HCPCS_53160,oov,unknown_unmappable,1,1,BAHA IMPLANT
procedure,HCPCS,47724,47724,HCPCS_47724,oov,unknown_unmappable,1,1,HX ENDOMYOCARDIAL BIOPSY
procedure,HCPCS,47642,47642,HCPCS_47642,oov,unknown_unmappable,1,1,HX NASAL SEPTUM SURGERY
procedure,HCPCS,45996,45996,HCPCS_45996,oov,unknown_unmappable,1,1,HX ASP. ABCESS/CYST/HEMATOMA
procedure,HCPCS,45947,45947,HCPCS_45947,oov,unknown_unmappable,1,1,HX FEMORAL HEAD RESECTION  (FEMUR)
procedure,HCPCS,7681,7681,HCPCS_7681,oov,unknown_unmappable,1,1,"PR ANESTH,HIP JOINT SURGERY"
procedure,HCPCS,48139,48139,HCPCS_48139,oov,unknown_unmappable,1,1,HX SPINE SURGERY
procedure,HCPCS,44787,44787,HCPCS_44787,oov,unknown_unmappable,1,1,CONSULT TO CARDIO-THORACIC SURGERY
procedure,HCPCS,47971,47971,HCPCS_47971,oov,unknown_unmappable,1,1,HX DIALYSIS FISTULA CREATION
procedure,HCPCS,34202,34202,HCPCS_34202,oov,unknown_unmappable,1,1,NUC PERITONEAL VENOUS SHUNT
procedure,HCPCS,13929,13929,HCPCS_13929,oov,unknown_unmappable,1,1,"PR REMOVAL ADENOIDS,SECOND,<12 Y/O"
procedure,HCPCS,47068,47068,HCPCS_47068,oov,unknown_unmappable,1,1,BARIUM ENEMA
procedure,HCPCS,11249,11249,HCPCS_11249,oov,unknown_unmappable,1,1,"PR REMOVAL OF SINGLE TOE,EACH"
procedure,HCPCS,9773,9773,HCPCS_9773,oov,unknown_unmappable,1,1,PR UPPER ARM/ELBOW SURGERY UNLISTED
procedure,HCPCS,41083,41083,HCPCS_41083,oov,unknown_unmappable,1,1,CELLULITIS CRITICAL PATHWAY
procedure,HCPCS,32990,32990,HCPCS_32990,oov,unknown_unmappable,1,1,NASAL AIRWAY
procedure,HCPCS,51795,51795,HCPCS_51795,oov,unknown_unmappable,1,1,20MM ASO DEVICE
procedure,HCPCS,48001,48001,HCPCS_48001,oov,unknown_unmappable,1,1,HX FINGER TRIGGER RELEASE
procedure,HCPCS,60797,60797,HCPCS_60797,oov,unknown_unmappable,1,1,COLOSTOMY TAKEDOWN
procedure,HCPCS,82055,82055,HCPCS_82055,oov,unknown_unmappable,1,1,CECOSTOMY WITH BUTTON DEVICE
procedure,HCPCS,50248,50248,HCPCS_50248,oov,unknown_unmappable,1,1,HX PULMONARY BALLOON VALVULOPLASTY
procedure,HCPCS,608,608,HCPCS_608,oov,unknown_unmappable,1,1,REPAIR RETINAL DETACH
procedure,HCPCS,59532,59532,HCPCS_59532,oov,unknown_unmappable,1,1,LP FOR CHEMO
procedure,HCPCS,51752,51752,HCPCS_51752,oov,unknown_unmappable,1,1,ROD SPINAL
procedure,HCPCS,42564,42564,HCPCS_42564,oov,unknown_unmappable,1,1,HX ABDOMINAL WALL DEFECT REPAIR
procedure,HCPCS,34428,34428,HCPCS_34428,oov,unknown_unmappable,1,1,US HEAD
procedure,HCPCS,42506,42506,HCPCS_42506,oov,unknown_unmappable,1,1,HX THORACOTOMY
procedure,HCPCS,82057,82057,HCPCS_82057,oov,unknown_unmappable,1,1,CECOSTOMY TAKEDOWN
procedure,HCPCS,46028,46028,HCPCS_46028,oov,unknown_unmappable,1,1,HX ESS WITH SPHENOIDECTOMY
procedure,HCPCS,47720,47720,HCPCS_47720,oov,unknown_unmappable,1,1,HX COARCTATION OF AORTA REPAIR
procedure,HCPCS,64227,64227,HCPCS_64227,oov,unknown_unmappable,1,1,DEBRIDEMENT MASTOID SIMPLE
procedure,HCPCS,47757,47757,HCPCS_47757,oov,unknown_unmappable,1,1,HX GASTROSTOMY TUBE CHANGE
procedure,HCPCS,47709,47709,HCPCS_47709,oov,unknown_unmappable,1,1,"MIRENA IUD,REMOVAL"
procedure,HCPCS,42746,42746,HCPCS_42746,oov,unknown_unmappable,1,1,"HX ATRIAL SEPTAL DEFECT REPAIR, NOS"
procedure,HCPCS,45950,45950,HCPCS_45950,oov,unknown_unmappable,1,1,HX G-J TUBE REMOVAL
procedure,HCPCS,44102,44102,HCPCS_44102,oov,unknown_unmappable,1,1,"GUANIDINOACETATE PROFILE, URINE"
procedure,HCPCS,65440,65440,HCPCS_65440,oov,unknown_unmappable,1,1,"EGD, FLEX, ORAL;W/DIRECT PLACE OF PERCU G-TUBE"
procedure,HCPCS,82049,82049,HCPCS_82049,oov,unknown_unmappable,1,1,SOAVE PULL-THROUGH
procedure,HCPCS,47810,47810,HCPCS_47810,oov,unknown_unmappable,1,1,HX BONE GRAFT
procedure,HCPCS,50046,50046,HCPCS_50046,oov,unknown_unmappable,1,1,"HX FONTAN, TCPC, EXTERNAL CONDUIT, NONFENESTRATED"
procedure,HCPCS,43772,43772,HCPCS_43772,oov,unknown_unmappable,1,1,MR PELVIS WITHOUT THEN WITH CONTRAST
procedure,HCPCS,45771,45771,HCPCS_45771,oov,unknown_unmappable,1,1,HX MEATOTOMY
procedure,HCPCS,47880,47880,HCPCS_47880,oov,unknown_unmappable,1,1,URETHRAL STRICTURE DILATATION
procedure,HCPCS,94220,94220,HCPCS_94220,oov,unknown_unmappable,1,1,"INJ PROC, CYSTOGRAPHY OR VCUG"
procedure,HCPCS,93395,93395,HCPCS_93395,oov,unknown_unmappable,1,1,HX MRI ANGIOGRAPHY HEAD/NECK
procedure,HCPCS,41425,41425,HCPCS_41425,oov,unknown_unmappable,1,1,REMOVE SUTURES
procedure,HCPCS,48086,48086,HCPCS_48086,oov,unknown_unmappable,1,1,HX PALATE SURGERY
procedure,HCPCS,50975,50975,HCPCS_50975,oov,unknown_unmappable,1,1,CATH ABLATION SVT
procedure,HCPCS,135360,135360,HCPCS_135360,oov,unknown_unmappable,1,1,PR BACT COMMUNITY-ACQUIRED PNEUMONIA ASSESSMENT
procedure,HCPCS,48288,48288,HCPCS_48288,oov,unknown_unmappable,1,1,HX FOOT TENDON SURGERY
procedure,HCPCS,15057,15057,HCPCS_15057,oov,unknown_unmappable,1,1,"PR LAP,DIAGNOSTIC ABDOMEN"
procedure,HCPCS,17006,17006,HCPCS_17006,oov,unknown_unmappable,1,1,"PR NEUROENDOSCOP,PLACE/REPLACE VENTCATH"
procedure,HCPCS,42474,42474,HCPCS_42474,oov,unknown_unmappable,1,1,HX BREAST REDUCTION
procedure,HCPCS,47905,47905,HCPCS_47905,oov,unknown_unmappable,1,1,HX ABDOMINAL WALL SURGERY
procedure,HCPCS,46316,46316,HCPCS_46316,oov,unknown_unmappable,1,1,HX NEPHROSTOMY TUBE
procedure,HCPCS,7541,7541,HCPCS_7541,oov,unknown_unmappable,1,1,"PR ANESTH,REPAIR UP HERNIA DIAPHRAGM"
medication,RXNORM,2043306,2043306,RXN_2043306,oov,pediatric_absent,1,1,rabies immune globulin/PF
medication,RXNORM,313453,313453,RXN_313453,oov,pediatric_absent,1,1,tretinoin microspheres
diagnosis,ICD10,T38.5X5D,T385X5D,ICD10_T385X5D,oov,unknown_unmappable,1,1,"Adverse effect of megestrol, subsequent encounter"
diagnosis,ICD10,M42.06,M4206,ICD10_M4206,oov,unknown_unmappable,1,1,"Juvenile osteochondrosis of spine, lumbar region"
diagnosis,ICD10,H10.401,H10401,ICD10_H10401,oov,unknown_unmappable,1,1,"Chronic conjunctivitis of right eye, unspecified chronic conjunctivitis type"
diagnosis,ICD10,T63.454A,T63454A,ICD10_T63454A,oov,unknown_unmappable,1,1,"Sting from hornet, wasp, or bee, undetermined intent, initial encounter"
medication,RXNORM,197372,197372,RXN_197372,oov,pediatric_absent,1,1,anthralin
medication,RXNORM,995615,995615,RXN_995615,oov,pediatric_absent,1,1,ferrous sulfate
diagnosis,ICD10,S50.869A,S50869A,ICD10_S50869A,oov,unknown_unmappable,1,1,"Insect bite of forearm, unspecified laterality, initial encounter"
diagnosis,ICD10,T81.9XXD,T819XXD,ICD10_T819XXD,oov,unknown_unmappable,1,1,"Circumcision complication, subsequent encounter"
diagnosis,ICD10,M26.06,M2606,ICD10_M2606,oov,unknown_unmappable,1,1,Microgenia
diagnosis,ICD10,T75.3XXD,T753XXD,ICD10_T753XXD,oov,unknown_unmappable,1,1,"Motion sickness, subsequent encounter"
diagnosis,ICD10,S21.002S,S21002S,ICD10_S21002S,oov,unknown_unmappable,1,1,"Wound of left breast, sequela"
diagnosis,ICD10,H16.212,H16212,ICD10_H16212,oov,unknown_unmappable,1,1,Exposure keratoconjunctivitis of left eye
diagnosis,ICD10,T56.0X1A,T560X1A,ICD10_T560X1A,oov,unknown_unmappable,1,1,"Toxic effect of lead and its compounds, accidental (unintentional), initial encounter"
diagnosis,ICD10,S02.85XK,S0285XK,ICD10_S0285XK,oov,unknown_unmappable,1,1,"Fracture of orbit, right, closed, with nonunion, subsequent encounter"
diagnosis,ICD10,T88.59XD,T8859XD,ICD10_T8859XD,oov,unknown_unmappable,1,1,"Nausea after anesthesia, subsequent encounter"
medication,RXNORM,8345,8345,RXN_8345,oov,pediatric_absent,1,1,piperonyl/pyrethrins/resmethrn
medication,RXNORM,1233778,1233778,RXN_1233778,oov,pediatric_absent,1,1,epinephrine in 0.9 % NaCl/PF
medication,RXNORM,885578,885578,RXN_885578,oov,pediatric_absent,1,1,ferrous sulfate
medication,RXNORM,808748,808748,RXN_808748,oov,pediatric_absent,1,1,venlafaxine HCl
diagnosis,ICD10,S89.301A,S89301A,ICD10_S89301A,oov,unknown_unmappable,1,1,"Unspecified physeal fracture of lower end of right fibula, initial encounter for closed fracture"
medication,RXNORM,313786,313786,RXN_313786,oov,pediatric_absent,1,1,hydrocortisone/acetic acid
medication,RXNORM,259586,259586,RXN_259586,oov,pediatric_absent,1,1,ferrous sulfate
medication,RXNORM,1551295,1551295,RXN_1551295,oov,pediatric_absent,1,1,dulaglutide
medication,RXNORM,1424612,1424612,RXN_1424612,oov,pediatric_absent,1,1,salicylic acid
diagnosis,ICD10,Z04.2,Z042,ICD10_Z042,oov,unknown_unmappable,1,1,Encounter for examination and observation following work accident
diagnosis,ICD10,W27.3XXD,W273XXD,ICD10_W273XXD,oov,unknown_unmappable,1,1,"Contact with needle (sewing), subsequent encounter"
medication,RXNORM,1099861,1099861,RXN_1099861,oov,pediatric_absent,1,1,calcium carbonate/vitamin D3
medication,RXNORM,1246673,1246673,RXN_1246673,oov,pediatric_absent,1,1,ivermectin
diagnosis,ICD10,G43.519,G43519,ICD10_G43519,oov,unknown_unmappable,1,1,"Migraine aura, persistent, intractable"
diagnosis,ICD10,S43.016A,S43016A,ICD10_S43016A,oov,unknown_unmappable,1,1,"Anterior shoulder dislocation, initial encounter"
diagnosis,ICD10,W23.1XXD,W231XXD,ICD10_W231XXD,oov,unknown_unmappable,1,1,"Caught, crushed, jammed, or pinched between stationary objects, subsequent encounter"
diagnosis,ICD10,Q53.22,Q5322,ICD10_Q5322,oov,unknown_unmappable,1,1,"Ectopic perineal testis, bilateral"
diagnosis,ICD9,776.3,7763,PHE_656.5,oov,pediatric_absent,1,1,Other transient neonatal disorders of coagulation
medication,RXNORM,389122,389122,RXN_389122,oov,pediatric_absent,1,1,benzoyl peroxide
medication,RXNORM,237506,237506,RXN_237506,oov,pediatric_absent,1,1,ferrous sulfate
diagnosis,ICD9,764.08,76408,ICD9_76408,oov,code_version_mismatch,1,1,"Light-for-dates without mention of fetal malnutrition, 2,000-2,499 grams"
diagnosis,ICD10,H54.2X22,H542X22,ICD10_H542X22,oov,unknown_unmappable,1,1,Visual impairment severe bilaterally
diagnosis,ICD10,M21.249,M21249,ICD10_M21249,oov,unknown_unmappable,1,1,Flexion deformity of finger
diagnosis,ICD9,942.02,94202,ICD9_94202,oov,code_version_mismatch,1,1,Burn of chest wall
diagnosis,ICD10,T43.014D,T43014D,ICD10_T43014D,oov,unknown_unmappable,1,1,"Tricyclic antidepressant overdose of undetermined intent, subsequent encounter"
diagnosis,ICD10,T74.92XD,T7492XD,ICD10_T7492XD,oov,unknown_unmappable,1,1,"Unspecified child maltreatment, confirmed, subsequent encounter"
diagnosis,ICD10,F34.89,F3489,ICD10_F3489,oov,unknown_unmappable,1,1,Other specified persistent mood disorders
medication,RXNORM,200193,200193,RXN_200193,oov,pediatric_absent,1,1,zolmitriptan
medication,RXNORM,198373,198373,RXN_198373,oov,pediatric_absent,1,1,calcipotriene
medication,RXNORM,790278,790278,RXN_790278,oov,pediatric_absent,1,1,mometasone furoate
medication,RXNORM,1989809,1989809,RXN_1989809,oov,pediatric_absent,1,1,emicizumab-kxwh
diagnosis,ICD10,S76.302A,S76302A,ICD10_S76302A,oov,unknown_unmappable,1,1,"Hamstring injury, left, initial encounter"
diagnosis,ICD10,S42.002G,S42002G,ICD10_S42002G,oov,unknown_unmappable,1,1,"Closed displaced fracture of left clavicle with delayed healing, unspecified part of clavicle, subsequent encounter"
diagnosis,ICD10,S61.314A,S61314A,ICD10_S61314A,oov,unknown_unmappable,1,1,"Laceration of right ring finger without foreign body with damage to nail, initial encounter"
diagnosis,ICD10,S72.092B,S72092B,ICD10_S72092B,oov,unknown_unmappable,1,1,"Other type I or II open fracture of head or neck of left femur, initial encounter"
diagnosis,ICD10,V09.3XXS,V093XXS,ICD10_V093XXS,oov,unknown_unmappable,1,1,"Pedestrian injured in traffic accident, sequela"
diagnosis,ICD10,S02.113S,S02113S,ICD10_S02113S,oov,unknown_unmappable,1,1,"Closed fracture of occipital condyle, unspecified laterality, sequela"
diagnosis,ICD10,Z13.810,Z13810,ICD10_Z13810,oov,unknown_unmappable,1,1,Swallowing study performed
diagnosis,ICD10,P59.3,P593,PHE_656.8,oov,pediatric_absent,1,1,Breast milk jaundice
medication,RXNORM,1869697,1869697,RXN_1869697,oov,pediatric_absent,1,1,linaclotide
medication,RXNORM,1246825,1246825,RXN_1246825,oov,pediatric_absent,1,1,hyaluronate sodium
procedure,HCPCS,46433,46433,HCPCS_46433,oov,unknown_unmappable,1,1,BARIATRIC - MAGNUM
procedure,HCPCS,48000,48000,HCPCS_48000,oov,unknown_unmappable,1,1,HX FINGER SURGERY
procedure,HCPCS,42574,42574,HCPCS_42574,oov,unknown_unmappable,1,1,HX GASTRECTOMY
procedure,HCPCS,49932,49932,HCPCS_49932,oov,unknown_unmappable,1,1,HX ARTERIAL SWITCH OPERATION (ASO)
procedure,HCPCS,12549,12549,HCPCS_12549,oov,unknown_unmappable,1,1,PR REPR ASD & VSD
procedure,HCPCS,56893,56893,HCPCS_56893,oov,unknown_unmappable,1,1,PERC.NEPHROSTOMY TUBE
procedure,HCPCS,13921,13921,HCPCS_13921,oov,unknown_unmappable,1,1,"PR REMOVAL OF TONSILS,<12 Y/O"
procedure,HCPCS,50056,50056,HCPCS_50056,oov,unknown_unmappable,1,1,HX HEMIFONTAN
procedure,HCPCS,11891,11891,HCPCS_11891,oov,unknown_unmappable,1,1,"PR NASAL SCOPY,OPEN MAXILL SINUS"
procedure,HCPCS,50096,50096,HCPCS_50096,oov,unknown_unmappable,1,1,"HX PA, RECONSTRUCTION(PLASTY), NOS"
procedure,HCPCS,46072,46072,HCPCS_46072,oov,unknown_unmappable,1,1,HX REMOVAL PHARYNGEAL FB
procedure,HCPCS,85833,85833,HCPCS_85833,oov,unknown_unmappable,1,1,ADNOIDECTOMY ONLY (42830/42831) - OR TIME
procedure,HCPCS,68323,68323,HCPCS_68323,oov,unknown_unmappable,1,1,FOREIGN BODY REMOVAL- EAR
procedure,HCPCS,42636,42636,HCPCS_42636,oov,unknown_unmappable,1,1,OVARIAN CYST REMOVAL
procedure,HCPCS,47914,47914,HCPCS_47914,oov,unknown_unmappable,1,1,"HX VALVE SURGERY, OTHER, AORTIC"
procedure,HCPCS,82584,82584,HCPCS_82584,oov,unknown_unmappable,1,1,ENDOSCOPIC SURGERY (ARACHNOID CYST FENESTRATION)
procedure,HCPCS,52020,52020,HCPCS_52020,oov,unknown_unmappable,1,1,PR RAD RESECTION TUMOR SOFT TISS PELVIS&HIP 5 CM/>
procedure,HCPCS,56265,56265,HCPCS_56265,oov,unknown_unmappable,1,1,LAP APPY KIT
procedure,HCPCS,64104,64104,HCPCS_64104,oov,unknown_unmappable,1,1,MR BRAIN W CONTRST
procedure,HCPCS,10931,10931,HCPCS_10931,oov,unknown_unmappable,1,1,PR INCIS ACHILLES TENDON+GEN ANESTH
procedure,HCPCS,33432,33432,HCPCS_33432,oov,unknown_unmappable,1,1,XR TEAR DUCT
procedure,HCPCS,48074,48074,HCPCS_48074,oov,unknown_unmappable,1,1,HX MOUTH SURGERY
procedure,HCPCS,14707,14707,HCPCS_14707,oov,unknown_unmappable,1,1,"PR REPAIR  ANAL FISTULA,RECT ADV FLAP"
procedure,HCPCS,17838,17838,HCPCS_17838,oov,unknown_unmappable,1,1,PR OPHTHALMIC ENDOSCOPE USE
procedure,HCPCS,18146,18146,HCPCS_18146,oov,unknown_unmappable,1,1,PR PROBE NASOLACRIMAL DUCT
procedure,HCPCS,129055,129055,HCPCS_129055,oov,unknown_unmappable,1,1,PR DIAGNOSTIC BONE MARROW ASPIRATIONS
procedure,HCPCS,7943,7943,HCPCS_7943,oov,unknown_unmappable,1,1,WOUND DEBRIDEMENT
procedure,HCPCS,11267,11267,HCPCS_11267,oov,unknown_unmappable,1,1,"PR REPAIR FLEX FOOT TENDON,EA"
procedure,HCPCS,82650,82650,HCPCS_82650,oov,unknown_unmappable,1,1,CRANIAL SURGERY (FUNCTIONAL)
procedure,HCPCS,10353,10353,HCPCS_10353,oov,unknown_unmappable,1,1,PR PRQ SKEL FIXATION CARP/MTCRPL FX DISLOCATE THUMB
procedure,HCPCS,48705,48705,HCPCS_48705,oov,unknown_unmappable,1,1,"TOENAIL REMOVAL, FULL OR PART"
procedure,HCPCS,47556,47556,HCPCS_47556,oov,unknown_unmappable,1,1,SIGMOIDECTOMY
procedure,HCPCS,42698,42698,HCPCS_42698,oov,unknown_unmappable,1,1,HX FEMUR FRACTURE TX
procedure,HCPCS,8859,8859,HCPCS_8859,oov,unknown_unmappable,1,1,PR PREP FACE/ORAL PROST MANDIBULAR
procedure,HCPCS,16800,16800,HCPCS_16800,oov,unknown_unmappable,1,1,PR EXCISION CRANIOPHARYNGIOMA
procedure,HCPCS,47962,47962,HCPCS_47962,oov,unknown_unmappable,1,1,HX COLON SURGERY
procedure,HCPCS,529,529,HCPCS_529,oov,unknown_unmappable,1,1,INSERT PICC LINE
procedure,HCPCS,44889,44889,HCPCS_44889,oov,unknown_unmappable,1,1,CENTRAL VENOUS CATHETER MAINTENANCE
procedure,HCPCS,39306,39306,HCPCS_39306,oov,unknown_unmappable,1,1,BIOPSY RECTAL
procedure,HCPCS,44447,44447,HCPCS_44447,oov,unknown_unmappable,1,1,CVL CATHETER KIT
procedure,HCPCS,42792,42792,HCPCS_42792,oov,unknown_unmappable,1,1,HX LOBECTOMY
procedure,HCPCS,47255,47255,HCPCS_47255,oov,unknown_unmappable,1,1,PD ACUTE CATHETER
procedure,HCPCS,42770,42770,HCPCS_42770,oov,unknown_unmappable,1,1,HX RENAL BIOPSY
procedure,HCPCS,48247,48247,HCPCS_48247,oov,unknown_unmappable,1,1,HX CLEFT FOOT REPAIR
procedure,HCPCS,47934,47934,HCPCS_47934,oov,unknown_unmappable,1,1,BLADDER SURGERY
procedure,HCPCS,44257,44257,HCPCS_44257,oov,unknown_unmappable,1,1,NASAL FRACTURE REDUCTION
procedure,HCPCS,82716,82716,HCPCS_82716,oov,unknown_unmappable,1,1,SPINAL DYSRAPHISM/TETHERING SURGERY
procedure,HCPCS,82068,82068,HCPCS_82068,oov,unknown_unmappable,1,1,TRANSVERSE COLECTOMY
procedure,HCPCS,57769,57769,HCPCS_57769,oov,unknown_unmappable,1,1,STENT
procedure,HCPCS,12021,12021,HCPCS_12021,oov,unknown_unmappable,1,1,"PR TRACHEOSTOMY, <2 Y/O"
procedure,HCPCS,44232,44232,HCPCS_44232,oov,unknown_unmappable,1,1,I&D - PERIRECTAL ABSCESS
procedure,HCPCS,15692,15692,HCPCS_15692,oov,unknown_unmappable,1,1,"PR EXCIS URETHRAL TIC,MALE"
procedure,HCPCS,44011,44011,HCPCS_44011,oov,unknown_unmappable,1,1,MR SPINE THORACIC WITH CONTRAST
procedure,HCPCS,46983,46983,HCPCS_46983,oov,unknown_unmappable,1,1,PERITONEAL DIALYSIS CATHETER
procedure,HCPCS,44643,44643,HCPCS_44643,oov,unknown_unmappable,1,1,IR LUMBAR PUNCTURE FOR CHEMOTHERAPY
procedure,HCPCS,45954,45954,HCPCS_45954,oov,unknown_unmappable,1,1,ILEOSTOMY
procedure,HCPCS,46756,46756,HCPCS_46756,oov,unknown_unmappable,1,1,ANORECTAL MANOMETRY
procedure,HCPCS,42638,42638,HCPCS_42638,oov,unknown_unmappable,1,1,HX LYSIS OF ADHESIONS
procedure,HCPCS,129657,129657,HCPCS_129657,oov,unknown_unmappable,1,1,PR SIGMOIDOSCOPY FLX DX W/COLLJ SPEC BR/WA IF PFRMD
procedure,HCPCS,15858,15858,HCPCS_15858,oov,unknown_unmappable,1,1,"PR HYPOSPAD REPAIR,1 STAGE,DISTAL"
procedure,HCPCS,50076,50076,HCPCS_50076,oov,unknown_unmappable,1,1,"HX MITRAL STENOSIS, SUPRAVALVAR RING,REPAIR"
procedure,HCPCS,44208,44208,HCPCS_44208,oov,unknown_unmappable,1,1,PERICARDIOCENTSIS
procedure,HCPCS,14651,14651,HCPCS_14651,oov,unknown_unmappable,1,1,"FECAL IMPACT REMOV, WITH ANES"
procedure,HCPCS,83157,83157,HCPCS_83157,oov,unknown_unmappable,1,1,OR BROVIAC CATHETER
procedure,HCPCS,65688,65688,HCPCS_65688,oov,unknown_unmappable,1,1,MANOMETRY - DUODENAL
procedure,HCPCS,59508,59508,HCPCS_59508,oov,unknown_unmappable,1,1,PICC LINE>2YR US GUIDED
procedure,HCPCS,49943,49943,HCPCS_49943,oov,unknown_unmappable,1,1,"SPINAL PUNCTURE, LUMBAR, DIAGNOSTIC"
procedure,HCPCS,47615,47615,HCPCS_47615,oov,unknown_unmappable,1,1,"HX LUNG REMOVAL, PARTIAL"
procedure,HCPCS,59476,59476,HCPCS_59476,oov,unknown_unmappable,1,1,PICC LINE<2YR FLUORO GUIDED
procedure,HCPCS,48046,48046,HCPCS_48046,oov,unknown_unmappable,1,1,HX KIDNEY STONE SURGERY
procedure,HCPCS,48176,48176,HCPCS_48176,oov,unknown_unmappable,1,1,URETER SURGERY
procedure,HCPCS,13509,13509,HCPCS_13509,oov,unknown_unmappable,1,1,"PR BIOPSY/EXCISION, LYMPH NODE(S)"
procedure,HCPCS,47727,47727,HCPCS_47727,oov,unknown_unmappable,1,1,HX PATENT DUCTUS ARTERIOUS LIGATION
procedure,HCPCS,85835,85835,HCPCS_85835,oov,unknown_unmappable,1,1,ADNOIDECTOMY ONLY (42830/42831) - ANESTHESIA
procedure,HCPCS,60619,60619,HCPCS_60619,oov,unknown_unmappable,1,1,"HX ORCHIECTOMY, PARTIAL"
procedure,HCPCS,16768,16768,HCPCS_16768,oov,unknown_unmappable,1,1,PR EXCIS INFRATENT BRAIN CYST
procedure,HCPCS,50126,50126,HCPCS_50126,oov,unknown_unmappable,1,1,HX PULMONARY VENOUS STENOSIS REPAIR
procedure,HCPCS,47739,47739,HCPCS_47739,oov,unknown_unmappable,1,1,HX NASAL/SINUS ENDOSCOPY
procedure,HCPCS,53850,53850,HCPCS_53850,oov,unknown_unmappable,1,1,EGD/FOREIGN BODY RETRIEVAL 43247
procedure,HCPCS,53937,53937,HCPCS_53937,oov,unknown_unmappable,1,1,BROVIAC CATHETER
procedure,HCPCS,65702,65702,HCPCS_65702,oov,unknown_unmappable,1,1,MANOMETRY/COLONIC
procedure,HCPCS,76890,76890,HCPCS_76890,oov,unknown_unmappable,1,1,GASTRIC EMPTYING
procedure,HCPCS,131084,131084,HCPCS_131084,oov,unknown_unmappable,1,1,PR DIAGNOSTIC LUMBAR SPINAL PUNCTURE
procedure,HCPCS,18780,18780,HCPCS_18780,oov,unknown_unmappable,1,1,"CHG MRI, ABDOMEN (MRI)"
procedure,HCPCS,1398,1398,HCPCS_1398,oov,unknown_unmappable,1,1,"ENDOSCOPY, COLON, DIAGNOSTIC"
procedure,HCPCS,47833,47833,HCPCS_47833,oov,unknown_unmappable,1,1,HX DIAPHRAGMATIC HERNIA REPAIR
procedure,HCPCS,61585,61585,HCPCS_61585,oov,unknown_unmappable,1,1,POLYSOMNOGRAPHY WITH IMPEDANCE
procedure,HCPCS,13743,13743,HCPCS_13743,oov,unknown_unmappable,1,1,PR TONGUE TO LIP SURGERY
procedure,HCPCS,50647,50647,HCPCS_50647,oov,unknown_unmappable,1,1,INTUBATION ENDOTRACHEAL EMERGENCY PROCEDURE
procedure,HCPCS,47692,47692,HCPCS_47692,oov,unknown_unmappable,1,1,HX SKIN GRAFT
procedure,HCPCS,41259,41259,HCPCS_41259,oov,unknown_unmappable,1,1,REPLACE GASTROSTOMY TUBE
procedure,HCPCS,42538,42538,HCPCS_42538,oov,unknown_unmappable,1,1,HX HEART VALVE SURGERY
procedure,HCPCS,60589,60589,HCPCS_60589,oov,unknown_unmappable,1,1,HX HIDDEN PENIS REPAIR
procedure,HCPCS,102762,102762,HCPCS_102762,oov,unknown_unmappable,1,1,ORTHO PROCEDURE - TENOTOMY
procedure,HCPCS,77661,77661,HCPCS_77661,oov,unknown_unmappable,1,1,PR CYSTO/URETERO W/LITHOTRIPSY &INDWELL STENT INSRT
procedure,HCPCS,42590,42590,HCPCS_42590,oov,unknown_unmappable,1,1,HX LITHOTRIPSY
procedure,HCPCS,17042,17042,HCPCS_17042,oov,unknown_unmappable,1,1,PR REMOVE & REPLACE CSF SHUNT
procedure,HCPCS,47781,47781,HCPCS_47781,oov,unknown_unmappable,1,1,HX SHUNT EXTERNALIZATION
procedure,HCPCS,46264,46264,HCPCS_46264,oov,unknown_unmappable,1,1,HX REMOVAL OF HARDWARE
medication,RXNORM,312872,312872,RXN_312872,oov,pediatric_absent,1,1,sacrosidase
medication,RXNORM,359050,359050,RXN_359050,oov,pediatric_absent,1,1,tretinoin microspheres
medication,RXNORM,856987,856987,RXN_856987,oov,pediatric_absent,1,1,hydrocodone/acetaminophen
diagnosis,ICD10,S02.5XXK,S025XXK,ICD10_S025XXK,oov,unknown_unmappable,1,1,"Fracture of tooth with nonunion, subsequent encounter"
diagnosis,ICD10,Z00.2,Z002,ICD10_Z002,oov,unknown_unmappable,1,1,Encounter for examination for period of rapid growth in childhood
diagnosis,ICD10,Y07.430,Y07430,ICD10_Y07430,oov,unknown_unmappable,1,1,"Stepfather, perpetrator of maltreatment and neglect"
diagnosis,ICD9,652.90,65290,ICD9_65290,oov,code_version_mismatch,1,1,Malpresentation of fetus
diagnosis,ICD9,942.10,94210,ICD9_94210,oov,code_version_mismatch,1,1,"Burn erythema of trunk, initial encounter"
diagnosis,ICD10,M60.859,M60859,ICD10_M60859,oov,unknown_unmappable,1,1,"Myositis of thigh, unspecified laterality, unspecified myositis type"
diagnosis,ICD10,O30.101,O30101,ICD10_O30101,oov,unknown_unmappable,1,1,"Triplet gestation in first trimester, unspecified multiple gestation type"
diagnosis,ICD9,V69.9,V699,ICD9_V699,oov,code_version_mismatch,1,1,Unspecified problems related to lifestyle
diagnosis,ICD10,M85.619,M85619,ICD10_M85619,oov,unknown_unmappable,1,1,Cyst of clavicle
diagnosis,ICD10,M93.859,M93859,ICD10_M93859,oov,unknown_unmappable,1,1,"Other specified osteochondropathies, unspecified thigh"
diagnosis,ICD10,M93.852,M93852,ICD10_M93852,oov,unknown_unmappable,1,1,"Other specified osteochondropathies, left thigh"
diagnosis,ICD10,T74.4XXD,T744XXD,ICD10_T744XXD,oov,unknown_unmappable,1,1,"Shaken infant syndrome, subsequent encounter"
diagnosis,ICD10,T70.3XXA,T703XXA,ICD10_T703XXA,oov,unknown_unmappable,1,1,"Chokes, initial encounter"
diagnosis,ICD10,S72.444A,S72444A,ICD10_S72444A,oov,unknown_unmappable,1,1,"Closed nondisplaced fracture of distal epiphysis of right femur, initial encounter"
diagnosis,ICD10,S43.301A,S43301A,ICD10_S43301A,oov,unknown_unmappable,1,1,"Subluxation of shoulder girdle, right, initial encounter"
diagnosis,ICD10,V00.131S,V00131S,ICD10_V00131S,oov,unknown_unmappable,1,1,"Fall from skateboard, sequela"
diagnosis,ICD10,S32.000D,S32000D,ICD10_S32000D,oov,unknown_unmappable,1,1,"Wedge compression fracture of unspecified lumbar vertebra, subsequent encounter for fracture with routine healing"
diagnosis,ICD10,S76.309A,S76309A,ICD10_S76309A,oov,unknown_unmappable,1,1,"Hamstring injury, initial encounter"
diagnosis,ICD10,S02.2XXK,S022XXK,ICD10_S022XXK,oov,unknown_unmappable,1,1,"Open fracture of nasal bone with nonunion, subsequent encounter"
diagnosis,ICD10,M93.279,M93279,ICD10_M93279,oov,unknown_unmappable,1,1,Osteochondritis dissecans of talus
medication,RXNORM,1116363,1116363,RXN_1116363,oov,pediatric_absent,1,1,sodium chloride
medication,RXNORM,966249,966249,RXN_966249,oov,pediatric_absent,1,1,levothyroxine sodium
diagnosis,ICD10,T15.02XD,T1502XD,ICD10_T1502XD,oov,unknown_unmappable,1,1,"Foreign body of left cornea, subsequent encounter"
diagnosis,ICD10,H35.09,H3509,ICD10_H3509,oov,unknown_unmappable,1,1,Tortuous retinal veins
diagnosis,ICD10,H52.211,H52211,ICD10_H52211,oov,unknown_unmappable,1,1,"Irregular astigmatism, right eye"
diagnosis,ICD10,H73.93,H7393,ICD10_H7393,oov,unknown_unmappable,1,1,"Tm (tympanic membrane disorder), bilateral"
diagnosis,ICD9,E813.7,E8137,ICD9_E8137,oov,code_version_mismatch,1,1,Motor vehicle traffic accident involving collision with other vehicle injuring pedestrian
diagnosis,ICD10,M41.57,M4157,ICD10_M4157,oov,unknown_unmappable,1,1,"Other secondary scoliosis, lumbosacral region"
medication,RXNORM,686534,686534,RXN_686534,oov,pediatric_absent,1,1,potassium chloride/D5-0.2%NaCl
medication,RXNORM,882548,882548,RXN_882548,oov,pediatric_absent,1,1,clindamycin/tretinoin
medication,RXNORM,198910,198910,RXN_198910,oov,pediatric_absent,1,1,zinc
diagnosis,ICD10,X10.1XXD,X101XXD,ICD10_X101XXD,oov,unknown_unmappable,1,1,"Contact with hot food, subsequent encounter"
diagnosis,ICD9,E875.9,E8759,ICD9_E8759,oov,code_version_mismatch,1,1,Unspecified contamination of patient during medical care
diagnosis,ICD10,Z31.9,Z319,ICD10_Z319,oov,unknown_unmappable,1,1,Infertility management
medication,RXNORM,1112258,1112258,RXN_1112258,oov,pediatric_absent,1,1,desloratadine/pseudoephedrine
medication,RXNORM,1367426,1367426,RXN_1367426,oov,pediatric_absent,1,1,naproxen sodium/pseudoephedrin
medication,RXNORM,835913,835913,RXN_835913,oov,pediatric_absent,1,1,mefloquine HCl
medication,RXNORM,807222,807222,RXN_807222,oov,pediatric_absent,1,1,typhoid VI polysacch vaccine
medication,RXNORM,1734921,1734921,RXN_1734921,oov,pediatric_absent,1,1,cyclophosphamide
diagnosis,ICD10,S63.113D,S63113D,ICD10_S63113D,oov,unknown_unmappable,1,1,"Subluxation of metacarpophalangeal joint of unspecified thumb, subsequent encounter"
diagnosis,ICD10,G43.401,G43401,ICD10_G43401,oov,unknown_unmappable,1,1,"Hemiplegic migraine with status migrainosus, not intractable"
diagnosis,ICD9,764.98,76498,ICD9_76498,oov,code_version_mismatch,1,1,"Unspecified fetal growth retardation, 2,000-2,499 grams"
diagnosis,ICD10,P74.421,P74421,ICD10_P74421,oov,unknown_unmappable,1,1,Hyperchloremia of newborn
diagnosis,ICD10,H00.021,H00021,ICD10_H00021,oov,unknown_unmappable,1,1,Hordeolum internum right upper eyelid
diagnosis,ICD10,P02.29,P0229,ICD10_P0229,oov,unknown_unmappable,1,1,Newborn affected by other morphological and functional abnormalities of placenta
diagnosis,ICD10,H31.301,H31301,ICD10_H31301,oov,unknown_unmappable,1,1,"Unspecified choroidal hemorrhage, right eye"
medication,RXNORM,410503,410503,RXN_410503,oov,pediatric_absent,1,1,5-hydroxytryptophan (5-HTP)
medication,RXNORM,1807894,1807894,RXN_1807894,oov,pediatric_absent,1,1,metformin HCl
diagnosis,ICD10,O30.109,O30109,ICD10_O30109,oov,unknown_unmappable,1,1,Triplet gestation
diagnosis,ICD10,Z70.3,Z703,ICD10_Z703,oov,unknown_unmappable,1,1,"Counseling related to combined concerns regarding sexual attitude, behavior and orientation"
diagnosis,ICD10,Q64.73,Q6473,ICD10_Q6473,oov,unknown_unmappable,1,1,Congenital urethrorectal fistula
diagnosis,ICD10,Y93.83,Y9383,ICD10_Y9383,oov,unknown_unmappable,1,1,"Activity, rough housing and horseplay"
diagnosis,ICD10,T45.2X2A,T452X2A,ICD10_T452X2A,oov,unknown_unmappable,1,1,"Poisoning by vitamins, intentional self-harm, initial encounter"
diagnosis,ICD10,H49.42,H4942,ICD10_H4942,oov,unknown_unmappable,1,1,"Ophthalmoplegia, left"
diagnosis,ICD10,T43.635D,T43635D,ICD10_T43635D,oov,unknown_unmappable,1,1,"Adverse effect of methylphenidate, subsequent encounter"
diagnosis,ICD9,765.07,76507,ICD9_76507,oov,code_version_mismatch,1,1,"Extreme fetal immaturity, 1,750-1,999 grams"
diagnosis,ICD9,761.3,7613,ICD9_7613,oov,code_version_mismatch,1,1,Fetus or newborn affected by polyhydramnios
diagnosis,ICD9,V47.2,V472,ICD9_V472,oov,code_version_mismatch,1,1,Other cardiorespiratory problems
diagnosis,ICD10,H59.312,H59312,ICD10_H59312,oov,unknown_unmappable,1,1,Postoperative hemorrhage of left eye following ophthalmic procedure
medication,RXNORM,905148,905148,RXN_905148,oov,pediatric_absent,1,1,amikacin sulfate
medication,RXNORM,1049080,1049080,RXN_1049080,oov,pediatric_absent,1,1,petrolatum/A and D/aloe vera
medication,RXNORM,198859,198859,RXN_198859,oov,pediatric_absent,1,1,sodium bicarbonate
diagnosis,ICD10,T44.3X4A,T443X4A,ICD10_T443X4A,oov,unknown_unmappable,1,1,"Parasympatholytic poisoning, undetermined intent, initial encounter"
diagnosis,ICD10,S14.105D,S14105D,ICD10_S14105D,oov,unknown_unmappable,1,1,"C5 spinal cord injury, subsequent encounter"
diagnosis,ICD10,M86.159,M86159,ICD10_M86159,oov,unknown_unmappable,1,1,Subperiosteal abscess of femur
diagnosis,ICD10,H60.592,H60592,ICD10_H60592,oov,unknown_unmappable,1,1,"Other noninfective acute otitis externa, left ear"
diagnosis,ICD9,765.08,76508,ICD9_76508,oov,code_version_mismatch,1,1,"Extreme fetal immaturity, 2,000-2,499 grams"
diagnosis,ICD10,H21.543,H21543,ICD10_H21543,oov,unknown_unmappable,1,1,"Posterior synechiae (iris), bilateral"
diagnosis,ICD9,772.8,7728,PHE_656.4,oov,pediatric_absent,1,1,Other specified hemorrhage of fetus or newborn
medication,RXNORM,1810573,1810573,RXN_1810573,oov,pediatric_absent,1,1,eteplirsen
medication,RXNORM,359634,359634,RXN_359634,oov,pediatric_absent,1,1,hypromellose
medication,RXNORM,836306,836306,RXN_836306,oov,pediatric_absent,1,1,pen G benz/pen G procaine
medication,RXNORM,577080,577080,RXN_577080,oov,pediatric_absent,1,1,desloratadine
medication,RXNORM,403957,403957,RXN_403957,oov,pediatric_absent,1,1,tadalafil
procedure,HCPCS,33310,33310,HCPCS_33310,oov,unknown_unmappable,1,1,PERIPHERAL NERVE STIMULATOR
procedure,HCPCS,25592,25592,HCPCS_25592,oov,unknown_unmappable,1,1,PR PROTECTIVE RESTORATION
procedure,HCPCS,47889,47889,HCPCS_47889,oov,unknown_unmappable,1,1,HX REIMPLANT URETER IN BLADDER
procedure,HCPCS,10547,10547,HCPCS_10547,oov,unknown_unmappable,1,1,PR OSTEOTOMY OF HIP BONE
procedure,HCPCS,45959,45959,HCPCS_45959,oov,unknown_unmappable,1,1,HX INTRATHERCAL BACLOFEN PUMP TRIAL
procedure,HCPCS,92066,92066,HCPCS_92066,oov,unknown_unmappable,1,1,"REMOVAL IMPACTED CERUMEN REQ INSTRUMENT, BILAT"
procedure,HCPCS,46326,46326,HCPCS_46326,oov,unknown_unmappable,1,1,HX THYROID RADIOABLATION
procedure,HCPCS,40861,40861,HCPCS_40861,oov,unknown_unmappable,1,1,UROSTOMY TO GRAVITY
procedure,HCPCS,58281,58281,HCPCS_58281,oov,unknown_unmappable,1,1,TISSUE EXPANDERS
procedure,HCPCS,48418,48418,HCPCS_48418,oov,unknown_unmappable,1,1,HX SHOULDER SURGERY
diagnosis,ICD10,H83.8X3,H838X3,ICD10_H838X3,oov,unknown_unmappable,1,1,"Other specified diseases of inner ear, bilateral"
medication,RXNORM,1741046,1741046,RXN_1741046,oov,pediatric_absent,1,1,tofacitinib citrate
medication,RXNORM,845988,845988,RXN_845988,oov,pediatric_absent,1,1,benzoyl peroxide
medication,RXNORM,244099,244099,RXN_244099,oov,pediatric_absent,1,1,dextrose 10 % and 0.9 % NaCl
medication,RXNORM,313421,313421,RXN_313421,oov,pediatric_absent,1,1,tolnaftate
diagnosis,ICD10,S63.651A,S63651A,ICD10_S63651A,oov,unknown_unmappable,1,1,"Sprain of metacarpophalangeal joint of left index finger, initial encounter"
diagnosis,ICD10,S62.312D,S62312D,ICD10_S62312D,oov,unknown_unmappable,1,1,"Displaced fracture of base of third metacarpal bone, right hand, subsequent encounter for fracture with routine healing"
diagnosis,ICD10,H17.813,H17813,ICD10_H17813,oov,unknown_unmappable,1,1,"Minor corneal opacity, bilateral"
diagnosis,ICD10,S20.351A,S20351A,ICD10_S20351A,oov,unknown_unmappable,1,1,"Foreign body of chest wall, right, initial encounter"
diagnosis,ICD10,S82.822A,S82822A,ICD10_S82822A,oov,unknown_unmappable,1,1,"Torus fracture of lower end of left fibula, initial encounter for closed fracture"
diagnosis,ICD10,H60.03,H6003,ICD10_H6003,oov,unknown_unmappable,1,1,"Abscess, pinna, bilateral"
diagnosis,ICD10,Q71.819,Q71819,ICD10_Q71819,oov,unknown_unmappable,1,1,Brachydactyly of hand
diagnosis,ICD10,S64.01XD,S6401XD,ICD10_S6401XD,oov,unknown_unmappable,1,1,"Injury of ulnar nerve at wrist and hand level of right arm, subsequent encounter"
diagnosis,ICD10,T76.12XD,T7612XD,ICD10_T7612XD,oov,unknown_unmappable,1,1,"Suspected child physical abuse, subsequent encounter"
diagnosis,ICD10,M85.60,M8560,ICD10_M8560,oov,unknown_unmappable,1,1,Bone cyst
diagnosis,ICD10,M26.37,M2637,ICD10_M2637,oov,unknown_unmappable,1,1,Excessive interocclusal distance of fully erupted teeth
diagnosis,ICD10,P02.69,P0269,ICD10_P0269,oov,unknown_unmappable,1,1,Newborn affected by other conditions of umbilical cord
diagnosis,ICD10,N44.04,N4404,ICD10_N4404,oov,unknown_unmappable,1,1,Torsion of appendix epididymis
medication,RXNORM,11002,11002,RXN_11002,oov,pediatric_absent,1,1,urea/hydrophilic cream
medication,RXNORM,1367436,1367436,RXN_1367436,oov,pediatric_absent,1,1,etonogestrel/ethinyl estradiol
medication,RXNORM,476673,476673,RXN_476673,oov,pediatric_absent,1,1,gabapentin
medication,RXNORM,155120,155120,RXN_155120,oov,pediatric_absent,1,1,milrinone lactate/D5W
medication,RXNORM,668417,668417,RXN_668417,oov,pediatric_absent,1,1,menthol/camphor/phenol
medication,RXNORM,313941,313941,RXN_313941,oov,pediatric_absent,1,1,ciclopirox
medication,RXNORM,313201,313201,RXN_313201,oov,pediatric_absent,1,1,tazarotene
medication,RXNORM,1421461,1421461,RXN_1421461,oov,pediatric_absent,1,1,norethindrone-e.estradiol-iron
medication,RXNORM,1729075,1729075,RXN_1729075,oov,pediatric_absent,1,1,selexipag
medication,RXNORM,1360219,1360219,RXN_1360219,oov,pediatric_absent,1,1,chondr sulf A sod/hyaluronate
diagnosis,ICD10,T81.9XXS,T819XXS,ICD10_T819XXS,oov,unknown_unmappable,1,1,"Complication of circumcision, sequela"
diagnosis,ICD9,762.0,7620,ICD9_7620,oov,code_version_mismatch,1,1,Fetus or newborn affected by placenta previa
diagnosis,ICD10,S46.002D,S46002D,ICD10_S46002D,oov,unknown_unmappable,1,1,"Unspecified injury of muscle(s) and tendon(s) of the rotator cuff of left shoulder, subsequent encounter"
diagnosis,ICD10,M84.376S,M84376S,ICD10_M84376S,oov,unknown_unmappable,1,1,"Stress fracture of foot, sequela"
diagnosis,ICD10,S80.219D,S80219D,ICD10_S80219D,oov,unknown_unmappable,1,1,"Abrasion, unspecified knee, subsequent encounter"
diagnosis,ICD10,S62.319A,S62319A,ICD10_S62319A,oov,unknown_unmappable,1,1,Fracture of base of metacarpal
diagnosis,ICD10,S92.323A,S92323A,ICD10_S92323A,oov,unknown_unmappable,1,1,Fracture of 2nd metatarsal
diagnosis,ICD10,S90.519A,S90519A,ICD10_S90519A,oov,unknown_unmappable,1,1,"Abrasion of ankle with infection, unspecified laterality, initial encounter"
diagnosis,ICD10,S00.439A,S00439A,ICD10_S00439A,oov,unknown_unmappable,1,1,"Contusion of auricle of ear, unspecified laterality, initial encounter"
diagnosis,ICD10,H35.179,H35179,ICD10_H35179,oov,unknown_unmappable,1,1,"Retrolental fibroplasia, unspecified eye"
diagnosis,ICD9,764.91,76491,ICD9_76491,oov,code_version_mismatch,1,1,"Unspecified fetal growth retardation, less than 500 grams"
diagnosis,ICD10,V00.188A,V00188A,ICD10_V00188A,oov,unknown_unmappable,1,1,"Other accident on other rolling-type pedestrian conveyance, initial encounter"
diagnosis,ICD10,H74.01,H7401,ICD10_H7401,oov,unknown_unmappable,1,1,"Tympanosclerosis, right ear"
medication,RXNORM,2623,2623,RXN_2623,oov,pediatric_absent,1,1,clotrimazole
medication,RXNORM,1037164,1037164,RXN_1037164,oov,pediatric_absent,1,1,brompheniramine/pseudoephed/DM
medication,RXNORM,861383,861383,RXN_861383,oov,pediatric_absent,1,1,micafungin sodium
medication,RXNORM,252770,252770,RXN_252770,oov,pediatric_absent,1,1,valerian root
medication,RXNORM,242668,242668,RXN_242668,oov,pediatric_absent,1,1,"iron,carbonyl/ascorbic acid"
diagnosis,ICD10,T36.8X2A,T368X2A,ICD10_T368X2A,oov,unknown_unmappable,1,1,"Poisoning by other systemic antibiotics, intentional self-harm, initial encounter"
diagnosis,ICD10,L24.81,L2481,ICD10_L2481,oov,unknown_unmappable,1,1,Irritant contact dermatitis due to metals
medication,RXNORM,991336,991336,RXN_991336,oov,pediatric_absent,1,1,chlorpromazine HCl
medication,RXNORM,597267,597267,RXN_597267,oov,pediatric_absent,1,1,fosamprenavir calcium
medication,RXNORM,854873,854873,RXN_854873,oov,pediatric_absent,1,1,zolpidem tartrate
diagnosis,ICD9,V53.4,V534,ICD9_V534,oov,code_version_mismatch,1,1,Fitting and adjustment of orthodontic devices
diagnosis,ICD10,P03.89,P0389,ICD10_P0389,oov,unknown_unmappable,1,1,Newborn affected by other specified complications of labor and delivery
diagnosis,ICD10,F31.11,F3111,ICD10_F3111,oov,unknown_unmappable,1,1,"Bipolar affective disorder, currently manic, mild"
diagnosis,ICD10,Q25.71,Q2571,ICD10_Q2571,oov,unknown_unmappable,1,1,Coarctation of pulmonary artery
diagnosis,ICD10,S01.93XA,S0193XA,ICD10_S0193XA,oov,unknown_unmappable,1,1,"Gunshot wound of head, initial encounter"
diagnosis,ICD10,S80.262A,S80262A,ICD10_S80262A,oov,unknown_unmappable,1,1,"Insect bite (nonvenomous), left knee, initial encounter"
diagnosis,ICD10,T43.95XD,T4395XD,ICD10_T4395XD,oov,unknown_unmappable,1,1,"Adverse effect of unspecified psychotropic drug, subsequent encounter"
diagnosis,ICD10,D22.11,D2211,ICD10_D2211,oov,unknown_unmappable,1,1,"Melanocytic nevi of right eyelid, including canthus"
diagnosis,ICD10,T85.848D,T85848D,ICD10_T85848D,oov,unknown_unmappable,1,1,"Pain from implanted hardware, subsequent encounter"
diagnosis,ICD10,P78.3,P783,PHE_656.6,oov,pediatric_absent,1,1,Noninfective neonatal diarrhea
diagnosis,ICD10,T85.691D,T85691D,ICD10_T85691D,oov,unknown_unmappable,1,1,"Peritoneal dialysis catheter mechanical complication, subsequent encounter"
diagnosis,ICD10,K94.00,K9400,ICD10_K9400,oov,unknown_unmappable,1,1,"Colostomy complication, unspecified"
medication,RXNORM,636574,636574,RXN_636574,oov,pediatric_absent,1,1,guaifenesin
medication,RXNORM,1111265,1111265,RXN_1111265,oov,pediatric_absent,1,1,potassium bicarbonate/cit ac
medication,RXNORM,1244205,1244205,RXN_1244205,oov,pediatric_absent,1,1,"tetanus,diphtheria toxd ped/PF"
medication,RXNORM,2100008,2100008,RXN_2100008,oov,pediatric_absent,1,1,baloxavir marboxil
medication,RXNORM,832924,832924,RXN_832924,oov,pediatric_absent,1,1,calcium carb/vit D3/minerals
medication,RXNORM,701882,701882,RXN_701882,oov,pediatric_absent,1,1,carboxymethylcell/hypromellose
medication,RXNORM,616527,616527,RXN_616527,oov,pediatric_absent,1,1,menthol/zinc oxide
medication,RXNORM,1720586,1720586,RXN_1720586,oov,pediatric_absent,1,1,amphetamine
medication,RXNORM,704855,704855,RXN_704855,oov,pediatric_absent,1,1,retapamulin
procedure,HCPCS,39384,39384,HCPCS_39384,oov,unknown_unmappable,1,1,BIOPSY LIVER
procedure,HCPCS,155,155,HCPCS_155,oov,unknown_unmappable,1,1,REFERRAL TO OPHTHALMOLOGY
procedure,HCPCS,47602,47602,HCPCS_47602,oov,unknown_unmappable,1,1,HX ORIF HUMERUS DECOMPRESSION
procedure,HCPCS,11279,11279,HCPCS_11279,oov,unknown_unmappable,1,1,"PR RELEASE EXTEN FOOT TENDON,SINGLE"
procedure,HCPCS,49996,49996,HCPCS_49996,oov,unknown_unmappable,1,1,"HX CONDUIT, REOPERATION"
procedure,HCPCS,49936,49936,HCPCS_49936,oov,unknown_unmappable,1,1,"HX ASD CREATION, BALLOON SEPTOSTOMY"
procedure,HCPCS,13815,13815,HCPCS_13815,oov,unknown_unmappable,1,1,"PR RECONST CLEFT PALATE,ATTACH PHAR"
procedure,HCPCS,60627,60627,HCPCS_60627,oov,unknown_unmappable,1,1,HX PENILE DETORSION REPAIR
procedure,HCPCS,47819,47819,HCPCS_47819,oov,unknown_unmappable,1,1,HX SLIPPED CAPITAL FEMORAL EPIPHYSIS REPAIR
procedure,HCPCS,22758,22758,HCPCS_22758,oov,unknown_unmappable,1,1,"PR ATRIAL SEPTOSTOMY,XVENOUS,BALLOON"
procedure,HCPCS,48317,48317,HCPCS_48317,oov,unknown_unmappable,1,1,HX HYMENECTOMY
procedure,HCPCS,48017,48017,HCPCS_48017,oov,unknown_unmappable,1,1,HX GUM SURGERY
procedure,HCPCS,75876,75876,HCPCS_75876,oov,unknown_unmappable,1,1,IR ANGIO CAROTID CEREB CATH IN CCA INCLUDES FLUORO
procedure,HCPCS,8673,8673,HCPCS_8673,oov,unknown_unmappable,1,1,"MUSCLE BIOPSY, DEEP"
procedure,HCPCS,47736,47736,HCPCS_47736,oov,unknown_unmappable,1,1,HX CHOANAL ATRESIA REPAIR
procedure,HCPCS,48073,48073,HCPCS_48073,oov,unknown_unmappable,1,1,"HX VALVE SURGERY, MITRAL, OTHER"
procedure,HCPCS,92942,92942,HCPCS_92942,oov,unknown_unmappable,1,1,XR FEMUR - LEFT
procedure,HCPCS,61631,61631,HCPCS_61631,oov,unknown_unmappable,1,1,ELECTROMYOGRAPHY EMG
procedure,HCPCS,50194,50194,HCPCS_50194,oov,unknown_unmappable,1,1,HX BILATERAL BIDIRECTIONAL GLENN
procedure,HCPCS,87577,87577,HCPCS_87577,oov,unknown_unmappable,1,1,ESOPHAGOSCOPY/BIOPSY
procedure,HCPCS,57827,57827,HCPCS_57827,oov,unknown_unmappable,1,1,STIMULATOR-NERVE-VAGUS-SET-102
procedure,HCPCS,46035,46035,HCPCS_46035,oov,unknown_unmappable,1,1,HX DL WITH BIOPSY
procedure,HCPCS,64044,64044,HCPCS_64044,oov,unknown_unmappable,1,1,CT SCAN CRANIUM
procedure,HCPCS,56152,56152,HCPCS_56152,oov,unknown_unmappable,1,1,MR HEAD OR WITH CONTRAST
procedure,HCPCS,58630,58630,HCPCS_58630,oov,unknown_unmappable,1,1,NM RENAL CORTICAL SCAN
procedure,HCPCS,47858,47858,HCPCS_47858,oov,unknown_unmappable,1,1,HX TRACHEOSTOMY SCAR REVISION
procedure,HCPCS,82712,82712,HCPCS_82712,oov,unknown_unmappable,1,1,SPINAL DYSRAPHISM/TETHERING SURGERY (FATTY FILUM SECTIONING)
procedure,HCPCS,7915,7915,HCPCS_7915,oov,unknown_unmappable,1,1,I&D OF ABSCESS - SIMPLE
procedure,HCPCS,43056,43056,HCPCS_43056,oov,unknown_unmappable,1,1,CT HEAD WITHOUT CONTRAST
procedure,HCPCS,58632,58632,HCPCS_58632,oov,unknown_unmappable,1,1,NM RENAL IMAGING
procedure,HCPCS,284,284,HCPCS_284,oov,unknown_unmappable,1,1,"PR FOCUS US UTERINE LEIOMYOMA ABLATION W MR GUIDE, >= 200 CC"
procedure,HCPCS,49966,49966,HCPCS_49966,oov,unknown_unmappable,1,1,"HX AVC (AVSD), REPAIR, INTERMEDIATE (TRANSITIONAL)"
procedure,HCPCS,16464,16464,HCPCS_16464,oov,unknown_unmappable,1,1,PELVIC EXAM
procedure,HCPCS,42608,42608,HCPCS_42608,oov,unknown_unmappable,1,1,HX VASECTOMY
procedure,HCPCS,82947,82947,HCPCS_82947,oov,unknown_unmappable,1,1,REFERRAL TO NCH DENTAL- AMBULATORY SURGERY CENTER
procedure,HCPCS,47708,47708,HCPCS_47708,oov,unknown_unmappable,1,1,"MIRENA IUD,INSERTION"
procedure,HCPCS,98694,98694,HCPCS_98694,oov,unknown_unmappable,1,1,FLUID/ABCESS DRAINAGE
procedure,HCPCS,41323,41323,HCPCS_41323,oov,unknown_unmappable,1,1,SHILEY TRACH TUBE
procedure,HCPCS,53159,53159,HCPCS_53159,oov,unknown_unmappable,1,1,STENT 01
procedure,HCPCS,25340,25340,HCPCS_25340,oov,unknown_unmappable,1,1,PR BACLOFEN INTRATHECAL KIT-1AM
procedure,HCPCS,12569,12569,HCPCS_12569,oov,unknown_unmappable,1,1,PR REPR TET FALLOT W PULM ATRESIA
procedure,HCPCS,39260,39260,HCPCS_39260,oov,unknown_unmappable,1,1,BIOPSY BONE MARROW
procedure,HCPCS,41367,41367,HCPCS_41367,oov,unknown_unmappable,1,1,BLADDER CATHETERZATION
procedure,HCPCS,53766,53766,HCPCS_53766,oov,unknown_unmappable,1,1,PILL CAM 91110
procedure,HCPCS,17910,17910,HCPCS_17910,oov,unknown_unmappable,1,1,"PR STABISMUS SURG,ONE HORIZ MUSCLE"
procedure,HCPCS,8137,8137,HCPCS_8137,oov,unknown_unmappable,1,1,PR INSERTION DRUG IMPLANT DEVICE
procedure,HCPCS,130674,130674,HCPCS_130674,oov,unknown_unmappable,1,1,PR REMOVE INTRAUTERINE DEVICE
procedure,HCPCS,12705,12705,HCPCS_12705,oov,unknown_unmappable,1,1,"PR INSERT VENT ASST DEVICE,SINGLE VENTRICLE"
procedure,HCPCS,15376,15376,HCPCS_15376,oov,unknown_unmappable,1,1,PR TRANSPLANT URETER TO SKIN
procedure,HCPCS,60068,60068,HCPCS_60068,oov,unknown_unmappable,1,1,X-RAY OTHER
procedure,HCPCS,45956,45956,HCPCS_45956,oov,unknown_unmappable,1,1,IMPLANTAFIX
procedure,HCPCS,10669,10669,HCPCS_10669,oov,unknown_unmappable,1,1,"PR INCIS THIGH TENDON,ADDUC/HAMST,MULTI"
procedure,HCPCS,42736,42736,HCPCS_42736,oov,unknown_unmappable,1,1,HX ROTATOR CUFF REPAIR
procedure,HCPCS,45768,45768,HCPCS_45768,oov,unknown_unmappable,1,1,HX CONTINENT DIVERSION
procedure,HCPCS,18130,18130,HCPCS_18130,oov,unknown_unmappable,1,1,PR REVISE TEAR DUCT OPENING
procedure,HCPCS,44219,44219,HCPCS_44219,oov,unknown_unmappable,1,1,LACERATION REPAIR - LAYERED
procedure,HCPCS,33312,33312,HCPCS_33312,oov,unknown_unmappable,1,1,PERMANENT TEAR DUCT PLUG
procedure,HCPCS,48081,48081,HCPCS_48081,oov,unknown_unmappable,1,1,HX NOSE SURGERY
procedure,HCPCS,39240,39240,HCPCS_39240,oov,unknown_unmappable,1,1,HM COLONOSCOPY
procedure,HCPCS,50745,50745,HCPCS_50745,oov,unknown_unmappable,1,1,VESSEL EMBOLIZATION
procedure,HCPCS,16792,16792,HCPCS_16792,oov,unknown_unmappable,1,1,PR TRANSECT CORPUS CALLOSUM
procedure,HCPCS,33086,33086,HCPCS_33086,oov,unknown_unmappable,1,1,VAC WOUND PUMP
procedure,HCPCS,46079,46079,HCPCS_46079,oov,unknown_unmappable,1,1,HX CONTROL OF POST TONSILLAR HEM. HOSP
procedure,HCPCS,50246,50246,HCPCS_50246,oov,unknown_unmappable,1,1,HX AORTIC BALLOON VALVULOPLASTY
procedure,HCPCS,403,403,HCPCS_403,oov,unknown_unmappable,1,1,CONSULT TO CARDIOLOGY
procedure,HCPCS,9339,9339,HCPCS_9339,oov,unknown_unmappable,1,1,PR SPINE SURGERY PROCEDURE UNLISTED
procedure,HCPCS,54932,54932,HCPCS_54932,oov,unknown_unmappable,1,1,"HX VALVE IMPLANT,CATH, PULMONIC"
procedure,HCPCS,8657,8657,HCPCS_8657,oov,unknown_unmappable,1,1,PR INCISION OF SUPERFIC ABSCESS
procedure,HCPCS,14665,14665,HCPCS_14665,oov,unknown_unmappable,1,1,PR I&D RECTAL ABSCESS + FISTULECTOMY
procedure,HCPCS,12539,12539,HCPCS_12539,oov,unknown_unmappable,1,1,PR REPR (SIMPLE FONTAN)
procedure,HCPCS,48103,48103,HCPCS_48103,oov,unknown_unmappable,1,1,HX PLANTAR FASCIA SURGERY
procedure,HCPCS,14375,14375,HCPCS_14375,oov,unknown_unmappable,1,1,"PR ILEOSTOMY/JEJUNOSTOMY,NONTUBE"
procedure,HCPCS,48324,48324,HCPCS_48324,oov,unknown_unmappable,1,1,HX KNEE CAPSULOTOMY
procedure,HCPCS,44791,44791,HCPCS_44791,oov,unknown_unmappable,1,1,CONSULT TO CLEFT LIP/PALATE
procedure,HCPCS,47885,47885,HCPCS_47885,oov,unknown_unmappable,1,1,HX HYDROCELE EXCISION
procedure,HCPCS,11675,11675,HCPCS_11675,oov,unknown_unmappable,1,1,"PR KNEE SCOPE,DIAGNOSTIC"
procedure,HCPCS,45653,45653,HCPCS_45653,oov,unknown_unmappable,1,1,HX SKIN TAG REMOVAL
procedure,HCPCS,45687,45687,HCPCS_45687,oov,unknown_unmappable,1,1,NASOPHARYNGOSCOPY W/O ATTENDING
procedure,HCPCS,12555,12555,HCPCS_12555,oov,unknown_unmappable,1,1,PR REPR COMPL AV CANAL DEFECT
procedure,HCPCS,7535,7535,HCPCS_7535,oov,unknown_unmappable,1,1,"PR ANESTH,REPAIR UPPER ABD HERNIA NOS"
procedure,HCPCS,42744,42744,HCPCS_42744,oov,unknown_unmappable,1,1,"HX VALVULOPLASTY, MITRAL"
procedure,HCPCS,13575,13575,HCPCS_13575,oov,unknown_unmappable,1,1,PR RESECTION MEDIASTINAL TUMOR
procedure,HCPCS,47730,47730,HCPCS_47730,oov,unknown_unmappable,1,1,HX SUBCLAVIAN / PULMONARY SHUNT
procedure,HCPCS,87477,87477,HCPCS_87477,oov,unknown_unmappable,1,1,SACRAL NERVE STIMULATOR SURGERY
procedure,HCPCS,48366,48366,HCPCS_48366,oov,unknown_unmappable,1,1,COLOSTOMY REVISION
procedure,HCPCS,50421,50421,HCPCS_50421,oov,unknown_unmappable,1,1,ABR SURGERY
drg,DRG,APR221,APR221,DRG_APR221,oov,unknown_unmappable,1,1,MAJOR SMALL & LARGE BOWEL PROCEDURES
drg,DRG,MS867,MS867,DRG_MS867,oov,unknown_unmappable,1,1,OTHER INFECTIOUS & PARASITIC DISEASES DIAGNOSES W MCC
drg,DRG,OMAPR691,OMAPR691,DRG_OMAPR691,oov,unknown_unmappable,1,1,"LYMPHOMA, MYELOMA & NON-ACUTE LEUKEMIA"
drg,DRG,OM463,OM463,DRG_OM463,oov,unknown_unmappable,1,1,SIGNS & SYMPTOMS W CC
drg,DRG,MS301,MS301,DRG_MS301,oov,unknown_unmappable,1,1,PERIPHERAL VASCULAR DISORDERS W/O CC/MCC
drg,DRG,OMAPR260,OMAPR260,DRG_OMAPR260,oov,unknown_unmappable,1,1,"MAJOR PANCREAS, LIVER & SHUNT PROCEDURES"
drg,DRG,APR351,APR351,DRG_APR351,oov,unknown_unmappable,1,1,OTHER MUSCULOSKELETAL SYSTEM & CONNECTIVE TISSUE DIAGNOSES
drg,DRG,APR813,APR813,DRG_APR813,oov,unknown_unmappable,1,1,OTHER COMPLICATIONS OF TREATMENT
drg,DRG,OM439,OM439,DRG_OM439,oov,unknown_unmappable,1,1,SKIN GRAFTS FOR INJURIES
drg,DRG,MS094,MS094,DRG_MS094,oov,unknown_unmappable,1,1,BACTERIAL & TUBERCULOUS INFECTIONS OF NERVOUS SYSTEM W MCC
drg,DRG,OM060,OM060,DRG_OM060,oov,unknown_unmappable,1,1,"TONSILLECTOMY &/OR ADENOIDECTOMY ONLY, AGE 0-17"
drg,DRG,MS495,MS495,DRG_MS495,oov,unknown_unmappable,1,1,LOCAL EXCISION & REMOVAL INT FIX DEVICES EXC HIP & FEMUR W MCC
drg,DRG,MS353,MS353,DRG_MS353,oov,unknown_unmappable,1,1,HERNIA PROCEDURES EXCEPT INGUINAL & FEMORAL W MCC
drg,DRG,OMAPR230,OMAPR230,DRG_OMAPR230,oov,unknown_unmappable,1,1,MAJOR SMALL BOWEL PROCEDURES
drg,DRG,OMAPR460,OMAPR460,DRG_OMAPR460,oov,unknown_unmappable,1,1,RENAL FAILURE
drg,DRG,APR167,APR167,DRG_APR167,oov,unknown_unmappable,1,1,OTHER CARDIOTHORACIC & THORACIC VASCULAR PROCEDURES
drg,DRG,MS825,MS825,DRG_MS825,oov,unknown_unmappable,1,1,LYMPHOMA & NON-ACUTE LEUKEMIA W OTHER PROC W/O CC/MCC
drg,DRG,MS217,MS217,DRG_MS217,oov,unknown_unmappable,1,1,CARDIAC VALVE & OTH MAJ CARDIOTHORACIC PROC W CARD CATH W CC
drg,DRG,APR055,APR055,DRG_APR055,oov,unknown_unmappable,1,1,HEAD TRAUMA W COMA >1 HR OR HEMORRHAGE
drg,DRG,MS266,MS266,DRG_MS266,oov,unknown_unmappable,1,1,ENDOVASCULAR CARDIAC VALVE REPLACEMENT & SUPPLEMENT PROCEDURES W MCC
drg,DRG,MS658,MS658,DRG_MS658,oov,unknown_unmappable,1,1,KIDNEY & URETER PROCEDURES FOR NEOPLASM W/O CC/MCC
drg,DRG,MS250,MS250,DRG_MS250,oov,unknown_unmappable,1,1,PERC CARDIOVASC PROC W/O CORONARY ARTERY STENT W MCC
drg,DRG,OMAPR284,OMAPR284,DRG_OMAPR284,oov,unknown_unmappable,1,1,DISORDERS OF GALLBLADDER & BILIARY TRACT
drg,DRG,MS196,MS196,DRG_MS196,oov,unknown_unmappable,1,1,INTERSTITIAL LUNG DISEASE W MCC
drg,DRG,OMAPR863,OMAPR863,DRG_OMAPR863,oov,unknown_unmappable,1,1,NEONATAL AFTERCARE
drg,DRG,MS534,MS534,DRG_MS534,oov,unknown_unmappable,1,1,FRACTURES OF FEMUR W/O MCC
drg,DRG,MS007,MS007,DRG_MS007,oov,unknown_unmappable,1,1,LUNG TRANSPLANT
drg,DRG,OMAPR625,OMAPR625,DRG_OMAPR625,oov,unknown_unmappable,1,1,NEONATE BWT 2000-2499G W OTHER SIGNIFICANT CONDITION
diagnosis,ICD10,M25.651,M25651,ICD10_M25651,oov,unknown_unmappable,1,1,Stiffness of both hip joints
diagnosis,ICD10,V49.50XS,V4950XS,ICD10_V4950XS,oov,unknown_unmappable,1,1,"Passenger injured in collision with unspecified motor vehicles in traffic accident, sequela"
diagnosis,ICD10,T22.051A,T22051A,ICD10_T22051A,oov,unknown_unmappable,1,1,"Burn of unspecified degree of right shoulder, initial encounter"
diagnosis,ICD10,X19.XXXD,X19XXXD,ICD10_X19XXXD,oov,unknown_unmappable,1,1,"Contact with other heat and hot substances, subsequent encounter"
diagnosis,ICD9,V02.2,V022,ICD9_V022,oov,code_version_mismatch,1,1,Carrier or suspected carrier of amebiasis
diagnosis,ICD10,S92.321S,S92321S,ICD10_S92321S,oov,unknown_unmappable,1,1,"Closed fracture of second metatarsal bone of right foot, physeal involvement unspecified, sequela"
diagnosis,ICD10,S62.345A,S62345A,ICD10_S62345A,oov,unknown_unmappable,1,1,"Closed nondisplaced fracture of base of fourth metacarpal bone of left hand, initial encounter"
diagnosis,ICD10,S40.869A,S40869A,ICD10_S40869A,oov,unknown_unmappable,1,1,"Insect bite (nonvenomous) of unspecified upper arm, initial encounter"
diagnosis,ICD10,O36.8990,O368990,ICD10_O368990,oov,unknown_unmappable,1,1,"Airway concern, fetal, affecting maternal care"
diagnosis,ICD10,S99.929S,S99929S,ICD10_S99929S,oov,unknown_unmappable,1,1,"Unspecified injury of unspecified foot, sequela"
medication,RXNORM,197686,197686,RXN_197686,oov,pediatric_absent,1,1,etodolac
medication,RXNORM,1232082,1232082,RXN_1232082,oov,pediatric_absent,1,1,rivaroxaban
medication,RXNORM,1809068,1809068,RXN_1809068,oov,pediatric_absent,1,1,immun glob G(IgG)/pro/IgA 0-50
medication,RXNORM,1010296,1010296,RXN_1010296,oov,pediatric_absent,1,1,lidocaine HCl
medication,RXNORM,597448,597448,RXN_597448,oov,pediatric_absent,1,1,aluminum chloride
medication,RXNORM,1310754,1310754,RXN_1310754,oov,pediatric_absent,1,1,L. rhamnosus GG/inulin
medication,RXNORM,858664,858664,RXN_858664,oov,pediatric_absent,1,1,benzocaine/menthol
medication,RXNORM,1300791,1300791,RXN_1300791,oov,pediatric_absent,1,1,mirabegron
diagnosis,ICD10,T23.251D,T23251D,ICD10_T23251D,oov,unknown_unmappable,1,1,"Burn of second degree of right palm, subsequent encounter"
diagnosis,ICD10,T22.231A,T22231A,ICD10_T22231A,oov,unknown_unmappable,1,1,"Burn of upper arm, right, second degree, initial encounter"
diagnosis,ICD10,S52.599A,S52599A,ICD10_S52599A,oov,unknown_unmappable,1,1,"Other closed fracture of distal end of radius, unspecified laterality, initial encounter"
diagnosis,ICD10,R19.12,R1912,ICD10_R1912,oov,unknown_unmappable,1,1,Increased bowel sounds
diagnosis,ICD10,R19.15,R1915,ICD10_R1915,oov,unknown_unmappable,1,1,Other abnormal bowel sounds
medication,RXNORM,204691,204691,RXN_204691,oov,pediatric_absent,1,1,castor oil
medication,RXNORM,897612,897612,RXN_897612,oov,pediatric_absent,1,1,verapamil HCl
medication,RXNORM,259120,259120,RXN_259120,oov,pediatric_absent,1,1,ubidecarenone/vitamin E mixed
medication,RXNORM,1234482,1234482,RXN_1234482,oov,pediatric_absent,1,1,Multivitamins with Fluoride
diagnosis,ICD10,S06.322D,S06322D,ICD10_S06322D,oov,unknown_unmappable,1,1,"Contusion of left cerebral hemisphere, with loss of consciousness of 31 minutes to 59 minutes, subsequent encounter"
diagnosis,ICD10,Q55.23,Q5523,ICD10_Q5523,oov,unknown_unmappable,1,1,Scrotal transposition
diagnosis,ICD10,T24.512A,T24512A,ICD10_T24512A,oov,unknown_unmappable,1,1,"Corrosion of first degree of left thigh, initial encounter"
diagnosis,ICD10,S42.409A,S42409A,ICD10_S42409A,oov,unknown_unmappable,1,1,Humerus distal fracture
diagnosis,ICD10,S02.31XS,S0231XS,ICD10_S0231XS,oov,unknown_unmappable,1,1,"Fracture of orbital floor, right side, sequela"
diagnosis,ICD10,A37.00,A3700,ICD10_A3700,oov,unknown_unmappable,1,1,Whooping cough due to Bordetella pertussis without pneumonia
medication,RXNORM,797678,797678,RXN_797678,oov,pediatric_absent,1,1,benzoyl peroxide
medication,RXNORM,1659998,1659998,RXN_1659998,oov,pediatric_absent,1,1,anti-inhibitor coagulant comp.
medication,RXNORM,1406,1406,RXN_1406,oov,pediatric_absent,1,1,benzoin
drg,DRG,MS299,MS299,DRG_MS299,oov,unknown_unmappable,1,1,PERIPHERAL VASCULAR DISORDERS W MCC
drg,DRG,MS380,MS380,DRG_MS380,oov,unknown_unmappable,1,1,COMPLICATED PEPTIC ULCER W MCC
drg,DRG,MS491,MS491,DRG_MS491,oov,unknown_unmappable,1,1,BACK & NECK PROC EXC SPINAL FUSION W/O CC/MCC
drg,DRG,MS663,MS663,DRG_MS663,oov,unknown_unmappable,1,1,MINOR BLADDER PROCEDURES W CC
drg,DRG,MS553,MS553,DRG_MS553,oov,unknown_unmappable,1,1,BONE DISEASES & ARTHROPATHIES W MCC
drg,DRG,MS381,MS381,DRG_MS381,oov,unknown_unmappable,1,1,COMPLICATED PEPTIC ULCER W CC
drg,DRG,MS187,MS187,DRG_MS187,oov,unknown_unmappable,1,1,PLEURAL EFFUSION W CC
drg,DRG,OMAPR757,OMAPR757,DRG_OMAPR757,oov,unknown_unmappable,1,1,ORGANIC MENTAL HEALTH DISTURBANCES
drg,DRG,APR383,APR383,DRG_APR383,oov,unknown_unmappable,1,1,CELLULITIS & OTHER SKIN INFECTIONS
drg,DRG,MS071,MS071,DRG_MS071,oov,unknown_unmappable,1,1,NONSPECIFIC CEREBROVASCULAR DISORDERS W CC
drg,DRG,OMAPR740,OMAPR740,DRG_OMAPR740,oov,unknown_unmappable,1,1,MENTAL ILLNESS DIAGNOSIS W O.R. PROCEDURE
drg,DRG,OMAPR636,OMAPR636,DRG_OMAPR636,oov,unknown_unmappable,1,1,NEONATE BIRTHWT >2499G W CONGENITAL/PERINATAL INFECTION
drg,DRG,MS469,MS469,DRG_MS469,oov,unknown_unmappable,1,1,MAJOR HIP AND KNEE JOINT REPLACEMENT OR REATTACHMENT OF LOWER EXTREMITY W MCC OR TOTAL ANKLE REPLACEMENT
drg,DRG,MS475,MS475,DRG_MS475,oov,unknown_unmappable,1,1,AMPUTATION FOR MUSCULOSKELETAL SYS & CONN TISSUE DIS W CC
drg,DRG,MS855,MS855,DRG_MS855,oov,unknown_unmappable,1,1,INFECTIOUS & PARASITIC DISEASES W O.R. PROCEDURE W/O CC/MCC
drg,DRG,OMAPR513,OMAPR513,DRG_OMAPR513,oov,unknown_unmappable,1,1,UTERINE & ADNEXA PROCEDURES FOR NON-MALIGNANCY EXCEPT LEIOMYOMA
drg,DRG,MS682,MS682,DRG_MS682,oov,unknown_unmappable,1,1,RENAL FAILURE W MCC
drg,DRG,OM418,OM418,DRG_OM418,oov,unknown_unmappable,1,1,POSTOPERATIVE & POST-TRAUMATIC INFECTIONS
drg,DRG,MS268,MS268,DRG_MS268,oov,unknown_unmappable,1,1,AORTIC AND HEART ASSIST PROCEDURES EXCEPT PULSATION BALLOON W MCC
drg,DRG,MS499,MS499,DRG_MS499,oov,unknown_unmappable,1,1,LOCAL EXCISION & REMOVAL INT FIX DEVICES OF HIP & FEMUR W/O CC/MCC
drg,DRG,MS192,MS192,DRG_MS192,oov,unknown_unmappable,1,1,CHRONIC OBSTRUCTIVE PULMONARY DISEASE W/O CC/MCC
drg,DRG,MS561,MS561,DRG_MS561,oov,unknown_unmappable,1,1,"AFTERCARE, MUSCULOSKELETAL SYSTEM & CONNECTIVE TISSUE W/O CC/MCC"
drg,DRG,MS354,MS354,DRG_MS354,oov,unknown_unmappable,1,1,HERNIA PROCEDURES EXCEPT INGUINAL & FEMORAL W CC
drg,DRG,OM099,OM099,DRG_OM099,oov,unknown_unmappable,1,1,RESPIRATORY SIGNS & SYMPTOMS W CC
drg,DRG,MS097,MS097,DRG_MS097,oov,unknown_unmappable,1,1,NON-BACTERIAL INFECT OF NERVOUS SYS EXC VIRAL MENINGITIS W MCC
drg,DRG,OMAPR446,OMAPR446,DRG_OMAPR446,oov,unknown_unmappable,1,1,URETHRAL & TRANSURETHRAL PROCEDURES
drg,DRG,OMAPR242,OMAPR242,DRG_OMAPR242,oov,unknown_unmappable,1,1,MAJOR ESOPHAGEAL DISORDERS
drg,DRG,MS080,MS080,DRG_MS080,oov,unknown_unmappable,1,1,NONTRAUMATIC STUPOR & COMA W MCC
drg,DRG,MS164,MS164,DRG_MS164,oov,unknown_unmappable,1,1,MAJOR CHEST PROCEDURES W CC
drg,DRG,MS012,MS012,DRG_MS012,oov,unknown_unmappable,1,1,"TRACHEOSTOMY FOR FACE, MOUTH & NECK DIAGNOSES OR LARYNGECTOMY W CC"
drg,DRG,MS274,MS274,DRG_MS274,oov,unknown_unmappable,1,1,PERCUTANEOUS INTRACARDIAC PROCEDURES W/O MCC
drg,DRG,OMAPR233,OMAPR233,DRG_OMAPR233,oov,unknown_unmappable,1,1,APPENDECTOMY WITH COMPLEX PRINCIPAL DIAGNOSIS
drg,DRG,OMAPR180,OMAPR180,DRG_OMAPR180,oov,unknown_unmappable,1,1,OTHER CIRCULATORY SYSTEM PROCEDURES
drg,DRG,MS230,MS230,DRG_MS230,oov,unknown_unmappable,1,1,OTHER CARDIOTHORACIC PROCEDURES W/O CC/MCC
drg,DRG,OMAPR162,OMAPR162,DRG_OMAPR162,oov,unknown_unmappable,1,1,CARDIAC VALVE PROCEDURES W AMI OR COMPLEX PDX
drg,DRG,MS121,MS121,DRG_MS121,oov,unknown_unmappable,1,1,ACUTE MAJOR EYE INFECTIONS W CC/MCC
drg,DRG,MS059,MS059,DRG_MS059,oov,unknown_unmappable,1,1,MULTIPLE SCLEROSIS & CEREBELLAR ATAXIA W CC
drg,DRG,MS346,MS346,DRG_MS346,oov,unknown_unmappable,1,1,MINOR SMALL & LARGE BOWEL PROCEDURES W/O CC/MCC
drg,DRG,MS492,MS492,DRG_MS492,oov,unknown_unmappable,1,1,"LOWER EXTREM & HUMER PROC EXCEPT HIP, FOOT, FEMUR W MCC"
drg,DRG,OMAPR304,OMAPR304,DRG_OMAPR304,oov,unknown_unmappable,1,1,DORSAL & LUMBAR FUSION PROC EXCEPT FOR CURVATURE OF BACK
drg,DRG,MS542,MS542,DRG_MS542,oov,unknown_unmappable,1,1,PATHOLOGICAL FRACTURES & MUSCULOSKELET & CONN TISS MALIG W MCC
drg,DRG,APR252,APR252,DRG_APR252,oov,unknown_unmappable,1,1,"MALFUNCTION, REACTION & COMPLICATION OF GI DEVICE OR PROCEDURE"
drg,DRG,MS269,MS269,DRG_MS269,oov,unknown_unmappable,1,1,AORTIC AND HEART ASSIST PROCEDURES EXCEPT PULSATION BALLOON W/O MCC
drg,DRG,MS939,MS939,DRG_MS939,oov,unknown_unmappable,1,1,O.R. PROC W DIAGNOSES OF OTHER CONTACT W HEALTH SERVICES W MCC
drg,DRG,MS308,MS308,DRG_MS308,oov,unknown_unmappable,1,1,CARDIAC ARRHYTHMIA & CONDUCTION DISORDERS W MCC
diagnosis,ICD10,X11.1XXA,X111XXA,ICD10_X111XXA,oov,unknown_unmappable,1,1,"Contact with running hot water, initial encounter"
diagnosis,ICD10,H74.02,H7402,ICD10_H7402,oov,unknown_unmappable,1,1,"Tympanosclerosis, left ear"
diagnosis,ICD10,T84.89XD,T8489XD,ICD10_T8489XD,oov,unknown_unmappable,1,1,"Other specified complication of internal orthopedic prosthetic devices, implants and grafts, subsequent encounter"
diagnosis,ICD10,S62.655S,S62655S,ICD10_S62655S,oov,unknown_unmappable,1,1,"Closed nondisplaced fracture of middle phalanx of left ring finger, sequela"
diagnosis,ICD9,777.4,7774,PHE_656.6,oov,pediatric_absent,1,1,Transitory ileus of newborn
diagnosis,ICD10,S53.005D,S53005D,ICD10_S53005D,oov,unknown_unmappable,1,1,"Unspecified dislocation of left radial head, subsequent encounter"
diagnosis,ICD10,S92.315S,S92315S,ICD10_S92315S,oov,unknown_unmappable,1,1,"Closed nondisplaced fracture of first metatarsal bone of left foot, sequela"
diagnosis,ICD9,771.2,7712,PHE_657,oov,pediatric_absent,1,1,Other congenital infection specific to the perinatal period
medication,RXNORM,992475,992475,RXN_992475,oov,pediatric_absent,1,1,promethazine HCl
medication,RXNORM,476271,476271,RXN_476271,oov,pediatric_absent,1,1,aminocaproic acid
medication,RXNORM,1547666,1547666,RXN_1547666,oov,pediatric_absent,1,1,fluticasone furoate
medication,RXNORM,476872,476872,RXN_476872,oov,pediatric_absent,1,1,nizatidine
medication,RXNORM,706868,706868,RXN_706868,oov,pediatric_absent,1,1,azithromycin
diagnosis,ICD10,S60.421A,S60421A,ICD10_S60421A,oov,unknown_unmappable,1,1,"Blister (nonthermal) of left index finger, initial encounter"
diagnosis,ICD10,T17.810S,T17810S,ICD10_T17810S,oov,unknown_unmappable,1,1,"Gastric contents in other parts of respiratory tract causing asphyxiation, sequela"
diagnosis,ICD10,S72.324A,S72324A,ICD10_S72324A,oov,unknown_unmappable,1,1,"Closed nondisplaced transverse fracture of shaft of right femur, initial encounter"
diagnosis,ICD10,S86.319A,S86319A,ICD10_S86319A,oov,unknown_unmappable,1,1,Strain of peroneal tendon
medication,RXNORM,636534,636534,RXN_636534,oov,pediatric_absent,1,1,inulin
medication,RXNORM,82010,82010,RXN_82010,oov,pediatric_absent,1,1,dopamine HCl in dextrose 5 %
medication,RXNORM,198902,198902,RXN_198902,oov,pediatric_absent,1,1,zinc gluconate
medication,RXNORM,1657151,1657151,RXN_1657151,oov,pediatric_absent,1,1,sumatriptan succinate
medication,RXNORM,582247,582247,RXN_582247,oov,pediatric_absent,1,1,"iron,carbonyl"
medication,RXNORM,645037,645037,RXN_645037,oov,pediatric_absent,1,1,risperidone
medication,RXNORM,1235049,1235049,RXN_1235049,oov,pediatric_absent,1,1,hydrocortisone/pramoxine
medication,RXNORM,617304,617304,RXN_617304,oov,pediatric_absent,1,1,amoxicillin/potassium clav
medication,RXNORM,1720311,1720311,RXN_1720311,oov,pediatric_absent,1,1,melatonin
medication,RXNORM,545844,545844,RXN_545844,oov,pediatric_absent,1,1,leuprolide acetate
medication,RXNORM,308763,308763,RXN_308763,oov,pediatric_absent,1,1,bismuth subsalicylate
medication,RXNORM,27748,27748,RXN_27748,oov,pediatric_absent,1,1,iodoform
medication,RXNORM,308691,308691,RXN_308691,oov,pediatric_absent,1,1,benzoyl peroxide
diagnosis,ICD10,H59.311,H59311,ICD10_H59311,oov,unknown_unmappable,1,1,Postprocedural hemorrhage of right eye and adnexa following an ophthalmic procedure
medication,RXNORM,1091389,1091389,RXN_1091389,oov,pediatric_absent,1,1,methylphenidate HCl
medication,RXNORM,1251039,1251039,RXN_1251039,oov,pediatric_absent,1,1,chlorpheniramine/phenyleph/DM
medication,RXNORM,829539,829539,RXN_829539,oov,pediatric_absent,1,1,adapalene/benzoyl peroxide
diagnosis,ICD10,T80.212D,T80212D,ICD10_T80212D,oov,unknown_unmappable,1,1,"Infection of central venous catheter insertion site, subsequent encounter"
diagnosis,ICD10,S11.90XS,S1190XS,ICD10_S1190XS,oov,unknown_unmappable,1,1,"Open neck wound, sequela"
diagnosis,ICD10,Q70.32,Q7032,ICD10_Q7032,oov,unknown_unmappable,1,1,"Webbed toes, left foot"
diagnosis,ICD10,P92.3,P923,PHE_656.3,oov,pediatric_absent,1,1,Underfeeding of newborn
diagnosis,ICD10,O23.00,O2300,ICD10_O2300,oov,unknown_unmappable,1,1,Pyelonephritis affecting pregnancy
diagnosis,ICD10,P61.3,P613,PHE_656.5,oov,pediatric_absent,1,1,Congenital anemia from fetal blood loss
diagnosis,ICD10,S62.319S,S62319S,ICD10_S62319S,oov,unknown_unmappable,1,1,"Fracture of metacarpal base of left hand, closed, sequela"
diagnosis,ICD10,S60.452A,S60452A,ICD10_S60452A,oov,unknown_unmappable,1,1,"Superficial foreign body of right middle finger, initial encounter"
diagnosis,ICD10,P52.5,P525,ICD10_P525,oov,unknown_unmappable,1,1,Subarachnoid (nontraumatic) hemorrhage of newborn
diagnosis,ICD10,S06.9X3D,S069X3D,ICD10_S069X3D,oov,unknown_unmappable,1,1,"Unspecified intracranial injury with loss of consciousness of 1 hour to 5 hours 59 minutes, subsequent encounter"
diagnosis,ICD9,777.50,77750,PHE_656.6,oov,pediatric_absent,1,1,"Necrotizing enterocolitis in newborn, unspecified"
drg,DRG,OMAPR264,OMAPR264,DRG_OMAPR264,oov,unknown_unmappable,1,1,"OTHER HEPATOBILIARY, PANCREAS & ABDOMINAL PROCEDURES"
drg,DRG,MS513,MS513,DRG_MS513,oov,unknown_unmappable,1,1,"HAND OR WRIST PROC, EXCEPT MAJOR THUMB OR JOINT PROC W CC/MCC"
drg,DRG,MS052,MS052,DRG_MS052,oov,unknown_unmappable,1,1,SPINAL DISORDERS & INJURIES W CC/MCC
drg,DRG,MS761,MS761,DRG_MS761,oov,unknown_unmappable,1,1,MENSTRUAL & OTHER FEMALE REPRODUCTIVE SYSTEM DISORDERS W/O CC/MCC
drg,DRG,APR141,APR141,DRG_APR141,oov,unknown_unmappable,1,1,ASTHMA
drg,DRG,MS514,MS514,DRG_MS514,oov,unknown_unmappable,1,1,"HAND OR WRIST PROC, EXCEPT MAJOR THUMB OR JOINT PROC W/O CC/MCC"
drg,DRG,MS335,MS335,DRG_MS335,oov,unknown_unmappable,1,1,PERITONEAL ADHESIOLYSIS W MCC
drg,DRG,MS271,MS271,DRG_MS271,oov,unknown_unmappable,1,1,OTHER MAJOR CARDIOVASCULAR PROCEDURES W CC
drg,DRG,APR139,APR139,DRG_APR139,oov,unknown_unmappable,1,1,OTHER PNEUMONIA
drg,DRG,MS186,MS186,DRG_MS186,oov,unknown_unmappable,1,1,PLEURAL EFFUSION W MCC
drg,DRG,MS914,MS914,DRG_MS914,oov,unknown_unmappable,1,1,TRAUMATIC INJURY W/O MCC
drg,DRG,MS543,MS543,DRG_MS543,oov,unknown_unmappable,1,1,PATHOLOGICAL FRACTURES & MUSCULOSKELET & CONN TISS MALIG W CC
drg,DRG,OMAPR912,OMAPR912,DRG_OMAPR912,oov,unknown_unmappable,1,1,MUSCULOSKELETAL & OTHER PROCEDURES FOR MULTIPLE SIGNIFICANT TRAUMA
drg,DRG,MS249,MS249,DRG_MS249,oov,unknown_unmappable,1,1,PERC CARDIOVASC PROC W NON-DRUG-ELUTING STENT W/O MCC
drg,DRG,OMAPR281,OMAPR281,DRG_OMAPR281,oov,unknown_unmappable,1,1,MALIGNANCY OF HEPATOBILIARY SYSTEM & PANCREAS
drg,DRG,MS694,MS694,DRG_MS694,oov,unknown_unmappable,1,1,URINARY STONES W/O MCC
drg,DRG,OMAPR518,OMAPR518,DRG_OMAPR518,oov,unknown_unmappable,1,1,OTHER FEMALE REPRODUCTIVE SYSTEM & RELATED PROCEDURES
drg,DRG,MS064,MS064,DRG_MS064,oov,unknown_unmappable,1,1,INTRACRANIAL HEMORRHAGE OR CEREBRAL INFARCTION W MCC
drg,DRG,MS916,MS916,DRG_MS916,oov,unknown_unmappable,1,1,ALLERGIC REACTIONS W/O MCC
drg,DRG,OMAPR003,OMAPR003,DRG_OMAPR003,oov,unknown_unmappable,1,1,BONE MARROW TRANSPLANT
drg,DRG,MS023,MS023,DRG_MS023,oov,unknown_unmappable,1,1,CRANIOTOMY W MAJOR DEVICE IMPLANT OR ACUTE COMPLEX CNS PDX W MCC OR CHEMOTHERAPY IMPLANT OR EPILEPSY W NEUROSTIMULATOR
drg,DRG,OMAPR843,OMAPR843,DRG_OMAPR843,oov,unknown_unmappable,1,1,EXTENSIVE 3RD DEGREE BURNS W/O SKIN GRAFT
drg,DRG,MS854,MS854,DRG_MS854,oov,unknown_unmappable,1,1,INFECTIOUS & PARASITIC DISEASES W O.R. PROCEDURE W CC
drg,DRG,OMAPR197,OMAPR197,DRG_OMAPR197,oov,unknown_unmappable,1,1,PERIPHERAL & OTHER VASCULAR DISORDERS
drg,DRG,MS826,MS826,DRG_MS826,oov,unknown_unmappable,1,1,MYELOPROLIF DISORD OR POORLY DIFF NEOPL W MAJ O.R. PROC W MCC
drg,DRG,MS311,MS311,DRG_MS311,oov,unknown_unmappable,1,1,ANGINA PECTORIS
drg,DRG,OM098,OM098,DRG_OM098,oov,unknown_unmappable,1,1,BRONCHITIS & ASTHMA AGE 0-17
drg,DRG,MS746,MS746,DRG_MS746,oov,unknown_unmappable,1,1,"VAGINA, CERVIX & VULVA PROCEDURES W CC/MCC"
drg,DRG,MS497,MS497,DRG_MS497,oov,unknown_unmappable,1,1,LOCAL EXCISION & REMOVAL INT FIX DEVICES EXC HIP & FEMUR W/O CC/MCC
drg,DRG,MS464,MS464,DRG_MS464,oov,unknown_unmappable,1,1,"WND DEBRID & SKN GRFT EXC HAND, FOR MUSCULO-CONN TISS DIS W CC"
drg,DRG,MS653,MS653,DRG_MS653,oov,unknown_unmappable,1,1,MAJOR BLADDER PROCEDURES W MCC
drg,DRG,APR930,APR930,DRG_APR930,oov,unknown_unmappable,1,1,MULTIPLE SIGNIFICANT TRAUMA W/O O.R. PROCEDURE
drg,DRG,MS518,MS518,DRG_MS518,oov,unknown_unmappable,1,1,BACK & NECK PROC EXC SPINAL FUSION W MCC OR DISC DEVICE/NEUROSTIM
drg,DRG,APR609,APR609,DRG_APR609,oov,unknown_unmappable,1,1,NEONATE BWT 1500-2499G W MAJOR PROCEDURE
drg,DRG,MS750,MS750,DRG_MS750,oov,unknown_unmappable,1,1,OTHER FEMALE REPRODUCTIVE SYSTEM O.R. PROCEDURES W/O CC/MCC
drg,DRG,MS465,MS465,DRG_MS465,oov,unknown_unmappable,1,1,"WND DEBRID & SKN GRFT EXC HAND, FOR MUSCULO-CONN TISS DIS W/O CC/MCC"
drg,DRG,OMAPR650,OMAPR650,DRG_OMAPR650,oov,unknown_unmappable,1,1,SPLENECTOMY
drg,DRG,MS605,MS605,DRG_MS605,oov,unknown_unmappable,1,1,"TRAUMA TO THE SKIN, SUBCUT TISS & BREAST W/O MCC"
drg,DRG,MS270,MS270,DRG_MS270,oov,unknown_unmappable,1,1,OTHER MAJOR CARDIOVASCULAR PROCEDURES W MCC
drg,DRG,OM070,OM070,DRG_OM070,oov,unknown_unmappable,1,1,OTITIS MEDIA & URI AGE 0-17
drg,DRG,APR115,APR115,DRG_APR115,oov,unknown_unmappable,1,1,"OTHER EAR, NOSE, MOUTH,THROAT & CRANIAL/FACIAL DIAGNOSES"
drg,DRG,OM034,OM034,DRG_OM034,oov,unknown_unmappable,1,1,OTHER DISORDERS OF NERVOUS SYSTEM W CC
drg,DRG,MS883,MS883,DRG_MS883,oov,unknown_unmappable,1,1,DISORDERS OF PERSONALITY & IMPULSE CONTROL
drg,DRG,MS846,MS846,DRG_MS846,oov,unknown_unmappable,1,1,CHEMOTHERAPY W/O ACUTE LEUKEMIA AS SECONDARY DIAGNOSIS W MCC
diagnosis,ICD10,S62.639B,S62639B,ICD10_S62639B,oov,unknown_unmappable,1,1,"Open fracture of tuft of distal phalanx of finger, initial encounter"
diagnosis,ICD10,S62.666B,S62666B,ICD10_S62666B,oov,unknown_unmappable,1,1,"Nondisplaced fracture of distal phalanx of right little finger, initial encounter for open fracture"
diagnosis,ICD10,S56.912A,S56912A,ICD10_S56912A,oov,unknown_unmappable,1,1,"Strain of unspecified muscles, fascia and tendons at forearm level, left arm, initial encounter"
diagnosis,ICD10,Y92.834,Y92834,ICD10_Y92834,oov,unknown_unmappable,1,1,Zoological garden (zoo) as the place of occurrence of the external cause
diagnosis,ICD10,T55.0X1A,T550X1A,ICD10_T550X1A,oov,unknown_unmappable,1,1,"Toxic effect of soaps, accidental (unintentional), initial encounter"
diagnosis,ICD10,S14.152S,S14152S,ICD10_S14152S,oov,unknown_unmappable,1,1,"Other incomplete lesion at C2 level of cervical spinal cord, sequela"
diagnosis,ICD10,O35.4XX0,O354XX0,ICD10_O354XX0,oov,unknown_unmappable,1,1,"Suspected fetal damage from maternal alcohol use, single or unspecified fetus"
diagnosis,ICD10,S92.311S,S92311S,ICD10_S92311S,oov,unknown_unmappable,1,1,"Closed fracture of first metatarsal bone of right foot, physeal involvement unspecified, sequela"
diagnosis,ICD10,S62.345S,S62345S,ICD10_S62345S,oov,unknown_unmappable,1,1,"Closed nondisplaced fracture of base of fourth metacarpal bone of left hand, sequela"
diagnosis,ICD10,E76.03,E7603,ICD10_E7603,oov,unknown_unmappable,1,1,Mucopolysaccharidosis type I mild form
diagnosis,ICD10,H05.829,H05829,ICD10_H05829,oov,unknown_unmappable,1,1,Eye muscle weakness
diagnosis,ICD10,M93.972,M93972,ICD10_M93972,oov,unknown_unmappable,1,1,"Osteochondropathy, unspecified, left ankle and foot"
medication,RXNORM,1372270,1372270,RXN_1372270,oov,pediatric_absent,1,1,"iron,carbonyl"
medication,RXNORM,285156,285156,RXN_285156,oov,pediatric_absent,1,1,Lactobacillus reuteri
medication,RXNORM,1298819,1298819,RXN_1298819,oov,pediatric_absent,1,1,influenza A(H1N1)vac 2009 live
diagnosis,ICD10,S53.031D,S53031D,ICD10_S53031D,oov,unknown_unmappable,1,1,"Nursemaid's elbow of right upper extremity, subsequent encounter"
diagnosis,ICD10,S83.001D,S83001D,ICD10_S83001D,oov,unknown_unmappable,1,1,"Subluxation of right patella, subsequent encounter"
diagnosis,ICD10,S09.301A,S09301A,ICD10_S09301A,oov,unknown_unmappable,1,1,"Eardrum trauma, right, initial encounter"
diagnosis,ICD10,S60.121A,S60121A,ICD10_S60121A,oov,unknown_unmappable,1,1,"Contusion of right index finger with damage to nail, initial encounter"
diagnosis,ICD10,T85.591A,T85591A,ICD10_T85591A,oov,unknown_unmappable,1,1,"Other mechanical complication of esophageal anti-reflux device, initial encounter"
diagnosis,ICD9,776.8,7768,PHE_656.5,oov,pediatric_absent,1,1,Other specified transient hematological disorders of fetus or newborn
diagnosis,ICD10,O36.5913,O365913,ICD10_O365913,oov,unknown_unmappable,1,1,"Poor fetal growth affecting management of mother in first trimester, fetus 3 of multiple gestation"
diagnosis,ICD10,T22.031A,T22031A,ICD10_T22031A,oov,unknown_unmappable,1,1,"Burn of unspecified degree of right upper arm, initial encounter"
diagnosis,ICD10,H47.311,H47311,ICD10_H47311,oov,unknown_unmappable,1,1,"Coloboma of optic disc, right eye"
medication,RXNORM,197517,197517,RXN_197517,oov,pediatric_absent,1,1,clarithromycin
diagnosis,ICD10,H72.00,H7200,ICD10_H7200,oov,unknown_unmappable,1,1,Central perforation of tympanic membrane
diagnosis,ICD10,P83.39,P8339,ICD10_P8339,oov,unknown_unmappable,1,1,Other edema specific to newborn
diagnosis,ICD10,Q71.813,Q71813,ICD10_Q71813,oov,unknown_unmappable,1,1,"Congenital shortening of upper limb, bilateral"
diagnosis,ICD10,T65.92XD,T6592XD,ICD10_T6592XD,oov,unknown_unmappable,1,1,"Ingestion of substance, intentional self-harm, subsequent encounter"
diagnosis,ICD10,Q76.414,Q76414,ICD10_Q76414,oov,unknown_unmappable,1,1,"Congenital kyphosis, thoracic region"
diagnosis,ICD10,S37.30XS,S3730XS,ICD10_S3730XS,oov,unknown_unmappable,1,1,"Trauma of urethra, sequela"
diagnosis,ICD10,T50.902S,T50902S,ICD10_T50902S,oov,unknown_unmappable,1,1,"Suicide attempt by drug ingestion, sequela"
procedure,HCPCS,46294,46294,HCPCS_46294,oov,unknown_unmappable,1,1,HX BONE MARROW TRANSPLANT
procedure,HCPCS,55614,55614,HCPCS_55614,oov,unknown_unmappable,1,1,HX HAMSTRING LENGTHENING - MULTIPLE TENDONS - BOTH LEGS
procedure,HCPCS,47743,47743,HCPCS_47743,oov,unknown_unmappable,1,1,HX TYMPANIC MEMBRANE REPAIR
procedure,HCPCS,82674,82674,HCPCS_82674,oov,unknown_unmappable,1,1,CRANIAL TUMOR SURGERY
procedure,HCPCS,75720,75720,HCPCS_75720,oov,unknown_unmappable,1,1,ARTHOCENTESIS-ASPIRATION/INJECTION SMALL JOINT
procedure,HCPCS,65430,65430,HCPCS_65430,oov,unknown_unmappable,1,1,"EGD, FLEX, ORAL; DX INCL SPECIMEN"
diagnosis,ICD9,944.30,94430,ICD9_94430,oov,code_version_mismatch,1,1,Third degree burn of right hand
procedure,HCPCS,46313,46313,HCPCS_46313,oov,unknown_unmappable,1,1,HX LASER EYE SURGERY
medication,RXNORM,1650446,1650446,RXN_1650446,oov,pediatric_absent,1,1,doxycycline hyclate
medication,RXNORM,310587,310587,RXN_310587,oov,pediatric_absent,1,1,"chorionic gonadotropin, human"
diagnosis,ICD10,S59.022A,S59022A,ICD10_S59022A,oov,unknown_unmappable,1,1,"Salter-Harris type II physeal fracture of lower end of ulna, left arm, initial encounter for closed fracture"
procedure,HCPCS,64195,64195,HCPCS_64195,oov,unknown_unmappable,1,1,"LARYNGOSCOPY, FLEX FIBEROPTIC DIAGNOSTIC"
diagnosis,ICD10,T80.90XD,T8090XD,ICD10_T8090XD,oov,unknown_unmappable,1,1,"Infusion reaction, subsequent encounter"
procedure,HCPCS,38849,38849,HCPCS_38849,oov,unknown_unmappable,1,1,INTUBATION
procedure,HCPCS,43146,43146,HCPCS_43146,oov,unknown_unmappable,1,1,MR CHEST WITHOUT THEN WITH CONTRAST
procedure,HCPCS,8965,8965,HCPCS_8965,oov,unknown_unmappable,1,1,PR RIB CARTILAGE GRAFT TO FACE
procedure,HCPCS,16076,16076,HCPCS_16076,oov,unknown_unmappable,1,1,LYSIS OF LABIAL ADHESIONS
medication,RXNORM,2099132,2099132,RXN_2099132,oov,pediatric_absent,1,1,benoxinate HCl/fluorescein sod
diagnosis,ICD10,T85.618S,T85618S,ICD10_T85618S,oov,unknown_unmappable,1,1,"Shunt malfunction, sequela"
diagnosis,ICD10,M71.379,M71379,ICD10_M71379,oov,unknown_unmappable,1,1,"Other bursal cyst, unspecified ankle and foot"
procedure,HCPCS,26880,26880,HCPCS_26880,oov,unknown_unmappable,1,1,PR ELECTROMYOGRAPH BIOFEEDBACK
procedure,HCPCS,47822,47822,HCPCS_47822,oov,unknown_unmappable,1,1,HX TENDON MANIPULATION
procedure,HCPCS,11795,11795,HCPCS_11795,oov,unknown_unmappable,1,1,"PR REPAIR CHOANAL ATRESIA,INTRANASAL"
diagnosis,ICD10,S49.91XD,S4991XD,ICD10_S4991XD,oov,unknown_unmappable,1,1,"Arm injury, right, subsequent encounter"
medication,RXNORM,542347,542347,RXN_542347,oov,pediatric_absent,1,1,isoflurane
medication,RXNORM,430902,430902,RXN_430902,oov,pediatric_absent,1,1,baclofen
procedure,HCPCS,23226,23226,HCPCS_23226,oov,unknown_unmappable,1,1,"PR SLEEP STUDY, ATTENDED"
procedure,HCPCS,87881,87881,HCPCS_87881,oov,unknown_unmappable,1,1,SUBTOTAL COLECTOMY AND ILEOSTOMY
procedure,HCPCS,47165,47165,HCPCS_47165,oov,unknown_unmappable,1,1,USE ORDER SET
medication,RXNORM,1544968,1544968,RXN_1544968,oov,pediatric_absent,1,1,phenyleph/shark liv.oil/mo/pet
procedure,HCPCS,47767,47767,HCPCS_47767,oov,unknown_unmappable,1,1,HX INTRAUTERINE DEVICE INSERTION
procedure,HCPCS,49916,49916,HCPCS_49916,oov,unknown_unmappable,1,1,HX AORTIC ROOT REPLACEMENT
diagnosis,ICD10,M24.359,M24359,ICD10_M24359,oov,unknown_unmappable,1,1,Spastic hip dislocation
diagnosis,ICD9,E913.9,E9139,ICD9_E9139,oov,code_version_mismatch,1,1,Traumatic asphyxial state
procedure,HCPCS,11961,11961,HCPCS_11961,oov,unknown_unmappable,1,1,"PR LARYNGOSCOPY,DIRECT,DX,OP MICROSCOP"
diagnosis,ICD10,S31.139D,S31139D,ICD10_S31139D,oov,unknown_unmappable,1,1,"Gunshot wound of abdomen, subsequent encounter"
procedure,HCPCS,61285,61285,HCPCS_61285,oov,unknown_unmappable,1,1,"SHUNT TAP, FOR ASP OR INJ"
diagnosis,ICD10,W04.XXXD,W04XXXD,ICD10_W04XXXD,oov,unknown_unmappable,1,1,"Fall while being carried or supported by other persons, subsequent encounter"
diagnosis,ICD10,S59.292A,S59292A,ICD10_S59292A,oov,unknown_unmappable,1,1,"Other physeal fracture of lower end of radius, left arm, initial encounter for closed fracture"
procedure,HCPCS,16776,16776,HCPCS_16776,oov,unknown_unmappable,1,1,"PR SUBDUR IMPLNT ELECTR, CRAN BONE FLAP"
procedure,HCPCS,49978,49978,HCPCS_49978,oov,unknown_unmappable,1,1,"HX COARCTATION REPAIR, END TO END"
procedure,HCPCS,50070,50070,HCPCS_50070,oov,unknown_unmappable,1,1,"HX LIGATION, THORACIC DUCT"
procedure,HCPCS,81005,81005,HCPCS_81005,oov,unknown_unmappable,1,1,LABIAL FRENOTOMY
medication,RXNORM,312793,312793,RXN_312793,oov,pediatric_absent,1,1,resorcinol/sulfur
diagnosis,ICD10,Q70.11,Q7011,ICD10_Q7011,oov,unknown_unmappable,1,1,"Webbed fingers, right hand"
procedure,HCPCS,507,507,HCPCS_507,oov,unknown_unmappable,1,1,ECHOCARDIOGRAM TRANSTHORACIC
procedure,HCPCS,47565,47565,HCPCS_47565,oov,unknown_unmappable,1,1,HX NASAL POLYP SURGERY
procedure,HCPCS,45627,45627,HCPCS_45627,oov,unknown_unmappable,1,1,HX TONS & ADEN
medication,RXNORM,1111663,1111663,RXN_1111663,oov,pediatric_absent,1,1,guaifenesin/dextromethorphan
procedure,HCPCS,50150,50150,HCPCS_50150,oov,unknown_unmappable,1,1,"HX SHUNT, SYSTEMIC TO PULMONARY, OTHER"
diagnosis,ICD10,S62.292A,S62292A,ICD10_S62292A,oov,unknown_unmappable,1,1,"Other fracture of first metacarpal bone, left hand, initial encounter for closed fracture"
procedure,HCPCS,90834,90834,HCPCS_90834,oov,unknown_unmappable,1,1,IR GU INTERVENTIONAL OTHER CONSULT
procedure,HCPCS,11757,11757,HCPCS_11757,oov,unknown_unmappable,1,1,"PR EXCISION TURBINATE,SUBMUCOUS"
diagnosis,ICD10,P74.31,P7431,ICD10_P7431,oov,unknown_unmappable,1,1,Hyperkalemia of newborn
diagnosis,ICD10,S62.292B,S62292B,ICD10_S62292B,oov,unknown_unmappable,1,1,"Other fracture of first metacarpal bone, left hand, initial encounter for open fracture"
diagnosis,ICD10,S86.819A,S86819A,ICD10_S86819A,oov,unknown_unmappable,1,1,Strain of calf muscle
diagnosis,ICD10,S60.429A,S60429A,ICD10_S60429A,oov,unknown_unmappable,1,1,"Blister of finger, initial encounter"
diagnosis,ICD9,V31.01,V3101,ICD9_V3101,oov,code_version_mismatch,1,1,"Twin birth, mate liveborn, born in hospital, delivered by cesarean delivery"
diagnosis,ICD9,764.02,76402,ICD9_76402,oov,code_version_mismatch,1,1,"Light-for-dates without mention of fetal malnutrition, 500-749 grams"
procedure,HCPCS,50174,50174,HCPCS_50174,oov,unknown_unmappable,1,1,"HX TRUNCUS ARTERIOSUS, REPAIR"
procedure,HCPCS,46086,46086,HCPCS_46086,oov,unknown_unmappable,1,1,HX I&D EAR ABS/HEMATO; COMP
procedure,HCPCS,481,481,HCPCS_481,oov,unknown_unmappable,1,1,ECHOCARDIOGRAM TRANSESOPHAGEAL
medication,RXNORM,244098,244098,RXN_244098,oov,pediatric_absent,1,1,dextrose 10 % and 0.45 % NaCl
procedure,HCPCS,56889,56889,HCPCS_56889,oov,unknown_unmappable,1,1,PENROSE DRAIN
procedure,HCPCS,85815,85815,HCPCS_85815,oov,unknown_unmappable,1,1,TONSILECTOMY & ADNOIDECTOMY (42820/42821) - OR TIME
medication,RXNORM,6750,6750,RXN_6750,oov,pediatric_absent,1,1,eucalyptus/menthol
procedure,HCPCS,93397,93397,HCPCS_93397,oov,unknown_unmappable,1,1,HX MRI CHEST
medication,RXNORM,857391,857391,RXN_857391,oov,pediatric_absent,1,1,hydrocodone/acetaminophen
medication,RXNORM,891893,891893,RXN_891893,oov,pediatric_absent,1,1,morphine sulfate
procedure,HCPCS,14103,14103,HCPCS_14103,oov,unknown_unmappable,1,1,"PR LAP,ESOPHAGOGAST FUNDOPLASTY"
medication,RXNORM,858810,858810,RXN_858810,oov,pediatric_absent,1,1,enalapril maleate
medication,RXNORM,197508,197508,RXN_197508,oov,pediatric_absent,1,1,cimetidine
procedure,HCPCS,47748,47748,HCPCS_47748,oov,unknown_unmappable,1,1,HX LIVER BIOPSY
procedure,HCPCS,45661,45661,HCPCS_45661,oov,unknown_unmappable,1,1,HX CANDELLA V - BEAM LASER-HERMANGIOMA
procedure,HCPCS,60625,60625,HCPCS_60625,oov,unknown_unmappable,1,1,SCROTAL ORCHIOPEXY
procedure,HCPCS,62133,62133,HCPCS_62133,oov,unknown_unmappable,1,1,INTUBATION ENDOTRACHEAL EMERGENCY PROCEDURE
diagnosis,ICD10,S93.602D,S93602D,ICD10_S93602D,oov,unknown_unmappable,1,1,"Sprain of left foot, subsequent encounter"
procedure,HCPCS,48076,48076,HCPCS_48076,oov,unknown_unmappable,1,1,HX NASAL FRACTURE SURGERY
medication,RXNORM,1736645,1736645,RXN_1736645,oov,pediatric_absent,1,1,rimabotulinumtoxinB
procedure,HCPCS,50164,50164,HCPCS_50164,oov,unknown_unmappable,1,1,"HX TOF AVC (AVSD),REPAIR"
procedure,HCPCS,55573,55573,HCPCS_55573,oov,unknown_unmappable,1,1,HEART VALVE
diagnosis,ICD10,S06.895S,S06895S,ICD10_S06895S,oov,unknown_unmappable,1,1,"Other specified intracranial injury with loss of consciousness greater than 24 hours with return to pre-existing conscious level, sequela"
procedure,HCPCS,47558,47558,HCPCS_47558,oov,unknown_unmappable,1,1,CVL INSERTION < 5 YRS OLD
procedure,HCPCS,99149,99149,HCPCS_99149,oov,unknown_unmappable,1,1,"SPINE, LUMBAR, W/ & W/O CONTRAST"
diagnosis,ICD10,T63.441D,T63441D,ICD10_T63441D,oov,unknown_unmappable,1,1,"Toxic effect of venom of bees, accidental (unintentional), subsequent encounter"
procedure,HCPCS,42742,42742,HCPCS_42742,oov,unknown_unmappable,1,1,"HX VALVULOPLASTY, AORTIC"
procedure,HCPCS,47835,47835,HCPCS_47835,oov,unknown_unmappable,1,1,HX OMPHALOCELE REPAIR
diagnosis,ICD10,Q66.42,Q6642,ICD10_Q6642,oov,unknown_unmappable,1,1,"Congenital talipes calcaneovalgus, left foot"
diagnosis,ICD10,P36.30,P3630,ICD10_P3630,oov,unknown_unmappable,1,1,Sepsis of newborn due to unspecified staphylococci
procedure,HCPCS,11897,11897,HCPCS_11897,oov,unknown_unmappable,1,1,"PR NASAL SCOPY,SPHENOIDOTOMY"
diagnosis,ICD10,S61.259A,S61259A,ICD10_S61259A,oov,unknown_unmappable,1,1,"Dog bite of finger, initial encounter"
diagnosis,ICD10,T80.92XD,T8092XD,ICD10_T8092XD,oov,unknown_unmappable,1,1,"Blood transfusion reaction, subsequent encounter"
diagnosis,ICD10,M24.871,M24871,ICD10_M24871,oov,unknown_unmappable,1,1,"Other specific joint derangements of right ankle, not elsewhere classified"
medication,RXNORM,1095421,1095421,RXN_1095421,oov,pediatric_absent,1,1,ferrous sulfate
medication,RXNORM,485647,485647,RXN_485647,oov,pediatric_absent,1,1,fluocinonide
medication,RXNORM,797058,797058,RXN_797058,oov,pediatric_absent,1,1,omeprazole magnesium
medication,RXNORM,728113,728113,RXN_728113,oov,pediatric_absent,1,1,oseltamivir phosphate
medication,RXNORM,1795149,1795149,RXN_1795149,oov,pediatric_absent,1,1,dextrose 5 % and 0.3 % NaCl
diagnosis,ICD10,S61.208A,S61208A,ICD10_S61208A,oov,unknown_unmappable,1,1,"Avulsion of skin of middle finger, initial encounter"
diagnosis,ICD10,S61.203A,S61203A,ICD10_S61203A,oov,unknown_unmappable,1,1,"Unspecified open wound of left middle finger without damage to nail, initial encounter"
medication,RXNORM,245493,245493,RXN_245493,oov,pediatric_absent,1,1,ergocalciferol (vitamin D2)
diagnosis,ICD9,V19.4,V194,ICD9_V194,oov,code_version_mismatch,1,1,Family history of skin conditions
medication,RXNORM,858342,858342,RXN_858342,oov,pediatric_absent,1,1,diclofenac potassium
procedure,HCPCS,11261,11261,HCPCS_11261,oov,unknown_unmappable,1,1,FOREIGN BODY REMOVAL - FOOT
medication,RXNORM,315096,315096,RXN_315096,oov,pediatric_absent,1,1,ethynodiol d-ethinyl estradiol
procedure,HCPCS,50901,50901,HCPCS_50901,oov,unknown_unmappable,1,1,RIGHT HEART CATH FOR CHD
medication,RXNORM,1234532,1234532,RXN_1234532,oov,pediatric_absent,1,1,pramoxine HCl/calamine
procedure,HCPCS,58622,58622,HCPCS_58622,oov,unknown_unmappable,1,1,NM SPECT BRAIN IMAGING
procedure,HCPCS,44634,44634,HCPCS_44634,oov,unknown_unmappable,1,1,IR GI REPLACE GJ TUBE WITH FLUORO
medication,RXNORM,977990,977990,RXN_977990,oov,pediatric_absent,1,1,halobetasol propionate
procedure,HCPCS,48063,48063,HCPCS_48063,oov,unknown_unmappable,1,1,"HX LUNG TRANSPLANT, DOUBLE"
procedure,HCPCS,42836,42836,HCPCS_42836,oov,unknown_unmappable,1,1,MR ABDOMEN WITHOUT THEN WITH CONTRAST
procedure,HCPCS,3260901,3260901,HCPCS_3260901,oov,unknown_unmappable,1,1,IR RADIOLOGICAL GUIDANCE FLUOROSCOPY FOR NEEDLE PLACEMENT
diagnosis,ICD10,H66.017,H66017,ICD10_H66017,oov,unknown_unmappable,1,1,"Recurrent acute suppurative otitis media with spontaneous rupture of tympanic membrane, unspecified laterality"
medication,RXNORM,1251190,1251190,RXN_1251190,oov,pediatric_absent,1,1,lactulose
diagnosis,ICD10,S66.902A,S66902A,ICD10_S66902A,oov,unknown_unmappable,1,1,"Injury of extensor tendon of hand, left, initial encounter"
medication,RXNORM,313209,313209,RXN_313209,oov,pediatric_absent,1,1,temozolomide
diagnosis,ICD10,S62.011A,S62011A,ICD10_S62011A,oov,unknown_unmappable,1,1,"Closed displaced fracture of distal pole of scaphoid bone of right wrist, initial encounter"
procedure,HCPCS,48066,48066,HCPCS_48066,oov,unknown_unmappable,1,1,HX MANDIBLE SURGERY
diagnosis,ICD10,T17.810D,T17810D,ICD10_T17810D,oov,unknown_unmappable,1,1,"Gastric contents in other parts of respiratory tract causing asphyxiation, subsequent encounter"
diagnosis,ICD10,M80.861D,M80861D,ICD10_M80861D,oov,unknown_unmappable,1,1,"Other osteoporosis with current pathological fracture, right lower leg, subsequent encounter for fracture with routine healing"
procedure,HCPCS,41171,41171,HCPCS_41171,oov,unknown_unmappable,1,1,CHEST TUBE REMOVAL
procedure,HCPCS,47613,47613,HCPCS_47613,oov,unknown_unmappable,1,1,HX CHEST TUBE INSERTION
medication,RXNORM,310197,310197,RXN_310197,oov,pediatric_absent,1,1,"estrogens, conjugated"
procedure,HCPCS,40967,40967,HCPCS_40967,oov,unknown_unmappable,1,1,NOTIFY RN OF:
procedure,HCPCS,129344,129344,HCPCS_129344,oov,unknown_unmappable,1,1,PR EGD TRANSORAL BIOPSY SINGLE/MULTIPLE
medication,RXNORM,308517,308517,RXN_308517,oov,pediatric_absent,1,1,baclofen
procedure,HCPCS,82081,82081,HCPCS_82081,oov,unknown_unmappable,1,1,DEFLUX OF URETER
medication,RXNORM,577315,577315,RXN_577315,oov,pediatric_absent,1,1,paricalcitol
procedure,HCPCS,90304,90304,HCPCS_90304,oov,unknown_unmappable,1,1,MR FOOT LEFT WITHOUT CONTRAST
procedure,HCPCS,40761,40761,HCPCS_40761,oov,unknown_unmappable,1,1,PPD (MANTOUX)
procedure,HCPCS,82080,82080,HCPCS_82080,oov,unknown_unmappable,1,1,FISTULOTOMY
procedure,HCPCS,47585,47585,HCPCS_47585,oov,unknown_unmappable,1,1,HX LYMPH NODE BIOPSY
medication,RXNORM,1366334,1366334,RXN_1366334,oov,pediatric_absent,1,1,levonorgestrel
procedure,HCPCS,8061001,8061001,HCPCS_8061001,oov,unknown_unmappable,1,1,IR SCLERO SALIVARY GLAND ABLATION
procedure,HCPCS,53878,53878,HCPCS_53878,oov,unknown_unmappable,1,1,COLONOSCOPY/CATH PLACEMENT/BIOPSY 45380-22
procedure,HCPCS,11957,11957,HCPCS_11957,oov,unknown_unmappable,1,1,"PR LARYNGOSCOPY,DIRECT,DIAGNOS,NEWBRN"
procedure,HCPCS,11873,11873,HCPCS_11873,oov,unknown_unmappable,1,1,"PR NASAL ENDOSCOPY,DX"
procedure,HCPCS,90770,90770,HCPCS_90770,oov,unknown_unmappable,1,1,IR PORT OR TUNNELED LINE REMOVAL
diagnosis,ICD10,T23.102D,T23102D,ICD10_T23102D,oov,unknown_unmappable,1,1,"Burn, hand, first degree, left, subsequent encounter"
medication,RXNORM,1989112,1989112,RXN_1989112,oov,pediatric_absent,1,1,epinephrine
procedure,HCPCS,46381,46381,HCPCS_46381,oov,unknown_unmappable,1,1,HX AORTIC COARCTATION REPAIR
drg,DRG,OM360,OM360,DRG_OM360,oov,unknown_unmappable,1,1,"VAGINA, CERVIX & VULVA PROCEDURES"
drg,DRG,OMAPR312,OMAPR312,DRG_OMAPR312,oov,unknown_unmappable,1,1,"SKIN GRAFT, EXCEPT HAND, FOR MUSCULOSKELETAL & CONNECTIVE TISSUE DIAGNOSES"
drg,DRG,OMAPR196,OMAPR196,DRG_OMAPR196,oov,unknown_unmappable,1,1,CARDIAC ARREST & SHOCK
procedure,HCPCS,42930,42930,HCPCS_42930,oov,unknown_unmappable,1,1,MR HEAD ANGIOGRAPHY WITHOUT THEN WITH CONTRAST
drg,DRG,MS477,MS477,DRG_MS477,oov,unknown_unmappable,1,1,BIOPSIES OF MUSCULOSKELETAL SYSTEM & CONNECTIVE TISSUE W MCC
drg,DRG,MS749,MS749,DRG_MS749,oov,unknown_unmappable,1,1,OTHER FEMALE REPRODUCTIVE SYSTEM O.R. PROCEDURES W CC/MCC
procedure,HCPCS,44703,44703,HCPCS_44703,oov,unknown_unmappable,1,1,IR VASCULAR ACCESS PORT PLACEMENT
drg,DRG,MS216,MS216,DRG_MS216,oov,unknown_unmappable,1,1,CARDIAC VALVE & OTH MAJ CARDIOTHORACIC PROC W CARD CATH W MCC
diagnosis,ICD10,T85.850A,T85850A,ICD10_T85850A,oov,unknown_unmappable,1,1,"Stenosis due to nervous system prosthetic devices, implants and grafts, initial encounter"
procedure,HCPCS,10975,10975,HCPCS_10975,oov,unknown_unmappable,1,1,"PR REPAIR ACHILLES TENDON,PRIMARY"
drg,DRG,MS410,MS410,DRG_MS410,oov,unknown_unmappable,1,1,BILIARY TRACT PROC EXCEPT ONLY CHOLECYST W OR W/O C.D.E. W/O CC/MCC
drg,DRG,OMAPR176,OMAPR176,DRG_OMAPR176,oov,unknown_unmappable,1,1,"INSERTION, REVISION & REPLACEMENTS OF PACEMAKER & OTHER CARDIAC DEVICES"
procedure,HCPCS,87583,87583,HCPCS_87583,oov,unknown_unmappable,1,1,RECTAL BIOPSY
procedure,HCPCS,46301,46301,HCPCS_46301,oov,unknown_unmappable,1,1,HX DOUBLE LUNG TRANSPLANT
medication,RXNORM,1191265,1191265,RXN_1191265,oov,pediatric_absent,1,1,fluocinolone acetonide
drg,DRG,OMAPR169,OMAPR169,DRG_OMAPR169,oov,unknown_unmappable,1,1,MAJOR ABDOMINAL VASCULAR PROCEDURES
drg,DRG,MS730,MS730,DRG_MS730,oov,unknown_unmappable,1,1,OTHER MALE REPRODUCTIVE SYSTEM DIAGNOSES W/O CC/MCC
drg,DRG,MS337,MS337,DRG_MS337,oov,unknown_unmappable,1,1,PERITONEAL ADHESIOLYSIS W/O CC/MCC
drg,DRG,MS356,MS356,DRG_MS356,oov,unknown_unmappable,1,1,OTHER DIGESTIVE SYSTEM O.R. PROCEDURES W MCC
medication,RXNORM,1312502,1312502,RXN_1312502,oov,pediatric_absent,1,1,cholecalciferol (vitamin D3)
medication,RXNORM,197574,197574,RXN_197574,oov,pediatric_absent,1,1,desoximetasone
drg,DRG,MS510,MS510,DRG_MS510,oov,unknown_unmappable,1,1,"SHOULDER, ELBOW OR FOREARM PROC, EXC MAJOR JOINT PROC W MCC"
drg,DRG,MS087,MS087,DRG_MS087,oov,unknown_unmappable,1,1,"TRAUMATIC STUPOR & COMA, COMA <1 HR W/O CC/MCC"
drg,DRG,OM035,OM035,DRG_OM035,oov,unknown_unmappable,1,1,OTHER DISORDERS OF NERVOUS SYSTEM W/O CC
medication,RXNORM,1094022,1094022,RXN_1094022,oov,pediatric_absent,1,1,calcium carbonate/vitamin D3
drg,DRG,MS709,MS709,DRG_MS709,oov,unknown_unmappable,1,1,PENIS PROCEDURES W CC/MCC
procedure,HCPCS,94660,94660,HCPCS_94660,oov,unknown_unmappable,1,1,"+PR POS AIRWAY PRESSURE, CPAP"
drg,DRG,OMAPR246,OMAPR246,DRG_OMAPR246,oov,unknown_unmappable,1,1,GASTROINTESTINAL VASCULAR INSUFFICIENCY
drg,DRG,MS963,MS963,DRG_MS963,oov,unknown_unmappable,1,1,OTHER MULTIPLE SIGNIFICANT TRAUMA W MCC
diagnosis,ICD9,777.1,7771,PHE_656.6,oov,pediatric_absent,1,1,Meconium plug
procedure,HCPCS,24210,24210,HCPCS_24210,oov,unknown_unmappable,1,1,PR CATH IMPL VASC ACCESS PORTAL
diagnosis,ICD10,M87.061,M87061,ICD10_M87061,oov,unknown_unmappable,1,1,Bone infarction of distal end of right tibia
drg,DRG,MS085,MS085,DRG_MS085,oov,unknown_unmappable,1,1,"TRAUMATIC STUPOR & COMA, COMA <1 HR W MCC"
drg,DRG,MS489,MS489,DRG_MS489,oov,unknown_unmappable,1,1,KNEE PROCEDURES W/O PDX OF INFECTION W/O CC/MCC
medication,RXNORM,2854,2854,RXN_2854,oov,pediatric_absent,1,1,corn oil
drg,DRG,OM003,OM003,DRG_OM003,oov,unknown_unmappable,1,1,CRANIOTOMY AGE 0-17
drg,DRG,MS125,MS125,DRG_MS125,oov,unknown_unmappable,1,1,OTHER DISORDERS OF THE EYE W/O MCC
drg,DRG,MS149,MS149,DRG_MS149,oov,unknown_unmappable,1,1,DYSEQUILIBRIUM
medication,RXNORM,245494,245494,RXN_245494,oov,pediatric_absent,1,1,ergocalciferol (vitamin D2)
diagnosis,ICD10,A37.80,A3780,ICD10_A3780,oov,unknown_unmappable,1,1,Whooping cough due to other Bordetella species without pneumonia
medication,RXNORM,312832,312832,RXN_312832,oov,pediatric_absent,1,1,risperidone
diagnosis,ICD10,T24.222A,T24222A,ICD10_T24222A,oov,unknown_unmappable,1,1,"Burn of second degree of left knee, initial encounter"
medication,RXNORM,892255,892255,RXN_892255,oov,pediatric_absent,1,1,levothyroxine sodium
procedure,HCPCS,90364,90364,HCPCS_90364,oov,unknown_unmappable,1,1,MR ORBITS WITH CONTRAST
medication,RXNORM,1012384,1012384,RXN_1012384,oov,pediatric_absent,1,1,bupivacaine HCl/epinephrine
procedure,HCPCS,46066,46066,HCPCS_46066,oov,unknown_unmappable,1,1,HX EXCISION RANULA
diagnosis,ICD10,M23.352,M23352,ICD10_M23352,oov,unknown_unmappable,1,1,"Other meniscus derangements, posterior horn of lateral meniscus, left knee"
diagnosis,ICD9,764.99,76499,ICD9_76499,oov,code_version_mismatch,1,1,"Unspecified fetal growth retardation, 2,500 or more grams"
procedure,HCPCS,82087,82087,HCPCS_82087,oov,unknown_unmappable,1,1,SUPRAPUBIC TUBE
diagnosis,ICD10,T71.164A,T71164A,ICD10_T71164A,oov,unknown_unmappable,1,1,"Hanging, undetermined whether accidentally or purposely inflicted, initial encounter"
diagnosis,ICD10,M60.842,M60842,ICD10_M60842,oov,unknown_unmappable,1,1,Other myositis of left hand
diagnosis,ICD10,M91.22,M9122,ICD10_M9122,oov,unknown_unmappable,1,1,"Coxa plana, left hip"
diagnosis,ICD10,J30.5,J305,ICD10_J305,oov,unknown_unmappable,1,1,Non-seasonal allergic rhinitis due to food
diagnosis,ICD10,S21.202D,S21202D,ICD10_S21202D,oov,unknown_unmappable,1,1,"Unspecified open wound of left back wall of thorax without penetration into thoracic cavity, subsequent encounter"
diagnosis,ICD10,T17.220S,T17220S,ICD10_T17220S,oov,unknown_unmappable,1,1,"Food in pharynx causing asphyxiation, sequela"
procedure,HCPCS,52942,52942,HCPCS_52942,oov,unknown_unmappable,1,1,CROWN MOLAR
diagnosis,ICD10,S42.454S,S42454S,ICD10_S42454S,oov,unknown_unmappable,1,1,"Closed nondisplaced fracture of lateral condyle of right humerus, sequela"
procedure,HCPCS,42762,42762,HCPCS_42762,oov,unknown_unmappable,1,1,HX SPLENECTOMY
diagnosis,ICD10,S56.429A,S56429A,ICD10_S56429A,oov,unknown_unmappable,1,1,"Extensor tendon laceration, finger, open wound, initial encounter"
diagnosis,ICD10,S66.829A,S66829A,ICD10_S66829A,oov,unknown_unmappable,1,1,Laceration of flexor tendon of hand
diagnosis,ICD10,E70.318,E70318,ICD10_E70318,oov,unknown_unmappable,1,1,Other ocular albinism
diagnosis,ICD10,S53.004D,S53004D,ICD10_S53004D,oov,unknown_unmappable,1,1,"Unspecified dislocation of right radial head, subsequent encounter"
procedure,HCPCS,69817,69817,HCPCS_69817,oov,unknown_unmappable,1,1,HYBRID/OTHER PROCEDURE
diagnosis,ICD10,M67.361,M67361,ICD10_M67361,oov,unknown_unmappable,1,1,"Transient synovitis of knee, right"
procedure,HCPCS,493,493,HCPCS_493,oov,unknown_unmappable,1,1,ECHOCARDIOGRAM
medication,RXNORM,895711,895711,RXN_895711,oov,pediatric_absent,1,1,"influenza vacc,tri 2009 (live)"
procedure,HCPCS,16670,16670,HCPCS_16670,oov,unknown_unmappable,1,1,"PR TWIST HOLE SKULL,IMPLANT CATH/DEVICE"
medication,RXNORM,309291,309291,RXN_309291,oov,pediatric_absent,1,1,ciclopirox
medication,RXNORM,57555,57555,RXN_57555,oov,pediatric_absent,1,1,pramoxine HCl/camph/zinc acet
medication,RXNORM,1085640,1085640,RXN_1085640,oov,pediatric_absent,1,1,triamcinolone acetonide
medication,RXNORM,1148597,1148597,RXN_1148597,oov,pediatric_absent,1,1,cholecalciferol (vitamin D3)
diagnosis,ICD10,M91.42,M9142,ICD10_M9142,oov,unknown_unmappable,1,1,"Coxa magna, left hip"
diagnosis,ICD10,M67.38,M6738,ICD10_M6738,oov,unknown_unmappable,1,1,"Transient synovitis, other site"
diagnosis,ICD10,E75.25,E7525,ICD10_E7525,oov,unknown_unmappable,1,1,Metachromatic leukodystrophy
procedure,HCPCS,12119,12119,HCPCS_12119,oov,unknown_unmappable,1,1,PR AIRWAYS SURGICAL PROCEDURE UNLISTED
medication,RXNORM,898346,898346,RXN_898346,oov,pediatric_absent,1,1,amlodipine besylate/benazepril
procedure,HCPCS,499,499,HCPCS_499,oov,unknown_unmappable,1,1,ECHOCARDIOGRAM COMPLETE
procedure,HCPCS,17094,17094,HCPCS_17094,oov,unknown_unmappable,1,1,"PR INSERT/ REPLACE INFUSN PUMP,PROGRAMMABLE"
diagnosis,ICD9,V42.9,V429,ICD9_V429,oov,code_version_mismatch,1,1,Hypertension associated with transplantation
diagnosis,ICD10,V79.50XD,V7950XD,ICD10_V7950XD,oov,unknown_unmappable,1,1,"Passenger on bus injured in collision with unspecified motor vehicles in traffic accident, subsequent encounter"
drg,DRG,OMAPR583,OMAPR583,DRG_OMAPR583,oov,unknown_unmappable,1,1,NEONATE W ECMO
procedure,HCPCS,2020801,2020801,HCPCS_2020801,oov,unknown_unmappable,1,1,BONE MARROW BIOPSY
procedure,HCPCS,47991,47991,HCPCS_47991,oov,unknown_unmappable,1,1,HX FACIAL RECONSTRUCTION SURGERY
medication,RXNORM,485514,485514,RXN_485514,oov,pediatric_absent,1,1,5-hydroxytryptophan (5-HTP)
procedure,HCPCS,98650,98650,HCPCS_98650,oov,unknown_unmappable,1,1,ABSCESS DRAINAGE
procedure,HCPCS,10735,10735,HCPCS_10735,oov,unknown_unmappable,1,1,"PR TENOTOMY,BI HAMSTR,KNEE-THIGH,MULTI"
procedure,HCPCS,46329,46329,HCPCS_46329,oov,unknown_unmappable,1,1,URETERAL REIMPLANTATION
medication,RXNORM,2173494,2173494,RXN_2173494,oov,pediatric_absent,1,1,midazolam
diagnosis,ICD10,K02.61,K0261,ICD10_K0261,oov,unknown_unmappable,1,1,Acute enamel dental caries
drg,DRG,OMAPR059,OMAPR059,DRG_OMAPR059,oov,unknown_unmappable,1,1,ANOXIC & OTHER SEVERE BRAIN DAMAGE
medication,RXNORM,616480,616480,RXN_616480,oov,pediatric_absent,1,1,phenol
drg,DRG,MS334,MS334,DRG_MS334,oov,unknown_unmappable,1,1,RECTAL RESECTION W/O CC/MCC
drg,DRG,MS674,MS674,DRG_MS674,oov,unknown_unmappable,1,1,OTHER KIDNEY & URINARY TRACT PROCEDURES W CC
diagnosis,ICD10,M24.676,M24676,ICD10_M24676,oov,unknown_unmappable,1,1,"Ankylosis, unspecified foot"
drg,DRG,OMAPR191,OMAPR191,DRG_OMAPR191,oov,unknown_unmappable,1,1,CARDIAC CATHETERIZATION FOR CORONARY ARTERY DISEASE
drg,DRG,MS840,MS840,DRG_MS840,oov,unknown_unmappable,1,1,LYMPHOMA & NON-ACUTE LEUKEMIA W MCC
drg,DRG,OMAPR341,OMAPR341,DRG_OMAPR341,oov,unknown_unmappable,1,1,FRACTURE OF PELVIS OR DISLOCATION OF HIP
procedure,HCPCS,44216,44216,HCPCS_44216,oov,unknown_unmappable,1,1,RECTAL PROLAPSE REDUCTION
drg,DRG,MS408,MS408,DRG_MS408,oov,unknown_unmappable,1,1,BILIARY TRACT PROC EXCEPT ONLY CHOLECYST W OR W/O C.D.E. W MCC
drg,DRG,MS695,MS695,DRG_MS695,oov,unknown_unmappable,1,1,KIDNEY & URINARY TRACT SIGNS & SYMPTOMS W MCC
diagnosis,ICD9,943.03,94303,ICD9_94303,oov,code_version_mismatch,1,1,Burn of unspecified degree of upper arm
drg,DRG,MS254,MS254,DRG_MS254,oov,unknown_unmappable,1,1,OTHER VASCULAR PROCEDURES W/O CC/MCC
drg,DRG,OMAPR321,OMAPR321,DRG_OMAPR321,oov,unknown_unmappable,1,1,CERVICAL SPINAL FUSION & OTHER BACK/NECK PROC EXC DISC EXCIS/DECOMP
drg,DRG,OMAPR930,OMAPR930,DRG_OMAPR930,oov,unknown_unmappable,1,1,MULTIPLE SIGNIFICANT TRAUMA W/O O.R. PROCEDURE
drg,DRG,MS950,MS950,DRG_MS950,oov,unknown_unmappable,1,1,AFTERCARE W/O CC/MCC
drg,DRG,MS124,MS124,DRG_MS124,oov,unknown_unmappable,1,1,OTHER DISORDERS OF THE EYE W MCC
drg,DRG,MS443,MS443,DRG_MS443,oov,unknown_unmappable,1,1,"DISORDERS OF LIVER EXCEPT MALIG, CIRR, ALC HEPA W/O CC/MCC"
medication,RXNORM,1928312,1928312,RXN_1928312,oov,pediatric_absent,1,1,flu vacc qs2017-18 36mos up/PF
drg,DRG,MS248,MS248,DRG_MS248,oov,unknown_unmappable,1,1,PERCUTANEOUS CARDIOVASCULAR PROCEDURES W NON-DRUG-ELUTING STENT W MCC OR 4+ ARTERIES OR STENTS
procedure,HCPCS,45650,45650,HCPCS_45650,oov,unknown_unmappable,1,1,OPEN REDUCTION NASAL FX
diagnosis,ICD10,S60.212S,S60212S,ICD10_S60212S,oov,unknown_unmappable,1,1,"Contusion of left wrist, sequela"
procedure,HCPCS,42460,42460,HCPCS_42460,oov,unknown_unmappable,1,1,HX SKIN BIOPSY
drg,DRG,MS382,MS382,DRG_MS382,oov,unknown_unmappable,1,1,COMPLICATED PEPTIC ULCER W/O CC/MCC
drg,DRG,APR254,APR254,DRG_APR254,oov,unknown_unmappable,1,1,OTHER DIGESTIVE SYSTEM DIAGNOSES
drg,DRG,OMAPR680,OMAPR680,DRG_OMAPR680,oov,unknown_unmappable,1,1,MAJOR O.R. PROCEDURES FOR LYMPHATIC/HEMATOPOIETIC/OTHER NEOPLASMS
drg,DRG,MS868,MS868,DRG_MS868,oov,unknown_unmappable,1,1,OTHER INFECTIOUS & PARASITIC DISEASES DIAGNOSES W CC
diagnosis,ICD10,S41.109A,S41109A,ICD10_S41109A,oov,unknown_unmappable,1,1,Wound of axillary region
diagnosis,ICD10,R40.2420,R402420,ICD10_R402420,oov,unknown_unmappable,1,1,"Glasgow coma scale score 9-12, unspecified time"
medication,RXNORM,359601,359601,RXN_359601,oov,pediatric_absent,1,1,guaifenesin
procedure,HCPCS,91801,91801,HCPCS_91801,oov,unknown_unmappable,1,1,KIT GASTRO BTN MULTIPLE SIZES
procedure,HCPCS,15776,15776,HCPCS_15776,oov,unknown_unmappable,1,1,PR UROLOGY SURGERY PROCEDURE UNLISTED
medication,RXNORM,746810,746810,RXN_746810,oov,pediatric_absent,1,1,mometasone furoate
procedure,HCPCS,82694,82694,HCPCS_82694,oov,unknown_unmappable,1,1,CRANIAL SURGERY
medication,RXNORM,7982,7982,RXN_7982,oov,pediatric_absent,1,1,pen G benz/pen G procaine
medication,RXNORM,245001,245001,RXN_245001,oov,pediatric_absent,1,1,mag carb/aluminum hydrox/algin
medication,RXNORM,809572,809572,RXN_809572,oov,pediatric_absent,1,1,calcium carbonate/vitamin D3
diagnosis,ICD10,T16.1XXD,T161XXD,ICD10_T161XXD,oov,unknown_unmappable,1,1,"Foreign body of right ear, subsequent encounter"
procedure,HCPCS,1200,1200,HCPCS_1200,oov,unknown_unmappable,1,1,POLYSOMNOGRAPHY
medication,RXNORM,237406,237406,RXN_237406,oov,pediatric_absent,1,1,calcium carbonate/vitamin D2
procedure,HCPCS,12019,12019,HCPCS_12019,oov,unknown_unmappable,1,1,"PR TRACHEOSTOMY, PLANNED"
diagnosis,ICD10,S76.901A,S76901A,ICD10_S76901A,oov,unknown_unmappable,1,1,"Injury to thigh muscle or tendon, right, initial encounter"
drg,DRG,APR723,APR723,DRG_APR723,oov,unknown_unmappable,1,1,VIRAL ILLNESS
diagnosis,ICD10,H75.00,H7500,ICD10_H7500,oov,unknown_unmappable,1,1,"Mastoiditis in infectious and parasitic diseases classified elsewhere, unspecified ear"
procedure,HCPCS,46297,46297,HCPCS_46297,oov,unknown_unmappable,1,1,HX BROCHOSCOPY
procedure,HCPCS,45997,45997,HCPCS_45997,oov,unknown_unmappable,1,1,HX OTOPLASTY
procedure,HCPCS,90356,90356,HCPCS_90356,oov,unknown_unmappable,1,1,MR IAC WITH CONTRAST
medication,RXNORM,346968,346968,RXN_346968,oov,pediatric_absent,1,1,testosterone
diagnosis,ICD10,P04.8,P048,ICD10_P048,oov,unknown_unmappable,1,1,Newborn affected by other maternal noxious substances
diagnosis,ICD10,S61.206A,S61206A,ICD10_S61206A,oov,unknown_unmappable,1,1,"Unspecified open wound of right little finger without damage to nail, initial encounter"
procedure,HCPCS,47856,47856,HCPCS_47856,oov,unknown_unmappable,1,1,HX SKIN SPLIT GRAFT
medication,RXNORM,1233607,1233607,RXN_1233607,oov,pediatric_absent,1,1,calcium carbonate/vitamin D3
diagnosis,ICD10,S60.921A,S60921A,ICD10_S60921A,oov,unknown_unmappable,1,1,"Unspecified superficial injury of right hand, initial encounter"
diagnosis,ICD10,T73.3XXD,T733XXD,ICD10_T733XXD,oov,unknown_unmappable,1,1,"Fatigue due to excessive exertion, subsequent encounter"
diagnosis,ICD10,P74.21,P7421,ICD10_P7421,oov,unknown_unmappable,1,1,Hypernatremia of newborn
medication,RXNORM,859190,859190,RXN_859190,oov,pediatric_absent,1,1,selegiline HCl
medication,RXNORM,1000141,1000141,RXN_1000141,oov,pediatric_absent,1,1,medroxyprogesterone acetate
diagnosis,ICD9,767.3,7673,ICD9_7673,oov,code_version_mismatch,1,1,"Other injuries to skeleton, birth trauma"
diagnosis,ICD9,761.8,7618,ICD9_7618,oov,code_version_mismatch,1,1,Fetus or newborn affected by other specified maternal complications of pregnancy
procedure,HCPCS,82066,82066,HCPCS_82066,oov,unknown_unmappable,1,1,BOTOX INJECTION OF ANAL CANAL
diagnosis,ICD10,P04.89,P0489,ICD10_P0489,oov,unknown_unmappable,1,1,Newborn affected by other maternal noxious substances
drg,DRG,MS927,MS927,DRG_MS927,oov,unknown_unmappable,1,1,EXTENSIVE BURNS OR FULL THICKNESS BURNS W MV >96 HRS W SKIN GRAFT
drg,DRG,OMAPR842,OMAPR842,DRG_OMAPR842,oov,unknown_unmappable,1,1,BURNS W SKIN GRAFT EXCEPT EXTENSIVE 3RD DEGREE BURNS
medication,RXNORM,309317,309317,RXN_309317,oov,pediatric_absent,1,1,sod/pot/K cit/sod cit/cit acid
diagnosis,ICD10,Q66.41,Q6641,ICD10_Q6641,oov,unknown_unmappable,1,1,"Congenital talipes calcaneovalgus, right foot"
diagnosis,ICD10,P36.2,P362,PHE_657,oov,pediatric_absent,1,1,Sepsis of newborn due to Staphylococcus aureus
diagnosis,ICD10,T17.310A,T17310A,ICD10_T17310A,oov,unknown_unmappable,1,1,"Choking due to phlegm in larynx, initial encounter"
medication,RXNORM,1801298,1801298,RXN_1801298,oov,pediatric_absent,1,1,potassium chloride
diagnosis,ICD10,M84.469D,M84469D,ICD10_M84469D,oov,unknown_unmappable,1,1,"Pathological fracture of lower leg with routine healing, subsequent encounter"
procedure,HCPCS,47841,47841,HCPCS_47841,oov,unknown_unmappable,1,1,HX VOLVULUS REDUCTION
procedure,HCPCS,46434,46434,HCPCS_46434,oov,unknown_unmappable,1,1,EGD WITHOUT BIOPSY
procedure,HCPCS,46899,46899,HCPCS_46899,oov,unknown_unmappable,1,1,ESOPHAGEAL MANOMETRY
procedure,HCPCS,1666,1666,HCPCS_1666,oov,unknown_unmappable,1,1,URODYNAMICS STUDY
medication,RXNORM,2198900,2198900,RXN_2198900,oov,pediatric_absent,1,1,flu vacc qv live 2019(2-49yrs)
drg,DRG,OMAPR226,OMAPR226,DRG_OMAPR226,oov,unknown_unmappable,1,1,ANAL PROCEDURES
procedure,HCPCS,59134,59134,HCPCS_59134,oov,unknown_unmappable,1,1,PLACE GASTROSTOMY TUBE
procedure,HCPCS,43685,43685,HCPCS_43685,oov,unknown_unmappable,1,1,XR NECK SOFT TISSUE - LATERAL ONLY
diagnosis,ICD10,T17.898D,T17898D,ICD10_T17898D,oov,unknown_unmappable,1,1,"Other foreign object in other parts of respiratory tract causing other injury, subsequent encounter"
procedure,HCPCS,46767,46767,HCPCS_46767,oov,unknown_unmappable,1,1,ANORECTAL MANOMETRY
drg,DRG,MS332,MS332,DRG_MS332,oov,unknown_unmappable,1,1,RECTAL RESECTION W MCC
medication,RXNORM,36680,36680,RXN_36680,oov,pediatric_absent,1,1,Ca/D3/mag ox/zinc/cop/mang/bor
procedure,HCPCS,47879,47879,HCPCS_47879,oov,unknown_unmappable,1,1,HX CYSTOURETHROSCOPY
procedure,HCPCS,1402,1402,HCPCS_1402,oov,unknown_unmappable,1,1,"ENDOSCOPY, ESOPHAGUS"
diagnosis,ICD10,S59.091A,S59091A,ICD10_S59091A,oov,unknown_unmappable,1,1,"Other physeal fracture of lower end of ulna, right arm, initial encounter for closed fracture"
procedure,HCPCS,39290,39290,HCPCS_39290,oov,unknown_unmappable,1,1,BIOPSY NASOPHARYNX
medication,RXNORM,197845,197845,RXN_197845,oov,pediatric_absent,1,1,isotretinoin
procedure,HCPCS,15860,15860,HCPCS_15860,oov,unknown_unmappable,1,1,"PR HYPOSPAD REPAIR,1 STAGE,DIST,PLASTY"
procedure,HCPCS,39262,39262,HCPCS_39262,oov,unknown_unmappable,1,1,BIOPSY BOWEL
procedure,HCPCS,100395,100395,HCPCS_100395,oov,unknown_unmappable,1,1,"EXCISION, EXTERNAL EAR, PARTIAL, SIMPLE REPAIR"
procedure,HCPCS,60631,60631,HCPCS_60631,oov,unknown_unmappable,1,1,HX PENILE LYSIS OF ADHESIONS
procedure,HCPCS,82660,82660,HCPCS_82660,oov,unknown_unmappable,1,1,DECOMPRESSIVE CRANIECTOMY (TRAUMA)
diagnosis,ICD10,S00.461A,S00461A,ICD10_S00461A,oov,unknown_unmappable,1,1,"Insect bite (nonvenomous) of right ear, initial encounter"
drg,DRG,APR640,APR640,DRG_APR640,oov,unknown_unmappable,1,1,"NEONATE BIRTHWT >2499G, NORMAL NEWBORN OR NEONATE W OTHER PROBLEM"
procedure,HCPCS,45957,45957,HCPCS_45957,oov,unknown_unmappable,1,1,HX INTRATHECAL BACLOFEN PUMP EXPLANT
procedure,HCPCS,7395,7395,HCPCS_7395,oov,unknown_unmappable,1,1,"PR ANESTH,NOSE,SINUS SURGERY"
procedure,HCPCS,44229,44229,HCPCS_44229,oov,unknown_unmappable,1,1,I&D - PARONYCHIA
procedure,HCPCS,87586,87586,HCPCS_87586,oov,unknown_unmappable,1,1,SIG/BIOPSY
procedure,HCPCS,55524,55524,HCPCS_55524,oov,unknown_unmappable,1,1,HX STENT DILATION
medication,RXNORM,1041520,1041520,RXN_1041520,oov,pediatric_absent,1,1,azelaic acid
procedure,HCPCS,15374,15374,HCPCS_15374,oov,unknown_unmappable,1,1,PR APPENDICO-VESICOSTOMY
procedure,HCPCS,63265,63265,HCPCS_63265,oov,unknown_unmappable,1,1,REFERRAL TO HEMANGIOMA - PLASTICS
procedure,HCPCS,11281,11281,HCPCS_11281,oov,unknown_unmappable,1,1,"PR RELEASE EXTEN FOOT TENDONS,MULTIPL"
procedure,HCPCS,90278,90278,HCPCS_90278,oov,unknown_unmappable,1,1,MR FEMUR LEFT WITH CONTRAST
diagnosis,ICD10,H67.9,H679,ICD10_H679,oov,unknown_unmappable,1,1,"Otitis media in disease classified elsewhere, unspecified laterality"
drg,DRG,OMAPR240,OMAPR240,DRG_OMAPR240,oov,unknown_unmappable,1,1,DIGESTIVE MALIGNANCY
medication,RXNORM,197303,197303,RXN_197303,oov,pediatric_absent,1,1,acetazolamide
procedure,HCPCS,46055,46055,HCPCS_46055,oov,unknown_unmappable,1,1,HX EXCISION FRENUM LABIAL/BUCCAL
medication,RXNORM,897122,897122,RXN_897122,oov,pediatric_absent,1,1,liraglutide
procedure,HCPCS,17028,17028,HCPCS_17028,oov,unknown_unmappable,1,1,"PR VENTRICULO-CISTERNOSTOMY,3RD VENT,STEREO"
procedure,HCPCS,40707,40707,HCPCS_40707,oov,unknown_unmappable,1,1,EYE EXAM
diagnosis,ICD10,S50.361A,S50361A,ICD10_S50361A,oov,unknown_unmappable,1,1,"Insect bite (nonvenomous) of right elbow, initial encounter"
procedure,HCPCS,16782,16782,HCPCS_16782,oov,unknown_unmappable,1,1,PR EXCIS EPILEPT FOCUS W MONITOR
procedure,HCPCS,14181,14181,HCPCS_14181,oov,unknown_unmappable,1,1,PR INCISION OF PYLORIC MUSCLE
diagnosis,ICD9,V77.6,V776,ICD9_V776,oov,code_version_mismatch,1,1,"Screening, cystic fibrosis"
procedure,HCPCS,56150,56150,HCPCS_56150,oov,unknown_unmappable,1,1,MR HEAD OR WITHOUT CONTRAST
diagnosis,ICD10,Q70.31,Q7031,ICD10_Q7031,oov,unknown_unmappable,1,1,"Webbed toes, right foot"
procedure,HCPCS,82606,82606,HCPCS_82606,oov,unknown_unmappable,1,1,CRANIOFACIAL SURGERY
diagnosis,ICD10,H02.526,H02526,ICD10_H02526,oov,unknown_unmappable,1,1,Blepharophimosis of left eye
medication,RXNORM,1309239,1309239,RXN_1309239,oov,pediatric_absent,1,1,coconut oil
procedure,HCPCS,129968,129968,HCPCS_129968,oov,unknown_unmappable,1,1,PR INSERT GASTROSTOMY TUBE PERCUTANEOUS
drg,DRG,APR952,APR952,DRG_APR952,oov,unknown_unmappable,1,1,NONEXTENSIVE PROCEDURE UNRELATED TO PRINCIPAL DIAGNOSIS
procedure,HCPCS,50090,50090,HCPCS_50090,oov,unknown_unmappable,1,1,"HX PA, RECONSTRUCTION (PLASTY), BRANCH, (CENTRAL)"
procedure,HCPCS,50268,50268,HCPCS_50268,oov,unknown_unmappable,1,1,HX PACEMAKER PROCEDURE/REPLACEMENT
procedure,HCPCS,129481,129481,HCPCS_129481,oov,unknown_unmappable,1,1,"PR REVISE GASTRIC PORT, OPEN"
procedure,HCPCS,42472,42472,HCPCS_42472,oov,unknown_unmappable,1,1,HX BREAST AUGMENTATION
diagnosis,ICD10,S79.119A,S79119A,ICD10_S79119A,oov,unknown_unmappable,1,1,"Salter-Harris type I physeal fracture of lower end of unspecified femur, initial encounter for closed fracture"
procedure,HCPCS,17002,17002,HCPCS_17002,oov,unknown_unmappable,1,1,"PR REPAIR SKULL W GRAFT,>5 CM"
procedure,HCPCS,65450,65450,HCPCS_65450,oov,unknown_unmappable,1,1,>COLON WITH CATH PLACEMENT
procedure,HCPCS,93058,93058,HCPCS_93058,oov,unknown_unmappable,1,1,XR PELVIS WITH LATERAL HIP - LEFT
procedure,HCPCS,92882,92882,HCPCS_92882,oov,unknown_unmappable,1,1,FL HIP - LEFT - OR
procedure,HCPCS,53882,53882,HCPCS_53882,oov,unknown_unmappable,1,1,COLONOSCOPY/CATH PLACEMENT 45378-22
diagnosis,ICD10,S52.391D,S52391D,ICD10_S52391D,oov,unknown_unmappable,1,1,"Other closed fracture of shaft of right radius with routine healing, subsequent encounter"
diagnosis,ICD10,S59.021D,S59021D,ICD10_S59021D,oov,unknown_unmappable,1,1,"Salter-harris type ii physeal fracture of lower end of ulna, right arm, subsequent encounter for fracture with routine healing"
drg,DRG,MS191,MS191,DRG_MS191,oov,unknown_unmappable,1,1,CHRONIC OBSTRUCTIVE PULMONARY DISEASE W CC
diagnosis,ICD10,S79.101A,S79101A,ICD10_S79101A,oov,unknown_unmappable,1,1,"Closed fracture of epiphyseal plate of distal femur, right, initial encounter"
drg,DRG,OMAPR002,OMAPR002,DRG_OMAPR002,oov,unknown_unmappable,1,1,HEART &/OR LUNG TRANSPLANT
procedure,HCPCS,7923,7923,HCPCS_7923,oov,unknown_unmappable,1,1,INCISION AND REMOV FOREIGN BODY SUBCUTANEOUS;SIMPLE
diagnosis,ICD10,T48.6X2A,T486X2A,ICD10_T486X2A,oov,unknown_unmappable,1,1,"Poisoning by antiasthmatics, intentional self-harm, initial encounter"
medication,RXNORM,1811886,1811886,RXN_1811886,oov,pediatric_absent,1,1,levonorgestrel
medication,RXNORM,307684,307684,RXN_307684,oov,pediatric_absent,1,1,acetaminophen
procedure,HCPCS,47670,47670,HCPCS_47670,oov,unknown_unmappable,1,1,HX WRIST FRACTURE SURGERY
procedure,HCPCS,53475,53475,HCPCS_53475,oov,unknown_unmappable,1,1,ALLOGRAFT - OTHER
procedure,HCPCS,96238,96238,HCPCS_96238,oov,unknown_unmappable,1,1,IR JOINT OR BURSA INJECTION CONSULT
medication,RXNORM,829758,829758,RXN_829758,oov,pediatric_absent,1,1,calcium carb/vitamin D3/vit K1
diagnosis,ICD10,T80.92XS,T8092XS,ICD10_T8092XS,oov,unknown_unmappable,1,1,"Blood transfusion reaction, sequela"
diagnosis,ICD10,H02.23A,H0223A,ICD10_H0223A,oov,unknown_unmappable,1,1,Paralytic lagophthalmos of upper and lower eyelid of right eye
drg,DRG,MS490,MS490,DRG_MS490,oov,unknown_unmappable,1,1,BACK & NECK PROC EXC SPINAL FUSION W CC/MCC OR DISC DEVICE/NEUROSTIM
procedure,HCPCS,1002029,1002029,HCPCS_1002029,oov,unknown_unmappable,1,1,TEAR DUCT PROBE WITH OR WITHOUT IRRIGATION - SINGLE EYE
drg,DRG,OMAPR613,OMAPR613,DRG_OMAPR613,oov,unknown_unmappable,1,1,NEONATE BIRTHWT 1500-1999G W CONGENITAL/PERINATAL INFECTION
procedure,HCPCS,55851,55851,HCPCS_55851,oov,unknown_unmappable,1,1,INTRATHECAL CATHETER
medication,RXNORM,995666,995666,RXN_995666,oov,pediatric_absent,1,1,meclizine HCl
drg,DRG,MS058,MS058,DRG_MS058,oov,unknown_unmappable,1,1,MULTIPLE SCLEROSIS & CEREBELLAR ATAXIA W MCC
procedure,HCPCS,49980,49980,HCPCS_49980,oov,unknown_unmappable,1,1,"HX COARCTATION REPAIR, END TO END, EXTENDED"
medication,RXNORM,1043249,1043249,RXN_1043249,oov,pediatric_absent,1,1,tetrahydrozoline HCl/zinc sulf
diagnosis,ICD10,Z30.45,Z3045,ICD10_Z3045,oov,unknown_unmappable,1,1,Encounter for surveillance of transdermal patch hormonal contraceptive device
procedure,HCPCS,45672,45672,HCPCS_45672,oov,unknown_unmappable,1,1,COCHLEAR IMPLANT < 7 YEARS
diagnosis,ICD10,S63.619A,S63619A,ICD10_S63619A,oov,unknown_unmappable,1,1,"Finger sprain, initial encounter"
drg,DRG,MS559,MS559,DRG_MS559,oov,unknown_unmappable,1,1,"AFTERCARE, MUSCULOSKELETAL SYSTEM & CONNECTIVE TISSUE W MCC"
procedure,HCPCS,50216,50216,HCPCS_50216,oov,unknown_unmappable,1,1,"HX VALVE REPLACEMENT, AORTIC (AVR), MECHANICAL"
procedure,HCPCS,43592,43592,HCPCS_43592,oov,unknown_unmappable,1,1,LIMITED STUDY SPINE - MRI
procedure,HCPCS,48621,48621,HCPCS_48621,oov,unknown_unmappable,1,1,BAL/BRONCHOSCOPY CULTURE
drg,DRG,OMAPR447,OMAPR447,DRG_OMAPR447,oov,unknown_unmappable,1,1,"OTHER KIDNEY, URINARY TRACT & RELATED PROCEDURES"
medication,RXNORM,1189915,1189915,RXN_1189915,oov,pediatric_absent,1,1,colloidal oatmeal
procedure,HCPCS,48344,48344,HCPCS_48344,oov,unknown_unmappable,1,1,NEPHROSTOMY
procedure,HCPCS,42712,42712,HCPCS_42712,oov,unknown_unmappable,1,1,HX KNEE ARTHROSCOPY
procedure,HCPCS,15388,15388,HCPCS_15388,oov,unknown_unmappable,1,1,"PR LAP,REIMPLANT URETER W/CYSTO,STENT"
medication,RXNORM,1357541,1357541,RXN_1357541,oov,pediatric_absent,1,1,tofacitinib citrate
procedure,HCPCS,46440,46440,HCPCS_46440,oov,unknown_unmappable,1,1,EGD FOREIGN BODY RETRIEVAL
medication,RXNORM,1792386,1792386,RXN_1792386,oov,pediatric_absent,1,1,ciprofloxacin HCl/fluocinolone
procedure,HCPCS,101872,101872,HCPCS_101872,oov,unknown_unmappable,1,1,NM PET CT BRAIN IMAGING WITH EEG
procedure,HCPCS,90540,90540,HCPCS_90540,oov,unknown_unmappable,1,1,MR TIBIA AND FIBULA BILATERAL WITHOUT CONTRAST
diagnosis,ICD9,770.18,77018,ICD9_77018,oov,code_version_mismatch,1,1,Other fetal and newborn aspiration with respiratory symptoms
drg,DRG,MS312,MS312,DRG_MS312,oov,unknown_unmappable,1,1,SYNCOPE & COLLAPSE
procedure,HCPCS,48270,48270,HCPCS_48270,oov,unknown_unmappable,1,1,HX FEMUR CLOSED REDUCTION
procedure,HCPCS,49922,49922,HCPCS_49922,oov,unknown_unmappable,1,1,"HX AORTIC STENOSIS REPAIR, SUBVALVAR"
drg,DRG,MS824,MS824,DRG_MS824,oov,unknown_unmappable,1,1,LYMPHOMA & NON-ACUTE LEUKEMIA W OTHER PROC W CC
diagnosis,ICD10,P74.3,P743,PHE_656.3,oov,pediatric_absent,1,1,Disturbances of potassium balance of newborn
procedure,HCPCS,47869,47869,HCPCS_47869,oov,unknown_unmappable,1,1,HX TRACHEOSTOMY CLOSURE
procedure,HCPCS,45655,45655,HCPCS_45655,oov,unknown_unmappable,1,1,HX EXCISION OF LIP MUCOCELE
procedure,HCPCS,48162,48162,HCPCS_48162,oov,unknown_unmappable,1,1,HX TOE AMPUTATION
procedure,HCPCS,46048,46048,HCPCS_46048,oov,unknown_unmappable,1,1,HX BRONCH/BIOPSY
procedure,HCPCS,45961,45961,HCPCS_45961,oov,unknown_unmappable,1,1,HX J-TUBE REMOVAL
diagnosis,ICD10,S92.313A,S92313A,ICD10_S92313A,oov,unknown_unmappable,1,1,Fracture of 1st metatarsal
procedure,HCPCS,63119,63119,HCPCS_63119,oov,unknown_unmappable,1,1,"STENT, URETERA"
procedure,HCPCS,47871,47871,HCPCS_47871,oov,unknown_unmappable,1,1,HX CARDIOVASCULAR SURGERY
procedure,HCPCS,44892,44892,HCPCS_44892,oov,unknown_unmappable,1,1,CIRCUMCISION CARE
medication,RXNORM,209884,209884,RXN_209884,oov,pediatric_absent,1,1,pyrithione zinc
drg,DRG,OM296,OM296,DRG_OM296,oov,unknown_unmappable,1,1,NUTRITIONAL & MISC METABOLIC DISORDERS AGE > 17 W CC
procedure,HCPCS,47657,47657,HCPCS_47657,oov,unknown_unmappable,1,1,HX TESTICLE REMOVAL
procedure,HCPCS,48296,48296,HCPCS_48296,oov,unknown_unmappable,1,1,HX GLOSSECTOMY
diagnosis,ICD10,H73.822,H73822,ICD10_H73822,oov,unknown_unmappable,1,1,"Atrophic nonflaccid tympanic membrane, left ear"
medication,RXNORM,359297,359297,RXN_359297,oov,pediatric_absent,1,1,calcium carbonate
procedure,HCPCS,50024,50024,HCPCS_50024,oov,unknown_unmappable,1,1,HX DEVICE CLOSURE
procedure,HCPCS,17522,17522,HCPCS_17522,oov,unknown_unmappable,1,1,NERVE BIOPSY
procedure,HCPCS,56857,56857,HCPCS_56857,oov,unknown_unmappable,1,1,PE TUBING
diagnosis,ICD10,S21.91XA,S2191XA,ICD10_S2191XA,oov,unknown_unmappable,1,1,"Laceration of chest, initial encounter"
drg,DRG,APR143,APR143,DRG_APR143,oov,unknown_unmappable,1,1,"OTHER RESPIRATORY DIAGNOSES EXCEPT SIGNS, SYMPTOMS & MINOR DIAGNOSES"
procedure,HCPCS,47947,47947,HCPCS_47947,oov,unknown_unmappable,1,1,HX CARDIAC VALVE REPLACEMENT
diagnosis,ICD9,992.9,9929,ICD9_9929,oov,code_version_mismatch,1,1,Unspecified effects of heat and light
procedure,HCPCS,47685,47685,HCPCS_47685,oov,unknown_unmappable,1,1,HX FRACTURE SURGERY
diagnosis,ICD10,Q13.89,Q1389,ICD10_Q1389,oov,unknown_unmappable,1,1,Other congenital malformations of anterior segment of eye
medication,RXNORM,221082,221082,RXN_221082,oov,pediatric_absent,1,1,colloidal oatmeal
medication,RXNORM,861473,861473,RXN_861473,oov,pediatric_absent,1,1,meperidine HCl/PF
procedure,HCPCS,53770,53770,HCPCS_53770,oov,unknown_unmappable,1,1,PANCREATIC STIMULATION 43757
procedure,HCPCS,56795,56795,HCPCS_56795,oov,unknown_unmappable,1,1,PACEMAKER IMPLANTS
diagnosis,ICD10,M20.5X9,M205X9,ICD10_M205X9,oov,unknown_unmappable,1,1,Contracture of toe
procedure,HCPCS,44067,44067,HCPCS_44067,oov,unknown_unmappable,1,1,FL UPPER GI
diagnosis,ICD10,V49.50XD,V4950XD,ICD10_V4950XD,oov,unknown_unmappable,1,1,"Passenger injured in collision with unspecified motor vehicles in traffic accident, subsequent encounter"
procedure,HCPCS,47798,47798,HCPCS_47798,oov,unknown_unmappable,1,1,HX INTRACAPSULAR CATARACT EXTRACTION
diagnosis,ICD9,777.53,77753,PHE_656.6,oov,pediatric_absent,1,1,Stage III necrotizing enterocolitis in newborn
drg,DRG,MS814,MS814,DRG_MS814,oov,unknown_unmappable,1,1,RETICULOENDOTHELIAL & IMMUNITY DISORDERS W MCC
procedure,HCPCS,67360,67360,HCPCS_67360,oov,unknown_unmappable,1,1,ANAL MANOMETRY CATH
diagnosis,ICD10,S02.113B,S02113B,ICD10_S02113B,oov,unknown_unmappable,1,1,Open fracture of left occipital condyle
procedure,HCPCS,63063,63063,HCPCS_63063,oov,unknown_unmappable,1,1,"SET, FRONTALIS SUSPENSION"
procedure,HCPCS,50014,50014,HCPCS_50014,oov,unknown_unmappable,1,1,"HX CORONARY ARTERY PROCEDURE, OTHER"
diagnosis,ICD10,M77.00,M7700,ICD10_M7700,oov,unknown_unmappable,1,1,"Little league elbow syndrome, unspecified laterality"
procedure,HCPCS,64330,64330,HCPCS_64330,oov,unknown_unmappable,1,1,"FL SWALLOWING FUNCTION, W/ CINE OR VIDIORADIOG"
diagnosis,ICD10,T36.94XD,T3694XD,ICD10_T3694XD,oov,unknown_unmappable,1,1,"Antibiotic enterocolitis, undetermined intent, subsequent encounter"
drg,DRG,OMAPR045,OMAPR045,DRG_OMAPR045,oov,unknown_unmappable,1,1,CVA & PRECEREBRAL OCCLUSION W INFARCT
diagnosis,ICD10,S39.83XA,S3983XA,ICD10_S3983XA,oov,unknown_unmappable,1,1,"Pelvic straddle injury, initial encounter"
diagnosis,ICD10,M89.18,M8918,ICD10_M8918,oov,unknown_unmappable,1,1,"Physeal arrest, other site"
diagnosis,ICD10,S62.619A,S62619A,ICD10_S62619A,oov,unknown_unmappable,1,1,"Closed fracture of proximal phalanx of digit of left hand, initial encounter"
diagnosis,ICD10,P77.3,P773,ICD10_P773,oov,unknown_unmappable,1,1,Stage 3 necrotizing enterocolitis in newborn
procedure,HCPCS,48343,48343,HCPCS_48343,oov,unknown_unmappable,1,1,MYOTOMY
procedure,HCPCS,13953,13953,HCPCS_13953,oov,unknown_unmappable,1,1,"PR REPAIR THROAT, ESOPHAGUS"
medication,RXNORM,1372298,1372298,RXN_1372298,oov,pediatric_absent,1,1,phenyleph/mineral oil/petrolat
procedure,HCPCS,91915,91915,HCPCS_91915,oov,unknown_unmappable,1,1,NDL BIOP SFT TIS MULTIPLE SIZES
medication,RXNORM,283433,283433,RXN_283433,oov,pediatric_absent,1,1,melatonin
medication,RXNORM,856481,856481,RXN_856481,oov,pediatric_absent,1,1,propranolol HCl
procedure,HCPCS,90416,90416,HCPCS_90416,oov,unknown_unmappable,1,1,MR KNEE RIGHT WITHOUT CONTRAST
procedure,HCPCS,7030801,7030801,HCPCS_7030801,oov,unknown_unmappable,1,1,ECMO
procedure,HCPCS,42680,42680,HCPCS_42680,oov,unknown_unmappable,1,1,HX LUMBAR FUSION
diagnosis,ICD10,S62.301A,S62301A,ICD10_S62301A,oov,unknown_unmappable,1,1,"Unspecified fracture of second metacarpal bone, left hand, initial encounter for closed fracture"
procedure,HCPCS,47065,47065,HCPCS_47065,oov,unknown_unmappable,1,1,MANOMETRY/COLONIC
procedure,HCPCS,45976,45976,HCPCS_45976,oov,unknown_unmappable,1,1,HX SKIN MUSCLE FLAP
procedure,HCPCS,82610,82610,HCPCS_82610,oov,unknown_unmappable,1,1,CRANIAL CSF SHUNT (CREATION)
procedure,HCPCS,48138,48138,HCPCS_48138,oov,unknown_unmappable,1,1,HX SPINAL FIXATION SURGERY WITH IMPLANT
medication,RXNORM,1088800,1088800,RXN_1088800,oov,pediatric_absent,1,1,calcium carbonate/vitamin D3
procedure,HCPCS,48292,48292,HCPCS_48292,oov,unknown_unmappable,1,1,HX FOREIGN BODY REMOVAL
drg,DRG,MS066,MS066,DRG_MS066,oov,unknown_unmappable,1,1,INTRACRANIAL HEMORRHAGE OR CEREBRAL INFARCTION W/O CC/MCC
diagnosis,ICD10,O35.1XX5,O351XX5,ICD10_O351XX5,oov,unknown_unmappable,1,1,"Down syndrome of fetus in current pregnancy, fetus 5"
medication,RXNORM,1362709,1362709,RXN_1362709,oov,pediatric_absent,1,1,cranberry conc/ascorbic acid
procedure,HCPCS,59712,59712,HCPCS_59712,oov,unknown_unmappable,1,1,PLACE GASTROSTOMY TUBE
procedure,HCPCS,8585,8585,HCPCS_8585,oov,unknown_unmappable,1,1,PR MASTECTOMY FOR GYNECOMASTIA
drg,DRG,OM108,OM108,DRG_OM108,oov,unknown_unmappable,1,1,OTHER CARDIOTHORACIC PROCEDURES
procedure,HCPCS,16796,16796,HCPCS_16796,oov,unknown_unmappable,1,1,PR PARTIAL HEMISPHERECTOMY
diagnosis,ICD10,S40.229A,S40229A,ICD10_S40229A,oov,unknown_unmappable,1,1,"Blister (nonthermal) of unspecified shoulder, initial encounter"
procedure,HCPCS,45942,45942,HCPCS_45942,oov,unknown_unmappable,1,1,HX CENTRAL LINE
diagnosis,ICD10,S06.9X2D,S069X2D,ICD10_S069X2D,oov,unknown_unmappable,1,1,"Traumatic brain injury, with loss of consciousness of 31 minutes to 59 minutes, subsequent encounter"
diagnosis,ICD10,L89.94,L8994,ICD10_L8994,oov,unknown_unmappable,1,1,Stage IV pressure sore
procedure,HCPCS,16222,16222,HCPCS_16222,oov,unknown_unmappable,1,1,PR PELVIC EXAMINATION W ANESTH
procedure,HCPCS,44697,44697,HCPCS_44697,oov,unknown_unmappable,1,1,IR LUMBAR PUNCTURE DIAGNOSTIC
procedure,HCPCS,18220,18220,HCPCS_18220,oov,unknown_unmappable,1,1,PR EARDRUM REVISION
procedure,HCPCS,53910,53910,HCPCS_53910,oov,unknown_unmappable,1,1,BOTOX INJECTION-INTERNAL ANAL SPHINCTER 46505
drg,DRG,OMAPR224,OMAPR224,DRG_OMAPR224,oov,unknown_unmappable,1,1,PERITONEAL ADHESIOLYSIS
procedure,HCPCS,47027,47027,HCPCS_47027,oov,unknown_unmappable,1,1,COLONIC MANOMETRY
diagnosis,ICD10,M65.351,M65351,ICD10_M65351,oov,unknown_unmappable,1,1,"Trigger finger, right little finger"
medication,RXNORM,1657066,1657066,RXN_1657066,oov,pediatric_absent,1,1,bevacizumab
diagnosis,ICD10,S91.331D,S91331D,ICD10_S91331D,oov,unknown_unmappable,1,1,"Puncture wound of foot, right, subsequent encounter"
procedure,HCPCS,48274,48274,HCPCS_48274,oov,unknown_unmappable,1,1,HX FEMUR SURGERY
diagnosis,ICD10,S01.90XD,S0190XD,ICD10_S0190XD,oov,unknown_unmappable,1,1,"Subdural hemorrhage following injury with open intracranial wound and no loss of consciousness, subsequent encounter"
procedure,HCPCS,63896,63896,HCPCS_63896,oov,unknown_unmappable,1,1,"EEG, VIDEO, COMA OR SLEEP ONLY"
procedure,HCPCS,47719,47719,HCPCS_47719,oov,unknown_unmappable,1,1,HX ATRIOVENTRICULAR REPAIR
drg,DRG,OMAPR134,OMAPR134,DRG_OMAPR134,oov,unknown_unmappable,1,1,PULMONARY EMBOLISM
diagnosis,ICD10,S91.301D,S91301D,ICD10_S91301D,oov,unknown_unmappable,1,1,"Wound, open, foot, right, subsequent encounter"
procedure,HCPCS,92946,92946,HCPCS_92946,oov,unknown_unmappable,1,1,XR FINGER - LEFT
procedure,HCPCS,45920,45920,HCPCS_45920,oov,unknown_unmappable,1,1,HX OF CATHETER REPLACEMENT
diagnosis,ICD9,777.52,77752,PHE_656.6,oov,pediatric_absent,1,1,Stage II necrotizing enterocolitis in newborn
diagnosis,ICD10,S61.319A,S61319A,ICD10_S61319A,oov,unknown_unmappable,1,1,"Laceration of nail bed of finger, initial encounter"
diagnosis,ICD10,P76.8,P768,PHE_656.6,oov,pediatric_absent,1,1,Other specified intestinal obstruction of newborn
procedure,HCPCS,50156,50156,HCPCS_50156,oov,unknown_unmappable,1,1,HX TAPVC REPAIR
diagnosis,ICD10,H61.101,H61101,ICD10_H61101,oov,unknown_unmappable,1,1,"Pinna disorder, right"
procedure,HCPCS,48398,48398,HCPCS_48398,oov,unknown_unmappable,1,1,HX TOE SURGERY
diagnosis,ICD10,H52.229,H52229,ICD10_H52229,oov,unknown_unmappable,1,1,"Regular astigmatism, unspecified eye"
drg,DRG,MS348,MS348,DRG_MS348,oov,unknown_unmappable,1,1,ANAL & STOMAL PROCEDURES W CC
procedure,HCPCS,82064,82064,HCPCS_82064,oov,unknown_unmappable,1,1,BOWEL RESECTION
diagnosis,ICD10,T85.598S,T85598S,ICD10_T85598S,oov,unknown_unmappable,1,1,"Impaired nasogastric feeding tube, sequela"
procedure,HCPCS,47813,47813,HCPCS_47813,oov,unknown_unmappable,1,1,HX CAST APPLICATION
procedure,HCPCS,53996,53996,HCPCS_53996,oov,unknown_unmappable,1,1,MANOMETRY/ANTRODUODENAL 91022
diagnosis,ICD10,H60.593,H60593,ICD10_H60593,oov,unknown_unmappable,1,1,"Other noninfective acute otitis externa, bilateral"
procedure,HCPCS,13207,13207,HCPCS_13207,oov,unknown_unmappable,1,1,BLOOD TRANSFUSION PER DAY
procedure,HCPCS,16936,16936,HCPCS_16936,oov,unknown_unmappable,1,1,"PR STEREO IMPLANT BRAIN ELECTRODES, SEIZURE MONITOR"
drg,DRG,OMAPR481,OMAPR481,DRG_OMAPR481,oov,unknown_unmappable,1,1,PENIS PROCEDURES
drg,DRG,MS165,MS165,DRG_MS165,oov,unknown_unmappable,1,1,MAJOR CHEST PROCEDURES W/O CC/MCC
procedure,HCPCS,47857,47857,HCPCS_47857,oov,unknown_unmappable,1,1,HX SYNDACTLYLY REPAIR
diagnosis,ICD10,R10.829,R10829,ICD10_R10829,oov,unknown_unmappable,1,1,Rebound tenderness of central abdomen
diagnosis,ICD10,T63.464A,T63464A,ICD10_T63464A,oov,unknown_unmappable,1,1,"Sting from hornet, wasp, or bee, undetermined intent, initial encounter"
diagnosis,ICD10,S62.314D,S62314D,ICD10_S62314D,oov,unknown_unmappable,1,1,"Displaced fracture of base of fourth metacarpal bone, right hand, subsequent encounter for fracture with routine healing"
diagnosis,ICD9,V29.8,V298,ICD9_V298,oov,code_version_mismatch,1,1,Observation and evaluation of newborns and infants for other specified suspected condition not found
diagnosis,ICD10,W22.042A,W22042A,ICD10_W22042A,oov,unknown_unmappable,1,1,"Striking against wall of swimming pool causing other injury, initial encounter"
procedure,HCPCS,47691,47691,HCPCS_47691,oov,unknown_unmappable,1,1,HX ESCHAROTOMY
diagnosis,ICD10,Y92.159,Y92159,ICD10_Y92159,oov,unknown_unmappable,1,1,Unspecified place in reform school as the place of occurrence of the external cause
medication,RXNORM,686452,686452,RXN_686452,oov,pediatric_absent,1,1,vit E acet/dmc/zinc/petrolat
procedure,HCPCS,56555,56555,HCPCS_56555,oov,unknown_unmappable,1,1,MITRAL VALVE
medication,RXNORM,1652827,1652827,RXN_1652827,oov,pediatric_absent,1,1,rabies immune globulin/PF
medication,RXNORM,857131,857131,RXN_857131,oov,pediatric_absent,1,1,hydrocodone/acetaminophen
procedure,HCPCS,219,219,HCPCS_219,oov,unknown_unmappable,1,1,REFERRAL TO CLEFT LIP / CRANIOFACIAL
procedure,HCPCS,44268,44268,HCPCS_44268,oov,unknown_unmappable,1,1,I&D - PERITONSILLAR ABSCESS
procedure,HCPCS,58237,58237,HCPCS_58237,oov,unknown_unmappable,1,1,MR SPINE CERVICAL AND THORACIC AND LUMBAR LIMITED
procedure,HCPCS,43145,43145,HCPCS_43145,oov,unknown_unmappable,1,1,CHEST DUAL - CT
procedure,HCPCS,8671,8671,HCPCS_8671,oov,unknown_unmappable,1,1,PR MUSCLE BIOPSY
procedure,HCPCS,48193,48193,HCPCS_48193,oov,unknown_unmappable,1,1,HX WRIST SURGERY
medication,RXNORM,1658105,1658105,RXN_1658105,oov,pediatric_absent,1,1,hepatitis A virus vaccine/PF
drg,DRG,MS333,MS333,DRG_MS333,oov,unknown_unmappable,1,1,RECTAL RESECTION W CC
diagnosis,ICD10,S49.091A,S49091A,ICD10_S49091A,oov,unknown_unmappable,1,1,"Other physeal fracture of upper end of humerus, right arm, initial encounter for closed fracture"
procedure,HCPCS,44694,44694,HCPCS_44694,oov,unknown_unmappable,1,1,IR SCLEROTHERAPY HEAD/NECK
diagnosis,ICD10,T59.5X4A,T595X4A,ICD10_T595X4A,oov,unknown_unmappable,1,1,"Toxic effect of fluorine gas and hydrogen fluoride, undetermined, initial encounter"
medication,RXNORM,351134,351134,RXN_351134,oov,pediatric_absent,1,1,zolmitriptan
procedure,HCPCS,14285,14285,HCPCS_14285,oov,unknown_unmappable,1,1,PR CORRECT MALROTATION OF BOWEL
procedure,HCPCS,15396,15396,HCPCS_15396,oov,unknown_unmappable,1,1,PR URETER ENDOSCOPY THRU URETEROSTOMY W URETERAL CATH
medication,RXNORM,1358617,1358617,RXN_1358617,oov,pediatric_absent,1,1,methylprednisolone acetate
procedure,HCPCS,48163,48163,HCPCS_48163,oov,unknown_unmappable,1,1,HX TONGUE SURGERY
diagnosis,ICD9,764.92,76492,ICD9_76492,oov,code_version_mismatch,1,1,"Unspecified fetal growth retardation, 500-749 grams"
procedure,HCPCS,82083,82083,HCPCS_82083,oov,unknown_unmappable,1,1,BLADDERNECK SLING
procedure,HCPCS,50026,50026,HCPCS_50026,oov,unknown_unmappable,1,1,HX DIAPHRAGM PLICATION
procedure,HCPCS,47775,47775,HCPCS_47775,oov,unknown_unmappable,1,1,HX LUMBAR DRAIN IMPLANTATION
procedure,HCPCS,43621,43621,HCPCS_43621,oov,unknown_unmappable,1,1,MR SPINE LUMBAR WITH CONTRAST
diagnosis,ICD10,P05.14,P0514,ICD10_P0514,oov,unknown_unmappable,1,1,"Newborn small for gestational age, 1000-1249 grams"
diagnosis,ICD9,764.07,76407,ICD9_76407,oov,code_version_mismatch,1,1,"Light-for-dates without mention of fetal malnutrition, 1,750-1,999 grams"
drg,DRG,MS672,MS672,DRG_MS672,oov,unknown_unmappable,1,1,URETHRAL PROCEDURES W/O CC/MCC
diagnosis,ICD10,S32.000S,S32000S,ICD10_S32000S,oov,unknown_unmappable,1,1,"Compression fracture of lumbar vertebra, sequela"
medication,RXNORM,1989081,1989081,RXN_1989081,oov,pediatric_absent,1,1,bosentan
diagnosis,ICD10,M02.80,M0280,ICD10_M0280,oov,unknown_unmappable,1,1,"Other reactive arthropathies, unspecified site"
drg,DRG,MS136,MS136,DRG_MS136,oov,unknown_unmappable,1,1,SINUS & MASTOID PROCEDURES W/O CC/MCC
procedure,HCPCS,1422,1422,HCPCS_1422,oov,unknown_unmappable,1,1,ERCP
procedure,HCPCS,85799,85799,HCPCS_85799,oov,unknown_unmappable,1,1,AUDITORY EVOKED OAE
diagnosis,ICD10,S63.697A,S63697A,ICD10_S63697A,oov,unknown_unmappable,1,1,"Other sprain of left little finger, initial encounter"
