{
  "asthma": {
    "age": {
      "accuracy": 0.7513824624760185,
      "auroc": 0.8695257823409085,
      "auprc": 0.4519674561007846,
      "brier_raw": 0.15692133133981453,
      "ece_raw": 0.19287826313529255
    },
    "vanilla": {
      "accuracy": 0.765714930594741,
      "auroc": 0.8374316072582879,
      "auprc": 0.40538186865816167,
      "brier_raw": 0.16448709336330858,
      "ece_raw": 0.2158260687147742
    }
  },
  "obesity": {
    "age": {
      "accuracy": 0.7770308761535832,
      "auroc": 0.8762470788676879,
      "auprc": 0.7185317547159229,
      "brier_raw": 0.15505092773429643,
      "ece_raw": 0.1210523284409334
    },
    "vanilla": {
      "accuracy": 0.7926398541642931,
      "auroc": 0.8581015555362129,
      "auprc": 0.6782695967916376,
      "brier_raw": 0.157059927717243,
      "ece_raw": 0.10470441154176081
    }
  },
  "osa": {
    "age": {
      "accuracy": 0.7877774806097887,
      "auroc": 0.8261849322259176,
      "auprc": 0.35141956360256743,
      "brier_raw": 0.1660389397034948,
      "ece_raw": 0.3050538235699933
    },
    "vanilla": {
      "accuracy": 0.6940358384594811,
      "auroc": 0.8079554818466879,
      "auprc": 0.26643484877139273,
      "brier_raw": 0.20121343478869952,
      "ece_raw": 0.3404447581368945
    }
  },
  "t2d": {
    "age": {
      "accuracy": 0.7838305807139052,
      "auroc": 0.8120814535592431,
      "auprc": 0.3447125713929658,
      "brier_raw": 0.15706144149593057,
      "ece_raw": 0.2582468381960324
    },
    "vanilla": {
      "accuracy": 0.7655833777304208,
      "auroc": 0.8307396470772002,
      "auprc": 0.25968964691705565,
      "brier_raw": 0.1595376560131772,
      "ece_raw": 0.2587882459342165
    }
  }
}