experiment,scenario,arm,seed,metric,value
E01_direct,S0,age_temporal,0,bce,0.5026019266790459
E01_direct,S0,age_temporal,0,auroc,0.7102733929652203
E01_direct,S0,age_temporal,0,auprc,0.4769853975101819
E01_direct,S0,age_temporal,0,delta_bce_beta0,0.00018208336281810844
E01_direct,S0,age_temporal,0,delta_bce_age_shuffle,0.007120862003698991
E01_direct,S0,age_temporal,0,surface_rmse,0.16944162643058347
E01_direct,S0,age_temporal,0,cf_rmse_age,0.15582577227840066
E01_direct,S0,age_temporal,0,cf_rmse_lag,0.14836544338589702
E01_direct,S0,age_temporal,0,lambda_rmse,0.4713124757564497
E01_direct,S0,age_temporal,0,abs_beta_mean,0.09328295290470123
E01_direct,S0,age_temporal,0,beta,0.09328295290470123
E01_direct,S0,age_temporal,0,theta0,-1.3934657573699951
E01_direct,S0,age_temporal,1,bce,0.5034781909084306
E01_direct,S0,age_temporal,1,auroc,0.7091852683982278
E01_direct,S0,age_temporal,1,auprc,0.4756923781328994
E01_direct,S0,age_temporal,1,delta_bce_beta0,0.00032633935349302146
E01_direct,S0,age_temporal,1,delta_bce_age_shuffle,0.005951378954416997
E01_direct,S0,age_temporal,1,surface_rmse,0.20540586373503184
E01_direct,S0,age_temporal,1,cf_rmse_age,0.19048255227193694
E01_direct,S0,age_temporal,1,cf_rmse_lag,0.19171144574968044
E01_direct,S0,age_temporal,1,lambda_rmse,0.47116245537534257
E01_direct,S0,age_temporal,1,abs_beta_mean,0.11266448348760605
E01_direct,S0,age_temporal,1,beta,0.11266448348760605
E01_direct,S0,age_temporal,1,theta0,-1.3929901123046875
E01_direct,S0,age_temporal,2,bce,0.5029920673066745
E01_direct,S0,age_temporal,2,auroc,0.7093692892850272
E01_direct,S0,age_temporal,2,auprc,0.47620482216608007
E01_direct,S0,age_temporal,2,delta_bce_beta0,0.00014372400494078175
E01_direct,S0,age_temporal,2,delta_bce_age_shuffle,0.00872418557751331
E01_direct,S0,age_temporal,2,surface_rmse,0.22093043600002604
E01_direct,S0,age_temporal,2,cf_rmse_age,0.20709310110695933
E01_direct,S0,age_temporal,2,cf_rmse_lag,0.19744853558108189
E01_direct,S0,age_temporal,2,lambda_rmse,0.470481012680621
E01_direct,S0,age_temporal,2,abs_beta_mean,0.07405538856983185
E01_direct,S0,age_temporal,2,beta,0.07405538856983185
E01_direct,S0,age_temporal,2,theta0,-1.3890652656555176
E01_direct,S0,age_temporal,3,bce,0.5028671750771548
E01_direct,S0,age_temporal,3,auroc,0.7107794937779842
E01_direct,S0,age_temporal,3,auprc,0.4783187933793375
E01_direct,S0,age_temporal,3,delta_bce_beta0,0.0004724484085822933
E01_direct,S0,age_temporal,3,delta_bce_age_shuffle,0.009106522278589768
E01_direct,S0,age_temporal,3,surface_rmse,0.19402163743574263
E01_direct,S0,age_temporal,3,cf_rmse_age,0.19098232129398734
E01_direct,S0,age_temporal,3,cf_rmse_lag,0.17065382864849282
E01_direct,S0,age_temporal,3,lambda_rmse,0.47412662877444306
E01_direct,S0,age_temporal,3,abs_beta_mean,0.17782443761825562
E01_direct,S0,age_temporal,3,beta,0.17782443761825562
E01_direct,S0,age_temporal,3,theta0,-1.4093478918075562
E01_direct,S0,age_temporal,4,bce,0.5035712340519786
E01_direct,S0,age_temporal,4,auroc,0.7092919466065499
E01_direct,S0,age_temporal,4,auprc,0.4742986987148203
E01_direct,S0,age_temporal,4,delta_bce_beta0,0.00016671186060668308
E01_direct,S0,age_temporal,4,delta_bce_age_shuffle,0.010511599384363524
E01_direct,S0,age_temporal,4,surface_rmse,0.19692905950448017
E01_direct,S0,age_temporal,4,cf_rmse_age,0.18798620356717682
E01_direct,S0,age_temporal,4,cf_rmse_lag,0.17980810299033337
E01_direct,S0,age_temporal,4,lambda_rmse,0.4769664390167785
E01_direct,S0,age_temporal,4,abs_beta_mean,0.08942469954490662
E01_direct,S0,age_temporal,4,beta,0.08942469954490662
E01_direct,S0,age_temporal,4,theta0,-1.4221924543380737
E01_direct,S0,temporal_only,0,bce,0.5025798382637028
E01_direct,S0,temporal_only,0,auroc,0.7102766331911738
E01_direct,S0,temporal_only,0,auprc,0.4770506765019786
E01_direct,S0,temporal_only,0,delta_bce_beta0,0.0
E01_direct,S0,temporal_only,0,delta_bce_age_shuffle,0.006822707578291953
E01_direct,S0,temporal_only,0,surface_rmse,0.16914623997931402
E01_direct,S0,temporal_only,0,cf_rmse_age,0.1553556701244192
E01_direct,S0,temporal_only,0,cf_rmse_lag,0.14764721957598617
E01_direct,S0,temporal_only,0,lambda_rmse,0.47043648171694297
E01_direct,S0,temporal_only,0,abs_beta_mean,0.0
E01_direct,S0,temporal_only,0,beta,0.0
E01_direct,S0,temporal_only,0,theta0,-1.3884605169296265
E01_direct,S0,temporal_only,1,bce,0.5035027487338238
E01_direct,S0,temporal_only,1,auroc,0.7091181595555681
E01_direct,S0,temporal_only,1,auprc,0.47552063471949324
E01_direct,S0,temporal_only,1,delta_bce_beta0,0.0
E01_direct,S0,temporal_only,1,delta_bce_age_shuffle,0.0054883029633659985
E01_direct,S0,temporal_only,1,surface_rmse,0.20635823993953298
E01_direct,S0,temporal_only,1,cf_rmse_age,0.19176575526097484
E01_direct,S0,temporal_only,1,cf_rmse_lag,0.19263382892386102
E01_direct,S0,temporal_only,1,lambda_rmse,0.47022197950155753
E01_direct,S0,temporal_only,1,abs_beta_mean,0.0
E01_direct,S0,temporal_only,1,beta,0.0
E01_direct,S0,temporal_only,1,theta0,-1.3873865604400635
E01_direct,S0,temporal_only,2,bce,0.5030016063895142
E01_direct,S0,temporal_only,2,auroc,0.7093385218001229
E01_direct,S0,temporal_only,2,auprc,0.47618224655954805
E01_direct,S0,temporal_only,2,delta_bce_beta0,0.0
E01_direct,S0,temporal_only,2,delta_bce_age_shuffle,0.008401563635064058
E01_direct,S0,temporal_only,2,surface_rmse,0.22130425612161952
E01_direct,S0,temporal_only,2,cf_rmse_age,0.20712649131553734
E01_direct,S0,temporal_only,2,cf_rmse_lag,0.19803221373200336
E01_direct,S0,temporal_only,2,lambda_rmse,0.4696528296497585
E01_direct,S0,temporal_only,2,abs_beta_mean,0.0
E01_direct,S0,temporal_only,2,beta,0.0
E01_direct,S0,temporal_only,2,theta0,-1.384541630744934
E01_direct,S0,temporal_only,3,bce,0.503014443536346
E01_direct,S0,temporal_only,3,auroc,0.7105121335954447
E01_direct,S0,temporal_only,3,auprc,0.47809119296869645
E01_direct,S0,temporal_only,3,delta_bce_beta0,0.0
E01_direct,S0,temporal_only,3,delta_bce_age_shuffle,0.009072143213928574
E01_direct,S0,temporal_only,3,surface_rmse,0.19586690749103577
E01_direct,S0,temporal_only,3,cf_rmse_age,0.19307353745980585
E01_direct,S0,temporal_only,3,cf_rmse_lag,0.17251937135555676
E01_direct,S0,temporal_only,3,lambda_rmse,0.47372947442801017
E01_direct,S0,temporal_only,3,abs_beta_mean,0.0
E01_direct,S0,temporal_only,3,beta,0.0
E01_direct,S0,temporal_only,3,theta0,-1.4050639867782593
E01_direct,S0,temporal_only,4,bce,0.5035809410772539
E01_direct,S0,temporal_only,4,auroc,0.7092668922802277
E01_direct,S0,temporal_only,4,auprc,0.47417649672868123
E01_direct,S0,temporal_only,4,delta_bce_beta0,0.0
E01_direct,S0,temporal_only,4,delta_bce_age_shuffle,0.010186498928536292
E01_direct,S0,temporal_only,4,surface_rmse,0.1973132110419442
E01_direct,S0,temporal_only,4,cf_rmse_age,0.1883815580346063
E01_direct,S0,temporal_only,4,cf_rmse_lag,0.17995666470005262
E01_direct,S0,temporal_only,4,lambda_rmse,0.4760829191234829
E01_direct,S0,temporal_only,4,abs_beta_mean,0.0
E01_direct,S0,temporal_only,4,beta,0.0
E01_direct,S0,temporal_only,4,theta0,-1.417067289352417
E01_direct,S1,age_temporal,0,bce,0.4960881574779163
E01_direct,S1,age_temporal,0,auroc,0.7268751032969516
E01_direct,S1,age_temporal,0,auprc,0.4978237835477498
E01_direct,S1,age_temporal,0,delta_bce_beta0,0.0008649770116418432
E01_direct,S1,age_temporal,0,delta_bce_age_shuffle,0.010191202971182978
E01_direct,S1,age_temporal,0,surface_rmse,0.21259687600782123
E01_direct,S1,age_temporal,0,cf_rmse_age,0.1957452228944397
E01_direct,S1,age_temporal,0,cf_rmse_lag,0.16959364710972635
E01_direct,S1,age_temporal,0,lambda_rmse,0.48116101870540096
E01_direct,S1,age_temporal,0,abs_beta_mean,0.19416551291942596
E01_direct,S1,age_temporal,0,beta,0.19416551291942596
E01_direct,S1,age_temporal,0,theta0,-1.4462345838546753
E01_direct,S1,age_temporal,1,bce,0.49769793362518977
E01_direct,S1,age_temporal,1,auroc,0.7238176814132913
E01_direct,S1,age_temporal,1,auprc,0.49348258128369027
E01_direct,S1,age_temporal,1,delta_bce_beta0,0.000837419335233236
E01_direct,S1,age_temporal,1,delta_bce_age_shuffle,0.008932083796734713
E01_direct,S1,age_temporal,1,surface_rmse,0.22632469062745497
E01_direct,S1,age_temporal,1,cf_rmse_age,0.21648191512348783
E01_direct,S1,age_temporal,1,cf_rmse_lag,0.19626499874797815
E01_direct,S1,age_temporal,1,lambda_rmse,0.491469625905058
E01_direct,S1,age_temporal,1,abs_beta_mean,0.1905534565448761
E01_direct,S1,age_temporal,1,beta,0.1905534565448761
E01_direct,S1,age_temporal,1,theta0,-1.501539945602417
E01_direct,S1,age_temporal,2,bce,0.496514607928821
E01_direct,S1,age_temporal,2,auroc,0.7252537924956919
E01_direct,S1,age_temporal,2,auprc,0.4968221967971014
E01_direct,S1,age_temporal,2,delta_bce_beta0,0.00045636094666007265
E01_direct,S1,age_temporal,2,delta_bce_age_shuffle,0.009475716223596498
E01_direct,S1,age_temporal,2,surface_rmse,0.23254941149619018
E01_direct,S1,age_temporal,2,cf_rmse_age,0.2199404620211577
E01_direct,S1,age_temporal,2,cf_rmse_lag,0.19185567127324943
E01_direct,S1,age_temporal,2,lambda_rmse,0.48747290029024753
E01_direct,S1,age_temporal,2,abs_beta_mean,0.14149589836597443
E01_direct,S1,age_temporal,2,beta,0.14149589836597443
E01_direct,S1,age_temporal,2,theta0,-1.478463888168335
E01_direct,S1,age_temporal,3,bce,0.49602337687769793
E01_direct,S1,age_temporal,3,auroc,0.7256117150339223
E01_direct,S1,age_temporal,3,auprc,0.49710524087040303
E01_direct,S1,age_temporal,3,delta_bce_beta0,0.0013808690058474404
E01_direct,S1,age_temporal,3,delta_bce_age_shuffle,0.011449511861274964
E01_direct,S1,age_temporal,3,surface_rmse,0.20476567858840322
E01_direct,S1,age_temporal,3,cf_rmse_age,0.17447384186894438
E01_direct,S1,age_temporal,3,cf_rmse_lag,0.1603561080106052
E01_direct,S1,age_temporal,3,lambda_rmse,0.4839080591782199
E01_direct,S1,age_temporal,3,abs_beta_mean,0.26083534955978394
E01_direct,S1,age_temporal,3,beta,0.26083534955978394
E01_direct,S1,age_temporal,3,theta0,-1.463104009628296
E01_direct,S1,age_temporal,4,bce,0.4967421945383494
E01_direct,S1,age_temporal,4,auroc,0.7244531857680114
E01_direct,S1,age_temporal,4,auprc,0.49614383346980606
E01_direct,S1,age_temporal,4,delta_bce_beta0,0.0008370604043670404
E01_direct,S1,age_temporal,4,delta_bce_age_shuffle,0.011779000372915405
E01_direct,S1,age_temporal,4,surface_rmse,0.22091017580807606
E01_direct,S1,age_temporal,4,cf_rmse_age,0.19585141905182776
E01_direct,S1,age_temporal,4,cf_rmse_lag,0.17642869347328283
E01_direct,S1,age_temporal,4,lambda_rmse,0.48440961464690274
E01_direct,S1,age_temporal,4,abs_beta_mean,0.1848728507757187
E01_direct,S1,age_temporal,4,beta,0.1848728507757187
E01_direct,S1,age_temporal,4,theta0,-1.4631603956222534
E01_direct,S1,temporal_only,0,bce,0.4962988255996484
E01_direct,S1,temporal_only,0,auroc,0.7267301031360756
E01_direct,S1,temporal_only,0,auprc,0.4969511301384691
E01_direct,S1,temporal_only,0,delta_bce_beta0,0.0
E01_direct,S1,temporal_only,0,delta_bce_age_shuffle,0.008828517853874451
E01_direct,S1,temporal_only,0,surface_rmse,0.21074968657839968
E01_direct,S1,temporal_only,0,cf_rmse_age,0.19349227329917557
E01_direct,S1,temporal_only,0,cf_rmse_lag,0.16885041697898873
E01_direct,S1,temporal_only,0,lambda_rmse,0.4800914953974011
E01_direct,S1,temporal_only,0,abs_beta_mean,0.0
E01_direct,S1,temporal_only,0,beta,0.0
E01_direct,S1,temporal_only,0,theta0,-1.4377832412719727
E01_direct,S1,temporal_only,1,bce,0.4978679271668481
E01_direct,S1,temporal_only,1,auroc,0.7237569416865339
E01_direct,S1,temporal_only,1,auprc,0.49268363219420774
E01_direct,S1,temporal_only,1,delta_bce_beta0,0.0
E01_direct,S1,temporal_only,1,delta_bce_age_shuffle,0.007802752271010627
E01_direct,S1,temporal_only,1,surface_rmse,0.22366974491920227
E01_direct,S1,temporal_only,1,cf_rmse_age,0.21416357844244194
E01_direct,S1,temporal_only,1,cf_rmse_lag,0.19494194467303458
E01_direct,S1,temporal_only,1,lambda_rmse,0.4907277654436352
E01_direct,S1,temporal_only,1,abs_beta_mean,0.0
E01_direct,S1,temporal_only,1,beta,0.0
E01_direct,S1,temporal_only,1,theta0,-1.4944970607757568
E01_direct,S1,temporal_only,2,bce,0.49657571748935475
E01_direct,S1,temporal_only,2,auroc,0.7253083035050765
E01_direct,S1,temporal_only,2,auprc,0.49631782172237265
E01_direct,S1,temporal_only,2,delta_bce_beta0,0.0
E01_direct,S1,temporal_only,2,delta_bce_age_shuffle,0.008491177709802289
E01_direct,S1,temporal_only,2,surface_rmse,0.23073868190621397
E01_direct,S1,temporal_only,2,cf_rmse_age,0.21772498112620314
E01_direct,S1,temporal_only,2,cf_rmse_lag,0.19113999914783064
E01_direct,S1,temporal_only,2,lambda_rmse,0.4863352458503964
E01_direct,S1,temporal_only,2,abs_beta_mean,0.0
E01_direct,S1,temporal_only,2,beta,0.0
E01_direct,S1,temporal_only,2,theta0,-1.4707579612731934
E01_direct,S1,temporal_only,3,bce,0.4964557327815951
E01_direct,S1,temporal_only,3,auroc,0.7251298872487314
E01_direct,S1,temporal_only,3,auprc,0.49583330826089356
E01_direct,S1,temporal_only,3,delta_bce_beta0,0.0
E01_direct,S1,temporal_only,3,delta_bce_age_shuffle,0.010583183745187352
E01_direct,S1,temporal_only,3,surface_rmse,0.2029098075910483
E01_direct,S1,temporal_only,3,cf_rmse_age,0.17384077453083588
E01_direct,S1,temporal_only,3,cf_rmse_lag,0.15986874340861015
E01_direct,S1,temporal_only,3,lambda_rmse,0.48398402142794156
E01_direct,S1,temporal_only,3,abs_beta_mean,0.0
E01_direct,S1,temporal_only,3,beta,0.0
E01_direct,S1,temporal_only,3,theta0,-1.458236813545227
E01_direct,S1,temporal_only,4,bce,0.4968864860266582
E01_direct,S1,temporal_only,4,auroc,0.7243986431284216
E01_direct,S1,temporal_only,4,auprc,0.4956600234417718
E01_direct,S1,temporal_only,4,delta_bce_beta0,0.0
E01_direct,S1,temporal_only,4,delta_bce_age_shuffle,0.010497462905371346
E01_direct,S1,temporal_only,4,surface_rmse,0.21963106676306346
E01_direct,S1,temporal_only,4,cf_rmse_age,0.19526528662160333
E01_direct,S1,temporal_only,4,cf_rmse_lag,0.17665638018319588
E01_direct,S1,temporal_only,4,lambda_rmse,0.4833320807245495
E01_direct,S1,temporal_only,4,abs_beta_mean,0.0
E01_direct,S1,temporal_only,4,beta,0.0
E01_direct,S1,temporal_only,4,theta0,-1.4547874927520752
E01_direct,S2,age_temporal,0,bce,0.47224283755854457
E01_direct,S2,age_temporal,0,auroc,0.7470237720629573
E01_direct,S2,age_temporal,0,auprc,0.5499303822323602
E01_direct,S2,age_temporal,0,delta_bce_beta0,0.0010645536766759056
E01_direct,S2,age_temporal,0,delta_bce_age_shuffle,0.009254632929246054
E01_direct,S2,age_temporal,0,surface_rmse,0.2652042566824106
E01_direct,S2,age_temporal,0,cf_rmse_age,0.22309806144110517
E01_direct,S2,age_temporal,0,cf_rmse_lag,0.2039998372012337
E01_direct,S2,age_temporal,0,lambda_rmse,1.0708727288436692
E01_direct,S2,age_temporal,0,lambda_corr,0.9793529275583777
E01_direct,S2,age_temporal,0,abs_beta_mean,0.3033982813358307
E01_direct,S2,age_temporal,0,beta,-0.3033982813358307
E01_direct,S2,age_temporal,0,theta0,-1.5869910717010498
E01_direct,S2,age_temporal,1,bce,0.4720942793368094
E01_direct,S2,age_temporal,1,auroc,0.7470281392280866
E01_direct,S2,age_temporal,1,auprc,0.5493224701242021
E01_direct,S2,age_temporal,1,delta_bce_beta0,0.0011141393139945666
E01_direct,S2,age_temporal,1,delta_bce_age_shuffle,0.010127938780106205
E01_direct,S2,age_temporal,1,surface_rmse,0.2592889323172859
E01_direct,S2,age_temporal,1,cf_rmse_age,0.20126739491250165
E01_direct,S2,age_temporal,1,cf_rmse_lag,0.21616301770351898
E01_direct,S2,age_temporal,1,lambda_rmse,1.069594987615164
E01_direct,S2,age_temporal,1,lambda_corr,0.9792538483312548
E01_direct,S2,age_temporal,1,abs_beta_mean,0.30170634388923645
E01_direct,S2,age_temporal,1,beta,-0.30170634388923645
E01_direct,S2,age_temporal,1,theta0,-1.5767860412597656
E01_direct,S2,age_temporal,2,bce,0.47179205616111136
E01_direct,S2,age_temporal,2,auroc,0.7482832850327812
E01_direct,S2,age_temporal,2,auprc,0.5518952568003398
E01_direct,S2,age_temporal,2,delta_bce_beta0,0.0012689042781735549
E01_direct,S2,age_temporal,2,delta_bce_age_shuffle,0.011202367383912726
E01_direct,S2,age_temporal,2,surface_rmse,0.24153665033494587
E01_direct,S2,age_temporal,2,cf_rmse_age,0.18536199706482684
E01_direct,S2,age_temporal,2,cf_rmse_lag,0.18725271116756387
E01_direct,S2,age_temporal,2,lambda_rmse,1.066509248417088
E01_direct,S2,age_temporal,2,lambda_corr,0.9807304285174117
E01_direct,S2,age_temporal,2,abs_beta_mean,0.33558300137519836
E01_direct,S2,age_temporal,2,beta,-0.33558300137519836
E01_direct,S2,age_temporal,2,theta0,-1.5758209228515625
E01_direct,S2,age_temporal,3,bce,0.47185340741537524
E01_direct,S2,age_temporal,3,auroc,0.747998652227162
E01_direct,S2,age_temporal,3,auprc,0.5510217343282904
E01_direct,S2,age_temporal,3,delta_bce_beta0,0.0005794432569616315
E01_direct,S2,age_temporal,3,delta_bce_age_shuffle,0.013035795498857805
E01_direct,S2,age_temporal,3,surface_rmse,0.2540718904840998
E01_direct,S2,age_temporal,3,cf_rmse_age,0.21058518390394085
E01_direct,S2,age_temporal,3,cf_rmse_lag,0.19345772266541048
E01_direct,S2,age_temporal,3,lambda_rmse,1.0783342213847797
E01_direct,S2,age_temporal,3,lambda_corr,0.9758997432904672
E01_direct,S2,age_temporal,3,abs_beta_mean,0.2287839651107788
E01_direct,S2,age_temporal,3,beta,-0.2287839651107788
E01_direct,S2,age_temporal,3,theta0,-1.596147894859314
E01_direct,S2,age_temporal,4,bce,0.4736260988250972
E01_direct,S2,age_temporal,4,auroc,0.7453178279659649
E01_direct,S2,age_temporal,4,auprc,0.5486457967037486
E01_direct,S2,age_temporal,4,delta_bce_beta0,0.0013921268580157076
E01_direct,S2,age_temporal,4,delta_bce_age_shuffle,0.011391443067761076
E01_direct,S2,age_temporal,4,surface_rmse,0.24974357935389907
E01_direct,S2,age_temporal,4,cf_rmse_age,0.2063683197871312
E01_direct,S2,age_temporal,4,cf_rmse_lag,0.19423669359784473
E01_direct,S2,age_temporal,4,lambda_rmse,1.0716249911385345
E01_direct,S2,age_temporal,4,lambda_corr,0.9800215785764061
E01_direct,S2,age_temporal,4,abs_beta_mean,0.31777846813201904
E01_direct,S2,age_temporal,4,beta,-0.31777846813201904
E01_direct,S2,age_temporal,4,theta0,-1.6012531518936157
E01_direct,S2,temporal_only,0,bce,0.4732048039229672
E01_direct,S2,temporal_only,0,auroc,0.7467194306479277
E01_direct,S2,temporal_only,0,auprc,0.548200429215118
E01_direct,S2,temporal_only,0,delta_bce_beta0,0.0
E01_direct,S2,temporal_only,0,delta_bce_age_shuffle,0.00875617634946485
E01_direct,S2,temporal_only,0,surface_rmse,0.2658863743080894
E01_direct,S2,temporal_only,0,cf_rmse_age,0.2217839784812081
E01_direct,S2,temporal_only,0,cf_rmse_lag,0.20284778031905787
E01_direct,S2,temporal_only,0,lambda_rmse,1.0961168356736926
E01_direct,S2,temporal_only,0,abs_beta_mean,0.0
E01_direct,S2,temporal_only,0,beta,0.0
E01_direct,S2,temporal_only,0,theta0,-1.5994155406951904
E01_direct,S2,temporal_only,1,bce,0.4732637633939819
E01_direct,S2,temporal_only,1,auroc,0.7463401293676847
E01_direct,S2,temporal_only,1,auprc,0.5472386684376629
E01_direct,S2,temporal_only,1,delta_bce_beta0,0.0
E01_direct,S2,temporal_only,1,delta_bce_age_shuffle,0.009754495426601173
E01_direct,S2,temporal_only,1,surface_rmse,0.2617359958768762
E01_direct,S2,temporal_only,1,cf_rmse_age,0.20151496699886642
E01_direct,S2,temporal_only,1,cf_rmse_lag,0.21695977644319192
E01_direct,S2,temporal_only,1,lambda_rmse,1.0951162834976638
E01_direct,S2,temporal_only,1,abs_beta_mean,0.0
E01_direct,S2,temporal_only,1,beta,0.0
E01_direct,S2,temporal_only,1,theta0,-1.5908584594726562
E01_direct,S2,temporal_only,2,bce,0.47300471013317746
E01_direct,S2,temporal_only,2,auroc,0.7473439303599987
E01_direct,S2,temporal_only,2,auprc,0.5484819255647436
E01_direct,S2,temporal_only,2,delta_bce_beta0,0.0
E01_direct,S2,temporal_only,2,delta_bce_age_shuffle,0.011256429098094545
E01_direct,S2,temporal_only,2,surface_rmse,0.24308022931601264
E01_direct,S2,temporal_only,2,cf_rmse_age,0.18482546129400684
E01_direct,S2,temporal_only,2,cf_rmse_lag,0.18607260794366834
E01_direct,S2,temporal_only,2,lambda_rmse,1.0983382333312346
E01_direct,S2,temporal_only,2,abs_beta_mean,0.0
E01_direct,S2,temporal_only,2,beta,0.0
E01_direct,S2,temporal_only,2,theta0,-1.6186039447784424
E01_direct,S2,temporal_only,3,bce,0.47249493056490816
E01_direct,S2,temporal_only,3,auroc,0.7478043011253581
E01_direct,S2,temporal_only,3,auprc,0.5498891908104057
E01_direct,S2,temporal_only,3,delta_bce_beta0,0.0
E01_direct,S2,temporal_only,3,delta_bce_age_shuffle,0.012107490119267539
E01_direct,S2,temporal_only,3,surface_rmse,0.25458125610915433
E01_direct,S2,temporal_only,3,cf_rmse_age,0.20897580161248092
E01_direct,S2,temporal_only,3,cf_rmse_lag,0.19278845724534924
E01_direct,S2,temporal_only,3,lambda_rmse,1.0966308210524942
E01_direct,S2,temporal_only,3,abs_beta_mean,0.0
E01_direct,S2,temporal_only,3,beta,0.0
E01_direct,S2,temporal_only,3,theta0,-1.6038317680358887
E01_direct,S2,temporal_only,4,bce,0.47468368982737186
E01_direct,S2,temporal_only,4,auroc,0.7446306636004951
E01_direct,S2,temporal_only,4,auprc,0.5465126092507706
E01_direct,S2,temporal_only,4,delta_bce_beta0,0.0
E01_direct,S2,temporal_only,4,delta_bce_age_shuffle,0.010530290333707892
E01_direct,S2,temporal_only,4,surface_rmse,0.2514181489696346
E01_direct,S2,temporal_only,4,cf_rmse_age,0.20554727778176157
E01_direct,S2,temporal_only,4,cf_rmse_lag,0.19340970734927018
E01_direct,S2,temporal_only,4,lambda_rmse,1.097989076046721
E01_direct,S2,temporal_only,4,abs_beta_mean,0.0
E01_direct,S2,temporal_only,4,beta,0.0
E01_direct,S2,temporal_only,4,theta0,-1.615570306777954
E01_direct,S3,age_temporal,0,bce,0.5036191758597194
E01_direct,S3,age_temporal,0,auroc,0.7155602431618572
E01_direct,S3,age_temporal,0,auprc,0.493878587892761
E01_direct,S3,age_temporal,0,delta_bce_beta0,0.00343704707806336
E01_direct,S3,age_temporal,0,delta_bce_age_shuffle,0.01128617056316028
E01_direct,S3,age_temporal,0,surface_rmse,0.16873112537586937
E01_direct,S3,age_temporal,0,cf_rmse_age,0.15017232126287886
E01_direct,S3,age_temporal,0,cf_rmse_lag,0.1352079435172315
E01_direct,S3,age_temporal,0,lambda_rmse,1.0670881988832186
E01_direct,S3,age_temporal,0,lambda_corr,0.9878458333787118
E01_direct,S3,age_temporal,0,abs_beta_mean,0.5141531229019165
E01_direct,S3,age_temporal,0,beta,0.5141531229019165
E01_direct,S3,age_temporal,0,theta0,-1.690063238143921
E01_direct,S3,age_temporal,1,bce,0.5032672694956436
E01_direct,S3,age_temporal,1,auroc,0.7154549331445907
E01_direct,S3,age_temporal,1,auprc,0.4947845185124895
E01_direct,S3,age_temporal,1,delta_bce_beta0,0.0039248778138142315
E01_direct,S3,age_temporal,1,delta_bce_age_shuffle,0.011666926397810973
E01_direct,S3,age_temporal,1,surface_rmse,0.1912950533065139
E01_direct,S3,age_temporal,1,cf_rmse_age,0.15861614729431434
E01_direct,S3,age_temporal,1,cf_rmse_lag,0.13533263087074826
E01_direct,S3,age_temporal,1,lambda_rmse,1.066405603746129
E01_direct,S3,age_temporal,1,lambda_corr,0.9888621916820289
E01_direct,S3,age_temporal,1,abs_beta_mean,0.5441503524780273
E01_direct,S3,age_temporal,1,beta,0.5441503524780273
E01_direct,S3,age_temporal,1,theta0,-1.703888177871704
E01_direct,S3,age_temporal,2,bce,0.5038456793755226
E01_direct,S3,age_temporal,2,auroc,0.7154211793747918
E01_direct,S3,age_temporal,2,auprc,0.4927064182731775
E01_direct,S3,age_temporal,2,delta_bce_beta0,0.0028567798354314222
E01_direct,S3,age_temporal,2,delta_bce_age_shuffle,0.015208787787063915
E01_direct,S3,age_temporal,2,surface_rmse,0.19766146514409663
E01_direct,S3,age_temporal,2,cf_rmse_age,0.17003608939505901
E01_direct,S3,age_temporal,2,cf_rmse_lag,0.12664207238876957
E01_direct,S3,age_temporal,2,lambda_rmse,1.076632087230383
E01_direct,S3,age_temporal,2,lambda_corr,0.9863946089698057
E01_direct,S3,age_temporal,2,abs_beta_mean,0.46915921568870544
E01_direct,S3,age_temporal,2,beta,0.46915921568870544
E01_direct,S3,age_temporal,2,theta0,-1.7305679321289062
E01_direct,S3,age_temporal,3,bce,0.5021928525191892
E01_direct,S3,age_temporal,3,auroc,0.7180467918690607
E01_direct,S3,age_temporal,3,auprc,0.4972667808519783
E01_direct,S3,age_temporal,3,delta_bce_beta0,0.003868426351353982
E01_direct,S3,age_temporal,3,delta_bce_age_shuffle,0.015935391386983855
E01_direct,S3,age_temporal,3,surface_rmse,0.196165856191164
E01_direct,S3,age_temporal,3,cf_rmse_age,0.16601948080901024
E01_direct,S3,age_temporal,3,cf_rmse_lag,0.13029151343768142
E01_direct,S3,age_temporal,3,lambda_rmse,1.0599473399571122
E01_direct,S3,age_temporal,3,lambda_corr,0.9899378710940411
E01_direct,S3,age_temporal,3,abs_beta_mean,0.5809879302978516
E01_direct,S3,age_temporal,3,beta,0.5809879302978516
E01_direct,S3,age_temporal,3,theta0,-1.6828025579452515
E01_direct,S3,age_temporal,4,bce,0.5033438740755458
E01_direct,S3,age_temporal,4,auroc,0.7163813652150866
E01_direct,S3,age_temporal,4,auprc,0.49298861861090754
E01_direct,S3,age_temporal,4,delta_bce_beta0,0.0030293908821102944
E01_direct,S3,age_temporal,4,delta_bce_age_shuffle,0.015572004569447295
E01_direct,S3,age_temporal,4,surface_rmse,0.1727500336106471
E01_direct,S3,age_temporal,4,cf_rmse_age,0.14535587377407602
E01_direct,S3,age_temporal,4,cf_rmse_lag,0.1316351294842338
E01_direct,S3,age_temporal,4,lambda_rmse,1.069826521725934
E01_direct,S3,age_temporal,4,lambda_corr,0.9873770371830712
E01_direct,S3,age_temporal,4,abs_beta_mean,0.4994701147079468
E01_direct,S3,age_temporal,4,beta,0.4994701147079468
E01_direct,S3,age_temporal,4,theta0,-1.7001973390579224
E01_direct,S3,temporal_only,0,bce,0.5059469067592895
E01_direct,S3,temporal_only,0,auroc,0.7136538662967409
E01_direct,S3,temporal_only,0,auprc,0.48792046007112994
E01_direct,S3,temporal_only,0,delta_bce_beta0,0.0
E01_direct,S3,temporal_only,0,delta_bce_age_shuffle,0.00589589611652741
E01_direct,S3,temporal_only,0,surface_rmse,0.16730366198266414
E01_direct,S3,temporal_only,0,cf_rmse_age,0.1460310148110934
E01_direct,S3,temporal_only,0,cf_rmse_lag,0.13472765909121517
E01_direct,S3,temporal_only,0,lambda_rmse,1.107582545751648
E01_direct,S3,temporal_only,0,abs_beta_mean,0.0
E01_direct,S3,temporal_only,0,beta,0.0
E01_direct,S3,temporal_only,0,theta0,-1.7014678716659546
E01_direct,S3,temporal_only,1,bce,0.5055784167480649
E01_direct,S3,temporal_only,1,auroc,0.7139516486394173
E01_direct,S3,temporal_only,1,auprc,0.48955737958153356
E01_direct,S3,temporal_only,1,delta_bce_beta0,0.0
E01_direct,S3,temporal_only,1,delta_bce_age_shuffle,0.005817455133349969
E01_direct,S3,temporal_only,1,surface_rmse,0.18571000944096433
E01_direct,S3,temporal_only,1,cf_rmse_age,0.14969218957109395
E01_direct,S3,temporal_only,1,cf_rmse_lag,0.13505948995952702
E01_direct,S3,temporal_only,1,lambda_rmse,1.1095795489522966
E01_direct,S3,temporal_only,1,abs_beta_mean,0.0
E01_direct,S3,temporal_only,1,beta,0.0
E01_direct,S3,temporal_only,1,theta0,-1.7200552225112915
E01_direct,S3,temporal_only,2,bce,0.5053885472676742
E01_direct,S3,temporal_only,2,auroc,0.7146422889063442
E01_direct,S3,temporal_only,2,auprc,0.48868367025870874
E01_direct,S3,temporal_only,2,delta_bce_beta0,0.0
E01_direct,S3,temporal_only,2,delta_bce_age_shuffle,0.009542928899826775
E01_direct,S3,temporal_only,2,surface_rmse,0.19090844754226663
E01_direct,S3,temporal_only,2,cf_rmse_age,0.16026013552409
E01_direct,S3,temporal_only,2,cf_rmse_lag,0.12513838030961835
E01_direct,S3,temporal_only,2,lambda_rmse,1.1115421641963963
E01_direct,S3,temporal_only,2,abs_beta_mean,0.0
E01_direct,S3,temporal_only,2,beta,0.0
E01_direct,S3,temporal_only,2,theta0,-1.7385783195495605
E01_direct,S3,temporal_only,3,bce,0.5045832198044715
E01_direct,S3,temporal_only,3,auroc,0.7166079305198118
E01_direct,S3,temporal_only,3,auprc,0.49158309405394707
E01_direct,S3,temporal_only,3,delta_bce_beta0,0.0
E01_direct,S3,temporal_only,3,delta_bce_age_shuffle,0.01109887445557678
E01_direct,S3,temporal_only,3,surface_rmse,0.18941444062934748
E01_direct,S3,temporal_only,3,cf_rmse_age,0.15390586388759486
E01_direct,S3,temporal_only,3,cf_rmse_lag,0.12925260088072196
E01_direct,S3,temporal_only,3,lambda_rmse,1.107998342119769
E01_direct,S3,temporal_only,3,abs_beta_mean,0.0
E01_direct,S3,temporal_only,3,beta,0.0
E01_direct,S3,temporal_only,3,theta0,-1.7053167819976807
E01_direct,S3,temporal_only,4,bce,0.5052892429714706
E01_direct,S3,temporal_only,4,auroc,0.7151099425289431
E01_direct,S3,temporal_only,4,auprc,0.4880431266174242
E01_direct,S3,temporal_only,4,delta_bce_beta0,0.0
E01_direct,S3,temporal_only,4,delta_bce_age_shuffle,0.010310947562646833
E01_direct,S3,temporal_only,4,surface_rmse,0.17148910075227772
E01_direct,S3,temporal_only,4,cf_rmse_age,0.14125751670371872
E01_direct,S3,temporal_only,4,cf_rmse_lag,0.13286458698229575
E01_direct,S3,temporal_only,4,lambda_rmse,1.108787400160227
E01_direct,S3,temporal_only,4,abs_beta_mean,0.0
E01_direct,S3,temporal_only,4,beta,0.0
E01_direct,S3,temporal_only,4,theta0,-1.712651252746582
E02_staged,S0,age_temporal,0,bce,0.49037271830672735
E02_staged,S0,age_temporal,0,auroc,0.7207859126509369
E02_staged,S0,age_temporal,0,auprc,0.5105843917714175
E02_staged,S0,age_temporal,0,delta_bce_beta0,-6.161854714109571e-05
E02_staged,S0,age_temporal,0,delta_bce_age_shuffle,0.005650163159272414
E02_staged,S0,age_temporal,0,surface_rmse,0.20176978399273013
E02_staged,S0,age_temporal,0,cf_rmse_age,0.1873055802594682
E02_staged,S0,age_temporal,0,cf_rmse_lag,0.18498853200292353
E02_staged,S0,age_temporal,0,lambda_rmse,0.20000805779777958
E02_staged,S0,age_temporal,0,abs_beta_mean,0.03620787337422371
E02_staged,S0,age_temporal,0,beta,-0.03620787337422371
E02_staged,S0,age_temporal,0,theta0,-0.44995740056037903
E02_staged,S0,age_temporal,1,bce,0.4913453084624515
E02_staged,S0,age_temporal,1,auroc,0.7186050939675301
E02_staged,S0,age_temporal,1,auprc,0.5104488921095004
E02_staged,S0,age_temporal,1,delta_bce_beta0,-4.00081529012275e-05
E02_staged,S0,age_temporal,1,delta_bce_age_shuffle,0.004922235769713623
E02_staged,S0,age_temporal,1,surface_rmse,0.23378977610620338
E02_staged,S0,age_temporal,1,cf_rmse_age,0.21792028811391181
E02_staged,S0,age_temporal,1,cf_rmse_lag,0.2198635586486916
E02_staged,S0,age_temporal,1,lambda_rmse,0.18670527302676196
E02_staged,S0,age_temporal,1,abs_beta_mean,0.018787197768688202
E02_staged,S0,age_temporal,1,beta,-0.018787197768688202
E02_staged,S0,age_temporal,1,theta0,-0.41636088490486145
E02_staged,S0,age_temporal,2,bce,0.49143245414886144
E02_staged,S0,age_temporal,2,auroc,0.719073318835888
E02_staged,S0,age_temporal,2,auprc,0.5095061012384831
E02_staged,S0,age_temporal,2,delta_bce_beta0,-8.40219147492105e-05
E02_staged,S0,age_temporal,2,delta_bce_age_shuffle,0.0059741559353614915
E02_staged,S0,age_temporal,2,surface_rmse,0.23867753702524735
E02_staged,S0,age_temporal,2,cf_rmse_age,0.2160431065642467
E02_staged,S0,age_temporal,2,cf_rmse_lag,0.2165593921959715
E02_staged,S0,age_temporal,2,lambda_rmse,0.1951964784509907
E02_staged,S0,age_temporal,2,abs_beta_mean,0.04571932181715965
E02_staged,S0,age_temporal,2,beta,-0.04571932181715965
E02_staged,S0,age_temporal,2,theta0,-0.43742498755455017
E02_staged,S0,age_temporal,3,bce,0.4909599715638681
E02_staged,S0,age_temporal,3,auroc,0.7201042971554041
E02_staged,S0,age_temporal,3,auprc,0.5120775683462258
E02_staged,S0,age_temporal,3,delta_bce_beta0,4.20530443440148e-06
E02_staged,S0,age_temporal,3,delta_bce_age_shuffle,0.007524152078520474
E02_staged,S0,age_temporal,3,surface_rmse,0.2070687249361115
E02_staged,S0,age_temporal,3,cf_rmse_age,0.2086860934963774
E02_staged,S0,age_temporal,3,cf_rmse_lag,0.1889547183129542
E02_staged,S0,age_temporal,3,lambda_rmse,0.19194858316382352
E02_staged,S0,age_temporal,3,abs_beta_mean,0.0016466703964397311
E02_staged,S0,age_temporal,3,beta,0.0016466703964397311
E02_staged,S0,age_temporal,3,theta0,-0.42970800399780273
E02_staged,S0,age_temporal,4,bce,0.4908264162443854
E02_staged,S0,age_temporal,4,auroc,0.7202065793105659
E02_staged,S0,age_temporal,4,auprc,0.5100498998859767
E02_staged,S0,age_temporal,4,delta_bce_beta0,-5.743183857609413e-05
E02_staged,S0,age_temporal,4,delta_bce_age_shuffle,0.008011465946787533
E02_staged,S0,age_temporal,4,surface_rmse,0.21512147824449934
E02_staged,S0,age_temporal,4,cf_rmse_age,0.2029188434809372
E02_staged,S0,age_temporal,4,cf_rmse_lag,0.20109898905710882
E02_staged,S0,age_temporal,4,lambda_rmse,0.1945248606298438
E02_staged,S0,age_temporal,4,abs_beta_mean,0.039597850292921066
E02_staged,S0,age_temporal,4,beta,-0.039597850292921066
E02_staged,S0,age_temporal,4,theta0,-0.43584686517715454
E02_staged,S0,temporal_only,0,bce,0.49031227693980695
E02_staged,S0,temporal_only,0,auroc,0.7208147936694489
E02_staged,S0,temporal_only,0,auprc,0.5106671485893678
E02_staged,S0,temporal_only,0,delta_bce_beta0,0.0
E02_staged,S0,temporal_only,0,delta_bce_age_shuffle,0.005703268297999942
E02_staged,S0,temporal_only,0,surface_rmse,0.20183966990628996
E02_staged,S0,temporal_only,0,cf_rmse_age,0.18707582517546972
E02_staged,S0,temporal_only,0,cf_rmse_lag,0.18499389375822511
E02_staged,S0,temporal_only,0,lambda_rmse,0.2008891384628536
E02_staged,S0,temporal_only,0,abs_beta_mean,0.0
E02_staged,S0,temporal_only,0,beta,0.0
E02_staged,S0,temporal_only,0,theta0,-0.4525468945503235
E02_staged,S0,temporal_only,1,bce,0.4913124105950804
E02_staged,S0,temporal_only,1,auroc,0.7186318734820298
E02_staged,S0,temporal_only,1,auprc,0.5105244369170248
E02_staged,S0,temporal_only,1,delta_bce_beta0,0.0
E02_staged,S0,temporal_only,1,delta_bce_age_shuffle,0.004955732945976565
E02_staged,S0,temporal_only,1,surface_rmse,0.23338295578966506
E02_staged,S0,temporal_only,1,cf_rmse_age,0.21748582107838185
E02_staged,S0,temporal_only,1,cf_rmse_lag,0.219252240789117
E02_staged,S0,temporal_only,1,lambda_rmse,0.18731450844080466
E02_staged,S0,temporal_only,1,abs_beta_mean,0.0
E02_staged,S0,temporal_only,1,beta,0.0
E02_staged,S0,temporal_only,1,theta0,-0.41799449920654297
E02_staged,S0,temporal_only,2,bce,0.4913337035468128
E02_staged,S0,temporal_only,2,auroc,0.7191408455357408
E02_staged,S0,temporal_only,2,auprc,0.5096621770913323
E02_staged,S0,temporal_only,2,delta_bce_beta0,0.0
E02_staged,S0,temporal_only,2,delta_bce_age_shuffle,0.006066800623341917
E02_staged,S0,temporal_only,2,surface_rmse,0.23843077574409746
E02_staged,S0,temporal_only,2,cf_rmse_age,0.21582798027862893
E02_staged,S0,temporal_only,2,cf_rmse_lag,0.2158452777582812
E02_staged,S0,temporal_only,2,lambda_rmse,0.1958247702148678
E02_staged,S0,temporal_only,2,abs_beta_mean,0.0
E02_staged,S0,temporal_only,2,beta,0.0
E02_staged,S0,temporal_only,2,theta0,-0.439571350812912
E02_staged,S0,temporal_only,3,bce,0.49095509491458195
E02_staged,S0,temporal_only,3,auroc,0.7201212949018099
E02_staged,S0,temporal_only,3,auprc,0.5121063231252974
E02_staged,S0,temporal_only,3,delta_bce_beta0,0.0
E02_staged,S0,temporal_only,3,delta_bce_age_shuffle,0.007531280834547016
E02_staged,S0,temporal_only,3,surface_rmse,0.20734031067080402
E02_staged,S0,temporal_only,3,cf_rmse_age,0.2089934735137429
E02_staged,S0,temporal_only,3,cf_rmse_lag,0.1894713549545553
E02_staged,S0,temporal_only,3,lambda_rmse,0.19176906156809348
E02_staged,S0,temporal_only,3,abs_beta_mean,0.0
E02_staged,S0,temporal_only,3,beta,0.0
E02_staged,S0,temporal_only,3,theta0,-0.42925330996513367
E02_staged,S0,temporal_only,4,bce,0.49075515574232337
E02_staged,S0,temporal_only,4,auroc,0.7202691601451622
E02_staged,S0,temporal_only,4,auprc,0.5102043291160424
E02_staged,S0,temporal_only,4,delta_bce_beta0,0.0
E02_staged,S0,temporal_only,4,delta_bce_age_shuffle,0.008038861332113123
E02_staged,S0,temporal_only,4,surface_rmse,0.21495260482825587
E02_staged,S0,temporal_only,4,cf_rmse_age,0.202602334618612
E02_staged,S0,temporal_only,4,cf_rmse_lag,0.20080845323329946
E02_staged,S0,temporal_only,4,lambda_rmse,0.19526898670465961
E02_staged,S0,temporal_only,4,abs_beta_mean,0.0
E02_staged,S0,temporal_only,4,beta,0.0
E02_staged,S0,temporal_only,4,theta0,-0.4381535053253174
E02_staged,S1,age_temporal,0,bce,0.4876289872669399
E02_staged,S1,age_temporal,0,auroc,0.7352219982025089
E02_staged,S1,age_temporal,0,auprc,0.5236926871755853
E02_staged,S1,age_temporal,0,delta_bce_beta0,6.877785708003792e-05
E02_staged,S1,age_temporal,0,delta_bce_age_shuffle,0.009894541316114058
E02_staged,S1,age_temporal,0,surface_rmse,0.2098761763388488
E02_staged,S1,age_temporal,0,cf_rmse_age,0.17019226295128526
E02_staged,S1,age_temporal,0,cf_rmse_lag,0.17093929943308275
E02_staged,S1,age_temporal,0,lambda_rmse,0.2618578606269883
E02_staged,S1,age_temporal,0,abs_beta_mean,0.013476232998073101
E02_staged,S1,age_temporal,0,beta,0.013476232998073101
E02_staged,S1,age_temporal,0,theta0,-0.6175698637962341
E02_staged,S1,age_temporal,1,bce,0.4885615997755818
E02_staged,S1,age_temporal,1,auroc,0.733632801792111
E02_staged,S1,age_temporal,1,auprc,0.5218237411952863
E02_staged,S1,age_temporal,1,delta_bce_beta0,8.10797570520716e-05
E02_staged,S1,age_temporal,1,delta_bce_age_shuffle,0.008817194468794864
E02_staged,S1,age_temporal,1,surface_rmse,0.21696017130374037
E02_staged,S1,age_temporal,1,cf_rmse_age,0.17537611504776887
E02_staged,S1,age_temporal,1,cf_rmse_lag,0.18001037383116952
E02_staged,S1,age_temporal,1,lambda_rmse,0.26564428806467744
E02_staged,S1,age_temporal,1,abs_beta_mean,0.016070548444986343
E02_staged,S1,age_temporal,1,beta,0.016070548444986343
E02_staged,S1,age_temporal,1,theta0,-0.6284079551696777
E02_staged,S1,age_temporal,2,bce,0.48808839605345333
E02_staged,S1,age_temporal,2,auroc,0.7339302303459491
E02_staged,S1,age_temporal,2,auprc,0.5231181739235583
E02_staged,S1,age_temporal,2,delta_bce_beta0,-1.4820149808414396e-05
E02_staged,S1,age_temporal,2,delta_bce_age_shuffle,0.00744088862974962
E02_staged,S1,age_temporal,2,surface_rmse,0.22170741579583
E02_staged,S1,age_temporal,2,cf_rmse_age,0.1879133670060989
E02_staged,S1,age_temporal,2,cf_rmse_lag,0.18307165864132247
E02_staged,S1,age_temporal,2,lambda_rmse,0.26744996264112436
E02_staged,S1,age_temporal,2,abs_beta_mean,0.004497736692428589
E02_staged,S1,age_temporal,2,beta,-0.004497736692428589
E02_staged,S1,age_temporal,2,theta0,-0.6336365342140198
E02_staged,S1,age_temporal,3,bce,0.48839104968176866
E02_staged,S1,age_temporal,3,auroc,0.7332027477869902
E02_staged,S1,age_temporal,3,auprc,0.5220865590199022
E02_staged,S1,age_temporal,3,delta_bce_beta0,0.000364477311305178
E02_staged,S1,age_temporal,3,delta_bce_age_shuffle,0.01138020742731971
E02_staged,S1,age_temporal,3,surface_rmse,0.20794120593499932
E02_staged,S1,age_temporal,3,cf_rmse_age,0.15630053087068446
E02_staged,S1,age_temporal,3,cf_rmse_lag,0.1609119492086154
E02_staged,S1,age_temporal,3,lambda_rmse,0.2639681364042819
E02_staged,S1,age_temporal,3,abs_beta_mean,0.057837121188640594
E02_staged,S1,age_temporal,3,beta,0.057837121188640594
E02_staged,S1,age_temporal,3,theta0,-0.6232119202613831
E02_staged,S1,age_temporal,4,bce,0.4880078456077127
E02_staged,S1,age_temporal,4,auroc,0.7338497193077178
E02_staged,S1,age_temporal,4,auprc,0.5229883471350547
E02_staged,S1,age_temporal,4,delta_bce_beta0,1.4537946035952931e-05
E02_staged,S1,age_temporal,4,delta_bce_age_shuffle,0.010484422368626456
E02_staged,S1,age_temporal,4,surface_rmse,0.21468642789672618
E02_staged,S1,age_temporal,4,cf_rmse_age,0.17640762828581358
E02_staged,S1,age_temporal,4,cf_rmse_lag,0.1721159878081764
E02_staged,S1,age_temporal,4,lambda_rmse,0.26359060939862033
E02_staged,S1,age_temporal,4,abs_beta_mean,0.0029756275471299887
E02_staged,S1,age_temporal,4,beta,0.0029756275471299887
E02_staged,S1,age_temporal,4,theta0,-0.6225459575653076
E02_staged,S1,temporal_only,0,bce,0.48765749228803823
E02_staged,S1,temporal_only,0,auroc,0.7351766429210442
E02_staged,S1,temporal_only,0,auprc,0.5236146050242154
E02_staged,S1,temporal_only,0,delta_bce_beta0,0.0
E02_staged,S1,temporal_only,0,delta_bce_age_shuffle,0.009825745490514126
E02_staged,S1,temporal_only,0,surface_rmse,0.20963160775900283
E02_staged,S1,temporal_only,0,cf_rmse_age,0.1699251594920893
E02_staged,S1,temporal_only,0,cf_rmse_lag,0.17095003652111407
E02_staged,S1,temporal_only,0,lambda_rmse,0.2614056150940182
E02_staged,S1,temporal_only,0,abs_beta_mean,0.0
E02_staged,S1,temporal_only,0,beta,0.0
E02_staged,S1,temporal_only,0,theta0,-0.6163026690483093
E02_staged,S1,temporal_only,1,bce,0.4886004405299601
E02_staged,S1,temporal_only,1,auroc,0.7335889039331878
E02_staged,S1,temporal_only,1,auprc,0.5217159510667158
E02_staged,S1,temporal_only,1,delta_bce_beta0,0.0
E02_staged,S1,temporal_only,1,delta_bce_age_shuffle,0.008742266543251165
E02_staged,S1,temporal_only,1,surface_rmse,0.2166745815949289
E02_staged,S1,temporal_only,1,cf_rmse_age,0.17511609605460976
E02_staged,S1,temporal_only,1,cf_rmse_lag,0.1798728159584464
E02_staged,S1,temporal_only,1,lambda_rmse,0.2652263622310878
E02_staged,S1,temporal_only,1,abs_beta_mean,0.0
E02_staged,S1,temporal_only,1,beta,0.0
E02_staged,S1,temporal_only,1,theta0,-0.6272384524345398
E02_staged,S1,temporal_only,2,bce,0.48809811541690823
E02_staged,S1,temporal_only,2,auroc,0.733933746164935
E02_staged,S1,temporal_only,2,auprc,0.5231282136466885
E02_staged,S1,temporal_only,2,delta_bce_beta0,0.0
E02_staged,S1,temporal_only,2,delta_bce_age_shuffle,0.007474403341960922
E02_staged,S1,temporal_only,2,surface_rmse,0.22180903301856242
E02_staged,S1,temporal_only,2,cf_rmse_age,0.1881350033611462
E02_staged,S1,temporal_only,2,cf_rmse_lag,0.18314477016519629
E02_staged,S1,temporal_only,2,lambda_rmse,0.26776665258677024
E02_staged,S1,temporal_only,2,abs_beta_mean,0.0
E02_staged,S1,temporal_only,2,beta,0.0
E02_staged,S1,temporal_only,2,theta0,-0.6345526576042175
E02_staged,S1,temporal_only,3,bce,0.4885526754729315
E02_staged,S1,temporal_only,3,auroc,0.7329889227322355
E02_staged,S1,temporal_only,3,auprc,0.5217461225102692
E02_staged,S1,temporal_only,3,delta_bce_beta0,0.0
E02_staged,S1,temporal_only,3,delta_bce_age_shuffle,0.011234119527174291
E02_staged,S1,temporal_only,3,surface_rmse,0.20699085530142444
E02_staged,S1,temporal_only,3,cf_rmse_age,0.15629552044792858
E02_staged,S1,temporal_only,3,cf_rmse_lag,0.1607068048366285
E02_staged,S1,temporal_only,3,lambda_rmse,0.26282673883707536
E02_staged,S1,temporal_only,3,abs_beta_mean,0.0
E02_staged,S1,temporal_only,3,beta,0.0
E02_staged,S1,temporal_only,3,theta0,-0.6203612089157104
E02_staged,S1,temporal_only,4,bce,0.4880124651310136
E02_staged,S1,temporal_only,4,auroc,0.7338362156431006
E02_staged,S1,temporal_only,4,auprc,0.5229674211119871
E02_staged,S1,temporal_only,4,delta_bce_beta0,0.0
E02_staged,S1,temporal_only,4,delta_bce_age_shuffle,0.010472714181275988
E02_staged,S1,temporal_only,4,surface_rmse,0.21465072388555534
E02_staged,S1,temporal_only,4,cf_rmse_age,0.17643999005575678
E02_staged,S1,temporal_only,4,cf_rmse_lag,0.172159589417249
E02_staged,S1,temporal_only,4,lambda_rmse,0.263413993599725
E02_staged,S1,temporal_only,4,abs_beta_mean,0.0
E02_staged,S1,temporal_only,4,beta,0.0
E02_staged,S1,temporal_only,4,theta0,-0.6220413446426392
E02_staged,S2,age_temporal,0,bce,0.4658547959101116
E02_staged,S2,age_temporal,0,auroc,0.753688102810929
E02_staged,S2,age_temporal,0,auprc,0.563279348784752
E02_staged,S2,age_temporal,0,delta_bce_beta0,0.004669702281313581
E02_staged,S2,age_temporal,0,delta_bce_age_shuffle,0.015258218858850814
E02_staged,S2,age_temporal,0,surface_rmse,0.25918556447480007
E02_staged,S2,age_temporal,0,cf_rmse_age,0.20137026797488172
E02_staged,S2,age_temporal,0,cf_rmse_lag,0.20153157961373352
E02_staged,S2,age_temporal,0,lambda_rmse,0.9261462635440005
E02_staged,S2,age_temporal,0,lambda_corr,0.9868444003470793
E02_staged,S2,age_temporal,0,abs_beta_mean,0.566402792930603
E02_staged,S2,age_temporal,0,beta,-0.566402792930603
E02_staged,S2,age_temporal,0,theta0,-0.9742451906204224
E02_staged,S2,age_temporal,1,bce,0.4664210217354518
E02_staged,S2,age_temporal,1,auroc,0.7534640147946027
E02_staged,S2,age_temporal,1,auprc,0.562347325239552
E02_staged,S2,age_temporal,1,delta_bce_beta0,0.0034107542021724613
E02_staged,S2,age_temporal,1,delta_bce_age_shuffle,0.013403845382261137
E02_staged,S2,age_temporal,1,surface_rmse,0.2596827500937879
E02_staged,S2,age_temporal,1,cf_rmse_age,0.19733851382825837
E02_staged,S2,age_temporal,1,cf_rmse_lag,0.21664517025286492
E02_staged,S2,age_temporal,1,lambda_rmse,0.958543698776212
E02_staged,S2,age_temporal,1,lambda_corr,0.9840496708520144
E02_staged,S2,age_temporal,1,abs_beta_mean,0.46778130531311035
E02_staged,S2,age_temporal,1,beta,-0.46778130531311035
E02_staged,S2,age_temporal,1,theta0,-1.0520795583724976
E02_staged,S2,age_temporal,2,bce,0.4651106800826696
E02_staged,S2,age_temporal,2,auroc,0.7547469197908906
E02_staged,S2,age_temporal,2,auprc,0.5650621669172923
E02_staged,S2,age_temporal,2,delta_bce_beta0,0.0050820151584868856
E02_staged,S2,age_temporal,2,delta_bce_age_shuffle,0.017110644899491767
E02_staged,S2,age_temporal,2,surface_rmse,0.24148954851315171
E02_staged,S2,age_temporal,2,cf_rmse_age,0.18364055878905097
E02_staged,S2,age_temporal,2,cf_rmse_lag,0.18925207855244938
E02_staged,S2,age_temporal,2,lambda_rmse,0.9195093908465517
E02_staged,S2,age_temporal,2,lambda_corr,0.9872144589448365
E02_staged,S2,age_temporal,2,abs_beta_mean,0.5818517804145813
E02_staged,S2,age_temporal,2,beta,-0.5818517804145813
E02_staged,S2,age_temporal,2,theta0,-0.9566807150840759
E02_staged,S2,age_temporal,3,bce,0.4669229034830248
E02_staged,S2,age_temporal,3,auroc,0.7537518923401944
E02_staged,S2,age_temporal,3,auprc,0.561298776670893
E02_staged,S2,age_temporal,3,delta_bce_beta0,0.0024567555635739424
E02_staged,S2,age_temporal,3,delta_bce_age_shuffle,0.016582275291215864
E02_staged,S2,age_temporal,3,surface_rmse,0.2527434448385764
E02_staged,S2,age_temporal,3,cf_rmse_age,0.20482652857893485
E02_staged,S2,age_temporal,3,cf_rmse_lag,0.19029979679471096
E02_staged,S2,age_temporal,3,lambda_rmse,0.9725541857058833
E02_staged,S2,age_temporal,3,lambda_corr,0.981750455849031
E02_staged,S2,age_temporal,3,abs_beta_mean,0.40070295333862305
E02_staged,S2,age_temporal,3,beta,-0.40070295333862305
E02_staged,S2,age_temporal,3,theta0,-1.0739620923995972
E02_staged,S2,age_temporal,4,bce,0.4660653630546145
E02_staged,S2,age_temporal,4,auroc,0.7527275617506366
E02_staged,S2,age_temporal,4,auprc,0.5634281467874906
E02_staged,S2,age_temporal,4,delta_bce_beta0,0.004686877372230003
E02_staged,S2,age_temporal,4,delta_bce_age_shuffle,0.016758506952152752
E02_staged,S2,age_temporal,4,surface_rmse,0.2527793951365483
E02_staged,S2,age_temporal,4,cf_rmse_age,0.2043713334433321
E02_staged,S2,age_temporal,4,cf_rmse_lag,0.20024763053891728
E02_staged,S2,age_temporal,4,lambda_rmse,0.9313387610153541
E02_staged,S2,age_temporal,4,lambda_corr,0.9869290499877538
E02_staged,S2,age_temporal,4,abs_beta_mean,0.5657851099967957
E02_staged,S2,age_temporal,4,beta,-0.5657851099967957
E02_staged,S2,age_temporal,4,theta0,-0.9960983395576477
E02_staged,S2,temporal_only,0,bce,0.46787353550635835
E02_staged,S2,temporal_only,0,auroc,0.7538167871396466
E02_staged,S2,temporal_only,0,auprc,0.5591944945706104
E02_staged,S2,temporal_only,0,delta_bce_beta0,0.0
E02_staged,S2,temporal_only,0,delta_bce_age_shuffle,0.009388401244641298
E02_staged,S2,temporal_only,0,surface_rmse,0.26879276767741744
E02_staged,S2,temporal_only,0,cf_rmse_age,0.20911007377432994
E02_staged,S2,temporal_only,0,cf_rmse_lag,0.20613261262906918
E02_staged,S2,temporal_only,0,lambda_rmse,1.0140233436321682
E02_staged,S2,temporal_only,0,abs_beta_mean,0.0
E02_staged,S2,temporal_only,0,beta,0.0
E02_staged,S2,temporal_only,0,theta0,-1.0195337533950806
E02_staged,S2,temporal_only,1,bce,0.46834155846859776
E02_staged,S2,temporal_only,1,auroc,0.7523808279549072
E02_staged,S2,temporal_only,1,auprc,0.5586675552634879
E02_staged,S2,temporal_only,1,delta_bce_beta0,0.0
E02_staged,S2,temporal_only,1,delta_bce_age_shuffle,0.009951639381833854
E02_staged,S2,temporal_only,1,surface_rmse,0.26313051511973345
E02_staged,S2,temporal_only,1,cf_rmse_age,0.19520708285138982
E02_staged,S2,temporal_only,1,cf_rmse_lag,0.21787294337429303
E02_staged,S2,temporal_only,1,lambda_rmse,1.0233318138419631
E02_staged,S2,temporal_only,1,abs_beta_mean,0.0
E02_staged,S2,temporal_only,1,beta,0.0
E02_staged,S2,temporal_only,1,theta0,-1.0762802362442017
E02_staged,S2,temporal_only,2,bce,0.4674196839464235
E02_staged,S2,temporal_only,2,auroc,0.7537832491739931
E02_staged,S2,temporal_only,2,auprc,0.5605539972870729
E02_staged,S2,temporal_only,2,delta_bce_beta0,0.0
E02_staged,S2,temporal_only,2,delta_bce_age_shuffle,0.010969258303322516
E02_staged,S2,temporal_only,2,surface_rmse,0.24624617831443277
E02_staged,S2,temporal_only,2,cf_rmse_age,0.18174109569615884
E02_staged,S2,temporal_only,2,cf_rmse_lag,0.1910247611860125
E02_staged,S2,temporal_only,2,lambda_rmse,1.0123004636608708
E02_staged,S2,temporal_only,2,abs_beta_mean,0.0
E02_staged,S2,temporal_only,2,beta,0.0
E02_staged,S2,temporal_only,2,theta0,-1.0092018842697144
E02_staged,S2,temporal_only,3,bce,0.4682572671233502
E02_staged,S2,temporal_only,3,auroc,0.7535890769740154
E02_staged,S2,temporal_only,3,auprc,0.5590357708824272
E02_staged,S2,temporal_only,3,delta_bce_beta0,0.0
E02_staged,S2,temporal_only,3,delta_bce_age_shuffle,0.012006096971944158
E02_staged,S2,temporal_only,3,surface_rmse,0.2553047716350976
E02_staged,S2,temporal_only,3,cf_rmse_age,0.2019184155486459
E02_staged,S2,temporal_only,3,cf_rmse_lag,0.1900498822355251
E02_staged,S2,temporal_only,3,lambda_rmse,1.0245846279897923
E02_staged,S2,temporal_only,3,abs_beta_mean,0.0
E02_staged,S2,temporal_only,3,beta,0.0
E02_staged,S2,temporal_only,3,theta0,-1.084043264389038
E02_staged,S2,temporal_only,4,bce,0.46828562070186674
E02_staged,S2,temporal_only,4,auroc,0.7521318162183985
E02_staged,S2,temporal_only,4,auprc,0.5589510654022012
E02_staged,S2,temporal_only,4,delta_bce_beta0,0.0
E02_staged,S2,temporal_only,4,delta_bce_age_shuffle,0.010162254513908009
E02_staged,S2,temporal_only,4,surface_rmse,0.25711882237368455
E02_staged,S2,temporal_only,4,cf_rmse_age,0.2034263664280046
E02_staged,S2,temporal_only,4,cf_rmse_lag,0.1980860129906663
E02_staged,S2,temporal_only,4,lambda_rmse,1.0166930356391781
E02_staged,S2,temporal_only,4,abs_beta_mean,0.0
E02_staged,S2,temporal_only,4,beta,0.0
E02_staged,S2,temporal_only,4,theta0,-1.0356462001800537
E02_staged,S3,age_temporal,0,bce,0.4972802720886086
E02_staged,S3,age_temporal,0,auroc,0.7235837136497933
E02_staged,S3,age_temporal,0,auprc,0.5111773821738399
E02_staged,S3,age_temporal,0,delta_bce_beta0,0.005006285726081305
E02_staged,S3,age_temporal,0,delta_bce_age_shuffle,0.013334357525766394
E02_staged,S3,age_temporal,0,surface_rmse,0.17069921464224594
E02_staged,S3,age_temporal,0,cf_rmse_age,0.14015444766220297
E02_staged,S3,age_temporal,0,cf_rmse_lag,0.13144301113682944
E02_staged,S3,age_temporal,0,lambda_rmse,0.9537051540619829
E02_staged,S3,age_temporal,0,lambda_corr,0.9847702614697427
E02_staged,S3,age_temporal,0,abs_beta_mean,0.49016186594963074
E02_staged,S3,age_temporal,0,beta,0.49016186594963074
E02_staged,S3,age_temporal,0,theta0,-1.0447039604187012
E02_staged,S3,age_temporal,1,bce,0.4976936447954187
E02_staged,S3,age_temporal,1,auroc,0.7221855041381502
E02_staged,S3,age_temporal,1,auprc,0.5112464507538269
E02_staged,S3,age_temporal,1,delta_bce_beta0,0.005924965556407702
E02_staged,S3,age_temporal,1,delta_bce_age_shuffle,0.014511202726069927
E02_staged,S3,age_temporal,1,surface_rmse,0.1988617758617547
E02_staged,S3,age_temporal,1,cf_rmse_age,0.15145128516186457
E02_staged,S3,age_temporal,1,cf_rmse_lag,0.1334720249231715
E02_staged,S3,age_temporal,1,lambda_rmse,0.9503886738063845
E02_staged,S3,age_temporal,1,lambda_corr,0.9854945839179335
E02_staged,S3,age_temporal,1,abs_beta_mean,0.5123844742774963
E02_staged,S3,age_temporal,1,beta,0.5123844742774963
E02_staged,S3,age_temporal,1,theta0,-1.0444717407226562
E02_staged,S3,age_temporal,2,bce,0.4986255800286297
E02_staged,S3,age_temporal,2,auroc,0.72190655761533
E02_staged,S3,age_temporal,2,auprc,0.5073830865122211
E02_staged,S3,age_temporal,2,delta_bce_beta0,0.0034824059441655453
E02_staged,S3,age_temporal,2,delta_bce_age_shuffle,0.015584115272059218
E02_staged,S3,age_temporal,2,surface_rmse,0.19236205528394845
E02_staged,S3,age_temporal,2,cf_rmse_age,0.15150666904186785
E02_staged,S3,age_temporal,2,cf_rmse_lag,0.13155128540001532
E02_staged,S3,age_temporal,2,lambda_rmse,0.9748169514572188
E02_staged,S3,age_temporal,2,lambda_corr,0.9827710056356005
E02_staged,S3,age_temporal,2,abs_beta_mean,0.4256223142147064
E02_staged,S3,age_temporal,2,beta,0.4256223142147064
E02_staged,S3,age_temporal,2,theta0,-1.1017383337020874
E02_staged,S3,age_temporal,3,bce,0.4967146105707163
E02_staged,S3,age_temporal,3,auroc,0.7244562259447451
E02_staged,S3,age_temporal,3,auprc,0.5127401462498957
E02_staged,S3,age_temporal,3,delta_bce_beta0,0.0054811612778177254
E02_staged,S3,age_temporal,3,delta_bce_age_shuffle,0.017729602576645354
E02_staged,S3,age_temporal,3,surface_rmse,0.20067209231657523
E02_staged,S3,age_temporal,3,cf_rmse_age,0.14700267748527782
E02_staged,S3,age_temporal,3,cf_rmse_lag,0.13519392303280964
E02_staged,S3,age_temporal,3,lambda_rmse,0.9393460116164289
E02_staged,S3,age_temporal,3,lambda_corr,0.9861686782028887
E02_staged,S3,age_temporal,3,abs_beta_mean,0.5382802486419678
E02_staged,S3,age_temporal,3,beta,0.5382802486419678
E02_staged,S3,age_temporal,3,theta0,-1.0124526023864746
E02_staged,S3,age_temporal,4,bce,0.4974085505191196
E02_staged,S3,age_temporal,4,auroc,0.7237187529582401
E02_staged,S3,age_temporal,4,auprc,0.510822274823387
E02_staged,S3,age_temporal,4,delta_bce_beta0,0.004719356286464249
E02_staged,S3,age_temporal,4,delta_bce_age_shuffle,0.016897537759631986
E02_staged,S3,age_temporal,4,surface_rmse,0.16944081046901063
E02_staged,S3,age_temporal,4,cf_rmse_age,0.1392441575737825
E02_staged,S3,age_temporal,4,cf_rmse_lag,0.12950772112534537
E02_staged,S3,age_temporal,4,lambda_rmse,0.9552672543114897
E02_staged,S3,age_temporal,4,lambda_corr,0.9840835678359383
E02_staged,S3,age_temporal,4,abs_beta_mean,0.4704532325267792
E02_staged,S3,age_temporal,4,beta,0.4704532325267792
E02_staged,S3,age_temporal,4,theta0,-1.038642406463623
E02_staged,S3,temporal_only,0,bce,0.49984454117561283
E02_staged,S3,temporal_only,0,auroc,0.7221810919915129
E02_staged,S3,temporal_only,0,auprc,0.5049238984283115
E02_staged,S3,temporal_only,0,delta_bce_beta0,0.0
E02_staged,S3,temporal_only,0,delta_bce_age_shuffle,0.006218865454361011
E02_staged,S3,temporal_only,0,surface_rmse,0.16878195933409623
E02_staged,S3,temporal_only,0,cf_rmse_age,0.13012276491792402
E02_staged,S3,temporal_only,0,cf_rmse_lag,0.13181102608826556
E02_staged,S3,temporal_only,0,lambda_rmse,1.014197580793997
E02_staged,S3,temporal_only,0,abs_beta_mean,0.0
E02_staged,S3,temporal_only,0,beta,0.0
E02_staged,S3,temporal_only,0,theta0,-1.0205814838409424
E02_staged,S3,temporal_only,1,bce,0.5002430525311233
E02_staged,S3,temporal_only,1,auroc,0.7206807658779067
E02_staged,S3,temporal_only,1,auprc,0.505272351383866
E02_staged,S3,temporal_only,1,delta_bce_beta0,0.0
E02_staged,S3,temporal_only,1,delta_bce_age_shuffle,0.006116095897479634
E02_staged,S3,temporal_only,1,surface_rmse,0.1874360184948723
E02_staged,S3,temporal_only,1,cf_rmse_age,0.1350531143458715
E02_staged,S3,temporal_only,1,cf_rmse_lag,0.13062382832278657
E02_staged,S3,temporal_only,1,lambda_rmse,1.018329051997145
E02_staged,S3,temporal_only,1,abs_beta_mean,0.0
E02_staged,S3,temporal_only,1,beta,0.0
E02_staged,S3,temporal_only,1,theta0,-1.0455832481384277
E02_staged,S3,temporal_only,2,bce,0.5002605511900162
E02_staged,S3,temporal_only,2,auroc,0.7213778244734674
E02_staged,S3,temporal_only,2,auprc,0.5030365976308382
E02_staged,S3,temporal_only,2,delta_bce_beta0,0.0
E02_staged,S3,temporal_only,2,delta_bce_age_shuffle,0.008584579930963288
E02_staged,S3,temporal_only,2,surface_rmse,0.1871846410957584
E02_staged,S3,temporal_only,2,cf_rmse_age,0.1393165851802801
E02_staged,S3,temporal_only,2,cf_rmse_lag,0.1310370548145949
E02_staged,S3,temporal_only,2,lambda_rmse,1.0222239869369416
E02_staged,S3,temporal_only,2,abs_beta_mean,0.0
E02_staged,S3,temporal_only,2,beta,0.0
E02_staged,S3,temporal_only,2,theta0,-1.069441318511963
E02_staged,S3,temporal_only,3,bce,0.49943116742141835
E02_staged,S3,temporal_only,3,auroc,0.7232605802416223
E02_staged,S3,temporal_only,3,auprc,0.5063905961940284
E02_staged,S3,temporal_only,3,delta_bce_beta0,0.0
E02_staged,S3,temporal_only,3,delta_bce_age_shuffle,0.011141460959809502
E02_staged,S3,temporal_only,3,surface_rmse,0.19341010896250457
E02_staged,S3,temporal_only,3,cf_rmse_age,0.1302973207521217
E02_staged,S3,temporal_only,3,cf_rmse_lag,0.13311649200358786
E02_staged,S3,temporal_only,3,lambda_rmse,1.0115982267880628
E02_staged,S3,temporal_only,3,abs_beta_mean,0.0
E02_staged,S3,temporal_only,3,beta,0.0
E02_staged,S3,temporal_only,3,theta0,-1.005005121231079
E02_staged,S3,temporal_only,4,bce,0.499732802624057
E02_staged,S3,temporal_only,4,auroc,0.7225492166961733
E02_staged,S3,temporal_only,4,auprc,0.5050291963725247
E02_staged,S3,temporal_only,4,delta_bce_beta0,0.0
E02_staged,S3,temporal_only,4,delta_bce_age_shuffle,0.010107845493808443
E02_staged,S3,temporal_only,4,surface_rmse,0.16906238615732222
E02_staged,S3,temporal_only,4,cf_rmse_age,0.13358476016453028
E02_staged,S3,temporal_only,4,cf_rmse_lag,0.13070955500230083
E02_staged,S3,temporal_only,4,lambda_rmse,1.0140306173967837
E02_staged,S3,temporal_only,4,abs_beta_mean,0.0
E02_staged,S3,temporal_only,4,beta,0.0
E02_staged,S3,temporal_only,4,theta0,-1.0195775032043457
E03_mass,S0,age_temporal,0,bce,0.49592664058046854
E03_mass,S0,age_temporal,0,auroc,0.7206978009862016
E03_mass,S0,age_temporal,0,auprc,0.49624343778434554
E03_mass,S0,age_temporal,0,delta_bce_beta0,0.0006876827927610463
E03_mass,S0,age_temporal,0,delta_bce_age_shuffle,0.007691800434441065
E03_mass,S0,age_temporal,0,surface_rmse,0.16591042941547282
E03_mass,S0,age_temporal,0,cf_rmse_age,0.13992939978978483
E03_mass,S0,age_temporal,0,cf_rmse_lag,0.1421597368956667
E03_mass,S0,age_temporal,0,lambda_rmse,0.33659334877277125
E03_mass,S0,age_temporal,0,abs_beta_mean,0.4693146049976349
E03_mass,S0,age_temporal,0,beta,0.4693146049976349
E03_mass,S0,age_temporal,0,theta0,-0.8380367755889893
E03_mass,S0,age_temporal,1,bce,0.4973971514357165
E03_mass,S0,age_temporal,1,auroc,0.7185300287329359
E03_mass,S0,age_temporal,1,auprc,0.49243824111675694
E03_mass,S0,age_temporal,1,delta_bce_beta0,0.0005025554777684516
E03_mass,S0,age_temporal,1,delta_bce_age_shuffle,0.0059564642775417065
E03_mass,S0,age_temporal,1,surface_rmse,0.18501233909623108
E03_mass,S0,age_temporal,1,cf_rmse_age,0.15462441181441358
E03_mass,S0,age_temporal,1,cf_rmse_lag,0.14986553800581176
E03_mass,S0,age_temporal,1,lambda_rmse,0.3286767502789042
E03_mass,S0,age_temporal,1,abs_beta_mean,0.2933129370212555
E03_mass,S0,age_temporal,1,beta,0.2933129370212555
E03_mass,S0,age_temporal,1,theta0,-0.8175042271614075
E03_mass,S0,age_temporal,2,bce,0.4968797700218513
E03_mass,S0,age_temporal,2,auroc,0.7198881232572178
E03_mass,S0,age_temporal,2,auprc,0.4934251377452582
E03_mass,S0,age_temporal,2,delta_bce_beta0,0.0004969761362926817
E03_mass,S0,age_temporal,2,delta_bce_age_shuffle,0.0075318973875365125
E03_mass,S0,age_temporal,2,surface_rmse,0.17059152599151864
E03_mass,S0,age_temporal,2,cf_rmse_age,0.12840975843105012
E03_mass,S0,age_temporal,2,cf_rmse_lag,0.14216874101142402
E03_mass,S0,age_temporal,2,lambda_rmse,0.3281416515540228
E03_mass,S0,age_temporal,2,abs_beta_mean,0.3427993655204773
E03_mass,S0,age_temporal,2,beta,0.3427993655204773
E03_mass,S0,age_temporal,2,theta0,-0.8140481114387512
E03_mass,S0,age_temporal,3,bce,0.495768151682993
E03_mass,S0,age_temporal,3,auroc,0.7213527053882953
E03_mass,S0,age_temporal,3,auprc,0.4962756792042774
E03_mass,S0,age_temporal,3,delta_bce_beta0,0.0007116100706035522
E03_mass,S0,age_temporal,3,delta_bce_age_shuffle,0.008115428046540363
E03_mass,S0,age_temporal,3,surface_rmse,0.17865313354327025
E03_mass,S0,age_temporal,3,cf_rmse_age,0.1503259598573472
E03_mass,S0,age_temporal,3,cf_rmse_lag,0.1606083654611883
E03_mass,S0,age_temporal,3,lambda_rmse,0.33111749298276155
E03_mass,S0,age_temporal,3,abs_beta_mean,0.5879733562469482
E03_mass,S0,age_temporal,3,beta,0.5879733562469482
E03_mass,S0,age_temporal,3,theta0,-0.8102167248725891
E03_mass,S0,age_temporal,4,bce,0.49608222777034217
E03_mass,S0,age_temporal,4,auroc,0.7218900721822643
E03_mass,S0,age_temporal,4,auprc,0.4956364733329649
E03_mass,S0,age_temporal,4,delta_bce_beta0,0.0003642491262872416
E03_mass,S0,age_temporal,4,delta_bce_age_shuffle,0.006028767923468514
E03_mass,S0,age_temporal,4,surface_rmse,0.1721593060065379
E03_mass,S0,age_temporal,4,cf_rmse_age,0.1276527803821691
E03_mass,S0,age_temporal,4,cf_rmse_lag,0.1485070223304342
E03_mass,S0,age_temporal,4,lambda_rmse,0.3177396111142758
E03_mass,S0,age_temporal,4,abs_beta_mean,0.24567891657352448
E03_mass,S0,age_temporal,4,beta,0.24567891657352448
E03_mass,S0,age_temporal,4,theta0,-0.7826739549636841
E03_mass,S0,temporal_only,0,bce,0.49652399782732165
E03_mass,S0,temporal_only,0,auroc,0.7197547632787685
E03_mass,S0,temporal_only,0,auprc,0.4947565522605195
E03_mass,S0,temporal_only,0,delta_bce_beta0,0.0
E03_mass,S0,temporal_only,0,delta_bce_age_shuffle,0.006995367091332694
E03_mass,S0,temporal_only,0,surface_rmse,0.16545031239494712
E03_mass,S0,temporal_only,0,cf_rmse_age,0.14020194245573211
E03_mass,S0,temporal_only,0,cf_rmse_lag,0.1411337566261601
E03_mass,S0,temporal_only,0,lambda_rmse,0.3313598613765957
E03_mass,S0,temporal_only,0,abs_beta_mean,0.0
E03_mass,S0,temporal_only,0,beta,0.0
E03_mass,S0,temporal_only,0,theta0,-0.8303572535514832
E03_mass,S0,temporal_only,1,bce,0.4979174102755311
E03_mass,S0,temporal_only,1,auroc,0.7179244143743656
E03_mass,S0,temporal_only,1,auprc,0.4911063057788908
E03_mass,S0,temporal_only,1,delta_bce_beta0,0.0
E03_mass,S0,temporal_only,1,delta_bce_age_shuffle,0.005607129418185253
E03_mass,S0,temporal_only,1,surface_rmse,0.18514742871061451
E03_mass,S0,temporal_only,1,cf_rmse_age,0.15495079869450334
E03_mass,S0,temporal_only,1,cf_rmse_lag,0.149799611300889
E03_mass,S0,temporal_only,1,lambda_rmse,0.3273079376247647
E03_mass,S0,temporal_only,1,abs_beta_mean,0.0
E03_mass,S0,temporal_only,1,beta,0.0
E03_mass,S0,temporal_only,1,theta0,-0.8170713186264038
E03_mass,S0,temporal_only,2,bce,0.4973285914397229
E03_mass,S0,temporal_only,2,auroc,0.7194447718880927
E03_mass,S0,temporal_only,2,auprc,0.4923099031197864
E03_mass,S0,temporal_only,2,delta_bce_beta0,0.0
E03_mass,S0,temporal_only,2,delta_bce_age_shuffle,0.006556494986643402
E03_mass,S0,temporal_only,2,surface_rmse,0.17096821541368457
E03_mass,S0,temporal_only,2,cf_rmse_age,0.12860287444707605
E03_mass,S0,temporal_only,2,cf_rmse_lag,0.14241044136936434
E03_mass,S0,temporal_only,2,lambda_rmse,0.32550486731798667
E03_mass,S0,temporal_only,2,abs_beta_mean,0.0
E03_mass,S0,temporal_only,2,beta,0.0
E03_mass,S0,temporal_only,2,theta0,-0.8111982345581055
E03_mass,S0,temporal_only,3,bce,0.4962573907878814
E03_mass,S0,temporal_only,3,auroc,0.7208823130384737
E03_mass,S0,temporal_only,3,auprc,0.4951396633652424
E03_mass,S0,temporal_only,3,delta_bce_beta0,0.0
E03_mass,S0,temporal_only,3,delta_bce_age_shuffle,0.007227695185761329
E03_mass,S0,temporal_only,3,surface_rmse,0.17888800745130976
E03_mass,S0,temporal_only,3,cf_rmse_age,0.15051757740251306
E03_mass,S0,temporal_only,3,cf_rmse_lag,0.16052129298486936
E03_mass,S0,temporal_only,3,lambda_rmse,0.3186188917186977
E03_mass,S0,temporal_only,3,abs_beta_mean,0.0
E03_mass,S0,temporal_only,3,beta,0.0
E03_mass,S0,temporal_only,3,theta0,-0.7889859080314636
E03_mass,S0,temporal_only,4,bce,0.4964424702419769
E03_mass,S0,temporal_only,4,auroc,0.721503940368895
E03_mass,S0,temporal_only,4,auprc,0.49466687841113854
E03_mass,S0,temporal_only,4,delta_bce_beta0,0.0
E03_mass,S0,temporal_only,4,delta_bce_age_shuffle,0.005500544124210915
E03_mass,S0,temporal_only,4,surface_rmse,0.17199912361356834
E03_mass,S0,temporal_only,4,cf_rmse_age,0.12621247270627617
E03_mass,S0,temporal_only,4,cf_rmse_lag,0.1480832234176231
E03_mass,S0,temporal_only,4,lambda_rmse,0.31651538419992936
E03_mass,S0,temporal_only,4,abs_beta_mean,0.0
E03_mass,S0,temporal_only,4,beta,0.0
E03_mass,S0,temporal_only,4,theta0,-0.7822678685188293
E03_mass,S1,age_temporal,0,bce,0.4915230519672467
E03_mass,S1,age_temporal,0,auroc,0.7345807760798878
E03_mass,S1,age_temporal,0,auprc,0.5089902425457957
E03_mass,S1,age_temporal,0,delta_bce_beta0,0.0006809577121318355
E03_mass,S1,age_temporal,0,delta_bce_age_shuffle,0.01052288026389342
E03_mass,S1,age_temporal,0,surface_rmse,0.20641302994521213
E03_mass,S1,age_temporal,0,cf_rmse_age,0.17179310811934825
E03_mass,S1,age_temporal,0,cf_rmse_lag,0.15655883577458338
E03_mass,S1,age_temporal,0,lambda_rmse,0.35507852136314166
E03_mass,S1,age_temporal,0,abs_beta_mean,0.5696462988853455
E03_mass,S1,age_temporal,0,beta,0.5696462988853455
E03_mass,S1,age_temporal,0,theta0,-0.9016852974891663
E03_mass,S1,age_temporal,1,bce,0.4912758312755376
E03_mass,S1,age_temporal,1,auroc,0.7346086933858009
E03_mass,S1,age_temporal,1,auprc,0.5079969688296118
E03_mass,S1,age_temporal,1,delta_bce_beta0,0.0005073343993146073
E03_mass,S1,age_temporal,1,delta_bce_age_shuffle,0.012501590413414088
E03_mass,S1,age_temporal,1,surface_rmse,0.20017861961583222
E03_mass,S1,age_temporal,1,cf_rmse_age,0.18524370265738607
E03_mass,S1,age_temporal,1,cf_rmse_lag,0.16394665657033508
E03_mass,S1,age_temporal,1,lambda_rmse,0.34618177822334534
E03_mass,S1,age_temporal,1,abs_beta_mean,0.3587002158164978
E03_mass,S1,age_temporal,1,beta,0.3587002158164978
E03_mass,S1,age_temporal,1,theta0,-0.8761470913887024
E03_mass,S1,age_temporal,2,bce,0.4917198896688846
E03_mass,S1,age_temporal,2,auroc,0.7331382173017691
E03_mass,S1,age_temporal,2,auprc,0.5070916350263349
E03_mass,S1,age_temporal,2,delta_bce_beta0,0.000511265936748051
E03_mass,S1,age_temporal,2,delta_bce_age_shuffle,0.012492078599920187
E03_mass,S1,age_temporal,2,surface_rmse,0.19519416098277603
E03_mass,S1,age_temporal,2,cf_rmse_age,0.17033816475040162
E03_mass,S1,age_temporal,2,cf_rmse_lag,0.1609135991918727
E03_mass,S1,age_temporal,2,lambda_rmse,0.33932155523613833
E03_mass,S1,age_temporal,2,abs_beta_mean,0.3871627151966095
E03_mass,S1,age_temporal,2,beta,0.3871627151966095
E03_mass,S1,age_temporal,2,theta0,-0.8511143922805786
E03_mass,S1,age_temporal,3,bce,0.49133378525354154
E03_mass,S1,age_temporal,3,auroc,0.735244392387939
E03_mass,S1,age_temporal,3,auprc,0.5088767758732178
E03_mass,S1,age_temporal,3,delta_bce_beta0,0.0006475903046724851
E03_mass,S1,age_temporal,3,delta_bce_age_shuffle,0.012291767769218143
E03_mass,S1,age_temporal,3,surface_rmse,0.18179835732032498
E03_mass,S1,age_temporal,3,cf_rmse_age,0.16220150006111556
E03_mass,S1,age_temporal,3,cf_rmse_lag,0.1551413585790914
E03_mass,S1,age_temporal,3,lambda_rmse,0.34231020940224893
E03_mass,S1,age_temporal,3,abs_beta_mean,0.43946388363838196
E03_mass,S1,age_temporal,3,beta,0.43946388363838196
E03_mass,S1,age_temporal,3,theta0,-0.8598262667655945
E03_mass,S1,age_temporal,4,bce,0.4916612839813537
E03_mass,S1,age_temporal,4,auroc,0.7330850566588463
E03_mass,S1,age_temporal,4,auprc,0.5073120230006339
E03_mass,S1,age_temporal,4,delta_bce_beta0,0.00039367137105034145
E03_mass,S1,age_temporal,4,delta_bce_age_shuffle,0.007060035489374006
E03_mass,S1,age_temporal,4,surface_rmse,0.19802869232463147
E03_mass,S1,age_temporal,4,cf_rmse_age,0.1564089560287696
E03_mass,S1,age_temporal,4,cf_rmse_lag,0.15143752861644258
E03_mass,S1,age_temporal,4,lambda_rmse,0.34024281612783086
E03_mass,S1,age_temporal,4,abs_beta_mean,0.2717267870903015
E03_mass,S1,age_temporal,4,beta,0.2717267870903015
E03_mass,S1,age_temporal,4,theta0,-0.8573874235153198
E03_mass,S1,temporal_only,0,bce,0.4920028466409897
E03_mass,S1,temporal_only,0,auroc,0.7342546248664451
E03_mass,S1,temporal_only,0,auprc,0.5068166423174056
E03_mass,S1,temporal_only,0,delta_bce_beta0,0.0
E03_mass,S1,temporal_only,0,delta_bce_age_shuffle,0.009678309993419787
E03_mass,S1,temporal_only,0,surface_rmse,0.20654444681367284
E03_mass,S1,temporal_only,0,cf_rmse_age,0.17303245866213307
E03_mass,S1,temporal_only,0,cf_rmse_lag,0.15636598100173166
E03_mass,S1,temporal_only,0,lambda_rmse,0.34894504952700156
E03_mass,S1,temporal_only,0,abs_beta_mean,0.0
E03_mass,S1,temporal_only,0,beta,0.0
E03_mass,S1,temporal_only,0,theta0,-0.8894935250282288
E03_mass,S1,temporal_only,1,bce,0.4918098610040038
E03_mass,S1,temporal_only,1,auroc,0.7342852210074471
E03_mass,S1,temporal_only,1,auprc,0.5061844069080954
E03_mass,S1,temporal_only,1,delta_bce_beta0,0.0
E03_mass,S1,temporal_only,1,delta_bce_age_shuffle,0.012420822810383592
E03_mass,S1,temporal_only,1,surface_rmse,0.2000541581296485
E03_mass,S1,temporal_only,1,cf_rmse_age,0.18544826532468284
E03_mass,S1,temporal_only,1,cf_rmse_lag,0.16380608277957953
E03_mass,S1,temporal_only,1,lambda_rmse,0.3453367929485561
E03_mass,S1,temporal_only,1,abs_beta_mean,0.0
E03_mass,S1,temporal_only,1,beta,0.0
E03_mass,S1,temporal_only,1,theta0,-0.8771571516990662
E03_mass,S1,temporal_only,2,bce,0.4921771195088747
E03_mass,S1,temporal_only,2,auroc,0.732702995407703
E03_mass,S1,temporal_only,2,auprc,0.505595685307987
E03_mass,S1,temporal_only,2,delta_bce_beta0,0.0
E03_mass,S1,temporal_only,2,delta_bce_age_shuffle,0.011868272037317606
E03_mass,S1,temporal_only,2,surface_rmse,0.1952463345422486
E03_mass,S1,temporal_only,2,cf_rmse_age,0.17185788643734234
E03_mass,S1,temporal_only,2,cf_rmse_lag,0.16129308288046365
E03_mass,S1,temporal_only,2,lambda_rmse,0.33776259231836814
E03_mass,S1,temporal_only,2,abs_beta_mean,0.0
E03_mass,S1,temporal_only,2,beta,0.0
E03_mass,S1,temporal_only,2,theta0,-0.8516055941581726
E03_mass,S1,temporal_only,3,bce,0.49194799434004827
E03_mass,S1,temporal_only,3,auroc,0.7347256667515913
E03_mass,S1,temporal_only,3,auprc,0.5067986639247198
E03_mass,S1,temporal_only,3,delta_bce_beta0,0.0
E03_mass,S1,temporal_only,3,delta_bce_age_shuffle,0.012124611105034655
E03_mass,S1,temporal_only,3,surface_rmse,0.18155726695601188
E03_mass,S1,temporal_only,3,cf_rmse_age,0.15982938862374427
E03_mass,S1,temporal_only,3,cf_rmse_lag,0.1547746559336485
E03_mass,S1,temporal_only,3,lambda_rmse,0.3396808784034969
E03_mass,S1,temporal_only,3,abs_beta_mean,0.0
E03_mass,S1,temporal_only,3,beta,0.0
E03_mass,S1,temporal_only,3,theta0,-0.8580335378646851
E03_mass,S1,temporal_only,4,bce,0.49202552312341535
E03_mass,S1,temporal_only,4,auroc,0.7326747228702521
E03_mass,S1,temporal_only,4,auprc,0.5061027146355606
E03_mass,S1,temporal_only,4,delta_bce_beta0,0.0
E03_mass,S1,temporal_only,4,delta_bce_age_shuffle,0.006736808163696595
E03_mass,S1,temporal_only,4,surface_rmse,0.19784578296884892
E03_mass,S1,temporal_only,4,cf_rmse_age,0.15799940946508617
E03_mass,S1,temporal_only,4,cf_rmse_lag,0.15146944720723593
E03_mass,S1,temporal_only,4,lambda_rmse,0.34052631068499106
E03_mass,S1,temporal_only,4,abs_beta_mean,0.0
E03_mass,S1,temporal_only,4,beta,0.0
E03_mass,S1,temporal_only,4,theta0,-0.8608758449554443
E03_mass,S2,age_temporal,0,bce,0.47512805544779246
E03_mass,S2,age_temporal,0,auroc,0.7474305556045697
E03_mass,S2,age_temporal,0,auprc,0.5412842599747836
E03_mass,S2,age_temporal,0,delta_bce_beta0,0.0018197924293400503
E03_mass,S2,age_temporal,0,delta_bce_age_shuffle,0.015520671892936155
E03_mass,S2,age_temporal,0,surface_rmse,0.23519612487934247
E03_mass,S2,age_temporal,0,cf_rmse_age,0.17942704104130688
E03_mass,S2,age_temporal,0,cf_rmse_lag,0.18933269798526678
E03_mass,S2,age_temporal,0,lambda_rmse,1.0933168368766872
E03_mass,S2,age_temporal,0,lambda_corr,-0.9175593933620039
E03_mass,S2,age_temporal,0,abs_beta_mean,0.7080877423286438
E03_mass,S2,age_temporal,0,beta,0.7080877423286438
E03_mass,S2,age_temporal,0,theta0,-1.048180341720581
E03_mass,S2,age_temporal,1,bce,0.47637120396192373
E03_mass,S2,age_temporal,1,auroc,0.7460138835071299
E03_mass,S2,age_temporal,1,auprc,0.5393043335395216
E03_mass,S2,age_temporal,1,delta_bce_beta0,0.0013623450291522232
E03_mass,S2,age_temporal,1,delta_bce_age_shuffle,0.013403450443170761
E03_mass,S2,age_temporal,1,surface_rmse,0.23741469410632007
E03_mass,S2,age_temporal,1,cf_rmse_age,0.17681078246096013
E03_mass,S2,age_temporal,1,cf_rmse_lag,0.1926948595357357
E03_mass,S2,age_temporal,1,lambda_rmse,1.0725023986215727
E03_mass,S2,age_temporal,1,lambda_corr,-0.930479308517242
E03_mass,S2,age_temporal,1,abs_beta_mean,0.5314711928367615
E03_mass,S2,age_temporal,1,beta,0.5314711928367615
E03_mass,S2,age_temporal,1,theta0,-1.0162065029144287
E03_mass,S2,age_temporal,2,bce,0.4751010089148409
E03_mass,S2,age_temporal,2,auroc,0.7465456606082764
E03_mass,S2,age_temporal,2,auprc,0.5413200275678768
E03_mass,S2,age_temporal,2,delta_bce_beta0,0.0013980398873147393
E03_mass,S2,age_temporal,2,delta_bce_age_shuffle,0.018284317218491664
E03_mass,S2,age_temporal,2,surface_rmse,0.21145447791595504
E03_mass,S2,age_temporal,2,cf_rmse_age,0.149330772285556
E03_mass,S2,age_temporal,2,cf_rmse_lag,0.17315799449504815
E03_mass,S2,age_temporal,2,lambda_rmse,1.077967759629923
E03_mass,S2,age_temporal,2,lambda_corr,-0.9254758555863589
E03_mass,S2,age_temporal,2,abs_beta_mean,0.6070178151130676
E03_mass,S2,age_temporal,2,beta,0.6070178151130676
E03_mass,S2,age_temporal,2,theta0,-0.9936161041259766
E03_mass,S2,age_temporal,3,bce,0.4747678177502915
E03_mass,S2,age_temporal,3,auroc,0.747671117293174
E03_mass,S2,age_temporal,3,auprc,0.542782433293419
E03_mass,S2,age_temporal,3,delta_bce_beta0,0.0017801630839345273
E03_mass,S2,age_temporal,3,delta_bce_age_shuffle,0.016903736893257415
E03_mass,S2,age_temporal,3,surface_rmse,0.21816025398660097
E03_mass,S2,age_temporal,3,cf_rmse_age,0.1695768665099007
E03_mass,S2,age_temporal,3,cf_rmse_lag,0.17263459482064325
E03_mass,S2,age_temporal,3,lambda_rmse,1.0852612331230203
E03_mass,S2,age_temporal,3,lambda_corr,-0.9216505918016188
E03_mass,S2,age_temporal,3,abs_beta_mean,0.6574265956878662
E03_mass,S2,age_temporal,3,beta,0.6574265956878662
E03_mass,S2,age_temporal,3,theta0,-1.0151848793029785
E03_mass,S2,age_temporal,4,bce,0.4752124577417161
E03_mass,S2,age_temporal,4,auroc,0.7464943353898124
E03_mass,S2,age_temporal,4,auprc,0.5422201979091094
E03_mass,S2,age_temporal,4,delta_bce_beta0,0.0015100013155071035
E03_mass,S2,age_temporal,4,delta_bce_age_shuffle,0.013772514936197633
E03_mass,S2,age_temporal,4,surface_rmse,0.22361782582506137
E03_mass,S2,age_temporal,4,cf_rmse_age,0.15952555298155074
E03_mass,S2,age_temporal,4,cf_rmse_lag,0.1814537064428482
E03_mass,S2,age_temporal,4,lambda_rmse,1.0670725095028668
E03_mass,S2,age_temporal,4,lambda_corr,-0.9327065057606039
E03_mass,S2,age_temporal,4,abs_beta_mean,0.501995325088501
E03_mass,S2,age_temporal,4,beta,0.501995325088501
E03_mass,S2,age_temporal,4,theta0,-0.9950295686721802
E03_mass,S2,temporal_only,0,bce,0.4764499741634675
E03_mass,S2,temporal_only,0,auroc,0.7479000895744289
E03_mass,S2,temporal_only,0,auprc,0.5376777903936096
E03_mass,S2,temporal_only,0,delta_bce_beta0,0.0
E03_mass,S2,temporal_only,0,delta_bce_age_shuffle,0.010953352577387943
E03_mass,S2,temporal_only,0,surface_rmse,0.23614290654293196
E03_mass,S2,temporal_only,0,cf_rmse_age,0.19077003917835753
E03_mass,S2,temporal_only,0,cf_rmse_lag,0.19082120125637583
E03_mass,S2,temporal_only,0,lambda_rmse,1.0150310844144546
E03_mass,S2,temporal_only,0,abs_beta_mean,0.0
E03_mass,S2,temporal_only,0,beta,0.0
E03_mass,S2,temporal_only,0,theta0,-1.0256009101867676
E03_mass,S2,temporal_only,1,bce,0.4775184384936237
E03_mass,S2,temporal_only,1,auroc,0.7462255145647849
E03_mass,S2,temporal_only,1,auprc,0.5362526852045058
E03_mass,S2,temporal_only,1,delta_bce_beta0,0.0
E03_mass,S2,temporal_only,1,delta_bce_age_shuffle,0.010262065974633527
E03_mass,S2,temporal_only,1,surface_rmse,0.23795146108539353
E03_mass,S2,temporal_only,1,cf_rmse_age,0.1848771246573483
E03_mass,S2,temporal_only,1,cf_rmse_lag,0.19354193284194404
E03_mass,S2,temporal_only,1,lambda_rmse,1.0136987613039856
E03_mass,S2,temporal_only,1,abs_beta_mean,0.0
E03_mass,S2,temporal_only,1,beta,0.0
E03_mass,S2,temporal_only,1,theta0,-1.0175832509994507
E03_mass,S2,temporal_only,2,bce,0.4764287375090687
E03_mass,S2,temporal_only,2,auroc,0.7466207234033075
E03_mass,S2,temporal_only,2,auprc,0.5375267405407198
E03_mass,S2,temporal_only,2,delta_bce_beta0,0.0
E03_mass,S2,temporal_only,2,delta_bce_age_shuffle,0.014170241940194006
E03_mass,S2,temporal_only,2,surface_rmse,0.21196398176293244
E03_mass,S2,temporal_only,2,cf_rmse_age,0.15077762650857449
E03_mass,S2,temporal_only,2,cf_rmse_lag,0.17417888482947982
E03_mass,S2,temporal_only,2,lambda_rmse,1.00786294230201
E03_mass,S2,temporal_only,2,abs_beta_mean,0.0
E03_mass,S2,temporal_only,2,beta,0.0
E03_mass,S2,temporal_only,2,theta0,-0.9828208088874817
E03_mass,S2,temporal_only,3,bce,0.4760482001223062
E03_mass,S2,temporal_only,3,auroc,0.7481929126526978
E03_mass,S2,temporal_only,3,auprc,0.5394759343338008
E03_mass,S2,temporal_only,3,delta_bce_beta0,0.0
E03_mass,S2,temporal_only,3,delta_bce_age_shuffle,0.012644119983591329
E03_mass,S2,temporal_only,3,surface_rmse,0.21777364932573035
E03_mass,S2,temporal_only,3,cf_rmse_age,0.17080745716550108
E03_mass,S2,temporal_only,3,cf_rmse_lag,0.1724098107895135
E03_mass,S2,temporal_only,3,lambda_rmse,1.0101305657722808
E03_mass,S2,temporal_only,3,abs_beta_mean,0.0
E03_mass,S2,temporal_only,3,beta,0.0
E03_mass,S2,temporal_only,3,theta0,-0.9962611198425293
E03_mass,S2,temporal_only,4,bce,0.4768545084392116
E03_mass,S2,temporal_only,4,auroc,0.7470605033036746
E03_mass,S2,temporal_only,4,auprc,0.5379522684144766
E03_mass,S2,temporal_only,4,delta_bce_beta0,0.0
E03_mass,S2,temporal_only,4,delta_bce_age_shuffle,0.01068368194380187
E03_mass,S2,temporal_only,4,surface_rmse,0.22441717291611116
E03_mass,S2,temporal_only,4,cf_rmse_age,0.16284750812040516
E03_mass,S2,temporal_only,4,cf_rmse_lag,0.18567191128348226
E03_mass,S2,temporal_only,4,lambda_rmse,1.0061648408362394
E03_mass,S2,temporal_only,4,abs_beta_mean,0.0
E03_mass,S2,temporal_only,4,beta,0.0
E03_mass,S2,temporal_only,4,theta0,-0.9728105068206787
E03_mass,S3,age_temporal,0,bce,0.49930036923102966
E03_mass,S3,age_temporal,0,auroc,0.7232909588767338
E03_mass,S3,age_temporal,0,auprc,0.5030581097338734
E03_mass,S3,age_temporal,0,delta_bce_beta0,0.00016709311089097012
E03_mass,S3,age_temporal,0,delta_bce_age_shuffle,0.0080703959647897
E03_mass,S3,age_temporal,0,surface_rmse,0.16351574159749133
E03_mass,S3,age_temporal,0,cf_rmse_age,0.13854949683463053
E03_mass,S3,age_temporal,0,cf_rmse_lag,0.11594446105113515
E03_mass,S3,age_temporal,0,lambda_rmse,1.0535337187966975
E03_mass,S3,age_temporal,0,lambda_corr,-0.9492432811840519
E03_mass,S3,age_temporal,0,abs_beta_mean,0.2404015213251114
E03_mass,S3,age_temporal,0,beta,-0.2404015213251114
E03_mass,S3,age_temporal,0,theta0,-1.104296326637268
E03_mass,S3,age_temporal,1,bce,0.4983436794843421
E03_mass,S3,age_temporal,1,auroc,0.7229087739376218
E03_mass,S3,age_temporal,1,auprc,0.5053656069924092
E03_mass,S3,age_temporal,1,delta_bce_beta0,0.00021187104238823418
E03_mass,S3,age_temporal,1,delta_bce_age_shuffle,0.010225336473449587
E03_mass,S3,age_temporal,1,surface_rmse,0.16282480186648118
E03_mass,S3,age_temporal,1,cf_rmse_age,0.1376913885010339
E03_mass,S3,age_temporal,1,cf_rmse_lag,0.11522466713152864
E03_mass,S3,age_temporal,1,lambda_rmse,1.0568160055562479
E03_mass,S3,age_temporal,1,lambda_corr,-0.9464264764854431
E03_mass,S3,age_temporal,1,abs_beta_mean,0.2851255536079407
E03_mass,S3,age_temporal,1,beta,-0.2851255536079407
E03_mass,S3,age_temporal,1,theta0,-1.094733715057373
E03_mass,S3,age_temporal,2,bce,0.49888892049911426
E03_mass,S3,age_temporal,2,auroc,0.7246507698711298
E03_mass,S3,age_temporal,2,auprc,0.5023493743542952
E03_mass,S3,age_temporal,2,delta_bce_beta0,0.00021855188413683058
E03_mass,S3,age_temporal,2,delta_bce_age_shuffle,0.009315710183021575
E03_mass,S3,age_temporal,2,surface_rmse,0.1766075865244183
E03_mass,S3,age_temporal,2,cf_rmse_age,0.15465263806837096
E03_mass,S3,age_temporal,2,cf_rmse_lag,0.11691839113165815
E03_mass,S3,age_temporal,2,lambda_rmse,1.054573902697889
E03_mass,S3,age_temporal,2,lambda_corr,-0.9469621003995325
E03_mass,S3,age_temporal,2,abs_beta_mean,0.2775905132293701
E03_mass,S3,age_temporal,2,beta,-0.2775905132293701
E03_mass,S3,age_temporal,2,theta0,-1.0835784673690796
E03_mass,S3,age_temporal,3,bce,0.4985083767626996
E03_mass,S3,age_temporal,3,auroc,0.7240252432937855
E03_mass,S3,age_temporal,3,auprc,0.5040558773069659
E03_mass,S3,age_temporal,3,delta_bce_beta0,0.0001484687605651236
E03_mass,S3,age_temporal,3,delta_bce_age_shuffle,0.009191475763570323
E03_mass,S3,age_temporal,3,surface_rmse,0.1631037538959337
E03_mass,S3,age_temporal,3,cf_rmse_age,0.1380793110049554
E03_mass,S3,age_temporal,3,cf_rmse_lag,0.11640461823770523
E03_mass,S3,age_temporal,3,lambda_rmse,1.0439234461144216
E03_mass,S3,age_temporal,3,lambda_corr,-0.951328603342467
E03_mass,S3,age_temporal,3,abs_beta_mean,0.20959366858005524
E03_mass,S3,age_temporal,3,beta,-0.20959366858005524
E03_mass,S3,age_temporal,3,theta0,-1.0581629276275635
E03_mass,S3,age_temporal,4,bce,0.49912278040721286
E03_mass,S3,age_temporal,4,auroc,0.7246298430668979
E03_mass,S3,age_temporal,4,auprc,0.5012170681974435
E03_mass,S3,age_temporal,4,delta_bce_beta0,0.00031614879195446255
E03_mass,S3,age_temporal,4,delta_bce_age_shuffle,0.008773156404608795
E03_mass,S3,age_temporal,4,surface_rmse,0.1645231000439988
E03_mass,S3,age_temporal,4,cf_rmse_age,0.14312869971845651
E03_mass,S3,age_temporal,4,cf_rmse_lag,0.11792435317044074
E03_mass,S3,age_temporal,4,lambda_rmse,1.0625805211422406
E03_mass,S3,age_temporal,4,lambda_corr,-0.9422710258439837
E03_mass,S3,age_temporal,4,abs_beta_mean,0.3490872085094452
E03_mass,S3,age_temporal,4,beta,-0.3490872085094452
E03_mass,S3,age_temporal,4,theta0,-1.0893985033035278
E03_mass,S3,temporal_only,0,bce,0.49940021705502413
E03_mass,S3,temporal_only,0,auroc,0.7236731777367975
E03_mass,S3,temporal_only,0,auprc,0.5026309053567891
E03_mass,S3,temporal_only,0,delta_bce_beta0,0.0
E03_mass,S3,temporal_only,0,delta_bce_age_shuffle,0.007811948185337481
E03_mass,S3,temporal_only,0,surface_rmse,0.16382822883340664
E03_mass,S3,temporal_only,0,cf_rmse_age,0.1415744657797508
E03_mass,S3,temporal_only,0,cf_rmse_lag,0.11575202613002963
E03_mass,S3,temporal_only,0,lambda_rmse,1.0267405853736766
E03_mass,S3,temporal_only,0,abs_beta_mean,0.0
E03_mass,S3,temporal_only,0,beta,0.0
E03_mass,S3,temporal_only,0,theta0,-1.0974761247634888
E03_mass,S3,temporal_only,1,bce,0.49842901423542907
E03_mass,S3,temporal_only,1,auroc,0.7232762371837256
E03_mass,S3,temporal_only,1,auprc,0.5049092511527775
E03_mass,S3,temporal_only,1,delta_bce_beta0,0.0
E03_mass,S3,temporal_only,1,delta_bce_age_shuffle,0.009691872735884788
E03_mass,S3,temporal_only,1,surface_rmse,0.16303438590076877
E03_mass,S3,temporal_only,1,cf_rmse_age,0.13978374499091742
E03_mass,S3,temporal_only,1,cf_rmse_lag,0.11478718355242387
E03_mass,S3,temporal_only,1,lambda_rmse,1.0241502545492318
E03_mass,S3,temporal_only,1,abs_beta_mean,0.0
E03_mass,S3,temporal_only,1,beta,0.0
E03_mass,S3,temporal_only,1,theta0,-1.0813480615615845
E03_mass,S3,temporal_only,2,bce,0.49903600225981
E03_mass,S3,temporal_only,2,auroc,0.7250948096655425
E03_mass,S3,temporal_only,2,auprc,0.501720733761933
E03_mass,S3,temporal_only,2,delta_bce_beta0,0.0
E03_mass,S3,temporal_only,2,delta_bce_age_shuffle,0.009171081197601183
E03_mass,S3,temporal_only,2,surface_rmse,0.17690913840246808
E03_mass,S3,temporal_only,2,cf_rmse_age,0.15686261095734455
E03_mass,S3,temporal_only,2,cf_rmse_lag,0.11681486201425206
E03_mass,S3,temporal_only,2,lambda_rmse,1.0228999251643018
E03_mass,S3,temporal_only,2,abs_beta_mean,0.0
E03_mass,S3,temporal_only,2,beta,0.0
E03_mass,S3,temporal_only,2,theta0,-1.0736112594604492
E03_mass,S3,temporal_only,3,bce,0.49859241961177064
E03_mass,S3,temporal_only,3,auroc,0.7244472223550119
E03_mass,S3,temporal_only,3,auprc,0.5036743185202832
E03_mass,S3,temporal_only,3,delta_bce_beta0,0.0
E03_mass,S3,temporal_only,3,delta_bce_age_shuffle,0.008815420427153164
E03_mass,S3,temporal_only,3,surface_rmse,0.1632120098531263
E03_mass,S3,temporal_only,3,cf_rmse_age,0.13937871020610051
E03_mass,S3,temporal_only,3,cf_rmse_lag,0.11642966587568909
E03_mass,S3,temporal_only,3,lambda_rmse,1.019079167305614
E03_mass,S3,temporal_only,3,abs_beta_mean,0.0
E03_mass,S3,temporal_only,3,beta,0.0
E03_mass,S3,temporal_only,3,theta0,-1.0501558780670166
E03_mass,S3,temporal_only,4,bce,0.4992719411745976
E03_mass,S3,temporal_only,4,auroc,0.7252801198243078
E03_mass,S3,temporal_only,4,auprc,0.500342797086858
E03_mass,S3,temporal_only,4,delta_bce_beta0,0.0
E03_mass,S3,temporal_only,4,delta_bce_age_shuffle,0.008478014901950215
E03_mass,S3,temporal_only,4,surface_rmse,0.1651895079967179
E03_mass,S3,temporal_only,4,cf_rmse_age,0.1452761235204065
E03_mass,S3,temporal_only,4,cf_rmse_lag,0.11812305624351667
E03_mass,S3,temporal_only,4,lambda_rmse,1.0229196290098395
E03_mass,S3,temporal_only,4,abs_beta_mean,0.0
E03_mass,S3,temporal_only,4,beta,0.0
E03_mass,S3,temporal_only,4,theta0,-1.0737329721450806
E04_channels,S0,age_temporal,0,bce,0.5028570616604577
E04_channels,S0,age_temporal,0,auroc,0.70949402087898
E04_channels,S0,age_temporal,0,auprc,0.47714612688716346
E04_channels,S0,age_temporal,0,delta_bce_beta0,0.0003079605017936027
E04_channels,S0,age_temporal,0,delta_bce_age_shuffle,0.006272592784963282
E04_channels,S0,age_temporal,0,surface_rmse,0.17937557656399986
E04_channels,S0,age_temporal,0,cf_rmse_age,0.17707947914366698
E04_channels,S0,age_temporal,0,cf_rmse_lag,0.16149982294749277
E04_channels,S0,age_temporal,0,lambda_rmse,0.4624234400954459
E04_channels,S0,age_temporal,0,abs_beta_mean,0.13757050037384033
E04_channels,S0,age_temporal,0,beta,0.13757050037384033
E04_channels,S0,age_temporal,0,theta0,-1.350172996520996
E04_channels,S0,age_temporal,1,bce,0.5023084924557748
E04_channels,S0,age_temporal,1,auroc,0.7098288002425623
E04_channels,S0,age_temporal,1,auprc,0.4784918143226481
E04_channels,S0,age_temporal,1,delta_bce_beta0,0.00037973425943449435
E04_channels,S0,age_temporal,1,delta_bce_age_shuffle,0.0054164446096632846
E04_channels,S0,age_temporal,1,surface_rmse,0.1993921283581365
E04_channels,S0,age_temporal,1,cf_rmse_age,0.18644740687724956
E04_channels,S0,age_temporal,1,cf_rmse_lag,0.1837916049256952
E04_channels,S0,age_temporal,1,lambda_rmse,0.45796741532044377
E04_channels,S0,age_temporal,1,abs_beta_mean,0.13159871101379395
E04_channels,S0,age_temporal,1,beta,0.13159871101379395
E04_channels,S0,age_temporal,1,theta0,-1.3285762071609497
E04_channels,S0,age_temporal,2,bce,0.5018497366073147
E04_channels,S0,age_temporal,2,auroc,0.7115291662365915
E04_channels,S0,age_temporal,2,auprc,0.4786247042994973
E04_channels,S0,age_temporal,2,delta_bce_beta0,0.00020026232551761947
E04_channels,S0,age_temporal,2,delta_bce_age_shuffle,0.0078209163933175
E04_channels,S0,age_temporal,2,surface_rmse,0.2002515414638511
E04_channels,S0,age_temporal,2,cf_rmse_age,0.18171081986319879
E04_channels,S0,age_temporal,2,cf_rmse_lag,0.17969425445829132
E04_channels,S0,age_temporal,2,lambda_rmse,0.46154920192716037
E04_channels,S0,age_temporal,2,abs_beta_mean,0.09106211364269257
E04_channels,S0,age_temporal,2,beta,0.09106211364269257
E04_channels,S0,age_temporal,2,theta0,-1.345249056816101
E04_channels,S0,age_temporal,3,bce,0.5037447746422914
E04_channels,S0,age_temporal,3,auroc,0.7084300929314398
E04_channels,S0,age_temporal,3,auprc,0.476169795925655
E04_channels,S0,age_temporal,3,delta_bce_beta0,0.0002465695165029258
E04_channels,S0,age_temporal,3,delta_bce_age_shuffle,0.00907339174521149
E04_channels,S0,age_temporal,3,surface_rmse,0.1963410935983304
E04_channels,S0,age_temporal,3,cf_rmse_age,0.19248426472090327
E04_channels,S0,age_temporal,3,cf_rmse_lag,0.1760640244040642
E04_channels,S0,age_temporal,3,lambda_rmse,0.4650297502761222
E04_channels,S0,age_temporal,3,abs_beta_mean,0.08290840685367584
E04_channels,S0,age_temporal,3,beta,0.08290840685367584
E04_channels,S0,age_temporal,3,theta0,-1.3621232509613037
E04_channels,S0,age_temporal,4,bce,0.5029423877699234
E04_channels,S0,age_temporal,4,auroc,0.709889384648347
E04_channels,S0,age_temporal,4,auprc,0.4752717741931155
E04_channels,S0,age_temporal,4,delta_bce_beta0,6.373949686833136e-05
E04_channels,S0,age_temporal,4,delta_bce_age_shuffle,0.007064235147407394
E04_channels,S0,age_temporal,4,surface_rmse,0.1728280266139787
E04_channels,S0,age_temporal,4,cf_rmse_age,0.1634088466997049
E04_channels,S0,age_temporal,4,cf_rmse_lag,0.16045441924122467
E04_channels,S0,age_temporal,4,lambda_rmse,0.46643495351450437
E04_channels,S0,age_temporal,4,abs_beta_mean,0.03799302875995636
E04_channels,S0,age_temporal,4,beta,0.03799302875995636
E04_channels,S0,age_temporal,4,theta0,-1.3686738014221191
E04_channels,S0,temporal_only,0,bce,0.5028446525679713
E04_channels,S0,temporal_only,0,auroc,0.7095036193763753
E04_channels,S0,temporal_only,0,auprc,0.47715598281481864
E04_channels,S0,temporal_only,0,delta_bce_beta0,0.0
E04_channels,S0,temporal_only,0,delta_bce_age_shuffle,0.006237105265476717
E04_channels,S0,temporal_only,0,surface_rmse,0.17997711902529273
E04_channels,S0,temporal_only,0,cf_rmse_age,0.1773862267245233
E04_channels,S0,temporal_only,0,cf_rmse_lag,0.161426172798211
E04_channels,S0,temporal_only,0,lambda_rmse,0.4614209513691189
E04_channels,S0,temporal_only,0,abs_beta_mean,0.0
E04_channels,S0,temporal_only,0,beta,0.0
E04_channels,S0,temporal_only,0,theta0,-1.3440991640090942
E04_channels,S0,temporal_only,1,bce,0.5023476326810249
E04_channels,S0,temporal_only,1,auroc,0.7095906289733087
E04_channels,S0,temporal_only,1,auprc,0.4781849546869299
E04_channels,S0,temporal_only,1,delta_bce_beta0,0.0
E04_channels,S0,temporal_only,1,delta_bce_age_shuffle,0.005379508979132197
E04_channels,S0,temporal_only,1,surface_rmse,0.19946428064654764
E04_channels,S0,temporal_only,1,cf_rmse_age,0.18712796776776275
E04_channels,S0,temporal_only,1,cf_rmse_lag,0.18303989776206978
E04_channels,S0,temporal_only,1,lambda_rmse,0.4571967999962093
E04_channels,S0,temporal_only,1,abs_beta_mean,0.0
E04_channels,S0,temporal_only,1,beta,0.0
E04_channels,S0,temporal_only,1,theta0,-1.3238399028778076
E04_channels,S0,temporal_only,2,bce,0.5018522286996489
E04_channels,S0,temporal_only,2,auroc,0.7115011111580284
E04_channels,S0,temporal_only,2,auprc,0.4785767627521788
E04_channels,S0,temporal_only,2,delta_bce_beta0,0.0
E04_channels,S0,temporal_only,2,delta_bce_age_shuffle,0.007593124077519442
E04_channels,S0,temporal_only,2,surface_rmse,0.20006475458767384
E04_channels,S0,temporal_only,2,cf_rmse_age,0.1809111509282185
E04_channels,S0,temporal_only,2,cf_rmse_lag,0.1789089211790896
E04_channels,S0,temporal_only,2,lambda_rmse,0.4605498592880489
E04_channels,S0,temporal_only,2,abs_beta_mean,0.0
E04_channels,S0,temporal_only,2,beta,0.0
E04_channels,S0,temporal_only,2,theta0,-1.3398946523666382
E04_channels,S0,temporal_only,3,bce,0.5037525076809322
E04_channels,S0,temporal_only,3,auroc,0.7084315664278575
E04_channels,S0,temporal_only,3,auprc,0.4761436415886011
E04_channels,S0,temporal_only,3,delta_bce_beta0,0.0
E04_channels,S0,temporal_only,3,delta_bce_age_shuffle,0.008655140144012585
E04_channels,S0,temporal_only,3,surface_rmse,0.19691588348473388
E04_channels,S0,temporal_only,3,cf_rmse_age,0.19312499413030215
E04_channels,S0,temporal_only,3,cf_rmse_lag,0.17657050548232398
E04_channels,S0,temporal_only,3,lambda_rmse,0.4639996718195202
E04_channels,S0,temporal_only,3,abs_beta_mean,0.0
E04_channels,S0,temporal_only,3,beta,0.0
E04_channels,S0,temporal_only,3,theta0,-1.356628656387329
E04_channels,S0,temporal_only,4,bce,0.5029297094657159
E04_channels,S0,temporal_only,4,auroc,0.7099089188612233
E04_channels,S0,temporal_only,4,auprc,0.4752813295978646
E04_channels,S0,temporal_only,4,delta_bce_beta0,0.0
E04_channels,S0,temporal_only,4,delta_bce_age_shuffle,0.006843674296788782
E04_channels,S0,temporal_only,4,surface_rmse,0.17278462396693633
E04_channels,S0,temporal_only,4,cf_rmse_age,0.16356210336500032
E04_channels,S0,temporal_only,4,cf_rmse_lag,0.1602490346130226
E04_channels,S0,temporal_only,4,lambda_rmse,0.4659174065616848
E04_channels,S0,temporal_only,4,abs_beta_mean,0.0
E04_channels,S0,temporal_only,4,beta,0.0
E04_channels,S0,temporal_only,4,theta0,-1.3660281896591187
E04_channels,S1,age_temporal,0,bce,0.49576422226610034
E04_channels,S1,age_temporal,0,auroc,0.727006517068058
E04_channels,S1,age_temporal,0,auprc,0.49902250625926464
E04_channels,S1,age_temporal,0,delta_bce_beta0,0.0008926203564332269
E04_channels,S1,age_temporal,0,delta_bce_age_shuffle,0.008031739715664121
E04_channels,S1,age_temporal,0,surface_rmse,0.21961657588606537
E04_channels,S1,age_temporal,0,cf_rmse_age,0.18102316173901895
E04_channels,S1,age_temporal,0,cf_rmse_lag,0.16921588011377497
E04_channels,S1,age_temporal,0,lambda_rmse,0.47438815210898927
E04_channels,S1,age_temporal,0,abs_beta_mean,0.20832939445972443
E04_channels,S1,age_temporal,0,beta,0.20832939445972443
E04_channels,S1,age_temporal,0,theta0,-1.4115253686904907
E04_channels,S1,age_temporal,1,bce,0.4955230875279543
E04_channels,S1,age_temporal,1,auroc,0.7265727161001424
E04_channels,S1,age_temporal,1,auprc,0.49844968383592975
E04_channels,S1,age_temporal,1,delta_bce_beta0,0.0009816792994220558
E04_channels,S1,age_temporal,1,delta_bce_age_shuffle,0.009141357593548671
E04_channels,S1,age_temporal,1,surface_rmse,0.21820855854578697
E04_channels,S1,age_temporal,1,cf_rmse_age,0.19630524156640403
E04_channels,S1,age_temporal,1,cf_rmse_lag,0.17771691587060265
E04_channels,S1,age_temporal,1,lambda_rmse,0.47957814522697595
E04_channels,S1,age_temporal,1,abs_beta_mean,0.20430083572864532
E04_channels,S1,age_temporal,1,beta,0.20430083572864532
E04_channels,S1,age_temporal,1,theta0,-1.4382407665252686
E04_channels,S1,age_temporal,2,bce,0.49529483467921065
E04_channels,S1,age_temporal,2,auroc,0.7267658890638575
E04_channels,S1,age_temporal,2,auprc,0.4991022628874812
E04_channels,S1,age_temporal,2,delta_bce_beta0,0.00035807695880712975
E04_channels,S1,age_temporal,2,delta_bce_age_shuffle,0.010862376877804225
E04_channels,S1,age_temporal,2,surface_rmse,0.22414877768196084
E04_channels,S1,age_temporal,2,cf_rmse_age,0.20955265873168952
E04_channels,S1,age_temporal,2,cf_rmse_lag,0.19217878684336245
E04_channels,S1,age_temporal,2,lambda_rmse,0.4775149360210571
E04_channels,S1,age_temporal,2,abs_beta_mean,0.1499507874250412
E04_channels,S1,age_temporal,2,beta,0.1499507874250412
E04_channels,S1,age_temporal,2,theta0,-1.4260889291763306
E04_channels,S1,age_temporal,3,bce,0.49579793387325155
E04_channels,S1,age_temporal,3,auroc,0.7265218498636583
E04_channels,S1,age_temporal,3,auprc,0.4979629053293581
E04_channels,S1,age_temporal,3,delta_bce_beta0,0.0008122282381026746
E04_channels,S1,age_temporal,3,delta_bce_age_shuffle,0.0135849730370321
E04_channels,S1,age_temporal,3,surface_rmse,0.2102414702994169
E04_channels,S1,age_temporal,3,cf_rmse_age,0.1840720939620323
E04_channels,S1,age_temporal,3,cf_rmse_lag,0.16790333057797724
E04_channels,S1,age_temporal,3,lambda_rmse,0.47751551823659105
E04_channels,S1,age_temporal,3,abs_beta_mean,0.17536605894565582
E04_channels,S1,age_temporal,3,beta,0.17536605894565582
E04_channels,S1,age_temporal,3,theta0,-1.4267005920410156
E04_channels,S1,age_temporal,4,bce,0.4952464174292795
E04_channels,S1,age_temporal,4,auroc,0.726695256382085
E04_channels,S1,age_temporal,4,auprc,0.49940493608352476
E04_channels,S1,age_temporal,4,delta_bce_beta0,0.00047196507530772314
E04_channels,S1,age_temporal,4,delta_bce_age_shuffle,0.008565890775707297
E04_channels,S1,age_temporal,4,surface_rmse,0.22269123381114772
E04_channels,S1,age_temporal,4,cf_rmse_age,0.19310559783139392
E04_channels,S1,age_temporal,4,cf_rmse_lag,0.1789239772468942
E04_channels,S1,age_temporal,4,lambda_rmse,0.4758691570258621
E04_channels,S1,age_temporal,4,abs_beta_mean,0.12340943515300751
E04_channels,S1,age_temporal,4,beta,0.12340943515300751
E04_channels,S1,age_temporal,4,theta0,-1.41708242893219
E04_channels,S1,temporal_only,0,bce,0.4959423956956614
E04_channels,S1,temporal_only,0,auroc,0.7269742761563746
E04_channels,S1,temporal_only,0,auprc,0.498211232126323
E04_channels,S1,temporal_only,0,delta_bce_beta0,0.0
E04_channels,S1,temporal_only,0,delta_bce_age_shuffle,0.007423721853066001
E04_channels,S1,temporal_only,0,surface_rmse,0.218807020080965
E04_channels,S1,temporal_only,0,cf_rmse_age,0.1792400625972508
E04_channels,S1,temporal_only,0,cf_rmse_lag,0.16892729886427396
E04_channels,S1,temporal_only,0,lambda_rmse,0.47347073066504014
E04_channels,S1,temporal_only,0,abs_beta_mean,0.0
E04_channels,S1,temporal_only,0,beta,0.0
E04_channels,S1,temporal_only,0,theta0,-1.4037513732910156
E04_channels,S1,temporal_only,1,bce,0.49573887989942783
E04_channels,S1,temporal_only,1,auroc,0.7265335481734744
E04_channels,S1,temporal_only,1,auprc,0.49762636332178345
E04_channels,S1,temporal_only,1,delta_bce_beta0,0.0
E04_channels,S1,temporal_only,1,delta_bce_age_shuffle,0.008500857353517632
E04_channels,S1,temporal_only,1,surface_rmse,0.2169131948811539
E04_channels,S1,temporal_only,1,cf_rmse_age,0.19641925804146027
E04_channels,S1,temporal_only,1,cf_rmse_lag,0.17760229871996835
E04_channels,S1,temporal_only,1,lambda_rmse,0.4789591561582805
E04_channels,S1,temporal_only,1,abs_beta_mean,0.0
E04_channels,S1,temporal_only,1,beta,0.0
E04_channels,S1,temporal_only,1,theta0,-1.4318962097167969
E04_channels,S1,temporal_only,2,bce,0.4953561438249732
E04_channels,S1,temporal_only,2,auroc,0.726813845321444
E04_channels,S1,temporal_only,2,auprc,0.4986456306865283
E04_channels,S1,temporal_only,2,delta_bce_beta0,0.0
E04_channels,S1,temporal_only,2,delta_bce_age_shuffle,0.010464472728930863
E04_channels,S1,temporal_only,2,surface_rmse,0.22325672442335626
E04_channels,S1,temporal_only,2,cf_rmse_age,0.20790327688062424
E04_channels,S1,temporal_only,2,cf_rmse_lag,0.1918268305767415
E04_channels,S1,temporal_only,2,lambda_rmse,0.47632944393427396
E04_channels,S1,temporal_only,2,abs_beta_mean,0.0
E04_channels,S1,temporal_only,2,beta,0.0
E04_channels,S1,temporal_only,2,theta0,-1.4183313846588135
E04_channels,S1,temporal_only,3,bce,0.49592488432342235
E04_channels,S1,temporal_only,3,auroc,0.726488728172409
E04_channels,S1,temporal_only,3,auprc,0.49756128461594457
E04_channels,S1,temporal_only,3,delta_bce_beta0,0.0
E04_channels,S1,temporal_only,3,delta_bce_age_shuffle,0.012283004356333838
E04_channels,S1,temporal_only,3,surface_rmse,0.20885974304083327
E04_channels,S1,temporal_only,3,cf_rmse_age,0.18379885155291756
E04_channels,S1,temporal_only,3,cf_rmse_lag,0.16849069036322145
E04_channels,S1,temporal_only,3,lambda_rmse,0.47614322412283433
E04_channels,S1,temporal_only,3,abs_beta_mean,0.0
E04_channels,S1,temporal_only,3,beta,0.0
E04_channels,S1,temporal_only,3,theta0,-1.4173763990402222
E04_channels,S1,temporal_only,4,bce,0.4952971987740054
E04_channels,S1,temporal_only,4,auroc,0.7267946238889258
E04_channels,S1,temporal_only,4,auprc,0.49910821440395814
E04_channels,S1,temporal_only,4,delta_bce_beta0,0.0
E04_channels,S1,temporal_only,4,delta_bce_age_shuffle,0.007513846303423721
E04_channels,S1,temporal_only,4,surface_rmse,0.22164153932849182
E04_channels,S1,temporal_only,4,cf_rmse_age,0.19201617932806883
E04_channels,S1,temporal_only,4,cf_rmse_lag,0.1790283256754059
E04_channels,S1,temporal_only,4,lambda_rmse,0.4745364319113018
E04_channels,S1,temporal_only,4,abs_beta_mean,0.0
E04_channels,S1,temporal_only,4,beta,0.0
E04_channels,S1,temporal_only,4,theta0,-1.409166693687439
E04_channels,S2,age_temporal,0,bce,0.4708178264575944
E04_channels,S2,age_temporal,0,auroc,0.7487350758626088
E04_channels,S2,age_temporal,0,auprc,0.5530805574607461
E04_channels,S2,age_temporal,0,delta_bce_beta0,0.0015801338069216242
E04_channels,S2,age_temporal,0,delta_bce_age_shuffle,0.009541163700532762
E04_channels,S2,age_temporal,0,surface_rmse,0.2514000541605088
E04_channels,S2,age_temporal,0,cf_rmse_age,0.21332925198703506
E04_channels,S2,age_temporal,0,cf_rmse_lag,0.18609902898825265
E04_channels,S2,age_temporal,0,lambda_rmse,1.061008400404198
E04_channels,S2,age_temporal,0,lambda_corr,0.9807815340926203
E04_channels,S2,age_temporal,0,abs_beta_mean,0.33892592787742615
E04_channels,S2,age_temporal,0,beta,-0.33892592787742615
E04_channels,S2,age_temporal,0,theta0,-1.539827823638916
E04_channels,S2,age_temporal,1,bce,0.4707469149698098
E04_channels,S2,age_temporal,1,auroc,0.7483191217643669
E04_channels,S2,age_temporal,1,auprc,0.5525951123660948
E04_channels,S2,age_temporal,1,delta_bce_beta0,0.0014757109313973116
E04_channels,S2,age_temporal,1,delta_bce_age_shuffle,0.010311343203339374
E04_channels,S2,age_temporal,1,surface_rmse,0.2618681036995054
E04_channels,S2,age_temporal,1,cf_rmse_age,0.21209411530235778
E04_channels,S2,age_temporal,1,cf_rmse_lag,0.20477181071773018
E04_channels,S2,age_temporal,1,lambda_rmse,1.0566426880847
E04_channels,S2,age_temporal,1,lambda_corr,0.981090549771259
E04_channels,S2,age_temporal,1,abs_beta_mean,0.34775301814079285
E04_channels,S2,age_temporal,1,beta,-0.34775301814079285
E04_channels,S2,age_temporal,1,theta0,-1.515843152999878
E04_channels,S2,age_temporal,2,bce,0.47080921007447596
E04_channels,S2,age_temporal,2,auroc,0.7479599114042865
E04_channels,S2,age_temporal,2,auprc,0.5525550410515171
E04_channels,S2,age_temporal,2,delta_bce_beta0,0.0018351193068806282
E04_channels,S2,age_temporal,2,delta_bce_age_shuffle,0.011191258863019249
E04_channels,S2,age_temporal,2,surface_rmse,0.24719269422941745
E04_channels,S2,age_temporal,2,cf_rmse_age,0.1956930837181839
E04_channels,S2,age_temporal,2,cf_rmse_lag,0.19779358002430913
E04_channels,S2,age_temporal,2,lambda_rmse,1.0519825692641172
E04_channels,S2,age_temporal,2,lambda_corr,0.9836286952835371
E04_channels,S2,age_temporal,2,abs_beta_mean,0.4102952182292938
E04_channels,S2,age_temporal,2,beta,-0.4102952182292938
E04_channels,S2,age_temporal,2,theta0,-1.5241044759750366
E04_channels,S2,age_temporal,3,bce,0.47084939932653597
E04_channels,S2,age_temporal,3,auroc,0.7494046588349035
E04_channels,S2,age_temporal,3,auprc,0.5530972231671237
E04_channels,S2,age_temporal,3,delta_bce_beta0,0.0013597846477213515
E04_channels,S2,age_temporal,3,delta_bce_age_shuffle,0.01379278116449062
E04_channels,S2,age_temporal,3,surface_rmse,0.2507182595772711
E04_channels,S2,age_temporal,3,cf_rmse_age,0.21098587375502617
E04_channels,S2,age_temporal,3,cf_rmse_lag,0.19763074860145585
E04_channels,S2,age_temporal,3,lambda_rmse,1.0578064029715606
E04_channels,S2,age_temporal,3,lambda_corr,0.9815240325823635
E04_channels,S2,age_temporal,3,abs_beta_mean,0.35728904604911804
E04_channels,S2,age_temporal,3,beta,-0.35728904604911804
E04_channels,S2,age_temporal,3,theta0,-1.5295631885528564
E04_channels,S2,age_temporal,4,bce,0.4712396511334496
E04_channels,S2,age_temporal,4,auroc,0.7494251100094287
E04_channels,S2,age_temporal,4,auprc,0.5541583967030952
E04_channels,S2,age_temporal,4,delta_bce_beta0,0.002231462013072616
E04_channels,S2,age_temporal,4,delta_bce_age_shuffle,0.010468228180376571
E04_channels,S2,age_temporal,4,surface_rmse,0.2418142651089797
E04_channels,S2,age_temporal,4,cf_rmse_age,0.20113288487248093
E04_channels,S2,age_temporal,4,cf_rmse_lag,0.19220699404986033
E04_channels,S2,age_temporal,4,lambda_rmse,1.0504314024295995
E04_channels,S2,age_temporal,4,lambda_corr,0.9837936478518875
E04_channels,S2,age_temporal,4,abs_beta_mean,0.4151165783405304
E04_channels,S2,age_temporal,4,beta,-0.4151165783405304
E04_channels,S2,age_temporal,4,theta0,-1.5170669555664062
E04_channels,S2,temporal_only,0,bce,0.47201018185587923
E04_channels,S2,temporal_only,0,auroc,0.7480454730407398
E04_channels,S2,temporal_only,0,auprc,0.5508730482240919
E04_channels,S2,temporal_only,0,delta_bce_beta0,0.0
E04_channels,S2,temporal_only,0,delta_bce_age_shuffle,0.007237622171148483
E04_channels,S2,temporal_only,0,surface_rmse,0.25320249640498693
E04_channels,S2,temporal_only,0,cf_rmse_age,0.21390643928193437
E04_channels,S2,temporal_only,0,cf_rmse_lag,0.1859752144058567
E04_channels,S2,temporal_only,0,lambda_rmse,1.090955838360778
E04_channels,S2,temporal_only,0,abs_beta_mean,0.0
E04_channels,S2,temporal_only,0,beta,0.0
E04_channels,S2,temporal_only,0,theta0,-1.5558255910873413
E04_channels,S2,temporal_only,1,bce,0.4717216947874975
E04_channels,S2,temporal_only,1,auroc,0.7477928391549262
E04_channels,S2,temporal_only,1,auprc,0.551561527580614
E04_channels,S2,temporal_only,1,delta_bce_beta0,0.0
E04_channels,S2,temporal_only,1,delta_bce_age_shuffle,0.007436393424714638
E04_channels,S2,temporal_only,1,surface_rmse,0.2655425223744003
E04_channels,S2,temporal_only,1,cf_rmse_age,0.2160616812712963
E04_channels,S2,temporal_only,1,cf_rmse_lag,0.2070025332217543
E04_channels,S2,temporal_only,1,lambda_rmse,1.0942992293894234
E04_channels,S2,temporal_only,1,abs_beta_mean,0.0
E04_channels,S2,temporal_only,1,beta,0.0
E04_channels,S2,temporal_only,1,theta0,-1.583909273147583
E04_channels,S2,temporal_only,2,bce,0.4724588080491186
E04_channels,S2,temporal_only,2,auroc,0.7467244742090031
E04_channels,S2,temporal_only,2,auprc,0.549349457896958
E04_channels,S2,temporal_only,2,delta_bce_beta0,0.0
E04_channels,S2,temporal_only,2,delta_bce_age_shuffle,0.008856292670524568
E04_channels,S2,temporal_only,2,surface_rmse,0.24808618560493062
E04_channels,S2,temporal_only,2,cf_rmse_age,0.19220279408985785
E04_channels,S2,temporal_only,2,cf_rmse_lag,0.19644066300994514
E04_channels,S2,temporal_only,2,lambda_rmse,1.0899141315884218
E04_channels,S2,temporal_only,2,abs_beta_mean,0.0
E04_channels,S2,temporal_only,2,beta,0.0
E04_channels,S2,temporal_only,2,theta0,-1.5471880435943604
E04_channels,S2,temporal_only,3,bce,0.47204130910398867
E04_channels,S2,temporal_only,3,auroc,0.7487354557226509
E04_channels,S2,temporal_only,3,auprc,0.5507752253255697
E04_channels,S2,temporal_only,3,delta_bce_beta0,0.0
E04_channels,S2,temporal_only,3,delta_bce_age_shuffle,0.012659342402640494
E04_channels,S2,temporal_only,3,surface_rmse,0.25302506747740816
E04_channels,S2,temporal_only,3,cf_rmse_age,0.20886545037838133
E04_channels,S2,temporal_only,3,cf_rmse_lag,0.197427443588545
E04_channels,S2,temporal_only,3,lambda_rmse,1.090011613681494
E04_channels,S2,temporal_only,3,abs_beta_mean,0.0
E04_channels,S2,temporal_only,3,beta,0.0
E04_channels,S2,temporal_only,3,theta0,-1.5479941368103027
E04_channels,S2,temporal_only,4,bce,0.47227898878672403
E04_channels,S2,temporal_only,4,auroc,0.7471872932336014
E04_channels,S2,temporal_only,4,auprc,0.5516318804822429
E04_channels,S2,temporal_only,4,delta_bce_beta0,0.0
E04_channels,S2,temporal_only,4,delta_bce_age_shuffle,0.00967503908465367
E04_channels,S2,temporal_only,4,surface_rmse,0.24177083956383283
E04_channels,S2,temporal_only,4,cf_rmse_age,0.2002390451058899
E04_channels,S2,temporal_only,4,cf_rmse_lag,0.1895834003912501
E04_channels,S2,temporal_only,4,lambda_rmse,1.0924048412316953
E04_channels,S2,temporal_only,4,abs_beta_mean,0.0
E04_channels,S2,temporal_only,4,beta,0.0
E04_channels,S2,temporal_only,4,theta0,-1.5679283142089844
E04_channels,S3,age_temporal,0,bce,0.5017755129904456
E04_channels,S3,age_temporal,0,auroc,0.7181526518903286
E04_channels,S3,age_temporal,0,auprc,0.49831035870083007
E04_channels,S3,age_temporal,0,delta_bce_beta0,0.0040179709658978435
E04_channels,S3,age_temporal,0,delta_bce_age_shuffle,0.01462782686772457
E04_channels,S3,age_temporal,0,surface_rmse,0.16123179290155884
E04_channels,S3,age_temporal,0,cf_rmse_age,0.13397864891727881
E04_channels,S3,age_temporal,0,cf_rmse_lag,0.12963867057481263
E04_channels,S3,age_temporal,0,lambda_rmse,1.0520667242885924
E04_channels,S3,age_temporal,0,lambda_corr,0.9894677268239378
E04_channels,S3,age_temporal,0,abs_beta_mean,0.5709318518638611
E04_channels,S3,age_temporal,0,beta,0.5709318518638611
E04_channels,S3,age_temporal,0,theta0,-1.624805212020874
E04_channels,S3,age_temporal,1,bce,0.5022029187517322
E04_channels,S3,age_temporal,1,auroc,0.7171001235279912
E04_channels,S3,age_temporal,1,auprc,0.4971015922593855
E04_channels,S3,age_temporal,1,delta_bce_beta0,0.0038565871587253886
E04_channels,S3,age_temporal,1,delta_bce_age_shuffle,0.011267933858438717
E04_channels,S3,age_temporal,1,surface_rmse,0.1825285969008351
E04_channels,S3,age_temporal,1,cf_rmse_age,0.14816196188228778
E04_channels,S3,age_temporal,1,cf_rmse_lag,0.12630872226809714
E04_channels,S3,age_temporal,1,lambda_rmse,1.0553075304269997
E04_channels,S3,age_temporal,1,lambda_corr,0.9891467341751431
E04_channels,S3,age_temporal,1,abs_beta_mean,0.5591418743133545
E04_channels,S3,age_temporal,1,beta,0.5591418743133545
E04_channels,S3,age_temporal,1,theta0,-1.638494610786438
E04_channels,S3,age_temporal,2,bce,0.5018836757385257
E04_channels,S3,age_temporal,2,auroc,0.7176776737651023
E04_channels,S3,age_temporal,2,auprc,0.49763959235716526
E04_channels,S3,age_temporal,2,delta_bce_beta0,0.00374509317209748
E04_channels,S3,age_temporal,2,delta_bce_age_shuffle,0.014233614029763308
E04_channels,S3,age_temporal,2,surface_rmse,0.18459697214267318
E04_channels,S3,age_temporal,2,cf_rmse_age,0.1581766859539507
E04_channels,S3,age_temporal,2,cf_rmse_lag,0.13019414933996973
E04_channels,S3,age_temporal,2,lambda_rmse,1.0612414998946114
E04_channels,S3,age_temporal,2,lambda_corr,0.9879840912847969
E04_channels,S3,age_temporal,2,abs_beta_mean,0.5213323831558228
E04_channels,S3,age_temporal,2,beta,0.5213323831558228
E04_channels,S3,age_temporal,2,theta0,-1.6544320583343506
E04_channels,S3,age_temporal,3,bce,0.502253818522048
E04_channels,S3,age_temporal,3,auroc,0.7178075934327777
E04_channels,S3,age_temporal,3,auprc,0.49688948141175693
E04_channels,S3,age_temporal,3,delta_bce_beta0,0.0032887241751023977
E04_channels,S3,age_temporal,3,delta_bce_age_shuffle,0.016263333907351907
E04_channels,S3,age_temporal,3,surface_rmse,0.19750475913150642
E04_channels,S3,age_temporal,3,cf_rmse_age,0.17481868807672152
E04_channels,S3,age_temporal,3,cf_rmse_lag,0.12773647533762658
E04_channels,S3,age_temporal,3,lambda_rmse,1.0632888281450172
E04_channels,S3,age_temporal,3,lambda_corr,0.987490492908179
E04_channels,S3,age_temporal,3,abs_beta_mean,0.506169855594635
E04_channels,S3,age_temporal,3,beta,0.506169855594635
E04_channels,S3,age_temporal,3,theta0,-1.658933162689209
E04_channels,S3,age_temporal,4,bce,0.5026416248946266
E04_channels,S3,age_temporal,4,auroc,0.7187144458454067
E04_channels,S3,age_temporal,4,auprc,0.49418436771526913
E04_channels,S3,age_temporal,4,delta_bce_beta0,0.0027936218904554
E04_channels,S3,age_temporal,4,delta_bce_age_shuffle,0.014105908990360794
E04_channels,S3,age_temporal,4,surface_rmse,0.1672865378761965
E04_channels,S3,age_temporal,4,cf_rmse_age,0.14565544920429258
E04_channels,S3,age_temporal,4,cf_rmse_lag,0.12871085604033414
E04_channels,S3,age_temporal,4,lambda_rmse,1.065846919612622
E04_channels,S3,age_temporal,4,lambda_corr,0.9859565048360789
E04_channels,S3,age_temporal,4,abs_beta_mean,0.4630271792411804
E04_channels,S3,age_temporal,4,beta,0.4630271792411804
E04_channels,S3,age_temporal,4,theta0,-1.649848222732544
E04_channels,S3,temporal_only,0,bce,0.5042112561615392
E04_channels,S3,temporal_only,0,auroc,0.716242112439862
E04_channels,S3,temporal_only,0,auprc,0.4920504759639564
E04_channels,S3,temporal_only,0,delta_bce_beta0,0.0
E04_channels,S3,temporal_only,0,delta_bce_age_shuffle,0.009308676404697236
E04_channels,S3,temporal_only,0,surface_rmse,0.16022972325352983
E04_channels,S3,temporal_only,0,cf_rmse_age,0.12971967795873063
E04_channels,S3,temporal_only,0,cf_rmse_lag,0.1292620196293397
E04_channels,S3,temporal_only,0,lambda_rmse,1.1010107803780895
E04_channels,S3,temporal_only,0,abs_beta_mean,0.0
E04_channels,S3,temporal_only,0,beta,0.0
E04_channels,S3,temporal_only,0,theta0,-1.6420477628707886
E04_channels,S3,temporal_only,1,bce,0.5046240309808078
E04_channels,S3,temporal_only,1,auroc,0.715556206568613
E04_channels,S3,temporal_only,1,auprc,0.4915360778492065
E04_channels,S3,temporal_only,1,delta_bce_beta0,0.0
E04_channels,S3,temporal_only,1,delta_bce_age_shuffle,0.006547279176801091
E04_channels,S3,temporal_only,1,surface_rmse,0.17896574017035063
E04_channels,S3,temporal_only,1,cf_rmse_age,0.14070608789712558
E04_channels,S3,temporal_only,1,cf_rmse_lag,0.12653464607607187
E04_channels,S3,temporal_only,1,lambda_rmse,1.1027221961744993
E04_channels,S3,temporal_only,1,abs_beta_mean,0.0
E04_channels,S3,temporal_only,1,beta,0.0
E04_channels,S3,temporal_only,1,theta0,-1.657273530960083
E04_channels,S3,temporal_only,2,bce,0.5039818317489488
E04_channels,S3,temporal_only,2,auroc,0.716208729377606
E04_channels,S3,temporal_only,2,auprc,0.4927646867006956
E04_channels,S3,temporal_only,2,delta_bce_beta0,0.0
E04_channels,S3,temporal_only,2,delta_bce_age_shuffle,0.008430049269313566
E04_channels,S3,temporal_only,2,surface_rmse,0.18025608179070648
E04_channels,S3,temporal_only,2,cf_rmse_age,0.15054832798056494
E04_channels,S3,temporal_only,2,cf_rmse_lag,0.12964159238743994
E04_channels,S3,temporal_only,2,lambda_rmse,1.1038667856347757
E04_channels,S3,temporal_only,2,abs_beta_mean,0.0
E04_channels,S3,temporal_only,2,beta,0.0
E04_channels,S3,temporal_only,2,theta0,-1.66755211353302
E04_channels,S3,temporal_only,3,bce,0.5042526200303766
E04_channels,S3,temporal_only,3,auroc,0.7165958691985814
E04_channels,S3,temporal_only,3,auprc,0.49198716419181443
E04_channels,S3,temporal_only,3,delta_bce_beta0,0.0
E04_channels,S3,temporal_only,3,delta_bce_age_shuffle,0.010808072670289715
E04_channels,S3,temporal_only,3,surface_rmse,0.19049660324834986
E04_channels,S3,temporal_only,3,cf_rmse_age,0.16634820994110497
E04_channels,S3,temporal_only,3,cf_rmse_lag,0.12593745892782574
E04_channels,S3,temporal_only,3,lambda_rmse,1.1041750065567488
E04_channels,S3,temporal_only,3,abs_beta_mean,0.0
E04_channels,S3,temporal_only,3,beta,0.0
E04_channels,S3,temporal_only,3,theta0,-1.6703332662582397
E04_channels,S3,temporal_only,4,bce,0.5043912068990657
E04_channels,S3,temporal_only,4,auroc,0.7177251970183387
E04_channels,S3,temporal_only,4,auprc,0.48976551029140386
E04_channels,S3,temporal_only,4,delta_bce_beta0,0.0
E04_channels,S3,temporal_only,4,delta_bce_age_shuffle,0.008072469954664374
E04_channels,S3,temporal_only,4,surface_rmse,0.16695720724253596
E04_channels,S3,temporal_only,4,cf_rmse_age,0.14282182992301562
E04_channels,S3,temporal_only,4,cf_rmse_lag,0.1316003148309553
E04_channels,S3,temporal_only,4,lambda_rmse,1.1026384652802914
E04_channels,S3,temporal_only,4,abs_beta_mean,0.0
E04_channels,S3,temporal_only,4,beta,0.0
E04_channels,S3,temporal_only,4,theta0,-1.656524658203125
E05_mixture,S0,age_temporal,0,bce,0.5022352654754038
E05_mixture,S0,age_temporal,0,auroc,0.7099385500677955
E05_mixture,S0,age_temporal,0,auprc,0.4791427274418271
E05_mixture,S0,age_temporal,0,delta_bce_beta0,0.000563730884314273
E05_mixture,S0,age_temporal,0,delta_bce_age_shuffle,0.005940983563350821
E05_mixture,S0,age_temporal,0,surface_rmse,0.16774987749923867
E05_mixture,S0,age_temporal,0,cf_rmse_age,0.1527894382132408
E05_mixture,S0,age_temporal,0,cf_rmse_lag,0.14211244386212604
E05_mixture,S0,age_temporal,0,lambda_rmse,0.5301804545087274
E05_mixture,S0,age_temporal,0,abs_beta_mean,0.13432429855068526
E05_mixture,S0,age_temporal,0,beta_0,-0.10858067870140076
E05_mixture,S0,age_temporal,0,beta_1,0.2329525351524353
E05_mixture,S0,age_temporal,0,beta_2,-0.06143968179821968
E05_mixture,S0,age_temporal,0,theta_0,-2.056502342224121
E05_mixture,S0,age_temporal,0,theta_1,-1.3208669424057007
E05_mixture,S0,age_temporal,0,theta_2,-1.9736788272857666
E05_mixture,S0,age_temporal,1,bce,0.49901353609189386
E05_mixture,S0,age_temporal,1,auroc,0.7147742598600614
E05_mixture,S0,age_temporal,1,auprc,0.4865641624034701
E05_mixture,S0,age_temporal,1,delta_bce_beta0,0.00029336041152761005
E05_mixture,S0,age_temporal,1,delta_bce_age_shuffle,0.0073816828568857296
E05_mixture,S0,age_temporal,1,surface_rmse,0.18248794447017902
E05_mixture,S0,age_temporal,1,cf_rmse_age,0.17185754975707376
E05_mixture,S0,age_temporal,1,cf_rmse_lag,0.16454351599531802
E05_mixture,S0,age_temporal,1,lambda_rmse,0.524443113016942
E05_mixture,S0,age_temporal,1,abs_beta_mean,0.13725847750902176
E05_mixture,S0,age_temporal,1,beta_0,0.13024073839187622
E05_mixture,S0,age_temporal,1,beta_1,-0.10188061743974686
E05_mixture,S0,age_temporal,1,beta_2,0.1796540766954422
E05_mixture,S0,age_temporal,1,theta_0,-1.1376348733901978
E05_mixture,S0,age_temporal,1,theta_1,-2.072493553161621
E05_mixture,S0,age_temporal,1,theta_2,-2.1677815914154053
E05_mixture,S0,age_temporal,2,bce,0.49783018513504196
E05_mixture,S0,age_temporal,2,auroc,0.7163968140026242
E05_mixture,S0,age_temporal,2,auprc,0.4889812382534267
E05_mixture,S0,age_temporal,2,delta_bce_beta0,0.00015378809004801264
E05_mixture,S0,age_temporal,2,delta_bce_age_shuffle,0.005694373386795792
E05_mixture,S0,age_temporal,2,surface_rmse,0.19222405876630622
E05_mixture,S0,age_temporal,2,cf_rmse_age,0.17311778941035913
E05_mixture,S0,age_temporal,2,cf_rmse_lag,0.1758469707938479
E05_mixture,S0,age_temporal,2,lambda_rmse,0.5266477070772895
E05_mixture,S0,age_temporal,2,abs_beta_mean,0.1470644537669917
E05_mixture,S0,age_temporal,2,beta_0,0.24111396074295044
E05_mixture,S0,age_temporal,2,beta_1,0.19338355958461761
E05_mixture,S0,age_temporal,2,beta_2,0.00669584097340703
E05_mixture,S0,age_temporal,2,theta_0,-2.1727144718170166
E05_mixture,S0,age_temporal,2,theta_1,-2.187645196914673
E05_mixture,S0,age_temporal,2,theta_2,-1.113560676574707
E05_mixture,S0,age_temporal,3,bce,0.5027275011556321
E05_mixture,S0,age_temporal,3,auroc,0.7113748474210342
E05_mixture,S0,age_temporal,3,auprc,0.4792157488498209
E05_mixture,S0,age_temporal,3,delta_bce_beta0,0.0004627591459300806
E05_mixture,S0,age_temporal,3,delta_bce_age_shuffle,0.007311801465995971
E05_mixture,S0,age_temporal,3,surface_rmse,0.1991388118328494
E05_mixture,S0,age_temporal,3,cf_rmse_age,0.1956849988729631
E05_mixture,S0,age_temporal,3,cf_rmse_lag,0.17980333971692192
E05_mixture,S0,age_temporal,3,lambda_rmse,0.5380067586165167
E05_mixture,S0,age_temporal,3,abs_beta_mean,0.12402219263215859
E05_mixture,S0,age_temporal,3,beta_0,-0.009532233700156212
E05_mixture,S0,age_temporal,3,beta_1,-0.14101791381835938
E05_mixture,S0,age_temporal,3,beta_2,0.2215164303779602
E05_mixture,S0,age_temporal,3,theta_0,-2.1644210815429688
E05_mixture,S0,age_temporal,3,theta_1,-2.1149046421051025
E05_mixture,S0,age_temporal,3,theta_2,-1.2997770309448242
E05_mixture,S0,age_temporal,4,bce,0.49938024407897946
E05_mixture,S0,age_temporal,4,auroc,0.7162998247052421
E05_mixture,S0,age_temporal,4,auprc,0.48677564853026006
E05_mixture,S0,age_temporal,4,delta_bce_beta0,0.00022960006091710117
E05_mixture,S0,age_temporal,4,delta_bce_age_shuffle,0.010581782284765417
E05_mixture,S0,age_temporal,4,surface_rmse,0.20937513712737849
E05_mixture,S0,age_temporal,4,cf_rmse_age,0.19217537844823876
E05_mixture,S0,age_temporal,4,cf_rmse_lag,0.18878934945751782
E05_mixture,S0,age_temporal,4,lambda_rmse,0.5321525059966009
E05_mixture,S0,age_temporal,4,abs_beta_mean,0.11851738641659419
E05_mixture,S0,age_temporal,4,beta_0,-0.06275081634521484
E05_mixture,S0,age_temporal,4,beta_1,0.1914631575345993
E05_mixture,S0,age_temporal,4,beta_2,-0.10133818536996841
E05_mixture,S0,age_temporal,4,theta_0,-2.208322048187256
E05_mixture,S0,age_temporal,4,theta_1,-1.1679738759994507
E05_mixture,S0,age_temporal,4,theta_2,-2.185170888900757
E05_mixture,S0,temporal_only,0,bce,0.5000849305824682
E05_mixture,S0,temporal_only,0,auroc,0.712454211648627
E05_mixture,S0,temporal_only,0,auprc,0.4848541705007423
E05_mixture,S0,temporal_only,0,delta_bce_beta0,0.0
E05_mixture,S0,temporal_only,0,delta_bce_age_shuffle,0.005985404513357384
E05_mixture,S0,temporal_only,0,surface_rmse,0.16866097060897675
E05_mixture,S0,temporal_only,0,cf_rmse_age,0.15850098748800573
E05_mixture,S0,temporal_only,0,cf_rmse_lag,0.1424771951386881
E05_mixture,S0,temporal_only,0,lambda_rmse,0.5320253800180674
E05_mixture,S0,temporal_only,0,abs_beta_mean,0.0
E05_mixture,S0,temporal_only,0,beta_0,0.0
E05_mixture,S0,temporal_only,0,beta_1,0.0
E05_mixture,S0,temporal_only,0,beta_2,0.0
E05_mixture,S0,temporal_only,0,theta_0,-2.134931802749634
E05_mixture,S0,temporal_only,0,theta_1,-2.180755138397217
E05_mixture,S0,temporal_only,0,theta_2,-1.1944135427474976
E05_mixture,S0,temporal_only,1,bce,0.4989208319721481
E05_mixture,S0,temporal_only,1,auroc,0.7147920248997925
E05_mixture,S0,temporal_only,1,auprc,0.48677373063051543
E05_mixture,S0,temporal_only,1,delta_bce_beta0,0.0
E05_mixture,S0,temporal_only,1,delta_bce_age_shuffle,0.007190705531068375
E05_mixture,S0,temporal_only,1,surface_rmse,0.18201752902198745
E05_mixture,S0,temporal_only,1,cf_rmse_age,0.17074420015600217
E05_mixture,S0,temporal_only,1,cf_rmse_lag,0.16303453495251022
E05_mixture,S0,temporal_only,1,lambda_rmse,0.5233338307169201
E05_mixture,S0,temporal_only,1,abs_beta_mean,0.0
E05_mixture,S0,temporal_only,1,beta_0,0.0
E05_mixture,S0,temporal_only,1,beta_1,0.0
E05_mixture,S0,temporal_only,1,beta_2,0.0
E05_mixture,S0,temporal_only,1,theta_0,-1.1231553554534912
E05_mixture,S0,temporal_only,1,theta_1,-2.04854154586792
E05_mixture,S0,temporal_only,1,theta_2,-2.1851587295532227
E05_mixture,S0,temporal_only,2,bce,0.49818368611184694
E05_mixture,S0,temporal_only,2,auroc,0.7157538955042281
E05_mixture,S0,temporal_only,2,auprc,0.4881371527436382
E05_mixture,S0,temporal_only,2,delta_bce_beta0,0.0
E05_mixture,S0,temporal_only,2,delta_bce_age_shuffle,0.005908352035591924
E05_mixture,S0,temporal_only,2,surface_rmse,0.19586901506813567
E05_mixture,S0,temporal_only,2,cf_rmse_age,0.17723361400667617
E05_mixture,S0,temporal_only,2,cf_rmse_lag,0.17871814352369034
E05_mixture,S0,temporal_only,2,lambda_rmse,0.5309074203994991
E05_mixture,S0,temporal_only,2,abs_beta_mean,0.0
E05_mixture,S0,temporal_only,2,beta_0,0.0
E05_mixture,S0,temporal_only,2,beta_1,0.0
E05_mixture,S0,temporal_only,2,beta_2,0.0
E05_mixture,S0,temporal_only,2,theta_0,-2.2001194953918457
E05_mixture,S0,temporal_only,2,theta_1,-2.205789566040039
E05_mixture,S0,temporal_only,2,theta_2,-1.141461968421936
E05_mixture,S0,temporal_only,3,bce,0.5009315017457096
E05_mixture,S0,temporal_only,3,auroc,0.7138607824945302
E05_mixture,S0,temporal_only,3,auprc,0.4836949684224292
E05_mixture,S0,temporal_only,3,delta_bce_beta0,0.0
E05_mixture,S0,temporal_only,3,delta_bce_age_shuffle,0.007037081974734738
E05_mixture,S0,temporal_only,3,surface_rmse,0.19256924535644154
E05_mixture,S0,temporal_only,3,cf_rmse_age,0.18538410644335312
E05_mixture,S0,temporal_only,3,cf_rmse_lag,0.17126928791743684
E05_mixture,S0,temporal_only,3,lambda_rmse,0.5321973394182445
E05_mixture,S0,temporal_only,3,abs_beta_mean,0.0
E05_mixture,S0,temporal_only,3,beta_0,0.0
E05_mixture,S0,temporal_only,3,beta_1,0.0
E05_mixture,S0,temporal_only,3,beta_2,0.0
E05_mixture,S0,temporal_only,3,theta_0,-2.168299436569214
E05_mixture,S0,temporal_only,3,theta_1,-2.1610214710235596
E05_mixture,S0,temporal_only,3,theta_2,-1.1903769969940186
E05_mixture,S0,temporal_only,4,bce,0.49847114130756015
E05_mixture,S0,temporal_only,4,auroc,0.7175171746637203
E05_mixture,S0,temporal_only,4,auprc,0.4887555279050441
E05_mixture,S0,temporal_only,4,delta_bce_beta0,0.0
E05_mixture,S0,temporal_only,4,delta_bce_age_shuffle,0.010576234112644023
E05_mixture,S0,temporal_only,4,surface_rmse,0.20795535573391574
E05_mixture,S0,temporal_only,4,cf_rmse_age,0.1874389414225314
E05_mixture,S0,temporal_only,4,cf_rmse_lag,0.1870860017952673
E05_mixture,S0,temporal_only,4,lambda_rmse,0.5292295943525555
E05_mixture,S0,temporal_only,4,abs_beta_mean,0.0
E05_mixture,S0,temporal_only,4,beta_0,0.0
E05_mixture,S0,temporal_only,4,beta_1,0.0
E05_mixture,S0,temporal_only,4,beta_2,0.0
E05_mixture,S0,temporal_only,4,theta_0,-2.2192907333374023
E05_mixture,S0,temporal_only,4,theta_1,-1.118916630744934
E05_mixture,S0,temporal_only,4,theta_2,-2.1915183067321777
E05_mixture,S1,age_temporal,0,bce,0.49772799699421016
E05_mixture,S1,age_temporal,0,auroc,0.7246501129937993
E05_mixture,S1,age_temporal,0,auprc,0.4941698465683
E05_mixture,S1,age_temporal,0,delta_bce_beta0,0.0017317153440145616
E05_mixture,S1,age_temporal,0,delta_bce_age_shuffle,0.010806733906530142
E05_mixture,S1,age_temporal,0,surface_rmse,0.21607082895186214
E05_mixture,S1,age_temporal,0,cf_rmse_age,0.18378583070192084
E05_mixture,S1,age_temporal,0,cf_rmse_lag,0.17609803380162514
E05_mixture,S1,age_temporal,0,lambda_rmse,0.5257268529177378
E05_mixture,S1,age_temporal,0,abs_beta_mean,0.23761067787806192
E05_mixture,S1,age_temporal,0,beta_0,-0.1286322921514511
E05_mixture,S1,age_temporal,0,beta_1,0.3925587236881256
E05_mixture,S1,age_temporal,0,beta_2,-0.19164101779460907
E05_mixture,S1,age_temporal,0,theta_0,-1.6061358451843262
E05_mixture,S1,age_temporal,0,theta_1,-1.4980376958847046
E05_mixture,S1,age_temporal,0,theta_2,-2.129021406173706
E05_mixture,S1,age_temporal,1,bce,0.4984412390114084
E05_mixture,S1,age_temporal,1,auroc,0.7229252692309556
E05_mixture,S1,age_temporal,1,auprc,0.4913069053947183
E05_mixture,S1,age_temporal,1,delta_bce_beta0,0.0017048982120896894
E05_mixture,S1,age_temporal,1,delta_bce_age_shuffle,0.009118548672085114
E05_mixture,S1,age_temporal,1,surface_rmse,0.22141515755408503
E05_mixture,S1,age_temporal,1,cf_rmse_age,0.21331901925007
E05_mixture,S1,age_temporal,1,cf_rmse_lag,0.19402486085566353
E05_mixture,S1,age_temporal,1,lambda_rmse,0.5253631917894404
E05_mixture,S1,age_temporal,1,abs_beta_mean,0.21362203918397427
E05_mixture,S1,age_temporal,1,beta_0,0.4426361322402954
E05_mixture,S1,age_temporal,1,beta_1,-0.169469952583313
E05_mixture,S1,age_temporal,1,beta_2,-0.0287600327283144
E05_mixture,S1,age_temporal,1,theta_0,-1.6204968690872192
E05_mixture,S1,age_temporal,1,theta_1,-1.4921998977661133
E05_mixture,S1,age_temporal,1,theta_2,-2.1103575229644775
E05_mixture,S1,age_temporal,2,bce,0.491754023380625
E05_mixture,S1,age_temporal,2,auroc,0.7316441694154288
E05_mixture,S1,age_temporal,2,auprc,0.5090010293083895
E05_mixture,S1,age_temporal,2,delta_bce_beta0,0.00044771628339246305
E05_mixture,S1,age_temporal,2,delta_bce_age_shuffle,0.012374277938680622
E05_mixture,S1,age_temporal,2,surface_rmse,0.1958321729578702
E05_mixture,S1,age_temporal,2,cf_rmse_age,0.19300482553272114
E05_mixture,S1,age_temporal,2,cf_rmse_lag,0.16910736308096555
E05_mixture,S1,age_temporal,2,lambda_rmse,0.520731324396419
E05_mixture,S1,age_temporal,2,abs_beta_mean,0.14446116300920644
E05_mixture,S1,age_temporal,2,beta_0,0.038015421479940414
E05_mixture,S1,age_temporal,2,beta_1,0.3833197057247162
E05_mixture,S1,age_temporal,2,beta_2,-0.012048361822962761
E05_mixture,S1,age_temporal,2,theta_0,-1.1966984272003174
E05_mixture,S1,age_temporal,2,theta_1,-2.023294687271118
E05_mixture,S1,age_temporal,2,theta_2,-2.003718852996826
E05_mixture,S1,age_temporal,3,bce,0.49670333979488596
E05_mixture,S1,age_temporal,3,auroc,0.7247019840975784
E05_mixture,S1,age_temporal,3,auprc,0.49643698505671313
E05_mixture,S1,age_temporal,3,delta_bce_beta0,0.0017642998879265903
E05_mixture,S1,age_temporal,3,delta_bce_age_shuffle,0.010662258309828865
E05_mixture,S1,age_temporal,3,surface_rmse,0.21161118798831124
E05_mixture,S1,age_temporal,3,cf_rmse_age,0.19473470665969525
E05_mixture,S1,age_temporal,3,cf_rmse_lag,0.16266943705681244
E05_mixture,S1,age_temporal,3,lambda_rmse,0.5371351116577012
E05_mixture,S1,age_temporal,3,abs_beta_mean,0.2537761727968852
E05_mixture,S1,age_temporal,3,beta_0,-0.11155745387077332
E05_mixture,S1,age_temporal,3,beta_1,0.39730527997016907
E05_mixture,S1,age_temporal,3,beta_2,-0.25246578454971313
E05_mixture,S1,age_temporal,3,theta_0,-2.171257495880127
E05_mixture,S1,age_temporal,3,theta_1,-1.4354721307754517
E05_mixture,S1,age_temporal,3,theta_2,-1.89087975025177
E05_mixture,S1,age_temporal,4,bce,0.4938096470270464
E05_mixture,S1,age_temporal,4,auroc,0.728711499494997
E05_mixture,S1,age_temporal,4,auprc,0.5033194613586729
E05_mixture,S1,age_temporal,4,delta_bce_beta0,0.0009306214187735917
E05_mixture,S1,age_temporal,4,delta_bce_age_shuffle,0.014400990803163094
E05_mixture,S1,age_temporal,4,surface_rmse,0.2019634895186064
E05_mixture,S1,age_temporal,4,cf_rmse_age,0.19246194204743042
E05_mixture,S1,age_temporal,4,cf_rmse_lag,0.1713392476311764
E05_mixture,S1,age_temporal,4,lambda_rmse,0.5220086618885893
E05_mixture,S1,age_temporal,4,abs_beta_mean,0.2280944064259529
E05_mixture,S1,age_temporal,4,beta_0,-0.17782121896743774
E05_mixture,S1,age_temporal,4,beta_1,0.4662752151489258
E05_mixture,S1,age_temporal,4,beta_2,-0.04018678516149521
E05_mixture,S1,age_temporal,4,theta_0,-2.1176705360412598
E05_mixture,S1,age_temporal,4,theta_1,-1.9215527772903442
E05_mixture,S1,age_temporal,4,theta_2,-1.2220888137817383
E05_mixture,S1,temporal_only,0,bce,0.49291012509727933
E05_mixture,S1,temporal_only,0,auroc,0.7306575162526214
E05_mixture,S1,temporal_only,0,auprc,0.506528585424631
E05_mixture,S1,temporal_only,0,delta_bce_beta0,0.0
E05_mixture,S1,temporal_only,0,delta_bce_age_shuffle,0.009186194457932728
E05_mixture,S1,temporal_only,0,surface_rmse,0.19627566884502046
E05_mixture,S1,temporal_only,0,cf_rmse_age,0.1839238067519651
E05_mixture,S1,temporal_only,0,cf_rmse_lag,0.1496786381467747
E05_mixture,S1,temporal_only,0,lambda_rmse,0.5338646750477078
E05_mixture,S1,temporal_only,0,abs_beta_mean,0.0
E05_mixture,S1,temporal_only,0,beta_0,0.0
E05_mixture,S1,temporal_only,0,beta_1,0.0
E05_mixture,S1,temporal_only,0,beta_2,0.0
E05_mixture,S1,temporal_only,0,theta_0,-1.177085518836975
E05_mixture,S1,temporal_only,0,theta_1,-2.1965441703796387
E05_mixture,S1,temporal_only,0,theta_2,-2.213087797164917
E05_mixture,S1,temporal_only,1,bce,0.49370378412408394
E05_mixture,S1,temporal_only,1,auroc,0.7288731590417532
E05_mixture,S1,temporal_only,1,auprc,0.5052674858446308
E05_mixture,S1,temporal_only,1,delta_bce_beta0,0.0
E05_mixture,S1,temporal_only,1,delta_bce_age_shuffle,0.007596232305403017
E05_mixture,S1,temporal_only,1,surface_rmse,0.2090353717141456
E05_mixture,S1,temporal_only,1,cf_rmse_age,0.21545370642038347
E05_mixture,S1,temporal_only,1,cf_rmse_lag,0.17230832130500948
E05_mixture,S1,temporal_only,1,lambda_rmse,0.5351637731817486
E05_mixture,S1,temporal_only,1,abs_beta_mean,0.0
E05_mixture,S1,temporal_only,1,beta_0,0.0
E05_mixture,S1,temporal_only,1,beta_1,0.0
E05_mixture,S1,temporal_only,1,beta_2,0.0
E05_mixture,S1,temporal_only,1,theta_0,-2.1603190898895264
E05_mixture,S1,temporal_only,1,theta_1,-1.1969308853149414
E05_mixture,S1,temporal_only,1,theta_2,-2.243340015411377
E05_mixture,S1,temporal_only,2,bce,0.49158005336383565
E05_mixture,S1,temporal_only,2,auroc,0.7318939945101253
E05_mixture,S1,temporal_only,2,auprc,0.5093481372788974
E05_mixture,S1,temporal_only,2,delta_bce_beta0,0.0
E05_mixture,S1,temporal_only,2,delta_bce_age_shuffle,0.011104808702600943
E05_mixture,S1,temporal_only,2,surface_rmse,0.19579377699295045
E05_mixture,S1,temporal_only,2,cf_rmse_age,0.19316456938558887
E05_mixture,S1,temporal_only,2,cf_rmse_lag,0.1681002151132642
E05_mixture,S1,temporal_only,2,lambda_rmse,0.5381413530138257
E05_mixture,S1,temporal_only,2,abs_beta_mean,0.0
E05_mixture,S1,temporal_only,2,beta_0,0.0
E05_mixture,S1,temporal_only,2,beta_1,0.0
E05_mixture,S1,temporal_only,2,beta_2,0.0
E05_mixture,S1,temporal_only,2,theta_0,-2.229307174682617
E05_mixture,S1,temporal_only,2,theta_1,-2.220536231994629
E05_mixture,S1,temporal_only,2,theta_2,-1.2152823209762573
E05_mixture,S1,temporal_only,3,bce,0.4937649827653167
E05_mixture,S1,temporal_only,3,auroc,0.7285802925367723
E05_mixture,S1,temporal_only,3,auprc,0.5041244658232752
E05_mixture,S1,temporal_only,3,delta_bce_beta0,0.0
E05_mixture,S1,temporal_only,3,delta_bce_age_shuffle,0.009393380582413513
E05_mixture,S1,temporal_only,3,surface_rmse,0.19423233743065738
E05_mixture,S1,temporal_only,3,cf_rmse_age,0.18532285577254368
E05_mixture,S1,temporal_only,3,cf_rmse_lag,0.14683721716707096
E05_mixture,S1,temporal_only,3,lambda_rmse,0.5395688544538738
E05_mixture,S1,temporal_only,3,abs_beta_mean,0.0
E05_mixture,S1,temporal_only,3,beta_0,0.0
E05_mixture,S1,temporal_only,3,beta_1,0.0
E05_mixture,S1,temporal_only,3,beta_2,0.0
E05_mixture,S1,temporal_only,3,theta_0,-2.2563514709472656
E05_mixture,S1,temporal_only,3,theta_1,-1.2259900569915771
E05_mixture,S1,temporal_only,3,theta_2,-2.212878465652466
E05_mixture,S1,temporal_only,4,bce,0.4922841726454621
E05_mixture,S1,temporal_only,4,auroc,0.7305879881949455
E05_mixture,S1,temporal_only,4,auprc,0.5075253469344663
E05_mixture,S1,temporal_only,4,delta_bce_beta0,0.0
E05_mixture,S1,temporal_only,4,delta_bce_age_shuffle,0.013282306252226483
E05_mixture,S1,temporal_only,4,surface_rmse,0.20402303975374134
E05_mixture,S1,temporal_only,4,cf_rmse_age,0.19621128950436342
E05_mixture,S1,temporal_only,4,cf_rmse_lag,0.16968249873865218
E05_mixture,S1,temporal_only,4,lambda_rmse,0.5388223658827068
E05_mixture,S1,temporal_only,4,abs_beta_mean,0.0
E05_mixture,S1,temporal_only,4,beta_0,0.0
E05_mixture,S1,temporal_only,4,beta_1,0.0
E05_mixture,S1,temporal_only,4,beta_2,0.0
E05_mixture,S1,temporal_only,4,theta_0,-2.2383062839508057
E05_mixture,S1,temporal_only,4,theta_1,-2.2651257514953613
E05_mixture,S1,temporal_only,4,theta_2,-1.2017709016799927
E05_mixture,S2,age_temporal,0,bce,0.4651026094755377
E05_mixture,S2,age_temporal,0,auroc,0.7539942430470614
E05_mixture,S2,age_temporal,0,auprc,0.5657187582308757
E05_mixture,S2,age_temporal,0,delta_bce_beta0,0.01289405017878048
E05_mixture,S2,age_temporal,0,delta_bce_age_shuffle,0.03728088341139546
E05_mixture,S2,age_temporal,0,surface_rmse,0.20919533024290876
E05_mixture,S2,age_temporal,0,cf_rmse_age,0.1674023482404072
E05_mixture,S2,age_temporal,0,cf_rmse_lag,0.17868115783570804
E05_mixture,S2,age_temporal,0,lambda_rmse,1.0756299096551079
E05_mixture,S2,age_temporal,0,lambda_corr,0.9996610160557042
E05_mixture,S2,age_temporal,0,abs_beta_mean,0.5767287810643514
E05_mixture,S2,age_temporal,0,beta_0,-0.8363243341445923
E05_mixture,S2,age_temporal,0,beta_1,0.5769875645637512
E05_mixture,S2,age_temporal,0,beta_2,-0.3168744444847107
E05_mixture,S2,age_temporal,0,theta_0,-1.269429087638855
E05_mixture,S2,age_temporal,0,theta_1,-2.1563704013824463
E05_mixture,S2,age_temporal,0,theta_2,-1.8672486543655396
E05_mixture,S2,age_temporal,1,bce,0.4645994312649968
E05_mixture,S2,age_temporal,1,auroc,0.75440072515135
E05_mixture,S2,age_temporal,1,auprc,0.5661275432326417
E05_mixture,S2,age_temporal,1,delta_bce_beta0,0.015137129415193573
E05_mixture,S2,age_temporal,1,delta_bce_age_shuffle,0.031773614906303704
E05_mixture,S2,age_temporal,1,surface_rmse,0.2125941944569372
E05_mixture,S2,age_temporal,1,cf_rmse_age,0.1592126028035594
E05_mixture,S2,age_temporal,1,cf_rmse_lag,0.1875202711404235
E05_mixture,S2,age_temporal,1,lambda_rmse,1.0887168283960724
E05_mixture,S2,age_temporal,1,lambda_corr,0.9994570433494667
E05_mixture,S2,age_temporal,1,abs_beta_mean,0.5148622939984003
E05_mixture,S2,age_temporal,1,beta_0,0.594847559928894
E05_mixture,S2,age_temporal,1,beta_1,-0.8362135887145996
E05_mixture,S2,age_temporal,1,beta_2,-0.11352573335170746
E05_mixture,S2,age_temporal,1,theta_0,-2.1526899337768555
E05_mixture,S2,age_temporal,1,theta_1,-1.294845461845398
E05_mixture,S2,age_temporal,1,theta_2,-2.0878078937530518
E05_mixture,S2,age_temporal,2,bce,0.46486274125443167
E05_mixture,S2,age_temporal,2,auroc,0.7541737207901842
E05_mixture,S2,age_temporal,2,auprc,0.5659640394332934
E05_mixture,S2,age_temporal,2,delta_bce_beta0,0.01384273353754012
E05_mixture,S2,age_temporal,2,delta_bce_age_shuffle,0.035922430081652135
E05_mixture,S2,age_temporal,2,surface_rmse,0.1918499588495831
E05_mixture,S2,age_temporal,2,cf_rmse_age,0.16091112924397413
E05_mixture,S2,age_temporal,2,cf_rmse_lag,0.16223090018190542
E05_mixture,S2,age_temporal,2,lambda_rmse,1.0838973986798075
E05_mixture,S2,age_temporal,2,lambda_corr,0.999782099348082
E05_mixture,S2,age_temporal,2,abs_beta_mean,0.5299268861611685
E05_mixture,S2,age_temporal,2,beta_0,-0.1664581596851349
E05_mixture,S2,age_temporal,2,beta_1,0.579334557056427
E05_mixture,S2,age_temporal,2,beta_2,-0.8439879417419434
E05_mixture,S2,age_temporal,2,theta_0,-2.017867088317871
E05_mixture,S2,age_temporal,2,theta_1,-2.1451492309570312
E05_mixture,S2,age_temporal,2,theta_2,-1.278540015220642
E05_mixture,S2,age_temporal,3,bce,0.464645182734457
E05_mixture,S2,age_temporal,3,auroc,0.7540815593918382
E05_mixture,S2,age_temporal,3,auprc,0.5660847004056246
E05_mixture,S2,age_temporal,3,delta_bce_beta0,0.012910068042347345
E05_mixture,S2,age_temporal,3,delta_bce_age_shuffle,0.034621092622684646
E05_mixture,S2,age_temporal,3,surface_rmse,0.2132005103166882
E05_mixture,S2,age_temporal,3,cf_rmse_age,0.187847642633717
E05_mixture,S2,age_temporal,3,cf_rmse_lag,0.18206108774619426
E05_mixture,S2,age_temporal,3,lambda_rmse,1.088299584196316
E05_mixture,S2,age_temporal,3,lambda_corr,0.9991428390350123
E05_mixture,S2,age_temporal,3,abs_beta_mean,0.503438264131546
E05_mixture,S2,age_temporal,3,beta_0,-0.08659186959266663
E05_mixture,S2,age_temporal,3,beta_1,0.5923888683319092
E05_mixture,S2,age_temporal,3,beta_2,-0.8313340544700623
E05_mixture,S2,age_temporal,3,theta_0,-2.083291530609131
E05_mixture,S2,age_temporal,3,theta_1,-2.1157193183898926
E05_mixture,S2,age_temporal,3,theta_2,-1.2915689945220947
E05_mixture,S2,age_temporal,4,bce,0.4651892213879679
E05_mixture,S2,age_temporal,4,auroc,0.7538455339673497
E05_mixture,S2,age_temporal,4,auprc,0.5661088260998492
E05_mixture,S2,age_temporal,4,delta_bce_beta0,0.010777546206290678
E05_mixture,S2,age_temporal,4,delta_bce_age_shuffle,0.04009893536069642
E05_mixture,S2,age_temporal,4,surface_rmse,0.22162946387277166
E05_mixture,S2,age_temporal,4,cf_rmse_age,0.1910000991627849
E05_mixture,S2,age_temporal,4,cf_rmse_lag,0.18317279966325542
E05_mixture,S2,age_temporal,4,lambda_rmse,1.0861924947332289
E05_mixture,S2,age_temporal,4,lambda_corr,0.9996995584188668
E05_mixture,S2,age_temporal,4,abs_beta_mean,0.4825054270525773
E05_mixture,S2,age_temporal,4,beta_0,-0.04835369065403938
E05_mixture,S2,age_temporal,4,beta_1,0.5642899870872498
E05_mixture,S2,age_temporal,4,beta_2,-0.8348726034164429
E05_mixture,S2,age_temporal,4,theta_0,-2.047746181488037
E05_mixture,S2,age_temporal,4,theta_1,-2.1832969188690186
E05_mixture,S2,age_temporal,4,theta_2,-1.2573151588439941
E05_mixture,S2,temporal_only,0,bce,0.4697783872463704
E05_mixture,S2,temporal_only,0,auroc,0.7504532588050872
E05_mixture,S2,temporal_only,0,auprc,0.555258007527088
E05_mixture,S2,temporal_only,0,delta_bce_beta0,0.0
E05_mixture,S2,temporal_only,0,delta_bce_age_shuffle,0.010169390788989818
E05_mixture,S2,temporal_only,0,surface_rmse,0.23702418546276383
E05_mixture,S2,temporal_only,0,cf_rmse_age,0.20293611137366172
E05_mixture,S2,temporal_only,0,cf_rmse_lag,0.17163829899466493
E05_mixture,S2,temporal_only,0,lambda_rmse,1.120024336792531
E05_mixture,S2,temporal_only,0,abs_beta_mean,0.0
E05_mixture,S2,temporal_only,0,beta_0,0.0
E05_mixture,S2,temporal_only,0,beta_1,0.0
E05_mixture,S2,temporal_only,0,beta_2,0.0
E05_mixture,S2,temporal_only,0,theta_0,-1.3060864210128784
E05_mixture,S2,temporal_only,0,theta_1,-2.1553847789764404
E05_mixture,S2,temporal_only,0,theta_2,-2.2477428913116455
E05_mixture,S2,temporal_only,1,bce,0.47045444470258835
E05_mixture,S2,temporal_only,1,auroc,0.7499212684921751
E05_mixture,S2,temporal_only,1,auprc,0.5529031172441689
E05_mixture,S2,temporal_only,1,delta_bce_beta0,0.0
E05_mixture,S2,temporal_only,1,delta_bce_age_shuffle,0.0076674378441422
E05_mixture,S2,temporal_only,1,surface_rmse,0.2519079241923418
E05_mixture,S2,temporal_only,1,cf_rmse_age,0.20646025942813226
E05_mixture,S2,temporal_only,1,cf_rmse_lag,0.18967230866253917
E05_mixture,S2,temporal_only,1,lambda_rmse,1.1133059849710432
E05_mixture,S2,temporal_only,1,abs_beta_mean,0.0
E05_mixture,S2,temporal_only,1,beta_0,0.0
E05_mixture,S2,temporal_only,1,beta_1,0.0
E05_mixture,S2,temporal_only,1,beta_2,0.0
E05_mixture,S2,temporal_only,1,theta_0,-1.3258997201919556
E05_mixture,S2,temporal_only,1,theta_1,-1.8686186075210571
E05_mixture,S2,temporal_only,1,theta_2,-2.260455369949341
E05_mixture,S2,temporal_only,2,bce,0.47050277436993737
E05_mixture,S2,temporal_only,2,auroc,0.7496063302073253
E05_mixture,S2,temporal_only,2,auprc,0.5537562112572484
E05_mixture,S2,temporal_only,2,delta_bce_beta0,0.0
E05_mixture,S2,temporal_only,2,delta_bce_age_shuffle,0.009011241171799578
E05_mixture,S2,temporal_only,2,surface_rmse,0.22546788892426747
E05_mixture,S2,temporal_only,2,cf_rmse_age,0.2013258676098463
E05_mixture,S2,temporal_only,2,cf_rmse_lag,0.1559200854639107
E05_mixture,S2,temporal_only,2,lambda_rmse,1.1135346565212318
E05_mixture,S2,temporal_only,2,abs_beta_mean,0.0
E05_mixture,S2,temporal_only,2,beta_0,0.0
E05_mixture,S2,temporal_only,2,beta_1,0.0
E05_mixture,S2,temporal_only,2,beta_2,0.0
E05_mixture,S2,temporal_only,2,theta_0,-1.3092455863952637
E05_mixture,S2,temporal_only,2,theta_1,-2.2502365112304688
E05_mixture,S2,temporal_only,2,theta_2,-1.9102004766464233
E05_mixture,S2,temporal_only,3,bce,0.4694958493206851
E05_mixture,S2,temporal_only,3,auroc,0.7505431483953104
E05_mixture,S2,temporal_only,3,auprc,0.5555675604814931
E05_mixture,S2,temporal_only,3,delta_bce_beta0,0.0
E05_mixture,S2,temporal_only,3,delta_bce_age_shuffle,0.009309022080468632
E05_mixture,S2,temporal_only,3,surface_rmse,0.23291084360968448
E05_mixture,S2,temporal_only,3,cf_rmse_age,0.206304246896228
E05_mixture,S2,temporal_only,3,cf_rmse_lag,0.17289932574313296
E05_mixture,S2,temporal_only,3,lambda_rmse,1.119503179733199
E05_mixture,S2,temporal_only,3,abs_beta_mean,0.0
E05_mixture,S2,temporal_only,3,beta_0,0.0
E05_mixture,S2,temporal_only,3,beta_1,0.0
E05_mixture,S2,temporal_only,3,beta_2,0.0
E05_mixture,S2,temporal_only,3,theta_0,-2.240065336227417
E05_mixture,S2,temporal_only,3,theta_1,-1.3257641792297363
E05_mixture,S2,temporal_only,3,theta_2,-2.102428674697876
E05_mixture,S2,temporal_only,4,bce,0.4702301603830851
E05_mixture,S2,temporal_only,4,auroc,0.7498798245362257
E05_mixture,S2,temporal_only,4,auprc,0.5557464021226097
E05_mixture,S2,temporal_only,4,delta_bce_beta0,0.0
E05_mixture,S2,temporal_only,4,delta_bce_age_shuffle,0.01366512886184118
E05_mixture,S2,temporal_only,4,surface_rmse,0.23817978038332063
E05_mixture,S2,temporal_only,4,cf_rmse_age,0.20723350963036605
E05_mixture,S2,temporal_only,4,cf_rmse_lag,0.17591429286522864
E05_mixture,S2,temporal_only,4,lambda_rmse,1.1173171141067517
E05_mixture,S2,temporal_only,4,abs_beta_mean,0.0
E05_mixture,S2,temporal_only,4,beta_0,0.0
E05_mixture,S2,temporal_only,4,beta_1,0.0
E05_mixture,S2,temporal_only,4,beta_2,0.0
E05_mixture,S2,temporal_only,4,theta_0,-2.272533416748047
E05_mixture,S2,temporal_only,4,theta_1,-2.0203983783721924
E05_mixture,S2,temporal_only,4,theta_2,-1.3111943006515503
E05_mixture,S3,age_temporal,0,bce,0.49839276456241227
E05_mixture,S3,age_temporal,0,auroc,0.7218217843113515
E05_mixture,S3,age_temporal,0,auprc,0.5084963157861941
E05_mixture,S3,age_temporal,0,delta_bce_beta0,0.008128974438346426
E05_mixture,S3,age_temporal,0,delta_bce_age_shuffle,0.01964378183985066
E05_mixture,S3,age_temporal,0,surface_rmse,0.1479169007417795
E05_mixture,S3,age_temporal,0,cf_rmse_age,0.13295178013638492
E05_mixture,S3,age_temporal,0,cf_rmse_lag,0.12505459870522725
E05_mixture,S3,age_temporal,0,lambda_rmse,1.097981597987999
E05_mixture,S3,age_temporal,0,lambda_corr,0.9990357410500906
E05_mixture,S3,age_temporal,0,abs_beta_mean,0.5038289924462637
E05_mixture,S3,age_temporal,0,beta_0,-0.2688917815685272
E05_mixture,S3,age_temporal,0,beta_1,0.934907853603363
E05_mixture,S3,age_temporal,0,beta_2,-0.30768734216690063
E05_mixture,S3,age_temporal,0,theta_0,-2.1874043941497803
E05_mixture,S3,age_temporal,0,theta_1,-1.4157048463821411
E05_mixture,S3,age_temporal,0,theta_2,-2.1718499660491943
E05_mixture,S3,age_temporal,1,bce,0.4986519162493604
E05_mixture,S3,age_temporal,1,auroc,0.7209696609312557
E05_mixture,S3,age_temporal,1,auprc,0.508397358786493
E05_mixture,S3,age_temporal,1,delta_bce_beta0,0.007551257054639382
E05_mixture,S3,age_temporal,1,delta_bce_age_shuffle,0.023904014280473673
E05_mixture,S3,age_temporal,1,surface_rmse,0.1535850477719244
E05_mixture,S3,age_temporal,1,cf_rmse_age,0.11855000320693755
E05_mixture,S3,age_temporal,1,cf_rmse_lag,0.1154871783031467
E05_mixture,S3,age_temporal,1,lambda_rmse,1.0962313739017038
E05_mixture,S3,age_temporal,1,lambda_corr,0.9994568187090279
E05_mixture,S3,age_temporal,1,abs_beta_mean,0.47506843507289886
E05_mixture,S3,age_temporal,1,beta_0,-0.28579068183898926
E05_mixture,S3,age_temporal,1,beta_1,-0.21209146082401276
E05_mixture,S3,age_temporal,1,beta_2,0.9273231625556946
E05_mixture,S3,age_temporal,1,theta_0,-2.12516450881958
E05_mixture,S3,age_temporal,1,theta_1,-2.1303422451019287
E05_mixture,S3,age_temporal,1,theta_2,-1.431113839149475
E05_mixture,S3,age_temporal,2,bce,0.4966137462949059
E05_mixture,S3,age_temporal,2,auroc,0.7245615916892892
E05_mixture,S3,age_temporal,2,auprc,0.5111893537944515
E05_mixture,S3,age_temporal,2,delta_bce_beta0,0.006885359678772407
E05_mixture,S3,age_temporal,2,delta_bce_age_shuffle,0.020135301292736385
E05_mixture,S3,age_temporal,2,surface_rmse,0.14985584837616556
E05_mixture,S3,age_temporal,2,cf_rmse_age,0.11956094509778767
E05_mixture,S3,age_temporal,2,cf_rmse_lag,0.10854685830812616
E05_mixture,S3,age_temporal,2,lambda_rmse,1.093991214402121
E05_mixture,S3,age_temporal,2,lambda_corr,0.9988885774114481
E05_mixture,S3,age_temporal,2,abs_beta_mean,0.4010094093779723
E05_mixture,S3,age_temporal,2,beta_0,-0.04435570165514946
E05_mixture,S3,age_temporal,2,beta_1,0.9317159056663513
E05_mixture,S3,age_temporal,2,beta_2,-0.22695662081241608
E05_mixture,S3,age_temporal,2,theta_0,-2.1970326900482178
E05_mixture,S3,age_temporal,2,theta_1,-1.4045344591140747
E05_mixture,S3,age_temporal,2,theta_2,-2.175779104232788
E05_mixture,S3,age_temporal,3,bce,0.4981219469790947
E05_mixture,S3,age_temporal,3,auroc,0.721830359043339
E05_mixture,S3,age_temporal,3,auprc,0.5078120518377507
E05_mixture,S3,age_temporal,3,delta_bce_beta0,0.007711406691868927
E05_mixture,S3,age_temporal,3,delta_bce_age_shuffle,0.01862281323637488
E05_mixture,S3,age_temporal,3,surface_rmse,0.16305883319725528
E05_mixture,S3,age_temporal,3,cf_rmse_age,0.13940446578409849
E05_mixture,S3,age_temporal,3,cf_rmse_lag,0.11271920735187373
E05_mixture,S3,age_temporal,3,lambda_rmse,1.0959995082723377
E05_mixture,S3,age_temporal,3,lambda_corr,0.9995363016113648
E05_mixture,S3,age_temporal,3,abs_beta_mean,0.43745145450035733
E05_mixture,S3,age_temporal,3,beta_0,-0.2885585427284241
E05_mixture,S3,age_temporal,3,beta_1,-0.08218929916620255
E05_mixture,S3,age_temporal,3,beta_2,0.9416065216064453
E05_mixture,S3,age_temporal,3,theta_0,-2.13946533203125
E05_mixture,S3,age_temporal,3,theta_1,-2.2238965034484863
E05_mixture,S3,age_temporal,3,theta_2,-1.424818992614746
E05_mixture,S3,age_temporal,4,bce,0.49860292069944806
E05_mixture,S3,age_temporal,4,auroc,0.7224999634744038
E05_mixture,S3,age_temporal,4,auprc,0.507258986084238
E05_mixture,S3,age_temporal,4,delta_bce_beta0,0.009492855370601794
E05_mixture,S3,age_temporal,4,delta_bce_age_shuffle,0.01810620870713381
E05_mixture,S3,age_temporal,4,surface_rmse,0.1598323879915211
E05_mixture,S3,age_temporal,4,cf_rmse_age,0.1451210397824455
E05_mixture,S3,age_temporal,4,cf_rmse_lag,0.12225515541918962
E05_mixture,S3,age_temporal,4,lambda_rmse,1.0962592027739786
E05_mixture,S3,age_temporal,4,lambda_corr,0.9987114275032561
E05_mixture,S3,age_temporal,4,abs_beta_mean,0.5178013841311137
E05_mixture,S3,age_temporal,4,beta_0,-0.27435502409935
E05_mixture,S3,age_temporal,4,beta_1,0.9554134011268616
E05_mixture,S3,age_temporal,4,beta_2,-0.3236357271671295
E05_mixture,S3,age_temporal,4,theta_0,-2.1835155487060547
E05_mixture,S3,age_temporal,4,theta_1,-1.406604528427124
E05_mixture,S3,age_temporal,4,theta_2,-2.1590731143951416
E05_mixture,S3,temporal_only,0,bce,0.5037266557745009
E05_mixture,S3,temporal_only,0,auroc,0.717598826935959
E05_mixture,S3,temporal_only,0,auprc,0.4940523204390277
E05_mixture,S3,temporal_only,0,delta_bce_beta0,0.0
E05_mixture,S3,temporal_only,0,delta_bce_age_shuffle,0.008937335666550972
E05_mixture,S3,temporal_only,0,surface_rmse,0.1540693445680135
E05_mixture,S3,temporal_only,0,cf_rmse_age,0.13851501607760078
E05_mixture,S3,temporal_only,0,cf_rmse_lag,0.12135384256833959
E05_mixture,S3,temporal_only,0,lambda_rmse,1.122745583311588
E05_mixture,S3,temporal_only,0,abs_beta_mean,0.0
E05_mixture,S3,temporal_only,0,beta_0,0.0
E05_mixture,S3,temporal_only,0,beta_1,0.0
E05_mixture,S3,temporal_only,0,beta_2,0.0
E05_mixture,S3,temporal_only,0,theta_0,-2.06480073928833
E05_mixture,S3,temporal_only,0,theta_1,-2.2042109966278076
E05_mixture,S3,temporal_only,0,theta_2,-1.4319761991500854
E05_mixture,S3,temporal_only,1,bce,0.5030820300660598
E05_mixture,S3,temporal_only,1,auroc,0.7178001308234188
E05_mixture,S3,temporal_only,1,auprc,0.49703819260550675
E05_mixture,S3,temporal_only,1,delta_bce_beta0,0.0
E05_mixture,S3,temporal_only,1,delta_bce_age_shuffle,0.010344538865090347
E05_mixture,S3,temporal_only,1,surface_rmse,0.1565600715628238
E05_mixture,S3,temporal_only,1,cf_rmse_age,0.12459650094010284
E05_mixture,S3,temporal_only,1,cf_rmse_lag,0.11909405780139014
E05_mixture,S3,temporal_only,1,lambda_rmse,1.119798992114806
E05_mixture,S3,temporal_only,1,abs_beta_mean,0.0
E05_mixture,S3,temporal_only,1,beta_0,0.0
E05_mixture,S3,temporal_only,1,beta_1,0.0
E05_mixture,S3,temporal_only,1,beta_2,0.0
E05_mixture,S3,temporal_only,1,theta_0,-1.389880895614624
E05_mixture,S3,temporal_only,1,theta_1,-2.0068564414978027
E05_mixture,S3,temporal_only,1,theta_2,-2.229627847671509
E05_mixture,S3,temporal_only,2,bce,0.5025364018622547
E05_mixture,S3,temporal_only,2,auroc,0.7189995344833973
E05_mixture,S3,temporal_only,2,auprc,0.4959476646181128
E05_mixture,S3,temporal_only,2,delta_bce_beta0,0.0
E05_mixture,S3,temporal_only,2,delta_bce_age_shuffle,0.009446900214144627
E05_mixture,S3,temporal_only,2,surface_rmse,0.1749268939178538
E05_mixture,S3,temporal_only,2,cf_rmse_age,0.14229292331503118
E05_mixture,S3,temporal_only,2,cf_rmse_lag,0.11243249187161847
E05_mixture,S3,temporal_only,2,lambda_rmse,1.1230609939260805
E05_mixture,S3,temporal_only,2,abs_beta_mean,0.0
E05_mixture,S3,temporal_only,2,beta_0,0.0
E05_mixture,S3,temporal_only,2,beta_1,0.0
E05_mixture,S3,temporal_only,2,beta_2,0.0
E05_mixture,S3,temporal_only,2,theta_0,-2.000638961791992
E05_mixture,S3,temporal_only,2,theta_1,-2.2068300247192383
E05_mixture,S3,temporal_only,2,theta_2,-1.4768840074539185
E05_mixture,S3,temporal_only,3,bce,0.503769917399039
E05_mixture,S3,temporal_only,3,auroc,0.7164621746135743
E05_mixture,S3,temporal_only,3,auprc,0.49358759074994085
E05_mixture,S3,temporal_only,3,delta_bce_beta0,0.0
E05_mixture,S3,temporal_only,3,delta_bce_age_shuffle,0.008351745912994146
E05_mixture,S3,temporal_only,3,surface_rmse,0.1754581560424571
E05_mixture,S3,temporal_only,3,cf_rmse_age,0.15523391962592542
E05_mixture,S3,temporal_only,3,cf_rmse_lag,0.1157369533287364
E05_mixture,S3,temporal_only,3,lambda_rmse,1.1277860362740961
E05_mixture,S3,temporal_only,3,abs_beta_mean,0.0
E05_mixture,S3,temporal_only,3,beta_0,0.0
E05_mixture,S3,temporal_only,3,beta_1,0.0
E05_mixture,S3,temporal_only,3,beta_2,0.0
E05_mixture,S3,temporal_only,3,theta_0,-1.5143005847930908
E05_mixture,S3,temporal_only,3,theta_1,-2.214170217514038
E05_mixture,S3,temporal_only,3,theta_2,-2.1090643405914307
E05_mixture,S3,temporal_only,4,bce,0.5046731521443104
E05_mixture,S3,temporal_only,4,auroc,0.7161730106155376
E05_mixture,S3,temporal_only,4,auprc,0.4897923496292709
E05_mixture,S3,temporal_only,4,delta_bce_beta0,0.0
E05_mixture,S3,temporal_only,4,delta_bce_age_shuffle,0.009884246840219935
E05_mixture,S3,temporal_only,4,surface_rmse,0.17458660549557362
E05_mixture,S3,temporal_only,4,cf_rmse_age,0.15427818766428722
E05_mixture,S3,temporal_only,4,cf_rmse_lag,0.12535305338356584
E05_mixture,S3,temporal_only,4,lambda_rmse,1.128701418849399
E05_mixture,S3,temporal_only,4,abs_beta_mean,0.0
E05_mixture,S3,temporal_only,4,beta_0,0.0
E05_mixture,S3,temporal_only,4,beta_1,0.0
E05_mixture,S3,temporal_only,4,beta_2,0.0
E05_mixture,S3,temporal_only,4,theta_0,-2.214535713195801
E05_mixture,S3,temporal_only,4,theta_1,-2.2011449337005615
E05_mixture,S3,temporal_only,4,theta_2,-1.4827816486358643
E06_integrated_hazard,S0,age_temporal,0,bce,0.5101128077682469
E06_integrated_hazard,S0,age_temporal,0,auroc,0.7006589168085915
E06_integrated_hazard,S0,age_temporal,0,auprc,0.45598107911044355
E06_integrated_hazard,S0,age_temporal,0,delta_bce_beta0,0.007313621982740215
E06_integrated_hazard,S0,age_temporal,0,delta_bce_age_shuffle,0.007025464618235278
E06_integrated_hazard,S0,age_temporal,0,surface_rmse,0.18160231198273336
E06_integrated_hazard,S0,age_temporal,0,cf_rmse_age,0.15973568806039465
E06_integrated_hazard,S0,age_temporal,0,cf_rmse_lag,0.1607659819957737
E06_integrated_hazard,S0,age_temporal,0,abs_beta_mean,0.7324311435222626
E06_integrated_hazard,S0,age_temporal,0,beta_0,0.6696892976760864
E06_integrated_hazard,S0,age_temporal,0,beta_1,0.7995721697807312
E06_integrated_hazard,S0,age_temporal,0,beta_2,0.8443630337715149
E06_integrated_hazard,S0,age_temporal,0,beta_3,0.6161000728607178
E06_integrated_hazard,S0,age_temporal,0,theta0,-1.2843878269195557
E06_integrated_hazard,S0,age_temporal,1,bce,0.5112473873562704
E06_integrated_hazard,S0,age_temporal,1,auroc,0.6986272951356145
E06_integrated_hazard,S0,age_temporal,1,auprc,0.4544504660826482
E06_integrated_hazard,S0,age_temporal,1,delta_bce_beta0,0.008393118711542136
E06_integrated_hazard,S0,age_temporal,1,delta_bce_age_shuffle,0.005365451327720039
E06_integrated_hazard,S0,age_temporal,1,surface_rmse,0.22422213402651764
E06_integrated_hazard,S0,age_temporal,1,cf_rmse_age,0.20688494183686457
E06_integrated_hazard,S0,age_temporal,1,cf_rmse_lag,0.2109865707905187
E06_integrated_hazard,S0,age_temporal,1,abs_beta_mean,0.7515308260917664
E06_integrated_hazard,S0,age_temporal,1,beta_0,0.6609023809432983
E06_integrated_hazard,S0,age_temporal,1,beta_1,0.8250735998153687
E06_integrated_hazard,S0,age_temporal,1,beta_2,0.8942631483078003
E06_integrated_hazard,S0,age_temporal,1,beta_3,0.6258841753005981
E06_integrated_hazard,S0,age_temporal,1,theta0,-1.2449787855148315
E06_integrated_hazard,S0,age_temporal,2,bce,0.5106869674555289
E06_integrated_hazard,S0,age_temporal,2,auroc,0.6992032782876124
E06_integrated_hazard,S0,age_temporal,2,auprc,0.45478877662809714
E06_integrated_hazard,S0,age_temporal,2,delta_bce_beta0,0.008649649777117463
E06_integrated_hazard,S0,age_temporal,2,delta_bce_age_shuffle,0.008638395698332912
E06_integrated_hazard,S0,age_temporal,2,surface_rmse,0.2304264967204654
E06_integrated_hazard,S0,age_temporal,2,cf_rmse_age,0.21858423371782634
E06_integrated_hazard,S0,age_temporal,2,cf_rmse_lag,0.20971553280909924
E06_integrated_hazard,S0,age_temporal,2,abs_beta_mean,0.7481330335140228
E06_integrated_hazard,S0,age_temporal,2,beta_0,0.7080435156822205
E06_integrated_hazard,S0,age_temporal,2,beta_1,0.825912356376648
E06_integrated_hazard,S0,age_temporal,2,beta_2,0.8808600306510925
E06_integrated_hazard,S0,age_temporal,2,beta_3,0.5777162313461304
E06_integrated_hazard,S0,age_temporal,2,theta0,-1.2396438121795654
E06_integrated_hazard,S0,age_temporal,3,bce,0.5103846061461556
E06_integrated_hazard,S0,age_temporal,3,auroc,0.7004850735545953
E06_integrated_hazard,S0,age_temporal,3,auprc,0.4570997250440058
E06_integrated_hazard,S0,age_temporal,3,delta_bce_beta0,0.007164765568602682
E06_integrated_hazard,S0,age_temporal,3,delta_bce_age_shuffle,0.009275976645761186
E06_integrated_hazard,S0,age_temporal,3,surface_rmse,0.20138412939989678
E06_integrated_hazard,S0,age_temporal,3,cf_rmse_age,0.1888736138158384
E06_integrated_hazard,S0,age_temporal,3,cf_rmse_lag,0.1774663188951905
E06_integrated_hazard,S0,age_temporal,3,abs_beta_mean,0.7450443357229233
E06_integrated_hazard,S0,age_temporal,3,beta_0,0.5610135197639465
E06_integrated_hazard,S0,age_temporal,3,beta_1,0.7858257293701172
E06_integrated_hazard,S0,age_temporal,3,beta_2,0.9094530344009399
E06_integrated_hazard,S0,age_temporal,3,beta_3,0.7238850593566895
E06_integrated_hazard,S0,age_temporal,3,theta0,-1.2479907274246216
E06_integrated_hazard,S0,age_temporal,4,bce,0.5111822871325896
E06_integrated_hazard,S0,age_temporal,4,auroc,0.6991922527223764
E06_integrated_hazard,S0,age_temporal,4,auprc,0.45304394571691653
E06_integrated_hazard,S0,age_temporal,4,delta_bce_beta0,0.007928907630497584
E06_integrated_hazard,S0,age_temporal,4,delta_bce_age_shuffle,0.010264080967289146
E06_integrated_hazard,S0,age_temporal,4,surface_rmse,0.21233726767527314
E06_integrated_hazard,S0,age_temporal,4,cf_rmse_age,0.20755438185054673
E06_integrated_hazard,S0,age_temporal,4,cf_rmse_lag,0.19866551009826314
E06_integrated_hazard,S0,age_temporal,4,abs_beta_mean,0.7368226200342178
E06_integrated_hazard,S0,age_temporal,4,beta_0,0.6814479827880859
E06_integrated_hazard,S0,age_temporal,4,beta_1,0.8209404945373535
E06_integrated_hazard,S0,age_temporal,4,beta_2,0.8711151480674744
E06_integrated_hazard,S0,age_temporal,4,beta_3,0.5737868547439575
E06_integrated_hazard,S0,age_temporal,4,theta0,-1.2729305028915405
E06_integrated_hazard,S0,temporal_only,0,bce,0.514283776035715
E06_integrated_hazard,S0,temporal_only,0,auroc,0.6948482459967814
E06_integrated_hazard,S0,temporal_only,0,auprc,0.44376126858222315
E06_integrated_hazard,S0,temporal_only,0,delta_bce_beta0,0.0
E06_integrated_hazard,S0,temporal_only,0,delta_bce_age_shuffle,0.0072625589628603215
E06_integrated_hazard,S0,temporal_only,0,surface_rmse,0.17946295421474878
E06_integrated_hazard,S0,temporal_only,0,cf_rmse_age,0.15836217016975285
E06_integrated_hazard,S0,temporal_only,0,cf_rmse_lag,0.15489764080895418
E06_integrated_hazard,S0,temporal_only,0,abs_beta_mean,0.0
E06_integrated_hazard,S0,temporal_only,0,beta_0,0.0
E06_integrated_hazard,S0,temporal_only,0,beta_1,0.0
E06_integrated_hazard,S0,temporal_only,0,beta_2,0.0
E06_integrated_hazard,S0,temporal_only,0,beta_3,0.0
E06_integrated_hazard,S0,temporal_only,0,theta0,-1.256601333618164
E06_integrated_hazard,S0,temporal_only,1,bce,0.5160347547051785
E06_integrated_hazard,S0,temporal_only,1,auroc,0.6924621299202562
E06_integrated_hazard,S0,temporal_only,1,auprc,0.4404629077862732
E06_integrated_hazard,S0,temporal_only,1,delta_bce_beta0,0.0
E06_integrated_hazard,S0,temporal_only,1,delta_bce_age_shuffle,0.005583045685727983
E06_integrated_hazard,S0,temporal_only,1,surface_rmse,0.2237920093878027
E06_integrated_hazard,S0,temporal_only,1,cf_rmse_age,0.19982888852101047
E06_integrated_hazard,S0,temporal_only,1,cf_rmse_lag,0.20754829558871793
E06_integrated_hazard,S0,temporal_only,1,abs_beta_mean,0.0
E06_integrated_hazard,S0,temporal_only,1,beta_0,0.0
E06_integrated_hazard,S0,temporal_only,1,beta_1,0.0
E06_integrated_hazard,S0,temporal_only,1,beta_2,0.0
E06_integrated_hazard,S0,temporal_only,1,beta_3,0.0
E06_integrated_hazard,S0,temporal_only,1,theta0,-1.2527071237564087
E06_integrated_hazard,S0,temporal_only,2,bce,0.5148909346701048
E06_integrated_hazard,S0,temporal_only,2,auroc,0.6934085911243417
E06_integrated_hazard,S0,temporal_only,2,auprc,0.44226754496990245
E06_integrated_hazard,S0,temporal_only,2,delta_bce_beta0,0.0
E06_integrated_hazard,S0,temporal_only,2,delta_bce_age_shuffle,0.008995328661929203
E06_integrated_hazard,S0,temporal_only,2,surface_rmse,0.23086964834145643
E06_integrated_hazard,S0,temporal_only,2,cf_rmse_age,0.21586719568023008
E06_integrated_hazard,S0,temporal_only,2,cf_rmse_lag,0.2083116802217364
E06_integrated_hazard,S0,temporal_only,2,abs_beta_mean,0.0
E06_integrated_hazard,S0,temporal_only,2,beta_0,0.0
E06_integrated_hazard,S0,temporal_only,2,beta_1,0.0
E06_integrated_hazard,S0,temporal_only,2,beta_2,0.0
E06_integrated_hazard,S0,temporal_only,2,beta_3,0.0
E06_integrated_hazard,S0,temporal_only,2,theta0,-1.192366600036621
E06_integrated_hazard,S0,temporal_only,3,bce,0.5147623683383115
E06_integrated_hazard,S0,temporal_only,3,auroc,0.6944610732058434
E06_integrated_hazard,S0,temporal_only,3,auprc,0.4443700567181068
E06_integrated_hazard,S0,temporal_only,3,delta_bce_beta0,0.0
E06_integrated_hazard,S0,temporal_only,3,delta_bce_age_shuffle,0.00956923639073981
E06_integrated_hazard,S0,temporal_only,3,surface_rmse,0.20264617070300753
E06_integrated_hazard,S0,temporal_only,3,cf_rmse_age,0.1835201661301582
E06_integrated_hazard,S0,temporal_only,3,cf_rmse_lag,0.17501567169953003
E06_integrated_hazard,S0,temporal_only,3,abs_beta_mean,0.0
E06_integrated_hazard,S0,temporal_only,3,beta_0,0.0
E06_integrated_hazard,S0,temporal_only,3,beta_1,0.0
E06_integrated_hazard,S0,temporal_only,3,beta_2,0.0
E06_integrated_hazard,S0,temporal_only,3,beta_3,0.0
E06_integrated_hazard,S0,temporal_only,3,theta0,-1.2118459939956665
E06_integrated_hazard,S0,temporal_only,4,bce,0.5153848923737705
E06_integrated_hazard,S0,temporal_only,4,auroc,0.6933432514548272
E06_integrated_hazard,S0,temporal_only,4,auprc,0.4405210802748468
E06_integrated_hazard,S0,temporal_only,4,delta_bce_beta0,0.0
E06_integrated_hazard,S0,temporal_only,4,delta_bce_age_shuffle,0.010519241979845328
E06_integrated_hazard,S0,temporal_only,4,surface_rmse,0.2133128506104391
E06_integrated_hazard,S0,temporal_only,4,cf_rmse_age,0.20777493782691417
E06_integrated_hazard,S0,temporal_only,4,cf_rmse_lag,0.1972486381984157
E06_integrated_hazard,S0,temporal_only,4,abs_beta_mean,0.0
E06_integrated_hazard,S0,temporal_only,4,beta_0,0.0
E06_integrated_hazard,S0,temporal_only,4,beta_1,0.0
E06_integrated_hazard,S0,temporal_only,4,beta_2,0.0
E06_integrated_hazard,S0,temporal_only,4,beta_3,0.0
E06_integrated_hazard,S0,temporal_only,4,theta0,-1.2404907941818237
E06_integrated_hazard,S1,age_temporal,0,bce,0.5033493111340254
E06_integrated_hazard,S1,age_temporal,0,auroc,0.716861522843928
E06_integrated_hazard,S1,age_temporal,0,auprc,0.4771678291717611
E06_integrated_hazard,S1,age_temporal,0,delta_bce_beta0,0.006600587179315998
E06_integrated_hazard,S1,age_temporal,0,delta_bce_age_shuffle,0.0090103344899366
E06_integrated_hazard,S1,age_temporal,0,surface_rmse,0.20778230381100543
E06_integrated_hazard,S1,age_temporal,0,cf_rmse_age,0.22097687654358408
E06_integrated_hazard,S1,age_temporal,0,cf_rmse_lag,0.1731684030004933
E06_integrated_hazard,S1,age_temporal,0,abs_beta_mean,0.7142454534769058
E06_integrated_hazard,S1,age_temporal,0,beta_0,0.5708910226821899
E06_integrated_hazard,S1,age_temporal,0,beta_1,0.6965212225914001
E06_integrated_hazard,S1,age_temporal,0,beta_2,0.8552111983299255
E06_integrated_hazard,S1,age_temporal,0,beta_3,0.7343583703041077
E06_integrated_hazard,S1,age_temporal,0,theta0,-1.2990949153900146
E06_integrated_hazard,S1,age_temporal,1,bce,0.5044641178269722
E06_integrated_hazard,S1,age_temporal,1,auroc,0.7146518902220487
E06_integrated_hazard,S1,age_temporal,1,auprc,0.47414736034010596
E06_integrated_hazard,S1,age_temporal,1,delta_bce_beta0,0.00726497764399503
E06_integrated_hazard,S1,age_temporal,1,delta_bce_age_shuffle,0.007988590788838734
E06_integrated_hazard,S1,age_temporal,1,surface_rmse,0.2229808844042235
E06_integrated_hazard,S1,age_temporal,1,cf_rmse_age,0.24052509677637493
E06_integrated_hazard,S1,age_temporal,1,cf_rmse_lag,0.19896076177593675
E06_integrated_hazard,S1,age_temporal,1,abs_beta_mean,0.6752579808235168
E06_integrated_hazard,S1,age_temporal,1,beta_0,0.5092028975486755
E06_integrated_hazard,S1,age_temporal,1,beta_1,0.689188539981842
E06_integrated_hazard,S1,age_temporal,1,beta_2,0.8357972502708435
E06_integrated_hazard,S1,age_temporal,1,beta_3,0.6668432354927063
E06_integrated_hazard,S1,age_temporal,1,theta0,-1.3404591083526611
E06_integrated_hazard,S1,age_temporal,2,bce,0.503344980693632
E06_integrated_hazard,S1,age_temporal,2,auroc,0.7160893370723546
E06_integrated_hazard,S1,age_temporal,2,auprc,0.47728603964037636
E06_integrated_hazard,S1,age_temporal,2,delta_bce_beta0,0.006560158562145535
E06_integrated_hazard,S1,age_temporal,2,delta_bce_age_shuffle,0.008780704524794847
E06_integrated_hazard,S1,age_temporal,2,surface_rmse,0.23059832411081232
E06_integrated_hazard,S1,age_temporal,2,cf_rmse_age,0.2404088442260776
E06_integrated_hazard,S1,age_temporal,2,cf_rmse_lag,0.19605735311677436
E06_integrated_hazard,S1,age_temporal,2,abs_beta_mean,0.6809709668159485
E06_integrated_hazard,S1,age_temporal,2,beta_0,0.5587061047554016
E06_integrated_hazard,S1,age_temporal,2,beta_1,0.714481770992279
E06_integrated_hazard,S1,age_temporal,2,beta_2,0.8322058916091919
E06_integrated_hazard,S1,age_temporal,2,beta_3,0.6184900999069214
E06_integrated_hazard,S1,age_temporal,2,theta0,-1.3103786706924438
E06_integrated_hazard,S1,age_temporal,3,bce,0.5028907053472141
E06_integrated_hazard,S1,age_temporal,3,auroc,0.7162540696152208
E06_integrated_hazard,S1,age_temporal,3,auprc,0.4778823672142533
E06_integrated_hazard,S1,age_temporal,3,delta_bce_beta0,0.007792807575639715
E06_integrated_hazard,S1,age_temporal,3,delta_bce_age_shuffle,0.010624688368696233
E06_integrated_hazard,S1,age_temporal,3,surface_rmse,0.20151138146052142
E06_integrated_hazard,S1,age_temporal,3,cf_rmse_age,0.19599836795362124
E06_integrated_hazard,S1,age_temporal,3,cf_rmse_lag,0.16368206769313057
E06_integrated_hazard,S1,age_temporal,3,abs_beta_mean,0.6973410919308662
E06_integrated_hazard,S1,age_temporal,3,beta_0,0.41929516196250916
E06_integrated_hazard,S1,age_temporal,3,beta_1,0.7057356238365173
E06_integrated_hazard,S1,age_temporal,3,beta_2,0.8791632652282715
E06_integrated_hazard,S1,age_temporal,3,beta_3,0.785170316696167
E06_integrated_hazard,S1,age_temporal,3,theta0,-1.2894775867462158
E06_integrated_hazard,S1,age_temporal,4,bce,0.5036614799758958
E06_integrated_hazard,S1,age_temporal,4,auroc,0.715110727714092
E06_integrated_hazard,S1,age_temporal,4,auprc,0.4766292333748033
E06_integrated_hazard,S1,age_temporal,4,delta_bce_beta0,0.0077660472737064445
E06_integrated_hazard,S1,age_temporal,4,delta_bce_age_shuffle,0.010628764898551468
E06_integrated_hazard,S1,age_temporal,4,surface_rmse,0.22089889502164978
E06_integrated_hazard,S1,age_temporal,4,cf_rmse_age,0.22072898747180356
E06_integrated_hazard,S1,age_temporal,4,cf_rmse_lag,0.18472155959005648
E06_integrated_hazard,S1,age_temporal,4,abs_beta_mean,0.6984506547451019
E06_integrated_hazard,S1,age_temporal,4,beta_0,0.5319064855575562
E06_integrated_hazard,S1,age_temporal,4,beta_1,0.7307170629501343
E06_integrated_hazard,S1,age_temporal,4,beta_2,0.8507248759269714
E06_integrated_hazard,S1,age_temporal,4,beta_3,0.6804541945457458
E06_integrated_hazard,S1,age_temporal,4,theta0,-1.3032153844833374
E06_integrated_hazard,S1,temporal_only,0,bce,0.506679335732685
E06_integrated_hazard,S1,temporal_only,0,auroc,0.7120922912751455
E06_integrated_hazard,S1,temporal_only,0,auprc,0.4670523016815702
E06_integrated_hazard,S1,temporal_only,0,delta_bce_beta0,0.0
E06_integrated_hazard,S1,temporal_only,0,delta_bce_age_shuffle,0.008963590824604295
E06_integrated_hazard,S1,temporal_only,0,surface_rmse,0.2064308239086116
E06_integrated_hazard,S1,temporal_only,0,cf_rmse_age,0.2171647039811136
E06_integrated_hazard,S1,temporal_only,0,cf_rmse_lag,0.17168299714604562
E06_integrated_hazard,S1,temporal_only,0,abs_beta_mean,0.0
E06_integrated_hazard,S1,temporal_only,0,beta_0,0.0
E06_integrated_hazard,S1,temporal_only,0,beta_1,0.0
E06_integrated_hazard,S1,temporal_only,0,beta_2,0.0
E06_integrated_hazard,S1,temporal_only,0,beta_3,0.0
E06_integrated_hazard,S1,temporal_only,0,theta0,-1.2475016117095947
E06_integrated_hazard,S1,temporal_only,1,bce,0.5078100397745923
E06_integrated_hazard,S1,temporal_only,1,auroc,0.7095964709878122
E06_integrated_hazard,S1,temporal_only,1,auprc,0.46445516648021706
E06_integrated_hazard,S1,temporal_only,1,delta_bce_beta0,0.0
E06_integrated_hazard,S1,temporal_only,1,delta_bce_age_shuffle,0.007972162815750639
E06_integrated_hazard,S1,temporal_only,1,surface_rmse,0.2208342791837898
E06_integrated_hazard,S1,temporal_only,1,cf_rmse_age,0.23417496758319295
E06_integrated_hazard,S1,temporal_only,1,cf_rmse_lag,0.19618882434323082
E06_integrated_hazard,S1,temporal_only,1,abs_beta_mean,0.0
E06_integrated_hazard,S1,temporal_only,1,beta_0,0.0
E06_integrated_hazard,S1,temporal_only,1,beta_1,0.0
E06_integrated_hazard,S1,temporal_only,1,beta_2,0.0
E06_integrated_hazard,S1,temporal_only,1,beta_3,0.0
E06_integrated_hazard,S1,temporal_only,1,theta0,-1.302117109298706
E06_integrated_hazard,S1,temporal_only,2,bce,0.5063119467426285
E06_integrated_hazard,S1,temporal_only,2,auroc,0.7120460284500949
E06_integrated_hazard,S1,temporal_only,2,auprc,0.4681376896936615
E06_integrated_hazard,S1,temporal_only,2,delta_bce_beta0,0.0
E06_integrated_hazard,S1,temporal_only,2,delta_bce_age_shuffle,0.008939060200827798
E06_integrated_hazard,S1,temporal_only,2,surface_rmse,0.22865938124764768
E06_integrated_hazard,S1,temporal_only,2,cf_rmse_age,0.23263151049318284
E06_integrated_hazard,S1,temporal_only,2,cf_rmse_lag,0.1930365590528469
E06_integrated_hazard,S1,temporal_only,2,abs_beta_mean,0.0
E06_integrated_hazard,S1,temporal_only,2,beta_0,0.0
E06_integrated_hazard,S1,temporal_only,2,beta_1,0.0
E06_integrated_hazard,S1,temporal_only,2,beta_2,0.0
E06_integrated_hazard,S1,temporal_only,2,beta_3,0.0
E06_integrated_hazard,S1,temporal_only,2,theta0,-1.2546740770339966
E06_integrated_hazard,S1,temporal_only,3,bce,0.5062173729762455
E06_integrated_hazard,S1,temporal_only,3,auroc,0.7114834974123475
E06_integrated_hazard,S1,temporal_only,3,auprc,0.4681121143082413
E06_integrated_hazard,S1,temporal_only,3,delta_bce_beta0,0.0
E06_integrated_hazard,S1,temporal_only,3,delta_bce_age_shuffle,0.01077178230138054
E06_integrated_hazard,S1,temporal_only,3,surface_rmse,0.19941181123874618
E06_integrated_hazard,S1,temporal_only,3,cf_rmse_age,0.1883610809028755
E06_integrated_hazard,S1,temporal_only,3,cf_rmse_lag,0.16069435716642547
E06_integrated_hazard,S1,temporal_only,3,abs_beta_mean,0.0
E06_integrated_hazard,S1,temporal_only,3,beta_0,0.0
E06_integrated_hazard,S1,temporal_only,3,beta_1,0.0
E06_integrated_hazard,S1,temporal_only,3,beta_2,0.0
E06_integrated_hazard,S1,temporal_only,3,beta_3,0.0
E06_integrated_hazard,S1,temporal_only,3,theta0,-1.241513967514038
E06_integrated_hazard,S1,temporal_only,4,bce,0.5068833620140326
E06_integrated_hazard,S1,temporal_only,4,auroc,0.7103942869581383
E06_integrated_hazard,S1,temporal_only,4,auprc,0.46708970825545926
E06_integrated_hazard,S1,temporal_only,4,delta_bce_beta0,0.0
E06_integrated_hazard,S1,temporal_only,4,delta_bce_age_shuffle,0.01063985508031351
E06_integrated_hazard,S1,temporal_only,4,surface_rmse,0.2189374080853791
E06_integrated_hazard,S1,temporal_only,4,cf_rmse_age,0.2135619376371537
E06_integrated_hazard,S1,temporal_only,4,cf_rmse_lag,0.18193046503315244
E06_integrated_hazard,S1,temporal_only,4,abs_beta_mean,0.0
E06_integrated_hazard,S1,temporal_only,4,beta_0,0.0
E06_integrated_hazard,S1,temporal_only,4,beta_1,0.0
E06_integrated_hazard,S1,temporal_only,4,beta_2,0.0
E06_integrated_hazard,S1,temporal_only,4,beta_3,0.0
E06_integrated_hazard,S1,temporal_only,4,theta0,-1.2520545721054077
E06_integrated_hazard,S2,age_temporal,0,bce,0.4785074684095538
E06_integrated_hazard,S2,age_temporal,0,auroc,0.7403465897920127
E06_integrated_hazard,S2,age_temporal,0,auprc,0.5374476646390367
E06_integrated_hazard,S2,age_temporal,0,delta_bce_beta0,0.0034795176810824002
E06_integrated_hazard,S2,age_temporal,0,delta_bce_age_shuffle,0.008631939615390882
E06_integrated_hazard,S2,age_temporal,0,surface_rmse,0.260079832553974
E06_integrated_hazard,S2,age_temporal,0,cf_rmse_age,0.23694200588989622
E06_integrated_hazard,S2,age_temporal,0,cf_rmse_lag,0.19790793697932643
E06_integrated_hazard,S2,age_temporal,0,abs_beta_mean,0.516209271736443
E06_integrated_hazard,S2,age_temporal,0,beta_0,0.5802454948425293
E06_integrated_hazard,S2,age_temporal,0,beta_1,0.6938062906265259
E06_integrated_hazard,S2,age_temporal,0,beta_2,0.7464778423309326
E06_integrated_hazard,S2,age_temporal,0,beta_3,0.04430745914578438
E06_integrated_hazard,S2,age_temporal,0,theta0,-1.419051170349121
E06_integrated_hazard,S2,age_temporal,1,bce,0.47837269377788244
E06_integrated_hazard,S2,age_temporal,1,auroc,0.7403323854771477
E06_integrated_hazard,S2,age_temporal,1,auprc,0.5375229434485151
E06_integrated_hazard,S2,age_temporal,1,delta_bce_beta0,0.003875983910439418
E06_integrated_hazard,S2,age_temporal,1,delta_bce_age_shuffle,0.009988695541763237
E06_integrated_hazard,S2,age_temporal,1,surface_rmse,0.25869825706932953
E06_integrated_hazard,S2,age_temporal,1,cf_rmse_age,0.2236104998094278
E06_integrated_hazard,S2,age_temporal,1,cf_rmse_lag,0.21366561319528196
E06_integrated_hazard,S2,age_temporal,1,abs_beta_mean,0.4808891359716654
E06_integrated_hazard,S2,age_temporal,1,beta_0,0.4829470217227936
E06_integrated_hazard,S2,age_temporal,1,beta_1,0.6859374642372131
E06_integrated_hazard,S2,age_temporal,1,beta_2,0.7209038138389587
E06_integrated_hazard,S2,age_temporal,1,beta_3,0.033768244087696075
E06_integrated_hazard,S2,age_temporal,1,theta0,-1.449693202972412
E06_integrated_hazard,S2,age_temporal,2,bce,0.4782028035472466
E06_integrated_hazard,S2,age_temporal,2,auroc,0.7414192385789271
E06_integrated_hazard,S2,age_temporal,2,auprc,0.537057420433889
E06_integrated_hazard,S2,age_temporal,2,delta_bce_beta0,0.004169494869260548
E06_integrated_hazard,S2,age_temporal,2,delta_bce_age_shuffle,0.011353110660293986
E06_integrated_hazard,S2,age_temporal,2,surface_rmse,0.2391832458848591
E06_integrated_hazard,S2,age_temporal,2,cf_rmse_age,0.19541813042597878
E06_integrated_hazard,S2,age_temporal,2,cf_rmse_lag,0.1834019816211743
E06_integrated_hazard,S2,age_temporal,2,abs_beta_mean,0.49570066086016595
E06_integrated_hazard,S2,age_temporal,2,beta_0,0.536461591720581
E06_integrated_hazard,S2,age_temporal,2,beta_1,0.7219290733337402
E06_integrated_hazard,S2,age_temporal,2,beta_2,0.7236826419830322
E06_integrated_hazard,S2,age_temporal,2,beta_3,-0.0007293364033102989
E06_integrated_hazard,S2,age_temporal,2,theta0,-1.4185296297073364
E06_integrated_hazard,S2,age_temporal,3,bce,0.4779249038066119
E06_integrated_hazard,S2,age_temporal,3,auroc,0.7414155527111636
E06_integrated_hazard,S2,age_temporal,3,auprc,0.5384509985812292
E06_integrated_hazard,S2,age_temporal,3,delta_bce_beta0,0.004212123928183098
E06_integrated_hazard,S2,age_temporal,3,delta_bce_age_shuffle,0.012520235916105071
E06_integrated_hazard,S2,age_temporal,3,surface_rmse,0.25275074199991926
E06_integrated_hazard,S2,age_temporal,3,cf_rmse_age,0.2153142873431813
E06_integrated_hazard,S2,age_temporal,3,cf_rmse_lag,0.1918375809539014
E06_integrated_hazard,S2,age_temporal,3,abs_beta_mean,0.49303343845531344
E06_integrated_hazard,S2,age_temporal,3,beta_0,0.4384956657886505
E06_integrated_hazard,S2,age_temporal,3,beta_1,0.7035642862319946
E06_integrated_hazard,S2,age_temporal,3,beta_2,0.8022288084030151
E06_integrated_hazard,S2,age_temporal,3,beta_3,0.027844993397593498
E06_integrated_hazard,S2,age_temporal,3,theta0,-1.3948273658752441
E06_integrated_hazard,S2,age_temporal,4,bce,0.4796228334216959
E06_integrated_hazard,S2,age_temporal,4,auroc,0.7387331477420491
E06_integrated_hazard,S2,age_temporal,4,auprc,0.5362837817549632
E06_integrated_hazard,S2,age_temporal,4,delta_bce_beta0,0.0033400409656740293
E06_integrated_hazard,S2,age_temporal,4,delta_bce_age_shuffle,0.010667241760966228
E06_integrated_hazard,S2,age_temporal,4,surface_rmse,0.24958265420034534
E06_integrated_hazard,S2,age_temporal,4,cf_rmse_age,0.21531666332997287
E06_integrated_hazard,S2,age_temporal,4,cf_rmse_lag,0.19213669674756942
E06_integrated_hazard,S2,age_temporal,4,abs_beta_mean,0.505409953679191
E06_integrated_hazard,S2,age_temporal,4,beta_0,0.5712783336639404
E06_integrated_hazard,S2,age_temporal,4,beta_1,0.6934516429901123
E06_integrated_hazard,S2,age_temporal,4,beta_2,0.7555381655693054
E06_integrated_hazard,S2,age_temporal,4,beta_3,-0.0013716724934056401
E06_integrated_hazard,S2,age_temporal,4,theta0,-1.4269336462020874
E06_integrated_hazard,S2,temporal_only,0,bce,0.48088900949536617
E06_integrated_hazard,S2,temporal_only,0,auroc,0.7373091112612122
E06_integrated_hazard,S2,temporal_only,0,auprc,0.5327032905941859
E06_integrated_hazard,S2,temporal_only,0,delta_bce_beta0,0.0
E06_integrated_hazard,S2,temporal_only,0,delta_bce_age_shuffle,0.008707982157397154
E06_integrated_hazard,S2,temporal_only,0,surface_rmse,0.2597641269361212
E06_integrated_hazard,S2,temporal_only,0,cf_rmse_age,0.2401259040853537
E06_integrated_hazard,S2,temporal_only,0,cf_rmse_lag,0.19917871953753388
E06_integrated_hazard,S2,temporal_only,0,abs_beta_mean,0.0
E06_integrated_hazard,S2,temporal_only,0,beta_0,0.0
E06_integrated_hazard,S2,temporal_only,0,beta_1,0.0
E06_integrated_hazard,S2,temporal_only,0,beta_2,0.0
E06_integrated_hazard,S2,temporal_only,0,beta_3,0.0
E06_integrated_hazard,S2,temporal_only,0,theta0,-1.338554859161377
E06_integrated_hazard,S2,temporal_only,1,bce,0.4806818367423452
E06_integrated_hazard,S2,temporal_only,1,auroc,0.7372537129628126
E06_integrated_hazard,S2,temporal_only,1,auprc,0.5328879283113334
E06_integrated_hazard,S2,temporal_only,1,delta_bce_beta0,0.0
E06_integrated_hazard,S2,temporal_only,1,delta_bce_age_shuffle,0.010165414199064193
E06_integrated_hazard,S2,temporal_only,1,surface_rmse,0.2588903221200987
E06_integrated_hazard,S2,temporal_only,1,cf_rmse_age,0.22491252004822618
E06_integrated_hazard,S2,temporal_only,1,cf_rmse_lag,0.21539471513657404
E06_integrated_hazard,S2,temporal_only,1,abs_beta_mean,0.0
E06_integrated_hazard,S2,temporal_only,1,beta_0,0.0
E06_integrated_hazard,S2,temporal_only,1,beta_1,0.0
E06_integrated_hazard,S2,temporal_only,1,beta_2,0.0
E06_integrated_hazard,S2,temporal_only,1,beta_3,0.0
E06_integrated_hazard,S2,temporal_only,1,theta0,-1.3932489156723022
E06_integrated_hazard,S2,temporal_only,2,bce,0.48037546252744273
E06_integrated_hazard,S2,temporal_only,2,auroc,0.738382019823381
E06_integrated_hazard,S2,temporal_only,2,auprc,0.5325745591778583
E06_integrated_hazard,S2,temporal_only,2,delta_bce_beta0,0.0
E06_integrated_hazard,S2,temporal_only,2,delta_bce_age_shuffle,0.011551715571372245
E06_integrated_hazard,S2,temporal_only,2,surface_rmse,0.23906202351833564
E06_integrated_hazard,S2,temporal_only,2,cf_rmse_age,0.19612884668048344
E06_integrated_hazard,S2,temporal_only,2,cf_rmse_lag,0.184363773223763
E06_integrated_hazard,S2,temporal_only,2,abs_beta_mean,0.0
E06_integrated_hazard,S2,temporal_only,2,beta_0,0.0
E06_integrated_hazard,S2,temporal_only,2,beta_1,0.0
E06_integrated_hazard,S2,temporal_only,2,beta_2,0.0
E06_integrated_hazard,S2,temporal_only,2,beta_3,0.0
E06_integrated_hazard,S2,temporal_only,2,theta0,-1.3426103591918945
E06_integrated_hazard,S2,temporal_only,3,bce,0.4801208735525687
E06_integrated_hazard,S2,temporal_only,3,auroc,0.7383828726704433
E06_integrated_hazard,S2,temporal_only,3,auprc,0.5340530908197003
E06_integrated_hazard,S2,temporal_only,3,delta_bce_beta0,0.0
E06_integrated_hazard,S2,temporal_only,3,delta_bce_age_shuffle,0.012389341384695551
E06_integrated_hazard,S2,temporal_only,3,surface_rmse,0.2533369729213872
E06_integrated_hazard,S2,temporal_only,3,cf_rmse_age,0.21911180788670165
E06_integrated_hazard,S2,temporal_only,3,cf_rmse_lag,0.19578230461161875
E06_integrated_hazard,S2,temporal_only,3,abs_beta_mean,0.0
E06_integrated_hazard,S2,temporal_only,3,beta_0,0.0
E06_integrated_hazard,S2,temporal_only,3,beta_1,0.0
E06_integrated_hazard,S2,temporal_only,3,beta_2,0.0
E06_integrated_hazard,S2,temporal_only,3,beta_3,0.0
E06_integrated_hazard,S2,temporal_only,3,theta0,-1.3132003545761108
E06_integrated_hazard,S2,temporal_only,4,bce,0.48199171609625513
E06_integrated_hazard,S2,temporal_only,4,auroc,0.7356816977138287
E06_integrated_hazard,S2,temporal_only,4,auprc,0.531487869552529
E06_integrated_hazard,S2,temporal_only,4,delta_bce_beta0,0.0
E06_integrated_hazard,S2,temporal_only,4,delta_bce_age_shuffle,0.010715204586592475
E06_integrated_hazard,S2,temporal_only,4,surface_rmse,0.25075065666981416
E06_integrated_hazard,S2,temporal_only,4,cf_rmse_age,0.2188510146590108
E06_integrated_hazard,S2,temporal_only,4,cf_rmse_lag,0.1945094619255113
E06_integrated_hazard,S2,temporal_only,4,abs_beta_mean,0.0
E06_integrated_hazard,S2,temporal_only,4,beta_0,0.0
E06_integrated_hazard,S2,temporal_only,4,beta_1,0.0
E06_integrated_hazard,S2,temporal_only,4,beta_2,0.0
E06_integrated_hazard,S2,temporal_only,4,beta_3,0.0
E06_integrated_hazard,S2,temporal_only,4,theta0,-1.3432306051254272
E06_integrated_hazard,S3,age_temporal,0,bce,0.5090369044497922
E06_integrated_hazard,S3,age_temporal,0,auroc,0.7090568432043021
E06_integrated_hazard,S3,age_temporal,0,auprc,0.48031282162537087
E06_integrated_hazard,S3,age_temporal,0,delta_bce_beta0,0.003869134484903336
E06_integrated_hazard,S3,age_temporal,0,delta_bce_age_shuffle,0.006932232276942285
E06_integrated_hazard,S3,age_temporal,0,surface_rmse,0.16402514792862957
E06_integrated_hazard,S3,age_temporal,0,cf_rmse_age,0.15506100898949804
E06_integrated_hazard,S3,age_temporal,0,cf_rmse_lag,0.1380507399642099
E06_integrated_hazard,S3,age_temporal,0,abs_beta_mean,0.506185732781887
E06_integrated_hazard,S3,age_temporal,0,beta_0,-0.20086511969566345
E06_integrated_hazard,S3,age_temporal,0,beta_1,0.47340327501296997
E06_integrated_hazard,S3,age_temporal,0,beta_2,0.8240037560462952
E06_integrated_hazard,S3,age_temporal,0,beta_3,0.5264707803726196
E06_integrated_hazard,S3,age_temporal,0,theta0,-1.4758963584899902
E06_integrated_hazard,S3,age_temporal,1,bce,0.508409428423269
E06_integrated_hazard,S3,age_temporal,1,auroc,0.7099307438353455
E06_integrated_hazard,S3,age_temporal,1,auprc,0.48211606489038833
E06_integrated_hazard,S3,age_temporal,1,delta_bce_beta0,0.004406377821579377
E06_integrated_hazard,S3,age_temporal,1,delta_bce_age_shuffle,0.006976111069581292
E06_integrated_hazard,S3,age_temporal,1,surface_rmse,0.18353252619078536
E06_integrated_hazard,S3,age_temporal,1,cf_rmse_age,0.15998214784759315
E06_integrated_hazard,S3,age_temporal,1,cf_rmse_lag,0.1372804772812737
E06_integrated_hazard,S3,age_temporal,1,abs_beta_mean,0.5274259597063065
E06_integrated_hazard,S3,age_temporal,1,beta_0,-0.2634223401546478
E06_integrated_hazard,S3,age_temporal,1,beta_1,0.459840327501297
E06_integrated_hazard,S3,age_temporal,1,beta_2,0.8322699069976807
E06_integrated_hazard,S3,age_temporal,1,beta_3,0.5541712641716003
E06_integrated_hazard,S3,age_temporal,1,theta0,-1.478215217590332
E06_integrated_hazard,S3,age_temporal,2,bce,0.5085515112098508
E06_integrated_hazard,S3,age_temporal,2,auroc,0.7099257308032794
E06_integrated_hazard,S3,age_temporal,2,auprc,0.4801648890817728
E06_integrated_hazard,S3,age_temporal,2,delta_bce_beta0,0.003968426933906977
E06_integrated_hazard,S3,age_temporal,2,delta_bce_age_shuffle,0.010783466480350556
E06_integrated_hazard,S3,age_temporal,2,surface_rmse,0.1843740374323541
E06_integrated_hazard,S3,age_temporal,2,cf_rmse_age,0.16828402291681557
E06_integrated_hazard,S3,age_temporal,2,cf_rmse_lag,0.12633778431132
E06_integrated_hazard,S3,age_temporal,2,abs_beta_mean,0.47908173874020576
E06_integrated_hazard,S3,age_temporal,2,beta_0,-0.2026689201593399
E06_integrated_hazard,S3,age_temporal,2,beta_1,0.48521924018859863
E06_integrated_hazard,S3,age_temporal,2,beta_2,0.7744592428207397
E06_integrated_hazard,S3,age_temporal,2,beta_3,0.4539795517921448
E06_integrated_hazard,S3,age_temporal,2,theta0,-1.5119287967681885
E06_integrated_hazard,S3,age_temporal,3,bce,0.5075124724751805
E06_integrated_hazard,S3,age_temporal,3,auroc,0.7122580264058618
E06_integrated_hazard,S3,age_temporal,3,auprc,0.4837924914784069
E06_integrated_hazard,S3,age_temporal,3,delta_bce_beta0,0.004076352942114392
E06_integrated_hazard,S3,age_temporal,3,delta_bce_age_shuffle,0.011873836200199994
E06_integrated_hazard,S3,age_temporal,3,surface_rmse,0.18277914956879135
E06_integrated_hazard,S3,age_temporal,3,cf_rmse_age,0.16904502584981282
E06_integrated_hazard,S3,age_temporal,3,cf_rmse_lag,0.1301120719636589
E06_integrated_hazard,S3,age_temporal,3,abs_beta_mean,0.5509643852710724
E06_integrated_hazard,S3,age_temporal,3,beta_0,-0.280333936214447
E06_integrated_hazard,S3,age_temporal,3,beta_1,0.4672212600708008
E06_integrated_hazard,S3,age_temporal,3,beta_2,0.8492901921272278
E06_integrated_hazard,S3,age_temporal,3,beta_3,0.607012152671814
E06_integrated_hazard,S3,age_temporal,3,theta0,-1.4627501964569092
E06_integrated_hazard,S3,age_temporal,4,bce,0.5082564288808579
E06_integrated_hazard,S3,age_temporal,4,auroc,0.7108896067585267
E06_integrated_hazard,S3,age_temporal,4,auprc,0.4807719735107435
E06_integrated_hazard,S3,age_temporal,4,delta_bce_beta0,0.004147129566689389
E06_integrated_hazard,S3,age_temporal,4,delta_bce_age_shuffle,0.011369191186216154
E06_integrated_hazard,S3,age_temporal,4,surface_rmse,0.16555755561461252
E06_integrated_hazard,S3,age_temporal,4,cf_rmse_age,0.14847944002164196
E06_integrated_hazard,S3,age_temporal,4,cf_rmse_lag,0.13506647072654157
E06_integrated_hazard,S3,age_temporal,4,abs_beta_mean,0.5135130546987057
E06_integrated_hazard,S3,age_temporal,4,beta_0,-0.2326926738023758
E06_integrated_hazard,S3,age_temporal,4,beta_1,0.4967142939567566
E06_integrated_hazard,S3,age_temporal,4,beta_2,0.8386405110359192
E06_integrated_hazard,S3,age_temporal,4,beta_3,0.4860047399997711
E06_integrated_hazard,S3,age_temporal,4,theta0,-1.4755299091339111
E06_integrated_hazard,S3,temporal_only,0,bce,0.5111497655456668
E06_integrated_hazard,S3,temporal_only,0,auroc,0.7056910682766486
E06_integrated_hazard,S3,temporal_only,0,auprc,0.4752034494309922
E06_integrated_hazard,S3,temporal_only,0,delta_bce_beta0,0.0
E06_integrated_hazard,S3,temporal_only,0,delta_bce_age_shuffle,0.006051051084744685
E06_integrated_hazard,S3,temporal_only,0,surface_rmse,0.16334092174626563
E06_integrated_hazard,S3,temporal_only,0,cf_rmse_age,0.15565647810120464
E06_integrated_hazard,S3,temporal_only,0,cf_rmse_lag,0.1373854402437179
E06_integrated_hazard,S3,temporal_only,0,abs_beta_mean,0.0
E06_integrated_hazard,S3,temporal_only,0,beta_0,0.0
E06_integrated_hazard,S3,temporal_only,0,beta_1,0.0
E06_integrated_hazard,S3,temporal_only,0,beta_2,0.0
E06_integrated_hazard,S3,temporal_only,0,beta_3,0.0
E06_integrated_hazard,S3,temporal_only,0,theta0,-1.4426792860031128
E06_integrated_hazard,S3,temporal_only,1,bce,0.5105249716172957
E06_integrated_hazard,S3,temporal_only,1,auroc,0.7067944514142579
E06_integrated_hazard,S3,temporal_only,1,auprc,0.4771559778982007
E06_integrated_hazard,S3,temporal_only,1,delta_bce_beta0,0.0
E06_integrated_hazard,S3,temporal_only,1,delta_bce_age_shuffle,0.00590022122357714
E06_integrated_hazard,S3,temporal_only,1,surface_rmse,0.18047512357712736
E06_integrated_hazard,S3,temporal_only,1,cf_rmse_age,0.15965371777351167
E06_integrated_hazard,S3,temporal_only,1,cf_rmse_lag,0.1351533802093165
E06_integrated_hazard,S3,temporal_only,1,abs_beta_mean,0.0
E06_integrated_hazard,S3,temporal_only,1,beta_0,0.0
E06_integrated_hazard,S3,temporal_only,1,beta_1,0.0
E06_integrated_hazard,S3,temporal_only,1,beta_2,0.0
E06_integrated_hazard,S3,temporal_only,1,beta_3,0.0
E06_integrated_hazard,S3,temporal_only,1,theta0,-1.4488205909729004
E06_integrated_hazard,S3,temporal_only,2,bce,0.5102468768965979
E06_integrated_hazard,S3,temporal_only,2,auroc,0.7071750566061937
E06_integrated_hazard,S3,temporal_only,2,auprc,0.4759073124636254
E06_integrated_hazard,S3,temporal_only,2,delta_bce_beta0,0.0
E06_integrated_hazard,S3,temporal_only,2,delta_bce_age_shuffle,0.009778033716407064
E06_integrated_hazard,S3,temporal_only,2,surface_rmse,0.18171938682504107
E06_integrated_hazard,S3,temporal_only,2,cf_rmse_age,0.16788109257685518
E06_integrated_hazard,S3,temporal_only,2,cf_rmse_lag,0.12480381376611392
E06_integrated_hazard,S3,temporal_only,2,abs_beta_mean,0.0
E06_integrated_hazard,S3,temporal_only,2,beta_0,0.0
E06_integrated_hazard,S3,temporal_only,2,beta_1,0.0
E06_integrated_hazard,S3,temporal_only,2,beta_2,0.0
E06_integrated_hazard,S3,temporal_only,2,beta_3,0.0
E06_integrated_hazard,S3,temporal_only,2,theta0,-1.4763522148132324
E06_integrated_hazard,S3,temporal_only,3,bce,0.5097010324528777
E06_integrated_hazard,S3,temporal_only,3,auroc,0.7091496339674912
E06_integrated_hazard,S3,temporal_only,3,auprc,0.47856336327948823
E06_integrated_hazard,S3,temporal_only,3,delta_bce_beta0,0.0
E06_integrated_hazard,S3,temporal_only,3,delta_bce_age_shuffle,0.01118534724326714
E06_integrated_hazard,S3,temporal_only,3,surface_rmse,0.17998713047721474
E06_integrated_hazard,S3,temporal_only,3,cf_rmse_age,0.16981601339069768
E06_integrated_hazard,S3,temporal_only,3,cf_rmse_lag,0.12768520342623413
E06_integrated_hazard,S3,temporal_only,3,abs_beta_mean,0.0
E06_integrated_hazard,S3,temporal_only,3,beta_0,0.0
E06_integrated_hazard,S3,temporal_only,3,beta_1,0.0
E06_integrated_hazard,S3,temporal_only,3,beta_2,0.0
E06_integrated_hazard,S3,temporal_only,3,beta_3,0.0
E06_integrated_hazard,S3,temporal_only,3,theta0,-1.4362471103668213
E06_integrated_hazard,S3,temporal_only,4,bce,0.5102968040113733
E06_integrated_hazard,S3,temporal_only,4,auroc,0.7076922590474265
E06_integrated_hazard,S3,temporal_only,4,auprc,0.47568157745080797
E06_integrated_hazard,S3,temporal_only,4,delta_bce_beta0,0.0
E06_integrated_hazard,S3,temporal_only,4,delta_bce_age_shuffle,0.010416858100084192
E06_integrated_hazard,S3,temporal_only,4,surface_rmse,0.1647199627702629
E06_integrated_hazard,S3,temporal_only,4,cf_rmse_age,0.14889962706682622
E06_integrated_hazard,S3,temporal_only,4,cf_rmse_lag,0.13443828494170634
E06_integrated_hazard,S3,temporal_only,4,abs_beta_mean,0.0
E06_integrated_hazard,S3,temporal_only,4,beta_0,0.0
E06_integrated_hazard,S3,temporal_only,4,beta_1,0.0
E06_integrated_hazard,S3,temporal_only,4,beta_2,0.0
E06_integrated_hazard,S3,temporal_only,4,beta_3,0.0
E06_integrated_hazard,S3,temporal_only,4,theta0,-1.4457318782806396
E00_dtr_age_temporal_new,S0,age_temporal,0,bce,0.48251928657496657
E00_dtr_age_temporal_new,S0,age_temporal,0,auroc,0.7303832933167871
E00_dtr_age_temporal_new,S0,age_temporal,0,auprc,0.5258811395212892
E00_dtr_age_temporal_new,S0,age_temporal,0,surface_rmse,0.1387288761444996
E00_dtr_age_temporal_new,S0,age_temporal,0,cf_rmse_age,0.09861166967821862
E00_dtr_age_temporal_new,S0,age_temporal,0,cf_rmse_lag,0.12005579078620213
E00_dtr_age_temporal_new,S0,age_temporal,0,delta_bce_beta0,6.889267063492355e-07
E00_dtr_age_temporal_new,S0,age_temporal,0,delta_bce_age_shuffle,0.007785567082242484
E00_dtr_age_temporal_new,S0,age_temporal,0,beta,0.0018794552888721228
E00_dtr_age_temporal_new,S0,age_temporal,0,lambda_rmse,0.029048282582965514
E00_dtr_age_temporal_new,S1,age_temporal,0,bce,0.48036948812748687
E00_dtr_age_temporal_new,S1,age_temporal,0,auroc,0.7418724216394751
E00_dtr_age_temporal_new,S1,age_temporal,0,auprc,0.5387366741996715
E00_dtr_age_temporal_new,S1,age_temporal,0,surface_rmse,0.17008527728097408
E00_dtr_age_temporal_new,S1,age_temporal,0,cf_rmse_age,0.13283742387116215
E00_dtr_age_temporal_new,S1,age_temporal,0,cf_rmse_lag,0.12008513964136351
E00_dtr_age_temporal_new,S1,age_temporal,0,delta_bce_beta0,1.8733997281805692e-06
E00_dtr_age_temporal_new,S1,age_temporal,0,delta_bce_age_shuffle,0.01000625738418931
E00_dtr_age_temporal_new,S1,age_temporal,0,beta,0.026522744446992874
E00_dtr_age_temporal_new,S1,age_temporal,0,lambda_rmse,0.039645374419641194
E00_dtr_age_temporal_new,S2,age_temporal,0,bce,0.45861258257578463
E00_dtr_age_temporal_new,S2,age_temporal,0,auroc,0.7605760485882068
E00_dtr_age_temporal_new,S2,age_temporal,0,auprc,0.5765216901925238
E00_dtr_age_temporal_new,S2,age_temporal,0,surface_rmse,0.20129356921286942
E00_dtr_age_temporal_new,S2,age_temporal,0,cf_rmse_age,0.1422413997058967
E00_dtr_age_temporal_new,S2,age_temporal,0,cf_rmse_lag,0.16559003100876837
E00_dtr_age_temporal_new,S2,age_temporal,0,delta_bce_beta0,0.00693988838749976
E00_dtr_age_temporal_new,S2,age_temporal,0,delta_bce_age_shuffle,0.020081041761893625
E00_dtr_age_temporal_new,S2,age_temporal,0,beta,-0.6151092648506165
E00_dtr_age_temporal_new,S2,age_temporal,0,lambda_rmse,0.6734276180758371
E00_dtr_age_temporal_new,S2,age_temporal,0,lambda_corr,0.9827623554347351
E00_dtr_age_temporal_new,S3,age_temporal,0,bce,0.48893703058364735
E00_dtr_age_temporal_new,S3,age_temporal,0,auroc,0.7316429610500008
E00_dtr_age_temporal_new,S3,age_temporal,0,auprc,0.5292604671667173
E00_dtr_age_temporal_new,S3,age_temporal,0,surface_rmse,0.1463232409961427
E00_dtr_age_temporal_new,S3,age_temporal,0,cf_rmse_age,0.13172860001266043
E00_dtr_age_temporal_new,S3,age_temporal,0,cf_rmse_lag,0.09053549587890017
E00_dtr_age_temporal_new,S3,age_temporal,0,delta_bce_beta0,0.0059354988307182
E00_dtr_age_temporal_new,S3,age_temporal,0,delta_bce_age_shuffle,0.017630162593909926
E00_dtr_age_temporal_new,S3,age_temporal,0,beta,0.5879891514778137
E00_dtr_age_temporal_new,S3,age_temporal,0,lambda_rmse,0.685906952182465
E00_dtr_age_temporal_new,S3,age_temporal,0,lambda_corr,0.9822057984528719
E00_dtr_temporal_only_new,S0,temporal_only,0,bce,0.48065413651519356
E00_dtr_temporal_only_new,S0,temporal_only,0,auroc,0.7333671675479299
E00_dtr_temporal_only_new,S0,temporal_only,0,auprc,0.5296744906169825
E00_dtr_temporal_only_new,S0,temporal_only,0,surface_rmse,0.14982459476293244
E00_dtr_temporal_only_new,S0,temporal_only,0,cf_rmse_age,0.084145483117387
E00_dtr_temporal_only_new,S0,temporal_only,0,cf_rmse_lag,0.11527290162915764
E00_dtr_temporal_only_new,S0,temporal_only,0,beta,0.0
E00_dtr_temporal_only_new,S1,temporal_only,0,bce,0.4813835606098634
E00_dtr_temporal_only_new,S1,temporal_only,0,auroc,0.7398615507952973
E00_dtr_temporal_only_new,S1,temporal_only,0,auprc,0.5370116114737802
E00_dtr_temporal_only_new,S1,temporal_only,0,surface_rmse,0.1687406901127546
E00_dtr_temporal_only_new,S1,temporal_only,0,cf_rmse_age,0.14057474988484797
E00_dtr_temporal_only_new,S1,temporal_only,0,cf_rmse_lag,0.12055292439021775
E00_dtr_temporal_only_new,S1,temporal_only,0,beta,0.0
E00_dtr_temporal_only_new,S2,temporal_only,0,bce,0.46254313003898545
E00_dtr_temporal_only_new,S2,temporal_only,0,auroc,0.7577090463428859
E00_dtr_temporal_only_new,S2,temporal_only,0,auprc,0.5689695664492664
E00_dtr_temporal_only_new,S2,temporal_only,0,surface_rmse,0.23606079048992756
E00_dtr_temporal_only_new,S2,temporal_only,0,cf_rmse_age,0.17737379595297495
E00_dtr_temporal_only_new,S2,temporal_only,0,cf_rmse_lag,0.18411855417566345
E00_dtr_temporal_only_new,S2,temporal_only,0,beta,0.0
E00_dtr_temporal_only_new,S3,temporal_only,0,bce,0.49174351382582887
E00_dtr_temporal_only_new,S3,temporal_only,0,auroc,0.7300447487616853
E00_dtr_temporal_only_new,S3,temporal_only,0,auprc,0.5216313028330678
E00_dtr_temporal_only_new,S3,temporal_only,0,surface_rmse,0.1474016910069131
E00_dtr_temporal_only_new,S3,temporal_only,0,cf_rmse_age,0.13165708257709263
E00_dtr_temporal_only_new,S3,temporal_only,0,cf_rmse_lag,0.08871320340831129
E00_dtr_temporal_only_new,S3,temporal_only,0,beta,0.0
E00_legacy_dtr_age_temporal,S0,age_temporal,0,bce,0.48398582627073383
E00_legacy_dtr_age_temporal,S0,age_temporal,0,auroc,0.7336337482190975
E00_legacy_dtr_age_temporal,S0,age_temporal,0,auprc,0.5200637940516804
E00_legacy_dtr_age_temporal,S0,age_temporal,0,surface_rmse,0.1376530954131273
E00_legacy_dtr_age_temporal,S0,age_temporal,0,cf_rmse_age,0.07685454398849317
E00_legacy_dtr_age_temporal,S0,age_temporal,0,cf_rmse_lag,0.103253060933449
E00_legacy_dtr_age_temporal,S1,age_temporal,0,bce,0.47981016127647597
E00_legacy_dtr_age_temporal,S1,age_temporal,0,auroc,0.7486063585510937
E00_legacy_dtr_age_temporal,S1,age_temporal,0,auprc,0.5339555246694893
E00_legacy_dtr_age_temporal,S1,age_temporal,0,surface_rmse,0.19429796925279993
E00_legacy_dtr_age_temporal,S1,age_temporal,0,cf_rmse_age,0.11728286787371336
E00_legacy_dtr_age_temporal,S1,age_temporal,0,cf_rmse_lag,0.1441146636916833
E00_legacy_dtr_age_temporal,S2,age_temporal,0,bce,0.45514365086911396
E00_legacy_dtr_age_temporal,S2,age_temporal,0,auroc,0.7649875372576532
E00_legacy_dtr_age_temporal,S2,age_temporal,0,auprc,0.5835163388130011
E00_legacy_dtr_age_temporal,S2,age_temporal,0,surface_rmse,0.22658061397557958
E00_legacy_dtr_age_temporal,S2,age_temporal,0,cf_rmse_age,0.19667186309820064
E00_legacy_dtr_age_temporal,S2,age_temporal,0,cf_rmse_lag,0.16513315872128306
E00_legacy_dtr_age_temporal,S3,age_temporal,0,bce,0.4862807750227771
E00_legacy_dtr_age_temporal,S3,age_temporal,0,auroc,0.7353995731823573
E00_legacy_dtr_age_temporal,S3,age_temporal,0,auprc,0.5321221568558453
E00_legacy_dtr_age_temporal,S3,age_temporal,0,surface_rmse,0.17569951791444688
E00_legacy_dtr_age_temporal,S3,age_temporal,0,cf_rmse_age,0.14401438079703965
E00_legacy_dtr_age_temporal,S3,age_temporal,0,cf_rmse_lag,0.10706394480996546
E00_legacy_dtr_temporal_only,S0,temporal_only,0,bce,0.48306237833878646
E00_legacy_dtr_temporal_only,S0,temporal_only,0,auroc,0.7350751795955103
E00_legacy_dtr_temporal_only,S0,temporal_only,0,auprc,0.5224281472485225
E00_legacy_dtr_temporal_only,S0,temporal_only,0,surface_rmse,0.1415443453441576
E00_legacy_dtr_temporal_only,S0,temporal_only,0,cf_rmse_age,0.0740479061866259
E00_legacy_dtr_temporal_only,S0,temporal_only,0,cf_rmse_lag,0.10706261904923065
E00_legacy_dtr_temporal_only,S1,temporal_only,0,bce,0.47979403171792134
E00_legacy_dtr_temporal_only,S1,temporal_only,0,auroc,0.7486295288931026
E00_legacy_dtr_temporal_only,S1,temporal_only,0,auprc,0.5339855400186552
E00_legacy_dtr_temporal_only,S1,temporal_only,0,surface_rmse,0.1942892025443429
E00_legacy_dtr_temporal_only,S1,temporal_only,0,cf_rmse_age,0.1171649493090065
E00_legacy_dtr_temporal_only,S1,temporal_only,0,cf_rmse_lag,0.14410033062381325
E00_legacy_dtr_temporal_only,S2,temporal_only,0,bce,0.45519592976765094
E00_legacy_dtr_temporal_only,S2,temporal_only,0,auroc,0.764220847354335
E00_legacy_dtr_temporal_only,S2,temporal_only,0,auprc,0.582482534524904
E00_legacy_dtr_temporal_only,S2,temporal_only,0,surface_rmse,0.2251274387070816
E00_legacy_dtr_temporal_only,S2,temporal_only,0,cf_rmse_age,0.17799513365235584
E00_legacy_dtr_temporal_only,S2,temporal_only,0,cf_rmse_lag,0.16710409590751985
E00_legacy_dtr_temporal_only,S3,temporal_only,0,bce,0.4879040397044413
E00_legacy_dtr_temporal_only,S3,temporal_only,0,auroc,0.7339984852356757
E00_legacy_dtr_temporal_only,S3,temporal_only,0,auprc,0.5298513964053494
E00_legacy_dtr_temporal_only,S3,temporal_only,0,surface_rmse,0.18600283980330118
E00_legacy_dtr_temporal_only,S3,temporal_only,0,cf_rmse_age,0.14923354891625212
E00_legacy_dtr_temporal_only,S3,temporal_only,0,cf_rmse_lag,0.10719243759432705
CEHR-BERT,S0,cehrbert,0,bce,0.485441620150289
CEHR-BERT,S0,cehrbert,0,auroc,0.7296597332673364
CEHR-BERT,S0,cehrbert,0,auprc,0.5204594710939565
CEHR-BERT,S0,cehrbert,0,surface_rmse,0.07536109371867472
CEHR-BERT,S0,cehrbert,0,cf_rmse_age,0.059703879008804486
CEHR-BERT,S0,cehrbert,0,cf_rmse_lag,0.06250437849073165
CEHR-BERT,S1,cehrbert,0,bce,0.47956512419873987
CEHR-BERT,S1,cehrbert,0,auroc,0.7480442508714803
CEHR-BERT,S1,cehrbert,0,auprc,0.5393457450833518
CEHR-BERT,S1,cehrbert,0,surface_rmse,0.11103912223131346
CEHR-BERT,S1,cehrbert,0,cf_rmse_age,0.09949676354460602
CEHR-BERT,S1,cehrbert,0,cf_rmse_lag,0.0948530906383893
CEHR-BERT,S2,cehrbert,0,bce,0.45627353794076914
CEHR-BERT,S2,cehrbert,0,auroc,0.7635682281963081
CEHR-BERT,S2,cehrbert,0,auprc,0.5818115186216142
CEHR-BERT,S2,cehrbert,0,surface_rmse,0.13078465452453683
CEHR-BERT,S2,cehrbert,0,cf_rmse_age,0.09827911344233253
CEHR-BERT,S2,cehrbert,0,cf_rmse_lag,0.1107840133457542
CEHR-BERT,S3,cehrbert,0,bce,0.4852448961974071
CEHR-BERT,S3,cehrbert,0,auroc,0.7375761982691252
CEHR-BERT,S3,cehrbert,0,auprc,0.5344520579930946
CEHR-BERT,S3,cehrbert,0,surface_rmse,0.13263925862208345
CEHR-BERT,S3,cehrbert,0,cf_rmse_age,0.10788032633563284
CEHR-BERT,S3,cehrbert,0,cf_rmse_lag,0.08907526947594317
CEHR-BERT-small,S2,cehrbert_small,0,bce,0.47459831833839417
CEHR-BERT-small,S2,cehrbert_small,0,auroc,0.7424384226775915
CEHR-BERT-small,S2,cehrbert_small,0,auprc,0.5458903649972794
CEHR-BERT-small,S2,cehrbert_small,0,surface_rmse,0.1621539830226552
CEHR-BERT-small,S2,cehrbert_small,0,cf_rmse_age,0.11579797909790193
CEHR-BERT-small,S2,cehrbert_small,0,cf_rmse_lag,0.13110248294560561
CEHR-BERT-small,S2,cehrbert_small,1,bce,0.48750215768814087
CEHR-BERT-small,S2,cehrbert_small,1,auroc,0.7241502177955734
CEHR-BERT-small,S2,cehrbert_small,1,auprc,0.5182720678435137
CEHR-BERT-small,S2,cehrbert_small,1,surface_rmse,0.17654580807463394
CEHR-BERT-small,S2,cehrbert_small,1,cf_rmse_age,0.18996561345149285
CEHR-BERT-small,S2,cehrbert_small,1,cf_rmse_lag,0.1508276974819612
CEHR-BERT-small,S2,cehrbert_small,2,bce,0.4747840166091919
CEHR-BERT-small,S2,cehrbert_small,2,auroc,0.7436218533570452
CEHR-BERT-small,S2,cehrbert_small,2,auprc,0.5466296347865105
CEHR-BERT-small,S2,cehrbert_small,2,surface_rmse,0.16468619056192338
CEHR-BERT-small,S2,cehrbert_small,2,cf_rmse_age,0.11298171000389626
CEHR-BERT-small,S2,cehrbert_small,2,cf_rmse_lag,0.15265172643417713
CEHR-BERT-small,S2,cehrbert_small,3,bce,0.4725677967071533
CEHR-BERT-small,S2,cehrbert_small,3,auroc,0.746631727090979
CEHR-BERT-small,S2,cehrbert_small,3,auprc,0.553275558665159
CEHR-BERT-small,S2,cehrbert_small,3,surface_rmse,0.1463479482736907
CEHR-BERT-small,S2,cehrbert_small,3,cf_rmse_age,0.11142184703527346
CEHR-BERT-small,S2,cehrbert_small,3,cf_rmse_lag,0.14167263547812686
CEHR-BERT-small,S2,cehrbert_small,4,bce,0.4781392514705658
CEHR-BERT-small,S2,cehrbert_small,4,auroc,0.7382201871918919
CEHR-BERT-small,S2,cehrbert_small,4,auprc,0.5410118265842996
CEHR-BERT-small,S2,cehrbert_small,4,surface_rmse,0.1728066418016519
CEHR-BERT-small,S2,cehrbert_small,4,cf_rmse_age,0.11650260792222109
CEHR-BERT-small,S2,cehrbert_small,4,cf_rmse_lag,0.14786599419830884
