tree
version=v4
num_class=1
num_tree_per_iteration=1
label_index=0
max_feature_idx=567
objective=binary sigmoid:1
feature_names=Column_0 Column_1 Column_2 Column_3 Column_4 Column_5 Column_6 Column_7 Column_8 Column_9 Column_10 Column_11 Column_12 Column_13 Column_14 Column_15 Column_16 Column_17 Column_18 Column_19 Column_20 Column_21 Column_22 Column_23 Column_24 Column_25 Column_26 Column_27 Column_28 Column_29 Column_30 Column_31 Column_32 Column_33 Column_34 Column_35 Column_36 Column_37 Column_38 Column_39 Column_40 Column_41 Column_42 Column_43 Column_44 Column_45 Column_46 Column_47 Column_48 Column_49 Column_50 Column_51 Column_52 Column_53 Column_54 Column_55 Column_56 Column_57 Column_58 Column_59 Column_60 Column_61 Column_62 Column_63 Column_64 Column_65 Column_66 Column_67 Column_68 Column_69 Column_70 Column_71 Column_72 Column_73 Column_74 Column_75 Column_76 Column_77 Column_78 Column_79 Column_80 Column_81 Column_82 Column_83 Column_84 Column_85 Column_86 Column_87 Column_88 Column_89 Column_90 Column_91 Column_92 Column_93 Column_94 Column_95 Column_96 Column_97 Column_98 Column_99 Column_100 Column_101 Column_102 Column_103 Column_104 Column_105 Column_106 Column_107 Column_108 Column_109 Column_110 Column_111 Column_112 Column_113 Column_114 Column_115 Column_116 Column_117 Column_118 Column_119 Column_120 Column_121 Column_122 Column_123 Column_124 Column_125 Column_126 Column_127 Column_128 Column_129 Column_130 Column_131 Column_132 Column_133 Column_134 Column_135 Column_136 Column_137 Column_138 Column_139 Column_140 Column_141 Column_142 Column_143 Column_144 Column_145 Column_146 Column_147 Column_148 Column_149 Column_150 Column_151 Column_152 Column_153 Column_154 Column_155 Column_156 Column_157 Column_158 Column_159 Column_160 Column_161 Column_162 Column_163 Column_164 Column_165 Column_166 Column_167 Column_168 Column_169 Column_170 Column_171 Column_172 Column_173 Column_174 Column_175 Column_176 Column_177 Column_178 Column_179 Column_180 Column_181 Column_182 Column_183 Column_184 Column_185 Column_186 Column_187 Column_188 Column_189 Column_190 Column_191 Column_192 Column_193 Column_194 Column_195 Column_196 Column_197 Column_198 Column_199 Column_200 Column_201 Column_202 Column_203 Column_204 Column_205 Column_206 Column_207 Column_208 Column_209 Column_210 Column_211 Column_212 Column_213 Column_214 Column_215 Column_216 Column_217 Column_218 Column_219 Column_220 Column_221 Column_222 Column_223 Column_224 Column_225 Column_226 Column_227 Column_228 Column_229 Column_230 Column_231 Column_232 Column_233 Column_234 Column_235 Column_236 Column_237 Column_238 Column_239 Column_240 Column_241 Column_242 Column_243 Column_244 Column_245 Column_246 Column_247 Column_248 Column_249 Column_250 Column_251 Column_252 Column_253 Column_254 Column_255 Column_256 Column_257 Column_258 Column_259 Column_260 Column_261 Column_262 Column_263 Column_264 Column_265 Column_266 Column_267 Column_268 Column_269 Column_270 Column_271 Column_272 Column_273 Column_274 Column_275 Column_276 Column_277 Column_278 Column_279 Column_280 Column_281 Column_282 Column_283 Column_284 Column_285 Column_286 Column_287 Column_288 Column_289 Column_290 Column_291 Column_292 Column_293 Column_294 Column_295 Column_296 Column_297 Column_298 Column_299 Column_300 Column_301 Column_302 Column_303 Column_304 Column_305 Column_306 Column_307 Column_308 Column_309 Column_310 Column_311 Column_312 Column_313 Column_314 Column_315 Column_316 Column_317 Column_318 Column_319 Column_320 Column_321 Column_322 Column_323 Column_324 Column_325 Column_326 Column_327 Column_328 Column_329 Column_330 Column_331 Column_332 Column_333 Column_334 Column_335 Column_336 Column_337 Column_338 Column_339 Column_340 Column_341 Column_342 Column_343 Column_344 Column_345 Column_346 Column_347 Column_348 Column_349 Column_350 Column_351 Column_352 Column_353 Column_354 Column_355 Column_356 Column_357 Column_358 Column_359 Column_360 Column_361 Column_362 Column_363 Column_364 Column_365 Column_366 Column_367 Column_368 Column_369 Column_370 Column_371 Column_372 Column_373 Column_374 Column_375 Column_376 Column_377 Column_378 Column_379 Column_380 Column_381 Column_382 Column_383 Column_384 Column_385 Column_386 Column_387 Column_388 Column_389 Column_390 Column_391 Column_392 Column_393 Column_394 Column_395 Column_396 Column_397 Column_398 Column_399 Column_400 Column_401 Column_402 Column_403 Column_404 Column_405 Column_406 Column_407 Column_408 Column_409 Column_410 Column_411 Column_412 Column_413 Column_414 Column_415 Column_416 Column_417 Column_418 Column_419 Column_420 Column_421 Column_422 Column_423 Column_424 Column_425 Column_426 Column_427 Column_428 Column_429 Column_430 Column_431 Column_432 Column_433 Column_434 Column_435 Column_436 Column_437 Column_438 Column_439 Column_440 Column_441 Column_442 Column_443 Column_444 Column_445 Column_446 Column_447 Column_448 Column_449 Column_450 Column_451 Column_452 Column_453 Column_454 Column_455 Column_456 Column_457 Column_458 Column_459 Column_460 Column_461 Column_462 Column_463 Column_464 Column_465 Column_466 Column_467 Column_468 Column_469 Column_470 Column_471 Column_472 Column_473 Column_474 Column_475 Column_476 Column_477 Column_478 Column_479 Column_480 Column_481 Column_482 Column_483 Column_484 Column_485 Column_486 Column_487 Column_488 Column_489 Column_490 Column_491 Column_492 Column_493 Column_494 Column_495 Column_496 Column_497 Column_498 Column_499 Column_500 Column_501 Column_502 Column_503 Column_504 Column_505 Column_506 Column_507 Column_508 Column_509 Column_510 Column_511 Column_512 Column_513 Column_514 Column_515 Column_516 Column_517 Column_518 Column_519 Column_520 Column_521 Column_522 Column_523 Column_524 Column_525 Column_526 Column_527 Column_528 Column_529 Column_530 Column_531 Column_532 Column_533 Column_534 Column_535 Column_536 Column_537 Column_538 Column_539 Column_540 Column_541 Column_542 Column_543 Column_544 Column_545 Column_546 Column_547 Column_548 Column_549 Column_550 Column_551 Column_552 Column_553 Column_554 Column_555 Column_556 Column_557 Column_558 Column_559 Column_560 Column_561 Column_562 Column_563 Column_564 Column_565 Column_566 Column_567
feature_infos=[2.0013689994812012:17.993154525756836] [-0.7776256799697876:0.99923950433731079] none none none [0:1] [0:1] [0:1] [0:1] [0:1] [0:1] [0:1] [0:1] [0:1] [0:1] [0:1] [0:1] [0:1] [0:1] [0:1] [0:1] [0:1] [0:1] [0:1] [0:1] [0:1] [0:1] [0:1] [0:1] [0:1] [0:1] [0:1] [0:1] [0:1] [0:1] [0:1] [0:1] [0:1] [0:1] [0:1] [0:1] [0:1] [0:1] [0:1] [0:1] [0:1] [0:1] [0:1] [0:1] [0:1] [0:1] [0:1] [0:1] [0:1] [0:1] [0:1] [0:1] [0:1] [0:1] [0:1] [0:1] [0:1] [0:1] [0:1] [0:1] [0:1] [0:1] [0:1] [0:1] [0:1] [0:1] [0:1] [0:1] [0:1] [0:1] [0:1] [0:1] [0:1] [0:1] [0:1] [0:1] [0:1] [0:1] [0:1] [0:1] [0:1] [0:1] [0:1] [0:1] [0:1] [0:1] [0:1] [0:1] [0:1] [0:1] [0:1] [0:1] [0:1] [0:1] [0:1] [0:1] [0:1] [0:1] [0:1] [0:1] [0:1] [0:1] [0:1] [0:1] none none none none [0:1] [0:1] none [0:1] none [0:1] none none [0:1] none none none none [0:1] [0:1] [0:1] [0:1] [0:1] none [0:1] [0:1] [0:1] [0:1] none [0:1] [0:1] [0:1] [0:1] [0:1] [0:1] [0:1] [0:1] [0:1] [0:1] [0:1] [0:1] [0:1] [0:1] [0:1] [0:1] [0:1] [0:1] [0:1] [0:1] none none none none none none none none none none [0:1] [0:1] none none none none none [0:1] [0:1] [0:1] [0:1] [0:1] [0:1] [0:1] [0:1] [0:1] [0:1] [0:1] [0:1] [0:1] [0:1] [0:1] [0:1] [0:1] [0:1] [0:1] [0:1] [0:1] [0:1] [0:1] [0:1] [0:1] [0:1] [0:1] [0:1] none none [0:1] [0:1] [0:1] none [0:1] [0:1] [0:1] [0:1] [0:1] none [0:1] none none [0:1] none [0:1] [0:1] [0:1] [0:1] [0:1] [0:1] [0:1] [0:1] [0:1] [0:1] [0:1] [0:1] [0:1] [0:1] [0:1] [0:1] [0:1] [0:1] [0:1] [0:1] [0:1] [0:1] [0:1] [0:1] [0:1] none none none none none none none none none none none none none none none none none [0:1] [0:1] [0:1] [0:1] [0:1] [0:1] [0:1] [0:1] [0:1] [0:1] none [0:1] [0:1] [0:1] [0:1] none [0:1] [0:1] none none none [0:1] [0:1] none none none none none [0:1] [0:1] [0:1] [0:1] [0:1] [0:1] [0:1] none none none [0:1] none [0:1] [0:1] [0:1] none [0:1] [0:1] [0:1] [0:1] none none [0:1] [0:1] none none none none [0:1] [0:1] none none none [0:1] none none [0:1] [0:1] none none [0:1] [0:1] none none none none none none none none none none none none none none none none none none none none none none none none none none none none none none none none none none none none none none none none none none none none none none none none none none none none none none none none none none none none none none none none none none none none none none none none none none none none none none none none none none none none none none none none none none none none none none none none none none none none none none none none none none none none none none none none none none none none none none none none none none none none none none none none none none none none none none none none none none none none none none none none none none none none none none none none none none none none none none none none none none none none none none none none none none none none none none none none none none none none none none none none none none none none none none none none none none none none none none none none none none none none none none none none none none none none none none none none none none none none none none none none none none none none none none none none none none none none none
tree_sizes=3424 3451 3482 3474 3483 3498 3473 3503 3481 3504 3495 3486 3487 3488 3489 3500 3470 3505 3485 3481 3505 3474 3501 3457 3516

Tree=0
num_leaves=31
num_cat=0
split_feature=10 8 8 13 13 5 7 7 16 16 34 9 14 5 138 14 5 16 13 26 5 7 54 73 133 11 14 0 26 55
split_gain=322.149 92.1817 57.4172 41.063 30.4059 26.3115 27.1418 24.2932 22.974 17.9325 16.6348 16.8451 16.0663 14.5182 12.7804 11.6786 8.78862 8.60469 7.88305 7.81406 7.6766 7.21053 7.94557 6.97275 6.81307 6.81103 6.63764 6.58743 6.56074 6.48918
threshold=1.0000000180025095e-35 1.0000000180025095e-35 1.0000000180025095e-35 1.0000000180025095e-35 1.0000000180025095e-35 1.0000000180025095e-35 1.0000000180025095e-35 1.0000000180025095e-35 1.0000000180025095e-35 1.0000000180025095e-35 1.0000000180025095e-35 1.0000000180025095e-35 1.0000000180025095e-35 1.0000000180025095e-35 1.0000000180025095e-35 1.0000000180025095e-35 1.0000000180025095e-35 1.0000000180025095e-35 1.0000000180025095e-35 1.0000000180025095e-35 1.0000000180025095e-35 1.0000000180025095e-35 1.0000000180025095e-35 1.0000000180025095e-35 1.0000000180025095e-35 1.0000000180025095e-35 1.0000000180025095e-35 16.041068077087406 1.0000000180025095e-35 1.0000000180025095e-35
decision_type=2 2 2 2 2 2 2 2 2 2 2 2 2 2 2 2 2 2 2 2 2 2 2 2 2 2 2 2 2 2
left_child=1 4 5 7 -1 6 9 13 10 12 11 -4 29 -3 -10 16 21 26 -8 -20 -13 25 -23 -14 -17 -5 -6 -15 -18 -2
right_child=2 3 8 15 17 -7 18 -9 14 -11 -12 20 23 27 -16 24 28 -19 19 -21 -22 22 -24 -25 -26 -27 -28 -29 -30 -31
leaf_value=-1.17885541024633 -0.79225684883309255 -1.0232169066747687 -0.86210904779502728 -0.88160781441621117 -1.0738792174212257 -1.0690059128774385 -1.0825901751650051 -1.1452081379085761 -0.98386048136750304 -1.0198034564201954 -0.99940473244367067 -0.92253954166657837 -1.0248688597924964 -1.1195797515266372 -1.1584654695680006 -1.0385622033291531 -1.1067323142932308 -1.1471272320058885 -1.0828554733971834 -0.96088998882007559 -1.0434309221502212 -1.0940916338188529 -0.9395944280208981 -0.90592196009057457 -1.154485996085326 -0.99724826335525685 -1.1290648818974942 -0.98734810981299315 -0.98594358976028451 -0.90207367804139471
leaf_weight=175.33155995607376 7.8052051663398769 42.452701270580292 49.686793863773346 14.658556044101717 50.638648152351379 91.568382561206818 34.266754388809204 66.629800200462341 50.829019010066986 31.791933238506317 19.227456629276276 14.658556044101715 14.658556044101717 37.503058969974518 4.5689005851745597 26.271178364753723 8.3763177394866943 58.06311160326004 8.3763177394866943 14.087443470954895 8.1859468817710876 6.4726091623306257 6.8533508777618408 7.42446345090866 6.2822383046150199 7.8052051663398734 38.264542400836945 4.1881588697433463 9.7089137434959412 17.323748052120209
leaf_count=921 41 223 261 77 266 481 180 350 267 167 101 77 77 197 24 138 44 305 44 74 43 34 36 39 33 41 201 22 51 91
internal_value=-1.06787 -1.11591 -0.996076 -1.0686 -1.15073 -1.02758 -0.999638 -1.1001 -0.947409 -0.961745 -0.916708 -0.894786 -0.92265 -1.06438 -0.998261 -1.01364 -0.98507 -1.11719 -1.05241 -1.00637 -0.965859 -0.956359 -1.01464 -0.984878 -1.06093 -0.921788 -1.09763 -1.1063 -1.04189 -0.867964
internal_weight=933.959 559.5 374.459 237.202 322.298 227.303 135.734 150.774 147.157 79.0039 91.7588 72.5313 47.212 84.1439 55.3979 86.4284 53.875 146.966 56.7305 22.4638 22.8445 35.7897 13.326 22.083 32.5534 22.4638 88.9032 41.6912 18.0852 25.129
internal_count=4906 2939 1967 1246 1693 1194 713 792 773 415 482 381 248 442 291 454 283 772 298 118 120 188 70 116 171 118 467 219 95 132
is_linear=0
shrinkage=1


Tree=1
num_leaves=31
num_cat=0
split_feature=10 8 8 13 13 7 5 7 5 39 9 16 5 14 0 14 14 7 12 0 13 54 128 0 1 0 26 56 0 0
split_gain=257.933 79.8985 41.3939 32.8505 28.0785 20.8017 20.0958 19.9649 16.4872 14.4907 14.016 12.5019 11.7201 10.5841 9.08313 11.1264 8.48598 7.99556 7.27094 6.83067 6.17039 6.20962 7.17322 6.11012 7.90768 5.96536 5.8613 5.74321 7.8735 5.54226
threshold=1.0000000180025095e-35 1.0000000180025095e-35 1.0000000180025095e-35 1.0000000180025095e-35 1.0000000180025095e-35 1.0000000180025095e-35 1.0000000180025095e-35 1.0000000180025095e-35 1.0000000180025095e-35 1.0000000180025095e-35 1.0000000180025095e-35 1.0000000180025095e-35 1.0000000180025095e-35 1.0000000180025095e-35 16.495551109313968 1.0000000180025095e-35 1.0000000180025095e-35 1.0000000180025095e-35 1.0000000180025095e-35 14.528405189514162 1.0000000180025095e-35 1.0000000180025095e-35 1.0000000180025095e-35 5.7987680435180673 -0.13499125093221662 17.100615501403812 1.0000000180025095e-35 1.0000000180025095e-35 12.462697029113771 3.2429842948913579
decision_type=2 2 2 2 2 2 2 2 2 2 2 2 2 2 2 2 2 2 2 2 2 2 2 2 2 2 2 2 2 2
left_child=1 4 6 5 -1 12 7 11 9 16 -10 13 -3 -2 15 23 -4 -6 -11 -18 21 22 -9 -5 -25 29 -22 28 -14 -8
right_child=2 3 8 14 17 -7 25 20 10 18 -12 -13 27 -15 -16 -17 19 -19 -20 -21 26 -23 -24 24 -26 -27 -28 -29 -30 -31
leaf_value=-0.1060193553131243 0.16359465656524175 0.039284614799442431 0.17310195885107094 0.1193001077155975 -0.026466911935350258 -0.072522162552027356 -0.079010406995423554 0.05852951610881179 0.091098348343095353 0.028377822318988857 -0.019936404927323625 0.042216231712090296 -0.037012957948120186 0.071607770588994715 0.16707566040675575 -0.0093896146933604985 0.12451445189118802 -0.074752433759367826 0.13739863354686171 -0.016957788376339152 -0.013596191319882154 -0.061119997805023488 -0.087862722894351319 -0.050982689424640515 0.066997517368351259 -0.11243565653774688 0.091317103168588265 -0.06665138569572035 0.11013553640634877 0.012426947525753887
leaf_weight=165.69867834448814 27.480182752013206 43.371991217136383 48.914521113038063 15.538429409265516 86.628166377544403 64.087852835655212 7.2300631999969474 14.552921637892725 37.273140460252762 18.665890038013458 16.357770547270775 32.532581195235252 11.502817928791048 22.958773508667946 5.9146382957696906 30.34202367067337 21.172663807868961 56.765751242637634 9.0997800230979937 4.0687254071235648 8.3148655295372009 15.119918584823607 4.3469765931367865 7.0172934383153871 29.834804311394695 4.5663557052612296 14.810147136449814 24.080033630132675 5.3171136379241934 79.720960021018982
leaf_count=921 132 223 241 78 467 350 38 77 184 94 84 167 62 116 30 159 104 305 46 20 44 80 23 36 151 24 74 129 28 419
internal_value=-0.000221061 -0.044487 0.0622131 -0.000805587 -0.0779812 -0.0295839 0.0354186 0.0592231 0.102113 0.125729 0.057232 0.0905496 0.00307023 0.121724 0.0473577 0.0387989 0.148801 -0.0455818 0.0641078 0.10171 0.0137384 -0.0133537 0.0248593 0.0667074 0.044532 -0.00102694 0.0535943 -0.035333 0.0095036 0.00482384
internal_weight=933.286 546.1 387.186 237.007 309.093 148.36 231.634 140.116 155.552 101.922 53.6309 82.9715 84.272 50.439 88.6472 82.7326 74.1559 143.394 27.7657 25.2414 57.1448 34.0198 18.8999 52.3905 36.8521 91.5174 23.125 40.9 16.8199 86.951
internal_count=4906 2939 1967 1246 1693 792 1194 713 773 505 268 415 442 248 454 424 365 772 140 124 298 180 100 265 187 481 118 219 90 457
is_linear=0
shrinkage=0.1


Tree=2
num_leaves=31
num_cat=0
split_feature=10 8 8 7 13 5 13 16 13 138 33 14 5 16 31 9 14 16 21 16 73 7 5 7 68 9 7 42 133 55
split_gain=207.925 69.2224 30.6884 27.9537 26.0475 19.2659 15.9368 15.2477 10.8887 9.61672 9.58816 9.36099 10.0773 8.74991 10.2351 8.39029 8.25277 7.8764 7.55399 7.60281 6.46431 6.40319 6.13643 6.06813 8.96988 6.06382 6.3169 5.87305 8.27745 8.8936
threshold=1.0000000180025095e-35 1.0000000180025095e-35 1.0000000180025095e-35 1.0000000180025095e-35 1.0000000180025095e-35 1.0000000180025095e-35 1.0000000180025095e-35 1.0000000180025095e-35 1.0000000180025095e-35 1.0000000180025095e-35 1.0000000180025095e-35 1.0000000180025095e-35 1.0000000180025095e-35 1.0000000180025095e-35 1.0000000180025095e-35 1.0000000180025095e-35 1.0000000180025095e-35 1.0000000180025095e-35 1.0000000180025095e-35 1.0000000180025095e-35 1.0000000180025095e-35 1.0000000180025095e-35 1.0000000180025095e-35 1.0000000180025095e-35 1.0000000180025095e-35 1.0000000180025095e-35 1.0000000180025095e-35 1.0000000180025095e-35 1.0000000180025095e-35 1.0000000180025095e-35
decision_type=2 2 2 2 2 2 2 2 2 2 2 2 2 2 2 2 2 2 2 2 2 2 2 2 2 2 2 2 2 2
left_child=1 4 6 5 -1 16 13 10 -5 -9 15 23 -13 22 -15 -4 18 -6 19 20 -3 -12 25 24 -8 26 -2 28 29 -18
right_child=2 3 7 8 17 -7 11 9 -10 -11 21 12 -14 14 -16 -17 27 -19 -20 -21 -22 -23 -24 -25 -26 -27 -28 -29 -30 -31
leaf_value=-0.10144410871136629 0.12419214031043363 0.14383613230562226 0.14820400290764618 -0.067971369510021681 -0.023129476251405458 -0.016245491345949641 0.085311888700006222 0.059321052498172502 0.0046637142900189717 -0.091291247676702297 0.0929886577478162 0.061750462464527811 -0.051819318024767053 0.0029736419483075462 -0.097547393972251012 0.078555238940153968 0.18749716458294755 -0.071761255871561305 0.20036386067487474 0.024497367316455621 0.038375413006404999 -0.021763955050011712 -0.0015494611761279551 0.046949042659544457 0.20291498652171264 0.01427107163698804 0.025363556755173568 -0.063485174358420868 -0.06537920260410883 0.033052892875099264
leaf_weight=156.34281505644321 16.355103746056557 16.532602742314339 56.410956367850304 61.66955754160881 85.525437489151955 60.397620886564255 28.401065364480019 55.25320465862751 31.020017445087433 4.5917258709669104 13.28793525695801 21.919041976332664 12.140557184815405 44.161787986755371 13.14412000775337 24.944399297237396 4.9286815673112914 54.541687145829201 4.9682703763246527 20.085424318909645 8.9633559435606021 7.6690697520971289 34.630418121814728 23.296342045068741 8.4049082249402982 21.837199315428734 10.698001876473429 6.8504453003406516 5.7412530183792105 15.311452999711037
leaf_count=921 77 81 258 350 467 322 141 267 158 24 65 109 64 230 68 121 25 305 24 99 44 38 182 118 41 107 57 35 30 78
internal_value=-0.000373985 -0.0411934 0.0543963 -0.000841056 -0.0733855 0.0267648 0.0313045 0.0878595 -0.0436629 0.047765 0.111312 0.0631526 0.0212685 0.0100098 -0.0200826 0.126849 0.0579193 -0.0420665 0.0832738 0.0705112 0.10676 0.0509957 0.030657 0.086888 0.112167 0.0534698 0.0851109 0.0188823 0.0406 0.0706617
internal_weight=930.024 532.879 397.146 236.469 296.41 143.779 234.989 162.157 92.6896 59.8449 102.312 94.1619 34.0596 140.827 57.3059 81.3554 83.3815 140.067 50.5497 45.5814 25.496 20.957 83.5207 60.1023 36.806 48.8903 27.0531 32.8318 25.9814 20.2401
internal_count=4906 2939 1967 1246 1693 738 1194 773 508 291 482 473 173 721 298 379 416 772 248 224 125 103 423 300 182 241 134 168 133 103
is_linear=0
shrinkage=0.1


Tree=3
num_leaves=31
num_cat=0
split_feature=10 8 5 13 13 7 7 16 8 0 5 7 16 14 0 0 14 8 9 0 0 8 31 81 54 5 39 0 79 82
split_gain=168.434 59.9127 27.0417 24.2001 23.156 22.7019 14.4594 11.8651 8.75191 8.47952 7.58044 7.29036 7.21305 7.01376 6.64627 6.02639 7.72233 5.77871 9.97219 6.02452 5.77365 5.98074 5.72438 5.69105 8.0566 5.56698 5.54243 5.41755 5.29817 5.28484
threshold=1.0000000180025095e-35 1.0000000180025095e-35 1.0000000180025095e-35 1.0000000180025095e-35 1.0000000180025095e-35 1.0000000180025095e-35 1.0000000180025095e-35 1.0000000180025095e-35 1.0000000180025095e-35 17.548254966735843 1.0000000180025095e-35 1.0000000180025095e-35 1.0000000180025095e-35 1.0000000180025095e-35 3.2429842948913579 16.495551109313968 1.0000000180025095e-35 1.0000000180025095e-35 1.0000000180025095e-35 13.882272243499758 16.379192352294925 1.0000000180025095e-35 1.0000000180025095e-35 1.0000000180025095e-35 1.0000000180025095e-35 1.0000000180025095e-35 1.0000000180025095e-35 4.2108144760131845 1.0000000180025095e-35 1.0000000180025095e-35
decision_type=2 2 2 2 2 2 2 2 2 2 2 2 2 2 2 2 2 2 2 2 2 2 2 2 2 2 2 2 2 2
left_child=1 3 5 -1 6 8 10 20 12 14 -3 -5 13 -2 -4 16 -6 23 28 -20 21 27 -23 -16 26 29 -25 -7 -19 -8
right_child=2 4 9 11 15 7 25 -9 -10 -11 -12 -13 -14 -15 17 -17 -18 18 19 -21 -22 22 -24 24 -26 -27 -28 -29 -30 -31
leaf_value=-0.097175965303226933 0.12539935191982959 0.028701898516314203 -0.053429456460903774 -0.020328089446498818 0.053894755286762255 -0.052080132371099611 -0.056921715810913445 -0.015717536124103919 0.11830141618463526 -0.11628813026794915 -0.031151692382527338 -0.06762727326455685 0.034084316621764817 0.053226057594755551 -0.012724521336645601 0.13156293979045522 -0.009075517534476097 0.065767407141445189 -0.055255485530829651 0.088494780829770622 -0.052026215251870928 0.11911487899104019 0.0011733551886347912 0.13200512210280158 -0.0095011103875752984 -0.10183400072890801 0.0091353143486778681 0.054278113021184932 0.18135717000406887 0.042960343922521342
leaf_weight=147.35782831907272 30.024673074483871 45.160674571990967 11.851433485746382 83.504879310727119 54.620167508721352 5.8680706322193172 29.692915081977844 35.830468937754631 68.107136934995651 4.8383682519197455 39.815266445279121 53.441844016313553 33.550501346588135 24.41279798746109 49.861725732684135 6.4701323658227912 30.266646847128868 30.318354994058609 10.915762484073637 3.9778821319341651 4.591671258211135 23.018201097846035 5.0111392289400092 10.835306480526926 15.92559292912483 23.245310664176941 5.5525238066911689 26.048038333654404 4.562090888619422 6.4476044178009024
leaf_count=921 132 223 61 467 265 30 175 181 311 25 219 305 167 116 260 30 159 139 55 20 23 101 25 56 83 137 29 132 21 38
internal_value=-0.000482947 -0.0381434 0.0478612 -0.0690501 -0.000866178 0.0675305 -0.0257995 0.0304268 0.0913878 0.0139236 0.000657647 -0.038786 0.0705553 0.0930328 0.0183048 0.0385333 0.0314425 0.0247478 0.0516372 -0.0168618 0.0560457 0.0643238 0.0980291 0.00846074 0.041151 -0.0636573 0.0903744 0.0347232 0.0808856 -0.0391024
internal_weight=925.125 520.023 405.102 284.305 235.719 256.463 144.362 100.368 156.095 148.639 84.9759 136.947 87.988 54.4375 143.801 91.3569 84.8868 131.949 49.7741 14.8936 64.5371 59.9454 28.0293 82.1751 32.3134 59.3858 16.3878 31.9161 34.8804 36.1405
internal_count=4906 2939 1967 1693 1246 1218 792 492 726 749 442 772 415 248 724 454 424 663 235 75 311 288 126 428 168 350 85 162 160 213
is_linear=0
shrinkage=0.1


Tree=4
num_leaves=31
num_cat=0
split_feature=10 8 13 5 7 7 5 16 13 0 86 16 16 65 33 14 0 0 9 8 14 67 0 12 21 16 5 42 16 69
split_gain=136.876 51.8189 22.4939 20.9806 19.9701 17.2136 12.9616 9.36845 7.34826 7.31798 7.19751 8.61523 7.17237 7.1132 6.68209 6.14476 5.82485 5.80719 5.69958 8.0682 5.55817 5.49563 5.39194 5.37333 5.2604 5.51276 5.11435 4.99854 4.96513 4.84905
threshold=1.0000000180025095e-35 1.0000000180025095e-35 1.0000000180025095e-35 1.0000000180025095e-35 1.0000000180025095e-35 1.0000000180025095e-35 1.0000000180025095e-35 1.0000000180025095e-35 1.0000000180025095e-35 17.100615501403812 1.0000000180025095e-35 1.0000000180025095e-35 1.0000000180025095e-35 1.0000000180025095e-35 1.0000000180025095e-35 1.0000000180025095e-35 5.3018479347229013 7.2840518951416025 1.0000000180025095e-35 1.0000000180025095e-35 1.0000000180025095e-35 1.0000000180025095e-35 16.880219459533695 1.0000000180025095e-35 1.0000000180025095e-35 1.0000000180025095e-35 1.0000000180025095e-35 1.0000000180025095e-35 1.0000000180025095e-35 1.0000000180025095e-35
decision_type=2 2 2 2 2 2 2 2 2 2 2 2 2 2 2 2 2 2 2 2 2 2 2 2 2 2 2 2 2 2
left_child=1 2 -1 5 6 10 20 -7 26 16 11 13 15 22 -13 -4 -5 -17 19 -18 24 -12 -2 -8 25 29 27 -6 -20 -3
right_child=3 4 12 9 8 7 23 -9 -10 -11 21 14 -14 -15 -16 17 18 -19 28 -21 -22 -23 -24 -25 -26 -27 -28 -29 -30 -31
leaf_value=-0.093146678331888763 0.094378990584632422 0.11167180935268206 0.0059041937036042966 -0.019411720734060778 -0.0538831904939443 0.049464771607200475 0.012392453886692937 -0.014251741302224853 0.0004901420832856575 -0.08269342278634019 0.22619530921525666 0.060562239631555916 -0.065060599601470301 -0.010642236486242043 -0.02367341580796618 -0.10453029618249093 0.017058301498683644 -0.019290851136736089 0.023161094603916233 0.084605523196414845 0.014617956565185223 0.095378201158300119 0.20417168278580355 -0.048169668370558458 0.16003603588423948 0.017182326825544492 -0.097576324206478215 0.043359475722673319 -0.055245433610377696 0.016478058521692741
leaf_weight=138.80581909418106 78.239460811018944 19.692982003092769 47.629749715328217 32.762299045920372 28.868054524064064 65.670817017555237 33.616992756724358 35.577989429235458 31.56107796728611 7.6771000474691382 5.5539586097002012 46.625845029950142 51.372121796011925 6.1692458093166342 11.800559267401693 12.325559005141256 43.293116226792336 22.735321074724197 23.193949326872826 29.893265530467033 33.341967731714249 7.6136524975299835 4.744223251938819 25.966012895107269 5.4229715913534156 20.643761903047562 21.903673961758614 6.4709227830171576 12.391494467854498 7.3475643098354331
leaf_count=921 343 91 266 167 174 311 181 181 158 41 25 219 305 27 57 71 225 130 119 133 168 34 21 141 24 99 137 39 64 34
internal_value=-0.000558583 -0.0352923 -0.06493 0.0423261 -0.000854725 0.0593725 0.0218857 0.0270753 -0.0382499 0.0123948 0.0797154 0.0733948 -0.0357151 0.0929542 0.0435489 -0.017484 0.0175526 -0.0492566 0.0286863 0.0446482 0.0466192 0.150555 0.100656 -0.0140003 0.0667103 0.0560967 -0.0596095 -0.0360771 -0.00414148 0.0858054
internal_weight=918.912 507.705 272.869 411.207 234.836 261.996 146.032 101.249 88.8037 149.211 160.747 147.579 134.063 89.1529 58.4264 82.6906 141.534 35.0609 108.772 73.1864 86.4492 13.1676 82.9837 59.583 53.1073 47.6843 57.2427 35.339 35.5854 27.0405
internal_count=4906 2939 1693 1967 1246 1218 738 492 508 749 726 667 772 391 276 467 708 201 541 358 416 59 364 322 248 224 350 213 183 125
is_linear=0
shrinkage=0.1


Tree=5
num_leaves=31
num_cat=0
split_feature=10 8 13 8 13 13 7 138 14 151 55 1 7 14 9 5 81 31 5 78 105 0 16 31 67 7 73 5 133 7
split_gain=111.555 44.7501 20.855 16.574 16.5195 11.6359 10.0685 8.53868 7.48339 8.12754 7.19321 8.41788 6.59488 6.58684 6.32277 9.13503 8.38539 7.46775 6.26639 5.42226 5.26377 5.22806 4.79549 8.24897 4.72603 5.95481 4.7169 4.70141 4.69444 4.68537
threshold=1.0000000180025095e-35 1.0000000180025095e-35 1.0000000180025095e-35 1.0000000180025095e-35 1.0000000180025095e-35 1.0000000180025095e-35 1.0000000180025095e-35 1.0000000180025095e-35 1.0000000180025095e-35 1.0000000180025095e-35 1.0000000180025095e-35 0.81200090050697338 1.0000000180025095e-35 1.0000000180025095e-35 1.0000000180025095e-35 1.0000000180025095e-35 1.0000000180025095e-35 1.0000000180025095e-35 1.0000000180025095e-35 1.0000000180025095e-35 1.0000000180025095e-35 14.680356025695803 1.0000000180025095e-35 1.0000000180025095e-35 1.0000000180025095e-35 1.0000000180025095e-35 1.0000000180025095e-35 1.0000000180025095e-35 1.0000000180025095e-35 1.0000000180025095e-35
decision_type=2 2 2 2 2 2 2 2 2 2 2 2 2 2 2 2 2 2 2 2 2 2 2 2 2 2 2 2 2 2
left_child=1 2 -1 5 6 22 10 8 9 14 11 28 20 19 17 16 -16 -5 -15 26 -4 -14 -2 24 25 -24 -7 -8 -3 -6
right_child=3 4 12 7 29 13 27 -9 -10 -11 -12 -13 21 18 15 -17 -18 -19 -20 -21 -22 -23 23 -25 -26 -27 -28 -29 -30 -31
leaf_value=-0.089303155647324703 0.017355948060869569 0.042855237130957263 -0.020995743118694205 0.12157557429527828 0.047805613964199967 0.09594439785362649 -0.033242561128101832 -0.025306306822600152 0.037681880050135813 -0.027458924321494223 -0.022674670537171957 0.17006871672716872 -0.076102150365925006 0.042348048393096936 0.036903301285552532 -0.030153223177206385 0.16365247654435799 0.033341177786438581 -0.047181303777903229 -0.037593911389838752 0.096866702955530959 0.0085467857824462531 0.084968517616695119 -0.091894721505808019 -0.026772346039490569 -0.032701179066833529 0.03712116593763852 -0.093558929871322152 -0.05183853632648288 0.00044102732319402697
leaf_weight=130.72459691762924 87.076658919453621 19.215899184346206 76.912746548652649 56.693632736802101 61.71583479642868 37.500970423221588 34.60066145658493 10.712141960859297 57.050335049629211 6.3061561286449423 54.708278030157089 4.1619914919137946 41.606022790074348 23.366161286830902 12.97450952231884 9.3916788250207919 8.7326181083917618 11.545516699552534 11.748706161975859 4.6508872807025901 3.9855386316776267 8.84780704975128 11.124389350414278 12.45513369143009 26.504719793796539 7.0112434774637213 21.417405143380165 20.626512661576271 7.195745274424552 31.567911177873611
leaf_count=921 423 97 444 244 296 175 213 52 253 28 287 20 252 109 57 48 38 53 64 22 23 53 55 68 137 38 103 137 38 158
internal_value=-0.000610935 -0.0326527 -0.0610263 0.0375586 -0.000846501 0.0206974 -0.0225052 0.0611727 0.0668667 0.0826271 -0.000963658 0.0378859 -0.0328846 0.0471544 0.0896156 0.052244 0.0878936 0.106647 0.0123934 0.066356 -0.0151891 -0.0612577 0.00258781 -0.0199352 0.000142324 0.0394774 0.0745616 -0.0557698 0.0170563 0.0317771
internal_weight=912.132 495.87 262.077 416.263 233.793 242.856 140.509 173.407 162.694 105.644 85.2819 30.5736 131.352 98.6841 99.338 31.0988 21.7071 68.2391 35.1149 63.5693 80.8983 50.4538 144.172 57.0955 44.6404 18.1356 58.9184 55.2272 26.4116 93.2837
internal_count=4906 2939 1693 1967 1246 1194 792 773 721 468 442 155 772 473 440 143 95 297 173 300 467 305 721 298 230 93 278 350 135 454
is_linear=0
shrinkage=0.1


Tree=6
num_leaves=31
num_cat=0
split_feature=10 8 13 5 7 7 5 16 16 0 98 14 12 33 13 0 11 0 86 140 13 139 78 21 16 9 14 7 0 1
split_gain=91.0217 38.5888 19.306 14.8001 13.4746 12.6265 9.88921 6.54103 6.47735 6.3582 5.66378 5.52614 7.21371 14.9626 5.465 5.43702 6.08637 4.84008 4.75171 4.59854 4.54387 10.0575 6.7969 5.75614 5.02219 7.53186 4.96877 5.26764 5.71369 5.54491
threshold=1.0000000180025095e-35 1.0000000180025095e-35 1.0000000180025095e-35 1.0000000180025095e-35 1.0000000180025095e-35 1.0000000180025095e-35 1.0000000180025095e-35 1.0000000180025095e-35 1.0000000180025095e-35 17.548254966735843 1.0000000180025095e-35 1.0000000180025095e-35 1.0000000180025095e-35 1.0000000180025095e-35 1.0000000180025095e-35 17.100615501403812 1.0000000180025095e-35 3.2429842948913579 1.0000000180025095e-35 1.0000000180025095e-35 1.0000000180025095e-35 1.0000000180025095e-35 1.0000000180025095e-35 1.0000000180025095e-35 1.0000000180025095e-35 1.0000000180025095e-35 1.0000000180025095e-35 1.0000000180025095e-35 12.746064186096193 -0.094227697700262056
decision_type=2 2 2 2 2 2 2 2 2 2 2 2 2 2 2 2 2 2 2 2 2 2 2 2 2 2 2 2 2 2
left_child=1 2 -1 5 6 11 10 -7 15 17 19 12 13 -2 -6 16 -4 -5 -9 -3 22 23 24 26 -19 -26 27 28 29 -22
right_child=3 4 8 9 14 7 -8 18 -10 -11 -12 -13 -14 -15 -16 -17 -18 20 -20 -21 21 -23 -24 -25 25 -27 -28 -29 -30 -31
leaf_value=-0.085604029807708357 0.082058678810655372 0.036933421060172666 -0.045239252468610928 -0.050177891243366218 -0.052094987725788078 0.038206176584007163 -0.014135544695772476 -0.0016484808768883767 -0.059060990603207436 -0.10944699788227182 0.11052336873972904 0.042292010958817933 0.10989646675886491 -0.046015053477300442 0.00039684378725168281 0.094664226834461462 0.011592927564059746 0.03028622654717 -0.11669477490037508 -0.050957574279607655 0.086122521014991654 0.16489938517526215 -0.10369300800728219 0.12836551525220491 0.015442878497537119 -0.087815248687890063 -0.041330537147999218 -0.030798944236665588 0.14514702190541726 -0.060050566660836802
leaf_weight=123.13359493017197 44.162083059549332 72.268938168883324 40.968957543373108 11.564444079995154 53.341029420495033 67.767099559307098 59.480073988437653 31.443830624222755 48.570096418261528 4.4487645179033271 9.7411440312862378 66.874019831418991 43.677400499582291 11.496675729751585 31.574059158563614 4.4473171830177298 34.89306640625 50.969221711158752 4.0528121292591086 6.487311363220214 6.1276662349700928 5.8556274622678748 5.5169535279273978 4.7560400217771521 20.159598976373672 10.874562919139864 12.000316962599753 7.793123483657836 6.1778139621019355 4.501614794135099
leaf_count=921 188 339 240 61 350 311 322 161 305 25 46 298 187 53 158 25 202 248 20 31 30 29 28 23 99 58 61 37 29 21
internal_value=-0.000648166 -0.0301689 -0.0572876 0.0334168 -0.000823848 0.0474533 0.0173973 0.019991 -0.0302336 0.00832515 0.0385908 0.0645152 0.0794761 0.0556042 -0.0325769 -0.0127991 -0.019099 0.0119065 -0.0147838 0.0296937 0.0172354 0.042239 0.00374731 0.0248717 0.0109756 -0.0207394 0.0114233 0.0371573 0.0686672 0.0242166
internal_weight=905.125 484.906 252.013 420.22 232.893 269.474 147.977 103.264 128.879 150.746 88.4974 166.21 99.3362 55.6588 84.9151 80.3093 75.862 146.297 35.4966 78.7562 134.733 47.2122 87.5203 41.3566 82.0034 31.0342 36.6005 24.6002 16.8071 10.6293
internal_count=4906 2939 1693 1967 1246 1218 738 492 772 749 416 726 428 241 508 467 442 724 181 370 663 230 433 201 405 157 178 117 80 51
is_linear=0
shrinkage=0.1


Tree=7
num_leaves=31
num_cat=0
split_feature=10 8 13 8 13 13 16 7 16 138 7 33 78 74 5 15 14 0 5 82 0 14 83 14 68 78 105 32 6 15
split_gain=74.3082 33.2295 17.8113 13.0194 12.0342 8.22231 7.68092 6.87218 6.26577 5.9924 5.82184 5.61789 5.83059 5.56836 6.03146 5.28641 4.89814 4.52935 4.49428 4.75355 4.3086 5.41144 4.4026 4.23957 4.6074 4.30216 4.1688 4.64555 8.31424 7.28071
threshold=1.0000000180025095e-35 1.0000000180025095e-35 1.0000000180025095e-35 1.0000000180025095e-35 1.0000000180025095e-35 1.0000000180025095e-35 1.0000000180025095e-35 1.0000000180025095e-35 1.0000000180025095e-35 1.0000000180025095e-35 1.0000000180025095e-35 1.0000000180025095e-35 1.0000000180025095e-35 1.0000000180025095e-35 1.0000000180025095e-35 1.0000000180025095e-35 1.0000000180025095e-35 14.680356025695803 1.0000000180025095e-35 1.0000000180025095e-35 16.495551109313968 1.0000000180025095e-35 1.0000000180025095e-35 1.0000000180025095e-35 1.0000000180025095e-35 1.0000000180025095e-35 1.0000000180025095e-35 1.0000000180025095e-35 1.0000000180025095e-35 1.0000000180025095e-35
decision_type=2 2 2 2 2 2 2 2 2 2 2 2 2 2 2 2 2 2 2 2 2 2 2 2 2 2 2 2 2 2
left_child=1 2 -1 5 7 -2 11 8 16 -8 26 12 13 -5 15 -15 -3 -12 19 -9 21 -6 -23 25 -25 -7 27 -4 29 -29
right_child=3 4 10 6 20 23 9 18 -10 -11 17 -13 -14 14 -16 -17 -18 -19 -20 -21 -22 22 -24 24 -26 -27 -28 28 -30 -31
leaf_value=-0.082017380764196457 -0.00033475187429862362 0.048310972246029371 -0.028540028543272446 0.10761969505783815 0.038880968965153952 0.058836246746083211 0.031208106663692389 -0.044513967879032938 -0.033502624808763336 -0.089056456869035336 -0.069969711081299263 0.022007235666065897 -0.0099690537712213666 0.12636915577447927 0.0039086305527589243 0.025286794454516648 -0.015843469046436683 0.0094973480540034537 -0.087591540996915032 0.052931404255697881 0.1027094287295848 0.0015445132357027708 -0.11052879962941038 0.024974761644967456 -0.071914981307419815 -0.040410366320001459 0.086690584017258057 -0.0069044810149469522 -0.049317423438682062 0.18897017058144036
leaf_weight=116.03841251134872 145.13264247775078 28.132192060351372 60.566108569502831 46.850567385554314 57.066362962126732 61.272179916501045 59.690430700778961 26.699450269341469 36.766454428434372 4.45212398469448 38.94699439406395 22.911135494709015 7.0271894782781592 13.617239728569984 13.965572789311407 8.3441088944673538 20.626566022634506 8.7913415729999524 18.757963120937347 6.1612727493047705 6.8984253108501425 26.828485444188122 4.0319022685289374 29.522207722067833 5.8865651786327353 4.7029694914817801 4.1320413351058951 3.3275389075279218 6.3879756033420563 4.4161023944616318
leaf_count=921 721 143 360 198 265 278 267 175 192 24 252 103 30 56 61 34 107 53 137 38 30 138 21 143 30 22 23 20 38 26
internal_value=-0.000673879 -0.0278447 -0.0537192 0.0297828 -0.000783568 0.0149295 0.0504863 -0.019723 -0.00233236 0.0228606 -0.0277753 0.066207 0.0774834 0.0849074 0.0552895 0.0879634 0.0211715 -0.0553353 -0.0485369 -0.0262433 0.0266082 0.0206375 -0.0130978 0.0367805 0.00886723 0.0517616 -0.0110853 -0.0164939 0.0351339 0.1048
internal_weight=897.951 474.576 242.607 423.375 231.969 246.517 176.858 137.144 85.5252 64.1426 126.568 112.716 89.8047 82.7775 35.9269 21.9613 48.7588 47.7383 51.6187 32.8607 94.8252 87.9268 30.8604 101.384 35.4088 65.9751 78.8298 74.6977 14.1316 7.74364
internal_count=4906 2939 1693 1967 1246 1194 773 792 442 291 772 482 379 349 151 90 250 305 350 213 454 424 159 473 173 300 467 444 84 46
is_linear=0
shrinkage=0.1


Tree=8
num_leaves=31
num_cat=0
split_feature=10 8 13 5 5 7 7 135 16 0 14 0 14 86 16 65 16 52 26 12 13 23 98 86 0 0 139 1 0 14
split_gain=60.8269 28.5422 16.347 11.0562 10.0963 10.0929 7.34234 6.58989 5.7707 5.4232 5.21403 5.1052 5.03246 4.93053 5.83054 5.47103 4.56607 4.56342 5.07713 4.90036 4.2646 4.39115 4.24198 4.14503 4.02256 3.99609 3.86893 3.85142 4.72273 4.13746
threshold=1.0000000180025095e-35 1.0000000180025095e-35 1.0000000180025095e-35 1.0000000180025095e-35 1.0000000180025095e-35 1.0000000180025095e-35 1.0000000180025095e-35 1.0000000180025095e-35 1.0000000180025095e-35 17.548254966735843 1.0000000180025095e-35 7.2840518951416025 1.0000000180025095e-35 1.0000000180025095e-35 1.0000000180025095e-35 1.0000000180025095e-35 1.0000000180025095e-35 1.0000000180025095e-35 1.0000000180025095e-35 1.0000000180025095e-35 1.0000000180025095e-35 1.0000000180025095e-35 1.0000000180025095e-35 1.0000000180025095e-35 3.2429842948913579 16.379192352294925 1.0000000180025095e-35 0.9397673010826112 16.880219459533695 1.0000000180025095e-35
decision_type=2 2 2 2 2 2 2 2 2 2 2 2 2 2 2 2 2 2 2 2 2 2 2 2 2 2 2 2 2 2
left_child=1 2 -1 5 6 13 22 12 10 24 -4 -12 17 14 15 -2 25 18 -8 -20 21 -6 27 -18 -5 -7 -13 28 29 -3
right_child=3 4 8 9 20 16 7 -9 -10 -11 11 26 -14 -15 -16 -17 23 -19 19 -21 -22 -23 -24 -25 -26 -27 -28 -29 -30 -31
leaf_value=-0.07851889316803401 0.070782041805248053 0.044532725246343274 0.01268402427777553 -0.048830213081950735 0.061423214031258305 0.035687444408340062 -0.069442466553603754 -0.093768646705569655 -0.053616683979228613 -0.10622455165686549 -0.095728194458732693 -0.031359020111174481 -0.039426542494174661 0.11038453355482086 0.024648600859884431 -0.025323600089980615 -0.0029750220266554716 0.089616959520406839 -0.0053223199744906208 0.12547725092957543 0.0024398054659609449 -0.051569748363026774 0.093864044447079395 -0.11234705162917719 0.012965060411655641 -0.05924667731028576 0.078987847629782046 0.11217487735153089 -0.081403932150333522 -0.0055838220938086748
leaf_weight=109.43441782146692 87.363153666257858 44.325769409537315 45.880157992243767 11.415844455361364 3.6809682846069327 64.413214400410652 6.640578195452691 8.6124799400567991 46.072733655571938 4.2621779143810263 10.831204965710638 17.771710410714153 18.193975478410721 14.069354280829428 61.543371140956879 6.3542302697896949 31.576062574982643 8.4336560964584368 8.6148681044578534 4.2909375131130227 30.23770959675312 52.395330622792244 10.151747018098829 3.8922196477651587 136.3612153083086 4.7617288529872885 3.8691503554582587 4.7884686440229407 4.3542325049638739 26.215499445796013
leaf_count=921 364 198 266 61 22 288 40 52 305 25 71 107 111 59 276 27 161 47 49 25 150 334 46 20 663 23 23 21 20 131
internal_value=-0.000685032 -0.0257021 -0.0503274 0.0266095 -0.000765067 0.0386105 0.0153881 -0.0134647 -0.0255323 0.00498388 -0.00901818 -0.0396815 0.00151381 0.0536988 0.0485621 0.0642659 0.014195 0.0281352 0.00160776 0.0381661 -0.0278303 -0.0441526 0.032984 -0.0149773 0.00819135 0.0291526 -0.0116302 0.0252279 0.0196689 0.0259077
internal_weight=890.808 464.796 233.859 426.013 230.936 273.973 144.622 54.7865 124.425 152.039 78.3522 32.4721 46.174 169.33 155.261 93.7174 104.643 27.98 19.5464 12.9058 86.314 56.0763 89.8357 35.4683 147.777 69.1749 21.6409 79.684 74.8955 70.5413
internal_count=4906 2939 1693 1967 1246 1218 740 324 772 749 467 201 272 726 667 391 492 161 114 74 506 356 416 181 724 311 130 370 349 329
is_linear=0
shrinkage=0.1


Tree=9
num_leaves=31
num_cat=0
split_feature=10 8 13 8 7 13 5 138 14 151 7 9 5 81 31 47 0 0 12 133 5 14 9 54 70 41 86 6 101 54
split_gain=49.8326 24.4236 14.9553 10.2821 8.59223 6.49654 5.84906 5.56788 5.44264 6.33919 5.14754 4.82438 5.5649 6.03915 5.03296 4.50493 5.84508 4.40569 4.35151 4.04151 4.65994 3.95363 4.48335 4.58921 3.89112 3.86409 3.80094 3.78366 3.77905 4.18315
threshold=1.0000000180025095e-35 1.0000000180025095e-35 1.0000000180025095e-35 1.0000000180025095e-35 1.0000000180025095e-35 1.0000000180025095e-35 1.0000000180025095e-35 1.0000000180025095e-35 1.0000000180025095e-35 1.0000000180025095e-35 1.0000000180025095e-35 1.0000000180025095e-35 1.0000000180025095e-35 1.0000000180025095e-35 1.0000000180025095e-35 1.0000000180025095e-35 15.63039016723633 4.7556469440460214 1.0000000180025095e-35 1.0000000180025095e-35 1.0000000180025095e-35 1.0000000180025095e-35 1.0000000180025095e-35 1.0000000180025095e-35 1.0000000180025095e-35 1.0000000180025095e-35 1.0000000180025095e-35 1.0000000180025095e-35 1.0000000180025095e-35 1.0000000180025095e-35
decision_type=2 2 2 2 2 2 2 2 2 2 2 2 2 2 2 2 2 2 2 2 2 2 2 2 2 2 2 2 2 2
left_child=1 2 -1 5 6 28 -3 8 9 11 -4 14 13 27 -5 16 -12 -9 -8 20 21 22 23 -6 -23 26 -7 -13 29 -2
right_child=3 4 10 7 19 25 18 17 -10 -11 15 12 -14 -15 -16 -17 -18 -19 -20 -21 -22 24 -24 -25 -26 -27 -28 -29 -30 -31
leaf_value=-0.075090636390833326 0.017222502294492039 0.029373513153485714 -0.007687696650606657 0.092319746531186894 -0.065608039135203994 0.028666554702734645 0.012328437506226676 -0.085480089479042703 0.022027964839256658 -0.036671622349660059 -0.044436435825595554 -0.023242864964381826 -0.031067894410972425 0.12254790636383464 0.021078881116242384 -0.095643470496067057 0.089958440361342651 0.044072669706424941 -0.042877386669044448 -0.078666852967456818 -0.054354774885012259 0.0015101818625204337 0.073668438510757231 0.037663608868628073 -0.096882202421132796 0.087430282379500679 -0.05450557859609461 0.086252012588910132 -0.094495902337130205 -0.017136027528376712
leaf_weight=103.30954749137163 70.451742932200432 90.654751688241959 77.039348229765892 58.896503120660782 7.6734925806522378 86.597691342234612 33.484942838549614 5.923224985599516 58.912554979324341 6.4210292249917975 26.995413914322857 8.4460921138524991 9.4083809256553632 9.2613764703273773 11.924425616860388 14.707731291651724 3.6768970787525168 4.7140271216630936 24.892251551151276 12.759328439831732 22.671845108270645 10.198145866394045 11.059089437127115 9.7967376261949539 6.6338694393634787 10.490718349814413 5.8668428361415854 5.0386004298925409 4.3679558634757987 71.293965712189674
leaf_count=921 347 416 467 244 45 399 181 29 253 28 184 36 48 38 53 99 22 23 141 83 158 64 62 55 41 47 27 21 22 352
internal_value=-0.000688138 -0.0237077 -0.0470713 0.0238125 -0.00076044 0.0106749 0.013476 0.0420981 0.0465326 0.059729 -0.0234257 0.06574 0.0336172 0.0603726 0.0803246 -0.0501434 -0.0283256 -0.0280672 -0.0112115 -0.0270213 -0.0173354 0.00116709 0.0238437 -0.00769665 -0.0372684 0.0299148 0.0233893 0.0176703 -0.00288196 -5.88381e-05
internal_weight=883.569 455.553 225.729 428.015 229.824 249.069 149.032 178.946 168.309 109.396 122.419 102.975 32.1544 22.7461 70.8209 45.38 30.6723 10.6373 58.3772 80.7925 68.0332 45.3613 28.5293 17.4702 16.832 102.955 92.4645 13.4847 146.114 141.746
internal_count=4906 2939 1693 1967 1246 1194 738 773 721 468 772 440 143 95 297 305 206 52 322 508 425 267 162 100 105 473 426 57 721 699
is_linear=0
shrinkage=0.1


Tree=10
num_leaves=31
num_cat=0
split_feature=10 8 13 16 13 14 7 168 174 135 65 7 86 55 7 16 14 0 79 5 84 9 168 14 0 0 13 81 0 1
split_gain=40.8084 20.8561 13.635 9.30491 8.28581 7.35439 6.45708 8.41876 6.44443 5.92359 5.90604 5.54331 6.48105 5.14376 6.8674 5.06778 4.74347 4.72916 4.71718 4.6099 4.89893 8.76536 4.47074 4.45687 4.55928 4.35723 4.24699 5.23208 5.50669 4.21393
threshold=1.0000000180025095e-35 1.0000000180025095e-35 1.0000000180025095e-35 1.0000000180025095e-35 1.0000000180025095e-35 1.0000000180025095e-35 1.0000000180025095e-35 1.0000000180025095e-35 1.0000000180025095e-35 1.0000000180025095e-35 1.0000000180025095e-35 1.0000000180025095e-35 1.0000000180025095e-35 1.0000000180025095e-35 1.0000000180025095e-35 1.0000000180025095e-35 1.0000000180025095e-35 13.096509456634523 1.0000000180025095e-35 1.0000000180025095e-35 1.0000000180025095e-35 1.0000000180025095e-35 1.0000000180025095e-35 1.0000000180025095e-35 7.2840518951416025 11.623545169830324 1.0000000180025095e-35 1.0000000180025095e-35 12.992471218109133 0.81200090050697338
decision_type=2 2 2 2 2 2 2 2 2 2 2 2 2 2 2 2 2 2 2 2 2 2 2 2 2 2 2 2 2 2
left_child=1 2 -1 5 9 6 7 18 11 13 -7 12 22 14 29 23 -15 -14 19 20 21 -2 -5 -4 -25 -13 -8 28 -28 -3
right_child=3 4 15 8 -6 10 26 -9 -10 -11 -12 25 17 16 -16 -17 -18 -19 -20 -21 -22 -23 -24 24 -26 -27 27 -29 -30 -31
leaf_value=-0.071720004981134497 0.13188808240955713 0.031759482150353527 0.014004476703261569 -0.0022653104488350255 0.021712576728780669 0.018015154066446201 0.00078672632956134627 -0.053547650040180243 0.10535879358197753 -0.075274509272369103 -0.08231022229108681 -0.0071452293907829402 0.018759851489181113 -0.0045156883269234626 -0.042534339292135806 -0.048563189455286128 -0.054500003187178361 0.16327178991987068 0.14252303344601613 0.033492646818230255 0.0022536428869634859 0.040138632214708647 0.085048166552566709 -0.090755439659272991 -0.0088435674127372976 -0.06934666849714291 0.051854583927512611 0.099888532573640054 -0.074611870863121668 0.13867399519941592
leaf_weight=97.646488733589649 25.45068795979023 21.153552666306499 45.518885150551796 88.750204831361771 95.685932025313377 100.39401036500931 39.055255755782127 5.8627820312976828 5.8229735642671576 15.358391687273977 6.2320381551980963 31.134509786963463 4.4667797982692701 50.203839614987373 11.532949998974798 43.874884717166424 30.532346233725548 4.5930673182010651 8.1816290616989118 32.320087164640427 6.6702242046594611 17.622687518596649 6.2792115807533255 9.9915469139814395 21.241307973861694 17.643920257687569 11.565876811742784 12.56424017250538 4.9024173021316519 4.4645524322986594
leaf_count=921 103 105 266 416 454 453 182 25 27 98 30 156 20 300 84 305 185 20 34 152 27 72 29 71 130 93 51 55 22 20
internal_value=-0.00068061 -0.0218243 -0.0439407 0.021334 -0.000737462 0.0326008 0.0458803 0.0625717 0.00210595 -0.0168592 0.0121514 -0.00182712 0.0112087 -0.00924885 0.0215444 -0.0214536 -0.0234185 0.092023 0.0701153 0.0628964 0.082001 0.0943505 0.00350406 -0.00595645 -0.0350476 -0.0296445 0.0223199 0.0512869 0.014207 0.0503918
internal_weight=876.717 447.205 218.273 429.513 228.932 270.822 164.196 96.1081 158.691 133.246 106.626 152.868 104.089 117.887 37.1511 120.627 80.7362 9.05985 90.2453 82.0637 49.7436 43.0734 95.0294 76.7517 31.2329 48.7784 68.0878 29.0325 16.4683 25.6181
internal_count=4906 2939 1693 1967 1246 1206 723 413 761 792 483 734 485 694 209 772 485 40 388 354 202 175 445 467 201 249 310 128 73 125
is_linear=0
shrinkage=0.1


Tree=11
num_leaves=31
num_cat=0
split_feature=10 7 146 16 1 5 222 16 0 19 8 65 14 0 68 134 54 13 134 16 14 6 0 15 44 7 71 13 0 0
split_gain=33.4192 19.091 12.2376 9.51126 8.38909 7.70709 7.69951 7.86808 7.08341 6.51215 5.82853 5.61932 5.21787 6.99805 7.84916 6.1448 5.89827 4.97811 4.6712 5.37327 5.32575 5.49809 6.49158 6.56172 4.50965 5.10863 4.20587 4.14414 4.87817 4.41405
threshold=1.0000000180025095e-35 1.0000000180025095e-35 1.0000000180025095e-35 1.0000000180025095e-35 0.97049206495285045 1.0000000180025095e-35 1.0000000180025095e-35 1.0000000180025095e-35 17.548254966735843 1.0000000180025095e-35 1.0000000180025095e-35 1.0000000180025095e-35 1.0000000180025095e-35 10.788501262664797 1.0000000180025095e-35 1.0000000180025095e-35 1.0000000180025095e-35 1.0000000180025095e-35 1.0000000180025095e-35 1.0000000180025095e-35 1.0000000180025095e-35 1.0000000180025095e-35 8.6036963462829608 1.0000000180025095e-35 1.0000000180025095e-35 1.0000000180025095e-35 1.0000000180025095e-35 1.0000000180025095e-35 14.017796039581301 10.658453464508058
decision_type=2 2 2 2 2 2 2 2 2 2 2 2 2 2 2 2 2 2 2 2 2 2 2 2 2 2 2 2 2 2
left_child=1 3 5 12 6 8 7 10 18 11 -2 27 -1 15 -15 -14 -16 -9 19 20 21 22 -3 -24 -12 -26 -27 -5 29 -29
right_child=4 2 -4 9 -6 -7 -8 17 -10 -11 24 -13 13 14 16 -17 -18 -19 -20 -21 -22 -23 23 -25 25 26 -28 28 -30 -31
leaf_value=0.027211977177898201 0.017176092722783157 -0.015281992002300033 0.1634552749766659 -0.054475775028201445 -0.085229720231482342 -0.077745910572776189 0.14629481494755864 -0.011667369952971367 0.11126512821403119 0.11439839985099616 0.14155659091305164 0.075410546868933698 0.040163173867098487 -0.086781825945785943 0.10793213541149163 -0.065204852107597119 -0.034616823483172021 0.025961717843271837 -0.095654788655050602 -0.060696756310018862 -0.050574487988178707 -0.025923012567430643 0.19561793800761243 0.026699901444520193 0.059558304349392827 0.036041917094752109 -0.034564792244913788 -0.017327808493114185 -0.073191208693296705 0.060371118562029848
leaf_weight=93.223425455391407 150.87817519903183 7.1797766163945225 2.7283961102366439 53.658479601144791 7.5658547505736342 62.507416233420372 4.8489184230566016 99.744166731834412 3.2856556177139273 3.2029670849442473 4.8489946275949469 4.8067314103245726 29.47869037091732 18.072295598685741 4.4915681108832368 6.8139797672629348 8.2053338810801506 54.295141324400902 12.299409724771975 34.167821563780308 19.912519656121731 16.407285161316395 4.6233423948287946 4.5755890160799026 68.374606549739838 27.635707795619965 12.143739148974417 29.015509948134422 11.001773864030836 9.7745563834905607
leaf_count=518 694 48 19 384 38 509 22 490 22 20 20 32 191 110 26 48 51 249 96 259 150 106 29 31 285 118 51 169 64 57
internal_value=-0.000667372 -0.0200652 -0.046599 -0.00369191 0.0191406 -0.0500733 0.0210084 0.0195547 -0.0331897 -0.0261269 0.0300381 -0.0302846 0.011909 -0.00936377 -0.0444472 0.0203802 0.0158103 0.00159598 -0.0379759 -0.0298092 -0.00978275 0.014992 0.0559785 0.111597 0.0472109 0.042981 0.0144873 -0.0351956 -0.0144182 0.00225124
internal_weight=869.768 439.433 167.687 271.745 430.335 164.959 422.769 417.921 102.451 111.46 263.881 108.257 160.285 67.0619 30.7692 36.2927 12.6969 154.039 99.1657 86.8663 52.6985 32.786 16.3787 9.19893 113.003 108.154 39.7794 103.45 49.7918 38.7901
internal_count=4906 2939 1269 1670 1967 1250 1929 1907 741 726 1168 706 944 426 187 239 77 739 719 623 364 214 108 60 474 454 169 674 290 226
is_linear=0
shrinkage=0.1


Tree=12
num_leaves=31
num_cat=0
split_feature=10 8 13 5 5 7 0 168 16 84 19 7 54 44 9 84 139 11 14 73 13 8 12 81 1 6 83 139 0 1
split_gain=27.3953 17.6614 11.8167 7.94614 6.39421 6.23396 4.17894 4.11818 4.00007 3.97415 3.84712 3.76737 4.5359 3.6521 3.63266 5.13074 5.09126 7.34051 4.74595 5.13694 4.51191 4.21672 3.8557 3.60813 3.5988 5.12399 6.91795 4.90795 3.60452 4.33891
threshold=1.0000000180025095e-35 1.0000000180025095e-35 1.0000000180025095e-35 1.0000000180025095e-35 1.0000000180025095e-35 1.0000000180025095e-35 17.100615501403812 1.0000000180025095e-35 1.0000000180025095e-35 1.0000000180025095e-35 1.0000000180025095e-35 1.0000000180025095e-35 1.0000000180025095e-35 1.0000000180025095e-35 1.0000000180025095e-35 1.0000000180025095e-35 1.0000000180025095e-35 1.0000000180025095e-35 1.0000000180025095e-35 1.0000000180025095e-35 1.0000000180025095e-35 1.0000000180025095e-35 1.0000000180025095e-35 1.0000000180025095e-35 -0.22746976464986798 1.0000000180025095e-35 1.0000000180025095e-35 1.0000000180025095e-35 9.4346337318420428 0.75739601254463207
decision_type=2 2 2 2 2 2 2 2 2 2 2 2 2 2 2 2 2 2 2 2 2 2 2 2 2 2 2 2 2 2
left_child=1 2 9 5 11 14 -5 -7 24 -1 13 -3 -13 -6 15 16 18 -18 19 -2 21 -16 -23 -10 -4 26 27 28 -26 -30
right_child=3 4 8 6 10 7 -8 -9 23 -11 -12 12 -14 -15 20 -17 17 -19 -20 -21 -22 22 -24 -25 25 -27 -28 -29 29 -31
leaf_value=-0.07210107321125199 0.063788102134104532 0.025955341409242324 -0.03712210616881749 0.0025842000394258702 0.076267652061640059 0.0039565146095638139 -0.076057286208906394 0.10109629345824596 -0.067682723098828973 0.016073152142624302 0.084793504381542872 -0.039549892602069245 0.019507860304915324 -0.030312646897009618 -0.027739382856422114 -0.019077864515446918 -0.093913360792945683 0.073926872970971599 0.038433598324468167 0.13345967643624035 0.056081291693061877 0.0064125403398592878 0.11027429831038012 -0.0077665710690143584 0.074883282837342774 -0.027108386173313737 0.13654682527794867 0.12167051041255049 -0.05923753144267533 0.053163653310655326
leaf_weight=84.491622947156429 34.883292898535728 91.144327700138092 23.878114581108093 147.2038206756115 3.3584471121430388 100.94966772198677 7.082236021757125 4.5614720582962027 24.897742211818695 5.4408080577850333 3.2787581756710997 24.11930175870657 28.22226420789957 75.301245376467705 23.316321223974228 9.7846735268831235 5.1701138913631421 5.2535910159349442 39.105538964271545 15.191199943423269 22.102934867143631 11.823723867535593 5.1229785233736029 16.854401364922523 4.4670195430517294 21.883119337260723 5.6183528155088416 3.5889206528663626 11.727854594588282 4.856434851884841
leaf_count=866 147 416 156 708 20 471 41 21 183 55 21 156 168 465 102 41 22 22 167 63 92 49 21 122 28 132 32 21 71 27
internal_value=-0.000667222 -0.0184344 -0.0394713 0.0171649 0.00094888 0.0272871 -0.0010257 0.00815607 -0.0186282 -0.0667666 -0.0213382 0.0136761 -0.0077063 -0.0257621 0.0390396 0.0500207 0.0568087 -0.00932118 0.0645382 0.0849245 0.019779 -0.0001497 0.0378099 -0.0434959 -0.0049701 0.0097538 0.0364127 0.0135805 -0.00484712 -0.0263227
internal_weight=864.68 433.129 207.704 431.552 225.424 277.266 154.286 105.511 117.772 89.9324 81.9385 143.486 52.3416 78.6597 171.754 109.388 99.6037 10.4237 89.18 50.0745 62.366 40.263 16.9467 41.7521 76.0198 52.1417 30.2586 24.6402 21.0513 16.5843
internal_count=4906 2939 1693 1967 1246 1218 749 492 772 921 506 740 324 485 726 462 421 44 377 210 264 172 70 305 467 311 179 147 126 98
is_linear=0
shrinkage=0.1


Tree=13
num_leaves=31
num_cat=0
split_feature=10 7 143 263 16 5 1 5 7 0 19 14 0 0 68 0 58 8 13 134 16 14 81 6 0 15 5 22 31 12
split_gain=22.4566 15.433 12.3107 8.65455 6.93359 6.90547 6.62724 6.12157 5.65617 5.5227 5.0944 4.82706 4.96432 11.2701 5.60807 5.83921 4.74805 6.39021 4.56677 4.3291 4.46704 4.68007 4.21838 4.03964 4.66282 4.06429 4.03599 3.70005 3.97305 11.7684
threshold=1.0000000180025095e-35 1.0000000180025095e-35 1.0000000180025095e-35 1.0000000180025095e-35 1.0000000180025095e-35 1.0000000180025095e-35 0.97049206495285045 1.0000000180025095e-35 1.0000000180025095e-35 17.548254966735843 1.0000000180025095e-35 1.0000000180025095e-35 9.7960300445556658 8.3682408332824725 1.0000000180025095e-35 15.51813840866089 1.0000000180025095e-35 1.0000000180025095e-35 1.0000000180025095e-35 1.0000000180025095e-35 1.0000000180025095e-35 1.0000000180025095e-35 1.0000000180025095e-35 1.0000000180025095e-35 8.6036963462829608 1.0000000180025095e-35 1.0000000180025095e-35 1.0000000180025095e-35 1.0000000180025095e-35 1.0000000180025095e-35
decision_type=2 2 2 2 2 2 2 2 2 2 2 2 2 2 2 2 2 2 2 2 2 2 2 2 2 2 2 2 2 2
left_child=1 3 5 4 11 9 7 8 27 19 18 16 13 -13 -14 -16 17 26 -6 20 21 23 -19 24 -3 -26 -1 28 -2 -30
right_child=6 2 -4 -5 10 -7 -8 -9 -10 -11 -12 12 14 -15 15 -17 -18 22 -20 -21 -22 -23 -24 -25 25 -27 -28 -29 29 -31
leaf_value=0.053085736492006957 0.049578858739022624 -0.012355694784593453 0.17593162335697504 0.15610685431666865 -0.048145270633471259 -0.0725955975902602 -0.079553558554351131 0.0009341502644371109 0.0077403417888777864 0.095024587038777419 0.096976676168088902 -0.011811921002094997 -0.069027128631168985 0.14338998758756324 -0.039473807782848536 0.099724173638150837 0.0057615078991850735 0.13345913115140576 -0.0060900110610895156 -0.091496974290860025 -0.055064467645244919 -0.046755666670744024 0.044696403375606847 -0.020791736889504669 0.15541224601775461 0.025962082148006278 -0.053661466869092095 -0.016302548658797503 -0.043374470828102113 0.078070151346203584
leaf_weight=7.1473095715045911 123.99580751359463 7.0246509760618236 2.559401609003543 3.4064379706978789 53.691865190863609 57.851548366248608 7.2249172925949088 151.82181327044964 104.76703782379627 3.4604327157139769 3.3722553402185431 24.886131063103679 21.587466582655907 5.7621238231658927 7.7316611334681493 4.9385497123003006 56.844992697238922 10.16455289721489 49.741979882121086 11.364900864660738 32.024831786751747 19.143486864864826 11.313189700245857 15.752450831234453 5.1579171568155271 4.5781294703483582 7.0214225202798843 11.947115957736967 18.076688632369041 14.284652784466742
leaf_count=45 518 48 16 21 404 511 38 733 487 22 20 168 139 34 48 29 319 45 295 97 259 151 52 105 29 31 51 51 80 60
internal_value=-0.000650165 -0.0169278 -0.0416119 -0.00226944 -0.00431142 -0.0451728 0.0154169 0.0170318 0.0259818 -0.0290678 -0.0239772 0.00903329 -0.0118718 0.0173673 -0.0380302 0.0147823 0.0237034 0.0523152 -0.0279206 -0.0335858 -0.0257208 -0.00752896 0.0867042 0.0155674 0.0497394 0.0945416 0.000186351 0.0373368 0.0414353 0.0102325
internal_weight=858.646 426.528 158.918 267.61 264.204 156.358 432.118 424.893 273.071 98.5068 106.806 157.397 64.9059 30.6483 34.2577 12.6702 92.4915 35.6465 103.434 95.0464 83.6815 51.6566 21.4777 32.5131 16.7607 9.73605 14.1687 168.304 156.357 32.3613
internal_count=4906 2939 1269 1670 1649 1253 1967 1929 1196 742 719 930 418 202 216 77 512 193 699 720 623 364 97 213 108 60 96 709 658 140
is_linear=0
shrinkage=0.1


Tree=14
num_leaves=31
num_cat=0
split_feature=10 8 214 13 14 13 13 11 30 5 65 168 24 5 22 5 55 0 16 42 9 16 1 24 15 0 128 70 0 40
split_gain=18.4383 14.3621 10.7943 10.7561 6.44301 5.92985 5.57749 5.49142 4.60388 4.72753 4.48534 6.11011 4.23677 4.20014 3.97638 4.10256 3.81072 3.61511 4.50698 5.48685 4.31687 3.50107 3.46492 3.65587 3.42705 3.27111 4.22487 3.19318 3.68657 3.10238
threshold=1.0000000180025095e-35 1.0000000180025095e-35 1.0000000180025095e-35 1.0000000180025095e-35 1.0000000180025095e-35 1.0000000180025095e-35 1.0000000180025095e-35 1.0000000180025095e-35 1.0000000180025095e-35 1.0000000180025095e-35 1.0000000180025095e-35 1.0000000180025095e-35 1.0000000180025095e-35 1.0000000180025095e-35 1.0000000180025095e-35 1.0000000180025095e-35 1.0000000180025095e-35 7.9493498802185067 1.0000000180025095e-35 1.0000000180025095e-35 1.0000000180025095e-35 1.0000000180025095e-35 0.92577382922172557 1.0000000180025095e-35 1.0000000180025095e-35 4.7049965858459482 1.0000000180025095e-35 1.0000000180025095e-35 16.495551109313968 1.0000000180025095e-35
decision_type=2 2 2 2 2 2 2 2 2 2 2 2 2 2 2 2 2 2 2 2 2 2 2 2 2 2 2 2 2 2
left_child=1 2 3 -1 5 12 8 -7 -3 -10 11 14 24 -14 15 -6 -16 -15 19 -19 -20 -5 23 -8 -2 26 -23 -27 -29 -9
right_child=4 6 -4 21 10 7 22 29 9 -11 -12 -13 13 17 16 -17 -18 18 20 -21 -22 25 -24 -25 -26 27 -28 28 -30 -31
leaf_value=-0.065891738039409148 0.0033486479362249302 0.096847611444069087 0.14154607060958982 -0.0054213442951279826 0.014219193704412506 0.023526975984320388 -0.075216536510438109 0.05908872825801207 0.0006140408837230683 -0.039430937730589026 -0.077797975221673171 0.099749190745542907 0.028322094140772372 -0.03501852969662763 -0.13152379532860997 -0.022257771306128903 -0.0019592953123963247 0.08831391604942665 0.012370410107092212 -0.026786055645241488 -0.10855335639916995 0.090691999763172174 0.10977614047284855 0.020524174773836407 -0.10746985389023678 -0.08213629915666848 -0.061536119040276276 0.011010056425780427 -0.11909867866709403 0.14197743102357699
leaf_weight=81.630562700331211 5.9704301506280881 3.7835291251540175 3.3979367390274993 73.784590147435665 90.304878294467926 69.855868682265282 4.1803646981716147 37.505216181278229 74.943831659853458 48.597562372684479 7.4619548246264449 6.0901911854743949 93.095503255724907 24.622871190309525 4.5278458297252637 46.818587087094784 4.5524057596921921 11.918848901987078 8.7685605660080927 6.3472142517566672 4.4506417363882056 3.813695326447486 4.1300959289073935 86.848658546805382 5.2395845502614975 19.097245186567307 3.4929983243346214 9.9440998956561106 2.7884179055690756 5.1335369348525992
leaf_count=908 27 21 26 460 396 305 20 162 425 346 37 27 414 123 21 234 21 56 43 30 25 29 17 417 24 148 27 74 21 22
internal_value=-0.000642634 -0.0155564 -0.0351508 -0.0382369 0.0138496 0.0231862 0.0018772 0.0407884 -0.0118108 -0.0151385 -0.0021 0.00160898 0.0108421 0.0152967 -0.0024791 0.00176472 -0.0665663 -0.00631521 0.0161321 0.0483182 -0.0283422 -0.0182453 0.020192 0.0161274 -0.0484482 -0.0424224 0.0179187 -0.056274 -0.0174837 0.0690682
internal_weight=853.098 420.434 197.95 194.552 432.664 272.908 222.484 112.495 127.325 123.541 159.756 152.294 160.414 149.204 146.204 137.123 9.08025 56.1081 31.4853 18.2661 13.2192 112.921 95.1591 91.029 11.21 39.1365 7.30669 31.8298 12.7325 42.6388
internal_count=4906 2939 1693 1667 1967 1231 1246 489 792 771 736 699 742 691 672 630 42 277 154 86 68 759 454 437 51 299 56 243 95 184
is_linear=0
shrinkage=0.1


Tree=15
num_leaves=31
num_cat=0
split_feature=7 10 5 143 5 16 19 14 65 168 1 16 168 8 22 8 16 6 51 14 1 0 80 23 134 139 105 74 10 45
split_gain=15.9492 10.5053 9.54108 9.37703 5.99259 5.20342 6.65749 5.77142 6.85332 5.7279 5.11965 5.18502 9.6357 5.22005 4.79497 4.64152 4.63565 4.91781 5.97571 7.33209 4.1912 5.31259 4.1795 4.13793 4.12426 5.15805 4.11216 3.86134 5.32123 5.18314
threshold=1.0000000180025095e-35 1.0000000180025095e-35 1.0000000180025095e-35 1.0000000180025095e-35 1.0000000180025095e-35 1.0000000180025095e-35 1.0000000180025095e-35 1.0000000180025095e-35 1.0000000180025095e-35 1.0000000180025095e-35 0.96379950642585765 1.0000000180025095e-35 1.0000000180025095e-35 1.0000000180025095e-35 1.0000000180025095e-35 1.0000000180025095e-35 1.0000000180025095e-35 1.0000000180025095e-35 1.0000000180025095e-35 1.0000000180025095e-35 -0.67830252647399891 5.07460641860962 1.0000000180025095e-35 1.0000000180025095e-35 1.0000000180025095e-35 1.0000000180025095e-35 1.0000000180025095e-35 1.0000000180025095e-35 1.0000000180025095e-35 1.0000000180025095e-35
decision_type=2 2 2 2 2 2 2 2 2 2 2 2 2 2 2 2 2 2 2 2 2 2 2 2 2 2 2 2 2 2
left_child=2 3 5 4 16 7 15 9 24 26 11 13 -13 14 22 20 17 18 -2 -20 -7 -22 -4 -23 25 -9 -1 28 -15 -30
right_child=1 -3 10 -5 -6 6 -8 8 -10 -11 -12 12 -14 27 -16 -17 -18 -19 19 -21 21 23 -24 -25 -26 -27 -28 -29 29 -31
leaf_value=0.056620774479366691 -0.011345187903597256 -0.00061768643796187347 -0.011632989713649296 0.1449312721927993 -0.067700317825254305 -0.11683895245199485 0.13719586449690133 0.018737701809675159 -0.11478909622368572 -0.04537721082973821 -0.12425719318971762 -0.033350199880625091 0.11973854992558225 0.015649727505495183 -0.10827916509455647 0.019828349936359731 -0.053917161903569114 -0.042670165465515962 0.1482810932147669 -0.024609156853911546 0.054124502409873432 0.057162296551095088 0.083791819310323035 -0.035546365820804712 -0.040312981922234981 0.12053457398166807 -0.035651150134516807 -0.0047902419267094511 0.1230587002325053 -0.00012964860674358566
leaf_weight=97.10166022926569 23.99711999297142 156.71398719400167 59.447010442614555 2.7648167684674254 53.543853215873241 4.0153754949569693 3.7255750447511664 62.782313145697117 4.1015587896108618 6.4157623946666709 3.6377341896295539 74.464456610381603 4.3517419695854178 23.114556789398193 4.7594830244779578 67.35008105635643 36.434316463768482 24.564550444483757 6.197100952267645 4.0599470809102058 10.258538290858267 5.4243443831801406 4.9739186912775031 42.815844498574734 10.573796756565569 5.4061811268329611 5.0826217532157889 22.474150389432907 12.422367796301844 4.7106794863939276
leaf_count=438 181 741 371 16 511 25 18 313 22 30 25 472 28 125 32 299 312 186 34 29 64 32 30 279 58 29 22 111 53 20
internal_value=-0.000627399 -0.0187718 0.00974222 -0.037543 -0.0409336 0.0205424 0.00539548 0.0311108 0.0112347 0.0462766 -0.00663533 -0.00460477 -0.0248976 0.00752091 -0.0114212 0.00161436 -0.0258875 -0.00852491 0.0159615 0.0798476 -0.0180086 -0.0112249 -0.00426527 -0.0251218 0.0177974 0.0268085 0.0520312 0.0284136 0.0469545 0.0891884
internal_weight=847.685 308.276 539.41 151.562 148.797 325.054 133.59 191.464 82.8638 108.6 214.356 210.718 78.8162 131.902 69.1804 129.864 95.253 58.8187 34.2542 10.257 62.5141 58.4987 64.4209 48.2402 78.7623 68.1885 102.184 62.7218 40.2476 17.133
internal_count=4906 2010 2896 1269 1253 1629 717 912 422 490 1267 1242 500 742 433 699 742 430 244 63 400 375 401 311 400 342 460 309 198 73
is_linear=0
shrinkage=0.1


Tree=16
num_leaves=31
num_cat=0
split_feature=10 8 13 143 8 262 138 88 0 5 35 45 42 24 13 138 39 9 69 97 98 81 0 15 5 0 0 0 0 0
split_gain=13.4448 11.2991 8.69882 5.7215 5.48061 5.19521 4.15833 4.02788 3.69357 3.65376 4.03205 4.05597 3.90111 3.70203 3.60344 3.9789 3.48771 5.74719 6.78013 6.58756 4.82401 4.48009 4.47324 4.12269 3.88885 3.65119 7.30514 3.99705 4.658 6.08415
threshold=1.0000000180025095e-35 1.0000000180025095e-35 1.0000000180025095e-35 1.0000000180025095e-35 1.0000000180025095e-35 1.0000000180025095e-35 1.0000000180025095e-35 1.0000000180025095e-35 4.7556469440460214 1.0000000180025095e-35 1.0000000180025095e-35 1.0000000180025095e-35 1.0000000180025095e-35 1.0000000180025095e-35 1.0000000180025095e-35 1.0000000180025095e-35 1.0000000180025095e-35 1.0000000180025095e-35 1.0000000180025095e-35 1.0000000180025095e-35 1.0000000180025095e-35 1.0000000180025095e-35 14.205338954925539 1.0000000180025095e-35 1.0000000180025095e-35 10.035592079162599 14.528405189514162 9.0047912597656268 5.4948666095733651 4.7556469440460214
decision_type=2 2 2 2 2 2 2 2 2 2 2 2 2 2 2 2 2 2 2 2 2 2 2 2 2 2 2 2 2 2
left_child=1 2 9 5 -2 14 7 16 -8 10 11 12 -1 -11 15 -3 17 18 19 25 23 -18 -20 24 -19 27 -27 28 29 -6
right_child=4 3 -4 -5 6 -7 8 -9 -10 13 -12 -13 -14 -15 -16 -17 21 20 22 -21 -22 -23 -24 -25 -26 26 -28 -29 -30 -31
leaf_value=-0.048722321230963615 0.0021696926694323936 -0.0096513003943922426 -0.013738156724473288 0.12766102501674823 0.061240843989640387 0.11492218806451909 -0.089549805333080559 -0.062586248193248414 0.028197184629451706 0.062792804951823919 -0.098297779760759943 0.078027522465333995 0.055736659403473568 -0.087172194184324814 0.012615145010639935 -0.095912907296722791 0.032981775909865209 0.075670220337679048 -0.040438714419816509 0.16900499906302963 -0.087678252494014286 -0.032704947727820795 0.048217830239319082 -0.034601761463252403 -0.012553630389086474 0.14555914739108056 0.0028216677934889503 -0.034262466786852706 0.11977817037535868 -0.057100770366095323
leaf_weight=24.172022834420208 251.82051454484463 115.53720960021019 112.71461363136768 3.5550798475742331 19.74621739983559 3.848038673400878 5.790601581335066 4.6866451054811469 4.9341016262769699 1.7272684946656216 8.3883930519223195 3.7014184519648543 4.1957392096519461 35.035538487136364 91.907841861248016 5.6067094504833213 26.38963870704174 14.188915580511095 10.462799727916719 6.2205169796943656 4.7137094885110846 17.118676483631134 12.479052558541296 9.3886515349149722 7.7118576169013968 11.249329224228861 5.263020083308219 5.5911802202463141 8.7675912678241712 5.5697475373744956
leaf_count=281 1194 730 772 17 82 22 29 20 23 20 101 42 48 429 439 38 117 58 44 26 21 73 52 40 38 46 22 23 36 23
internal_value=-0.00061272 -0.0135751 -0.0314516 0.0018265 0.0116986 -0.000235982 0.0250095 0.0288293 -0.0353781 -0.0573071 -0.0365719 -0.0204261 -0.0332723 -0.0801262 -0.00231591 -0.0136436 0.0314281 0.0401372 0.0542715 0.0713603 0.00663034 0.00713684 0.00778536 0.0208378 0.0446042 0.06055 0.100064 0.0441046 0.0569601 0.0352046
internal_weight=842.483 410.39 189.935 220.455 432.093 216.9 180.272 169.548 10.7247 77.2204 40.4576 32.0692 28.3678 36.7628 213.052 121.144 164.861 121.353 85.3495 62.4076 36.0031 43.5083 22.9419 31.2894 21.9008 56.1871 16.5123 39.6747 34.0836 25.316
internal_count=4906 2939 1693 1246 1967 1229 773 721 52 921 472 371 329 449 1207 768 701 511 354 258 157 190 96 136 96 232 68 164 141 105
is_linear=0
shrinkage=0.1


Tree=17
num_leaves=31
num_cat=0
split_feature=7 10 16 14 167 142 134 5 13 168 41 5 86 16 12 0 140 137 14 81 11 6 0 101 15 81 0 65 13 16
split_gain=12.7676 7.81011 7.525 7.83335 6.56665 6.54212 5.59609 5.3561 4.86654 6.7456 4.74006 5.11684 6.52433 4.72952 4.56013 10.0795 4.78687 5.51596 4.37044 4.78681 9.17892 4.51092 5.277 4.09293 4.03206 4.02043 3.65058 3.62994 3.47289 3.14046
threshold=1.0000000180025095e-35 1.0000000180025095e-35 1.0000000180025095e-35 1.0000000180025095e-35 1.0000000180025095e-35 1.0000000180025095e-35 1.0000000180025095e-35 1.0000000180025095e-35 1.0000000180025095e-35 1.0000000180025095e-35 1.0000000180025095e-35 1.0000000180025095e-35 1.0000000180025095e-35 1.0000000180025095e-35 1.0000000180025095e-35 14.017796039581301 1.0000000180025095e-35 1.0000000180025095e-35 1.0000000180025095e-35 1.0000000180025095e-35 1.0000000180025095e-35 1.0000000180025095e-35 13.151266574859621 1.0000000180025095e-35 1.0000000180025095e-35 1.0000000180025095e-35 10.658453464508058 1.0000000180025095e-35 1.0000000180025095e-35 1.0000000180025095e-35
decision_type=2 2 2 2 2 2 2 2 2 2 2 2 2 2 2 2 2 2 2 2 2 2 2 2 2 2 2 2 2 2
left_child=2 5 3 4 23 6 7 13 10 14 11 12 27 18 16 26 17 -10 21 -20 -21 22 -2 -1 -6 28 -16 -4 -23 -3
right_child=1 29 8 -5 24 -7 -8 -9 9 -11 -12 -13 -14 -15 15 -17 -18 -19 19 20 -22 25 -24 -25 -26 -27 -28 -29 -30 -31
leaf_value=0.038094164845286244 0.022712215289439997 0.008279110580894344 -0.011021358291249644 -8.5122239183100669e-05 0.016099594967401546 0.12492975281719187 -0.094618654141826644 -0.057615939859965604 0.039133907035204731 0.14328763330867683 -0.085687907124945131 -0.040490902108879512 0.1192390013466524 -0.046288552252717871 -0.021262577000270254 -0.13028757467835644 -0.079582089681111412 -0.073924228816389256 -0.080641877050296309 0.1268426972918143 -0.090606303507319796 -0.055709503875090417 0.13876842765553962 -0.049622037049323248 -0.12252667338849565 -0.076252406330574535 0.066751719124961445 0.085613059112154263 0.071450499287410582 -0.021924871113214263
leaf_weight=175.0261153653264 12.989089936017992 105.71089930832386 58.211289040744305 135.74163986742496 4.089114271104334 2.5525227934122077 14.884200386703013 44.944021195173264 50.471324592828751 3.7144357711076728 9.8748148754239065 42.483495824038982 4.5681192204356185 30.173723071813583 14.697263658046728 7.1095896661281577 4.3420554995536795 4.7188315987586966 10.402732342481615 4.0672054290771475 3.7137638553977013 3.3184400200843793 5.6100017949938765 5.4862878769636145 4.3092467114329338 6.3786754906177512 6.9367382675409308 4.1653393656015387 6.0882686823606491 51.047701373696327
leaf_count=864 84 480 326 739 20 14 151 458 261 19 64 298 25 269 81 41 23 27 87 34 32 31 30 26 21 46 38 23 33 261
internal_value=-0.000584546 -0.0170328 0.00868024 0.0182395 0.0314067 -0.0337498 -0.0365908 -0.0298265 -0.00600765 0.0112755 -0.019334 -0.0133463 0.00387989 -0.0147318 0.00572071 -0.0269888 0.0215136 0.0294673 0.00338157 -0.0362682 0.0230569 0.0243498 0.057718 0.0354282 -0.0550303 -0.0149663 0.00695838 -0.00456838 0.0265918 -0.00155667
internal_weight=837.827 301.881 535.946 324.652 188.911 145.123 142.57 127.686 211.293 91.9902 119.303 109.428 66.9447 82.7419 88.2758 28.7436 59.5322 55.1902 52.5682 18.1837 7.78097 34.3845 18.5991 180.512 8.39836 15.7854 21.634 62.3766 9.40671 156.759
internal_count=4906 2010 2896 1670 931 1269 1255 1104 1226 490 736 672 374 646 471 160 311 288 377 153 66 224 114 890 41 110 119 349 64 741
is_linear=0
shrinkage=0.1


Tree=18
num_leaves=31
num_cat=0
split_feature=16 14 114 168 7 5 24 9 7 5 19 0 6 0 45 74 0 26 0 68 167 84 12 26 8 1 10 0 99 0
split_gain=10.5156 8.81855 9.69591 6.83279 6.54328 6.22629 6.60434 5.26771 5.28583 5.14788 5.05925 5.30019 4.93396 8.83326 4.7641 4.64014 4.61576 6.33186 4.5685 4.37889 5.14546 4.1747 3.99344 3.98456 3.85123 3.84988 3.83767 3.74851 3.62433 5.69064
threshold=1.0000000180025095e-35 1.0000000180025095e-35 1.0000000180025095e-35 1.0000000180025095e-35 1.0000000180025095e-35 1.0000000180025095e-35 1.0000000180025095e-35 1.0000000180025095e-35 1.0000000180025095e-35 1.0000000180025095e-35 1.0000000180025095e-35 2.8952771425247197 1.0000000180025095e-35 8.4175219535827654 1.0000000180025095e-35 1.0000000180025095e-35 5.9671459197998056 1.0000000180025095e-35 16.735113143920902 1.0000000180025095e-35 1.0000000180025095e-35 1.0000000180025095e-35 1.0000000180025095e-35 1.0000000180025095e-35 1.0000000180025095e-35 0.039622785523533828 1.0000000180025095e-35 12.262833595275881 1.0000000180025095e-35 13.882272243499758
decision_type=2 2 2 2 2 2 2 2 2 2 2 2 2 2 2 2 2 2 2 2 2 2 2 2 2 2 2 2 2 2
left_child=1 2 5 4 9 6 -1 27 -9 10 11 -2 13 15 -13 -8 17 -10 24 20 21 -14 23 -5 -7 -15 -6 -3 29 -29
right_child=3 7 -4 22 26 18 12 8 16 -11 -12 14 19 25 -16 -17 -18 -19 -20 -21 -22 -23 -24 -25 -26 -27 -28 28 -30 -31
leaf_value=-0.04582195853180604 -0.077367361340681062 0.016382991866383076 0.16020925397959673 0.069936341247840761 -0.06178971212174697 -0.013633313815937931 0.031342830023645289 -0.01083775184311556 0.098542266987612884 -0.02981560834166366 0.11608915597716132 0.018753928454304819 0.039563691982557575 0.1485286684662129 -0.025896929819025062 -0.046906831863591958 -0.096678251035983348 -0.086234050305032742 -0.085399328493157539 -0.03623308330487001 -0.083422202877557874 -0.055649631690091995 0.10423073749224786 -0.059954476279064854 0.022696354033819671 0.063872095026549711 -0.021027595916755362 -0.075377725219674341 -0.068222582429278866 0.019544331143915884
leaf_weight=11.486686840653418 8.2560218721628171 85.569263786077499 4.754535771906375 4.7118191644549388 44.751148946583271 62.858653150498867 29.969371430575848 50.710246294736862 3.4002275243401554 72.613997638225555 3.8737603798508635 81.019012868404388 57.839040584862232 5.9985783100128165 33.891854256391525 10.143023148179052 16.796647518873215 4.0796988978981972 6.1191089227795592 14.208679959177969 4.116508111357688 5.0033550933003417 7.0644047334790221 4.7350035980343819 54.460349932312965 51.41693751513958 47.732665754854679 8.2861182764172536 11.289410240948198 26.560517132282257
leaf_count=56 46 511 23 29 446 409 148 294 22 481 18 436 301 28 188 51 123 30 38 71 20 23 43 30 296 235 247 49 68 146
internal_value=-0.000577013 0.00803359 0.0184756 -0.0152252 -0.0187624 0.0163269 0.0276784 -0.00805058 -0.0292078 -0.00857654 0.00356331 2.42206e-05 0.032403 0.0475619 0.00558459 0.0115562 -0.0675801 -0.00223837 -0.00116243 0.0141887 0.0248881 0.031983 0.0473599 0.00483154 0.00323119 0.0727167 -0.0407516 0.00399533 -0.0189803 -0.00302701
internal_weight=833.717 525.067 318.375 308.65 292.138 313.62 190.182 206.692 74.9868 199.655 127.041 123.167 178.695 97.5279 114.911 40.1124 24.2766 7.47993 123.438 81.1676 66.9589 62.8424 16.5112 9.44682 117.319 57.4155 92.4838 131.705 46.136 34.8466
internal_count=4906 2942 1699 1964 1862 1676 933 1243 469 1169 688 670 877 462 624 199 175 52 743 415 344 324 102 59 705 263 693 774 263 195
is_linear=0
shrinkage=0.1


Tree=19
num_leaves=31
num_cat=0
split_feature=8 10 214 13 88 81 14 49 139 6 79 13 138 74 95 0 0 0 1 99 0 1 0 84 73 13 54 55 132 7
split_gain=9.7712 9.25184 8.61245 7.71841 5.5045 4.85099 4.7805 3.88792 4.22447 3.32725 5.14461 4.08206 5.67952 4.44851 7.49502 3.68927 4.1434 3.57127 3.26794 3.24539 6.62443 3.16198 6.75874 3.15036 5.24509 4.37696 4.11957 6.26513 7.2832 4.59096
threshold=1.0000000180025095e-35 1.0000000180025095e-35 1.0000000180025095e-35 1.0000000180025095e-35 1.0000000180025095e-35 1.0000000180025095e-35 1.0000000180025095e-35 1.0000000180025095e-35 1.0000000180025095e-35 1.0000000180025095e-35 1.0000000180025095e-35 1.0000000180025095e-35 1.0000000180025095e-35 1.0000000180025095e-35 1.0000000180025095e-35 2.2505134344100957 3.3497605323791508 4.0561258792877206 0.97049206495285045 1.0000000180025095e-35 8.4750170707702654 -0.052095215767621987 2.960985660552979 1.0000000180025095e-35 1.0000000180025095e-35 1.0000000180025095e-35 1.0000000180025095e-35 1.0000000180025095e-35 1.0000000180025095e-35 1.0000000180025095e-35
decision_type=2 2 2 2 2 2 2 2 2 2 2 2 2 2 2 2 2 2 2 2 2 2 2 2 2 2 2 2 2 2
left_child=1 2 3 -1 6 -6 7 9 -9 11 15 12 13 14 21 -11 -17 -18 23 20 -15 22 -2 26 25 -25 27 28 -3 -28
right_child=4 18 -4 -5 5 -7 -8 8 -10 10 -12 -13 -14 19 -16 16 17 -19 -20 -21 -22 -23 -24 24 -26 -27 29 -29 -30 -31
leaf_value=-0.056986190133221343 -0.057499659713493557 0.020211036874239481 0.12577981195071417 -0.01444388995790871 -0.11385168232892176 0.020811028080067913 -0.0024463851972825763 0.0066587940401866136 -0.098938569465060064 0.10822536839865467 0.096011685649107961 0.060562419858979061 -0.083792214316896541 -0.044384516999373867 0.18357164330908105 -0.08094870939299191 0.083819370790965991 -0.0033451785801032691 -0.075453206064407918 -0.05644269127237888 0.073207933692064617 0.010292092886309478 0.11168470674820219 -0.1345683499812653 0.030901147370976781 -0.0082517151920079353 0.0079731385721562922 0.056194252709969854 -0.054189882088410024 -0.033881146882695543
leaf_weight=70.217262584716082 3.0385364368557921 62.966629475355148 3.567011594772338 108.61360475420952 6.5387960001826269 4.5271825790405273 134.45830319821835 63.158400103449821 4.0302396193146697 3.0958418101072303 6.4110581576824179 49.2005265802145 4.6640775948762885 8.5756568983197266 3.9513519853353491 6.2180368751287451 5.2269055843353263 46.672045551240444 5.3968636021018019 7.4189053550362578 10.853853866457937 18.214325234293941 10.593713365495203 6.2882655858993548 7.0138542503118506 4.8657878339290619 73.302859552204609 33.535044565796852 16.632794067263603 40.791092567145824
leaf_count=908 17 297 26 759 37 26 713 311 21 14 32 216 27 46 21 32 27 231 30 39 58 95 56 31 33 21 340 155 81 206
internal_value=-0.000557773 -0.0109425 -0.0280791 -0.031148 0.010778 -0.0587601 0.0127727 0.0209149 0.000324648 0.0284281 0.0107837 0.0386691 0.0226661 0.030592 0.0536696 0.00185739 -0.00380874 0.00543344 0.00152056 -0.00017808 0.0213058 0.0375521 0.0739747 0.0032134 -0.0368571 -0.0794646 0.00641721 0.0199388 0.0046645 -0.00699069
internal_weight=830.039 433.191 182.398 178.831 396.848 11.066 385.782 251.323 67.1886 184.135 67.6239 116.511 67.3104 62.6463 35.7979 61.2128 58.117 51.899 250.793 26.8484 19.4295 31.8466 13.6322 245.396 18.1679 11.1541 227.228 113.134 79.5994 114.094
internal_count=4906 2887 1693 1667 2019 63 1956 1243 332 911 336 575 359 332 189 304 290 258 1194 143 104 168 73 1164 85 52 1079 533 378 546
is_linear=0
shrinkage=0.1


Tree=20
num_leaves=31
num_cat=0
split_feature=5 16 13 10 23 78 167 7 12 14 65 105 9 7 134 108 8 13 64 9 11 7 6 26 0 12 19 0 56 70
split_gain=9.17018 6.17412 4.85781 5.80797 6.23899 6.16118 4.44171 5.50954 4.31173 4.14289 5.42395 4.80667 4.54323 5.4085 4.44479 4.30726 4.05651 3.98479 4.95844 4.29586 4.42212 4.02636 4.16469 3.92428 3.90924 6.16484 3.86024 3.9299 3.75233 3.60589
threshold=1.0000000180025095e-35 1.0000000180025095e-35 1.0000000180025095e-35 1.0000000180025095e-35 1.0000000180025095e-35 1.0000000180025095e-35 1.0000000180025095e-35 1.0000000180025095e-35 1.0000000180025095e-35 1.0000000180025095e-35 1.0000000180025095e-35 1.0000000180025095e-35 1.0000000180025095e-35 1.0000000180025095e-35 1.0000000180025095e-35 1.0000000180025095e-35 1.0000000180025095e-35 1.0000000180025095e-35 1.0000000180025095e-35 1.0000000180025095e-35 1.0000000180025095e-35 1.0000000180025095e-35 1.0000000180025095e-35 1.0000000180025095e-35 12.803559303283693 1.0000000180025095e-35 1.0000000180025095e-35 2.8952771425247197 1.0000000180025095e-35 1.0000000180025095e-35
decision_type=2 2 2 2 2 2 2 2 2 2 2 2 2 2 2 2 2 2 2 2 2 2 2 2 2 2 2 2 2 2
left_child=1 9 3 4 29 -5 7 26 -8 11 12 15 -11 14 -14 17 -6 18 19 21 28 22 -1 -17 25 -23 27 -3 -21 -2
right_child=2 6 -4 5 16 -7 8 -9 -10 10 -12 -13 13 -15 -16 23 -18 -19 -20 20 -22 24 -24 -25 -26 -27 -28 -29 -30 -31
leaf_value=0.11151801962094515 0.14341870281238453 -0.069474197448476105 0.00025732268944528438 -0.0020919100432779847 -0.081441706623758964 -0.10597370227935535 0.0029896471876813685 -0.033318337266020945 0.14261099165458133 0.022748208815147226 -0.086679900124251086 -0.047735659594011333 0.020123437040304362 -0.065661855014697623 -0.091169456271888882 -0.085785922966834294 -0.03354632970957893 0.047859719456262356 0.10566875936497735 0.079563412836077943 -0.049392100030517173 0.03553293010663304 0.022468135539144691 0.023677398581123846 0.076571810863531042 -0.094793315087017549 0.10002286284624365 0.0041379696860003763 -0.016200123291998651 -0.019962043559343792
leaf_weight=9.5854901671409607 2.5929723456501952 7.7403048723936072 131.58072508126497 90.030336111783981 29.722471594810486 6.0959043949842444 5.2150245457887632 64.272156283259392 3.8407668843865395 72.785164527595043 6.5156817473471156 8.5740701109170896 28.614357180893421 15.425624150782822 4.1030985787510863 6.0115556232631189 43.657199375331402 88.389223240315914 5.8870469331741324 6.7300486117601404 18.217503286898136 7.6465204730629939 11.616688095033169 7.194788858294487 4.9465571492910376 6.9091988913714886 3.9426783695816985 115.0571478381753 10.437115836888552 2.8199970982968807
leaf_count=42 20 45 743 451 428 33 28 477 21 392 42 41 151 104 27 30 334 406 27 35 104 45 53 34 26 47 18 626 53 23
internal_value=-0.000539705 0.00755151 -0.014258 -0.025177 -0.0453037 -0.00867964 -0.00622491 -0.00946919 0.0622062 0.0161758 0.00219563 0.0254483 0.0069843 -0.0168484 0.00616619 0.0288665 -0.0529464 0.0331313 0.0172507 0.0104097 -0.0150748 0.0325636 0.0627275 -0.0261505 -0.000229499 -0.0263293 0.00262513 -0.000502034 0.0213421 0.0583022
internal_weight=826.157 519.658 306.5 174.919 78.7926 96.1262 200.068 191.012 9.05579 319.59 127.444 192.146 120.928 48.1431 32.7175 183.572 73.3797 170.365 81.9762 76.0891 35.3847 40.7045 21.2022 13.2063 19.5023 14.5557 126.74 122.797 17.1672 5.41297
internal_count=4906 2874 2032 1289 805 484 1215 1166 49 1659 716 943 674 282 178 902 762 838 432 405 192 213 95 64 118 92 689 671 88 43
is_linear=0
shrinkage=0.1


Tree=21
num_leaves=31
num_cat=0
split_feature=10 263 8 214 13 1 222 13 63 143 5 63 8 78 15 0 108 67 7 16 0 14 74 0 12 1 0 0 1 83
split_gain=8.08703 6.82006 6.3116 5.82918 5.63141 4.55031 5.53025 4.10344 4.58368 3.9183 3.06062 4.86699 2.93095 3.67784 3.90545 4.2177 3.83721 4.03682 4.14334 3.97583 3.16876 3.06152 4.77006 3.05629 2.73178 2.54457 5.03564 2.53268 5.6388 5.58586
threshold=1.0000000180025095e-35 1.0000000180025095e-35 1.0000000180025095e-35 1.0000000180025095e-35 1.0000000180025095e-35 0.97049206495285045 1.0000000180025095e-35 1.0000000180025095e-35 1.0000000180025095e-35 1.0000000180025095e-35 1.0000000180025095e-35 1.0000000180025095e-35 1.0000000180025095e-35 1.0000000180025095e-35 1.0000000180025095e-35 7.0814509391784677 1.0000000180025095e-35 1.0000000180025095e-35 1.0000000180025095e-35 1.0000000180025095e-35 13.096509456634523 1.0000000180025095e-35 1.0000000180025095e-35 14.109513759613039 1.0000000180025095e-35 0.9397673010826112 17.698836326599125 8.8720054626464862 0.050117878243327148 1.0000000180025095e-35
decision_type=2 2 2 2 2 2 2 2 2 2 2 2 2 2 2 2 2 2 2 2 2 2 2 2 2 2 2 2 2 2
left_child=1 2 3 4 10 6 7 12 -9 25 11 -1 -2 14 16 24 17 18 19 -14 21 22 -19 -17 -16 -4 -27 -6 -29 -30
right_child=5 -3 9 -5 27 -7 -8 8 -10 -11 -12 -13 13 -15 15 23 -18 20 -20 -21 -22 -23 -24 -25 -26 26 -28 28 29 -31
leaf_value=-0.0409980480836541 -0.0085498699646761531 0.096426558751338404 -0.0050588679876954305 0.10195213213821766 -0.03287696258843182 -0.073064245197678429 0.11484782605014801 0.024779614202087585 -0.062517411521258948 0.10020524036963652 -0.076775932349169906 0.13693989331428069 0.062201382658490602 -0.062412128853053563 -0.0041514583939029339 -0.062075687631906587 0.10694819842185732 0.085821334112219511 -0.057786146738953374 -0.036158823229828364 0.096161988108336482 -0.022953768314891872 -0.021340966572040921 0.02111908923308432 0.079758959731662527 0.12571244707597548 -0.027231296012611511 0.10294580839767038 -0.024837320479067091 0.059607838505731918
leaf_weight=33.503376051783562 140.67127528786659 5.8371778093278399 201.65287584811449 3.4561579376459113 45.852075152099133 6.6523015946149817 4.9987598657608023 156.53957314789295 6.2550631910562506 3.7601042091846457 28.893461786210537 1.6110939979553212 10.595919862389566 6.1032819375395766 9.5129453167319316 15.108340099453928 6.1372503638267508 12.643413357436659 9.6267356723547 6.7130916118621817 9.3230903297662717 8.0853992849588412 6.186047136783599 6.2392911314964286 6.5520946085453025 4.3742753118276578 4.2388023361563683 4.7434662207961074 46.505918636918068 9.4198523163795453
leaf_count=438 699 40 1170 24 341 38 22 688 28 17 440 19 45 30 42 64 26 55 44 30 39 35 27 27 28 21 22 30 319 58
internal_value=-0.000520697 -0.0108612 -0.0124752 -0.0266209 -0.0292267 0.00899597 0.0102917 0.00903623 0.0214254 -0.000975958 -0.0526696 -0.032834 0.00108 0.0130864 0.017404 -0.00863335 0.0314584 0.0241247 -0.00519565 0.0240536 0.0459186 0.0285147 0.0506153 -0.0377603 0.0300712 -0.00278534 0.0504434 -0.0151401 -0.00173507 -0.0106138
internal_weight=821.793 393.849 388.011 173.985 170.529 427.944 421.292 416.293 162.795 214.026 64.0079 35.1145 253.498 112.827 106.724 37.4127 69.3109 63.1737 26.9357 17.309 36.238 26.9149 18.8295 21.3476 16.065 210.266 8.61308 106.521 60.6692 55.9258
internal_count=4906 2939 2899 1669 1645 1967 1929 1907 716 1230 897 457 1191 492 462 161 301 275 119 75 156 117 82 91 70 1213 43 748 407 377
is_linear=0
shrinkage=0.1


Tree=22
num_leaves=31
num_cat=0
split_feature=7 116 107 10 143 134 16 14 167 5 84 44 0 0 52 82 93 13 168 41 86 15 12 0 21 137 0 11 138 62
split_gain=7.46552 5.87377 5.58287 5.01611 4.80963 4.97733 4.69695 4.26139 4.89984 3.88188 3.80611 3.59515 4.75142 4.64785 3.71479 5.48704 5.16161 3.54465 4.07492 3.73848 3.40098 3.39678 3.24576 8.55552 4.24707 3.15173 3.09065 3.05745 3.96007 3.48129
threshold=1.0000000180025095e-35 1.0000000180025095e-35 1.0000000180025095e-35 1.0000000180025095e-35 1.0000000180025095e-35 1.0000000180025095e-35 1.0000000180025095e-35 1.0000000180025095e-35 1.0000000180025095e-35 1.0000000180025095e-35 1.0000000180025095e-35 1.0000000180025095e-35 17.548254966735843 16.041068077087406 1.0000000180025095e-35 1.0000000180025095e-35 1.0000000180025095e-35 1.0000000180025095e-35 1.0000000180025095e-35 1.0000000180025095e-35 1.0000000180025095e-35 1.0000000180025095e-35 1.0000000180025095e-35 14.017796039581301 1.0000000180025095e-35 1.0000000180025095e-35 10.658453464508058 1.0000000180025095e-35 1.0000000180025095e-35 1.0000000180025095e-35
decision_type=2 2 2 2 2 2 2 2 2 2 2 2 2 2 2 2 2 2 2 2 2 2 2 2 2 2 2 2 2 2
left_child=1 2 6 4 5 9 7 8 10 11 27 -2 13 14 -13 16 -16 19 22 20 -8 -10 24 26 25 -19 -24 28 29 -1
right_child=3 -3 -4 -5 -6 -7 17 -9 21 -11 -12 12 -14 -15 15 -17 -18 18 -20 -21 -22 -23 23 -25 -26 -27 -28 -29 -30 -31
leaf_value=0.078062318567967803 -0.10474063407870932 0.11293010774240211 -0.09738915359703125 -0.0011554585204058231 0.097064627699643732 -0.089638425159102156 -0.016984083824445727 0.00040819281529221063 0.013187562078951604 -0.049401373855658098 -0.024180017337985353 -0.018168435615650545 0.12118275852109726 -0.10663777370789669 0.043369771396569785 0.16979002675886695 -0.10192098448332657 0.014770541258112668 0.10889170117344045 -0.078339525691837483 0.050377786636856596 -0.11504172730231106 -0.019405970728156169 -0.12562695220026943 0.086123692448575831 -0.079032061080002824 0.061883656287967874 0.017085800565818234 -0.03580828280535691 0.034786257318432573
leaf_weight=28.898087590932846 3.896434921771287 5.1409215331077567 5.2194929718971244 154.64802078902721 3.0259186327457419 12.821205306798218 95.650166682898998 131.12400259822607 4.1099053174257261 39.970948353409767 13.172859363257883 49.875437799841166 2.8172690197825423 4.7647072002291671 11.2661877758801 2.5960609242320052 3.1229657530784598 46.718547716736794 3.9427210092544547 9.163284517824648 8.1323123872280103 4.1536248438060284 14.440038338303571 6.307567559182643 7.9683062136173239 3.8793771043419829 6.9178192168474189 76.176249928772449 5.7285335212945929 52.104357048869133
leaf_count=135 27 29 28 741 16 150 613 722 20 458 62 430 17 41 91 17 22 241 19 64 47 21 81 39 40 24 37 389 28 257
internal_value=-0.000499566 0.0065606 0.00551663 -0.0134303 -0.02758 -0.0304562 0.00655236 0.0141889 0.0239911 -0.0240426 0.027523 -0.0111039 -0.00620277 -0.0112133 -0.00441302 0.0359784 0.0118364 -0.005308 0.00947641 -0.0171117 -0.0117057 -0.0512663 0.0049309 -0.0232971 0.0182652 0.00757863 0.00692377 0.0317038 0.0445428 0.0502252
internal_weight=817.753 528.948 523.807 288.805 134.157 131.131 518.588 315.468 184.344 118.31 176.08 78.3391 74.4426 71.6254 66.8607 16.9852 14.3892 203.12 90.1744 112.946 103.782 8.26353 86.2317 27.6654 58.5662 50.5979 21.3579 162.907 86.731 81.0024
internal_count=4906 2896 2867 2010 1269 1253 2839 1634 912 1103 871 645 618 601 560 130 113 1205 481 724 660 41 462 157 305 265 118 809 420 392
is_linear=0
shrinkage=0.1


Tree=23
num_leaves=31
num_cat=0
split_feature=5 6 9 82 0 16 8 1 36 0 16 0 1 62 99 12 0 61 0 62 13 7 14 1 7 11 0 0 1 102
split_gain=6.96216 5.06963 6.06837 9.24431 4.96584 4.82619 4.72932 5.60118 4.17311 7.33875 4.98103 4.11921 6.50933 3.93537 3.8408 4.00444 6.11635 5.61628 3.79478 3.58673 4.36213 3.97618 3.85792 3.55586 3.50894 5.24033 7.2855 4.21226 4.0177 3.41391
threshold=1.0000000180025095e-35 1.0000000180025095e-35 1.0000000180025095e-35 1.0000000180025095e-35 8.8720054626464862 1.0000000180025095e-35 1.0000000180025095e-35 -0.52635180950164784 1.0000000180025095e-35 15.51813840866089 1.0000000180025095e-35 15.924708843231203 0.66050651669502269 1.0000000180025095e-35 1.0000000180025095e-35 1.0000000180025095e-35 4.4558520317077646 1.0000000180025095e-35 5.1238877773284921 1.0000000180025095e-35 1.0000000180025095e-35 1.0000000180025095e-35 1.0000000180025095e-35 -0.70385581254959095 1.0000000180025095e-35 1.0000000180025095e-35 4.7556469440460214 3.7193702459335332 0.96379950642585765 1.0000000180025095e-35
decision_type=2 2 2 2 2 2 2 2 2 2 2 2 2 2 2 2 2 2 2 2 2 2 2 2 2 2 2 2 2 2
left_child=1 2 5 8 -5 -1 -3 -8 9 -4 -11 12 18 -13 15 16 23 -17 -9 20 -18 22 -21 -7 28 -26 27 -27 29 -2
right_child=24 6 3 4 -6 14 7 11 -10 10 -12 13 -14 -15 -16 17 19 -19 -20 21 -22 -23 -24 -25 25 26 -28 -29 -30 -31
leaf_value=0.040316349162821528 -0.00042779713331671872 -0.019472744587153486 -0.014887292643372702 0.0058447951530630465 0.11128751857893589 0.0049369168616707655 0.06147465893707077 -0.090259719533518842 -0.05106675810604188 0.12849262395081693 -0.010931933700439152 0.10750982280837629 -0.11222380328151745 0.0017258337767536208 -0.042789911113129651 0.081649576251775116 -0.086204964080332666 -0.030978657409856343 0.0053834508584461758 0.023628613346560259 0.034042103698658628 -0.014323906241896398 0.13857540142782054 -0.1301358950679119 -0.045885500098034625 0.033006677481349049 -0.018002869330089707 0.20831615596562492 -0.11946465372350556 -0.055480209254517632
leaf_weight=105.6504243761301 191.96063894405961 111.37200351804495 69.619969766587019 8.1336274892091769 9.9062280319631082 3.158543549478054 17.699400044977665 4.4577366784214965 23.312214430421591 6.5409439206123334 4.212621234357357 6.3145755678415281 5.7599849700927725 7.937330923974514 12.803380038589237 16.326055321842436 5.8088998980820197 6.0749004036188117 59.777236081659794 5.7771101184189337 6.2764820381999016 6.8304707892239085 5.9036244414746761 5.0894378274679166 61.06533744558692 3.2181666344404247 26.05396543443203 2.3873090371489525 3.0404606461524954 11.966356106102465
leaf_count=526 1167 724 400 45 49 18 83 25 142 32 25 29 27 39 79 96 36 38 291 28 33 48 30 31 501 28 214 22 25 75
internal_value=-0.000484981 0.00656984 0.0149185 -0.00232114 0.0637466 0.0265964 -0.00522707 0.0103357 -0.013816 -0.00301146 0.0738742 -0.000408042 -0.0103858 0.0485954 0.00702123 0.0174343 -0.00198363 0.051106 -0.00125393 0.0186188 -0.0237553 0.0462835 0.0817245 -0.0784101 -0.0126022 -0.0287682 0.00424802 0.107669 -0.00535951 -0.00365825
internal_weight=814.435 514.743 301.425 121.726 18.0399 179.699 213.318 101.946 103.686 80.3735 10.7536 84.2469 69.995 14.2519 74.0489 61.2455 38.8446 22.401 64.235 30.5966 12.0854 18.5112 11.6807 8.24798 299.692 92.7248 31.6594 5.60548 206.967 203.927
internal_count=4906 2874 1656 693 94 963 1218 494 599 457 57 411 343 68 437 358 224 134 316 175 69 106 58 49 2032 765 264 50 1267 1242
is_linear=0
shrinkage=0.1


Tree=24
num_leaves=31
num_cat=0
split_feature=10 8 214 13 1 221 13 63 147 262 168 56 143 8 138 15 97 39 6 55 65 32 41 36 93 12 54 84 0 0
split_gain=6.18966 5.09013 5.50287 4.77164 3.70926 4.33047 3.0248 3.68368 3.11098 2.83437 2.77476 5.33129 2.75671 2.57452 3.03109 2.67154 3.02184 3.53672 2.91418 2.60725 2.51916 2.48471 4.2394 3.58943 3.90084 2.92414 2.72015 2.65174 2.45498 2.74805
threshold=1.0000000180025095e-35 1.0000000180025095e-35 1.0000000180025095e-35 1.0000000180025095e-35 0.97049206495285045 1.0000000180025095e-35 1.0000000180025095e-35 1.0000000180025095e-35 1.0000000180025095e-35 1.0000000180025095e-35 1.0000000180025095e-35 1.0000000180025095e-35 1.0000000180025095e-35 1.0000000180025095e-35 1.0000000180025095e-35 1.0000000180025095e-35 1.0000000180025095e-35 1.0000000180025095e-35 1.0000000180025095e-35 1.0000000180025095e-35 1.0000000180025095e-35 1.0000000180025095e-35 1.0000000180025095e-35 1.0000000180025095e-35 1.0000000180025095e-35 1.0000000180025095e-35 1.0000000180025095e-35 1.0000000180025095e-35 2.6652977466583256 14.351813793182375
decision_type=2 2 2 2 2 2 2 2 2 2 2 2 2 2 2 2 2 2 2 2 2 2 2 2 2 2 2 2 2 2
left_child=1 2 3 10 5 6 8 21 13 12 20 -12 -3 28 15 16 17 -15 -19 -17 -1 23 25 24 27 -23 -24 -8 -2 -30
right_child=4 9 -4 -5 -6 -7 7 -9 -10 -11 11 -13 -14 14 -16 19 -18 18 -20 -21 -22 22 26 -25 -26 -27 -28 -29 29 -31
leaf_value=-0.058231178729415814 -0.068099974143436812 -0.002566377552623394 0.093756608152049781 -0.012498896773073368 -0.068175294304725076 0.10576218528813647 0.033406113407511824 -0.057352570305932105 0.087171703159532876 0.082738849931596359 -0.10832777399818322 0.14822427037580926 0.082668786695965696 0.033581591232746059 -0.061156809910386772 0.032376699634961974 0.082888522738919376 -0.050824552559376235 0.034263538804154066 -0.026158112211792119 0.027671077373033842 -0.056505476233001055 0.10488545894164528 0.10974444759284621 -0.048424263214019908 0.025221039541620929 -0.00032926921962126847 -0.019598012218295432 0.00044007333322595884 -0.036984544807562574
leaf_weight=53.786937281489372 6.8031747490167609 207.4221537783742 3.9758934304118148 106.24753513932228 6.3217079117894164 4.5746296346187583 104.35404129326344 6.1539856493473044 4.1259445250034323 4.1201860532164565 1.3906230740249148 1.9399542547762394 3.8651953339576712 43.978108838200569 5.5319913104176512 11.12600728869438 8.2705555111169797 11.013483539223673 6.3434744775295249 24.075632110238075 3.6452341303229323 13.790320903062822 4.662243917584421 5.1108268201351157 6.9725418239831916 6.4142961353063574 5.1953842788934708 10.37731873989105 106.12454699724913 24.070701994001865
leaf_count=808 37 1207 26 759 38 20 459 28 19 22 21 27 17 190 30 48 37 49 28 103 52 62 20 22 30 28 23 45 529 122
internal_value=-0.000469093 -0.00963113 -0.0225136 -0.0252816 0.00785302 0.00899992 0.00793199 0.0185414 0.0010536 0.000594719 -0.0476329 0.0411055 -0.00100712 -0.000382968 0.0109853 0.0147932 0.0261471 0.0184959 -0.0197273 -0.00765731 -0.0527789 0.0215186 -0.00432977 0.0276461 0.0241985 -0.03056 0.0494329 0.028612 -0.00953907 -0.00647905
internal_weight=811.785 386.394 170.986 167.01 425.391 419.069 414.495 163.031 251.464 215.408 60.7627 3.33058 211.287 247.338 110.339 104.807 69.6056 61.3351 17.357 35.2016 57.4322 156.877 30.0622 126.815 121.704 20.2046 9.85763 114.731 136.998 130.195
internal_count=4906 2939 1693 1667 1967 1929 1909 717 1192 1246 908 48 1224 1173 485 455 304 267 77 151 860 689 133 556 534 90 43 504 688 651
is_linear=0
shrinkage=0.1


end of trees

feature_importances:
Column_0=92
Column_13=52
Column_5=50
Column_7=49
Column_16=46
Column_14=43
Column_8=38
Column_10=25
Column_1=23
Column_9=18
Column_12=15
Column_6=12
Column_15=10
Column_81=10
Column_138=10
Column_168=10
Column_54=9
Column_65=9
Column_11=8
Column_86=8
Column_26=7
Column_55=7
Column_84=7
Column_134=7
Column_19=6
Column_31=6
Column_78=6
Column_139=6
Column_143=6
Column_68=5
Column_73=5
Column_74=5
Column_21=4
Column_24=4
Column_33=4
Column_39=4
Column_41=4
Column_42=4
Column_82=4
Column_105=4
Column_133=4
Column_167=4
Column_214=4
Column_22=3
Column_23=3
Column_44=3
Column_45=3
Column_56=3
Column_62=3
Column_63=3
Column_67=3
Column_70=3
Column_79=3
Column_83=3
Column_98=3
Column_99=3
Column_32=2
Column_36=2
Column_52=2
Column_69=2
Column_88=2
Column_93=2
Column_97=2
Column_101=2
Column_108=2
Column_128=2
Column_135=2
Column_137=2
Column_140=2
Column_151=2
Column_222=2
Column_262=2
Column_263=2
Column_30=1
Column_34=1
Column_35=1
Column_40=1
Column_47=1
Column_49=1
Column_51=1
Column_58=1
Column_61=1
Column_64=1
Column_71=1
Column_80=1
Column_95=1
Column_102=1
Column_107=1
Column_114=1
Column_116=1
Column_132=1
Column_142=1
Column_146=1
Column_147=1
Column_174=1
Column_221=1

parameters:
[boosting: gbdt]
[objective: binary]
[metric: binary_logloss]
[tree_learner: serial]
[device_type: cpu]
[data_sample_strategy: bagging]
[data: ]
[valid: ]
[num_iterations: 300]
[learning_rate: 0.1]
[num_leaves: 31]
[num_threads: 0]
[seed: 0]
[deterministic: 0]
[force_col_wise: 0]
[force_row_wise: 0]
[histogram_pool_size: -1]
[max_depth: -1]
[min_data_in_leaf: 20]
[min_sum_hessian_in_leaf: 0.001]
[bagging_fraction: 1]
[pos_bagging_fraction: 1]
[neg_bagging_fraction: 1]
[bagging_freq: 0]
[bagging_seed: 7719]
[bagging_by_query: 0]
[feature_fraction: 1]
[feature_fraction_bynode: 1]
[feature_fraction_seed: 2437]
[extra_trees: 0]
[extra_seed: 11797]
[early_stopping_round: 0]
[early_stopping_min_delta: 0]
[first_metric_only: 0]
[max_delta_step: 0]
[lambda_l1: 0]
[lambda_l2: 0]
[linear_lambda: 0]
[min_gain_to_split: 0]
[drop_rate: 0.1]
[max_drop: 50]
[skip_drop: 0.5]
[xgboost_dart_mode: 0]
[uniform_drop: 0]
[drop_seed: 21238]
[top_rate: 0.2]
[other_rate: 0.1]
[min_data_per_group: 100]
[max_cat_threshold: 32]
[cat_l2: 10]
[cat_smooth: 10]
[max_cat_to_onehot: 4]
[top_k: 20]
[monotone_constraints: ]
[monotone_constraints_method: basic]
[monotone_penalty: 0]
[feature_contri: ]
[forcedsplits_filename: ]
[refit_decay_rate: 0.9]
[cegb_tradeoff: 1]
[cegb_penalty_split: 0]
[cegb_penalty_feature_lazy: ]
[cegb_penalty_feature_coupled: ]
[path_smooth: 0]
[interaction_constraints: ]
[verbosity: -1]
[saved_feature_importance_type: 0]
[use_quantized_grad: 0]
[num_grad_quant_bins: 4]
[quant_train_renew_leaf: 0]
[stochastic_rounding: 1]
[linear_tree: 0]
[max_bin: 255]
[max_bin_by_feature: ]
[min_data_in_bin: 3]
[bin_construct_sample_cnt: 200000]
[data_random_seed: 38]
[is_enable_sparse: 1]
[enable_bundle: 1]
[use_missing: 1]
[zero_as_missing: 0]
[feature_pre_filter: 1]
[pre_partition: 0]
[two_round: 0]
[header: 0]
[label_column: ]
[weight_column: ]
[group_column: ]
[ignore_column: ]
[categorical_feature: ]
[forcedbins_filename: ]
[precise_float_parser: 0]
[parser_config_file: ]
[objective_seed: 8855]
[num_class: 1]
[is_unbalance: 0]
[scale_pos_weight: 1]
[sigmoid: 1]
[boost_from_average: 1]
[reg_sqrt: 0]
[alpha: 0.9]
[fair_c: 1]
[poisson_max_delta_step: 0.7]
[tweedie_variance_power: 1.5]
[lambdarank_truncation_level: 30]
[lambdarank_norm: 1]
[label_gain: ]
[lambdarank_position_bias_regularization: 0]
[eval_at: ]
[multi_error_top_k: 1]
[auc_mu_weights: ]
[num_machines: 1]
[local_listen_port: 12400]
[time_out: 120]
[machine_list_filename: ]
[machines: ]
[gpu_platform_id: -1]
[gpu_device_id: -1]
[gpu_device_id_list: ]
[gpu_use_dp: 0]
[num_gpu: 1]

end of parameters

pandas_categorical:null
