tree
version=v4
num_class=1
num_tree_per_iteration=1
label_index=0
max_feature_idx=567
objective=binary sigmoid:1
feature_names=Column_0 Column_1 Column_2 Column_3 Column_4 Column_5 Column_6 Column_7 Column_8 Column_9 Column_10 Column_11 Column_12 Column_13 Column_14 Column_15 Column_16 Column_17 Column_18 Column_19 Column_20 Column_21 Column_22 Column_23 Column_24 Column_25 Column_26 Column_27 Column_28 Column_29 Column_30 Column_31 Column_32 Column_33 Column_34 Column_35 Column_36 Column_37 Column_38 Column_39 Column_40 Column_41 Column_42 Column_43 Column_44 Column_45 Column_46 Column_47 Column_48 Column_49 Column_50 Column_51 Column_52 Column_53 Column_54 Column_55 Column_56 Column_57 Column_58 Column_59 Column_60 Column_61 Column_62 Column_63 Column_64 Column_65 Column_66 Column_67 Column_68 Column_69 Column_70 Column_71 Column_72 Column_73 Column_74 Column_75 Column_76 Column_77 Column_78 Column_79 Column_80 Column_81 Column_82 Column_83 Column_84 Column_85 Column_86 Column_87 Column_88 Column_89 Column_90 Column_91 Column_92 Column_93 Column_94 Column_95 Column_96 Column_97 Column_98 Column_99 Column_100 Column_101 Column_102 Column_103 Column_104 Column_105 Column_106 Column_107 Column_108 Column_109 Column_110 Column_111 Column_112 Column_113 Column_114 Column_115 Column_116 Column_117 Column_118 Column_119 Column_120 Column_121 Column_122 Column_123 Column_124 Column_125 Column_126 Column_127 Column_128 Column_129 Column_130 Column_131 Column_132 Column_133 Column_134 Column_135 Column_136 Column_137 Column_138 Column_139 Column_140 Column_141 Column_142 Column_143 Column_144 Column_145 Column_146 Column_147 Column_148 Column_149 Column_150 Column_151 Column_152 Column_153 Column_154 Column_155 Column_156 Column_157 Column_158 Column_159 Column_160 Column_161 Column_162 Column_163 Column_164 Column_165 Column_166 Column_167 Column_168 Column_169 Column_170 Column_171 Column_172 Column_173 Column_174 Column_175 Column_176 Column_177 Column_178 Column_179 Column_180 Column_181 Column_182 Column_183 Column_184 Column_185 Column_186 Column_187 Column_188 Column_189 Column_190 Column_191 Column_192 Column_193 Column_194 Column_195 Column_196 Column_197 Column_198 Column_199 Column_200 Column_201 Column_202 Column_203 Column_204 Column_205 Column_206 Column_207 Column_208 Column_209 Column_210 Column_211 Column_212 Column_213 Column_214 Column_215 Column_216 Column_217 Column_218 Column_219 Column_220 Column_221 Column_222 Column_223 Column_224 Column_225 Column_226 Column_227 Column_228 Column_229 Column_230 Column_231 Column_232 Column_233 Column_234 Column_235 Column_236 Column_237 Column_238 Column_239 Column_240 Column_241 Column_242 Column_243 Column_244 Column_245 Column_246 Column_247 Column_248 Column_249 Column_250 Column_251 Column_252 Column_253 Column_254 Column_255 Column_256 Column_257 Column_258 Column_259 Column_260 Column_261 Column_262 Column_263 Column_264 Column_265 Column_266 Column_267 Column_268 Column_269 Column_270 Column_271 Column_272 Column_273 Column_274 Column_275 Column_276 Column_277 Column_278 Column_279 Column_280 Column_281 Column_282 Column_283 Column_284 Column_285 Column_286 Column_287 Column_288 Column_289 Column_290 Column_291 Column_292 Column_293 Column_294 Column_295 Column_296 Column_297 Column_298 Column_299 Column_300 Column_301 Column_302 Column_303 Column_304 Column_305 Column_306 Column_307 Column_308 Column_309 Column_310 Column_311 Column_312 Column_313 Column_314 Column_315 Column_316 Column_317 Column_318 Column_319 Column_320 Column_321 Column_322 Column_323 Column_324 Column_325 Column_326 Column_327 Column_328 Column_329 Column_330 Column_331 Column_332 Column_333 Column_334 Column_335 Column_336 Column_337 Column_338 Column_339 Column_340 Column_341 Column_342 Column_343 Column_344 Column_345 Column_346 Column_347 Column_348 Column_349 Column_350 Column_351 Column_352 Column_353 Column_354 Column_355 Column_356 Column_357 Column_358 Column_359 Column_360 Column_361 Column_362 Column_363 Column_364 Column_365 Column_366 Column_367 Column_368 Column_369 Column_370 Column_371 Column_372 Column_373 Column_374 Column_375 Column_376 Column_377 Column_378 Column_379 Column_380 Column_381 Column_382 Column_383 Column_384 Column_385 Column_386 Column_387 Column_388 Column_389 Column_390 Column_391 Column_392 Column_393 Column_394 Column_395 Column_396 Column_397 Column_398 Column_399 Column_400 Column_401 Column_402 Column_403 Column_404 Column_405 Column_406 Column_407 Column_408 Column_409 Column_410 Column_411 Column_412 Column_413 Column_414 Column_415 Column_416 Column_417 Column_418 Column_419 Column_420 Column_421 Column_422 Column_423 Column_424 Column_425 Column_426 Column_427 Column_428 Column_429 Column_430 Column_431 Column_432 Column_433 Column_434 Column_435 Column_436 Column_437 Column_438 Column_439 Column_440 Column_441 Column_442 Column_443 Column_444 Column_445 Column_446 Column_447 Column_448 Column_449 Column_450 Column_451 Column_452 Column_453 Column_454 Column_455 Column_456 Column_457 Column_458 Column_459 Column_460 Column_461 Column_462 Column_463 Column_464 Column_465 Column_466 Column_467 Column_468 Column_469 Column_470 Column_471 Column_472 Column_473 Column_474 Column_475 Column_476 Column_477 Column_478 Column_479 Column_480 Column_481 Column_482 Column_483 Column_484 Column_485 Column_486 Column_487 Column_488 Column_489 Column_490 Column_491 Column_492 Column_493 Column_494 Column_495 Column_496 Column_497 Column_498 Column_499 Column_500 Column_501 Column_502 Column_503 Column_504 Column_505 Column_506 Column_507 Column_508 Column_509 Column_510 Column_511 Column_512 Column_513 Column_514 Column_515 Column_516 Column_517 Column_518 Column_519 Column_520 Column_521 Column_522 Column_523 Column_524 Column_525 Column_526 Column_527 Column_528 Column_529 Column_530 Column_531 Column_532 Column_533 Column_534 Column_535 Column_536 Column_537 Column_538 Column_539 Column_540 Column_541 Column_542 Column_543 Column_544 Column_545 Column_546 Column_547 Column_548 Column_549 Column_550 Column_551 Column_552 Column_553 Column_554 Column_555 Column_556 Column_557 Column_558 Column_559 Column_560 Column_561 Column_562 Column_563 Column_564 Column_565 Column_566 Column_567
feature_infos=[2.0013689994812012:17.993154525756836] [-0.7776256799697876:0.99923950433731079] none none none [0:1] [0:1] [0:1] [0:1] [0:1] [0:1] [0:1] [0:1] [0:1] [0:1] [0:1] [0:1] [0:1] [0:1] [0:1] [0:1] [0:1] [0:1] [0:1] [0:1] [0:1] [0:1] [0:1] [0:1] [0:1] [0:1] [0:1] [0:1] [0:1] [0:1] [0:1] [0:1] [0:1] [0:1] [0:1] [0:1] [0:1] [0:1] [0:1] [0:1] [0:1] [0:1] [0:1] [0:1] [0:1] [0:1] [0:1] [0:1] [0:1] [0:1] [0:1] [0:1] [0:1] [0:1] [0:1] [0:1] [0:1] [0:1] [0:1] [0:1] [0:1] [0:1] [0:1] [0:1] [0:1] [0:1] [0:1] [0:1] [0:1] [0:1] [0:1] [0:1] [0:1] [0:1] [0:1] [0:1] [0:1] [0:1] [0:1] [0:1] [0:1] [0:1] [0:1] [0:1] [0:1] [0:1] [0:1] [0:1] [0:1] [0:1] [0:1] [0:1] [0:1] [0:1] [0:1] [0:1] [0:1] [0:1] [0:1] [0:1] [0:1] [0:1] [0:1] [0:1] none none none none [0:1] [0:1] none [0:1] none [0:1] none none [0:1] none none none none [0:1] [0:1] [0:1] [0:1] [0:1] none [0:1] [0:1] [0:1] [0:1] none [0:1] [0:1] [0:1] [0:1] [0:1] [0:1] [0:1] [0:1] [0:1] [0:1] [0:1] [0:1] [0:1] [0:1] [0:1] [0:1] [0:1] [0:1] [0:1] [0:1] none none none none none none none none none none [0:1] [0:1] none none none none none [0:1] [0:1] [0:1] [0:1] [0:1] [0:1] [0:1] [0:1] [0:1] [0:1] [0:1] [0:1] [0:1] [0:1] [0:1] [0:1] [0:1] [0:1] [0:1] [0:1] [0:1] [0:1] [0:1] [0:1] [0:1] [0:1] [0:1] [0:1] none none [0:1] [0:1] [0:1] none [0:1] [0:1] [0:1] [0:1] [0:1] none [0:1] none none [0:1] none [0:1] [0:1] [0:1] [0:1] [0:1] [0:1] [0:1] [0:1] [0:1] [0:1] [0:1] [0:1] [0:1] [0:1] [0:1] [0:1] [0:1] [0:1] [0:1] [0:1] [0:1] [0:1] [0:1] [0:1] [0:1] none none none none none none none none none none none none none none none none none [0:1] [0:1] [0:1] [0:1] [0:1] [0:1] [0:1] [0:1] [0:1] [0:1] none [0:1] [0:1] [0:1] [0:1] none [0:1] [0:1] none none none [0:1] [0:1] none none none none none [0:1] [0:1] [0:1] [0:1] [0:1] [0:1] [0:1] none none none [0:1] none [0:1] [0:1] [0:1] none [0:1] [0:1] [0:1] [0:1] none none [0:1] [0:1] none none none none [0:1] [0:1] none none none [0:1] none none [0:1] [0:1] none none [0:1] [0:1] none none none none none none none none none none none none none none none none none none none none none none none none none none none none none none none none none none none none none none none none none none none none none none none none none none none none none none none none none none none none none none none none none none none none none none none none none none none none none none none none none none none none none none none none none none none none none none none none none none none none none none none none none none none none none none none none none none none none none none none none none none none none none none none none none none none none none none none none none none none none none none none none none none none none none none none none none none none none none none none none none none none none none none none none none none none none none none none none none none none none none none none none none none none none none none none none none none none none none none none none none none none none none none none none none none none none none none none none none none none none none none none none none none none none none none none none none none none none none
tree_sizes=3402 3463 3447 3485 3442 3470 3489 3488 3472 3474 3491 3503 3518 3473 3477 3466 3509 3491 3491 3498 3513 3492 3467 3520 3473 3503 3500 3493 3465 3477 3486 3481

Tree=0
num_leaves=31
num_cat=0
split_feature=15 6 5 6 5 16 5 16 10 16 16 9 42 94 10 59 0 13 82 13 16 0 0 14 59 0 7 0 0 132
split_gain=353.072 76.9862 65.8501 29.4042 25.9034 18.5983 17.3999 16.8478 16.501 14.8056 11.6079 15.4832 10.1503 9.00853 8.59931 10.2601 14.0688 13.3679 8.86931 8.64532 9.26224 6.90876 6.87676 7.16535 6.62885 8.00381 7.47006 6.26404 6.77241 5.76645
threshold=1.0000000180025095e-35 1.0000000180025095e-35 1.0000000180025095e-35 1.0000000180025095e-35 1.0000000180025095e-35 1.0000000180025095e-35 1.0000000180025095e-35 1.0000000180025095e-35 1.0000000180025095e-35 1.0000000180025095e-35 1.0000000180025095e-35 1.0000000180025095e-35 1.0000000180025095e-35 1.0000000180025095e-35 1.0000000180025095e-35 1.0000000180025095e-35 13.600273609161379 1.0000000180025095e-35 1.0000000180025095e-35 1.0000000180025095e-35 1.0000000180025095e-35 13.096509456634523 11.43189573287964 1.0000000180025095e-35 1.0000000180025095e-35 6.7802875041961679 1.0000000180025095e-35 6.9089665412902841 9.1197810173034686 1.0000000180025095e-35
decision_type=2 2 2 2 2 2 2 2 2 2 2 2 2 2 2 2 2 2 2 2 2 2 2 2 2 2 2 2 2 2
left_child=1 6 3 7 10 24 9 -2 -9 -1 13 21 -13 -3 15 17 18 -5 22 27 -21 29 23 -17 -4 26 -26 -16 -29 -12
right_child=2 4 5 14 -6 -7 -8 8 -10 -11 11 12 -14 -15 19 16 -18 -19 -20 20 -22 -23 -24 -25 25 -27 -28 28 -30 -31
leaf_value=-1.2144066001091898 -1.0743238080141828 -1.1375966953146592 -1.1643679237543292 -0.99838773637037947 -1.1735125070601806 -1.0525319993746807 -1.2333668539587295 -1.0469827328043932 -0.93619588173309221 -1.1554345731004645 -0.97756445255929969 -1.1903023280330713 -1.0311727824699579 -1.0055957961511377 -0.96407110393589934 -1.0433522997646341 -0.84942116756803954 -1.1759681182417905 -0.86471099134540585 -1.0580892749892694 -0.87173182879419642 -1.0948384410557654 -1.1497569917663053 -0.90368874407834687 -0.97406053461031983 -1.1276915026415348 -1.1403551746609684 -0.74301647556636818 -0.89747489943976211 -1.097698782238606
leaf_weight=89.714384600520134 79.540588408708572 75.65604804456234 34.220950827002525 13.873358443379404 90.084340825676918 47.724353045225143 146.87262138724327 33.666016489267349 22.382351621985435 81.020413309335709 19.977636158466343 13.318424105644228 5.734321489930152 5.54934337735176 8.5089931786060351 11.653621092438707 8.3240150660276395 6.1042777150869361 4.0695184767246237 8.5089931786060315 3.8845403641462317 11.653621092438696 3.6995622515678397 5.3643652647733679 7.3991245031356794 45.319637581706047 4.2544965893030167 3.8845403641462317 10.543752416968344 4.9944090396165839
leaf_count=485 430 409 185 75 487 258 794 182 121 438 108 72 31 30 46 63 45 33 22 46 21 63 20 29 40 245 23 21 57 27
internal_value=-1.12543 -1.17635 -1.04902 -1.01548 -1.13187 -1.10311 -1.20813 -1.04473 -1.00274 -1.18642 -1.10446 -1.06929 -1.14241 -1.12858 -0.970611 -0.996052 -0.961904 -1.05265 -0.999679 -0.932383 -0.999679 -1.03126 -1.02619 -0.999328 -1.12958 -1.10869 -1.03477 -0.896022 -0.85589 -1.00159
internal_weight=907.503 544.576 362.927 224.008 226.968 138.919 317.607 135.589 56.0484 170.735 136.884 55.6784 19.0527 81.2054 88.4195 53.0887 33.1111 19.9776 24.7871 35.3308 12.3935 36.6257 20.7175 17.018 91.1942 56.9733 11.6536 22.9373 14.4283 24.972
internal_count=4906 2944 1962 1211 1227 751 1717 733 303 923 740 301 103 439 478 287 179 108 134 191 67 198 112 92 493 308 63 124 78 135
is_linear=0
shrinkage=1


Tree=1
num_leaves=31
num_cat=0
split_feature=15 6 5 5 6 5 16 16 16 10 16 9 42 94 16 40 69 81 10 13 10 59 0 1 0 12 10 61 62 86
split_gain=282.016 67.3055 47.72 21.316 19.8418 16.2319 14.3676 13.2675 11.9155 10.934 8.99033 11.71 8.17505 6.89478 5.91801 7.08313 8.18034 7.05987 6.88767 6.24727 5.85089 5.43635 6.12704 5.25644 11.0899 6.78082 6.80726 6.39152 9.05913 4.91751
threshold=1.0000000180025095e-35 1.0000000180025095e-35 1.0000000180025095e-35 1.0000000180025095e-35 1.0000000180025095e-35 1.0000000180025095e-35 1.0000000180025095e-35 1.0000000180025095e-35 1.0000000180025095e-35 1.0000000180025095e-35 1.0000000180025095e-35 1.0000000180025095e-35 1.0000000180025095e-35 1.0000000180025095e-35 1.0000000180025095e-35 1.0000000180025095e-35 1.0000000180025095e-35 1.0000000180025095e-35 1.0000000180025095e-35 1.0000000180025095e-35 1.0000000180025095e-35 1.0000000180025095e-35 6.4298424720764169 -0.43676325678825373 2.7310061454772954 1.0000000180025095e-35 1.0000000180025095e-35 1.0000000180025095e-35 1.0000000180025095e-35 1.0000000180025095e-35
decision_type=2 2 2 2 2 2 2 2 2 2 2 2 2 2 2 2 2 2 2 2 2 2 2 2 2 2 2 2 2 2
left_child=1 5 4 10 8 7 21 20 23 -10 13 -12 -13 -3 15 16 18 -16 -6 -20 -1 -4 -23 24 -2 26 -25 28 -27 -8
right_child=2 3 6 -5 14 -7 29 -9 9 -11 11 12 -14 -15 17 -17 -18 -19 19 -21 -22 22 -24 25 -26 27 -28 -29 -30 -31
leaf_value=-0.10937521093617278 0.15567188962845521 -0.011025490613182974 -0.03579980528078703 -0.044431311328288391 0.068457498008006712 -0.10317801023136085 0.072768950124111054 -0.0274516865305416 0.067759064909348368 0.15488025458675589 0.0806360467316347 -0.060510374585712783 0.080767718011884704 0.1013875641290522 0.12203829095726793 0.02823553747491438 0.2028399042067954 0.21312044988183537 0.19193755155435419 0.063590836997454492 -0.057058087476477996 0.079798151905269427 -0.0015579601712384726 0.047353546939933974 -0.033498711283080157 0.082828234688479899 0.13908259390138453 0.086209758322057087 -0.065044130763440886 -0.040106210372805304
leaf_weight=44.305735781788826 3.7953969836235073 75.185875967144966 33.538691475987434 87.864763200283051 23.412574633955956 138.71230235695839 45.263199508190155 79.776716351509094 34.99975112080574 24.482141941785812 38.352846756577492 12.875065684318544 6.0066563189029685 5.8830888569355002 19.572952941060066 9.0532039701938611 10.513051420450209 15.056219175457953 11.98954412341118 5.5470761358737937 41.304948896169662 11.598833769559858 45.848754957318306 17.079286426305771 16.889516577124596 6.4521748721599588 15.371357783675192 10.43734170496464 11.575960800051689 4.2194508016109458
leaf_count=251 20 409 185 487 120 794 236 438 182 121 198 72 31 30 98 46 52 75 58 29 234 60 248 90 89 34 81 55 61 22
internal_value=-0.000227062 -0.0472262 0.0659327 -0.00591482 0.0933787 -0.0779507 0.0197765 -0.0567923 0.0695785 0.103617 0.0185549 0.0488986 -0.015567 -0.00286779 0.12867 0.109804 0.124154 0.161639 0.103952 0.15134 -0.0841335 -0.00380875 0.0148681 0.0447664 0.00121149 0.0595561 0.0908041 0.0239334 -0.0121214 0.0631439
internal_weight=906.964 530.268 376.696 226.168 236.228 304.1 140.469 165.387 141.083 59.4819 138.304 57.2346 18.8817 81.069 95.1446 60.5155 51.4622 34.6292 40.9492 17.5366 85.6107 90.9863 57.4476 81.601 20.6849 60.9161 32.4506 28.4655 18.0281 49.4827
internal_count=4906 2944 1962 1227 1211 1717 751 923 733 303 740 301 103 439 478 305 259 173 207 87 485 493 308 430 109 321 171 150 95 258
is_linear=0
shrinkage=0.1


Tree=2
num_leaves=31
num_cat=0
split_feature=15 6 5 5 5 6 16 16 91 16 10 19 16 9 39 0 10 10 0 50 0 0 0 0 9 1 56 10 10 0
split_gain=227.002 58.8385 35.5492 17.5616 15.1854 14.2345 11.8953 11.1789 9.01864 10.1098 8.3349 7.31602 6.68851 7.80086 7.27804 5.83183 6.147 5.50461 5.30929 6.73399 6.41091 10.5 5.14723 6.79251 7.30596 6.92236 7.12214 8.50003 5.81607 10.6929
threshold=1.0000000180025095e-35 1.0000000180025095e-35 1.0000000180025095e-35 1.0000000180025095e-35 1.0000000180025095e-35 1.0000000180025095e-35 1.0000000180025095e-35 1.0000000180025095e-35 1.0000000180025095e-35 1.0000000180025095e-35 1.0000000180025095e-35 1.0000000180025095e-35 1.0000000180025095e-35 1.0000000180025095e-35 1.0000000180025095e-35 13.096509456634523 1.0000000180025095e-35 1.0000000180025095e-35 14.205338954925539 1.0000000180025095e-35 11.741273403167726 12.510609149932863 16.286105155944828 12.699520587921144 1.0000000180025095e-35 -0.065480265766382204 1.0000000180025095e-35 1.0000000180025095e-35 1.0000000180025095e-35 14.680356025695803
decision_type=2 2 2 2 2 2 2 2 2 2 2 2 2 2 2 2 2 2 2 2 2 2 2 2 2 2 2 2 2 2
left_child=1 4 5 11 6 8 17 22 9 -2 -11 12 -3 15 -15 16 -14 -1 20 -20 -7 -22 23 24 25 26 27 -4 29 -25
right_child=2 3 7 -5 -6 18 -8 -9 -10 10 -12 -13 13 14 -16 -17 -18 -19 19 -21 21 -23 -24 28 -26 -27 -28 -29 -30 -31
leaf_value=-0.10501365931991083 0.041857287084426854 -0.0062810351900831609 0.055536744530798071 -0.041004486079305263 -0.0987600270272216 0.11082478473059154 -0.025085787686952105 0.055055551429135478 -0.074917344051609949 0.06452865964237807 0.13989027323811917 0.15301641958353596 0.048154879678897533 -0.054679992204385935 0.082088006598225002 0.0064153217438914986 0.14531166092473849 -0.053087025792251746 0.19921514170620938 0.073775915141347223 -0.092254168603959158 0.096383438011141631 -0.080820738123367999 -0.08139224059375437 -0.060447169297684102 -0.036058459899451722 0.10252223388220622 -0.11010654758190606 0.12199710750184034 0.11355008521889967
leaf_weight=41.668519303202629 80.440613314509392 78.514438450336456 8.5944007933139783 85.798827931284904 130.83693370223045 67.673130810260773 78.633093416690826 50.969911843538284 4.7579643279314032 35.133050680160522 25.203853234648705 3.8180193603038779 14.881719708442688 13.168568760156633 5.5225912481546393 11.914399728178976 11.578747615218163 40.023997753858566 12.66940161585808 6.4626649171113959 4.3639760315418235 9.1118328124284726 7.8576780110597602 5.9980269223451632 20.818798661231995 17.752885520458221 11.707097589969635 4.844006836414338 7.8778947591781607 5.2999911159276962
leaf_count=251 415 426 48 487 794 324 438 258 24 177 117 20 73 74 29 61 57 234 58 31 22 43 43 33 113 97 60 27 43 29
internal_value=-0.000377999 -0.0437926 0.0574682 -0.00540947 -0.0734797 0.0804651 -0.0528493 0.0175798 0.06049 0.0650664 0.0960086 0.016499 0.0126546 0.0387073 -0.0142698 0.0645107 0.0906694 -0.079573 0.109455 0.156843 0.0982822 0.0352955 -0.00346834 0.00386412 -0.0118397 0.0117497 0.0455026 -0.00417102 0.0560444 0.0100568
internal_weight=903.897 516.36 387.537 225.197 291.163 245.816 160.326 141.721 145.535 140.778 60.3369 139.398 135.58 57.066 18.6912 38.3749 26.4605 81.6925 100.281 19.1321 81.1489 13.4758 90.7508 82.8931 63.7172 42.8984 25.1455 13.4384 19.1759 11.298
internal_count=4906 2944 1962 1227 1717 1211 923 751 733 709 294 740 720 294 103 191 130 485 478 89 389 65 493 450 345 232 135 75 105 62
is_linear=0
shrinkage=0.1


Tree=3
num_leaves=31
num_cat=0
split_feature=15 6 5 5 5 16 6 16 91 16 10 151 10 10 0 0 41 70 12 67 60 9 13 10 71 55 22 133 81 9
split_gain=183.652 51.3684 27.1014 14.4563 14.2219 10.6572 10.558 8.80909 7.16653 7.57862 6.12647 5.70747 6.71611 5.19644 5.19539 9.58178 4.89825 4.82152 5.93545 5.03719 4.80892 9.92599 6.94513 6.83704 4.79128 4.8678 4.47396 4.53606 7.3365 4.42849
threshold=1.0000000180025095e-35 1.0000000180025095e-35 1.0000000180025095e-35 1.0000000180025095e-35 1.0000000180025095e-35 1.0000000180025095e-35 1.0000000180025095e-35 1.0000000180025095e-35 1.0000000180025095e-35 1.0000000180025095e-35 1.0000000180025095e-35 1.0000000180025095e-35 1.0000000180025095e-35 1.0000000180025095e-35 10.444900512695314 3.5961669683456425 1.0000000180025095e-35 1.0000000180025095e-35 1.0000000180025095e-35 1.0000000180025095e-35 1.0000000180025095e-35 1.0000000180025095e-35 1.0000000180025095e-35 1.0000000180025095e-35 1.0000000180025095e-35 1.0000000180025095e-35 1.0000000180025095e-35 1.0000000180025095e-35 1.0000000180025095e-35 1.0000000180025095e-35
decision_type=2 2 2 2 2 2 2 2 2 2 2 2 2 2 2 2 2 2 2 2 2 2 2 2 2 2 2 2 2 2
left_child=1 4 6 11 5 13 8 -4 9 -2 17 12 -3 -1 15 -14 24 18 -11 -19 22 -22 29 -24 -16 -26 27 28 -9 -8
right_child=2 3 7 -5 -6 -7 20 26 -10 10 -12 -13 14 -15 16 -17 -18 19 -20 -21 21 -23 23 -25 25 -27 -28 -29 -30 -31
leaf_value=-0.10096395605014659 0.036906726079290714 0.001137175244189567 -0.0032934569359597942 -0.037793445347642708 -0.094609958345673428 -0.022899448022630824 0.063557944500406804 0.10777915897944082 -0.069951209858815463 0.074583901299280872 0.11969831271690168 -0.083117271806813539 -0.03432845363188658 -0.049330398978910173 -0.093449751600022488 0.11006181390803188 0.10395674037358793 0.052304611033704242 -0.022181506759810711 0.19379879368810451 0.14149893512050751 0.058702546841362946 -0.071513131787505832 0.077658963354911681 -0.079459075852233219 0.05163182501363759 -0.040950807945012296 -0.0036410917405289411 0.016584995790256848 0.14379157052483607
leaf_weight=39.137625247240067 82.017933443188667 82.646080270409584 90.496101707220078 83.8835379332304 123.3116834461689 77.584003329277039 17.744028463959694 23.476013496518135 4.5948707759380332 14.908143535256386 26.436333373188972 5.7235475778579703 5.9112054556608227 38.8290154337883 4.8773652613163039 20.654700115323067 4.9434970617294303 5.7181920409202558 11.027941793203354 4.4928651750087738 40.442822769284248 22.554361969232559 5.9921208769083005 6.3059195578098297 3.7272148579359046 11.801667973399162 5.0734262317419043 9.5571618080139142 14.132366031408308 11.235058575868608
leaf_count=251 415 439 493 487 794 438 80 116 24 73 117 30 31 234 26 107 25 28 54 22 184 103 30 30 20 62 25 47 70 51
internal_value=-0.000487338 -0.0405947 0.0504338 -0.00495304 -0.0692459 -0.0491388 0.0700601 0.0155814 0.0529978 0.0569046 0.0831126 0.0146839 0.0188438 -0.0752494 0.0470315 0.0779334 0.0146472 0.0563555 0.0334396 0.114562 0.0944728 0.111856 0.0679426 0.00497606 -0.00698845 0.0201676 0.0482791 0.0578772 0.0735105 0.0946642
internal_weight=899.237 503.031 396.206 224.169 278.862 155.551 253.471 142.735 149.196 144.601 62.5835 140.285 134.562 77.9666 51.9157 26.5659 25.3497 36.1471 25.9361 10.2111 104.274 62.9972 41.2771 12.298 20.4062 15.5289 52.239 47.1655 37.6084 28.9791
internal_count=4906 2944 1962 1227 1717 923 1211 751 733 709 294 740 710 485 271 138 133 177 127 50 478 287 191 60 108 82 258 233 186 131
is_linear=0
shrinkage=0.1


Tree=4
num_leaves=31
num_cat=0
split_feature=15 6 5 5 5 16 176 6 0 1 9 100 94 0 1 0 6 16 0 16 9 42 94 10 12 80 10 0 0 7
split_gain=149.164 44.7907 20.9187 13.3146 11.885 9.53195 9.05531 9.29832 7.61174 9.88594 8.45778 6.68244 6.17351 6.96177 7.67603 6.49341 6.10618 7.78734 5.79659 5.48445 6.69323 6.06601 5.02646 4.9124 4.5997 4.30254 4.95463 6.44107 9.8891 6.59611
threshold=1.0000000180025095e-35 1.0000000180025095e-35 1.0000000180025095e-35 1.0000000180025095e-35 1.0000000180025095e-35 1.0000000180025095e-35 1.0000000180025095e-35 1.0000000180025095e-35 16.286105155944828 0.66811162233352672 1.0000000180025095e-35 1.0000000180025095e-35 1.0000000180025095e-35 2.6105407476425175 -0.46003498136997217 10.658453464508058 1.0000000180025095e-35 1.0000000180025095e-35 15.727583885192873 1.0000000180025095e-35 1.0000000180025095e-35 1.0000000180025095e-35 1.0000000180025095e-35 1.0000000180025095e-35 1.0000000180025095e-35 1.0000000180025095e-35 1.0000000180025095e-35 4.507871389389039 14.205338954925539 1.0000000180025095e-35
decision_type=2 2 2 2 2 2 2 2 2 2 2 2 2 2 2 2 2 2 2 2 2 2 2 2 2 2 2 2 2 2
left_child=1 3 6 5 19 23 7 12 9 10 11 -4 13 -2 -15 -14 -12 -18 -11 22 -21 -22 -3 -1 -16 26 27 -9 29 -29
right_child=2 4 8 -5 -6 -7 -8 25 -10 18 16 -13 15 14 24 -17 17 -19 -20 20 21 -23 -24 -25 -26 -27 -28 28 -30 -31
leaf_value=-0.09715563134989548 0.13932276697454646 -0.011004374125086407 0.024545222599683961 -0.09066848935176576 -0.03478782355510078 -0.020882156446024629 -0.079722044232489409 0.13775470702423373 -0.064181671249320893 0.20366223055403521 -0.054720964456072767 0.15540923148202093 0.21929119414145493 -0.011454664255608296 0.066626887543018917 0.058720279691956229 -0.027424155925994044 0.13157349900790433 0.045579454296290213 0.058502920723820233 -0.05473278837070919 0.065921236437483988 0.082412097742748283 -0.045776595970242057 0.024329752869323887 0.14614169867379087 0.10695779035930267 0.055929574492106296 0.12768535803632186 -0.03205682586893261
leaf_weight=36.729985460639 7.022279515862464 75.123299270868301 80.122337743639946 116.17804473638535 82.113965794444084 76.623656898736954 4.4651412218809119 9.0265835970640165 11.488974973559378 4.3845228850841504 25.137540265917778 4.1018318980932227 4.1381023526191694 26.083252713084221 62.06023345887661 6.4346822649240494 8.7298976927995664 4.7600037008523932 4.9250572472810745 41.231743574142456 12.276562511920931 6.3080743402242652 6.2382105141878119 37.718938440084457 43.895262658596039 10.908733233809469 39.285546436905861 20.505608648061752 11.094626128673552 14.577436894178389
leaf_count=251 33 409 415 794 487 438 21 41 62 22 134 21 20 128 295 31 49 23 25 198 72 31 30 234 214 48 171 94 48 67
internal_value=-0.000558363 -0.0375951 0.0445072 -0.0652157 -0.00453695 -0.0456419 0.0614554 0.0639271 0.0138912 0.0206782 0.0131493 0.0309185 0.0479018 0.0423011 0.0371411 0.121566 -0.025595 0.0286793 0.120032 0.013058 0.036045 -0.0137799 -0.00384188 -0.0711249 0.049104 0.0866782 0.0798132 0.060496 0.0453939 0.0193701
internal_weight=893.69 490.542 403.148 267.251 223.292 151.073 259.497 255.032 143.65 132.161 122.852 84.2242 149.634 139.061 132.039 10.5728 38.6274 13.4899 9.30958 141.178 59.8164 18.5846 81.3615 74.4489 105.955 105.399 94.4898 55.2043 46.1777 35.083
internal_count=4906 2944 1962 1717 1227 923 1211 1190 751 689 642 436 721 670 637 51 206 72 47 740 301 103 439 485 509 469 421 250 209 161
is_linear=0
shrinkage=0.1


Tree=5
num_leaves=31
num_cat=0
split_feature=15 6 5 5 5 16 10 151 140 0 1 9 16 19 85 13 151 13 9 61 55 100 10 10 67 53 0 79 1 9
split_gain=121.367 38.9753 16.33 12.4458 9.77914 8.505 7.72207 6.94479 6.76325 6.26986 7.4458 6.81374 5.73003 5.37911 6.48545 5.21524 5.14903 5.1127 8.29746 5.42012 9.11244 4.89718 4.73601 4.64289 4.60108 4.50091 5.55791 6.54854 5.93395 7.63591
threshold=1.0000000180025095e-35 1.0000000180025095e-35 1.0000000180025095e-35 1.0000000180025095e-35 1.0000000180025095e-35 1.0000000180025095e-35 1.0000000180025095e-35 1.0000000180025095e-35 1.0000000180025095e-35 16.286105155944828 0.66811162233352672 1.0000000180025095e-35 1.0000000180025095e-35 1.0000000180025095e-35 1.0000000180025095e-35 1.0000000180025095e-35 1.0000000180025095e-35 1.0000000180025095e-35 1.0000000180025095e-35 1.0000000180025095e-35 1.0000000180025095e-35 1.0000000180025095e-35 1.0000000180025095e-35 1.0000000180025095e-35 1.0000000180025095e-35 1.0000000180025095e-35 3.5961669683456425 1.0000000180025095e-35 -0.26367023587226862 1.0000000180025095e-35
decision_type=2 2 2 2 2 2 2 2 2 2 2 2 2 2 2 2 2 2 2 2 2 2 2 2 2 2 2 2 2 2
left_child=1 3 6 5 13 23 8 17 12 10 11 21 -2 14 16 -13 22 -8 19 20 -19 -4 24 -1 -3 26 -24 28 -28 -30
right_child=2 4 9 -5 -6 -7 7 -9 -10 -11 -12 15 -14 -15 -16 -17 -18 18 -20 -21 -22 -23 25 -25 -26 -27 27 -29 29 -31
leaf_value=-0.093533093873883422 0.015389920315980986 -0.030376131735914743 0.021826870261002114 -0.086889456196277803 -0.031978408617056552 -0.01902375539327111 0.084463300007031838 0.18635615527545746 0.11513778814731723 -0.059791141468867416 0.10232569806137633 0.0021616662484701984 0.05627709068009995 0.124251525176247 -0.1133526180689948 -0.076918843023558892 -0.090341620371166387 0.096592554764331928 -0.03870692798203916 0.12801555846076904 -0.04225472773758715 0.13032694212333959 -0.032438717029493268 -0.042416768238462105 0.019563655157067563 -0.011277631102080904 0.15735833306123537 -0.044551145250687166 0.10627174321099415 -0.027941166582866356
leaf_weight=34.455829367041588 78.187846213579178 29.800854906439781 81.039188846945763 109.45953863859177 80.483841583132744 75.746153980493546 70.215671375393867 5.2259832024574271 10.892007961869238 11.119166865944861 9.7878887802362424 25.727346450090408 61.028716877102852 4.120564490556716 4.2471273988485327 12.339083462953566 4.7259001880884162 10.826682090759277 10.102327570319174 9.591550678014757 8.38934426009655 4.3850244730710974 5.8273943662643424 36.691461950540543 48.430304497480392 12.83198271691799 9.1067907959222811 4.0738377571105948 11.981533050537115 6.5600427389144889
leaf_count=251 371 159 415 794 487 438 310 23 50 62 47 139 279 20 22 67 26 49 47 43 39 21 31 234 256 67 46 20 58 35
internal_value=-0.000611816 -0.0347953 0.0393979 -0.0613644 -0.00414103 -0.0423441 0.0541653 0.0737433 0.039251 0.0123516 0.0183704 0.0117161 0.0333137 0.0116695 0.00829782 -0.023472 0.0121726 0.0683504 0.0392734 0.0666198 0.0359745 0.0273964 0.0159396 -0.0671718 0.000539927 0.0398517 0.0573243 0.0738139 0.0912543 0.058787
internal_weight=887.401 478.543 408.858 256.353 222.19 146.893 264.46 114.352 150.109 144.398 133.279 123.491 139.217 141.706 137.586 38.0664 133.339 109.126 38.9099 28.8076 19.216 85.4242 128.613 71.1473 78.2312 50.3816 37.5496 31.7222 27.6484 18.5416
internal_count=4906 2944 1962 1717 1227 923 1211 511 700 751 689 642 650 740 720 206 698 488 178 131 88 436 672 485 415 257 190 159 139 93
is_linear=0
shrinkage=0.1


Tree=6
num_leaves=31
num_cat=0
split_feature=15 6 16 5 5 88 5 16 151 79 40 61 11 139 6 0 133 1 64 54 10 133 67 16 9 6 9 0 55 134
split_gain=98.9938 33.8048 13.086 11.6043 9.24819 8.36738 8.01683 7.56609 4.99812 5.22044 5.17482 6.03926 5.16113 4.81757 4.67443 4.43847 5.81111 6.46612 5.34985 5.06957 4.38154 4.33809 6.74646 6.34659 4.54773 4.2892 6.21555 6.28908 11.1297 4.69279
threshold=1.0000000180025095e-35 1.0000000180025095e-35 1.0000000180025095e-35 1.0000000180025095e-35 1.0000000180025095e-35 1.0000000180025095e-35 1.0000000180025095e-35 1.0000000180025095e-35 1.0000000180025095e-35 1.0000000180025095e-35 1.0000000180025095e-35 1.0000000180025095e-35 1.0000000180025095e-35 1.0000000180025095e-35 1.0000000180025095e-35 15.727583885192873 1.0000000180025095e-35 -0.48056885600090021 1.0000000180025095e-35 1.0000000180025095e-35 1.0000000180025095e-35 1.0000000180025095e-35 1.0000000180025095e-35 1.0000000180025095e-35 1.0000000180025095e-35 1.0000000180025095e-35 1.0000000180025095e-35 8.5516767501831072 1.0000000180025095e-35 1.0000000180025095e-35
decision_type=2 2 2 2 2 2 2 2 2 2 2 2 2 2 2 2 2 2 2 2 2 2 2 2 2 2 2 2 2 2
left_child=1 3 4 7 8 13 -3 20 9 10 14 -12 -11 25 15 16 17 -2 -19 -18 -1 24 -23 -24 -8 26 29 -28 -29 -4
right_child=2 6 5 -5 -6 -7 21 -9 -10 12 11 -13 -14 -15 -16 -17 19 18 -20 -21 -22 22 23 -25 -26 -27 27 28 -30 -31
leaf_value=-0.090052316741706828 -0.07525967221978086 0.010374965588924371 0.071642891810611162 -0.08323715023672329 -0.0048365105668115339 -0.06013017160859218 -0.01927193816353729 -0.017314412894638219 0.11825397999785724 0.15643365776813067 0.016480739942395278 -0.099426701316486246 0.025199758755112267 0.11527640606702061 0.056644319423467752 0.093763203316723331 0.099210295131390958 0.026330637256099434 -0.094453870211919325 -0.028631206883210199 -0.039243936313838983 -0.063919728365158038 0.18270616036760406 -0.0081353011517951556 -0.073188348366552677 0.079557894609821725 -0.044724815151875895 0.15339028167755306 -0.014241329497060246 -0.010442378998200205
leaf_weight=32.320295989513397 11.259512260556212 142.23479156196117 54.572153687477112 103.16605630517006 90.9167520403862 5.8798314481973639 42.331322997808456 74.945646643638611 6.9202340245246878 6.3593162745237333 14.258663415908815 6.5651059299707404 5.6675397306680679 14.998933792114256 51.607377797365189 6.7362568974494925 10.701145291328428 30.700770705938346 4.164502501487731 4.3680444806814185 35.743412911891937 4.8656693100929242 3.5681574940681458 3.4059685170650482 24.814913481473923 49.278929933905602 13.539817348122599 6.2083470225334176 10.940169587731361 7.9835588932037345
leaf_count=251 57 740 247 794 493 28 261 438 31 28 68 31 26 66 223 32 51 147 20 21 234 30 22 21 153 215 63 28 50 37
internal_value=-0.000647341 -0.0321808 0.0349853 -0.0576748 0.0206119 0.0569961 -0.00381105 -0.0392343 0.0351352 0.0313606 0.0259427 -0.0200614 0.094591 0.0613681 0.0339568 0.0167208 0.00823989 -0.00937391 0.0119035 0.0621534 -0.0633705 -0.0293567 0.0264535 0.0895045 -0.0391976 0.0556949 0.0430834 0.00622164 0.046447 0.0611669
internal_weight=881.023 467.396 413.627 246.175 250.225 163.402 221.221 143.009 159.308 152.388 140.361 20.8238 12.0269 157.522 119.538 67.9302 61.194 46.1248 34.8653 15.0692 68.0637 78.986 11.8398 6.97413 67.1462 142.523 93.244 30.6883 17.1485 62.5557
internal_count=4906 2944 1962 1717 1228 734 1227 923 735 704 650 99 54 706 551 328 296 224 167 72 485 487 73 43 414 640 425 141 78 284
is_linear=0
shrinkage=0.1


Tree=7
num_leaves=31
num_cat=0
split_feature=15 6 5 5 176 16 5 10 0 1 9 50 140 6 151 6 81 16 139 9 39 12 16 108 100 57 0 80 99 10
split_gain=80.792 29.2932 10.7839 10.6928 6.89443 6.70788 6.62346 6.39652 5.23358 5.58674 5.05286 4.94294 4.66562 4.85769 4.32141 4.28962 8.01816 4.26014 5.33022 4.36861 4.28397 4.18636 4.82359 4.17516 4.84507 5.18869 4.16937 5.68 5.06086 4.12434
threshold=1.0000000180025095e-35 1.0000000180025095e-35 1.0000000180025095e-35 1.0000000180025095e-35 1.0000000180025095e-35 1.0000000180025095e-35 1.0000000180025095e-35 1.0000000180025095e-35 16.286105155944828 0.66811162233352672 1.0000000180025095e-35 1.0000000180025095e-35 1.0000000180025095e-35 1.0000000180025095e-35 1.0000000180025095e-35 1.0000000180025095e-35 1.0000000180025095e-35 1.0000000180025095e-35 1.0000000180025095e-35 1.0000000180025095e-35 1.0000000180025095e-35 1.0000000180025095e-35 1.0000000180025095e-35 1.0000000180025095e-35 1.0000000180025095e-35 1.0000000180025095e-35 3.9917863607406621 1.0000000180025095e-35 1.0000000180025095e-35 1.0000000180025095e-35
decision_type=2 2 2 2 2 2 2 2 2 2 2 2 2 2 2 2 2 2 2 2 2 2 2 2 2 2 2 2 2 2
left_child=1 2 5 4 7 29 17 12 9 10 23 15 13 -2 21 -12 -17 -3 19 -19 -21 -9 -23 24 25 -5 -15 28 -28 -1
right_child=3 6 -4 8 -6 -7 -8 14 -10 -11 11 -13 -14 26 -16 16 -18 18 -20 20 -22 22 -24 -25 -26 -27 27 -29 -30 -31
leaf_value=-0.086678452978174281 0.010244962420174086 -0.0056124177897700573 -0.079684199641929465 -0.0070299423041190745 -0.080324411852980976 -0.01574458641116766 -0.026997678240937191 0.073706549183399403 -0.057427382448737643 0.0857323600484972 -0.027877016640988284 -0.078157462618920689 0.092876228740996006 0.11773870453123875 0.14882404345796382 0.14398971797571594 -0.042053741989004016 0.057543984323340548 -0.059120935207483898 -0.039179906812022124 0.070678925739761381 0.0082930936774858535 0.07887739214760485 -0.052325642187383795 0.1328935549547999 0.045696034523022247 0.0091495378923802332 0.1236719513534828 0.093177384062760507 -0.036252283688563411
leaf_weight=30.324709355831146 79.845359444618225 81.897518500685692 97.297390684485435 33.056758657097816 4.4669430851936331 74.216437071561813 77.614545971155167 67.827130556106567 10.874730691313742 10.22931584715843 17.320731192827225 10.99952983856201 11.424917697906492 7.4788825511932364 5.5429622679948798 4.9164324700832385 4.3807199150323868 38.542309999465942 6.1334422230720511 11.132654607295992 5.2110991179943076 27.038006812334061 15.082502618432043 6.9388062208890906 4.2146675884723654 42.867706105113029 37.0963434278965 6.741854950785636 8.8842664211988431 34.871025502681732
leaf_count=251 377 439 794 171 21 438 487 293 62 47 96 61 50 32 23 25 24 179 31 65 26 124 62 35 19 211 163 28 38 234
internal_value=-0.000668678 -0.029704 -0.0541348 0.0311511 0.0428841 -0.0363036 -0.00348093 0.0449457 0.00930828 0.0146871 0.00885892 -0.021768 0.0314295 0.0264167 0.0626729 0.0015343 0.056328 0.00929042 0.0292923 0.0391724 -0.00415214 0.0583296 0.0335679 0.0220897 0.0285329 0.0227397 0.0478654 0.0379536 0.0253852 -0.0597072
internal_weight=874.47 457.241 236.71 417.229 271.429 139.412 220.532 266.962 145.799 134.925 124.695 37.6174 151.472 140.047 115.491 26.6179 9.29715 142.917 61.0195 54.8861 16.3438 109.948 42.1205 87.0779 80.1391 75.9245 60.2013 52.7225 45.9806 65.1957
internal_count=4906 2944 1717 1962 1211 923 1227 1190 751 689 642 206 688 638 502 145 49 740 301 270 91 479 186 436 401 382 261 229 201 485
is_linear=0
shrinkage=0.1


Tree=8
num_leaves=31
num_cat=0
split_feature=15 6 5 16 88 101 5 10 167 51 9 81 8 44 0 0 84 0 6 12 134 0 11 5 83 10 67 8 55 10
split_gain=66.0337 25.3031 9.98226 9.60378 6.58566 6.55826 6.40284 6.286 9.31055 6.22438 5.99208 5.59577 6.98834 4.59255 4.5559 7.31624 4.40424 4.28912 4.25105 5.13886 5.96436 5.10162 5.53476 4.09598 4.0156 4.95449 3.6971 3.86094 3.68581 3.67698
threshold=1.0000000180025095e-35 1.0000000180025095e-35 1.0000000180025095e-35 1.0000000180025095e-35 1.0000000180025095e-35 1.0000000180025095e-35 1.0000000180025095e-35 1.0000000180025095e-35 1.0000000180025095e-35 1.0000000180025095e-35 1.0000000180025095e-35 1.0000000180025095e-35 1.0000000180025095e-35 1.0000000180025095e-35 9.4346337318420428 7.1540040969848642 1.0000000180025095e-35 17.006159782409672 1.0000000180025095e-35 1.0000000180025095e-35 1.0000000180025095e-35 10.788501262664797 1.0000000180025095e-35 1.0000000180025095e-35 1.0000000180025095e-35 1.0000000180025095e-35 1.0000000180025095e-35 1.0000000180025095e-35 1.0000000180025095e-35 1.0000000180025095e-35
decision_type=2 2 2 2 2 2 2 2 2 2 2 2 2 2 2 2 2 2 2 2 2 2 2 2 2 2 2 2 2 2
left_child=1 2 10 5 13 6 -2 23 9 11 16 14 -13 -5 15 -9 -1 -12 19 20 -15 -21 -23 -3 -8 -26 -20 29 -29 -28
right_child=3 7 -4 4 -6 -7 24 8 -10 -11 17 12 -14 18 -16 -17 -18 -19 26 21 -22 22 -24 -25 25 -27 27 28 -30 -31
leaf_value=-0.021134013258395978 0.030241942570022141 -0.0032955746818860328 -0.076210193692076073 0.14239561183069363 -0.058247104922461358 -0.081116949261663726 0.0054054598214392782 0.064448757513117058 0.16894583317890033 -0.032789516704019223 -0.064248992337491054 0.035975308104541991 -0.06952381401165153 0.065813142626680907 0.10807893020295388 -0.076987585507466594 0.076205443745291895 0.039360368726969908 0.10192663672441485 -0.02968587868148926 -0.016119043901421295 0.0090497415197770843 0.13112875930912388 -0.039388145291056359 -0.097972394556287312 0.035268313436140244 0.03825724532858818 -0.062213347071388918 0.052730598687776256 0.12375816538058459
leaf_weight=70.370507821440697 158.20944905281067 86.00261215865612 91.845874950289726 5.2291142195463172 5.7998823076486579 6.8310343325138083 75.168446809053421 14.253877505660062 3.9126479029655448 23.127001076936722 56.4433274269104 16.185447663068771 10.258269339799883 53.889833137392998 11.357991158962248 4.919657126069068 4.9770433306694022 4.299865558743476 21.580656692385674 19.510218322277069 10.639030337333677 13.001675650477411 5.1987537145614615 49.563534319400787 8.690335199236868 4.1109453588724127 12.01962822675705 5.0482242703437823 6.2355905175209045 8.6491551697254181
leaf_count=472 716 454 794 23 28 35 407 75 21 130 390 87 55 237 61 27 32 29 91 89 50 57 23 317 48 22 52 22 26 36
internal_value=-0.000673347 -0.0273981 -0.0507365 0.0278151 0.0464429 0.0155343 0.0182162 -0.00317153 0.018321 0.0109636 -0.0335446 0.0287236 -0.0049508 0.0502142 0.0578894 0.0281582 -0.0147043 -0.0569147 0.0471198 0.035166 0.0523048 0.00583893 0.0439203 -0.0164912 -0.00341148 -0.0551841 0.0699495 0.0483523 0.00130625 0.0740364
internal_weight=867.33 447.518 227.937 419.812 166.802 253.01 246.179 219.581 84.0149 80.1022 136.091 56.9752 26.4437 161.002 30.5315 19.1735 75.3476 60.7432 155.773 102.24 64.5289 37.7106 18.2004 135.566 87.9697 12.8013 53.5333 31.9526 11.2838 20.6688
internal_count=4906 2944 1717 1962 734 1228 1193 1227 456 435 923 305 142 706 163 102 504 419 683 456 287 169 80 771 477 70 227 136 48 88
is_linear=0
shrinkage=0.1


Tree=9
num_leaves=31
num_cat=0
split_feature=15 6 16 16 40 88 9 84 60 101 10 0 12 0 26 10 167 51 0 0 14 83 67 7 81 8 9 0 64 10
split_gain=53.9939 21.7449 9.98339 7.6424 5.78729 5.30457 5.27215 7.21614 7.31408 5.15355 5.33697 6.40827 6.60084 6.44298 5.317 5.07147 6.86125 5.01628 4.70854 7.98861 4.6121 4.38653 4.44693 4.52988 4.35716 5.77839 4.29347 4.79162 4.05558 3.85262
threshold=1.0000000180025095e-35 1.0000000180025095e-35 1.0000000180025095e-35 1.0000000180025095e-35 1.0000000180025095e-35 1.0000000180025095e-35 1.0000000180025095e-35 1.0000000180025095e-35 1.0000000180025095e-35 1.0000000180025095e-35 1.0000000180025095e-35 9.9206023216247576 1.0000000180025095e-35 13.351129055023195 1.0000000180025095e-35 1.0000000180025095e-35 1.0000000180025095e-35 1.0000000180025095e-35 8.4750170707702654 7.2210814952850351 1.0000000180025095e-35 1.0000000180025095e-35 1.0000000180025095e-35 1.0000000180025095e-35 1.0000000180025095e-35 1.0000000180025095e-35 1.0000000180025095e-35 9.5838465690612811 1.0000000180025095e-35 1.0000000180025095e-35
decision_type=2 2 2 2 2 2 2 2 2 2 2 2 2 2 2 2 2 2 2 2 2 2 2 2 2 2 2 2 2 2
left_child=1 2 29 4 9 -5 7 8 -4 10 21 12 18 -13 -14 -3 17 24 19 -12 -15 -2 -23 -24 26 -26 27 -17 -8 -1
right_child=3 15 6 5 -6 -7 28 -9 -10 -11 11 13 14 20 -16 16 -18 -19 -20 -21 -22 22 23 -25 25 -27 -28 -29 -30 -31
leaf_value=-0.085744689040739563 0.017001059639588458 -0.015006338236228404 0.032428750502677725 0.044697940767765315 -0.022341521611334118 -0.053742667683376315 -0.060852648882174988 0.11349755088862581 -0.042007179902958318 -0.070835207959395491 0.039180230690102319 0.13666426634946868 0.029363661028318545 0.018598752211464606 -0.073589444052121616 0.038726541101023873 0.14068710447676577 -0.030050340383615183 -0.045706042500925081 0.18351899580473105 0.1173970008554055 -0.10063831979693028 -0.055999140534999547 0.073216132610574608 0.031810320799689963 -0.064802658429872498 -0.0059203667225462987 0.1353453252213119 0.053149920001076136 -0.04867376142901278
leaf_weight=59.442087903618813 103.32705771923065 134.23987053334713 20.045536383986473 162.58151805400848 37.540890112519264 5.6646837145090094 40.839949578046799 4.5981894433498374 38.658426493406296 6.0461433082818976 24.579497441649441 11.314342960715292 9.3914526998996735 17.580257251858715 10.76794958114624 13.718956306576731 4.210590496659278 22.733060777187347 4.7471240311861029 4.5432272702455512 6.4616517871618262 6.7601107656955728 5.9917763918638229 4.9580349922180176 16.45869542658329 9.9229945987463015 9.3962286263704318 8.2013384103775007 3.3786509186029425 53.057274475693703
leaf_count=542 502 771 143 706 190 28 290 30 276 32 116 52 42 80 53 70 21 130 23 20 29 34 31 24 87 55 52 41 22 414
internal_value=-0.000675319 -0.0252357 -0.0474365 0.0248533 0.0139043 0.0413835 -0.0256475 -0.0071403 -0.0165897 0.0201902 0.0228056 0.0413378 0.019678 0.0744371 -0.0256277 -0.00291947 0.01625 0.00973571 0.046644 0.0616975 0.0451524 0.00911967 -0.0368636 0.00250907 0.0254114 -0.0045289 0.0506337 0.0748758 -0.052142 -0.0682612
internal_weight=861.158 438.902 220.02 422.256 254.01 168.246 107.521 63.3022 58.704 216.469 210.422 89.3855 54.0293 35.3563 20.1594 218.882 84.6419 80.4313 33.8698 29.1227 24.0419 121.037 17.7099 10.9498 57.6982 26.3817 31.3165 21.9203 44.2186 112.499
internal_count=4906 2944 1717 1962 1228 734 761 449 419 1038 1006 415 254 161 95 1227 456 435 159 136 109 591 89 55 305 142 163 111 312 956
is_linear=0
shrinkage=0.1


Tree=10
num_leaves=31
num_cat=0
split_feature=15 6 5 5 10 5 80 32 0 1 84 0 9 151 85 0 81 10 0 25 13 9 9 13 16 108 16 94 95 9
split_gain=44.1434 18.6657 9.31513 6.90982 5.35771 4.68464 4.56119 4.44228 4.32696 4.21862 4.19079 4.50797 4.95828 4.03736 4.32573 3.93271 9.80254 3.85896 5.00501 4.65033 4.0431 4.70683 3.85274 4.31829 3.84707 3.82196 4.43942 5.81942 5.81763 3.88371
threshold=1.0000000180025095e-35 1.0000000180025095e-35 1.0000000180025095e-35 1.0000000180025095e-35 1.0000000180025095e-35 1.0000000180025095e-35 1.0000000180025095e-35 1.0000000180025095e-35 16.286105155944828 0.66811162233352672 1.0000000180025095e-35 17.100615501403812 1.0000000180025095e-35 1.0000000180025095e-35 1.0000000180025095e-35 7.7043120861053476 1.0000000180025095e-35 1.0000000180025095e-35 17.622176170349125 1.0000000180025095e-35 1.0000000180025095e-35 1.0000000180025095e-35 1.0000000180025095e-35 1.0000000180025095e-35 1.0000000180025095e-35 1.0000000180025095e-35 1.0000000180025095e-35 1.0000000180025095e-35 1.0000000180025095e-35 1.0000000180025095e-35
decision_type=2 2 2 2 2 2 2 2 2 2 2 2 2 2 2 2 2 2 2 2 2 2 2 2 2 2 2 2 2 2
left_child=1 2 4 6 7 13 17 24 9 22 11 12 -6 14 25 16 -9 18 -2 -19 -21 -22 -5 -24 -1 26 27 -3 29 -28
right_child=3 5 -4 8 10 -7 -8 15 -10 -11 -12 -13 -14 -15 -16 -17 -18 19 -20 20 21 -23 23 -25 -26 -27 28 -29 -30 -31
leaf_value=-0.093956541258820012 0.013490378650841775 -0.0052618432926462471 -0.070367021049214343 0.015774465465419021 0.0030455746765711564 -0.022873743178440258 0.074732144610030346 0.19992237924822209 -0.056496286897603915 0.070096111565464053 0.099036947943581838 0.094524843647090434 -0.058744521640449493 -0.077208866839345636 -0.088073361822687213 -0.04900597613474994 -0.04534797350724934 0.11996476020952032 0.12023431432072831 0.051003505368881374 0.030814506376309204 -0.050722626615087377 0.00046470692574026874 -0.072785650125125681 -0.038738375613928323 -0.052539435769658617 0.069547362718933026 0.10501954212156546 -0.06374032345748061 0.0073233153296439453
leaf_weight=20.740379080176353 138.79445493221283 67.166501119732857 83.359827943146229 88.742151841521263 34.891631573438644 75.214271247386932 22.452303275465965 2.825664356350897 10.705219894647596 10.605422914028166 3.5469685643911353 3.6668206602334967 20.685632228851318 5.3579032719135276 4.2477588951587668 6.9459712952375412 3.8491997048258781 7.1055789291858664 4.536127194762229 67.035964444279671 27.526589080691338 9.5311078280210477 25.681372553110123 11.721335247159002 32.215305581688881 8.0090770721435529 33.981824219226837 5.1519479751586905 4.8479936867952338 14.231486245989798
leaf_count=201 621 363 794 436 232 487 95 23 62 47 22 24 143 30 23 52 27 30 20 283 119 43 139 67 199 41 155 24 24 80
internal_value=-0.000674696 -0.02322 -0.0442985 0.0222158 -0.0275008 -0.00267095 0.0315254 -0.0472644 0.0047285 0.00952136 -0.00654577 -0.0128671 -0.0199524 0.0079556 0.0112709 0.00366835 0.0584821 0.027714 0.0168686 0.0416933 0.0363504 0.00984345 0.00442863 -0.0224906 -0.0603649 0.0144345 0.0187127 0.00259457 0.0406804 0.0511802
internal_weight=855.374 430.936 212.727 424.438 129.368 218.209 276.982 66.5765 147.456 136.75 62.7911 59.2441 55.5773 142.994 137.637 13.6208 6.67486 254.53 143.331 111.199 104.094 37.0577 126.145 37.4027 52.9557 133.389 125.38 72.3184 53.0613 48.2133
internal_count=4906 2944 1717 1962 923 1227 1211 502 751 689 421 399 375 740 710 102 50 1116 641 475 445 162 642 206 400 687 646 387 259 235
is_linear=0
shrinkage=0.1


Tree=11
num_leaves=31
num_cat=0
split_feature=15 6 16 6 88 100 9 84 60 16 16 10 83 12 32 10 51 8 11 9 141 12 134 0 11 81 26 40 12 26
split_gain=36.1716 15.9962 8.96748 6.33223 6.06404 5.63479 4.45309 5.27225 6.10263 4.32794 4.05376 4.11578 5.87615 4.02993 6.19165 3.98582 5.43362 5.03854 7.932 4.575 3.96483 3.85961 5.0509 4.40039 4.48442 3.80861 4.90347 3.77999 4.94512 4.39408
threshold=1.0000000180025095e-35 1.0000000180025095e-35 1.0000000180025095e-35 1.0000000180025095e-35 1.0000000180025095e-35 1.0000000180025095e-35 1.0000000180025095e-35 1.0000000180025095e-35 1.0000000180025095e-35 1.0000000180025095e-35 1.0000000180025095e-35 1.0000000180025095e-35 1.0000000180025095e-35 1.0000000180025095e-35 1.0000000180025095e-35 1.0000000180025095e-35 1.0000000180025095e-35 1.0000000180025095e-35 1.0000000180025095e-35 1.0000000180025095e-35 1.0000000180025095e-35 1.0000000180025095e-35 1.0000000180025095e-35 10.788501262664797 1.0000000180025095e-35 1.0000000180025095e-35 1.0000000180025095e-35 1.0000000180025095e-35 1.0000000180025095e-35 1.0000000180025095e-35
decision_type=2 2 2 2 2 2 2 2 2 2 2 2 2 2 2 2 2 2 2 2 2 2 2 2 2 2 2 2 2 2
left_child=1 2 20 4 9 10 7 8 -4 -2 11 12 -5 14 -10 -3 17 18 19 -17 -1 22 -11 -23 -25 26 -19 28 -13 -30
right_child=3 15 6 5 -6 -7 -8 -9 13 21 -12 27 -14 -15 -16 16 -18 25 -20 -21 -22 23 -24 24 -26 -27 -28 -29 29 -31
leaf_value=-0.065089098917517726 0.0019701750413308578 -0.013278728011681458 0.032417985462596936 0.015550475675870815 -0.070774988299548827 0.13448813560881429 -0.045812161310677675 0.09634068735835552 -0.028235630404154562 0.054478645363880175 0.053397205659604798 0.084570829116100976 -0.075906933506431767 -0.072851196702340443 0.13343349938396484 0.11612782669944151 -0.027021420098408289 -0.050494974576473541 -0.010610858301542157 0.030433815638254359 0.072501086752705723 -0.029634765025623056 -0.020099044876712695 0.004817124456103437 0.10792393242910155 -0.049048615975758568 0.090078240869810866 -0.032755841184106051 0.05602900279062966 -0.05959697039753984
leaf_weight=100.75178629159927 146.55283614993095 132.53068275749683 20.003122106194496 50.923916786909103 8.9083220660686475 5.5455686450004569 41.489839643239975 4.8774863034486762 17.392918422818187 57.640516862273216 56.355644643306732 22.49966387450695 8.1493705511093122 16.524127691984177 2.7424553334712973 16.177742183208466 22.980082601308823 4.0892768055200577 13.742359325289724 10.131772741675379 2.1388100683689109 19.913292095065117 10.779731124639509 13.473317727446558 6.1408269107341757 11.302950799465179 6.3109525144100189 5.5592864006757727 7.9268625527620298 5.614648312330246
leaf_count=936 725 771 143 238 46 24 312 30 134 246 236 98 41 122 20 83 133 20 72 54 20 90 50 58 26 63 31 25 34 25
internal_value=-0.000669171 -0.0213762 -0.0413466 0.0199018 0.0103234 0.0354211 -0.0204925 -0.00342225 -0.0120098 0.0131621 0.0319225 0.0199012 0.0029336 -0.0362516 -0.00621615 -0.00244852 0.0144906 0.0299379 0.0509643 0.0831271 -0.062229 0.0283566 0.0427288 0.00347908 0.037098 -0.00886518 0.0348061 0.0439955 0.0558343 0.00808759
internal_weight=849.17 423.186 205.921 425.984 263.409 162.575 103.03 61.5401 56.6626 254.501 157.029 100.674 59.0733 36.6595 20.1354 217.266 84.7351 61.7551 40.0519 26.3095 102.891 107.948 68.4202 39.5274 19.6141 21.7032 10.4002 41.6005 36.0412 13.5415
internal_count=4906 2944 1717 1962 1241 721 761 449 419 1195 697 461 279 276 154 1227 456 323 209 137 956 470 296 174 84 114 51 182 157 59
is_linear=0
shrinkage=0.1


Tree=12
num_leaves=31
num_cat=0
split_feature=15 6 5 176 6 88 10 100 21 16 10 78 78 12 5 19 85 32 46 151 16 16 10 83 133 127 1 9 67 61
split_gain=29.6144 13.6524 8.63783 6.03033 5.35598 5.2492 4.78002 4.16924 4.16039 4.46367 4.25201 4.28225 4.23217 4.60371 3.87837 3.79889 4.67622 3.73683 3.71137 3.67177 3.62951 3.55389 4.12071 4.23015 3.4883 5.77448 5.6509 3.73107 3.44816 3.38909
threshold=1.0000000180025095e-35 1.0000000180025095e-35 1.0000000180025095e-35 1.0000000180025095e-35 1.0000000180025095e-35 1.0000000180025095e-35 1.0000000180025095e-35 1.0000000180025095e-35 1.0000000180025095e-35 1.0000000180025095e-35 1.0000000180025095e-35 1.0000000180025095e-35 1.0000000180025095e-35 1.0000000180025095e-35 1.0000000180025095e-35 1.0000000180025095e-35 1.0000000180025095e-35 1.0000000180025095e-35 1.0000000180025095e-35 1.0000000180025095e-35 1.0000000180025095e-35 1.0000000180025095e-35 1.0000000180025095e-35 1.0000000180025095e-35 1.0000000180025095e-35 1.0000000180025095e-35 -0.69655486941337574 1.0000000180025095e-35 1.0000000180025095e-35 1.0000000180025095e-35
decision_type=2 2 2 2 2 2 2 2 2 2 2 2 2 2 2 2 2 2 2 2 2 2 2 2 2 2 2 2 2 2
left_child=1 2 6 4 5 8 17 18 10 28 11 -2 13 -12 15 16 19 20 -6 -3 -1 22 23 -20 27 -26 -27 -16 -10 -19
right_child=3 14 -4 -5 7 -7 -8 -9 9 -11 12 -13 -14 -15 24 -17 -18 29 21 -21 -22 -23 -24 -25 25 26 -28 -29 -30 -31
leaf_value=-0.089520850382811989 -0.0059596587173335542 0.010602627088908134 -0.06494236444447328 -0.060496318804797125 -0.043280409496410509 -0.065959542948101121 -0.0021800939147712259 0.11835232435812418 0.072255614790214071 0.11879500709777771 0.046133787601944587 0.082770480231592225 -0.069445705225692461 0.00077654148111580253 -0.011995769653167648 0.099301965634291028 -0.10469005813155051 0.038425424753380483 0.015872410711160169 -0.083063749336907841 -0.033356631728246801 0.055034285550722095 0.047649013176938773 -0.065852259408986952 0.13945055859772748 0.066089649040465104 -0.099757595393511075 -0.06305439742823532 -0.042108867590574084 -0.070669621091383805
leaf_weight=18.346268340945244 124.98559556901455 130.17642676830292 76.282291106879711 9.6035218834876996 6.4456693083047858 8.6183120012283307 60.847621083259583 5.664324849843978 5.5404693484306353 7.4772560447454444 61.488470911979675 5.6865978837013236 4.5130814015865317 35.181276276707649 40.189596235752106 4.3596537709236136 3.8143853247165671 9.3482037186622602 48.086981132626534 4.3241349905729285 30.860981166362762 52.714365556836128 38.668625131249428 7.2943284660577765 3.3850115388631794 4.1638262569904319 4.0555038601160058 22.227094709873199 5.0296587646007538 4.0949135124683371
leaf_count=201 597 672 794 48 29 46 421 24 27 33 276 27 21 163 261 20 22 69 223 26 199 219 167 37 21 26 26 153 25 33
internal_value=-0.000655852 -0.0196288 -0.0384852 0.0178495 0.0196521 0.0107719 -0.0221431 0.0341021 0.0134181 0.059665 0.00981826 -0.0020983 0.0252079 0.0296268 -0.00224432 0.00739184 0.00449485 -0.0415316 0.0309873 0.00759129 -0.0542967 0.034249 0.022599 0.00510837 -0.0208179 0.0295286 -0.0157411 -0.0301782 0.0178368 0.00519394
internal_weight=843.474 416.476 199.78 426.999 417.395 258.521 123.498 158.874 249.902 18.0474 231.855 130.672 101.183 96.6697 216.696 142.675 138.315 62.6504 153.21 134.501 49.2072 146.764 94.0499 55.3813 74.021 11.6043 8.21933 62.4167 10.5701 13.4431
internal_count=4906 2944 1717 1962 1914 1215 923 699 1169 85 1084 624 460 439 1227 740 720 502 675 698 400 646 427 260 487 73 52 414 52 102
is_linear=0
shrinkage=0.1


Tree=13
num_leaves=31
num_cat=0
split_feature=15 6 16 5 9 12 14 0 0 11 0 80 129 64 13 12 79 0 0 44 141 26 55 1 0 11 108 81 1 13
split_gain=24.2444 11.6085 7.83256 5.19442 3.88581 4.52793 4.74184 5.16857 4.56273 6.74909 3.90427 4.12348 4.59658 3.66288 3.90964 3.97331 3.65616 5.42624 3.64449 3.55821 3.49105 3.43907 5.18387 3.40688 3.56171 3.15088 3.1452 3.84157 3.78197 6.1213
threshold=1.0000000180025095e-35 1.0000000180025095e-35 1.0000000180025095e-35 1.0000000180025095e-35 1.0000000180025095e-35 1.0000000180025095e-35 1.0000000180025095e-35 5.7987680435180673 13.813826084136965 1.0000000180025095e-35 15.585215568542482 1.0000000180025095e-35 1.0000000180025095e-35 1.0000000180025095e-35 1.0000000180025095e-35 1.0000000180025095e-35 1.0000000180025095e-35 6.7802875041961679 16.286105155944828 1.0000000180025095e-35 1.0000000180025095e-35 1.0000000180025095e-35 1.0000000180025095e-35 0.66811162233352672 15.727583885192873 1.0000000180025095e-35 1.0000000180025095e-35 1.0000000180025095e-35 0.082515783607959761 1.0000000180025095e-35
decision_type=2 2 2 2 2 2 2 2 2 2 2 2 2 2 2 2 2 2 2 2 2 2 2 2 2 2 2 2 2 2
left_child=1 2 20 16 5 6 10 -8 9 -9 11 12 -4 14 -6 -16 -2 -18 23 -3 -1 -7 -23 26 -25 -19 27 -5 29 -29
right_child=3 19 4 18 13 21 7 8 -10 -11 -12 -13 -14 -15 15 -17 17 25 -20 -21 -22 22 -24 24 -26 -27 -28 28 -30 -31
leaf_value=-0.059303986095050332 0.020740234390863924 -0.067649618369905573 -0.022765402228262073 0.020354880416623863 -0.079044390382938923 -0.074934598436600941 -0.10169627501676987 -0.022005639501985367 -0.087478322185884624 0.15376226820043348 0.1672696421444877 0.15519944036994063 0.10626276987221819 0.061047027787817343 -0.046409339214032945 0.061129681867757635 -0.027149700953559838 0.13266487773492416 -0.055630656188262934 0.00044089070222563386 0.06888587901689755 0.1059674332092959 -0.035066360729023936 0.11877741275932573 0.0040461570767508686 0.045344763148832873 -0.054916116931002096 0.034819159970301015 -0.053528780183722674 -0.05936107080607337
leaf_weight=92.471289284527302 257.41897514462471 7.9685855954885474 9.1900862753391284 68.843158766627312 20.131810382008553 10.891967259347439 4.9231362044811275 4.9101389646530134 2.9467474222183219 3.9355266541242599 2.7731781005859366 2.5394091680645934 3.9467139914631835 3.2542048394680014 10.998164340853689 4.9966604858636847 5.0545410215854671 8.7050868570804614 10.584830194711683 208.05324418842793 2.1744133681058875 3.4709986001253119 10.460350915789604 5.1991310715675336 5.6421642005443573 7.8669353872537604 9.425168111920355 21.377162456512451 17.513596773147583 10.191220954060556
leaf_count=936 1120 47 72 340 163 83 37 35 22 26 21 20 29 22 87 40 22 36 62 1180 20 24 80 22 25 33 48 108 92 54
internal_value=-0.000641001 -0.0180166 -0.0357711 0.0160123 -0.016162 -0.000139678 0.0229433 -0.0156355 0.0202934 0.0561953 0.0578966 0.0385481 0.0159988 -0.0405685 -0.0497218 -0.012815 0.024058 0.0635494 0.000921649 -0.00207082 -0.0563589 -0.0328392 7.22381e-05 0.00525329 0.0590675 0.091213 0.000672101 0.00511499 -0.0162607 0.00441496
internal_weight=837.859 410.037 194.015 427.822 99.3691 59.9883 35.1649 16.7155 11.7924 8.84567 18.4494 15.6762 13.1368 39.3808 36.1266 15.9948 279.046 21.6266 148.776 216.022 94.6457 24.8233 13.9313 138.192 10.8413 16.572 127.35 117.925 49.082 31.5684
internal_count=4906 2944 1717 1962 761 449 262 120 83 61 142 121 101 312 290 127 1211 91 751 1227 956 187 104 689 47 69 642 594 254 162
is_linear=0
shrinkage=0.1


Tree=14
num_leaves=31
num_cat=0
split_feature=15 5 9 13 0 135 99 74 176 16 9 68 16 40 101 32 64 0 0 11 83 98 9 13 0 6 138 0 0 10
split_gain=19.8535 11.1359 6.07383 6.32159 5.70134 5.41382 4.82791 5.10604 4.80123 4.73689 4.79443 4.90754 4.35564 5.18345 4.15736 3.79176 4.55325 4.48265 3.91593 3.67592 4.37514 3.55731 3.53498 3.7346 7.80679 6.00644 3.45503 3.47551 4.96352 3.44062
threshold=1.0000000180025095e-35 1.0000000180025095e-35 1.0000000180025095e-35 1.0000000180025095e-35 2.6105407476425175 1.0000000180025095e-35 1.0000000180025095e-35 1.0000000180025095e-35 1.0000000180025095e-35 1.0000000180025095e-35 1.0000000180025095e-35 1.0000000180025095e-35 1.0000000180025095e-35 1.0000000180025095e-35 1.0000000180025095e-35 1.0000000180025095e-35 1.0000000180025095e-35 11.494866847991945 7.2210814952850351 1.0000000180025095e-35 1.0000000180025095e-35 1.0000000180025095e-35 1.0000000180025095e-35 1.0000000180025095e-35 9.5838465690612811 1.0000000180025095e-35 1.0000000180025095e-35 15.979465961456301 15.034907817840578 1.0000000180025095e-35
decision_type=2 2 2 2 2 2 2 2 2 2 2 2 2 2 2 2 2 2 2 2 2 2 2 2 2 2 2 2 2 2
left_child=1 9 4 -4 -3 19 21 -8 12 -1 11 26 13 14 -2 16 -12 18 -17 20 -5 -6 -14 25 -25 -24 27 28 29 -11
right_child=8 2 3 5 6 -7 7 -9 -10 10 15 -13 22 -15 -16 17 -18 -19 -20 -21 -22 -23 23 24 -26 -27 -28 -29 -30 -31
leaf_value=-0.017597598062350023 0.015813904847505604 0.10089685020455093 -0.090233989920894486 -0.041148060924847331 -0.030995758627379879 0.10009028432822914 0.10088268973962555 -0.020917891210736981 -0.056399286047965881 0.016740127510716747 -0.045733386938614833 -0.027073451948476997 0.038268939616894489 -0.027568824397220755 -0.069122190813913603 0.0010820088971443093 0.076034092698235869 -0.044151678935144927 0.15097818559344722 -0.11421310801315042 0.11585830713063699 -0.10367219111512144 -0.0023738009167946095 -0.098121272262164369 0.053222460360751289 0.084711667673916552 -0.048638914418737883 -0.053384860424994698 0.15860619990588154 0.066315866213219388
leaf_weight=131.78490070998669 210.23064181208611 3.5852499678730956 35.416544735431671 9.4739905148744636 61.965549416840076 3.1690352186560622 5.4555883631110165 9.3242536410689354 9.3779098689556104 30.531701147556305 30.689957797527313 15.617215424776075 114.93612626194954 35.85504911839962 5.9252081960439673 3.1966584026813489 3.4122855365276328 4.6020197719335556 3.832097515463829 5.0021708756685248 2.1839755028486243 7.5562193095684043 26.99431437253952 8.43367652595043 5.7199965715408316 11.208554446697233 4.6005345582962027 3.6696751713752738 3.7283583730459204 25.852709576487541
leaf_count=924 986 28 334 90 533 27 44 83 48 165 203 86 487 181 32 21 20 27 22 50 23 69 119 39 24 46 25 20 20 130
internal_value=-0.000630251 -0.016517 -0.0389406 -0.0649228 -0.0226082 -0.0197148 -0.0278608 0.0240416 0.014366 -0.0042443 0.00932018 0.0235048 0.0159487 0.0076446 0.0134857 -0.0167334 -0.0335493 0.0325718 0.0828058 -0.0425037 -0.0117349 -0.0388949 0.028458 0.00692035 -0.036958 0.0231767 0.0350558 0.0410926 0.0468601 0.039471
internal_weight=833.332 404.651 143.133 55.2457 87.8869 19.8292 84.3016 14.7798 428.681 261.518 129.733 84.0002 419.304 252.011 216.156 45.733 34.1022 11.6308 7.02876 16.6601 11.658 69.5218 167.293 52.3565 14.1537 38.2029 68.383 63.7824 60.1128 56.3844
internal_count=4906 2944 1281 524 757 190 729 127 1962 1663 739 446 1914 1199 1018 293 223 70 43 163 113 602 715 228 63 165 360 335 315 295
is_linear=0
shrinkage=0.1


Tree=15
num_leaves=31
num_cat=0
split_feature=15 6 5 5 10 0 9 8 0 0 12 84 91 85 10 140 0 113 79 32 16 0 69 0 26 26 151 17 23 0
split_gain=16.2741 9.89479 7.03939 4.14362 4.13886 3.64005 4.86288 4.29739 4.9756 4.84061 4.53913 3.61992 3.3146 3.50616 4.25027 3.83872 4.83961 3.63289 3.25931 3.15262 3.25585 3.22229 5.58603 3.1373 8.59885 3.45053 3.03272 3.02214 4.09763 8.69134
threshold=1.0000000180025095e-35 1.0000000180025095e-35 1.0000000180025095e-35 1.0000000180025095e-35 1.0000000180025095e-35 17.100615501403812 1.0000000180025095e-35 1.0000000180025095e-35 12.881587982177736 8.0082135200500506 1.0000000180025095e-35 1.0000000180025095e-35 1.0000000180025095e-35 1.0000000180025095e-35 1.0000000180025095e-35 1.0000000180025095e-35 12.123203277587892 1.0000000180025095e-35 1.0000000180025095e-35 1.0000000180025095e-35 1.0000000180025095e-35 12.992471218109133 1.0000000180025095e-35 7.7043120861053476 1.0000000180025095e-35 1.0000000180025095e-35 1.0000000180025095e-35 1.0000000180025095e-35 1.0000000180025095e-35 15.181382656097414
decision_type=2 2 2 2 2 2 2 2 2 2 2 2 2 2 2 2 2 2 2 2 2 2 2 2 2 2 2 2 2 2
left_child=1 2 4 12 19 6 7 8 9 10 -6 -4 13 14 15 17 -17 -2 26 20 -1 -22 -23 24 -21 -25 -16 -3 29 -29
right_child=3 27 11 -5 5 -7 -8 -9 -10 -11 -12 -13 -14 -15 18 16 -18 -19 -20 23 21 22 -24 25 -26 -27 -28 28 -30 -31
leaf_value=-0.084708856167921592 0.0040713433569210091 -0.073811515393960733 -0.063540427600668761 -0.00058119745915037634 0.097176180789205008 0.098886199799960217 -0.045582572975677076 -0.015369428005492273 -0.0454034313178584 0.15636720465129073 -0.059256339449446929 0.032833164751312142 -0.051551409332899506 -0.050339692962899946 0.029710499558513955 0.012057955599323607 0.14459164253637929 0.070524358870556456 0.10157423458020093 -0.084461097602584287 -0.053920045666150662 0.10019911646958353 -0.045297252914538982 0.026456701568635384 0.14615215980640275 -0.1200721974977054 0.10676095416215725 -0.015242455752837093 -0.0017004697437609192 0.17216862246139517
leaf_weight=16.058133453130722 133.42306368052959 5.4711876660585395 63.778850592672825 148.95156370103359 4.4701939374208468 3.5989722758531562 19.215923741459846 19.508289456367493 3.9070369452238074 5.339294046163559 3.1704644560813904 4.1511437296867362 6.3181859254837027 6.5918430835008612 101.08403205871582 6.4301377087831479 4.8209334462881088 8.7672217637300474 7.5556078106164923 2.6802279204130155 18.778390124440197 4.4760029315948469 6.4286811500787735 3.3970390036702156 4.0752919912338257 3.0499812662601471 5.3802696615457526 5.8957858681678754 197.73803924769163 4.2643736600875854
leaf_count=201 586 34 748 751 29 24 149 134 27 36 22 46 31 29 427 27 20 38 31 20 126 30 43 27 30 25 22 33 1135 25
internal_value=-0.000619379 -0.0151468 -0.032 0.0128973 -0.0172524 0.00142155 -0.00488604 0.0166009 0.0535337 0.0833144 0.0322651 -0.0576511 0.020058 0.0217089 0.0234846 0.0126179 0.0688469 0.00816873 0.0381084 -0.0360108 -0.0484357 -0.0288124 0.0144241 0.00703609 0.0546572 -0.0428638 0.0336043 -0.000448795 0.00148187 0.0634168
internal_weight=828.776 399.453 186.084 429.323 118.154 59.2102 55.6112 36.3953 16.887 12.98 7.64066 67.93 280.371 274.053 267.461 153.441 11.2511 142.19 114.02 58.9437 45.7412 29.6831 10.9047 13.2025 6.75552 6.44702 106.464 213.369 207.898 10.1602
internal_count=4906 2944 1717 1962 923 421 397 248 114 87 51 794 1211 1180 1151 671 47 624 480 502 400 199 73 102 50 52 449 1227 1193 58
is_linear=0
shrinkage=0.1


Tree=16
num_leaves=31
num_cat=0
split_feature=15 5 9 13 0 135 151 99 16 176 6 88 74 9 68 11 83 98 100 16 21 1 0 10 32 64 82 13 10 64
split_gain=13.3585 8.62988 5.55792 5.97573 4.52077 4.37508 4.13627 3.98143 3.85786 3.84898 3.86202 3.83558 3.73583 3.53061 4.91607 3.45848 3.53941 3.38203 3.37544 3.22348 4.8092 3.96118 3.74045 3.26212 3.19237 3.51226 3.25573 3.17277 3.2073 3.12457
threshold=1.0000000180025095e-35 1.0000000180025095e-35 1.0000000180025095e-35 1.0000000180025095e-35 2.6105407476425175 1.0000000180025095e-35 1.0000000180025095e-35 1.0000000180025095e-35 1.0000000180025095e-35 1.0000000180025095e-35 1.0000000180025095e-35 1.0000000180025095e-35 1.0000000180025095e-35 1.0000000180025095e-35 1.0000000180025095e-35 1.0000000180025095e-35 1.0000000180025095e-35 1.0000000180025095e-35 1.0000000180025095e-35 1.0000000180025095e-35 1.0000000180025095e-35 0.66811162233352672 14.109513759613039 1.0000000180025095e-35 1.0000000180025095e-35 1.0000000180025095e-35 1.0000000180025095e-35 1.0000000180025095e-35 1.0000000180025095e-35 1.0000000180025095e-35
decision_type=2 2 2 2 2 2 2 2 2 2 2 2 2 2 2 2 2 2 2 2 2 2 2 2 2 2 2 2 2 2
left_child=1 6 4 -4 -3 15 8 17 -1 10 11 19 -9 14 -10 16 -5 -6 -12 29 21 22 23 -21 25 26 27 28 -15 -2
right_child=9 2 3 5 7 -7 -8 12 13 -11 18 -13 -14 24 -16 -17 -18 -19 -20 20 -22 -23 -24 -25 -26 -27 -28 -29 -30 -31
leaf_value=-0.013102027293698752 0.0026891531460628421 0.088752072744471125 -0.086386215133955238 -0.036734067001303099 -0.026310024101302162 0.088671590515535456 -0.065971622817631886 0.086085482012982273 0.035844702162425267 -0.052512355424472149 0.022439034587111367 -0.061306529219405541 -0.016914653731566628 -0.090318685913013758 -0.027814107332899962 -0.11244410011776418 0.10196324403112472 -0.10059556870123046 0.10064835325890405 -0.0059241057790444182 0.096813100974216748 0.06091559880041364 -0.077891870674741431 0.035477283928081624 0.034342587706734026 0.06679589960968095 -0.1222720085755624 0.018084054521417627 0.0072531606826945014 -0.048084535592242628
leaf_weight=124.01375778019428 132.81894099712372 3.7542767897248259 32.344564437866211 9.0049926713109034 59.259220115840435 3.3115215674042693 10.076742969453333 5.7878080159425709 66.117596223950386 9.1661003232002241 153.88553693145514 8.320962652564047 8.9925256818532944 9.3057175278663653 14.857086718082426 4.4509315788745871 2.31236857920885 6.8356652110815039 5.7236581295728675 44.953605979681015 7.7448838204145423 15.772141709923742 4.9676575511693946 33.003658190369606 11.394725002348421 3.5344646424055091 4.0223511457443228 10.023302271962166 5.2806700468063363 13.337398931384085
leaf_count=881 647 28 334 90 533 27 71 44 343 48 675 46 83 64 83 50 23 69 24 199 33 66 21 138 68 20 28 70 35 65
internal_value=-0.000606382 -0.0138887 -0.0342761 -0.0602045 -0.0185208 -0.0158207 -0.00316367 -0.0235005 -0.000617294 0.0115936 0.0129909 0.00549566 0.023419 0.0118151 0.0241647 -0.0377653 -0.00839537 -0.0339928 0.0252437 0.00769623 0.0209335 0.0149792 0.00624215 0.0116034 -0.0111412 -0.0272535 -0.0388634 -0.0252306 -0.054995 -0.00194417
internal_weight=824.375 394.68 136.054 51.4244 84.6295 19.0798 258.626 80.8752 248.55 429.695 420.528 260.919 14.7803 124.536 80.9747 15.7683 11.3174 66.0949 159.609 252.598 106.442 98.6971 82.9249 77.9573 43.5612 32.1665 28.632 24.6097 14.5864 146.156
internal_count=4906 2944 1281 524 757 190 1663 729 1592 1962 1914 1215 127 711 426 163 113 602 699 1169 457 424 358 337 285 217 197 169 99 712
is_linear=0
shrinkage=0.1


Tree=17
num_leaves=31
num_cat=0
split_feature=15 6 16 10 5 100 0 85 13 80 11 0 0 1 138 78 55 12 94 10 167 67 13 0 99 9 61 79 99 133
split_gain=10.9503 8.53557 5.69847 3.2979 3.27296 3.05119 2.98564 2.85126 2.81776 5.9219 6.29049 5.21824 4.81259 5.46864 3.30724 3.07579 4.47016 8.05824 3.11651 2.78129 5.68326 3.36619 3.99809 4.5425 4.53451 3.93197 9.97528 3.20911 3.55529 4.59078
threshold=1.0000000180025095e-35 1.0000000180025095e-35 1.0000000180025095e-35 1.0000000180025095e-35 1.0000000180025095e-35 1.0000000180025095e-35 16.286105155944828 1.0000000180025095e-35 1.0000000180025095e-35 1.0000000180025095e-35 1.0000000180025095e-35 17.166323661804203 16.661190986633304 0.74826982617378246 1.0000000180025095e-35 1.0000000180025095e-35 1.0000000180025095e-35 1.0000000180025095e-35 1.0000000180025095e-35 1.0000000180025095e-35 1.0000000180025095e-35 1.0000000180025095e-35 1.0000000180025095e-35 15.868583202362062 1.0000000180025095e-35 1.0000000180025095e-35 1.0000000180025095e-35 1.0000000180025095e-35 1.0000000180025095e-35 1.0000000180025095e-35
decision_type=2 2 2 2 2 2 2 2 2 2 2 2 2 2 2 2 2 2 2 2 2 2 2 2 2 2 2 2 2 2
left_child=1 2 3 -1 -2 8 -6 19 9 11 -11 14 13 15 -4 16 17 -10 -18 21 -21 22 -3 24 25 26 -24 28 29 -23
right_child=4 7 5 -5 6 -7 -8 -9 12 10 -12 -13 -14 -15 -16 -17 18 -19 -20 20 -22 27 23 -25 -26 -27 -28 -29 -30 -31
leaf_value=-0.067959928671894251 0.016784929860066689 -0.051517828158300263 -0.05254964764690432 -0.028328134990946149 0.0023134117828945162 -0.11694513478480746 -0.053405769686663156 -0.080888652205122716 0.0045058799617937366 -0.041129378590945495 0.17047599744256545 0.098158264389092198 -0.12135132421689676 0.16500886990984495 0.049784892036692209 -0.086812541940633092 -0.019925913548719271 0.18942519996336354 0.093668331150295173 0.01065975361474884 0.12887074991409639 -0.024641536826811125 -0.069974783835787299 -0.083497750381909375 -0.070934391816917783 0.13881243972427768 0.14662092316277339 0.075500676589782378 0.049692949698712303 0.045335695341979482
leaf_weight=41.168299213051796 280.60909058153629 28.488729909062386 40.205906182527542 42.852127186954021 138.89351332187653 2.69250664114952 10.332134507596491 4.1770323663949958 6.2370089739561063 2.6203771755099288 3.0285295248031616 2.7236857414245597 2.578381121158599 2.4286661669611922 3.4272666200995436 3.0094766169786444 19.650999322533611 3.7876395434141159 2.7536518573760977 78.072154827415943 4.2905812412500373 45.267293490469456 5.1119289547205025 4.439556159079074 3.4649915844202033 4.0975230038166037 3.6406192779541016 6.1747096106410018 12.017943352460859 11.823798909783362
leaf_count=542 1211 179 340 414 689 24 62 26 46 24 22 21 20 18 24 24 153 25 20 429 21 274 31 27 21 25 23 35 69 67
internal_value=-0.000588787 -0.0127165 -0.0287688 -0.0477469 0.0104215 -0.0120096 -0.00154449 0.000909601 -0.00895351 -0.0243494 0.0723179 -0.036129 0.0108428 0.0198438 -0.0445115 0.00989546 0.0188701 0.0743744 -0.00596457 0.00256108 0.0168178 -0.00686838 -0.0271973 0.00618619 0.0305904 0.0579664 0.0201181 0.00642883 0.000257441 -0.010149
internal_weight=820.066 390.231 179.165 84.0204 429.835 95.1441 149.226 211.067 92.4516 52.0058 5.64891 46.3569 40.4458 37.8674 43.6332 35.4388 32.4293 10.0246 22.4047 206.89 82.3627 124.527 49.2433 20.7546 16.3151 12.8501 8.75255 75.2837 69.109 57.0911
internal_count=4906 2944 1717 956 1962 761 751 1227 737 431 46 385 306 286 364 268 244 71 173 1201 450 751 306 127 100 79 54 445 410 341
is_linear=0
shrinkage=0.1


Tree=18
num_leaves=31
num_cat=0
split_feature=15 6 5 141 33 16 176 16 84 49 40 60 48 16 1 14 10 45 9 81 47 9 32 13 17 7 0 0 0 34
split_gain=9.0084 7.18408 5.33494 7.77585 3.67553 5.23835 3.10957 3.08819 3.99317 3.7099 3.36805 3.125 2.95841 3.58576 4.28199 3.06973 3.41232 3.11088 5.37263 5.31469 2.99273 2.9452 2.91546 3.06342 2.91077 2.8733 6.68972 4.43928 3.92609 4.80429
threshold=1.0000000180025095e-35 1.0000000180025095e-35 1.0000000180025095e-35 1.0000000180025095e-35 1.0000000180025095e-35 1.0000000180025095e-35 1.0000000180025095e-35 1.0000000180025095e-35 1.0000000180025095e-35 1.0000000180025095e-35 1.0000000180025095e-35 1.0000000180025095e-35 1.0000000180025095e-35 1.0000000180025095e-35 -0.48695717751979822 1.0000000180025095e-35 1.0000000180025095e-35 1.0000000180025095e-35 1.0000000180025095e-35 1.0000000180025095e-35 1.0000000180025095e-35 1.0000000180025095e-35 1.0000000180025095e-35 1.0000000180025095e-35 1.0000000180025095e-35 1.0000000180025095e-35 13.289527893066408 8.7460646629333514 14.017796039581301 1.0000000180025095e-35
decision_type=2 2 2 2 2 2 2 2 2 2 2 2 2 2 2 2 2 2 2 2 2 2 2 2 2 2 2 2 2 2
left_child=1 2 3 12 -4 -6 7 8 10 -10 11 25 -1 14 -14 16 -16 18 19 -18 -17 -22 23 -12 -9 26 27 -2 29 -27
right_child=6 -3 4 -5 5 -7 -8 24 9 -11 22 -13 13 -15 15 20 17 -19 -20 -21 21 -23 -24 -25 -26 28 -28 -29 -30 -31
leaf_value=0.070283872534362871 -0.017440756064332884 0.00075383259486594629 -0.062604185492744588 0.16279023404693893 -0.061794953061839311 0.071488513882057333 -0.048917428459080342 0.098716054269145009 -0.015808402931431542 -0.12208362298310725 -0.014088137453568886 0.021489760152706906 -0.11296632515407033 -0.0056973432157796204 -0.055396984739304045 -0.093601994210900777 0.027924943491426782 -0.041871175114839516 -0.044793321178124269 0.22718645992778833 0.055104766713197278 -0.079616203613753753 -0.0027066980093885355 -0.1230541362811743 0.018889204012455894 -0.026713207855309992 -0.11445996438796219 0.088932192037145363 0.088731859262715165 0.069080262924393898
leaf_weight=3.6913820952177039 32.155477002263069 210.88543112576008 49.09965618699789 2.4377727210521689 6.4230283349752408 5.4515622556209564 8.9642944037914258 4.6993912160396567 13.075772084295751 4.3866886943578711 5.3757943511009199 127.20693865418434 7.2583467885851851 64.161752767860889 7.4484607726335534 10.352088399231436 2.7542001903057081 4.0005900561809549 2.8694284185767174 2.6041553020477295 3.511980488896369 3.0165184512734413 23.61812774091959 4.9609780609607697 163.15921644866467 18.114320412278182 6.5119996964931479 4.4684901386499396 6.3729415386915198 7.3638140708208075
leaf_count=32 153 1227 643 17 90 61 48 20 63 23 28 584 78 418 100 114 22 33 26 20 31 32 119 25 695 88 31 21 29 35
internal_value=-0.000584146 -0.0116772 -0.0266504 -0.01389 -0.05053 -0.000605212 0.00936289 0.0106025 0.0036385 -0.0425055 0.0070507 0.0119447 -0.017747 -0.0207565 -0.0428084 -0.0288788 -0.00203911 0.0304619 0.0656323 0.124766 -0.0601646 -0.00714358 -0.022092 -0.0663847 0.021124 -0.00424741 -0.021068 -0.00446219 0.0185327 0.000973486
internal_weight=816.401 385.966 175.081 114.107 60.9742 11.8746 430.434 421.47 253.611 17.4625 236.149 202.194 111.669 107.978 43.8158 36.5574 19.6768 12.2284 8.22778 5.35836 16.8806 6.5285 33.9549 10.3368 167.859 74.987 43.136 36.624 31.8511 25.4781
internal_count=4906 2944 1717 923 794 151 1962 1914 1199 86 1113 941 906 874 456 378 201 101 68 42 177 63 172 53 715 357 205 174 152 123
is_linear=0
shrinkage=0.1


Tree=19
num_leaves=31
num_cat=0
split_feature=5 9 10 22 146 85 15 13 6 13 11 8 12 24 81 51 0 7 16 19 0 91 81 6 87 55 7 9 11 0
split_gain=8.32077 6.28903 4.73444 4.47182 4.31466 4.16942 4.15235 5.18659 4.94582 4.43553 4.8132 4.60711 4.10184 3.70617 5.85095 5.0304 4.20743 7.39585 5.75419 4.69125 4.17494 3.54855 3.22902 3.2276 4.65712 3.31025 6.30073 5.22821 4.71532 4.47029
threshold=1.0000000180025095e-35 1.0000000180025095e-35 1.0000000180025095e-35 1.0000000180025095e-35 1.0000000180025095e-35 1.0000000180025095e-35 1.0000000180025095e-35 1.0000000180025095e-35 1.0000000180025095e-35 1.0000000180025095e-35 1.0000000180025095e-35 1.0000000180025095e-35 1.0000000180025095e-35 1.0000000180025095e-35 1.0000000180025095e-35 1.0000000180025095e-35 11.190965175628664 1.0000000180025095e-35 1.0000000180025095e-35 1.0000000180025095e-35 11.998631000518801 1.0000000180025095e-35 1.0000000180025095e-35 1.0000000180025095e-35 1.0000000180025095e-35 1.0000000180025095e-35 1.0000000180025095e-35 1.0000000180025095e-35 1.0000000180025095e-35 7.2840518951416025
decision_type=2 2 2 2 2 2 2 2 2 2 2 2 2 2 2 2 2 2 2 2 2 2 2 2 2 2 2 2 2 2
left_child=2 13 4 6 23 21 7 -3 -9 11 -11 12 -8 14 -2 16 19 18 -18 -15 -19 -4 -13 -1 25 26 29 28 -28 -25
right_child=1 3 5 -5 -6 -7 9 8 -10 10 -12 22 -14 15 -16 -17 17 20 -20 -21 -22 -23 -24 24 -26 -27 27 -29 -30 -31
leaf_value=-0.01088342074137013 0.13436119749856054 -0.078757692931696766 0.021502069944656668 -0.11010438697506296 -0.10295132335149326 -0.069328747160833135 0.080430743898616999 -0.055794566880422572 0.053938564977463292 -0.0043942632181199473 -0.13110063546196313 -0.095635674132738657 -0.013807051298798679 -0.0016399216411393039 -0.012409174636920253 -0.037627322581748973 -0.055678414405749492 0.19884092553577937 0.077916596569818253 -0.10559370573632021 0.052838852857432866 -0.050415324846479662 0.026859340617936569 -0.0016669943314179367 -0.078929577234259876 0.02436592374816899 -0.056250549765410177 0.097541552228605263 0.057266295669251413 -0.084480660735079649
leaf_weight=144.76782361418009 4.8481795676052553 26.366803035140038 224.32624612748623 7.506388407200574 4.1471522599458686 5.4322404563426963 11.584099516272547 9.3310586512088793 7.3369623422622672 7.3060004860162717 5.0844574198126793 5.1384599804878253 7.6815931200981131 107.05814286321402 6.1763102598488331 42.411167003214359 8.0975286103785056 3.6010874435305587 5.35696206241846 4.5246552899479857 4.2938654534518719 7.0773805677890769 3.7025773674249649 13.695505380630495 5.6591012179851523 95.483434058725834 7.9324944913387316 7.7605289965867987 6.7926793992519379 12.438048616051672
leaf_count=903 34 304 1154 64 22 27 59 124 52 42 31 29 40 711 41 301 56 25 36 31 31 37 21 67 28 465 37 40 32 62
internal_value=-0.000571171 -0.0146279 0.00671051 -0.036171 -0.00166233 0.0172696 -0.0295271 -0.0511554 -0.00749202 -0.00654351 -0.0563886 0.01543 0.0428564 -0.00410442 0.0521352 -0.00764041 0.00192672 0.042599 -0.002487 -0.00585522 0.119434 0.0193025 -0.0443354 -0.000236119 0.0100561 0.0135507 -0.00768927 0.0311202 -0.00388556 -0.0410815
internal_weight=812.919 277.406 535.513 91.0384 298.677 236.836 83.532 43.0348 16.668 40.4972 12.3905 28.1067 19.2657 186.368 11.0245 175.343 132.932 21.3494 13.4545 111.583 7.89495 231.404 8.84104 294.53 149.762 144.103 48.6193 22.4857 14.7252 26.1336
internal_count=4906 2032 2874 766 1656 1218 702 480 176 222 73 149 99 1266 75 1191 890 148 92 742 56 1191 50 1634 731 703 238 109 69 129
is_linear=0
shrinkage=0.1


Tree=20
num_leaves=31
num_cat=0
split_feature=9 32 27 16 113 16 0 134 84 15 0 78 24 85 236 58 5 10 55 41 15 8 26 97 11 6 10 13 60 1
split_gain=7.38686 7.42368 6.65173 6.54062 5.73819 5.50507 5.85583 4.48857 5.15468 4.22054 4.95164 5.45062 4.18921 4.16048 4.14705 3.84271 3.79458 3.75242 6.43683 4.31562 3.66859 4.63725 6.06059 4.64751 4.5038 6.31674 7.42782 4.03974 3.91382 3.52518
threshold=1.0000000180025095e-35 1.0000000180025095e-35 1.0000000180025095e-35 1.0000000180025095e-35 1.0000000180025095e-35 1.0000000180025095e-35 10.965092182159426 1.0000000180025095e-35 1.0000000180025095e-35 1.0000000180025095e-35 13.030800819396974 1.0000000180025095e-35 1.0000000180025095e-35 1.0000000180025095e-35 1.0000000180025095e-35 1.0000000180025095e-35 1.0000000180025095e-35 1.0000000180025095e-35 1.0000000180025095e-35 1.0000000180025095e-35 1.0000000180025095e-35 1.0000000180025095e-35 1.0000000180025095e-35 1.0000000180025095e-35 1.0000000180025095e-35 1.0000000180025095e-35 1.0000000180025095e-35 1.0000000180025095e-35 1.0000000180025095e-35 0.77275836467742931
decision_type=2 2 2 2 2 2 2 2 2 2 2 2 2 2 2 2 2 2 2 2 2 2 2 2 2 2 2 2 2 2
left_child=3 2 -2 13 9 6 -6 8 12 16 11 -11 29 14 20 -10 -4 18 -3 -19 21 24 23 -23 25 -1 -27 -28 -22 -5
right_child=1 17 4 7 5 -7 -8 -9 15 10 -12 -13 -14 -15 -16 -17 -18 19 -20 -21 28 22 -24 -25 -26 26 27 -29 -30 -31
leaf_value=-0.041353784229072918 -0.13705076147420411 0.040498944073265 -0.024187678448888743 0.039144858642786093 0.071405490873152649 0.12933856295629265 -0.13546067312713553 -0.018153310887125702 0.0049944293985568853 -0.032367868091437782 0.024844828374773413 0.055441938919483229 0.016096317543945356 -0.088969910653183853 0.10452817176626301 0.12229372836490911 -0.065079712703659295 0.071314445587810027 -0.040503144721117434 -0.018813725134515076 -0.013873262926905036 -0.091721914992580297 -0.0088259196725837732 0.043610526258986294 -0.029176425155078012 -0.0044683303703930959 0.16652648202646025 0.053256188371152896 0.018384963405598542 0.15254158483056149
leaf_weight=9.7869959734380227 4.9180844947695723 18.175537757575512 70.345982514321804 8.4519707299768907 3.2650452181696874 4.9488700032234192 2.3556480035185814 28.734342511743307 4.0846641287207577 65.900538966059685 30.690062664449215 7.9184329956769934 181.54887993633747 5.6001218035817137 3.6127016469836226 8.8308272734284401 33.499107871204615 18.658848039805893 21.314993716776371 7.4276899695396414 59.778926618397236 21.185671683400873 31.418326839804649 2.8828651905059806 25.64196815341711 11.432865314185619 5.9695929437875748 6.6629737764596939 101.42620389163494 4.0575420781970015
leaf_count=111 34 117 519 45 27 28 20 152 20 311 143 38 968 34 22 44 396 109 138 48 287 184 253 24 209 71 33 34 467 20
internal_value=-0.000559659 -0.0133696 -0.0220382 0.00655487 -0.0194545 0.0524264 -0.0152927 0.0188826 0.0240244 -0.0231009 -0.00891365 -0.0229487 0.0199531 -0.00362651 -0.00191838 0.0851966 -0.0373789 0.0162201 -0.00322189 0.045652 -0.00331077 -0.0169574 -0.0377524 -0.0755122 0.00243693 0.0263829 0.0539302 0.106783 0.0064228 0.0759258
internal_weight=810.526 289.419 223.842 521.107 218.924 10.5696 5.62069 235.708 206.974 208.354 104.509 73.819 194.058 285.399 279.799 12.9155 103.845 65.5771 39.4905 26.0865 276.186 114.981 55.4869 24.0685 59.4944 33.8524 24.0654 12.6326 161.205 12.5095
internal_count=4906 1928 1516 2978 1482 75 47 1249 1097 1407 492 349 1033 1729 1695 64 915 412 255 157 1673 919 461 208 458 249 138 67 754 65
is_linear=0
shrinkage=0.1


Tree=21
num_leaves=31
num_cat=0
split_feature=5 9 22 20 10 146 0 0 26 6 60 151 153 1 24 51 81 0 7 16 19 13 0 85 91 87 9 32 7 8
split_gain=6.4825 4.4417 4.0979 3.95494 3.77299 3.5352 3.39588 4.76534 4.5527 3.86379 4.5134 3.39051 3.21129 3.18096 3.07578 4.31555 3.51041 3.42336 5.48644 4.13741 4.08522 3.65181 3.473 3.06588 2.8671 2.81941 2.48257 7.83545 4.49854 4.43655
threshold=1.0000000180025095e-35 1.0000000180025095e-35 1.0000000180025095e-35 1.0000000180025095e-35 1.0000000180025095e-35 1.0000000180025095e-35 16.954140663146976 15.132101058959963 1.0000000180025095e-35 1.0000000180025095e-35 1.0000000180025095e-35 1.0000000180025095e-35 1.0000000180025095e-35 -0.34367632865905756 1.0000000180025095e-35 1.0000000180025095e-35 1.0000000180025095e-35 11.190965175628664 1.0000000180025095e-35 1.0000000180025095e-35 1.0000000180025095e-35 1.0000000180025095e-35 11.998631000518801 1.0000000180025095e-35 1.0000000180025095e-35 1.0000000180025095e-35 1.0000000180025095e-35 1.0000000180025095e-35 1.0000000180025095e-35 1.0000000180025095e-35
decision_type=2 2 2 2 2 2 2 2 2 2 2 2 2 2 2 2 2 2 2 2 2 2 2 2 2 2 2 2 2 2
left_child=3 11 6 4 5 12 7 9 -9 25 -11 14 -1 -12 16 17 -2 20 19 21 -16 -19 -20 24 26 -3 29 28 -28 -6
right_child=1 2 -4 -5 23 -7 -8 8 -10 10 13 -13 -14 -15 15 -17 -18 18 22 -21 -22 -23 -24 -25 -26 -27 27 -29 -30 -31
leaf_value=-3.83582644542943e-05 0.10870531896723448 -0.057289961219298496 -0.10628963544424026 0.084691514659792411 0.040850588510375069 -0.096728993610118053 -0.10168277191862192 -0.027158862042622391 0.12084146892850389 0.048295011155693679 0.033672093474393747 -0.07169407491385503 -0.085221659229657909 -0.05919070561365302 0.00045393724813947453 -0.034125398554341234 -0.0046297439383341963 -0.10439780363263168 0.174959860701353 0.065252173598633223 -0.10110988057042776 0.039239457083519474 0.044465278301706088 -0.061242139387031672 -0.047168658860046307 0.059651067759987846 0.0053990976287307414 0.057500338597080369 -0.053717301889069959 0.0057191796392608556
leaf_weight=285.53474417701364 5.2471752166748029 34.739606600254774 6.8030982837080947 6.2874901741743079 83.229642696678638 3.9395445361733428 5.444402500987052 3.9187256880104524 4.4259980395436287 11.165111109614374 5.1691823378205344 7.1934469491243354 4.4952643178403369 12.879403054714199 103.39350185543299 39.088049631565809 5.7035957686603069 4.5570149831473827 3.7786417081952095 5.582601934671402 4.1181252598762503 2.8941082246601582 4.431152168661356 5.2428353279829016 6.946081966161727 2.1917730160057536 36.07723967730999 19.784476637840271 20.012831762433052 63.273802354931831
leaf_count=1589 34 362 64 33 396 22 50 35 33 74 33 55 27 91 683 284 36 35 24 36 30 18 31 27 37 24 193 108 116 326
internal_value=-0.000549564 -0.0130963 -0.0317838 0.00584843 0.00491051 -0.00263672 -0.0254427 -0.0198703 0.0513397 -0.0288541 -0.00167951 -0.00438116 -0.00135864 -0.0325945 -0.00167295 -0.00502316 0.0496759 0.00381182 0.0404943 0.000160951 -0.00343636 -0.0486073 0.104527 0.014369 0.0160977 -0.0503498 0.0180738 0.00339196 -0.0156935 0.0256776
internal_weight=807.549 272.725 86.7373 534.824 528.536 293.97 79.9342 74.4898 8.34472 66.1451 29.2137 185.987 290.03 18.0486 178.794 167.843 10.9508 128.755 21.2435 13.0337 107.512 7.45112 8.20979 234.567 229.324 36.9314 222.378 75.8745 56.0901 146.503
internal_count=4906 2032 766 2874 2841 1638 702 652 68 584 198 1266 1616 124 1211 1141 70 857 144 89 713 53 55 1203 1176 386 1139 417 309 722
is_linear=0
shrinkage=0.1


Tree=22
num_leaves=31
num_cat=0
split_feature=15 6 240 84 10 7 55 44 9 35 1 11 45 1 0 6 46 0 113 1 0 13 0 22 168 105 95 26 0 0
split_gain=6.29662 5.28571 4.38577 3.94996 6.94726 3.92201 3.22309 3.55081 3.11152 4.4812 3.00466 2.89582 2.71762 3.48058 2.59551 2.58357 3.18931 2.92319 5.07768 4.392 2.86235 3.60072 2.71991 4.69928 4.21782 2.97406 2.56744 5.04912 7.09503 3.14012
threshold=1.0000000180025095e-35 1.0000000180025095e-35 1.0000000180025095e-35 1.0000000180025095e-35 1.0000000180025095e-35 1.0000000180025095e-35 1.0000000180025095e-35 1.0000000180025095e-35 1.0000000180025095e-35 1.0000000180025095e-35 -0.20009126514196393 1.0000000180025095e-35 1.0000000180025095e-35 -0.50079855322837818 13.550992488861086 1.0000000180025095e-35 1.0000000180025095e-35 14.205338954925539 1.0000000180025095e-35 0.67815041542053234 2.6652977466583256 1.0000000180025095e-35 3.4811772108078007 1.0000000180025095e-35 1.0000000180025095e-35 1.0000000180025095e-35 1.0000000180025095e-35 1.0000000180025095e-35 10.310746192932131 10.120465755462648
decision_type=2 2 2 2 2 2 2 2 2 2 2 2 2 2 2 2 2 2 2 2 2 2 2 2 2 2 2 2 2 2
left_child=1 2 3 6 5 -5 8 -8 11 -10 -11 -1 13 -13 -15 20 -17 18 22 -19 21 -2 -18 24 25 -24 -22 28 -28 -29
right_child=15 -3 -4 4 -6 -7 7 -9 9 10 -12 12 -14 14 -16 16 17 19 -20 -21 26 -23 23 -25 -26 -27 27 29 -30 -31
leaf_value=0.040816513635252336 0.0022366019561225422 0.00064734087981712241 0.12270121747986402 -0.12061192353347311 0.10575554349755081 0.05010162702260551 0.051121853845546107 -0.043605916232183545 -0.067693867094772639 -0.051866076473055682 0.07649185747125041 -0.067680290178238289 -0.095105148115985222 0.10898685037629292 -0.018204795011659478 -0.050529712926532168 0.05684545889922149 0.12326375654455324 0.10034092501087558 0.028384332168486837 -0.0042128358623109959 0.11230050567094588 0.0096110058489039894 -0.072610584298265154 0.089000539393584821 -0.063864412554874087 0.08811635347728447 0.0096074488357839726 -0.058000248056721132 0.11049524558892282
leaf_weight=16.082319647073746 6.9875212013721448 209.35219897329807 2.0360197164118281 3.2280222326517087 6.0219014994800091 2.3079826422035694 4.1260647252202025 96.60520263761282 15.564386818557979 3.0123116858303547 4.621720425784587 4.0723275206983081 3.6806878373026839 3.4816210940480259 2.9755288846790791 6.5827494189143172 11.089504212141035 6.3135059028863934 6.496084362268447 21.470477879047394 224.01216003298759 5.17270328104496 91.836558863520622 7.3061617612838736 6.4001165628433219 5.8604479804635039 4.8774203956127176 4.9132530093193063 10.428667992353438 8.2913271114230138
leaf_count=144 33 1227 18 31 49 20 43 1016 191 27 46 39 32 32 29 30 48 27 28 97 1052 22 404 33 28 26 23 24 49 38
internal_value=-0.000531094 -0.00995159 -0.0231739 -0.0249654 0.0314196 -0.0494408 -0.0291911 -0.0397258 -0.00935278 -0.0369131 0.0258431 0.0117533 -0.0211389 0.00471683 0.0503755 0.00776982 0.0176591 0.0205223 0.0141849 0.0499443 0.00166641 0.0490555 0.00961579 0.00491437 0.0103555 0.00520351 -0.000615609 0.0276483 -0.0114389 0.0729562
internal_weight=805.207 377.168 167.816 165.78 11.5579 5.536 154.222 100.731 53.4909 23.1984 7.63403 30.2925 14.2102 10.5295 6.45715 428.039 163.356 156.773 128.989 27.784 264.683 12.1602 122.493 111.403 104.097 97.697 252.523 28.5107 15.3061 13.2046
internal_count=4906 2944 1717 1699 100 51 1599 1059 540 264 73 276 132 100 61 1962 721 691 567 124 1241 55 539 491 458 430 1186 134 72 62
is_linear=0
shrinkage=0.1


Tree=23
num_leaves=31
num_cat=0
split_feature=5 9 22 20 41 15 13 135 31 83 13 11 8 12 305 10 146 151 153 85 24 51 67 0 0 0 73 13 73 81
split_gain=5.27741 3.69018 3.65464 3.24641 3.12718 3.5709 4.25491 3.97174 3.6821 3.33067 3.12817 4.44074 3.91235 3.10637 3.02592 3.16777 3.12373 2.9119 2.77874 2.68468 2.41472 3.49758 3.22893 4.74313 6.86107 6.87412 5.91114 3.61773 2.78419 2.63855
threshold=1.0000000180025095e-35 1.0000000180025095e-35 1.0000000180025095e-35 1.0000000180025095e-35 1.0000000180025095e-35 1.0000000180025095e-35 1.0000000180025095e-35 1.0000000180025095e-35 1.0000000180025095e-35 1.0000000180025095e-35 1.0000000180025095e-35 1.0000000180025095e-35 1.0000000180025095e-35 1.0000000180025095e-35 1.0000000180025095e-35 1.0000000180025095e-35 1.0000000180025095e-35 1.0000000180025095e-35 1.0000000180025095e-35 1.0000000180025095e-35 1.0000000180025095e-35 1.0000000180025095e-35 1.0000000180025095e-35 9.3497605323791522 8.6844625473022479 7.6317591667175302 1.0000000180025095e-35 1.0000000180025095e-35 1.0000000180025095e-35 1.0000000180025095e-35
decision_type=2 2 2 2 2 2 2 2 2 2 2 2 2 2 2 2 2 2 2 2 2 2 2 2 2 2 2 2 2 2
left_child=3 17 4 14 5 6 8 9 -3 -8 12 -12 13 -7 15 16 18 20 -1 -17 29 22 23 24 25 28 -25 -28 -22 -2
right_child=1 2 -4 -5 -6 10 7 -9 -10 -11 11 -13 -14 -15 -16 19 -18 -19 -20 -21 21 -23 -24 26 -26 -27 27 -29 -30 -31
leaf_value=0.00050309475216179231 0.092663032087541175 -0.087854395305577759 -0.10282739430805098 0.076183899482931194 -0.090541043563078488 0.082935207299412533 -0.049328123983148953 0.11943882010284237 0.023064182710287984 0.078483632102110373 0.0081691493513879575 -0.12669742547311577 -0.034709320134003123 -0.0025946484193756503 -0.081393397755917751 0.015365726816848542 -0.091982440434389509 -0.067828138947995928 -0.080300461016707542 -0.057499919493489038 0.018049686143388102 -0.031119797561063058 -0.0085688529226924711 0.12447152597350589 -0.12939201080043625 0.14815420435973622 0.054385469697242152 -0.074165126082592514 -0.064432363944889645 -0.0045297441366649732
leaf_weight=281.5055944211781 5.5169475302100164 17.368149276822809 6.2512997798621646 6.3758253306150428 6.3650051020085803 10.837257802486421 9.4013703912496549 2.3946025446057311 3.6159692369401446 2.6034952700138083 6.6426579728722555 3.8602416589856148 8.0129566416144389 6.9821991398930541 4.0794875994324675 227.76908187568188 3.8002388812601557 6.8847480565309516 4.3211882188916197 5.1712564900517455 15.380123641341934 38.229249037802219 82.274714760482311 8.5869371928274632 3.645747445523738 3.4648646041750899 6.4443490393459797 3.3155329674482346 5.5761472694575778 5.6575126647949219
leaf_count=1575 34 235 64 33 64 54 113 19 39 30 39 26 47 36 22 1168 22 55 27 27 103 284 551 53 26 24 41 22 37 36
internal_value=-0.000509425 -0.0119192 -0.0292553 0.00525542 -0.0233652 -0.0174033 -0.0400152 0.00184648 -0.068741 -0.0216096 0.00461622 -0.0413998 0.0233253 0.049422 0.00439673 0.00506646 -0.001916 -0.00401531 -0.00071851 0.0137481 -0.00154841 -0.00456123 0.00332848 0.0244182 -0.00142781 0.0176755 0.0639572 0.0107155 -0.00389754 0.0434553
internal_weight=802.335 269.312 84.3352 533.023 78.0839 71.7189 35.3836 14.3995 20.9841 12.0049 36.3353 10.5029 25.8324 17.8195 526.647 522.567 289.627 184.977 285.827 232.94 178.092 166.918 128.688 46.4137 28.0669 24.4211 18.3468 9.75988 20.9563 11.1745
internal_count=4906 2032 766 2874 702 638 436 162 274 143 202 65 137 90 2841 2819 1624 1266 1602 1195 1211 1141 857 306 190 164 116 63 140 70
is_linear=0
shrinkage=0.1


Tree=24
num_leaves=31
num_cat=0
split_feature=15 6 16 93 100 141 0 0 17 23 16 0 8 1 0 19 73 12 140 79 138 1 127 13 83 1 12 0 9 1
split_gain=4.95786 4.4918 3.41931 2.95422 2.63214 2.46408 2.73453 3.67076 2.41638 2.98431 6.08476 4.33613 5.00548 6.2674 4.63834 4.45966 3.59693 3.47018 2.75887 2.86511 3.6782 3.49485 6.81651 4.81097 5.17528 3.70261 3.3406 2.77633 2.45833 2.39389
threshold=1.0000000180025095e-35 1.0000000180025095e-35 1.0000000180025095e-35 1.0000000180025095e-35 1.0000000180025095e-35 1.0000000180025095e-35 2.3121149539947514 4.507871389389039 1.0000000180025095e-35 1.0000000180025095e-35 1.0000000180025095e-35 11.494866847991945 1.0000000180025095e-35 0.074758537113666548 11.880903720855715 1.0000000180025095e-35 1.0000000180025095e-35 1.0000000180025095e-35 1.0000000180025095e-35 1.0000000180025095e-35 1.0000000180025095e-35 -0.3099094927310943 1.0000000180025095e-35 1.0000000180025095e-35 1.0000000180025095e-35 -1.0000000180025095e-35 1.0000000180025095e-35 7.2840518951416025 1.0000000180025095e-35 -0.14837630838155744
decision_type=2 2 2 2 2 2 2 2 2 2 2 2 2 2 2 2 2 2 2 2 2 2 2 2 2 2 2 2 2 2
left_child=1 2 5 4 -4 6 -1 -8 -3 10 -10 12 15 17 -13 18 -15 29 19 20 21 22 -11 24 26 -25 28 -21 -23 -14
right_child=-2 8 3 -5 -6 -7 7 -9 9 11 -12 14 13 16 -16 -17 -18 -19 -20 27 -22 23 -24 25 -26 -27 -28 -29 -30 -31
leaf_value=0.068990086694883768 0.0068579486844378007 -0.067851577390704923 -0.0096538108041237473 0.067904415191676046 -0.11514730337338525 0.068334463449898977 -0.099653029612523605 -0.034494185552945443 -0.012792725660109999 0.18818179017769771 0.14168758737791284 -0.11438242903850802 0.009698593674601361 0.12576642992733753 -0.013144429620805621 0.13883201767377149 -0.0027962268732794845 -0.07059735474034648 -0.058572242129601382 -0.10101050554821828 -0.050164749588120464 0.066412873942236481 0.04576272348234918 -0.087854663007327916 -0.056569941749813092 0.026637768799990844 0.012614886477432209 0.02614360652623976 0.17701290364802499 -0.060834252693989815
leaf_weight=2.2064275816082946 427.20474775880575 5.0007747113704673 84.088430937379599 4.8091602250933638 2.4335953630506983 2.1394311077892771 10.142421931028364 58.595002226531506 5.8277426809072477 3.8904206082224801 4.5330421924591064 4.863970845937728 18.36352064460516 4.4188828244805318 65.053123742341995 3.4077340736985198 4.2879520431160927 14.301816716790198 4.0357031524181357 3.2897188887000075 4.8464960828423491 4.2345405668020337 24.680248036980629 6.0817931294441223 3.5543440282344809 5.2740116640925425 4.6706736311316481 3.5922059863805771 3.8250270932912827 6.5206108018755939
leaf_count=26 1962 34 695 42 24 20 145 765 35 20 23 28 107 23 394 20 24 86 25 20 29 23 143 35 21 28 28 20 23 38
internal_value=-0.000496894 -0.00892125 -0.0212811 -0.00838085 -0.012621 -0.0374024 -0.0405911 -0.0441086 0.000822683 0.00250983 0.0547954 -0.000294206 0.0109884 -0.0142921 -0.0201873 0.0270498 0.0624517 -0.0313441 0.0217573 0.026529 0.0334234 0.0406303 0.0651557 0.0152795 0.0501184 -0.0346806 0.0799064 -0.034639 0.118903 -0.00878376
internal_weight=800.174 372.969 164.414 91.3312 86.522 73.0833 70.9439 68.7374 208.554 203.554 10.3608 193.193 123.276 47.8928 69.9171 75.3829 8.70683 39.1859 71.9752 67.9395 61.0576 56.2111 28.5707 27.6404 16.2846 11.3558 12.7302 6.88192 8.05957 24.8841
internal_count=4906 2944 1717 761 719 956 936 910 1227 1193 58 1135 713 278 422 435 47 231 415 390 350 321 163 158 95 63 74 40 46 145
is_linear=0
shrinkage=0.1


Tree=25
num_leaves=31
num_cat=0
split_feature=9 27 16 35 113 16 15 5 67 134 84 58 26 6 36 1 236 139 8 21 25 5 15 137 65 99 0 17 58 105
split_gain=4.71195 6.3127 4.89349 4.4602 3.74219 4.7421 3.73784 3.41218 3.85016 3.39194 3.7251 3.48389 4.97021 3.28195 3.26827 6.65022 4.46001 3.77993 3.37016 5.52907 3.51515 4.81093 3.36311 5.65441 3.41059 3.68572 5.53861 3.00006 2.84105 2.81637
threshold=1.0000000180025095e-35 1.0000000180025095e-35 1.0000000180025095e-35 1.0000000180025095e-35 1.0000000180025095e-35 1.0000000180025095e-35 1.0000000180025095e-35 1.0000000180025095e-35 1.0000000180025095e-35 1.0000000180025095e-35 1.0000000180025095e-35 1.0000000180025095e-35 1.0000000180025095e-35 1.0000000180025095e-35 1.0000000180025095e-35 -0.27872842550277704 1.0000000180025095e-35 1.0000000180025095e-35 1.0000000180025095e-35 1.0000000180025095e-35 1.0000000180025095e-35 1.0000000180025095e-35 1.0000000180025095e-35 1.0000000180025095e-35 1.0000000180025095e-35 1.0000000180025095e-35 13.096509456634523 1.0000000180025095e-35 1.0000000180025095e-35 1.0000000180025095e-35
decision_type=2 2 2 2 2 2 2 2 2 2 2 2 2 2 2 2 2 2 2 2 2 2 2 2 2 2 2 2 2 2
left_child=2 -2 14 4 -3 6 -6 -5 -9 10 27 12 -11 -13 16 -16 18 -17 20 22 21 -1 24 -24 25 -20 -27 -4 -12 -22
right_child=1 3 9 7 5 -7 -8 8 -10 11 28 13 -14 -15 15 17 -18 -19 19 -21 29 -23 23 -25 -26 26 -28 -29 -30 -31
leaf_value=0.12489172715842226 -0.121120883715368 -0.019039147101335484 0.10206465127110165 0.027969315235255501 -0.11238514390035736 0.11107967806833303 0.058869734544739552 -0.080331194891327201 0.013782381237442607 0.093452221216160661 0.0022043360861490132 -0.10706098338785096 -0.024373916425278582 -0.0021098629528721068 0.066913834783613332 -0.029658229458293744 0.11554684751962492 -0.13629332918597439 -0.055001049832638788 -0.083522993691366995 0.009002926973458808 -0.024132438954125146 0.026780602164138897 -0.070055296996486396 0.088501143292096907 0.09758818224222815 -0.068659009801973966 0.014938642668470501 0.10263545957242942 -0.074305272591050422
leaf_weight=5.867809593677519 5.1039958484470835 199.30439725145698 4.036110706627368 47.486442949622869 2.5035905316472036 5.1129311621189117 2.5960311591625214 7.1201777644455442 11.159943405538797 5.2589455991983423 4.0736862123012516 6.3309350386261958 11.214271523058414 5.6286888346076012 6.9892989099025717 48.379817709326744 3.3955805860459796 3.569430034607648 25.916984174400568 10.284079916775225 112.63550697639585 3.4340827502310276 39.488376885652542 7.1166933923959723 2.3281009607017031 4.4264298453927022 3.6617599166929722 190.00919487699866 9.1285933554172516 4.2096891850233069
leaf_count=30 39 1393 21 265 34 28 12 65 92 27 20 42 57 26 42 308 20 23 232 74 656 23 180 33 18 33 32 1012 44 25
internal_value=-0.000485823 -0.0109255 0.0051718 -0.00888241 -0.0160139 0.0430259 -0.0252055 0.0138368 -0.0228752 0.0158043 0.0202479 -0.0165846 0.0132412 -0.0576667 -0.00372366 -0.0246641 0.00181671 -0.0369851 5.63032e-05 -0.014362 0.0107114 0.0698748 -0.00578631 0.0119936 -0.0285927 -0.0366093 0.0223232 0.0167508 0.0716465 0.00600151
internal_weight=797.772 280.388 517.384 275.284 209.517 10.2126 5.09962 65.7666 18.2801 235.68 207.248 28.4328 16.4732 11.9596 281.704 58.9385 222.765 51.9492 219.37 93.2224 126.147 9.30189 82.9383 46.6051 36.3333 34.0052 8.08819 194.045 13.2023 116.845
internal_count=4906 1928 2978 1889 1467 74 46 422 157 1249 1097 152 84 68 1729 373 1356 331 1336 602 734 53 528 213 315 297 65 1033 64 681
is_linear=0
shrinkage=0.1


Tree=26
num_leaves=31
num_cat=0
split_feature=5 99 26 21 10 15 6 73 107 9 0 14 36 0 105 44 13 0 38 82 62 14 16 305 6 87 0 9 1 156
split_gain=4.0523 3.0897 5.84416 6.66815 4.38733 3.24569 3.20826 3.43909 2.97373 2.64243 3.00939 7.06445 4.09727 2.82893 2.48674 3.86683 4.64433 5.83103 4.10053 2.9233 5.55258 5.47637 3.57431 2.46476 2.59147 5.18364 3.84241 5.80989 3.98401 3.79015
threshold=1.0000000180025095e-35 1.0000000180025095e-35 1.0000000180025095e-35 1.0000000180025095e-35 1.0000000180025095e-35 1.0000000180025095e-35 1.0000000180025095e-35 1.0000000180025095e-35 1.0000000180025095e-35 1.0000000180025095e-35 10.035592079162599 1.0000000180025095e-35 1.0000000180025095e-35 13.938398361206056 1.0000000180025095e-35 1.0000000180025095e-35 1.0000000180025095e-35 13.600273609161379 1.0000000180025095e-35 1.0000000180025095e-35 1.0000000180025095e-35 1.0000000180025095e-35 1.0000000180025095e-35 1.0000000180025095e-35 1.0000000180025095e-35 1.0000000180025095e-35 2.6105407476425175 1.0000000180025095e-35 -0.46003498136997217 1.0000000180025095e-35
decision_type=2 2 2 2 2 2 2 2 2 2 2 2 2 2 2 2 2 2 2 2 2 2 2 2 2 2 2 2 2 2
left_child=8 5 -3 4 -4 6 7 9 14 10 -2 12 13 -12 15 16 17 -1 -17 20 -16 22 -22 24 26 29 27 -20 -28 -26
right_child=1 2 3 -5 -6 -7 -8 -9 -10 -11 11 -13 -14 -15 19 18 -18 -19 23 -21 21 -23 -24 -25 25 -27 28 -29 -30 -31
leaf_value=0.010764470810004471 -0.041248415528695188 -0.021392897927201528 -0.013757959845769782 0.18133096918129524 0.088731408023766195 -0.0045364000804751295 -0.012742849529335881 -0.092016615229929044 0.089293301261076416 -0.070179478311607882 0.14218180408465905 -0.077706521389066335 0.24145336180618848 -0.046595931929704897 -0.13145880300990351 -0.091574209659243955 -0.018767060201600978 0.15624110261885438 0.10809661527856181 0.046274002515327706 -0.028367335082471523 -0.10936780645733707 0.10076081998480485 -0.074251545450159273 0.018570829395881835 -0.062982237758278048 -0.03263224648541535 -0.042406037580534198 0.0014249222542858943 -0.047642111383532179
leaf_weight=5.0379769355058688 11.679175864905121 22.549293667078018 10.433511778712278 3.3505139984190455 6.9650967828929415 123.03378762304783 54.587231695652008 13.082477953284977 4.1104533784091464 10.935452602803709 1.5867024920880779 3.1697342060506344 1.6640525758266447 1.5885709486901758 5.3883145526051566 4.4760449714958659 6.0128717571496955 6.0807671770453453 7.3063741587102395 4.1756737157702437 4.4042330831289274 3.8268136121332654 4.1763549670577049 3.9337562173604956 211.95864363759756 8.6637647002935392 41.613642737269402 3.9525057673454285 196.73225425928831 9.0127034708857519
leaf_count=27 155 171 80 21 46 629 404 222 23 202 21 44 15 22 31 24 34 30 41 21 22 24 21 22 1005 43 259 25 1178 44
internal_value=-0.000472062 -0.0105811 0.0138489 0.0521483 0.0272711 -0.0153604 -0.0289087 -0.0490992 0.0045671 -0.0307648 -0.00887262 0.0383392 0.114349 0.0477374 0.00390595 0.00533942 0.0520355 0.0903247 0.00369894 -0.0290273 -0.0466964 -0.00988552 0.0344821 0.00458154 0.00522863 0.0128952 -0.00182462 0.0552616 -0.00452124 0.0158702
internal_weight=795.489 264.626 43.2984 20.7491 17.3986 221.327 98.2934 43.7062 530.863 30.6237 19.6882 8.00906 4.83933 3.17527 526.753 504.781 17.1316 11.1187 487.65 21.9714 17.7957 12.4074 8.58059 483.174 479.24 229.635 249.605 11.2589 238.346 220.971
internal_count=4906 2032 318 147 126 1714 1085 681 2874 459 257 102 58 43 2851 2732 91 57 2641 119 98 67 43 2617 2595 1092 1503 66 1437 1049
is_linear=0
shrinkage=0.1


Tree=27
num_leaves=31
num_cat=0
split_feature=9 27 55 8 79 0 86 1 69 40 16 0 11 52 61 73 73 85 153 86 135 48 84 10 58 1 98 15 6 1
split_gain=3.64811 5.46329 4.04485 6.60713 5.53546 4.4805 4.84752 4.73867 8.38338 3.88035 3.84964 3.83127 3.64255 3.60874 5.23864 6.22318 3.44601 3.21703 2.94891 2.83982 2.77553 3.32681 3.33084 3.18227 4.40895 4.19634 2.8112 3.59213 2.86055 5.84196
threshold=1.0000000180025095e-35 1.0000000180025095e-35 1.0000000180025095e-35 1.0000000180025095e-35 1.0000000180025095e-35 12.992471218109133 1.0000000180025095e-35 0.61076888442039501 1.0000000180025095e-35 1.0000000180025095e-35 1.0000000180025095e-35 11.880903720855715 1.0000000180025095e-35 1.0000000180025095e-35 1.0000000180025095e-35 1.0000000180025095e-35 1.0000000180025095e-35 1.0000000180025095e-35 1.0000000180025095e-35 1.0000000180025095e-35 1.0000000180025095e-35 1.0000000180025095e-35 1.0000000180025095e-35 1.0000000180025095e-35 1.0000000180025095e-35 -0.40634268522262568 1.0000000180025095e-35 1.0000000180025095e-35 1.0000000180025095e-35 -0.70993992686271656
decision_type=2 2 2 2 2 2 2 2 2 2 2 2 2 2 2 2 2 2 2 2 2 2 2 2 2 2 2 2 2 2
left_child=10 -2 3 9 -5 6 12 8 19 -3 17 -11 -4 -9 -15 -16 -10 -1 20 -7 21 -12 26 -22 25 -25 28 -28 29 -23
right_child=1 2 5 4 -6 7 -8 13 16 11 18 -13 -14 14 15 -17 -18 -19 -20 -21 23 22 -24 24 -26 -27 27 -29 -30 -31
leaf_value=-0.0019580301244122317 -0.11660263655082762 0.018815316913814134 -0.0067917761150241831 -0.042024253155593431 0.080258385392526055 0.075725009080108804 -0.091679702510937322 -0.073182270795242199 -0.067085443600942887 0.18199480000571999 0.11236291262469998 0.037436175425935005 -0.043203904871974654 -0.036923132803235365 0.12681550277972811 -0.0069667009381643372 0.058271147360599164 -0.081840579394975577 -0.067446918585914215 0.21575439525085935 -0.035895634977022604 0.21864417589909022 0.067000872632066652 -0.0019291092128699762 -0.04662145074549378 0.13282922461410393 -0.059381530117210174 0.025562441669249134 0.034180003911079171 0.0041166602027854762
leaf_weight=274.58764950931072 4.7005732282996169 53.763801649212837 70.443006470799446 29.603258524090052 4.2309833243489257 2.7481482028961155 10.591339360922573 7.4474040791392317 4.4526630379259586 3.0435382984578601 3.8303471729159346 4.6109902337193489 45.039142291992903 14.819376528263092 5.8869960941374293 8.4939247854053974 4.3209771104156971 5.1356883347034445 4.3720049001276484 3.0619087517261505 20.478025738149881 1.2880135625600804 13.062566749751566 4.512804500758647 5.4034802727401248 4.7357042804360381 10.898453488945961 9.1648274213075638 70.529757373034954 87.75196697562933
leaf_count=1695 39 364 475 211 29 22 81 51 31 19 19 37 321 103 38 58 29 34 25 20 112 6 62 22 29 22 78 39 327 508
internal_value=-0.000461547 -0.00971221 -0.00786876 0.00875174 -0.0267328 -0.0167977 -0.0269312 0.00813945 0.0563508 0.0282995 0.00451143 0.0949145 -0.0209929 -0.0110459 0.00480166 0.0477986 -0.0053479 -0.00342466 0.0139167 0.149521 0.0154523 0.0200801 0.0182458 -0.0104371 0.0251444 0.067074 0.0147004 -0.0205795 0.0191363 0.00721992
internal_weight=793.009 277.258 272.557 95.2526 33.8342 177.305 126.073 51.2314 14.5837 61.4183 515.751 7.65453 115.482 36.6477 29.2003 14.3809 8.77364 279.723 236.028 5.81006 231.656 196.526 192.696 35.13 14.652 9.24851 179.633 20.0633 159.57 89.04
internal_count=4906 1928 1889 660 240 1229 877 352 102 420 2978 56 796 250 199 96 60 1729 1249 42 1224 1039 1020 185 73 44 958 117 841 514
is_linear=0
shrinkage=0.1


Tree=28
num_leaves=31
num_cat=0
split_feature=15 0 0 10 0 0 0 79 8 0 1 133 1 26 9 129 0 0 108 6 32 93 7 12 11 137 11 0 0 67
split_gain=3.65114 3.61501 3.20468 2.94812 3.64018 3.17061 6.89106 5.22006 3.90993 4.76861 5.55704 4.06628 6.11866 4.70874 4.15228 4.86267 3.8339 6.84032 3.00827 2.98141 3.50037 3.83264 3.40806 4.31756 4.26431 2.83289 2.76549 2.6549 2.55607 4.47092
threshold=1.0000000180025095e-35 17.698836326599125 2.0465434789657597 1.0000000180025095e-35 17.100615501403812 10.584530830383303 9.9780974388122576 1.0000000180025095e-35 1.0000000180025095e-35 9.0047912597656268 -0.12221461907029151 1.0000000180025095e-35 -0.030344513244926926 1.0000000180025095e-35 1.0000000180025095e-35 1.0000000180025095e-35 3.5961669683456425 4.0835044384002694 1.0000000180025095e-35 1.0000000180025095e-35 1.0000000180025095e-35 1.0000000180025095e-35 1.0000000180025095e-35 1.0000000180025095e-35 1.0000000180025095e-35 1.0000000180025095e-35 1.0000000180025095e-35 11.23477077484131 13.030800819396974 1.0000000180025095e-35
decision_type=2 2 2 2 2 2 2 2 2 2 2 2 2 2 2 2 2 2 2 2 2 2 2 2 2 2 2 2 2 2
left_child=1 2 -1 19 5 6 8 18 11 10 -10 12 16 -14 15 -13 -5 -18 27 20 21 25 23 24 -22 -4 -19 -7 29 -29
right_child=-2 -3 3 4 -6 7 -8 -9 9 -11 -12 14 13 -15 -16 -17 17 26 -20 -21 22 -23 -24 -25 -26 -27 -28 28 -30 -31
leaf_value=-0.12760188791255533 0.0058552148308038668 -0.079942300871859051 -0.0398941976805978 -0.10317741509170192 0.083951888295780916 -0.069672414932677812 0.12646042759517881 -0.098395635771100165 -0.027038676721365364 -0.12688068709075814 0.090054266012393747 0.010158756470101934 0.16860149281576253 0.0096777778315153863 0.0066552721688427812 0.16015927581267733 0.12124970884800446 0.0032426230772136817 -0.084648639043424678 -0.0038666207969903291 0.028103161916685257 0.051506969217798931 -0.03330828434922016 -0.023044237536788692 0.21124128260450425 -0.11342941327738708 -0.076900319450647625 -0.0099734023114268454 -0.0083403218362076755 0.094663581216338333
leaf_weight=2.1684024930000296 425.26015046983957 6.8108645789325228 49.899982277303934 4.3971943520009509 5.5752585791051379 4.7998781464993945 5.1315865255892268 6.7570756487548342 22.987880054861314 3.7230163924396029 4.9206126779317847 3.3154215812683123 3.5217741020023849 3.9614646397531033 7.040401689708232 6.2076484709978104 3.7976684831082848 11.781721264123918 4.4226341322064391 121.20935416221619 2.7263012453913689 4.1943429298698893 9.5580846145749092 4.2345234975218773 2.3825354613363743 5.8534340299665919 6.7854290567338458 8.4813785664737242 31.426005993038416 7.8748733140528193
leaf_count=15 1962 58 639 34 38 36 35 53 181 29 36 21 25 27 51 36 30 83 35 756 30 52 103 47 18 76 51 57 235 57
internal_value=-0.000446388 -0.00776937 -0.00640064 -0.0056644 0.00459716 0.00167366 0.0140247 -0.0152894 0.00702596 -0.020575 -0.00639374 0.0242092 0.00453469 0.0844707 0.0648867 0.107937 -0.0178172 -0.00103429 -0.00543843 -0.0137127 -0.0288484 -0.0406793 0.00867462 0.0516223 0.113511 -0.0476145 -0.0260459 0.00122386 0.00834562 0.0404051
internal_weight=791.207 365.947 359.136 356.967 156.909 151.334 87.5718 63.7618 82.4402 31.6315 27.9085 50.8087 34.2453 7.48324 16.5635 9.52307 26.762 22.3648 57.0048 200.059 78.8492 59.9478 18.9014 9.34336 5.10884 55.7534 18.5672 52.5821 47.7823 16.3563
internal_count=4906 2944 2886 2871 1150 1112 639 473 604 246 217 358 250 52 108 57 198 164 420 1721 965 767 198 95 48 715 134 385 349 114
is_linear=0
shrinkage=0.1


Tree=29
num_leaves=31
num_cat=0
split_feature=5 99 0 26 0 176 107 15 62 6 108 135 8 10 108 1 0 0 8 16 133 61 6 13 61 26 0 10 0 16
split_gain=3.36017 2.56923 5.66779 4.4461 6.63987 2.54061 3.36716 2.4707 2.70834 2.78613 2.94408 2.60072 8.99608 5.88428 2.55859 2.3837 6.12306 3.31545 2.9767 3.09274 2.90079 2.50247 2.38221 2.29671 6.8968 3.91602 2.89709 2.29027 2.87071 4.30017
threshold=1.0000000180025095e-35 1.0000000180025095e-35 16.661190986633304 1.0000000180025095e-35 12.699520587921144 1.0000000180025095e-35 1.0000000180025095e-35 1.0000000180025095e-35 1.0000000180025095e-35 1.0000000180025095e-35 1.0000000180025095e-35 1.0000000180025095e-35 1.0000000180025095e-35 1.0000000180025095e-35 1.0000000180025095e-35 0.082515783607959761 11.43189573287964 8.7460646629333514 1.0000000180025095e-35 1.0000000180025095e-35 1.0000000180025095e-35 1.0000000180025095e-35 1.0000000180025095e-35 1.0000000180025095e-35 1.0000000180025095e-35 1.0000000180025095e-35 15.727583885192873 1.0000000180025095e-35 8.2067074775695819 1.0000000180025095e-35
decision_type=2 2 2 2 2 2 2 2 2 2 2 2 2 2 2 2 2 2 2 2 2 2 2 2 2 2 2 2 2 2
left_child=5 7 3 -3 -5 6 -1 8 11 -10 27 -2 13 -13 15 17 -17 18 22 21 -21 -20 -9 26 25 -25 -18 28 29 -11
right_child=1 2 -4 4 -6 -7 -8 14 9 10 -12 12 -14 -15 -16 16 23 -19 19 20 -22 -23 -24 24 -26 -27 -28 -29 -30 -31
leaf_value=0.004340861576327338 -0.02173619032727319 -0.0086586356878218564 -0.10157369962796806 0.017995589453644642 0.14422545392226277 -0.049445607473133216 0.097461285861113689 0.0027160420416475297 -0.067842253810299888 -0.075843506015435588 0.060489320238263977 0.025417256702623493 -0.090764381256549856 0.21245143152932389 -0.056594104375799828 -0.096608383303633943 0.0031197967213613719 0.093838660865261103 -0.086884094310440863 0.060817335764730265 -0.04358759340024701 0.010735801091478352 0.052585681573734069 0.045639980099863156 0.13107133341063579 -0.096721099636914581 -0.072095319678568054 -0.00049191339247496438 -0.10331322039652176 0.076060378837843154
leaf_weight=515.34351748600602 30.857973774895072 20.221230208873749 3.9547889530658713 12.945216055959465 6.1453101560473433 8.7006231509149057 3.9125420078635207 25.517036505043507 22.5445537250489 4.7785863578319585 3.8248614594340316 4.0723596625030023 3.6791213154792786 2.8658438138663769 8.8416320011019689 8.2251981645822507 17.587352558970455 4.5137558728456488 8.684770427644251 6.1560083478689194 4.6875614672899246 3.7641270682215699 15.335426501929758 3.9717836007475835 4.594217985868454 3.7628402262926102 7.2245737910270682 11.997658789157867 7.4486851394176483 3.0549725592136383
leaf_count=2802 340 157 31 91 39 51 21 132 404 39 30 38 39 24 46 44 88 22 51 27 22 18 72 21 24 21 41 84 64 23
internal_value=-0.0004455 -0.00972123 0.012538 0.0240177 0.0586294 0.00414456 0.00504251 -0.0141392 -0.0262385 -0.0410746 -0.0216735 -0.00704774 0.0356425 0.102672 -0.00477178 -0.000753405 -0.0185407 0.0109995 0.00517023 -0.0233588 0.0156842 -0.0573671 0.0214364 -0.0012518 0.0340256 -0.0236177 -0.0187808 -0.0331934 -0.0588664 -0.0166032
internal_weight=789.214 261.257 43.2665 39.3118 19.0905 527.957 519.256 217.991 95.1246 53.6493 31.1048 41.4753 10.6173 6.9382 122.866 114.025 45.366 68.6587 64.1449 23.2925 10.8436 12.4489 40.8525 37.1408 12.3288 7.73462 24.8119 27.2799 15.2822 7.83356
internal_count=4906 2032 318 287 130 2874 2823 1714 1085 644 240 441 101 62 629 583 239 344 322 118 49 69 204 195 66 42 129 210 126 62
is_linear=0
shrinkage=0.1


Tree=30
num_leaves=31
num_cat=0
split_feature=233 15 225 0 1 0 6 16 0 67 138 55 8 24 84 16 188 11 14 12 152 153 100 102 1 53 0 11 0 52
split_gain=3.22994 3.25483 3.0145 2.52712 3.98275 5.46812 3.43911 3.55544 3.2674 3.41466 3.04922 3.817 3.40635 3.04084 4.71648 4.16757 3.9836 3.45273 3.21351 2.47273 2.44297 2.5584 2.33191 2.27941 2.77904 2.23245 4.81403 4.5313 5.95406 5.21823
threshold=1.0000000180025095e-35 1.0000000180025095e-35 1.0000000180025095e-35 3.5961669683456425 -0.51950716972351063 4.507871389389039 1.0000000180025095e-35 1.0000000180025095e-35 4.0561258792877206 1.0000000180025095e-35 1.0000000180025095e-35 1.0000000180025095e-35 1.0000000180025095e-35 1.0000000180025095e-35 1.0000000180025095e-35 1.0000000180025095e-35 1.0000000180025095e-35 1.0000000180025095e-35 1.0000000180025095e-35 1.0000000180025095e-35 1.0000000180025095e-35 1.0000000180025095e-35 1.0000000180025095e-35 1.0000000180025095e-35 -0.4741805493831634 1.0000000180025095e-35 17.166323661804203 1.0000000180025095e-35 15.683778285980226 1.0000000180025095e-35
decision_type=2 2 2 2 2 2 2 2 2 2 2 2 2 2 2 2 2 2 2 2 2 2 2 2 2 2 2 2 2 2
left_child=1 2 3 10 6 -6 8 -8 9 -5 11 12 19 14 15 18 23 -17 -7 -1 21 22 -3 24 -15 26 27 28 29 -26
right_child=-2 20 -4 4 5 13 7 -9 -10 -11 -12 -13 -14 16 -16 17 -18 -19 -20 -21 -22 -23 -24 -25 25 -27 -28 -29 -30 -31
leaf_value=0.0015452655813147328 0.087510932595647142 0.0040694058333223615 -0.086891794439331593 -0.064285292870722807 -0.11802810007745637 -0.053962780702210222 0.11828885242943783 0.0040606968561974132 -0.10939678090087553 0.10869853596768982 -0.10360087245511376 -0.06996404124009041 -0.040104052933315329 0.089668393290757598 -0.076046367855436781 0.15768383206928363 -0.1237480913836313 0.028091646033781777 0.069515966792745368 0.092279782130528273 0.0806797755648654 -0.066939883524032948 0.057879667120196279 0.027722478828244954 0.0059191321358062106 -0.025976880948269766 0.11634270604933357 -0.026216185021355171 -0.10234058713152605 0.10667871963945211
leaf_weight=7.4950235970318317 4.1537304930388919 405.61410750448704 4.766245085746049 1.9958728067576892 4.3478231094777575 4.4752822741866147 7.1280292347073555 4.4111548215150833 2.3798738457262516 2.6646222583949566 5.0405792240053406 10.495715748518704 10.131875997409225 2.8215749599039546 3.3514991030096999 4.9155459217727184 2.9324820525944224 3.5339946113526821 3.9838202744722366 5.0120304077863693 4.227632872760295 4.9838536381721488 8.2165914326906186 18.092245202511549 99.359475083649158 65.606047481298447 3.2387724369764319 71.642575353384018 4.837694849818944 5.4202369898557654
leaf_count=54 25 1871 35 24 44 44 43 24 37 32 45 86 87 30 24 28 28 23 33 41 20 24 37 136 774 562 23 593 40 39
internal_value=-0.000437738 -0.000904224 -0.00789204 -0.00683232 -0.00390633 -0.0067019 0.0410162 0.0746222 -0.0140639 0.0346176 -0.0311398 -0.0201167 0.00299314 -0.00505673 0.032327 0.0538079 -0.00782145 0.103482 0.00418962 0.0379059 0.00504358 0.00428009 0.00513781 -0.0065671 -0.00901989 -0.0101333 -0.0044994 -0.00665862 0.0061236 0.0111314
internal_weight=787.276 783.122 360.08 355.314 317.139 298.559 18.5796 11.5392 7.04037 4.6605 38.1752 33.1346 22.6389 294.211 20.2601 16.9086 273.951 8.44954 8.4591 12.5071 423.042 418.815 413.831 271.019 252.926 250.105 184.499 181.26 109.617 104.78
internal_count=4906 4881 2929 2894 2581 2421 160 67 93 56 313 268 182 2377 152 128 2225 51 77 95 1952 1932 1908 2197 2061 2031 1469 1446 853 813
is_linear=0
shrinkage=0.1


Tree=31
num_leaves=31
num_cat=0
split_feature=9 27 55 8 79 0 86 0 61 52 69 73 86 1 150 16 40 19 11 0 83 35 12 61 1 61 31 0 140 7
split_gain=2.93899 4.78582 3.38434 4.97036 4.61723 3.81575 4.37508 3.62491 3.71073 4.70092 3.62361 3.54002 3.51519 3.32967 3.26249 3.32408 3.02078 2.96011 3.61623 3.35617 4.49717 3.7626 3.08036 4.62858 4.62011 4.009 3.63658 2.92036 2.86378 3.19592
threshold=1.0000000180025095e-35 1.0000000180025095e-35 1.0000000180025095e-35 1.0000000180025095e-35 1.0000000180025095e-35 12.992471218109133 1.0000000180025095e-35 14.867898464202883 1.0000000180025095e-35 1.0000000180025095e-35 1.0000000180025095e-35 1.0000000180025095e-35 1.0000000180025095e-35 0.73792684078216564 1.0000000180025095e-35 1.0000000180025095e-35 1.0000000180025095e-35 1.0000000180025095e-35 1.0000000180025095e-35 7.5879535675048837 1.0000000180025095e-35 1.0000000180025095e-35 1.0000000180025095e-35 1.0000000180025095e-35 0.039622785523533828 1.0000000180025095e-35 1.0000000180025095e-35 13.882272243499758 1.0000000180025095e-35 1.0000000180025095e-35
decision_type=2 2 2 2 2 2 2 2 2 2 2 2 2 2 2 2 2 2 2 2 2 2 2 2 2 2 2 2 2 2
left_child=14 -2 3 16 -5 6 17 10 13 -10 12 -11 -7 -9 15 -1 -3 18 19 20 21 -4 23 26 -25 -24 -20 -12 29 -21
right_child=1 2 5 4 -6 7 -8 8 9 11 27 -13 -14 -15 -16 -17 -18 -19 22 28 -22 -23 25 24 -26 -27 -28 -29 -30 -31
leaf_value=-0.0026810613716475133 -0.11268579717076595 0.016321613917560044 0.0092772538404718389 -0.037823124844787698 0.073764175497418122 0.030617152372800233 -0.087738814994229086 -0.13515011510585637 -0.082349485859824573 0.11060535244113293 -0.040860886549513566 0.0050767647528425289 0.17399970841448437 -0.022933416322955036 -0.08505663564822509 0.013556648728985802 0.08254253136370443 0.067106850597133921 0.03709771421470353 0.0075268762700805014 -0.074301991389944352 0.094074091567471083 -0.13422382532273025 -0.11063748063856049 0.0032196060401181075 -0.016710973085908645 -0.083742515476430468 0.062807364618210279 -0.11388240483511225 -0.05725213718945843
leaf_weight=275.27429686114192 4.3635787460952988 54.102415923029184 20.937729937955741 28.598449623212218 4.2605313658714286 3.4726512581110009 10.15508598834276 3.3104510866105583 3.4461818151175985 5.4384318664669991 5.7233388870954514 7.6507877185940742 3.3683100938796997 13.137261632829903 4.0770831108093253 232.60238910093904 7.8936065994203082 3.8370291329920283 11.747935226187108 18.07662284001708 4.8015895225107661 6.9762179814279071 7.3384418152272683 9.3166087549179775 5.7719367891550073 4.8033531308174133 3.1603596955537805 5.1737470179796219 3.6062389090657225 13.160924028605224
leaf_count=1714 39 364 142 211 29 30 81 29 25 33 39 53 20 86 26 1238 56 30 81 116 35 43 61 71 39 37 20 37 26 95
internal_value=-0.000431264 -0.00879762 -0.00711407 0.00808802 -0.0233546 -0.0153819 -0.0248536 0.00771622 -0.0118885 0.021564 0.0441704 0.0489228 0.101215 -0.0455194 0.0040404 0.00475565 0.0247532 -0.0192289 -0.0222487 -0.00790948 0.0150925 0.0304696 -0.0452383 -0.0280369 -0.0670829 -0.0877352 0.0114812 0.008359 -0.0295065 -0.0197657
internal_weight=785.584 273.63 269.266 94.855 32.859 174.411 123.69 50.7212 32.9831 16.5354 17.738 13.0892 6.84096 16.4477 511.954 507.877 61.996 113.535 109.698 67.5593 32.7155 27.9139 42.1386 29.9968 15.0885 12.1418 14.9083 10.8971 34.8438 31.2375
internal_count=4906 1928 1889 660 240 1229 877 352 226 111 126 86 50 115 2978 2952 420 796 766 457 220 185 309 211 110 98 101 76 237 211
is_linear=0
shrinkage=0.1


end of trees

feature_importances:
Column_0=126
Column_16=64
Column_10=55
Column_9=49
Column_5=47
Column_6=47
Column_1=36
Column_15=32
Column_13=28
Column_12=21
Column_11=20
Column_8=17
Column_26=14
Column_81=13
Column_55=12
Column_7=11
Column_61=11
Column_67=11
Column_84=11
Column_151=11
Column_32=10
Column_85=10
Column_79=9
Column_83=9
Column_100=9
Column_40=8
Column_99=8
Column_14=7
Column_19=7
Column_73=7
Column_133=7
Column_176=7
Column_51=6
Column_60=6
Column_64=6
Column_88=6
Column_94=6
Column_108=6
Column_22=5
Column_24=5
Column_80=5
Column_86=5
Column_91=5
Column_134=5
Column_135=5
Column_140=5
Column_17=4
Column_21=4
Column_27=4
Column_44=4
Column_58=4
Column_69=4
Column_78=4
Column_113=4
Column_138=4
Column_141=4
Column_153=4
Column_35=3
Column_41=3
Column_42=3
Column_52=3
Column_59=3
Column_62=3
Column_82=3
Column_87=3
Column_98=3
Column_101=3
Column_105=3
Column_139=3
Column_146=3
Column_167=3
Column_20=2
Column_23=2
Column_25=2
Column_31=2
Column_36=2
Column_39=2
Column_45=2
Column_46=2
Column_48=2
Column_50=2
Column_53=2
Column_68=2
Column_74=2
Column_93=2
Column_95=2
Column_107=2
Column_127=2
Column_129=2
Column_137=2
Column_236=2
Column_305=2
Column_33=1
Column_34=1
Column_38=1
Column_47=1
Column_49=1
Column_54=1
Column_56=1
Column_57=1
Column_65=1
Column_70=1
Column_71=1
Column_97=1
Column_102=1
Column_132=1
Column_150=1
Column_152=1
Column_156=1
Column_168=1
Column_188=1
Column_225=1
Column_233=1
Column_240=1

parameters:
[boosting: gbdt]
[objective: binary]
[metric: binary_logloss]
[tree_learner: serial]
[device_type: cpu]
[data_sample_strategy: bagging]
[data: ]
[valid: ]
[num_iterations: 300]
[learning_rate: 0.1]
[num_leaves: 31]
[num_threads: 0]
[seed: 0]
[deterministic: 0]
[force_col_wise: 0]
[force_row_wise: 0]
[histogram_pool_size: -1]
[max_depth: -1]
[min_data_in_leaf: 20]
[min_sum_hessian_in_leaf: 0.001]
[bagging_fraction: 1]
[pos_bagging_fraction: 1]
[neg_bagging_fraction: 1]
[bagging_freq: 0]
[bagging_seed: 7719]
[bagging_by_query: 0]
[feature_fraction: 1]
[feature_fraction_bynode: 1]
[feature_fraction_seed: 2437]
[extra_trees: 0]
[extra_seed: 11797]
[early_stopping_round: 0]
[early_stopping_min_delta: 0]
[first_metric_only: 0]
[max_delta_step: 0]
[lambda_l1: 0]
[lambda_l2: 0]
[linear_lambda: 0]
[min_gain_to_split: 0]
[drop_rate: 0.1]
[max_drop: 50]
[skip_drop: 0.5]
[xgboost_dart_mode: 0]
[uniform_drop: 0]
[drop_seed: 21238]
[top_rate: 0.2]
[other_rate: 0.1]
[min_data_per_group: 100]
[max_cat_threshold: 32]
[cat_l2: 10]
[cat_smooth: 10]
[max_cat_to_onehot: 4]
[top_k: 20]
[monotone_constraints: ]
[monotone_constraints_method: basic]
[monotone_penalty: 0]
[feature_contri: ]
[forcedsplits_filename: ]
[refit_decay_rate: 0.9]
[cegb_tradeoff: 1]
[cegb_penalty_split: 0]
[cegb_penalty_feature_lazy: ]
[cegb_penalty_feature_coupled: ]
[path_smooth: 0]
[interaction_constraints: ]
[verbosity: -1]
[saved_feature_importance_type: 0]
[use_quantized_grad: 0]
[num_grad_quant_bins: 4]
[quant_train_renew_leaf: 0]
[stochastic_rounding: 1]
[linear_tree: 0]
[max_bin: 255]
[max_bin_by_feature: ]
[min_data_in_bin: 3]
[bin_construct_sample_cnt: 200000]
[data_random_seed: 38]
[is_enable_sparse: 1]
[enable_bundle: 1]
[use_missing: 1]
[zero_as_missing: 0]
[feature_pre_filter: 1]
[pre_partition: 0]
[two_round: 0]
[header: 0]
[label_column: ]
[weight_column: ]
[group_column: ]
[ignore_column: ]
[categorical_feature: ]
[forcedbins_filename: ]
[precise_float_parser: 0]
[parser_config_file: ]
[objective_seed: 8855]
[num_class: 1]
[is_unbalance: 0]
[scale_pos_weight: 1]
[sigmoid: 1]
[boost_from_average: 1]
[reg_sqrt: 0]
[alpha: 0.9]
[fair_c: 1]
[poisson_max_delta_step: 0.7]
[tweedie_variance_power: 1.5]
[lambdarank_truncation_level: 30]
[lambdarank_norm: 1]
[label_gain: ]
[lambdarank_position_bias_regularization: 0]
[eval_at: ]
[multi_error_top_k: 1]
[auc_mu_weights: ]
[num_machines: 1]
[local_listen_port: 12400]
[time_out: 120]
[machine_list_filename: ]
[machines: ]
[gpu_platform_id: -1]
[gpu_device_id: -1]
[gpu_device_id_list: ]
[gpu_use_dp: 0]
[num_gpu: 1]

end of parameters

pandas_categorical:null
