tree
version=v4
num_class=1
num_tree_per_iteration=1
label_index=0
max_feature_idx=567
objective=binary sigmoid:1
feature_names=Column_0 Column_1 Column_2 Column_3 Column_4 Column_5 Column_6 Column_7 Column_8 Column_9 Column_10 Column_11 Column_12 Column_13 Column_14 Column_15 Column_16 Column_17 Column_18 Column_19 Column_20 Column_21 Column_22 Column_23 Column_24 Column_25 Column_26 Column_27 Column_28 Column_29 Column_30 Column_31 Column_32 Column_33 Column_34 Column_35 Column_36 Column_37 Column_38 Column_39 Column_40 Column_41 Column_42 Column_43 Column_44 Column_45 Column_46 Column_47 Column_48 Column_49 Column_50 Column_51 Column_52 Column_53 Column_54 Column_55 Column_56 Column_57 Column_58 Column_59 Column_60 Column_61 Column_62 Column_63 Column_64 Column_65 Column_66 Column_67 Column_68 Column_69 Column_70 Column_71 Column_72 Column_73 Column_74 Column_75 Column_76 Column_77 Column_78 Column_79 Column_80 Column_81 Column_82 Column_83 Column_84 Column_85 Column_86 Column_87 Column_88 Column_89 Column_90 Column_91 Column_92 Column_93 Column_94 Column_95 Column_96 Column_97 Column_98 Column_99 Column_100 Column_101 Column_102 Column_103 Column_104 Column_105 Column_106 Column_107 Column_108 Column_109 Column_110 Column_111 Column_112 Column_113 Column_114 Column_115 Column_116 Column_117 Column_118 Column_119 Column_120 Column_121 Column_122 Column_123 Column_124 Column_125 Column_126 Column_127 Column_128 Column_129 Column_130 Column_131 Column_132 Column_133 Column_134 Column_135 Column_136 Column_137 Column_138 Column_139 Column_140 Column_141 Column_142 Column_143 Column_144 Column_145 Column_146 Column_147 Column_148 Column_149 Column_150 Column_151 Column_152 Column_153 Column_154 Column_155 Column_156 Column_157 Column_158 Column_159 Column_160 Column_161 Column_162 Column_163 Column_164 Column_165 Column_166 Column_167 Column_168 Column_169 Column_170 Column_171 Column_172 Column_173 Column_174 Column_175 Column_176 Column_177 Column_178 Column_179 Column_180 Column_181 Column_182 Column_183 Column_184 Column_185 Column_186 Column_187 Column_188 Column_189 Column_190 Column_191 Column_192 Column_193 Column_194 Column_195 Column_196 Column_197 Column_198 Column_199 Column_200 Column_201 Column_202 Column_203 Column_204 Column_205 Column_206 Column_207 Column_208 Column_209 Column_210 Column_211 Column_212 Column_213 Column_214 Column_215 Column_216 Column_217 Column_218 Column_219 Column_220 Column_221 Column_222 Column_223 Column_224 Column_225 Column_226 Column_227 Column_228 Column_229 Column_230 Column_231 Column_232 Column_233 Column_234 Column_235 Column_236 Column_237 Column_238 Column_239 Column_240 Column_241 Column_242 Column_243 Column_244 Column_245 Column_246 Column_247 Column_248 Column_249 Column_250 Column_251 Column_252 Column_253 Column_254 Column_255 Column_256 Column_257 Column_258 Column_259 Column_260 Column_261 Column_262 Column_263 Column_264 Column_265 Column_266 Column_267 Column_268 Column_269 Column_270 Column_271 Column_272 Column_273 Column_274 Column_275 Column_276 Column_277 Column_278 Column_279 Column_280 Column_281 Column_282 Column_283 Column_284 Column_285 Column_286 Column_287 Column_288 Column_289 Column_290 Column_291 Column_292 Column_293 Column_294 Column_295 Column_296 Column_297 Column_298 Column_299 Column_300 Column_301 Column_302 Column_303 Column_304 Column_305 Column_306 Column_307 Column_308 Column_309 Column_310 Column_311 Column_312 Column_313 Column_314 Column_315 Column_316 Column_317 Column_318 Column_319 Column_320 Column_321 Column_322 Column_323 Column_324 Column_325 Column_326 Column_327 Column_328 Column_329 Column_330 Column_331 Column_332 Column_333 Column_334 Column_335 Column_336 Column_337 Column_338 Column_339 Column_340 Column_341 Column_342 Column_343 Column_344 Column_345 Column_346 Column_347 Column_348 Column_349 Column_350 Column_351 Column_352 Column_353 Column_354 Column_355 Column_356 Column_357 Column_358 Column_359 Column_360 Column_361 Column_362 Column_363 Column_364 Column_365 Column_366 Column_367 Column_368 Column_369 Column_370 Column_371 Column_372 Column_373 Column_374 Column_375 Column_376 Column_377 Column_378 Column_379 Column_380 Column_381 Column_382 Column_383 Column_384 Column_385 Column_386 Column_387 Column_388 Column_389 Column_390 Column_391 Column_392 Column_393 Column_394 Column_395 Column_396 Column_397 Column_398 Column_399 Column_400 Column_401 Column_402 Column_403 Column_404 Column_405 Column_406 Column_407 Column_408 Column_409 Column_410 Column_411 Column_412 Column_413 Column_414 Column_415 Column_416 Column_417 Column_418 Column_419 Column_420 Column_421 Column_422 Column_423 Column_424 Column_425 Column_426 Column_427 Column_428 Column_429 Column_430 Column_431 Column_432 Column_433 Column_434 Column_435 Column_436 Column_437 Column_438 Column_439 Column_440 Column_441 Column_442 Column_443 Column_444 Column_445 Column_446 Column_447 Column_448 Column_449 Column_450 Column_451 Column_452 Column_453 Column_454 Column_455 Column_456 Column_457 Column_458 Column_459 Column_460 Column_461 Column_462 Column_463 Column_464 Column_465 Column_466 Column_467 Column_468 Column_469 Column_470 Column_471 Column_472 Column_473 Column_474 Column_475 Column_476 Column_477 Column_478 Column_479 Column_480 Column_481 Column_482 Column_483 Column_484 Column_485 Column_486 Column_487 Column_488 Column_489 Column_490 Column_491 Column_492 Column_493 Column_494 Column_495 Column_496 Column_497 Column_498 Column_499 Column_500 Column_501 Column_502 Column_503 Column_504 Column_505 Column_506 Column_507 Column_508 Column_509 Column_510 Column_511 Column_512 Column_513 Column_514 Column_515 Column_516 Column_517 Column_518 Column_519 Column_520 Column_521 Column_522 Column_523 Column_524 Column_525 Column_526 Column_527 Column_528 Column_529 Column_530 Column_531 Column_532 Column_533 Column_534 Column_535 Column_536 Column_537 Column_538 Column_539 Column_540 Column_541 Column_542 Column_543 Column_544 Column_545 Column_546 Column_547 Column_548 Column_549 Column_550 Column_551 Column_552 Column_553 Column_554 Column_555 Column_556 Column_557 Column_558 Column_559 Column_560 Column_561 Column_562 Column_563 Column_564 Column_565 Column_566 Column_567
feature_infos=[2.0013689994812012:17.993154525756836] [-0.7776256799697876:0.99923950433731079] none none none [0:1] [0:1] [0:1] [0:1] [0:1] [0:1] [0:1] [0:1] [0:1] [0:1] [0:1] [0:1] [0:1] [0:1] [0:1] [0:1] [0:1] [0:1] [0:1] [0:1] [0:1] [0:1] [0:1] [0:1] [0:1] [0:1] [0:1] [0:1] [0:1] [0:1] [0:1] [0:1] [0:1] [0:1] [0:1] [0:1] [0:1] [0:1] [0:1] [0:1] [0:1] [0:1] [0:1] [0:1] [0:1] [0:1] [0:1] [0:1] [0:1] [0:1] [0:1] [0:1] [0:1] [0:1] [0:1] [0:1] [0:1] [0:1] [0:1] [0:1] [0:1] [0:1] [0:1] [0:1] [0:1] [0:1] [0:1] [0:1] [0:1] [0:1] [0:1] [0:1] [0:1] [0:1] [0:1] [0:1] [0:1] [0:1] [0:1] [0:1] [0:1] [0:1] [0:1] [0:1] [0:1] [0:1] [0:1] [0:1] [0:1] [0:1] [0:1] [0:1] [0:1] [0:1] [0:1] [0:1] [0:1] [0:1] [0:1] [0:1] [0:1] [0:1] [0:1] [0:1] none none none none [0:1] [0:1] none [0:1] none [0:1] none none [0:1] none none none none [0:1] [0:1] [0:1] [0:1] [0:1] none [0:1] [0:1] [0:1] [0:1] none [0:1] [0:1] [0:1] [0:1] [0:1] [0:1] [0:1] [0:1] [0:1] [0:1] [0:1] [0:1] [0:1] [0:1] [0:1] [0:1] [0:1] [0:1] [0:1] [0:1] none none none none none none none none none none [0:1] [0:1] none none none none none [0:1] [0:1] [0:1] [0:1] [0:1] [0:1] [0:1] [0:1] [0:1] [0:1] [0:1] [0:1] [0:1] [0:1] [0:1] [0:1] [0:1] [0:1] [0:1] [0:1] [0:1] [0:1] [0:1] [0:1] [0:1] [0:1] [0:1] [0:1] none none [0:1] [0:1] [0:1] none [0:1] [0:1] [0:1] [0:1] [0:1] none [0:1] none none [0:1] none [0:1] [0:1] [0:1] [0:1] [0:1] [0:1] [0:1] [0:1] [0:1] [0:1] [0:1] [0:1] [0:1] [0:1] [0:1] [0:1] [0:1] [0:1] [0:1] [0:1] [0:1] [0:1] [0:1] [0:1] [0:1] none none none none none none none none none none none none none none none none none [0:1] [0:1] [0:1] [0:1] [0:1] [0:1] [0:1] [0:1] [0:1] [0:1] none [0:1] [0:1] [0:1] [0:1] none [0:1] [0:1] none none none [0:1] [0:1] none none none none none [0:1] [0:1] [0:1] [0:1] [0:1] [0:1] [0:1] none none none [0:1] none [0:1] [0:1] [0:1] none [0:1] [0:1] [0:1] [0:1] none none [0:1] [0:1] none none none none [0:1] [0:1] none none none [0:1] none none [0:1] [0:1] none none [0:1] [0:1] none none none none none none none none none none none none none none none none none none none none none none none none none none none none none none none none none none none none none none none none none none none none none none none none none none none none none none none none none none none none none none none none none none none none none none none none none none none none none none none none none none none none none none none none none none none none none none none none none none none none none none none none none none none none none none none none none none none none none none none none none none none none none none none none none none none none none none none none none none none none none none none none none none none none none none none none none none none none none none none none none none none none none none none none none none none none none none none none none none none none none none none none none none none none none none none none none none none none none none none none none none none none none none none none none none none none none none none none none none none none none none none none none none none none none none none none none none none none none
tree_sizes=3399 3404 3425 3431 3420 3440 3453 3452 3461 3457 3472 3461 3470 3470 3454 3479 3458 3451 3469 3496 3491 3474 3481 3489 3486 3475 3476 3496 3477 3495 3480 3471 3463 3478 3425 3488 3466

Tree=0
num_leaves=31
num_cat=0
split_feature=1 13 14 14 1 5 1 0 13 0 5 5 11 14 1 8 0 11 8 14 69 7 8 11 9 7 9 9 96 12
split_gain=1098.29 426.344 273.627 101.658 66.7076 61.2348 55.801 51.5216 50.892 49.9101 31.1252 27.2851 22.8404 21.7281 25.0517 18.6011 18.1637 15.1922 13.9518 13.0028 12.7191 17.9539 11.8937 11.7481 9.19018 8.58817 8.56281 8.20062 7.35175 7.30281
threshold=0.16662864387035373 1.0000000180025095e-35 1.0000000180025095e-35 1.0000000180025095e-35 0.57563310861587536 1.0000000180025095e-35 -0.19324663281440732 15.181382656097414 1.0000000180025095e-35 14.867898464202883 1.0000000180025095e-35 1.0000000180025095e-35 1.0000000180025095e-35 1.0000000180025095e-35 -0.011027454398572443 1.0000000180025095e-35 12.992471218109133 1.0000000180025095e-35 1.0000000180025095e-35 1.0000000180025095e-35 1.0000000180025095e-35 1.0000000180025095e-35 1.0000000180025095e-35 1.0000000180025095e-35 1.0000000180025095e-35 1.0000000180025095e-35 1.0000000180025095e-35 1.0000000180025095e-35 1.0000000180025095e-35 1.0000000180025095e-35
decision_type=2 2 2 2 2 2 2 2 2 2 2 2 2 2 2 2 2 2 2 2 2 2 2 2 2 2 2 2 2 2
left_child=6 2 5 4 11 -2 -1 10 19 -7 20 24 -6 -10 -15 -14 28 22 -9 -8 -4 26 -11 -12 29 -20 -22 -13 -5 -3
right_child=1 3 7 16 12 9 8 18 13 17 23 27 15 14 -16 -17 -18 -19 25 -21 21 -23 -24 -25 -26 -27 -28 -29 -30 -31
leaf_value=-1.2090142546203004 -1.1961056287988292 -1.129796273296227 -1.0668656115122159 -0.79006028067578349 -0.7624751080255634 -1.1383323535128211 -1.2128853858809141 -0.77067359724967432 -1.1176359415996449 -0.82580486143929255 -0.83692041758894808 -0.9410540551737584 -0.83830929475587124 -1.0836857641113002 -0.88837164687434089 -1.044171754830912 -0.70458113490735352 -1.0472195686138821 -0.95578515512478035 -1.1419611842930151 -1.1227376212363622 -0.80426526991426894 -1.0126051120787221 -0.97699793905425192 -0.9718554459804406 -0.79260989412884497 -0.93368850519824742 -0.81395549513122023 -0.94315849802390439 -1.0033779395819282
leaf_weight=335.26952537894249 80.517484441399574 12.068194389343263 27.907699525356293 15.085242986679079 29.227658286690712 37.524541929364204 62.038061782717705 19.987946957349777 43.558639124035835 9.6168424040079099 16.405201748013496 13.576718688011169 14.89667744934559 16.028070673346523 11.125366702675818 6.2226627320051184 42.99294251203537 10.936801165342331 9.4282768666744214 44.312901273369789 5.0912695080041868 5.2798350453376761 5.2798350453376779 9.428276866674425 12.44532546401024 4.9027039706706992 4.5255728960037231 8.108318105340004 3.9598762840032569 7.3540559560060492
leaf_count=1778 427 64 148 80 155 199 329 106 231 51 87 72 79 85 59 33 228 58 50 235 27 28 28 50 66 26 24 43 21 39
internal_value=-1.08723 -0.965839 -1.04917 -0.841887 -0.902368 -1.13823 -1.18503 -0.924704 -1.13962 -1.06469 -0.974725 -0.98006 -0.819729 -1.07387 -1.00366 -0.898965 -0.740595 -0.957721 -0.824662 -1.18333 -1.02704 -0.952429 -0.892013 -0.888044 -1.03894 -0.899962 -1.03377 -0.89353 -0.821893 -1.08193
internal_weight=925.103 412.77 246.832 165.938 103.9 143.876 512.333 102.957 177.063 63.358 68.6379 53.5526 50.347 70.7121 27.1534 21.1193 62.0381 25.8335 34.3189 106.351 42.8044 14.8967 14.8967 25.8335 31.8676 14.331 9.61684 21.685 19.0451 19.4223
internal_count=4906 2189 1309 880 551 763 2717 546 939 336 364 284 267 375 144 112 329 137 182 564 227 79 79 137 169 76 51 115 101 103
is_linear=0
shrinkage=1


Tree=1
num_leaves=31
num_cat=0
split_feature=1 13 14 14 5 1 13 0 0 0 5 11 14 1 8 8 9 14 5 79 0 9 21 11 0 68 9 0 9 11
split_gain=877.859 284.503 205.861 57.8019 53.236 52.226 44.2678 41.893 38.3509 34.1068 18.1304 17.3702 16.9444 17.5934 16.8349 15.7109 12.9607 12.2707 11.4173 10.4972 9.52575 9.45625 8.62181 8.07621 9.47975 10.2293 7.81642 7.75336 7.09085 8.52083
threshold=0.16662864387035373 1.0000000180025095e-35 1.0000000180025095e-35 1.0000000180025095e-35 1.0000000180025095e-35 -0.19324663281440732 1.0000000180025095e-35 13.661875724792482 14.867898464202883 13.211498737335207 1.0000000180025095e-35 1.0000000180025095e-35 1.0000000180025095e-35 -0.011027454398572443 1.0000000180025095e-35 1.0000000180025095e-35 1.0000000180025095e-35 1.0000000180025095e-35 1.0000000180025095e-35 1.0000000180025095e-35 12.992471218109133 1.0000000180025095e-35 1.0000000180025095e-35 1.0000000180025095e-35 16.041068077087406 1.0000000180025095e-35 1.0000000180025095e-35 17.006159782409672 1.0000000180025095e-35 1.0000000180025095e-35
decision_type=2 2 2 2 2 2 2 2 2 2 2 2 2 2 2 2 2 2 2 2 2 2 2 2 2 2 2 2 2 2
left_child=5 2 4 7 -2 -1 17 10 -6 19 26 -9 -8 -14 23 -13 -10 -7 27 22 -5 -12 28 -11 25 -25 -3 -16 -4 -30
right_child=1 3 9 20 8 6 12 11 16 14 21 15 13 -15 18 -17 -18 -19 -20 -21 -22 -23 -24 24 -26 -27 -28 -29 29 -31
leaf_value=-0.11714121243029148 -0.10396256405027887 -0.019640952987377017 0.032657826083307966 0.21081411172289527 -0.047261785709984933 -0.1211312041436977 -0.027809048982222268 0.245844110386745 0.047118639160332397 0.26200735766027511 0.096443993955506957 0.19334600855771047 0.0031839428398634084 0.16254924057312653 0.047913636723952178 0.029042089288065676 0.18532552926823853 -0.050717764649691556 0.22406638535515255 0.2048305288060952 0.29041223473980676 0.23676431689721109 -0.057125259975143977 0.011740391910312689 0.25832311576780226 0.22203385991082977 0.090399423391218925 0.20277453900104223 0.19461351611032662 0.03491145261348412
leaf_weight=314.7642627954483 76.119755387306213 15.718083113431931 19.957189306616783 21.413188904523849 36.568035840988159 58.121944427490234 42.899570614099503 39.11661596596241 15.113176509737968 22.411664292216301 12.31602303683758 18.445308536291122 16.056218296289448 12.183808222413061 15.55261261761189 8.5024079382419604 12.313732668757439 43.102667555212975 7.6576685756444922 4.9591879248619071 50.472464561462402 7.8724762201309195 6.2666806578636161 5.2679781317710894 6.9205307960510245 4.1238240450620651 10.953504666686058 4.0814364701509467 7.7989168018102628 5.8445560038089752
leaf_count=1778 427 83 101 101 199 329 231 183 76 106 61 88 85 59 78 44 61 235 37 25 228 37 32 26 32 20 55 20 39 30
internal_value=-0.000666531 0.102451 0.0331113 0.196608 -0.0474448 -0.0929113 -0.0486636 0.151987 0.0197811 0.134942 0.079667 0.203284 0.011788 0.0719401 0.180652 0.141506 0.109169 -0.0911483 0.120499 0.0676247 0.266702 0.151162 0.0505574 0.223046 0.169517 0.104078 0.0255505 0.0801054 0.0706407 0.126201
internal_weight=922.895 435.767 250.957 184.81 140.115 487.128 172.364 112.924 63.9949 110.842 46.8601 66.0643 71.1396 28.24 66.0157 26.9477 27.4269 101.225 27.2917 44.8265 71.8857 20.1885 39.8673 38.724 16.3123 9.3918 26.6716 19.634 33.6007 13.6435
internal_count=4906 2189 1309 880 763 2717 939 551 336 546 236 315 375 144 319 132 137 564 135 227 329 98 202 184 78 46 138 98 170 69
is_linear=0
shrinkage=0.1


Tree=2
num_leaves=31
num_cat=0
split_feature=1 13 14 1 5 14 13 0 0 1 5 8 14 1 14 23 11 45 11 9 9 70 8 0 0 9 0 0 9 11
split_gain=716.31 205.418 159.179 49.0278 46.428 39.7732 38.5598 30.0557 29.9619 25.6862 16.2095 15.3543 13.3748 12.9102 11.6605 9.99889 11.8539 10.0025 9.95532 9.26611 8.7571 11.3547 8.04481 7.1307 6.23833 6.08477 9.72939 6.06149 7.4296 5.96554
threshold=0.16662864387035373 1.0000000180025095e-35 1.0000000180025095e-35 -0.19324663281440732 1.0000000180025095e-35 1.0000000180025095e-35 1.0000000180025095e-35 14.29021215438843 14.867898464202883 0.62826070189476024 1.0000000180025095e-35 1.0000000180025095e-35 1.0000000180025095e-35 -0.011027454398572443 1.0000000180025095e-35 1.0000000180025095e-35 1.0000000180025095e-35 1.0000000180025095e-35 1.0000000180025095e-35 1.0000000180025095e-35 1.0000000180025095e-35 1.0000000180025095e-35 1.0000000180025095e-35 14.351813793182375 13.661875724792482 1.0000000180025095e-35 14.867898464202883 12.581793308258058 1.0000000180025095e-35 1.0000000180025095e-35
decision_type=2 2 2 2 2 2 2 2 2 2 2 2 2 2 2 2 2 2 2 2 2 2 2 2 2 2 2 2 2 2
left_child=3 2 4 -1 25 7 14 11 27 10 20 19 -8 -14 -5 -10 17 -17 -9 24 -4 -22 -11 -7 -3 -2 -27 -6 -29 -12
right_child=1 5 9 6 8 23 12 18 15 22 29 -13 13 -15 -16 16 -18 -19 -20 -21 21 -23 -24 -25 -26 26 -28 28 -30 -31
leaf_value=-0.11297922720827198 -0.127251318237005 0.056844832090081669 -0.0021711311732560854 -0.11713246822904846 -0.088113668659576608 0.19069901915551354 -0.025407146201225968 0.21531584912382257 0.2359210877559087 0.20568994458420128 0.16992594300215852 0.021552738391456699 0.0028608084621018041 0.13696867908203006 -0.046946811590675583 0.062063368635941453 -0.016008691016918011 0.23265562124718639 0.1303104546777136 0.18901762579078327 0.010674542639955285 0.17351698742059507 0.1223842877561797 0.25131126272505927 0.18524857415664389 -0.11263969529844789 -0.0040622695599015456 -0.05449015866467858 0.07352386059618464 0.071504370873750597
leaf_weight=294.75976830720901 37.529072999954224 17.914154350757602 24.278874963521957 54.293316766619682 16.492789208889008 38.589021116495132 42.292802408337593 34.402886554598808 4.2124284654855755 28.095852106809616 17.774805888533592 25.631863683462143 16.081480607390407 12.966017633676527 41.969483345746994 9.1669152826070768 9.8038510978221893 5.4988408535718927 22.979966789484024 13.321016758680342 8.6586307287216187 8.4711920619010925 19.734649002552032 39.051251843571663 4.7968042194843283 20.531600475311279 13.799928188323973 11.831783562898638 7.3500473648309699 9.4233066290617007
leaf_count=1778 223 90 123 329 92 166 231 147 20 122 80 125 85 59 235 43 49 25 106 61 43 40 92 163 22 122 82 66 41 46
internal_value=-0.00104277 0.0888711 0.0292149 -0.0884244 -0.0441705 0.165503 -0.0452404 0.129187 0.0175206 0.115067 0.0758499 0.0807162 0.0104766 0.0627229 -0.0865323 0.0936168 0.0691192 0.126026 0.181274 0.122803 0.0364564 0.0912048 0.171318 0.221186 0.0839651 -0.0994197 -0.0689958 -0.0436599 -0.00543806 0.135826
internal_weight=911.704 449.342 252.655 462.363 136.217 196.687 167.603 119.047 64.3567 116.437 68.6068 61.6638 71.3403 29.0475 96.2628 28.682 24.4696 14.6658 57.3829 36.032 41.4087 17.1298 47.8305 77.6403 22.711 71.8606 34.3315 35.6746 19.1818 27.1981
internal_count=4906 2189 1309 2717 763 880 939 551 336 546 332 298 375 144 564 137 117 68 253 173 206 83 214 329 112 427 204 199 107 126
is_linear=0
shrinkage=0.1


Tree=3
num_leaves=31
num_cat=0
split_feature=1 13 14 5 1 14 0 0 1 13 5 11 7 14 9 5 0 8 5 14 0 94 5 8 1 5 0 6 11 9
split_gain=594.842 166.463 129.041 40.3347 34.6798 32.6113 26.1717 25.3475 24.879 24.8056 11.6847 10.8697 9.00255 8.53094 8.4251 8.26266 7.57686 7.40412 7.85868 7.30342 6.9184 7.56243 6.88495 7.05667 6.79441 6.48963 6.39557 7.69151 6.23471 5.86237
threshold=0.12160620465874673 1.0000000180025095e-35 1.0000000180025095e-35 1.0000000180025095e-35 -0.19324663281440732 1.0000000180025095e-35 14.867898464202883 12.581793308258058 0.57563310861587536 1.0000000180025095e-35 1.0000000180025095e-35 1.0000000180025095e-35 1.0000000180025095e-35 1.0000000180025095e-35 1.0000000180025095e-35 1.0000000180025095e-35 15.132101058959963 1.0000000180025095e-35 1.0000000180025095e-35 1.0000000180025095e-35 12.992471218109133 1.0000000180025095e-35 1.0000000180025095e-35 1.0000000180025095e-35 -0.011027454398572443 1.0000000180025095e-35 12.412046909332277 1.0000000180025095e-35 1.0000000180025095e-35 1.0000000180025095e-35
decision_type=2 2 2 2 2 2 2 2 2 2 2 2 2 2 2 2 2 2 2 2 2 2 2 2 2 2 2 2 2 2
left_child=4 2 3 29 -1 8 26 15 10 19 28 17 -8 25 22 -4 -13 -9 -19 -6 21 -7 23 -10 -15 -11 -5 -28 -3 -2
right_child=1 5 7 6 9 20 12 11 14 13 -12 16 -14 24 -16 -17 -18 18 -20 -21 -22 -23 -24 -25 -26 -27 27 -29 -30 -31
leaf_value=-0.10919320193710953 -0.1239513601084592 0.064274219945122321 -0.006813825474219333 -0.091108154566392943 -0.11221920034787061 0.17295809128672079 0.029956472420969483 0.18710149830289943 0.13540998098666604 -0.065119287249863086 0.11428830636476639 0.031481952458887755 0.1406011399964385 0.0025709008576677733 0.20262203092564013 0.086669262757174778 0.12601603846559226 0.069465202248774213 0.19212109405479413 -0.051018123284732389 0.20916080981808191 0.038246491324566242 0.18200067025918504 0.027463971875207896 0.10794323878713026 0.021926159788228428 -0.053460549152783733 0.074725845094151436 -0.018566718927506741 -0.066720353981233715
leaf_weight=275.48047482967377 37.725192159414291 21.311077475547791 24.638755291700363 16.519590109586716 44.599488079547882 22.715585231781009 15.806886196136475 29.426191881299019 16.522443041205406 22.764877259731293 28.253691270947456 16.100517928600311 13.750852808356285 16.104161590337757 22.674064606428146 15.342227220535277 17.909165099263191 15.229717820882799 7.9506173133850089 34.645973473787308 56.52979151904583 5.1035273671150199 14.393890932202337 9.5600877255201357 9.8694372326135618 13.731195807456968 13.006645500659944 7.3125508129596701 15.835988238453863 34.055366724729538
leaf_count=1778 242 104 127 98 290 95 74 124 69 126 129 78 63 85 95 72 76 71 34 199 228 22 61 42 43 76 73 41 80 211
internal_value=-0.00127386 0.0749208 0.0219859 -0.0448363 -0.0885141 0.140754 0.0113399 0.0949202 0.109051 -0.048316 0.0658218 0.125321 0.0814306 -0.00119448 0.15382 0.0290592 0.0812627 0.153804 0.111535 -0.0854622 0.18907 0.148245 0.126483 0.0958443 0.0426102 -0.0323695 -0.0448977 -0.00732833 0.0289587 -0.0967988
internal_weight=894.87 477.674 264.774 138.177 417.196 212.9 66.3965 126.597 128.551 141.715 65.4008 86.6162 29.5577 62.4697 63.1505 39.981 34.0097 52.6065 23.1803 79.2455 84.3489 27.8191 40.4764 26.0825 25.9736 36.4961 36.8388 20.3192 37.1471 71.7806
internal_count=4906 2309 1384 802 2597 925 349 582 580 819 313 383 137 330 267 199 154 229 105 489 345 117 172 111 128 202 212 114 184 453
is_linear=0
shrinkage=0.1


Tree=4
num_leaves=31
num_cat=0
split_feature=1 13 14 5 0 14 13 0 0 0 9 5 11 8 5 7 69 9 9 14 14 0 0 94 9 0 0 6 5 0
split_gain=496.889 129.536 103.47 35.4347 32.9641 26.8576 23.4182 20.9538 20.0201 19.5732 9.4002 11.7101 9.38689 8.59833 8.34157 7.76241 11.5922 7.45984 7.0265 6.48722 6.27809 6.22455 6.11827 5.77978 5.77656 9.59027 5.6518 6.18551 5.46927 5.12415
threshold=0.12160620465874673 1.0000000180025095e-35 1.0000000180025095e-35 1.0000000180025095e-35 7.1540040969848642 1.0000000180025095e-35 1.0000000180025095e-35 14.867898464202883 13.661875724792482 12.412046909332277 1.0000000180025095e-35 1.0000000180025095e-35 1.0000000180025095e-35 1.0000000180025095e-35 1.0000000180025095e-35 1.0000000180025095e-35 1.0000000180025095e-35 1.0000000180025095e-35 1.0000000180025095e-35 1.0000000180025095e-35 1.0000000180025095e-35 8.3682408332824725 12.992471218109133 1.0000000180025095e-35 1.0000000180025095e-35 14.867898464202883 12.412046909332277 1.0000000180025095e-35 1.0000000180025095e-35 14.109513759613039
decision_type=2 2 2 2 2 2 2 2 2 2 2 2 2 2 2 2 2 2 2 2 2 2 2 2 2 2 2 2 2 2
left_child=4 2 3 24 -1 8 19 26 14 28 11 15 -10 -14 -3 -11 -17 -9 -16 -6 -8 -22 23 -7 -2 -26 -5 -28 -4 -13
right_child=1 5 9 7 6 22 20 17 12 10 -12 29 13 -15 18 16 -18 -19 -20 -21 21 -23 -24 -25 25 -27 27 -29 -30 -31
leaf_value=-0.10622509596559292 -0.1211592155764854 0.015543220730641455 -0.0062618039297077299 -0.086734184125978053 -0.10915398440461746 0.15105267872203829 -0.02754101398463495 0.025158329007611835 0.15842459074378804 0.0072556253543157164 0.15188773430998714 0.081721795043332102 0.12164658066640842 0.006322932981166771 0.051264730758420946 0.0036134151419213584 0.18365743732186438 0.12460358138284733 0.15961752727678805 -0.051229868754095867 -0.025424896311855152 0.074189984763054426 0.18664615003512142 0.034062944263305799 -0.10731991245483477 0.0029939067377729189 -0.049613637046258395 0.064544420672083894 0.072910437768880509 0.1746568265392108
leaf_weight=252.73986494541168 34.88108029961586 30.812393113970757 23.800262123346329 15.662435114383696 42.389187335968018 23.368398442864422 37.171549826860428 16.271851435303688 44.936701476573944 20.179521843791008 32.289059177041054 9.8959773927927035 21.263748779892921 9.2895827442407626 15.513402834534645 6.4631682783365223 8.00568787753582 14.062305733561518 9.7441251277923584 35.550133571028709 10.153593480587007 16.411755710840225 56.977334707975388 5.1544147133827201 19.466202288866043 13.241629600524901 12.633707299828531 7.6026194393634787 13.775591835379599 14.814346715807913
leaf_count=1748 242 153 123 98 296 95 211 76 183 92 136 43 88 44 71 30 34 61 41 212 54 76 228 22 129 82 73 41 63 61
internal_value=-0.00141617 0.0669047 0.0197201 -0.041911 -0.0845802 0.124086 -0.0459674 0.0100708 0.0957284 0.0835442 0.108465 0.0848438 0.129348 0.086583 0.0504646 0.0473348 0.103233 0.0712591 0.0930663 -0.0827333 -0.00100897 0.036116 0.167719 0.129911 -0.09285 -0.0626598 -0.0416328 -0.00672541 0.0227633 0.137438
internal_weight=874.522 480.106 263.045 133.822 394.416 217.06 141.676 66.2329 131.56 129.224 91.6478 59.3587 75.49 30.5533 56.0699 34.6484 14.4689 30.3342 25.2575 77.9393 63.7369 26.5653 85.5001 28.5228 67.5889 32.7078 35.8988 20.2363 37.5759 24.7103
internal_count=4906 2309 1384 802 2597 925 849 349 580 582 396 260 315 132 265 156 64 137 112 508 341 130 345 117 453 211 212 114 186 104
is_linear=0
shrinkage=0.1


Tree=5
num_leaves=31
num_cat=0
split_feature=1 13 14 0 5 14 13 0 0 1 11 8 5 9 53 11 21 14 7 174 67 5 15 0 9 0 7 26 9 70
split_gain=417.304 103.228 83.6075 31.3949 31.1846 22.9435 20.6774 17.6372 16.2776 15.8602 11.3894 10.9604 10.0069 8.95548 10.3682 6.7337 6.38844 6.29935 6.23147 6.00016 5.97482 6.44653 6.14894 5.84679 5.69123 8.71019 5.54513 5.45073 5.40031 6.81489
threshold=0.12160620465874673 1.0000000180025095e-35 1.0000000180025095e-35 7.1540040969848642 1.0000000180025095e-35 1.0000000180025095e-35 1.0000000180025095e-35 15.260780334472658 14.29021215438843 0.62826070189476024 1.0000000180025095e-35 1.0000000180025095e-35 1.0000000180025095e-35 1.0000000180025095e-35 1.0000000180025095e-35 1.0000000180025095e-35 1.0000000180025095e-35 1.0000000180025095e-35 1.0000000180025095e-35 1.0000000180025095e-35 1.0000000180025095e-35 1.0000000180025095e-35 1.0000000180025095e-35 14.351813793182375 1.0000000180025095e-35 14.867898464202883 1.0000000180025095e-35 1.0000000180025095e-35 1.0000000180025095e-35 1.0000000180025095e-35
decision_type=2 2 2 2 2 2 2 2 2 2 2 2 2 2 2 2 2 2 2 2 2 2 2 2 2 2 2 2 2 2
left_child=3 2 4 -1 24 8 17 13 11 12 26 -3 16 -6 27 -10 28 -5 19 -11 21 -13 -22 -7 -2 -26 -9 -15 -4 -30
right_child=1 5 9 6 7 23 -8 10 15 18 -12 20 -14 14 -16 -17 -18 -19 -20 -21 22 -23 -24 -25 25 -27 -28 -29 29 -31
leaf_value=-0.10298314732413281 -0.11874482214254818 0.085083471590998452 -6.1870773857262032e-05 -0.10609429082229085 -0.072263616628385194 0.12674305128736565 -0.00095002922136717223 0.075625107181055945 0.14987539129431682 0.1107853301239537 -0.0077795631987681302 -0.093793203960097035 0.0888172243648193 0.03105499829660472 0.10232248374030216 0.082754649273804701 -0.071012545088740664 -0.047578018086510021 0.16864307137895962 -0.0049092679840868 0.10372322263107976 0.041838850901026334 -0.029275979062911985 0.1792193806866299 -0.10390147212151229 0.0026894517330460811 0.20019959541430518 -0.11153130242430374 0.014995011763443901 0.14130043929860495
leaf_weight=235.51860874891281 32.17027460038662 42.096293687820435 22.63510337471962 39.404738366603851 22.812986925244331 44.995483785867691 63.444538876414299 7.6302008032798767 36.714440122246742 30.48333041369915 9.3707918971776962 8.8039683103561384 32.212343454360962 5.0220481604337692 8.5694518536329269 25.209267139434814 7.092464253306388 34.507071077823639 16.135131731629372 5.2555029094219199 8.730693042278288 5.821444734930993 5.775875613093377 40.202132448554039 18.163501009345058 13.265220731496809 6.7201898843050003 5.7513863295316696 9.0928171724081039 8.0570763200521469
leaf_count=1748 242 190 113 296 135 182 341 33 147 126 44 44 139 31 43 106 36 212 66 22 41 25 27 163 129 82 28 35 46 34
internal_value=-0.00150366 0.0602697 0.0177541 -0.0808237 -0.0392295 0.110981 -0.0428278 0.00899117 0.0850514 0.0740904 0.0779689 0.0524509 0.045907 -0.0298227 0.0202321 0.12255 0.0164207 -0.0787749 0.11706 0.0937721 0.00529629 -0.0398067 0.0507688 0.151505 -0.0891774 -0.0589123 0.133962 -0.0450645 0.0320074 0.0743337
internal_weight=851.664 478.789 260.44 372.875 129.476 218.35 137.356 65.8771 133.152 130.964 23.7212 71.2283 79.0898 42.1559 19.3429 61.9237 46.8775 73.9118 51.874 35.7388 29.132 14.6254 14.5066 85.1976 63.599 31.4287 14.3504 10.7734 39.785 17.1499
internal_count=4906 2309 1384 2597 802 925 849 349 580 582 105 327 368 244 109 253 229 508 214 148 137 69 68 345 453 211 61 66 193 80
is_linear=0
shrinkage=0.1


Tree=6
num_leaves=31
num_cat=0
split_feature=1 13 14 1 5 14 13 0 0 0 9 11 8 9 8 14 11 16 11 0 8 0 14 84 9 0 5 13 0 8
split_gain=351.323 83.173 67.9765 30.0673 27.4155 20.1726 16.8767 14.7951 13.993 13.222 10.3889 9.12258 8.0209 7.03849 6.82256 6.68081 6.37867 6.9717 6.04144 6.01867 6.00296 5.85923 5.67093 6.22077 5.61776 7.91398 5.23016 5.18139 6.63493 5.14411
threshold=0.12160620465874673 1.0000000180025095e-35 1.0000000180025095e-35 -0.19324663281440732 1.0000000180025095e-35 1.0000000180025095e-35 1.0000000180025095e-35 12.581793308258058 13.661875724792482 12.123203277587892 1.0000000180025095e-35 1.0000000180025095e-35 1.0000000180025095e-35 1.0000000180025095e-35 1.0000000180025095e-35 1.0000000180025095e-35 1.0000000180025095e-35 1.0000000180025095e-35 1.0000000180025095e-35 15.132101058959963 1.0000000180025095e-35 12.992471218109133 1.0000000180025095e-35 1.0000000180025095e-35 1.0000000180025095e-35 14.867898464202883 1.0000000180025095e-35 1.0000000180025095e-35 5.5947980880737314 1.0000000180025095e-35
decision_type=2 2 2 2 2 2 2 2 2 2 2 2 2 2 2 2 2 2 2 2 2 2 2 2 2 2 2 2 2 2
left_child=3 2 4 27 24 8 15 -6 13 20 16 26 -12 -3 -10 -5 17 -9 -16 -13 -4 -7 23 -8 -2 -26 29 -1 -29 -11
right_child=1 5 9 6 7 21 22 10 14 11 12 19 -14 -15 18 -17 -18 -19 -20 -21 -22 -23 -24 -25 25 -27 -28 28 -30 -31
leaf_value=-0.11144362861062179 -0.11664605970577475 0.0090526211196871129 0.037888148558819862 -0.10293797068984692 -0.077227848742078289 0.10207041727688521 -0.041229305762264273 0.096181893669216312 0.12803427057684996 0.12011700247134663 0.12490769992033664 0.0063661011802850984 -0.0052502311440279044 0.079872386302740378 0.097165525489543006 -0.039961257331292792 -0.060775779849695712 -0.039644173774369525 0.000688360963579061 0.086298707590649282 -0.056837924020132394 0.15759672655343759 0.033869928368708675 0.099211832990920845 -0.10068624694359776 0.0024164299771233643 0.14580052374834393 -0.097727093792545711 -0.036315978439198475 0.045629669497877015
leaf_weight=137.2550867497921 29.605595797300339 33.515212222933769 24.566912308335304 35.844375565648079 15.523948669433592 29.048313990235329 31.818900734186172 8.5671305656433088 46.34560714662075 19.901499196887016 15.528021723031999 18.998659834265709 6.8114216625690451 24.142848253250122 20.709344819188118 31.77968741953373 12.135056793689728 6.7614207416772851 9.4536474496126193 18.684121146798134 9.1935790479183179 54.959129095077515 26.534327059984207 3.5009779334068289 16.932958096265796 13.286416947841643 23.322173461318016 61.475895941257477 24.646353557705879 17.35775251686573
leaf_count=1093 242 159 120 290 105 117 182 42 187 83 70 87 32 106 84 199 65 35 44 76 46 228 128 20 129 82 94 490 195 76
internal_value=-0.00156032 0.0545542 0.0160268 -0.0771552 -0.0367779 0.0999691 -0.0388136 0.00801141 0.0759079 0.0660826 0.0345811 0.0846319 0.0852218 0.0387066 0.103943 -0.0733423 -0.00661114 0.036269 0.0669278 0.0459988 0.0120926 0.138397 -0.00106407 -0.0273085 -0.0856864 -0.0553556 0.108662 -0.0993795 -0.0801525 0.085416
internal_weight=828.206 475.351 257.177 352.856 125.152 218.174 129.478 65.327 134.167 132.025 49.8031 98.2642 22.3394 57.6581 76.5086 67.6241 27.4636 15.3286 30.163 37.6828 33.7605 84.0074 61.8542 35.3199 59.825 30.2194 60.5814 223.377 86.1222 37.2593
internal_count=4906 2309 1384 2597 802 925 819 349 580 582 244 416 102 265 315 489 142 77 128 163 166 345 330 202 453 211 253 1778 685 159
is_linear=0
shrinkage=0.1


Tree=7
num_leaves=31
num_cat=0
split_feature=1 13 14 0 5 14 13 0 0 0 8 11 67 11 69 9 53 14 0 9 0 82 0 8 1 62 26 8 7 9
split_gain=296.701 67.8212 55.5327 28.6316 24.1129 18.0534 16.1563 12.9662 11.8002 11.5035 7.94012 7.75205 9.16489 7.59412 6.87191 6.81232 6.96018 5.91455 5.80001 5.55036 7.18895 5.27956 5.63695 5.21241 5.10719 5.84759 4.91434 4.84309 4.83437 4.79869
threshold=0.12160620465874673 1.0000000180025095e-35 1.0000000180025095e-35 7.1540040969848642 1.0000000180025095e-35 1.0000000180025095e-35 1.0000000180025095e-35 15.260780334472658 13.211498737335207 13.661875724792482 1.0000000180025095e-35 1.0000000180025095e-35 1.0000000180025095e-35 1.0000000180025095e-35 1.0000000180025095e-35 1.0000000180025095e-35 1.0000000180025095e-35 1.0000000180025095e-35 14.351813793182375 1.0000000180025095e-35 14.867898464202883 1.0000000180025095e-35 10.965092182159426 1.0000000180025095e-35 -0.052095215767621987 1.0000000180025095e-35 1.0000000180025095e-35 1.0000000180025095e-35 1.0000000180025095e-35 1.0000000180025095e-35
decision_type=2 2 2 2 2 2 2 2 2 2 2 2 2 2 2 2 2 2 2 2 2 2 2 2 2 2 2 2 2 2
left_child=3 2 4 -1 19 8 17 15 -3 21 -11 23 14 -9 -13 -6 26 -5 -7 -2 -21 -4 -23 -10 25 -8 -17 -19 -22 -12
right_child=1 5 9 6 7 18 24 13 11 10 29 12 -14 -15 -16 16 -18 27 -20 20 28 22 -24 -25 -26 -27 -28 -29 -30 -31
leaf_value=-0.097008779686442462 -0.11481334974991433 0.030324005175214927 0.015277445966910136 -0.10051571272508891 -0.066028794543293384 0.10321321929131702 0.018436969770791671 0.11008020146126588 0.14708824283780422 0.11744737074739711 0.018058858971979938 0.076071829723659237 0.11026145524100711 -0.0055688415821825692 -0.047078706216524935 0.030615253108860159 0.079376478076996368 -0.013785673724438209 0.15656581532720981 -0.097625862719253553 -0.048559538482208203 0.0037185827227412902 0.14452004981945521 0.081591380025271276 0.026300389840527717 -0.070388979446427011 -0.10763141170099577 -0.095602826175516367 0.073791804753870094 0.10249002180170248
leaf_weight=204.17196381092072 27.193838283419609 51.123562172055244 52.45530192553997 33.963638409972191 21.41522042453289 44.461151614785194 13.414881870150568 14.734852537512779 26.396489918231964 38.927960693836212 18.689328864216805 8.0623056292533875 16.041985303163528 9.2376384288072586 10.345305562019348 4.9920727908611298 9.1201344728469849 21.824853956699371 37.613847315311432 15.777329683303835 7.7885634899139387 4.6925135105848295 7.2153874486684799 22.514065191149712 33.20511569082737 16.560669139027596 5.3025650233030319 10.822615951299666 5.5168991386890411 10.521100148558618
leaf_count=1748 242 233 245 296 135 182 76 61 108 160 80 34 67 44 45 31 43 141 163 129 48 23 31 93 172 93 35 71 34 43
internal_value=-0.00159135 0.0496051 0.0145058 -0.0736635 -0.0344486 0.0907049 -0.0369397 0.00713841 0.0681489 0.0592401 0.0878771 0.0913464 0.0550103 0.0655156 0.0068597 -0.0271366 0.015763 -0.0713008 0.127664 -0.0823361 -0.0519683 0.0289234 0.0890348 0.116939 -0.000713056 -0.0306369 -0.0405929 -0.040908 0.00217151 0.0484695
internal_weight=804.103 470.139 253.581 333.964 121.079 216.559 129.792 64.8025 134.484 132.502 68.1384 83.3602 34.4496 23.9725 18.4076 40.83 19.4148 66.6111 82.075 56.2766 29.0828 64.3632 11.9079 48.9106 63.1807 29.9756 10.2946 32.6475 13.3055 29.2104
internal_count=4906 2309 1384 2597 802 925 849 349 580 582 283 347 146 105 79 244 109 508 345 453 211 299 54 201 341 169 66 212 82 123
is_linear=0
shrinkage=0.1


Tree=8
num_leaves=31
num_cat=0
split_feature=1 13 14 5 14 1 13 0 0 0 21 9 8 69 5 9 14 7 11 0 8 8 9 0 139 82 0 8 16 12
split_gain=251.53 58.0885 45.1239 23.7904 20.8819 20.2885 16.9224 14.5667 12.6587 10.2166 7.57704 7.18184 7.91349 6.988 6.69907 8.72758 6.45513 6.39727 6.20167 5.55419 5.25545 5.22719 5.17592 7.17019 5.16819 5.16454 4.83454 4.81291 6.58627 7.89111
threshold=0.050117878243327148 1.0000000180025095e-35 1.0000000180025095e-35 1.0000000180025095e-35 1.0000000180025095e-35 -0.28800669312477106 1.0000000180025095e-35 13.211498737335207 12.123203277587892 15.260780334472658 1.0000000180025095e-35 1.0000000180025095e-35 1.0000000180025095e-35 1.0000000180025095e-35 1.0000000180025095e-35 1.0000000180025095e-35 1.0000000180025095e-35 1.0000000180025095e-35 1.0000000180025095e-35 14.351813793182375 1.0000000180025095e-35 1.0000000180025095e-35 1.0000000180025095e-35 14.867898464202883 1.0000000180025095e-35 1.0000000180025095e-35 14.351813793182375 1.0000000180025095e-35 1.0000000180025095e-35 1.0000000180025095e-35
decision_type=2 2 2 2 2 2 2 2 2 2 2 2 2 2 2 2 2 2 2 2 2 2 2 2 2 2 2 2 2 2
left_child=5 2 3 22 7 -1 16 24 20 11 18 -5 -13 -9 15 21 -7 -11 -10 -6 25 -15 -2 -24 27 -4 -12 -3 29 -29
right_child=1 4 8 9 19 6 -8 13 10 17 26 12 -14 14 -16 -17 -18 -19 -20 -21 -22 -23 23 -25 -26 -27 -28 28 -30 -31
leaf_value=-0.098455892332214787 -0.11324739278684702 0.052704963748741167 0.0052541579944859612 -0.061908672104162489 0.096502395632369536 -0.11383503855674562 -0.0076600224069065873 0.11977395684748947 0.099611653366051114 0.013158439249712743 -0.068045343401736402 0.061875235088689223 -0.065566509857785407 0.031612305812612908 0.1126356816536204 0.097994947713979097 -0.049230478846551115 0.11700544095785409 0.044543476496931349 0.14836802384141098 -0.056691031952949202 -0.07211186747410922 -0.096774222412613048 0.0018441394429087208 -0.062205637339632538 0.1143240471994743 0.060625360428555208 -0.029131936896993005 -0.083544312466934029 0.13468868347437157
leaf_weight=165.84710384905338 26.853082828223705 31.940152615308762 25.112316444516185 22.506084412336349 48.753267839550972 31.174199528992176 61.33354689180851 31.524988025426865 54.075503021478653 13.554471805691719 6.1450394392013532 14.373958021402361 7.3710165172815314 13.922237336635591 16.424405142664909 13.548848181962965 30.693591974675655 10.548676982522011 32.888784423470497 35.815031349658966 10.953928023576735 7.4629955738782874 16.506682448089126 13.323088824748991 7.1195240318775168 5.2486906796693793 5.5641340017318726 7.5054710507392901 7.5475324690341941 4.8342314958572388
leaf_count=1529 260 146 129 153 202 292 371 131 225 60 28 86 45 58 68 57 221 45 140 163 59 33 146 82 35 25 23 36 36 22
internal_value=-0.00159959 0.0419389 0.0101621 -0.0334981 0.0791372 -0.0756213 -0.0448826 0.0556859 0.0491592 0.00622327 0.0686174 -0.0223096 0.0186756 0.0827126 0.0599635 0.0351995 -0.0817837 0.0586068 0.0787856 0.118468 0.00268683 -0.00458524 -0.0813984 -0.0527276 0.0176845 0.0241097 -0.00690174 0.028659 -0.00996046 0.0350468
internal_weight=780.473 491.424 265.025 125.037 226.399 289.048 123.201 141.83 139.988 68.3542 98.6735 44.2511 21.745 82.8835 51.3585 34.9341 61.8678 24.1031 86.9643 84.5683 41.3149 21.3852 56.6829 29.8298 58.9469 30.361 11.7092 51.8274 19.8872 12.3397
internal_count=4906 2493 1506 877 987 2413 884 622 629 389 416 284 131 347 216 148 513 105 365 365 213 91 488 228 275 154 51 240 94 58
is_linear=0
shrinkage=0.1


Tree=9
num_leaves=31
num_cat=0
split_feature=1 13 14 0 5 0 0 0 14 5 13 23 9 5 9 83 12 7 14 8 11 8 0 9 11 0 9 53 7 12
split_gain=214.165 54.4693 38.8566 20.8783 20.8744 15.9766 12.072 11.1958 10.92 10.3626 8.74547 7.74392 7.68138 7.24044 8.08651 7.04082 6.98489 9.58949 6.95208 6.39847 6.33734 5.53861 5.47502 6.40718 5.47231 5.45736 5.33871 5.74391 5.11276 5.08646
threshold=-0.052095215767621987 1.0000000180025095e-35 1.0000000180025095e-35 14.351813793182375 1.0000000180025095e-35 11.690622806549074 12.581793308258058 5.5947980880737314 1.0000000180025095e-35 1.0000000180025095e-35 1.0000000180025095e-35 1.0000000180025095e-35 1.0000000180025095e-35 1.0000000180025095e-35 1.0000000180025095e-35 1.0000000180025095e-35 1.0000000180025095e-35 1.0000000180025095e-35 1.0000000180025095e-35 1.0000000180025095e-35 1.0000000180025095e-35 1.0000000180025095e-35 14.867898464202883 1.0000000180025095e-35 1.0000000180025095e-35 17.006159782409672 1.0000000180025095e-35 1.0000000180025095e-35 1.0000000180025095e-35 1.0000000180025095e-35
decision_type=2 2 2 2 2 2 2 2 2 2 2 2 2 2 2 2 2 2 2 2 2 2 2 2 2 2 2 2 2 2
left_child=7 2 4 8 22 21 -6 -1 9 16 -9 -8 -10 14 25 -12 -3 -18 24 20 -13 -4 -2 -24 -5 -7 27 29 -16 -11
right_child=1 3 5 18 6 13 11 10 12 26 15 19 -14 -15 28 -17 17 -19 -20 -21 -22 -23 23 -25 -26 -27 -28 -29 -30 -31
leaf_value=-0.10106714946015694 -0.10444219206161343 -0.036689189307769925 0.010505087828687532 0.11069296431642693 -0.062239368378722848 -0.0059829868403780163 0.13206074016009392 -0.084241263706035296 0.052314110516637591 0.04803588455693427 -0.0078393131592094691 0.083398995198843071 0.12829630162995095 0.093631381153362225 0.054480905037531585 -0.10272008800517446 -0.0081840573163563368 0.12862059336799758 0.14169873825522619 -0.039373627840026688 -0.01255836668004966 -0.067400005680723504 -0.11181403526173568 0.0016578253783561753 0.049276013365879924 0.097041687783684494 0.10965468450510266 0.1214305727662647 0.1527525400827959 -0.058162334916763293
leaf_weight=128.32240699231625 36.682940252125263 29.904296785593033 33.287179723381996 34.612239941954613 21.801936820149422 32.511297732591629 6.1517149955034247 55.719595827162266 37.190604478120804 11.939837262034422 39.791287481784821 15.501968011260033 20.71633306145668 39.621620655059814 18.603695407509807 9.7344104051589948 15.758647978305818 7.5924556702375403 33.85155126452446 15.484575197100638 12.378260284662247 12.572565004229544 7.937522917985917 13.337601572275162 24.976175934076309 6.1075221747159949 15.067185610532759 5.8073557615280142 7.4000787585973731 7.2477522790431967
leaf_count=1279 370 148 180 147 181 144 27 518 158 55 283 71 88 164 78 70 75 36 163 82 64 76 84 82 103 25 66 24 31 34
internal_value=-0.00160004 0.0338954 0.00372514 0.0683466 -0.0364605 0.0383349 -0.000235911 -0.0812395 0.0453842 0.0242161 -0.0570643 0.027064 0.0794969 0.0599738 0.0393376 -0.0264884 -0.00468662 0.0362971 0.105509 0.0121692 0.0407959 -0.0108528 -0.0810355 -0.0406773 0.0849504 0.0103102 0.062637 0.0342943 0.0824468 0.0079215
internal_weight=757.613 524.045 279.38 244.664 129.277 150.104 71.3185 233.568 151.224 93.3175 105.245 49.5165 57.9069 104.244 64.6226 49.5257 53.2554 23.3511 93.44 43.3648 27.8802 45.8597 57.9581 21.2751 59.5884 38.6188 40.0621 24.9949 26.0038 19.1876
internal_count=4906 2756 1659 1097 961 698 425 2150 684 438 871 244 246 442 278 353 259 111 413 217 135 256 536 166 250 169 179 113 109 89
is_linear=0
shrinkage=0.1


Tree=10
num_leaves=31
num_cat=0
split_feature=1 13 14 0 5 0 0 0 9 13 14 14 5 8 83 7 0 14 0 9 5 84 11 9 16 139 10 15 0 16
split_gain=183.244 44.8795 32.2303 18.6066 18.5507 13.2639 11.1338 10.1147 9.06593 8.1237 7.03319 6.44226 6.47357 6.39155 6.27401 6.23564 5.43707 5.42847 5.32829 5.90441 4.96893 5.46891 4.88408 4.84696 4.70206 8.84342 7.45207 4.56012 4.43604 4.37461
threshold=-0.052095215767621987 1.0000000180025095e-35 1.0000000180025095e-35 14.351813793182375 1.0000000180025095e-35 12.581793308258058 5.5947980880737314 12.581793308258058 1.0000000180025095e-35 1.0000000180025095e-35 1.0000000180025095e-35 1.0000000180025095e-35 1.0000000180025095e-35 1.0000000180025095e-35 1.0000000180025095e-35 1.0000000180025095e-35 14.054756641387941 1.0000000180025095e-35 14.867898464202883 1.0000000180025095e-35 1.0000000180025095e-35 1.0000000180025095e-35 1.0000000180025095e-35 1.0000000180025095e-35 1.0000000180025095e-35 1.0000000180025095e-35 1.0000000180025095e-35 1.0000000180025095e-35 10.513347148895265 1.0000000180025095e-35
decision_type=2 2 2 2 2 2 2 2 2 2 2 2 2 2 2 2 2 2 2 2 2 2 2 2 2 2 2 2 2 2
left_child=6 2 4 8 18 20 -1 -6 24 17 22 12 27 16 -11 -9 29 -8 -2 -20 21 28 -5 -17 25 -3 -26 -10 -4 -7
right_child=1 3 5 10 7 13 9 15 11 14 -12 -13 -14 -15 -16 23 -18 -19 19 -21 -22 -23 -24 -25 26 -27 -28 -29 -30 -31
leaf_value=-0.098877500295208254 -0.10249189699653974 0.054185221457416805 -0.084893237242573694 0.10266685932435259 -0.058707464522754764 0.079068057252234286 -0.11145977880838794 -0.0081642979846630308 0.041486435429374691 -0.0070921621376325078 0.13618961080657208 0.11715639997848887 0.097730614134538402 0.026971437790698712 -0.099129802382747656 0.020911478057614556 0.10598305365563182 -0.046910280742723742 -0.11056424072868663 0.0014904972604961298 0.033964194691237758 0.081835011800807086 0.044307672716675066 0.11401782768139915 -0.038853928203205927 -0.06784286712508357 0.056987401386417294 -0.058817204815061634 -0.0087378691411314127 -0.015386190093486947
leaf_weight=118.55158612877131 33.791586771607399 49.72590833902359 12.906022831797602 33.637355834245682 20.852723516523838 11.895899251103401 27.669262602925301 26.933007627725601 16.053442314267162 39.595738187432289 31.804133623838425 20.431857079267502 15.206486105918883 37.363267257809639 9.1107099726796132 12.33889989554882 32.964048936963081 24.622034303843975 7.2591885924339303 13.350649178028107 23.021901994943619 4.1878238320350638 24.997686192393303 10.224351853132248 24.048858284950256 6.7443103939294806 12.242928966879843 6.3157511055469504 18.77729070186615 8.3418255597352982
leaf_count=1279 370 225 85 147 181 50 300 134 75 283 163 88 66 158 70 66 139 218 84 82 113 24 103 44 111 33 56 30 93 36
internal_value=-0.00158643 0.0310023 0.00332646 0.0624644 -0.0341994 0.0346487 -0.0780922 -0.000288797 0.0409535 -0.0536943 0.0983249 0.0719628 0.0473888 0.0586717 -0.0243081 0.0243229 0.0809347 -0.0810658 -0.0780507 -0.0379774 -0.00229359 -0.0255636 0.0777868 0.0631019 0.0215622 0.0396113 -0.00652213 0.0131666 -0.0397593 0.0401348
internal_weight=734.967 515.417 274.208 241.209 124.75 149.458 219.549 70.349 150.77 100.998 90.4392 58.0075 37.5757 90.565 48.7064 49.4963 53.2018 52.2913 54.4014 20.6098 58.893 35.8711 58.635 22.5633 92.762 56.4702 36.2918 22.3692 31.6833 20.2377
internal_count=4906 2756 1659 1097 961 698 2150 425 684 871 413 259 171 383 353 244 225 518 536 166 315 202 250 110 425 258 167 105 178 86
is_linear=0
shrinkage=0.1


Tree=11
num_leaves=31
num_cat=0
split_feature=1 13 14 0 5 0 0 14 0 8 13 11 23 83 0 14 6 15 14 5 0 9 7 12 9 40 81 9 5 84
split_gain=156.813 36.955 26.7257 17.0818 16.4844 11.0086 10.8522 10.5947 8.47051 7.59391 7.53722 6.09862 5.83427 5.58735 5.4876 5.41757 5.37428 5.28709 5.21252 6.13564 5.17654 5.44077 5.0403 6.85898 4.45569 4.37684 4.17287 4.08469 4.04578 4.39953
threshold=-0.052095215767621987 1.0000000180025095e-35 1.0000000180025095e-35 12.881587982177736 1.0000000180025095e-35 5.5947980880737314 12.581793308258058 1.0000000180025095e-35 12.581793308258058 1.0000000180025095e-35 1.0000000180025095e-35 1.0000000180025095e-35 1.0000000180025095e-35 1.0000000180025095e-35 16.661190986633304 1.0000000180025095e-35 1.0000000180025095e-35 1.0000000180025095e-35 1.0000000180025095e-35 1.0000000180025095e-35 14.867898464202883 1.0000000180025095e-35 1.0000000180025095e-35 1.0000000180025095e-35 1.0000000180025095e-35 1.0000000180025095e-35 1.0000000180025095e-35 1.0000000180025095e-35 1.0000000180025095e-35 1.0000000180025095e-35
decision_type=2 2 2 2 2 2 2 2 2 2 2 2 2 2 2 2 2 2 2 2 2 2 2 2 2 2 2 2 2 2
left_child=5 2 4 18 20 -1 28 9 -6 27 15 17 -10 -12 24 -7 -14 -11 19 22 -2 -22 -3 -24 -8 -18 -16 -5 29 -4
right_child=1 3 6 7 8 10 14 -9 12 11 13 -13 16 -15 26 -17 25 -19 -20 -21 21 -23 23 -25 -26 -27 -28 -29 -30 -31
leaf_value=-0.096747540007512428 -0.10062158658526842 -0.047912765436664062 -0.036736426783911195 0.063886998633816985 -0.055277147122607631 -0.11025112305910711 0.020828992228970222 0.12107104016088013 0.11210655957120159 0.096619202256535461 -0.0064131466257262822 -0.032776672795507819 -0.023570957873492317 -0.09570083003506194 0.069338833148053267 -0.043776995709295538 0.015785860995569653 -0.0017494883478624335 0.055449213999969861 0.043950924971346311 -0.10945846798632733 0.001340210910846581 -0.024412169258554731 0.11534347602618267 0.07368735580404151 0.11752991453256145 0.16801826256621336 0.12306743769567441 0.030234452069644993 0.07052545283010285
leaf_weight=109.51177109777927 31.115383215248585 21.615484088659286 30.940291747450829 31.651629030704498 19.978700302541256 25.296572603285313 44.624317824840546 44.611921221017838 6.2577991485595694 13.066865533590317 39.41906064748764 12.017623469233511 23.474553525447845 8.5239649787545186 14.493563532829286 23.790588803589344 13.72317957878113 9.3905537277460098 42.020395189523697 30.095519587397575 6.6313396096229562 13.36238020658493 9.4603932946920377 5.584840700030326 24.815604671835899 6.110790714621543 6.0842307806015006 18.46760980784893 23.262145161628723 4.3632457852363578
leaf_count=1279 370 111 178 135 181 300 192 232 27 57 283 54 123 70 61 218 67 41 177 136 84 82 48 26 104 27 26 80 113 24
internal_value=-0.00156334 0.0283469 0.00296976 0.057057 -0.0319934 -0.0750162 0.0313609 0.0816391 -0.00030642 0.0608442 -0.0504895 0.0247189 0.0218506 -0.0222879 0.0531596 -0.0780338 0.00880924 0.0554864 0.0278579 0.0104903 -0.0751104 -0.0354085 -0.0169782 0.0274656 0.0397189 0.0471329 0.0985154 0.0856934 -0.00214456 -0.0234797
internal_weight=713.762 507.22 269.238 237.983 120.654 206.542 148.583 129.206 69.545 84.5943 97.0302 34.475 49.5663 47.943 90.0177 49.0872 43.3085 22.4574 108.777 66.7562 51.1091 19.9937 36.6607 15.0452 69.4399 19.834 20.5778 50.1192 58.5657 35.3035
internal_count=4906 2756 1659 1097 961 2150 698 599 425 367 871 152 244 353 383 518 217 98 498 321 536 166 185 74 296 94 87 215 315 202
is_linear=0
shrinkage=0.1


Tree=12
num_leaves=31
num_cat=0
split_feature=1 8 11 0 13 13 14 0 0 1 14 21 14 140 71 11 14 7 0 67 5 14 73 79 13 9 9 13 0 5
split_gain=134.705 30.8377 26.9744 17.3958 13.5215 11.7535 11.8999 9.01118 8.6385 8.63847 7.81798 7.81335 7.39811 7.22786 5.33863 5.30409 4.90306 4.64152 5.60347 11.057 4.48143 4.30727 6.7295 4.21622 4.18179 4.24747 4.17669 4.13821 4.07349 3.91113
threshold=0.050117878243327148 1.0000000180025095e-35 1.0000000180025095e-35 5.5947980880737314 1.0000000180025095e-35 1.0000000180025095e-35 1.0000000180025095e-35 12.992471218109133 14.054756641387941 0.15917559713125232 1.0000000180025095e-35 1.0000000180025095e-35 1.0000000180025095e-35 1.0000000180025095e-35 1.0000000180025095e-35 1.0000000180025095e-35 1.0000000180025095e-35 1.0000000180025095e-35 12.881587982177736 1.0000000180025095e-35 1.0000000180025095e-35 1.0000000180025095e-35 1.0000000180025095e-35 1.0000000180025095e-35 1.0000000180025095e-35 1.0000000180025095e-35 1.0000000180025095e-35 1.0000000180025095e-35 17.433264732360843 1.0000000180025095e-35
decision_type=2 2 2 2 2 2 2 2 2 2 2 2 2 2 2 2 2 2 2 2 2 2 2 2 2 2 2 2 2 2
left_child=3 2 7 -1 12 6 29 13 17 -7 15 14 -5 16 26 -11 24 18 -4 -20 27 22 -10 -14 25 -2 -8 -18 -9 -3
right_child=1 5 8 4 -6 9 11 28 21 10 -12 -13 23 -15 -16 -17 20 -19 19 -21 -22 -23 -24 -25 -26 -27 -28 -29 -30 -31
leaf_value=-0.094655018478518094 -0.11310711054001726 -0.097716601268719061 -0.057911805056200888 -0.10927928164458621 -0.0090930825312672183 -0.077252792449119742 -0.072933587237985362 0.08913030501286523 -0.015343857601362081 0.035123259453041164 0.082581655698603346 -0.092944874276025047 -0.05401871915273472 -0.059313332999063363 0.043107156004093095 -0.034839531212212838 0.017751738139708369 0.021473499696304674 -0.090391262862454164 0.11676853479855763 0.12618632891394996 0.077709579947518925 0.068724131212476988 0.054269275775610332 0.055654395478580178 0.026799210984739724 0.052581742164130564 0.10957175336536958 0.15007992591540059 -0.03769468990996061
leaf_weight=101.17001380771399 3.5786486417055148 20.076268821954727 26.527322396636009 29.801860481500626 69.280505485832691 7.5142922401428214 8.5957290530204755 80.537153393030167 21.356613799929619 34.040158286690712 23.714544400572777 6.922670140862464 28.742764085531235 5.6092777624726287 31.693848207592964 15.896644860506056 12.541632741689682 26.373706750571728 4.4966463297605497 6.0336023196578026 14.543682232499121 21.857771068811417 17.182805024087429 4.1096097752451888 17.110716074705124 5.5127148851752281 3.8335544615983954 8.0645846873521805 12.693681679666041 23.639480665326118
leaf_count=1279 38 234 155 384 463 36 44 407 115 152 118 34 250 33 133 74 63 151 24 30 65 102 88 37 76 52 20 34 66 149
internal_value=-0.0015309 0.0298546 0.0502334 -0.0634589 -0.0395371 -0.00304529 -0.0269667 0.0773285 0.0151815 0.0248831 0.0353036 0.00582737 -0.0732009 0.0493427 0.0213242 0.0128516 0.0592769 -0.0105915 -0.033412 0.0283068 0.0836845 0.0422493 0.0221379 -0.0404726 0.0265342 -0.0282723 -0.034221 0.053687 0.0974288 -0.0652595
internal_weight=693.053 459.948 284.021 233.105 131.935 175.927 94.7616 160.192 123.828 81.1656 73.6513 51.0458 62.6542 66.9613 44.1231 49.9368 61.352 63.4313 37.0576 10.5302 35.1499 60.3972 38.5394 32.8524 26.2021 9.09136 12.4293 20.6062 93.2308 43.7157
internal_count=4906 2493 1499 2413 1134 994 614 834 665 380 344 231 671 361 197 226 328 360 209 54 162 305 203 287 166 90 64 97 473 383
is_linear=0
shrinkage=0.1


Tree=13
num_leaves=31
num_cat=0
split_feature=1 13 14 0 5 0 0 9 14 14 5 28 11 0 8 13 9 0 6 13 10 65 14 68 0 79 5 12 11 9
split_gain=115.527 27.8404 19.4884 14.9029 13.5812 10.4773 8.50153 7.70455 7.14701 6.89668 6.66149 6.00386 5.86197 6.65557 5.45541 5.24645 4.8304 5.10875 4.79644 4.84204 4.80503 4.79178 4.57309 4.56609 4.43789 4.98554 4.4277 4.28789 4.14292 4.04686
threshold=-0.052095215767621987 1.0000000180025095e-35 1.0000000180025095e-35 14.351813793182375 1.0000000180025095e-35 5.5947980880737314 16.661190986633304 1.0000000180025095e-35 1.0000000180025095e-35 1.0000000180025095e-35 1.0000000180025095e-35 1.0000000180025095e-35 1.0000000180025095e-35 15.368925571441652 1.0000000180025095e-35 1.0000000180025095e-35 1.0000000180025095e-35 14.867898464202883 1.0000000180025095e-35 1.0000000180025095e-35 1.0000000180025095e-35 1.0000000180025095e-35 1.0000000180025095e-35 1.0000000180025095e-35 13.661875724792482 1.0000000180025095e-35 1.0000000180025095e-35 1.0000000180025095e-35 1.0000000180025095e-35 1.0000000180025095e-35
decision_type=2 2 2 2 2 2 2 2 2 2 2 2 2 2 2 2 2 2 2 2 2 2 2 2 2 2 2 2 2 2
left_child=5 2 4 7 16 -1 10 -3 15 29 21 -6 13 27 18 -7 -2 -18 19 20 -10 -4 26 -14 25 -12 -9 -13 -21 -5
right_child=1 3 6 9 11 8 -8 22 14 -11 24 12 23 -15 -16 -17 17 -19 -20 28 -22 -23 -24 -25 -26 -27 -28 -29 -30 -31
leaf_value=-0.092580705513549466 -0.10824922274114482 0.012376062430308817 -0.0090903689384049923 0.043463274336356272 0.1312419025228152 -0.10823063230843775 0.086647171717250115 0.010397659377534228 -0.071267622548658843 0.12550581504025732 0.0089976875232921881 0.023535729267703653 -0.087204053660749292 0.074112974314428814 -0.06325996770730849 -0.04233634944005199 -0.087011014119109137 0.0003471498112189664 -0.036942961499916757 0.16126007622022287 0.093172793852573654 0.083194165601295375 0.098851223032688562 -0.0027211854156134647 0.089529211724767715 0.12204847897635451 0.080572461774865628 -0.058584854899963956 0.011634807400889185 0.1000081076615061
leaf_weight=93.489747636020184 19.909251071512699 91.792955905199051 72.211730904877186 35.904305070638657 3.2731235772371283 21.07592786103487 19.756460979580879 22.170438438653946 4.6275989562273026 26.385104864835739 28.363925933837891 14.325011312961578 12.741956077516079 13.338271439075468 14.510472521185873 28.317076317965984 13.351396836340429 13.426170304417608 11.136769585311413 4.8531798347830772 2.8846472874283791 6.1019502431154242 19.270141780376434 12.84829830378294 15.444590285420416 4.5229391008615485 15.125135138630865 11.432837605476379 2.9910120591521263 19.548206403851509
leaf_count=1279 284 425 366 159 15 300 87 105 44 163 131 101 99 56 127 221 170 82 97 32 27 26 88 68 67 21 66 86 23 91
internal_value=-0.00149743 0.0238115 0.0014563 0.0491628 -0.0294197 -0.069109 0.0256351 0.0302652 -0.0448342 0.0834211 0.0161174 -0.000892361 -0.00757834 0.0167765 -0.0139734 -0.0704534 -0.0709455 -0.04321 0.0130211 0.049256 -0.00812371 -0.00189985 0.0592951 -0.0447871 0.0453115 0.0245456 0.0388569 -0.0129142 0.104208 0.0633965
internal_weight=675.131 491.244 261.048 230.196 114.646 183.886 146.402 148.359 90.3967 81.8376 126.645 67.9595 64.6864 39.0961 41.0037 49.393 46.6868 26.7776 26.4932 15.3564 7.51225 78.3137 56.5657 25.5903 48.3315 32.8869 37.2956 25.7578 7.84419 55.4525
internal_count=4906 2756 1659 1097 961 2150 698 684 871 413 611 425 410 243 350 521 536 252 223 126 71 392 259 167 219 152 171 187 55 250
is_linear=0
shrinkage=0.1


Tree=14
num_leaves=31
num_cat=0
split_feature=1 11 8 0 13 0 0 34 13 0 14 14 14 140 14 8 13 65 0 9 8 0 5 81 7 9 0 13 0 10
split_gain=98.8102 23.6336 17.5536 13.5483 11.2257 10.2022 8.9534 7.28236 7.21991 10.3817 6.93028 6.84181 6.41107 6.21984 5.9769 7.30165 5.24901 5.01158 4.95377 4.73297 4.61317 4.34162 4.33358 4.10737 4.04311 4.93714 3.99545 4.0238 3.91755 6.85215
threshold=-0.052095215767621987 1.0000000180025095e-35 1.0000000180025095e-35 12.510609149932863 1.0000000180025095e-35 5.5947980880737314 11.560575008392336 1.0000000180025095e-35 1.0000000180025095e-35 11.43189573287964 1.0000000180025095e-35 1.0000000180025095e-35 1.0000000180025095e-35 1.0000000180025095e-35 1.0000000180025095e-35 1.0000000180025095e-35 1.0000000180025095e-35 1.0000000180025095e-35 14.680356025695803 1.0000000180025095e-35 1.0000000180025095e-35 14.867898464202883 1.0000000180025095e-35 1.0000000180025095e-35 1.0000000180025095e-35 1.0000000180025095e-35 17.433264732360843 1.0000000180025095e-35 15.181382656097414 1.0000000180025095e-35
decision_type=2 2 2 2 2 2 2 2 2 2 2 2 2 2 2 2 2 2 2 2 2 2 2 2 2 2 2 2 2 2
left_child=5 2 3 13 10 -1 -6 14 9 -4 21 -11 16 19 15 22 -7 23 -10 -2 -14 -3 -8 -12 -23 -26 27 -5 29 -25
right_child=1 4 8 26 6 12 7 -9 18 11 17 -13 20 -15 -16 -17 -18 -19 -20 -21 -22 24 -24 28 25 -27 -28 -29 -30 -31
leaf_value=-0.090507972618099092 0.013457294583500848 -0.082266226074411447 -0.1010260647499247 0.057749646680207926 -0.031631168573610112 -0.10738635490805309 0.0013266969522331825 0.10598279265636486 0.016064992895268967 -0.035885515204521837 -0.036552304943656327 0.037519273827786893 0.011427224458959233 -0.06344137643757751 0.081591554084601225 -0.062717973189722026 -0.039271736610117638 0.087811083427264167 0.079498852492152175 0.066328657409369676 -0.059676588103579578 -0.060178644533647768 0.08858789849785742 0.051029761900979714 -0.04444874220331662 0.10305886429409189 0.13979182192356276 0.10132578269660714 0.10000116457332181 -0.081460316625881435
leaf_weight=86.432437419891357 37.660913072526455 26.827830903232098 11.071036551147698 47.31818400323391 23.32218499481678 19.212549217045307 15.53909058868885 13.507150083780287 39.20390148460865 22.425610706210136 31.266252852976322 29.271429508924484 26.642736248672009 6.742330238223075 12.875007465481756 11.703448519110678 27.517343923449516 5.3759569227695456 17.94671893119812 30.760546706616879 13.877293422818182 11.727798331528902 8.9802302718162537 9.5916678458452278 4.57482685521245 4.5020027309656143 11.603034019470213 38.376436412334442 4.7982684671878806 6.5824282690882674
leaf_count=1279 206 302 110 247 113 300 66 63 182 186 154 124 223 40 72 54 221 23 93 179 127 75 38 48 38 23 66 201 21 32
internal_value=-0.00146014 0.0217777 0.0396542 0.060086 -0.00556253 -0.0661572 0.0212558 0.0409577 0.0102701 -0.0131432 -0.0274579 0.00567708 -0.0420346 0.0281968 0.0230689 0.0022676 -0.0672764 -0.00412567 0.0359848 0.0372269 -0.0129244 -0.0556797 0.0332862 -0.013587 -0.0213961 0.0287133 0.0847209 0.0772643 0.0206503 -0.00289019
internal_weight=657.237 483.554 292.38 172.461 191.174 173.682 85.9271 62.6049 119.919 62.7681 105.247 51.697 87.2499 75.1638 49.0978 36.2228 46.7299 57.6146 57.1506 68.4215 40.52 47.6325 24.5193 52.2386 20.8046 9.07683 97.2977 85.6946 20.9724 16.1741
internal_count=4906 2756 1634 939 1122 2150 406 293 695 420 716 310 871 425 230 158 521 278 275 385 350 438 104 255 136 61 514 448 101 80
is_linear=0
shrinkage=0.1


Tree=15
num_leaves=31
num_cat=0
split_feature=1 8 0 11 0 13 14 11 140 0 14 0 7 13 21 9 96 13 67 7 14 11 16 8 6 5 1 13 10 9
split_gain=84.3178 19.9275 15.3991 10.5894 9.93182 9.82615 7.42487 5.97992 6.14797 5.85399 5.76981 5.55494 5.55299 5.22648 4.86937 4.68905 4.19757 4.40047 4.14763 3.99729 4.41625 3.9956 3.92655 3.9199 3.7776 3.61219 3.60427 3.57516 3.82508 3.50052
threshold=-0.052095215767621987 1.0000000180025095e-35 12.992471218109133 1.0000000180025095e-35 5.5947980880737314 1.0000000180025095e-35 1.0000000180025095e-35 1.0000000180025095e-35 1.0000000180025095e-35 11.560575008392336 1.0000000180025095e-35 14.752909183502199 1.0000000180025095e-35 1.0000000180025095e-35 1.0000000180025095e-35 1.0000000180025095e-35 1.0000000180025095e-35 1.0000000180025095e-35 1.0000000180025095e-35 1.0000000180025095e-35 1.0000000180025095e-35 1.0000000180025095e-35 1.0000000180025095e-35 1.0000000180025095e-35 1.0000000180025095e-35 1.0000000180025095e-35 0.0073769867885857829 1.0000000180025095e-35 1.0000000180025095e-35 1.0000000180025095e-35
decision_type=2 2 2 2 2 2 2 2 2 2 2 2 2 2 2 2 2 2 2 2 2 2 2 2 2 2 2 2 2 2
left_child=4 2 7 -4 -1 6 25 8 15 -8 13 26 -9 -6 21 -2 17 19 -19 20 -5 29 -13 24 27 -3 -7 28 -12 -11
right_child=1 5 3 16 10 11 9 12 -10 14 23 22 -14 -15 -16 -17 -18 18 -20 -21 -22 -23 -24 -25 -26 -27 -28 -29 -30 -31
leaf_value=-0.088422521095465931 0.01408971065220678 -0.093864739989843515 0.080592414900179474 -0.058396911425347468 -0.1066342825875722 0.096342799144433319 -0.069955343540606466 -0.042231155127364181 -0.057693954760315871 0.019124892957654703 -0.068439438032556407 0.08630507933896378 0.022773335924075471 -0.036365135942693076 -0.078938853349236726 0.063843277589571049 -0.038060073122992914 0.029243367349994061 0.10588101326683159 0.057717724373912649 0.030233464711809412 -0.022052897478237927 0.0062666304819515425 -0.056195824293222535 -0.035041399419006837 -0.03433036356143733 -0.0053066896752750857 0.086267385171138009 0.076235290747296694 0.095937557549798921
leaf_weight=79.958719227463007 42.009096726775169 18.076154801994562 86.622518755495548 10.607894964516163 17.500572890043259 3.725567713379859 10.702593199908732 31.016318768262863 7.6150081641972056 15.879154413938522 4.42319132387638 16.484829589724541 22.802637167274952 26.784722611308098 5.0942964106798163 34.498152121901512 8.3169193826615793 14.347833424806595 13.906267642974854 13.282158195972441 11.961108848452568 12.083304539322851 9.757272884249689 13.294250451028345 10.937452837824821 23.364442892372608 54.759818479418755 8.3747488930821419 3.1141203865408897 9.4718506932258606
leaf_count=1279 227 259 473 73 300 19 74 199 45 67 44 88 138 221 23 194 47 67 67 79 53 52 49 127 97 164 259 55 27 40
internal_value=-0.00141277 0.0198962 0.0357923 0.0569987 -0.0631649 -0.00641884 -0.0285591 0.0113416 0.0279953 -0.00384962 -0.0392446 0.01832 -0.0146893 -0.064134 0.0127863 0.0365243 0.0287787 0.0374503 0.0669633 0.0141913 -0.0114246 0.0252688 0.0565454 -0.0117874 0.0102009 -0.0602989 0.00116847 0.041299 -0.00866554 0.0478243
internal_weight=640.773 476.385 296.986 159.045 164.388 179.399 94.6718 137.941 84.1223 53.2312 84.4291 84.7275 53.819 44.2853 42.5286 76.5072 72.4222 64.1053 28.2541 35.8512 22.569 37.4343 26.2421 40.1438 26.8495 41.4406 58.4854 15.9121 7.53731 25.351
internal_count=4906 2756 1662 859 2150 1094 679 803 466 256 871 415 337 521 182 421 386 339 134 205 126 159 137 350 223 423 278 126 71 107
is_linear=0
shrinkage=0.1


Tree=16
num_leaves=31
num_cat=0
split_feature=1 8 13 11 11 0 0 16 12 61 7 0 13 14 1 9 21 16 9 82 0 5 1 0 15 0 99 81 5 113
split_gain=72.0864 18.374 15.6716 14.3226 7.65191 6.8828 6.04587 6.29602 6.32698 6.38382 5.4271 6.98466 5.71403 5.40234 5.5089 5.34102 7.50551 6.01754 5.14628 4.6801 4.37967 4.22043 4.13786 4.07687 5.94172 4.05025 3.99175 3.97631 3.89521 3.82631
threshold=0.050117878243327148 1.0000000180025095e-35 1.0000000180025095e-35 1.0000000180025095e-35 1.0000000180025095e-35 5.5947980880737314 14.351813793182375 1.0000000180025095e-35 1.0000000180025095e-35 1.0000000180025095e-35 1.0000000180025095e-35 12.881587982177736 1.0000000180025095e-35 1.0000000180025095e-35 -0.18701041489839551 1.0000000180025095e-35 1.0000000180025095e-35 1.0000000180025095e-35 1.0000000180025095e-35 1.0000000180025095e-35 11.998631000518801 1.0000000180025095e-35 -0.094227697700262056 2.8350445032119755 1.0000000180025095e-35 12.803559303283693 1.0000000180025095e-35 1.0000000180025095e-35 1.0000000180025095e-35 1.0000000180025095e-35
decision_type=2 2 2 2 2 2 2 2 2 2 2 2 2 2 2 2 2 2 2 2 2 2 2 2 2 2 2 2 2 2
left_child=2 3 13 6 15 23 7 8 9 -2 11 -5 28 -1 -15 17 -17 20 19 -9 27 -11 -16 24 -4 -22 -10 -3 -13 -7
right_child=1 4 5 10 -6 29 -8 18 26 21 -12 12 -14 14 22 16 -18 -19 -20 -21 25 -23 -24 -25 -26 -27 -28 -29 -30 -31
leaf_value=-0.10437700389378622 0.13746177318777669 -0.12589051075640495 -0.05899216509541591 -0.049303197686106526 -0.035311299380766041 -0.011229466188521151 0.082862826904884238 -0.032906814644495921 -0.0028114603328090152 -0.004950664672561245 0.03702314649096506 -0.052784722449150494 0.059111659755195334 -0.08426421223152275 0.042113253574884796 0.052834871355931304 -0.062040282660997897 -0.045302985431851531 0.057680971790259744 0.083893503871279709 0.12255899268894617 0.11129311043617801 -0.052595669429067307 -0.084357691641361032 0.15321211795968548 0.01913220820435832 0.089092502439796675 0.019672559775016488 0.024263101672347159 0.10364087120883757
leaf_weight=48.012875232845545 16.306213766336441 3.6317044124007216 4.1983558237552669 24.77320808544755 55.518341638147831 64.166880793869495 58.402496255934238 21.801022734493021 15.522353958338501 7.5324152559041995 47.999702714383602 12.784310646355152 18.678423777222633 29.738303147256374 7.5466501936316517 39.319607853889465 6.6494243890047064 26.144915577024221 15.957875721156595 4.0712214820086947 4.4672827124595669 5.3358363211154938 11.867417626082895 22.449541557580233 1.9242464192211626 24.838764067739248 6.7947781533002845 3.8832172304391861 13.48055013269186 3.0370201468467704
leaf_count=848 84 26 72 155 357 441 337 121 83 39 271 82 91 461 62 223 40 157 84 24 24 27 89 385 33 142 35 25 66 22
internal_value=-0.00136927 0.0212444 -0.0522238 0.0373212 -0.00509586 -0.0235178 0.0576293 0.0418377 0.0652486 0.0959069 0.0111461 -0.00667019 0.0168296 -0.0805193 -0.0572146 0.0103033 0.0362182 -0.00861611 0.0130196 -0.0145273 0.0174336 0.04325 -0.0157803 -0.0646309 0.00770061 0.0348981 0.02517 -0.0506731 -0.0132396 -0.00603835
internal_weight=626.835 433.894 192.941 269.44 164.453 95.776 151.724 93.3217 51.4916 29.1745 117.716 69.7165 44.9433 97.1652 49.1524 108.935 45.969 62.9659 41.8301 25.8722 36.821 12.8683 19.4141 28.5721 6.1226 29.306 22.3171 7.51492 26.2649 67.2039
internal_count=4906 2493 2413 1499 994 953 834 497 268 150 665 394 239 1460 612 637 263 374 229 145 217 66 151 490 105 166 118 51 148 463
is_linear=0
shrinkage=0.1


Tree=17
num_leaves=31
num_cat=0
split_feature=1 13 14 5 14 13 0 5 0 140 8 35 0 5 0 0 9 9 8 10 10 133 54 6 11 0 64 10 0 0
split_gain=61.8289 17.3894 13.3471 10.5503 10.5073 9.1933 7.95171 7.32655 6.3219 5.4102 4.95846 6.00243 5.5225 4.83632 4.62369 4.52343 4.44299 4.39188 4.14321 5.80473 4.6296 4.09288 4.06047 6.86671 4.05916 5.08293 4.85004 4.14149 4.60887 4.05605
threshold=-0.052095215767621987 1.0000000180025095e-35 1.0000000180025095e-35 1.0000000180025095e-35 1.0000000180025095e-35 1.0000000180025095e-35 12.992471218109133 1.0000000180025095e-35 16.661190986633304 1.0000000180025095e-35 1.0000000180025095e-35 1.0000000180025095e-35 7.6317591667175302 1.0000000180025095e-35 13.661875724792482 12.057495117187502 1.0000000180025095e-35 1.0000000180025095e-35 1.0000000180025095e-35 1.0000000180025095e-35 1.0000000180025095e-35 1.0000000180025095e-35 1.0000000180025095e-35 1.0000000180025095e-35 1.0000000180025095e-35 15.683778285980226 1.0000000180025095e-35 1.0000000180025095e-35 11.43189573287964 13.096509456634523
decision_type=2 2 2 2 2 2 2 2 2 2 2 2 2 2 2 2 2 2 2 2 2 2 2 2 2 2 2 2 2 2
left_child=5 2 3 17 7 -1 -6 24 9 13 11 21 -13 -4 -15 -9 -5 -2 19 -18 -20 -7 23 -17 26 27 -3 -26 -29 -19
right_child=1 4 8 16 6 10 -8 15 -10 -11 -12 12 -14 14 -16 22 18 29 20 -21 -22 -23 -24 -25 25 -27 -28 28 -30 -31
leaf_value=-0.081647919008901115 -0.10698697988139699 0.0085180488988962771 0.0007691817321829374 -0.027913211733576644 0.038604938747579712 -0.062142799344560254 0.10454102149860603 0.017886153025198373 0.073257954565369307 -0.055140007164617047 -0.068520480462161096 0.0051371036078526489 0.14586640231358022 0.021977276509297899 0.09352025546776753 -0.041214254119763753 0.0041753824979174816 -0.096700492726128365 0.016711789232689202 0.1090641780059461 -0.13276017937469678 0.015969363532989268 0.10201604048739021 0.11729436080582425 -0.074706481319025186 0.042249099877630994 0.093623689417764 -0.08409951966065686 0.04591384620010195 -0.01238341300499445
leaf_weight=76.636570900678635 16.681538630276918 41.442669376730919 69.082839876413345 34.013827860355377 41.391216278076172 21.879359316080809 32.770886436104774 24.939359664916992 18.430682599544525 11.406601071357725 24.33769416809082 12.211224272847174 3.6136655509471884 30.021957859396935 12.921476915478705 6.3772127032279986 12.449216846376657 8.6320673897862452 6.5902997590601462 9.1572668366134167 3.0225238315761089 9.673899322748186 19.986535727977753 4.7826981991529465 16.53310352563858 9.5106271952390653 7.986674726009368 4.1125883758068111 8.0903482288122159 16.826232604682446
leaf_count=1307 284 204 352 237 181 261 228 114 87 59 300 109 21 140 60 29 72 128 43 52 21 152 94 22 84 41 41 23 36 124
internal_value=-0.00132446 0.0165359 -0.00150486 -0.0281045 0.037169 -0.0575667 0.0677409 0.0213979 0.0186277 0.0104705 -0.0318332 -0.0129873 0.0372731 0.017151 0.0435042 0.0496234 -0.00291049 -0.0671051 0.0243303 0.0486294 -0.0302861 -0.0381944 0.0750358 0.0267163 0.0033422 -0.0211188 0.0222692 -0.0420913 0.00209722 -0.0409725
internal_weight=615.513 467.16 249.237 107.373 217.924 148.352 74.1621 143.762 141.864 123.433 71.7158 47.3781 15.8249 112.026 42.9434 56.0858 65.2331 42.1398 31.2193 21.6065 9.61282 31.5533 31.1464 11.1599 87.676 38.2467 49.4293 28.736 12.2029 25.4583
internal_count=4906 2756 1659 961 1097 2150 409 688 698 611 843 543 130 552 200 259 425 536 188 124 64 413 145 51 429 184 245 143 59 252
is_linear=0
shrinkage=0.1


Tree=18
num_leaves=31
num_cat=0
split_feature=0 8 0 0 13 11 14 1 13 100 14 140 13 11 80 13 73 67 11 16 67 7 5 1 9 5 10 0 45 81
split_gain=53.2169 15.6174 11.2473 8.31285 8.27321 7.75151 6.66993 12.6723 7.62786 6.64554 7.74914 5.31007 4.59253 4.48424 4.94291 4.39539 4.22642 4.54009 4.1995 4.94771 4.44263 4.10898 4.05327 4.33972 3.94315 3.9129 5.93506 4.98547 3.82522 5.9824
threshold=7.5879535675048837 1.0000000180025095e-35 12.992471218109133 11.43189573287964 1.0000000180025095e-35 1.0000000180025095e-35 1.0000000180025095e-35 -0.12905924022197721 1.0000000180025095e-35 1.0000000180025095e-35 1.0000000180025095e-35 1.0000000180025095e-35 1.0000000180025095e-35 1.0000000180025095e-35 1.0000000180025095e-35 1.0000000180025095e-35 1.0000000180025095e-35 1.0000000180025095e-35 1.0000000180025095e-35 1.0000000180025095e-35 1.0000000180025095e-35 1.0000000180025095e-35 1.0000000180025095e-35 0.14426952600479129 1.0000000180025095e-35 1.0000000180025095e-35 1.0000000180025095e-35 14.017796039581301 1.0000000180025095e-35 1.0000000180025095e-35
decision_type=2 2 2 2 2 2 2 2 2 2 2 2 2 2 2 2 2 2 2 2 2 2 2 2 2 2 2 2 2 2
left_child=4 2 6 12 -1 -4 8 -8 -2 10 25 13 -3 14 22 18 17 -14 20 -20 -12 -19 -9 24 -24 -5 27 -27 29 -15
right_child=1 3 5 9 -6 -7 7 11 -10 -11 15 -13 16 28 -16 -17 -18 21 19 -21 -22 -23 23 -25 -26 26 -28 -29 -30 -31
leaf_value=-0.089390996116830379 -0.060450119064993139 -0.080838472129675432 0.067226930086019099 -0.037098349618147335 -0.034463240400063704 0.021728752458615119 0.21354107886063411 0.0071152829344002383 0.0081335760142739657 -0.097211024945439359 0.080482133088944238 -0.07114058588623999 -0.12336606089425506 -0.04021427265419536 0.13677332159300096 0.078949993930002627 0.025192806614207128 0.028467663671147239 -0.070493351173133531 0.056180240338847422 -0.0014142005235376414 -0.1015240861704893 -0.049185958078969104 0.11587834000870788 0.083401227307996262 -0.014860307178328928 -0.048996525181874515 0.0820465491901195 -0.052724557243289796 0.088525162821992853
leaf_weight=59.378729254007339 23.869275283068419 20.91014950722456 80.665974527597427 36.5848826803267 50.950879644602537 69.887342516332865 3.5006363093852988 25.124061591923237 50.581308901309967 6.3308223038911811 13.645227283239365 6.0219092145562163 5.8231677785515794 7.0233990699052811 5.159565031528472 16.360230043530464 12.283671185374262 7.4058547914028168 9.063092425465582 4.6733809560537329 12.872715577483177 3.6203819587826729 4.3651856929063815 9.5104366689920408 4.6139318346977234 9.2330179065465945 11.110164724290369 12.490764044225214 10.799034312367439 7.4259797111153603
leaf_count=1141 303 264 473 294 723 386 23 127 255 34 59 32 31 40 24 99 62 40 40 22 55 20 24 42 24 53 64 61 55 36
internal_value=-0.00126837 0.0128346 0.0265479 -0.010362 -0.064025 0.0461065 0.00791049 0.0273066 -0.0138547 0.00276427 0.00778616 0.0191618 -0.0450809 0.0265082 0.0442171 0.0352435 -0.0194161 -0.0519371 0.0174802 -0.0273968 0.0407269 -0.0142142 0.0332676 0.068804 0.0189441 -0.0146067 0.0104544 0.0408593 -0.00770065 0.0259489
internal_weight=601.285 490.956 308.548 182.408 110.33 150.553 157.995 83.5441 74.4506 132.364 126.033 80.0435 50.0432 74.0216 48.7732 56.6146 29.1331 16.8494 40.2544 13.7365 26.5179 11.0262 43.6136 18.4896 8.97912 69.4188 32.8339 21.7238 25.2484 14.4494
internal_count=4906 3042 1844 1198 1864 859 985 427 558 781 747 404 417 372 241 275 153 91 176 62 114 60 217 90 48 472 178 114 131 76
is_linear=0
shrinkage=0.1


Tree=19
num_leaves=31
num_cat=0
split_feature=1 0 13 14 14 13 5 100 8 9 14 11 5 69 13 140 9 7 7 0 67 11 13 174 81 9 95 65 7 26
split_gain=45.9484 13.2788 12.1007 8.11016 7.48139 7.12153 6.85758 6.46297 6.14387 5.34069 5.28459 5.21712 5.18755 5.95898 4.88682 4.83615 4.81685 4.90096 4.43617 4.18562 4.13863 6.77751 3.95714 3.81125 3.72311 3.70879 3.57739 3.36207 3.68799 4.30051
threshold=-0.19324663281440732 11.43189573287964 1.0000000180025095e-35 1.0000000180025095e-35 1.0000000180025095e-35 1.0000000180025095e-35 1.0000000180025095e-35 1.0000000180025095e-35 1.0000000180025095e-35 1.0000000180025095e-35 1.0000000180025095e-35 1.0000000180025095e-35 1.0000000180025095e-35 1.0000000180025095e-35 1.0000000180025095e-35 1.0000000180025095e-35 1.0000000180025095e-35 1.0000000180025095e-35 1.0000000180025095e-35 14.351813793182375 1.0000000180025095e-35 1.0000000180025095e-35 1.0000000180025095e-35 1.0000000180025095e-35 1.0000000180025095e-35 1.0000000180025095e-35 1.0000000180025095e-35 1.0000000180025095e-35 1.0000000180025095e-35 1.0000000180025095e-35
decision_type=2 2 2 2 2 2 2 2 2 2 2 2 2 2 2 2 2 2 2 2 2 2 2 2 2 2 2 2 2 2
left_child=5 8 4 9 6 -1 16 11 10 12 22 23 13 -4 -10 -12 -3 -18 20 -5 21 -11 -2 -6 -19 -8 -24 28 29 -13
right_child=1 2 3 19 7 -7 25 -9 14 18 15 27 -14 -15 -16 -17 17 24 -20 -21 -22 -23 26 -25 -26 -27 -28 -29 -30 -31
leaf_value=-0.089923187392623047 -0.064887410579626881 -0.10662887965220112 0.035295619737934068 0.053397717101464848 0.040700145373134017 -0.035035464986126585 -0.018812143443509802 -0.094163145640310308 -0.078783885616916002 0.048005003570314425 0.028675424357177723 -0.070784566767680843 0.047276724509952926 -0.04383382488534545 -0.015884951855480289 -0.076973667594854758 -0.068078817185441717 -0.01870472635503331 0.1109483322673258 0.11560227962600092 0.074655536224230254 -0.10794575062199928 -0.017977550055376715 0.13004811936859781 0.11474179563429268 0.034602852781228786 0.069335841254548877 0.077112325608305055 0.038918631390436297 0.013669889805873567
leaf_weight=51.688902553170919 15.549026343971489 11.028701916337015 16.124830648303032 25.329712256789207 51.007870182394981 43.559609610587358 28.310344435274601 4.4281389862298957 20.396985962986946 8.0574793517589551 57.021426856517792 12.782020762562752 24.407641023397446 23.223404824733734 31.31724289804697 4.6890964135527602 11.397805530577898 5.6409474462270737 11.331675037741659 18.880026534199715 13.204151377081871 4.2601197063922891 30.439116455614567 5.267165094614028 3.3218835182487965 24.03440859913826 5.5477395355701438 5.1868048459291449 10.986421987414358 11.413095310330391
leaf_count=1093 238 201 78 134 236 685 169 20 278 40 307 59 112 110 170 28 106 44 57 163 64 19 166 26 29 121 29 23 50 51
internal_value=-0.00122093 0.0110275 0.022619 0.044263 0.00565802 -0.0648216 -0.0164473 0.0239715 -0.0121347 0.028576 0.000906669 0.0293843 0.011059 -0.0114067 -0.0406934 0.0206476 -0.0534029 -0.0245721 0.05888 0.0799625 0.0357617 -0.00593155 -0.0227317 0.0490628 0.0307544 0.00571367 -0.0045173 0.00195175 -0.00912915 -0.0309465
internal_weight=589.834 494.585 329.625 144.819 184.806 95.2485 83.7341 101.072 164.961 100.609 113.246 96.6434 63.7559 39.3482 51.7142 61.7105 31.3893 20.3606 36.8534 44.2097 25.5218 12.3176 51.5359 56.275 8.96283 52.3448 35.9869 40.3683 35.1815 24.1951
internal_count=4906 3128 1912 777 1135 1778 670 465 1216 480 768 445 300 188 448 335 380 179 180 297 123 59 433 262 73 290 195 183 160 110
is_linear=0
shrinkage=0.1


Tree=20
num_leaves=31
num_cat=0
split_feature=1 0 8 7 9 13 14 0 11 14 13 232 11 16 15 74 140 79 36 26 100 113 40 81 14 9 83 84 0 14
split_gain=39.675 13.2448 9.89006 8.27781 7.70646 6.81352 6.46366 5.70215 5.7768 5.19717 5.86327 4.57443 4.5117 4.24571 6.24011 3.96226 3.60502 3.83083 3.4072 4.93962 3.38751 3.34975 3.32549 3.88442 4.35129 3.96442 3.85425 3.16991 3.10027 3.30739
threshold=-0.28800669312477106 14.680356025695803 1.0000000180025095e-35 1.0000000180025095e-35 1.0000000180025095e-35 1.0000000180025095e-35 1.0000000180025095e-35 12.881587982177736 1.0000000180025095e-35 1.0000000180025095e-35 1.0000000180025095e-35 1.0000000180025095e-35 1.0000000180025095e-35 1.0000000180025095e-35 1.0000000180025095e-35 1.0000000180025095e-35 1.0000000180025095e-35 1.0000000180025095e-35 1.0000000180025095e-35 1.0000000180025095e-35 1.0000000180025095e-35 1.0000000180025095e-35 1.0000000180025095e-35 1.0000000180025095e-35 1.0000000180025095e-35 1.0000000180025095e-35 1.0000000180025095e-35 1.0000000180025095e-35 17.80835056304932 1.0000000180025095e-35
decision_type=2 2 2 2 2 2 2 2 2 2 2 2 2 2 2 2 2 2 2 2 2 2 2 2 2 2 2 2 2 2
left_child=11 2 4 5 9 28 -7 8 21 10 -2 20 13 14 18 -16 17 -11 -4 -20 -1 27 23 24 25 -5 -25 -6 29 -3
right_child=1 3 12 22 7 6 -8 -9 -10 16 -12 -13 -14 -15 15 -17 -18 -19 19 -21 -22 -23 -24 26 -26 -27 -28 -29 -30 -31
leaf_value=-0.077000784713656109 -0.07723951967004565 -0.04134653163640882 0.051886594305540705 -0.040974835645724322 0.024221920796766803 0.021710045906236503 0.11357719638982638 0.07609043573149249 -0.020968509356638968 0.011410381385352749 -0.007542796774193704 0.11129524822201087 -0.051040656144641365 -0.040129558454056684 -0.075509784717739781 0.016318429598268892 -0.068946343299949392 0.091023829920531138 -0.1130104111766523 0.053664112531128697 0.06390540021710954 0.13675874531070428 0.097089894398962762 0.13233152076865312 0.087264562083650174 0.050626345084352632 0.026936800085048365 0.12835446168904641 0.081322616118428531 0.0088690621524173049
leaf_weight=69.823818400502205 16.595318049192429 23.46330102533102 24.523092553019527 10.94644903019071 40.833143495023251 27.114052951335907 10.673689499497412 22.625664681196213 24.43293009698391 58.311661683022976 44.266148947179317 1.3642204366624344 42.49038215354085 30.92706660926342 11.444779235869648 7.9717962853610507 4.9401975870132437 6.7428329437971106 3.4331615567207328 3.6883691884577274 1.7488980144262303 3.2583311200141898 18.776127450168133 8.3449855148792249 7.7580319866538039 8.3126578480005264 5.9393089897930613 3.1487253382802001 3.7057426534593096 29.742621377110481
leaf_count=1474 245 152 155 69 265 136 102 127 190 317 235 23 367 233 95 64 30 36 28 34 32 19 116 49 45 46 37 23 23 139
internal_value=-0.00116226 0.00880605 -0.00197541 0.0331608 0.0105301 0.0147409 0.0476592 0.0323237 0.0185075 -0.00517512 -0.0265473 -0.0701002 -0.0245951 -0.0108897 0.00682053 -0.0378082 0.0134083 0.0196622 0.0342039 -0.0266867 -0.0735577 0.0389248 0.0621958 0.0463326 0.0240333 -0.00143773 0.0885091 0.0316769 -0.00711587 -0.0132755
internal_weight=577.348 504.411 349.634 154.777 225.155 94.6994 37.7877 94.2988 71.6731 130.856 60.8615 72.9369 124.479 81.9883 51.0612 19.4166 69.9947 65.0545 31.6446 7.12153 71.5727 47.2402 60.0776 41.3014 27.0171 19.2591 14.2843 43.9819 56.9117 53.2059
internal_count=4906 3377 2463 914 1487 552 238 624 497 863 480 1529 976 609 376 159 383 353 217 62 1506 307 362 246 160 115 86 288 314 291
is_linear=0
shrinkage=0.1


Tree=21
num_leaves=31
num_cat=0
split_feature=1 0 13 14 14 5 5 14 13 140 100 5 9 9 139 232 84 0 0 9 0 82 10 7 42 99 0 53 7 12
split_gain=34.295 11.8862 11.5887 7.73829 5.94166 6.6441 5.23463 5.07456 6.65269 6.52003 4.55403 4.32368 4.17573 4.15714 3.88303 3.83225 3.81398 4.33283 3.75643 3.60044 5.63495 5.39607 3.64583 3.57052 4.39729 3.53174 3.40163 3.68716 3.3022 3.29848
threshold=-0.28800669312477106 10.843257904052736 1.0000000180025095e-35 1.0000000180025095e-35 1.0000000180025095e-35 1.0000000180025095e-35 1.0000000180025095e-35 1.0000000180025095e-35 1.0000000180025095e-35 1.0000000180025095e-35 1.0000000180025095e-35 1.0000000180025095e-35 1.0000000180025095e-35 1.0000000180025095e-35 1.0000000180025095e-35 1.0000000180025095e-35 1.0000000180025095e-35 9.3497605323791522 14.351813793182375 1.0000000180025095e-35 15.63039016723633 1.0000000180025095e-35 1.0000000180025095e-35 1.0000000180025095e-35 1.0000000180025095e-35 1.0000000180025095e-35 14.680356025695803 1.0000000180025095e-35 1.0000000180025095e-35 1.0000000180025095e-35
decision_type=2 2 2 2 2 2 2 2 2 2 2 2 2 2 2 2 2 2 2 2 2 2 2 2 2 2 2 2 2 2
left_child=15 7 4 6 5 12 19 8 -2 14 11 13 -3 25 16 -1 -9 -18 -5 21 -21 22 -4 -7 -25 26 -6 -28 -14 -26
right_child=1 2 3 18 10 23 -8 9 -10 -11 -12 -13 28 -15 -16 -17 17 -19 -20 20 -22 -23 -24 24 29 -27 27 -29 -30 -31
leaf_value=-0.07098628488496754 -0.082403478081385803 -0.10572154853960017 -0.051779181154995746 0.052142509441016449 -0.02631735654875041 -0.020345999662815639 0.05357022909533548 -0.0050654073931121861 -0.015352560916243858 -0.10309537425835967 -0.07464933962529878 0.048268297585226445 -0.065400297925926762 0.038144406669385456 0.084544563177667925 0.09077008796968733 0.00055684437347374414 0.16116810289481082 0.11264954274757917 0.0083960692605413913 0.1134464951069339 0.084169635938270981 0.010951417465325851 0.066406441679292813 0.027415209628237316 -0.061198439270183848 -0.028487763278584589 0.082969661066203682 0.01367423847898868 -0.084489113657860382
leaf_weight=67.008677266538143 20.691403638571501 10.439359925687315 20.530996650457382 28.411880597472191 15.740258492529394 29.237814359366894 39.094099350273609 60.15448959171772 51.948612697422504 5.4730948582291594 5.1019658446311942 39.361313357949257 11.307336561381817 25.121407546103001 6.3877659961581221 1.4973696023225773 3.6670613624155513 3.0992085635662079 16.060177125036716 18.512451671063904 7.0509808734059325 5.3192881643772116 16.883812859654427 14.748839564621449 6.6136105880141258 11.272146940231321 4.6305325776338551 8.2670696973800659 9.9094331860542297 4.3774446845054626
leaf_count=1506 432 217 101 152 79 171 186 403 334 39 24 186 116 117 39 23 27 16 163 87 40 25 81 74 46 50 21 38 81 32
internal_value=-0.00110117 0.00800018 0.0181767 0.0389152 0.0021188 -0.0174487 0.0243889 -0.0153872 -0.0344519 0.00219123 0.0176009 0.0221095 -0.0539442 0.00627641 0.0100518 -0.0674507 0.00294122 0.0741229 0.0739934 0.0076853 0.0373714 -0.0100728 -0.0234714 0.00356531 0.030726 -0.0137829 0.00488027 0.0429539 -0.028468 -0.0171533
internal_weight=567.92 499.414 347.992 151.864 196.129 86.6338 107.392 151.422 72.64 78.7816 109.495 104.393 31.6561 65.0314 73.3085 68.506 66.9208 6.76627 44.4721 68.2975 25.5634 42.7341 37.4148 54.9777 25.7399 39.91 28.6379 12.8976 21.2168 10.9911
internal_count=4906 3377 2087 835 1252 737 520 1290 766 524 515 491 414 305 485 1529 446 43 315 334 127 207 182 323 152 188 138 59 197 78
is_linear=0
shrinkage=0.1


Tree=22
num_leaves=31
num_cat=0
split_feature=0 0 13 14 14 13 140 11 12 16 21 0 5 10 0 0 69 8 113 6 10 11 17 7 8 0 0 52 68 56
split_gain=30.1555 11.3287 8.15079 6.21479 5.99512 8.3399 6.21595 5.93579 4.20724 7.49512 4.16299 3.99191 3.90576 4.05534 3.64885 3.60126 3.87453 3.51234 3.38776 3.22473 3.81667 3.16908 3.13836 3.142 7.18813 3.42158 3.31315 3.21545 3.15412 3.70898
threshold=5.5947980880737314 11.43189573287964 1.0000000180025095e-35 1.0000000180025095e-35 1.0000000180025095e-35 1.0000000180025095e-35 1.0000000180025095e-35 1.0000000180025095e-35 1.0000000180025095e-35 1.0000000180025095e-35 1.0000000180025095e-35 14.351813793182375 1.0000000180025095e-35 1.0000000180025095e-35 2.0465434789657597 15.683778285980226 1.0000000180025095e-35 1.0000000180025095e-35 1.0000000180025095e-35 1.0000000180025095e-35 1.0000000180025095e-35 1.0000000180025095e-35 1.0000000180025095e-35 1.0000000180025095e-35 1.0000000180025095e-35 12.881587982177736 13.351129055023195 1.0000000180025095e-35 1.0000000180025095e-35 1.0000000180025095e-35
decision_type=2 2 2 2 2 2 2 2 2 2 2 2 2 2 2 2 2 2 2 2 2 2 2 2 2 2 2 2 2 2
left_child=14 4 7 12 5 -2 19 8 9 10 -3 -5 13 15 -1 21 -17 -15 -7 20 -6 -4 -9 25 -25 -24 -27 -28 -29 -30
right_child=1 2 3 11 6 18 -8 22 -10 -11 -12 -13 -14 17 -16 16 -18 -19 -20 -21 -22 -23 23 24 -26 26 27 28 29 -31
leaf_value=0.13099314478223797 -0.077614096648585859 0.079206255602368547 -0.0040367271192299093 0.045141254451612205 0.044120092469033707 -0.01795688763490506 -0.089888680907172669 0.066060637279825973 -0.0061859816553380244 -0.0026210658594459282 -0.01969117601390781 0.1113060571449617 0.049514143162889324 0.062614649902284825 -0.078201924449163226 0.097147910882048036 -0.023998097992630803 -0.014752056195592559 0.072304261479733484 -0.01399391889200073 -0.0086560945994866214 -0.075670209190941654 -0.099616554689379355 0.036960687945274621 -0.081124388841831721 0.056253279496774278 -0.10361643557556757 -0.062961208216983103 -0.056281124263458805 0.050108359839364749
leaf_weight=0.84800944849848647 27.345786629244685 30.783867437392473 14.476111188530922 24.020512446761131 37.508303489536047 59.833689644932747 6.5675258077681056 4.1704362705349913 40.856567729264498 29.430133771151304 4.9392598345875731 14.698247976601122 35.310048080980778 18.005770601332188 49.701765581965446 5.1404372081160528 5.4272607862949371 8.7048274278640765 4.4688151553273192 33.507575750350952 21.590236350893974 10.771179556846619 7.8451929911971083 18.625784497708086 7.1276524923741809 4.246786840260028 6.0024975836277035 10.622510358691216 5.3044414557516566 8.5726737082004547
leaf_count=20 591 174 69 134 254 403 50 21 267 182 27 163 172 88 1259 27 29 41 26 247 144 54 67 120 63 28 35 67 35 49
internal_value=-0.0010475 0.00631109 0.0179566 0.0363469 -0.0129178 -0.0313561 0.0041214 0.00389004 0.0189712 0.0347469 0.0655322 0.0702585 0.0229262 0.00791126 -0.0746925 -0.0140822 0.0349309 0.0374013 -0.011684 0.0107885 0.0248396 -0.0345975 -0.0181563 -0.0232951 0.00427886 -0.0399669 -0.0265 -0.0380216 -0.0219507 0.00944164
internal_weight=556.454 505.904 315.082 136.554 190.822 91.6483 99.1736 178.528 106.01 65.1533 35.7231 38.7188 97.8356 62.5256 50.5498 35.815 10.5677 26.7106 64.3025 92.6061 59.0985 25.2473 72.518 68.3475 25.7534 42.5941 34.7489 30.5021 24.4996 13.8771
internal_count=4906 3627 1912 777 1715 1020 695 1135 650 383 201 297 480 308 1279 179 56 129 429 645 398 123 485 464 183 281 214 186 151 84
is_linear=0
shrinkage=0.1


Tree=23
num_leaves=31
num_cat=0
split_feature=0 8 0 11 1 100 0 10 13 14 82 14 83 96 99 0 55 13 67 9 69 6 5 0 140 12 6 84 31 14
split_gain=26.2594 10.8848 7.98719 5.82403 5.48948 4.33982 4.21281 4.08844 6.83259 6.54161 5.0736 3.9522 3.77506 3.44486 3.66472 4.88669 4.26033 3.29464 3.4636 5.59528 4.93103 4.22723 3.29299 3.26868 3.26416 3.16592 3.16149 3.12127 4.50454 4.70862
threshold=5.5947980880737314 1.0000000180025095e-35 12.992471218109133 1.0000000180025095e-35 0.18290363997220996 1.0000000180025095e-35 17.433264732360843 1.0000000180025095e-35 1.0000000180025095e-35 1.0000000180025095e-35 1.0000000180025095e-35 1.0000000180025095e-35 1.0000000180025095e-35 1.0000000180025095e-35 1.0000000180025095e-35 16.119096755981449 1.0000000180025095e-35 1.0000000180025095e-35 1.0000000180025095e-35 1.0000000180025095e-35 1.0000000180025095e-35 1.0000000180025095e-35 1.0000000180025095e-35 12.699520587921144 1.0000000180025095e-35 1.0000000180025095e-35 1.0000000180025095e-35 1.0000000180025095e-35 1.0000000180025095e-35 1.0000000180025095e-35
decision_type=2 2 2 2 2 2 2 2 2 2 2 2 2 2 2 2 2 2 2 2 2 2 2 2 2 2 2 2 2 2
left_child=-1 2 7 6 -3 11 12 8 9 -2 -11 17 -4 14 16 -16 -5 -6 20 -20 23 -22 25 -19 -13 -9 -15 28 29 -10
right_child=1 4 3 13 5 -7 -8 22 27 10 -12 24 -14 26 15 -17 -18 18 19 -21 21 -23 -24 -25 -26 -27 -28 -29 -30 -31
leaf_value=-0.072286138348202647 -0.075940403803865686 -0.04305340196802046 0.054815004215688815 -0.0021323539259309006 -0.041166069496673154 -0.080937481913084697 0.12130008148827467 -0.056111485342718759 -0.021647772677333241 -0.0086659122191014275 0.093291883432644343 0.026920510221949946 -0.020407292660205717 -0.10387322887635941 -0.088631015665698018 0.056255029499998901 0.057997645491104914 -0.042756608974871067 -0.0073044018681554307 0.097020937105040936 -0.12640642230105756 0.0010994153772688339 0.0079781181769765838 0.077880275305095725 -0.062604716728080087 0.00032479105305240871 0.024613225672842545 0.12172136014572565 0.073224094769542197 0.052183118097373207
leaf_weight=47.207351826131344 12.11163763515651 47.190918561071157 56.184210896492004 20.051376767456532 28.860344171524048 6.8656848035752764 8.3803663030266744 24.888921823352575 19.230634085834026 26.343673653900623 5.9904597029089919 53.375990800559521 7.5705925300717345 4.464216321706771 6.1284030713140947 3.7537604942917824 28.575449202209711 3.9357230067253113 14.574219331145288 7.9426349252462378 6.300888255238533 4.4269817173480988 35.341063121333718 5.2314675748348236 4.4090999364852896 16.549206979572773 3.3536760918796062 4.2277159839868537 17.891614601016045 15.682353623211382
leaf_count=1279 226 563 357 111 318 39 66 198 110 175 36 277 50 27 36 22 170 20 70 38 31 22 241 26 26 140 20 26 111 75
internal_value=-0.000994171 0.00573908 0.0169598 0.0349783 -0.0136686 -0.00346659 0.0546444 0.0029639 0.0161371 -0.0132565 0.0102235 0.000654761 0.0458827 0.0135901 0.0219206 -0.0335957 0.0332029 -0.0151023 0.00263346 0.0294955 -0.0277685 -0.0737896 -0.0144469 0.0260876 0.0200896 -0.0335724 -0.0487558 0.0390437 0.0324243 0.0115159
internal_weight=547.041 499.833 316.719 138.462 183.114 135.923 72.1352 178.257 101.478 44.4458 32.3341 129.057 63.7548 66.3269 58.509 9.88216 48.6268 71.2723 42.4119 22.5169 19.8951 10.7279 76.7792 9.16719 57.7851 41.4381 7.81789 57.0323 52.8046 34.913
internal_count=4906 3627 2197 859 1430 867 473 1338 759 437 211 828 407 386 339 58 281 525 207 108 99 53 579 46 303 338 47 322 296 185
is_linear=0
shrinkage=0.1


Tree=24
num_leaves=31
num_cat=0
split_feature=0 8 1 9 11 14 16 15 21 13 11 1 9 0 14 13 113 79 13 0 12 99 61 53 54 61 0 26 12 54
split_gain=22.8096 8.91495 6.6976 5.59294 4.76835 4.41771 3.82586 5.1498 5.43513 4.28023 3.78837 4.07884 3.64997 3.76941 3.59108 4.76729 3.97646 3.73037 3.54194 3.52236 3.43004 3.33155 3.53247 3.66572 3.2994 6.27967 3.23655 3.21489 3.47535 4.39306
threshold=5.5947980880737314 1.0000000180025095e-35 0.57563310861587536 1.0000000180025095e-35 1.0000000180025095e-35 1.0000000180025095e-35 1.0000000180025095e-35 1.0000000180025095e-35 1.0000000180025095e-35 1.0000000180025095e-35 1.0000000180025095e-35 -0.19324663281440732 1.0000000180025095e-35 11.190965175628664 1.0000000180025095e-35 1.0000000180025095e-35 1.0000000180025095e-35 1.0000000180025095e-35 1.0000000180025095e-35 11.23477077484131 1.0000000180025095e-35 1.0000000180025095e-35 1.0000000180025095e-35 1.0000000180025095e-35 1.0000000180025095e-35 1.0000000180025095e-35 2.0465434789657597 1.0000000180025095e-35 1.0000000180025095e-35 1.0000000180025095e-35
decision_type=2 2 2 2 2 2 2 2 2 2 2 2 2 2 2 2 2 2 2 2 2 2 2 2 2 2 2 2 2 2
left_child=26 2 3 14 6 -4 7 8 -3 -10 11 -5 -8 -14 15 -2 17 18 -16 -9 -19 22 23 -21 25 -12 -1 -6 -29 -30
right_child=1 4 5 10 27 -7 12 19 9 -11 24 -13 13 -15 16 -17 -18 20 -20 21 -22 -23 -24 -25 -26 -27 -28 28 29 -31
leaf_value=0.11849742724356234 -0.07978494476682968 0.048044815703484178 0.021465031938441431 -0.059126246398701544 -0.058331787624250522 0.065671579146107814 -0.046203073269403636 -0.078357411054522 -0.11934887768397436 0.045157930811366563 0.00060060187471602984 0.046323664548320265 -0.061301924713816826 0.044635809975799079 -0.016500183447160699 -0.010915921636094674 -0.091054870081208439 0.15220165185649173 0.033953884405886474 0.00085920183147247743 0.01252690018445715 -0.052608755042790972 -0.036395828347403528 0.1276854098854204 -0.030873850949774979 0.17380883946327466 -0.073699575267774139 -0.035799598843788229 -0.044212937228907977 0.089936197334628765
leaf_weight=0.89428318291902442 13.213846474885939 39.082401294261217 65.278366975486279 3.9304018635302773 30.288432126864791 34.581774301826954 27.844177765771747 7.5881748888641622 3.789202691987156 2.7147352769970894 10.729471210390331 54.969795439392328 4.7561061307787922 11.43147052824497 33.565994303673506 41.997386924922466 3.9070334658026686 3.477232761681079 23.765079036355019 4.3961258456110972 3.5563883930444717 7.6630599126219741 5.2412537671625605 4.7321833744645119 18.491471141576767 2.6004542168229809 43.260869685560465 20.951938664540648 4.1056863851845282 6.0211380701512098
leaf_count=20 258 279 390 60 250 254 215 99 34 17 90 340 53 70 208 238 22 19 132 31 21 42 33 32 144 21 1259 186 48 41
internal_value=-0.000941361 0.0052057 0.0153859 0.00541509 -0.0124972 0.0367739 -0.000840466 0.0128655 0.0339589 -0.0506839 0.0242669 0.039287 -0.0242505 0.01351 -0.00843515 -0.0273985 0.00690049 0.0128465 0.00441421 -0.0195972 0.0815783 0.000640147 0.0290369 0.0666069 -0.00353463 0.0343907 -0.069807 -0.0351467 -0.0125512 0.0355485
internal_weight=538.826 494.671 314.065 214.205 180.606 99.8601 119.239 75.2071 45.5863 6.50394 90.7216 58.9002 44.0318 16.1876 123.483 55.2112 68.2717 64.3647 57.3311 29.6208 7.03362 22.0326 14.3696 9.12831 31.8214 13.3299 44.1552 61.3672 31.0788 10.1268
internal_count=4906 3627 2197 1553 1430 644 905 567 330 51 655 400 338 123 898 496 402 380 340 237 40 138 96 63 255 111 1279 525 275 89
is_linear=0
shrinkage=0.1


Tree=25
num_leaves=31
num_cat=0
split_feature=0 5 13 14 14 0 0 88 13 95 17 28 0 0 15 7 69 36 0 15 82 21 56 15 73 81 53 0 47 10
split_gain=19.787 8.65788 7.2725 9.09592 5.40695 5.78482 4.90496 5.60153 5.13892 4.68081 4.03242 3.96155 3.66397 3.66283 3.60263 3.58329 8.52771 9.53362 3.456 4.32778 3.42051 4.39971 4.20123 3.44111 3.34822 3.45377 5.89059 3.23413 4.4715 3.22933
threshold=5.5947980880737314 1.0000000180025095e-35 1.0000000180025095e-35 1.0000000180025095e-35 1.0000000180025095e-35 14.351813793182375 10.843257904052736 1.0000000180025095e-35 1.0000000180025095e-35 1.0000000180025095e-35 1.0000000180025095e-35 1.0000000180025095e-35 10.513347148895265 14.867898464202883 1.0000000180025095e-35 1.0000000180025095e-35 1.0000000180025095e-35 1.0000000180025095e-35 10.035592079162599 1.0000000180025095e-35 1.0000000180025095e-35 1.0000000180025095e-35 1.0000000180025095e-35 1.0000000180025095e-35 1.0000000180025095e-35 1.0000000180025095e-35 1.0000000180025095e-35 9.0047912597656268 1.0000000180025095e-35 1.0000000180025095e-35
decision_type=2 2 2 2 2 2 2 2 2 2 2 2 2 2 2 2 2 2 2 2 2 2 2 2 2 2 2 2 2 2
left_child=-1 2 3 13 18 9 7 -3 11 29 -5 -8 14 -2 -12 24 17 -17 19 27 21 -13 -23 -22 25 26 -14 28 -4 -6
right_child=1 6 4 10 5 -7 8 -9 -10 -11 12 20 15 -15 -16 16 -18 -19 -20 -21 23 22 -24 -25 -26 -27 -28 -29 -30 -31
leaf_value=-0.067297461431849878 -0.091698810612166462 -0.0069926894895086175 0.088586304569021446 0.10364843448919768 0.055668997153823674 0.10962904686637365 0.11291143314871269 0.15565026702860493 0.05646754475171082 -0.052839522471276545 -0.075272819644735756 0.013419595925675482 -0.14088001942310577 -0.030347286871080958 0.013004116957075233 -0.073138729766934876 0.10233074153653743 0.087712923214241942 0.0053929448916235937 -0.096030731158281882 0.10177810355391995 0.019473834844383378 -0.11885065477765429 -0.020155350621924542 0.013997962706712481 0.0051051065671764775 -0.011508292048574868 -0.081902336474870496 -0.03666149672901816 -0.0090614892908596079
leaf_weight=41.388830611482263 21.703487506136298 66.912618964910507 5.2244861647486669 3.1928737163543692 23.853223577141762 8.5705167502164823 4.0819597020745269 2.1867643631994715 49.934914585202932 7.3779277876019469 14.428076170384886 67.850337088108063 6.7951625511050224 17.640819065272808 6.8027387559413901 10.271236538887026 9.98029473423958 5.7461219280958167 72.462578766047955 8.4420668110251427 7.577044725418089 3.7781057283282262 5.242532804608345 3.3323889225721359 18.711079590022564 9.1190730556845665 7.3009439706802368 4.2428469136357316 6.2729168906807899 11.386128693819044
leaf_count=1279 537 624 41 16 139 110 21 21 287 38 149 381 35 166 65 51 49 29 367 69 44 20 27 20 91 45 34 26 60 65
internal_value=-0.000899455 0.00470417 -0.0068369 -0.0239267 0.00838701 0.0346653 0.0200008 -0.00184558 0.0306468 0.0195898 -0.00677246 0.0166111 -0.0107269 -0.0641906 -0.0469873 0.000606881 0.0297748 -0.0154343 -0.00553125 -0.0382657 0.0121329 0.00469644 -0.0609163 0.0645324 -0.0174796 -0.04285 -0.0738732 -0.00728423 0.0202518 0.034754
internal_weight=531.81 490.421 279.525 131.692 147.833 51.1878 210.897 69.0994 141.797 42.6173 92.3476 91.8624 89.1547 39.3443 21.2308 67.9239 25.9977 16.0174 96.6449 24.1823 87.7804 76.871 9.02064 10.9094 41.9263 23.2152 14.0961 15.7402 11.4974 35.2394
internal_count=4906 3627 2182 1267 915 352 1445 645 800 242 564 513 548 703 214 334 129 80 563 196 492 428 47 64 205 114 69 127 101 204
is_linear=0
shrinkage=0.1


Tree=26
num_leaves=31
num_cat=0
split_feature=0 9 11 14 266 16 0 19 140 0 0 82 56 45 1 13 7 168 27 87 13 0 15 0 0 79 12 40 93 68
split_gain=17.1202 8.19598 5.80029 5.21261 6.9964 5.66041 4.87223 4.8006 4.79056 4.33241 4.1786 4.14728 4.0185 5.14554 3.69539 3.95595 4.38885 3.63393 3.3996 3.36146 3.21233 5.3433 6.79886 3.16629 4.27115 3.4996 3.15383 3.28938 3.09438 3.05064
threshold=5.5947980880737314 1.0000000180025095e-35 1.0000000180025095e-35 1.0000000180025095e-35 1.0000000180025095e-35 1.0000000180025095e-35 7.1540040969848642 1.0000000180025095e-35 1.0000000180025095e-35 8.3682408332824725 13.096509456634523 1.0000000180025095e-35 1.0000000180025095e-35 1.0000000180025095e-35 0.62826070189476024 1.0000000180025095e-35 1.0000000180025095e-35 1.0000000180025095e-35 1.0000000180025095e-35 1.0000000180025095e-35 1.0000000180025095e-35 2.8350445032119755 1.0000000180025095e-35 9.0047912597656268 10.120465755462648 1.0000000180025095e-35 1.0000000180025095e-35 1.0000000180025095e-35 1.0000000180025095e-35 1.0000000180025095e-35
decision_type=2 2 2 2 2 2 2 2 2 2 2 2 2 2 2 2 2 2 2 2 2 2 2 2 2 2 2 2 2 2
left_child=20 3 6 4 5 9 -3 19 11 -2 17 14 -13 -14 -5 16 -16 26 -7 29 -1 22 -22 -11 -25 28 27 -4 -26 -8
right_child=1 2 10 8 -6 18 7 -9 -10 23 -12 12 13 -15 15 -17 -18 -19 -20 -21 21 -23 -24 24 25 -27 -28 -29 -30 -31
leaf_value=-0.089540755138876937 -0.065497067079209256 -0.05682912031088893 -0.083513155026976593 -0.0057748267447104117 0.15578139159498752 0.075486351120854861 0.035393528943361556 -0.049022341900692677 -0.061253914662728587 0.10241374572217153 0.022983800565876376 -0.012688406134566952 0.048661395621681126 0.19115451797168301 -0.01355692635184595 0.10845109361158263 0.078012679076962466 0.084020896548374982 -0.051472463009379299 -0.029806359173252361 -0.027580828583792884 -0.063656626578478925 0.24321813272956977 -0.085757321471041162 0.006487785741908181 0.094095598465051833 0.0048719454767428266 0.0029487943506232017 -0.07260295767276001 0.073067962665230579
leaf_weight=22.265967924147844 10.70890956558287 5.8215221222490063 15.326829064637424 85.676812406629324 2.231861848384141 2.1919004954397669 80.57769307680428 6.1872276328504077 9.5967416018247587 3.0456508789211503 31.775078535079956 5.9922709688544282 9.6123844310641271 3.4415408484637746 15.719546489417558 5.9071346223354331 7.8470162078738204 2.7455981094390145 55.849025005474687 6.2754434533417216 2.615058463066819 12.550301253795622 1.4363832436501978 5.5704671498388043 55.175143966451287 4.1709389276802531 12.256020598113535 6.172011721879243 5.433956950902938 29.311463553458452
leaf_count=789 177 104 151 530 18 13 554 38 67 27 185 42 56 22 76 84 42 26 519 37 72 385 33 64 381 27 116 44 40 187
internal_value=-0.000859936 0.00426154 0.0200122 -0.00647586 -0.019898 -0.0226564 0.0325533 0.0368061 0.00700082 -0.00607911 -0.00353101 0.0118819 0.0551074 0.0862283 0.00473228 0.0352753 0.0169332 -0.0266132 -0.0466779 0.0413776 -0.0647168 -0.0314233 0.0684272 0.0025903 -0.0017313 0.00549413 -0.0356121 -0.0586912 -0.000603158 0.0454427
internal_weight=523.488 484.62 196.449 288.171 144.378 142.146 128.173 122.352 143.793 84.1051 68.2755 134.197 19.0462 13.0539 115.151 29.4737 23.5666 36.5005 58.0409 116.165 38.8677 16.6017 4.05144 73.3962 70.3505 64.78 33.7549 21.4988 60.6091 109.889
internal_count=4906 3627 1442 2185 1266 1248 920 816 919 716 522 852 120 78 732 202 118 337 532 778 1279 490 105 539 512 448 311 195 421 741
is_linear=0
shrinkage=0.1


Tree=27
num_leaves=31
num_cat=0
split_feature=0 8 9 195 70 54 60 16 14 5 176 14 13 0 0 21 13 101 0 10 12 13 113 13 61 113 81 79 79 64
split_gain=14.8545 7.47492 4.97598 4.94647 4.33449 6.43545 4.96409 7.26751 5.89629 4.48277 4.2023 4.06904 5.04454 4.07131 3.9243 3.82827 3.731 4.91799 6.12065 4.02038 5.47618 3.51961 3.51111 3.42827 3.32288 3.29178 3.40614 4.35007 3.17735 4.5821
threshold=5.5947980880737314 1.0000000180025095e-35 1.0000000180025095e-35 1.0000000180025095e-35 1.0000000180025095e-35 1.0000000180025095e-35 1.0000000180025095e-35 1.0000000180025095e-35 1.0000000180025095e-35 1.0000000180025095e-35 1.0000000180025095e-35 1.0000000180025095e-35 1.0000000180025095e-35 16.495551109313968 8.8720054626464862 1.0000000180025095e-35 1.0000000180025095e-35 1.0000000180025095e-35 11.43189573287964 1.0000000180025095e-35 1.0000000180025095e-35 1.0000000180025095e-35 1.0000000180025095e-35 1.0000000180025095e-35 1.0000000180025095e-35 1.0000000180025095e-35 1.0000000180025095e-35 1.0000000180025095e-35 1.0000000180025095e-35 1.0000000180025095e-35
decision_type=2 2 2 2 2 2 2 2 2 2 2 2 2 2 2 2 2 2 2 2 2 2 2 2 2 2 2 2 2 2
left_child=-1 2 3 11 5 6 25 8 -8 23 16 12 -2 22 24 21 17 18 -3 -20 -21 -6 28 -7 -11 26 -4 -28 29 -13
right_child=1 10 4 -5 15 9 7 -9 -10 14 -12 13 -14 -15 -16 -17 -18 -19 19 20 -22 -23 -24 -25 -26 -27 27 -29 -30 -31
leaf_value=-0.062218616317819476 -0.052175958875779575 -0.078719717247428447 0.037571125003644783 0.13205734915456999 0.041064260586777097 -0.083323828686262938 -0.078884868246676662 0.1721208885926655 0.10381985126706401 -0.13270743454700504 -0.10462217887449124 -0.0011963225572748151 0.00068464293023318004 0.092091719760279786 0.049643562261279944 -0.027044179342148235 0.005027731637703552 0.091960671584194631 0.0060307115426586361 -0.012020106938389853 -0.10976331490913929 0.099724082649714052 -0.078257274156362994 -0.0054327122918206693 0.029024680692973988 0.11881357845215146 -0.098501599340493323 0.062169143930470294 0.072193923193878698 0.087374230974631248
leaf_weight=36.622064439579844 25.916553864255548 19.339556112885475 10.169214442372327 2.8922553919255725 33.13025114685297 11.113806726410985 3.1322195790708047 6.1703759431838989 4.0506603941321373 2.5785241890698698 4.8274153824895611 62.42945296689868 59.502390261739492 6.3993808366358271 13.915084842592476 5.7698733732104293 83.842544347047806 3.4765095207840195 38.227345023304224 16.886657971888781 8.6774366255849618 14.796842057257889 4.3402163609862319 11.495258066803217 2.5039619822055101 2.6352833472192279 5.5519040469080201 2.4194157589226961 8.4120725654065591 6.4438850469887248
leaf_count=1279 363 386 78 21 192 118 24 39 21 25 38 383 336 58 82 33 519 33 265 117 72 112 26 73 24 18 59 17 51 44
internal_value=-0.000824619 0.00384931 0.0132872 0.00235789 0.0281771 0.0127682 0.0449535 0.0925246 0.0241483 -0.0136328 -0.012615 0.000195092 -0.0153535 0.0152834 0.0221756 0.0499103 -0.0100092 -0.0245661 -0.0294392 -0.0144989 -0.0451979 0.0591747 0.00926168 -0.0437212 -0.0530277 0.0143782 -0.000793229 -0.0497356 0.0141766 0.00709046
internal_weight=517.668 481.046 305.769 176.336 129.433 75.7357 34.1291 13.3533 7.18288 41.6066 175.277 173.444 85.4189 88.025 18.9976 53.697 170.45 86.6075 83.131 63.7914 25.5641 47.9271 81.6256 22.6091 5.08249 20.7758 18.1405 7.97132 77.2854 68.8733
internal_count=4906 3627 2197 1282 915 578 256 84 45 322 1430 1261 699 562 131 337 1392 873 840 454 189 304 504 191 49 172 154 76 478 427
is_linear=0
shrinkage=0.1


Tree=28
num_leaves=31
num_cat=0
split_feature=0 5 13 14 266 1 14 0 14 70 13 0 11 15 97 9 69 16 15 94 7 26 53 81 81 1 54 12 105 52
split_gain=12.8429 7.87546 5.69758 7.76394 5.41639 4.1767 5.86864 4.17269 3.73814 3.56656 3.50376 4.79407 5.75794 4.56296 3.49136 3.40931 3.30921 3.60597 3.17181 3.09924 3.0183 3.25011 3.7464 5.72341 4.85361 3.32882 4.6287 3.85763 3.00387 2.94281
threshold=5.3483915328979501 1.0000000180025095e-35 1.0000000180025095e-35 1.0000000180025095e-35 1.0000000180025095e-35 -0.019545212388038632 1.0000000180025095e-35 13.661875724792482 1.0000000180025095e-35 1.0000000180025095e-35 1.0000000180025095e-35 2.8350445032119755 1.0000000180025095e-35 1.0000000180025095e-35 1.0000000180025095e-35 1.0000000180025095e-35 1.0000000180025095e-35 1.0000000180025095e-35 1.0000000180025095e-35 1.0000000180025095e-35 1.0000000180025095e-35 1.0000000180025095e-35 1.0000000180025095e-35 1.0000000180025095e-35 1.0000000180025095e-35 0.74826982617378246 1.0000000180025095e-35 1.0000000180025095e-35 1.0000000180025095e-35 1.0000000180025095e-35
decision_type=2 2 2 2 2 2 2 2 2 2 2 2 2 2 2 2 2 2 2 2 2 2 2 2 2 2 2 2 2 2
left_child=10 2 3 15 7 -4 20 -3 9 -9 -1 12 13 -12 -8 -2 -17 18 -18 28 21 25 23 -23 -24 26 -7 -28 -5 -11
right_child=1 4 5 19 -6 6 14 8 -10 29 11 -13 -14 -15 -16 16 17 -19 -20 -21 -22 22 24 -25 -26 -27 27 -29 -30 -31
leaf_value=-0.091448282906691797 -0.10398170480549895 0.0053953255004624175 -0.027635474133980972 -0.016821605701851438 0.15803703579063011 -0.14739730810101023 0.061893786087057936 0.073634258514170089 0.06954106494749894 -0.051928960113550061 -0.1037069030341829 -0.062448949524539221 0.2637190387771981 0.14847749644401695 -0.020103543754831133 -0.069870620199441624 0.12378014736500437 -0.070384497013200154 -0.023453563885770412 0.056568307767891748 0.022198779593873234 -0.093184997221311044 0.092178108721056584 0.048153339832462318 -0.04203879585135719 0.01872488365895204 -0.082936681137762688 0.035539381458101323 0.078536241268116522 0.019371566085845129
leaf_weight=17.948543664067984 12.656420215964316 130.82858063839376 29.916240056976676 79.49600925296545 2.7250874880701295 5.0903507247567221 29.899324253201485 10.12203089147806 22.114629913121462 6.952622339129447 1.831371974200013 9.8468133416026813 1.0856346059590576 1.179624181240797 6.2841051369905463 14.735992133617401 3.1109485924243927 3.8099395968019962 2.7623815201222897 6.9700672738254061 32.819182448089123 6.6343465074896812 8.0496851578354818 5.0428313314914703 4.0498658269643792 6.0168531984090796 6.45000821352005 4.7886584922671318 3.4466786459088317 34.576562091708183
leaf_count=734 397 1031 265 511 17 26 225 52 161 37 55 341 27 23 37 244 23 37 21 40 171 38 41 26 20 33 37 23 22 191
internal_value=-0.00078644 0.00330177 -0.00788806 -0.0233549 0.0179843 0.00565363 0.0143041 0.0161188 0.0351377 0.0204078 -0.0622339 -0.024628 0.0662799 -0.0049081 0.047653 -0.0618606 -0.0400294 0.00538303 0.0545323 -0.00747699 -0.000981594 -0.0174759 0.00825853 -0.0321475 0.0472541 -0.0448582 -0.068287 -0.0324555 -0.012859 0.00743476
internal_weight=511.241 479.349 272.03 126.988 207.32 145.041 115.125 204.594 73.7658 51.6512 31.892 13.9434 4.09663 3.011 36.1834 37.0757 24.4193 9.68327 5.87333 89.9128 78.9418 46.1226 23.7767 11.6772 12.0996 22.3459 16.329 11.2387 82.9427 41.5292
internal_count=4906 3726 2237 1295 1489 942 677 1472 441 280 1180 446 105 78 262 722 325 81 44 573 415 244 125 64 61 119 86 60 533 228
is_linear=0
shrinkage=0.1


Tree=29
num_leaves=31
num_cat=0
split_feature=0 8 9 195 176 1 95 16 78 83 68 7 40 13 84 70 5 16 61 13 0 11 15 53 67 83 31 54 26 101
split_gain=11.1594 6.60223 4.82734 4.14799 3.50158 3.55971 4.16368 3.4269 3.87437 3.73434 4.11815 3.60369 4.34178 3.42027 3.70133 3.42671 4.28779 5.17114 3.8153 3.35553 3.8855 3.39809 3.58767 3.10981 3.99962 3.76308 3.70185 3.84811 3.04217 4.11068
threshold=5.3483915328979501 1.0000000180025095e-35 1.0000000180025095e-35 1.0000000180025095e-35 1.0000000180025095e-35 0.67815041542053234 1.0000000180025095e-35 1.0000000180025095e-35 1.0000000180025095e-35 1.0000000180025095e-35 1.0000000180025095e-35 1.0000000180025095e-35 1.0000000180025095e-35 1.0000000180025095e-35 1.0000000180025095e-35 1.0000000180025095e-35 1.0000000180025095e-35 1.0000000180025095e-35 1.0000000180025095e-35 1.0000000180025095e-35 2.8350445032119755 1.0000000180025095e-35 1.0000000180025095e-35 1.0000000180025095e-35 1.0000000180025095e-35 1.0000000180025095e-35 1.0000000180025095e-35 1.0000000180025095e-35 1.0000000180025095e-35 1.0000000180025095e-35
decision_type=2 2 2 2 2 2 2 2 2 2 2 2 2 2 2 2 2 2 2 2 2 2 2 2 2 2 2 2 2 2
left_child=19 2 3 7 5 28 -7 8 11 -9 -11 -2 -13 23 15 16 17 18 -15 -1 21 22 -21 24 -4 -26 27 -25 -3 -30
right_child=1 4 13 -5 -6 6 -8 9 -10 10 -12 12 -14 14 -16 -17 -18 -19 -20 20 -22 -23 -24 26 25 -27 -28 -29 29 -31
leaf_value=-0.090208721679370579 -0.003783756914166258 -0.036755499665688508 -0.033691472450044876 0.12497749520998494 -0.098349887541580555 0.0017830368916971517 0.091202175650259371 -0.0084457703625730879 -0.093875090891166385 -0.11846212752196013 0.024487398384102591 0.018040522214097628 0.090247688677082327 0.00091347720323385834 0.14240162847748891 0.080699514128262748 0.069948878239880635 0.047771512388509456 -0.11653870627778971 -0.10334302622591054 -0.05980118127396309 0.18462084827691139 0.11633842263674149 0.11718564579928351 0.04316263722874214 -0.048398235363963961 -0.03827116130894085 0.029543746499159463 -0.010406053262213232 0.10781824153633285
leaf_weight=16.452529141679406 48.564584169536829 54.72206218726933 21.833441406488419 2.6601891554892054 4.6338346749544135 41.058802658692002 5.9636978935450307 63.961464874446392 3.3739440105855456 6.6911843568086606 2.8838666900992393 34.767780860885978 10.950047653168438 6.1318886913359165 3.760790303349494 13.96655999869108 11.697597593069075 9.6889061369001865 5.0380637757480145 1.6626311540603664 9.2841610051691514 1.3756871558725832 1.3446193300187588 7.1918673366308274 21.305866986513141 5.6868382301181546 5.0360186398029319 16.512182254344225 63.492311539128423 3.083882985636591
leaf_count=734 365 500 200 21 39 255 40 494 31 57 22 256 66 50 26 112 68 53 35 55 341 27 23 41 192 44 29 91 614 25
internal_value=-0.000762506 0.00298295 0.0119125 0.00106519 -0.0125939 -0.010233 0.0131238 -0.000860304 0.0114172 -0.0171648 -0.0754078 0.0151851 0.0353351 0.026663 0.0469773 0.0392634 0.0214876 -0.0056894 -0.0520618 -0.0597874 -0.0231661 0.0544361 -0.00511778 0.0134938 -0.00186819 0.0238725 0.0395921 0.0561345 -0.0192875 -0.00492977
internal_weight=504.777 474.658 301.703 173.853 172.955 168.321 47.0225 171.193 97.6564 73.5365 9.57505 94.2824 45.7178 127.85 50.2838 46.523 32.5565 20.8589 11.17 30.1196 13.6671 4.38294 3.00725 77.5662 48.8261 26.9927 28.7401 23.704 121.298 66.5762
internal_count=4906 3726 2253 1312 1473 1434 295 1291 718 573 79 687 322 941 344 318 206 138 85 1180 446 105 78 597 436 236 161 132 1139 639
is_linear=0
shrinkage=0.1


Tree=30
num_leaves=31
num_cat=0
split_feature=0 5 13 14 266 14 0 95 0 9 13 14 6 55 8 0 17 21 0 10 0 0 10 55 51 73 13 153 9 54
split_gain=9.67086 6.32971 4.68378 7.0078 4.43369 3.57567 5.03364 3.57936 3.33497 3.29837 3.20612 3.20374 3.23204 4.39336 5.80336 3.19841 3.0919 3.19391 3.60277 3.17219 2.91765 2.8692 2.62804 2.88257 3.51095 2.80556 2.47211 2.45 2.57673 3.24744
threshold=5.3483915328979501 1.0000000180025095e-35 1.0000000180025095e-35 1.0000000180025095e-35 1.0000000180025095e-35 1.0000000180025095e-35 14.351813793182375 1.0000000180025095e-35 13.661875724792482 1.0000000180025095e-35 1.0000000180025095e-35 1.0000000180025095e-35 1.0000000180025095e-35 1.0000000180025095e-35 1.0000000180025095e-35 2.8350445032119755 1.0000000180025095e-35 1.0000000180025095e-35 7.2840518951416025 1.0000000180025095e-35 2.6105407476425175 13.096509456634523 1.0000000180025095e-35 1.0000000180025095e-35 1.0000000180025095e-35 1.0000000180025095e-35 1.0000000180025095e-35 1.0000000180025095e-35 1.0000000180025095e-35 1.0000000180025095e-35
decision_type=2 2 2 2 2 2 2 2 2 2 2 2 2 2 2 2 2 2 2 2 2 2 2 2 2 2 2 2 2 2
left_child=10 2 3 9 8 -4 7 22 27 -2 -1 12 13 14 -10 20 -5 18 -18 -19 -12 -11 23 -7 25 -25 -15 28 -3 -30
right_child=1 4 5 16 -6 6 -8 -9 11 21 15 -13 -14 26 -16 -17 17 19 -20 -21 -22 -23 -24 24 -26 -27 -28 -29 29 -31
leaf_value=-0.088910200815611226 -0.10362115007861697 -0.004841222144695333 -0.0064954827740118437 0.09183320176487253 0.14290039274251817 -0.0042813491702327761 0.10740298732585787 -0.048994225364232966 0.0037051015771047014 -0.090904367301458441 0.0042886436199980364 0.064199131176626539 0.046034572358962161 -0.0052293596847846459 -0.15551082358365709 -0.057127422016198415 -0.10622426430656472 -0.014908503973215071 0.001964075828564951 -0.12122082660063337 0.19836365878809165 -0.015267489193011553 -0.012227734454290252 0.13962365612122163 -0.017136747233495699 0.043422770449613422 0.068819702011054834 -0.089278484890252308 0.054371210863985941 0.0028899538309920137
leaf_weight=15.093425584957004 11.421443575993178 77.384386880323291 93.644310021772981 3.0716331563889971 2.7113060727715483 7.491724520921708 6.7026955857872954 7.4086730927228919 5.7353109642863291 7.1996476519852903 3.627877527847887 21.088142391294241 22.744327433407307 11.71128085255623 3.8102088943123817 8.773773640394209 3.216649839654564 6.7350486498326045 71.435662638396025 4.8119463101029396 0.98493222706019867 16.530067820101976 11.173289941623805 6.7359649762511236 3.5082006826996812 5.5123946256935596 7.3304656520485869 2.7203454095870248 20.903870297595859 29.60806099511683
leaf_count=734 397 619 578 16 17 53 110 40 32 201 83 161 123 62 21 341 66 49 403 39 22 124 69 36 24 32 42 23 169 220
internal_value=-0.000720876 0.00269127 -0.00747822 -0.0216471 0.0158685 0.00492124 0.0269498 0.0140583 0.0141721 -0.0594676 -0.0573121 0.0313841 0.0179029 -0.00447895 -0.0598478 -0.0216851 -0.00675495 -0.0102681 -0.00269759 -0.0592117 0.0457278 -0.0382159 0.0276293 0.0467849 0.0710653 0.0963283 0.0232772 0.00462905 0.00662646 0.024195
internal_weight=500.827 472.347 266.599 124.422 205.748 142.177 48.5329 41.8302 203.036 35.1512 28.48 72.4197 51.3316 28.5873 9.54552 13.3866 89.2709 86.1993 74.6523 11.547 4.61281 23.7297 34.4216 23.2483 15.7566 12.2484 19.0417 130.617 127.896 50.5119
internal_count=4906 3726 2237 1295 1489 942 364 254 1472 722 1180 441 280 157 53 446 573 557 469 88 105 325 214 145 92 68 104 1031 1008 389
is_linear=0
shrinkage=0.1


Tree=31
num_leaves=31
num_cat=0
split_feature=1 11 13 14 8 0 101 1 118 13 80 5 98 1 54 21 26 39 0 9 21 80 60 0 12 13 87 63 67 0
split_gain=8.48331 7.53629 6.80168 6.03544 5.09282 4.19191 3.84843 3.6335 3.61543 3.36978 3.21715 3.59162 3.20118 3.73478 3.18323 4.17284 3.41121 3.58335 5.85862 3.02257 4.25786 2.96235 3.22457 4.32548 3.92013 3.19595 2.88158 2.8009 2.77701 2.72956
threshold=0.050117878243327148 1.0000000180025095e-35 1.0000000180025095e-35 1.0000000180025095e-35 1.0000000180025095e-35 17.433264732360843 1.0000000180025095e-35 0.066088676452636733 1.0000000180025095e-35 1.0000000180025095e-35 1.0000000180025095e-35 1.0000000180025095e-35 1.0000000180025095e-35 0.12160620465874673 1.0000000180025095e-35 1.0000000180025095e-35 1.0000000180025095e-35 1.0000000180025095e-35 11.934291839599611 1.0000000180025095e-35 1.0000000180025095e-35 1.0000000180025095e-35 1.0000000180025095e-35 12.412046909332277 1.0000000180025095e-35 1.0000000180025095e-35 1.0000000180025095e-35 1.0000000180025095e-35 1.0000000180025095e-35 14.176591396331789
decision_type=2 2 2 2 2 2 2 2 2 2 2 2 2 2 2 2 2 2 2 2 2 2 2 2 2 2 2 2 2 2
left_child=2 4 3 -1 5 7 8 -2 12 -9 -5 -12 13 -3 15 16 -15 -18 -19 21 26 22 29 -24 25 28 -21 -16 -25 -6
right_child=1 6 -4 10 19 -7 -8 9 -10 -11 11 -13 -14 14 27 -17 17 18 -20 20 -22 -23 23 24 -26 -27 -28 -29 -30 -31
leaf_value=-0.097138855595002335 0.14020384885248854 -0.089747861481519337 -0.004474824984865085 -0.036008416059409167 0.061705707218124531 0.10830971421686193 0.10439269415671093 0.010186667243025388 0.083157891683900143 0.04467292648477126 -0.044096132852167513 0.16729767087487166 -0.051316996440290766 -0.045654285640591909 0.002655394553650943 -0.11535619569167338 -0.02354258106237464 -0.045088192849080173 0.11321510795599261 0.044943592717332122 -0.059699490368976593 0.068811165539196625 -0.096599576292655087 0.039067876525348738 -0.063729902410048972 0.072580056471777385 -0.049028612075512623 0.077079025891654065 -0.070216909176549699 -0.023164793728257208
leaf_weight=18.562792964279652 2.7956493794918051 5.4681192822754374 76.446256587281823 27.378301922231916 7.3052118401974422 6.7948464192450038 2.8669769912958136 66.712722918018699 3.8405122607946387 49.252417031675577 1.4960028231143943 1.7368208896368742 20.909497221931815 19.996863221749663 63.254246231168509 4.615211244672536 13.269906677305698 3.6785547453910112 6.4144222121685743 30.885154090821743 5.5025946144014588 3.9799066167324773 9.149447148665784 4.238777941092847 10.494170177727938 5.9950139336287984 3.6486003883182994 5.4961793664842835 5.1504956427961588 7.8740166537463665
leaf_count=848 18 56 953 554 53 66 25 427 23 323 31 27 152 123 421 32 91 28 35 201 40 29 73 26 70 39 22 36 35 49
internal_value=-0.00068714 0.00694345 -0.0231372 -0.05215 0.018733 0.03192 -0.0103524 0.0275494 -0.0125911 0.0248336 -0.0248684 0.0694743 -0.0151608 -0.0089738 -0.00518986 -0.0249587 -0.0153368 0.0106127 0.0555188 0.00116084 0.0219976 -0.0142345 -0.0208175 -0.0375003 -0.0166055 0.0155397 0.0350151 0.00860511 -0.0208804 0.0176803
internal_weight=495.21 369.59 125.62 49.1739 219.779 125.556 149.81 118.761 146.944 115.965 30.6111 3.23282 143.103 122.194 116.725 47.975 43.3597 23.3629 10.093 94.2234 40.0363 54.187 50.2071 35.0279 25.8785 15.3843 34.5338 68.7504 9.38927 15.1792
internal_count=4906 2493 2413 1460 1471 834 1022 768 997 750 612 58 974 822 766 309 277 154 63 637 263 374 345 243 170 100 223 457 61 102
is_linear=0
shrinkage=0.1


Tree=32
num_leaves=31
num_cat=0
split_feature=0 5 14 13 266 0 0 9 16 113 64 13 79 36 60 26 0 0 0 9 73 10 44 6 0 0 95 8 15 61
split_gain=7.62034 5.5355 4.01134 6.02058 3.72351 3.35515 3.25998 3.19711 3.1259 4.21367 3.59271 3.45917 6.40619 3.71763 6.91982 3.71185 3.58129 3.22793 3.19742 3.3746 6.85429 3.80436 3.27663 3.24121 5.00042 4.09226 3.72302 3.05938 3.00583 4.47738
threshold=5.1663243770599374 1.0000000180025095e-35 1.0000000180025095e-35 1.0000000180025095e-35 1.0000000180025095e-35 2.0465434789657597 17.006159782409672 1.0000000180025095e-35 1.0000000180025095e-35 1.0000000180025095e-35 1.0000000180025095e-35 1.0000000180025095e-35 1.0000000180025095e-35 1.0000000180025095e-35 1.0000000180025095e-35 1.0000000180025095e-35 11.998631000518801 14.205338954925539 17.166323661804203 1.0000000180025095e-35 1.0000000180025095e-35 1.0000000180025095e-35 1.0000000180025095e-35 1.0000000180025095e-35 9.9780974388122576 7.8234086036682138 1.0000000180025095e-35 1.0000000180025095e-35 1.0000000180025095e-35 1.0000000180025095e-35
decision_type=2 2 2 2 2 2 2 2 2 2 2 2 2 2 2 2 2 2 2 2 2 2 2 2 2 2 2 2 2 2
left_child=5 2 3 7 8 -1 -4 -2 9 10 11 12 27 14 16 -14 -13 -12 19 22 -21 -22 -10 25 -25 -24 -27 -3 -16 -30
right_child=1 4 6 -5 -6 -7 -8 -9 18 -11 17 13 15 -15 28 -17 -18 -19 -20 20 21 -23 23 24 -26 26 -28 -29 29 -31
leaf_value=0.14889869499518746 -0.10325737790394646 0.01208689853430365 0.00033033494276533357 -0.0071689801597770927 0.13165055202477866 -0.06126178095751994 0.061388730091250614 -0.036056940784665537 0.079907405555661851 -0.051218093138504908 0.0022092951375392265 -0.12261083870027126 0.18375435578732655 0.08345087424416521 0.077329017490968918 0.032266046117133018 0.0067301827276912557 0.11661256441407029 0.10176786396669131 -0.017440725062427477 0.14491797362720082 0.00722430529903336 0.06385620224548616 -0.092867144102757093 0.038855125831067032 -0.079361872186286597 0.034272100311208593 -0.036945136529592526 0.093148101121011101 -0.056107616258123286
leaf_weight=0.78441849723458545 10.23006499186158 36.514098966494203 126.39875239506364 93.187963595613837 2.682003926485776 24.052246579900384 9.3941687047481519 22.989385854452848 2.8650058191269627 7.3264320921152821 3.6114436089992505 4.0366573687642795 2.9080037605017415 14.735684821382163 15.195406470447779 3.6446147337555885 4.5579966492950916 7.7780191637575626 2.7722279392182818 15.316754197701812 5.4323878586292267 3.1818443350493908 2.7826468124985722 3.8345331065356723 11.601202417165039 21.402039706707004 3.332127481698989 19.532786654308438 3.3210252951830626 5.0906228758394718
leaf_count=20 407 280 871 587 17 1099 80 331 19 50 20 31 21 106 96 31 27 54 19 111 42 19 48 58 70 141 17 180 25 29
internal_value=-0.000653712 0.00222491 -0.00737935 -0.0201991 0.0146023 -0.0546243 0.00455436 -0.0567516 0.0130387 0.0224215 0.026883 0.021325 0.00593705 0.0418475 0.0228096 0.0994954 -0.0540175 0.0803368 -0.00355474 -0.0077409 0.0226945 0.094058 -0.0236376 -0.0305443 0.00613278 -0.0511185 -0.0640534 -0.00500116 0.0507802 0.00282043
internal_weight=490.493 465.656 262.2 126.407 203.456 24.8367 135.793 33.2195 200.774 128.253 120.926 109.537 62.5995 46.9374 32.2017 6.55262 8.59465 11.3895 72.5208 69.7485 23.931 8.61423 45.8176 42.9525 15.4357 27.5168 24.7342 56.0469 23.6071 8.41165
internal_count=4906 3787 2276 1325 1511 1119 951 738 1494 950 900 826 512 314 208 52 58 74 544 525 172 61 353 334 128 206 158 460 150 54
is_linear=0
shrinkage=0.1


Tree=33
num_leaves=31
num_cat=0
split_feature=0 11 9 16 80 1 7 81 167 10 102 26 13 12 0 0 97 67 101 13 81 26 7 71 0 6 0 86 8 0
split_gain=6.53722 4.89855 4.80721 5.49589 3.99289 4.27564 4.15557 3.5708 3.90579 3.55033 6.59491 3.46262 3.3734 4.92723 5.08204 3.9476 3.36039 3.72395 4.0631 3.88288 3.48457 4.66982 4.93501 4.43006 4.11944 4.20751 4.04751 3.44853 3.34642 3.20272
threshold=5.1663243770599374 1.0000000180025095e-35 1.0000000180025095e-35 1.0000000180025095e-35 1.0000000180025095e-35 0.70035743713378917 1.0000000180025095e-35 1.0000000180025095e-35 1.0000000180025095e-35 1.0000000180025095e-35 1.0000000180025095e-35 1.0000000180025095e-35 1.0000000180025095e-35 1.0000000180025095e-35 7.8234086036682138 12.581793308258058 1.0000000180025095e-35 1.0000000180025095e-35 1.0000000180025095e-35 1.0000000180025095e-35 1.0000000180025095e-35 1.0000000180025095e-35 1.0000000180025095e-35 1.0000000180025095e-35 15.260780334472658 1.0000000180025095e-35 8.5516767501831072 1.0000000180025095e-35 1.0000000180025095e-35 11.623545169830324
decision_type=2 2 2 2 2 2 2 2 2 2 2 2 2 2 2 2 2 2 2 2 2 2 2 2 2 2 2 2 2 2
left_child=-1 2 3 9 5 7 28 -5 -9 -2 29 -6 13 14 -4 -14 17 20 19 -19 21 22 -3 -24 25 27 -22 -23 -7 -11
right_child=1 16 12 4 11 6 -8 8 -10 10 -12 -13 15 -15 -16 -17 -18 18 -20 -21 26 24 23 -25 -26 -27 -28 -29 -30 -31
leaf_value=-0.051969692085498544 0.033774018689394315 -0.10204566235751961 -0.10649634081432097 -0.02627540110642634 0.13936466846540371 0.03291986940164613 0.087919826150172728 -0.10904192955242342 0.030931199151427377 -0.054985413274150463 0.12889859062299702 -0.013325787091559668 0.024718554823066691 -0.024348430573576732 0.039356957667399203 0.08233154065586043 -0.048347041674082922 -0.018130175069653112 0.12572624439092431 0.024878902237268959 -0.086725893600251736 -0.029173703162088491 -0.082908056841339631 0.040438350624275823 0.063473160891179714 -0.093276084645882482 0.022471116584345818 0.11680310717718 -0.096710896825552367 0.0052421240180409801
leaf_weight=23.590847907587886 47.737260940484703 15.69932082016021 2.5355096720159045 35.639415949583054 2.7100343741476527 4.4334206059575063 5.4266620185226193 11.853572912514208 2.3965689344331613 14.650145435705779 3.2986020604148498 3.2860457263886929 35.445048557594419 25.504657214507461 41.326851483434439 17.898648522794247 21.02757790312171 40.354837602004409 2.8462213538587084 43.745934691280127 3.9793230947107103 5.0139854466542619 5.3915842147544026 6.3307333402335644 6.5082717034965745 6.292637201026082 23.093779593706131 2.389597050845623 3.6154227983206511 22.222351094707847
leaf_count=1119 378 125 72 277 26 41 42 128 19 154 22 29 223 216 290 152 175 453 31 285 73 49 50 43 39 47 154 14 24 156
internal_value=-0.000621475 0.00199678 0.0103083 -0.00126619 -0.0223114 -0.0296921 0.0202893 -0.0431924 -0.0855014 0.0153388 -0.00656857 0.0556854 0.0251425 0.0106027 0.0309258 0.0440497 -0.0107421 -0.00585029 0.00821829 0.00424147 -0.0222256 -0.0385096 -0.0653881 -0.0162938 -0.00203005 -0.0331564 0.00642086 0.0179421 -0.0253084 -0.0186874
internal_weight=486.245 462.654 279.98 157.27 69.3611 63.3651 13.4755 49.8896 14.2501 87.9084 40.1711 5.99608 122.711 69.367 43.8624 53.3437 182.674 161.646 86.947 84.1008 74.6992 47.6261 27.4216 11.7223 20.2045 13.6962 27.0731 7.40358 8.04884 36.8725
internal_count=4906 3787 2249 1296 586 531 107 424 147 710 332 55 953 578 362 375 1538 1363 769 738 594 367 218 93 149 110 227 63 65 310
is_linear=0
shrinkage=0.1


Tree=34
num_leaves=31
num_cat=0
split_feature=8 0 138 137 6 0 0 149 13 0 100 9 32 0 0 0 5 53 15 15 14 1 0 0 101 0 0 1 1 14
split_gain=5.73028 5.86654 4.51845 6.50502 7.54499 9.49742 3.80013 3.5305 3.972 6.88575 3.23484 2.68587 3.44502 3.28625 3.79995 3.70564 4.26602 6.58375 3.7659 2.87786 3.094 2.7923 2.48289 7.55285 2.47507 2.45529 2.9 2.44903 2.43524 2.77978
threshold=1.0000000180025095e-35 8.3682408332824725 1.0000000180025095e-35 1.0000000180025095e-35 1.0000000180025095e-35 6.2258727550506601 10.788501262664797 1.0000000180025095e-35 1.0000000180025095e-35 6.7802875041961679 1.0000000180025095e-35 1.0000000180025095e-35 1.0000000180025095e-35 9.4346337318420428 9.0047912597656268 10.380561351776125 1.0000000180025095e-35 1.0000000180025095e-35 1.0000000180025095e-35 1.0000000180025095e-35 1.0000000180025095e-35 0.73214691877365123 15.798768043518068 14.47091054916382 1.0000000180025095e-35 10.843257904052736 13.030800819396974 0.65001142024993908 0.97049206495285045 1.0000000180025095e-35
decision_type=2 2 2 2 2 2 2 2 2 2 2 2 2 2 2 2 2 2 2 2 2 2 2 2 2 2 2 2 2 2
left_child=2 -2 3 7 5 -5 -4 8 9 -1 24 12 13 14 -10 -15 17 18 -17 -14 -21 27 23 -19 -3 -18 -27 -13 29 -11
right_child=1 10 6 4 -6 -7 -8 -9 11 28 -12 21 19 15 -16 16 25 22 -20 20 -22 -23 -24 -25 -26 26 -28 -29 -30 -31
leaf_value=-0.090629350606734604 -0.058404163972575196 -0.0066125361820809046 -0.1105341541183371 0.47953705069057845 -0.026040507296365395 0.078849508871001228 0.10360543145043273 -0.11176923315024608 -0.015497717686980529 -0.017236991559042843 -0.07463218722018046 0.038117294574066839 0.011297267927427954 0.083462057715299506 -0.13418372685016663 -0.13545316361650728 -0.03519046761784219 -0.019556462935675114 -0.010462891527049156 0.045489548627302055 0.16058447045329161 0.11660282488542817 -0.055811088976248674 0.14125614936165995 0.064479099668418499 0.15587073124496387 0.03883370863986934 -0.063498869658106846 0.078454279012326905 0.011621129391680191
leaf_weight=8.3770395657047612 26.449306963942945 137.07310820184648 5.2400602661073199 1.020816441625356 1.7282095057889817 1.4067543055862186 0.98439425975084294 2.4544056896120301 18.198943534865979 54.609249510802329 6.8086235811933866 41.722224520519376 12.55950415879488 6.6347683295607558 3.1670529991388312 5.9637401197105664 2.9245210886001578 8.0131524689495581 4.045913714915514 7.4406993072479963 3.4042612910270691 4.3165139853954306 3.5315911658108226 4.5955544337630263 5.0786672234535208 2.8028972595930091 8.6535540670156461 2.5146985687315455 4.1144303102046242 85.858907505869865
leaf_count=434 825 1036 173 32 40 13 6 26 235 597 46 341 87 33 16 34 13 43 25 47 25 50 29 33 34 12 70 22 27 502
internal_value=-0.000591431 -0.0150039 0.00766262 0.00941198 0.133654 0.247342 -0.0766681 0.00766708 0.00866604 -0.00248388 -0.00729775 0.0208056 0.0107575 -0.000554979 -0.0330904 0.0141835 0.00284287 -0.0212161 -0.084932 0.043882 0.0816181 0.0398319 0.0182983 0.0390557 -0.00407264 0.046591 0.0674676 0.0323408 0.00262323 0.000402072
internal_weight=481.694 175.41 306.284 300.059 4.15578 2.42757 6.22445 295.904 293.449 152.96 148.96 140.49 91.9362 68.5317 21.366 47.1657 40.5309 26.15 10.0097 23.4045 10.845 48.5534 16.1403 12.6087 142.152 14.381 11.4565 44.2369 144.583 140.468
internal_count=4906 1941 2965 2786 85 45 179 2701 2675 1560 1116 1115 702 543 251 292 259 164 59 159 72 413 105 76 1070 95 82 363 1126 1099
is_linear=0
shrinkage=0.1


Tree=35
num_leaves=31
num_cat=0
split_feature=0 5 14 13 9 0 73 21 214 266 1 0 7 28 67 56 63 83 0 132 6 12 1 83 14 81 177 1 13 86
split_gain=4.99161 4.67315 3.4828 4.72867 3.16855 3.12232 4.27598 4.71279 3.03212 2.887 2.83201 2.75624 2.73012 2.72453 2.70823 5.81752 4.5935 4.51919 6.01751 3.15941 8.66702 6.41793 3.89015 4.07157 2.92771 4.53497 2.70499 2.89846 3.66498 2.74763
threshold=5.1663243770599374 1.0000000180025095e-35 1.0000000180025095e-35 1.0000000180025095e-35 1.0000000180025095e-35 2.8350445032119755 1.0000000180025095e-35 1.0000000180025095e-35 1.0000000180025095e-35 1.0000000180025095e-35 -0.77260628342628468 17.006159782409672 1.0000000180025095e-35 1.0000000180025095e-35 1.0000000180025095e-35 1.0000000180025095e-35 1.0000000180025095e-35 1.0000000180025095e-35 15.260780334472658 1.0000000180025095e-35 1.0000000180025095e-35 1.0000000180025095e-35 0.17408167570829394 1.0000000180025095e-35 1.0000000180025095e-35 1.0000000180025095e-35 1.0000000180025095e-35 -0.024564606137573716 1.0000000180025095e-35 1.0000000180025095e-35
decision_type=2 2 2 2 2 2 2 2 2 2 2 2 2 2 2 2 2 2 2 2 2 2 2 2 2 2 2 2 2 2
left_child=5 2 3 4 -2 6 7 10 9 13 -1 26 -6 -3 15 17 24 18 -15 22 21 -21 23 -16 -17 -26 27 -4 -29 -30
right_child=1 8 11 -5 12 -7 -8 -9 -10 -11 -12 -13 -14 14 19 16 -18 -19 -20 20 -22 -23 -24 -25 25 -27 -28 28 29 -31
leaf_value=0.13069170605123559 -0.10296040401264067 0.085847281277581858 -0.030232026422550903 -0.0079884120927960229 -0.066266083126196335 -0.074249982314522775 0.28418695670197192 0.26979973608338864 -0.084486568594134961 0.11883146449205062 -0.066549539437218294 0.05729236862446855 0.0040235437240643216 -0.061383304919358665 0.0075638676186503342 -0.01274300705845436 0.11139949460206455 -0.13550743378180782 0.063700056183550319 0.059693818978632421 -0.10537910373881337 0.33780239333404966 0.032903827351975973 -0.082890022865795693 0.001157405520670242 0.087777828251012574 -0.087225071217259406 -0.003176910659391457 0.053477808062735811 -0.019433067255344716
leaf_weight=0.84278343804180611 9.0350732766091841 5.0388661026954642 22.101751373149455 91.942382207140326 11.568871802650392 14.469089436344801 0.51405822206288565 0.53460832498967636 3.1319903610274187 2.6262231394648543 5.3423452107235816 9.0165410730987769 10.578801287338138 12.55428365245462 25.976344196125865 34.575138808228076 4.4751754626631728 4.4538310319185248 5.5447355881333342 1.7680642316117874 1.4124335963279007 1.5636259019374847 63.783188607543707 6.1555302646011105 17.320416927337646 9.2838030345737952 3.4536331407725802 68.240175195038319 24.660596258938316 6.53914776071906
leaf_count=20 407 35 252 587 196 835 19 21 24 17 224 80 135 109 223 269 28 38 34 35 42 29 390 67 112 59 23 376 178 42
internal_value=-0.000573139 0.00165311 -0.00725958 -0.0194013 -0.0530522 -0.047431 0.00621251 -0.0150525 0.0131313 0.014687 -0.0396735 0.00389578 -0.0326924 0.0132765 0.0113403 -0.0014517 0.0136 -0.0452693 -0.0230633 0.0225499 0.10221 0.190215 0.0186098 -0.00976446 0.00644609 0.0313845 4.40166e-05 0.00252379 0.00980417 0.0381964
internal_weight=478.504 456.801 257.137 123.125 31.1827 21.7029 7.2338 6.71974 199.664 196.532 6.18513 134.012 22.1477 193.905 188.867 88.2074 65.6545 22.5529 18.099 100.659 4.74412 3.33169 95.9151 32.1319 61.1794 26.6042 124.995 121.542 99.4399 31.1997
internal_count=4906 3787 2276 1325 738 1119 284 265 1511 1487 244 951 331 1470 1435 649 468 181 143 786 106 64 680 290 440 171 871 848 596 220
is_linear=0
shrinkage=0.1


Tree=36
num_leaves=31
num_cat=0
split_feature=8 1 138 137 6 1 0 149 13 0 176 9 32 61 0 0 6 7 1 0 0 72 5 108 0 49 60 48 11 26
split_gain=4.7128 4.79537 3.80801 4.25501 4.30031 6.61524 3.26587 2.9732 3.19394 5.89189 2.78475 2.27359 2.66521 2.78132 4.01885 3.019 4.86664 3.00342 2.64438 2.48033 3.25234 3.49236 4.64149 3.26319 2.83711 2.80131 2.9983 2.23495 2.2879 3.22412
threshold=1.0000000180025095e-35 -0.33318121731281275 1.0000000180025095e-35 1.0000000180025095e-35 1.0000000180025095e-35 -0.3628412783145904 10.788501262664797 1.0000000180025095e-35 1.0000000180025095e-35 6.7802875041961679 1.0000000180025095e-35 1.0000000180025095e-35 1.0000000180025095e-35 1.0000000180025095e-35 11.741273403167726 11.824777603149416 1.0000000180025095e-35 1.0000000180025095e-35 0.73214691877365123 9.5071868896484393 10.380561351776125 1.0000000180025095e-35 1.0000000180025095e-35 1.0000000180025095e-35 9.0047912597656268 1.0000000180025095e-35 1.0000000180025095e-35 1.0000000180025095e-35 1.0000000180025095e-35 1.0000000180025095e-35
decision_type=2 2 2 2 2 2 2 2 2 2 2 2 2 2 2 2 2 2 2 2 2 2 2 2 2 2 2 2 2 2
left_child=2 -2 3 7 5 -5 -4 8 9 -1 27 12 19 15 -15 16 17 -14 -13 24 -21 22 -22 25 -10 26 -23 -3 -29 -30
right_child=1 10 6 4 -6 -7 -8 -9 11 -11 -12 18 13 14 -16 -17 -18 -19 -20 20 21 23 -24 -25 -26 -27 -28 28 29 -31
leaf_value=-0.088943251057163386 -0.076482871378271075 0.083535873556653414 -0.10994970033637137 0.34310725591142943 -0.024270919381956163 0.042198838062093305 0.092893029677965283 -0.1048202976955563 -0.012441748804460754 0.0023143789698252203 -0.089616429593700517 0.029406622291635865 0.091506274989642325 0.16967600468438002 0.010991082120197365 0.076154348331947161 -0.10314529944703173 -0.037250085117602874 0.11499258068876941 0.080033038783342933 -0.11688549398556258 -0.011192852936483949 0.025940954881703872 -0.070352597040479456 -0.11019760896364686 -0.04869056286838816 0.067008874260143944 -7.5858511869539448e-05 -0.052081164510969773 -0.0020823946996962662
leaf_weight=7.4431211845949283 11.387931772507725 2.6698006987571707 4.6062513487413517 1.3162330575287342 1.6794638941064475 1.6420288393273941 0.95899688452482212 2.3592180144041768 17.764551151543859 142.98181626945734 4.2073845099657765 44.209935108199716 4.1352366767823749 3.3799384124577037 3.0238243862986565 5.7847289144992819 3.8938424549996853 3.224204383790493 3.931108482182025 6.1701062172651282 5.0162892043590528 7.035887576639662 4.1640514358878136 3.6661193817853919 3.5645946040749541 3.861105252057313 16.171502277255058 102.19351774919778 24.620319015346467 27.085612284950912
leaf_count=434 584 17 173 29 40 16 6 26 235 1126 35 363 28 23 18 40 29 21 50 30 27 44 22 22 19 28 116 824 230 251
internal_value=-0.000570232 -0.0137741 0.00695746 0.00849614 0.103529 0.176083 -0.0749961 0.00698564 0.00789702 -0.00220111 -0.00933243 0.0188254 0.00951571 0.0385606 0.0947458 0.0174433 -0.012737 0.0350975 0.0363954 -0.000583993 0.0124653 0.00202055 -0.0521018 0.0181867 -0.028779 0.0301784 0.0433001 -0.00717501 -0.00874863 -0.0258898
internal_weight=474.149 172.165 301.984 296.419 4.63773 2.95826 5.56525 291.781 289.422 150.425 160.777 138.997 90.856 23.4418 6.40376 17.038 11.2533 7.35944 48.141 67.4142 46.0851 39.915 9.18034 30.7346 21.3291 27.0685 23.2074 156.569 153.899 51.7059
internal_count=4906 1941 2965 2786 85 45 179 2701 2675 1560 1357 1115 702 159 41 118 78 49 413 543 289 259 49 210 254 188 160 1322 1305 481
is_linear=0
shrinkage=0.1


end of trees

feature_importances:
Column_0=210
Column_14=99
Column_13=89
Column_9=77
Column_5=66
Column_1=62
Column_11=53
Column_8=51
Column_7=33
Column_10=18
Column_12=18
Column_16=18
Column_6=16
Column_15=16
Column_21=14
Column_81=13
Column_26=12
Column_67=12
Column_140=11
Column_53=9
Column_69=9
Column_79=9
Column_83=9
Column_54=8
Column_61=7
Column_82=7
Column_84=7
Column_113=7
Column_73=6
Column_100=6
Column_68=5
Column_70=5
Column_95=5
Column_101=5
Column_266=5
Column_40=4
Column_56=4
Column_60=4
Column_80=4
Column_99=4
Column_17=3
Column_23=3
Column_28=3
Column_36=3
Column_45=3
Column_55=3
Column_64=3
Column_65=3
Column_94=3
Column_96=3
Column_139=3
Column_176=3
Column_31=2
Column_32=2
Column_52=2
Column_63=2
Column_71=2
Column_86=2
Column_87=2
Column_97=2
Column_137=2
Column_138=2
Column_149=2
Column_174=2
Column_195=2
Column_232=2
Column_19=1
Column_27=1
Column_34=1
Column_35=1
Column_39=1
Column_42=1
Column_44=1
Column_47=1
Column_48=1
Column_49=1
Column_51=1
Column_62=1
Column_72=1
Column_74=1
Column_78=1
Column_88=1
Column_93=1
Column_98=1
Column_102=1
Column_105=1
Column_108=1
Column_118=1
Column_132=1
Column_133=1
Column_153=1
Column_167=1
Column_168=1
Column_177=1
Column_214=1

parameters:
[boosting: gbdt]
[objective: binary]
[metric: binary_logloss]
[tree_learner: serial]
[device_type: cpu]
[data_sample_strategy: bagging]
[data: ]
[valid: ]
[num_iterations: 300]
[learning_rate: 0.1]
[num_leaves: 31]
[num_threads: 0]
[seed: 0]
[deterministic: 0]
[force_col_wise: 0]
[force_row_wise: 0]
[histogram_pool_size: -1]
[max_depth: -1]
[min_data_in_leaf: 20]
[min_sum_hessian_in_leaf: 0.001]
[bagging_fraction: 1]
[pos_bagging_fraction: 1]
[neg_bagging_fraction: 1]
[bagging_freq: 0]
[bagging_seed: 7719]
[bagging_by_query: 0]
[feature_fraction: 1]
[feature_fraction_bynode: 1]
[feature_fraction_seed: 2437]
[extra_trees: 0]
[extra_seed: 11797]
[early_stopping_round: 0]
[early_stopping_min_delta: 0]
[first_metric_only: 0]
[max_delta_step: 0]
[lambda_l1: 0]
[lambda_l2: 0]
[linear_lambda: 0]
[min_gain_to_split: 0]
[drop_rate: 0.1]
[max_drop: 50]
[skip_drop: 0.5]
[xgboost_dart_mode: 0]
[uniform_drop: 0]
[drop_seed: 21238]
[top_rate: 0.2]
[other_rate: 0.1]
[min_data_per_group: 100]
[max_cat_threshold: 32]
[cat_l2: 10]
[cat_smooth: 10]
[max_cat_to_onehot: 4]
[top_k: 20]
[monotone_constraints: ]
[monotone_constraints_method: basic]
[monotone_penalty: 0]
[feature_contri: ]
[forcedsplits_filename: ]
[refit_decay_rate: 0.9]
[cegb_tradeoff: 1]
[cegb_penalty_split: 0]
[cegb_penalty_feature_lazy: ]
[cegb_penalty_feature_coupled: ]
[path_smooth: 0]
[interaction_constraints: ]
[verbosity: -1]
[saved_feature_importance_type: 0]
[use_quantized_grad: 0]
[num_grad_quant_bins: 4]
[quant_train_renew_leaf: 0]
[stochastic_rounding: 1]
[linear_tree: 0]
[max_bin: 255]
[max_bin_by_feature: ]
[min_data_in_bin: 3]
[bin_construct_sample_cnt: 200000]
[data_random_seed: 38]
[is_enable_sparse: 1]
[enable_bundle: 1]
[use_missing: 1]
[zero_as_missing: 0]
[feature_pre_filter: 1]
[pre_partition: 0]
[two_round: 0]
[header: 0]
[label_column: ]
[weight_column: ]
[group_column: ]
[ignore_column: ]
[categorical_feature: ]
[forcedbins_filename: ]
[precise_float_parser: 0]
[parser_config_file: ]
[objective_seed: 8855]
[num_class: 1]
[is_unbalance: 0]
[scale_pos_weight: 1]
[sigmoid: 1]
[boost_from_average: 1]
[reg_sqrt: 0]
[alpha: 0.9]
[fair_c: 1]
[poisson_max_delta_step: 0.7]
[tweedie_variance_power: 1.5]
[lambdarank_truncation_level: 30]
[lambdarank_norm: 1]
[label_gain: ]
[lambdarank_position_bias_regularization: 0]
[eval_at: ]
[multi_error_top_k: 1]
[auc_mu_weights: ]
[num_machines: 1]
[local_listen_port: 12400]
[time_out: 120]
[machine_list_filename: ]
[machines: ]
[gpu_platform_id: -1]
[gpu_device_id: -1]
[gpu_device_id_list: ]
[gpu_use_dp: 0]
[num_gpu: 1]

end of parameters

pandas_categorical:null
