tree
version=v4
num_class=1
num_tree_per_iteration=1
label_index=0
max_feature_idx=567
objective=binary sigmoid:1
feature_names=Column_0 Column_1 Column_2 Column_3 Column_4 Column_5 Column_6 Column_7 Column_8 Column_9 Column_10 Column_11 Column_12 Column_13 Column_14 Column_15 Column_16 Column_17 Column_18 Column_19 Column_20 Column_21 Column_22 Column_23 Column_24 Column_25 Column_26 Column_27 Column_28 Column_29 Column_30 Column_31 Column_32 Column_33 Column_34 Column_35 Column_36 Column_37 Column_38 Column_39 Column_40 Column_41 Column_42 Column_43 Column_44 Column_45 Column_46 Column_47 Column_48 Column_49 Column_50 Column_51 Column_52 Column_53 Column_54 Column_55 Column_56 Column_57 Column_58 Column_59 Column_60 Column_61 Column_62 Column_63 Column_64 Column_65 Column_66 Column_67 Column_68 Column_69 Column_70 Column_71 Column_72 Column_73 Column_74 Column_75 Column_76 Column_77 Column_78 Column_79 Column_80 Column_81 Column_82 Column_83 Column_84 Column_85 Column_86 Column_87 Column_88 Column_89 Column_90 Column_91 Column_92 Column_93 Column_94 Column_95 Column_96 Column_97 Column_98 Column_99 Column_100 Column_101 Column_102 Column_103 Column_104 Column_105 Column_106 Column_107 Column_108 Column_109 Column_110 Column_111 Column_112 Column_113 Column_114 Column_115 Column_116 Column_117 Column_118 Column_119 Column_120 Column_121 Column_122 Column_123 Column_124 Column_125 Column_126 Column_127 Column_128 Column_129 Column_130 Column_131 Column_132 Column_133 Column_134 Column_135 Column_136 Column_137 Column_138 Column_139 Column_140 Column_141 Column_142 Column_143 Column_144 Column_145 Column_146 Column_147 Column_148 Column_149 Column_150 Column_151 Column_152 Column_153 Column_154 Column_155 Column_156 Column_157 Column_158 Column_159 Column_160 Column_161 Column_162 Column_163 Column_164 Column_165 Column_166 Column_167 Column_168 Column_169 Column_170 Column_171 Column_172 Column_173 Column_174 Column_175 Column_176 Column_177 Column_178 Column_179 Column_180 Column_181 Column_182 Column_183 Column_184 Column_185 Column_186 Column_187 Column_188 Column_189 Column_190 Column_191 Column_192 Column_193 Column_194 Column_195 Column_196 Column_197 Column_198 Column_199 Column_200 Column_201 Column_202 Column_203 Column_204 Column_205 Column_206 Column_207 Column_208 Column_209 Column_210 Column_211 Column_212 Column_213 Column_214 Column_215 Column_216 Column_217 Column_218 Column_219 Column_220 Column_221 Column_222 Column_223 Column_224 Column_225 Column_226 Column_227 Column_228 Column_229 Column_230 Column_231 Column_232 Column_233 Column_234 Column_235 Column_236 Column_237 Column_238 Column_239 Column_240 Column_241 Column_242 Column_243 Column_244 Column_245 Column_246 Column_247 Column_248 Column_249 Column_250 Column_251 Column_252 Column_253 Column_254 Column_255 Column_256 Column_257 Column_258 Column_259 Column_260 Column_261 Column_262 Column_263 Column_264 Column_265 Column_266 Column_267 Column_268 Column_269 Column_270 Column_271 Column_272 Column_273 Column_274 Column_275 Column_276 Column_277 Column_278 Column_279 Column_280 Column_281 Column_282 Column_283 Column_284 Column_285 Column_286 Column_287 Column_288 Column_289 Column_290 Column_291 Column_292 Column_293 Column_294 Column_295 Column_296 Column_297 Column_298 Column_299 Column_300 Column_301 Column_302 Column_303 Column_304 Column_305 Column_306 Column_307 Column_308 Column_309 Column_310 Column_311 Column_312 Column_313 Column_314 Column_315 Column_316 Column_317 Column_318 Column_319 Column_320 Column_321 Column_322 Column_323 Column_324 Column_325 Column_326 Column_327 Column_328 Column_329 Column_330 Column_331 Column_332 Column_333 Column_334 Column_335 Column_336 Column_337 Column_338 Column_339 Column_340 Column_341 Column_342 Column_343 Column_344 Column_345 Column_346 Column_347 Column_348 Column_349 Column_350 Column_351 Column_352 Column_353 Column_354 Column_355 Column_356 Column_357 Column_358 Column_359 Column_360 Column_361 Column_362 Column_363 Column_364 Column_365 Column_366 Column_367 Column_368 Column_369 Column_370 Column_371 Column_372 Column_373 Column_374 Column_375 Column_376 Column_377 Column_378 Column_379 Column_380 Column_381 Column_382 Column_383 Column_384 Column_385 Column_386 Column_387 Column_388 Column_389 Column_390 Column_391 Column_392 Column_393 Column_394 Column_395 Column_396 Column_397 Column_398 Column_399 Column_400 Column_401 Column_402 Column_403 Column_404 Column_405 Column_406 Column_407 Column_408 Column_409 Column_410 Column_411 Column_412 Column_413 Column_414 Column_415 Column_416 Column_417 Column_418 Column_419 Column_420 Column_421 Column_422 Column_423 Column_424 Column_425 Column_426 Column_427 Column_428 Column_429 Column_430 Column_431 Column_432 Column_433 Column_434 Column_435 Column_436 Column_437 Column_438 Column_439 Column_440 Column_441 Column_442 Column_443 Column_444 Column_445 Column_446 Column_447 Column_448 Column_449 Column_450 Column_451 Column_452 Column_453 Column_454 Column_455 Column_456 Column_457 Column_458 Column_459 Column_460 Column_461 Column_462 Column_463 Column_464 Column_465 Column_466 Column_467 Column_468 Column_469 Column_470 Column_471 Column_472 Column_473 Column_474 Column_475 Column_476 Column_477 Column_478 Column_479 Column_480 Column_481 Column_482 Column_483 Column_484 Column_485 Column_486 Column_487 Column_488 Column_489 Column_490 Column_491 Column_492 Column_493 Column_494 Column_495 Column_496 Column_497 Column_498 Column_499 Column_500 Column_501 Column_502 Column_503 Column_504 Column_505 Column_506 Column_507 Column_508 Column_509 Column_510 Column_511 Column_512 Column_513 Column_514 Column_515 Column_516 Column_517 Column_518 Column_519 Column_520 Column_521 Column_522 Column_523 Column_524 Column_525 Column_526 Column_527 Column_528 Column_529 Column_530 Column_531 Column_532 Column_533 Column_534 Column_535 Column_536 Column_537 Column_538 Column_539 Column_540 Column_541 Column_542 Column_543 Column_544 Column_545 Column_546 Column_547 Column_548 Column_549 Column_550 Column_551 Column_552 Column_553 Column_554 Column_555 Column_556 Column_557 Column_558 Column_559 Column_560 Column_561 Column_562 Column_563 Column_564 Column_565 Column_566 Column_567
feature_infos=[2.0013689994812012:17.993154525756836] [-0.7776256799697876:0.99923950433731079] none none none [0:1] [0:1] [0:1] [0:1] [0:1] [0:1] [0:1] [0:1] [0:1] [0:1] [0:1] [0:1] [0:1] [0:1] [0:1] [0:1] [0:1] [0:1] [0:1] [0:1] [0:1] [0:1] [0:1] [0:1] [0:1] [0:1] [0:1] [0:1] [0:1] [0:1] [0:1] [0:1] [0:1] [0:1] [0:1] [0:1] [0:1] [0:1] [0:1] [0:1] [0:1] [0:1] [0:1] [0:1] [0:1] [0:1] [0:1] [0:1] [0:1] [0:1] [0:1] [0:1] [0:1] [0:1] [0:1] [0:1] [0:1] [0:1] [0:1] [0:1] [0:1] [0:1] [0:1] [0:1] [0:1] [0:1] [0:1] [0:1] [0:1] [0:1] [0:1] [0:1] [0:1] [0:1] [0:1] [0:1] [0:1] [0:1] [0:1] [0:1] [0:1] [0:1] [0:1] [0:1] [0:1] [0:1] [0:1] [0:1] [0:1] [0:1] [0:1] [0:1] [0:1] [0:1] [0:1] [0:1] [0:1] [0:1] [0:1] [0:1] [0:1] [0:1] [0:1] [0:1] none none none none [0:1] [0:1] none [0:1] none [0:1] none none [0:1] none none none none [0:1] [0:1] [0:1] [0:1] [0:1] none [0:1] [0:1] [0:1] [0:1] none [0:1] [0:1] [0:1] [0:1] [0:1] [0:1] [0:1] [0:1] [0:1] [0:1] [0:1] [0:1] [0:1] [0:1] [0:1] [0:1] [0:1] [0:1] [0:1] [0:1] none none none none none none none none none none [0:1] [0:1] none none none none none [0:1] [0:1] [0:1] [0:1] [0:1] [0:1] [0:1] [0:1] [0:1] [0:1] [0:1] [0:1] [0:1] [0:1] [0:1] [0:1] [0:1] [0:1] [0:1] [0:1] [0:1] [0:1] [0:1] [0:1] [0:1] [0:1] [0:1] [0:1] none none [0:1] [0:1] [0:1] none [0:1] [0:1] [0:1] [0:1] [0:1] none [0:1] none none [0:1] none [0:1] [0:1] [0:1] [0:1] [0:1] [0:1] [0:1] [0:1] [0:1] [0:1] [0:1] [0:1] [0:1] [0:1] [0:1] [0:1] [0:1] [0:1] [0:1] [0:1] [0:1] [0:1] [0:1] [0:1] [0:1] none none none none none none none none none none none none none none none none none [0:1] [0:1] [0:1] [0:1] [0:1] [0:1] [0:1] [0:1] [0:1] [0:1] none [0:1] [0:1] [0:1] [0:1] none [0:1] [0:1] none none none [0:1] [0:1] none none none none none [0:1] [0:1] [0:1] [0:1] [0:1] [0:1] [0:1] none none none [0:1] none [0:1] [0:1] [0:1] none [0:1] [0:1] [0:1] [0:1] none none [0:1] [0:1] none none none none [0:1] [0:1] none none none [0:1] none none [0:1] [0:1] none none [0:1] [0:1] none none none none none none none none none none none none none none none none none none none none none none none none none none none none none none none none none none none none none none none none none none none none none none none none none none none none none none none none none none none none none none none none none none none none none none none none none none none none none none none none none none none none none none none none none none none none none none none none none none none none none none none none none none none none none none none none none none none none none none none none none none none none none none none none none none none none none none none none none none none none none none none none none none none none none none none none none none none none none none none none none none none none none none none none none none none none none none none none none none none none none none none none none none none none none none none none none none none none none none none none none none none none none none none none none none none none none none none none none none none none none none none none none none none none none none none none none none none none none
tree_sizes=3406 3473 3472 3481 3462 3473 3465 3494 3473 3462 3484 3491 3499 3490 3514 3497 3484 3497 3494 3471 3493 3476 3498 3502 3483 3490 3508 3500 3465 3471 3493 3473 3507 3456 3481 3497

Tree=0
num_leaves=31
num_cat=0
split_feature=7 16 16 8 8 10 10 8 12 9 74 10 9 0 50 8 5 68 12 15 0 10 67 9 0 49 10 15 13 73
split_gain=318.929 79.9373 50.1253 30.1319 27.5388 17.0304 16.6996 14.9862 14.9565 12.7359 12.5892 11.6676 11.2253 10.5806 10.0537 9.30592 8.99828 12.9303 8.36252 11.4043 8.17864 7.81524 7.96081 9.53924 9.81351 7.70914 7.3478 10.6475 6.96572 6.80458
threshold=1.0000000180025095e-35 1.0000000180025095e-35 1.0000000180025095e-35 1.0000000180025095e-35 1.0000000180025095e-35 1.0000000180025095e-35 1.0000000180025095e-35 1.0000000180025095e-35 1.0000000180025095e-35 1.0000000180025095e-35 1.0000000180025095e-35 1.0000000180025095e-35 1.0000000180025095e-35 15.979465961456301 1.0000000180025095e-35 1.0000000180025095e-35 1.0000000180025095e-35 1.0000000180025095e-35 1.0000000180025095e-35 1.0000000180025095e-35 8.2737851142883319 1.0000000180025095e-35 1.0000000180025095e-35 1.0000000180025095e-35 9.4346337318420428 1.0000000180025095e-35 1.0000000180025095e-35 1.0000000180025095e-35 1.0000000180025095e-35 1.0000000180025095e-35
decision_type=2 2 2 2 2 2 2 2 2 2 2 2 2 2 2 2 2 2 2 2 2 2 2 2 2 2 2 2 2 2
left_child=1 7 3 10 6 15 8 9 16 -1 21 14 20 -7 -5 18 -3 -18 -4 -20 -8 22 -2 -24 -25 -12 27 -11 -14 -10
right_child=2 4 5 11 -6 13 12 -9 29 26 25 -13 28 -15 -16 -17 17 -19 19 -21 -22 -23 23 24 -26 -27 -28 -29 -30 -31
leaf_value=-1.1809947175657516 -0.92497159877249469 -1.0492830672787063 -0.89323469518649978 -1.0914957600590409 -1.1432654201626942 -1.0329855731993591 -1.2080159527540519 -1.1994608557109117 -1.1244758106848192 -1.0532153335586234 -1.0850170714539462 -1.1435109222618391 -1.017641896636597 -0.86617695046254262 -0.98798130458996158 -0.99148807473691691 -0.92573247069179998 -1.1007592490947447 -1.0348753204499213 -0.869025134117696 -1.1093630819194453 -1.0340299072062489 -1.0517835853233715 -1.00636719944236 -0.82453650542420021 -0.99260465826629563 -1.1584685318069992 -1.1518497710744271 -1.1324821222193842 -1.0326642396587777
leaf_weight=97.256844848394394 19.714225307106972 26.661142796278 35.110096499323845 42.808032095432281 85.991573244333267 47.877404317259789 14.081589505076407 144.00772200524807 23.844824895262718 23.281561315059662 38.114168927073479 33.79581481218338 14.644853085279465 4.1305995881557456 12.016289710998533 29.852969750761986 18.775452673435215 5.4448812752962104 11.828535184264185 6.3836539089679709 20.840752467513084 39.428450614213943 18.587698146700859 8.0734446495771426 4.6938631683588019 11.828535184264181 40.93048682808876 20.652997940778732 8.2611991763114929 12.204044237732885
leaf_count=518 105 142 187 228 458 255 75 767 127 124 203 180 78 22 64 159 100 29 63 34 111 210 99 43 25 63 218 110 44 65
internal_value=-1.0959 -1.14348 -1.02314 -1.05164 -1.09844 -0.974851 -1.07182 -1.17535 -1.04411 -1.15629 -1.02283 -1.0973 -1.11346 -1.01974 -1.06881 -0.946784 -1.0092 -0.96508 -0.921757 -0.976742 -1.14914 -1.00059 -0.974764 -1.00607 -0.939518 -1.06313 -1.12798 -1.09958 -1.05906 -1.09339
internal_weight=921.124 556.88 364.244 229.061 230.75 135.183 144.759 326.13 86.9303 182.122 140.44 88.6201 57.8284 52.008 54.8243 83.1753 50.8815 24.2203 53.3223 18.2122 34.9223 90.4977 51.0692 31.355 12.7673 49.9427 84.865 43.9346 22.9061 36.0489
internal_count=4906 2966 1940 1220 1229 720 771 1737 463 970 748 472 308 277 292 443 271 129 284 97 186 482 272 167 68 266 452 234 122 192
is_linear=0
shrinkage=1


Tree=1
num_leaves=31
num_cat=0
split_feature=7 16 8 8 16 10 8 10 9 12 9 74 16 50 64 0 9 67 0 10 14 26 73 10 10 15 49 15 55 67
split_gain=255.063 69.335 36.8645 22.5377 19.8685 16.2522 13.8589 13.1263 11.3471 11.2498 9.26178 9.18 8.50716 7.56893 7.34056 11.064 8.11019 8.11476 7.31658 6.97793 6.8813 7.68899 13.4681 6.59985 6.26594 8.71163 5.93418 5.92165 8.35366 5.8775
threshold=1.0000000180025095e-35 1.0000000180025095e-35 1.0000000180025095e-35 1.0000000180025095e-35 1.0000000180025095e-35 1.0000000180025095e-35 1.0000000180025095e-35 1.0000000180025095e-35 1.0000000180025095e-35 1.0000000180025095e-35 1.0000000180025095e-35 1.0000000180025095e-35 1.0000000180025095e-35 1.0000000180025095e-35 1.0000000180025095e-35 9.6605067253112811 1.0000000180025095e-35 1.0000000180025095e-35 8.2737851142883319 1.0000000180025095e-35 1.0000000180025095e-35 1.0000000180025095e-35 1.0000000180025095e-35 1.0000000180025095e-35 1.0000000180025095e-35 1.0000000180025095e-35 1.0000000180025095e-35 1.0000000180025095e-35 1.0000000180025095e-35 1.0000000180025095e-35
decision_type=2 2 2 2 2 2 2 2 2 2 2 2 2 2 2 2 2 2 2 2 2 2 2 2 2 2 2 2 2 2
left_child=1 6 4 7 11 12 8 9 -1 20 18 14 13 -4 15 23 -17 -18 -9 -6 27 22 -22 -2 25 -10 -26 28 -3 -14
right_child=2 3 5 -5 19 -7 -8 10 24 -11 -12 -13 29 -15 -16 16 17 -19 -20 -21 21 -23 -24 -25 26 -27 -28 -29 -30 -31
leaf_value=-0.080207830823560922 0.089791558824455942 0.24038535235631817 0.0039513999891341162 -0.043727615159661906 0.14381512696896914 -0.02425858711260015 -0.098630266447935058 -0.10729643779378517 0.037572120796957688 0.0022027847794501166 0.0324574008785114 0.028957285203507228 0.13792347031177707 0.091963979380610322 -0.02398395588202927 0.094438926937773282 0.11177756634402231 0.26694403069648542 -0.01220673119087725 0.088383969601897067 0.17294846611650519 -0.020812865266136835 -0.036867519394248212 0.018574661473931761 -0.082360832167711839 -0.051894734252436861 0.003825097924765888 0.055218897437197524 0.091976533928128781 0.050747907365433248
leaf_weight=93.088684320449829 31.730872988700867 6.0951915532350549 42.90197879076004 83.947798103094101 57.801178097724915 49.532947331666946 136.4845372736454 13.284618034958838 23.774517238140106 36.089299142360687 23.320012897253036 50.749605610966682 13.81688103079796 12.652885437011717 6.1494124978780738 21.24535571038723 6.3982384055852872 7.1220598816871643 20.700477585196495 37.407448768615723 7.7681495547294617 12.109037473797798 5.0470122545957565 22.059045553207397 28.550550788640976 20.072656571865082 11.09288915991783 11.974314078688623 10.040646746754646 17.567177310585976
leaf_count=518 161 31 228 458 284 265 767 75 124 192 122 266 70 64 31 109 32 35 111 192 40 62 26 114 157 110 61 61 51 89
internal_value=-0.000207724 -0.0440574 0.0629784 -0.00241869 0.0865219 0.0214601 -0.0746984 0.0212638 -0.0562006 0.0452719 -0.0160748 0.0632757 0.0475081 0.0239967 0.081666 0.0890025 0.132969 0.193514 -0.0493769 0.122036 0.07458 0.0363259 0.0903164 0.0605858 -0.0294335 -0.00338462 -0.0582446 0.108498 0.148037 0.0891271
internal_weight=920.575 543.44 377.135 230.377 240.663 136.472 313.064 146.429 176.579 89.1237 57.3051 145.455 86.9389 55.5549 94.705 88.5556 34.7657 13.5203 33.9851 95.2086 53.0344 24.9242 12.8152 53.7899 83.4906 43.8472 39.6434 28.1102 16.1358 31.3841
internal_count=4906 2966 1940 1229 1224 716 1737 771 970 463 308 748 451 292 482 451 176 67 186 476 271 128 66 275 452 234 218 143 82 159
is_linear=0
shrinkage=0.1


Tree=2
num_leaves=31
num_cat=0
split_feature=7 16 8 8 16 10 8 10 10 0 9 12 62 49 13 5 151 0 0 53 73 12 1 108 14 9 15 13 0 68
split_gain=205.468 60.1025 27.6029 18.454 14.3198 12.8709 12.8366 10.7398 10.3618 9.14613 7.66379 7.60884 7.14807 8.46607 7.1191 9.80634 6.83799 6.5571 6.33659 12.6201 7.06218 7.94432 6.06298 6.35796 5.86944 5.5565 7.13687 5.40943 5.37553 5.34496
threshold=1.0000000180025095e-35 1.0000000180025095e-35 1.0000000180025095e-35 1.0000000180025095e-35 1.0000000180025095e-35 1.0000000180025095e-35 1.0000000180025095e-35 1.0000000180025095e-35 1.0000000180025095e-35 17.30732345581055 1.0000000180025095e-35 1.0000000180025095e-35 1.0000000180025095e-35 1.0000000180025095e-35 1.0000000180025095e-35 1.0000000180025095e-35 1.0000000180025095e-35 8.2737851142883319 11.296372413635256 1.0000000180025095e-35 1.0000000180025095e-35 1.0000000180025095e-35 0.050117878243327148 1.0000000180025095e-35 1.0000000180025095e-35 1.0000000180025095e-35 1.0000000180025095e-35 1.0000000180025095e-35 4.4558520317077646 1.0000000180025095e-35
decision_type=2 2 2 2 2 2 2 2 2 2 2 2 2 2 2 2 2 2 2 2 2 2 2 2 2 2 2 2 2 2
left_child=1 6 4 8 12 16 7 25 9 11 17 24 -2 22 15 -15 -4 -10 20 -20 21 -6 28 29 -3 -1 -27 -23 -14 -24
right_child=2 3 5 -5 18 -7 -8 -9 10 -11 -12 -13 13 14 -16 -17 -18 -19 19 -21 -22 27 23 -25 -26 26 -28 -29 -30 -31
leaf_value=-0.052509878533305611 0.082504191967922358 0.088599091485376355 0.035177073450949767 -0.040318575995443889 0.091231587077423196 -0.022117085191027716 -0.09403013429785928 -0.079011040335037336 -0.10286182129380034 0.18796395642598523 0.02873697413775915 -0.0029040784469475545 0.047519288741602231 0.21093149979024065 0.021269080194301012 0.037482084278951548 0.1587762819341233 -0.0110579454184579 0.19857101282841835 0.08423513799016269 0.13288040744826579 -0.045002434510630136 0.057601852151009214 0.14005411604521362 0.021052250746415178 0.03318277292236934 -0.048077525999718707 0.090384329792584442 -0.042806325368491306 -0.027863490316580836
leaf_weight=47.479976177215576 58.50685165822506 27.823561266064644 84.067369610071182 82.04431214928627 27.580014288425446 48.929186746478081 129.22570972144604 80.061660587787628 12.511875852942465 3.9818321317434302 23.684591472148895 35.185356438159943 9.7770374566316622 7.6999524235725403 8.7037788033485413 5.652357280254364 4.7277967333793631 20.572938725352287 17.521530747413635 21.499078243970871 19.922357648611069 9.3104154169559461 21.895841136574745 6.1187669932842246 23.927096962928772 24.203110694885254 19.529028385877609 4.3208071291446677 20.204215109348297 10.990545630455015
leaf_count=276 289 135 427 458 130 265 767 460 75 20 122 187 50 38 43 28 24 111 83 102 95 45 110 31 121 124 110 21 103 56
internal_value=-0.000350441 -0.0407982 0.0550061 -0.00229247 0.0748293 0.0190651 -0.0702358 -0.052283 0.0188321 0.0397625 -0.0146886 0.0329746 0.0552319 0.0377059 0.0916366 0.137506 0.041758 -0.0457759 0.104092 0.135576 0.0839964 0.0603649 0.0204634 0.0464545 0.0573686 -0.0288224 -0.00310483 -0.00208771 -0.0133507 0.0290396
internal_weight=917.659 530.231 387.428 229.732 249.704 137.724 300.499 171.274 147.687 90.9178 56.7694 86.936 149.549 91.0425 22.0561 13.3523 88.7952 33.0848 100.154 39.0206 61.1336 41.2112 68.9864 39.0052 51.7507 91.2121 43.7321 13.6312 29.9813 32.8864
internal_count=4906 2966 1940 1229 1224 716 1737 970 771 463 308 443 748 459 109 66 451 186 476 185 291 196 350 197 256 510 234 66 153 166
is_linear=0
shrinkage=0.1


Tree=3
num_leaves=31
num_cat=0
split_feature=7 16 16 8 8 8 0 9 10 9 86 10 0 63 67 12 13 11 10 128 94 0 0 36 128 132 50 6 39 57
split_gain=166.128 52.0755 22.9703 15.4305 15.137 11.9035 10.2773 9.59099 8.62026 8.30515 9.74926 7.16326 8.21574 6.93275 6.84742 6.80219 7.59878 10.5738 6.70404 6.26362 6.24816 6.18939 5.87018 5.95154 7.37862 5.66434 5.63785 5.50224 5.47376 5.2919
threshold=1.0000000180025095e-35 1.0000000180025095e-35 1.0000000180025095e-35 1.0000000180025095e-35 1.0000000180025095e-35 1.0000000180025095e-35 17.100615501403812 1.0000000180025095e-35 1.0000000180025095e-35 1.0000000180025095e-35 1.0000000180025095e-35 1.0000000180025095e-35 8.2737851142883319 1.0000000180025095e-35 1.0000000180025095e-35 1.0000000180025095e-35 1.0000000180025095e-35 1.0000000180025095e-35 1.0000000180025095e-35 1.0000000180025095e-35 1.0000000180025095e-35 4.2108144760131845 10.444900512695314 1.0000000180025095e-35 1.0000000180025095e-35 1.0000000180025095e-35 1.0000000180025095e-35 1.0000000180025095e-35 1.0000000180025095e-35 1.0000000180025095e-35
decision_type=2 2 2 2 2 2 2 2 2 2 2 2 2 2 2 2 2 2 2 2 2 2 2 2 2 2 2 2 2 2
left_child=1 5 3 13 9 7 8 21 29 10 11 25 -13 20 28 16 17 -11 26 -16 22 -1 23 24 -2 -3 -5 -28 -10 -4
right_child=2 4 6 18 -6 -7 -8 -9 14 15 -12 12 -14 -15 19 -17 -18 -19 -20 -21 -22 -23 -24 -25 -26 -27 27 -29 -30 -31
leaf_value=-0.010393634035342802 0.0079692153879911687 0.013676517613415562 0.062127943606552133 -0.00066698216869615903 -0.03712909390152113 -0.089692729843535574 0.20811077930307495 -0.023764366536467622 -0.034475072800920423 0.16521042420348026 -0.13345401695583115 -0.098728655626832681 0.0090832017914119073 -0.055787088294151944 0.053298461359117158 -0.00067913341927794153 0.016937812453228042 0.03351841669469257 -0.040348929369010696 0.18628478148005526 -0.022793156120453559 -0.083559113909106419 0.083412938998104619 0.096080569906908678 0.084842282152933587 0.10649021316640672 0.020440699014615687 0.15083160671449297 0.08925264837770347 0.11106509216400687
leaf_weight=13.770007774233816 48.289195880293846 41.901334270834923 36.241674169898033 43.866469323635101 80.278713077306747 122.29103687405586 5.8914746493101111 80.377258703112602 15.073434159159662 13.023730039596558 5.4282036423683158 11.770744621753694 17.692633152008057 6.1263266056776038 30.877121523022652 22.290588185191154 17.268968418240547 11.463420644402504 32.194804251194 4.0005778521299353 10.18000192940235 72.108022078871727 55.678794085979462 15.904139980673788 16.840531274676323 7.7993846982717505 7.9666695445775968 5.450351357460022 4.6875838935375205 56.617548197507858
leaf_count=83 241 210 167 228 458 767 27 452 74 63 29 75 96 31 151 116 86 56 180 20 50 435 268 76 82 40 38 26 22 259
internal_value=-0.000451396 -0.0377548 0.0483079 0.0291503 -0.00213885 -0.0660107 0.0785948 -0.048591 0.0734215 0.0167591 -0.00380882 0.00508082 -0.0339881 0.0484399 0.0419057 0.043925 0.0677359 0.10356 -0.00383729 0.0685524 0.0527868 -0.0718275 0.0584147 0.0412383 0.0278462 0.0282415 0.0166832 0.073409 -0.00512516 0.0919656
internal_weight=913.351 517.464 395.887 242.497 228.918 288.546 153.389 166.255 147.498 148.639 84.5923 79.1641 29.4634 153.019 54.6387 64.0467 41.7561 24.4872 89.4783 34.8777 146.893 85.878 136.713 81.0339 65.1297 49.7007 57.2835 13.417 19.761 92.8592
internal_count=4906 2966 1940 1220 1229 1737 720 970 693 771 450 421 171 748 267 321 205 119 472 171 717 518 667 399 323 250 292 64 96 426
is_linear=0
shrinkage=0.1


Tree=4
num_leaves=31
num_cat=0
split_feature=7 16 16 8 8 8 10 0 0 9 86 5 10 63 10 53 0 67 74 12 9 1 11 13 12 0 10 0 0 15
split_gain=134.814 44.9797 17.5873 12.3964 12.1088 11.0577 9.80619 7.40531 7.18432 7.17315 7.78188 6.94311 6.5518 5.51919 5.51572 5.50627 10.1021 6.22714 5.3508 5.35767 7.79854 5.09284 4.90947 5.10491 7.92543 4.90576 5.96699 4.84564 4.77831 5.41025
threshold=1.0000000180025095e-35 1.0000000180025095e-35 1.0000000180025095e-35 1.0000000180025095e-35 1.0000000180025095e-35 1.0000000180025095e-35 1.0000000180025095e-35 17.100615501403812 17.498972892761234 1.0000000180025095e-35 1.0000000180025095e-35 1.0000000180025095e-35 1.0000000180025095e-35 1.0000000180025095e-35 1.0000000180025095e-35 1.0000000180025095e-35 11.623545169830324 1.0000000180025095e-35 1.0000000180025095e-35 1.0000000180025095e-35 1.0000000180025095e-35 -0.17484219372272489 1.0000000180025095e-35 1.0000000180025095e-35 1.0000000180025095e-35 5.845311403274537 1.0000000180025095e-35 11.741273403167726 3.1772758960723881 1.0000000180025095e-35
decision_type=2 2 2 2 2 2 2 2 2 2 2 2 2 2 2 2 2 2 2 2 2 2 2 2 2 2 2 2 2 2
left_child=1 5 4 8 13 6 28 12 9 10 -3 22 -4 18 -6 16 17 -14 19 20 -2 -19 23 24 -11 26 -21 -13 -1 -30
right_child=2 3 7 -5 14 -7 -8 -9 -10 11 -12 27 15 -15 -16 -17 -18 21 -20 25 -22 -23 -24 -25 -26 -27 -28 -29 29 -31
leaf_value=0.057112356505207774 0.047769753566087453 -0.0011927665946045555 0.080152015833965584 -0.034148092714556898 0.01487750818895804 -0.085563412363217392 -0.071752957721819208 0.17514755739710994 0.1263942400860284 0.15566251149063201 -0.12928511503996068 0.11248298186443506 -0.032613394982284306 -0.051607033428058148 -0.037159306596479591 -0.027778486222977475 0.15190849596055236 0.095401684713501952 0.019874540926559842 0.036613418919630984 0.12304658677894285 0.0049876480844187028 -0.029319679017782027 -0.0090028941291275429 -0.005885777935322363 0.059010592633804128 -0.090027859884791311 0.015119607971464706 -0.0029427290883898899 -0.054853452543205589
leaf_weight=6.9657668471336356 31.836115375161171 75.276195928454399 95.714147761464119 78.646742254495621 57.646485581994057 115.71862365305424 74.376432046294212 6.2764371931552878 5.5644043534994116 6.9410433769226074 5.0617593526840201 15.198365047574045 11.149684071540831 5.9687770456075659 31.500146985054016 10.619870513677595 8.2989661246538144 14.661669850349421 50.338237851858139 9.9573846608400327 24.241558000445366 10.83323752880097 17.379391387104988 10.869845151901245 5.39892578125 27.646904408931732 5.9399718642234793 7.7020563483238211 39.650989830493927 40.670827865600586
leaf_count=40 151 402 426 458 292 767 460 27 27 32 29 73 55 31 180 52 38 70 251 47 111 52 87 55 28 128 29 38 222 248
internal_value=-0.000525063 -0.0349155 0.0426453 -0.00201391 0.0258877 -0.0619642 -0.045072 0.0687118 0.014903 0.0105896 -0.00926333 0.0357109 0.0642958 0.0426947 -0.00350981 0.0369817 0.0522841 0.029722 0.0464481 0.0598755 0.0803108 0.0569832 0.0108715 0.0409664 0.0849827 0.0335583 -0.0107055 0.0797369 -0.0223375 -0.0292276
internal_weight=908.051 505.421 402.63 228.039 245.076 277.383 161.664 157.554 149.392 143.828 80.338 63.4896 151.278 155.929 89.1466 55.5634 44.9436 36.6446 149.96 99.6219 56.0777 25.4949 40.5892 23.2098 12.34 43.5443 15.8974 22.9004 87.2876 80.3218
internal_count=4906 2966 1940 1229 1220 1737 970 720 771 744 431 313 693 748 472 267 215 177 717 466 262 122 202 115 60 204 76 111 510 470
is_linear=0
shrinkage=0.1


Tree=5
num_leaves=31
num_cat=0
split_feature=7 16 8 8 8 12 10 10 14 10 9 49 10 13 102 0 10 0 134 132 9 151 9 49 81 1 0 0 73 0
split_gain=109.701 38.8141 14.6378 10.243 10.1558 9.03902 8.67811 6.93537 6.60304 6.54134 6.17798 8.41413 8.89781 6.52124 6.07533 5.85807 5.74142 5.55526 5.44536 5.27421 5.25019 4.9677 4.61958 5.76251 4.71676 4.26419 4.15765 6.779 4.78422 4.13828
threshold=1.0000000180025095e-35 1.0000000180025095e-35 1.0000000180025095e-35 1.0000000180025095e-35 1.0000000180025095e-35 1.0000000180025095e-35 1.0000000180025095e-35 1.0000000180025095e-35 1.0000000180025095e-35 1.0000000180025095e-35 1.0000000180025095e-35 1.0000000180025095e-35 1.0000000180025095e-35 1.0000000180025095e-35 1.0000000180025095e-35 11.108829498291017 1.0000000180025095e-35 17.30732345581055 1.0000000180025095e-35 1.0000000180025095e-35 1.0000000180025095e-35 1.0000000180025095e-35 1.0000000180025095e-35 1.0000000180025095e-35 1.0000000180025095e-35 -0.40634268522262568 13.813826084136965 13.151266574859621 1.0000000180025095e-35 8.0862421989440936
decision_type=2 2 2 2 2 2 2 2 2 2 2 2 2 2 2 2 2 2 2 2 2 2 2 2 2 2 2 2 2 2
left_child=1 3 5 6 7 10 26 17 -7 21 11 -2 -13 -14 29 16 20 19 -12 -3 -10 -4 -8 -24 -25 -11 27 28 -1 -9
right_child=2 4 9 -5 -6 8 22 14 15 25 18 12 13 -15 -16 -17 -18 -19 -20 -21 -22 -23 23 24 -26 -27 -28 -29 -30 -31
leaf_value=0.0038874887795567262 0.0283637172676597 0.014298927914703722 0.021549991844872819 -0.081600487550404568 -0.03136571204289449 0.047113925162248223 -0.092482333203730713 -0.059638490910928189 -0.044140052043487026 0.040063623085652464 0.10006550592138319 0.13927213390224122 0.094893197454751055 -0.040918104047833435 0.10990311919622642 0.046095741193910203 -0.11234452048048574 0.13880813122733623 0.014613529990292265 0.08243606146159406 0.07736572815468501 0.12225478383887201 -0.067563382219224671 -0.03106001316630537 0.10998029675797139 -0.033694496220519642 -0.062405207586690908 0.12652132437649766 -0.053240218552120848 -0.001563190563461631
leaf_weight=41.431211188435555 62.123382955789566 76.083004787564278 88.260183826088905 109.52995693683624 77.142830699682236 68.187479436397552 36.440074637532234 19.568435057997704 10.618960052728655 9.8910150676965696 59.485017344355583 17.551789999008179 7.7465440034866351 6.5040358752012253 3.6675947755575171 13.747772485017775 6.9491266757249823 4.4615420550107947 8.5261884331703168 13.354273110628126 5.3467044234275809 5.1862405389547339 24.68243670463562 6.2886738479137403 3.8063025921583176 37.766660049557686 18.51666584610939 3.5037176162004462 22.686562195420265 32.896536618471146
leaf_count=243 288 378 427 767 458 317 242 115 49 55 267 77 35 30 20 63 34 20 39 65 25 24 157 38 23 210 112 20 135 173
internal_value=-0.000571262 -0.0322594 0.0378111 -0.058119 -0.00187934 0.051588 -0.0417743 0.0132819 0.0287127 0.0117629 0.0663992 0.0497785 0.0916107 0.0329082 -0.0145259 -0.00551113 -0.0364728 0.0299054 0.0893529 0.0244728 -0.00344926 0.0271391 -0.0676014 -0.0415309 0.0221191 -0.0183865 -0.0204209 -0.00892437 -0.0163258 -0.0232242
internal_weight=901.951 494.06 407.891 266.886 227.174 266.787 157.356 150.031 104.85 141.104 161.937 93.9258 31.8024 14.2506 56.1326 36.6626 22.9148 93.8988 68.0112 89.4373 15.9657 93.4464 71.2175 34.7774 10.095 47.6577 86.1382 67.6215 64.1178 52.465
internal_count=4906 2966 1940 1737 1229 1224 970 771 488 716 736 430 142 65 308 171 108 463 306 443 74 451 460 218 61 265 510 398 378 288
is_linear=0
shrinkage=0.1


Tree=6
num_leaves=31
num_cat=0
split_feature=7 16 16 9 8 9 8 10 0 0 0 63 94 93 10 53 0 67 57 134 82 0 128 0 14 6 0 13 51 62
split_gain=89.3713 33.4831 13.1396 9.67882 9.44125 8.14162 7.73308 7.27034 6.00315 5.52315 5.43619 4.42494 4.7307 4.39343 4.36304 5.74186 5.19255 4.91624 4.51468 4.93665 4.9875 5.84245 4.20659 4.1994 9.03972 5.6427 4.04159 4.51701 10.1823 3.85448
threshold=1.0000000180025095e-35 1.0000000180025095e-35 1.0000000180025095e-35 1.0000000180025095e-35 1.0000000180025095e-35 1.0000000180025095e-35 1.0000000180025095e-35 1.0000000180025095e-35 17.498972892761234 17.100615501403812 4.2108144760131845 1.0000000180025095e-35 1.0000000180025095e-35 1.0000000180025095e-35 1.0000000180025095e-35 1.0000000180025095e-35 11.623545169830324 1.0000000180025095e-35 1.0000000180025095e-35 1.0000000180025095e-35 1.0000000180025095e-35 14.29021215438843 1.0000000180025095e-35 6.9089665412902841 1.0000000180025095e-35 1.0000000180025095e-35 8.2737851142883319 1.0000000180025095e-35 1.0000000180025095e-35 1.0000000180025095e-35
decision_type=2 2 2 2 2 2 2 2 2 2 2 2 2 2 2 2 2 2 2 2 2 2 2 2 2 2 2 2 2 2
left_child=1 4 6 7 5 10 11 8 23 13 -1 12 -2 14 18 16 17 -16 19 20 21 -4 -19 24 25 -3 -9 -28 -29 -7
right_child=2 3 9 -5 -6 29 -8 26 -10 -11 -12 -13 -14 -15 15 -17 -18 22 -20 -21 -22 -23 -24 -25 -26 -27 27 28 -30 -31
leaf_value=-0.0029880695491714248 0.04026891263141881 0.011574803401286665 0.056656728440663717 0.02290524857022699 -0.077772476502065285 0.014750386452192893 -0.0043926520078168916 -0.088800598922585405 0.11573679180906066 0.14567925798745454 -0.07361276568968142 -0.052069902661695366 -0.029375096035609852 0.12479685083980019 -0.032129383663371661 -0.052740404194183244 0.11410002657588732 0.029020314963282629 0.078557375670014917 -0.046227137486696629 0.14267271111580834 -0.06123994667212234 0.13519157947376423 -0.025150773005715884 -0.039362788189462677 0.12715328042954493 -0.062975842220124215 0.12726662841983929 -0.054556120499618936 -0.032237248399952713
leaf_weight=13.133308485150335 144.44504036009312 8.2935983389616013 20.957851171493537 93.550404772162437 103.73406578600407 27.106656670570374 89.276066571474075 17.50550964474678 4.1355130821466437 6.5525619834661475 64.059854850172997 5.9841313362121573 10.459723263978956 7.8631731867790213 11.103617221117018 8.0375867187976819 7.6460730135440818 21.732421621680263 57.393382802605629 6.3748759925365439 4.9268394112586966 5.2578239738941184 4.5054260641336432 51.479950547218323 13.47473841905594 8.6086134165525436 16.398097649216652 5.0330752730369586 7.9371002912521362 49.047224298119545
leaf_count=83 667 46 91 486 767 159 472 116 20 27 435 31 50 35 55 40 33 102 245 28 21 23 20 280 71 44 93 28 45 293
internal_value=-0.000604069 -0.029776 0.0335874 -0.00173479 -0.0544724 -0.0387108 0.0192099 -0.0190837 -0.00181321 0.0557415 -0.061597 0.0323067 0.0355663 0.051959 0.0480874 0.0251114 0.0390206 0.0236473 0.0609238 0.0339482 0.0503601 0.0330113 0.0472515 -0.00775199 0.0217338 0.0704411 -0.0507674 -0.0280969 0.0160002 -0.0155122
internal_weight=896.014 483.498 412.517 226.417 257.081 153.347 250.165 132.866 85.9924 162.352 77.1932 160.889 154.905 155.799 147.936 53.0251 44.9875 37.3415 94.9108 37.5174 31.1425 26.2157 26.2378 81.8569 30.377 16.9022 46.8738 29.3683 12.9702 76.1539
internal_count=4906 2966 1940 1229 1737 970 1220 743 461 720 518 748 717 693 658 250 210 177 408 163 135 114 122 441 161 90 282 166 73 452
is_linear=0
shrinkage=0.1


Tree=7
num_leaves=31
num_cat=0
split_feature=7 16 16 9 8 8 8 93 17 24 0 140 10 87 67 74 64 0 10 10 0 61 9 10 50 67 6 49 61 53
split_gain=72.9512 28.7505 10.3964 8.70335 8.14452 6.15462 6.13725 5.33879 4.95846 4.71977 4.36774 3.98316 4.44019 3.90813 3.97474 3.89636 3.86919 5.5539 4.26379 3.85919 5.19521 4.48263 4.2434 3.74835 4.29721 4.35628 3.99913 3.7154 4.0673 3.88051
threshold=1.0000000180025095e-35 1.0000000180025095e-35 1.0000000180025095e-35 1.0000000180025095e-35 1.0000000180025095e-35 1.0000000180025095e-35 1.0000000180025095e-35 1.0000000180025095e-35 1.0000000180025095e-35 1.0000000180025095e-35 17.100615501403812 1.0000000180025095e-35 1.0000000180025095e-35 1.0000000180025095e-35 1.0000000180025095e-35 1.0000000180025095e-35 1.0000000180025095e-35 12.746064186096193 1.0000000180025095e-35 1.0000000180025095e-35 8.0862421989440936 1.0000000180025095e-35 1.0000000180025095e-35 1.0000000180025095e-35 1.0000000180025095e-35 1.0000000180025095e-35 1.0000000180025095e-35 1.0000000180025095e-35 1.0000000180025095e-35 1.0000000180025095e-35
decision_type=2 2 2 2 2 2 2 2 2 2 2 2 2 2 2 2 2 2 2 2 2 2 2 2 2 2 2 2 2 2
left_child=1 3 5 11 7 15 -5 8 -3 -10 -4 12 -1 14 -6 16 17 18 -2 -11 21 22 -21 24 25 -7 -26 28 29 -17
right_child=2 4 10 6 13 23 -8 -9 9 19 -12 -13 -14 -15 -16 27 -18 -19 -20 20 -22 -23 -24 -25 26 -27 -28 -29 -30 -31
leaf_value=-0.056419683994213467 0.050990294253057344 0.10150358508243087 0.046152600679509798 -0.014106547864115205 -0.063676151939271494 -0.040937112150423796 -0.062607779802365704 -0.082313446920625644 -0.081135566222842334 0.028482460229960989 0.12881272358224286 -0.0023534408259007879 -0.094587081964647782 0.075222669351407923 -0.015186518231284842 0.0015996255944401364 -0.035497191122740232 0.085967343532705687 0.0029170185075473938 -0.075405987537738348 0.019145939431826121 -0.1281871688665068 0.033497057913655502 -0.032409004331647 0.013954478346673925 0.022336892602967732 0.12239263869950641 0.051965044960440479 -0.035890073460841845 0.10947855483017539
leaf_weight=70.271649107336998 45.087411388754845 6.4223234653472892 157.60685159265995 75.48158061504364 27.084115222096443 18.807741969823837 39.870694175362587 5.7905945032834998 5.2766321450471869 83.079768136143684 6.6626426875591269 8.5358302146196348 53.827737614512444 3.4711451679468146 44.978807047009468 14.076707795262339 6.4082222729921332 24.588813707232475 31.228186324238777 6.8630973547697085 30.2387765198946 5.0502700060605994 7.4747820049524307 30.47516530752182 8.1524781435728055 25.816811710596085 5.8352322280406943 13.874948069453238 22.985763564705849 4.3693669885396949
leaf_count=505 199 31 693 452 164 96 311 32 27 403 27 63 406 21 273 69 31 107 145 51 158 32 37 180 38 132 26 63 113 21
internal_value=-0.000621891 -0.027455 0.0299359 -0.050959 -0.00163337 0.0171645 -0.0308707 0.011837 0.0156124 0.0116147 0.0495052 -0.0684298 -0.0729747 -0.0284186 -0.0334109 0.0287382 0.0398506 0.0446358 0.0313188 0.0153025 -0.00676176 -0.0471688 -0.0186314 -0.00396222 0.0108285 -0.00433096 0.0591915 0.00717671 -0.00782228 0.0271532
internal_weight=889.694 473.718 415.976 247.987 225.73 251.707 115.352 150.196 144.406 137.983 164.269 132.635 124.099 75.5341 72.0629 162.619 107.313 100.904 76.3156 132.707 49.6269 19.3881 14.3379 89.0874 58.6123 44.6246 13.9877 55.3068 41.4318 18.4461
internal_count=4906 2966 1940 1737 1229 1220 763 771 739 708 720 974 911 458 437 748 482 451 344 681 278 120 88 472 292 228 64 266 203 90
is_linear=0
shrinkage=0.1


Tree=8
num_leaves=31
num_cat=0
split_feature=7 16 8 8 10 9 12 84 10 14 0 69 0 0 80 67 48 65 9 10 35 67 16 6 128 0 1 10 39 67
split_gain=59.5948 24.609 8.35598 8.23399 7.71129 7.53156 6.93637 5.79541 5.6139 5.14927 4.79532 5.93737 4.66784 4.58067 4.57677 3.94247 3.81016 3.79992 3.6468 5.74428 6.71922 6.83886 7.88443 5.4689 4.82924 5.82379 3.92962 3.6321 4.66622 7.07147
threshold=1.0000000180025095e-35 1.0000000180025095e-35 1.0000000180025095e-35 1.0000000180025095e-35 1.0000000180025095e-35 1.0000000180025095e-35 1.0000000180025095e-35 1.0000000180025095e-35 1.0000000180025095e-35 1.0000000180025095e-35 15.868583202362062 1.0000000180025095e-35 9.7262148857116717 17.498972892761234 1.0000000180025095e-35 1.0000000180025095e-35 1.0000000180025095e-35 1.0000000180025095e-35 1.0000000180025095e-35 1.0000000180025095e-35 1.0000000180025095e-35 1.0000000180025095e-35 1.0000000180025095e-35 1.0000000180025095e-35 1.0000000180025095e-35 11.43189573287964 -0.51387938857078541 1.0000000180025095e-35 1.0000000180025095e-35 1.0000000180025095e-35
decision_type=2 2 2 2 2 2 2 2 2 2 2 2 2 2 2 2 2 2 2 2 2 2 2 2 2 2 2 2 2 2
left_child=1 2 4 6 -1 8 7 10 13 -8 18 -12 -11 -3 17 -16 -4 27 19 20 21 23 -23 -2 25 -20 -21 28 -5 -30
right_child=3 5 16 14 -6 -7 9 -9 -10 12 11 -13 -14 -15 15 -17 -18 -19 24 26 -22 22 -24 -25 -26 -27 -28 -29 29 -31
leaf_value=-0.012165918359695112 0.022424910043929259 -0.0074187773406869497 0.034598698232202553 0.014202097784278264 -0.058493809435952941 0.01997050751535992 0.032913896264125268 0.12979217692559178 -0.045825642225028621 -0.047697910647197528 0.16195077302046404 0.042840078121836114 0.022994146546643692 0.098725312791190567 -0.11954411824314433 -0.001699769799263357 -0.074705934294747686 -0.068163682544413115 0.02161283891641988 0.063781252243403724 0.12042572464860957 -0.068974442607283568 0.053377709870888405 0.15096902644102111 0.12244208218784068 0.093350885560660235 -0.019276926855336496 -0.0082294847563821587 0.12371796995211425 0.0092840767714980812
leaf_weight=81.450170442461967 6.8359702378511411 81.40305207669735 3.3054747879505149 62.72295942902565 64.286274507641792 94.470142185688019 70.765327632427216 8.5383279621601087 44.724525295197964 19.014271259307861 7.4991269856691369 9.4695912599563599 18.359601363539696 4.2794572412967673 5.039008215069769 6.5021028220653534 90.569863580167294 5.5863366425037375 33.982066422700882 7.0237231552600852 10.312900826334952 10.401853531599045 10.668734148144722 6.4163387417793274 9.7131293863058072 16.966275900602341 30.137982338666916 41.14786534011364 11.106157168745995 10.510573610663414
leaf_count=510 29 441 27 301 460 486 317 37 282 89 32 41 82 20 26 33 740 29 148 32 43 49 44 28 41 73 139 231 49 47
internal_value=-0.000627855 -0.0252909 -0.0475895 0.026731 -0.0326018 -0.00153121 0.0368093 0.0495271 -0.0171076 0.0170557 0.0452284 0.0954797 -0.012971 -0.00211736 0.00721918 -0.0531522 -0.0708572 0.0125349 0.0392428 0.0254644 0.0496443 0.0283768 -0.00702351 0.0846618 0.0578219 0.0455023 -0.00357857 0.0161274 0.0280107 0.0680775
internal_weight=883.209 464.489 239.612 418.72 145.736 224.877 276.105 167.966 130.407 108.139 159.428 16.9687 37.3739 85.6825 142.615 11.5411 93.8753 131.074 142.459 81.7975 44.6358 34.3229 21.0706 13.2523 60.6615 50.9483 37.1617 125.488 84.3397 21.6167
internal_count=4906 2966 1737 1940 970 1229 1224 736 743 488 699 73 171 461 716 59 767 657 626 364 193 150 93 57 262 221 171 628 397 96
is_linear=0
shrinkage=0.1


Tree=9
num_leaves=31
num_cat=0
split_feature=7 16 9 16 8 15 12 10 108 0 5 68 12 0 1 81 26 0 129 1 12 94 68 99 13 0 11 55 5 8
split_gain=48.6382 21.0497 8.08389 7.58124 6.60089 5.19024 4.70888 5.66537 7.89463 4.63545 4.48386 9.73139 7.0809 6.84334 5.9918 6.40909 4.74858 4.56667 4.3993 8.5714 5.97315 5.43316 4.35919 5.95201 4.04576 8.05473 5.4388 7.8812 5.36115 4.15421
threshold=1.0000000180025095e-35 1.0000000180025095e-35 1.0000000180025095e-35 1.0000000180025095e-35 1.0000000180025095e-35 1.0000000180025095e-35 1.0000000180025095e-35 1.0000000180025095e-35 1.0000000180025095e-35 17.006159782409672 1.0000000180025095e-35 1.0000000180025095e-35 1.0000000180025095e-35 5.405886411666871 0.603315830230713 1.0000000180025095e-35 1.0000000180025095e-35 10.513347148895265 1.0000000180025095e-35 -0.37987679243087763 1.0000000180025095e-35 1.0000000180025095e-35 1.0000000180025095e-35 1.0000000180025095e-35 1.0000000180025095e-35 7.1540040969848642 1.0000000180025095e-35 1.0000000180025095e-35 1.0000000180025095e-35 1.0000000180025095e-35
decision_type=2 2 2 2 2 2 2 2 2 2 2 2 2 2 2 2 2 2 2 2 2 2 2 2 2 2 2 2 2 2
left_child=1 2 -1 6 10 18 9 8 -8 24 14 12 16 -14 -3 -16 -12 -15 21 20 -20 -4 -7 -24 -2 26 -26 -28 29 -27
right_child=3 4 5 -5 -6 22 7 -9 -10 -11 11 -13 13 17 15 -17 -18 -19 19 -21 -22 -23 23 -25 25 28 27 -29 -30 -31
leaf_value=-0.062046277827355403 0.033528555923528741 -0.01904609766584793 -0.034125052855930892 0.040452806649139451 -0.025819212453057939 -0.067028880148365805 0.0024888702830737713 -0.035165763525123836 0.11981254820186088 0.090527492484385796 0.12747011946424966 -0.046098493957594876 -0.084067780343636891 0.092813397870870396 0.076421296895871391 -0.044001235943428481 0.047625939645452323 -0.026548075858223621 0.062790521566379306 0.19410408487274131 -0.059056080324540655 0.082835676866349642 0.084694501948133966 -0.090380209366517361 0.0048775672059682921 0.032336556196042573 0.18971743912078592 0.007867466521007286 -0.082581925699642442 -0.055800622543154856
leaf_weight=122.26640859246254 84.459277272224426 65.670994400978088 43.248269319534302 166.91867493093014 74.12337489426136 34.942902885377407 57.737781420350075 36.60703931748867 6.3679137825965872 9.8198805600404722 12.78198863565922 12.998583793640135 6.0913501232862499 7.8343324214220029 15.339282333850862 6.208329737186431 17.85159108042717 5.4248183518648148 8.5451030209660583 2.8295104205608359 7.6028698831796637 4.3732797726988784 4.8404791951179487 3.242747887969017 13.88725920021534 13.925579607486725 4.9924356341362 4.5600516349077225 12.76095490157604 8.6816979497671127
leaf_count=974 406 349 296 720 458 248 270 185 30 46 59 67 35 41 75 31 86 28 59 20 52 31 34 23 67 63 23 22 62 46
internal_value=-0.000624021 -0.02324 -0.0443668 0.0239002 -0.00140055 -0.0246487 0.0130138 -0.00377963 0.0141432 0.0240619 0.0106499 0.030982 0.0510272 0.00367051 -0.00403243 0.041725 0.0809413 0.0439781 -0.00715942 0.0335543 0.00542209 -0.0233841 -0.0517198 0.0144598 0.0195062 -0.000632548 0.0448283 0.102908 -0.030761 -0.00151008
internal_weight=876.935 456.216 231.892 420.719 224.325 109.625 253.8 100.713 64.1057 153.087 150.201 62.9827 49.9841 19.3505 87.2186 21.5476 30.6336 13.2592 66.599 18.9775 16.148 47.6215 43.0261 8.08323 143.267 58.808 23.4397 9.55249 35.3682 22.6073
internal_count=4906 2966 1737 1940 1229 763 1220 485 300 735 771 316 249 104 455 106 145 69 458 131 111 327 305 57 689 283 112 45 171 109
is_linear=0
shrinkage=0.1


Tree=10
num_leaves=31
num_cat=0
split_feature=7 16 8 10 8 9 91 12 84 23 14 10 80 0 15 12 0 9 84 6 48 0 69 21 13 0 68 67 41 1
split_gain=39.7537 17.925 7.93851 6.9334 6.43776 6.02271 4.93279 4.59475 4.59362 4.53391 4.26997 4.16261 3.73676 3.64946 4.14959 5.89463 5.88057 5.34918 3.63544 3.52238 3.49693 3.49667 4.65536 3.45365 3.43686 5.94871 6.07587 5.35865 5.32492 4.78588
threshold=1.0000000180025095e-35 1.0000000180025095e-35 1.0000000180025095e-35 1.0000000180025095e-35 1.0000000180025095e-35 1.0000000180025095e-35 1.0000000180025095e-35 1.0000000180025095e-35 1.0000000180025095e-35 1.0000000180025095e-35 1.0000000180025095e-35 1.0000000180025095e-35 1.0000000180025095e-35 3.1772758960723881 1.0000000180025095e-35 1.0000000180025095e-35 5.1663243770599374 1.0000000180025095e-35 1.0000000180025095e-35 1.0000000180025095e-35 1.0000000180025095e-35 15.868583202362062 1.0000000180025095e-35 1.0000000180025095e-35 1.0000000180025095e-35 4.3846678733825692 1.0000000180025095e-35 1.0000000180025095e-35 1.0000000180025095e-35 -0.58126091957092274
decision_type=2 2 2 2 2 2 2 2 2 2 2 2 2 2 2 2 2 2 2 2 2 2 2 2 2 2 2 2 2 2
left_child=1 2 3 13 7 6 11 8 21 -9 -11 -3 -6 -1 15 -15 -17 -18 24 -14 -4 -2 -23 -12 25 -7 28 -28 -27 -26
right_child=4 5 20 -5 12 18 -8 9 -10 10 23 -13 19 14 -16 16 17 -19 -20 -21 -22 22 -24 -25 29 26 27 -29 -30 -31
leaf_value=0.063185542178895049 0.031529731227532484 -0.0058417874801693108 0.036276127602745491 -0.05209172921603894 0.0088866507057355059 -0.049093710403636921 0.09518059483100802 0.098223771993893733 0.11083531580933513 0.023804078482359454 -0.0058343135156680818 -0.0444889282364649 -0.10467391082377611 0.055041039263675373 -0.038176900261747373 -0.12654429624910724 -0.062833237699088496 0.053449021944126353 0.084539414670665503 0.0068278729711086054 -0.069098233685861751 0.13687851075612875 0.03265701592594094 -0.093080195956252165 0.089681602775267544 0.074749383816218026 0.031674061842818138 -0.11351643812402651 -0.037384742761008151 -0.029276538264329008
leaf_weight=6.780526563525199 144.33282305300236 82.464462101459503 3.2734147906303397 59.949019327759743 132.43352641165257 8.7239071130752546 3.9090041220188132 6.0574463158845893 8.7958378791809064 67.864655062556267 29.481340602040291 42.096524320542812 5.8754528164863569 16.193748041987419 35.064039498567581 4.5076023191213634 7.0204108059406289 9.0631988346576691 7.5115812271833411 5.4715903848409653 83.077151857316494 7.7229406684637079 9.6301165074110031 5.3625039607286444 3.8591821342706707 32.028170853853226 6.4102751314640027 4.212512344121933 4.8801033645868293 27.351700603961945
leaf_count=40 626 447 27 460 657 45 22 26 37 301 136 274 31 95 248 28 51 48 38 28 740 32 41 25 19 163 33 22 25 141
internal_value=-0.000629699 -0.0213761 -0.0413045 -0.0264748 0.0213598 -0.00131549 -0.0154317 0.0302117 0.0404575 0.0141524 0.00919407 -0.0189029 0.00416776 -0.00694385 -0.0135621 0.00990115 -0.0255987 0.00269243 0.0177786 -0.0509073 -0.0651037 0.0366289 0.0790406 -0.0192615 0.0120452 0.0268102 0.0407417 -0.0259019 0.0599227 -0.0145675
internal_weight=871.405 448.377 224.929 138.579 423.028 223.447 128.47 279.248 170.482 108.766 102.708 124.561 143.781 78.6295 71.849 36.785 20.5912 16.0836 94.9774 11.347 86.3506 161.686 17.3531 34.8438 87.4659 56.255 47.5311 10.6228 36.9083 31.2109
internal_count=4906 2966 1737 970 1940 1229 743 1224 736 488 462 721 716 510 470 222 127 99 486 59 767 699 73 161 448 288 243 55 188 160
is_linear=0
shrinkage=0.1


Tree=11
num_leaves=31
num_cat=0
split_feature=7 16 8 10 10 37 8 0 63 93 0 67 0 127 5 9 49 6 177 35 95 0 14 0 9 140 5 12 67 129
split_gain=32.5316 15.2695 7.13199 6.46904 5.9476 5.82647 4.93391 4.33689 5.44026 3.78457 3.57361 7.44718 9.3401 5.59212 4.35556 3.52884 5.45661 4.38098 3.12236 3.20811 4.53759 4.45859 4.22448 5.42695 4.03656 3.94861 3.58797 3.70659 3.98516 3.35117
threshold=1.0000000180025095e-35 1.0000000180025095e-35 1.0000000180025095e-35 1.0000000180025095e-35 1.0000000180025095e-35 1.0000000180025095e-35 1.0000000180025095e-35 17.622176170349125 1.0000000180025095e-35 1.0000000180025095e-35 13.813826084136965 1.0000000180025095e-35 11.108829498291017 1.0000000180025095e-35 1.0000000180025095e-35 1.0000000180025095e-35 1.0000000180025095e-35 1.0000000180025095e-35 1.0000000180025095e-35 1.0000000180025095e-35 1.0000000180025095e-35 11.998631000518801 1.0000000180025095e-35 14.528405189514162 1.0000000180025095e-35 1.0000000180025095e-35 1.0000000180025095e-35 1.0000000180025095e-35 1.0000000180025095e-35 1.0000000180025095e-35
decision_type=2 2 2 2 2 2 2 2 2 2 2 2 2 2 2 2 2 2 2 2 2 2 2 2 2 2 2 2 2 2
left_child=1 2 4 7 10 -3 9 8 18 -7 11 12 -1 -13 -15 -6 -17 -18 19 22 21 -21 25 24 26 -2 27 28 -24 -28
right_child=3 5 -4 -5 15 6 -8 -9 -10 -11 -12 13 -14 14 -16 16 17 -19 -20 20 -22 -23 23 -25 -26 -27 29 -29 -30 -31
leaf_value=0.011924118723495589 0.038133354532000945 0.11211323475968277 -0.061697531846304214 0.0035488643412023798 -0.07477009810623976 0.010244861782761129 -0.024803466391634176 0.11564283238131737 -0.047507239877254033 -0.075049714545941476 -0.048307748869301351 -0.055721945034547138 0.15779766635702014 0.068013805749348705 -0.031884379533174072 -0.053258838802060199 -0.024205303660423873 0.11387342594408947 0.10375233551659731 0.056296528265507628 0.13821011452932827 -0.014464091138690176 0.083142754505389493 0.078942603842136583 0.024261471657882179 -0.036756937228571727 -0.10707032260394589 -0.060816514738948793 -0.020002406175858037 -0.0017793163791921134
leaf_weight=16.778713524341587 109.4496286213398 4.4443230330944052 82.244427897036076 163.80757063627243 27.35546363145113 140.23646454513073 72.78923237323761 5.6394705623388282 9.44123427569866 5.4024358838796607 16.134170100092888 21.740111082792282 5.9443938434123984 9.1253600493073463 8.3654281124472618 21.209090828895569 5.0408613234758395 4.2227174341678619 5.5864362567663184 38.727985978126526 5.1931079030036917 11.563305079936979 6.4490883350372323 8.0690495371818525 23.161156266927719 7.5243369042873374 8.6936925500631315 7.9623593688011161 8.9363275468349457 4.6341305375099173
leaf_count=110 484 21 767 788 242 719 457 24 45 32 112 144 37 55 52 157 33 28 25 163 22 49 28 36 103 34 40 37 41 21
internal_value=-0.000623218 -0.0196472 -0.0384541 0.019126 -0.0243893 -0.00123795 -0.00354429 0.0289012 0.0269858 0.00708088 -0.00638765 0.00452926 0.0500848 -0.0218572 0.0202349 -0.0486978 -0.0252926 0.0387366 0.0298454 0.0281277 0.0492163 0.0400268 0.0217987 0.00195915 -0.00842215 0.033316 -0.0290623 -0.00543075 0.0232328 -0.0704603
internal_weight=865.872 441.033 218.161 424.839 135.916 222.872 218.428 261.031 255.392 145.639 78.0882 61.954 22.7231 39.2309 17.4908 57.8281 30.4727 9.26358 245.951 240.364 55.4844 50.2913 184.88 67.9058 59.8368 116.974 36.6756 23.3478 15.3854 13.3278
internal_count=4906 2966 1737 1940 970 1229 1208 1152 1128 751 510 398 147 251 107 460 218 61 1083 1058 234 212 824 306 270 518 167 106 69 61
is_linear=0
shrinkage=0.1


Tree=12
num_leaves=31
num_cat=0
split_feature=7 16 9 16 9 79 140 91 82 15 108 68 99 10 104 129 0 67 0 22 5 10 42 81 99 41 70 63 10 98
split_gain=26.6027 13.0114 6.62419 5.89799 4.83129 4.40551 4.27713 4.16714 4.37908 4.14816 4.48479 4.05461 5.02322 4.05 4.45025 3.72755 5.20205 5.96994 5.93432 5.05393 5.20293 4.56047 3.92797 5.12997 3.48996 5.23495 3.85171 3.32632 3.43058 4.51447
threshold=1.0000000180025095e-35 1.0000000180025095e-35 1.0000000180025095e-35 1.0000000180025095e-35 1.0000000180025095e-35 1.0000000180025095e-35 1.0000000180025095e-35 1.0000000180025095e-35 1.0000000180025095e-35 1.0000000180025095e-35 1.0000000180025095e-35 1.0000000180025095e-35 1.0000000180025095e-35 1.0000000180025095e-35 1.0000000180025095e-35 1.0000000180025095e-35 8.9486651420593279 1.0000000180025095e-35 13.882272243499758 1.0000000180025095e-35 1.0000000180025095e-35 1.0000000180025095e-35 1.0000000180025095e-35 1.0000000180025095e-35 1.0000000180025095e-35 1.0000000180025095e-35 1.0000000180025095e-35 1.0000000180025095e-35 1.0000000180025095e-35 1.0000000180025095e-35
decision_type=2 2 2 2 2 2 2 2 2 2 2 2 2 2 2 2 2 2 2 2 2 2 2 2 2 2 2 2 2 2
left_child=1 2 6 27 5 7 13 8 -3 10 15 -11 -13 14 -1 16 -4 18 21 20 -17 -18 23 -19 25 -6 -26 28 -2 -30
right_child=3 4 9 -5 24 -7 -8 -9 -10 11 -12 12 -14 -15 -16 19 17 22 -20 -21 -22 -23 -24 -25 26 -27 -28 -29 29 -31
leaf_value=-0.047126035898490681 0.019411028655081167 -0.015602284921919963 -0.062594562623824415 0.031636173203716887 0.015738120832156515 -0.072440503831617833 0.020968865172744711 0.094013369378331185 0.084888498133084314 -0.058939282235718038 -0.087674493330073433 0.084029683878264094 -0.083060485000659171 -0.082148878508847931 0.092520135025283223 0.08299321036105943 0.16168448370693186 -0.056874002481104836 -0.015587816339541328 0.1596659933705771 -0.039923797529454783 0.011048397996564005 -0.10312193405424859 0.11164873607696886 0.099894732141316445 -0.076314531108573225 -0.016502188092628392 -0.05037204653089488 0.0024507842549268545 -0.069221448303734404
leaf_weight=57.460197113454342 148.90729647874832 106.87496919184923 12.8626162558794 169.11563163995743 75.411285564303398 11.676686085760592 7.3026499748229972 3.8712787777185431 4.5198013335466376 31.656174227595329 5.5526560246944419 4.8425297886133185 2.8628904595971107 41.795761033892632 2.3764380514621726 6.6839497685432452 5.7859870195388776 4.5795321241021156 6.654127500951291 3.1716072708368293 7.1035795360803604 3.079459972679615 5.2292212173342705 2.9828898385167122 9.1000285446643812 6.7291612178087226 4.1346792578697196 9.5327347815036756 89.062492460012436 9.7504356354475004
leaf_count=486 677 628 89 720 382 69 63 21 25 248 41 34 23 406 19 48 37 34 51 23 50 24 39 22 46 36 22 51 442 50
internal_value=-0.000613673 -0.0180335 -0.0357592 0.0171302 -0.00113178 -0.0139096 -0.0529522 -0.00798034 -0.0115249 -0.0175839 -0.00181048 -0.0431047 0.0219486 -0.0582637 -0.0415799 0.00639095 -0.00986048 0.0140982 0.0557879 0.0458466 0.0196642 0.10936 -0.0364822 0.0095974 0.0158753 0.00819693 0.063531 0.00759406 0.0098247 -0.00462152
internal_weight=860.669 434.3 211.982 426.369 222.318 126.943 108.935 115.266 111.395 103.047 63.6856 39.3616 7.70542 101.632 59.8366 58.133 41.1738 28.3112 15.5196 16.9591 13.7875 8.86545 12.7916 7.56242 95.3752 82.1404 13.2347 257.253 247.72 98.8129
internal_count=4906 2966 1737 1940 1229 743 974 674 653 763 458 305 57 911 505 417 296 207 112 121 98 61 95 56 486 418 68 1220 1169 492
is_linear=0
shrinkage=0.1


Tree=13
num_leaves=31
num_cat=0
split_feature=7 8 10 153 132 0 11 8 81 61 16 9 67 12 73 0 36 0 0 12 13 84 0 9 10 129 23 139 14 26
split_gain=21.7996 11.8326 8.05418 6.03243 5.65714 5.88191 6.13136 5.28547 4.92504 4.82004 4.57096 4.3351 3.56823 5.87631 5.05467 4.18671 3.97471 3.86678 3.52675 3.34873 3.58712 8.24696 4.79248 3.53811 3.69846 5.25233 3.37315 3.92117 4.85977 4.3176
threshold=1.0000000180025095e-35 1.0000000180025095e-35 1.0000000180025095e-35 1.0000000180025095e-35 1.0000000180025095e-35 17.498972892761234 1.0000000180025095e-35 1.0000000180025095e-35 1.0000000180025095e-35 1.0000000180025095e-35 1.0000000180025095e-35 1.0000000180025095e-35 1.0000000180025095e-35 1.0000000180025095e-35 1.0000000180025095e-35 14.800821304321291 1.0000000180025095e-35 9.2238192558288592 9.5071868896484393 1.0000000180025095e-35 1.0000000180025095e-35 1.0000000180025095e-35 15.868583202362062 1.0000000180025095e-35 1.0000000180025095e-35 1.0000000180025095e-35 1.0000000180025095e-35 1.0000000180025095e-35 1.0000000180025095e-35 1.0000000180025095e-35
decision_type=2 2 2 2 2 2 2 2 2 2 2 2 2 2 2 2 2 2 2 2 2 2 2 2 2 2 2 2 2 2
left_child=1 2 3 4 5 6 12 19 -6 11 -3 -4 14 -14 15 16 -1 -15 -16 20 21 22 -2 24 -22 -26 -21 28 -28 -29
right_child=7 10 9 -5 8 -7 -8 -9 -10 -11 -12 -13 13 17 18 -17 -18 -19 -20 26 23 -23 -24 -25 25 -27 27 29 -30 -31
leaf_value=0.066001591107783933 0.029890447278931077 -0.05645776696075161 -0.03746096849630498 0.12092727974244218 0.091388304038574286 0.097135166189413702 -0.030377737296451969 -0.00010996639615901054 0.0014916831252901933 -0.0557298342891843 -0.021297114555116719 0.012045249975999858 0.024681357067753807 -0.011353061404194953 0.021779655940836373 -0.072884513807454462 -0.047541393572966495 -0.10249956395366314 0.12831018943217584 0.081375958460715977 0.023943687396471847 0.16773775060439144 0.10228857336698705 0.045243845580469837 -0.064829064385056853 0.051633194022571993 0.015101926331720777 0.13367715828817761 -0.033334584625074902 -0.0020451276142026079
leaf_weight=10.457921102643015 89.833934143185616 76.332856066524982 32.957331821322441 4.6743503585457793 13.279338322579861 5.7665520682930937 58.898554868996143 145.67028437554836 11.263419389724731 36.161827072501183 71.70660737156868 38.177866794168949 26.827771887183189 11.732341200113298 5.1566094756126386 5.0511207133531562 4.3719811439514151 7.7152730152010909 7.8207747489213943 6.1918728053569785 23.691296815872192 5.0906961411237708 10.179420322179793 23.575781121850014 14.822702750563623 5.2418406754732123 63.264273628592491 4.77460730075836 30.7984768897295 4.6041197627782822
leaf_count=56 382 767 271 27 71 31 343 716 61 264 458 233 143 69 30 30 23 48 41 26 101 21 42 99 68 23 276 21 144 21
internal_value=-0.000610499 -0.0165565 -0.00447824 0.00887048 0.00575899 -0.00181433 -0.00594813 0.0153584 0.050132 -0.026003 -0.0394268 -0.0108913 0.0122346 -0.00565882 0.0374344 0.00574623 0.0325282 -0.0475128 0.0859799 0.0233468 0.0320348 0.0435789 0.0372592 0.0140146 -0.00281178 -0.0344034 0.00968198 0.00539047 -0.000757388 0.0670496
internal_weight=856.092 428.352 280.313 173.016 168.342 143.799 138.032 427.739 24.5428 107.297 148.039 71.1352 79.1338 46.2754 32.8584 19.881 14.8299 19.4476 12.9774 282.069 172.436 105.104 100.013 67.3316 43.7558 20.0645 109.633 103.441 94.0628 9.37873
internal_count=4906 2966 1741 973 946 814 783 1940 132 768 1225 504 440 260 180 109 79 117 71 1224 736 445 424 291 192 91 488 462 420 42
is_linear=0
shrinkage=0.1


Tree=14
num_leaves=31
num_cat=0
split_feature=7 16 9 1 8 153 37 178 9 10 140 10 128 15 108 86 63 104 79 67 12 41 102 6 42 81 0 26 0 61
split_gain=17.8444 10.2216 5.53141 4.96793 4.73361 4.45417 4.49085 4.10407 4.44842 4.12529 3.85577 3.61796 3.56099 3.5529 3.91793 3.51038 3.48565 3.32557 3.30635 3.25224 3.24052 5.89624 6.10007 4.63161 5.32144 4.8138 4.37151 3.09078 4.98686 4.77787
threshold=1.0000000180025095e-35 1.0000000180025095e-35 1.0000000180025095e-35 0.9397673010826112 1.0000000180025095e-35 1.0000000180025095e-35 1.0000000180025095e-35 1.0000000180025095e-35 1.0000000180025095e-35 1.0000000180025095e-35 1.0000000180025095e-35 1.0000000180025095e-35 1.0000000180025095e-35 1.0000000180025095e-35 1.0000000180025095e-35 1.0000000180025095e-35 1.0000000180025095e-35 1.0000000180025095e-35 1.0000000180025095e-35 1.0000000180025095e-35 1.0000000180025095e-35 1.0000000180025095e-35 1.0000000180025095e-35 1.0000000180025095e-35 1.0000000180025095e-35 1.0000000180025095e-35 13.474332809448244 1.0000000180025095e-35 15.51813840866089 1.0000000180025095e-35
decision_type=2 2 2 2 2 2 2 2 2 2 2 2 2 2 2 2 2 2 2 2 2 2 2 2 2 2 2 2 2 2
left_child=1 2 10 4 -2 6 -3 8 9 -8 11 17 -13 14 -4 -15 18 -1 27 -12 21 22 23 24 -10 26 -25 28 -6 -29
right_child=3 5 13 -5 16 -7 7 -9 20 -11 19 12 -14 15 -16 -17 -18 -19 -20 -21 -22 -23 -24 25 -26 -27 -28 29 -30 -31
leaf_value=-0.0425154489481568 0.01966860380814657 0.095885185378180152 0.0074020693610851512 0.079509650000059801 0.00024389048783023481 0.11099463705725077 -0.0058469142335042731 0.092297733941054408 0.018082506542727972 -0.045685057411347124 -0.052906390953185826 -0.087764003703696344 0.011974046948159343 -0.047237816919267074 -0.083555602612762625 0.073761238345039296 -0.082560893086651752 0.073818240261806042 -0.054446385602835337 0.082285186420539488 -0.015480418897931473 -0.078801481217658648 0.14804292032621069 0.057182549558467757 -0.095485524172729389 -0.011954889818706531 0.18075713189215309 0.0016225728314391873 -0.081028429117814965 0.058082229940456379
leaf_weight=54.562454909086227 275.38110083341599 4.5799889564514151 57.39533693343401 11.201378062367437 45.061207056045532 3.5402569472789756 78.339209318161011 4.3176773488521567 25.468710213899616 38.900009050965309 3.1830739751458159 33.725717976689339 4.0048026591539374 35.104060180485249 5.1614966392517081 2.5734475255012503 5.2776961028575888 2.5731673911213866 10.219567909836767 4.0352940335869789 31.47706526517868 5.0764910578727713 4.3100565969943991 9.1561829596757907 4.9234812557697287 6.0162461549043647 4.1648158282041541 50.932244837284088 9.0694766789674741 21.238669604063034
leaf_count=486 1193 21 417 49 222 18 434 24 127 270 28 366 40 285 41 20 28 19 52 35 167 27 20 44 27 30 20 246 45 105
internal_value=-0.000593114 -0.0151729 -0.0314007 0.0137895 0.0120249 -0.000267534 -0.00208499 -0.00420001 -0.00620474 -0.0190652 -0.047785 -0.0531459 -0.0771776 -0.014714 -0.00010275 -0.0389733 -0.00281959 -0.0372762 0.000263084 0.0226699 0.0104384 0.0242392 0.0339189 0.0240278 -0.000315314 0.0622876 0.0958182 0.00468985 -0.0133731 0.0182377
internal_weight=850.97 422.589 202.319 428.381 417.18 220.27 216.73 212.15 207.832 117.239 102.085 94.8661 37.7305 100.234 62.5568 37.6775 141.799 57.1356 136.521 7.21837 90.593 59.116 54.0395 49.7294 30.3922 19.3372 13.321 126.302 54.1307 72.1709
internal_count=4906 2966 1737 1940 1891 1229 1211 1190 1166 704 974 911 406 763 458 305 698 505 670 63 462 295 268 248 154 94 64 618 267 351
is_linear=0
shrinkage=0.1


Tree=15
num_leaves=31
num_cat=0
split_feature=7 8 10 16 12 15 78 108 61 16 48 102 87 67 74 78 70 9 13 132 21 81 0 33 14 53 5 128 16 0
split_gain=14.611 9.70592 5.88892 4.5497 4.13753 5.33673 4.39522 4.55447 4.11586 3.7098 3.469 3.44783 3.33828 3.8628 3.62249 4.11596 5.41507 4.85352 4.03436 3.1102 4.02942 3.44077 3.09162 6.09822 4.66902 3.68393 3.18765 6.59334 4.28787 3.09153
threshold=1.0000000180025095e-35 1.0000000180025095e-35 1.0000000180025095e-35 1.0000000180025095e-35 1.0000000180025095e-35 1.0000000180025095e-35 1.0000000180025095e-35 1.0000000180025095e-35 1.0000000180025095e-35 1.0000000180025095e-35 1.0000000180025095e-35 1.0000000180025095e-35 1.0000000180025095e-35 1.0000000180025095e-35 1.0000000180025095e-35 1.0000000180025095e-35 1.0000000180025095e-35 1.0000000180025095e-35 1.0000000180025095e-35 1.0000000180025095e-35 1.0000000180025095e-35 1.0000000180025095e-35 13.882272243499758 1.0000000180025095e-35 1.0000000180025095e-35 1.0000000180025095e-35 1.0000000180025095e-35 1.0000000180025095e-35 1.0000000180025095e-35 11.296372413635256
decision_type=2 2 2 2 2 2 2 2 2 2 2 2 2 2 2 2 2 2 2 2 2 2 2 2 2 2 2 2 2 2
left_child=1 2 4 -2 5 -1 7 -7 11 10 -3 22 13 -11 15 16 17 -15 -18 20 -6 -21 25 24 -24 26 -4 28 -28 -5
right_child=3 9 8 29 19 6 -8 -9 -10 12 -12 -13 -14 14 -16 -17 18 -19 -20 21 -22 -23 23 -25 -26 -27 27 -29 -30 -31
leaf_value=0.043912593896213825 0.0040206286769603012 0.054780988303404513 -0.041824060995823004 0.014370085241327378 -0.0082340125865451898 -0.024030531531000102 0.10062522984637634 0.089489392217779046 -0.050289799433192311 -0.055096914292066625 -0.055902920967415781 0.079864482766692182 0.077176023828775045 0.016778971545694129 -0.050999818849027136 -0.093892201613018325 -0.1229453668535998 0.12090095421193636 0.03087986820529753 0.085641083551098771 -0.082495339645709348 -0.018325878799737717 0.041547481396981188 0.12857116709361563 -0.083931320454402492 -0.12230287576219596 -0.060849696860083527 0.13701712062312663 0.042301841553021226 0.042034868986427984
leaf_weight=51.862962320446968 259.02194732427597 2.9543576985597602 25.246289148926735 104.52488204836845 55.095449000597 36.415094874799252 3.7172654196619979 3.9141018390655509 34.093670256435871 24.885610684752464 68.158641777932644 4.209532029926776 3.4380315691232672 12.922880828380594 12.327796474099157 3.18978227674961 3.6135621368885031 6.8497963398694983 3.2280785292387009 6.669750511646269 8.4237598180770856 6.0894724875688553 6.9944702759385127 4.1654335185885421 5.1479686796665192 3.6825376376509658 9.033445589244371 3.4672982841730109 7.2754914462566367 65.837508738040924
leaf_count=254 1220 27 187 443 341 212 21 23 264 164 740 29 21 87 80 20 24 41 21 36 51 35 46 26 38 28 81 27 42 277
internal_value=-0.000579823 -0.0139106 -0.00297527 0.0123687 0.0083497 0.0221739 -0.00342259 -0.013013 -0.0218496 -0.0351917 -0.0513046 -0.00784211 -0.0189283 -0.0238585 -0.00540729 0.013451 0.0263163 0.0528497 -0.0503663 -0.00903228 -0.0180824 0.0360218 -0.013521 0.0241651 -0.0116511 -0.0261395 -0.0182739 0.0117901 -0.0148333 0.0250613
internal_weight=846.457 417.073 275.504 429.384 172.188 95.9094 44.0465 40.3292 103.316 141.569 71.113 69.2225 70.4555 67.0175 42.1319 29.8041 26.6143 19.7727 6.84164 76.2784 63.5192 12.7592 65.0129 16.3079 12.1424 48.7051 45.0225 19.7762 16.3089 170.362
internal_count=4906 2966 1741 1940 973 510 256 235 768 1225 767 504 458 437 273 193 173 128 45 463 392 71 475 110 84 365 337 150 123 720
is_linear=0
shrinkage=0.1


Tree=16
num_leaves=31
num_cat=0
split_feature=7 8 141 10 10 0 33 0 132 153 0 40 11 1 70 12 21 177 137 33 11 12 67 14 41 26 67 67 93 42
split_gain=11.995 8.19691 5.50807 5.4502 4.40866 4.07698 5.47944 5.85528 3.90773 4.97186 4.55235 3.60983 3.45326 3.41148 6.11983 5.09001 3.48699 3.34167 3.30584 3.1199 3.73159 4.40051 3.75477 3.40426 3.35466 3.2257 3.21101 3.08743 3.05744 4.76198
threshold=1.0000000180025095e-35 1.0000000180025095e-35 1.0000000180025095e-35 1.0000000180025095e-35 1.0000000180025095e-35 13.726214885711672 1.0000000180025095e-35 14.176591396331789 1.0000000180025095e-35 1.0000000180025095e-35 17.498972892761234 1.0000000180025095e-35 1.0000000180025095e-35 0.13636017590761187 1.0000000180025095e-35 1.0000000180025095e-35 1.0000000180025095e-35 1.0000000180025095e-35 1.0000000180025095e-35 1.0000000180025095e-35 1.0000000180025095e-35 1.0000000180025095e-35 1.0000000180025095e-35 1.0000000180025095e-35 1.0000000180025095e-35 1.0000000180025095e-35 1.0000000180025095e-35 1.0000000180025095e-35 1.0000000180025095e-35 1.0000000180025095e-35
decision_type=2 2 2 2 2 2 2 2 2 2 2 2 2 2 2 2 2 2 2 2 2 2 2 2 2 2 2 2 2 2
left_child=1 2 3 8 17 -5 7 -7 9 10 12 13 -1 -3 15 27 -16 19 -10 28 21 23 -23 26 25 -22 -21 -15 29 -2
right_child=4 11 -4 5 -6 6 -8 -9 18 -11 -12 -13 -14 14 16 -17 -18 -19 -20 20 24 22 -24 -25 -26 -27 -28 -29 -30 -31
leaf_value=0.0065597771385374872 0.014332630941171249 -0.039112831262796736 0.10220382243158124 -0.035676686916000101 -0.0016852282808192877 0.1159468825553442 0.088794396959275906 -0.03678390082049271 0.060609738879600118 0.10451425890270197 0.082722566735844341 -0.07195924820713763 -0.025989092098840989 0.038955969684778644 -0.015907460003169463 -0.031588122104619171 -0.11824276841826756 0.091353437060320397 -0.027680911319641118 0.058913353060301966 -0.013248114850026003 0.02496372605746899 -0.093111971510263181 0.087961663302867907 0.11508184013680321 0.078820728643871629 -0.048679843718616646 0.15803094192498621 0.063390990384514775 -0.035311665662794825
leaf_weight=76.713889181613922 170.02760450541973 73.92089855670929 4.9095232635736457 72.323199309408665 165.68417872488499 2.9155939593911233 6.6235001906752577 18.049133330583572 20.318487405776981 4.3978178948163977 5.868382789194583 19.981944426894188 56.677752286195755 4.4194727241992933 26.7523811981082 4.6898484677076331 3.8029885068535796 6.252552554011344 5.3594650775194159 5.5894210785627365 6.7192132174968711 5.1863201111555117 5.6023695170879364 9.1300913691520691 9.2175626903772354 8.7751474827528 5.5063250660896301 4.2923312559723854 10.793386891484259 21.799070164561272
leaf_count=430 747 657 30 559 788 22 40 133 106 23 31 180 338 36 243 43 32 27 29 23 28 22 24 38 38 36 23 34 48 98
internal_value=-0.000570884 -0.012766 -0.00276399 -0.004678 0.0111065 -0.0232004 0.00950645 -0.0155434 0.00625059 -0.000171901 -0.00347788 -0.0326566 -0.00727015 -0.0259943 -0.00393329 0.0524072 -0.0286443 0.0191163 0.0421818 0.017368 0.0383227 0.015224 -0.0363508 0.0427346 0.0673125 0.0388946 0.00551964 0.0976246 0.0116049 0.00869108
internal_weight=842.3 412.017 274.157 269.247 430.283 99.9114 27.5882 20.9647 169.336 143.658 139.26 137.86 133.392 117.878 43.957 13.4017 30.5554 264.599 25.678 258.347 55.7265 31.0145 10.7887 20.2258 24.7119 15.4944 11.0957 8.7118 202.62 191.827
internal_count=4906 2966 1741 1711 1940 754 195 155 957 822 799 1225 768 1045 388 113 275 1152 135 1125 232 130 46 84 102 64 46 70 893 845
is_linear=0
shrinkage=0.1


Tree=17
num_leaves=31
num_cat=0
split_feature=7 16 9 1 8 140 0 178 65 153 9 79 82 1 54 93 63 73 81 11 10 93 128 64 1 0 26 12 15 108
split_gain=9.81684 7.51396 4.82134 3.92667 3.7541 3.51748 3.49503 4.12237 3.45998 3.82802 3.45225 3.58664 3.8658 3.23476 10.121 3.85936 4.26605 3.64677 3.47966 3.78276 3.1082 3.42894 3.2255 3.14916 4.9928 9.8216 5.60885 4.99168 3.10716 3.38233
threshold=1.0000000180025095e-35 1.0000000180025095e-35 1.0000000180025095e-35 0.9397673010826112 1.0000000180025095e-35 1.0000000180025095e-35 17.30732345581055 1.0000000180025095e-35 1.0000000180025095e-35 1.0000000180025095e-35 1.0000000180025095e-35 1.0000000180025095e-35 1.0000000180025095e-35 -0.40634268522262568 1.0000000180025095e-35 1.0000000180025095e-35 1.0000000180025095e-35 1.0000000180025095e-35 1.0000000180025095e-35 1.0000000180025095e-35 1.0000000180025095e-35 1.0000000180025095e-35 1.0000000180025095e-35 1.0000000180025095e-35 -0.030344513244926926 7.9493498802185067 1.0000000180025095e-35 1.0000000180025095e-35 1.0000000180025095e-35 1.0000000180025095e-35
decision_type=2 2 2 2 2 2 2 2 2 2 2 2 2 2 2 2 2 2 2 2 2 2 2 2 2 2 2 2 2 2
left_child=1 2 5 4 -2 20 7 8 9 10 11 12 -3 14 18 16 -15 -16 19 -6 21 23 -22 24 25 26 27 -1 29 -4
right_child=3 6 28 -5 13 -7 -8 -9 -10 -11 -12 -13 -14 15 17 -17 -18 -19 -20 -21 22 -23 -24 -25 -26 -27 -28 -29 -30 -31
leaf_value=-0.056990396319039217 0.015194432362598851 -0.013594277494071308 0.010245876452123511 0.068218596425568517 0.066483035012647226 0.025813698232085319 0.056066325590879929 0.096615214070479405 -0.066245171568615188 0.10214251320472434 0.01200466962127357 -0.071338822575478786 0.081474482235681878 -0.014171776440715511 0.15767121986759791 0.052289339475327379 -0.11505710355639319 0.045545722967922662 -0.058661491868412199 -0.052757849176522223 -0.082815281916436792 0.080990337246645172 0.013250769350781594 0.06499238156400193 -0.080909658408855917 0.1766255294335306 -0.065975823946368292 0.10405772163329566 -0.033774853357814022 -0.078146019731517136
leaf_weight=3.3504288643598583 277.06454683840275 90.030938945710659 56.013905912637711 11.272835060954092 6.9798716008663177 7.0603895187377921 10.979023836553095 4.1661723032593718 8.5198217928409559 3.5239724963903418 84.386407807469368 10.256354235112665 4.4905821382999411 96.156711220741272 5.4158917963504773 8.3228007107973081 4.3825369477272025 6.2458870559930801 10.653840482234955 4.2991417646408081 29.605456247925758 2.526289351284503 3.9629184901714316 2.7916269600391379 21.104492902755741 2.4072548151016226 17.654538698494434 4.522315077483654 35.66488042473793 4.6916206553578368
leaf_count=30 1193 561 417 49 33 63 56 23 48 17 434 66 24 472 25 40 24 30 53 21 366 23 40 27 207 23 156 39 305 41
internal_value=-0.000549892 -0.0116722 -0.0261073 0.00997637 0.00841135 -0.0420957 0.00109514 -0.00184355 -0.00388221 -0.0011248 -0.00304858 -0.0151722 -0.0090777 -0.00478108 0.0223447 -0.0131521 -0.0185694 0.0976184 -0.0176785 0.0210328 -0.0475488 -0.0327735 -0.0714742 -0.0383185 -0.0441996 -0.0164653 -0.034674 0.03552 -0.0103486 0.00341452
internal_weight=838.503 407.709 191.356 430.794 419.521 94.9857 216.353 205.374 201.208 192.688 189.164 104.778 94.5215 142.457 33.5946 108.862 100.539 11.6618 21.9329 11.279 87.9253 54.3569 33.5684 51.8307 49.039 27.9345 25.5273 7.87274 96.3704 60.7055
internal_count=4906 2966 1737 1940 1891 974 1229 1173 1150 1102 1085 651 585 698 162 536 496 55 107 54 911 505 406 482 455 248 225 69 763 458
is_linear=0
shrinkage=0.1


Tree=18
num_leaves=31
num_cat=0
split_feature=8 12 101 7 77 9 10 139 0 16 83 0 87 82 67 15 27 49 0 0 16 67 16 86 10 0 31 5 16 139
split_gain=8.69532 6.49023 5.86147 5.07439 4.91678 4.48574 4.46172 6.08898 4.21305 4.27882 4.86599 4.18993 4.16895 3.9077 3.50821 3.47494 3.3476 3.25606 3.77107 4.8021 15.3307 3.17985 3.08294 5.39877 3.01972 5.00031 4.91576 5.89524 5.46922 4.2321
threshold=1.0000000180025095e-35 1.0000000180025095e-35 1.0000000180025095e-35 1.0000000180025095e-35 1.0000000180025095e-35 1.0000000180025095e-35 1.0000000180025095e-35 1.0000000180025095e-35 3.0691307783126835 1.0000000180025095e-35 1.0000000180025095e-35 2.6652977466583256 1.0000000180025095e-35 1.0000000180025095e-35 1.0000000180025095e-35 1.0000000180025095e-35 1.0000000180025095e-35 1.0000000180025095e-35 15.260780334472658 15.924708843231203 1.0000000180025095e-35 1.0000000180025095e-35 1.0000000180025095e-35 1.0000000180025095e-35 1.0000000180025095e-35 3.0266940593719487 1.0000000180025095e-35 1.0000000180025095e-35 1.0000000180025095e-35 1.0000000180025095e-35
decision_type=2 2 2 2 2 2 2 2 2 2 2 2 2 2 2 2 2 2 2 2 2 2 2 2 2 2 2 2 2 2
left_child=1 2 5 17 12 6 7 8 -1 15 13 -8 16 -11 -14 21 -3 18 22 20 -20 -10 -2 -24 25 -18 28 -28 -26 -27
right_child=3 4 -4 -5 -6 -7 11 -9 9 10 -12 -13 14 -15 -16 -17 24 -19 19 -21 -22 -23 23 -25 26 29 27 -29 -30 -31
leaf_value=-0.055028939921574697 -0.046050817689570041 0.073100472881019993 0.096306031263609315 -0.0020771405160672674 -0.092077457486743439 0.026096160192517939 0.08387481073940227 -0.073758486964544664 0.081103069183957141 0.048199965646878742 -0.027281568002139045 -0.023028500788750669 0.12739884159621234 0.13511206543415347 0.0016599022214722576 -0.027642448576078449 0.068019960001556343 -0.056109833632455822 0.30518289762420497 -0.016936615362703186 -0.073573243622255396 -0.0051665079193994124 -0.021130380659067832 0.087244620264467415 -0.065184448378015486 -0.011483427658945673 0.071079066941855867 -0.053049201478954561 -0.0047537448967160589 0.048830082083322818
leaf_weight=6.4772727340459815 43.171657927334309 5.1487469002604476 8.7808977887034398 146.01815351843834 6.4865843579173079 149.68795204162598 3.8825685083866111 7.0357407331466666 7.9379821121692666 36.688313871622086 7.4194734245538703 65.809616945683956 4.3586757332086545 6.0224033296108237 4.5200132951140404 18.669292487204075 10.175422862172125 33.378371424973011 2.1623906642198545 6.8845118656754494 2.112862154841423 9.2529747039079666 40.067239783704281 5.192270226776599 32.65042781829834 107.77793005853891 10.17766058444977 6.1309734359383574 27.667185507714748 13.041702479124067
leaf_count=29 502 26 44 716 39 730 23 38 38 158 33 405 23 26 26 113 50 321 25 61 15 50 267 34 226 572 59 41 148 68
internal_value=-0.000541658 0.00668917 0.015706 -0.0149469 -0.0062614 0.0134865 0.00233076 0.0159211 0.0227447 0.028603 0.0474696 -0.0170729 -0.00374999 0.060455 0.063387 0.00222877 -0.00655154 -0.0290797 -0.0200204 0.0347565 0.117999 0.0346688 -0.0269331 -0.00869736 -0.00852681 0.000696967 -0.0242952 0.024415 -0.0374654 -0.00497297
internal_weight=834.787 555.8 327.664 278.987 228.135 318.884 169.196 99.5035 92.4677 85.9904 50.1302 69.6922 221.649 42.7107 8.87869 35.8602 212.77 132.969 99.5909 11.1598 4.27525 17.191 88.4312 45.2595 207.621 130.995 76.6262 16.3086 60.3176 120.82
internal_count=4906 2965 1687 1941 1278 1643 913 485 447 418 217 428 1239 184 49 201 1190 1225 904 101 40 88 803 301 1164 690 474 100 374 640
is_linear=0
shrinkage=0.1


Tree=19
num_leaves=31
num_cat=0
split_feature=10 307 12 232 15 83 167 0 83 61 1 8 94 0 8 55 62 0 0 64 97 7 7 0 0 67 99 133 0 0
split_gain=7.64009 7.97362 5.35103 6.9054 5.01014 6.99294 6.37541 5.03243 4.96306 6.62409 4.61755 4.49317 4.5667 4.68363 3.96782 3.79465 6.38631 6.57855 5.41334 4.20466 3.53453 3.27308 3.12567 4.364 4.95475 3.12281 4.12112 3.73859 4.85294 5.39765
threshold=1.0000000180025095e-35 1.0000000180025095e-35 1.0000000180025095e-35 1.0000000180025095e-35 1.0000000180025095e-35 1.0000000180025095e-35 1.0000000180025095e-35 17.433264732360843 1.0000000180025095e-35 1.0000000180025095e-35 -0.75906911492347706 1.0000000180025095e-35 1.0000000180025095e-35 13.151266574859621 1.0000000180025095e-35 1.0000000180025095e-35 1.0000000180025095e-35 13.419575691223146 15.260780334472658 1.0000000180025095e-35 1.0000000180025095e-35 1.0000000180025095e-35 1.0000000180025095e-35 16.041068077087406 14.97056818008423 1.0000000180025095e-35 1.0000000180025095e-35 1.0000000180025095e-35 7.7577002048492441 11.623545169830324
decision_type=2 2 2 2 2 2 2 2 2 2 2 2 2 2 2 2 2 2 2 2 2 2 2 2 2 2 2 2 2 2
left_child=1 2 4 22 5 7 8 10 15 -10 -1 12 21 -14 -12 18 -17 -18 -6 -19 -13 -2 -4 24 -24 27 -27 28 -23 -30
right_child=11 -3 3 -5 6 -7 -8 -9 9 -11 14 20 13 -15 -16 16 17 19 -20 -21 -22 25 23 -25 -26 26 -28 -29 29 -31
leaf_value=0.13760025675885551 -0.0151914566756098 0.15566434452079617 -0.020703730811988615 0.13272591714387424 -0.039684949010163575 0.069771237657128449 0.10191776060923048 0.10574695606120428 -0.014908345820702967 -0.1445139351006246 0.024016287391624661 -0.038269659537769334 -0.093963814487923861 0.03107822999698295 -0.010149328674223759 0.10686447086456657 0.028285612899109885 -0.065848132605298662 0.071241294302901187 0.042815242465034022 0.024798407294052978 0.081662474585286859 0.0030629122346684423 -0.066115659889905962 0.086053514601669059 0.015389736617413939 0.095856752344511562 -0.08417602532415723 -0.073018265015346862 0.014712108391222134
leaf_weight=2.8924027979373923 91.410405427217484 3.5755289122462264 107.45779578387737 3.5000309944152823 30.359690770506859 29.251079797744751 5.7906792536377898 6.0357408747076979 13.748167641460897 5.5295494794845572 82.590176224708557 82.374371610581875 10.632492080330847 4.1704526022076598 57.767060540616512 7.0358153805136672 43.614625118672848 15.481310263276102 5.144995965063571 4.6246842592954627 9.9606335759162885 6.2501373142004004 81.879223823547363 8.139464929699896 7.8868341445922843 59.788222119212151 7.1230043619871131 5.9393480271100989 10.572721093893053 20.829433396458626
leaf_count=13 712 20 762 20 166 145 33 29 75 35 370 649 65 26 371 35 239 89 26 27 79 28 363 35 34 262 31 27 49 91
internal_value=-0.00053135 0.00684275 0.00581694 -0.00655405 0.0141555 0.0250613 -0.000670346 0.0163008 -0.00540239 -0.0520839 0.012532 -0.0129938 -0.00512333 -0.0587356 0.00995469 0.0030665 0.0164527 0.00646977 -0.0236106 -0.0408539 -0.0314662 -0.00119284 -0.00892781 0.00399704 0.0103545 0.0103871 0.0239558 -0.0104402 0.00119102 -0.0148256
internal_weight=831.356 522.305 518.729 208.863 309.866 178.536 131.33 149.285 125.539 19.2777 143.25 309.051 216.716 14.8029 140.357 106.261 70.7564 63.7206 35.5047 20.106 92.335 201.913 205.363 97.9055 89.7661 110.503 66.9112 43.5916 37.6523 31.4022
internal_count=4906 2887 2867 1214 1653 928 725 783 692 110 754 2019 1291 91 741 582 390 355 192 116 728 1200 1194 432 397 488 293 195 168 140
is_linear=0
shrinkage=0.1


Tree=20
num_leaves=31
num_cat=0
split_feature=7 16 9 16 140 67 55 35 0 0 23 68 99 0 167 17 178 10 156 93 98 108 54 15 68 6 81 0 93 55
split_gain=6.50986 5.58685 3.74517 3.09184 2.97323 2.93572 5.90849 3.55039 4.60318 5.01536 3.29497 2.68714 5.24836 4.4511 4.1294 3.61704 4.40605 2.66698 3.7401 2.83526 2.75114 2.64269 2.89822 4.02339 3.258 5.77961 2.88222 2.61003 2.66403 2.82082
threshold=1.0000000180025095e-35 1.0000000180025095e-35 1.0000000180025095e-35 1.0000000180025095e-35 1.0000000180025095e-35 1.0000000180025095e-35 1.0000000180025095e-35 1.0000000180025095e-35 4.6392881870269784 13.030800819396974 1.0000000180025095e-35 1.0000000180025095e-35 1.0000000180025095e-35 12.803559303283693 1.0000000180025095e-35 1.0000000180025095e-35 1.0000000180025095e-35 1.0000000180025095e-35 1.0000000180025095e-35 1.0000000180025095e-35 1.0000000180025095e-35 1.0000000180025095e-35 1.0000000180025095e-35 1.0000000180025095e-35 1.0000000180025095e-35 1.0000000180025095e-35 1.0000000180025095e-35 17.100615501403812 1.0000000180025095e-35 1.0000000180025095e-35
decision_type=2 2 2 2 2 2 2 2 2 2 2 2 2 2 2 2 2 2 2 2 2 2 2 2 2 2 2 2 2 2
left_child=1 2 4 -2 17 21 7 8 -7 -10 -8 12 14 -13 15 -3 -17 19 -19 20 -1 22 -4 24 25 -24 -25 28 29 -5
right_child=3 11 5 27 -6 6 10 -9 9 -11 -12 13 -14 -15 -16 16 -18 18 -20 -21 -22 -23 23 26 -26 -27 -28 -29 -30 -31
leaf_value=-0.041610994603133548 0.0011501426166380339 0.074177124321733748 -0.016512314483748181 -0.0059607043432952558 0.024965018337553952 -0.012927641534057926 0.051598406319570848 -0.06882652251706739 0.13221947356651753 -0.037905535448019577 -0.060078347760618371 -0.12486822775969836 0.052202456561695081 -0.011200100288663715 0.09407685395754295 -0.0089028206899489475 0.1050164014900945 -0.074113357538257776 0.08897990627028185 0.072569173128196635 0.040573279420687364 -0.067055086100592992 0.17845132839095665 -0.058394226843617614 -0.0084641625101593617 0.028607694566070537 0.06120401283665769 0.081607219569151332 0.070545449103877098 0.022607495753084378
leaf_weight=45.02375639975071 259.23649369180202 5.851292520761489 12.980307079851626 51.845752581954002 7.0911705419421187 9.7380955219268852 2.8955620303750029 4.0496399998664847 6.4801877439022046 2.3654035478830338 30.165297046303749 3.7902438640594474 22.150294296443462 37.821431048214436 4.5315485000610343 136.5973851159215 3.4816625267267218 28.76374285668135 1.4783513024449337 2.6199578344821921 4.4783378764986983 3.7743416503071776 5.2147405520081502 5.1171581223607063 3.3958637490868577 5.083254761993885 3.3238636180758476 6.3095248639583579 8.5099202990531904 103.68321320414543
leaf_count=440 1220 27 99 219 63 74 24 36 47 19 256 25 119 219 24 797 18 392 14 23 42 33 38 45 27 36 29 27 35 439
internal_value=-0.000511059 -0.00972086 -0.0224993 0.00802723 -0.0371678 -0.00862612 -0.0233479 0.0160176 0.0345063 0.0867263 -0.0502974 0.00125705 0.00675604 -0.0215537 6.56347e-05 -0.00285368 -0.00607136 -0.0425171 -0.0661407 -0.0288103 -0.034176 0.0124571 0.0210035 0.0430034 0.0764762 0.104486 -0.0112994 0.0184928 0.0160652 0.0130843
internal_weight=827.848 398.263 184.039 429.585 89.4553 94.5837 55.6942 22.6333 18.5837 8.84559 33.0609 214.224 172.612 41.6117 150.462 145.93 140.079 82.3641 30.2421 52.1221 49.5021 38.8895 35.1152 22.1349 13.6939 10.298 8.44102 170.348 164.039 155.529
internal_count=4906 2966 1737 1940 974 763 456 176 140 66 280 1229 985 244 866 842 815 911 406 505 482 307 274 175 101 74 74 720 693 658
is_linear=0
shrinkage=0.1


Tree=21
num_leaves=31
num_cat=0
split_feature=10 307 12 232 87 15 83 167 83 61 0 8 97 0 0 46 42 61 69 0 8 7 6 16 53 13 11 7 81 0
split_gain=6.10505 6.07328 4.09681 5.36463 4.78168 3.69828 5.78143 4.80102 3.86518 6.45799 3.83887 3.67871 3.96276 4.49378 3.60845 3.52475 3.46497 3.46077 5.57304 4.76793 3.40895 3.23351 2.97941 4.91066 2.96148 4.10579 3.56669 3.30756 2.8772 4.55887
threshold=1.0000000180025095e-35 1.0000000180025095e-35 1.0000000180025095e-35 1.0000000180025095e-35 1.0000000180025095e-35 1.0000000180025095e-35 1.0000000180025095e-35 1.0000000180025095e-35 1.0000000180025095e-35 1.0000000180025095e-35 17.433264732360843 1.0000000180025095e-35 1.0000000180025095e-35 13.151266574859621 2.1683777570724492 1.0000000180025095e-35 1.0000000180025095e-35 1.0000000180025095e-35 1.0000000180025095e-35 15.798768043518068 1.0000000180025095e-35 1.0000000180025095e-35 1.0000000180025095e-35 1.0000000180025095e-35 1.0000000180025095e-35 1.0000000180025095e-35 1.0000000180025095e-35 1.0000000180025095e-35 1.0000000180025095e-35 5.3483915328979501
decision_type=2 2 2 2 2 2 2 2 2 2 2 2 2 2 2 2 2 2 2 2 2 2 2 2 2 2 2 2 2 2
left_child=1 2 4 -4 5 6 10 8 15 -10 14 12 -2 -14 -1 -7 17 21 28 -20 -16 -13 23 -23 25 26 -8 -27 -19 -30
right_child=11 -3 3 -5 -6 7 24 -9 9 -11 -12 16 13 -15 20 -17 -18 18 19 -21 -22 22 -24 -25 -26 27 -28 -29 29 -31
leaf_value=0.12178811160246319 -0.00057198634786941114 0.13271344619161271 -0.0078844920991152975 0.11463783016710438 -0.062050933092090178 -0.07309601280655087 0.12840087217736937 0.089530842027152488 -0.0076653752491390092 -0.13990711156127711 0.09404640834726706 -0.061658076925952356 -0.083829847944374022 0.02594902295461525 0.023200933595579135 0.0091476118490753013 -0.067552674261103438 0.024823586080941776 0.20841872100489267 0.016112250817323221 -0.0090264571586262735 -0.072352741593104272 0.040704611842262504 0.036560909571856808 0.13150167746899974 -0.058239920200436515 0.019270405557011941 0.05212771195160551 0.049622586042060157 -0.10577213183535322
leaf_weight=2.9515034556388846 197.10680001229048 3.760298326611518 203.21573079377413 3.6375958845019332 8.38172549754381 5.5057364031672469 8.0736422166228312 5.9122688099741927 12.964372754096987 5.1636912599205962 6.0081601962447158 22.58260503411293 12.162571594119074 5.3774927183985701 80.266953267157078 97.354282513260841 18.298000007867813 9.4204551167786157 2.3795019015669814 2.8138930201530457 55.528979994356632 11.349489599466326 8.0312254577875155 6.5167769193649283 5.3838912546634665 4.7506506219506264 4.7608102113008508 6.3379369825124741 2.7993050515651703 5.7987726703286171
leaf_count=13 1182 20 1194 20 50 27 38 32 70 35 29 239 76 33 358 538 154 77 18 23 358 71 46 31 26 27 25 27 20 49
internal_value=-0.00049917 0.00608698 0.00516455 -0.00572989 0.0124495 0.0145243 0.0239893 0.00154159 -0.00275814 -0.0453338 0.015789 -0.0117405 -0.00462522 -0.0501735 0.0124002 0.0047454 -0.028712 -0.0187987 0.0129537 0.104223 0.0100227 -0.0340016 -0.00988511 -0.0326261 0.0644933 0.049413 0.08792 0.00484324 -0.0133524 -0.0551798
internal_weight=824.595 519.958 516.198 206.853 309.345 300.963 174.063 126.9 120.988 18.1281 144.756 304.637 214.647 17.5401 138.747 102.86 89.99 71.692 23.2119 5.19339 135.796 48.4801 25.8975 17.8663 29.3069 23.923 12.8345 11.0886 18.0185 8.59808
internal_count=4906 2887 2867 1214 1653 1603 901 702 670 105 758 2019 1291 109 729 565 728 574 187 41 716 387 148 102 143 117 63 54 146 69
is_linear=0
shrinkage=0.1


Tree=22
num_leaves=31
num_cat=0
split_feature=8 114 62 0 0 35 10 57 67 94 14 95 50 16 91 15 10 12 78 128 0 12 13 11 7 71 81 42 11 82
split_gain=5.31352 4.07206 3.51629 6.35676 6.72876 5.68417 4.78095 6.23464 5.444 4.4571 4.13302 4.11478 4.0466 3.59386 3.27403 3.98542 4.51916 5.55764 4.50825 4.5287 9.35504 3.27131 3.14215 4.05405 3.12617 3.07709 4.33624 3.46541 3.74657 3.06504
threshold=1.0000000180025095e-35 1.0000000180025095e-35 1.0000000180025095e-35 12.581793308258058 11.934291839599611 1.0000000180025095e-35 1.0000000180025095e-35 1.0000000180025095e-35 1.0000000180025095e-35 1.0000000180025095e-35 1.0000000180025095e-35 1.0000000180025095e-35 1.0000000180025095e-35 1.0000000180025095e-35 1.0000000180025095e-35 1.0000000180025095e-35 1.0000000180025095e-35 1.0000000180025095e-35 1.0000000180025095e-35 1.0000000180025095e-35 4.7556469440460214 1.0000000180025095e-35 1.0000000180025095e-35 1.0000000180025095e-35 1.0000000180025095e-35 1.0000000180025095e-35 1.0000000180025095e-35 1.0000000180025095e-35 1.0000000180025095e-35 1.0000000180025095e-35
decision_type=2 2 2 2 2 2 2 2 2 2 2 2 2 2 2 2 2 2 2 2 2 2 2 2 2 2 2 2 2 2
left_child=1 2 3 4 14 6 7 -4 9 11 -11 -9 -10 -8 15 18 -17 -18 19 20 -1 -20 -7 -24 -2 -5 27 -27 -29 -22
right_child=24 -3 5 25 -6 22 13 8 12 10 -12 -13 -14 -15 -16 16 17 -19 21 -21 29 -23 23 -25 -26 26 -28 28 -30 -31
leaf_value=-0.070954185819984458 -0.023485555093277641 -0.08125350232710736 -0.096236059648617575 0.11024921117505736 -0.1115173962160281 0.044628648653395116 -0.041168399356868307 0.030421598376581562 -0.0049848539078601933 0.025272041777526202 -0.084356145770417806 0.12416735833134096 -0.10880245940706271 -0.0038399117695766907 0.092173060146885713 0.0068793137636469137 -0.014457660898775745 -0.1277461307533363 0.0030757629335273376 0.063711186936478578 0.021407998106637443 -0.11427863229264612 0.029747787803968303 -0.054572663553702917 -0.0019371534282332091 -0.010465480808191012 0.083574121817829181 0.12826722821045244 0.0076910851183976982 0.093557746823923676
leaf_weight=10.836293809115885 125.84372429177165 5.4007742069661608 6.0186233147978774 6.7527937069535247 4.6909739375114432 38.495688315480947 54.40348332747817 58.49153907597065 84.299761652946472 7.5522886142134649 6.3140014484524727 5.0895421728491774 3.9294747263193122 49.041234210133553 4.7074965238571158 38.142141133546829 12.9472613632679 6.5064319968223563 6.0466141030192357 24.962656684219837 38.46656496822834 3.9121673256158829 15.561331447213888 8.9995445609092712 144.78542593121529 18.47119627147913 13.868634440004824 4.664459593594076 5.7582462802529335 6.9521289616823188
leaf_count=55 1225 30 33 35 25 203 384 288 431 37 30 24 21 259 23 191 79 51 28 123 196 22 84 52 716 97 73 23 33 35
internal_value=-0.000481571 0.00515193 0.00600679 0.0162485 0.00645992 -0.000282649 -0.00648902 0.00374286 0.00737485 0.0267226 -0.024647 0.0379258 -0.00960859 -0.0234717 0.0100658 0.00746773 -0.0131254 -0.0523478 0.0204763 0.0282628 0.0125329 -0.0430253 0.0267981 -0.00114873 -0.0119573 0.0475171 0.0376108 0.0155491 0.0616524 0.0324518
internal_weight=821.912 551.283 545.883 207.686 158.171 338.197 275.14 171.695 165.677 77.4474 13.8663 63.5811 88.2292 103.445 153.48 148.772 57.5958 19.4537 91.1764 81.2176 56.255 9.95878 63.0566 24.5609 270.629 49.5153 42.7625 28.8939 10.4227 45.4187
internal_count=4906 2965 2935 1089 828 1846 1507 864 831 379 67 312 452 643 803 780 321 130 459 409 286 50 339 136 1941 261 226 153 56 231
is_linear=0
shrinkage=0.1


Tree=23
num_leaves=31
num_cat=0
split_feature=12 87 15 1 61 9 1 14 102 10 46 28 87 13 25 129 11 61 1 168 92 67 35 99 45 6 56 26 16 168
split_gain=5.03606 5.93319 6.06451 4.80285 6.31285 5.3254 6.36064 6.27827 5.49336 4.98267 7.06436 4.76648 4.43907 3.31975 5.08299 4.46558 3.62099 4.89738 3.63656 3.3482 3.31448 3.1864 5.10243 6.75192 4.07209 4.32169 4.04813 3.22785 3.14237 3.23473
threshold=1.0000000180025095e-35 1.0000000180025095e-35 1.0000000180025095e-35 0.9397673010826112 1.0000000180025095e-35 1.0000000180025095e-35 0.85185185074806224 1.0000000180025095e-35 1.0000000180025095e-35 1.0000000180025095e-35 1.0000000180025095e-35 1.0000000180025095e-35 1.0000000180025095e-35 1.0000000180025095e-35 1.0000000180025095e-35 1.0000000180025095e-35 1.0000000180025095e-35 1.0000000180025095e-35 -0.70993992686271656 1.0000000180025095e-35 1.0000000180025095e-35 1.0000000180025095e-35 1.0000000180025095e-35 1.0000000180025095e-35 1.0000000180025095e-35 1.0000000180025095e-35 1.0000000180025095e-35 1.0000000180025095e-35 1.0000000180025095e-35 1.0000000180025095e-35
decision_type=2 2 2 2 2 2 2 2 2 2 2 2 2 2 2 2 2 2 2 2 2 2 2 2 2 2 2 2 2 2
left_child=3 11 -3 5 -5 6 9 -8 13 10 -1 -2 28 14 -7 21 17 18 -17 -16 -13 22 23 26 25 27 -15 -23 -12 -30
right_child=1 2 -4 4 -6 8 7 -9 -10 -11 12 20 -14 15 19 16 -18 -19 -20 -21 -22 24 -24 -25 -26 -27 -28 -29 29 -31
leaf_value=-0.092993786464473441 0.075177828461680515 0.0070809822830133103 0.14918125094959939 0.096374062668977134 -0.029962054584764586 0.10277669958104999 -0.1285329417928335 0.027636028393796194 0.080779065127207852 -0.020112496857238163 0.00020024285436040084 -0.01384683083043421 -0.081851483658644586 0.0092135318060998211 0.021021653550013741 0.057742356554619782 0.095265320450079641 0.10436376808339994 -0.063915021679469441 -0.043075779920616397 -0.11527124926206767 0.0016228865828168807 0.069363194186629798 0.078981768526293628 -0.089606285833197075 0.045632298390083231 -0.11357519347088381 -0.10533090749069625 0.024321998107498119 0.10402696926585309
leaf_weight=6.5334569290280333 5.9850250706076613 8.9864307381212694 4.5109495855867854 12.428334325551988 5.8015050143003455 7.2227769717574111 7.906802646815775 3.8169477134943008 12.142205864191054 97.035741876810789 65.391763370484114 295.27335670590401 4.7511799186468116 4.3072452247142774 114.74553354457021 3.5616079196333885 6.5611864551901808 3.8324598222970954 7.9226508811116236 8.7725246325135213 3.2575804144144049 5.5695884898304957 8.4341076537966728 4.3554073199629793 11.295155182480814 7.4328687191009513 7.1286927312612534 5.7194563150405884 73.015514887869358 5.4734466075897208
leaf_count=33 33 51 31 68 35 34 48 27 63 683 420 1855 30 25 629 17 35 21 42 46 20 31 43 26 63 41 43 33 356 24
internal_value=-0.000463537 -0.0103064 0.0545722 0.00578234 0.0561686 0.00388033 -0.00568544 -0.0776884 0.0154082 -0.00233833 0.0087771 -0.0131821 0.0132507 0.0115711 0.0212374 -0.00503118 0.0331066 0.00647979 -0.0261855 0.0164693 -0.0149536 -0.0204135 0.00656569 -0.0269743 -0.0421872 -0.0135786 -0.0673279 -0.0525639 0.0163911 0.0298802
internal_weight=819.172 318.013 13.4974 501.158 18.2298 482.928 263.925 11.7238 219.003 252.201 155.165 304.516 148.632 206.861 130.741 76.1204 21.8779 15.3167 11.4843 123.518 298.531 54.2425 24.2255 15.7913 30.0171 18.7219 11.4359 11.289 143.881 78.489
internal_count=4906 1990 82 2916 103 2813 1621 75 1192 1546 863 1908 830 1129 709 420 115 80 59 675 1875 305 137 94 168 105 68 64 800 380
is_linear=0
shrinkage=0.1


Tree=24
num_leaves=31
num_cat=0
split_feature=7 16 9 21 140 81 10 155 282 93 64 0 1 26 14 1 0 0 128 127 0 5 6 102 0 67 13 70 26 12
split_gain=4.94243 4.11248 2.70446 2.68689 3.26361 2.87813 2.60076 3.42792 2.49195 2.4588 2.57988 4.23544 11.6731 4.7912 3.79416 2.67549 5.07594 2.51379 4.04612 2.45078 2.34201 2.77388 3.04546 2.81326 2.48 4.87055 3.39906 2.36671 8.1007 4.20757
threshold=1.0000000180025095e-35 1.0000000180025095e-35 1.0000000180025095e-35 1.0000000180025095e-35 1.0000000180025095e-35 1.0000000180025095e-35 1.0000000180025095e-35 1.0000000180025095e-35 1.0000000180025095e-35 1.0000000180025095e-35 1.0000000180025095e-35 8.7460646629333514 -0.11521788686513899 1.0000000180025095e-35 1.0000000180025095e-35 0.61076888442039501 16.379192352294925 4.2108144760131845 1.0000000180025095e-35 1.0000000180025095e-35 2.6105407476425175 1.0000000180025095e-35 1.0000000180025095e-35 1.0000000180025095e-35 13.550992488861086 1.0000000180025095e-35 1.0000000180025095e-35 1.0000000180025095e-35 1.0000000180025095e-35 1.0000000180025095e-35
decision_type=2 2 2 2 2 2 2 2 2 2 2 2 2 2 2 2 2 2 2 2 2 2 2 2 2 2 2 2 2 2
left_child=1 2 3 4 6 -6 9 -8 -2 10 11 12 13 14 -1 -13 -17 18 -15 -5 -4 22 24 27 25 -22 -27 -23 29 -29
right_child=8 -3 20 19 5 -7 7 -9 -10 -11 -12 15 -14 17 -16 16 -18 -19 -20 -21 21 23 -24 -25 -26 26 -28 28 -30 -31
leaf_value=-0.030353323794968287 0.0062100270401516718 0.00082435881804650594 0.060044397385619556 -0.11148500163544184 -0.011719671263619232 0.12693401150262129 -0.06839030924274718 0.089441157026894896 0.081926250868925521 0.07803955789165179 0.070769807947982571 -0.10262550091090182 0.22482335240383927 0.087122631505445733 0.11857112575808577 0.065379219302415331 -0.11240494340107254 -0.10029344878628071 -0.072296178304597197 0.0012987144473716929 0.056930963098603904 -0.056141874321580576 0.028718806269879313 0.069109053549479438 -0.072727198833655457 -0.098846040605113761 0.0087581831249283325 -0.0010848697354071631 -0.095160793552919509 0.18026081873435512
leaf_weight=3.4498820453882226 422.46347676217556 212.13162866979837 4.7933582067489615 7.2853598371148092 3.8077640980482093 2.4670543968677521 22.805826682597402 1.4644412621855725 4.3919106870889655 2.507275089621543 2.6926584839820853 9.752032898366453 2.0515093281865147 2.4668804034590721 3.3935273587703705 3.3614486791193476 3.0750655829906464 7.1174767911434174 4.4894098900258541 2.6194285117089748 8.1680660583078897 25.046420235186815 24.622623689472675 2.5394495502114287 6.6959272325038901 5.7184472493827343 6.0324141606688499 2.5938090756535512 4.5365983173251152 2.5248403921723366
leaf_count=31 1920 1229 34 89 33 22 348 13 20 20 26 107 18 24 30 35 34 72 42 30 65 198 194 19 61 57 53 24 42 16
internal_value=-0.000447128 -0.00858166 -0.0197863 -0.0327102 -0.0262375 0.0427944 -0.0325493 -0.0588669 0.00698907 -0.0181495 -0.0239123 -0.0304232 -0.00281236 -0.0251384 0.0434957 -0.069598 -0.0195577 -0.0585119 -0.0157621 -0.0816581 -0.00803533 -0.0117236 0.00337174 -0.0324922 -0.020078 -0.0023795 -0.0436064 -0.0399273 0.00213454 0.0883662
internal_weight=817.066 390.211 178.079 84.807 74.9023 6.27482 68.6274 24.2703 426.855 44.3572 41.8499 39.1572 22.9687 20.9172 6.84341 16.1885 6.43651 14.0738 6.95629 9.90479 93.272 88.4786 51.2375 37.2411 26.6149 19.9189 11.7509 34.7017 9.65525 5.11865
internal_count=4906 2966 1737 974 855 55 800 361 1940 439 419 393 217 199 61 176 69 138 66 119 763 729 430 299 236 175 110 280 82 40
is_linear=0
shrinkage=0.1


Tree=25
num_leaves=31
num_cat=0
split_feature=8 114 302 14 49 177 78 5 13 36 67 81 55 0 102 16 0 0 102 69 16 61 132 94 21 108 0 5 11 7
split_gain=4.193 3.42184 2.9155 2.82781 6.31773 4.66596 4.22837 5.55432 6.30705 5.72068 4.04316 3.38769 3.3467 3.26636 2.95103 3.51149 2.93857 7.56338 4.58719 6.27892 3.75584 4.92283 3.89831 3.51451 3.43442 4.14454 4.43299 3.40382 4.16539 3.00516
threshold=1.0000000180025095e-35 1.0000000180025095e-35 1.0000000180025095e-35 1.0000000180025095e-35 1.0000000180025095e-35 1.0000000180025095e-35 1.0000000180025095e-35 1.0000000180025095e-35 1.0000000180025095e-35 1.0000000180025095e-35 1.0000000180025095e-35 1.0000000180025095e-35 1.0000000180025095e-35 11.23477077484131 1.0000000180025095e-35 1.0000000180025095e-35 14.47091054916382 14.800821304321291 1.0000000180025095e-35 1.0000000180025095e-35 1.0000000180025095e-35 1.0000000180025095e-35 1.0000000180025095e-35 1.0000000180025095e-35 1.0000000180025095e-35 1.0000000180025095e-35 17.498972892761234 1.0000000180025095e-35 1.0000000180025095e-35 1.0000000180025095e-35
decision_type=2 2 2 2 2 2 2 2 2 2 2 2 2 2 2 2 2 2 2 2 2 2 2 2 2 2 2 2 2 2
left_child=1 2 3 16 5 14 7 8 12 -9 -10 -11 -6 -14 -5 -16 18 -18 19 20 21 29 23 -23 25 26 -19 28 -21 -1
right_child=-2 -3 -4 4 6 -7 -8 9 10 11 -12 -13 13 -15 15 -17 17 24 -20 27 -22 22 -24 -25 -26 -27 -28 -29 -30 -31
leaf_value=-0.017059657700202811 -0.010723261946247816 -0.076145372398685962 0.092897222754408509 -0.01448545283464903 0.03535033603989754 0.081105497597731738 -0.078178397595007207 -0.099593275102621892 0.043271830236055041 -0.016758486946403063 -0.066873224898349834 0.071619963970717182 0.17418748679864826 0.077082750569014244 -0.13743384908546458 -0.014516087322293085 0.12957529090067041 0.006418564470329912 0.059173743389719202 -0.020231812371922626 0.021292598688799916 -0.071271888321722474 0.042065001435493507 0.02955090415718329 -0.049653801328204503 0.12040689113722663 0.096905410339848341 -0.001948686010951789 -0.12794884994634736 0.024259134692243643
leaf_weight=28.486189305782318 267.11267619207501 5.2039015889167777 3.7758833803236476 141.30963911861181 9.4981761574745178 4.8969884775578967 3.967341646552085 5.4529855549335506 8.0020132288336736 11.336632009595634 5.7112853899598113 7.024786263704299 5.321011148393155 9.9259660355746728 4.4040234833955747 4.9212099686264992 6.789165847003459 41.486619189381599 15.168999776244162 6.8568141311407089 106.37838037312031 21.396100658923395 4.9407097101211539 4.1237303093075743 6.6374328657984725 4.3298374488949767 6.2266984805464736 10.59768870472908 7.5348678193986416 46.071121886372566
leaf_count=231 1941 30 19 802 51 26 22 32 44 65 33 36 27 51 26 24 32 216 77 36 499 142 27 25 37 20 34 58 42 201
internal_value=-0.000450969 0.00455812 0.00533216 0.00471851 -0.00394325 -0.0149581 0.0219196 0.0282967 0.0517979 -0.00965594 -0.00260115 0.0170537 0.0819449 0.110971 -0.018081 -0.0725664 0.0107778 0.0296498 0.00586614 0.00244536 0.00804888 -0.00536641 -0.0392393 -0.05498 0.0180887 0.0267283 0.0182273 -0.0449573 -0.0766278 0.00847242
internal_weight=814.889 547.776 542.572 538.796 221.772 155.532 66.2402 62.2729 38.4585 23.8144 13.7133 18.3614 24.7452 15.247 150.635 9.32523 317.024 65.4698 251.555 236.386 211.396 105.018 30.4605 25.5198 58.6806 52.0432 47.7133 24.9894 14.3917 74.5573
internal_count=4906 2965 2935 2916 1239 878 361 339 206 133 77 101 129 78 852 50 1677 339 1338 1261 1125 626 194 167 307 270 250 136 78 432
is_linear=0
shrinkage=0.1


Tree=26
num_leaves=31
num_cat=0
split_feature=12 87 9 1 9 101 28 67 10 48 1 14 87 146 232 13 25 113 79 42 26 205 21 0 102 7 0 26 39 36
split_gain=4.13381 5.045 4.6248 3.76677 4.16348 4.03072 3.70259 3.57063 3.42204 5.21634 3.25729 4.02788 3.53199 3.00463 3.01923 2.98229 5.42693 3.59155 3.62636 2.9554 4.91095 2.87092 4.79596 6.09069 3.33544 3.36279 4.03743 4.8378 3.56102 3.81847
threshold=1.0000000180025095e-35 1.0000000180025095e-35 1.0000000180025095e-35 0.97049206495285045 1.0000000180025095e-35 1.0000000180025095e-35 1.0000000180025095e-35 1.0000000180025095e-35 1.0000000180025095e-35 1.0000000180025095e-35 0.85185185074806224 1.0000000180025095e-35 1.0000000180025095e-35 1.0000000180025095e-35 1.0000000180025095e-35 1.0000000180025095e-35 1.0000000180025095e-35 1.0000000180025095e-35 1.0000000180025095e-35 1.0000000180025095e-35 1.0000000180025095e-35 1.0000000180025095e-35 1.0000000180025095e-35 4.7556469440460214 1.0000000180025095e-35 1.0000000180025095e-35 15.924708843231203 1.0000000180025095e-35 1.0000000180025095e-35 1.0000000180025095e-35
decision_type=2 2 2 2 2 2 2 2 2 2 2 2 2 2 2 2 2 2 2 2 2 2 2 2 2 2 2 2 2 2
left_child=3 6 7 4 8 15 -2 -3 9 -1 12 -12 -11 14 21 16 -6 18 19 -17 -21 22 24 -24 25 28 -27 -28 -8 -30
right_child=1 2 -4 -5 5 -7 13 -9 -10 10 11 -13 -14 -15 -16 17 -18 -19 -20 20 -22 -23 23 -25 -26 26 27 -29 29 -31
leaf_value=-0.081589598801464602 0.065038681843379256 0.074120728393317584 0.12528522302146983 0.070844766443813587 0.10433337204974272 0.088319211070837442 -0.03308280380983037 -0.0553487135191503 -0.018641825991575902 0.014702517472881649 -0.095891946190911834 0.038857251337378558 -0.075482372274741097 0.06019132158188506 0.062183590370145141 0.017450481381387554 0.015969422752148802 -0.097975784126684659 -0.073246873367372858 -0.10934255983622748 0.016650376159516016 0.078595315885691394 0.040233331600328742 -0.075298198466957345 -0.058876179046079051 0.0074827214368479306 -0.12287330729641129 0.019698407812136151 0.074535725190767968 -0.010856435909729711
leaf_weight=6.7308788970112792 6.0972362682223311 3.9939606711268407 5.1112414970993987 8.6013280525803548 7.3480596616864196 7.1050673574209204 83.516828872263432 4.5647142194211483 102.69147750735283 143.59882451966405 6.2302085123956186 3.444904875010252 4.4780476205050936 5.4039051979780188 4.9724565744400016 56.373464286327362 128.39930955693126 3.8432973138988009 6.0284108147025099 5.3077187910675985 7.4163746312260628 3.1451575309038153 5.5603340268135097 25.444485679268837 14.836328774690626 108.19148793071508 5.3976089209318143 4.2571852654218674 6.4459746964275828 27.912342466413975
leaf_count=35 33 23 27 47 35 34 678 32 735 800 35 21 30 33 31 306 702 22 36 31 47 18 35 171 99 498 26 19 49 218
internal_value=-0.000431029 -0.00939837 0.0500184 0.00524299 0.00408907 0.0142158 -0.0120952 0.00506903 -0.00431869 0.00462366 0.00830217 -0.0479134 0.0119752 -0.0136889 -0.0150672 0.0117637 0.0207526 -0.00368805 0.00113553 0.00762502 -0.0359062 -0.0164164 -0.0174777 -0.054579 -0.0128866 -0.00999205 0.00195343 -0.0600077 -0.0219346 0.00516401
internal_weight=812.449 314.851 13.6699 497.597 488.996 221.822 301.181 8.55867 267.174 164.483 157.752 9.67511 148.077 295.084 289.68 214.717 135.747 78.9693 75.126 69.0976 12.7241 284.708 281.563 31.0048 250.558 235.721 117.846 9.65479 117.875 34.3583
internal_count=4906 1990 82 2916 2869 1213 1908 55 1656 921 886 56 830 1875 1842 1179 737 442 420 384 78 1811 1793 206 1587 1488 543 45 945 267
is_linear=0
shrinkage=0.1


Tree=27
num_leaves=31
num_cat=0
split_feature=150 7 9 77 10 140 1 0 0 55 6 64 151 53 15 14 67 26 6 0 95 134 214 81 133 0 22 118 7 13
split_gain=3.63907 4.08998 3.11999 2.93922 2.87074 6.16696 2.90679 3.77791 4.90066 5.08012 4.04029 3.77773 4.97576 3.22841 2.80026 3.84244 5.16413 4.15107 4.85265 2.90479 2.77568 2.79763 2.75959 2.71832 2.67721 3.43485 3.13818 2.52656 2.48584 2.43586
threshold=1.0000000180025095e-35 1.0000000180025095e-35 1.0000000180025095e-35 1.0000000180025095e-35 1.0000000180025095e-35 1.0000000180025095e-35 -0.48056885600090021 3.6783025264739995 3.4195755720138554 1.0000000180025095e-35 1.0000000180025095e-35 1.0000000180025095e-35 1.0000000180025095e-35 1.0000000180025095e-35 1.0000000180025095e-35 1.0000000180025095e-35 1.0000000180025095e-35 1.0000000180025095e-35 1.0000000180025095e-35 13.882272243499758 1.0000000180025095e-35 1.0000000180025095e-35 1.0000000180025095e-35 1.0000000180025095e-35 1.0000000180025095e-35 6.7118411064147958 1.0000000180025095e-35 1.0000000180025095e-35 1.0000000180025095e-35 1.0000000180025095e-35
decision_type=2 2 2 2 2 2 2 2 2 2 2 2 2 2 2 2 2 2 2 2 2 2 2 2 2 2 2 2 2 2
left_child=1 2 3 4 6 14 7 8 9 23 -9 12 24 -13 15 20 -17 -18 -19 -16 21 -6 29 -1 25 -8 -27 -3 -2 -4
right_child=28 27 22 -5 5 -7 11 10 -10 -11 -12 13 -14 -15 19 16 17 18 -20 -21 -22 -23 -24 -25 -26 26 -28 -29 -30 -31
leaf_value=0.029445158776191478 -0.00542322742915887 0.0060699326017414424 0.0096157746326409662 -0.097845383100508262 -0.083342991442100889 0.071114990023313174 -0.10892821956928905 0.0063944909740414309 -0.12106642371902621 0.11265303501045146 0.13436847341104421 -0.011632524261038358 0.096700163279074103 0.1028103696665954 -0.092741041856813811 -0.056779049518082852 -0.046320857931534676 0.16348536464684799 -0.006778535340895616 -0.0066531424155746024 0.045970820460263642 0.044710903840583245 0.098131545734776379 -0.079494408652080295 0.013226016165678055 -0.021602634237536784 -0.12940426006760494 0.071395189223845856 -0.12332796319309516 -0.014228101237856486
leaf_weight=4.9589176625013405 3.2161483913660041 416.06178922951221 111.98052292689681 4.2982614226639262 15.188120618462566 5.3123664930462828 5.3822025656700125 4.7562313266098482 2.9987679570913306 4.1245689727365962 5.1255862563848495 4.9300172179937345 3.5473803468048564 4.9298402518033981 15.438805706799032 6.7493358775973329 2.7975473664700985 4.3274044431746006 2.7298854775726795 5.2531237229704848 2.3956111185252658 1.9220015034079558 2.9416274130344382 4.2565918937325478 15.894222196191548 66.336275149136782 2.8149817846715441 6.0060798823833457 4.027416929602623 69.396830499172211
leaf_count=36 27 1895 751 40 166 47 40 39 23 30 33 36 27 32 189 81 28 51 28 55 24 24 19 31 112 505 21 27 18 471
internal_value=-0.000416516 0.00022011 -0.00729425 -0.0160617 -0.0142325 -0.0319182 -0.0057858 0.0239646 -0.00555511 0.0204111 0.0727731 -0.0132984 -0.0194768 0.0455879 -0.0415544 -0.0247468 0.0106092 0.0567618 0.0976243 -0.0708856 -0.0548434 -0.0689585 0.00205112 -0.0208734 -0.0240343 -0.03198 -0.025991 0.00699952 -0.0709782 0.000492864
internal_weight=810.098 802.855 380.787 196.468 192.17 62.1142 130.056 26.2207 16.3388 13.3401 9.88182 103.835 93.9751 9.85986 56.8018 36.1099 16.6042 9.85484 7.05729 20.6919 19.5057 17.1101 184.319 9.21551 90.4277 74.5335 69.1513 422.068 7.24357 181.377
internal_count=4906 4861 2939 1698 1658 693 965 192 120 97 72 773 705 68 646 402 188 107 79 244 214 190 1241 67 678 566 526 1922 45 1222
is_linear=0
shrinkage=0.1


Tree=28
num_leaves=31
num_cat=0
split_feature=16 178 150 63 7 0 0 0 8 0 0 13 0 141 0 1 10 31 70 1 57 137 94 6 68 127 1 0 1 62
split_gain=3.64196 3.7232 3.08113 3.14397 3.22059 2.76515 4.15167 2.5506 2.58159 3.29036 21.4415 3.23333 3.74871 2.83232 2.8969 2.94679 3.18344 4.96002 4.34718 3.36579 2.8756 3.98565 2.55195 2.50951 3.43019 2.5045 8.66924 3.00156 2.69049 3.2733
threshold=1.0000000180025095e-35 1.0000000180025095e-35 1.0000000180025095e-35 1.0000000180025095e-35 1.0000000180025095e-35 17.100615501403812 16.880219459533695 2.1683777570724492 1.0000000180025095e-35 15.924708843231203 15.585215568542482 1.0000000180025095e-35 13.550992488861086 1.0000000180025095e-35 3.4195755720138554 0.96379950642585765 1.0000000180025095e-35 1.0000000180025095e-35 1.0000000180025095e-35 -0.19324663281440732 1.0000000180025095e-35 1.0000000180025095e-35 1.0000000180025095e-35 1.0000000180025095e-35 1.0000000180025095e-35 1.0000000180025095e-35 -0.37987679243087763 7.2840518951416025 -0.088143587112426744 1.0000000180025095e-35
decision_type=2 2 2 2 2 2 2 2 2 2 2 2 2 2 2 2 2 2 2 2 2 2 2 2 2 2 2 2 2 2
left_child=2 5 3 4 7 6 -2 -1 13 10 11 12 -10 14 20 16 22 -18 19 -19 21 -9 25 -7 -25 27 -27 -16 -29 -30
right_child=1 -3 -4 -5 -6 23 -8 8 9 -11 -12 -13 -14 -15 15 -17 17 18 -20 -21 -22 -23 -24 24 -26 26 -28 28 29 -31
leaf_value=0.087858413994864965 0.0045669343340750245 0.073868671910806566 -0.095198782735248941 -0.050193721261446514 0.0030149950427995828 0.078158222584609388 -0.090706887097968147 0.058101226749583901 -0.075150174432335889 -0.10918266870940199 0.34361248603495609 -0.0074923486291336265 0.037101089248885798 0.09450888884407381 -0.088648202467373718 0.08371928695589588 -0.069204569538205127 0.067891587891885041 0.13842528117726155 -0.072950185641957363 0.12691783493342823 -0.089447896890222936 0.057347247558515273 0.067855805406658698 -0.060745097310094399 -0.01464204584549386 0.18214759799740776 0.067407718768593819 0.034636027780499568 -0.042168479712770809
leaf_weight=2.3728746473789206 348.52056393027306 8.0827493369579297 3.9003514163196078 15.451364915817974 245.37162958830595 9.668004959821701 4.6346048936247817 5.475970581173895 23.473821975290779 5.3252256363630286 1.5171607136726368 19.571784224361181 3.4068723507225505 2.6430310755968085 6.2449871376156798 2.8797404505312434 23.071023069322109 2.6917367950081825 2.2394640818238258 4.5903825759887678 2.7484361156821242 2.7501796334981918 5.8656706735491744 4.1246906667947769 4.1719838157296181 11.424879506230353 2.7841244935989371 3.6907296329736594 7.3797344043851032 22.367569334805012
leaf_count=19 1794 39 28 113 1157 49 26 38 330 74 13 264 46 18 48 22 274 28 17 46 19 21 39 20 21 80 15 28 54 166
internal_value=-0.000415192 0.00672578 -0.00672374 -0.00591243 -0.00424317 0.00526345 0.00331662 -0.0150686 -0.0165749 -0.0346076 -0.0263289 -0.0384113 -0.0609234 -0.00774554 -0.0102903 -0.0158969 -0.0190032 -0.0441433 0.0165808 -0.0208899 0.0383603 0.00877237 -0.00529148 0.0435349 0.00318883 -0.0121092 0.0239171 -0.0250088 -0.0131233 -0.0231148
internal_weight=808.441 379.203 429.239 425.338 409.887 371.12 353.155 164.515 162.143 53.2949 47.9696 46.4525 26.8807 108.848 106.205 95.23 92.3503 32.5926 9.52158 7.28212 10.9746 8.22615 59.7577 17.9647 8.29667 53.892 14.209 39.683 33.438 29.7473
internal_count=4906 1949 2957 2929 2816 1910 1820 1659 1640 727 653 640 376 913 895 817 795 365 91 74 78 59 430 90 41 391 95 296 248 220
is_linear=0
shrinkage=0.1


Tree=29
num_leaves=31
num_cat=0
split_feature=12 87 15 232 1 61 43 1 73 41 10 35 0 44 14 102 63 108 15 74 6 22 97 1 105 10 7 0 13 0
split_gain=3.30096 4.19149 4.50752 3.00211 2.95063 4.91614 4.17935 3.62804 3.08546 2.63936 4.80528 3.76133 6.49644 3.10281 3.81932 4.98244 4.61407 4.42313 5.55921 6.09563 4.70281 4.57395 7.13321 4.40983 4.35576 4.34189 3.51592 3.50597 3.40892 3.13049
threshold=1.0000000180025095e-35 1.0000000180025095e-35 1.0000000180025095e-35 1.0000000180025095e-35 0.9397673010826112 1.0000000180025095e-35 1.0000000180025095e-35 0.90113317966461193 1.0000000180025095e-35 1.0000000180025095e-35 1.0000000180025095e-35 1.0000000180025095e-35 11.494866847991945 1.0000000180025095e-35 1.0000000180025095e-35 1.0000000180025095e-35 1.0000000180025095e-35 1.0000000180025095e-35 1.0000000180025095e-35 1.0000000180025095e-35 1.0000000180025095e-35 1.0000000180025095e-35 1.0000000180025095e-35 -0.43676325678825373 1.0000000180025095e-35 1.0000000180025095e-35 1.0000000180025095e-35 6.0177960395812997 1.0000000180025095e-35 14.528405189514162
decision_type=2 2 2 2 2 2 2 2 2 2 2 2 2 2 2 2 2 2 2 2 2 2 2 2 2 2 2 2 2 2
left_child=4 3 -3 -2 6 -6 -1 9 -9 13 -11 -12 -13 -8 15 17 24 18 19 21 -19 22 25 -23 -16 -15 27 -27 -17 -20
right_child=1 2 -4 -5 5 -7 7 8 -10 10 11 12 -14 14 16 28 -18 20 29 -21 -22 23 -24 -25 -26 26 -28 -29 -30 -31
leaf_value=-0.079328485471302251 -0.012338414637390285 0.0038419030602764173 0.12421494268550817 0.063776867145620905 0.07930171824007988 -0.032536753990277709 0.054496085892010215 -0.011245943680351785 -0.14002804173460565 0.008316931686133516 -0.13279480763398363 -0.12031465439216599 0.021942899736133 0.059375748574538791 0.0014340840455046352 0.034530026002802229 -0.097695294696961088 0.01267876640798247 -0.019306312832065728 -0.013683688520307 0.1271834599397475 0.04044673781210701 0.16861037712288154 -0.10615063497579263 -0.074460126548653471 -0.10159966911040381 0.037203993360553592 0.0081221236253554048 0.13990375542457906 0.028509611028424919
leaf_weight=6.0664687678217879 292.04999079927802 8.9908713549375516 4.7566568143665782 5.2754336930811396 12.499292571097614 5.733301229774951 13.81935592740774 4.5519636906683436 3.1463391296565533 29.4344162940979 4.8049660325050363 5.0619747973978528 8.7749209366738778 38.152492716908455 151.48842575028539 8.0851505883038026 5.2429692931473246 7.9437785372138006 77.217840522527695 33.864707574248314 6.5396570786833763 4.0429696068167686 4.3725464269518843 4.1667555384337884 7.9595084451138964 4.5731295756995705 17.944657519459724 8.0183997862040979 4.9495343752205363 16.643119111657143
leaf_count=33 1876 51 31 32 68 35 78 28 24 153 35 38 55 196 912 42 36 48 464 204 38 20 25 26 46 42 84 65 29 92
internal_value=-0.00041914 -0.00849188 0.0454911 -0.0109879 0.004653 0.0441337 0.00314349 0.00420618 -0.0638799 0.005338 -0.0168431 -0.0565693 -0.0300994 0.00790744 0.00630271 0.0144444 -0.00538969 0.0109391 0.00723564 0.0219613 0.0643807 0.0368142 0.0447666 -0.0339571 -0.00235449 0.036883 0.0087801 -0.0317278 0.0745426 -0.0108277
internal_weight=806.172 311.073 13.7475 297.325 495.099 18.2326 476.866 470.8 7.6983 463.101 48.0763 18.6419 13.8369 415.025 401.206 236.515 164.691 223.48 208.997 115.136 14.4834 81.271 73.0612 8.20973 159.448 68.6887 30.5362 12.5915 13.0347 93.861
internal_count=4906 1990 82 1908 2916 103 2813 2780 52 2728 281 128 93 2447 2369 1375 994 1304 1218 662 86 458 412 46 958 387 191 107 71 556
is_linear=0
shrinkage=0.1


Tree=30
num_leaves=31
num_cat=0
split_feature=8 114 105 13 151 39 26 36 167 19 12 133 61 108 83 139 99 13 83 14 15 9 0 6 0 15 83 13 0 14
split_gain=3.29927 2.90744 2.74677 5.36936 2.98938 5.99887 4.2289 5.97038 4.22416 4.21124 4.2737 4.03093 3.96013 4.61598 4.9334 4.28167 3.88087 3.36639 4.0093 3.03849 2.90764 3.17222 3.29006 3.92745 2.8334 2.7776 4.39275 4.63504 2.9403 2.82073
threshold=1.0000000180025095e-35 1.0000000180025095e-35 1.0000000180025095e-35 1.0000000180025095e-35 1.0000000180025095e-35 1.0000000180025095e-35 1.0000000180025095e-35 1.0000000180025095e-35 1.0000000180025095e-35 1.0000000180025095e-35 1.0000000180025095e-35 1.0000000180025095e-35 1.0000000180025095e-35 1.0000000180025095e-35 1.0000000180025095e-35 1.0000000180025095e-35 1.0000000180025095e-35 1.0000000180025095e-35 1.0000000180025095e-35 1.0000000180025095e-35 1.0000000180025095e-35 1.0000000180025095e-35 9.0047912597656268 1.0000000180025095e-35 14.528405189514162 1.0000000180025095e-35 1.0000000180025095e-35 1.0000000180025095e-35 15.132101058959963 1.0000000180025095e-35
decision_type=2 2 2 2 2 2 2 2 2 2 2 2 2 2 2 2 2 2 2 2 2 2 2 2 2 2 2 2 2 2
left_child=1 -1 4 -4 6 -6 7 17 9 10 12 19 15 14 16 25 -14 18 20 -9 21 22 -2 -24 -22 26 27 -8 -27 -29
right_child=2 -3 3 -5 5 -7 8 11 -10 -11 -12 -13 13 -15 -16 -17 -18 -19 -20 -21 24 -23 23 -25 -26 28 -28 29 -30 -31
leaf_value=0.0047614522586037038 0.053917861650841836 -0.072231571770943484 -0.10850474114698649 0.034056779623746723 -0.0061515105820830413 0.15414400514029505 -0.02958146172570494 -0.12397184369152797 0.089644825619568713 -0.094645332089156056 -0.023664699629079081 0.010667923845339267 0.056720336903164463 -0.057643808247303363 -0.045293036883269279 0.11143146892437848 0.15874860044012529 -0.041136855651252933 -0.071461599373944279 -0.042438664001432827 -0.043514198022435911 0.070495885555995647 -0.083920006555000579 0.055463579287196821 0.050287725217568302 -0.048769016427488127 0.11984445649899322 0.096486387105228263 0.0584963956527534 -0.0046658499118413374
leaf_weight=536.35858195275068 7.1920269057154682 4.9499079510569564 7.3712232373654825 4.1177469342947006 7.4808313287794572 3.3938606120646 19.534502610564232 11.032477445900446 5.2472224757075301 4.7152500823140135 44.118024993687868 5.0180499739944926 13.513612750917682 3.5933935120701781 3.4503459967672816 3.2826058492064467 5.1484463587403289 26.084341011941433 6.3667755387723437 7.8039545007050029 12.629493951797487 12.496922343969347 5.9722394086420518 3.0559942573308945 4.3222993537783614 18.68878568336368 3.3833611570298663 6.1610078662633914 2.9602574519813052 4.9894314892590046
leaf_count=2935 46 30 51 30 53 23 140 81 37 29 360 31 97 23 25 24 38 199 47 64 93 85 47 22 29 135 23 46 19 44
internal_value=-0.000407609 0.0040574 -0.00959318 -0.0574095 -0.00741002 0.0438748 -0.00972646 -0.0251878 0.00163395 -0.00182431 0.00157315 -0.0689755 0.014718 0.0474754 0.0645578 0.000445893 0.0848677 -0.011817 0.00288038 -0.0901926 0.0132445 0.0326309 0.0034577 -0.0367396 -0.019597 -0.00609286 0.0117056 -0.000217882 -0.0341017 0.0512243
internal_weight=804.433 541.308 263.124 11.489 251.636 10.8747 240.761 101.975 138.786 133.539 128.824 23.8545 84.7058 25.7058 22.1124 59 18.6621 78.1201 52.0358 18.8364 45.669 28.7172 16.2203 9.02823 16.9518 55.7173 34.0683 30.6849 21.649 11.1504
internal_count=4906 2965 1941 81 1860 76 1784 744 1040 1003 974 176 614 183 160 431 135 568 369 145 322 200 115 69 122 407 253 230 154 90
is_linear=0
shrinkage=0.1


Tree=31
num_leaves=31
num_cat=0
split_feature=16 178 29 199 150 7 214 0 6 151 14 141 17 1 63 0 1 0 0 54 67 0 1 1 1 11 55 9 0 0
split_gain=2.96343 2.92463 2.76263 3.848 2.59578 2.65775 2.16347 2.2366 3.37228 2.90128 3.51001 2.17939 2.73492 2.26738 2.56715 2.31839 3.80598 6.19438 3.22828 2.1992 3.6216 2.58902 4.01174 3.50811 2.60314 2.96353 2.45148 2.45585 3.19795 4.14892
threshold=1.0000000180025095e-35 1.0000000180025095e-35 1.0000000180025095e-35 1.0000000180025095e-35 1.0000000180025095e-35 1.0000000180025095e-35 1.0000000180025095e-35 2.6105407476425175 1.0000000180025095e-35 1.0000000180025095e-35 1.0000000180025095e-35 1.0000000180025095e-35 1.0000000180025095e-35 0.97049206495285045 1.0000000180025095e-35 17.100615501403812 0.72499811649322521 15.924708843231203 16.286105155944828 1.0000000180025095e-35 1.0000000180025095e-35 14.054756641387941 -0.10852536559104918 0.64194995164871227 -0.39508707821369166 1.0000000180025095e-35 1.0000000180025095e-35 1.0000000180025095e-35 13.030800819396974 4.7556469440460214
decision_type=2 2 2 2 2 2 2 2 2 2 2 2 2 2 2 2 2 2 2 2 2 2 2 2 2 2 2 2 2 2
left_child=4 2 -2 -4 5 6 7 8 -1 11 -11 12 -9 14 15 16 19 -18 -19 26 -21 22 24 -23 -22 -26 27 -14 29 -29
right_child=1 -3 3 -5 -6 -7 -8 9 -10 10 -12 -13 13 -15 -16 -17 17 18 -20 20 21 23 -24 -25 25 -27 -28 28 -30 -31
leaf_value=0.089792523825917347 0.062910938615226092 0.065168396003085619 0.0045281311763421201 -0.094537287871737971 -0.089438552789332035 0.0010574676425826389 0.066244255846145392 -0.11446588466495891 -0.032802373687690761 -0.0098854857657941306 0.15077712428720466 0.059534473233396994 -0.052740286854837393 0.060390876347259918 -0.09479488843335615 -0.082961825941631095 0.15322884560361874 -0.11318191030525145 0.030946148745558157 0.013583063411846598 -0.036569038046584505 0.13470404815779163 -0.077009979123981373 -0.05789835577134822 -0.024729862812397103 0.13902000275271192 -0.06955224247440181 -0.045676456576676933 -0.11606853607503549 0.048942375484314349
leaf_weight=4.7364980578422529 7.9843468517065039 8.182556100189684 358.26705077290535 3.9643363356590262 3.7078078500926486 253.66986948251724 3.2019152306020251 3.2694953195750704 4.2634629756212234 3.6693269908428183 2.1604474484920502 3.1887587718665591 16.824206218123436 3.2665367610752574 4.9264471083879462 5.8346496708691111 3.2720567733049375 2.2105449922382832 5.2331800162792206 30.850922014564276 7.5246836133301258 1.9902663417160504 16.339391365647327 1.8018662780523298 2.1340423673391253 2.292490940541029 17.197710420936346 7.7035430632531705 2.1972248628735533 11.631449505686758
leaf_count=38 38 39 1852 20 28 1208 29 35 33 40 20 28 222 29 52 60 26 25 54 306 83 21 192 20 21 22 189 66 21 89
internal_value=-0.00040343 0.00603346 0.00472645 0.00344394 -0.00613317 -0.00540017 -0.015167 -0.0167515 0.0317168 -0.0195564 0.0496542 -0.0222518 -0.024032 -0.0219677 -0.0238898 -0.021303 -0.0185186 0.0385531 -0.0118552 -0.0236801 -0.01088 -0.0344038 -0.0448042 0.0431873 -0.000773387 0.0600758 -0.0381804 -0.0241144 -0.00174754 0.0112439
internal_weight=803.497 378.398 370.216 362.231 425.099 421.391 167.721 164.519 8.99996 155.519 5.82977 149.689 146.501 143.231 139.965 135.038 129.204 10.7158 7.44373 118.488 62.9337 32.0827 28.2906 3.79213 11.9512 4.42653 55.5541 38.3564 21.5322 19.335
internal_count=4906 1949 1910 1872 2957 2929 1721 1692 71 1621 60 1561 1533 1498 1469 1417 1357 105 79 1252 665 359 318 41 126 43 587 398 176 155
is_linear=0
shrinkage=0.1


Tree=32
num_leaves=31
num_cat=0
split_feature=10 307 237 150 272 41 12 16 80 98 79 139 55 6 34 0 9 0 128 0 53 0 129 6 113 137 11 14 16 26
split_gain=2.87317 4.46976 3.15805 2.82099 2.42214 2.29689 3.19063 4.49042 4.05096 3.46917 3.17894 2.93725 3.33309 4.47194 3.39735 5.87163 2.70658 3.61568 2.78926 4.06133 2.67723 4.18642 2.51939 2.38641 3.24804 3.09743 3.09272 3.15034 6.08432 2.84838
threshold=1.0000000180025095e-35 1.0000000180025095e-35 1.0000000180025095e-35 1.0000000180025095e-35 1.0000000180025095e-35 1.0000000180025095e-35 1.0000000180025095e-35 1.0000000180025095e-35 1.0000000180025095e-35 1.0000000180025095e-35 1.0000000180025095e-35 1.0000000180025095e-35 1.0000000180025095e-35 1.0000000180025095e-35 1.0000000180025095e-35 13.661875724792482 1.0000000180025095e-35 2.5407255887985234 1.0000000180025095e-35 4.3846678733825692 1.0000000180025095e-35 11.623545169830324 1.0000000180025095e-35 1.0000000180025095e-35 1.0000000180025095e-35 1.0000000180025095e-35 1.0000000180025095e-35 1.0000000180025095e-35 1.0000000180025095e-35 1.0000000180025095e-35
decision_type=2 2 2 2 2 2 2 2 2 2 2 2 2 2 2 2 2 2 2 2 2 2 2 2 2 2 2 2 2 2
left_child=1 3 5 4 -1 6 8 9 16 10 11 12 -8 14 15 22 23 -18 19 -19 21 -7 -14 24 29 26 27 28 -25 -2
right_child=2 -3 -4 -5 -6 20 7 -9 -10 -11 -12 -13 13 -15 -16 -17 17 18 -20 -21 -22 -23 -24 25 -26 -27 -28 -29 -30 -31
leaf_value=0.0047020862760628083 -0.056158696482018169 0.11134671685958884 0.092724277128806376 -0.072524011115809917 -0.069061177208232447 -0.071280697403414056 -0.066562455561495079 0.0029547438707954905 -0.054649951577373901 -0.11053723038650282 0.048608588873200589 -0.12859378369248267 -0.087230088663497019 -0.071674834654599964 0.12849124596163283 0.111630498488674 -0.10214149167509268 -0.086619620155954799 0.090692366116269657 0.025223811918942157 -0.11049816415591132 0.014492256080766203 0.01883814673879498 0.12895748618075734 0.069051401981232177 0.11830923004610641 -0.035549015509512234 -0.024235680550719799 -0.010135479863961253 -0.0063474650213336667
leaf_weight=497.13340429216623 19.136918138712645 3.8584566265344611 3.0605491995811454 4.8587074987590304 4.4918499588966361 10.247044216841465 16.123933542519808 42.95505840331316 11.768997859209774 6.2516751512885085 4.5077516920864573 3.4191068895161143 5.0455398857593554 7.2323583513498297 2.5768537968397132 3.5443457812070838 2.3044378757476798 3.4430295452475539 5.9348199144005767 56.949116915464401 4.1956662237644187 12.796619888395069 4.0263974964618683 6.3463717401027697 3.8628026954829684 2.6771429292857638 11.259984701871874 6.8532692901790133 6.2340727970004082 28.692139752209187
leaf_count=2812 135 20 25 28 27 74 138 242 88 52 41 30 47 69 17 24 13 19 34 346 32 86 30 46 29 18 85 56 42 201
internal_value=-0.000399844 0.00412391 -0.00832125 0.00330707 0.00404157 -0.00939362 -0.00651132 -0.0210468 0.00189418 -0.0405998 -0.0311922 -0.0397635 -0.0318848 -0.0069515 0.0238586 0.00248758 0.006224 0.0209977 0.025276 0.0188475 -0.0370265 -0.0236492 -0.0401538 -0.00569594 -0.0191538 0.0151504 0.00615279 0.030315 0.0600318 -0.0262775
internal_weight=801.788 510.342 291.446 506.484 501.625 288.385 261.146 95.683 165.463 52.728 46.4763 41.9685 38.5494 22.4255 15.1931 12.6163 153.694 68.6314 66.327 60.3921 27.2393 23.0437 9.07194 85.0627 51.6919 33.3708 30.6937 19.4337 12.5804 47.8291
internal_count=4906 2887 2019 2867 2839 1994 1802 690 1112 448 396 355 325 187 118 101 1024 412 399 365 192 160 77 612 365 247 229 144 88 336
is_linear=0
shrinkage=0.1


Tree=33
num_leaves=31
num_cat=0
split_feature=8 62 35 47 1 67 22 5 26 0 6 82 0 1 0 7 13 12 1 1 10 57 67 94 0 87 14 39 6 0
split_gain=2.74729 2.46302 4.77524 3.62116 5.83676 4.00443 7.8689 3.67447 6.88847 3.12803 2.59159 7.94406 7.9907 8.40121 6.25524 2.58659 2.5457 3.29156 2.45554 3.94251 2.4546 4.89452 3.40428 3.42282 3.37162 3.21661 2.84845 2.68274 2.92032 3.84708
threshold=1.0000000180025095e-35 1.0000000180025095e-35 1.0000000180025095e-35 1.0000000180025095e-35 -0.37987679243087763 1.0000000180025095e-35 1.0000000180025095e-35 1.0000000180025095e-35 1.0000000180025095e-35 13.419575691223146 1.0000000180025095e-35 1.0000000180025095e-35 3.1252566576004033 -0.69655486941337574 5.07460641860962 1.0000000180025095e-35 1.0000000180025095e-35 1.0000000180025095e-35 -0.29652445018291468 -0.17484219372272489 1.0000000180025095e-35 1.0000000180025095e-35 1.0000000180025095e-35 1.0000000180025095e-35 4.0561258792877206 1.0000000180025095e-35 1.0000000180025095e-35 1.0000000180025095e-35 1.0000000180025095e-35 3.7686516046524052
decision_type=2 2 2 2 2 2 2 2 2 2 2 2 2 2 2 2 2 2 2 2 2 2 2 2 2 2 2 2 2 2
left_child=1 3 20 4 5 6 -1 -6 -9 -10 11 12 13 -7 15 -14 -12 -18 -4 -20 21 -3 23 24 -23 -22 -25 28 -24 -30
right_child=-2 2 18 -5 7 10 -8 8 9 -11 16 -13 14 -15 -16 -17 17 -19 19 -21 25 22 27 26 -26 -27 -28 -29 29 -31
leaf_value=-0.072249555174178623 -0.0088180499211061424 -0.091294880256911293 -0.045673808968458837 -0.0064329602921918728 0.024296821161064346 0.016594858459213265 0.077030493787526799 0.14112894210903454 0.070372472272660663 -0.024823464087271443 -0.034327308116892857 0.17069733732528003 -0.11184411362340119 0.17497125872758915 0.087868150153630975 -0.023410195689641665 0.064691194634246316 -0.044681890586227235 0.079438423583298307 0.015418265662393772 -0.02454136520132932 0.10816352250241404 -0.024816328132595281 0.013496667247263009 0.021235910551816183 0.051129075271178208 -0.077986222756392831 -0.081169057079877441 0.10645662582900035 0.0027189534222001009
leaf_weight=14.377276297658684 260.83627103082836 5.6976521834731093 4.7688422426581374 69.336927611380816 32.147837959229946 9.457584895193575 4.6807000823318949 9.6888716295361519 8.5602491088211519 5.7839335538446912 14.927679508924484 3.8171919435262671 5.4568808302283296 5.1859150156378737 3.7159312516450873 8.3965992629528046 8.0329154878854734 4.1851302981376657 12.208697337657211 45.351961184293032 92.90607276558876 4.8215933218598357 41.660973183810711 7.656805217266081 59.81700100004673 5.9790560863912097 6.1270518600940704 5.082733951508998 3.9690176621079436 35.996421985328197
leaf_count=80 1941 33 27 373 172 49 27 48 45 32 81 19 39 24 20 36 39 23 70 243 610 23 217 37 296 36 30 28 20 188
internal_value=-0.000391171 0.00368081 -0.0016623 0.0122205 0.0215648 0.00459155 -0.0355859 0.046409 0.0759874 0.0319871 0.0167117 0.034292 0.0181281 0.072683 -0.0273415 -0.0582443 -0.00662232 0.0272269 0.023284 0.028997 -0.00742724 -0.00016914 0.00297504 0.0180727 0.0277201 -0.019966 -0.0271683 -0.0106798 -0.00629051 0.0130213
internal_weight=800.632 539.796 332.044 207.752 138.415 82.2338 19.058 56.1809 24.0331 14.3442 63.1758 36.0301 32.2129 14.6435 17.5694 13.8535 27.1457 12.218 62.3295 57.5607 269.714 170.829 165.132 78.4225 64.6386 98.8851 13.7839 86.7091 81.6264 39.9654
internal_count=4906 2965 1858 1107 734 437 107 297 125 77 330 187 168 73 95 75 143 62 340 313 1518 872 839 386 319 646 67 453 425 208
is_linear=0
shrinkage=0.1


Tree=34
num_leaves=31
num_cat=0
split_feature=212 8 177 114 192 26 151 36 133 19 14 105 16 1 1 0 68 0 11 13 140 13 302 22 81 0 5 6 12 0
split_gain=2.69273 2.58459 3.65617 2.36086 2.30269 2.86206 4.13893 4.00557 3.54033 3.15555 3.12824 3.00151 3.22152 4.54952 3.87392 3.71704 2.7955 3.7834 2.75696 2.73726 2.71411 2.42628 2.28307 2.24444 2.87062 7.73653 3.9432 5.5163 4.31222 3.65177
threshold=1.0000000180025095e-35 1.0000000180025095e-35 1.0000000180025095e-35 1.0000000180025095e-35 1.0000000180025095e-35 1.0000000180025095e-35 1.0000000180025095e-35 1.0000000180025095e-35 1.0000000180025095e-35 1.0000000180025095e-35 1.0000000180025095e-35 1.0000000180025095e-35 1.0000000180025095e-35 0.57973989844322216 0.90113317966461193 13.474332809448244 1.0000000180025095e-35 14.109513759613039 1.0000000180025095e-35 1.0000000180025095e-35 1.0000000180025095e-35 1.0000000180025095e-35 1.0000000180025095e-35 1.0000000180025095e-35 1.0000000180025095e-35 10.658453464508058 1.0000000180025095e-35 1.0000000180025095e-35 1.0000000180025095e-35 7.9493498802185067
decision_type=2 2 2 2 2 2 2 2 2 2 2 2 2 2 2 2 2 2 2 2 2 2 2 2 2 2 2 2 2 2
left_child=1 3 4 22 5 6 7 -3 10 11 -9 12 13 15 19 20 23 -18 -12 -15 -7 -13 -1 24 26 29 27 -14 -28 -26
right_child=-2 2 -4 -5 -6 9 -8 8 -10 -11 18 21 16 14 -16 -17 17 -19 -20 -21 -22 -23 -24 -25 25 -27 28 -29 -30 -31
leaf_value=0.0031966389942948512 0.075020782721095622 -0.014841434207076683 -0.09615135019454675 -0.067519523134886628 0.083361149997715975 -0.01911633773121129 0.06536127500363545 -0.11995350086067325 0.011079504228532889 -0.076218075190018719 -0.085254870206518563 -0.10965209062660884 0.01164170812856747 0.11429394167387839 -0.061852436403286692 -0.12186171646659166 0.042748668766884441 -0.07493799196152702 0.040751072269744705 0.00098951994251130003 0.072014643158542835 0.011501287094939083 0.081349841952383692 -0.041003639926518655 0.060193132564806406 0.18105290739415419 0.016321100711219935 0.1255142639511759 -0.1140351989139456 -0.062374051470813423
leaf_weight=528.3555387146771 4.7090296335518351 73.830688998103142 4.7321763038635245 4.6889776028692713 2.7627683654427519 52.56129140406847 5.2182506918907157 10.222109388560062 4.9975660294294348 5.1845952570438376 4.2575941011309615 4.1336045935749999 14.006708435714247 6.4181429184973222 2.5565212070941916 3.3517423607408992 4.8847871199250203 6.1973375007510185 2.9322740845382214 3.1928708590567112 3.4847702346742144 2.7544839940965176 3.764510352164506 3.8923683166503897 10.297567889094354 4.6330894604325286 7.5616160631179827 6.1097866371273986 3.8195115178823471 3.1819608137011519
leaf_count=2905 29 547 33 30 21 484 37 81 31 34 36 30 80 47 23 33 29 38 26 34 27 21 19 22 60 24 45 37 22 21
internal_value=-0.000374897 -0.00082206 -0.00906503 0.00312701 -0.00743256 -0.00843721 -0.021378 -0.0260811 -0.0631113 0.000420744 -0.0844054 0.00319861 0.00645686 -0.008156 0.0475517 -0.0195676 0.0226491 -0.023064 -0.0338653 0.0766531 -0.0134501 -0.061204 0.00374954 0.0321178 0.0378548 0.0695761 0.0196136 0.0462271 -0.0274265 0.0312601
internal_weight=798.694 793.985 257.176 536.809 252.444 249.681 101.458 96.2402 22.4095 148.223 17.412 143.038 136.15 71.5653 12.1675 59.3978 64.5847 11.0821 7.18987 9.61101 56.0461 6.88809 532.12 53.5026 49.6102 18.1126 31.4976 20.1165 11.3811 13.4795
internal_count=4906 4877 1923 2954 1890 1869 758 721 174 1111 143 1077 1026 648 104 544 378 67 62 81 511 51 2924 311 289 105 184 117 67 81
is_linear=0
shrinkage=0.1


Tree=35
num_leaves=31
num_cat=0
split_feature=7 0 153 11 116 9 79 67 11 140 81 91 5 11 1 0 81 138 139 94 67 0 126 132 16 8 99 69 67 6
split_gain=2.53031 2.33704 2.3095 4.20258 2.50567 2.11249 2.74991 3.62463 2.90754 2.79761 5.64077 3.1942 6.10864 2.62359 4.51582 4.97476 6.4784 3.81565 2.72914 2.66855 5.16663 2.50787 2.50394 2.36283 3.5037 3.35332 2.78948 4.62965 2.75352 3.35509
threshold=1.0000000180025095e-35 2.088980078697205 1.0000000180025095e-35 1.0000000180025095e-35 1.0000000180025095e-35 1.0000000180025095e-35 1.0000000180025095e-35 1.0000000180025095e-35 1.0000000180025095e-35 1.0000000180025095e-35 1.0000000180025095e-35 1.0000000180025095e-35 1.0000000180025095e-35 1.0000000180025095e-35 -0.46444596350193018 3.1252566576004033 1.0000000180025095e-35 1.0000000180025095e-35 1.0000000180025095e-35 1.0000000180025095e-35 1.0000000180025095e-35 14.205338954925539 1.0000000180025095e-35 1.0000000180025095e-35 1.0000000180025095e-35 1.0000000180025095e-35 1.0000000180025095e-35 1.0000000180025095e-35 1.0000000180025095e-35 1.0000000180025095e-35
decision_type=2 2 2 2 2 2 2 2 2 2 2 2 2 2 2 2 2 2 2 2 2 2 2 2 2 2 2 2 2 2
left_child=1 -1 4 -4 5 6 9 -8 -9 11 21 13 -13 17 15 -15 -17 23 19 -16 -21 -11 -7 24 -3 -25 28 -28 -26 -30
right_child=-2 2 3 -5 -6 22 7 8 -10 10 -12 12 -14 14 18 16 -18 -19 -20 20 -22 -23 -24 25 26 -27 27 -29 29 -31
leaf_value=0.074221591665226891 0.0049406084222709274 -0.038661499830645422 -0.015942218798613256 0.13513950606213174 -0.086564557449947899 -0.0011132177329754311 -0.10913162702193145 -0.071760581697416601 0.049463726132970988 -0.03887519905244715 0.12645919177690371 0.16789005751381647 -0.055572943601471192 -0.056959929213035679 -0.048785902674351622 -0.0088469285120100685 0.16234316852731256 -0.09582311305258423 -0.12247304222886975 -0.07613287980326626 0.13785164128858149 0.077583805957042187 0.091461956122940433 0.076075592457962485 -0.039657699006531252 -0.047918476535036426 0.12594271231184867 -0.026253557970202509 -0.021807201034039374 0.052181042480086093
leaf_weight=3.5662926733493796 422.34643742442131 24.543670078739524 4.3771599046885958 3.1778677999973297 4.0403855331242076 173.29215558245778 6.904238894581793 3.8831896632909775 4.0338715054094791 7.5296375788748247 4.3241775482892981 2.63460749387741 2.2836398668587208 5.8998835273087016 39.541272278875113 5.435340113937853 3.7259958311915398 4.5211978182196608 4.4703282713890067 2.2252820171415797 2.2890044674277306 2.4509987682104111 2.9717961438000193 7.9032609499990922 13.456626296043394 3.0124387294054031 4.6907913237810117 3.4825028851628304 11.799102902412415 12.753335885703564
leaf_count=20 1940 335 28 20 31 1185 66 37 41 56 31 22 21 48 387 51 32 47 40 21 19 18 20 56 90 36 26 21 80 81
internal_value=-0.000368379 -0.00634416 -0.00711725 0.0476072 -0.00825277 -0.007374 -0.0148751 -0.0561759 -0.00999482 -0.0112525 0.0310576 -0.0151656 0.0641318 -0.01777 -0.0331778 0.0146566 0.0607776 -0.00639922 -0.0480244 -0.0404701 0.0323697 -0.0102757 0.000447592 -0.00144706 -0.00813044 0.0418566 0.00809532 0.0610944 -0.00330137 0.0166247
internal_weight=797.566 375.22 371.654 7.55503 364.099 360.058 183.794 14.8213 7.91706 168.973 14.3048 154.668 4.91825 149.75 63.5871 15.0612 9.16134 86.1629 48.5259 44.0556 4.51429 9.98064 176.264 81.6417 70.726 10.9157 46.1824 8.17329 38.0091 24.5524
internal_count=4906 2966 2946 48 2898 2867 1662 144 78 1518 105 1413 43 1370 598 131 83 772 467 427 40 74 1205 725 633 92 298 47 251 161
is_linear=0
shrinkage=0.1


end of trees

feature_importances:
Column_0=144
Column_10=67
Column_8=50
Column_16=48
Column_9=46
Column_1=40
Column_67=37
Column_12=36
Column_7=35
Column_13=26
Column_6=23
Column_14=23
Column_15=23
Column_11=18
Column_5=16
Column_26=16
Column_81=16
Column_61=13
Column_63=10
Column_68=10
Column_87=10
Column_108=10
Column_128=10
Column_140=10
Column_49=9
Column_55=9
Column_93=9
Column_94=9
Column_102=9
Column_53=8
Column_83=8
Column_99=8
Column_35=7
Column_73=7
Column_132=7
Column_21=6
Column_36=6
Column_41=6
Column_42=6
Column_62=6
Column_64=6
Column_74=6
Column_79=6
Column_82=6
Column_129=6
Column_139=6
Column_151=6
Column_22=5
Column_39=5
Column_50=5
Column_57=5
Column_69=5
Column_70=5
Column_153=5
Column_178=5
Column_48=4
Column_78=4
Column_84=4
Column_86=4
Column_91=4
Column_114=4
Column_133=4
Column_150=4
Column_167=4
Column_177=4
Column_232=4
Column_17=3
Column_23=3
Column_33=3
Column_54=3
Column_80=3
Column_95=3
Column_97=3
Column_98=3
Column_105=3
Column_127=3
Column_134=3
Column_137=3
Column_141=3
Column_307=3
Column_19=2
Column_25=2
Column_28=2
Column_31=2
Column_37=2
Column_46=2
Column_65=2
Column_77=2
Column_101=2
Column_104=2
Column_113=2
Column_168=2
Column_214=2
Column_302=2
Column_24=1
Column_27=1
Column_29=1
Column_34=1
Column_40=1
Column_43=1
Column_44=1
Column_45=1
Column_47=1
Column_51=1
Column_56=1
Column_71=1
Column_92=1
Column_116=1
Column_118=1
Column_126=1
Column_138=1
Column_146=1
Column_155=1
Column_156=1
Column_192=1
Column_199=1
Column_205=1
Column_212=1
Column_237=1
Column_272=1
Column_282=1

parameters:
[boosting: gbdt]
[objective: binary]
[metric: binary_logloss]
[tree_learner: serial]
[device_type: cpu]
[data_sample_strategy: bagging]
[data: ]
[valid: ]
[num_iterations: 300]
[learning_rate: 0.1]
[num_leaves: 31]
[num_threads: 0]
[seed: 0]
[deterministic: 0]
[force_col_wise: 0]
[force_row_wise: 0]
[histogram_pool_size: -1]
[max_depth: -1]
[min_data_in_leaf: 20]
[min_sum_hessian_in_leaf: 0.001]
[bagging_fraction: 1]
[pos_bagging_fraction: 1]
[neg_bagging_fraction: 1]
[bagging_freq: 0]
[bagging_seed: 7719]
[bagging_by_query: 0]
[feature_fraction: 1]
[feature_fraction_bynode: 1]
[feature_fraction_seed: 2437]
[extra_trees: 0]
[extra_seed: 11797]
[early_stopping_round: 0]
[early_stopping_min_delta: 0]
[first_metric_only: 0]
[max_delta_step: 0]
[lambda_l1: 0]
[lambda_l2: 0]
[linear_lambda: 0]
[min_gain_to_split: 0]
[drop_rate: 0.1]
[max_drop: 50]
[skip_drop: 0.5]
[xgboost_dart_mode: 0]
[uniform_drop: 0]
[drop_seed: 21238]
[top_rate: 0.2]
[other_rate: 0.1]
[min_data_per_group: 100]
[max_cat_threshold: 32]
[cat_l2: 10]
[cat_smooth: 10]
[max_cat_to_onehot: 4]
[top_k: 20]
[monotone_constraints: ]
[monotone_constraints_method: basic]
[monotone_penalty: 0]
[feature_contri: ]
[forcedsplits_filename: ]
[refit_decay_rate: 0.9]
[cegb_tradeoff: 1]
[cegb_penalty_split: 0]
[cegb_penalty_feature_lazy: ]
[cegb_penalty_feature_coupled: ]
[path_smooth: 0]
[interaction_constraints: ]
[verbosity: -1]
[saved_feature_importance_type: 0]
[use_quantized_grad: 0]
[num_grad_quant_bins: 4]
[quant_train_renew_leaf: 0]
[stochastic_rounding: 1]
[linear_tree: 0]
[max_bin: 255]
[max_bin_by_feature: ]
[min_data_in_bin: 3]
[bin_construct_sample_cnt: 200000]
[data_random_seed: 38]
[is_enable_sparse: 1]
[enable_bundle: 1]
[use_missing: 1]
[zero_as_missing: 0]
[feature_pre_filter: 1]
[pre_partition: 0]
[two_round: 0]
[header: 0]
[label_column: ]
[weight_column: ]
[group_column: ]
[ignore_column: ]
[categorical_feature: ]
[forcedbins_filename: ]
[precise_float_parser: 0]
[parser_config_file: ]
[objective_seed: 8855]
[num_class: 1]
[is_unbalance: 0]
[scale_pos_weight: 1]
[sigmoid: 1]
[boost_from_average: 1]
[reg_sqrt: 0]
[alpha: 0.9]
[fair_c: 1]
[poisson_max_delta_step: 0.7]
[tweedie_variance_power: 1.5]
[lambdarank_truncation_level: 30]
[lambdarank_norm: 1]
[label_gain: ]
[lambdarank_position_bias_regularization: 0]
[eval_at: ]
[multi_error_top_k: 1]
[auc_mu_weights: ]
[num_machines: 1]
[local_listen_port: 12400]
[time_out: 120]
[machine_list_filename: ]
[machines: ]
[gpu_platform_id: -1]
[gpu_device_id: -1]
[gpu_device_id_list: ]
[gpu_use_dp: 0]
[num_gpu: 1]

end of parameters

pandas_categorical:null
